tag,framework_aligned_H1_rmsd,framework_aligned_H2_rmsd,framework_aligned_H3_rmsd,framework_aligned_L1_rmsd,framework_aligned_L2_rmsd,framework_aligned_L3_rmsd,framework_aligned_antibody_rmsd,framework_aligned_cdr_rmsd,interaction_pae,pae,pred_lddt,target_aligned_antibody_rmsd,target_aligned_cdr_rmsd
design_0000,0.72,0.55,9.99,nan,nan,nan,3.19,6.94,14.71,8.39,0.85,20.71,20.69
design_0001,0.48,0.69,0.83,nan,nan,nan,0.46,0.71,15.7,8.08,0.9,10.39,8.23
design_0002,0.6,0.47,0.69,nan,nan,nan,0.43,0.62,16.42,8.46,0.9,17.79,18.49
design_0003,0.66,0.51,8.71,nan,nan,nan,2.79,6.05,12.97,7.53,0.85,7.38,10.99
design_0004,0.43,0.77,0.96,nan,nan,nan,0.49,0.8,16.24,8.3,0.9,14.54,13.86
design_0005,0.71,0.5,8.28,nan,nan,nan,2.65,5.75,14.97,8.44,0.86,20.47,20.15
design_0006,0.41,0.67,1.06,nan,nan,nan,0.5,0.83,15.12,7.75,0.91,17.79,18.8
design_0007,0.66,0.51,8.2,nan,nan,nan,2.63,5.7,15.23,8.6,0.86,18.95,18.23
design_0008,0.37,0.89,0.83,nan,nan,nan,0.46,0.72,9.91,5.63,0.88,3.14,3.74
design_0009,0.38,0.7,0.98,nan,nan,nan,0.47,0.72,10.63,5.91,0.88,7.1,7.85
design_0010,0.34,2.44,1.02,nan,nan,nan,0.72,1.5,10.15,5.7,0.88,6.64,7.66
design_0011,0.4,0.76,0.79,nan,nan,nan,0.46,0.66,9.71,5.52,0.88,3.91,5.07
design_0012,0.52,0.73,1.28,nan,nan,nan,0.49,0.89,13.73,7.34,0.89,14.85,8.81
design_0013,0.49,2.74,1.85,nan,nan,nan,0.87,1.88,5.74,3.74,0.87,1.62,2.17
design_0014,0.27,0.42,1.03,nan,nan,nan,0.44,0.65,5.93,3.76,0.88,2.43,2.33
design_0015,0.39,0.52,1.09,nan,nan,nan,0.5,0.72,9.23,5.28,0.88,3.8,4.61
design_0016,0.59,1.28,1.26,nan,nan,nan,0.58,1.06,12.78,7.09,0.87,22.65,21.42
design_0017,0.66,1.24,1.17,nan,nan,nan,0.57,1.03,11.45,6.44,0.88,23.6,22.95
design_0018,0.84,1.26,1.07,nan,nan,nan,0.59,1.06,14.2,7.65,0.88,22.43,18.72
design_0019,0.67,1.2,0.97,nan,nan,nan,0.56,0.96,13.82,7.52,0.88,19.92,12.53
design_0020,0.57,1.31,1.17,nan,nan,nan,0.58,1.04,10.93,6.18,0.88,23.35,21.72
design_0021,0.7,1.32,1.13,nan,nan,nan,0.58,1.06,12.14,6.75,0.88,22.74,21.67
design_0022,0.5,1.36,1.71,nan,nan,nan,0.63,1.23,12.38,6.9,0.87,22.28,21.26
design_0023,0.5,1.29,1.26,nan,nan,nan,0.58,1.04,11.61,6.56,0.87,23.16,21.13
design_0024,0.51,0.73,1.77,nan,nan,nan,0.65,1.23,12.54,6.72,0.89,25.33,22.67
design_0025,0.84,1.51,1.68,nan,nan,nan,0.73,1.41,16.48,8.64,0.88,29.38,11.98
design_0026,0.76,0.79,1.61,nan,nan,nan,0.64,1.19,12.3,6.62,0.89,25.1,23.17
design_0027,0.73,0.73,1.61,nan,nan,nan,0.63,1.17,15.26,7.96,0.9,33.93,17.21
design_0028,0.66,0.66,1.62,nan,nan,nan,0.62,1.15,12.64,6.77,0.89,25.27,22.2
design_0029,0.76,0.79,1.54,nan,nan,nan,0.63,1.15,15.57,8.13,0.89,41.81,16.34
design_0030,0.46,0.73,1.49,nan,nan,nan,0.6,1.06,11.36,6.22,0.88,2.71,2.17
design_0031,0.65,1.52,1.42,nan,nan,nan,0.65,1.26,10.72,5.99,0.88,3.05,2.04
design_0032,0.98,0.75,0.84,nan,nan,nan,0.54,0.86,14.95,7.9,0.89,14.46,16.46
design_0033,0.53,0.63,1.06,nan,nan,nan,0.51,0.85,15.88,8.21,0.9,21.31,22.37
design_0034,0.81,0.43,0.79,nan,nan,nan,0.49,0.73,14.91,7.77,0.9,11.8,11.87
design_0035,0.89,0.6,1.19,nan,nan,nan,0.57,1.0,14.82,7.74,0.9,22.83,20.35
design_0036,0.89,0.49,1.33,nan,nan,nan,0.61,1.06,15.27,8.02,0.89,11.48,11.59
design_0037,0.63,0.71,0.96,nan,nan,nan,0.51,0.82,14.81,7.72,0.9,22.86,18.85
design_0038,0.88,0.59,0.86,nan,nan,nan,0.51,0.81,14.88,7.78,0.9,21.92,22.19
design_0039,0.62,0.39,0.95,nan,nan,nan,0.49,0.76,15.6,8.08,0.9,21.67,12.79
design_0040,0.98,0.9,0.9,nan,nan,nan,0.58,0.93,6.87,4.29,0.87,3.99,4.44
design_0041,0.74,1.01,1.43,nan,nan,nan,0.62,1.08,6.82,4.39,0.86,5.02,6.31
design_0042,0.48,0.96,1.25,nan,nan,nan,0.55,0.93,12.68,6.84,0.89,5.35,3.58
design_0043,0.63,1.12,1.45,nan,nan,nan,0.59,1.1,11.71,6.43,0.88,23.76,21.43
design_0044,0.67,1.11,1.86,nan,nan,nan,0.68,1.28,8.37,5.04,0.86,3.98,3.57
design_0045,0.64,0.94,1.39,nan,nan,nan,0.59,1.02,9.17,5.36,0.87,2.71,1.7
design_0046,0.4,1.14,0.86,nan,nan,nan,0.5,0.84,10.63,5.85,0.89,2.94,2.46
design_0047,0.83,0.98,0.74,nan,nan,nan,0.53,0.85,9.21,5.32,0.87,3.98,2.56
design_0048,0.54,2.53,1.21,nan,nan,nan,0.77,1.58,14.17,7.42,0.9,7.84,8.15
design_0049,0.53,2.53,1.39,nan,nan,nan,0.79,1.63,14.42,7.57,0.9,11.67,11.08
design_0050,0.49,2.45,1.05,nan,nan,nan,0.73,1.49,14.59,7.66,0.9,7.22,8.03
design_0051,0.82,2.56,1.09,nan,nan,nan,0.77,1.6,14.61,7.63,0.9,12.35,7.35
design_0052,0.5,2.49,1.31,nan,nan,nan,0.78,1.58,14.22,7.49,0.9,4.04,4.27
design_0053,0.34,2.52,1.14,nan,nan,nan,0.77,1.53,13.91,7.33,0.9,3.97,3.73
design_0054,0.54,2.46,1.34,nan,nan,nan,0.79,1.59,13.15,6.99,0.89,13.03,10.52
design_0055,0.65,2.44,1.21,nan,nan,nan,0.75,1.55,13.13,6.97,0.89,11.19,9.22
design_0056,0.78,0.85,1.91,nan,nan,nan,0.61,1.22,6.91,4.35,0.87,22.92,23.77
design_0057,0.74,0.78,1.92,nan,nan,nan,0.6,1.2,12.93,7.2,0.87,17.59,13.15
design_0058,0.83,0.84,2.32,nan,nan,nan,0.67,1.41,11.69,6.57,0.87,23.74,21.24
design_0059,0.84,0.89,1.1,nan,nan,nan,0.53,0.94,10.46,6.02,0.87,22.09,23.05
design_0060,0.79,0.74,2.33,nan,nan,nan,0.66,1.39,11.71,6.6,0.87,12.78,11.65
design_0061,0.81,0.69,2.44,nan,nan,nan,0.68,1.44,12.01,6.78,0.87,10.64,11.24
design_0062,0.75,0.83,2.51,nan,nan,nan,0.69,1.48,9.7,5.65,0.87,22.68,23.68
design_0063,0.9,0.86,2.11,nan,nan,nan,0.67,1.34,9.0,5.24,0.87,22.29,23.94
design_0064,0.43,0.58,0.95,nan,nan,nan,0.47,0.7,6.12,3.93,0.87,1.38,0.87
design_0065,0.36,0.67,0.76,nan,nan,nan,0.45,0.62,5.27,3.42,0.88,3.14,2.87
design_0066,0.56,0.49,1.75,nan,nan,nan,0.58,1.12,10.2,5.84,0.87,2.79,3.16
design_0067,0.89,0.61,2.03,nan,nan,nan,0.69,1.35,8.69,5.12,0.87,4.42,5.55
design_0068,0.43,0.26,0.98,nan,nan,nan,0.45,0.65,9.59,5.64,0.87,2.1,2.04
design_0069,0.86,0.54,2.05,nan,nan,nan,0.7,1.35,7.91,4.82,0.86,3.22,4.13
design_0070,0.61,0.96,1.57,nan,nan,nan,0.59,1.12,12.49,6.91,0.87,2.26,1.7
design_0071,0.4,0.4,0.61,nan,nan,nan,0.4,0.48,7.38,4.47,0.87,1.65,1.36
design_0072,0.53,0.98,2.21,nan,nan,nan,0.78,1.57,9.2,5.44,0.87,11.55,10.1
design_0073,0.77,1.04,2.2,nan,nan,nan,0.8,1.6,10.15,5.95,0.86,11.51,10.23
design_0074,0.59,0.9,2.47,nan,nan,nan,0.85,1.72,10.94,6.29,0.86,11.14,10.15
design_0075,0.75,1.0,2.31,nan,nan,nan,0.82,1.66,10.09,5.89,0.87,11.45,10.21
design_0076,0.53,0.91,1.02,nan,nan,nan,0.53,0.87,10.09,5.89,0.86,7.28,6.74
design_0077,0.56,0.99,2.47,nan,nan,nan,0.85,1.73,5.33,3.73,0.87,13.61,11.39
design_0078,0.79,0.91,2.46,nan,nan,nan,0.86,1.74,10.24,6.0,0.86,11.61,10.18
design_0079,0.61,0.96,2.52,nan,nan,nan,0.86,1.76,5.81,4.02,0.87,13.66,11.55
design_0080,0.61,1.45,1.16,nan,nan,nan,0.59,1.1,9.49,5.57,0.87,6.9,5.4
design_0081,0.61,1.43,1.49,nan,nan,nan,0.61,1.2,12.95,7.13,0.88,21.09,17.8
design_0082,0.71,1.29,1.41,nan,nan,nan,0.59,1.14,11.63,6.54,0.87,8.94,8.02
design_0083,0.71,1.18,1.47,nan,nan,nan,0.59,1.12,12.95,7.12,0.87,19.57,12.22
design_0084,0.65,1.3,2.68,nan,nan,nan,0.77,1.65,4.37,3.15,0.89,17.77,16.24
design_0085,0.53,1.5,1.38,nan,nan,nan,0.6,1.18,12.94,7.12,0.88,17.98,16.7
design_0086,0.58,1.42,1.5,nan,nan,nan,0.61,1.19,12.47,6.89,0.87,20.02,18.26
design_0087,0.9,1.13,1.7,nan,nan,nan,0.64,1.24,12.94,7.13,0.88,18.88,11.24
design_0088,0.38,0.9,0.68,nan,nan,nan,0.49,0.68,16.07,8.24,0.9,8.5,9.18
design_0089,0.55,0.82,0.62,nan,nan,nan,0.47,0.66,16.37,8.37,0.91,14.39,12.89
design_0090,0.47,0.86,0.71,nan,nan,nan,0.48,0.69,15.48,7.98,0.9,20.06,19.78
design_0091,0.53,0.89,0.63,nan,nan,nan,0.47,0.68,16.51,8.41,0.91,16.51,13.6
design_0092,0.54,0.69,0.69,nan,nan,nan,0.47,0.65,15.66,8.13,0.9,7.05,6.26
design_0093,0.85,0.81,0.57,nan,nan,nan,0.49,0.71,14.02,7.4,0.89,12.47,10.1
design_0094,0.62,0.8,0.7,nan,nan,nan,0.5,0.7,18.02,9.13,0.9,8.73,3.68
design_0095,0.47,0.89,0.69,nan,nan,nan,0.5,0.69,16.62,8.44,0.91,19.87,17.19
design_0096,0.56,0.61,3.07,nan,nan,nan,1.06,2.17,17.43,9.26,0.88,14.57,11.87
design_0097,0.45,0.52,1.95,nan,nan,nan,0.74,1.4,11.65,6.44,0.88,14.68,11.7
design_0098,0.67,0.66,2.69,nan,nan,nan,0.96,1.92,13.17,7.3,0.87,17.76,19.65
design_0099,0.64,0.48,3.23,nan,nan,nan,1.11,2.28,16.69,8.83,0.88,28.75,15.2
design_0100,0.48,0.65,1.91,nan,nan,nan,0.75,1.39,12.08,6.74,0.88,14.0,11.95
design_0101,0.49,0.63,2.0,nan,nan,nan,0.77,1.44,12.15,6.82,0.87,20.6,21.63
design_0102,0.5,0.68,1.81,nan,nan,nan,0.72,1.33,11.89,6.63,0.88,20.59,21.45
design_0103,0.57,0.66,2.12,nan,nan,nan,0.8,1.53,12.73,7.12,0.87,19.76,20.2
design_0104,0.5,0.63,0.67,nan,nan,nan,0.45,0.62,15.91,8.24,0.9,20.21,19.23
design_0105,0.88,0.56,0.56,nan,nan,nan,0.45,0.66,13.49,7.23,0.88,21.57,15.26
design_0106,0.65,0.62,0.74,nan,nan,nan,0.47,0.69,14.57,7.59,0.9,15.32,11.8
design_0107,0.53,0.59,0.73,nan,nan,nan,0.46,0.65,15.38,8.0,0.9,10.34,10.43
design_0108,0.73,0.66,0.69,nan,nan,nan,0.47,0.69,16.1,8.28,0.9,13.45,13.45
design_0109,0.59,0.71,0.64,nan,nan,nan,0.46,0.65,16.3,8.46,0.89,20.06,12.35
design_0110,0.55,0.58,0.65,nan,nan,nan,0.45,0.61,15.69,8.16,0.89,19.11,20.43
design_0111,0.53,0.58,0.64,nan,nan,nan,0.45,0.6,14.79,7.73,0.9,13.69,10.6
design_0112,1.0,0.71,1.01,nan,nan,nan,0.56,0.92,8.57,4.95,0.88,3.21,2.45
design_0113,0.49,0.45,0.86,nan,nan,nan,0.43,0.63,12.78,6.98,0.88,2.54,2.91
design_0114,0.61,0.89,1.44,nan,nan,nan,0.56,1.05,12.81,7.02,0.88,2.1,1.72
design_0115,0.46,0.58,1.32,nan,nan,nan,0.49,0.88,12.92,7.02,0.88,3.27,3.49
design_0116,0.79,0.62,1.77,nan,nan,nan,0.63,1.2,8.38,5.02,0.86,2.98,3.84
design_0117,0.41,0.7,0.87,nan,nan,nan,0.44,0.69,4.81,3.27,0.88,1.33,1.1
design_0118,0.43,0.55,0.98,nan,nan,nan,0.45,0.7,11.38,6.28,0.88,2.29,2.17
design_0119,0.98,0.67,1.09,nan,nan,nan,0.58,0.94,8.27,4.74,0.88,4.28,5.19
design_0120,0.51,0.59,5.06,nan,nan,nan,1.53,3.36,14.11,7.68,0.87,5.16,5.06
design_0121,0.49,0.46,6.34,nan,nan,nan,1.89,4.2,14.55,7.89,0.88,10.36,11.27
design_0122,0.48,0.73,2.21,nan,nan,nan,0.76,1.53,12.64,6.93,0.88,3.72,2.95
design_0123,0.52,0.56,5.91,nan,nan,nan,1.77,3.92,14.36,7.75,0.88,18.33,15.14
design_0124,0.49,0.59,3.83,nan,nan,nan,1.19,2.56,12.85,7.16,0.87,18.53,18.37
design_0125,0.59,0.77,1.45,nan,nan,nan,0.6,1.09,13.82,7.59,0.87,19.07,16.62
design_0126,0.56,0.55,6.4,nan,nan,nan,1.91,4.24,13.51,7.44,0.87,14.32,15.67
design_0127,0.44,0.81,2.11,nan,nan,nan,0.74,1.47,13.16,7.2,0.88,13.13,13.06
design_0128,0.83,0.63,0.73,nan,nan,nan,0.49,0.74,15.39,7.92,0.9,21.51,23.14
design_0129,1.01,0.83,0.77,nan,nan,nan,0.53,0.86,15.84,8.21,0.9,16.45,15.21
design_0130,1.01,0.68,0.69,nan,nan,nan,0.51,0.79,14.39,7.5,0.9,22.51,24.06
design_0131,0.75,0.88,0.63,nan,nan,nan,0.49,0.73,16.32,8.37,0.9,19.23,20.45
design_0132,0.91,0.73,0.84,nan,nan,nan,0.53,0.84,15.16,7.96,0.89,10.92,14.37
design_0133,0.87,0.71,0.65,nan,nan,nan,0.5,0.73,14.75,7.66,0.9,22.71,25.07
design_0134,0.91,0.79,0.71,nan,nan,nan,0.51,0.79,15.73,8.1,0.9,16.41,18.2
design_0135,0.81,0.69,0.8,nan,nan,nan,0.51,0.78,14.87,7.82,0.89,21.32,23.04
design_0136,0.94,0.53,1.88,nan,nan,nan,0.68,1.31,15.55,8.13,0.9,28.89,19.09
design_0137,0.6,0.52,1.55,nan,nan,nan,0.59,1.06,9.35,5.33,0.87,3.76,4.36
design_0138,0.64,0.69,1.86,nan,nan,nan,0.64,1.26,12.52,6.74,0.88,25.23,14.0
design_0139,0.63,0.47,1.74,nan,nan,nan,0.6,1.16,13.88,7.33,0.89,21.49,20.01
design_0140,0.7,0.54,1.52,nan,nan,nan,0.55,1.06,15.07,7.9,0.9,14.88,14.34
design_0141,0.56,0.63,1.81,nan,nan,nan,0.61,1.21,15.11,7.88,0.9,34.67,18.34
design_0142,0.58,0.58,1.2,nan,nan,nan,0.53,0.87,5.08,3.42,0.88,2.23,1.99
design_0143,0.76,0.63,2.12,nan,nan,nan,0.69,1.42,16.14,8.45,0.88,27.78,10.32
design_0144,0.44,0.75,0.92,nan,nan,nan,0.46,0.73,12.33,6.6,0.9,2.23,2.49
design_0145,0.28,0.81,0.92,nan,nan,nan,0.48,0.72,11.12,6.06,0.89,2.3,2.4
design_0146,0.55,0.83,1.47,nan,nan,nan,0.55,1.03,15.09,8.0,0.89,22.93,15.83
design_0147,0.22,0.77,0.7,nan,nan,nan,0.44,0.61,11.21,6.09,0.89,1.61,1.94
design_0148,0.24,0.79,0.85,nan,nan,nan,0.48,0.68,7.39,4.38,0.88,1.74,1.75
design_0149,0.65,1.24,1.91,nan,nan,nan,0.68,1.37,14.63,7.74,0.89,16.29,10.4
design_0150,0.35,0.72,1.12,nan,nan,nan,0.48,0.8,14.8,7.76,0.9,16.23,6.86
design_0151,0.45,0.83,1.24,nan,nan,nan,0.52,0.9,13.47,7.17,0.9,2.52,3.09
design_0152,0.49,0.79,0.99,nan,nan,nan,0.51,0.79,13.38,7.11,0.9,12.84,13.48
design_0153,0.52,0.78,1.1,nan,nan,nan,0.5,0.85,15.41,7.99,0.9,23.81,14.53
design_0154,0.68,0.75,1.49,nan,nan,nan,0.6,1.08,14.51,7.64,0.89,34.47,13.49
design_0155,0.42,0.73,0.76,nan,nan,nan,0.45,0.66,10.99,6.01,0.89,3.71,2.79
design_0156,0.42,0.66,0.53,nan,nan,nan,0.42,0.54,6.07,3.8,0.88,3.27,2.09
design_0157,0.46,0.8,1.15,nan,nan,nan,0.51,0.87,12.37,6.6,0.89,24.03,24.3
design_0158,0.6,0.81,1.27,nan,nan,nan,0.54,0.96,15.14,7.92,0.9,25.16,11.7
design_0159,0.36,0.81,0.78,nan,nan,nan,0.47,0.68,9.51,5.34,0.88,3.87,2.68
design_0160,0.69,0.67,0.7,nan,nan,nan,0.48,0.69,11.33,6.12,0.89,4.56,4.0
design_0161,0.84,0.91,0.57,nan,nan,nan,0.5,0.75,3.08,2.39,0.91,2.36,1.51
design_0162,0.79,0.82,0.51,nan,nan,nan,0.48,0.69,3.11,2.41,0.91,2.0,1.35
design_0163,0.74,0.88,0.53,nan,nan,nan,0.48,0.69,3.05,2.36,0.91,2.06,1.06
design_0164,0.61,0.8,0.58,nan,nan,nan,0.47,0.65,3.35,2.47,0.91,2.24,1.65
design_0165,0.88,0.85,0.51,nan,nan,nan,0.5,0.72,2.98,2.36,0.91,1.66,1.18
design_0166,0.82,0.86,0.55,nan,nan,nan,0.5,0.72,3.21,2.46,0.91,2.0,1.21
design_0167,0.7,0.74,0.73,nan,nan,nan,0.49,0.72,15.13,7.99,0.89,17.35,12.74
design_0168,0.9,0.73,1.42,nan,nan,nan,0.6,1.07,15.27,8.16,0.88,29.86,16.16
design_0169,0.78,0.95,1.49,nan,nan,nan,0.63,1.12,13.41,7.19,0.88,25.3,18.13
design_0170,0.37,1.19,1.75,nan,nan,nan,0.66,1.24,11.55,6.38,0.89,3.47,4.21
design_0171,0.71,0.99,1.5,nan,nan,nan,0.61,1.12,13.8,7.29,0.9,24.34,17.84
design_0172,0.71,0.91,1.17,nan,nan,nan,0.59,0.95,13.61,7.25,0.89,11.54,7.9
design_0173,0.56,0.98,0.91,nan,nan,nan,0.54,0.83,14.08,7.44,0.89,20.0,19.64
design_0174,0.7,0.92,1.36,nan,nan,nan,0.58,1.04,13.96,7.42,0.89,13.01,8.14
design_0175,0.71,0.94,1.07,nan,nan,nan,0.57,0.92,12.92,6.9,0.89,6.59,5.22
design_0176,0.57,0.84,1.48,nan,nan,nan,0.6,1.07,14.21,7.47,0.89,22.19,20.93
design_0177,0.66,0.73,1.22,nan,nan,nan,0.53,0.93,15.81,8.27,0.89,15.08,13.0
design_0178,0.55,0.8,1.54,nan,nan,nan,0.61,1.09,14.12,7.43,0.9,16.28,13.08
design_0179,0.75,0.77,1.61,nan,nan,nan,0.63,1.16,14.39,7.56,0.9,16.77,15.05
design_0180,0.62,0.89,1.76,nan,nan,nan,0.64,1.24,11.93,6.44,0.89,12.23,8.22
design_0181,0.64,0.86,1.57,nan,nan,nan,0.62,1.14,14.62,7.7,0.89,17.36,19.35
design_0182,0.64,0.93,1.53,nan,nan,nan,0.62,1.13,14.42,7.55,0.9,14.52,13.73
design_0183,0.66,0.63,1.43,nan,nan,nan,0.58,1.02,16.08,8.38,0.89,17.03,8.27
design_0184,0.64,0.6,0.68,nan,nan,nan,0.46,0.65,16.43,8.44,0.9,15.0,12.77
design_0185,0.68,0.57,0.61,nan,nan,nan,0.44,0.62,16.7,8.58,0.9,18.21,12.93
design_0186,0.58,0.55,0.83,nan,nan,nan,0.49,0.71,16.14,8.31,0.9,21.12,20.45
design_0187,0.62,0.65,0.76,nan,nan,nan,0.47,0.7,16.24,8.37,0.9,21.0,21.31
design_0188,0.62,0.57,0.61,nan,nan,nan,0.45,0.6,12.81,6.86,0.88,12.55,8.91
design_0189,0.55,0.51,0.71,nan,nan,nan,0.44,0.63,15.92,8.23,0.89,14.53,15.36
design_0190,0.64,0.61,0.84,nan,nan,nan,0.49,0.74,15.7,8.14,0.9,8.42,7.89
design_0191,0.6,0.62,0.76,nan,nan,nan,0.48,0.69,15.7,8.1,0.9,22.09,24.96
design_0192,0.43,0.78,1.23,nan,nan,nan,0.56,0.93,10.9,6.15,0.88,13.73,6.54
design_0193,0.42,0.78,1.55,nan,nan,nan,0.63,1.12,11.41,6.38,0.87,15.94,11.93
design_0194,0.5,0.88,1.66,nan,nan,nan,0.67,1.21,13.63,7.51,0.87,14.97,9.72
design_0195,0.45,0.73,1.71,nan,nan,nan,0.66,1.22,13.96,7.61,0.88,13.99,7.26
design_0196,0.46,0.83,1.67,nan,nan,nan,0.67,1.21,14.07,7.69,0.87,14.49,7.97
design_0197,0.45,0.78,2.27,nan,nan,nan,0.79,1.57,12.65,6.98,0.87,19.88,22.05
design_0198,0.52,0.84,1.49,nan,nan,nan,0.64,1.11,13.05,7.27,0.87,12.88,5.96
design_0199,0.43,0.78,1.69,nan,nan,nan,0.67,1.21,13.75,7.48,0.88,12.97,5.69
design_0200,0.46,0.68,1.15,nan,nan,nan,0.55,0.9,11.37,6.34,0.88,16.19,14.92
design_0201,0.52,0.49,1.8,nan,nan,nan,0.72,1.3,13.46,7.47,0.86,8.41,6.97
design_0202,0.5,0.74,1.32,nan,nan,nan,0.61,1.02,13.06,7.22,0.87,16.17,13.97
design_0203,0.52,0.65,1.52,nan,nan,nan,0.65,1.14,12.67,7.16,0.86,12.36,9.98
design_0204,0.57,0.68,1.83,nan,nan,nan,0.73,1.34,14.48,8.1,0.85,14.09,12.9
design_0205,0.41,0.68,1.04,nan,nan,nan,0.54,0.83,11.29,6.31,0.88,9.98,8.68
design_0206,0.51,0.69,1.83,nan,nan,nan,0.74,1.34,12.33,6.92,0.87,15.17,13.99
design_0207,0.6,0.84,1.18,nan,nan,nan,0.58,0.97,11.01,6.3,0.87,17.08,15.39
design_0208,0.65,0.62,1.56,nan,nan,nan,0.64,1.15,11.05,6.13,0.88,2.96,3.12
design_0209,0.71,0.5,6.8,nan,nan,nan,2.11,4.63,12.99,7.31,0.88,5.76,7.58
design_0210,0.47,0.64,1.48,nan,nan,nan,0.61,1.08,14.75,7.81,0.89,1.68,1.14
design_0211,0.7,0.5,4.9,nan,nan,nan,1.55,3.35,11.76,6.83,0.86,2.27,3.89
design_0212,0.58,0.6,1.54,nan,nan,nan,0.62,1.13,13.75,7.46,0.88,5.41,4.87
design_0213,0.58,0.57,1.45,nan,nan,nan,0.6,1.07,13.35,7.28,0.88,5.97,6.63
design_0214,0.75,0.55,1.28,nan,nan,nan,0.59,1.0,14.76,7.96,0.88,21.86,20.73
design_0215,0.69,0.39,6.03,nan,nan,nan,1.88,4.1,13.09,7.36,0.87,3.85,6.08
design_0216,0.89,0.65,0.96,nan,nan,nan,0.48,0.85,15.04,7.98,0.89,31.79,15.76
design_0217,0.73,0.68,1.94,nan,nan,nan,0.63,1.28,12.6,6.79,0.89,22.8,21.08
design_0218,0.63,0.77,0.81,nan,nan,nan,0.46,0.74,14.05,7.4,0.9,19.77,11.8
design_0219,0.86,0.63,1.34,nan,nan,nan,0.55,1.0,13.71,7.38,0.88,21.8,10.21
design_0220,0.58,0.66,1.44,nan,nan,nan,0.55,0.99,13.46,7.19,0.89,4.31,4.32
design_0221,0.61,0.71,0.71,nan,nan,nan,0.46,0.68,12.73,6.83,0.89,23.59,23.24
design_0222,0.52,0.65,0.68,nan,nan,nan,0.43,0.62,10.73,5.95,0.88,4.7,5.44
design_0223,0.72,0.63,1.09,nan,nan,nan,0.5,0.85,15.67,8.22,0.9,34.87,12.95
design_0224,0.4,0.72,1.75,nan,nan,nan,0.65,1.2,15.63,8.12,0.89,39.24,15.46
design_0225,0.53,0.73,1.96,nan,nan,nan,0.71,1.34,4.44,3.12,0.88,3.87,2.01
design_0226,1.39,0.38,1.39,nan,nan,nan,0.63,1.2,14.87,7.74,0.9,10.0,5.96
design_0227,1.0,0.66,1.88,nan,nan,nan,0.7,1.37,4.77,3.28,0.88,3.96,1.99
design_0228,1.29,0.8,2.27,nan,nan,nan,0.83,1.68,4.54,3.13,0.88,3.8,2.27
design_0229,1.28,0.58,2.13,nan,nan,nan,0.77,1.57,5.78,3.73,0.88,3.67,2.33
design_0230,0.44,0.44,1.73,nan,nan,nan,0.6,1.16,15.83,8.21,0.9,34.1,16.93
design_0231,1.1,0.41,1.88,nan,nan,nan,0.69,1.37,6.23,3.91,0.88,3.14,2.28
design_0232,0.55,1.31,0.93,nan,nan,nan,0.53,0.96,12.51,6.7,0.89,22.09,22.47
design_0233,0.56,0.99,0.83,nan,nan,nan,0.48,0.81,14.07,7.43,0.9,20.95,20.87
design_0234,0.81,1.07,0.59,nan,nan,nan,0.51,0.83,5.63,3.68,0.88,5.89,3.1
design_0235,0.7,0.77,1.05,nan,nan,nan,0.51,0.87,16.07,8.45,0.88,26.52,14.12
design_0236,0.86,0.73,1.19,nan,nan,nan,0.53,0.97,14.41,7.67,0.89,20.36,15.04
design_0237,0.52,0.5,1.0,nan,nan,nan,0.44,0.74,14.88,7.89,0.89,22.44,20.63
design_0238,0.53,1.03,0.98,nan,nan,nan,0.52,0.87,9.26,5.29,0.88,5.5,2.79
design_0239,0.6,1.9,0.66,nan,nan,nan,0.62,1.15,4.86,3.38,0.88,4.55,2.0
design_0240,0.82,0.56,0.84,nan,nan,nan,0.52,0.78,13.88,7.34,0.9,18.1,19.1
design_0241,0.94,0.8,0.85,nan,nan,nan,0.56,0.87,15.27,7.93,0.9,13.85,13.76
design_0242,0.63,0.66,0.83,nan,nan,nan,0.51,0.74,15.56,7.99,0.91,20.13,17.58
design_0243,0.6,0.71,0.74,nan,nan,nan,0.5,0.7,15.34,7.91,0.9,16.97,17.47
design_0244,0.92,0.74,0.85,nan,nan,nan,0.56,0.85,15.76,8.11,0.91,14.2,13.05
design_0245,0.68,0.75,0.74,nan,nan,nan,0.51,0.73,14.9,7.76,0.9,13.49,13.07
design_0246,0.95,0.78,0.82,nan,nan,nan,0.55,0.85,15.54,8.15,0.89,19.17,15.55
design_0247,0.8,0.65,0.82,nan,nan,nan,0.53,0.78,15.18,7.91,0.9,17.63,17.55
design_0248,0.69,0.95,0.99,nan,nan,nan,0.56,0.88,12.87,6.9,0.88,21.52,14.06
design_0249,0.65,0.68,0.94,nan,nan,nan,0.53,0.76,6.23,3.96,0.87,5.13,6.32
design_0250,0.74,0.75,0.74,nan,nan,nan,0.52,0.74,6.2,3.92,0.87,5.36,6.4
design_0251,0.62,0.72,0.92,nan,nan,nan,0.53,0.76,6.28,3.96,0.88,3.6,3.63
design_0252,0.98,0.85,1.58,nan,nan,nan,0.68,1.17,6.33,3.95,0.87,5.63,6.13
design_0253,0.53,1.08,1.33,nan,nan,nan,0.58,1.02,13.09,7.08,0.88,18.25,12.94
design_0254,0.63,0.91,0.77,nan,nan,nan,0.52,0.77,8.37,4.92,0.87,5.44,5.33
design_0255,0.69,0.95,1.64,nan,nan,nan,0.62,1.15,9.0,5.22,0.88,24.47,22.91
design_0256,0.48,0.69,0.74,nan,nan,nan,0.46,0.66,15.5,8.09,0.89,14.28,9.69
design_0257,0.71,0.71,0.98,nan,nan,nan,0.54,0.85,15.37,8.12,0.89,16.54,14.65
design_0258,0.5,0.64,1.59,nan,nan,nan,0.64,1.18,15.01,7.87,0.89,13.4,12.98
design_0259,0.47,0.73,0.51,nan,nan,nan,0.43,0.56,16.03,8.21,0.9,15.02,13.21
design_0260,0.49,0.75,0.7,nan,nan,nan,0.45,0.66,15.7,8.08,0.9,23.7,13.32
design_0261,0.53,0.56,0.54,nan,nan,nan,0.42,0.54,15.94,8.25,0.9,7.26,9.84
design_0262,0.51,0.85,0.45,nan,nan,nan,0.44,0.59,14.54,7.62,0.89,18.96,19.11
design_0263,0.95,0.81,1.21,nan,nan,nan,0.6,1.06,14.88,7.9,0.89,20.99,21.48
design_0264,0.55,1.06,1.17,nan,nan,nan,0.56,0.98,14.55,7.67,0.89,11.26,6.43
design_0265,0.93,0.98,1.36,nan,nan,nan,0.65,1.14,13.66,7.24,0.9,20.75,19.04
design_0266,0.73,1.17,2.02,nan,nan,nan,0.76,1.49,14.15,7.49,0.89,2.94,2.85
design_0267,0.82,1.17,1.23,nan,nan,nan,0.64,1.1,14.19,7.5,0.9,21.4,20.19
design_0268,0.42,1.12,1.16,nan,nan,nan,0.58,0.98,12.17,6.56,0.89,2.82,3.65
design_0269,0.84,1.19,1.64,nan,nan,nan,0.69,1.31,12.44,6.75,0.89,25.0,24.95
design_0270,0.42,1.04,0.99,nan,nan,nan,0.55,0.87,10.39,5.76,0.89,2.43,2.81
design_0271,0.44,1.14,1.02,nan,nan,nan,0.55,0.91,11.9,6.43,0.88,1.43,1.33
design_0272,0.56,0.87,1.3,nan,nan,nan,0.52,0.96,14.68,7.82,0.89,9.49,6.95
design_0273,0.44,0.96,1.3,nan,nan,nan,0.53,0.96,5.68,3.73,0.88,0.87,1.2
design_0274,0.56,0.89,1.28,nan,nan,nan,0.55,0.96,13.84,7.37,0.89,13.81,7.51
design_0275,0.4,0.47,1.12,nan,nan,nan,0.47,0.75,3.65,2.73,0.89,0.9,1.08
design_0276,1.02,0.74,2.59,nan,nan,nan,0.84,1.69,7.32,4.56,0.86,5.98,8.08
design_0277,0.28,0.89,1.49,nan,nan,nan,0.56,1.02,10.5,5.93,0.88,1.46,1.63
design_0278,0.5,0.63,1.29,nan,nan,nan,0.55,0.89,6.02,3.91,0.87,1.47,1.5
design_0279,0.6,1.11,2.53,nan,nan,nan,0.78,1.66,13.41,7.34,0.88,13.52,5.74
design_0280,0.76,0.99,1.22,nan,nan,nan,0.55,0.98,13.52,7.35,0.88,22.25,19.65
design_0281,0.59,0.88,1.2,nan,nan,nan,0.53,0.89,12.42,6.86,0.88,19.56,12.3
design_0282,0.58,1.01,1.0,nan,nan,nan,0.51,0.87,11.93,6.71,0.87,22.23,22.05
design_0283,0.56,0.89,0.97,nan,nan,nan,0.49,0.81,12.83,7.06,0.87,15.25,11.0
design_0284,0.71,0.94,1.05,nan,nan,nan,0.51,0.89,11.58,6.53,0.87,22.9,22.74
design_0285,0.68,0.95,1.09,nan,nan,nan,0.51,0.9,11.75,6.61,0.87,23.04,21.5
design_0286,0.6,0.93,1.18,nan,nan,nan,0.54,0.9,8.2,4.95,0.87,2.43,2.8
design_0287,0.75,0.87,0.87,nan,nan,nan,0.5,0.83,13.43,7.31,0.88,18.66,15.09
design_0288,0.36,0.61,0.62,nan,nan,nan,0.4,0.54,11.63,6.28,0.89,3.24,3.28
design_0289,0.48,0.71,0.87,nan,nan,nan,0.47,0.71,12.81,6.85,0.89,5.4,5.23
design_0290,0.38,0.69,0.59,nan,nan,nan,0.41,0.56,9.1,5.12,0.89,2.12,1.92
design_0291,0.42,0.64,0.64,nan,nan,nan,0.42,0.57,7.74,4.52,0.88,2.56,2.44
design_0292,0.4,0.67,0.58,nan,nan,nan,0.41,0.56,8.97,5.06,0.89,1.81,1.7
design_0293,1.03,1.07,2.19,nan,nan,nan,0.78,1.55,14.04,7.4,0.89,9.56,7.47
design_0294,0.52,0.56,1.19,nan,nan,nan,0.52,0.83,15.47,8.05,0.89,36.59,15.94
design_0295,0.48,0.61,1.25,nan,nan,nan,0.49,0.86,13.97,7.38,0.9,22.01,20.2
design_0296,0.56,0.63,1.06,nan,nan,nan,0.49,0.77,10.98,6.11,0.88,2.34,1.92
design_0297,0.54,0.59,1.23,nan,nan,nan,0.5,0.83,14.12,7.5,0.89,11.88,7.49
design_0298,0.55,0.73,0.93,nan,nan,nan,0.49,0.74,12.33,6.79,0.88,22.97,22.51
design_0299,0.51,0.57,1.19,nan,nan,nan,0.5,0.81,13.99,7.44,0.89,26.51,20.82
design_0300,0.54,0.68,0.9,nan,nan,nan,0.5,0.71,15.17,8.0,0.89,31.78,23.47
design_0301,0.66,0.6,0.85,nan,nan,nan,0.48,0.71,11.49,6.31,0.88,24.77,23.38
design_0302,0.5,0.64,1.05,nan,nan,nan,0.5,0.76,8.26,4.89,0.87,2.58,2.39
design_0303,0.52,0.56,0.87,nan,nan,nan,0.46,0.66,11.39,6.3,0.88,23.93,23.82
design_0304,0.97,0.98,1.59,nan,nan,nan,0.67,1.28,10.67,6.22,0.86,2.86,2.71
design_0305,0.83,0.78,1.87,nan,nan,nan,0.72,1.38,14.19,7.79,0.88,19.21,13.54
design_0306,0.85,0.76,1.36,nan,nan,nan,0.58,1.08,15.06,8.22,0.87,24.17,21.29
design_0307,0.7,0.81,1.23,nan,nan,nan,0.55,0.99,14.74,7.87,0.89,24.11,20.11
design_0308,0.77,0.78,1.61,nan,nan,nan,0.64,1.21,18.4,9.66,0.88,34.62,16.77
design_0309,0.69,1.66,1.76,nan,nan,nan,0.75,1.49,14.39,7.82,0.87,2.52,3.23
design_0310,0.74,0.87,2.72,nan,nan,nan,0.9,1.89,10.48,5.91,0.88,22.83,24.39
design_0311,0.78,1.08,1.66,nan,nan,nan,0.67,1.3,14.12,7.6,0.89,21.53,22.03
design_0312,0.6,0.55,0.95,nan,nan,nan,0.45,0.71,14.46,7.6,0.9,33.72,15.13
design_0313,0.55,0.37,0.73,nan,nan,nan,0.42,0.57,13.88,7.36,0.89,19.27,13.16
design_0314,0.37,0.63,0.98,nan,nan,nan,0.49,0.69,5.94,3.85,0.87,1.3,1.49
design_0315,0.58,0.83,0.85,nan,nan,nan,0.51,0.75,12.77,6.93,0.89,22.6,20.96
design_0316,0.57,0.7,1.44,nan,nan,nan,0.55,0.96,14.14,7.67,0.88,27.62,20.76
design_0317,0.49,0.52,0.8,nan,nan,nan,0.42,0.61,3.85,2.75,0.89,0.96,0.78
design_0318,0.61,0.43,0.76,nan,nan,nan,0.42,0.61,4.16,2.91,0.89,0.76,0.68
design_0319,0.51,0.82,0.65,nan,nan,nan,0.5,0.66,7.41,4.45,0.88,9.33,12.69
design_0320,0.75,0.55,4.34,nan,nan,nan,1.4,2.98,15.44,8.57,0.87,10.26,11.48
design_0321,0.35,0.49,7.69,nan,nan,nan,2.37,5.21,14.08,7.93,0.87,15.55,10.88
design_0322,0.69,0.52,1.36,nan,nan,nan,0.62,1.03,15.33,8.19,0.89,23.73,22.95
design_0323,0.35,0.57,6.32,nan,nan,nan,1.96,4.29,15.89,8.79,0.87,13.46,10.48
design_0324,0.74,0.47,8.31,nan,nan,nan,2.56,5.64,16.13,8.74,0.88,24.19,16.08
design_0325,0.46,0.51,1.4,nan,nan,nan,0.59,1.01,15.41,8.23,0.89,12.18,10.01
design_0326,0.77,0.5,2.06,nan,nan,nan,0.78,1.48,15.18,8.1,0.89,11.1,10.11
design_0327,0.59,0.43,1.87,nan,nan,nan,0.72,1.32,15.16,8.08,0.89,23.97,22.52
design_0328,1.07,0.62,2.65,nan,nan,nan,0.75,1.59,12.69,7.01,0.87,20.09,17.37
design_0329,0.72,0.86,1.55,nan,nan,nan,0.58,1.06,12.4,6.97,0.86,3.67,3.58
design_0330,0.87,0.71,2.65,nan,nan,nan,0.74,1.55,13.28,7.32,0.87,13.0,5.88
design_0331,0.65,0.78,1.27,nan,nan,nan,0.53,0.9,12.39,6.87,0.88,24.85,19.81
design_0332,0.69,0.77,1.63,nan,nan,nan,0.61,1.06,7.94,4.9,0.86,2.93,2.14
design_0333,0.85,0.73,1.32,nan,nan,nan,0.57,0.97,11.07,6.33,0.87,21.07,21.34
design_0334,1.02,0.92,1.66,nan,nan,nan,0.65,1.2,7.02,4.55,0.86,2.19,2.07
design_0335,0.88,0.8,1.32,nan,nan,nan,0.57,1.0,11.53,6.55,0.87,22.6,22.57
design_0336,0.63,0.82,1.49,nan,nan,nan,0.55,1.0,8.73,5.22,0.86,2.82,2.1
design_0337,0.74,0.81,2.97,nan,nan,nan,0.79,1.7,3.48,2.74,0.89,7.92,7.21
design_0338,0.86,0.51,1.61,nan,nan,nan,0.56,1.04,12.1,6.7,0.87,19.79,15.82
design_0339,0.58,0.3,2.8,nan,nan,nan,0.73,1.53,5.97,3.94,0.87,7.56,5.99
design_0340,0.72,0.46,1.53,nan,nan,nan,0.54,0.96,10.69,6.09,0.87,19.02,16.57
design_0341,0.72,0.54,1.46,nan,nan,nan,0.54,0.94,10.62,6.04,0.87,21.36,18.48
design_0342,0.85,0.69,1.47,nan,nan,nan,0.55,1.02,9.82,5.64,0.88,23.16,21.87
design_0343,0.93,0.54,1.59,nan,nan,nan,0.57,1.07,13.34,7.35,0.88,19.51,12.07
design_0344,0.53,0.74,1.23,nan,nan,nan,0.57,0.96,12.46,7.0,0.87,19.92,19.82
design_0345,0.43,0.77,3.64,nan,nan,nan,1.18,2.5,12.84,7.07,0.88,18.83,19.82
design_0346,0.64,0.82,2.95,nan,nan,nan,1.0,2.07,13.87,7.68,0.87,18.5,18.63
design_0347,0.42,0.76,1.48,nan,nan,nan,0.62,1.1,11.53,6.49,0.87,19.26,20.71
design_0348,0.54,0.75,2.57,nan,nan,nan,0.89,1.8,14.25,7.84,0.87,19.22,19.53
design_0349,0.81,0.75,2.2,nan,nan,nan,0.81,1.59,12.37,6.91,0.87,20.79,22.32
design_0350,0.68,0.84,2.19,nan,nan,nan,0.8,1.58,13.0,7.12,0.88,17.8,18.77
design_0351,0.83,0.82,2.04,nan,nan,nan,0.77,1.51,14.88,8.04,0.88,19.19,19.24
design_0352,0.65,0.81,2.17,nan,nan,nan,0.79,1.57,12.52,7.11,0.86,17.42,13.87
design_0353,0.6,0.88,1.83,nan,nan,nan,0.73,1.36,11.94,6.84,0.86,18.41,17.27
design_0354,0.57,0.72,3.06,nan,nan,nan,1.02,2.12,11.91,6.78,0.87,16.59,13.83
design_0355,0.48,0.63,2.84,nan,nan,nan,0.96,1.97,13.31,7.35,0.87,6.56,5.09
design_0356,0.5,0.73,2.68,nan,nan,nan,0.93,1.87,13.56,7.58,0.87,14.94,11.81
design_0357,0.46,0.93,1.61,nan,nan,nan,0.66,1.21,7.98,4.87,0.87,19.86,18.84
design_0358,0.58,0.84,2.31,nan,nan,nan,0.84,1.65,10.89,6.29,0.87,17.37,16.06
design_0359,0.43,0.86,1.69,nan,nan,nan,0.66,1.25,8.33,5.2,0.86,20.15,20.05
design_0360,0.59,1.01,2.27,nan,nan,nan,0.8,1.62,17.07,9.28,0.87,22.63,25.6
design_0361,0.74,1.05,2.24,nan,nan,nan,0.8,1.62,16.31,8.94,0.87,21.58,24.05
design_0362,0.71,1.03,2.49,nan,nan,nan,0.86,1.77,15.27,8.44,0.87,23.85,27.63
design_0363,0.51,1.08,2.12,nan,nan,nan,0.77,1.53,16.95,9.07,0.88,21.62,24.19
design_0364,0.51,1.01,2.33,nan,nan,nan,0.81,1.65,18.27,9.77,0.88,19.34,16.45
design_0365,0.55,0.54,1.52,nan,nan,nan,0.59,1.08,12.59,7.12,0.86,24.0,27.2
design_0366,0.6,1.09,1.9,nan,nan,nan,0.72,1.41,14.54,8.03,0.87,18.98,17.1
design_0367,0.57,1.02,2.27,nan,nan,nan,0.8,1.62,15.86,8.65,0.87,11.16,12.0
design_0368,0.58,1.16,1.84,nan,nan,nan,0.67,1.31,12.73,6.77,0.9,23.55,22.26
design_0369,0.66,1.26,2.0,nan,nan,nan,0.73,1.43,6.31,3.92,0.88,2.39,2.24
design_0370,0.76,1.09,1.86,nan,nan,nan,0.69,1.33,13.81,7.27,0.89,13.81,12.54
design_0371,0.6,1.27,1.76,nan,nan,nan,0.67,1.3,13.6,7.18,0.9,21.79,21.41
design_0372,0.5,1.02,1.37,nan,nan,nan,0.59,1.03,8.85,5.16,0.87,2.03,1.43
design_0373,1.07,1.2,2.91,nan,nan,nan,0.93,1.95,13.41,7.14,0.89,18.85,13.99
design_0374,0.72,1.18,3.0,nan,nan,nan,0.89,1.94,13.62,7.33,0.89,21.72,17.37
design_0375,0.76,1.14,1.28,nan,nan,nan,0.61,1.08,12.67,6.77,0.89,17.27,16.44
design_0376,0.95,1.18,1.7,nan,nan,nan,0.63,1.27,11.59,6.52,0.87,22.65,21.95
design_0377,0.93,1.14,1.13,nan,nan,nan,0.57,1.06,12.33,6.86,0.87,6.07,2.95
design_0378,0.54,1.2,2.19,nan,nan,nan,0.7,1.39,7.54,4.72,0.86,1.81,1.92
design_0379,0.65,1.21,1.47,nan,nan,nan,0.6,1.12,12.05,6.7,0.88,13.94,10.96
design_0380,0.85,1.03,1.14,nan,nan,nan,0.55,1.0,11.66,6.56,0.87,19.62,17.35
design_0381,0.35,1.04,2.49,nan,nan,nan,0.73,1.46,6.3,4.03,0.87,6.63,6.12
design_0382,0.87,1.16,1.11,nan,nan,nan,0.56,1.04,12.6,6.93,0.88,20.59,11.0
design_0383,1.11,1.02,1.68,nan,nan,nan,0.65,1.27,12.0,6.72,0.87,16.69,14.86
design_0384,0.45,1.26,1.46,nan,nan,nan,0.64,1.17,10.5,5.82,0.89,6.25,5.65
design_0385,0.45,1.29,1.21,nan,nan,nan,0.58,1.06,11.64,6.34,0.88,5.36,5.58
design_0386,0.55,1.29,1.75,nan,nan,nan,0.68,1.34,13.1,7.01,0.88,16.36,10.13
design_0387,0.6,1.27,1.81,nan,nan,nan,0.71,1.38,12.2,6.65,0.89,25.46,24.06
design_0388,0.29,1.25,1.57,nan,nan,nan,0.65,1.21,11.62,6.3,0.89,6.65,5.67
design_0389,0.52,1.21,1.18,nan,nan,nan,0.58,1.03,11.37,6.28,0.88,5.13,5.49
design_0390,0.54,1.32,2.04,nan,nan,nan,0.76,1.51,12.7,6.8,0.89,24.54,22.92
design_0391,0.37,1.37,1.76,nan,nan,nan,0.71,1.35,13.35,7.11,0.89,22.52,20.57
design_0392,0.61,0.57,1.13,nan,nan,nan,0.53,0.88,14.4,7.49,0.9,19.09,15.73
design_0393,0.7,0.52,1.15,nan,nan,nan,0.55,0.9,13.1,6.89,0.9,20.83,20.39
design_0394,0.65,0.51,1.26,nan,nan,nan,0.57,0.96,13.3,7.08,0.89,19.7,19.23
design_0395,0.6,0.53,1.17,nan,nan,nan,0.54,0.89,15.92,8.19,0.91,17.4,17.02
design_0396,0.64,0.62,1.28,nan,nan,nan,0.58,0.98,12.74,6.8,0.89,20.27,18.85
design_0397,0.58,0.48,1.22,nan,nan,nan,0.56,0.92,13.42,7.1,0.9,19.51,18.19
design_0398,0.79,0.6,1.78,nan,nan,nan,0.7,1.31,15.93,8.38,0.89,17.48,18.95
design_0399,0.79,0.56,1.15,nan,nan,nan,0.55,0.93,15.38,7.99,0.9,21.85,13.23
design_0400,0.51,0.88,1.86,nan,nan,nan,0.62,1.15,12.45,6.88,0.88,17.09,13.96
design_0401,0.55,1.02,1.42,nan,nan,nan,0.57,1.01,13.11,7.18,0.87,17.13,12.55
design_0402,0.68,1.0,1.29,nan,nan,nan,0.56,0.99,12.33,6.85,0.86,7.92,4.4
design_0403,0.62,1.08,1.24,nan,nan,nan,0.56,0.98,11.5,6.36,0.88,23.18,20.77
design_0404,0.61,1.03,1.35,nan,nan,nan,0.57,1.0,11.29,6.29,0.88,19.35,18.68
design_0405,0.73,1.16,1.25,nan,nan,nan,0.57,1.04,9.96,5.67,0.88,23.83,22.12
design_0406,0.7,1.03,1.24,nan,nan,nan,0.57,0.99,11.35,6.32,0.88,22.69,20.97
design_0407,0.54,1.14,1.27,nan,nan,nan,0.56,1.0,11.54,6.43,0.88,22.29,20.68
design_0408,0.58,0.8,4.17,nan,nan,nan,1.34,2.87,15.74,8.48,0.88,19.88,18.06
design_0409,0.49,0.69,1.5,nan,nan,nan,0.62,1.1,13.43,7.44,0.87,18.4,18.9
design_0410,0.51,0.86,3.03,nan,nan,nan,1.02,2.11,16.69,8.95,0.88,22.8,20.73
design_0411,0.52,1.0,1.77,nan,nan,nan,0.71,1.33,17.27,9.12,0.89,15.15,14.46
design_0412,0.45,0.79,2.05,nan,nan,nan,0.75,1.46,16.67,8.83,0.88,15.77,18.73
design_0413,0.66,0.85,2.09,nan,nan,nan,0.78,1.52,17.64,9.4,0.88,28.52,13.18
design_0414,0.57,0.78,1.42,nan,nan,nan,0.61,1.08,17.56,9.37,0.88,14.4,14.72
design_0415,0.46,0.82,1.89,nan,nan,nan,0.72,1.36,17.24,9.17,0.88,11.94,12.82
design_0416,0.56,0.63,0.78,nan,nan,nan,0.44,0.69,16.08,8.44,0.89,11.52,12.49
design_0417,0.79,0.44,0.83,nan,nan,nan,0.46,0.75,16.66,8.57,0.9,24.23,18.77
design_0418,0.71,0.5,0.74,nan,nan,nan,0.44,0.68,16.7,8.68,0.89,18.7,13.47
design_0419,1.5,0.5,0.73,nan,nan,nan,0.53,0.96,17.02,8.8,0.89,22.25,16.6
design_0420,0.78,0.59,0.94,nan,nan,nan,0.49,0.83,16.44,8.63,0.89,20.86,18.89
design_0421,1.03,0.55,0.87,nan,nan,nan,0.54,0.86,15.0,7.71,0.9,6.37,7.61
design_0422,0.68,0.79,1.13,nan,nan,nan,0.54,0.95,15.54,8.09,0.9,19.31,11.53
design_0423,0.67,0.5,0.77,nan,nan,nan,0.46,0.69,17.05,8.81,0.89,24.13,16.27
design_0424,0.31,2.99,0.8,nan,nan,nan,0.81,1.68,9.59,5.45,0.88,5.23,3.47
design_0425,0.61,3.07,1.26,nan,nan,nan,0.89,1.85,14.97,7.86,0.9,13.3,15.21
design_0426,0.32,3.0,0.71,nan,nan,nan,0.8,1.67,10.1,5.65,0.88,3.91,4.66
design_0427,0.51,2.93,1.43,nan,nan,nan,0.86,1.82,14.17,7.48,0.89,22.06,14.64
design_0428,0.49,3.15,1.2,nan,nan,nan,0.86,1.86,12.02,6.48,0.89,24.15,24.73
design_0429,0.45,2.98,1.27,nan,nan,nan,0.85,1.79,13.55,7.22,0.89,19.83,13.13
design_0430,0.4,3.07,0.97,nan,nan,nan,0.85,1.76,7.97,4.67,0.88,1.82,2.32
design_0431,0.34,3.01,1.01,nan,nan,nan,0.82,1.74,7.17,4.27,0.88,1.96,2.29
design_0432,0.52,0.57,3.23,nan,nan,nan,1.11,2.27,12.68,7.09,0.87,20.53,19.63
design_0433,0.57,0.51,3.26,nan,nan,nan,1.11,2.3,12.36,6.9,0.88,22.2,22.78
design_0434,0.64,0.53,3.22,nan,nan,nan,1.1,2.27,14.17,7.67,0.88,21.99,23.02
design_0435,0.48,0.67,1.09,nan,nan,nan,0.53,0.86,15.17,7.87,0.9,19.46,19.78
design_0436,0.75,0.55,2.0,nan,nan,nan,0.79,1.47,11.4,6.3,0.88,22.01,23.29
design_0437,0.66,0.56,1.49,nan,nan,nan,0.65,1.12,13.46,7.17,0.89,22.11,23.95
design_0438,0.62,0.56,3.22,nan,nan,nan,1.11,2.27,15.51,8.43,0.88,21.93,22.8
design_0439,0.64,0.65,2.0,nan,nan,nan,0.77,1.46,13.99,7.75,0.87,22.27,22.94
design_0440,0.74,0.82,1.75,nan,nan,nan,0.7,1.31,12.56,6.93,0.88,20.1,19.54
design_0441,0.74,0.77,1.72,nan,nan,nan,0.69,1.29,14.76,8.12,0.87,16.51,16.27
design_0442,0.93,0.62,1.85,nan,nan,nan,0.72,1.39,19.18,10.02,0.87,29.52,22.29
design_0443,0.69,0.72,1.67,nan,nan,nan,0.68,1.24,11.68,6.68,0.86,17.61,16.65
design_0444,0.77,0.88,1.59,nan,nan,nan,0.67,1.23,10.49,6.04,0.87,21.0,21.12
design_0445,0.69,0.79,1.84,nan,nan,nan,0.73,1.36,11.43,6.45,0.87,21.12,21.35
design_0446,0.84,0.85,2.32,nan,nan,nan,0.85,1.69,11.75,6.63,0.87,20.46,19.97
design_0447,0.77,0.75,1.76,nan,nan,nan,0.7,1.31,10.93,6.3,0.87,21.49,22.11
design_0448,0.49,0.95,1.18,nan,nan,nan,0.56,0.95,14.92,7.77,0.9,24.22,20.76
design_0449,0.65,0.94,1.55,nan,nan,nan,0.65,1.16,15.09,7.86,0.9,27.98,14.97
design_0450,0.39,0.87,1.4,nan,nan,nan,0.58,1.03,11.78,6.38,0.88,4.48,3.71
design_0451,0.42,0.96,1.65,nan,nan,nan,0.62,1.2,14.49,7.6,0.89,6.3,6.69
design_0452,0.52,0.91,1.48,nan,nan,nan,0.62,1.1,13.25,6.99,0.89,11.6,10.82
design_0453,0.52,1.05,1.49,nan,nan,nan,0.63,1.14,15.32,7.94,0.9,7.14,7.15
design_0454,0.57,0.93,1.76,nan,nan,nan,0.67,1.27,13.07,6.93,0.9,24.84,23.26
design_0455,0.49,0.81,1.88,nan,nan,nan,0.67,1.3,14.63,7.68,0.89,9.28,10.45
design_0456,0.57,1.33,1.94,nan,nan,nan,0.66,1.33,10.6,6.1,0.86,17.42,14.75
design_0457,0.56,1.44,1.29,nan,nan,nan,0.6,1.13,11.48,6.48,0.87,7.45,5.11
design_0458,0.88,1.33,1.83,nan,nan,nan,0.68,1.35,12.32,6.87,0.88,16.69,14.79
design_0459,0.63,1.41,1.27,nan,nan,nan,0.61,1.12,9.88,5.76,0.87,5.91,4.14
design_0460,0.54,1.37,1.62,nan,nan,nan,0.62,1.21,12.03,6.72,0.87,7.14,4.59
design_0461,0.71,1.15,1.79,nan,nan,nan,0.64,1.24,12.94,7.12,0.88,18.91,11.83
design_0462,0.51,1.42,1.32,nan,nan,nan,0.59,1.12,12.25,6.79,0.87,5.51,3.93
design_0463,0.89,1.34,2.02,nan,nan,nan,0.7,1.43,13.37,7.34,0.88,21.12,17.3
design_0464,0.72,0.68,3.15,nan,nan,nan,1.01,2.14,14.92,8.14,0.87,11.56,14.53
design_0465,0.76,0.66,2.76,nan,nan,nan,0.92,1.9,14.77,8.06,0.88,22.61,26.51
design_0466,0.66,0.63,2.7,nan,nan,nan,0.9,1.84,16.61,8.87,0.89,20.88,22.21
design_0467,0.7,0.53,2.81,nan,nan,nan,0.91,1.91,15.96,8.6,0.87,20.43,20.96
design_0468,0.41,0.64,2.88,nan,nan,nan,0.93,1.94,15.45,8.32,0.89,22.22,25.62
design_0469,0.8,0.71,2.83,nan,nan,nan,0.94,1.96,15.89,8.53,0.88,23.99,24.39
design_0470,0.63,0.7,2.83,nan,nan,nan,0.93,1.93,15.82,8.43,0.89,22.55,24.21
design_0471,0.85,0.6,2.83,nan,nan,nan,0.94,1.95,16.86,8.87,0.89,27.73,18.82
design_0472,0.76,1.35,1.39,nan,nan,nan,0.65,1.17,11.25,6.29,0.88,23.29,21.98
design_0473,0.54,1.33,1.37,nan,nan,nan,0.62,1.11,6.72,4.24,0.87,4.74,5.87
design_0474,0.63,1.46,1.38,nan,nan,nan,0.61,1.18,10.52,6.01,0.87,23.92,24.87
design_0475,0.42,1.36,1.35,nan,nan,nan,0.64,1.09,8.24,4.96,0.87,3.7,3.68
design_0476,0.49,1.41,1.36,nan,nan,nan,0.61,1.13,11.31,6.33,0.88,23.17,24.23
design_0477,0.75,1.59,1.36,nan,nan,nan,0.67,1.25,10.97,6.15,0.88,23.28,23.43
design_0478,0.61,1.51,1.33,nan,nan,nan,0.64,1.18,12.61,6.93,0.88,8.9,6.11
design_0479,0.67,1.26,1.65,nan,nan,nan,0.66,1.21,9.75,5.54,0.88,19.19,12.31
design_0480,0.41,0.72,0.86,nan,nan,nan,0.48,0.71,14.82,7.77,0.9,11.15,9.35
design_0481,0.36,0.49,0.86,nan,nan,nan,0.45,0.65,14.43,7.67,0.89,13.82,11.68
design_0482,0.37,0.53,0.81,nan,nan,nan,0.45,0.63,14.36,7.57,0.89,10.95,8.7
design_0483,0.38,0.48,0.83,nan,nan,nan,0.46,0.64,15.03,7.9,0.89,19.18,12.36
design_0484,0.36,0.77,0.9,nan,nan,nan,0.47,0.74,14.07,7.55,0.88,10.53,8.22
design_0485,0.36,0.63,0.78,nan,nan,nan,0.45,0.64,13.83,7.34,0.89,15.48,14.8
design_0486,0.32,0.53,1.02,nan,nan,nan,0.48,0.74,14.4,7.71,0.88,7.48,6.67
design_0487,0.42,0.97,0.9,nan,nan,nan,0.5,0.81,13.34,7.09,0.89,9.24,4.85
design_0488,0.46,0.61,1.35,nan,nan,nan,0.59,1.01,11.0,6.15,0.88,13.28,12.99
design_0489,0.63,0.64,1.56,nan,nan,nan,0.66,1.17,13.42,7.46,0.86,13.83,10.5
design_0490,0.64,0.64,1.26,nan,nan,nan,0.56,0.99,13.96,7.71,0.87,13.19,13.3
design_0491,0.53,0.7,1.91,nan,nan,nan,0.73,1.4,15.12,8.18,0.87,6.55,5.83
design_0492,0.58,0.65,1.37,nan,nan,nan,0.6,1.05,13.49,7.52,0.87,11.63,13.21
design_0493,0.36,0.73,1.29,nan,nan,nan,0.58,0.98,13.14,7.32,0.87,14.18,14.87
design_0494,0.61,0.59,1.61,nan,nan,nan,0.66,1.2,14.36,7.86,0.87,6.43,4.77
design_0495,0.4,0.6,1.33,nan,nan,nan,0.57,0.99,15.25,8.32,0.87,12.06,13.29
design_0496,0.62,0.69,3.23,nan,nan,nan,1.12,2.28,15.05,8.06,0.88,17.11,16.2
design_0497,0.56,0.65,5.6,nan,nan,nan,1.82,3.91,15.46,8.21,0.89,9.8,8.9
design_0498,0.74,0.69,2.98,nan,nan,nan,1.05,2.13,17.57,9.36,0.88,13.71,8.09
design_0499,1.02,0.67,4.81,nan,nan,nan,1.59,3.39,16.78,8.89,0.87,16.07,18.12
design_0500,0.78,0.62,2.56,nan,nan,nan,0.93,1.85,18.15,9.66,0.87,23.95,12.49
design_0501,1.17,0.63,5.3,nan,nan,nan,1.75,3.74,17.93,9.39,0.87,14.9,11.19
design_0502,0.73,0.54,3.32,nan,nan,nan,1.14,2.35,16.47,9.0,0.86,13.89,14.2
design_0503,0.85,0.55,4.75,nan,nan,nan,1.57,3.33,18.32,9.6,0.87,19.24,13.69
design_0504,0.48,1.37,0.48,nan,nan,nan,0.48,0.87,9.22,5.21,0.88,19.74,17.61
design_0505,0.47,1.19,1.05,nan,nan,nan,0.53,0.94,13.16,7.06,0.88,31.85,16.39
design_0506,0.38,1.29,0.39,nan,nan,nan,0.46,0.79,12.33,6.63,0.89,34.15,15.24
design_0507,0.66,1.7,1.39,nan,nan,nan,0.64,1.3,4.93,3.24,0.89,19.58,17.8
design_0508,0.66,1.37,1.45,nan,nan,nan,0.61,1.19,14.38,7.61,0.88,17.12,13.48
design_0509,0.38,1.66,0.47,nan,nan,nan,0.56,0.99,11.53,6.33,0.88,33.82,14.89
design_0510,0.35,1.47,0.32,nan,nan,nan,0.5,0.87,5.39,3.46,0.88,33.71,14.87
design_0511,0.55,1.54,1.1,nan,nan,nan,0.56,1.11,3.98,2.8,0.9,20.0,18.1
design_0512,0.38,0.99,1.08,nan,nan,nan,0.53,0.86,11.84,6.41,0.89,22.95,23.8
design_0513,0.55,0.91,1.0,nan,nan,nan,0.51,0.83,12.34,6.65,0.89,19.92,18.68
design_0514,0.36,1.12,1.21,nan,nan,nan,0.55,0.95,11.29,6.22,0.88,1.64,2.4
design_0515,0.44,0.94,1.23,nan,nan,nan,0.55,0.91,11.93,6.46,0.89,16.6,16.96
design_0516,0.54,1.1,0.89,nan,nan,nan,0.54,0.86,13.04,7.06,0.88,14.71,10.85
design_0517,0.51,0.83,1.39,nan,nan,nan,0.58,0.96,12.98,7.03,0.89,20.67,15.53
design_0518,0.38,1.05,1.25,nan,nan,nan,0.55,0.95,10.49,5.79,0.88,2.57,2.24
design_0519,0.43,0.93,0.92,nan,nan,nan,0.48,0.78,13.31,7.04,0.9,21.0,20.69
design_0520,0.46,0.84,1.25,nan,nan,nan,0.53,0.93,12.56,6.77,0.89,3.47,3.03
design_0521,0.5,0.84,1.82,nan,nan,nan,0.63,1.25,10.9,6.02,0.88,24.39,24.57
design_0522,0.52,0.89,1.43,nan,nan,nan,0.57,1.04,13.9,7.33,0.89,14.52,10.19
design_0523,0.51,0.89,1.31,nan,nan,nan,0.55,0.99,13.03,6.96,0.89,1.77,2.08
design_0524,0.51,1.01,1.14,nan,nan,nan,0.57,0.93,7.47,4.48,0.87,2.87,1.72
design_0525,0.64,0.92,1.74,nan,nan,nan,0.63,1.24,10.72,5.92,0.89,24.55,25.02
design_0526,0.34,0.85,1.12,nan,nan,nan,0.51,0.85,9.87,5.56,0.88,3.71,2.51
design_0527,0.41,1.07,1.56,nan,nan,nan,0.61,1.15,15.92,8.29,0.9,27.22,12.87
design_0528,0.49,0.9,1.17,nan,nan,nan,0.55,0.9,13.76,7.27,0.89,22.77,14.75
design_0529,0.66,0.94,1.48,nan,nan,nan,0.61,1.09,15.59,8.07,0.9,23.14,15.62
design_0530,0.58,0.94,1.4,nan,nan,nan,0.59,1.04,13.38,7.08,0.9,18.4,15.6
design_0531,0.58,0.87,1.43,nan,nan,nan,0.59,1.03,14.44,7.58,0.9,27.83,16.0
design_0532,0.59,0.89,1.61,nan,nan,nan,0.62,1.12,14.05,7.38,0.9,16.62,13.91
design_0533,0.66,0.92,1.8,nan,nan,nan,0.65,1.24,11.84,6.39,0.89,16.91,14.84
design_0534,0.5,0.91,1.25,nan,nan,nan,0.55,0.94,14.04,7.39,0.9,17.5,14.45
design_0535,0.61,0.81,1.47,nan,nan,nan,0.6,1.04,14.84,7.74,0.9,22.98,15.35
design_0536,0.6,0.61,0.63,nan,nan,nan,0.43,0.62,15.21,7.87,0.9,11.47,9.17
design_0537,0.43,0.54,0.68,nan,nan,nan,0.43,0.59,15.74,8.16,0.9,15.17,12.33
design_0538,0.53,0.51,0.68,nan,nan,nan,0.43,0.6,16.6,8.59,0.9,12.07,10.64
design_0539,0.55,0.48,0.69,nan,nan,nan,0.42,0.61,15.92,8.23,0.9,13.0,9.37
design_0540,0.45,0.52,0.67,nan,nan,nan,0.43,0.59,14.27,7.46,0.9,16.59,14.7
design_0541,0.46,0.42,0.57,nan,nan,nan,0.4,0.51,15.85,8.2,0.9,12.47,13.83
design_0542,0.42,0.54,0.66,nan,nan,nan,0.42,0.58,15.55,8.02,0.9,12.56,10.84
design_0543,0.54,0.65,0.62,nan,nan,nan,0.43,0.61,16.31,8.45,0.89,24.0,17.59
design_0544,0.72,0.71,3.81,nan,nan,nan,1.28,2.69,14.32,8.06,0.86,20.41,20.83
design_0545,0.69,0.67,2.5,nan,nan,nan,0.91,1.8,15.42,8.6,0.86,9.25,9.88
design_0546,0.61,0.58,3.67,nan,nan,nan,1.24,2.58,13.67,7.73,0.86,16.82,14.88
design_0547,0.6,0.67,4.82,nan,nan,nan,1.59,3.37,14.0,7.79,0.87,21.05,22.29
design_0548,0.8,0.62,1.41,nan,nan,nan,0.61,1.11,17.03,9.26,0.86,25.73,14.29
design_0549,0.59,0.62,1.57,nan,nan,nan,0.65,1.17,16.57,8.83,0.88,8.81,7.81
design_0550,0.84,0.55,7.66,nan,nan,nan,2.46,5.34,14.62,8.42,0.85,11.85,14.09
design_0551,0.7,0.57,2.69,nan,nan,nan,0.95,1.92,15.36,8.59,0.85,7.28,5.84
design_0552,0.61,0.78,2.69,nan,nan,nan,0.93,1.85,13.65,7.43,0.89,21.9,19.02
design_0553,0.57,0.69,2.08,nan,nan,nan,0.78,1.45,11.3,6.36,0.88,4.56,3.59
design_0554,0.5,0.72,1.98,nan,nan,nan,0.73,1.38,11.88,6.56,0.89,4.59,3.6
design_0555,0.5,0.75,1.89,nan,nan,nan,0.71,1.33,12.72,6.94,0.89,18.62,12.33
design_0556,0.56,0.81,2.36,nan,nan,nan,0.84,1.64,12.07,6.71,0.88,9.64,6.59
design_0557,0.49,0.89,2.04,nan,nan,nan,0.77,1.44,11.8,6.63,0.88,19.83,14.86
design_0558,0.64,0.73,2.64,nan,nan,nan,0.91,1.82,11.38,6.48,0.88,6.8,5.35
design_0559,0.55,0.58,2.1,nan,nan,nan,0.79,1.45,10.95,6.13,0.89,4.05,2.85
design_0560,0.42,0.35,1.01,nan,nan,nan,0.45,0.69,11.7,6.35,0.89,23.97,23.89
design_0561,0.43,0.35,1.14,nan,nan,nan,0.48,0.77,12.46,6.73,0.89,23.75,23.2
design_0562,0.41,0.3,0.98,nan,nan,nan,0.44,0.67,14.68,7.76,0.89,19.12,14.25
design_0563,0.48,0.31,1.26,nan,nan,nan,0.5,0.84,10.1,5.66,0.88,24.31,25.52
design_0564,0.41,0.32,1.05,nan,nan,nan,0.45,0.71,13.63,7.27,0.89,24.7,24.5
design_0565,0.52,0.32,1.11,nan,nan,nan,0.48,0.76,12.69,6.83,0.88,15.45,14.49
design_0566,0.43,0.36,1.0,nan,nan,nan,0.46,0.69,14.26,7.55,0.9,22.37,23.03
design_0567,0.38,0.36,0.99,nan,nan,nan,0.45,0.68,15.08,7.87,0.9,11.58,11.71
design_0568,0.66,0.57,3.32,nan,nan,nan,1.1,2.29,15.15,7.96,0.89,17.21,14.63
design_0569,0.55,0.66,1.12,nan,nan,nan,0.55,0.88,12.77,6.76,0.9,20.35,21.51
design_0570,0.62,0.63,1.07,nan,nan,nan,0.54,0.86,15.92,8.28,0.9,15.98,16.6
design_0571,0.56,0.62,1.27,nan,nan,nan,0.58,0.96,15.57,8.03,0.9,18.8,18.64
design_0572,0.65,0.6,1.12,nan,nan,nan,0.55,0.89,13.56,7.11,0.9,20.07,20.06
design_0573,0.62,0.61,1.25,nan,nan,nan,0.58,0.96,12.87,6.82,0.89,19.42,18.87
design_0574,0.62,0.5,1.15,nan,nan,nan,0.56,0.88,15.9,8.17,0.9,20.01,17.27
design_0575,0.55,0.62,1.18,nan,nan,nan,0.56,0.91,14.51,7.58,0.9,16.88,17.79
design_0576,0.66,1.06,1.76,nan,nan,nan,0.63,1.22,14.61,7.81,0.89,32.75,24.51
design_0577,0.65,1.2,2.22,nan,nan,nan,0.72,1.47,12.83,7.0,0.88,32.94,25.72
design_0578,0.69,1.03,1.98,nan,nan,nan,0.68,1.32,12.58,6.87,0.88,32.18,24.93
design_0579,0.62,0.99,1.89,nan,nan,nan,0.66,1.26,12.33,6.69,0.88,33.8,25.64
design_0580,1.17,1.06,1.45,nan,nan,nan,0.65,1.24,12.84,7.03,0.88,34.75,27.26
design_0581,0.71,1.0,2.06,nan,nan,nan,0.69,1.36,12.81,7.1,0.88,34.72,26.12
design_0582,0.66,0.91,2.14,nan,nan,nan,0.71,1.36,12.82,7.12,0.87,36.14,23.21
design_0583,0.59,1.08,1.46,nan,nan,nan,0.59,1.08,13.51,7.25,0.89,36.29,22.5
design_0584,1.0,0.58,1.0,nan,nan,nan,0.59,0.9,15.63,8.08,0.9,18.41,8.32
design_0585,1.02,0.6,0.97,nan,nan,nan,0.6,0.9,12.54,6.66,0.9,15.09,20.61
design_0586,0.9,0.49,1.01,nan,nan,nan,0.57,0.85,13.14,6.93,0.89,9.41,13.43
design_0587,1.04,0.52,0.94,nan,nan,nan,0.59,0.88,16.11,8.22,0.91,37.5,22.37
design_0588,1.02,0.35,0.92,nan,nan,nan,0.6,0.83,13.61,7.1,0.9,10.72,12.62
design_0589,0.66,0.56,0.89,nan,nan,nan,0.49,0.72,15.54,8.0,0.91,17.21,18.19
design_0590,0.66,0.54,0.86,nan,nan,nan,0.48,0.71,14.54,7.55,0.91,13.68,18.47
design_0591,1.0,0.54,0.89,nan,nan,nan,0.58,0.84,14.1,7.37,0.9,12.86,11.51
design_0592,0.6,0.91,1.23,nan,nan,nan,0.52,0.92,10.63,6.04,0.87,24.2,23.19
design_0593,0.44,0.58,2.55,nan,nan,nan,0.69,1.41,7.97,4.88,0.86,2.96,3.1
design_0594,0.69,0.59,1.24,nan,nan,nan,0.5,0.85,8.32,5.1,0.86,7.92,10.2
design_0595,0.66,0.85,1.22,nan,nan,nan,0.52,0.91,10.18,5.84,0.87,24.09,23.26
design_0596,0.61,0.75,1.34,nan,nan,nan,0.54,0.91,11.85,6.66,0.87,18.95,15.9
design_0597,0.67,0.75,1.18,nan,nan,nan,0.51,0.87,11.01,6.23,0.87,23.24,22.13
design_0598,0.62,0.67,1.18,nan,nan,nan,0.5,0.83,11.18,6.35,0.87,9.96,11.76
design_0599,0.41,0.73,1.21,nan,nan,nan,0.5,0.81,6.92,4.38,0.87,3.51,3.64
design_0600,0.57,0.42,1.02,nan,nan,nan,0.48,0.76,16.35,8.67,0.89,25.61,17.25
design_0601,0.66,0.48,1.17,nan,nan,nan,0.52,0.87,15.19,8.15,0.88,25.15,16.35
design_0602,0.51,0.51,0.96,nan,nan,nan,0.48,0.73,15.56,8.24,0.89,28.15,15.44
design_0603,0.51,0.61,0.66,nan,nan,nan,0.44,0.6,14.13,7.54,0.88,32.19,14.57
design_0604,0.56,0.54,3.35,nan,nan,nan,1.01,2.18,13.54,7.39,0.87,31.72,14.21
design_0605,0.57,0.49,2.21,nan,nan,nan,0.73,1.47,14.77,8.09,0.87,17.58,12.92
design_0606,0.56,0.44,2.88,nan,nan,nan,0.89,1.88,14.18,7.85,0.87,22.74,15.79
design_0607,0.56,0.46,1.36,nan,nan,nan,0.54,0.96,16.25,8.56,0.89,16.6,13.09
design_0608,0.76,0.87,1.45,nan,nan,nan,0.59,1.03,6.66,4.27,0.87,4.02,3.36
design_0609,0.79,0.84,2.49,nan,nan,nan,0.75,1.48,6.11,4.04,0.87,1.69,1.87
design_0610,0.62,0.78,1.95,nan,nan,nan,0.59,1.19,12.54,6.89,0.88,17.35,12.17
design_0611,0.84,1.0,1.82,nan,nan,nan,0.61,1.23,11.66,6.54,0.88,21.2,21.0
design_0612,0.74,0.71,2.63,nan,nan,nan,0.73,1.52,4.85,3.35,0.88,2.84,4.14
design_0613,0.76,1.08,2.62,nan,nan,nan,0.75,1.59,10.74,6.14,0.87,15.73,16.57
design_0614,0.87,1.02,1.33,nan,nan,nan,0.58,1.06,11.69,6.59,0.88,14.61,14.7
design_0615,0.51,0.97,1.71,nan,nan,nan,0.57,1.11,11.73,6.61,0.87,2.56,2.08
design_0616,0.82,0.97,0.69,nan,nan,nan,0.51,0.81,16.11,8.39,0.89,29.45,14.34
design_0617,0.66,1.02,0.73,nan,nan,nan,0.5,0.8,14.48,7.64,0.9,17.42,16.22
design_0618,0.56,0.84,0.69,nan,nan,nan,0.47,0.7,15.62,8.12,0.9,15.51,14.1
design_0619,0.66,1.04,0.68,nan,nan,nan,0.51,0.79,14.02,7.41,0.9,7.93,3.64
design_0620,0.72,1.06,0.76,nan,nan,nan,0.52,0.84,14.42,7.63,0.89,18.12,16.91
design_0621,0.73,1.1,0.65,nan,nan,nan,0.51,0.82,14.81,7.83,0.89,7.33,6.85
design_0622,0.78,0.91,0.84,nan,nan,nan,0.52,0.84,16.84,8.77,0.89,29.09,16.2
design_0623,0.82,0.95,0.81,nan,nan,nan,0.53,0.85,14.89,7.91,0.89,17.89,17.06
design_0624,0.45,1.37,0.96,nan,nan,nan,0.52,0.98,12.91,6.86,0.89,8.47,6.23
design_0625,0.54,1.38,0.86,nan,nan,nan,0.52,0.97,11.69,6.32,0.88,4.36,3.08
design_0626,0.48,1.3,0.72,nan,nan,nan,0.53,0.88,6.26,3.88,0.88,2.83,2.22
design_0627,0.63,1.5,1.13,nan,nan,nan,0.61,1.12,12.03,6.67,0.88,21.73,21.06
design_0628,0.42,1.52,1.66,nan,nan,nan,0.65,1.29,11.03,6.19,0.87,2.7,2.96
design_0629,0.43,1.48,1.2,nan,nan,nan,0.59,1.1,12.09,6.67,0.87,6.56,5.35
design_0630,0.46,1.38,0.75,nan,nan,nan,0.51,0.92,9.35,5.27,0.86,3.05,3.26
design_0631,0.45,1.32,1.2,nan,nan,nan,0.57,1.04,7.35,4.36,0.88,3.37,3.4
design_0632,1.35,1.74,1.76,nan,nan,nan,0.77,1.61,5.47,3.75,0.87,4.72,6.2
design_0633,0.83,0.53,0.91,nan,nan,nan,0.51,0.78,7.85,4.71,0.87,4.89,6.42
design_0634,0.51,0.65,0.95,nan,nan,nan,0.46,0.71,11.7,6.59,0.87,7.36,3.45
design_0635,1.01,1.22,0.92,nan,nan,nan,0.59,1.05,5.23,3.61,0.87,5.35,6.65
design_0636,0.4,0.48,0.92,nan,nan,nan,0.44,0.63,9.7,5.53,0.88,2.53,3.0
design_0637,0.8,0.61,0.92,nan,nan,nan,0.51,0.79,7.01,4.38,0.87,4.37,5.38
design_0638,0.84,0.58,0.66,nan,nan,nan,0.47,0.71,13.69,7.41,0.88,24.53,9.85
design_0639,0.41,0.47,1.16,nan,nan,nan,0.5,0.75,7.25,4.47,0.87,1.5,1.57
design_0640,0.71,0.37,1.53,nan,nan,nan,0.57,1.05,13.67,7.25,0.89,9.72,8.24
design_0641,0.9,0.38,1.7,nan,nan,nan,0.63,1.19,12.15,6.59,0.88,24.5,23.29
design_0642,0.76,0.39,1.58,nan,nan,nan,0.59,1.09,12.9,6.91,0.89,15.08,16.61
design_0643,0.93,0.57,1.48,nan,nan,nan,0.59,1.1,10.66,5.88,0.88,16.35,16.29
design_0644,0.77,0.34,1.84,nan,nan,nan,0.63,1.23,13.51,7.19,0.88,25.96,14.25
design_0645,0.75,0.45,1.79,nan,nan,nan,0.64,1.21,10.67,5.92,0.88,24.75,24.52
design_0646,0.68,3.04,1.69,nan,nan,nan,0.91,1.97,15.09,7.85,0.9,30.71,18.1
design_0647,0.84,0.44,1.58,nan,nan,nan,0.58,1.11,15.06,7.95,0.89,25.19,20.92
design_0648,0.51,0.32,1.24,nan,nan,nan,0.49,0.78,14.34,7.6,0.89,28.76,15.04
design_0649,0.46,0.38,0.79,nan,nan,nan,0.46,0.57,14.72,7.72,0.89,30.36,19.42
design_0650,0.44,0.39,1.24,nan,nan,nan,0.52,0.78,7.67,4.58,0.88,3.04,1.83
design_0651,0.38,0.41,0.92,nan,nan,nan,0.45,0.61,5.9,3.67,0.89,24.89,25.26
design_0652,0.38,0.34,0.76,nan,nan,nan,0.43,0.52,10.54,5.8,0.89,25.41,24.15
design_0653,0.36,0.39,0.91,nan,nan,nan,0.42,0.6,3.27,2.43,0.9,25.01,24.94
design_0654,0.35,0.25,0.8,nan,nan,nan,0.45,0.52,12.09,6.53,0.89,25.0,23.62
design_0655,0.41,0.2,0.8,nan,nan,nan,0.43,0.52,8.94,5.08,0.88,24.7,24.71
design_0656,1.08,0.51,2.0,nan,nan,nan,0.77,1.5,17.13,9.22,0.88,22.29,27.07
design_0657,0.86,0.59,2.71,nan,nan,nan,0.95,1.92,17.31,9.23,0.88,20.35,11.68
design_0658,0.54,0.36,2.66,nan,nan,nan,0.92,1.83,16.16,8.7,0.88,19.17,17.32
design_0659,0.78,0.59,3.11,nan,nan,nan,1.05,2.17,15.97,8.64,0.88,23.03,27.78
design_0660,0.81,0.53,2.13,nan,nan,nan,0.79,1.53,14.1,7.77,0.87,22.95,28.5
design_0661,0.89,0.64,2.05,nan,nan,nan,0.79,1.5,15.95,8.62,0.88,23.07,27.79
design_0662,0.82,0.66,2.73,nan,nan,nan,0.95,1.93,14.69,8.07,0.86,23.29,29.1
design_0663,0.82,0.57,2.32,nan,nan,nan,0.84,1.65,14.49,8.02,0.86,23.23,29.19
design_0664,7.48,17.44,5.6,nan,nan,nan,9.16,11.48,14.21,8.01,0.86,13.55,12.11
design_0665,6.63,18.34,4.53,nan,nan,nan,9.14,11.61,6.77,4.8,0.85,13.39,14.07
design_0666,6.9,17.41,4.66,nan,nan,nan,9.08,11.21,7.67,5.27,0.84,13.68,13.14
design_0667,6.67,17.88,5.32,nan,nan,nan,9.12,11.48,9.17,5.94,0.85,13.36,13.43
design_0668,6.93,17.47,6.35,nan,nan,nan,9.1,11.47,16.77,9.32,0.86,23.49,11.43
design_0669,6.44,16.71,5.24,nan,nan,nan,8.96,10.81,10.5,6.34,0.86,12.38,14.1
design_0670,8.4,17.75,4.24,nan,nan,nan,9.16,11.72,11.91,7.03,0.85,16.05,18.09
design_0671,6.47,16.59,5.78,nan,nan,nan,8.99,10.83,12.23,7.09,0.86,14.04,16.28
design_0672,0.57,0.73,4.53,nan,nan,nan,1.39,3.03,16.4,8.71,0.88,22.86,18.36
design_0673,0.62,0.8,1.19,nan,nan,nan,0.56,0.94,16.18,8.63,0.88,5.81,6.54
design_0674,0.62,0.91,1.18,nan,nan,nan,0.57,0.97,15.18,8.14,0.87,4.96,2.57
design_0675,0.58,0.88,1.11,nan,nan,nan,0.55,0.92,14.11,7.58,0.88,21.7,22.03
design_0676,0.65,0.82,1.24,nan,nan,nan,0.57,0.98,14.32,7.72,0.88,5.52,5.83
design_0677,0.57,0.75,1.26,nan,nan,nan,0.57,0.97,15.44,8.24,0.88,19.98,17.94
design_0678,0.62,0.81,1.23,nan,nan,nan,0.57,0.97,14.72,7.88,0.88,20.03,20.31
design_0679,0.62,0.82,1.17,nan,nan,nan,0.57,0.94,14.68,7.95,0.87,4.18,2.63
design_0680,0.59,0.44,1.12,nan,nan,nan,0.49,0.74,10.44,5.93,0.87,24.45,22.61
design_0681,0.44,0.48,2.31,nan,nan,nan,0.65,1.28,7.53,4.66,0.87,5.1,5.49
design_0682,0.61,0.45,1.14,nan,nan,nan,0.49,0.76,11.84,6.57,0.88,23.6,21.61
design_0683,0.77,0.54,3.29,nan,nan,nan,0.85,1.83,6.01,3.89,0.88,24.97,16.34
design_0684,0.84,0.56,1.2,nan,nan,nan,0.54,0.88,11.32,6.36,0.87,23.92,22.7
design_0685,0.44,0.5,1.16,nan,nan,nan,0.49,0.73,11.85,6.57,0.88,8.05,9.27
design_0686,0.71,0.52,1.23,nan,nan,nan,0.52,0.84,11.18,6.33,0.87,24.59,22.86
design_0687,0.82,0.5,1.2,nan,nan,nan,0.52,0.87,12.6,6.94,0.88,20.57,20.2
design_0688,0.59,0.66,2.21,nan,nan,nan,0.83,1.59,15.93,8.52,0.88,18.31,20.85
design_0689,0.65,0.59,2.53,nan,nan,nan,0.92,1.81,14.69,7.8,0.89,21.97,23.77
design_0690,0.84,0.45,3.06,nan,nan,nan,1.08,2.18,15.61,8.27,0.89,14.54,13.55
design_0691,0.77,0.46,2.93,nan,nan,nan,1.03,2.08,18.19,9.43,0.89,33.87,19.78
design_0692,0.64,0.49,2.42,nan,nan,nan,0.88,1.73,19.69,10.06,0.89,33.35,16.86
design_0693,0.68,0.49,2.77,nan,nan,nan,0.99,1.97,16.76,8.93,0.88,21.34,14.7
design_0694,0.82,0.38,3.35,nan,nan,nan,1.16,2.37,16.7,8.83,0.88,19.08,13.02
design_0695,0.86,0.45,2.84,nan,nan,nan,1.01,2.03,17.86,9.23,0.88,24.68,11.72
design_0696,0.57,0.48,0.72,nan,nan,nan,0.46,0.63,16.92,8.64,0.9,19.7,18.77
design_0697,0.67,0.55,0.9,nan,nan,nan,0.53,0.77,16.41,8.4,0.9,22.89,26.78
design_0698,0.57,0.68,0.69,nan,nan,nan,0.48,0.66,16.24,8.33,0.9,17.48,17.51
design_0699,0.58,0.48,0.62,nan,nan,nan,0.45,0.58,15.39,8.06,0.89,18.33,15.58
design_0700,0.45,0.63,0.69,nan,nan,nan,0.46,0.62,15.9,8.14,0.91,20.9,22.93
design_0701,0.48,0.57,0.75,nan,nan,nan,0.47,0.65,16.22,8.25,0.91,22.58,25.39
design_0702,0.51,0.56,0.64,nan,nan,nan,0.46,0.59,17.01,8.67,0.9,15.66,10.25
design_0703,0.55,0.61,0.75,nan,nan,nan,0.47,0.67,15.75,8.07,0.91,21.64,24.33
design_0704,0.55,2.27,1.87,nan,nan,nan,0.83,1.71,11.17,6.09,0.89,24.49,24.42
design_0705,0.69,2.25,1.92,nan,nan,nan,0.83,1.75,14.43,7.6,0.89,27.01,22.46
design_0706,0.49,1.69,1.99,nan,nan,nan,0.78,1.57,5.47,3.63,0.87,3.63,2.63
design_0707,0.59,2.29,1.98,nan,nan,nan,0.85,1.77,11.87,6.37,0.89,24.39,24.79
design_0708,0.49,2.21,1.92,nan,nan,nan,0.84,1.71,6.26,3.95,0.88,4.05,2.23
design_0709,0.52,2.28,1.72,nan,nan,nan,0.81,1.65,10.41,5.76,0.88,4.85,3.92
design_0710,0.65,2.11,2.37,nan,nan,nan,0.9,1.91,13.42,7.16,0.89,20.45,17.36
design_0711,0.64,2.29,2.09,nan,nan,nan,0.87,1.83,13.99,7.39,0.89,18.69,17.39
design_0712,1.09,1.0,1.06,nan,nan,nan,0.56,1.05,12.17,6.77,0.87,7.28,3.83
design_0713,0.47,1.03,1.72,nan,nan,nan,0.58,1.12,13.3,7.22,0.88,20.02,15.68
design_0714,0.72,0.97,1.49,nan,nan,nan,0.58,1.06,9.91,5.74,0.87,2.86,1.67
design_0715,0.45,1.04,2.67,nan,nan,nan,0.75,1.56,4.6,3.31,0.88,2.75,2.82
design_0716,0.36,0.87,1.85,nan,nan,nan,0.57,1.12,12.37,6.84,0.87,13.76,10.52
design_0717,0.84,0.9,1.74,nan,nan,nan,0.59,1.18,13.71,7.46,0.88,21.55,13.07
design_0718,0.85,0.96,1.15,nan,nan,nan,0.54,0.98,10.09,5.79,0.87,23.17,22.18
design_0719,0.56,0.93,2.43,nan,nan,nan,0.72,1.43,5.46,3.69,0.87,2.41,2.09
design_0720,0.72,1.93,1.06,nan,nan,nan,0.65,1.3,15.03,7.91,0.89,28.31,17.4
design_0721,0.65,1.97,0.86,nan,nan,nan,0.62,1.25,13.32,7.15,0.88,5.67,6.81
design_0722,0.6,1.7,1.01,nan,nan,nan,0.59,1.16,13.33,7.19,0.89,9.29,10.51
design_0723,0.52,1.18,0.62,nan,nan,nan,0.49,0.81,4.04,3.01,0.88,2.62,2.0
design_0724,0.68,3.36,1.06,nan,nan,nan,0.9,1.98,13.7,7.43,0.88,16.26,16.93
design_0725,0.51,1.93,1.27,nan,nan,nan,0.66,1.33,12.97,6.98,0.88,24.09,22.27
design_0726,1.07,1.92,2.29,nan,nan,nan,0.86,1.83,12.14,6.64,0.88,22.66,20.61
design_0727,0.68,1.91,0.96,nan,nan,nan,0.64,1.26,13.28,7.18,0.89,19.51,19.8
design_0728,0.84,0.58,2.24,nan,nan,nan,0.82,1.61,14.3,7.82,0.87,15.57,19.12
design_0729,0.85,0.67,2.24,nan,nan,nan,0.83,1.62,14.14,7.78,0.87,20.33,23.04
design_0730,0.8,0.59,2.8,nan,nan,nan,0.97,1.97,14.65,7.85,0.88,14.81,9.69
design_0731,0.71,0.61,2.15,nan,nan,nan,0.79,1.54,15.72,8.38,0.88,11.63,11.61
design_0732,0.71,0.52,2.39,nan,nan,nan,0.85,1.68,13.47,7.44,0.87,22.53,25.35
design_0733,0.76,0.53,2.24,nan,nan,nan,0.82,1.59,13.76,7.57,0.87,18.88,22.04
design_0734,0.75,0.65,2.17,nan,nan,nan,0.8,1.56,14.23,7.75,0.87,20.41,23.71
design_0735,0.71,0.59,2.17,nan,nan,nan,0.8,1.55,14.89,8.03,0.88,22.2,24.77
design_0736,0.93,0.93,1.7,nan,nan,nan,0.68,1.26,5.89,3.76,0.88,2.04,2.52
design_0737,0.97,0.79,1.85,nan,nan,nan,0.71,1.31,6.03,3.84,0.87,3.97,4.89
design_0738,1.0,1.02,1.69,nan,nan,nan,0.69,1.29,4.31,3.05,0.88,2.0,2.43
design_0739,0.92,0.66,1.62,nan,nan,nan,0.62,1.16,5.12,3.5,0.87,3.0,3.77
design_0740,1.21,0.74,1.75,nan,nan,nan,0.69,1.32,4.66,3.27,0.88,2.84,3.46
design_0741,0.36,0.37,1.0,nan,nan,nan,0.47,0.66,8.6,5.0,0.88,2.11,1.09
design_0742,0.41,0.48,0.64,nan,nan,nan,0.45,0.52,9.43,5.36,0.88,3.94,4.79
design_0743,0.56,0.23,0.82,nan,nan,nan,0.45,0.6,9.72,5.5,0.88,2.24,1.73
design_0744,1.18,0.48,3.79,nan,nan,nan,1.28,2.71,14.46,8.16,0.86,15.88,14.92
design_0745,0.79,0.71,3.27,nan,nan,nan,1.12,2.33,15.29,8.22,0.87,15.71,12.95
design_0746,0.57,0.66,3.75,nan,nan,nan,1.25,2.63,12.97,7.41,0.85,16.41,16.55
design_0747,0.83,0.72,2.04,nan,nan,nan,0.78,1.52,13.46,7.67,0.86,11.99,10.17
design_0748,0.85,0.76,2.55,nan,nan,nan,0.93,1.86,15.39,8.53,0.86,19.22,21.6
design_0749,0.68,0.57,1.67,nan,nan,nan,0.67,1.24,19.06,10.04,0.86,36.52,19.87
design_0750,0.75,0.61,3.41,nan,nan,nan,1.16,2.41,15.65,8.63,0.86,13.8,12.28
design_0751,0.79,0.69,3.13,nan,nan,nan,1.08,2.23,15.77,8.47,0.87,13.33,8.8
design_0752,0.87,0.8,0.93,nan,nan,nan,0.54,0.88,10.42,5.89,0.88,4.62,3.32
design_0753,0.76,0.67,1.19,nan,nan,nan,0.56,0.97,15.1,7.92,0.89,22.52,18.23
design_0754,0.99,0.7,0.84,nan,nan,nan,0.53,0.86,14.84,7.92,0.89,24.46,18.63
design_0755,0.9,0.7,1.2,nan,nan,nan,0.6,1.02,14.43,7.56,0.9,6.05,4.99
design_0756,0.94,0.72,1.18,nan,nan,nan,0.58,1.02,15.72,8.23,0.89,19.15,17.27
design_0757,1.03,0.61,0.88,nan,nan,nan,0.55,0.87,16.43,8.61,0.88,19.06,15.1
design_0758,0.76,0.61,1.16,nan,nan,nan,0.57,0.95,15.76,8.22,0.89,22.46,19.73
design_0759,1.05,0.67,0.81,nan,nan,nan,0.54,0.86,15.2,8.04,0.89,19.71,19.11
design_0760,0.59,1.2,2.19,nan,nan,nan,0.73,1.49,12.64,6.85,0.89,9.67,8.3
design_0761,0.54,1.11,1.57,nan,nan,nan,0.6,1.16,13.64,7.26,0.89,20.17,19.84
design_0762,0.46,1.09,0.99,nan,nan,nan,0.52,0.88,10.25,5.7,0.89,3.63,2.71
design_0763,0.5,1.12,2.38,nan,nan,nan,0.77,1.56,8.52,5.02,0.87,6.92,8.71
design_0764,0.81,1.46,2.11,nan,nan,nan,0.76,1.56,12.92,6.94,0.89,23.22,21.13
design_0765,0.68,1.06,1.23,nan,nan,nan,0.55,1.01,14.84,7.84,0.9,23.96,19.17
design_0766,0.65,1.06,1.59,nan,nan,nan,0.61,1.17,13.97,7.36,0.9,19.33,13.98
design_0767,0.46,1.05,1.3,nan,nan,nan,0.54,1.0,11.99,6.47,0.89,4.85,5.49
design_0768,0.76,0.67,1.53,nan,nan,nan,0.56,1.05,12.2,6.69,0.88,6.11,4.23
design_0769,0.72,0.46,1.64,nan,nan,nan,0.55,1.05,14.07,7.56,0.88,27.26,12.71
design_0770,0.62,0.39,0.75,nan,nan,nan,0.44,0.61,8.54,4.95,0.88,3.92,4.63
design_0771,0.49,0.37,0.77,nan,nan,nan,0.42,0.56,6.26,3.95,0.87,3.42,3.87
design_0772,0.69,0.39,1.25,nan,nan,nan,0.5,0.85,13.58,7.26,0.89,11.38,9.38
design_0773,0.57,0.34,1.26,nan,nan,nan,0.46,0.81,12.3,6.64,0.88,4.06,2.78
design_0774,0.46,0.37,0.94,nan,nan,nan,0.42,0.63,12.57,6.8,0.88,11.55,7.46
design_0775,0.52,0.44,0.63,nan,nan,nan,0.4,0.54,5.44,3.58,0.88,2.89,3.06
design_0776,0.66,0.59,3.11,nan,nan,nan,0.96,2.05,16.66,8.84,0.89,6.17,6.54
design_0777,0.46,0.47,3.12,nan,nan,nan,0.95,2.03,14.21,7.73,0.88,23.42,20.92
design_0778,0.51,0.68,0.8,nan,nan,nan,0.46,0.69,12.58,6.77,0.89,4.38,4.19
design_0779,0.42,0.56,0.88,nan,nan,nan,0.45,0.68,13.97,7.37,0.9,20.76,22.41
design_0780,0.77,0.55,4.32,nan,nan,nan,1.27,2.81,16.42,8.69,0.89,24.29,15.22
design_0781,0.29,0.58,0.76,nan,nan,nan,0.41,0.6,10.37,5.73,0.89,22.03,24.83
design_0782,0.53,0.62,0.82,nan,nan,nan,0.47,0.68,9.8,5.47,0.89,21.47,22.93
design_0783,0.43,0.53,0.8,nan,nan,nan,0.42,0.63,11.11,6.1,0.89,21.72,23.46
design_0784,0.53,0.92,1.54,nan,nan,nan,0.65,1.16,12.55,6.99,0.87,18.77,12.89
design_0785,0.49,0.96,1.07,nan,nan,nan,0.54,0.9,11.59,6.56,0.87,18.83,13.55
design_0786,0.53,0.91,1.59,nan,nan,nan,0.66,1.18,11.96,6.75,0.87,18.97,13.07
design_0787,0.5,0.89,1.1,nan,nan,nan,0.55,0.9,13.44,7.45,0.87,15.65,8.24
design_0788,0.5,0.88,1.92,nan,nan,nan,0.72,1.37,13.3,7.4,0.88,19.24,13.49
design_0789,0.48,0.94,1.8,nan,nan,nan,0.7,1.31,14.05,7.6,0.89,19.74,14.14
design_0790,0.52,0.97,1.35,nan,nan,nan,0.6,1.06,11.28,6.4,0.87,18.67,13.88
design_0791,0.49,0.99,1.28,nan,nan,nan,0.6,1.02,12.97,7.16,0.87,13.28,5.92
design_0792,0.49,0.95,1.52,nan,nan,nan,0.61,1.13,10.66,5.76,0.9,1.64,1.9
design_0793,0.62,1.05,2.1,nan,nan,nan,0.74,1.49,12.97,6.91,0.89,3.47,3.83
design_0794,0.61,1.27,2.34,nan,nan,nan,0.81,1.67,13.5,7.14,0.89,7.39,5.99
design_0795,0.53,1.15,2.02,nan,nan,nan,0.72,1.45,11.76,6.35,0.89,2.42,2.54
design_0796,0.48,1.15,1.79,nan,nan,nan,0.68,1.32,11.25,6.19,0.89,3.53,2.8
design_0797,0.82,1.17,2.56,nan,nan,nan,0.86,1.81,13.6,7.21,0.89,8.54,7.18
design_0798,0.7,1.23,2.64,nan,nan,nan,0.88,1.85,14.73,7.72,0.9,15.01,8.95
design_0799,0.63,1.21,2.13,nan,nan,nan,0.76,1.54,12.3,6.6,0.89,24.53,24.16
design_0800,0.9,0.72,0.43,nan,nan,nan,0.48,0.66,16.7,8.61,0.9,13.0,10.29
design_0801,0.51,0.78,0.68,nan,nan,nan,0.46,0.66,16.03,8.34,0.89,18.04,18.34
design_0802,0.42,0.5,0.75,nan,nan,nan,0.45,0.61,15.32,7.94,0.9,19.49,17.13
design_0803,0.62,0.69,0.42,nan,nan,nan,0.43,0.55,15.15,7.9,0.9,19.22,17.01
design_0804,0.89,0.69,0.66,nan,nan,nan,0.5,0.74,15.89,8.24,0.9,12.84,11.19
design_0805,0.46,0.54,0.66,nan,nan,nan,0.43,0.58,14.98,7.8,0.9,17.43,18.95
design_0806,0.47,0.62,0.68,nan,nan,nan,0.45,0.61,16.08,8.31,0.9,11.78,10.57
design_0807,0.68,0.69,0.6,nan,nan,nan,0.46,0.65,15.54,8.08,0.9,19.79,18.91
design_0808,0.48,0.85,1.45,nan,nan,nan,0.59,1.04,15.42,8.0,0.91,24.0,20.53
design_0809,0.4,0.96,0.93,nan,nan,nan,0.52,0.8,11.72,6.31,0.9,9.5,7.86
design_0810,0.51,0.95,1.72,nan,nan,nan,0.65,1.21,14.78,7.76,0.9,26.81,19.96
design_0811,0.45,0.94,1.53,nan,nan,nan,0.6,1.1,14.71,7.69,0.9,20.08,16.66
design_0812,0.43,0.81,1.27,nan,nan,nan,0.55,0.93,8.7,4.98,0.89,7.6,6.26
design_0813,0.48,0.98,1.19,nan,nan,nan,0.55,0.94,14.65,7.63,0.91,18.61,12.06
design_0814,0.46,0.86,1.14,nan,nan,nan,0.53,0.88,11.27,6.12,0.89,7.75,5.65
design_0815,0.55,1.0,1.2,nan,nan,nan,0.56,0.97,12.09,6.55,0.89,6.15,5.96
design_0816,1.02,0.9,1.24,nan,nan,nan,0.6,1.09,10.22,5.75,0.88,4.6,3.62
design_0817,0.54,1.12,1.28,nan,nan,nan,0.58,1.05,12.32,6.6,0.89,5.92,2.71
design_0818,0.53,1.07,1.53,nan,nan,nan,0.61,1.17,11.05,6.09,0.88,4.73,2.15
design_0819,1.0,1.02,1.69,nan,nan,nan,0.67,1.33,12.82,6.89,0.88,8.03,4.05
design_0820,0.73,0.97,2.05,nan,nan,nan,0.73,1.46,15.36,8.06,0.89,39.03,14.62
design_0821,1.04,0.33,1.52,nan,nan,nan,0.6,1.15,10.29,5.87,0.87,4.99,4.25
design_0822,1.08,0.93,1.44,nan,nan,nan,0.64,1.21,10.32,5.77,0.88,4.76,2.51
design_0823,0.51,1.15,1.54,nan,nan,nan,0.62,1.19,13.15,7.04,0.89,8.09,3.81
design_0824,0.61,1.04,3.11,nan,nan,nan,1.02,2.14,13.49,7.43,0.88,23.48,18.79
design_0825,0.56,1.09,2.87,nan,nan,nan,0.95,1.99,12.42,6.96,0.87,23.47,20.21
design_0826,0.57,1.12,2.62,nan,nan,nan,0.89,1.85,13.81,7.43,0.88,16.83,13.24
design_0827,0.74,1.09,2.83,nan,nan,nan,0.95,1.99,14.54,7.88,0.88,29.53,15.69
design_0828,0.39,1.05,1.51,nan,nan,nan,0.65,1.15,7.66,4.72,0.87,4.02,3.58
design_0829,0.42,1.21,2.5,nan,nan,nan,0.87,1.78,11.66,6.58,0.87,7.55,5.24
design_0830,0.6,1.07,2.84,nan,nan,nan,0.95,1.98,12.91,7.14,0.88,23.45,17.4
design_0831,0.46,1.13,1.65,nan,nan,nan,0.67,1.26,11.76,6.56,0.88,4.24,3.21
design_0832,0.96,0.9,0.95,nan,nan,nan,0.55,0.94,14.44,7.7,0.89,28.48,19.35
design_0833,0.8,0.45,1.1,nan,nan,nan,0.53,0.83,7.65,4.66,0.87,4.36,5.27
design_0834,0.86,0.84,0.93,nan,nan,nan,0.48,0.88,12.09,6.63,0.88,2.98,2.62
design_0835,0.69,0.49,1.38,nan,nan,nan,0.52,0.92,11.12,6.16,0.88,24.11,24.33
design_0836,0.94,0.51,1.15,nan,nan,nan,0.51,0.91,11.1,6.37,0.87,23.48,23.62
design_0837,0.92,0.74,0.77,nan,nan,nan,0.47,0.82,12.0,6.72,0.87,23.63,23.19
design_0838,0.85,0.49,0.64,nan,nan,nan,0.47,0.69,11.45,6.36,0.88,23.82,23.4
design_0839,1.07,1.57,1.35,nan,nan,nan,0.68,1.33,14.58,7.78,0.89,29.38,16.14
design_0840,0.57,0.28,0.72,nan,nan,nan,0.45,0.57,4.47,3.09,0.89,1.17,1.09
design_0841,0.63,0.33,1.01,nan,nan,nan,0.48,0.75,10.46,5.81,0.88,1.46,1.4
design_0842,0.56,0.44,1.42,nan,nan,nan,0.58,0.96,11.7,6.39,0.88,1.52,1.65
design_0843,0.69,0.34,1.75,nan,nan,nan,0.6,1.17,16.22,8.43,0.89,25.59,13.12
design_0844,0.71,0.43,1.53,nan,nan,nan,0.56,1.05,14.25,7.53,0.89,28.24,19.85
design_0845,0.64,1.03,0.72,nan,nan,nan,0.49,0.8,5.3,3.49,0.88,2.74,1.64
design_0846,0.69,0.37,1.4,nan,nan,nan,0.53,0.97,12.81,6.87,0.89,22.7,23.39
design_0847,0.67,0.47,1.54,nan,nan,nan,0.56,1.06,15.35,8.06,0.89,28.58,18.09
design_0848,0.52,0.92,1.0,nan,nan,nan,0.54,0.86,15.63,8.25,0.89,13.98,6.76
design_0849,0.5,1.02,1.0,nan,nan,nan,0.55,0.89,16.56,8.71,0.89,10.18,5.65
design_0850,0.45,0.99,1.0,nan,nan,nan,0.56,0.87,16.41,8.58,0.89,24.06,16.49
design_0851,0.37,0.98,0.92,nan,nan,nan,0.52,0.81,14.76,7.87,0.89,11.24,8.96
design_0852,0.33,0.94,1.06,nan,nan,nan,0.55,0.87,15.46,8.16,0.89,14.17,11.01
design_0853,0.5,0.88,1.23,nan,nan,nan,0.57,0.97,16.0,8.39,0.89,42.17,16.61
design_0854,0.4,1.01,1.15,nan,nan,nan,0.58,0.95,15.93,8.32,0.9,14.54,12.93
design_0855,0.3,0.97,0.94,nan,nan,nan,0.52,0.81,15.89,8.41,0.89,12.16,12.93
design_0856,0.74,0.66,1.7,nan,nan,nan,0.69,1.26,15.84,8.52,0.87,16.51,12.67
design_0857,0.69,0.69,1.73,nan,nan,nan,0.68,1.28,15.2,7.97,0.89,19.05,17.21
design_0858,0.63,0.64,1.9,nan,nan,nan,0.73,1.37,15.43,8.26,0.88,10.86,10.37
design_0859,0.73,0.71,1.93,nan,nan,nan,0.74,1.41,14.74,7.99,0.88,20.38,21.11
design_0860,0.88,0.77,2.32,nan,nan,nan,0.85,1.69,14.71,7.98,0.88,20.45,21.33
design_0861,0.69,0.79,1.69,nan,nan,nan,0.68,1.27,9.26,5.4,0.87,20.78,20.49
design_0862,0.64,0.71,1.69,nan,nan,nan,0.67,1.24,15.17,8.14,0.88,19.55,18.31
design_0863,0.65,0.71,1.74,nan,nan,nan,0.68,1.28,10.51,5.86,0.88,20.65,19.9
design_0864,0.57,0.92,1.18,nan,nan,nan,0.55,0.89,12.28,6.8,0.87,19.24,12.36
design_0865,0.57,1.07,1.35,nan,nan,nan,0.55,1.01,11.89,6.68,0.87,23.37,22.56
design_0866,0.52,1.09,1.26,nan,nan,nan,0.55,0.97,13.15,7.24,0.87,19.85,16.11
design_0867,0.58,0.94,1.19,nan,nan,nan,0.55,0.91,12.8,7.02,0.88,18.08,11.89
design_0868,0.53,1.09,1.04,nan,nan,nan,0.52,0.9,11.64,6.53,0.87,6.95,4.72
design_0869,0.68,1.06,1.19,nan,nan,nan,0.54,0.97,11.59,6.5,0.87,23.25,21.97
design_0870,0.55,0.98,1.19,nan,nan,nan,0.55,0.91,12.23,6.79,0.88,18.35,11.78
design_0871,0.6,0.94,1.2,nan,nan,nan,0.53,0.91,11.6,6.51,0.88,23.72,22.27
design_0872,0.83,0.63,1.16,nan,nan,nan,0.52,0.91,6.54,4.24,0.87,2.38,1.63
design_0873,0.63,2.22,0.51,nan,nan,nan,0.65,1.3,3.75,2.93,0.88,2.94,2.91
design_0874,0.48,0.76,1.3,nan,nan,nan,0.51,0.92,13.74,7.38,0.89,15.27,6.83
design_0875,0.89,1.1,1.38,nan,nan,nan,0.59,1.14,5.06,3.67,0.86,1.77,1.57
design_0876,0.84,1.12,1.21,nan,nan,nan,0.57,1.07,4.47,3.4,0.87,1.65,1.87
design_0877,0.47,1.23,0.82,nan,nan,nan,0.52,0.88,5.41,3.6,0.88,1.22,1.27
design_0878,0.92,0.78,1.33,nan,nan,nan,0.56,1.05,15.52,8.26,0.88,16.25,9.64
design_0879,1.01,0.69,1.43,nan,nan,nan,0.59,1.1,10.01,5.85,0.86,1.63,1.74
design_0880,0.73,0.61,1.72,nan,nan,nan,0.69,1.29,15.34,8.57,0.86,23.82,26.7
design_0881,0.53,0.7,2.39,nan,nan,nan,0.87,1.71,14.93,8.33,0.86,20.48,24.26
design_0882,0.73,0.47,1.97,nan,nan,nan,0.77,1.44,14.62,8.07,0.85,14.79,16.36
design_0883,0.68,0.66,2.12,nan,nan,nan,0.8,1.55,14.69,8.21,0.86,19.29,23.22
design_0884,0.87,0.6,2.36,nan,nan,nan,0.88,1.73,15.79,8.61,0.86,7.16,8.09
design_0885,0.51,0.55,2.94,nan,nan,nan,1.02,2.07,13.09,7.38,0.86,20.26,21.63
design_0886,0.5,0.59,2.99,nan,nan,nan,1.03,2.11,11.99,6.81,0.86,21.95,24.54
design_0887,0.75,0.76,2.89,nan,nan,nan,1.02,2.08,13.28,7.32,0.87,23.29,26.75
design_0888,0.57,0.46,1.86,nan,nan,nan,0.64,1.26,14.14,7.44,0.9,22.77,22.75
design_0889,0.56,0.52,1.89,nan,nan,nan,0.65,1.28,15.65,8.15,0.9,10.25,6.8
design_0890,0.59,2.86,2.41,nan,nan,nan,1.01,2.17,14.27,7.53,0.89,24.77,22.53
design_0891,0.67,2.86,2.22,nan,nan,nan,0.97,2.1,15.38,8.0,0.9,24.98,19.31
design_0892,0.67,0.48,2.2,nan,nan,nan,0.72,1.48,15.77,8.19,0.9,30.75,19.67
design_0893,0.65,0.44,2.09,nan,nan,nan,0.69,1.4,14.75,7.73,0.89,16.16,17.98
design_0894,0.54,0.32,2.08,nan,nan,nan,0.69,1.37,5.7,3.64,0.88,2.0,1.55
design_0895,0.61,0.43,2.35,nan,nan,nan,0.75,1.56,11.29,6.22,0.88,24.91,24.59
design_0896,0.61,0.85,0.78,nan,nan,nan,0.51,0.76,15.02,7.78,0.9,22.15,21.02
design_0897,0.52,0.7,0.72,nan,nan,nan,0.49,0.67,15.22,7.81,0.91,20.62,21.59
design_0898,0.84,0.77,0.71,nan,nan,nan,0.53,0.76,16.74,8.56,0.9,27.41,16.95
design_0899,0.5,0.77,0.71,nan,nan,nan,0.48,0.67,15.51,8.0,0.9,18.68,13.18
design_0900,0.73,0.73,0.62,nan,nan,nan,0.48,0.68,16.08,8.27,0.9,20.02,12.89
design_0901,0.5,0.69,0.69,nan,nan,nan,0.47,0.65,15.93,8.16,0.91,19.68,18.88
design_0902,0.56,0.69,0.74,nan,nan,nan,0.48,0.68,16.27,8.29,0.91,18.28,11.56
design_0903,0.55,0.75,0.73,nan,nan,nan,0.49,0.69,15.64,8.06,0.9,24.14,17.7
design_0904,0.73,0.71,1.81,nan,nan,nan,0.71,1.33,14.58,7.78,0.89,19.44,18.86
design_0905,0.74,0.51,0.9,nan,nan,nan,0.5,0.77,18.1,9.26,0.89,19.41,12.54
design_0906,0.91,0.65,1.8,nan,nan,nan,0.72,1.35,14.64,7.81,0.89,22.79,26.14
design_0907,0.88,0.58,0.9,nan,nan,nan,0.53,0.82,16.58,8.7,0.89,16.54,11.02
design_0908,0.71,0.59,1.49,nan,nan,nan,0.62,1.12,17.14,8.93,0.88,17.51,12.51
design_0909,0.75,0.67,1.72,nan,nan,nan,0.7,1.28,14.7,7.94,0.88,23.03,26.2
design_0910,0.85,0.6,1.24,nan,nan,nan,0.59,1.0,16.73,8.75,0.89,15.56,12.5
design_0911,0.6,0.63,2.03,nan,nan,nan,0.75,1.45,14.36,7.68,0.89,22.66,25.27
design_0912,0.57,0.61,1.17,nan,nan,nan,0.53,0.86,13.49,7.12,0.9,15.29,15.72
design_0913,0.55,0.75,1.25,nan,nan,nan,0.54,0.93,13.75,7.27,0.89,11.58,5.48
design_0914,0.48,0.89,0.99,nan,nan,nan,0.49,0.82,14.46,7.64,0.9,25.17,19.03
design_0915,0.6,0.7,1.38,nan,nan,nan,0.55,0.99,14.72,7.72,0.9,25.73,10.43
design_0916,0.57,0.74,0.8,nan,nan,nan,0.48,0.71,14.15,7.44,0.9,12.03,12.05
design_0917,0.39,0.77,0.43,nan,nan,nan,0.43,0.54,5.27,3.41,0.89,2.79,2.0
design_0918,0.42,0.79,0.71,nan,nan,nan,0.46,0.65,13.5,7.15,0.9,5.13,5.19
design_0919,0.47,0.84,1.02,nan,nan,nan,0.51,0.82,14.27,7.51,0.9,22.51,22.85
design_0920,0.73,1.15,1.44,nan,nan,nan,0.61,1.16,13.44,7.18,0.89,16.51,10.77
design_0921,0.6,1.04,1.37,nan,nan,nan,0.58,1.07,12.78,6.95,0.88,6.08,3.86
design_0922,0.66,1.06,1.44,nan,nan,nan,0.59,1.12,15.69,8.26,0.89,16.79,8.28
design_0923,0.56,1.1,1.29,nan,nan,nan,0.56,1.04,14.17,7.46,0.9,20.74,13.99
design_0924,0.64,1.08,1.38,nan,nan,nan,0.59,1.09,14.06,7.52,0.89,3.79,3.71
design_0925,0.82,1.1,1.31,nan,nan,nan,0.58,1.1,12.84,6.88,0.89,24.82,23.36
design_0926,0.61,1.08,1.43,nan,nan,nan,0.6,1.11,13.6,7.24,0.89,14.59,10.25
design_0927,0.81,1.06,1.35,nan,nan,nan,0.59,1.11,15.2,8.01,0.89,28.18,18.83
design_0928,0.7,0.61,1.42,nan,nan,nan,0.58,1.04,16.23,8.57,0.89,25.04,19.42
design_0929,0.7,0.67,1.4,nan,nan,nan,0.58,1.04,15.83,8.45,0.88,26.42,17.17
design_0930,0.5,0.66,1.1,nan,nan,nan,0.49,0.83,16.07,8.44,0.89,24.45,15.21
design_0931,0.81,0.65,1.22,nan,nan,nan,0.55,0.96,15.03,8.07,0.88,26.67,16.87
design_0932,0.83,0.68,1.57,nan,nan,nan,0.63,1.16,15.41,8.18,0.89,23.24,16.65
design_0933,0.57,0.79,1.64,nan,nan,nan,0.63,1.17,16.03,8.36,0.9,24.23,17.02
design_0934,0.62,0.63,1.59,nan,nan,nan,0.61,1.12,15.36,8.14,0.89,25.21,16.25
design_0935,0.68,0.77,1.79,nan,nan,nan,0.66,1.27,15.79,8.31,0.89,24.37,17.02
design_0936,0.48,1.06,1.97,nan,nan,nan,0.64,1.24,13.4,7.18,0.89,2.3,2.97
design_0937,0.65,0.93,1.83,nan,nan,nan,0.63,1.18,7.69,4.75,0.86,3.02,3.03
design_0938,0.61,0.76,1.14,nan,nan,nan,0.52,0.83,7.98,4.92,0.87,8.88,9.58
design_0939,0.65,1.12,2.23,nan,nan,nan,0.7,1.4,14.29,7.58,0.89,7.53,6.18
design_0940,0.71,0.9,1.28,nan,nan,nan,0.54,0.96,14.01,7.69,0.89,14.88,8.67
design_0941,0.49,1.04,2.12,nan,nan,nan,0.67,1.31,14.44,7.71,0.89,27.09,19.68
design_0942,0.54,0.9,2.36,nan,nan,nan,0.69,1.39,10.15,5.94,0.87,1.98,2.54
design_0943,0.59,0.89,2.4,nan,nan,nan,0.69,1.42,14.03,7.62,0.87,24.88,10.22
design_0944,0.78,0.93,1.63,nan,nan,nan,0.6,1.15,12.86,6.96,0.89,17.17,13.95
design_0945,0.34,1.01,0.97,nan,nan,nan,0.51,0.81,11.43,6.25,0.89,32.84,15.43
design_0946,0.45,0.8,1.38,nan,nan,nan,0.55,0.94,11.6,6.31,0.89,30.91,15.75
design_0947,0.37,0.82,1.37,nan,nan,nan,0.53,0.92,10.79,5.89,0.89,18.63,13.3
design_0948,0.55,0.94,1.01,nan,nan,nan,0.5,0.85,12.37,6.66,0.89,18.01,14.3
design_0949,0.65,1.06,1.15,nan,nan,nan,0.53,0.96,13.75,7.32,0.89,30.56,15.42
design_0950,0.42,0.99,1.36,nan,nan,nan,0.55,0.98,13.17,7.07,0.89,17.3,13.49
design_0951,0.31,1.02,1.06,nan,nan,nan,0.51,0.85,11.14,6.09,0.88,21.96,17.23
design_0952,0.58,0.75,1.34,nan,nan,nan,0.54,0.93,12.28,6.64,0.89,24.25,23.11
design_0953,0.59,2.46,2.21,nan,nan,nan,0.87,1.89,12.38,6.75,0.88,24.51,20.78
design_0954,0.39,2.04,1.12,nan,nan,nan,0.65,1.33,2.9,2.31,0.9,3.91,1.9
design_0955,0.59,0.67,1.26,nan,nan,nan,0.53,0.88,10.9,5.99,0.88,23.27,22.61
design_0956,0.41,0.55,1.19,nan,nan,nan,0.5,0.78,3.43,2.58,0.9,1.63,1.2
design_0957,0.45,0.76,1.28,nan,nan,nan,0.53,0.88,11.7,6.37,0.88,6.88,5.7
design_0958,1.06,0.83,1.02,nan,nan,nan,0.57,0.98,13.66,7.33,0.89,24.78,21.68
design_0959,0.49,1.53,1.1,nan,nan,nan,0.59,1.1,3.04,2.41,0.9,5.99,2.64
design_0960,0.51,0.99,0.79,nan,nan,nan,0.49,0.78,15.89,8.38,0.88,12.31,14.4
design_0961,0.57,1.03,0.71,nan,nan,nan,0.5,0.76,15.63,8.16,0.89,14.44,14.82
design_0962,0.86,0.92,0.6,nan,nan,nan,0.5,0.76,16.14,8.47,0.89,11.07,8.36
design_0963,0.56,0.96,0.95,nan,nan,nan,0.54,0.86,14.58,7.63,0.9,6.16,7.45
design_0964,0.69,0.9,0.82,nan,nan,nan,0.52,0.81,16.4,8.57,0.89,14.45,13.75
design_0965,0.48,0.72,0.66,nan,nan,nan,0.46,0.63,15.72,8.22,0.89,11.0,6.18
design_0966,0.48,0.8,0.66,nan,nan,nan,0.46,0.65,16.17,8.5,0.89,11.48,9.59
design_0967,0.61,0.88,0.69,nan,nan,nan,0.47,0.72,15.54,8.14,0.89,11.86,12.87
design_0968,0.5,0.45,0.74,nan,nan,nan,0.48,0.62,14.59,7.67,0.89,3.3,3.04
design_0969,0.84,0.34,0.75,nan,nan,nan,0.5,0.7,13.16,7.06,0.89,10.13,10.1
design_0970,0.56,0.41,0.83,nan,nan,nan,0.5,0.68,14.15,7.47,0.89,6.39,6.63
design_0971,0.65,0.58,0.88,nan,nan,nan,0.53,0.76,14.08,7.48,0.89,7.93,7.61
design_0972,0.6,0.62,0.87,nan,nan,nan,0.52,0.75,14.19,7.55,0.89,4.71,4.66
design_0973,0.49,0.32,0.8,nan,nan,nan,0.49,0.64,14.02,7.4,0.9,8.26,8.51
design_0974,0.53,0.46,0.86,nan,nan,nan,0.51,0.7,13.86,7.44,0.89,7.35,6.47
design_0975,0.82,0.43,0.7,nan,nan,nan,0.5,0.68,16.26,8.47,0.9,4.84,5.24
design_0976,0.83,0.42,2.4,nan,nan,nan,0.89,1.73,16.81,8.85,0.88,15.55,10.56
design_0977,0.74,0.3,1.63,nan,nan,nan,0.66,1.2,20.06,10.35,0.88,34.74,14.79
design_0978,0.83,0.49,2.78,nan,nan,nan,0.99,1.99,16.63,8.81,0.88,17.62,19.35
design_0979,0.49,0.43,1.38,nan,nan,nan,0.59,1.01,13.43,7.46,0.87,15.95,14.09
design_0980,0.71,0.44,1.25,nan,nan,nan,0.59,0.97,16.5,8.78,0.88,18.03,17.19
design_0981,0.62,0.4,1.4,nan,nan,nan,0.61,1.04,14.2,7.71,0.88,18.72,19.37
design_0982,0.8,0.34,1.84,nan,nan,nan,0.73,1.35,16.62,8.92,0.87,14.18,10.93
design_0983,0.93,0.37,2.74,nan,nan,nan,0.97,1.97,17.61,9.24,0.88,21.52,13.78
design_0984,0.35,0.54,0.65,nan,nan,nan,0.44,0.52,11.03,6.13,0.88,4.73,6.29
design_0985,0.3,0.77,1.19,nan,nan,nan,0.49,0.82,8.69,5.12,0.87,1.62,2.14
design_0986,0.42,0.51,0.8,nan,nan,nan,0.44,0.59,3.31,2.55,0.9,5.41,3.26
design_0987,0.41,0.74,0.81,nan,nan,nan,0.46,0.67,2.86,2.31,0.9,5.19,2.9
design_0988,0.51,0.61,0.68,nan,nan,nan,0.45,0.6,4.19,2.95,0.89,2.15,1.64
design_0989,0.33,0.76,0.73,nan,nan,nan,0.41,0.62,9.77,5.5,0.89,2.35,2.35
design_0990,0.38,0.87,0.88,nan,nan,nan,0.45,0.73,4.12,2.89,0.89,1.86,1.45
design_0991,0.47,0.99,0.72,nan,nan,nan,0.45,0.75,13.63,7.26,0.89,11.62,11.57
design_0992,0.52,0.58,4.05,nan,nan,nan,1.3,2.77,12.41,7.09,0.86,18.69,17.6
design_0993,0.78,0.59,2.48,nan,nan,nan,0.88,1.75,16.0,8.75,0.86,17.98,13.05
design_0994,0.68,0.6,0.75,nan,nan,nan,0.49,0.69,13.9,7.39,0.89,16.19,12.04
design_0995,0.6,0.56,0.92,nan,nan,nan,0.52,0.75,13.46,7.07,0.9,16.64,12.83
design_0996,0.68,0.67,0.84,nan,nan,nan,0.52,0.76,12.73,6.92,0.88,16.78,11.61
design_0997,0.75,0.7,0.63,nan,nan,nan,0.48,0.68,14.21,7.5,0.89,17.0,13.78
design_0998,0.74,0.61,0.75,nan,nan,nan,0.51,0.71,14.21,7.52,0.89,15.99,12.13
design_0999,0.7,0.67,0.67,nan,nan,nan,0.48,0.68,13.26,7.09,0.89,18.99,17.95
design_1000,0.5,0.67,0.8,nan,nan,nan,0.42,0.66,14.65,7.68,0.89,26.3,20.42
design_1001,0.44,0.65,0.62,nan,nan,nan,0.4,0.57,11.9,6.47,0.89,3.75,4.86
design_1002,0.4,0.62,0.47,nan,nan,nan,0.42,0.5,3.58,2.65,0.9,6.2,3.39
design_1003,0.55,0.84,0.77,nan,nan,nan,0.46,0.73,8.67,5.12,0.87,4.24,5.26
design_1004,0.47,0.48,0.85,nan,nan,nan,0.47,0.62,4.29,2.94,0.89,18.71,12.47
design_1005,0.57,0.5,0.98,nan,nan,nan,0.45,0.71,15.28,8.0,0.9,34.71,18.09
design_1006,0.48,0.38,0.52,nan,nan,nan,0.41,0.46,4.51,3.02,0.89,20.02,12.57
design_1007,0.53,0.49,0.84,nan,nan,nan,0.41,0.64,12.95,6.9,0.89,23.84,21.68
design_1008,0.55,0.72,1.65,nan,nan,nan,0.64,1.19,12.64,7.02,0.87,21.1,21.19
design_1009,0.51,0.75,1.13,nan,nan,nan,0.53,0.88,12.95,7.13,0.87,10.1,5.76
design_1010,0.74,0.74,1.11,nan,nan,nan,0.55,0.92,13.88,7.62,0.87,22.82,23.11
design_1011,0.55,0.77,1.17,nan,nan,nan,0.54,0.92,13.17,7.25,0.88,22.98,24.38
design_1012,0.63,0.71,1.03,nan,nan,nan,0.53,0.84,13.28,7.28,0.88,23.95,24.73
design_1013,0.79,0.82,1.12,nan,nan,nan,0.57,0.95,14.41,7.88,0.88,18.69,17.45
design_1014,0.67,0.74,1.12,nan,nan,nan,0.56,0.91,13.51,7.48,0.87,19.87,20.34
design_1015,0.6,0.7,0.98,nan,nan,nan,0.52,0.81,14.18,7.75,0.88,17.39,15.9
design_1016,0.84,0.7,0.95,nan,nan,nan,0.57,0.86,14.54,7.61,0.9,19.29,21.02
design_1017,0.65,0.77,0.71,nan,nan,nan,0.49,0.71,15.28,8.02,0.89,9.02,8.38
design_1018,0.91,0.66,0.92,nan,nan,nan,0.56,0.86,14.14,7.49,0.89,19.5,19.6
design_1019,0.97,0.67,0.8,nan,nan,nan,0.54,0.82,14.75,7.68,0.9,17.54,15.76
design_1020,0.98,0.69,0.94,nan,nan,nan,0.57,0.9,14.57,7.63,0.9,19.23,20.81
design_1021,1.24,0.71,0.95,nan,nan,nan,0.59,0.99,15.95,8.36,0.9,18.79,19.23
design_1022,0.88,0.61,0.81,nan,nan,nan,0.53,0.79,14.47,7.57,0.9,18.83,19.22
design_1023,0.75,0.62,1.94,nan,nan,nan,0.73,1.41,15.21,8.31,0.87,23.04,20.5
design_1024,0.46,0.94,2.26,nan,nan,nan,0.8,1.59,14.29,7.88,0.87,9.12,7.43
design_1025,0.46,0.92,3.79,nan,nan,nan,1.19,2.55,14.85,8.06,0.88,2.9,3.75
design_1026,0.41,0.79,2.05,nan,nan,nan,0.73,1.43,13.81,7.7,0.87,11.34,7.38
design_1027,0.48,0.89,2.76,nan,nan,nan,0.92,1.9,16.14,8.73,0.88,15.0,9.22
design_1028,0.37,0.91,3.72,nan,nan,nan,1.17,2.5,15.69,8.34,0.89,17.22,16.91
design_1029,0.56,0.96,2.62,nan,nan,nan,0.89,1.82,13.51,7.56,0.86,12.67,12.03
design_1030,0.49,0.86,2.95,nan,nan,nan,0.97,2.01,14.86,8.09,0.88,3.85,4.12
design_1031,0.38,0.86,3.62,nan,nan,nan,1.14,2.44,16.25,8.63,0.89,21.07,16.18
design_1032,0.41,0.78,0.68,nan,nan,nan,0.45,0.65,15.19,7.87,0.9,21.57,24.27
design_1033,0.49,0.54,0.66,nan,nan,nan,0.45,0.59,16.54,8.55,0.9,21.66,13.36
design_1034,0.4,0.62,0.61,nan,nan,nan,0.42,0.56,15.62,8.09,0.9,21.04,17.16
design_1035,0.48,0.74,0.61,nan,nan,nan,0.45,0.61,14.78,7.69,0.9,20.26,17.86
design_1036,0.51,0.59,0.7,nan,nan,nan,0.45,0.63,15.75,8.2,0.89,20.11,17.83
design_1037,0.31,0.7,0.65,nan,nan,nan,0.44,0.59,14.22,7.44,0.9,18.65,18.89
design_1038,0.77,0.64,0.74,nan,nan,nan,0.5,0.73,14.55,7.68,0.89,19.54,19.14
design_1039,0.46,0.48,0.58,nan,nan,nan,0.43,0.53,16.19,8.4,0.9,23.17,12.92
design_1040,0.6,0.53,1.0,nan,nan,nan,0.47,0.71,13.91,7.57,0.88,6.14,3.59
design_1041,0.64,0.35,0.61,nan,nan,nan,0.43,0.55,7.62,4.66,0.87,2.47,2.42
design_1042,0.78,0.71,1.13,nan,nan,nan,0.51,0.87,12.0,6.71,0.87,7.96,5.48
design_1043,0.6,0.62,1.51,nan,nan,nan,0.53,0.95,14.99,8.05,0.88,13.06,9.3
design_1044,0.68,0.36,1.02,nan,nan,nan,0.46,0.71,12.73,7.0,0.88,4.89,2.83
design_1045,0.86,0.37,1.2,nan,nan,nan,0.5,0.85,11.78,6.7,0.86,18.57,14.56
design_1046,0.72,0.57,1.05,nan,nan,nan,0.49,0.78,9.84,5.74,0.86,6.58,7.74
design_1047,0.57,0.78,1.15,nan,nan,nan,0.51,0.84,9.26,5.47,0.87,4.36,4.17
design_1048,0.79,0.93,1.65,nan,nan,nan,0.63,1.22,14.97,7.87,0.9,15.19,15.4
design_1049,0.71,0.97,1.51,nan,nan,nan,0.6,1.14,15.38,8.05,0.89,19.22,14.59
design_1050,0.7,1.01,1.38,nan,nan,nan,0.58,1.08,15.76,8.27,0.9,27.43,21.44
design_1051,0.74,1.22,0.58,nan,nan,nan,0.52,0.86,4.45,3.13,0.89,1.41,0.9
design_1052,0.56,0.96,1.12,nan,nan,nan,0.53,0.92,5.14,3.43,0.88,1.22,0.92
design_1053,0.56,1.0,0.71,nan,nan,nan,0.49,0.76,6.02,3.89,0.88,1.43,0.8
design_1054,0.53,1.21,0.6,nan,nan,nan,0.5,0.81,4.75,3.25,0.88,1.37,1.16
design_1055,0.68,0.93,1.43,nan,nan,nan,0.57,1.08,16.34,8.55,0.88,29.05,11.38
design_1056,0.33,0.87,0.97,nan,nan,nan,0.48,0.77,8.52,4.93,0.88,3.04,1.87
design_1057,0.94,0.5,1.71,nan,nan,nan,0.67,1.19,6.26,4.03,0.87,5.84,7.63
design_1058,0.45,0.51,0.95,nan,nan,nan,0.5,0.68,5.62,3.54,0.88,22.69,13.92
design_1059,0.39,0.67,1.35,nan,nan,nan,0.52,0.91,14.48,7.58,0.9,11.62,9.06
design_1060,0.83,1.29,1.55,nan,nan,nan,0.65,1.26,7.47,4.55,0.87,2.26,2.43
design_1061,1.03,1.07,1.09,nan,nan,nan,0.63,1.06,9.66,5.38,0.88,2.73,2.43
design_1062,0.4,0.68,1.11,nan,nan,nan,0.5,0.79,9.16,5.21,0.88,3.2,1.93
design_1063,0.57,0.69,1.65,nan,nan,nan,0.61,1.1,11.53,6.34,0.88,8.75,9.09
design_1064,0.83,0.57,1.89,nan,nan,nan,0.77,1.41,15.53,8.25,0.89,20.27,14.85
design_1065,0.83,0.58,2.15,nan,nan,nan,0.84,1.58,14.57,7.95,0.88,15.6,17.21
design_1066,0.56,0.35,3.67,nan,nan,nan,1.24,2.56,12.18,6.85,0.87,14.77,10.94
design_1067,0.84,0.58,0.68,nan,nan,nan,0.49,0.71,16.77,8.69,0.9,18.45,15.9
design_1068,0.78,0.59,2.0,nan,nan,nan,0.79,1.48,15.44,8.37,0.88,8.66,8.33
design_1069,0.75,0.7,1.79,nan,nan,nan,0.74,1.34,16.18,8.65,0.89,15.68,18.08
design_1070,0.69,0.49,1.87,nan,nan,nan,0.75,1.37,15.84,8.37,0.88,20.02,15.85
design_1071,0.75,0.57,2.15,nan,nan,nan,0.83,1.57,15.61,8.44,0.88,22.69,27.07
design_1072,0.91,0.85,0.98,nan,nan,nan,0.56,0.93,15.53,8.11,0.89,17.42,18.99
design_1073,0.93,0.66,0.54,nan,nan,nan,0.49,0.7,17.52,8.88,0.91,20.29,11.32
design_1074,0.77,0.77,0.65,nan,nan,nan,0.49,0.72,16.26,8.39,0.9,21.21,20.11
design_1075,0.9,0.58,3.4,nan,nan,nan,1.18,2.42,13.75,7.53,0.88,19.96,19.3
design_1076,0.88,0.7,0.68,nan,nan,nan,0.49,0.75,15.86,8.31,0.89,24.75,19.85
design_1077,0.87,0.7,0.53,nan,nan,nan,0.48,0.68,17.3,8.77,0.9,11.55,13.33
design_1078,0.43,0.83,1.08,nan,nan,nan,0.53,0.88,16.37,8.53,0.89,18.4,17.42
design_1079,0.8,0.54,0.62,nan,nan,nan,0.46,0.66,17.35,8.81,0.9,22.78,16.67
design_1080,0.84,0.9,3.67,nan,nan,nan,1.25,2.62,19.77,10.2,0.88,31.28,19.3
design_1081,0.57,1.04,2.65,nan,nan,nan,0.95,1.93,12.69,7.2,0.87,20.67,22.48
design_1082,0.7,0.98,3.4,nan,nan,nan,1.16,2.43,16.33,8.64,0.88,20.37,19.65
design_1083,0.45,0.99,3.03,nan,nan,nan,1.06,2.16,17.6,9.5,0.87,18.77,19.76
design_1084,0.52,1.03,1.9,nan,nan,nan,0.76,1.44,11.34,6.55,0.86,19.56,20.0
design_1085,0.76,1.0,2.44,nan,nan,nan,0.91,1.81,14.22,8.02,0.86,19.14,20.39
design_1086,0.51,1.03,3.01,nan,nan,nan,1.05,2.16,16.54,8.87,0.87,10.21,7.97
design_1087,0.61,1.0,2.57,nan,nan,nan,0.93,1.87,13.27,7.51,0.86,8.46,8.72
design_1088,0.7,0.76,1.72,nan,nan,nan,0.64,1.2,15.22,7.95,0.9,16.93,11.41
design_1089,0.78,0.59,1.82,nan,nan,nan,0.64,1.25,16.0,8.33,0.9,26.67,12.24
design_1090,0.63,0.61,1.48,nan,nan,nan,0.56,1.03,14.76,7.78,0.89,9.97,8.2
design_1091,0.56,1.85,1.25,nan,nan,nan,0.67,1.3,4.05,2.96,0.89,2.13,1.02
design_1092,0.59,2.21,1.06,nan,nan,nan,0.7,1.39,3.98,2.85,0.89,1.93,0.84
design_1093,0.47,1.08,0.71,nan,nan,nan,0.49,0.78,3.81,2.79,0.89,2.74,1.31
design_1094,0.47,1.19,1.41,nan,nan,nan,0.59,1.11,11.97,6.48,0.89,2.99,3.07
design_1095,0.35,1.35,0.97,nan,nan,nan,0.57,0.96,4.11,2.92,0.89,1.55,1.12
design_1096,0.67,0.72,1.51,nan,nan,nan,0.56,1.05,5.58,3.54,0.89,24.09,25.62
design_1097,0.56,0.66,1.57,nan,nan,nan,0.57,1.05,11.73,6.37,0.88,23.02,24.24
design_1098,0.45,0.64,1.21,nan,nan,nan,0.49,0.84,13.99,7.32,0.9,22.12,22.05
design_1099,0.5,0.58,1.47,nan,nan,nan,0.53,0.97,14.52,7.64,0.89,16.79,9.4
design_1100,1.0,1.04,1.71,nan,nan,nan,0.69,1.3,13.14,6.96,0.89,17.25,19.14
design_1101,0.49,0.69,1.31,nan,nan,nan,0.5,0.91,14.46,7.57,0.9,23.32,22.96
design_1102,0.49,0.6,1.22,nan,nan,nan,0.5,0.85,14.49,7.55,0.9,12.19,11.94
design_1103,0.54,0.81,1.85,nan,nan,nan,0.62,1.22,13.79,7.44,0.88,23.84,21.89
design_1104,0.58,0.6,1.95,nan,nan,nan,0.68,1.32,15.22,7.94,0.9,22.96,12.23
design_1105,0.58,0.62,1.93,nan,nan,nan,0.67,1.32,15.17,7.9,0.9,27.97,21.2
design_1106,0.57,0.58,2.28,nan,nan,nan,0.75,1.53,13.22,7.01,0.89,9.97,10.72
design_1107,0.75,0.6,2.63,nan,nan,nan,0.85,1.76,12.29,6.61,0.89,24.22,24.16
design_1108,0.58,0.64,1.79,nan,nan,nan,0.64,1.24,13.8,7.29,0.89,1.94,2.56
design_1109,0.67,0.6,2.16,nan,nan,nan,0.74,1.47,11.67,6.36,0.88,3.09,2.25
design_1110,0.52,0.54,2.26,nan,nan,nan,0.74,1.5,12.94,6.87,0.89,24.2,25.17
design_1111,0.5,0.55,2.16,nan,nan,nan,0.73,1.44,12.07,6.51,0.89,2.51,2.73
design_1112,0.7,1.22,1.14,nan,nan,nan,0.57,1.02,13.66,7.43,0.88,19.67,12.83
design_1113,0.57,1.25,1.15,nan,nan,nan,0.55,1.01,12.1,6.77,0.87,13.75,14.52
design_1114,0.8,1.26,0.94,nan,nan,nan,0.56,1.01,12.66,6.96,0.88,19.4,14.15
design_1115,0.59,1.32,1.21,nan,nan,nan,0.57,1.06,13.45,7.33,0.88,21.9,20.65
design_1116,0.57,1.32,0.81,nan,nan,nan,0.54,0.94,12.67,7.0,0.88,14.28,9.87
design_1117,0.6,1.31,1.31,nan,nan,nan,0.57,1.09,11.94,6.68,0.87,20.25,20.37
design_1118,0.67,1.4,1.0,nan,nan,nan,0.56,1.06,12.45,6.92,0.88,4.13,4.05
design_1119,0.6,1.15,0.7,nan,nan,nan,0.52,0.85,12.67,6.99,0.88,18.32,12.11
design_1120,0.55,0.84,1.26,nan,nan,nan,0.55,0.95,12.89,6.9,0.89,24.91,17.5
design_1121,0.5,0.82,0.98,nan,nan,nan,0.49,0.8,13.07,6.92,0.89,25.0,23.57
design_1122,0.46,0.83,1.07,nan,nan,nan,0.51,0.84,13.41,7.12,0.89,2.61,2.07
design_1123,0.66,0.73,1.51,nan,nan,nan,0.59,1.08,14.56,7.65,0.89,22.04,10.0
design_1124,0.6,0.65,1.19,nan,nan,nan,0.52,0.88,16.49,8.6,0.89,26.51,15.24
design_1125,0.44,0.79,0.77,nan,nan,nan,0.48,0.69,10.25,5.69,0.88,2.79,2.61
design_1126,0.55,0.87,0.95,nan,nan,nan,0.53,0.82,14.1,7.42,0.89,23.14,19.82
design_1127,0.5,0.85,0.94,nan,nan,nan,0.49,0.79,13.61,7.24,0.89,23.28,22.04
design_1128,0.54,0.72,1.31,nan,nan,nan,0.55,0.95,10.24,5.65,0.89,31.96,27.51
design_1129,0.6,0.72,1.53,nan,nan,nan,0.61,1.08,15.26,7.99,0.9,22.12,17.72
design_1130,0.69,0.67,1.4,nan,nan,nan,0.6,1.02,15.0,7.84,0.89,9.13,7.32
design_1131,0.59,0.74,1.31,nan,nan,nan,0.57,0.96,12.82,6.88,0.89,31.74,25.67
design_1132,0.54,0.64,1.0,nan,nan,nan,0.52,0.77,13.74,7.28,0.89,32.66,22.04
design_1133,0.58,0.52,1.31,nan,nan,nan,0.55,0.92,15.75,8.26,0.88,26.93,13.49
design_1134,0.59,0.7,0.98,nan,nan,nan,0.53,0.79,12.88,6.88,0.89,33.17,15.73
design_1135,0.55,0.65,0.95,nan,nan,nan,0.5,0.75,12.81,6.83,0.89,30.63,25.17
design_1136,0.61,2.06,1.88,nan,nan,nan,0.8,1.65,13.61,7.31,0.89,23.66,23.0
design_1137,0.52,1.69,1.92,nan,nan,nan,0.75,1.54,13.87,7.39,0.89,10.57,10.34
design_1138,0.42,2.03,1.67,nan,nan,nan,0.77,1.52,9.88,5.56,0.88,4.82,4.54
design_1139,0.57,1.89,1.94,nan,nan,nan,0.8,1.62,12.05,6.54,0.89,24.5,24.6
design_1140,0.66,1.82,2.12,nan,nan,nan,0.83,1.7,13.37,7.22,0.88,11.74,12.67
design_1141,0.46,1.88,1.41,nan,nan,nan,0.71,1.36,3.75,2.85,0.88,2.66,1.14
design_1142,0.48,1.65,1.85,nan,nan,nan,0.74,1.49,9.85,5.58,0.88,24.41,25.8
design_1143,0.56,2.02,1.25,nan,nan,nan,0.71,1.36,5.0,3.46,0.87,2.72,1.29
design_1144,0.72,0.63,1.41,nan,nan,nan,0.63,1.11,16.28,8.78,0.87,23.65,23.19
design_1145,0.7,0.64,1.74,nan,nan,nan,0.7,1.32,16.96,8.83,0.88,26.14,16.53
design_1146,0.61,0.7,1.79,nan,nan,nan,0.72,1.35,15.14,8.07,0.88,24.38,17.02
design_1147,0.82,0.86,1.6,nan,nan,nan,0.69,1.28,14.97,8.02,0.88,12.46,8.54
design_1148,0.7,0.64,1.99,nan,nan,nan,0.77,1.48,17.45,9.06,0.88,19.16,16.91
design_1149,0.72,0.55,1.07,nan,nan,nan,0.55,0.88,13.04,7.05,0.89,12.96,12.83
design_1150,0.62,0.62,1.87,nan,nan,nan,0.73,1.39,17.11,8.91,0.88,28.61,22.9
design_1151,0.59,0.55,1.69,nan,nan,nan,0.68,1.26,15.71,8.32,0.88,22.9,19.69
design_1152,0.61,0.99,2.95,nan,nan,nan,0.97,2.04,15.34,8.2,0.89,16.64,16.47
design_1153,0.63,1.01,2.8,nan,nan,nan,0.94,1.95,15.95,8.59,0.88,16.52,17.28
design_1154,0.7,1.18,1.75,nan,nan,nan,0.7,1.36,14.33,7.79,0.87,19.72,19.15
design_1155,0.58,0.94,1.52,nan,nan,nan,0.62,1.16,13.43,7.39,0.87,11.85,11.23
design_1156,0.64,1.03,1.57,nan,nan,nan,0.65,1.21,15.35,8.29,0.88,12.69,7.66
design_1157,0.93,1.1,2.8,nan,nan,nan,0.96,2.0,16.19,8.75,0.88,13.6,12.62
design_1158,0.65,1.1,2.16,nan,nan,nan,0.79,1.57,16.27,8.77,0.87,13.73,13.22
design_1159,0.57,0.99,1.8,nan,nan,nan,0.71,1.33,12.65,7.01,0.87,12.44,10.95
design_1160,0.81,0.41,3.31,nan,nan,nan,1.1,2.29,15.16,8.15,0.87,16.65,15.24
design_1161,0.81,0.43,2.17,nan,nan,nan,0.79,1.55,13.71,7.39,0.88,21.39,21.9
design_1162,0.98,0.24,2.6,nan,nan,nan,0.91,1.84,15.15,8.17,0.87,11.2,11.94
design_1163,0.83,0.41,2.31,nan,nan,nan,0.83,1.64,16.54,8.75,0.88,19.77,19.23
design_1164,0.87,0.39,2.65,nan,nan,nan,0.92,1.87,16.1,8.59,0.88,13.5,13.78
design_1165,0.85,0.4,2.66,nan,nan,nan,0.92,1.87,15.6,8.39,0.88,21.67,21.96
design_1166,0.89,0.41,2.95,nan,nan,nan,1.0,2.06,13.62,7.5,0.87,18.14,18.49
design_1167,0.94,0.48,2.09,nan,nan,nan,0.79,1.52,16.13,8.54,0.88,19.83,20.91
design_1168,0.54,1.21,1.28,nan,nan,nan,0.55,1.03,12.81,6.97,0.89,31.47,22.41
design_1169,0.85,1.28,1.37,nan,nan,nan,0.59,1.16,14.61,7.75,0.89,25.66,18.45
design_1170,0.65,1.3,1.9,nan,nan,nan,0.65,1.31,10.95,6.13,0.88,30.16,25.1
design_1171,0.66,1.23,1.01,nan,nan,nan,0.54,0.98,11.57,6.43,0.88,34.09,19.51
design_1172,0.7,1.22,1.5,nan,nan,nan,0.6,1.15,14.9,8.0,0.89,22.91,19.19
design_1173,0.76,1.19,1.23,nan,nan,nan,0.56,1.06,11.18,6.24,0.88,31.26,24.67
design_1174,0.66,1.23,1.43,nan,nan,nan,0.58,1.11,11.39,6.34,0.88,31.51,25.17
design_1175,0.73,1.24,1.25,nan,nan,nan,0.56,1.07,11.63,6.49,0.88,30.74,25.57
design_1176,0.53,0.46,1.02,nan,nan,nan,0.5,0.74,14.62,7.72,0.9,13.13,11.07
design_1177,0.67,0.55,1.28,nan,nan,nan,0.53,0.93,14.67,7.67,0.9,9.32,7.15
design_1178,0.54,0.59,1.27,nan,nan,nan,0.54,0.9,12.2,6.57,0.88,16.52,14.56
design_1179,0.45,0.42,1.03,nan,nan,nan,0.46,0.72,13.43,7.1,0.89,12.57,8.73
design_1180,0.46,0.51,1.21,nan,nan,nan,0.52,0.84,14.08,7.41,0.89,6.35,7.97
design_1181,0.49,0.47,1.03,nan,nan,nan,0.49,0.74,14.41,7.55,0.9,22.53,19.02
design_1182,0.63,0.56,0.89,nan,nan,nan,0.47,0.72,13.42,7.13,0.89,12.09,8.91
design_1183,0.54,0.49,1.2,nan,nan,nan,0.52,0.85,14.79,7.76,0.89,16.81,11.76
design_1184,0.87,0.53,1.84,nan,nan,nan,0.61,1.15,6.04,4.0,0.87,11.32,11.34
design_1185,1.03,0.94,1.75,nan,nan,nan,0.62,1.25,11.1,6.29,0.87,23.31,24.26
design_1186,0.86,0.63,1.7,nan,nan,nan,0.62,1.1,6.09,3.95,0.87,9.62,11.11
design_1187,0.78,0.85,1.63,nan,nan,nan,0.6,1.1,9.89,5.76,0.86,7.91,9.73
design_1188,0.56,1.1,1.51,nan,nan,nan,0.58,1.08,9.31,5.41,0.87,4.69,5.64
design_1189,0.69,1.04,1.23,nan,nan,nan,0.56,0.98,13.0,7.05,0.88,21.32,12.4
design_1190,0.68,0.85,1.11,nan,nan,nan,0.54,0.87,7.14,4.36,0.87,19.16,11.33
design_1191,0.71,1.06,1.38,nan,nan,nan,0.57,1.05,13.59,7.39,0.89,26.59,20.93
design_1192,0.5,0.75,0.93,nan,nan,nan,0.52,0.78,12.56,6.77,0.89,18.93,13.92
design_1193,0.46,0.72,0.91,nan,nan,nan,0.51,0.76,11.29,6.1,0.89,18.75,12.85
design_1194,0.8,0.73,1.12,nan,nan,nan,0.57,0.95,15.15,8.01,0.89,19.06,14.38
design_1195,0.51,0.71,0.73,nan,nan,nan,0.47,0.67,12.36,6.6,0.9,18.65,11.43
design_1196,0.43,0.71,0.9,nan,nan,nan,0.49,0.74,10.81,5.92,0.89,19.24,13.31
design_1197,0.5,0.68,0.88,nan,nan,nan,0.5,0.74,13.49,7.12,0.89,18.19,10.56
design_1198,0.51,0.74,0.92,nan,nan,nan,0.52,0.78,11.77,6.4,0.89,18.87,13.9
design_1199,0.48,0.74,0.87,nan,nan,nan,0.5,0.74,15.34,7.99,0.9,17.56,15.58
design_1200,0.55,3.09,2.02,nan,nan,nan,0.98,2.09,14.33,7.52,0.9,24.52,22.87
design_1201,0.66,3.1,1.9,nan,nan,nan,0.98,2.06,15.19,7.89,0.9,21.05,13.05
design_1202,0.6,3.05,2.3,nan,nan,nan,1.02,2.2,15.35,8.02,0.89,22.8,16.18
design_1203,0.64,2.76,2.45,nan,nan,nan,1.01,2.16,15.13,7.96,0.9,29.18,18.17
design_1204,0.5,2.89,2.15,nan,nan,nan,0.97,2.06,10.45,5.87,0.88,2.96,2.9
design_1205,0.64,2.98,1.77,nan,nan,nan,0.95,1.96,15.05,7.82,0.9,18.7,17.54
design_1206,0.6,3.11,2.04,nan,nan,nan,0.98,2.11,14.51,7.62,0.9,10.81,9.95
design_1207,0.65,2.63,2.7,nan,nan,nan,1.04,2.24,12.31,6.71,0.89,24.96,23.0
design_1208,0.44,1.31,2.0,nan,nan,nan,0.73,1.47,13.99,7.39,0.89,24.64,23.37
design_1209,0.47,1.32,1.95,nan,nan,nan,0.72,1.45,14.15,7.45,0.89,24.49,23.31
design_1210,0.42,1.29,1.54,nan,nan,nan,0.64,1.22,13.22,7.04,0.89,3.49,2.47
design_1211,0.46,1.26,1.87,nan,nan,nan,0.7,1.39,12.78,6.84,0.89,5.44,4.12
design_1212,0.67,1.14,2.72,nan,nan,nan,0.9,1.88,14.28,7.52,0.89,18.61,15.51
design_1213,0.35,1.32,1.05,nan,nan,nan,0.56,0.98,9.86,5.51,0.88,5.96,4.36
design_1214,0.48,1.34,1.85,nan,nan,nan,0.7,1.4,15.01,7.82,0.9,13.01,11.04
design_1215,0.41,1.37,0.91,nan,nan,nan,0.56,0.95,10.55,5.8,0.89,7.35,6.99
design_1216,0.8,0.61,3.52,nan,nan,nan,1.13,2.38,15.32,8.45,0.87,19.74,23.03
design_1217,0.7,0.68,2.3,nan,nan,nan,0.81,1.61,14.5,7.83,0.88,12.27,13.52
design_1218,0.75,0.68,4.13,nan,nan,nan,1.29,2.78,13.38,7.18,0.89,5.88,6.66
design_1219,0.76,0.76,1.63,nan,nan,nan,0.66,1.21,11.7,6.62,0.86,8.29,10.3
design_1220,0.82,0.64,4.8,nan,nan,nan,1.47,3.21,13.14,7.08,0.88,22.64,21.48
design_1221,0.63,0.72,2.49,nan,nan,nan,0.85,1.72,14.66,7.94,0.87,19.19,20.67
design_1222,0.67,0.8,2.79,nan,nan,nan,0.93,1.92,13.63,7.4,0.88,7.45,8.68
design_1223,0.75,0.63,3.37,nan,nan,nan,1.07,2.28,13.58,7.25,0.89,17.38,15.19
design_1224,0.72,0.52,0.71,nan,nan,nan,0.48,0.67,15.23,8.15,0.88,25.95,21.1
design_1225,0.87,0.5,0.96,nan,nan,nan,0.54,0.84,15.88,8.48,0.88,23.43,20.54
design_1226,1.1,0.65,1.07,nan,nan,nan,0.59,0.99,14.05,7.71,0.88,25.3,19.08
design_1227,1.03,0.58,0.78,nan,nan,nan,0.53,0.82,13.54,7.28,0.89,3.93,2.75
design_1228,0.72,0.53,0.94,nan,nan,nan,0.52,0.79,16.14,8.39,0.89,16.97,9.03
design_1229,0.91,0.51,0.83,nan,nan,nan,0.52,0.79,14.15,7.71,0.88,6.81,4.13
design_1230,0.96,0.6,1.04,nan,nan,nan,0.57,0.93,14.44,7.59,0.89,20.72,16.26
design_1231,0.94,0.54,2.08,nan,nan,nan,0.78,1.52,14.9,7.9,0.89,16.27,14.23
design_1232,0.98,0.69,1.41,nan,nan,nan,0.66,1.14,12.54,6.77,0.89,5.84,6.02
design_1233,0.9,0.49,1.16,nan,nan,nan,0.6,0.95,8.25,4.97,0.87,2.97,2.86
design_1234,0.77,0.5,1.5,nan,nan,nan,0.65,1.13,11.6,6.39,0.88,1.0,1.27
design_1235,1.45,0.63,1.21,nan,nan,nan,0.65,1.18,13.83,7.38,0.89,13.56,14.59
design_1236,0.93,0.53,1.43,nan,nan,nan,0.66,1.12,12.2,6.6,0.89,2.74,2.37
design_1237,0.93,0.53,1.21,nan,nan,nan,0.6,1.0,13.02,7.05,0.88,2.05,2.62
design_1238,0.89,0.55,1.29,nan,nan,nan,0.61,1.03,13.22,7.2,0.88,6.67,6.51
design_1239,1.04,0.51,1.61,nan,nan,nan,0.71,1.25,12.64,6.92,0.88,4.88,5.56
design_1240,0.4,1.05,1.36,nan,nan,nan,0.58,1.02,12.13,6.52,0.9,3.63,3.45
design_1241,0.52,0.96,1.34,nan,nan,nan,0.56,1.0,14.49,7.57,0.9,18.7,16.81
design_1242,0.44,0.98,1.43,nan,nan,nan,0.59,1.03,12.73,6.87,0.88,11.99,8.69
design_1243,0.6,1.0,1.02,nan,nan,nan,0.55,0.89,14.18,7.48,0.9,11.06,5.31
design_1244,0.42,0.99,1.19,nan,nan,nan,0.54,0.92,12.61,6.71,0.9,24.41,23.92
design_1245,0.63,0.82,1.27,nan,nan,nan,0.55,0.95,14.41,7.66,0.89,21.01,16.06
design_1246,0.67,0.98,1.21,nan,nan,nan,0.58,0.98,13.07,7.0,0.89,11.79,5.42
design_1247,0.62,0.98,1.09,nan,nan,nan,0.54,0.91,3.96,2.82,0.89,1.22,1.24
design_1248,0.77,0.63,0.9,nan,nan,nan,0.47,0.79,7.82,4.65,0.88,5.04,4.34
design_1249,0.47,0.53,0.81,nan,nan,nan,0.44,0.64,6.55,4.07,0.88,5.01,4.36
design_1250,0.6,0.54,1.08,nan,nan,nan,0.48,0.8,10.08,5.77,0.87,4.26,3.96
design_1251,0.73,0.68,0.87,nan,nan,nan,0.47,0.77,8.02,4.8,0.87,4.64,3.8
design_1252,0.75,0.55,1.81,nan,nan,nan,0.65,1.23,13.94,7.44,0.89,7.09,6.4
design_1253,0.6,0.47,1.34,nan,nan,nan,0.54,0.93,11.99,6.56,0.88,14.37,15.74
design_1254,0.68,0.52,0.96,nan,nan,nan,0.48,0.76,9.74,5.53,0.87,2.82,2.57
design_1255,0.56,0.58,2.12,nan,nan,nan,0.68,1.38,11.05,6.14,0.88,2.92,3.29
design_1256,0.69,0.75,2.0,nan,nan,nan,0.72,1.39,14.54,7.65,0.89,25.2,17.09
design_1257,0.68,0.67,2.2,nan,nan,nan,0.73,1.5,11.73,6.37,0.89,24.94,23.95
design_1258,0.61,0.69,1.8,nan,nan,nan,0.63,1.25,12.37,6.66,0.89,25.24,23.69
design_1259,0.51,0.69,0.99,nan,nan,nan,0.5,0.78,6.48,4.09,0.87,2.7,2.17
design_1260,0.54,0.63,1.91,nan,nan,nan,0.67,1.3,6.19,3.98,0.87,1.21,1.27
design_1261,0.58,0.57,1.26,nan,nan,nan,0.54,0.92,5.08,3.4,0.88,1.48,1.16
design_1262,0.59,0.71,1.74,nan,nan,nan,0.63,1.22,5.01,3.36,0.88,0.96,1.09
design_1263,0.78,0.85,2.04,nan,nan,nan,0.7,1.45,9.89,5.59,0.88,25.12,24.99
design_1264,0.68,0.75,6.56,nan,nan,nan,2.12,4.58,14.34,7.86,0.88,11.85,12.98
design_1265,0.65,0.82,4.44,nan,nan,nan,1.47,3.12,15.45,8.66,0.86,16.19,17.57
design_1266,0.66,0.69,6.0,nan,nan,nan,1.94,4.18,15.4,8.53,0.87,10.59,11.38
design_1267,0.49,0.54,0.86,nan,nan,nan,0.47,0.7,17.33,9.1,0.88,8.36,8.07
design_1268,0.58,0.61,1.06,nan,nan,nan,0.53,0.85,17.19,9.05,0.88,9.3,8.96
design_1269,0.62,0.66,1.75,nan,nan,nan,0.68,1.29,16.66,8.85,0.88,15.84,9.83
design_1270,1.01,0.65,2.15,nan,nan,nan,0.82,1.61,15.39,8.38,0.87,13.06,6.75
design_1271,0.65,0.74,6.0,nan,nan,nan,1.94,4.18,14.33,7.96,0.87,8.72,8.99
design_1272,0.52,0.86,1.41,nan,nan,nan,0.58,1.03,12.29,6.59,0.89,2.76,3.44
design_1273,0.6,0.91,1.8,nan,nan,nan,0.65,1.26,14.4,7.54,0.9,12.73,8.84
design_1274,0.64,0.95,1.66,nan,nan,nan,0.62,1.2,15.58,8.09,0.9,31.66,18.73
design_1275,0.5,0.96,1.66,nan,nan,nan,0.62,1.18,15.83,8.2,0.9,24.81,18.64
design_1276,0.6,0.69,1.52,nan,nan,nan,0.6,1.07,12.72,6.8,0.89,18.44,10.87
design_1277,0.64,0.87,1.95,nan,nan,nan,0.67,1.35,14.62,7.69,0.9,25.33,22.4
design_1278,0.66,0.95,1.58,nan,nan,nan,0.66,1.16,15.07,7.94,0.9,18.96,19.1
design_1279,0.6,0.91,1.34,nan,nan,nan,0.58,1.02,15.2,7.9,0.9,19.97,18.87
design_1280,0.42,1.08,1.56,nan,nan,nan,0.6,1.12,14.16,7.5,0.9,32.81,26.25
design_1281,0.45,1.04,1.43,nan,nan,nan,0.58,1.05,13.66,7.22,0.9,34.78,28.32
design_1282,0.44,1.13,1.36,nan,nan,nan,0.58,1.05,14.26,7.49,0.9,32.72,26.12
design_1283,0.53,1.16,2.09,nan,nan,nan,0.72,1.43,14.75,7.83,0.9,31.05,27.56
design_1284,0.54,1.3,1.78,nan,nan,nan,0.66,1.31,13.89,7.44,0.89,33.52,27.58
design_1285,0.4,1.09,1.63,nan,nan,nan,0.63,1.16,10.54,5.93,0.88,42.42,17.43
design_1286,0.54,1.11,1.46,nan,nan,nan,0.59,1.1,13.95,7.43,0.89,35.9,26.43
design_1287,0.58,1.18,1.58,nan,nan,nan,0.63,1.19,13.66,7.33,0.89,34.84,28.75
design_1288,0.54,0.62,1.31,nan,nan,nan,0.57,0.98,13.1,7.29,0.87,12.72,9.02
design_1289,0.75,0.73,0.91,nan,nan,nan,0.52,0.82,14.04,7.6,0.88,16.03,12.25
design_1290,0.56,0.55,1.64,nan,nan,nan,0.65,1.18,15.07,8.24,0.87,15.97,10.29
design_1291,0.54,0.64,1.11,nan,nan,nan,0.54,0.87,14.17,7.7,0.88,19.52,18.51
design_1292,0.61,0.67,1.29,nan,nan,nan,0.58,0.99,14.13,7.62,0.88,15.29,8.29
design_1293,0.49,0.64,0.97,nan,nan,nan,0.5,0.78,13.48,7.48,0.87,13.58,11.77
design_1294,0.47,0.7,0.91,nan,nan,nan,0.49,0.75,12.83,6.89,0.89,20.0,20.18
design_1295,0.4,0.77,1.19,nan,nan,nan,0.55,0.92,13.45,7.29,0.88,13.71,14.52
design_1296,0.78,1.04,1.42,nan,nan,nan,0.6,1.07,11.04,6.21,0.88,23.55,22.71
design_1297,0.62,0.99,1.41,nan,nan,nan,0.58,1.02,12.24,6.73,0.88,23.54,21.77
design_1298,0.74,0.91,1.21,nan,nan,nan,0.56,0.94,12.89,7.06,0.87,20.18,13.3
design_1299,0.55,0.97,1.46,nan,nan,nan,0.57,1.01,13.23,7.17,0.89,25.24,21.4
design_1300,0.75,0.91,1.49,nan,nan,nan,0.58,1.05,11.14,6.25,0.88,23.17,23.33
design_1301,0.62,1.01,1.22,nan,nan,nan,0.55,0.95,11.3,6.32,0.87,23.52,22.92
design_1302,0.75,1.09,1.28,nan,nan,nan,0.58,1.04,11.93,6.56,0.88,24.11,22.32
design_1303,0.64,0.86,1.29,nan,nan,nan,0.54,0.93,13.63,7.41,0.88,8.9,7.61
design_1304,0.49,1.13,0.72,nan,nan,nan,0.47,0.81,11.34,6.18,0.89,4.8,4.94
design_1305,0.43,0.54,0.74,nan,nan,nan,0.43,0.58,5.1,3.36,0.88,1.11,1.14
design_1306,0.45,0.94,0.97,nan,nan,nan,0.48,0.81,11.93,6.46,0.87,20.65,20.9
design_1307,0.48,0.79,0.85,nan,nan,nan,0.44,0.72,11.8,6.39,0.89,23.37,21.46
design_1308,0.5,0.87,0.93,nan,nan,nan,0.48,0.78,11.97,6.48,0.89,20.59,19.52
design_1309,0.45,0.95,0.7,nan,nan,nan,0.43,0.72,12.42,6.66,0.88,6.48,4.08
design_1310,0.51,0.6,0.77,nan,nan,nan,0.43,0.63,11.94,6.5,0.89,18.62,17.94
design_1311,0.47,0.82,0.9,nan,nan,nan,0.46,0.74,9.73,5.46,0.88,1.52,1.54
design_1312,0.44,0.99,0.58,nan,nan,nan,0.5,0.68,5.37,3.45,0.89,1.0,1.05
design_1313,0.48,0.99,0.65,nan,nan,nan,0.51,0.72,10.35,5.73,0.88,3.04,2.44
design_1314,0.48,0.69,0.61,nan,nan,nan,0.45,0.6,12.55,6.72,0.89,19.95,23.92
design_1315,0.5,0.89,0.74,nan,nan,nan,0.49,0.72,11.8,6.47,0.88,4.87,5.52
design_1316,0.59,0.85,0.61,nan,nan,nan,0.47,0.68,13.81,7.27,0.89,7.85,8.44
design_1317,0.46,0.85,0.72,nan,nan,nan,0.47,0.69,14.59,7.64,0.9,10.28,13.47
design_1318,0.64,0.87,0.69,nan,nan,nan,0.48,0.73,14.31,7.5,0.9,4.62,4.16
design_1319,0.54,0.8,0.58,nan,nan,nan,0.47,0.64,13.04,6.94,0.89,21.28,18.85
design_1320,0.61,0.61,1.67,nan,nan,nan,0.61,1.17,10.04,5.66,0.88,17.63,14.61
design_1321,0.57,0.6,1.81,nan,nan,nan,0.65,1.24,10.6,5.9,0.88,15.49,12.02
design_1322,0.56,0.55,1.99,nan,nan,nan,0.69,1.34,9.84,5.49,0.89,16.54,13.21
design_1323,0.54,0.6,1.66,nan,nan,nan,0.61,1.14,9.7,5.44,0.89,17.89,14.72
design_1324,0.48,0.51,1.71,nan,nan,nan,0.62,1.16,10.05,5.6,0.88,17.51,14.67
design_1325,0.71,0.51,2.31,nan,nan,nan,0.77,1.55,9.33,5.28,0.88,16.52,13.44
design_1326,0.63,0.52,1.94,nan,nan,nan,0.68,1.32,11.75,6.42,0.89,13.81,8.18
design_1327,0.47,0.56,1.89,nan,nan,nan,0.65,1.27,9.31,5.26,0.88,17.54,15.26
design_1328,0.63,1.01,1.76,nan,nan,nan,0.64,1.24,14.28,7.64,0.89,11.89,12.36
design_1329,0.44,0.76,1.22,nan,nan,nan,0.53,0.87,12.8,6.96,0.88,2.72,2.23
design_1330,0.48,0.6,0.65,nan,nan,nan,0.45,0.58,9.25,5.33,0.88,2.13,1.63
design_1331,0.52,0.76,1.27,nan,nan,nan,0.52,0.91,14.38,7.57,0.9,7.49,6.7
design_1332,0.31,0.71,0.97,nan,nan,nan,0.51,0.72,11.7,6.36,0.89,2.43,2.94
design_1333,0.52,0.63,1.15,nan,nan,nan,0.5,0.82,12.85,6.83,0.9,1.89,2.68
design_1334,0.87,1.02,1.88,nan,nan,nan,0.71,1.35,7.41,4.51,0.87,1.11,1.72
design_1335,0.86,1.11,1.96,nan,nan,nan,0.73,1.41,7.41,4.49,0.87,1.05,1.62
design_1336,0.66,1.16,2.83,nan,nan,nan,0.83,1.77,10.68,5.99,0.88,23.98,21.66
design_1337,0.66,0.98,2.06,nan,nan,nan,0.68,1.34,11.89,6.7,0.87,17.07,15.29
design_1338,0.53,1.13,1.69,nan,nan,nan,0.63,1.18,13.23,7.27,0.87,11.78,9.05
design_1339,0.66,1.17,1.95,nan,nan,nan,0.68,1.34,12.2,6.78,0.87,7.99,4.97
design_1340,0.76,0.92,2.14,nan,nan,nan,0.68,1.39,12.35,6.77,0.87,11.19,9.48
design_1341,0.68,1.04,1.79,nan,nan,nan,0.66,1.23,12.13,6.73,0.87,17.83,11.44
design_1342,0.35,0.94,0.99,nan,nan,nan,0.51,0.8,5.76,3.74,0.88,2.23,2.1
design_1343,0.72,0.99,2.0,nan,nan,nan,0.69,1.33,12.1,6.64,0.88,23.38,18.57
design_1344,0.74,1.19,1.21,nan,nan,nan,0.58,1.04,11.08,6.2,0.87,23.65,21.18
design_1345,0.69,0.98,3.03,nan,nan,nan,0.81,1.75,3.7,2.84,0.89,3.73,2.92
design_1346,0.62,1.16,1.1,nan,nan,nan,0.55,0.97,11.96,6.63,0.88,18.48,17.93
design_1347,0.74,1.24,1.13,nan,nan,nan,0.56,1.04,10.97,6.16,0.88,23.45,22.22
design_1348,0.59,1.12,1.13,nan,nan,nan,0.55,0.96,12.9,7.1,0.88,16.19,13.3
design_1349,0.65,1.29,0.99,nan,nan,nan,0.55,0.99,12.52,6.92,0.87,5.34,3.37
design_1350,0.83,1.28,1.12,nan,nan,nan,0.59,1.08,12.2,6.72,0.88,21.13,23.75
design_1351,0.85,1.22,1.1,nan,nan,nan,0.58,1.05,11.29,6.35,0.87,23.44,22.52
design_1352,0.45,1.08,0.7,nan,nan,nan,0.5,0.76,13.39,7.34,0.88,9.7,6.38
design_1353,0.61,0.92,1.02,nan,nan,nan,0.52,0.88,15.24,7.99,0.9,20.37,11.03
design_1354,0.49,0.88,0.6,nan,nan,nan,0.45,0.66,11.62,6.31,0.89,3.65,3.91
design_1355,0.55,0.89,0.68,nan,nan,nan,0.47,0.71,12.87,6.87,0.89,3.87,4.16
design_1356,0.7,0.98,1.42,nan,nan,nan,0.61,1.12,15.59,8.37,0.88,12.65,10.97
design_1357,0.58,0.94,0.84,nan,nan,nan,0.51,0.8,13.73,7.38,0.88,3.77,1.59
design_1358,0.63,0.96,1.03,nan,nan,nan,0.53,0.9,15.46,8.12,0.89,12.1,8.09
design_1359,0.6,0.99,0.96,nan,nan,nan,0.51,0.87,14.7,7.81,0.89,5.16,3.65
design_1360,0.53,0.6,0.62,nan,nan,nan,0.45,0.59,16.82,8.71,0.89,21.52,17.63
design_1361,0.62,0.63,0.58,nan,nan,nan,0.45,0.6,16.89,8.66,0.89,26.66,23.57
design_1362,0.47,0.59,0.85,nan,nan,nan,0.49,0.7,14.85,7.75,0.9,22.61,19.29
design_1363,0.63,0.55,0.85,nan,nan,nan,0.52,0.74,15.1,7.82,0.9,25.42,19.5
design_1364,0.49,0.61,0.7,nan,nan,nan,0.47,0.63,7.17,4.31,0.89,2.17,2.03
design_1365,0.56,0.61,0.69,nan,nan,nan,0.47,0.64,16.46,8.52,0.89,12.12,11.5
design_1366,0.55,0.6,0.59,nan,nan,nan,0.45,0.58,16.24,8.45,0.89,24.99,18.27
design_1367,0.54,0.53,0.86,nan,nan,nan,0.49,0.71,15.84,8.22,0.89,19.47,20.29
design_1368,0.9,0.51,3.18,nan,nan,nan,1.1,2.26,10.67,6.08,0.88,9.68,10.86
design_1369,0.79,0.62,0.42,nan,nan,nan,0.45,0.59,16.21,8.4,0.9,12.69,8.94
design_1370,0.8,0.66,0.5,nan,nan,nan,0.46,0.64,15.56,8.1,0.9,19.71,17.87
design_1371,0.6,0.56,3.49,nan,nan,nan,1.19,2.45,13.34,7.17,0.89,8.78,9.1
design_1372,0.65,0.59,0.8,nan,nan,nan,0.47,0.71,14.96,7.86,0.89,12.01,11.35
design_1373,0.62,0.66,0.43,nan,nan,nan,0.44,0.55,15.85,8.22,0.9,16.83,12.21
design_1374,0.5,0.37,4.17,nan,nan,nan,1.38,2.91,14.59,7.76,0.89,20.1,13.49
design_1375,0.66,0.5,3.38,nan,nan,nan,1.15,2.38,11.99,6.69,0.88,10.29,11.37
design_1376,0.49,0.63,0.56,nan,nan,nan,0.44,0.56,15.76,8.03,0.91,22.71,21.87
design_1377,0.45,0.79,0.64,nan,nan,nan,0.46,0.63,15.99,8.15,0.91,24.37,19.56
design_1378,0.53,0.63,0.67,nan,nan,nan,0.46,0.62,15.03,7.72,0.91,21.71,23.61
design_1379,0.57,0.79,0.61,nan,nan,nan,0.47,0.65,16.39,8.3,0.91,18.8,15.91
design_1380,0.85,0.67,0.54,nan,nan,nan,0.48,0.67,15.79,8.11,0.9,18.11,19.96
design_1381,0.5,0.74,0.59,nan,nan,nan,0.44,0.6,15.92,8.12,0.91,17.66,17.59
design_1382,0.6,0.66,0.56,nan,nan,nan,0.44,0.6,16.42,8.34,0.91,21.21,15.45
design_1383,0.52,0.67,0.59,nan,nan,nan,0.44,0.59,16.57,8.41,0.91,17.33,15.44
design_1384,0.57,0.67,1.89,nan,nan,nan,0.68,1.3,7.5,4.44,0.88,2.26,1.97
design_1385,0.7,0.82,2.09,nan,nan,nan,0.72,1.46,13.94,7.39,0.89,5.96,4.32
design_1386,0.55,0.71,1.75,nan,nan,nan,0.64,1.22,10.37,5.76,0.88,1.78,1.69
design_1387,0.51,0.66,1.78,nan,nan,nan,0.63,1.22,13.81,7.3,0.89,8.61,5.8
design_1388,0.65,0.8,2.1,nan,nan,nan,0.72,1.45,14.51,7.62,0.89,25.32,20.36
design_1389,1.11,0.46,1.51,nan,nan,nan,0.63,1.17,10.6,5.89,0.88,2.25,2.26
design_1390,1.06,0.76,2.84,nan,nan,nan,0.93,1.95,15.14,8.01,0.89,27.83,16.89
design_1391,0.85,0.75,2.4,nan,nan,nan,0.81,1.66,15.11,7.95,0.89,29.03,19.55
design_1392,0.94,0.52,1.68,nan,nan,nan,0.7,1.29,14.1,7.63,0.88,11.83,10.12
design_1393,0.74,0.53,1.89,nan,nan,nan,0.74,1.39,15.61,8.4,0.88,11.28,9.77
design_1394,0.57,0.63,1.73,nan,nan,nan,0.7,1.28,11.73,6.67,0.87,15.63,12.61
design_1395,0.44,0.47,1.77,nan,nan,nan,0.69,1.27,16.97,8.98,0.88,19.97,15.23
design_1396,0.78,0.57,1.57,nan,nan,nan,0.66,1.19,16.05,8.46,0.89,12.81,11.67
design_1397,0.86,0.49,1.97,nan,nan,nan,0.8,1.46,14.62,7.91,0.88,16.05,14.66
design_1398,0.72,0.57,1.88,nan,nan,nan,0.74,1.38,12.47,6.95,0.87,13.18,11.75
design_1399,0.51,0.57,1.78,nan,nan,nan,0.71,1.29,12.82,7.05,0.88,13.72,10.66
design_1400,0.73,0.99,1.0,nan,nan,nan,0.52,0.9,11.59,6.46,0.88,23.98,27.78
design_1401,0.64,1.01,1.23,nan,nan,nan,0.53,0.96,11.68,6.48,0.88,23.92,31.87
design_1402,0.7,1.14,1.05,nan,nan,nan,0.54,0.96,12.43,6.89,0.87,23.32,27.66
design_1403,0.76,1.07,1.23,nan,nan,nan,0.55,1.01,11.75,6.51,0.88,23.89,31.98
design_1404,0.74,0.96,0.98,nan,nan,nan,0.52,0.89,12.01,6.67,0.87,18.59,17.47
design_1405,0.59,1.04,0.96,nan,nan,nan,0.51,0.87,8.28,5.0,0.87,21.22,16.06
design_1406,0.71,0.89,0.86,nan,nan,nan,0.5,0.81,10.47,5.97,0.87,23.95,22.77
design_1407,0.62,1.18,0.82,nan,nan,nan,0.51,0.89,10.67,6.08,0.87,20.94,18.15
design_1408,0.7,0.65,3.57,nan,nan,nan,0.87,1.97,13.13,7.24,0.88,3.93,6.23
design_1409,0.55,0.61,1.91,nan,nan,nan,0.58,1.12,15.06,8.0,0.89,14.15,13.11
design_1410,0.59,0.56,1.87,nan,nan,nan,0.57,1.1,12.72,6.91,0.89,5.44,7.36
design_1411,0.66,0.65,1.93,nan,nan,nan,0.59,1.16,13.59,7.39,0.89,14.46,13.76
design_1412,0.73,0.65,1.59,nan,nan,nan,0.55,1.03,12.22,6.78,0.88,19.6,20.96
design_1413,0.66,0.67,2.08,nan,nan,nan,0.61,1.23,12.12,6.63,0.88,5.9,4.57
design_1414,0.65,0.67,2.72,nan,nan,nan,0.72,1.54,13.14,7.09,0.89,13.19,12.04
design_1415,0.59,0.56,2.09,nan,nan,nan,0.61,1.21,13.84,7.52,0.88,15.23,11.76
design_1416,0.69,1.07,2.02,nan,nan,nan,0.68,1.39,10.37,5.72,0.89,24.46,24.99
design_1417,0.75,1.08,1.98,nan,nan,nan,0.7,1.38,14.05,7.41,0.89,17.6,14.39
design_1418,0.6,1.18,1.23,nan,nan,nan,0.55,1.04,4.89,3.18,0.89,24.63,25.29
design_1419,0.87,1.38,2.38,nan,nan,nan,0.82,1.68,13.69,7.25,0.89,17.87,13.35
design_1420,0.59,1.06,1.4,nan,nan,nan,0.57,1.07,13.72,7.23,0.9,23.92,22.89
design_1421,0.66,1.12,1.93,nan,nan,nan,0.68,1.36,15.64,8.23,0.89,23.0,21.75
design_1422,0.55,1.18,1.41,nan,nan,nan,0.59,1.1,13.03,7.02,0.88,14.91,14.42
design_1423,0.56,1.1,1.75,nan,nan,nan,0.63,1.24,13.71,7.32,0.89,14.39,16.98
design_1424,0.3,0.62,0.7,nan,nan,nan,0.43,0.57,11.99,6.52,0.88,2.56,1.83
design_1425,0.46,0.5,0.68,nan,nan,nan,0.41,0.56,9.93,5.56,0.88,2.82,2.98
design_1426,0.3,0.46,0.76,nan,nan,nan,0.41,0.54,13.1,6.98,0.88,13.13,9.62
design_1427,0.36,0.46,1.05,nan,nan,nan,0.48,0.71,13.36,7.1,0.89,23.43,15.26
design_1428,0.3,0.51,0.68,nan,nan,nan,0.43,0.52,9.61,5.4,0.88,4.02,5.19
design_1429,0.88,1.01,1.55,nan,nan,nan,0.63,1.19,6.63,4.15,0.87,2.14,2.75
design_1430,1.17,0.5,1.09,nan,nan,nan,0.56,0.99,13.82,7.42,0.89,5.74,3.78
design_1431,1.14,0.61,0.68,nan,nan,nan,0.53,0.85,8.56,5.1,0.86,1.11,1.2
design_1432,0.64,0.6,1.23,nan,nan,nan,0.54,0.92,15.38,7.99,0.9,28.57,19.39
design_1433,0.6,0.46,1.49,nan,nan,nan,0.56,1.04,15.52,8.1,0.89,29.97,15.07
design_1434,0.86,0.62,1.76,nan,nan,nan,0.67,1.27,15.0,7.86,0.89,30.76,17.27
design_1435,0.42,0.45,0.87,nan,nan,nan,0.45,0.65,13.69,7.2,0.89,16.39,16.5
design_1436,0.61,0.46,1.38,nan,nan,nan,0.56,0.98,15.84,8.26,0.89,34.07,15.93
design_1437,0.65,0.45,1.34,nan,nan,nan,0.57,0.96,13.15,7.04,0.89,17.61,19.1
design_1438,0.78,0.48,1.23,nan,nan,nan,0.56,0.94,13.65,7.28,0.89,8.02,9.6
design_1439,0.7,0.79,1.26,nan,nan,nan,0.56,0.99,13.13,7.04,0.89,24.85,23.34
design_1440,0.73,0.57,0.95,nan,nan,nan,0.52,0.78,12.53,6.84,0.88,17.53,14.83
design_1441,0.68,0.51,1.16,nan,nan,nan,0.55,0.86,13.52,7.24,0.89,14.02,12.43
design_1442,0.79,0.58,1.32,nan,nan,nan,0.57,0.98,8.16,4.76,0.88,18.3,16.45
design_1443,0.63,0.49,1.06,nan,nan,nan,0.51,0.79,10.47,5.82,0.88,17.95,16.01
design_1444,0.79,0.56,1.37,nan,nan,nan,0.58,1.01,10.24,5.71,0.88,18.06,16.1
design_1445,0.86,0.42,1.2,nan,nan,nan,0.55,0.92,11.61,6.34,0.89,17.05,14.88
design_1446,0.81,0.53,0.47,nan,nan,nan,0.47,0.62,12.1,6.54,0.88,19.27,13.71
design_1447,0.86,0.27,0.97,nan,nan,nan,0.52,0.79,13.11,7.04,0.88,25.29,16.41
design_1448,0.58,0.4,0.53,nan,nan,nan,0.42,0.51,16.24,8.38,0.9,20.03,21.46
design_1449,0.98,0.4,0.88,nan,nan,nan,0.54,0.82,15.74,8.31,0.89,18.86,18.02
design_1450,0.64,0.58,1.08,nan,nan,nan,0.54,0.87,16.24,8.59,0.89,16.14,14.47
design_1451,0.51,0.44,0.68,nan,nan,nan,0.44,0.58,15.49,8.21,0.88,19.32,20.21
design_1452,0.47,0.38,0.9,nan,nan,nan,0.49,0.69,15.43,7.98,0.9,14.78,11.59
design_1453,0.61,0.66,3.29,nan,nan,nan,1.12,2.32,12.45,6.9,0.88,22.43,23.65
design_1454,0.49,0.35,0.6,nan,nan,nan,0.43,0.52,15.18,7.84,0.9,20.64,21.75
design_1455,0.46,0.34,0.6,nan,nan,nan,0.44,0.51,15.86,8.14,0.9,20.19,21.12
design_1456,0.42,0.63,3.07,nan,nan,nan,1.05,2.16,10.69,6.18,0.86,14.55,12.3
design_1457,0.42,0.71,2.89,nan,nan,nan,1.0,2.04,10.7,6.22,0.86,16.25,14.64
design_1458,0.4,0.63,2.73,nan,nan,nan,0.95,1.93,11.53,6.6,0.87,15.67,13.23
design_1459,0.44,0.68,2.81,nan,nan,nan,0.98,1.99,10.78,6.25,0.86,16.79,15.3
design_1460,0.47,0.74,2.87,nan,nan,nan,1.0,2.04,10.66,6.19,0.87,15.35,12.67
design_1461,0.38,0.58,2.49,nan,nan,nan,0.88,1.76,12.53,7.1,0.86,15.48,13.65
design_1462,0.42,0.81,2.74,nan,nan,nan,0.96,1.95,10.28,6.05,0.86,14.27,13.85
design_1463,0.39,0.61,2.9,nan,nan,nan,1.0,2.04,10.42,6.04,0.87,15.05,14.03
design_1464,0.72,1.03,1.37,nan,nan,nan,0.65,1.1,14.31,7.53,0.9,24.59,19.12
design_1465,0.53,1.04,1.0,nan,nan,nan,0.55,0.89,12.39,6.7,0.88,11.22,10.54
design_1466,0.39,1.14,0.45,nan,nan,nan,0.46,0.7,9.78,5.46,0.88,4.49,2.96
design_1467,0.61,1.36,1.22,nan,nan,nan,0.61,1.11,15.29,7.96,0.9,16.15,7.92
design_1468,0.73,1.07,1.11,nan,nan,nan,0.59,0.99,14.7,7.7,0.89,23.38,12.64
design_1469,0.46,1.23,0.57,nan,nan,nan,0.51,0.78,11.45,6.17,0.89,2.75,2.41
design_1470,0.55,1.3,1.02,nan,nan,nan,0.57,0.99,14.88,7.83,0.9,10.32,8.78
design_1471,0.6,1.18,1.33,nan,nan,nan,0.61,1.1,15.02,7.86,0.9,23.69,13.38
design_1472,0.65,0.57,3.44,nan,nan,nan,1.18,2.43,13.73,7.36,0.89,20.28,17.48
design_1473,0.66,0.55,3.55,nan,nan,nan,1.21,2.5,13.51,7.28,0.88,20.57,17.8
design_1474,0.56,0.54,3.46,nan,nan,nan,1.18,2.43,12.54,6.99,0.88,20.43,18.47
design_1475,0.62,0.61,3.42,nan,nan,nan,1.17,2.41,13.36,7.2,0.89,20.5,17.11
design_1476,0.61,0.64,3.25,nan,nan,nan,1.13,2.3,14.01,7.65,0.88,21.88,20.68
design_1477,0.73,0.61,3.51,nan,nan,nan,1.2,2.48,13.52,7.27,0.88,20.54,16.97
design_1478,1.05,0.65,1.43,nan,nan,nan,0.68,1.18,15.1,8.14,0.87,16.67,13.04
design_1479,0.71,0.59,3.36,nan,nan,nan,1.16,2.37,14.43,7.82,0.88,20.61,16.77
design_1480,0.48,0.64,0.63,nan,nan,nan,0.45,0.59,16.8,8.59,0.9,17.54,19.23
design_1481,0.58,0.7,0.64,nan,nan,nan,0.48,0.64,15.52,7.97,0.9,23.06,26.95
design_1482,0.5,0.7,0.61,nan,nan,nan,0.47,0.6,15.42,7.9,0.91,19.0,19.74
design_1483,0.68,0.75,0.64,nan,nan,nan,0.49,0.68,16.2,8.27,0.9,21.81,20.01
design_1484,0.53,0.79,0.62,nan,nan,nan,0.5,0.64,16.5,8.41,0.91,21.36,17.78
design_1485,0.49,0.74,0.62,nan,nan,nan,0.47,0.62,16.48,8.43,0.9,21.18,22.6
design_1486,0.61,0.68,0.71,nan,nan,nan,0.5,0.68,16.71,8.55,0.9,15.15,12.96
design_1487,0.42,0.69,0.64,nan,nan,nan,0.46,0.6,15.56,8.0,0.9,21.43,24.09
design_1488,0.82,0.68,0.81,nan,nan,nan,0.54,0.79,16.85,8.69,0.9,12.1,13.06
design_1489,0.35,0.67,0.71,nan,nan,nan,0.45,0.62,16.34,8.33,0.9,19.6,12.0
design_1490,0.47,0.68,0.71,nan,nan,nan,0.46,0.65,16.42,8.38,0.9,16.7,14.72
design_1491,0.4,0.68,0.62,nan,nan,nan,0.46,0.59,16.22,8.34,0.9,16.89,14.71
design_1492,0.66,0.65,0.74,nan,nan,nan,0.5,0.7,15.37,7.92,0.9,7.91,9.52
design_1493,0.53,0.6,0.64,nan,nan,nan,0.46,0.6,16.86,8.59,0.9,28.54,16.16
design_1494,0.36,0.63,0.84,nan,nan,nan,0.49,0.69,15.43,7.92,0.91,7.78,6.55
design_1495,0.48,0.71,0.91,nan,nan,nan,0.51,0.77,14.3,7.45,0.9,22.15,24.83
design_1496,0.44,1.08,1.72,nan,nan,nan,0.66,1.26,15.38,8.06,0.9,9.62,5.94
design_1497,0.7,0.89,1.75,nan,nan,nan,0.67,1.27,13.68,7.41,0.88,22.59,13.07
design_1498,0.47,1.08,1.34,nan,nan,nan,0.58,1.06,13.49,7.22,0.89,11.76,7.24
design_1499,0.48,1.03,1.67,nan,nan,nan,0.65,1.23,14.73,7.71,0.9,10.38,6.57
design_1500,0.43,1.13,1.67,nan,nan,nan,0.66,1.24,15.22,7.99,0.9,7.79,5.33
design_1501,0.45,1.01,1.27,nan,nan,nan,0.57,1.0,11.94,6.53,0.88,5.43,3.79
design_1502,0.44,1.12,1.59,nan,nan,nan,0.63,1.2,14.53,7.67,0.89,6.25,4.75
design_1503,0.42,1.06,1.63,nan,nan,nan,0.63,1.2,15.28,7.99,0.9,8.19,5.89
design_1504,0.86,0.61,1.75,nan,nan,nan,0.59,1.12,12.91,7.23,0.87,6.98,8.02
design_1505,0.82,0.69,2.62,nan,nan,nan,0.73,1.53,10.25,5.85,0.88,18.89,19.78
design_1506,1.01,0.68,2.74,nan,nan,nan,0.76,1.63,3.61,2.91,0.88,11.1,8.2
design_1507,0.95,0.76,1.67,nan,nan,nan,0.59,1.15,11.62,6.66,0.86,19.94,21.08
design_1508,0.52,0.72,1.92,nan,nan,nan,0.58,1.14,11.7,6.51,0.88,4.21,5.71
design_1509,0.94,0.59,1.55,nan,nan,nan,0.56,1.06,11.21,6.28,0.88,19.92,19.9
design_1510,0.74,0.82,2.45,nan,nan,nan,0.7,1.45,12.8,6.93,0.89,13.28,11.82
design_1511,0.54,0.76,2.03,nan,nan,nan,0.6,1.2,13.55,7.32,0.89,13.35,12.92
design_1512,6.79,18.81,4.36,nan,nan,nan,9.06,11.61,5.03,4.05,0.86,11.99,12.37
design_1513,6.89,17.19,6.33,nan,nan,nan,8.99,11.11,11.44,6.91,0.84,12.95,12.2
design_1514,7.46,19.22,4.75,nan,nan,nan,9.22,12.01,11.65,6.88,0.85,12.27,15.1
design_1515,6.63,17.11,5.8,nan,nan,nan,8.95,10.92,11.93,7.11,0.85,14.74,13.94
design_1516,6.65,18.51,5.82,nan,nan,nan,9.1,11.63,12.91,7.49,0.87,16.31,17.63
design_1517,7.51,18.6,5.2,nan,nan,nan,9.13,11.77,9.97,6.18,0.85,13.81,13.05
design_1518,6.31,16.87,6.12,nan,nan,nan,8.93,10.79,15.62,8.86,0.85,14.8,13.09
design_1519,7.23,18.02,6.55,nan,nan,nan,9.14,11.63,14.5,8.29,0.85,12.47,13.16
design_1520,0.87,1.08,1.83,nan,nan,nan,0.64,1.3,10.76,5.95,0.88,24.68,23.19
design_1521,0.53,1.13,2.51,nan,nan,nan,0.74,1.58,12.58,6.9,0.88,9.75,6.74
design_1522,0.73,1.03,1.35,nan,nan,nan,0.56,1.05,13.52,7.14,0.9,20.35,17.74
design_1523,0.54,0.88,0.59,nan,nan,nan,0.47,0.68,6.05,3.75,0.88,4.91,5.53
design_1524,0.73,0.91,1.36,nan,nan,nan,0.56,1.02,13.82,7.3,0.9,22.53,19.31
design_1525,0.86,1.09,2.25,nan,nan,nan,0.71,1.5,13.86,7.44,0.89,22.13,19.14
design_1526,0.57,0.85,0.7,nan,nan,nan,0.49,0.71,6.88,4.21,0.87,6.27,7.22
design_1527,0.74,0.99,1.35,nan,nan,nan,0.55,1.04,13.58,7.17,0.9,21.78,19.22
design_1528,0.57,1.65,1.37,nan,nan,nan,0.64,1.26,10.54,5.92,0.88,5.79,5.95
design_1529,0.47,1.47,1.22,nan,nan,nan,0.57,1.12,3.65,2.68,0.89,2.01,1.77
design_1530,0.6,1.54,1.28,nan,nan,nan,0.61,1.19,14.37,7.65,0.89,16.78,15.59
design_1531,0.58,1.61,1.26,nan,nan,nan,0.6,1.2,14.67,7.81,0.89,7.71,6.99
design_1532,0.62,1.46,1.12,nan,nan,nan,0.56,1.1,6.27,4.1,0.87,1.27,1.15
design_1533,0.6,1.13,1.19,nan,nan,nan,0.53,1.0,5.77,3.9,0.87,2.28,1.91
design_1534,0.48,1.44,0.96,nan,nan,nan,0.55,1.01,4.36,3.03,0.89,1.89,1.71
design_1535,0.46,1.4,1.31,nan,nan,nan,0.6,1.12,6.9,4.21,0.88,2.33,1.79
design_1536,0.54,0.4,3.74,nan,nan,nan,1.26,2.61,15.98,8.51,0.88,15.79,14.91
design_1537,0.72,0.46,3.63,nan,nan,nan,1.22,2.55,16.24,8.71,0.88,17.41,8.55
design_1538,0.65,0.31,4.17,nan,nan,nan,1.39,2.92,14.66,7.99,0.88,25.22,19.06
design_1539,0.67,0.38,4.2,nan,nan,nan,1.4,2.94,16.89,8.81,0.88,14.19,15.52
design_1540,0.83,0.34,4.03,nan,nan,nan,1.35,2.83,15.88,8.46,0.88,14.29,8.91
design_1541,0.49,0.53,3.67,nan,nan,nan,1.23,2.57,15.81,8.43,0.88,11.9,10.94
design_1542,0.64,0.3,3.95,nan,nan,nan,1.32,2.76,17.46,9.13,0.87,16.05,15.37
design_1543,0.76,0.34,4.11,nan,nan,nan,1.39,2.88,15.98,8.53,0.87,21.43,15.18
design_1544,0.81,0.7,1.73,nan,nan,nan,0.6,1.12,12.33,6.8,0.88,26.27,15.29
design_1545,0.58,0.58,1.19,nan,nan,nan,0.48,0.8,12.71,6.92,0.88,7.93,4.44
design_1546,0.87,0.59,0.97,nan,nan,nan,0.51,0.82,9.58,5.57,0.87,4.21,5.27
design_1547,0.57,0.59,1.22,nan,nan,nan,0.48,0.81,14.38,7.67,0.89,9.44,8.31
design_1548,0.59,0.64,1.26,nan,nan,nan,0.48,0.84,15.08,8.03,0.89,30.44,17.33
design_1549,0.5,0.56,1.14,nan,nan,nan,0.45,0.75,13.49,7.31,0.89,6.74,6.05
design_1550,0.67,0.58,1.27,nan,nan,nan,0.49,0.86,13.01,7.04,0.89,9.81,6.57
design_1551,0.77,0.44,1.08,nan,nan,nan,0.48,0.79,12.09,6.68,0.88,3.44,1.75
design_1552,0.68,1.07,2.18,nan,nan,nan,0.81,1.61,16.23,8.76,0.87,15.6,10.87
design_1553,0.7,1.2,2.25,nan,nan,nan,0.85,1.68,16.84,9.11,0.86,35.71,13.3
design_1554,0.69,1.11,3.28,nan,nan,nan,1.11,2.32,17.53,9.6,0.85,39.93,15.13
design_1555,0.73,1.1,1.79,nan,nan,nan,0.74,1.39,16.99,8.95,0.88,38.48,14.45
design_1556,0.62,1.07,2.2,nan,nan,nan,0.82,1.61,15.41,8.31,0.87,25.51,20.82
design_1557,0.68,1.24,1.51,nan,nan,nan,0.69,1.25,12.44,6.99,0.86,6.88,6.38
design_1558,0.47,1.16,1.6,nan,nan,nan,0.68,1.26,14.66,7.98,0.87,11.54,12.89
design_1559,0.5,1.28,1.69,nan,nan,nan,0.71,1.34,15.12,8.22,0.86,9.98,9.75
design_1560,0.6,0.6,0.73,nan,nan,nan,0.48,0.67,15.46,7.99,0.9,22.13,19.7
design_1561,0.7,0.76,0.71,nan,nan,nan,0.5,0.72,15.87,8.23,0.9,24.76,20.43
design_1562,0.66,0.7,0.62,nan,nan,nan,0.48,0.65,17.22,8.8,0.9,21.46,19.0
design_1563,0.68,0.62,0.87,nan,nan,nan,0.53,0.77,15.88,8.21,0.9,7.49,5.26
design_1564,0.48,0.68,0.61,nan,nan,nan,0.45,0.59,17.51,8.99,0.9,13.2,12.95
design_1565,0.69,0.62,0.69,nan,nan,nan,0.48,0.68,17.1,8.79,0.89,23.19,14.84
design_1566,0.72,0.74,0.71,nan,nan,nan,0.49,0.72,16.25,8.41,0.89,21.86,21.8
design_1567,0.65,0.85,0.73,nan,nan,nan,0.5,0.74,15.31,7.98,0.9,22.7,19.72
design_1568,0.59,0.42,1.35,nan,nan,nan,0.59,0.99,15.56,8.34,0.88,17.04,19.89
design_1569,0.68,0.38,3.65,nan,nan,nan,1.19,2.51,15.68,8.71,0.86,22.96,24.97
design_1570,0.58,0.34,2.78,nan,nan,nan,0.95,1.91,15.27,8.35,0.87,21.47,24.5
design_1571,0.66,0.51,1.24,nan,nan,nan,0.56,0.95,12.23,6.59,0.89,23.26,26.21
design_1572,0.69,0.41,2.96,nan,nan,nan,1.0,2.05,14.62,8.18,0.85,20.51,22.55
design_1573,0.68,0.39,1.78,nan,nan,nan,0.69,1.28,15.59,8.47,0.87,21.51,23.99
design_1574,0.6,0.37,1.41,nan,nan,nan,0.61,1.03,14.34,7.92,0.86,13.41,12.0
design_1575,0.68,0.38,1.78,nan,nan,nan,0.7,1.28,14.79,8.11,0.87,22.84,25.98
design_1576,0.43,0.42,0.76,nan,nan,nan,0.42,0.56,12.16,6.62,0.87,1.56,2.09
design_1577,1.13,0.71,2.25,nan,nan,nan,0.76,1.54,12.05,6.61,0.88,21.85,20.45
design_1578,0.46,0.56,1.15,nan,nan,nan,0.5,0.8,14.06,7.45,0.9,2.31,2.9
design_1579,0.64,0.47,1.25,nan,nan,nan,0.49,0.87,15.01,7.92,0.89,32.78,15.25
design_1580,0.61,0.51,1.01,nan,nan,nan,0.48,0.75,9.92,5.61,0.87,2.3,2.21
design_1581,0.76,0.4,0.91,nan,nan,nan,0.5,0.74,13.44,7.2,0.88,14.03,6.34
design_1582,0.52,0.87,1.11,nan,nan,nan,0.54,0.87,6.22,3.9,0.88,1.57,1.04
design_1583,0.59,0.52,1.18,nan,nan,nan,0.5,0.83,14.44,7.62,0.89,23.66,10.83
design_1584,0.72,0.38,3.0,nan,nan,nan,0.97,2.02,18.81,9.86,0.88,33.21,14.25
design_1585,0.82,0.4,2.31,nan,nan,nan,0.8,1.6,13.46,7.6,0.86,13.36,15.84
design_1586,0.69,0.5,4.88,nan,nan,nan,1.48,3.25,16.97,9.32,0.85,21.0,13.13
design_1587,0.69,0.38,6.35,nan,nan,nan,1.89,4.21,10.4,6.03,0.87,23.2,27.77
design_1588,0.71,0.34,6.24,nan,nan,nan,1.86,4.14,14.88,7.95,0.89,19.09,22.0
design_1589,0.74,0.43,4.73,nan,nan,nan,1.44,3.16,15.75,8.58,0.87,18.0,9.68
design_1590,0.62,0.37,1.47,nan,nan,nan,0.59,1.04,13.13,7.32,0.87,21.43,25.5
design_1591,0.76,0.32,3.36,nan,nan,nan,1.07,2.26,14.89,8.1,0.88,6.86,6.0
design_1592,0.78,0.71,1.3,nan,nan,nan,0.6,1.05,15.2,8.15,0.88,9.97,10.06
design_1593,0.64,0.52,0.76,nan,nan,nan,0.47,0.68,15.26,7.95,0.9,19.56,21.72
design_1594,0.51,0.53,0.76,nan,nan,nan,0.47,0.65,15.34,7.97,0.9,7.8,5.9
design_1595,0.57,0.58,0.75,nan,nan,nan,0.47,0.66,15.93,8.26,0.89,10.09,9.79
design_1596,0.55,0.56,0.68,nan,nan,nan,0.45,0.62,15.86,8.2,0.9,14.14,14.06
design_1597,0.53,0.48,0.81,nan,nan,nan,0.47,0.67,15.46,7.99,0.9,21.49,22.15
design_1598,0.52,0.57,0.76,nan,nan,nan,0.47,0.65,15.55,8.08,0.89,16.03,18.24
design_1599,0.68,0.67,1.01,nan,nan,nan,0.55,0.85,5.56,3.7,0.89,5.51,5.61
design_1600,0.43,0.7,0.7,nan,nan,nan,0.42,0.62,3.26,2.48,0.9,1.28,0.69
design_1601,0.47,0.73,0.94,nan,nan,nan,0.46,0.73,4.87,3.24,0.89,1.06,0.88
design_1602,0.27,1.17,0.75,nan,nan,nan,0.49,0.8,3.47,2.57,0.9,1.69,0.94
design_1603,0.3,0.92,0.81,nan,nan,nan,0.47,0.71,4.28,2.96,0.89,1.16,0.81
design_1604,0.77,0.47,1.19,nan,nan,nan,0.5,0.86,14.91,7.82,0.9,33.62,14.07
design_1605,0.64,0.95,1.07,nan,nan,nan,0.52,0.89,9.43,5.35,0.88,4.03,3.81
design_1606,0.69,0.88,1.17,nan,nan,nan,0.51,0.92,15.01,7.86,0.9,34.05,13.87
design_1607,0.48,0.83,0.87,nan,nan,nan,0.46,0.74,4.95,3.29,0.89,1.85,1.55
design_1608,0.63,0.68,0.61,nan,nan,nan,0.45,0.63,16.55,8.48,0.9,13.65,9.21
design_1609,0.61,0.69,0.59,nan,nan,nan,0.45,0.62,16.37,8.4,0.9,15.31,12.79
design_1610,0.34,0.67,0.56,nan,nan,nan,0.41,0.54,17.06,8.64,0.91,22.67,9.67
design_1611,0.49,0.75,0.58,nan,nan,nan,0.43,0.6,15.89,8.22,0.9,12.87,14.36
design_1612,0.49,0.64,0.55,nan,nan,nan,0.44,0.56,17.26,8.85,0.9,18.19,10.0
design_1613,0.49,0.69,0.58,nan,nan,nan,0.43,0.58,16.35,8.46,0.9,19.38,20.6
design_1614,0.45,0.56,0.7,nan,nan,nan,0.45,0.61,16.87,8.72,0.9,10.06,11.07
design_1615,0.44,0.73,0.57,nan,nan,nan,0.43,0.58,16.75,8.56,0.9,18.1,14.61
design_1616,0.7,0.59,1.59,nan,nan,nan,0.61,1.1,16.09,8.41,0.9,14.72,9.26
design_1617,0.84,0.66,1.08,nan,nan,nan,0.56,0.9,13.64,7.3,0.89,13.44,10.31
design_1618,0.83,0.52,1.58,nan,nan,nan,0.65,1.12,14.17,7.46,0.9,19.96,13.3
design_1619,0.81,0.67,1.0,nan,nan,nan,0.54,0.85,13.01,6.98,0.89,13.85,9.27
design_1620,0.69,0.56,0.81,nan,nan,nan,0.5,0.71,14.74,7.8,0.89,18.71,12.41
design_1621,0.79,0.63,1.0,nan,nan,nan,0.53,0.84,16.09,8.4,0.9,15.62,8.89
design_1622,0.76,0.56,1.03,nan,nan,nan,0.52,0.83,15.25,8.04,0.89,18.81,11.98
design_1623,0.77,0.57,1.3,nan,nan,nan,0.57,0.97,12.43,6.87,0.87,22.64,15.92
design_1624,0.72,0.67,1.62,nan,nan,nan,0.59,1.14,12.84,6.91,0.89,1.69,2.12
design_1625,0.67,0.75,1.89,nan,nan,nan,0.65,1.29,14.12,7.45,0.9,19.06,11.39
design_1626,0.79,0.55,1.9,nan,nan,nan,0.65,1.29,14.53,7.64,0.89,30.52,16.04
design_1627,0.83,0.54,1.74,nan,nan,nan,0.62,1.21,13.18,7.05,0.89,24.06,22.49
design_1628,0.84,0.79,1.8,nan,nan,nan,0.64,1.28,14.3,7.54,0.9,6.05,5.68
design_1629,0.9,0.54,1.84,nan,nan,nan,0.67,1.28,13.95,7.36,0.9,9.01,5.93
design_1630,0.67,0.55,1.5,nan,nan,nan,0.55,1.05,13.4,7.18,0.89,15.04,14.24
design_1631,0.87,0.8,1.87,nan,nan,nan,0.69,1.33,12.83,6.95,0.89,17.76,17.75
design_1632,0.64,0.56,0.64,nan,nan,nan,0.48,0.62,16.39,8.4,0.9,20.48,20.58
design_1633,0.76,0.49,0.77,nan,nan,nan,0.51,0.72,16.58,8.55,0.9,26.13,20.05
design_1634,0.86,0.63,0.63,nan,nan,nan,0.49,0.7,17.47,8.9,0.9,30.47,20.64
design_1635,0.7,0.56,0.71,nan,nan,nan,0.5,0.68,16.71,8.65,0.89,14.03,10.61
design_1636,0.9,0.57,0.73,nan,nan,nan,0.53,0.75,16.82,8.6,0.9,18.79,12.44
design_1637,0.76,0.56,0.63,nan,nan,nan,0.49,0.65,19.53,9.82,0.9,32.51,20.13
design_1638,0.52,0.62,0.65,nan,nan,nan,0.46,0.61,15.99,8.23,0.9,15.44,13.87
design_1639,0.54,0.54,0.71,nan,nan,nan,0.5,0.63,16.26,8.34,0.9,18.9,18.41
design_1640,1.08,0.41,1.64,nan,nan,nan,0.6,1.21,12.8,6.91,0.88,7.29,5.3
design_1641,0.34,0.49,1.47,nan,nan,nan,0.52,0.97,12.73,6.83,0.88,6.92,3.6
design_1642,1.13,0.44,1.19,nan,nan,nan,0.53,1.01,12.06,6.57,0.88,4.56,2.77
design_1643,1.18,0.48,1.58,nan,nan,nan,0.61,1.22,14.1,7.54,0.87,30.69,19.07
design_1644,1.1,0.41,1.26,nan,nan,nan,0.55,1.03,9.26,5.3,0.87,5.31,4.83
design_1645,1.01,0.43,1.54,nan,nan,nan,0.6,1.14,10.79,6.08,0.87,4.73,3.05
design_1646,0.98,0.38,0.96,nan,nan,nan,0.48,0.85,9.57,5.47,0.87,2.96,1.5
design_1647,1.03,0.46,1.65,nan,nan,nan,0.62,1.2,12.65,6.9,0.87,10.34,6.84
design_1648,0.44,0.48,0.57,nan,nan,nan,0.42,0.5,13.56,7.17,0.89,26.01,15.62
design_1649,0.54,0.43,0.73,nan,nan,nan,0.45,0.6,12.93,6.94,0.89,20.13,13.87
design_1650,0.55,0.49,0.76,nan,nan,nan,0.45,0.62,10.78,5.95,0.88,18.27,16.29
design_1651,0.55,0.49,0.87,nan,nan,nan,0.47,0.68,12.2,6.58,0.89,17.96,14.92
design_1652,0.51,0.48,0.7,nan,nan,nan,0.43,0.58,9.51,5.36,0.88,17.8,16.32
design_1653,0.45,0.53,0.57,nan,nan,nan,0.42,0.52,14.76,7.73,0.89,9.08,7.4
design_1654,0.56,0.64,0.96,nan,nan,nan,0.5,0.76,14.33,7.52,0.9,31.4,16.19
design_1655,0.59,0.5,0.91,nan,nan,nan,0.47,0.71,10.11,5.62,0.88,17.79,16.11
design_1656,0.69,0.64,1.05,nan,nan,nan,0.53,0.88,14.83,7.74,0.89,11.36,10.97
design_1657,0.34,0.67,0.57,nan,nan,nan,0.43,0.55,15.57,8.05,0.9,13.53,12.32
design_1658,0.58,0.62,0.84,nan,nan,nan,0.49,0.73,16.01,8.54,0.88,14.68,13.44
design_1659,0.55,0.71,0.62,nan,nan,nan,0.46,0.63,16.03,8.27,0.9,14.87,12.96
design_1660,0.62,0.63,0.86,nan,nan,nan,0.5,0.75,16.21,8.46,0.89,16.52,16.59
design_1661,0.74,0.83,0.65,nan,nan,nan,0.5,0.72,15.62,8.13,0.89,15.8,15.26
design_1662,0.76,0.73,0.74,nan,nan,nan,0.49,0.74,15.94,8.25,0.9,16.94,16.53
design_1663,0.72,0.62,1.1,nan,nan,nan,0.54,0.91,13.75,7.37,0.88,8.74,10.24
design_1664,0.37,1.23,1.46,nan,nan,nan,0.58,1.09,13.06,7.2,0.87,24.1,24.49
design_1665,0.25,1.17,1.13,nan,nan,nan,0.53,0.93,12.81,6.9,0.89,24.27,25.04
design_1666,0.64,1.3,1.0,nan,nan,nan,0.57,1.0,9.36,5.38,0.87,1.95,2.2
design_1667,0.32,1.16,1.23,nan,nan,nan,0.54,0.97,12.91,6.97,0.88,23.61,22.86
design_1668,0.57,1.17,0.98,nan,nan,nan,0.52,0.93,11.9,6.4,0.89,24.27,25.29
design_1669,0.32,1.15,1.07,nan,nan,nan,0.53,0.9,11.59,6.3,0.89,24.36,24.9
design_1670,0.43,1.31,1.76,nan,nan,nan,0.64,1.26,12.14,6.8,0.87,23.91,24.44
design_1671,0.5,1.14,1.02,nan,nan,nan,0.51,0.91,11.73,6.31,0.9,23.73,23.8
design_1672,0.59,1.04,1.84,nan,nan,nan,0.61,1.2,12.45,6.84,0.88,19.53,19.23
design_1673,0.58,1.1,1.14,nan,nan,nan,0.55,0.95,6.71,4.28,0.87,2.33,2.45
design_1674,0.45,1.07,1.25,nan,nan,nan,0.55,0.94,9.47,5.46,0.87,24.04,24.06
design_1675,0.74,1.1,1.38,nan,nan,nan,0.59,1.07,13.18,7.23,0.88,24.42,22.09
design_1676,0.52,1.08,1.73,nan,nan,nan,0.59,1.15,11.38,6.33,0.88,21.19,21.29
design_1677,0.48,1.01,1.71,nan,nan,nan,0.57,1.11,11.1,6.22,0.88,23.17,23.37
design_1678,0.55,1.19,1.78,nan,nan,nan,0.63,1.21,8.18,4.93,0.87,4.15,4.7
design_1679,0.61,1.12,1.21,nan,nan,nan,0.54,0.98,11.2,6.27,0.88,22.53,22.99
design_1680,0.57,0.6,0.72,nan,nan,nan,0.48,0.63,13.77,7.4,0.88,25.14,19.65
design_1681,0.55,0.45,0.91,nan,nan,nan,0.43,0.66,15.01,7.91,0.89,30.46,19.7
design_1682,0.62,0.67,4.68,nan,nan,nan,1.18,2.68,5.81,4.0,0.87,5.42,2.87
design_1683,0.56,0.54,0.77,nan,nan,nan,0.45,0.63,10.6,5.89,0.88,24.64,25.04
design_1684,0.56,1.36,1.3,nan,nan,nan,0.6,1.11,4.32,3.1,0.88,2.54,1.17
design_1685,0.45,0.7,1.19,nan,nan,nan,0.51,0.82,3.79,2.89,0.89,1.95,1.63
design_1686,0.59,0.62,1.0,nan,nan,nan,0.5,0.75,11.61,6.37,0.89,24.38,24.44
design_1687,0.55,0.76,0.96,nan,nan,nan,0.45,0.76,14.66,7.67,0.9,27.28,21.82
design_1688,0.93,1.09,1.95,nan,nan,nan,0.7,1.41,9.88,5.62,0.87,3.33,3.9
design_1689,0.52,0.62,1.26,nan,nan,nan,0.55,0.87,5.91,3.78,0.88,1.39,1.21
design_1690,0.36,0.44,1.08,nan,nan,nan,0.47,0.71,9.58,5.4,0.88,2.27,2.25
design_1691,0.75,0.58,1.6,nan,nan,nan,0.57,1.09,14.79,7.71,0.9,27.77,18.33
design_1692,0.39,0.7,0.99,nan,nan,nan,0.47,0.73,10.15,5.7,0.88,3.63,2.31
design_1693,0.62,0.76,1.2,nan,nan,nan,0.52,0.9,10.28,5.76,0.88,3.49,3.87
design_1694,0.66,0.53,1.42,nan,nan,nan,0.53,0.97,12.77,6.88,0.9,23.01,22.69
design_1695,0.69,0.57,1.33,nan,nan,nan,0.53,0.94,9.25,5.33,0.88,2.83,2.92
design_1696,0.71,0.58,1.03,nan,nan,nan,0.53,0.79,5.33,3.52,0.88,4.64,5.43
design_1697,1.32,0.75,0.54,nan,nan,nan,0.62,0.96,7.81,4.6,0.87,4.78,6.39
design_1698,0.71,0.46,1.36,nan,nan,nan,0.53,0.91,5.26,3.6,0.87,5.41,6.47
design_1699,1.26,0.65,0.91,nan,nan,nan,0.63,0.99,5.26,3.41,0.88,5.03,6.27
design_1700,0.64,0.54,1.07,nan,nan,nan,0.52,0.78,8.0,4.75,0.87,3.75,4.32
design_1701,1.2,0.57,0.84,nan,nan,nan,0.58,0.93,7.18,4.29,0.88,3.83,4.42
design_1702,1.13,0.87,1.01,nan,nan,nan,0.59,1.01,7.91,4.82,0.86,4.97,6.35
design_1703,1.34,0.51,1.58,nan,nan,nan,0.67,1.24,7.56,4.57,0.87,4.6,5.82
design_1704,0.55,0.58,0.64,nan,nan,nan,0.45,0.6,16.59,8.49,0.9,12.42,12.8
design_1705,0.65,0.53,0.68,nan,nan,nan,0.48,0.64,15.79,8.17,0.89,20.9,13.45
design_1706,0.46,0.62,0.68,nan,nan,nan,0.44,0.61,16.11,8.3,0.9,19.7,17.94
design_1707,0.67,0.45,0.76,nan,nan,nan,0.48,0.68,16.04,8.29,0.9,10.34,9.6
design_1708,0.53,0.6,0.6,nan,nan,nan,0.44,0.58,16.01,8.28,0.9,15.96,19.8
design_1709,0.48,0.59,0.59,nan,nan,nan,0.44,0.56,16.53,8.49,0.9,25.11,18.46
design_1710,0.45,0.46,0.65,nan,nan,nan,0.43,0.56,16.32,8.43,0.9,9.89,10.55
design_1711,0.49,0.48,0.73,nan,nan,nan,0.46,0.62,16.17,8.43,0.89,6.66,7.64
design_1712,0.87,0.83,0.65,nan,nan,nan,0.52,0.76,17.11,8.77,0.9,9.38,5.4
design_1713,0.89,0.78,0.69,nan,nan,nan,0.52,0.77,16.95,8.67,0.9,23.36,17.38
design_1714,0.6,0.81,0.68,nan,nan,nan,0.49,0.69,15.98,8.23,0.9,21.49,24.82
design_1715,0.63,0.93,0.71,nan,nan,nan,0.52,0.75,16.26,8.42,0.9,7.34,8.44
design_1716,0.89,0.88,0.7,nan,nan,nan,0.54,0.8,15.89,8.24,0.9,20.78,22.58
design_1717,0.66,0.89,0.75,nan,nan,nan,0.51,0.76,15.55,8.03,0.9,21.24,23.75
design_1718,0.93,0.82,0.66,nan,nan,nan,0.52,0.78,16.75,8.59,0.9,22.2,17.62
design_1719,0.69,0.69,0.71,nan,nan,nan,0.5,0.7,16.07,8.31,0.9,9.2,11.61
design_1720,0.57,1.06,0.98,nan,nan,nan,0.52,0.89,12.74,6.84,0.89,23.64,22.34
design_1721,0.47,0.9,1.11,nan,nan,nan,0.51,0.87,12.96,6.95,0.9,23.77,21.88
design_1722,0.38,0.8,1.29,nan,nan,nan,0.53,0.91,4.61,3.14,0.89,2.09,1.17
design_1723,0.64,0.74,2.0,nan,nan,nan,0.69,1.31,6.11,3.96,0.87,3.55,2.28
design_1724,0.51,1.74,2.03,nan,nan,nan,0.74,1.56,14.12,7.49,0.9,24.29,20.36
design_1725,0.56,0.96,1.17,nan,nan,nan,0.55,0.93,12.33,6.7,0.89,22.03,20.1
design_1726,0.55,0.95,1.1,nan,nan,nan,0.52,0.9,13.27,7.15,0.89,23.81,22.16
design_1727,0.52,0.97,1.99,nan,nan,nan,0.66,1.33,13.97,7.4,0.9,22.93,20.18
design_1728,0.62,0.32,1.29,nan,nan,nan,0.47,0.8,11.98,6.67,0.88,23.36,21.18
design_1729,0.67,0.43,1.7,nan,nan,nan,0.54,1.02,12.79,7.09,0.88,23.47,22.51
design_1730,0.66,2.76,1.63,nan,nan,nan,0.83,1.86,11.49,6.53,0.88,23.66,21.8
design_1731,0.79,0.36,1.37,nan,nan,nan,0.5,0.9,15.74,8.42,0.88,39.12,23.37
design_1732,0.57,0.32,1.37,nan,nan,nan,0.46,0.82,12.17,6.8,0.88,23.91,21.49
design_1733,0.54,0.4,1.39,nan,nan,nan,0.48,0.84,12.39,6.9,0.88,24.36,22.45
design_1734,0.73,2.74,1.68,nan,nan,nan,0.83,1.87,11.11,6.35,0.87,3.65,4.47
design_1735,0.65,0.34,1.3,nan,nan,nan,0.47,0.82,11.65,6.53,0.87,3.09,2.28
design_1736,0.76,0.83,0.72,nan,nan,nan,0.5,0.76,17.08,8.77,0.9,24.1,16.92
design_1737,0.6,0.76,0.67,nan,nan,nan,0.47,0.67,14.96,7.8,0.89,21.73,23.28
design_1738,0.52,0.86,0.68,nan,nan,nan,0.49,0.69,15.58,7.98,0.9,21.71,24.11
design_1739,0.57,0.75,0.62,nan,nan,nan,0.45,0.64,15.49,8.05,0.9,12.59,11.19
design_1740,0.63,0.71,0.69,nan,nan,nan,0.48,0.68,16.18,8.34,0.9,19.4,16.92
design_1741,0.35,0.65,0.67,nan,nan,nan,0.43,0.6,15.98,8.27,0.89,19.39,16.39
design_1742,0.82,0.85,0.74,nan,nan,nan,0.52,0.79,15.86,8.31,0.89,22.54,21.79
design_1743,0.56,0.89,0.75,nan,nan,nan,0.5,0.74,14.68,7.66,0.89,15.34,16.7
design_1744,0.89,1.08,1.69,nan,nan,nan,0.64,1.25,5.22,3.65,0.88,3.38,2.48
design_1745,0.91,1.04,1.39,nan,nan,nan,0.61,1.12,4.84,3.46,0.88,2.94,2.09
design_1746,0.54,1.0,1.62,nan,nan,nan,0.61,1.12,13.82,7.64,0.88,3.23,3.37
design_1747,0.51,1.07,3.09,nan,nan,nan,0.86,1.86,13.68,7.6,0.88,3.5,2.64
design_1748,0.61,1.04,1.77,nan,nan,nan,0.63,1.21,4.39,3.25,0.88,3.18,2.24
design_1749,0.53,1.02,1.37,nan,nan,nan,0.57,1.01,12.96,7.26,0.88,3.33,3.39
design_1750,0.98,1.03,1.66,nan,nan,nan,0.65,1.25,4.88,3.5,0.88,3.15,2.31
design_1751,0.51,1.01,1.47,nan,nan,nan,0.58,1.05,13.44,7.47,0.88,2.67,2.67
design_1752,1.0,0.5,1.21,nan,nan,nan,0.49,0.93,12.08,6.81,0.86,6.29,6.31
design_1753,1.06,0.68,1.23,nan,nan,nan,0.53,1.01,11.8,6.69,0.86,11.14,10.4
design_1754,1.03,0.53,1.28,nan,nan,nan,0.53,0.98,8.34,5.1,0.86,3.76,2.23
design_1755,1.07,0.62,1.63,nan,nan,nan,0.56,1.15,12.72,7.09,0.88,18.93,13.05
design_1756,0.98,0.61,2.7,nan,nan,nan,0.73,1.59,5.98,3.99,0.86,4.69,4.85
design_1757,0.99,0.51,1.22,nan,nan,nan,0.51,0.94,9.1,5.45,0.86,3.9,4.57
design_1758,1.13,0.65,1.61,nan,nan,nan,0.58,1.16,11.17,6.39,0.86,17.61,13.07
design_1759,1.11,0.75,1.27,nan,nan,nan,0.55,1.05,8.74,5.28,0.86,3.0,3.16
design_1760,0.78,2.79,1.23,nan,nan,nan,0.82,1.8,11.83,6.63,0.87,23.13,22.41
design_1761,0.74,2.92,1.73,nan,nan,nan,0.87,1.97,12.08,6.79,0.87,24.03,23.52
design_1762,0.73,2.91,1.45,nan,nan,nan,0.85,1.9,11.86,6.69,0.87,18.71,19.89
design_1763,0.7,2.83,1.31,nan,nan,nan,0.82,1.83,12.25,6.88,0.87,23.21,21.84
design_1764,0.78,2.92,2.76,nan,nan,nan,1.0,2.28,11.61,6.47,0.88,23.41,23.59
design_1765,0.68,2.9,1.32,nan,nan,nan,0.84,1.86,12.37,6.97,0.87,19.93,22.29
design_1766,0.94,2.87,1.1,nan,nan,nan,0.83,1.85,12.43,6.93,0.88,23.36,22.42
design_1767,0.74,2.84,0.89,nan,nan,nan,0.8,1.77,11.46,6.44,0.87,2.68,3.83
design_1768,0.77,0.63,1.0,nan,nan,nan,0.51,0.84,14.55,7.78,0.89,27.48,16.04
design_1769,0.46,0.9,0.77,nan,nan,nan,0.47,0.73,14.05,7.54,0.88,16.61,13.67
design_1770,0.53,0.78,1.2,nan,nan,nan,0.53,0.92,14.43,7.78,0.88,19.15,14.87
design_1771,0.52,0.87,0.68,nan,nan,nan,0.46,0.69,14.62,7.73,0.89,15.98,13.22
design_1772,0.5,0.77,0.9,nan,nan,nan,0.48,0.76,15.38,8.12,0.89,26.7,17.36
design_1773,0.49,1.06,1.16,nan,nan,nan,0.55,0.96,13.63,7.33,0.88,20.31,15.84
design_1774,0.47,0.81,1.12,nan,nan,nan,0.52,0.87,15.07,8.01,0.89,16.44,13.01
design_1775,0.6,0.83,1.01,nan,nan,nan,0.5,0.85,15.34,8.11,0.89,7.48,8.46
design_1776,0.46,0.95,1.41,nan,nan,nan,0.53,0.97,13.03,7.07,0.89,17.71,14.57
design_1777,0.5,1.04,1.97,nan,nan,nan,0.62,1.24,12.48,6.95,0.87,19.95,17.01
design_1778,0.5,0.9,1.61,nan,nan,nan,0.55,1.04,13.31,7.22,0.89,18.05,10.86
design_1779,0.56,0.99,1.37,nan,nan,nan,0.53,0.99,13.15,7.14,0.89,20.15,16.79
design_1780,0.47,0.98,1.74,nan,nan,nan,0.57,1.12,11.46,6.39,0.88,23.64,21.57
design_1781,0.48,1.02,1.24,nan,nan,nan,0.51,0.93,13.75,7.39,0.88,14.77,9.97
design_1782,0.65,1.04,1.48,nan,nan,nan,0.56,1.06,11.69,6.46,0.88,20.97,19.08
design_1783,0.51,1.02,1.43,nan,nan,nan,0.54,1.01,12.87,7.01,0.89,19.35,16.54
design_1784,0.54,0.57,2.07,nan,nan,nan,0.78,1.49,13.76,7.73,0.86,5.67,6.09
design_1785,0.7,0.51,3.93,nan,nan,nan,1.32,2.76,15.23,8.55,0.86,17.85,20.02
design_1786,0.62,0.64,2.67,nan,nan,nan,0.95,1.9,13.04,7.49,0.86,4.96,5.86
design_1787,0.6,0.63,2.18,nan,nan,nan,0.81,1.58,14.7,8.1,0.86,11.11,12.51
design_1788,0.63,0.62,2.11,nan,nan,nan,0.8,1.53,15.66,8.44,0.88,18.68,21.11
design_1789,0.54,0.61,2.26,nan,nan,nan,0.83,1.62,14.55,7.98,0.87,17.12,17.19
design_1790,0.86,0.54,4.46,nan,nan,nan,1.48,3.14,16.36,8.84,0.86,9.81,10.15
design_1791,0.54,0.51,2.03,nan,nan,nan,0.77,1.46,13.85,7.59,0.87,19.32,17.83
design_1792,0.56,0.49,0.75,nan,nan,nan,0.48,0.65,15.96,8.23,0.9,23.37,24.66
design_1793,0.76,0.51,0.68,nan,nan,nan,0.48,0.67,16.94,8.71,0.9,20.62,21.53
design_1794,0.95,0.34,0.56,nan,nan,nan,0.47,0.65,16.83,8.68,0.89,28.47,17.73
design_1795,0.56,0.49,0.73,nan,nan,nan,0.47,0.64,16.08,8.32,0.9,14.65,12.26
design_1796,0.54,0.49,0.65,nan,nan,nan,0.45,0.58,16.12,8.29,0.9,22.59,23.64
design_1797,0.66,0.42,0.7,nan,nan,nan,0.46,0.63,15.83,8.2,0.89,19.59,16.65
design_1798,0.83,0.32,0.57,nan,nan,nan,0.45,0.61,17.4,8.97,0.88,29.9,15.68
design_1799,0.78,0.22,3.43,nan,nan,nan,1.21,2.46,13.2,7.28,0.87,13.15,14.49
design_1800,0.83,0.66,4.03,nan,nan,nan,1.35,2.85,15.9,8.56,0.88,25.63,19.8
design_1801,0.53,0.49,4.38,nan,nan,nan,1.44,3.06,14.86,8.14,0.87,10.63,11.04
design_1802,0.63,0.49,2.6,nan,nan,nan,0.93,1.85,14.88,8.33,0.86,14.77,16.68
design_1803,0.6,0.48,5.09,nan,nan,nan,1.66,3.55,15.99,8.77,0.87,8.25,8.88
design_1804,0.64,0.56,3.36,nan,nan,nan,1.14,2.37,15.71,8.7,0.86,17.48,14.22
design_1805,0.7,0.55,2.28,nan,nan,nan,0.84,1.65,14.57,8.14,0.86,20.76,23.49
design_1806,0.77,0.54,4.38,nan,nan,nan,1.45,3.08,16.31,8.77,0.88,33.42,13.63
design_1807,0.42,0.57,1.79,nan,nan,nan,0.69,1.29,13.55,7.66,0.86,20.74,22.51
design_1808,0.7,0.7,1.47,nan,nan,nan,0.62,1.1,9.51,5.56,0.87,1.59,1.86
design_1809,0.73,0.59,1.29,nan,nan,nan,0.57,0.99,13.12,7.16,0.88,21.71,24.78
design_1810,0.67,0.62,1.11,nan,nan,nan,0.53,0.88,12.04,6.62,0.87,2.01,1.79
design_1811,0.66,0.63,1.0,nan,nan,nan,0.52,0.82,12.52,6.86,0.87,2.26,1.9
design_1812,0.71,0.64,1.22,nan,nan,nan,0.57,0.95,12.65,6.91,0.87,3.03,3.82
design_1813,0.63,0.59,0.92,nan,nan,nan,0.5,0.76,12.67,6.94,0.88,1.89,1.58
design_1814,0.83,0.57,3.78,nan,nan,nan,1.19,2.55,13.97,7.68,0.88,23.48,22.79
design_1815,0.8,0.62,1.2,nan,nan,nan,0.57,0.96,13.46,7.45,0.87,6.75,8.3
design_1816,0.83,0.67,4.69,nan,nan,nan,1.44,3.15,15.47,8.41,0.87,7.14,5.27
design_1817,0.75,0.62,3.87,nan,nan,nan,1.22,2.6,14.22,7.92,0.87,10.91,9.79
design_1818,0.73,0.68,1.61,nan,nan,nan,0.67,1.19,12.84,7.05,0.87,20.14,20.99
design_1819,0.61,0.5,4.35,nan,nan,nan,1.34,2.9,10.82,6.4,0.86,8.67,6.57
design_1820,0.67,0.71,4.28,nan,nan,nan,1.33,2.87,11.7,6.74,0.86,7.44,6.81
design_1821,0.77,0.74,0.92,nan,nan,nan,0.55,0.83,7.87,4.77,0.87,1.51,1.54
design_1822,0.7,0.65,4.18,nan,nan,nan,1.3,2.8,14.85,8.11,0.87,6.42,4.71
design_1823,0.94,0.73,1.06,nan,nan,nan,0.58,0.95,13.99,7.66,0.88,10.55,14.19
design_1824,0.38,0.31,0.65,nan,nan,nan,0.45,0.52,15.05,7.71,0.91,3.43,1.95
design_1825,0.38,0.3,0.56,nan,nan,nan,0.43,0.47,17.03,8.57,0.91,6.06,5.51
design_1826,0.43,0.32,0.59,nan,nan,nan,0.45,0.5,14.76,7.58,0.91,3.56,3.51
design_1827,0.42,0.4,0.61,nan,nan,nan,0.46,0.52,14.08,7.32,0.9,3.79,2.08
design_1828,0.4,0.29,0.63,nan,nan,nan,0.46,0.51,16.21,8.23,0.91,4.66,2.92
design_1829,0.4,0.39,0.6,nan,nan,nan,0.46,0.51,14.64,7.53,0.9,4.27,4.41
design_1830,0.68,0.37,0.63,nan,nan,nan,0.49,0.6,14.89,7.69,0.9,4.84,3.34
design_1831,0.4,0.3,0.61,nan,nan,nan,0.45,0.5,15.78,8.04,0.91,3.63,2.41
design_1832,0.57,0.57,0.79,nan,nan,nan,0.49,0.68,12.8,6.77,0.9,10.2,11.07
design_1833,0.59,0.52,0.83,nan,nan,nan,0.49,0.69,13.53,7.12,0.9,9.15,8.65
design_1834,0.61,0.44,0.9,nan,nan,nan,0.5,0.73,13.99,7.42,0.9,9.07,7.88
design_1835,0.52,0.49,0.76,nan,nan,nan,0.48,0.63,14.2,7.51,0.89,5.95,5.42
design_1836,0.55,0.58,0.87,nan,nan,nan,0.5,0.72,11.74,6.4,0.89,10.08,10.86
design_1837,0.6,0.6,0.88,nan,nan,nan,0.51,0.74,12.65,6.82,0.89,11.11,12.16
design_1838,0.57,0.53,0.91,nan,nan,nan,0.51,0.74,13.53,7.21,0.89,9.24,6.69
design_1839,0.65,0.62,0.68,nan,nan,nan,0.49,0.65,14.14,7.58,0.89,10.53,10.54
design_1840,0.72,0.71,1.29,nan,nan,nan,0.59,1.02,12.88,6.93,0.89,13.44,8.12
design_1841,0.68,0.73,1.06,nan,nan,nan,0.55,0.88,15.29,8.03,0.89,8.73,10.19
design_1842,0.65,0.6,1.23,nan,nan,nan,0.57,0.95,13.86,7.3,0.9,12.96,7.99
design_1843,0.66,0.68,1.25,nan,nan,nan,0.58,0.98,15.16,8.09,0.89,11.87,5.96
design_1844,0.68,0.72,1.15,nan,nan,nan,0.57,0.93,15.81,8.27,0.89,9.94,6.79
design_1845,0.62,0.67,1.15,nan,nan,nan,0.55,0.91,13.43,7.28,0.88,13.69,8.69
design_1846,0.76,0.64,1.13,nan,nan,nan,0.57,0.92,14.45,7.64,0.89,13.63,8.61
design_1847,0.6,0.77,1.18,nan,nan,nan,0.57,0.95,13.59,7.33,0.89,6.55,7.85
design_1848,0.56,0.51,9.52,nan,nan,nan,3.04,6.61,15.71,8.84,0.86,16.72,10.24
design_1849,0.55,0.47,7.12,nan,nan,nan,2.29,4.95,14.47,8.33,0.86,25.11,20.36
design_1850,0.75,0.5,1.04,nan,nan,nan,0.53,0.86,15.6,8.32,0.88,24.75,20.32
design_1851,0.6,0.49,0.86,nan,nan,nan,0.48,0.71,16.43,8.61,0.89,19.25,10.17
design_1852,0.69,0.55,4.84,nan,nan,nan,1.59,3.39,15.12,8.65,0.85,18.4,9.08
design_1853,0.53,0.48,6.11,nan,nan,nan,1.97,4.25,15.69,8.73,0.86,21.33,13.13
design_1854,0.58,0.44,0.9,nan,nan,nan,0.48,0.73,15.72,8.23,0.89,20.24,12.66
design_1855,0.68,0.48,5.75,nan,nan,nan,1.87,4.01,15.84,8.81,0.86,17.19,9.31
design_1856,0.48,1.24,0.76,nan,nan,nan,0.51,0.87,4.45,3.01,0.89,24.66,25.06
design_1857,0.49,0.54,0.72,nan,nan,nan,0.39,0.59,7.29,4.33,0.88,24.55,24.91
design_1858,0.47,0.48,0.79,nan,nan,nan,0.4,0.59,14.06,7.42,0.89,20.91,17.29
design_1859,0.58,0.54,0.71,nan,nan,nan,0.39,0.61,7.34,4.33,0.89,24.48,25.23
design_1860,0.52,0.76,0.97,nan,nan,nan,0.46,0.76,15.04,7.94,0.89,30.4,18.68
design_1861,0.41,2.39,0.79,nan,nan,nan,0.67,1.44,3.99,2.77,0.9,24.61,25.04
design_1862,0.51,1.16,0.64,nan,nan,nan,0.45,0.81,9.14,5.11,0.89,24.51,24.8
design_1863,0.38,0.87,0.43,nan,nan,nan,0.43,0.59,6.76,4.06,0.89,24.55,25.15
design_1864,0.45,0.54,2.0,nan,nan,nan,0.67,1.34,13.23,7.09,0.88,8.92,7.77
design_1865,0.92,0.6,2.16,nan,nan,nan,0.77,1.51,12.91,6.97,0.89,25.57,22.86
design_1866,0.48,0.58,1.51,nan,nan,nan,0.6,1.05,14.43,7.64,0.89,12.66,7.2
design_1867,0.54,0.45,1.33,nan,nan,nan,0.58,0.94,9.85,5.57,0.88,10.19,7.94
design_1868,0.48,0.68,1.82,nan,nan,nan,0.67,1.25,12.46,6.65,0.89,25.92,22.81
design_1869,0.37,0.36,1.26,nan,nan,nan,0.56,0.85,13.64,7.22,0.89,22.86,20.86
design_1870,0.33,0.58,1.29,nan,nan,nan,0.56,0.9,8.14,4.7,0.88,5.21,2.86
design_1871,0.48,0.58,1.74,nan,nan,nan,0.67,1.19,5.66,3.71,0.88,4.06,2.45
design_1872,0.75,0.6,1.89,nan,nan,nan,0.69,1.32,12.76,6.95,0.88,24.8,21.41
design_1873,0.48,3.11,1.12,nan,nan,nan,0.87,1.79,7.71,4.58,0.88,1.26,1.94
design_1874,0.72,0.64,1.52,nan,nan,nan,0.6,1.11,13.06,7.05,0.88,1.78,1.87
design_1875,0.84,0.84,1.94,nan,nan,nan,0.71,1.4,11.64,6.43,0.88,24.46,24.19
design_1876,1.09,0.63,2.28,nan,nan,nan,0.78,1.62,13.05,7.12,0.87,16.25,10.91
design_1877,0.61,0.61,1.37,nan,nan,nan,0.56,0.99,9.39,5.41,0.88,3.27,3.09
design_1878,0.71,0.32,1.85,nan,nan,nan,0.67,1.26,11.57,6.35,0.88,19.81,10.89
design_1879,0.84,0.76,2.02,nan,nan,nan,0.73,1.43,15.19,7.94,0.9,36.04,15.86
design_1880,0.63,2.43,0.53,nan,nan,nan,0.69,1.42,10.16,5.83,0.87,5.51,3.4
design_1881,0.71,2.53,0.69,nan,nan,nan,0.72,1.5,9.94,5.59,0.88,5.5,5.14
design_1882,0.67,2.47,0.86,nan,nan,nan,0.71,1.5,14.13,7.41,0.9,5.14,4.69
design_1883,0.68,2.62,1.21,nan,nan,nan,0.8,1.65,12.33,6.66,0.89,22.86,20.58
design_1884,0.58,2.42,0.66,nan,nan,nan,0.69,1.43,10.57,5.87,0.88,4.72,3.22
design_1885,0.66,2.33,0.87,nan,nan,nan,0.7,1.43,13.37,7.12,0.9,24.05,21.77
design_1886,0.68,2.45,0.83,nan,nan,nan,0.71,1.48,13.64,7.21,0.9,22.75,23.83
design_1887,0.8,2.55,0.89,nan,nan,nan,0.76,1.57,8.15,4.71,0.88,19.18,12.89
design_1888,6.4,17.03,6.14,nan,nan,nan,9.08,11.09,10.18,6.0,0.87,14.51,17.31
design_1889,6.94,16.75,6.42,nan,nan,nan,9.1,11.12,12.76,7.37,0.85,13.41,14.15
design_1890,6.99,16.86,6.73,nan,nan,nan,9.17,11.24,11.09,6.69,0.85,11.22,13.47
design_1891,7.81,17.04,6.07,nan,nan,nan,9.18,11.43,14.48,8.19,0.86,14.19,13.77
design_1892,7.33,17.0,6.41,nan,nan,nan,9.18,11.34,13.85,7.92,0.86,12.37,12.26
design_1893,6.68,17.65,5.93,nan,nan,nan,9.16,11.44,13.81,7.88,0.87,18.75,12.05
design_1894,7.14,17.54,5.26,nan,nan,nan,9.15,11.41,5.82,4.16,0.86,14.59,13.42
design_1895,6.61,17.12,4.95,nan,nan,nan,9.07,11.02,7.17,5.05,0.84,14.37,13.99
design_1896,0.8,0.63,0.68,nan,nan,nan,0.47,0.71,13.42,7.32,0.88,4.88,2.23
design_1897,0.98,0.55,0.64,nan,nan,nan,0.5,0.76,14.51,7.68,0.9,30.18,19.52
design_1898,0.51,0.64,0.96,nan,nan,nan,0.46,0.72,11.95,6.5,0.89,24.81,23.26
design_1899,0.59,0.7,1.43,nan,nan,nan,0.56,0.96,14.08,7.6,0.87,31.68,18.37
design_1900,0.88,0.55,0.73,nan,nan,nan,0.49,0.74,11.33,6.33,0.87,24.04,22.9
design_1901,0.55,0.82,1.02,nan,nan,nan,0.51,0.81,10.25,5.8,0.87,24.49,25.58
design_1902,0.55,0.93,0.94,nan,nan,nan,0.52,0.81,11.13,6.15,0.88,24.55,23.47
design_1903,0.46,0.46,1.17,nan,nan,nan,0.49,0.76,12.27,6.65,0.89,23.75,22.57
design_1904,0.31,1.31,0.74,nan,nan,nan,0.5,0.87,9.44,5.33,0.88,5.08,3.69
design_1905,0.41,1.34,1.09,nan,nan,nan,0.54,1.0,12.24,6.67,0.87,5.11,3.99
design_1906,0.54,1.36,0.69,nan,nan,nan,0.53,0.92,9.7,5.46,0.88,6.06,6.47
design_1907,0.88,1.18,1.58,nan,nan,nan,0.67,1.23,11.55,6.47,0.87,7.35,5.94
design_1908,0.58,1.36,1.6,nan,nan,nan,0.66,1.23,9.66,5.59,0.87,5.41,6.05
design_1909,0.37,1.31,0.94,nan,nan,nan,0.55,0.93,10.37,5.84,0.88,6.23,4.45
design_1910,0.46,1.29,0.65,nan,nan,nan,0.51,0.86,9.65,5.4,0.88,5.04,4.12
design_1911,0.53,1.38,0.64,nan,nan,nan,0.52,0.92,12.23,6.56,0.89,5.64,4.02
design_1912,0.65,0.61,0.78,nan,nan,nan,0.47,0.7,13.79,7.3,0.89,8.79,8.76
design_1913,1.4,0.42,2.24,nan,nan,nan,0.8,1.65,14.89,8.08,0.88,11.58,12.14
design_1914,0.65,0.58,0.86,nan,nan,nan,0.46,0.73,11.92,6.44,0.89,21.59,24.75
design_1915,0.74,0.66,0.76,nan,nan,nan,0.48,0.73,13.7,7.29,0.89,12.1,14.4
design_1916,0.75,0.74,0.75,nan,nan,nan,0.48,0.75,13.47,7.21,0.89,8.69,11.2
design_1917,1.62,0.42,0.74,nan,nan,nan,0.56,1.05,13.41,7.13,0.9,21.1,23.7
design_1918,1.11,0.7,0.74,nan,nan,nan,0.53,0.87,10.8,5.91,0.9,21.33,23.83
design_1919,1.19,0.6,0.62,nan,nan,nan,0.49,0.84,11.61,6.35,0.89,21.46,24.96
design_1920,0.48,0.37,0.93,nan,nan,nan,0.51,0.73,14.64,7.54,0.9,7.95,3.96
design_1921,0.72,0.65,0.65,nan,nan,nan,0.48,0.67,15.7,8.06,0.9,25.79,15.42
design_1922,0.55,0.57,0.9,nan,nan,nan,0.52,0.75,14.85,7.71,0.9,18.33,14.17
design_1923,0.6,0.51,0.71,nan,nan,nan,0.47,0.64,14.78,7.71,0.89,19.92,21.7
design_1924,0.69,0.64,0.87,nan,nan,nan,0.52,0.78,15.28,7.9,0.9,18.82,14.09
design_1925,0.74,0.68,0.65,nan,nan,nan,0.47,0.68,14.69,7.65,0.9,13.15,7.71
design_1926,0.44,0.63,0.73,nan,nan,nan,0.46,0.64,14.74,7.67,0.9,17.22,11.59
design_1927,0.58,0.63,0.87,nan,nan,nan,0.53,0.75,15.43,7.93,0.9,22.15,15.03
design_1928,0.86,0.78,0.59,nan,nan,nan,0.49,0.72,15.6,8.05,0.9,17.1,11.34
design_1929,0.38,0.72,0.57,nan,nan,nan,0.44,0.57,16.64,8.51,0.9,15.73,15.06
design_1930,0.48,0.67,0.69,nan,nan,nan,0.49,0.64,15.0,7.78,0.9,21.95,24.95
design_1931,0.65,0.72,0.66,nan,nan,nan,0.48,0.67,15.82,8.2,0.9,15.24,13.91
design_1932,1.29,0.47,0.6,nan,nan,nan,0.5,0.83,16.46,8.44,0.9,25.57,16.92
design_1933,0.7,0.89,0.71,nan,nan,nan,0.52,0.75,14.46,7.61,0.89,22.34,25.12
design_1934,1.12,0.53,0.59,nan,nan,nan,0.49,0.76,16.19,8.29,0.9,15.89,17.24
design_1935,1.37,0.6,0.61,nan,nan,nan,0.52,0.88,15.77,8.1,0.9,21.25,19.47
design_1936,0.56,0.5,0.55,nan,nan,nan,0.46,0.54,17.3,8.88,0.9,14.53,12.16
design_1937,0.43,0.56,0.51,nan,nan,nan,0.43,0.5,17.18,8.78,0.9,23.61,20.43
design_1938,0.47,0.43,0.61,nan,nan,nan,0.44,0.54,16.61,8.59,0.9,7.28,8.64
design_1939,0.81,0.6,1.07,nan,nan,nan,0.58,0.91,16.35,8.47,0.89,16.02,13.75
design_1940,0.41,0.53,0.66,nan,nan,nan,0.44,0.58,17.02,8.65,0.91,20.46,14.99
design_1941,0.66,0.61,0.64,nan,nan,nan,0.47,0.64,16.32,8.42,0.9,14.94,15.16
design_1942,0.76,0.49,0.87,nan,nan,nan,0.53,0.77,15.32,7.98,0.89,14.52,12.72
design_1943,0.84,0.54,0.61,nan,nan,nan,0.5,0.67,16.36,8.47,0.89,17.79,13.67
design_1944,0.81,0.46,1.25,nan,nan,nan,0.61,0.99,9.56,5.6,0.87,3.64,3.17
design_1945,0.97,0.51,1.29,nan,nan,nan,0.65,1.06,16.15,8.57,0.88,16.21,18.08
design_1946,0.89,0.37,1.46,nan,nan,nan,0.67,1.13,3.82,2.97,0.89,7.26,6.38
design_1947,0.8,0.55,1.21,nan,nan,nan,0.6,0.98,10.67,6.09,0.88,4.71,4.2
design_1948,0.69,0.35,1.3,nan,nan,nan,0.6,0.99,16.73,8.7,0.88,20.99,21.96
design_1949,0.72,0.36,1.29,nan,nan,nan,0.62,0.99,16.4,8.7,0.88,16.77,18.93
design_1950,0.47,0.54,1.28,nan,nan,nan,0.59,0.96,8.63,5.13,0.87,5.07,4.71
design_1951,0.75,0.58,1.19,nan,nan,nan,0.61,0.96,13.78,7.49,0.88,9.52,8.7
design_1952,0.63,1.18,1.07,nan,nan,nan,0.53,0.98,12.94,6.93,0.89,4.04,2.62
design_1953,0.46,1.5,1.3,nan,nan,nan,0.59,1.17,14.89,7.8,0.9,17.71,12.3
design_1954,0.55,1.77,1.3,nan,nan,nan,0.64,1.28,15.05,7.89,0.9,27.1,19.96
design_1955,0.46,1.33,1.03,nan,nan,nan,0.54,0.99,14.77,7.75,0.9,8.3,7.6
design_1956,0.5,1.42,0.91,nan,nan,nan,0.52,0.99,15.98,8.31,0.9,29.22,20.42
design_1957,0.51,1.83,1.16,nan,nan,nan,0.63,1.25,13.9,7.37,0.9,4.92,2.97
design_1958,0.57,1.0,1.24,nan,nan,nan,0.54,0.99,12.84,6.9,0.89,5.32,4.13
design_1959,0.43,1.46,0.87,nan,nan,nan,0.54,0.98,8.64,4.98,0.88,5.95,3.15
design_1960,0.48,0.51,2.31,nan,nan,nan,0.66,1.29,12.3,6.81,0.88,19.02,15.73
design_1961,0.45,0.59,2.65,nan,nan,nan,0.73,1.47,12.29,6.81,0.87,21.88,17.46
design_1962,0.46,0.41,2.25,nan,nan,nan,0.65,1.24,13.11,7.19,0.87,10.06,9.0
design_1963,0.53,0.45,2.85,nan,nan,nan,0.77,1.56,12.96,7.1,0.88,15.4,9.47
design_1964,0.62,0.5,2.69,nan,nan,nan,0.73,1.5,12.23,6.85,0.87,17.53,16.16
design_1965,0.39,0.59,2.59,nan,nan,nan,0.71,1.43,13.12,7.19,0.88,7.05,5.94
design_1966,0.54,0.45,2.14,nan,nan,nan,0.63,1.21,13.14,7.2,0.87,7.63,6.84
design_1967,0.5,0.43,2.34,nan,nan,nan,0.66,1.3,11.94,6.6,0.88,20.13,15.84
design_1968,0.64,0.75,1.12,nan,nan,nan,0.58,0.91,12.92,7.01,0.88,17.93,11.73
design_1969,0.77,0.83,1.06,nan,nan,nan,0.58,0.93,13.94,7.56,0.88,16.99,12.35
design_1970,0.64,0.7,1.3,nan,nan,nan,0.6,1.01,15.0,8.09,0.87,20.77,21.76
design_1971,0.69,0.7,1.17,nan,nan,nan,0.57,0.94,14.42,7.8,0.88,19.19,21.43
design_1972,0.72,0.78,1.06,nan,nan,nan,0.56,0.9,14.31,7.67,0.89,14.64,11.62
design_1973,0.59,0.76,1.11,nan,nan,nan,0.56,0.9,13.79,7.47,0.88,16.15,11.58
design_1974,0.68,0.84,1.11,nan,nan,nan,0.57,0.93,14.38,7.71,0.88,14.8,10.32
design_1975,0.71,0.79,1.26,nan,nan,nan,0.6,1.02,14.1,7.64,0.88,19.13,19.34
design_1976,0.86,1.15,3.07,nan,nan,nan,0.83,1.83,12.26,6.85,0.88,11.51,8.55
design_1977,0.76,1.22,2.44,nan,nan,nan,0.73,1.54,13.15,7.2,0.88,23.02,21.03
design_1978,0.77,1.14,2.37,nan,nan,nan,0.7,1.49,13.13,7.24,0.87,10.36,8.2
design_1979,0.72,1.19,1.24,nan,nan,nan,0.57,1.05,12.03,6.73,0.87,23.29,23.23
design_1980,0.9,1.25,2.68,nan,nan,nan,0.78,1.68,11.83,6.59,0.88,23.66,22.65
design_1981,0.77,1.3,1.22,nan,nan,nan,0.59,1.1,11.94,6.69,0.87,22.18,21.56
design_1982,0.86,1.21,1.24,nan,nan,nan,0.59,1.1,12.53,6.96,0.87,24.48,21.9
design_1983,0.57,0.99,1.49,nan,nan,nan,0.56,1.03,13.32,7.3,0.87,10.27,6.88
design_1984,0.82,1.09,0.77,nan,nan,nan,0.57,0.87,12.37,6.67,0.89,2.41,1.62
design_1985,0.87,0.78,0.63,nan,nan,nan,0.51,0.75,12.83,6.81,0.9,7.21,4.49
design_1986,0.7,0.78,0.55,nan,nan,nan,0.5,0.66,11.12,6.06,0.89,2.29,3.0
design_1987,0.78,1.13,0.81,nan,nan,nan,0.59,0.89,5.89,3.71,0.89,2.69,2.17
design_1988,0.96,0.61,0.65,nan,nan,nan,0.52,0.74,3.58,2.62,0.9,2.64,2.03
design_1989,0.8,0.81,0.64,nan,nan,nan,0.52,0.73,10.76,5.92,0.89,2.76,1.76
design_1990,0.62,0.56,0.51,nan,nan,nan,0.47,0.55,13.98,7.36,0.89,16.38,13.08
design_1991,1.02,0.65,0.82,nan,nan,nan,0.54,0.84,14.73,7.7,0.9,4.29,5.46
design_1992,0.49,0.51,2.15,nan,nan,nan,0.72,1.43,14.41,7.69,0.88,28.57,11.91
design_1993,0.55,0.61,1.75,nan,nan,nan,0.65,1.2,14.35,7.72,0.88,14.9,8.32
design_1994,0.6,0.69,1.67,nan,nan,nan,0.65,1.18,13.53,7.36,0.88,32.97,14.73
design_1995,0.48,0.69,1.8,nan,nan,nan,0.66,1.24,12.54,6.89,0.88,17.11,11.89
design_1996,0.4,0.59,1.42,nan,nan,nan,0.58,0.98,13.28,7.19,0.88,33.28,13.43
design_1997,0.47,0.73,2.35,nan,nan,nan,0.79,1.57,13.95,7.59,0.88,27.05,12.72
design_1998,0.52,0.74,2.53,nan,nan,nan,0.82,1.69,10.06,5.73,0.88,19.92,17.16
design_1999,0.45,0.6,1.62,nan,nan,nan,0.61,1.11,13.17,7.13,0.88,33.88,14.67
design_2000,0.72,0.64,0.63,nan,nan,nan,0.47,0.66,15.84,8.16,0.9,23.53,15.44
design_2001,0.86,0.57,0.63,nan,nan,nan,0.48,0.69,16.32,8.44,0.9,16.19,15.23
design_2002,0.65,0.81,0.82,nan,nan,nan,0.51,0.78,13.83,7.33,0.89,14.46,12.52
design_2003,0.68,0.67,0.76,nan,nan,nan,0.49,0.72,14.31,7.56,0.89,13.04,12.45
design_2004,0.69,0.55,0.6,nan,nan,nan,0.48,0.62,13.9,7.35,0.89,11.48,13.13
design_2005,0.82,0.69,0.73,nan,nan,nan,0.52,0.75,12.03,6.54,0.88,13.45,16.41
design_2006,0.56,0.58,0.64,nan,nan,nan,0.45,0.61,16.45,8.51,0.89,12.78,11.72
design_2007,0.8,0.6,0.69,nan,nan,nan,0.49,0.7,16.36,8.47,0.9,18.65,19.54
design_2008,0.6,0.69,0.98,nan,nan,nan,0.49,0.79,11.35,6.26,0.88,23.79,23.24
design_2009,0.73,0.88,1.25,nan,nan,nan,0.54,1.0,16.27,8.48,0.9,23.99,21.51
design_2010,0.47,0.76,0.66,nan,nan,nan,0.47,0.64,6.27,3.96,0.88,4.21,2.96
design_2011,0.51,1.41,1.1,nan,nan,nan,0.56,1.06,14.29,7.57,0.89,3.34,3.59
design_2012,0.72,0.87,1.24,nan,nan,nan,0.56,0.99,13.12,7.02,0.89,4.51,2.8
design_2013,0.57,1.53,1.45,nan,nan,nan,0.65,1.26,13.44,7.17,0.89,23.82,22.94
design_2014,0.79,0.85,1.38,nan,nan,nan,0.58,1.07,14.65,7.72,0.9,25.12,19.83
design_2015,0.4,1.79,0.9,nan,nan,nan,0.61,1.13,7.56,4.53,0.88,5.84,3.41
design_2016,0.6,1.46,1.49,nan,nan,nan,0.59,1.21,13.34,7.24,0.88,11.97,7.71
design_2017,0.66,1.41,1.48,nan,nan,nan,0.61,1.2,11.12,6.22,0.88,22.94,21.44
design_2018,0.95,1.45,1.32,nan,nan,nan,0.63,1.24,6.61,4.28,0.87,0.98,1.37
design_2019,0.8,1.56,1.22,nan,nan,nan,0.62,1.22,11.71,6.51,0.87,9.82,10.24
design_2020,0.68,1.64,1.23,nan,nan,nan,0.61,1.22,12.93,7.13,0.87,11.19,10.11
design_2021,0.71,1.5,2.89,nan,nan,nan,0.81,1.81,3.88,2.98,0.88,2.23,2.61
design_2022,0.76,1.61,1.87,nan,nan,nan,0.68,1.43,10.46,5.92,0.87,19.0,16.45
design_2023,0.64,1.52,1.24,nan,nan,nan,0.58,1.17,12.03,6.72,0.87,12.65,13.35
design_2024,0.91,0.57,1.93,nan,nan,nan,0.66,1.34,14.04,7.44,0.9,25.72,19.63
design_2025,0.9,0.65,1.97,nan,nan,nan,0.67,1.37,14.28,7.61,0.89,25.83,18.52
design_2026,0.54,0.7,0.93,nan,nan,nan,0.47,0.76,10.16,5.69,0.88,1.48,1.74
design_2027,0.95,0.71,2.1,nan,nan,nan,0.73,1.46,14.24,7.55,0.89,14.77,9.63
design_2028,0.86,0.66,1.88,nan,nan,nan,0.64,1.31,15.9,8.35,0.88,16.82,10.17
design_2029,0.86,0.55,1.73,nan,nan,nan,0.61,1.21,14.45,7.64,0.89,13.36,9.34
design_2030,0.74,0.73,1.43,nan,nan,nan,0.55,1.05,13.12,7.09,0.88,3.41,3.07
design_2031,0.57,0.85,1.41,nan,nan,nan,0.56,1.03,9.54,5.42,0.88,4.33,2.43
design_2032,0.56,0.61,0.74,nan,nan,nan,0.49,0.67,15.88,8.1,0.91,20.22,21.56
design_2033,0.78,0.55,0.6,nan,nan,nan,0.47,0.64,16.03,8.27,0.9,15.32,9.71
design_2034,0.42,0.6,0.6,nan,nan,nan,0.46,0.56,17.15,8.74,0.9,14.52,11.31
design_2035,0.7,0.52,0.61,nan,nan,nan,0.48,0.62,16.86,8.61,0.9,13.24,9.44
design_2036,0.63,0.64,0.55,nan,nan,nan,0.44,0.59,15.22,7.97,0.89,7.14,3.83
design_2037,0.69,0.65,0.66,nan,nan,nan,0.48,0.67,14.74,7.69,0.9,13.02,12.41
design_2038,0.45,0.63,0.69,nan,nan,nan,0.48,0.62,16.34,8.35,0.9,3.5,3.16
design_2039,0.65,0.56,0.57,nan,nan,nan,0.46,0.59,15.98,8.22,0.9,12.31,11.2
design_2040,0.37,0.46,0.52,nan,nan,nan,0.42,0.46,7.01,4.25,0.88,2.95,3.18
design_2041,0.31,0.43,0.75,nan,nan,nan,0.47,0.56,6.85,4.25,0.87,3.83,4.68
design_2042,0.35,0.57,0.55,nan,nan,nan,0.44,0.5,8.87,5.12,0.87,2.31,1.38
design_2043,0.43,0.41,0.94,nan,nan,nan,0.47,0.68,9.78,5.56,0.87,2.27,1.77
design_2044,0.4,0.48,0.76,nan,nan,nan,0.43,0.59,10.38,5.84,0.87,1.94,1.42
design_2045,0.45,0.69,1.11,nan,nan,nan,0.5,0.84,12.05,6.54,0.88,11.66,8.74
design_2046,0.53,0.48,1.17,nan,nan,nan,0.52,0.84,11.74,6.47,0.87,7.7,8.0
design_2047,0.43,0.49,0.96,nan,nan,nan,0.48,0.71,5.66,3.65,0.88,2.9,3.45
design_2048,0.59,0.35,0.75,nan,nan,nan,0.41,0.59,4.57,3.26,0.88,1.65,1.45
design_2049,0.66,1.56,1.08,nan,nan,nan,0.56,1.14,14.77,7.88,0.88,6.18,3.97
design_2050,0.67,1.32,1.03,nan,nan,nan,0.52,1.03,15.1,8.04,0.88,23.94,9.28
design_2051,1.37,0.79,1.31,nan,nan,nan,0.61,1.21,4.52,3.36,0.87,2.71,2.85
design_2052,0.73,1.18,1.3,nan,nan,nan,0.55,1.09,15.15,8.04,0.88,35.74,18.39
design_2053,0.41,0.76,0.85,nan,nan,nan,0.43,0.7,7.9,4.81,0.87,3.25,1.73
design_2054,0.67,0.73,0.97,nan,nan,nan,0.47,0.8,5.43,3.61,0.88,1.97,1.73
design_2055,0.54,0.41,1.36,nan,nan,nan,0.5,0.89,15.16,7.98,0.89,33.58,21.33
design_2056,7.16,16.66,5.67,nan,nan,nan,8.83,10.61,14.11,7.87,0.88,17.3,17.07
design_2057,7.67,17.0,5.77,nan,nan,nan,8.89,10.91,14.56,8.31,0.85,12.81,12.31
design_2058,7.7,16.86,6.0,nan,nan,nan,8.96,10.89,13.44,7.8,0.86,18.79,17.62
design_2059,7.06,17.61,4.04,nan,nan,nan,8.86,10.78,14.37,8.3,0.86,14.12,12.52
design_2060,7.49,16.89,5.85,nan,nan,nan,8.9,10.82,14.21,8.05,0.87,17.98,17.29
design_2061,6.28,16.67,6.19,nan,nan,nan,8.79,10.52,13.14,7.56,0.86,14.03,13.5
design_2062,6.28,16.94,6.39,nan,nan,nan,8.86,10.69,14.94,8.56,0.86,14.57,15.22
design_2063,7.23,16.75,6.67,nan,nan,nan,8.9,10.86,14.76,8.55,0.86,12.08,11.92
design_2064,0.7,0.82,6.43,nan,nan,nan,2.08,4.49,14.68,8.2,0.86,21.78,23.44
design_2065,0.7,0.74,2.55,nan,nan,nan,0.92,1.84,14.0,7.83,0.87,21.42,21.78
design_2066,0.51,0.73,3.54,nan,nan,nan,1.19,2.5,14.67,8.3,0.86,21.96,23.64
design_2067,0.8,0.69,3.51,nan,nan,nan,1.2,2.49,14.5,8.06,0.86,13.93,10.3
design_2068,0.54,0.68,3.12,nan,nan,nan,1.07,2.21,14.35,8.14,0.86,19.8,20.26
design_2069,0.71,0.69,1.08,nan,nan,nan,0.54,0.9,16.22,8.76,0.87,18.42,16.39
design_2070,0.6,0.64,0.58,nan,nan,nan,0.45,0.6,15.96,8.36,0.89,17.65,18.32
design_2071,0.57,0.73,3.52,nan,nan,nan,1.19,2.48,10.94,6.33,0.87,21.11,20.95
design_2072,0.48,0.52,0.6,nan,nan,nan,0.44,0.55,16.55,8.5,0.9,24.25,17.55
design_2073,0.46,0.51,0.66,nan,nan,nan,0.47,0.58,14.58,7.58,0.9,19.12,20.78
design_2074,0.65,0.55,0.64,nan,nan,nan,0.46,0.62,16.56,8.49,0.9,21.56,22.63
design_2075,0.62,0.7,0.7,nan,nan,nan,0.48,0.68,16.95,8.63,0.9,23.31,20.96
design_2076,0.51,0.51,0.66,nan,nan,nan,0.46,0.59,16.39,8.41,0.9,16.81,17.77
design_2077,0.5,0.57,0.7,nan,nan,nan,0.47,0.62,16.28,8.33,0.9,17.73,16.45
design_2078,0.53,0.56,0.64,nan,nan,nan,0.46,0.6,16.81,8.61,0.9,20.2,21.35
design_2079,0.52,0.51,0.75,nan,nan,nan,0.47,0.64,15.63,8.1,0.9,21.98,22.59
design_2080,1.36,0.44,0.67,nan,nan,nan,0.55,0.88,15.67,8.11,0.89,16.61,12.8
design_2081,0.7,0.65,0.53,nan,nan,nan,0.45,0.61,18.8,9.53,0.89,28.69,25.22
design_2082,0.73,0.75,0.64,nan,nan,nan,0.48,0.69,17.2,8.84,0.9,10.95,9.9
design_2083,0.73,0.74,0.6,nan,nan,nan,0.47,0.67,16.1,8.34,0.9,22.95,25.36
design_2084,0.58,0.63,0.64,nan,nan,nan,0.46,0.62,17.25,8.82,0.9,20.76,13.12
design_2085,0.49,0.76,0.68,nan,nan,nan,0.46,0.65,16.61,8.48,0.9,16.19,14.75
design_2086,0.79,0.71,0.75,nan,nan,nan,0.51,0.75,16.34,8.49,0.89,12.65,14.9
design_2087,0.79,0.76,0.6,nan,nan,nan,0.49,0.69,16.75,8.63,0.9,22.99,25.13
design_2088,0.61,0.56,1.65,nan,nan,nan,0.68,1.22,11.85,6.77,0.86,8.39,7.77
design_2089,0.61,0.73,1.55,nan,nan,nan,0.66,1.18,11.92,6.68,0.87,21.2,13.38
design_2090,0.47,0.7,1.32,nan,nan,nan,0.59,1.01,13.38,7.48,0.86,14.84,13.83
design_2091,0.59,0.61,3.32,nan,nan,nan,1.13,2.34,11.27,6.57,0.86,18.87,17.65
design_2092,0.7,0.72,1.59,nan,nan,nan,0.67,1.21,13.79,7.58,0.87,18.28,15.73
design_2093,0.62,0.59,2.98,nan,nan,nan,1.05,2.11,8.81,5.33,0.87,19.04,19.05
design_2094,0.61,0.7,2.15,nan,nan,nan,0.81,1.56,13.49,7.7,0.86,18.86,18.41
design_2095,0.55,0.63,1.92,nan,nan,nan,0.75,1.4,13.78,7.57,0.87,19.06,19.61
design_2096,0.44,0.61,1.01,nan,nan,nan,0.5,0.73,10.57,5.81,0.89,3.39,2.69
design_2097,0.51,0.54,1.07,nan,nan,nan,0.51,0.76,13.54,7.17,0.89,4.3,3.48
design_2098,0.45,0.56,1.75,nan,nan,nan,0.61,1.12,13.47,7.12,0.9,22.86,21.97
design_2099,0.84,0.81,2.14,nan,nan,nan,0.72,1.43,13.56,7.26,0.88,12.06,9.57
design_2100,0.71,0.5,1.52,nan,nan,nan,0.59,1.03,14.73,7.75,0.89,27.37,11.86
design_2101,0.53,0.65,0.89,nan,nan,nan,0.49,0.71,9.87,5.49,0.89,4.0,4.24
design_2102,0.51,0.48,1.26,nan,nan,nan,0.55,0.85,13.63,7.35,0.89,17.73,15.35
design_2103,0.6,0.55,1.26,nan,nan,nan,0.55,0.88,12.86,6.85,0.89,24.62,18.96
design_2104,0.79,1.37,1.56,nan,nan,nan,0.62,1.24,12.44,6.82,0.89,22.23,21.0
design_2105,0.78,1.39,1.32,nan,nan,nan,0.62,1.17,12.46,6.85,0.89,23.03,22.16
design_2106,0.78,1.27,1.07,nan,nan,nan,0.58,1.04,8.38,4.97,0.87,5.71,7.5
design_2107,0.83,1.2,1.45,nan,nan,nan,0.62,1.15,13.73,7.42,0.89,20.17,14.36
design_2108,0.93,1.24,1.67,nan,nan,nan,0.66,1.28,11.8,6.52,0.88,20.1,17.18
design_2109,0.79,1.25,1.88,nan,nan,nan,0.66,1.32,11.71,6.6,0.86,13.32,15.31
design_2110,0.72,1.29,1.6,nan,nan,nan,0.63,1.21,12.27,6.73,0.88,21.73,21.78
design_2111,0.77,1.4,1.17,nan,nan,nan,0.59,1.12,10.8,6.08,0.87,6.12,7.62
design_2112,0.54,0.43,2.06,nan,nan,nan,0.73,1.41,4.25,3.23,0.88,3.74,4.31
design_2113,0.72,0.69,2.79,nan,nan,nan,0.92,1.91,13.86,7.54,0.87,20.59,12.11
design_2114,0.61,0.57,2.82,nan,nan,nan,0.94,1.91,13.4,7.44,0.86,25.52,18.59
design_2115,0.44,0.32,1.98,nan,nan,nan,0.72,1.34,5.86,3.94,0.87,6.61,8.9
design_2116,0.53,0.45,2.02,nan,nan,nan,0.73,1.38,7.02,4.47,0.87,4.28,4.9
design_2117,0.47,0.43,1.85,nan,nan,nan,0.69,1.27,6.13,4.1,0.87,4.34,5.47
design_2118,0.56,0.51,1.59,nan,nan,nan,0.64,1.12,6.3,4.04,0.87,5.47,6.87
design_2119,0.49,0.5,1.16,nan,nan,nan,0.56,0.85,5.6,3.85,0.87,4.21,5.38
design_2120,0.93,0.51,1.19,nan,nan,nan,0.53,0.9,13.7,7.48,0.89,15.66,15.05
design_2121,0.96,0.55,1.48,nan,nan,nan,0.58,1.04,13.52,7.33,0.88,18.52,15.42
design_2122,0.82,0.52,1.52,nan,nan,nan,0.56,1.0,13.26,7.27,0.88,14.51,11.45
design_2123,0.74,0.52,0.95,nan,nan,nan,0.5,0.74,10.47,5.96,0.87,3.1,2.21
design_2124,0.87,0.48,1.6,nan,nan,nan,0.57,1.04,13.22,7.21,0.88,9.38,5.48
design_2125,0.66,0.48,1.82,nan,nan,nan,0.58,1.08,13.38,7.36,0.87,8.83,7.31
design_2126,0.97,0.51,1.43,nan,nan,nan,0.57,1.01,12.03,6.75,0.87,7.39,6.49
design_2127,0.72,0.61,1.27,nan,nan,nan,0.52,0.88,12.34,6.86,0.87,3.59,2.75
design_2128,0.57,0.54,0.93,nan,nan,nan,0.48,0.76,15.62,8.16,0.89,21.49,21.77
design_2129,0.8,0.39,3.33,nan,nan,nan,1.14,2.35,13.36,7.31,0.87,22.06,22.39
design_2130,0.87,0.55,0.76,nan,nan,nan,0.5,0.75,15.19,7.94,0.89,21.78,23.8
design_2131,0.76,0.54,0.75,nan,nan,nan,0.47,0.71,15.56,8.14,0.9,19.97,20.03
design_2132,0.63,0.47,3.45,nan,nan,nan,1.17,2.42,12.88,7.16,0.88,20.48,18.2
design_2133,0.63,0.53,3.65,nan,nan,nan,1.23,2.56,13.56,7.23,0.89,21.24,18.58
design_2134,0.64,0.56,1.04,nan,nan,nan,0.5,0.84,16.04,8.25,0.9,22.04,18.32
design_2135,0.76,0.63,0.81,nan,nan,nan,0.5,0.76,13.32,7.06,0.89,17.52,15.23
design_2136,0.62,0.46,0.77,nan,nan,nan,0.44,0.64,5.15,3.57,0.87,1.58,1.07
design_2137,0.75,0.87,1.71,nan,nan,nan,0.62,1.2,10.73,6.06,0.87,1.25,1.44
design_2138,0.45,0.56,1.2,nan,nan,nan,0.49,0.82,12.06,6.64,0.87,3.59,1.63
design_2139,0.67,0.52,1.45,nan,nan,nan,0.55,0.99,8.59,5.13,0.86,5.62,4.21
design_2140,0.5,0.46,0.87,nan,nan,nan,0.44,0.64,7.28,4.56,0.86,1.79,1.11
design_2141,0.81,0.75,1.71,nan,nan,nan,0.62,1.19,10.09,5.8,0.87,2.17,2.62
design_2142,0.94,0.58,1.89,nan,nan,nan,0.68,1.29,8.64,5.1,0.87,3.72,4.85
design_2143,0.79,0.78,1.14,nan,nan,nan,0.5,0.92,15.24,8.1,0.88,26.35,19.36
design_2144,6.84,17.48,4.64,nan,nan,nan,8.97,11.22,8.36,5.43,0.85,14.22,13.0
design_2145,6.5,17.23,6.29,nan,nan,nan,9.01,11.24,8.1,5.26,0.86,14.6,17.76
design_2146,7.09,17.39,5.61,nan,nan,nan,9.06,11.36,12.84,7.52,0.86,14.4,18.25
design_2147,6.18,17.5,4.36,nan,nan,nan,8.95,11.06,5.68,4.0,0.86,14.4,12.89
design_2148,6.67,16.4,5.48,nan,nan,nan,8.87,10.74,13.76,7.94,0.86,16.84,15.19
design_2149,7.3,16.25,4.9,nan,nan,nan,8.92,10.74,7.6,4.91,0.86,12.8,14.09
design_2150,6.57,16.44,4.78,nan,nan,nan,8.91,10.64,11.07,6.46,0.87,13.62,17.67
design_2151,6.63,17.47,5.61,nan,nan,nan,9.05,11.3,15.54,8.99,0.85,13.37,15.52
design_2152,0.86,1.73,0.86,nan,nan,nan,0.63,1.18,12.53,6.83,0.88,14.68,12.95
design_2153,0.99,1.8,0.9,nan,nan,nan,0.66,1.25,14.49,7.74,0.88,17.46,11.32
design_2154,0.95,1.95,1.09,nan,nan,nan,0.68,1.36,8.38,4.84,0.88,17.97,16.08
design_2155,0.81,1.92,0.71,nan,nan,nan,0.65,1.21,13.16,7.04,0.89,16.54,12.79
design_2156,0.83,1.95,0.99,nan,nan,nan,0.66,1.3,8.87,5.06,0.88,18.22,16.16
design_2157,0.83,1.82,0.92,nan,nan,nan,0.63,1.22,6.01,3.82,0.88,18.25,16.3
design_2158,0.96,1.88,0.61,nan,nan,nan,0.64,1.21,14.39,7.59,0.89,31.6,15.68
design_2159,0.86,1.98,1.04,nan,nan,nan,0.68,1.33,8.83,5.03,0.88,18.01,16.21
design_2160,0.77,1.2,1.48,nan,nan,nan,0.6,1.15,12.64,6.85,0.89,23.39,22.02
design_2161,0.66,1.24,1.43,nan,nan,nan,0.6,1.12,12.14,6.64,0.88,6.88,6.97
design_2162,1.02,1.13,1.4,nan,nan,nan,0.62,1.17,13.3,7.23,0.89,3.88,3.86
design_2163,0.59,1.12,1.23,nan,nan,nan,0.56,0.99,12.73,6.95,0.88,9.4,6.1
design_2164,0.99,1.07,1.45,nan,nan,nan,0.62,1.16,12.67,6.92,0.88,22.63,20.3
design_2165,0.64,1.17,1.28,nan,nan,nan,0.57,1.04,13.02,7.03,0.88,14.7,13.59
design_2166,0.69,0.96,1.68,nan,nan,nan,0.6,1.13,13.34,7.21,0.89,23.94,19.53
design_2167,0.99,1.11,1.52,nan,nan,nan,0.63,1.2,12.52,6.9,0.89,21.46,20.98
design_2168,0.44,0.87,2.0,nan,nan,nan,0.72,1.41,13.09,7.22,0.87,23.22,27.61
design_2169,0.59,0.85,1.57,nan,nan,nan,0.64,1.17,15.98,8.43,0.89,26.15,11.44
design_2170,0.75,0.75,2.07,nan,nan,nan,0.77,1.48,15.08,8.16,0.88,23.26,25.89
design_2171,0.56,0.93,2.14,nan,nan,nan,0.76,1.52,11.83,6.61,0.87,23.45,27.62
design_2172,0.7,0.97,1.88,nan,nan,nan,0.72,1.39,15.57,8.29,0.88,8.24,6.32
design_2173,0.49,0.99,2.3,nan,nan,nan,0.81,1.62,14.52,7.82,0.88,11.73,12.57
design_2174,0.54,0.94,1.86,nan,nan,nan,0.71,1.35,11.63,6.45,0.88,23.43,25.77
design_2175,0.58,0.88,1.95,nan,nan,nan,0.73,1.4,13.9,7.54,0.88,22.98,26.01
design_2176,0.64,1.1,1.72,nan,nan,nan,0.64,1.18,12.07,6.55,0.89,23.68,23.48
design_2177,0.91,1.07,1.72,nan,nan,nan,0.65,1.23,13.67,7.29,0.89,10.61,8.02
design_2178,0.61,1.15,1.84,nan,nan,nan,0.65,1.24,11.51,6.29,0.89,23.57,24.25
design_2179,0.67,0.97,1.41,nan,nan,nan,0.6,1.02,10.4,5.94,0.87,16.59,17.13
design_2180,0.49,1.04,1.88,nan,nan,nan,0.64,1.2,11.56,6.32,0.89,22.84,22.73
design_2181,0.83,1.1,1.63,nan,nan,nan,0.64,1.18,13.04,6.99,0.89,22.84,21.58
design_2182,0.91,1.1,1.81,nan,nan,nan,0.67,1.28,11.39,6.22,0.89,23.28,23.44
design_2183,0.87,1.06,1.86,nan,nan,nan,0.67,1.28,11.61,6.34,0.89,23.09,23.71
design_2184,0.32,0.72,1.15,nan,nan,nan,0.52,0.81,3.82,2.81,0.89,1.09,1.15
design_2185,0.57,0.7,1.36,nan,nan,nan,0.57,0.95,15.72,8.25,0.9,40.1,16.39
design_2186,0.59,0.64,1.49,nan,nan,nan,0.57,1.01,7.13,4.38,0.87,1.53,1.53
design_2187,0.37,0.75,1.19,nan,nan,nan,0.52,0.84,5.64,3.63,0.88,1.81,1.28
design_2188,0.5,0.75,1.42,nan,nan,nan,0.55,0.98,11.66,6.37,0.88,12.31,12.19
design_2189,0.48,0.83,1.15,nan,nan,nan,0.53,0.87,12.99,7.07,0.89,22.85,22.5
design_2190,0.41,0.74,1.17,nan,nan,nan,0.5,0.84,10.73,5.96,0.88,3.4,1.88
design_2191,0.5,0.71,1.85,nan,nan,nan,0.63,1.2,14.1,7.49,0.89,14.39,15.28
design_2192,0.66,0.79,0.88,nan,nan,nan,0.5,0.79,15.29,8.01,0.89,22.35,15.42
design_2193,0.85,0.83,0.86,nan,nan,nan,0.52,0.85,13.81,7.37,0.89,21.36,15.86
design_2194,0.55,0.81,0.83,nan,nan,nan,0.48,0.75,15.23,7.99,0.89,26.23,17.87
design_2195,0.62,0.78,0.91,nan,nan,nan,0.49,0.79,15.44,8.13,0.89,25.85,18.43
design_2196,0.77,0.79,0.87,nan,nan,nan,0.52,0.81,13.42,7.18,0.89,14.11,12.32
design_2197,0.74,0.73,0.99,nan,nan,nan,0.52,0.85,13.13,7.06,0.89,16.68,13.03
design_2198,0.77,0.81,3.38,nan,nan,nan,1.04,2.24,16.08,8.63,0.88,22.94,12.53
design_2199,0.79,0.81,0.93,nan,nan,nan,0.53,0.86,16.45,8.64,0.89,23.89,21.47
design_2200,0.43,0.59,0.82,nan,nan,nan,0.49,0.68,16.09,8.21,0.91,22.84,25.41
design_2201,0.47,0.59,0.61,nan,nan,nan,0.45,0.57,16.44,8.37,0.91,20.01,20.21
design_2202,0.8,0.68,0.73,nan,nan,nan,0.51,0.73,17.0,8.65,0.9,20.81,22.09
design_2203,0.5,0.63,0.77,nan,nan,nan,0.49,0.67,16.6,8.42,0.91,21.56,14.85
design_2204,0.49,0.66,0.78,nan,nan,nan,0.5,0.69,15.39,7.95,0.9,19.81,21.52
design_2205,0.4,0.6,0.69,nan,nan,nan,0.47,0.6,15.9,8.16,0.9,18.7,17.83
design_2206,0.51,0.64,0.65,nan,nan,nan,0.49,0.61,16.19,8.29,0.9,25.59,14.54
design_2207,0.52,0.59,0.77,nan,nan,nan,0.49,0.67,15.79,8.12,0.9,8.51,9.08
design_2208,0.61,0.87,2.94,nan,nan,nan,0.92,1.97,11.77,6.44,0.88,24.9,23.8
design_2209,0.66,0.76,1.88,nan,nan,nan,0.66,1.32,12.96,6.95,0.89,6.77,7.17
design_2210,0.69,0.93,1.98,nan,nan,nan,0.69,1.41,12.33,6.62,0.88,13.75,12.37
design_2211,0.85,0.92,3.07,nan,nan,nan,0.97,2.08,13.1,7.11,0.88,26.12,22.58
design_2212,0.79,1.51,2.74,nan,nan,nan,0.92,1.97,12.45,6.78,0.88,25.21,22.8
design_2213,0.64,0.91,1.91,nan,nan,nan,0.68,1.36,12.23,6.65,0.88,5.48,5.12
design_2214,0.66,0.65,1.85,nan,nan,nan,0.65,1.28,14.03,7.42,0.89,4.6,3.19
design_2215,0.91,0.89,2.18,nan,nan,nan,0.75,1.56,12.6,6.78,0.89,24.88,23.44
design_2216,0.47,1.06,2.87,nan,nan,nan,0.77,1.66,12.49,6.89,0.88,1.7,1.99
design_2217,0.77,1.14,2.8,nan,nan,nan,0.79,1.69,11.15,6.17,0.88,1.81,2.09
design_2218,0.93,0.82,2.06,nan,nan,nan,0.66,1.32,13.96,7.54,0.89,25.55,19.68
design_2219,0.91,1.04,1.61,nan,nan,nan,0.6,1.18,12.7,7.06,0.88,2.55,3.08
design_2220,0.37,1.09,1.58,nan,nan,nan,0.57,1.07,12.81,7.04,0.89,11.69,12.88
design_2221,0.55,1.16,3.05,nan,nan,nan,0.82,1.77,12.29,6.74,0.89,2.84,2.93
design_2222,0.92,1.01,2.08,nan,nan,nan,0.67,1.37,11.23,6.37,0.88,5.07,4.97
design_2223,0.86,1.08,1.78,nan,nan,nan,0.63,1.25,11.17,6.35,0.88,2.96,3.14
design_2224,0.32,0.82,1.03,nan,nan,nan,0.47,0.77,8.21,4.8,0.88,2.26,1.21
design_2225,0.92,0.69,0.69,nan,nan,nan,0.48,0.78,9.69,5.64,0.86,2.42,1.15
design_2226,0.46,0.43,0.86,nan,nan,nan,0.47,0.61,5.66,3.65,0.88,21.8,13.53
design_2227,0.64,0.83,1.74,nan,nan,nan,0.59,1.15,5.69,3.82,0.87,3.93,4.65
design_2228,0.75,0.76,0.94,nan,nan,nan,0.52,0.82,5.35,3.63,0.87,5.59,7.08
design_2229,0.33,0.48,0.92,nan,nan,nan,0.43,0.62,8.23,4.82,0.88,2.63,3.12
design_2230,0.46,0.81,0.88,nan,nan,nan,0.45,0.73,10.76,5.95,0.89,2.76,2.19
design_2231,0.52,0.64,1.2,nan,nan,nan,0.47,0.83,12.87,6.93,0.89,16.03,14.07
design_2232,0.79,1.43,1.75,nan,nan,nan,0.69,1.4,16.62,8.64,0.89,29.21,17.49
design_2233,0.68,1.64,1.98,nan,nan,nan,0.77,1.56,11.16,6.07,0.89,24.41,24.72
design_2234,0.72,1.62,1.78,nan,nan,nan,0.74,1.46,8.99,5.07,0.88,1.33,1.49
design_2235,0.73,1.35,1.82,nan,nan,nan,0.75,1.4,6.86,4.08,0.89,18.15,10.87
design_2236,1.02,1.74,1.79,nan,nan,nan,0.77,1.56,14.16,7.47,0.9,12.28,10.86
design_2237,0.82,1.55,1.59,nan,nan,nan,0.71,1.37,14.6,7.65,0.9,12.71,12.03
design_2238,0.63,1.46,1.47,nan,nan,nan,0.68,1.25,8.2,4.74,0.88,2.58,2.0
design_2239,0.63,1.54,2.12,nan,nan,nan,0.78,1.59,13.49,7.14,0.9,23.9,22.79
design_2240,0.81,0.67,3.24,nan,nan,nan,1.05,2.21,14.43,7.81,0.88,20.29,22.58
design_2241,0.79,0.73,2.56,nan,nan,nan,0.87,1.79,15.17,8.1,0.89,22.52,21.19
design_2242,0.74,0.77,3.01,nan,nan,nan,0.99,2.07,13.66,7.32,0.89,4.33,4.24
design_2243,0.84,0.68,2.99,nan,nan,nan,0.99,2.06,14.32,7.78,0.88,18.64,20.42
design_2244,0.84,0.77,2.81,nan,nan,nan,0.94,1.95,12.26,6.74,0.88,5.71,3.98
design_2245,0.88,0.56,3.12,nan,nan,nan,1.02,2.13,12.8,7.23,0.86,17.25,18.61
design_2246,0.79,0.66,3.09,nan,nan,nan,1.0,2.11,14.62,7.87,0.88,17.04,17.34
design_2247,0.85,0.76,1.22,nan,nan,nan,0.58,1.01,15.1,8.13,0.88,25.99,21.4
design_2248,0.55,0.63,2.1,nan,nan,nan,0.69,1.37,16.68,8.76,0.89,24.63,23.92
design_2249,0.68,0.72,1.75,nan,nan,nan,0.65,1.21,16.83,8.92,0.88,24.32,17.68
design_2250,0.68,0.66,1.98,nan,nan,nan,0.68,1.33,16.53,8.74,0.88,18.64,13.6
design_2251,0.61,0.62,1.54,nan,nan,nan,0.6,1.06,14.48,7.79,0.88,23.35,13.49
design_2252,0.59,0.63,1.97,nan,nan,nan,0.68,1.31,15.71,8.4,0.89,21.43,15.91
design_2253,0.63,0.72,2.12,nan,nan,nan,0.72,1.41,15.65,8.29,0.89,23.62,18.18
design_2254,0.53,0.66,1.91,nan,nan,nan,0.67,1.27,16.18,8.56,0.89,22.61,16.86
design_2255,0.79,0.85,1.86,nan,nan,nan,0.68,1.32,15.79,8.39,0.89,24.11,16.95
design_2256,0.46,1.43,2.52,nan,nan,nan,0.79,1.65,12.2,6.76,0.87,23.57,23.04
design_2257,0.45,1.32,1.2,nan,nan,nan,0.55,1.04,12.04,6.5,0.89,23.87,24.47
design_2258,0.4,1.36,1.04,nan,nan,nan,0.54,0.99,12.94,6.88,0.89,12.49,14.11
design_2259,0.45,1.37,1.54,nan,nan,nan,0.64,1.19,12.86,7.0,0.87,13.84,10.66
design_2260,0.54,1.5,2.55,nan,nan,nan,0.81,1.69,12.44,6.85,0.88,23.82,23.48
design_2261,0.41,1.34,1.0,nan,nan,nan,0.54,0.97,12.54,6.7,0.89,24.85,24.34
design_2262,0.48,1.37,1.26,nan,nan,nan,0.6,1.09,11.96,6.56,0.88,2.83,4.05
design_2263,0.44,1.27,1.46,nan,nan,nan,0.63,1.12,12.76,6.96,0.88,15.98,14.45
design_2264,0.54,1.63,1.32,nan,nan,nan,0.64,1.23,13.87,7.39,0.89,14.59,13.84
design_2265,0.57,1.07,1.45,nan,nan,nan,0.61,1.09,9.41,5.38,0.88,2.6,2.44
design_2266,0.86,0.92,1.32,nan,nan,nan,0.58,1.06,11.67,6.34,0.89,23.91,24.18
design_2267,0.58,1.79,1.4,nan,nan,nan,0.67,1.33,15.75,8.22,0.9,32.16,14.07
design_2268,0.66,1.21,1.57,nan,nan,nan,0.62,1.2,12.46,6.71,0.89,24.14,24.62
design_2269,0.55,1.69,1.87,nan,nan,nan,0.72,1.48,14.03,7.44,0.89,23.47,13.81
design_2270,0.67,1.24,1.56,nan,nan,nan,0.63,1.21,12.54,6.73,0.89,24.18,24.67
design_2271,0.79,1.2,1.25,nan,nan,nan,0.58,1.09,13.04,7.0,0.88,3.74,4.54
design_2272,0.59,0.64,1.07,nan,nan,nan,0.46,0.77,10.64,6.09,0.87,23.8,22.98
design_2273,0.64,0.56,1.08,nan,nan,nan,0.47,0.77,13.23,7.25,0.87,15.77,9.76
design_2274,0.61,0.47,1.3,nan,nan,nan,0.47,0.83,13.51,7.41,0.88,11.17,7.37
design_2275,0.64,0.42,2.46,nan,nan,nan,0.65,1.38,12.75,7.04,0.88,14.23,11.18
design_2276,0.58,0.61,1.26,nan,nan,nan,0.47,0.83,12.45,6.92,0.88,24.32,21.81
design_2277,0.75,0.74,1.42,nan,nan,nan,0.51,0.98,11.03,6.33,0.87,22.82,22.77
design_2278,0.56,0.42,1.32,nan,nan,nan,0.47,0.82,11.75,6.59,0.88,23.37,23.29
design_2279,0.54,0.52,1.32,nan,nan,nan,0.46,0.83,11.3,6.39,0.87,23.64,23.68
design_2280,0.87,0.39,0.93,nan,nan,nan,0.48,0.76,11.14,6.35,0.87,23.47,21.28
design_2281,0.77,0.49,1.85,nan,nan,nan,0.58,1.13,15.53,8.33,0.88,26.22,12.8
design_2282,0.82,0.73,2.49,nan,nan,nan,0.7,1.47,12.0,6.78,0.87,20.26,19.43
design_2283,0.99,0.66,1.82,nan,nan,nan,0.61,1.2,11.89,6.67,0.87,16.82,18.21
design_2284,0.69,0.44,1.51,nan,nan,nan,0.54,0.94,12.15,6.76,0.88,24.6,22.12
design_2285,0.85,0.61,1.58,nan,nan,nan,0.57,1.05,12.21,6.83,0.86,7.99,4.58
design_2286,0.78,0.46,1.21,nan,nan,nan,0.49,0.84,11.16,6.33,0.87,23.59,22.35
design_2287,0.84,0.57,2.8,nan,nan,nan,0.74,1.6,12.76,7.06,0.88,23.02,21.54
design_2288,7.02,19.21,6.26,nan,nan,nan,9.46,11.9,13.34,7.84,0.85,17.26,17.01
design_2289,7.24,19.81,7.28,nan,nan,nan,9.61,12.43,14.71,8.41,0.85,12.29,13.0
design_2290,7.17,19.11,5.07,nan,nan,nan,9.41,11.68,9.2,5.71,0.86,13.16,12.91
design_2291,7.02,18.43,7.77,nan,nan,nan,9.51,11.84,14.76,8.36,0.86,18.38,15.57
design_2292,6.4,17.38,7.38,nan,nan,nan,9.3,11.14,13.93,8.08,0.86,19.42,13.2
design_2293,6.58,18.35,7.66,nan,nan,nan,9.48,11.69,14.82,8.52,0.85,16.88,14.08
design_2294,6.9,18.76,7.04,nan,nan,nan,9.51,11.81,13.85,8.07,0.86,18.36,17.75
design_2295,7.11,18.0,7.42,nan,nan,nan,9.44,11.58,11.75,6.95,0.86,19.05,17.89
design_2296,0.86,1.17,1.4,nan,nan,nan,0.62,1.18,15.16,7.9,0.9,11.0,9.06
design_2297,0.73,0.84,0.77,nan,nan,nan,0.52,0.78,5.59,3.6,0.88,1.21,1.24
design_2298,1.01,0.55,1.29,nan,nan,nan,0.58,1.03,12.89,6.88,0.89,17.91,10.44
design_2299,0.89,0.91,1.57,nan,nan,nan,0.61,1.2,17.51,9.08,0.89,37.88,16.12
design_2300,0.62,1.25,1.37,nan,nan,nan,0.64,1.14,10.98,6.0,0.88,1.3,1.18
design_2301,0.86,0.94,1.82,nan,nan,nan,0.68,1.33,13.37,7.14,0.88,24.87,14.07
design_2302,0.82,0.87,1.73,nan,nan,nan,0.66,1.26,14.36,7.61,0.88,20.97,10.61
design_2303,0.8,0.77,1.24,nan,nan,nan,0.56,0.98,9.86,5.56,0.88,1.74,1.71
design_2304,0.75,0.54,2.84,nan,nan,nan,1.0,2.03,17.11,9.03,0.88,10.79,9.88
design_2305,0.82,0.53,2.77,nan,nan,nan,0.98,1.98,17.72,9.31,0.88,14.21,12.58
design_2306,0.74,0.48,2.79,nan,nan,nan,0.98,1.98,15.27,8.27,0.87,7.26,6.71
design_2307,0.72,0.48,2.59,nan,nan,nan,0.92,1.85,16.96,9.0,0.88,13.1,12.9
design_2308,0.71,0.55,3.29,nan,nan,nan,1.12,2.32,17.51,9.27,0.88,19.7,9.52
design_2309,0.89,0.52,3.31,nan,nan,nan,1.14,2.35,16.97,8.97,0.87,23.92,11.78
design_2310,0.71,0.59,2.71,nan,nan,nan,0.96,1.94,17.91,9.53,0.88,7.88,4.26
design_2311,0.74,0.68,2.66,nan,nan,nan,0.96,1.91,17.09,9.17,0.87,9.82,7.96
design_2312,0.48,0.56,0.56,nan,nan,nan,0.43,0.54,17.04,8.71,0.9,24.44,17.6
design_2313,0.48,0.51,0.59,nan,nan,nan,0.42,0.54,16.2,8.28,0.91,21.29,21.71
design_2314,0.46,0.56,0.67,nan,nan,nan,0.45,0.6,15.18,7.87,0.9,16.35,14.92
design_2315,0.49,0.56,0.73,nan,nan,nan,0.45,0.63,17.23,8.78,0.91,18.96,17.14
design_2316,0.46,0.61,0.68,nan,nan,nan,0.45,0.61,14.94,7.74,0.9,17.86,18.47
design_2317,0.73,0.58,0.63,nan,nan,nan,0.46,0.65,15.35,8.05,0.89,24.03,17.73
design_2318,0.4,0.56,0.68,nan,nan,nan,0.44,0.59,16.16,8.3,0.9,13.69,16.22
design_2319,0.51,0.6,0.59,nan,nan,nan,0.42,0.57,15.85,8.16,0.9,22.14,20.31
design_2320,0.72,2.24,1.03,nan,nan,nan,0.72,1.44,11.85,6.42,0.89,23.29,23.09
design_2321,1.02,1.99,2.39,nan,nan,nan,0.87,1.88,13.02,7.08,0.89,23.1,22.3
design_2322,0.57,0.92,1.11,nan,nan,nan,0.52,0.9,13.92,7.43,0.89,18.99,17.9
design_2323,0.63,2.12,1.13,nan,nan,nan,0.7,1.39,14.2,7.55,0.9,18.19,17.52
design_2324,0.5,2.31,1.15,nan,nan,nan,0.72,1.47,9.93,5.59,0.88,3.71,3.41
design_2325,0.57,2.33,1.06,nan,nan,nan,0.72,1.46,12.18,6.57,0.89,5.41,3.78
design_2326,0.97,1.91,2.23,nan,nan,nan,0.84,1.78,12.03,6.62,0.88,19.29,19.27
design_2327,0.52,1.27,0.92,nan,nan,nan,0.55,0.94,8.38,4.93,0.87,3.64,3.28
design_2328,0.56,1.88,2.15,nan,nan,nan,0.85,1.74,10.73,6.11,0.87,24.35,26.37
design_2329,0.46,1.84,6.26,nan,nan,nan,1.91,4.24,11.03,6.37,0.87,23.23,21.95
design_2330,0.35,1.5,1.1,nan,nan,nan,0.6,1.07,3.5,2.74,0.89,2.54,2.17
design_2331,0.38,1.46,1.06,nan,nan,nan,0.59,1.04,3.59,2.79,0.89,2.34,2.02
design_2332,0.67,2.05,2.72,nan,nan,nan,1.01,2.11,14.19,7.57,0.88,30.36,18.26
design_2333,0.41,0.49,1.9,nan,nan,nan,0.7,1.3,5.7,3.9,0.87,1.48,1.61
design_2334,0.68,1.92,1.6,nan,nan,nan,0.75,1.49,11.1,6.41,0.86,24.24,26.4
design_2335,0.59,1.91,6.24,nan,nan,nan,1.91,4.24,11.35,6.48,0.87,23.43,20.65
design_2336,0.29,0.82,1.15,nan,nan,nan,0.53,0.83,13.65,7.17,0.9,17.28,13.63
design_2337,0.62,0.84,1.63,nan,nan,nan,0.62,1.13,11.2,6.08,0.89,18.17,14.71
design_2338,0.66,0.86,1.58,nan,nan,nan,0.61,1.11,14.91,7.88,0.9,24.19,15.21
design_2339,0.42,0.82,1.31,nan,nan,nan,0.56,0.93,12.36,6.6,0.9,18.25,15.05
design_2340,0.54,0.85,1.25,nan,nan,nan,0.55,0.93,14.69,7.68,0.89,29.06,17.8
design_2341,0.51,0.83,1.39,nan,nan,nan,0.57,0.99,12.67,6.76,0.89,17.12,13.39
design_2342,0.53,0.79,1.39,nan,nan,nan,0.57,0.98,12.29,6.57,0.9,17.72,14.14
design_2343,0.32,0.81,1.32,nan,nan,nan,0.55,0.92,13.24,7.01,0.9,18.11,14.4
design_2344,0.54,0.87,1.26,nan,nan,nan,0.52,0.92,13.21,7.11,0.89,9.58,9.35
design_2345,0.39,0.64,1.27,nan,nan,nan,0.52,0.83,3.84,2.74,0.9,3.7,1.82
design_2346,0.43,0.71,1.44,nan,nan,nan,0.52,0.94,12.07,6.65,0.88,1.48,1.37
design_2347,0.73,0.7,1.31,nan,nan,nan,0.52,0.94,15.23,8.02,0.89,38.35,16.37
design_2348,1.04,0.84,2.03,nan,nan,nan,0.69,1.39,11.4,6.41,0.87,23.47,23.62
design_2349,0.75,0.76,1.38,nan,nan,nan,0.55,1.0,13.14,7.04,0.89,9.66,5.28
design_2350,0.46,1.7,1.29,nan,nan,nan,0.63,1.23,3.31,2.52,0.9,4.37,1.84
design_2351,0.39,0.68,1.48,nan,nan,nan,0.56,0.94,6.07,3.79,0.88,1.01,1.01
design_2352,0.49,1.19,1.88,nan,nan,nan,0.61,1.24,10.58,5.95,0.87,17.15,14.82
design_2353,0.45,1.32,1.55,nan,nan,nan,0.57,1.15,13.21,7.18,0.88,15.92,14.93
design_2354,0.43,1.38,1.7,nan,nan,nan,0.6,1.23,11.46,6.41,0.88,23.26,23.65
design_2355,0.5,1.29,3.03,nan,nan,nan,0.81,1.79,4.34,3.24,0.88,3.43,3.14
design_2356,0.42,1.34,1.55,nan,nan,nan,0.58,1.15,13.07,7.11,0.89,13.52,10.33
design_2357,0.44,1.35,1.6,nan,nan,nan,0.58,1.18,8.33,4.92,0.88,23.93,23.87
design_2358,0.65,1.41,1.84,nan,nan,nan,0.63,1.33,12.41,6.95,0.87,21.67,20.12
design_2359,0.49,1.35,1.3,nan,nan,nan,0.56,1.08,12.96,7.13,0.88,9.41,5.27
design_2360,0.67,0.71,0.66,nan,nan,nan,0.49,0.68,15.74,8.11,0.9,21.84,24.55
design_2361,0.74,0.74,0.77,nan,nan,nan,0.51,0.75,16.31,8.34,0.9,19.74,22.12
design_2362,0.76,0.63,0.73,nan,nan,nan,0.5,0.71,15.88,8.18,0.9,20.87,22.85
design_2363,0.58,0.54,1.0,nan,nan,nan,0.53,0.81,16.87,8.69,0.89,21.79,21.56
design_2364,0.63,0.69,0.84,nan,nan,nan,0.53,0.75,15.71,8.07,0.9,21.74,24.37
design_2365,0.63,0.56,1.01,nan,nan,nan,0.54,0.83,16.49,8.58,0.89,10.03,13.43
design_2366,0.74,0.63,1.08,nan,nan,nan,0.58,0.91,16.73,8.7,0.89,17.73,14.11
design_2367,0.74,0.63,0.98,nan,nan,nan,0.57,0.85,15.98,8.19,0.9,15.92,19.65
design_2368,0.66,0.55,0.9,nan,nan,nan,0.51,0.77,15.43,7.95,0.9,20.83,21.74
design_2369,0.52,0.5,0.65,nan,nan,nan,0.43,0.59,16.26,8.29,0.91,21.91,21.99
design_2370,0.72,0.6,0.75,nan,nan,nan,0.5,0.71,15.27,7.99,0.89,18.15,13.64
design_2371,0.74,0.46,0.65,nan,nan,nan,0.46,0.64,16.37,8.5,0.89,19.92,21.32
design_2372,0.73,0.52,0.56,nan,nan,nan,0.45,0.6,15.2,7.87,0.89,11.64,8.03
design_2373,0.62,0.5,0.58,nan,nan,nan,0.44,0.58,16.32,8.43,0.9,13.81,11.17
design_2374,0.69,0.49,0.72,nan,nan,nan,0.5,0.67,15.9,8.22,0.9,10.02,7.62
design_2375,0.59,0.48,0.63,nan,nan,nan,0.45,0.59,15.91,8.19,0.9,18.24,17.63
design_2376,0.73,0.7,2.59,nan,nan,nan,0.89,1.79,12.7,7.01,0.87,6.23,4.55
design_2377,0.48,0.72,1.01,nan,nan,nan,0.52,0.8,13.08,7.22,0.87,21.91,23.41
design_2378,0.73,0.77,1.23,nan,nan,nan,0.58,0.99,13.25,7.28,0.87,24.33,21.94
design_2379,0.53,0.66,0.8,nan,nan,nan,0.5,0.69,13.49,7.38,0.87,12.52,15.97
design_2380,0.52,0.74,0.8,nan,nan,nan,0.5,0.71,13.62,7.46,0.87,9.05,10.51
design_2381,0.54,0.82,1.17,nan,nan,nan,0.57,0.92,10.08,5.83,0.87,2.84,2.91
design_2382,0.52,0.7,2.31,nan,nan,nan,0.8,1.59,8.83,5.34,0.86,23.17,27.47
design_2383,0.61,0.74,1.19,nan,nan,nan,0.56,0.94,10.91,6.19,0.87,3.69,4.53
design_2384,0.54,0.41,0.96,nan,nan,nan,0.48,0.7,10.89,6.04,0.88,3.63,4.07
design_2385,0.6,0.53,1.28,nan,nan,nan,0.56,0.91,9.39,5.35,0.88,2.41,2.43
design_2386,0.67,0.4,1.53,nan,nan,nan,0.58,1.04,13.92,7.39,0.89,11.26,5.93
design_2387,0.58,0.42,1.26,nan,nan,nan,0.55,0.88,15.29,7.99,0.9,20.4,19.35
design_2388,0.55,0.47,1.2,nan,nan,nan,0.54,0.84,11.99,6.53,0.88,4.35,5.46
design_2389,0.7,0.32,1.61,nan,nan,nan,0.6,1.09,14.1,7.49,0.89,25.84,18.09
design_2390,0.48,0.33,0.94,nan,nan,nan,0.48,0.67,5.65,3.69,0.88,1.34,1.03
design_2391,0.74,0.37,1.53,nan,nan,nan,0.58,1.06,13.88,7.34,0.89,24.95,14.51
design_2392,0.56,0.86,1.51,nan,nan,nan,0.58,1.06,13.47,7.11,0.9,24.89,22.41
design_2393,0.58,1.0,1.61,nan,nan,nan,0.61,1.15,12.78,6.82,0.89,3.95,4.31
design_2394,0.5,0.93,1.36,nan,nan,nan,0.55,0.99,13.6,7.17,0.9,18.72,18.48
design_2395,0.55,0.99,1.55,nan,nan,nan,0.59,1.11,15.32,7.94,0.9,29.06,20.83
design_2396,0.64,0.9,1.48,nan,nan,nan,0.57,1.08,15.52,8.03,0.9,32.77,16.76
design_2397,0.69,0.98,1.51,nan,nan,nan,0.59,1.12,14.75,7.71,0.9,25.4,23.42
design_2398,0.59,0.85,1.33,nan,nan,nan,0.55,0.98,14.95,7.77,0.9,28.42,19.23
design_2399,0.62,0.87,1.65,nan,nan,nan,0.6,1.15,12.21,6.57,0.89,5.88,5.38
design_2400,0.54,0.69,0.75,nan,nan,nan,0.48,0.69,15.43,7.94,0.9,16.85,14.78
design_2401,0.58,0.67,1.07,nan,nan,nan,0.55,0.88,12.13,6.52,0.88,21.91,23.7
design_2402,0.43,0.59,0.8,nan,nan,nan,0.48,0.67,15.33,7.93,0.9,7.7,8.24
design_2403,0.52,0.7,0.67,nan,nan,nan,0.46,0.64,15.13,7.85,0.9,22.47,20.7
design_2404,0.46,0.52,0.75,nan,nan,nan,0.46,0.63,15.64,8.05,0.9,14.06,8.81
design_2405,0.61,0.64,0.73,nan,nan,nan,0.48,0.68,16.05,8.27,0.9,18.35,17.28
design_2406,0.54,0.61,0.88,nan,nan,nan,0.5,0.74,13.99,7.35,0.89,10.64,13.02
design_2407,0.43,0.6,0.67,nan,nan,nan,0.45,0.6,15.64,8.05,0.9,22.34,19.91
design_2408,0.78,0.55,4.57,nan,nan,nan,1.39,3.06,16.48,8.99,0.87,16.03,13.94
design_2409,0.98,0.56,2.32,nan,nan,nan,0.82,1.65,16.03,8.85,0.86,4.9,5.86
design_2410,0.78,0.42,5.08,nan,nan,nan,1.54,3.39,16.68,9.11,0.86,16.09,17.0
design_2411,0.72,0.42,4.02,nan,nan,nan,1.24,2.69,13.78,7.81,0.85,17.4,18.01
design_2412,0.8,0.43,3.23,nan,nan,nan,1.03,2.19,16.44,9.15,0.85,16.82,10.38
design_2413,0.8,0.44,1.75,nan,nan,nan,0.65,1.26,15.55,8.46,0.87,29.53,18.93
design_2414,0.74,0.39,1.4,nan,nan,nan,0.58,1.03,13.94,7.69,0.87,14.05,12.87
design_2415,0.69,0.51,1.83,nan,nan,nan,0.65,1.29,18.54,9.79,0.87,35.34,18.27
design_2416,0.59,0.49,1.63,nan,nan,nan,0.53,0.98,13.37,7.22,0.88,7.19,5.69
design_2417,0.58,0.48,1.76,nan,nan,nan,0.54,1.03,12.55,6.93,0.88,11.37,7.75
design_2418,0.75,0.51,1.74,nan,nan,nan,0.57,1.07,12.28,6.76,0.88,14.87,13.41
design_2419,0.54,0.48,1.6,nan,nan,nan,0.53,0.95,13.37,7.23,0.88,19.07,14.18
design_2420,0.59,0.45,1.35,nan,nan,nan,0.48,0.84,9.92,5.8,0.87,3.03,2.54
design_2421,0.6,0.58,1.63,nan,nan,nan,0.52,1.0,11.31,6.32,0.88,23.68,22.98
design_2422,0.55,0.5,1.68,nan,nan,nan,0.53,0.99,12.24,6.78,0.88,23.56,21.37
design_2423,0.63,0.47,1.31,nan,nan,nan,0.51,0.84,10.73,6.16,0.87,23.78,22.17
design_2424,0.44,0.77,1.04,nan,nan,nan,0.52,0.84,15.16,7.85,0.9,13.21,8.43
design_2425,0.95,0.82,1.23,nan,nan,nan,0.64,1.07,15.36,8.02,0.9,13.77,11.06
design_2426,0.89,0.74,1.08,nan,nan,nan,0.57,0.96,15.24,7.93,0.9,14.9,15.14
design_2427,1.0,0.75,1.27,nan,nan,nan,0.61,1.09,15.17,7.89,0.9,11.6,9.06
design_2428,0.45,0.82,1.13,nan,nan,nan,0.55,0.91,15.17,7.93,0.9,10.28,10.93
design_2429,0.45,0.78,1.15,nan,nan,nan,0.55,0.91,12.87,6.9,0.89,13.36,13.33
design_2430,0.56,0.96,0.97,nan,nan,nan,0.54,0.87,15.09,7.9,0.89,25.92,18.49
design_2431,1.04,0.95,1.14,nan,nan,nan,0.61,1.07,13.57,7.3,0.89,6.55,4.79
design_2432,0.74,0.66,5.36,nan,nan,nan,1.76,3.75,16.19,8.82,0.87,17.0,14.51
design_2433,0.68,0.6,1.74,nan,nan,nan,0.72,1.29,13.55,7.56,0.86,7.65,5.71
design_2434,0.56,0.65,1.22,nan,nan,nan,0.6,0.95,14.31,7.82,0.87,16.8,17.07
design_2435,0.86,0.81,1.14,nan,nan,nan,0.62,1.0,14.39,7.65,0.89,13.69,9.18
design_2436,0.81,0.75,1.6,nan,nan,nan,0.7,1.24,12.61,7.15,0.87,17.73,15.89
design_2437,0.75,0.6,1.3,nan,nan,nan,0.63,1.03,12.24,6.98,0.87,18.08,13.48
design_2438,0.52,0.54,1.69,nan,nan,nan,0.69,1.23,13.91,7.66,0.88,17.47,15.22
design_2439,0.52,0.47,1.72,nan,nan,nan,0.71,1.24,13.9,7.69,0.86,16.26,9.9
design_2440,1.07,0.5,1.46,nan,nan,nan,0.57,1.06,12.06,6.8,0.87,23.31,20.39
design_2441,1.04,0.62,1.26,nan,nan,nan,0.55,0.99,11.25,6.42,0.86,8.77,4.69
design_2442,0.5,0.56,1.48,nan,nan,nan,0.5,0.9,11.91,6.63,0.87,24.01,21.97
design_2443,0.87,0.59,1.48,nan,nan,nan,0.54,1.01,13.41,7.35,0.87,20.18,12.64
design_2444,0.66,0.6,1.67,nan,nan,nan,0.55,1.03,12.14,6.75,0.87,16.34,15.7
design_2445,0.71,0.4,1.53,nan,nan,nan,0.52,0.95,12.31,6.8,0.88,22.08,19.68
design_2446,0.47,0.51,2.83,nan,nan,nan,0.74,1.55,9.5,5.54,0.87,6.4,7.0
design_2447,0.58,0.42,2.51,nan,nan,nan,0.68,1.39,6.23,4.07,0.87,2.94,2.73
design_2448,0.66,0.67,1.64,nan,nan,nan,0.55,1.03,13.78,7.44,0.89,27.14,17.46
design_2449,0.56,0.52,1.61,nan,nan,nan,0.55,0.97,12.42,6.84,0.89,9.14,7.4
design_2450,0.49,0.61,1.3,nan,nan,nan,0.53,0.83,7.9,4.83,0.87,2.05,2.36
design_2451,0.45,0.62,1.63,nan,nan,nan,0.54,0.97,12.64,6.91,0.88,16.85,16.02
design_2452,0.61,0.76,1.88,nan,nan,nan,0.59,1.15,12.46,6.84,0.88,18.54,16.71
design_2453,0.58,0.77,1.55,nan,nan,nan,0.55,1.0,13.12,7.15,0.89,11.8,12.01
design_2454,0.42,0.66,1.6,nan,nan,nan,0.53,0.96,13.39,7.26,0.88,22.71,20.72
design_2455,0.47,0.68,1.35,nan,nan,nan,0.5,0.86,11.88,6.57,0.88,22.01,21.41
design_2456,0.67,0.77,2.59,nan,nan,nan,0.91,1.83,15.62,8.42,0.87,17.49,12.69
design_2457,0.79,0.85,2.55,nan,nan,nan,0.91,1.83,15.24,8.27,0.87,20.08,13.19
design_2458,0.81,0.82,2.45,nan,nan,nan,0.88,1.77,15.78,8.49,0.87,10.85,11.19
design_2459,0.9,0.76,1.69,nan,nan,nan,0.7,1.3,15.09,8.32,0.86,13.24,13.41
design_2460,0.89,0.81,2.31,nan,nan,nan,0.86,1.68,12.6,7.13,0.86,9.73,10.5
design_2461,0.66,0.79,2.35,nan,nan,nan,0.84,1.68,15.91,8.52,0.88,18.32,11.84
design_2462,0.7,0.82,2.94,nan,nan,nan,1.01,2.07,15.43,8.32,0.87,11.03,11.01
design_2463,0.71,0.7,2.12,nan,nan,nan,0.78,1.53,15.75,8.45,0.87,13.5,7.87
design_2464,0.62,0.47,0.59,nan,nan,nan,0.43,0.57,16.44,8.47,0.9,20.32,16.51
design_2465,0.6,0.56,0.92,nan,nan,nan,0.52,0.77,16.57,8.5,0.9,15.56,14.53
design_2466,0.47,0.71,0.76,nan,nan,nan,0.49,0.68,15.62,8.03,0.9,22.08,25.43
design_2467,0.42,0.6,0.59,nan,nan,nan,0.44,0.55,15.95,8.23,0.9,14.86,12.41
design_2468,0.46,0.66,0.58,nan,nan,nan,0.44,0.57,15.69,8.07,0.9,14.91,13.47
design_2469,0.55,0.55,0.94,nan,nan,nan,0.5,0.77,16.27,8.38,0.9,19.81,20.2
design_2470,0.46,0.57,0.6,nan,nan,nan,0.44,0.56,16.12,8.31,0.9,18.49,12.56
design_2471,0.4,0.65,0.6,nan,nan,nan,0.43,0.56,16.49,8.45,0.9,14.32,9.85
design_2472,0.47,0.63,1.09,nan,nan,nan,0.47,0.76,12.61,6.76,0.89,22.21,20.04
design_2473,0.54,0.85,1.03,nan,nan,nan,0.52,0.82,12.15,6.74,0.88,6.21,7.07
design_2474,0.52,0.78,1.11,nan,nan,nan,0.48,0.83,11.55,6.42,0.88,23.45,22.57
design_2475,0.48,0.62,0.82,nan,nan,nan,0.47,0.65,11.24,6.19,0.88,23.26,23.05
design_2476,0.51,0.95,1.33,nan,nan,nan,0.55,0.97,12.46,6.78,0.89,23.28,20.84
design_2477,0.44,0.66,0.9,nan,nan,nan,0.43,0.68,11.23,6.14,0.89,24.59,24.34
design_2478,0.6,0.78,3.11,nan,nan,nan,0.84,1.84,13.3,7.49,0.86,23.83,22.71
design_2479,0.41,0.68,0.89,nan,nan,nan,0.44,0.67,13.23,7.03,0.9,18.73,18.02
design_2480,0.74,0.99,1.53,nan,nan,nan,0.56,1.09,12.38,6.92,0.87,23.83,22.69
design_2481,0.84,1.06,1.41,nan,nan,nan,0.58,1.09,9.0,5.33,0.87,4.44,5.92
design_2482,0.77,0.79,1.71,nan,nan,nan,0.59,1.12,12.6,6.96,0.88,12.47,7.39
design_2483,0.78,0.69,1.87,nan,nan,nan,0.62,1.17,13.49,7.38,0.88,12.19,12.63
design_2484,0.66,0.96,1.29,nan,nan,nan,0.54,0.97,12.44,6.91,0.88,23.81,23.23
design_2485,0.61,1.01,1.28,nan,nan,nan,0.54,0.97,11.27,6.4,0.87,23.97,23.95
design_2486,0.73,0.88,2.04,nan,nan,nan,0.65,1.27,7.69,4.76,0.87,5.73,6.52
design_2487,0.75,0.94,2.74,nan,nan,nan,0.75,1.61,13.53,7.4,0.88,20.39,20.86
design_2488,0.59,0.5,1.0,nan,nan,nan,0.53,0.81,12.68,6.96,0.88,2.52,2.49
design_2489,0.58,0.46,1.07,nan,nan,nan,0.54,0.85,12.34,6.81,0.88,3.18,3.16
design_2490,0.77,0.6,1.05,nan,nan,nan,0.56,0.89,7.68,4.83,0.87,3.77,3.5
design_2491,0.65,0.47,0.85,nan,nan,nan,0.5,0.73,12.98,7.1,0.88,11.6,10.91
design_2492,0.57,0.69,0.93,nan,nan,nan,0.52,0.79,12.93,7.08,0.88,3.33,3.32
design_2493,0.64,0.73,2.1,nan,nan,nan,0.84,1.56,4.05,2.97,0.89,5.5,4.82
design_2494,0.59,0.51,1.17,nan,nan,nan,0.57,0.91,12.92,7.11,0.87,2.65,3.0
design_2495,0.57,0.88,0.9,nan,nan,nan,0.51,0.82,14.49,7.74,0.88,19.95,18.99
design_2496,0.62,1.22,1.51,nan,nan,nan,0.63,1.18,10.35,5.82,0.88,3.85,2.97
design_2497,0.62,1.25,1.48,nan,nan,nan,0.64,1.17,6.87,4.22,0.88,2.03,2.3
design_2498,0.61,1.1,1.48,nan,nan,nan,0.62,1.12,13.04,7.04,0.89,22.72,20.93
design_2499,0.67,1.21,1.21,nan,nan,nan,0.59,1.05,13.08,7.0,0.89,23.7,23.44
design_2500,0.69,1.21,1.85,nan,nan,nan,0.68,1.34,12.58,6.94,0.88,24.21,23.31
design_2501,0.71,1.22,1.35,nan,nan,nan,0.62,1.12,15.42,8.08,0.89,17.16,13.1
design_2502,0.75,1.2,1.4,nan,nan,nan,0.62,1.15,11.61,6.38,0.88,3.03,2.13
design_2503,0.76,1.27,1.46,nan,nan,nan,0.66,1.19,9.37,5.31,0.88,2.81,3.13
design_2504,0.4,0.53,0.97,nan,nan,nan,0.43,0.66,2.97,2.35,0.9,1.91,0.97
design_2505,0.44,0.64,1.39,nan,nan,nan,0.55,0.9,4.72,3.23,0.88,1.74,1.95
design_2506,0.47,0.72,1.05,nan,nan,nan,0.48,0.77,5.91,3.79,0.88,1.81,1.89
design_2507,0.98,0.58,1.1,nan,nan,nan,0.57,0.92,7.69,4.5,0.88,2.11,2.4
design_2508,0.76,1.06,0.79,nan,nan,nan,0.53,0.87,6.34,4.04,0.87,2.2,2.35
design_2509,1.01,0.81,1.2,nan,nan,nan,0.6,1.02,5.72,3.66,0.88,2.69,2.43
design_2510,0.92,1.58,0.88,nan,nan,nan,0.6,1.16,10.22,5.8,0.87,24.11,23.62
design_2511,0.98,1.22,1.48,nan,nan,nan,0.66,1.23,7.81,4.68,0.87,3.97,4.98
design_2512,0.41,0.8,1.54,nan,nan,nan,0.5,0.97,10.51,5.97,0.87,24.99,22.37
design_2513,0.74,0.65,1.43,nan,nan,nan,0.53,0.96,13.14,7.23,0.88,18.2,12.74
design_2514,0.8,0.78,1.88,nan,nan,nan,0.59,1.2,12.8,7.01,0.87,14.81,13.08
design_2515,0.47,0.82,1.38,nan,nan,nan,0.49,0.92,11.97,6.7,0.87,22.79,20.49
design_2516,0.63,0.78,1.84,nan,nan,nan,0.57,1.14,11.52,6.44,0.87,23.18,20.19
design_2517,0.4,0.33,2.99,nan,nan,nan,0.74,1.61,6.09,3.94,0.87,5.99,6.09
design_2518,0.66,0.62,1.09,nan,nan,nan,0.47,0.79,8.53,5.15,0.86,6.01,5.75
design_2519,0.47,0.66,1.3,nan,nan,nan,0.47,0.83,11.27,6.35,0.87,23.61,21.72
design_2520,0.61,0.72,0.59,nan,nan,nan,0.46,0.63,15.08,7.88,0.9,22.81,22.64
design_2521,0.74,0.69,4.29,nan,nan,nan,1.43,3.02,12.43,7.11,0.87,13.7,15.69
design_2522,0.49,0.56,1.38,nan,nan,nan,0.58,1.02,14.53,7.61,0.9,21.82,23.67
design_2523,0.54,0.73,0.7,nan,nan,nan,0.46,0.67,15.59,8.11,0.9,14.82,14.31
design_2524,0.69,0.64,1.59,nan,nan,nan,0.67,1.2,14.93,7.79,0.9,15.98,17.37
design_2525,0.48,0.77,1.19,nan,nan,nan,0.55,0.94,13.51,7.17,0.89,21.77,21.24
design_2526,0.38,0.72,1.16,nan,nan,nan,0.52,0.9,14.59,7.63,0.9,18.77,16.76
design_2527,0.49,0.81,0.76,nan,nan,nan,0.47,0.71,15.4,8.0,0.9,17.44,17.88
design_2528,0.38,1.13,1.48,nan,nan,nan,0.59,1.12,12.2,6.57,0.89,16.78,14.94
design_2529,0.39,0.65,1.19,nan,nan,nan,0.51,0.84,15.36,8.01,0.9,22.64,16.29
design_2530,0.56,0.78,1.43,nan,nan,nan,0.55,1.03,13.65,7.25,0.89,11.95,6.94
design_2531,0.62,0.81,1.94,nan,nan,nan,0.66,1.32,12.63,6.83,0.89,8.45,7.02
design_2532,1.34,1.03,1.8,nan,nan,nan,0.73,1.46,6.38,3.95,0.88,18.96,11.38
design_2533,0.77,0.83,1.59,nan,nan,nan,0.61,1.16,15.99,8.38,0.89,34.3,13.51
design_2534,0.64,1.04,1.72,nan,nan,nan,0.65,1.25,13.96,7.38,0.89,16.09,10.6
design_2535,1.05,0.79,1.86,nan,nan,nan,0.68,1.36,12.83,6.93,0.88,13.64,9.09
design_2536,0.77,0.59,1.45,nan,nan,nan,0.53,0.96,13.26,7.25,0.88,17.68,13.85
design_2537,0.61,0.57,1.43,nan,nan,nan,0.51,0.91,12.26,6.78,0.88,22.13,18.83
design_2538,0.66,0.33,1.4,nan,nan,nan,0.51,0.87,11.91,6.62,0.87,13.96,13.56
design_2539,0.68,0.47,1.38,nan,nan,nan,0.5,0.88,12.56,6.97,0.86,11.47,10.68
design_2540,0.65,0.33,1.46,nan,nan,nan,0.49,0.89,11.81,6.57,0.87,24.35,22.22
design_2541,0.62,0.58,1.44,nan,nan,nan,0.51,0.92,12.2,6.75,0.88,22.62,19.75
design_2542,0.61,0.5,1.35,nan,nan,nan,0.49,0.85,12.21,6.77,0.87,18.43,18.08
design_2543,0.55,0.48,0.95,nan,nan,nan,0.44,0.67,10.83,6.16,0.87,7.0,8.36
design_2544,0.57,0.7,1.34,nan,nan,nan,0.6,1.0,15.95,8.57,0.87,3.64,2.86
design_2545,0.68,0.58,4.54,nan,nan,nan,1.4,3.03,15.69,8.44,0.88,21.95,20.88
design_2546,0.86,0.53,2.53,nan,nan,nan,0.87,1.75,15.39,8.28,0.89,16.55,17.24
design_2547,0.85,0.66,1.82,nan,nan,nan,0.72,1.33,15.46,8.44,0.87,5.63,5.48
design_2548,0.83,0.59,3.83,nan,nan,nan,1.21,2.59,15.59,8.41,0.88,12.3,12.54
design_2549,0.94,0.67,3.6,nan,nan,nan,1.16,2.45,15.84,8.48,0.88,9.94,9.64
design_2550,0.78,0.64,2.66,nan,nan,nan,0.92,1.84,15.61,8.51,0.87,16.26,18.39
design_2551,0.83,0.63,2.19,nan,nan,nan,0.8,1.55,15.04,8.0,0.89,21.23,22.02
design_2552,0.45,0.53,1.83,nan,nan,nan,0.7,1.31,11.98,6.88,0.86,19.99,20.88
design_2553,0.45,0.69,1.95,nan,nan,nan,0.73,1.41,11.17,6.51,0.86,19.04,20.11
design_2554,0.46,0.65,1.97,nan,nan,nan,0.75,1.42,13.56,7.46,0.87,19.72,19.61
design_2555,0.54,0.65,2.2,nan,nan,nan,0.81,1.58,11.44,6.7,0.86,19.47,19.56
design_2556,0.74,0.64,1.94,nan,nan,nan,0.75,1.43,10.91,6.29,0.87,20.11,21.04
design_2557,0.45,0.7,1.18,nan,nan,nan,0.53,0.92,17.49,9.35,0.86,27.49,11.99
design_2558,0.5,0.58,1.98,nan,nan,nan,0.75,1.42,12.66,7.22,0.86,19.86,20.46
design_2559,0.54,0.66,1.97,nan,nan,nan,0.75,1.43,11.47,6.64,0.86,19.86,20.61
design_2560,0.57,0.56,1.54,nan,nan,nan,0.61,1.1,12.59,7.08,0.86,3.28,3.72
design_2561,0.69,0.61,2.67,nan,nan,nan,0.89,1.83,13.44,7.37,0.87,6.86,6.72
design_2562,0.62,0.61,1.98,nan,nan,nan,0.72,1.38,12.66,7.12,0.87,5.06,5.46
design_2563,0.65,0.58,1.89,nan,nan,nan,0.7,1.33,13.24,7.31,0.87,5.37,6.25
design_2564,0.63,0.54,2.74,nan,nan,nan,0.91,1.86,14.02,7.59,0.88,3.04,3.38
design_2565,0.59,0.58,2.08,nan,nan,nan,0.74,1.44,13.68,7.5,0.87,5.34,6.26
design_2566,0.64,0.64,1.16,nan,nan,nan,0.54,0.91,11.52,6.52,0.87,3.28,3.21
design_2567,0.57,0.52,1.43,nan,nan,nan,0.59,1.03,11.68,6.6,0.87,2.42,2.28
design_2568,0.6,0.97,1.36,nan,nan,nan,0.62,1.1,16.72,8.77,0.88,25.03,18.75
design_2569,0.52,0.77,1.19,nan,nan,nan,0.57,0.95,14.28,7.51,0.89,22.15,18.17
design_2570,0.6,1.0,6.76,nan,nan,nan,2.19,4.72,13.66,7.74,0.86,15.23,16.35
design_2571,0.49,1.02,1.36,nan,nan,nan,0.61,1.1,16.35,8.64,0.88,18.99,17.58
design_2572,0.67,0.95,6.57,nan,nan,nan,2.13,4.59,13.52,7.66,0.86,17.68,18.5
design_2573,0.59,0.85,0.96,nan,nan,nan,0.54,0.85,13.71,7.28,0.88,22.63,17.34
design_2574,0.64,1.14,7.19,nan,nan,nan,2.32,5.02,12.85,7.21,0.87,18.75,19.53
design_2575,0.47,1.16,1.24,nan,nan,nan,0.6,1.06,16.77,8.91,0.88,20.62,18.06
design_2576,0.64,0.88,2.01,nan,nan,nan,0.63,1.24,12.77,7.07,0.87,13.7,8.42
design_2577,0.43,0.93,2.19,nan,nan,nan,0.64,1.3,13.04,7.2,0.87,15.32,12.53
design_2578,0.47,0.97,2.04,nan,nan,nan,0.63,1.25,11.72,6.58,0.88,10.47,7.57
design_2579,0.49,0.96,2.02,nan,nan,nan,0.63,1.24,12.52,7.0,0.87,21.17,18.97
design_2580,0.74,0.88,2.45,nan,nan,nan,0.71,1.46,12.77,7.11,0.88,22.49,18.42
design_2581,0.69,1.06,1.64,nan,nan,nan,0.63,1.15,12.88,7.17,0.87,10.11,5.81
design_2582,0.66,0.73,1.56,nan,nan,nan,0.57,1.01,9.15,5.44,0.86,5.76,4.17
design_2583,0.58,1.04,1.99,nan,nan,nan,0.63,1.26,13.71,7.54,0.87,17.7,13.15
design_2584,0.73,2.82,2.59,nan,nan,nan,1.05,2.25,15.4,8.07,0.89,33.13,12.35
design_2585,0.46,0.29,2.28,nan,nan,nan,0.72,1.49,6.38,3.96,0.88,3.28,2.89
design_2586,0.66,0.33,2.08,nan,nan,nan,0.68,1.39,14.85,7.75,0.89,10.34,10.23
design_2587,0.5,2.8,1.84,nan,nan,nan,0.89,1.9,4.17,2.93,0.89,1.76,2.4
design_2588,0.47,0.38,1.93,nan,nan,nan,0.64,1.28,11.19,6.12,0.89,2.28,1.79
design_2589,0.44,0.44,2.03,nan,nan,nan,0.67,1.34,4.22,3.01,0.89,1.85,1.61
design_2590,0.44,0.72,2.0,nan,nan,nan,0.67,1.35,11.35,6.27,0.88,3.68,2.31
design_2591,0.65,0.29,2.11,nan,nan,nan,0.69,1.41,12.08,6.49,0.89,25.09,22.65
design_2592,0.53,0.58,1.97,nan,nan,nan,0.72,1.37,10.66,6.12,0.87,13.71,10.03
design_2593,0.63,0.56,1.85,nan,nan,nan,0.69,1.3,10.14,5.85,0.87,15.15,13.58
design_2594,0.61,0.76,2.1,nan,nan,nan,0.75,1.48,12.31,6.86,0.87,15.29,12.87
design_2595,0.57,0.57,1.72,nan,nan,nan,0.65,1.21,10.35,5.96,0.87,14.02,10.9
design_2596,0.63,0.72,1.76,nan,nan,nan,0.67,1.26,11.17,6.35,0.87,15.33,13.22
design_2597,0.71,0.75,1.86,nan,nan,nan,0.7,1.34,10.1,5.86,0.87,15.87,14.96
design_2598,0.5,0.71,1.82,nan,nan,nan,0.69,1.28,11.02,6.29,0.87,14.76,12.76
design_2599,0.53,0.59,1.97,nan,nan,nan,0.73,1.37,9.83,5.73,0.87,14.62,10.78
design_2600,0.6,0.54,1.28,nan,nan,nan,0.52,0.93,12.31,6.65,0.89,23.95,23.33
design_2601,0.57,0.53,1.72,nan,nan,nan,0.61,1.18,13.68,7.25,0.89,9.13,5.74
design_2602,0.65,0.94,1.93,nan,nan,nan,0.69,1.38,12.87,6.99,0.88,24.18,23.29
design_2603,0.62,0.94,1.91,nan,nan,nan,0.68,1.36,13.91,7.35,0.9,24.77,22.43
design_2604,0.69,0.45,1.95,nan,nan,nan,0.67,1.33,13.03,7.01,0.89,25.64,22.76
design_2605,0.42,0.79,1.84,nan,nan,nan,0.65,1.27,12.35,6.69,0.89,23.95,23.02
design_2606,0.52,0.66,1.62,nan,nan,nan,0.6,1.13,14.21,7.58,0.88,14.83,10.7
design_2607,0.64,0.58,1.76,nan,nan,nan,0.64,1.22,13.56,7.21,0.89,14.22,9.79
design_2608,0.65,0.44,0.98,nan,nan,nan,0.51,0.79,12.23,6.88,0.87,11.34,9.04
design_2609,0.74,0.66,2.12,nan,nan,nan,0.79,1.56,15.86,8.69,0.86,16.62,7.63
design_2610,0.44,0.37,0.71,nan,nan,nan,0.43,0.58,13.78,7.35,0.88,18.74,19.98
design_2611,0.54,0.32,0.71,nan,nan,nan,0.44,0.59,15.58,8.22,0.88,10.73,8.83
design_2612,0.49,0.43,0.93,nan,nan,nan,0.49,0.73,13.89,7.51,0.88,9.96,5.54
design_2613,0.89,0.37,2.16,nan,nan,nan,0.81,1.58,14.77,8.22,0.86,11.91,12.04
design_2614,0.42,0.36,0.98,nan,nan,nan,0.48,0.73,14.18,7.64,0.87,13.21,13.55
design_2615,0.73,0.32,1.17,nan,nan,nan,0.55,0.91,18.02,9.5,0.88,23.44,16.64
design_2616,0.55,0.38,1.08,nan,nan,nan,0.51,0.75,6.72,4.08,0.89,47.63,23.44
design_2617,0.42,0.62,1.2,nan,nan,nan,0.47,0.82,8.98,5.14,0.88,1.17,1.31
design_2618,0.55,0.66,1.35,nan,nan,nan,0.53,0.94,11.47,6.29,0.88,23.1,21.61
design_2619,0.48,0.86,2.27,nan,nan,nan,0.7,1.45,9.76,5.66,0.87,2.79,2.23
design_2620,0.54,0.46,1.66,nan,nan,nan,0.56,1.06,12.05,6.48,0.9,24.56,23.14
design_2621,0.66,0.8,2.68,nan,nan,nan,0.8,1.69,8.72,5.14,0.87,5.01,5.91
design_2622,0.63,0.57,1.82,nan,nan,nan,0.62,1.18,11.45,6.28,0.89,24.67,23.2
design_2623,0.61,0.83,1.28,nan,nan,nan,0.54,0.95,13.46,7.2,0.89,13.16,7.59
design_2624,0.98,1.01,1.49,nan,nan,nan,0.6,1.16,12.74,7.05,0.87,18.9,14.75
design_2625,0.65,1.15,1.2,nan,nan,nan,0.55,1.0,12.1,6.72,0.88,18.76,17.33
design_2626,0.97,1.06,1.92,nan,nan,nan,0.66,1.33,12.95,7.11,0.88,16.32,13.61
design_2627,0.86,1.01,1.4,nan,nan,nan,0.58,1.08,14.34,7.75,0.89,19.17,15.73
design_2628,0.62,1.09,1.46,nan,nan,nan,0.57,1.07,14.41,7.74,0.89,16.86,13.02
design_2629,0.59,0.95,1.37,nan,nan,nan,0.56,0.98,13.07,7.17,0.88,18.7,10.79
design_2630,0.64,1.12,1.46,nan,nan,nan,0.57,1.08,14.42,7.74,0.89,20.99,16.16
design_2631,0.56,1.16,1.24,nan,nan,nan,0.55,1.0,12.2,6.77,0.88,21.6,19.14
design_2632,0.35,1.06,0.78,nan,nan,nan,0.49,0.77,8.65,5.03,0.87,2.47,3.03
design_2633,0.37,1.0,0.73,nan,nan,nan,0.47,0.73,9.66,5.5,0.88,3.03,3.76
design_2634,0.59,0.84,1.44,nan,nan,nan,0.56,1.0,8.4,5.11,0.86,3.32,4.38
design_2635,0.4,1.21,0.98,nan,nan,nan,0.51,0.91,7.06,4.5,0.86,1.04,1.38
design_2636,0.49,1.29,1.1,nan,nan,nan,0.55,1.0,12.51,6.88,0.88,17.27,15.48
design_2637,0.34,1.0,0.8,nan,nan,nan,0.47,0.75,9.23,5.29,0.87,1.71,2.3
design_2638,0.35,1.07,0.92,nan,nan,nan,0.5,0.82,10.97,6.09,0.89,3.93,5.24
design_2639,0.31,0.82,0.79,nan,nan,nan,0.44,0.67,3.13,2.44,0.9,1.5,1.96
design_2640,0.6,0.68,0.7,nan,nan,nan,0.47,0.67,15.48,7.97,0.9,22.16,21.91
design_2641,0.57,0.65,0.68,nan,nan,nan,0.47,0.64,16.0,8.19,0.9,19.64,21.45
design_2642,0.64,0.66,0.69,nan,nan,nan,0.48,0.67,15.36,8.01,0.89,20.58,23.74
design_2643,0.66,0.67,0.69,nan,nan,nan,0.49,0.68,16.31,8.27,0.91,19.68,20.53
design_2644,0.62,0.72,0.74,nan,nan,nan,0.49,0.71,15.79,8.08,0.91,22.9,26.4
design_2645,0.55,0.73,0.7,nan,nan,nan,0.47,0.67,15.57,8.01,0.9,19.06,16.58
design_2646,0.58,0.71,0.7,nan,nan,nan,0.47,0.67,15.13,7.78,0.9,21.69,23.53
design_2647,0.82,0.81,0.66,nan,nan,nan,0.5,0.74,15.39,7.89,0.9,23.06,27.22
design_2648,1.03,0.71,1.2,nan,nan,nan,0.59,1.05,17.25,9.44,0.84,11.63,12.1
design_2649,0.7,0.62,2.07,nan,nan,nan,0.8,1.51,15.54,8.75,0.84,16.37,18.27
design_2650,0.91,0.59,1.78,nan,nan,nan,0.74,1.35,8.15,5.18,0.86,22.82,24.25
design_2651,0.62,0.69,2.78,nan,nan,nan,0.99,1.98,16.14,8.84,0.87,22.25,25.6
design_2652,0.67,0.58,2.31,nan,nan,nan,0.84,1.67,15.05,8.42,0.85,9.84,9.84
design_2653,0.56,0.69,1.25,nan,nan,nan,0.58,0.98,17.47,9.34,0.85,17.35,10.46
design_2654,0.4,0.65,1.89,nan,nan,nan,0.75,1.37,11.55,6.65,0.86,16.94,17.73
design_2655,0.7,0.86,1.65,nan,nan,nan,0.69,1.27,17.54,9.38,0.86,18.13,18.59
design_2656,0.73,0.38,4.2,nan,nan,nan,1.29,2.8,14.98,8.16,0.88,5.87,5.29
design_2657,0.77,0.35,4.16,nan,nan,nan,1.28,2.78,13.29,7.52,0.87,25.36,22.22
design_2658,0.57,0.44,2.41,nan,nan,nan,0.81,1.64,11.96,6.71,0.87,24.94,24.51
design_2659,0.58,0.3,2.0,nan,nan,nan,0.7,1.36,12.21,6.9,0.87,25.13,24.63
design_2660,0.88,0.26,4.39,nan,nan,nan,1.35,2.94,13.16,7.41,0.87,24.83,22.85
design_2661,0.41,2.58,2.02,nan,nan,nan,0.92,1.89,13.0,7.21,0.88,25.26,23.34
design_2662,0.74,0.32,2.43,nan,nan,nan,0.81,1.66,13.39,7.34,0.88,18.37,13.04
design_2663,0.66,0.3,2.89,nan,nan,nan,0.93,1.94,14.75,8.14,0.87,24.24,19.89
design_2664,0.65,1.07,1.65,nan,nan,nan,0.63,1.23,14.01,7.41,0.89,16.1,11.51
design_2665,0.54,0.65,1.18,nan,nan,nan,0.51,0.87,10.52,5.82,0.88,2.2,1.59
design_2666,0.56,0.73,1.72,nan,nan,nan,0.61,1.17,14.17,7.53,0.89,4.14,2.5
design_2667,0.71,0.97,1.48,nan,nan,nan,0.6,1.13,12.98,6.98,0.89,22.0,23.44
design_2668,0.57,0.62,1.03,nan,nan,nan,0.49,0.79,11.87,6.49,0.89,2.18,1.94
design_2669,0.43,0.8,1.36,nan,nan,nan,0.54,0.97,12.05,6.54,0.89,1.41,2.05
design_2670,0.53,0.81,1.78,nan,nan,nan,0.64,1.22,12.09,6.56,0.89,11.94,13.87
design_2671,0.63,0.76,1.26,nan,nan,nan,0.53,0.95,12.17,6.58,0.89,2.67,2.86
design_2672,0.63,0.45,0.91,nan,nan,nan,0.47,0.67,11.37,6.34,0.89,23.97,22.24
design_2673,0.81,0.41,0.85,nan,nan,nan,0.47,0.72,11.0,6.14,0.88,24.41,23.91
design_2674,0.73,0.58,1.74,nan,nan,nan,0.6,1.08,10.21,5.71,0.88,23.28,20.53
design_2675,0.9,0.74,1.6,nan,nan,nan,0.6,1.1,11.3,6.34,0.88,22.63,20.66
design_2676,0.75,0.74,1.73,nan,nan,nan,0.59,1.11,11.19,6.19,0.89,24.42,23.01
design_2677,0.67,0.55,1.21,nan,nan,nan,0.51,0.82,13.94,7.59,0.88,25.26,21.05
design_2678,0.77,0.73,1.75,nan,nan,nan,0.6,1.12,9.86,5.58,0.88,24.02,23.99
design_2679,1.07,2.96,0.9,nan,nan,nan,0.86,1.9,12.8,7.05,0.89,24.74,21.62
design_2680,0.59,0.56,0.67,nan,nan,nan,0.46,0.62,15.87,8.15,0.9,13.59,14.18
design_2681,0.61,0.66,0.65,nan,nan,nan,0.48,0.64,15.92,8.18,0.9,15.19,11.86
design_2682,0.67,0.67,0.75,nan,nan,nan,0.51,0.71,14.81,7.66,0.9,17.74,12.58
design_2683,0.6,0.68,0.86,nan,nan,nan,0.49,0.76,16.09,8.32,0.9,14.28,12.02
design_2684,0.73,0.64,0.88,nan,nan,nan,0.52,0.79,14.63,7.63,0.9,21.15,13.25
design_2685,0.48,0.52,0.69,nan,nan,nan,0.46,0.6,15.59,8.04,0.9,14.26,11.29
design_2686,0.76,0.71,0.75,nan,nan,nan,0.51,0.74,15.24,7.92,0.9,15.28,11.45
design_2687,0.54,0.6,0.64,nan,nan,nan,0.46,0.6,15.44,8.03,0.9,13.54,13.19
design_2688,0.41,0.55,0.62,nan,nan,nan,0.43,0.56,16.45,8.43,0.9,22.49,12.8
design_2689,0.51,0.57,0.65,nan,nan,nan,0.43,0.59,16.26,8.37,0.9,10.4,13.34
design_2690,0.46,0.63,0.6,nan,nan,nan,0.42,0.58,15.67,8.13,0.9,21.59,18.81
design_2691,0.52,0.68,0.75,nan,nan,nan,0.47,0.68,15.65,8.07,0.9,18.25,17.63
design_2692,0.64,0.76,0.65,nan,nan,nan,0.46,0.67,15.24,8.04,0.89,22.97,11.57
design_2693,0.6,0.75,0.62,nan,nan,nan,0.45,0.65,15.9,8.21,0.9,26.61,16.15
design_2694,0.56,0.61,0.66,nan,nan,nan,0.45,0.63,15.29,7.99,0.9,15.9,15.25
design_2695,0.54,0.64,0.71,nan,nan,nan,0.46,0.65,15.2,7.85,0.9,13.58,10.49
design_2696,0.72,0.84,1.14,nan,nan,nan,0.52,0.93,14.84,7.87,0.89,14.81,10.58
design_2697,0.72,1.05,0.97,nan,nan,nan,0.51,0.92,14.9,7.81,0.9,24.58,21.28
design_2698,0.6,0.81,0.87,nan,nan,nan,0.48,0.77,10.57,5.9,0.88,3.65,2.37
design_2699,0.67,0.81,1.2,nan,nan,nan,0.51,0.94,11.06,6.05,0.89,24.2,23.93
design_2700,0.58,1.67,0.75,nan,nan,nan,0.57,1.06,3.47,2.72,0.89,1.5,0.87
design_2701,0.68,0.85,1.05,nan,nan,nan,0.5,0.89,11.02,6.06,0.89,23.94,23.62
design_2702,0.62,1.64,1.02,nan,nan,nan,0.6,1.14,5.2,3.53,0.88,2.59,1.28
design_2703,0.69,1.05,1.17,nan,nan,nan,0.53,1.0,10.58,5.84,0.89,24.6,24.85
design_2704,0.97,0.57,1.11,nan,nan,nan,0.53,0.95,5.67,4.08,0.86,3.96,4.63
design_2705,1.06,0.51,1.81,nan,nan,nan,0.69,1.35,4.79,3.59,0.87,4.98,6.04
design_2706,0.97,0.55,1.63,nan,nan,nan,0.67,1.23,6.11,4.23,0.86,5.3,6.73
design_2707,1.22,0.58,1.41,nan,nan,nan,0.65,1.18,5.66,3.98,0.86,6.21,7.99
design_2708,0.98,0.6,1.72,nan,nan,nan,0.67,1.3,9.6,5.88,0.85,1.95,1.38
design_2709,1.05,0.65,1.58,nan,nan,nan,0.64,1.24,5.55,3.93,0.86,5.47,7.2
design_2710,0.93,0.56,1.24,nan,nan,nan,0.59,1.01,5.36,3.82,0.86,5.24,6.37
design_2711,1.0,0.52,1.37,nan,nan,nan,0.63,1.09,6.31,4.31,0.85,3.38,2.69
design_2712,0.71,0.89,1.34,nan,nan,nan,0.57,0.98,6.77,4.42,0.86,5.27,4.1
design_2713,0.75,0.93,1.44,nan,nan,nan,0.57,1.04,11.0,6.32,0.86,4.69,3.65
design_2714,0.68,1.07,1.21,nan,nan,nan,0.56,0.98,11.21,6.48,0.86,4.47,4.47
design_2715,0.82,0.64,1.74,nan,nan,nan,0.59,1.11,9.66,5.62,0.87,20.32,21.43
design_2716,0.69,0.9,2.05,nan,nan,nan,0.65,1.28,12.09,6.8,0.88,10.73,11.84
design_2717,0.92,0.83,1.68,nan,nan,nan,0.6,1.16,12.47,6.99,0.88,11.04,12.93
design_2718,0.97,1.04,1.89,nan,nan,nan,0.67,1.31,11.5,6.54,0.87,5.12,5.02
design_2719,0.86,0.72,1.75,nan,nan,nan,0.59,1.14,10.83,6.18,0.88,20.36,20.27
design_2720,0.97,1.42,1.82,nan,nan,nan,0.72,1.47,15.02,7.94,0.89,17.19,14.95
design_2721,0.56,1.51,0.92,nan,nan,nan,0.57,1.04,4.69,3.36,0.87,1.65,1.48
design_2722,0.67,0.83,0.81,nan,nan,nan,0.5,0.77,4.04,3.02,0.88,1.01,0.71
design_2723,0.67,0.51,1.16,nan,nan,nan,0.52,0.86,5.34,3.6,0.87,3.02,2.91
design_2724,0.56,0.89,0.95,nan,nan,nan,0.5,0.82,4.3,3.1,0.88,2.68,1.96
design_2725,0.64,1.05,0.61,nan,nan,nan,0.47,0.77,3.92,2.91,0.89,1.46,1.1
design_2726,0.58,0.51,0.71,nan,nan,nan,0.45,0.61,4.72,3.31,0.88,3.02,1.93
design_2727,0.98,1.51,1.71,nan,nan,nan,0.7,1.44,15.57,8.11,0.9,25.13,11.03
design_2728,0.64,0.69,1.59,nan,nan,nan,0.62,1.16,13.24,7.28,0.88,3.25,3.8
design_2729,0.76,0.6,4.14,nan,nan,nan,1.28,2.78,12.58,7.19,0.86,3.55,4.62
design_2730,0.62,0.63,2.05,nan,nan,nan,0.72,1.43,14.11,7.5,0.89,5.52,6.52
design_2731,0.62,0.66,1.5,nan,nan,nan,0.6,1.1,13.68,7.47,0.88,2.42,2.46
design_2732,0.69,0.61,5.73,nan,nan,nan,1.72,3.81,15.09,8.37,0.87,4.83,6.47
design_2733,0.63,0.64,1.5,nan,nan,nan,0.61,1.1,14.37,7.84,0.88,3.26,2.54
design_2734,0.66,0.66,1.37,nan,nan,nan,0.59,1.03,13.93,7.66,0.87,2.15,1.9
design_2735,0.75,0.74,1.52,nan,nan,nan,0.62,1.15,14.22,7.77,0.88,1.76,1.98
design_2736,0.76,0.79,0.49,nan,nan,nan,0.48,0.66,14.88,7.77,0.9,16.73,15.68
design_2737,0.54,0.72,0.63,nan,nan,nan,0.48,0.63,11.62,6.22,0.9,17.15,16.38
design_2738,0.76,0.84,0.73,nan,nan,nan,0.53,0.77,12.86,6.85,0.89,15.8,13.98
design_2739,0.81,0.59,0.78,nan,nan,nan,0.51,0.75,13.42,7.08,0.9,10.25,9.03
design_2740,0.62,0.64,0.65,nan,nan,nan,0.5,0.64,11.9,6.36,0.9,15.12,12.71
design_2741,0.6,0.68,0.48,nan,nan,nan,0.46,0.57,12.13,6.51,0.89,16.66,14.82
design_2742,0.58,0.74,0.66,nan,nan,nan,0.48,0.66,13.77,7.27,0.89,17.16,17.0
design_2743,0.63,0.68,0.5,nan,nan,nan,0.47,0.59,13.85,7.24,0.9,15.4,14.27
design_2744,1.05,0.41,1.47,nan,nan,nan,0.55,1.07,11.92,6.52,0.87,24.47,21.06
design_2745,0.63,0.49,1.57,nan,nan,nan,0.54,1.0,13.1,7.03,0.89,18.97,18.06
design_2746,0.6,0.41,1.37,nan,nan,nan,0.51,0.88,13.26,7.07,0.89,14.76,9.41
design_2747,0.63,0.39,1.36,nan,nan,nan,0.51,0.88,12.32,6.66,0.88,9.08,5.6
design_2748,1.07,0.49,1.52,nan,nan,nan,0.58,1.11,12.45,6.81,0.88,17.99,16.46
design_2749,1.17,0.51,0.77,nan,nan,nan,0.51,0.88,5.21,3.54,0.87,4.32,4.45
design_2750,1.02,0.31,0.95,nan,nan,nan,0.5,0.84,7.72,4.65,0.87,3.77,2.34
design_2751,0.71,0.47,0.95,nan,nan,nan,0.49,0.74,6.55,3.97,0.88,25.74,23.52
design_2752,0.41,0.51,0.68,nan,nan,nan,0.41,0.54,5.61,3.69,0.88,3.55,3.55
design_2753,0.39,0.37,0.64,nan,nan,nan,0.4,0.48,9.3,5.26,0.88,6.7,9.21
design_2754,0.39,0.56,0.99,nan,nan,nan,0.46,0.68,11.81,6.46,0.89,4.01,3.65
design_2755,0.39,0.41,0.43,nan,nan,nan,0.39,0.41,4.7,3.2,0.88,4.77,5.7
design_2756,0.36,0.33,0.52,nan,nan,nan,0.38,0.41,5.24,3.4,0.88,4.89,5.98
design_2757,0.44,0.43,0.72,nan,nan,nan,0.41,0.54,5.41,3.53,0.88,3.31,3.15
design_2758,0.28,0.33,1.09,nan,nan,nan,0.44,0.66,8.71,5.06,0.87,3.63,3.89
design_2759,0.84,0.72,0.65,nan,nan,nan,0.47,0.75,6.85,4.27,0.87,3.53,3.93
design_2760,0.48,0.45,1.3,nan,nan,nan,0.51,0.83,11.16,6.11,0.88,23.12,20.66
design_2761,0.53,0.34,1.38,nan,nan,nan,0.52,0.86,10.74,5.94,0.88,24.02,21.47
design_2762,0.48,0.61,1.34,nan,nan,nan,0.52,0.88,11.11,6.08,0.88,24.88,22.13
design_2763,0.91,0.53,1.56,nan,nan,nan,0.58,1.08,11.65,6.39,0.88,21.67,19.73
design_2764,0.71,0.41,1.23,nan,nan,nan,0.51,0.84,9.64,5.42,0.88,25.55,23.29
design_2765,0.51,0.68,1.39,nan,nan,nan,0.53,0.92,10.08,5.61,0.88,25.1,22.75
design_2766,0.44,0.44,1.3,nan,nan,nan,0.51,0.81,11.0,6.05,0.88,25.45,22.62
design_2767,0.74,0.59,1.48,nan,nan,nan,0.53,1.0,11.89,6.47,0.89,19.85,19.02
design_2768,0.62,0.64,0.76,nan,nan,nan,0.48,0.69,16.33,8.32,0.9,17.76,18.55
design_2769,0.54,0.48,0.59,nan,nan,nan,0.44,0.56,16.75,8.5,0.91,20.04,19.79
design_2770,0.61,0.54,0.7,nan,nan,nan,0.48,0.64,15.86,8.09,0.91,21.89,22.21
design_2771,0.61,0.59,0.71,nan,nan,nan,0.46,0.66,15.92,8.16,0.9,15.94,15.76
design_2772,0.7,0.51,0.66,nan,nan,nan,0.47,0.64,16.9,8.6,0.91,23.7,21.16
design_2773,0.72,0.55,0.58,nan,nan,nan,0.46,0.61,17.14,8.8,0.9,22.6,22.46
design_2774,0.44,0.53,0.63,nan,nan,nan,0.44,0.56,16.53,8.42,0.91,20.79,22.16
design_2775,0.68,0.57,0.61,nan,nan,nan,0.46,0.62,16.72,8.48,0.91,19.56,21.07
design_2776,0.63,0.46,2.18,nan,nan,nan,0.81,1.56,15.19,8.29,0.87,12.51,14.51
design_2777,0.82,0.58,2.91,nan,nan,nan,1.03,2.08,17.09,9.17,0.88,16.09,14.86
design_2778,0.68,0.4,2.89,nan,nan,nan,1.01,2.04,14.83,8.12,0.87,17.57,20.43
design_2779,0.61,0.58,2.54,nan,nan,nan,0.91,1.81,13.6,7.53,0.87,15.82,18.12
design_2780,0.62,0.54,2.76,nan,nan,nan,0.98,1.96,15.15,8.26,0.87,11.95,13.16
design_2781,0.4,0.6,1.73,nan,nan,nan,0.7,1.25,11.21,6.29,0.87,20.84,22.15
design_2782,0.67,0.46,2.8,nan,nan,nan,0.98,1.98,14.83,8.21,0.86,19.5,20.23
design_2783,0.51,0.49,2.09,nan,nan,nan,0.77,1.5,16.23,8.7,0.88,15.82,18.42
design_2784,0.39,0.51,0.85,nan,nan,nan,0.48,0.62,11.06,6.09,0.89,4.12,4.95
design_2785,0.51,0.51,0.81,nan,nan,nan,0.48,0.63,12.77,6.88,0.89,24.74,24.4
design_2786,0.34,0.41,0.95,nan,nan,nan,0.44,0.64,14.25,7.52,0.9,8.94,5.72
design_2787,0.35,0.4,0.97,nan,nan,nan,0.47,0.65,10.7,5.9,0.88,24.35,25.66
design_2788,0.43,0.54,1.14,nan,nan,nan,0.48,0.78,13.43,7.18,0.89,13.29,15.54
design_2789,0.55,0.47,0.84,nan,nan,nan,0.47,0.65,13.97,7.38,0.9,12.79,8.99
design_2790,0.95,0.89,2.11,nan,nan,nan,0.72,1.46,13.04,7.02,0.89,23.42,23.47
design_2791,0.62,0.62,0.85,nan,nan,nan,0.49,0.71,13.37,7.15,0.89,20.62,23.15
design_2792,0.64,0.92,1.78,nan,nan,nan,0.66,1.26,13.76,7.26,0.89,12.27,7.32
design_2793,0.63,1.04,1.81,nan,nan,nan,0.66,1.3,14.3,7.52,0.89,20.08,19.79
design_2794,0.53,0.97,1.44,nan,nan,nan,0.58,1.07,14.49,7.59,0.9,2.76,3.38
design_2795,0.55,0.97,1.45,nan,nan,nan,0.6,1.08,11.37,6.19,0.89,3.15,2.28
design_2796,0.54,1.07,1.12,nan,nan,nan,0.53,0.95,12.64,6.78,0.89,2.66,3.19
design_2797,0.5,0.9,1.34,nan,nan,nan,0.58,1.0,8.14,4.73,0.88,2.68,1.51
design_2798,0.63,1.01,1.76,nan,nan,nan,0.66,1.26,14.01,7.34,0.9,16.91,10.38
design_2799,0.72,0.94,1.69,nan,nan,nan,0.64,1.23,14.09,7.42,0.89,23.01,21.15
design_2800,0.79,0.68,1.08,nan,nan,nan,0.56,0.91,10.35,5.96,0.87,3.2,2.44
design_2801,0.61,0.51,2.11,nan,nan,nan,0.74,1.46,12.77,7.16,0.87,2.65,2.75
design_2802,0.6,0.62,0.81,nan,nan,nan,0.48,0.7,10.26,5.95,0.86,7.79,8.96
design_2803,0.69,0.59,1.95,nan,nan,nan,0.72,1.38,13.15,7.31,0.87,12.37,10.98
design_2804,0.9,0.57,1.89,nan,nan,nan,0.73,1.37,11.09,6.28,0.87,2.54,2.06
design_2805,0.81,0.64,1.94,nan,nan,nan,0.73,1.4,12.0,6.86,0.86,2.92,2.55
design_2806,0.55,0.55,1.55,nan,nan,nan,0.61,1.1,12.65,7.0,0.87,4.87,3.39
design_2807,0.88,0.6,1.64,nan,nan,nan,0.66,1.22,12.66,7.15,0.86,2.58,3.42
design_2808,0.58,0.74,1.92,nan,nan,nan,0.72,1.39,17.21,9.12,0.88,23.6,20.71
design_2809,0.58,0.54,1.68,nan,nan,nan,0.65,1.21,16.97,8.74,0.89,31.75,16.38
design_2810,0.8,0.55,1.57,nan,nan,nan,0.63,1.18,16.37,8.54,0.88,28.26,18.67
design_2811,0.7,0.74,2.16,nan,nan,nan,0.79,1.55,12.16,6.55,0.89,22.04,20.53
design_2812,0.5,0.58,3.74,nan,nan,nan,1.21,2.56,13.31,7.5,0.86,21.38,19.24
design_2813,0.55,0.62,2.13,nan,nan,nan,0.77,1.5,14.35,7.83,0.88,18.45,15.17
design_2814,0.82,0.76,1.74,nan,nan,nan,0.7,1.31,15.11,8.09,0.89,20.39,19.68
design_2815,0.59,0.63,1.99,nan,nan,nan,0.74,1.42,13.42,7.28,0.89,22.67,24.9
design_2816,0.64,0.78,1.87,nan,nan,nan,0.7,1.31,13.58,7.21,0.89,7.67,7.93
design_2817,0.74,0.79,2.04,nan,nan,nan,0.75,1.43,9.68,5.49,0.87,1.46,1.7
design_2818,0.5,0.76,1.72,nan,nan,nan,0.63,1.2,11.04,6.07,0.88,5.37,6.21
design_2819,0.68,0.8,2.16,nan,nan,nan,0.74,1.5,14.54,7.65,0.89,15.24,14.11
design_2820,0.61,0.74,2.23,nan,nan,nan,0.76,1.52,9.66,5.45,0.88,1.53,1.83
design_2821,0.6,0.69,2.25,nan,nan,nan,0.76,1.52,13.21,7.02,0.89,14.59,14.78
design_2822,0.48,0.71,2.03,nan,nan,nan,0.73,1.38,5.68,3.63,0.88,4.31,2.27
design_2823,0.61,0.74,2.41,nan,nan,nan,0.79,1.62,9.54,5.39,0.88,2.03,1.64
design_2824,0.75,0.73,0.68,nan,nan,nan,0.49,0.71,12.78,6.9,0.88,3.47,2.16
design_2825,0.69,0.81,0.64,nan,nan,nan,0.48,0.7,12.02,6.5,0.88,3.02,2.1
design_2826,0.67,0.65,0.77,nan,nan,nan,0.47,0.71,11.1,6.09,0.89,20.15,22.42
design_2827,0.76,0.64,0.69,nan,nan,nan,0.48,0.7,13.23,7.11,0.89,2.98,2.37
design_2828,0.57,0.69,0.73,nan,nan,nan,0.46,0.67,15.34,8.07,0.89,15.28,17.22
design_2829,0.73,0.63,1.09,nan,nan,nan,0.52,0.87,16.46,8.55,0.9,25.5,19.57
design_2830,0.77,0.73,0.65,nan,nan,nan,0.48,0.71,14.56,7.77,0.88,23.33,13.69
design_2831,0.72,0.64,0.69,nan,nan,nan,0.46,0.69,15.25,8.01,0.9,16.64,18.15
design_2832,0.69,0.82,2.9,nan,nan,nan,1.03,2.08,16.34,8.77,0.87,18.16,21.71
design_2833,0.77,0.85,4.23,nan,nan,nan,1.43,2.99,18.16,9.53,0.88,23.17,11.91
design_2834,0.73,0.81,2.3,nan,nan,nan,0.87,1.69,15.55,8.26,0.88,16.07,18.38
design_2835,0.75,0.85,2.55,nan,nan,nan,0.94,1.86,17.24,9.21,0.88,18.46,20.36
design_2836,0.89,0.79,4.09,nan,nan,nan,1.39,2.9,17.91,9.34,0.89,17.52,10.28
design_2837,0.7,0.85,4.05,nan,nan,nan,1.37,2.86,18.39,9.65,0.88,27.41,10.77
design_2838,0.66,0.87,4.49,nan,nan,nan,1.49,3.16,17.05,9.03,0.88,12.39,11.52
design_2839,0.78,0.77,3.38,nan,nan,nan,1.18,2.41,15.97,8.63,0.87,18.77,21.4
design_2840,0.6,0.63,1.27,nan,nan,nan,0.59,0.98,15.07,8.03,0.88,21.03,15.44
design_2841,0.48,0.67,3.21,nan,nan,nan,1.09,2.26,11.84,6.6,0.88,21.01,20.55
design_2842,0.62,0.82,3.34,nan,nan,nan,1.15,2.37,10.67,6.08,0.87,20.46,20.47
design_2843,0.57,0.59,0.99,nan,nan,nan,0.53,0.81,15.34,8.08,0.89,15.48,8.93
design_2844,0.56,0.94,3.15,nan,nan,nan,1.09,2.25,13.59,7.37,0.88,18.76,18.2
design_2845,0.56,0.69,3.08,nan,nan,nan,1.06,2.18,13.23,7.15,0.88,19.56,19.3
design_2846,0.61,0.62,2.58,nan,nan,nan,0.92,1.84,12.94,7.14,0.87,21.15,21.17
design_2847,0.57,0.88,2.16,nan,nan,nan,0.82,1.59,9.59,5.35,0.89,21.19,14.05
design_2848,0.76,1.23,1.07,nan,nan,nan,0.55,1.03,8.33,5.04,0.87,3.0,3.76
design_2849,0.57,1.16,2.57,nan,nan,nan,0.72,1.55,12.84,7.06,0.88,14.76,15.13
design_2850,0.74,1.13,1.31,nan,nan,nan,0.56,1.06,11.96,6.7,0.88,23.76,23.58
design_2851,0.65,1.12,1.29,nan,nan,nan,0.55,1.02,12.85,7.08,0.88,23.47,22.89
design_2852,0.55,1.05,1.18,nan,nan,nan,0.52,0.94,13.18,7.24,0.87,23.98,23.17
design_2853,0.61,1.14,1.28,nan,nan,nan,0.54,1.02,11.66,6.55,0.88,23.68,23.75
design_2854,0.68,1.07,1.28,nan,nan,nan,0.55,1.0,13.04,7.16,0.88,22.15,19.99
design_2855,0.55,1.13,1.31,nan,nan,nan,0.54,1.01,12.81,7.07,0.88,23.53,23.07
design_2856,0.43,0.95,0.76,nan,nan,nan,0.47,0.74,14.3,7.54,0.89,12.59,12.46
design_2857,0.47,0.9,0.63,nan,nan,nan,0.44,0.67,15.25,7.99,0.89,15.36,18.33
design_2858,0.61,0.75,0.71,nan,nan,nan,0.48,0.7,15.23,8.0,0.89,15.31,17.78
design_2859,0.57,0.75,0.65,nan,nan,nan,0.46,0.66,15.57,8.16,0.89,19.06,19.66
design_2860,0.72,0.57,0.89,nan,nan,nan,0.51,0.78,17.28,8.89,0.88,25.49,17.36
design_2861,0.46,0.94,0.69,nan,nan,nan,0.46,0.71,15.94,8.25,0.9,7.14,7.11
design_2862,0.43,0.95,0.85,nan,nan,nan,0.48,0.78,14.62,7.72,0.89,14.31,14.57
design_2863,0.61,0.85,0.74,nan,nan,nan,0.49,0.73,14.98,7.9,0.89,23.36,22.9
design_2864,0.54,0.92,1.94,nan,nan,nan,0.7,1.36,13.06,6.96,0.89,20.1,10.56
design_2865,0.45,0.96,1.45,nan,nan,nan,0.57,1.08,12.42,6.65,0.89,3.71,3.22
design_2866,0.44,0.85,0.99,nan,nan,nan,0.48,0.81,9.52,5.34,0.88,4.58,4.67
design_2867,0.66,0.94,1.89,nan,nan,nan,0.7,1.36,12.14,6.53,0.9,24.27,22.03
design_2868,0.56,0.97,1.46,nan,nan,nan,0.58,1.11,14.64,7.69,0.89,28.4,17.03
design_2869,0.51,0.93,1.33,nan,nan,nan,0.56,1.02,10.83,6.0,0.88,3.72,3.28
design_2870,0.52,0.97,1.47,nan,nan,nan,0.58,1.11,12.54,6.81,0.88,3.62,2.33
design_2871,0.36,0.9,1.2,nan,nan,nan,0.52,0.92,11.75,6.35,0.89,4.96,4.25
design_2872,0.64,0.93,1.71,nan,nan,nan,0.65,1.22,16.32,8.66,0.88,10.7,8.79
design_2873,0.84,0.92,1.39,nan,nan,nan,0.61,1.1,14.74,7.98,0.88,12.9,12.35
design_2874,0.5,0.92,1.95,nan,nan,nan,0.69,1.34,13.39,7.16,0.89,16.16,9.24
design_2875,0.57,0.88,1.89,nan,nan,nan,0.67,1.3,14.69,7.88,0.88,13.0,12.07
design_2876,0.61,0.8,1.31,nan,nan,nan,0.56,0.98,15.82,8.36,0.89,10.86,7.34
design_2877,0.67,0.83,1.11,nan,nan,nan,0.55,0.91,13.79,7.39,0.89,8.36,6.75
design_2878,0.71,0.92,1.73,nan,nan,nan,0.66,1.24,14.59,7.73,0.89,10.47,9.35
design_2879,0.61,0.91,1.96,nan,nan,nan,0.7,1.35,15.34,8.15,0.89,14.57,8.75
design_2880,0.59,0.47,1.24,nan,nan,nan,0.52,0.87,13.25,7.06,0.89,23.45,18.5
design_2881,0.71,0.6,1.28,nan,nan,nan,0.55,0.94,14.66,7.78,0.89,22.08,15.34
design_2882,0.59,0.66,1.02,nan,nan,nan,0.47,0.8,15.39,8.06,0.9,28.42,18.98
design_2883,0.57,0.38,0.98,nan,nan,nan,0.47,0.72,11.41,6.21,0.89,24.31,23.1
design_2884,0.54,0.6,1.2,nan,nan,nan,0.55,0.86,11.68,6.39,0.88,14.54,15.56
design_2885,0.54,0.62,0.92,nan,nan,nan,0.46,0.73,12.41,6.7,0.89,20.78,18.49
design_2886,0.63,0.42,1.08,nan,nan,nan,0.47,0.79,13.84,7.36,0.89,28.36,14.01
design_2887,0.5,0.57,1.1,nan,nan,nan,0.52,0.8,12.39,6.7,0.89,14.68,11.34
design_2888,0.42,0.61,0.82,nan,nan,nan,0.47,0.67,15.52,8.24,0.89,17.22,17.35
design_2889,0.37,0.59,0.84,nan,nan,nan,0.46,0.67,15.69,8.35,0.89,16.83,17.72
design_2890,0.46,0.48,0.72,nan,nan,nan,0.44,0.59,15.05,8.07,0.88,7.43,7.11
design_2891,0.5,0.53,0.78,nan,nan,nan,0.46,0.64,16.51,8.83,0.88,13.0,7.02
design_2892,0.42,0.62,0.98,nan,nan,nan,0.49,0.76,16.34,8.68,0.89,12.63,10.11
design_2893,0.41,0.64,1.08,nan,nan,nan,0.51,0.81,16.43,8.65,0.89,12.12,8.08
design_2894,0.42,0.59,0.88,nan,nan,nan,0.47,0.69,13.65,7.42,0.88,18.84,19.72
design_2895,0.37,0.57,2.04,nan,nan,nan,0.71,1.39,14.72,7.99,0.88,17.46,18.04
design_2896,0.6,0.52,2.16,nan,nan,nan,0.79,1.55,18.44,9.5,0.88,26.14,13.85
design_2897,0.79,0.67,2.17,nan,nan,nan,0.82,1.6,16.8,9.25,0.85,15.58,10.82
design_2898,0.71,0.52,2.5,nan,nan,nan,0.9,1.79,18.15,9.41,0.88,29.44,15.59
design_2899,0.44,0.64,2.76,nan,nan,nan,0.98,1.95,13.11,7.33,0.87,18.57,19.26
design_2900,0.56,0.59,1.69,nan,nan,nan,0.69,1.24,17.3,9.27,0.87,13.42,9.17
design_2901,0.56,0.46,2.25,nan,nan,nan,0.84,1.6,15.96,8.67,0.87,18.15,16.09
design_2902,0.52,0.66,3.45,nan,nan,nan,1.17,2.43,15.04,8.35,0.86,19.12,22.07
design_2903,0.55,0.52,1.47,nan,nan,nan,0.63,1.09,15.94,8.8,0.86,11.99,7.44
design_2904,0.74,0.59,1.33,nan,nan,nan,0.57,0.98,16.13,8.47,0.89,23.33,14.86
design_2905,0.89,0.62,1.4,nan,nan,nan,0.6,1.06,15.09,7.9,0.9,27.22,16.63
design_2906,0.94,0.66,1.26,nan,nan,nan,0.59,1.01,13.77,7.35,0.89,27.98,17.45
design_2907,0.87,0.62,1.96,nan,nan,nan,0.69,1.35,15.44,8.1,0.9,26.65,18.5
design_2908,0.85,0.54,1.92,nan,nan,nan,0.68,1.32,15.37,8.08,0.9,20.33,12.38
design_2909,0.77,0.62,1.06,nan,nan,nan,0.52,0.86,14.16,7.52,0.89,26.58,19.87
design_2910,1.06,0.61,1.62,nan,nan,nan,0.65,1.22,14.72,7.8,0.89,25.52,13.11
design_2911,0.77,0.7,2.16,nan,nan,nan,0.72,1.45,15.14,8.03,0.89,16.44,13.21
design_2912,0.7,0.58,0.75,nan,nan,nan,0.49,0.7,15.99,8.26,0.9,19.58,21.38
design_2913,0.79,0.69,0.67,nan,nan,nan,0.51,0.71,14.39,7.59,0.89,22.24,20.48
design_2914,0.81,0.68,0.78,nan,nan,nan,0.52,0.77,14.84,7.79,0.89,21.66,24.87
design_2915,0.83,0.71,0.77,nan,nan,nan,0.52,0.77,15.85,8.26,0.89,21.87,23.48
design_2916,0.8,0.62,0.68,nan,nan,nan,0.5,0.7,16.6,8.55,0.9,22.3,24.12
design_2917,0.65,0.63,0.85,nan,nan,nan,0.51,0.75,16.28,8.4,0.9,14.11,12.99
design_2918,0.54,0.57,0.69,nan,nan,nan,0.46,0.63,16.13,8.29,0.9,17.18,18.77
design_2919,0.81,0.66,0.7,nan,nan,nan,0.51,0.72,15.81,8.21,0.9,22.16,24.8
design_2920,0.89,1.06,1.16,nan,nan,nan,0.61,1.04,14.73,7.67,0.9,7.6,6.42
design_2921,0.77,1.55,1.65,nan,nan,nan,0.69,1.38,10.47,5.86,0.88,1.76,2.12
design_2922,1.16,1.51,1.52,nan,nan,nan,0.73,1.4,12.16,6.48,0.9,2.83,2.84
design_2923,0.84,1.5,1.77,nan,nan,nan,0.73,1.42,10.1,5.63,0.89,3.66,4.65
design_2924,0.75,1.08,1.04,nan,nan,nan,0.57,0.96,6.34,3.99,0.87,1.2,1.19
design_2925,0.81,1.58,1.64,nan,nan,nan,0.7,1.39,10.97,6.06,0.88,1.87,2.29
design_2926,0.9,1.23,1.24,nan,nan,nan,0.61,1.13,7.51,4.48,0.88,2.46,2.6
design_2927,0.91,1.53,1.83,nan,nan,nan,0.75,1.47,8.55,4.95,0.88,3.68,4.39
design_2928,0.63,0.54,1.65,nan,nan,nan,0.62,1.15,14.57,7.62,0.89,27.15,20.58
design_2929,0.63,0.31,1.56,nan,nan,nan,0.57,1.07,5.16,3.42,0.88,3.3,2.26
design_2930,0.42,2.92,1.42,nan,nan,nan,0.86,1.79,7.54,4.47,0.88,1.72,2.26
design_2931,0.67,0.4,1.85,nan,nan,nan,0.64,1.26,13.91,7.34,0.89,10.37,8.72
design_2932,0.58,2.99,1.9,nan,nan,nan,0.93,2.01,14.01,7.41,0.89,12.47,11.57
design_2933,0.7,0.39,1.9,nan,nan,nan,0.64,1.29,12.09,6.54,0.89,24.84,23.38
design_2934,0.6,0.42,1.4,nan,nan,nan,0.54,0.98,12.24,6.63,0.89,4.22,3.43
design_2935,0.66,0.4,1.65,nan,nan,nan,0.59,1.14,13.97,7.42,0.89,23.39,21.31
design_2936,0.59,1.0,1.34,nan,nan,nan,0.55,0.98,13.13,7.1,0.89,12.02,8.7
design_2937,0.59,0.95,1.64,nan,nan,nan,0.59,1.09,13.52,7.33,0.88,15.83,12.14
design_2938,0.57,0.97,1.66,nan,nan,nan,0.59,1.1,12.91,7.03,0.88,18.74,13.63
design_2939,0.6,0.87,1.64,nan,nan,nan,0.56,1.07,11.73,6.45,0.88,23.71,22.4
design_2940,0.6,0.88,1.53,nan,nan,nan,0.55,1.02,13.02,7.08,0.88,25.6,21.07
design_2941,0.53,0.94,1.5,nan,nan,nan,0.55,1.02,13.11,7.1,0.88,25.11,18.55
design_2942,0.6,0.85,1.49,nan,nan,nan,0.56,1.0,12.98,7.04,0.88,24.15,16.29
design_2943,0.71,0.86,1.58,nan,nan,nan,0.57,1.06,10.04,5.7,0.88,23.76,24.13
design_2944,0.75,0.63,1.61,nan,nan,nan,0.63,1.16,12.83,6.86,0.89,25.7,22.94
design_2945,0.88,1.26,0.96,nan,nan,nan,0.58,1.03,5.4,3.64,0.87,3.12,1.97
design_2946,0.76,0.73,1.45,nan,nan,nan,0.61,1.09,12.54,6.78,0.88,3.88,2.77
design_2947,0.8,1.44,1.04,nan,nan,nan,0.6,1.1,15.79,8.34,0.88,19.0,11.02
design_2948,1.25,0.68,2.09,nan,nan,nan,0.75,1.55,11.19,6.21,0.88,25.08,23.0
design_2949,0.81,0.77,1.58,nan,nan,nan,0.65,1.18,13.47,7.19,0.89,25.92,22.81
design_2950,0.68,0.79,1.21,nan,nan,nan,0.57,0.95,8.86,5.16,0.88,4.44,2.44
design_2951,0.54,1.05,1.2,nan,nan,nan,0.58,0.99,9.38,5.35,0.88,5.14,2.85
design_2952,0.56,0.42,1.63,nan,nan,nan,0.65,1.16,12.11,6.76,0.88,10.47,11.84
design_2953,0.75,0.51,1.74,nan,nan,nan,0.69,1.27,11.82,6.63,0.87,9.34,10.38
design_2954,0.58,0.43,1.91,nan,nan,nan,0.72,1.35,13.61,7.46,0.88,10.28,11.69
design_2955,0.5,0.5,1.91,nan,nan,nan,0.71,1.34,11.98,6.68,0.88,9.15,9.99
design_2956,0.55,0.4,1.52,nan,nan,nan,0.62,1.09,12.65,7.05,0.87,11.67,13.18
design_2957,0.6,0.43,1.56,nan,nan,nan,0.64,1.13,12.84,7.1,0.88,10.21,11.38
design_2958,0.57,0.37,1.57,nan,nan,nan,0.63,1.12,13.3,7.27,0.88,11.96,13.5
design_2959,0.59,0.36,1.66,nan,nan,nan,0.66,1.18,14.52,7.9,0.88,13.75,15.77
design_2960,0.34,1.0,0.68,nan,nan,nan,0.49,0.71,12.32,6.63,0.89,24.03,22.51
design_2961,0.32,1.11,0.74,nan,nan,nan,0.5,0.78,12.19,6.56,0.88,26.93,21.04
design_2962,0.41,1.04,0.81,nan,nan,nan,0.54,0.78,11.65,6.32,0.88,15.16,15.62
design_2963,0.57,1.1,1.47,nan,nan,nan,0.59,1.09,12.72,7.04,0.87,24.34,22.11
design_2964,0.64,1.03,5.98,nan,nan,nan,1.47,3.43,12.6,7.17,0.86,18.34,16.07
design_2965,0.37,1.05,0.74,nan,nan,nan,0.48,0.76,10.55,5.8,0.88,24.67,24.83
design_2966,0.72,1.34,2.95,nan,nan,nan,0.86,1.87,10.79,6.33,0.86,24.02,25.19
design_2967,0.37,1.16,0.93,nan,nan,nan,0.52,0.87,4.0,2.81,0.89,24.51,25.36
design_2968,0.73,0.58,0.55,nan,nan,nan,0.47,0.61,13.91,7.33,0.9,16.88,16.12
design_2969,0.92,0.62,0.77,nan,nan,nan,0.54,0.78,13.21,7.08,0.89,16.64,15.2
design_2970,0.78,0.63,0.58,nan,nan,nan,0.49,0.66,13.3,7.04,0.9,17.65,16.44
design_2971,0.82,0.62,0.69,nan,nan,nan,0.51,0.71,15.21,7.9,0.9,15.45,13.92
design_2972,0.7,0.52,1.13,nan,nan,nan,0.57,0.89,12.92,7.24,0.87,12.04,9.82
design_2973,0.69,0.68,0.71,nan,nan,nan,0.5,0.7,14.7,7.64,0.9,17.48,16.34
design_2974,0.8,0.51,0.79,nan,nan,nan,0.51,0.73,15.11,7.93,0.89,16.42,14.92
design_2975,0.84,0.55,0.67,nan,nan,nan,0.5,0.7,14.82,7.73,0.9,16.16,13.88
design_2976,0.44,1.12,2.3,nan,nan,nan,0.73,1.52,12.51,6.75,0.89,22.74,21.29
design_2977,0.68,0.94,1.97,nan,nan,nan,0.66,1.33,15.13,7.99,0.89,27.75,21.65
design_2978,0.45,1.21,0.99,nan,nan,nan,0.54,0.92,5.99,3.8,0.88,2.64,1.18
design_2979,0.74,1.39,1.65,nan,nan,nan,0.65,1.32,12.06,6.5,0.89,23.48,21.74
design_2980,0.55,0.98,1.51,nan,nan,nan,0.58,1.09,12.02,6.52,0.89,3.52,4.7
design_2981,0.36,0.79,2.13,nan,nan,nan,0.68,1.35,12.58,6.8,0.88,9.26,4.45
design_2982,0.5,2.39,1.55,nan,nan,nan,0.76,1.62,12.49,6.67,0.9,22.46,22.15
design_2983,0.41,1.32,1.93,nan,nan,nan,0.66,1.37,4.56,3.16,0.89,1.94,1.54
design_2984,0.62,0.95,0.67,nan,nan,nan,0.5,0.73,15.25,7.9,0.9,13.32,7.47
design_2985,0.85,1.01,0.65,nan,nan,nan,0.53,0.81,13.35,7.04,0.9,4.14,4.04
design_2986,0.69,1.02,0.53,nan,nan,nan,0.5,0.72,12.88,6.86,0.89,3.49,2.67
design_2987,0.63,0.93,0.62,nan,nan,nan,0.49,0.71,11.54,6.27,0.89,8.42,6.98
design_2988,0.67,0.94,1.97,nan,nan,nan,0.76,1.46,15.33,8.03,0.9,10.84,9.86
design_2989,0.68,0.97,0.69,nan,nan,nan,0.52,0.77,14.62,7.68,0.9,4.07,4.08
design_2990,0.67,1.01,0.6,nan,nan,nan,0.5,0.74,12.09,6.44,0.9,5.06,4.08
design_2991,0.87,1.03,0.74,nan,nan,nan,0.54,0.86,14.68,7.76,0.9,20.89,18.21
design_2992,0.62,2.65,1.73,nan,nan,nan,0.88,1.8,12.41,6.73,0.89,23.51,21.53
design_2993,0.52,2.56,0.96,nan,nan,nan,0.76,1.5,15.62,8.12,0.9,35.23,19.27
design_2994,0.51,2.69,0.9,nan,nan,nan,0.77,1.54,14.41,7.54,0.9,11.6,12.75
design_2995,0.53,2.67,1.14,nan,nan,nan,0.8,1.6,15.11,7.85,0.9,19.8,18.76
design_2996,0.64,0.65,1.14,nan,nan,nan,0.54,0.88,12.46,6.66,0.89,24.91,22.73
design_2997,0.54,2.41,1.47,nan,nan,nan,0.8,1.6,12.11,6.59,0.89,24.96,22.87
design_2998,0.57,2.38,1.59,nan,nan,nan,0.8,1.64,12.98,6.99,0.89,24.91,23.15
design_2999,0.53,2.61,1.1,nan,nan,nan,0.78,1.56,13.85,7.3,0.9,25.47,23.65
design_3000,0.6,0.89,0.62,nan,nan,nan,0.46,0.69,13.96,7.34,0.89,8.61,8.71
design_3001,0.66,0.78,0.65,nan,nan,nan,0.46,0.69,16.16,8.39,0.89,12.66,13.4
design_3002,0.97,0.87,0.63,nan,nan,nan,0.53,0.79,8.3,4.85,0.88,7.44,3.73
design_3003,0.67,0.76,0.56,nan,nan,nan,0.46,0.64,14.98,7.83,0.89,7.12,9.13
design_3004,0.98,0.85,0.72,nan,nan,nan,0.53,0.83,15.77,8.18,0.9,16.06,15.87
design_3005,0.65,0.72,0.56,nan,nan,nan,0.44,0.63,15.29,7.99,0.89,13.94,13.56
design_3006,0.93,0.76,0.64,nan,nan,nan,0.51,0.76,16.06,8.26,0.9,17.57,18.87
design_3007,0.84,0.82,0.61,nan,nan,nan,0.49,0.73,16.1,8.34,0.89,15.75,6.99
design_3008,0.89,0.6,2.09,nan,nan,nan,0.8,1.52,14.23,7.78,0.88,16.97,11.8
design_3009,0.65,0.77,2.3,nan,nan,nan,0.82,1.64,12.17,6.91,0.86,14.19,10.68
design_3010,0.49,0.48,8.67,nan,nan,nan,2.67,5.88,13.8,7.79,0.86,16.93,16.54
design_3011,0.55,0.63,8.67,nan,nan,nan,2.67,5.88,14.2,7.92,0.87,23.46,16.68
design_3012,0.58,0.48,1.22,nan,nan,nan,0.57,0.92,16.97,8.95,0.88,23.25,13.51
design_3013,0.91,0.76,2.17,nan,nan,nan,0.82,1.6,13.17,7.28,0.87,23.4,23.14
design_3014,0.59,0.58,8.03,nan,nan,nan,2.48,5.45,14.69,8.17,0.88,20.91,21.64
design_3015,0.89,0.72,1.72,nan,nan,nan,0.7,1.31,14.59,7.84,0.88,12.81,16.64
design_3016,0.52,0.73,1.23,nan,nan,nan,0.55,0.9,15.54,8.09,0.91,19.77,13.14
design_3017,0.55,0.6,1.67,nan,nan,nan,0.62,1.13,15.22,7.96,0.9,28.66,14.15
design_3018,0.79,0.49,1.61,nan,nan,nan,0.62,1.13,15.38,8.08,0.9,25.85,14.57
design_3019,0.53,0.64,1.42,nan,nan,nan,0.56,0.99,14.97,7.86,0.9,27.31,17.14
design_3020,0.87,0.69,1.79,nan,nan,nan,0.67,1.27,15.93,8.36,0.89,24.74,14.45
design_3021,0.5,0.69,1.14,nan,nan,nan,0.52,0.84,15.51,8.12,0.9,25.44,19.34
design_3022,0.52,0.58,1.2,nan,nan,nan,0.53,0.86,15.06,7.92,0.89,25.92,18.45
design_3023,0.55,0.6,1.28,nan,nan,nan,0.54,0.91,14.53,7.63,0.9,26.68,17.12
design_3024,0.89,0.49,1.69,nan,nan,nan,0.72,1.29,16.22,8.81,0.87,18.09,19.73
design_3025,0.81,0.42,1.45,nan,nan,nan,0.65,1.11,13.94,7.76,0.86,16.99,18.69
design_3026,0.75,0.37,1.4,nan,nan,nan,0.64,1.06,13.29,7.41,0.87,15.43,13.78
design_3027,0.81,0.46,1.48,nan,nan,nan,0.67,1.13,11.86,6.79,0.86,15.49,15.69
design_3028,0.6,0.4,1.46,nan,nan,nan,0.62,1.08,15.01,8.21,0.87,13.35,13.37
design_3029,0.75,0.43,1.51,nan,nan,nan,0.67,1.14,14.72,8.07,0.87,15.59,14.84
design_3030,0.88,0.42,1.48,nan,nan,nan,0.68,1.15,13.49,7.48,0.86,12.25,13.41
design_3031,0.79,0.45,1.52,nan,nan,nan,0.66,1.15,13.46,7.51,0.86,13.32,13.82
design_3032,0.53,0.65,1.14,nan,nan,nan,0.56,0.88,11.98,6.56,0.88,23.27,26.11
design_3033,0.49,0.63,1.13,nan,nan,nan,0.55,0.87,11.95,6.57,0.88,23.07,25.52
design_3034,0.63,0.58,1.03,nan,nan,nan,0.56,0.83,15.42,8.17,0.89,22.89,21.04
design_3035,0.52,0.67,0.86,nan,nan,nan,0.51,0.73,13.09,7.16,0.88,23.22,25.64
design_3036,0.46,0.7,1.07,nan,nan,nan,0.55,0.84,11.61,6.45,0.88,23.2,25.37
design_3037,0.56,0.62,1.06,nan,nan,nan,0.52,0.84,17.8,9.13,0.89,16.25,11.99
design_3038,0.53,0.65,1.24,nan,nan,nan,0.56,0.94,11.01,6.24,0.87,23.65,26.02
design_3039,0.4,0.54,1.17,nan,nan,nan,0.56,0.87,13.65,7.3,0.89,20.08,21.39
design_3040,0.64,1.22,1.57,nan,nan,nan,0.6,1.16,12.81,7.05,0.88,19.8,16.94
design_3041,0.62,1.27,0.83,nan,nan,nan,0.54,0.94,11.19,6.36,0.86,8.75,9.13
design_3042,0.57,1.16,1.39,nan,nan,nan,0.57,1.06,12.12,6.71,0.87,19.33,15.51
design_3043,0.55,1.27,1.35,nan,nan,nan,0.58,1.08,12.76,7.03,0.88,20.08,17.21
design_3044,0.78,1.05,1.05,nan,nan,nan,0.57,0.95,8.57,5.06,0.87,12.99,12.79
design_3045,0.64,1.26,2.62,nan,nan,nan,0.74,1.61,12.39,6.89,0.87,17.64,16.52
design_3046,0.63,1.19,1.35,nan,nan,nan,0.58,1.07,11.54,6.52,0.86,11.51,10.31
design_3047,0.52,1.22,1.52,nan,nan,nan,0.6,1.12,12.33,6.79,0.87,18.31,16.99
design_3048,0.53,0.52,0.78,nan,nan,nan,0.47,0.66,12.63,6.9,0.88,12.98,12.02
design_3049,0.53,0.49,1.21,nan,nan,nan,0.55,0.91,14.9,8.0,0.88,13.95,12.63
design_3050,0.52,0.47,1.03,nan,nan,nan,0.51,0.79,11.56,6.41,0.88,16.08,15.96
design_3051,0.59,0.52,0.79,nan,nan,nan,0.49,0.67,15.03,7.84,0.9,14.97,7.89
design_3052,0.54,0.53,0.87,nan,nan,nan,0.49,0.71,13.71,7.38,0.89,14.66,13.42
design_3053,0.6,0.53,0.94,nan,nan,nan,0.51,0.76,16.01,8.32,0.89,13.59,13.07
design_3054,0.56,0.55,0.85,nan,nan,nan,0.49,0.71,14.73,7.82,0.88,14.53,9.4
design_3055,0.56,0.48,1.03,nan,nan,nan,0.51,0.8,13.67,7.31,0.89,16.48,16.96
design_3056,0.85,0.6,0.71,nan,nan,nan,0.51,0.73,16.49,8.46,0.9,17.16,18.97
design_3057,0.51,0.52,0.61,nan,nan,nan,0.45,0.56,15.82,8.07,0.91,21.75,24.07
design_3058,0.55,0.58,0.72,nan,nan,nan,0.48,0.65,16.79,8.52,0.9,24.73,24.38
design_3059,0.72,0.63,0.69,nan,nan,nan,0.49,0.69,16.52,8.47,0.9,19.21,16.03
design_3060,0.45,0.52,0.7,nan,nan,nan,0.48,0.6,15.86,8.11,0.91,13.01,14.37
design_3061,0.51,0.52,0.65,nan,nan,nan,0.45,0.58,16.3,8.32,0.9,22.77,26.13
design_3062,0.54,0.57,0.78,nan,nan,nan,0.49,0.68,15.11,7.76,0.9,23.11,26.32
design_3063,0.57,0.56,0.76,nan,nan,nan,0.48,0.67,16.87,8.55,0.91,16.52,13.03
design_3064,0.71,0.52,1.38,nan,nan,nan,0.59,1.02,14.42,7.87,0.87,6.85,5.58
design_3065,0.62,0.63,1.29,nan,nan,nan,0.56,0.97,13.95,7.64,0.87,16.91,20.39
design_3066,0.62,0.48,1.36,nan,nan,nan,0.59,0.99,8.09,4.96,0.86,1.82,1.8
design_3067,0.65,0.65,1.31,nan,nan,nan,0.58,1.0,14.2,7.76,0.87,3.89,4.61
design_3068,0.61,0.67,1.36,nan,nan,nan,0.59,1.01,12.98,7.09,0.88,3.12,2.6
design_3069,0.74,0.64,1.26,nan,nan,nan,0.57,0.98,14.62,7.94,0.87,19.98,20.35
design_3070,0.75,0.62,1.32,nan,nan,nan,0.58,1.02,11.82,6.62,0.87,4.75,5.0
design_3071,0.76,0.59,1.74,nan,nan,nan,0.68,1.26,9.59,5.67,0.86,3.18,2.66
design_3072,0.73,0.56,1.53,nan,nan,nan,0.54,1.05,12.88,6.88,0.89,22.38,21.41
design_3073,0.7,0.77,1.46,nan,nan,nan,0.56,1.05,11.78,6.41,0.88,2.5,1.31
design_3074,0.68,0.8,1.46,nan,nan,nan,0.55,1.05,11.19,6.13,0.88,3.38,2.16
design_3075,0.51,0.58,1.34,nan,nan,nan,0.5,0.91,12.92,6.92,0.89,4.48,2.6
design_3076,0.76,0.54,1.68,nan,nan,nan,0.59,1.13,11.61,6.31,0.88,4.77,5.34
design_3077,0.68,0.7,1.39,nan,nan,nan,0.53,0.99,11.62,6.31,0.88,2.19,1.5
design_3078,0.79,0.72,1.75,nan,nan,nan,0.6,1.2,15.28,7.97,0.9,21.35,12.46
design_3079,0.78,0.57,1.67,nan,nan,nan,0.58,1.13,12.71,6.8,0.89,23.71,21.0
design_3080,0.86,0.54,0.62,nan,nan,nan,0.49,0.68,17.45,8.87,0.9,15.67,12.36
design_3081,0.36,0.49,0.62,nan,nan,nan,0.44,0.53,16.94,8.73,0.9,18.66,16.86
design_3082,0.78,0.45,0.73,nan,nan,nan,0.48,0.69,18.98,9.65,0.89,28.52,17.89
design_3083,0.59,0.58,0.71,nan,nan,nan,0.49,0.65,15.43,7.99,0.9,12.97,15.02
design_3084,0.62,0.58,0.53,nan,nan,nan,0.44,0.57,17.05,8.75,0.9,17.31,13.54
design_3085,0.67,0.62,0.61,nan,nan,nan,0.49,0.63,16.42,8.43,0.9,19.68,14.02
design_3086,0.71,0.57,0.56,nan,nan,nan,0.45,0.61,17.77,9.02,0.9,11.76,9.55
design_3087,0.67,0.44,0.64,nan,nan,nan,0.47,0.61,16.45,8.47,0.9,16.19,11.12
design_3088,0.7,0.5,0.59,nan,nan,nan,0.48,0.6,15.41,8.02,0.9,15.11,10.91
design_3089,0.88,0.61,1.21,nan,nan,nan,0.59,0.99,14.6,7.84,0.89,20.54,16.13
design_3090,0.75,0.69,0.67,nan,nan,nan,0.5,0.7,15.33,8.0,0.9,10.35,9.78
design_3091,0.99,0.55,0.72,nan,nan,nan,0.52,0.77,15.19,8.05,0.89,12.46,12.0
design_3092,0.85,0.56,0.83,nan,nan,nan,0.55,0.78,14.65,7.88,0.89,15.89,11.81
design_3093,0.75,0.54,0.72,nan,nan,nan,0.49,0.69,15.73,8.27,0.89,19.42,14.92
design_3094,0.7,0.63,0.9,nan,nan,nan,0.52,0.78,15.6,8.22,0.9,22.79,17.62
design_3095,0.8,0.57,1.11,nan,nan,nan,0.56,0.91,16.05,8.49,0.89,20.92,14.36
design_3096,0.45,1.42,2.72,nan,nan,nan,0.9,1.91,14.76,7.78,0.89,16.18,16.0
design_3097,0.51,1.33,2.43,nan,nan,nan,0.84,1.73,13.81,7.39,0.89,25.39,24.67
design_3098,0.44,1.37,2.18,nan,nan,nan,0.77,1.59,13.66,7.23,0.89,21.2,19.9
design_3099,0.4,1.4,2.03,nan,nan,nan,0.74,1.5,13.44,7.11,0.89,3.02,2.37
design_3100,0.4,1.46,1.5,nan,nan,nan,0.66,1.25,8.64,4.89,0.89,1.6,1.84
design_3101,0.91,1.43,2.92,nan,nan,nan,0.97,2.07,14.78,7.85,0.89,2.13,2.58
design_3102,0.42,1.32,1.96,nan,nan,nan,0.73,1.45,11.55,6.32,0.88,1.9,1.47
design_3103,0.4,1.32,1.75,nan,nan,nan,0.69,1.34,12.8,6.87,0.89,4.04,5.41
design_3104,0.69,0.74,1.67,nan,nan,nan,0.67,1.25,15.79,8.41,0.88,11.61,14.35
design_3105,0.53,0.65,1.65,nan,nan,nan,0.65,1.2,13.29,7.07,0.89,10.31,12.87
design_3106,0.46,0.76,1.63,nan,nan,nan,0.65,1.19,12.94,6.93,0.89,12.59,15.54
design_3107,0.48,0.64,1.69,nan,nan,nan,0.66,1.22,11.95,6.44,0.89,11.31,13.71
design_3108,0.38,0.62,1.57,nan,nan,nan,0.62,1.12,11.33,6.15,0.89,12.21,14.89
design_3109,0.51,0.78,1.87,nan,nan,nan,0.71,1.35,12.91,7.04,0.88,8.96,10.68
design_3110,0.47,0.63,1.68,nan,nan,nan,0.66,1.2,12.1,6.5,0.89,11.19,13.56
design_3111,0.46,0.65,1.52,nan,nan,nan,0.62,1.11,14.15,7.67,0.88,10.48,13.35
design_3112,0.59,1.19,1.91,nan,nan,nan,0.71,1.41,12.26,6.69,0.88,7.11,4.66
design_3113,0.55,1.15,1.82,nan,nan,nan,0.67,1.35,13.6,7.27,0.89,8.32,5.7
design_3114,0.67,1.17,2.08,nan,nan,nan,0.75,1.51,12.68,6.86,0.89,7.93,5.08
design_3115,0.55,1.16,1.82,nan,nan,nan,0.69,1.35,12.8,6.9,0.89,12.77,7.66
design_3116,0.54,1.2,1.84,nan,nan,nan,0.7,1.37,13.33,7.2,0.89,9.68,7.46
design_3117,0.5,1.17,1.87,nan,nan,nan,0.71,1.37,13.15,7.14,0.89,7.75,5.36
design_3118,0.54,1.19,1.9,nan,nan,nan,0.7,1.4,14.06,7.5,0.89,8.68,6.04
design_3119,0.46,1.18,1.57,nan,nan,nan,0.62,1.21,12.25,6.63,0.89,8.5,5.62
design_3120,0.87,0.42,2.8,nan,nan,nan,0.99,2.0,16.26,8.82,0.87,19.1,15.27
design_3121,0.96,0.46,2.62,nan,nan,nan,0.94,1.9,13.86,7.68,0.87,20.05,20.45
design_3122,0.88,0.39,3.19,nan,nan,nan,1.1,2.27,19.01,9.75,0.88,33.11,20.14
design_3123,0.59,0.43,1.78,nan,nan,nan,0.69,1.29,14.44,7.6,0.89,21.11,22.69
design_3124,0.68,0.43,2.49,nan,nan,nan,0.89,1.77,14.91,8.2,0.87,15.57,13.36
design_3125,0.98,0.48,3.08,nan,nan,nan,1.09,2.21,16.87,9.06,0.88,13.8,10.99
design_3126,0.81,0.34,2.9,nan,nan,nan,1.01,2.06,17.42,9.03,0.88,27.22,15.05
design_3127,0.96,0.43,3.71,nan,nan,nan,1.26,2.63,14.06,7.57,0.89,21.8,21.62
design_3128,0.78,0.45,4.92,nan,nan,nan,1.5,3.28,14.72,8.23,0.85,11.9,14.51
design_3129,0.69,0.58,1.22,nan,nan,nan,0.56,0.94,14.86,8.03,0.88,4.05,3.6
design_3130,0.63,0.38,8.35,nan,nan,nan,2.47,5.52,10.9,6.47,0.86,10.56,12.11
design_3131,0.64,0.38,5.39,nan,nan,nan,1.62,3.58,14.37,8.08,0.87,7.18,8.98
design_3132,0.78,0.58,1.08,nan,nan,nan,0.54,0.88,7.19,4.4,0.88,1.92,1.65
design_3133,0.6,0.39,6.02,nan,nan,nan,1.8,3.99,10.26,6.18,0.85,6.95,5.86
design_3134,0.91,0.54,4.44,nan,nan,nan,1.38,2.98,11.66,6.8,0.86,9.11,8.85
design_3135,0.61,0.38,8.38,nan,nan,nan,2.48,5.54,8.49,5.33,0.86,8.48,8.7
design_3136,0.97,0.8,3.99,nan,nan,nan,1.27,2.72,13.5,7.34,0.88,22.86,18.07
design_3137,0.82,0.9,2.97,nan,nan,nan,1.0,2.06,13.35,7.25,0.88,14.52,13.69
design_3138,0.98,0.84,3.58,nan,nan,nan,1.15,2.46,15.68,8.41,0.88,26.61,16.57
design_3139,0.93,0.85,3.78,nan,nan,nan,1.21,2.58,14.62,7.87,0.88,24.23,15.12
design_3140,0.79,0.83,2.57,nan,nan,nan,0.89,1.8,15.43,8.31,0.88,16.07,15.04
design_3141,1.09,0.86,4.22,nan,nan,nan,1.34,2.88,15.66,8.37,0.89,27.2,15.95
design_3142,0.8,0.96,2.6,nan,nan,nan,0.91,1.84,14.31,7.79,0.88,26.55,18.01
design_3143,0.68,0.98,2.8,nan,nan,nan,0.95,1.95,14.69,7.96,0.88,15.31,14.23
design_3144,0.57,0.64,0.87,nan,nan,nan,0.49,0.74,15.31,8.17,0.88,13.26,7.98
design_3145,0.52,0.76,0.8,nan,nan,nan,0.48,0.72,13.8,7.63,0.87,20.64,20.95
design_3146,0.5,0.7,0.88,nan,nan,nan,0.51,0.75,13.07,7.19,0.88,11.32,9.58
design_3147,0.47,0.66,0.82,nan,nan,nan,0.48,0.7,13.72,7.53,0.88,17.47,16.9
design_3148,0.43,0.85,0.87,nan,nan,nan,0.48,0.76,15.29,8.22,0.88,16.95,18.12
design_3149,0.45,0.66,1.27,nan,nan,nan,0.56,0.96,10.55,5.91,0.88,19.98,19.83
design_3150,0.45,0.66,1.06,nan,nan,nan,0.52,0.84,10.61,5.94,0.88,19.09,18.85
design_3151,0.39,0.73,0.9,nan,nan,nan,0.5,0.75,14.32,7.77,0.88,18.44,18.4
design_3152,0.62,0.98,1.22,nan,nan,nan,0.54,0.94,12.0,6.64,0.88,22.01,17.75
design_3153,0.59,0.89,1.2,nan,nan,nan,0.52,0.9,10.93,6.18,0.87,23.92,22.51
design_3154,0.61,0.88,1.19,nan,nan,nan,0.52,0.89,11.26,6.37,0.87,24.35,22.52
design_3155,0.66,0.84,1.29,nan,nan,nan,0.55,0.93,10.8,6.22,0.86,23.31,22.42
design_3156,0.77,0.97,1.29,nan,nan,nan,0.56,1.0,11.0,6.23,0.88,24.29,22.92
design_3157,0.73,0.79,1.3,nan,nan,nan,0.58,0.94,11.38,6.43,0.87,20.51,17.08
design_3158,0.69,0.99,1.51,nan,nan,nan,0.56,1.07,11.98,6.68,0.87,23.41,20.81
design_3159,0.65,0.84,1.45,nan,nan,nan,0.57,0.99,12.23,6.83,0.86,17.63,18.84
design_3160,0.44,0.59,1.31,nan,nan,nan,0.57,0.96,10.22,5.75,0.88,13.66,13.9
design_3161,0.67,0.55,1.55,nan,nan,nan,0.64,1.14,15.21,7.92,0.9,10.32,7.98
design_3162,0.48,0.52,1.42,nan,nan,nan,0.59,1.03,14.73,7.65,0.9,7.09,6.47
design_3163,0.48,0.63,3.26,nan,nan,nan,1.07,2.25,10.8,6.21,0.86,10.72,10.67
design_3164,0.51,0.51,1.34,nan,nan,nan,0.58,0.98,12.85,6.91,0.89,13.69,14.31
design_3165,0.51,0.51,1.44,nan,nan,nan,0.61,1.05,14.68,7.86,0.88,8.51,8.08
design_3166,0.62,0.62,1.38,nan,nan,nan,0.6,1.04,14.8,8.05,0.88,5.41,4.68
design_3167,0.69,0.55,1.46,nan,nan,nan,0.62,1.09,14.22,7.65,0.88,9.11,7.43
design_3168,0.88,0.93,1.28,nan,nan,nan,0.56,1.02,12.65,7.01,0.87,24.35,21.76
design_3169,0.83,0.64,1.14,nan,nan,nan,0.5,0.87,11.49,6.44,0.88,24.37,21.91
design_3170,0.83,0.57,1.05,nan,nan,nan,0.49,0.83,12.24,6.76,0.88,24.79,21.84
design_3171,0.85,0.67,1.45,nan,nan,nan,0.56,1.01,7.22,4.53,0.87,3.6,3.29
design_3172,0.68,0.6,1.41,nan,nan,nan,0.52,0.92,13.22,7.3,0.88,25.02,22.45
design_3173,0.81,0.69,1.9,nan,nan,nan,0.61,1.19,13.06,7.2,0.88,22.65,21.46
design_3174,0.95,0.49,1.42,nan,nan,nan,0.56,1.0,13.28,7.24,0.88,22.99,19.5
design_3175,0.85,0.49,1.25,nan,nan,nan,0.52,0.89,7.99,4.88,0.87,3.64,2.08
design_3176,0.46,0.66,1.15,nan,nan,nan,0.51,0.82,14.35,7.52,0.9,28.76,17.2
design_3177,0.27,0.6,1.26,nan,nan,nan,0.51,0.83,14.38,7.57,0.89,29.72,16.88
design_3178,0.27,0.33,0.99,nan,nan,nan,0.48,0.64,12.65,6.77,0.89,21.55,13.63
design_3179,0.29,0.61,1.5,nan,nan,nan,0.54,0.96,9.42,5.29,0.89,17.64,15.87
design_3180,0.36,0.49,1.02,nan,nan,nan,0.48,0.7,15.12,7.9,0.9,25.64,17.42
design_3181,0.46,0.65,0.76,nan,nan,nan,0.45,0.64,15.08,7.91,0.9,30.57,16.69
design_3182,0.43,0.58,1.09,nan,nan,nan,0.49,0.76,15.6,8.09,0.9,30.8,16.68
design_3183,0.29,0.6,1.05,nan,nan,nan,0.48,0.72,14.59,7.67,0.9,28.84,17.28
design_3184,0.45,0.71,1.31,nan,nan,nan,0.53,0.95,13.22,7.0,0.89,15.9,9.19
design_3185,0.37,1.06,1.38,nan,nan,nan,0.57,1.06,12.28,6.65,0.88,3.85,3.49
design_3186,0.42,0.7,1.0,nan,nan,nan,0.5,0.78,6.56,4.08,0.88,2.21,2.59
design_3187,0.47,0.49,0.74,nan,nan,nan,0.42,0.6,4.79,3.27,0.88,1.56,1.06
design_3188,0.32,0.56,1.21,nan,nan,nan,0.5,0.85,7.75,4.59,0.88,2.39,1.66
design_3189,0.44,0.64,1.35,nan,nan,nan,0.54,0.96,7.17,4.32,0.88,1.86,1.41
design_3190,0.79,0.33,1.69,nan,nan,nan,0.62,1.18,5.34,3.47,0.88,20.75,12.84
design_3191,0.36,0.44,1.17,nan,nan,nan,0.52,0.81,8.11,4.75,0.88,2.43,3.14
design_3192,0.45,0.45,0.61,nan,nan,nan,0.41,0.51,9.72,5.41,0.88,24.53,25.23
design_3193,0.45,2.65,0.94,nan,nan,nan,0.74,1.6,9.59,5.37,0.88,24.97,24.97
design_3194,0.35,0.85,0.79,nan,nan,nan,0.42,0.69,2.94,2.3,0.91,24.92,25.11
design_3195,0.43,0.78,1.02,nan,nan,nan,0.43,0.77,3.02,2.33,0.91,24.88,25.19
design_3196,0.34,0.55,0.95,nan,nan,nan,0.42,0.65,6.87,4.09,0.89,24.67,25.49
design_3197,0.32,0.77,1.08,nan,nan,nan,0.48,0.77,4.77,3.14,0.89,24.83,25.38
design_3198,0.86,2.54,0.96,nan,nan,nan,0.77,1.61,13.81,7.31,0.89,31.22,18.78
design_3199,0.43,0.54,0.96,nan,nan,nan,0.42,0.67,7.81,4.51,0.89,24.74,25.5
design_3200,0.69,0.91,1.77,nan,nan,nan,0.69,1.31,16.33,8.69,0.88,17.22,10.87
design_3201,0.55,0.92,1.26,nan,nan,nan,0.58,1.0,13.32,7.24,0.88,23.95,24.84
design_3202,0.61,0.91,1.44,nan,nan,nan,0.63,1.11,15.31,8.19,0.88,26.14,20.99
design_3203,0.61,0.95,2.61,nan,nan,nan,0.89,1.82,15.32,8.18,0.88,14.8,12.57
design_3204,0.53,0.96,1.31,nan,nan,nan,0.59,1.03,13.95,7.53,0.88,23.26,23.89
design_3205,0.51,0.92,1.29,nan,nan,nan,0.58,1.01,13.8,7.58,0.87,21.09,20.24
design_3206,0.61,0.93,1.31,nan,nan,nan,0.6,1.05,13.43,7.35,0.88,20.14,21.73
design_3207,0.56,0.97,1.35,nan,nan,nan,0.6,1.07,13.26,7.28,0.87,24.95,25.48
design_3208,0.54,1.25,1.55,nan,nan,nan,0.61,1.14,11.08,6.18,0.88,23.04,23.4
design_3209,0.59,1.29,1.31,nan,nan,nan,0.59,1.08,13.18,7.22,0.88,19.36,18.13
design_3210,0.6,1.31,1.2,nan,nan,nan,0.57,1.05,13.24,7.25,0.88,12.32,9.32
design_3211,0.57,1.32,1.59,nan,nan,nan,0.59,1.19,13.33,7.21,0.88,12.69,7.25
design_3212,0.56,1.22,1.6,nan,nan,nan,0.62,1.15,11.1,6.18,0.88,23.28,23.55
design_3213,0.6,1.28,1.47,nan,nan,nan,0.59,1.13,13.48,7.26,0.88,14.64,10.3
design_3214,0.59,1.35,1.4,nan,nan,nan,0.59,1.14,12.87,7.05,0.88,16.46,11.83
design_3215,0.61,1.35,1.87,nan,nan,nan,0.62,1.31,12.75,6.94,0.88,10.59,11.0
design_3216,0.76,0.7,3.28,nan,nan,nan,1.17,2.38,10.67,6.25,0.86,22.05,19.9
design_3217,0.7,0.63,0.58,nan,nan,nan,0.45,0.63,15.15,7.86,0.9,7.88,8.79
design_3218,0.56,0.6,0.51,nan,nan,nan,0.41,0.54,17.84,9.14,0.89,8.9,7.92
design_3219,0.8,0.62,0.74,nan,nan,nan,0.51,0.73,15.66,8.13,0.9,20.91,22.13
design_3220,0.49,0.57,3.33,nan,nan,nan,1.17,2.38,12.19,6.86,0.87,21.51,18.91
design_3221,0.76,0.5,0.62,nan,nan,nan,0.46,0.64,16.21,8.41,0.89,11.95,8.98
design_3222,0.75,0.61,0.55,nan,nan,nan,0.46,0.62,16.15,8.32,0.9,20.81,22.8
design_3223,0.51,0.49,3.61,nan,nan,nan,1.25,2.57,12.33,6.93,0.87,21.63,17.78
design_3224,0.61,1.74,1.17,nan,nan,nan,0.61,1.23,14.09,7.6,0.88,21.88,12.29
design_3225,1.27,1.75,1.76,nan,nan,nan,0.77,1.6,12.79,6.92,0.88,8.96,6.35
design_3226,0.67,1.46,1.03,nan,nan,nan,0.6,1.08,7.22,4.5,0.87,3.52,1.69
design_3227,0.54,1.68,0.74,nan,nan,nan,0.56,1.07,9.36,5.42,0.87,3.87,2.77
design_3228,0.52,1.8,0.82,nan,nan,nan,0.58,1.14,5.98,3.8,0.88,2.58,1.95
design_3229,0.62,1.89,1.02,nan,nan,nan,0.63,1.25,9.77,5.58,0.87,3.94,2.7
design_3230,0.5,1.6,0.69,nan,nan,nan,0.56,1.01,6.83,4.23,0.87,3.9,1.84
design_3231,0.68,1.94,1.23,nan,nan,nan,0.65,1.35,14.46,7.61,0.89,15.65,12.09
design_3232,0.46,0.32,1.03,nan,nan,nan,0.43,0.67,14.07,7.41,0.89,27.06,16.01
design_3233,0.48,0.92,1.34,nan,nan,nan,0.54,0.96,14.48,7.73,0.89,19.39,15.56
design_3234,0.37,1.01,1.01,nan,nan,nan,0.5,0.83,11.95,6.5,0.88,3.49,3.58
design_3235,0.35,0.63,0.99,nan,nan,nan,0.44,0.7,4.59,3.14,0.89,1.81,1.55
design_3236,0.41,0.83,1.0,nan,nan,nan,0.46,0.77,12.84,6.89,0.89,13.32,14.05
design_3237,0.4,0.99,1.15,nan,nan,nan,0.51,0.89,11.96,6.53,0.89,3.44,3.91
design_3238,0.57,0.89,1.38,nan,nan,nan,0.54,0.99,15.03,7.92,0.9,39.76,15.29
design_3239,0.38,1.0,1.23,nan,nan,nan,0.5,0.92,9.34,5.41,0.87,1.12,1.49
design_3240,0.91,1.92,1.37,nan,nan,nan,0.71,1.43,14.26,7.53,0.9,19.04,14.01
design_3241,0.65,1.93,1.31,nan,nan,nan,0.69,1.37,13.92,7.38,0.89,12.42,7.48
design_3242,0.7,1.55,1.12,nan,nan,nan,0.6,1.15,14.23,7.6,0.89,11.27,6.4
design_3243,0.52,2.05,1.25,nan,nan,nan,0.7,1.38,13.64,7.24,0.9,24.57,21.2
design_3244,0.84,1.91,1.32,nan,nan,nan,0.68,1.4,12.43,6.69,0.89,23.24,21.88
design_3245,0.69,1.69,1.09,nan,nan,nan,0.62,1.2,9.51,5.52,0.87,5.73,3.26
design_3246,0.69,1.86,1.28,nan,nan,nan,0.66,1.34,7.34,4.4,0.88,5.94,4.51
design_3247,0.93,1.9,1.48,nan,nan,nan,0.71,1.47,13.52,7.18,0.9,22.2,22.1
design_3248,0.58,0.34,0.96,nan,nan,nan,0.42,0.67,13.27,7.08,0.89,19.14,16.42
design_3249,0.45,0.57,0.61,nan,nan,nan,0.39,0.54,11.5,6.26,0.89,4.91,5.9
design_3250,0.55,0.51,0.78,nan,nan,nan,0.49,0.62,4.15,2.88,0.89,21.04,14.26
design_3251,0.41,0.48,0.65,nan,nan,nan,0.39,0.52,5.98,3.75,0.88,4.25,4.95
design_3252,0.6,0.38,0.85,nan,nan,nan,0.42,0.64,14.04,7.39,0.89,16.25,13.28
design_3253,0.54,0.33,0.85,nan,nan,nan,0.41,0.61,11.9,6.41,0.89,23.32,21.92
design_3254,0.45,0.58,0.66,nan,nan,nan,0.38,0.56,11.91,6.44,0.89,4.43,4.37
design_3255,0.43,0.49,0.77,nan,nan,nan,0.38,0.58,11.33,6.17,0.89,2.85,3.54
design_3256,0.56,0.44,0.76,nan,nan,nan,0.48,0.65,15.82,8.09,0.91,21.02,24.57
design_3257,0.9,0.68,1.03,nan,nan,nan,0.56,0.93,15.33,7.97,0.9,17.17,15.74
design_3258,0.59,0.51,0.7,nan,nan,nan,0.47,0.63,16.74,8.51,0.91,25.48,23.08
design_3259,0.55,0.45,0.81,nan,nan,nan,0.48,0.67,14.89,7.69,0.91,22.93,25.87
design_3260,0.71,0.57,0.78,nan,nan,nan,0.51,0.72,16.5,8.41,0.91,18.42,19.09
design_3261,0.6,0.42,0.75,nan,nan,nan,0.46,0.65,16.05,8.2,0.91,19.75,20.5
design_3262,0.57,0.47,0.78,nan,nan,nan,0.48,0.67,14.49,7.49,0.91,23.17,26.56
design_3263,0.61,0.49,0.74,nan,nan,nan,0.48,0.66,16.39,8.33,0.91,22.84,25.54
design_3264,0.43,0.92,1.45,nan,nan,nan,0.6,1.09,12.75,7.11,0.88,20.03,15.88
design_3265,0.49,0.98,2.13,nan,nan,nan,0.76,1.52,14.46,7.82,0.88,14.78,12.19
design_3266,0.42,0.88,1.94,nan,nan,nan,0.7,1.37,12.34,6.87,0.88,13.33,12.09
design_3267,0.52,0.95,1.32,nan,nan,nan,0.58,1.04,11.22,6.37,0.87,13.14,11.71
design_3268,0.49,0.87,2.06,nan,nan,nan,0.74,1.46,14.78,8.04,0.88,11.09,8.42
design_3269,0.5,0.97,1.44,nan,nan,nan,0.61,1.11,13.44,7.32,0.88,6.07,6.53
design_3270,0.44,0.86,1.68,nan,nan,nan,0.65,1.22,12.89,7.13,0.88,13.21,11.59
design_3271,0.45,0.89,2.2,nan,nan,nan,0.77,1.54,12.93,7.13,0.88,13.21,12.59
design_3272,0.77,0.6,0.9,nan,nan,nan,0.54,0.8,16.22,8.33,0.9,22.28,24.32
design_3273,0.84,0.51,0.87,nan,nan,nan,0.53,0.79,15.67,8.05,0.9,23.11,20.66
design_3274,0.88,0.49,0.95,nan,nan,nan,0.55,0.85,15.45,7.94,0.9,21.67,24.55
design_3275,0.68,0.53,1.07,nan,nan,nan,0.56,0.88,16.06,8.23,0.9,23.77,25.37
design_3276,0.79,0.48,1.11,nan,nan,nan,0.59,0.92,13.88,7.26,0.9,23.15,26.5
design_3277,0.76,0.53,0.97,nan,nan,nan,0.54,0.83,16.11,8.24,0.9,24.45,19.83
design_3278,0.87,0.61,1.05,nan,nan,nan,0.57,0.91,15.53,8.06,0.9,17.57,16.39
design_3279,0.81,0.64,0.84,nan,nan,nan,0.52,0.79,15.48,7.97,0.91,17.22,16.52
design_3280,0.67,0.68,1.04,nan,nan,nan,0.54,0.86,12.61,7.03,0.87,1.58,1.69
design_3281,0.66,0.46,3.64,nan,nan,nan,1.15,2.44,15.0,8.18,0.87,4.91,4.68
design_3282,0.72,0.61,1.19,nan,nan,nan,0.56,0.93,13.06,7.21,0.88,4.08,3.73
design_3283,0.68,0.55,1.05,nan,nan,nan,0.53,0.83,11.56,6.55,0.87,6.45,6.15
design_3284,0.85,0.67,1.28,nan,nan,nan,0.6,1.03,11.09,6.37,0.86,7.83,6.85
design_3285,0.65,0.51,4.1,nan,nan,nan,1.27,2.74,15.59,8.48,0.87,4.25,5.5
design_3286,0.71,0.61,1.55,nan,nan,nan,0.63,1.14,14.34,7.78,0.88,2.25,3.27
design_3287,0.67,0.56,1.27,nan,nan,nan,0.57,0.96,12.51,7.1,0.86,1.65,2.12
design_3288,0.45,1.16,1.07,nan,nan,nan,0.5,0.93,3.93,2.87,0.89,0.79,0.98
design_3289,0.52,1.14,1.09,nan,nan,nan,0.52,0.94,11.41,6.28,0.88,2.08,2.95
design_3290,0.56,0.99,1.34,nan,nan,nan,0.55,1.0,5.16,3.47,0.88,1.55,1.7
design_3291,0.62,1.01,1.42,nan,nan,nan,0.55,1.05,13.05,6.98,0.89,20.86,18.48
design_3292,0.73,0.93,1.19,nan,nan,nan,0.53,0.96,12.75,6.87,0.89,22.62,20.85
design_3293,0.45,1.01,1.05,nan,nan,nan,0.51,0.86,5.67,3.73,0.88,1.08,1.21
design_3294,0.46,1.03,1.21,nan,nan,nan,0.52,0.93,13.99,7.46,0.89,20.11,18.53
design_3295,0.59,1.03,1.33,nan,nan,nan,0.58,1.01,13.06,7.04,0.89,21.03,19.69
design_3296,0.53,0.7,0.61,nan,nan,nan,0.46,0.61,16.04,8.23,0.9,17.67,16.57
design_3297,0.77,0.79,0.68,nan,nan,nan,0.49,0.73,16.61,8.47,0.91,23.29,22.4
design_3298,0.69,0.75,0.66,nan,nan,nan,0.48,0.69,16.09,8.19,0.91,16.33,15.95
design_3299,0.75,0.61,0.69,nan,nan,nan,0.51,0.69,18.41,9.35,0.89,31.43,20.29
design_3300,0.66,0.75,0.63,nan,nan,nan,0.48,0.67,15.38,7.9,0.91,21.95,24.38
design_3301,0.56,0.67,0.62,nan,nan,nan,0.45,0.62,15.92,8.21,0.9,15.61,13.25
design_3302,0.77,0.84,0.62,nan,nan,nan,0.49,0.72,16.41,8.42,0.9,15.4,13.43
design_3303,0.51,0.69,0.59,nan,nan,nan,0.46,0.59,15.4,7.88,0.91,22.3,25.36
design_3304,0.76,2.96,1.43,nan,nan,nan,0.91,1.85,4.09,2.94,0.89,1.44,2.03
design_3305,0.55,0.31,1.17,nan,nan,nan,0.54,0.82,15.52,8.09,0.89,42.56,20.07
design_3306,0.69,0.36,1.93,nan,nan,nan,0.68,1.31,5.23,3.45,0.88,1.83,1.24
design_3307,0.52,0.39,1.61,nan,nan,nan,0.62,1.09,7.31,4.4,0.88,1.49,0.96
design_3308,0.68,0.42,1.57,nan,nan,nan,0.61,1.1,15.25,7.97,0.89,25.2,17.74
design_3309,0.71,0.25,1.59,nan,nan,nan,0.62,1.1,8.91,5.15,0.88,4.52,2.88
design_3310,0.55,0.45,1.38,nan,nan,nan,0.58,0.97,13.49,7.14,0.9,6.29,6.3
design_3311,0.59,0.45,1.91,nan,nan,nan,0.7,1.29,6.4,4.03,0.88,3.42,2.18
design_3312,0.5,0.85,1.18,nan,nan,nan,0.58,0.95,12.9,7.05,0.88,17.78,16.58
design_3313,0.64,0.81,1.71,nan,nan,nan,0.69,1.3,16.79,9.0,0.88,15.81,15.59
design_3314,0.77,0.71,1.08,nan,nan,nan,0.54,0.92,13.5,7.38,0.87,12.88,11.38
design_3315,0.45,0.88,1.82,nan,nan,nan,0.71,1.35,15.12,8.26,0.87,15.93,15.44
design_3316,0.53,0.72,1.38,nan,nan,nan,0.6,1.06,16.21,8.79,0.87,7.46,7.72
design_3317,0.59,0.79,1.79,nan,nan,nan,0.7,1.34,15.02,8.17,0.88,4.11,4.07
design_3318,0.58,0.79,1.13,nan,nan,nan,0.56,0.93,14.82,8.04,0.87,16.25,15.9
design_3319,0.44,0.81,1.75,nan,nan,nan,0.69,1.3,17.43,9.28,0.87,31.15,15.04
design_3320,0.75,0.36,2.55,nan,nan,nan,0.91,1.82,16.68,8.74,0.87,30.48,19.77
design_3321,0.94,0.45,2.7,nan,nan,nan,0.96,1.94,19.07,9.85,0.88,28.76,17.37
design_3322,0.86,0.44,2.23,nan,nan,nan,0.84,1.62,15.62,8.52,0.87,11.57,11.19
design_3323,0.71,0.55,2.95,nan,nan,nan,1.02,2.09,18.81,9.73,0.88,25.39,18.58
design_3324,0.8,0.44,2.38,nan,nan,nan,0.87,1.71,15.52,8.39,0.87,13.78,9.38
design_3325,0.54,0.6,2.05,nan,nan,nan,0.76,1.48,15.13,8.36,0.86,20.84,20.53
design_3326,0.91,0.59,2.0,nan,nan,nan,0.78,1.5,16.48,8.92,0.88,18.13,18.67
design_3327,0.84,0.51,1.85,nan,nan,nan,0.74,1.38,16.74,9.01,0.88,17.57,19.39
design_3328,0.62,0.68,0.67,nan,nan,nan,0.46,0.66,15.67,8.23,0.89,14.67,11.6
design_3329,0.63,0.79,0.71,nan,nan,nan,0.46,0.71,16.39,8.39,0.9,22.9,22.84
design_3330,0.74,0.65,0.81,nan,nan,nan,0.49,0.75,15.71,8.09,0.9,15.01,16.13
design_3331,0.72,0.64,0.81,nan,nan,nan,0.48,0.75,14.1,7.38,0.9,20.89,22.34
design_3332,0.7,0.69,0.89,nan,nan,nan,0.52,0.8,16.26,8.45,0.89,12.42,11.61
design_3333,0.42,0.7,0.71,nan,nan,nan,0.44,0.64,15.9,8.15,0.9,21.14,22.8
design_3334,0.66,0.78,0.82,nan,nan,nan,0.5,0.77,15.56,8.01,0.9,21.06,21.42
design_3335,0.65,0.63,0.67,nan,nan,nan,0.47,0.66,16.81,8.67,0.9,19.9,20.96
design_3336,0.72,0.58,2.64,nan,nan,nan,0.71,1.5,11.04,6.25,0.87,17.58,17.94
design_3337,0.85,0.64,2.52,nan,nan,nan,0.71,1.47,14.16,7.72,0.88,22.27,19.14
design_3338,0.77,0.55,2.58,nan,nan,nan,0.72,1.48,13.61,7.43,0.87,12.58,8.98
design_3339,1.08,0.53,1.5,nan,nan,nan,0.59,1.08,11.25,6.43,0.87,15.59,15.13
design_3340,0.75,0.54,2.77,nan,nan,nan,0.73,1.57,11.77,6.6,0.87,16.49,15.72
design_3341,0.87,0.58,1.77,nan,nan,nan,0.61,1.13,10.9,6.25,0.86,15.07,14.43
design_3342,0.97,0.58,1.97,nan,nan,nan,0.65,1.24,11.84,6.66,0.87,9.08,8.25
design_3343,1.09,0.57,2.42,nan,nan,nan,0.72,1.48,11.5,6.58,0.87,9.99,8.33
design_3344,0.71,0.4,1.41,nan,nan,nan,0.57,0.99,9.72,5.45,0.88,19.77,11.19
design_3345,0.57,0.43,1.21,nan,nan,nan,0.51,0.85,10.85,6.0,0.88,1.76,2.01
design_3346,0.45,0.44,0.87,nan,nan,nan,0.46,0.64,4.77,3.23,0.88,0.99,0.99
design_3347,0.69,0.41,1.5,nan,nan,nan,0.56,1.03,14.09,7.45,0.89,2.97,2.83
design_3348,0.68,0.33,1.73,nan,nan,nan,0.61,1.15,14.21,7.54,0.89,23.28,16.05
design_3349,0.83,0.46,1.54,nan,nan,nan,0.57,1.09,17.03,8.88,0.88,24.58,18.18
design_3350,0.42,0.49,1.48,nan,nan,nan,0.54,0.98,14.25,7.53,0.9,21.65,20.46
design_3351,0.6,0.36,1.57,nan,nan,nan,0.57,1.05,13.88,7.38,0.89,22.92,15.92
design_3352,0.82,0.44,0.7,nan,nan,nan,0.47,0.69,15.09,7.82,0.9,11.37,10.71
design_3353,0.9,0.77,0.89,nan,nan,nan,0.52,0.87,16.56,8.5,0.9,21.74,17.3
design_3354,0.87,0.47,0.68,nan,nan,nan,0.49,0.7,13.05,6.87,0.9,13.56,13.58
design_3355,0.79,0.45,0.64,nan,nan,nan,0.46,0.65,15.0,7.75,0.9,9.8,9.39
design_3356,0.57,0.5,0.71,nan,nan,nan,0.46,0.63,14.96,7.72,0.9,9.02,7.38
design_3357,0.57,0.62,0.93,nan,nan,nan,0.51,0.77,14.86,7.66,0.91,11.47,10.49
design_3358,0.86,0.41,0.77,nan,nan,nan,0.5,0.73,14.45,7.55,0.9,8.53,7.69
design_3359,0.87,0.41,0.6,nan,nan,nan,0.47,0.65,15.65,8.06,0.9,8.41,5.64
design_3360,0.38,0.6,2.0,nan,nan,nan,0.75,1.43,10.79,6.35,0.85,13.74,13.4
design_3361,0.53,0.53,1.21,nan,nan,nan,0.55,0.92,13.99,7.7,0.87,8.49,5.24
design_3362,0.43,0.59,1.29,nan,nan,nan,0.57,0.96,9.93,5.65,0.88,13.37,12.34
design_3363,0.42,0.64,1.31,nan,nan,nan,0.57,0.98,11.61,6.6,0.86,11.19,11.52
design_3364,0.48,0.65,1.38,nan,nan,nan,0.6,1.04,12.57,7.07,0.86,23.65,19.74
design_3365,0.52,0.54,1.38,nan,nan,nan,0.58,1.03,12.85,7.22,0.87,12.61,11.27
design_3366,0.52,0.6,1.31,nan,nan,nan,0.58,1.0,15.95,8.66,0.87,9.53,10.06
design_3367,0.38,0.6,1.57,nan,nan,nan,0.64,1.14,12.21,6.97,0.86,13.09,11.61
design_3368,0.46,0.9,0.86,nan,nan,nan,0.49,0.77,13.65,7.31,0.89,5.14,3.81
design_3369,0.53,1.06,0.8,nan,nan,nan,0.5,0.81,10.81,6.02,0.88,7.34,6.32
design_3370,0.51,0.93,0.96,nan,nan,nan,0.52,0.84,10.8,6.03,0.88,8.99,8.28
design_3371,0.5,0.97,1.03,nan,nan,nan,0.52,0.88,11.09,6.19,0.88,8.25,7.65
design_3372,0.58,0.91,0.9,nan,nan,nan,0.52,0.82,10.67,5.94,0.88,8.27,7.66
design_3373,0.54,0.99,0.82,nan,nan,nan,0.51,0.8,11.27,6.19,0.88,9.4,7.54
design_3374,0.59,1.06,1.08,nan,nan,nan,0.54,0.95,11.16,6.26,0.87,8.45,7.89
design_3375,0.55,1.0,1.31,nan,nan,nan,0.57,1.05,14.82,7.91,0.89,10.65,6.92
design_3376,0.43,0.59,0.69,nan,nan,nan,0.45,0.59,9.3,5.3,0.88,5.0,5.29
design_3377,0.73,0.56,1.35,nan,nan,nan,0.56,0.98,14.92,7.83,0.89,30.45,12.37
design_3378,0.48,0.43,1.13,nan,nan,nan,0.48,0.79,14.6,7.66,0.89,27.66,19.28
design_3379,0.51,0.64,0.98,nan,nan,nan,0.47,0.76,15.29,8.03,0.9,11.46,7.91
design_3380,0.51,0.62,0.83,nan,nan,nan,0.45,0.68,14.64,7.73,0.89,15.2,8.83
design_3381,0.48,0.61,0.62,nan,nan,nan,0.42,0.57,12.06,6.57,0.89,3.59,3.29
design_3382,0.53,0.64,1.02,nan,nan,nan,0.48,0.78,14.46,7.64,0.89,14.99,14.02
design_3383,0.51,0.59,1.0,nan,nan,nan,0.47,0.75,13.88,7.34,0.89,16.47,13.25
design_3384,0.61,1.01,1.6,nan,nan,nan,0.63,1.13,13.44,7.28,0.89,22.56,21.05
design_3385,0.51,0.96,1.42,nan,nan,nan,0.59,1.01,12.39,6.78,0.88,15.43,17.87
design_3386,0.51,0.96,1.2,nan,nan,nan,0.56,0.92,12.12,6.59,0.88,23.51,23.27
design_3387,0.69,1.0,1.13,nan,nan,nan,0.58,0.94,11.74,6.37,0.88,23.51,23.7
design_3388,0.59,1.13,1.88,nan,nan,nan,0.67,1.28,8.85,5.27,0.87,2.58,2.99
design_3389,0.54,1.1,1.64,nan,nan,nan,0.63,1.16,11.65,6.51,0.87,23.43,24.02
design_3390,0.56,1.06,1.56,nan,nan,nan,0.63,1.11,12.05,6.63,0.88,23.5,22.96
design_3391,0.68,1.05,1.36,nan,nan,nan,0.6,1.05,11.51,6.3,0.88,24.09,23.61
design_3392,0.7,1.08,1.57,nan,nan,nan,0.64,1.2,13.58,7.19,0.9,12.36,8.84
design_3393,0.75,1.09,1.91,nan,nan,nan,0.7,1.38,15.13,7.89,0.9,21.25,16.48
design_3394,0.62,1.22,1.53,nan,nan,nan,0.65,1.2,13.54,7.17,0.9,20.41,12.11
design_3395,0.69,0.9,1.64,nan,nan,nan,0.64,1.19,11.07,6.04,0.89,19.4,11.43
design_3396,0.76,1.19,1.67,nan,nan,nan,0.68,1.29,14.72,7.71,0.9,24.41,18.68
design_3397,0.72,1.19,1.73,nan,nan,nan,0.68,1.31,13.83,7.28,0.9,3.58,3.31
design_3398,0.53,1.14,1.03,nan,nan,nan,0.56,0.93,9.97,5.55,0.89,1.38,1.65
design_3399,0.94,0.66,1.34,nan,nan,nan,0.57,1.05,13.32,7.12,0.89,17.37,10.27
design_3400,0.47,0.67,1.0,nan,nan,nan,0.46,0.78,8.74,5.07,0.87,3.06,3.38
design_3401,0.36,0.39,1.04,nan,nan,nan,0.45,0.72,8.63,5.01,0.87,4.54,4.32
design_3402,0.37,0.38,1.25,nan,nan,nan,0.49,0.85,8.77,5.06,0.87,3.37,2.49
design_3403,0.38,0.68,0.95,nan,nan,nan,0.46,0.74,7.94,4.7,0.87,4.97,5.35
design_3404,0.4,0.57,1.19,nan,nan,nan,0.49,0.85,8.74,5.04,0.87,4.38,4.4
design_3405,0.35,0.7,0.81,nan,nan,nan,0.44,0.66,5.89,3.79,0.87,3.96,4.23
design_3406,0.37,0.38,0.96,nan,nan,nan,0.44,0.68,9.59,5.41,0.88,3.93,4.2
design_3407,0.56,0.5,1.6,nan,nan,nan,0.58,1.11,15.78,8.29,0.88,42.76,15.69
design_3408,0.52,0.49,0.78,nan,nan,nan,0.45,0.63,13.83,7.34,0.9,2.37,1.56
design_3409,0.47,0.49,0.85,nan,nan,nan,0.44,0.66,13.53,7.22,0.89,8.59,7.34
design_3410,0.41,0.54,0.61,nan,nan,nan,0.42,0.53,11.9,6.48,0.89,2.51,2.71
design_3411,0.45,0.49,0.64,nan,nan,nan,0.43,0.55,13.58,7.22,0.89,9.73,8.71
design_3412,0.42,0.6,0.76,nan,nan,nan,0.44,0.63,10.97,6.04,0.88,2.73,3.49
design_3413,0.42,0.51,0.69,nan,nan,nan,0.41,0.57,12.09,6.54,0.89,3.07,4.05
design_3414,0.47,0.59,0.88,nan,nan,nan,0.47,0.69,12.46,6.8,0.89,2.41,2.35
design_3415,0.41,0.46,0.62,nan,nan,nan,0.42,0.52,11.02,6.04,0.89,3.02,3.5
design_3416,0.41,0.87,0.75,nan,nan,nan,0.49,0.7,10.45,5.66,0.9,23.19,27.07
design_3417,0.65,0.85,1.92,nan,nan,nan,0.7,1.33,15.47,8.19,0.89,23.35,26.58
design_3418,0.63,0.8,0.85,nan,nan,nan,0.51,0.77,12.1,6.65,0.88,23.39,28.15
design_3419,0.62,0.94,0.91,nan,nan,nan,0.51,0.83,10.34,5.85,0.87,23.48,29.98
design_3420,0.75,0.95,1.19,nan,nan,nan,0.58,0.99,15.35,8.11,0.89,7.24,3.12
design_3421,0.65,0.85,1.58,nan,nan,nan,0.63,1.14,14.82,7.95,0.89,22.45,26.0
design_3422,0.79,0.91,1.36,nan,nan,nan,0.61,1.07,14.95,7.99,0.89,21.15,22.54
design_3423,0.79,1.02,0.66,nan,nan,nan,0.53,0.82,12.47,6.8,0.88,6.58,3.51
design_3424,0.65,1.14,3.04,nan,nan,nan,1.05,2.17,16.6,9.08,0.86,14.23,12.03
design_3425,0.8,1.19,4.38,nan,nan,nan,1.43,3.05,15.65,8.79,0.85,10.5,10.99
design_3426,1.01,1.06,3.67,nan,nan,nan,1.23,2.59,17.29,9.36,0.87,13.96,9.13
design_3427,0.81,1.19,3.41,nan,nan,nan,1.16,2.43,14.11,8.05,0.85,8.41,9.31
design_3428,0.95,1.26,3.89,nan,nan,nan,1.3,2.76,18.69,10.18,0.86,19.96,19.93
design_3429,0.6,1.23,3.07,nan,nan,nan,1.05,2.19,17.8,9.67,0.86,15.53,15.56
design_3430,0.77,1.2,3.6,nan,nan,nan,1.21,2.54,16.85,9.3,0.86,23.44,23.48
design_3431,0.66,1.22,4.18,nan,nan,nan,1.36,2.91,17.15,9.45,0.86,7.84,6.25
design_3432,0.44,0.76,1.5,nan,nan,nan,0.55,0.98,13.15,7.19,0.88,17.26,16.63
design_3433,0.64,0.78,6.5,nan,nan,nan,1.56,3.7,13.99,7.6,0.88,11.24,9.5
design_3434,0.65,0.76,1.27,nan,nan,nan,0.53,0.92,12.31,6.59,0.89,18.22,18.25
design_3435,0.51,0.78,1.17,nan,nan,nan,0.51,0.85,13.13,6.97,0.89,5.09,6.73
design_3436,0.5,0.81,1.11,nan,nan,nan,0.5,0.83,14.38,7.54,0.9,28.27,19.6
design_3437,0.57,0.82,1.0,nan,nan,nan,0.51,0.8,12.8,6.87,0.89,5.6,7.03
design_3438,0.57,0.81,1.1,nan,nan,nan,0.51,0.84,12.57,6.71,0.89,20.08,19.02
design_3439,0.44,0.72,1.05,nan,nan,nan,0.49,0.76,13.51,7.18,0.89,4.97,4.25
design_3440,0.32,0.29,1.56,nan,nan,nan,0.56,0.99,13.74,7.43,0.88,26.02,16.47
design_3441,0.48,0.45,1.38,nan,nan,nan,0.55,0.93,14.36,7.66,0.89,30.17,16.3
design_3442,0.57,0.42,2.23,nan,nan,nan,0.72,1.43,11.0,6.23,0.87,18.48,16.13
design_3443,0.47,0.39,1.98,nan,nan,nan,0.66,1.27,11.26,6.31,0.87,12.83,9.81
design_3444,0.46,0.36,1.26,nan,nan,nan,0.53,0.84,14.19,7.59,0.88,20.31,13.44
design_3445,0.43,0.4,1.43,nan,nan,nan,0.55,0.94,14.95,7.92,0.89,30.66,15.88
design_3446,0.84,0.46,1.84,nan,nan,nan,0.66,1.26,11.16,6.21,0.88,18.21,16.27
design_3447,0.65,0.36,1.23,nan,nan,nan,0.54,0.87,11.82,6.46,0.88,18.19,16.12
design_3448,0.59,0.81,2.03,nan,nan,nan,0.61,1.22,11.06,6.21,0.87,6.44,3.99
design_3449,0.59,1.19,1.94,nan,nan,nan,0.66,1.28,7.3,4.56,0.87,3.61,2.46
design_3450,0.61,1.21,2.05,nan,nan,nan,0.7,1.34,5.46,3.68,0.87,5.06,4.39
design_3451,0.72,1.33,1.31,nan,nan,nan,0.63,1.12,7.22,4.48,0.87,5.51,5.05
design_3452,0.54,0.89,2.06,nan,nan,nan,0.65,1.25,6.67,4.23,0.87,2.55,2.17
design_3453,0.66,1.41,1.28,nan,nan,nan,0.6,1.14,12.15,6.77,0.87,10.7,9.5
design_3454,0.62,1.25,1.73,nan,nan,nan,0.62,1.23,12.78,7.03,0.88,16.98,14.33
design_3455,0.49,0.92,1.24,nan,nan,nan,0.53,0.89,9.98,5.75,0.87,23.85,21.82
design_3456,0.6,0.49,0.64,nan,nan,nan,0.47,0.6,13.74,7.19,0.9,19.32,21.63
design_3457,0.55,0.49,0.7,nan,nan,nan,0.47,0.61,16.66,8.62,0.9,21.25,23.44
design_3458,0.57,0.52,0.67,nan,nan,nan,0.47,0.61,12.13,6.48,0.9,22.03,23.66
design_3459,0.87,0.59,0.61,nan,nan,nan,0.5,0.69,14.99,7.96,0.89,20.12,22.3
design_3460,0.84,0.58,0.68,nan,nan,nan,0.52,0.71,15.34,7.96,0.9,20.58,18.41
design_3461,0.63,0.54,0.68,nan,nan,nan,0.49,0.63,12.87,6.79,0.9,21.71,23.01
design_3462,0.72,0.47,0.7,nan,nan,nan,0.49,0.66,16.16,8.26,0.91,19.11,22.44
design_3463,0.58,0.55,0.83,nan,nan,nan,0.51,0.7,13.99,7.32,0.9,20.72,22.22
design_3464,0.53,0.61,1.2,nan,nan,nan,0.51,0.82,13.55,7.24,0.89,25.89,17.95
design_3465,0.34,0.56,0.76,nan,nan,nan,0.43,0.57,14.27,7.54,0.89,24.18,15.04
design_3466,0.39,0.7,0.78,nan,nan,nan,0.45,0.63,13.87,7.35,0.89,25.81,19.01
design_3467,0.29,0.75,0.79,nan,nan,nan,0.44,0.64,14.07,7.44,0.89,18.5,13.65
design_3468,0.3,0.6,0.66,nan,nan,nan,0.42,0.54,14.18,7.45,0.9,26.88,17.32
design_3469,0.53,0.52,1.02,nan,nan,nan,0.47,0.72,14.82,7.68,0.91,27.78,19.71
design_3470,0.35,0.68,1.26,nan,nan,nan,0.49,0.83,14.85,7.75,0.9,20.75,16.75
design_3471,0.29,0.62,0.75,nan,nan,nan,0.43,0.57,13.69,7.23,0.9,25.49,18.76
design_3472,0.59,0.56,0.62,nan,nan,nan,0.44,0.6,13.34,7.11,0.89,4.05,2.96
design_3473,0.54,0.53,0.73,nan,nan,nan,0.44,0.64,15.22,7.91,0.9,2.58,2.29
design_3474,0.76,0.41,0.75,nan,nan,nan,0.46,0.68,14.99,7.86,0.89,7.98,8.5
design_3475,0.52,0.52,0.61,nan,nan,nan,0.41,0.57,16.37,8.37,0.9,3.25,3.27
design_3476,0.59,0.53,1.12,nan,nan,nan,0.52,0.88,13.01,7.09,0.88,15.43,17.01
design_3477,0.92,0.53,0.94,nan,nan,nan,0.53,0.85,13.82,7.48,0.88,6.2,7.38
design_3478,0.63,0.55,1.52,nan,nan,nan,0.64,1.14,13.42,7.31,0.88,12.25,13.92
design_3479,0.52,0.48,1.07,nan,nan,nan,0.51,0.83,3.54,2.63,0.9,18.28,16.97
design_3480,0.5,0.77,0.73,nan,nan,nan,0.47,0.69,15.7,8.1,0.9,11.43,6.9
design_3481,0.76,0.89,0.86,nan,nan,nan,0.53,0.84,14.57,7.63,0.9,7.44,7.32
design_3482,0.59,0.86,0.83,nan,nan,nan,0.5,0.78,15.54,7.99,0.9,15.94,14.81
design_3483,0.46,0.88,0.79,nan,nan,nan,0.5,0.74,15.59,8.02,0.9,20.66,16.74
design_3484,0.43,0.81,0.79,nan,nan,nan,0.47,0.71,15.38,7.99,0.9,11.93,11.01
design_3485,0.79,0.93,0.77,nan,nan,nan,0.52,0.81,15.92,8.18,0.9,21.48,23.18
design_3486,0.83,0.94,0.78,nan,nan,nan,0.54,0.83,16.2,8.35,0.9,22.69,12.07
design_3487,0.45,0.77,0.76,nan,nan,nan,0.47,0.7,15.15,7.85,0.9,13.57,9.29
design_3488,0.35,0.67,1.32,nan,nan,nan,0.5,0.86,11.59,6.31,0.89,18.38,13.67
design_3489,0.53,0.57,1.39,nan,nan,nan,0.52,0.9,12.55,6.82,0.88,22.38,12.2
design_3490,0.53,0.7,1.31,nan,nan,nan,0.51,0.9,14.59,7.7,0.89,15.61,12.59
design_3491,0.8,0.76,2.13,nan,nan,nan,0.67,1.36,12.72,6.96,0.88,18.87,14.0
design_3492,0.55,0.6,1.26,nan,nan,nan,0.5,0.85,10.35,5.75,0.88,18.09,12.2
design_3493,0.97,0.81,1.75,nan,nan,nan,0.63,1.23,4.63,3.19,0.89,20.56,18.32
design_3494,0.35,0.66,1.46,nan,nan,nan,0.52,0.92,15.37,8.06,0.89,11.67,10.59
design_3495,0.39,0.57,1.25,nan,nan,nan,0.5,0.81,10.52,5.87,0.88,18.98,11.76
design_3496,0.55,0.52,2.15,nan,nan,nan,0.81,1.54,14.85,8.02,0.88,12.56,12.2
design_3497,0.47,0.64,1.1,nan,nan,nan,0.52,0.86,16.55,8.79,0.88,7.07,7.62
design_3498,0.46,0.57,1.18,nan,nan,nan,0.55,0.9,17.31,9.15,0.88,14.72,10.48
design_3499,1.29,0.5,1.41,nan,nan,nan,0.66,1.22,14.64,7.94,0.88,14.43,15.05
design_3500,1.28,0.4,3.1,nan,nan,nan,1.1,2.26,12.79,7.28,0.86,14.41,13.47
design_3501,0.4,0.64,1.17,nan,nan,nan,0.54,0.89,15.76,8.46,0.88,12.22,11.71
design_3502,0.47,0.65,1.39,nan,nan,nan,0.61,1.04,15.98,8.58,0.88,7.88,7.1
design_3503,0.47,0.59,1.18,nan,nan,nan,0.54,0.9,16.23,8.78,0.87,3.27,2.89
design_3504,0.56,0.48,0.74,nan,nan,nan,0.46,0.64,15.29,7.86,0.9,11.88,10.37
design_3505,0.66,0.54,0.83,nan,nan,nan,0.5,0.72,15.04,7.79,0.9,7.99,8.29
design_3506,0.56,0.42,0.77,nan,nan,nan,0.46,0.65,16.75,8.5,0.91,17.58,14.67
design_3507,0.58,0.55,0.7,nan,nan,nan,0.46,0.64,16.72,8.49,0.91,24.25,19.16
design_3508,0.68,0.51,1.02,nan,nan,nan,0.54,0.84,14.58,7.57,0.9,13.49,14.96
design_3509,0.66,0.46,0.67,nan,nan,nan,0.46,0.62,14.67,7.62,0.9,21.94,17.67
design_3510,0.66,0.56,0.78,nan,nan,nan,0.49,0.7,16.22,8.26,0.91,21.44,22.62
design_3511,0.59,0.33,1.0,nan,nan,nan,0.53,0.78,13.05,6.94,0.89,20.1,17.99
design_3512,0.45,1.0,1.0,nan,nan,nan,0.52,0.85,12.26,6.69,0.89,24.15,24.62
design_3513,0.46,1.08,1.48,nan,nan,nan,0.59,1.09,12.55,6.8,0.89,20.95,20.02
design_3514,0.43,1.13,0.9,nan,nan,nan,0.51,0.86,11.01,6.05,0.89,2.61,3.69
design_3515,0.45,1.1,1.15,nan,nan,nan,0.55,0.95,9.34,5.28,0.88,1.56,1.97
design_3516,0.46,1.05,1.07,nan,nan,nan,0.51,0.9,13.34,7.06,0.9,24.05,23.8
design_3517,0.51,1.03,1.05,nan,nan,nan,0.54,0.89,12.41,6.71,0.89,24.13,23.85
design_3518,0.41,1.03,0.92,nan,nan,nan,0.49,0.82,15.36,7.99,0.9,16.54,11.35
design_3519,0.43,0.89,0.96,nan,nan,nan,0.48,0.79,14.2,7.47,0.89,11.99,7.61
design_3520,0.39,0.83,1.77,nan,nan,nan,0.69,1.31,11.66,6.71,0.86,18.48,16.58
design_3521,0.44,0.73,1.05,nan,nan,nan,0.54,0.84,15.49,8.28,0.88,14.35,12.07
design_3522,0.36,0.73,1.21,nan,nan,nan,0.57,0.93,15.02,8.21,0.87,9.74,8.27
design_3523,0.49,0.63,0.91,nan,nan,nan,0.52,0.75,9.63,5.9,0.84,11.27,7.68
design_3524,0.47,0.74,2.03,nan,nan,nan,0.78,1.47,12.32,6.96,0.86,17.53,15.51
design_3525,0.51,0.86,2.06,nan,nan,nan,0.79,1.51,14.62,7.89,0.87,3.78,2.89
design_3526,0.52,0.83,1.55,nan,nan,nan,0.66,1.18,11.01,6.67,0.84,17.83,15.63
design_3527,0.63,0.82,1.05,nan,nan,nan,0.55,0.89,16.42,8.85,0.87,10.74,8.81
design_3528,0.48,0.74,1.24,nan,nan,nan,0.51,0.89,12.4,6.73,0.88,5.99,6.38
design_3529,0.67,0.8,1.02,nan,nan,nan,0.5,0.84,15.15,8.05,0.89,15.02,9.5
design_3530,0.38,0.64,0.92,nan,nan,nan,0.46,0.69,8.72,5.02,0.88,1.5,1.56
design_3531,0.39,0.77,0.97,nan,nan,nan,0.46,0.75,9.65,5.47,0.88,1.34,1.5
design_3532,0.88,0.69,1.65,nan,nan,nan,0.61,1.17,9.81,5.62,0.87,3.59,4.61
design_3533,0.62,0.69,0.83,nan,nan,nan,0.48,0.72,9.04,5.23,0.88,2.57,2.95
design_3534,0.54,0.74,1.41,nan,nan,nan,0.54,0.98,10.82,6.1,0.88,1.27,1.4
design_3535,0.54,0.66,1.07,nan,nan,nan,0.47,0.8,11.55,6.3,0.89,2.53,1.73
design_3536,0.43,0.78,0.84,nan,nan,nan,0.47,0.7,11.21,6.14,0.89,3.94,4.77
design_3537,1.15,1.16,1.66,nan,nan,nan,0.73,1.33,9.56,5.4,0.88,2.24,2.87
design_3538,0.55,1.03,1.37,nan,nan,nan,0.56,1.02,11.9,6.6,0.88,2.14,3.05
design_3539,0.81,0.6,1.85,nan,nan,nan,0.63,1.2,13.93,7.5,0.88,19.42,8.96
design_3540,0.54,0.67,1.36,nan,nan,nan,0.54,0.91,13.35,7.19,0.88,15.69,8.75
design_3541,0.57,0.93,1.35,nan,nan,nan,0.56,0.98,10.47,5.94,0.87,3.28,3.74
design_3542,0.4,0.78,0.78,nan,nan,nan,0.45,0.67,10.55,5.82,0.89,2.96,3.75
design_3543,0.46,0.76,0.87,nan,nan,nan,0.5,0.71,7.62,4.5,0.88,5.13,6.45
design_3544,0.71,0.38,1.63,nan,nan,nan,0.57,1.11,11.75,6.37,0.89,24.47,24.14
design_3545,0.7,0.49,1.45,nan,nan,nan,0.54,1.02,11.38,6.23,0.89,24.57,24.31
design_3546,0.63,0.56,1.6,nan,nan,nan,0.58,1.09,14.45,7.64,0.89,31.07,20.97
design_3547,0.59,0.43,1.59,nan,nan,nan,0.56,1.06,14.16,7.47,0.9,25.53,21.07
design_3548,0.52,0.39,0.91,nan,nan,nan,0.45,0.67,5.64,3.63,0.88,3.16,1.97
design_3549,0.58,0.54,1.05,nan,nan,nan,0.48,0.79,7.26,4.33,0.88,2.69,1.76
design_3550,0.72,0.4,1.44,nan,nan,nan,0.54,1.01,14.12,7.46,0.9,23.7,21.62
design_3551,0.62,0.52,1.42,nan,nan,nan,0.53,0.99,14.74,7.79,0.9,16.34,18.04
design_3552,0.7,0.71,1.02,nan,nan,nan,0.56,0.86,14.58,7.63,0.9,22.5,23.75
design_3553,0.78,0.7,0.91,nan,nan,nan,0.55,0.82,14.83,7.73,0.9,21.88,22.97
design_3554,0.72,0.74,1.01,nan,nan,nan,0.56,0.87,15.09,7.81,0.9,21.62,23.06
design_3555,0.63,0.74,0.9,nan,nan,nan,0.54,0.79,13.8,7.31,0.9,23.9,27.1
design_3556,0.56,0.58,2.98,nan,nan,nan,1.0,2.06,15.93,8.43,0.87,10.11,8.98
design_3557,0.63,0.79,0.9,nan,nan,nan,0.54,0.8,13.16,6.97,0.89,23.55,26.52
design_3558,0.63,0.74,0.95,nan,nan,nan,0.54,0.82,14.29,7.51,0.9,23.39,27.12
design_3559,0.57,0.66,1.83,nan,nan,nan,0.7,1.32,16.86,9.04,0.87,29.6,18.67
design_3560,0.71,0.94,1.67,nan,nan,nan,0.68,1.26,12.73,7.1,0.87,23.65,30.14
design_3561,0.88,0.94,2.76,nan,nan,nan,0.95,1.94,17.59,9.37,0.88,21.91,24.38
design_3562,0.69,0.91,2.05,nan,nan,nan,0.77,1.48,14.47,7.87,0.88,23.65,29.51
design_3563,0.84,0.87,2.24,nan,nan,nan,0.82,1.61,16.48,8.87,0.88,21.8,20.16
design_3564,0.74,0.92,2.37,nan,nan,nan,0.85,1.68,15.4,8.3,0.88,23.57,29.51
design_3565,0.7,0.88,1.96,nan,nan,nan,0.74,1.42,15.03,8.12,0.88,6.41,6.68
design_3566,0.7,0.94,1.93,nan,nan,nan,0.74,1.41,13.92,7.61,0.88,23.4,28.49
design_3567,0.87,1.12,3.03,nan,nan,nan,1.02,2.13,16.24,8.63,0.89,13.26,14.51
design_3568,0.56,0.83,4.28,nan,nan,nan,1.37,2.94,14.83,8.39,0.86,9.39,8.65
design_3569,0.51,0.99,5.04,nan,nan,nan,1.59,3.46,14.67,8.3,0.87,18.03,14.97
design_3570,0.67,0.78,0.64,nan,nan,nan,0.48,0.69,16.98,8.88,0.89,24.34,13.64
design_3571,1.16,0.81,5.71,nan,nan,nan,1.81,3.94,13.51,7.72,0.87,13.26,10.65
design_3572,0.69,0.82,5.53,nan,nan,nan,1.74,3.78,14.94,8.39,0.87,9.14,10.69
design_3573,0.61,0.87,6.14,nan,nan,nan,1.92,4.19,13.74,7.84,0.87,10.11,10.11
design_3574,1.1,0.58,0.72,nan,nan,nan,0.5,0.82,15.72,8.24,0.89,18.86,14.79
design_3575,0.63,0.92,5.2,nan,nan,nan,1.64,3.57,14.76,8.33,0.87,20.32,15.44
design_3576,0.5,1.46,0.78,nan,nan,nan,0.57,0.96,4.38,3.04,0.89,3.18,1.33
design_3577,0.57,1.61,0.73,nan,nan,nan,0.59,1.03,3.56,2.68,0.89,3.84,1.51
design_3578,0.83,0.9,0.88,nan,nan,nan,0.52,0.87,14.55,7.77,0.89,27.13,19.96
design_3579,0.64,1.35,0.65,nan,nan,nan,0.54,0.91,3.27,2.55,0.9,3.22,1.39
design_3580,0.65,1.25,0.79,nan,nan,nan,0.55,0.91,3.88,2.81,0.89,2.6,1.25
design_3581,0.6,0.62,0.81,nan,nan,nan,0.48,0.69,14.96,7.89,0.89,32.13,23.93
design_3582,0.7,1.63,0.73,nan,nan,nan,0.59,1.06,3.67,2.72,0.9,4.06,1.59
design_3583,0.68,1.58,0.73,nan,nan,nan,0.57,1.03,3.82,2.87,0.89,2.92,1.36
design_3584,0.43,0.32,1.44,nan,nan,nan,0.54,0.97,11.61,6.32,0.89,11.1,8.15
design_3585,0.48,0.31,1.68,nan,nan,nan,0.6,1.12,11.42,6.24,0.89,8.24,5.97
design_3586,0.43,0.32,1.91,nan,nan,nan,0.65,1.26,12.51,6.73,0.89,7.47,4.75
design_3587,0.42,0.43,1.15,nan,nan,nan,0.48,0.8,10.42,5.79,0.88,17.13,12.57
design_3588,0.45,0.42,1.48,nan,nan,nan,0.57,1.0,12.53,6.76,0.89,8.17,5.89
design_3589,0.55,0.51,1.98,nan,nan,nan,0.68,1.33,14.05,7.52,0.89,8.07,5.23
design_3590,0.5,0.3,1.58,nan,nan,nan,0.58,1.06,14.13,7.45,0.9,16.04,8.72
design_3591,0.56,0.44,1.76,nan,nan,nan,0.63,1.19,12.7,6.87,0.89,6.26,4.72
design_3592,0.69,0.5,0.61,nan,nan,nan,0.47,0.61,12.09,6.53,0.89,14.43,19.33
design_3593,0.6,0.52,0.69,nan,nan,nan,0.48,0.63,16.51,8.42,0.9,19.12,20.61
design_3594,0.6,0.51,0.73,nan,nan,nan,0.49,0.65,16.01,8.24,0.9,14.92,13.61
design_3595,0.56,0.46,0.63,nan,nan,nan,0.46,0.58,15.9,8.22,0.9,19.74,21.54
design_3596,0.54,0.49,0.61,nan,nan,nan,0.44,0.56,16.76,8.61,0.9,18.92,20.74
design_3597,0.61,0.62,0.77,nan,nan,nan,0.5,0.69,15.84,8.19,0.89,20.7,23.61
design_3598,0.75,0.58,0.8,nan,nan,nan,0.5,0.74,16.27,8.44,0.89,12.82,9.7
design_3599,0.69,0.43,0.64,nan,nan,nan,0.47,0.62,16.6,8.53,0.9,17.53,12.8
design_3600,0.77,1.12,1.77,nan,nan,nan,0.67,1.35,15.21,8.0,0.88,19.43,8.58
design_3601,0.43,0.99,1.1,nan,nan,nan,0.51,0.91,13.16,7.09,0.88,2.42,2.78
design_3602,0.44,0.94,0.69,nan,nan,nan,0.47,0.7,8.96,5.18,0.88,2.6,3.48
design_3603,0.62,1.26,1.85,nan,nan,nan,0.7,1.4,12.21,6.62,0.88,24.82,21.48
design_3604,0.61,1.05,1.54,nan,nan,nan,0.61,1.18,13.66,7.31,0.89,14.15,7.21
design_3605,0.48,1.49,0.95,nan,nan,nan,0.56,1.02,11.29,6.25,0.88,2.53,1.91
design_3606,0.5,1.39,1.16,nan,nan,nan,0.56,1.08,14.23,7.57,0.88,6.64,5.84
design_3607,0.65,0.92,1.64,nan,nan,nan,0.61,1.21,13.59,7.19,0.89,12.83,7.1
design_3608,0.67,0.5,1.69,nan,nan,nan,0.69,1.25,12.49,6.95,0.87,19.94,20.35
design_3609,0.73,0.55,1.41,nan,nan,nan,0.62,1.08,13.29,7.36,0.87,16.99,20.85
design_3610,0.69,0.44,1.01,nan,nan,nan,0.54,0.82,17.44,9.03,0.88,15.32,9.66
design_3611,0.52,0.42,1.77,nan,nan,nan,0.7,1.27,8.04,4.86,0.87,22.21,23.36
design_3612,0.7,0.56,1.59,nan,nan,nan,0.66,1.19,15.01,8.05,0.88,20.14,15.98
design_3613,0.7,0.35,0.97,nan,nan,nan,0.52,0.79,18.7,9.59,0.88,29.17,18.39
design_3614,0.63,0.49,1.03,nan,nan,nan,0.53,0.82,19.22,9.77,0.89,33.7,14.88
design_3615,0.79,0.42,1.08,nan,nan,nan,0.57,0.88,19.62,9.96,0.89,35.4,16.13
design_3616,0.79,0.75,1.04,nan,nan,nan,0.56,0.9,12.0,6.5,0.89,2.02,2.34
design_3617,0.86,0.62,2.25,nan,nan,nan,0.83,1.62,13.71,7.43,0.89,10.88,11.23
design_3618,0.88,0.69,3.13,nan,nan,nan,1.06,2.2,15.32,8.13,0.89,18.7,16.67
design_3619,0.74,0.7,1.08,nan,nan,nan,0.55,0.9,11.7,6.46,0.88,3.32,3.65
design_3620,0.8,0.73,1.42,nan,nan,nan,0.64,1.11,15.06,8.18,0.88,17.09,13.5
design_3621,0.69,0.59,3.03,nan,nan,nan,1.02,2.11,14.39,7.72,0.89,14.34,13.3
design_3622,0.69,0.63,0.86,nan,nan,nan,0.51,0.76,12.53,6.94,0.88,11.12,10.92
design_3623,1.0,0.67,2.57,nan,nan,nan,0.92,1.85,14.18,7.72,0.88,11.23,7.13
design_3624,0.37,0.57,1.1,nan,nan,nan,0.51,0.79,10.6,5.99,0.88,2.7,3.49
design_3625,0.57,0.48,1.26,nan,nan,nan,0.56,0.9,15.25,8.0,0.89,20.51,12.02
design_3626,0.48,0.58,0.89,nan,nan,nan,0.47,0.7,15.55,8.14,0.89,35.12,19.29
design_3627,0.59,0.64,1.37,nan,nan,nan,0.55,0.99,11.86,6.53,0.88,24.67,24.12
design_3628,0.49,0.56,1.08,nan,nan,nan,0.52,0.8,13.98,7.43,0.89,28.12,13.38
design_3629,0.6,3.14,1.23,nan,nan,nan,0.9,1.85,12.36,6.6,0.89,24.64,22.86
design_3630,0.62,0.41,1.26,nan,nan,nan,0.54,0.91,15.02,7.86,0.9,31.63,16.32
design_3631,0.56,0.6,1.26,nan,nan,nan,0.54,0.92,14.65,7.66,0.9,13.36,9.81
design_3632,0.38,0.69,1.44,nan,nan,nan,0.54,0.96,13.93,7.36,0.89,22.37,15.27
design_3633,0.69,0.93,1.4,nan,nan,nan,0.58,1.05,11.27,6.23,0.88,2.14,2.51
design_3634,0.47,0.84,1.43,nan,nan,nan,0.54,1.0,14.5,7.73,0.88,19.67,19.5
design_3635,0.54,0.88,1.7,nan,nan,nan,0.59,1.16,14.57,7.71,0.89,13.74,6.7
design_3636,0.35,0.72,1.05,nan,nan,nan,0.47,0.76,14.04,7.42,0.89,17.57,14.36
design_3637,0.34,0.87,0.85,nan,nan,nan,0.45,0.72,14.33,7.48,0.9,16.39,18.68
design_3638,0.36,0.65,1.08,nan,nan,nan,0.48,0.77,13.62,7.19,0.89,12.31,11.93
design_3639,0.43,0.68,1.18,nan,nan,nan,0.53,0.83,12.89,6.85,0.9,17.64,15.32
design_3640,0.61,1.19,1.1,nan,nan,nan,0.57,0.98,11.33,6.35,0.87,23.13,23.44
design_3641,0.84,1.17,1.15,nan,nan,nan,0.58,1.05,10.96,6.19,0.87,23.88,23.72
design_3642,0.65,1.12,1.16,nan,nan,nan,0.58,0.98,11.47,6.38,0.88,23.66,23.62
design_3643,0.6,1.16,1.15,nan,nan,nan,0.56,0.98,11.4,6.37,0.88,23.53,23.81
design_3644,0.81,1.14,1.16,nan,nan,nan,0.58,1.03,11.61,6.47,0.87,23.35,23.85
design_3645,0.59,1.15,1.2,nan,nan,nan,0.57,0.99,11.16,6.25,0.88,23.48,23.85
design_3646,0.69,1.07,1.29,nan,nan,nan,0.59,1.02,11.62,6.46,0.88,20.08,20.17
design_3647,0.69,1.16,1.27,nan,nan,nan,0.59,1.04,12.28,6.76,0.88,23.97,22.61
design_3648,0.63,1.13,1.83,nan,nan,nan,0.68,1.33,13.85,7.26,0.91,9.96,7.49
design_3649,0.66,1.14,2.12,nan,nan,nan,0.74,1.49,13.49,7.13,0.9,10.5,10.43
design_3650,0.61,1.11,1.94,nan,nan,nan,0.7,1.38,11.88,6.38,0.9,7.62,6.64
design_3651,0.61,1.11,1.71,nan,nan,nan,0.65,1.26,13.58,7.15,0.9,18.23,15.19
design_3652,0.67,1.15,1.88,nan,nan,nan,0.7,1.37,14.05,7.36,0.9,13.31,10.9
design_3653,0.65,1.15,1.88,nan,nan,nan,0.69,1.36,13.79,7.26,0.9,20.3,17.85
design_3654,0.7,1.14,1.87,nan,nan,nan,0.7,1.36,14.32,7.47,0.9,7.62,5.28
design_3655,0.63,1.07,1.87,nan,nan,nan,0.69,1.34,14.24,7.42,0.9,11.22,8.84
design_3656,0.72,1.01,1.85,nan,nan,nan,0.66,1.3,14.57,7.79,0.88,39.65,15.28
design_3657,0.88,1.2,1.3,nan,nan,nan,0.61,1.14,14.6,7.63,0.89,30.86,14.61
design_3658,0.6,0.69,1.42,nan,nan,nan,0.56,0.99,5.67,3.8,0.87,1.05,1.18
design_3659,0.92,0.67,1.1,nan,nan,nan,0.6,0.92,6.26,3.86,0.88,0.96,1.05
design_3660,0.38,0.45,0.73,nan,nan,nan,0.42,0.55,7.38,4.43,0.88,1.31,1.43
design_3661,0.83,1.11,1.93,nan,nan,nan,0.68,1.38,14.85,7.94,0.88,41.97,19.5
design_3662,0.53,1.32,1.56,nan,nan,nan,0.61,1.21,15.08,8.03,0.88,8.75,8.95
design_3663,0.56,0.46,1.25,nan,nan,nan,0.49,0.85,13.61,7.23,0.88,8.52,7.18
design_3664,0.6,0.89,1.91,nan,nan,nan,0.61,1.19,12.39,6.83,0.88,14.86,7.71
design_3665,0.91,0.87,1.9,nan,nan,nan,0.64,1.26,13.21,7.23,0.89,16.3,8.35
design_3666,0.84,1.07,2.11,nan,nan,nan,0.66,1.37,13.0,7.14,0.88,23.64,20.9
design_3667,0.97,1.03,1.21,nan,nan,nan,0.57,1.06,12.09,6.88,0.86,2.16,2.17
design_3668,0.74,0.84,1.58,nan,nan,nan,0.58,1.07,7.79,4.83,0.86,4.23,4.89
design_3669,0.85,0.98,1.69,nan,nan,nan,0.6,1.18,11.75,6.6,0.87,3.04,3.03
design_3670,0.77,0.96,1.73,nan,nan,nan,0.59,1.17,12.93,7.15,0.87,3.04,2.02
design_3671,0.93,0.95,1.52,nan,nan,nan,0.6,1.13,8.71,5.25,0.86,2.69,2.64
design_3672,0.58,0.54,0.81,nan,nan,nan,0.51,0.7,15.71,8.07,0.9,22.28,25.27
design_3673,0.71,0.61,0.78,nan,nan,nan,0.5,0.72,15.66,8.04,0.9,23.51,20.79
design_3674,0.53,0.6,0.76,nan,nan,nan,0.49,0.67,16.31,8.3,0.91,21.32,21.13
design_3675,0.53,0.66,0.77,nan,nan,nan,0.5,0.69,15.93,8.15,0.9,22.57,25.23
design_3676,0.61,0.62,0.85,nan,nan,nan,0.53,0.74,14.54,7.51,0.91,23.16,26.75
design_3677,0.62,0.55,0.75,nan,nan,nan,0.5,0.68,15.01,7.72,0.91,20.33,22.8
design_3678,0.52,0.65,0.79,nan,nan,nan,0.5,0.7,15.61,7.98,0.91,21.88,18.59
design_3679,0.58,0.66,0.75,nan,nan,nan,0.5,0.69,15.67,8.02,0.91,22.93,26.5
design_3680,0.8,0.59,1.62,nan,nan,nan,0.61,1.12,7.1,4.4,0.87,2.13,2.87
design_3681,0.4,0.32,0.82,nan,nan,nan,0.42,0.57,10.38,5.78,0.88,2.0,1.18
design_3682,0.49,0.47,0.49,nan,nan,nan,0.45,0.49,6.17,3.9,0.87,4.77,6.74
design_3683,0.46,0.41,1.07,nan,nan,nan,0.45,0.73,14.87,7.81,0.89,29.1,16.06
design_3684,0.41,0.51,0.61,nan,nan,nan,0.41,0.52,11.38,6.3,0.88,1.67,1.95
design_3685,0.38,0.38,0.57,nan,nan,nan,0.42,0.46,9.23,5.28,0.88,2.65,3.16
design_3686,1.11,0.6,1.76,nan,nan,nan,0.68,1.28,5.78,3.76,0.87,1.87,2.69
design_3687,0.4,0.57,0.73,nan,nan,nan,0.43,0.58,10.09,5.59,0.88,1.4,1.81
design_3688,0.66,2.32,0.45,nan,nan,nan,0.66,1.33,4.62,3.24,0.88,2.23,2.45
design_3689,0.64,2.39,1.15,nan,nan,nan,0.73,1.51,12.89,6.96,0.88,12.93,6.62
design_3690,0.47,2.41,0.94,nan,nan,nan,0.7,1.44,10.06,5.66,0.88,3.17,3.84
design_3691,0.77,3.56,1.61,nan,nan,nan,1.0,2.19,14.37,7.7,0.89,21.19,16.01
design_3692,0.73,2.47,1.37,nan,nan,nan,0.77,1.63,14.77,7.74,0.9,16.32,11.94
design_3693,0.57,1.41,1.1,nan,nan,nan,0.57,1.07,14.78,7.82,0.89,28.5,20.55
design_3694,0.69,2.58,1.62,nan,nan,nan,0.82,1.75,15.87,8.29,0.89,14.86,9.25
design_3695,0.56,2.32,1.31,nan,nan,nan,0.72,1.52,14.58,7.7,0.9,17.15,17.88
design_3696,0.6,0.71,0.76,nan,nan,nan,0.47,0.71,15.82,8.24,0.89,21.02,21.97
design_3697,0.8,0.65,1.19,nan,nan,nan,0.58,0.98,14.0,7.6,0.87,21.36,22.67
design_3698,0.59,0.71,3.49,nan,nan,nan,1.19,2.47,12.01,6.63,0.88,22.61,23.17
design_3699,0.79,0.72,0.98,nan,nan,nan,0.54,0.87,15.11,7.99,0.89,17.81,17.99
design_3700,0.71,0.77,0.63,nan,nan,nan,0.47,0.69,16.16,8.36,0.9,21.21,22.32
design_3701,0.87,0.74,1.0,nan,nan,nan,0.55,0.91,15.27,8.12,0.89,19.1,19.17
design_3702,0.56,0.49,3.39,nan,nan,nan,1.15,2.38,12.94,7.02,0.89,20.66,19.25
design_3703,0.78,0.59,3.39,nan,nan,nan,1.16,2.4,12.24,6.73,0.88,22.13,22.89
design_3704,0.88,0.58,1.7,nan,nan,nan,0.65,1.23,12.49,6.76,0.88,24.94,19.02
design_3705,0.78,0.69,1.37,nan,nan,nan,0.6,1.04,12.42,6.67,0.88,20.68,13.34
design_3706,0.84,0.89,0.95,nan,nan,nan,0.53,0.9,10.81,5.98,0.88,5.36,2.89
design_3707,0.65,0.84,1.83,nan,nan,nan,0.69,1.3,13.17,7.0,0.89,19.89,10.71
design_3708,0.51,0.91,1.08,nan,nan,nan,0.55,0.89,10.45,5.87,0.88,4.76,2.58
design_3709,0.43,0.82,1.64,nan,nan,nan,0.63,1.16,12.54,6.71,0.89,21.56,12.39
design_3710,0.38,0.84,1.04,nan,nan,nan,0.51,0.82,10.94,6.04,0.89,6.78,4.76
design_3711,0.88,0.74,1.06,nan,nan,nan,0.55,0.92,9.46,5.38,0.88,5.1,4.81
design_3712,0.74,0.45,1.12,nan,nan,nan,0.53,0.9,16.24,8.43,0.9,17.42,14.71
design_3713,0.59,0.54,0.75,nan,nan,nan,0.45,0.66,17.15,8.81,0.9,25.31,14.17
design_3714,0.66,0.51,1.22,nan,nan,nan,0.54,0.95,16.71,8.62,0.9,23.06,18.16
design_3715,0.46,0.44,1.34,nan,nan,nan,0.56,0.98,15.48,8.04,0.9,19.87,21.07
design_3716,0.87,0.56,0.92,nan,nan,nan,0.51,0.83,15.27,8.0,0.89,19.75,19.66
design_3717,0.56,0.63,0.68,nan,nan,nan,0.43,0.64,16.74,8.61,0.9,23.85,17.93
design_3718,0.66,0.52,1.36,nan,nan,nan,0.58,1.04,14.95,7.86,0.89,20.31,22.12
design_3719,0.71,0.56,0.74,nan,nan,nan,0.47,0.7,16.22,8.41,0.9,20.08,21.36
design_3720,0.52,0.97,0.96,nan,nan,nan,0.53,0.87,12.82,6.86,0.88,23.05,25.13
design_3721,0.55,0.75,1.07,nan,nan,nan,0.57,0.88,13.67,7.3,0.88,20.0,21.43
design_3722,0.84,0.73,0.76,nan,nan,nan,0.51,0.77,16.31,8.43,0.89,14.45,15.91
design_3723,0.64,0.7,0.69,nan,nan,nan,0.47,0.68,16.56,8.52,0.9,5.2,5.74
design_3724,0.62,0.77,0.82,nan,nan,nan,0.5,0.76,16.35,8.46,0.89,11.45,9.67
design_3725,0.72,0.67,0.83,nan,nan,nan,0.52,0.77,15.86,8.19,0.9,13.39,7.38
design_3726,0.77,0.76,0.74,nan,nan,nan,0.51,0.75,15.08,7.86,0.9,20.03,15.13
design_3727,0.62,0.83,0.96,nan,nan,nan,0.55,0.85,15.44,8.02,0.89,19.8,24.1
design_3728,0.4,0.51,1.06,nan,nan,nan,0.54,0.81,12.75,6.87,0.89,16.64,14.35
design_3729,0.46,0.54,1.1,nan,nan,nan,0.54,0.84,12.33,6.74,0.88,18.23,18.43
design_3730,0.39,0.53,1.09,nan,nan,nan,0.54,0.83,13.85,7.42,0.89,15.67,12.51
design_3731,0.37,0.52,1.1,nan,nan,nan,0.53,0.83,11.59,6.3,0.89,17.22,15.91
design_3732,0.38,0.55,0.99,nan,nan,nan,0.52,0.76,12.53,6.73,0.89,17.23,16.24
design_3733,0.41,0.57,1.38,nan,nan,nan,0.6,1.02,14.98,8.05,0.88,16.05,15.5
design_3734,0.44,0.53,1.22,nan,nan,nan,0.57,0.91,11.89,6.6,0.88,16.64,14.1
design_3735,0.37,0.47,1.17,nan,nan,nan,0.55,0.86,11.23,6.25,0.88,14.81,12.46
design_3736,0.56,0.94,1.31,nan,nan,nan,0.56,0.97,12.79,6.98,0.89,19.98,19.57
design_3737,0.4,0.83,0.98,nan,nan,nan,0.5,0.76,8.65,4.96,0.88,2.52,2.39
design_3738,0.35,0.72,1.0,nan,nan,nan,0.48,0.73,6.89,4.14,0.88,2.11,1.83
design_3739,0.56,0.76,1.19,nan,nan,nan,0.54,0.86,13.38,7.17,0.89,18.59,15.95
design_3740,0.58,0.92,1.57,nan,nan,nan,0.59,1.08,8.07,4.71,0.88,2.14,2.17
design_3741,0.84,1.08,1.83,nan,nan,nan,0.66,1.3,5.6,3.77,0.87,4.92,3.25
design_3742,0.84,1.02,1.86,nan,nan,nan,0.67,1.3,13.46,7.3,0.88,29.78,17.4
design_3743,0.42,0.87,1.08,nan,nan,nan,0.49,0.82,10.92,6.0,0.89,3.79,4.5
design_3744,0.59,0.59,3.02,nan,nan,nan,0.97,2.04,14.76,8.0,0.88,8.2,7.68
design_3745,0.57,0.43,3.17,nan,nan,nan,1.0,2.12,12.31,6.89,0.87,7.91,7.89
design_3746,0.61,0.39,3.14,nan,nan,nan,1.0,2.11,12.19,6.81,0.87,5.77,4.74
design_3747,0.61,0.49,3.3,nan,nan,nan,1.04,2.22,14.62,7.81,0.89,23.44,20.5
design_3748,0.57,0.42,3.06,nan,nan,nan,0.97,2.05,13.81,7.59,0.88,3.72,4.71
design_3749,0.53,0.38,2.79,nan,nan,nan,0.9,1.87,14.29,7.74,0.88,7.95,8.62
design_3750,0.52,0.42,3.64,nan,nan,nan,1.13,2.43,13.0,7.14,0.88,5.94,6.45
design_3751,0.46,0.44,3.37,nan,nan,nan,1.05,2.25,11.16,6.32,0.87,5.23,6.0
design_3752,0.65,0.53,0.83,nan,nan,nan,0.5,0.7,12.55,6.73,0.89,4.49,5.14
design_3753,0.59,0.33,0.81,nan,nan,nan,0.45,0.64,15.09,7.91,0.9,20.51,22.16
design_3754,0.47,0.42,0.99,nan,nan,nan,0.48,0.72,13.36,7.23,0.89,20.1,23.21
design_3755,0.58,0.49,0.78,nan,nan,nan,0.45,0.65,13.09,6.97,0.9,13.54,17.2
design_3756,0.58,0.53,0.68,nan,nan,nan,0.45,0.61,13.29,7.03,0.9,19.66,23.1
design_3757,0.57,0.52,0.79,nan,nan,nan,0.46,0.66,12.92,6.89,0.9,18.6,21.87
design_3758,0.57,0.45,0.66,nan,nan,nan,0.45,0.58,13.49,7.16,0.9,19.45,21.37
design_3759,0.71,0.43,0.95,nan,nan,nan,0.49,0.76,14.18,7.54,0.88,2.78,2.55
design_3760,0.85,0.6,0.87,nan,nan,nan,0.55,0.81,16.37,8.41,0.9,24.33,16.33
design_3761,0.56,0.58,0.71,nan,nan,nan,0.48,0.64,16.19,8.38,0.89,20.85,19.46
design_3762,0.65,0.48,0.53,nan,nan,nan,0.44,0.55,16.25,8.4,0.89,12.66,8.18
design_3763,0.78,0.53,0.86,nan,nan,nan,0.53,0.77,15.93,8.27,0.89,20.92,23.03
design_3764,0.78,0.61,0.61,nan,nan,nan,0.49,0.66,16.16,8.31,0.9,23.86,19.69
design_3765,0.71,0.55,0.66,nan,nan,nan,0.5,0.65,16.89,8.69,0.89,14.79,12.23
design_3766,0.93,0.62,0.71,nan,nan,nan,0.52,0.76,15.92,8.29,0.89,21.38,23.0
design_3767,0.78,0.55,0.86,nan,nan,nan,0.53,0.78,15.41,7.94,0.9,22.22,24.51
design_3768,0.53,0.5,0.8,nan,nan,nan,0.49,0.67,14.04,7.38,0.89,5.55,5.72
design_3769,0.45,0.51,0.8,nan,nan,nan,0.46,0.66,14.62,7.62,0.9,9.57,9.41
design_3770,0.69,0.55,0.77,nan,nan,nan,0.49,0.7,13.22,6.98,0.89,4.66,5.76
design_3771,0.48,0.47,0.75,nan,nan,nan,0.47,0.63,12.65,6.78,0.89,10.42,13.26
design_3772,0.49,0.54,0.83,nan,nan,nan,0.49,0.69,14.75,7.7,0.9,7.44,6.8
design_3773,0.51,0.5,0.76,nan,nan,nan,0.46,0.64,14.79,7.76,0.89,14.13,13.96
design_3774,0.51,0.54,0.76,nan,nan,nan,0.47,0.65,14.06,7.51,0.88,6.31,6.84
design_3775,0.71,0.56,0.86,nan,nan,nan,0.51,0.76,12.07,6.57,0.89,8.41,9.26
design_3776,0.48,0.81,0.92,nan,nan,nan,0.51,0.76,5.86,3.72,0.88,2.1,1.15
design_3777,0.88,0.87,2.18,nan,nan,nan,0.73,1.47,13.66,7.27,0.89,27.34,17.9
design_3778,0.7,0.84,1.09,nan,nan,nan,0.55,0.9,4.45,3.09,0.89,1.17,1.08
design_3779,0.55,0.91,1.62,nan,nan,nan,0.6,1.13,14.29,7.54,0.9,21.18,19.6
design_3780,0.55,0.83,1.39,nan,nan,nan,0.59,0.99,4.89,3.28,0.88,1.75,1.23
design_3781,0.66,1.03,1.74,nan,nan,nan,0.64,1.24,12.02,6.49,0.9,24.62,22.42
design_3782,0.74,1.2,1.81,nan,nan,nan,0.68,1.33,13.86,7.32,0.9,9.09,6.48
design_3783,0.73,0.92,1.86,nan,nan,nan,0.66,1.29,15.0,7.86,0.9,6.07,4.28
design_3784,0.55,0.9,2.6,nan,nan,nan,0.73,1.51,12.14,6.82,0.87,13.4,12.58
design_3785,0.45,0.83,1.9,nan,nan,nan,0.63,1.14,8.07,4.93,0.86,5.87,6.23
design_3786,0.67,0.9,3.32,nan,nan,nan,0.86,1.87,8.13,5.09,0.85,4.8,3.57
design_3787,0.55,0.81,2.62,nan,nan,nan,0.74,1.5,12.52,6.99,0.87,20.17,13.71
design_3788,0.56,0.7,2.64,nan,nan,nan,0.74,1.49,13.77,7.6,0.87,17.65,11.56
design_3789,0.56,0.93,2.57,nan,nan,nan,0.73,1.5,13.36,7.39,0.87,14.26,11.54
design_3790,0.56,1.04,2.72,nan,nan,nan,0.75,1.59,13.74,7.62,0.87,17.83,13.11
design_3791,0.62,1.1,2.57,nan,nan,nan,0.74,1.55,12.8,7.12,0.87,24.69,20.7
design_3792,0.45,0.67,1.16,nan,nan,nan,0.54,0.9,13.85,7.44,0.89,6.62,5.89
design_3793,0.45,0.68,2.64,nan,nan,nan,0.93,1.87,13.09,7.31,0.87,20.78,22.47
design_3794,0.48,0.49,2.02,nan,nan,nan,0.75,1.44,14.28,7.8,0.87,13.87,15.72
design_3795,0.51,0.5,1.16,nan,nan,nan,0.54,0.88,16.06,8.62,0.88,25.63,17.55
design_3796,0.5,0.61,2.19,nan,nan,nan,0.8,1.57,15.12,7.97,0.89,17.23,19.22
design_3797,0.59,0.54,2.66,nan,nan,nan,0.94,1.88,15.48,8.36,0.87,28.02,16.9
design_3798,0.45,0.54,1.35,nan,nan,nan,0.57,1.0,14.56,7.61,0.9,19.24,19.69
design_3799,0.44,0.57,2.32,nan,nan,nan,0.84,1.65,12.25,6.86,0.87,19.2,20.29
design_3800,0.79,0.53,1.49,nan,nan,nan,0.58,0.97,4.26,3.08,0.89,7.54,4.38
design_3801,0.89,0.63,0.97,nan,nan,nan,0.53,0.84,12.93,7.03,0.88,17.4,14.27
design_3802,0.51,0.77,0.83,nan,nan,nan,0.49,0.7,12.32,6.71,0.89,11.39,12.31
design_3803,0.91,0.88,2.03,nan,nan,nan,0.67,1.31,5.96,3.84,0.88,23.35,24.31
design_3804,0.8,0.84,1.26,nan,nan,nan,0.58,0.96,10.89,6.09,0.88,20.05,20.86
design_3805,0.84,0.58,1.3,nan,nan,nan,0.57,0.93,11.62,6.39,0.89,19.32,16.52
design_3806,0.83,0.85,1.07,nan,nan,nan,0.57,0.91,11.34,6.27,0.88,21.46,22.12
design_3807,0.78,0.6,0.82,nan,nan,nan,0.55,0.73,5.15,3.5,0.87,2.29,2.45
design_3808,0.55,1.16,1.3,nan,nan,nan,0.61,1.08,12.34,6.82,0.88,5.03,3.46
design_3809,0.52,1.03,1.13,nan,nan,nan,0.58,0.96,10.96,6.3,0.87,2.96,3.87
design_3810,0.5,1.22,1.31,nan,nan,nan,0.61,1.1,10.87,6.11,0.88,7.59,6.71
design_3811,0.51,1.12,1.34,nan,nan,nan,0.62,1.09,13.34,7.21,0.89,5.86,4.41
design_3812,0.7,1.1,4.26,nan,nan,nan,1.34,2.89,15.67,8.54,0.88,6.6,3.87
design_3813,0.43,1.15,1.34,nan,nan,nan,0.61,1.09,10.67,6.2,0.87,2.58,2.43
design_3814,0.41,1.13,1.42,nan,nan,nan,0.62,1.12,13.94,7.63,0.88,6.11,3.48
design_3815,0.56,1.28,2.08,nan,nan,nan,0.79,1.55,13.88,7.73,0.87,6.83,3.96
design_3816,0.57,0.58,0.69,nan,nan,nan,0.45,0.64,16.45,8.48,0.9,18.82,20.09
design_3817,0.46,0.64,0.6,nan,nan,nan,0.43,0.58,15.57,8.06,0.9,12.01,14.44
design_3818,0.46,0.59,0.61,nan,nan,nan,0.43,0.57,15.95,8.28,0.9,11.77,13.18
design_3819,0.73,0.59,0.63,nan,nan,nan,0.48,0.65,15.84,8.17,0.9,14.51,14.93
design_3820,0.31,0.53,0.61,nan,nan,nan,0.42,0.53,16.29,8.38,0.9,15.1,16.25
design_3821,0.71,0.6,0.67,nan,nan,nan,0.48,0.67,15.32,8.01,0.9,18.85,13.85
design_3822,0.5,0.66,0.59,nan,nan,nan,0.43,0.59,16.73,8.57,0.9,16.35,18.2
design_3823,0.56,0.7,0.58,nan,nan,nan,0.45,0.6,16.49,8.52,0.9,16.63,12.59
design_3824,0.66,0.54,0.94,nan,nan,nan,0.47,0.76,16.82,8.85,0.89,10.04,11.27
design_3825,0.48,0.61,1.19,nan,nan,nan,0.53,0.87,12.85,7.02,0.88,28.78,15.47
design_3826,0.61,0.58,1.36,nan,nan,nan,0.55,0.99,14.08,7.56,0.88,28.34,15.67
design_3827,0.5,0.53,1.13,nan,nan,nan,0.49,0.83,14.46,7.73,0.88,28.34,16.12
design_3828,0.65,0.66,1.53,nan,nan,nan,0.6,1.1,14.73,7.88,0.88,28.13,15.89
design_3829,0.55,0.51,1.31,nan,nan,nan,0.54,0.93,13.44,7.27,0.88,29.74,15.39
design_3830,0.52,0.51,0.96,nan,nan,nan,0.47,0.73,16.38,8.57,0.89,25.58,17.71
design_3831,0.51,0.57,1.29,nan,nan,nan,0.54,0.93,12.47,6.88,0.87,28.45,15.73
design_3832,0.75,0.61,0.69,nan,nan,nan,0.47,0.69,12.2,6.65,0.89,9.49,10.67
design_3833,0.68,0.57,0.77,nan,nan,nan,0.47,0.7,11.77,6.41,0.89,10.04,11.19
design_3834,0.61,0.58,0.86,nan,nan,nan,0.48,0.73,13.72,7.23,0.9,9.31,10.04
design_3835,0.68,0.57,0.73,nan,nan,nan,0.47,0.68,13.17,7.01,0.89,9.85,10.74
design_3836,0.73,0.64,0.82,nan,nan,nan,0.5,0.75,12.85,6.88,0.89,8.98,9.51
design_3837,0.86,0.5,0.9,nan,nan,nan,0.51,0.81,12.73,6.91,0.89,13.1,14.59
design_3838,0.79,0.64,0.73,nan,nan,nan,0.5,0.73,13.38,7.09,0.9,8.44,8.66
design_3839,0.49,0.6,1.66,nan,nan,nan,0.63,1.19,12.42,7.1,0.86,21.62,20.17
design_3840,0.8,0.53,7.3,nan,nan,nan,2.26,4.97,15.1,8.34,0.88,23.67,26.25
design_3841,0.58,0.49,7.8,nan,nan,nan,2.4,5.29,13.52,7.62,0.86,10.01,11.48
design_3842,0.57,0.46,7.11,nan,nan,nan,2.2,4.83,14.9,8.29,0.87,15.95,18.97
design_3843,0.69,0.55,2.17,nan,nan,nan,0.79,1.54,14.12,7.58,0.88,20.25,18.14
design_3844,0.61,0.52,2.42,nan,nan,nan,0.84,1.69,12.87,6.92,0.89,20.36,19.52
design_3845,0.73,0.47,1.46,nan,nan,nan,0.62,1.09,15.72,8.3,0.89,19.93,20.34
design_3846,0.65,0.63,7.0,nan,nan,nan,2.17,4.76,14.52,8.1,0.87,21.79,21.38
design_3847,0.67,0.48,5.53,nan,nan,nan,1.73,3.77,15.64,8.61,0.87,21.16,15.54
design_3848,0.48,0.46,1.2,nan,nan,nan,0.49,0.81,4.29,3.01,0.89,1.21,0.87
design_3849,0.49,0.69,1.23,nan,nan,nan,0.5,0.87,12.16,6.62,0.88,1.85,1.43
design_3850,0.75,1.12,1.64,nan,nan,nan,0.61,1.23,15.22,8.11,0.86,24.67,12.22
design_3851,0.56,0.68,1.46,nan,nan,nan,0.53,1.0,12.84,6.92,0.89,3.82,3.12
design_3852,0.54,0.93,1.52,nan,nan,nan,0.56,1.08,11.35,6.36,0.87,1.21,1.43
design_3853,0.42,0.49,1.19,nan,nan,nan,0.48,0.79,9.19,5.34,0.87,1.83,2.22
design_3854,0.48,0.67,1.13,nan,nan,nan,0.47,0.82,9.98,5.58,0.88,1.44,1.22
design_3855,0.26,0.67,1.21,nan,nan,nan,0.48,0.82,6.57,4.03,0.88,1.74,1.38
design_3856,0.49,0.9,2.55,nan,nan,nan,0.7,1.47,6.46,4.08,0.87,2.95,2.01
design_3857,0.32,0.85,2.26,nan,nan,nan,0.7,1.3,6.08,3.91,0.87,3.67,2.57
design_3858,0.42,0.81,1.96,nan,nan,nan,0.62,1.16,7.06,4.39,0.87,3.28,1.81
design_3859,0.49,0.91,2.17,nan,nan,nan,0.68,1.29,9.04,5.31,0.87,3.4,1.93
design_3860,0.49,0.94,2.05,nan,nan,nan,0.64,1.25,7.33,4.54,0.87,3.5,2.2
design_3861,0.53,0.78,2.3,nan,nan,nan,0.71,1.33,6.07,3.96,0.87,3.11,2.26
design_3862,0.62,0.76,2.65,nan,nan,nan,0.75,1.52,6.48,4.16,0.87,3.15,2.42
design_3863,0.52,0.94,1.57,nan,nan,nan,0.59,1.04,12.01,6.71,0.88,24.25,23.41
design_3864,0.88,0.89,3.61,nan,nan,nan,1.16,2.47,15.4,8.41,0.88,15.95,18.0
design_3865,0.64,0.92,1.42,nan,nan,nan,0.62,1.11,13.09,7.45,0.86,19.05,17.3
design_3866,0.65,0.87,1.78,nan,nan,nan,0.7,1.31,13.29,7.43,0.87,21.57,21.38
design_3867,0.6,0.76,2.56,nan,nan,nan,0.88,1.76,15.99,8.81,0.86,18.28,15.16
design_3868,0.51,1.01,2.25,nan,nan,nan,0.8,1.59,11.87,6.79,0.86,22.8,22.82
design_3869,0.64,0.9,3.56,nan,nan,nan,1.14,2.42,14.72,7.96,0.88,22.07,22.88
design_3870,0.62,0.89,3.11,nan,nan,nan,1.01,2.13,16.42,8.87,0.87,17.76,7.66
design_3871,0.57,0.64,2.13,nan,nan,nan,0.75,1.47,13.16,7.39,0.86,19.59,17.59
design_3872,0.53,0.89,1.39,nan,nan,nan,0.5,0.95,11.45,6.41,0.87,4.81,4.26
design_3873,0.63,0.64,1.17,nan,nan,nan,0.49,0.82,9.57,5.54,0.88,23.89,23.02
design_3874,0.44,0.57,2.57,nan,nan,nan,0.68,1.42,10.03,5.8,0.87,4.08,4.53
design_3875,0.72,0.76,1.13,nan,nan,nan,0.51,0.86,10.02,5.77,0.87,24.48,23.02
design_3876,0.48,0.51,1.78,nan,nan,nan,0.53,1.03,12.19,6.74,0.87,13.91,11.41
design_3877,0.59,0.65,1.15,nan,nan,nan,0.5,0.8,12.48,6.9,0.87,22.23,18.31
design_3878,0.56,0.59,1.89,nan,nan,nan,0.57,1.11,13.35,7.28,0.88,19.0,10.65
design_3879,0.57,0.97,1.15,nan,nan,nan,0.53,0.9,10.96,6.22,0.87,4.05,3.43
design_3880,0.4,0.88,3.13,nan,nan,nan,1.05,2.18,16.17,8.81,0.88,17.92,15.77
design_3881,0.41,0.98,2.84,nan,nan,nan,0.97,2.0,15.52,8.51,0.87,14.58,10.72
design_3882,0.8,1.05,3.88,nan,nan,nan,1.29,2.71,13.72,7.74,0.86,11.93,13.33
design_3883,0.51,1.04,3.88,nan,nan,nan,1.27,2.69,15.84,8.81,0.86,11.58,12.76
design_3884,0.77,1.12,4.05,nan,nan,nan,1.33,2.83,13.02,7.02,0.89,22.46,21.26
design_3885,0.43,0.99,2.7,nan,nan,nan,0.93,1.91,16.64,8.86,0.88,27.65,19.22
design_3886,0.6,1.08,3.54,nan,nan,nan,1.18,2.48,14.38,8.23,0.85,11.07,12.9
design_3887,0.39,1.06,3.14,nan,nan,nan,1.06,2.2,15.93,8.47,0.88,11.23,7.85
design_3888,0.47,0.54,0.76,nan,nan,nan,0.45,0.6,13.2,7.08,0.89,27.86,16.59
design_3889,0.42,0.48,0.93,nan,nan,nan,0.46,0.64,14.12,7.49,0.89,17.57,13.02
design_3890,0.41,0.56,0.7,nan,nan,nan,0.44,0.56,12.86,6.91,0.89,33.36,15.12
design_3891,0.45,0.43,1.01,nan,nan,nan,0.47,0.67,13.49,7.2,0.88,29.82,14.97
design_3892,0.38,0.42,0.63,nan,nan,nan,0.41,0.49,10.53,5.8,0.89,18.79,16.86
design_3893,0.45,0.6,1.12,nan,nan,nan,0.5,0.76,11.8,6.51,0.88,32.93,15.02
design_3894,0.36,0.58,0.51,nan,nan,nan,0.43,0.49,12.46,6.69,0.89,32.16,15.48
design_3895,0.47,0.51,0.6,nan,nan,nan,0.42,0.53,11.1,6.06,0.89,19.4,16.9
design_3896,0.54,0.87,1.45,nan,nan,nan,0.53,1.01,11.98,6.55,0.88,23.94,21.96
design_3897,0.49,0.78,1.09,nan,nan,nan,0.51,0.81,5.66,3.63,0.88,1.38,1.05
design_3898,0.33,0.5,1.05,nan,nan,nan,0.46,0.68,4.69,3.22,0.88,1.03,1.15
design_3899,0.43,0.55,1.45,nan,nan,nan,0.5,0.91,14.14,7.49,0.89,15.04,7.36
design_3900,0.59,0.71,0.94,nan,nan,nan,0.49,0.75,11.24,6.24,0.88,2.48,2.0
design_3901,0.44,0.57,1.26,nan,nan,nan,0.5,0.82,5.04,3.34,0.88,0.69,0.85
design_3902,0.46,0.69,1.16,nan,nan,nan,0.51,0.81,5.17,3.4,0.88,0.89,0.94
design_3903,0.42,0.58,0.8,nan,nan,nan,0.44,0.61,9.36,5.35,0.88,2.96,3.39
design_3904,0.71,1.13,2.16,nan,nan,nan,0.8,1.59,15.21,8.22,0.88,3.61,2.61
design_3905,0.95,1.15,5.06,nan,nan,nan,1.56,3.43,14.14,7.93,0.86,13.21,7.96
design_3906,0.53,1.17,1.6,nan,nan,nan,0.67,1.25,14.2,7.75,0.88,4.58,3.05
design_3907,0.75,0.92,4.06,nan,nan,nan,1.28,2.75,14.35,7.99,0.86,11.18,9.46
design_3908,0.44,1.11,1.31,nan,nan,nan,0.58,1.06,11.02,6.17,0.87,7.56,6.26
design_3909,0.61,1.15,1.97,nan,nan,nan,0.75,1.47,12.73,7.09,0.87,3.54,2.6
design_3910,0.63,1.2,2.22,nan,nan,nan,0.81,1.63,15.44,8.48,0.87,13.26,7.37
design_3911,0.51,1.13,1.32,nan,nan,nan,0.61,1.08,11.21,6.23,0.88,9.33,7.75
design_3912,1.12,0.45,0.56,nan,nan,nan,0.56,0.79,9.47,5.29,0.88,3.44,4.2
design_3913,0.6,0.81,0.8,nan,nan,nan,0.49,0.74,11.05,6.15,0.87,2.15,2.2
design_3914,0.52,0.59,0.66,nan,nan,nan,0.44,0.59,6.42,3.99,0.87,4.62,4.89
design_3915,1.03,0.4,0.7,nan,nan,nan,0.54,0.77,7.66,4.48,0.88,1.22,1.28
design_3916,0.83,0.92,1.34,nan,nan,nan,0.57,1.04,8.79,5.09,0.86,10.96,10.04
design_3917,0.45,0.47,0.86,nan,nan,nan,0.43,0.62,7.44,4.52,0.87,2.86,2.52
design_3918,0.78,0.48,0.65,nan,nan,nan,0.45,0.66,6.17,3.98,0.87,3.46,3.91
design_3919,0.72,0.29,0.95,nan,nan,nan,0.51,0.71,6.94,4.3,0.87,6.48,8.86
design_3920,0.62,0.6,1.16,nan,nan,nan,0.5,0.86,13.14,7.03,0.89,19.7,19.14
design_3921,0.61,0.35,1.46,nan,nan,nan,0.53,0.98,15.71,8.16,0.9,30.3,18.93
design_3922,0.46,0.54,0.45,nan,nan,nan,0.4,0.48,4.31,3.02,0.89,0.94,1.08
design_3923,0.39,0.45,1.31,nan,nan,nan,0.5,0.87,13.93,7.4,0.89,26.91,17.56
design_3924,0.5,0.29,0.82,nan,nan,nan,0.41,0.6,3.68,2.74,0.89,0.63,0.56
design_3925,0.48,0.39,0.55,nan,nan,nan,0.4,0.48,4.27,2.99,0.89,0.71,0.58
design_3926,0.66,0.41,1.07,nan,nan,nan,0.46,0.8,14.35,7.56,0.9,23.52,22.49
design_3927,0.55,0.54,1.33,nan,nan,nan,0.52,0.93,12.55,6.72,0.89,16.13,17.58
design_3928,0.6,0.5,0.68,nan,nan,nan,0.46,0.62,16.51,8.45,0.9,19.34,18.44
design_3929,0.59,0.51,0.64,nan,nan,nan,0.44,0.6,17.38,8.79,0.91,19.25,16.75
design_3930,0.58,0.56,0.66,nan,nan,nan,0.46,0.62,16.78,8.56,0.91,20.88,21.33
design_3931,0.59,0.46,0.66,nan,nan,nan,0.45,0.6,16.95,8.64,0.9,20.08,20.34
design_3932,0.62,0.47,0.62,nan,nan,nan,0.44,0.59,16.86,8.61,0.9,15.17,13.72
design_3933,0.58,0.49,0.64,nan,nan,nan,0.44,0.59,16.17,8.29,0.9,20.36,21.1
design_3934,0.56,0.51,0.58,nan,nan,nan,0.44,0.56,16.47,8.45,0.9,13.46,13.97
design_3935,0.63,0.47,0.62,nan,nan,nan,0.44,0.59,17.01,8.68,0.91,15.67,12.03
design_3936,0.89,2.19,0.77,nan,nan,nan,0.68,1.36,3.93,2.9,0.89,2.44,1.75
design_3937,1.05,1.68,1.4,nan,nan,nan,0.69,1.39,15.0,7.9,0.89,10.61,7.93
design_3938,0.96,1.6,1.29,nan,nan,nan,0.65,1.29,4.29,3.11,0.88,1.95,1.9
design_3939,0.46,1.71,0.74,nan,nan,nan,0.58,1.06,4.42,3.07,0.89,2.31,1.59
design_3940,1.17,1.66,1.64,nan,nan,nan,0.74,1.51,11.68,6.36,0.88,22.81,21.04
design_3941,0.98,1.62,1.36,nan,nan,nan,0.66,1.33,4.31,3.09,0.88,2.02,1.85
design_3942,1.19,1.56,1.79,nan,nan,nan,0.75,1.54,13.6,7.29,0.89,9.92,5.15
design_3943,1.0,1.79,0.73,nan,nan,nan,0.63,1.2,3.96,2.94,0.88,2.04,1.45
design_3944,0.76,0.56,1.5,nan,nan,nan,0.63,1.11,14.32,7.84,0.87,22.6,24.72
design_3945,0.87,0.61,1.55,nan,nan,nan,0.67,1.17,14.86,8.15,0.86,23.73,25.93
design_3946,0.98,0.72,1.33,nan,nan,nan,0.64,1.09,14.32,7.87,0.87,23.89,25.88
design_3947,0.73,0.6,0.84,nan,nan,nan,0.51,0.75,11.64,6.61,0.87,23.27,23.4
design_3948,0.73,0.67,0.97,nan,nan,nan,0.54,0.83,13.27,7.32,0.87,24.0,25.86
design_3949,0.89,0.76,1.75,nan,nan,nan,0.71,1.31,14.74,7.97,0.88,22.56,24.73
design_3950,0.79,0.77,0.91,nan,nan,nan,0.54,0.84,12.5,6.96,0.87,24.11,24.66
design_3951,0.92,0.76,1.73,nan,nan,nan,0.7,1.3,13.78,7.62,0.87,23.2,24.26
design_3952,0.74,0.65,1.42,nan,nan,nan,0.63,1.09,11.44,6.28,0.88,2.45,1.56
design_3953,0.74,0.72,1.41,nan,nan,nan,0.62,1.1,10.27,5.7,0.89,2.39,1.92
design_3954,0.76,0.9,1.52,nan,nan,nan,0.65,1.2,12.66,6.8,0.89,3.64,3.84
design_3955,0.68,0.62,1.3,nan,nan,nan,0.59,1.0,9.43,5.33,0.88,2.69,2.04
design_3956,0.86,0.63,1.43,nan,nan,nan,0.63,1.12,12.74,6.86,0.89,2.92,2.69
design_3957,0.63,0.64,1.03,nan,nan,nan,0.54,0.84,9.11,5.27,0.88,2.29,1.69
design_3958,0.63,0.77,1.12,nan,nan,nan,0.54,0.92,12.05,6.52,0.89,2.49,1.35
design_3959,0.69,0.66,1.23,nan,nan,nan,0.57,0.97,10.33,5.75,0.88,1.89,1.23
design_3960,0.65,0.73,1.21,nan,nan,nan,0.53,0.92,13.17,7.0,0.89,24.43,23.39
design_3961,0.64,0.75,1.32,nan,nan,nan,0.56,0.98,14.21,7.47,0.9,17.04,10.59
design_3962,0.59,1.02,1.63,nan,nan,nan,0.62,1.19,15.18,7.9,0.9,31.16,15.62
design_3963,0.72,0.77,1.62,nan,nan,nan,0.62,1.16,14.66,7.71,0.9,12.18,11.02
design_3964,0.64,0.81,1.4,nan,nan,nan,0.57,1.03,14.14,7.44,0.89,16.61,10.44
design_3965,0.62,0.82,1.17,nan,nan,nan,0.53,0.92,13.87,7.32,0.89,25.13,21.61
design_3966,0.66,0.84,1.63,nan,nan,nan,0.61,1.17,14.83,7.76,0.89,20.57,15.57
design_3967,0.55,0.86,1.32,nan,nan,nan,0.56,0.99,12.75,6.81,0.89,23.77,24.4
design_3968,0.85,0.95,2.32,nan,nan,nan,0.79,1.63,16.03,8.65,0.87,19.73,20.9
design_3969,0.9,0.93,3.12,nan,nan,nan,0.98,2.11,16.95,9.08,0.88,9.39,5.91
design_3970,0.8,0.92,2.5,nan,nan,nan,0.84,1.73,12.69,6.97,0.88,18.59,10.36
design_3971,0.99,0.93,3.29,nan,nan,nan,1.03,2.23,15.21,8.28,0.88,10.03,7.89
design_3972,1.01,1.0,3.83,nan,nan,nan,1.17,2.57,16.08,8.71,0.88,20.51,19.45
design_3973,0.9,1.01,2.96,nan,nan,nan,0.95,2.03,15.32,8.29,0.88,9.07,6.8
design_3974,0.57,0.82,2.34,nan,nan,nan,0.78,1.59,14.75,8.0,0.88,11.77,12.23
design_3975,0.66,0.86,2.91,nan,nan,nan,0.92,1.95,15.43,8.36,0.88,12.59,11.34
design_3976,0.33,0.96,1.94,nan,nan,nan,0.62,1.18,8.26,4.98,0.87,3.25,2.47
design_3977,0.67,1.07,2.06,nan,nan,nan,0.67,1.32,11.97,6.69,0.87,18.57,15.68
design_3978,0.4,1.15,2.11,nan,nan,nan,0.64,1.32,8.1,4.92,0.87,0.96,1.77
design_3979,0.51,0.94,2.14,nan,nan,nan,0.65,1.29,12.68,6.97,0.88,18.13,13.96
design_3980,0.59,0.97,1.85,nan,nan,nan,0.63,1.19,7.9,4.77,0.87,5.34,4.47
design_3981,0.65,1.05,1.6,nan,nan,nan,0.6,1.11,11.1,6.23,0.87,21.53,19.22
design_3982,0.52,1.04,2.2,nan,nan,nan,0.65,1.35,10.91,6.16,0.87,23.15,21.22
design_3983,0.64,1.03,2.19,nan,nan,nan,0.66,1.36,10.9,6.13,0.88,23.65,21.91
design_3984,0.53,0.43,1.37,nan,nan,nan,0.6,0.99,13.85,7.31,0.89,12.77,12.11
design_3985,0.63,0.47,1.48,nan,nan,nan,0.62,1.08,12.92,6.98,0.89,13.56,11.78
design_3986,0.93,0.52,1.66,nan,nan,nan,0.69,1.25,13.44,7.36,0.87,13.84,13.18
design_3987,0.6,0.57,1.49,nan,nan,nan,0.62,1.1,13.39,7.23,0.88,15.01,14.32
design_3988,0.88,0.52,1.95,nan,nan,nan,0.76,1.43,14.3,7.76,0.87,14.08,14.4
design_3989,0.55,0.46,1.51,nan,nan,nan,0.63,1.09,13.3,7.13,0.89,13.09,10.48
design_3990,0.56,0.56,1.13,nan,nan,nan,0.54,0.87,13.35,7.04,0.89,12.75,8.61
design_3991,0.6,0.46,1.38,nan,nan,nan,0.61,1.02,13.71,7.32,0.89,12.94,10.55
design_3992,0.55,0.62,0.54,nan,nan,nan,0.45,0.56,17.45,8.92,0.9,23.06,20.99
design_3993,0.91,0.74,0.81,nan,nan,nan,0.54,0.82,15.81,8.18,0.9,19.94,22.17
design_3994,0.58,0.6,0.89,nan,nan,nan,0.51,0.75,15.1,7.8,0.9,22.12,25.49
design_3995,0.47,0.62,0.65,nan,nan,nan,0.45,0.6,15.87,8.14,0.9,26.07,16.94
design_3996,0.52,0.54,0.83,nan,nan,nan,0.5,0.7,15.0,7.84,0.89,8.99,9.43
design_3997,0.68,0.48,0.81,nan,nan,nan,0.5,0.71,16.61,8.54,0.9,19.67,16.06
design_3998,0.52,0.58,0.63,nan,nan,nan,0.46,0.59,17.23,8.81,0.9,29.57,15.22
design_3999,0.37,0.61,0.61,nan,nan,nan,0.43,0.55,16.61,8.54,0.9,24.56,20.18
design_4000,0.45,1.19,1.52,nan,nan,nan,0.61,1.12,10.87,6.17,0.87,1.97,2.61
design_4001,0.4,1.02,0.83,nan,nan,nan,0.49,0.78,9.7,5.44,0.89,3.03,3.59
design_4002,0.43,0.94,1.05,nan,nan,nan,0.51,0.83,10.1,5.69,0.88,3.11,2.41
design_4003,0.47,0.99,0.89,nan,nan,nan,0.5,0.8,10.93,6.02,0.89,1.79,2.24
design_4004,0.38,1.02,0.85,nan,nan,nan,0.49,0.78,9.05,5.19,0.88,1.38,1.69
design_4005,0.44,1.03,1.35,nan,nan,nan,0.55,0.99,7.41,4.54,0.87,2.37,2.19
design_4006,0.52,1.05,0.97,nan,nan,nan,0.51,0.86,10.44,5.77,0.89,1.7,2.11
design_4007,0.48,1.19,1.3,nan,nan,nan,0.56,1.03,14.22,7.57,0.89,23.95,22.29
design_4008,0.43,1.56,0.8,nan,nan,nan,0.57,1.01,5.73,3.75,0.87,2.47,2.16
design_4009,0.97,2.1,1.31,nan,nan,nan,0.71,1.5,13.05,7.19,0.88,23.06,22.24
design_4010,1.24,2.14,1.12,nan,nan,nan,0.76,1.53,10.43,5.73,0.89,3.8,3.57
design_4011,0.84,2.11,1.71,nan,nan,nan,0.75,1.62,13.55,7.32,0.88,11.34,11.42
design_4012,0.38,1.87,1.95,nan,nan,nan,0.74,1.56,5.16,3.69,0.86,2.46,2.23
design_4013,0.76,1.67,1.07,nan,nan,nan,0.61,1.2,4.46,3.35,0.87,1.21,1.59
design_4014,0.74,2.48,2.06,nan,nan,nan,0.85,1.88,14.15,7.66,0.86,17.33,11.07
design_4015,0.48,1.8,1.47,nan,nan,nan,0.69,1.35,13.75,7.51,0.88,18.91,12.31
design_4016,0.55,0.52,0.95,nan,nan,nan,0.45,0.7,6.52,4.07,0.87,1.32,1.1
design_4017,0.59,0.52,1.24,nan,nan,nan,0.49,0.84,7.63,4.58,0.87,1.93,1.06
design_4018,0.53,0.72,0.5,nan,nan,nan,0.42,0.59,4.67,3.17,0.88,4.76,5.64
design_4019,0.53,0.51,0.94,nan,nan,nan,0.44,0.68,6.61,4.08,0.88,1.04,0.92
design_4020,0.53,0.58,0.87,nan,nan,nan,0.45,0.67,4.97,3.36,0.88,1.42,1.35
design_4021,0.53,0.52,0.54,nan,nan,nan,0.42,0.53,4.9,3.3,0.88,3.72,4.33
design_4022,0.65,0.55,1.18,nan,nan,nan,0.48,0.83,8.76,5.08,0.87,2.18,2.31
design_4023,0.67,0.46,1.43,nan,nan,nan,0.52,0.94,11.1,6.12,0.88,2.82,3.66
design_4024,0.91,0.79,1.55,nan,nan,nan,0.66,1.21,12.52,6.94,0.88,16.83,11.3
design_4025,1.26,0.56,1.51,nan,nan,nan,0.66,1.25,11.23,6.37,0.87,14.51,12.42
design_4026,0.6,0.73,3.84,nan,nan,nan,1.2,2.58,12.47,6.98,0.87,15.28,16.43
design_4027,0.81,0.77,1.7,nan,nan,nan,0.68,1.27,11.9,6.67,0.87,16.43,15.55
design_4028,0.85,0.72,1.46,nan,nan,nan,0.63,1.13,11.51,6.5,0.87,16.97,11.96
design_4029,0.71,0.54,2.76,nan,nan,nan,0.9,1.88,14.98,8.13,0.88,13.04,9.81
design_4030,0.8,0.73,3.42,nan,nan,nan,1.08,2.33,12.76,7.06,0.88,2.84,3.2
design_4031,0.79,0.52,3.87,nan,nan,nan,1.2,2.6,15.48,8.29,0.88,27.08,16.29
design_4032,0.61,0.77,1.32,nan,nan,nan,0.57,0.99,12.17,6.62,0.89,4.89,3.72
design_4033,0.64,0.78,1.49,nan,nan,nan,0.59,1.1,13.57,7.25,0.9,5.48,5.12
design_4034,0.53,0.82,1.46,nan,nan,nan,0.61,1.07,13.04,7.01,0.9,19.68,15.91
design_4035,0.63,0.87,1.91,nan,nan,nan,0.7,1.35,14.3,7.68,0.9,10.45,8.87
design_4036,0.66,0.71,2.12,nan,nan,nan,0.75,1.46,11.71,6.41,0.89,17.83,16.21
design_4037,0.68,0.77,1.55,nan,nan,nan,0.61,1.14,12.85,6.94,0.89,11.39,9.09
design_4038,0.7,0.82,1.92,nan,nan,nan,0.71,1.36,13.85,7.48,0.89,7.24,7.79
design_4039,0.49,0.77,1.1,nan,nan,nan,0.52,0.86,13.59,7.2,0.9,13.57,11.55
design_4040,0.63,0.37,1.11,nan,nan,nan,0.55,0.84,15.3,8.09,0.88,9.07,6.9
design_4041,0.78,0.54,2.57,nan,nan,nan,0.89,1.81,11.62,6.65,0.86,12.5,11.3
design_4042,0.76,0.7,2.99,nan,nan,nan,1.02,2.09,11.13,6.36,0.87,11.63,9.96
design_4043,1.22,0.67,3.08,nan,nan,nan,1.06,2.21,12.01,6.82,0.86,12.28,12.13
design_4044,0.76,0.65,2.89,nan,nan,nan,0.99,2.03,11.25,6.38,0.87,11.86,8.93
design_4045,0.65,0.67,3.0,nan,nan,nan,1.01,2.09,10.3,5.92,0.87,14.74,15.04
design_4046,0.74,0.44,2.8,nan,nan,nan,0.95,1.95,10.89,6.21,0.87,11.46,8.95
design_4047,0.73,0.65,3.02,nan,nan,nan,1.02,2.11,12.51,7.04,0.87,12.52,11.36
design_4048,0.66,0.57,0.77,nan,nan,nan,0.48,0.7,16.05,8.37,0.89,12.06,8.0
design_4049,0.48,0.57,0.71,nan,nan,nan,0.44,0.62,15.77,8.2,0.89,13.3,10.28
design_4050,0.44,0.64,0.93,nan,nan,nan,0.5,0.76,15.28,7.95,0.89,21.13,20.17
design_4051,0.76,0.65,0.97,nan,nan,nan,0.54,0.85,15.17,7.93,0.89,7.71,7.34
design_4052,0.85,0.68,0.98,nan,nan,nan,0.56,0.88,14.69,7.68,0.89,15.44,11.53
design_4053,0.97,0.62,1.17,nan,nan,nan,0.61,1.02,15.14,7.87,0.89,8.43,7.95
design_4054,0.54,0.61,0.9,nan,nan,nan,0.51,0.75,15.84,8.27,0.89,7.42,7.11
design_4055,0.71,0.57,0.77,nan,nan,nan,0.48,0.71,15.5,8.15,0.89,9.74,8.08
design_4056,0.45,0.5,0.66,nan,nan,nan,0.44,0.57,9.92,5.51,0.89,11.95,15.11
design_4057,0.58,0.59,0.92,nan,nan,nan,0.51,0.77,15.8,8.15,0.9,23.42,12.99
design_4058,0.56,0.5,0.73,nan,nan,nan,0.46,0.64,15.35,7.97,0.9,18.89,17.21
design_4059,0.52,0.46,0.97,nan,nan,nan,0.51,0.77,15.38,8.02,0.89,15.75,11.48
design_4060,0.58,0.73,0.64,nan,nan,nan,0.46,0.65,16.31,8.42,0.9,18.48,17.59
design_4061,0.38,0.48,0.72,nan,nan,nan,0.43,0.59,16.33,8.41,0.9,8.85,7.32
design_4062,0.46,0.56,0.58,nan,nan,nan,0.43,0.55,17.15,8.79,0.9,21.31,20.35
design_4063,0.53,0.44,0.66,nan,nan,nan,0.43,0.58,18.98,9.59,0.89,31.42,23.6
design_4064,0.62,0.63,0.99,nan,nan,nan,0.48,0.74,11.99,6.63,0.89,22.83,21.96
design_4065,0.5,0.58,1.14,nan,nan,nan,0.49,0.76,14.01,7.53,0.89,19.3,13.5
design_4066,0.65,0.58,1.02,nan,nan,nan,0.47,0.75,11.28,6.25,0.88,23.39,22.83
design_4067,0.59,0.67,1.4,nan,nan,nan,0.53,0.91,12.11,6.71,0.89,3.53,2.19
design_4068,0.64,0.61,1.1,nan,nan,nan,0.48,0.79,11.24,6.24,0.88,23.83,22.35
design_4069,0.45,0.52,1.09,nan,nan,nan,0.46,0.7,12.99,7.06,0.88,24.1,20.25
design_4070,0.83,0.64,1.11,nan,nan,nan,0.52,0.86,14.7,7.89,0.89,28.01,12.73
design_4071,0.67,0.61,1.43,nan,nan,nan,0.52,0.93,11.76,6.54,0.88,19.08,18.69
design_4072,0.54,0.77,1.17,nan,nan,nan,0.55,0.85,12.09,6.61,0.88,24.23,23.96
design_4073,0.52,0.76,1.11,nan,nan,nan,0.55,0.82,5.48,3.66,0.87,2.48,2.88
design_4074,0.54,0.85,1.24,nan,nan,nan,0.56,0.91,11.38,6.26,0.88,24.0,24.46
design_4075,0.69,0.83,5.28,nan,nan,nan,1.31,3.03,11.8,6.65,0.87,23.55,23.65
design_4076,0.53,0.68,1.8,nan,nan,nan,0.64,1.13,11.42,6.48,0.87,17.32,17.23
design_4077,0.62,0.91,1.47,nan,nan,nan,0.58,1.04,11.97,6.65,0.87,24.21,23.78
design_4078,0.5,0.87,0.95,nan,nan,nan,0.53,0.79,14.27,7.59,0.89,25.58,21.99
design_4079,0.56,0.8,1.66,nan,nan,nan,0.61,1.09,13.08,7.27,0.87,21.72,22.39
design_4080,0.53,1.03,1.5,nan,nan,nan,0.62,1.14,14.77,7.69,0.9,14.57,16.44
design_4081,0.59,1.06,2.14,nan,nan,nan,0.75,1.52,12.99,6.95,0.89,4.09,5.11
design_4082,0.52,0.96,1.79,nan,nan,nan,0.66,1.28,13.29,7.06,0.89,24.09,23.03
design_4083,0.53,1.02,1.87,nan,nan,nan,0.68,1.34,14.85,7.76,0.9,23.19,17.53
design_4084,0.46,0.99,1.86,nan,nan,nan,0.67,1.32,15.23,7.94,0.9,11.56,12.02
design_4085,0.5,0.97,1.84,nan,nan,nan,0.67,1.31,15.24,7.97,0.89,5.67,3.6
design_4086,0.52,1.01,1.56,nan,nan,nan,0.63,1.17,14.02,7.38,0.9,25.12,24.1
design_4087,0.6,1.03,2.33,nan,nan,nan,0.79,1.62,14.45,7.66,0.89,26.05,22.33
design_4088,0.68,0.66,1.14,nan,nan,nan,0.56,0.91,8.59,5.08,0.88,2.42,2.37
design_4089,0.76,0.68,1.51,nan,nan,nan,0.66,1.15,12.33,6.78,0.88,5.78,6.24
design_4090,0.81,0.6,1.56,nan,nan,nan,0.67,1.18,13.53,7.32,0.89,2.45,2.77
design_4091,0.75,0.62,2.08,nan,nan,nan,0.78,1.5,13.14,7.13,0.88,23.22,20.93
design_4092,0.66,0.64,1.3,nan,nan,nan,0.61,1.0,8.93,5.25,0.88,2.96,3.02
design_4093,0.67,0.67,1.31,nan,nan,nan,0.6,1.02,9.95,5.65,0.88,2.73,2.59
design_4094,0.79,0.62,1.36,nan,nan,nan,0.64,1.06,10.94,6.05,0.89,4.15,2.96
design_4095,0.65,0.65,1.28,nan,nan,nan,0.6,0.99,9.84,5.59,0.88,3.02,2.82
design_4096,0.55,0.84,1.52,nan,nan,nan,0.6,1.11,13.89,7.39,0.89,10.14,11.82
design_4097,0.45,1.36,2.01,nan,nan,nan,0.74,1.49,12.36,6.79,0.87,24.89,21.99
design_4098,0.43,0.29,1.23,nan,nan,nan,0.52,0.84,15.76,8.22,0.9,29.49,14.64
design_4099,0.51,0.93,1.55,nan,nan,nan,0.62,1.14,12.73,6.89,0.88,10.34,7.92
design_4100,0.62,1.07,1.49,nan,nan,nan,0.6,1.16,13.79,7.42,0.88,9.79,9.92
design_4101,0.54,0.32,0.5,nan,nan,nan,0.43,0.47,9.63,5.44,0.88,4.23,3.09
design_4102,0.32,0.91,1.62,nan,nan,nan,0.61,1.15,13.99,7.43,0.89,11.9,7.93
design_4103,0.57,1.25,1.72,nan,nan,nan,0.67,1.32,13.33,7.2,0.88,21.83,11.44
design_4104,0.98,0.57,0.98,nan,nan,nan,0.55,0.9,12.69,6.81,0.89,4.73,4.35
design_4105,0.7,0.59,1.05,nan,nan,nan,0.54,0.86,12.2,6.59,0.89,5.26,5.75
design_4106,1.1,0.77,1.0,nan,nan,nan,0.59,0.98,12.51,6.77,0.89,4.85,4.45
design_4107,0.76,0.42,0.96,nan,nan,nan,0.52,0.79,14.51,7.64,0.89,19.1,18.6
design_4108,1.06,0.52,0.93,nan,nan,nan,0.55,0.89,12.47,6.7,0.89,5.37,4.18
design_4109,0.64,0.43,1.34,nan,nan,nan,0.59,1.0,12.06,6.56,0.88,14.5,10.47
design_4110,0.91,0.55,0.89,nan,nan,nan,0.55,0.83,11.75,6.43,0.89,7.74,6.84
design_4111,0.73,0.52,0.91,nan,nan,nan,0.52,0.78,13.43,7.1,0.89,4.43,2.27
design_4112,0.51,0.48,1.6,nan,nan,nan,0.66,1.16,12.23,6.86,0.87,12.14,11.63
design_4113,0.27,0.62,1.34,nan,nan,nan,0.57,0.99,11.57,6.63,0.87,14.2,13.45
design_4114,0.43,0.56,1.57,nan,nan,nan,0.65,1.14,12.45,6.89,0.88,13.46,12.44
design_4115,0.56,0.39,2.7,nan,nan,nan,0.96,1.9,15.07,8.22,0.87,8.67,7.1
design_4116,0.37,0.62,1.6,nan,nan,nan,0.66,1.17,10.77,6.25,0.86,14.99,14.53
design_4117,0.45,0.57,1.61,nan,nan,nan,0.67,1.17,11.39,6.48,0.87,14.74,13.9
design_4118,0.46,0.5,1.82,nan,nan,nan,0.7,1.31,11.59,6.54,0.87,14.8,14.1
design_4119,0.36,0.65,1.77,nan,nan,nan,0.7,1.28,11.71,6.57,0.87,15.1,14.1
design_4120,0.84,0.62,0.64,nan,nan,nan,0.48,0.69,18.73,9.49,0.89,32.84,19.63
design_4121,0.6,0.53,0.62,nan,nan,nan,0.45,0.59,16.54,8.51,0.9,19.93,16.52
design_4122,0.6,0.57,0.82,nan,nan,nan,0.49,0.71,16.2,8.36,0.9,20.21,18.06
design_4123,0.68,0.65,0.89,nan,nan,nan,0.52,0.79,15.86,8.19,0.9,18.36,21.47
design_4124,0.65,0.54,0.61,nan,nan,nan,0.46,0.61,18.44,9.38,0.89,33.34,19.32
design_4125,0.76,0.52,1.03,nan,nan,nan,0.54,0.87,15.69,8.21,0.89,22.65,17.66
design_4126,0.6,0.51,0.66,nan,nan,nan,0.46,0.61,16.54,8.5,0.9,12.33,9.14
design_4127,0.62,0.48,0.68,nan,nan,nan,0.47,0.62,17.54,8.98,0.9,21.6,12.76
design_4128,0.7,0.59,2.08,nan,nan,nan,0.78,1.51,13.78,7.59,0.87,22.53,17.8
design_4129,0.63,0.67,2.69,nan,nan,nan,0.95,1.92,15.77,8.38,0.88,23.11,17.44
design_4130,0.66,0.64,0.81,nan,nan,nan,0.49,0.73,14.04,7.51,0.89,21.58,18.87
design_4131,0.59,0.84,2.51,nan,nan,nan,0.9,1.81,10.47,5.72,0.9,12.57,15.97
design_4132,0.84,0.52,1.12,nan,nan,nan,0.53,0.93,14.06,7.49,0.89,14.02,6.35
design_4133,0.6,0.72,2.69,nan,nan,nan,0.95,1.92,13.93,7.42,0.89,12.94,11.97
design_4134,0.54,0.49,0.88,nan,nan,nan,0.46,0.71,14.04,7.48,0.88,22.38,15.79
design_4135,0.87,0.49,0.89,nan,nan,nan,0.5,0.8,14.41,7.66,0.89,22.87,15.92
design_4136,0.61,0.93,0.93,nan,nan,nan,0.51,0.85,11.43,6.61,0.86,22.46,22.65
design_4137,0.71,0.82,1.35,nan,nan,nan,0.58,1.06,15.36,8.38,0.87,6.43,8.27
design_4138,0.73,0.93,1.59,nan,nan,nan,0.65,1.22,10.75,6.15,0.87,4.04,2.71
design_4139,0.66,0.98,1.18,nan,nan,nan,0.56,1.0,12.58,7.03,0.86,4.37,2.75
design_4140,0.65,0.75,0.63,nan,nan,nan,0.46,0.67,13.51,7.31,0.88,11.66,10.22
design_4141,0.59,0.89,0.86,nan,nan,nan,0.49,0.79,12.75,7.1,0.87,19.51,22.23
design_4142,0.64,0.97,0.87,nan,nan,nan,0.51,0.84,13.54,7.49,0.87,22.36,22.28
design_4143,0.72,0.89,1.39,nan,nan,nan,0.58,1.1,11.12,6.25,0.88,23.0,25.34
design_4144,0.98,2.88,1.01,nan,nan,nan,0.82,1.85,13.08,7.23,0.88,3.45,3.03
design_4145,0.59,1.22,1.04,nan,nan,nan,0.51,0.97,12.27,6.85,0.87,6.42,5.83
design_4146,0.58,2.5,2.74,nan,nan,nan,0.9,2.07,11.99,6.75,0.87,23.74,22.41
design_4147,0.74,1.32,0.86,nan,nan,nan,0.53,1.0,11.68,6.58,0.88,23.14,23.04
design_4148,0.82,2.69,2.74,nan,nan,nan,0.94,2.18,12.43,6.91,0.87,24.7,22.76
design_4149,0.72,1.16,1.22,nan,nan,nan,0.54,1.03,13.37,7.37,0.87,16.29,12.4
design_4150,0.72,1.23,2.75,nan,nan,nan,0.76,1.68,12.25,6.82,0.87,24.45,22.21
design_4151,0.75,1.06,2.35,nan,nan,nan,0.69,1.46,10.37,6.01,0.87,2.22,1.61
design_4152,0.5,0.57,0.61,nan,nan,nan,0.46,0.57,16.5,8.44,0.9,17.71,20.56
design_4153,0.75,0.56,0.46,nan,nan,nan,0.43,0.57,16.27,8.34,0.9,22.3,24.01
design_4154,0.64,0.58,0.66,nan,nan,nan,0.46,0.64,16.4,8.42,0.9,20.18,23.83
design_4155,0.81,0.58,0.7,nan,nan,nan,0.48,0.7,16.9,8.73,0.9,21.09,21.42
design_4156,0.61,0.64,0.61,nan,nan,nan,0.44,0.62,15.6,8.01,0.9,20.41,23.88
design_4157,0.47,0.56,0.55,nan,nan,nan,0.45,0.53,16.45,8.38,0.91,18.23,19.7
design_4158,0.6,0.58,0.64,nan,nan,nan,0.46,0.61,17.32,8.86,0.9,21.78,21.41
design_4159,0.72,0.61,0.53,nan,nan,nan,0.47,0.61,16.43,8.38,0.91,21.24,23.44
design_4160,0.6,0.7,0.8,nan,nan,nan,0.5,0.72,14.13,7.72,0.88,17.71,18.29
design_4161,0.56,0.71,0.82,nan,nan,nan,0.49,0.72,15.11,7.98,0.89,22.64,21.1
design_4162,0.71,0.75,1.06,nan,nan,nan,0.57,0.9,15.21,8.05,0.89,18.13,20.77
design_4163,0.56,0.58,0.99,nan,nan,nan,0.51,0.79,14.33,7.5,0.9,17.89,19.7
design_4164,0.62,0.72,1.02,nan,nan,nan,0.53,0.85,16.06,8.57,0.88,22.31,24.47
design_4165,0.6,0.72,0.8,nan,nan,nan,0.49,0.73,14.43,7.7,0.89,17.86,20.57
design_4166,0.72,0.71,0.94,nan,nan,nan,0.54,0.83,16.27,8.78,0.87,17.14,17.85
design_4167,0.69,0.73,0.85,nan,nan,nan,0.52,0.78,13.32,7.14,0.89,21.11,22.92
design_4168,0.8,0.64,2.0,nan,nan,nan,0.76,1.46,13.79,7.45,0.89,22.77,25.0
design_4169,0.74,0.62,1.97,nan,nan,nan,0.74,1.43,13.84,7.4,0.89,19.89,19.35
design_4170,0.71,0.64,2.16,nan,nan,nan,0.79,1.55,11.58,6.33,0.89,22.49,24.57
design_4171,0.62,0.5,2.22,nan,nan,nan,0.8,1.56,12.94,6.94,0.89,22.43,23.84
design_4172,0.75,0.43,0.64,nan,nan,nan,0.47,0.63,16.28,8.48,0.89,19.27,14.4
design_4173,0.73,0.43,0.63,nan,nan,nan,0.48,0.62,14.72,7.74,0.89,19.9,15.94
design_4174,0.72,0.54,1.99,nan,nan,nan,0.74,1.43,13.76,7.44,0.88,21.06,21.84
design_4175,0.78,0.41,0.6,nan,nan,nan,0.48,0.62,16.31,8.44,0.9,21.02,16.83
design_4176,0.83,0.68,1.88,nan,nan,nan,0.73,1.39,13.96,7.52,0.89,19.71,21.2
design_4177,0.73,0.69,1.9,nan,nan,nan,0.73,1.39,13.9,7.52,0.88,20.22,21.49
design_4178,0.8,0.73,1.87,nan,nan,nan,0.72,1.39,15.66,8.26,0.88,15.41,17.59
design_4179,0.88,0.78,1.9,nan,nan,nan,0.75,1.43,15.15,8.09,0.89,21.39,23.34
design_4180,0.72,0.7,1.84,nan,nan,nan,0.72,1.35,15.31,8.18,0.88,18.96,18.92
design_4181,0.55,0.58,1.35,nan,nan,nan,0.58,1.0,15.43,8.16,0.89,16.78,17.99
design_4182,0.6,0.64,1.27,nan,nan,nan,0.57,0.97,14.53,7.63,0.9,19.77,20.88
design_4183,0.64,0.63,1.38,nan,nan,nan,0.61,1.05,13.86,7.3,0.9,20.57,22.21
design_4184,0.72,0.55,1.01,nan,nan,nan,0.49,0.78,13.86,7.36,0.89,18.32,12.06
design_4185,0.54,0.41,0.79,nan,nan,nan,0.44,0.6,12.42,6.71,0.89,20.18,14.24
design_4186,0.48,0.47,0.6,nan,nan,nan,0.41,0.52,10.37,5.72,0.89,18.21,16.5
design_4187,0.78,0.54,1.66,nan,nan,nan,0.59,1.09,11.67,6.52,0.87,28.86,16.31
design_4188,0.53,0.49,1.16,nan,nan,nan,0.5,0.78,14.39,7.66,0.88,22.63,13.36
design_4189,0.69,0.54,1.44,nan,nan,nan,0.55,0.96,7.22,4.35,0.88,18.27,16.69
design_4190,0.58,0.52,0.92,nan,nan,nan,0.47,0.69,12.64,6.82,0.89,16.66,15.04
design_4191,0.58,0.51,1.57,nan,nan,nan,0.55,0.99,12.5,6.85,0.88,17.09,15.09
design_4192,0.53,0.7,2.9,nan,nan,nan,0.98,2.02,16.21,8.73,0.87,23.59,23.17
design_4193,0.55,0.68,1.82,nan,nan,nan,0.71,1.32,15.33,8.08,0.89,16.83,17.39
design_4194,0.32,0.71,2.83,nan,nan,nan,0.96,1.96,12.02,6.81,0.87,17.75,15.45
design_4195,0.39,0.71,1.81,nan,nan,nan,0.69,1.29,16.25,8.8,0.87,10.28,9.83
design_4196,0.56,0.74,3.4,nan,nan,nan,1.13,2.35,16.64,8.99,0.88,10.88,11.04
design_4197,0.55,0.73,2.37,nan,nan,nan,0.85,1.67,15.33,8.42,0.87,19.04,16.95
design_4198,0.51,0.68,4.36,nan,nan,nan,1.4,2.98,16.52,8.92,0.88,16.41,15.54
design_4199,0.33,0.6,1.98,nan,nan,nan,0.73,1.38,14.33,7.83,0.88,12.89,7.22
design_4200,0.63,0.96,1.92,nan,nan,nan,0.7,1.37,13.81,7.28,0.89,9.42,6.87
design_4201,0.42,0.93,1.4,nan,nan,nan,0.61,1.05,10.79,5.95,0.89,1.35,2.01
design_4202,0.57,0.83,1.86,nan,nan,nan,0.7,1.31,11.07,6.07,0.88,19.73,11.59
design_4203,0.58,0.92,2.19,nan,nan,nan,0.76,1.52,12.73,6.83,0.89,24.52,21.45
design_4204,0.45,1.03,2.0,nan,nan,nan,0.73,1.41,13.72,7.28,0.89,21.91,12.76
design_4205,0.62,0.86,1.92,nan,nan,nan,0.72,1.36,12.75,6.83,0.89,18.47,10.38
design_4206,0.57,0.82,2.04,nan,nan,nan,0.72,1.41,12.38,6.65,0.89,19.5,10.82
design_4207,0.55,0.98,1.97,nan,nan,nan,0.73,1.4,14.18,7.52,0.89,16.73,9.44
design_4208,0.43,0.35,0.49,nan,nan,nan,0.4,0.43,4.73,3.18,0.89,4.54,6.06
design_4209,0.51,0.5,1.25,nan,nan,nan,0.51,0.82,5.2,3.45,0.88,2.85,3.32
design_4210,0.43,0.45,0.93,nan,nan,nan,0.43,0.64,5.23,3.41,0.88,3.04,3.63
design_4211,0.51,0.47,1.51,nan,nan,nan,0.52,0.94,11.22,6.14,0.88,7.68,9.06
design_4212,0.53,0.62,1.01,nan,nan,nan,0.46,0.74,12.77,6.85,0.89,5.93,3.89
design_4213,0.42,0.39,0.81,nan,nan,nan,0.43,0.56,7.12,4.27,0.88,4.35,5.5
design_4214,0.44,0.46,0.77,nan,nan,nan,0.42,0.57,6.74,4.14,0.87,3.59,4.45
design_4215,0.4,0.36,0.44,nan,nan,nan,0.38,0.4,5.22,3.39,0.88,3.9,5.18
design_4216,0.71,0.85,1.95,nan,nan,nan,0.69,1.35,15.46,8.15,0.88,19.78,11.96
design_4217,0.7,0.77,1.51,nan,nan,nan,0.6,1.09,12.18,6.61,0.88,2.84,2.06
design_4218,0.64,0.75,1.15,nan,nan,nan,0.54,0.89,9.0,5.18,0.88,0.91,1.08
design_4219,0.59,0.66,1.34,nan,nan,nan,0.55,0.96,10.8,5.97,0.88,3.03,3.79
design_4220,0.81,0.83,1.68,nan,nan,nan,0.62,1.22,14.71,7.71,0.9,19.19,16.06
design_4221,0.44,0.76,1.06,nan,nan,nan,0.49,0.81,10.58,5.93,0.88,2.77,2.54
design_4222,0.76,0.77,1.52,nan,nan,nan,0.58,1.12,12.46,6.71,0.89,16.43,11.02
design_4223,0.69,0.67,1.68,nan,nan,nan,0.59,1.17,14.59,7.65,0.9,28.22,20.28
design_4224,0.69,0.69,1.33,nan,nan,nan,0.62,1.03,13.7,7.19,0.9,19.64,19.03
design_4225,0.79,0.66,3.2,nan,nan,nan,1.07,2.23,16.98,8.87,0.88,25.18,15.61
design_4226,0.78,0.72,2.0,nan,nan,nan,0.76,1.46,12.59,6.92,0.88,18.33,17.62
design_4227,0.83,0.71,1.91,nan,nan,nan,0.74,1.41,14.98,7.89,0.89,17.62,16.58
design_4228,0.94,0.77,1.91,nan,nan,nan,0.75,1.44,15.33,8.31,0.88,18.13,16.29
design_4229,0.74,0.57,2.6,nan,nan,nan,0.91,1.83,16.15,8.68,0.88,5.67,7.07
design_4230,0.54,0.7,2.33,nan,nan,nan,0.83,1.64,13.49,7.56,0.87,16.42,14.36
design_4231,0.94,0.75,1.9,nan,nan,nan,0.75,1.43,14.18,7.49,0.89,17.85,16.24
design_4232,0.45,0.9,1.28,nan,nan,nan,0.59,0.98,10.97,6.04,0.88,5.84,4.51
design_4233,0.86,0.46,1.47,nan,nan,nan,0.61,1.09,6.45,3.96,0.88,24.04,14.26
design_4234,0.39,1.01,1.32,nan,nan,nan,0.6,1.02,11.92,6.47,0.89,6.54,4.2
design_4235,0.37,0.82,1.18,nan,nan,nan,0.56,0.89,7.33,4.3,0.88,24.23,14.43
design_4236,0.53,1.07,2.03,nan,nan,nan,0.76,1.44,14.37,7.56,0.89,18.6,11.48
design_4237,0.45,0.9,1.3,nan,nan,nan,0.59,0.99,11.55,6.3,0.88,6.22,4.24
design_4238,0.43,0.98,1.41,nan,nan,nan,0.61,1.07,12.85,6.84,0.9,23.84,21.28
design_4239,0.41,1.0,1.71,nan,nan,nan,0.68,1.23,12.87,6.86,0.89,21.68,13.22
design_4240,0.59,0.42,1.39,nan,nan,nan,0.53,0.98,10.84,5.95,0.88,24.98,21.06
design_4241,0.54,0.54,1.95,nan,nan,nan,0.66,1.31,15.31,7.99,0.89,32.7,12.93
design_4242,0.39,0.66,1.26,nan,nan,nan,0.54,0.9,11.87,6.41,0.89,3.5,3.76
design_4243,0.47,0.37,1.62,nan,nan,nan,0.61,1.09,13.72,7.21,0.89,23.39,18.29
design_4244,0.56,0.49,1.87,nan,nan,nan,0.66,1.26,12.03,6.54,0.88,24.85,22.79
design_4245,0.52,0.59,1.25,nan,nan,nan,0.54,0.9,6.43,4.01,0.88,5.25,2.43
design_4246,0.6,0.34,1.99,nan,nan,nan,0.67,1.33,12.55,6.76,0.89,25.01,22.03
design_4247,0.74,0.28,1.91,nan,nan,nan,0.67,1.3,13.92,7.4,0.89,25.23,21.75
design_4248,0.83,1.26,1.17,nan,nan,nan,0.59,1.08,13.37,7.35,0.88,23.7,21.22
design_4249,0.74,1.11,1.09,nan,nan,nan,0.54,0.98,9.56,5.5,0.87,12.57,12.89
design_4250,0.84,1.26,1.17,nan,nan,nan,0.59,1.09,11.81,6.61,0.88,22.9,20.91
design_4251,0.97,1.3,0.96,nan,nan,nan,0.58,1.09,11.47,6.48,0.87,22.87,22.79
design_4252,0.72,1.39,1.16,nan,nan,nan,0.59,1.1,10.58,5.98,0.88,22.97,24.42
design_4253,0.84,1.34,1.24,nan,nan,nan,0.6,1.14,12.14,6.74,0.88,24.11,23.73
design_4254,1.09,1.41,1.03,nan,nan,nan,0.63,1.19,12.11,6.7,0.88,22.92,21.97
design_4255,0.66,0.91,1.18,nan,nan,nan,0.58,0.91,3.94,2.96,0.88,2.63,2.52
design_4256,0.58,0.85,1.86,nan,nan,nan,0.6,1.16,12.06,6.69,0.88,22.68,23.39
design_4257,0.77,0.94,2.01,nan,nan,nan,0.66,1.28,12.45,6.8,0.88,16.85,12.46
design_4258,0.67,1.06,1.92,nan,nan,nan,0.65,1.26,9.75,5.69,0.88,3.55,4.9
design_4259,0.5,0.66,1.96,nan,nan,nan,0.6,1.15,11.59,6.43,0.88,22.55,21.43
design_4260,0.97,0.9,1.78,nan,nan,nan,0.63,1.23,12.7,7.04,0.88,21.38,21.23
design_4261,0.38,0.93,1.02,nan,nan,nan,0.52,0.79,13.55,7.36,0.88,28.52,18.36
design_4262,0.52,0.97,1.73,nan,nan,nan,0.6,1.12,7.81,4.71,0.87,3.89,3.02
design_4263,0.6,0.93,2.19,nan,nan,nan,0.67,1.33,12.09,6.67,0.89,6.25,9.02
design_4264,0.74,0.75,1.32,nan,nan,nan,0.6,1.05,15.27,8.26,0.88,17.42,16.74
design_4265,0.63,0.67,1.19,nan,nan,nan,0.57,0.93,15.42,8.0,0.9,21.02,17.33
design_4266,0.77,0.66,1.25,nan,nan,nan,0.58,1.0,13.4,7.35,0.88,20.82,21.8
design_4267,0.72,0.71,1.17,nan,nan,nan,0.56,0.95,14.37,7.76,0.88,11.36,12.18
design_4268,0.98,0.73,1.19,nan,nan,nan,0.6,1.03,12.19,6.73,0.88,20.79,21.3
design_4269,0.92,0.66,1.11,nan,nan,nan,0.57,0.96,13.48,7.12,0.9,19.63,19.98
design_4270,0.61,0.54,4.39,nan,nan,nan,1.4,3.0,15.85,8.68,0.86,19.87,19.94
design_4271,0.64,0.77,1.58,nan,nan,nan,0.65,1.19,14.43,7.86,0.88,21.38,22.78
design_4272,0.99,0.89,2.03,nan,nan,nan,0.75,1.49,13.24,7.06,0.88,18.65,13.54
design_4273,0.89,1.03,1.38,nan,nan,nan,0.63,1.15,11.6,6.38,0.89,4.81,4.65
design_4274,0.88,1.05,1.77,nan,nan,nan,0.71,1.35,12.31,6.66,0.89,21.85,21.23
design_4275,0.86,0.73,1.39,nan,nan,nan,0.62,1.08,6.58,4.02,0.88,21.11,12.16
design_4276,1.15,0.76,2.1,nan,nan,nan,0.76,1.54,12.6,6.79,0.89,21.21,19.98
design_4277,1.33,0.44,1.69,nan,nan,nan,0.69,1.33,5.73,3.59,0.89,21.73,12.6
design_4278,1.02,0.98,1.27,nan,nan,nan,0.61,1.12,13.05,7.04,0.88,14.47,9.77
design_4279,1.13,0.98,2.13,nan,nan,nan,0.78,1.59,13.32,7.15,0.88,13.42,12.64
design_4280,0.76,0.46,1.87,nan,nan,nan,0.76,1.38,14.09,7.6,0.88,21.39,23.86
design_4281,0.53,0.33,1.33,nan,nan,nan,0.61,0.98,15.03,7.91,0.89,20.1,21.73
design_4282,0.72,0.4,2.4,nan,nan,nan,0.88,1.72,17.89,9.27,0.88,25.65,15.17
design_4283,0.52,0.4,1.97,nan,nan,nan,0.76,1.41,15.09,8.15,0.88,20.74,22.53
design_4284,0.81,0.39,1.38,nan,nan,nan,0.64,1.07,14.7,7.84,0.88,22.91,22.56
design_4285,0.63,0.42,1.31,nan,nan,nan,0.6,0.99,15.06,8.11,0.88,19.83,20.53
design_4286,0.56,0.36,1.74,nan,nan,nan,0.7,1.25,15.13,8.06,0.88,19.61,23.18
design_4287,0.64,0.38,1.58,nan,nan,nan,0.64,1.16,19.65,10.35,0.86,34.34,20.2
design_4288,1.17,0.49,1.77,nan,nan,nan,0.61,1.22,14.33,7.6,0.9,7.44,6.3
design_4289,1.08,0.65,1.76,nan,nan,nan,0.63,1.21,14.01,7.48,0.89,24.51,19.0
design_4290,0.93,0.49,1.98,nan,nan,nan,0.63,1.23,11.6,6.35,0.88,21.42,22.04
design_4291,0.82,0.39,1.65,nan,nan,nan,0.56,1.03,11.14,6.3,0.87,17.83,17.05
design_4292,0.79,0.51,0.97,nan,nan,nan,0.49,0.77,12.42,6.91,0.88,10.29,12.57
design_4293,0.8,0.54,1.08,nan,nan,nan,0.5,0.82,8.36,4.96,0.88,3.87,3.07
design_4294,0.93,0.61,1.21,nan,nan,nan,0.53,0.93,12.87,7.07,0.89,21.8,20.57
design_4295,0.78,0.58,0.82,nan,nan,nan,0.47,0.73,11.02,6.15,0.88,2.21,2.91
design_4296,0.59,0.64,3.48,nan,nan,nan,1.1,2.34,14.97,8.24,0.87,12.49,15.3
design_4297,0.79,0.65,2.87,nan,nan,nan,0.96,1.97,14.75,8.05,0.87,20.18,23.6
design_4298,0.6,0.68,2.33,nan,nan,nan,0.81,1.61,14.61,7.95,0.88,14.45,17.92
design_4299,0.77,0.56,1.22,nan,nan,nan,0.59,0.96,11.24,6.35,0.87,5.01,4.93
design_4300,0.61,0.65,3.45,nan,nan,nan,1.09,2.32,15.1,8.08,0.89,16.65,18.63
design_4301,0.66,0.59,3.41,nan,nan,nan,1.08,2.3,14.96,7.98,0.89,22.3,25.5
design_4302,0.71,0.61,2.95,nan,nan,nan,0.97,2.01,13.56,7.32,0.89,23.07,26.31
design_4303,0.61,0.66,3.04,nan,nan,nan,0.98,2.06,14.47,7.88,0.88,20.07,24.9
design_4304,0.69,0.93,3.56,nan,nan,nan,1.22,2.53,18.14,9.51,0.88,17.66,19.89
design_4305,0.92,0.9,5.04,nan,nan,nan,1.67,3.55,17.34,9.2,0.89,21.21,25.52
design_4306,0.65,0.91,1.69,nan,nan,nan,0.72,1.3,15.5,8.44,0.87,21.62,22.93
design_4307,0.82,0.94,4.01,nan,nan,nan,1.36,2.85,17.94,9.49,0.88,17.78,20.78
design_4308,0.52,0.87,1.48,nan,nan,nan,0.64,1.14,14.36,7.79,0.88,23.19,25.87
design_4309,0.51,0.84,5.05,nan,nan,nan,1.65,3.53,17.35,9.2,0.88,11.24,11.42
design_4310,0.73,0.89,4.67,nan,nan,nan,1.55,3.28,16.76,8.97,0.88,21.57,22.9
design_4311,0.81,0.83,4.68,nan,nan,nan,1.56,3.29,16.04,8.7,0.87,22.68,25.66
design_4312,0.54,1.65,1.29,nan,nan,nan,0.62,1.22,12.03,6.49,0.89,22.45,22.9
design_4313,0.48,1.77,1.16,nan,nan,nan,0.63,1.22,13.15,7.06,0.89,18.36,20.69
design_4314,0.61,1.8,1.44,nan,nan,nan,0.69,1.35,11.88,6.45,0.89,13.88,13.0
design_4315,0.62,2.29,1.24,nan,nan,nan,0.71,1.5,12.49,6.71,0.89,25.01,25.04
design_4316,0.72,2.5,1.63,nan,nan,nan,0.84,1.73,5.34,3.46,0.88,3.17,1.51
design_4317,0.6,1.73,1.21,nan,nan,nan,0.64,1.24,12.59,6.82,0.89,18.33,19.15
design_4318,0.51,1.87,1.38,nan,nan,nan,0.66,1.34,14.52,7.64,0.9,12.01,12.99
design_4319,0.67,2.01,1.53,nan,nan,nan,0.72,1.48,12.49,6.73,0.89,24.29,24.93
design_4320,0.64,0.79,2.92,nan,nan,nan,1.0,2.05,13.76,7.76,0.86,23.12,27.3
design_4321,0.62,0.77,2.86,nan,nan,nan,0.97,2.0,16.48,9.13,0.86,20.1,23.88
design_4322,0.48,0.7,2.77,nan,nan,nan,0.94,1.93,14.44,8.17,0.85,23.97,28.5
design_4323,0.47,0.77,5.12,nan,nan,nan,1.61,3.5,16.73,8.87,0.89,19.15,23.1
design_4324,0.47,0.72,2.49,nan,nan,nan,0.87,1.74,13.82,7.78,0.87,19.24,23.04
design_4325,0.64,0.7,3.6,nan,nan,nan,1.18,2.49,13.39,7.73,0.86,23.89,28.48
design_4326,0.62,0.7,2.89,nan,nan,nan,0.98,2.01,15.35,8.5,0.87,22.82,26.41
design_4327,0.46,0.72,2.5,nan,nan,nan,0.86,1.75,12.52,6.96,0.88,23.08,27.13
design_4328,0.71,0.43,3.62,nan,nan,nan,1.23,2.55,16.29,8.71,0.88,21.32,24.7
design_4329,0.73,0.59,2.92,nan,nan,nan,1.02,2.08,15.46,8.05,0.9,12.24,10.98
design_4330,0.74,0.42,2.29,nan,nan,nan,0.85,1.64,16.21,8.71,0.87,19.56,18.51
design_4331,0.78,0.55,3.36,nan,nan,nan,1.15,2.38,15.89,8.61,0.87,19.07,23.2
design_4332,0.75,0.66,3.12,nan,nan,nan,1.08,2.22,15.11,7.88,0.9,19.11,19.95
design_4333,0.66,0.64,2.43,nan,nan,nan,0.89,1.75,15.82,8.51,0.88,19.12,23.11
design_4334,0.77,0.62,2.76,nan,nan,nan,0.99,1.98,16.5,8.82,0.88,18.68,20.41
design_4335,0.85,0.53,3.59,nan,nan,nan,1.23,2.54,13.17,7.37,0.86,16.88,18.98
design_4336,0.62,0.8,2.89,nan,nan,nan,1.03,2.06,13.68,7.44,0.87,11.69,12.46
design_4337,0.61,0.89,3.28,nan,nan,nan,1.14,2.34,14.17,7.6,0.88,17.91,20.55
design_4338,0.59,0.82,3.13,nan,nan,nan,1.09,2.23,15.08,8.25,0.87,14.85,16.65
design_4339,0.75,0.84,3.27,nan,nan,nan,1.14,2.34,14.56,7.97,0.87,19.65,17.96
design_4340,0.59,0.94,3.04,nan,nan,nan,1.07,2.18,14.47,7.8,0.88,14.11,15.88
design_4341,0.53,0.9,3.14,nan,nan,nan,1.09,2.24,14.52,7.9,0.87,16.33,18.91
design_4342,0.6,0.86,3.03,nan,nan,nan,1.07,2.16,14.51,7.9,0.87,15.52,16.06
design_4343,0.78,0.7,4.77,nan,nan,nan,1.58,3.35,15.6,8.22,0.88,15.57,9.38
design_4344,0.73,1.02,0.96,nan,nan,nan,0.53,0.9,11.2,6.13,0.89,22.71,22.39
design_4345,0.73,0.92,0.93,nan,nan,nan,0.53,0.86,5.21,3.42,0.89,4.68,2.54
design_4346,0.86,0.9,0.84,nan,nan,nan,0.49,0.87,14.13,7.48,0.89,15.66,10.49
design_4347,0.8,0.59,1.04,nan,nan,nan,0.47,0.83,14.1,7.44,0.9,27.95,21.59
design_4348,0.83,0.86,1.12,nan,nan,nan,0.55,0.94,8.88,5.09,0.88,2.05,2.14
design_4349,0.83,0.38,0.74,nan,nan,nan,0.48,0.69,3.69,2.75,0.89,1.21,1.24
design_4350,0.64,0.95,1.5,nan,nan,nan,0.59,1.07,13.42,7.17,0.89,28.79,13.1
design_4351,0.72,0.7,1.04,nan,nan,nan,0.51,0.83,12.5,6.74,0.89,2.01,2.34
design_4352,0.67,0.42,1.23,nan,nan,nan,0.5,0.83,11.39,6.46,0.86,4.32,2.34
design_4353,0.86,0.34,1.34,nan,nan,nan,0.52,0.93,12.56,6.81,0.88,8.03,8.86
design_4354,0.81,0.23,1.47,nan,nan,nan,0.51,0.97,7.67,4.52,0.88,24.98,23.24
design_4355,0.87,0.62,2.41,nan,nan,nan,0.72,1.5,3.88,2.82,0.89,25.92,23.65
design_4356,0.7,0.33,1.76,nan,nan,nan,0.56,1.09,4.4,2.96,0.89,25.71,23.57
design_4357,0.91,0.54,1.73,nan,nan,nan,0.59,1.16,9.27,5.29,0.88,25.14,23.65
design_4358,0.71,0.55,1.7,nan,nan,nan,0.57,1.09,12.35,6.64,0.89,18.5,18.72
design_4359,0.83,0.67,1.58,nan,nan,nan,0.55,1.09,9.41,5.31,0.88,25.07,23.48
design_4360,0.61,0.6,0.92,nan,nan,nan,0.52,0.77,16.0,8.35,0.89,8.19,8.2
design_4361,0.61,0.6,0.96,nan,nan,nan,0.54,0.79,15.78,8.22,0.89,10.08,9.15
design_4362,0.65,0.67,1.58,nan,nan,nan,0.65,1.19,13.33,7.19,0.88,20.21,18.21
design_4363,0.77,0.61,1.79,nan,nan,nan,0.71,1.34,12.86,7.01,0.88,19.51,18.99
design_4364,0.8,0.75,0.96,nan,nan,nan,0.56,0.87,14.83,7.79,0.89,14.15,13.0
design_4365,0.79,0.46,1.04,nan,nan,nan,0.54,0.86,18.26,9.48,0.87,22.36,8.69
design_4366,0.65,0.65,1.18,nan,nan,nan,0.57,0.94,14.33,7.54,0.89,20.02,19.12
design_4367,0.65,0.72,0.96,nan,nan,nan,0.54,0.83,16.63,8.62,0.89,26.2,16.48
design_4368,0.68,0.51,3.02,nan,nan,nan,1.05,2.14,12.35,6.92,0.87,20.84,21.46
design_4369,0.61,0.53,1.06,nan,nan,nan,0.54,0.84,15.38,8.0,0.9,16.39,14.79
design_4370,0.68,0.52,3.35,nan,nan,nan,1.15,2.36,12.16,6.76,0.88,21.42,22.42
design_4371,0.72,0.39,1.19,nan,nan,nan,0.57,0.93,15.34,7.96,0.9,14.52,15.67
design_4372,0.59,0.64,0.89,nan,nan,nan,0.5,0.76,15.54,7.95,0.91,26.26,16.49
design_4373,0.58,0.6,0.91,nan,nan,nan,0.5,0.76,15.67,8.07,0.9,14.0,13.75
design_4374,0.84,0.52,0.64,nan,nan,nan,0.49,0.68,16.7,8.61,0.9,10.32,8.77
design_4375,0.54,0.24,1.38,nan,nan,nan,0.6,1.0,14.65,7.56,0.91,15.47,15.86
design_4376,0.72,0.5,1.25,nan,nan,nan,0.53,0.93,8.16,4.73,0.88,24.44,25.72
design_4377,0.64,0.34,0.57,nan,nan,nan,0.41,0.55,12.67,6.77,0.89,24.37,24.14
design_4378,0.59,0.53,0.73,nan,nan,nan,0.46,0.64,6.11,3.84,0.88,2.59,1.65
design_4379,0.71,0.5,0.76,nan,nan,nan,0.47,0.68,15.03,7.83,0.9,38.1,16.1
design_4380,0.83,0.65,0.72,nan,nan,nan,0.46,0.74,12.65,6.78,0.89,24.03,24.48
design_4381,0.55,2.99,1.07,nan,nan,nan,0.83,1.73,13.01,6.94,0.89,8.95,7.33
design_4382,0.64,0.58,0.67,nan,nan,nan,0.45,0.64,15.42,8.02,0.9,33.25,19.59
design_4383,0.65,0.61,0.49,nan,nan,nan,0.44,0.58,3.75,2.78,0.89,2.27,1.4
design_4384,0.46,0.51,1.73,nan,nan,nan,0.58,1.06,10.98,6.04,0.88,25.35,21.4
design_4385,0.57,0.81,1.36,nan,nan,nan,0.53,0.95,3.94,2.78,0.89,3.29,1.75
design_4386,0.52,0.59,1.71,nan,nan,nan,0.58,1.07,6.95,4.19,0.88,3.6,1.99
design_4387,0.44,0.41,1.47,nan,nan,nan,0.54,0.9,4.78,3.24,0.88,2.19,1.64
design_4388,0.51,0.39,1.29,nan,nan,nan,0.51,0.82,9.22,5.26,0.88,24.73,24.96
design_4389,0.42,0.87,1.31,nan,nan,nan,0.49,0.92,3.56,2.57,0.9,25.03,24.84
design_4390,0.47,0.44,1.25,nan,nan,nan,0.49,0.8,7.88,4.59,0.88,24.65,25.13
design_4391,0.49,0.51,1.61,nan,nan,nan,0.54,1.0,4.46,3.04,0.89,2.75,1.84
design_4392,0.51,0.49,1.05,nan,nan,nan,0.49,0.76,9.97,5.7,0.87,4.52,3.23
design_4393,0.53,0.56,1.38,nan,nan,nan,0.55,0.95,13.33,7.18,0.89,2.86,3.42
design_4394,0.64,0.54,1.34,nan,nan,nan,0.56,0.95,11.23,6.3,0.87,3.52,2.7
design_4395,0.59,0.56,1.37,nan,nan,nan,0.55,0.96,12.07,6.64,0.88,3.45,2.84
design_4396,0.56,0.64,0.99,nan,nan,nan,0.5,0.77,9.47,5.45,0.87,3.56,3.19
design_4397,0.64,0.54,1.91,nan,nan,nan,0.66,1.27,11.26,6.28,0.88,3.25,3.26
design_4398,0.62,0.53,1.68,nan,nan,nan,0.62,1.13,13.03,7.1,0.88,2.6,3.08
design_4399,0.52,0.57,1.84,nan,nan,nan,0.63,1.21,12.74,7.0,0.88,8.69,6.88
design_4400,0.55,1.13,2.49,nan,nan,nan,0.84,1.73,16.69,8.98,0.87,6.03,6.97
design_4401,0.51,1.15,3.34,nan,nan,nan,1.03,2.24,15.19,8.32,0.87,17.09,14.11
design_4402,0.62,1.26,1.97,nan,nan,nan,0.73,1.46,15.77,8.26,0.89,6.56,3.96
design_4403,0.61,1.19,4.07,nan,nan,nan,1.23,2.7,16.83,9.04,0.88,6.03,4.42
design_4404,0.53,1.29,1.87,nan,nan,nan,0.71,1.41,16.2,8.4,0.9,7.5,6.58
design_4405,0.66,1.21,3.04,nan,nan,nan,0.97,2.08,15.49,8.44,0.88,23.5,13.34
design_4406,0.61,1.17,2.77,nan,nan,nan,0.91,1.9,15.37,8.45,0.87,9.77,10.87
design_4407,0.59,1.29,2.47,nan,nan,nan,0.84,1.75,15.63,8.2,0.9,24.17,17.25
design_4408,0.67,0.66,1.07,nan,nan,nan,0.54,0.86,16.17,8.67,0.88,23.31,11.89
design_4409,0.68,0.5,1.03,nan,nan,nan,0.52,0.82,14.1,7.52,0.89,18.69,15.41
design_4410,0.72,0.47,1.14,nan,nan,nan,0.52,0.88,14.78,7.82,0.89,12.55,11.17
design_4411,0.52,0.47,1.05,nan,nan,nan,0.49,0.79,14.97,8.09,0.88,26.18,17.73
design_4412,0.72,0.6,1.05,nan,nan,nan,0.52,0.85,16.95,8.91,0.89,26.62,17.78
design_4413,0.82,0.43,1.0,nan,nan,nan,0.52,0.83,15.81,8.44,0.88,25.43,16.28
design_4414,0.51,0.43,0.93,nan,nan,nan,0.48,0.71,14.83,7.82,0.89,25.05,19.4
design_4415,0.78,0.48,1.1,nan,nan,nan,0.52,0.88,15.29,8.23,0.88,18.17,15.05
design_4416,0.55,0.44,1.11,nan,nan,nan,0.5,0.82,13.45,7.4,0.88,17.16,15.69
design_4417,0.59,0.64,1.44,nan,nan,nan,0.57,1.06,15.92,8.6,0.87,10.5,7.42
design_4418,0.58,0.55,1.32,nan,nan,nan,0.55,0.97,16.22,8.64,0.88,33.38,12.12
design_4419,0.52,0.52,1.13,nan,nan,nan,0.49,0.84,14.21,7.73,0.88,18.99,17.14
design_4420,0.51,0.44,1.05,nan,nan,nan,0.49,0.78,13.26,7.4,0.86,14.26,12.97
design_4421,0.48,0.38,1.02,nan,nan,nan,0.47,0.75,14.05,7.63,0.88,17.31,15.97
design_4422,0.61,0.46,0.92,nan,nan,nan,0.49,0.73,14.04,7.64,0.88,11.95,7.6
design_4423,0.57,0.5,1.62,nan,nan,nan,0.61,1.14,13.85,7.52,0.87,8.89,10.26
design_4424,0.91,0.54,0.85,nan,nan,nan,0.53,0.81,13.35,7.16,0.89,11.66,12.99
design_4425,0.79,0.58,0.71,nan,nan,nan,0.49,0.7,15.7,8.11,0.9,15.71,9.98
design_4426,0.95,0.49,3.14,nan,nan,nan,1.07,2.2,15.3,8.49,0.86,14.78,17.46
design_4427,0.75,0.5,3.56,nan,nan,nan,1.16,2.46,15.34,8.48,0.87,13.76,16.12
design_4428,0.91,0.51,3.11,nan,nan,nan,1.05,2.17,15.77,8.68,0.87,12.55,11.99
design_4429,0.87,0.58,0.99,nan,nan,nan,0.56,0.87,14.57,7.72,0.89,14.07,12.08
design_4430,0.55,0.45,2.89,nan,nan,nan,0.97,1.99,16.23,8.97,0.87,8.43,8.71
design_4431,0.88,0.49,3.25,nan,nan,nan,1.09,2.26,15.4,8.5,0.87,14.74,16.35
design_4432,0.39,0.52,0.55,nan,nan,nan,0.44,0.5,16.02,8.25,0.9,19.42,18.74
design_4433,0.45,0.62,0.5,nan,nan,nan,0.44,0.52,16.9,8.64,0.9,22.77,22.53
design_4434,0.55,0.66,0.66,nan,nan,nan,0.46,0.63,16.93,8.7,0.9,18.0,11.46
design_4435,0.46,0.58,0.49,nan,nan,nan,0.43,0.5,16.48,8.47,0.9,20.18,20.44
design_4436,0.42,0.55,0.56,nan,nan,nan,0.43,0.53,16.78,8.67,0.9,12.75,14.6
design_4437,0.36,0.47,0.63,nan,nan,nan,0.45,0.53,15.76,8.06,0.91,19.64,22.33
design_4438,0.59,0.52,0.52,nan,nan,nan,0.43,0.54,16.86,8.65,0.9,18.75,19.41
design_4439,0.46,0.6,0.75,nan,nan,nan,0.47,0.65,15.67,8.1,0.9,15.1,14.49
design_4440,0.57,0.68,1.39,nan,nan,nan,0.63,1.06,12.36,6.86,0.87,2.94,3.25
design_4441,0.7,0.49,1.12,nan,nan,nan,0.57,0.89,13.44,7.36,0.87,19.77,18.71
design_4442,0.76,0.73,1.27,nan,nan,nan,0.62,1.03,12.65,7.02,0.87,3.7,3.19
design_4443,0.59,0.64,1.26,nan,nan,nan,0.59,0.98,12.37,6.87,0.87,6.11,2.57
design_4444,0.6,0.68,1.17,nan,nan,nan,0.58,0.93,13.34,7.27,0.88,2.81,2.48
design_4445,0.7,0.66,1.24,nan,nan,nan,0.62,0.99,14.06,7.63,0.88,3.52,4.85
design_4446,0.71,0.72,1.54,nan,nan,nan,0.67,1.18,12.62,6.98,0.87,2.89,3.58
design_4447,0.67,0.6,1.16,nan,nan,nan,0.58,0.93,13.06,7.19,0.88,5.08,4.35
design_4448,0.65,0.89,1.49,nan,nan,nan,0.61,1.12,3.83,2.9,0.89,1.98,1.43
design_4449,0.38,2.32,0.31,nan,nan,nan,0.64,1.25,4.48,3.16,0.88,4.78,2.83
design_4450,0.43,1.11,0.74,nan,nan,nan,0.51,0.79,4.41,3.19,0.88,2.14,1.17
design_4451,0.59,1.36,1.75,nan,nan,nan,0.7,1.37,5.07,3.43,0.88,4.96,2.1
design_4452,0.4,1.94,0.45,nan,nan,nan,0.59,1.07,4.72,3.29,0.88,3.31,2.22
design_4453,0.39,2.18,0.54,nan,nan,nan,0.65,1.21,4.56,3.25,0.88,4.15,2.53
design_4454,0.43,1.01,1.52,nan,nan,nan,0.6,1.13,4.03,2.98,0.88,3.47,1.74
design_4455,0.58,0.81,1.32,nan,nan,nan,0.55,1.0,15.41,8.16,0.87,27.16,13.29
design_4456,0.67,1.03,0.73,nan,nan,nan,0.49,0.8,15.42,8.01,0.89,10.35,9.64
design_4457,0.79,0.97,6.79,nan,nan,nan,2.2,4.75,13.78,7.82,0.86,22.4,17.93
design_4458,0.73,1.15,0.77,nan,nan,nan,0.52,0.87,13.73,7.29,0.89,10.19,6.15
design_4459,0.89,1.07,0.81,nan,nan,nan,0.53,0.9,14.72,7.7,0.89,15.86,10.7
design_4460,0.6,1.13,6.94,nan,nan,nan,2.24,4.85,14.01,7.86,0.86,18.92,18.42
design_4461,0.52,0.74,0.82,nan,nan,nan,0.48,0.73,15.05,7.85,0.89,18.02,11.49
design_4462,0.7,1.13,0.64,nan,nan,nan,0.5,0.8,14.17,7.53,0.89,5.33,2.9
design_4463,0.69,1.2,0.83,nan,nan,nan,0.54,0.9,14.2,7.57,0.88,7.14,7.51
design_4464,0.32,0.39,0.59,nan,nan,nan,0.39,0.44,6.45,3.95,0.88,4.64,5.06
design_4465,0.49,0.87,1.1,nan,nan,nan,0.51,0.84,13.51,7.22,0.89,4.01,2.54
design_4466,0.42,0.47,0.96,nan,nan,nan,0.45,0.65,6.22,3.9,0.88,4.51,4.95
design_4467,0.31,0.45,0.6,nan,nan,nan,0.38,0.46,7.77,4.56,0.88,2.2,2.42
design_4468,0.41,0.56,0.95,nan,nan,nan,0.47,0.67,6.13,3.85,0.88,4.15,3.94
design_4469,0.56,0.62,1.25,nan,nan,nan,0.49,0.86,11.84,6.5,0.88,8.49,7.54
design_4470,0.41,0.37,0.72,nan,nan,nan,0.42,0.52,5.94,3.82,0.88,4.4,4.67
design_4471,0.39,0.46,0.8,nan,nan,nan,0.42,0.57,6.23,3.89,0.88,4.0,3.89
design_4472,0.63,0.69,1.02,nan,nan,nan,0.51,0.79,10.13,5.74,0.88,3.75,5.05
design_4473,0.85,0.85,0.66,nan,nan,nan,0.5,0.79,13.23,7.13,0.89,24.18,22.98
design_4474,0.57,0.79,1.48,nan,nan,nan,0.56,1.0,13.25,7.18,0.88,10.39,6.06
design_4475,0.4,0.74,1.04,nan,nan,nan,0.48,0.76,9.98,5.59,0.88,1.19,1.47
design_4476,0.72,0.62,0.94,nan,nan,nan,0.5,0.77,6.28,3.95,0.88,2.5,2.96
design_4477,0.5,0.65,1.27,nan,nan,nan,0.5,0.86,8.17,4.81,0.88,2.88,3.33
design_4478,0.49,0.77,1.21,nan,nan,nan,0.52,0.86,7.96,4.78,0.87,1.12,1.7
design_4479,0.54,0.74,1.27,nan,nan,nan,0.53,0.89,10.39,5.87,0.88,2.42,2.26
design_4480,0.98,1.31,1.99,nan,nan,nan,0.74,1.5,13.15,7.05,0.89,15.98,13.57
design_4481,1.18,1.37,1.67,nan,nan,nan,0.72,1.42,13.86,7.31,0.89,9.54,7.4
design_4482,0.79,0.78,1.96,nan,nan,nan,0.69,1.32,13.36,7.26,0.88,17.26,10.21
design_4483,0.49,1.06,1.5,nan,nan,nan,0.58,1.1,12.66,6.86,0.89,12.1,13.22
design_4484,0.48,0.89,1.06,nan,nan,nan,0.52,0.84,5.84,3.7,0.88,2.23,2.1
design_4485,0.98,1.35,1.83,nan,nan,nan,0.71,1.43,12.24,6.66,0.88,22.86,23.66
design_4486,0.94,1.2,2.06,nan,nan,nan,0.73,1.49,13.27,7.06,0.88,21.47,13.42
design_4487,0.55,1.09,1.81,nan,nan,nan,0.66,1.27,6.83,4.32,0.87,2.37,2.75
design_4488,0.51,0.73,0.97,nan,nan,nan,0.54,0.8,12.7,6.73,0.9,8.84,8.99
design_4489,0.48,0.71,1.15,nan,nan,nan,0.55,0.89,13.76,7.21,0.9,7.61,7.57
design_4490,0.48,0.84,1.07,nan,nan,nan,0.55,0.88,14.59,7.63,0.9,11.16,8.67
design_4491,0.55,0.69,1.14,nan,nan,nan,0.56,0.9,13.84,7.24,0.9,7.59,6.92
design_4492,0.52,0.7,1.11,nan,nan,nan,0.56,0.87,13.51,7.08,0.9,7.77,6.88
design_4493,0.72,0.55,1.94,nan,nan,nan,0.74,1.4,16.25,8.46,0.89,9.33,9.68
design_4494,0.6,0.73,1.08,nan,nan,nan,0.56,0.88,15.98,8.23,0.91,14.35,8.46
design_4495,0.69,0.59,1.54,nan,nan,nan,0.65,1.15,14.92,7.79,0.89,13.39,9.66
design_4496,7.15,17.55,4.56,nan,nan,nan,9.0,10.84,10.34,6.46,0.85,12.82,12.18
design_4497,6.17,17.04,4.47,nan,nan,nan,8.85,10.36,8.84,5.62,0.85,14.35,12.37
design_4498,7.14,17.16,6.83,nan,nan,nan,9.03,11.07,13.45,7.69,0.87,13.46,15.81
design_4499,6.82,17.44,5.17,nan,nan,nan,9.02,10.81,14.02,8.16,0.85,13.17,13.29
design_4500,7.52,17.33,4.22,nan,nan,nan,9.0,10.78,15.34,8.53,0.87,21.12,13.53
design_4501,7.09,19.23,4.34,nan,nan,nan,9.1,11.62,8.28,5.87,0.83,12.7,12.14
design_4502,6.65,17.29,5.91,nan,nan,nan,8.97,10.83,12.72,7.31,0.87,15.21,16.89
design_4503,7.13,17.27,4.98,nan,nan,nan,8.99,10.77,8.73,5.7,0.85,13.21,13.31
design_4504,0.82,0.65,2.57,nan,nan,nan,0.88,1.78,16.28,8.88,0.87,22.23,21.23
design_4505,0.68,0.75,1.5,nan,nan,nan,0.63,1.13,14.93,8.06,0.88,19.73,21.67
design_4506,0.72,0.79,1.67,nan,nan,nan,0.67,1.24,15.16,8.2,0.87,22.26,22.39
design_4507,0.69,0.56,1.24,nan,nan,nan,0.56,0.95,16.33,8.75,0.88,17.49,10.38
design_4508,0.59,0.68,2.46,nan,nan,nan,0.83,1.69,17.25,9.19,0.88,22.87,20.12
design_4509,0.82,0.71,1.33,nan,nan,nan,0.6,1.05,14.09,7.68,0.88,21.5,20.73
design_4510,0.71,0.82,2.29,nan,nan,nan,0.8,1.61,13.28,7.42,0.86,22.59,21.15
design_4511,0.6,0.73,1.67,nan,nan,nan,0.67,1.21,13.93,7.6,0.87,20.29,19.22
design_4512,0.6,0.72,0.98,nan,nan,nan,0.52,0.82,12.08,6.62,0.88,14.38,12.54
design_4513,0.54,0.72,0.93,nan,nan,nan,0.5,0.78,12.41,6.87,0.87,14.13,11.67
design_4514,0.63,0.7,1.15,nan,nan,nan,0.55,0.92,13.13,7.19,0.88,15.77,14.45
design_4515,0.6,0.78,1.12,nan,nan,nan,0.55,0.91,11.59,6.44,0.88,14.89,13.23
design_4516,0.66,0.73,1.01,nan,nan,nan,0.54,0.85,14.07,7.5,0.88,12.74,10.89
design_4517,0.73,0.55,1.14,nan,nan,nan,0.57,0.91,12.55,6.92,0.87,13.35,7.34
design_4518,0.65,0.64,0.96,nan,nan,nan,0.52,0.8,13.02,6.88,0.9,13.52,11.4
design_4519,0.73,0.72,1.06,nan,nan,nan,0.55,0.9,12.41,6.88,0.88,14.68,12.83
design_4520,0.73,0.93,2.01,nan,nan,nan,0.75,1.46,14.9,8.09,0.87,17.64,9.32
design_4521,0.66,0.88,1.25,nan,nan,nan,0.59,1.01,13.43,7.38,0.87,18.93,8.49
design_4522,0.84,0.81,3.01,nan,nan,nan,1.0,2.08,18.0,9.66,0.87,26.2,13.23
design_4523,0.64,0.93,1.83,nan,nan,nan,0.71,1.34,15.45,8.37,0.87,18.4,8.51
design_4524,0.79,0.91,1.81,nan,nan,nan,0.71,1.35,15.27,8.24,0.88,30.55,14.46
design_4525,0.71,1.05,2.39,nan,nan,nan,0.86,1.71,16.51,8.96,0.87,18.74,10.24
design_4526,0.76,0.86,1.92,nan,nan,nan,0.73,1.41,16.32,8.8,0.87,29.86,15.33
design_4527,0.7,0.92,2.07,nan,nan,nan,0.76,1.49,16.4,8.87,0.87,17.22,8.58
design_4528,0.59,0.35,0.6,nan,nan,nan,0.45,0.54,16.61,8.66,0.89,27.09,18.31
design_4529,0.66,0.31,0.52,nan,nan,nan,0.45,0.52,15.0,7.97,0.89,24.72,18.53
design_4530,1.08,0.37,0.78,nan,nan,nan,0.53,0.81,12.07,6.74,0.87,5.2,2.59
design_4531,0.83,0.35,0.56,nan,nan,nan,0.46,0.61,12.86,6.97,0.89,8.45,5.58
design_4532,0.87,0.31,0.53,nan,nan,nan,0.47,0.61,15.06,8.02,0.89,22.27,20.91
design_4533,0.93,0.4,1.71,nan,nan,nan,0.69,1.28,14.88,7.87,0.89,24.97,19.96
design_4534,0.85,0.35,1.23,nan,nan,nan,0.58,0.97,14.01,7.66,0.88,23.8,19.81
design_4535,0.9,0.4,0.79,nan,nan,nan,0.52,0.75,14.61,7.83,0.88,23.47,19.88
design_4536,0.56,0.91,1.1,nan,nan,nan,0.48,0.85,12.48,6.92,0.88,24.48,22.94
design_4537,0.55,1.01,1.08,nan,nan,nan,0.52,0.88,11.02,6.24,0.88,24.16,23.54
design_4538,0.54,0.95,1.12,nan,nan,nan,0.52,0.88,11.14,6.24,0.88,24.73,22.39
design_4539,0.53,0.88,1.13,nan,nan,nan,0.48,0.85,11.34,6.38,0.87,24.29,23.2
design_4540,0.57,1.06,1.14,nan,nan,nan,0.53,0.93,11.08,6.31,0.87,24.41,23.2
design_4541,0.52,0.98,1.16,nan,nan,nan,0.52,0.89,11.32,6.35,0.88,24.25,23.46
design_4542,0.81,2.69,1.13,nan,nan,nan,0.79,1.74,12.95,7.09,0.88,15.12,9.59
design_4543,0.73,1.03,1.34,nan,nan,nan,0.56,1.03,12.59,6.94,0.87,10.3,7.33
design_4544,0.59,0.72,2.71,nan,nan,nan,0.93,1.9,14.64,8.12,0.87,12.16,14.03
design_4545,0.82,0.76,3.34,nan,nan,nan,1.13,2.33,16.85,9.21,0.87,20.51,21.18
design_4546,0.63,0.69,2.23,nan,nan,nan,0.81,1.58,15.51,8.49,0.86,9.23,7.02
design_4547,0.49,0.62,2.9,nan,nan,nan,0.98,2.0,14.72,8.21,0.86,20.97,22.07
design_4548,0.51,0.67,1.65,nan,nan,nan,0.66,1.2,14.41,7.95,0.87,20.5,20.81
design_4549,0.63,0.71,4.08,nan,nan,nan,1.32,2.81,17.44,9.48,0.87,19.76,19.79
design_4550,0.6,0.74,3.23,nan,nan,nan,1.08,2.24,16.91,9.09,0.88,13.13,11.73
design_4551,0.56,0.69,3.99,nan,nan,nan,1.29,2.74,15.63,8.58,0.86,21.17,22.31
design_4552,0.55,0.58,2.78,nan,nan,nan,0.98,1.97,14.58,7.86,0.86,32.27,19.58
design_4553,0.35,0.79,2.4,nan,nan,nan,0.87,1.72,13.36,7.3,0.88,19.13,18.02
design_4554,0.51,0.46,1.79,nan,nan,nan,0.7,1.29,15.61,8.29,0.89,13.79,12.83
design_4555,0.55,0.63,1.88,nan,nan,nan,0.73,1.37,14.22,7.95,0.86,19.4,17.39
design_4556,0.46,0.54,2.34,nan,nan,nan,0.84,1.66,16.48,8.62,0.88,8.89,11.16
design_4557,0.55,0.7,2.09,nan,nan,nan,0.79,1.52,14.61,7.95,0.88,19.78,16.21
design_4558,0.79,0.67,1.88,nan,nan,nan,0.76,1.41,15.13,8.43,0.86,18.92,16.79
design_4559,0.54,0.54,1.48,nan,nan,nan,0.62,1.09,16.36,8.67,0.88,16.65,13.68
design_4560,0.4,0.54,0.93,nan,nan,nan,0.49,0.67,4.18,2.9,0.89,3.65,2.79
design_4561,0.51,0.51,0.87,nan,nan,nan,0.51,0.66,7.87,4.62,0.87,3.86,2.82
design_4562,0.66,0.47,1.22,nan,nan,nan,0.51,0.86,12.61,6.73,0.89,23.71,24.24
design_4563,1.13,0.89,2.24,nan,nan,nan,0.77,1.56,12.6,6.81,0.88,23.0,22.48
design_4564,0.75,0.55,2.7,nan,nan,nan,0.8,1.69,15.1,8.04,0.89,21.03,14.82
design_4565,0.52,0.48,1.37,nan,nan,nan,0.54,0.9,15.79,8.38,0.89,16.59,11.66
design_4566,0.65,0.61,1.3,nan,nan,nan,0.57,0.92,13.68,7.25,0.89,23.79,19.31
design_4567,0.63,0.57,1.43,nan,nan,nan,0.56,0.98,12.44,6.84,0.88,21.78,22.76
design_4568,0.72,0.63,0.58,nan,nan,nan,0.46,0.63,16.31,8.39,0.9,20.33,22.6
design_4569,0.74,0.61,0.69,nan,nan,nan,0.49,0.69,16.07,8.3,0.9,21.08,23.26
design_4570,0.79,0.65,0.65,nan,nan,nan,0.48,0.69,16.83,8.62,0.9,17.48,18.23
design_4571,0.55,0.46,0.6,nan,nan,nan,0.43,0.56,18.62,9.44,0.9,17.7,11.03
design_4572,0.71,0.67,0.61,nan,nan,nan,0.46,0.65,16.6,8.5,0.9,25.52,20.63
design_4573,0.5,0.65,0.62,nan,nan,nan,0.44,0.6,16.78,8.61,0.9,19.7,19.04
design_4574,0.79,0.46,0.54,nan,nan,nan,0.46,0.6,9.13,5.2,0.88,6.75,8.98
design_4575,0.64,0.61,0.56,nan,nan,nan,0.44,0.59,16.1,8.31,0.9,12.1,6.25
design_4576,0.55,0.58,1.84,nan,nan,nan,0.62,1.08,12.01,6.74,0.87,18.82,14.63
design_4577,0.6,0.44,1.32,nan,nan,nan,0.53,0.83,12.32,6.89,0.86,14.53,12.56
design_4578,0.79,0.42,1.29,nan,nan,nan,0.51,0.88,13.23,7.22,0.89,17.06,13.37
design_4579,0.42,0.47,1.35,nan,nan,nan,0.48,0.81,11.26,6.3,0.87,23.32,21.84
design_4580,0.57,0.38,1.44,nan,nan,nan,0.49,0.87,11.12,6.27,0.87,22.56,20.19
design_4581,0.62,0.4,1.34,nan,nan,nan,0.52,0.84,6.37,4.07,0.88,25.73,23.47
design_4582,0.35,0.36,2.34,nan,nan,nan,0.65,1.27,6.33,4.07,0.87,5.46,5.7
design_4583,0.44,0.41,1.64,nan,nan,nan,0.53,0.94,12.52,6.87,0.88,17.56,15.86
design_4584,0.53,0.44,1.33,nan,nan,nan,0.54,0.93,6.14,3.9,0.87,6.71,8.55
design_4585,0.41,0.7,1.39,nan,nan,nan,0.54,0.99,9.0,5.17,0.87,4.51,5.09
design_4586,0.4,0.71,0.97,nan,nan,nan,0.49,0.76,6.16,3.9,0.88,5.11,6.34
design_4587,1.31,1.05,1.14,nan,nan,nan,0.62,1.17,4.38,3.21,0.88,6.96,8.85
design_4588,0.76,0.41,1.72,nan,nan,nan,0.64,1.2,10.48,5.79,0.88,22.78,19.26
design_4589,0.59,0.52,1.31,nan,nan,nan,0.55,0.94,5.35,3.55,0.88,7.29,9.27
design_4590,0.56,0.67,1.02,nan,nan,nan,0.52,0.8,6.6,4.08,0.87,4.18,3.98
design_4591,0.59,0.83,1.6,nan,nan,nan,0.62,1.16,5.59,3.69,0.87,4.03,4.22
design_4592,0.55,0.95,0.97,nan,nan,nan,0.53,0.84,3.56,2.57,0.9,1.51,1.62
design_4593,0.8,1.15,2.72,nan,nan,nan,0.85,1.79,12.07,6.58,0.88,6.06,4.77
design_4594,0.55,0.75,1.68,nan,nan,nan,0.62,1.13,13.83,7.33,0.89,21.25,19.5
design_4595,0.44,0.7,1.13,nan,nan,nan,0.52,0.81,10.37,5.7,0.88,4.51,3.01
design_4596,1.08,1.11,2.22,nan,nan,nan,0.79,1.58,13.17,7.06,0.89,22.43,22.98
design_4597,0.59,0.68,1.67,nan,nan,nan,0.6,1.11,14.1,7.46,0.89,16.91,12.89
design_4598,0.47,0.78,0.87,nan,nan,nan,0.52,0.72,6.19,3.8,0.88,1.37,1.57
design_4599,0.49,0.79,1.02,nan,nan,nan,0.54,0.8,12.82,6.82,0.89,4.07,3.58
design_4600,0.57,1.27,1.95,nan,nan,nan,0.72,1.45,12.43,6.73,0.88,4.26,2.19
design_4601,0.75,1.19,2.65,nan,nan,nan,0.89,1.85,13.76,7.29,0.9,24.01,18.86
design_4602,0.53,1.26,1.48,nan,nan,nan,0.63,1.19,10.91,6.06,0.88,6.08,4.09
design_4603,0.73,1.22,2.58,nan,nan,nan,0.87,1.81,13.89,7.38,0.89,19.07,16.33
design_4604,0.72,1.17,2.58,nan,nan,nan,0.87,1.8,15.37,8.05,0.89,19.61,15.77
design_4605,0.65,1.25,2.35,nan,nan,nan,0.82,1.68,13.82,7.35,0.89,23.54,19.3
design_4606,0.72,1.18,2.32,nan,nan,nan,0.81,1.66,13.9,7.39,0.89,22.64,18.45
design_4607,0.64,1.21,2.3,nan,nan,nan,0.81,1.64,13.56,7.24,0.89,23.81,19.42
design_4608,0.64,0.87,0.67,nan,nan,nan,0.47,0.73,11.25,6.13,0.89,24.33,25.11
design_4609,0.56,0.75,0.88,nan,nan,nan,0.47,0.73,14.39,7.65,0.89,28.52,14.74
design_4610,0.35,0.88,0.72,nan,nan,nan,0.45,0.67,10.97,6.06,0.88,24.45,24.77
design_4611,0.4,0.91,0.62,nan,nan,nan,0.46,0.66,6.86,4.19,0.88,3.6,2.09
design_4612,0.77,0.76,3.56,nan,nan,nan,0.93,2.1,10.5,6.04,0.87,5.1,2.87
design_4613,0.58,0.91,0.84,nan,nan,nan,0.49,0.78,11.25,6.25,0.88,24.6,24.86
design_4614,0.47,2.98,0.75,nan,nan,nan,0.82,1.75,7.48,4.46,0.88,1.76,2.25
design_4615,0.43,0.81,0.55,nan,nan,nan,0.44,0.61,11.51,6.28,0.89,24.27,24.1
design_4616,0.97,0.62,1.66,nan,nan,nan,0.7,1.28,14.25,7.66,0.88,17.84,17.44
design_4617,0.98,0.67,1.2,nan,nan,nan,0.61,1.03,14.33,7.56,0.9,17.43,16.4
design_4618,0.82,0.52,1.11,nan,nan,nan,0.57,0.91,15.52,8.11,0.89,18.63,18.81
design_4619,0.4,0.61,1.29,nan,nan,nan,0.57,0.95,14.34,7.78,0.88,17.38,16.79
design_4620,0.88,0.76,1.27,nan,nan,nan,0.62,1.06,14.64,7.73,0.89,15.32,16.26
design_4621,0.8,0.71,1.12,nan,nan,nan,0.59,0.94,13.09,6.97,0.89,18.32,18.5
design_4622,0.96,0.67,1.17,nan,nan,nan,0.6,1.0,14.1,7.48,0.89,17.92,16.03
design_4623,1.02,0.63,1.02,nan,nan,nan,0.59,0.94,5.13,3.38,0.89,19.2,15.97
design_4624,0.61,0.95,2.56,nan,nan,nan,0.84,1.74,15.12,7.94,0.89,25.21,23.15
design_4625,0.65,1.02,2.19,nan,nan,nan,0.76,1.54,13.14,7.0,0.89,24.48,21.53
design_4626,0.58,1.05,1.76,nan,nan,nan,0.67,1.29,14.82,7.77,0.89,8.54,10.52
design_4627,0.61,1.04,1.97,nan,nan,nan,0.75,1.42,15.3,7.97,0.9,31.53,17.64
design_4628,0.55,1.03,1.97,nan,nan,nan,0.72,1.41,9.18,5.18,0.88,1.54,1.43
design_4629,0.57,1.05,1.67,nan,nan,nan,0.65,1.25,12.95,6.88,0.89,2.56,2.21
design_4630,0.53,0.81,1.77,nan,nan,nan,0.66,1.25,9.32,5.28,0.88,1.41,1.47
design_4631,0.51,0.93,2.02,nan,nan,nan,0.72,1.41,13.91,7.3,0.9,23.06,20.79
design_4632,0.91,0.66,1.17,nan,nan,nan,0.59,0.99,14.72,7.8,0.89,19.46,18.82
design_4633,0.7,0.59,3.35,nan,nan,nan,1.1,2.32,17.1,8.87,0.89,22.51,18.48
design_4634,0.77,0.37,0.92,nan,nan,nan,0.51,0.77,16.12,8.44,0.89,22.38,19.65
design_4635,0.83,0.53,2.69,nan,nan,nan,0.94,1.9,14.19,7.67,0.88,13.1,15.02
design_4636,0.92,0.39,0.74,nan,nan,nan,0.52,0.73,16.08,8.34,0.9,12.41,9.41
design_4637,0.63,0.55,3.36,nan,nan,nan,1.1,2.32,18.36,9.44,0.89,33.52,14.02
design_4638,0.59,0.63,2.84,nan,nan,nan,0.96,1.97,12.65,6.94,0.88,10.92,11.41
design_4639,0.73,0.48,2.77,nan,nan,nan,0.95,1.93,14.39,7.74,0.89,13.41,12.39
design_4640,0.65,0.95,1.38,nan,nan,nan,0.57,1.04,12.61,6.71,0.89,18.42,12.06
design_4641,0.56,1.11,1.71,nan,nan,nan,0.65,1.22,13.48,7.19,0.89,22.88,22.22
design_4642,0.7,1.15,1.66,nan,nan,nan,0.64,1.24,11.84,6.52,0.89,23.53,24.14
design_4643,0.69,1.2,1.61,nan,nan,nan,0.66,1.23,12.71,6.91,0.89,4.49,5.92
design_4644,0.56,0.98,1.3,nan,nan,nan,0.58,0.99,14.14,7.57,0.89,23.19,19.38
design_4645,0.4,1.16,1.76,nan,nan,nan,0.65,1.24,13.78,7.31,0.9,23.23,21.41
design_4646,0.68,1.17,1.87,nan,nan,nan,0.68,1.34,14.2,7.56,0.89,11.34,12.28
design_4647,0.62,0.98,1.52,nan,nan,nan,0.6,1.11,12.38,6.63,0.89,19.84,12.12
design_4648,0.69,0.99,1.45,nan,nan,nan,0.62,1.04,13.37,7.26,0.88,24.28,21.79
design_4649,0.45,0.91,2.27,nan,nan,nan,0.69,1.34,13.27,7.23,0.88,25.98,21.03
design_4650,0.51,0.99,1.11,nan,nan,nan,0.56,0.88,12.76,6.98,0.88,24.67,23.1
design_4651,0.76,1.08,1.94,nan,nan,nan,0.7,1.29,12.25,6.84,0.87,24.0,23.74
design_4652,0.47,1.01,1.81,nan,nan,nan,0.65,1.15,11.8,6.53,0.87,18.17,18.33
design_4653,0.76,1.03,2.06,nan,nan,nan,0.71,1.33,12.74,6.97,0.88,23.31,18.8
design_4654,0.74,0.49,1.24,nan,nan,nan,0.58,0.85,6.63,4.08,0.88,20.3,18.04
design_4655,0.48,0.98,1.21,nan,nan,nan,0.58,0.91,12.84,7.04,0.87,16.31,14.81
design_4656,0.72,0.65,5.81,nan,nan,nan,1.74,3.87,13.42,7.48,0.87,15.04,14.37
design_4657,0.59,0.63,5.77,nan,nan,nan,1.72,3.83,14.76,8.13,0.87,12.29,10.15
design_4658,0.53,0.57,2.28,nan,nan,nan,0.78,1.56,12.87,7.29,0.86,14.71,15.32
design_4659,0.55,0.54,3.69,nan,nan,nan,1.15,2.46,14.27,7.9,0.88,18.98,20.94
design_4660,0.5,0.61,5.37,nan,nan,nan,1.61,3.56,13.4,7.46,0.87,16.23,17.57
design_4661,0.78,0.7,6.37,nan,nan,nan,1.9,4.24,12.03,6.77,0.88,16.11,17.74
design_4662,0.56,0.6,4.59,nan,nan,nan,1.4,3.06,13.08,7.39,0.87,15.55,16.21
design_4663,0.66,0.6,2.24,nan,nan,nan,0.77,1.55,13.99,7.82,0.86,14.25,12.98
design_4664,0.75,0.51,1.15,nan,nan,nan,0.47,0.82,11.78,6.47,0.89,22.95,21.96
design_4665,0.66,0.53,1.37,nan,nan,nan,0.47,0.88,13.29,7.23,0.88,12.52,7.34
design_4666,1.19,0.41,1.13,nan,nan,nan,0.53,0.98,10.79,6.07,0.88,23.03,20.12
design_4667,0.61,0.45,1.47,nan,nan,nan,0.5,0.9,11.42,6.32,0.88,24.95,23.59
design_4668,0.56,0.45,1.32,nan,nan,nan,0.47,0.82,12.33,6.78,0.89,22.6,21.05
design_4669,0.54,0.56,1.17,nan,nan,nan,0.49,0.78,11.83,6.55,0.88,13.82,11.33
design_4670,0.59,0.64,1.06,nan,nan,nan,0.47,0.76,11.58,6.5,0.88,17.45,16.96
design_4671,0.6,0.73,1.21,nan,nan,nan,0.48,0.85,12.76,6.98,0.89,20.25,20.6
design_4672,0.54,0.87,0.94,nan,nan,nan,0.52,0.82,15.32,8.2,0.88,8.65,6.4
design_4673,0.55,0.88,0.66,nan,nan,nan,0.48,0.7,14.76,7.93,0.88,15.42,17.17
design_4674,0.56,0.89,1.26,nan,nan,nan,0.59,0.99,10.13,5.81,0.87,2.5,2.91
design_4675,0.5,0.94,1.33,nan,nan,nan,0.6,1.04,9.04,5.28,0.87,3.02,2.84
design_4676,0.54,0.93,0.97,nan,nan,nan,0.53,0.85,14.94,8.04,0.88,7.03,8.81
design_4677,0.59,0.88,1.5,nan,nan,nan,0.64,1.14,10.58,5.96,0.88,4.44,5.48
design_4678,0.71,0.96,1.7,nan,nan,nan,0.7,1.28,12.4,6.85,0.87,5.97,7.24
design_4679,0.71,0.98,0.9,nan,nan,nan,0.55,0.87,12.24,6.91,0.87,5.09,6.59
design_4680,0.59,0.59,0.86,nan,nan,nan,0.5,0.74,15.61,8.03,0.9,8.49,7.75
design_4681,0.73,0.52,0.82,nan,nan,nan,0.51,0.74,16.22,8.33,0.9,21.86,23.9
design_4682,0.51,0.57,0.85,nan,nan,nan,0.5,0.71,15.73,8.08,0.9,11.53,10.79
design_4683,0.5,0.45,0.85,nan,nan,nan,0.5,0.69,16.15,8.31,0.9,14.91,16.15
design_4684,0.65,0.48,0.66,nan,nan,nan,0.47,0.62,15.58,8.08,0.9,22.12,24.06
design_4685,0.56,0.48,0.64,nan,nan,nan,0.5,0.59,7.39,4.39,0.89,11.92,16.17
design_4686,0.54,0.49,0.65,nan,nan,nan,0.45,0.59,16.6,8.58,0.9,9.66,8.74
design_4687,0.61,0.41,0.72,nan,nan,nan,0.47,0.63,15.87,8.22,0.9,13.42,9.38
design_4688,0.48,0.57,3.72,nan,nan,nan,1.24,2.6,13.67,7.61,0.87,16.25,11.44
design_4689,0.7,0.67,0.72,nan,nan,nan,0.48,0.7,16.96,8.9,0.89,21.35,21.86
design_4690,0.7,0.71,0.58,nan,nan,nan,0.46,0.65,16.63,8.6,0.89,10.31,10.02
design_4691,0.46,0.68,6.93,nan,nan,nan,2.22,4.82,11.91,6.93,0.85,14.74,14.83
design_4692,0.69,0.48,3.59,nan,nan,nan,1.21,2.52,13.21,7.32,0.88,19.46,18.11
design_4693,0.41,0.32,0.57,nan,nan,nan,0.42,0.48,14.94,7.76,0.9,7.93,9.37
design_4694,0.41,0.54,0.73,nan,nan,nan,0.44,0.61,14.85,7.91,0.88,18.07,18.33
design_4695,0.58,0.65,6.99,nan,nan,nan,2.25,4.86,15.21,8.41,0.87,16.98,11.09
design_4696,0.66,1.29,1.68,nan,nan,nan,0.69,1.32,12.92,6.89,0.9,23.95,22.35
design_4697,0.46,1.21,1.11,nan,nan,nan,0.56,0.98,9.92,5.49,0.88,3.34,4.26
design_4698,0.64,1.27,2.22,nan,nan,nan,0.79,1.61,13.87,7.31,0.89,16.71,10.04
design_4699,0.41,1.15,1.19,nan,nan,nan,0.56,1.0,9.55,5.34,0.88,2.97,4.12
design_4700,0.62,1.27,1.95,nan,nan,nan,0.74,1.46,13.35,7.12,0.89,7.6,5.43
design_4701,0.6,1.2,2.33,nan,nan,nan,0.83,1.65,12.27,6.62,0.89,14.47,14.76
design_4702,0.56,0.94,1.76,nan,nan,nan,0.67,1.27,10.95,5.97,0.89,20.75,11.82
design_4703,0.65,1.32,1.77,nan,nan,nan,0.7,1.38,13.04,6.94,0.9,16.84,15.25
design_4704,0.58,0.57,0.89,nan,nan,nan,0.51,0.75,14.52,7.51,0.91,23.5,27.67
design_4705,0.6,0.54,0.8,nan,nan,nan,0.5,0.7,16.92,8.55,0.91,21.74,23.07
design_4706,0.65,0.6,0.76,nan,nan,nan,0.5,0.7,16.04,8.16,0.91,22.07,22.99
design_4707,0.58,0.69,1.05,nan,nan,nan,0.54,0.87,15.83,8.14,0.9,17.61,16.97
design_4708,0.58,0.61,0.75,nan,nan,nan,0.48,0.68,15.95,8.15,0.91,18.64,18.05
design_4709,0.74,0.64,0.76,nan,nan,nan,0.51,0.73,16.64,8.43,0.91,24.73,25.75
design_4710,0.6,0.66,0.8,nan,nan,nan,0.51,0.72,17.23,8.7,0.91,21.22,18.32
design_4711,0.53,0.53,0.81,nan,nan,nan,0.49,0.69,15.93,8.11,0.91,20.15,21.94
design_4712,0.64,0.44,0.67,nan,nan,nan,0.45,0.62,16.74,8.68,0.89,5.55,5.62
design_4713,0.59,0.57,0.65,nan,nan,nan,0.44,0.62,16.03,8.21,0.9,16.73,10.44
design_4714,0.84,0.57,0.72,nan,nan,nan,0.49,0.72,15.27,7.87,0.9,12.71,10.83
design_4715,0.72,0.55,0.66,nan,nan,nan,0.47,0.65,12.36,6.61,0.89,15.4,8.74
design_4716,0.56,0.49,0.81,nan,nan,nan,0.47,0.68,16.31,8.36,0.9,12.25,10.04
design_4717,0.31,0.51,0.67,nan,nan,nan,0.41,0.56,17.05,8.64,0.91,22.84,15.16
design_4718,0.51,0.43,1.29,nan,nan,nan,0.58,0.97,15.32,7.97,0.9,16.45,16.5
design_4719,0.57,0.51,0.68,nan,nan,nan,0.44,0.61,16.41,8.52,0.89,11.82,7.29
design_4720,0.46,0.8,0.79,nan,nan,nan,0.46,0.69,3.36,2.56,0.9,5.01,2.65
design_4721,0.55,1.01,0.84,nan,nan,nan,0.46,0.81,14.4,7.57,0.9,37.05,14.69
design_4722,0.53,0.96,0.62,nan,nan,nan,0.44,0.72,13.46,7.14,0.89,20.96,20.62
design_4723,0.45,1.31,0.76,nan,nan,nan,0.49,0.89,13.13,6.99,0.89,13.49,13.83
design_4724,0.48,1.0,0.76,nan,nan,nan,0.46,0.76,4.35,3.02,0.89,3.23,1.94
design_4725,0.48,0.32,0.81,nan,nan,nan,0.42,0.57,3.24,2.48,0.9,2.88,1.37
design_4726,0.47,0.92,0.91,nan,nan,nan,0.46,0.79,12.85,6.86,0.89,18.76,11.2
design_4727,0.47,0.76,0.69,nan,nan,nan,0.45,0.64,3.33,2.51,0.9,4.85,2.57
design_4728,0.65,0.81,1.33,nan,nan,nan,0.61,1.03,13.89,7.74,0.85,9.91,10.07
design_4729,0.59,0.74,1.25,nan,nan,nan,0.57,0.96,14.01,7.63,0.88,18.43,18.56
design_4730,0.62,0.79,1.61,nan,nan,nan,0.65,1.19,15.97,8.58,0.87,10.06,6.58
design_4731,0.57,0.83,1.13,nan,nan,nan,0.56,0.91,14.66,7.94,0.87,13.51,8.17
design_4732,0.61,0.78,1.26,nan,nan,nan,0.58,0.98,12.31,6.87,0.87,18.54,16.51
design_4733,0.86,0.75,1.9,nan,nan,nan,0.73,1.39,14.7,8.04,0.87,7.41,3.76
design_4734,0.62,0.8,1.64,nan,nan,nan,0.66,1.21,12.88,7.14,0.87,18.09,16.33
design_4735,0.67,0.74,4.43,nan,nan,nan,1.37,2.97,16.83,8.91,0.88,27.08,12.39
design_4736,0.77,0.82,3.16,nan,nan,nan,1.1,2.26,13.34,7.38,0.87,19.48,18.4
design_4737,0.71,0.86,2.39,nan,nan,nan,0.88,1.75,13.0,7.34,0.86,19.92,19.56
design_4738,0.73,0.82,2.56,nan,nan,nan,0.93,1.86,9.07,5.56,0.86,20.15,20.66
design_4739,0.79,0.88,2.98,nan,nan,nan,1.05,2.15,16.17,8.77,0.87,9.75,9.66
design_4740,0.82,0.88,2.93,nan,nan,nan,1.04,2.12,13.76,7.54,0.88,18.75,18.17
design_4741,0.73,0.79,2.31,nan,nan,nan,0.86,1.69,12.55,7.15,0.86,19.53,19.16
design_4742,0.52,0.83,2.03,nan,nan,nan,0.77,1.49,9.63,5.77,0.86,20.58,20.28
design_4743,0.83,0.88,2.38,nan,nan,nan,0.89,1.76,12.2,6.98,0.86,19.76,19.77
design_4744,0.69,0.66,1.42,nan,nan,nan,0.57,1.02,6.14,3.84,0.88,1.95,1.79
design_4745,0.5,0.49,1.73,nan,nan,nan,0.6,1.14,14.08,7.43,0.89,5.59,6.51
design_4746,0.66,0.53,1.78,nan,nan,nan,0.63,1.2,12.21,6.58,0.89,18.89,10.46
design_4747,0.46,0.35,1.54,nan,nan,nan,0.54,1.01,13.48,7.18,0.89,10.21,5.79
design_4748,0.72,0.57,1.68,nan,nan,nan,0.62,1.16,12.74,6.84,0.89,18.89,10.15
design_4749,0.71,0.49,1.46,nan,nan,nan,0.55,1.02,14.13,7.46,0.9,22.74,22.85
design_4750,0.79,0.44,1.79,nan,nan,nan,0.65,1.22,13.82,7.34,0.89,26.28,11.36
design_4751,0.57,0.58,1.45,nan,nan,nan,0.56,1.0,10.17,5.72,0.88,2.88,3.0
design_4752,0.56,0.75,2.44,nan,nan,nan,0.75,1.54,14.39,7.64,0.89,18.87,13.76
design_4753,0.43,0.81,1.72,nan,nan,nan,0.6,1.14,11.5,6.27,0.88,24.02,24.94
design_4754,0.35,1.17,1.0,nan,nan,nan,0.5,0.9,3.18,2.42,0.9,24.59,25.67
design_4755,0.45,0.88,1.98,nan,nan,nan,0.65,1.3,11.14,6.23,0.87,24.39,24.25
design_4756,0.55,0.76,2.07,nan,nan,nan,0.67,1.33,13.87,7.42,0.88,12.55,9.12
design_4757,0.35,0.83,1.57,nan,nan,nan,0.56,1.06,11.91,6.48,0.88,24.49,25.13
design_4758,0.57,0.66,2.08,nan,nan,nan,0.67,1.33,14.33,7.59,0.89,21.01,15.93
design_4759,0.33,1.14,1.06,nan,nan,nan,0.52,0.91,4.12,2.88,0.89,24.49,26.24
design_4760,0.93,3.11,1.87,nan,nan,nan,0.96,2.11,9.74,5.58,0.87,6.71,8.49
design_4761,0.88,3.12,1.75,nan,nan,nan,0.95,2.06,15.13,7.95,0.89,25.46,22.89
design_4762,0.53,2.71,1.15,nan,nan,nan,0.78,1.66,13.55,7.31,0.88,9.18,7.77
design_4763,0.64,2.84,1.33,nan,nan,nan,0.83,1.78,12.99,7.12,0.88,18.41,16.58
design_4764,0.83,2.96,1.73,nan,nan,nan,0.92,1.98,14.22,7.57,0.89,23.13,20.16
design_4765,0.93,3.13,1.69,nan,nan,nan,0.94,2.06,13.41,7.22,0.89,8.56,6.08
design_4766,0.77,3.19,1.74,nan,nan,nan,0.94,2.08,14.57,7.78,0.89,22.11,12.54
design_4767,0.73,2.64,1.59,nan,nan,nan,0.84,1.78,4.93,3.23,0.89,3.02,2.56
design_4768,0.5,0.84,0.81,nan,nan,nan,0.48,0.75,15.71,8.07,0.9,9.08,9.59
design_4769,0.63,0.67,0.99,nan,nan,nan,0.53,0.83,14.59,7.73,0.89,11.92,13.84
design_4770,0.58,0.67,1.0,nan,nan,nan,0.54,0.83,15.71,8.25,0.89,13.92,12.92
design_4771,0.54,0.81,0.85,nan,nan,nan,0.5,0.77,16.79,8.57,0.9,22.24,21.3
design_4772,0.56,0.76,0.9,nan,nan,nan,0.51,0.79,16.2,8.28,0.9,17.3,16.88
design_4773,0.54,0.78,0.84,nan,nan,nan,0.51,0.76,15.28,7.92,0.9,12.8,8.99
design_4774,0.47,0.83,0.89,nan,nan,nan,0.49,0.78,16.35,8.39,0.9,9.82,11.44
design_4775,0.57,0.76,1.03,nan,nan,nan,0.54,0.87,14.81,7.75,0.89,11.9,9.71
design_4776,0.67,0.73,1.36,nan,nan,nan,0.6,1.07,13.94,7.34,0.9,14.35,14.16
design_4777,0.5,0.6,0.84,nan,nan,nan,0.45,0.7,15.52,8.14,0.89,14.27,8.87
design_4778,0.7,0.76,0.91,nan,nan,nan,0.52,0.82,15.31,8.1,0.89,20.94,19.97
design_4779,0.88,0.83,0.8,nan,nan,nan,0.52,0.83,15.73,8.35,0.88,13.45,13.29
design_4780,0.86,0.75,0.91,nan,nan,nan,0.52,0.86,17.33,9.04,0.89,18.2,18.57
design_4781,0.73,0.75,0.84,nan,nan,nan,0.51,0.79,15.34,8.02,0.89,11.67,6.67
design_4782,0.95,0.7,1.42,nan,nan,nan,0.65,1.16,15.88,8.49,0.88,17.58,12.0
design_4783,0.79,0.71,0.68,nan,nan,nan,0.48,0.72,16.07,8.41,0.89,11.15,12.43
design_4784,0.42,1.7,0.94,nan,nan,nan,0.61,1.11,12.49,6.8,0.88,2.19,2.94
design_4785,0.38,1.7,0.6,nan,nan,nan,0.56,1.02,10.39,5.79,0.88,2.37,2.69
design_4786,0.45,2.95,0.7,nan,nan,nan,0.8,1.69,6.84,4.2,0.88,2.04,2.53
design_4787,0.75,1.64,1.78,nan,nan,nan,0.69,1.45,12.62,6.89,0.88,2.31,3.32
design_4788,0.39,1.66,1.0,nan,nan,nan,0.57,1.11,14.98,7.81,0.9,33.62,15.43
design_4789,0.44,0.93,0.34,nan,nan,nan,0.45,0.61,4.86,3.39,0.88,2.02,2.24
design_4790,0.45,1.69,0.8,nan,nan,nan,0.56,1.07,10.89,5.97,0.89,1.95,2.61
design_4791,0.31,1.65,0.76,nan,nan,nan,0.55,1.03,13.26,7.06,0.89,3.84,3.84
design_4792,0.41,0.86,1.25,nan,nan,nan,0.57,0.96,9.17,5.2,0.89,11.4,5.3
design_4793,0.44,0.79,1.12,nan,nan,nan,0.53,0.87,12.31,6.66,0.89,12.98,8.41
design_4794,0.59,0.71,5.87,nan,nan,nan,1.76,3.9,11.96,6.58,0.87,13.58,10.24
design_4795,0.46,0.73,1.17,nan,nan,nan,0.54,0.89,9.97,5.65,0.88,11.46,5.15
design_4796,0.51,0.77,1.17,nan,nan,nan,0.54,0.91,9.67,5.69,0.87,11.23,5.13
design_4797,0.43,0.86,1.13,nan,nan,nan,0.54,0.9,10.9,6.29,0.86,9.56,4.86
design_4798,0.6,0.77,1.12,nan,nan,nan,0.54,0.9,9.46,5.53,0.87,11.74,5.44
design_4799,0.57,0.75,1.09,nan,nan,nan,0.52,0.87,9.28,5.41,0.87,11.9,5.96
design_4800,0.78,3.14,1.12,nan,nan,nan,0.87,1.97,13.06,7.18,0.88,7.91,5.66
design_4801,0.74,3.16,1.0,nan,nan,nan,0.86,1.95,12.61,6.92,0.88,8.87,9.91
design_4802,0.75,3.16,1.08,nan,nan,nan,0.86,1.97,14.19,7.7,0.88,19.16,10.32
design_4803,0.7,3.14,1.5,nan,nan,nan,0.89,2.02,12.45,6.96,0.87,23.69,16.53
design_4804,0.59,3.2,1.21,nan,nan,nan,0.87,1.99,14.17,7.73,0.88,25.43,20.93
design_4805,0.45,3.19,1.19,nan,nan,nan,0.86,1.97,15.64,8.36,0.89,39.18,16.79
design_4806,0.74,3.1,1.45,nan,nan,nan,0.88,2.0,13.49,7.36,0.88,13.04,12.12
design_4807,0.65,3.23,0.94,nan,nan,nan,0.86,1.97,12.39,6.91,0.88,23.43,21.76
design_4808,0.44,1.13,1.59,nan,nan,nan,0.56,1.1,12.52,6.88,0.88,18.9,17.48
design_4809,0.4,1.29,1.36,nan,nan,nan,0.55,1.07,11.62,6.43,0.88,4.79,2.42
design_4810,0.42,1.16,1.46,nan,nan,nan,0.55,1.05,12.39,6.85,0.88,6.23,3.78
design_4811,0.61,0.96,1.59,nan,nan,nan,0.56,1.07,12.01,6.67,0.87,11.55,8.43
design_4812,0.46,1.18,1.48,nan,nan,nan,0.56,1.07,12.66,6.94,0.89,17.91,16.16
design_4813,0.49,0.82,1.48,nan,nan,nan,0.55,0.96,12.8,7.0,0.88,8.21,8.43
design_4814,0.68,0.96,1.64,nan,nan,nan,0.58,1.11,8.37,4.99,0.87,13.85,13.38
design_4815,0.51,1.18,1.42,nan,nan,nan,0.55,1.06,12.51,6.9,0.88,20.72,18.19
design_4816,0.61,0.3,1.32,nan,nan,nan,0.58,0.98,14.4,7.92,0.87,6.89,6.32
design_4817,0.54,0.44,1.39,nan,nan,nan,0.6,1.02,14.0,7.75,0.87,13.31,14.41
design_4818,0.71,0.31,1.2,nan,nan,nan,0.55,0.92,14.12,7.85,0.86,12.11,10.98
design_4819,0.56,0.31,1.0,nan,nan,nan,0.5,0.77,14.67,7.93,0.88,12.27,13.17
design_4820,0.86,0.35,1.29,nan,nan,nan,0.59,1.02,14.52,8.0,0.87,12.75,13.62
design_4821,1.09,0.27,2.14,nan,nan,nan,0.81,1.6,18.49,9.63,0.87,31.55,25.32
design_4822,0.71,0.36,2.45,nan,nan,nan,0.87,1.75,18.47,9.61,0.87,28.03,20.47
design_4823,0.77,0.27,0.76,nan,nan,nan,0.49,0.68,14.93,7.84,0.89,9.99,10.3
design_4824,0.62,0.89,1.07,nan,nan,nan,0.55,0.92,15.0,8.02,0.88,12.24,14.99
design_4825,0.73,0.9,2.02,nan,nan,nan,0.78,1.49,14.68,8.13,0.87,7.05,6.11
design_4826,0.71,0.91,1.05,nan,nan,nan,0.57,0.93,12.43,6.83,0.88,10.26,6.38
design_4827,0.78,0.84,1.39,nan,nan,nan,0.64,1.11,11.75,6.4,0.89,13.73,10.18
design_4828,0.75,0.9,1.8,nan,nan,nan,0.72,1.36,15.52,8.44,0.87,3.25,4.15
design_4829,0.75,0.86,1.22,nan,nan,nan,0.59,1.01,15.84,8.47,0.88,12.35,12.22
design_4830,0.6,0.98,1.06,nan,nan,nan,0.57,0.93,13.46,7.34,0.88,7.46,4.71
design_4831,0.7,0.9,1.54,nan,nan,nan,0.66,1.19,14.91,7.92,0.89,8.05,7.58
design_4832,0.41,0.4,0.43,nan,nan,nan,0.42,0.42,4.78,3.27,0.88,5.17,6.5
design_4833,0.4,0.44,0.63,nan,nan,nan,0.42,0.5,9.7,5.5,0.88,3.4,2.82
design_4834,0.37,0.36,0.4,nan,nan,nan,0.41,0.38,5.03,3.38,0.88,4.72,5.91
design_4835,0.36,0.32,0.71,nan,nan,nan,0.39,0.49,8.23,4.79,0.88,3.06,2.83
design_4836,0.33,0.34,0.41,nan,nan,nan,0.38,0.36,4.47,3.04,0.89,3.91,5.04
design_4837,0.61,0.43,1.31,nan,nan,nan,0.5,0.86,11.43,6.31,0.88,8.94,5.58
design_4838,0.39,0.29,0.38,nan,nan,nan,0.36,0.36,5.25,3.43,0.88,2.08,2.62
design_4839,0.38,0.33,0.61,nan,nan,nan,0.39,0.45,10.38,5.78,0.88,2.75,2.85
design_4840,0.59,1.15,1.0,nan,nan,nan,0.55,0.94,11.28,6.14,0.89,3.21,3.41
design_4841,0.73,1.13,1.53,nan,nan,nan,0.62,1.2,14.91,7.78,0.9,22.22,19.93
design_4842,0.75,1.25,1.82,nan,nan,nan,0.68,1.38,15.24,7.96,0.9,19.58,13.09
design_4843,0.69,1.42,1.57,nan,nan,nan,0.66,1.29,13.89,7.33,0.9,11.13,7.9
design_4844,0.57,1.29,1.39,nan,nan,nan,0.61,1.15,15.33,7.96,0.9,13.0,13.38
design_4845,0.63,1.35,1.32,nan,nan,nan,0.6,1.15,15.27,7.96,0.9,10.13,4.98
design_4846,0.75,1.07,1.37,nan,nan,nan,0.58,1.11,16.96,8.75,0.89,36.06,19.48
design_4847,0.57,1.27,1.65,nan,nan,nan,0.66,1.27,13.17,6.98,0.89,10.98,8.2
design_4848,0.71,0.47,0.72,nan,nan,nan,0.5,0.66,15.14,7.86,0.9,13.52,11.48
design_4849,0.68,0.5,0.74,nan,nan,nan,0.5,0.67,14.94,7.74,0.9,12.21,9.69
design_4850,0.7,0.5,0.68,nan,nan,nan,0.49,0.64,13.98,7.4,0.89,9.64,10.03
design_4851,0.7,0.56,0.85,nan,nan,nan,0.53,0.74,13.92,7.28,0.9,11.43,11.23
design_4852,0.62,0.44,0.69,nan,nan,nan,0.49,0.62,13.51,7.12,0.9,9.52,10.49
design_4853,0.64,0.43,0.59,nan,nan,nan,0.47,0.57,10.9,6.04,0.88,10.8,12.12
design_4854,0.71,0.47,0.6,nan,nan,nan,0.48,0.6,12.63,6.77,0.89,10.07,10.56
design_4855,0.69,0.49,0.77,nan,nan,nan,0.51,0.68,14.83,7.73,0.9,9.92,10.2
design_4856,0.39,0.59,1.33,nan,nan,nan,0.58,0.99,14.7,7.63,0.9,21.2,19.02
design_4857,0.78,0.47,1.54,nan,nan,nan,0.67,1.17,15.52,8.17,0.89,7.23,7.38
design_4858,0.77,0.44,0.76,nan,nan,nan,0.5,0.7,18.57,9.48,0.89,27.01,15.16
design_4859,0.41,0.56,1.75,nan,nan,nan,0.67,1.26,14.89,7.77,0.9,17.43,17.21
design_4860,1.13,0.58,1.26,nan,nan,nan,0.65,1.1,14.94,7.94,0.89,23.2,19.04
design_4861,0.41,0.62,1.44,nan,nan,nan,0.6,1.06,14.46,7.58,0.9,21.09,21.2
design_4862,0.96,0.52,1.74,nan,nan,nan,0.74,1.33,15.2,7.92,0.9,17.23,13.52
design_4863,0.5,0.54,1.33,nan,nan,nan,0.57,0.99,16.02,8.26,0.9,14.34,11.29
design_4864,0.31,2.86,0.72,nan,nan,nan,0.79,1.63,9.75,5.52,0.88,4.44,3.96
design_4865,0.33,2.98,1.11,nan,nan,nan,0.83,1.77,14.83,7.76,0.9,12.76,7.82
design_4866,0.53,2.92,1.04,nan,nan,nan,0.81,1.74,10.31,5.7,0.89,4.36,4.32
design_4867,0.3,2.99,1.0,nan,nan,nan,0.82,1.75,14.06,7.41,0.9,20.23,23.06
design_4868,0.42,2.85,1.46,nan,nan,nan,0.86,1.8,12.55,6.72,0.9,23.67,23.91
design_4869,0.47,2.95,1.02,nan,nan,nan,0.83,1.75,10.51,5.8,0.88,4.55,5.32
design_4870,0.64,2.98,1.4,nan,nan,nan,0.85,1.87,14.96,7.95,0.89,24.06,12.93
design_4871,0.52,2.99,1.15,nan,nan,nan,0.85,1.8,10.84,5.98,0.88,3.74,3.74
design_4872,0.39,0.56,0.8,nan,nan,nan,0.46,0.6,5.45,3.57,0.88,2.08,2.41
design_4873,0.46,0.46,0.82,nan,nan,nan,0.45,0.6,7.88,4.76,0.87,3.86,4.83
design_4874,0.5,0.63,0.94,nan,nan,nan,0.49,0.7,8.57,4.99,0.87,3.88,4.85
design_4875,0.47,0.42,0.89,nan,nan,nan,0.46,0.62,9.03,5.23,0.88,3.09,3.97
design_4876,0.54,0.54,0.98,nan,nan,nan,0.48,0.71,10.69,6.02,0.87,4.6,3.63
design_4877,0.4,0.82,1.03,nan,nan,nan,0.5,0.78,4.86,3.26,0.88,2.27,1.92
design_4878,0.55,0.48,0.98,nan,nan,nan,0.47,0.7,6.62,4.1,0.87,2.6,2.91
design_4879,0.34,0.56,0.83,nan,nan,nan,0.46,0.6,9.72,5.51,0.87,1.55,1.99
design_4880,0.65,0.72,2.29,nan,nan,nan,0.8,1.59,14.22,7.83,0.87,5.66,6.38
design_4881,0.56,0.76,1.41,nan,nan,nan,0.6,1.06,12.27,6.87,0.87,3.73,3.73
design_4882,0.59,0.62,1.79,nan,nan,nan,0.68,1.26,12.67,7.08,0.87,4.07,4.31
design_4883,0.55,0.63,1.33,nan,nan,nan,0.58,0.98,12.01,6.79,0.87,4.44,3.66
design_4884,0.71,0.75,2.6,nan,nan,nan,0.89,1.8,13.73,7.52,0.87,7.75,8.37
design_4885,0.62,0.74,2.26,nan,nan,nan,0.79,1.58,12.58,7.0,0.87,2.98,3.32
design_4886,0.59,0.69,2.29,nan,nan,nan,0.79,1.58,12.09,6.79,0.87,9.32,9.44
design_4887,0.62,0.6,2.54,nan,nan,nan,0.86,1.74,11.72,6.54,0.88,3.73,3.75
design_4888,0.92,0.79,2.14,nan,nan,nan,0.75,1.48,16.61,8.77,0.89,12.15,9.53
design_4889,0.92,0.83,1.62,nan,nan,nan,0.64,1.22,15.78,8.36,0.89,21.45,19.02
design_4890,0.84,0.75,2.25,nan,nan,nan,0.76,1.52,15.01,8.03,0.89,20.62,13.83
design_4891,0.88,0.81,2.05,nan,nan,nan,0.72,1.43,16.17,8.47,0.89,17.22,19.97
design_4892,0.62,0.67,2.38,nan,nan,nan,0.77,1.55,15.72,8.4,0.89,16.77,14.09
design_4893,0.81,0.78,2.17,nan,nan,nan,0.74,1.48,14.73,7.89,0.89,16.23,14.43
design_4894,0.81,0.85,1.9,nan,nan,nan,0.69,1.34,15.05,7.98,0.89,16.35,14.4
design_4895,0.66,0.77,2.32,nan,nan,nan,0.76,1.54,15.56,8.19,0.89,17.09,13.74
design_4896,0.53,0.7,1.3,nan,nan,nan,0.6,0.99,14.73,7.82,0.89,20.84,22.24
design_4897,0.82,0.61,1.58,nan,nan,nan,0.69,1.2,14.84,8.13,0.86,15.53,16.79
design_4898,0.56,0.51,1.3,nan,nan,nan,0.59,0.96,12.02,6.46,0.89,22.78,25.65
design_4899,0.55,0.64,1.35,nan,nan,nan,0.62,1.01,14.75,7.85,0.89,22.37,24.66
design_4900,0.67,0.64,1.35,nan,nan,nan,0.62,1.03,15.96,8.66,0.86,16.96,9.91
design_4901,0.59,0.74,1.84,nan,nan,nan,0.72,1.34,12.61,7.14,0.86,22.36,26.09
design_4902,0.64,0.61,1.13,nan,nan,nan,0.57,0.89,14.54,7.7,0.89,22.69,23.58
design_4903,0.51,0.55,1.28,nan,nan,nan,0.59,0.95,14.41,7.74,0.88,19.02,18.23
design_4904,0.56,0.63,1.17,nan,nan,nan,0.54,0.84,5.78,3.68,0.88,2.09,1.52
design_4905,0.39,0.69,1.48,nan,nan,nan,0.57,0.98,11.03,6.01,0.89,3.3,2.8
design_4906,0.59,0.61,1.18,nan,nan,nan,0.55,0.85,12.1,6.52,0.89,17.97,11.59
design_4907,0.5,0.69,1.54,nan,nan,nan,0.58,1.03,13.3,7.03,0.89,14.27,11.03
design_4908,0.73,0.6,1.92,nan,nan,nan,0.67,1.26,12.51,6.72,0.89,8.53,7.94
design_4909,0.4,0.66,1.44,nan,nan,nan,0.57,0.95,9.56,5.37,0.88,3.98,2.92
design_4910,0.58,0.7,1.46,nan,nan,nan,0.57,1.0,13.99,7.36,0.9,8.03,5.43
design_4911,0.49,0.45,1.71,nan,nan,nan,0.59,1.08,15.21,8.02,0.88,16.63,9.14
design_4912,0.5,0.66,2.8,nan,nan,nan,0.94,1.94,15.37,8.08,0.89,22.32,22.07
design_4913,0.59,0.57,1.8,nan,nan,nan,0.7,1.29,15.72,8.19,0.9,11.15,11.65
design_4914,0.51,0.56,0.55,nan,nan,nan,0.46,0.55,13.62,7.26,0.89,11.16,12.16
design_4915,0.61,0.59,2.61,nan,nan,nan,0.9,1.82,15.35,8.03,0.89,22.95,22.65
design_4916,0.63,0.65,0.93,nan,nan,nan,0.52,0.78,15.47,8.16,0.89,16.31,16.61
design_4917,0.51,0.56,0.74,nan,nan,nan,0.5,0.63,12.56,6.74,0.9,10.21,11.04
design_4918,0.39,0.48,3.04,nan,nan,nan,1.01,2.08,14.34,7.61,0.89,22.8,22.28
design_4919,0.64,0.53,2.52,nan,nan,nan,0.87,1.76,16.15,8.46,0.89,25.19,12.88
design_4920,0.49,0.93,1.29,nan,nan,nan,0.56,1.0,11.13,6.08,0.89,2.6,3.01
design_4921,0.57,1.15,1.91,nan,nan,nan,0.7,1.4,13.85,7.3,0.9,15.25,15.64
design_4922,0.48,1.04,1.0,nan,nan,nan,0.53,0.88,11.62,6.25,0.9,3.88,4.26
design_4923,0.74,0.99,2.0,nan,nan,nan,0.73,1.44,14.32,7.57,0.89,17.83,10.02
design_4924,0.62,1.14,1.77,nan,nan,nan,0.67,1.32,14.21,7.47,0.9,20.77,15.37
design_4925,0.56,0.88,1.32,nan,nan,nan,0.56,1.01,10.33,5.75,0.88,3.73,4.82
design_4926,0.68,1.13,1.74,nan,nan,nan,0.67,1.32,12.93,6.87,0.89,18.53,11.93
design_4927,0.61,1.06,2.22,nan,nan,nan,0.77,1.56,12.23,6.59,0.89,23.46,21.32
design_4928,0.43,1.7,1.13,nan,nan,nan,0.62,1.18,10.85,5.98,0.89,2.04,2.6
design_4929,0.79,1.87,1.57,nan,nan,nan,0.69,1.46,15.96,8.41,0.89,30.8,19.1
design_4930,0.59,1.8,1.43,nan,nan,nan,0.64,1.35,13.0,7.01,0.88,3.21,3.43
design_4931,0.6,1.98,1.09,nan,nan,nan,0.64,1.31,8.92,5.14,0.88,3.51,4.32
design_4932,1.46,1.92,1.4,nan,nan,nan,0.77,1.59,14.52,7.55,0.89,35.45,14.69
design_4933,0.72,1.76,1.43,nan,nan,nan,0.66,1.35,13.97,7.35,0.9,14.13,9.22
design_4934,0.91,1.76,1.96,nan,nan,nan,0.79,1.6,7.58,4.64,0.87,4.09,4.52
design_4935,0.92,2.1,1.46,nan,nan,nan,0.73,1.54,12.45,6.91,0.86,14.69,7.04
design_4936,0.51,0.67,2.01,nan,nan,nan,0.72,1.36,14.21,7.56,0.89,22.57,17.71
design_4937,0.32,0.81,1.04,nan,nan,nan,0.53,0.81,12.06,6.52,0.89,5.87,6.3
design_4938,0.41,1.01,2.05,nan,nan,nan,0.74,1.43,12.1,6.71,0.87,4.36,2.49
design_4939,0.33,0.73,0.92,nan,nan,nan,0.5,0.73,11.13,6.19,0.88,5.9,6.36
design_4940,0.41,0.93,1.67,nan,nan,nan,0.64,1.2,13.81,7.31,0.89,18.48,18.46
design_4941,0.4,0.87,1.94,nan,nan,nan,0.69,1.34,13.15,7.0,0.89,12.63,13.18
design_4942,0.64,0.86,1.72,nan,nan,nan,0.66,1.24,13.35,7.08,0.88,4.21,3.67
design_4943,0.51,0.88,1.85,nan,nan,nan,0.68,1.3,12.52,6.76,0.89,22.62,21.41
design_4944,0.64,0.57,2.27,nan,nan,nan,0.79,1.56,14.74,8.02,0.88,20.97,23.39
design_4945,0.62,0.52,6.27,nan,nan,nan,1.87,4.16,14.5,7.78,0.88,19.84,20.91
design_4946,0.63,0.55,3.53,nan,nan,nan,1.11,2.37,15.17,8.4,0.87,16.95,16.9
design_4947,0.62,0.61,1.89,nan,nan,nan,0.7,1.33,15.23,8.21,0.88,20.11,21.4
design_4948,0.57,0.62,2.82,nan,nan,nan,0.92,1.91,17.25,9.13,0.88,21.93,14.93
design_4949,0.52,0.51,5.03,nan,nan,nan,1.53,3.34,10.14,6.06,0.85,11.94,11.08
design_4950,0.56,0.57,2.55,nan,nan,nan,0.86,1.74,13.42,7.51,0.86,17.71,17.0
design_4951,0.51,0.64,2.01,nan,nan,nan,0.73,1.39,16.4,8.89,0.87,17.74,16.91
design_4952,0.45,0.74,1.09,nan,nan,nan,0.54,0.88,15.79,8.15,0.9,20.34,20.93
design_4953,0.45,0.7,0.97,nan,nan,nan,0.52,0.8,16.45,8.46,0.9,12.38,11.28
design_4954,0.44,0.83,1.14,nan,nan,nan,0.55,0.93,15.9,8.2,0.9,19.9,20.12
design_4955,0.51,0.75,1.04,nan,nan,nan,0.53,0.86,15.51,8.03,0.9,19.45,17.26
design_4956,0.49,0.71,0.95,nan,nan,nan,0.52,0.79,16.6,8.6,0.89,13.53,11.99
design_4957,0.46,0.81,1.01,nan,nan,nan,0.53,0.85,16.03,8.27,0.9,22.97,21.05
design_4958,0.42,0.62,1.05,nan,nan,nan,0.53,0.83,15.85,8.19,0.9,19.03,16.95
design_4959,0.47,0.75,1.11,nan,nan,nan,0.55,0.9,14.97,7.9,0.89,18.04,15.86
design_4960,0.48,0.52,2.47,nan,nan,nan,0.83,1.67,4.38,3.17,0.88,2.77,1.5
design_4961,0.75,0.39,3.87,nan,nan,nan,1.2,2.59,13.54,7.57,0.87,7.44,5.32
design_4962,0.64,0.52,2.27,nan,nan,nan,0.8,1.56,4.54,3.24,0.88,3.07,1.52
design_4963,0.48,0.62,2.45,nan,nan,nan,0.84,1.67,15.04,8.01,0.88,31.9,19.17
design_4964,0.66,0.57,3.69,nan,nan,nan,1.15,2.48,15.28,8.26,0.88,25.77,21.36
design_4965,0.39,0.51,2.57,nan,nan,nan,0.87,1.73,4.55,3.3,0.88,2.85,1.48
design_4966,0.59,0.53,3.39,nan,nan,nan,1.08,2.27,15.01,8.14,0.88,36.93,15.63
design_4967,0.58,0.53,2.75,nan,nan,nan,0.89,1.86,15.06,8.11,0.88,37.02,15.61
design_4968,0.49,1.4,1.38,nan,nan,nan,0.59,1.16,12.03,6.69,0.87,5.12,2.17
design_4969,0.86,1.37,1.81,nan,nan,nan,0.7,1.4,8.65,5.12,0.87,4.46,6.05
design_4970,0.71,1.41,1.59,nan,nan,nan,0.64,1.29,11.42,6.35,0.87,2.35,3.08
design_4971,0.59,1.27,1.35,nan,nan,nan,0.57,1.11,13.02,7.1,0.88,7.92,8.7
design_4972,0.54,1.16,1.23,nan,nan,nan,0.55,1.02,5.75,3.8,0.87,1.74,1.63
design_4973,1.03,1.26,1.1,nan,nan,nan,0.63,1.13,7.3,4.32,0.88,2.06,2.44
design_4974,0.44,0.92,1.0,nan,nan,nan,0.47,0.82,10.1,5.63,0.88,1.86,2.46
design_4975,0.77,1.31,1.03,nan,nan,nan,0.56,1.04,12.25,6.72,0.88,12.06,9.51
design_4976,0.63,0.73,1.02,nan,nan,nan,0.56,0.85,12.87,6.86,0.9,12.54,8.56
design_4977,0.76,0.67,1.22,nan,nan,nan,0.6,0.98,12.8,6.93,0.89,12.42,8.29
design_4978,0.55,0.7,1.14,nan,nan,nan,0.56,0.9,12.09,6.56,0.89,11.39,6.62
design_4979,0.64,0.74,0.95,nan,nan,nan,0.54,0.82,13.46,7.15,0.9,13.05,8.95
design_4980,0.7,0.63,1.14,nan,nan,nan,0.58,0.91,12.74,6.8,0.89,13.06,9.83
design_4981,0.67,0.61,1.14,nan,nan,nan,0.58,0.9,12.13,6.51,0.89,13.19,10.28
design_4982,0.64,0.64,1.18,nan,nan,nan,0.58,0.92,13.54,7.24,0.89,13.18,9.9
design_4983,0.79,0.82,1.12,nan,nan,nan,0.57,0.96,15.0,7.91,0.89,8.09,4.18
design_4984,0.65,0.78,2.54,nan,nan,nan,0.9,1.8,12.5,7.13,0.86,20.39,20.51
design_4985,0.86,0.66,3.27,nan,nan,nan,1.1,2.29,16.49,8.79,0.87,9.11,10.87
design_4986,0.48,0.81,1.5,nan,nan,nan,0.63,1.12,10.8,6.23,0.87,20.26,19.86
design_4987,0.56,0.83,3.33,nan,nan,nan,1.11,2.31,16.41,8.81,0.87,20.19,19.59
design_4988,0.95,0.56,2.97,nan,nan,nan,1.02,2.1,17.11,9.02,0.87,22.32,10.03
design_4989,0.52,0.8,1.64,nan,nan,nan,0.67,1.21,11.21,6.42,0.87,18.35,17.2
design_4990,0.54,0.88,1.46,nan,nan,nan,0.62,1.12,10.56,6.12,0.87,21.07,21.31
design_4991,0.61,0.84,2.06,nan,nan,nan,0.77,1.49,12.39,7.06,0.86,20.74,21.41
design_4992,0.43,0.91,1.19,nan,nan,nan,0.5,0.9,11.27,6.17,0.89,2.86,1.64
design_4993,0.63,1.0,1.92,nan,nan,nan,0.64,1.31,12.89,7.01,0.88,14.93,8.87
design_4994,0.58,0.56,1.18,nan,nan,nan,0.5,0.83,9.03,5.14,0.88,1.29,1.74
design_4995,0.37,0.74,1.18,nan,nan,nan,0.47,0.84,9.7,5.49,0.88,1.58,1.19
design_4996,0.61,0.93,1.45,nan,nan,nan,0.57,1.06,9.26,5.35,0.87,1.3,1.92
design_4997,0.76,1.35,1.63,nan,nan,nan,0.63,1.3,14.1,7.6,0.88,14.42,7.07
design_4998,0.69,0.54,1.54,nan,nan,nan,0.55,1.04,5.94,3.96,0.86,1.44,1.55
design_4999,0.55,0.9,1.19,nan,nan,nan,0.5,0.92,11.3,6.19,0.88,1.97,1.49
design_5000,1.17,0.54,1.07,nan,nan,nan,0.56,1.0,14.82,7.85,0.89,21.99,21.28
design_5001,1.14,0.46,0.91,nan,nan,nan,0.54,0.9,12.83,6.91,0.89,1.92,1.41
design_5002,1.2,0.48,1.17,nan,nan,nan,0.58,1.06,13.14,7.08,0.88,7.12,5.79
design_5003,1.26,1.5,0.8,nan,nan,nan,0.63,1.14,10.84,5.99,0.88,4.88,4.77
design_5004,1.26,0.94,0.8,nan,nan,nan,0.57,0.98,13.75,7.29,0.89,10.0,10.96
design_5005,1.2,0.79,0.91,nan,nan,nan,0.58,0.98,11.78,6.44,0.88,2.51,3.6
design_5006,1.31,0.84,0.87,nan,nan,nan,0.58,1.01,13.03,6.99,0.89,5.06,5.34
design_5007,1.25,0.78,0.91,nan,nan,nan,0.56,0.99,13.56,7.19,0.89,4.49,3.65
design_5008,0.37,0.66,0.74,nan,nan,nan,0.47,0.64,15.43,7.9,0.9,14.22,13.25
design_5009,0.44,0.74,0.69,nan,nan,nan,0.47,0.65,15.89,8.17,0.9,7.64,7.7
design_5010,0.75,0.68,0.71,nan,nan,nan,0.5,0.72,16.62,8.47,0.9,14.87,10.03
design_5011,0.51,0.88,0.73,nan,nan,nan,0.49,0.72,14.56,7.61,0.89,23.26,22.07
design_5012,0.74,0.7,0.76,nan,nan,nan,0.52,0.74,15.57,8.11,0.9,17.33,15.66
design_5013,0.74,0.69,0.7,nan,nan,nan,0.5,0.71,16.61,8.56,0.9,14.44,10.78
design_5014,0.52,0.7,0.73,nan,nan,nan,0.5,0.67,15.54,7.97,0.91,20.71,22.16
design_5015,0.4,0.61,0.68,nan,nan,nan,0.47,0.6,16.22,8.38,0.9,8.84,9.88
design_5016,0.7,0.68,0.71,nan,nan,nan,0.49,0.7,15.0,7.79,0.89,23.2,24.42
design_5017,0.48,0.66,0.57,nan,nan,nan,0.44,0.57,17.49,8.9,0.9,31.92,16.55
design_5018,0.54,0.64,0.71,nan,nan,nan,0.47,0.65,15.5,8.03,0.89,21.17,16.66
design_5019,0.61,0.66,0.68,nan,nan,nan,0.46,0.66,15.39,7.95,0.9,15.06,11.85
design_5020,0.65,0.62,0.65,nan,nan,nan,0.48,0.65,15.74,8.13,0.9,18.14,13.43
design_5021,0.56,0.66,0.71,nan,nan,nan,0.46,0.66,15.23,7.85,0.9,10.95,10.48
design_5022,0.61,0.66,0.73,nan,nan,nan,0.47,0.68,15.69,8.09,0.9,12.92,12.45
design_5023,0.71,0.55,0.84,nan,nan,nan,0.51,0.75,16.67,8.56,0.9,23.92,17.92
design_5024,0.41,0.78,1.13,nan,nan,nan,0.53,0.89,15.45,8.34,0.87,12.85,10.79
design_5025,0.61,0.77,1.2,nan,nan,nan,0.57,0.96,14.62,7.88,0.88,12.24,10.3
design_5026,0.46,0.75,1.21,nan,nan,nan,0.56,0.94,13.93,7.65,0.87,11.8,10.89
design_5027,0.6,0.72,1.52,nan,nan,nan,0.62,1.14,13.2,7.3,0.87,14.77,14.37
design_5028,0.6,0.77,2.74,nan,nan,nan,0.94,1.92,13.97,7.78,0.87,15.32,12.28
design_5029,0.5,0.73,1.06,nan,nan,nan,0.51,0.85,14.74,7.63,0.9,11.95,10.87
design_5030,0.56,0.73,1.78,nan,nan,nan,0.69,1.3,12.26,6.91,0.87,13.38,11.47
design_5031,0.47,0.77,1.1,nan,nan,nan,0.51,0.87,16.35,8.73,0.88,11.87,6.39
design_5032,0.52,0.53,0.81,nan,nan,nan,0.49,0.65,12.55,6.84,0.88,22.71,28.47
design_5033,0.62,0.66,1.6,nan,nan,nan,0.61,1.11,15.26,8.1,0.89,8.17,9.2
design_5034,0.72,0.74,1.76,nan,nan,nan,0.64,1.23,15.07,7.97,0.89,5.8,6.31
design_5035,0.65,0.58,1.91,nan,nan,nan,0.67,1.28,13.65,7.32,0.89,11.02,12.6
design_5036,0.53,0.58,1.97,nan,nan,nan,0.67,1.29,15.14,8.03,0.89,19.17,23.07
design_5037,0.67,0.68,2.16,nan,nan,nan,0.72,1.43,15.32,8.11,0.89,11.66,13.44
design_5038,0.65,0.56,0.9,nan,nan,nan,0.5,0.73,12.53,6.79,0.88,23.16,26.73
design_5039,0.44,0.57,1.01,nan,nan,nan,0.48,0.74,15.01,8.02,0.88,16.06,13.8
design_5040,0.41,0.65,0.6,nan,nan,nan,0.43,0.57,16.03,8.32,0.89,14.43,12.61
design_5041,0.55,0.64,0.62,nan,nan,nan,0.45,0.61,16.6,8.53,0.9,12.47,8.45
design_5042,0.59,0.64,0.92,nan,nan,nan,0.51,0.78,15.93,8.26,0.9,12.79,12.99
design_5043,0.48,0.66,1.25,nan,nan,nan,0.59,0.97,15.02,7.8,0.9,13.73,15.64
design_5044,0.83,0.69,0.91,nan,nan,nan,0.54,0.84,16.19,8.38,0.9,13.02,14.48
design_5045,0.69,0.63,0.71,nan,nan,nan,0.46,0.68,15.88,8.2,0.9,10.13,12.15
design_5046,0.44,0.65,0.7,nan,nan,nan,0.46,0.63,15.69,8.18,0.89,11.53,9.95
design_5047,0.48,0.7,0.63,nan,nan,nan,0.44,0.61,15.93,8.21,0.9,11.4,10.1
design_5048,0.79,0.84,2.41,nan,nan,nan,0.84,1.7,16.03,8.63,0.87,11.8,7.74
design_5049,0.86,0.75,2.44,nan,nan,nan,0.85,1.72,16.82,9.08,0.87,12.97,11.68
design_5050,0.54,0.75,2.44,nan,nan,nan,0.83,1.68,15.34,8.32,0.87,16.06,14.51
design_5051,0.73,0.89,2.32,nan,nan,nan,0.82,1.65,15.69,8.3,0.89,14.36,8.94
design_5052,0.84,0.7,2.05,nan,nan,nan,0.74,1.47,18.23,9.62,0.87,10.65,11.12
design_5053,0.57,0.57,2.41,nan,nan,nan,0.82,1.64,16.8,9.06,0.87,17.18,10.67
design_5054,0.63,0.67,2.5,nan,nan,nan,0.86,1.72,13.91,7.61,0.88,19.33,16.55
design_5055,0.78,0.78,2.53,nan,nan,nan,0.87,1.77,13.62,7.51,0.87,22.91,20.21
design_5056,0.58,0.75,1.49,nan,nan,nan,0.64,1.14,14.63,7.71,0.89,15.65,12.29
design_5057,0.72,1.04,1.61,nan,nan,nan,0.7,1.29,13.79,7.49,0.88,3.38,3.04
design_5058,0.53,0.94,1.7,nan,nan,nan,0.7,1.3,14.98,7.87,0.89,4.8,4.64
design_5059,0.72,0.93,1.7,nan,nan,nan,0.71,1.32,14.15,7.64,0.88,3.15,2.77
design_5060,0.67,0.92,1.76,nan,nan,nan,0.73,1.35,14.12,7.62,0.88,2.37,1.96
design_5061,0.64,0.96,1.63,nan,nan,nan,0.69,1.27,13.09,7.1,0.88,4.02,3.42
design_5062,0.56,0.98,1.61,nan,nan,nan,0.68,1.25,14.07,7.55,0.88,4.79,4.51
design_5063,0.66,0.96,1.67,nan,nan,nan,0.69,1.3,13.26,7.2,0.88,4.64,3.82
design_5064,0.49,0.96,1.09,nan,nan,nan,0.53,0.87,14.59,7.69,0.89,27.0,19.03
design_5065,0.45,0.93,0.91,nan,nan,nan,0.51,0.78,13.5,7.14,0.9,19.1,15.45
design_5066,0.54,1.0,0.97,nan,nan,nan,0.55,0.85,12.05,6.56,0.89,33.0,15.38
design_5067,0.42,0.92,0.81,nan,nan,nan,0.51,0.73,12.36,6.64,0.89,32.68,15.45
design_5068,0.47,0.85,0.94,nan,nan,nan,0.5,0.77,11.41,6.23,0.88,16.34,14.91
design_5069,0.53,0.94,1.04,nan,nan,nan,0.54,0.85,14.42,7.59,0.89,26.39,14.13
design_5070,0.46,0.99,0.9,nan,nan,nan,0.53,0.8,12.02,6.53,0.89,33.49,15.17
design_5071,0.44,0.94,0.86,nan,nan,nan,0.52,0.77,11.61,6.34,0.89,32.86,15.37
design_5072,0.69,0.6,0.72,nan,nan,nan,0.51,0.69,14.91,7.69,0.9,21.41,23.27
design_5073,0.72,0.71,0.67,nan,nan,nan,0.5,0.69,14.35,7.42,0.9,22.91,23.75
design_5074,0.78,0.77,0.59,nan,nan,nan,0.49,0.69,16.03,8.28,0.9,22.4,19.98
design_5075,0.48,0.64,0.67,nan,nan,nan,0.47,0.62,15.99,8.16,0.91,11.71,11.14
design_5076,0.73,0.62,0.77,nan,nan,nan,0.54,0.73,15.46,8.03,0.9,22.44,25.17
design_5077,0.49,0.7,0.6,nan,nan,nan,0.45,0.6,15.69,8.1,0.9,15.89,14.77
design_5078,0.85,0.64,0.89,nan,nan,nan,0.56,0.83,14.51,7.54,0.9,23.06,23.86
design_5079,0.72,0.65,0.64,nan,nan,nan,0.5,0.66,15.3,7.98,0.89,21.55,21.85
design_5080,0.53,0.67,1.02,nan,nan,nan,0.53,0.81,16.58,8.62,0.89,32.33,13.54
design_5081,0.52,0.59,1.6,nan,nan,nan,0.62,1.13,16.88,8.87,0.89,42.32,16.85
design_5082,0.52,0.62,1.61,nan,nan,nan,0.63,1.14,16.72,8.74,0.89,41.53,16.72
design_5083,0.51,0.69,1.72,nan,nan,nan,0.65,1.22,16.0,8.44,0.89,13.12,10.13
design_5084,0.53,0.68,1.58,nan,nan,nan,0.62,1.13,16.93,8.86,0.89,41.69,18.0
design_5085,0.57,0.63,1.9,nan,nan,nan,0.68,1.33,13.94,7.53,0.88,17.99,17.29
design_5086,0.52,0.75,2.17,nan,nan,nan,0.76,1.51,15.84,8.45,0.89,13.96,15.65
design_5087,0.51,0.63,1.45,nan,nan,nan,0.6,1.05,16.28,8.49,0.9,21.07,17.72
design_5088,0.67,0.82,2.86,nan,nan,nan,0.99,2.01,15.8,8.41,0.89,13.62,12.68
design_5089,0.54,0.84,1.63,nan,nan,nan,0.66,1.22,15.89,8.28,0.9,14.07,11.55
design_5090,0.55,0.77,1.88,nan,nan,nan,0.72,1.36,15.8,8.49,0.87,22.19,21.7
design_5091,0.65,0.76,1.73,nan,nan,nan,0.69,1.28,15.87,8.23,0.9,16.19,15.99
design_5092,0.79,0.79,2.52,nan,nan,nan,0.9,1.8,14.68,7.8,0.89,10.08,10.3
design_5093,0.48,0.78,3.59,nan,nan,nan,1.17,2.47,15.69,8.35,0.89,16.5,17.91
design_5094,0.48,0.69,1.92,nan,nan,nan,0.72,1.37,14.63,8.05,0.86,7.31,6.67
design_5095,0.55,0.67,1.8,nan,nan,nan,0.7,1.3,15.23,7.91,0.9,17.55,18.67
design_5096,0.54,0.71,1.41,nan,nan,nan,0.61,1.06,12.99,6.92,0.89,21.63,22.89
design_5097,0.65,0.72,1.84,nan,nan,nan,0.72,1.34,13.79,7.39,0.89,21.59,22.84
design_5098,0.6,0.7,1.49,nan,nan,nan,0.63,1.11,16.26,8.47,0.9,19.59,20.61
design_5099,0.75,0.75,2.22,nan,nan,nan,0.83,1.6,15.6,8.22,0.89,20.9,18.91
design_5100,0.85,0.73,1.96,nan,nan,nan,0.75,1.45,16.12,8.6,0.88,19.83,22.1
design_5101,0.81,0.66,2.07,nan,nan,nan,0.79,1.51,16.15,8.53,0.89,18.76,20.4
design_5102,0.88,0.74,1.97,nan,nan,nan,0.76,1.46,16.17,8.43,0.9,18.99,21.26
design_5103,0.56,0.69,1.22,nan,nan,nan,0.57,0.95,16.28,8.6,0.89,22.72,25.34
design_5104,0.63,1.32,0.88,nan,nan,nan,0.55,0.97,10.64,6.02,0.87,2.78,1.86
design_5105,0.51,0.68,1.22,nan,nan,nan,0.48,0.84,12.51,6.77,0.89,1.84,1.74
design_5106,0.94,0.73,1.05,nan,nan,nan,0.54,0.92,5.25,3.44,0.88,22.11,13.91
design_5107,0.48,0.84,1.51,nan,nan,nan,0.56,1.02,9.02,5.23,0.87,3.77,3.71
design_5108,0.64,0.59,1.27,nan,nan,nan,0.52,0.88,8.84,5.3,0.86,4.47,5.48
design_5109,0.56,1.08,1.49,nan,nan,nan,0.57,1.09,11.15,6.3,0.87,23.4,21.3
design_5110,0.63,0.65,1.46,nan,nan,nan,0.54,0.98,12.46,6.78,0.88,15.1,11.51
design_5111,0.55,1.02,0.7,nan,nan,nan,0.48,0.77,5.23,3.53,0.88,4.06,4.9
design_5112,0.57,0.63,1.02,nan,nan,nan,0.54,0.82,11.17,6.11,0.89,16.4,15.05
design_5113,0.72,0.63,0.7,nan,nan,nan,0.48,0.69,12.23,6.73,0.88,15.26,13.89
design_5114,0.53,0.64,0.77,nan,nan,nan,0.48,0.67,10.99,5.98,0.89,15.03,13.72
design_5115,0.72,0.69,0.71,nan,nan,nan,0.49,0.71,15.57,8.2,0.88,21.63,12.03
design_5116,0.53,0.68,0.58,nan,nan,nan,0.46,0.59,14.85,7.74,0.9,12.94,11.6
design_5117,0.54,0.5,0.93,nan,nan,nan,0.5,0.74,11.54,6.22,0.89,15.1,14.56
design_5118,0.46,0.63,0.67,nan,nan,nan,0.45,0.6,14.97,7.79,0.9,12.51,11.71
design_5119,0.71,0.74,0.81,nan,nan,nan,0.52,0.77,14.25,7.49,0.9,15.48,14.88
design_5120,0.71,0.55,1.1,nan,nan,nan,0.5,0.79,12.84,7.08,0.89,14.17,14.42
design_5121,0.74,3.32,1.2,nan,nan,nan,0.9,2.07,11.33,6.3,0.88,24.21,24.48
design_5122,0.72,0.38,1.19,nan,nan,nan,0.47,0.8,12.55,6.86,0.89,24.47,22.87
design_5123,0.62,3.39,1.01,nan,nan,nan,0.9,2.06,12.69,6.89,0.89,4.86,4.37
design_5124,0.82,0.63,0.88,nan,nan,nan,0.48,0.78,13.13,7.25,0.88,11.04,12.37
design_5125,0.68,0.64,1.08,nan,nan,nan,0.49,0.8,13.14,7.18,0.89,15.14,15.46
design_5126,0.72,0.59,1.11,nan,nan,nan,0.49,0.82,12.48,6.89,0.88,21.86,23.17
design_5127,0.58,0.54,1.23,nan,nan,nan,0.48,0.81,13.8,7.48,0.88,10.75,8.38
design_5128,0.47,0.61,0.52,nan,nan,nan,0.42,0.53,16.64,8.54,0.9,9.03,11.43
design_5129,0.46,0.67,0.49,nan,nan,nan,0.42,0.53,15.63,8.07,0.9,20.35,21.3
design_5130,0.71,0.64,0.86,nan,nan,nan,0.49,0.77,13.62,7.36,0.88,13.3,8.42
design_5131,0.51,0.8,0.57,nan,nan,nan,0.46,0.62,15.95,8.21,0.9,16.45,17.24
design_5132,0.55,0.76,0.65,nan,nan,nan,0.44,0.65,17.22,8.92,0.89,16.22,15.18
design_5133,0.52,0.81,0.58,nan,nan,nan,0.45,0.63,15.49,8.0,0.9,19.78,16.48
design_5134,0.58,0.6,0.59,nan,nan,nan,0.43,0.59,16.41,8.44,0.9,9.04,10.7
design_5135,0.69,0.67,0.52,nan,nan,nan,0.45,0.61,14.86,7.79,0.89,10.9,8.86
design_5136,0.35,1.17,1.11,nan,nan,nan,0.52,0.94,12.99,6.92,0.9,25.51,23.89
design_5137,0.78,0.96,2.21,nan,nan,nan,0.74,1.49,11.31,6.24,0.88,24.25,25.23
design_5138,0.48,0.8,0.89,nan,nan,nan,0.5,0.74,12.17,6.56,0.89,23.92,22.75
design_5139,0.69,1.07,2.32,nan,nan,nan,0.73,1.55,14.24,7.62,0.88,23.97,15.75
design_5140,0.7,0.87,2.3,nan,nan,nan,0.73,1.5,12.8,6.94,0.88,21.44,12.75
design_5141,0.71,0.92,2.41,nan,nan,nan,0.75,1.57,11.91,6.57,0.88,15.44,8.08
design_5142,0.39,0.97,1.19,nan,nan,nan,0.52,0.91,12.7,6.81,0.89,19.6,19.31
design_5143,0.42,1.21,1.1,nan,nan,nan,0.52,0.97,12.97,6.91,0.89,2.35,3.1
design_5144,0.72,2.21,1.75,nan,nan,nan,0.8,1.65,10.84,6.0,0.88,24.55,24.73
design_5145,0.73,1.48,1.46,nan,nan,nan,0.66,1.27,14.95,7.91,0.89,29.47,23.42
design_5146,0.56,1.55,1.6,nan,nan,nan,0.67,1.33,14.76,7.81,0.89,27.98,17.91
design_5147,0.81,1.93,2.03,nan,nan,nan,0.81,1.69,8.21,4.76,0.88,24.8,24.85
design_5148,0.81,2.12,1.79,nan,nan,nan,0.81,1.65,15.12,7.93,0.89,30.36,16.7
design_5149,0.93,1.84,1.86,nan,nan,nan,0.8,1.6,13.08,7.01,0.88,29.48,17.81
design_5150,0.61,1.76,1.52,nan,nan,nan,0.69,1.37,11.92,6.53,0.88,25.53,23.34
design_5151,0.62,1.71,1.69,nan,nan,nan,0.71,1.43,9.96,5.54,0.88,24.53,24.59
design_5152,0.71,0.84,1.72,nan,nan,nan,0.63,1.22,13.86,7.33,0.89,12.49,6.26
design_5153,0.7,0.84,1.55,nan,nan,nan,0.6,1.13,13.57,7.18,0.88,28.87,15.66
design_5154,0.66,0.78,1.78,nan,nan,nan,0.66,1.24,14.23,7.48,0.89,13.51,9.87
design_5155,0.66,0.57,1.35,nan,nan,nan,0.57,0.97,13.92,7.33,0.9,14.15,13.01
design_5156,0.47,0.73,0.64,nan,nan,nan,0.46,0.62,5.52,3.52,0.89,3.25,2.49
design_5157,0.71,0.59,1.55,nan,nan,nan,0.61,1.09,13.85,7.37,0.89,17.65,16.35
design_5158,0.68,0.76,1.57,nan,nan,nan,0.6,1.13,14.74,7.7,0.9,21.74,20.08
design_5159,0.82,0.65,1.55,nan,nan,nan,0.59,1.13,15.73,8.24,0.88,23.48,11.51
design_5160,0.58,0.94,1.62,nan,nan,nan,0.62,1.11,8.69,5.14,0.87,4.67,4.47
design_5161,0.71,0.77,0.83,nan,nan,nan,0.53,0.77,6.76,4.2,0.87,3.3,3.48
design_5162,0.57,1.05,1.54,nan,nan,nan,0.61,1.1,13.31,7.25,0.88,18.56,14.92
design_5163,0.73,0.88,2.05,nan,nan,nan,0.69,1.33,12.0,6.7,0.87,14.45,12.57
design_5164,0.75,1.03,5.62,nan,nan,nan,1.39,3.24,15.25,8.3,0.86,24.23,9.95
design_5165,0.64,0.94,1.34,nan,nan,nan,0.58,1.0,11.7,6.52,0.87,23.26,20.69
design_5166,0.54,0.9,1.12,nan,nan,nan,0.53,0.87,11.68,6.4,0.88,24.37,21.63
design_5167,0.57,0.88,1.5,nan,nan,nan,0.6,1.04,8.41,4.99,0.87,5.98,7.69
design_5168,0.67,1.68,0.81,nan,nan,nan,0.58,1.11,12.84,6.89,0.89,17.27,17.31
design_5169,0.62,1.76,1.32,nan,nan,nan,0.64,1.29,14.08,7.45,0.89,28.52,20.55
design_5170,0.78,1.73,1.19,nan,nan,nan,0.64,1.27,11.39,6.25,0.88,17.81,16.79
design_5171,0.58,1.81,1.26,nan,nan,nan,0.66,1.29,11.18,6.16,0.88,21.97,20.61
design_5172,0.74,1.86,1.09,nan,nan,nan,0.65,1.28,11.17,6.11,0.89,21.86,20.27
design_5173,0.52,1.06,0.72,nan,nan,nan,0.51,0.78,8.48,4.98,0.87,2.42,1.68
design_5174,0.72,1.75,1.19,nan,nan,nan,0.62,1.26,16.14,8.49,0.88,31.74,16.77
design_5175,0.65,1.3,0.87,nan,nan,nan,0.55,0.96,3.99,2.87,0.89,2.03,1.93
design_5176,0.61,0.71,2.18,nan,nan,nan,0.8,1.55,14.74,8.01,0.88,22.82,24.01
design_5177,0.42,0.62,2.49,nan,nan,nan,0.87,1.73,14.49,7.84,0.88,21.39,18.5
design_5178,0.58,0.59,2.73,nan,nan,nan,0.94,1.9,13.35,7.28,0.88,10.09,10.08
design_5179,0.58,0.61,2.27,nan,nan,nan,0.81,1.6,15.19,8.14,0.88,23.29,25.2
design_5180,0.57,0.78,2.43,nan,nan,nan,0.86,1.72,13.63,7.42,0.88,22.05,24.78
design_5181,0.56,0.69,2.55,nan,nan,nan,0.89,1.79,12.27,6.8,0.88,22.88,23.25
design_5182,0.73,0.7,2.42,nan,nan,nan,0.87,1.72,14.46,7.85,0.88,22.82,22.82
design_5183,0.45,0.57,2.53,nan,nan,nan,0.88,1.75,14.52,7.84,0.88,22.58,20.37
design_5184,0.73,0.58,0.98,nan,nan,nan,0.51,0.81,15.47,8.23,0.89,21.17,10.39
design_5185,0.67,0.58,0.88,nan,nan,nan,0.48,0.74,14.67,7.83,0.89,4.32,5.03
design_5186,0.63,0.57,0.64,nan,nan,nan,0.44,0.62,10.08,5.66,0.88,1.58,0.98
design_5187,0.68,0.6,0.58,nan,nan,nan,0.48,0.62,3.89,2.79,0.9,1.33,1.12
design_5188,0.68,0.57,0.72,nan,nan,nan,0.45,0.67,14.31,7.52,0.9,6.0,5.38
design_5189,0.72,0.6,0.52,nan,nan,nan,0.46,0.61,2.99,2.35,0.91,1.01,1.0
design_5190,0.77,0.54,0.95,nan,nan,nan,0.51,0.8,13.17,7.16,0.89,8.84,11.27
design_5191,0.68,0.6,0.57,nan,nan,nan,0.47,0.61,3.26,2.5,0.9,1.18,0.93
design_5192,0.39,0.87,1.21,nan,nan,nan,0.49,0.89,12.56,6.81,0.89,12.92,7.45
design_5193,0.33,0.28,0.83,nan,nan,nan,0.43,0.55,7.63,4.52,0.88,3.42,4.47
design_5194,0.84,0.79,1.77,nan,nan,nan,0.66,1.24,5.83,3.72,0.88,2.39,2.95
design_5195,0.58,0.37,1.23,nan,nan,nan,0.49,0.83,8.96,5.25,0.87,1.79,1.49
design_5196,0.87,0.75,1.84,nan,nan,nan,0.65,1.27,6.03,3.88,0.87,3.17,4.1
design_5197,0.4,0.39,0.85,nan,nan,nan,0.41,0.59,9.4,5.34,0.88,1.96,2.08
design_5198,0.84,0.75,1.66,nan,nan,nan,0.63,1.18,6.17,3.93,0.87,1.91,2.44
design_5199,0.79,0.68,1.74,nan,nan,nan,0.62,1.19,5.94,3.85,0.87,2.36,3.17
design_5200,0.42,2.12,0.6,nan,nan,nan,0.63,1.24,3.38,2.58,0.89,3.16,3.06
design_5201,0.43,2.0,0.62,nan,nan,nan,0.63,1.18,5.27,3.51,0.88,3.36,2.87
design_5202,1.18,1.78,0.81,nan,nan,nan,0.69,1.29,7.94,4.58,0.88,3.72,2.63
design_5203,0.47,1.34,0.56,nan,nan,nan,0.52,0.85,4.37,3.15,0.88,3.05,2.7
design_5204,0.6,1.75,0.83,nan,nan,nan,0.6,1.14,10.22,5.72,0.88,4.59,3.68
design_5205,0.46,1.81,0.86,nan,nan,nan,0.58,1.15,13.59,7.27,0.89,5.22,2.89
design_5206,0.81,0.36,1.8,nan,nan,nan,0.62,1.18,5.13,3.62,0.87,2.14,1.84
design_5207,0.4,2.19,0.58,nan,nan,nan,0.64,1.27,3.54,2.7,0.89,3.03,3.04
design_5208,0.47,0.41,0.58,nan,nan,nan,0.44,0.51,15.3,7.9,0.9,16.82,18.11
design_5209,0.67,0.4,0.69,nan,nan,nan,0.48,0.63,14.43,7.54,0.9,16.54,18.45
design_5210,0.53,0.34,0.62,nan,nan,nan,0.45,0.54,15.05,7.78,0.9,15.32,15.6
design_5211,0.67,0.29,0.58,nan,nan,nan,0.47,0.55,8.99,5.08,0.89,13.3,18.23
design_5212,0.52,0.44,0.58,nan,nan,nan,0.47,0.53,16.37,8.52,0.89,9.69,11.13
design_5213,0.6,0.35,0.6,nan,nan,nan,0.46,0.55,15.21,7.97,0.89,11.35,12.79
design_5214,0.53,0.28,0.6,nan,nan,nan,0.44,0.52,14.91,7.74,0.9,19.44,17.8
design_5215,0.68,0.5,0.61,nan,nan,nan,0.46,0.6,15.23,7.97,0.89,20.41,21.01
design_5216,0.46,0.5,0.59,nan,nan,nan,0.44,0.53,16.87,8.55,0.91,14.96,15.24
design_5217,0.56,0.57,0.57,nan,nan,nan,0.45,0.57,16.05,8.26,0.9,15.27,14.68
design_5218,0.54,0.56,0.63,nan,nan,nan,0.46,0.59,16.79,8.59,0.9,15.26,14.71
design_5219,0.51,0.5,0.61,nan,nan,nan,0.47,0.56,17.25,8.71,0.91,24.32,23.82
design_5220,0.57,0.53,0.74,nan,nan,nan,0.48,0.65,16.2,8.33,0.9,18.25,17.85
design_5221,0.57,0.54,0.83,nan,nan,nan,0.5,0.71,16.06,8.24,0.9,22.11,23.65
design_5222,0.48,0.51,0.63,nan,nan,nan,0.45,0.57,16.61,8.55,0.9,21.48,20.51
design_5223,0.53,0.56,0.64,nan,nan,nan,0.46,0.59,15.7,8.09,0.9,15.99,17.56
design_5224,0.3,1.94,0.87,nan,nan,nan,0.62,1.18,3.18,2.51,0.9,2.04,1.57
design_5225,0.49,1.74,1.42,nan,nan,nan,0.68,1.31,12.49,6.77,0.88,20.36,17.57
design_5226,0.32,2.04,0.9,nan,nan,nan,0.64,1.24,3.25,2.54,0.9,2.46,1.66
design_5227,0.55,1.99,0.92,nan,nan,nan,0.64,1.25,3.4,2.69,0.89,2.39,1.44
design_5228,0.59,1.32,1.67,nan,nan,nan,0.66,1.29,8.81,5.06,0.88,24.78,25.43
design_5229,0.8,1.02,1.78,nan,nan,nan,0.67,1.31,9.45,5.41,0.88,24.63,25.44
design_5230,0.32,2.16,1.02,nan,nan,nan,0.67,1.33,3.17,2.53,0.9,2.55,1.6
design_5231,0.36,2.15,1.11,nan,nan,nan,0.68,1.35,3.15,2.5,0.9,2.36,1.5
design_5232,0.55,0.98,2.94,nan,nan,nan,0.93,1.97,13.42,7.25,0.88,20.75,17.68
design_5233,0.45,1.04,1.78,nan,nan,nan,0.66,1.28,7.27,4.34,0.88,5.59,3.8
design_5234,0.37,1.03,2.14,nan,nan,nan,0.74,1.49,11.45,6.25,0.89,6.47,3.11
design_5235,0.53,1.06,1.94,nan,nan,nan,0.72,1.39,9.45,5.4,0.88,5.06,2.71
design_5236,0.7,1.05,2.94,nan,nan,nan,0.95,2.0,13.52,7.21,0.89,14.62,8.93
design_5237,0.57,1.02,1.98,nan,nan,nan,0.71,1.41,12.57,6.86,0.89,8.77,4.77
design_5238,0.59,1.0,2.8,nan,nan,nan,0.91,1.9,13.48,7.22,0.89,22.27,13.01
design_5239,0.63,1.03,2.68,nan,nan,nan,0.89,1.83,12.45,6.81,0.88,23.06,20.44
design_5240,0.5,2.46,1.18,nan,nan,nan,0.76,1.56,3.9,2.88,0.89,1.95,2.44
design_5241,0.61,2.28,1.23,nan,nan,nan,0.73,1.5,10.95,6.08,0.88,24.17,26.05
design_5242,0.76,1.26,1.21,nan,nan,nan,0.58,1.09,13.56,7.3,0.88,15.89,13.03
design_5243,0.74,2.33,0.86,nan,nan,nan,0.71,1.46,4.22,3.02,0.88,1.88,2.03
design_5244,0.57,1.28,1.28,nan,nan,nan,0.58,1.08,11.77,6.53,0.87,23.9,24.94
design_5245,0.46,1.38,0.9,nan,nan,nan,0.55,0.97,3.35,2.61,0.89,2.3,1.91
design_5246,1.0,1.76,0.86,nan,nan,nan,0.64,1.26,3.28,2.55,0.9,2.56,1.9
design_5247,0.48,1.34,0.89,nan,nan,nan,0.54,0.95,3.6,2.74,0.89,2.07,1.46
design_5248,0.68,1.02,0.92,nan,nan,nan,0.56,0.88,11.41,6.24,0.89,4.62,5.03
design_5249,0.62,1.0,0.74,nan,nan,nan,0.5,0.79,13.39,7.11,0.9,18.25,22.5
design_5250,0.67,0.99,0.9,nan,nan,nan,0.54,0.86,10.43,5.77,0.88,2.24,2.24
design_5251,0.67,0.89,0.71,nan,nan,nan,0.5,0.75,13.87,7.32,0.9,19.84,18.96
design_5252,0.61,1.06,0.97,nan,nan,nan,0.55,0.9,8.63,5.02,0.87,3.86,2.53
design_5253,0.59,0.84,0.7,nan,nan,nan,0.49,0.71,11.93,6.46,0.88,12.81,12.03
design_5254,0.71,0.92,0.91,nan,nan,nan,0.56,0.85,4.47,3.11,0.89,2.0,1.41
design_5255,0.67,0.99,0.88,nan,nan,nan,0.53,0.85,12.53,6.74,0.89,5.39,5.97
design_5256,0.31,0.97,1.41,nan,nan,nan,0.58,1.05,13.82,7.33,0.89,2.57,1.47
design_5257,0.67,0.78,1.7,nan,nan,nan,0.65,1.22,12.63,6.76,0.89,21.84,12.31
design_5258,0.28,0.97,1.23,nan,nan,nan,0.55,0.95,11.02,6.04,0.89,3.27,3.82
design_5259,0.28,0.93,1.14,nan,nan,nan,0.53,0.89,9.84,5.51,0.88,4.29,5.55
design_5260,0.25,0.86,1.06,nan,nan,nan,0.5,0.83,9.95,5.57,0.88,2.31,1.91
design_5261,0.34,1.02,1.46,nan,nan,nan,0.6,1.09,14.18,7.51,0.89,4.78,3.32
design_5262,1.02,0.85,1.25,nan,nan,nan,0.59,1.08,12.8,6.92,0.88,4.34,3.62
design_5263,0.45,1.06,1.68,nan,nan,nan,0.64,1.24,14.35,7.62,0.89,21.03,10.79
design_5264,0.65,1.17,2.11,nan,nan,nan,0.71,1.36,11.35,6.43,0.87,23.33,24.14
design_5265,0.55,1.27,1.93,nan,nan,nan,0.66,1.3,11.36,6.42,0.87,23.2,24.63
design_5266,0.55,0.7,1.43,nan,nan,nan,0.54,0.92,10.7,6.04,0.87,23.98,25.16
design_5267,0.68,1.24,1.35,nan,nan,nan,0.62,1.09,12.71,6.87,0.89,24.92,23.08
design_5268,0.58,1.19,1.97,nan,nan,nan,0.65,1.3,10.81,6.16,0.87,23.43,25.2
design_5269,0.51,1.15,2.23,nan,nan,nan,0.72,1.39,5.0,3.55,0.87,6.3,4.35
design_5270,0.61,0.82,1.61,nan,nan,nan,0.6,1.04,3.59,2.71,0.89,6.49,4.11
design_5271,0.62,1.24,1.71,nan,nan,nan,0.64,1.21,7.37,4.57,0.87,5.59,3.93
design_5272,0.53,0.91,3.79,nan,nan,nan,1.27,2.68,14.31,7.89,0.87,19.01,18.03
design_5273,0.52,0.93,3.52,nan,nan,nan,1.2,2.5,15.2,8.17,0.88,11.48,6.7
design_5274,0.56,0.83,2.76,nan,nan,nan,0.97,1.98,14.94,8.35,0.87,18.78,16.79
design_5275,0.46,0.99,3.92,nan,nan,nan,1.31,2.77,13.92,7.64,0.87,8.08,7.2
design_5276,0.77,0.87,2.23,nan,nan,nan,0.84,1.65,13.6,7.64,0.86,14.79,15.58
design_5277,0.47,0.9,3.34,nan,nan,nan,1.14,2.37,13.72,7.65,0.87,15.3,12.29
design_5278,0.72,0.84,2.85,nan,nan,nan,1.01,2.05,11.98,6.87,0.86,21.76,22.71
design_5279,0.54,0.84,2.42,nan,nan,nan,0.89,1.75,17.47,9.36,0.87,15.68,11.7
design_5280,0.48,0.82,1.38,nan,nan,nan,0.56,0.97,13.16,6.95,0.9,18.75,12.22
design_5281,0.66,1.0,1.85,nan,nan,nan,0.68,1.28,14.72,7.75,0.9,26.03,15.98
design_5282,0.35,0.85,1.07,nan,nan,nan,0.51,0.81,12.29,6.58,0.89,2.75,3.28
design_5283,0.39,0.88,1.34,nan,nan,nan,0.58,0.96,14.16,7.48,0.89,5.44,4.0
design_5284,0.51,0.97,1.36,nan,nan,nan,0.59,1.01,13.55,7.24,0.9,4.79,5.3
design_5285,0.43,0.97,1.39,nan,nan,nan,0.58,1.01,13.76,7.31,0.9,2.79,4.06
design_5286,0.97,1.09,2.27,nan,nan,nan,0.77,1.57,14.95,7.93,0.89,10.51,10.12
design_5287,0.61,0.96,2.03,nan,nan,nan,0.7,1.36,14.0,7.42,0.89,13.08,9.65
design_5288,1.02,2.12,1.87,nan,nan,nan,0.79,1.7,5.4,3.54,0.88,24.84,24.1
design_5289,0.7,2.18,1.37,nan,nan,nan,0.72,1.52,12.79,7.06,0.88,15.09,8.21
design_5290,0.79,2.17,1.38,nan,nan,nan,0.73,1.53,5.05,3.54,0.87,1.52,1.81
design_5291,0.88,2.43,1.07,nan,nan,nan,0.78,1.61,6.49,4.23,0.86,1.53,1.61
design_5292,0.88,2.29,1.8,nan,nan,nan,0.8,1.72,14.93,8.07,0.86,13.92,13.55
design_5293,0.94,1.97,2.75,nan,nan,nan,0.87,1.93,5.72,3.88,0.87,7.52,7.82
design_5294,0.68,2.26,2.51,nan,nan,nan,0.87,1.91,4.82,3.46,0.87,4.25,3.06
design_5295,1.39,2.05,1.65,nan,nan,nan,0.78,1.71,11.05,6.15,0.87,8.06,9.72
design_5296,0.5,1.12,1.48,nan,nan,nan,0.56,1.09,13.08,7.03,0.89,10.69,8.87
design_5297,0.35,0.99,0.54,nan,nan,nan,0.47,0.67,6.41,3.92,0.88,4.04,5.32
design_5298,0.49,0.96,1.12,nan,nan,nan,0.52,0.88,6.35,3.94,0.88,4.9,6.27
design_5299,0.59,1.28,1.72,nan,nan,nan,0.65,1.26,11.71,6.61,0.87,3.84,3.99
design_5300,0.49,1.06,1.16,nan,nan,nan,0.52,0.93,13.9,7.38,0.89,11.4,8.93
design_5301,0.37,1.05,0.87,nan,nan,nan,0.48,0.8,10.5,5.82,0.89,3.19,4.01
design_5302,0.49,1.03,0.89,nan,nan,nan,0.49,0.82,7.81,4.65,0.88,3.65,4.81
design_5303,0.6,1.01,1.37,nan,nan,nan,0.54,1.02,12.94,6.89,0.89,19.85,13.55
design_5304,0.74,0.66,1.29,nan,nan,nan,0.59,0.95,5.95,3.88,0.87,17.73,16.84
design_5305,0.33,1.22,1.36,nan,nan,nan,0.6,1.06,12.43,6.79,0.89,2.25,2.87
design_5306,0.51,1.16,1.33,nan,nan,nan,0.57,1.06,14.68,7.66,0.9,24.85,20.46
design_5307,0.77,1.04,1.22,nan,nan,nan,0.59,1.03,13.68,7.31,0.89,11.74,10.01
design_5308,0.51,1.06,1.33,nan,nan,nan,0.57,1.02,13.06,6.99,0.89,16.01,9.91
design_5309,0.39,1.08,0.98,nan,nan,nan,0.52,0.86,13.88,7.35,0.89,12.35,14.3
design_5310,0.68,1.11,1.13,nan,nan,nan,0.56,0.99,10.59,5.97,0.88,3.77,5.0
design_5311,0.62,0.96,1.49,nan,nan,nan,0.62,1.09,13.11,7.06,0.89,22.09,17.42
design_5312,0.5,0.56,0.87,nan,nan,nan,0.48,0.66,5.44,3.48,0.88,21.3,13.73
design_5313,0.49,0.62,0.73,nan,nan,nan,0.46,0.62,5.75,3.62,0.88,21.22,13.84
design_5314,0.52,0.64,1.1,nan,nan,nan,0.49,0.78,12.95,7.05,0.88,2.85,2.63
design_5315,1.06,0.79,2.09,nan,nan,nan,0.72,1.41,7.44,4.56,0.87,4.71,6.34
design_5316,0.47,0.42,0.62,nan,nan,nan,0.44,0.51,6.01,3.77,0.88,21.66,13.59
design_5317,0.42,0.54,0.9,nan,nan,nan,0.45,0.64,9.97,5.61,0.88,2.12,2.56
design_5318,0.52,0.53,0.83,nan,nan,nan,0.49,0.64,5.8,3.73,0.88,21.19,13.48
design_5319,0.37,0.72,1.07,nan,nan,nan,0.49,0.76,7.34,4.44,0.88,1.08,0.96
design_5320,0.62,0.69,0.58,nan,nan,nan,0.46,0.62,16.7,8.55,0.9,13.0,13.89
design_5321,0.52,0.65,0.55,nan,nan,nan,0.45,0.57,15.24,7.91,0.9,16.16,15.26
design_5322,0.73,0.78,0.65,nan,nan,nan,0.49,0.7,14.09,7.4,0.9,17.02,14.36
design_5323,0.65,0.73,0.58,nan,nan,nan,0.47,0.64,17.07,8.74,0.9,20.86,12.16
design_5324,0.75,0.81,0.63,nan,nan,nan,0.48,0.71,18.45,9.34,0.9,34.4,19.14
design_5325,0.76,0.62,0.64,nan,nan,nan,0.49,0.67,15.87,8.23,0.9,15.22,15.59
design_5326,0.53,0.59,0.58,nan,nan,nan,0.44,0.57,16.48,8.51,0.9,13.44,12.85
design_5327,0.43,0.69,0.51,nan,nan,nan,0.43,0.54,15.87,8.14,0.9,18.67,18.25
design_5328,0.96,0.6,1.73,nan,nan,nan,0.73,1.32,13.66,7.51,0.87,14.27,10.4
design_5329,0.76,0.74,1.78,nan,nan,nan,0.72,1.33,13.04,7.11,0.88,15.87,14.39
design_5330,0.99,0.7,2.0,nan,nan,nan,0.79,1.5,13.12,7.26,0.87,15.34,10.73
design_5331,0.69,0.72,1.39,nan,nan,nan,0.63,1.07,13.92,7.48,0.88,14.44,10.91
design_5332,0.84,0.81,2.09,nan,nan,nan,0.81,1.54,12.51,6.9,0.88,14.25,11.46
design_5333,0.96,0.68,1.57,nan,nan,nan,0.69,1.23,14.89,8.0,0.88,14.47,10.28
design_5334,0.71,0.72,1.34,nan,nan,nan,0.62,1.05,13.49,7.23,0.89,13.81,10.09
design_5335,0.96,0.68,1.96,nan,nan,nan,0.78,1.46,14.56,7.97,0.87,14.28,13.88
design_5336,0.5,0.69,4.18,nan,nan,nan,1.29,2.79,17.18,9.25,0.87,14.96,11.02
design_5337,0.5,0.68,0.73,nan,nan,nan,0.49,0.65,13.98,7.61,0.87,12.15,8.55
design_5338,0.75,0.84,0.86,nan,nan,nan,0.54,0.82,13.01,7.24,0.87,22.62,24.46
design_5339,0.57,0.71,0.74,nan,nan,nan,0.49,0.68,15.82,8.46,0.88,29.33,10.98
design_5340,0.78,0.78,0.94,nan,nan,nan,0.55,0.85,13.0,7.3,0.87,22.61,25.01
design_5341,0.49,0.91,1.09,nan,nan,nan,0.55,0.9,13.54,7.44,0.87,10.56,10.63
design_5342,0.63,0.91,1.42,nan,nan,nan,0.63,1.1,7.79,4.79,0.86,3.82,3.69
design_5343,0.57,0.76,1.4,nan,nan,nan,0.6,1.05,12.76,7.14,0.87,22.36,23.94
design_5344,0.38,1.0,1.92,nan,nan,nan,0.71,1.38,15.0,8.09,0.89,12.78,15.44
design_5345,0.64,1.02,2.31,nan,nan,nan,0.81,1.65,13.68,7.53,0.88,12.75,8.84
design_5346,0.49,0.93,2.96,nan,nan,nan,0.97,2.03,12.41,6.89,0.88,12.96,9.96
design_5347,0.53,0.95,2.09,nan,nan,nan,0.75,1.49,13.71,7.5,0.88,13.56,9.12
design_5348,0.44,0.98,1.95,nan,nan,nan,0.72,1.4,12.64,7.04,0.87,12.59,9.29
design_5349,0.47,1.11,1.6,nan,nan,nan,0.66,1.23,12.22,6.79,0.88,11.65,7.04
design_5350,0.47,0.97,1.55,nan,nan,nan,0.63,1.16,13.85,7.64,0.87,12.13,8.35
design_5351,0.6,1.13,1.74,nan,nan,nan,0.69,1.33,11.25,6.37,0.87,12.51,7.78
design_5352,0.84,1.23,0.9,nan,nan,nan,0.54,1.0,11.3,6.19,0.89,20.62,19.49
design_5353,0.83,1.2,0.97,nan,nan,nan,0.54,1.0,12.55,6.73,0.89,23.09,19.11
design_5354,0.87,1.18,0.91,nan,nan,nan,0.55,0.99,11.64,6.33,0.89,21.7,18.94
design_5355,1.06,1.08,1.56,nan,nan,nan,0.64,1.24,13.13,7.01,0.89,21.65,17.94
design_5356,0.74,1.44,0.77,nan,nan,nan,0.56,1.02,13.41,7.16,0.89,30.89,17.8
design_5357,0.78,1.23,0.95,nan,nan,nan,0.54,0.99,13.23,7.08,0.88,28.65,19.43
design_5358,0.55,1.1,0.46,nan,nan,nan,0.49,0.75,8.51,4.99,0.87,34.03,16.65
design_5359,0.62,1.01,0.91,nan,nan,nan,0.5,0.85,13.86,7.37,0.89,28.16,18.15
design_5360,0.55,1.12,1.2,nan,nan,nan,0.58,1.02,8.48,4.93,0.88,2.3,2.6
design_5361,0.52,1.35,1.49,nan,nan,nan,0.64,1.22,13.32,7.12,0.89,3.75,2.22
design_5362,0.49,1.25,1.07,nan,nan,nan,0.56,0.99,11.71,6.35,0.89,2.33,2.01
design_5363,0.68,1.14,1.86,nan,nan,nan,0.71,1.38,12.26,6.61,0.88,11.68,7.17
design_5364,0.53,1.14,1.38,nan,nan,nan,0.62,1.11,10.94,6.08,0.88,2.64,2.12
design_5365,0.58,1.27,1.56,nan,nan,nan,0.65,1.24,13.08,7.04,0.88,3.51,2.91
design_5366,0.53,1.25,2.07,nan,nan,nan,0.76,1.5,13.4,7.11,0.89,22.83,17.89
design_5367,0.51,1.24,1.14,nan,nan,nan,0.59,1.02,10.67,5.93,0.88,2.69,3.25
design_5368,0.53,2.13,1.16,nan,nan,nan,0.68,1.38,3.09,2.44,0.9,1.63,1.26
design_5369,0.6,2.04,1.69,nan,nan,nan,0.74,1.55,8.79,5.02,0.88,24.95,25.54
design_5370,0.49,2.2,1.08,nan,nan,nan,0.69,1.38,3.6,2.68,0.89,2.0,1.33
design_5371,0.57,1.91,1.88,nan,nan,nan,0.78,1.58,7.16,4.3,0.88,24.69,25.85
design_5372,0.55,1.96,1.79,nan,nan,nan,0.75,1.55,9.38,5.31,0.88,24.5,25.42
design_5373,0.55,2.39,0.94,nan,nan,nan,0.73,1.44,4.58,3.2,0.89,3.61,2.03
design_5374,0.56,1.72,1.46,nan,nan,nan,0.66,1.32,14.45,7.64,0.89,14.5,14.02
design_5375,0.48,1.9,0.83,nan,nan,nan,0.64,1.17,6.4,4.01,0.88,2.45,2.11
design_5376,0.84,0.81,0.99,nan,nan,nan,0.57,0.91,13.84,7.21,0.9,19.72,15.08
design_5377,0.69,0.66,0.92,nan,nan,nan,0.53,0.8,15.24,7.91,0.9,17.79,12.21
design_5378,0.71,0.67,0.96,nan,nan,nan,0.55,0.82,15.14,7.86,0.9,16.15,13.4
design_5379,0.8,0.74,0.91,nan,nan,nan,0.55,0.84,13.33,7.07,0.9,16.82,14.22
design_5380,0.95,0.82,0.89,nan,nan,nan,0.56,0.89,15.41,8.14,0.89,19.81,20.92
design_5381,0.78,0.75,0.93,nan,nan,nan,0.54,0.84,13.17,6.99,0.9,18.95,16.98
design_5382,0.63,0.7,1.02,nan,nan,nan,0.54,0.85,13.23,7.03,0.89,18.26,16.19
design_5383,0.65,0.66,1.02,nan,nan,nan,0.54,0.84,12.19,6.61,0.89,17.78,15.03
design_5384,0.5,0.61,0.61,nan,nan,nan,0.45,0.58,16.6,8.48,0.9,20.59,22.24
design_5385,0.52,0.71,0.61,nan,nan,nan,0.45,0.61,15.99,8.22,0.9,21.42,22.1
design_5386,0.47,0.64,0.66,nan,nan,nan,0.45,0.61,16.04,8.23,0.9,20.26,22.67
design_5387,0.66,0.58,0.68,nan,nan,nan,0.47,0.65,16.11,8.26,0.9,23.02,25.51
design_5388,0.59,0.68,0.66,nan,nan,nan,0.47,0.65,15.86,8.22,0.89,18.3,11.07
design_5389,0.65,0.63,0.67,nan,nan,nan,0.47,0.66,15.82,8.11,0.91,21.24,23.59
design_5390,0.72,0.56,0.68,nan,nan,nan,0.47,0.66,14.78,7.73,0.89,16.49,14.6
design_5391,0.5,0.65,0.63,nan,nan,nan,0.47,0.6,16.71,8.49,0.91,20.91,11.75
design_5392,0.65,0.57,3.67,nan,nan,nan,1.24,2.58,12.71,6.96,0.88,21.94,19.85
design_5393,0.68,0.6,3.61,nan,nan,nan,1.22,2.54,12.17,6.68,0.88,22.06,19.72
design_5394,0.66,0.57,3.69,nan,nan,nan,1.25,2.6,12.8,7.03,0.88,21.82,20.02
design_5395,1.02,0.58,3.41,nan,nan,nan,1.17,2.44,11.84,6.56,0.88,22.34,20.81
design_5396,0.96,0.67,1.1,nan,nan,nan,0.6,0.97,15.88,8.4,0.89,22.53,21.02
design_5397,0.77,0.59,3.52,nan,nan,nan,1.2,2.49,13.01,7.17,0.88,21.52,20.78
design_5398,0.46,0.46,3.73,nan,nan,nan,1.25,2.61,11.67,6.57,0.88,21.83,19.52
design_5399,0.64,0.57,3.49,nan,nan,nan,1.19,2.46,12.95,7.07,0.88,22.12,19.52
design_5400,0.66,0.91,2.61,nan,nan,nan,0.89,1.82,17.28,9.24,0.87,27.28,13.19
design_5401,0.6,0.9,2.31,nan,nan,nan,0.81,1.63,15.62,8.5,0.87,17.85,17.15
design_5402,0.52,0.91,2.85,nan,nan,nan,0.94,1.95,17.14,9.08,0.88,33.99,13.71
design_5403,0.62,0.97,3.11,nan,nan,nan,1.02,2.14,17.88,9.63,0.87,19.34,12.52
design_5404,0.54,0.71,1.03,nan,nan,nan,0.51,0.83,17.42,9.18,0.88,27.02,14.82
design_5405,0.54,0.85,3.63,nan,nan,nan,1.14,2.45,17.36,9.34,0.87,19.0,21.17
design_5406,0.5,0.93,1.43,nan,nan,nan,0.61,1.09,12.36,6.98,0.87,18.54,18.8
design_5407,0.66,0.88,2.08,nan,nan,nan,0.76,1.49,12.33,6.97,0.87,18.25,17.39
design_5408,0.63,0.78,1.61,nan,nan,nan,0.6,1.16,14.77,7.79,0.89,17.9,14.89
design_5409,0.53,0.63,1.78,nan,nan,nan,0.63,1.22,14.04,7.45,0.88,6.05,7.11
design_5410,0.5,0.47,1.76,nan,nan,nan,0.62,1.18,11.17,6.15,0.88,2.65,1.78
design_5411,0.72,0.66,1.56,nan,nan,nan,0.59,1.13,13.8,7.33,0.89,21.87,20.03
design_5412,0.58,0.55,1.42,nan,nan,nan,0.56,1.01,12.46,6.77,0.88,2.34,2.07
design_5413,0.58,0.46,1.57,nan,nan,nan,0.58,1.08,12.05,6.55,0.88,3.96,2.33
design_5414,0.65,0.68,1.7,nan,nan,nan,0.63,1.2,16.13,8.38,0.89,16.7,11.43
design_5415,0.49,0.45,1.32,nan,nan,nan,0.52,0.92,9.11,5.27,0.87,3.76,2.43
design_5416,0.45,1.53,0.73,nan,nan,nan,0.55,0.98,4.03,2.91,0.89,3.04,1.58
design_5417,0.58,1.91,1.03,nan,nan,nan,0.64,1.26,12.22,6.69,0.88,6.9,5.26
design_5418,0.62,2.24,1.48,nan,nan,nan,0.75,1.55,12.61,6.8,0.89,23.46,21.68
design_5419,0.57,0.99,1.0,nan,nan,nan,0.53,0.87,11.21,6.23,0.88,24.48,24.33
design_5420,0.44,1.76,0.78,nan,nan,nan,0.59,1.1,3.52,2.67,0.89,3.17,1.62
design_5421,0.62,1.98,1.0,nan,nan,nan,0.66,1.29,12.21,6.65,0.88,8.7,8.17
design_5422,0.42,1.55,0.78,nan,nan,nan,0.56,1.0,6.55,4.07,0.88,4.01,2.0
design_5423,0.51,2.03,0.85,nan,nan,nan,0.64,1.26,13.13,7.0,0.89,5.67,2.69
design_5424,0.67,0.42,1.04,nan,nan,nan,0.53,0.83,14.57,7.84,0.87,16.43,17.06
design_5425,0.64,0.53,0.75,nan,nan,nan,0.47,0.67,14.65,7.57,0.9,16.65,16.57
design_5426,0.66,0.58,0.51,nan,nan,nan,0.44,0.57,15.98,8.3,0.89,18.69,19.22
design_5427,0.68,0.49,0.89,nan,nan,nan,0.5,0.76,16.93,8.92,0.88,27.27,15.78
design_5428,0.56,0.42,3.14,nan,nan,nan,1.07,2.2,14.17,7.77,0.87,20.18,19.93
design_5429,0.63,0.56,0.88,nan,nan,nan,0.5,0.75,15.07,7.78,0.9,22.05,21.25
design_5430,0.59,0.56,0.53,nan,nan,nan,0.45,0.56,15.54,8.0,0.9,22.49,22.37
design_5431,0.4,0.63,0.85,nan,nan,nan,0.47,0.7,15.14,7.84,0.9,21.64,22.41
design_5432,0.31,1.3,0.65,nan,nan,nan,0.53,0.82,3.77,2.83,0.89,0.99,0.91
design_5433,0.43,1.11,1.35,nan,nan,nan,0.6,1.05,10.53,5.79,0.89,24.52,24.83
design_5434,0.5,1.1,1.41,nan,nan,nan,0.61,1.09,10.09,5.65,0.88,24.51,24.96
design_5435,0.45,0.96,0.68,nan,nan,nan,0.47,0.71,3.81,2.88,0.89,1.66,0.8
design_5436,0.58,0.69,1.41,nan,nan,nan,0.55,1.0,15.48,8.19,0.89,31.83,12.79
design_5437,0.82,1.04,1.48,nan,nan,nan,0.63,1.17,14.19,7.53,0.89,19.04,17.24
design_5438,0.48,0.78,1.23,nan,nan,nan,0.56,0.91,11.45,6.28,0.88,21.83,22.56
design_5439,0.65,0.58,1.23,nan,nan,nan,0.53,0.9,11.92,6.55,0.88,18.34,17.7
design_5440,0.55,0.7,1.14,nan,nan,nan,0.55,0.88,15.35,8.15,0.89,24.74,20.75
design_5441,0.64,0.67,2.83,nan,nan,nan,0.94,1.93,14.7,7.98,0.88,3.36,2.87
design_5442,0.58,0.68,2.48,nan,nan,nan,0.85,1.7,14.76,7.94,0.88,6.27,5.29
design_5443,0.56,0.69,1.88,nan,nan,nan,0.71,1.32,14.43,7.79,0.88,4.65,3.67
design_5444,0.6,0.65,0.92,nan,nan,nan,0.52,0.77,12.33,6.79,0.88,2.76,2.22
design_5445,0.51,0.8,0.73,nan,nan,nan,0.49,0.69,12.62,6.88,0.88,3.78,2.73
design_5446,0.56,0.62,1.13,nan,nan,nan,0.55,0.87,13.95,7.6,0.88,5.42,5.16
design_5447,0.53,0.67,2.3,nan,nan,nan,0.8,1.58,14.4,7.77,0.88,6.75,5.07
design_5448,0.88,0.59,0.77,nan,nan,nan,0.48,0.77,8.63,5.04,0.87,4.64,6.31
design_5449,0.39,0.58,0.73,nan,nan,nan,0.4,0.57,6.93,4.21,0.88,2.5,2.69
design_5450,0.49,0.68,0.98,nan,nan,nan,0.44,0.74,11.43,6.21,0.88,23.07,23.08
design_5451,0.39,0.35,0.55,nan,nan,nan,0.38,0.43,5.17,3.36,0.88,4.0,5.0
design_5452,0.44,0.42,0.52,nan,nan,nan,0.41,0.46,5.84,3.67,0.88,4.67,6.0
design_5453,0.52,0.5,0.88,nan,nan,nan,0.42,0.65,12.07,6.54,0.89,23.59,21.66
design_5454,0.4,0.57,1.08,nan,nan,nan,0.45,0.73,5.77,3.68,0.88,2.13,1.35
design_5455,0.58,0.95,1.15,nan,nan,nan,0.5,0.91,12.76,6.81,0.89,16.07,11.04
design_5456,0.6,0.47,0.97,nan,nan,nan,0.46,0.71,7.31,4.38,0.88,1.95,1.54
design_5457,0.69,0.54,0.93,nan,nan,nan,0.44,0.74,11.78,6.39,0.89,23.88,23.44
design_5458,0.58,0.58,0.84,nan,nan,nan,0.43,0.67,6.49,3.95,0.88,24.83,25.44
design_5459,0.6,0.4,0.77,nan,nan,nan,0.41,0.61,11.64,6.33,0.88,22.73,23.23
design_5460,0.55,0.58,0.84,nan,nan,nan,0.43,0.66,11.61,6.34,0.88,2.6,2.06
design_5461,0.62,0.51,0.94,nan,nan,nan,0.48,0.71,14.9,7.9,0.89,32.72,12.78
design_5462,0.57,0.39,0.79,nan,nan,nan,0.41,0.6,13.44,7.15,0.89,24.75,24.08
design_5463,0.58,0.47,0.83,nan,nan,nan,0.42,0.64,10.84,5.98,0.88,24.16,23.98
design_5464,0.56,0.56,1.03,nan,nan,nan,0.46,0.74,11.99,6.52,0.89,5.05,2.62
design_5465,0.39,0.39,0.97,nan,nan,nan,0.42,0.63,5.47,3.51,0.88,2.04,1.66
design_5466,0.42,0.37,0.59,nan,nan,nan,0.39,0.47,4.7,3.18,0.88,3.64,4.35
design_5467,0.33,0.78,1.01,nan,nan,nan,0.47,0.75,13.46,7.23,0.89,21.3,14.44
design_5468,0.22,0.5,1.07,nan,nan,nan,0.43,0.68,7.33,4.36,0.88,1.23,0.8
design_5469,0.4,0.4,0.61,nan,nan,nan,0.39,0.47,5.33,3.5,0.88,4.88,6.46
design_5470,0.43,0.55,1.22,nan,nan,nan,0.46,0.8,9.92,5.59,0.87,1.03,1.05
design_5471,0.21,0.78,0.98,nan,nan,nan,0.45,0.72,9.67,5.47,0.88,4.21,2.7
design_5472,0.84,0.9,1.53,nan,nan,nan,0.67,1.22,14.3,7.64,0.89,22.3,25.08
design_5473,0.54,0.73,2.04,nan,nan,nan,0.76,1.46,12.76,6.99,0.88,9.84,9.41
design_5474,0.71,0.83,2.06,nan,nan,nan,0.77,1.5,14.93,7.87,0.89,20.95,22.05
design_5475,0.74,0.76,1.84,nan,nan,nan,0.72,1.36,14.72,7.78,0.89,22.58,25.21
design_5476,0.73,0.87,1.99,nan,nan,nan,0.76,1.47,13.4,7.36,0.88,22.86,25.12
design_5477,0.77,0.8,1.48,nan,nan,nan,0.65,1.16,14.38,7.7,0.89,22.73,26.36
design_5478,0.64,0.73,1.21,nan,nan,nan,0.58,0.96,15.35,8.25,0.88,12.97,13.94
design_5479,0.81,0.84,1.58,nan,nan,nan,0.68,1.23,13.17,7.1,0.89,22.88,25.34
design_5480,0.53,1.06,0.63,nan,nan,nan,0.5,0.75,12.52,6.59,0.9,5.32,5.45
design_5481,0.55,1.15,1.6,nan,nan,nan,0.64,1.21,14.49,7.52,0.91,10.46,9.93
design_5482,0.83,1.2,0.65,nan,nan,nan,0.54,0.9,13.0,6.83,0.91,1.7,2.29
design_5483,0.57,1.32,0.62,nan,nan,nan,0.53,0.87,12.93,6.77,0.91,2.79,3.5
design_5484,0.52,1.17,0.63,nan,nan,nan,0.51,0.79,12.49,6.54,0.91,1.6,2.15
design_5485,0.64,1.11,1.21,nan,nan,nan,0.58,1.02,15.21,8.0,0.89,24.81,21.66
design_5486,0.6,1.27,1.59,nan,nan,nan,0.65,1.24,13.76,7.24,0.9,4.25,4.67
design_5487,0.52,1.13,0.62,nan,nan,nan,0.5,0.78,12.17,6.39,0.91,2.34,2.86
design_5488,0.49,0.74,1.15,nan,nan,nan,0.51,0.84,14.84,7.75,0.9,26.3,19.52
design_5489,0.57,0.69,1.07,nan,nan,nan,0.53,0.81,13.76,7.31,0.89,10.15,11.78
design_5490,0.53,0.78,1.19,nan,nan,nan,0.54,0.88,8.67,5.0,0.88,3.41,2.29
design_5491,0.55,0.59,1.46,nan,nan,nan,0.56,0.98,6.03,3.78,0.88,4.97,2.5
design_5492,0.47,0.65,1.0,nan,nan,nan,0.51,0.75,12.14,6.54,0.89,23.59,22.62
design_5493,0.47,0.69,1.17,nan,nan,nan,0.54,0.83,14.22,7.46,0.9,10.24,9.86
design_5494,0.62,0.72,1.35,nan,nan,nan,0.54,0.96,12.16,6.52,0.89,23.81,23.44
design_5495,0.48,0.72,1.03,nan,nan,nan,0.51,0.78,14.88,7.76,0.9,28.39,20.14
design_5496,0.64,0.55,1.76,nan,nan,nan,0.6,1.18,14.26,7.51,0.89,4.0,4.18
design_5497,0.71,0.52,1.8,nan,nan,nan,0.62,1.22,15.08,7.93,0.9,24.24,16.05
design_5498,0.68,0.48,2.01,nan,nan,nan,0.66,1.33,15.93,8.26,0.9,35.33,22.32
design_5499,0.53,0.56,1.01,nan,nan,nan,0.49,0.76,6.2,3.91,0.88,1.13,1.06
design_5500,0.62,0.66,1.54,nan,nan,nan,0.59,1.08,8.83,5.02,0.88,19.02,11.25
design_5501,0.5,0.76,1.04,nan,nan,nan,0.5,0.81,5.87,3.72,0.88,3.47,2.15
design_5502,0.57,0.59,1.68,nan,nan,nan,0.58,1.13,14.19,7.45,0.9,3.71,3.87
design_5503,0.79,0.57,1.87,nan,nan,nan,0.64,1.28,14.81,7.77,0.9,30.41,11.09
design_5504,6.59,16.54,5.63,nan,nan,nan,8.99,10.6,11.89,7.06,0.85,21.31,17.86
design_5505,6.16,16.8,5.66,nan,nan,nan,8.99,10.64,11.85,7.05,0.85,13.17,12.55
design_5506,6.76,16.7,5.74,nan,nan,nan,9.02,10.74,12.81,7.63,0.84,15.8,17.93
design_5507,6.58,16.87,5.56,nan,nan,nan,9.02,10.75,11.6,6.91,0.86,13.08,12.32
design_5508,6.3,17.41,4.2,nan,nan,nan,8.99,10.77,8.87,5.97,0.83,12.44,11.9
design_5509,6.48,16.66,4.92,nan,nan,nan,8.97,10.52,9.98,6.33,0.84,12.0,11.96
design_5510,6.89,16.75,4.42,nan,nan,nan,8.96,10.59,12.13,7.06,0.86,15.18,16.9
design_5511,6.37,16.6,5.08,nan,nan,nan,8.96,10.49,10.11,6.3,0.84,12.11,11.5
design_5512,0.33,0.45,0.48,nan,nan,nan,0.4,0.42,13.02,6.94,0.89,32.83,14.91
design_5513,0.41,0.68,1.07,nan,nan,nan,0.48,0.76,11.5,6.24,0.89,21.09,15.16
design_5514,0.4,0.63,0.59,nan,nan,nan,0.42,0.54,11.7,6.33,0.89,18.16,13.92
design_5515,0.45,0.6,0.65,nan,nan,nan,0.42,0.57,10.12,5.59,0.89,17.58,15.99
design_5516,0.41,0.51,0.61,nan,nan,nan,0.42,0.51,12.49,6.69,0.89,18.41,14.25
design_5517,0.46,0.62,0.67,nan,nan,nan,0.42,0.58,9.95,5.52,0.88,18.29,16.61
design_5518,0.67,0.49,0.66,nan,nan,nan,0.45,0.62,12.31,6.71,0.88,25.14,14.57
design_5519,0.4,0.54,0.62,nan,nan,nan,0.42,0.52,11.54,6.25,0.89,16.88,14.7
design_5520,1.05,0.54,1.59,nan,nan,nan,0.6,1.19,13.47,7.18,0.89,24.43,23.25
design_5521,0.83,0.49,1.85,nan,nan,nan,0.63,1.27,12.6,6.74,0.89,24.02,23.08
design_5522,0.92,0.98,1.82,nan,nan,nan,0.67,1.35,13.72,7.31,0.88,11.58,6.13
design_5523,0.73,0.78,1.66,nan,nan,nan,0.6,1.18,13.97,7.42,0.9,21.56,20.38
design_5524,0.65,0.58,1.3,nan,nan,nan,0.53,0.94,9.99,5.63,0.88,4.17,4.35
design_5525,0.91,0.69,1.73,nan,nan,nan,0.63,1.24,14.97,7.87,0.9,16.88,15.45
design_5526,1.08,0.61,1.9,nan,nan,nan,0.66,1.37,13.22,7.12,0.88,11.25,8.96
design_5527,1.17,0.6,1.55,nan,nan,nan,0.62,1.21,9.42,5.41,0.87,2.54,1.49
design_5528,0.49,0.74,0.61,nan,nan,nan,0.45,0.61,16.02,8.18,0.91,14.39,16.25
design_5529,0.64,0.85,0.69,nan,nan,nan,0.49,0.72,15.18,7.82,0.91,21.05,20.76
design_5530,0.61,0.84,0.64,nan,nan,nan,0.5,0.69,15.98,8.23,0.9,16.68,14.11
design_5531,0.62,0.92,0.67,nan,nan,nan,0.49,0.73,15.3,7.89,0.9,22.16,25.67
design_5532,0.61,0.88,0.69,nan,nan,nan,0.49,0.72,14.62,7.6,0.9,18.44,19.1
design_5533,0.51,0.81,0.67,nan,nan,nan,0.47,0.67,16.3,8.29,0.91,19.44,16.79
design_5534,0.48,0.79,0.6,nan,nan,nan,0.44,0.62,17.05,8.65,0.91,17.29,18.55
design_5535,0.49,0.86,0.7,nan,nan,nan,0.48,0.69,15.21,7.82,0.9,21.39,22.35
design_5536,0.86,0.63,1.05,nan,nan,nan,0.52,0.87,5.94,4.02,0.86,1.59,1.18
design_5537,0.98,2.15,1.29,nan,nan,nan,0.74,1.52,12.08,6.72,0.86,7.67,6.94
design_5538,0.66,2.03,0.95,nan,nan,nan,0.64,1.3,12.99,7.0,0.89,8.11,9.05
design_5539,0.98,2.31,1.46,nan,nan,nan,0.75,1.64,15.6,8.25,0.88,36.44,14.99
design_5540,0.44,1.99,0.94,nan,nan,nan,0.65,1.25,9.63,5.5,0.88,2.3,2.04
design_5541,1.17,0.59,1.47,nan,nan,nan,0.62,1.16,5.58,3.88,0.86,1.98,2.35
design_5542,1.4,0.69,1.56,nan,nan,nan,0.66,1.3,4.83,3.51,0.87,2.36,2.35
design_5543,0.5,0.79,1.07,nan,nan,nan,0.51,0.82,7.82,4.65,0.88,1.51,2.05
design_5544,0.72,0.84,1.45,nan,nan,nan,0.57,1.08,15.77,8.25,0.89,19.68,9.24
design_5545,0.49,0.67,0.68,nan,nan,nan,0.45,0.62,4.95,3.31,0.89,2.62,1.2
design_5546,0.68,0.45,1.36,nan,nan,nan,0.53,0.96,14.22,7.45,0.9,13.8,8.88
design_5547,0.47,0.55,1.31,nan,nan,nan,0.51,0.9,15.37,8.05,0.9,29.65,16.82
design_5548,0.57,0.75,1.02,nan,nan,nan,0.49,0.82,15.36,8.07,0.9,22.55,21.9
design_5549,0.58,0.7,1.07,nan,nan,nan,0.5,0.83,10.85,6.01,0.88,4.64,5.32
design_5550,0.38,0.28,0.76,nan,nan,nan,0.44,0.54,6.98,4.22,0.88,2.97,2.55
design_5551,0.5,0.64,0.81,nan,nan,nan,0.46,0.67,9.75,5.55,0.88,5.18,6.72
design_5552,0.54,1.12,1.42,nan,nan,nan,0.59,1.12,15.52,8.09,0.89,41.26,15.99
design_5553,0.41,0.71,0.92,nan,nan,nan,0.45,0.73,6.54,4.04,0.87,2.68,2.94
design_5554,0.49,0.5,1.08,nan,nan,nan,0.48,0.79,9.15,5.21,0.88,3.79,4.46
design_5555,0.45,0.89,1.13,nan,nan,nan,0.51,0.9,10.74,5.94,0.88,1.97,1.07
design_5556,0.41,0.79,0.87,nan,nan,nan,0.45,0.73,5.64,3.68,0.87,1.04,0.99
design_5557,0.51,0.55,1.29,nan,nan,nan,0.54,0.92,6.14,3.84,0.88,21.53,12.88
design_5558,0.41,0.86,0.91,nan,nan,nan,0.48,0.77,8.0,4.76,0.87,3.13,3.13
design_5559,0.45,0.49,0.96,nan,nan,nan,0.46,0.71,4.72,3.3,0.88,4.0,5.12
design_5560,0.96,0.87,1.5,nan,nan,nan,0.62,1.17,13.39,7.17,0.89,13.69,11.29
design_5561,0.99,0.9,1.62,nan,nan,nan,0.64,1.25,13.58,7.25,0.89,22.45,17.3
design_5562,0.82,0.97,1.46,nan,nan,nan,0.61,1.14,14.25,7.59,0.89,22.02,19.91
design_5563,1.23,0.93,1.55,nan,nan,nan,0.64,1.29,17.0,8.88,0.88,37.75,21.13
design_5564,1.01,0.85,1.71,nan,nan,nan,0.66,1.29,13.88,7.36,0.89,23.99,21.35
design_5565,0.99,0.84,1.69,nan,nan,nan,0.65,1.27,14.12,7.49,0.89,18.31,9.44
design_5566,1.17,0.32,0.85,nan,nan,nan,0.53,0.87,10.28,5.74,0.88,4.87,5.81
design_5567,0.87,0.88,1.51,nan,nan,nan,0.61,1.16,14.18,7.5,0.89,22.51,19.64
design_5568,1.13,0.49,0.83,nan,nan,nan,0.52,0.87,6.17,4.08,0.86,3.27,4.15
design_5569,1.16,1.32,1.37,nan,nan,nan,0.67,1.29,8.74,5.16,0.87,3.1,2.08
design_5570,0.55,0.4,0.98,nan,nan,nan,0.51,0.73,6.6,4.1,0.87,3.75,4.5
design_5571,1.05,0.48,1.01,nan,nan,nan,0.53,0.91,9.63,5.57,0.86,2.94,3.06
design_5572,1.04,0.36,0.9,nan,nan,nan,0.52,0.84,6.29,4.12,0.86,4.68,6.45
design_5573,1.2,0.78,2.05,nan,nan,nan,0.73,1.53,14.82,7.92,0.87,14.95,9.14
design_5574,1.08,0.91,0.77,nan,nan,nan,0.54,0.92,5.58,3.71,0.87,3.58,4.14
design_5575,1.22,1.11,1.37,nan,nan,nan,0.66,1.25,5.08,3.53,0.87,6.59,8.51
design_5576,0.63,0.79,4.85,nan,nan,nan,1.49,3.24,14.75,8.28,0.86,10.81,6.29
design_5577,0.61,0.77,1.62,nan,nan,nan,0.66,1.19,11.05,6.17,0.88,6.07,6.17
design_5578,0.5,0.75,1.87,nan,nan,nan,0.71,1.32,14.11,7.42,0.9,16.23,10.26
design_5579,0.54,0.69,1.93,nan,nan,nan,0.72,1.35,14.47,7.61,0.89,14.71,12.56
design_5580,0.53,0.65,2.69,nan,nan,nan,0.91,1.83,13.92,7.56,0.89,21.8,14.77
design_5581,0.3,0.67,3.1,nan,nan,nan,1.0,2.08,15.83,8.47,0.88,40.87,21.35
design_5582,0.59,0.7,2.48,nan,nan,nan,0.86,1.7,14.64,8.08,0.87,23.31,23.46
design_5583,0.61,0.7,2.68,nan,nan,nan,0.91,1.83,13.58,7.29,0.89,14.19,8.94
design_5584,0.85,0.66,0.62,nan,nan,nan,0.49,0.7,15.36,7.94,0.9,23.11,22.11
design_5585,0.71,0.64,0.58,nan,nan,nan,0.46,0.63,15.32,7.99,0.89,16.11,17.06
design_5586,1.51,0.97,0.67,nan,nan,nan,0.6,1.03,15.96,8.18,0.9,17.46,12.67
design_5587,0.55,0.66,0.59,nan,nan,nan,0.43,0.6,15.92,8.16,0.9,17.04,14.49
design_5588,0.87,0.67,0.57,nan,nan,nan,0.48,0.68,16.35,8.39,0.9,25.79,18.52
design_5589,0.63,0.51,0.54,nan,nan,nan,0.42,0.56,17.84,9.14,0.9,31.54,14.92
design_5590,0.67,0.64,0.62,nan,nan,nan,0.46,0.64,15.29,7.93,0.9,19.77,20.27
design_5591,0.51,0.66,0.62,nan,nan,nan,0.43,0.6,15.93,8.19,0.9,19.91,14.31
design_5592,0.8,0.41,0.5,nan,nan,nan,0.44,0.58,15.02,7.84,0.89,21.04,19.93
design_5593,0.53,0.3,0.62,nan,nan,nan,0.46,0.54,15.74,8.11,0.89,17.82,11.49
design_5594,0.88,0.44,0.6,nan,nan,nan,0.49,0.66,16.63,8.5,0.9,15.6,10.42
design_5595,0.45,0.48,0.44,nan,nan,nan,0.41,0.45,16.89,8.63,0.9,23.61,19.45
design_5596,0.79,0.45,0.65,nan,nan,nan,0.47,0.65,15.97,8.21,0.9,15.73,13.66
design_5597,0.43,0.55,0.6,nan,nan,nan,0.42,0.54,14.42,7.57,0.89,9.81,5.28
design_5598,0.46,0.43,0.63,nan,nan,nan,0.43,0.54,14.6,7.6,0.9,21.47,23.69
design_5599,0.38,0.44,0.47,nan,nan,nan,0.4,0.44,15.63,8.07,0.9,12.84,7.07
design_5600,0.49,0.48,1.03,nan,nan,nan,0.48,0.7,8.84,5.23,0.87,2.75,2.58
design_5601,0.5,0.48,1.13,nan,nan,nan,0.47,0.75,11.16,6.22,0.87,1.87,2.51
design_5602,0.53,0.5,0.77,nan,nan,nan,0.47,0.61,10.0,5.74,0.87,4.61,5.7
design_5603,0.44,0.57,1.14,nan,nan,nan,0.48,0.76,3.25,2.5,0.9,0.97,1.21
design_5604,0.5,0.36,0.75,nan,nan,nan,0.41,0.56,4.79,3.22,0.89,1.71,1.34
design_5605,0.37,0.49,1.08,nan,nan,nan,0.46,0.7,3.75,2.76,0.89,1.16,0.87
design_5606,0.46,0.69,1.11,nan,nan,nan,0.5,0.79,3.53,2.7,0.89,5.26,3.24
design_5607,0.5,0.52,0.97,nan,nan,nan,0.48,0.69,8.43,5.02,0.87,1.21,1.23
design_5608,0.92,0.59,0.95,nan,nan,nan,0.49,0.84,11.97,6.72,0.87,7.78,7.33
design_5609,0.76,0.6,1.09,nan,nan,nan,0.48,0.82,12.34,6.87,0.87,19.34,19.32
design_5610,0.74,0.56,1.13,nan,nan,nan,0.5,0.82,11.9,6.69,0.87,23.91,21.85
design_5611,0.64,0.46,1.18,nan,nan,nan,0.47,0.79,12.24,6.8,0.88,13.4,14.11
design_5612,0.85,0.58,1.19,nan,nan,nan,0.51,0.89,9.97,5.77,0.87,24.87,23.68
design_5613,0.93,0.52,1.17,nan,nan,nan,0.53,0.9,10.54,6.03,0.87,24.32,22.95
design_5614,0.72,0.36,1.53,nan,nan,nan,0.53,0.95,12.94,7.12,0.87,14.06,11.15
design_5615,0.71,0.38,1.12,nan,nan,nan,0.49,0.77,13.05,7.15,0.88,13.23,11.54
design_5616,0.65,0.59,1.74,nan,nan,nan,0.68,1.24,14.06,7.66,0.87,18.5,15.94
design_5617,0.81,0.76,1.58,nan,nan,nan,0.66,1.2,16.02,8.61,0.88,15.87,13.46
design_5618,0.63,0.8,2.3,nan,nan,nan,0.81,1.61,13.89,7.43,0.89,21.46,19.79
design_5619,0.67,0.62,3.31,nan,nan,nan,1.07,2.24,13.52,7.5,0.86,8.39,9.58
design_5620,0.56,0.62,3.7,nan,nan,nan,1.16,2.48,15.58,8.42,0.87,17.61,15.7
design_5621,0.53,0.56,6.0,nan,nan,nan,1.8,3.98,11.02,6.46,0.86,8.68,6.41
design_5622,0.6,0.71,1.37,nan,nan,nan,0.6,1.03,13.88,7.5,0.88,23.52,15.42
design_5623,0.64,0.67,1.66,nan,nan,nan,0.65,1.2,14.74,8.04,0.87,17.96,17.75
design_5624,0.45,1.11,1.28,nan,nan,nan,0.57,1.02,12.96,6.9,0.9,4.19,2.56
design_5625,0.71,1.05,1.58,nan,nan,nan,0.61,1.2,14.07,7.42,0.89,12.57,10.53
design_5626,0.72,0.98,1.08,nan,nan,nan,0.54,0.95,13.11,7.02,0.88,4.86,2.38
design_5627,1.0,0.88,1.67,nan,nan,nan,0.65,1.27,14.73,7.75,0.89,19.51,10.26
design_5628,0.86,0.98,1.48,nan,nan,nan,0.61,1.17,14.57,7.63,0.9,16.84,14.54
design_5629,0.73,1.01,1.31,nan,nan,nan,0.59,1.06,13.85,7.35,0.89,7.61,3.97
design_5630,0.44,1.09,1.25,nan,nan,nan,0.56,1.0,12.92,6.87,0.9,5.74,3.98
design_5631,1.02,1.05,1.83,nan,nan,nan,0.7,1.39,13.41,7.13,0.89,24.05,20.76
design_5632,0.55,0.76,1.5,nan,nan,nan,0.58,1.06,12.71,6.92,0.89,18.3,19.44
design_5633,0.71,0.55,1.38,nan,nan,nan,0.55,0.99,15.29,8.07,0.89,12.7,9.48
design_5634,0.7,0.65,0.84,nan,nan,nan,0.51,0.75,4.52,3.22,0.88,2.11,1.55
design_5635,0.69,1.08,1.39,nan,nan,nan,0.57,1.11,17.09,8.95,0.87,37.84,15.49
design_5636,0.7,0.91,0.83,nan,nan,nan,0.51,0.82,5.7,3.81,0.88,3.37,2.29
design_5637,0.57,1.48,1.19,nan,nan,nan,0.62,1.13,5.71,3.74,0.88,2.45,2.0
design_5638,0.75,1.54,1.76,nan,nan,nan,0.71,1.43,12.34,6.71,0.89,25.11,24.67
design_5639,0.9,0.94,1.6,nan,nan,nan,0.63,1.22,14.23,7.57,0.89,9.06,8.69
design_5640,0.36,0.46,1.14,nan,nan,nan,0.49,0.79,6.42,4.02,0.87,6.67,8.7
design_5641,0.33,0.47,0.84,nan,nan,nan,0.43,0.62,7.96,4.7,0.87,3.96,4.55
design_5642,0.55,0.51,1.04,nan,nan,nan,0.5,0.78,5.05,3.4,0.88,6.15,8.08
design_5643,0.35,0.5,1.03,nan,nan,nan,0.47,0.73,6.52,4.11,0.87,4.89,6.2
design_5644,0.35,0.42,0.81,nan,nan,nan,0.43,0.6,5.04,3.4,0.88,5.31,7.01
design_5645,0.51,1.05,1.43,nan,nan,nan,0.59,1.1,15.64,8.21,0.89,44.47,21.39
design_5646,0.26,0.64,0.93,nan,nan,nan,0.44,0.7,8.38,4.87,0.87,2.51,1.7
design_5647,0.33,0.72,0.97,nan,nan,nan,0.46,0.75,10.04,5.66,0.88,2.98,1.65
design_5648,0.81,0.84,1.83,nan,nan,nan,0.67,1.27,14.46,7.68,0.89,25.04,21.33
design_5649,0.58,0.76,1.5,nan,nan,nan,0.57,1.04,14.16,7.54,0.89,21.01,14.72
design_5650,1.12,1.33,2.01,nan,nan,nan,0.78,1.54,12.43,6.71,0.88,22.43,23.13
design_5651,0.52,0.85,1.4,nan,nan,nan,0.57,1.0,13.95,7.37,0.89,10.05,11.42
design_5652,0.46,0.88,1.34,nan,nan,nan,0.54,0.97,14.85,7.8,0.9,12.21,5.39
design_5653,0.52,0.99,1.16,nan,nan,nan,0.58,0.93,3.58,2.63,0.9,2.29,1.97
design_5654,0.46,0.91,1.07,nan,nan,nan,0.51,0.85,14.95,7.87,0.9,8.65,10.18
design_5655,0.38,0.76,1.46,nan,nan,nan,0.57,0.98,13.14,6.96,0.89,17.26,13.32
design_5656,0.97,0.83,1.33,nan,nan,nan,0.58,1.09,14.53,7.67,0.89,13.8,6.89
design_5657,0.75,1.1,1.64,nan,nan,nan,0.63,1.25,14.16,7.5,0.89,8.11,6.13
design_5658,0.8,0.82,0.63,nan,nan,nan,0.47,0.75,9.42,5.36,0.88,3.87,3.39
design_5659,0.66,0.93,1.47,nan,nan,nan,0.61,1.1,13.66,7.28,0.89,14.5,14.78
design_5660,0.92,0.76,1.5,nan,nan,nan,0.6,1.14,14.37,7.63,0.89,22.95,15.36
design_5661,0.83,0.94,1.36,nan,nan,nan,0.57,1.09,14.52,7.68,0.89,24.96,15.53
design_5662,0.56,2.34,1.43,nan,nan,nan,0.75,1.56,13.1,7.02,0.89,12.06,6.9
design_5663,0.63,1.19,1.22,nan,nan,nan,0.56,1.05,13.63,7.21,0.89,11.43,10.47
design_5664,0.54,0.73,1.47,nan,nan,nan,0.63,1.12,16.76,8.85,0.88,19.75,18.16
design_5665,0.81,0.73,2.06,nan,nan,nan,0.8,1.54,16.16,8.84,0.87,13.48,9.38
design_5666,0.65,0.53,2.39,nan,nan,nan,0.87,1.71,18.0,9.36,0.87,24.74,18.85
design_5667,0.52,0.62,1.6,nan,nan,nan,0.65,1.18,15.92,8.44,0.89,15.49,14.05
design_5668,0.49,0.7,0.98,nan,nan,nan,0.51,0.8,16.79,9.02,0.87,15.35,16.7
design_5669,0.45,0.73,2.37,nan,nan,nan,0.85,1.7,13.85,7.63,0.87,18.65,19.59
design_5670,0.63,0.68,2.49,nan,nan,nan,0.89,1.79,17.42,9.18,0.86,15.95,9.08
design_5671,0.73,0.77,2.3,nan,nan,nan,0.86,1.68,15.34,8.41,0.87,13.47,14.72
design_5672,0.51,0.92,1.4,nan,nan,nan,0.56,0.99,7.9,4.76,0.87,4.31,4.8
design_5673,0.74,0.85,1.2,nan,nan,nan,0.56,0.94,8.59,5.19,0.86,3.57,3.42
design_5674,0.63,0.66,1.26,nan,nan,nan,0.52,0.88,11.46,6.3,0.88,23.45,22.7
design_5675,0.69,0.76,1.39,nan,nan,nan,0.53,0.98,12.92,6.93,0.89,24.46,22.95
design_5676,0.78,0.65,1.92,nan,nan,nan,0.64,1.23,14.76,7.97,0.88,29.8,18.36
design_5677,0.77,0.64,1.84,nan,nan,nan,0.61,1.19,13.2,7.17,0.88,12.63,8.23
design_5678,0.53,0.67,1.32,nan,nan,nan,0.52,0.89,11.2,6.22,0.88,24.38,24.66
design_5679,0.73,0.67,1.23,nan,nan,nan,0.53,0.9,10.5,5.92,0.87,24.45,24.23
design_5680,0.91,1.15,1.83,nan,nan,nan,0.71,1.36,14.19,7.54,0.89,15.92,10.91
design_5681,0.74,0.93,1.68,nan,nan,nan,0.63,1.2,15.6,8.26,0.89,29.17,13.47
design_5682,0.75,1.09,1.48,nan,nan,nan,0.61,1.15,14.57,7.82,0.88,13.52,9.28
design_5683,0.65,1.03,1.56,nan,nan,nan,0.6,1.15,13.98,7.48,0.89,12.89,10.0
design_5684,0.87,1.23,1.76,nan,nan,nan,0.69,1.34,13.83,7.39,0.88,23.08,22.05
design_5685,0.52,1.0,1.63,nan,nan,nan,0.61,1.15,14.33,7.66,0.89,22.73,13.16
design_5686,0.58,0.99,1.66,nan,nan,nan,0.62,1.17,14.69,7.83,0.89,27.46,13.73
design_5687,0.71,1.16,1.75,nan,nan,nan,0.66,1.29,10.08,5.71,0.88,3.22,4.59
design_5688,0.53,0.55,0.63,nan,nan,nan,0.44,0.59,17.11,8.66,0.91,20.18,10.85
design_5689,0.65,0.48,0.64,nan,nan,nan,0.44,0.61,17.13,8.74,0.9,12.47,14.39
design_5690,0.71,0.4,0.69,nan,nan,nan,0.47,0.64,16.46,8.47,0.9,21.86,14.17
design_5691,0.71,0.52,0.82,nan,nan,nan,0.5,0.73,16.02,8.27,0.9,22.81,24.69
design_5692,0.54,0.52,0.69,nan,nan,nan,0.45,0.62,16.46,8.42,0.9,16.54,15.8
design_5693,0.6,0.49,0.66,nan,nan,nan,0.45,0.61,17.46,8.87,0.91,17.13,16.33
design_5694,0.54,0.53,0.72,nan,nan,nan,0.45,0.63,16.08,8.29,0.9,12.52,13.25
design_5695,0.69,0.45,0.66,nan,nan,nan,0.46,0.63,17.29,8.81,0.9,19.36,13.62
design_5696,0.56,0.58,3.18,nan,nan,nan,1.06,2.2,13.09,7.39,0.86,13.59,10.01
design_5697,0.61,0.62,1.14,nan,nan,nan,0.54,0.89,14.67,7.9,0.88,13.64,13.55
design_5698,0.6,0.7,1.25,nan,nan,nan,0.59,0.97,13.78,7.28,0.89,14.64,9.24
design_5699,0.67,0.63,3.18,nan,nan,nan,1.06,2.21,17.15,9.3,0.86,22.47,11.37
design_5700,0.62,0.79,1.43,nan,nan,nan,0.62,1.1,11.14,6.21,0.87,14.07,12.19
design_5701,0.79,0.72,2.35,nan,nan,nan,0.85,1.69,13.39,7.38,0.87,15.76,16.6
design_5702,0.84,0.71,1.76,nan,nan,nan,0.71,1.33,14.02,7.63,0.87,15.47,16.26
design_5703,0.28,0.72,1.98,nan,nan,nan,0.72,1.4,13.51,7.47,0.87,14.6,13.45
design_5704,0.35,0.8,1.87,nan,nan,nan,0.69,1.32,13.47,7.49,0.86,18.96,16.98
design_5705,0.47,0.99,1.61,nan,nan,nan,0.64,1.2,11.84,6.71,0.87,17.47,15.89
design_5706,0.49,0.82,1.99,nan,nan,nan,0.72,1.41,12.71,7.12,0.86,19.1,19.11
design_5707,0.5,0.82,2.06,nan,nan,nan,0.74,1.45,12.62,7.08,0.86,18.58,17.76
design_5708,0.56,0.83,1.44,nan,nan,nan,0.61,1.09,12.19,6.9,0.86,17.33,14.16
design_5709,0.53,0.77,3.31,nan,nan,nan,1.05,2.23,17.04,9.11,0.87,21.14,11.48
design_5710,0.64,0.78,2.41,nan,nan,nan,0.83,1.68,14.0,7.72,0.87,16.37,12.68
design_5711,0.48,0.77,1.91,nan,nan,nan,0.69,1.35,13.14,7.31,0.87,14.2,13.37
design_5712,0.42,1.39,1.34,nan,nan,nan,0.63,1.13,4.5,3.12,0.89,2.66,1.87
design_5713,0.46,0.6,0.89,nan,nan,nan,0.49,0.68,11.45,6.29,0.88,2.04,1.81
design_5714,0.35,0.53,1.06,nan,nan,nan,0.49,0.72,12.53,6.78,0.89,4.82,5.67
design_5715,0.42,0.9,1.1,nan,nan,nan,0.54,0.85,4.93,3.3,0.89,2.42,1.8
design_5716,0.45,0.52,1.23,nan,nan,nan,0.5,0.82,13.99,7.48,0.89,31.54,14.9
design_5717,0.47,0.94,0.95,nan,nan,nan,0.55,0.81,7.4,4.45,0.87,4.03,2.76
design_5718,0.65,0.66,1.32,nan,nan,nan,0.57,0.94,11.75,6.45,0.89,4.8,5.23
design_5719,0.36,0.63,0.72,nan,nan,nan,0.46,0.59,8.67,5.0,0.88,6.65,8.45
design_5720,0.54,0.59,0.77,nan,nan,nan,0.47,0.67,15.02,7.82,0.9,15.62,15.97
design_5721,0.63,0.56,0.76,nan,nan,nan,0.49,0.69,16.11,8.28,0.9,29.5,16.57
design_5722,0.53,0.6,0.88,nan,nan,nan,0.49,0.74,15.5,8.04,0.9,17.53,18.02
design_5723,0.78,0.48,0.75,nan,nan,nan,0.48,0.7,17.1,8.81,0.88,19.41,11.67
design_5724,0.5,0.56,1.06,nan,nan,nan,0.53,0.84,16.29,8.37,0.9,22.33,24.99
design_5725,0.73,0.72,0.87,nan,nan,nan,0.52,0.8,16.36,8.42,0.9,19.51,19.91
design_5726,0.56,0.58,0.85,nan,nan,nan,0.49,0.72,15.15,7.87,0.9,17.12,17.64
design_5727,0.73,0.59,1.14,nan,nan,nan,0.58,0.94,15.34,8.03,0.89,13.36,13.26
design_5728,0.5,0.48,1.27,nan,nan,nan,0.54,0.9,15.74,8.25,0.89,38.6,14.3
design_5729,0.47,2.97,1.33,nan,nan,nan,0.87,1.79,15.32,7.97,0.9,25.21,12.72
design_5730,0.45,0.51,0.89,nan,nan,nan,0.46,0.68,9.86,5.55,0.88,4.56,3.28
design_5731,0.43,0.41,1.1,nan,nan,nan,0.5,0.78,15.29,7.95,0.9,29.88,12.54
design_5732,0.42,0.51,1.17,nan,nan,nan,0.52,0.83,10.45,5.82,0.88,4.77,3.13
design_5733,0.53,0.65,1.42,nan,nan,nan,0.58,1.01,15.43,8.07,0.89,34.1,12.46
design_5734,0.43,0.49,1.34,nan,nan,nan,0.55,0.93,11.12,6.09,0.88,3.61,3.51
design_5735,0.41,2.92,1.48,nan,nan,nan,0.88,1.81,12.5,6.74,0.89,3.22,3.23
design_5736,0.5,1.03,1.63,nan,nan,nan,0.61,1.18,14.26,7.52,0.9,20.82,17.3
design_5737,0.72,1.04,1.99,nan,nan,nan,0.73,1.41,11.06,6.05,0.89,24.73,22.24
design_5738,0.59,1.04,1.27,nan,nan,nan,0.6,1.02,13.35,7.1,0.89,5.54,2.6
design_5739,0.75,0.81,1.75,nan,nan,nan,0.68,1.24,14.02,7.4,0.89,22.66,19.98
design_5740,0.71,0.99,1.56,nan,nan,nan,0.65,1.17,13.35,7.14,0.89,13.66,8.25
design_5741,0.61,1.1,1.54,nan,nan,nan,0.64,1.17,13.84,7.36,0.89,12.12,8.34
design_5742,0.57,0.89,1.78,nan,nan,nan,0.64,1.24,14.24,7.5,0.89,15.4,11.44
design_5743,0.42,0.89,1.27,nan,nan,nan,0.55,0.95,12.09,6.54,0.89,4.79,4.89
design_5744,0.56,0.54,0.65,nan,nan,nan,0.47,0.61,15.37,7.99,0.9,6.05,4.96
design_5745,0.7,0.5,0.67,nan,nan,nan,0.49,0.64,15.93,8.24,0.9,12.94,6.86
design_5746,0.56,0.4,0.54,nan,nan,nan,0.43,0.51,16.99,8.71,0.9,13.89,8.52
design_5747,0.56,0.46,0.72,nan,nan,nan,0.47,0.63,14.7,7.71,0.89,21.68,14.25
design_5748,0.6,0.47,0.71,nan,nan,nan,0.47,0.63,15.79,8.24,0.89,24.92,16.95
design_5749,0.87,0.54,0.72,nan,nan,nan,0.51,0.73,16.4,8.43,0.9,12.66,11.7
design_5750,0.69,0.51,0.75,nan,nan,nan,0.49,0.69,15.01,7.88,0.89,20.92,16.07
design_5751,0.61,0.51,0.6,nan,nan,nan,0.47,0.58,15.81,8.25,0.89,24.98,17.4
design_5752,0.48,0.88,1.67,nan,nan,nan,0.62,1.14,11.67,6.35,0.89,12.25,13.74
design_5753,0.35,0.8,1.19,nan,nan,nan,0.51,0.86,12.25,6.62,0.88,15.51,11.06
design_5754,0.53,1.0,1.36,nan,nan,nan,0.56,1.02,13.06,6.95,0.9,4.52,4.09
design_5755,0.39,0.93,1.1,nan,nan,nan,0.49,0.86,12.03,6.46,0.9,3.03,2.34
design_5756,0.59,0.76,1.81,nan,nan,nan,0.6,1.2,15.42,8.12,0.88,7.48,3.7
design_5757,0.72,1.18,1.83,nan,nan,nan,0.66,1.33,13.73,7.37,0.88,3.29,1.9
design_5758,0.89,1.07,1.94,nan,nan,nan,0.7,1.4,5.87,3.77,0.88,2.38,2.46
design_5759,0.8,0.99,1.91,nan,nan,nan,0.68,1.34,5.15,3.44,0.88,3.94,4.55
design_5760,0.46,0.87,1.06,nan,nan,nan,0.5,0.82,9.38,5.45,0.87,3.19,3.72
design_5761,0.47,1.04,1.62,nan,nan,nan,0.58,1.12,10.85,6.12,0.87,1.48,1.61
design_5762,0.43,0.71,1.03,nan,nan,nan,0.47,0.75,9.93,5.56,0.89,3.59,3.17
design_5763,0.48,0.7,0.71,nan,nan,nan,0.46,0.63,5.57,3.48,0.89,21.72,14.7
design_5764,0.3,0.92,1.03,nan,nan,nan,0.48,0.8,10.25,5.69,0.88,1.67,1.74
design_5765,0.48,0.87,1.14,nan,nan,nan,0.52,0.86,9.28,5.4,0.87,2.89,3.77
design_5766,0.45,0.92,0.82,nan,nan,nan,0.46,0.75,11.98,6.45,0.89,21.39,20.78
design_5767,0.45,0.86,0.95,nan,nan,nan,0.49,0.77,8.96,5.23,0.87,2.35,2.67
design_5768,0.52,0.72,1.69,nan,nan,nan,0.6,1.15,13.38,7.11,0.89,17.13,13.38
design_5769,0.59,0.36,1.78,nan,nan,nan,0.6,1.17,10.82,5.93,0.89,24.7,25.48
design_5770,0.9,0.71,1.76,nan,nan,nan,0.65,1.26,13.24,7.08,0.89,28.17,21.39
design_5771,0.8,0.54,1.87,nan,nan,nan,0.64,1.28,10.14,5.62,0.89,24.56,24.99
design_5772,0.84,0.37,1.67,nan,nan,nan,0.59,1.16,10.37,5.71,0.89,24.49,25.18
design_5773,0.57,0.48,1.5,nan,nan,nan,0.55,1.02,14.08,7.44,0.9,14.62,13.59
design_5774,0.56,0.43,1.71,nan,nan,nan,0.59,1.13,9.79,5.45,0.89,24.68,25.48
design_5775,0.4,0.6,1.1,nan,nan,nan,0.5,0.79,4.08,2.9,0.89,1.5,1.15
design_5776,0.93,1.01,1.9,nan,nan,nan,0.62,1.29,12.93,7.08,0.88,7.17,4.66
design_5777,0.7,1.02,1.38,nan,nan,nan,0.6,1.03,9.86,5.74,0.87,2.47,2.7
design_5778,0.81,0.96,1.77,nan,nan,nan,0.6,1.2,12.62,6.93,0.89,18.06,17.76
design_5779,0.84,1.07,1.5,nan,nan,nan,0.6,1.13,12.52,6.97,0.88,14.9,16.83
design_5780,0.83,0.9,2.39,nan,nan,nan,0.71,1.46,8.07,4.95,0.87,4.38,5.85
design_5781,0.77,0.84,1.66,nan,nan,nan,0.6,1.11,11.43,6.5,0.87,13.57,11.95
design_5782,0.72,1.01,1.62,nan,nan,nan,0.58,1.13,9.97,5.71,0.87,1.1,1.82
design_5783,0.71,1.04,1.88,nan,nan,nan,0.6,1.24,13.65,7.36,0.9,19.54,17.66
design_5784,0.5,0.55,1.81,nan,nan,nan,0.58,1.05,11.7,6.49,0.88,20.66,18.0
design_5785,1.11,0.43,1.4,nan,nan,nan,0.6,1.04,5.85,3.8,0.88,11.65,14.79
design_5786,0.49,0.35,3.0,nan,nan,nan,0.74,1.62,4.44,3.2,0.88,3.16,2.18
design_5787,0.75,0.44,1.37,nan,nan,nan,0.5,0.9,10.57,5.95,0.87,23.18,21.72
design_5788,0.55,0.52,1.59,nan,nan,nan,0.52,0.95,13.21,7.24,0.88,19.93,13.66
design_5789,0.43,0.44,1.65,nan,nan,nan,0.52,0.95,13.45,7.33,0.88,11.43,8.61
design_5790,0.84,0.61,1.57,nan,nan,nan,0.55,1.04,12.56,6.96,0.87,17.26,15.02
design_5791,0.52,0.44,2.84,nan,nan,nan,0.71,1.55,12.22,6.76,0.88,21.71,18.98
design_5792,0.58,0.81,1.94,nan,nan,nan,0.77,1.44,12.3,6.69,0.89,21.74,23.75
design_5793,0.65,0.78,4.37,nan,nan,nan,1.45,3.07,16.57,8.76,0.89,15.53,14.53
design_5794,0.67,0.77,4.29,nan,nan,nan,1.43,3.02,16.82,8.93,0.89,11.49,11.62
design_5795,0.71,0.77,5.8,nan,nan,nan,1.89,4.05,17.1,8.89,0.89,35.04,13.67
design_5796,0.74,0.84,2.33,nan,nan,nan,0.88,1.71,15.53,8.39,0.88,19.34,18.9
design_5797,0.63,0.9,5.41,nan,nan,nan,1.77,3.79,16.68,8.83,0.89,12.12,14.18
design_5798,0.79,0.88,5.43,nan,nan,nan,1.78,3.81,16.23,8.63,0.89,23.28,23.53
design_5799,0.62,0.82,5.56,nan,nan,nan,1.82,3.89,16.63,8.82,0.89,19.03,17.67
design_5800,0.52,0.58,0.9,nan,nan,nan,0.46,0.69,5.01,3.4,0.88,1.84,1.74
design_5801,0.34,0.54,1.08,nan,nan,nan,0.49,0.73,8.59,4.99,0.88,1.5,1.59
design_5802,0.51,0.52,1.17,nan,nan,nan,0.49,0.81,5.6,3.69,0.87,1.51,1.84
design_5803,0.58,0.54,1.49,nan,nan,nan,0.55,0.99,13.9,7.4,0.9,4.86,3.01
design_5804,0.8,3.38,1.82,nan,nan,nan,0.99,2.19,11.54,6.4,0.88,1.37,2.64
design_5805,0.51,0.61,0.77,nan,nan,nan,0.45,0.64,7.97,4.74,0.87,1.93,1.56
design_5806,0.56,0.61,1.44,nan,nan,nan,0.54,0.97,13.58,7.24,0.89,10.08,6.13
design_5807,0.35,0.59,1.0,nan,nan,nan,0.45,0.71,10.58,5.93,0.88,1.87,1.74
design_5808,0.56,0.8,0.83,nan,nan,nan,0.5,0.76,16.4,8.38,0.9,15.54,15.13
design_5809,0.55,0.86,0.74,nan,nan,nan,0.5,0.73,16.12,8.28,0.9,18.0,18.6
design_5810,0.68,0.94,0.8,nan,nan,nan,0.52,0.81,16.7,8.53,0.9,12.88,10.23
design_5811,0.53,0.76,0.78,nan,nan,nan,0.49,0.72,16.07,8.29,0.9,20.68,18.07
design_5812,0.83,0.79,0.86,nan,nan,nan,0.53,0.84,16.28,8.4,0.9,10.32,11.0
design_5813,0.53,0.81,0.84,nan,nan,nan,0.51,0.76,16.36,8.34,0.91,14.67,12.46
design_5814,0.6,0.88,0.62,nan,nan,nan,0.48,0.68,16.4,8.42,0.9,15.41,11.34
design_5815,0.74,0.87,0.75,nan,nan,nan,0.52,0.78,14.64,7.64,0.9,22.86,18.55
design_5816,0.56,0.56,1.98,nan,nan,nan,0.63,1.26,13.33,7.11,0.89,33.04,13.87
design_5817,0.74,0.85,2.06,nan,nan,nan,0.68,1.38,14.12,7.57,0.88,4.89,3.41
design_5818,0.49,0.41,1.2,nan,nan,nan,0.5,0.8,7.76,4.71,0.87,1.9,1.93
design_5819,0.39,0.76,1.04,nan,nan,nan,0.5,0.78,5.21,3.5,0.88,1.78,1.02
design_5820,0.38,0.53,1.25,nan,nan,nan,0.52,0.83,9.42,5.33,0.88,4.36,2.32
design_5821,0.36,0.44,1.06,nan,nan,nan,0.46,0.7,3.35,2.59,0.89,0.74,0.7
design_5822,0.28,0.66,1.04,nan,nan,nan,0.47,0.74,10.23,5.83,0.87,3.48,1.95
design_5823,0.59,0.66,1.99,nan,nan,nan,0.65,1.28,7.01,4.49,0.86,2.77,3.2
design_5824,0.84,0.41,2.51,nan,nan,nan,0.7,1.44,6.83,4.38,0.86,6.3,7.21
design_5825,0.65,0.55,0.89,nan,nan,nan,0.47,0.69,13.45,7.39,0.87,27.84,18.09
design_5826,0.58,0.41,1.51,nan,nan,nan,0.49,0.91,10.38,5.88,0.88,23.17,22.1
design_5827,0.5,0.46,1.67,nan,nan,nan,0.54,0.97,4.37,3.08,0.89,24.75,23.89
design_5828,0.63,0.35,1.36,nan,nan,nan,0.48,0.84,12.23,6.69,0.88,4.6,3.84
design_5829,0.57,0.53,1.79,nan,nan,nan,0.55,1.05,13.88,7.51,0.88,27.12,19.4
design_5830,0.68,0.57,1.69,nan,nan,nan,0.57,1.04,10.84,6.11,0.88,23.48,21.58
design_5831,0.6,0.54,1.74,nan,nan,nan,0.54,1.04,11.89,6.6,0.88,19.97,19.67
design_5832,0.57,1.54,1.12,nan,nan,nan,0.62,1.12,4.98,3.34,0.88,2.71,1.86
design_5833,0.28,2.0,1.19,nan,nan,nan,0.68,1.3,3.57,2.7,0.89,1.4,1.66
design_5834,0.31,1.77,0.63,nan,nan,nan,0.58,1.03,4.22,3.03,0.89,1.74,1.14
design_5835,0.34,1.16,0.47,nan,nan,nan,0.48,0.7,4.29,3.11,0.88,1.2,1.12
design_5836,0.29,2.53,0.73,nan,nan,nan,0.71,1.41,3.22,2.56,0.89,2.04,1.51
design_5837,0.29,1.93,0.53,nan,nan,nan,0.59,1.08,4.15,2.94,0.89,2.64,2.22
design_5838,0.33,2.01,0.49,nan,nan,nan,0.59,1.11,3.85,2.85,0.89,2.83,2.16
design_5839,0.47,2.71,1.18,nan,nan,nan,0.79,1.62,3.76,2.76,0.89,2.48,1.82
design_5840,0.62,0.77,4.78,nan,nan,nan,1.57,3.35,16.66,8.68,0.88,35.64,25.96
design_5841,0.7,0.67,3.83,nan,nan,nan,1.29,2.7,16.19,8.92,0.86,17.61,14.22
design_5842,0.63,0.76,3.92,nan,nan,nan,1.32,2.76,14.98,8.27,0.86,15.96,10.35
design_5843,0.84,0.9,5.22,nan,nan,nan,1.72,3.67,15.96,8.45,0.88,23.53,12.94
design_5844,0.88,0.77,5.4,nan,nan,nan,1.77,3.79,14.17,7.61,0.87,14.96,12.8
design_5845,0.66,0.73,3.01,nan,nan,nan,1.05,2.14,15.4,8.57,0.87,14.0,15.53
design_5846,0.76,0.55,4.77,nan,nan,nan,1.57,3.34,17.62,9.22,0.88,15.25,10.05
design_5847,0.82,0.84,5.05,nan,nan,nan,1.66,3.55,14.11,7.57,0.87,15.25,16.24
design_5848,0.79,0.76,1.04,nan,nan,nan,0.55,0.91,15.4,8.19,0.87,22.22,17.52
design_5849,0.51,0.54,0.93,nan,nan,nan,0.48,0.74,17.2,8.97,0.88,10.07,10.74
design_5850,0.65,0.75,0.91,nan,nan,nan,0.52,0.8,17.15,8.93,0.88,29.45,16.5
design_5851,0.5,0.6,0.88,nan,nan,nan,0.48,0.72,16.57,8.57,0.88,9.54,9.07
design_5852,0.51,0.58,1.59,nan,nan,nan,0.65,1.15,15.02,7.83,0.9,15.26,15.5
design_5853,0.53,0.7,1.08,nan,nan,nan,0.54,0.86,15.0,7.95,0.88,11.75,11.52
design_5854,0.58,0.57,0.96,nan,nan,nan,0.52,0.78,15.65,8.31,0.87,17.9,14.44
design_5855,0.46,0.63,1.25,nan,nan,nan,0.56,0.94,14.28,7.61,0.89,23.5,24.84
design_5856,0.46,0.58,1.11,nan,nan,nan,0.48,0.78,10.47,5.77,0.89,24.34,24.38
design_5857,0.49,0.39,0.69,nan,nan,nan,0.45,0.54,6.46,3.97,0.88,4.01,2.11
design_5858,0.68,0.58,0.99,nan,nan,nan,0.49,0.78,11.17,6.1,0.89,24.51,24.59
design_5859,0.38,0.53,0.82,nan,nan,nan,0.45,0.61,9.56,5.4,0.88,5.72,6.23
design_5860,0.57,0.63,0.9,nan,nan,nan,0.47,0.72,11.28,6.15,0.89,24.85,24.65
design_5861,0.54,0.63,1.42,nan,nan,nan,0.55,0.96,12.96,6.93,0.9,18.95,19.01
design_5862,0.43,0.75,1.07,nan,nan,nan,0.48,0.8,13.6,7.28,0.89,15.57,14.02
design_5863,0.63,1.02,1.82,nan,nan,nan,0.65,1.27,12.73,7.07,0.87,20.92,22.4
design_5864,0.61,1.01,2.52,nan,nan,nan,0.76,1.5,10.02,5.83,0.86,5.19,4.52
design_5865,0.51,0.89,2.44,nan,nan,nan,0.69,1.42,13.96,7.67,0.87,15.52,11.55
design_5866,0.68,1.0,2.88,nan,nan,nan,0.77,1.68,12.99,7.28,0.86,21.57,18.08
design_5867,0.62,1.0,1.91,nan,nan,nan,0.66,1.22,13.54,7.49,0.87,18.08,13.64
design_5868,0.71,0.93,2.92,nan,nan,nan,0.78,1.69,12.95,7.11,0.87,18.56,16.33
design_5869,0.6,1.0,2.34,nan,nan,nan,0.68,1.41,13.2,7.33,0.87,21.99,17.96
design_5870,0.6,1.06,2.62,nan,nan,nan,0.73,1.56,12.49,7.03,0.86,21.25,18.44
design_5871,0.58,0.99,3.03,nan,nan,nan,0.8,1.74,12.75,7.07,0.86,21.36,18.04
design_5872,0.67,0.55,1.81,nan,nan,nan,0.67,1.28,18.5,9.73,0.87,38.21,15.56
design_5873,0.48,0.67,2.13,nan,nan,nan,0.74,1.47,14.56,8.0,0.87,8.2,5.52
design_5874,0.82,0.74,1.64,nan,nan,nan,0.67,1.23,15.69,8.58,0.86,15.35,12.97
design_5875,0.76,0.78,4.24,nan,nan,nan,1.32,2.85,13.45,7.58,0.87,7.05,8.93
design_5876,0.89,0.72,4.04,nan,nan,nan,1.27,2.73,14.09,7.94,0.86,14.18,14.62
design_5877,0.72,0.72,3.94,nan,nan,nan,1.24,2.66,15.87,8.62,0.88,8.87,7.11
design_5878,0.56,0.65,1.53,nan,nan,nan,0.61,1.1,13.81,7.69,0.86,7.24,7.76
design_5879,0.85,0.81,1.34,nan,nan,nan,0.61,1.08,12.0,6.8,0.86,3.28,3.23
design_5880,0.54,0.67,1.64,nan,nan,nan,0.63,1.15,6.17,3.92,0.87,3.64,2.5
design_5881,0.51,0.51,1.46,nan,nan,nan,0.6,1.01,6.86,4.24,0.87,2.5,1.45
design_5882,0.31,0.68,1.82,nan,nan,nan,0.69,1.23,8.03,4.77,0.87,3.63,3.57
design_5883,0.52,0.38,1.96,nan,nan,nan,0.66,1.3,11.47,6.31,0.88,24.88,24.58
design_5884,0.51,2.82,1.46,nan,nan,nan,0.87,1.77,6.88,4.18,0.88,2.14,2.4
design_5885,0.59,0.51,1.97,nan,nan,nan,0.7,1.33,13.74,7.37,0.88,10.54,5.71
design_5886,0.59,0.47,1.52,nan,nan,nan,0.58,1.06,5.49,3.62,0.88,1.89,1.22
design_5887,0.46,2.92,1.53,nan,nan,nan,0.89,1.83,9.2,5.25,0.88,2.78,3.34
design_5888,0.61,0.55,0.6,nan,nan,nan,0.47,0.59,7.88,4.61,0.89,9.08,12.01
design_5889,0.58,0.64,0.69,nan,nan,nan,0.47,0.65,16.69,8.6,0.9,14.7,15.12
design_5890,0.58,0.57,0.8,nan,nan,nan,0.5,0.7,16.95,8.8,0.89,7.74,10.06
design_5891,0.52,0.64,0.66,nan,nan,nan,0.46,0.62,15.91,8.18,0.9,16.39,14.16
design_5892,0.81,0.6,0.67,nan,nan,nan,0.52,0.69,9.85,5.55,0.88,9.57,12.85
design_5893,0.62,0.65,0.63,nan,nan,nan,0.48,0.63,14.78,7.74,0.89,10.59,7.14
design_5894,0.48,0.64,0.5,nan,nan,nan,0.43,0.53,16.84,8.59,0.9,12.31,9.72
design_5895,0.77,0.62,0.73,nan,nan,nan,0.52,0.72,16.8,8.67,0.89,13.0,11.59
design_5896,0.45,1.29,0.89,nan,nan,nan,0.53,0.92,9.45,5.28,0.88,3.88,2.68
design_5897,0.74,1.16,2.04,nan,nan,nan,0.74,1.5,14.71,7.74,0.89,16.87,7.59
design_5898,0.35,1.19,1.09,nan,nan,nan,0.56,0.96,9.32,5.24,0.88,3.07,2.69
design_5899,0.34,1.05,0.91,nan,nan,nan,0.52,0.83,8.63,4.98,0.88,7.05,7.47
design_5900,0.38,1.09,1.38,nan,nan,nan,0.59,1.07,10.84,5.99,0.88,8.94,8.34
design_5901,0.41,1.11,0.74,nan,nan,nan,0.52,0.78,8.23,4.74,0.88,7.14,7.76
design_5902,0.66,2.3,1.82,nan,nan,nan,0.82,1.72,11.05,6.1,0.88,24.32,24.46
design_5903,0.6,1.13,1.63,nan,nan,nan,0.66,1.25,11.15,6.09,0.89,4.08,4.39
design_5904,0.55,0.92,1.08,nan,nan,nan,0.53,0.88,12.43,6.75,0.88,11.1,11.73
design_5905,0.52,1.12,0.8,nan,nan,nan,0.53,0.83,11.23,6.16,0.88,19.46,13.26
design_5906,0.36,0.87,0.88,nan,nan,nan,0.46,0.74,12.85,6.91,0.89,9.26,4.22
design_5907,0.45,0.93,0.85,nan,nan,nan,0.48,0.76,12.01,6.53,0.88,3.83,1.97
design_5908,0.62,0.96,0.56,nan,nan,nan,0.47,0.72,9.24,5.26,0.88,3.67,2.97
design_5909,0.4,1.41,0.61,nan,nan,nan,0.54,0.89,4.73,3.25,0.88,2.08,2.27
design_5910,0.58,0.77,1.08,nan,nan,nan,0.52,0.84,13.48,7.22,0.89,6.18,6.13
design_5911,0.42,0.99,0.61,nan,nan,nan,0.46,0.7,6.53,4.03,0.88,4.14,3.32
design_5912,0.66,0.68,1.31,nan,nan,nan,0.54,0.95,12.93,6.9,0.89,3.85,4.93
design_5913,0.51,0.61,1.11,nan,nan,nan,0.49,0.8,14.35,7.49,0.9,24.92,23.82
design_5914,0.64,0.65,1.51,nan,nan,nan,0.58,1.03,11.81,6.39,0.88,22.85,23.06
design_5915,0.59,0.68,1.31,nan,nan,nan,0.53,0.93,14.0,7.42,0.89,25.82,21.13
design_5916,0.63,0.63,1.15,nan,nan,nan,0.5,0.85,13.91,7.34,0.9,17.2,16.97
design_5917,0.53,0.71,0.83,nan,nan,nan,0.5,0.7,13.75,7.24,0.9,21.72,19.06
design_5918,0.56,0.78,1.31,nan,nan,nan,0.56,0.95,15.38,8.14,0.89,21.93,21.08
design_5919,0.51,0.56,0.92,nan,nan,nan,0.52,0.69,12.38,6.63,0.89,12.99,14.48
design_5920,0.62,0.72,2.03,nan,nan,nan,0.74,1.4,8.44,4.88,0.88,3.42,2.0
design_5921,0.83,0.67,2.39,nan,nan,nan,0.82,1.64,13.67,7.24,0.89,21.38,12.17
design_5922,0.52,0.74,1.78,nan,nan,nan,0.67,1.24,12.44,6.69,0.89,5.98,5.7
design_5923,0.56,0.76,1.8,nan,nan,nan,0.69,1.26,11.53,6.28,0.88,6.77,7.33
design_5924,0.62,0.74,2.12,nan,nan,nan,0.76,1.45,6.6,4.04,0.88,4.55,2.57
design_5925,0.59,0.71,2.58,nan,nan,nan,0.85,1.72,7.94,4.68,0.87,4.04,3.33
design_5926,0.63,0.81,2.03,nan,nan,nan,0.73,1.41,10.93,6.03,0.88,2.66,2.36
design_5927,0.57,0.7,2.33,nan,nan,nan,0.79,1.57,6.38,3.94,0.88,4.48,3.34
design_5928,0.59,0.7,0.7,nan,nan,nan,0.48,0.67,13.34,7.2,0.89,11.85,16.18
design_5929,0.78,0.79,0.78,nan,nan,nan,0.53,0.79,12.45,6.8,0.88,2.81,2.04
design_5930,0.64,0.76,0.7,nan,nan,nan,0.5,0.7,13.08,7.01,0.89,7.99,8.7
design_5931,0.84,0.7,0.79,nan,nan,nan,0.53,0.78,12.36,6.67,0.89,5.95,4.25
design_5932,0.69,0.68,5.11,nan,nan,nan,1.56,3.41,16.19,8.75,0.87,8.79,6.62
design_5933,0.66,0.62,0.68,nan,nan,nan,0.49,0.66,14.34,7.51,0.9,20.55,21.9
design_5934,0.59,0.71,0.73,nan,nan,nan,0.49,0.69,14.29,7.65,0.88,2.53,2.08
design_5935,0.6,0.54,0.89,nan,nan,nan,0.5,0.73,13.08,7.17,0.88,21.06,24.58
design_5936,0.9,2.46,0.61,nan,nan,nan,0.72,1.53,14.01,7.54,0.88,20.13,12.3
design_5937,0.45,0.94,1.56,nan,nan,nan,0.56,1.06,12.55,6.76,0.88,7.1,4.87
design_5938,0.53,1.12,1.61,nan,nan,nan,0.61,1.15,11.9,6.56,0.88,23.28,23.46
design_5939,0.85,1.05,0.95,nan,nan,nan,0.53,0.95,11.13,6.27,0.87,23.86,23.98
design_5940,0.8,1.04,0.58,nan,nan,nan,0.49,0.83,12.78,6.94,0.88,24.94,22.82
design_5941,0.68,0.98,1.58,nan,nan,nan,0.61,1.13,12.75,6.96,0.88,24.34,22.71
design_5942,0.69,0.72,0.46,nan,nan,nan,0.46,0.64,12.27,6.68,0.88,11.66,8.91
design_5943,0.75,0.99,1.4,nan,nan,nan,0.58,1.06,12.9,7.01,0.88,17.0,9.68
design_5944,1.15,0.24,1.49,nan,nan,nan,0.64,1.17,10.66,6.08,0.86,33.43,14.48
design_5945,1.16,0.22,1.16,nan,nan,nan,0.59,1.0,5.95,3.93,0.87,34.44,14.64
design_5946,1.01,0.27,2.71,nan,nan,nan,0.91,1.88,9.86,5.69,0.87,3.65,3.29
design_5947,1.17,0.33,1.14,nan,nan,nan,0.59,1.0,11.5,6.55,0.86,33.73,14.47
design_5948,1.01,0.27,1.45,nan,nan,nan,0.62,1.12,11.53,6.52,0.86,32.75,14.32
design_5949,0.96,0.41,1.33,nan,nan,nan,0.59,1.05,11.19,6.4,0.86,33.96,14.76
design_5950,1.05,0.24,0.81,nan,nan,nan,0.52,0.8,5.55,3.71,0.87,34.33,14.55
design_5951,0.91,0.3,0.98,nan,nan,nan,0.52,0.84,5.62,3.81,0.87,34.36,14.94
design_5952,0.4,1.11,2.33,nan,nan,nan,0.83,1.66,15.1,8.14,0.88,11.46,9.93
design_5953,0.44,1.2,1.32,nan,nan,nan,0.61,1.09,11.53,6.43,0.87,4.96,4.06
design_5954,0.68,1.11,2.05,nan,nan,nan,0.79,1.51,12.74,7.06,0.87,4.94,3.97
design_5955,0.59,1.19,4.29,nan,nan,nan,1.35,2.91,15.71,8.62,0.87,11.03,8.03
design_5956,0.67,1.21,2.21,nan,nan,nan,0.83,1.62,12.41,6.88,0.87,4.99,3.96
design_5957,0.62,1.14,2.59,nan,nan,nan,0.9,1.84,14.66,8.02,0.87,10.01,5.35
design_5958,0.53,1.11,1.4,nan,nan,nan,0.65,1.12,13.3,7.32,0.88,5.75,3.92
design_5959,0.78,1.19,2.99,nan,nan,nan,1.02,2.11,14.54,7.99,0.87,11.24,5.71
design_5960,0.52,0.32,0.97,nan,nan,nan,0.45,0.71,5.31,3.53,0.88,1.18,1.11
design_5961,0.51,0.8,0.61,nan,nan,nan,0.44,0.64,8.06,4.84,0.87,5.13,3.09
design_5962,0.7,1.15,1.48,nan,nan,nan,0.62,1.19,14.17,7.56,0.87,17.35,12.79
design_5963,0.57,1.59,1.23,nan,nan,nan,0.62,1.19,15.41,8.12,0.89,24.94,11.38
design_5964,0.62,1.11,1.44,nan,nan,nan,0.61,1.15,11.45,6.33,0.88,4.39,5.88
design_5965,0.33,0.37,1.43,nan,nan,nan,0.54,0.95,6.82,4.22,0.87,4.63,3.1
design_5966,0.81,1.24,1.74,nan,nan,nan,0.69,1.36,14.68,7.82,0.88,24.17,19.98
design_5967,0.46,1.07,0.97,nan,nan,nan,0.5,0.87,10.58,5.93,0.88,2.66,1.96
design_5968,0.67,1.18,0.73,nan,nan,nan,0.49,0.88,5.05,3.31,0.89,1.83,0.94
design_5969,0.98,0.7,1.04,nan,nan,nan,0.5,0.92,4.86,3.36,0.88,1.84,1.37
design_5970,0.58,0.68,0.77,nan,nan,nan,0.43,0.67,4.06,2.87,0.89,1.29,1.4
design_5971,0.9,0.52,0.92,nan,nan,nan,0.45,0.81,5.09,3.46,0.88,1.93,1.65
design_5972,0.95,0.7,0.95,nan,nan,nan,0.48,0.88,5.25,3.47,0.88,1.97,1.19
design_5973,0.84,0.62,1.11,nan,nan,nan,0.47,0.88,6.04,3.88,0.87,1.19,0.92
design_5974,1.05,0.65,0.84,nan,nan,nan,0.48,0.88,6.87,4.33,0.87,2.49,2.7
design_5975,0.69,0.85,1.17,nan,nan,nan,0.5,0.91,12.26,6.62,0.89,22.85,21.18
design_5976,0.65,0.53,0.65,nan,nan,nan,0.46,0.62,16.24,8.36,0.9,19.97,15.03
design_5977,0.62,0.62,0.62,nan,nan,nan,0.45,0.62,16.2,8.32,0.9,15.86,15.42
design_5978,0.85,0.72,0.78,nan,nan,nan,0.51,0.79,16.48,8.45,0.9,17.75,17.98
design_5979,0.75,0.69,0.59,nan,nan,nan,0.46,0.66,15.68,8.15,0.9,10.2,10.76
design_5980,0.6,0.63,0.62,nan,nan,nan,0.45,0.62,16.1,8.28,0.9,13.04,13.83
design_5981,0.53,0.64,0.66,nan,nan,nan,0.46,0.62,16.57,8.43,0.91,16.17,17.63
design_5982,0.84,0.79,0.64,nan,nan,nan,0.49,0.73,16.6,8.57,0.9,15.13,14.35
design_5983,0.7,0.71,0.55,nan,nan,nan,0.46,0.63,16.41,8.42,0.9,19.17,18.77
design_5984,0.57,0.64,0.92,nan,nan,nan,0.51,0.78,16.21,8.32,0.9,21.58,23.71
design_5985,0.47,0.54,0.62,nan,nan,nan,0.45,0.57,12.23,6.57,0.89,11.95,16.25
design_5986,0.59,0.66,0.68,nan,nan,nan,0.46,0.65,17.14,8.71,0.91,25.35,17.82
design_5987,0.5,0.41,0.67,nan,nan,nan,0.45,0.58,16.86,8.63,0.9,15.51,8.09
design_5988,0.52,0.6,0.69,nan,nan,nan,0.46,0.62,14.76,7.69,0.9,16.38,11.57
design_5989,0.54,0.48,0.58,nan,nan,nan,0.44,0.55,17.51,8.92,0.9,11.79,9.25
design_5990,0.75,0.47,0.58,nan,nan,nan,0.46,0.61,17.16,8.77,0.9,21.34,13.71
design_5991,0.63,0.74,0.66,nan,nan,nan,0.47,0.67,16.1,8.29,0.9,16.62,15.58
design_5992,0.46,0.86,1.26,nan,nan,nan,0.55,0.96,10.23,5.68,0.88,4.17,3.71
design_5993,0.42,1.0,1.37,nan,nan,nan,0.58,1.05,10.37,5.76,0.88,4.5,3.34
design_5994,0.4,0.91,1.2,nan,nan,nan,0.53,0.93,11.35,6.21,0.89,5.1,4.41
design_5995,0.52,0.93,2.07,nan,nan,nan,0.72,1.44,12.49,6.71,0.89,23.52,21.29
design_5996,0.37,0.87,1.07,nan,nan,nan,0.51,0.85,11.94,6.46,0.89,5.66,5.57
design_5997,0.44,0.99,1.37,nan,nan,nan,0.56,1.05,13.41,7.09,0.89,4.71,2.31
design_5998,0.44,0.93,1.1,nan,nan,nan,0.52,0.89,9.92,5.52,0.88,4.59,3.53
design_5999,0.43,0.98,1.28,nan,nan,nan,0.56,1.0,11.03,6.07,0.89,5.27,3.36
design_6000,0.57,0.78,1.6,nan,nan,nan,0.63,1.17,16.43,9.04,0.85,11.5,7.89
design_6001,0.76,0.85,2.92,nan,nan,nan,0.96,2.02,16.08,8.73,0.87,21.23,21.97
design_6002,0.77,0.76,2.83,nan,nan,nan,0.94,1.95,16.29,8.94,0.85,23.38,18.65
design_6003,0.69,0.93,2.41,nan,nan,nan,0.85,1.7,16.36,8.94,0.86,17.86,17.41
design_6004,0.62,0.93,2.66,nan,nan,nan,0.89,1.85,16.85,9.16,0.86,17.6,18.18
design_6005,0.45,0.72,1.17,nan,nan,nan,0.54,0.89,14.78,8.16,0.86,16.16,15.35
design_6006,0.51,0.84,1.26,nan,nan,nan,0.56,0.98,15.14,8.32,0.86,21.54,21.69
design_6007,0.61,0.73,2.31,nan,nan,nan,0.79,1.6,15.95,8.75,0.86,18.25,17.06
design_6008,0.45,0.69,0.68,nan,nan,nan,0.42,0.62,11.22,6.17,0.88,3.04,3.44
design_6009,0.47,0.84,0.65,nan,nan,nan,0.42,0.66,10.84,5.97,0.89,3.78,4.21
design_6010,0.56,1.36,0.84,nan,nan,nan,0.51,0.95,12.27,6.58,0.89,4.75,4.75
design_6011,0.57,1.88,1.19,nan,nan,nan,0.64,1.28,10.89,6.02,0.88,6.62,7.06
design_6012,0.48,1.05,0.86,nan,nan,nan,0.47,0.82,13.15,7.03,0.89,3.71,4.07
design_6013,0.43,0.78,0.76,nan,nan,nan,0.42,0.68,12.04,6.55,0.89,2.63,2.96
design_6014,0.49,0.77,0.62,nan,nan,nan,0.41,0.63,10.43,5.81,0.88,3.21,4.01
design_6015,0.49,1.26,1.02,nan,nan,nan,0.53,0.97,12.06,6.49,0.89,3.3,3.41
design_6016,0.54,0.55,2.88,nan,nan,nan,0.97,1.99,13.22,7.5,0.85,9.17,7.19
design_6017,0.6,0.57,3.29,nan,nan,nan,1.09,2.27,12.46,7.09,0.86,11.35,11.65
design_6018,0.5,0.54,2.65,nan,nan,nan,0.91,1.83,12.34,7.03,0.86,10.92,11.08
design_6019,0.54,0.58,1.14,nan,nan,nan,0.55,0.88,10.98,6.06,0.88,12.22,12.36
design_6020,0.51,0.53,1.47,nan,nan,nan,0.61,1.07,13.12,7.42,0.86,5.68,5.58
design_6021,0.54,0.7,0.84,nan,nan,nan,0.49,0.73,13.14,7.07,0.88,24.44,16.23
design_6022,0.43,0.53,4.55,nan,nan,nan,1.44,3.1,13.33,7.5,0.86,15.87,17.09
design_6023,0.58,0.55,1.32,nan,nan,nan,0.58,0.98,14.65,8.05,0.86,13.27,11.33
design_6024,0.47,0.52,0.57,nan,nan,nan,0.4,0.52,3.53,2.6,0.9,1.34,0.91
design_6025,0.41,0.58,0.74,nan,nan,nan,0.42,0.58,10.07,5.63,0.88,1.44,1.33
design_6026,0.44,0.36,0.81,nan,nan,nan,0.44,0.56,8.87,5.15,0.87,1.07,1.23
design_6027,0.42,0.49,0.46,nan,nan,nan,0.4,0.46,6.14,3.91,0.88,2.83,1.67
design_6028,0.5,0.72,0.9,nan,nan,nan,0.45,0.72,14.41,7.6,0.9,13.39,6.68
design_6029,0.42,0.6,0.62,nan,nan,nan,0.4,0.55,11.14,6.11,0.89,23.44,22.43
design_6030,0.38,0.5,0.82,nan,nan,nan,0.45,0.59,3.97,2.85,0.89,0.95,0.97
design_6031,0.61,0.73,1.16,nan,nan,nan,0.49,0.85,14.67,7.86,0.88,25.5,17.69
design_6032,0.52,0.58,2.32,nan,nan,nan,0.85,1.66,16.41,8.86,0.87,16.79,11.72
design_6033,0.51,0.76,3.38,nan,nan,nan,1.15,2.39,16.3,8.87,0.87,16.48,12.53
design_6034,0.49,0.63,4.22,nan,nan,nan,1.4,2.95,16.54,8.98,0.87,18.06,12.56
design_6035,0.49,0.88,5.99,nan,nan,nan,1.94,4.18,17.13,9.18,0.88,19.0,14.91
design_6036,0.53,0.71,2.22,nan,nan,nan,0.82,1.61,15.56,8.37,0.87,20.23,15.14
design_6037,0.49,0.75,3.15,nan,nan,nan,1.08,2.23,15.99,8.75,0.87,15.19,14.2
design_6038,0.6,0.6,2.74,nan,nan,nan,0.96,1.95,16.86,8.88,0.87,10.22,10.1
design_6039,0.55,0.88,2.12,nan,nan,nan,0.82,1.56,15.72,8.54,0.87,18.53,17.67
design_6040,0.57,0.67,0.74,nan,nan,nan,0.46,0.68,19.87,10.24,0.87,33.64,15.71
design_6041,0.7,0.56,3.61,nan,nan,nan,1.21,2.55,19.23,9.9,0.88,25.22,19.88
design_6042,0.38,0.61,1.32,nan,nan,nan,0.58,0.98,11.2,6.47,0.86,16.64,16.36
design_6043,0.73,0.72,1.47,nan,nan,nan,0.65,1.15,15.38,8.37,0.87,11.22,8.87
design_6044,0.37,0.58,0.89,nan,nan,nan,0.49,0.71,12.99,7.19,0.87,13.01,11.56
design_6045,0.42,0.69,0.84,nan,nan,nan,0.49,0.71,10.04,5.81,0.87,16.27,15.81
design_6046,0.55,0.64,1.03,nan,nan,nan,0.52,0.83,17.17,9.12,0.86,10.21,9.81
design_6047,0.61,0.61,1.1,nan,nan,nan,0.56,0.88,12.46,7.06,0.86,12.06,10.45
design_6048,0.39,1.26,2.78,nan,nan,nan,0.78,1.66,4.23,3.11,0.88,2.88,2.74
design_6049,0.64,1.22,1.31,nan,nan,nan,0.58,1.06,10.76,6.1,0.87,24.19,22.41
design_6050,0.54,1.33,1.25,nan,nan,nan,0.59,1.07,10.56,5.97,0.88,23.88,22.01
design_6051,0.56,1.21,1.28,nan,nan,nan,0.58,1.03,10.74,6.06,0.88,23.95,22.08
design_6052,0.79,1.28,1.31,nan,nan,nan,0.61,1.12,10.78,6.11,0.87,24.12,21.74
design_6053,0.54,1.33,1.85,nan,nan,nan,0.65,1.28,10.38,5.95,0.87,24.54,22.86
design_6054,0.81,1.32,1.28,nan,nan,nan,0.61,1.14,10.2,5.82,0.87,23.88,21.76
design_6055,0.51,1.32,1.28,nan,nan,nan,0.59,1.07,10.24,5.82,0.88,23.38,21.68
design_6056,0.44,0.58,0.78,nan,nan,nan,0.42,0.61,9.33,5.37,0.88,3.19,2.54
design_6057,0.47,0.49,0.8,nan,nan,nan,0.41,0.6,13.87,7.37,0.89,11.4,7.45
design_6058,0.38,0.49,0.56,nan,nan,nan,0.4,0.48,6.39,3.98,0.88,1.99,1.54
design_6059,0.43,0.59,0.61,nan,nan,nan,0.41,0.54,6.09,3.85,0.88,2.38,1.59
design_6060,0.54,0.41,1.18,nan,nan,nan,0.46,0.77,13.21,7.07,0.89,10.96,6.68
design_6061,0.4,0.79,0.34,nan,nan,nan,0.43,0.54,5.88,3.72,0.88,5.66,5.68
design_6062,0.39,1.13,0.63,nan,nan,nan,0.48,0.76,4.57,3.11,0.89,2.92,1.73
design_6063,0.42,0.6,0.64,nan,nan,nan,0.45,0.56,10.95,6.07,0.88,4.09,4.71
design_6064,0.74,0.6,1.35,nan,nan,nan,0.54,0.94,12.5,6.79,0.89,2.81,3.42
design_6065,0.75,3.2,1.7,nan,nan,nan,0.94,2.09,13.45,7.21,0.89,25.44,21.96
design_6066,0.75,3.01,1.78,nan,nan,nan,0.91,2.02,14.18,7.53,0.9,26.26,21.29
design_6067,0.52,0.61,1.21,nan,nan,nan,0.49,0.82,12.19,6.65,0.89,4.67,5.92
design_6068,0.47,0.71,1.56,nan,nan,nan,0.53,1.0,14.3,7.53,0.9,17.67,13.15
design_6069,0.38,0.52,1.48,nan,nan,nan,0.5,0.91,13.77,7.3,0.89,12.7,9.99
design_6070,0.41,0.57,1.19,nan,nan,nan,0.47,0.78,12.03,6.58,0.88,23.78,23.86
design_6071,0.56,0.58,1.17,nan,nan,nan,0.48,0.81,12.56,6.74,0.89,19.34,18.39
design_6072,0.62,0.8,0.79,nan,nan,nan,0.52,0.75,13.72,7.24,0.89,8.97,6.34
design_6073,0.67,0.86,0.78,nan,nan,nan,0.52,0.77,14.94,7.75,0.9,11.13,8.15
design_6074,0.75,0.96,0.71,nan,nan,nan,0.53,0.79,15.42,7.99,0.9,20.57,15.38
design_6075,0.67,0.96,0.86,nan,nan,nan,0.55,0.84,12.93,7.09,0.88,19.72,14.84
design_6076,0.89,0.96,0.94,nan,nan,nan,0.57,0.93,14.54,7.55,0.9,15.33,11.59
design_6077,0.85,0.88,1.07,nan,nan,nan,0.59,0.97,15.78,8.14,0.9,17.04,11.57
design_6078,0.75,0.9,0.96,nan,nan,nan,0.56,0.89,14.97,7.77,0.9,19.64,13.87
design_6079,0.87,0.79,2.5,nan,nan,nan,0.9,1.8,15.66,8.15,0.9,19.56,12.74
design_6080,1.49,0.44,1.44,nan,nan,nan,0.62,1.23,11.77,6.57,0.87,23.29,20.95
design_6081,1.1,0.5,1.3,nan,nan,nan,0.55,1.01,11.86,6.69,0.87,20.61,16.67
design_6082,1.07,0.62,1.42,nan,nan,nan,0.57,1.06,11.8,6.62,0.86,17.77,14.99
design_6083,1.54,0.59,3.08,nan,nan,nan,0.86,1.92,4.66,3.36,0.88,3.02,2.19
design_6084,1.47,0.66,1.49,nan,nan,nan,0.64,1.26,12.83,7.16,0.87,18.79,13.49
design_6085,1.41,0.46,2.04,nan,nan,nan,0.68,1.41,13.21,7.27,0.87,18.12,10.67
design_6086,0.49,0.63,2.1,nan,nan,nan,0.63,1.2,13.4,7.36,0.87,13.96,12.57
design_6087,1.57,0.48,1.72,nan,nan,nan,0.67,1.36,11.54,6.55,0.86,21.65,19.71
design_6088,0.68,2.66,1.33,nan,nan,nan,0.8,1.72,13.93,7.65,0.87,11.54,12.77
design_6089,0.52,1.05,1.29,nan,nan,nan,0.55,0.99,6.96,4.27,0.88,24.75,26.22
design_6090,0.63,1.06,1.2,nan,nan,nan,0.54,0.98,12.06,6.52,0.89,24.38,24.0
design_6091,0.94,1.41,1.97,nan,nan,nan,0.72,1.48,13.63,7.59,0.86,24.35,23.76
design_6092,0.56,1.13,0.93,nan,nan,nan,0.55,0.89,5.47,3.66,0.87,1.21,1.1
design_6093,0.52,2.45,0.96,nan,nan,nan,0.74,1.51,6.02,3.94,0.87,2.64,2.65
design_6094,0.75,1.17,1.06,nan,nan,nan,0.56,1.0,12.24,6.74,0.88,24.97,22.97
design_6095,0.55,2.41,1.3,nan,nan,nan,0.75,1.57,6.74,4.27,0.87,2.31,2.71
design_6096,0.83,0.47,1.1,nan,nan,nan,0.57,0.92,16.52,8.46,0.9,22.74,23.93
design_6097,0.64,0.33,0.84,nan,nan,nan,0.51,0.7,15.86,8.11,0.91,21.34,23.14
design_6098,0.5,0.47,0.67,nan,nan,nan,0.45,0.59,16.87,8.54,0.91,23.74,13.39
design_6099,0.8,0.55,0.85,nan,nan,nan,0.53,0.78,12.69,6.73,0.9,23.03,25.02
design_6100,0.53,0.68,0.8,nan,nan,nan,0.52,0.71,13.29,6.99,0.9,22.45,24.78
design_6101,0.49,0.57,0.74,nan,nan,nan,0.48,0.65,14.9,7.69,0.9,21.82,23.05
design_6102,0.61,0.58,0.71,nan,nan,nan,0.48,0.66,15.34,7.89,0.91,21.45,21.24
design_6103,0.7,0.52,0.8,nan,nan,nan,0.52,0.72,16.52,8.39,0.91,20.39,20.56
design_6104,0.86,1.14,0.94,nan,nan,nan,0.54,0.98,12.47,6.89,0.88,4.66,3.53
design_6105,0.73,0.99,1.49,nan,nan,nan,0.57,1.08,12.5,6.91,0.87,19.41,15.61
design_6106,0.68,1.12,1.4,nan,nan,nan,0.56,1.07,12.37,6.88,0.87,4.05,3.4
design_6107,0.97,0.94,1.0,nan,nan,nan,0.57,0.97,11.64,6.55,0.87,18.79,15.89
design_6108,0.71,1.1,1.57,nan,nan,nan,0.58,1.13,12.74,7.05,0.87,5.12,6.58
design_6109,0.82,1.17,1.16,nan,nan,nan,0.58,1.05,11.83,6.66,0.87,14.34,16.14
design_6110,0.73,1.19,1.2,nan,nan,nan,0.55,1.04,10.14,5.86,0.87,2.92,3.43
design_6111,0.82,1.05,1.5,nan,nan,nan,0.57,1.12,13.57,7.43,0.88,9.12,7.24
design_6112,0.87,1.13,1.93,nan,nan,nan,0.69,1.4,12.85,6.95,0.89,2.18,2.11
design_6113,0.68,0.91,1.51,nan,nan,nan,0.57,1.1,13.82,7.44,0.88,13.71,8.45
design_6114,0.9,1.23,1.8,nan,nan,nan,0.68,1.37,13.54,7.23,0.89,3.64,3.34
design_6115,0.85,1.24,1.67,nan,nan,nan,0.66,1.3,13.92,7.45,0.89,2.73,1.94
design_6116,0.64,0.82,1.52,nan,nan,nan,0.59,1.07,12.8,6.82,0.9,23.47,23.25
design_6117,0.75,1.2,1.92,nan,nan,nan,0.69,1.38,15.0,7.93,0.89,30.6,17.69
design_6118,0.72,1.05,1.7,nan,nan,nan,0.64,1.23,10.73,6.04,0.88,2.08,2.41
design_6119,0.58,0.89,1.36,nan,nan,nan,0.55,1.0,14.2,7.44,0.9,21.87,21.26
design_6120,0.58,0.74,6.21,nan,nan,nan,1.5,3.54,12.86,7.04,0.88,21.55,20.91
design_6121,0.51,0.67,6.46,nan,nan,nan,1.55,3.66,12.06,6.71,0.87,22.95,23.47
design_6122,0.39,0.62,0.73,nan,nan,nan,0.45,0.59,13.1,7.0,0.89,24.71,24.33
design_6123,0.5,0.76,0.92,nan,nan,nan,0.48,0.74,10.21,5.75,0.88,1.95,1.97
design_6124,0.45,0.61,0.51,nan,nan,nan,0.44,0.52,8.31,4.79,0.88,1.38,1.37
design_6125,0.61,0.69,6.32,nan,nan,nan,1.53,3.59,13.78,7.58,0.87,25.26,20.85
design_6126,0.48,0.74,0.98,nan,nan,nan,0.48,0.75,13.1,7.06,0.88,23.4,24.0
design_6127,0.44,0.69,0.57,nan,nan,nan,0.46,0.57,10.57,5.82,0.89,4.36,4.24
design_6128,0.66,0.86,1.43,nan,nan,nan,0.54,1.04,13.57,7.38,0.88,10.87,8.4
design_6129,0.55,0.52,1.09,nan,nan,nan,0.48,0.78,5.75,3.84,0.87,1.5,1.11
design_6130,0.51,0.5,0.9,nan,nan,nan,0.45,0.67,6.03,3.95,0.86,2.61,1.42
design_6131,0.51,0.54,0.95,nan,nan,nan,0.45,0.7,8.01,4.91,0.86,2.23,2.56
design_6132,0.58,0.63,0.8,nan,nan,nan,0.43,0.68,7.55,4.67,0.87,1.57,1.06
design_6133,0.78,1.06,1.16,nan,nan,nan,0.53,1.01,14.67,7.84,0.87,25.94,12.48
design_6134,0.74,0.72,1.45,nan,nan,nan,0.56,1.04,8.28,4.96,0.87,2.35,2.51
design_6135,0.5,0.49,0.89,nan,nan,nan,0.43,0.66,6.74,4.3,0.86,1.39,1.16
design_6136,0.53,1.25,1.71,nan,nan,nan,0.64,1.23,11.38,6.33,0.88,23.39,24.31
design_6137,0.54,1.16,1.42,nan,nan,nan,0.6,1.08,13.98,7.55,0.88,21.52,17.53
design_6138,0.62,1.14,1.41,nan,nan,nan,0.6,1.08,11.17,6.09,0.89,22.42,22.83
design_6139,0.58,1.22,2.38,nan,nan,nan,0.76,1.54,13.44,7.32,0.88,24.48,20.79
design_6140,0.62,1.35,1.62,nan,nan,nan,0.65,1.24,10.27,5.92,0.87,4.47,6.09
design_6141,0.58,1.09,0.93,nan,nan,nan,0.57,0.88,11.38,6.19,0.89,22.29,21.22
design_6142,0.53,1.22,1.7,nan,nan,nan,0.64,1.22,13.92,7.46,0.89,16.99,8.8
design_6143,0.49,2.33,1.68,nan,nan,nan,0.79,1.64,11.11,6.17,0.88,22.36,21.73
design_6144,0.8,0.37,1.1,nan,nan,nan,0.47,0.83,5.73,3.74,0.88,1.84,1.69
design_6145,0.91,0.72,1.56,nan,nan,nan,0.59,1.14,5.5,3.66,0.87,1.59,1.87
design_6146,0.96,0.75,1.72,nan,nan,nan,0.64,1.24,6.32,4.01,0.87,2.81,3.83
design_6147,0.73,0.59,1.08,nan,nan,nan,0.48,0.84,7.6,4.59,0.87,2.38,2.86
design_6148,1.51,1.03,1.47,nan,nan,nan,0.7,1.37,4.36,3.22,0.88,9.17,11.91
design_6149,0.97,0.74,1.53,nan,nan,nan,0.59,1.15,6.45,4.15,0.87,2.68,3.4
design_6150,0.5,0.55,1.52,nan,nan,nan,0.56,1.0,11.86,6.47,0.89,2.41,1.77
design_6151,0.94,0.74,1.67,nan,nan,nan,0.63,1.2,9.42,5.38,0.88,2.11,2.53
design_6152,0.51,0.58,0.87,nan,nan,nan,0.48,0.72,15.94,8.16,0.91,21.56,20.44
design_6153,0.46,0.59,0.85,nan,nan,nan,0.48,0.71,13.96,7.3,0.9,23.13,25.88
design_6154,0.52,0.71,0.7,nan,nan,nan,0.46,0.66,16.59,8.44,0.9,16.2,15.01
design_6155,0.66,0.57,0.83,nan,nan,nan,0.5,0.73,15.84,8.07,0.91,21.49,22.28
design_6156,0.67,0.54,0.64,nan,nan,nan,0.44,0.63,16.67,8.51,0.9,20.51,16.88
design_6157,0.51,0.58,1.02,nan,nan,nan,0.53,0.82,12.86,6.78,0.9,23.15,25.59
design_6158,0.59,0.54,1.12,nan,nan,nan,0.56,0.88,12.73,6.7,0.9,23.2,26.09
design_6159,0.54,0.57,0.96,nan,nan,nan,0.52,0.78,14.42,7.46,0.9,11.2,9.08
design_6160,0.53,0.9,0.64,nan,nan,nan,0.49,0.69,14.46,7.51,0.9,22.02,18.53
design_6161,0.58,0.65,0.73,nan,nan,nan,0.48,0.67,15.97,8.2,0.9,8.27,3.55
design_6162,0.57,0.91,0.74,nan,nan,nan,0.5,0.74,16.05,8.24,0.9,22.34,21.79
design_6163,0.56,0.61,0.59,nan,nan,nan,0.45,0.58,16.18,8.31,0.9,26.71,18.31
design_6164,0.64,0.76,0.77,nan,nan,nan,0.5,0.74,15.84,8.19,0.9,25.38,17.78
design_6165,0.49,0.84,0.76,nan,nan,nan,0.49,0.72,14.47,7.55,0.9,19.92,14.44
design_6166,0.61,0.79,0.64,nan,nan,nan,0.46,0.67,16.16,8.24,0.91,19.59,14.07
design_6167,0.7,0.9,0.64,nan,nan,nan,0.49,0.73,16.42,8.36,0.91,15.14,10.47
design_6168,0.52,1.94,0.68,nan,nan,nan,0.61,1.16,4.39,3.14,0.88,2.32,1.1
design_6169,0.45,2.22,0.9,nan,nan,nan,0.68,1.34,3.48,2.71,0.89,2.35,1.34
design_6170,0.49,1.91,0.73,nan,nan,nan,0.6,1.15,3.86,2.86,0.89,2.2,1.12
design_6171,0.48,2.43,0.75,nan,nan,nan,0.69,1.41,3.59,2.69,0.89,2.58,1.46
design_6172,0.62,2.5,0.64,nan,nan,nan,0.71,1.44,3.72,2.81,0.89,3.4,1.39
design_6173,0.44,2.12,0.65,nan,nan,nan,0.62,1.23,3.59,2.72,0.89,2.64,1.42
design_6174,0.61,0.94,0.66,nan,nan,nan,0.49,0.74,3.9,2.93,0.88,2.05,0.75
design_6175,0.48,2.14,0.73,nan,nan,nan,0.65,1.26,3.8,2.86,0.89,2.03,1.1
design_6176,0.92,0.99,2.3,nan,nan,nan,0.76,1.57,15.51,8.19,0.89,33.23,14.58
design_6177,0.31,0.57,1.43,nan,nan,nan,0.54,0.92,4.49,3.12,0.89,1.69,1.16
design_6178,0.55,0.78,1.26,nan,nan,nan,0.54,0.92,4.08,2.88,0.89,2.11,1.45
design_6179,0.65,0.53,1.3,nan,nan,nan,0.59,0.91,6.49,4.02,0.88,19.79,11.63
design_6180,0.48,0.55,1.44,nan,nan,nan,0.55,0.94,6.74,4.14,0.88,1.06,1.36
design_6181,0.55,0.53,1.26,nan,nan,nan,0.49,0.86,13.92,7.34,0.9,5.22,3.59
design_6182,0.46,0.58,0.82,nan,nan,nan,0.43,0.64,9.03,5.18,0.88,1.25,1.25
design_6183,0.75,0.63,1.58,nan,nan,nan,0.59,1.09,13.59,7.25,0.9,15.41,7.39
design_6184,0.53,0.96,0.89,nan,nan,nan,0.52,0.81,9.82,5.48,0.88,3.16,2.68
design_6185,0.59,1.0,1.26,nan,nan,nan,0.56,1.0,14.87,7.77,0.9,11.95,8.9
design_6186,0.74,1.07,1.45,nan,nan,nan,0.6,1.14,14.65,7.68,0.9,13.97,6.76
design_6187,0.63,0.64,1.4,nan,nan,nan,0.55,1.0,16.38,8.48,0.89,26.52,13.51
design_6188,0.58,0.92,1.02,nan,nan,nan,0.53,0.86,12.37,6.63,0.89,2.75,2.85
design_6189,0.53,1.11,1.18,nan,nan,nan,0.54,0.99,14.45,7.57,0.9,25.63,20.89
design_6190,0.67,1.03,1.22,nan,nan,nan,0.56,1.01,15.37,8.0,0.9,13.96,12.28
design_6191,0.53,0.9,0.85,nan,nan,nan,0.5,0.77,10.53,5.82,0.89,3.39,2.63
design_6192,0.59,0.96,1.79,nan,nan,nan,0.69,1.32,16.4,8.76,0.88,14.51,11.11
design_6193,0.89,1.05,2.46,nan,nan,nan,0.87,1.77,15.81,8.59,0.87,20.42,21.16
design_6194,0.63,1.09,1.8,nan,nan,nan,0.7,1.36,14.73,8.04,0.88,21.7,22.13
design_6195,0.9,1.08,2.48,nan,nan,nan,0.87,1.79,15.28,8.33,0.87,20.99,19.87
design_6196,0.72,1.08,1.74,nan,nan,nan,0.69,1.33,16.42,8.82,0.88,30.46,16.03
design_6197,0.57,1.11,1.52,nan,nan,nan,0.63,1.19,13.55,7.43,0.88,22.13,21.66
design_6198,0.69,1.1,2.04,nan,nan,nan,0.76,1.5,14.59,7.98,0.88,23.15,23.13
design_6199,0.62,1.07,1.42,nan,nan,nan,0.62,1.14,15.36,8.29,0.88,16.22,9.9
design_6200,0.36,0.24,0.72,nan,nan,nan,0.39,0.48,2.95,2.32,0.9,4.81,2.75
design_6201,0.37,1.07,0.74,nan,nan,nan,0.44,0.76,12.25,6.58,0.89,21.47,20.67
design_6202,0.64,1.13,1.19,nan,nan,nan,0.52,1.0,14.33,7.54,0.9,19.77,9.4
design_6203,0.41,0.84,0.79,nan,nan,nan,0.43,0.69,13.21,7.02,0.9,6.67,7.81
design_6204,0.38,0.29,0.74,nan,nan,nan,0.43,0.5,3.1,2.41,0.9,4.93,2.75
design_6205,0.44,1.24,0.97,nan,nan,nan,0.5,0.92,14.19,7.47,0.9,14.54,11.14
design_6206,0.44,0.85,1.11,nan,nan,nan,0.49,0.83,4.45,3.07,0.89,2.74,1.86
design_6207,0.41,0.5,0.74,nan,nan,nan,0.41,0.56,3.12,2.41,0.9,5.0,3.0
design_6208,0.61,0.59,0.58,nan,nan,nan,0.45,0.59,15.83,8.2,0.9,9.07,6.21
design_6209,0.76,0.61,0.57,nan,nan,nan,0.45,0.63,17.75,9.08,0.89,16.23,9.12
design_6210,0.78,0.64,0.58,nan,nan,nan,0.48,0.65,17.33,8.85,0.89,15.37,13.14
design_6211,0.63,0.69,0.61,nan,nan,nan,0.46,0.63,17.26,8.86,0.89,21.09,18.64
design_6212,0.87,0.69,0.68,nan,nan,nan,0.5,0.74,13.88,7.3,0.88,23.87,17.99
design_6213,0.58,0.6,0.57,nan,nan,nan,0.45,0.58,11.21,6.09,0.88,7.34,9.08
design_6214,0.82,0.59,0.57,nan,nan,nan,0.48,0.65,8.88,5.06,0.88,7.78,9.79
design_6215,0.81,0.59,0.58,nan,nan,nan,0.47,0.65,17.07,8.83,0.89,22.1,14.56
design_6216,0.56,0.45,1.36,nan,nan,nan,0.62,1.03,16.05,8.35,0.89,17.96,13.22
design_6217,0.6,0.45,0.68,nan,nan,nan,0.46,0.61,17.7,8.99,0.9,15.8,7.58
design_6218,0.72,0.43,0.62,nan,nan,nan,0.44,0.61,16.9,8.73,0.89,17.35,16.05
design_6219,0.65,0.48,0.72,nan,nan,nan,0.48,0.65,17.42,8.94,0.9,12.54,7.36
design_6220,0.65,0.49,0.67,nan,nan,nan,0.48,0.63,17.28,8.84,0.9,14.24,11.13
design_6221,0.59,0.52,0.59,nan,nan,nan,0.44,0.58,17.34,8.84,0.9,20.99,13.06
design_6222,0.63,0.54,0.57,nan,nan,nan,0.43,0.58,17.28,8.89,0.9,15.83,9.17
design_6223,0.84,0.55,0.63,nan,nan,nan,0.5,0.67,16.57,8.6,0.89,14.15,10.11
design_6224,0.66,0.64,0.42,nan,nan,nan,0.42,0.55,15.03,7.84,0.9,23.44,22.73
design_6225,0.7,0.56,0.6,nan,nan,nan,0.45,0.62,15.79,8.21,0.9,14.53,12.36
design_6226,0.83,0.43,1.27,nan,nan,nan,0.58,1.0,14.48,7.74,0.88,14.59,11.09
design_6227,0.45,0.5,4.02,nan,nan,nan,1.32,2.81,7.63,4.64,0.88,10.77,12.29
design_6228,0.67,0.55,0.54,nan,nan,nan,0.44,0.58,15.17,7.93,0.89,14.34,11.68
design_6229,0.59,0.46,3.32,nan,nan,nan,1.13,2.33,11.19,6.33,0.87,9.99,11.22
design_6230,0.6,0.5,3.38,nan,nan,nan,1.14,2.37,10.45,5.98,0.87,9.86,10.9
design_6231,0.65,0.44,3.15,nan,nan,nan,1.08,2.22,12.59,6.89,0.88,9.08,9.95
design_6232,0.74,0.71,1.01,nan,nan,nan,0.55,0.86,13.36,7.32,0.87,17.42,19.19
design_6233,0.85,0.72,1.27,nan,nan,nan,0.6,1.02,12.05,6.71,0.87,2.71,3.12
design_6234,0.77,0.49,1.1,nan,nan,nan,0.56,0.88,10.38,6.0,0.86,5.53,6.75
design_6235,0.76,0.55,1.03,nan,nan,nan,0.53,0.85,18.31,9.65,0.87,32.37,16.1
design_6236,0.84,0.75,1.4,nan,nan,nan,0.63,1.1,13.99,7.71,0.87,6.72,8.58
design_6237,0.84,0.59,1.32,nan,nan,nan,0.61,1.03,13.37,7.45,0.87,3.69,2.94
design_6238,0.93,0.78,1.31,nan,nan,nan,0.62,1.08,13.67,7.5,0.87,11.47,13.91
design_6239,0.87,0.76,1.48,nan,nan,nan,0.65,1.15,14.48,7.91,0.88,2.55,2.57
design_6240,0.71,0.71,0.74,nan,nan,nan,0.49,0.73,15.17,7.88,0.9,23.32,28.53
design_6241,0.56,0.57,0.82,nan,nan,nan,0.48,0.7,16.51,8.54,0.89,21.21,15.87
design_6242,0.79,0.73,0.95,nan,nan,nan,0.53,0.86,16.86,8.69,0.89,25.08,23.86
design_6243,0.54,0.54,0.69,nan,nan,nan,0.46,0.62,15.38,7.9,0.91,20.8,21.96
design_6244,0.53,0.61,0.69,nan,nan,nan,0.46,0.63,15.87,8.14,0.9,23.03,26.6
design_6245,0.71,0.71,0.69,nan,nan,nan,0.48,0.7,15.66,8.04,0.91,21.77,24.47
design_6246,0.61,0.52,0.71,nan,nan,nan,0.47,0.64,16.14,8.27,0.9,22.95,27.93
design_6247,0.72,0.62,0.65,nan,nan,nan,0.45,0.66,16.13,8.3,0.9,23.02,27.64
design_6248,0.45,0.53,0.94,nan,nan,nan,0.45,0.7,9.37,5.27,0.88,18.15,16.24
design_6249,0.56,0.56,1.23,nan,nan,nan,0.52,0.88,13.89,7.38,0.89,14.73,11.6
design_6250,0.54,0.51,1.26,nan,nan,nan,0.53,0.88,11.12,6.08,0.89,17.48,15.48
design_6251,0.58,0.6,0.88,nan,nan,nan,0.47,0.71,12.01,6.56,0.88,19.51,16.19
design_6252,0.4,0.6,0.74,nan,nan,nan,0.45,0.6,12.63,6.77,0.89,23.03,15.78
design_6253,0.63,0.61,1.03,nan,nan,nan,0.49,0.8,15.8,8.2,0.9,10.88,11.93
design_6254,0.55,0.55,1.03,nan,nan,nan,0.48,0.77,10.52,5.78,0.89,18.05,16.26
design_6255,0.44,0.5,0.75,nan,nan,nan,0.45,0.59,14.41,7.57,0.9,19.2,12.55
design_6256,1.02,0.49,4.18,nan,nan,nan,1.26,2.75,11.67,6.62,0.88,13.8,9.68
design_6257,0.69,0.46,3.95,nan,nan,nan,1.18,2.57,12.01,6.64,0.88,12.26,9.45
design_6258,0.48,0.48,3.84,nan,nan,nan,1.13,2.49,13.6,7.14,0.9,23.37,17.3
design_6259,0.52,0.51,3.6,nan,nan,nan,1.09,2.34,13.75,7.24,0.9,11.77,9.86
design_6260,1.1,0.46,5.55,nan,nan,nan,1.62,3.61,14.01,7.67,0.88,15.37,8.39
design_6261,0.91,0.44,4.57,nan,nan,nan,1.35,2.98,13.95,7.51,0.89,20.05,17.84
design_6262,0.8,0.47,3.83,nan,nan,nan,1.15,2.5,10.45,5.99,0.88,16.19,13.7
design_6263,0.57,0.52,3.6,nan,nan,nan,1.08,2.34,12.22,6.56,0.89,16.77,15.1
design_6264,0.45,0.95,1.84,nan,nan,nan,0.69,1.3,10.91,5.96,0.89,1.48,1.77
design_6265,0.52,0.95,1.96,nan,nan,nan,0.7,1.38,13.33,7.06,0.9,24.29,24.92
design_6266,0.61,1.02,2.22,nan,nan,nan,0.77,1.55,13.15,6.99,0.89,3.39,4.5
design_6267,0.58,0.85,2.09,nan,nan,nan,0.74,1.45,14.67,7.66,0.9,10.21,11.73
design_6268,0.56,0.96,1.92,nan,nan,nan,0.69,1.36,13.85,7.3,0.89,24.31,23.9
design_6269,0.55,0.99,2.11,nan,nan,nan,0.74,1.48,14.73,7.68,0.9,9.41,10.87
design_6270,0.51,1.01,2.34,nan,nan,nan,0.79,1.61,13.59,7.19,0.89,21.92,22.09
design_6271,0.59,0.98,2.19,nan,nan,nan,0.77,1.53,12.96,6.91,0.89,3.07,2.92
design_6272,0.83,1.13,1.38,nan,nan,nan,0.62,1.14,13.11,6.98,0.89,19.49,17.65
design_6273,0.66,1.01,0.85,nan,nan,nan,0.56,0.85,10.85,6.0,0.89,6.47,7.71
design_6274,0.74,1.13,1.3,nan,nan,nan,0.59,1.08,15.31,7.99,0.9,15.29,10.51
design_6275,0.87,0.96,1.58,nan,nan,nan,0.62,1.19,15.66,8.15,0.9,26.44,11.97
design_6276,0.6,0.93,1.37,nan,nan,nan,0.57,1.02,13.99,7.39,0.89,10.46,8.37
design_6277,0.86,1.03,1.28,nan,nan,nan,0.61,1.07,15.0,7.83,0.9,28.4,20.05
design_6278,0.95,1.1,1.61,nan,nan,nan,0.66,1.26,15.56,8.1,0.9,30.55,13.64
design_6279,0.88,1.16,1.3,nan,nan,nan,0.61,1.12,13.26,7.03,0.9,23.52,23.85
design_6280,0.67,1.05,1.9,nan,nan,nan,0.64,1.24,12.58,6.93,0.87,10.04,8.44
design_6281,0.76,1.08,1.89,nan,nan,nan,0.65,1.27,12.06,6.73,0.87,7.42,8.88
design_6282,0.83,1.07,1.81,nan,nan,nan,0.63,1.25,11.11,6.28,0.87,23.2,22.9
design_6283,0.8,1.23,2.12,nan,nan,nan,0.7,1.41,11.84,6.63,0.87,15.35,15.32
design_6284,0.7,0.97,1.74,nan,nan,nan,0.61,1.16,11.36,6.42,0.87,5.29,5.02
design_6285,0.52,0.89,1.73,nan,nan,nan,0.61,1.1,3.43,2.62,0.9,3.08,2.23
design_6286,0.66,0.93,1.82,nan,nan,nan,0.64,1.18,6.1,3.98,0.87,7.66,5.15
design_6287,0.82,1.12,2.01,nan,nan,nan,0.66,1.34,10.99,6.22,0.87,20.43,21.6
design_6288,0.64,0.54,3.13,nan,nan,nan,0.92,1.99,15.46,8.09,0.9,13.67,16.98
design_6289,0.55,0.5,2.98,nan,nan,nan,0.88,1.89,14.21,7.59,0.89,18.71,22.46
design_6290,0.63,0.45,2.34,nan,nan,nan,0.74,1.51,15.99,8.39,0.89,18.21,11.35
design_6291,0.53,0.52,2.85,nan,nan,nan,0.85,1.81,16.14,8.44,0.9,9.91,10.69
design_6292,0.6,0.68,2.84,nan,nan,nan,0.85,1.82,14.41,7.66,0.89,7.54,6.2
design_6293,0.6,0.53,2.57,nan,nan,nan,0.79,1.65,16.3,8.51,0.89,11.47,8.69
design_6294,0.58,0.51,3.23,nan,nan,nan,0.94,2.04,15.47,8.07,0.9,10.6,13.23
design_6295,0.57,0.44,2.79,nan,nan,nan,0.83,1.77,16.05,8.4,0.9,4.97,4.54
design_6296,0.52,1.05,1.22,nan,nan,nan,0.59,1.01,8.05,4.74,0.89,2.29,2.65
design_6297,0.44,0.86,0.91,nan,nan,nan,0.51,0.78,8.96,5.03,0.89,1.0,0.97
design_6298,0.51,0.81,1.15,nan,nan,nan,0.56,0.91,12.98,7.05,0.89,3.54,2.46
design_6299,0.61,1.39,1.69,nan,nan,nan,0.72,1.37,11.97,6.38,0.9,3.22,2.25
design_6300,0.91,0.76,2.68,nan,nan,nan,0.93,1.88,12.69,7.21,0.86,13.42,6.22
design_6301,0.54,1.01,1.22,nan,nan,nan,0.59,1.0,6.12,3.96,0.88,1.86,2.63
design_6302,0.59,1.46,1.72,nan,nan,nan,0.73,1.39,10.84,6.3,0.86,4.32,3.3
design_6303,1.03,0.83,2.74,nan,nan,nan,0.95,1.94,15.38,8.28,0.88,39.54,18.34
design_6304,0.63,0.96,1.84,nan,nan,nan,0.66,1.3,14.13,7.44,0.9,8.97,8.07
design_6305,0.81,1.14,1.95,nan,nan,nan,0.71,1.43,14.59,7.68,0.9,7.62,6.41
design_6306,0.6,1.02,1.64,nan,nan,nan,0.64,1.2,10.35,5.77,0.88,3.23,3.6
design_6307,0.5,1.01,1.92,nan,nan,nan,0.67,1.34,14.52,7.65,0.9,25.96,14.24
design_6308,0.69,0.95,1.73,nan,nan,nan,0.64,1.25,12.42,6.77,0.88,25.38,13.01
design_6309,0.78,0.68,2.0,nan,nan,nan,0.68,1.36,15.72,8.2,0.9,29.05,14.51
design_6310,0.68,0.87,1.91,nan,nan,nan,0.67,1.33,14.31,7.58,0.89,24.99,21.34
design_6311,0.59,0.8,1.76,nan,nan,nan,0.63,1.22,14.88,7.81,0.9,26.65,19.81
design_6312,0.97,1.03,1.25,nan,nan,nan,0.57,1.07,8.54,5.1,0.87,3.27,4.59
design_6313,0.56,0.91,1.49,nan,nan,nan,0.54,1.01,14.06,7.53,0.89,27.48,17.31
design_6314,0.91,0.91,1.6,nan,nan,nan,0.59,1.14,12.56,6.93,0.89,21.14,21.1
design_6315,0.72,1.06,1.25,nan,nan,nan,0.53,1.0,11.65,6.51,0.87,0.81,1.33
design_6316,0.87,0.86,1.73,nan,nan,nan,0.59,1.17,13.58,7.4,0.89,14.79,11.7
design_6317,0.67,0.93,1.68,nan,nan,nan,0.57,1.11,13.0,7.08,0.88,11.66,12.18
design_6318,0.87,0.9,2.37,nan,nan,nan,0.73,1.46,7.1,4.47,0.87,2.62,3.61
design_6319,0.6,0.91,1.51,nan,nan,nan,0.55,1.02,13.2,7.16,0.88,18.4,15.07
design_6320,0.64,0.65,0.66,nan,nan,nan,0.48,0.65,16.93,8.58,0.91,14.62,17.29
design_6321,0.67,0.77,0.75,nan,nan,nan,0.52,0.73,16.42,8.38,0.9,13.57,15.54
design_6322,0.83,0.69,0.69,nan,nan,nan,0.52,0.73,16.73,8.6,0.9,11.53,9.69
design_6323,0.61,0.58,0.78,nan,nan,nan,0.51,0.7,15.43,7.95,0.9,23.04,25.41
design_6324,0.67,0.74,0.72,nan,nan,nan,0.5,0.71,15.65,8.04,0.9,20.62,23.22
design_6325,0.49,0.78,0.71,nan,nan,nan,0.49,0.67,15.83,8.14,0.9,18.55,17.71
design_6326,0.59,0.67,0.74,nan,nan,nan,0.51,0.69,15.31,7.83,0.91,22.39,25.01
design_6327,0.64,0.67,0.78,nan,nan,nan,0.51,0.72,16.61,8.53,0.9,18.08,17.07
design_6328,0.58,0.53,0.72,nan,nan,nan,0.47,0.64,13.51,7.12,0.89,10.68,13.07
design_6329,0.94,0.54,0.62,nan,nan,nan,0.5,0.71,5.81,3.68,0.9,19.07,10.5
design_6330,0.68,0.49,0.82,nan,nan,nan,0.51,0.72,17.09,8.71,0.9,17.41,12.54
design_6331,0.38,0.55,0.63,nan,nan,nan,0.43,0.55,16.83,8.63,0.9,9.11,6.6
design_6332,0.91,0.58,0.81,nan,nan,nan,0.52,0.79,16.72,8.58,0.9,15.86,15.02
design_6333,0.59,0.55,0.71,nan,nan,nan,0.47,0.64,16.86,8.65,0.9,20.38,21.13
design_6334,0.42,0.45,0.72,nan,nan,nan,0.45,0.59,16.62,8.51,0.9,14.94,9.91
design_6335,0.75,0.54,0.79,nan,nan,nan,0.5,0.73,14.09,7.43,0.89,11.42,14.18
design_6336,0.74,0.54,3.5,nan,nan,nan,1.19,2.47,13.93,7.42,0.89,10.53,10.39
design_6337,0.7,0.4,3.79,nan,nan,nan,1.27,2.66,13.98,7.45,0.89,11.4,8.45
design_6338,0.68,0.47,2.73,nan,nan,nan,0.97,1.94,14.15,7.69,0.88,9.84,10.95
design_6339,0.76,0.51,3.66,nan,nan,nan,1.24,2.58,12.93,7.01,0.88,16.8,17.01
design_6340,0.68,0.47,3.53,nan,nan,nan,1.2,2.48,14.78,7.81,0.89,11.69,11.87
design_6341,0.71,0.71,3.61,nan,nan,nan,1.23,2.55,13.1,7.01,0.89,13.2,13.79
design_6342,0.68,0.46,3.13,nan,nan,nan,1.09,2.21,14.3,7.73,0.87,15.97,16.03
design_6343,0.67,0.39,1.75,nan,nan,nan,0.71,1.28,14.43,7.67,0.89,10.39,7.75
design_6344,0.58,0.79,1.36,nan,nan,nan,0.61,1.05,13.19,7.17,0.88,18.73,19.64
design_6345,0.48,0.77,0.82,nan,nan,nan,0.49,0.72,14.54,7.79,0.88,21.22,16.39
design_6346,0.72,0.62,1.33,nan,nan,nan,0.59,1.03,14.97,7.95,0.89,13.87,11.85
design_6347,0.62,0.73,1.51,nan,nan,nan,0.64,1.13,14.02,7.47,0.89,17.01,18.95
design_6348,0.69,0.67,2.0,nan,nan,nan,0.73,1.45,16.63,8.82,0.87,17.06,15.18
design_6349,0.56,0.72,1.23,nan,nan,nan,0.58,0.96,12.11,6.48,0.89,18.62,19.52
design_6350,0.55,0.74,2.04,nan,nan,nan,0.75,1.46,12.21,6.89,0.87,17.93,17.87
design_6351,0.54,0.82,1.98,nan,nan,nan,0.75,1.43,12.83,7.29,0.86,19.07,20.1
design_6352,0.51,0.57,0.59,nan,nan,nan,0.46,0.56,15.75,8.13,0.9,25.43,20.1
design_6353,0.91,0.56,0.74,nan,nan,nan,0.53,0.75,14.98,7.78,0.89,10.92,10.73
design_6354,0.51,0.58,0.69,nan,nan,nan,0.48,0.62,16.55,8.53,0.89,21.77,18.78
design_6355,0.79,0.6,0.73,nan,nan,nan,0.52,0.72,12.81,6.82,0.89,6.11,4.14
design_6356,0.82,0.74,0.71,nan,nan,nan,0.52,0.75,14.62,7.61,0.9,9.71,8.85
design_6357,0.77,0.56,0.71,nan,nan,nan,0.5,0.7,15.09,7.81,0.9,9.26,6.85
design_6358,0.79,0.53,0.65,nan,nan,nan,0.5,0.67,15.46,7.98,0.9,3.82,3.04
design_6359,0.62,0.32,0.59,nan,nan,nan,0.44,0.55,16.39,8.48,0.89,30.64,16.18
design_6360,0.61,1.3,1.32,nan,nan,nan,0.63,1.12,3.22,2.5,0.9,1.6,0.94
design_6361,0.31,1.38,1.43,nan,nan,nan,0.61,1.15,3.68,2.73,0.89,1.94,1.21
design_6362,0.52,1.02,1.26,nan,nan,nan,0.53,0.98,3.15,2.46,0.9,1.57,0.94
design_6363,0.69,1.44,1.27,nan,nan,nan,0.61,1.16,14.08,7.5,0.89,27.48,19.9
design_6364,0.5,0.63,1.14,nan,nan,nan,0.5,0.81,3.28,2.52,0.9,1.55,1.06
design_6365,0.39,0.87,1.08,nan,nan,nan,0.5,0.83,12.43,6.64,0.89,24.38,24.16
design_6366,0.69,2.62,1.55,nan,nan,nan,0.83,1.75,12.83,6.96,0.89,23.69,24.08
design_6367,0.59,1.65,1.42,nan,nan,nan,0.67,1.28,3.15,2.45,0.9,2.14,1.16
design_6368,0.77,0.83,3.37,nan,nan,nan,1.08,2.3,12.3,6.91,0.87,12.99,11.78
design_6369,0.7,0.77,3.07,nan,nan,nan,1.0,2.1,12.95,7.26,0.86,9.79,8.95
design_6370,0.81,0.84,3.22,nan,nan,nan,1.04,2.21,12.08,6.87,0.86,12.65,11.64
design_6371,0.74,0.84,3.4,nan,nan,nan,1.09,2.32,14.88,8.11,0.87,9.33,8.21
design_6372,0.91,0.92,3.48,nan,nan,nan,1.13,2.39,4.95,3.51,0.88,14.4,12.39
design_6373,0.73,0.91,3.31,nan,nan,nan,1.07,2.27,12.82,7.14,0.86,12.58,10.98
design_6374,0.77,0.84,3.38,nan,nan,nan,1.09,2.31,12.09,6.78,0.87,13.02,11.66
design_6375,0.63,0.82,3.19,nan,nan,nan,1.03,2.17,13.36,7.38,0.87,15.64,12.4
design_6376,0.52,0.53,0.77,nan,nan,nan,0.48,0.66,16.32,8.4,0.9,20.03,14.85
design_6377,0.49,0.57,0.97,nan,nan,nan,0.5,0.78,13.54,7.17,0.89,15.17,14.31
design_6378,0.48,0.64,0.82,nan,nan,nan,0.48,0.7,16.29,8.36,0.9,23.67,17.11
design_6379,0.47,0.65,0.87,nan,nan,nan,0.48,0.73,16.81,8.66,0.9,24.8,15.57
design_6380,0.45,0.83,0.85,nan,nan,nan,0.49,0.76,15.14,7.87,0.9,12.93,11.26
design_6381,0.46,0.67,1.02,nan,nan,nan,0.52,0.82,15.84,8.26,0.89,16.32,18.78
design_6382,0.43,0.65,0.69,nan,nan,nan,0.45,0.62,17.33,8.9,0.9,19.4,14.96
design_6383,0.48,0.63,0.9,nan,nan,nan,0.48,0.75,17.85,9.13,0.9,28.02,23.1
design_6384,6.43,17.13,5.04,nan,nan,nan,8.92,10.77,12.62,7.53,0.84,12.01,11.9
design_6385,6.89,17.21,5.11,nan,nan,nan,8.96,10.92,11.93,7.17,0.85,15.81,13.43
design_6386,6.38,17.27,5.3,nan,nan,nan,8.98,10.87,13.54,7.89,0.86,16.39,17.45
design_6387,6.73,17.39,5.89,nan,nan,nan,9.0,11.1,14.0,8.23,0.85,12.36,12.69
design_6388,6.48,17.19,5.54,nan,nan,nan,8.96,10.88,11.68,6.91,0.85,15.61,13.86
design_6389,6.37,17.37,4.7,nan,nan,nan,8.92,10.82,9.55,6.24,0.84,13.17,13.41
design_6390,5.92,17.23,4.83,nan,nan,nan,8.94,10.68,8.62,5.55,0.85,12.49,13.09
design_6391,6.57,16.93,5.84,nan,nan,nan,8.91,10.82,12.89,7.58,0.86,10.74,10.74
design_6392,0.56,0.89,1.32,nan,nan,nan,0.58,1.02,12.16,6.57,0.88,2.86,1.56
design_6393,0.81,0.75,1.66,nan,nan,nan,0.63,1.22,15.74,8.39,0.89,41.51,17.37
design_6394,0.34,0.81,0.78,nan,nan,nan,0.45,0.68,10.18,5.67,0.88,3.7,3.75
design_6395,0.42,0.95,1.09,nan,nan,nan,0.54,0.89,12.47,6.77,0.88,6.68,5.07
design_6396,0.92,0.78,0.62,nan,nan,nan,0.49,0.77,11.27,6.24,0.88,4.76,2.87
design_6397,0.44,0.9,1.06,nan,nan,nan,0.5,0.86,12.5,6.75,0.88,3.63,2.9
design_6398,0.35,0.82,1.04,nan,nan,nan,0.49,0.81,13.11,6.99,0.89,4.03,3.27
design_6399,0.63,0.97,1.16,nan,nan,nan,0.56,0.97,12.08,6.6,0.88,2.85,1.6
design_6400,0.74,0.66,1.69,nan,nan,nan,0.63,1.18,9.28,5.27,0.88,24.7,25.26
design_6401,0.73,1.56,0.77,nan,nan,nan,0.58,1.05,4.02,3.01,0.88,1.16,0.94
design_6402,0.53,1.44,0.86,nan,nan,nan,0.57,0.98,4.25,3.1,0.88,1.12,1.0
design_6403,0.52,1.55,1.25,nan,nan,nan,0.63,1.17,4.82,3.37,0.88,2.05,1.38
design_6404,0.46,1.12,0.51,nan,nan,nan,0.47,0.73,4.06,3.02,0.89,1.77,1.57
design_6405,0.76,0.8,1.25,nan,nan,nan,0.56,0.99,15.47,8.2,0.88,18.21,9.56
design_6406,0.66,0.59,1.37,nan,nan,nan,0.55,0.98,14.19,7.56,0.89,23.31,10.76
design_6407,0.62,0.94,1.6,nan,nan,nan,0.64,1.17,13.92,7.46,0.89,31.08,16.91
design_6408,0.47,0.46,2.49,nan,nan,nan,0.88,1.76,13.75,7.8,0.86,14.11,16.87
design_6409,0.54,0.45,1.22,nan,nan,nan,0.58,0.92,14.41,7.83,0.88,20.11,20.58
design_6410,0.79,0.54,1.16,nan,nan,nan,0.6,0.95,14.26,7.75,0.87,17.33,18.55
design_6411,0.62,0.36,1.1,nan,nan,nan,0.55,0.85,15.12,8.25,0.87,16.06,14.96
design_6412,0.86,0.47,1.17,nan,nan,nan,0.59,0.95,14.26,7.84,0.87,19.21,18.88
design_6413,0.91,0.54,1.76,nan,nan,nan,0.73,1.34,15.83,8.65,0.87,19.03,20.78
design_6414,0.81,0.57,1.27,nan,nan,nan,0.62,1.02,13.18,7.41,0.87,19.99,20.67
design_6415,0.87,0.51,1.4,nan,nan,nan,0.65,1.1,12.68,7.24,0.86,19.39,19.29
design_6416,0.52,0.53,0.75,nan,nan,nan,0.48,0.65,16.3,8.44,0.89,18.39,10.43
design_6417,0.76,0.58,0.65,nan,nan,nan,0.48,0.66,16.43,8.53,0.89,14.33,13.05
design_6418,0.47,0.7,0.68,nan,nan,nan,0.47,0.63,15.15,7.85,0.9,22.21,25.18
design_6419,0.55,0.57,0.76,nan,nan,nan,0.48,0.66,14.68,7.72,0.89,22.16,25.49
design_6420,0.5,0.6,0.56,nan,nan,nan,0.44,0.56,16.71,8.57,0.9,19.56,22.24
design_6421,0.69,0.66,0.7,nan,nan,nan,0.48,0.69,15.05,7.8,0.9,22.32,24.4
design_6422,0.66,0.59,0.61,nan,nan,nan,0.48,0.62,13.22,7.08,0.89,13.8,18.48
design_6423,0.46,0.51,0.66,nan,nan,nan,0.45,0.58,16.93,8.71,0.9,15.67,9.37
design_6424,0.63,0.22,4.33,nan,nan,nan,1.32,2.88,15.3,8.46,0.86,21.65,21.36
design_6425,0.53,0.35,1.78,nan,nan,nan,0.66,1.22,14.89,8.03,0.88,8.45,10.78
design_6426,0.49,0.35,1.46,nan,nan,nan,0.59,1.02,10.88,6.2,0.87,3.82,2.54
design_6427,0.54,0.39,1.19,nan,nan,nan,0.54,0.86,12.51,7.01,0.86,1.92,1.42
design_6428,0.55,0.44,1.5,nan,nan,nan,0.6,1.06,13.51,7.36,0.87,3.36,3.23
design_6429,0.56,0.31,4.18,nan,nan,nan,1.28,2.78,16.72,9.07,0.87,14.71,18.27
design_6430,0.51,0.42,1.24,nan,nan,nan,0.55,0.89,14.27,7.68,0.88,8.11,10.5
design_6431,0.53,0.36,1.7,nan,nan,nan,0.64,1.17,11.16,6.33,0.87,2.61,2.53
design_6432,1.06,0.28,1.31,nan,nan,nan,0.58,1.01,13.37,7.04,0.89,24.87,15.26
design_6433,0.63,0.53,1.25,nan,nan,nan,0.51,0.88,11.83,6.48,0.88,3.41,2.58
design_6434,1.1,0.38,1.33,nan,nan,nan,0.59,1.04,13.97,7.27,0.9,23.23,15.45
design_6435,0.6,0.31,1.69,nan,nan,nan,0.56,1.07,12.86,6.85,0.89,24.56,20.62
design_6436,0.69,0.62,1.18,nan,nan,nan,0.5,0.87,14.47,7.81,0.88,16.04,14.53
design_6437,0.9,0.71,1.66,nan,nan,nan,0.63,1.18,7.84,4.71,0.87,6.9,9.05
design_6438,0.59,0.55,1.46,nan,nan,nan,0.54,0.98,8.86,5.25,0.87,5.7,7.38
design_6439,0.46,0.5,1.15,nan,nan,nan,0.47,0.78,10.4,5.95,0.88,4.89,6.01
design_6440,0.63,1.05,1.25,nan,nan,nan,0.54,0.98,11.58,6.5,0.87,21.09,21.23
design_6441,0.58,1.15,1.25,nan,nan,nan,0.55,1.0,10.05,5.79,0.87,2.71,3.09
design_6442,0.65,1.01,1.19,nan,nan,nan,0.54,0.95,12.59,6.96,0.88,17.76,19.15
design_6443,0.73,0.86,1.29,nan,nan,nan,0.54,0.96,11.95,6.65,0.88,16.26,16.89
design_6444,0.62,1.0,1.05,nan,nan,nan,0.51,0.89,11.75,6.55,0.88,22.89,22.38
design_6445,0.78,1.11,1.6,nan,nan,nan,0.59,1.17,13.34,7.31,0.88,3.44,2.1
design_6446,0.63,1.09,1.33,nan,nan,nan,0.55,1.02,13.11,7.21,0.88,6.26,3.9
design_6447,0.55,1.05,1.04,nan,nan,nan,0.51,0.89,7.31,4.53,0.87,1.3,1.2
design_6448,0.61,0.52,2.12,nan,nan,nan,0.76,1.5,11.96,6.85,0.86,20.54,21.75
design_6449,0.58,0.59,1.13,nan,nan,nan,0.53,0.88,15.16,8.2,0.87,16.82,19.2
design_6450,0.74,0.44,1.43,nan,nan,nan,0.61,1.07,15.62,8.39,0.87,22.0,11.58
design_6451,0.7,0.37,1.17,nan,nan,nan,0.55,0.9,15.85,8.45,0.86,21.06,20.25
design_6452,0.6,0.53,1.17,nan,nan,nan,0.55,0.89,13.87,7.44,0.88,18.23,21.05
design_6453,0.7,0.69,1.19,nan,nan,nan,0.56,0.95,14.14,7.58,0.88,19.44,22.57
design_6454,0.57,0.55,2.0,nan,nan,nan,0.73,1.42,12.54,7.14,0.86,21.27,22.92
design_6455,0.64,0.67,1.09,nan,nan,nan,0.53,0.88,15.06,7.99,0.89,16.8,19.69
design_6456,0.75,1.18,1.82,nan,nan,nan,0.65,1.3,11.88,6.4,0.89,23.94,24.92
design_6457,0.74,1.26,1.04,nan,nan,nan,0.6,1.02,12.4,6.67,0.89,4.82,3.59
design_6458,0.77,1.25,2.05,nan,nan,nan,0.71,1.43,11.9,6.54,0.88,23.29,23.29
design_6459,0.89,1.11,0.99,nan,nan,nan,0.57,0.99,11.48,6.32,0.88,23.45,24.51
design_6460,1.2,1.07,1.35,nan,nan,nan,0.69,1.21,11.74,6.27,0.9,23.3,24.56
design_6461,1.41,1.4,2.24,nan,nan,nan,0.83,1.71,12.62,6.82,0.89,23.18,23.26
design_6462,0.57,1.17,1.74,nan,nan,nan,0.64,1.23,12.73,6.96,0.88,19.77,20.12
design_6463,1.24,1.29,1.89,nan,nan,nan,0.77,1.49,9.33,5.34,0.88,5.92,7.76
design_6464,0.39,1.49,0.8,nan,nan,nan,0.56,0.96,4.38,3.15,0.88,1.79,1.46
design_6465,0.46,1.25,0.75,nan,nan,nan,0.53,0.85,6.49,4.19,0.86,2.74,1.65
design_6466,0.72,1.78,2.03,nan,nan,nan,0.81,1.65,15.49,8.24,0.88,27.79,17.99
design_6467,0.38,1.91,0.44,nan,nan,nan,0.59,1.06,4.24,3.02,0.88,2.74,1.63
design_6468,0.57,1.22,1.26,nan,nan,nan,0.6,1.08,6.87,4.34,0.87,7.55,7.48
design_6469,0.64,0.95,1.94,nan,nan,nan,0.71,1.38,14.83,7.89,0.88,20.84,12.94
design_6470,0.36,1.37,0.69,nan,nan,nan,0.53,0.86,5.69,3.76,0.87,3.34,1.75
design_6471,0.62,1.88,1.57,nan,nan,nan,0.74,1.45,14.69,7.85,0.88,17.01,11.69
design_6472,0.83,0.77,1.98,nan,nan,nan,0.76,1.46,13.11,6.99,0.89,5.47,6.1
design_6473,0.81,0.76,0.71,nan,nan,nan,0.51,0.76,14.49,7.85,0.88,18.55,20.03
design_6474,0.81,0.86,1.95,nan,nan,nan,0.76,1.46,13.74,7.4,0.88,2.19,2.07
design_6475,0.82,0.68,0.88,nan,nan,nan,0.54,0.82,14.34,7.77,0.88,7.52,6.4
design_6476,0.68,0.62,0.78,nan,nan,nan,0.52,0.71,14.05,7.61,0.88,10.37,11.36
design_6477,0.66,0.67,2.11,nan,nan,nan,0.79,1.51,13.52,7.17,0.89,4.66,3.12
design_6478,0.8,0.78,1.75,nan,nan,nan,0.72,1.32,13.26,7.26,0.88,4.73,4.37
design_6479,0.91,0.84,1.67,nan,nan,nan,0.7,1.3,13.9,7.57,0.88,8.93,9.78
design_6480,0.73,0.5,0.8,nan,nan,nan,0.52,0.71,4.67,3.18,0.89,1.34,1.45
design_6481,0.77,0.41,0.84,nan,nan,nan,0.54,0.73,9.13,5.25,0.88,1.48,1.45
design_6482,0.95,0.52,0.83,nan,nan,nan,0.53,0.8,12.27,6.6,0.89,2.63,1.93
design_6483,0.83,0.37,1.02,nan,nan,nan,0.55,0.84,10.39,5.74,0.89,6.05,6.71
design_6484,0.59,0.29,0.98,nan,nan,nan,0.5,0.75,11.18,6.06,0.89,2.74,3.22
design_6485,0.75,0.34,1.03,nan,nan,nan,0.54,0.83,10.14,5.65,0.89,7.16,7.39
design_6486,0.77,0.39,0.91,nan,nan,nan,0.53,0.77,11.89,6.51,0.88,8.38,5.43
design_6487,0.88,0.39,1.01,nan,nan,nan,0.56,0.85,11.26,6.15,0.89,6.23,6.27
design_6488,0.69,0.83,2.47,nan,nan,nan,0.85,1.72,17.52,9.43,0.87,22.03,13.61
design_6489,0.63,0.92,3.55,nan,nan,nan,1.14,2.41,17.77,9.41,0.88,32.84,13.02
design_6490,0.6,0.83,3.5,nan,nan,nan,1.12,2.37,17.69,9.37,0.88,34.12,13.5
design_6491,0.61,0.83,3.59,nan,nan,nan,1.14,2.43,18.12,9.64,0.87,21.89,9.39
design_6492,0.51,0.83,1.51,nan,nan,nan,0.63,1.12,12.61,7.08,0.87,18.18,15.18
design_6493,0.56,0.81,3.22,nan,nan,nan,1.04,2.19,17.85,9.38,0.88,37.01,15.53
design_6494,0.78,0.79,2.44,nan,nan,nan,0.86,1.71,14.11,7.77,0.87,13.92,14.43
design_6495,0.57,0.87,3.98,nan,nan,nan,1.24,2.68,17.5,9.33,0.88,14.05,12.61
design_6496,0.5,0.51,3.43,nan,nan,nan,1.08,2.29,14.84,8.05,0.88,11.0,13.93
design_6497,0.55,0.6,1.45,nan,nan,nan,0.61,1.05,14.51,7.95,0.87,16.59,20.99
design_6498,0.77,0.62,3.22,nan,nan,nan,1.05,2.19,15.29,8.3,0.88,9.39,12.29
design_6499,0.6,0.72,4.09,nan,nan,nan,1.27,2.74,15.63,8.49,0.87,19.0,22.92
design_6500,0.6,0.59,3.27,nan,nan,nan,1.06,2.2,15.36,8.3,0.88,20.9,24.9
design_6501,0.66,0.6,1.15,nan,nan,nan,0.56,0.9,11.82,6.66,0.87,20.54,23.6
design_6502,0.58,0.57,3.66,nan,nan,nan,1.15,2.45,15.63,8.44,0.88,7.47,6.22
design_6503,0.55,0.78,1.08,nan,nan,nan,0.58,0.87,4.07,3.02,0.89,1.99,1.81
design_6504,0.54,1.12,1.31,nan,nan,nan,0.63,1.06,11.76,6.39,0.89,12.25,12.19
design_6505,0.34,1.26,0.9,nan,nan,nan,0.53,0.89,9.93,5.56,0.88,3.6,2.75
design_6506,0.52,1.2,1.31,nan,nan,nan,0.63,1.08,12.32,6.64,0.89,5.38,6.14
design_6507,0.48,1.24,1.6,nan,nan,nan,0.66,1.24,11.86,6.46,0.88,1.18,1.44
design_6508,0.45,1.31,0.96,nan,nan,nan,0.59,0.96,11.87,6.45,0.88,8.68,5.69
design_6509,0.4,1.27,0.83,nan,nan,nan,0.55,0.88,10.7,5.88,0.88,2.59,2.62
design_6510,0.56,2.21,1.72,nan,nan,nan,0.79,1.62,13.38,7.15,0.89,23.18,22.95
design_6511,0.62,1.32,2.2,nan,nan,nan,0.79,1.61,13.36,7.11,0.89,24.79,23.99
design_6512,0.77,0.68,2.5,nan,nan,nan,0.7,1.46,13.97,7.62,0.88,19.13,14.8
design_6513,0.7,0.7,2.05,nan,nan,nan,0.64,1.23,11.78,6.56,0.87,25.16,19.03
design_6514,0.79,0.67,2.48,nan,nan,nan,0.7,1.45,10.59,6.01,0.87,21.13,19.01
design_6515,0.76,0.76,1.84,nan,nan,nan,0.6,1.17,13.09,7.19,0.87,8.59,5.64
design_6516,0.69,0.72,2.07,nan,nan,nan,0.63,1.25,11.55,6.57,0.86,11.91,12.61
design_6517,0.64,0.72,2.04,nan,nan,nan,0.62,1.22,14.75,7.93,0.88,21.67,19.57
design_6518,0.64,0.68,2.09,nan,nan,nan,0.63,1.23,12.88,7.07,0.89,20.31,20.01
design_6519,0.82,0.86,2.2,nan,nan,nan,0.68,1.36,12.28,6.89,0.87,14.6,16.31
design_6520,0.46,0.66,0.87,nan,nan,nan,0.47,0.69,4.22,3.03,0.88,1.29,1.34
design_6521,0.51,0.84,0.97,nan,nan,nan,0.49,0.79,11.54,6.32,0.89,25.16,24.76
design_6522,0.56,0.88,1.01,nan,nan,nan,0.52,0.84,14.77,7.85,0.89,22.53,16.96
design_6523,0.52,1.36,1.1,nan,nan,nan,0.57,1.04,12.64,6.9,0.89,24.5,24.26
design_6524,0.59,0.78,1.06,nan,nan,nan,0.52,0.84,11.94,6.49,0.88,24.03,23.96
design_6525,0.5,0.78,0.9,nan,nan,nan,0.49,0.74,12.72,6.87,0.88,4.8,2.84
design_6526,0.55,0.94,1.03,nan,nan,nan,0.51,0.86,13.4,7.13,0.9,4.63,3.11
design_6527,0.67,1.25,1.16,nan,nan,nan,0.57,1.05,13.17,7.15,0.88,7.42,6.92
design_6528,1.0,1.17,7.68,nan,nan,nan,2.29,5.13,15.16,8.19,0.88,21.41,16.03
design_6529,0.63,1.06,5.78,nan,nan,nan,1.75,3.87,15.72,8.61,0.87,16.31,11.1
design_6530,1.11,1.12,6.68,nan,nan,nan,2.02,4.49,16.18,8.79,0.87,9.89,6.11
design_6531,0.87,0.87,3.31,nan,nan,nan,1.07,2.28,12.59,7.18,0.86,9.45,5.2
design_6532,1.0,1.23,3.37,nan,nan,nan,1.11,2.38,13.55,7.59,0.87,12.08,6.58
design_6533,0.88,1.13,7.63,nan,nan,nan,2.28,5.09,14.38,7.91,0.87,21.85,17.14
design_6534,0.85,1.07,4.68,nan,nan,nan,1.45,3.17,15.24,8.39,0.87,17.1,9.93
design_6535,0.91,1.24,7.6,nan,nan,nan,2.27,5.08,14.28,7.83,0.87,21.64,16.38
design_6536,0.67,0.97,2.16,nan,nan,nan,0.76,1.52,13.5,7.48,0.87,9.9,8.26
design_6537,0.41,1.04,1.66,nan,nan,nan,0.66,1.21,13.83,7.6,0.87,11.62,6.52
design_6538,0.89,1.0,2.13,nan,nan,nan,0.78,1.54,15.41,8.28,0.89,7.76,5.84
design_6539,0.86,0.99,2.26,nan,nan,nan,0.81,1.61,14.04,7.8,0.87,8.58,6.5
design_6540,0.75,0.95,3.02,nan,nan,nan,0.97,2.04,15.12,8.34,0.86,8.41,7.15
design_6541,0.74,1.0,2.75,nan,nan,nan,0.9,1.88,14.28,7.93,0.88,17.06,13.9
design_6542,0.69,0.9,2.2,nan,nan,nan,0.77,1.53,14.39,7.92,0.87,5.2,3.72
design_6543,0.73,1.02,2.63,nan,nan,nan,0.88,1.81,16.1,8.73,0.88,8.46,5.35
design_6544,0.57,0.35,0.87,nan,nan,nan,0.41,0.63,13.06,6.96,0.89,17.68,10.67
design_6545,0.51,0.31,0.72,nan,nan,nan,0.38,0.54,8.33,4.84,0.88,1.37,1.57
design_6546,0.56,0.32,1.08,nan,nan,nan,0.44,0.72,11.9,6.48,0.88,5.48,5.56
design_6547,0.5,0.33,0.73,nan,nan,nan,0.41,0.54,5.92,3.72,0.88,5.34,6.11
design_6548,0.62,0.44,1.05,nan,nan,nan,0.47,0.74,12.65,6.86,0.88,8.29,7.39
design_6549,0.46,0.33,0.59,nan,nan,nan,0.4,0.47,8.65,4.98,0.88,4.53,5.13
design_6550,0.63,0.41,1.2,nan,nan,nan,0.47,0.81,9.85,5.63,0.87,6.69,8.47
design_6551,0.49,0.51,1.47,nan,nan,nan,0.52,0.92,12.57,6.82,0.88,7.88,6.7
design_6552,0.48,0.93,1.65,nan,nan,nan,0.68,1.23,15.37,8.27,0.88,20.82,23.35
design_6553,0.55,1.03,1.56,nan,nan,nan,0.66,1.21,15.92,8.55,0.88,17.38,15.93
design_6554,0.63,1.09,2.04,nan,nan,nan,0.78,1.52,16.99,8.98,0.88,17.82,16.69
design_6555,0.56,0.98,1.49,nan,nan,nan,0.64,1.16,15.77,8.45,0.88,17.81,16.59
design_6556,0.51,1.1,1.47,nan,nan,nan,0.65,1.17,15.34,8.29,0.88,13.44,12.8
design_6557,0.56,1.03,1.7,nan,nan,nan,0.69,1.29,16.36,8.74,0.88,20.34,20.86
design_6558,0.55,1.12,2.01,nan,nan,nan,0.78,1.5,16.02,8.6,0.88,18.31,16.79
design_6559,0.62,1.03,2.08,nan,nan,nan,0.8,1.54,15.76,8.43,0.88,16.51,14.16
design_6560,0.63,0.75,1.55,nan,nan,nan,0.55,1.0,10.52,5.91,0.88,22.44,22.4
design_6561,0.49,0.52,1.29,nan,nan,nan,0.48,0.8,10.59,5.98,0.87,23.06,21.48
design_6562,0.54,0.37,1.27,nan,nan,nan,0.45,0.78,10.53,5.97,0.88,23.02,22.57
design_6563,0.54,0.37,1.26,nan,nan,nan,0.47,0.78,11.01,6.23,0.88,22.39,21.02
design_6564,0.6,0.49,1.23,nan,nan,nan,0.48,0.8,10.46,5.96,0.88,23.41,22.54
design_6565,0.49,0.36,1.54,nan,nan,nan,0.52,0.89,10.44,5.92,0.87,5.35,4.07
design_6566,0.49,0.39,0.89,nan,nan,nan,0.43,0.6,15.03,8.07,0.88,24.64,15.16
design_6567,0.73,0.58,1.52,nan,nan,nan,0.55,0.98,10.09,5.68,0.89,22.46,22.03
design_6568,0.67,0.59,0.81,nan,nan,nan,0.49,0.72,15.84,8.28,0.89,14.71,9.3
design_6569,0.86,0.36,0.86,nan,nan,nan,0.54,0.77,17.15,8.91,0.89,13.06,7.99
design_6570,0.61,0.55,10.08,nan,nan,nan,3.22,7.0,14.97,8.45,0.86,18.69,19.42
design_6571,0.77,0.42,0.71,nan,nan,nan,0.48,0.67,15.44,8.08,0.89,13.75,8.51
design_6572,0.67,0.4,10.07,nan,nan,nan,3.21,6.99,15.02,8.38,0.86,14.6,12.5
design_6573,0.65,0.63,1.0,nan,nan,nan,0.55,0.84,15.34,8.0,0.9,17.2,12.64
design_6574,0.8,0.38,0.89,nan,nan,nan,0.55,0.77,17.81,9.23,0.88,17.76,13.6
design_6575,0.64,0.55,10.74,nan,nan,nan,3.42,7.45,13.35,7.67,0.86,20.55,22.31
design_6576,0.68,0.99,1.39,nan,nan,nan,0.58,1.07,12.55,6.68,0.9,20.65,12.91
design_6577,0.58,1.19,1.13,nan,nan,nan,0.56,0.99,10.1,5.61,0.89,1.76,1.55
design_6578,0.66,1.0,1.3,nan,nan,nan,0.56,1.02,14.64,7.65,0.9,14.74,10.06
design_6579,0.75,1.39,1.77,nan,nan,nan,0.69,1.37,13.48,7.3,0.88,2.71,1.92
design_6580,0.91,1.39,2.05,nan,nan,nan,0.78,1.53,9.77,5.48,0.88,5.65,7.52
design_6581,0.98,1.47,1.83,nan,nan,nan,0.73,1.47,12.18,6.67,0.88,1.99,1.75
design_6582,0.82,1.34,1.81,nan,nan,nan,0.7,1.39,11.12,6.21,0.88,1.72,2.13
design_6583,0.63,1.17,1.05,nan,nan,nan,0.54,0.97,11.89,6.41,0.89,1.7,1.9
design_6584,0.93,0.88,3.35,nan,nan,nan,1.17,2.41,12.93,7.18,0.87,8.44,8.01
design_6585,0.95,0.69,3.37,nan,nan,nan,1.16,2.41,14.82,8.0,0.87,16.54,18.46
design_6586,0.78,0.78,3.52,nan,nan,nan,1.2,2.5,16.37,8.76,0.88,15.84,11.46
design_6587,0.87,0.79,3.54,nan,nan,nan,1.22,2.53,13.47,7.46,0.87,10.87,11.95
design_6588,0.79,0.77,3.57,nan,nan,nan,1.22,2.54,13.12,7.36,0.87,14.38,16.03
design_6589,0.79,0.9,3.33,nan,nan,nan,1.15,2.38,16.51,8.8,0.88,17.6,10.43
design_6590,0.84,0.72,3.12,nan,nan,nan,1.09,2.23,16.32,8.74,0.88,17.54,15.68
design_6591,0.87,0.82,3.52,nan,nan,nan,1.2,2.51,16.07,8.54,0.88,13.52,14.2
design_6592,0.6,0.87,1.6,nan,nan,nan,0.62,1.14,15.54,8.2,0.89,36.56,14.12
design_6593,0.47,0.9,1.72,nan,nan,nan,0.64,1.2,14.48,7.59,0.9,5.7,4.94
design_6594,0.75,0.74,1.98,nan,nan,nan,0.69,1.35,15.81,8.31,0.88,11.34,4.98
design_6595,0.63,0.88,1.58,nan,nan,nan,0.63,1.14,14.43,7.73,0.89,23.11,16.52
design_6596,0.41,0.86,1.85,nan,nan,nan,0.67,1.26,12.59,6.75,0.9,23.69,21.82
design_6597,0.62,0.84,1.7,nan,nan,nan,0.65,1.2,15.31,8.11,0.89,12.37,13.18
design_6598,0.54,0.86,2.01,nan,nan,nan,0.7,1.36,15.87,8.22,0.9,43.27,18.26
design_6599,0.44,0.87,1.5,nan,nan,nan,0.59,1.06,9.6,5.36,0.88,2.77,1.87
design_6600,0.55,1.01,1.68,nan,nan,nan,0.61,1.19,13.76,7.29,0.9,7.72,4.97
design_6601,0.38,0.97,1.83,nan,nan,nan,0.63,1.23,12.12,6.52,0.89,6.87,4.73
design_6602,0.5,1.02,1.83,nan,nan,nan,0.63,1.25,11.74,6.41,0.89,8.84,6.16
design_6603,0.36,0.96,1.85,nan,nan,nan,0.63,1.24,11.09,6.11,0.88,7.26,4.92
design_6604,0.56,0.97,1.62,nan,nan,nan,0.59,1.14,11.77,6.36,0.89,6.92,4.8
design_6605,0.93,1.03,2.48,nan,nan,nan,0.79,1.67,12.67,6.83,0.89,26.75,15.59
design_6606,0.69,0.9,2.55,nan,nan,nan,0.8,1.64,13.07,7.04,0.88,9.15,10.14
design_6607,0.61,0.94,2.02,nan,nan,nan,0.67,1.35,12.14,6.55,0.89,7.98,5.94
design_6608,0.67,0.56,2.1,nan,nan,nan,0.77,1.49,15.61,8.43,0.87,20.68,19.81
design_6609,0.66,0.74,1.64,nan,nan,nan,0.68,1.23,14.77,8.08,0.87,16.82,14.18
design_6610,0.78,0.53,2.05,nan,nan,nan,0.79,1.47,15.03,8.11,0.87,6.02,6.53
design_6611,0.69,0.68,3.06,nan,nan,nan,1.03,2.13,12.97,7.31,0.86,16.1,15.28
design_6612,0.85,0.57,1.67,nan,nan,nan,0.69,1.25,15.73,8.48,0.87,13.82,11.56
design_6613,0.7,0.61,2.11,nan,nan,nan,0.79,1.51,15.51,8.38,0.88,27.16,13.54
design_6614,0.56,0.71,2.03,nan,nan,nan,0.76,1.45,10.69,6.06,0.87,17.1,18.14
design_6615,0.69,0.66,1.86,nan,nan,nan,0.73,1.35,16.56,8.85,0.88,15.32,16.01
design_6616,0.58,0.49,1.72,nan,nan,nan,0.61,1.11,13.48,7.2,0.9,22.6,21.06
design_6617,0.66,0.56,2.0,nan,nan,nan,0.67,1.28,14.89,7.87,0.89,27.71,20.03
design_6618,0.61,0.76,1.79,nan,nan,nan,0.64,1.19,14.55,7.69,0.9,24.55,21.05
design_6619,0.5,1.37,0.95,nan,nan,nan,0.58,0.98,3.11,2.41,0.9,2.15,1.35
design_6620,0.53,0.59,1.44,nan,nan,nan,0.54,0.97,13.99,7.47,0.89,22.26,21.46
design_6621,0.8,0.71,2.79,nan,nan,nan,0.84,1.76,5.53,3.65,0.88,5.25,4.08
design_6622,0.71,0.61,1.59,nan,nan,nan,0.61,1.09,13.17,7.13,0.89,17.86,6.97
design_6623,0.58,0.51,1.65,nan,nan,nan,0.61,1.08,13.42,7.14,0.9,21.71,20.03
design_6624,0.7,0.75,1.26,nan,nan,nan,0.52,0.96,14.1,7.49,0.89,18.01,11.26
design_6625,0.6,0.71,1.22,nan,nan,nan,0.51,0.91,14.21,7.56,0.89,18.85,18.15
design_6626,0.59,0.74,1.5,nan,nan,nan,0.56,1.06,13.76,7.32,0.89,26.85,17.2
design_6627,0.63,0.6,1.43,nan,nan,nan,0.53,1.0,11.66,6.32,0.89,24.51,23.74
design_6628,0.89,0.86,1.41,nan,nan,nan,0.6,1.11,14.88,7.84,0.9,21.5,19.8
design_6629,0.63,0.74,1.38,nan,nan,nan,0.54,1.01,14.8,7.75,0.9,10.59,8.8
design_6630,0.53,0.73,1.25,nan,nan,nan,0.51,0.92,14.53,7.68,0.9,14.35,15.91
design_6631,0.63,0.7,1.55,nan,nan,nan,0.57,1.09,10.21,5.67,0.89,24.61,24.36
design_6632,0.46,0.46,1.47,nan,nan,nan,0.54,0.94,10.14,5.63,0.89,18.04,16.22
design_6633,0.31,0.5,1.38,nan,nan,nan,0.54,0.88,10.74,5.89,0.89,17.77,15.99
design_6634,0.28,0.45,1.1,nan,nan,nan,0.48,0.72,13.65,7.22,0.89,29.38,16.91
design_6635,0.34,0.45,1.08,nan,nan,nan,0.48,0.71,13.73,7.31,0.88,26.65,17.86
design_6636,0.3,0.43,1.01,nan,nan,nan,0.49,0.67,14.29,7.52,0.9,23.84,15.44
design_6637,0.5,0.32,1.38,nan,nan,nan,0.55,0.88,14.51,7.69,0.89,23.99,14.06
design_6638,0.31,0.47,1.24,nan,nan,nan,0.49,0.8,14.88,7.81,0.89,24.28,15.19
design_6639,0.33,0.34,1.13,nan,nan,nan,0.5,0.72,12.49,6.75,0.89,23.85,14.77
design_6640,0.71,0.95,1.93,nan,nan,nan,0.68,1.36,15.41,8.04,0.9,26.28,16.25
design_6641,0.51,0.77,1.31,nan,nan,nan,0.55,0.96,11.84,6.4,0.89,5.48,4.14
design_6642,0.95,0.56,2.07,nan,nan,nan,0.7,1.42,13.44,7.2,0.89,25.77,21.54
design_6643,0.78,0.91,1.5,nan,nan,nan,0.62,1.14,11.06,6.22,0.88,5.16,3.37
design_6644,0.76,0.85,1.82,nan,nan,nan,0.67,1.29,14.82,7.77,0.9,23.84,17.29
design_6645,0.94,0.52,1.31,nan,nan,nan,0.57,1.01,9.24,5.28,0.88,4.79,2.67
design_6646,0.72,0.77,1.48,nan,nan,nan,0.59,1.08,12.04,6.52,0.88,3.7,2.53
design_6647,0.76,0.87,1.83,nan,nan,nan,0.67,1.29,13.94,7.35,0.89,18.13,10.89
design_6648,0.51,0.77,0.85,nan,nan,nan,0.49,0.74,12.39,6.75,0.88,23.85,25.18
design_6649,0.44,0.72,0.77,nan,nan,nan,0.46,0.67,14.14,7.66,0.88,14.32,15.71
design_6650,0.46,0.85,0.84,nan,nan,nan,0.48,0.75,11.46,6.37,0.88,24.77,26.01
design_6651,0.49,0.68,1.03,nan,nan,nan,0.51,0.81,13.51,7.37,0.88,19.97,21.09
design_6652,0.46,0.69,0.81,nan,nan,nan,0.47,0.69,12.35,6.77,0.88,21.06,22.58
design_6653,0.65,0.82,0.94,nan,nan,nan,0.52,0.83,14.18,7.67,0.88,23.73,23.36
design_6654,0.49,0.77,0.9,nan,nan,nan,0.49,0.76,13.93,7.5,0.89,23.47,23.9
design_6655,0.47,0.73,0.8,nan,nan,nan,0.48,0.7,13.52,7.29,0.88,20.67,21.8
design_6656,0.51,0.63,2.15,nan,nan,nan,0.81,1.54,10.17,5.87,0.87,18.47,17.65
design_6657,0.58,0.69,2.34,nan,nan,nan,0.86,1.68,13.07,7.41,0.86,18.14,18.51
design_6658,0.28,0.65,1.87,nan,nan,nan,0.72,1.34,6.44,4.15,0.88,20.49,20.45
design_6659,0.47,0.58,2.54,nan,nan,nan,0.91,1.8,13.55,7.4,0.87,6.89,7.44
design_6660,0.55,0.54,1.97,nan,nan,nan,0.76,1.42,14.85,8.08,0.87,13.45,8.64
design_6661,0.41,0.69,1.77,nan,nan,nan,0.7,1.29,6.15,3.99,0.88,20.62,20.54
design_6662,0.49,0.56,2.09,nan,nan,nan,0.79,1.49,14.41,7.94,0.87,8.03,8.2
design_6663,0.56,0.74,1.99,nan,nan,nan,0.77,1.45,10.47,6.1,0.87,18.29,18.09
design_6664,0.53,0.54,0.73,nan,nan,nan,0.48,0.64,16.41,8.45,0.9,10.31,9.83
design_6665,0.71,0.7,0.7,nan,nan,nan,0.51,0.7,15.71,8.06,0.9,16.81,13.1
design_6666,0.67,0.6,0.72,nan,nan,nan,0.51,0.68,16.95,8.67,0.9,23.25,13.5
design_6667,0.69,0.5,0.8,nan,nan,nan,0.5,0.71,16.29,8.39,0.9,12.03,14.64
design_6668,0.68,0.56,0.71,nan,nan,nan,0.5,0.67,12.59,6.69,0.89,10.94,14.0
design_6669,0.54,0.55,0.69,nan,nan,nan,0.49,0.62,16.17,8.3,0.9,20.67,10.47
design_6670,0.7,0.66,0.73,nan,nan,nan,0.52,0.71,17.02,8.74,0.9,24.22,13.07
design_6671,0.57,0.62,0.68,nan,nan,nan,0.48,0.64,16.15,8.29,0.9,22.8,23.81
design_6672,0.42,0.41,1.3,nan,nan,nan,0.49,0.81,3.98,2.77,0.9,0.82,0.83
design_6673,0.42,0.88,1.22,nan,nan,nan,0.53,0.88,4.35,3.01,0.89,0.89,0.74
design_6674,0.53,0.47,1.36,nan,nan,nan,0.51,0.87,12.75,6.82,0.89,8.4,3.47
design_6675,0.69,0.52,1.18,nan,nan,nan,0.52,0.84,14.78,7.79,0.9,36.06,14.64
design_6676,0.5,0.53,1.27,nan,nan,nan,0.51,0.83,4.79,3.21,0.89,2.5,1.39
design_6677,0.55,0.34,1.09,nan,nan,nan,0.49,0.72,11.24,6.17,0.88,22.06,20.37
design_6678,0.47,0.37,1.17,nan,nan,nan,0.49,0.75,11.95,6.49,0.89,5.13,6.27
design_6679,0.48,0.34,1.22,nan,nan,nan,0.49,0.77,4.94,3.29,0.89,0.66,0.66
design_6680,0.46,0.48,1.01,nan,nan,nan,0.49,0.69,8.88,5.15,0.87,4.13,5.43
design_6681,0.34,0.5,0.96,nan,nan,nan,0.46,0.64,9.37,5.4,0.87,3.91,4.98
design_6682,0.34,0.59,0.87,nan,nan,nan,0.45,0.63,4.1,2.92,0.89,0.61,0.66
design_6683,0.32,0.53,1.41,nan,nan,nan,0.51,0.87,11.54,6.35,0.88,2.93,3.59
design_6684,0.52,0.52,0.88,nan,nan,nan,0.46,0.66,7.02,4.28,0.87,4.54,5.81
design_6685,0.35,0.71,1.12,nan,nan,nan,0.49,0.77,10.08,5.75,0.87,3.55,4.46
design_6686,0.43,0.7,1.11,nan,nan,nan,0.5,0.78,12.58,6.87,0.88,3.24,3.77
design_6687,0.41,0.63,0.93,nan,nan,nan,0.48,0.68,4.48,3.11,0.88,0.67,0.71
design_6688,0.68,0.54,1.25,nan,nan,nan,0.51,0.91,15.75,8.18,0.9,23.63,19.68
design_6689,0.62,0.48,1.39,nan,nan,nan,0.52,0.96,14.14,7.49,0.89,5.09,3.62
design_6690,0.69,0.43,1.45,nan,nan,nan,0.54,1.01,11.98,6.48,0.89,23.52,23.16
design_6691,0.8,0.56,1.82,nan,nan,nan,0.63,1.25,14.11,7.43,0.9,15.68,9.77
design_6692,0.72,0.56,1.5,nan,nan,nan,0.55,1.06,13.18,7.05,0.89,2.15,2.29
design_6693,0.59,0.86,1.04,nan,nan,nan,0.52,0.86,7.58,4.54,0.88,3.34,1.84
design_6694,0.51,0.4,1.39,nan,nan,nan,0.5,0.93,14.11,7.46,0.89,21.77,18.86
design_6695,0.7,0.5,1.52,nan,nan,nan,0.56,1.05,14.66,7.73,0.89,15.71,9.94
design_6696,0.7,0.74,1.3,nan,nan,nan,0.57,0.98,9.75,5.51,0.88,2.87,2.38
design_6697,0.75,1.08,1.7,nan,nan,nan,0.64,1.28,15.24,7.98,0.9,29.07,19.36
design_6698,0.69,0.63,1.15,nan,nan,nan,0.5,0.88,15.04,7.87,0.9,9.86,9.98
design_6699,0.82,0.96,1.76,nan,nan,nan,0.66,1.29,13.54,7.18,0.89,16.8,11.16
design_6700,0.71,0.74,1.53,nan,nan,nan,0.58,1.1,15.51,8.09,0.9,13.68,7.15
design_6701,0.71,0.69,1.49,nan,nan,nan,0.56,1.07,15.03,7.88,0.9,21.5,19.7
design_6702,0.63,0.71,1.11,nan,nan,nan,0.49,0.87,13.49,7.16,0.89,18.07,10.24
design_6703,0.6,0.69,1.31,nan,nan,nan,0.52,0.95,13.38,7.13,0.9,2.54,3.1
design_6704,0.58,0.6,0.75,nan,nan,nan,0.48,0.68,15.89,8.13,0.9,18.27,10.39
design_6705,0.7,0.56,0.9,nan,nan,nan,0.54,0.78,15.14,7.82,0.9,12.94,12.53
design_6706,0.66,0.58,0.87,nan,nan,nan,0.52,0.76,15.28,7.91,0.9,20.74,22.33
design_6707,0.7,0.61,0.8,nan,nan,nan,0.51,0.73,15.74,8.1,0.9,22.7,22.76
design_6708,0.26,0.46,0.66,nan,nan,nan,0.43,0.53,15.98,8.23,0.9,9.4,8.76
design_6709,0.52,0.51,0.7,nan,nan,nan,0.48,0.62,16.03,8.35,0.89,22.83,14.6
design_6710,0.49,0.61,0.71,nan,nan,nan,0.47,0.63,15.16,7.86,0.9,20.83,19.82
design_6711,0.67,0.71,0.85,nan,nan,nan,0.53,0.77,14.88,7.71,0.9,21.92,24.23
design_6712,0.69,0.41,4.9,nan,nan,nan,1.56,3.34,16.2,8.91,0.87,18.24,23.53
design_6713,0.64,0.33,1.06,nan,nan,nan,0.52,0.82,16.76,8.74,0.88,18.19,13.08
design_6714,0.9,0.51,5.31,nan,nan,nan,1.68,3.63,15.37,8.57,0.87,20.39,25.89
design_6715,0.72,0.33,1.27,nan,nan,nan,0.58,0.96,16.04,8.49,0.88,10.65,11.27
design_6716,0.88,0.45,0.84,nan,nan,nan,0.52,0.77,18.97,9.7,0.89,30.88,12.82
design_6717,0.81,0.53,6.45,nan,nan,nan,2.01,4.39,15.98,8.85,0.87,12.69,6.42
design_6718,0.67,0.45,5.02,nan,nan,nan,1.59,3.42,13.62,7.85,0.85,11.18,9.32
design_6719,0.69,0.31,1.17,nan,nan,nan,0.54,0.89,15.73,8.27,0.88,10.6,9.93
design_6720,1.12,1.14,1.15,nan,nan,nan,0.59,1.13,12.44,6.87,0.88,23.9,22.04
design_6721,1.26,1.25,1.12,nan,nan,nan,0.61,1.22,11.34,6.35,0.88,17.19,15.48
design_6722,0.9,1.17,1.18,nan,nan,nan,0.58,1.08,11.72,6.52,0.88,23.05,21.39
design_6723,1.12,1.25,1.13,nan,nan,nan,0.6,1.17,12.78,7.02,0.88,13.51,12.46
design_6724,0.7,1.25,1.1,nan,nan,nan,0.56,1.03,12.27,6.77,0.88,19.26,22.08
design_6725,1.13,1.25,1.28,nan,nan,nan,0.62,1.21,13.19,7.23,0.88,10.12,8.5
design_6726,1.05,1.28,1.09,nan,nan,nan,0.59,1.14,11.71,6.56,0.88,23.45,23.57
design_6727,1.21,1.16,1.05,nan,nan,nan,0.59,1.15,13.38,7.29,0.88,13.04,8.67
design_6728,0.63,0.59,1.0,nan,nan,nan,0.54,0.82,15.7,8.48,0.87,8.41,6.65
design_6729,0.56,0.66,1.09,nan,nan,nan,0.53,0.87,16.68,8.86,0.87,15.42,13.66
design_6730,0.58,0.58,2.36,nan,nan,nan,0.86,1.69,14.39,7.97,0.86,10.87,11.81
design_6731,0.31,0.54,1.65,nan,nan,nan,0.67,1.19,12.36,7.03,0.86,5.48,5.72
design_6732,0.57,0.52,2.61,nan,nan,nan,0.93,1.85,15.22,8.12,0.88,9.79,10.89
design_6733,0.43,0.59,1.64,nan,nan,nan,0.67,1.19,14.36,7.69,0.88,12.34,12.5
design_6734,0.48,0.53,1.36,nan,nan,nan,0.6,1.01,12.6,7.07,0.86,13.31,12.46
design_6735,0.57,0.64,0.97,nan,nan,nan,0.52,0.8,15.67,8.4,0.88,22.84,20.19
design_6736,0.57,0.35,1.1,nan,nan,nan,0.5,0.78,13.5,7.24,0.89,17.7,9.35
design_6737,0.52,0.31,0.92,nan,nan,nan,0.48,0.66,14.44,7.6,0.89,15.58,13.31
design_6738,0.37,0.34,0.78,nan,nan,nan,0.47,0.56,9.63,5.46,0.88,3.94,3.15
design_6739,0.55,0.56,1.08,nan,nan,nan,0.5,0.8,10.97,6.12,0.88,24.24,24.62
design_6740,0.45,0.47,1.18,nan,nan,nan,0.53,0.81,13.21,7.06,0.89,23.17,19.69
design_6741,0.49,0.4,1.08,nan,nan,nan,0.5,0.76,14.53,7.63,0.89,18.09,12.49
design_6742,0.53,0.52,1.13,nan,nan,nan,0.54,0.81,12.13,6.59,0.89,17.89,19.57
design_6743,0.66,0.34,1.16,nan,nan,nan,0.55,0.83,11.72,6.39,0.88,20.14,16.72
design_6744,0.57,2.49,1.72,nan,nan,nan,0.82,1.73,5.84,3.82,0.87,1.7,1.67
design_6745,0.87,2.76,1.87,nan,nan,nan,0.88,1.94,14.2,7.7,0.88,29.3,15.13
design_6746,0.58,2.58,2.16,nan,nan,nan,0.88,1.93,12.02,6.67,0.86,5.74,3.38
design_6747,0.65,2.86,1.54,nan,nan,nan,0.85,1.85,14.08,7.49,0.89,21.42,14.36
design_6748,0.51,4.49,1.19,nan,nan,nan,1.13,2.58,2.87,2.31,0.9,2.51,2.4
design_6749,0.35,2.6,1.44,nan,nan,nan,0.78,1.67,3.77,2.8,0.89,1.26,1.77
design_6750,0.6,3.02,1.97,nan,nan,nan,0.93,2.05,14.19,7.53,0.89,24.49,20.88
design_6751,0.69,2.49,1.87,nan,nan,nan,0.83,1.8,12.89,7.02,0.88,6.1,6.81
design_6752,0.67,0.71,1.12,nan,nan,nan,0.56,0.92,12.89,7.15,0.87,2.46,2.41
design_6753,0.91,0.92,0.94,nan,nan,nan,0.58,0.93,13.63,7.38,0.88,5.88,6.23
design_6754,0.64,0.82,1.01,nan,nan,nan,0.54,0.88,12.37,6.76,0.88,3.09,2.9
design_6755,0.63,0.66,1.07,nan,nan,nan,0.54,0.87,11.28,6.3,0.88,6.53,6.63
design_6756,0.54,0.51,1.27,nan,nan,nan,0.56,0.96,12.54,6.91,0.87,6.94,3.79
design_6757,0.62,0.71,1.27,nan,nan,nan,0.59,1.0,12.97,7.05,0.87,17.47,14.24
design_6758,0.59,0.76,0.78,nan,nan,nan,0.49,0.73,11.76,6.52,0.88,5.45,4.56
design_6759,0.6,0.75,1.15,nan,nan,nan,0.56,0.94,12.27,6.7,0.88,6.11,6.68
design_6760,0.41,0.52,2.42,nan,nan,nan,0.86,1.71,17.17,9.23,0.87,23.44,10.69
design_6761,0.38,0.8,2.17,nan,nan,nan,0.81,1.56,14.38,7.8,0.88,17.76,17.06
design_6762,0.45,0.58,1.06,nan,nan,nan,0.52,0.82,3.41,2.58,0.9,16.12,10.92
design_6763,0.51,0.74,1.77,nan,nan,nan,0.7,1.31,12.27,6.89,0.87,18.9,16.41
design_6764,0.61,0.56,1.26,nan,nan,nan,0.6,0.97,13.57,7.54,0.86,15.26,12.57
design_6765,0.49,0.59,1.5,nan,nan,nan,0.63,1.11,14.79,8.31,0.85,11.34,9.3
design_6766,0.42,0.67,2.3,nan,nan,nan,0.84,1.64,13.14,7.36,0.86,15.35,11.77
design_6767,0.33,0.67,1.1,nan,nan,nan,0.52,0.85,12.57,7.03,0.87,17.07,15.06
design_6768,0.59,0.73,1.15,nan,nan,nan,0.55,0.9,12.83,7.02,0.89,16.63,13.26
design_6769,0.57,0.72,0.97,nan,nan,nan,0.51,0.8,12.44,6.9,0.88,17.49,13.14
design_6770,0.71,0.79,0.93,nan,nan,nan,0.53,0.83,13.93,7.36,0.9,26.31,17.19
design_6771,0.58,0.74,0.92,nan,nan,nan,0.51,0.78,10.41,5.82,0.89,16.43,14.09
design_6772,0.55,0.68,0.93,nan,nan,nan,0.51,0.77,12.78,6.91,0.9,18.28,14.77
design_6773,0.51,0.61,0.93,nan,nan,nan,0.5,0.74,11.28,6.21,0.89,18.15,14.01
design_6774,0.55,0.7,1.0,nan,nan,nan,0.52,0.81,11.98,6.54,0.89,17.19,14.65
design_6775,0.62,0.75,0.97,nan,nan,nan,0.52,0.82,11.96,6.5,0.89,17.09,13.82
design_6776,0.83,0.88,0.9,nan,nan,nan,0.52,0.87,12.47,6.92,0.88,23.1,20.52
design_6777,0.89,0.84,1.34,nan,nan,nan,0.58,1.02,14.91,8.06,0.88,24.73,19.47
design_6778,0.63,0.77,1.53,nan,nan,nan,0.55,1.0,14.52,7.84,0.88,26.72,19.16
design_6779,0.68,0.75,0.9,nan,nan,nan,0.48,0.77,12.14,6.76,0.87,17.59,17.26
design_6780,1.01,0.63,0.98,nan,nan,nan,0.55,0.89,13.55,7.38,0.89,7.81,8.21
design_6781,0.74,0.67,1.31,nan,nan,nan,0.53,0.92,8.12,4.91,0.87,2.87,1.72
design_6782,0.67,0.88,0.99,nan,nan,nan,0.5,0.84,13.0,7.12,0.88,22.26,23.21
design_6783,0.86,0.65,1.33,nan,nan,nan,0.55,0.96,14.65,7.88,0.88,34.55,14.16
design_6784,0.38,1.21,1.33,nan,nan,nan,0.58,1.02,11.24,6.38,0.87,20.27,17.65
design_6785,0.41,1.28,1.42,nan,nan,nan,0.6,1.09,12.95,7.09,0.88,19.89,16.96
design_6786,0.54,1.39,2.19,nan,nan,nan,0.71,1.44,11.72,6.61,0.87,23.85,21.1
design_6787,0.62,0.65,1.52,nan,nan,nan,0.56,0.96,12.16,6.74,0.87,20.04,15.87
design_6788,0.62,1.25,2.13,nan,nan,nan,0.68,1.39,12.09,6.75,0.87,21.4,17.22
design_6789,0.74,1.25,2.57,nan,nan,nan,0.77,1.61,12.25,6.82,0.88,19.89,16.8
design_6790,0.63,1.1,1.5,nan,nan,nan,0.61,1.08,11.22,6.33,0.87,22.71,18.86
design_6791,0.49,1.25,2.8,nan,nan,nan,0.79,1.67,9.71,5.65,0.87,24.74,22.32
design_6792,0.7,1.57,1.0,nan,nan,nan,0.58,1.14,12.83,7.14,0.88,23.65,19.95
design_6793,0.73,1.44,1.4,nan,nan,nan,0.62,1.2,4.75,3.52,0.87,1.58,1.2
design_6794,0.67,1.87,0.96,nan,nan,nan,0.63,1.26,12.69,7.09,0.88,23.59,22.67
design_6795,0.71,1.52,0.88,nan,nan,nan,0.56,1.09,12.53,7.03,0.87,23.1,20.7
design_6796,0.82,1.84,0.91,nan,nan,nan,0.63,1.27,10.44,6.04,0.87,24.14,22.18
design_6797,0.68,1.71,1.04,nan,nan,nan,0.6,1.2,11.69,6.69,0.87,24.19,22.16
design_6798,0.76,1.85,1.06,nan,nan,nan,0.64,1.29,7.87,4.86,0.86,4.43,3.86
design_6799,0.69,1.57,0.96,nan,nan,nan,0.57,1.12,11.3,6.46,0.87,24.53,22.54
design_6800,0.5,0.62,0.74,nan,nan,nan,0.48,0.66,15.05,7.8,0.9,17.24,17.71
design_6801,0.73,0.58,1.06,nan,nan,nan,0.55,0.89,14.64,7.63,0.9,18.5,18.87
design_6802,0.56,0.48,0.7,nan,nan,nan,0.45,0.62,15.92,8.33,0.89,18.9,19.7
design_6803,0.53,0.5,0.66,nan,nan,nan,0.44,0.59,16.98,8.66,0.9,16.93,10.21
design_6804,0.46,0.52,0.76,nan,nan,nan,0.45,0.64,15.63,8.04,0.9,20.87,20.6
design_6805,0.63,0.48,0.71,nan,nan,nan,0.46,0.64,16.04,8.32,0.9,21.14,14.2
design_6806,0.38,0.49,0.74,nan,nan,nan,0.43,0.61,14.68,7.55,0.91,18.25,17.55
design_6807,0.52,0.54,0.81,nan,nan,nan,0.49,0.69,14.78,7.72,0.9,19.92,21.06
design_6808,0.62,0.8,1.0,nan,nan,nan,0.53,0.86,17.64,9.07,0.88,30.84,24.77
design_6809,0.54,0.84,1.1,nan,nan,nan,0.55,0.91,16.22,8.51,0.87,25.53,20.91
design_6810,0.91,0.72,1.06,nan,nan,nan,0.59,0.94,13.88,7.54,0.87,7.08,6.07
design_6811,0.82,0.86,1.08,nan,nan,nan,0.56,0.96,17.01,8.82,0.88,25.99,21.47
design_6812,0.82,0.76,0.9,nan,nan,nan,0.56,0.85,14.73,7.89,0.88,12.67,9.25
design_6813,0.85,0.61,1.04,nan,nan,nan,0.56,0.9,15.56,8.24,0.87,13.69,12.52
design_6814,0.81,0.78,1.13,nan,nan,nan,0.58,0.97,14.67,7.76,0.87,13.15,15.23
design_6815,0.75,1.16,2.52,nan,nan,nan,0.93,1.88,13.55,7.23,0.89,24.3,20.18
design_6816,0.47,0.83,0.94,nan,nan,nan,0.49,0.76,6.3,3.88,0.88,1.98,1.94
design_6817,0.48,0.85,1.04,nan,nan,nan,0.5,0.81,6.29,3.92,0.88,2.4,2.17
design_6818,0.52,0.89,0.71,nan,nan,nan,0.47,0.71,12.71,6.78,0.9,23.2,23.67
design_6819,0.51,0.95,0.91,nan,nan,nan,0.53,0.8,10.09,5.68,0.88,1.58,1.83
design_6820,0.47,0.93,1.0,nan,nan,nan,0.54,0.82,7.01,4.29,0.87,2.6,2.19
design_6821,0.55,0.95,1.08,nan,nan,nan,0.55,0.87,12.74,6.98,0.88,22.11,23.7
design_6822,0.59,0.95,1.12,nan,nan,nan,0.55,0.9,11.52,6.39,0.88,1.21,1.79
design_6823,0.68,0.8,1.05,nan,nan,nan,0.51,0.85,15.0,7.83,0.9,33.97,14.58
design_6824,0.62,0.97,1.5,nan,nan,nan,0.55,1.04,10.69,5.96,0.88,20.83,21.61
design_6825,0.86,0.99,1.55,nan,nan,nan,0.58,1.13,11.81,6.59,0.87,13.48,14.79
design_6826,0.62,0.93,1.62,nan,nan,nan,0.57,1.08,11.99,6.74,0.87,7.45,6.49
design_6827,0.62,1.02,1.96,nan,nan,nan,0.62,1.25,8.18,4.88,0.87,22.39,23.32
design_6828,0.71,1.0,1.87,nan,nan,nan,0.6,1.23,12.48,6.88,0.87,13.21,11.61
design_6829,0.79,1.11,1.28,nan,nan,nan,0.58,1.05,10.49,5.97,0.87,5.52,4.91
design_6830,0.74,1.07,1.3,nan,nan,nan,0.56,1.03,10.49,5.99,0.88,20.96,22.25
design_6831,0.58,0.91,1.63,nan,nan,nan,0.57,1.07,11.38,6.41,0.87,12.2,12.85
design_6832,0.53,0.93,0.85,nan,nan,nan,0.48,0.77,11.87,6.61,0.88,22.21,21.37
design_6833,0.56,0.99,0.94,nan,nan,nan,0.51,0.83,12.76,6.98,0.89,24.02,23.98
design_6834,0.57,0.98,0.91,nan,nan,nan,0.5,0.82,11.92,6.61,0.88,23.59,23.19
design_6835,0.54,1.1,1.07,nan,nan,nan,0.54,0.91,13.82,7.49,0.89,23.42,20.88
design_6836,0.52,0.98,1.02,nan,nan,nan,0.51,0.85,12.95,7.08,0.88,10.5,7.03
design_6837,0.62,0.97,0.86,nan,nan,nan,0.5,0.82,13.36,7.28,0.88,23.44,21.2
design_6838,0.6,0.97,0.98,nan,nan,nan,0.51,0.85,11.66,6.49,0.88,23.18,22.6
design_6839,0.49,1.0,0.92,nan,nan,nan,0.51,0.81,13.6,7.39,0.88,8.04,4.75
design_6840,0.46,0.7,1.67,nan,nan,nan,0.69,1.23,14.85,8.28,0.85,22.47,24.61
design_6841,0.83,0.64,2.05,nan,nan,nan,0.79,1.52,14.78,8.22,0.86,22.79,26.4
design_6842,0.78,0.74,1.5,nan,nan,nan,0.66,1.18,11.65,6.87,0.85,22.02,25.56
design_6843,0.63,0.64,2.14,nan,nan,nan,0.82,1.55,13.57,7.85,0.84,20.61,17.02
design_6844,0.74,0.78,1.86,nan,nan,nan,0.74,1.4,13.89,8.02,0.84,22.2,26.75
design_6845,0.6,0.75,1.44,nan,nan,nan,0.64,1.11,13.75,7.66,0.86,22.39,23.78
design_6846,0.54,0.62,1.91,nan,nan,nan,0.75,1.39,16.57,9.2,0.85,22.46,24.6
design_6847,0.55,0.79,1.78,nan,nan,nan,0.71,1.33,15.22,8.51,0.85,22.65,25.76
design_6848,0.77,0.65,1.18,nan,nan,nan,0.55,0.92,14.18,7.46,0.89,16.48,12.11
design_6849,0.64,0.41,0.89,nan,nan,nan,0.49,0.69,15.08,7.91,0.89,20.9,11.58
design_6850,0.51,0.56,0.76,nan,nan,nan,0.48,0.63,5.99,3.73,0.88,1.74,1.28
design_6851,0.57,0.55,1.21,nan,nan,nan,0.54,0.87,14.06,7.41,0.9,12.62,12.32
design_6852,0.7,0.71,1.26,nan,nan,nan,0.57,0.96,14.12,7.43,0.9,13.19,8.02
design_6853,0.73,0.57,1.37,nan,nan,nan,0.61,0.99,13.71,7.26,0.9,13.73,14.21
design_6854,0.77,0.7,1.15,nan,nan,nan,0.53,0.92,14.05,7.42,0.9,11.23,11.83
design_6855,0.48,0.5,1.32,nan,nan,nan,0.57,0.9,13.19,7.02,0.89,10.38,10.9
design_6856,0.8,0.58,3.07,nan,nan,nan,1.0,2.1,14.73,8.18,0.87,14.25,16.67
design_6857,0.63,0.42,2.72,nan,nan,nan,0.88,1.84,17.03,9.23,0.86,33.16,15.93
design_6858,0.73,0.63,7.0,nan,nan,nan,2.09,4.65,8.6,5.38,0.86,7.06,7.28
design_6859,0.61,0.64,0.93,nan,nan,nan,0.51,0.77,8.77,5.29,0.87,3.93,4.21
design_6860,0.59,0.56,7.8,nan,nan,nan,2.31,5.16,7.92,4.96,0.86,7.23,7.97
design_6861,0.64,0.59,0.9,nan,nan,nan,0.5,0.75,12.32,6.93,0.86,2.6,2.4
design_6862,0.83,0.68,1.35,nan,nan,nan,0.61,1.06,13.05,7.18,0.87,14.67,13.52
design_6863,0.58,0.53,1.48,nan,nan,nan,0.61,1.06,12.97,7.14,0.88,20.99,17.36
design_6864,0.46,2.28,1.48,nan,nan,nan,0.75,1.54,15.7,8.22,0.9,26.29,20.59
design_6865,0.58,2.27,1.62,nan,nan,nan,0.78,1.61,12.06,6.67,0.88,24.2,22.99
design_6866,0.48,2.49,1.36,nan,nan,nan,0.77,1.6,13.64,7.28,0.89,17.94,15.8
design_6867,0.67,2.47,1.34,nan,nan,nan,0.77,1.6,11.49,6.21,0.89,24.57,23.98
design_6868,0.53,1.98,1.03,nan,nan,nan,0.67,1.27,8.07,4.88,0.87,4.86,2.5
design_6869,0.63,2.45,1.55,nan,nan,nan,0.8,1.66,15.41,8.01,0.9,7.74,7.4
design_6870,0.51,2.16,1.41,nan,nan,nan,0.72,1.47,13.19,7.16,0.89,24.25,23.65
design_6871,0.44,1.7,0.98,nan,nan,nan,0.61,1.12,7.87,4.78,0.87,3.78,1.76
design_6872,0.45,2.04,1.59,nan,nan,nan,0.75,1.49,9.48,5.35,0.88,3.47,3.82
design_6873,0.76,2.23,2.22,nan,nan,nan,0.9,1.88,13.96,7.48,0.88,23.51,20.25
design_6874,0.51,2.13,1.74,nan,nan,nan,0.79,1.6,12.43,6.65,0.89,25.17,24.43
design_6875,0.69,0.94,1.76,nan,nan,nan,0.68,1.29,14.29,7.63,0.89,24.55,23.31
design_6876,0.73,2.09,1.74,nan,nan,nan,0.79,1.62,14.6,7.65,0.89,29.03,21.27
design_6877,0.6,0.88,1.98,nan,nan,nan,0.72,1.39,11.69,6.41,0.88,25.07,25.89
design_6878,0.5,2.16,1.82,nan,nan,nan,0.81,1.64,10.62,5.85,0.89,24.63,24.28
design_6879,0.68,2.05,1.9,nan,nan,nan,0.81,1.67,10.02,5.63,0.88,24.66,23.53
design_6880,0.45,0.46,0.57,nan,nan,nan,0.45,0.52,15.73,8.14,0.9,10.81,10.81
design_6881,0.46,0.55,0.62,nan,nan,nan,0.46,0.57,15.98,8.21,0.9,8.98,5.11
design_6882,0.44,0.34,0.55,nan,nan,nan,0.43,0.48,16.8,8.57,0.9,14.42,14.76
design_6883,0.78,0.52,0.55,nan,nan,nan,0.48,0.62,15.96,8.2,0.9,21.74,16.33
design_6884,0.45,0.43,0.65,nan,nan,nan,0.46,0.56,15.86,8.2,0.9,14.71,9.83
design_6885,0.47,0.45,0.69,nan,nan,nan,0.47,0.58,15.41,8.03,0.9,17.6,17.26
design_6886,0.54,0.33,0.68,nan,nan,nan,0.47,0.58,17.42,8.89,0.9,12.07,11.28
design_6887,0.5,0.51,0.67,nan,nan,nan,0.47,0.6,16.37,8.39,0.9,9.95,7.84
design_6888,0.56,0.75,0.75,nan,nan,nan,0.48,0.7,14.26,7.45,0.9,16.72,11.09
design_6889,0.51,0.64,0.91,nan,nan,nan,0.52,0.76,14.04,7.36,0.9,11.36,11.65
design_6890,0.68,0.82,0.8,nan,nan,nan,0.51,0.77,15.42,7.97,0.9,17.54,10.9
design_6891,0.54,0.68,0.78,nan,nan,nan,0.49,0.7,15.2,7.86,0.9,14.98,11.23
design_6892,0.53,0.71,0.85,nan,nan,nan,0.51,0.74,14.13,7.42,0.9,21.79,18.29
design_6893,0.74,0.67,0.76,nan,nan,nan,0.5,0.73,15.48,7.98,0.9,19.73,13.86
design_6894,0.66,0.73,0.79,nan,nan,nan,0.5,0.74,12.53,6.67,0.89,15.35,10.78
design_6895,0.48,0.73,0.83,nan,nan,nan,0.5,0.73,14.04,7.33,0.9,15.38,11.93
design_6896,0.69,0.7,2.31,nan,nan,nan,0.84,1.64,13.5,7.39,0.88,12.61,11.9
design_6897,0.54,0.6,1.02,nan,nan,nan,0.53,0.81,15.39,8.18,0.88,16.05,12.65
design_6898,0.4,0.7,1.96,nan,nan,nan,0.72,1.39,13.11,7.25,0.88,9.46,9.36
design_6899,0.63,0.69,4.3,nan,nan,nan,1.38,2.95,12.81,7.19,0.87,16.44,14.69
design_6900,0.58,0.64,2.07,nan,nan,nan,0.76,1.47,13.1,7.32,0.87,16.84,15.33
design_6901,0.72,0.66,1.13,nan,nan,nan,0.56,0.92,13.03,6.95,0.89,15.04,12.64
design_6902,0.6,0.61,4.35,nan,nan,nan,1.39,2.98,12.68,7.12,0.87,15.99,15.52
design_6903,0.52,0.62,2.45,nan,nan,nan,0.86,1.71,14.16,7.83,0.87,11.43,9.85
design_6904,0.39,0.85,1.06,nan,nan,nan,0.52,0.87,16.46,8.83,0.87,22.4,20.73
design_6905,0.46,0.69,1.0,nan,nan,nan,0.52,0.81,14.2,7.81,0.87,13.43,14.8
design_6906,0.53,0.65,1.02,nan,nan,nan,0.51,0.82,18.2,9.38,0.88,15.71,8.15
design_6907,0.55,0.61,2.09,nan,nan,nan,0.79,1.5,15.73,8.72,0.86,11.92,12.98
design_6908,0.51,0.67,1.34,nan,nan,nan,0.59,1.02,12.85,6.98,0.88,18.9,18.05
design_6909,0.46,0.62,1.29,nan,nan,nan,0.58,0.98,15.34,8.35,0.87,14.15,14.42
design_6910,0.49,0.72,1.14,nan,nan,nan,0.54,0.9,16.76,8.79,0.87,20.84,9.54
design_6911,0.44,0.56,1.99,nan,nan,nan,0.75,1.42,14.9,8.28,0.86,4.34,4.96
design_6912,0.8,0.81,2.01,nan,nan,nan,0.78,1.51,14.29,7.55,0.89,16.7,17.29
design_6913,0.76,0.75,1.9,nan,nan,nan,0.75,1.42,12.76,7.09,0.87,21.45,23.86
design_6914,0.72,0.68,0.78,nan,nan,nan,0.51,0.74,15.29,8.02,0.89,21.95,24.19
design_6915,0.51,0.49,1.17,nan,nan,nan,0.54,0.89,14.98,7.81,0.9,20.2,20.44
design_6916,0.92,0.78,1.9,nan,nan,nan,0.76,1.46,13.63,7.34,0.88,21.4,22.81
design_6917,0.49,0.62,3.48,nan,nan,nan,1.18,2.44,14.28,7.9,0.87,17.85,13.91
design_6918,0.81,0.51,1.88,nan,nan,nan,0.75,1.4,16.39,8.81,0.87,13.24,8.42
design_6919,0.57,0.62,1.23,nan,nan,nan,0.56,0.96,14.26,7.5,0.9,16.77,17.26
design_6920,0.54,0.8,1.47,nan,nan,nan,0.55,0.96,12.86,7.08,0.88,20.6,11.83
design_6921,0.74,0.74,2.43,nan,nan,nan,0.7,1.43,12.84,7.08,0.88,15.74,13.9
design_6922,0.91,0.54,1.38,nan,nan,nan,0.56,0.98,12.4,6.87,0.88,5.26,3.53
design_6923,0.7,0.59,1.57,nan,nan,nan,0.55,0.99,14.65,7.93,0.87,6.56,4.77
design_6924,0.61,0.63,1.64,nan,nan,nan,0.54,1.01,15.25,8.18,0.87,16.14,9.18
design_6925,0.7,0.75,1.24,nan,nan,nan,0.54,0.9,12.83,7.12,0.88,18.02,17.84
design_6926,0.64,0.78,2.35,nan,nan,nan,0.71,1.38,5.62,3.74,0.88,3.37,3.18
design_6927,0.64,0.67,2.52,nan,nan,nan,0.7,1.44,8.63,5.14,0.87,2.73,2.18
design_6928,0.36,0.59,0.91,nan,nan,nan,0.47,0.69,8.54,4.98,0.87,3.18,2.83
design_6929,0.39,0.51,1.17,nan,nan,nan,0.52,0.82,10.03,5.66,0.88,3.6,2.71
design_6930,0.37,0.48,1.05,nan,nan,nan,0.48,0.74,8.53,5.04,0.87,2.82,2.96
design_6931,0.37,0.41,1.22,nan,nan,nan,0.53,0.84,8.74,5.06,0.87,3.04,2.7
design_6932,0.48,0.56,1.35,nan,nan,nan,0.57,0.95,3.99,2.95,0.89,8.12,10.68
design_6933,0.37,0.5,1.09,nan,nan,nan,0.47,0.77,11.6,6.37,0.88,5.65,6.7
design_6934,0.48,0.42,1.32,nan,nan,nan,0.53,0.91,9.92,5.61,0.87,4.21,4.1
design_6935,0.4,0.38,1.32,nan,nan,nan,0.54,0.9,10.97,6.09,0.88,6.78,8.54
design_6936,0.45,0.86,2.35,nan,nan,nan,0.79,1.63,13.53,7.45,0.88,12.8,10.75
design_6937,0.46,0.71,2.41,nan,nan,nan,0.81,1.65,14.01,7.61,0.88,6.12,3.89
design_6938,0.45,0.79,3.31,nan,nan,nan,1.05,2.23,14.1,7.73,0.88,11.28,7.82
design_6939,0.47,0.7,2.41,nan,nan,nan,0.81,1.65,13.91,7.48,0.89,7.87,7.07
design_6940,0.46,0.72,2.46,nan,nan,nan,0.82,1.69,14.27,7.71,0.88,11.25,6.63
design_6941,0.42,0.83,2.98,nan,nan,nan,0.97,2.02,14.05,7.48,0.9,9.61,5.65
design_6942,0.39,0.84,2.21,nan,nan,nan,0.77,1.53,13.92,7.46,0.89,11.87,8.29
design_6943,0.43,0.79,2.83,nan,nan,nan,0.92,1.93,13.03,7.12,0.89,12.71,9.15
design_6944,0.47,0.57,0.61,nan,nan,nan,0.44,0.57,17.12,8.75,0.9,17.65,10.93
design_6945,0.46,0.59,0.66,nan,nan,nan,0.42,0.59,16.96,8.67,0.9,14.67,13.37
design_6946,0.87,0.74,0.88,nan,nan,nan,0.53,0.84,16.36,8.44,0.9,22.34,24.09
design_6947,0.38,0.6,0.68,nan,nan,nan,0.42,0.59,16.67,8.61,0.89,19.68,11.59
design_6948,0.52,0.59,0.53,nan,nan,nan,0.43,0.54,17.05,8.69,0.9,20.29,12.72
design_6949,0.48,0.66,0.64,nan,nan,nan,0.43,0.6,16.11,8.24,0.9,16.85,13.55
design_6950,0.41,0.65,0.63,nan,nan,nan,0.43,0.58,16.91,8.61,0.9,17.1,17.11
design_6951,0.45,0.67,0.49,nan,nan,nan,0.42,0.53,16.5,8.47,0.9,21.46,20.42
design_6952,0.53,1.39,1.4,nan,nan,nan,0.62,1.17,9.56,5.37,0.88,2.89,3.02
design_6953,0.58,1.53,1.51,nan,nan,nan,0.67,1.27,12.04,6.59,0.88,2.28,2.24
design_6954,0.7,1.39,1.51,nan,nan,nan,0.65,1.25,12.27,6.64,0.88,10.79,9.62
design_6955,0.59,1.5,1.44,nan,nan,nan,0.66,1.24,11.09,6.14,0.88,3.63,2.82
design_6956,0.72,1.11,1.64,nan,nan,nan,0.65,1.22,13.16,7.07,0.89,11.69,8.02
design_6957,0.73,1.41,1.4,nan,nan,nan,0.65,1.21,9.78,5.53,0.88,2.71,2.19
design_6958,0.76,1.41,1.57,nan,nan,nan,0.7,1.29,13.51,7.18,0.89,15.9,9.69
design_6959,0.66,1.36,1.81,nan,nan,nan,0.7,1.36,12.96,6.97,0.89,22.59,21.32
design_6960,1.06,1.07,1.94,nan,nan,nan,0.68,1.4,12.35,6.88,0.87,14.62,14.27
design_6961,0.57,0.81,0.76,nan,nan,nan,0.49,0.71,4.34,2.98,0.89,3.66,2.52
design_6962,0.54,0.69,1.29,nan,nan,nan,0.49,0.89,14.95,7.95,0.88,16.64,8.77
design_6963,0.71,0.81,4.74,nan,nan,nan,1.18,2.74,13.13,7.32,0.87,13.1,13.72
design_6964,0.79,0.73,1.08,nan,nan,nan,0.53,0.87,10.5,5.9,0.88,2.15,2.12
design_6965,0.75,0.98,1.12,nan,nan,nan,0.54,0.95,13.07,7.11,0.89,12.18,11.72
design_6966,0.76,0.65,6.41,nan,nan,nan,1.55,3.65,8.3,5.08,0.87,18.68,16.29
design_6967,0.66,0.77,1.11,nan,nan,nan,0.53,0.86,10.03,5.73,0.87,2.65,3.52
design_6968,0.53,0.75,1.25,nan,nan,nan,0.54,0.9,13.78,7.26,0.9,23.81,24.14
design_6969,1.12,1.04,1.98,nan,nan,nan,0.76,1.46,13.39,7.1,0.89,24.29,22.18
design_6970,1.05,1.05,2.39,nan,nan,nan,0.82,1.65,13.86,7.41,0.89,25.15,21.68
design_6971,0.49,0.65,1.5,nan,nan,nan,0.56,1.0,12.26,6.65,0.89,17.68,14.71
design_6972,0.44,0.71,1.2,nan,nan,nan,0.53,0.85,12.44,6.65,0.9,23.64,24.61
design_6973,1.15,1.05,2.07,nan,nan,nan,0.8,1.51,13.93,7.32,0.9,16.2,13.42
design_6974,0.91,1.11,2.45,nan,nan,nan,0.82,1.66,12.47,6.76,0.88,24.24,23.45
design_6975,0.4,0.78,1.01,nan,nan,nan,0.52,0.77,11.12,6.05,0.89,4.56,3.4
design_6976,0.48,0.61,1.98,nan,nan,nan,0.74,1.4,12.04,6.87,0.86,11.89,9.51
design_6977,0.53,0.61,4.35,nan,nan,nan,1.39,2.97,15.04,8.26,0.87,11.48,10.29
design_6978,0.5,0.71,2.5,nan,nan,nan,0.87,1.75,12.27,6.91,0.87,18.72,16.68
design_6979,0.54,0.63,4.58,nan,nan,nan,1.46,3.13,14.0,7.83,0.87,19.3,17.02
design_6980,0.58,0.61,3.42,nan,nan,nan,1.13,2.36,11.76,6.67,0.88,16.5,13.45
design_6981,0.69,0.64,3.2,nan,nan,nan,1.07,2.22,15.97,8.6,0.88,17.49,13.37
design_6982,0.56,0.51,2.49,nan,nan,nan,0.87,1.73,14.24,7.91,0.87,15.64,13.28
design_6983,0.58,0.58,3.17,nan,nan,nan,1.06,2.19,12.91,7.23,0.88,16.47,13.36
design_6984,0.59,0.6,0.84,nan,nan,nan,0.51,0.73,15.7,8.09,0.9,16.76,15.15
design_6985,0.57,0.66,0.59,nan,nan,nan,0.46,0.6,16.81,8.62,0.9,24.09,17.12
design_6986,0.67,0.69,0.67,nan,nan,nan,0.46,0.67,15.8,8.17,0.9,19.9,19.8
design_6987,0.46,0.54,0.75,nan,nan,nan,0.48,0.64,16.12,8.3,0.9,14.64,12.23
design_6988,0.5,0.5,0.72,nan,nan,nan,0.47,0.62,16.54,8.56,0.9,14.91,8.88
design_6989,0.56,0.7,0.59,nan,nan,nan,0.46,0.61,16.05,8.27,0.9,21.68,13.91
design_6990,0.44,0.68,0.76,nan,nan,nan,0.48,0.67,15.07,7.81,0.9,16.27,10.93
design_6991,0.5,0.57,0.69,nan,nan,nan,0.46,0.62,16.47,8.44,0.9,11.01,10.29
design_6992,0.41,1.06,1.07,nan,nan,nan,0.49,0.89,12.77,6.83,0.89,4.66,5.19
design_6993,0.46,0.99,0.96,nan,nan,nan,0.48,0.83,11.82,6.39,0.89,4.58,5.41
design_6994,0.33,1.11,1.1,nan,nan,nan,0.5,0.91,12.41,6.66,0.89,4.27,3.64
design_6995,0.56,0.99,1.24,nan,nan,nan,0.54,0.97,14.11,7.44,0.9,5.39,2.93
design_6996,0.56,0.98,1.39,nan,nan,nan,0.55,1.04,14.61,7.67,0.9,30.45,17.45
design_6997,0.63,1.05,1.54,nan,nan,nan,0.61,1.14,14.11,7.39,0.89,19.43,12.29
design_6998,0.45,1.04,0.93,nan,nan,nan,0.49,0.84,12.55,6.73,0.89,3.49,2.21
design_6999,0.49,1.17,1.57,nan,nan,nan,0.59,1.17,12.66,6.93,0.88,7.43,7.35
design_7000,0.5,2.55,1.47,nan,nan,nan,0.8,1.67,11.22,6.19,0.88,1.64,2.0
design_7001,0.72,2.59,1.34,nan,nan,nan,0.8,1.68,12.83,6.93,0.89,23.96,24.04
design_7002,0.6,2.53,1.06,nan,nan,nan,0.76,1.56,9.66,5.47,0.88,1.74,2.52
design_7003,0.52,2.64,1.26,nan,nan,nan,0.78,1.65,13.89,7.39,0.89,18.89,11.26
design_7004,0.56,2.39,1.0,nan,nan,nan,0.72,1.48,11.98,6.48,0.89,24.17,23.83
design_7005,0.61,2.42,1.19,nan,nan,nan,0.76,1.55,7.94,4.66,0.88,2.38,3.26
design_7006,0.74,2.35,1.08,nan,nan,nan,0.72,1.5,13.67,7.23,0.9,19.18,17.65
design_7007,0.73,2.42,1.49,nan,nan,nan,0.77,1.65,14.05,7.46,0.9,19.88,15.25
design_7008,0.73,0.78,1.31,nan,nan,nan,0.52,0.94,13.67,7.53,0.88,24.81,24.09
design_7009,0.67,0.71,2.72,nan,nan,nan,0.72,1.55,14.47,7.86,0.88,5.82,5.45
design_7010,0.86,0.73,2.21,nan,nan,nan,0.66,1.35,14.44,7.83,0.88,28.75,13.81
design_7011,0.66,0.87,2.95,nan,nan,nan,0.77,1.68,14.58,7.87,0.89,14.09,12.04
design_7012,0.69,0.74,3.16,nan,nan,nan,0.8,1.77,15.53,8.33,0.88,28.26,18.65
design_7013,0.8,0.76,1.82,nan,nan,nan,0.6,1.17,13.73,7.59,0.87,21.84,15.91
design_7014,0.61,0.77,1.38,nan,nan,nan,0.52,0.93,13.57,7.48,0.87,19.61,17.44
design_7015,0.68,0.79,2.86,nan,nan,nan,0.75,1.63,12.88,7.17,0.87,23.99,23.18
design_7016,0.66,0.79,2.47,nan,nan,nan,0.87,1.76,11.81,6.42,0.89,10.53,11.56
design_7017,0.79,0.62,0.94,nan,nan,nan,0.53,0.83,14.57,7.69,0.89,23.53,22.1
design_7018,0.75,0.73,0.69,nan,nan,nan,0.49,0.72,15.61,8.18,0.89,19.66,14.18
design_7019,0.75,0.7,0.89,nan,nan,nan,0.52,0.81,16.66,8.71,0.89,23.97,16.1
design_7020,0.66,0.59,0.86,nan,nan,nan,0.5,0.74,15.78,8.23,0.9,14.27,10.79
design_7021,0.58,0.77,2.44,nan,nan,nan,0.86,1.72,12.52,6.72,0.89,10.93,11.87
design_7022,0.72,0.66,0.84,nan,nan,nan,0.5,0.76,17.75,9.12,0.89,29.98,16.12
design_7023,0.58,0.77,5.81,nan,nan,nan,1.82,3.96,14.65,8.18,0.88,18.59,15.47
design_7024,0.45,0.7,0.73,nan,nan,nan,0.47,0.66,17.0,8.59,0.91,23.16,16.46
design_7025,0.65,0.72,0.65,nan,nan,nan,0.46,0.67,15.71,8.09,0.9,11.98,10.65
design_7026,0.69,0.83,0.77,nan,nan,nan,0.52,0.77,15.82,8.15,0.9,22.25,25.66
design_7027,0.4,0.63,0.66,nan,nan,nan,0.43,0.59,15.9,8.19,0.9,7.37,9.32
design_7028,0.68,0.75,0.76,nan,nan,nan,0.5,0.74,16.16,8.33,0.9,11.06,7.58
design_7029,0.63,0.8,0.88,nan,nan,nan,0.52,0.8,14.84,7.76,0.89,22.13,22.75
design_7030,0.54,0.77,0.79,nan,nan,nan,0.49,0.73,15.18,7.82,0.9,16.53,14.13
design_7031,0.42,0.69,0.83,nan,nan,nan,0.49,0.71,14.33,7.44,0.9,18.1,19.89
design_7032,0.49,0.94,1.77,nan,nan,nan,0.65,1.2,11.69,6.49,0.88,3.74,5.03
design_7033,0.55,0.95,1.98,nan,nan,nan,0.69,1.32,13.94,7.35,0.9,20.13,18.48
design_7034,0.41,0.98,2.6,nan,nan,nan,0.79,1.65,13.77,7.47,0.88,8.42,8.67
design_7035,0.54,0.88,1.45,nan,nan,nan,0.61,1.04,14.59,7.63,0.9,15.74,13.37
design_7036,0.59,0.86,0.8,nan,nan,nan,0.5,0.75,11.67,6.41,0.88,1.96,1.59
design_7037,0.61,0.84,1.84,nan,nan,nan,0.67,1.24,14.26,7.53,0.89,21.06,21.08
design_7038,0.5,0.93,1.45,nan,nan,nan,0.6,1.04,14.79,7.74,0.9,25.62,21.62
design_7039,0.55,0.81,1.75,nan,nan,nan,0.65,1.17,13.87,7.32,0.89,16.48,17.01
design_7040,0.62,0.72,1.73,nan,nan,nan,0.7,1.29,12.86,7.32,0.86,16.52,15.71
design_7041,0.7,0.65,1.36,nan,nan,nan,0.63,1.06,11.99,6.87,0.86,15.16,13.16
design_7042,0.61,0.73,2.74,nan,nan,nan,0.96,1.96,15.96,8.53,0.86,18.42,14.97
design_7043,0.3,0.7,2.27,nan,nan,nan,0.83,1.62,10.89,6.2,0.87,14.36,11.57
design_7044,0.54,0.37,2.74,nan,nan,nan,0.95,1.93,16.2,8.59,0.87,13.83,14.93
design_7045,0.46,0.64,1.13,nan,nan,nan,0.55,0.87,12.36,6.94,0.87,16.52,15.18
design_7046,0.3,0.66,1.3,nan,nan,nan,0.59,0.97,14.64,7.79,0.89,14.25,13.47
design_7047,0.35,0.71,2.2,nan,nan,nan,0.81,1.57,12.44,6.94,0.88,17.47,16.19
design_7048,1.07,0.67,1.46,nan,nan,nan,0.57,1.09,13.16,7.37,0.86,6.59,4.14
design_7049,1.09,0.78,1.19,nan,nan,nan,0.56,1.03,11.89,6.74,0.87,8.18,6.44
design_7050,1.25,0.89,1.24,nan,nan,nan,0.58,1.14,11.85,6.76,0.86,23.57,21.29
design_7051,1.1,0.67,1.35,nan,nan,nan,0.55,1.06,14.89,8.11,0.87,33.93,14.89
design_7052,1.09,0.78,1.22,nan,nan,nan,0.55,1.04,11.87,6.7,0.87,24.11,21.03
design_7053,1.14,0.79,1.41,nan,nan,nan,0.58,1.13,10.87,6.32,0.86,24.01,22.93
design_7054,0.66,0.64,1.3,nan,nan,nan,0.51,0.88,10.89,6.21,0.87,23.96,22.71
design_7055,1.04,0.65,1.32,nan,nan,nan,0.54,1.02,12.17,6.84,0.87,11.67,11.33
design_7056,0.88,1.06,0.93,nan,nan,nan,0.58,0.95,12.42,6.91,0.87,4.07,4.68
design_7057,0.74,0.75,3.26,nan,nan,nan,1.04,2.22,18.06,9.6,0.87,27.43,11.93
design_7058,0.95,0.99,1.31,nan,nan,nan,0.62,1.13,13.44,7.34,0.88,8.06,9.76
design_7059,0.62,0.55,1.27,nan,nan,nan,0.56,0.95,13.42,7.41,0.87,7.97,6.97
design_7060,0.89,0.93,0.81,nan,nan,nan,0.55,0.87,12.99,7.19,0.88,21.39,22.96
design_7061,0.97,1.0,0.76,nan,nan,nan,0.54,0.89,13.25,7.33,0.87,21.15,23.2
design_7062,0.93,0.95,0.78,nan,nan,nan,0.56,0.87,4.62,3.31,0.88,3.72,3.68
design_7063,0.74,0.86,0.95,nan,nan,nan,0.53,0.87,7.98,4.89,0.87,2.38,2.38
design_7064,0.64,0.9,1.02,nan,nan,nan,0.55,0.87,14.38,7.52,0.9,19.08,17.28
design_7065,0.84,1.1,1.16,nan,nan,nan,0.61,1.04,14.05,7.37,0.9,15.28,10.22
design_7066,0.55,1.0,1.92,nan,nan,nan,0.67,1.3,13.47,7.27,0.89,23.78,19.98
design_7067,0.82,1.01,1.1,nan,nan,nan,0.58,0.98,14.11,7.42,0.9,15.17,15.24
design_7068,0.75,1.06,1.61,nan,nan,nan,0.65,1.2,13.31,7.1,0.89,25.17,23.13
design_7069,0.69,1.14,1.51,nan,nan,nan,0.63,1.16,13.32,7.1,0.89,13.79,9.58
design_7070,0.6,1.14,0.83,nan,nan,nan,0.54,0.87,10.96,6.09,0.87,4.95,6.1
design_7071,0.82,1.46,2.42,nan,nan,nan,0.82,1.71,12.56,6.85,0.88,6.51,6.23
design_7072,0.77,0.64,1.24,nan,nan,nan,0.62,1.0,11.12,6.33,0.87,3.87,4.98
design_7073,0.89,0.53,1.11,nan,nan,nan,0.59,0.94,7.87,4.8,0.88,3.21,2.51
design_7074,0.78,0.44,1.21,nan,nan,nan,0.6,0.96,10.1,5.83,0.87,3.25,2.52
design_7075,0.54,0.51,1.48,nan,nan,nan,0.64,1.1,12.86,7.02,0.88,2.74,2.99
design_7076,0.8,0.5,1.38,nan,nan,nan,0.62,1.07,13.2,7.29,0.87,3.38,3.72
design_7077,0.86,0.6,1.32,nan,nan,nan,0.63,1.07,10.73,6.19,0.87,2.53,2.55
design_7078,0.72,0.42,1.36,nan,nan,nan,0.62,1.04,17.2,8.98,0.88,26.63,23.63
design_7079,0.49,0.47,0.79,nan,nan,nan,0.49,0.65,3.74,2.7,0.9,3.82,3.14
design_7080,0.69,0.81,0.91,nan,nan,nan,0.51,0.81,13.91,7.2,0.91,2.89,3.39
design_7081,0.6,0.66,0.68,nan,nan,nan,0.45,0.65,13.4,6.97,0.91,10.45,9.09
design_7082,0.66,0.66,0.76,nan,nan,nan,0.48,0.7,13.37,6.94,0.91,2.71,2.78
design_7083,0.62,0.58,0.75,nan,nan,nan,0.47,0.66,12.91,6.76,0.91,3.42,2.91
design_7084,0.58,0.69,1.9,nan,nan,nan,0.66,1.27,15.48,7.96,0.91,3.85,3.93
design_7085,0.66,0.76,2.17,nan,nan,nan,0.72,1.45,15.39,8.02,0.9,3.75,3.73
design_7086,0.57,0.63,0.75,nan,nan,nan,0.46,0.66,13.24,6.9,0.91,4.28,3.75
design_7087,0.65,0.73,0.72,nan,nan,nan,0.48,0.7,12.87,6.71,0.91,3.61,3.22
design_7088,0.54,0.44,1.25,nan,nan,nan,0.5,0.84,12.68,6.89,0.88,3.91,3.25
design_7089,0.48,0.43,1.28,nan,nan,nan,0.52,0.84,11.5,6.28,0.89,1.95,2.14
design_7090,0.49,0.47,1.08,nan,nan,nan,0.5,0.75,10.45,5.86,0.88,2.48,3.17
design_7091,0.45,2.79,1.43,nan,nan,nan,0.84,1.77,11.39,6.24,0.89,5.57,7.63
design_7092,0.43,0.57,2.03,nan,nan,nan,0.65,1.27,7.7,4.73,0.87,1.11,1.81
design_7093,0.46,0.57,1.23,nan,nan,nan,0.5,0.84,13.32,7.1,0.89,19.16,18.9
design_7094,0.6,0.56,1.4,nan,nan,nan,0.56,0.95,11.31,6.27,0.88,13.38,7.25
design_7095,0.81,0.61,2.08,nan,nan,nan,0.69,1.36,6.98,4.44,0.86,3.72,4.49
design_7096,0.99,0.66,2.92,nan,nan,nan,1.01,2.08,17.01,8.88,0.89,16.44,10.95
design_7097,0.87,0.79,0.81,nan,nan,nan,0.53,0.83,14.58,7.6,0.9,17.23,17.64
design_7098,0.61,0.69,0.84,nan,nan,nan,0.52,0.74,13.69,7.16,0.9,18.55,17.97
design_7099,0.75,0.64,0.91,nan,nan,nan,0.52,0.8,14.2,7.43,0.9,15.69,17.21
design_7100,0.67,0.62,1.01,nan,nan,nan,0.53,0.83,14.47,7.6,0.89,18.51,14.23
design_7101,0.7,0.7,1.12,nan,nan,nan,0.55,0.92,14.17,7.47,0.89,20.07,19.77
design_7102,0.73,0.59,1.02,nan,nan,nan,0.53,0.85,14.18,7.45,0.9,16.56,16.77
design_7103,0.88,0.73,0.8,nan,nan,nan,0.53,0.81,13.79,7.32,0.89,19.31,18.85
design_7104,0.84,1.31,2.32,nan,nan,nan,0.81,1.63,11.84,6.5,0.88,33.13,25.75
design_7105,0.38,1.16,0.93,nan,nan,nan,0.56,0.87,14.19,7.5,0.89,34.21,21.04
design_7106,0.84,1.45,2.33,nan,nan,nan,0.81,1.67,14.56,7.74,0.89,27.25,21.75
design_7107,0.32,1.14,1.1,nan,nan,nan,0.56,0.92,13.33,7.08,0.9,32.06,26.02
design_7108,0.44,1.1,1.1,nan,nan,nan,0.56,0.93,12.74,6.82,0.89,31.73,25.84
design_7109,0.45,1.16,1.25,nan,nan,nan,0.59,1.01,13.45,7.14,0.9,31.62,25.33
design_7110,0.43,1.14,1.08,nan,nan,nan,0.57,0.93,12.97,6.93,0.89,31.8,26.53
design_7111,0.4,1.09,1.09,nan,nan,nan,0.57,0.91,12.88,6.88,0.89,31.8,26.22
design_7112,0.66,0.67,1.64,nan,nan,nan,0.55,1.04,13.69,7.38,0.89,9.58,9.02
design_7113,0.47,0.67,1.43,nan,nan,nan,0.52,0.9,14.51,7.7,0.89,24.32,17.95
design_7114,0.59,0.67,1.33,nan,nan,nan,0.51,0.88,12.28,6.67,0.89,16.25,15.27
design_7115,0.62,0.78,1.62,nan,nan,nan,0.56,1.04,13.59,7.34,0.89,13.3,12.9
design_7116,0.53,0.64,1.61,nan,nan,nan,0.53,0.99,14.75,7.8,0.9,31.34,14.18
design_7117,0.47,0.7,1.2,nan,nan,nan,0.49,0.81,12.33,6.77,0.88,2.39,2.91
design_7118,0.66,0.61,1.36,nan,nan,nan,0.52,0.9,13.28,7.16,0.89,25.61,21.19
design_7119,0.72,0.64,1.57,nan,nan,nan,0.56,1.01,13.45,7.23,0.89,19.15,16.12
design_7120,0.51,1.15,1.31,nan,nan,nan,0.57,1.04,10.54,5.84,0.89,4.36,3.01
design_7121,0.68,1.0,1.8,nan,nan,nan,0.67,1.26,14.34,7.55,0.9,23.39,13.98
design_7122,0.84,1.27,1.95,nan,nan,nan,0.75,1.44,9.52,5.4,0.87,4.4,5.34
design_7123,0.69,0.99,1.75,nan,nan,nan,0.66,1.24,14.36,7.52,0.9,29.06,15.42
design_7124,0.99,1.46,2.13,nan,nan,nan,0.81,1.61,7.56,4.51,0.88,6.55,6.4
design_7125,0.48,1.09,1.18,nan,nan,nan,0.55,0.96,12.66,6.79,0.89,4.06,2.07
design_7126,0.93,1.4,2.23,nan,nan,nan,0.82,1.62,7.91,4.63,0.88,6.72,6.17
design_7127,1.03,1.28,2.05,nan,nan,nan,0.77,1.53,8.97,5.21,0.87,6.2,6.51
design_7128,0.95,0.8,1.84,nan,nan,nan,0.73,1.38,12.95,7.34,0.86,6.64,7.97
design_7129,0.88,0.73,1.3,nan,nan,nan,0.61,1.05,15.05,8.19,0.88,13.17,16.98
design_7130,0.88,0.87,1.47,nan,nan,nan,0.65,1.17,12.68,7.12,0.87,7.25,9.2
design_7131,1.07,0.75,1.4,nan,nan,nan,0.64,1.16,14.22,7.76,0.88,9.9,12.86
design_7132,1.05,0.66,1.39,nan,nan,nan,0.64,1.14,13.55,7.51,0.87,6.85,8.56
design_7133,0.92,0.74,1.17,nan,nan,nan,0.58,1.0,13.85,7.64,0.87,18.79,22.01
design_7134,0.89,0.77,1.47,nan,nan,nan,0.64,1.16,13.01,7.31,0.87,8.68,11.2
design_7135,0.95,0.75,1.52,nan,nan,nan,0.65,1.19,14.39,7.91,0.87,9.71,12.07
design_7136,0.56,0.83,1.24,nan,nan,nan,0.5,0.88,12.94,7.14,0.87,17.67,16.56
design_7137,0.4,0.93,1.28,nan,nan,nan,0.52,0.9,12.83,7.1,0.87,22.24,20.75
design_7138,0.49,0.87,1.27,nan,nan,nan,0.52,0.89,11.96,6.68,0.87,10.72,11.85
design_7139,0.63,0.85,1.82,nan,nan,nan,0.59,1.15,13.15,7.23,0.88,24.88,21.22
design_7140,0.52,0.87,1.83,nan,nan,nan,0.59,1.13,12.47,6.92,0.88,12.69,14.79
design_7141,0.5,0.84,1.81,nan,nan,nan,0.6,1.11,12.97,7.19,0.87,17.64,16.6
design_7142,0.62,0.89,1.78,nan,nan,nan,0.59,1.14,11.77,6.6,0.88,23.43,24.66
design_7143,0.53,0.82,1.56,nan,nan,nan,0.55,1.01,13.7,7.49,0.88,12.67,12.18
design_7144,0.73,0.97,1.12,nan,nan,nan,0.54,0.94,11.37,6.28,0.88,24.44,23.63
design_7145,0.93,1.08,1.28,nan,nan,nan,0.56,1.1,8.72,5.13,0.87,2.85,1.9
design_7146,0.85,0.6,0.98,nan,nan,nan,0.51,0.82,11.22,6.24,0.88,24.59,24.57
design_7147,0.77,0.67,1.39,nan,nan,nan,0.58,0.99,7.55,4.68,0.87,1.43,1.47
design_7148,0.55,0.61,1.45,nan,nan,nan,0.53,0.95,10.03,5.72,0.87,3.39,2.39
design_7149,0.77,0.99,0.78,nan,nan,nan,0.52,0.85,11.77,6.53,0.88,24.25,24.0
design_7150,0.67,2.07,1.12,nan,nan,nan,0.69,1.38,4.28,3.04,0.89,3.54,1.74
design_7151,1.11,2.36,0.59,nan,nan,nan,0.75,1.52,4.2,3.1,0.88,2.96,1.88
design_7152,0.62,0.35,1.47,nan,nan,nan,0.55,1.0,15.14,7.98,0.89,16.69,10.93
design_7153,0.48,0.38,1.22,nan,nan,nan,0.48,0.83,12.15,6.58,0.89,24.94,24.08
design_7154,0.61,0.32,1.36,nan,nan,nan,0.51,0.93,10.27,5.67,0.89,24.54,25.31
design_7155,0.61,0.44,1.29,nan,nan,nan,0.5,0.9,10.84,5.94,0.89,24.59,25.2
design_7156,0.58,0.29,1.31,nan,nan,nan,0.5,0.89,11.98,6.5,0.89,24.42,24.89
design_7157,0.52,0.34,1.3,nan,nan,nan,0.51,0.88,13.32,7.12,0.89,13.72,15.37
design_7158,0.55,0.32,1.28,nan,nan,nan,0.51,0.87,14.95,7.88,0.89,27.59,19.84
design_7159,0.53,0.36,1.08,nan,nan,nan,0.48,0.76,12.44,6.72,0.89,22.02,22.99
design_7160,0.7,1.18,1.24,nan,nan,nan,0.61,1.05,11.85,6.47,0.88,23.22,23.61
design_7161,0.52,1.09,1.12,nan,nan,nan,0.58,0.93,11.52,6.3,0.88,23.82,24.18
design_7162,0.64,1.09,1.2,nan,nan,nan,0.59,0.99,12.98,7.01,0.89,23.71,23.62
design_7163,0.64,1.16,1.4,nan,nan,nan,0.63,1.1,11.15,6.18,0.88,23.86,24.76
design_7164,0.6,1.12,1.4,nan,nan,nan,0.62,1.07,11.16,6.22,0.88,23.7,24.6
design_7165,0.61,1.18,1.22,nan,nan,nan,0.6,1.02,10.89,6.01,0.88,24.04,25.15
design_7166,0.56,1.22,1.77,nan,nan,nan,0.68,1.25,12.74,7.01,0.88,23.26,23.29
design_7167,0.57,1.09,1.98,nan,nan,nan,0.69,1.32,12.38,6.86,0.87,23.45,23.85
design_7168,0.78,0.79,2.13,nan,nan,nan,0.81,1.58,14.91,8.12,0.87,10.14,10.06
design_7169,0.68,0.65,5.45,nan,nan,nan,1.78,3.81,16.81,8.97,0.88,40.18,19.99
design_7170,0.6,0.75,5.72,nan,nan,nan,1.86,3.99,16.35,8.68,0.88,21.05,18.66
design_7171,0.57,0.74,1.89,nan,nan,nan,0.74,1.39,14.53,7.94,0.87,15.31,15.1
design_7172,0.52,0.62,2.0,nan,nan,nan,0.75,1.45,14.85,7.92,0.89,14.17,7.7
design_7173,0.53,0.85,2.31,nan,nan,nan,0.84,1.68,16.35,8.96,0.87,8.17,6.84
design_7174,0.81,0.86,2.3,nan,nan,nan,0.86,1.71,15.33,8.48,0.87,19.0,17.14
design_7175,0.51,0.81,4.84,nan,nan,nan,1.58,3.39,16.07,8.68,0.87,7.48,7.17
design_7176,0.44,0.57,0.86,nan,nan,nan,0.49,0.69,14.55,7.59,0.9,13.32,12.57
design_7177,0.59,0.56,1.27,nan,nan,nan,0.58,0.96,13.45,7.17,0.89,12.6,14.29
design_7178,0.48,0.43,1.06,nan,nan,nan,0.53,0.79,14.6,7.7,0.89,14.62,9.88
design_7179,0.48,0.52,1.0,nan,nan,nan,0.51,0.77,13.67,7.23,0.9,11.77,13.71
design_7180,0.58,0.51,0.99,nan,nan,nan,0.52,0.78,12.98,6.87,0.9,11.84,13.58
design_7181,0.65,0.51,0.99,nan,nan,nan,0.52,0.8,13.91,7.34,0.9,13.05,14.67
design_7182,0.54,0.53,0.79,nan,nan,nan,0.47,0.66,15.55,8.07,0.9,15.03,11.33
design_7183,0.48,0.52,0.99,nan,nan,nan,0.51,0.76,14.31,7.53,0.89,11.38,12.74
design_7184,0.47,1.17,1.2,nan,nan,nan,0.56,1.0,14.28,7.5,0.9,7.2,4.78
design_7185,0.91,1.48,2.21,nan,nan,nan,0.79,1.63,12.59,6.73,0.89,2.75,3.35
design_7186,0.39,1.13,1.15,nan,nan,nan,0.54,0.95,14.75,7.74,0.89,13.61,8.67
design_7187,0.37,1.07,1.02,nan,nan,nan,0.52,0.87,12.2,6.65,0.89,2.68,2.07
design_7188,0.56,1.0,1.57,nan,nan,nan,0.59,1.13,14.35,7.6,0.9,27.16,20.56
design_7189,0.45,1.17,1.21,nan,nan,nan,0.56,1.0,10.24,5.69,0.89,2.47,1.81
design_7190,0.42,1.2,1.39,nan,nan,nan,0.56,1.08,12.57,6.8,0.88,11.33,8.13
design_7191,0.48,1.13,1.43,nan,nan,nan,0.58,1.09,11.8,6.54,0.88,3.25,3.96
design_7192,0.72,0.55,0.61,nan,nan,nan,0.47,0.63,11.57,6.23,0.89,8.48,6.61
design_7193,0.82,0.37,0.73,nan,nan,nan,0.5,0.69,13.81,7.27,0.89,12.47,15.17
design_7194,0.83,0.56,0.64,nan,nan,nan,0.5,0.68,12.02,6.45,0.89,8.55,6.42
design_7195,0.88,0.66,0.63,nan,nan,nan,0.5,0.72,11.25,6.12,0.89,9.45,7.93
design_7196,0.65,0.55,0.63,nan,nan,nan,0.47,0.61,11.88,6.37,0.89,7.73,6.04
design_7197,0.76,0.6,0.66,nan,nan,nan,0.48,0.68,11.26,6.12,0.89,10.09,8.64
design_7198,0.64,0.54,0.59,nan,nan,nan,0.46,0.59,12.26,6.57,0.89,4.73,5.97
design_7199,0.86,0.54,0.7,nan,nan,nan,0.5,0.72,13.95,7.36,0.89,15.72,17.09
design_7200,0.73,1.18,3.03,nan,nan,nan,1.02,2.13,11.23,6.44,0.87,25.1,26.15
design_7201,0.77,1.17,2.82,nan,nan,nan,0.96,2.0,13.88,7.7,0.86,23.48,24.5
design_7202,0.87,1.04,4.97,nan,nan,nan,1.53,3.36,14.3,7.79,0.87,22.3,13.83
design_7203,0.93,0.96,3.73,nan,nan,nan,1.2,2.56,14.64,8.02,0.87,12.58,8.28
design_7204,0.68,1.11,2.87,nan,nan,nan,0.97,2.01,16.56,8.83,0.88,20.84,18.34
design_7205,0.74,0.99,3.3,nan,nan,nan,1.09,2.27,13.12,7.32,0.86,13.16,14.33
design_7206,0.63,1.02,3.93,nan,nan,nan,1.24,2.67,14.26,7.87,0.87,13.98,13.26
design_7207,0.74,1.19,3.2,nan,nan,nan,1.06,2.23,17.03,9.03,0.88,15.76,14.29
design_7208,0.46,0.51,1.44,nan,nan,nan,0.55,0.9,6.22,3.97,0.87,2.07,1.93
design_7209,0.45,0.4,1.08,nan,nan,nan,0.49,0.7,9.91,5.61,0.88,3.98,5.05
design_7210,0.49,0.46,1.44,nan,nan,nan,0.54,0.9,7.56,4.56,0.87,1.57,1.56
design_7211,0.45,0.61,1.23,nan,nan,nan,0.51,0.82,6.22,3.93,0.88,2.49,1.92
design_7212,0.43,0.51,1.45,nan,nan,nan,0.55,0.91,5.91,3.83,0.88,1.99,1.91
design_7213,0.46,0.65,0.96,nan,nan,nan,0.5,0.71,9.24,5.41,0.87,3.43,4.06
design_7214,0.46,0.49,1.41,nan,nan,nan,0.53,0.88,7.05,4.33,0.87,1.59,1.44
design_7215,0.48,0.54,1.32,nan,nan,nan,0.51,0.85,5.26,3.58,0.87,2.34,1.99
design_7216,0.78,0.73,1.61,nan,nan,nan,0.67,1.23,14.14,7.6,0.89,16.25,15.9
design_7217,0.85,0.65,1.24,nan,nan,nan,0.59,1.01,13.43,7.14,0.9,17.11,16.83
design_7218,0.89,0.69,1.72,nan,nan,nan,0.7,1.31,15.3,8.2,0.88,15.32,14.62
design_7219,0.89,0.76,1.73,nan,nan,nan,0.7,1.32,15.21,8.07,0.89,10.94,8.49
design_7220,0.66,0.61,1.15,nan,nan,nan,0.56,0.91,15.16,7.86,0.9,15.87,11.33
design_7221,0.78,0.55,1.18,nan,nan,nan,0.57,0.94,14.58,7.7,0.89,14.38,13.71
design_7222,0.53,0.58,1.12,nan,nan,nan,0.53,0.86,12.17,6.51,0.9,16.89,17.08
design_7223,0.6,0.68,1.08,nan,nan,nan,0.54,0.87,14.82,7.74,0.9,14.62,14.63
design_7224,0.6,0.5,0.63,nan,nan,nan,0.43,0.59,14.81,7.73,0.9,15.61,13.26
design_7225,0.46,0.51,0.62,nan,nan,nan,0.44,0.56,16.1,8.25,0.9,14.52,14.55
design_7226,0.4,0.48,0.67,nan,nan,nan,0.43,0.57,16.03,8.25,0.9,16.47,18.24
design_7227,0.6,0.54,0.99,nan,nan,nan,0.51,0.81,16.26,8.53,0.89,10.64,14.29
design_7228,0.37,0.61,0.66,nan,nan,nan,0.43,0.59,14.22,7.41,0.9,14.66,13.46
design_7229,0.39,0.58,0.59,nan,nan,nan,0.44,0.54,16.62,8.47,0.91,18.09,16.76
design_7230,0.5,0.59,0.92,nan,nan,nan,0.49,0.75,15.73,8.34,0.89,12.99,13.05
design_7231,0.49,0.57,0.93,nan,nan,nan,0.49,0.75,16.39,8.62,0.89,9.29,11.99
design_7232,0.6,0.55,1.14,nan,nan,nan,0.5,0.78,11.53,6.46,0.87,22.51,22.0
design_7233,0.61,0.57,1.21,nan,nan,nan,0.52,0.81,11.9,6.65,0.88,13.72,15.19
design_7234,0.76,0.49,1.19,nan,nan,nan,0.51,0.84,12.49,6.89,0.88,20.08,19.93
design_7235,0.6,0.68,1.13,nan,nan,nan,0.51,0.8,11.77,6.57,0.88,22.72,22.9
design_7236,0.81,0.68,1.29,nan,nan,nan,0.56,0.94,7.7,4.7,0.87,1.36,1.21
design_7237,0.64,0.59,1.2,nan,nan,nan,0.51,0.83,11.24,6.31,0.87,22.86,22.56
design_7238,0.75,0.62,1.25,nan,nan,nan,0.53,0.88,12.26,6.77,0.87,16.84,18.48
design_7239,0.69,0.36,1.12,nan,nan,nan,0.52,0.76,6.41,4.14,0.87,2.44,1.86
design_7240,0.4,0.68,1.72,nan,nan,nan,0.67,1.23,13.17,7.21,0.88,16.9,17.36
design_7241,0.5,0.72,1.44,nan,nan,nan,0.62,1.08,13.06,7.22,0.88,16.14,15.5
design_7242,0.4,0.82,1.26,nan,nan,nan,0.59,0.97,13.12,7.16,0.88,4.19,4.72
design_7243,0.41,0.75,1.53,nan,nan,nan,0.64,1.12,13.4,7.18,0.89,15.0,14.35
design_7244,0.4,0.69,1.57,nan,nan,nan,0.63,1.14,13.26,7.14,0.89,16.52,16.2
design_7245,0.4,0.74,1.28,nan,nan,nan,0.58,0.97,12.53,6.77,0.89,14.46,13.79
design_7246,0.37,0.79,1.69,nan,nan,nan,0.68,1.23,13.72,7.39,0.88,15.41,14.75
design_7247,0.49,0.74,1.85,nan,nan,nan,0.71,1.33,14.77,7.86,0.89,16.32,12.53
design_7248,0.72,1.0,1.58,nan,nan,nan,0.63,1.16,14.33,7.54,0.9,18.39,12.09
design_7249,0.51,0.69,1.38,nan,nan,nan,0.53,0.95,12.93,6.92,0.89,17.34,16.5
design_7250,0.45,0.83,1.34,nan,nan,nan,0.53,0.95,15.69,8.19,0.9,36.68,15.65
design_7251,0.43,0.81,1.45,nan,nan,nan,0.55,1.0,12.59,6.76,0.89,23.65,21.54
design_7252,0.63,0.89,1.48,nan,nan,nan,0.59,1.07,13.97,7.42,0.89,9.42,6.37
design_7253,0.7,0.96,1.45,nan,nan,nan,0.57,1.08,13.52,7.19,0.9,8.18,5.73
design_7254,0.94,0.76,1.22,nan,nan,nan,0.54,1.0,14.83,7.94,0.89,15.66,8.21
design_7255,0.58,1.02,1.41,nan,nan,nan,0.6,1.06,12.71,6.85,0.89,2.81,3.05
design_7256,0.62,0.72,1.29,nan,nan,nan,0.55,0.91,13.78,7.35,0.88,18.17,17.23
design_7257,0.65,0.73,1.62,nan,nan,nan,0.58,1.07,11.26,6.19,0.88,24.34,24.09
design_7258,0.6,0.88,1.11,nan,nan,nan,0.53,0.87,12.02,6.6,0.88,20.66,22.4
design_7259,0.54,0.8,0.96,nan,nan,nan,0.5,0.77,10.97,6.04,0.88,24.21,25.0
design_7260,0.51,0.91,1.16,nan,nan,nan,0.5,0.89,12.16,6.69,0.88,24.02,24.48
design_7261,0.61,0.75,1.36,nan,nan,nan,0.55,0.95,13.48,7.3,0.88,22.16,16.98
design_7262,0.51,0.83,1.29,nan,nan,nan,0.53,0.92,9.49,5.46,0.88,3.29,4.02
design_7263,0.59,0.77,0.91,nan,nan,nan,0.49,0.76,5.62,3.51,0.89,24.39,25.82
design_7264,0.57,0.41,2.27,nan,nan,nan,0.59,1.27,10.98,6.11,0.87,23.38,22.79
design_7265,0.86,0.5,1.87,nan,nan,nan,0.59,1.16,12.92,7.04,0.88,22.55,17.03
design_7266,0.65,0.5,1.74,nan,nan,nan,0.54,1.05,10.12,5.81,0.87,5.06,5.45
design_7267,0.47,0.6,1.98,nan,nan,nan,0.58,1.14,10.98,6.22,0.88,21.62,21.65
design_7268,0.89,0.48,1.64,nan,nan,nan,0.56,1.06,13.0,7.22,0.87,21.8,16.43
design_7269,0.5,0.62,1.42,nan,nan,nan,0.5,0.89,12.14,6.74,0.88,3.42,3.76
design_7270,0.65,0.75,2.28,nan,nan,nan,0.64,1.34,16.07,8.5,0.88,28.84,19.97
design_7271,0.4,0.28,2.19,nan,nan,nan,0.6,1.19,9.94,5.65,0.88,22.64,21.23
design_7272,0.48,0.96,1.54,nan,nan,nan,0.6,1.14,12.69,6.79,0.89,4.73,2.46
design_7273,0.42,0.9,1.18,nan,nan,nan,0.54,0.92,12.05,6.55,0.88,2.61,1.52
design_7274,0.4,0.79,0.99,nan,nan,nan,0.51,0.79,9.72,5.43,0.88,4.26,5.07
design_7275,0.44,0.94,1.14,nan,nan,nan,0.51,0.91,11.32,6.13,0.88,1.88,1.98
design_7276,0.48,0.81,1.11,nan,nan,nan,0.52,0.87,10.36,5.76,0.89,3.89,4.71
design_7277,0.5,0.94,1.26,nan,nan,nan,0.54,0.99,13.0,6.92,0.89,7.42,4.38
design_7278,0.37,0.79,1.11,nan,nan,nan,0.51,0.85,10.06,5.59,0.88,3.16,3.58
design_7279,0.56,0.8,1.54,nan,nan,nan,0.6,1.12,10.15,5.71,0.88,2.83,2.12
design_7280,0.61,0.82,0.67,nan,nan,nan,0.49,0.69,13.32,7.24,0.88,4.82,6.08
design_7281,0.78,0.88,1.42,nan,nan,nan,0.64,1.12,9.05,5.41,0.86,4.45,3.79
design_7282,0.86,0.68,0.92,nan,nan,nan,0.55,0.85,12.63,7.07,0.87,14.82,15.45
design_7283,0.82,0.85,0.88,nan,nan,nan,0.53,0.85,14.14,7.95,0.86,18.93,20.15
design_7284,0.87,0.88,1.32,nan,nan,nan,0.62,1.09,9.5,5.63,0.86,3.04,3.46
design_7285,0.52,0.58,1.03,nan,nan,nan,0.49,0.79,17.46,9.19,0.87,30.25,15.86
design_7286,0.81,0.73,1.06,nan,nan,nan,0.54,0.91,15.53,8.53,0.86,4.8,2.94
design_7287,0.66,0.75,0.74,nan,nan,nan,0.49,0.72,12.31,7.04,0.86,21.68,21.43
design_7288,0.57,0.27,1.47,nan,nan,nan,0.5,0.87,14.58,7.73,0.9,20.04,15.59
design_7289,0.52,0.28,1.13,nan,nan,nan,0.44,0.7,15.68,8.32,0.89,34.89,20.85
design_7290,0.47,0.55,1.11,nan,nan,nan,0.46,0.73,11.8,6.49,0.89,15.18,16.31
design_7291,0.52,0.31,1.16,nan,nan,nan,0.44,0.72,12.06,6.64,0.89,23.07,22.44
design_7292,0.67,0.49,1.36,nan,nan,nan,0.51,0.88,14.19,7.66,0.89,16.36,14.08
design_7293,0.45,0.42,1.19,nan,nan,nan,0.45,0.73,14.33,7.67,0.89,13.87,12.55
design_7294,0.6,0.85,1.35,nan,nan,nan,0.51,0.94,12.22,6.75,0.88,2.9,4.42
design_7295,0.92,0.77,1.26,nan,nan,nan,0.53,0.98,13.66,7.44,0.88,9.11,8.07
design_7296,0.5,0.89,1.14,nan,nan,nan,0.51,0.85,12.12,6.65,0.88,7.92,5.25
design_7297,0.72,0.92,1.32,nan,nan,nan,0.54,0.99,12.59,6.89,0.88,10.4,6.89
design_7298,0.55,0.9,1.16,nan,nan,nan,0.51,0.87,12.46,6.84,0.89,12.77,7.91
design_7299,0.71,0.79,1.09,nan,nan,nan,0.52,0.86,14.49,7.78,0.89,15.74,15.55
design_7300,0.62,0.93,1.04,nan,nan,nan,0.51,0.86,12.35,6.83,0.88,13.67,13.85
design_7301,0.75,0.92,1.06,nan,nan,nan,0.52,0.9,13.28,7.2,0.88,6.0,5.47
design_7302,0.65,0.89,1.15,nan,nan,nan,0.52,0.89,14.09,7.6,0.89,16.56,12.54
design_7303,0.61,0.93,1.0,nan,nan,nan,0.5,0.84,12.36,6.8,0.88,23.8,21.36
design_7304,0.66,1.78,1.37,nan,nan,nan,0.67,1.33,14.23,7.57,0.89,17.94,13.7
design_7305,0.71,2.3,1.56,nan,nan,nan,0.8,1.62,6.92,4.35,0.87,7.97,9.61
design_7306,0.7,1.67,2.22,nan,nan,nan,0.78,1.65,13.65,7.53,0.88,23.21,22.01
design_7307,0.56,1.76,1.35,nan,nan,nan,0.68,1.3,6.24,4.01,0.87,1.52,1.46
design_7308,0.45,1.54,1.26,nan,nan,nan,0.61,1.16,3.85,2.85,0.89,1.42,1.14
design_7309,0.59,1.69,1.23,nan,nan,nan,0.63,1.23,14.39,7.65,0.89,21.92,14.82
design_7310,0.55,1.51,1.2,nan,nan,nan,0.61,1.14,3.97,2.91,0.89,1.76,1.23
design_7311,0.43,2.72,1.18,nan,nan,nan,0.8,1.67,3.94,2.79,0.89,1.22,1.83
design_7312,0.73,0.62,0.69,nan,nan,nan,0.47,0.68,16.59,8.46,0.9,19.73,19.43
design_7313,0.71,0.57,0.71,nan,nan,nan,0.48,0.68,15.95,8.18,0.91,19.92,17.65
design_7314,0.53,0.47,0.73,nan,nan,nan,0.47,0.63,15.86,8.17,0.9,20.05,21.44
design_7315,0.65,0.48,0.71,nan,nan,nan,0.48,0.64,16.43,8.42,0.9,18.46,14.82
design_7316,0.63,0.56,0.71,nan,nan,nan,0.47,0.66,15.59,8.0,0.9,15.35,10.76
design_7317,0.6,0.51,0.74,nan,nan,nan,0.47,0.66,15.89,8.16,0.9,13.19,11.24
design_7318,0.39,0.63,0.72,nan,nan,nan,0.46,0.63,16.61,8.46,0.91,16.59,17.03
design_7319,0.72,0.57,0.73,nan,nan,nan,0.49,0.69,15.61,8.05,0.9,20.91,23.09
design_7320,0.69,0.86,1.36,nan,nan,nan,0.61,1.05,15.39,8.06,0.89,35.3,14.27
design_7321,0.59,1.01,1.24,nan,nan,nan,0.59,1.01,12.45,6.73,0.88,2.82,3.34
design_7322,0.58,0.92,1.13,nan,nan,nan,0.56,0.93,14.31,7.49,0.9,8.27,9.47
design_7323,0.6,0.9,1.73,nan,nan,nan,0.66,1.25,15.52,8.08,0.9,36.14,15.33
design_7324,0.79,0.84,1.79,nan,nan,nan,0.7,1.3,15.15,7.97,0.89,29.37,12.76
design_7325,0.58,0.91,1.93,nan,nan,nan,0.72,1.36,15.4,8.07,0.89,28.36,11.85
design_7326,0.7,1.03,1.26,nan,nan,nan,0.6,1.05,15.13,7.83,0.9,31.99,15.8
design_7327,0.87,0.81,1.52,nan,nan,nan,0.67,1.17,6.27,3.96,0.88,4.57,2.86
design_7328,0.53,1.06,1.17,nan,nan,nan,0.57,0.99,12.73,6.99,0.88,6.82,5.08
design_7329,0.8,0.8,3.18,nan,nan,nan,1.03,2.18,15.03,8.07,0.88,14.85,9.06
design_7330,0.69,0.81,3.13,nan,nan,nan,1.02,2.14,14.5,7.82,0.88,16.32,9.47
design_7331,0.67,0.69,5.01,nan,nan,nan,1.53,3.34,15.4,8.33,0.88,7.51,7.99
design_7332,0.9,0.93,2.77,nan,nan,nan,0.95,1.95,15.37,8.31,0.88,10.03,6.49
design_7333,0.76,0.99,3.41,nan,nan,nan,1.1,2.34,15.53,8.36,0.88,15.42,9.94
design_7334,0.52,0.9,1.14,nan,nan,nan,0.54,0.93,12.42,6.83,0.88,10.93,9.4
design_7335,0.69,0.91,3.03,nan,nan,nan,1.0,2.09,14.9,7.93,0.89,10.22,7.37
design_7336,0.65,0.42,2.74,nan,nan,nan,0.97,1.94,16.12,8.42,0.89,17.86,14.29
design_7337,0.55,0.57,3.43,nan,nan,nan,1.17,2.41,15.51,8.62,0.87,14.99,16.3
design_7338,0.55,0.53,2.07,nan,nan,nan,0.78,1.49,10.97,6.38,0.86,18.62,19.07
design_7339,0.43,0.51,3.64,nan,nan,nan,1.22,2.55,16.03,8.72,0.88,16.82,19.0
design_7340,0.63,0.61,2.61,nan,nan,nan,0.94,1.87,15.05,8.22,0.87,20.38,23.59
design_7341,0.63,0.59,2.48,nan,nan,nan,0.89,1.77,16.1,8.68,0.88,14.44,13.12
design_7342,0.66,0.52,3.09,nan,nan,nan,1.06,2.18,19.44,10.04,0.87,34.08,15.97
design_7343,0.72,0.56,2.34,nan,nan,nan,0.87,1.69,18.29,9.55,0.87,23.11,12.81
design_7344,0.69,0.88,3.08,nan,nan,nan,1.05,2.16,17.87,9.39,0.88,25.44,18.73
design_7345,0.54,0.93,3.04,nan,nan,nan,1.04,2.13,17.29,9.08,0.88,23.87,10.1
design_7346,0.61,0.89,3.81,nan,nan,nan,1.25,2.64,7.4,4.53,0.87,16.54,10.45
design_7347,0.71,0.77,3.95,nan,nan,nan,1.29,2.73,16.7,8.98,0.87,27.56,16.8
design_7348,1.03,0.97,4.45,nan,nan,nan,1.46,3.1,14.73,8.01,0.87,18.33,9.72
design_7349,0.76,0.83,4.24,nan,nan,nan,1.38,2.93,15.38,8.33,0.87,19.7,8.96
design_7350,0.47,0.9,2.78,nan,nan,nan,0.96,1.95,15.98,8.57,0.88,25.3,10.21
design_7351,0.8,0.77,3.13,nan,nan,nan,1.06,2.19,16.41,8.74,0.88,27.09,10.14
design_7352,0.56,0.68,1.56,nan,nan,nan,0.56,0.97,13.33,7.22,0.89,14.68,9.22
design_7353,0.69,1.05,0.99,nan,nan,nan,0.54,0.91,10.09,5.83,0.87,6.59,4.65
design_7354,0.59,0.88,2.24,nan,nan,nan,0.68,1.33,8.17,4.92,0.87,6.6,6.04
design_7355,0.63,0.87,1.5,nan,nan,nan,0.55,1.01,13.17,7.16,0.88,19.6,15.58
design_7356,0.67,0.82,1.53,nan,nan,nan,0.57,1.03,13.11,7.18,0.88,16.87,11.75
design_7357,0.62,0.96,1.05,nan,nan,nan,0.52,0.88,11.8,6.57,0.88,23.52,22.04
design_7358,0.51,0.93,1.32,nan,nan,nan,0.53,0.93,12.63,6.97,0.88,19.12,17.74
design_7359,0.57,0.97,1.16,nan,nan,nan,0.54,0.9,11.7,6.58,0.87,19.9,17.0
design_7360,0.67,0.6,1.3,nan,nan,nan,0.55,0.93,12.43,6.82,0.88,22.5,21.61
design_7361,0.56,1.32,1.78,nan,nan,nan,0.67,1.32,12.52,6.75,0.89,22.38,21.1
design_7362,0.9,0.83,2.62,nan,nan,nan,0.82,1.7,13.25,7.13,0.89,17.52,14.59
design_7363,1.13,0.85,2.21,nan,nan,nan,0.75,1.54,14.82,7.87,0.89,14.13,13.47
design_7364,0.6,0.97,1.18,nan,nan,nan,0.52,0.95,11.1,6.13,0.88,5.54,6.98
design_7365,0.57,0.78,1.26,nan,nan,nan,0.51,0.92,11.04,6.1,0.87,4.71,3.93
design_7366,0.62,0.77,1.06,nan,nan,nan,0.5,0.84,12.7,6.81,0.9,23.63,23.84
design_7367,0.64,0.81,1.61,nan,nan,nan,0.61,1.12,11.6,6.43,0.88,21.57,19.76
design_7368,0.69,2.16,1.1,nan,nan,nan,0.73,1.43,12.01,6.73,0.87,6.39,5.61
design_7369,0.44,2.34,1.12,nan,nan,nan,0.72,1.48,11.95,6.54,0.88,7.71,5.53
design_7370,0.52,2.0,1.18,nan,nan,nan,0.66,1.34,13.16,7.16,0.88,7.74,7.9
design_7371,0.58,2.3,0.97,nan,nan,nan,0.71,1.45,11.6,6.37,0.88,23.68,24.03
design_7372,0.6,1.17,1.08,nan,nan,nan,0.55,0.96,14.37,7.77,0.88,26.83,20.78
design_7373,0.8,2.2,6.06,nan,nan,nan,1.54,3.65,12.12,6.83,0.87,16.36,15.97
design_7374,0.32,2.38,0.91,nan,nan,nan,0.71,1.45,14.88,7.78,0.9,21.61,16.88
design_7375,0.66,2.44,1.15,nan,nan,nan,0.75,1.57,13.72,7.3,0.89,40.94,15.99
design_7376,0.9,1.2,2.19,nan,nan,nan,0.78,1.55,12.0,6.54,0.89,21.35,18.13
design_7377,0.72,1.06,1.7,nan,nan,nan,0.63,1.24,17.06,8.88,0.88,40.23,19.07
design_7378,0.44,1.12,1.35,nan,nan,nan,0.57,1.04,13.22,7.1,0.89,21.0,21.15
design_7379,0.74,1.39,2.52,nan,nan,nan,0.81,1.73,12.63,6.8,0.88,5.69,3.53
design_7380,0.43,1.22,1.66,nan,nan,nan,0.64,1.21,13.55,7.27,0.89,17.24,17.68
design_7381,0.46,1.05,2.11,nan,nan,nan,0.72,1.4,12.02,6.55,0.89,22.79,21.46
design_7382,0.81,1.23,2.05,nan,nan,nan,0.73,1.47,13.98,7.47,0.89,16.56,12.15
design_7383,1.1,1.44,1.76,nan,nan,nan,0.74,1.46,11.72,6.32,0.89,22.73,22.5
design_7384,0.73,0.91,1.42,nan,nan,nan,0.57,1.09,13.31,7.07,0.89,25.02,23.53
design_7385,0.77,1.24,1.29,nan,nan,nan,0.58,1.13,13.94,7.48,0.89,3.83,3.49
design_7386,0.72,1.03,1.26,nan,nan,nan,0.56,1.04,15.06,7.86,0.9,12.8,15.03
design_7387,0.6,1.23,1.44,nan,nan,nan,0.58,1.16,15.29,8.06,0.89,17.16,9.43
design_7388,1.16,1.49,1.47,nan,nan,nan,0.68,1.38,13.46,7.23,0.88,12.81,9.08
design_7389,0.86,0.8,1.35,nan,nan,nan,0.6,1.06,14.46,7.63,0.9,18.91,18.94
design_7390,0.6,1.12,0.55,nan,nan,nan,0.51,0.77,4.87,3.33,0.88,3.05,1.54
design_7391,0.67,1.2,1.41,nan,nan,nan,0.6,1.15,15.17,7.93,0.9,24.96,20.88
design_7392,0.91,2.94,2.46,nan,nan,nan,1.02,2.23,13.77,7.38,0.89,20.58,15.32
design_7393,0.71,0.7,2.71,nan,nan,nan,0.79,1.7,12.15,6.65,0.88,24.87,21.63
design_7394,0.85,2.91,2.58,nan,nan,nan,1.04,2.26,9.26,5.24,0.88,18.6,11.9
design_7395,0.87,0.88,2.13,nan,nan,nan,0.71,1.44,12.97,7.0,0.89,19.8,21.34
design_7396,0.64,0.74,1.01,nan,nan,nan,0.49,0.82,14.78,7.76,0.9,29.14,20.44
design_7397,0.47,2.75,1.35,nan,nan,nan,0.8,1.73,12.9,7.0,0.89,22.47,22.15
design_7398,0.95,3.07,2.21,nan,nan,nan,1.0,2.2,13.32,7.24,0.89,22.39,22.67
design_7399,0.51,2.78,1.18,nan,nan,nan,0.8,1.7,12.66,6.86,0.89,4.47,4.38
design_7400,0.61,0.51,0.65,nan,nan,nan,0.43,0.59,10.37,5.71,0.89,23.61,21.42
design_7401,0.7,0.68,1.0,nan,nan,nan,0.49,0.79,13.28,7.31,0.87,28.03,18.97
design_7402,0.65,0.43,0.58,nan,nan,nan,0.42,0.57,10.68,5.89,0.89,24.57,21.89
design_7403,0.61,0.42,0.7,nan,nan,nan,0.43,0.58,10.8,5.92,0.89,21.75,18.63
design_7404,0.66,0.54,0.66,nan,nan,nan,0.43,0.62,11.3,6.16,0.89,21.61,19.19
design_7405,0.59,0.47,0.63,nan,nan,nan,0.44,0.56,10.89,5.94,0.9,20.78,16.62
design_7406,0.47,0.52,0.68,nan,nan,nan,0.4,0.55,9.49,5.32,0.89,24.14,22.2
design_7407,0.61,0.6,0.63,nan,nan,nan,0.45,0.61,12.68,6.76,0.9,22.49,15.34
design_7408,0.44,1.18,0.91,nan,nan,nan,0.51,0.88,10.62,5.87,0.89,4.53,4.96
design_7409,0.42,1.37,1.47,nan,nan,nan,0.63,1.2,13.84,7.32,0.89,14.29,9.58
design_7410,0.38,1.25,1.22,nan,nan,nan,0.57,1.04,11.89,6.45,0.89,3.33,3.66
design_7411,0.59,1.1,1.67,nan,nan,nan,0.66,1.26,15.06,7.94,0.89,8.47,4.2
design_7412,0.48,1.05,1.36,nan,nan,nan,0.6,1.06,5.71,3.59,0.88,22.04,13.55
design_7413,0.35,1.27,1.22,nan,nan,nan,0.58,1.04,12.69,6.78,0.89,4.75,5.5
design_7414,0.35,1.27,1.08,nan,nan,nan,0.55,0.98,9.88,5.54,0.88,3.21,2.98
design_7415,0.35,1.1,1.07,nan,nan,nan,0.54,0.91,10.39,5.78,0.88,3.35,2.23
design_7416,0.68,0.56,0.85,nan,nan,nan,0.5,0.75,14.81,7.76,0.89,21.91,22.85
design_7417,0.76,0.64,0.76,nan,nan,nan,0.51,0.73,16.16,8.32,0.9,21.1,20.71
design_7418,0.75,0.54,0.71,nan,nan,nan,0.51,0.68,13.52,7.21,0.89,12.43,16.35
design_7419,0.78,0.58,0.85,nan,nan,nan,0.54,0.77,17.33,8.82,0.9,14.58,16.37
design_7420,0.77,0.42,0.62,nan,nan,nan,0.48,0.62,12.01,6.41,0.89,13.09,17.63
design_7421,0.79,0.66,0.76,nan,nan,nan,0.5,0.75,15.86,8.22,0.9,18.83,14.46
design_7422,0.79,0.53,0.77,nan,nan,nan,0.51,0.73,15.04,7.73,0.9,23.18,26.49
design_7423,0.75,0.59,0.78,nan,nan,nan,0.52,0.73,14.77,7.62,0.9,23.01,25.55
design_7424,0.52,0.86,0.49,nan,nan,nan,0.45,0.62,13.6,7.2,0.9,9.08,7.59
design_7425,0.76,1.0,1.38,nan,nan,nan,0.61,1.11,13.75,7.31,0.9,13.31,6.79
design_7426,0.57,0.9,0.5,nan,nan,nan,0.46,0.65,14.37,7.6,0.9,7.73,5.28
design_7427,0.5,0.92,0.58,nan,nan,nan,0.45,0.67,15.02,7.8,0.9,19.86,8.73
design_7428,0.52,0.94,1.28,nan,nan,nan,0.57,1.0,14.25,7.52,0.9,14.95,7.9
design_7429,0.63,0.96,1.39,nan,nan,nan,0.61,1.08,13.55,7.2,0.9,10.12,8.61
design_7430,0.74,0.87,1.16,nan,nan,nan,0.56,0.96,12.99,6.95,0.89,8.34,6.83
design_7431,0.85,0.92,1.37,nan,nan,nan,0.62,1.11,16.2,8.39,0.9,28.11,22.9
design_7432,0.64,0.5,1.61,nan,nan,nan,0.65,1.19,14.42,7.62,0.89,8.68,7.23
design_7433,0.6,0.44,0.74,nan,nan,nan,0.46,0.64,15.32,7.94,0.9,15.49,11.99
design_7434,0.56,0.51,0.81,nan,nan,nan,0.47,0.68,15.53,8.12,0.89,18.37,12.72
design_7435,0.63,0.44,1.5,nan,nan,nan,0.61,1.11,14.64,7.71,0.89,8.59,8.09
design_7436,0.54,0.4,1.42,nan,nan,nan,0.59,1.05,14.35,7.62,0.88,8.2,6.85
design_7437,0.67,0.39,1.36,nan,nan,nan,0.58,1.03,15.06,7.87,0.89,6.12,5.02
design_7438,0.5,0.57,1.31,nan,nan,nan,0.56,0.99,15.6,8.1,0.9,22.55,21.96
design_7439,0.53,0.59,1.3,nan,nan,nan,0.56,0.99,15.9,8.24,0.89,18.37,19.07
design_7440,0.71,0.72,0.76,nan,nan,nan,0.5,0.74,14.99,7.78,0.9,20.85,22.89
design_7441,0.75,0.57,0.64,nan,nan,nan,0.48,0.65,16.16,8.33,0.9,17.82,12.84
design_7442,0.83,0.63,0.71,nan,nan,nan,0.5,0.73,15.85,8.23,0.9,13.2,11.27
design_7443,0.49,0.57,0.67,nan,nan,nan,0.44,0.6,16.38,8.45,0.9,9.71,11.25
design_7444,0.54,0.59,0.69,nan,nan,nan,0.46,0.63,15.19,7.86,0.9,11.23,9.58
design_7445,0.42,0.53,0.68,nan,nan,nan,0.45,0.59,16.26,8.36,0.9,10.69,10.36
design_7446,0.51,0.56,0.77,nan,nan,nan,0.47,0.66,15.12,7.84,0.9,11.92,13.09
design_7447,0.5,0.63,0.82,nan,nan,nan,0.49,0.7,14.79,7.65,0.9,21.26,21.37
design_7448,0.88,1.12,0.98,nan,nan,nan,0.58,0.99,15.36,8.16,0.89,11.5,6.89
design_7449,0.67,1.17,1.93,nan,nan,nan,0.75,1.48,13.54,7.55,0.87,14.39,17.71
design_7450,0.76,1.2,2.47,nan,nan,nan,0.89,1.82,13.68,7.53,0.88,18.32,13.51
design_7451,0.91,1.19,1.46,nan,nan,nan,0.67,1.26,12.75,7.08,0.87,20.8,22.56
design_7452,0.64,1.15,1.23,nan,nan,nan,0.6,1.07,16.35,8.62,0.89,12.3,6.07
design_7453,0.73,1.26,2.24,nan,nan,nan,0.84,1.69,15.96,8.35,0.9,13.51,10.09
design_7454,0.67,1.16,1.1,nan,nan,nan,0.58,1.01,15.44,8.16,0.89,17.81,17.32
design_7455,0.74,1.39,1.35,nan,nan,nan,0.66,1.22,14.73,7.95,0.88,16.34,12.32
design_7456,0.66,0.51,2.48,nan,nan,nan,0.89,1.77,16.83,9.03,0.87,12.78,14.09
design_7457,0.63,0.45,2.16,nan,nan,nan,0.8,1.55,16.12,8.69,0.87,19.07,22.79
design_7458,0.66,0.52,1.84,nan,nan,nan,0.73,1.35,15.6,8.3,0.89,13.61,14.07
design_7459,0.84,0.5,2.8,nan,nan,nan,0.99,2.01,14.63,7.82,0.89,15.38,15.76
design_7460,0.65,0.42,4.26,nan,nan,nan,1.4,2.98,16.55,8.68,0.89,16.59,18.71
design_7461,0.73,0.44,3.52,nan,nan,nan,1.19,2.48,14.19,7.73,0.88,13.12,13.79
design_7462,0.84,0.54,3.62,nan,nan,nan,1.23,2.56,14.18,7.75,0.87,12.89,13.13
design_7463,0.69,0.51,2.04,nan,nan,nan,0.78,1.48,16.0,8.43,0.89,20.83,24.68
design_7464,0.51,0.31,2.18,nan,nan,nan,0.78,1.51,13.78,7.79,0.85,17.35,17.68
design_7465,0.63,0.28,2.02,nan,nan,nan,0.73,1.42,10.43,6.07,0.87,17.26,16.77
design_7466,0.55,0.36,1.32,nan,nan,nan,0.57,0.96,12.51,7.16,0.85,17.65,16.42
design_7467,0.8,0.47,2.69,nan,nan,nan,0.93,1.89,14.22,7.88,0.86,19.33,15.2
design_7468,0.54,0.38,2.03,nan,nan,nan,0.73,1.42,10.1,5.86,0.87,17.68,17.45
design_7469,0.87,0.5,2.94,nan,nan,nan,1.0,2.06,11.72,6.78,0.86,18.1,19.0
design_7470,0.81,0.43,1.9,nan,nan,nan,0.73,1.38,9.9,5.86,0.86,17.51,16.47
design_7471,0.76,0.52,2.99,nan,nan,nan,1.01,2.08,14.58,8.04,0.87,16.87,17.84
design_7472,0.9,2.87,1.77,nan,nan,nan,0.9,1.96,15.36,8.07,0.89,29.62,12.67
design_7473,0.88,2.75,1.83,nan,nan,nan,0.89,1.93,13.12,7.1,0.89,21.75,21.92
design_7474,0.9,2.83,1.74,nan,nan,nan,0.88,1.94,15.43,8.14,0.89,30.34,17.93
design_7475,0.66,2.79,1.66,nan,nan,nan,0.86,1.86,14.52,7.75,0.89,8.3,8.46
design_7476,1.0,2.82,1.83,nan,nan,nan,0.91,1.98,14.02,7.51,0.89,23.1,22.12
design_7477,0.72,2.74,1.55,nan,nan,nan,0.84,1.81,13.45,7.31,0.88,22.84,23.54
design_7478,0.83,2.57,1.9,nan,nan,nan,0.87,1.87,11.83,6.41,0.89,19.82,19.37
design_7479,0.88,2.8,1.72,nan,nan,nan,0.88,1.91,14.38,7.63,0.88,11.12,9.17
design_7480,0.6,0.58,0.7,nan,nan,nan,0.47,0.64,15.79,8.16,0.89,13.47,9.4
design_7481,0.56,0.55,1.07,nan,nan,nan,0.55,0.85,12.61,6.91,0.88,19.84,20.0
design_7482,0.63,0.53,0.81,nan,nan,nan,0.51,0.7,13.5,7.21,0.89,17.4,16.67
design_7483,0.5,0.5,0.89,nan,nan,nan,0.5,0.72,14.57,7.71,0.88,13.72,14.78
design_7484,0.38,0.53,0.75,nan,nan,nan,0.44,0.62,16.68,8.59,0.9,8.49,9.76
design_7485,0.5,0.46,0.79,nan,nan,nan,0.46,0.65,16.45,8.48,0.9,18.2,18.49
design_7486,0.35,0.58,0.84,nan,nan,nan,0.5,0.68,13.69,7.31,0.88,15.35,13.49
design_7487,0.5,0.55,0.94,nan,nan,nan,0.52,0.76,14.49,7.65,0.89,15.97,15.89
design_7488,0.34,0.35,0.64,nan,nan,nan,0.42,0.46,5.94,3.79,0.88,4.69,6.18
design_7489,0.45,0.36,1.07,nan,nan,nan,0.44,0.69,14.98,7.88,0.9,26.06,13.2
design_7490,0.33,0.34,0.69,nan,nan,nan,0.4,0.47,11.42,6.25,0.88,1.61,2.2
design_7491,0.49,0.26,0.89,nan,nan,nan,0.42,0.6,13.52,7.17,0.89,12.57,8.57
design_7492,0.39,0.3,0.42,nan,nan,nan,0.38,0.38,5.03,3.35,0.88,5.02,6.52
design_7493,0.33,0.57,0.57,nan,nan,nan,0.4,0.5,7.03,4.33,0.87,1.04,1.22
design_7494,0.37,0.37,0.82,nan,nan,nan,0.43,0.55,10.08,5.69,0.88,2.14,1.29
design_7495,0.38,0.27,0.84,nan,nan,nan,0.4,0.55,13.08,6.99,0.89,11.1,7.77
design_7496,0.64,0.83,0.74,nan,nan,nan,0.49,0.74,11.8,6.36,0.9,19.81,17.49
design_7497,0.69,0.85,0.8,nan,nan,nan,0.52,0.78,11.97,6.39,0.9,20.43,19.65
design_7498,0.55,0.81,0.8,nan,nan,nan,0.51,0.74,12.0,6.41,0.9,19.75,17.48
design_7499,0.52,0.83,0.86,nan,nan,nan,0.51,0.77,13.65,7.17,0.9,19.29,18.74
design_7500,0.68,0.86,0.93,nan,nan,nan,0.53,0.85,14.36,7.44,0.91,20.08,18.79
design_7501,0.6,0.78,0.91,nan,nan,nan,0.52,0.8,12.31,6.64,0.89,19.77,19.09
design_7502,0.75,0.89,0.85,nan,nan,nan,0.53,0.83,12.74,6.75,0.9,20.06,18.87
design_7503,0.56,0.94,0.64,nan,nan,nan,0.48,0.71,15.2,7.89,0.9,18.17,14.45
design_7504,0.54,0.87,2.89,nan,nan,nan,0.87,1.87,12.9,7.07,0.89,12.26,8.29
design_7505,0.68,0.96,1.34,nan,nan,nan,0.56,1.05,12.11,6.55,0.89,12.97,9.13
design_7506,0.67,0.87,1.75,nan,nan,nan,0.64,1.24,12.53,6.95,0.89,17.47,13.16
design_7507,0.68,0.79,1.08,nan,nan,nan,0.52,0.88,11.19,6.15,0.89,5.95,4.87
design_7508,0.66,0.97,1.33,nan,nan,nan,0.58,1.05,13.84,7.52,0.89,17.48,12.31
design_7509,0.83,0.89,3.91,nan,nan,nan,1.13,2.51,12.09,6.67,0.88,14.14,9.96
design_7510,0.75,0.88,1.98,nan,nan,nan,0.7,1.38,13.83,7.43,0.89,21.39,15.2
design_7511,0.63,0.85,1.22,nan,nan,nan,0.55,0.95,12.43,6.74,0.89,7.45,6.18
design_7512,0.7,1.93,0.8,nan,nan,nan,0.62,1.23,2.85,2.31,0.9,2.43,1.44
design_7513,0.58,1.68,1.22,nan,nan,nan,0.63,1.22,3.92,2.84,0.89,2.03,1.62
design_7514,0.44,0.47,1.17,nan,nan,nan,0.47,0.78,11.43,6.24,0.88,3.39,2.73
design_7515,0.3,0.5,1.64,nan,nan,nan,0.57,1.02,11.39,6.27,0.88,3.27,4.29
design_7516,0.59,0.79,1.25,nan,nan,nan,0.51,0.93,12.55,6.76,0.88,14.21,8.64
design_7517,0.28,2.74,1.4,nan,nan,nan,0.81,1.72,11.01,6.11,0.88,1.78,2.49
design_7518,0.51,0.64,1.29,nan,nan,nan,0.52,0.89,14.39,7.57,0.9,23.46,10.94
design_7519,0.64,1.05,1.14,nan,nan,nan,0.53,0.96,13.54,7.22,0.89,12.65,8.19
design_7520,0.7,0.59,0.9,nan,nan,nan,0.52,0.78,12.98,6.85,0.9,15.44,13.03
design_7521,0.65,0.52,0.93,nan,nan,nan,0.51,0.76,13.62,7.15,0.9,13.71,12.28
design_7522,0.78,0.41,0.98,nan,nan,nan,0.52,0.81,15.05,7.84,0.9,12.74,11.42
design_7523,0.65,0.54,1.02,nan,nan,nan,0.53,0.82,12.16,6.53,0.89,14.93,13.21
design_7524,0.75,0.45,0.92,nan,nan,nan,0.53,0.78,13.92,7.3,0.9,13.73,11.5
design_7525,0.6,0.48,0.83,nan,nan,nan,0.49,0.69,14.36,7.91,0.87,4.48,4.09
design_7526,0.69,0.53,0.92,nan,nan,nan,0.52,0.77,13.75,7.23,0.9,13.56,11.85
design_7527,0.68,0.43,0.93,nan,nan,nan,0.5,0.76,13.62,7.16,0.9,13.68,11.81
design_7528,0.86,0.89,0.86,nan,nan,nan,0.54,0.87,11.7,6.4,0.88,3.54,2.47
design_7529,0.6,0.74,0.73,nan,nan,nan,0.47,0.69,13.9,7.35,0.9,8.18,9.73
design_7530,0.72,0.71,0.92,nan,nan,nan,0.51,0.8,15.44,8.12,0.89,30.62,15.76
design_7531,0.68,0.6,1.08,nan,nan,nan,0.53,0.85,13.58,7.3,0.88,14.62,10.76
design_7532,0.55,0.76,0.75,nan,nan,nan,0.48,0.7,13.96,7.38,0.9,19.5,19.06
design_7533,0.69,0.87,0.76,nan,nan,nan,0.5,0.77,13.19,7.01,0.89,4.93,4.05
design_7534,0.78,0.81,0.82,nan,nan,nan,0.51,0.8,12.26,6.64,0.89,7.45,8.66
design_7535,0.59,0.71,0.74,nan,nan,nan,0.46,0.69,13.06,6.98,0.9,20.48,24.01
design_7536,1.01,0.67,2.59,nan,nan,nan,0.75,1.55,11.92,6.65,0.88,18.97,14.51
design_7537,1.18,0.89,3.97,nan,nan,nan,1.0,2.27,11.56,6.66,0.87,21.63,13.74
design_7538,0.68,0.75,3.23,nan,nan,nan,0.83,1.81,14.16,7.63,0.88,11.89,9.35
design_7539,0.91,0.73,2.91,nan,nan,nan,0.78,1.69,11.02,6.13,0.88,20.8,17.61
design_7540,0.78,0.81,3.13,nan,nan,nan,0.82,1.78,13.21,7.16,0.89,22.4,12.73
design_7541,0.95,0.76,2.04,nan,nan,nan,0.65,1.31,11.4,6.39,0.88,20.37,17.44
design_7542,0.94,0.66,1.68,nan,nan,nan,0.62,1.13,13.62,7.44,0.88,16.3,11.67
design_7543,1.05,0.71,4.99,nan,nan,nan,1.17,2.74,12.03,6.87,0.87,22.35,14.12
design_7544,0.57,0.61,1.66,nan,nan,nan,0.69,1.22,13.56,7.63,0.86,18.02,19.35
design_7545,0.72,0.56,2.23,nan,nan,nan,0.83,1.62,15.5,8.43,0.87,21.11,20.69
design_7546,0.72,0.74,1.54,nan,nan,nan,0.67,1.19,15.26,8.28,0.87,17.29,18.1
design_7547,0.56,0.83,1.32,nan,nan,nan,0.6,1.05,16.61,8.97,0.87,18.89,21.91
design_7548,0.74,0.69,2.53,nan,nan,nan,0.92,1.83,16.47,8.77,0.87,16.77,14.95
design_7549,0.62,0.61,2.37,nan,nan,nan,0.87,1.7,15.72,8.79,0.84,16.1,15.77
design_7550,0.82,0.72,1.85,nan,nan,nan,0.76,1.4,13.3,7.45,0.87,24.15,28.38
design_7551,0.59,0.53,2.33,nan,nan,nan,0.85,1.67,16.38,8.88,0.87,10.61,9.48
design_7552,0.65,3.14,1.25,nan,nan,nan,0.88,1.97,11.1,6.22,0.88,4.02,3.16
design_7553,0.67,3.21,1.24,nan,nan,nan,0.88,2.01,14.12,7.6,0.89,13.98,9.98
design_7554,0.56,3.18,1.18,nan,nan,nan,0.87,1.97,12.84,7.09,0.89,22.27,20.94
design_7555,0.57,3.26,1.14,nan,nan,nan,0.88,2.01,13.89,7.51,0.89,12.59,8.11
design_7556,0.56,0.51,1.42,nan,nan,nan,0.49,0.88,13.03,7.06,0.88,14.59,9.73
design_7557,0.75,3.2,1.24,nan,nan,nan,0.89,2.01,14.76,7.88,0.89,28.93,11.83
design_7558,0.76,3.23,1.41,nan,nan,nan,0.91,2.06,10.93,6.16,0.88,22.28,22.0
design_7559,0.51,3.27,1.35,nan,nan,nan,0.9,2.04,11.46,6.49,0.87,6.31,4.72
design_7560,0.35,0.41,1.62,nan,nan,nan,0.63,1.16,14.59,7.63,0.9,14.85,12.78
design_7561,0.34,0.7,1.09,nan,nan,nan,0.5,0.85,15.79,8.16,0.9,18.46,19.23
design_7562,0.4,0.46,1.54,nan,nan,nan,0.6,1.11,15.1,7.92,0.9,21.29,23.02
design_7563,0.75,0.39,1.53,nan,nan,nan,0.62,1.15,15.08,7.92,0.89,20.46,22.27
design_7564,0.98,0.39,1.38,nan,nan,nan,0.63,1.1,16.16,8.41,0.9,20.81,11.15
design_7565,0.82,0.44,2.41,nan,nan,nan,0.88,1.74,14.5,7.83,0.88,21.01,20.11
design_7566,0.61,0.49,1.18,nan,nan,nan,0.53,0.91,15.58,8.06,0.9,15.76,15.69
design_7567,0.55,0.38,0.73,nan,nan,nan,0.44,0.62,16.68,8.66,0.89,19.76,11.02
design_7568,0.69,0.76,1.01,nan,nan,nan,0.53,0.82,13.15,7.06,0.89,7.94,9.25
design_7569,0.39,0.66,0.76,nan,nan,nan,0.44,0.61,12.04,6.48,0.89,22.0,22.0
design_7570,0.46,0.66,0.96,nan,nan,nan,0.48,0.71,10.31,5.73,0.88,3.13,3.87
design_7571,0.66,0.54,1.54,nan,nan,nan,0.6,1.0,14.04,7.58,0.88,15.91,9.2
design_7572,0.55,0.8,1.19,nan,nan,nan,0.54,0.88,13.21,7.17,0.88,23.09,23.67
design_7573,0.44,0.58,0.9,nan,nan,nan,0.45,0.65,5.44,3.47,0.88,1.24,1.1
design_7574,0.72,0.83,1.15,nan,nan,nan,0.55,0.91,12.58,6.81,0.89,25.34,21.62
design_7575,0.48,0.74,0.96,nan,nan,nan,0.48,0.74,8.91,5.08,0.88,2.23,2.9
design_7576,0.58,0.51,3.7,nan,nan,nan,1.24,2.6,16.78,8.94,0.88,20.67,22.55
design_7577,0.71,0.44,3.4,nan,nan,nan,1.16,2.4,15.91,8.79,0.86,6.69,6.2
design_7578,0.56,0.38,5.36,nan,nan,nan,1.75,3.73,14.21,8.16,0.85,7.59,9.76
design_7579,0.6,0.45,7.28,nan,nan,nan,2.34,5.06,16.86,9.32,0.85,22.83,24.92
design_7580,0.47,0.36,5.76,nan,nan,nan,1.86,4.0,15.42,8.72,0.85,9.76,10.43
design_7581,0.7,0.44,3.13,nan,nan,nan,1.07,2.21,15.71,8.78,0.85,6.91,6.58
design_7582,0.68,0.47,7.26,nan,nan,nan,2.34,5.05,14.24,8.2,0.84,21.42,22.91
design_7583,0.63,0.4,2.5,nan,nan,nan,0.88,1.77,17.02,9.27,0.86,25.03,12.81
design_7584,0.54,1.09,0.94,nan,nan,nan,0.51,0.87,12.14,6.49,0.89,18.11,17.91
design_7585,0.55,1.18,1.23,nan,nan,nan,0.54,1.02,13.66,7.22,0.9,11.72,8.42
design_7586,0.71,1.24,1.28,nan,nan,nan,0.59,1.09,11.42,6.34,0.88,23.07,22.23
design_7587,0.57,1.11,1.08,nan,nan,nan,0.53,0.94,11.97,6.41,0.9,23.59,23.0
design_7588,0.75,1.34,2.16,nan,nan,nan,0.74,1.5,11.32,6.33,0.87,23.78,23.56
design_7589,0.58,1.18,1.14,nan,nan,nan,0.54,0.98,12.71,6.89,0.89,23.4,21.62
design_7590,0.57,1.23,0.9,nan,nan,nan,0.55,0.92,11.89,6.47,0.89,23.74,23.61
design_7591,0.86,1.27,1.41,nan,nan,nan,0.6,1.18,13.06,7.14,0.88,24.28,23.67
design_7592,0.79,1.26,1.98,nan,nan,nan,0.73,1.44,9.88,5.55,0.88,4.89,5.36
design_7593,0.76,1.27,1.89,nan,nan,nan,0.69,1.39,9.39,5.38,0.88,2.78,3.19
design_7594,0.68,0.95,1.56,nan,nan,nan,0.59,1.13,14.5,7.72,0.88,23.48,12.29
design_7595,0.74,1.31,1.93,nan,nan,nan,0.7,1.42,9.28,5.32,0.88,3.22,4.19
design_7596,0.83,1.24,2.1,nan,nan,nan,0.74,1.5,8.9,5.16,0.88,4.23,5.29
design_7597,0.82,0.98,1.21,nan,nan,nan,0.58,1.02,14.04,7.35,0.89,10.65,7.27
design_7598,0.81,1.1,1.99,nan,nan,nan,0.69,1.41,5.62,3.68,0.88,2.64,2.97
design_7599,0.85,1.16,1.87,nan,nan,nan,0.69,1.38,6.67,4.14,0.88,1.91,2.46
design_7600,0.33,1.38,1.01,nan,nan,nan,0.53,0.98,6.99,4.28,0.87,1.01,1.09
design_7601,0.42,1.47,0.88,nan,nan,nan,0.52,0.99,8.87,5.17,0.87,1.07,1.07
design_7602,0.3,1.63,0.88,nan,nan,nan,0.56,1.06,5.98,3.89,0.87,4.19,5.66
design_7603,0.41,1.72,0.73,nan,nan,nan,0.55,1.08,4.75,3.26,0.88,0.83,1.32
design_7604,0.41,1.56,0.64,nan,nan,nan,0.53,0.98,5.77,3.74,0.87,0.92,1.21
design_7605,0.25,1.69,0.56,nan,nan,nan,0.54,1.01,5.39,3.58,0.88,1.31,1.42
design_7606,0.3,1.48,0.73,nan,nan,nan,0.52,0.94,8.94,5.23,0.87,2.43,3.16
design_7607,0.43,1.52,0.84,nan,nan,nan,0.54,1.01,10.27,5.79,0.88,1.18,1.44
design_7608,0.55,0.53,1.32,nan,nan,nan,0.54,0.94,15.58,8.15,0.89,36.01,22.47
design_7609,0.71,1.4,1.21,nan,nan,nan,0.61,1.14,4.95,3.46,0.87,2.22,2.4
design_7610,0.52,0.62,0.71,nan,nan,nan,0.44,0.63,9.35,5.39,0.87,5.49,6.46
design_7611,0.7,0.64,1.53,nan,nan,nan,0.59,1.11,12.22,6.64,0.88,2.26,1.72
design_7612,0.67,0.96,1.56,nan,nan,nan,0.6,1.18,15.84,8.34,0.88,23.76,13.65
design_7613,0.76,0.73,1.75,nan,nan,nan,0.64,1.26,15.73,8.26,0.89,40.19,20.3
design_7614,0.53,0.44,0.7,nan,nan,nan,0.43,0.58,10.3,5.79,0.88,5.02,5.85
design_7615,0.51,0.74,1.33,nan,nan,nan,0.54,0.97,9.4,5.5,0.87,4.89,3.57
design_7616,0.61,0.44,0.69,nan,nan,nan,0.46,0.6,12.94,7.01,0.88,2.51,2.3
design_7617,0.61,0.56,0.53,nan,nan,nan,0.44,0.57,14.72,7.78,0.9,7.86,10.63
design_7618,0.61,0.53,0.57,nan,nan,nan,0.45,0.57,13.77,7.26,0.9,3.11,2.1
design_7619,0.64,0.61,0.7,nan,nan,nan,0.47,0.66,12.82,6.9,0.89,3.55,3.76
design_7620,0.6,0.49,0.55,nan,nan,nan,0.44,0.55,12.27,6.69,0.89,20.64,23.46
design_7621,0.62,0.55,0.72,nan,nan,nan,0.46,0.65,11.34,6.2,0.88,4.91,4.99
design_7622,0.71,0.66,0.71,nan,nan,nan,0.47,0.7,10.83,5.96,0.88,2.86,2.49
design_7623,0.59,0.49,0.56,nan,nan,nan,0.45,0.55,12.08,6.57,0.89,20.36,22.61
design_7624,0.35,0.35,0.59,nan,nan,nan,0.43,0.48,16.13,8.22,0.91,22.21,19.51
design_7625,0.42,0.34,0.69,nan,nan,nan,0.45,0.56,17.23,8.72,0.91,25.41,17.36
design_7626,0.41,0.29,0.63,nan,nan,nan,0.43,0.51,16.32,8.33,0.9,19.8,19.05
design_7627,0.43,0.28,0.57,nan,nan,nan,0.42,0.48,16.67,8.46,0.91,20.3,18.89
design_7628,0.46,0.36,0.6,nan,nan,nan,0.45,0.51,15.98,8.18,0.91,19.79,18.48
design_7629,0.45,0.28,0.63,nan,nan,nan,0.44,0.52,17.03,8.66,0.91,12.19,12.81
design_7630,0.43,0.39,0.62,nan,nan,nan,0.45,0.53,16.65,8.44,0.91,16.3,14.88
design_7631,0.39,0.39,0.53,nan,nan,nan,0.42,0.47,16.73,8.48,0.91,20.79,17.31
design_7632,7.07,17.08,4.64,nan,nan,nan,8.99,10.84,7.42,5.11,0.84,13.58,13.9
design_7633,6.94,16.94,6.16,nan,nan,nan,9.02,10.97,12.79,7.51,0.86,21.29,14.46
design_7634,6.78,17.1,6.68,nan,nan,nan,9.11,11.11,15.03,8.43,0.86,16.63,12.98
design_7635,7.26,17.09,5.91,nan,nan,nan,9.01,11.08,9.19,5.85,0.85,14.5,16.17
design_7636,7.31,17.06,4.57,nan,nan,nan,9.01,10.87,8.68,5.81,0.83,13.63,14.81
design_7637,6.7,16.91,5.04,nan,nan,nan,8.98,10.71,9.71,6.03,0.85,12.83,12.97
design_7638,6.25,16.9,6.26,nan,nan,nan,8.98,10.82,13.58,7.79,0.86,12.25,13.28
design_7639,7.1,18.07,3.89,nan,nan,nan,9.07,11.24,13.2,7.68,0.86,12.75,15.59
design_7640,0.87,0.42,1.49,nan,nan,nan,0.61,1.05,9.39,5.41,0.88,23.3,13.01
design_7641,0.62,0.37,1.54,nan,nan,nan,0.58,1.0,13.95,7.5,0.88,24.88,16.82
design_7642,0.52,0.55,1.78,nan,nan,nan,0.61,1.14,13.74,7.32,0.9,28.49,16.79
design_7643,0.37,0.35,1.36,nan,nan,nan,0.53,0.86,12.46,6.74,0.88,23.39,14.18
design_7644,0.77,0.55,1.36,nan,nan,nan,0.55,0.97,13.48,7.28,0.88,18.53,14.33
design_7645,0.8,0.64,1.46,nan,nan,nan,0.58,1.04,12.66,6.9,0.88,31.78,15.78
design_7646,0.49,0.35,1.25,nan,nan,nan,0.5,0.82,10.94,6.0,0.88,17.25,15.25
design_7647,1.13,0.4,0.92,nan,nan,nan,0.56,0.89,12.57,6.62,0.9,21.52,13.74
design_7648,0.38,1.28,0.82,nan,nan,nan,0.49,0.88,7.72,4.46,0.88,24.32,25.35
design_7649,0.47,2.65,0.81,nan,nan,nan,0.72,1.58,3.39,2.5,0.9,24.62,25.35
design_7650,0.38,1.11,0.89,nan,nan,nan,0.48,0.83,14.29,7.5,0.89,11.13,9.51
design_7651,0.43,1.32,6.24,nan,nan,nan,1.52,3.59,13.47,7.41,0.87,19.56,18.68
design_7652,0.4,2.45,0.67,nan,nan,nan,0.71,1.45,3.54,2.59,0.9,24.5,25.49
design_7653,0.47,1.27,1.31,nan,nan,nan,0.58,1.06,12.23,6.74,0.88,23.93,22.63
design_7654,0.32,1.25,0.7,nan,nan,nan,0.5,0.83,12.3,6.61,0.89,22.09,22.18
design_7655,0.37,1.33,0.85,nan,nan,nan,0.51,0.92,3.52,2.55,0.9,24.63,25.31
design_7656,0.7,0.69,0.68,nan,nan,nan,0.48,0.69,14.74,7.59,0.91,23.19,25.72
design_7657,0.68,0.65,0.63,nan,nan,nan,0.47,0.65,15.26,7.89,0.9,22.77,25.57
design_7658,0.69,0.87,0.8,nan,nan,nan,0.52,0.79,16.31,8.39,0.9,22.65,25.71
design_7659,0.59,0.66,0.67,nan,nan,nan,0.47,0.65,15.14,7.76,0.91,23.6,25.33
design_7660,0.74,0.7,0.68,nan,nan,nan,0.49,0.7,16.19,8.26,0.91,23.34,28.37
design_7661,0.74,0.7,0.76,nan,nan,nan,0.48,0.74,16.87,8.56,0.91,23.17,27.83
design_7662,0.6,0.63,0.67,nan,nan,nan,0.47,0.64,16.53,8.39,0.91,15.27,12.56
design_7663,0.69,0.74,0.69,nan,nan,nan,0.49,0.7,15.09,7.74,0.91,22.04,22.99
design_7664,0.63,0.37,1.54,nan,nan,nan,0.59,1.07,12.16,6.51,0.89,25.0,23.48
design_7665,0.63,0.49,1.47,nan,nan,nan,0.6,1.04,7.39,4.42,0.88,2.37,1.36
design_7666,0.62,0.37,1.64,nan,nan,nan,0.64,1.12,4.66,3.2,0.88,4.99,3.12
design_7667,0.6,0.5,1.21,nan,nan,nan,0.53,0.89,14.92,7.76,0.9,24.29,21.93
design_7668,0.69,0.42,1.34,nan,nan,nan,0.57,0.97,14.31,7.55,0.89,25.33,20.47
design_7669,0.64,0.42,1.71,nan,nan,nan,0.63,1.17,5.63,3.64,0.88,3.35,1.73
design_7670,0.63,0.32,1.41,nan,nan,nan,0.56,0.98,11.96,6.45,0.89,24.73,23.45
design_7671,0.56,0.48,1.53,nan,nan,nan,0.59,1.06,8.69,4.98,0.88,2.72,2.2
design_7672,0.64,0.8,0.76,nan,nan,nan,0.48,0.73,7.15,4.48,0.87,2.35,2.62
design_7673,0.58,0.68,1.04,nan,nan,nan,0.48,0.76,12.13,6.75,0.88,22.5,22.85
design_7674,0.66,0.79,1.01,nan,nan,nan,0.49,0.81,12.4,6.86,0.88,22.53,22.7
design_7675,0.66,0.68,1.45,nan,nan,nan,0.52,0.95,12.46,6.93,0.88,22.94,22.4
design_7676,0.68,0.58,0.88,nan,nan,nan,0.46,0.71,12.89,7.07,0.88,22.15,20.68
design_7677,0.58,0.69,0.96,nan,nan,nan,0.47,0.74,13.58,7.4,0.88,23.28,20.05
design_7678,0.59,0.59,0.98,nan,nan,nan,0.47,0.72,13.1,7.17,0.88,16.79,11.97
design_7679,0.76,0.6,1.31,nan,nan,nan,0.5,0.91,12.18,6.79,0.87,23.53,23.45
design_7680,0.57,0.51,1.17,nan,nan,nan,0.56,0.89,9.83,5.52,0.88,16.95,15.9
design_7681,0.59,0.58,1.29,nan,nan,nan,0.58,0.97,12.29,6.55,0.89,16.68,17.08
design_7682,0.54,0.58,1.22,nan,nan,nan,0.56,0.92,10.91,6.01,0.88,16.85,16.32
design_7683,0.71,0.64,1.39,nan,nan,nan,0.62,1.07,11.0,6.13,0.88,16.42,15.37
design_7684,0.56,0.59,1.23,nan,nan,nan,0.58,0.93,10.59,5.84,0.88,17.14,16.26
design_7685,0.76,0.58,1.27,nan,nan,nan,0.59,0.99,9.7,5.45,0.88,16.28,14.79
design_7686,0.63,0.64,1.37,nan,nan,nan,0.6,1.04,10.89,6.0,0.89,18.94,19.79
design_7687,0.37,0.65,1.19,nan,nan,nan,0.56,0.89,10.78,5.88,0.89,16.69,15.92
design_7688,0.83,0.67,1.68,nan,nan,nan,0.65,1.25,10.75,6.07,0.87,13.84,9.03
design_7689,0.8,0.84,1.62,nan,nan,nan,0.67,1.23,15.02,7.85,0.9,23.5,12.47
design_7690,0.78,0.94,1.97,nan,nan,nan,0.75,1.45,14.2,7.58,0.88,27.45,19.83
design_7691,0.58,0.94,1.47,nan,nan,nan,0.61,1.13,11.01,6.09,0.88,13.95,8.82
design_7692,0.68,0.89,2.42,nan,nan,nan,0.84,1.7,12.31,6.8,0.88,13.14,8.44
design_7693,0.4,0.86,1.39,nan,nan,nan,0.57,1.04,11.96,6.49,0.89,16.59,8.16
design_7694,0.69,0.72,1.78,nan,nan,nan,0.68,1.29,13.71,7.37,0.89,21.99,8.57
design_7695,0.76,0.94,2.98,nan,nan,nan,0.99,2.06,14.51,7.79,0.89,25.55,16.86
design_7696,0.59,0.89,1.89,nan,nan,nan,0.68,1.34,13.48,7.23,0.89,24.83,23.51
design_7697,0.39,0.91,0.46,nan,nan,nan,0.43,0.6,7.87,4.67,0.87,4.58,2.96
design_7698,0.6,1.12,1.54,nan,nan,nan,0.63,1.2,14.46,7.64,0.89,13.03,9.39
design_7699,0.6,0.73,1.58,nan,nan,nan,0.6,1.13,11.55,6.33,0.88,4.27,3.54
design_7700,0.72,1.1,1.93,nan,nan,nan,0.71,1.42,15.44,8.11,0.89,24.24,23.19
design_7701,0.47,0.8,1.1,nan,nan,nan,0.51,0.86,12.52,6.8,0.88,4.63,4.6
design_7702,0.7,1.06,1.94,nan,nan,nan,0.71,1.41,15.16,8.01,0.89,23.97,10.49
design_7703,0.56,0.63,1.55,nan,nan,nan,0.58,1.09,13.81,7.35,0.89,26.95,22.61
design_7704,0.33,1.01,0.84,nan,nan,nan,0.49,0.76,8.59,5.0,0.88,1.51,1.76
design_7705,0.47,1.12,1.26,nan,nan,nan,0.58,0.99,13.43,7.26,0.89,18.03,18.53
design_7706,0.49,1.04,1.1,nan,nan,nan,0.56,0.9,13.11,7.11,0.89,19.54,18.92
design_7707,0.51,0.93,0.99,nan,nan,nan,0.54,0.82,6.58,4.09,0.88,2.13,1.7
design_7708,0.29,0.93,0.78,nan,nan,nan,0.47,0.7,7.32,4.33,0.88,4.19,3.23
design_7709,0.57,1.02,1.32,nan,nan,nan,0.56,1.0,13.82,7.39,0.89,24.99,20.37
design_7710,0.33,0.95,0.71,nan,nan,nan,0.47,0.7,9.97,5.56,0.89,2.89,3.55
design_7711,0.41,1.02,0.98,nan,nan,nan,0.51,0.83,11.33,6.25,0.88,2.42,3.13
design_7712,0.45,0.49,1.05,nan,nan,nan,0.52,0.8,11.44,6.36,0.88,16.9,15.62
design_7713,0.72,0.54,2.85,nan,nan,nan,1.0,2.02,15.2,8.11,0.88,8.0,6.45
design_7714,0.26,0.49,1.13,nan,nan,nan,0.51,0.83,10.07,5.68,0.88,17.89,17.16
design_7715,0.82,0.51,2.57,nan,nan,nan,0.93,1.85,14.63,7.81,0.88,16.06,16.24
design_7716,0.27,0.46,1.39,nan,nan,nan,0.59,1.0,10.35,5.79,0.88,15.54,13.52
design_7717,0.7,0.56,3.31,nan,nan,nan,1.13,2.34,15.18,8.02,0.89,15.67,15.88
design_7718,0.45,0.5,1.0,nan,nan,nan,0.5,0.77,9.74,5.54,0.88,17.67,17.15
design_7719,0.47,0.43,1.36,nan,nan,nan,0.6,1.0,10.1,5.7,0.88,15.51,13.27
design_7720,0.59,0.83,1.21,nan,nan,nan,0.57,0.92,14.91,7.83,0.9,31.5,14.91
design_7721,0.48,1.05,1.12,nan,nan,nan,0.57,0.92,10.57,5.91,0.88,2.97,3.68
design_7722,0.6,1.06,1.0,nan,nan,nan,0.57,0.9,4.34,2.97,0.89,4.02,2.49
design_7723,0.45,0.92,1.03,nan,nan,nan,0.54,0.83,13.05,7.0,0.89,23.44,24.38
design_7724,0.49,0.88,1.0,nan,nan,nan,0.54,0.82,15.25,7.98,0.9,26.44,21.27
design_7725,0.5,1.0,0.93,nan,nan,nan,0.55,0.83,13.77,7.28,0.89,14.41,16.31
design_7726,0.44,0.94,1.2,nan,nan,nan,0.58,0.91,5.65,3.68,0.88,1.68,1.66
design_7727,0.3,0.92,1.0,nan,nan,nan,0.51,0.79,13.6,7.21,0.9,7.33,6.96
design_7728,0.69,0.95,2.25,nan,nan,nan,0.77,1.57,12.01,6.49,0.89,1.8,2.39
design_7729,0.56,0.94,1.89,nan,nan,nan,0.67,1.34,13.97,7.34,0.9,25.53,23.83
design_7730,0.54,0.88,2.18,nan,nan,nan,0.74,1.5,13.42,7.09,0.89,22.74,22.86
design_7731,0.63,0.9,2.31,nan,nan,nan,0.78,1.59,14.4,7.56,0.89,21.42,20.53
design_7732,0.62,0.91,2.15,nan,nan,nan,0.74,1.5,13.46,7.11,0.9,23.72,21.92
design_7733,0.77,0.87,3.01,nan,nan,nan,0.96,2.02,14.83,7.82,0.89,32.12,16.66
design_7734,0.44,0.87,1.88,nan,nan,nan,0.68,1.31,10.35,5.79,0.88,2.49,2.02
design_7735,0.62,0.94,2.1,nan,nan,nan,0.74,1.48,13.51,7.14,0.89,12.48,11.51
design_7736,0.54,0.8,1.67,nan,nan,nan,0.66,1.24,13.48,7.49,0.87,15.95,14.71
design_7737,0.59,0.67,2.79,nan,nan,nan,0.94,1.94,13.27,7.31,0.87,18.91,14.81
design_7738,0.59,0.77,2.84,nan,nan,nan,0.96,1.99,16.95,9.08,0.88,18.84,14.58
design_7739,0.58,0.85,2.66,nan,nan,nan,0.92,1.88,12.02,6.77,0.87,19.22,15.43
design_7740,0.81,0.72,2.7,nan,nan,nan,0.94,1.92,12.29,6.8,0.88,18.35,15.93
design_7741,0.76,0.77,2.76,nan,nan,nan,0.95,1.95,12.27,6.71,0.88,18.95,16.34
design_7742,0.58,0.81,1.72,nan,nan,nan,0.68,1.27,13.81,7.62,0.87,18.44,17.45
design_7743,0.97,0.79,2.73,nan,nan,nan,0.96,1.96,12.27,6.83,0.88,18.92,16.13
design_7744,0.51,0.75,0.87,nan,nan,nan,0.51,0.76,14.84,7.67,0.9,22.6,27.2
design_7745,0.45,0.69,0.75,nan,nan,nan,0.46,0.67,16.6,8.5,0.9,19.57,21.35
design_7746,0.38,0.73,0.67,nan,nan,nan,0.45,0.62,16.21,8.25,0.91,22.68,24.4
design_7747,0.4,0.71,0.66,nan,nan,nan,0.45,0.61,16.25,8.32,0.9,18.11,19.33
design_7748,0.43,0.78,0.64,nan,nan,nan,0.46,0.63,16.59,8.47,0.91,18.7,19.48
design_7749,0.39,0.79,0.66,nan,nan,nan,0.44,0.64,17.08,8.64,0.91,21.2,22.85
design_7750,0.41,0.73,0.64,nan,nan,nan,0.44,0.61,16.89,8.65,0.9,21.45,14.19
design_7751,0.53,0.68,0.71,nan,nan,nan,0.48,0.66,16.03,8.23,0.9,14.72,14.86
design_7752,1.07,0.64,0.56,nan,nan,nan,0.48,0.75,16.39,8.4,0.9,11.7,9.86
design_7753,0.59,0.58,0.57,nan,nan,nan,0.44,0.58,16.61,8.59,0.89,18.82,19.05
design_7754,1.06,0.45,0.54,nan,nan,nan,0.47,0.7,17.48,9.0,0.89,19.75,12.22
design_7755,0.55,0.73,0.77,nan,nan,nan,0.49,0.71,15.89,8.37,0.89,18.49,20.03
design_7756,0.74,0.67,0.54,nan,nan,nan,0.44,0.63,17.14,8.8,0.9,25.86,12.45
design_7757,0.47,0.57,0.65,nan,nan,nan,0.43,0.59,16.97,8.73,0.9,24.69,18.4
design_7758,0.81,0.36,0.71,nan,nan,nan,0.45,0.68,15.82,8.31,0.88,18.11,15.05
design_7759,0.88,0.53,0.58,nan,nan,nan,0.44,0.66,16.09,8.36,0.89,6.74,8.1
design_7760,0.55,0.74,0.68,nan,nan,nan,0.49,0.66,15.07,7.87,0.9,11.11,8.42
design_7761,0.59,0.72,0.84,nan,nan,nan,0.51,0.75,14.21,7.42,0.9,7.31,6.09
design_7762,0.59,0.7,0.7,nan,nan,nan,0.52,0.67,14.05,7.4,0.89,13.8,12.9
design_7763,0.59,0.83,0.79,nan,nan,nan,0.53,0.75,13.59,7.28,0.89,13.41,9.87
design_7764,0.85,0.79,1.23,nan,nan,nan,0.62,1.03,12.71,6.92,0.89,13.83,10.93
design_7765,0.6,0.78,0.65,nan,nan,nan,0.5,0.67,14.29,7.45,0.9,10.57,8.59
design_7766,0.61,0.81,0.92,nan,nan,nan,0.55,0.81,12.3,6.57,0.9,11.01,9.13
design_7767,0.75,0.67,0.73,nan,nan,nan,0.51,0.72,13.48,7.11,0.9,7.61,6.22
design_7768,0.34,0.36,1.16,nan,nan,nan,0.48,0.79,9.12,5.23,0.87,6.67,8.69
design_7769,0.25,0.53,0.66,nan,nan,nan,0.42,0.52,7.28,4.39,0.87,3.35,3.18
design_7770,0.48,0.21,1.46,nan,nan,nan,0.56,0.98,5.93,3.74,0.88,22.67,13.36
design_7771,0.28,0.47,1.0,nan,nan,nan,0.45,0.7,9.34,5.36,0.87,3.28,3.24
design_7772,0.46,0.34,1.36,nan,nan,nan,0.55,0.92,5.11,3.39,0.88,7.24,9.59
design_7773,0.31,0.34,0.82,nan,nan,nan,0.43,0.58,9.09,5.19,0.88,4.4,4.99
design_7774,0.38,0.44,1.34,nan,nan,nan,0.54,0.91,8.77,5.04,0.88,3.82,4.13
design_7775,0.41,0.36,0.82,nan,nan,nan,0.44,0.6,7.24,4.4,0.87,5.11,6.41
design_7776,0.69,0.72,1.35,nan,nan,nan,0.63,1.06,16.36,8.48,0.89,14.01,6.82
design_7777,0.56,0.65,1.36,nan,nan,nan,0.63,1.04,14.66,7.99,0.87,19.08,12.95
design_7778,0.69,0.69,1.36,nan,nan,nan,0.66,1.07,6.39,4.06,0.88,2.11,1.78
design_7779,0.51,0.71,1.41,nan,nan,nan,0.64,1.07,14.67,7.69,0.89,4.84,4.41
design_7780,0.58,0.65,1.42,nan,nan,nan,0.63,1.08,14.53,7.69,0.89,10.75,9.74
design_7781,0.66,0.67,1.32,nan,nan,nan,0.63,1.03,15.51,8.45,0.86,8.03,6.61
design_7782,0.65,0.7,0.85,nan,nan,nan,0.54,0.77,13.24,7.24,0.87,9.76,4.78
design_7783,0.55,0.76,1.29,nan,nan,nan,0.61,1.01,13.66,7.47,0.87,3.87,3.78
design_7784,0.81,1.1,1.15,nan,nan,nan,0.58,1.01,12.72,6.99,0.88,21.69,15.09
design_7785,0.75,1.13,1.3,nan,nan,nan,0.57,1.05,12.02,6.66,0.88,10.16,7.99
design_7786,0.74,1.1,1.62,nan,nan,nan,0.62,1.16,12.95,7.06,0.89,24.74,21.11
design_7787,0.81,1.18,1.39,nan,nan,nan,0.62,1.12,10.66,6.01,0.87,16.53,16.05
design_7788,0.62,1.17,1.04,nan,nan,nan,0.54,0.95,13.64,7.42,0.88,15.1,9.14
design_7789,0.77,1.17,1.69,nan,nan,nan,0.63,1.22,12.44,6.84,0.89,21.76,19.54
design_7790,0.81,1.18,1.56,nan,nan,nan,0.62,1.18,11.59,6.48,0.88,20.04,17.4
design_7791,0.86,1.12,1.31,nan,nan,nan,0.6,1.09,12.59,6.95,0.88,20.05,15.7
design_7792,0.76,0.47,1.3,nan,nan,nan,0.5,0.88,11.86,6.69,0.86,8.84,8.63
design_7793,0.86,0.6,1.11,nan,nan,nan,0.52,0.87,11.36,6.44,0.86,9.45,10.74
design_7794,0.7,0.61,1.38,nan,nan,nan,0.52,0.92,12.73,7.06,0.87,11.8,9.62
design_7795,0.71,0.53,0.82,nan,nan,nan,0.46,0.69,7.37,4.62,0.87,6.02,6.73
design_7796,0.8,0.38,3.09,nan,nan,nan,0.79,1.72,6.48,4.13,0.87,5.52,6.41
design_7797,0.61,0.44,0.79,nan,nan,nan,0.45,0.62,11.51,6.45,0.87,2.86,1.73
design_7798,0.96,0.43,0.94,nan,nan,nan,0.51,0.82,7.7,4.78,0.86,5.29,5.13
design_7799,0.62,0.46,0.99,nan,nan,nan,0.46,0.7,9.17,5.41,0.86,4.48,4.73
design_7800,0.55,0.78,1.44,nan,nan,nan,0.62,1.08,13.86,7.71,0.87,17.18,16.51
design_7801,0.6,0.76,1.73,nan,nan,nan,0.67,1.25,11.93,6.78,0.86,18.53,18.49
design_7802,0.62,0.84,1.43,nan,nan,nan,0.62,1.09,13.02,7.22,0.87,18.18,18.32
design_7803,0.51,0.82,1.31,nan,nan,nan,0.59,1.0,11.84,6.73,0.86,18.25,17.3
design_7804,0.67,0.66,1.41,nan,nan,nan,0.62,1.06,13.66,7.54,0.87,21.12,19.03
design_7805,0.58,0.83,1.55,nan,nan,nan,0.63,1.15,11.02,6.38,0.86,18.38,18.64
design_7806,0.66,0.74,2.03,nan,nan,nan,0.74,1.44,15.71,8.62,0.86,5.22,5.11
design_7807,0.59,0.76,2.44,nan,nan,nan,0.84,1.69,17.15,9.15,0.87,26.08,13.21
design_7808,0.51,1.11,1.89,nan,nan,nan,0.65,1.23,12.85,7.01,0.88,13.81,9.26
design_7809,0.52,1.01,1.63,nan,nan,nan,0.61,1.09,11.31,6.29,0.88,24.72,14.98
design_7810,0.64,1.15,1.89,nan,nan,nan,0.67,1.26,13.91,7.57,0.89,14.4,11.43
design_7811,0.54,1.09,1.8,nan,nan,nan,0.63,1.19,13.06,7.15,0.88,18.17,14.41
design_7812,0.66,0.94,2.21,nan,nan,nan,0.69,1.35,13.53,7.33,0.88,15.57,9.86
design_7813,0.51,1.15,1.73,nan,nan,nan,0.64,1.17,13.22,7.21,0.88,18.9,15.41
design_7814,0.58,1.09,1.89,nan,nan,nan,0.65,1.23,13.07,7.15,0.88,17.17,13.87
design_7815,0.54,1.16,1.74,nan,nan,nan,0.64,1.18,13.16,7.18,0.89,14.18,11.07
design_7816,0.37,0.26,1.03,nan,nan,nan,0.49,0.68,12.63,6.76,0.89,24.63,21.19
design_7817,0.62,0.43,1.49,nan,nan,nan,0.59,1.01,14.66,7.77,0.89,22.12,8.9
design_7818,0.57,1.0,1.78,nan,nan,nan,0.66,1.27,10.0,5.55,0.89,24.29,25.24
design_7819,0.67,0.51,1.38,nan,nan,nan,0.55,0.98,9.44,5.32,0.88,24.37,25.84
design_7820,0.43,0.43,1.76,nan,nan,nan,0.62,1.14,7.67,4.47,0.89,24.39,25.94
design_7821,0.68,1.14,1.84,nan,nan,nan,0.69,1.35,4.55,3.05,0.89,24.63,25.95
design_7822,0.7,0.36,1.24,nan,nan,nan,0.53,0.89,12.74,6.87,0.89,24.41,23.64
design_7823,0.51,0.9,1.75,nan,nan,nan,0.64,1.22,9.87,5.48,0.89,24.3,25.73
design_7824,0.55,1.34,1.43,nan,nan,nan,0.61,1.18,14.1,7.59,0.88,16.68,15.39
design_7825,0.84,0.87,1.71,nan,nan,nan,0.64,1.25,13.12,7.22,0.88,17.89,13.89
design_7826,0.54,1.41,2.13,nan,nan,nan,0.75,1.55,15.67,8.25,0.9,17.76,16.65
design_7827,0.81,1.03,1.88,nan,nan,nan,0.69,1.37,15.01,8.05,0.89,21.91,16.63
design_7828,0.45,0.97,1.34,nan,nan,nan,0.55,1.01,14.88,7.99,0.88,24.21,18.13
design_7829,1.12,0.94,1.63,nan,nan,nan,0.65,1.3,15.04,8.16,0.88,16.63,15.17
design_7830,0.6,1.16,2.42,nan,nan,nan,0.79,1.65,15.32,8.06,0.89,20.7,17.49
design_7831,0.64,0.83,1.9,nan,nan,nan,0.65,1.31,12.99,7.07,0.88,16.34,15.77
design_7832,0.61,0.57,0.71,nan,nan,nan,0.48,0.66,15.85,8.17,0.9,21.09,23.1
design_7833,0.61,0.58,0.63,nan,nan,nan,0.46,0.61,16.53,8.4,0.91,21.2,25.07
design_7834,0.6,0.58,0.64,nan,nan,nan,0.44,0.61,16.88,8.71,0.9,19.12,20.36
design_7835,0.71,0.63,0.58,nan,nan,nan,0.46,0.63,16.71,8.51,0.9,22.15,25.21
design_7836,0.59,0.7,0.69,nan,nan,nan,0.48,0.67,15.81,8.23,0.9,14.19,13.42
design_7837,0.57,0.61,0.68,nan,nan,nan,0.48,0.64,15.94,8.13,0.91,23.34,26.75
design_7838,0.73,0.61,0.61,nan,nan,nan,0.47,0.64,17.12,8.65,0.91,21.2,23.11
design_7839,0.68,0.7,0.63,nan,nan,nan,0.48,0.66,15.9,8.11,0.91,21.0,23.0
design_7840,0.96,0.58,0.79,nan,nan,nan,0.52,0.8,16.18,8.41,0.89,15.59,16.09
design_7841,0.46,0.7,1.19,nan,nan,nan,0.55,0.93,15.76,8.19,0.9,16.0,15.25
design_7842,0.28,0.67,0.98,nan,nan,nan,0.49,0.77,16.04,8.22,0.9,18.31,16.02
design_7843,0.81,0.43,8.48,nan,nan,nan,2.72,5.9,15.99,8.98,0.85,21.03,19.96
design_7844,0.52,0.61,0.95,nan,nan,nan,0.51,0.77,14.57,7.64,0.9,13.21,13.44
design_7845,0.3,0.67,0.96,nan,nan,nan,0.48,0.76,15.97,8.23,0.9,13.05,10.85
design_7846,0.45,0.69,0.88,nan,nan,nan,0.47,0.74,15.85,8.05,0.91,21.97,19.64
design_7847,0.55,0.43,7.46,nan,nan,nan,2.4,5.18,15.68,8.79,0.86,21.4,20.43
design_7848,0.61,0.58,0.71,nan,nan,nan,0.48,0.66,17.16,8.74,0.9,20.31,15.99
design_7849,0.59,0.6,0.66,nan,nan,nan,0.45,0.63,15.57,8.03,0.9,14.78,13.01
design_7850,0.63,0.68,0.65,nan,nan,nan,0.45,0.65,15.98,8.23,0.9,10.39,9.69
design_7851,0.61,0.66,0.65,nan,nan,nan,0.46,0.64,15.68,8.06,0.9,26.2,16.01
design_7852,0.62,0.62,0.67,nan,nan,nan,0.46,0.65,16.76,8.55,0.9,22.4,9.92
design_7853,0.59,0.78,0.76,nan,nan,nan,0.48,0.72,15.8,8.15,0.9,19.16,14.66
design_7854,0.49,0.71,0.68,nan,nan,nan,0.47,0.64,15.96,8.16,0.91,18.44,13.61
design_7855,0.52,0.65,0.55,nan,nan,nan,0.44,0.57,12.75,6.76,0.89,3.46,2.95
design_7856,0.5,1.07,1.26,nan,nan,nan,0.59,0.98,9.69,5.57,0.87,1.42,1.89
design_7857,0.36,0.98,1.07,nan,nan,nan,0.54,0.85,5.58,3.53,0.89,1.44,1.34
design_7858,0.5,0.96,1.2,nan,nan,nan,0.55,0.92,9.79,5.67,0.87,3.24,2.45
design_7859,0.57,0.91,1.1,nan,nan,nan,0.54,0.87,11.16,6.22,0.88,2.13,1.66
design_7860,0.58,1.07,2.24,nan,nan,nan,0.73,1.44,11.77,6.51,0.88,20.72,19.31
design_7861,0.62,0.97,1.68,nan,nan,nan,0.63,1.15,13.98,7.68,0.87,11.72,10.14
design_7862,0.63,1.01,2.04,nan,nan,nan,0.69,1.34,12.21,6.91,0.86,17.65,17.67
design_7863,0.39,0.89,1.03,nan,nan,nan,0.51,0.8,6.15,3.83,0.88,2.12,1.96
design_7864,0.65,1.07,1.21,nan,nan,nan,0.54,0.98,13.26,7.24,0.88,8.16,5.65
design_7865,0.54,0.81,1.72,nan,nan,nan,0.57,1.08,15.45,8.27,0.87,28.12,11.5
design_7866,0.64,0.96,1.21,nan,nan,nan,0.55,0.93,12.95,7.08,0.88,12.72,10.4
design_7867,0.63,1.12,1.22,nan,nan,nan,0.57,0.99,12.12,6.73,0.88,2.99,3.02
design_7868,0.7,0.98,1.03,nan,nan,nan,0.52,0.9,11.64,6.56,0.88,23.74,24.16
design_7869,0.47,1.04,1.27,nan,nan,nan,0.53,0.94,12.37,6.81,0.87,9.28,5.29
design_7870,0.6,1.17,1.29,nan,nan,nan,0.58,1.03,5.54,3.7,0.88,1.63,1.58
design_7871,0.61,0.97,1.14,nan,nan,nan,0.52,0.91,14.62,7.88,0.88,21.33,12.15
design_7872,0.65,0.37,1.31,nan,nan,nan,0.52,0.91,7.42,4.41,0.88,18.55,16.57
design_7873,0.62,0.38,1.18,nan,nan,nan,0.5,0.83,8.89,5.1,0.88,18.12,16.28
design_7874,0.5,0.37,1.18,nan,nan,nan,0.5,0.81,11.31,6.23,0.88,17.43,15.6
design_7875,0.55,0.4,1.24,nan,nan,nan,0.51,0.85,11.09,6.1,0.88,17.02,15.22
design_7876,0.67,0.5,0.88,nan,nan,nan,0.46,0.72,4.97,3.3,0.89,18.83,16.67
design_7877,0.69,0.28,1.08,nan,nan,nan,0.52,0.79,11.86,6.45,0.89,19.06,12.5
design_7878,0.6,0.52,1.01,nan,nan,nan,0.48,0.77,3.8,2.76,0.9,18.65,16.51
design_7879,0.68,0.46,1.25,nan,nan,nan,0.53,0.9,10.17,5.69,0.88,18.29,16.52
design_7880,0.56,1.06,1.44,nan,nan,nan,0.56,1.03,14.46,7.85,0.88,28.79,18.33
design_7881,0.62,0.99,1.53,nan,nan,nan,0.57,1.06,13.29,7.31,0.87,12.19,9.92
design_7882,0.45,1.05,1.37,nan,nan,nan,0.55,0.98,11.93,6.67,0.88,23.67,22.76
design_7883,0.58,0.98,1.5,nan,nan,nan,0.55,1.04,13.3,7.29,0.88,5.13,4.31
design_7884,0.58,0.96,1.65,nan,nan,nan,0.57,1.09,12.75,7.06,0.88,23.67,23.81
design_7885,0.5,1.02,1.77,nan,nan,nan,0.59,1.15,13.48,7.36,0.88,8.71,5.74
design_7886,0.48,1.08,1.24,nan,nan,nan,0.52,0.95,12.6,6.98,0.88,3.24,3.75
design_7887,0.49,1.03,1.34,nan,nan,nan,0.54,0.97,12.89,7.11,0.88,24.25,22.88
design_7888,0.54,2.59,1.74,nan,nan,nan,0.85,1.78,10.75,6.0,0.88,3.04,3.36
design_7889,0.51,0.64,1.74,nan,nan,nan,0.62,1.2,11.96,6.5,0.88,24.64,24.65
design_7890,0.45,0.9,1.73,nan,nan,nan,0.64,1.23,4.07,2.99,0.88,2.91,1.14
design_7891,0.45,0.93,1.65,nan,nan,nan,0.63,1.19,3.86,2.87,0.89,3.05,1.13
design_7892,0.58,0.54,1.27,nan,nan,nan,0.53,0.92,12.93,6.92,0.89,4.04,4.52
design_7893,0.55,0.82,1.89,nan,nan,nan,0.68,1.32,6.09,3.93,0.87,3.02,1.46
design_7894,0.36,2.51,2.26,nan,nan,nan,0.93,1.96,14.11,7.51,0.88,23.71,21.72
design_7895,0.46,0.64,1.63,nan,nan,nan,0.6,1.13,3.94,2.93,0.88,2.0,1.15
design_7896,0.8,0.74,0.65,nan,nan,nan,0.49,0.73,11.9,6.49,0.88,18.99,23.82
design_7897,0.95,0.61,0.75,nan,nan,nan,0.52,0.79,15.18,8.07,0.88,22.68,24.8
design_7898,0.99,0.64,0.84,nan,nan,nan,0.53,0.84,15.67,8.19,0.89,25.89,15.71
design_7899,0.77,0.61,0.75,nan,nan,nan,0.48,0.72,14.47,7.69,0.88,6.34,3.87
design_7900,0.84,0.59,0.73,nan,nan,nan,0.52,0.74,11.66,6.39,0.88,23.31,29.38
design_7901,0.54,0.61,0.87,nan,nan,nan,0.47,0.7,11.88,6.5,0.88,19.96,24.11
design_7902,0.71,0.81,0.64,nan,nan,nan,0.49,0.71,14.3,7.63,0.88,5.9,3.42
design_7903,0.79,0.59,0.78,nan,nan,nan,0.49,0.74,12.12,6.62,0.88,23.25,28.83
design_7904,0.53,0.64,0.96,nan,nan,nan,0.46,0.74,11.03,6.05,0.89,3.61,2.6
design_7905,0.51,0.56,0.91,nan,nan,nan,0.45,0.69,12.69,6.81,0.89,7.15,4.82
design_7906,0.53,0.53,1.36,nan,nan,nan,0.54,0.91,15.48,8.12,0.89,30.44,14.4
design_7907,0.5,0.59,1.06,nan,nan,nan,0.46,0.76,13.75,7.3,0.9,2.81,3.36
design_7908,0.6,0.78,1.31,nan,nan,nan,0.53,0.95,13.91,7.35,0.9,26.1,22.47
design_7909,0.57,0.43,0.6,nan,nan,nan,0.42,0.54,5.52,3.58,0.88,2.27,2.26
design_7910,0.78,0.61,1.97,nan,nan,nan,0.66,1.3,12.24,6.64,0.89,23.16,21.36
design_7911,0.94,0.74,2.4,nan,nan,nan,0.76,1.58,12.94,7.02,0.89,23.75,21.76
design_7912,0.7,0.54,2.24,nan,nan,nan,0.69,1.42,13.98,7.57,0.88,24.0,26.63
design_7913,0.53,0.51,2.51,nan,nan,nan,0.73,1.54,12.82,7.04,0.87,8.66,7.11
design_7914,0.94,0.74,2.03,nan,nan,nan,0.68,1.38,13.82,7.4,0.89,26.4,22.36
design_7915,1.01,0.56,2.05,nan,nan,nan,0.69,1.39,14.42,7.74,0.88,13.93,14.38
design_7916,0.64,0.62,2.13,nan,nan,nan,0.68,1.36,12.99,7.1,0.88,25.14,21.36
design_7917,1.0,0.72,1.79,nan,nan,nan,0.64,1.27,14.31,7.7,0.88,2.74,3.38
design_7918,0.63,0.45,2.03,nan,nan,nan,0.65,1.28,5.3,3.65,0.87,1.62,1.56
design_7919,0.45,0.43,1.27,nan,nan,nan,0.47,0.83,14.17,7.56,0.89,6.6,2.73
design_7920,0.42,0.57,0.63,nan,nan,nan,0.45,0.56,16.18,8.29,0.9,17.38,13.02
design_7921,0.41,0.59,0.52,nan,nan,nan,0.43,0.51,15.37,7.96,0.9,13.94,13.36
design_7922,0.47,0.72,3.9,nan,nan,nan,1.31,2.74,12.99,7.3,0.87,14.81,10.96
design_7923,0.55,0.49,0.56,nan,nan,nan,0.43,0.54,15.9,8.17,0.9,18.52,16.57
design_7924,0.49,0.43,0.63,nan,nan,nan,0.47,0.55,15.66,8.06,0.9,10.37,10.98
design_7925,0.37,0.59,0.47,nan,nan,nan,0.42,0.48,15.6,8.08,0.9,18.76,17.06
design_7926,0.33,0.69,0.72,nan,nan,nan,0.45,0.62,14.72,7.69,0.89,21.47,21.68
design_7927,0.44,0.42,0.62,nan,nan,nan,0.46,0.53,14.6,7.6,0.9,11.21,10.93
design_7928,0.61,0.59,0.86,nan,nan,nan,0.47,0.69,12.12,6.57,0.88,5.93,7.17
design_7929,0.68,3.07,1.06,nan,nan,nan,0.87,1.87,13.95,7.55,0.88,26.81,21.31
design_7930,0.67,0.6,0.89,nan,nan,nan,0.49,0.73,13.16,7.05,0.89,25.06,23.35
design_7931,0.78,0.6,4.62,nan,nan,nan,1.16,2.66,11.75,6.65,0.86,23.3,23.24
design_7932,0.7,0.56,1.35,nan,nan,nan,0.52,0.93,14.66,7.71,0.89,13.52,7.89
design_7933,0.64,0.63,1.16,nan,nan,nan,0.52,0.84,7.01,4.28,0.88,2.35,1.69
design_7934,0.78,0.65,1.07,nan,nan,nan,0.52,0.85,14.86,7.81,0.89,26.66,22.37
design_7935,0.61,0.51,1.06,nan,nan,nan,0.48,0.76,11.98,6.6,0.88,23.26,23.23
design_7936,0.64,2.6,1.79,nan,nan,nan,0.86,1.81,15.44,8.15,0.88,39.79,15.69
design_7937,0.58,2.53,1.05,nan,nan,nan,0.74,1.52,14.85,7.92,0.89,6.88,4.52
design_7938,0.6,2.12,1.22,nan,nan,nan,0.69,1.4,15.7,8.3,0.89,14.3,13.42
design_7939,0.45,1.72,0.55,nan,nan,nan,0.56,1.0,8.6,5.14,0.87,1.79,1.69
design_7940,0.52,2.19,0.89,nan,nan,nan,0.65,1.31,9.8,5.59,0.88,3.79,2.63
design_7941,0.66,2.86,1.78,nan,nan,nan,0.9,1.91,15.08,7.94,0.88,20.78,11.28
design_7942,0.57,1.87,1.54,nan,nan,nan,0.7,1.43,15.07,8.0,0.89,39.49,15.47
design_7943,0.71,2.95,1.9,nan,nan,nan,0.93,2.0,14.79,7.82,0.88,10.19,7.08
design_7944,0.54,0.57,1.42,nan,nan,nan,0.54,0.88,7.88,4.8,0.87,3.02,4.12
design_7945,0.74,0.93,2.15,nan,nan,nan,0.66,1.33,5.96,3.94,0.87,2.13,1.89
design_7946,0.69,0.89,2.74,nan,nan,nan,0.75,1.59,4.8,3.41,0.87,2.47,2.46
design_7947,0.65,0.7,1.24,nan,nan,nan,0.51,0.87,11.65,6.49,0.88,2.46,1.52
design_7948,0.49,0.7,1.41,nan,nan,nan,0.52,0.9,12.28,6.86,0.86,5.73,4.79
design_7949,0.68,0.68,1.27,nan,nan,nan,0.52,0.88,10.08,5.78,0.87,22.81,21.98
design_7950,0.59,0.8,1.35,nan,nan,nan,0.53,0.93,10.04,5.8,0.87,3.43,4.09
design_7951,0.63,0.74,1.45,nan,nan,nan,0.56,0.96,6.77,4.35,0.86,3.78,4.55
design_7952,0.44,0.61,0.61,nan,nan,nan,0.44,0.57,16.27,8.33,0.9,22.51,23.61
design_7953,0.48,0.49,0.74,nan,nan,nan,0.47,0.63,15.12,7.83,0.9,21.12,23.73
design_7954,0.72,0.78,0.74,nan,nan,nan,0.51,0.75,15.22,7.88,0.9,21.89,24.22
design_7955,0.67,0.62,0.66,nan,nan,nan,0.47,0.65,16.8,8.61,0.9,19.21,21.01
design_7956,0.72,0.64,0.64,nan,nan,nan,0.48,0.66,16.08,8.27,0.9,21.49,23.79
design_7957,0.42,0.62,0.61,nan,nan,nan,0.42,0.57,16.69,8.44,0.91,20.01,21.53
design_7958,0.47,0.6,0.71,nan,nan,nan,0.45,0.63,14.91,7.7,0.9,17.08,17.79
design_7959,0.43,0.6,0.6,nan,nan,nan,0.43,0.56,16.79,8.51,0.91,23.07,17.08
design_7960,0.52,0.72,0.78,nan,nan,nan,0.49,0.7,15.59,8.05,0.9,18.49,16.38
design_7961,0.67,0.58,0.72,nan,nan,nan,0.49,0.67,17.04,8.7,0.9,15.87,12.05
design_7962,0.38,0.73,0.72,nan,nan,nan,0.46,0.65,15.7,8.06,0.9,22.09,23.81
design_7963,0.48,0.57,0.77,nan,nan,nan,0.49,0.66,14.51,7.59,0.89,22.18,25.21
design_7964,0.55,0.58,0.72,nan,nan,nan,0.48,0.65,16.21,8.35,0.9,15.08,9.2
design_7965,0.75,0.78,0.69,nan,nan,nan,0.5,0.73,16.04,8.24,0.9,22.58,25.24
design_7966,0.59,0.76,0.72,nan,nan,nan,0.49,0.7,16.36,8.4,0.9,22.5,23.93
design_7967,0.6,0.56,0.64,nan,nan,nan,0.47,0.61,17.11,8.76,0.9,15.36,10.25
design_7968,0.62,0.53,4.82,nan,nan,nan,1.58,3.37,14.73,8.15,0.87,22.04,24.37
design_7969,0.67,0.58,2.25,nan,nan,nan,0.82,1.62,15.23,8.51,0.86,20.54,20.73
design_7970,0.52,0.51,3.17,nan,nan,nan,1.08,2.22,13.08,7.1,0.88,9.21,9.15
design_7971,0.59,0.46,3.31,nan,nan,nan,1.11,2.32,10.69,6.06,0.87,20.43,22.82
design_7972,0.56,0.47,3.49,nan,nan,nan,1.17,2.44,13.28,7.48,0.86,10.08,10.51
design_7973,0.59,0.47,2.07,nan,nan,nan,0.77,1.49,13.82,7.68,0.86,14.98,17.26
design_7974,0.58,0.44,3.02,nan,nan,nan,1.03,2.12,13.51,7.31,0.88,11.28,12.64
design_7975,0.63,0.69,3.08,nan,nan,nan,1.06,2.19,12.33,6.79,0.88,18.18,19.25
design_7976,0.64,1.16,2.91,nan,nan,nan,0.8,1.72,11.21,6.32,0.87,20.46,17.71
design_7977,0.66,1.02,1.59,nan,nan,nan,0.62,1.11,12.27,6.76,0.89,16.86,10.36
design_7978,0.74,1.18,2.31,nan,nan,nan,0.7,1.47,10.2,5.86,0.87,19.15,15.11
design_7979,0.63,1.15,2.14,nan,nan,nan,0.69,1.37,11.7,6.61,0.87,23.83,21.1
design_7980,0.86,1.07,2.51,nan,nan,nan,0.75,1.56,10.55,6.09,0.86,22.24,17.84
design_7981,0.57,1.11,1.46,nan,nan,nan,0.58,1.06,12.22,6.72,0.88,19.18,15.16
design_7982,0.77,1.08,2.73,nan,nan,nan,0.78,1.64,10.63,6.12,0.86,19.76,16.08
design_7983,0.59,1.27,2.45,nan,nan,nan,0.74,1.53,11.44,6.46,0.87,24.73,20.99
design_7984,0.8,0.72,2.82,nan,nan,nan,0.98,1.99,16.37,8.65,0.89,16.66,9.24
design_7985,0.8,0.61,2.92,nan,nan,nan,1.01,2.05,15.59,8.34,0.88,12.76,14.72
design_7986,0.71,0.6,2.64,nan,nan,nan,0.92,1.85,15.56,8.23,0.88,13.14,7.35
design_7987,0.46,0.63,3.92,nan,nan,nan,1.26,2.69,14.27,7.63,0.89,18.53,17.24
design_7988,0.62,0.67,2.52,nan,nan,nan,0.88,1.77,11.89,6.69,0.87,21.36,22.82
design_7989,0.77,0.77,2.59,nan,nan,nan,0.92,1.84,15.99,8.52,0.88,19.56,18.15
design_7990,0.82,0.64,2.74,nan,nan,nan,0.96,1.94,15.54,8.39,0.88,15.83,17.63
design_7991,0.93,0.78,2.41,nan,nan,nan,0.88,1.75,15.17,8.01,0.88,26.12,21.4
design_7992,0.72,2.05,1.42,nan,nan,nan,0.73,1.46,14.05,7.47,0.89,30.91,20.14
design_7993,0.59,1.9,1.38,nan,nan,nan,0.69,1.37,14.51,7.66,0.89,24.45,19.88
design_7994,0.58,1.94,1.44,nan,nan,nan,0.7,1.4,9.91,5.59,0.88,24.32,24.6
design_7995,0.84,1.96,1.34,nan,nan,nan,0.71,1.42,12.17,6.63,0.89,24.71,24.19
design_7996,0.76,1.91,1.33,nan,nan,nan,0.7,1.38,15.51,8.15,0.89,27.39,12.87
design_7997,0.57,1.95,1.4,nan,nan,nan,0.7,1.39,14.94,7.89,0.89,24.03,13.67
design_7998,0.6,1.99,1.5,nan,nan,nan,0.72,1.45,15.34,8.08,0.89,21.37,10.16
design_7999,0.55,1.99,1.41,nan,nan,nan,0.7,1.41,15.36,8.05,0.9,27.68,20.04
