tag,framework_aligned_H1_rmsd,framework_aligned_H2_rmsd,framework_aligned_H3_rmsd,framework_aligned_L1_rmsd,framework_aligned_L2_rmsd,framework_aligned_L3_rmsd,framework_aligned_antibody_rmsd,framework_aligned_cdr_rmsd,interaction_pae,pae,pred_lddt,target_aligned_antibody_rmsd,target_aligned_cdr_rmsd
design_0000,1.08,1.26,0.83,nan,nan,nan,0.6,1.07,17.3,7.58,0.92,16.39,18.02
design_0001,1.41,0.7,2.23,nan,nan,nan,0.81,1.57,17.21,7.52,0.92,17.24,19.06
design_0002,1.12,0.69,0.88,nan,nan,nan,0.53,0.93,18.6,8.11,0.92,22.46,17.24
design_0003,1.05,0.64,0.96,nan,nan,nan,0.52,0.91,17.51,7.67,0.92,29.63,18.36
design_0004,1.13,0.65,0.64,nan,nan,nan,0.49,0.86,17.69,7.72,0.92,15.24,12.81
design_0005,0.91,0.54,0.64,nan,nan,nan,0.44,0.73,17.39,7.61,0.92,11.57,9.1
design_0006,1.22,0.57,2.12,nan,nan,nan,0.75,1.44,17.51,7.65,0.92,14.97,15.92
design_0007,1.09,0.5,0.77,nan,nan,nan,0.5,0.84,17.76,7.79,0.92,25.02,16.92
design_0008,0.59,0.49,0.92,nan,nan,nan,0.46,0.68,16.87,7.37,0.92,28.11,16.0
design_0009,0.51,0.39,0.87,nan,nan,nan,0.47,0.62,17.1,7.47,0.92,27.47,19.29
design_0010,0.45,0.49,0.88,nan,nan,nan,0.48,0.63,16.7,7.32,0.92,26.71,18.94
design_0011,0.41,0.4,0.82,nan,nan,nan,0.46,0.57,16.85,7.37,0.92,26.01,20.63
design_0012,0.52,0.5,0.87,nan,nan,nan,0.47,0.65,17.54,7.66,0.92,22.03,12.42
design_0013,0.5,0.41,1.02,nan,nan,nan,0.48,0.69,16.81,7.36,0.92,28.0,19.92
design_0014,0.47,0.48,0.82,nan,nan,nan,0.45,0.61,16.85,7.38,0.92,24.32,18.31
design_0015,0.45,0.46,0.98,nan,nan,nan,0.48,0.66,16.76,7.33,0.92,26.65,19.14
design_0016,0.52,0.84,0.81,nan,nan,nan,0.52,0.75,13.29,6.08,0.91,9.81,9.98
design_0017,0.86,0.64,0.88,nan,nan,nan,0.56,0.82,11.82,5.46,0.91,10.31,8.33
design_0018,0.48,0.86,0.82,nan,nan,nan,0.52,0.75,13.47,6.17,0.91,9.28,7.33
design_0019,0.75,0.6,0.81,nan,nan,nan,0.55,0.75,9.24,4.4,0.9,10.96,7.57
design_0020,0.71,0.66,1.01,nan,nan,nan,0.55,0.86,5.48,2.83,0.91,10.27,7.82
design_0021,0.86,0.54,0.94,nan,nan,nan,0.58,0.84,12.9,5.93,0.91,10.93,9.1
design_0022,0.61,0.78,0.93,nan,nan,nan,0.54,0.82,11.72,5.43,0.91,10.91,9.83
design_0023,0.43,0.65,0.79,nan,nan,nan,0.47,0.68,16.69,7.5,0.91,17.59,12.94
design_0024,0.51,0.39,0.78,nan,nan,nan,0.47,0.59,17.63,7.73,0.92,23.17,23.63
design_0025,0.78,1.01,3.22,nan,nan,nan,0.95,2.04,17.24,7.57,0.92,12.84,11.42
design_0026,0.73,0.61,3.44,nan,nan,nan,1.01,2.1,17.07,7.52,0.92,18.13,19.4
design_0027,0.56,0.27,1.28,nan,nan,nan,0.52,0.84,17.31,7.59,0.92,12.01,14.25
design_0028,0.62,0.33,1.56,nan,nan,nan,0.58,1.01,17.14,7.55,0.92,19.11,20.94
design_0029,0.5,0.62,1.24,nan,nan,nan,0.47,0.86,17.53,7.7,0.92,7.22,8.42
design_0030,0.83,0.84,3.32,nan,nan,nan,0.97,2.08,17.54,7.7,0.92,8.39,7.03
design_0031,0.46,0.33,0.86,nan,nan,nan,0.44,0.6,17.63,7.72,0.92,9.79,11.05
design_0032,0.66,0.48,0.74,nan,nan,nan,0.5,0.66,16.77,7.48,0.92,17.95,17.03
design_0033,0.47,0.72,0.8,nan,nan,nan,0.51,0.7,17.01,7.57,0.92,24.02,18.34
design_0034,0.5,0.53,1.02,nan,nan,nan,0.53,0.78,16.85,7.52,0.92,19.47,17.31
design_0035,0.56,0.81,1.03,nan,nan,nan,0.53,0.86,18.17,8.09,0.92,16.2,12.76
design_0036,0.59,0.53,0.95,nan,nan,nan,0.51,0.77,17.18,7.65,0.92,18.12,15.34
design_0037,0.53,0.53,1.05,nan,nan,nan,0.53,0.81,16.68,7.46,0.91,18.0,16.35
design_0038,0.61,0.8,0.81,nan,nan,nan,0.49,0.75,17.6,7.83,0.92,13.12,9.94
design_0039,0.7,0.69,0.74,nan,nan,nan,0.48,0.72,15.9,7.14,0.91,24.5,17.47
design_0040,0.57,0.49,1.15,nan,nan,nan,0.54,0.84,15.62,6.96,0.92,15.99,12.05
design_0041,0.46,0.48,1.94,nan,nan,nan,0.67,1.29,18.77,8.26,0.92,13.58,10.0
design_0042,0.88,0.33,1.11,nan,nan,nan,0.55,0.88,15.31,6.85,0.91,19.26,14.68
design_0043,0.76,0.32,1.06,nan,nan,nan,0.53,0.82,14.05,6.31,0.92,16.58,14.28
design_0044,0.84,0.37,1.48,nan,nan,nan,0.6,1.07,16.98,7.54,0.91,18.95,13.65
design_0045,0.75,0.57,1.18,nan,nan,nan,0.55,0.92,15.89,7.07,0.92,16.25,14.04
design_0046,0.77,0.24,0.99,nan,nan,nan,0.52,0.78,14.61,6.54,0.92,16.92,14.11
design_0047,1.02,0.3,1.26,nan,nan,nan,0.58,1.0,15.69,6.99,0.92,18.62,14.26
design_0048,1.36,0.51,0.68,nan,nan,nan,0.53,0.95,18.16,7.93,0.92,22.64,16.18
design_0049,1.05,0.43,1.27,nan,nan,nan,0.55,0.99,17.61,7.7,0.92,15.42,12.5
design_0050,1.07,0.65,0.98,nan,nan,nan,0.53,0.93,17.31,7.57,0.92,14.66,14.95
design_0051,2.72,0.96,1.87,nan,nan,nan,0.91,2.03,17.61,7.75,0.91,17.39,15.62
design_0052,0.83,0.42,0.79,nan,nan,nan,0.45,0.71,18.22,7.95,0.92,21.49,17.86
design_0053,0.5,0.44,0.77,nan,nan,nan,0.41,0.58,17.63,7.72,0.92,14.84,10.17
design_0054,0.89,0.55,1.14,nan,nan,nan,0.53,0.9,17.37,7.61,0.92,15.4,15.24
design_0055,1.27,0.55,1.01,nan,nan,nan,0.55,1.01,17.5,7.64,0.92,19.85,12.32
design_0056,0.53,0.56,1.12,nan,nan,nan,0.5,0.81,18.33,8.07,0.92,28.36,15.81
design_0057,0.78,0.56,1.62,nan,nan,nan,0.6,1.14,18.89,8.31,0.91,23.94,16.0
design_0058,0.92,1.0,1.3,nan,nan,nan,0.62,1.1,17.07,7.54,0.92,10.62,10.75
design_0059,0.48,0.51,1.34,nan,nan,nan,0.53,0.91,18.82,8.27,0.92,31.02,18.42
design_0060,0.82,0.64,1.2,nan,nan,nan,0.55,0.94,17.16,7.58,0.91,27.28,14.13
design_0061,0.56,0.74,1.18,nan,nan,nan,0.53,0.89,18.45,8.09,0.92,29.93,19.8
design_0062,0.92,0.78,1.28,nan,nan,nan,0.58,1.04,18.91,8.31,0.92,26.11,21.88
design_0063,0.55,0.63,1.41,nan,nan,nan,0.56,0.98,18.65,8.2,0.91,19.3,11.83
design_0064,0.75,0.83,1.19,nan,nan,nan,0.58,0.99,17.18,7.65,0.92,22.06,20.03
design_0065,0.6,0.77,1.0,nan,nan,nan,0.54,0.84,18.04,8.01,0.92,21.06,18.99
design_0066,0.65,0.72,1.17,nan,nan,nan,0.56,0.94,17.1,7.62,0.92,17.22,16.22
design_0067,0.59,0.74,0.94,nan,nan,nan,0.52,0.8,18.01,7.98,0.92,22.08,19.0
design_0068,0.61,0.6,1.08,nan,nan,nan,0.55,0.86,16.08,7.2,0.92,23.85,18.46
design_0069,0.61,0.81,1.17,nan,nan,nan,0.56,0.95,17.74,7.88,0.92,20.78,18.23
design_0070,0.7,0.67,1.32,nan,nan,nan,0.6,1.03,16.53,7.37,0.92,22.42,21.12
design_0071,0.7,0.58,1.04,nan,nan,nan,0.54,0.85,18.01,8.0,0.92,21.17,19.46
design_0072,0.56,0.64,5.36,nan,nan,nan,1.4,3.21,15.27,6.81,0.91,26.68,17.92
design_0073,0.65,0.71,0.92,nan,nan,nan,0.51,0.77,16.51,7.26,0.92,28.53,16.87
design_0074,0.65,0.62,0.91,nan,nan,nan,0.51,0.74,16.72,7.35,0.92,31.68,19.08
design_0075,0.62,0.79,1.0,nan,nan,nan,0.52,0.82,17.16,7.52,0.92,31.97,18.85
design_0076,0.59,0.75,0.89,nan,nan,nan,0.51,0.75,17.54,7.68,0.92,32.06,18.0
design_0077,0.5,0.38,1.19,nan,nan,nan,0.56,0.79,15.99,7.06,0.92,29.8,21.03
design_0078,0.61,0.65,0.95,nan,nan,nan,0.52,0.75,16.83,7.39,0.92,29.77,18.4
design_0079,0.54,0.67,1.01,nan,nan,nan,0.54,0.77,17.04,7.49,0.92,28.37,19.19
design_0080,0.85,0.62,0.9,nan,nan,nan,0.5,0.81,17.45,7.65,0.92,7.9,5.7
design_0081,1.81,0.84,1.64,nan,nan,nan,0.76,1.52,17.17,7.57,0.92,20.98,18.87
design_0082,0.93,0.64,0.98,nan,nan,nan,0.51,0.88,17.8,7.8,0.92,10.48,11.25
design_0083,0.72,0.58,0.92,nan,nan,nan,0.49,0.76,16.98,7.45,0.92,20.87,20.4
design_0084,0.55,0.67,0.98,nan,nan,nan,0.48,0.76,17.18,7.53,0.93,20.56,22.67
design_0085,1.7,0.81,1.78,nan,nan,nan,0.76,1.52,17.63,7.74,0.92,20.46,24.73
design_0086,0.7,0.82,1.43,nan,nan,nan,0.54,1.04,19.1,8.35,0.92,12.98,10.15
design_0087,1.05,0.87,0.98,nan,nan,nan,0.53,0.98,17.99,7.9,0.92,12.46,10.16
design_0088,0.64,0.71,1.31,nan,nan,nan,0.53,0.9,18.45,8.03,0.92,18.41,13.64
design_0089,0.59,0.61,1.34,nan,nan,nan,0.54,0.87,18.81,8.18,0.92,21.52,15.58
design_0090,0.49,0.59,1.08,nan,nan,nan,0.48,0.73,18.72,8.13,0.92,9.76,12.75
design_0091,0.61,0.73,1.26,nan,nan,nan,0.53,0.87,18.26,7.95,0.92,13.98,19.88
design_0092,0.56,0.71,1.35,nan,nan,nan,0.55,0.89,18.04,7.86,0.92,24.37,27.48
design_0093,0.51,0.7,1.2,nan,nan,nan,0.52,0.82,17.75,7.73,0.92,12.95,14.5
design_0094,0.64,0.7,1.32,nan,nan,nan,0.53,0.9,18.52,8.05,0.92,10.09,12.4
design_0095,0.7,0.83,1.16,nan,nan,nan,0.5,0.89,18.35,7.98,0.92,13.43,10.07
design_0096,0.78,0.49,1.42,nan,nan,nan,0.58,0.97,16.86,7.4,0.92,14.99,17.4
design_0097,1.71,0.42,1.7,nan,nan,nan,0.73,1.43,16.73,7.37,0.91,15.07,17.0
design_0098,0.88,0.51,1.32,nan,nan,nan,0.59,0.96,16.98,7.47,0.91,16.01,18.24
design_0099,1.36,0.41,1.67,nan,nan,nan,0.68,1.27,18.17,7.99,0.91,14.69,16.66
design_0100,1.54,0.48,1.69,nan,nan,nan,0.73,1.36,17.43,7.65,0.92,16.92,15.63
design_0101,1.26,0.47,1.72,nan,nan,nan,0.67,1.26,17.59,7.75,0.91,15.93,14.56
design_0102,0.74,0.38,1.01,nan,nan,nan,0.51,0.76,17.3,7.58,0.92,20.3,14.82
design_0103,1.53,0.45,1.36,nan,nan,nan,0.67,1.23,17.13,7.52,0.92,15.57,16.57
design_0104,0.55,0.88,1.78,nan,nan,nan,0.71,1.31,17.43,7.81,0.91,22.41,17.61
design_0105,0.51,0.74,1.92,nan,nan,nan,0.73,1.38,19.41,8.69,0.9,12.68,11.57
design_0106,1.12,0.71,4.05,nan,nan,nan,1.34,2.83,19.71,8.81,0.9,11.85,7.47
design_0107,0.57,0.89,2.44,nan,nan,nan,0.87,1.74,17.82,7.95,0.91,17.4,15.31
design_0108,0.79,0.93,2.43,nan,nan,nan,0.88,1.76,16.23,7.29,0.91,19.1,16.01
design_0109,0.62,0.86,5.63,nan,nan,nan,1.77,3.85,18.88,8.44,0.9,15.61,8.33
design_0110,0.62,0.81,1.79,nan,nan,nan,0.71,1.32,18.05,8.04,0.91,11.6,9.75
design_0111,0.67,0.85,0.9,nan,nan,nan,0.52,0.82,19.02,8.47,0.9,5.98,3.88
design_0112,0.57,0.49,1.17,nan,nan,nan,0.52,0.84,17.3,7.71,0.9,10.18,7.25
design_0113,0.96,0.56,2.87,nan,nan,nan,0.9,1.88,14.18,6.41,0.9,22.44,18.94
design_0114,0.79,0.62,2.44,nan,nan,nan,0.82,1.61,14.73,6.66,0.9,20.56,17.31
design_0115,0.6,0.66,3.23,nan,nan,nan,0.96,2.05,16.61,7.45,0.89,20.92,18.9
design_0116,0.79,0.49,2.06,nan,nan,nan,0.71,1.38,14.65,6.61,0.9,23.55,18.81
design_0117,0.89,0.55,1.7,nan,nan,nan,0.67,1.2,17.47,7.75,0.91,22.46,17.19
design_0118,0.77,0.58,1.5,nan,nan,nan,0.6,1.07,17.85,7.93,0.9,9.9,12.16
design_0119,0.55,0.47,1.01,nan,nan,nan,0.5,0.74,12.4,5.7,0.9,23.65,17.76
design_0120,0.54,1.39,0.65,nan,nan,nan,0.51,0.92,18.5,8.04,0.92,20.74,10.87
design_0121,0.86,0.82,1.07,nan,nan,nan,0.51,0.92,17.82,7.79,0.92,15.31,13.6
design_0122,0.71,0.97,0.84,nan,nan,nan,0.49,0.84,17.49,7.64,0.92,7.62,6.62
design_0123,0.53,1.14,1.1,nan,nan,nan,0.52,0.95,18.01,7.88,0.92,12.43,11.54
design_0124,0.94,0.96,0.46,nan,nan,nan,0.51,0.83,18.33,8.0,0.92,14.45,10.79
design_0125,0.9,1.11,0.74,nan,nan,nan,0.54,0.93,17.36,7.58,0.92,20.69,17.26
design_0126,0.66,0.95,0.74,nan,nan,nan,0.49,0.79,18.44,8.03,0.92,23.25,15.99
design_0127,0.72,1.21,0.61,nan,nan,nan,0.54,0.88,17.39,7.6,0.92,7.6,4.59
design_0128,1.44,0.74,1.1,nan,nan,nan,0.61,1.15,17.57,7.7,0.92,18.59,14.74
design_0129,0.65,0.6,1.35,nan,nan,nan,0.53,0.92,17.41,7.63,0.92,24.22,19.93
design_0130,0.76,0.57,1.31,nan,nan,nan,0.54,0.93,17.18,7.55,0.92,22.68,17.85
design_0131,1.18,0.73,1.43,nan,nan,nan,0.6,1.15,17.87,7.83,0.91,26.6,19.91
design_0132,1.32,0.72,1.66,nan,nan,nan,0.67,1.29,16.47,7.28,0.91,24.35,19.09
design_0133,1.39,0.72,1.41,nan,nan,nan,0.66,1.23,16.86,7.42,0.91,24.72,19.52
design_0134,0.8,0.58,1.56,nan,nan,nan,0.57,1.05,17.47,7.66,0.92,25.58,19.49
design_0135,1.1,0.49,1.65,nan,nan,nan,0.62,1.17,17.73,7.78,0.91,27.07,19.81
design_0136,0.87,0.51,0.87,nan,nan,nan,0.5,0.78,16.83,7.37,0.92,20.37,14.65
design_0137,1.24,0.78,0.57,nan,nan,nan,0.59,0.93,16.17,7.12,0.91,11.31,11.68
design_0138,1.0,0.64,0.32,nan,nan,nan,0.55,0.73,16.89,7.4,0.92,11.37,12.31
design_0139,0.94,0.49,0.86,nan,nan,nan,0.54,0.79,16.82,7.37,0.92,15.94,14.6
design_0140,1.14,1.03,0.4,nan,nan,nan,0.57,0.93,17.15,7.51,0.92,12.41,14.24
design_0141,0.92,0.72,1.0,nan,nan,nan,0.55,0.89,17.16,7.5,0.92,16.2,14.23
design_0142,0.83,0.39,0.91,nan,nan,nan,0.47,0.75,17.89,7.83,0.92,15.07,12.93
design_0143,1.0,0.79,1.22,nan,nan,nan,0.58,1.02,17.93,7.85,0.92,15.64,14.54
design_0144,0.69,0.3,5.75,nan,nan,nan,1.86,4.0,17.8,7.98,0.91,12.96,13.39
design_0145,0.73,0.32,5.56,nan,nan,nan,1.81,3.87,18.15,8.14,0.91,9.24,6.8
design_0146,0.79,0.42,5.51,nan,nan,nan,1.79,3.85,18.35,8.26,0.9,13.15,7.19
design_0147,0.61,0.43,6.01,nan,nan,nan,1.95,4.18,14.87,6.78,0.9,22.15,9.95
design_0148,0.68,0.51,5.99,nan,nan,nan,1.94,4.18,16.6,7.5,0.91,18.97,8.38
design_0149,0.69,0.34,1.56,nan,nan,nan,0.65,1.16,9.71,4.61,0.9,2.34,2.11
design_0150,0.63,0.4,6.06,nan,nan,nan,1.96,4.22,16.4,7.41,0.91,22.89,10.94
design_0151,0.7,0.42,5.44,nan,nan,nan,1.77,3.8,17.89,8.06,0.9,7.47,4.86
design_0152,1.58,0.42,3.91,nan,nan,nan,0.99,2.3,17.58,7.69,0.91,16.14,16.82
design_0153,1.41,0.47,3.89,nan,nan,nan,1.0,2.25,16.58,7.26,0.91,22.49,20.92
design_0154,1.43,0.36,4.02,nan,nan,nan,1.03,2.31,16.56,7.25,0.91,13.51,11.66
design_0155,1.65,0.52,3.86,nan,nan,nan,1.02,2.3,16.23,7.12,0.91,22.38,21.87
design_0156,1.46,0.42,3.98,nan,nan,nan,1.0,2.3,17.03,7.45,0.92,14.3,9.01
design_0157,1.66,0.58,4.02,nan,nan,nan,1.05,2.38,17.02,7.47,0.91,14.07,15.48
design_0158,1.46,0.42,3.71,nan,nan,nan,0.95,2.17,15.75,6.95,0.91,21.1,18.55
design_0159,1.38,0.45,3.93,nan,nan,nan,1.0,2.26,17.0,7.44,0.91,11.43,9.93
design_0160,0.98,0.51,3.09,nan,nan,nan,1.1,2.22,6.59,3.29,0.91,20.31,16.5
design_0161,1.43,0.63,3.21,nan,nan,nan,1.17,2.37,15.95,7.18,0.91,8.91,7.62
design_0162,0.99,0.43,2.68,nan,nan,nan,1.03,1.94,7.35,3.59,0.91,3.73,2.36
design_0163,1.03,0.9,3.17,nan,nan,nan,1.13,2.31,14.78,6.69,0.91,12.54,7.81
design_0164,1.37,0.5,3.07,nan,nan,nan,1.12,2.26,8.81,4.22,0.91,20.48,16.67
design_0165,1.05,0.39,3.02,nan,nan,nan,1.08,2.17,7.24,3.56,0.91,20.75,16.73
design_0166,1.06,0.38,2.92,nan,nan,nan,1.05,2.11,6.59,3.29,0.91,20.61,16.43
design_0167,0.62,0.37,3.2,nan,nan,nan,1.11,2.25,6.55,3.28,0.91,20.08,16.37
design_0168,0.63,0.36,1.01,nan,nan,nan,0.54,0.81,17.18,7.71,0.92,21.99,21.22
design_0169,0.95,0.41,1.07,nan,nan,nan,0.57,0.93,18.18,8.15,0.92,22.61,21.37
design_0170,0.6,0.47,0.99,nan,nan,nan,0.51,0.8,17.27,7.77,0.91,22.39,22.01
design_0171,0.61,0.36,1.13,nan,nan,nan,0.57,0.88,17.82,7.99,0.91,20.21,20.8
design_0172,0.94,0.43,1.24,nan,nan,nan,0.62,1.02,16.5,7.45,0.91,25.04,21.49
design_0173,0.62,0.43,1.19,nan,nan,nan,0.6,0.92,12.67,5.87,0.9,23.34,19.2
design_0174,0.57,0.31,1.11,nan,nan,nan,0.53,0.85,16.87,7.61,0.92,21.93,21.78
design_0175,0.86,0.44,0.95,nan,nan,nan,0.56,0.83,15.4,6.97,0.92,21.98,20.31
design_0176,0.49,0.5,0.88,nan,nan,nan,0.51,0.64,16.49,7.24,0.92,14.35,14.55
design_0177,0.81,0.75,4.91,nan,nan,nan,1.23,2.84,17.96,7.89,0.91,16.46,15.43
design_0178,0.89,0.77,0.81,nan,nan,nan,0.5,0.83,19.99,8.72,0.91,20.89,24.18
design_0179,0.77,0.86,1.01,nan,nan,nan,0.52,0.88,17.8,7.81,0.92,20.5,17.84
design_0180,0.56,0.57,1.04,nan,nan,nan,0.54,0.75,16.42,7.21,0.92,13.89,13.33
design_0181,0.75,0.5,1.3,nan,nan,nan,0.58,0.9,18.5,8.13,0.91,11.0,12.32
design_0182,0.97,0.76,4.81,nan,nan,nan,1.21,2.8,17.78,7.84,0.91,14.95,15.08
design_0183,0.49,0.42,0.85,nan,nan,nan,0.51,0.61,18.13,7.93,0.92,10.08,11.09
design_0184,0.56,0.38,0.95,nan,nan,nan,0.5,0.71,16.68,7.42,0.91,26.8,17.57
design_0185,0.78,0.39,0.83,nan,nan,nan,0.51,0.72,17.64,7.83,0.91,22.29,9.06
design_0186,0.94,0.49,1.29,nan,nan,nan,0.59,1.01,18.2,8.08,0.91,22.35,16.78
design_0187,0.78,0.5,0.96,nan,nan,nan,0.53,0.8,16.7,7.43,0.91,19.09,7.3
design_0188,0.96,0.33,1.23,nan,nan,nan,0.56,0.97,18.6,8.26,0.91,23.59,18.46
design_0189,0.57,0.41,0.86,nan,nan,nan,0.48,0.67,18.18,8.04,0.92,22.94,13.04
design_0190,1.16,0.53,1.12,nan,nan,nan,0.62,1.01,16.47,7.33,0.91,16.28,5.03
design_0191,0.79,0.48,1.1,nan,nan,nan,0.52,0.87,18.36,8.13,0.91,8.17,7.55
design_0192,0.57,0.58,1.03,nan,nan,nan,0.54,0.75,17.63,7.71,0.92,22.25,28.83
design_0193,0.67,0.76,1.3,nan,nan,nan,0.56,0.94,17.16,7.52,0.92,13.93,13.18
design_0194,0.7,0.57,1.39,nan,nan,nan,0.58,0.95,17.64,7.7,0.92,19.08,11.94
design_0195,0.64,0.63,0.62,nan,nan,nan,0.48,0.63,17.74,7.76,0.92,24.11,25.79
design_0196,0.49,0.61,1.71,nan,nan,nan,0.63,1.06,17.57,7.68,0.92,23.62,20.67
design_0197,0.47,0.66,1.75,nan,nan,nan,0.64,1.09,17.53,7.66,0.92,23.3,27.44
design_0198,0.64,0.76,1.47,nan,nan,nan,0.57,1.01,17.31,7.57,0.92,17.11,12.3
design_0199,0.41,0.69,0.63,nan,nan,nan,0.43,0.58,17.79,7.77,0.92,23.87,19.64
design_0200,0.94,0.44,0.97,nan,nan,nan,0.56,0.87,17.18,7.71,0.92,21.37,20.25
design_0201,0.55,0.43,1.21,nan,nan,nan,0.59,0.93,16.92,7.58,0.92,20.34,20.74
design_0202,0.83,0.46,1.05,nan,nan,nan,0.56,0.89,17.2,7.7,0.93,22.12,22.0
design_0203,0.8,0.48,1.19,nan,nan,nan,0.6,0.96,18.25,8.15,0.92,9.93,11.45
design_0204,0.77,0.54,1.14,nan,nan,nan,0.58,0.94,17.89,7.99,0.92,16.4,14.15
design_0205,0.58,0.5,1.02,nan,nan,nan,0.55,0.82,17.09,7.66,0.92,23.6,21.01
design_0206,0.88,0.37,1.01,nan,nan,nan,0.56,0.86,17.37,7.79,0.92,22.73,22.39
design_0207,0.8,0.44,1.34,nan,nan,nan,0.63,1.06,17.09,7.69,0.91,21.89,19.76
design_0208,3.19,0.94,1.68,nan,nan,nan,1.0,2.17,17.87,7.9,0.91,23.46,17.59
design_0209,1.11,0.56,1.98,nan,nan,nan,0.74,1.41,18.9,8.33,0.91,18.09,13.19
design_0210,3.23,0.9,1.91,nan,nan,nan,1.04,2.26,17.62,7.8,0.91,11.95,11.14
design_0211,3.43,1.11,2.16,nan,nan,nan,1.11,2.46,17.31,7.65,0.92,21.88,17.92
design_0212,1.31,0.56,1.55,nan,nan,nan,0.69,1.25,18.26,8.05,0.91,20.19,17.88
design_0213,0.99,0.62,1.05,nan,nan,nan,0.58,0.93,17.66,7.79,0.92,21.49,18.64
design_0214,3.0,0.61,1.84,nan,nan,nan,0.99,2.1,17.17,7.61,0.91,23.45,17.87
design_0215,0.88,0.72,1.2,nan,nan,nan,0.56,0.98,18.52,8.15,0.91,9.45,11.05
design_0216,0.8,0.65,7.75,nan,nan,nan,2.3,5.14,19.05,8.48,0.91,19.06,9.77
design_0217,0.76,0.5,1.56,nan,nan,nan,0.67,1.14,12.44,5.7,0.91,6.5,4.94
design_0218,0.75,0.65,2.23,nan,nan,nan,0.78,1.56,16.97,7.6,0.9,9.19,9.99
design_0219,0.95,0.77,2.14,nan,nan,nan,0.78,1.55,17.2,7.67,0.91,10.06,9.32
design_0220,0.63,0.57,1.63,nan,nan,nan,0.66,1.17,13.07,5.99,0.9,7.28,4.55
design_0221,0.72,0.55,7.67,nan,nan,nan,2.28,5.08,18.44,8.22,0.9,30.06,16.05
design_0222,0.77,0.59,8.99,nan,nan,nan,2.65,5.95,18.25,8.1,0.91,27.45,18.56
design_0223,1.14,0.62,9.23,nan,nan,nan,2.74,6.13,18.02,8.0,0.91,31.51,18.12
design_0224,0.55,0.5,0.74,nan,nan,nan,0.48,0.61,16.93,7.43,0.92,20.12,17.21
design_0225,0.95,1.12,2.94,nan,nan,nan,0.92,1.93,17.27,7.57,0.92,11.51,10.58
design_0226,0.57,0.64,0.89,nan,nan,nan,0.5,0.72,17.39,7.63,0.92,28.77,22.0
design_0227,0.7,0.83,3.35,nan,nan,nan,0.98,2.08,17.13,7.53,0.92,22.23,22.24
design_0228,0.57,0.62,0.95,nan,nan,nan,0.51,0.74,17.27,7.58,0.92,14.68,16.48
design_0229,0.67,1.04,3.21,nan,nan,nan,0.94,2.02,16.69,7.35,0.92,17.02,11.79
design_0230,0.86,1.03,2.84,nan,nan,nan,0.91,1.85,18.0,7.87,0.92,15.28,16.98
design_0231,0.96,1.13,3.15,nan,nan,nan,0.99,2.04,17.16,7.53,0.92,12.82,14.32
design_0232,1.19,0.53,1.42,nan,nan,nan,0.64,1.12,15.98,7.03,0.92,24.46,19.74
design_0233,1.06,0.73,1.27,nan,nan,nan,0.58,1.05,16.12,7.07,0.92,23.28,18.1
design_0234,1.16,0.55,1.5,nan,nan,nan,0.63,1.14,16.54,7.26,0.92,24.41,19.67
design_0235,1.04,0.47,1.24,nan,nan,nan,0.57,0.98,15.35,6.76,0.92,23.82,18.97
design_0236,0.9,0.58,1.33,nan,nan,nan,0.55,0.98,17.09,7.5,0.92,4.39,4.28
design_0237,0.89,0.67,1.14,nan,nan,nan,0.54,0.92,17.36,7.57,0.92,11.63,7.52
design_0238,1.19,0.66,1.26,nan,nan,nan,0.59,1.08,17.05,7.49,0.92,22.65,17.36
design_0239,1.08,0.59,1.33,nan,nan,nan,0.59,1.05,16.51,7.25,0.92,22.83,19.2
design_0240,1.37,0.32,1.55,nan,nan,nan,0.71,1.3,16.63,7.5,0.91,21.7,17.37
design_0241,0.87,0.43,4.84,nan,nan,nan,1.6,3.39,15.36,7.02,0.9,7.3,5.09
design_0242,1.42,0.39,5.48,nan,nan,nan,1.81,3.88,19.7,8.8,0.91,7.22,9.32
design_0243,1.15,0.45,3.21,nan,nan,nan,1.13,2.31,13.92,6.41,0.9,4.19,3.79
design_0244,1.15,0.67,4.14,nan,nan,nan,1.41,2.95,15.83,7.18,0.9,7.55,3.96
design_0245,1.27,0.66,5.34,nan,nan,nan,1.77,3.78,15.79,7.16,0.9,8.59,6.03
design_0246,1.65,0.65,4.82,nan,nan,nan,1.63,3.46,17.54,7.88,0.91,20.76,19.51
design_0247,1.17,0.54,1.09,nan,nan,nan,0.64,1.01,5.2,2.74,0.91,3.2,2.19
design_0248,0.78,1.0,4.3,nan,nan,nan,1.39,2.98,19.14,8.55,0.91,15.19,10.78
design_0249,0.64,0.8,0.59,nan,nan,nan,0.51,0.66,7.32,3.6,0.91,23.06,17.29
design_0250,0.69,1.14,4.54,nan,nan,nan,1.47,3.15,19.05,8.49,0.91,18.79,11.92
design_0251,1.0,0.87,0.84,nan,nan,nan,0.56,0.9,18.97,8.48,0.91,21.08,16.8
design_0252,1.11,0.81,0.56,nan,nan,nan,0.61,0.81,7.73,3.76,0.91,23.1,17.23
design_0253,0.42,1.09,0.61,nan,nan,nan,0.51,0.72,16.22,7.29,0.91,16.74,12.31
design_0254,0.91,0.89,3.98,nan,nan,nan,1.32,2.78,18.5,8.27,0.91,24.4,17.3
design_0255,0.81,1.01,4.03,nan,nan,nan,1.32,2.81,18.22,8.15,0.91,17.76,13.21
design_0256,0.93,0.8,6.46,nan,nan,nan,1.94,4.31,15.96,7.24,0.9,26.87,19.76
design_0257,1.15,0.71,2.52,nan,nan,nan,0.91,1.82,16.83,7.6,0.9,25.18,19.96
design_0258,0.8,0.75,4.59,nan,nan,nan,1.41,3.08,17.62,7.94,0.9,23.69,20.48
design_0259,0.86,0.9,4.63,nan,nan,nan,1.45,3.12,11.56,5.42,0.9,26.88,19.04
design_0260,0.75,0.75,5.07,nan,nan,nan,1.54,3.39,18.26,8.21,0.9,23.96,19.94
design_0261,0.71,0.67,3.21,nan,nan,nan,1.04,2.18,17.19,7.68,0.91,22.89,21.21
design_0262,1.92,0.49,6.41,nan,nan,nan,1.96,4.37,18.89,8.44,0.9,26.72,18.21
design_0263,1.29,0.71,4.03,nan,nan,nan,1.29,2.77,15.1,6.9,0.89,24.26,20.17
design_0264,0.68,1.36,1.03,nan,nan,nan,0.55,1.05,17.34,7.59,0.91,21.57,15.18
design_0265,0.86,1.53,1.16,nan,nan,nan,0.59,1.2,16.08,7.08,0.91,21.24,16.47
design_0266,1.0,1.37,1.07,nan,nan,nan,0.61,1.15,17.16,7.5,0.92,17.93,11.55
design_0267,0.91,1.31,0.8,nan,nan,nan,0.57,1.04,16.96,7.42,0.92,23.09,17.67
design_0268,0.81,1.22,0.99,nan,nan,nan,0.54,1.01,16.4,7.2,0.92,21.45,15.85
design_0269,0.65,1.43,0.93,nan,nan,nan,0.53,1.04,17.39,7.59,0.91,18.65,13.06
design_0270,0.6,1.11,1.02,nan,nan,nan,0.5,0.91,16.4,7.19,0.91,20.0,13.46
design_0271,0.64,0.88,0.92,nan,nan,nan,0.47,0.81,16.61,7.28,0.91,22.5,15.71
design_0272,0.52,0.42,3.01,nan,nan,nan,0.97,2.02,5.85,2.97,0.91,28.61,14.69
design_0273,0.48,0.41,3.11,nan,nan,nan,1.0,2.08,8.34,4.01,0.91,28.24,14.74
design_0274,0.43,0.47,2.63,nan,nan,nan,0.87,1.76,18.94,8.41,0.91,5.81,5.84
design_0275,0.55,0.35,2.93,nan,nan,nan,0.95,1.97,6.37,3.19,0.91,28.77,14.7
design_0276,0.47,0.44,2.91,nan,nan,nan,0.94,1.95,5.96,3.01,0.91,28.7,14.85
design_0277,0.38,0.39,2.8,nan,nan,nan,0.9,1.87,18.92,8.41,0.91,24.67,18.04
design_0278,0.51,0.44,2.99,nan,nan,nan,0.97,2.01,5.8,2.94,0.91,28.78,14.68
design_0279,0.48,0.53,2.88,nan,nan,nan,0.93,1.94,18.67,8.29,0.91,25.2,18.66
design_0280,1.39,0.54,0.62,nan,nan,nan,0.61,0.92,14.92,6.63,0.92,13.24,9.73
design_0281,1.33,0.53,0.61,nan,nan,nan,0.58,0.89,16.55,7.31,0.92,12.07,12.34
design_0282,1.34,0.59,0.61,nan,nan,nan,0.6,0.9,15.89,7.03,0.93,12.66,9.95
design_0283,1.21,0.52,0.65,nan,nan,nan,0.59,0.84,15.4,6.83,0.93,13.75,10.88
design_0284,1.35,0.42,0.68,nan,nan,nan,0.6,0.9,14.72,6.56,0.92,14.3,11.23
design_0285,1.28,0.5,0.64,nan,nan,nan,0.59,0.87,14.93,6.64,0.92,13.64,10.9
design_0286,1.35,0.61,0.58,nan,nan,nan,0.6,0.9,16.73,7.39,0.93,11.33,12.16
design_0287,1.32,0.58,0.66,nan,nan,nan,0.61,0.91,14.92,6.64,0.92,13.59,10.73
design_0288,0.92,0.79,0.87,nan,nan,nan,0.51,0.87,17.69,7.74,0.92,17.26,19.05
design_0289,0.87,0.73,0.45,nan,nan,nan,0.48,0.72,17.41,7.62,0.92,13.7,16.56
design_0290,0.9,0.53,0.69,nan,nan,nan,0.47,0.73,17.36,7.59,0.92,19.5,16.06
design_0291,0.86,0.65,0.61,nan,nan,nan,0.48,0.72,17.32,7.58,0.92,19.04,14.94
design_0292,0.96,0.77,0.73,nan,nan,nan,0.5,0.84,17.23,7.55,0.92,13.34,15.35
design_0293,0.91,0.75,0.45,nan,nan,nan,0.47,0.74,17.21,7.52,0.92,14.98,16.64
design_0294,0.81,0.61,0.55,nan,nan,nan,0.46,0.68,17.18,7.51,0.92,16.09,14.32
design_0295,0.89,0.68,0.66,nan,nan,nan,0.46,0.76,17.65,7.71,0.92,20.39,18.55
design_0296,0.87,0.65,1.53,nan,nan,nan,0.64,1.1,18.17,7.97,0.92,17.87,11.67
design_0297,1.5,0.52,1.5,nan,nan,nan,0.67,1.29,17.23,7.62,0.91,17.0,19.76
design_0298,1.25,0.53,1.45,nan,nan,nan,0.64,1.17,17.16,7.57,0.91,14.2,16.6
design_0299,0.89,0.5,1.29,nan,nan,nan,0.61,0.97,17.2,7.56,0.92,17.09,15.15
design_0300,1.76,0.53,1.36,nan,nan,nan,0.7,1.35,18.43,8.1,0.91,19.11,21.52
design_0301,1.81,0.6,1.54,nan,nan,nan,0.72,1.44,18.46,8.14,0.91,19.35,14.82
design_0302,1.71,0.73,1.9,nan,nan,nan,0.76,1.56,18.85,8.3,0.91,14.39,13.47
design_0303,1.41,0.51,1.75,nan,nan,nan,0.69,1.36,17.64,7.77,0.92,18.71,17.28
design_0304,1.34,1.67,0.44,nan,nan,nan,0.64,1.27,17.25,7.58,0.91,17.24,11.16
design_0305,1.44,1.7,0.77,nan,nan,nan,0.73,1.36,17.24,7.57,0.91,16.59,18.23
design_0306,0.9,1.68,0.74,nan,nan,nan,0.62,1.17,17.98,7.86,0.92,16.96,20.94
design_0307,1.54,1.47,5.07,nan,nan,nan,1.33,3.11,16.89,7.42,0.92,14.66,11.83
design_0308,1.13,1.52,0.45,nan,nan,nan,0.59,1.13,17.76,7.76,0.92,20.89,11.77
design_0309,0.98,1.82,0.6,nan,nan,nan,0.64,1.23,17.48,7.64,0.92,15.31,19.05
design_0310,0.69,1.43,0.61,nan,nan,nan,0.52,0.97,18.06,7.89,0.92,23.59,20.11
design_0311,0.53,1.95,0.48,nan,nan,nan,0.62,1.17,17.34,7.59,0.92,14.9,18.94
design_0312,0.42,0.89,2.2,nan,nan,nan,0.71,1.41,17.73,7.81,0.91,11.19,12.34
design_0313,0.67,0.75,4.34,nan,nan,nan,1.17,2.63,17.1,7.53,0.91,23.02,15.82
design_0314,0.57,0.57,4.81,nan,nan,nan,1.29,2.88,16.14,7.11,0.92,22.21,19.9
design_0315,0.53,0.73,4.76,nan,nan,nan,1.27,2.86,16.38,7.22,0.92,22.21,19.94
design_0316,0.5,0.54,4.64,nan,nan,nan,1.24,2.78,16.56,7.29,0.92,22.5,19.85
design_0317,0.55,0.86,2.36,nan,nan,nan,0.74,1.51,17.03,7.53,0.91,23.75,19.98
design_0318,0.45,0.94,1.71,nan,nan,nan,0.63,1.16,17.6,7.72,0.92,23.71,17.89
design_0319,0.49,0.87,1.9,nan,nan,nan,0.66,1.25,18.56,8.13,0.92,8.88,7.3
design_0320,0.83,0.85,1.03,nan,nan,nan,0.55,0.93,18.17,8.06,0.92,24.71,18.2
design_0321,0.56,0.94,0.7,nan,nan,nan,0.49,0.73,17.31,7.69,0.92,21.35,12.82
design_0322,0.58,0.99,0.83,nan,nan,nan,0.49,0.81,17.57,7.8,0.92,20.83,15.01
design_0323,0.57,0.84,0.85,nan,nan,nan,0.5,0.77,17.3,7.68,0.92,18.52,12.59
design_0324,0.53,0.96,0.99,nan,nan,nan,0.53,0.87,17.6,7.82,0.92,17.12,12.95
design_0325,0.45,0.93,1.04,nan,nan,nan,0.52,0.87,17.95,7.97,0.92,22.21,15.68
design_0326,0.72,0.93,2.81,nan,nan,nan,0.93,1.95,18.45,8.21,0.91,20.89,13.67
design_0327,0.81,0.77,1.09,nan,nan,nan,0.56,0.94,17.92,7.98,0.92,14.38,16.53
design_0328,0.91,0.51,0.95,nan,nan,nan,0.55,0.85,17.33,7.7,0.92,10.01,11.92
design_0329,0.76,0.86,0.65,nan,nan,nan,0.53,0.74,11.77,5.4,0.91,31.32,18.18
design_0330,0.51,0.43,0.92,nan,nan,nan,0.47,0.7,18.16,8.05,0.92,27.59,18.49
design_0331,0.95,0.59,1.07,nan,nan,nan,0.57,0.93,18.0,7.99,0.91,12.69,13.42
design_0332,0.64,0.77,0.98,nan,nan,nan,0.55,0.83,5.34,2.76,0.91,30.42,17.91
design_0333,0.64,3.06,0.99,nan,nan,nan,0.86,1.73,18.37,8.14,0.92,18.95,11.56
design_0334,0.53,0.49,0.93,nan,nan,nan,0.49,0.72,17.98,7.97,0.92,23.96,17.96
design_0335,0.63,0.61,1.03,nan,nan,nan,0.53,0.83,17.67,7.84,0.92,22.66,14.34
design_0336,0.62,0.62,2.79,nan,nan,nan,0.85,1.79,18.2,8.04,0.91,28.92,17.18
design_0337,0.73,0.65,2.45,nan,nan,nan,0.77,1.61,19.1,8.43,0.91,17.24,10.75
design_0338,0.62,0.71,2.62,nan,nan,nan,0.82,1.7,18.47,8.14,0.92,26.38,17.78
design_0339,0.81,0.63,2.33,nan,nan,nan,0.76,1.55,18.44,8.14,0.91,27.75,17.26
design_0340,0.56,0.63,2.8,nan,nan,nan,0.86,1.79,18.79,8.28,0.91,26.18,18.59
design_0341,0.7,0.66,2.46,nan,nan,nan,0.78,1.61,18.62,8.19,0.92,10.47,9.19
design_0342,0.35,0.65,2.99,nan,nan,nan,0.89,1.89,18.62,8.22,0.91,28.64,18.97
design_0343,0.62,0.71,2.54,nan,nan,nan,0.79,1.65,18.91,8.33,0.91,10.49,8.4
design_0344,10.12,20.53,8.68,nan,nan,nan,11.17,14.19,23.71,10.22,0.91,48.63,25.1
design_0345,9.91,20.85,7.87,nan,nan,nan,11.18,14.15,17.62,7.73,0.91,56.19,57.2
design_0346,8.43,20.64,8.0,nan,nan,nan,11.06,13.69,17.21,7.53,0.91,55.51,57.47
design_0347,9.55,20.74,8.06,nan,nan,nan,11.14,14.03,17.43,7.65,0.91,55.58,58.2
design_0348,9.9,20.38,8.42,nan,nan,nan,11.14,14.01,21.36,9.27,0.91,14.69,14.24
design_0349,8.99,21.06,7.48,nan,nan,nan,11.1,13.96,18.02,7.92,0.9,51.31,54.13
design_0350,9.26,20.86,8.07,nan,nan,nan,11.12,14.02,17.99,7.9,0.91,54.18,57.52
design_0351,8.9,20.8,8.02,nan,nan,nan,11.1,13.89,17.69,7.76,0.91,53.98,55.96
design_0352,0.56,0.55,2.63,nan,nan,nan,0.9,1.83,18.2,8.14,0.91,25.72,18.75
design_0353,0.42,0.65,1.4,nan,nan,nan,0.61,1.03,15.75,7.09,0.91,24.84,18.99
design_0354,0.53,0.55,2.44,nan,nan,nan,0.85,1.7,17.28,7.77,0.91,25.28,19.47
design_0355,0.58,0.7,1.71,nan,nan,nan,0.67,1.25,18.05,8.07,0.91,20.98,16.61
design_0356,0.47,0.64,2.43,nan,nan,nan,0.84,1.69,18.77,8.35,0.91,24.62,20.01
design_0357,0.66,0.73,1.88,nan,nan,nan,0.72,1.37,19.68,8.73,0.91,14.01,11.22
design_0358,0.56,0.66,2.5,nan,nan,nan,0.87,1.75,18.41,8.21,0.91,25.4,19.17
design_0359,0.45,0.65,1.4,nan,nan,nan,0.59,1.03,18.57,8.28,0.91,27.05,18.24
design_0360,0.56,1.22,0.9,nan,nan,nan,0.53,0.92,17.57,7.77,0.92,20.83,13.76
design_0361,1.26,1.06,2.16,nan,nan,nan,0.84,1.62,17.31,7.65,0.92,21.55,17.4
design_0362,1.06,0.94,0.87,nan,nan,nan,0.55,0.96,17.45,7.7,0.92,17.19,14.42
design_0363,0.89,0.9,1.05,nan,nan,nan,0.54,0.96,17.03,7.52,0.92,17.51,16.18
design_0364,1.15,1.07,3.34,nan,nan,nan,1.03,2.24,17.0,7.54,0.91,12.4,11.61
design_0365,0.64,1.19,0.72,nan,nan,nan,0.5,0.86,18.12,7.98,0.92,21.98,14.66
design_0366,0.86,1.02,1.42,nan,nan,nan,0.62,1.14,18.23,8.07,0.91,10.68,10.75
design_0367,1.02,0.95,1.0,nan,nan,nan,0.58,0.99,17.4,7.68,0.92,12.55,13.45
design_0368,0.56,0.88,1.05,nan,nan,nan,0.55,0.87,15.86,7.1,0.91,22.87,16.33
design_0369,1.23,0.39,2.08,nan,nan,nan,0.78,1.52,13.43,6.08,0.9,5.43,3.58
design_0370,0.69,0.69,1.61,nan,nan,nan,0.64,1.16,18.11,8.11,0.9,12.92,13.69
design_0371,0.6,0.65,3.94,nan,nan,nan,1.17,2.56,17.99,8.01,0.9,23.48,18.48
design_0372,0.58,0.64,3.35,nan,nan,nan,1.03,2.19,17.83,7.91,0.91,19.15,16.49
design_0373,0.75,0.49,1.56,nan,nan,nan,0.66,1.12,15.15,6.84,0.9,4.13,3.2
design_0374,0.65,0.73,1.67,nan,nan,nan,0.66,1.19,16.06,7.17,0.91,22.78,13.09
design_0375,0.6,0.67,4.33,nan,nan,nan,1.28,2.81,18.26,8.14,0.9,15.35,10.16
design_0376,0.78,0.77,5.88,nan,nan,nan,1.91,4.11,17.73,7.96,0.91,10.54,7.81
design_0377,0.74,0.81,6.7,nan,nan,nan,2.16,4.68,18.92,8.44,0.91,7.71,7.11
design_0378,0.69,0.86,7.8,nan,nan,nan,2.51,5.43,18.88,8.46,0.91,20.8,17.0
design_0379,1.1,0.85,6.42,nan,nan,nan,2.09,4.51,17.39,7.77,0.92,7.38,7.84
design_0380,0.62,0.79,6.6,nan,nan,nan,2.13,4.6,19.0,8.51,0.91,11.39,8.58
design_0381,0.66,0.78,6.61,nan,nan,nan,2.14,4.61,19.16,8.56,0.91,16.92,10.49
design_0382,0.68,0.85,6.42,nan,nan,nan,2.08,4.48,18.91,8.46,0.91,8.45,8.08
design_0383,0.76,0.72,5.15,nan,nan,nan,1.69,3.61,19.3,8.65,0.9,20.18,19.76
design_0384,0.84,0.41,1.4,nan,nan,nan,0.58,0.97,17.69,7.76,0.92,17.22,13.22
design_0385,1.09,0.53,0.57,nan,nan,nan,0.53,0.8,16.93,7.42,0.92,20.51,18.48
design_0386,0.66,0.52,0.93,nan,nan,nan,0.48,0.72,9.27,4.3,0.91,24.47,18.27
design_0387,0.64,0.57,1.19,nan,nan,nan,0.53,0.84,9.02,4.2,0.91,24.63,18.26
design_0388,0.79,0.71,0.6,nan,nan,nan,0.48,0.71,15.9,7.0,0.92,22.14,19.43
design_0389,0.75,0.45,0.93,nan,nan,nan,0.5,0.74,16.9,7.4,0.92,20.57,17.91
design_0390,0.91,0.65,1.29,nan,nan,nan,0.55,0.98,18.77,8.18,0.92,21.72,20.51
design_0391,0.72,0.46,1.06,nan,nan,nan,0.51,0.79,19.98,8.67,0.92,45.74,24.45
design_0392,1.52,0.44,1.91,nan,nan,nan,0.79,1.46,16.43,7.27,0.91,17.1,15.54
design_0393,1.21,1.01,0.55,nan,nan,nan,0.61,0.96,16.93,7.45,0.92,18.93,16.94
design_0394,1.19,0.3,0.66,nan,nan,nan,0.57,0.82,17.73,7.78,0.92,11.74,9.7
design_0395,0.91,0.95,1.93,nan,nan,nan,0.72,1.37,16.95,7.47,0.92,17.74,21.86
design_0396,0.75,0.58,0.73,nan,nan,nan,0.47,0.69,17.38,7.64,0.92,14.0,13.46
design_0397,0.91,0.36,0.69,nan,nan,nan,0.51,0.7,17.47,7.67,0.92,23.91,23.07
design_0398,1.11,0.74,0.72,nan,nan,nan,0.56,0.88,16.27,7.17,0.92,17.81,16.91
design_0399,1.21,0.81,0.56,nan,nan,nan,0.58,0.9,17.21,7.56,0.92,18.64,16.89
design_0400,0.61,0.8,0.57,nan,nan,nan,0.44,0.66,18.22,8.0,0.92,15.79,14.88
design_0401,0.83,1.1,1.45,nan,nan,nan,0.63,1.16,18.01,7.9,0.92,11.03,12.78
design_0402,0.51,0.81,0.44,nan,nan,nan,0.42,0.6,18.31,8.04,0.92,25.54,15.46
design_0403,0.59,0.5,0.98,nan,nan,nan,0.51,0.73,18.54,8.1,0.92,20.87,16.01
design_0404,0.76,0.72,0.55,nan,nan,nan,0.46,0.68,17.67,7.75,0.92,23.17,21.5
design_0405,0.93,0.74,0.81,nan,nan,nan,0.56,0.83,17.89,7.85,0.92,23.07,16.67
design_0406,0.74,0.69,1.34,nan,nan,nan,0.57,0.98,17.75,7.8,0.92,14.28,17.52
design_0407,0.71,0.77,0.69,nan,nan,nan,0.48,0.72,17.29,7.59,0.92,18.85,14.86
design_0408,0.81,0.65,1.08,nan,nan,nan,0.59,0.86,17.15,7.49,0.92,22.86,22.36
design_0409,1.02,0.72,0.96,nan,nan,nan,0.55,0.91,17.58,7.73,0.91,22.35,18.86
design_0410,0.98,0.64,1.58,nan,nan,nan,0.68,1.13,17.48,7.63,0.92,20.86,20.28
design_0411,0.97,0.67,1.53,nan,nan,nan,0.68,1.11,17.08,7.47,0.92,16.24,14.5
design_0412,1.03,0.74,0.71,nan,nan,nan,0.59,0.85,14.92,6.57,0.92,21.81,17.89
design_0413,1.31,0.63,1.54,nan,nan,nan,0.64,1.23,17.44,7.71,0.91,24.17,22.07
design_0414,1.1,0.76,1.74,nan,nan,nan,0.69,1.26,17.47,7.63,0.92,23.55,22.71
design_0415,0.99,0.75,0.52,nan,nan,nan,0.59,0.79,16.98,7.42,0.92,24.91,22.34
design_0416,0.8,0.6,4.24,nan,nan,nan,1.42,2.98,16.24,7.34,0.9,23.38,20.73
design_0417,0.58,0.85,3.69,nan,nan,nan,1.25,2.6,17.55,7.92,0.91,26.07,17.46
design_0418,0.6,0.78,3.59,nan,nan,nan,1.23,2.53,11.82,5.54,0.9,26.94,17.51
design_0419,0.54,0.81,3.23,nan,nan,nan,1.12,2.29,15.22,6.94,0.9,26.48,17.77
design_0420,0.61,0.83,3.48,nan,nan,nan,1.19,2.46,16.41,7.41,0.91,25.44,18.25
design_0421,0.79,0.74,4.32,nan,nan,nan,1.44,3.04,15.54,7.03,0.91,22.46,18.51
design_0422,0.85,0.95,4.05,nan,nan,nan,1.37,2.88,21.33,9.45,0.91,25.41,12.95
design_0423,0.55,0.85,3.3,nan,nan,nan,1.13,2.34,17.57,7.91,0.91,25.11,18.21
design_0424,0.44,0.52,0.37,nan,nan,nan,0.38,0.45,17.81,7.77,0.92,19.58,17.28
design_0425,0.34,0.46,0.34,nan,nan,nan,0.37,0.38,17.54,7.66,0.92,12.89,6.53
design_0426,0.38,0.47,0.29,nan,nan,nan,0.38,0.39,17.41,7.59,0.92,17.74,9.04
design_0427,0.4,0.51,0.37,nan,nan,nan,0.39,0.43,17.06,7.45,0.92,27.76,19.87
design_0428,0.4,0.47,0.38,nan,nan,nan,0.38,0.42,18.45,8.02,0.92,19.49,11.36
design_0429,0.37,0.49,0.32,nan,nan,nan,0.38,0.4,17.5,7.64,0.92,26.01,15.85
design_0430,0.45,0.5,0.33,nan,nan,nan,0.38,0.43,17.45,7.62,0.92,16.2,17.08
design_0431,0.43,0.49,0.35,nan,nan,nan,0.38,0.43,17.12,7.48,0.92,14.0,10.84
design_0432,1.37,0.37,1.41,nan,nan,nan,0.63,1.15,16.78,7.36,0.91,21.08,19.83
design_0433,1.42,0.4,1.74,nan,nan,nan,0.71,1.3,15.9,7.01,0.91,19.56,17.75
design_0434,1.65,0.65,1.3,nan,nan,nan,0.67,1.3,15.94,7.02,0.92,21.25,22.45
design_0435,1.5,0.36,1.26,nan,nan,nan,0.65,1.17,16.84,7.4,0.91,19.98,18.2
design_0436,1.5,0.44,1.65,nan,nan,nan,0.69,1.3,16.29,7.18,0.91,17.71,16.39
design_0437,1.36,0.35,1.51,nan,nan,nan,0.62,1.18,16.5,7.24,0.91,22.6,22.08
design_0438,1.32,0.49,1.54,nan,nan,nan,0.62,1.19,17.06,7.5,0.91,22.36,22.68
design_0439,1.17,0.63,1.56,nan,nan,nan,0.61,1.15,16.8,7.39,0.91,21.01,21.58
design_0440,0.53,0.33,0.63,nan,nan,nan,0.43,0.51,14.89,6.58,0.91,25.14,18.3
design_0441,0.54,0.41,0.93,nan,nan,nan,0.45,0.66,19.61,8.51,0.92,26.81,19.8
design_0442,0.46,0.36,0.89,nan,nan,nan,0.45,0.61,18.43,8.02,0.92,12.38,14.43
design_0443,0.57,0.39,0.92,nan,nan,nan,0.44,0.66,17.61,7.69,0.92,20.42,16.84
design_0444,0.44,0.44,0.81,nan,nan,nan,0.43,0.59,16.7,7.32,0.92,17.98,15.93
design_0445,0.51,0.34,0.67,nan,nan,nan,0.46,0.52,17.55,7.67,0.92,11.87,14.08
design_0446,0.54,0.4,0.6,nan,nan,nan,0.41,0.52,17.71,7.73,0.92,24.19,16.62
design_0447,0.53,0.29,0.73,nan,nan,nan,0.45,0.55,16.48,7.22,0.92,11.28,9.86
design_0448,1.29,0.73,1.38,nan,nan,nan,0.73,1.22,15.79,7.07,0.92,9.2,7.15
design_0449,1.06,0.36,0.96,nan,nan,nan,0.59,0.88,16.84,7.5,0.92,9.14,6.33
design_0450,1.03,0.58,0.93,nan,nan,nan,0.58,0.89,18.07,8.03,0.92,16.2,13.35
design_0451,1.09,0.6,1.41,nan,nan,nan,0.68,1.16,15.68,7.02,0.92,7.32,5.61
design_0452,1.26,0.72,1.22,nan,nan,nan,0.7,1.13,17.31,7.7,0.92,7.13,6.71
design_0453,1.08,0.66,1.22,nan,nan,nan,0.62,1.06,16.19,7.23,0.92,8.91,6.26
design_0454,0.97,0.4,7.14,nan,nan,nan,2.23,4.87,18.37,8.22,0.91,22.43,20.03
design_0455,1.03,0.29,1.4,nan,nan,nan,0.68,1.11,17.87,7.94,0.92,24.98,24.18
design_0456,1.18,0.37,0.72,nan,nan,nan,0.54,0.83,17.4,7.74,0.92,19.04,19.31
design_0457,0.85,0.52,1.62,nan,nan,nan,0.7,1.22,17.16,7.64,0.92,14.22,12.62
design_0458,0.7,0.46,0.78,nan,nan,nan,0.51,0.69,15.87,7.12,0.92,8.66,6.22
design_0459,0.6,0.63,1.49,nan,nan,nan,0.67,1.1,14.12,6.39,0.91,12.29,11.28
design_0460,1.22,0.6,0.94,nan,nan,nan,0.62,0.96,16.37,7.35,0.91,16.67,10.55
design_0461,0.8,0.57,2.75,nan,nan,nan,0.97,1.93,18.54,8.27,0.91,26.93,20.07
design_0462,0.61,0.47,1.7,nan,nan,nan,0.68,1.22,17.07,7.6,0.92,13.84,12.02
design_0463,1.48,0.64,0.78,nan,nan,nan,0.63,1.01,15.69,7.07,0.91,15.05,13.49
design_0464,0.52,0.67,3.42,nan,nan,nan,1.02,2.24,13.94,6.36,0.9,22.29,17.4
design_0465,0.66,0.56,2.92,nan,nan,nan,0.9,1.92,17.6,7.85,0.91,24.68,17.19
design_0466,0.82,0.52,3.83,nan,nan,nan,1.15,2.5,17.23,7.72,0.9,23.06,16.58
design_0467,0.53,0.73,5.85,nan,nan,nan,1.68,3.78,13.87,6.31,0.9,23.03,17.21
design_0468,0.65,0.65,6.11,nan,nan,nan,1.74,3.94,17.33,7.74,0.91,21.68,18.74
design_0469,0.5,0.59,5.0,nan,nan,nan,1.44,3.23,16.65,7.48,0.9,22.39,17.18
design_0470,0.43,0.72,4.19,nan,nan,nan,1.23,2.72,17.27,7.71,0.9,22.0,16.19
design_0471,0.53,0.61,3.87,nan,nan,nan,1.14,2.51,15.38,6.93,0.9,22.89,16.83
design_0472,0.55,1.01,2.06,nan,nan,nan,0.7,1.41,17.57,7.72,0.92,26.95,22.25
design_0473,0.77,0.82,1.4,nan,nan,nan,0.58,1.07,18.1,7.95,0.92,26.86,19.3
design_0474,0.68,0.76,1.25,nan,nan,nan,0.55,0.96,17.34,7.64,0.91,12.02,9.24
design_0475,0.65,0.77,2.09,nan,nan,nan,0.71,1.41,17.09,7.53,0.92,12.8,13.53
design_0476,0.45,0.9,0.97,nan,nan,nan,0.49,0.81,17.19,7.57,0.92,3.68,4.4
design_0477,0.77,0.93,1.82,nan,nan,nan,0.67,1.31,17.73,7.8,0.92,27.97,19.48
design_0478,0.54,0.77,1.6,nan,nan,nan,0.6,1.11,17.43,7.67,0.92,26.62,19.38
design_0479,0.79,0.91,1.32,nan,nan,nan,0.57,1.05,17.99,7.9,0.92,22.33,10.59
design_0480,0.42,0.87,3.16,nan,nan,nan,1.01,2.14,17.6,7.86,0.91,12.82,6.74
design_0481,0.43,0.87,2.86,nan,nan,nan,0.94,1.95,15.51,7.0,0.91,10.24,7.04
design_0482,0.48,0.93,3.9,nan,nan,nan,1.22,2.63,17.88,7.93,0.92,11.14,9.31
design_0483,0.49,0.73,3.48,nan,nan,nan,1.1,2.34,18.22,8.11,0.91,14.91,12.28
design_0484,0.41,0.98,3.53,nan,nan,nan,1.12,2.39,18.11,8.04,0.92,16.2,10.88
design_0485,0.45,0.85,2.66,nan,nan,nan,0.9,1.83,17.95,8.01,0.91,3.91,4.04
design_0486,0.42,0.99,3.58,nan,nan,nan,1.13,2.42,18.2,8.09,0.92,25.88,16.09
design_0487,0.48,0.96,3.5,nan,nan,nan,1.11,2.37,17.86,7.97,0.91,10.75,5.67
design_0488,0.54,0.49,2.41,nan,nan,nan,0.86,1.71,14.05,6.4,0.91,20.62,16.6
design_0489,0.61,0.46,3.28,nan,nan,nan,1.12,2.3,16.61,7.44,0.92,18.76,15.24
design_0490,0.56,0.55,2.78,nan,nan,nan,0.99,1.97,10.96,5.12,0.9,19.98,16.35
design_0491,0.64,0.53,2.19,nan,nan,nan,0.82,1.58,14.83,6.72,0.91,21.24,17.39
design_0492,0.59,0.42,2.91,nan,nan,nan,1.01,2.05,14.97,6.77,0.91,17.75,15.27
design_0493,0.56,0.44,2.79,nan,nan,nan,0.97,1.97,17.29,7.75,0.91,16.52,12.67
design_0494,0.72,0.51,2.19,nan,nan,nan,0.8,1.58,13.66,6.23,0.91,21.26,17.15
design_0495,0.54,0.61,2.56,nan,nan,nan,0.93,1.82,11.53,5.35,0.91,21.72,17.52
design_0496,0.73,0.53,6.43,nan,nan,nan,1.93,4.27,19.25,8.6,0.9,22.18,17.28
design_0497,0.73,0.45,6.23,nan,nan,nan,1.87,4.13,19.45,8.66,0.91,21.98,20.84
design_0498,1.05,0.71,6.27,nan,nan,nan,1.9,4.19,18.88,8.42,0.91,20.85,14.89
design_0499,0.77,0.54,6.68,nan,nan,nan,2.0,4.43,19.12,8.53,0.91,25.53,17.76
design_0500,0.87,0.48,6.39,nan,nan,nan,1.92,4.25,19.26,8.57,0.91,19.65,19.54
design_0501,0.75,0.4,6.52,nan,nan,nan,1.95,4.32,18.8,8.37,0.91,21.95,16.39
design_0502,0.71,0.43,6.7,nan,nan,nan,2.0,4.44,19.27,8.6,0.91,13.24,10.95
design_0503,0.75,0.43,6.93,nan,nan,nan,2.07,4.59,18.84,8.39,0.91,12.61,14.09
design_0504,0.53,1.15,2.33,nan,nan,nan,0.77,1.59,18.6,8.21,0.91,18.83,17.93
design_0505,0.71,1.11,2.51,nan,nan,nan,0.81,1.71,17.59,7.79,0.91,22.44,18.37
design_0506,0.61,0.92,2.17,nan,nan,nan,0.71,1.47,18.13,8.0,0.92,21.89,17.44
design_0507,0.56,0.89,2.39,nan,nan,nan,0.75,1.58,18.26,8.06,0.92,15.97,12.08
design_0508,0.47,0.83,2.09,nan,nan,nan,0.68,1.39,19.17,8.42,0.92,14.67,7.59
design_0509,0.6,0.91,2.44,nan,nan,nan,0.77,1.62,18.31,8.06,0.92,19.97,18.28
design_0510,0.69,0.91,2.79,nan,nan,nan,0.86,1.84,17.83,7.87,0.92,13.42,14.33
design_0511,0.62,0.86,2.27,nan,nan,nan,0.73,1.52,18.05,7.97,0.92,22.92,17.09
design_0512,0.73,0.83,2.45,nan,nan,nan,0.84,1.72,18.16,8.06,0.91,24.85,18.51
design_0513,0.59,0.84,2.38,nan,nan,nan,0.83,1.66,18.32,8.17,0.91,24.23,17.15
design_0514,0.72,0.82,3.63,nan,nan,nan,1.15,2.46,18.01,8.06,0.9,30.25,17.96
design_0515,0.66,0.86,2.22,nan,nan,nan,0.79,1.57,18.75,8.41,0.9,24.88,17.62
design_0516,0.77,0.78,4.78,nan,nan,nan,1.46,3.2,18.37,8.25,0.9,21.6,18.33
design_0517,0.57,0.94,2.36,nan,nan,nan,0.81,1.66,17.64,7.86,0.91,26.27,18.36
design_0518,0.6,0.85,2.6,nan,nan,nan,0.88,1.8,17.52,7.91,0.89,25.75,19.05
design_0519,0.75,0.74,4.16,nan,nan,nan,1.29,2.8,19.47,8.7,0.9,18.56,16.38
design_0520,0.63,0.54,2.03,nan,nan,nan,0.68,1.29,17.25,7.58,0.92,13.01,16.16
design_0521,0.54,0.57,2.01,nan,nan,nan,0.67,1.27,17.79,7.82,0.92,23.05,16.33
design_0522,0.46,0.65,1.73,nan,nan,nan,0.6,1.12,17.89,7.86,0.92,24.82,16.65
design_0523,0.51,0.69,1.78,nan,nan,nan,0.62,1.16,18.14,7.97,0.92,17.77,15.09
design_0524,0.48,0.54,1.91,nan,nan,nan,0.66,1.2,18.04,7.92,0.92,14.43,17.91
design_0525,0.63,0.72,2.2,nan,nan,nan,0.72,1.41,17.37,7.64,0.92,11.9,13.62
design_0526,0.64,0.65,2.12,nan,nan,nan,0.7,1.36,18.16,7.96,0.92,11.94,15.28
design_0527,0.59,0.64,1.99,nan,nan,nan,0.68,1.27,17.45,7.68,0.92,14.83,15.3
design_0528,0.89,1.28,0.58,nan,nan,nan,0.58,0.93,10.94,5.02,0.91,10.01,5.43
design_0529,0.48,1.39,0.43,nan,nan,nan,0.5,0.84,6.0,3.0,0.91,11.9,6.11
design_0530,0.71,1.22,2.57,nan,nan,nan,0.83,1.76,17.91,7.93,0.91,7.97,6.82
design_0531,0.52,1.09,0.8,nan,nan,nan,0.54,0.82,10.84,4.99,0.91,4.97,3.7
design_0532,0.77,1.42,0.45,nan,nan,nan,0.53,0.92,4.1,2.23,0.92,11.98,6.26
design_0533,0.92,1.3,0.67,nan,nan,nan,0.6,0.97,11.16,5.11,0.91,9.71,5.5
design_0534,0.87,1.49,2.17,nan,nan,nan,0.79,1.64,18.64,8.22,0.91,26.82,17.75
design_0535,0.64,0.68,0.58,nan,nan,nan,0.5,0.63,9.22,4.32,0.91,6.44,3.44
design_0536,0.95,0.53,0.73,nan,nan,nan,0.5,0.76,16.13,7.27,0.92,23.49,20.68
design_0537,0.75,0.42,0.71,nan,nan,nan,0.52,0.67,5.37,2.79,0.91,22.16,21.94
design_0538,1.1,0.7,1.41,nan,nan,nan,0.68,1.2,18.6,8.31,0.92,12.62,7.38
design_0539,0.94,0.61,0.81,nan,nan,nan,0.54,0.81,17.17,7.73,0.91,21.49,18.6
design_0540,0.96,0.57,0.72,nan,nan,nan,0.56,0.76,14.88,6.76,0.91,12.58,6.2
design_0541,0.89,0.37,0.61,nan,nan,nan,0.5,0.66,13.89,6.33,0.91,22.65,21.34
design_0542,1.21,0.76,1.08,nan,nan,nan,0.64,1.05,16.41,7.41,0.91,22.66,20.35
design_0543,0.83,0.73,0.7,nan,nan,nan,0.51,0.74,16.69,7.52,0.92,10.26,6.34
design_0544,1.18,0.55,2.07,nan,nan,nan,0.71,1.44,17.9,7.88,0.91,19.65,17.93
design_0545,0.73,0.61,2.57,nan,nan,nan,0.77,1.62,17.45,7.7,0.91,23.01,18.18
design_0546,0.79,0.47,0.82,nan,nan,nan,0.5,0.72,17.72,7.78,0.92,18.41,15.09
design_0547,3.23,0.51,2.86,nan,nan,nan,1.16,2.57,16.93,7.51,0.91,21.71,17.03
design_0548,1.22,0.5,2.77,nan,nan,nan,0.89,1.81,17.81,7.79,0.92,25.02,15.96
design_0549,1.13,0.39,2.91,nan,nan,nan,0.88,1.86,17.39,7.67,0.91,15.63,14.4
design_0550,1.19,0.5,2.87,nan,nan,nan,0.91,1.86,17.45,7.66,0.92,21.35,20.33
design_0551,1.25,0.5,3.16,nan,nan,nan,0.96,2.03,17.46,7.65,0.92,19.13,17.41
design_0552,0.68,0.64,0.7,nan,nan,nan,0.48,0.68,14.92,6.78,0.91,5.27,6.65
design_0553,0.71,0.46,0.62,nan,nan,nan,0.42,0.61,3.66,2.08,0.92,2.53,2.5
design_0554,0.79,0.8,0.8,nan,nan,nan,0.51,0.8,18.57,8.32,0.91,20.19,19.19
design_0555,0.68,0.62,0.81,nan,nan,nan,0.48,0.73,16.65,7.49,0.92,5.48,6.2
design_0556,1.25,0.52,3.85,nan,nan,nan,1.37,2.81,8.79,4.29,0.89,9.88,9.94
design_0557,0.83,0.31,1.33,nan,nan,nan,0.62,1.05,4.5,2.46,0.91,1.05,1.47
design_0558,0.74,0.36,0.9,nan,nan,nan,0.49,0.77,4.46,2.41,0.92,2.29,1.96
design_0559,0.72,0.62,0.69,nan,nan,nan,0.48,0.68,14.08,6.43,0.91,9.77,10.91
design_0560,1.06,0.5,0.87,nan,nan,nan,0.53,0.86,17.83,7.81,0.92,15.07,18.56
design_0561,0.4,0.56,0.77,nan,nan,nan,0.41,0.6,17.84,7.82,0.92,22.19,15.33
design_0562,0.51,0.45,0.98,nan,nan,nan,0.49,0.7,17.88,7.84,0.92,16.36,20.75
design_0563,0.56,0.37,1.13,nan,nan,nan,0.49,0.77,17.68,7.75,0.92,18.63,15.3
design_0564,0.48,0.49,0.66,nan,nan,nan,0.4,0.55,17.23,7.56,0.92,14.55,8.52
design_0565,0.79,0.5,2.49,nan,nan,nan,0.78,1.57,17.23,7.56,0.92,15.77,16.75
design_0566,0.86,0.5,2.55,nan,nan,nan,0.81,1.61,17.18,7.54,0.92,15.16,14.47
design_0567,0.41,0.56,0.82,nan,nan,nan,0.44,0.62,17.54,7.69,0.92,12.42,8.31
design_0568,1.4,0.5,0.63,nan,nan,nan,0.55,0.89,16.51,7.41,0.91,5.05,3.33
design_0569,0.86,0.62,0.64,nan,nan,nan,0.49,0.7,15.65,7.06,0.91,19.17,17.19
design_0570,1.26,0.51,0.55,nan,nan,nan,0.5,0.81,15.95,7.17,0.92,12.0,12.47
design_0571,1.14,0.33,0.51,nan,nan,nan,0.51,0.72,14.33,6.49,0.92,20.58,20.47
design_0572,1.1,0.27,0.57,nan,nan,nan,0.48,0.72,14.48,6.55,0.91,2.62,3.53
design_0573,1.15,0.31,0.55,nan,nan,nan,0.48,0.74,13.65,6.2,0.91,8.95,9.68
design_0574,1.33,0.63,0.51,nan,nan,nan,0.5,0.85,12.11,5.56,0.91,19.56,18.06
design_0575,1.16,0.4,0.57,nan,nan,nan,0.51,0.76,12.79,5.84,0.91,3.18,3.87
design_0576,1.13,0.79,2.26,nan,nan,nan,0.78,1.56,18.33,8.04,0.91,20.1,18.19
design_0577,1.08,0.73,2.02,nan,nan,nan,0.71,1.41,19.27,8.43,0.91,16.01,16.19
design_0578,1.21,0.81,2.13,nan,nan,nan,0.76,1.52,17.07,7.52,0.91,23.25,20.33
design_0579,1.23,1.06,0.57,nan,nan,nan,0.6,0.99,17.25,7.58,0.92,22.28,17.36
design_0580,1.12,0.98,2.0,nan,nan,nan,0.73,1.46,17.77,7.81,0.91,19.75,16.45
design_0581,0.87,0.89,1.85,nan,nan,nan,0.66,1.3,18.55,8.13,0.91,19.1,19.18
design_0582,1.11,0.86,2.0,nan,nan,nan,0.71,1.43,18.06,7.92,0.92,10.22,9.02
design_0583,1.39,1.08,1.93,nan,nan,nan,0.75,1.52,18.01,7.9,0.92,13.56,10.61
design_0584,0.43,0.92,1.82,nan,nan,nan,0.68,1.31,16.47,7.36,0.91,22.23,16.48
design_0585,0.47,0.74,2.05,nan,nan,nan,0.72,1.43,16.42,7.34,0.91,22.14,17.88
design_0586,0.43,0.9,1.72,nan,nan,nan,0.67,1.25,16.57,7.44,0.91,22.68,18.23
design_0587,0.44,0.86,1.94,nan,nan,nan,0.7,1.38,17.19,7.72,0.9,20.43,19.4
design_0588,0.35,1.18,1.49,nan,nan,nan,0.62,1.17,17.77,7.91,0.91,8.35,7.5
design_0589,0.57,0.74,2.23,nan,nan,nan,0.78,1.55,19.46,8.65,0.91,20.98,18.58
design_0590,0.59,1.07,7.04,nan,nan,nan,2.1,4.69,18.1,8.02,0.92,23.69,16.67
design_0591,0.42,0.89,1.67,nan,nan,nan,0.66,1.21,15.4,6.94,0.91,22.76,18.89
design_0592,1.15,0.28,1.31,nan,nan,nan,0.61,1.06,16.99,7.5,0.92,19.41,16.52
design_0593,1.0,0.38,1.42,nan,nan,nan,0.6,1.07,17.44,7.69,0.92,17.35,14.44
design_0594,0.97,0.47,1.43,nan,nan,nan,0.6,1.07,18.0,7.92,0.92,24.49,16.92
design_0595,1.14,0.37,1.37,nan,nan,nan,0.61,1.09,16.98,7.5,0.92,21.18,18.4
design_0596,0.99,0.32,1.45,nan,nan,nan,0.59,1.08,16.87,7.44,0.92,19.45,16.26
design_0597,1.03,0.43,1.46,nan,nan,nan,0.63,1.11,17.61,7.74,0.92,17.27,14.64
design_0598,0.8,0.37,1.56,nan,nan,nan,0.6,1.09,17.32,7.62,0.92,16.62,14.26
design_0599,0.99,0.32,1.22,nan,nan,nan,0.59,0.96,17.17,7.58,0.92,14.0,16.49
design_0600,2.79,0.69,4.3,nan,nan,nan,1.52,3.29,18.46,8.28,0.9,13.73,9.24
design_0601,0.96,0.84,1.56,nan,nan,nan,0.67,1.25,16.54,7.44,0.91,19.85,16.86
design_0602,0.67,0.52,1.8,nan,nan,nan,0.69,1.3,16.72,7.48,0.91,8.55,8.69
design_0603,1.0,0.75,1.32,nan,nan,nan,0.62,1.11,16.2,7.29,0.91,20.52,16.71
design_0604,0.89,0.39,1.86,nan,nan,nan,0.71,1.36,10.08,4.72,0.91,4.72,3.06
design_0605,0.83,0.52,1.93,nan,nan,nan,0.74,1.41,4.61,2.49,0.91,4.4,2.16
design_0606,0.72,0.78,1.71,nan,nan,nan,0.66,1.28,17.53,7.82,0.91,17.04,13.96
design_0607,0.97,0.81,1.19,nan,nan,nan,0.58,1.04,17.5,7.82,0.91,4.16,4.18
design_0608,0.92,0.41,2.06,nan,nan,nan,0.82,1.49,15.45,6.96,0.91,23.41,17.45
design_0609,0.69,0.46,2.0,nan,nan,nan,0.78,1.43,14.96,6.78,0.9,13.71,11.46
design_0610,1.67,0.53,0.93,nan,nan,nan,0.74,1.13,11.7,5.38,0.91,12.83,10.34
design_0611,1.16,0.52,1.58,nan,nan,nan,0.75,1.27,16.7,7.48,0.91,17.66,13.35
design_0612,0.8,0.52,1.97,nan,nan,nan,0.76,1.42,17.95,8.01,0.91,18.83,16.86
design_0613,1.45,0.51,1.35,nan,nan,nan,0.73,1.23,16.09,7.2,0.92,16.37,12.09
design_0614,1.23,0.47,2.24,nan,nan,nan,0.87,1.67,14.48,6.6,0.9,4.11,3.93
design_0615,1.31,0.54,1.48,nan,nan,nan,0.75,1.26,16.44,7.36,0.91,16.5,12.29
design_0616,1.39,0.62,2.2,nan,nan,nan,0.81,1.57,17.89,7.85,0.92,18.89,15.16
design_0617,0.98,0.53,0.4,nan,nan,nan,0.59,0.69,17.21,7.53,0.93,20.33,15.18
design_0618,1.2,0.66,2.33,nan,nan,nan,0.78,1.59,17.47,7.68,0.92,17.26,13.34
design_0619,1.44,0.61,3.18,nan,nan,nan,1.02,2.09,16.84,7.4,0.92,14.96,14.39
design_0620,1.78,0.48,3.18,nan,nan,nan,1.02,2.17,17.21,7.57,0.92,14.71,12.78
design_0621,1.07,0.58,3.26,nan,nan,nan,0.99,2.05,16.9,7.42,0.92,14.47,13.43
design_0622,1.27,0.5,0.73,nan,nan,nan,0.65,0.91,17.55,7.7,0.92,13.92,10.61
design_0623,1.41,0.59,1.61,nan,nan,nan,0.72,1.3,17.79,7.8,0.92,7.22,4.67
design_0624,1.13,0.31,1.46,nan,nan,nan,0.61,1.14,18.77,8.31,0.91,16.94,13.46
design_0625,0.95,0.3,1.79,nan,nan,nan,0.67,1.27,18.84,8.32,0.92,24.54,17.9
design_0626,1.01,0.29,1.33,nan,nan,nan,0.62,1.04,17.8,7.88,0.92,17.28,17.63
design_0627,1.05,0.3,1.33,nan,nan,nan,0.58,1.05,17.7,7.83,0.92,20.91,18.18
design_0628,1.06,0.38,1.14,nan,nan,nan,0.57,0.96,17.37,7.69,0.92,15.98,15.58
design_0629,1.15,1.01,1.22,nan,nan,nan,0.64,1.14,17.04,7.57,0.92,14.35,14.39
design_0630,1.02,0.35,1.69,nan,nan,nan,0.63,1.24,18.09,8.01,0.92,18.0,18.2
design_0631,0.98,0.35,1.4,nan,nan,nan,0.6,1.07,17.98,7.95,0.92,21.95,17.3
design_0632,1.35,1.17,0.85,nan,nan,nan,0.63,1.08,17.04,7.68,0.91,22.9,21.39
design_0633,1.28,0.56,1.37,nan,nan,nan,0.68,1.2,16.9,7.6,0.92,23.92,19.44
design_0634,1.02,0.35,1.6,nan,nan,nan,0.7,1.26,16.69,7.53,0.91,24.7,19.2
design_0635,1.58,0.94,2.03,nan,nan,nan,0.88,1.71,16.72,7.56,0.91,23.92,19.68
design_0636,1.63,1.21,1.18,nan,nan,nan,0.72,1.32,18.1,8.14,0.91,23.71,21.22
design_0637,1.33,0.73,1.32,nan,nan,nan,0.67,1.21,17.77,8.0,0.91,24.36,21.58
design_0638,0.96,0.36,1.72,nan,nan,nan,0.73,1.32,16.58,7.51,0.91,24.0,19.25
design_0639,1.52,1.27,1.22,nan,nan,nan,0.73,1.32,19.0,8.52,0.91,24.3,21.91
design_0640,0.66,0.61,1.31,nan,nan,nan,0.58,0.99,18.31,8.13,0.92,16.96,16.02
design_0641,1.18,0.52,1.37,nan,nan,nan,0.65,1.14,18.71,8.3,0.92,12.25,11.28
design_0642,1.11,0.54,2.85,nan,nan,nan,0.97,1.99,18.62,8.27,0.91,15.8,15.02
design_0643,0.81,0.64,1.19,nan,nan,nan,0.58,0.96,18.04,8.01,0.92,9.19,9.0
design_0644,0.8,0.6,2.25,nan,nan,nan,0.81,1.58,18.2,8.08,0.92,16.86,15.42
design_0645,0.95,0.61,1.28,nan,nan,nan,0.61,1.04,17.56,7.8,0.92,16.52,16.27
design_0646,0.71,0.66,1.64,nan,nan,nan,0.66,1.2,18.09,8.03,0.92,16.26,15.49
design_0647,0.9,0.67,1.46,nan,nan,nan,0.64,1.14,17.6,7.81,0.92,14.59,13.09
design_0648,1.34,1.12,2.33,nan,nan,nan,0.87,1.7,15.03,6.65,0.92,17.02,18.38
design_0649,0.81,0.66,0.78,nan,nan,nan,0.53,0.76,17.26,7.6,0.92,14.51,15.34
design_0650,0.49,0.59,0.71,nan,nan,nan,0.47,0.6,17.6,7.71,0.92,12.19,13.59
design_0651,1.11,1.0,1.89,nan,nan,nan,0.75,1.41,17.37,7.62,0.92,16.08,12.01
design_0652,0.47,0.82,0.69,nan,nan,nan,0.47,0.67,17.37,7.62,0.92,16.31,18.77
design_0653,0.85,1.12,2.57,nan,nan,nan,0.87,1.71,16.44,7.22,0.92,15.28,13.37
design_0654,0.95,1.1,2.4,nan,nan,nan,0.85,1.64,16.77,7.36,0.92,16.15,17.15
design_0655,1.39,1.18,2.73,nan,nan,nan,0.96,1.92,16.19,7.13,0.92,15.23,13.69
design_0656,1.1,0.57,2.34,nan,nan,nan,0.73,1.51,17.52,7.7,0.91,21.84,20.27
design_0657,1.37,0.47,4.0,nan,nan,nan,1.09,2.41,17.69,7.78,0.91,12.03,13.44
design_0658,1.34,0.61,2.56,nan,nan,nan,0.78,1.69,17.32,7.6,0.92,23.36,21.28
design_0659,0.85,0.83,2.35,nan,nan,nan,0.71,1.49,15.25,6.77,0.91,9.77,10.18
design_0660,1.15,0.35,2.66,nan,nan,nan,0.79,1.66,16.52,7.29,0.91,7.02,7.72
design_0661,1.28,0.64,2.4,nan,nan,nan,0.74,1.6,15.5,6.86,0.91,22.16,21.15
design_0662,1.4,0.5,4.49,nan,nan,nan,1.17,2.68,16.68,7.36,0.91,8.01,8.36
design_0663,1.24,0.44,2.29,nan,nan,nan,0.77,1.51,16.38,7.24,0.91,8.98,9.31
design_0664,1.13,0.87,1.69,nan,nan,nan,0.66,1.32,18.42,8.12,0.92,20.78,14.79
design_0665,1.24,1.06,1.59,nan,nan,nan,0.69,1.34,17.29,7.65,0.92,15.23,18.45
design_0666,1.06,0.96,1.26,nan,nan,nan,0.58,1.12,17.61,7.76,0.92,21.26,18.95
design_0667,1.26,0.9,1.33,nan,nan,nan,0.61,1.2,17.64,7.76,0.92,19.71,18.89
design_0668,1.38,1.41,1.18,nan,nan,nan,0.69,1.31,17.27,7.63,0.92,17.14,19.52
design_0669,3.18,0.68,1.5,nan,nan,nan,0.97,2.09,18.06,8.01,0.91,19.71,16.98
design_0670,1.27,0.99,1.22,nan,nan,nan,0.61,1.18,17.79,7.82,0.92,15.64,14.36
design_0671,2.82,0.81,1.59,nan,nan,nan,0.9,1.95,18.41,8.13,0.91,20.53,19.64
design_0672,0.35,0.67,1.78,nan,nan,nan,0.58,1.09,17.54,7.67,0.92,23.12,17.3
design_0673,0.41,0.68,1.17,nan,nan,nan,0.48,0.8,17.97,7.83,0.92,26.35,16.83
design_0674,0.72,0.8,2.83,nan,nan,nan,0.83,1.71,17.11,7.5,0.92,11.95,11.67
design_0675,0.48,0.66,1.32,nan,nan,nan,0.52,0.88,17.22,7.53,0.92,22.54,18.52
design_0676,0.33,0.7,0.67,nan,nan,nan,0.4,0.58,17.47,7.62,0.92,15.52,15.56
design_0677,0.34,0.67,1.0,nan,nan,nan,0.45,0.71,17.92,7.82,0.92,18.2,14.56
design_0678,0.38,0.57,0.88,nan,nan,nan,0.46,0.63,17.28,7.55,0.92,13.63,16.14
design_0679,0.4,0.56,1.53,nan,nan,nan,0.55,0.95,16.93,7.41,0.92,11.37,11.53
design_0680,1.0,0.34,3.02,nan,nan,nan,0.78,1.72,17.85,7.8,0.91,20.81,18.93
design_0681,1.49,1.04,0.93,nan,nan,nan,0.73,1.21,16.44,7.22,0.91,9.92,11.89
design_0682,1.48,0.98,1.01,nan,nan,nan,0.71,1.21,16.65,7.31,0.91,10.55,12.44
design_0683,1.43,0.99,3.51,nan,nan,nan,1.0,2.13,15.68,6.91,0.91,7.82,9.05
design_0684,1.23,0.29,2.72,nan,nan,nan,0.78,1.64,17.71,7.75,0.91,17.41,9.81
design_0685,1.41,0.91,0.89,nan,nan,nan,0.67,1.13,16.34,7.18,0.91,10.51,11.43
design_0686,1.52,1.29,1.01,nan,nan,nan,0.76,1.32,16.96,7.44,0.91,10.42,12.62
design_0687,1.35,0.61,1.14,nan,nan,nan,0.63,1.09,16.88,7.41,0.91,9.57,11.18
design_0688,0.75,0.64,1.26,nan,nan,nan,0.61,1.01,17.58,7.91,0.9,23.06,20.94
design_0689,0.85,0.73,2.09,nan,nan,nan,0.81,1.56,18.98,8.5,0.91,13.49,9.51
design_0690,0.68,0.74,1.48,nan,nan,nan,0.68,1.14,13.52,6.22,0.9,25.41,19.1
design_0691,1.23,0.51,2.26,nan,nan,nan,0.86,1.72,17.74,7.99,0.91,22.41,18.1
design_0692,0.78,0.62,1.67,nan,nan,nan,0.69,1.27,18.03,8.11,0.91,21.84,18.5
design_0693,0.82,0.51,1.26,nan,nan,nan,0.62,1.0,17.06,7.7,0.9,12.27,13.83
design_0694,0.84,0.58,1.34,nan,nan,nan,0.62,1.06,18.44,8.26,0.91,24.48,23.14
design_0695,0.87,0.68,1.39,nan,nan,nan,0.65,1.12,17.71,7.97,0.91,22.23,19.14
design_0696,0.75,0.63,1.16,nan,nan,nan,0.53,0.89,17.35,7.64,0.92,19.28,16.23
design_0697,0.67,0.41,1.84,nan,nan,nan,0.67,1.18,17.58,7.7,0.92,16.13,18.09
design_0698,0.71,0.5,1.42,nan,nan,nan,0.59,0.98,17.98,7.9,0.92,13.53,14.42
design_0699,0.66,0.4,1.32,nan,nan,nan,0.58,0.9,17.48,7.7,0.92,13.46,17.24
design_0700,0.72,0.49,1.46,nan,nan,nan,0.6,1.0,18.23,8.0,0.92,20.45,14.32
design_0701,0.81,0.62,1.03,nan,nan,nan,0.53,0.85,18.02,7.91,0.92,26.11,17.18
design_0702,0.68,0.62,1.11,nan,nan,nan,0.52,0.84,17.83,7.83,0.92,23.73,17.5
design_0703,0.86,0.74,1.39,nan,nan,nan,0.6,1.05,17.64,7.76,0.92,20.79,15.43
design_0704,0.82,0.83,3.29,nan,nan,nan,1.07,2.26,17.75,7.92,0.9,15.06,11.7
design_0705,0.56,0.72,2.67,nan,nan,nan,0.88,1.83,18.7,8.31,0.91,22.87,19.09
design_0706,0.52,0.63,2.4,nan,nan,nan,0.8,1.64,18.15,8.07,0.91,20.97,16.37
design_0707,0.66,0.9,3.26,nan,nan,nan,1.05,2.22,16.95,7.6,0.9,25.18,17.49
design_0708,0.58,0.71,2.65,nan,nan,nan,0.88,1.81,18.51,8.22,0.91,23.51,15.94
design_0709,0.66,0.84,2.57,nan,nan,nan,0.87,1.78,18.44,8.23,0.9,25.02,18.5
design_0710,0.51,0.85,2.5,nan,nan,nan,0.84,1.73,18.19,8.08,0.91,12.94,13.79
design_0711,0.74,0.75,3.26,nan,nan,nan,1.05,2.22,15.79,7.11,0.9,15.13,12.08
design_0712,0.79,0.71,0.58,nan,nan,nan,0.46,0.67,17.31,7.74,0.92,18.78,16.73
design_0713,0.53,0.67,0.5,nan,nan,nan,0.42,0.55,16.98,7.6,0.92,17.74,17.0
design_0714,0.61,0.53,0.61,nan,nan,nan,0.46,0.59,16.47,7.39,0.92,19.98,20.04
design_0715,0.85,0.6,0.64,nan,nan,nan,0.48,0.69,17.0,7.61,0.93,6.81,7.22
design_0716,0.66,0.58,0.59,nan,nan,nan,0.46,0.61,17.69,7.92,0.92,14.11,15.99
design_0717,0.55,0.55,0.67,nan,nan,nan,0.46,0.61,16.64,7.47,0.92,16.23,16.71
design_0718,0.84,0.51,0.56,nan,nan,nan,0.48,0.64,14.96,6.78,0.91,17.29,14.17
design_0719,0.58,0.42,0.74,nan,nan,nan,0.47,0.64,15.42,6.96,0.92,20.64,20.19
design_0720,1.11,0.47,1.6,nan,nan,nan,0.71,1.24,18.78,8.31,0.92,17.0,16.91
design_0721,1.09,0.54,1.74,nan,nan,nan,0.75,1.33,17.69,7.84,0.92,17.75,16.68
design_0722,1.0,0.71,1.84,nan,nan,nan,0.74,1.38,17.19,7.69,0.91,21.91,21.16
design_0723,1.17,0.58,2.06,nan,nan,nan,0.84,1.53,18.03,8.0,0.92,15.84,17.43
design_0724,1.04,0.4,1.51,nan,nan,nan,0.68,1.17,17.63,7.83,0.92,21.77,20.5
design_0725,1.05,0.47,1.85,nan,nan,nan,0.75,1.37,18.18,8.05,0.92,22.19,21.2
design_0726,1.02,0.44,1.62,nan,nan,nan,0.71,1.23,16.29,7.28,0.91,23.14,21.54
design_0727,0.94,0.41,1.71,nan,nan,nan,0.71,1.26,18.77,8.34,0.91,24.48,17.63
design_0728,1.05,0.83,0.33,nan,nan,nan,0.5,0.79,17.38,7.63,0.92,17.03,14.58
design_0729,0.98,0.7,0.35,nan,nan,nan,0.48,0.72,17.17,7.54,0.92,17.93,15.21
design_0730,0.64,0.98,2.36,nan,nan,nan,0.81,1.54,16.43,7.23,0.92,18.43,16.02
design_0731,0.8,0.98,1.22,nan,nan,nan,0.61,1.01,17.51,7.72,0.92,18.95,15.67
design_0732,1.13,0.82,2.68,nan,nan,nan,0.88,1.77,17.15,7.52,0.92,18.23,14.9
design_0733,1.09,0.88,2.49,nan,nan,nan,0.83,1.68,17.47,7.65,0.92,19.75,17.88
design_0734,0.9,0.81,0.51,nan,nan,nan,0.5,0.76,17.47,7.69,0.92,18.79,17.27
design_0735,0.64,0.91,2.41,nan,nan,nan,0.8,1.56,16.93,7.43,0.92,15.41,15.08
design_0736,1.34,0.41,5.97,nan,nan,nan,1.95,4.2,18.9,8.4,0.92,27.15,15.58
design_0737,1.14,0.43,1.37,nan,nan,nan,0.68,1.15,12.37,5.69,0.91,3.49,2.38
design_0738,1.23,0.44,1.21,nan,nan,nan,0.62,1.08,17.95,8.07,0.9,20.96,16.56
design_0739,1.15,0.66,0.85,nan,nan,nan,0.59,0.91,13.84,6.32,0.91,5.11,4.18
design_0740,1.49,0.8,1.09,nan,nan,nan,0.69,1.16,16.84,7.58,0.91,11.2,8.41
design_0741,1.4,0.6,1.44,nan,nan,nan,0.71,1.28,10.97,5.1,0.91,4.03,2.75
design_0742,0.82,0.54,1.2,nan,nan,nan,0.61,0.98,16.12,7.27,0.91,20.31,18.25
design_0743,0.8,0.79,1.27,nan,nan,nan,0.62,1.05,14.17,6.44,0.91,4.95,5.25
design_0744,0.73,0.75,4.7,nan,nan,nan,1.5,3.23,17.54,7.84,0.91,22.01,17.36
design_0745,0.82,0.88,4.72,nan,nan,nan,1.52,3.26,17.42,7.78,0.92,23.0,17.08
design_0746,0.78,1.02,4.68,nan,nan,nan,1.51,3.24,18.18,8.13,0.91,22.21,16.28
design_0747,0.83,0.97,4.68,nan,nan,nan,1.51,3.24,18.66,8.31,0.91,22.2,17.5
design_0748,0.8,0.97,4.46,nan,nan,nan,1.44,3.09,18.67,8.34,0.91,18.58,15.54
design_0749,0.78,0.92,4.72,nan,nan,nan,1.51,3.25,17.87,7.96,0.92,21.52,17.82
design_0750,0.61,0.95,4.2,nan,nan,nan,1.36,2.9,18.28,8.18,0.91,22.24,17.78
design_0751,0.64,1.01,4.4,nan,nan,nan,1.42,3.04,19.34,8.63,0.91,22.17,15.44
design_0752,1.39,0.67,0.73,nan,nan,nan,0.56,1.01,18.1,7.92,0.92,16.26,9.62
design_0753,1.17,0.88,1.83,nan,nan,nan,0.68,1.35,18.21,7.97,0.92,14.76,12.82
design_0754,1.05,0.67,1.95,nan,nan,nan,0.69,1.32,17.11,7.54,0.91,23.17,18.53
design_0755,1.39,0.72,1.79,nan,nan,nan,0.69,1.37,17.83,7.83,0.91,18.77,14.63
design_0756,0.98,0.93,1.97,nan,nan,nan,0.69,1.36,17.39,7.62,0.92,25.57,19.81
design_0757,1.11,0.88,2.07,nan,nan,nan,0.72,1.43,17.96,7.85,0.92,12.1,9.53
design_0758,1.27,1.04,1.92,nan,nan,nan,0.72,1.45,17.41,7.65,0.91,21.25,16.52
design_0759,1.61,0.54,2.27,nan,nan,nan,0.81,1.64,17.31,7.61,0.91,17.81,18.34
design_0760,0.55,0.66,1.66,nan,nan,nan,0.62,1.13,17.69,7.8,0.92,26.94,19.24
design_0761,0.67,0.73,1.53,nan,nan,nan,0.6,1.09,17.42,7.68,0.92,13.88,13.72
design_0762,0.44,0.68,0.97,nan,nan,nan,0.48,0.75,17.13,7.57,0.92,26.79,18.92
design_0763,0.37,0.71,1.0,nan,nan,nan,0.47,0.75,17.81,7.85,0.92,25.41,20.46
design_0764,0.58,0.71,1.18,nan,nan,nan,0.52,0.89,17.51,7.73,0.92,26.58,19.13
design_0765,0.47,0.73,1.3,nan,nan,nan,0.55,0.93,18.08,7.96,0.92,25.98,19.62
design_0766,0.48,0.79,0.83,nan,nan,nan,0.48,0.72,17.97,7.91,0.92,24.21,17.66
design_0767,0.49,0.72,0.97,nan,nan,nan,0.5,0.77,17.97,7.91,0.92,22.03,16.48
design_0768,0.73,0.46,1.27,nan,nan,nan,0.51,0.88,17.87,7.8,0.92,28.87,17.12
design_0769,0.82,0.36,1.56,nan,nan,nan,0.58,1.03,16.96,7.42,0.92,22.72,21.25
design_0770,0.87,0.54,1.61,nan,nan,nan,0.58,1.09,17.5,7.67,0.92,28.53,20.85
design_0771,1.09,0.61,1.51,nan,nan,nan,0.6,1.13,17.73,7.76,0.92,26.36,18.72
design_0772,1.37,0.36,1.46,nan,nan,nan,0.63,1.19,17.16,7.5,0.92,21.9,21.34
design_0773,0.76,0.43,1.85,nan,nan,nan,0.61,1.16,17.2,7.52,0.92,21.03,20.07
design_0774,1.41,0.34,1.38,nan,nan,nan,0.64,1.17,16.72,7.34,0.92,17.75,18.43
design_0775,0.75,0.33,1.48,nan,nan,nan,0.55,0.97,17.11,7.49,0.92,21.94,20.35
design_0776,0.97,0.9,1.63,nan,nan,nan,0.63,1.22,18.8,8.24,0.91,43.18,21.69
design_0777,0.51,0.75,0.73,nan,nan,nan,0.44,0.67,17.99,7.9,0.92,9.07,7.84
design_0778,0.48,0.68,0.83,nan,nan,nan,0.45,0.68,18.09,7.94,0.92,10.0,6.02
design_0779,0.66,0.77,0.81,nan,nan,nan,0.47,0.75,17.38,7.66,0.92,7.54,3.39
design_0780,1.28,1.11,2.17,nan,nan,nan,0.82,1.61,17.69,7.75,0.92,8.07,7.84
design_0781,1.04,0.73,1.61,nan,nan,nan,0.67,1.2,17.43,7.67,0.91,19.08,17.88
design_0782,1.2,0.91,2.37,nan,nan,nan,0.81,1.65,17.94,7.86,0.92,11.2,10.88
design_0783,0.83,0.72,1.52,nan,nan,nan,0.6,1.1,18.32,8.03,0.92,18.99,17.64
design_0784,0.52,0.53,1.66,nan,nan,nan,0.7,1.21,13.06,5.98,0.91,20.89,18.64
design_0785,0.71,0.34,1.13,nan,nan,nan,0.57,0.88,14.66,6.65,0.91,23.65,20.41
design_0786,0.6,0.34,1.72,nan,nan,nan,0.68,1.25,16.85,7.54,0.92,22.53,25.31
design_0787,0.46,0.35,1.74,nan,nan,nan,0.68,1.24,5.13,2.71,0.91,20.71,21.88
design_0788,0.44,0.41,1.55,nan,nan,nan,0.63,1.12,11.27,5.25,0.9,21.18,19.34
design_0789,0.8,0.35,1.6,nan,nan,nan,0.67,1.2,17.54,7.84,0.92,20.69,20.63
design_0790,0.57,0.33,1.36,nan,nan,nan,0.61,1.0,5.57,2.86,0.91,19.83,21.69
design_0791,0.44,0.53,1.38,nan,nan,nan,0.6,1.02,9.39,4.45,0.91,20.84,19.44
design_0792,0.93,0.42,1.04,nan,nan,nan,0.54,0.88,17.93,7.94,0.92,20.22,11.28
design_0793,0.84,0.31,1.26,nan,nan,nan,0.57,0.96,17.83,7.91,0.92,25.04,11.32
design_0794,0.75,0.42,1.44,nan,nan,nan,0.59,1.06,17.9,7.94,0.92,20.22,16.52
design_0795,0.9,0.27,2.65,nan,nan,nan,0.91,1.82,18.33,8.14,0.92,30.19,13.21
design_0796,0.81,0.35,1.2,nan,nan,nan,0.56,0.92,17.69,7.85,0.92,21.68,12.65
design_0797,0.98,0.3,0.98,nan,nan,nan,0.54,0.86,17.85,7.9,0.92,25.28,17.19
design_0798,0.96,0.29,0.98,nan,nan,nan,0.54,0.85,18.47,8.17,0.92,16.48,13.05
design_0799,0.66,0.4,1.2,nan,nan,nan,0.54,0.9,17.3,7.69,0.92,14.56,12.6
design_0800,0.86,0.73,0.47,nan,nan,nan,0.47,0.66,3.41,1.97,0.92,1.18,1.26
design_0801,0.56,0.77,0.43,nan,nan,nan,0.45,0.56,3.98,2.23,0.92,1.58,1.23
design_0802,0.49,0.68,0.53,nan,nan,nan,0.43,0.56,4.97,2.65,0.91,3.19,1.49
design_0803,0.66,0.81,0.48,nan,nan,nan,0.46,0.62,3.51,2.04,0.92,1.3,1.15
design_0804,0.59,0.75,0.49,nan,nan,nan,0.44,0.59,3.65,2.09,0.92,2.9,1.41
design_0805,0.93,0.76,0.46,nan,nan,nan,0.48,0.68,3.36,1.95,0.92,1.33,1.43
design_0806,0.47,0.71,0.44,nan,nan,nan,0.43,0.52,3.75,2.14,0.92,1.69,1.15
design_0807,1.07,0.77,0.49,nan,nan,nan,0.53,0.75,3.37,1.96,0.92,1.32,1.43
design_0808,0.83,1.2,1.64,nan,nan,nan,0.62,1.24,18.48,8.08,0.92,20.78,18.27
design_0809,0.75,0.91,5.41,nan,nan,nan,1.32,3.11,17.98,7.87,0.92,22.97,17.46
design_0810,0.71,1.35,1.55,nan,nan,nan,0.6,1.23,18.23,7.98,0.91,12.11,10.41
design_0811,0.71,0.91,1.03,nan,nan,nan,0.51,0.89,17.97,7.85,0.92,15.18,14.06
design_0812,0.61,0.86,0.75,nan,nan,nan,0.47,0.74,17.04,7.47,0.92,15.05,13.19
design_0813,0.85,0.55,0.98,nan,nan,nan,0.49,0.81,17.05,7.46,0.92,14.46,13.49
design_0814,0.74,0.84,1.05,nan,nan,nan,0.51,0.88,17.16,7.51,0.92,18.77,14.48
design_0815,0.76,0.76,1.06,nan,nan,nan,0.5,0.87,17.19,7.54,0.92,18.73,14.11
design_0816,1.38,2.33,0.86,nan,nan,nan,0.79,1.52,21.59,9.47,0.91,7.83,5.67
design_0817,1.17,2.32,1.87,nan,nan,nan,0.91,1.83,20.6,9.09,0.91,7.43,6.16
design_0818,1.27,2.35,1.97,nan,nan,nan,0.92,1.9,20.72,9.15,0.91,10.2,7.62
design_0819,1.26,2.35,0.93,nan,nan,nan,0.77,1.52,19.16,8.49,0.91,38.51,16.33
design_0820,1.37,2.24,1.24,nan,nan,nan,0.85,1.6,17.13,7.66,0.91,45.38,19.83
design_0821,1.1,2.28,3.48,nan,nan,nan,1.22,2.64,22.02,9.73,0.91,15.25,9.67
design_0822,1.17,2.35,0.99,nan,nan,nan,0.77,1.51,20.53,9.07,0.91,43.22,18.45
design_0823,1.01,2.32,1.0,nan,nan,nan,0.75,1.47,19.37,8.56,0.91,11.73,12.07
design_0824,0.7,0.54,1.24,nan,nan,nan,0.6,0.99,14.55,6.6,0.92,20.15,13.85
design_0825,0.91,0.27,1.67,nan,nan,nan,0.73,1.28,15.45,6.97,0.92,22.67,17.52
design_0826,1.03,0.25,1.11,nan,nan,nan,0.62,0.96,12.91,5.92,0.91,21.45,17.86
design_0827,0.76,0.32,1.44,nan,nan,nan,0.65,1.1,15.5,7.0,0.92,20.45,14.4
design_0828,1.3,1.64,1.86,nan,nan,nan,0.9,1.67,13.01,5.95,0.91,13.89,13.64
design_0829,0.82,0.55,0.77,nan,nan,nan,0.5,0.74,14.58,6.65,0.91,21.75,17.99
design_0830,0.75,0.49,1.2,nan,nan,nan,0.6,0.96,11.78,5.46,0.91,22.02,17.45
design_0831,0.74,0.4,0.9,nan,nan,nan,0.53,0.77,14.01,6.4,0.91,21.62,17.18
design_0832,1.08,1.43,1.77,nan,nan,nan,0.74,1.49,19.19,8.48,0.91,24.24,15.86
design_0833,0.56,2.2,1.84,nan,nan,nan,0.8,1.67,17.98,7.95,0.92,15.67,11.71
design_0834,0.64,1.59,1.49,nan,nan,nan,0.65,1.31,18.46,8.14,0.92,10.43,7.78
design_0835,1.17,1.41,1.75,nan,nan,nan,0.78,1.49,18.98,8.37,0.91,16.17,9.22
design_0836,1.0,1.62,1.7,nan,nan,nan,0.75,1.49,18.2,8.03,0.92,26.09,15.18
design_0837,0.98,1.62,1.85,nan,nan,nan,0.76,1.56,18.68,8.26,0.91,22.65,16.98
design_0838,1.05,1.5,1.72,nan,nan,nan,0.73,1.47,17.68,7.83,0.92,23.82,15.73
design_0839,0.99,1.17,1.76,nan,nan,nan,0.7,1.4,19.16,8.45,0.91,9.75,5.34
design_0840,0.99,0.82,1.06,nan,nan,nan,0.59,0.98,18.0,7.93,0.92,23.86,14.2
design_0841,1.66,0.84,1.14,nan,nan,nan,0.69,1.27,18.16,8.0,0.92,27.24,16.09
design_0842,3.35,0.87,2.3,nan,nan,nan,1.13,2.43,17.69,7.86,0.91,21.85,14.38
design_0843,3.38,0.9,2.53,nan,nan,nan,1.18,2.55,17.96,7.97,0.91,19.42,12.72
design_0844,3.43,0.84,2.32,nan,nan,nan,1.14,2.47,18.72,8.28,0.91,18.35,14.07
design_0845,1.77,0.83,1.06,nan,nan,nan,0.7,1.28,18.0,7.96,0.92,25.73,15.21
design_0846,1.77,0.82,1.25,nan,nan,nan,0.71,1.35,17.12,7.57,0.92,8.77,8.85
design_0847,1.01,0.8,1.0,nan,nan,nan,0.58,0.95,18.25,8.03,0.92,24.92,16.68
design_0848,0.63,0.39,0.9,nan,nan,nan,0.49,0.68,17.35,7.62,0.92,16.22,11.05
design_0849,0.52,0.39,0.41,nan,nan,nan,0.41,0.45,17.42,7.64,0.92,15.28,12.7
design_0850,0.51,0.46,0.85,nan,nan,nan,0.47,0.64,17.95,7.86,0.92,19.06,16.09
design_0851,0.52,0.37,1.04,nan,nan,nan,0.52,0.72,17.27,7.58,0.92,22.34,14.58
design_0852,0.45,0.43,0.87,nan,nan,nan,0.45,0.63,17.35,7.6,0.92,21.64,16.17
design_0853,0.51,0.38,0.65,nan,nan,nan,0.45,0.53,18.04,7.9,0.92,15.21,10.76
design_0854,0.44,0.29,0.88,nan,nan,nan,0.45,0.6,17.41,7.64,0.92,18.91,12.26
design_0855,0.75,0.48,0.88,nan,nan,nan,0.51,0.74,18.14,7.94,0.92,9.6,9.41
design_0856,0.63,0.29,0.54,nan,nan,nan,0.45,0.51,17.86,7.84,0.92,23.56,17.81
design_0857,0.59,0.36,0.81,nan,nan,nan,0.47,0.63,17.81,7.8,0.92,23.05,16.06
design_0858,0.67,0.36,0.88,nan,nan,nan,0.5,0.68,17.46,7.66,0.92,22.86,18.43
design_0859,0.53,0.37,0.84,nan,nan,nan,0.48,0.62,18.05,7.9,0.92,15.7,10.61
design_0860,0.66,0.4,0.61,nan,nan,nan,0.45,0.58,17.48,7.68,0.92,22.46,17.15
design_0861,0.48,0.36,0.84,nan,nan,nan,0.47,0.61,17.57,7.71,0.92,21.99,16.73
design_0862,0.85,0.85,1.38,nan,nan,nan,0.66,1.07,18.27,8.01,0.92,12.58,12.06
design_0863,0.66,0.39,1.37,nan,nan,nan,0.59,0.92,17.75,7.78,0.92,20.81,16.53
design_0864,0.76,0.59,1.52,nan,nan,nan,0.6,1.11,16.71,7.44,0.91,6.65,4.78
design_0865,0.63,0.9,2.61,nan,nan,nan,0.83,1.77,18.13,8.07,0.9,8.56,9.61
design_0866,0.66,0.55,3.39,nan,nan,nan,1.02,2.22,16.6,7.45,0.9,12.12,8.27
design_0867,0.64,0.76,2.43,nan,nan,nan,0.79,1.65,17.43,7.76,0.91,10.18,7.84
design_0868,0.66,0.55,1.55,nan,nan,nan,0.6,1.1,14.26,6.43,0.9,7.76,4.69
design_0869,2.81,0.71,1.99,nan,nan,nan,0.97,2.06,16.03,7.21,0.9,9.61,6.06
design_0870,0.68,0.64,2.34,nan,nan,nan,0.79,1.58,14.46,6.54,0.9,7.74,3.77
design_0871,2.75,0.91,3.34,nan,nan,nan,1.21,2.68,19.17,8.52,0.9,10.98,8.42
design_0872,0.61,0.54,1.29,nan,nan,nan,0.54,0.91,17.02,7.51,0.92,27.84,16.94
design_0873,0.73,0.53,1.88,nan,nan,nan,0.66,1.26,16.14,7.16,0.91,27.36,17.79
design_0874,0.82,0.66,1.29,nan,nan,nan,0.57,0.99,18.13,8.0,0.91,23.83,19.85
design_0875,0.66,0.56,1.08,nan,nan,nan,0.52,0.82,16.12,7.14,0.92,25.52,17.98
design_0876,0.59,0.61,1.24,nan,nan,nan,0.54,0.9,16.73,7.38,0.92,26.0,17.83
design_0877,0.92,0.59,0.94,nan,nan,nan,0.53,0.85,15.7,6.97,0.92,24.98,17.92
design_0878,0.71,0.6,1.34,nan,nan,nan,0.56,0.98,18.37,8.08,0.92,26.54,18.42
design_0879,0.76,0.67,2.74,nan,nan,nan,0.85,1.78,17.27,7.63,0.91,31.16,16.94
design_0880,0.68,0.51,1.23,nan,nan,nan,0.52,0.93,16.78,7.49,0.91,16.84,10.81
design_0881,0.48,0.54,1.53,nan,nan,nan,0.57,1.08,18.14,8.06,0.91,14.32,8.52
design_0882,0.51,0.48,1.16,nan,nan,nan,0.49,0.85,17.42,7.76,0.91,16.11,7.79
design_0883,0.41,0.44,1.31,nan,nan,nan,0.52,0.92,16.75,7.47,0.91,14.72,8.14
design_0884,0.62,0.68,1.42,nan,nan,nan,0.58,1.06,18.19,8.08,0.91,24.25,17.69
design_0885,0.46,0.53,1.19,nan,nan,nan,0.49,0.87,18.2,8.09,0.91,18.97,11.43
design_0886,0.48,0.51,1.3,nan,nan,nan,0.52,0.93,17.42,7.77,0.91,17.46,8.13
design_0887,0.46,0.53,1.09,nan,nan,nan,0.49,0.81,16.74,7.48,0.91,12.85,9.9
design_0888,0.65,2.45,6.21,nan,nan,nan,1.86,4.19,18.04,8.04,0.91,23.97,18.69
design_0889,1.04,2.44,5.93,nan,nan,nan,1.8,4.04,17.79,7.9,0.91,24.84,18.0
design_0890,1.01,2.44,3.7,nan,nan,nan,1.26,2.75,17.36,7.73,0.91,24.53,17.85
design_0891,0.82,0.98,1.79,nan,nan,nan,0.69,1.34,15.99,7.16,0.91,9.41,7.81
design_0892,0.75,0.76,3.63,nan,nan,nan,1.11,2.39,17.78,7.89,0.91,18.85,17.45
design_0893,0.9,1.0,2.83,nan,nan,nan,0.93,1.95,17.18,7.63,0.91,14.59,10.43
design_0894,0.7,2.52,4.9,nan,nan,nan,1.53,3.42,18.97,8.45,0.9,24.93,16.97
design_0895,0.93,2.31,4.22,nan,nan,nan,1.37,3.0,19.36,8.6,0.9,14.97,14.77
design_0896,0.81,1.23,1.49,nan,nan,nan,0.67,1.27,17.82,8.0,0.91,13.5,14.59
design_0897,0.64,0.55,1.39,nan,nan,nan,0.62,1.06,17.44,7.82,0.91,18.41,17.11
design_0898,0.87,1.32,1.44,nan,nan,nan,0.7,1.27,16.58,7.48,0.91,5.3,6.35
design_0899,0.77,0.96,1.62,nan,nan,nan,0.73,1.28,17.85,8.0,0.91,14.88,15.83
design_0900,0.79,1.33,1.42,nan,nan,nan,0.67,1.25,16.65,7.52,0.91,5.55,6.01
design_0901,0.74,1.31,1.62,nan,nan,nan,0.73,1.35,17.96,8.06,0.91,6.3,7.42
design_0902,0.57,0.89,1.59,nan,nan,nan,0.68,1.22,18.27,8.17,0.91,19.17,19.5
design_0903,0.6,1.08,1.64,nan,nan,nan,0.72,1.29,17.87,7.99,0.92,17.4,15.28
design_0904,0.47,0.8,0.92,nan,nan,nan,0.47,0.76,17.91,7.88,0.92,17.12,10.13
design_0905,0.43,0.67,1.1,nan,nan,nan,0.49,0.81,17.86,7.86,0.92,24.7,16.28
design_0906,0.43,0.68,1.12,nan,nan,nan,0.5,0.82,17.01,7.52,0.92,16.21,12.35
design_0907,0.91,0.88,1.07,nan,nan,nan,0.54,0.97,17.47,7.7,0.92,11.07,4.84
design_0908,0.86,0.61,0.86,nan,nan,nan,0.51,0.8,16.51,7.3,0.92,14.12,13.08
design_0909,0.52,0.65,0.81,nan,nan,nan,0.44,0.68,16.96,7.49,0.92,7.16,7.19
design_0910,0.81,0.67,1.22,nan,nan,nan,0.55,0.95,17.36,7.65,0.92,11.36,11.1
design_0911,0.44,0.52,1.21,nan,nan,nan,0.5,0.84,16.54,7.31,0.92,13.37,12.46
design_0912,0.87,0.51,0.91,nan,nan,nan,0.5,0.79,16.99,7.45,0.92,27.89,19.84
design_0913,0.75,0.61,0.84,nan,nan,nan,0.51,0.74,16.63,7.31,0.92,27.48,20.23
design_0914,1.13,0.71,1.23,nan,nan,nan,0.6,1.05,17.63,7.74,0.91,24.99,18.97
design_0915,0.98,0.6,1.03,nan,nan,nan,0.54,0.9,17.01,7.48,0.91,27.38,19.54
design_0916,0.84,0.72,1.12,nan,nan,nan,0.53,0.91,17.26,7.58,0.91,26.23,20.53
design_0917,0.53,0.56,1.26,nan,nan,nan,0.5,0.84,16.06,7.1,0.91,27.19,20.33
design_0918,0.58,0.59,1.02,nan,nan,nan,0.48,0.75,14.54,6.49,0.91,28.06,20.45
design_0919,0.49,0.61,1.09,nan,nan,nan,0.49,0.76,15.68,6.94,0.91,28.21,20.2
design_0920,0.58,0.82,3.96,nan,nan,nan,1.03,2.3,17.97,7.88,0.92,23.31,17.72
design_0921,0.57,0.51,1.3,nan,nan,nan,0.53,0.86,16.78,7.36,0.92,23.26,19.37
design_0922,0.85,0.72,1.31,nan,nan,nan,0.58,0.99,17.47,7.64,0.92,23.52,20.35
design_0923,0.59,0.53,1.35,nan,nan,nan,0.55,0.89,17.1,7.49,0.92,21.42,19.48
design_0924,0.66,0.61,1.38,nan,nan,nan,0.57,0.94,16.11,7.05,0.93,25.07,19.5
design_0925,0.71,0.59,1.63,nan,nan,nan,0.6,1.06,17.19,7.55,0.92,23.61,19.39
design_0926,0.53,0.6,1.29,nan,nan,nan,0.54,0.86,16.9,7.4,0.92,23.87,18.92
design_0927,0.54,0.59,1.35,nan,nan,nan,0.55,0.89,16.36,7.19,0.92,22.58,18.9
design_0928,0.87,0.44,3.62,nan,nan,nan,1.13,2.45,18.17,8.09,0.91,15.17,11.68
design_0929,0.79,0.48,3.21,nan,nan,nan,1.02,2.18,17.61,7.85,0.91,11.96,10.08
design_0930,0.64,0.48,3.28,nan,nan,nan,1.04,2.2,17.66,7.87,0.91,10.88,9.15
design_0931,0.88,0.27,3.89,nan,nan,nan,1.22,2.62,18.34,8.2,0.9,13.8,10.31
design_0932,0.59,0.36,3.02,nan,nan,nan,0.96,2.03,17.8,7.96,0.9,6.7,5.99
design_0933,0.65,0.47,3.43,nan,nan,nan,1.08,2.3,17.3,7.74,0.9,13.91,10.91
design_0934,0.78,0.34,3.11,nan,nan,nan,1.0,2.1,18.44,8.22,0.91,8.67,7.91
design_0935,0.67,0.48,3.18,nan,nan,nan,1.01,2.14,17.92,7.97,0.91,9.79,7.33
design_0936,0.79,0.47,5.09,nan,nan,nan,1.55,3.39,16.91,7.64,0.89,27.59,18.26
design_0937,0.6,0.43,3.89,nan,nan,nan,1.21,2.59,19.63,8.77,0.9,20.21,15.08
design_0938,0.59,0.42,3.55,nan,nan,nan,1.11,2.37,18.11,8.15,0.89,25.05,24.21
design_0939,0.52,0.42,7.64,nan,nan,nan,2.26,5.05,19.76,8.83,0.9,30.32,19.49
design_0940,1.04,0.51,6.09,nan,nan,nan,1.83,4.06,16.52,7.43,0.9,24.93,18.19
design_0941,0.69,0.38,7.16,nan,nan,nan,2.13,4.74,17.33,7.8,0.9,31.06,16.75
design_0942,0.57,0.45,4.35,nan,nan,nan,1.33,2.89,20.14,8.98,0.9,26.02,17.92
design_0943,0.7,0.42,4.87,nan,nan,nan,1.47,3.24,18.18,8.17,0.9,25.61,21.34
design_0944,1.07,0.63,0.98,nan,nan,nan,0.53,0.92,17.06,7.48,0.91,13.76,13.67
design_0945,1.03,0.8,1.22,nan,nan,nan,0.55,1.02,17.16,7.52,0.91,16.38,14.75
design_0946,1.0,0.78,1.04,nan,nan,nan,0.53,0.94,17.42,7.62,0.92,15.41,13.29
design_0947,1.04,0.5,0.91,nan,nan,nan,0.52,0.86,17.47,7.64,0.91,17.23,13.34
design_0948,1.04,0.71,1.22,nan,nan,nan,0.54,1.0,16.86,7.4,0.91,16.46,14.34
design_0949,1.0,0.66,0.87,nan,nan,nan,0.5,0.86,16.99,7.44,0.92,12.68,11.02
design_0950,0.93,0.76,0.99,nan,nan,nan,0.52,0.9,17.02,7.48,0.91,15.26,14.22
design_0951,1.03,0.68,1.04,nan,nan,nan,0.53,0.93,16.98,7.45,0.91,16.25,14.14
design_0952,0.69,0.82,5.76,nan,nan,nan,1.66,3.73,19.9,8.81,0.91,27.44,19.22
design_0953,0.59,0.77,6.0,nan,nan,nan,1.72,3.87,19.45,8.65,0.9,14.81,15.27
design_0954,0.64,0.84,5.42,nan,nan,nan,1.56,3.51,19.27,8.57,0.9,14.46,11.84
design_0955,0.61,0.82,2.46,nan,nan,nan,0.81,1.67,19.06,8.44,0.91,26.27,18.3
design_0956,0.76,0.68,5.94,nan,nan,nan,1.7,3.84,19.5,8.66,0.9,15.23,14.55
design_0957,0.77,0.73,5.66,nan,nan,nan,1.63,3.66,19.51,8.66,0.9,20.12,16.4
design_0958,0.71,0.76,5.41,nan,nan,nan,1.57,3.51,17.83,7.98,0.9,13.68,9.9
design_0959,0.97,0.7,5.01,nan,nan,nan,1.46,3.27,18.8,8.37,0.9,17.85,13.51
design_0960,0.39,0.87,5.85,nan,nan,nan,1.43,3.33,11.51,5.25,0.9,17.27,14.16
design_0961,0.45,0.72,5.38,nan,nan,nan,1.31,3.06,16.14,7.13,0.91,16.35,14.8
design_0962,0.48,0.69,5.6,nan,nan,nan,1.36,3.19,15.24,6.79,0.9,16.29,14.96
design_0963,0.64,0.96,5.42,nan,nan,nan,1.34,3.12,8.01,3.84,0.91,18.85,13.82
design_0964,0.55,0.75,5.85,nan,nan,nan,1.42,3.33,14.79,6.61,0.9,16.12,14.42
design_0965,0.46,0.7,0.89,nan,nan,nan,0.48,0.7,17.79,7.78,0.92,11.61,10.7
design_0966,0.51,0.71,5.29,nan,nan,nan,1.29,3.02,16.64,7.35,0.91,17.42,14.31
design_0967,0.46,0.68,5.55,nan,nan,nan,1.35,3.15,13.31,5.98,0.91,18.98,14.31
design_0968,1.37,0.46,3.06,nan,nan,nan,0.93,2.0,17.63,7.74,0.92,10.7,10.78
design_0969,1.41,0.66,3.2,nan,nan,nan,0.97,2.1,17.37,7.63,0.92,18.34,13.67
design_0970,0.94,0.65,2.19,nan,nan,nan,0.7,1.46,17.67,7.78,0.92,18.41,16.62
design_0971,1.44,0.67,3.2,nan,nan,nan,0.96,2.11,17.13,7.55,0.91,16.6,11.07
design_0972,1.37,0.66,3.33,nan,nan,nan,0.99,2.16,16.86,7.43,0.92,13.94,11.19
design_0973,1.28,0.59,3.09,nan,nan,nan,0.94,2.01,17.28,7.62,0.91,15.04,10.98
design_0974,0.92,0.69,4.58,nan,nan,nan,1.23,2.79,8.41,4.03,0.9,22.86,15.56
design_0975,1.43,0.52,3.62,nan,nan,nan,1.07,2.32,16.59,7.31,0.92,11.85,11.37
design_0976,0.6,0.62,0.59,nan,nan,nan,0.45,0.6,17.91,7.81,0.92,19.97,15.38
design_0977,0.57,0.55,0.54,nan,nan,nan,0.44,0.56,17.27,7.55,0.92,17.52,15.17
design_0978,0.66,0.73,0.82,nan,nan,nan,0.49,0.74,17.11,7.48,0.92,15.09,15.62
design_0979,1.12,1.32,0.65,nan,nan,nan,0.58,1.07,17.44,7.62,0.92,16.09,17.22
design_0980,1.07,0.68,0.61,nan,nan,nan,0.49,0.83,17.59,7.69,0.92,17.36,14.29
design_0981,1.12,1.61,0.59,nan,nan,nan,0.6,1.18,17.17,7.51,0.92,14.64,18.41
design_0982,1.1,0.63,0.38,nan,nan,nan,0.48,0.78,17.32,7.59,0.92,20.98,17.15
design_0983,1.09,0.76,0.74,nan,nan,nan,0.53,0.89,17.24,7.55,0.92,17.79,14.72
design_0984,1.4,0.49,3.43,nan,nan,nan,1.07,2.21,16.77,7.37,0.92,12.7,12.33
design_0985,1.26,0.72,2.79,nan,nan,nan,0.9,1.85,16.57,7.29,0.92,13.95,15.02
design_0986,1.35,0.61,3.11,nan,nan,nan,0.98,2.03,16.89,7.43,0.92,19.18,17.62
design_0987,1.38,0.65,3.06,nan,nan,nan,0.99,2.02,15.71,6.95,0.92,14.94,16.73
design_0988,1.42,0.56,3.35,nan,nan,nan,1.05,2.17,16.62,7.31,0.92,12.81,12.69
design_0989,1.29,0.55,3.05,nan,nan,nan,1.0,1.98,16.75,7.36,0.92,12.8,13.04
design_0990,1.27,0.52,3.21,nan,nan,nan,1.04,2.06,16.85,7.4,0.92,13.29,12.79
design_0991,1.46,0.39,3.55,nan,nan,nan,1.08,2.28,17.18,7.55,0.92,13.1,11.75
design_0992,1.34,0.67,1.09,nan,nan,nan,0.53,1.08,19.48,8.49,0.91,11.86,7.52
design_0993,1.14,0.7,3.59,nan,nan,nan,0.9,2.06,17.2,7.58,0.91,20.64,21.03
design_0994,1.16,0.55,1.24,nan,nan,nan,0.52,1.02,17.88,7.82,0.91,13.65,14.03
design_0995,0.85,0.64,1.01,nan,nan,nan,0.53,0.84,16.19,7.11,0.92,21.53,21.31
design_0996,1.06,0.68,2.21,nan,nan,nan,0.66,1.39,17.28,7.59,0.91,21.96,20.11
design_0997,1.23,0.58,1.28,nan,nan,nan,0.54,1.07,18.27,8.01,0.91,17.96,13.27
design_0998,1.24,0.7,3.65,nan,nan,nan,0.9,2.11,19.4,8.47,0.91,8.93,8.93
design_0999,1.01,0.62,1.9,nan,nan,nan,0.61,1.24,16.73,7.35,0.91,20.58,21.14
design_1000,0.53,0.32,2.6,nan,nan,nan,0.8,1.64,17.31,7.68,0.91,14.86,13.03
design_1001,0.52,0.48,3.9,nan,nan,nan,1.11,2.44,17.65,7.85,0.9,15.27,14.21
design_1002,0.55,0.45,2.68,nan,nan,nan,0.81,1.7,15.69,7.02,0.9,22.64,17.91
design_1003,0.57,0.4,3.52,nan,nan,nan,1.01,2.21,17.55,7.79,0.9,14.23,12.83
design_1004,0.56,0.39,3.75,nan,nan,nan,1.07,2.35,16.22,7.26,0.9,4.56,4.0
design_1005,0.57,0.48,3.75,nan,nan,nan,1.06,2.35,17.06,7.61,0.9,16.15,18.94
design_1006,0.58,0.5,2.74,nan,nan,nan,0.84,1.75,15.82,7.1,0.9,3.1,3.25
design_1007,0.5,0.55,2.81,nan,nan,nan,0.84,1.79,16.35,7.29,0.9,14.91,7.84
design_1008,0.55,0.8,1.63,nan,nan,nan,0.63,1.13,17.51,7.7,0.92,7.63,8.29
design_1009,0.71,0.93,1.49,nan,nan,nan,0.61,1.12,17.88,7.86,0.92,21.99,16.23
design_1010,0.47,0.67,1.47,nan,nan,nan,0.57,1.01,17.64,7.75,0.92,4.78,5.87
design_1011,0.69,0.8,1.67,nan,nan,nan,0.63,1.18,17.99,7.89,0.92,15.72,14.78
design_1012,0.52,0.72,1.88,nan,nan,nan,0.67,1.26,17.38,7.66,0.92,12.56,13.69
design_1013,0.73,0.8,1.7,nan,nan,nan,0.64,1.2,17.55,7.72,0.92,7.57,9.01
design_1014,0.83,0.89,1.64,nan,nan,nan,0.64,1.22,17.38,7.65,0.92,25.88,19.1
design_1015,0.55,0.82,1.51,nan,nan,nan,0.59,1.08,17.94,7.88,0.92,6.9,8.54
design_1016,1.12,0.74,1.19,nan,nan,nan,0.62,1.04,17.79,7.77,0.92,7.82,10.87
design_1017,1.05,0.59,1.27,nan,nan,nan,0.59,1.01,17.61,7.7,0.92,10.67,10.22
design_1018,1.04,0.64,1.08,nan,nan,nan,0.56,0.94,18.19,7.95,0.92,9.69,8.91
design_1019,1.05,0.73,1.18,nan,nan,nan,0.56,1.01,17.86,7.79,0.92,23.43,18.03
design_1020,1.03,0.72,0.97,nan,nan,nan,0.53,0.92,18.22,7.96,0.92,24.13,21.95
design_1021,1.13,0.69,1.02,nan,nan,nan,0.57,0.97,18.46,8.06,0.91,25.18,19.03
design_1022,1.05,0.78,0.91,nan,nan,nan,0.59,0.93,18.06,7.91,0.91,24.25,19.5
design_1023,0.98,0.91,0.96,nan,nan,nan,0.56,0.95,17.46,7.63,0.92,10.69,7.52
design_1024,0.63,0.57,1.05,nan,nan,nan,0.53,0.86,13.15,6.05,0.91,3.58,5.05
design_1025,0.64,0.48,0.91,nan,nan,nan,0.5,0.76,17.63,7.93,0.91,14.41,12.85
design_1026,0.78,0.44,1.05,nan,nan,nan,0.54,0.87,13.46,6.18,0.91,15.61,12.65
design_1027,0.74,0.39,1.27,nan,nan,nan,0.57,1.0,16.72,7.54,0.92,5.0,6.61
design_1028,0.7,0.31,1.35,nan,nan,nan,0.6,1.03,17.55,7.87,0.92,13.14,12.42
design_1029,0.62,0.27,0.71,nan,nan,nan,0.45,0.61,4.38,2.38,0.92,3.8,1.88
design_1030,0.65,0.53,1.02,nan,nan,nan,0.51,0.84,17.1,7.69,0.92,7.38,9.69
design_1031,0.69,0.64,0.9,nan,nan,nan,0.51,0.79,13.15,6.04,0.9,18.3,14.21
design_1032,0.94,0.81,3.64,nan,nan,nan,1.12,2.42,17.84,7.95,0.9,18.72,11.2
design_1033,0.92,0.64,2.18,nan,nan,nan,0.77,1.52,18.84,8.34,0.91,23.4,18.03
design_1034,0.79,0.83,2.28,nan,nan,nan,0.77,1.58,19.05,8.44,0.91,19.49,13.54
design_1035,0.75,1.06,3.55,nan,nan,nan,1.09,2.38,18.46,8.21,0.9,20.95,13.49
design_1036,0.68,0.9,2.55,nan,nan,nan,0.86,1.74,18.18,8.06,0.91,19.97,15.66
design_1037,0.87,0.76,3.02,nan,nan,nan,0.94,2.03,19.01,8.43,0.91,19.71,15.59
design_1038,0.59,0.88,1.53,nan,nan,nan,0.64,1.13,11.51,5.32,0.9,21.7,12.33
design_1039,0.77,0.94,3.18,nan,nan,nan,1.0,2.14,18.34,8.12,0.91,21.22,17.51
design_1040,1.33,0.74,1.9,nan,nan,nan,0.84,1.55,15.66,7.06,0.92,11.59,9.66
design_1041,1.12,0.39,1.75,nan,nan,nan,0.76,1.38,18.28,8.15,0.92,25.97,18.82
design_1042,1.17,1.07,1.76,nan,nan,nan,0.81,1.47,17.5,7.82,0.92,20.33,19.79
design_1043,1.12,0.86,1.81,nan,nan,nan,0.8,1.47,16.73,7.53,0.92,7.38,6.08
design_1044,1.14,0.51,0.62,nan,nan,nan,0.54,0.77,3.77,2.12,0.92,3.34,1.68
design_1045,1.16,0.53,1.76,nan,nan,nan,0.81,1.41,16.73,7.51,0.92,20.9,16.13
design_1046,1.24,1.07,1.84,nan,nan,nan,0.84,1.54,17.38,7.77,0.92,20.49,19.76
design_1047,1.06,0.77,1.96,nan,nan,nan,0.83,1.54,16.63,7.45,0.92,22.0,19.68
design_1048,0.55,0.45,1.12,nan,nan,nan,0.55,0.86,17.59,7.87,0.92,25.71,18.62
design_1049,0.78,0.43,0.84,nan,nan,nan,0.52,0.75,17.11,7.7,0.91,24.26,19.68
design_1050,0.69,0.43,0.99,nan,nan,nan,0.52,0.8,17.42,7.83,0.91,21.93,21.89
design_1051,0.71,0.47,0.98,nan,nan,nan,0.52,0.81,18.6,8.3,0.92,11.45,8.29
design_1052,0.59,0.37,1.03,nan,nan,nan,0.54,0.8,17.16,7.71,0.91,25.33,19.18
design_1053,0.66,0.3,0.97,nan,nan,nan,0.52,0.77,17.29,7.78,0.91,23.08,21.01
design_1054,0.67,0.55,1.16,nan,nan,nan,0.58,0.92,17.29,7.74,0.92,24.0,20.17
design_1055,0.87,0.46,1.02,nan,nan,nan,0.55,0.87,17.39,7.86,0.91,23.45,19.78
design_1056,0.4,0.56,1.07,nan,nan,nan,0.5,0.76,17.23,7.6,0.92,18.91,17.77
design_1057,0.43,0.49,1.33,nan,nan,nan,0.55,0.9,17.57,7.73,0.92,17.82,13.67
design_1058,0.44,0.49,1.1,nan,nan,nan,0.51,0.77,18.03,7.93,0.92,25.82,15.61
design_1059,0.53,0.52,1.21,nan,nan,nan,0.52,0.86,17.69,7.78,0.92,18.4,10.82
design_1060,0.48,0.45,0.89,nan,nan,nan,0.47,0.66,18.05,7.94,0.92,23.98,14.73
design_1061,0.56,0.49,1.3,nan,nan,nan,0.56,0.9,16.8,7.42,0.92,14.86,9.2
design_1062,0.42,0.52,1.06,nan,nan,nan,0.5,0.75,17.69,7.78,0.92,18.52,9.38
design_1063,0.46,0.48,1.18,nan,nan,nan,0.52,0.82,18.41,8.1,0.92,20.54,12.96
design_1064,1.12,0.87,2.44,nan,nan,nan,0.82,1.66,16.9,7.43,0.92,22.34,16.95
design_1065,1.14,0.74,2.77,nan,nan,nan,0.91,1.82,16.84,7.4,0.92,15.28,15.12
design_1066,1.05,0.7,2.86,nan,nan,nan,0.89,1.84,16.83,7.4,0.92,16.62,16.97
design_1067,1.03,0.97,2.21,nan,nan,nan,0.79,1.54,16.74,7.36,0.92,23.07,17.6
design_1068,1.11,0.76,2.9,nan,nan,nan,0.92,1.88,17.19,7.54,0.92,16.43,16.76
design_1069,0.87,0.66,0.75,nan,nan,nan,0.5,0.77,17.94,7.86,0.92,20.59,13.28
design_1070,1.12,0.76,2.77,nan,nan,nan,0.9,1.81,17.09,7.51,0.92,15.63,14.61
design_1071,1.18,0.86,2.31,nan,nan,nan,0.83,1.6,17.8,7.8,0.92,18.13,14.22
design_1072,0.94,0.83,2.51,nan,nan,nan,0.81,1.59,16.55,7.25,0.92,12.19,14.16
design_1073,0.54,0.75,0.25,nan,nan,nan,0.42,0.55,16.8,7.35,0.92,14.48,12.48
design_1074,1.14,0.71,0.74,nan,nan,nan,0.54,0.9,17.08,7.47,0.92,15.05,14.3
design_1075,0.85,1.12,2.21,nan,nan,nan,0.73,1.48,17.07,7.48,0.92,14.46,12.35
design_1076,0.44,0.94,0.96,nan,nan,nan,0.49,0.8,17.01,7.45,0.92,20.2,15.49
design_1077,1.0,0.65,0.62,nan,nan,nan,0.53,0.79,17.0,7.43,0.92,18.36,16.66
design_1078,1.2,0.89,2.26,nan,nan,nan,0.78,1.55,16.27,7.13,0.92,17.51,18.61
design_1079,0.93,0.93,2.34,nan,nan,nan,0.77,1.52,17.02,7.44,0.92,11.88,12.46
design_1080,0.44,0.46,0.84,nan,nan,nan,0.45,0.65,17.85,7.92,0.92,23.21,15.28
design_1081,0.33,0.45,0.71,nan,nan,nan,0.42,0.55,17.54,7.79,0.92,20.1,14.5
design_1082,0.36,0.45,0.81,nan,nan,nan,0.42,0.62,17.98,7.97,0.92,24.5,19.27
design_1083,0.42,0.54,0.63,nan,nan,nan,0.4,0.55,17.68,7.84,0.92,22.08,14.34
design_1084,0.42,0.48,0.99,nan,nan,nan,0.48,0.73,17.18,7.62,0.92,16.11,14.21
design_1085,0.32,0.51,0.76,nan,nan,nan,0.42,0.59,17.91,7.93,0.92,22.13,19.51
design_1086,0.46,0.45,0.92,nan,nan,nan,0.45,0.69,17.69,7.85,0.92,15.69,13.2
design_1087,0.55,0.59,0.79,nan,nan,nan,0.44,0.67,17.95,7.97,0.92,16.09,12.11
design_1088,0.4,0.8,1.15,nan,nan,nan,0.52,0.87,15.29,6.82,0.92,22.38,15.03
design_1089,0.44,0.38,1.03,nan,nan,nan,0.47,0.73,17.46,7.71,0.92,19.99,17.13
design_1090,0.37,0.78,0.91,nan,nan,nan,0.49,0.74,17.13,7.58,0.92,7.08,6.02
design_1091,0.56,0.61,1.05,nan,nan,nan,0.52,0.81,17.64,7.79,0.92,11.07,7.33
design_1092,0.66,0.38,1.03,nan,nan,nan,0.49,0.78,15.69,6.98,0.92,21.67,15.11
design_1093,0.52,1.02,1.18,nan,nan,nan,0.55,0.97,16.24,7.22,0.92,22.25,14.9
design_1094,0.38,0.76,1.1,nan,nan,nan,0.51,0.84,16.42,7.29,0.92,22.2,15.45
design_1095,0.47,0.99,1.12,nan,nan,nan,0.54,0.92,15.98,7.11,0.92,21.89,14.52
design_1096,0.72,0.56,1.13,nan,nan,nan,0.55,0.86,17.27,7.61,0.92,13.88,5.57
design_1097,0.54,0.44,1.23,nan,nan,nan,0.54,0.85,17.49,7.72,0.92,22.61,17.05
design_1098,0.55,0.39,1.08,nan,nan,nan,0.52,0.77,17.76,7.83,0.92,19.01,13.89
design_1099,0.6,0.47,1.05,nan,nan,nan,0.55,0.78,17.63,7.77,0.92,19.42,13.55
design_1100,0.61,0.52,0.9,nan,nan,nan,0.53,0.71,17.05,7.52,0.92,16.9,15.99
design_1101,0.77,0.45,1.21,nan,nan,nan,0.56,0.9,17.57,7.77,0.92,17.13,9.36
design_1102,0.66,0.46,1.11,nan,nan,nan,0.54,0.82,17.61,7.77,0.92,7.28,3.3
design_1103,0.57,0.41,1.29,nan,nan,nan,0.55,0.89,18.26,8.02,0.92,10.9,9.17
design_1104,1.05,0.63,2.54,nan,nan,nan,0.94,1.87,16.38,7.37,0.91,20.63,16.87
design_1105,0.93,0.54,2.56,nan,nan,nan,0.94,1.86,16.03,7.22,0.91,19.04,14.48
design_1106,1.08,0.56,2.65,nan,nan,nan,0.97,1.94,16.66,7.49,0.91,12.02,9.37
design_1107,0.98,0.37,2.35,nan,nan,nan,0.86,1.72,16.4,7.39,0.91,20.52,17.49
design_1108,0.87,0.39,2.35,nan,nan,nan,0.86,1.7,16.02,7.23,0.91,16.63,12.88
design_1109,0.63,0.55,2.36,nan,nan,nan,0.85,1.69,16.11,7.29,0.91,20.88,15.37
design_1110,0.63,0.48,2.6,nan,nan,nan,0.92,1.85,17.73,7.94,0.91,20.1,15.39
design_1111,1.0,0.55,2.7,nan,nan,nan,0.97,1.96,15.76,7.13,0.91,21.62,17.88
design_1112,0.39,0.75,0.53,nan,nan,nan,0.41,0.57,17.7,7.75,0.92,21.88,15.87
design_1113,0.53,1.07,2.07,nan,nan,nan,0.74,1.39,17.3,7.59,0.92,14.13,16.35
design_1114,0.48,0.76,0.61,nan,nan,nan,0.43,0.62,17.91,7.85,0.92,23.39,14.91
design_1115,0.56,1.01,2.05,nan,nan,nan,0.76,1.37,17.1,7.5,0.92,13.74,16.75
design_1116,0.54,0.94,0.38,nan,nan,nan,0.44,0.65,17.72,7.77,0.92,14.63,16.93
design_1117,0.43,0.74,0.59,nan,nan,nan,0.42,0.6,17.79,7.8,0.92,23.4,17.78
design_1118,0.6,1.16,1.55,nan,nan,nan,0.65,1.17,17.29,7.58,0.92,22.66,18.98
design_1119,0.5,0.87,0.34,nan,nan,nan,0.46,0.59,17.32,7.6,0.92,17.57,20.0
design_1120,0.6,0.56,1.83,nan,nan,nan,0.66,1.28,17.8,7.92,0.91,17.15,13.86
design_1121,0.68,0.56,2.99,nan,nan,nan,0.98,2.03,18.5,8.25,0.91,10.67,9.44
design_1122,0.61,0.51,2.26,nan,nan,nan,0.77,1.55,18.34,8.16,0.91,26.36,18.29
design_1123,0.8,0.58,2.8,nan,nan,nan,0.94,1.92,19.09,8.52,0.9,14.46,10.03
design_1124,0.56,0.48,1.76,nan,nan,nan,0.65,1.23,18.62,8.27,0.91,27.35,17.19
design_1125,0.58,0.52,1.79,nan,nan,nan,0.66,1.25,18.01,8.01,0.91,26.48,18.43
design_1126,0.67,0.61,1.65,nan,nan,nan,0.64,1.19,17.26,7.7,0.91,26.96,17.78
design_1127,0.67,0.58,2.95,nan,nan,nan,0.98,2.0,16.66,7.47,0.91,17.96,17.17
design_1128,0.53,0.7,1.78,nan,nan,nan,0.62,1.2,17.97,7.91,0.92,21.72,14.73
design_1129,0.45,0.79,1.52,nan,nan,nan,0.58,1.06,17.33,7.64,0.92,12.44,12.63
design_1130,0.42,0.68,1.78,nan,nan,nan,0.62,1.18,17.29,7.63,0.92,13.1,12.38
design_1131,0.43,0.55,1.71,nan,nan,nan,0.59,1.12,17.77,7.83,0.92,17.09,13.87
design_1132,0.45,0.77,3.47,nan,nan,nan,1.0,2.2,17.75,7.87,0.91,20.91,14.61
design_1133,0.52,0.64,3.02,nan,nan,nan,0.9,1.92,19.26,8.47,0.91,16.21,20.68
design_1134,0.41,0.84,2.64,nan,nan,nan,0.8,1.71,18.12,8.01,0.91,16.09,14.66
design_1135,0.51,0.88,3.21,nan,nan,nan,0.94,2.06,17.87,7.9,0.91,7.65,9.08
design_1136,1.24,0.67,0.55,nan,nan,nan,0.56,0.88,17.8,7.8,0.92,15.21,9.49
design_1137,0.75,0.74,0.56,nan,nan,nan,0.47,0.69,17.56,7.7,0.92,14.23,11.21
design_1138,0.6,0.5,0.61,nan,nan,nan,0.45,0.58,17.73,7.77,0.92,22.99,17.23
design_1139,0.91,0.61,0.67,nan,nan,nan,0.5,0.75,17.96,7.88,0.91,5.61,3.98
design_1140,0.6,0.71,0.72,nan,nan,nan,0.47,0.68,17.71,7.76,0.92,21.46,17.6
design_1141,0.74,0.52,0.67,nan,nan,nan,0.46,0.66,16.42,7.24,0.91,12.38,8.19
design_1142,0.86,0.53,0.51,nan,nan,nan,0.45,0.66,17.72,7.76,0.92,14.23,10.59
design_1143,0.67,0.6,0.7,nan,nan,nan,0.48,0.66,15.35,6.8,0.91,8.87,6.06
design_1144,1.26,0.72,0.57,nan,nan,nan,0.57,0.92,16.99,7.46,0.92,21.33,19.48
design_1145,0.9,0.6,0.46,nan,nan,nan,0.53,0.69,17.27,7.57,0.92,21.31,20.5
design_1146,2.09,0.98,0.99,nan,nan,nan,0.8,1.49,16.83,7.38,0.92,21.47,20.56
design_1147,1.33,0.55,1.51,nan,nan,nan,0.71,1.21,17.08,7.47,0.92,20.85,20.56
design_1148,0.93,0.61,0.4,nan,nan,nan,0.51,0.7,17.26,7.55,0.92,22.23,19.16
design_1149,1.21,0.47,0.43,nan,nan,nan,0.6,0.82,16.69,7.34,0.91,21.07,19.75
design_1150,1.11,0.79,0.56,nan,nan,nan,0.58,0.87,18.75,8.19,0.92,10.33,6.6
design_1151,1.4,1.02,0.55,nan,nan,nan,0.63,1.07,17.17,7.53,0.92,20.87,20.11
design_1152,1.06,0.51,1.31,nan,nan,nan,0.62,1.03,17.49,7.65,0.93,14.04,13.28
design_1153,0.95,0.69,1.6,nan,nan,nan,0.65,1.16,15.03,6.67,0.92,10.15,4.29
design_1154,0.72,0.56,1.38,nan,nan,nan,0.56,0.97,17.75,7.78,0.92,7.76,2.96
design_1155,1.92,0.74,1.21,nan,nan,nan,0.69,1.4,17.61,7.75,0.92,8.45,9.79
design_1156,1.01,0.57,1.77,nan,nan,nan,0.68,1.25,12.15,5.48,0.91,10.41,3.79
design_1157,1.34,0.51,0.97,nan,nan,nan,0.69,1.02,11.92,5.38,0.92,12.55,4.69
design_1158,1.16,0.59,1.49,nan,nan,nan,0.64,1.16,17.31,7.62,0.91,19.63,18.18
design_1159,1.25,0.79,1.6,nan,nan,nan,0.69,1.28,16.91,7.41,0.92,10.05,5.03
design_1160,0.83,1.13,1.63,nan,nan,nan,0.67,1.28,17.85,7.94,0.91,9.95,9.01
design_1161,0.47,1.16,4.02,nan,nan,nan,1.2,2.66,18.32,8.12,0.91,13.58,13.21
design_1162,0.54,1.14,2.29,nan,nan,nan,0.79,1.61,18.99,8.41,0.91,20.67,20.37
design_1163,0.47,1.12,1.62,nan,nan,nan,0.63,1.22,17.57,7.8,0.91,10.87,7.33
design_1164,0.7,1.14,4.03,nan,nan,nan,1.22,2.68,19.35,8.55,0.91,17.35,12.04
design_1165,0.59,1.08,2.2,nan,nan,nan,0.77,1.55,18.67,8.26,0.91,12.7,14.92
design_1166,0.6,0.83,5.62,nan,nan,nan,1.62,3.64,18.55,8.25,0.9,14.56,18.36
design_1167,0.52,1.16,1.94,nan,nan,nan,0.72,1.41,18.64,8.26,0.91,12.13,9.04
design_1168,0.91,0.56,2.21,nan,nan,nan,0.76,1.45,17.13,7.54,0.92,17.96,16.4
design_1169,0.73,0.39,2.4,nan,nan,nan,0.76,1.5,18.08,7.92,0.92,18.07,11.47
design_1170,0.92,0.47,1.94,nan,nan,nan,0.72,1.29,16.94,7.44,0.92,17.77,12.58
design_1171,0.77,0.49,2.27,nan,nan,nan,0.76,1.44,17.06,7.49,0.92,21.48,14.28
design_1172,0.82,0.47,2.49,nan,nan,nan,0.79,1.57,17.41,7.64,0.92,10.13,8.98
design_1173,0.77,0.49,2.22,nan,nan,nan,0.72,1.42,17.28,7.6,0.92,22.52,12.48
design_1174,0.83,0.55,2.03,nan,nan,nan,0.69,1.33,17.31,7.61,0.92,26.87,16.54
design_1175,0.97,0.55,2.26,nan,nan,nan,0.78,1.48,17.11,7.53,0.92,12.85,9.87
design_1176,0.68,0.73,3.26,nan,nan,nan,1.01,2.16,17.13,7.64,0.9,5.53,5.47
design_1177,0.47,0.56,2.85,nan,nan,nan,0.9,1.86,18.23,8.08,0.91,24.9,17.56
design_1178,0.58,0.63,5.75,nan,nan,nan,1.65,3.7,17.33,7.69,0.91,23.25,17.11
design_1179,0.63,0.59,2.63,nan,nan,nan,0.87,1.75,17.26,7.68,0.91,7.3,8.27
design_1180,0.67,0.54,3.19,nan,nan,nan,1.01,2.09,14.58,6.56,0.9,6.7,5.92
design_1181,0.61,0.64,2.8,nan,nan,nan,0.9,1.86,15.36,6.88,0.91,17.67,15.65
design_1182,0.76,0.57,2.86,nan,nan,nan,0.94,1.91,16.09,7.18,0.91,10.52,6.97
design_1183,0.58,0.59,3.4,nan,nan,nan,1.05,2.22,16.4,7.34,0.9,13.96,13.12
design_1184,1.17,0.36,2.8,nan,nan,nan,0.78,1.66,15.94,7.02,0.92,21.63,21.38
design_1185,1.27,0.33,3.72,nan,nan,nan,0.95,2.12,14.66,6.5,0.92,22.8,19.84
design_1186,1.23,0.4,1.49,nan,nan,nan,0.62,1.12,15.62,6.88,0.92,17.37,16.9
design_1187,1.13,0.36,2.95,nan,nan,nan,0.81,1.72,15.57,6.87,0.92,22.34,20.17
design_1188,1.37,0.37,1.9,nan,nan,nan,0.68,1.33,16.4,7.21,0.92,22.35,21.93
design_1189,1.32,0.42,1.68,nan,nan,nan,0.65,1.23,15.37,6.79,0.92,22.04,21.06
design_1190,1.11,0.35,1.65,nan,nan,nan,0.62,1.13,16.24,7.14,0.92,22.14,21.68
design_1191,1.05,0.39,1.24,nan,nan,nan,0.58,0.95,16.27,7.15,0.91,20.67,19.98
design_1192,0.67,0.55,2.07,nan,nan,nan,0.78,1.47,17.22,7.66,0.92,20.2,15.57
design_1193,0.63,0.41,2.5,nan,nan,nan,0.9,1.74,5.69,2.9,0.91,2.94,2.55
design_1194,0.65,0.46,2.3,nan,nan,nan,0.83,1.61,16.79,7.48,0.92,6.27,3.99
design_1195,0.55,0.51,2.07,nan,nan,nan,0.77,1.46,17.38,7.74,0.92,8.33,5.45
design_1196,0.58,0.58,2.47,nan,nan,nan,0.88,1.73,7.46,3.63,0.91,2.73,2.3
design_1197,0.53,0.6,1.8,nan,nan,nan,0.71,1.29,17.87,7.95,0.92,15.78,13.86
design_1198,0.58,0.36,2.47,nan,nan,nan,0.87,1.71,6.65,3.29,0.91,2.47,2.2
design_1199,0.45,0.47,2.08,nan,nan,nan,0.77,1.45,12.79,5.87,0.9,2.64,2.21
design_1200,0.53,0.42,2.37,nan,nan,nan,0.76,1.56,19.35,8.52,0.92,13.06,11.43
design_1201,0.54,0.65,2.33,nan,nan,nan,0.75,1.56,17.98,7.99,0.91,24.86,18.0
design_1202,0.6,0.58,1.9,nan,nan,nan,0.66,1.3,18.58,8.25,0.91,18.9,14.82
design_1203,0.67,0.54,2.13,nan,nan,nan,0.71,1.44,19.42,8.61,0.91,24.4,18.15
design_1204,0.91,0.46,2.85,nan,nan,nan,0.89,1.91,18.01,7.95,0.92,19.45,12.67
design_1205,0.47,0.47,2.64,nan,nan,nan,0.82,1.73,17.88,7.89,0.92,14.56,9.47
design_1206,0.46,0.56,2.37,nan,nan,nan,0.76,1.57,18.31,8.13,0.91,25.32,18.21
design_1207,0.44,0.64,2.59,nan,nan,nan,0.81,1.71,18.65,8.26,0.91,25.09,18.06
design_1208,0.5,0.36,1.41,nan,nan,nan,0.59,1.01,4.41,2.39,0.91,1.06,0.89
design_1209,0.64,0.47,1.26,nan,nan,nan,0.59,0.95,4.41,2.41,0.91,0.83,0.78
design_1210,0.53,0.41,0.81,nan,nan,nan,0.52,0.65,10.39,4.86,0.91,19.9,16.97
design_1211,0.58,0.42,1.82,nan,nan,nan,0.7,1.29,4.19,2.31,0.91,1.73,1.13
design_1212,0.53,0.51,0.73,nan,nan,nan,0.47,0.63,3.71,2.09,0.92,1.17,0.71
design_1213,0.64,0.52,1.89,nan,nan,nan,0.72,1.35,4.62,2.49,0.91,1.88,1.09
design_1214,0.72,0.62,1.08,nan,nan,nan,0.56,0.88,14.68,6.69,0.9,16.08,15.99
design_1215,0.59,0.46,0.83,nan,nan,nan,0.48,0.69,3.43,1.97,0.92,0.82,0.6
design_1216,0.86,0.51,0.6,nan,nan,nan,0.49,0.66,4.77,2.53,0.92,5.46,3.59
design_1217,0.87,0.47,0.85,nan,nan,nan,0.53,0.78,16.43,7.39,0.92,10.31,5.8
design_1218,0.49,0.56,1.21,nan,nan,nan,0.61,0.93,12.96,5.93,0.92,22.36,19.55
design_1219,0.93,0.43,1.03,nan,nan,nan,0.58,0.9,16.16,7.27,0.92,18.3,16.04
design_1220,0.6,0.63,1.1,nan,nan,nan,0.58,0.89,14.26,6.47,0.92,22.62,19.58
design_1221,0.51,0.7,1.03,nan,nan,nan,0.55,0.84,14.8,6.7,0.92,23.28,21.41
design_1222,0.86,0.26,0.73,nan,nan,nan,0.5,0.69,3.78,2.12,0.92,25.8,17.89
design_1223,0.97,0.52,1.13,nan,nan,nan,0.61,0.98,16.73,7.52,0.92,19.45,18.02
design_1224,0.96,0.27,0.83,nan,nan,nan,0.52,0.77,5.01,2.62,0.91,2.17,1.96
design_1225,1.08,0.74,0.87,nan,nan,nan,0.55,0.91,4.94,2.6,0.91,2.63,2.62
design_1226,0.67,0.38,0.72,nan,nan,nan,0.51,0.64,16.82,7.56,0.91,22.78,15.28
design_1227,0.69,0.43,1.6,nan,nan,nan,0.68,1.17,5.41,2.8,0.91,1.64,1.33
design_1228,0.68,0.38,0.68,nan,nan,nan,0.5,0.62,15.27,6.86,0.92,24.27,16.86
design_1229,0.8,0.22,0.52,nan,nan,nan,0.49,0.57,3.5,1.99,0.92,1.31,0.98
design_1230,0.89,0.24,0.73,nan,nan,nan,0.49,0.7,17.2,7.73,0.9,8.71,6.44
design_1231,0.87,0.29,0.72,nan,nan,nan,0.49,0.69,14.15,6.39,0.92,24.42,17.55
design_1232,0.55,0.75,5.01,nan,nan,nan,1.22,2.87,18.4,8.05,0.91,24.05,17.95
design_1233,0.5,0.86,4.92,nan,nan,nan,1.21,2.82,16.8,7.38,0.92,29.17,19.19
design_1234,0.48,0.78,4.77,nan,nan,nan,1.17,2.73,17.78,7.83,0.91,25.57,18.41
design_1235,0.58,0.82,4.9,nan,nan,nan,1.21,2.81,17.15,7.54,0.91,28.63,20.21
design_1236,0.52,0.74,4.72,nan,nan,nan,1.17,2.7,17.43,7.66,0.91,29.13,20.34
design_1237,0.51,0.71,0.93,nan,nan,nan,0.48,0.73,16.7,7.3,0.92,31.18,21.85
design_1238,0.53,0.73,4.71,nan,nan,nan,1.17,2.7,17.28,7.59,0.92,16.44,7.18
design_1239,0.59,0.75,4.63,nan,nan,nan,1.15,2.66,17.43,7.66,0.91,28.8,21.29
design_1240,0.84,0.63,1.86,nan,nan,nan,0.66,1.26,17.71,7.77,0.92,21.29,15.49
design_1241,0.68,1.06,0.54,nan,nan,nan,0.49,0.77,17.93,7.85,0.92,21.0,19.93
design_1242,0.74,1.15,1.79,nan,nan,nan,0.67,1.31,18.28,8.01,0.92,21.02,16.45
design_1243,0.58,1.04,0.42,nan,nan,nan,0.48,0.71,18.27,7.99,0.92,22.04,17.4
design_1244,0.71,1.03,0.48,nan,nan,nan,0.51,0.76,17.49,7.66,0.92,22.46,18.35
design_1245,0.66,0.92,0.4,nan,nan,nan,0.47,0.68,17.84,7.82,0.92,22.04,18.23
design_1246,0.6,0.82,0.44,nan,nan,nan,0.48,0.63,17.24,7.55,0.93,20.89,15.43
design_1247,0.7,1.08,0.36,nan,nan,nan,0.52,0.75,17.61,7.72,0.92,22.21,17.52
design_1248,0.78,0.78,1.15,nan,nan,nan,0.55,0.95,17.75,7.87,0.91,27.17,17.6
design_1249,0.42,0.92,0.65,nan,nan,nan,0.45,0.68,17.57,7.78,0.91,28.04,16.63
design_1250,0.68,0.83,1.12,nan,nan,nan,0.54,0.92,17.83,7.91,0.91,26.08,18.41
design_1251,0.92,0.96,0.68,nan,nan,nan,0.51,0.84,16.39,7.3,0.92,26.49,18.24
design_1252,0.76,0.97,0.64,nan,nan,nan,0.49,0.78,16.21,7.23,0.91,26.34,18.46
design_1253,0.58,0.77,0.86,nan,nan,nan,0.48,0.75,17.43,7.71,0.92,28.17,16.81
design_1254,0.61,0.88,0.59,nan,nan,nan,0.45,0.69,17.37,7.66,0.92,25.68,19.71
design_1255,0.48,0.88,0.77,nan,nan,nan,0.46,0.73,16.67,7.38,0.92,26.76,17.92
design_1256,0.65,0.56,1.56,nan,nan,nan,0.55,1.01,17.45,7.66,0.91,23.87,22.21
design_1257,0.6,0.76,1.72,nan,nan,nan,0.58,1.12,17.57,7.71,0.92,23.09,18.23
design_1258,0.65,0.56,1.39,nan,nan,nan,0.53,0.93,17.38,7.63,0.92,22.52,17.8
design_1259,0.58,0.59,4.01,nan,nan,nan,1.01,2.31,17.09,7.51,0.91,23.14,20.39
design_1260,0.66,0.52,1.47,nan,nan,nan,0.55,0.97,16.96,7.46,0.92,23.81,20.1
design_1261,0.64,0.83,1.7,nan,nan,nan,0.59,1.13,17.53,7.68,0.92,17.98,15.73
design_1262,0.68,0.67,1.13,nan,nan,nan,0.48,0.84,15.99,7.06,0.91,22.5,19.41
design_1263,0.6,0.69,1.4,nan,nan,nan,0.53,0.95,17.28,7.59,0.92,23.53,19.26
design_1264,1.06,0.51,0.95,nan,nan,nan,0.49,0.89,15.52,6.87,0.91,14.45,12.67
design_1265,1.03,0.52,1.9,nan,nan,nan,0.66,1.31,16.49,7.27,0.92,27.36,19.56
design_1266,1.34,0.67,1.92,nan,nan,nan,0.71,1.43,17.61,7.75,0.91,25.97,19.27
design_1267,1.34,0.61,1.85,nan,nan,nan,0.69,1.39,17.66,7.77,0.91,18.78,15.33
design_1268,1.17,0.44,1.0,nan,nan,nan,0.53,0.94,19.02,8.34,0.91,27.47,18.94
design_1269,1.33,0.61,1.77,nan,nan,nan,0.7,1.35,16.55,7.31,0.91,28.05,18.15
design_1270,1.34,0.56,1.78,nan,nan,nan,0.69,1.35,17.28,7.6,0.92,7.97,4.43
design_1271,1.31,0.54,1.87,nan,nan,nan,0.71,1.38,17.4,7.67,0.91,22.0,14.11
design_1272,0.79,0.82,1.92,nan,nan,nan,0.7,1.31,17.66,7.74,0.92,22.22,18.01
design_1273,1.02,1.06,1.71,nan,nan,nan,0.71,1.31,17.24,7.57,0.92,18.89,16.72
design_1274,0.75,0.46,0.9,nan,nan,nan,0.54,0.74,17.01,7.47,0.92,16.34,16.96
design_1275,0.81,0.65,1.08,nan,nan,nan,0.55,0.87,18.03,7.91,0.92,21.13,21.56
design_1276,0.89,0.72,1.08,nan,nan,nan,0.55,0.92,17.33,7.6,0.92,20.37,17.16
design_1277,0.78,0.73,1.76,nan,nan,nan,0.67,1.21,17.96,7.87,0.92,15.08,18.3
design_1278,0.81,0.72,0.67,nan,nan,nan,0.53,0.73,17.06,7.49,0.92,17.11,16.05
design_1279,0.84,0.73,1.28,nan,nan,nan,0.59,0.99,17.34,7.62,0.92,15.41,16.66
design_1280,0.99,0.58,1.74,nan,nan,nan,0.66,1.28,15.73,7.03,0.91,22.86,17.11
design_1281,0.55,0.5,1.74,nan,nan,nan,0.62,1.18,15.33,6.85,0.92,22.69,18.3
design_1282,0.73,0.62,2.41,nan,nan,nan,0.79,1.62,17.23,7.65,0.92,17.15,16.73
design_1283,0.53,0.67,2.27,nan,nan,nan,0.74,1.52,18.59,8.21,0.92,22.64,17.15
design_1284,0.97,0.64,1.9,nan,nan,nan,0.7,1.37,17.1,7.61,0.91,21.98,17.04
design_1285,0.58,0.54,2.32,nan,nan,nan,0.75,1.55,16.95,7.58,0.9,11.1,11.14
design_1286,0.73,0.66,2.27,nan,nan,nan,0.76,1.55,17.65,7.87,0.9,14.38,15.24
design_1287,0.71,0.6,1.34,nan,nan,nan,0.56,1.0,15.82,7.05,0.92,22.35,15.92
design_1288,0.87,0.48,1.16,nan,nan,nan,0.51,0.88,16.24,7.17,0.92,30.48,19.3
design_1289,0.48,0.43,1.29,nan,nan,nan,0.5,0.82,16.83,7.39,0.92,28.22,20.85
design_1290,0.56,0.52,1.15,nan,nan,nan,0.47,0.79,17.2,7.54,0.92,25.94,18.79
design_1291,0.48,0.42,1.06,nan,nan,nan,0.47,0.7,17.01,7.44,0.92,25.46,22.09
design_1292,0.48,0.6,0.98,nan,nan,nan,0.43,0.71,17.56,7.69,0.92,22.99,20.02
design_1293,0.51,0.67,0.98,nan,nan,nan,0.47,0.73,16.78,7.37,0.92,24.35,18.61
design_1294,0.51,0.54,1.04,nan,nan,nan,0.45,0.73,18.03,7.89,0.92,21.22,23.73
design_1295,0.45,0.71,0.86,nan,nan,nan,0.44,0.68,17.96,7.86,0.92,2.75,2.39
design_1296,1.3,0.42,1.31,nan,nan,nan,0.75,1.16,16.98,7.59,0.92,18.1,15.38
design_1297,1.43,0.61,1.18,nan,nan,nan,0.72,1.15,18.17,8.12,0.91,20.67,16.47
design_1298,1.37,0.35,1.3,nan,nan,nan,0.77,1.17,16.27,7.33,0.91,18.0,14.56
design_1299,1.35,0.47,0.99,nan,nan,nan,0.66,1.02,16.55,7.42,0.92,24.88,18.06
design_1300,1.24,0.61,1.08,nan,nan,nan,0.68,1.04,17.65,7.91,0.91,22.25,17.65
design_1301,1.21,0.78,1.39,nan,nan,nan,0.69,1.22,17.59,7.86,0.92,22.71,17.57
design_1302,1.69,0.54,1.0,nan,nan,nan,0.73,1.16,17.18,7.7,0.92,14.66,14.66
design_1303,1.28,0.28,1.01,nan,nan,nan,0.7,0.98,17.84,7.99,0.92,19.98,17.13
design_1304,0.53,0.8,2.69,nan,nan,nan,0.9,1.84,19.3,8.6,0.9,23.74,17.04
design_1305,0.66,0.62,2.26,nan,nan,nan,0.79,1.57,17.8,7.95,0.9,5.64,4.84
design_1306,0.56,0.73,1.92,nan,nan,nan,0.72,1.36,18.58,8.3,0.9,6.51,4.88
design_1307,0.44,0.72,1.82,nan,nan,nan,0.68,1.28,19.27,8.57,0.91,7.98,8.95
design_1308,0.57,0.62,1.64,nan,nan,nan,0.65,1.17,19.44,8.67,0.9,17.11,19.25
design_1309,0.58,0.84,2.08,nan,nan,nan,0.75,1.47,19.35,8.63,0.9,11.1,8.36
design_1310,0.56,0.77,2.39,nan,nan,nan,0.82,1.66,18.27,8.15,0.9,6.52,5.34
design_1311,0.58,0.65,1.66,nan,nan,nan,0.65,1.19,18.46,8.26,0.9,5.27,4.84
design_1312,0.38,0.45,1.71,nan,nan,nan,0.62,1.14,16.04,7.13,0.92,23.11,16.57
design_1313,0.44,0.38,1.75,nan,nan,nan,0.62,1.16,16.08,7.16,0.92,22.26,17.0
design_1314,0.42,0.38,1.51,nan,nan,nan,0.57,1.02,15.73,6.99,0.92,21.25,16.08
design_1315,0.38,0.39,1.41,nan,nan,nan,0.55,0.95,14.82,6.62,0.92,22.64,15.96
design_1316,0.39,0.59,1.71,nan,nan,nan,0.62,1.16,17.74,7.85,0.92,22.76,16.11
design_1317,0.46,0.47,1.6,nan,nan,nan,0.6,1.08,15.05,6.72,0.92,22.23,15.55
design_1318,0.38,0.39,1.73,nan,nan,nan,0.62,1.14,16.26,7.22,0.92,22.07,17.31
design_1319,0.73,0.42,1.82,nan,nan,nan,0.66,1.25,17.04,7.56,0.92,20.62,17.09
design_1320,0.9,0.46,0.58,nan,nan,nan,0.51,0.69,16.27,7.15,0.92,15.65,11.86
design_1321,0.9,0.44,0.76,nan,nan,nan,0.51,0.74,17.29,7.58,0.92,18.54,12.69
design_1322,0.83,0.75,1.29,nan,nan,nan,0.62,0.98,17.26,7.56,0.92,11.45,6.76
design_1323,0.71,0.52,3.99,nan,nan,nan,1.04,2.3,17.03,7.51,0.91,19.53,13.31
design_1324,1.01,0.49,3.34,nan,nan,nan,0.92,1.99,16.81,7.44,0.91,14.62,15.69
design_1325,0.92,0.46,0.65,nan,nan,nan,0.52,0.72,16.1,7.07,0.92,18.38,12.21
design_1326,1.47,0.64,5.71,nan,nan,nan,1.44,3.35,16.96,7.45,0.91,15.51,14.29
design_1327,0.72,0.39,3.99,nan,nan,nan,1.04,2.3,17.38,7.67,0.91,13.17,13.66
design_1328,0.72,0.71,1.34,nan,nan,nan,0.55,1.0,17.6,7.75,0.92,28.43,16.41
design_1329,0.62,0.72,1.37,nan,nan,nan,0.57,1.0,16.76,7.39,0.92,26.52,18.44
design_1330,0.67,0.75,1.25,nan,nan,nan,0.56,0.95,16.91,7.46,0.92,26.99,17.54
design_1331,0.96,0.77,1.33,nan,nan,nan,0.59,1.07,17.25,7.6,0.92,26.71,17.85
design_1332,0.69,0.64,0.84,nan,nan,nan,0.48,0.74,17.33,7.62,0.92,24.74,16.69
design_1333,0.98,0.79,1.39,nan,nan,nan,0.6,1.11,17.57,7.73,0.92,26.67,18.58
design_1334,0.64,0.76,1.16,nan,nan,nan,0.53,0.9,17.07,7.52,0.92,25.91,18.62
design_1335,0.73,0.68,1.05,nan,nan,nan,0.51,0.85,17.58,7.73,0.92,29.09,17.55
design_1336,0.83,0.35,0.69,nan,nan,nan,0.54,0.67,17.72,7.74,0.92,19.33,17.3
design_1337,0.69,0.42,4.67,nan,nan,nan,1.17,2.67,18.23,8.01,0.91,23.35,15.6
design_1338,0.77,0.55,0.89,nan,nan,nan,0.51,0.75,18.32,8.01,0.92,23.28,17.36
design_1339,0.83,0.48,1.26,nan,nan,nan,0.54,0.91,17.98,7.88,0.91,21.5,16.68
design_1340,0.8,0.48,5.19,nan,nan,nan,1.28,2.97,18.24,7.98,0.91,21.8,17.8
design_1341,0.84,0.42,0.77,nan,nan,nan,0.48,0.71,17.69,7.73,0.92,16.89,16.56
design_1342,0.74,0.4,0.58,nan,nan,nan,0.51,0.6,17.19,7.52,0.92,10.91,13.16
design_1343,0.72,0.49,4.92,nan,nan,nan,1.22,2.82,17.69,7.76,0.92,19.2,15.42
design_1344,0.85,0.79,0.84,nan,nan,nan,0.54,0.83,17.16,7.69,0.91,7.86,8.51
design_1345,1.01,0.65,1.06,nan,nan,nan,0.59,0.96,16.92,7.62,0.9,4.39,4.71
design_1346,1.23,0.86,0.78,nan,nan,nan,0.61,0.95,4.2,2.3,0.92,1.28,1.24
design_1347,0.59,0.74,1.26,nan,nan,nan,0.66,0.98,9.79,4.65,0.9,21.66,17.74
design_1348,0.89,0.47,1.09,nan,nan,nan,0.58,0.91,4.41,2.38,0.91,1.35,1.19
design_1349,0.95,0.72,1.12,nan,nan,nan,0.66,0.98,12.45,5.71,0.91,8.26,4.16
design_1350,0.96,0.77,0.9,nan,nan,nan,0.59,0.88,4.37,2.37,0.91,1.24,0.99
design_1351,0.81,0.82,1.41,nan,nan,nan,0.62,1.13,18.79,8.38,0.91,12.98,7.09
design_1352,0.48,0.66,3.35,nan,nan,nan,1.06,2.25,17.73,7.89,0.91,8.47,8.07
design_1353,0.48,0.6,3.1,nan,nan,nan,0.99,2.08,17.01,7.61,0.91,11.34,10.34
design_1354,0.51,0.54,2.84,nan,nan,nan,0.93,1.91,16.32,7.35,0.9,10.4,8.41
design_1355,0.48,0.62,3.23,nan,nan,nan,1.03,2.17,19.15,8.5,0.91,17.27,10.24
design_1356,0.45,0.62,3.24,nan,nan,nan,1.03,2.17,17.53,7.83,0.9,12.96,9.8
design_1357,0.51,0.66,3.45,nan,nan,nan,1.08,2.31,16.99,7.58,0.91,9.98,8.6
design_1358,0.5,0.52,3.59,nan,nan,nan,1.13,2.4,17.41,7.79,0.9,13.25,9.44
design_1359,0.55,0.75,3.85,nan,nan,nan,1.2,2.59,17.12,7.63,0.91,10.1,8.22
design_1360,0.95,0.56,0.96,nan,nan,nan,0.53,0.86,17.37,7.65,0.92,10.22,10.79
design_1361,1.03,0.65,2.2,nan,nan,nan,0.8,1.52,17.49,7.73,0.92,12.1,13.35
design_1362,0.97,0.57,1.06,nan,nan,nan,0.62,0.91,16.43,7.25,0.92,11.88,13.0
design_1363,0.95,0.73,1.37,nan,nan,nan,0.6,1.08,17.12,7.54,0.92,15.04,14.01
design_1364,0.95,0.58,1.17,nan,nan,nan,0.58,0.96,17.51,7.7,0.92,12.92,14.85
design_1365,1.17,0.7,0.79,nan,nan,nan,0.56,0.91,17.37,7.65,0.92,23.2,21.74
design_1366,0.89,0.47,0.72,nan,nan,nan,0.48,0.72,17.63,7.75,0.92,23.01,18.99
design_1367,0.83,0.73,1.06,nan,nan,nan,0.54,0.9,17.25,7.6,0.92,19.47,13.83
design_1368,0.74,0.36,0.84,nan,nan,nan,0.46,0.71,17.48,7.72,0.92,26.08,18.79
design_1369,0.88,0.26,0.73,nan,nan,nan,0.47,0.69,16.9,7.48,0.92,25.82,19.22
design_1370,0.45,0.35,0.98,nan,nan,nan,0.45,0.7,16.58,7.34,0.92,27.16,17.61
design_1371,0.53,0.51,0.95,nan,nan,nan,0.49,0.72,17.87,7.91,0.91,12.87,12.89
design_1372,0.42,0.42,0.8,nan,nan,nan,0.41,0.61,16.29,7.23,0.92,25.8,19.05
design_1373,0.51,0.43,0.85,nan,nan,nan,0.43,0.66,16.76,7.41,0.92,26.02,18.88
design_1374,0.44,0.5,0.82,nan,nan,nan,0.44,0.64,16.71,7.41,0.92,26.91,17.92
design_1375,0.45,0.46,0.99,nan,nan,nan,0.46,0.73,17.17,7.59,0.92,26.64,18.3
design_1376,0.46,0.87,1.44,nan,nan,nan,0.63,1.11,18.46,8.26,0.91,10.75,7.92
design_1377,0.39,0.96,1.19,nan,nan,nan,0.55,0.97,18.79,8.39,0.91,7.22,4.8
design_1378,0.44,0.81,1.41,nan,nan,nan,0.62,1.08,18.94,8.47,0.91,16.55,12.99
design_1379,0.48,0.73,1.57,nan,nan,nan,0.66,1.17,12.51,5.79,0.9,24.4,17.83
design_1380,0.96,0.96,1.57,nan,nan,nan,0.71,1.29,17.32,7.79,0.91,17.64,15.05
design_1381,0.44,0.71,1.32,nan,nan,nan,0.58,1.0,16.92,7.61,0.91,20.27,16.8
design_1382,0.91,0.9,1.29,nan,nan,nan,0.63,1.1,18.12,8.14,0.91,17.04,12.87
design_1383,0.45,0.71,1.19,nan,nan,nan,0.56,0.93,17.17,7.73,0.91,16.49,14.82
design_1384,0.49,0.58,0.76,nan,nan,nan,0.47,0.63,15.88,7.06,0.91,4.44,3.61
design_1385,0.62,0.61,1.48,nan,nan,nan,0.57,1.03,17.99,7.98,0.9,8.21,9.14
design_1386,0.67,0.72,1.01,nan,nan,nan,0.5,0.83,17.02,7.53,0.91,23.96,13.8
design_1387,0.75,0.56,5.1,nan,nan,nan,1.43,3.19,14.83,6.67,0.9,16.2,9.57
design_1388,0.75,0.67,5.17,nan,nan,nan,1.43,3.24,18.85,8.33,0.91,21.38,19.39
design_1389,0.46,0.72,0.72,nan,nan,nan,0.51,0.64,8.66,4.1,0.91,5.71,3.19
design_1390,0.85,0.62,1.55,nan,nan,nan,0.6,1.13,18.01,7.93,0.91,28.95,18.18
design_1391,0.6,0.7,1.62,nan,nan,nan,0.6,1.12,17.22,7.62,0.91,18.14,15.36
design_1392,0.66,1.16,0.56,nan,nan,nan,0.48,0.82,17.93,7.87,0.92,19.38,16.07
design_1393,0.92,1.37,0.8,nan,nan,nan,0.56,1.04,18.15,7.95,0.92,16.79,12.45
design_1394,0.76,1.25,0.87,nan,nan,nan,0.54,0.97,18.32,8.03,0.92,17.26,14.93
design_1395,0.68,0.58,0.28,nan,nan,nan,0.42,0.54,17.45,7.67,0.92,20.9,18.36
design_1396,0.62,0.82,0.25,nan,nan,nan,0.43,0.6,17.26,7.59,0.92,22.64,16.18
design_1397,0.62,1.11,0.48,nan,nan,nan,0.46,0.76,17.28,7.61,0.92,22.24,17.34
design_1398,0.74,0.97,0.5,nan,nan,nan,0.47,0.75,18.83,8.23,0.92,29.18,22.17
design_1399,0.82,1.41,1.86,nan,nan,nan,0.74,1.43,17.71,7.76,0.92,17.87,14.25
design_1400,0.6,0.49,1.29,nan,nan,nan,0.52,0.91,17.37,7.64,0.92,8.44,8.0
design_1401,0.74,0.54,1.3,nan,nan,nan,0.54,0.95,17.03,7.52,0.92,10.95,11.34
design_1402,0.69,0.51,1.12,nan,nan,nan,0.48,0.84,17.96,7.9,0.92,16.93,10.86
design_1403,0.73,0.52,1.46,nan,nan,nan,0.58,1.04,17.35,7.67,0.92,10.47,10.49
design_1404,0.59,0.43,1.2,nan,nan,nan,0.49,0.85,17.74,7.81,0.92,9.45,7.97
design_1405,0.62,0.54,1.39,nan,nan,nan,0.55,0.97,17.31,7.63,0.92,11.0,11.15
design_1406,0.64,0.6,1.03,nan,nan,nan,0.47,0.8,18.26,8.06,0.91,14.21,4.74
design_1407,0.64,0.5,1.21,nan,nan,nan,0.5,0.87,18.19,8.01,0.92,14.75,9.67
design_1408,0.52,0.31,0.87,nan,nan,nan,0.46,0.61,15.84,6.98,0.92,21.79,19.26
design_1409,0.4,0.41,1.17,nan,nan,nan,0.5,0.74,17.63,7.7,0.92,21.98,17.84
design_1410,0.67,0.36,0.92,nan,nan,nan,0.52,0.69,17.35,7.6,0.92,12.11,10.82
design_1411,0.8,0.29,1.93,nan,nan,nan,0.61,1.2,19.27,8.44,0.91,17.47,15.26
design_1412,0.66,0.4,0.72,nan,nan,nan,0.47,0.61,17.07,7.48,0.92,16.86,15.03
design_1413,0.75,0.39,1.1,nan,nan,nan,0.52,0.8,15.27,6.77,0.91,19.33,15.93
design_1414,0.51,0.31,1.21,nan,nan,nan,0.5,0.77,15.61,6.88,0.92,21.59,19.09
design_1415,0.53,0.49,1.29,nan,nan,nan,0.53,0.84,15.25,6.74,0.92,22.64,18.91
design_1416,0.41,0.59,3.22,nan,nan,nan,0.99,2.09,16.64,7.39,0.92,21.32,17.31
design_1417,0.52,0.48,1.39,nan,nan,nan,0.57,0.97,18.17,8.05,0.91,22.54,13.73
design_1418,0.49,0.54,1.47,nan,nan,nan,0.6,1.02,16.94,7.55,0.91,20.2,13.4
design_1419,0.45,0.59,1.35,nan,nan,nan,0.57,0.95,17.01,7.58,0.91,23.62,13.68
design_1420,0.55,0.6,1.52,nan,nan,nan,0.6,1.07,17.62,7.84,0.91,26.74,16.61
design_1421,0.67,0.45,1.35,nan,nan,nan,0.57,0.97,18.24,8.1,0.91,23.07,15.87
design_1422,0.63,0.61,1.52,nan,nan,nan,0.6,1.08,16.99,7.57,0.91,24.57,17.4
design_1423,0.6,0.47,1.32,nan,nan,nan,0.55,0.94,18.64,8.25,0.91,27.53,15.8
design_1424,1.01,0.69,1.11,nan,nan,nan,0.61,1.0,18.27,8.17,0.92,9.24,7.31
design_1425,1.04,0.71,1.35,nan,nan,nan,0.65,1.15,14.96,6.78,0.92,23.09,20.75
design_1426,1.38,1.19,1.33,nan,nan,nan,0.74,1.31,16.74,7.52,0.92,25.47,18.7
design_1427,1.36,0.98,1.52,nan,nan,nan,0.74,1.37,17.17,7.72,0.92,7.01,5.98
design_1428,1.21,1.1,1.22,nan,nan,nan,0.67,1.19,14.17,6.45,0.92,22.94,20.67
design_1429,0.87,0.61,0.61,nan,nan,nan,0.47,0.69,17.82,7.98,0.92,8.76,4.77
design_1430,1.33,1.26,1.5,nan,nan,nan,0.77,1.4,16.06,7.26,0.92,23.27,21.33
design_1431,1.06,1.05,1.39,nan,nan,nan,0.67,1.24,6.05,3.08,0.91,24.19,19.41
design_1432,0.79,0.9,1.35,nan,nan,nan,0.6,1.07,18.06,7.98,0.91,23.12,18.3
design_1433,0.76,0.81,0.97,nan,nan,nan,0.52,0.86,17.9,7.91,0.92,22.27,16.95
design_1434,1.35,0.74,1.83,nan,nan,nan,0.78,1.43,17.91,7.89,0.92,21.99,18.0
design_1435,1.35,0.74,2.52,nan,nan,nan,0.92,1.78,16.62,7.35,0.92,22.7,18.44
design_1436,1.23,0.7,1.5,nan,nan,nan,0.75,1.23,17.08,7.56,0.92,23.14,17.86
design_1437,1.28,0.79,1.3,nan,nan,nan,0.69,1.17,18.35,8.08,0.92,24.14,16.56
design_1438,1.26,0.73,1.32,nan,nan,nan,0.69,1.16,17.93,7.9,0.92,22.72,17.82
design_1439,1.31,0.66,1.35,nan,nan,nan,0.7,1.18,18.39,8.1,0.92,23.94,18.62
design_1440,0.93,1.35,3.63,nan,nan,nan,1.09,2.41,14.82,6.67,0.9,26.09,20.71
design_1441,0.75,1.21,3.3,nan,nan,nan,0.99,2.18,18.44,8.1,0.92,16.6,9.84
design_1442,0.94,1.26,3.34,nan,nan,nan,1.02,2.24,17.49,7.7,0.92,28.31,17.54
design_1443,0.94,1.16,3.39,nan,nan,nan,1.02,2.25,18.62,8.17,0.92,25.57,14.73
design_1444,0.8,1.33,3.34,nan,nan,nan,1.01,2.23,17.75,7.81,0.92,25.78,18.56
design_1445,1.01,1.45,3.37,nan,nan,nan,1.04,2.3,17.93,7.88,0.92,25.12,18.75
design_1446,0.93,1.68,3.43,nan,nan,nan,1.07,2.36,17.94,7.91,0.91,25.73,18.25
design_1447,1.09,1.17,3.21,nan,nan,nan,0.99,2.17,18.23,8.0,0.92,24.47,16.14
design_1448,0.92,0.95,0.86,nan,nan,nan,0.55,0.91,17.99,7.86,0.91,11.83,7.81
design_1449,0.75,1.02,0.85,nan,nan,nan,0.52,0.88,17.54,7.66,0.92,14.56,6.87
design_1450,0.71,0.97,0.93,nan,nan,nan,0.53,0.87,16.75,7.37,0.91,12.57,9.74
design_1451,0.69,0.96,0.8,nan,nan,nan,0.52,0.82,17.48,7.66,0.91,11.06,10.64
design_1452,1.07,1.1,0.93,nan,nan,nan,0.59,1.04,17.41,7.63,0.91,11.3,8.14
design_1453,0.87,1.1,0.69,nan,nan,nan,0.52,0.91,17.51,7.69,0.91,13.55,8.64
design_1454,0.78,0.98,1.1,nan,nan,nan,0.59,0.95,18.24,7.97,0.91,24.84,17.2
design_1455,0.63,0.98,0.76,nan,nan,nan,0.49,0.8,16.13,7.12,0.91,11.45,10.25
design_1456,0.74,0.45,5.29,nan,nan,nan,1.52,3.42,18.82,8.34,0.91,14.48,8.11
design_1457,0.79,0.47,5.82,nan,nan,nan,1.67,3.76,19.44,8.61,0.91,23.06,13.42
design_1458,0.71,0.52,5.35,nan,nan,nan,1.54,3.46,18.03,8.02,0.91,11.65,8.76
design_1459,0.6,0.52,5.37,nan,nan,nan,1.54,3.46,18.37,8.16,0.91,9.95,9.52
design_1460,0.92,0.61,5.36,nan,nan,nan,1.56,3.48,20.23,8.93,0.91,29.58,12.99
design_1461,0.64,0.45,5.19,nan,nan,nan,1.49,3.35,17.28,7.72,0.91,15.87,12.74
design_1462,0.74,0.45,5.37,nan,nan,nan,1.55,3.47,20.16,8.9,0.91,40.33,14.32
design_1463,1.14,0.37,5.77,nan,nan,nan,1.67,3.75,18.91,8.37,0.91,7.59,8.89
design_1464,1.0,0.46,0.73,nan,nan,nan,0.51,0.77,16.93,7.47,0.92,22.64,20.72
design_1465,0.58,0.32,0.46,nan,nan,nan,0.42,0.47,17.11,7.53,0.92,21.54,19.42
design_1466,0.69,0.35,1.07,nan,nan,nan,0.51,0.8,16.57,7.3,0.92,17.86,18.19
design_1467,0.88,0.36,0.94,nan,nan,nan,0.52,0.8,16.61,7.33,0.92,18.38,18.64
design_1468,0.97,0.5,0.75,nan,nan,nan,0.51,0.77,16.95,7.48,0.92,16.89,16.53
design_1469,0.86,0.4,0.64,nan,nan,nan,0.48,0.67,16.83,7.42,0.92,21.06,19.64
design_1470,1.0,0.41,0.74,nan,nan,nan,0.48,0.77,17.1,7.55,0.92,12.3,11.92
design_1471,0.74,0.31,0.75,nan,nan,nan,0.48,0.65,16.88,7.45,0.92,16.92,16.68
design_1472,1.0,1.0,1.25,nan,nan,nan,0.59,1.08,16.55,7.27,0.91,13.06,13.77
design_1473,0.94,1.09,1.32,nan,nan,nan,0.61,1.11,16.43,7.22,0.91,15.26,15.03
design_1474,0.91,0.89,1.02,nan,nan,nan,0.58,0.94,15.78,6.95,0.91,16.12,15.37
design_1475,1.09,0.96,2.86,nan,nan,nan,0.82,1.74,16.78,7.36,0.91,17.62,15.39
design_1476,1.02,0.98,2.92,nan,nan,nan,0.87,1.76,17.72,7.76,0.91,17.44,14.45
design_1477,0.97,0.81,2.86,nan,nan,nan,0.84,1.69,18.06,7.89,0.91,14.77,12.3
design_1478,1.13,1.11,2.77,nan,nan,nan,0.81,1.74,17.73,7.77,0.91,17.04,14.57
design_1479,0.88,1.13,1.0,nan,nan,nan,0.55,1.0,18.27,7.97,0.91,13.22,8.33
design_1480,0.81,0.76,1.29,nan,nan,nan,0.58,1.01,17.38,7.64,0.92,23.04,20.64
design_1481,0.86,0.53,1.77,nan,nan,nan,0.65,1.23,17.65,7.77,0.92,24.68,17.44
design_1482,0.86,1.02,3.39,nan,nan,nan,1.04,2.22,18.0,7.94,0.92,17.31,14.16
design_1483,0.88,0.6,1.4,nan,nan,nan,0.65,1.06,17.6,7.8,0.91,23.64,20.49
design_1484,1.08,0.76,1.34,nan,nan,nan,0.61,1.12,17.23,7.6,0.92,17.5,18.52
design_1485,0.57,0.82,1.29,nan,nan,nan,0.57,0.96,17.96,7.91,0.92,19.45,17.47
design_1486,0.72,0.65,1.84,nan,nan,nan,0.67,1.26,17.27,7.63,0.92,13.55,14.87
design_1487,3.64,1.15,3.14,nan,nan,nan,1.3,2.93,17.59,7.8,0.91,20.41,16.11
design_1488,0.53,0.64,1.12,nan,nan,nan,0.5,0.79,21.88,9.48,0.91,24.95,18.64
design_1489,0.5,0.73,1.34,nan,nan,nan,0.52,0.91,22.05,9.54,0.91,28.4,16.16
design_1490,0.59,0.78,1.19,nan,nan,nan,0.49,0.88,20.26,8.86,0.9,20.89,25.27
design_1491,0.52,0.83,0.87,nan,nan,nan,0.47,0.74,18.9,8.28,0.91,20.66,24.61
design_1492,0.55,0.66,1.41,nan,nan,nan,0.54,0.94,19.78,8.63,0.91,45.66,39.13
design_1493,0.49,0.75,1.38,nan,nan,nan,0.52,0.93,20.51,8.89,0.92,28.84,27.28
design_1494,0.61,0.83,1.32,nan,nan,nan,0.54,0.95,20.92,9.1,0.91,5.82,7.1
design_1495,0.72,0.74,1.25,nan,nan,nan,0.52,0.93,21.38,9.3,0.9,19.92,21.18
design_1496,1.0,0.39,1.81,nan,nan,nan,0.74,1.35,18.61,8.29,0.91,15.01,12.35
design_1497,0.75,0.43,1.54,nan,nan,nan,0.67,1.14,18.31,8.16,0.91,11.89,11.3
design_1498,0.71,0.7,0.97,nan,nan,nan,0.58,0.84,13.44,6.11,0.91,18.18,14.83
design_1499,1.09,0.38,1.29,nan,nan,nan,0.63,1.07,16.42,7.38,0.91,22.56,17.61
design_1500,0.69,0.61,0.91,nan,nan,nan,0.54,0.79,13.9,6.3,0.91,17.86,14.64
design_1501,0.83,0.47,1.37,nan,nan,nan,0.62,1.06,18.31,8.16,0.91,8.55,8.12
design_1502,0.91,0.73,0.92,nan,nan,nan,0.56,0.87,14.15,6.41,0.91,19.99,14.72
design_1503,0.76,0.64,0.89,nan,nan,nan,0.54,0.8,13.31,6.06,0.91,17.66,14.6
design_1504,0.67,0.63,1.8,nan,nan,nan,0.6,1.19,17.57,7.7,0.92,28.71,17.43
design_1505,0.56,0.49,1.65,nan,nan,nan,0.57,1.07,17.81,7.8,0.92,33.0,18.69
design_1506,0.6,0.59,1.68,nan,nan,nan,0.58,1.11,17.57,7.7,0.92,26.16,18.49
design_1507,0.76,0.67,1.94,nan,nan,nan,0.64,1.29,17.87,7.83,0.92,27.85,15.88
design_1508,0.56,0.56,2.1,nan,nan,nan,0.65,1.32,17.2,7.58,0.91,14.57,10.22
design_1509,0.63,0.38,1.89,nan,nan,nan,0.62,1.2,18.05,7.92,0.92,25.97,22.28
design_1510,0.73,0.49,1.7,nan,nan,nan,0.59,1.12,17.25,7.58,0.92,30.61,19.03
design_1511,0.66,0.43,1.6,nan,nan,nan,0.57,1.05,17.96,7.85,0.92,25.15,20.52
design_1512,1.28,0.33,2.04,nan,nan,nan,0.75,1.43,17.62,7.72,0.92,19.38,19.69
design_1513,0.96,0.76,3.42,nan,nan,nan,1.02,2.14,17.28,7.59,0.92,20.07,20.72
design_1514,1.11,0.79,3.55,nan,nan,nan,1.06,2.24,16.76,7.38,0.92,21.0,20.08
design_1515,1.2,0.75,1.87,nan,nan,nan,0.71,1.38,17.52,7.68,0.92,12.65,10.21
design_1516,0.68,0.83,1.26,nan,nan,nan,0.55,0.96,18.04,7.89,0.92,12.95,8.59
design_1517,0.83,0.68,0.85,nan,nan,nan,0.52,0.8,17.74,7.79,0.92,9.72,8.17
design_1518,0.98,0.61,1.64,nan,nan,nan,0.64,1.18,17.75,7.79,0.92,16.27,17.08
design_1519,0.68,0.81,1.18,nan,nan,nan,0.54,0.92,17.74,7.76,0.92,14.79,7.95
design_1520,0.9,0.66,5.93,nan,nan,nan,1.71,3.84,18.31,8.08,0.92,10.81,9.97
design_1521,0.56,0.54,2.3,nan,nan,nan,0.76,1.53,17.21,7.66,0.91,13.47,8.98
design_1522,0.7,0.69,5.56,nan,nan,nan,1.6,3.6,19.02,8.44,0.91,23.0,17.17
design_1523,0.87,0.77,5.38,nan,nan,nan,1.56,3.5,18.88,8.39,0.9,27.55,18.94
design_1524,0.89,0.67,5.74,nan,nan,nan,1.66,3.72,17.6,7.79,0.92,26.42,17.01
design_1525,0.65,0.59,2.29,nan,nan,nan,0.77,1.54,17.77,7.9,0.91,12.88,8.95
design_1526,0.64,0.59,2.35,nan,nan,nan,0.78,1.58,17.07,7.62,0.91,11.7,6.69
design_1527,0.61,0.64,6.17,nan,nan,nan,1.76,3.97,18.83,8.36,0.91,19.86,15.33
design_1528,1.11,0.69,0.88,nan,nan,nan,0.55,0.93,16.17,7.08,0.92,23.14,17.43
design_1529,0.93,0.76,0.7,nan,nan,nan,0.49,0.81,17.95,7.83,0.91,25.77,20.8
design_1530,1.19,0.69,0.65,nan,nan,nan,0.54,0.91,16.28,7.13,0.92,22.61,18.12
design_1531,0.77,0.54,1.03,nan,nan,nan,0.51,0.79,18.08,7.88,0.91,11.47,11.39
design_1532,1.17,0.75,0.67,nan,nan,nan,0.52,0.92,16.74,7.32,0.92,21.69,16.38
design_1533,0.9,0.58,0.72,nan,nan,nan,0.48,0.76,17.87,7.78,0.92,14.51,16.37
design_1534,1.08,0.75,0.44,nan,nan,nan,0.51,0.83,16.51,7.23,0.92,22.38,17.27
design_1535,1.15,0.77,0.49,nan,nan,nan,0.53,0.88,16.01,7.02,0.92,22.57,17.57
design_1536,0.91,0.54,1.99,nan,nan,nan,0.81,1.48,17.9,8.02,0.91,16.08,14.97
design_1537,1.2,0.47,2.02,nan,nan,nan,0.84,1.55,17.45,7.83,0.91,16.75,14.86
design_1538,1.26,0.59,1.89,nan,nan,nan,0.82,1.5,16.43,7.41,0.91,16.07,14.78
design_1539,1.24,0.69,1.57,nan,nan,nan,0.74,1.31,18.6,8.29,0.91,12.14,7.48
design_1540,0.64,0.49,1.6,nan,nan,nan,0.67,1.18,18.13,8.11,0.91,21.62,17.99
design_1541,0.54,0.48,1.68,nan,nan,nan,0.68,1.22,18.88,8.43,0.91,11.07,12.52
design_1542,1.17,0.41,2.1,nan,nan,nan,0.85,1.59,16.17,7.33,0.91,18.23,14.06
design_1543,0.59,0.39,1.47,nan,nan,nan,0.65,1.08,18.97,8.47,0.91,19.24,14.8
design_1544,0.49,0.73,1.95,nan,nan,nan,0.66,1.3,17.79,7.83,0.92,23.95,17.0
design_1545,0.44,0.82,1.95,nan,nan,nan,0.66,1.3,17.85,7.85,0.92,23.27,17.57
design_1546,1.07,0.56,1.73,nan,nan,nan,0.66,1.27,17.5,7.71,0.92,22.35,17.1
design_1547,0.5,0.7,1.44,nan,nan,nan,0.56,1.01,17.4,7.67,0.92,23.07,17.19
design_1548,0.51,0.79,1.33,nan,nan,nan,0.55,0.97,17.34,7.63,0.92,22.69,17.27
design_1549,0.68,0.72,1.65,nan,nan,nan,0.62,1.16,17.86,7.86,0.92,16.86,13.25
design_1550,0.85,0.74,2.37,nan,nan,nan,0.77,1.59,18.47,8.16,0.91,16.04,14.24
design_1551,0.78,0.72,2.08,nan,nan,nan,0.72,1.42,17.98,7.91,0.92,20.71,16.55
design_1552,0.77,1.0,0.79,nan,nan,nan,0.54,0.85,17.99,7.91,0.92,23.72,15.08
design_1553,0.83,0.95,0.76,nan,nan,nan,0.52,0.84,17.76,7.81,0.92,20.88,14.62
design_1554,0.92,0.8,0.95,nan,nan,nan,0.53,0.9,18.65,8.19,0.92,17.43,18.31
design_1555,0.76,0.96,1.65,nan,nan,nan,0.62,1.22,17.4,7.7,0.91,19.98,15.67
design_1556,0.68,1.06,1.41,nan,nan,nan,0.59,1.11,18.06,7.95,0.92,24.53,19.03
design_1557,0.94,0.8,1.06,nan,nan,nan,0.61,0.95,17.2,7.58,0.92,15.42,15.23
design_1558,0.93,1.04,1.46,nan,nan,nan,0.65,1.19,18.45,8.13,0.91,25.48,16.62
design_1559,1.15,0.58,1.0,nan,nan,nan,0.62,0.96,16.91,7.46,0.92,13.06,13.54
design_1560,1.04,0.39,2.18,nan,nan,nan,0.83,1.59,15.97,7.18,0.91,19.96,13.74
design_1561,0.6,0.41,1.85,nan,nan,nan,0.71,1.31,18.17,8.09,0.91,16.62,11.72
design_1562,0.78,0.33,2.07,nan,nan,nan,0.78,1.47,16.81,7.53,0.91,18.22,13.76
design_1563,0.71,0.32,1.79,nan,nan,nan,0.7,1.28,18.29,8.15,0.91,19.3,16.35
design_1564,0.59,0.4,2.02,nan,nan,nan,0.74,1.42,19.4,8.62,0.91,14.88,14.02
design_1565,1.03,0.34,2.21,nan,nan,nan,0.83,1.6,16.58,7.43,0.91,19.8,14.3
design_1566,0.39,0.42,1.69,nan,nan,nan,0.66,1.18,20.24,8.94,0.92,44.26,23.17
design_1567,1.19,0.42,1.15,nan,nan,nan,0.62,1.03,16.53,7.4,0.91,17.9,13.51
design_1568,0.6,0.76,0.56,nan,nan,nan,0.49,0.65,17.51,7.69,0.91,6.25,5.55
design_1569,0.69,0.7,2.4,nan,nan,nan,0.74,1.47,18.49,8.1,0.91,57.15,41.88
design_1570,0.7,0.74,1.91,nan,nan,nan,0.66,1.23,20.31,8.84,0.91,7.67,6.32
design_1571,0.92,0.66,1.22,nan,nan,nan,0.63,0.96,18.26,7.97,0.91,40.69,26.56
design_1572,0.99,0.8,1.2,nan,nan,nan,0.66,1.01,16.51,7.27,0.91,41.62,25.93
design_1573,0.81,0.69,1.92,nan,nan,nan,0.67,1.25,20.19,8.78,0.91,42.41,43.95
design_1574,0.79,0.75,0.85,nan,nan,nan,0.54,0.8,18.76,8.2,0.91,7.18,6.37
design_1575,0.9,0.83,2.37,nan,nan,nan,0.77,1.52,21.33,9.27,0.91,9.43,6.47
design_1576,1.0,0.69,0.99,nan,nan,nan,0.53,0.92,17.2,7.62,0.92,23.57,16.5
design_1577,0.63,0.75,1.84,nan,nan,nan,0.67,1.29,18.41,8.13,0.92,28.27,16.31
design_1578,1.03,0.52,1.28,nan,nan,nan,0.6,1.04,17.35,7.68,0.92,21.19,15.11
design_1579,1.15,0.58,1.32,nan,nan,nan,0.62,1.11,17.25,7.64,0.92,16.06,17.69
design_1580,1.13,0.76,1.2,nan,nan,nan,0.59,1.07,17.96,7.95,0.92,19.45,13.9
design_1581,0.82,0.62,1.55,nan,nan,nan,0.6,1.14,18.19,8.05,0.91,27.68,15.3
design_1582,1.09,0.38,0.51,nan,nan,nan,0.48,0.72,18.18,8.03,0.92,24.32,15.6
design_1583,1.11,0.28,0.78,nan,nan,nan,0.51,0.82,17.92,7.91,0.92,15.39,10.87
design_1584,0.49,0.69,2.35,nan,nan,nan,0.67,1.34,17.69,7.73,0.91,13.94,15.25
design_1585,0.53,0.74,1.79,nan,nan,nan,0.56,1.09,17.51,7.65,0.92,20.71,18.99
design_1586,0.73,0.6,1.96,nan,nan,nan,0.6,1.18,16.15,7.1,0.91,18.47,15.48
design_1587,0.69,0.79,1.42,nan,nan,nan,0.56,0.98,15.13,6.67,0.91,19.73,14.91
design_1588,0.62,0.71,1.45,nan,nan,nan,0.54,0.95,16.05,7.05,0.91,18.09,15.3
design_1589,0.79,0.76,1.55,nan,nan,nan,0.57,1.05,16.51,7.24,0.91,14.29,14.12
design_1590,0.56,0.78,1.54,nan,nan,nan,0.54,0.99,17.33,7.58,0.92,22.13,16.14
design_1591,0.92,0.74,1.28,nan,nan,nan,0.53,0.98,16.44,7.2,0.92,20.2,17.32
design_1592,0.74,0.53,5.87,nan,nan,nan,1.76,3.9,13.98,6.32,0.91,13.92,13.5
design_1593,0.71,0.68,5.96,nan,nan,nan,1.79,3.96,11.81,5.44,0.91,26.87,21.42
design_1594,0.68,0.75,5.88,nan,nan,nan,1.76,3.91,16.97,7.54,0.92,12.81,12.28
design_1595,0.93,0.85,5.99,nan,nan,nan,1.81,4.01,14.17,6.39,0.91,26.46,20.47
design_1596,0.5,0.67,5.83,nan,nan,nan,1.74,3.87,16.97,7.55,0.92,26.92,17.61
design_1597,0.61,0.81,5.8,nan,nan,nan,1.74,3.86,16.44,7.36,0.91,29.72,21.28
design_1598,0.64,0.86,5.83,nan,nan,nan,1.75,3.88,17.16,7.61,0.92,21.06,18.63
design_1599,0.68,0.66,5.82,nan,nan,nan,1.75,3.87,15.49,6.93,0.92,13.67,14.1
design_1600,0.72,0.84,1.16,nan,nan,nan,0.56,0.94,18.02,7.93,0.92,18.5,10.92
design_1601,0.64,0.83,1.11,nan,nan,nan,0.54,0.9,16.84,7.43,0.92,12.69,10.37
design_1602,0.65,0.87,1.01,nan,nan,nan,0.52,0.86,18.08,7.95,0.92,13.86,7.83
design_1603,0.58,0.79,0.97,nan,nan,nan,0.51,0.81,17.3,7.62,0.92,12.81,11.74
design_1604,0.66,1.02,1.1,nan,nan,nan,0.55,0.95,17.9,7.87,0.92,13.8,8.22
design_1605,0.68,0.85,1.2,nan,nan,nan,0.55,0.95,17.83,7.84,0.92,19.33,14.11
design_1606,0.93,0.9,1.18,nan,nan,nan,0.59,1.02,17.07,7.53,0.92,13.08,9.11
design_1607,0.57,0.77,1.14,nan,nan,nan,0.54,0.88,16.2,7.17,0.92,12.62,11.41
design_1608,0.51,0.52,0.96,nan,nan,nan,0.52,0.77,17.83,7.96,0.92,3.57,2.31
design_1609,0.96,0.45,0.86,nan,nan,nan,0.52,0.81,17.02,7.63,0.92,13.09,10.62
design_1610,0.8,0.39,0.96,nan,nan,nan,0.53,0.82,17.54,7.85,0.92,21.66,18.07
design_1611,0.96,0.4,0.96,nan,nan,nan,0.54,0.86,16.09,7.24,0.92,20.86,18.75
design_1612,0.67,0.46,1.11,nan,nan,nan,0.56,0.89,15.76,7.11,0.92,20.6,19.13
design_1613,0.79,0.4,0.93,nan,nan,nan,0.52,0.8,16.16,7.28,0.92,19.43,18.38
design_1614,0.85,0.43,0.74,nan,nan,nan,0.48,0.71,14.92,6.76,0.92,20.36,18.79
design_1615,0.52,0.54,0.99,nan,nan,nan,0.52,0.79,16.6,7.46,0.92,20.69,19.31
design_1616,0.39,1.15,0.53,nan,nan,nan,0.45,0.7,3.74,2.1,0.92,1.86,1.78
design_1617,0.69,1.22,0.52,nan,nan,nan,0.52,0.78,3.93,2.18,0.92,1.97,1.9
design_1618,0.55,1.14,0.57,nan,nan,nan,0.49,0.74,3.56,2.03,0.92,1.52,1.38
design_1619,0.59,1.17,0.56,nan,nan,nan,0.51,0.75,4.01,2.22,0.92,1.87,1.85
design_1620,0.4,1.1,0.58,nan,nan,nan,0.5,0.7,3.98,2.19,0.92,1.57,1.35
design_1621,0.46,1.2,0.55,nan,nan,nan,0.48,0.74,3.8,2.13,0.92,1.62,1.48
design_1622,0.45,1.15,0.47,nan,nan,nan,0.45,0.68,3.56,2.02,0.92,1.87,1.66
design_1623,0.36,0.99,0.52,nan,nan,nan,0.45,0.63,3.67,2.07,0.92,1.63,1.53
design_1624,1.25,0.95,0.68,nan,nan,nan,0.56,0.95,4.36,2.35,0.91,2.08,2.03
design_1625,0.98,0.21,0.6,nan,nan,nan,0.49,0.68,4.22,2.3,0.91,1.79,2.18
design_1626,1.19,0.44,0.58,nan,nan,nan,0.51,0.78,4.7,2.5,0.91,2.34,1.96
design_1627,0.56,0.51,0.65,nan,nan,nan,0.44,0.59,16.48,7.4,0.91,15.97,14.0
design_1628,0.95,0.27,0.52,nan,nan,nan,0.5,0.64,6.45,3.21,0.91,2.57,2.95
design_1629,1.27,0.57,1.15,nan,nan,nan,0.6,1.08,5.69,2.92,0.91,1.93,2.49
design_1630,1.24,0.8,0.6,nan,nan,nan,0.54,0.88,3.93,2.17,0.92,2.14,2.1
design_1631,1.05,0.15,0.9,nan,nan,nan,0.57,0.83,3.91,2.17,0.92,1.61,1.7
design_1632,0.93,0.52,2.93,nan,nan,nan,1.0,2.06,17.14,7.78,0.89,22.78,15.9
design_1633,0.93,0.52,2.97,nan,nan,nan,1.02,2.09,17.5,7.92,0.9,24.19,15.11
design_1634,0.51,0.4,3.5,nan,nan,nan,1.14,2.4,17.75,8.04,0.89,18.53,12.31
design_1635,0.98,0.49,3.73,nan,nan,nan,1.23,2.59,18.35,8.28,0.89,19.33,13.45
design_1636,0.95,0.37,3.72,nan,nan,nan,1.23,2.58,9.72,4.72,0.89,21.64,11.22
design_1637,0.64,0.34,4.91,nan,nan,nan,1.54,3.35,17.57,7.94,0.89,24.93,17.3
design_1638,0.82,0.37,3.09,nan,nan,nan,1.02,2.15,19.36,8.73,0.89,12.41,7.25
design_1639,0.82,0.58,4.35,nan,nan,nan,1.39,2.99,18.55,8.37,0.89,12.4,9.11
design_1640,0.69,0.77,0.82,nan,nan,nan,0.47,0.76,21.44,9.26,0.91,35.42,23.72
design_1641,0.79,0.91,1.27,nan,nan,nan,0.53,0.99,19.88,8.64,0.91,7.34,5.32
design_1642,0.62,0.82,1.61,nan,nan,nan,0.55,1.05,21.13,9.15,0.91,20.77,24.44
design_1643,0.81,0.9,1.09,nan,nan,nan,0.51,0.93,20.03,8.69,0.91,9.97,11.46
design_1644,0.59,0.72,0.86,nan,nan,nan,0.45,0.72,21.44,9.26,0.91,35.17,15.06
design_1645,0.6,0.72,0.92,nan,nan,nan,0.47,0.74,21.61,9.33,0.91,37.36,16.28
design_1646,0.52,0.85,1.17,nan,nan,nan,0.48,0.85,21.7,9.38,0.91,14.47,15.96
design_1647,0.56,0.75,1.29,nan,nan,nan,0.5,0.88,21.49,9.28,0.91,13.72,11.18
design_1648,0.82,0.6,1.35,nan,nan,nan,0.64,1.08,17.24,7.73,0.92,11.5,7.29
design_1649,0.9,0.62,1.25,nan,nan,nan,0.64,1.04,14.42,6.57,0.91,23.77,19.23
design_1650,0.81,0.7,1.32,nan,nan,nan,0.65,1.08,13.97,6.36,0.92,23.53,19.94
design_1651,0.52,0.44,1.19,nan,nan,nan,0.58,0.91,17.03,7.63,0.92,11.67,8.35
design_1652,1.37,1.26,1.03,nan,nan,nan,0.68,1.18,13.71,6.25,0.92,3.76,2.13
design_1653,0.8,0.5,1.21,nan,nan,nan,0.61,0.98,17.45,7.8,0.92,6.5,3.95
design_1654,0.89,0.47,0.98,nan,nan,nan,0.58,0.86,11.06,5.15,0.91,2.92,1.91
design_1655,0.93,0.44,1.23,nan,nan,nan,0.63,1.02,16.84,7.56,0.92,7.3,5.12
design_1656,0.46,0.71,1.02,nan,nan,nan,0.47,0.77,18.59,8.12,0.92,22.55,14.43
design_1657,0.43,0.92,1.18,nan,nan,nan,0.53,0.9,17.1,7.5,0.92,12.19,9.41
design_1658,0.5,0.83,1.57,nan,nan,nan,0.59,1.08,17.59,7.71,0.92,22.44,19.73
design_1659,0.84,1.06,3.35,nan,nan,nan,0.99,2.12,17.16,7.52,0.92,27.89,22.75
design_1660,0.68,1.1,3.36,nan,nan,nan,0.99,2.12,16.84,7.4,0.92,13.8,15.62
design_1661,0.44,0.63,1.26,nan,nan,nan,0.55,0.86,17.31,7.59,0.92,14.54,16.93
design_1662,0.45,0.82,1.56,nan,nan,nan,0.58,1.06,17.45,7.65,0.92,33.59,22.71
design_1663,0.44,0.94,1.0,nan,nan,nan,0.5,0.83,17.83,7.82,0.92,26.07,19.18
design_1664,0.52,0.72,0.62,nan,nan,nan,0.46,0.62,17.43,7.63,0.92,13.51,14.91
design_1665,0.85,0.25,1.37,nan,nan,nan,0.59,0.94,16.82,7.38,0.92,13.2,16.2
design_1666,0.96,0.42,1.37,nan,nan,nan,0.58,0.99,17.81,7.78,0.92,18.7,18.46
design_1667,0.48,0.93,5.28,nan,nan,nan,1.29,3.03,17.79,7.78,0.92,19.18,15.17
design_1668,0.53,0.7,1.36,nan,nan,nan,0.53,0.92,17.48,7.67,0.91,13.23,14.97
design_1669,0.78,0.55,1.46,nan,nan,nan,0.57,1.0,17.62,7.71,0.92,20.31,17.47
design_1670,0.88,0.37,1.48,nan,nan,nan,0.63,1.01,17.28,7.55,0.92,22.57,17.21
design_1671,0.76,0.92,5.37,nan,nan,nan,1.31,3.09,18.38,8.04,0.92,19.54,16.28
design_1672,1.08,0.67,0.38,nan,nan,nan,0.49,0.72,5.73,2.93,0.91,22.3,17.54
design_1673,0.89,0.71,0.9,nan,nan,nan,0.53,0.86,17.74,7.93,0.91,14.94,12.28
design_1674,1.09,0.65,0.45,nan,nan,nan,0.51,0.74,5.66,2.88,0.91,22.46,17.44
design_1675,1.03,0.66,0.58,nan,nan,nan,0.53,0.76,5.43,2.8,0.91,22.5,17.4
design_1676,1.04,0.58,0.63,nan,nan,nan,0.51,0.76,4.36,2.35,0.91,22.54,17.69
design_1677,1.04,0.67,0.62,nan,nan,nan,0.52,0.78,4.78,2.53,0.91,23.06,17.58
design_1678,0.99,0.68,0.58,nan,nan,nan,0.48,0.75,5.43,2.81,0.91,22.6,17.42
design_1679,0.94,0.66,0.94,nan,nan,nan,0.53,0.88,17.66,7.91,0.91,18.55,10.73
design_1680,0.59,0.63,0.94,nan,nan,nan,0.48,0.72,17.77,7.78,0.91,22.38,19.82
design_1681,0.56,0.59,1.23,nan,nan,nan,0.5,0.81,17.29,7.57,0.92,21.2,21.42
design_1682,0.65,0.58,1.07,nan,nan,nan,0.49,0.77,18.86,8.22,0.91,13.45,11.98
design_1683,0.67,0.61,1.0,nan,nan,nan,0.48,0.76,17.72,7.76,0.91,22.91,19.29
design_1684,0.58,0.61,1.54,nan,nan,nan,0.52,0.96,19.55,8.5,0.91,22.06,15.46
design_1685,0.6,0.57,1.1,nan,nan,nan,0.49,0.76,18.12,7.91,0.91,14.64,12.09
design_1686,0.69,0.65,0.95,nan,nan,nan,0.48,0.76,17.73,7.77,0.91,22.1,21.35
design_1687,0.55,0.54,1.21,nan,nan,nan,0.49,0.79,17.17,7.52,0.92,20.61,20.1
design_1688,0.81,0.59,0.83,nan,nan,nan,0.52,0.78,12.99,5.98,0.9,12.38,8.29
design_1689,0.59,0.59,0.79,nan,nan,nan,0.46,0.7,17.44,7.83,0.92,10.23,5.09
design_1690,0.9,0.56,0.85,nan,nan,nan,0.5,0.81,16.78,7.55,0.91,16.88,16.83
design_1691,0.46,0.59,0.69,nan,nan,nan,0.44,0.61,15.6,7.06,0.91,12.41,8.48
design_1692,0.78,0.62,0.93,nan,nan,nan,0.53,0.83,16.0,7.24,0.91,13.6,8.56
design_1693,0.87,0.63,0.86,nan,nan,nan,0.52,0.82,15.56,7.03,0.92,10.02,5.8
design_1694,0.97,0.82,0.76,nan,nan,nan,0.55,0.84,11.08,5.16,0.91,10.35,5.98
design_1695,0.73,0.62,0.88,nan,nan,nan,0.49,0.78,17.73,7.94,0.92,11.95,6.09
design_1696,1.02,0.74,3.88,nan,nan,nan,1.15,2.5,10.15,4.76,0.9,22.74,19.37
design_1697,1.14,0.68,4.06,nan,nan,nan,1.19,2.61,16.61,7.43,0.89,9.45,5.03
design_1698,0.56,0.58,3.38,nan,nan,nan,1.0,2.14,12.45,5.71,0.9,21.72,19.36
design_1699,1.07,0.52,1.33,nan,nan,nan,0.65,1.06,7.69,3.69,0.91,23.62,16.49
design_1700,0.55,0.51,3.73,nan,nan,nan,1.09,2.34,19.52,8.62,0.9,20.53,19.66
design_1701,0.58,0.8,1.63,nan,nan,nan,0.64,1.15,13.81,6.27,0.9,22.66,15.84
design_1702,0.79,0.66,2.6,nan,nan,nan,0.87,1.7,12.26,5.64,0.89,20.31,15.51
design_1703,0.63,0.82,3.92,nan,nan,nan,1.14,2.48,9.86,4.64,0.9,22.26,19.08
design_1704,0.56,0.94,2.14,nan,nan,nan,0.76,1.52,18.81,8.36,0.91,20.51,12.76
design_1705,0.57,0.82,2.66,nan,nan,nan,0.9,1.83,18.83,8.35,0.91,9.69,9.24
design_1706,0.78,1.01,5.72,nan,nan,nan,1.74,3.83,19.15,8.53,0.91,20.26,13.72
design_1707,0.6,0.94,2.88,nan,nan,nan,0.95,1.99,18.06,8.0,0.92,24.81,17.83
design_1708,0.63,0.83,2.57,nan,nan,nan,0.87,1.78,17.49,7.82,0.91,9.95,10.23
design_1709,0.54,2.59,2.85,nan,nan,nan,1.08,2.32,17.86,7.94,0.91,27.96,15.75
design_1710,0.55,0.85,2.85,nan,nan,nan,0.94,1.95,18.28,8.1,0.92,26.75,18.01
design_1711,0.72,0.92,2.61,nan,nan,nan,0.91,1.83,18.67,8.29,0.91,11.97,10.2
design_1712,0.75,0.72,1.08,nan,nan,nan,0.51,0.87,17.47,7.65,0.92,20.45,17.26
design_1713,0.89,0.68,2.48,nan,nan,nan,0.79,1.6,17.45,7.65,0.92,12.31,9.53
design_1714,0.52,0.52,0.58,nan,nan,nan,0.47,0.54,17.79,7.79,0.92,20.59,18.12
design_1715,0.79,0.89,1.73,nan,nan,nan,0.64,1.23,17.7,7.79,0.92,14.44,14.61
design_1716,0.75,0.86,1.67,nan,nan,nan,0.6,1.18,18.19,7.97,0.92,25.56,17.31
design_1717,0.65,0.84,2.04,nan,nan,nan,0.68,1.35,17.75,7.79,0.92,14.89,10.06
design_1718,0.9,0.89,2.84,nan,nan,nan,0.86,1.82,17.95,7.87,0.92,5.44,6.37
design_1719,0.53,0.68,1.48,nan,nan,nan,0.54,1.0,18.33,8.04,0.92,10.61,10.65
design_1720,1.07,0.53,0.68,nan,nan,nan,0.5,0.78,17.88,8.0,0.92,20.65,22.02
design_1721,1.43,0.64,0.77,nan,nan,nan,0.63,0.97,4.88,2.61,0.91,6.2,6.63
design_1722,1.1,0.44,0.74,nan,nan,nan,0.52,0.8,17.42,7.81,0.92,14.1,13.5
design_1723,0.88,0.45,0.71,nan,nan,nan,0.53,0.71,4.98,2.64,0.91,1.54,1.15
design_1724,1.21,0.57,0.61,nan,nan,nan,0.52,0.81,9.07,4.32,0.91,4.71,4.94
design_1725,1.34,0.47,0.75,nan,nan,nan,0.56,0.9,17.26,7.76,0.91,20.07,21.46
design_1726,1.43,0.5,0.75,nan,nan,nan,0.57,0.94,11.13,5.19,0.91,1.94,2.18
design_1727,0.72,0.45,0.68,nan,nan,nan,0.51,0.65,3.6,2.06,0.92,3.9,2.5
design_1728,0.83,0.22,0.98,nan,nan,nan,0.55,0.82,4.62,2.49,0.91,21.47,17.89
design_1729,0.81,0.2,0.97,nan,nan,nan,0.54,0.81,15.92,7.22,0.91,14.22,12.41
design_1730,0.73,0.44,0.64,nan,nan,nan,0.45,0.63,17.32,7.8,0.91,21.29,17.71
design_1731,0.7,0.22,0.88,nan,nan,nan,0.53,0.73,5.63,2.9,0.91,21.92,17.91
design_1732,0.88,0.35,0.86,nan,nan,nan,0.55,0.78,3.64,2.08,0.92,22.43,18.03
design_1733,0.87,0.59,0.59,nan,nan,nan,0.49,0.68,14.52,6.62,0.91,21.15,17.92
design_1734,0.92,0.5,0.82,nan,nan,nan,0.52,0.79,14.02,6.4,0.91,12.73,11.45
design_1735,0.75,0.25,1.03,nan,nan,nan,0.54,0.83,17.22,7.74,0.91,15.02,13.41
design_1736,0.7,0.77,0.94,nan,nan,nan,0.55,0.84,4.37,2.37,0.91,1.62,1.0
design_1737,0.93,0.8,1.87,nan,nan,nan,0.77,1.42,4.32,2.37,0.91,2.82,1.48
design_1738,1.15,0.91,0.63,nan,nan,nan,0.57,0.88,3.81,2.13,0.92,1.37,1.16
design_1739,1.13,0.91,0.67,nan,nan,nan,0.58,0.89,4.01,2.22,0.92,1.24,1.13
design_1740,1.21,0.7,2.03,nan,nan,nan,0.83,1.56,4.45,2.41,0.91,2.54,1.56
design_1741,0.77,0.95,2.3,nan,nan,nan,0.84,1.68,14.14,6.43,0.91,3.52,5.39
design_1742,0.77,0.71,1.76,nan,nan,nan,0.72,1.31,4.12,2.28,0.91,2.3,1.33
design_1743,1.11,0.83,1.97,nan,nan,nan,0.81,1.52,4.18,2.3,0.91,3.22,1.81
design_1744,1.08,0.41,0.57,nan,nan,nan,0.51,0.77,17.5,7.66,0.92,12.05,13.71
design_1745,0.9,0.45,0.86,nan,nan,nan,0.51,0.77,17.69,7.74,0.92,11.41,9.18
design_1746,1.07,0.6,1.28,nan,nan,nan,0.52,1.02,14.8,6.54,0.92,23.03,21.74
design_1747,1.11,0.36,0.61,nan,nan,nan,0.54,0.78,17.81,7.79,0.92,13.07,9.62
design_1748,0.87,0.27,0.7,nan,nan,nan,0.5,0.68,17.19,7.53,0.92,12.55,12.44
design_1749,1.16,0.35,1.95,nan,nan,nan,0.67,1.32,17.68,7.81,0.9,16.21,14.66
design_1750,1.59,0.68,1.62,nan,nan,nan,0.71,1.38,17.31,7.6,0.91,20.59,12.99
design_1751,0.95,0.29,0.65,nan,nan,nan,0.49,0.7,18.02,7.87,0.92,13.25,12.33
design_1752,0.48,1.2,3.53,nan,nan,nan,1.13,2.42,16.86,7.53,0.91,8.39,7.41
design_1753,0.36,1.18,3.78,nan,nan,nan,1.19,2.58,17.51,7.8,0.91,10.44,9.42
design_1754,0.37,1.12,3.85,nan,nan,nan,1.21,2.61,18.61,8.24,0.91,13.99,9.09
design_1755,0.38,1.09,3.03,nan,nan,nan,0.99,2.08,17.89,7.96,0.91,11.16,7.0
design_1756,0.43,1.06,3.29,nan,nan,nan,1.07,2.25,19.25,8.55,0.91,18.7,16.43
design_1757,0.34,1.15,3.59,nan,nan,nan,1.14,2.45,18.01,8.01,0.91,6.8,6.66
design_1758,0.65,1.1,4.02,nan,nan,nan,1.27,2.73,18.34,8.15,0.91,8.35,8.49
design_1759,0.76,1.0,2.93,nan,nan,nan,0.98,2.04,17.37,7.78,0.9,11.22,9.04
design_1760,0.55,1.13,1.36,nan,nan,nan,0.6,1.11,17.34,7.74,0.91,25.99,18.83
design_1761,0.68,1.13,2.0,nan,nan,nan,0.77,1.49,19.53,8.66,0.91,29.19,15.13
design_1762,0.52,1.08,3.0,nan,nan,nan,0.99,2.07,18.59,8.27,0.91,10.25,10.23
design_1763,0.59,1.03,2.78,nan,nan,nan,0.95,1.93,18.77,8.34,0.91,16.8,15.51
design_1764,0.51,1.08,1.02,nan,nan,nan,0.55,0.91,17.74,7.9,0.91,13.0,9.29
design_1765,0.47,1.17,2.65,nan,nan,nan,0.91,1.86,18.57,8.26,0.91,10.15,8.96
design_1766,0.55,1.23,1.95,nan,nan,nan,0.74,1.47,19.94,8.82,0.91,16.66,11.19
design_1767,0.64,1.15,3.28,nan,nan,nan,1.07,2.27,18.28,8.18,0.9,25.52,18.36
design_1768,0.54,0.48,1.03,nan,nan,nan,0.49,0.7,17.45,7.64,0.91,16.46,16.38
design_1769,0.85,0.65,1.3,nan,nan,nan,0.52,0.94,18.45,8.05,0.91,19.29,14.33
design_1770,0.62,0.41,3.94,nan,nan,nan,0.94,2.13,17.22,7.57,0.91,21.25,19.05
design_1771,0.59,0.56,1.11,nan,nan,nan,0.53,0.76,17.43,7.62,0.92,19.49,14.09
design_1772,0.72,0.56,1.52,nan,nan,nan,0.55,0.98,18.17,7.94,0.91,19.24,11.47
design_1773,0.76,0.63,1.49,nan,nan,nan,0.56,0.99,18.16,7.96,0.91,23.53,17.6
design_1774,0.71,0.56,4.51,nan,nan,nan,1.07,2.44,19.14,8.34,0.91,30.69,18.04
design_1775,0.69,0.87,0.86,nan,nan,nan,0.55,0.8,16.38,7.21,0.91,17.66,16.77
design_1776,0.91,0.7,1.08,nan,nan,nan,0.54,0.93,17.43,7.69,0.92,25.84,18.18
design_1777,0.9,0.69,1.39,nan,nan,nan,0.57,1.07,18.14,7.99,0.92,16.73,9.89
design_1778,1.32,0.9,1.2,nan,nan,nan,0.66,1.17,17.34,7.65,0.92,11.81,12.05
design_1779,1.25,0.71,0.77,nan,nan,nan,0.54,0.95,17.93,7.9,0.92,27.51,18.7
design_1780,1.17,0.74,0.84,nan,nan,nan,0.54,0.94,17.88,7.88,0.92,14.53,5.98
design_1781,0.84,0.81,0.74,nan,nan,nan,0.49,0.79,17.11,7.57,0.91,11.1,5.08
design_1782,1.29,0.93,1.32,nan,nan,nan,0.66,1.21,17.81,7.85,0.92,11.18,8.06
design_1783,1.29,0.89,1.4,nan,nan,nan,0.67,1.23,18.33,8.07,0.91,12.09,10.23
design_1784,0.65,0.76,5.57,nan,nan,nan,1.61,3.6,18.05,7.99,0.91,5.91,6.88
design_1785,0.98,0.71,5.55,nan,nan,nan,1.62,3.61,18.09,8.0,0.91,10.54,9.57
design_1786,0.56,0.78,5.64,nan,nan,nan,1.62,3.64,19.49,8.66,0.9,18.62,17.05
design_1787,0.48,0.76,5.22,nan,nan,nan,1.51,3.37,17.91,8.0,0.9,14.69,11.23
design_1788,0.67,0.74,5.84,nan,nan,nan,1.68,3.77,19.17,8.48,0.91,9.4,9.67
design_1789,0.7,0.84,4.82,nan,nan,nan,1.41,3.14,19.79,8.76,0.91,14.78,12.9
design_1790,0.57,0.77,5.48,nan,nan,nan,1.58,3.54,18.45,8.2,0.91,23.39,16.88
design_1791,0.57,0.72,5.84,nan,nan,nan,1.68,3.77,18.86,8.35,0.91,26.6,17.24
design_1792,0.72,0.33,1.49,nan,nan,nan,0.55,1.05,17.35,7.7,0.92,22.07,14.46
design_1793,0.8,0.31,1.05,nan,nan,nan,0.47,0.82,17.13,7.61,0.92,22.03,14.14
design_1794,0.71,0.32,1.36,nan,nan,nan,0.52,0.97,18.16,8.03,0.92,6.39,6.46
design_1795,0.96,0.41,2.36,nan,nan,nan,0.77,1.62,17.8,7.91,0.91,21.48,14.58
design_1796,0.46,0.43,1.48,nan,nan,nan,0.55,1.01,17.91,7.94,0.92,23.71,18.56
design_1797,0.84,0.32,2.11,nan,nan,nan,0.7,1.44,18.39,8.16,0.91,23.0,16.6
design_1798,0.65,0.29,0.74,nan,nan,nan,0.44,0.62,17.67,7.82,0.92,23.87,17.62
design_1799,0.69,0.31,1.03,nan,nan,nan,0.46,0.78,17.75,7.85,0.92,21.82,17.06
design_1800,0.76,0.57,2.55,nan,nan,nan,0.9,1.83,20.36,9.09,0.9,20.63,19.15
design_1801,0.69,0.58,3.0,nan,nan,nan,1.03,2.13,17.77,8.0,0.9,16.6,9.02
design_1802,0.74,0.61,2.89,nan,nan,nan,1.0,2.06,17.69,7.97,0.91,14.07,6.85
design_1803,1.19,0.7,2.24,nan,nan,nan,0.86,1.71,16.64,7.52,0.9,5.81,3.64
design_1804,0.9,0.65,2.87,nan,nan,nan,1.0,2.07,17.86,8.04,0.9,9.17,4.4
design_1805,0.77,0.67,3.69,nan,nan,nan,1.24,2.61,17.2,7.75,0.91,21.79,21.05
design_1806,0.72,0.8,3.06,nan,nan,nan,1.06,2.19,19.96,8.91,0.9,15.31,8.86
design_1807,0.88,0.62,3.16,nan,nan,nan,1.09,2.26,18.32,8.26,0.9,16.53,9.95
design_1808,1.12,0.42,0.92,nan,nan,nan,0.56,0.9,19.82,8.85,0.91,32.5,28.26
design_1809,1.03,0.24,1.33,nan,nan,nan,0.64,1.09,17.48,7.86,0.92,21.9,19.58
design_1810,1.02,0.43,0.63,nan,nan,nan,0.53,0.72,5.08,2.67,0.91,0.84,1.07
design_1811,1.11,0.38,1.39,nan,nan,nan,0.69,1.16,15.0,6.81,0.91,21.48,19.78
design_1812,1.11,0.2,1.0,nan,nan,nan,0.56,0.92,16.99,7.62,0.92,4.83,5.31
design_1813,1.39,0.95,1.85,nan,nan,nan,0.83,1.56,13.01,6.01,0.9,21.04,17.82
design_1814,1.05,0.41,1.2,nan,nan,nan,0.62,1.03,18.62,8.35,0.91,25.62,16.35
design_1815,1.5,1.12,1.46,nan,nan,nan,0.74,1.4,16.33,7.37,0.91,21.04,20.07
design_1816,0.5,0.41,0.55,nan,nan,nan,0.43,0.5,17.49,7.77,0.92,21.54,17.09
design_1817,0.38,0.48,0.81,nan,nan,nan,0.45,0.62,17.57,7.81,0.92,19.92,14.73
design_1818,0.58,0.56,0.65,nan,nan,nan,0.45,0.6,17.86,7.92,0.92,23.43,16.01
design_1819,0.43,0.46,0.57,nan,nan,nan,0.43,0.5,17.67,7.85,0.92,22.42,16.58
design_1820,0.41,0.43,0.83,nan,nan,nan,0.45,0.63,18.21,8.06,0.92,25.51,14.7
design_1821,0.46,0.4,2.48,nan,nan,nan,0.83,1.67,18.75,8.35,0.91,20.77,14.0
design_1822,0.53,0.56,0.77,nan,nan,nan,0.47,0.65,16.81,7.48,0.92,21.78,16.18
design_1823,0.44,0.49,0.55,nan,nan,nan,0.44,0.5,17.71,7.86,0.92,20.53,13.49
design_1824,0.47,0.41,0.67,nan,nan,nan,0.44,0.53,17.51,7.67,0.92,27.51,15.4
design_1825,0.54,0.53,0.8,nan,nan,nan,0.47,0.64,17.05,7.48,0.92,30.49,16.49
design_1826,0.45,0.37,1.76,nan,nan,nan,0.61,1.1,17.67,7.76,0.92,22.06,21.1
design_1827,0.54,0.38,0.88,nan,nan,nan,0.49,0.65,17.22,7.55,0.92,29.39,17.46
design_1828,0.49,0.52,0.77,nan,nan,nan,0.46,0.61,16.99,7.46,0.92,31.02,16.4
design_1829,0.42,0.44,0.78,nan,nan,nan,0.45,0.58,17.71,7.76,0.92,17.01,10.99
design_1830,0.47,0.38,0.63,nan,nan,nan,0.41,0.51,18.37,8.02,0.92,18.06,13.69
design_1831,0.35,0.28,0.98,nan,nan,nan,0.45,0.63,17.84,7.83,0.92,9.14,6.85
design_1832,0.44,0.84,0.49,nan,nan,nan,0.45,0.58,4.15,2.27,0.92,1.51,1.05
design_1833,0.3,0.86,0.51,nan,nan,nan,0.43,0.57,3.38,1.95,0.92,1.18,1.22
design_1834,0.34,0.93,0.54,nan,nan,nan,0.44,0.62,3.41,1.96,0.92,1.39,1.21
design_1835,0.41,0.75,0.46,nan,nan,nan,0.41,0.53,3.41,1.96,0.92,0.93,0.82
design_1836,0.4,0.94,0.45,nan,nan,nan,0.44,0.59,3.49,2.0,0.92,1.56,1.07
design_1837,0.39,0.84,0.53,nan,nan,nan,0.43,0.59,4.17,2.28,0.92,1.39,1.0
design_1838,0.46,0.59,0.72,nan,nan,nan,0.46,0.63,13.81,6.31,0.91,17.7,15.69
design_1839,0.43,0.83,0.5,nan,nan,nan,0.43,0.58,3.44,1.98,0.92,1.12,1.13
design_1840,0.53,0.52,1.54,nan,nan,nan,0.65,1.14,15.29,6.93,0.91,18.79,14.13
design_1841,0.62,0.49,1.34,nan,nan,nan,0.61,1.01,15.53,7.03,0.91,15.83,14.97
design_1842,0.53,0.58,1.37,nan,nan,nan,0.62,1.03,16.57,7.47,0.91,18.43,14.3
design_1843,0.61,0.62,1.22,nan,nan,nan,0.57,0.95,19.06,8.51,0.92,23.2,17.61
design_1844,0.62,0.59,1.76,nan,nan,nan,0.73,1.29,6.35,3.18,0.92,17.69,14.22
design_1845,0.49,0.58,1.43,nan,nan,nan,0.62,1.06,18.7,8.35,0.92,15.63,16.52
design_1846,0.62,0.51,1.97,nan,nan,nan,0.76,1.43,16.19,7.33,0.91,17.79,14.39
design_1847,0.51,0.54,1.34,nan,nan,nan,0.61,1.0,19.45,8.69,0.91,15.71,13.93
design_1848,1.38,0.89,1.96,nan,nan,nan,0.76,1.47,18.2,7.95,0.92,12.28,13.17
design_1849,0.37,0.66,4.72,nan,nan,nan,1.17,2.69,16.53,7.27,0.92,29.9,21.89
design_1850,0.38,0.8,4.4,nan,nan,nan,1.11,2.53,17.33,7.6,0.92,29.34,20.29
design_1851,0.39,0.71,4.36,nan,nan,nan,1.1,2.5,17.97,7.9,0.91,22.69,20.83
design_1852,0.38,0.81,4.54,nan,nan,nan,1.14,2.6,16.76,7.37,0.92,29.24,23.09
design_1853,0.53,0.83,4.82,nan,nan,nan,1.2,2.77,17.49,7.66,0.92,27.18,16.91
design_1854,0.37,0.89,4.66,nan,nan,nan,1.17,2.68,17.56,7.7,0.92,28.71,18.62
design_1855,0.42,0.64,4.45,nan,nan,nan,1.11,2.54,17.99,7.88,0.91,17.95,10.27
design_1856,0.75,0.57,2.47,nan,nan,nan,0.81,1.66,18.65,8.31,0.9,11.64,11.33
design_1857,1.3,0.54,1.6,nan,nan,nan,0.68,1.29,15.3,6.9,0.9,13.08,13.05
design_1858,0.69,0.67,1.77,nan,nan,nan,0.64,1.25,18.65,8.31,0.9,5.16,5.65
design_1859,1.18,0.5,2.06,nan,nan,nan,0.74,1.5,18.13,8.09,0.9,5.18,3.94
design_1860,1.28,0.43,4.84,nan,nan,nan,1.43,3.19,18.75,8.28,0.92,26.04,19.42
design_1861,0.74,0.45,5.08,nan,nan,nan,1.48,3.29,18.57,8.2,0.92,13.84,16.43
design_1862,1.6,0.53,5.21,nan,nan,nan,1.54,3.46,19.51,8.6,0.91,17.03,13.91
design_1863,0.66,0.48,0.88,nan,nan,nan,0.49,0.72,4.21,2.28,0.92,1.52,1.01
design_1864,0.71,0.68,0.82,nan,nan,nan,0.49,0.75,18.75,8.23,0.92,23.77,13.08
design_1865,0.96,0.86,1.11,nan,nan,nan,0.59,1.0,15.29,6.82,0.92,20.94,17.03
design_1866,1.06,0.8,1.26,nan,nan,nan,0.61,1.09,14.69,6.61,0.91,21.34,16.56
design_1867,0.8,0.61,0.94,nan,nan,nan,0.54,0.81,12.54,5.71,0.91,19.36,15.59
design_1868,0.93,0.73,1.18,nan,nan,nan,0.59,1.0,14.91,6.67,0.92,20.96,16.69
design_1869,0.94,0.66,0.96,nan,nan,nan,0.54,0.88,15.04,6.73,0.92,21.11,16.34
design_1870,0.68,0.69,1.04,nan,nan,nan,0.55,0.85,13.05,5.92,0.91,19.85,15.44
design_1871,1.11,0.78,1.37,nan,nan,nan,0.64,1.15,15.86,7.05,0.92,21.24,16.18
design_1872,1.02,1.18,1.38,nan,nan,nan,0.65,1.21,17.92,7.92,0.92,9.04,8.13
design_1873,1.0,0.41,1.2,nan,nan,nan,0.58,0.96,17.7,7.78,0.92,18.23,16.2
design_1874,1.08,0.68,2.42,nan,nan,nan,0.87,1.66,17.58,7.75,0.92,24.87,16.82
design_1875,1.09,0.61,1.39,nan,nan,nan,0.63,1.11,17.68,7.81,0.92,20.53,14.93
design_1876,1.1,0.89,1.38,nan,nan,nan,0.63,1.16,17.99,7.96,0.91,13.84,11.75
design_1877,1.06,0.74,1.14,nan,nan,nan,0.61,1.01,17.05,7.51,0.92,22.74,18.11
design_1878,1.12,0.56,1.2,nan,nan,nan,0.61,1.03,17.21,7.57,0.92,20.42,16.39
design_1879,1.11,0.24,1.46,nan,nan,nan,0.63,1.11,17.39,7.66,0.92,25.65,16.84
design_1880,0.46,0.41,1.21,nan,nan,nan,0.54,0.9,16.15,7.29,0.91,8.32,5.14
design_1881,0.58,0.57,0.71,nan,nan,nan,0.48,0.64,13.85,6.33,0.9,3.72,1.77
design_1882,0.4,0.84,1.23,nan,nan,nan,0.57,0.97,17.25,7.74,0.91,15.94,12.59
design_1883,0.5,0.65,1.38,nan,nan,nan,0.6,1.04,15.95,7.22,0.9,17.62,17.1
design_1884,0.58,0.56,1.28,nan,nan,nan,0.59,0.98,7.2,3.57,0.9,2.94,3.73
design_1885,0.64,0.61,1.12,nan,nan,nan,0.56,0.9,6.89,3.43,0.9,3.31,4.06
design_1886,0.59,0.66,1.01,nan,nan,nan,0.52,0.83,17.31,7.79,0.9,20.17,18.79
design_1887,0.49,0.5,1.0,nan,nan,nan,0.51,0.78,17.53,7.88,0.9,19.24,16.81
design_1888,0.49,0.55,2.95,nan,nan,nan,0.95,1.98,18.32,8.16,0.9,9.65,7.9
design_1889,0.42,0.59,2.88,nan,nan,nan,0.93,1.94,18.5,8.23,0.91,11.73,6.34
design_1890,0.42,0.61,1.98,nan,nan,nan,0.71,1.36,18.34,8.17,0.91,23.24,21.24
design_1891,0.47,0.62,2.97,nan,nan,nan,0.96,2.0,19.39,8.59,0.91,28.4,14.32
design_1892,0.63,0.8,1.81,nan,nan,nan,0.71,1.31,8.91,4.26,0.9,6.07,4.55
design_1893,0.54,0.65,2.33,nan,nan,nan,0.8,1.6,18.59,8.28,0.91,23.04,18.04
design_1894,0.44,0.72,3.69,nan,nan,nan,1.15,2.47,19.39,8.6,0.91,6.01,7.44
design_1895,0.45,0.74,3.54,nan,nan,nan,1.12,2.38,19.3,8.54,0.92,22.41,20.95
design_1896,0.78,1.61,1.12,nan,nan,nan,0.65,1.2,18.11,7.93,0.91,17.03,15.95
design_1897,0.6,1.46,0.79,nan,nan,nan,0.55,1.0,18.43,8.07,0.91,23.23,15.79
design_1898,0.65,2.21,0.98,nan,nan,nan,0.69,1.41,18.33,8.04,0.91,12.39,15.75
design_1899,0.64,1.53,0.71,nan,nan,nan,0.59,1.02,17.77,7.77,0.92,20.49,18.99
design_1900,0.69,1.72,4.66,nan,nan,nan,1.23,2.82,17.68,7.78,0.91,13.04,12.83
design_1901,0.79,1.7,3.15,nan,nan,nan,0.95,2.07,17.11,7.55,0.91,9.97,13.76
design_1902,0.99,1.7,2.02,nan,nan,nan,0.85,1.6,18.33,8.0,0.91,22.52,22.84
design_1903,0.72,2.34,0.86,nan,nan,nan,0.74,1.47,18.1,7.93,0.92,8.36,10.37
design_1904,0.53,0.29,2.83,nan,nan,nan,0.74,1.54,18.81,8.19,0.91,8.81,8.78
design_1905,0.58,0.49,1.75,nan,nan,nan,0.57,1.03,18.57,8.08,0.91,18.95,19.76
design_1906,0.56,0.3,1.6,nan,nan,nan,0.55,0.93,17.46,7.63,0.92,12.21,11.52
design_1907,0.63,0.39,2.32,nan,nan,nan,0.69,1.3,17.39,7.6,0.92,10.81,10.71
design_1908,0.53,0.41,2.02,nan,nan,nan,0.63,1.14,18.12,7.9,0.92,11.67,12.15
design_1909,0.53,0.34,2.35,nan,nan,nan,0.67,1.3,17.69,7.75,0.91,11.42,12.3
design_1910,0.56,0.38,2.64,nan,nan,nan,0.72,1.45,15.98,7.04,0.91,22.24,20.02
design_1911,0.49,0.38,2.04,nan,nan,nan,0.64,1.14,16.92,7.4,0.92,11.73,12.49
design_1912,0.45,0.62,1.05,nan,nan,nan,0.49,0.79,17.16,7.58,0.92,29.0,15.62
design_1913,0.59,0.86,1.06,nan,nan,nan,0.52,0.88,16.26,7.21,0.92,25.0,18.07
design_1914,0.52,0.72,0.95,nan,nan,nan,0.5,0.77,17.11,7.56,0.92,25.61,18.4
design_1915,0.93,0.77,1.07,nan,nan,nan,0.57,0.95,16.97,7.51,0.92,24.98,17.9
design_1916,1.02,0.84,0.83,nan,nan,nan,0.54,0.9,17.23,7.62,0.92,26.16,17.05
design_1917,0.89,0.7,1.08,nan,nan,nan,0.56,0.93,16.18,7.18,0.92,25.23,17.91
design_1918,0.49,0.64,0.95,nan,nan,nan,0.48,0.75,16.94,7.49,0.92,24.81,18.53
design_1919,0.56,0.76,0.99,nan,nan,nan,0.51,0.81,16.27,7.21,0.92,24.67,18.5
design_1920,0.53,0.54,1.58,nan,nan,nan,0.63,1.14,19.11,8.51,0.91,13.87,13.07
design_1921,0.57,0.49,1.88,nan,nan,nan,0.71,1.33,18.02,8.09,0.9,10.63,6.5
design_1922,0.48,0.25,1.64,nan,nan,nan,0.64,1.15,18.92,8.5,0.9,22.25,17.85
design_1923,0.51,0.52,1.54,nan,nan,nan,0.61,1.11,18.68,8.34,0.91,20.03,13.96
design_1924,0.89,0.28,1.64,nan,nan,nan,0.66,1.22,18.71,8.37,0.91,24.07,17.84
design_1925,0.46,0.35,1.94,nan,nan,nan,0.72,1.34,18.38,8.2,0.91,11.52,10.86
design_1926,0.38,0.29,2.15,nan,nan,nan,0.75,1.48,18.94,8.43,0.91,15.02,8.87
design_1927,0.47,0.47,1.56,nan,nan,nan,0.61,1.11,18.4,8.24,0.9,12.07,7.54
design_1928,0.5,0.64,0.6,nan,nan,nan,0.43,0.59,17.29,7.77,0.92,14.71,15.55
design_1929,0.49,0.54,0.71,nan,nan,nan,0.44,0.62,13.62,6.23,0.91,3.75,3.15
design_1930,0.54,0.42,0.61,nan,nan,nan,0.46,0.55,10.71,5.01,0.91,3.37,3.0
design_1931,0.61,0.45,0.69,nan,nan,nan,0.47,0.62,14.88,6.75,0.91,3.54,3.12
design_1932,0.45,0.6,1.02,nan,nan,nan,0.52,0.81,16.87,7.59,0.92,4.73,5.62
design_1933,0.67,0.42,0.66,nan,nan,nan,0.47,0.62,16.32,7.33,0.92,19.45,17.58
design_1934,0.59,0.43,0.77,nan,nan,nan,0.51,0.66,16.52,7.42,0.92,18.0,17.13
design_1935,0.59,0.42,0.64,nan,nan,nan,0.45,0.59,16.25,7.31,0.92,6.75,8.21
design_1936,1.34,2.57,1.27,nan,nan,nan,0.84,1.76,18.18,8.0,0.92,19.23,17.71
design_1937,1.38,0.98,1.45,nan,nan,nan,0.69,1.31,16.95,7.49,0.92,19.48,16.69
design_1938,1.32,1.01,1.35,nan,nan,nan,0.66,1.25,18.15,7.98,0.92,20.9,17.56
design_1939,1.32,1.18,1.3,nan,nan,nan,0.67,1.27,17.17,7.57,0.92,21.25,17.55
design_1940,1.34,1.12,1.26,nan,nan,nan,0.66,1.25,17.82,7.84,0.92,20.95,15.48
design_1941,1.26,0.86,1.22,nan,nan,nan,0.61,1.14,17.91,7.89,0.92,18.63,17.89
design_1942,1.34,0.79,1.32,nan,nan,nan,0.65,1.2,17.77,7.84,0.92,19.9,16.49
design_1943,1.34,1.1,1.61,nan,nan,nan,0.71,1.39,17.31,7.64,0.92,21.09,16.69
design_1944,0.73,0.69,1.82,nan,nan,nan,0.71,1.29,17.04,7.6,0.9,21.25,16.42
design_1945,0.78,0.71,1.51,nan,nan,nan,0.64,1.12,16.53,7.38,0.91,22.57,15.68
design_1946,0.77,0.68,1.32,nan,nan,nan,0.58,1.02,16.17,7.24,0.9,20.93,16.37
design_1947,0.81,0.58,1.44,nan,nan,nan,0.64,1.07,17.3,7.71,0.9,6.28,5.08
design_1948,0.85,0.66,1.5,nan,nan,nan,0.64,1.13,15.34,6.87,0.91,22.06,16.66
design_1949,0.71,0.52,1.48,nan,nan,nan,0.6,1.06,17.81,7.93,0.9,14.86,14.76
design_1950,0.98,0.42,3.91,nan,nan,nan,1.18,2.57,16.63,7.44,0.9,14.89,11.69
design_1951,0.75,0.56,4.24,nan,nan,nan,1.26,2.76,17.68,7.86,0.91,13.35,10.26
design_1952,0.5,0.47,1.42,nan,nan,nan,0.56,1.01,15.4,6.94,0.91,9.69,5.9
design_1953,0.5,0.48,2.04,nan,nan,nan,0.7,1.39,18.09,8.05,0.91,21.51,14.52
design_1954,0.5,0.56,3.55,nan,nan,nan,1.1,2.37,18.2,8.08,0.91,16.8,11.73
design_1955,0.55,0.52,3.47,nan,nan,nan,1.09,2.32,17.9,7.97,0.91,14.1,11.52
design_1956,0.58,0.53,3.55,nan,nan,nan,1.11,2.38,17.92,8.0,0.91,14.24,9.41
design_1957,0.65,0.7,2.09,nan,nan,nan,0.75,1.47,17.47,7.81,0.91,9.9,7.54
design_1958,0.61,0.53,3.77,nan,nan,nan,1.18,2.52,18.41,8.18,0.91,20.78,15.19
design_1959,0.6,0.57,1.53,nan,nan,nan,0.6,1.1,17.32,7.76,0.91,8.23,6.26
design_1960,0.86,0.43,1.41,nan,nan,nan,0.62,1.06,17.73,7.87,0.92,26.1,18.13
design_1961,0.62,0.56,1.45,nan,nan,nan,0.61,1.05,18.35,8.13,0.92,23.09,12.63
design_1962,0.78,0.4,1.47,nan,nan,nan,0.61,1.08,18.15,8.05,0.92,10.11,10.27
design_1963,0.54,0.42,1.3,nan,nan,nan,0.57,0.93,17.7,7.85,0.92,20.42,12.53
design_1964,0.59,0.52,1.19,nan,nan,nan,0.56,0.89,18.16,8.03,0.92,11.42,9.95
design_1965,0.75,0.47,1.24,nan,nan,nan,0.57,0.95,17.24,7.66,0.92,20.85,12.38
design_1966,0.94,0.38,1.3,nan,nan,nan,0.59,1.02,17.42,7.73,0.92,14.05,12.11
design_1967,0.78,0.37,1.41,nan,nan,nan,0.61,1.04,17.46,7.77,0.92,18.05,12.98
design_1968,1.61,0.35,1.04,nan,nan,nan,0.65,1.16,16.11,7.09,0.92,14.99,13.74
design_1969,0.59,0.33,0.95,nan,nan,nan,0.46,0.65,14.58,6.45,0.92,13.33,13.45
design_1970,0.55,0.28,1.24,nan,nan,nan,0.5,0.76,13.77,6.13,0.91,16.68,14.83
design_1971,1.73,0.38,1.11,nan,nan,nan,0.68,1.25,16.29,7.15,0.92,14.82,12.99
design_1972,0.59,0.45,1.07,nan,nan,nan,0.49,0.72,16.26,7.13,0.92,10.56,10.58
design_1973,0.68,0.23,1.34,nan,nan,nan,0.53,0.84,15.02,6.64,0.91,13.21,14.34
design_1974,0.66,0.32,1.37,nan,nan,nan,0.55,0.85,15.45,6.81,0.92,12.89,14.13
design_1975,1.37,0.33,1.48,nan,nan,nan,0.64,1.17,18.13,7.91,0.91,17.05,15.17
design_1976,0.59,0.56,1.06,nan,nan,nan,0.44,0.74,18.03,7.88,0.92,19.32,15.49
design_1977,0.57,0.42,1.08,nan,nan,nan,0.46,0.71,18.38,8.02,0.92,23.0,21.9
design_1978,0.66,0.76,1.03,nan,nan,nan,0.48,0.81,18.02,7.86,0.91,15.51,12.86
design_1979,0.61,0.56,1.27,nan,nan,nan,0.49,0.83,18.2,7.95,0.91,3.97,3.85
design_1980,0.86,2.41,0.64,nan,nan,nan,0.73,1.53,16.26,7.15,0.91,22.26,22.72
design_1981,0.62,0.45,0.95,nan,nan,nan,0.45,0.68,16.93,7.42,0.91,22.24,22.6
design_1982,0.5,0.44,1.04,nan,nan,nan,0.45,0.68,17.47,7.64,0.92,22.03,23.77
design_1983,0.56,0.77,1.75,nan,nan,nan,0.6,1.08,17.86,7.83,0.91,11.19,7.88
design_1984,0.65,0.65,0.68,nan,nan,nan,0.5,0.66,17.88,7.81,0.92,27.88,16.41
design_1985,0.65,0.54,0.48,nan,nan,nan,0.44,0.56,17.25,7.54,0.92,14.33,8.27
design_1986,0.87,0.54,1.54,nan,nan,nan,0.61,1.06,18.39,8.08,0.91,21.1,13.69
design_1987,0.77,0.4,0.58,nan,nan,nan,0.48,0.61,18.28,8.01,0.92,17.29,8.97
design_1988,0.65,0.72,0.53,nan,nan,nan,0.5,0.64,17.59,7.68,0.92,25.86,15.9
design_1989,1.39,0.46,0.63,nan,nan,nan,0.58,0.95,17.18,7.54,0.92,13.67,7.59
design_1990,0.6,0.51,0.5,nan,nan,nan,0.44,0.54,17.08,7.46,0.93,14.75,11.8
design_1991,0.75,0.55,0.59,nan,nan,nan,0.48,0.64,17.6,7.68,0.92,14.92,12.41
design_1992,0.93,0.47,2.88,nan,nan,nan,0.87,1.81,17.28,7.61,0.92,26.25,20.92
design_1993,1.47,0.56,3.5,nan,nan,nan,1.09,2.27,16.59,7.3,0.92,16.14,17.96
design_1994,0.91,0.51,2.85,nan,nan,nan,0.86,1.79,16.92,7.45,0.92,26.04,20.15
design_1995,1.04,0.59,3.22,nan,nan,nan,0.96,2.03,17.46,7.68,0.92,22.3,17.27
design_1996,0.9,0.34,3.12,nan,nan,nan,0.94,1.93,16.63,7.33,0.92,18.87,18.87
design_1997,0.94,0.51,2.74,nan,nan,nan,0.84,1.73,17.05,7.51,0.92,24.06,19.15
design_1998,0.91,0.31,3.35,nan,nan,nan,0.99,2.06,16.95,7.47,0.92,18.75,19.34
design_1999,0.93,0.74,2.69,nan,nan,nan,0.83,1.73,17.44,7.67,0.92,10.72,14.05
design_2000,1.07,0.52,0.87,nan,nan,nan,0.52,0.86,17.5,7.67,0.92,26.67,20.26
design_2001,0.7,0.63,1.07,nan,nan,nan,0.51,0.82,16.82,7.38,0.92,26.81,19.83
design_2002,0.74,0.58,1.03,nan,nan,nan,0.51,0.8,17.12,7.52,0.92,26.34,20.93
design_2003,0.96,0.47,0.8,nan,nan,nan,0.52,0.78,17.1,7.51,0.91,25.48,20.75
design_2004,0.62,0.74,0.92,nan,nan,nan,0.48,0.76,17.5,7.66,0.92,12.72,9.04
design_2005,0.66,0.79,1.14,nan,nan,nan,0.52,0.88,17.78,7.78,0.92,18.99,12.91
design_2006,0.71,0.6,1.05,nan,nan,nan,0.51,0.81,16.88,7.4,0.92,26.88,19.72
design_2007,0.95,0.46,0.73,nan,nan,nan,0.5,0.75,17.49,7.66,0.92,10.61,10.21
design_2008,0.7,0.38,0.86,nan,nan,nan,0.54,0.73,16.5,7.4,0.92,10.36,8.86
design_2009,0.76,0.6,1.77,nan,nan,nan,0.72,1.33,17.53,7.86,0.91,22.27,18.73
design_2010,0.79,0.33,1.03,nan,nan,nan,0.55,0.84,17.15,7.69,0.92,12.15,10.39
design_2011,0.71,0.37,0.84,nan,nan,nan,0.52,0.72,17.12,7.66,0.92,13.93,11.03
design_2012,0.79,0.38,0.83,nan,nan,nan,0.56,0.74,14.72,6.66,0.91,11.01,9.28
design_2013,0.76,0.46,0.9,nan,nan,nan,0.55,0.78,15.45,6.96,0.91,14.61,13.25
design_2014,0.68,0.34,0.83,nan,nan,nan,0.54,0.7,13.78,6.26,0.91,11.08,9.35
design_2015,0.95,0.62,0.98,nan,nan,nan,0.55,0.9,13.68,6.25,0.9,12.64,11.24
design_2016,0.81,0.77,1.69,nan,nan,nan,0.67,1.24,16.56,7.34,0.92,24.71,19.14
design_2017,0.63,0.94,1.46,nan,nan,nan,0.6,1.11,15.96,7.12,0.91,24.95,20.18
design_2018,0.76,0.79,1.86,nan,nan,nan,0.69,1.33,15.6,6.96,0.92,24.52,19.03
design_2019,0.63,0.65,2.22,nan,nan,nan,0.75,1.5,16.56,7.39,0.91,25.13,18.66
design_2020,0.63,0.83,1.42,nan,nan,nan,0.58,1.07,17.45,7.76,0.91,24.93,19.78
design_2021,0.82,0.82,2.1,nan,nan,nan,0.76,1.48,18.41,8.17,0.91,18.31,12.36
design_2022,0.74,0.95,1.98,nan,nan,nan,0.75,1.42,16.42,7.31,0.91,24.63,18.93
design_2023,0.96,0.85,1.76,nan,nan,nan,0.73,1.33,17.25,7.62,0.92,26.15,18.4
design_2024,0.69,0.37,0.98,nan,nan,nan,0.51,0.72,16.37,7.19,0.92,14.87,12.68
design_2025,0.58,0.5,1.08,nan,nan,nan,0.5,0.75,18.3,8.0,0.91,16.32,11.3
design_2026,0.73,0.42,0.91,nan,nan,nan,0.5,0.72,17.34,7.59,0.92,11.7,12.06
design_2027,0.83,0.4,0.76,nan,nan,nan,0.48,0.7,16.99,7.46,0.92,16.88,15.42
design_2028,0.66,0.42,1.2,nan,nan,nan,0.55,0.82,17.15,7.54,0.91,15.42,13.84
design_2029,0.67,0.58,0.95,nan,nan,nan,0.5,0.74,17.85,7.83,0.92,13.49,13.32
design_2030,0.96,0.48,0.82,nan,nan,nan,0.49,0.79,16.76,7.35,0.92,14.62,14.32
design_2031,0.65,0.33,0.97,nan,nan,nan,0.52,0.7,17.99,7.86,0.92,13.12,14.84
design_2032,0.94,1.0,1.15,nan,nan,nan,0.6,1.06,17.63,7.86,0.92,24.07,18.09
design_2033,0.97,0.93,0.86,nan,nan,nan,0.54,0.91,18.42,8.2,0.92,25.44,18.36
design_2034,0.7,0.76,0.88,nan,nan,nan,0.49,0.8,17.87,7.96,0.92,22.71,13.55
design_2035,0.83,0.85,0.93,nan,nan,nan,0.52,0.88,17.92,7.97,0.92,24.95,18.98
design_2036,0.84,0.9,1.28,nan,nan,nan,0.6,1.08,18.27,8.13,0.92,20.33,16.91
design_2037,0.95,1.04,1.25,nan,nan,nan,0.61,1.12,18.57,8.24,0.92,25.66,12.86
design_2038,0.81,1.16,1.33,nan,nan,nan,0.63,1.16,18.36,8.2,0.91,29.52,12.95
design_2039,0.88,0.7,0.83,nan,nan,nan,0.5,0.81,18.26,8.13,0.92,23.39,11.92
design_2040,0.7,0.71,0.74,nan,nan,nan,0.43,0.72,18.45,8.1,0.92,15.37,7.89
design_2041,1.12,1.15,1.55,nan,nan,nan,0.69,1.31,17.86,7.87,0.91,6.11,8.09
design_2042,0.94,0.61,1.3,nan,nan,nan,0.56,1.02,18.05,7.94,0.92,11.9,7.4
design_2043,0.7,0.55,1.04,nan,nan,nan,0.49,0.81,17.77,7.81,0.92,8.17,4.8
design_2044,1.35,0.68,1.64,nan,nan,nan,0.69,1.33,17.16,7.56,0.92,13.72,11.29
design_2045,0.96,0.7,1.57,nan,nan,nan,0.64,1.18,17.03,7.53,0.91,14.68,12.34
design_2046,0.93,0.6,1.71,nan,nan,nan,0.63,1.23,16.57,7.34,0.92,9.72,8.45
design_2047,1.29,0.78,1.28,nan,nan,nan,0.63,1.16,18.81,8.25,0.92,29.3,16.96
design_2048,0.91,0.53,2.04,nan,nan,nan,0.81,1.49,4.07,2.25,0.91,3.05,1.67
design_2049,0.79,0.58,1.43,nan,nan,nan,0.67,1.09,3.94,2.19,0.92,1.31,1.06
design_2050,0.91,0.46,2.38,nan,nan,nan,0.89,1.7,4.38,2.38,0.91,3.68,1.93
design_2051,0.97,0.6,0.68,nan,nan,nan,0.58,0.76,3.96,2.19,0.92,1.19,0.77
design_2052,0.66,0.71,3.03,nan,nan,nan,1.03,2.11,14.45,6.57,0.91,8.95,8.88
design_2053,0.88,0.59,1.16,nan,nan,nan,0.62,0.96,3.88,2.16,0.92,1.74,0.99
design_2054,0.9,0.83,3.12,nan,nan,nan,1.06,2.2,14.34,6.53,0.9,4.82,5.83
design_2055,0.83,0.5,2.06,nan,nan,nan,0.8,1.49,4.05,2.25,0.91,2.11,1.39
design_2056,0.91,0.42,0.86,nan,nan,nan,0.49,0.78,18.49,8.17,0.91,17.96,17.02
design_2057,1.06,0.43,1.85,nan,nan,nan,0.67,1.34,17.69,7.83,0.91,19.12,12.53
design_2058,0.71,0.5,1.06,nan,nan,nan,0.52,0.83,18.83,8.31,0.91,15.61,14.53
design_2059,0.93,0.47,1.13,nan,nan,nan,0.56,0.92,18.86,8.33,0.91,13.96,15.7
design_2060,1.08,0.47,2.07,nan,nan,nan,0.73,1.48,17.78,7.87,0.91,18.7,12.67
design_2061,0.98,0.47,1.86,nan,nan,nan,0.67,1.33,18.36,8.12,0.91,19.18,13.25
design_2062,0.82,0.49,1.17,nan,nan,nan,0.53,0.91,19.2,8.48,0.91,17.55,15.93
design_2063,0.8,0.39,2.03,nan,nan,nan,0.71,1.39,18.08,8.0,0.91,19.9,14.21
design_2064,0.93,0.82,2.9,nan,nan,nan,0.9,1.86,17.37,7.61,0.92,20.64,17.48
design_2065,0.88,0.88,2.95,nan,nan,nan,0.93,1.89,16.48,7.25,0.92,16.3,15.24
design_2066,0.81,0.94,2.86,nan,nan,nan,0.9,1.83,16.39,7.21,0.92,22.44,20.0
design_2067,0.73,0.81,1.22,nan,nan,nan,0.56,0.95,18.23,7.97,0.92,22.72,18.0
design_2068,1.06,0.5,3.18,nan,nan,nan,0.99,2.0,16.86,7.41,0.92,13.73,14.46
design_2069,0.87,0.89,2.55,nan,nan,nan,0.85,1.66,17.28,7.59,0.92,21.55,18.9
design_2070,0.88,0.75,2.43,nan,nan,nan,0.81,1.58,17.7,7.77,0.92,24.14,22.91
design_2071,0.91,0.89,2.35,nan,nan,nan,0.82,1.57,17.24,7.56,0.92,21.63,18.85
design_2072,0.64,1.0,0.65,nan,nan,nan,0.49,0.77,17.56,7.69,0.92,19.43,18.6
design_2073,0.47,0.84,0.61,nan,nan,nan,0.44,0.65,17.7,7.75,0.92,22.25,14.79
design_2074,0.48,0.93,0.6,nan,nan,nan,0.46,0.69,17.93,7.84,0.92,22.46,16.75
design_2075,0.6,0.66,0.84,nan,nan,nan,0.48,0.7,18.41,8.03,0.92,16.21,21.37
design_2076,0.77,0.92,0.74,nan,nan,nan,0.5,0.81,17.58,7.7,0.92,19.51,11.87
design_2077,0.72,1.04,0.68,nan,nan,nan,0.5,0.82,17.99,7.86,0.92,11.79,12.54
design_2078,0.54,0.92,0.42,nan,nan,nan,0.44,0.66,17.92,7.83,0.92,20.66,18.6
design_2079,0.48,0.51,0.63,nan,nan,nan,0.45,0.54,17.56,7.67,0.92,13.19,16.38
design_2080,0.73,0.41,2.02,nan,nan,nan,0.77,1.44,22.93,10.12,0.9,70.94,64.9
design_2081,0.51,0.38,2.22,nan,nan,nan,0.8,1.54,21.01,9.3,0.91,49.41,49.64
design_2082,0.69,0.42,2.52,nan,nan,nan,0.88,1.76,22.73,10.01,0.91,68.32,58.16
design_2083,0.67,0.44,2.38,nan,nan,nan,0.84,1.66,22.2,9.78,0.91,43.02,21.48
design_2084,0.51,0.39,1.88,nan,nan,nan,0.72,1.31,20.01,8.9,0.91,43.56,29.67
design_2085,0.41,0.41,2.87,nan,nan,nan,0.97,1.96,19.01,8.45,0.91,51.88,49.15
design_2086,0.42,0.37,2.01,nan,nan,nan,0.72,1.39,22.07,9.76,0.91,59.5,54.48
design_2087,0.44,0.37,1.33,nan,nan,nan,0.6,0.95,20.61,9.14,0.91,42.89,36.52
design_2088,0.64,0.68,0.66,nan,nan,nan,0.44,0.66,16.99,7.4,0.92,18.54,11.65
design_2089,1.37,0.61,0.86,nan,nan,nan,0.56,1.03,17.6,7.66,0.92,13.75,8.56
design_2090,1.29,0.58,0.9,nan,nan,nan,0.54,0.99,16.76,7.31,0.92,21.55,9.69
design_2091,0.52,0.52,0.76,nan,nan,nan,0.43,0.6,17.53,7.65,0.92,11.25,6.68
design_2092,0.51,0.58,0.77,nan,nan,nan,0.43,0.61,16.9,7.37,0.92,13.85,7.02
design_2093,1.52,0.77,0.73,nan,nan,nan,0.58,1.12,16.62,7.25,0.92,22.67,14.96
design_2094,1.08,0.48,1.18,nan,nan,nan,0.56,0.96,16.64,7.28,0.92,6.15,4.78
design_2095,1.32,0.54,0.68,nan,nan,nan,0.51,0.95,17.84,7.76,0.92,17.86,9.29
design_2096,1.44,0.27,1.32,nan,nan,nan,0.66,1.19,17.62,7.85,0.92,22.71,19.69
design_2097,1.37,0.42,1.22,nan,nan,nan,0.62,1.13,17.19,7.65,0.92,22.1,19.59
design_2098,1.07,0.21,1.06,nan,nan,nan,0.58,0.93,16.08,7.21,0.92,21.86,20.75
design_2099,1.43,0.45,0.9,nan,nan,nan,0.59,1.01,17.2,7.67,0.92,15.62,15.54
design_2100,1.38,0.57,1.21,nan,nan,nan,0.64,1.14,17.07,7.62,0.92,21.51,19.96
design_2101,1.06,0.52,1.2,nan,nan,nan,0.6,1.02,16.18,7.24,0.92,21.67,19.84
design_2102,0.91,0.57,1.23,nan,nan,nan,0.6,1.01,17.79,7.91,0.92,22.2,18.9
design_2103,1.52,0.35,1.32,nan,nan,nan,0.67,1.23,17.19,7.66,0.92,22.2,19.87
design_2104,0.99,0.44,1.3,nan,nan,nan,0.67,1.07,10.42,4.9,0.91,23.36,18.4
design_2105,0.93,0.56,1.07,nan,nan,nan,0.6,0.94,5.2,2.72,0.91,1.14,0.88
design_2106,0.89,0.54,1.46,nan,nan,nan,0.7,1.16,14.32,6.51,0.92,23.65,19.39
design_2107,0.84,0.38,1.36,nan,nan,nan,0.64,1.07,17.37,7.79,0.92,7.18,5.17
design_2108,0.84,0.52,1.41,nan,nan,nan,0.67,1.12,13.69,6.25,0.91,23.88,19.59
design_2109,0.91,0.71,1.33,nan,nan,nan,0.68,1.11,9.17,4.37,0.91,24.01,17.4
design_2110,0.85,0.39,1.24,nan,nan,nan,0.62,1.0,15.19,6.9,0.91,24.24,20.69
design_2111,0.88,0.45,1.38,nan,nan,nan,0.64,1.1,17.77,7.95,0.92,22.36,21.89
design_2112,0.66,0.51,1.39,nan,nan,nan,0.57,1.0,16.84,7.51,0.91,4.01,4.28
design_2113,0.92,0.71,3.36,nan,nan,nan,1.03,2.24,19.5,8.61,0.91,7.63,7.23
design_2114,0.6,0.57,3.19,nan,nan,nan,0.97,2.09,18.51,8.22,0.91,7.34,6.91
design_2115,0.87,0.49,1.2,nan,nan,nan,0.55,0.95,16.36,7.31,0.91,7.31,3.31
design_2116,0.73,0.55,1.36,nan,nan,nan,0.57,1.0,16.01,7.16,0.91,7.27,4.14
design_2117,1.07,0.53,2.7,nan,nan,nan,0.88,1.85,19.23,8.52,0.91,21.31,20.49
design_2118,0.78,0.5,1.54,nan,nan,nan,0.62,1.11,17.68,7.86,0.91,7.32,4.43
design_2119,1.09,0.47,1.71,nan,nan,nan,0.7,1.28,15.86,7.09,0.91,9.38,8.05
design_2120,0.59,0.53,1.53,nan,nan,nan,0.57,0.98,16.93,7.42,0.92,12.41,15.32
design_2121,0.59,0.38,0.56,nan,nan,nan,0.41,0.52,17.68,7.72,0.92,29.94,16.42
design_2122,0.66,0.47,0.88,nan,nan,nan,0.45,0.69,18.03,7.88,0.92,21.14,17.64
design_2123,0.77,0.48,2.11,nan,nan,nan,0.67,1.3,17.61,7.7,0.92,11.85,14.3
design_2124,0.62,0.52,0.69,nan,nan,nan,0.41,0.61,17.99,7.85,0.92,18.26,17.35
design_2125,0.62,0.55,0.93,nan,nan,nan,0.43,0.72,18.28,7.97,0.92,14.17,9.3
design_2126,0.66,0.36,0.72,nan,nan,nan,0.43,0.6,17.21,7.54,0.92,19.3,17.4
design_2127,0.66,0.42,0.62,nan,nan,nan,0.42,0.58,18.24,7.95,0.92,22.18,20.39
design_2128,0.63,0.63,1.47,nan,nan,nan,0.63,1.12,16.41,7.34,0.92,21.66,18.63
design_2129,0.6,0.56,1.09,nan,nan,nan,0.54,0.86,16.5,7.39,0.92,9.53,7.26
design_2130,0.69,0.56,1.48,nan,nan,nan,0.63,1.12,15.91,7.13,0.92,21.7,18.14
design_2131,0.63,0.45,1.52,nan,nan,nan,0.63,1.13,16.43,7.36,0.92,21.36,17.61
design_2132,0.75,0.61,4.33,nan,nan,nan,1.43,3.04,17.15,7.76,0.9,9.13,5.66
design_2133,0.63,0.65,5.11,nan,nan,nan,1.67,3.57,18.83,8.45,0.9,11.8,6.91
design_2134,0.71,0.74,1.46,nan,nan,nan,0.63,1.14,13.67,6.21,0.91,6.5,7.19
design_2135,0.76,0.6,1.33,nan,nan,nan,0.6,1.05,15.96,7.16,0.92,21.82,17.96
design_2136,1.1,1.02,1.44,nan,nan,nan,0.7,1.26,15.14,6.87,0.91,22.29,17.68
design_2137,1.13,0.8,1.43,nan,nan,nan,0.69,1.22,13.79,6.31,0.9,22.7,17.35
design_2138,1.18,1.19,1.57,nan,nan,nan,0.77,1.38,18.17,8.13,0.91,20.03,14.72
design_2139,0.86,1.07,1.81,nan,nan,nan,0.76,1.43,18.31,8.18,0.92,17.57,15.25
design_2140,0.89,1.26,1.71,nan,nan,nan,0.75,1.42,18.14,8.1,0.92,22.62,15.61
design_2141,1.0,0.84,1.43,nan,nan,nan,0.67,1.19,16.42,7.4,0.91,24.86,17.38
design_2142,0.91,0.98,1.64,nan,nan,nan,0.71,1.33,17.45,7.83,0.91,15.46,12.71
design_2143,1.11,0.94,1.37,nan,nan,nan,0.68,1.2,15.72,7.1,0.91,23.49,17.15
design_2144,0.77,1.08,0.44,nan,nan,nan,0.48,0.79,17.28,7.58,0.92,21.53,16.02
design_2145,0.72,1.22,0.69,nan,nan,nan,0.5,0.89,17.05,7.49,0.92,17.03,11.76
design_2146,0.52,0.91,1.47,nan,nan,nan,0.61,1.04,16.89,7.42,0.92,18.78,18.06
design_2147,0.72,1.17,1.36,nan,nan,nan,0.63,1.12,16.85,7.41,0.92,25.06,18.12
design_2148,0.71,0.63,1.45,nan,nan,nan,0.61,1.02,16.77,7.37,0.92,16.99,19.34
design_2149,0.56,1.16,1.21,nan,nan,nan,0.57,1.01,17.4,7.63,0.92,15.9,13.7
design_2150,0.96,1.09,1.51,nan,nan,nan,0.66,1.22,17.13,7.52,0.92,13.83,16.58
design_2151,0.75,1.16,1.44,nan,nan,nan,0.66,1.15,15.81,6.97,0.92,17.63,22.31
design_2152,0.58,0.66,1.71,nan,nan,nan,0.65,1.19,18.16,8.01,0.92,19.91,13.7
design_2153,0.9,0.73,1.04,nan,nan,nan,0.55,0.92,17.26,7.65,0.91,22.11,16.17
design_2154,0.95,0.74,1.38,nan,nan,nan,0.61,1.1,18.09,8.0,0.91,23.4,16.19
design_2155,0.66,0.65,1.47,nan,nan,nan,0.59,1.07,16.14,7.18,0.91,24.64,17.01
design_2156,0.58,0.68,1.45,nan,nan,nan,0.6,1.05,16.34,7.28,0.91,20.61,17.19
design_2157,0.63,0.78,1.34,nan,nan,nan,0.59,1.01,15.7,6.99,0.92,20.98,16.88
design_2158,0.89,0.71,1.15,nan,nan,nan,0.57,0.97,16.68,7.41,0.92,21.92,18.69
design_2159,0.69,0.66,1.42,nan,nan,nan,0.59,1.05,17.53,7.78,0.91,22.16,16.98
design_2160,1.05,0.29,1.48,nan,nan,nan,0.57,1.03,16.86,7.41,0.91,14.03,11.02
design_2161,1.12,0.53,1.75,nan,nan,nan,0.6,1.2,17.8,7.79,0.91,10.6,13.57
design_2162,0.94,0.39,1.44,nan,nan,nan,0.55,0.98,17.67,7.74,0.91,8.99,8.29
design_2163,0.64,0.44,1.19,nan,nan,nan,0.5,0.79,18.14,7.92,0.91,12.36,13.98
design_2164,1.02,0.28,1.67,nan,nan,nan,0.6,1.1,17.45,7.65,0.91,21.32,21.45
design_2165,1.03,0.4,1.75,nan,nan,nan,0.61,1.15,17.4,7.63,0.91,21.05,21.25
design_2166,0.97,0.33,1.27,nan,nan,nan,0.54,0.92,16.51,7.25,0.91,20.56,19.13
design_2167,0.99,0.32,1.44,nan,nan,nan,0.55,1.0,17.43,7.63,0.91,11.16,14.13
design_2168,1.08,0.81,2.24,nan,nan,nan,0.76,1.49,17.16,7.51,0.92,11.96,12.88
design_2169,1.03,0.85,2.36,nan,nan,nan,0.78,1.54,16.97,7.42,0.92,13.1,14.4
design_2170,1.06,0.71,0.52,nan,nan,nan,0.51,0.81,16.91,7.41,0.92,12.76,13.29
design_2171,0.95,0.82,2.33,nan,nan,nan,0.76,1.5,17.2,7.52,0.92,22.87,16.58
design_2172,0.96,0.84,2.44,nan,nan,nan,0.79,1.56,16.79,7.35,0.92,11.3,12.38
design_2173,0.99,0.98,2.07,nan,nan,nan,0.74,1.42,17.16,7.5,0.92,23.63,18.38
design_2174,1.49,0.84,2.28,nan,nan,nan,0.85,1.64,17.03,7.45,0.92,16.16,15.46
design_2175,1.06,0.87,2.08,nan,nan,nan,0.74,1.42,16.9,7.39,0.92,12.2,13.26
design_2176,0.7,0.67,3.15,nan,nan,nan,1.07,2.19,19.17,8.57,0.91,15.44,14.21
design_2177,0.81,0.61,3.66,nan,nan,nan,1.21,2.54,18.28,8.19,0.91,16.12,12.81
design_2178,0.82,0.86,3.82,nan,nan,nan,1.25,2.66,18.71,8.37,0.91,15.19,11.8
design_2179,0.66,0.62,3.8,nan,nan,nan,1.24,2.61,19.12,8.55,0.91,15.56,12.01
design_2180,0.59,0.59,2.36,nan,nan,nan,0.83,1.66,17.5,7.89,0.9,10.78,4.54
design_2181,0.68,0.61,3.3,nan,nan,nan,1.09,2.29,17.69,7.95,0.9,6.26,5.34
design_2182,0.77,0.62,3.97,nan,nan,nan,1.29,2.74,19.43,8.68,0.9,12.12,7.55
design_2183,0.79,0.75,2.98,nan,nan,nan,1.02,2.1,19.69,8.79,0.9,15.03,11.37
design_2184,1.16,0.46,1.42,nan,nan,nan,0.68,1.19,16.45,7.41,0.92,7.3,7.9
design_2185,0.91,0.6,0.86,nan,nan,nan,0.53,0.82,17.53,7.86,0.92,23.23,25.68
design_2186,0.88,0.66,0.9,nan,nan,nan,0.54,0.85,16.87,7.59,0.91,21.31,19.37
design_2187,0.76,0.95,0.79,nan,nan,nan,0.52,0.82,17.44,7.81,0.92,8.92,6.7
design_2188,0.8,0.56,1.02,nan,nan,nan,0.56,0.88,16.3,7.33,0.92,20.08,18.15
design_2189,0.73,0.72,0.71,nan,nan,nan,0.48,0.71,16.48,7.43,0.91,15.22,10.23
design_2190,0.78,0.31,1.67,nan,nan,nan,0.71,1.26,18.56,8.3,0.92,8.55,10.05
design_2191,0.78,0.83,0.72,nan,nan,nan,0.49,0.76,17.01,7.64,0.92,21.48,18.17
design_2192,0.51,0.64,1.97,nan,nan,nan,0.74,1.4,17.63,7.86,0.91,18.34,18.39
design_2193,1.08,1.09,5.39,nan,nan,nan,1.74,3.73,7.07,3.48,0.91,11.95,13.23
design_2194,1.24,1.32,1.97,nan,nan,nan,0.82,1.63,17.87,7.96,0.92,15.76,13.43
design_2195,0.49,0.78,1.77,nan,nan,nan,0.7,1.29,17.29,7.75,0.91,18.32,16.88
design_2196,0.48,0.56,1.66,nan,nan,nan,0.65,1.19,19.11,8.5,0.91,30.99,18.06
design_2197,1.08,0.99,1.81,nan,nan,nan,0.74,1.45,17.63,7.89,0.91,15.51,15.47
design_2198,0.52,0.77,1.62,nan,nan,nan,0.66,1.2,18.11,8.08,0.91,10.22,6.87
design_2199,1.02,1.05,1.48,nan,nan,nan,0.67,1.26,17.5,7.8,0.92,12.69,12.81
design_2200,0.35,0.87,0.88,nan,nan,nan,0.48,0.76,17.87,7.91,0.92,29.35,19.14
design_2201,0.38,0.81,2.94,nan,nan,nan,0.94,1.99,18.0,8.02,0.91,26.3,14.5
design_2202,0.35,0.86,0.81,nan,nan,nan,0.49,0.72,17.6,7.8,0.92,28.45,18.62
design_2203,0.42,0.8,0.96,nan,nan,nan,0.51,0.78,17.63,7.81,0.92,14.86,14.77
design_2204,0.38,0.89,0.91,nan,nan,nan,0.5,0.78,17.88,7.93,0.92,28.78,18.46
design_2205,0.34,0.86,0.8,nan,nan,nan,0.47,0.71,17.86,7.92,0.92,25.56,19.16
design_2206,0.35,0.83,0.63,nan,nan,nan,0.45,0.62,17.21,7.64,0.92,18.33,12.19
design_2207,0.36,0.74,0.63,nan,nan,nan,0.44,0.6,17.45,7.74,0.92,28.36,18.13
design_2208,0.87,0.79,2.4,nan,nan,nan,0.79,1.52,17.18,7.55,0.92,22.16,21.06
design_2209,0.9,0.52,4.29,nan,nan,nan,1.1,2.49,18.01,7.91,0.91,24.26,20.53
design_2210,0.9,0.97,2.32,nan,nan,nan,0.78,1.51,17.23,7.55,0.92,23.75,20.7
design_2211,0.6,0.55,4.37,nan,nan,nan,1.1,2.5,17.78,7.81,0.91,25.54,20.77
design_2212,0.56,0.61,4.13,nan,nan,nan,1.05,2.37,16.43,7.27,0.91,23.16,19.64
design_2213,0.75,0.76,4.45,nan,nan,nan,1.13,2.58,16.92,7.46,0.91,22.94,19.13
design_2214,0.64,0.64,1.8,nan,nan,nan,0.64,1.14,17.2,7.56,0.92,7.67,7.61
design_2215,0.47,0.69,1.02,nan,nan,nan,0.5,0.75,17.77,7.77,0.92,22.92,16.48
design_2216,0.65,0.38,2.43,nan,nan,nan,0.8,1.66,17.67,7.86,0.92,25.35,17.04
design_2217,0.57,0.32,1.6,nan,nan,nan,0.6,1.11,17.34,7.7,0.92,23.43,16.81
design_2218,0.57,0.4,1.49,nan,nan,nan,0.58,1.05,18.24,8.08,0.92,16.21,11.79
design_2219,0.81,0.36,2.51,nan,nan,nan,0.84,1.72,18.38,8.18,0.91,30.76,18.32
design_2220,0.78,0.33,2.51,nan,nan,nan,0.84,1.72,17.52,7.78,0.92,18.98,11.91
design_2221,0.67,0.25,1.49,nan,nan,nan,0.59,1.06,17.4,7.74,0.92,13.05,13.6
design_2222,0.62,0.35,1.54,nan,nan,nan,0.59,1.09,18.58,8.23,0.92,9.75,5.8
design_2223,0.8,0.32,1.57,nan,nan,nan,0.64,1.14,17.02,7.58,0.92,16.61,11.98
design_2224,0.52,0.8,3.88,nan,nan,nan,1.16,2.53,17.64,7.85,0.91,17.9,13.4
design_2225,0.67,0.83,3.66,nan,nan,nan,1.11,2.41,16.97,7.59,0.9,14.19,11.63
design_2226,0.5,0.88,5.01,nan,nan,nan,1.45,3.25,16.39,7.35,0.9,24.59,18.92
design_2227,0.61,0.99,4.14,nan,nan,nan,1.24,2.72,18.06,8.08,0.9,27.05,20.29
design_2228,0.56,0.93,3.97,nan,nan,nan,1.18,2.61,18.07,8.03,0.9,24.31,17.04
design_2229,0.62,0.82,4.48,nan,nan,nan,1.32,2.92,17.68,7.87,0.9,22.06,17.45
design_2230,0.56,1.0,4.51,nan,nan,nan,1.33,2.95,17.71,7.89,0.9,25.15,17.36
design_2231,0.56,0.71,5.18,nan,nan,nan,1.5,3.35,19.28,8.56,0.91,15.57,12.47
design_2232,0.62,0.34,0.66,nan,nan,nan,0.5,0.59,4.27,2.34,0.91,1.05,0.86
design_2233,0.78,0.32,1.39,nan,nan,nan,0.65,1.04,5.16,2.71,0.91,3.04,1.43
design_2234,0.56,0.32,0.6,nan,nan,nan,0.47,0.53,3.89,2.17,0.92,1.39,1.1
design_2235,0.52,0.28,0.63,nan,nan,nan,0.46,0.53,3.81,2.13,0.92,2.02,1.37
design_2236,0.63,0.35,0.67,nan,nan,nan,0.5,0.59,4.07,2.25,0.92,1.03,0.84
design_2237,0.46,0.43,0.89,nan,nan,nan,0.49,0.69,18.44,8.25,0.91,6.78,8.16
design_2238,0.62,0.28,0.62,nan,nan,nan,0.48,0.55,3.85,2.15,0.92,1.6,1.28
design_2239,0.63,0.23,0.71,nan,nan,nan,0.5,0.6,4.18,2.29,0.92,2.13,1.57
design_2240,0.37,0.27,2.61,nan,nan,nan,0.85,1.74,18.13,8.05,0.92,20.9,18.64
design_2241,0.31,0.32,2.49,nan,nan,nan,0.82,1.66,18.67,8.28,0.92,22.85,15.44
design_2242,0.48,0.38,2.71,nan,nan,nan,0.88,1.82,18.84,8.35,0.92,26.23,14.84
design_2243,0.39,0.48,2.98,nan,nan,nan,0.96,1.99,16.86,7.52,0.92,26.99,15.06
design_2244,0.47,0.43,3.0,nan,nan,nan,0.96,2.01,19.1,8.46,0.91,24.92,16.45
design_2245,0.4,0.47,2.97,nan,nan,nan,0.95,1.98,17.17,7.66,0.91,26.22,14.65
design_2246,0.34,0.4,3.03,nan,nan,nan,0.96,2.02,18.37,8.17,0.91,22.22,17.45
design_2247,0.49,0.35,2.88,nan,nan,nan,0.93,1.93,19.04,8.42,0.92,12.31,14.18
design_2248,0.43,0.72,1.55,nan,nan,nan,0.53,0.96,17.01,7.44,0.92,25.83,21.76
design_2249,0.35,0.74,2.27,nan,nan,nan,0.63,1.29,18.06,7.88,0.91,17.11,14.69
design_2250,0.36,0.75,1.73,nan,nan,nan,0.56,1.04,17.49,7.63,0.92,13.17,12.47
design_2251,0.43,0.61,1.79,nan,nan,nan,0.59,1.04,17.49,7.67,0.91,26.76,21.44
design_2252,0.38,0.62,1.58,nan,nan,nan,0.53,0.94,17.29,7.57,0.91,23.53,21.11
design_2253,0.85,0.61,1.75,nan,nan,nan,0.6,1.12,17.41,7.64,0.91,22.67,18.97
design_2254,0.41,0.71,1.7,nan,nan,nan,0.54,1.02,18.4,8.03,0.91,9.66,8.79
design_2255,0.5,0.64,1.89,nan,nan,nan,0.6,1.11,17.9,7.82,0.92,24.37,22.29
design_2256,0.55,0.76,0.5,nan,nan,nan,0.46,0.61,17.49,7.65,0.92,17.76,10.9
design_2257,0.62,0.73,0.7,nan,nan,nan,0.44,0.68,17.66,7.73,0.92,10.05,9.51
design_2258,1.37,1.05,1.01,nan,nan,nan,0.63,1.17,18.04,7.93,0.91,14.0,7.93
design_2259,0.78,0.68,1.05,nan,nan,nan,0.5,0.85,17.51,7.68,0.92,24.23,17.57
design_2260,0.54,0.78,0.6,nan,nan,nan,0.45,0.64,17.42,7.65,0.92,15.9,9.45
design_2261,0.95,0.73,1.87,nan,nan,nan,0.68,1.27,17.68,7.73,0.92,19.67,17.35
design_2262,1.45,0.75,2.01,nan,nan,nan,0.74,1.49,17.97,7.88,0.91,13.3,13.83
design_2263,0.71,0.8,1.02,nan,nan,nan,0.53,0.84,17.82,7.78,0.92,25.32,15.1
design_2264,0.76,0.63,5.41,nan,nan,nan,1.56,3.5,18.15,8.09,0.9,18.78,14.58
design_2265,0.9,0.48,2.64,nan,nan,nan,0.87,1.78,18.39,8.17,0.91,26.28,18.57
design_2266,0.8,0.46,2.9,nan,nan,nan,0.93,1.93,18.16,8.06,0.91,25.91,18.23
design_2267,0.9,0.5,2.03,nan,nan,nan,0.72,1.42,18.21,8.09,0.91,27.63,20.28
design_2268,0.73,0.68,2.62,nan,nan,nan,0.85,1.76,17.36,7.73,0.91,24.39,13.64
design_2269,0.62,0.48,2.94,nan,nan,nan,0.92,1.93,13.18,6.01,0.9,26.94,16.79
design_2270,0.78,0.73,4.91,nan,nan,nan,1.44,3.2,16.69,7.49,0.9,25.16,17.67
design_2271,0.51,0.9,5.69,nan,nan,nan,1.65,3.68,7.17,3.55,0.9,27.43,19.7
design_2272,0.95,1.08,2.19,nan,nan,nan,0.76,1.57,17.91,7.9,0.92,15.18,15.65
design_2273,1.07,0.91,2.51,nan,nan,nan,0.89,1.74,17.75,7.87,0.91,17.59,17.65
design_2274,1.74,0.77,3.41,nan,nan,nan,1.13,2.37,17.49,7.72,0.92,13.46,14.69
design_2275,0.72,1.01,0.89,nan,nan,nan,0.53,0.87,17.73,7.81,0.92,21.22,13.95
design_2276,0.73,0.85,2.53,nan,nan,nan,0.88,1.68,10.15,4.73,0.9,19.23,13.01
design_2277,1.25,0.96,4.58,nan,nan,nan,1.33,2.96,17.07,7.54,0.92,13.36,14.12
design_2278,0.58,1.11,3.43,nan,nan,nan,1.04,2.22,17.21,7.6,0.92,21.01,14.82
design_2279,1.2,0.86,1.95,nan,nan,nan,0.74,1.46,17.92,7.92,0.91,17.51,14.61
design_2280,0.99,1.26,3.7,nan,nan,nan,1.16,2.52,17.11,7.65,0.9,21.49,12.22
design_2281,0.53,1.23,3.53,nan,nan,nan,1.08,2.37,19.28,8.57,0.9,23.91,16.23
design_2282,0.53,1.51,3.27,nan,nan,nan,1.04,2.26,19.22,8.49,0.91,23.6,19.41
design_2283,0.68,1.29,2.91,nan,nan,nan,0.95,2.02,18.85,8.32,0.91,23.79,14.7
design_2284,0.6,1.27,2.72,nan,nan,nan,0.9,1.89,18.52,8.18,0.91,13.62,9.03
design_2285,0.76,1.39,3.05,nan,nan,nan,1.0,2.13,17.78,7.87,0.91,5.99,7.27
design_2286,0.54,0.94,2.61,nan,nan,nan,0.84,1.77,17.17,7.7,0.9,24.64,16.04
design_2287,0.78,1.02,3.36,nan,nan,nan,1.05,2.26,17.25,7.72,0.9,21.6,14.12
design_2288,0.55,0.68,1.67,nan,nan,nan,0.6,1.1,17.73,7.76,0.92,20.14,14.63
design_2289,0.46,0.63,1.44,nan,nan,nan,0.54,0.96,19.0,8.29,0.92,48.88,27.55
design_2290,0.72,0.61,1.75,nan,nan,nan,0.63,1.17,16.67,7.33,0.92,27.54,22.08
design_2291,0.67,0.79,1.68,nan,nan,nan,0.62,1.15,17.47,7.67,0.92,24.24,14.66
design_2292,0.55,0.69,1.66,nan,nan,nan,0.62,1.1,17.19,7.55,0.92,25.37,16.57
design_2293,0.71,0.67,1.46,nan,nan,nan,0.6,1.03,17.08,7.5,0.92,12.97,11.52
design_2294,0.55,0.64,1.55,nan,nan,nan,0.58,1.04,17.16,7.53,0.92,25.17,17.31
design_2295,0.77,0.8,2.8,nan,nan,nan,0.84,1.78,18.33,8.04,0.92,18.01,7.18
design_2296,0.3,0.41,1.55,nan,nan,nan,0.64,1.1,18.43,8.25,0.91,18.7,14.22
design_2297,0.33,0.28,1.46,nan,nan,nan,0.61,1.04,17.33,7.74,0.92,16.16,12.44
design_2298,0.52,0.44,1.59,nan,nan,nan,0.65,1.16,16.9,7.55,0.92,18.8,15.7
design_2299,0.42,0.47,1.02,nan,nan,nan,0.54,0.78,15.09,6.85,0.91,4.69,4.6
design_2300,0.48,0.37,1.63,nan,nan,nan,0.66,1.17,16.57,7.42,0.92,20.33,16.38
design_2301,0.3,0.43,1.01,nan,nan,nan,0.53,0.75,15.62,7.07,0.91,3.07,3.34
design_2302,0.38,0.4,1.14,nan,nan,nan,0.56,0.84,16.82,7.56,0.91,16.73,17.21
design_2303,0.34,0.49,1.3,nan,nan,nan,0.58,0.95,17.85,7.96,0.92,16.17,15.63
design_2304,0.42,0.51,1.22,nan,nan,nan,0.55,0.91,11.42,5.31,0.9,3.08,3.38
design_2305,0.57,0.47,1.35,nan,nan,nan,0.61,1.01,14.32,6.5,0.91,2.76,2.0
design_2306,0.51,0.53,1.44,nan,nan,nan,0.64,1.06,12.75,5.86,0.9,3.08,4.04
design_2307,0.55,0.51,1.26,nan,nan,nan,0.56,0.96,16.97,7.65,0.91,15.57,15.8
design_2308,0.49,0.55,1.48,nan,nan,nan,0.63,1.09,12.17,5.63,0.9,4.7,6.01
design_2309,0.41,0.7,1.32,nan,nan,nan,0.57,1.0,16.81,7.56,0.91,18.6,15.0
design_2310,0.5,0.62,4.56,nan,nan,nan,1.5,3.18,18.72,8.38,0.91,18.69,17.37
design_2311,0.53,0.54,1.39,nan,nan,nan,0.61,1.04,18.01,8.08,0.91,9.85,10.77
design_2312,1.04,0.77,1.04,nan,nan,nan,0.56,0.97,16.76,7.42,0.92,25.85,18.1
design_2313,0.93,0.76,2.11,nan,nan,nan,0.73,1.46,17.23,7.62,0.92,28.27,15.88
design_2314,1.11,0.75,1.14,nan,nan,nan,0.58,1.03,16.49,7.33,0.91,25.15,16.81
design_2315,1.01,0.76,1.69,nan,nan,nan,0.66,1.27,17.28,7.64,0.92,26.93,16.76
design_2316,0.57,0.83,2.22,nan,nan,nan,0.71,1.48,16.33,7.24,0.92,27.34,15.78
design_2317,0.97,0.78,1.64,nan,nan,nan,0.64,1.23,16.69,7.42,0.91,28.96,16.77
design_2318,1.05,0.71,0.96,nan,nan,nan,0.55,0.93,16.07,7.14,0.92,27.2,17.82
design_2319,0.59,0.63,2.35,nan,nan,nan,0.74,1.53,17.72,7.82,0.92,28.08,17.41
design_2320,0.81,0.65,2.34,nan,nan,nan,0.88,1.71,15.71,7.1,0.91,23.18,17.5
design_2321,1.1,0.62,5.81,nan,nan,nan,1.9,4.08,16.64,7.5,0.91,22.73,14.02
design_2322,1.07,0.59,2.97,nan,nan,nan,1.06,2.16,16.89,7.59,0.91,24.06,16.59
design_2323,1.12,0.69,2.88,nan,nan,nan,1.06,2.11,15.39,6.95,0.91,22.72,17.11
design_2324,1.23,0.59,2.89,nan,nan,nan,1.07,2.12,15.98,7.19,0.91,21.0,17.12
design_2325,0.85,0.79,2.54,nan,nan,nan,0.93,1.86,18.37,8.22,0.9,9.85,6.69
design_2326,0.86,0.49,5.67,nan,nan,nan,1.85,3.96,18.15,8.15,0.91,23.07,17.42
design_2327,1.45,0.6,3.08,nan,nan,nan,1.11,2.29,14.83,6.71,0.91,22.43,17.21
design_2328,0.51,0.83,3.8,nan,nan,nan,1.23,2.62,18.79,8.37,0.91,16.47,12.66
design_2329,0.61,0.77,4.34,nan,nan,nan,1.4,2.98,17.34,7.73,0.92,16.36,14.43
design_2330,0.72,0.75,4.29,nan,nan,nan,1.39,2.96,19.33,8.6,0.91,13.7,11.07
design_2331,0.55,0.87,3.92,nan,nan,nan,1.26,2.71,18.07,8.06,0.91,13.83,8.85
design_2332,0.76,0.69,4.72,nan,nan,nan,1.5,3.24,17.91,7.96,0.92,22.01,17.2
design_2333,0.81,0.73,3.48,nan,nan,nan,1.16,2.42,18.86,8.43,0.91,15.29,13.44
design_2334,0.61,0.77,4.42,nan,nan,nan,1.41,3.04,17.1,7.7,0.9,11.13,6.17
design_2335,0.6,0.73,2.59,nan,nan,nan,0.89,1.82,19.4,8.65,0.91,21.5,15.79
design_2336,1.13,0.9,4.4,nan,nan,nan,1.49,3.14,17.63,7.95,0.9,5.43,7.27
design_2337,0.78,0.8,4.18,nan,nan,nan,1.4,2.95,16.08,7.3,0.9,18.41,14.38
design_2338,1.1,0.7,3.52,nan,nan,nan,1.25,2.53,10.33,4.89,0.9,20.66,18.47
design_2339,1.1,0.78,5.18,nan,nan,nan,1.71,3.65,16.18,7.35,0.9,13.81,14.37
design_2340,0.96,0.86,3.92,nan,nan,nan,1.33,2.79,17.7,8.01,0.9,8.38,8.33
design_2341,0.52,1.03,6.08,nan,nan,nan,1.97,4.25,16.49,7.45,0.9,9.74,7.68
design_2342,0.96,0.91,5.26,nan,nan,nan,1.73,3.71,16.3,7.39,0.9,8.98,6.38
design_2343,0.86,0.82,4.21,nan,nan,nan,1.41,2.98,17.97,8.11,0.9,18.58,17.76
design_2344,0.57,0.51,0.8,nan,nan,nan,0.49,0.68,13.12,6.0,0.91,21.47,17.19
design_2345,0.73,0.36,1.08,nan,nan,nan,0.57,0.87,12.58,5.82,0.91,15.31,11.34
design_2346,0.54,0.42,0.84,nan,nan,nan,0.48,0.69,13.37,6.11,0.91,13.75,13.64
design_2347,0.78,0.45,0.91,nan,nan,nan,0.52,0.79,16.24,7.32,0.91,18.37,14.65
design_2348,0.72,0.67,0.78,nan,nan,nan,0.5,0.74,17.17,7.7,0.92,20.66,18.14
design_2349,0.46,0.45,0.82,nan,nan,nan,0.48,0.66,13.57,6.2,0.91,14.19,13.04
design_2350,0.86,0.68,0.75,nan,nan,nan,0.51,0.76,8.59,4.12,0.91,21.8,18.16
design_2351,0.78,0.56,0.77,nan,nan,nan,0.5,0.73,12.9,5.91,0.92,18.1,12.55
design_2352,0.64,0.35,1.19,nan,nan,nan,0.52,0.86,17.86,7.88,0.92,11.3,12.32
design_2353,1.15,0.38,1.4,nan,nan,nan,0.68,1.12,17.03,7.54,0.92,16.04,14.13
design_2354,0.74,0.35,0.96,nan,nan,nan,0.53,0.77,17.5,7.73,0.92,15.15,14.03
design_2355,0.81,0.42,0.72,nan,nan,nan,0.53,0.68,17.58,7.75,0.92,16.63,17.29
design_2356,0.65,0.33,1.14,nan,nan,nan,0.52,0.83,17.42,7.7,0.92,19.62,10.45
design_2357,0.96,0.36,1.22,nan,nan,nan,0.61,0.97,16.89,7.48,0.92,18.91,13.24
design_2358,0.86,0.48,1.37,nan,nan,nan,0.61,1.03,16.68,7.4,0.92,24.19,18.45
design_2359,0.69,0.35,0.93,nan,nan,nan,0.51,0.73,17.47,7.71,0.92,22.7,15.58
design_2360,0.62,0.87,2.61,nan,nan,nan,0.88,1.81,17.43,7.8,0.91,26.1,18.06
design_2361,0.59,1.0,2.35,nan,nan,nan,0.83,1.66,16.78,7.52,0.91,26.57,16.64
design_2362,0.56,0.95,2.72,nan,nan,nan,0.92,1.89,15.78,7.11,0.91,27.15,16.43
design_2363,0.51,0.87,2.55,nan,nan,nan,0.87,1.76,17.62,7.88,0.91,26.95,16.98
design_2364,0.51,0.41,1.93,nan,nan,nan,0.68,1.32,16.61,7.47,0.9,25.81,17.26
design_2365,0.43,0.85,2.53,nan,nan,nan,0.86,1.74,17.53,7.84,0.91,26.2,18.28
design_2366,0.47,0.9,2.25,nan,nan,nan,0.79,1.58,18.12,8.08,0.91,26.42,17.85
design_2367,0.77,0.91,4.05,nan,nan,nan,1.27,2.74,19.59,8.72,0.91,24.57,15.91
design_2368,1.43,0.74,1.07,nan,nan,nan,0.62,1.12,17.18,7.76,0.9,17.4,15.37
design_2369,0.69,0.59,1.75,nan,nan,nan,0.71,1.3,18.47,8.29,0.91,6.74,7.73
design_2370,1.52,1.34,1.79,nan,nan,nan,0.83,1.62,18.01,8.06,0.91,20.5,14.77
design_2371,0.94,0.66,1.32,nan,nan,nan,0.61,1.09,18.26,8.21,0.91,9.81,9.18
design_2372,1.05,0.59,0.86,nan,nan,nan,0.6,0.86,5.62,2.92,0.91,1.99,1.59
design_2373,0.72,0.44,0.85,nan,nan,nan,0.5,0.73,18.19,8.17,0.91,18.99,15.49
design_2374,0.93,0.48,0.92,nan,nan,nan,0.54,0.84,16.41,7.42,0.91,12.62,10.37
design_2375,1.12,0.9,1.4,nan,nan,nan,0.68,1.22,4.66,2.5,0.91,2.11,1.84
design_2376,0.47,0.52,0.57,nan,nan,nan,0.42,0.53,4.5,2.42,0.92,2.03,2.23
design_2377,2.35,0.85,0.69,nan,nan,nan,0.75,1.37,13.12,6.0,0.91,4.57,4.08
design_2378,0.5,0.5,0.59,nan,nan,nan,0.44,0.55,12.74,5.87,0.91,3.0,2.76
design_2379,1.07,0.69,0.7,nan,nan,nan,0.52,0.82,16.8,7.58,0.9,8.05,7.09
design_2380,0.46,0.63,0.68,nan,nan,nan,0.45,0.62,3.66,2.07,0.92,1.88,2.13
design_2381,0.49,0.64,0.76,nan,nan,nan,0.46,0.67,4.14,2.27,0.92,2.92,1.8
design_2382,0.56,0.32,0.92,nan,nan,nan,0.51,0.73,14.83,6.73,0.91,21.44,16.32
design_2383,2.09,0.8,0.89,nan,nan,nan,0.72,1.31,3.72,2.08,0.92,21.37,19.24
design_2384,0.6,0.78,0.78,nan,nan,nan,0.49,0.72,16.95,7.42,0.92,22.86,14.67
design_2385,0.52,1.1,4.4,nan,nan,nan,1.12,2.57,17.9,7.84,0.92,20.49,15.34
design_2386,0.48,0.96,0.64,nan,nan,nan,0.47,0.71,16.96,7.42,0.92,16.02,13.07
design_2387,0.95,1.14,1.97,nan,nan,nan,0.71,1.4,17.03,7.46,0.92,21.47,16.1
design_2388,0.75,0.84,4.32,nan,nan,nan,1.1,2.51,17.85,7.83,0.91,19.7,15.05
design_2389,0.49,0.73,1.0,nan,nan,nan,0.5,0.76,16.68,7.31,0.92,12.04,14.5
design_2390,0.62,0.89,5.19,nan,nan,nan,1.27,2.98,16.56,7.33,0.9,18.12,16.48
design_2391,0.49,0.89,0.72,nan,nan,nan,0.47,0.71,16.77,7.34,0.92,17.77,12.93
design_2392,0.63,0.42,0.73,nan,nan,nan,0.48,0.63,3.56,2.03,0.92,1.52,0.93
design_2393,0.75,0.45,2.06,nan,nan,nan,0.79,1.47,3.86,2.18,0.91,2.23,1.46
design_2394,0.64,0.41,0.57,nan,nan,nan,0.46,0.56,3.39,1.96,0.92,1.18,1.09
design_2395,0.61,0.37,0.9,nan,nan,nan,0.53,0.72,5.17,2.72,0.91,1.39,0.86
design_2396,0.72,0.5,1.73,nan,nan,nan,0.71,1.26,4.09,2.27,0.91,2.2,1.38
design_2397,0.63,0.39,0.68,nan,nan,nan,0.49,0.61,4.17,2.29,0.91,1.35,1.05
design_2398,0.74,0.46,2.54,nan,nan,nan,0.91,1.78,4.07,2.26,0.91,3.92,1.93
design_2399,0.63,0.42,0.62,nan,nan,nan,0.49,0.58,3.9,2.17,0.92,1.03,0.79
design_2400,0.66,0.79,1.15,nan,nan,nan,0.59,0.95,14.63,6.65,0.91,14.58,6.08
design_2401,0.66,0.5,0.99,nan,nan,nan,0.5,0.81,12.83,5.91,0.9,13.23,6.74
design_2402,1.04,0.66,0.66,nan,nan,nan,0.49,0.79,17.51,7.85,0.91,11.85,10.06
design_2403,1.2,0.68,1.18,nan,nan,nan,0.62,1.09,12.57,5.79,0.9,11.7,6.71
design_2404,0.59,0.34,1.33,nan,nan,nan,0.57,0.98,14.34,6.54,0.91,13.04,7.92
design_2405,0.54,0.54,1.18,nan,nan,nan,0.55,0.9,14.49,6.62,0.9,12.64,7.18
design_2406,0.61,0.43,0.72,nan,nan,nan,0.44,0.63,14.79,6.73,0.9,6.06,4.86
design_2407,0.66,0.7,0.8,nan,nan,nan,0.48,0.74,15.6,7.07,0.91,12.54,7.79
design_2408,1.16,0.72,0.69,nan,nan,nan,0.54,0.9,17.8,7.8,0.92,21.46,18.9
design_2409,0.89,0.59,0.76,nan,nan,nan,0.55,0.76,17.91,7.83,0.92,19.44,17.62
design_2410,1.42,0.63,0.59,nan,nan,nan,0.6,0.99,17.26,7.57,0.92,20.74,18.56
design_2411,1.37,0.6,0.48,nan,nan,nan,0.59,0.94,18.34,8.02,0.92,16.79,17.03
design_2412,0.85,0.65,0.76,nan,nan,nan,0.53,0.77,19.58,8.53,0.91,42.63,19.63
design_2413,0.7,0.73,0.7,nan,nan,nan,0.46,0.71,17.63,7.71,0.92,13.37,13.96
design_2414,1.11,0.69,0.61,nan,nan,nan,0.55,0.85,17.84,7.8,0.92,18.89,19.3
design_2415,0.9,0.56,0.58,nan,nan,nan,0.49,0.71,18.99,8.29,0.91,20.03,21.31
design_2416,0.85,0.76,1.76,nan,nan,nan,0.62,1.19,18.13,7.97,0.91,25.72,16.7
design_2417,0.92,0.7,2.03,nan,nan,nan,0.66,1.33,18.08,7.9,0.92,25.65,23.04
design_2418,0.91,0.7,1.83,nan,nan,nan,0.63,1.23,17.83,7.79,0.92,27.23,19.94
design_2419,0.96,0.65,1.79,nan,nan,nan,0.63,1.22,17.65,7.7,0.92,23.49,21.08
design_2420,1.06,0.5,2.07,nan,nan,nan,0.71,1.36,18.17,7.96,0.91,20.28,15.66
design_2421,0.97,0.78,1.74,nan,nan,nan,0.64,1.22,17.26,7.54,0.92,27.34,20.43
design_2422,1.04,0.75,1.8,nan,nan,nan,0.65,1.27,18.23,7.97,0.92,25.86,19.25
design_2423,0.91,0.74,1.84,nan,nan,nan,0.65,1.24,17.98,7.86,0.92,24.14,20.45
design_2424,0.96,1.05,1.12,nan,nan,nan,0.6,1.04,17.44,7.65,0.91,21.37,19.35
design_2425,1.16,2.8,0.99,nan,nan,nan,0.84,1.85,16.81,7.33,0.92,21.62,19.48
design_2426,1.03,1.1,1.21,nan,nan,nan,0.62,1.11,16.67,7.31,0.91,21.96,19.65
design_2427,0.95,1.1,1.42,nan,nan,nan,0.65,1.15,18.18,7.96,0.91,19.06,17.61
design_2428,0.95,1.26,0.99,nan,nan,nan,0.6,1.07,16.74,7.34,0.91,22.26,19.7
design_2429,0.97,1.33,1.06,nan,nan,nan,0.6,1.12,16.94,7.42,0.92,13.04,15.21
design_2430,0.98,1.1,1.35,nan,nan,nan,0.62,1.13,17.22,7.55,0.91,21.47,19.54
design_2431,2.14,1.2,1.93,nan,nan,nan,0.83,1.82,18.7,8.18,0.91,20.9,19.87
design_2432,0.62,0.74,1.84,nan,nan,nan,0.67,1.32,18.24,8.14,0.91,23.74,17.24
design_2433,0.48,0.65,3.16,nan,nan,nan,0.99,2.13,17.76,7.94,0.9,5.57,6.07
design_2434,0.61,0.77,3.37,nan,nan,nan,1.07,2.28,18.14,8.06,0.91,13.58,11.6
design_2435,0.58,0.74,3.17,nan,nan,nan,1.0,2.15,17.6,7.89,0.9,9.31,8.46
design_2436,0.54,0.77,3.66,nan,nan,nan,1.14,2.46,16.8,7.53,0.9,10.86,8.9
design_2437,0.61,0.79,3.42,nan,nan,nan,1.08,2.32,19.41,8.61,0.91,27.17,17.09
design_2438,0.52,0.64,3.59,nan,nan,nan,1.11,2.41,17.63,7.88,0.9,11.9,11.25
design_2439,0.6,0.73,3.42,nan,nan,nan,1.07,2.31,19.04,8.45,0.91,11.73,7.84
design_2440,1.0,0.42,0.81,nan,nan,nan,0.52,0.79,16.51,7.24,0.92,23.01,19.64
design_2441,0.99,0.68,3.24,nan,nan,nan,0.89,1.95,18.86,8.3,0.91,18.42,14.56
design_2442,1.02,0.56,0.71,nan,nan,nan,0.55,0.8,15.13,6.66,0.92,22.55,19.55
design_2443,1.93,0.71,1.91,nan,nan,nan,0.79,1.64,18.26,8.04,0.91,22.66,20.44
design_2444,2.0,0.78,1.44,nan,nan,nan,0.77,1.52,17.19,7.57,0.91,18.29,17.69
design_2445,0.9,0.46,1.39,nan,nan,nan,0.57,0.99,17.12,7.53,0.91,21.83,21.43
design_2446,1.15,0.45,0.74,nan,nan,nan,0.56,0.85,16.13,7.09,0.92,23.75,21.06
design_2447,2.03,0.58,0.82,nan,nan,nan,0.72,1.35,17.37,7.66,0.91,16.56,15.51
design_2448,0.56,0.46,1.08,nan,nan,nan,0.55,0.85,13.09,5.99,0.91,7.99,6.77
design_2449,0.59,0.28,1.22,nan,nan,nan,0.58,0.92,17.47,7.81,0.92,10.76,7.95
design_2450,0.74,0.42,1.21,nan,nan,nan,0.59,0.96,5.26,2.74,0.91,7.2,6.79
design_2451,0.96,1.0,1.31,nan,nan,nan,0.68,1.16,12.28,5.65,0.91,2.45,1.76
design_2452,0.46,0.77,0.83,nan,nan,nan,0.48,0.73,16.68,7.5,0.91,18.7,19.79
design_2453,0.83,0.89,1.35,nan,nan,nan,0.65,1.13,9.26,4.4,0.91,7.61,7.39
design_2454,0.57,0.55,1.1,nan,nan,nan,0.58,0.88,17.03,7.63,0.92,9.9,10.0
design_2455,0.58,0.42,0.82,nan,nan,nan,0.5,0.68,8.03,3.89,0.91,2.36,1.23
design_2456,1.02,0.29,3.03,nan,nan,nan,1.07,2.17,13.84,6.39,0.89,3.43,4.56
design_2457,1.17,0.35,3.59,nan,nan,nan,1.24,2.57,15.0,6.88,0.89,20.01,17.55
design_2458,1.12,0.4,1.09,nan,nan,nan,0.63,0.98,7.54,3.72,0.9,0.97,1.02
design_2459,0.8,0.45,4.55,nan,nan,nan,1.5,3.19,19.06,8.55,0.91,18.28,17.44
design_2460,0.75,0.46,3.92,nan,nan,nan,1.33,2.76,8.34,4.06,0.9,17.95,15.41
design_2461,0.96,0.37,3.26,nan,nan,nan,1.14,2.32,14.59,6.71,0.89,5.0,5.22
design_2462,1.06,0.48,1.25,nan,nan,nan,0.63,1.06,10.8,5.09,0.9,4.16,2.32
design_2463,0.89,0.52,3.32,nan,nan,nan,1.14,2.36,13.04,6.03,0.9,18.22,16.66
design_2464,0.53,0.48,1.75,nan,nan,nan,0.69,1.26,18.43,8.24,0.91,13.8,12.21
design_2465,0.54,0.44,2.17,nan,nan,nan,0.8,1.54,16.8,7.56,0.91,22.0,21.94
design_2466,0.7,0.51,3.83,nan,nan,nan,1.29,2.69,16.17,7.43,0.89,24.38,18.75
design_2467,0.65,0.34,2.37,nan,nan,nan,0.87,1.69,8.61,4.17,0.9,23.61,25.28
design_2468,0.59,1.05,2.07,nan,nan,nan,0.82,1.55,3.88,2.17,0.92,21.25,21.45
design_2469,0.59,0.4,6.87,nan,nan,nan,2.22,4.77,19.2,8.6,0.91,25.57,18.98
design_2470,0.6,0.37,2.26,nan,nan,nan,0.84,1.61,18.55,8.32,0.91,23.72,20.94
design_2471,0.67,0.52,1.97,nan,nan,nan,0.76,1.44,14.57,6.64,0.9,21.5,22.43
design_2472,0.63,0.61,4.05,nan,nan,nan,1.36,2.84,10.57,4.95,0.9,19.01,17.03
design_2473,0.83,0.5,3.98,nan,nan,nan,1.34,2.8,9.04,4.36,0.9,19.48,16.77
design_2474,0.68,0.49,3.75,nan,nan,nan,1.26,2.63,16.66,7.52,0.91,21.79,16.94
design_2475,0.75,0.47,4.09,nan,nan,nan,1.38,2.87,9.24,4.45,0.9,20.44,17.5
design_2476,0.88,0.36,3.82,nan,nan,nan,1.29,2.69,15.65,7.1,0.91,22.6,16.8
design_2477,0.69,0.5,3.55,nan,nan,nan,1.21,2.5,6.71,3.37,0.91,19.5,16.35
design_2478,0.64,0.62,3.73,nan,nan,nan,1.26,2.62,17.34,7.83,0.9,16.85,12.28
design_2479,0.64,0.55,4.29,nan,nan,nan,1.42,3.0,12.64,5.88,0.9,20.01,17.67
design_2480,0.95,1.07,1.42,nan,nan,nan,0.7,1.23,10.67,5.0,0.91,1.98,1.2
design_2481,0.52,0.34,1.21,nan,nan,nan,0.58,0.91,17.2,7.73,0.92,20.67,17.15
design_2482,0.73,0.67,1.03,nan,nan,nan,0.56,0.89,3.53,2.03,0.92,2.7,1.62
design_2483,0.46,0.34,1.23,nan,nan,nan,0.6,0.92,17.51,7.86,0.91,12.53,9.88
design_2484,0.97,0.68,0.95,nan,nan,nan,0.56,0.9,4.18,2.32,0.91,1.55,0.93
design_2485,1.16,0.84,1.3,nan,nan,nan,0.72,1.17,9.95,4.7,0.91,3.36,3.76
design_2486,1.1,0.37,1.1,nan,nan,nan,0.6,0.98,14.6,6.64,0.91,22.89,18.39
design_2487,0.54,0.39,1.29,nan,nan,nan,0.63,0.97,18.16,8.13,0.92,7.68,8.2
design_2488,0.62,0.2,0.72,nan,nan,nan,0.48,0.57,17.05,7.49,0.92,17.07,18.38
design_2489,0.78,0.19,1.29,nan,nan,nan,0.56,0.9,16.59,7.31,0.92,16.15,17.61
design_2490,0.75,0.24,1.14,nan,nan,nan,0.52,0.82,17.87,7.83,0.92,11.68,10.84
design_2491,0.72,0.26,0.88,nan,nan,nan,0.5,0.69,16.52,7.29,0.92,16.21,18.25
design_2492,0.66,0.36,0.77,nan,nan,nan,0.47,0.63,17.22,7.57,0.92,22.63,20.07
design_2493,0.63,0.2,1.0,nan,nan,nan,0.51,0.71,16.84,7.4,0.92,18.6,19.44
design_2494,0.82,0.47,1.84,nan,nan,nan,0.64,1.22,17.27,7.61,0.92,21.77,19.98
design_2495,0.71,0.29,1.23,nan,nan,nan,0.53,0.85,17.16,7.52,0.92,29.46,19.64
design_2496,0.62,0.78,1.19,nan,nan,nan,0.57,0.95,15.44,6.97,0.9,5.91,6.15
design_2497,0.7,0.87,2.18,nan,nan,nan,0.8,1.59,18.35,8.25,0.9,8.17,8.5
design_2498,0.63,0.75,0.97,nan,nan,nan,0.52,0.83,8.87,4.26,0.9,1.62,1.57
design_2499,0.7,0.87,3.36,nan,nan,nan,1.12,2.35,18.17,8.19,0.89,7.0,6.13
design_2500,0.73,0.95,3.54,nan,nan,nan,1.17,2.47,19.4,8.71,0.9,14.15,13.43
design_2501,0.55,0.85,1.81,nan,nan,nan,0.73,1.33,18.01,8.07,0.91,19.42,14.73
design_2502,0.88,1.0,1.6,nan,nan,nan,0.68,1.29,17.7,7.91,0.91,24.28,20.38
design_2503,0.87,1.01,2.15,nan,nan,nan,0.83,1.61,17.44,7.81,0.91,20.31,15.97
design_2504,0.46,0.93,2.97,nan,nan,nan,0.95,2.03,18.3,8.18,0.91,23.92,15.55
design_2505,0.66,0.55,1.82,nan,nan,nan,0.66,1.28,18.27,8.15,0.91,17.58,8.77
design_2506,0.51,0.55,3.62,nan,nan,nan,1.12,2.42,17.76,7.93,0.91,11.24,8.4
design_2507,0.52,0.65,2.34,nan,nan,nan,0.79,1.61,17.07,7.61,0.91,17.55,15.02
design_2508,0.49,0.77,5.31,nan,nan,nan,1.6,3.54,18.55,8.26,0.91,28.48,17.57
design_2509,0.6,0.57,2.67,nan,nan,nan,0.87,1.82,17.43,7.78,0.91,6.34,6.22
design_2510,0.64,0.91,4.0,nan,nan,nan,1.24,2.7,17.65,7.88,0.91,14.0,10.62
design_2511,0.54,0.6,2.28,nan,nan,nan,0.77,1.57,18.46,8.23,0.91,16.85,11.37
design_2512,1.31,0.34,0.77,nan,nan,nan,0.56,0.91,17.29,7.64,0.92,22.21,9.2
design_2513,1.17,0.37,0.78,nan,nan,nan,0.54,0.85,16.67,7.37,0.92,22.05,10.66
design_2514,1.02,0.52,2.01,nan,nan,nan,0.74,1.44,17.77,7.89,0.91,16.57,9.83
design_2515,0.72,0.44,0.5,nan,nan,nan,0.45,0.57,17.1,7.54,0.93,19.13,10.47
design_2516,1.07,0.43,2.16,nan,nan,nan,0.77,1.52,17.9,7.94,0.92,17.69,8.81
design_2517,1.17,0.39,0.72,nan,nan,nan,0.53,0.83,16.87,7.47,0.92,21.86,11.26
design_2518,0.82,0.44,0.82,nan,nan,nan,0.5,0.74,16.89,7.47,0.92,21.94,8.61
design_2519,0.56,0.43,0.63,nan,nan,nan,0.45,0.56,17.31,7.62,0.93,17.91,13.69
design_2520,0.54,0.68,1.21,nan,nan,nan,0.49,0.82,17.9,7.83,0.91,21.8,18.49
design_2521,0.6,0.46,1.03,nan,nan,nan,0.46,0.71,17.03,7.47,0.91,11.47,11.76
design_2522,0.75,0.39,1.61,nan,nan,nan,0.62,1.0,18.99,8.28,0.91,21.1,19.94
design_2523,0.66,0.57,1.26,nan,nan,nan,0.53,0.85,17.74,7.76,0.91,13.82,14.45
design_2524,0.73,0.5,1.18,nan,nan,nan,0.56,0.82,17.96,7.86,0.91,10.15,10.97
design_2525,0.61,0.44,0.86,nan,nan,nan,0.54,0.64,17.07,7.48,0.91,14.64,14.82
design_2526,0.61,0.59,2.11,nan,nan,nan,0.63,1.23,18.83,8.21,0.91,9.43,11.52
design_2527,0.44,0.56,3.75,nan,nan,nan,0.9,2.02,18.63,8.11,0.91,22.88,21.8
design_2528,0.66,0.88,4.92,nan,nan,nan,1.22,2.84,17.4,7.64,0.92,21.93,16.53
design_2529,1.02,1.13,1.6,nan,nan,nan,0.66,1.26,16.09,7.08,0.91,13.31,14.58
design_2530,1.21,1.21,5.26,nan,nan,nan,1.34,3.12,16.0,7.07,0.91,24.16,19.94
design_2531,0.56,0.91,0.84,nan,nan,nan,0.46,0.78,17.66,7.72,0.92,23.77,20.57
design_2532,0.67,0.71,1.18,nan,nan,nan,0.55,0.87,17.1,7.49,0.92,23.58,18.95
design_2533,0.57,1.19,4.95,nan,nan,nan,1.24,2.88,18.36,8.02,0.92,21.52,17.19
design_2534,0.61,1.15,1.18,nan,nan,nan,0.59,0.99,17.57,7.69,0.92,22.2,17.4
design_2535,0.64,0.73,2.23,nan,nan,nan,0.7,1.38,17.07,7.5,0.91,12.92,14.9
design_2536,0.47,0.57,1.38,nan,nan,nan,0.58,0.99,17.97,7.96,0.92,16.86,10.05
design_2537,0.86,0.57,0.98,nan,nan,nan,0.55,0.85,16.83,7.49,0.92,17.93,9.23
design_2538,0.49,0.46,2.17,nan,nan,nan,0.75,1.48,17.59,7.79,0.92,35.69,20.01
design_2539,0.51,0.43,0.97,nan,nan,nan,0.49,0.73,17.9,7.91,0.92,27.44,14.06
design_2540,0.45,0.4,1.24,nan,nan,nan,0.53,0.88,17.63,7.8,0.92,14.02,8.4
design_2541,0.4,0.53,1.17,nan,nan,nan,0.53,0.85,17.48,7.76,0.92,24.21,12.88
design_2542,0.54,0.44,1.71,nan,nan,nan,0.64,1.19,18.06,7.99,0.92,19.25,14.69
design_2543,0.52,0.53,0.9,nan,nan,nan,0.52,0.71,16.76,7.45,0.92,20.21,10.92
design_2544,1.67,0.58,1.27,nan,nan,nan,0.63,1.28,17.78,7.76,0.92,17.43,15.11
design_2545,1.46,0.36,2.7,nan,nan,nan,0.82,1.7,17.57,7.7,0.91,20.47,23.5
design_2546,0.96,0.4,2.18,nan,nan,nan,0.7,1.32,17.82,7.77,0.92,9.76,12.08
design_2547,1.85,0.38,1.17,nan,nan,nan,0.65,1.33,16.77,7.39,0.91,16.67,12.8
design_2548,1.06,0.45,2.18,nan,nan,nan,0.67,1.35,17.84,7.81,0.91,22.25,17.58
design_2549,1.77,0.59,1.34,nan,nan,nan,0.67,1.35,17.1,7.49,0.92,15.53,14.97
design_2550,1.48,0.5,1.51,nan,nan,nan,0.67,1.25,18.18,7.93,0.91,20.93,25.17
design_2551,1.73,0.6,1.29,nan,nan,nan,0.65,1.32,17.52,7.67,0.92,16.64,15.77
design_2552,0.56,0.64,1.75,nan,nan,nan,0.6,1.1,18.22,8.0,0.91,12.8,12.71
design_2553,0.76,0.63,1.89,nan,nan,nan,0.65,1.21,18.1,7.95,0.91,14.65,15.61
design_2554,0.85,0.78,1.77,nan,nan,nan,0.65,1.2,17.86,7.85,0.91,15.93,13.51
design_2555,0.72,0.85,1.88,nan,nan,nan,0.63,1.24,17.71,7.79,0.91,17.23,12.48
design_2556,0.65,0.7,1.52,nan,nan,nan,0.59,1.02,16.92,7.44,0.92,16.39,17.33
design_2557,1.29,0.77,1.52,nan,nan,nan,0.63,1.24,18.13,7.98,0.91,16.16,14.43
design_2558,1.58,0.83,1.86,nan,nan,nan,0.71,1.49,17.91,7.9,0.91,17.01,15.0
design_2559,0.81,0.7,1.96,nan,nan,nan,0.66,1.27,18.53,8.16,0.91,16.52,13.43
design_2560,3.02,0.42,1.88,nan,nan,nan,0.97,2.1,17.75,7.86,0.91,15.45,16.16
design_2561,0.91,0.36,0.93,nan,nan,nan,0.51,0.8,17.16,7.58,0.92,24.12,15.82
design_2562,0.62,0.4,0.88,nan,nan,nan,0.49,0.68,17.64,7.77,0.92,24.28,15.71
design_2563,1.1,0.62,1.13,nan,nan,nan,0.55,1.0,18.55,8.15,0.92,11.06,14.84
design_2564,0.98,0.47,0.79,nan,nan,nan,0.49,0.79,17.33,7.66,0.92,18.35,11.47
design_2565,1.29,0.88,1.3,nan,nan,nan,0.63,1.19,17.42,7.68,0.92,21.06,15.24
design_2566,0.8,0.38,0.98,nan,nan,nan,0.51,0.79,17.62,7.78,0.92,22.7,17.99
design_2567,1.18,0.33,1.49,nan,nan,nan,0.65,1.16,17.69,7.8,0.92,25.43,17.66
design_2568,0.71,0.37,1.2,nan,nan,nan,0.49,0.8,16.32,7.18,0.91,9.2,8.81
design_2569,0.76,0.29,1.58,nan,nan,nan,0.56,0.97,16.82,7.39,0.91,25.92,21.79
design_2570,0.57,0.39,0.95,nan,nan,nan,0.43,0.65,17.17,7.52,0.91,8.77,5.3
design_2571,0.75,0.33,1.09,nan,nan,nan,0.49,0.77,17.92,7.84,0.91,3.44,1.89
design_2572,0.77,0.26,1.42,nan,nan,nan,0.53,0.9,14.96,6.62,0.91,25.71,20.02
design_2573,0.64,0.41,1.42,nan,nan,nan,0.52,0.88,16.23,7.13,0.91,26.17,20.64
design_2574,0.74,0.41,1.71,nan,nan,nan,0.56,1.04,14.63,6.5,0.91,7.73,5.6
design_2575,0.65,0.44,1.34,nan,nan,nan,0.5,0.85,18.0,7.84,0.92,18.49,19.05
design_2576,1.43,1.14,0.43,nan,nan,nan,0.64,1.1,17.2,7.58,0.91,18.68,19.1
design_2577,1.12,1.13,1.27,nan,nan,nan,0.62,1.17,17.8,7.79,0.92,20.6,19.19
design_2578,0.87,1.12,0.67,nan,nan,nan,0.54,0.91,18.56,8.1,0.92,15.89,16.51
design_2579,0.89,0.93,1.3,nan,nan,nan,0.6,1.05,19.43,8.47,0.91,21.87,22.98
design_2580,0.51,0.96,0.8,nan,nan,nan,0.5,0.77,16.32,7.16,0.92,21.89,19.02
design_2581,1.12,1.07,1.25,nan,nan,nan,0.64,1.15,18.44,8.11,0.91,20.93,19.51
design_2582,1.44,1.06,2.79,nan,nan,nan,0.88,1.89,18.01,7.94,0.91,21.42,19.95
design_2583,1.49,0.9,0.7,nan,nan,nan,0.66,1.11,18.14,7.97,0.91,17.46,15.89
design_2584,0.36,0.61,2.97,nan,nan,nan,0.92,1.94,17.82,7.87,0.92,23.15,15.78
design_2585,0.44,0.56,3.13,nan,nan,nan,0.96,2.04,17.53,7.75,0.92,24.24,15.68
design_2586,0.46,0.64,3.0,nan,nan,nan,0.94,1.96,17.89,7.9,0.92,23.33,15.95
design_2587,0.38,0.53,2.94,nan,nan,nan,0.92,1.92,17.72,7.83,0.92,23.0,17.27
design_2588,0.45,0.56,3.18,nan,nan,nan,0.98,2.07,18.02,7.95,0.92,24.21,15.83
design_2589,0.44,0.64,2.99,nan,nan,nan,0.93,1.96,17.87,7.9,0.92,22.93,16.9
design_2590,0.43,0.5,2.47,nan,nan,nan,0.81,1.62,17.09,7.6,0.91,24.59,16.13
design_2591,0.42,0.58,3.0,nan,nan,nan,0.93,1.96,17.29,7.65,0.92,23.61,16.59
design_2592,0.51,0.38,1.49,nan,nan,nan,0.61,1.06,17.64,7.91,0.91,13.6,9.24
design_2593,0.56,0.39,1.96,nan,nan,nan,0.72,1.38,17.93,8.02,0.91,19.62,12.29
design_2594,0.61,0.43,1.0,nan,nan,nan,0.49,0.78,18.21,8.11,0.92,21.07,17.15
design_2595,0.55,0.33,1.36,nan,nan,nan,0.58,0.98,18.08,8.06,0.92,17.59,15.19
design_2596,0.44,0.46,0.71,nan,nan,nan,0.46,0.58,18.0,8.03,0.91,20.63,15.8
design_2597,0.47,0.28,0.72,nan,nan,nan,0.46,0.57,17.78,7.93,0.92,19.9,9.89
design_2598,0.53,0.4,0.7,nan,nan,nan,0.46,0.59,18.14,8.09,0.92,15.26,10.49
design_2599,0.56,0.18,0.89,nan,nan,nan,0.49,0.68,17.74,7.92,0.92,18.66,12.68
design_2600,0.39,0.55,0.47,nan,nan,nan,0.41,0.47,17.82,7.77,0.92,15.42,13.68
design_2601,0.62,0.61,1.74,nan,nan,nan,0.66,1.1,16.77,7.35,0.92,15.31,13.56
design_2602,0.54,0.99,0.72,nan,nan,nan,0.52,0.76,17.11,7.49,0.92,17.83,12.92
design_2603,0.47,0.85,0.56,nan,nan,nan,0.48,0.64,17.49,7.65,0.92,18.62,15.17
design_2604,0.43,0.6,0.75,nan,nan,nan,0.46,0.6,17.56,7.67,0.92,21.04,17.68
design_2605,0.47,0.61,1.07,nan,nan,nan,0.5,0.75,17.65,7.7,0.92,15.25,17.18
design_2606,0.49,0.58,0.65,nan,nan,nan,0.48,0.57,17.16,7.5,0.92,12.8,16.25
design_2607,0.79,1.02,1.09,nan,nan,nan,0.65,0.97,17.24,7.54,0.92,14.79,17.48
design_2608,0.72,0.56,2.43,nan,nan,nan,0.77,1.53,17.01,7.47,0.92,24.43,22.77
design_2609,0.54,0.59,1.3,nan,nan,nan,0.5,0.9,18.9,8.28,0.92,18.95,10.03
design_2610,0.39,0.66,0.61,nan,nan,nan,0.42,0.56,17.4,7.63,0.92,18.3,16.55
design_2611,0.44,0.72,0.38,nan,nan,nan,0.42,0.52,17.01,7.47,0.92,22.75,21.59
design_2612,0.69,0.79,2.59,nan,nan,nan,0.81,1.64,16.84,7.4,0.92,25.45,15.79
design_2613,0.59,0.66,0.85,nan,nan,nan,0.48,0.71,17.3,7.59,0.92,22.85,22.94
design_2614,0.49,0.76,0.51,nan,nan,nan,0.44,0.59,17.48,7.66,0.92,22.3,19.78
design_2615,0.68,0.61,3.01,nan,nan,nan,0.87,1.86,16.69,7.34,0.92,24.53,22.31
design_2616,0.48,0.43,1.51,nan,nan,nan,0.59,1.06,16.7,7.48,0.91,25.64,18.46
design_2617,0.86,0.42,1.36,nan,nan,nan,0.59,1.04,18.79,8.35,0.91,24.73,16.45
design_2618,0.75,1.16,1.47,nan,nan,nan,0.66,1.21,18.1,8.06,0.91,26.7,17.91
design_2619,0.5,0.88,2.42,nan,nan,nan,0.83,1.68,17.37,7.74,0.91,25.39,19.08
design_2620,0.48,0.88,1.64,nan,nan,nan,0.65,1.2,17.29,7.73,0.91,25.62,18.53
design_2621,0.43,0.49,1.85,nan,nan,nan,0.66,1.27,19.89,8.82,0.91,26.45,17.8
design_2622,0.82,0.49,1.5,nan,nan,nan,0.62,1.12,16.78,7.52,0.91,26.04,17.68
design_2623,0.43,0.44,1.49,nan,nan,nan,0.58,1.03,17.21,7.69,0.91,25.34,18.95
design_2624,0.37,0.64,0.5,nan,nan,nan,0.44,0.51,6.24,3.15,0.91,2.89,2.18
design_2625,0.35,0.56,0.5,nan,nan,nan,0.45,0.48,3.86,2.15,0.92,1.42,1.1
design_2626,0.35,0.82,0.72,nan,nan,nan,0.49,0.67,16.86,7.55,0.91,22.52,15.82
design_2627,0.48,0.56,0.74,nan,nan,nan,0.52,0.63,5.11,2.67,0.91,1.1,1.11
design_2628,0.42,0.63,0.8,nan,nan,nan,0.47,0.66,16.97,7.63,0.9,5.68,5.79
design_2629,0.4,0.52,0.49,nan,nan,nan,0.48,0.47,3.7,2.08,0.92,0.99,1.12
design_2630,0.68,1.02,0.63,nan,nan,nan,0.56,0.76,10.13,4.78,0.9,16.39,13.13
design_2631,0.45,0.69,0.39,nan,nan,nan,0.47,0.5,3.93,2.18,0.92,1.46,1.42
design_2632,0.54,1.14,1.98,nan,nan,nan,0.72,1.44,17.37,7.72,0.91,31.86,14.49
design_2633,0.56,0.89,1.84,nan,nan,nan,0.66,1.3,17.82,7.9,0.91,29.58,16.7
design_2634,0.71,1.05,2.37,nan,nan,nan,0.8,1.66,17.61,7.8,0.91,28.44,17.4
design_2635,0.62,1.3,2.33,nan,nan,nan,0.8,1.68,18.11,8.03,0.91,22.66,15.73
design_2636,0.7,0.82,1.37,nan,nan,nan,0.57,1.05,17.07,7.63,0.9,15.25,7.9
design_2637,0.51,1.07,1.8,nan,nan,nan,0.66,1.31,17.59,7.81,0.91,18.82,11.35
design_2638,0.55,1.01,1.74,nan,nan,nan,0.64,1.27,17.95,7.96,0.91,27.21,16.75
design_2639,0.6,0.95,2.21,nan,nan,nan,0.75,1.53,17.21,7.69,0.9,32.88,14.77
design_2640,0.9,0.89,0.83,nan,nan,nan,0.53,0.86,17.73,7.94,0.92,19.1,15.83
design_2641,0.73,0.79,0.72,nan,nan,nan,0.51,0.74,16.82,7.57,0.92,6.0,5.6
design_2642,0.74,0.63,1.62,nan,nan,nan,0.69,1.25,18.57,8.33,0.91,18.75,22.47
design_2643,0.79,0.85,0.85,nan,nan,nan,0.53,0.83,14.61,6.65,0.91,12.68,12.19
design_2644,0.88,0.72,0.7,nan,nan,nan,0.5,0.76,17.15,7.68,0.92,13.38,13.2
design_2645,0.66,0.91,0.68,nan,nan,nan,0.51,0.73,17.53,7.85,0.92,20.57,19.2
design_2646,0.87,0.69,0.7,nan,nan,nan,0.53,0.75,16.04,7.24,0.92,12.1,12.26
design_2647,0.99,0.78,0.87,nan,nan,nan,0.57,0.88,17.01,7.62,0.92,10.81,12.58
design_2648,1.03,0.41,1.7,nan,nan,nan,0.59,1.13,17.46,7.65,0.91,22.07,21.87
design_2649,0.66,0.3,1.5,nan,nan,nan,0.57,0.91,16.85,7.39,0.91,23.27,22.18
design_2650,1.29,0.42,2.1,nan,nan,nan,0.69,1.39,17.88,7.85,0.91,15.12,6.84
design_2651,0.72,0.47,1.94,nan,nan,nan,0.63,1.15,16.8,7.39,0.91,22.78,22.3
design_2652,0.97,0.44,1.33,nan,nan,nan,0.54,0.96,17.51,7.67,0.92,12.52,14.34
design_2653,1.2,0.4,1.57,nan,nan,nan,0.61,1.14,16.68,7.34,0.91,24.26,21.62
design_2654,0.9,0.38,1.12,nan,nan,nan,0.54,0.84,16.04,7.06,0.91,19.77,19.52
design_2655,1.18,0.47,2.28,nan,nan,nan,0.68,1.43,17.33,7.63,0.91,23.85,22.36
design_2656,0.96,0.47,1.08,nan,nan,nan,0.6,0.88,11.99,5.46,0.9,53.37,28.02
design_2657,1.04,0.64,1.19,nan,nan,nan,0.56,0.99,17.83,7.82,0.91,22.64,22.96
design_2658,0.87,0.4,1.55,nan,nan,nan,0.55,1.04,20.22,8.8,0.91,36.86,25.44
design_2659,0.97,0.66,0.71,nan,nan,nan,0.5,0.8,18.26,8.01,0.91,21.97,23.41
design_2660,0.98,0.58,0.8,nan,nan,nan,0.5,0.81,19.09,8.36,0.91,11.86,9.26
design_2661,0.96,0.62,5.1,nan,nan,nan,1.25,2.95,19.61,8.57,0.91,18.98,15.32
design_2662,1.31,0.79,1.29,nan,nan,nan,0.65,1.16,17.04,7.5,0.91,19.91,23.13
design_2663,1.72,0.68,1.32,nan,nan,nan,0.7,1.34,17.34,7.63,0.91,22.44,22.44
design_2664,1.78,0.63,2.56,nan,nan,nan,0.87,1.84,17.86,7.79,0.92,21.76,19.99
design_2665,0.81,0.64,1.06,nan,nan,nan,0.51,0.85,18.0,7.89,0.91,24.11,17.27
design_2666,0.99,0.79,1.35,nan,nan,nan,0.58,1.06,18.78,8.19,0.92,11.43,11.47
design_2667,1.58,0.75,1.21,nan,nan,nan,0.66,1.25,17.88,7.85,0.91,25.5,17.39
design_2668,1.54,0.84,1.27,nan,nan,nan,0.68,1.27,17.73,7.74,0.92,22.78,20.76
design_2669,0.88,0.7,2.03,nan,nan,nan,0.71,1.32,17.07,7.49,0.92,18.08,17.84
design_2670,1.54,0.87,1.08,nan,nan,nan,0.69,1.22,18.56,8.08,0.92,22.57,12.6
design_2671,1.34,0.97,4.76,nan,nan,nan,1.24,2.85,18.73,8.21,0.91,15.65,11.69
design_2672,0.77,0.49,0.99,nan,nan,nan,0.51,0.83,16.06,7.23,0.91,8.44,8.9
design_2673,1.19,0.36,1.39,nan,nan,nan,0.67,1.15,4.7,2.52,0.91,2.44,1.58
design_2674,0.82,0.3,1.64,nan,nan,nan,0.67,1.2,3.96,2.2,0.91,1.57,1.47
design_2675,0.79,0.31,1.19,nan,nan,nan,0.58,0.93,4.66,2.5,0.91,1.98,1.5
design_2676,0.8,0.35,1.37,nan,nan,nan,0.6,1.04,5.55,2.89,0.91,2.81,1.81
design_2677,0.78,0.34,0.67,nan,nan,nan,0.46,0.64,17.9,7.98,0.91,15.49,17.62
design_2678,1.16,0.43,1.09,nan,nan,nan,0.61,0.99,4.24,2.33,0.91,2.36,1.61
design_2679,0.7,0.31,0.98,nan,nan,nan,0.51,0.78,4.13,2.28,0.91,1.77,1.16
design_2680,0.63,0.45,0.79,nan,nan,nan,0.46,0.65,18.56,8.2,0.91,22.95,16.76
design_2681,0.74,0.49,2.33,nan,nan,nan,0.77,1.52,11.09,5.12,0.9,21.62,15.05
design_2682,1.07,0.39,5.06,nan,nan,nan,1.43,3.19,17.7,7.84,0.91,11.64,11.51
design_2683,0.74,0.44,1.18,nan,nan,nan,0.5,0.87,18.91,8.33,0.91,11.24,5.81
design_2684,0.92,0.31,2.69,nan,nan,nan,0.84,1.75,18.36,8.12,0.91,18.45,11.4
design_2685,1.0,0.36,3.26,nan,nan,nan,0.96,2.1,17.61,7.81,0.91,22.81,17.6
design_2686,0.55,0.45,0.98,nan,nan,nan,0.5,0.73,17.14,7.63,0.91,26.57,17.77
design_2687,0.74,0.55,3.91,nan,nan,nan,1.13,2.47,11.03,5.14,0.9,25.67,16.63
design_2688,0.7,0.9,0.74,nan,nan,nan,0.5,0.77,17.85,7.99,0.92,15.9,15.3
design_2689,0.66,0.85,0.73,nan,nan,nan,0.48,0.74,17.56,7.88,0.92,19.15,19.15
design_2690,0.61,0.79,0.57,nan,nan,nan,0.45,0.64,3.55,2.05,0.92,1.94,1.27
design_2691,0.69,0.87,0.96,nan,nan,nan,0.53,0.87,17.88,8.01,0.92,8.23,10.42
design_2692,0.53,0.85,0.63,nan,nan,nan,0.47,0.66,4.01,2.25,0.91,2.68,1.52
design_2693,0.57,0.84,0.62,nan,nan,nan,0.46,0.67,3.64,2.08,0.92,2.19,1.53
design_2694,0.69,0.82,0.92,nan,nan,nan,0.54,0.84,18.46,8.26,0.92,19.02,17.64
design_2695,0.84,0.74,0.94,nan,nan,nan,0.54,0.87,16.23,7.33,0.91,18.08,18.07
design_2696,0.91,0.51,1.26,nan,nan,nan,0.57,0.99,18.54,8.19,0.92,24.77,17.43
design_2697,1.09,0.59,1.2,nan,nan,nan,0.59,1.03,17.99,7.96,0.92,17.72,12.61
design_2698,1.01,0.24,1.08,nan,nan,nan,0.52,0.9,18.32,8.08,0.92,25.88,16.47
design_2699,0.96,0.55,1.2,nan,nan,nan,0.58,0.98,17.48,7.74,0.92,5.01,4.39
design_2700,0.96,0.39,0.89,nan,nan,nan,0.51,0.81,18.17,8.03,0.92,23.55,17.05
design_2701,1.06,0.35,0.46,nan,nan,nan,0.48,0.69,17.41,7.69,0.92,21.37,15.58
design_2702,1.05,0.41,1.11,nan,nan,nan,0.55,0.95,18.16,8.02,0.92,23.68,15.18
design_2703,0.7,0.5,1.23,nan,nan,nan,0.53,0.92,18.87,8.34,0.91,20.82,12.05
design_2704,0.48,0.8,0.75,nan,nan,nan,0.48,0.69,16.78,7.4,0.92,15.64,12.62
design_2705,0.44,0.8,0.95,nan,nan,nan,0.5,0.77,16.72,7.41,0.92,16.15,14.28
design_2706,0.46,0.73,1.03,nan,nan,nan,0.51,0.79,17.16,7.56,0.92,19.59,11.88
design_2707,0.53,0.71,0.72,nan,nan,nan,0.47,0.66,17.21,7.57,0.92,18.85,11.34
design_2708,0.45,0.92,1.3,nan,nan,nan,0.55,0.97,17.27,7.6,0.93,16.42,13.8
design_2709,0.74,0.61,2.27,nan,nan,nan,0.76,1.5,17.22,7.57,0.93,10.87,9.91
design_2710,0.46,0.76,1.8,nan,nan,nan,0.64,1.21,16.34,7.23,0.92,19.35,12.83
design_2711,0.46,0.74,1.46,nan,nan,nan,0.57,1.02,16.42,7.26,0.92,15.08,11.62
design_2712,0.52,0.79,1.18,nan,nan,nan,0.56,0.89,12.19,5.56,0.91,17.93,10.67
design_2713,0.43,0.81,0.88,nan,nan,nan,0.49,0.74,16.31,7.26,0.91,21.92,11.97
design_2714,0.46,0.72,0.92,nan,nan,nan,0.48,0.73,17.27,7.63,0.91,29.0,16.91
design_2715,0.47,0.81,1.62,nan,nan,nan,0.61,1.12,16.99,7.55,0.91,18.62,13.45
design_2716,0.49,0.77,0.86,nan,nan,nan,0.49,0.73,16.59,7.35,0.91,20.18,12.39
design_2717,0.43,0.76,1.04,nan,nan,nan,0.49,0.8,17.81,7.85,0.92,20.27,15.21
design_2718,0.56,0.78,1.0,nan,nan,nan,0.5,0.81,16.1,7.14,0.91,17.38,11.44
design_2719,0.42,0.84,0.8,nan,nan,nan,0.51,0.71,13.44,6.06,0.91,18.05,11.22
design_2720,1.0,0.61,1.78,nan,nan,nan,0.68,1.18,15.82,6.96,0.91,25.63,22.03
design_2721,0.95,0.47,1.28,nan,nan,nan,0.57,0.94,14.3,6.34,0.91,23.68,17.67
design_2722,0.87,0.54,1.16,nan,nan,nan,0.57,0.87,14.17,6.3,0.91,22.31,16.98
design_2723,0.92,0.59,1.62,nan,nan,nan,0.66,1.09,15.99,7.03,0.91,22.29,19.0
design_2724,0.72,0.55,1.45,nan,nan,nan,0.55,0.94,16.36,7.18,0.91,21.24,17.78
design_2725,0.92,0.56,1.44,nan,nan,nan,0.58,1.0,14.97,6.62,0.91,23.12,17.39
design_2726,0.99,0.65,1.58,nan,nan,nan,0.63,1.1,17.18,7.51,0.91,23.03,17.33
design_2727,0.9,0.63,1.48,nan,nan,nan,0.61,1.03,16.64,7.3,0.91,20.39,17.92
design_2728,0.67,0.54,1.46,nan,nan,nan,0.58,0.97,20.32,8.84,0.91,47.6,49.87
design_2729,0.89,0.46,2.27,nan,nan,nan,0.72,1.41,22.08,9.57,0.91,43.49,25.27
design_2730,0.68,0.54,0.69,nan,nan,nan,0.49,0.64,19.52,8.48,0.92,57.11,59.4
design_2731,0.63,0.48,1.01,nan,nan,nan,0.51,0.74,19.81,8.63,0.91,48.14,48.08
design_2732,0.7,0.43,0.98,nan,nan,nan,0.51,0.73,20.41,8.88,0.91,4.19,4.24
design_2733,0.59,0.44,1.56,nan,nan,nan,0.57,0.98,23.01,9.94,0.91,48.22,25.49
design_2734,0.71,0.55,1.16,nan,nan,nan,0.54,0.84,19.19,8.37,0.91,42.51,36.96
design_2735,0.68,0.5,1.44,nan,nan,nan,0.55,0.95,18.65,8.19,0.91,2.78,3.43
design_2736,0.4,0.94,2.33,nan,nan,nan,0.8,1.62,17.29,7.73,0.91,25.71,18.22
design_2737,0.54,0.78,2.8,nan,nan,nan,0.93,1.91,18.35,8.16,0.91,9.4,9.03
design_2738,0.46,0.94,3.34,nan,nan,nan,1.07,2.27,18.48,8.24,0.91,27.94,17.45
design_2739,0.56,0.99,2.04,nan,nan,nan,0.73,1.47,18.07,8.08,0.9,28.25,16.68
design_2740,0.54,0.8,2.54,nan,nan,nan,0.86,1.75,17.78,7.91,0.91,11.54,10.54
design_2741,0.49,0.81,3.72,nan,nan,nan,1.16,2.5,18.82,8.4,0.9,29.15,17.82
design_2742,0.49,0.94,3.51,nan,nan,nan,1.11,2.38,17.26,7.69,0.92,27.05,18.2
design_2743,0.48,0.88,2.02,nan,nan,nan,0.73,1.43,18.75,8.34,0.91,26.9,17.88
design_2744,0.52,0.4,1.85,nan,nan,nan,0.68,1.3,17.06,7.68,0.91,23.82,17.33
design_2745,0.68,0.42,2.25,nan,nan,nan,0.8,1.58,16.15,7.33,0.9,20.53,16.63
design_2746,0.53,0.42,1.82,nan,nan,nan,0.71,1.28,13.27,6.07,0.9,19.94,12.87
design_2747,0.63,0.32,1.89,nan,nan,nan,0.7,1.33,16.03,7.19,0.92,24.53,17.18
design_2748,0.84,0.33,1.95,nan,nan,nan,0.75,1.41,15.7,7.07,0.91,22.29,13.46
design_2749,0.58,0.47,1.84,nan,nan,nan,0.72,1.31,13.12,6.01,0.9,20.09,12.18
design_2750,0.69,0.54,3.13,nan,nan,nan,1.07,2.17,8.82,4.22,0.9,20.05,15.23
design_2751,0.56,0.48,2.98,nan,nan,nan,1.02,2.06,12.27,5.67,0.9,20.03,16.07
design_2752,1.32,0.8,2.68,nan,nan,nan,0.78,1.7,16.03,7.09,0.91,16.69,15.35
design_2753,0.87,0.78,2.55,nan,nan,nan,0.72,1.52,17.94,7.86,0.91,43.67,27.58
design_2754,0.82,0.8,1.85,nan,nan,nan,0.61,1.19,18.57,8.11,0.91,19.08,12.9
design_2755,0.88,1.08,1.06,nan,nan,nan,0.54,1.0,18.06,7.91,0.91,17.82,12.23
design_2756,1.3,0.43,1.01,nan,nan,nan,0.59,1.0,17.21,7.55,0.91,20.07,21.37
design_2757,0.79,0.87,1.91,nan,nan,nan,0.61,1.23,18.87,8.24,0.91,14.77,8.83
design_2758,0.71,0.62,1.04,nan,nan,nan,0.53,0.79,6.44,3.16,0.91,48.11,32.18
design_2759,1.21,0.43,0.67,nan,nan,nan,0.52,0.87,18.66,8.12,0.91,22.41,21.56
design_2760,0.78,0.48,1.83,nan,nan,nan,0.72,1.35,16.92,7.57,0.92,5.91,8.67
design_2761,0.51,0.42,1.17,nan,nan,nan,0.53,0.88,17.01,7.61,0.92,22.21,20.92
design_2762,0.81,0.42,1.31,nan,nan,nan,0.59,1.03,14.93,6.74,0.92,21.1,21.46
design_2763,0.87,0.47,2.01,nan,nan,nan,0.78,1.49,15.41,6.97,0.91,20.08,20.14
design_2764,0.51,0.4,2.02,nan,nan,nan,0.75,1.44,17.96,8.01,0.92,18.03,19.57
design_2765,0.54,0.45,1.83,nan,nan,nan,0.72,1.32,13.57,6.19,0.91,20.77,19.85
design_2766,0.49,0.45,1.74,nan,nan,nan,0.67,1.25,14.5,6.61,0.9,19.75,19.87
design_2767,0.54,0.38,1.18,nan,nan,nan,0.52,0.89,15.93,7.15,0.92,22.06,19.98
design_2768,0.77,0.41,1.68,nan,nan,nan,0.7,1.25,15.81,7.16,0.9,24.66,19.71
design_2769,0.98,0.3,1.13,nan,nan,nan,0.6,0.95,11.96,5.52,0.91,26.07,18.56
design_2770,0.93,0.57,1.07,nan,nan,nan,0.6,0.93,16.85,7.53,0.92,23.86,20.85
design_2771,0.87,0.55,1.83,nan,nan,nan,0.77,1.37,11.12,5.2,0.9,22.9,20.02
design_2772,1.14,0.35,1.64,nan,nan,nan,0.72,1.3,17.16,7.71,0.91,24.17,20.35
design_2773,1.33,0.68,1.73,nan,nan,nan,0.8,1.43,16.02,7.2,0.91,23.9,19.42
design_2774,1.3,0.81,1.65,nan,nan,nan,0.75,1.39,15.83,7.12,0.92,25.19,18.66
design_2775,0.94,0.38,1.7,nan,nan,nan,0.73,1.29,15.95,7.19,0.91,24.15,19.45
design_2776,0.33,0.8,2.74,nan,nan,nan,0.84,1.76,17.33,7.66,0.92,22.75,16.46
design_2777,0.41,0.61,3.02,nan,nan,nan,0.89,1.91,16.79,7.43,0.92,22.45,16.23
design_2778,0.98,0.71,0.89,nan,nan,nan,0.52,0.88,17.51,7.72,0.92,25.89,15.29
design_2779,1.04,0.59,1.99,nan,nan,nan,0.7,1.4,17.03,7.53,0.91,12.55,13.71
design_2780,0.49,0.71,3.42,nan,nan,nan,1.0,2.16,17.16,7.58,0.92,22.22,17.22
design_2781,0.36,0.74,3.07,nan,nan,nan,0.9,1.94,17.66,7.8,0.92,21.47,17.5
design_2782,0.84,0.62,2.84,nan,nan,nan,0.86,1.85,18.03,7.94,0.92,23.2,22.04
design_2783,0.68,0.75,3.26,nan,nan,nan,0.95,2.09,17.96,7.93,0.91,22.03,14.42
design_2784,0.54,0.86,0.54,nan,nan,nan,0.46,0.66,17.18,7.54,0.92,16.15,12.68
design_2785,0.78,1.0,2.61,nan,nan,nan,0.84,1.71,16.7,7.35,0.92,16.48,12.65
design_2786,0.91,1.06,2.28,nan,nan,nan,0.77,1.56,17.41,7.65,0.92,21.17,20.28
design_2787,0.78,1.05,2.48,nan,nan,nan,0.81,1.64,16.92,7.43,0.92,17.01,13.32
design_2788,0.63,0.98,2.59,nan,nan,nan,0.83,1.66,17.01,7.47,0.92,20.55,15.23
design_2789,0.93,1.08,2.2,nan,nan,nan,0.75,1.53,17.37,7.64,0.92,16.18,15.19
design_2790,0.39,0.87,0.48,nan,nan,nan,0.47,0.6,17.27,7.57,0.92,18.35,12.35
design_2791,0.45,0.7,0.44,nan,nan,nan,0.45,0.53,17.43,7.64,0.92,17.63,13.79
design_2792,0.56,0.64,3.03,nan,nan,nan,0.91,1.93,17.44,7.72,0.91,26.3,18.87
design_2793,0.68,0.5,2.9,nan,nan,nan,0.89,1.85,15.87,7.09,0.91,23.88,19.06
design_2794,0.64,0.8,2.87,nan,nan,nan,0.87,1.86,17.6,7.8,0.91,25.63,18.43
design_2795,0.62,0.63,3.1,nan,nan,nan,0.93,1.98,14.86,6.68,0.9,26.44,19.89
design_2796,0.83,0.49,2.99,nan,nan,nan,0.91,1.92,17.22,7.64,0.91,25.76,18.82
design_2797,0.73,0.52,3.29,nan,nan,nan,0.97,2.09,16.06,7.17,0.91,25.78,20.39
design_2798,0.88,0.59,3.55,nan,nan,nan,1.05,2.27,17.95,7.94,0.91,18.37,16.21
design_2799,0.75,0.63,3.16,nan,nan,nan,0.95,2.02,17.17,7.63,0.91,24.49,18.82
design_2800,0.97,0.94,4.91,nan,nan,nan,1.46,3.22,17.12,7.67,0.9,21.68,16.4
design_2801,0.61,1.02,5.52,nan,nan,nan,1.6,3.59,14.25,6.47,0.9,26.66,19.27
design_2802,0.6,0.96,3.64,nan,nan,nan,1.11,2.4,16.92,7.57,0.9,25.26,17.33
design_2803,0.66,1.03,5.49,nan,nan,nan,1.6,3.57,10.15,4.79,0.9,27.32,19.05
design_2804,0.68,0.99,3.64,nan,nan,nan,1.11,2.42,16.76,7.48,0.91,22.61,19.24
design_2805,0.7,0.99,3.43,nan,nan,nan,1.07,2.29,14.19,6.44,0.9,26.82,17.62
design_2806,0.62,1.05,3.4,nan,nan,nan,1.05,2.27,15.72,7.06,0.91,23.95,19.07
design_2807,0.63,1.04,3.49,nan,nan,nan,1.08,2.33,13.25,6.05,0.9,26.89,17.13
design_2808,0.81,1.18,1.25,nan,nan,nan,0.57,1.08,16.99,7.46,0.91,16.81,19.39
design_2809,1.11,1.08,1.45,nan,nan,nan,0.64,1.22,17.01,7.44,0.92,14.51,18.5
design_2810,1.03,1.14,0.97,nan,nan,nan,0.6,1.05,17.56,7.7,0.92,13.23,7.88
design_2811,1.1,1.19,1.55,nan,nan,nan,0.67,1.29,17.28,7.57,0.92,9.4,10.34
design_2812,0.94,1.2,1.0,nan,nan,nan,0.59,1.05,16.8,7.38,0.92,9.74,9.94
design_2813,1.24,1.13,1.51,nan,nan,nan,0.67,1.3,16.94,7.44,0.92,14.02,12.56
design_2814,1.03,1.26,1.12,nan,nan,nan,0.61,1.13,17.39,7.62,0.92,10.44,7.98
design_2815,0.97,1.22,1.07,nan,nan,nan,0.59,1.09,17.48,7.66,0.92,9.89,7.4
design_2816,1.16,0.39,1.5,nan,nan,nan,0.64,1.18,16.0,7.11,0.92,23.09,16.85
design_2817,1.15,0.42,1.09,nan,nan,nan,0.57,0.98,15.43,6.87,0.92,22.46,17.15
design_2818,1.18,0.47,1.21,nan,nan,nan,0.58,1.05,15.74,7.0,0.92,23.28,17.31
design_2819,1.13,0.56,0.99,nan,nan,nan,0.56,0.94,15.21,6.78,0.92,22.67,15.81
design_2820,1.11,0.63,0.96,nan,nan,nan,0.57,0.93,15.98,7.09,0.92,22.36,16.96
design_2821,1.1,0.62,0.96,nan,nan,nan,0.53,0.93,16.36,7.25,0.92,21.42,17.6
design_2822,1.12,0.43,1.2,nan,nan,nan,0.57,1.02,16.82,7.44,0.92,22.22,17.71
design_2823,1.0,0.45,1.04,nan,nan,nan,0.53,0.9,15.95,7.09,0.92,21.89,17.09
design_2824,0.93,0.76,2.37,nan,nan,nan,0.82,1.69,17.94,8.01,0.91,25.69,19.06
design_2825,0.91,0.78,1.58,nan,nan,nan,0.65,1.22,18.1,8.09,0.9,28.71,16.24
design_2826,1.02,0.94,3.95,nan,nan,nan,1.26,2.71,18.43,8.2,0.91,26.17,17.57
design_2827,1.39,1.33,1.88,nan,nan,nan,0.83,1.61,17.88,7.98,0.91,8.19,8.05
design_2828,0.94,0.52,1.62,nan,nan,nan,0.65,1.22,18.04,8.06,0.9,20.92,16.25
design_2829,0.98,0.87,1.9,nan,nan,nan,0.73,1.44,18.13,8.1,0.91,26.08,18.2
design_2830,0.75,0.7,1.64,nan,nan,nan,0.65,1.21,18.11,8.08,0.91,24.77,15.02
design_2831,0.99,0.81,2.51,nan,nan,nan,0.86,1.79,17.59,7.89,0.9,27.57,16.43
design_2832,0.72,0.85,2.61,nan,nan,nan,0.81,1.67,16.46,7.26,0.92,24.24,18.79
design_2833,0.8,0.75,2.77,nan,nan,nan,0.83,1.75,17.12,7.53,0.92,17.24,11.97
design_2834,0.5,0.28,0.98,nan,nan,nan,0.48,0.67,17.3,7.62,0.92,16.43,11.85
design_2835,0.77,0.55,2.98,nan,nan,nan,0.89,1.85,17.35,7.62,0.92,14.31,14.28
design_2836,0.85,0.6,3.03,nan,nan,nan,0.9,1.89,16.99,7.47,0.92,14.55,11.46
design_2837,0.72,0.31,1.27,nan,nan,nan,0.49,0.88,17.64,7.76,0.92,29.87,15.32
design_2838,0.65,0.33,1.82,nan,nan,nan,0.6,1.16,16.99,7.49,0.92,14.06,12.12
design_2839,0.76,0.7,2.86,nan,nan,nan,0.85,1.79,17.2,7.56,0.92,20.58,13.5
design_2840,0.58,0.46,5.64,nan,nan,nan,1.36,3.2,15.83,6.98,0.92,12.45,9.73
design_2841,0.65,0.48,4.31,nan,nan,nan,1.08,2.47,17.84,7.85,0.91,11.71,9.79
design_2842,0.49,0.49,5.27,nan,nan,nan,1.28,2.99,17.47,7.73,0.91,10.94,10.28
design_2843,0.51,0.49,5.66,nan,nan,nan,1.36,3.21,16.81,7.38,0.92,12.13,10.75
design_2844,0.53,0.56,5.68,nan,nan,nan,1.38,3.23,16.32,7.19,0.92,12.14,7.87
design_2845,0.58,0.46,0.99,nan,nan,nan,0.47,0.71,17.96,7.87,0.92,15.52,15.27
design_2846,0.53,0.47,5.22,nan,nan,nan,1.28,2.96,16.29,7.23,0.9,12.25,10.61
design_2847,0.56,0.46,5.62,nan,nan,nan,1.37,3.19,17.43,7.65,0.91,13.86,11.68
design_2848,0.87,0.57,0.81,nan,nan,nan,0.5,0.78,19.46,8.66,0.92,26.9,15.66
design_2849,0.84,0.46,0.8,nan,nan,nan,0.48,0.75,18.94,8.45,0.92,29.96,16.68
design_2850,1.19,0.6,1.57,nan,nan,nan,0.72,1.3,18.2,8.13,0.92,23.69,21.22
design_2851,0.87,0.52,0.85,nan,nan,nan,0.51,0.79,17.9,8.01,0.92,16.66,9.45
design_2852,0.75,0.4,0.62,nan,nan,nan,0.45,0.62,19.68,8.77,0.92,15.34,8.78
design_2853,0.94,0.5,0.95,nan,nan,nan,0.54,0.86,16.18,7.29,0.92,23.73,19.31
design_2854,0.89,0.4,0.73,nan,nan,nan,0.47,0.72,14.67,6.67,0.91,23.14,19.56
design_2855,0.62,0.39,0.75,nan,nan,nan,0.45,0.65,20.09,8.92,0.92,33.76,18.59
design_2856,0.55,0.4,0.54,nan,nan,nan,0.46,0.51,14.33,6.51,0.92,14.61,12.34
design_2857,0.52,0.48,0.63,nan,nan,nan,0.46,0.57,12.15,5.62,0.91,20.13,20.19
design_2858,0.55,0.47,0.56,nan,nan,nan,0.44,0.54,13.97,6.37,0.91,18.56,15.52
design_2859,0.6,0.48,0.61,nan,nan,nan,0.46,0.58,15.68,7.08,0.92,14.87,12.59
design_2860,0.61,0.54,0.53,nan,nan,nan,0.43,0.55,16.8,7.55,0.91,9.12,8.47
design_2861,0.58,0.42,0.62,nan,nan,nan,0.48,0.57,13.9,6.33,0.92,15.74,12.41
design_2862,0.51,0.56,0.69,nan,nan,nan,0.47,0.62,14.86,6.73,0.92,17.17,17.45
design_2863,0.46,0.49,0.71,nan,nan,nan,0.46,0.6,15.55,7.02,0.92,19.21,17.95
design_2864,0.89,0.58,0.93,nan,nan,nan,0.56,0.83,17.03,7.47,0.92,13.75,16.58
design_2865,0.78,0.76,0.81,nan,nan,nan,0.52,0.79,17.9,7.84,0.92,18.79,19.14
design_2866,0.83,0.74,0.71,nan,nan,nan,0.49,0.76,17.95,7.88,0.92,18.52,14.59
design_2867,0.72,1.31,1.71,nan,nan,nan,0.66,1.31,16.97,7.5,0.92,20.05,17.5
design_2868,0.57,0.95,1.19,nan,nan,nan,0.51,0.94,17.86,7.83,0.92,16.28,15.29
design_2869,0.92,0.67,0.8,nan,nan,nan,0.52,0.81,17.89,7.84,0.92,15.72,20.25
design_2870,0.89,0.77,1.05,nan,nan,nan,0.58,0.92,17.36,7.62,0.92,12.92,15.86
design_2871,0.72,1.23,1.29,nan,nan,nan,0.57,1.1,17.83,7.82,0.92,18.68,14.54
design_2872,0.48,0.63,1.1,nan,nan,nan,0.49,0.79,18.05,7.93,0.92,13.24,15.03
design_2873,0.83,1.02,1.51,nan,nan,nan,0.64,1.16,17.3,7.59,0.92,17.19,17.61
design_2874,0.67,0.52,1.24,nan,nan,nan,0.52,0.88,18.04,7.92,0.92,11.68,13.28
design_2875,1.64,0.81,1.25,nan,nan,nan,0.68,1.3,17.48,7.69,0.92,9.24,10.09
design_2876,1.49,0.79,1.85,nan,nan,nan,0.77,1.47,17.62,7.72,0.92,18.06,17.13
design_2877,1.47,0.76,1.24,nan,nan,nan,0.64,1.21,17.64,7.76,0.92,13.08,13.14
design_2878,0.71,0.8,1.43,nan,nan,nan,0.58,1.04,17.6,7.74,0.92,13.37,13.94
design_2879,0.72,0.65,1.29,nan,nan,nan,0.54,0.94,17.3,7.61,0.92,19.83,19.16
design_2880,0.67,0.94,1.37,nan,nan,nan,0.52,1.0,17.79,7.76,0.92,23.23,18.31
design_2881,0.47,0.81,1.05,nan,nan,nan,0.44,0.78,17.45,7.62,0.92,16.3,14.93
design_2882,0.54,0.6,1.26,nan,nan,nan,0.47,0.82,18.16,7.92,0.92,23.0,20.02
design_2883,0.48,1.04,1.09,nan,nan,nan,0.47,0.88,17.9,7.81,0.92,19.77,13.34
design_2884,0.52,0.89,0.83,nan,nan,nan,0.44,0.75,17.43,7.62,0.91,15.22,13.88
design_2885,0.48,0.7,0.98,nan,nan,nan,0.44,0.72,17.29,7.56,0.92,12.08,15.14
design_2886,0.64,1.06,2.27,nan,nan,nan,0.65,1.4,17.2,7.53,0.92,21.88,16.7
design_2887,0.52,1.06,0.91,nan,nan,nan,0.47,0.84,17.38,7.59,0.92,20.52,14.84
design_2888,0.97,0.52,1.82,nan,nan,nan,0.77,1.37,17.11,7.69,0.91,18.44,13.76
design_2889,0.49,0.81,1.44,nan,nan,nan,0.62,1.09,17.65,7.9,0.91,21.54,17.36
design_2890,0.43,0.64,4.89,nan,nan,nan,1.55,3.33,19.39,8.63,0.91,22.38,12.71
design_2891,0.53,0.66,1.99,nan,nan,nan,0.74,1.41,18.38,8.23,0.91,14.34,8.39
design_2892,0.76,0.84,1.23,nan,nan,nan,0.6,1.02,17.67,7.92,0.9,20.0,15.92
design_2893,1.05,0.55,1.06,nan,nan,nan,0.63,0.95,5.37,2.79,0.91,3.35,1.36
design_2894,0.92,0.74,5.53,nan,nan,nan,1.75,3.79,19.58,8.72,0.91,11.41,7.98
design_2895,0.49,0.84,1.83,nan,nan,nan,0.72,1.34,17.94,8.04,0.9,22.42,16.76
design_2896,0.98,0.58,2.4,nan,nan,nan,0.81,1.62,16.87,7.44,0.92,17.45,15.88
design_2897,0.67,0.52,1.72,nan,nan,nan,0.63,1.16,17.51,7.71,0.92,20.71,18.1
design_2898,0.78,0.91,2.11,nan,nan,nan,0.71,1.46,17.19,7.58,0.92,16.16,15.2
design_2899,0.55,0.51,2.24,nan,nan,nan,0.72,1.44,17.4,7.67,0.92,19.06,16.84
design_2900,0.6,0.64,2.05,nan,nan,nan,0.68,1.36,16.94,7.47,0.92,16.08,14.68
design_2901,0.81,0.93,1.7,nan,nan,nan,0.64,1.25,17.44,7.67,0.92,19.68,17.86
design_2902,0.51,0.56,1.06,nan,nan,nan,0.47,0.78,18.56,8.15,0.92,11.27,15.78
design_2903,0.74,0.56,1.94,nan,nan,nan,0.66,1.3,17.31,7.63,0.92,17.53,16.2
design_2904,0.56,0.19,0.57,nan,nan,nan,0.43,0.5,18.31,8.09,0.92,14.3,11.06
design_2905,0.5,0.2,1.35,nan,nan,nan,0.56,0.94,18.57,8.24,0.92,19.36,13.56
design_2906,0.61,0.35,0.98,nan,nan,nan,0.52,0.75,19.07,8.43,0.92,15.61,10.35
design_2907,0.5,0.17,1.99,nan,nan,nan,0.7,1.35,18.38,8.16,0.92,14.85,11.84
design_2908,0.53,0.21,0.84,nan,nan,nan,0.47,0.64,18.91,8.35,0.92,12.55,8.63
design_2909,0.6,0.27,2.01,nan,nan,nan,0.73,1.37,12.39,5.7,0.9,25.52,15.62
design_2910,0.6,0.24,3.34,nan,nan,nan,1.05,2.23,17.55,7.86,0.9,24.16,15.99
design_2911,0.59,0.24,3.17,nan,nan,nan,1.01,2.12,15.65,7.08,0.9,27.46,16.07
design_2912,1.03,0.52,1.22,nan,nan,nan,0.58,1.0,16.81,7.42,0.92,18.4,14.47
design_2913,1.11,0.45,1.42,nan,nan,nan,0.63,1.11,16.96,7.49,0.92,13.39,13.59
design_2914,1.12,0.42,1.23,nan,nan,nan,0.62,1.02,17.65,7.77,0.92,12.27,12.95
design_2915,1.04,0.38,1.22,nan,nan,nan,0.58,0.98,17.91,7.88,0.92,13.65,13.21
design_2916,0.99,0.49,1.05,nan,nan,nan,0.56,0.9,18.0,7.93,0.92,18.34,12.28
design_2917,0.96,0.45,1.08,nan,nan,nan,0.55,0.9,16.91,7.47,0.92,20.23,16.57
design_2918,1.18,0.46,1.26,nan,nan,nan,0.64,1.06,17.09,7.55,0.92,11.53,12.04
design_2919,1.16,0.84,2.09,nan,nan,nan,0.78,1.52,17.53,7.74,0.92,20.97,16.95
design_2920,1.1,0.88,3.08,nan,nan,nan,0.92,2.0,16.69,7.36,0.92,21.53,16.7
design_2921,0.89,1.05,3.43,nan,nan,nan,1.01,2.17,16.23,7.17,0.92,12.5,12.2
design_2922,1.22,1.07,3.02,nan,nan,nan,0.96,2.02,17.77,7.8,0.92,15.06,13.39
design_2923,0.43,0.69,0.87,nan,nan,nan,0.43,0.69,17.88,7.84,0.92,24.67,15.52
design_2924,1.1,0.65,1.16,nan,nan,nan,0.54,1.01,18.13,7.98,0.91,25.45,17.07
design_2925,1.03,0.68,1.32,nan,nan,nan,0.56,1.06,17.81,7.85,0.91,23.05,17.04
design_2926,1.16,0.99,3.34,nan,nan,nan,0.98,2.16,16.96,7.46,0.92,16.25,13.09
design_2927,1.12,1.04,3.35,nan,nan,nan,0.99,2.17,16.65,7.33,0.92,21.88,16.74
design_2928,0.36,0.61,2.71,nan,nan,nan,0.87,1.83,19.1,8.48,0.91,7.53,7.53
design_2929,0.82,0.42,3.2,nan,nan,nan,1.02,2.17,16.52,7.46,0.9,10.52,9.91
design_2930,0.51,0.51,3.3,nan,nan,nan,1.03,2.21,18.24,8.11,0.91,23.25,15.45
design_2931,0.43,0.59,3.44,nan,nan,nan,1.06,2.3,18.63,8.26,0.92,21.51,19.53
design_2932,0.49,0.33,3.7,nan,nan,nan,1.14,2.46,16.34,7.39,0.9,8.19,9.69
design_2933,0.41,0.44,2.86,nan,nan,nan,0.9,1.91,18.72,8.32,0.91,9.13,9.47
design_2934,0.36,0.57,4.0,nan,nan,nan,1.22,2.66,18.42,8.19,0.91,9.34,9.94
design_2935,0.39,0.45,3.12,nan,nan,nan,0.97,2.08,17.12,7.63,0.91,22.3,19.22
design_2936,0.61,0.44,2.06,nan,nan,nan,0.81,1.45,7.78,3.79,0.91,25.2,18.91
design_2937,0.66,0.48,2.12,nan,nan,nan,0.81,1.5,8.97,4.28,0.91,25.37,18.64
design_2938,0.66,0.32,2.54,nan,nan,nan,0.89,1.76,16.52,7.4,0.91,18.52,14.27
design_2939,0.6,0.37,2.03,nan,nan,nan,0.79,1.42,9.7,4.59,0.9,24.18,19.89
design_2940,0.53,0.32,1.63,nan,nan,nan,0.69,1.15,8.97,4.25,0.91,19.23,14.79
design_2941,0.78,0.53,2.45,nan,nan,nan,0.88,1.73,16.14,7.25,0.91,25.47,20.13
design_2942,0.79,0.6,2.66,nan,nan,nan,0.95,1.87,18.97,8.43,0.91,25.16,16.21
design_2943,1.13,1.31,1.81,nan,nan,nan,0.83,1.51,7.62,3.72,0.91,26.26,19.9
design_2944,0.63,0.61,0.81,nan,nan,nan,0.44,0.68,17.21,7.53,0.92,26.17,18.48
design_2945,1.02,0.44,2.14,nan,nan,nan,0.66,1.32,16.67,7.31,0.91,27.56,20.58
design_2946,0.48,0.43,2.36,nan,nan,nan,0.65,1.3,15.33,6.74,0.92,28.87,21.28
design_2947,0.71,0.51,1.01,nan,nan,nan,0.49,0.75,16.77,7.34,0.91,25.32,20.34
design_2948,1.03,0.5,1.75,nan,nan,nan,0.63,1.16,16.96,7.43,0.91,22.77,19.73
design_2949,0.78,0.76,2.2,nan,nan,nan,0.69,1.33,17.2,7.49,0.92,25.53,21.4
design_2950,0.45,0.39,0.94,nan,nan,nan,0.46,0.61,16.74,7.33,0.92,28.08,21.87
design_2951,0.9,0.49,2.37,nan,nan,nan,0.69,1.4,16.98,7.41,0.92,20.74,17.56
design_2952,0.76,0.63,0.8,nan,nan,nan,0.5,0.74,17.51,7.66,0.92,25.73,17.06
design_2953,0.73,0.74,0.71,nan,nan,nan,0.49,0.73,17.44,7.62,0.92,22.44,14.17
design_2954,0.8,0.66,0.84,nan,nan,nan,0.51,0.77,17.44,7.63,0.92,21.7,14.79
design_2955,0.8,0.66,0.85,nan,nan,nan,0.51,0.78,17.26,7.55,0.92,22.1,13.56
design_2956,0.63,0.67,0.86,nan,nan,nan,0.5,0.73,17.29,7.57,0.92,20.14,12.53
design_2957,0.73,0.64,0.85,nan,nan,nan,0.49,0.74,17.13,7.49,0.92,20.37,12.94
design_2958,0.64,0.63,0.67,nan,nan,nan,0.46,0.64,17.2,7.52,0.92,20.82,13.47
design_2959,0.82,0.64,0.9,nan,nan,nan,0.51,0.79,17.61,7.71,0.92,19.06,13.21
design_2960,0.4,0.51,1.62,nan,nan,nan,0.67,1.17,13.35,6.12,0.91,18.55,16.96
design_2961,0.45,0.54,1.49,nan,nan,nan,0.64,1.09,12.83,5.9,0.9,21.65,17.59
design_2962,0.48,0.49,1.49,nan,nan,nan,0.63,1.09,15.23,6.92,0.91,16.65,15.4
design_2963,1.13,0.92,1.85,nan,nan,nan,0.78,1.48,11.89,5.52,0.9,21.42,17.88
design_2964,0.5,0.89,1.32,nan,nan,nan,0.61,1.05,11.76,5.48,0.9,22.15,18.09
design_2965,0.42,0.63,1.35,nan,nan,nan,0.6,1.01,14.88,6.78,0.9,18.39,16.6
design_2966,1.07,0.63,2.72,nan,nan,nan,1.02,1.99,12.4,5.79,0.9,13.52,14.28
design_2967,0.45,0.86,1.29,nan,nan,nan,0.61,1.02,15.63,7.08,0.91,23.62,18.41
design_2968,0.43,0.51,7.31,nan,nan,nan,2.17,4.84,17.25,7.68,0.92,17.06,15.62
design_2969,0.46,0.88,7.26,nan,nan,nan,2.16,4.82,18.67,8.32,0.91,16.63,12.18
design_2970,0.41,0.57,5.72,nan,nan,nan,1.71,3.79,18.53,8.27,0.9,23.69,17.58
design_2971,0.44,0.47,1.53,nan,nan,nan,0.63,1.07,17.52,7.85,0.91,10.48,9.94
design_2972,0.49,0.48,6.6,nan,nan,nan,1.97,4.37,18.16,8.12,0.91,13.63,13.13
design_2973,0.71,0.87,5.34,nan,nan,nan,1.61,3.57,18.4,8.24,0.9,22.8,16.71
design_2974,0.54,0.64,3.77,nan,nan,nan,1.18,2.53,18.73,8.38,0.9,7.63,7.75
design_2975,0.64,0.86,4.25,nan,nan,nan,1.31,2.86,18.64,8.33,0.91,25.7,18.69
design_2976,0.66,0.5,0.45,nan,nan,nan,0.43,0.55,17.06,7.46,0.92,22.14,17.17
design_2977,0.85,0.46,0.83,nan,nan,nan,0.5,0.74,17.6,7.68,0.92,15.64,16.6
design_2978,0.81,0.49,0.53,nan,nan,nan,0.45,0.64,17.26,7.54,0.92,19.1,15.19
design_2979,0.7,0.59,0.35,nan,nan,nan,0.44,0.57,16.95,7.41,0.92,22.08,16.52
design_2980,0.83,0.72,0.8,nan,nan,nan,0.49,0.79,17.43,7.62,0.92,17.01,18.33
design_2981,0.71,0.79,0.78,nan,nan,nan,0.48,0.76,17.2,7.52,0.92,19.14,17.27
design_2982,1.03,0.42,0.53,nan,nan,nan,0.48,0.73,16.56,7.26,0.92,20.76,20.25
design_2983,0.95,0.52,0.48,nan,nan,nan,0.47,0.7,17.24,7.53,0.92,23.46,18.86
design_2984,0.64,0.33,4.6,nan,nan,nan,1.4,3.06,19.63,8.76,0.9,27.18,16.69
design_2985,0.95,0.43,3.8,nan,nan,nan,1.19,2.57,17.65,7.96,0.9,24.71,18.62
design_2986,0.99,0.47,1.91,nan,nan,nan,0.72,1.39,16.53,7.4,0.91,26.51,17.61
design_2987,0.77,0.47,4.75,nan,nan,nan,1.45,3.17,19.63,8.76,0.9,25.8,18.31
design_2988,0.7,0.5,1.89,nan,nan,nan,0.69,1.33,16.7,7.47,0.91,26.12,18.86
design_2989,0.77,0.45,7.02,nan,nan,nan,2.1,4.65,18.66,8.32,0.9,14.85,12.38
design_2990,0.94,0.55,2.0,nan,nan,nan,0.74,1.44,16.72,7.49,0.91,27.23,16.9
design_2991,0.81,0.53,4.33,nan,nan,nan,1.33,2.9,20.55,9.15,0.9,27.51,15.77
design_2992,0.81,0.44,2.16,nan,nan,nan,0.78,1.54,13.18,6.04,0.9,10.69,12.05
design_2993,0.87,0.6,2.45,nan,nan,nan,0.86,1.75,16.06,7.23,0.91,23.47,18.48
design_2994,0.86,0.43,2.57,nan,nan,nan,0.91,1.82,4.31,2.36,0.91,6.62,2.67
design_2995,1.39,0.36,2.34,nan,nan,nan,0.92,1.76,8.18,3.97,0.9,3.89,1.87
design_2996,0.93,0.32,1.62,nan,nan,nan,0.67,1.21,12.13,5.63,0.9,8.07,4.5
design_2997,1.01,0.25,2.2,nan,nan,nan,0.85,1.59,8.86,4.28,0.9,8.95,6.89
design_2998,0.8,0.35,1.95,nan,nan,nan,0.76,1.4,4.19,2.33,0.91,3.12,1.51
design_2999,0.84,0.36,2.49,nan,nan,nan,0.89,1.75,4.6,2.48,0.91,6.3,2.54
design_3000,0.67,0.52,5.11,nan,nan,nan,1.62,3.49,17.87,8.02,0.91,25.21,19.14
design_3001,1.06,0.47,5.21,nan,nan,nan,1.67,3.58,18.83,8.44,0.9,28.31,19.55
design_3002,0.91,0.51,5.17,nan,nan,nan,1.65,3.54,17.06,7.71,0.9,26.09,17.43
design_3003,1.19,0.33,5.2,nan,nan,nan,1.67,3.58,18.43,8.25,0.91,26.24,24.81
design_3004,1.16,0.61,5.24,nan,nan,nan,1.7,3.62,18.41,8.28,0.9,28.73,16.22
design_3005,1.21,0.47,5.42,nan,nan,nan,1.74,3.73,18.5,8.3,0.9,27.51,18.95
design_3006,1.02,0.46,8.48,nan,nan,nan,2.63,5.77,16.25,7.34,0.91,25.27,17.63
design_3007,0.91,0.39,6.88,nan,nan,nan,2.15,4.69,18.18,8.13,0.91,25.33,17.93
design_3008,0.54,0.78,1.09,nan,nan,nan,0.58,0.88,18.44,8.24,0.91,16.0,11.39
design_3009,0.59,0.64,1.72,nan,nan,nan,0.67,1.25,18.43,8.27,0.9,18.42,14.94
design_3010,0.5,0.63,1.4,nan,nan,nan,0.59,1.03,17.35,7.81,0.9,21.19,16.19
design_3011,0.64,0.63,1.96,nan,nan,nan,0.76,1.41,19.1,8.54,0.9,21.24,16.59
design_3012,0.53,0.59,2.86,nan,nan,nan,0.98,1.98,17.62,7.93,0.9,22.51,14.9
design_3013,0.5,0.65,2.31,nan,nan,nan,0.82,1.62,18.8,8.42,0.91,18.82,16.96
design_3014,0.58,0.57,3.26,nan,nan,nan,1.09,2.25,18.49,8.3,0.9,22.51,14.98
design_3015,0.65,0.59,2.01,nan,nan,nan,0.77,1.44,19.87,8.86,0.91,20.94,18.81
design_3016,0.55,0.94,1.14,nan,nan,nan,0.53,0.9,17.42,7.64,0.92,23.37,18.29
design_3017,0.53,0.76,1.05,nan,nan,nan,0.51,0.81,17.23,7.56,0.92,12.8,14.12
design_3018,0.41,0.68,0.9,nan,nan,nan,0.47,0.69,17.61,7.72,0.92,25.28,22.07
design_3019,0.6,0.79,1.33,nan,nan,nan,0.57,0.96,17.42,7.63,0.92,12.06,12.89
design_3020,0.5,0.93,0.81,nan,nan,nan,0.49,0.76,17.81,7.79,0.92,7.95,5.62
design_3021,0.62,0.94,1.03,nan,nan,nan,0.51,0.88,17.45,7.65,0.92,25.99,22.36
design_3022,0.54,0.84,1.16,nan,nan,nan,0.54,0.89,17.75,7.77,0.92,17.9,15.56
design_3023,0.51,0.81,1.19,nan,nan,nan,0.55,0.89,17.06,7.49,0.92,12.33,13.34
design_3024,0.56,0.47,4.93,nan,nan,nan,1.55,3.36,16.33,7.37,0.9,19.47,16.79
design_3025,0.85,0.55,3.28,nan,nan,nan,1.09,2.28,17.4,7.84,0.9,12.22,10.71
design_3026,0.74,0.52,4.04,nan,nan,nan,1.3,2.78,16.7,7.57,0.89,18.79,13.29
design_3027,0.57,0.49,2.47,nan,nan,nan,0.85,1.72,16.25,7.36,0.9,18.21,14.52
design_3028,0.83,0.64,3.75,nan,nan,nan,1.22,2.6,19.4,8.63,0.9,15.29,11.0
design_3029,0.63,0.62,5.35,nan,nan,nan,1.69,3.65,16.54,7.47,0.9,4.14,3.97
design_3030,0.62,0.56,3.8,nan,nan,nan,1.23,2.61,16.87,7.63,0.89,15.22,10.76
design_3031,0.67,0.49,4.36,nan,nan,nan,1.39,2.99,17.46,7.84,0.9,13.74,12.6
design_3032,0.73,0.36,0.98,nan,nan,nan,0.51,0.74,16.49,7.25,0.92,28.12,19.9
design_3033,0.79,0.4,0.95,nan,nan,nan,0.51,0.75,17.2,7.55,0.92,21.91,20.16
design_3034,0.42,0.41,1.18,nan,nan,nan,0.49,0.75,16.37,7.21,0.92,27.1,20.64
design_3035,0.56,0.5,1.12,nan,nan,nan,0.5,0.77,17.1,7.51,0.91,26.59,19.63
design_3036,0.66,0.39,1.09,nan,nan,nan,0.5,0.76,16.62,7.32,0.92,27.67,20.55
design_3037,0.5,0.64,1.2,nan,nan,nan,0.51,0.82,17.09,7.52,0.91,26.44,18.97
design_3038,0.84,0.4,1.29,nan,nan,nan,0.55,0.92,16.16,7.15,0.91,28.3,19.44
design_3039,0.55,0.52,0.91,nan,nan,nan,0.48,0.68,16.68,7.32,0.92,28.09,19.45
design_3040,0.49,0.77,1.73,nan,nan,nan,0.66,1.23,18.67,8.29,0.91,14.37,7.44
design_3041,0.42,0.57,1.76,nan,nan,nan,0.66,1.22,18.63,8.28,0.91,17.5,9.02
design_3042,0.46,0.6,1.68,nan,nan,nan,0.65,1.18,19.01,8.46,0.9,19.47,10.53
design_3043,0.5,0.97,1.98,nan,nan,nan,0.79,1.43,17.45,7.75,0.92,16.76,10.13
design_3044,0.5,0.67,1.79,nan,nan,nan,0.68,1.26,17.03,7.63,0.9,8.51,4.95
design_3045,0.55,0.58,2.78,nan,nan,nan,0.93,1.88,18.46,8.2,0.91,15.32,12.73
design_3046,0.46,0.59,1.37,nan,nan,nan,0.58,0.98,18.62,8.27,0.91,17.51,7.83
design_3047,0.41,0.54,2.17,nan,nan,nan,0.74,1.48,18.32,8.14,0.92,20.51,10.39
design_3048,1.05,0.54,5.12,nan,nan,nan,1.27,2.96,16.52,7.3,0.91,25.01,17.12
design_3049,0.69,0.77,0.85,nan,nan,nan,0.48,0.77,17.48,7.66,0.92,18.13,16.19
design_3050,0.75,0.57,0.92,nan,nan,nan,0.49,0.76,17.21,7.55,0.91,16.33,14.44
design_3051,3.11,0.78,5.49,nan,nan,nan,1.53,3.64,16.62,7.36,0.9,20.55,18.33
design_3052,1.05,0.7,1.03,nan,nan,nan,0.53,0.95,17.83,7.83,0.91,21.55,17.97
design_3053,3.42,0.84,1.01,nan,nan,nan,0.98,2.2,14.7,6.52,0.91,19.58,16.03
design_3054,1.08,0.78,5.41,nan,nan,nan,1.34,3.14,16.39,7.24,0.91,18.69,17.61
design_3055,1.27,0.55,0.53,nan,nan,nan,0.54,0.88,17.7,7.79,0.91,21.26,16.01
design_3056,0.83,0.55,2.19,nan,nan,nan,0.76,1.54,17.71,7.92,0.91,22.96,16.94
design_3057,0.64,0.52,2.36,nan,nan,nan,0.8,1.62,18.24,8.15,0.9,9.85,7.09
design_3058,0.65,0.65,1.21,nan,nan,nan,0.54,0.93,18.28,8.13,0.91,26.73,19.4
design_3059,0.88,0.56,2.35,nan,nan,nan,0.81,1.65,17.26,7.72,0.91,25.1,17.8
design_3060,0.61,0.66,1.07,nan,nan,nan,0.52,0.85,18.41,8.19,0.91,22.41,18.46
design_3061,0.94,0.67,2.13,nan,nan,nan,0.77,1.53,17.97,8.0,0.91,22.27,18.64
design_3062,0.61,0.61,2.05,nan,nan,nan,0.73,1.43,17.36,7.77,0.91,23.79,15.88
design_3063,0.86,0.7,1.41,nan,nan,nan,0.61,1.11,18.12,8.07,0.91,26.57,17.51
design_3064,0.37,1.06,1.46,nan,nan,nan,0.59,1.08,18.0,7.93,0.92,10.01,5.57
design_3065,0.38,1.11,1.33,nan,nan,nan,0.57,1.03,15.81,7.02,0.92,8.38,5.13
design_3066,0.4,1.03,0.82,nan,nan,nan,0.49,0.78,17.51,7.73,0.92,10.06,7.01
design_3067,0.44,1.1,0.64,nan,nan,nan,0.48,0.75,16.18,7.13,0.93,8.32,4.82
design_3068,0.4,1.04,1.59,nan,nan,nan,0.61,1.15,17.88,7.88,0.92,9.67,6.93
design_3069,0.39,1.02,1.31,nan,nan,nan,0.56,1.0,17.85,7.87,0.92,10.98,7.14
design_3070,0.4,1.07,1.59,nan,nan,nan,0.61,1.16,18.14,7.99,0.92,8.77,6.33
design_3071,0.39,1.1,1.66,nan,nan,nan,0.63,1.2,18.52,8.17,0.91,9.59,5.38
design_3072,0.38,0.82,1.64,nan,nan,nan,0.65,1.22,18.02,8.1,0.91,25.15,21.05
design_3073,0.56,0.84,2.62,nan,nan,nan,0.94,1.89,18.78,8.44,0.9,19.23,11.55
design_3074,0.44,0.75,4.7,nan,nan,nan,1.56,3.29,19.93,8.93,0.91,7.76,8.67
design_3075,0.96,0.79,5.25,nan,nan,nan,1.74,3.7,19.63,8.76,0.91,6.7,5.87
design_3076,0.53,0.68,2.4,nan,nan,nan,0.88,1.72,18.53,8.31,0.91,24.87,19.75
design_3077,0.37,0.59,1.75,nan,nan,nan,0.7,1.26,17.83,8.0,0.91,24.21,21.07
design_3078,0.57,0.7,2.76,nan,nan,nan,0.98,1.97,17.26,7.81,0.9,24.01,21.77
design_3079,0.69,0.76,3.0,nan,nan,nan,1.06,2.14,17.91,8.09,0.9,23.72,20.48
design_3080,0.58,0.32,2.26,nan,nan,nan,0.83,1.6,19.41,8.67,0.91,24.63,21.32
design_3081,1.07,0.48,3.63,nan,nan,nan,1.24,2.59,17.79,8.0,0.91,27.0,18.44
design_3082,0.52,0.37,2.71,nan,nan,nan,0.95,1.9,18.52,8.32,0.9,25.96,18.26
design_3083,0.65,0.36,5.73,nan,nan,nan,1.86,3.99,14.68,6.73,0.9,18.83,13.94
design_3084,0.99,0.36,2.03,nan,nan,nan,0.78,1.51,17.37,7.83,0.9,14.74,10.42
design_3085,0.63,0.47,2.75,nan,nan,nan,0.98,1.95,16.82,7.61,0.9,26.08,18.94
design_3086,0.96,0.37,2.74,nan,nan,nan,0.98,1.97,18.43,8.28,0.9,25.56,19.09
design_3087,0.51,0.38,3.1,nan,nan,nan,1.06,2.17,18.27,8.21,0.91,25.64,19.41
design_3088,0.55,0.38,1.67,nan,nan,nan,0.65,1.19,18.62,8.28,0.91,25.59,16.25
design_3089,0.6,0.38,2.2,nan,nan,nan,0.8,1.53,17.8,7.97,0.91,15.33,12.7
design_3090,0.83,0.4,1.31,nan,nan,nan,0.58,1.01,18.77,8.35,0.91,16.88,11.56
design_3091,0.67,0.32,1.27,nan,nan,nan,0.56,0.95,18.84,8.38,0.91,11.37,7.63
design_3092,0.56,0.38,1.09,nan,nan,nan,0.51,0.82,18.43,8.23,0.91,21.48,16.43
design_3093,0.41,0.38,1.8,nan,nan,nan,0.68,1.25,17.96,8.02,0.91,24.25,16.87
design_3094,0.53,0.42,1.47,nan,nan,nan,0.6,1.05,18.69,8.36,0.91,7.79,7.34
design_3095,0.51,0.44,1.33,nan,nan,nan,0.56,0.96,18.5,8.28,0.91,10.78,9.15
design_3096,0.9,0.6,4.53,nan,nan,nan,1.51,3.19,16.01,7.31,0.9,27.58,18.74
design_3097,0.68,0.43,3.88,nan,nan,nan,1.29,2.72,18.03,8.15,0.9,25.55,17.86
design_3098,0.78,0.48,4.3,nan,nan,nan,1.43,3.02,15.82,7.21,0.9,27.75,18.9
design_3099,0.78,0.41,3.63,nan,nan,nan,1.23,2.56,18.2,8.2,0.9,26.22,20.96
design_3100,0.68,0.51,2.83,nan,nan,nan,1.0,2.01,16.57,7.5,0.9,26.08,19.56
design_3101,0.67,0.49,2.55,nan,nan,nan,0.93,1.82,18.06,8.16,0.9,22.26,18.1
design_3102,0.75,0.38,2.02,nan,nan,nan,0.77,1.47,16.24,7.34,0.91,24.82,20.22
design_3103,0.74,0.41,3.85,nan,nan,nan,1.29,2.7,16.92,7.68,0.9,25.29,19.49
design_3104,1.21,2.63,2.48,nan,nan,nan,0.99,2.19,17.95,7.9,0.92,14.36,15.63
design_3105,1.25,2.84,1.9,nan,nan,nan,0.96,2.05,17.51,7.72,0.92,23.75,19.08
design_3106,1.37,2.7,1.84,nan,nan,nan,0.93,2.0,17.04,7.52,0.91,18.74,16.58
design_3107,1.1,2.69,2.74,nan,nan,nan,1.05,2.31,17.67,7.78,0.92,25.54,19.06
design_3108,1.24,2.98,2.01,nan,nan,nan,1.0,2.14,17.37,7.64,0.92,22.4,20.24
design_3109,1.2,2.7,1.44,nan,nan,nan,0.88,1.83,17.52,7.71,0.92,22.27,17.55
design_3110,1.24,2.57,1.55,nan,nan,nan,0.86,1.82,18.12,7.97,0.92,15.92,13.51
design_3111,1.25,2.47,2.75,nan,nan,nan,1.03,2.27,17.73,7.84,0.91,22.29,18.54
design_3112,1.52,0.8,1.62,nan,nan,nan,0.73,1.4,13.74,6.21,0.9,22.85,18.49
design_3113,1.15,1.27,1.55,nan,nan,nan,0.69,1.35,14.47,6.51,0.9,22.55,17.57
design_3114,0.85,0.91,2.22,nan,nan,nan,0.77,1.54,16.07,7.2,0.9,20.96,16.64
design_3115,0.75,1.14,1.22,nan,nan,nan,0.59,1.06,13.15,5.95,0.91,22.84,18.37
design_3116,1.42,1.05,1.35,nan,nan,nan,0.67,1.3,13.54,6.12,0.9,23.07,17.13
design_3117,0.88,1.12,1.69,nan,nan,nan,0.68,1.3,17.94,7.95,0.9,21.13,16.47
design_3118,1.35,1.1,1.41,nan,nan,nan,0.69,1.31,13.8,6.23,0.9,22.36,18.73
design_3119,0.71,1.03,1.46,nan,nan,nan,0.64,1.13,13.47,6.13,0.9,22.66,16.12
design_3120,1.0,0.47,1.35,nan,nan,nan,0.56,0.99,17.45,7.63,0.92,16.33,13.6
design_3121,0.99,0.64,1.5,nan,nan,nan,0.6,1.07,17.32,7.57,0.92,16.36,15.44
design_3122,1.14,0.49,1.14,nan,nan,nan,0.56,0.97,17.44,7.62,0.92,13.66,14.64
design_3123,0.99,0.55,1.27,nan,nan,nan,0.55,0.97,17.55,7.65,0.92,15.03,13.12
design_3124,0.94,0.53,1.49,nan,nan,nan,0.57,1.03,17.39,7.58,0.92,14.35,13.9
design_3125,1.1,0.91,1.46,nan,nan,nan,0.63,1.16,17.2,7.52,0.92,13.59,14.14
design_3126,0.99,0.68,1.41,nan,nan,nan,0.58,1.04,17.35,7.56,0.92,13.79,13.86
design_3127,1.59,0.47,2.45,nan,nan,nan,0.77,1.65,17.53,7.66,0.91,19.45,15.52
design_3128,0.6,0.7,1.5,nan,nan,nan,0.62,1.12,19.39,8.66,0.91,18.79,12.03
design_3129,0.77,0.47,0.86,nan,nan,nan,0.52,0.75,4.04,2.23,0.92,1.67,0.9
design_3130,0.82,0.48,1.34,nan,nan,nan,0.64,1.04,4.11,2.26,0.92,2.48,1.47
design_3131,0.77,0.57,1.07,nan,nan,nan,0.56,0.88,4.64,2.5,0.91,3.09,1.64
design_3132,0.75,0.54,1.0,nan,nan,nan,0.55,0.83,4.51,2.43,0.91,2.08,1.12
design_3133,0.82,0.68,1.25,nan,nan,nan,0.62,1.01,5.1,2.68,0.91,2.37,1.24
design_3134,0.76,0.52,0.93,nan,nan,nan,0.56,0.79,4.24,2.32,0.92,1.63,0.99
design_3135,0.75,0.51,0.93,nan,nan,nan,0.55,0.79,4.02,2.22,0.92,1.17,0.88
design_3136,0.5,0.71,2.59,nan,nan,nan,0.83,1.72,16.24,7.21,0.92,20.55,14.8
design_3137,0.52,0.72,2.62,nan,nan,nan,0.84,1.74,17.19,7.61,0.92,15.19,12.01
design_3138,0.5,0.72,2.59,nan,nan,nan,0.83,1.72,16.27,7.22,0.92,15.43,13.09
design_3139,0.44,0.75,2.73,nan,nan,nan,0.87,1.8,18.15,8.01,0.92,15.83,11.44
design_3140,0.44,0.76,2.61,nan,nan,nan,0.84,1.73,17.57,7.76,0.92,15.35,10.56
design_3141,0.49,0.71,2.63,nan,nan,nan,0.84,1.74,17.38,7.68,0.92,14.94,11.26
design_3142,0.55,0.78,2.61,nan,nan,nan,0.84,1.75,15.96,7.09,0.92,16.5,12.54
design_3143,0.49,0.8,2.59,nan,nan,nan,0.83,1.73,15.79,7.03,0.92,24.85,15.68
design_3144,0.5,0.65,1.79,nan,nan,nan,0.63,1.19,18.5,8.15,0.91,24.55,19.66
design_3145,0.47,0.76,1.87,nan,nan,nan,0.65,1.25,18.66,8.23,0.91,26.59,18.54
design_3146,0.49,0.69,1.66,nan,nan,nan,0.61,1.12,17.98,7.92,0.92,25.32,18.44
design_3147,0.57,0.72,2.05,nan,nan,nan,0.7,1.36,18.82,8.28,0.92,27.08,19.56
design_3148,0.62,0.73,1.77,nan,nan,nan,0.64,1.22,18.88,8.3,0.92,23.21,16.98
design_3149,1.0,0.64,1.98,nan,nan,nan,0.72,1.39,18.67,8.21,0.91,16.68,12.67
design_3150,0.44,0.78,1.8,nan,nan,nan,0.63,1.21,17.83,7.86,0.92,25.78,19.28
design_3151,0.95,0.68,2.21,nan,nan,nan,0.76,1.51,17.7,7.81,0.91,27.63,18.43
design_3152,0.95,0.8,0.83,nan,nan,nan,0.55,0.86,15.85,7.13,0.92,5.43,5.44
design_3153,1.01,0.74,0.88,nan,nan,nan,0.55,0.89,17.25,7.72,0.92,6.37,8.85
design_3154,0.95,0.61,0.87,nan,nan,nan,0.54,0.84,15.42,6.97,0.92,24.48,19.33
design_3155,0.51,0.84,0.79,nan,nan,nan,0.49,0.74,17.66,7.89,0.92,5.68,6.03
design_3156,0.85,0.72,0.77,nan,nan,nan,0.5,0.78,17.18,7.7,0.92,13.74,12.77
design_3157,0.57,0.44,0.71,nan,nan,nan,0.49,0.62,6.24,3.13,0.91,1.51,1.27
design_3158,1.04,0.82,0.62,nan,nan,nan,0.52,0.8,13.91,6.33,0.92,9.64,8.72
design_3159,0.62,0.86,0.87,nan,nan,nan,0.51,0.81,16.99,7.61,0.92,10.97,6.85
design_3160,0.68,1.02,1.06,nan,nan,nan,0.55,0.93,17.52,7.67,0.92,22.19,17.76
design_3161,0.75,1.14,1.05,nan,nan,nan,0.59,0.99,17.17,7.53,0.92,20.54,15.16
design_3162,0.73,1.09,1.09,nan,nan,nan,0.59,0.98,17.23,7.55,0.92,20.84,14.85
design_3163,0.81,1.06,1.07,nan,nan,nan,0.58,0.98,17.58,7.7,0.92,20.93,15.53
design_3164,0.67,0.67,1.11,nan,nan,nan,0.53,0.85,17.84,7.81,0.92,23.62,17.94
design_3165,0.79,1.2,0.41,nan,nan,nan,0.54,0.84,17.92,7.85,0.92,23.0,20.29
design_3166,0.7,1.09,1.14,nan,nan,nan,0.57,0.99,17.53,7.68,0.92,20.84,15.53
design_3167,0.57,0.62,0.35,nan,nan,nan,0.46,0.52,17.23,7.55,0.92,21.65,19.43
design_3168,0.73,0.64,0.69,nan,nan,nan,0.49,0.69,10.99,5.13,0.91,21.73,17.84
design_3169,1.01,0.53,0.55,nan,nan,nan,0.48,0.7,8.6,4.12,0.91,20.71,18.11
design_3170,0.88,0.65,0.55,nan,nan,nan,0.46,0.68,15.7,7.11,0.91,20.81,17.9
design_3171,1.24,0.57,0.89,nan,nan,nan,0.59,0.94,4.56,2.44,0.92,21.09,17.89
design_3172,1.26,0.34,0.71,nan,nan,nan,0.53,0.84,12.73,5.85,0.91,14.6,14.4
design_3173,1.19,0.57,0.64,nan,nan,nan,0.51,0.81,4.58,2.45,0.92,21.64,17.96
design_3174,1.09,0.49,1.23,nan,nan,nan,0.62,1.07,17.78,8.0,0.91,21.17,17.96
design_3175,0.82,0.65,0.61,nan,nan,nan,0.47,0.68,5.61,2.88,0.91,21.49,17.95
design_3176,1.23,0.42,2.67,nan,nan,nan,0.86,1.76,17.16,7.55,0.92,21.75,17.38
design_3177,1.1,0.41,2.24,nan,nan,nan,0.79,1.49,17.44,7.66,0.92,15.23,15.16
design_3178,0.9,0.46,2.49,nan,nan,nan,0.8,1.58,16.58,7.29,0.92,22.73,19.33
design_3179,1.39,0.52,1.36,nan,nan,nan,0.66,1.18,17.34,7.61,0.92,18.92,16.39
design_3180,1.1,0.33,2.44,nan,nan,nan,0.81,1.59,16.99,7.48,0.92,12.74,8.08
design_3181,1.36,0.52,1.63,nan,nan,nan,0.69,1.29,17.31,7.59,0.92,16.86,13.34
design_3182,0.91,0.53,2.38,nan,nan,nan,0.78,1.54,16.97,7.45,0.92,23.19,21.45
design_3183,1.39,0.45,1.99,nan,nan,nan,0.75,1.46,16.96,7.45,0.92,14.64,16.81
design_3184,0.34,0.38,0.65,nan,nan,nan,0.4,0.53,17.12,7.66,0.93,12.11,11.84
design_3185,0.75,0.35,0.7,nan,nan,nan,0.46,0.65,16.3,7.32,0.92,22.27,21.67
design_3186,0.71,0.45,0.68,nan,nan,nan,0.45,0.64,15.94,7.18,0.92,14.48,15.12
design_3187,0.8,0.41,0.85,nan,nan,nan,0.51,0.76,15.99,7.19,0.92,23.54,21.22
design_3188,0.46,0.27,0.77,nan,nan,nan,0.43,0.61,16.32,7.32,0.93,22.2,20.93
design_3189,0.77,0.33,0.66,nan,nan,nan,0.45,0.63,17.68,7.9,0.93,9.28,8.43
design_3190,0.73,0.39,0.65,nan,nan,nan,0.44,0.63,16.67,7.48,0.92,18.21,18.32
design_3191,0.68,0.32,0.73,nan,nan,nan,0.45,0.65,16.91,7.58,0.92,22.69,19.54
design_3192,1.39,1.05,1.07,nan,nan,nan,0.65,1.16,12.78,5.87,0.91,21.89,17.53
design_3193,1.09,0.81,1.53,nan,nan,nan,0.7,1.27,12.79,5.89,0.9,4.33,3.08
design_3194,0.64,0.75,1.66,nan,nan,nan,0.69,1.25,17.6,7.88,0.92,21.24,16.72
design_3195,0.74,1.29,1.45,nan,nan,nan,0.69,1.25,5.89,2.99,0.91,21.86,17.69
design_3196,1.09,0.76,5.42,nan,nan,nan,1.78,3.82,18.0,8.06,0.91,9.7,4.98
design_3197,0.72,0.83,1.76,nan,nan,nan,0.73,1.34,17.3,7.77,0.91,22.04,18.97
design_3198,1.27,0.7,1.73,nan,nan,nan,0.76,1.42,17.86,8.0,0.91,16.24,12.94
design_3199,0.71,0.78,1.26,nan,nan,nan,0.59,1.02,14.45,6.6,0.91,22.59,17.35
design_3200,1.46,0.76,0.83,nan,nan,nan,0.66,1.04,4.52,2.43,0.91,2.57,1.42
design_3201,0.66,0.66,1.43,nan,nan,nan,0.61,1.08,19.37,8.66,0.91,20.8,15.01
design_3202,1.41,0.75,0.91,nan,nan,nan,0.67,1.05,4.3,2.34,0.92,1.89,1.12
design_3203,0.65,0.38,0.81,nan,nan,nan,0.55,0.68,4.31,2.34,0.91,1.47,1.01
design_3204,1.54,0.76,0.97,nan,nan,nan,0.69,1.13,4.08,2.24,0.92,2.38,1.47
design_3205,0.69,0.43,1.2,nan,nan,nan,0.59,0.92,5.26,2.74,0.91,1.39,1.04
design_3206,0.76,0.44,1.35,nan,nan,nan,0.62,1.03,4.39,2.37,0.91,1.86,1.29
design_3207,0.71,0.35,0.82,nan,nan,nan,0.52,0.69,4.09,2.25,0.92,1.22,1.04
design_3208,0.83,0.74,1.75,nan,nan,nan,0.74,1.34,15.16,6.92,0.9,9.53,9.83
design_3209,0.48,0.63,4.6,nan,nan,nan,1.51,3.21,19.77,8.85,0.91,24.74,14.41
design_3210,0.65,0.58,5.15,nan,nan,nan,1.69,3.6,19.85,8.89,0.9,7.67,6.09
design_3211,0.51,0.42,1.12,nan,nan,nan,0.56,0.85,15.7,7.12,0.91,10.67,7.2
design_3212,0.58,0.6,2.48,nan,nan,nan,0.91,1.77,19.15,8.57,0.91,12.02,8.85
design_3213,0.52,0.69,5.1,nan,nan,nan,1.67,3.56,18.81,8.44,0.91,31.24,16.59
design_3214,0.42,0.64,4.44,nan,nan,nan,1.46,3.1,20.06,8.98,0.91,9.99,7.81
design_3215,0.46,0.6,4.44,nan,nan,nan,1.46,3.1,19.55,8.74,0.91,13.86,12.91
design_3216,0.63,0.58,1.01,nan,nan,nan,0.51,0.82,16.4,7.37,0.91,6.76,7.17
design_3217,0.89,0.46,0.77,nan,nan,nan,0.52,0.75,4.38,2.37,0.91,2.96,1.56
design_3218,0.73,0.34,1.93,nan,nan,nan,0.75,1.38,4.01,2.21,0.92,4.1,1.74
design_3219,1.37,0.6,0.9,nan,nan,nan,0.63,1.0,4.32,2.33,0.92,4.38,2.26
design_3220,0.78,0.53,1.61,nan,nan,nan,0.65,1.2,16.64,7.45,0.91,17.17,13.84
design_3221,0.84,0.48,0.8,nan,nan,nan,0.49,0.75,17.13,7.64,0.92,5.49,6.76
design_3222,1.11,0.5,0.81,nan,nan,nan,0.57,0.85,3.99,2.21,0.92,3.87,1.95
design_3223,1.24,0.65,0.77,nan,nan,nan,0.59,0.91,9.5,4.48,0.91,4.36,2.15
design_3224,1.01,0.91,2.07,nan,nan,nan,0.74,1.45,17.59,7.72,0.92,8.37,7.39
design_3225,0.73,0.82,2.51,nan,nan,nan,0.84,1.61,17.96,7.87,0.92,18.56,14.94
design_3226,0.81,0.71,0.58,nan,nan,nan,0.46,0.71,18.55,8.11,0.92,22.55,18.42
design_3227,0.77,0.78,2.81,nan,nan,nan,0.92,1.78,17.55,7.68,0.92,18.15,11.51
design_3228,0.84,0.91,2.18,nan,nan,nan,0.76,1.47,17.79,7.81,0.92,13.81,12.65
design_3229,0.91,0.75,2.06,nan,nan,nan,0.75,1.39,18.06,7.92,0.92,20.53,16.18
design_3230,0.79,0.68,0.69,nan,nan,nan,0.49,0.72,18.19,7.97,0.92,15.93,9.67
design_3231,1.03,0.68,2.16,nan,nan,nan,0.77,1.46,17.27,7.6,0.92,15.26,13.29
design_3232,0.85,0.63,1.95,nan,nan,nan,0.69,1.37,18.38,8.12,0.92,24.31,16.86
design_3233,0.51,0.87,3.01,nan,nan,nan,0.94,2.0,17.16,7.64,0.91,20.61,13.05
design_3234,0.65,0.74,1.53,nan,nan,nan,0.6,1.12,18.9,8.34,0.92,12.82,12.42
design_3235,0.74,0.82,2.12,nan,nan,nan,0.73,1.48,19.0,8.44,0.9,26.94,14.74
design_3236,0.6,1.07,2.17,nan,nan,nan,0.76,1.53,18.06,7.98,0.92,22.79,18.43
design_3237,0.54,1.14,1.6,nan,nan,nan,0.63,1.23,17.71,7.91,0.9,29.16,12.17
design_3238,0.57,0.72,1.07,nan,nan,nan,0.52,0.85,18.56,8.22,0.91,16.52,10.05
design_3239,0.74,0.59,0.89,nan,nan,nan,0.47,0.77,18.22,8.08,0.91,18.16,15.08
design_3240,0.61,0.37,1.48,nan,nan,nan,0.59,1.0,16.51,7.29,0.92,25.39,19.55
design_3241,0.63,0.46,1.41,nan,nan,nan,0.56,0.97,17.44,7.7,0.91,25.91,18.81
design_3242,0.75,0.38,1.47,nan,nan,nan,0.59,1.03,16.37,7.26,0.92,26.75,18.08
design_3243,0.65,0.47,1.73,nan,nan,nan,0.63,1.16,17.94,7.91,0.92,28.96,17.36
design_3244,0.87,0.49,1.44,nan,nan,nan,0.59,1.05,17.75,7.83,0.92,26.75,17.79
design_3245,0.52,0.34,1.28,nan,nan,nan,0.52,0.86,17.62,7.77,0.92,25.73,19.26
design_3246,0.95,0.63,1.39,nan,nan,nan,0.61,1.07,17.76,7.85,0.91,25.65,17.73
design_3247,0.56,0.51,1.94,nan,nan,nan,0.68,1.27,18.7,8.22,0.92,23.99,16.37
design_3248,0.85,0.38,2.39,nan,nan,nan,0.92,1.73,14.67,6.72,0.9,26.54,17.76
design_3249,0.91,0.31,1.98,nan,nan,nan,0.79,1.47,17.91,8.06,0.9,24.22,19.51
design_3250,0.79,0.38,2.19,nan,nan,nan,0.85,1.58,15.53,7.08,0.9,26.33,17.88
design_3251,1.0,0.72,1.55,nan,nan,nan,0.71,1.25,14.64,6.62,0.91,24.27,19.83
design_3252,0.65,0.31,0.99,nan,nan,nan,0.55,0.78,13.95,6.4,0.9,24.98,18.81
design_3253,0.84,0.31,1.7,nan,nan,nan,0.76,1.27,7.52,3.73,0.9,24.06,20.09
design_3254,0.78,0.34,2.17,nan,nan,nan,0.83,1.56,18.26,8.2,0.9,26.07,19.12
design_3255,0.96,0.35,1.87,nan,nan,nan,0.8,1.4,15.78,7.17,0.9,23.76,19.66
design_3256,0.93,0.32,1.62,nan,nan,nan,0.72,1.25,16.9,7.57,0.92,23.06,22.87
design_3257,0.69,0.75,0.67,nan,nan,nan,0.48,0.7,17.3,7.74,0.92,20.16,20.01
design_3258,0.92,0.58,0.69,nan,nan,nan,0.52,0.74,17.81,7.96,0.92,22.79,23.88
design_3259,0.71,0.64,0.67,nan,nan,nan,0.49,0.67,16.27,7.33,0.92,8.75,7.71
design_3260,0.74,0.71,0.66,nan,nan,nan,0.47,0.7,16.57,7.44,0.92,20.17,18.47
design_3261,0.71,0.62,0.72,nan,nan,nan,0.48,0.69,17.1,7.67,0.92,19.77,20.57
design_3262,0.66,0.64,0.64,nan,nan,nan,0.49,0.65,15.3,6.91,0.92,5.29,3.75
design_3263,0.67,0.65,0.75,nan,nan,nan,0.49,0.71,16.52,7.42,0.92,21.56,21.8
design_3264,0.84,0.66,1.45,nan,nan,nan,0.6,1.08,17.65,7.77,0.92,11.73,12.52
design_3265,0.67,0.83,1.59,nan,nan,nan,0.62,1.15,17.2,7.58,0.92,19.03,16.03
design_3266,0.77,0.57,1.45,nan,nan,nan,0.59,1.05,16.71,7.38,0.92,17.74,13.61
design_3267,0.7,0.87,1.48,nan,nan,nan,0.59,1.1,17.87,7.88,0.92,30.47,16.15
design_3268,0.93,0.52,1.42,nan,nan,nan,0.6,1.06,17.23,7.6,0.92,11.52,12.55
design_3269,0.98,0.61,1.6,nan,nan,nan,0.62,1.18,18.02,7.97,0.91,20.3,13.73
design_3270,0.7,0.83,1.66,nan,nan,nan,0.63,1.19,16.96,7.47,0.92,19.48,16.53
design_3271,0.84,0.54,1.98,nan,nan,nan,0.67,1.35,18.17,8.02,0.91,25.42,15.14
design_3272,0.69,0.91,1.0,nan,nan,nan,0.57,0.9,17.24,7.67,0.92,21.13,19.17
design_3273,0.78,0.87,1.02,nan,nan,nan,0.57,0.92,17.29,7.69,0.92,22.71,19.62
design_3274,1.53,0.57,0.83,nan,nan,nan,0.59,1.04,17.14,7.62,0.92,20.0,19.02
design_3275,0.82,0.76,0.87,nan,nan,nan,0.53,0.83,17.46,7.79,0.91,15.2,16.24
design_3276,1.56,0.53,0.83,nan,nan,nan,0.59,1.05,17.58,7.8,0.92,22.84,19.2
design_3277,1.63,0.63,0.53,nan,nan,nan,0.6,1.0,15.2,6.81,0.92,11.94,12.17
design_3278,1.62,0.53,0.83,nan,nan,nan,0.61,1.07,16.05,7.17,0.92,22.49,20.19
design_3279,1.56,0.5,0.79,nan,nan,nan,0.59,1.03,17.29,7.69,0.92,21.63,18.73
design_3280,0.52,0.69,1.02,nan,nan,nan,0.49,0.81,17.85,7.98,0.91,27.14,16.84
design_3281,0.47,0.67,0.82,nan,nan,nan,0.46,0.69,18.37,8.14,0.92,23.97,14.04
design_3282,0.63,0.53,3.75,nan,nan,nan,1.17,2.51,18.24,8.13,0.91,10.38,11.09
design_3283,0.82,3.0,4.06,nan,nan,nan,1.43,3.12,17.88,7.99,0.9,21.51,13.71
design_3284,1.07,0.57,3.55,nan,nan,nan,1.13,2.43,17.47,7.82,0.9,13.2,10.68
design_3285,0.5,0.57,0.79,nan,nan,nan,0.46,0.66,17.13,7.65,0.91,14.95,10.13
design_3286,0.4,0.66,1.14,nan,nan,nan,0.51,0.86,18.14,8.08,0.91,24.69,19.39
design_3287,0.53,0.51,3.43,nan,nan,nan,1.07,2.29,18.39,8.21,0.91,21.63,12.29
design_3288,0.69,0.91,0.75,nan,nan,nan,0.5,0.77,3.63,2.08,0.92,1.6,1.03
design_3289,0.87,0.56,1.59,nan,nan,nan,0.69,1.24,3.86,2.16,0.92,1.98,1.49
design_3290,0.76,0.7,1.41,nan,nan,nan,0.63,1.12,13.09,6.04,0.9,3.99,5.7
design_3291,0.81,0.61,1.51,nan,nan,nan,0.67,1.19,3.36,1.96,0.92,1.61,1.37
design_3292,0.67,0.35,1.51,nan,nan,nan,0.64,1.14,3.53,2.02,0.92,2.11,1.79
design_3293,0.65,0.55,1.44,nan,nan,nan,0.66,1.1,3.33,1.94,0.92,1.59,1.42
design_3294,0.86,0.49,1.52,nan,nan,nan,0.67,1.19,3.36,1.97,0.92,1.77,1.34
design_3295,0.75,0.5,1.41,nan,nan,nan,0.64,1.1,3.24,1.91,0.92,1.54,1.34
design_3296,0.57,0.53,1.03,nan,nan,nan,0.46,0.75,19.4,8.46,0.92,29.47,21.43
design_3297,1.02,0.88,1.91,nan,nan,nan,0.71,1.37,19.82,8.63,0.92,34.84,18.79
design_3298,0.96,0.88,1.97,nan,nan,nan,0.71,1.38,19.34,8.43,0.92,25.53,14.71
design_3299,1.03,0.87,1.92,nan,nan,nan,0.71,1.37,18.42,8.05,0.92,37.75,28.11
design_3300,0.7,0.54,0.72,nan,nan,nan,0.47,0.66,19.02,8.31,0.92,15.71,12.9
design_3301,0.9,0.47,1.43,nan,nan,nan,0.56,1.03,19.06,8.31,0.92,24.25,19.46
design_3302,0.86,0.58,1.21,nan,nan,nan,0.52,0.93,17.65,7.77,0.91,49.68,35.11
design_3303,0.97,1.18,1.78,nan,nan,nan,0.7,1.36,7.23,3.48,0.91,50.8,36.68
design_3304,0.79,0.55,4.3,nan,nan,nan,1.43,3.02,16.18,7.36,0.9,10.02,7.92
design_3305,0.66,0.73,6.06,nan,nan,nan,1.97,4.23,17.98,8.1,0.9,14.36,12.2
design_3306,1.14,0.61,6.25,nan,nan,nan,2.03,4.38,16.98,7.6,0.92,12.9,13.94
design_3307,0.74,0.48,4.36,nan,nan,nan,1.44,3.06,16.82,7.63,0.9,17.59,15.81
design_3308,0.73,0.42,3.94,nan,nan,nan,1.31,2.76,11.0,5.19,0.9,17.66,15.78
design_3309,0.85,0.45,4.38,nan,nan,nan,1.49,3.08,11.11,5.25,0.9,19.77,17.73
design_3310,0.86,0.5,5.89,nan,nan,nan,1.92,4.11,18.0,8.06,0.91,16.21,13.62
design_3311,0.94,0.54,5.97,nan,nan,nan,1.95,4.18,17.23,7.71,0.91,15.33,13.83
design_3312,0.68,0.47,2.44,nan,nan,nan,0.84,1.71,15.15,6.83,0.91,3.94,3.04
design_3313,0.63,0.36,2.3,nan,nan,nan,0.81,1.6,17.25,7.67,0.92,14.43,9.21
design_3314,0.65,0.49,2.16,nan,nan,nan,0.78,1.53,17.05,7.6,0.92,13.62,10.36
design_3315,0.65,0.38,2.33,nan,nan,nan,0.82,1.62,17.25,7.67,0.92,6.93,7.32
design_3316,0.65,0.5,2.87,nan,nan,nan,0.97,1.99,16.56,7.4,0.92,22.95,19.19
design_3317,0.68,0.38,2.44,nan,nan,nan,0.85,1.7,5.91,2.99,0.91,1.89,1.94
design_3318,0.69,0.44,2.17,nan,nan,nan,0.79,1.53,15.8,7.09,0.91,4.05,3.73
design_3319,0.62,0.37,2.21,nan,nan,nan,0.79,1.54,17.2,7.67,0.92,2.66,2.53
design_3320,0.79,0.46,3.97,nan,nan,nan,1.33,2.79,18.54,8.33,0.91,16.73,14.09
design_3321,0.78,0.35,3.06,nan,nan,nan,1.08,2.17,19.12,8.57,0.91,23.04,17.71
design_3322,0.7,0.52,2.93,nan,nan,nan,1.03,2.08,17.8,8.0,0.91,20.72,16.49
design_3323,0.9,0.54,5.46,nan,nan,nan,1.79,3.82,19.67,8.82,0.91,18.81,13.91
design_3324,0.81,0.43,5.02,nan,nan,nan,1.67,3.51,19.3,8.66,0.91,22.61,15.43
design_3325,0.88,0.48,3.59,nan,nan,nan,1.23,2.54,17.11,7.76,0.9,16.49,14.24
design_3326,1.02,0.54,4.84,nan,nan,nan,1.61,3.4,18.07,8.15,0.91,22.23,17.59
design_3327,0.6,0.62,3.62,nan,nan,nan,1.24,2.54,17.96,8.11,0.9,21.37,17.01
design_3328,0.86,0.8,0.67,nan,nan,nan,0.49,0.76,12.01,5.55,0.91,5.08,4.96
design_3329,0.49,0.71,0.66,nan,nan,nan,0.46,0.63,4.44,2.4,0.92,1.73,1.97
design_3330,0.46,0.76,0.62,nan,nan,nan,0.45,0.62,5.37,2.78,0.91,2.17,2.53
design_3331,0.6,0.78,0.67,nan,nan,nan,0.47,0.68,11.36,5.29,0.91,18.95,14.18
design_3332,0.56,0.71,0.7,nan,nan,nan,0.48,0.67,17.41,7.83,0.92,11.71,11.04
design_3333,0.45,0.76,0.6,nan,nan,nan,0.42,0.61,4.85,2.59,0.91,2.66,2.25
design_3334,0.57,0.78,0.69,nan,nan,nan,0.46,0.68,13.75,6.29,0.91,18.07,16.39
design_3335,0.45,0.69,0.57,nan,nan,nan,0.42,0.57,3.4,1.95,0.92,1.59,1.65
design_3336,1.2,0.4,1.31,nan,nan,nan,0.64,1.13,16.59,7.45,0.91,14.98,8.77
design_3337,1.3,0.44,1.67,nan,nan,nan,0.75,1.36,14.04,6.39,0.9,19.43,20.65
design_3338,1.12,0.47,1.79,nan,nan,nan,0.75,1.39,17.78,7.96,0.91,22.12,21.91
design_3339,1.14,0.22,1.17,nan,nan,nan,0.63,1.02,16.34,7.33,0.92,21.26,21.75
design_3340,1.01,0.28,1.5,nan,nan,nan,0.7,1.17,16.8,7.55,0.91,21.03,20.79
design_3341,0.87,0.32,1.22,nan,nan,nan,0.59,0.97,16.13,7.27,0.91,21.49,20.42
design_3342,1.01,0.26,1.25,nan,nan,nan,0.64,1.03,17.42,7.8,0.91,22.12,19.32
design_3343,0.79,0.29,1.45,nan,nan,nan,0.61,1.1,15.12,6.84,0.91,20.92,22.06
design_3344,0.49,0.81,1.35,nan,nan,nan,0.54,0.98,18.61,8.19,0.92,24.82,18.39
design_3345,0.53,0.74,1.67,nan,nan,nan,0.63,1.14,17.54,7.75,0.91,28.1,18.5
design_3346,0.51,0.91,1.47,nan,nan,nan,0.58,1.07,18.3,8.05,0.92,26.97,18.22
design_3347,0.91,0.81,1.18,nan,nan,nan,0.56,1.0,17.86,7.88,0.91,25.16,19.44
design_3348,0.51,0.65,1.18,nan,nan,nan,0.51,0.86,18.28,8.06,0.91,24.35,18.4
design_3349,0.56,0.78,1.27,nan,nan,nan,0.55,0.94,18.02,7.95,0.91,24.62,19.98
design_3350,0.85,0.85,1.49,nan,nan,nan,0.61,1.14,18.56,8.17,0.91,25.05,20.1
design_3351,0.92,0.64,1.14,nan,nan,nan,0.55,0.95,17.79,7.85,0.91,27.06,18.42
design_3352,0.94,0.3,0.97,nan,nan,nan,0.56,0.85,17.76,7.98,0.91,18.18,17.38
design_3353,1.33,0.4,1.05,nan,nan,nan,0.64,1.03,18.13,8.12,0.91,10.59,6.16
design_3354,0.94,0.35,1.17,nan,nan,nan,0.59,0.97,17.56,7.9,0.91,17.49,15.35
design_3355,0.73,0.35,1.41,nan,nan,nan,0.65,1.07,14.74,6.73,0.9,16.92,14.54
design_3356,0.94,0.41,1.17,nan,nan,nan,0.6,0.97,18.85,8.43,0.91,12.46,8.49
design_3357,0.51,0.46,1.55,nan,nan,nan,0.66,1.13,16.26,7.34,0.91,20.44,17.05
design_3358,0.63,0.47,1.95,nan,nan,nan,0.78,1.41,17.77,7.98,0.91,16.34,15.76
design_3359,0.96,0.32,1.16,nan,nan,nan,0.62,0.97,17.79,7.98,0.91,19.83,18.9
design_3360,1.01,0.35,1.47,nan,nan,nan,0.64,1.15,17.11,7.64,0.91,23.65,21.03
design_3361,0.89,0.38,2.22,nan,nan,nan,0.82,1.59,16.84,7.57,0.91,25.83,18.71
design_3362,0.62,0.2,1.64,nan,nan,nan,0.66,1.16,7.96,3.88,0.9,25.42,20.19
design_3363,0.51,0.2,1.89,nan,nan,nan,0.72,1.31,8.15,3.93,0.91,25.48,19.45
design_3364,0.53,0.48,3.84,nan,nan,nan,1.24,2.63,17.15,7.74,0.9,25.09,18.39
design_3365,0.95,0.32,1.62,nan,nan,nan,0.7,1.22,14.36,6.5,0.91,22.24,19.44
design_3366,1.05,0.35,1.83,nan,nan,nan,0.75,1.37,9.15,4.34,0.91,25.24,19.82
design_3367,0.91,0.43,1.83,nan,nan,nan,0.72,1.35,16.79,7.51,0.92,24.21,18.53
design_3368,0.63,0.55,0.93,nan,nan,nan,0.52,0.78,16.5,7.46,0.91,17.91,16.13
design_3369,0.72,0.54,1.71,nan,nan,nan,0.73,1.29,3.73,2.12,0.92,2.0,1.55
design_3370,0.6,0.48,0.97,nan,nan,nan,0.53,0.79,3.5,2.02,0.92,3.05,1.57
design_3371,0.55,0.58,1.19,nan,nan,nan,0.57,0.93,16.52,7.47,0.91,5.42,5.52
design_3372,0.65,0.36,1.36,nan,nan,nan,0.6,1.03,4.34,2.38,0.92,20.98,19.35
design_3373,0.64,0.51,0.84,nan,nan,nan,0.51,0.72,5.4,2.83,0.91,3.2,1.65
design_3374,0.6,0.41,1.61,nan,nan,nan,0.66,1.2,3.53,2.04,0.92,2.69,1.64
design_3375,0.53,0.54,0.96,nan,nan,nan,0.53,0.78,11.6,5.41,0.9,20.68,18.71
design_3376,0.71,1.13,0.51,nan,nan,nan,0.53,0.75,4.66,2.47,0.92,1.31,0.74
design_3377,0.5,1.15,0.56,nan,nan,nan,0.48,0.73,3.64,2.06,0.92,1.38,1.22
design_3378,0.38,1.27,0.57,nan,nan,nan,0.48,0.75,3.76,2.11,0.92,1.48,1.28
design_3379,0.45,1.21,0.78,nan,nan,nan,0.56,0.84,7.88,3.84,0.91,15.04,14.27
design_3380,0.74,1.17,0.51,nan,nan,nan,0.52,0.77,5.34,2.76,0.91,1.53,1.4
design_3381,0.69,1.2,0.57,nan,nan,nan,0.53,0.79,4.57,2.44,0.92,2.26,2.06
design_3382,0.45,1.03,0.72,nan,nan,nan,0.51,0.75,4.4,2.37,0.92,1.73,1.15
design_3383,0.29,1.26,0.56,nan,nan,nan,0.47,0.74,3.42,1.96,0.92,1.53,1.41
design_3384,0.92,0.79,1.72,nan,nan,nan,0.6,1.17,19.32,8.42,0.91,3.29,4.42
design_3385,1.01,0.63,1.24,nan,nan,nan,0.58,0.98,16.87,7.41,0.91,7.36,10.36
design_3386,0.8,0.81,1.42,nan,nan,nan,0.54,1.02,16.68,7.35,0.91,3.13,4.41
design_3387,0.82,0.7,1.57,nan,nan,nan,0.58,1.05,18.57,8.12,0.91,4.89,6.89
design_3388,1.04,0.59,2.5,nan,nan,nan,0.74,1.51,20.3,8.81,0.91,46.49,35.26
design_3389,0.83,0.75,1.15,nan,nan,nan,0.52,0.91,16.37,7.21,0.91,3.84,5.33
design_3390,0.89,0.57,1.31,nan,nan,nan,0.54,0.95,23.21,10.01,0.91,34.28,18.46
design_3391,1.05,0.46,2.82,nan,nan,nan,0.78,1.65,18.0,7.9,0.91,4.77,4.81
design_3392,0.57,0.8,1.06,nan,nan,nan,0.54,0.89,16.87,7.56,0.92,10.89,12.01
design_3393,0.48,0.67,1.31,nan,nan,nan,0.59,1.01,15.56,7.03,0.92,18.42,15.65
design_3394,0.53,0.69,0.92,nan,nan,nan,0.5,0.78,17.25,7.73,0.92,17.2,14.22
design_3395,0.59,0.76,0.81,nan,nan,nan,0.48,0.74,17.65,7.89,0.92,21.65,22.29
design_3396,0.57,0.5,1.15,nan,nan,nan,0.55,0.9,15.07,6.85,0.91,13.87,13.79
design_3397,0.44,0.57,0.98,nan,nan,nan,0.5,0.78,15.21,6.88,0.92,9.9,8.88
design_3398,0.4,0.41,1.49,nan,nan,nan,0.64,1.09,15.75,7.11,0.92,10.12,10.02
design_3399,0.56,0.74,0.92,nan,nan,nan,0.5,0.8,17.83,7.98,0.92,20.9,16.8
design_3400,0.51,0.61,5.5,nan,nan,nan,1.66,3.65,17.48,7.77,0.92,16.03,12.37
design_3401,0.51,0.82,2.21,nan,nan,nan,0.77,1.54,19.33,8.6,0.91,14.04,12.67
design_3402,0.39,0.73,1.99,nan,nan,nan,0.7,1.38,18.47,8.22,0.91,21.67,16.27
design_3403,0.34,0.74,2.38,nan,nan,nan,0.79,1.63,17.12,7.69,0.9,22.23,16.16
design_3404,0.6,0.7,5.75,nan,nan,nan,1.73,3.82,17.82,7.94,0.91,15.63,13.94
design_3405,0.35,0.72,2.48,nan,nan,nan,0.83,1.69,19.62,8.71,0.91,21.97,17.21
design_3406,0.5,0.64,5.64,nan,nan,nan,1.69,3.74,17.0,7.59,0.91,16.42,14.52
design_3407,0.38,0.69,5.17,nan,nan,nan,1.56,3.43,18.37,8.18,0.91,23.69,17.23
design_3408,3.67,1.13,1.71,nan,nan,nan,1.11,2.48,17.76,7.79,0.92,22.6,16.77
design_3409,3.66,0.93,1.73,nan,nan,nan,1.08,2.45,17.92,7.89,0.91,8.55,7.88
design_3410,3.5,0.68,2.4,nan,nan,nan,1.14,2.54,16.93,7.48,0.91,22.12,19.0
design_3411,4.11,1.07,1.68,nan,nan,nan,1.18,2.69,17.34,7.65,0.91,22.29,18.73
design_3412,3.59,1.01,1.83,nan,nan,nan,1.09,2.45,17.32,7.64,0.91,21.9,18.44
design_3413,3.67,0.85,1.6,nan,nan,nan,1.08,2.41,17.41,7.68,0.91,17.75,19.37
design_3414,3.67,0.96,1.48,nan,nan,nan,1.06,2.4,17.7,7.79,0.91,6.99,8.06
design_3415,3.65,1.11,1.55,nan,nan,nan,1.07,2.42,17.6,7.77,0.91,7.8,5.85
design_3416,0.75,0.55,2.11,nan,nan,nan,0.72,1.4,19.85,8.77,0.91,16.09,15.36
design_3417,0.91,0.44,2.63,nan,nan,nan,0.84,1.72,17.38,7.72,0.91,22.66,18.71
design_3418,1.07,0.44,2.06,nan,nan,nan,0.77,1.43,19.06,8.44,0.9,6.66,8.02
design_3419,0.43,0.58,2.44,nan,nan,nan,0.77,1.56,19.46,8.57,0.91,22.48,19.81
design_3420,0.54,0.52,2.32,nan,nan,nan,0.74,1.49,18.91,8.34,0.91,23.35,20.32
design_3421,0.48,0.6,1.6,nan,nan,nan,0.61,1.08,19.29,8.51,0.91,19.76,16.03
design_3422,0.48,0.35,4.82,nan,nan,nan,1.35,3.0,18.32,8.13,0.9,18.42,17.96
design_3423,1.07,0.26,3.7,nan,nan,nan,1.09,2.37,18.73,8.31,0.9,16.64,16.48
design_3424,1.26,1.0,2.08,nan,nan,nan,0.75,1.51,17.54,7.69,0.91,14.84,14.38
design_3425,0.92,0.92,0.97,nan,nan,nan,0.52,0.94,18.02,7.87,0.92,17.75,14.2
design_3426,1.18,0.97,2.61,nan,nan,nan,0.81,1.72,17.32,7.58,0.92,21.46,14.69
design_3427,0.85,0.68,0.57,nan,nan,nan,0.46,0.72,17.75,7.75,0.92,13.34,13.45
design_3428,1.14,1.09,2.67,nan,nan,nan,0.83,1.76,17.29,7.56,0.92,12.61,13.47
design_3429,0.77,0.79,0.49,nan,nan,nan,0.45,0.7,17.51,7.65,0.92,23.12,21.73
design_3430,0.96,0.59,0.59,nan,nan,nan,0.46,0.75,17.62,7.69,0.92,14.4,14.48
design_3431,0.93,0.66,0.79,nan,nan,nan,0.48,0.81,17.31,7.56,0.92,22.88,16.76
design_3432,0.98,0.81,0.75,nan,nan,nan,0.53,0.84,14.86,6.63,0.92,26.37,15.88
design_3433,1.04,0.83,0.78,nan,nan,nan,0.53,0.88,15.97,7.11,0.92,27.84,15.1
design_3434,1.11,0.67,0.75,nan,nan,nan,0.55,0.86,15.24,6.79,0.92,27.3,15.29
design_3435,0.98,0.73,0.71,nan,nan,nan,0.54,0.81,14.75,6.59,0.92,25.7,16.08
design_3436,0.87,0.77,0.98,nan,nan,nan,0.55,0.89,15.64,6.96,0.92,25.63,16.23
design_3437,1.07,0.61,0.86,nan,nan,nan,0.54,0.88,17.38,7.7,0.91,26.07,15.11
design_3438,0.99,0.78,0.81,nan,nan,nan,0.53,0.86,16.6,7.37,0.91,27.75,14.83
design_3439,0.97,0.91,0.99,nan,nan,nan,0.56,0.96,16.71,7.43,0.91,27.31,15.58
design_3440,0.88,0.46,1.37,nan,nan,nan,0.6,1.03,16.68,7.4,0.92,24.29,17.86
design_3441,0.97,0.56,1.4,nan,nan,nan,0.6,1.09,16.9,7.47,0.92,26.11,18.06
design_3442,0.74,0.47,1.13,nan,nan,nan,0.52,0.87,17.29,7.67,0.92,26.72,14.96
design_3443,0.72,0.54,1.63,nan,nan,nan,0.63,1.16,17.13,7.58,0.92,22.24,12.83
design_3444,0.74,0.33,0.77,nan,nan,nan,0.47,0.67,15.19,6.77,0.92,26.2,16.22
design_3445,0.68,0.34,0.96,nan,nan,nan,0.49,0.74,15.93,7.08,0.92,27.05,15.64
design_3446,1.02,0.44,0.81,nan,nan,nan,0.53,0.81,15.8,7.03,0.92,24.41,17.55
design_3447,0.67,0.29,0.81,nan,nan,nan,0.45,0.66,15.39,6.86,0.92,27.25,15.31
design_3448,0.95,0.38,1.95,nan,nan,nan,0.6,1.2,19.17,8.35,0.91,20.48,12.57
design_3449,0.92,0.35,2.78,nan,nan,nan,0.74,1.58,18.24,7.99,0.91,15.09,16.33
design_3450,0.91,0.36,1.8,nan,nan,nan,0.58,1.12,17.21,7.55,0.91,12.51,12.48
design_3451,0.84,0.47,2.0,nan,nan,nan,0.59,1.21,20.04,8.69,0.91,28.47,24.97
design_3452,0.47,0.39,1.6,nan,nan,nan,0.53,0.92,17.46,7.64,0.91,15.16,13.15
design_3453,0.74,0.31,1.24,nan,nan,nan,0.48,0.82,17.99,7.85,0.91,21.05,18.41
design_3454,0.95,0.42,1.65,nan,nan,nan,0.58,1.08,16.66,7.31,0.91,17.24,13.58
design_3455,0.99,0.31,2.03,nan,nan,nan,0.62,1.25,17.18,7.55,0.91,16.44,14.25
design_3456,0.77,0.57,1.2,nan,nan,nan,0.53,0.94,17.11,7.61,0.92,6.08,6.24
design_3457,0.57,0.74,1.4,nan,nan,nan,0.59,1.04,16.99,7.57,0.92,13.72,9.96
design_3458,0.77,0.69,1.27,nan,nan,nan,0.55,1.0,17.99,7.98,0.91,11.16,7.74
design_3459,0.63,0.61,1.15,nan,nan,nan,0.52,0.89,17.36,7.72,0.91,10.11,5.62
design_3460,0.85,0.7,1.39,nan,nan,nan,0.57,1.09,17.24,7.66,0.92,8.22,4.7
design_3461,0.9,0.48,1.04,nan,nan,nan,0.51,0.88,17.99,7.99,0.91,27.55,16.34
design_3462,0.71,0.79,1.36,nan,nan,nan,0.56,1.06,17.79,7.9,0.92,13.45,10.9
design_3463,0.73,0.53,1.31,nan,nan,nan,0.56,0.99,17.74,7.88,0.92,9.42,5.77
design_3464,0.55,0.52,0.95,nan,nan,nan,0.53,0.76,16.1,7.29,0.91,22.39,17.45
design_3465,0.62,0.63,1.11,nan,nan,nan,0.56,0.89,19.62,8.75,0.9,21.16,16.53
design_3466,0.76,0.45,1.08,nan,nan,nan,0.57,0.88,17.89,8.04,0.91,9.47,11.27
design_3467,0.69,0.47,0.94,nan,nan,nan,0.53,0.78,12.9,5.95,0.9,22.33,17.88
design_3468,0.72,0.53,0.98,nan,nan,nan,0.56,0.82,13.93,6.42,0.89,22.72,17.59
design_3469,0.67,0.64,0.93,nan,nan,nan,0.53,0.8,18.3,8.21,0.91,20.19,13.45
design_3470,0.71,0.58,1.07,nan,nan,nan,0.55,0.88,18.73,8.39,0.91,12.04,13.1
design_3471,0.57,0.57,1.88,nan,nan,nan,0.72,1.37,17.88,8.06,0.9,10.37,9.04
design_3472,0.64,0.75,0.99,nan,nan,nan,0.49,0.83,16.49,7.31,0.92,23.62,16.73
design_3473,0.54,0.72,1.48,nan,nan,nan,0.58,1.06,16.72,7.45,0.91,10.68,7.47
design_3474,0.48,0.48,0.91,nan,nan,nan,0.46,0.69,17.27,7.63,0.92,17.38,8.61
design_3475,0.69,0.58,0.92,nan,nan,nan,0.49,0.77,15.36,6.84,0.92,24.92,15.79
design_3476,0.62,0.57,0.99,nan,nan,nan,0.49,0.78,15.89,7.06,0.92,25.33,16.39
design_3477,0.57,0.6,0.96,nan,nan,nan,0.49,0.76,17.33,7.66,0.92,17.22,12.77
design_3478,0.56,0.69,0.98,nan,nan,nan,0.49,0.79,17.36,7.67,0.92,23.74,19.68
design_3479,0.61,0.57,0.99,nan,nan,nan,0.5,0.78,16.69,7.4,0.92,20.58,11.79
design_3480,0.42,1.15,2.24,nan,nan,nan,0.79,1.61,17.85,7.95,0.91,14.84,6.83
design_3481,0.43,1.05,3.07,nan,nan,nan,0.98,2.11,17.24,7.71,0.9,12.05,9.8
design_3482,0.63,1.05,2.12,nan,nan,nan,0.75,1.53,19.01,8.45,0.91,24.07,21.64
design_3483,0.49,0.62,3.25,nan,nan,nan,1.02,2.18,17.92,7.99,0.91,6.35,6.62
design_3484,0.49,1.04,3.1,nan,nan,nan,1.0,2.13,17.52,7.8,0.91,13.95,11.3
design_3485,0.5,1.07,2.48,nan,nan,nan,0.84,1.75,18.06,8.06,0.9,22.89,16.14
design_3486,0.46,1.0,2.07,nan,nan,nan,0.74,1.48,19.17,8.52,0.91,23.83,18.59
design_3487,0.44,0.88,2.13,nan,nan,nan,0.74,1.5,19.27,8.57,0.91,18.91,18.49
design_3488,0.97,0.53,0.63,nan,nan,nan,0.49,0.75,17.17,7.52,0.92,13.15,12.31
design_3489,1.05,0.56,0.77,nan,nan,nan,0.49,0.83,18.01,7.87,0.92,17.18,13.51
design_3490,1.1,0.47,0.64,nan,nan,nan,0.56,0.8,17.29,7.56,0.92,14.17,14.49
design_3491,1.22,0.42,0.71,nan,nan,nan,0.54,0.88,17.28,7.56,0.92,14.02,15.99
design_3492,0.88,0.58,0.7,nan,nan,nan,0.47,0.74,17.65,7.71,0.92,16.28,18.07
design_3493,0.98,0.44,0.79,nan,nan,nan,0.49,0.78,17.38,7.6,0.92,15.86,14.29
design_3494,1.14,0.58,0.96,nan,nan,nan,0.53,0.94,17.44,7.63,0.92,15.88,11.82
design_3495,1.42,0.83,0.32,nan,nan,nan,0.6,0.99,16.76,7.35,0.92,14.57,17.33
design_3496,0.93,1.13,0.48,nan,nan,nan,0.52,0.89,17.2,7.52,0.92,13.3,15.6
design_3497,1.07,0.82,0.43,nan,nan,nan,0.54,0.83,16.98,7.43,0.92,13.93,16.05
design_3498,0.86,1.09,0.44,nan,nan,nan,0.51,0.84,17.28,7.55,0.92,20.59,16.65
design_3499,1.02,0.7,0.49,nan,nan,nan,0.51,0.79,16.88,7.4,0.92,14.33,15.34
design_3500,1.02,0.51,0.51,nan,nan,nan,0.5,0.74,17.33,7.57,0.92,19.31,18.01
design_3501,1.07,0.95,0.4,nan,nan,nan,0.53,0.87,17.68,7.72,0.92,16.81,17.01
design_3502,0.88,0.54,0.5,nan,nan,nan,0.49,0.67,17.32,7.57,0.92,19.58,15.96
design_3503,1.2,0.92,0.39,nan,nan,nan,0.55,0.92,17.18,7.51,0.92,15.57,16.6
design_3504,0.91,0.84,2.11,nan,nan,nan,0.75,1.44,17.25,7.58,0.92,15.67,13.05
design_3505,0.97,0.75,2.38,nan,nan,nan,0.82,1.57,17.44,7.64,0.92,22.51,17.93
design_3506,0.93,0.53,0.7,nan,nan,nan,0.48,0.75,17.99,7.88,0.92,15.88,16.49
design_3507,0.82,0.57,0.43,nan,nan,nan,0.48,0.63,17.53,7.7,0.92,21.6,18.22
design_3508,0.92,0.88,1.98,nan,nan,nan,0.71,1.38,17.68,7.75,0.92,22.03,17.79
design_3509,0.88,0.57,0.48,nan,nan,nan,0.48,0.67,17.99,7.88,0.92,19.99,15.1
design_3510,0.92,0.73,1.56,nan,nan,nan,0.61,1.14,18.13,7.95,0.92,24.14,16.69
design_3511,0.86,0.62,1.52,nan,nan,nan,0.62,1.09,17.7,7.77,0.92,25.88,16.35
design_3512,1.14,0.87,1.49,nan,nan,nan,0.77,1.22,10.59,4.95,0.89,22.6,15.05
design_3513,0.95,1.04,1.4,nan,nan,nan,0.64,1.16,14.8,6.66,0.9,22.05,17.85
design_3514,1.09,0.95,1.74,nan,nan,nan,0.71,1.34,16.55,7.41,0.9,19.59,20.38
design_3515,1.19,0.84,1.86,nan,nan,nan,0.76,1.41,16.71,7.47,0.9,5.81,7.4
design_3516,1.05,0.78,2.52,nan,nan,nan,0.89,1.72,17.87,7.94,0.9,16.38,13.19
design_3517,1.08,0.77,2.71,nan,nan,nan,0.9,1.83,16.96,7.56,0.9,4.09,6.1
design_3518,1.27,0.76,1.89,nan,nan,nan,0.79,1.44,15.73,7.08,0.89,21.54,18.37
design_3519,1.22,0.94,1.32,nan,nan,nan,0.65,1.19,15.93,7.12,0.9,20.12,18.51
design_3520,0.61,1.13,1.52,nan,nan,nan,0.67,1.23,17.29,7.72,0.92,8.24,7.94
design_3521,0.64,0.99,5.5,nan,nan,nan,1.8,3.85,17.16,7.7,0.92,11.66,11.74
design_3522,0.52,1.08,1.17,nan,nan,nan,0.59,1.0,17.6,7.91,0.91,9.57,9.8
design_3523,0.8,1.03,1.15,nan,nan,nan,0.6,1.03,16.35,7.35,0.92,13.2,15.0
design_3524,0.7,1.0,1.51,nan,nan,nan,0.67,1.21,17.66,7.88,0.92,16.31,14.86
design_3525,0.73,1.12,1.3,nan,nan,nan,0.65,1.12,18.23,8.16,0.92,23.26,18.02
design_3526,0.61,1.04,5.83,nan,nan,nan,1.9,4.08,17.92,8.03,0.92,13.64,13.31
design_3527,0.91,1.03,1.18,nan,nan,nan,0.62,1.08,17.1,7.67,0.91,4.1,5.28
design_3528,1.66,0.58,1.94,nan,nan,nan,0.73,1.49,17.43,7.67,0.91,17.98,15.87
design_3529,1.77,0.54,1.93,nan,nan,nan,0.75,1.53,18.21,7.99,0.9,17.74,16.4
design_3530,1.71,0.66,2.26,nan,nan,nan,0.78,1.64,17.75,7.8,0.91,19.03,17.95
design_3531,0.93,0.83,1.28,nan,nan,nan,0.58,1.01,16.47,7.24,0.91,14.66,6.09
design_3532,0.92,0.73,1.65,nan,nan,nan,0.62,1.13,17.96,7.86,0.91,16.92,15.98
design_3533,1.2,0.68,2.9,nan,nan,nan,0.78,1.75,18.51,8.1,0.91,19.16,19.83
design_3534,1.88,0.46,3.53,nan,nan,nan,0.99,2.22,18.69,8.18,0.91,19.96,20.19
design_3535,1.96,0.69,2.42,nan,nan,nan,0.87,1.81,18.1,7.93,0.91,18.35,17.61
design_3536,0.97,0.54,1.21,nan,nan,nan,0.58,0.98,16.93,7.53,0.91,17.51,10.27
design_3537,1.03,0.48,1.4,nan,nan,nan,0.61,1.1,18.18,8.02,0.92,19.29,12.23
design_3538,0.98,0.54,0.76,nan,nan,nan,0.49,0.79,17.64,7.81,0.92,9.66,4.93
design_3539,1.04,0.45,0.71,nan,nan,nan,0.52,0.78,17.91,7.92,0.92,17.55,10.71
design_3540,0.92,0.5,0.97,nan,nan,nan,0.54,0.85,17.36,7.71,0.91,16.81,10.64
design_3541,0.93,0.53,1.24,nan,nan,nan,0.57,0.99,18.52,8.17,0.92,34.79,18.57
design_3542,0.62,0.53,0.83,nan,nan,nan,0.48,0.69,18.04,7.98,0.92,17.1,11.16
design_3543,1.08,0.57,1.05,nan,nan,nan,0.56,0.95,18.89,8.31,0.92,16.77,13.73
design_3544,0.78,0.38,0.89,nan,nan,nan,0.5,0.75,16.03,7.15,0.91,20.85,16.01
design_3545,1.17,0.6,1.72,nan,nan,nan,0.67,1.32,16.94,7.54,0.91,21.05,17.8
design_3546,0.43,0.36,0.97,nan,nan,nan,0.47,0.69,16.33,7.27,0.92,21.62,16.71
design_3547,0.66,0.44,0.83,nan,nan,nan,0.49,0.69,15.27,6.84,0.91,23.41,15.91
design_3548,0.7,0.34,1.97,nan,nan,nan,0.69,1.33,19.29,8.54,0.91,22.64,16.99
design_3549,0.46,0.33,1.9,nan,nan,nan,0.66,1.26,16.41,7.3,0.92,20.67,18.63
design_3550,0.8,0.43,1.9,nan,nan,nan,0.68,1.31,18.2,8.1,0.9,21.78,18.48
design_3551,0.92,0.21,1.87,nan,nan,nan,0.68,1.31,17.85,7.9,0.92,20.62,16.59
design_3552,0.58,0.82,1.36,nan,nan,nan,0.63,1.08,15.31,6.95,0.91,17.95,15.47
design_3553,0.63,0.77,0.7,nan,nan,nan,0.49,0.7,6.03,3.06,0.91,17.51,14.03
design_3554,0.55,1.03,0.58,nan,nan,nan,0.48,0.7,16.8,7.57,0.91,18.96,16.91
design_3555,0.35,0.97,0.51,nan,nan,nan,0.48,0.61,4.16,2.26,0.92,2.19,2.44
design_3556,0.46,0.94,0.7,nan,nan,nan,0.51,0.71,3.71,2.08,0.92,1.54,1.47
design_3557,0.81,0.86,1.67,nan,nan,nan,0.72,1.32,17.43,7.82,0.92,6.86,7.61
design_3558,0.4,0.91,0.89,nan,nan,nan,0.51,0.79,16.54,7.45,0.91,5.72,7.07
design_3559,0.5,0.72,1.7,nan,nan,nan,0.7,1.28,16.82,7.56,0.92,13.27,12.26
design_3560,1.23,0.58,0.65,nan,nan,nan,0.53,0.9,15.93,6.99,0.92,25.07,18.09
design_3561,0.98,0.59,0.83,nan,nan,nan,0.51,0.83,16.4,7.19,0.92,25.43,18.52
design_3562,0.86,0.55,0.84,nan,nan,nan,0.48,0.77,17.04,7.45,0.92,25.49,16.81
design_3563,1.22,0.56,0.78,nan,nan,nan,0.54,0.92,15.93,7.0,0.91,24.59,19.04
design_3564,0.83,0.62,0.59,nan,nan,nan,0.48,0.7,15.74,6.93,0.91,25.21,18.71
design_3565,0.79,0.64,0.63,nan,nan,nan,0.47,0.7,16.17,7.1,0.91,25.51,17.82
design_3566,1.0,0.59,0.68,nan,nan,nan,0.5,0.8,16.06,7.05,0.92,25.34,18.27
design_3567,0.92,0.57,0.9,nan,nan,nan,0.51,0.81,17.41,7.6,0.92,20.38,16.7
design_3568,1.12,0.27,2.83,nan,nan,nan,0.97,1.97,18.19,8.11,0.91,17.75,13.61
design_3569,1.08,0.43,3.54,nan,nan,nan,1.13,2.42,18.16,8.11,0.9,13.24,11.39
design_3570,1.21,0.32,1.81,nan,nan,nan,0.74,1.38,14.5,6.55,0.91,15.48,11.8
design_3571,1.51,1.13,3.06,nan,nan,nan,1.12,2.26,17.66,7.9,0.9,17.41,14.18
design_3572,0.97,0.57,2.28,nan,nan,nan,0.82,1.62,15.55,7.04,0.9,18.22,12.83
design_3573,0.92,0.44,4.06,nan,nan,nan,1.27,2.74,19.57,8.7,0.91,14.41,6.65
design_3574,1.42,0.79,1.6,nan,nan,nan,0.81,1.38,14.51,6.56,0.91,16.92,12.97
design_3575,1.32,0.52,3.68,nan,nan,nan,1.21,2.55,19.76,8.74,0.91,19.59,19.88
design_3576,1.2,1.1,3.34,nan,nan,nan,1.04,2.18,16.74,7.36,0.92,22.74,22.63
design_3577,1.25,1.34,2.74,nan,nan,nan,0.93,1.93,17.03,7.48,0.92,25.62,23.48
design_3578,1.05,1.2,2.46,nan,nan,nan,0.85,1.71,17.85,7.82,0.92,17.89,17.25
design_3579,0.75,1.17,3.07,nan,nan,nan,0.92,1.98,17.23,7.55,0.92,25.72,23.19
design_3580,1.33,0.88,3.37,nan,nan,nan,1.03,2.2,16.34,7.21,0.92,21.53,20.98
design_3581,1.16,1.16,2.66,nan,nan,nan,0.89,1.83,17.81,7.8,0.92,14.56,15.42
design_3582,1.21,1.12,3.25,nan,nan,nan,1.03,2.14,16.51,7.26,0.92,23.31,22.64
design_3583,1.15,1.13,3.2,nan,nan,nan,1.0,2.11,16.61,7.3,0.92,26.05,23.36
design_3584,0.95,0.64,5.92,nan,nan,nan,1.93,4.15,18.29,8.16,0.92,17.43,16.44
design_3585,0.77,0.71,4.85,nan,nan,nan,1.6,3.41,19.74,8.85,0.91,22.84,20.45
design_3586,0.84,0.73,6.57,nan,nan,nan,2.13,4.58,17.78,8.0,0.91,32.66,16.82
design_3587,0.6,0.69,4.84,nan,nan,nan,1.58,3.39,19.38,8.72,0.9,19.82,10.11
design_3588,1.02,0.7,4.22,nan,nan,nan,1.42,2.99,19.16,8.62,0.9,21.02,18.74
design_3589,0.67,0.68,5.52,nan,nan,nan,1.8,3.85,19.76,8.85,0.9,19.08,15.53
design_3590,0.96,0.72,4.46,nan,nan,nan,1.48,3.15,20.08,8.99,0.9,17.43,13.39
design_3591,0.66,0.58,5.58,nan,nan,nan,1.82,3.89,18.3,8.19,0.91,15.66,12.82
design_3592,0.89,0.88,1.08,nan,nan,nan,0.61,0.98,4.39,2.38,0.91,2.05,1.53
design_3593,1.1,0.84,1.26,nan,nan,nan,0.66,1.12,4.15,2.27,0.92,1.62,1.42
design_3594,0.83,0.77,0.75,nan,nan,nan,0.52,0.78,4.26,2.32,0.92,0.96,1.03
design_3595,0.75,0.84,1.12,nan,nan,nan,0.57,0.96,4.32,2.35,0.91,2.1,2.0
design_3596,1.08,0.97,1.11,nan,nan,nan,0.63,1.07,5.1,2.67,0.91,1.62,1.55
design_3597,0.94,0.98,0.99,nan,nan,nan,0.6,0.97,5.13,2.68,0.91,2.88,1.6
design_3598,0.88,0.88,0.92,nan,nan,nan,0.57,0.9,5.34,2.76,0.91,1.96,1.34
design_3599,1.11,0.88,0.93,nan,nan,nan,0.61,0.97,6.67,3.32,0.91,1.29,1.32
design_3600,0.63,0.37,2.54,nan,nan,nan,0.8,1.62,19.85,8.71,0.91,36.31,16.48
design_3601,0.71,0.36,1.11,nan,nan,nan,0.53,0.82,19.28,8.49,0.91,43.79,20.34
design_3602,0.52,0.33,1.46,nan,nan,nan,0.56,0.97,19.36,8.53,0.9,11.69,8.69
design_3603,0.86,0.37,1.53,nan,nan,nan,0.62,1.09,20.96,9.16,0.92,5.31,4.59
design_3604,0.54,0.38,1.41,nan,nan,nan,0.54,0.95,16.24,7.22,0.91,45.01,27.46
design_3605,0.51,0.43,1.32,nan,nan,nan,0.54,0.9,19.91,8.74,0.91,8.81,7.93
design_3606,0.95,0.26,2.7,nan,nan,nan,0.83,1.76,18.44,8.15,0.91,39.73,32.13
design_3607,0.52,0.4,1.38,nan,nan,nan,0.55,0.93,19.34,8.49,0.92,45.63,30.65
design_3608,0.56,0.42,1.38,nan,nan,nan,0.49,0.84,18.65,8.15,0.91,1.92,1.63
design_3609,0.63,0.35,1.31,nan,nan,nan,0.52,0.82,20.2,8.76,0.91,42.73,27.66
design_3610,0.5,0.32,1.18,nan,nan,nan,0.49,0.72,21.49,9.29,0.91,8.19,5.93
design_3611,0.77,0.38,1.53,nan,nan,nan,0.56,0.97,21.95,9.47,0.91,33.81,20.52
design_3612,0.45,0.56,1.46,nan,nan,nan,0.53,0.88,17.06,7.52,0.9,2.35,2.64
design_3613,0.82,0.33,1.82,nan,nan,nan,0.59,1.1,22.02,9.49,0.91,41.04,36.76
design_3614,0.42,0.5,1.22,nan,nan,nan,0.49,0.75,17.7,7.77,0.9,3.36,3.43
design_3615,0.73,0.46,2.21,nan,nan,nan,0.63,1.28,20.93,9.07,0.91,5.7,5.3
design_3616,2.42,0.4,1.67,nan,nan,nan,0.85,1.76,17.91,7.86,0.92,15.63,15.02
design_3617,2.29,0.46,1.86,nan,nan,nan,0.84,1.76,18.15,7.97,0.91,16.45,17.23
design_3618,2.43,0.49,1.8,nan,nan,nan,0.84,1.81,17.21,7.6,0.91,14.12,13.82
design_3619,1.74,0.28,1.83,nan,nan,nan,0.78,1.48,17.44,7.68,0.91,16.45,15.96
design_3620,2.26,0.37,1.38,nan,nan,nan,0.8,1.59,17.11,7.53,0.91,13.96,13.55
design_3621,1.3,0.33,0.7,nan,nan,nan,0.57,0.9,16.67,7.31,0.92,14.59,13.37
design_3622,2.58,0.46,1.77,nan,nan,nan,0.87,1.87,17.37,7.65,0.91,12.74,13.41
design_3623,1.51,0.24,1.62,nan,nan,nan,0.73,1.3,18.44,8.07,0.91,16.34,19.97
design_3624,0.98,0.65,1.21,nan,nan,nan,0.56,0.98,17.27,7.6,0.91,23.68,20.69
design_3625,1.03,0.75,1.26,nan,nan,nan,0.6,1.04,18.23,7.99,0.91,24.94,19.5
design_3626,0.9,0.67,0.96,nan,nan,nan,0.54,0.85,17.8,7.82,0.91,25.29,21.53
design_3627,0.88,0.63,0.97,nan,nan,nan,0.51,0.84,17.84,7.83,0.91,18.21,15.05
design_3628,0.94,0.68,1.08,nan,nan,nan,0.57,0.92,17.27,7.59,0.91,24.72,20.79
design_3629,0.78,0.55,1.07,nan,nan,nan,0.51,0.83,18.9,8.26,0.91,14.43,12.71
design_3630,1.13,0.68,0.92,nan,nan,nan,0.61,0.94,17.79,7.81,0.91,23.35,22.23
design_3631,0.87,0.79,1.24,nan,nan,nan,0.55,0.98,17.17,7.55,0.91,21.07,21.27
design_3632,0.73,0.68,5.09,nan,nan,nan,1.26,2.92,16.82,7.41,0.91,14.7,9.96
design_3633,0.8,0.6,5.41,nan,nan,nan,1.34,3.09,16.54,7.27,0.91,15.56,10.7
design_3634,0.83,0.65,4.2,nan,nan,nan,1.11,2.44,18.34,8.06,0.91,19.52,15.63
design_3635,0.78,0.46,4.47,nan,nan,nan,1.13,2.57,18.07,7.93,0.91,20.01,18.88
design_3636,0.83,0.68,4.5,nan,nan,nan,1.15,2.61,17.0,7.49,0.91,14.66,11.59
design_3637,0.61,0.63,5.28,nan,nan,nan,1.3,3.01,17.36,7.63,0.91,15.64,10.04
design_3638,0.96,0.54,4.24,nan,nan,nan,1.12,2.47,17.18,7.57,0.91,14.47,12.29
design_3639,0.73,0.64,4.34,nan,nan,nan,1.11,2.51,16.7,7.39,0.91,13.78,12.04
design_3640,1.48,0.58,2.14,nan,nan,nan,0.79,1.57,19.11,8.35,0.92,7.99,9.22
design_3641,1.29,0.57,1.15,nan,nan,nan,0.7,1.07,17.04,7.46,0.93,15.06,11.27
design_3642,1.64,0.48,2.16,nan,nan,nan,0.84,1.63,18.51,8.1,0.92,15.96,17.76
design_3643,1.48,1.28,0.51,nan,nan,nan,0.69,1.16,16.91,7.43,0.92,15.5,14.76
design_3644,1.71,0.44,2.27,nan,nan,nan,0.85,1.7,17.58,7.72,0.92,15.88,16.37
design_3645,1.55,0.54,2.57,nan,nan,nan,0.87,1.8,15.57,6.91,0.91,6.9,5.07
design_3646,1.49,0.95,1.23,nan,nan,nan,0.67,1.26,17.14,7.54,0.92,14.83,10.88
design_3647,1.41,0.6,2.58,nan,nan,nan,0.87,1.77,18.36,8.02,0.92,12.92,13.56
design_3648,0.59,0.59,0.52,nan,nan,nan,0.45,0.57,16.58,7.3,0.92,31.81,19.52
design_3649,0.86,0.78,2.36,nan,nan,nan,0.77,1.55,16.66,7.32,0.92,27.44,24.2
design_3650,0.66,0.69,0.41,nan,nan,nan,0.45,0.59,17.09,7.49,0.92,32.24,19.61
design_3651,0.59,0.6,0.37,nan,nan,nan,0.43,0.53,17.15,7.53,0.92,31.1,19.28
design_3652,0.45,0.63,0.37,nan,nan,nan,0.39,0.49,17.9,7.84,0.92,18.87,18.7
design_3653,0.64,0.81,0.51,nan,nan,nan,0.44,0.65,17.85,7.81,0.92,25.55,11.55
design_3654,0.63,0.59,0.44,nan,nan,nan,0.44,0.56,16.22,7.14,0.92,32.27,20.21
design_3655,0.51,0.62,0.31,nan,nan,nan,0.41,0.49,17.82,7.8,0.92,29.16,20.62
design_3656,0.47,0.61,2.05,nan,nan,nan,0.73,1.41,20.22,8.94,0.91,51.61,49.1
design_3657,0.52,0.61,2.7,nan,nan,nan,0.89,1.83,21.07,9.31,0.91,48.5,43.24
design_3658,0.62,0.55,2.44,nan,nan,nan,0.83,1.67,20.92,9.23,0.91,53.1,52.69
design_3659,0.59,0.52,3.01,nan,nan,nan,0.98,2.03,21.0,9.25,0.91,51.48,52.46
design_3660,0.69,0.52,2.73,nan,nan,nan,0.9,1.86,23.87,10.48,0.91,32.57,22.0
design_3661,0.74,0.53,5.67,nan,nan,nan,1.71,3.77,19.33,8.56,0.91,45.54,36.58
design_3662,0.83,0.64,2.02,nan,nan,nan,0.74,1.45,22.19,9.76,0.91,14.17,16.83
design_3663,0.63,0.52,2.62,nan,nan,nan,0.88,1.78,21.3,9.41,0.91,43.2,23.07
design_3664,0.94,0.6,1.5,nan,nan,nan,0.68,1.19,16.63,7.47,0.92,16.29,13.43
design_3665,0.86,0.8,1.63,nan,nan,nan,0.72,1.28,18.31,8.18,0.92,16.47,15.44
design_3666,0.89,0.85,1.59,nan,nan,nan,0.72,1.27,18.36,8.21,0.91,16.66,13.36
design_3667,0.97,0.52,1.69,nan,nan,nan,0.72,1.3,15.33,6.91,0.92,16.48,13.6
design_3668,0.96,0.72,1.66,nan,nan,nan,0.73,1.31,16.12,7.27,0.91,16.65,13.76
design_3669,0.85,0.59,1.64,nan,nan,nan,0.7,1.25,18.39,8.21,0.92,22.84,19.89
design_3670,0.92,0.67,1.64,nan,nan,nan,0.71,1.28,17.64,7.87,0.92,17.34,14.25
design_3671,0.62,0.55,1.7,nan,nan,nan,0.7,1.25,14.25,6.49,0.91,16.81,13.37
design_3672,0.57,0.55,0.54,nan,nan,nan,0.47,0.56,17.19,7.52,0.92,31.13,18.1
design_3673,0.65,0.39,0.76,nan,nan,nan,0.5,0.62,16.96,7.45,0.91,28.32,15.27
design_3674,0.52,0.64,0.67,nan,nan,nan,0.48,0.61,17.16,7.51,0.92,26.48,14.16
design_3675,0.67,0.56,0.6,nan,nan,nan,0.48,0.62,17.62,7.72,0.92,29.49,15.01
design_3676,0.58,0.51,0.51,nan,nan,nan,0.46,0.53,16.83,7.37,0.92,32.03,18.45
design_3677,0.7,0.56,0.71,nan,nan,nan,0.48,0.67,17.23,7.56,0.92,22.1,12.06
design_3678,0.46,0.51,0.98,nan,nan,nan,0.48,0.68,18.15,7.92,0.92,23.26,14.37
design_3679,0.76,0.45,0.74,nan,nan,nan,0.51,0.67,17.19,7.54,0.91,28.5,16.11
design_3680,3.2,0.7,1.32,nan,nan,nan,0.96,1.95,16.99,7.65,0.91,18.76,16.32
design_3681,1.3,0.51,4.82,nan,nan,nan,1.61,3.42,11.1,5.21,0.9,13.12,5.51
design_3682,1.18,0.55,1.56,nan,nan,nan,0.69,1.28,18.93,8.47,0.91,14.47,8.24
design_3683,0.85,0.67,6.07,nan,nan,nan,1.97,4.24,17.3,7.75,0.91,20.51,18.4
design_3684,3.26,0.65,3.23,nan,nan,nan,1.35,2.84,18.69,8.41,0.91,21.1,18.05
design_3685,1.19,0.77,1.07,nan,nan,nan,0.61,1.04,17.49,7.82,0.92,15.73,10.53
design_3686,1.26,0.75,1.23,nan,nan,nan,0.63,1.14,17.15,7.67,0.92,14.17,11.54
design_3687,1.28,0.69,6.03,nan,nan,nan,1.97,4.25,15.95,7.18,0.91,12.28,7.59
design_3688,0.91,0.51,1.08,nan,nan,nan,0.6,0.93,15.03,6.81,0.91,25.07,19.03
design_3689,0.88,0.78,1.15,nan,nan,nan,0.67,1.0,10.45,4.91,0.91,25.55,16.57
design_3690,0.94,0.58,0.76,nan,nan,nan,0.56,0.78,8.94,4.28,0.91,3.0,3.16
design_3691,0.82,0.49,1.12,nan,nan,nan,0.6,0.93,14.78,6.71,0.91,25.15,18.98
design_3692,0.82,0.45,1.08,nan,nan,nan,0.58,0.9,16.21,7.29,0.92,4.88,4.32
design_3693,1.08,0.67,1.34,nan,nan,nan,0.72,1.15,8.48,4.08,0.91,25.62,19.7
design_3694,0.85,0.48,0.92,nan,nan,nan,0.57,0.82,16.26,7.34,0.92,4.66,4.04
design_3695,0.89,0.43,1.08,nan,nan,nan,0.59,0.92,14.6,6.63,0.91,25.17,18.29
design_3696,1.37,0.73,0.88,nan,nan,nan,0.59,1.02,17.36,7.71,0.92,16.63,10.28
design_3697,1.35,0.47,0.82,nan,nan,nan,0.55,0.95,17.19,7.66,0.92,12.04,9.65
design_3698,1.23,0.57,0.68,nan,nan,nan,0.5,0.86,17.0,7.59,0.92,13.66,12.21
design_3699,1.33,0.99,0.75,nan,nan,nan,0.59,1.01,17.9,7.96,0.92,23.25,20.6
design_3700,1.26,0.73,0.67,nan,nan,nan,0.52,0.89,15.44,6.93,0.92,19.89,16.58
design_3701,1.31,0.79,0.76,nan,nan,nan,0.56,0.96,17.19,7.65,0.92,13.53,9.54
design_3702,1.14,0.58,0.71,nan,nan,nan,0.52,0.84,16.24,7.26,0.92,12.15,11.2
design_3703,1.28,0.96,0.64,nan,nan,nan,0.55,0.95,15.11,6.81,0.91,12.08,10.12
design_3704,0.48,0.78,0.82,nan,nan,nan,0.52,0.74,16.31,7.35,0.92,16.6,14.42
design_3705,0.59,0.73,1.0,nan,nan,nan,0.55,0.84,16.59,7.45,0.92,13.26,12.96
design_3706,0.49,0.55,1.93,nan,nan,nan,0.79,1.41,11.63,5.39,0.91,19.09,14.52
design_3707,0.53,0.7,0.81,nan,nan,nan,0.51,0.72,14.18,6.46,0.91,11.35,12.3
design_3708,0.51,0.79,0.95,nan,nan,nan,0.54,0.82,17.49,7.82,0.92,20.78,18.04
design_3709,0.53,0.95,0.88,nan,nan,nan,0.52,0.82,15.1,6.84,0.92,4.22,2.91
design_3710,0.48,0.42,1.84,nan,nan,nan,0.74,1.34,16.85,7.55,0.92,20.87,14.7
design_3711,0.6,0.89,0.91,nan,nan,nan,0.53,0.83,16.97,7.62,0.92,14.67,12.16
design_3712,0.96,1.19,2.42,nan,nan,nan,0.83,1.67,17.65,7.74,0.92,16.79,18.02
design_3713,1.05,0.88,2.3,nan,nan,nan,0.78,1.57,17.53,7.69,0.92,16.39,12.31
design_3714,1.12,0.98,2.78,nan,nan,nan,0.91,1.85,16.84,7.42,0.91,24.7,23.48
design_3715,1.0,1.22,2.39,nan,nan,nan,0.83,1.67,17.8,7.8,0.92,9.18,9.25
design_3716,0.97,1.0,2.89,nan,nan,nan,0.93,1.89,16.6,7.3,0.92,21.92,22.96
design_3717,0.99,1.09,2.78,nan,nan,nan,0.9,1.85,16.85,7.42,0.91,26.0,24.01
design_3718,1.02,1.07,2.87,nan,nan,nan,0.93,1.89,16.96,7.46,0.92,14.94,17.05
design_3719,1.03,1.27,2.37,nan,nan,nan,0.83,1.68,17.62,7.73,0.92,16.76,14.72
design_3720,0.76,0.79,0.99,nan,nan,nan,0.52,0.85,17.81,7.8,0.91,21.33,19.14
design_3721,0.94,1.02,4.52,nan,nan,nan,1.16,2.67,17.47,7.7,0.91,17.75,15.19
design_3722,1.42,0.87,1.09,nan,nan,nan,0.62,1.17,17.88,7.85,0.91,19.54,18.22
design_3723,0.69,0.9,1.07,nan,nan,nan,0.48,0.89,17.21,7.53,0.92,11.59,7.88
design_3724,1.32,0.83,0.8,nan,nan,nan,0.57,1.03,18.18,7.96,0.91,21.55,22.64
design_3725,1.09,0.81,0.85,nan,nan,nan,0.55,0.93,17.21,7.54,0.92,18.82,18.07
design_3726,1.39,0.9,0.7,nan,nan,nan,0.58,1.06,16.92,7.44,0.92,17.53,17.06
design_3727,1.09,1.01,1.0,nan,nan,nan,0.6,1.04,17.63,7.74,0.91,18.02,16.08
design_3728,0.64,0.61,1.53,nan,nan,nan,0.55,0.97,18.66,8.14,0.91,23.94,16.74
design_3729,0.51,0.59,0.9,nan,nan,nan,0.46,0.66,18.11,7.88,0.92,23.61,17.46
design_3730,0.65,0.53,1.2,nan,nan,nan,0.5,0.81,18.78,8.19,0.91,12.02,5.86
design_3731,0.53,0.65,1.47,nan,nan,nan,0.53,0.92,18.63,8.11,0.92,12.08,14.35
design_3732,0.46,0.47,1.48,nan,nan,nan,0.52,0.87,19.79,8.58,0.91,24.01,20.09
design_3733,0.88,0.59,1.45,nan,nan,nan,0.57,1.0,17.95,7.84,0.92,16.65,16.33
design_3734,0.55,0.54,1.16,nan,nan,nan,0.5,0.77,18.22,7.94,0.91,24.46,19.13
design_3735,0.45,0.55,1.68,nan,nan,nan,0.54,0.98,20.68,8.94,0.92,33.57,23.02
design_3736,1.15,0.92,1.11,nan,nan,nan,0.58,1.07,16.56,7.31,0.91,21.03,13.86
design_3737,1.27,0.78,1.2,nan,nan,nan,0.6,1.12,17.26,7.57,0.92,18.23,15.4
design_3738,1.36,0.8,1.92,nan,nan,nan,0.72,1.43,17.71,7.78,0.91,16.91,15.92
design_3739,1.32,0.67,0.97,nan,nan,nan,0.62,1.04,18.52,8.1,0.91,21.0,23.21
design_3740,1.26,0.73,2.16,nan,nan,nan,0.76,1.49,18.15,7.96,0.91,14.77,17.37
design_3741,1.16,0.55,1.01,nan,nan,nan,0.57,0.96,17.73,7.78,0.91,18.74,15.43
design_3742,1.12,0.77,1.68,nan,nan,nan,0.65,1.24,17.12,7.53,0.91,16.96,15.87
design_3743,0.6,0.85,1.21,nan,nan,nan,0.52,0.91,16.99,7.45,0.92,19.08,14.13
design_3744,0.81,0.59,1.18,nan,nan,nan,0.52,0.89,20.64,8.93,0.92,20.46,12.41
design_3745,1.01,0.54,0.72,nan,nan,nan,0.48,0.79,12.39,5.57,0.91,47.43,21.67
design_3746,0.52,0.62,0.75,nan,nan,nan,0.44,0.63,19.74,8.55,0.92,3.5,4.79
design_3747,1.14,0.48,0.56,nan,nan,nan,0.5,0.81,19.89,8.64,0.91,16.25,16.63
design_3748,0.48,0.7,0.73,nan,nan,nan,0.45,0.64,19.13,8.31,0.92,39.81,17.72
design_3749,0.54,0.49,0.9,nan,nan,nan,0.45,0.66,19.69,8.53,0.92,27.16,18.91
design_3750,0.61,0.52,0.72,nan,nan,nan,0.47,0.62,15.49,6.84,0.91,5.23,2.82
design_3751,0.66,0.29,0.73,nan,nan,nan,0.44,0.59,18.87,8.21,0.92,29.47,17.53
design_3752,0.78,0.8,1.0,nan,nan,nan,0.54,0.88,17.65,7.79,0.92,21.38,17.36
design_3753,0.72,0.76,1.02,nan,nan,nan,0.48,0.85,17.93,7.9,0.92,21.7,19.51
design_3754,1.03,0.59,1.34,nan,nan,nan,0.62,1.06,17.0,7.5,0.92,13.02,13.46
design_3755,0.86,0.89,1.1,nan,nan,nan,0.51,0.96,17.31,7.64,0.92,20.3,17.3
design_3756,1.14,0.53,1.55,nan,nan,nan,0.64,1.19,17.29,7.62,0.92,13.02,12.61
design_3757,1.22,0.46,1.66,nan,nan,nan,0.65,1.27,17.52,7.7,0.92,14.75,13.66
design_3758,1.08,0.54,1.58,nan,nan,nan,0.64,1.19,17.05,7.51,0.92,12.55,12.92
design_3759,1.04,0.69,1.21,nan,nan,nan,0.54,1.03,17.06,7.53,0.92,10.03,10.58
design_3760,0.5,0.52,1.13,nan,nan,nan,0.55,0.88,15.77,7.12,0.92,18.76,18.89
design_3761,0.76,0.82,0.63,nan,nan,nan,0.46,0.71,15.83,7.17,0.91,8.62,6.88
design_3762,0.66,0.71,0.68,nan,nan,nan,0.46,0.68,16.52,7.45,0.92,15.77,17.82
design_3763,0.69,0.6,1.05,nan,nan,nan,0.54,0.87,16.43,7.38,0.92,14.47,15.89
design_3764,0.65,0.59,0.82,nan,nan,nan,0.48,0.73,15.95,7.18,0.92,14.25,11.85
design_3765,1.12,0.33,1.53,nan,nan,nan,0.69,1.24,17.38,7.8,0.92,7.13,7.69
design_3766,0.58,0.72,0.85,nan,nan,nan,0.51,0.76,14.59,6.63,0.91,5.15,3.64
design_3767,0.68,0.72,0.88,nan,nan,nan,0.51,0.8,17.99,8.05,0.92,20.65,19.38
design_3768,0.66,1.15,4.53,nan,nan,nan,1.23,2.78,8.05,3.87,0.91,31.33,23.28
design_3769,0.61,0.92,4.12,nan,nan,nan,1.13,2.52,18.42,8.13,0.9,22.81,18.14
design_3770,0.53,0.89,2.59,nan,nan,nan,0.8,1.64,18.39,8.08,0.91,16.0,15.83
design_3771,0.68,0.84,4.72,nan,nan,nan,1.26,2.86,17.27,7.63,0.91,23.21,18.31
design_3772,0.48,0.72,1.65,nan,nan,nan,0.62,1.09,18.65,8.2,0.91,29.15,22.29
design_3773,0.66,0.75,4.65,nan,nan,nan,1.25,2.81,17.56,7.76,0.91,13.85,8.94
design_3774,0.6,0.86,1.87,nan,nan,nan,0.67,1.25,18.48,8.12,0.91,28.2,19.78
design_3775,0.57,1.22,4.92,nan,nan,nan,1.32,3.01,8.64,4.11,0.9,30.36,23.71
design_3776,0.59,0.79,5.19,nan,nan,nan,1.51,3.36,19.21,8.54,0.9,26.91,17.37
design_3777,0.79,0.85,5.91,nan,nan,nan,1.71,3.83,17.98,7.99,0.91,25.33,19.36
design_3778,0.67,0.79,5.0,nan,nan,nan,1.46,3.25,18.97,8.46,0.9,23.31,18.03
design_3779,0.79,0.89,5.45,nan,nan,nan,1.58,3.54,18.81,8.38,0.9,20.75,18.0
design_3780,0.67,0.73,5.12,nan,nan,nan,1.49,3.32,17.89,8.0,0.9,23.77,18.83
design_3781,0.69,0.71,5.21,nan,nan,nan,1.51,3.38,19.23,8.55,0.9,22.06,21.22
design_3782,0.57,0.74,2.72,nan,nan,nan,0.87,1.81,16.42,7.32,0.91,21.32,16.0
design_3783,0.84,0.79,4.62,nan,nan,nan,1.37,3.02,17.7,7.92,0.9,20.41,17.12
design_3784,0.61,1.22,2.23,nan,nan,nan,0.81,1.63,18.56,8.25,0.91,23.71,15.6
design_3785,0.54,1.14,2.33,nan,nan,nan,0.82,1.67,17.25,7.72,0.91,23.18,17.59
design_3786,0.6,1.17,2.11,nan,nan,nan,0.78,1.55,17.57,7.84,0.91,16.39,13.89
design_3787,0.44,1.2,1.74,nan,nan,nan,0.68,1.32,18.38,8.18,0.91,19.63,14.71
design_3788,0.66,1.12,2.34,nan,nan,nan,0.84,1.68,19.48,8.62,0.91,14.74,13.96
design_3789,0.63,1.15,2.46,nan,nan,nan,0.86,1.76,18.09,8.04,0.91,9.3,9.36
design_3790,0.51,1.22,1.33,nan,nan,nan,0.61,1.11,17.86,7.94,0.92,24.48,18.34
design_3791,0.59,1.12,1.98,nan,nan,nan,0.73,1.46,18.17,8.08,0.91,19.24,14.96
design_3792,1.01,0.85,0.94,nan,nan,nan,0.55,0.94,17.29,7.77,0.92,21.4,17.22
design_3793,1.15,1.2,1.08,nan,nan,nan,0.63,1.12,19.2,8.59,0.91,12.76,9.52
design_3794,1.07,0.8,1.53,nan,nan,nan,0.68,1.28,14.84,6.74,0.91,8.46,4.87
design_3795,1.1,0.96,1.61,nan,nan,nan,0.7,1.35,16.31,7.39,0.91,12.5,10.54
design_3796,0.94,0.86,0.93,nan,nan,nan,0.55,0.91,13.78,6.32,0.9,11.29,10.98
design_3797,1.02,0.89,0.91,nan,nan,nan,0.54,0.94,16.74,7.54,0.91,22.33,17.77
design_3798,1.01,0.96,0.93,nan,nan,nan,0.55,0.96,17.25,7.77,0.91,19.08,16.64
design_3799,1.22,0.92,1.07,nan,nan,nan,0.61,1.08,16.91,7.63,0.91,19.84,16.91
design_3800,0.66,0.79,4.64,nan,nan,nan,1.3,2.92,17.31,7.7,0.91,20.75,19.29
design_3801,0.68,0.64,3.24,nan,nan,nan,0.96,2.06,17.95,7.95,0.91,7.5,7.82
design_3802,0.6,0.56,4.95,nan,nan,nan,1.37,3.09,17.96,7.97,0.91,16.8,15.82
design_3803,0.7,0.59,2.23,nan,nan,nan,0.73,1.47,16.81,7.48,0.91,21.05,17.7
design_3804,1.06,0.73,4.07,nan,nan,nan,1.18,2.62,18.14,8.05,0.91,21.81,17.26
design_3805,0.53,0.83,4.69,nan,nan,nan,1.32,2.95,18.22,8.07,0.91,17.33,15.72
design_3806,0.59,0.79,4.04,nan,nan,nan,1.17,2.55,18.71,8.27,0.91,15.75,14.93
design_3807,0.58,0.71,3.03,nan,nan,nan,0.91,1.94,18.02,7.99,0.91,19.14,15.35
design_3808,0.91,0.56,1.36,nan,nan,nan,0.57,1.04,17.95,7.89,0.92,17.66,17.43
design_3809,1.09,0.4,1.43,nan,nan,nan,0.62,1.11,18.55,8.14,0.92,18.74,16.43
design_3810,1.07,0.52,1.51,nan,nan,nan,0.63,1.15,17.63,7.76,0.92,18.25,15.36
design_3811,1.26,0.43,1.28,nan,nan,nan,0.62,1.1,18.19,8.0,0.92,9.06,6.65
design_3812,0.98,0.42,1.08,nan,nan,nan,0.54,0.9,18.81,8.25,0.92,20.58,17.14
design_3813,0.99,0.65,1.56,nan,nan,nan,0.63,1.17,17.67,7.78,0.92,20.88,20.72
design_3814,1.07,0.57,1.56,nan,nan,nan,0.64,1.18,17.45,7.69,0.92,18.23,14.93
design_3815,0.92,0.51,1.03,nan,nan,nan,0.52,0.87,17.84,7.84,0.92,9.81,8.97
design_3816,1.28,0.88,2.27,nan,nan,nan,0.77,1.62,17.08,7.49,0.92,14.97,14.52
design_3817,1.15,0.61,2.01,nan,nan,nan,0.72,1.41,16.52,7.27,0.92,14.53,17.95
design_3818,1.23,0.8,2.19,nan,nan,nan,0.77,1.55,17.2,7.54,0.92,14.23,18.42
design_3819,1.19,0.78,2.7,nan,nan,nan,0.88,1.8,16.75,7.35,0.92,14.69,16.41
design_3820,1.22,0.75,2.43,nan,nan,nan,0.82,1.66,16.48,7.24,0.92,13.52,17.08
design_3821,1.19,0.8,2.67,nan,nan,nan,0.86,1.78,17.0,7.46,0.92,13.97,16.6
design_3822,1.21,0.71,2.55,nan,nan,nan,0.84,1.71,16.99,7.45,0.92,15.01,17.5
design_3823,1.29,0.76,2.57,nan,nan,nan,0.84,1.75,16.53,7.27,0.92,14.56,18.9
design_3824,0.44,0.35,1.17,nan,nan,nan,0.5,0.83,15.67,7.0,0.92,22.52,17.71
design_3825,0.42,0.3,2.6,nan,nan,nan,0.85,1.74,17.86,7.97,0.91,22.25,17.62
design_3826,0.45,0.39,2.13,nan,nan,nan,0.73,1.44,15.79,7.11,0.9,22.32,15.78
design_3827,0.39,0.42,1.61,nan,nan,nan,0.6,1.1,17.33,7.75,0.9,22.29,15.4
design_3828,0.63,0.55,1.39,nan,nan,nan,0.58,1.02,16.67,7.5,0.9,21.3,14.36
design_3829,0.42,0.46,2.31,nan,nan,nan,0.77,1.56,18.02,8.05,0.9,23.28,17.85
design_3830,0.5,0.41,1.87,nan,nan,nan,0.67,1.28,17.74,7.93,0.9,21.38,15.62
design_3831,0.42,0.37,2.92,nan,nan,nan,0.94,1.95,17.72,7.89,0.91,26.39,16.44
design_3832,0.84,0.48,0.82,nan,nan,nan,0.51,0.76,17.0,7.63,0.91,10.47,10.59
design_3833,0.93,0.3,0.78,nan,nan,nan,0.52,0.75,14.22,6.47,0.91,10.86,10.84
design_3834,0.85,0.44,0.81,nan,nan,nan,0.51,0.76,14.51,6.59,0.91,12.33,11.56
design_3835,0.58,0.4,0.97,nan,nan,nan,0.51,0.77,16.66,7.49,0.91,20.96,23.84
design_3836,0.84,0.41,0.86,nan,nan,nan,0.54,0.78,15.23,6.89,0.91,7.64,7.96
design_3837,0.83,0.37,0.77,nan,nan,nan,0.52,0.72,15.26,6.91,0.91,6.78,3.22
design_3838,1.03,0.44,0.88,nan,nan,nan,0.55,0.85,13.02,5.97,0.91,11.42,11.55
design_3839,0.77,0.42,0.88,nan,nan,nan,0.52,0.77,17.69,7.92,0.91,18.43,18.97
design_3840,0.53,0.54,4.0,nan,nan,nan,0.96,2.15,17.39,7.62,0.91,18.73,18.09
design_3841,0.95,0.53,2.93,nan,nan,nan,0.78,1.68,15.21,6.76,0.91,11.95,10.2
design_3842,0.91,0.51,4.19,nan,nan,nan,1.01,2.3,16.38,7.2,0.91,13.17,9.08
design_3843,0.5,0.77,4.17,nan,nan,nan,0.98,2.26,17.43,7.63,0.91,13.02,12.89
design_3844,0.53,0.61,4.06,nan,nan,nan,0.96,2.19,15.65,6.9,0.91,12.81,9.36
design_3845,0.89,0.45,4.06,nan,nan,nan,0.99,2.23,18.26,7.99,0.91,18.59,19.84
design_3846,0.46,0.8,1.63,nan,nan,nan,0.59,1.02,7.92,3.78,0.91,21.55,9.11
design_3847,0.92,0.57,3.84,nan,nan,nan,0.94,2.13,16.3,7.19,0.91,14.09,10.05
design_3848,0.36,0.71,1.37,nan,nan,nan,0.58,0.99,18.72,8.3,0.91,12.86,7.02
design_3849,0.35,0.55,1.9,nan,nan,nan,0.68,1.3,18.92,8.4,0.91,13.79,11.27
design_3850,0.41,0.69,2.99,nan,nan,nan,0.96,2.01,17.75,7.89,0.92,14.34,8.32
design_3851,0.34,0.71,2.14,nan,nan,nan,0.74,1.47,18.79,8.34,0.91,12.43,7.02
design_3852,0.32,0.63,1.18,nan,nan,nan,0.53,0.86,18.95,8.39,0.92,13.76,6.9
design_3853,0.38,0.73,1.41,nan,nan,nan,0.58,1.02,18.65,8.28,0.91,11.98,6.47
design_3854,0.4,0.65,1.71,nan,nan,nan,0.65,1.2,18.01,8.0,0.92,12.18,10.63
design_3855,0.38,0.68,1.19,nan,nan,nan,0.53,0.88,18.64,8.28,0.91,13.6,8.43
design_3856,0.6,0.42,0.97,nan,nan,nan,0.55,0.76,12.14,5.63,0.9,23.87,15.14
design_3857,0.65,0.43,2.03,nan,nan,nan,0.77,1.44,9.63,4.58,0.9,22.55,17.46
design_3858,0.58,0.31,1.46,nan,nan,nan,0.57,1.05,17.44,7.82,0.91,19.34,13.63
design_3859,0.43,0.47,1.46,nan,nan,nan,0.62,1.04,17.56,7.87,0.91,23.71,19.71
design_3860,0.61,0.57,1.44,nan,nan,nan,0.61,1.06,17.48,7.86,0.9,12.29,9.78
design_3861,0.52,0.5,1.57,nan,nan,nan,0.64,1.12,17.69,7.93,0.91,11.0,11.11
design_3862,0.59,0.55,1.28,nan,nan,nan,0.58,0.96,17.82,7.98,0.9,13.17,8.9
design_3863,1.06,0.54,2.15,nan,nan,nan,0.83,1.58,14.74,6.72,0.9,13.49,12.86
design_3864,0.44,1.22,0.31,nan,nan,nan,0.47,0.74,17.74,7.76,0.92,17.24,12.27
design_3865,0.79,1.36,2.37,nan,nan,nan,0.82,1.66,17.33,7.63,0.91,27.38,22.7
design_3866,0.45,0.9,0.6,nan,nan,nan,0.5,0.66,16.56,7.28,0.92,20.99,21.12
design_3867,0.48,1.21,0.36,nan,nan,nan,0.49,0.75,17.04,7.47,0.92,26.95,23.51
design_3868,0.41,1.17,0.5,nan,nan,nan,0.49,0.75,17.37,7.61,0.93,23.13,15.5
design_3869,0.92,1.53,2.45,nan,nan,nan,0.88,1.76,16.99,7.47,0.92,13.71,15.13
design_3870,0.77,1.34,2.67,nan,nan,nan,0.88,1.8,17.07,7.51,0.92,24.47,23.11
design_3871,0.53,1.23,0.55,nan,nan,nan,0.5,0.81,17.16,7.53,0.92,30.24,19.61
design_3872,0.52,0.7,5.62,nan,nan,nan,1.63,3.62,18.67,8.25,0.92,11.88,11.63
design_3873,0.44,0.77,5.43,nan,nan,nan,1.56,3.51,19.09,8.42,0.92,23.71,20.29
design_3874,0.54,0.56,5.77,nan,nan,nan,1.65,3.72,18.13,8.09,0.9,21.05,17.28
design_3875,0.98,0.66,5.2,nan,nan,nan,1.52,3.39,19.55,8.62,0.92,12.36,12.29
design_3876,0.56,0.44,4.33,nan,nan,nan,1.28,2.8,19.6,8.67,0.91,10.87,9.73
design_3877,0.51,0.56,5.66,nan,nan,nan,1.63,3.64,17.67,7.9,0.9,12.03,11.57
design_3878,0.54,0.77,1.67,nan,nan,nan,0.62,1.18,17.27,7.63,0.92,25.55,20.58
design_3879,0.47,0.62,5.18,nan,nan,nan,1.49,3.34,18.86,8.32,0.92,13.26,12.17
design_3880,0.95,0.63,4.99,nan,nan,nan,1.46,3.25,15.36,6.9,0.9,20.86,18.87
design_3881,0.8,0.81,4.47,nan,nan,nan,1.32,2.92,18.51,8.23,0.9,23.24,18.49
design_3882,0.83,0.73,2.72,nan,nan,nan,0.88,1.84,19.38,8.55,0.91,25.77,13.75
design_3883,0.82,0.76,4.65,nan,nan,nan,1.37,3.04,18.5,8.21,0.91,23.79,20.06
design_3884,0.99,1.03,5.97,nan,nan,nan,1.74,3.9,9.28,4.43,0.9,27.97,20.3
design_3885,0.94,0.72,3.89,nan,nan,nan,1.17,2.57,19.03,8.44,0.91,7.66,8.84
design_3886,0.61,0.65,2.49,nan,nan,nan,0.8,1.67,16.47,7.3,0.91,11.24,9.5
design_3887,1.01,1.0,6.11,nan,nan,nan,1.77,3.98,10.66,4.99,0.9,27.57,20.16
design_3888,0.76,0.71,1.43,nan,nan,nan,0.58,1.03,17.77,7.81,0.92,13.85,8.9
design_3889,1.25,0.51,1.5,nan,nan,nan,0.64,1.19,17.86,7.83,0.92,19.09,20.78
design_3890,1.0,0.46,1.48,nan,nan,nan,0.59,1.08,17.53,7.7,0.92,17.16,12.9
design_3891,1.34,1.09,1.75,nan,nan,nan,0.75,1.44,17.06,7.49,0.92,21.5,20.26
design_3892,1.44,0.48,1.36,nan,nan,nan,0.63,1.2,17.71,7.75,0.92,15.38,11.59
design_3893,1.14,0.55,1.52,nan,nan,nan,0.62,1.17,17.6,7.71,0.92,14.92,8.62
design_3894,0.9,0.26,1.64,nan,nan,nan,0.63,1.12,17.37,7.63,0.92,21.14,18.16
design_3895,1.0,0.5,1.37,nan,nan,nan,0.58,1.04,17.54,7.69,0.92,6.98,6.82
design_3896,0.52,0.79,1.4,nan,nan,nan,0.64,1.08,15.12,6.89,0.9,24.13,18.9
design_3897,0.66,0.89,1.38,nan,nan,nan,0.65,1.11,16.73,7.56,0.9,11.56,11.97
design_3898,0.68,0.64,1.54,nan,nan,nan,0.69,1.17,17.8,8.0,0.91,12.83,12.88
design_3899,0.73,0.96,1.7,nan,nan,nan,0.73,1.32,18.65,8.39,0.9,23.72,18.72
design_3900,0.62,0.99,0.73,nan,nan,nan,0.51,0.78,17.04,7.68,0.9,7.21,8.93
design_3901,0.54,0.87,1.54,nan,nan,nan,0.67,1.19,18.49,8.32,0.9,24.17,17.39
design_3902,0.52,0.8,1.62,nan,nan,nan,0.68,1.22,16.66,7.53,0.9,27.3,19.96
design_3903,0.7,0.58,1.41,nan,nan,nan,0.62,1.08,17.84,8.0,0.91,18.43,17.16
design_3904,1.06,0.66,1.01,nan,nan,nan,0.55,0.94,17.58,7.74,0.92,12.59,9.1
design_3905,1.07,0.71,0.77,nan,nan,nan,0.52,0.87,18.53,8.12,0.91,7.4,6.65
design_3906,1.06,1.02,0.94,nan,nan,nan,0.57,1.01,17.7,7.76,0.92,24.59,16.36
design_3907,1.23,1.11,1.08,nan,nan,nan,0.64,1.14,17.12,7.54,0.92,15.17,13.48
design_3908,0.94,0.79,1.13,nan,nan,nan,0.56,0.97,19.27,8.41,0.92,21.75,13.64
design_3909,1.24,0.73,2.51,nan,nan,nan,0.87,1.7,17.25,7.58,0.92,14.77,15.72
design_3910,1.0,0.87,1.27,nan,nan,nan,0.61,1.07,18.07,7.92,0.92,14.53,8.26
design_3911,1.31,0.75,2.25,nan,nan,nan,0.78,1.6,17.84,7.84,0.92,14.95,8.99
design_3912,0.55,0.46,0.78,nan,nan,nan,0.45,0.61,18.17,7.94,0.92,12.51,12.39
design_3913,1.22,0.74,1.42,nan,nan,nan,0.68,1.16,17.87,7.82,0.91,12.98,11.06
design_3914,1.08,0.7,1.57,nan,nan,nan,0.67,1.17,18.13,7.93,0.92,19.51,12.74
design_3915,0.76,0.38,1.23,nan,nan,nan,0.51,0.86,18.12,7.95,0.91,11.71,10.71
design_3916,0.48,0.32,0.73,nan,nan,nan,0.45,0.53,17.65,7.74,0.92,24.49,14.04
design_3917,0.83,0.62,4.43,nan,nan,nan,1.13,2.56,17.2,7.61,0.9,15.04,12.93
design_3918,1.27,0.67,1.94,nan,nan,nan,0.79,1.38,17.05,7.47,0.92,14.85,15.82
design_3919,0.48,0.55,0.82,nan,nan,nan,0.46,0.62,16.88,7.42,0.92,12.74,11.66
design_3920,0.57,0.39,0.92,nan,nan,nan,0.5,0.71,17.64,7.83,0.92,15.51,9.3
design_3921,0.76,0.5,1.07,nan,nan,nan,0.58,0.86,16.65,7.44,0.92,18.59,10.57
design_3922,0.84,0.54,1.08,nan,nan,nan,0.58,0.89,16.58,7.41,0.91,18.02,9.43
design_3923,0.52,0.38,1.46,nan,nan,nan,0.58,1.02,18.07,8.04,0.91,32.32,18.51
design_3924,0.73,0.58,0.94,nan,nan,nan,0.55,0.8,16.56,7.38,0.92,15.72,9.34
design_3925,0.59,0.45,1.06,nan,nan,nan,0.56,0.8,16.93,7.54,0.92,23.85,12.06
design_3926,0.65,0.42,0.75,nan,nan,nan,0.5,0.65,17.55,7.79,0.92,18.43,9.02
design_3927,0.77,0.49,1.26,nan,nan,nan,0.62,0.96,14.99,6.75,0.91,19.98,10.72
design_3928,1.36,0.51,1.4,nan,nan,nan,0.65,1.19,17.29,7.59,0.92,15.39,14.4
design_3929,1.01,0.61,1.32,nan,nan,nan,0.6,1.04,17.61,7.73,0.92,19.05,13.71
design_3930,1.31,0.96,3.25,nan,nan,nan,1.03,2.14,17.23,7.56,0.92,17.56,16.94
design_3931,1.33,0.83,3.26,nan,nan,nan,1.03,2.13,17.02,7.47,0.92,18.86,17.79
design_3932,1.03,0.52,1.33,nan,nan,nan,0.59,1.03,17.73,7.78,0.92,18.69,12.84
design_3933,0.93,0.53,1.47,nan,nan,nan,0.6,1.07,17.07,7.51,0.92,19.14,13.16
design_3934,0.98,0.68,1.6,nan,nan,nan,0.63,1.17,17.61,7.73,0.92,15.98,13.94
design_3935,1.07,0.62,1.59,nan,nan,nan,0.65,1.18,17.56,7.71,0.92,16.45,14.13
design_3936,0.58,0.89,1.96,nan,nan,nan,0.69,1.34,18.18,8.0,0.92,24.91,20.35
design_3937,0.57,0.86,0.89,nan,nan,nan,0.52,0.79,16.8,7.38,0.93,26.65,19.02
design_3938,0.63,0.99,1.0,nan,nan,nan,0.54,0.89,16.78,7.42,0.92,26.28,18.65
design_3939,0.64,0.99,0.93,nan,nan,nan,0.54,0.86,16.92,7.48,0.92,25.68,19.54
design_3940,0.63,0.92,1.17,nan,nan,nan,0.57,0.95,17.01,7.51,0.92,27.02,18.53
design_3941,0.67,0.79,0.92,nan,nan,nan,0.51,0.81,16.87,7.41,0.93,27.75,18.04
design_3942,0.65,0.89,1.15,nan,nan,nan,0.56,0.93,17.17,7.57,0.92,26.14,18.92
design_3943,0.61,1.03,0.98,nan,nan,nan,0.54,0.89,17.82,7.86,0.92,27.04,17.96
design_3944,0.58,0.36,0.66,nan,nan,nan,0.44,0.57,17.72,7.83,0.92,25.75,17.36
design_3945,0.54,0.28,0.72,nan,nan,nan,0.45,0.57,17.33,7.67,0.92,18.26,11.37
design_3946,0.46,0.36,0.52,nan,nan,nan,0.42,0.46,17.84,7.88,0.92,15.02,9.52
design_3947,0.39,0.34,1.01,nan,nan,nan,0.48,0.71,17.57,7.78,0.92,13.0,7.86
design_3948,0.45,0.36,0.52,nan,nan,nan,0.43,0.46,17.58,7.79,0.92,18.52,9.42
design_3949,0.53,0.3,0.55,nan,nan,nan,0.41,0.49,17.9,7.9,0.92,19.52,9.59
design_3950,0.54,0.45,1.03,nan,nan,nan,0.48,0.76,17.6,7.79,0.92,9.04,5.59
design_3951,0.46,0.36,0.85,nan,nan,nan,0.47,0.63,17.47,7.72,0.92,18.21,12.22
design_3952,0.4,0.44,0.95,nan,nan,nan,0.45,0.69,18.64,8.23,0.92,16.65,12.62
design_3953,0.7,0.26,1.12,nan,nan,nan,0.52,0.83,16.19,7.2,0.92,22.64,17.44
design_3954,0.49,0.34,0.89,nan,nan,nan,0.44,0.66,16.03,7.12,0.92,23.88,16.04
design_3955,0.43,0.31,0.92,nan,nan,nan,0.44,0.65,17.87,7.92,0.91,8.18,5.17
design_3956,0.45,0.44,0.81,nan,nan,nan,0.45,0.62,14.51,6.53,0.91,8.05,4.33
design_3957,0.59,0.3,1.07,nan,nan,nan,0.52,0.77,9.18,4.33,0.91,0.83,0.9
design_3958,0.5,0.37,0.92,nan,nan,nan,0.45,0.68,15.81,7.03,0.92,23.06,16.19
design_3959,0.54,0.52,0.95,nan,nan,nan,0.49,0.73,14.87,6.66,0.91,8.56,5.09
design_3960,0.44,0.63,0.4,nan,nan,nan,0.41,0.47,10.6,4.95,0.91,8.56,9.51
design_3961,0.44,0.56,0.37,nan,nan,nan,0.38,0.44,6.14,3.09,0.91,1.46,1.09
design_3962,0.48,0.6,0.7,nan,nan,nan,0.44,0.62,14.66,6.67,0.91,24.06,20.24
design_3963,0.5,0.68,0.58,nan,nan,nan,0.45,0.59,16.72,7.52,0.91,4.38,3.66
design_3964,0.52,0.73,0.54,nan,nan,nan,0.44,0.58,11.84,5.47,0.91,22.73,15.81
design_3965,0.43,0.82,0.52,nan,nan,nan,0.43,0.58,13.8,6.29,0.91,24.64,19.63
design_3966,0.46,0.63,0.41,nan,nan,nan,0.41,0.49,12.74,5.84,0.91,3.35,3.04
design_3967,0.64,0.52,0.54,nan,nan,nan,0.44,0.57,13.56,6.19,0.91,22.28,18.99
design_3968,0.76,0.3,2.22,nan,nan,nan,0.8,1.56,17.11,7.63,0.92,12.38,9.32
design_3969,0.82,0.37,2.24,nan,nan,nan,0.83,1.59,5.36,2.77,0.91,3.13,2.35
design_3970,0.79,0.41,2.28,nan,nan,nan,0.84,1.62,5.2,2.71,0.91,4.44,2.72
design_3971,0.74,0.3,2.24,nan,nan,nan,0.81,1.57,16.22,7.26,0.92,9.95,9.26
design_3972,0.75,0.34,2.08,nan,nan,nan,0.77,1.48,15.99,7.17,0.92,5.2,2.74
design_3973,0.84,0.43,2.27,nan,nan,nan,0.84,1.62,5.67,2.88,0.91,3.21,2.37
design_3974,0.79,0.42,2.2,nan,nan,nan,0.8,1.56,17.68,7.86,0.92,20.95,15.78
design_3975,0.66,0.3,2.34,nan,nan,nan,0.83,1.63,17.27,7.71,0.92,23.79,20.2
design_3976,0.61,0.37,0.54,nan,nan,nan,0.43,0.52,17.33,7.61,0.92,10.52,9.44
design_3977,3.37,0.36,1.78,nan,nan,nan,1.04,2.26,16.8,7.43,0.91,13.46,12.66
design_3978,0.57,0.38,0.36,nan,nan,nan,0.42,0.45,17.82,7.8,0.92,8.48,8.66
design_3979,0.56,0.32,0.51,nan,nan,nan,0.41,0.48,15.92,7.03,0.92,14.73,12.33
design_3980,0.62,0.23,0.63,nan,nan,nan,0.45,0.54,16.28,7.18,0.92,14.2,12.98
design_3981,0.58,0.29,0.51,nan,nan,nan,0.45,0.48,16.77,7.38,0.92,13.77,12.63
design_3982,0.51,0.29,1.1,nan,nan,nan,0.5,0.73,17.01,7.5,0.92,14.95,12.89
design_3983,0.63,0.47,0.49,nan,nan,nan,0.43,0.54,19.42,8.47,0.92,46.75,23.71
design_3984,0.74,0.81,0.84,nan,nan,nan,0.49,0.8,18.14,7.97,0.91,17.98,11.6
design_3985,3.87,1.09,0.41,nan,nan,nan,1.06,2.44,17.55,7.72,0.91,14.59,16.83
design_3986,1.25,0.57,1.69,nan,nan,nan,0.68,1.26,16.5,7.27,0.91,13.39,14.19
design_3987,1.38,0.81,0.95,nan,nan,nan,0.59,1.09,16.24,7.18,0.91,19.39,14.99
design_3988,3.83,0.95,0.46,nan,nan,nan,1.05,2.4,16.62,7.33,0.91,18.54,15.08
design_3989,0.8,0.85,0.95,nan,nan,nan,0.52,0.87,12.85,5.82,0.9,26.7,14.06
design_3990,0.89,0.8,1.01,nan,nan,nan,0.52,0.9,16.51,7.27,0.91,20.54,15.95
design_3991,1.42,0.69,1.59,nan,nan,nan,0.67,1.3,15.93,7.02,0.91,21.67,16.06
design_3992,1.11,0.47,4.89,nan,nan,nan,1.63,3.44,18.59,8.3,0.91,20.74,19.27
design_3993,1.13,0.26,2.79,nan,nan,nan,1.02,2.02,16.31,7.44,0.89,17.82,14.97
design_3994,0.99,0.25,2.9,nan,nan,nan,1.03,2.08,14.92,6.84,0.9,20.17,16.99
design_3995,0.51,0.37,2.61,nan,nan,nan,0.93,1.84,19.84,8.88,0.91,12.86,12.79
design_3996,0.9,0.55,1.33,nan,nan,nan,0.63,1.07,17.76,7.93,0.92,13.34,9.0
design_3997,1.13,0.41,1.19,nan,nan,nan,0.66,1.04,7.38,3.65,0.9,22.34,17.28
design_3998,1.23,0.5,1.05,nan,nan,nan,0.61,1.01,16.44,7.39,0.92,20.98,18.51
design_3999,0.81,0.33,1.11,nan,nan,nan,0.56,0.9,8.18,3.97,0.9,21.51,16.99
design_4000,0.57,0.78,1.38,nan,nan,nan,0.55,1.0,17.56,7.74,0.92,27.88,17.6
design_4001,0.5,0.9,1.62,nan,nan,nan,0.59,1.15,17.01,7.5,0.92,29.08,17.95
design_4002,0.54,0.82,0.51,nan,nan,nan,0.43,0.62,16.93,7.5,0.91,27.87,16.82
design_4003,0.47,0.85,0.7,nan,nan,nan,0.45,0.68,16.23,7.18,0.92,26.37,17.82
design_4004,0.5,0.95,1.33,nan,nan,nan,0.54,1.0,16.81,7.43,0.92,27.6,17.2
design_4005,0.8,0.92,1.45,nan,nan,nan,0.59,1.12,17.38,7.65,0.92,27.77,17.93
design_4006,0.45,0.9,1.61,nan,nan,nan,0.59,1.14,17.54,7.73,0.92,11.44,10.97
design_4007,0.55,0.87,1.38,nan,nan,nan,0.55,1.02,17.14,7.57,0.92,25.12,18.1
design_4008,0.62,0.7,1.23,nan,nan,nan,0.61,0.97,17.05,7.69,0.9,4.59,4.93
design_4009,2.56,0.94,1.14,nan,nan,nan,0.9,1.64,10.31,4.84,0.9,3.31,3.56
design_4010,0.8,0.42,0.91,nan,nan,nan,0.54,0.79,14.67,6.67,0.91,2.59,2.21
design_4011,0.58,0.35,1.35,nan,nan,nan,0.59,1.0,17.78,7.93,0.92,9.46,6.51
design_4012,0.6,0.56,1.16,nan,nan,nan,0.58,0.91,15.58,7.02,0.91,5.54,2.85
design_4013,0.9,0.52,1.02,nan,nan,nan,0.58,0.89,10.62,4.99,0.9,4.02,4.21
design_4014,0.83,0.59,0.8,nan,nan,nan,0.54,0.77,17.63,7.92,0.91,18.04,19.31
design_4015,0.41,0.74,1.13,nan,nan,nan,0.57,0.89,17.23,7.74,0.91,17.65,14.28
design_4016,0.49,0.62,2.25,nan,nan,nan,0.81,1.58,18.86,8.43,0.9,26.3,17.46
design_4017,0.67,0.52,2.32,nan,nan,nan,0.83,1.63,16.45,7.36,0.92,25.63,18.15
design_4018,0.93,0.71,2.18,nan,nan,nan,0.82,1.6,17.61,7.84,0.92,26.2,17.28
design_4019,1.02,0.48,2.22,nan,nan,nan,0.83,1.62,16.93,7.6,0.91,25.75,18.34
design_4020,0.96,0.51,2.16,nan,nan,nan,0.81,1.57,17.61,7.89,0.91,28.05,17.56
design_4021,0.96,0.53,2.37,nan,nan,nan,0.85,1.71,16.61,7.44,0.92,25.35,18.58
design_4022,0.98,0.6,2.04,nan,nan,nan,0.78,1.51,17.75,7.89,0.92,25.59,18.58
design_4023,1.01,0.46,2.29,nan,nan,nan,0.86,1.66,16.49,7.38,0.92,24.72,19.0
design_4024,0.58,0.5,5.68,nan,nan,nan,1.78,3.86,6.66,3.38,0.9,23.76,17.72
design_4025,0.68,0.64,2.64,nan,nan,nan,0.91,1.85,17.18,7.7,0.91,24.25,18.29
design_4026,0.7,0.6,2.95,nan,nan,nan,1.0,2.05,12.2,5.59,0.91,4.61,4.02
design_4027,0.53,0.53,2.81,nan,nan,nan,0.94,1.94,16.84,7.5,0.92,18.52,16.81
design_4028,0.58,0.4,2.38,nan,nan,nan,0.83,1.66,12.98,5.96,0.9,6.45,4.65
design_4029,0.62,0.6,2.36,nan,nan,nan,0.82,1.66,15.68,7.09,0.9,2.4,2.28
design_4030,0.65,0.58,4.76,nan,nan,nan,1.52,3.26,19.05,8.55,0.9,18.69,15.78
design_4031,0.47,0.68,1.79,nan,nan,nan,0.68,1.29,17.27,7.73,0.91,19.52,14.13
design_4032,0.77,0.83,1.13,nan,nan,nan,0.56,0.97,15.76,7.14,0.91,4.52,5.21
design_4033,0.73,0.71,1.42,nan,nan,nan,0.63,1.11,17.8,7.98,0.91,11.32,8.59
design_4034,0.92,0.43,1.11,nan,nan,nan,0.56,0.93,12.54,5.78,0.9,4.26,4.43
design_4035,0.61,0.6,1.25,nan,nan,nan,0.58,0.97,17.89,8.02,0.91,19.53,17.02
design_4036,0.96,0.45,1.59,nan,nan,nan,0.66,1.24,17.34,7.76,0.92,19.34,17.25
design_4037,0.79,0.57,1.3,nan,nan,nan,0.59,1.03,16.94,7.62,0.91,20.83,16.89
design_4038,0.43,0.76,1.33,nan,nan,nan,0.61,1.02,18.5,8.28,0.91,18.81,14.73
design_4039,1.38,0.75,0.99,nan,nan,nan,0.64,1.07,16.44,7.43,0.9,19.77,16.58
design_4040,0.58,0.33,2.68,nan,nan,nan,0.95,1.89,17.32,7.74,0.92,14.2,12.01
design_4041,0.48,0.64,1.6,nan,nan,nan,0.65,1.18,18.17,8.1,0.92,23.48,20.61
design_4042,0.56,0.35,2.28,nan,nan,nan,0.83,1.61,18.03,8.03,0.92,24.33,17.68
design_4043,0.88,0.68,1.35,nan,nan,nan,0.65,1.1,17.33,7.74,0.92,24.8,17.93
design_4044,0.44,0.29,2.28,nan,nan,nan,0.83,1.61,17.39,7.75,0.92,16.63,16.18
design_4045,0.44,0.27,0.91,nan,nan,nan,0.49,0.69,18.79,8.39,0.91,12.93,7.58
design_4046,0.55,0.24,2.86,nan,nan,nan,1.0,2.01,17.39,7.78,0.92,24.15,18.1
design_4047,0.51,0.29,2.58,nan,nan,nan,0.91,1.82,17.37,7.77,0.92,22.86,19.05
design_4048,0.58,0.66,2.75,nan,nan,nan,0.9,1.87,19.5,8.66,0.91,8.28,7.69
design_4049,0.61,0.79,3.4,nan,nan,nan,1.08,2.31,17.42,7.76,0.91,8.46,8.99
design_4050,0.62,0.69,3.37,nan,nan,nan,1.06,2.27,17.92,7.98,0.91,10.27,8.93
design_4051,0.61,0.76,3.27,nan,nan,nan,1.03,2.21,18.8,8.34,0.91,5.46,5.71
design_4052,0.62,0.71,3.07,nan,nan,nan,0.98,2.09,18.27,8.15,0.9,9.4,8.68
design_4053,0.66,0.71,3.39,nan,nan,nan,1.07,2.29,18.16,8.1,0.9,16.6,9.47
design_4054,0.69,0.55,3.26,nan,nan,nan,1.04,2.2,18.01,8.02,0.91,16.38,12.31
design_4055,0.71,0.82,3.18,nan,nan,nan,1.02,2.17,18.75,8.36,0.9,10.44,9.13
design_4056,1.01,0.55,1.37,nan,nan,nan,0.66,1.13,15.13,6.85,0.91,25.37,18.93
design_4057,1.03,0.51,1.4,nan,nan,nan,0.66,1.15,16.13,7.26,0.92,23.53,20.43
design_4058,1.04,0.42,1.4,nan,nan,nan,0.68,1.14,17.81,7.96,0.92,10.25,6.49
design_4059,1.0,0.51,1.31,nan,nan,nan,0.66,1.09,16.25,7.31,0.92,8.64,6.91
design_4060,0.89,0.51,1.31,nan,nan,nan,0.63,1.06,16.61,7.47,0.92,23.31,20.46
design_4061,0.94,0.51,1.2,nan,nan,nan,0.59,1.01,18.66,8.34,0.92,13.19,12.19
design_4062,1.0,0.39,1.3,nan,nan,nan,0.63,1.07,17.75,7.96,0.92,25.03,20.04
design_4063,0.93,0.47,1.42,nan,nan,nan,0.67,1.14,15.88,7.15,0.92,23.98,19.64
design_4064,0.62,0.82,1.91,nan,nan,nan,0.71,1.37,14.75,6.64,0.91,22.94,18.42
design_4065,0.78,0.82,4.62,nan,nan,nan,1.42,3.11,17.35,7.79,0.9,18.39,17.22
design_4066,0.66,0.8,1.87,nan,nan,nan,0.71,1.35,17.05,7.61,0.91,14.81,12.9
design_4067,0.72,0.8,1.76,nan,nan,nan,0.69,1.29,16.68,7.44,0.92,22.39,18.27
design_4068,1.16,1.07,1.87,nan,nan,nan,0.76,1.49,17.05,7.6,0.91,12.42,10.97
design_4069,0.62,0.83,1.76,nan,nan,nan,0.68,1.28,14.35,6.5,0.91,21.61,19.05
design_4070,0.68,0.84,1.81,nan,nan,nan,0.71,1.32,17.95,7.97,0.92,7.04,8.96
design_4071,0.83,0.91,1.55,nan,nan,nan,0.67,1.21,15.69,7.03,0.91,21.53,18.74
design_4072,0.75,0.5,1.71,nan,nan,nan,0.64,1.2,15.41,6.87,0.92,23.71,17.85
design_4073,0.82,0.53,1.6,nan,nan,nan,0.62,1.16,15.35,6.85,0.92,23.88,17.23
design_4074,0.49,0.72,2.93,nan,nan,nan,0.91,1.93,19.98,8.82,0.91,31.06,18.53
design_4075,0.73,0.51,1.7,nan,nan,nan,0.63,1.19,15.69,6.99,0.92,24.33,17.47
design_4076,0.73,0.59,1.64,nan,nan,nan,0.63,1.17,15.68,6.99,0.91,23.79,17.5
design_4077,0.54,0.59,1.61,nan,nan,nan,0.62,1.12,14.66,6.63,0.9,24.1,18.81
design_4078,0.84,0.64,1.58,nan,nan,nan,0.63,1.17,15.58,6.94,0.92,23.75,17.2
design_4079,0.76,0.78,1.72,nan,nan,nan,0.66,1.25,16.18,7.2,0.92,24.07,15.85
design_4080,0.57,0.51,2.74,nan,nan,nan,0.73,1.52,18.03,7.88,0.91,25.51,20.87
design_4081,0.6,0.45,3.45,nan,nan,nan,0.85,1.87,17.44,7.62,0.92,23.53,21.03
design_4082,0.53,0.48,1.01,nan,nan,nan,0.49,0.68,17.56,7.67,0.92,26.06,21.04
design_4083,0.57,0.44,3.48,nan,nan,nan,0.86,1.88,17.08,7.48,0.92,23.49,20.53
design_4084,0.49,0.49,1.38,nan,nan,nan,0.53,0.84,17.85,7.79,0.92,15.39,15.83
design_4085,0.91,0.5,1.38,nan,nan,nan,0.59,0.97,17.53,7.66,0.92,25.7,21.63
design_4086,0.5,0.72,1.2,nan,nan,nan,0.51,0.82,18.31,7.97,0.92,23.65,19.94
design_4087,0.5,0.67,3.37,nan,nan,nan,0.82,1.84,18.54,8.07,0.92,14.9,13.1
design_4088,1.08,0.48,1.1,nan,nan,nan,0.52,0.94,17.27,7.58,0.92,9.6,6.83
design_4089,0.38,0.96,1.25,nan,nan,nan,0.54,0.92,17.66,7.72,0.92,8.98,10.21
design_4090,1.1,0.66,1.63,nan,nan,nan,0.63,1.19,17.93,7.87,0.91,22.26,22.73
design_4091,0.51,0.91,1.25,nan,nan,nan,0.54,0.92,17.64,7.77,0.91,8.6,7.67
design_4092,0.55,0.94,3.4,nan,nan,nan,0.91,2.01,18.17,7.99,0.91,27.14,20.78
design_4093,0.5,0.69,1.41,nan,nan,nan,0.54,0.93,17.33,7.62,0.91,9.22,6.26
design_4094,0.4,0.81,1.45,nan,nan,nan,0.57,0.97,17.17,7.54,0.92,25.46,22.68
design_4095,0.43,0.8,1.73,nan,nan,nan,0.59,1.1,17.65,7.74,0.92,24.02,22.21
design_4096,0.71,0.68,3.01,nan,nan,nan,0.94,2.0,17.57,7.86,0.9,4.77,3.62
design_4097,1.2,0.8,5.51,nan,nan,nan,1.62,3.62,14.69,6.65,0.9,23.03,18.37
design_4098,0.71,0.65,2.29,nan,nan,nan,0.79,1.56,17.54,7.82,0.9,21.03,17.79
design_4099,1.11,0.72,3.38,nan,nan,nan,1.07,2.28,17.28,7.75,0.9,9.89,9.47
design_4100,0.73,0.49,2.57,nan,nan,nan,0.86,1.71,7.18,3.51,0.91,5.4,2.34
design_4101,0.78,0.79,2.14,nan,nan,nan,0.77,1.5,18.24,8.13,0.9,10.52,9.11
design_4102,0.88,0.71,3.03,nan,nan,nan,0.97,2.04,18.64,8.25,0.91,11.58,12.08
design_4103,0.66,0.63,1.71,nan,nan,nan,0.66,1.2,16.86,7.52,0.91,19.79,17.08
design_4104,0.96,0.57,0.74,nan,nan,nan,0.49,0.78,17.85,7.84,0.92,22.23,20.05
design_4105,1.01,0.71,0.69,nan,nan,nan,0.52,0.82,17.73,7.77,0.92,19.85,20.71
design_4106,1.09,0.68,2.25,nan,nan,nan,0.79,1.52,16.91,7.43,0.92,19.01,19.04
design_4107,0.78,0.55,0.51,nan,nan,nan,0.51,0.63,17.87,7.83,0.92,19.37,22.21
design_4108,1.03,0.59,0.73,nan,nan,nan,0.51,0.81,17.68,7.75,0.92,18.13,12.51
design_4109,1.06,0.51,0.52,nan,nan,nan,0.54,0.75,17.39,7.63,0.92,19.09,19.41
design_4110,0.99,0.76,2.12,nan,nan,nan,0.76,1.44,17.15,7.53,0.92,15.07,14.33
design_4111,1.0,0.56,0.8,nan,nan,nan,0.52,0.82,17.94,7.86,0.92,17.67,14.21
design_4112,0.85,0.96,1.55,nan,nan,nan,0.61,1.12,16.34,7.2,0.91,18.08,13.86
design_4113,0.83,0.86,1.64,nan,nan,nan,0.63,1.12,16.74,7.35,0.91,19.09,16.13
design_4114,0.54,1.04,1.77,nan,nan,nan,0.64,1.16,17.32,7.59,0.92,19.16,14.65
design_4115,0.59,0.99,2.04,nan,nan,nan,0.69,1.27,16.51,7.26,0.92,18.7,13.89
design_4116,4.01,1.19,1.2,nan,nan,nan,1.14,2.67,16.97,7.45,0.91,21.41,16.48
design_4117,0.96,1.0,2.15,nan,nan,nan,0.71,1.41,17.08,7.5,0.91,18.59,13.41
design_4118,0.61,0.95,1.74,nan,nan,nan,0.63,1.14,14.55,6.46,0.91,16.72,12.92
design_4119,1.03,0.87,1.56,nan,nan,nan,0.64,1.16,16.18,7.13,0.91,17.23,15.49
design_4120,0.95,0.83,6.58,nan,nan,nan,1.91,4.26,12.03,5.57,0.9,25.81,16.95
design_4121,0.72,0.71,5.97,nan,nan,nan,1.73,3.86,16.61,7.43,0.91,24.52,16.56
design_4122,0.59,0.72,4.69,nan,nan,nan,1.38,3.04,18.73,8.31,0.91,28.95,18.05
design_4123,0.97,0.73,6.16,nan,nan,nan,1.79,3.99,15.87,7.13,0.9,25.01,16.56
design_4124,0.64,0.61,5.51,nan,nan,nan,1.6,3.56,18.0,8.01,0.9,29.22,17.9
design_4125,0.7,0.75,3.23,nan,nan,nan,1.02,2.14,17.75,7.87,0.91,22.5,13.54
design_4126,0.81,0.74,6.22,nan,nan,nan,1.79,4.02,17.74,7.9,0.91,22.08,18.13
design_4127,0.85,0.54,3.64,nan,nan,nan,1.11,2.39,15.54,6.98,0.9,24.08,17.58
design_4128,0.45,0.47,2.78,nan,nan,nan,0.92,1.87,14.63,6.65,0.9,27.52,19.21
design_4129,0.47,0.53,3.76,nan,nan,nan,1.17,2.51,18.41,8.2,0.91,23.75,16.65
design_4130,0.45,0.56,2.63,nan,nan,nan,0.87,1.77,18.24,8.14,0.91,9.42,7.2
design_4131,0.57,0.54,2.63,nan,nan,nan,0.88,1.79,15.73,7.09,0.9,7.4,5.61
design_4132,0.49,0.59,2.62,nan,nan,nan,0.88,1.78,16.99,7.6,0.91,14.45,9.6
design_4133,0.55,0.56,2.73,nan,nan,nan,0.9,1.85,18.39,8.22,0.9,24.95,17.5
design_4134,0.87,0.5,1.75,nan,nan,nan,0.69,1.28,17.85,7.99,0.9,24.16,16.42
design_4135,0.85,0.61,2.6,nan,nan,nan,0.88,1.81,16.32,7.34,0.9,3.6,3.77
design_4136,1.37,0.41,1.05,nan,nan,nan,0.57,1.04,18.0,7.85,0.92,26.29,22.05
design_4137,1.26,0.26,1.32,nan,nan,nan,0.57,1.06,17.95,7.83,0.92,24.23,23.43
design_4138,0.59,0.46,1.14,nan,nan,nan,0.47,0.75,18.72,8.13,0.92,16.08,15.41
design_4139,1.45,0.22,1.12,nan,nan,nan,0.58,1.08,18.09,7.89,0.92,26.64,23.7
design_4140,1.38,0.36,1.15,nan,nan,nan,0.57,1.07,18.03,7.86,0.92,26.16,23.81
design_4141,1.17,0.45,1.18,nan,nan,nan,0.55,0.99,17.05,7.47,0.91,25.43,23.4
design_4142,1.38,0.32,1.37,nan,nan,nan,0.61,1.13,17.53,7.66,0.91,15.83,16.98
design_4143,1.21,0.39,1.37,nan,nan,nan,0.58,1.07,18.26,7.95,0.92,19.95,16.62
design_4144,0.94,0.34,0.54,nan,nan,nan,0.48,0.65,16.16,7.23,0.92,11.88,11.43
design_4145,0.71,0.68,0.55,nan,nan,nan,0.47,0.64,17.54,7.8,0.92,19.75,18.96
design_4146,0.76,0.91,0.54,nan,nan,nan,0.48,0.72,16.3,7.29,0.92,12.91,13.66
design_4147,0.55,0.35,0.57,nan,nan,nan,0.44,0.52,17.72,7.9,0.92,11.75,8.25
design_4148,0.93,0.36,0.65,nan,nan,nan,0.5,0.69,17.21,7.67,0.92,13.63,10.94
design_4149,0.86,0.32,2.48,nan,nan,nan,0.86,1.75,16.45,7.41,0.91,11.04,8.61
design_4150,0.91,0.41,0.52,nan,nan,nan,0.47,0.64,17.3,7.71,0.92,15.26,14.43
design_4151,1.09,0.63,0.55,nan,nan,nan,0.52,0.77,16.22,7.25,0.92,13.81,14.56
design_4152,0.7,0.37,2.19,nan,nan,nan,0.76,1.51,17.06,7.64,0.91,23.25,18.02
design_4153,0.67,0.47,1.07,nan,nan,nan,0.53,0.83,17.38,7.74,0.92,22.51,15.35
design_4154,0.66,0.47,1.09,nan,nan,nan,0.53,0.84,17.06,7.59,0.92,22.24,16.89
design_4155,0.68,0.53,1.0,nan,nan,nan,0.53,0.8,17.69,7.86,0.92,11.05,9.63
design_4156,1.25,0.46,1.01,nan,nan,nan,0.62,0.99,15.41,6.93,0.91,8.85,4.2
design_4157,0.76,0.43,1.0,nan,nan,nan,0.56,0.81,18.17,8.06,0.92,8.72,8.54
design_4158,1.2,0.51,0.81,nan,nan,nan,0.55,0.89,15.37,6.91,0.91,3.21,2.29
design_4159,0.61,0.44,0.81,nan,nan,nan,0.49,0.67,13.42,6.11,0.91,4.18,3.36
design_4160,0.42,0.38,1.38,nan,nan,nan,0.53,0.84,17.71,7.75,0.92,15.01,15.74
design_4161,0.44,0.3,0.76,nan,nan,nan,0.44,0.53,16.62,7.29,0.92,21.13,19.98
design_4162,0.51,0.31,1.32,nan,nan,nan,0.53,0.82,16.57,7.27,0.92,21.13,18.64
design_4163,0.4,0.34,1.37,nan,nan,nan,0.53,0.83,17.25,7.56,0.92,10.19,11.68
design_4164,0.46,0.33,0.75,nan,nan,nan,0.46,0.54,17.34,7.58,0.92,10.25,9.09
design_4165,0.51,0.31,0.64,nan,nan,nan,0.44,0.51,16.83,7.37,0.92,17.2,16.41
design_4166,0.56,0.31,0.59,nan,nan,nan,0.43,0.5,16.86,7.37,0.92,18.86,17.3
design_4167,0.42,0.31,0.8,nan,nan,nan,0.46,0.55,16.99,7.44,0.92,15.08,16.37
design_4168,0.65,0.96,1.66,nan,nan,nan,0.67,1.27,19.08,8.52,0.91,10.84,9.65
design_4169,0.78,0.82,1.31,nan,nan,nan,0.6,1.07,18.21,8.1,0.92,15.61,15.86
design_4170,0.74,1.05,1.59,nan,nan,nan,0.69,1.26,16.3,7.35,0.91,7.18,3.22
design_4171,0.85,0.97,1.56,nan,nan,nan,0.67,1.25,17.99,8.04,0.91,7.8,7.26
design_4172,0.75,0.79,1.95,nan,nan,nan,0.75,1.44,18.37,8.23,0.91,10.61,9.31
design_4173,1.11,0.5,1.63,nan,nan,nan,0.72,1.28,16.09,7.25,0.91,12.42,12.27
design_4174,0.71,0.93,1.32,nan,nan,nan,0.6,1.08,19.75,8.78,0.91,14.12,14.57
design_4175,1.04,0.54,1.57,nan,nan,nan,0.7,1.23,15.65,7.07,0.91,11.56,11.4
design_4176,0.78,0.37,0.75,nan,nan,nan,0.45,0.67,18.62,8.13,0.92,34.51,15.43
design_4177,0.45,0.33,0.58,nan,nan,nan,0.38,0.47,17.66,7.74,0.92,11.19,12.3
design_4178,0.77,0.27,1.06,nan,nan,nan,0.49,0.79,16.63,7.32,0.92,9.12,4.66
design_4179,0.63,0.34,0.68,nan,nan,nan,0.44,0.58,15.4,6.82,0.92,8.36,3.29
design_4180,0.6,0.26,0.6,nan,nan,nan,0.4,0.52,17.3,7.59,0.92,11.98,5.53
design_4181,0.6,0.27,0.54,nan,nan,nan,0.39,0.5,17.26,7.57,0.92,10.73,5.52
design_4182,0.63,0.3,0.81,nan,nan,nan,0.46,0.63,15.46,6.85,0.92,12.6,5.15
design_4183,0.73,0.46,0.92,nan,nan,nan,0.51,0.74,14.16,6.32,0.92,9.02,3.54
design_4184,0.49,1.01,2.41,nan,nan,nan,0.8,1.65,17.35,7.72,0.91,27.57,18.57
design_4185,0.45,0.86,2.5,nan,nan,nan,0.82,1.68,16.69,7.45,0.91,26.0,19.1
design_4186,0.64,1.01,2.04,nan,nan,nan,0.72,1.45,17.14,7.6,0.92,27.37,18.4
design_4187,1.39,0.51,2.45,nan,nan,nan,0.85,1.77,16.96,7.51,0.92,9.34,7.84
design_4188,0.94,0.74,3.55,nan,nan,nan,1.13,2.36,19.54,8.62,0.91,16.55,12.97
design_4189,0.58,1.01,2.18,nan,nan,nan,0.75,1.53,17.9,7.9,0.92,27.66,17.51
design_4190,0.77,0.89,2.2,nan,nan,nan,0.75,1.55,16.88,7.49,0.91,20.69,13.71
design_4191,0.52,1.06,2.22,nan,nan,nan,0.77,1.55,15.91,7.07,0.92,25.43,18.92
design_4192,0.69,0.5,3.31,nan,nan,nan,1.06,2.23,20.15,8.95,0.9,23.11,10.75
design_4193,0.71,0.53,1.26,nan,nan,nan,0.59,0.96,18.37,8.18,0.91,30.46,16.9
design_4194,0.67,0.66,1.22,nan,nan,nan,0.57,0.95,18.85,8.36,0.91,16.84,9.72
design_4195,0.56,0.62,1.3,nan,nan,nan,0.56,0.97,18.67,8.29,0.91,30.13,22.16
design_4196,0.71,0.48,3.74,nan,nan,nan,1.18,2.51,18.25,8.15,0.9,23.18,15.24
design_4197,0.71,0.54,3.33,nan,nan,nan,1.07,2.25,19.95,8.87,0.9,18.67,10.06
design_4198,0.71,0.39,0.91,nan,nan,nan,0.52,0.75,16.64,7.46,0.9,33.42,20.25
design_4199,0.75,0.6,4.57,nan,nan,nan,1.41,3.06,19.76,8.76,0.91,13.23,10.67
design_4200,0.8,0.61,1.26,nan,nan,nan,0.61,1.01,8.67,4.17,0.9,21.79,17.94
design_4201,0.82,0.64,1.36,nan,nan,nan,0.63,1.09,16.79,7.57,0.9,8.32,7.58
design_4202,0.91,0.68,1.4,nan,nan,nan,0.63,1.13,17.66,7.91,0.91,10.98,11.91
design_4203,0.56,0.49,1.67,nan,nan,nan,0.68,1.22,6.4,3.22,0.91,21.5,17.7
design_4204,0.84,0.24,1.87,nan,nan,nan,0.73,1.37,15.1,6.86,0.91,17.33,13.4
design_4205,0.87,0.85,1.12,nan,nan,nan,0.57,0.99,18.73,8.38,0.9,18.89,14.26
design_4206,0.6,0.64,1.26,nan,nan,nan,0.59,0.98,12.05,5.57,0.9,22.13,17.77
design_4207,0.57,0.33,1.88,nan,nan,nan,0.74,1.35,16.7,7.54,0.91,17.87,14.71
design_4208,0.64,0.43,1.36,nan,nan,nan,0.59,0.97,14.03,6.29,0.92,16.78,14.02
design_4209,0.58,0.41,1.56,nan,nan,nan,0.62,1.07,15.32,6.83,0.92,20.29,14.84
design_4210,0.72,0.39,1.5,nan,nan,nan,0.61,1.06,15.16,6.77,0.92,18.07,14.36
design_4211,0.59,0.39,1.61,nan,nan,nan,0.64,1.1,14.81,6.63,0.91,20.93,14.71
design_4212,0.59,0.42,1.7,nan,nan,nan,0.65,1.16,15.27,6.83,0.91,20.37,14.97
design_4213,0.74,0.38,1.48,nan,nan,nan,0.6,1.05,14.3,6.41,0.92,17.42,13.86
design_4214,0.68,0.35,1.49,nan,nan,nan,0.62,1.04,14.85,6.65,0.92,17.22,14.38
design_4215,0.59,0.41,1.56,nan,nan,nan,0.61,1.07,13.59,6.13,0.91,21.19,14.62
design_4216,1.17,0.44,4.86,nan,nan,nan,1.6,3.43,18.08,8.1,0.91,19.13,18.84
design_4217,0.78,0.5,1.04,nan,nan,nan,0.55,0.87,17.54,7.9,0.9,20.43,14.25
design_4218,0.98,0.51,1.17,nan,nan,nan,0.57,1.0,16.26,7.38,0.9,22.71,16.19
design_4219,0.84,0.49,0.97,nan,nan,nan,0.53,0.84,17.22,7.77,0.9,17.38,13.69
design_4220,0.88,0.57,1.29,nan,nan,nan,0.59,1.05,17.44,7.81,0.92,21.19,16.09
design_4221,0.89,0.56,0.9,nan,nan,nan,0.53,0.83,15.82,7.2,0.9,22.67,17.34
design_4222,0.87,0.41,1.64,nan,nan,nan,0.69,1.24,15.08,6.86,0.9,25.62,18.1
design_4223,0.87,0.3,1.42,nan,nan,nan,0.62,1.1,17.83,8.01,0.91,23.52,16.25
design_4224,0.72,1.05,3.11,nan,nan,nan,1.02,2.16,18.28,8.19,0.9,14.04,12.09
design_4225,0.72,0.89,2.68,nan,nan,nan,0.9,1.87,19.03,8.45,0.91,21.14,15.76
design_4226,1.2,1.13,2.93,nan,nan,nan,1.0,2.13,18.94,8.46,0.9,10.12,9.67
design_4227,1.05,1.42,3.18,nan,nan,nan,1.07,2.29,18.86,8.39,0.91,7.52,9.53
design_4228,0.73,0.79,3.22,nan,nan,nan,1.04,2.2,18.68,8.32,0.91,22.32,18.79
design_4229,1.03,0.94,3.14,nan,nan,nan,1.03,2.2,19.31,8.64,0.9,20.56,17.23
design_4230,0.78,0.72,2.19,nan,nan,nan,0.77,1.55,19.37,8.63,0.9,7.6,6.73
design_4231,0.93,0.98,3.4,nan,nan,nan,1.1,2.35,18.12,8.11,0.9,26.96,20.75
design_4232,0.48,0.64,0.99,nan,nan,nan,0.5,0.76,17.96,7.9,0.92,26.39,20.91
design_4233,0.49,0.7,1.17,nan,nan,nan,0.53,0.86,16.96,7.49,0.92,27.65,18.22
design_4234,0.61,0.8,0.83,nan,nan,nan,0.49,0.75,16.79,7.42,0.92,27.37,17.38
design_4235,0.51,0.78,1.75,nan,nan,nan,0.64,1.2,19.25,8.46,0.91,25.92,16.56
design_4236,0.56,0.84,1.22,nan,nan,nan,0.57,0.94,16.29,7.21,0.92,25.54,18.84
design_4237,0.5,0.64,1.17,nan,nan,nan,0.52,0.85,16.89,7.47,0.92,25.83,18.94
design_4238,0.52,0.67,1.98,nan,nan,nan,0.68,1.31,17.86,7.86,0.92,27.69,18.72
design_4239,0.57,0.76,2.05,nan,nan,nan,0.7,1.37,17.58,7.74,0.92,27.57,17.99
design_4240,0.49,0.53,5.59,nan,nan,nan,1.53,3.47,17.15,7.6,0.91,18.75,18.75
design_4241,0.57,0.45,4.72,nan,nan,nan,1.32,2.94,19.62,8.65,0.91,23.65,20.7
design_4242,0.41,0.47,1.12,nan,nan,nan,0.51,0.77,16.04,7.14,0.91,22.6,16.93
design_4243,0.47,0.53,1.36,nan,nan,nan,0.57,0.93,16.23,7.21,0.91,22.93,17.32
design_4244,0.55,0.41,1.88,nan,nan,nan,0.66,1.22,18.25,8.07,0.91,11.5,9.33
design_4245,0.94,0.41,3.39,nan,nan,nan,1.01,2.17,17.69,7.85,0.91,11.49,12.46
design_4246,0.44,0.55,1.26,nan,nan,nan,0.54,0.87,15.39,6.86,0.91,23.47,16.73
design_4247,0.54,0.59,1.26,nan,nan,nan,0.55,0.89,16.02,7.13,0.91,20.4,16.12
design_4248,0.81,0.63,1.25,nan,nan,nan,0.58,0.99,15.17,6.83,0.91,26.75,16.78
design_4249,0.85,0.44,1.96,nan,nan,nan,0.72,1.4,17.98,8.01,0.91,25.58,17.91
design_4250,0.52,0.51,1.66,nan,nan,nan,0.64,1.16,17.48,7.8,0.91,27.24,17.34
design_4251,0.85,0.49,1.62,nan,nan,nan,0.67,1.19,16.15,7.24,0.91,25.94,17.79
design_4252,0.56,0.54,1.64,nan,nan,nan,0.64,1.16,16.13,7.24,0.91,26.41,17.13
design_4253,0.94,0.62,1.41,nan,nan,nan,0.64,1.11,16.05,7.21,0.91,26.59,17.26
design_4254,0.75,0.66,1.54,nan,nan,nan,0.64,1.15,15.87,7.12,0.91,26.61,17.31
design_4255,0.79,0.49,1.38,nan,nan,nan,0.6,1.04,15.94,7.16,0.91,26.75,17.23
design_4256,1.04,0.81,0.58,nan,nan,nan,0.51,0.78,3.31,1.92,0.92,0.7,0.76
design_4257,2.87,1.24,0.7,nan,nan,nan,0.9,1.68,3.37,1.94,0.92,1.48,1.73
design_4258,0.86,0.73,0.53,nan,nan,nan,0.51,0.68,3.23,1.89,0.92,0.87,0.7
design_4259,0.64,0.78,0.57,nan,nan,nan,0.47,0.64,3.15,1.85,0.92,0.81,0.65
design_4260,0.78,0.75,0.58,nan,nan,nan,0.49,0.68,3.2,1.87,0.92,1.08,0.68
design_4261,0.66,0.79,0.54,nan,nan,nan,0.48,0.64,3.3,1.92,0.92,0.98,0.69
design_4262,0.67,0.76,0.65,nan,nan,nan,0.51,0.68,3.63,2.06,0.92,0.97,0.71
design_4263,0.77,0.75,0.55,nan,nan,nan,0.5,0.66,3.53,2.01,0.92,0.91,0.67
design_4264,0.82,0.59,1.77,nan,nan,nan,0.64,1.23,18.58,8.21,0.91,22.62,12.36
design_4265,0.85,0.58,1.08,nan,nan,nan,0.54,0.89,16.78,7.43,0.91,5.11,4.62
design_4266,0.47,0.7,1.1,nan,nan,nan,0.5,0.82,16.84,7.46,0.91,9.2,4.72
design_4267,0.83,0.71,1.09,nan,nan,nan,0.54,0.91,18.36,8.09,0.92,13.64,8.28
design_4268,0.8,0.87,1.13,nan,nan,nan,0.57,0.96,17.61,7.76,0.92,7.71,6.55
design_4269,0.81,0.5,1.86,nan,nan,nan,0.66,1.27,18.59,8.22,0.91,27.25,19.14
design_4270,0.93,0.59,2.52,nan,nan,nan,0.81,1.67,18.87,8.36,0.9,13.63,11.73
design_4271,0.95,0.78,1.28,nan,nan,nan,0.56,1.05,17.73,7.81,0.92,12.62,8.8
design_4272,1.15,0.46,1.23,nan,nan,nan,0.58,1.04,18.73,8.22,0.92,11.59,8.98
design_4273,0.9,0.62,1.28,nan,nan,nan,0.58,1.0,17.92,7.89,0.92,19.41,19.35
design_4274,1.09,0.35,0.89,nan,nan,nan,0.53,0.85,17.92,7.87,0.92,21.05,22.02
design_4275,1.16,0.65,1.2,nan,nan,nan,0.62,1.06,17.49,7.7,0.92,23.67,25.24
design_4276,1.06,0.48,1.1,nan,nan,nan,0.54,0.95,19.01,8.33,0.92,18.09,9.8
design_4277,1.48,0.75,0.83,nan,nan,nan,0.61,1.07,17.64,7.76,0.92,9.13,9.05
design_4278,1.07,0.34,0.96,nan,nan,nan,0.52,0.87,17.4,7.66,0.92,22.38,22.99
design_4279,1.15,0.88,1.31,nan,nan,nan,0.64,1.15,18.31,8.05,0.92,20.05,18.84
design_4280,0.92,0.82,1.99,nan,nan,nan,0.8,1.52,15.59,7.05,0.91,21.86,22.11
design_4281,0.67,0.48,1.78,nan,nan,nan,0.7,1.31,16.07,7.21,0.92,22.4,24.09
design_4282,0.57,0.28,1.04,nan,nan,nan,0.51,0.79,15.27,6.89,0.92,23.25,20.86
design_4283,0.69,0.93,2.09,nan,nan,nan,0.82,1.56,6.74,3.36,0.91,22.16,21.87
design_4284,0.52,0.53,1.9,nan,nan,nan,0.72,1.37,6.51,3.28,0.91,21.39,21.58
design_4285,0.76,0.37,1.84,nan,nan,nan,0.72,1.35,17.05,7.65,0.91,22.83,23.03
design_4286,0.87,0.43,1.31,nan,nan,nan,0.61,1.04,13.0,5.98,0.9,22.91,20.88
design_4287,0.48,0.37,1.67,nan,nan,nan,0.67,1.2,16.65,7.49,0.91,23.49,20.77
design_4288,0.47,0.59,3.07,nan,nan,nan,0.9,1.94,14.67,6.61,0.9,23.79,16.4
design_4289,0.6,0.63,4.71,nan,nan,nan,1.32,2.95,18.15,8.03,0.91,16.06,12.92
design_4290,0.51,0.47,4.14,nan,nan,nan,1.16,2.58,18.08,8.0,0.91,23.87,19.74
design_4291,0.72,0.71,1.62,nan,nan,nan,0.65,1.15,10.59,4.92,0.9,4.12,2.33
design_4292,0.49,0.48,3.07,nan,nan,nan,0.91,1.93,17.5,7.76,0.91,13.65,10.32
design_4293,0.61,0.58,2.79,nan,nan,nan,0.85,1.78,16.24,7.23,0.91,15.37,8.62
design_4294,0.66,0.52,3.15,nan,nan,nan,0.94,2.0,16.06,7.17,0.9,4.77,5.04
design_4295,0.5,0.6,2.7,nan,nan,nan,0.82,1.72,14.67,6.6,0.9,24.32,16.81
design_4296,0.67,0.49,1.35,nan,nan,nan,0.6,1.02,16.33,7.36,0.91,11.86,11.68
design_4297,0.59,0.53,1.35,nan,nan,nan,0.62,1.02,19.1,8.53,0.91,12.0,14.52
design_4298,0.65,0.53,1.35,nan,nan,nan,0.61,1.03,16.39,7.35,0.92,21.81,20.24
design_4299,0.64,0.46,1.49,nan,nan,nan,0.65,1.11,17.28,7.76,0.92,22.67,20.51
design_4300,0.65,0.52,1.34,nan,nan,nan,0.61,1.02,17.16,7.69,0.92,22.58,19.89
design_4301,0.64,0.55,1.44,nan,nan,nan,0.63,1.09,17.13,7.68,0.92,22.81,20.43
design_4302,1.35,0.27,1.33,nan,nan,nan,0.66,1.17,17.55,7.84,0.92,7.18,8.03
design_4303,1.66,0.51,1.13,nan,nan,nan,0.64,1.2,18.03,8.09,0.91,22.43,19.89
design_4304,0.91,0.54,2.41,nan,nan,nan,0.8,1.65,18.47,8.18,0.91,18.21,11.76
design_4305,0.98,0.34,2.37,nan,nan,nan,0.79,1.62,18.11,8.02,0.91,18.71,12.04
design_4306,0.96,0.37,2.18,nan,nan,nan,0.74,1.51,18.17,8.05,0.91,22.62,19.71
design_4307,0.95,0.48,2.87,nan,nan,nan,0.92,1.93,18.3,8.11,0.91,18.3,13.85
design_4308,0.81,0.51,2.76,nan,nan,nan,0.88,1.84,17.21,7.65,0.91,22.12,12.88
design_4309,0.84,0.44,2.9,nan,nan,nan,0.91,1.93,17.71,7.85,0.91,23.15,13.66
design_4310,1.04,0.4,2.18,nan,nan,nan,0.74,1.52,18.61,8.23,0.91,25.9,17.76
design_4311,0.84,0.44,2.62,nan,nan,nan,0.84,1.76,18.32,8.12,0.91,22.33,15.76
design_4312,1.04,0.49,2.5,nan,nan,nan,0.93,1.8,16.9,7.54,0.92,7.52,6.62
design_4313,0.99,0.46,2.37,nan,nan,nan,0.87,1.71,17.51,7.8,0.92,8.45,6.49
design_4314,0.44,0.37,1.18,nan,nan,nan,0.55,0.85,16.77,7.49,0.92,22.51,17.46
design_4315,0.59,0.3,1.26,nan,nan,nan,0.57,0.92,16.01,7.18,0.92,21.63,17.12
design_4316,0.68,0.68,0.81,nan,nan,nan,0.54,0.74,15.85,7.11,0.91,20.68,16.94
design_4317,0.93,0.5,2.65,nan,nan,nan,0.94,1.88,16.05,7.19,0.92,5.91,5.33
design_4318,0.68,0.43,2.27,nan,nan,nan,0.82,1.59,17.93,7.98,0.92,17.02,14.93
design_4319,0.69,0.67,2.53,nan,nan,nan,0.91,1.79,16.17,7.23,0.92,8.54,10.03
design_4320,0.86,0.25,0.95,nan,nan,nan,0.54,0.76,18.64,8.14,0.92,11.54,10.06
design_4321,1.01,0.42,1.4,nan,nan,nan,0.61,1.03,18.5,8.12,0.91,14.86,15.42
design_4322,1.02,0.31,3.03,nan,nan,nan,0.87,1.82,19.19,8.41,0.91,17.77,17.33
design_4323,0.86,0.25,1.53,nan,nan,nan,0.61,1.01,18.89,8.27,0.91,13.81,14.09
design_4324,0.93,0.29,1.5,nan,nan,nan,0.62,1.03,19.07,8.35,0.91,17.77,11.22
design_4325,0.87,0.28,0.8,nan,nan,nan,0.47,0.71,18.29,8.01,0.91,12.45,9.08
design_4326,1.07,0.71,1.66,nan,nan,nan,0.68,1.21,17.87,7.81,0.92,22.0,19.3
design_4327,0.97,0.36,0.9,nan,nan,nan,0.53,0.8,17.7,7.77,0.91,13.26,10.21
design_4328,0.66,0.43,3.17,nan,nan,nan,1.08,2.24,16.48,7.41,0.91,15.13,13.4
design_4329,0.75,0.47,3.08,nan,nan,nan,1.06,2.18,16.54,7.46,0.91,11.17,8.15
design_4330,0.96,0.59,2.88,nan,nan,nan,1.02,2.08,12.41,5.7,0.91,19.55,16.07
design_4331,0.56,0.59,3.55,nan,nan,nan,1.21,2.5,15.28,6.92,0.91,9.72,7.07
design_4332,0.67,0.45,2.91,nan,nan,nan,1.01,2.06,17.63,7.92,0.91,22.28,16.5
design_4333,1.0,0.49,2.72,nan,nan,nan,0.97,1.97,15.55,7.01,0.91,19.55,15.5
design_4334,0.59,0.59,2.94,nan,nan,nan,1.02,2.08,14.63,6.68,0.9,22.17,17.89
design_4335,0.73,0.57,3.05,nan,nan,nan,1.06,2.17,15.6,7.05,0.91,4.15,3.04
design_4336,0.35,0.68,0.34,nan,nan,nan,0.4,0.48,17.81,7.77,0.92,17.62,18.89
design_4337,0.44,0.55,0.26,nan,nan,nan,0.41,0.44,17.43,7.61,0.92,19.51,15.6
design_4338,0.66,0.58,0.38,nan,nan,nan,0.44,0.56,17.3,7.56,0.92,13.45,15.5
design_4339,0.44,0.66,0.29,nan,nan,nan,0.41,0.48,17.01,7.43,0.93,19.35,18.25
design_4340,0.43,0.54,0.25,nan,nan,nan,0.41,0.42,17.0,7.43,0.92,20.73,17.35
design_4341,0.39,0.6,0.34,nan,nan,nan,0.41,0.45,17.3,7.55,0.93,19.08,18.68
design_4342,0.75,0.5,0.28,nan,nan,nan,0.45,0.56,17.38,7.6,0.92,15.45,15.72
design_4343,0.39,0.61,0.36,nan,nan,nan,0.41,0.46,17.03,7.44,0.93,18.59,17.3
design_4344,0.99,0.62,1.47,nan,nan,nan,0.67,1.17,18.1,8.1,0.91,18.46,15.75
design_4345,0.96,0.63,4.35,nan,nan,nan,1.41,3.01,19.71,8.79,0.91,10.98,10.83
design_4346,1.16,0.53,1.84,nan,nan,nan,0.77,1.42,17.96,8.03,0.91,22.75,16.95
design_4347,1.02,0.68,1.97,nan,nan,nan,0.77,1.48,17.93,8.07,0.9,19.62,15.04
design_4348,0.93,0.46,5.12,nan,nan,nan,1.63,3.51,19.4,8.65,0.91,17.25,10.63
design_4349,1.06,0.77,1.55,nan,nan,nan,0.7,1.26,17.35,7.8,0.9,15.48,12.68
design_4350,0.9,0.86,1.52,nan,nan,nan,0.66,1.22,17.96,8.04,0.91,14.93,10.27
design_4351,0.91,0.78,1.04,nan,nan,nan,0.57,0.94,18.71,8.35,0.91,15.5,10.24
design_4352,0.89,0.73,0.62,nan,nan,nan,0.5,0.73,3.63,2.09,0.92,2.09,1.12
design_4353,1.02,0.83,0.59,nan,nan,nan,0.52,0.78,3.68,2.1,0.92,1.8,1.06
design_4354,1.18,0.69,0.73,nan,nan,nan,0.57,0.87,4.78,2.57,0.91,1.89,1.24
design_4355,0.8,0.76,0.66,nan,nan,nan,0.49,0.72,3.78,2.14,0.92,1.84,1.1
design_4356,0.79,0.79,0.62,nan,nan,nan,0.48,0.71,3.55,2.06,0.92,1.7,1.06
design_4357,1.11,0.89,0.6,nan,nan,nan,0.54,0.84,3.59,2.06,0.92,2.13,1.17
design_4358,1.27,0.74,0.57,nan,nan,nan,0.55,0.85,3.77,2.13,0.92,1.48,1.02
design_4359,0.74,0.54,0.81,nan,nan,nan,0.5,0.74,4.69,2.55,0.91,2.41,1.36
design_4360,0.45,0.9,0.79,nan,nan,nan,0.47,0.73,17.05,7.55,0.92,26.25,18.48
design_4361,0.42,0.67,1.05,nan,nan,nan,0.49,0.79,15.86,7.08,0.91,25.87,17.98
design_4362,0.43,0.82,1.01,nan,nan,nan,0.49,0.81,18.31,8.09,0.91,26.41,17.03
design_4363,0.41,0.83,0.75,nan,nan,nan,0.45,0.69,16.77,7.43,0.92,26.92,16.69
design_4364,0.41,0.71,0.8,nan,nan,nan,0.45,0.67,16.17,7.19,0.92,27.61,16.97
design_4365,0.42,0.76,0.99,nan,nan,nan,0.48,0.78,17.63,7.8,0.92,26.21,17.75
design_4366,0.46,0.8,0.77,nan,nan,nan,0.46,0.7,17.95,7.92,0.92,29.68,16.45
design_4367,0.41,0.89,1.89,nan,nan,nan,0.67,1.32,17.56,7.79,0.91,26.89,14.92
design_4368,0.78,0.75,1.36,nan,nan,nan,0.6,1.04,18.03,7.95,0.91,28.84,15.46
design_4369,0.31,0.71,1.73,nan,nan,nan,0.61,1.14,17.36,7.64,0.92,28.05,15.55
design_4370,0.45,0.72,1.85,nan,nan,nan,0.66,1.23,17.16,7.57,0.92,15.57,15.52
design_4371,0.35,0.78,3.42,nan,nan,nan,1.0,2.16,17.86,7.91,0.91,30.18,15.59
design_4372,0.38,0.75,1.77,nan,nan,nan,0.63,1.19,18.15,8.01,0.91,22.9,16.46
design_4373,0.33,0.79,1.93,nan,nan,nan,0.67,1.28,17.58,7.74,0.92,31.26,15.54
design_4374,0.4,0.82,3.66,nan,nan,nan,1.05,2.31,18.11,8.03,0.91,19.31,14.41
design_4375,0.81,0.77,1.74,nan,nan,nan,0.67,1.24,17.99,7.97,0.91,26.2,17.21
design_4376,0.91,0.5,3.87,nan,nan,nan,1.26,2.67,17.24,7.74,0.9,20.17,16.03
design_4377,0.91,0.48,1.78,nan,nan,nan,0.71,1.32,17.87,8.02,0.91,24.94,19.98
design_4378,0.77,0.58,2.02,nan,nan,nan,0.74,1.46,19.83,8.83,0.9,22.27,15.93
design_4379,0.89,0.44,5.3,nan,nan,nan,1.68,3.63,18.51,8.32,0.9,25.24,19.25
design_4380,1.4,0.53,1.89,nan,nan,nan,0.8,1.51,17.8,7.98,0.91,25.86,19.41
design_4381,0.89,0.35,4.93,nan,nan,nan,1.56,3.38,18.46,8.29,0.9,24.82,20.47
design_4382,0.93,0.47,3.31,nan,nan,nan,1.11,2.31,19.17,8.56,0.91,25.88,18.35
design_4383,0.88,0.48,3.96,nan,nan,nan,1.29,2.73,15.65,7.09,0.9,25.29,19.44
design_4384,0.76,0.82,1.68,nan,nan,nan,0.75,1.31,7.24,3.58,0.91,4.02,4.17
design_4385,0.52,0.32,1.57,nan,nan,nan,0.65,1.15,17.86,7.98,0.92,15.87,8.88
design_4386,0.61,0.49,1.86,nan,nan,nan,0.74,1.37,8.25,4.0,0.9,18.18,15.11
design_4387,0.58,0.29,1.56,nan,nan,nan,0.64,1.15,16.39,7.38,0.92,22.67,17.32
design_4388,0.54,0.36,1.03,nan,nan,nan,0.52,0.8,12.08,5.58,0.91,18.9,15.46
design_4389,0.51,0.43,1.87,nan,nan,nan,0.74,1.36,10.2,4.81,0.9,6.87,6.25
design_4390,0.58,0.38,1.59,nan,nan,nan,0.65,1.18,17.19,7.73,0.91,20.51,16.61
design_4391,0.41,0.33,1.0,nan,nan,nan,0.51,0.76,16.41,7.4,0.91,22.6,17.61
design_4392,1.33,1.04,1.16,nan,nan,nan,0.67,1.18,14.02,6.38,0.91,24.05,20.77
design_4393,0.87,0.31,0.86,nan,nan,nan,0.52,0.78,14.89,6.76,0.91,22.65,20.71
design_4394,0.87,0.54,1.47,nan,nan,nan,0.68,1.16,14.38,6.54,0.91,23.06,20.86
design_4395,0.52,0.37,2.0,nan,nan,nan,0.77,1.45,16.27,7.34,0.92,23.18,20.71
design_4396,0.93,0.33,1.63,nan,nan,nan,0.71,1.26,15.38,7.0,0.9,24.38,19.06
design_4397,0.85,0.34,0.78,nan,nan,nan,0.5,0.73,16.82,7.58,0.92,22.65,20.41
design_4398,0.84,0.36,1.29,nan,nan,nan,0.63,1.02,14.75,6.7,0.91,23.97,20.25
design_4399,0.88,0.56,1.37,nan,nan,nan,0.69,1.1,6.22,3.14,0.91,25.24,20.15
design_4400,0.65,0.32,1.33,nan,nan,nan,0.53,0.83,17.82,7.79,0.91,14.07,14.31
design_4401,1.51,0.34,2.14,nan,nan,nan,0.72,1.48,17.12,7.51,0.91,17.38,16.81
design_4402,1.35,0.37,1.6,nan,nan,nan,0.62,1.21,17.68,7.75,0.91,9.38,7.66
design_4403,1.31,0.42,1.52,nan,nan,nan,0.62,1.17,17.32,7.6,0.91,17.25,15.59
design_4404,1.5,0.47,1.35,nan,nan,nan,0.66,1.21,17.08,7.49,0.91,21.4,18.92
design_4405,1.26,0.35,1.37,nan,nan,nan,0.58,1.09,17.3,7.59,0.91,17.16,15.7
design_4406,1.54,0.43,1.42,nan,nan,nan,0.67,1.24,16.29,7.16,0.91,21.19,18.93
design_4407,0.83,0.39,1.59,nan,nan,nan,0.56,1.01,18.37,8.03,0.91,11.73,7.76
design_4408,0.67,0.41,1.43,nan,nan,nan,0.56,0.99,17.97,7.93,0.92,9.9,10.7
design_4409,0.74,0.28,1.3,nan,nan,nan,0.55,0.92,17.69,7.8,0.92,12.82,13.94
design_4410,0.65,0.34,1.29,nan,nan,nan,0.54,0.9,17.88,7.88,0.92,17.45,12.46
design_4411,0.66,0.38,1.61,nan,nan,nan,0.61,1.08,17.42,7.71,0.92,15.66,15.2
design_4412,0.76,0.43,1.1,nan,nan,nan,0.52,0.84,17.03,7.53,0.92,14.48,12.62
design_4413,0.71,0.29,1.3,nan,nan,nan,0.58,0.92,16.21,7.19,0.92,18.16,18.89
design_4414,0.71,0.43,0.53,nan,nan,nan,0.42,0.57,18.25,8.03,0.92,16.2,12.51
design_4415,0.69,0.38,1.26,nan,nan,nan,0.54,0.9,18.18,8.01,0.92,12.05,13.17
design_4416,0.81,0.67,1.15,nan,nan,nan,0.57,0.97,14.29,6.57,0.9,18.21,17.59
design_4417,0.87,0.53,0.96,nan,nan,nan,0.55,0.86,8.45,4.09,0.9,20.05,18.32
design_4418,1.55,0.85,0.42,nan,nan,nan,0.56,0.95,3.79,2.13,0.92,2.22,2.36
design_4419,0.92,0.78,0.39,nan,nan,nan,0.45,0.66,3.68,2.09,0.92,0.69,0.83
design_4420,0.71,0.74,0.75,nan,nan,nan,0.48,0.74,15.89,7.23,0.9,22.27,17.96
design_4421,0.74,0.56,1.73,nan,nan,nan,0.71,1.31,5.29,2.79,0.91,20.53,19.41
design_4422,1.07,0.58,0.95,nan,nan,nan,0.55,0.91,3.58,2.06,0.92,1.46,0.94
design_4423,0.86,0.74,0.62,nan,nan,nan,0.46,0.72,3.77,2.13,0.92,1.08,0.89
design_4424,1.08,0.42,1.22,nan,nan,nan,0.59,1.01,15.32,6.83,0.92,25.37,18.86
design_4425,0.5,0.38,0.98,nan,nan,nan,0.49,0.72,15.1,6.73,0.92,26.92,18.14
design_4426,0.75,0.5,0.81,nan,nan,nan,0.49,0.72,15.45,6.9,0.91,27.2,16.42
design_4427,0.41,0.37,2.41,nan,nan,nan,0.78,1.57,16.81,7.45,0.92,24.53,19.86
design_4428,0.78,0.48,0.72,nan,nan,nan,0.47,0.68,14.88,6.65,0.92,26.05,17.7
design_4429,0.83,0.48,1.06,nan,nan,nan,0.55,0.86,16.06,7.15,0.91,28.51,16.75
design_4430,0.81,0.49,0.98,nan,nan,nan,0.52,0.82,15.99,7.1,0.92,26.4,17.99
design_4431,0.88,0.38,1.2,nan,nan,nan,0.56,0.94,14.84,6.64,0.92,25.92,18.75
design_4432,0.81,0.3,3.91,nan,nan,nan,1.28,2.69,17.54,7.91,0.9,13.66,11.12
design_4433,0.89,0.35,1.25,nan,nan,nan,0.61,0.99,18.99,8.5,0.9,13.4,14.89
design_4434,0.85,0.43,1.76,nan,nan,nan,0.7,1.3,18.3,8.18,0.91,11.34,12.65
design_4435,0.9,0.52,1.01,nan,nan,nan,0.54,0.88,18.31,8.16,0.92,12.08,8.87
design_4436,0.85,0.49,1.88,nan,nan,nan,0.73,1.38,18.77,8.38,0.91,15.89,13.94
design_4437,0.58,0.47,1.79,nan,nan,nan,0.69,1.28,17.26,7.77,0.91,14.61,11.7
design_4438,0.7,0.62,1.95,nan,nan,nan,0.74,1.41,18.24,8.19,0.9,16.88,13.34
design_4439,1.02,0.35,1.46,nan,nan,nan,0.66,1.14,18.28,8.14,0.92,22.32,17.64
design_4440,0.48,0.57,0.67,nan,nan,nan,0.43,0.58,17.72,7.77,0.92,24.44,15.21
design_4441,0.52,0.86,0.37,nan,nan,nan,0.43,0.6,17.22,7.55,0.92,21.47,18.51
design_4442,0.52,0.62,0.51,nan,nan,nan,0.43,0.55,17.37,7.61,0.92,22.01,16.58
design_4443,0.52,0.93,0.65,nan,nan,nan,0.47,0.71,17.66,7.74,0.92,18.86,18.27
design_4444,0.47,0.48,0.38,nan,nan,nan,0.4,0.44,17.24,7.57,0.92,23.79,17.63
design_4445,0.84,1.22,2.38,nan,nan,nan,0.79,1.63,17.4,7.63,0.92,17.68,13.17
design_4446,0.5,0.53,0.53,nan,nan,nan,0.41,0.52,17.54,7.69,0.92,23.08,18.04
design_4447,0.5,0.55,0.43,nan,nan,nan,0.43,0.49,17.28,7.57,0.93,22.95,16.64
design_4448,0.46,0.55,0.33,nan,nan,nan,0.47,0.45,17.36,7.63,0.92,17.39,12.55
design_4449,1.1,0.49,0.74,nan,nan,nan,0.54,0.83,17.29,7.58,0.92,16.68,11.92
design_4450,0.51,0.64,0.54,nan,nan,nan,0.5,0.56,16.78,7.38,0.92,20.49,20.23
design_4451,1.08,0.56,0.37,nan,nan,nan,0.5,0.74,17.07,7.5,0.92,19.55,19.05
design_4452,0.56,0.52,0.52,nan,nan,nan,0.47,0.53,16.65,7.32,0.92,15.78,15.84
design_4453,0.92,0.47,0.67,nan,nan,nan,0.5,0.72,17.31,7.61,0.92,11.84,11.84
design_4454,0.45,0.45,0.54,nan,nan,nan,0.48,0.49,17.04,7.48,0.92,15.95,15.97
design_4455,0.97,0.49,0.55,nan,nan,nan,0.51,0.71,16.94,7.45,0.92,16.69,17.09
design_4456,1.08,0.42,1.47,nan,nan,nan,0.59,1.08,16.74,7.35,0.92,16.17,15.81
design_4457,1.27,0.55,1.42,nan,nan,nan,0.65,1.15,17.0,7.45,0.92,23.06,20.53
design_4458,1.29,0.67,2.56,nan,nan,nan,0.81,1.68,17.27,7.59,0.91,9.73,7.53
design_4459,1.01,0.32,3.93,nan,nan,nan,1.02,2.3,17.0,7.5,0.91,22.8,19.44
design_4460,1.1,0.23,4.05,nan,nan,nan,1.05,2.38,16.2,7.18,0.91,23.65,19.91
design_4461,1.3,0.71,1.61,nan,nan,nan,0.68,1.26,17.45,7.64,0.92,18.3,19.27
design_4462,1.07,0.34,3.66,nan,nan,nan,0.98,2.17,17.24,7.6,0.91,24.1,20.39
design_4463,1.14,0.41,1.21,nan,nan,nan,0.56,1.0,17.6,7.7,0.92,21.24,19.34
design_4464,0.81,0.75,3.82,nan,nan,nan,1.11,2.44,14.74,6.63,0.9,20.84,17.16
design_4465,0.87,1.1,5.75,nan,nan,nan,1.6,3.63,17.98,7.95,0.91,14.54,11.75
design_4466,0.99,0.74,2.39,nan,nan,nan,0.81,1.63,14.25,6.43,0.9,22.33,17.17
design_4467,1.16,0.84,2.55,nan,nan,nan,0.87,1.77,15.69,7.03,0.9,21.84,17.22
design_4468,1.18,1.02,2.56,nan,nan,nan,0.9,1.8,16.01,7.14,0.91,21.96,15.34
design_4469,1.19,0.94,2.28,nan,nan,nan,0.85,1.64,16.14,7.18,0.91,22.26,15.51
design_4470,0.73,1.0,3.54,nan,nan,nan,1.06,2.29,14.62,6.6,0.9,23.07,19.22
design_4471,0.94,0.95,2.53,nan,nan,nan,0.84,1.73,15.38,6.88,0.91,21.73,16.99
design_4472,1.2,0.45,1.97,nan,nan,nan,0.79,1.5,17.93,7.98,0.92,19.19,18.78
design_4473,1.13,0.52,0.71,nan,nan,nan,0.56,0.82,16.23,7.27,0.92,9.81,10.93
design_4474,1.31,0.61,1.28,nan,nan,nan,0.65,1.16,16.02,7.17,0.92,7.45,8.33
design_4475,1.06,0.47,0.72,nan,nan,nan,0.56,0.79,15.86,7.12,0.92,9.9,10.14
design_4476,1.02,0.4,0.77,nan,nan,nan,0.54,0.78,16.4,7.34,0.92,8.87,8.92
design_4477,1.07,0.51,0.73,nan,nan,nan,0.54,0.8,16.39,7.33,0.92,9.24,7.58
design_4478,1.27,0.43,1.62,nan,nan,nan,0.71,1.31,16.13,7.25,0.91,11.06,8.05
design_4479,1.08,0.39,0.71,nan,nan,nan,0.55,0.78,16.2,7.26,0.92,9.74,8.04
design_4480,0.98,0.5,0.76,nan,nan,nan,0.51,0.78,13.53,6.18,0.91,21.92,20.72
design_4481,0.52,0.51,0.96,nan,nan,nan,0.52,0.77,15.59,7.07,0.91,10.29,5.0
design_4482,0.66,0.66,0.87,nan,nan,nan,0.5,0.77,16.26,7.34,0.91,21.29,19.37
design_4483,0.65,0.56,0.9,nan,nan,nan,0.5,0.77,15.39,6.99,0.91,21.9,19.76
design_4484,0.49,0.7,0.79,nan,nan,nan,0.49,0.7,15.72,7.1,0.91,8.09,4.84
design_4485,0.55,0.52,0.9,nan,nan,nan,0.5,0.74,15.3,6.93,0.92,21.39,19.67
design_4486,0.58,0.45,0.92,nan,nan,nan,0.5,0.75,15.27,6.91,0.92,21.73,19.76
design_4487,0.93,0.54,0.91,nan,nan,nan,0.55,0.85,15.18,6.86,0.92,21.62,20.14
design_4488,1.29,0.42,0.82,nan,nan,nan,0.55,0.95,16.98,7.42,0.91,25.03,22.45
design_4489,1.26,0.76,1.35,nan,nan,nan,0.6,1.15,15.5,6.82,0.92,24.52,20.47
design_4490,1.03,0.55,0.82,nan,nan,nan,0.51,0.84,17.19,7.51,0.91,24.2,21.06
design_4491,1.13,0.67,0.82,nan,nan,nan,0.52,0.91,16.8,7.35,0.92,25.7,20.26
design_4492,1.1,0.63,0.78,nan,nan,nan,0.53,0.88,17.31,7.57,0.91,24.7,20.23
design_4493,1.03,0.68,1.39,nan,nan,nan,0.57,1.05,17.54,7.62,0.92,23.99,19.9
design_4494,0.94,0.58,0.76,nan,nan,nan,0.5,0.79,17.1,7.48,0.91,22.26,20.65
design_4495,1.37,0.5,1.09,nan,nan,nan,0.6,1.07,16.82,7.37,0.91,24.93,22.17
design_4496,0.84,0.37,4.98,nan,nan,nan,1.65,3.49,14.22,6.46,0.91,4.55,4.85
design_4497,0.64,0.48,4.55,nan,nan,nan,1.49,3.18,19.09,8.57,0.9,4.13,5.21
design_4498,0.64,0.42,3.64,nan,nan,nan,1.22,2.55,17.73,8.01,0.9,7.54,5.46
design_4499,0.63,0.58,6.07,nan,nan,nan,1.97,4.23,18.9,8.46,0.91,11.53,13.23
design_4500,0.71,0.5,4.69,nan,nan,nan,1.55,3.28,15.49,7.01,0.91,10.2,10.0
design_4501,0.66,0.53,4.75,nan,nan,nan,1.57,3.32,14.88,6.75,0.91,7.53,6.51
design_4502,0.57,0.35,4.69,nan,nan,nan,1.54,3.27,18.93,8.51,0.9,13.49,10.54
design_4503,0.69,0.43,5.18,nan,nan,nan,1.7,3.61,15.99,7.2,0.91,6.82,6.84
design_4504,0.74,0.34,1.03,nan,nan,nan,0.55,0.79,15.97,7.06,0.92,17.3,13.49
design_4505,0.73,0.33,1.03,nan,nan,nan,0.55,0.78,17.29,7.62,0.92,19.48,16.84
design_4506,0.66,0.31,0.97,nan,nan,nan,0.51,0.73,16.5,7.28,0.92,17.09,14.52
design_4507,0.65,0.23,1.01,nan,nan,nan,0.51,0.74,18.51,8.13,0.92,24.06,15.25
design_4508,0.84,0.3,0.94,nan,nan,nan,0.54,0.77,15.44,6.86,0.92,17.15,14.32
design_4509,0.69,0.34,0.96,nan,nan,nan,0.53,0.74,17.07,7.54,0.92,16.21,15.1
design_4510,0.63,0.36,1.28,nan,nan,nan,0.55,0.89,18.35,8.08,0.92,10.03,9.57
design_4511,0.66,0.31,0.86,nan,nan,nan,0.51,0.67,16.28,7.22,0.92,15.88,15.08
design_4512,0.97,0.84,0.95,nan,nan,nan,0.56,0.93,15.97,7.14,0.92,11.82,9.38
design_4513,0.88,0.97,0.9,nan,nan,nan,0.56,0.92,16.06,7.18,0.92,12.89,8.12
design_4514,0.99,1.15,1.04,nan,nan,nan,0.61,1.05,15.39,6.89,0.92,12.93,8.43
design_4515,1.06,0.93,1.05,nan,nan,nan,0.63,1.02,15.38,6.9,0.92,12.31,9.19
design_4516,0.94,1.21,0.91,nan,nan,nan,0.6,1.0,16.45,7.33,0.92,12.09,8.48
design_4517,0.62,0.99,0.95,nan,nan,nan,0.56,0.88,16.87,7.52,0.92,14.54,8.64
design_4518,1.02,1.12,0.95,nan,nan,nan,0.59,1.02,16.24,7.26,0.92,13.95,8.43
design_4519,1.09,0.93,0.76,nan,nan,nan,0.54,0.91,17.37,7.73,0.92,11.99,11.29
design_4520,0.71,1.05,2.3,nan,nan,nan,0.75,1.43,16.23,7.11,0.92,19.04,15.0
design_4521,0.74,0.95,1.88,nan,nan,nan,0.66,1.22,16.62,7.29,0.91,17.27,14.7
design_4522,1.53,1.15,2.25,nan,nan,nan,0.83,1.66,17.48,7.64,0.92,17.96,16.27
design_4523,0.88,1.07,2.48,nan,nan,nan,0.76,1.55,17.71,7.74,0.92,14.61,15.57
design_4524,1.23,1.09,0.84,nan,nan,nan,0.63,1.09,18.13,7.94,0.91,18.2,21.01
design_4525,0.81,0.92,2.19,nan,nan,nan,0.72,1.36,17.96,7.84,0.92,14.56,15.58
design_4526,1.47,1.11,2.28,nan,nan,nan,0.8,1.64,17.91,7.83,0.92,16.16,16.36
design_4527,1.58,0.97,0.93,nan,nan,nan,0.7,1.24,17.0,7.45,0.91,13.98,14.42
design_4528,1.22,0.52,0.38,nan,nan,nan,0.47,0.73,15.92,7.17,0.92,16.33,14.62
design_4529,0.74,0.5,0.62,nan,nan,nan,0.48,0.63,16.54,7.47,0.91,7.4,6.46
design_4530,1.11,0.38,0.51,nan,nan,nan,0.49,0.71,17.7,7.92,0.92,11.2,9.46
design_4531,0.84,0.49,0.53,nan,nan,nan,0.47,0.62,16.17,7.31,0.91,8.66,7.58
design_4532,1.25,0.65,0.68,nan,nan,nan,0.59,0.86,15.52,7.02,0.91,7.48,7.68
design_4533,1.12,0.34,0.43,nan,nan,nan,0.47,0.68,17.29,7.76,0.92,8.6,6.7
design_4534,0.93,0.54,0.65,nan,nan,nan,0.53,0.72,16.61,7.47,0.92,10.83,12.38
design_4535,0.76,0.54,0.62,nan,nan,nan,0.51,0.65,16.86,7.6,0.91,11.89,13.01
design_4536,0.57,0.41,2.96,nan,nan,nan,1.03,2.09,15.05,6.83,0.91,18.46,14.92
design_4537,0.58,0.5,2.51,nan,nan,nan,0.89,1.78,15.11,6.86,0.9,21.61,16.25
design_4538,0.54,0.56,3.6,nan,nan,nan,1.21,2.52,8.08,3.9,0.91,19.73,18.07
design_4539,0.64,0.44,3.0,nan,nan,nan,1.04,2.12,14.99,6.81,0.9,19.62,15.74
design_4540,0.54,0.39,2.78,nan,nan,nan,0.95,1.96,15.37,6.96,0.91,15.85,13.91
design_4541,0.54,0.43,2.63,nan,nan,nan,0.92,1.86,15.59,7.04,0.91,15.62,13.14
design_4542,0.46,0.36,2.49,nan,nan,nan,0.88,1.75,15.83,7.14,0.91,17.77,14.46
design_4543,0.67,0.41,2.89,nan,nan,nan,1.0,2.04,12.32,5.7,0.9,19.18,15.76
design_4544,0.85,1.04,1.36,nan,nan,nan,0.61,1.12,17.2,7.58,0.92,26.04,18.84
design_4545,0.68,0.81,1.5,nan,nan,nan,0.59,1.09,17.29,7.62,0.92,14.91,14.16
design_4546,0.62,0.96,1.61,nan,nan,nan,0.62,1.17,17.65,7.77,0.92,27.8,20.2
design_4547,0.65,0.8,0.61,nan,nan,nan,0.45,0.69,17.52,7.72,0.92,10.88,8.66
design_4548,0.54,0.91,1.45,nan,nan,nan,0.57,1.07,17.45,7.69,0.92,25.45,19.26
design_4549,1.01,0.82,1.43,nan,nan,nan,0.62,1.14,16.95,7.48,0.92,19.19,17.38
design_4550,0.9,0.93,1.5,nan,nan,nan,0.62,1.17,17.27,7.61,0.92,26.53,19.08
design_4551,0.5,1.03,1.66,nan,nan,nan,0.63,1.2,17.42,7.67,0.92,26.78,18.85
design_4552,1.2,0.87,3.34,nan,nan,nan,0.93,2.07,19.92,8.72,0.91,14.52,11.58
design_4553,0.74,0.95,0.66,nan,nan,nan,0.5,0.79,16.86,7.38,0.92,8.58,5.37
design_4554,1.05,0.81,1.61,nan,nan,nan,0.67,1.2,17.34,7.57,0.92,20.04,17.62
design_4555,0.71,0.77,1.11,nan,nan,nan,0.52,0.87,17.77,7.76,0.92,18.34,15.78
design_4556,1.06,0.78,1.38,nan,nan,nan,0.65,1.1,17.71,7.73,0.92,20.89,20.78
design_4557,0.54,0.97,0.76,nan,nan,nan,0.48,0.77,17.41,7.64,0.91,21.56,20.17
design_4558,0.8,0.55,1.35,nan,nan,nan,0.56,0.95,19.49,8.49,0.91,21.53,19.14
design_4559,0.72,0.72,4.89,nan,nan,nan,1.21,2.81,19.14,8.36,0.91,8.88,4.16
design_4560,0.58,0.45,2.43,nan,nan,nan,0.83,1.65,18.09,8.09,0.91,24.76,15.84
design_4561,0.58,0.5,2.51,nan,nan,nan,0.85,1.7,18.55,8.26,0.91,23.38,16.24
design_4562,0.61,0.55,6.27,nan,nan,nan,1.88,4.16,17.62,7.8,0.92,24.73,19.03
design_4563,0.64,0.54,1.44,nan,nan,nan,0.6,1.05,18.07,8.04,0.91,26.77,15.56
design_4564,0.54,0.52,1.32,nan,nan,nan,0.57,0.96,17.71,7.9,0.91,23.38,15.66
design_4565,1.27,0.44,2.54,nan,nan,nan,0.89,1.83,19.09,8.47,0.91,16.22,14.34
design_4566,0.53,0.43,2.72,nan,nan,nan,0.9,1.83,18.65,8.3,0.91,16.22,13.76
design_4567,0.59,0.52,2.5,nan,nan,nan,0.86,1.7,18.19,8.1,0.91,16.25,13.18
design_4568,0.49,0.48,0.58,nan,nan,nan,0.47,0.53,4.64,2.46,0.91,1.96,1.2
design_4569,0.45,0.39,0.71,nan,nan,nan,0.48,0.57,16.8,7.55,0.9,14.05,7.66
design_4570,0.52,0.36,1.17,nan,nan,nan,0.53,0.86,18.43,8.26,0.9,18.97,18.47
design_4571,0.55,0.4,0.79,nan,nan,nan,0.5,0.64,15.94,7.16,0.91,9.66,6.4
design_4572,0.41,0.5,0.5,nan,nan,nan,0.45,0.48,4.66,2.48,0.91,2.09,1.5
design_4573,0.4,0.38,0.61,nan,nan,nan,0.44,0.5,15.62,7.01,0.92,23.73,16.14
design_4574,0.36,0.45,0.75,nan,nan,nan,0.45,0.59,17.09,7.67,0.91,23.06,15.58
design_4575,0.35,0.44,0.64,nan,nan,nan,0.43,0.52,17.69,7.89,0.91,23.94,14.85
design_4576,0.54,0.68,11.17,nan,nan,nan,3.42,7.58,17.84,7.99,0.91,18.93,18.94
design_4577,0.88,0.58,7.87,nan,nan,nan,2.43,5.35,17.37,7.81,0.91,9.45,9.16
design_4578,0.5,0.71,9.48,nan,nan,nan,2.91,6.43,18.27,8.21,0.9,15.9,9.99
design_4579,0.73,0.7,9.75,nan,nan,nan,3.0,6.62,19.09,8.54,0.91,22.1,23.11
design_4580,0.57,0.7,8.25,nan,nan,nan,2.54,5.6,19.75,8.82,0.91,14.03,10.25
design_4581,0.51,0.82,8.37,nan,nan,nan,2.58,5.69,19.44,8.69,0.91,12.68,8.39
design_4582,0.54,0.76,10.13,nan,nan,nan,3.11,6.87,18.09,8.13,0.91,12.8,11.44
design_4583,0.56,0.84,7.3,nan,nan,nan,2.26,4.97,19.97,8.94,0.9,14.72,8.64
design_4584,0.86,0.93,3.04,nan,nan,nan,0.94,1.94,16.82,7.4,0.92,21.0,14.03
design_4585,0.83,0.76,2.82,nan,nan,nan,0.88,1.79,17.14,7.55,0.92,13.12,10.92
design_4586,0.9,0.72,2.77,nan,nan,nan,0.9,1.77,16.91,7.43,0.92,16.14,15.72
design_4587,0.88,0.56,3.82,nan,nan,nan,1.1,2.34,16.27,7.16,0.92,17.17,16.83
design_4588,0.98,0.83,2.81,nan,nan,nan,0.92,1.82,16.98,7.45,0.92,12.25,11.3
design_4589,1.17,0.96,2.76,nan,nan,nan,0.93,1.85,17.0,7.46,0.92,16.01,11.72
design_4590,0.89,0.94,2.93,nan,nan,nan,0.95,1.88,16.82,7.38,0.92,26.47,18.74
design_4591,1.35,0.68,3.44,nan,nan,nan,1.1,2.22,16.25,7.15,0.92,16.0,16.15
design_4592,0.42,0.39,1.73,nan,nan,nan,0.67,1.21,18.78,8.36,0.92,18.15,13.38
design_4593,0.42,0.77,0.85,nan,nan,nan,0.5,0.73,17.72,7.88,0.92,8.99,6.86
design_4594,0.49,0.79,1.01,nan,nan,nan,0.51,0.83,18.34,8.17,0.91,10.79,7.34
design_4595,0.41,0.72,0.85,nan,nan,nan,0.49,0.72,18.45,8.19,0.92,20.67,13.63
design_4596,0.43,0.82,0.66,nan,nan,nan,0.46,0.65,17.12,7.65,0.91,9.58,6.93
design_4597,0.47,0.77,1.22,nan,nan,nan,0.55,0.95,17.01,7.63,0.91,20.76,14.04
design_4598,0.41,0.71,1.38,nan,nan,nan,0.59,1.02,17.24,7.71,0.91,20.77,15.09
design_4599,0.53,0.55,1.01,nan,nan,nan,0.52,0.79,16.55,7.41,0.91,11.83,6.68
design_4600,0.62,0.52,0.74,nan,nan,nan,0.47,0.66,15.79,7.12,0.92,4.77,5.47
design_4601,0.8,0.67,0.68,nan,nan,nan,0.48,0.71,16.0,7.2,0.92,4.66,3.44
design_4602,0.85,0.69,0.79,nan,nan,nan,0.51,0.79,15.02,6.79,0.92,20.19,19.42
design_4603,0.58,0.7,0.57,nan,nan,nan,0.45,0.6,11.1,5.15,0.91,3.57,2.0
design_4604,0.64,0.56,0.85,nan,nan,nan,0.51,0.74,16.32,7.34,0.92,11.24,10.76
design_4605,0.52,0.54,0.73,nan,nan,nan,0.47,0.64,16.44,7.39,0.92,14.21,12.52
design_4606,0.94,0.61,0.76,nan,nan,nan,0.52,0.78,16.12,7.26,0.92,15.83,17.25
design_4607,0.72,0.58,0.63,nan,nan,nan,0.47,0.64,15.19,6.86,0.92,19.34,18.88
design_4608,0.86,0.83,0.97,nan,nan,nan,0.54,0.91,19.16,8.54,0.91,15.75,11.07
design_4609,1.66,1.0,1.62,nan,nan,nan,0.8,1.51,18.55,8.3,0.91,18.0,13.05
design_4610,0.75,0.81,0.75,nan,nan,nan,0.49,0.77,9.89,4.71,0.9,21.79,17.37
design_4611,1.24,0.73,1.32,nan,nan,nan,0.66,1.18,15.8,7.13,0.91,21.89,17.65
design_4612,1.66,1.2,1.3,nan,nan,nan,0.74,1.39,16.82,7.57,0.91,20.19,16.49
design_4613,1.83,1.39,1.75,nan,nan,nan,0.87,1.69,18.51,8.29,0.91,16.9,13.01
design_4614,0.82,0.83,0.96,nan,nan,nan,0.56,0.89,10.44,4.91,0.9,21.23,17.39
design_4615,1.26,0.95,1.03,nan,nan,nan,0.62,1.08,9.73,4.62,0.9,22.29,17.77
design_4616,0.61,0.41,1.22,nan,nan,nan,0.53,0.86,18.44,8.12,0.92,26.6,21.98
design_4617,0.57,0.45,1.31,nan,nan,nan,0.56,0.91,17.19,7.57,0.92,17.28,19.39
design_4618,0.61,0.43,1.07,nan,nan,nan,0.54,0.78,17.23,7.58,0.92,23.75,22.73
design_4619,0.67,0.52,1.32,nan,nan,nan,0.56,0.95,17.41,7.66,0.92,13.1,10.85
design_4620,0.51,0.35,1.37,nan,nan,nan,0.57,0.92,17.41,7.66,0.92,26.76,22.56
design_4621,0.71,0.42,1.5,nan,nan,nan,0.6,1.04,17.09,7.55,0.92,25.46,22.46
design_4622,0.65,0.45,1.38,nan,nan,nan,0.58,0.96,17.41,7.67,0.92,22.68,23.31
design_4623,0.59,0.41,1.15,nan,nan,nan,0.52,0.82,17.26,7.59,0.92,23.78,22.57
design_4624,0.66,0.52,1.51,nan,nan,nan,0.66,1.15,16.89,7.57,0.92,22.51,21.75
design_4625,0.59,0.32,1.21,nan,nan,nan,0.57,0.92,15.58,7.02,0.92,7.58,8.3
design_4626,1.03,0.42,0.95,nan,nan,nan,0.57,0.89,11.97,5.53,0.91,8.25,7.62
design_4627,1.01,0.71,1.74,nan,nan,nan,0.75,1.38,15.93,7.18,0.92,21.78,22.65
design_4628,0.61,0.8,1.77,nan,nan,nan,0.73,1.35,16.89,7.58,0.92,21.2,18.54
design_4629,0.97,0.44,1.14,nan,nan,nan,0.59,0.97,16.02,7.21,0.92,20.68,21.5
design_4630,0.6,0.36,1.19,nan,nan,nan,0.58,0.91,16.27,7.31,0.92,8.31,9.16
design_4631,1.04,0.52,1.31,nan,nan,nan,0.66,1.1,15.33,6.92,0.92,6.41,7.66
design_4632,0.74,0.33,1.18,nan,nan,nan,0.57,0.92,15.14,6.86,0.91,23.37,17.15
design_4633,0.75,0.18,1.26,nan,nan,nan,0.58,0.96,17.12,7.67,0.92,4.75,5.04
design_4634,0.84,0.41,1.04,nan,nan,nan,0.54,0.87,13.82,6.29,0.91,4.9,5.66
design_4635,1.03,0.51,1.42,nan,nan,nan,0.62,1.15,15.87,7.15,0.91,19.74,17.53
design_4636,0.73,0.54,1.17,nan,nan,nan,0.57,0.93,12.82,5.89,0.91,3.83,5.24
design_4637,0.8,0.37,1.48,nan,nan,nan,0.68,1.13,15.12,6.87,0.9,22.57,18.26
design_4638,0.94,0.41,1.25,nan,nan,nan,0.57,1.02,15.81,7.1,0.91,20.44,17.38
design_4639,0.63,0.51,1.07,nan,nan,nan,0.53,0.85,17.36,7.76,0.92,14.98,11.38
design_4640,0.84,1.42,2.31,nan,nan,nan,0.84,1.65,17.2,7.55,0.92,21.83,18.48
design_4641,1.06,1.1,3.33,nan,nan,nan,1.01,2.15,17.29,7.6,0.92,21.53,19.83
design_4642,0.96,1.13,2.44,nan,nan,nan,0.85,1.67,18.57,8.12,0.92,19.35,25.52
design_4643,1.04,1.28,2.78,nan,nan,nan,0.91,1.89,17.33,7.61,0.92,13.66,13.64
design_4644,0.89,1.1,0.47,nan,nan,nan,0.52,0.85,18.06,7.92,0.92,21.59,17.55
design_4645,0.92,1.38,2.94,nan,nan,nan,0.95,1.98,17.28,7.59,0.92,24.96,20.32
design_4646,0.98,1.41,2.84,nan,nan,nan,0.93,1.94,17.8,7.8,0.92,21.61,20.18
design_4647,0.81,1.17,0.34,nan,nan,nan,0.5,0.82,17.4,7.64,0.92,20.82,16.65
design_4648,1.04,0.41,1.28,nan,nan,nan,0.64,1.06,13.9,6.35,0.91,16.38,12.49
design_4649,1.03,0.33,1.36,nan,nan,nan,0.63,1.1,15.74,7.09,0.92,14.25,13.18
design_4650,1.12,0.25,1.34,nan,nan,nan,0.66,1.11,16.85,7.56,0.92,15.57,13.83
design_4651,1.03,0.51,1.32,nan,nan,nan,0.65,1.1,18.17,8.14,0.91,16.61,14.18
design_4652,0.73,0.59,0.86,nan,nan,nan,0.54,0.77,16.37,7.41,0.91,15.25,12.17
design_4653,1.32,0.71,1.27,nan,nan,nan,0.68,1.17,13.2,6.06,0.91,16.19,12.82
design_4654,1.0,0.6,1.09,nan,nan,nan,0.57,0.97,16.57,7.47,0.91,21.83,17.43
design_4655,1.0,0.53,1.3,nan,nan,nan,0.63,1.07,16.4,7.4,0.91,16.96,13.08
design_4656,0.65,0.55,2.51,nan,nan,nan,0.81,1.62,18.57,8.25,0.9,16.17,12.91
design_4657,0.78,0.36,1.15,nan,nan,nan,0.58,0.86,5.04,2.62,0.91,23.67,16.25
design_4658,0.76,0.68,1.49,nan,nan,nan,0.65,1.08,13.31,6.06,0.9,23.4,16.07
design_4659,0.69,0.44,1.53,nan,nan,nan,0.6,1.05,13.2,6.0,0.9,23.94,19.1
design_4660,0.75,0.5,2.5,nan,nan,nan,0.8,1.62,15.54,6.99,0.89,22.58,18.83
design_4661,0.63,0.38,2.37,nan,nan,nan,0.76,1.52,16.72,7.46,0.9,22.32,21.9
design_4662,0.77,0.51,2.82,nan,nan,nan,0.88,1.82,17.55,7.81,0.9,22.41,18.76
design_4663,0.64,0.53,3.13,nan,nan,nan,0.93,1.99,16.57,7.42,0.89,13.21,14.82
design_4664,0.84,0.86,1.62,nan,nan,nan,0.64,1.21,16.85,7.44,0.92,21.31,20.08
design_4665,0.8,0.7,1.85,nan,nan,nan,0.67,1.29,17.65,7.77,0.92,19.73,13.94
design_4666,0.93,0.56,1.87,nan,nan,nan,0.67,1.31,17.24,7.6,0.92,21.82,18.02
design_4667,1.05,0.68,1.29,nan,nan,nan,0.57,1.07,17.42,7.67,0.92,20.11,16.75
design_4668,1.09,0.78,1.64,nan,nan,nan,0.64,1.26,17.2,7.57,0.92,18.34,15.29
design_4669,0.74,0.67,1.81,nan,nan,nan,0.63,1.25,17.19,7.57,0.92,21.54,18.66
design_4670,0.84,1.0,1.39,nan,nan,nan,0.62,1.12,17.18,7.56,0.93,18.36,17.6
design_4671,0.86,1.03,1.34,nan,nan,nan,0.6,1.11,17.36,7.64,0.92,18.39,15.58
design_4672,0.62,0.92,1.54,nan,nan,nan,0.59,1.1,16.94,7.44,0.92,23.78,23.45
design_4673,0.53,0.86,1.11,nan,nan,nan,0.52,0.87,17.22,7.56,0.92,21.08,19.57
design_4674,0.48,0.85,1.04,nan,nan,nan,0.56,0.82,17.61,7.73,0.92,13.06,13.38
design_4675,0.84,1.34,3.34,nan,nan,nan,1.0,2.17,17.43,7.65,0.92,13.42,13.25
design_4676,0.77,1.33,3.52,nan,nan,nan,1.06,2.25,16.93,7.44,0.92,12.39,13.02
design_4677,0.77,1.21,3.6,nan,nan,nan,1.06,2.28,16.89,7.42,0.92,20.91,21.37
design_4678,0.47,0.89,1.27,nan,nan,nan,0.55,0.94,17.94,7.85,0.92,8.55,8.25
design_4679,0.84,1.36,3.32,nan,nan,nan,1.02,2.16,17.92,7.84,0.92,16.02,17.25
design_4680,0.54,1.05,1.85,nan,nan,nan,0.74,1.39,18.12,8.1,0.91,26.14,18.39
design_4681,0.45,1.04,1.8,nan,nan,nan,0.72,1.35,18.95,8.47,0.91,11.42,11.99
design_4682,0.7,1.02,2.18,nan,nan,nan,0.83,1.6,17.83,7.96,0.91,10.67,7.21
design_4683,0.72,0.89,2.05,nan,nan,nan,0.78,1.5,18.58,8.3,0.91,8.85,6.92
design_4684,0.52,0.86,2.49,nan,nan,nan,0.88,1.76,17.7,7.91,0.91,26.53,17.32
design_4685,0.59,0.96,2.06,nan,nan,nan,0.78,1.51,18.79,8.4,0.91,19.51,16.35
design_4686,0.88,0.9,2.36,nan,nan,nan,0.87,1.73,18.06,8.07,0.91,25.5,17.13
design_4687,0.57,2.39,1.66,nan,nan,nan,0.85,1.67,18.24,8.16,0.9,8.01,7.42
design_4688,0.57,0.79,1.4,nan,nan,nan,0.54,1.02,17.22,7.59,0.92,26.51,18.79
design_4689,0.68,0.78,1.21,nan,nan,nan,0.53,0.94,16.83,7.43,0.92,12.75,12.72
design_4690,0.7,0.88,1.51,nan,nan,nan,0.59,1.12,17.49,7.7,0.92,27.14,19.08
design_4691,0.62,0.92,1.42,nan,nan,nan,0.56,1.06,17.13,7.56,0.92,26.68,18.68
design_4692,0.52,0.96,1.29,nan,nan,nan,0.54,0.99,17.52,7.71,0.92,24.73,17.96
design_4693,0.57,0.86,1.41,nan,nan,nan,0.55,1.04,17.23,7.6,0.92,24.94,18.79
design_4694,0.53,0.88,1.54,nan,nan,nan,0.58,1.11,17.31,7.62,0.92,24.96,19.15
design_4695,0.59,0.8,1.55,nan,nan,nan,0.57,1.1,17.47,7.7,0.92,27.57,20.25
design_4696,0.81,0.75,0.6,nan,nan,nan,0.48,0.7,17.08,7.65,0.92,5.83,5.71
design_4697,1.02,0.74,0.64,nan,nan,nan,0.53,0.78,15.65,7.05,0.92,18.8,12.48
design_4698,0.83,0.76,0.58,nan,nan,nan,0.47,0.7,17.32,7.75,0.92,20.01,14.47
design_4699,0.79,0.71,0.61,nan,nan,nan,0.48,0.68,17.51,7.83,0.92,15.17,10.73
design_4700,0.6,0.73,0.65,nan,nan,nan,0.47,0.65,13.71,6.25,0.92,7.53,8.7
design_4701,0.55,0.54,0.66,nan,nan,nan,0.48,0.61,16.71,7.49,0.92,23.53,21.72
design_4702,0.92,0.8,0.57,nan,nan,nan,0.48,0.73,17.12,7.66,0.92,19.98,18.99
design_4703,0.97,0.65,0.57,nan,nan,nan,0.51,0.72,14.23,6.46,0.92,15.02,14.07
design_4704,1.18,0.84,2.99,nan,nan,nan,0.81,1.81,19.61,8.52,0.91,31.89,14.94
design_4705,1.31,0.72,1.08,nan,nan,nan,0.58,1.08,19.53,8.48,0.91,11.52,14.26
design_4706,1.2,0.91,1.32,nan,nan,nan,0.6,1.15,16.98,7.46,0.9,6.3,4.7
design_4707,1.16,0.77,1.21,nan,nan,nan,0.58,1.06,19.99,8.68,0.91,26.03,17.57
design_4708,1.28,0.74,0.83,nan,nan,nan,0.56,1.01,19.91,8.64,0.91,12.68,10.46
design_4709,1.15,0.71,1.1,nan,nan,nan,0.56,1.01,21.52,9.3,0.91,31.83,20.33
design_4710,1.33,0.76,1.09,nan,nan,nan,0.58,1.1,20.83,9.02,0.91,20.34,11.93
design_4711,1.0,0.78,2.95,nan,nan,nan,0.78,1.73,19.46,8.46,0.91,25.27,15.13
design_4712,0.45,0.63,1.54,nan,nan,nan,0.59,1.1,16.8,7.53,0.9,21.36,15.53
design_4713,0.49,0.53,2.09,nan,nan,nan,0.73,1.43,18.28,8.13,0.91,24.04,14.84
design_4714,0.97,0.44,2.91,nan,nan,nan,0.97,2.01,19.68,8.78,0.9,8.61,8.65
design_4715,0.84,0.53,1.95,nan,nan,nan,0.73,1.39,17.46,7.82,0.9,23.03,16.42
design_4716,0.51,0.57,3.67,nan,nan,nan,1.15,2.45,11.16,5.22,0.9,4.5,4.52
design_4717,0.55,0.54,1.91,nan,nan,nan,0.69,1.32,18.2,8.13,0.9,21.87,16.84
design_4718,0.56,0.61,1.99,nan,nan,nan,0.72,1.38,16.68,7.47,0.91,25.1,15.87
design_4719,0.52,0.52,2.31,nan,nan,nan,0.78,1.57,18.19,8.07,0.91,21.64,15.25
design_4720,0.55,0.68,0.88,nan,nan,nan,0.47,0.73,18.18,8.04,0.91,22.52,13.97
design_4721,0.74,0.59,0.9,nan,nan,nan,0.48,0.77,15.93,7.07,0.92,24.41,18.95
design_4722,0.7,0.62,0.85,nan,nan,nan,0.47,0.74,15.59,6.94,0.92,23.91,19.45
design_4723,0.68,0.55,0.83,nan,nan,nan,0.46,0.72,12.99,5.87,0.91,24.89,19.06
design_4724,0.54,0.71,1.17,nan,nan,nan,0.52,0.89,18.46,8.17,0.91,25.52,19.17
design_4725,0.52,0.58,0.81,nan,nan,nan,0.45,0.67,11.93,5.44,0.91,25.84,18.69
design_4726,0.64,0.47,0.85,nan,nan,nan,0.45,0.7,14.65,6.54,0.92,24.26,18.86
design_4727,1.38,0.36,0.79,nan,nan,nan,0.54,0.95,14.43,6.46,0.92,24.17,19.21
design_4728,0.94,0.55,1.81,nan,nan,nan,0.74,1.3,17.36,7.69,0.92,17.59,14.95
design_4729,0.86,0.84,1.82,nan,nan,nan,0.73,1.33,17.58,7.78,0.92,19.38,18.02
design_4730,1.11,1.07,1.83,nan,nan,nan,0.75,1.44,16.99,7.54,0.92,19.89,17.07
design_4731,0.84,0.91,1.8,nan,nan,nan,0.75,1.33,17.8,7.89,0.92,9.25,10.22
design_4732,0.7,0.84,2.03,nan,nan,nan,0.74,1.43,18.66,8.25,0.92,25.24,18.8
design_4733,0.42,1.07,1.95,nan,nan,nan,0.71,1.39,17.18,7.63,0.92,24.69,12.2
design_4734,0.81,0.75,1.8,nan,nan,nan,0.69,1.3,17.54,7.77,0.92,16.04,10.6
design_4735,0.88,1.01,2.13,nan,nan,nan,0.78,1.55,17.3,7.67,0.92,20.08,15.42
design_4736,1.05,0.29,1.29,nan,nan,nan,0.58,1.03,15.74,6.99,0.92,17.46,14.57
design_4737,1.03,0.36,1.12,nan,nan,nan,0.54,0.94,15.51,6.91,0.92,19.18,15.75
design_4738,0.95,0.34,1.13,nan,nan,nan,0.55,0.92,15.52,6.9,0.92,16.22,14.55
design_4739,0.67,0.45,1.2,nan,nan,nan,0.53,0.89,16.42,7.29,0.92,18.29,15.83
design_4740,0.8,0.39,1.34,nan,nan,nan,0.58,0.99,16.52,7.31,0.92,20.75,13.74
design_4741,1.24,0.78,1.2,nan,nan,nan,0.6,1.11,16.72,7.41,0.92,18.86,13.31
design_4742,1.05,0.28,1.08,nan,nan,nan,0.54,0.92,15.88,7.05,0.92,17.86,17.38
design_4743,1.0,0.31,1.21,nan,nan,nan,0.56,0.97,16.4,7.27,0.92,18.93,13.59
design_4744,0.57,0.78,1.45,nan,nan,nan,0.57,1.04,14.21,6.4,0.9,22.36,17.64
design_4745,0.78,0.71,1.93,nan,nan,nan,0.73,1.33,17.29,7.69,0.9,18.93,18.53
design_4746,0.71,0.57,1.45,nan,nan,nan,0.57,1.03,14.89,6.69,0.9,21.68,18.64
design_4747,0.7,0.87,1.67,nan,nan,nan,0.63,1.2,14.98,6.75,0.9,22.47,18.32
design_4748,0.53,0.6,1.44,nan,nan,nan,0.55,1.0,15.39,6.89,0.9,22.17,18.79
design_4749,0.76,0.91,1.42,nan,nan,nan,0.6,1.09,13.87,6.26,0.91,20.23,18.17
design_4750,0.59,0.71,1.87,nan,nan,nan,0.65,1.26,11.7,5.39,0.9,22.98,19.29
design_4751,1.02,0.65,1.87,nan,nan,nan,0.69,1.34,16.49,7.38,0.9,22.94,18.31
design_4752,0.73,0.62,5.88,nan,nan,nan,1.43,3.35,17.43,7.68,0.91,21.41,20.56
design_4753,0.9,0.59,0.86,nan,nan,nan,0.51,0.8,18.33,8.0,0.92,17.05,16.76
design_4754,0.8,0.56,0.92,nan,nan,nan,0.51,0.77,18.76,8.18,0.92,16.44,17.83
design_4755,0.84,0.6,0.46,nan,nan,nan,0.48,0.66,16.59,7.28,0.92,21.1,19.53
design_4756,0.82,0.66,5.29,nan,nan,nan,1.3,3.04,18.59,8.13,0.91,15.16,12.35
design_4757,0.76,0.65,5.23,nan,nan,nan,1.28,3.0,17.99,7.88,0.92,21.42,20.14
design_4758,0.88,0.59,1.14,nan,nan,nan,0.54,0.9,19.14,8.34,0.91,24.18,15.55
design_4759,0.72,0.61,0.8,nan,nan,nan,0.46,0.71,17.7,7.73,0.92,18.44,18.5
design_4760,1.1,0.42,0.9,nan,nan,nan,0.57,0.88,16.52,7.43,0.92,10.07,8.95
design_4761,1.4,0.96,0.98,nan,nan,nan,0.66,1.1,16.83,7.55,0.92,11.13,11.16
design_4762,1.14,0.79,0.79,nan,nan,nan,0.57,0.9,15.68,7.08,0.92,10.93,10.58
design_4763,1.18,0.56,0.86,nan,nan,nan,0.59,0.9,16.8,7.54,0.92,21.82,20.89
design_4764,0.84,0.6,0.98,nan,nan,nan,0.55,0.87,16.6,7.46,0.92,10.71,10.76
design_4765,1.15,0.66,0.87,nan,nan,nan,0.57,0.91,15.5,7.0,0.92,10.84,10.66
design_4766,1.19,0.58,0.9,nan,nan,nan,0.58,0.93,16.92,7.59,0.92,9.7,9.78
design_4767,0.74,0.39,1.0,nan,nan,nan,0.55,0.83,16.28,7.33,0.92,10.28,10.35
design_4768,0.45,0.37,2.41,nan,nan,nan,0.76,1.52,17.46,7.76,0.91,8.34,8.22
design_4769,0.47,0.46,4.69,nan,nan,nan,1.31,2.92,18.36,8.09,0.92,25.09,19.91
design_4770,0.59,0.3,4.74,nan,nan,nan,1.31,2.95,19.29,8.51,0.91,11.85,10.1
design_4771,0.96,0.38,1.78,nan,nan,nan,0.68,1.24,18.14,8.02,0.91,15.42,8.41
design_4772,0.7,0.41,4.62,nan,nan,nan,1.29,2.89,18.99,8.39,0.91,17.61,15.65
design_4773,0.39,0.38,0.97,nan,nan,nan,0.48,0.67,16.75,7.44,0.91,8.9,5.11
design_4774,0.63,0.55,4.62,nan,nan,nan,1.28,2.89,18.79,8.28,0.91,20.8,17.2
design_4775,0.67,0.32,3.6,nan,nan,nan,1.05,2.26,18.73,8.26,0.91,8.24,9.43
design_4776,1.29,0.44,1.9,nan,nan,nan,0.75,1.46,17.56,7.8,0.92,25.24,18.01
design_4777,0.55,0.73,0.96,nan,nan,nan,0.53,0.8,17.74,7.86,0.92,23.01,12.84
design_4778,1.22,0.63,1.13,nan,nan,nan,0.62,1.05,17.67,7.84,0.92,25.14,18.56
design_4779,0.67,0.77,0.85,nan,nan,nan,0.52,0.78,17.25,7.66,0.92,19.81,13.61
design_4780,1.34,0.44,0.98,nan,nan,nan,0.6,1.01,17.45,7.75,0.92,23.59,14.18
design_4781,0.75,0.86,1.22,nan,nan,nan,0.63,1.01,15.93,7.13,0.91,16.87,11.01
design_4782,0.62,0.76,1.07,nan,nan,nan,0.56,0.87,17.0,7.57,0.92,20.9,11.04
design_4783,1.3,0.52,0.99,nan,nan,nan,0.61,1.0,17.27,7.67,0.92,14.68,13.33
design_4784,1.32,0.72,2.75,nan,nan,nan,0.9,1.85,17.18,7.54,0.92,20.82,16.38
design_4785,0.97,0.65,2.89,nan,nan,nan,0.9,1.84,17.67,7.75,0.92,23.21,21.24
design_4786,0.88,0.68,2.69,nan,nan,nan,0.83,1.72,17.8,7.82,0.92,23.72,17.92
design_4787,1.1,0.38,2.94,nan,nan,nan,0.89,1.87,18.02,7.88,0.92,13.27,15.24
design_4788,1.38,0.44,2.85,nan,nan,nan,0.91,1.89,17.28,7.6,0.92,20.32,15.89
design_4789,0.83,0.76,2.75,nan,nan,nan,0.83,1.75,17.45,7.66,0.92,15.75,17.27
design_4790,1.21,0.6,2.58,nan,nan,nan,0.82,1.72,17.43,7.67,0.92,12.41,10.09
design_4791,0.85,0.74,2.93,nan,nan,nan,0.88,1.85,17.66,7.74,0.92,16.6,14.67
design_4792,1.31,0.64,5.5,nan,nan,nan,1.39,3.21,18.49,8.09,0.91,8.85,8.98
design_4793,1.14,0.7,4.62,nan,nan,nan,1.18,2.72,18.58,8.15,0.91,16.42,15.66
design_4794,1.21,0.67,4.46,nan,nan,nan,1.15,2.64,17.11,7.57,0.91,24.33,20.1
design_4795,1.18,0.77,4.53,nan,nan,nan,1.16,2.68,17.25,7.6,0.91,7.64,5.62
design_4796,1.39,0.81,4.04,nan,nan,nan,1.09,2.46,17.44,7.68,0.91,19.75,14.07
design_4797,1.07,0.76,4.73,nan,nan,nan,1.2,2.77,18.07,7.93,0.91,11.62,12.92
design_4798,1.09,0.71,5.15,nan,nan,nan,1.29,3.0,17.79,7.82,0.91,12.06,11.8
design_4799,0.99,0.72,4.61,nan,nan,nan,1.17,2.69,18.72,8.19,0.91,17.58,14.85
design_4800,0.41,0.58,3.13,nan,nan,nan,1.06,2.2,18.55,8.27,0.92,8.6,6.41
design_4801,0.52,0.56,2.74,nan,nan,nan,0.95,1.94,17.22,7.74,0.91,8.12,7.71
design_4802,0.47,0.4,1.49,nan,nan,nan,0.62,1.08,6.28,3.24,0.9,1.61,1.77
design_4803,0.54,0.66,2.65,nan,nan,nan,0.93,1.89,16.52,7.45,0.91,7.87,8.6
design_4804,0.59,0.57,2.24,nan,nan,nan,0.81,1.61,15.5,7.04,0.9,6.15,6.02
design_4805,0.56,0.49,1.52,nan,nan,nan,0.64,1.12,5.39,2.85,0.9,1.76,1.57
design_4806,0.58,0.66,2.64,nan,nan,nan,0.93,1.88,16.34,7.37,0.91,7.04,7.85
design_4807,0.45,0.53,2.39,nan,nan,nan,0.84,1.7,17.28,7.77,0.91,3.77,2.84
design_4808,0.73,0.43,2.24,nan,nan,nan,0.78,1.55,17.26,7.68,0.92,17.75,15.06
design_4809,0.49,0.51,1.21,nan,nan,nan,0.53,0.88,18.03,7.99,0.92,21.12,16.25
design_4810,0.81,0.53,1.44,nan,nan,nan,0.61,1.08,17.65,7.83,0.92,19.9,12.08
design_4811,0.43,0.56,1.32,nan,nan,nan,0.57,0.95,17.32,7.69,0.92,20.3,15.74
design_4812,0.38,0.46,1.39,nan,nan,nan,0.55,0.97,17.26,7.67,0.92,16.94,14.82
design_4813,0.41,0.52,1.2,nan,nan,nan,0.53,0.86,17.74,7.87,0.92,19.7,13.14
design_4814,0.46,0.67,1.03,nan,nan,nan,0.5,0.8,17.97,7.97,0.92,19.35,15.67
design_4815,0.5,0.7,1.18,nan,nan,nan,0.54,0.9,17.89,7.93,0.92,27.24,12.42
design_4816,0.59,0.66,1.22,nan,nan,nan,0.56,0.9,16.47,7.3,0.92,22.38,19.3
design_4817,0.92,0.58,1.48,nan,nan,nan,0.62,1.1,18.01,7.94,0.91,19.39,9.94
design_4818,0.48,0.9,1.3,nan,nan,nan,0.58,0.97,17.16,7.58,0.91,21.64,14.94
design_4819,1.44,0.65,1.39,nan,nan,nan,0.66,1.24,17.73,7.8,0.92,22.48,17.73
design_4820,0.39,0.95,2.03,nan,nan,nan,0.7,1.37,18.08,7.95,0.92,24.24,20.81
design_4821,0.63,0.77,1.17,nan,nan,nan,0.56,0.91,17.17,7.6,0.91,20.88,17.93
design_4822,0.48,0.73,1.24,nan,nan,nan,0.58,0.9,16.14,7.16,0.92,22.92,18.63
design_4823,0.85,0.71,1.18,nan,nan,nan,0.59,0.96,16.47,7.3,0.92,22.1,19.14
design_4824,1.24,0.99,1.51,nan,nan,nan,0.62,1.25,17.47,7.64,0.91,14.72,14.67
design_4825,0.99,0.77,1.25,nan,nan,nan,0.52,1.01,17.47,7.66,0.91,14.74,14.8
design_4826,1.06,0.82,1.19,nan,nan,nan,0.54,1.03,17.32,7.6,0.91,13.67,14.11
design_4827,0.82,0.76,1.61,nan,nan,nan,0.56,1.08,16.51,7.27,0.91,17.44,15.63
design_4828,1.02,0.77,1.02,nan,nan,nan,0.51,0.94,17.19,7.54,0.91,20.41,17.76
design_4829,0.93,0.75,1.62,nan,nan,nan,0.56,1.12,19.53,8.5,0.91,18.39,16.76
design_4830,1.07,0.78,1.12,nan,nan,nan,0.52,1.0,17.38,7.61,0.91,14.47,14.78
design_4831,1.09,0.72,1.53,nan,nan,nan,0.56,1.14,17.0,7.47,0.91,18.27,16.62
design_4832,0.96,0.57,1.03,nan,nan,nan,0.54,0.9,16.61,7.29,0.93,26.02,18.81
design_4833,0.8,0.6,1.08,nan,nan,nan,0.52,0.87,17.05,7.48,0.93,25.36,17.76
design_4834,0.91,0.61,0.99,nan,nan,nan,0.53,0.87,16.3,7.17,0.93,24.6,17.36
design_4835,0.54,0.57,1.07,nan,nan,nan,0.5,0.79,17.3,7.58,0.93,22.69,12.15
design_4836,0.92,0.56,1.19,nan,nan,nan,0.58,0.96,16.45,7.23,0.93,9.88,9.96
design_4837,0.66,0.72,1.17,nan,nan,nan,0.54,0.9,16.86,7.4,0.93,10.18,9.66
design_4838,0.7,0.61,1.15,nan,nan,nan,0.52,0.88,16.71,7.33,0.93,24.64,16.04
design_4839,0.89,0.7,1.28,nan,nan,nan,0.59,1.01,16.71,7.34,0.93,8.82,9.12
design_4840,0.71,0.42,1.27,nan,nan,nan,0.58,0.91,10.89,5.0,0.91,1.96,1.56
design_4841,0.55,0.44,5.13,nan,nan,nan,1.41,3.19,18.01,7.99,0.91,20.74,18.26
design_4842,0.45,0.48,1.54,nan,nan,nan,0.54,1.02,17.32,7.69,0.9,5.37,4.75
design_4843,0.66,0.49,4.72,nan,nan,nan,1.31,2.95,19.27,8.47,0.91,13.2,10.1
design_4844,0.36,0.57,0.95,nan,nan,nan,0.47,0.69,15.94,7.05,0.92,22.57,14.29
design_4845,0.68,0.49,1.27,nan,nan,nan,0.53,0.92,16.74,7.43,0.9,9.97,8.53
design_4846,0.51,0.4,1.8,nan,nan,nan,0.61,1.17,18.75,8.27,0.91,21.91,18.92
design_4847,0.43,0.47,1.2,nan,nan,nan,0.51,0.82,17.48,7.7,0.92,20.41,16.6
design_4848,0.96,0.34,3.35,nan,nan,nan,1.15,2.33,9.8,4.65,0.9,23.63,17.44
design_4849,0.79,0.47,2.81,nan,nan,nan,0.99,1.96,16.15,7.24,0.92,19.33,13.43
design_4850,0.7,0.56,4.27,nan,nan,nan,1.39,2.93,16.22,7.38,0.9,21.83,14.32
design_4851,1.35,0.28,2.79,nan,nan,nan,1.07,2.03,19.09,8.55,0.9,20.79,14.39
design_4852,0.91,0.43,6.85,nan,nan,nan,2.14,4.67,19.84,8.87,0.91,25.59,11.25
design_4853,1.17,0.61,3.22,nan,nan,nan,1.13,2.29,17.59,7.88,0.9,8.7,11.33
design_4854,1.29,0.23,3.52,nan,nan,nan,1.22,2.48,18.43,8.2,0.91,15.32,9.38
design_4855,0.93,0.38,7.85,nan,nan,nan,2.44,5.34,18.23,8.18,0.9,19.21,11.99
design_4856,1.27,0.98,4.35,nan,nan,nan,1.15,2.62,16.06,7.12,0.91,15.17,13.12
design_4857,0.99,0.72,1.52,nan,nan,nan,0.65,1.12,17.26,7.56,0.91,23.35,18.77
design_4858,0.81,0.68,1.06,nan,nan,nan,0.58,0.86,17.03,7.49,0.91,11.16,14.08
design_4859,0.87,0.85,2.15,nan,nan,nan,0.7,1.4,17.08,7.52,0.91,17.22,13.24
design_4860,1.07,0.88,4.36,nan,nan,nan,1.13,2.58,16.51,7.29,0.91,17.53,14.57
design_4861,0.88,0.79,2.0,nan,nan,nan,0.68,1.32,18.21,7.99,0.91,19.29,13.6
design_4862,1.08,0.91,4.14,nan,nan,nan,1.14,2.47,16.7,7.33,0.92,16.17,13.23
design_4863,0.81,0.63,1.34,nan,nan,nan,0.59,0.97,16.31,7.22,0.9,11.2,13.54
design_4864,0.84,0.42,3.22,nan,nan,nan,1.11,2.28,17.56,7.85,0.92,22.17,18.44
design_4865,0.92,0.47,3.32,nan,nan,nan,1.15,2.36,17.83,7.96,0.92,19.57,16.3
design_4866,1.03,0.39,3.61,nan,nan,nan,1.24,2.56,18.17,8.11,0.92,19.69,18.96
design_4867,0.97,0.31,3.5,nan,nan,nan,1.21,2.48,16.36,7.39,0.91,17.28,13.45
design_4868,1.1,0.49,1.64,nan,nan,nan,0.71,1.3,17.19,7.69,0.92,17.95,16.0
design_4869,0.76,0.53,3.41,nan,nan,nan,1.17,2.41,17.66,7.9,0.92,20.36,18.42
design_4870,1.06,0.36,2.77,nan,nan,nan,1.0,2.01,19.42,8.69,0.91,16.34,13.59
design_4871,0.9,0.47,3.44,nan,nan,nan,1.18,2.44,17.78,7.95,0.92,18.19,12.86
design_4872,0.98,1.02,0.9,nan,nan,nan,0.55,0.96,17.89,7.88,0.92,18.68,14.01
design_4873,0.98,0.77,0.74,nan,nan,nan,0.6,0.84,17.22,7.59,0.92,19.93,15.99
design_4874,1.1,0.75,0.89,nan,nan,nan,0.53,0.93,17.41,7.67,0.92,17.94,16.19
design_4875,1.27,0.76,0.79,nan,nan,nan,0.59,0.97,16.98,7.5,0.92,12.88,11.69
design_4876,1.12,0.77,0.65,nan,nan,nan,0.56,0.87,18.02,7.92,0.92,26.4,16.84
design_4877,0.9,0.92,1.04,nan,nan,nan,0.55,0.96,17.4,7.67,0.92,22.83,15.83
design_4878,1.11,0.73,1.19,nan,nan,nan,0.59,1.05,16.84,7.44,0.92,11.72,12.12
design_4879,0.88,0.47,0.97,nan,nan,nan,0.49,0.82,17.22,7.6,0.92,16.77,12.75
design_4880,0.68,0.64,2.62,nan,nan,nan,0.77,1.64,18.01,7.92,0.91,12.33,14.41
design_4881,0.79,0.87,2.47,nan,nan,nan,0.75,1.61,19.19,8.43,0.91,9.81,10.51
design_4882,0.88,0.72,2.06,nan,nan,nan,0.68,1.38,18.93,8.33,0.91,12.25,11.53
design_4883,0.76,0.51,2.24,nan,nan,nan,0.72,1.43,18.02,7.94,0.91,14.07,11.89
design_4884,0.74,0.68,1.86,nan,nan,nan,0.63,1.24,18.17,8.0,0.91,11.43,13.36
design_4885,0.9,0.79,2.37,nan,nan,nan,0.74,1.56,18.29,8.05,0.91,21.89,15.28
design_4886,0.8,0.65,2.78,nan,nan,nan,0.82,1.75,18.28,8.07,0.91,11.76,16.22
design_4887,0.9,0.73,2.46,nan,nan,nan,0.75,1.6,18.97,8.34,0.91,10.9,8.76
design_4888,0.56,0.76,1.19,nan,nan,nan,0.52,0.88,18.07,7.95,0.92,8.32,7.47
design_4889,1.36,0.81,0.64,nan,nan,nan,0.58,0.99,17.44,7.65,0.92,21.52,20.09
design_4890,1.11,0.98,1.79,nan,nan,nan,0.68,1.35,16.97,7.49,0.92,9.56,12.9
design_4891,0.52,0.68,0.86,nan,nan,nan,0.48,0.7,17.84,7.82,0.92,18.06,15.1
design_4892,0.48,0.54,0.63,nan,nan,nan,0.46,0.56,17.25,7.56,0.92,20.7,17.9
design_4893,0.63,0.54,0.59,nan,nan,nan,0.48,0.59,17.84,7.82,0.92,18.95,16.13
design_4894,0.57,0.88,1.25,nan,nan,nan,0.5,0.95,18.46,8.08,0.92,18.37,15.89
design_4895,0.58,0.56,0.65,nan,nan,nan,0.48,0.6,17.78,7.79,0.92,20.26,18.07
design_4896,0.72,1.15,1.26,nan,nan,nan,0.66,1.11,16.24,7.28,0.92,23.07,19.84
design_4897,0.84,1.19,1.2,nan,nan,nan,0.64,1.11,18.15,8.1,0.92,9.52,10.47
design_4898,0.96,1.01,1.03,nan,nan,nan,0.64,1.01,17.63,7.89,0.92,18.75,13.9
design_4899,1.01,0.87,1.04,nan,nan,nan,0.59,0.99,16.29,7.33,0.91,8.21,9.52
design_4900,1.22,0.27,1.19,nan,nan,nan,0.65,1.06,14.32,6.49,0.91,9.36,9.99
design_4901,1.06,0.78,1.11,nan,nan,nan,0.65,1.03,14.37,6.52,0.91,9.66,10.48
design_4902,1.3,0.43,1.29,nan,nan,nan,0.65,1.14,18.0,8.04,0.92,9.88,10.1
design_4903,0.87,1.07,1.39,nan,nan,nan,0.67,1.19,17.58,7.85,0.92,9.21,9.67
design_4904,0.89,0.4,1.07,nan,nan,nan,0.62,0.91,11.11,5.18,0.91,21.62,17.8
design_4905,0.58,0.43,0.74,nan,nan,nan,0.47,0.64,11.99,5.56,0.91,11.55,9.05
design_4906,0.75,0.39,0.53,nan,nan,nan,0.46,0.57,16.92,7.61,0.91,21.64,18.97
design_4907,1.0,0.66,0.6,nan,nan,nan,0.53,0.74,11.6,5.38,0.91,21.42,17.83
design_4908,0.88,0.39,1.17,nan,nan,nan,0.65,0.97,10.01,4.72,0.91,21.83,17.83
design_4909,0.94,0.83,1.09,nan,nan,nan,0.6,1.0,13.38,6.12,0.91,20.84,18.24
design_4910,0.59,0.76,0.5,nan,nan,nan,0.45,0.59,16.53,7.44,0.91,12.1,10.11
design_4911,0.51,0.29,1.05,nan,nan,nan,0.55,0.8,15.7,7.1,0.91,15.89,13.93
design_4912,0.87,0.54,1.36,nan,nan,nan,0.66,1.09,15.14,6.91,0.91,15.71,12.72
design_4913,0.76,0.42,1.19,nan,nan,nan,0.6,0.95,13.01,5.96,0.91,14.4,14.06
design_4914,1.04,0.78,1.78,nan,nan,nan,0.78,1.42,15.77,7.15,0.91,14.79,15.06
design_4915,0.91,0.65,1.07,nan,nan,nan,0.57,0.94,16.22,7.32,0.91,17.44,13.94
design_4916,0.77,0.57,1.08,nan,nan,nan,0.56,0.9,15.22,6.92,0.91,12.31,11.81
design_4917,1.03,0.57,2.06,nan,nan,nan,0.85,1.58,18.13,8.12,0.92,9.35,6.46
design_4918,0.76,0.57,1.09,nan,nan,nan,0.57,0.91,14.53,6.6,0.91,21.77,17.65
design_4919,0.66,0.6,1.15,nan,nan,nan,0.58,0.93,16.92,7.64,0.91,14.22,12.71
design_4920,1.26,0.75,0.64,nan,nan,nan,0.59,0.94,18.99,8.27,0.92,19.03,14.68
design_4921,0.83,0.74,1.04,nan,nan,nan,0.53,0.88,17.98,7.89,0.91,20.58,16.7
design_4922,1.35,0.69,0.74,nan,nan,nan,0.61,1.0,17.29,7.58,0.92,15.61,14.23
design_4923,0.89,0.65,0.64,nan,nan,nan,0.5,0.74,17.31,7.6,0.92,12.47,14.58
design_4924,0.96,0.46,1.15,nan,nan,nan,0.52,0.91,18.44,8.07,0.91,19.55,16.3
design_4925,1.06,0.62,0.58,nan,nan,nan,0.5,0.8,17.51,7.65,0.92,20.17,16.47
design_4926,0.78,0.63,0.8,nan,nan,nan,0.5,0.74,17.69,7.75,0.91,18.92,15.95
design_4927,0.9,0.6,0.56,nan,nan,nan,0.5,0.72,17.32,7.58,0.92,18.22,15.34
design_4928,0.64,0.65,1.15,nan,nan,nan,0.55,0.87,11.51,5.32,0.9,23.37,18.28
design_4929,0.73,0.71,1.98,nan,nan,nan,0.69,1.34,15.51,7.0,0.89,22.43,17.25
design_4930,0.7,0.47,2.92,nan,nan,nan,0.89,1.87,16.31,7.32,0.89,7.3,8.77
design_4931,0.6,0.65,2.86,nan,nan,nan,0.87,1.83,18.31,8.13,0.9,15.0,16.64
design_4932,0.66,0.68,2.73,nan,nan,nan,0.85,1.76,18.8,8.34,0.9,22.89,17.62
design_4933,0.7,0.7,2.4,nan,nan,nan,0.77,1.58,17.43,7.77,0.9,20.31,16.14
design_4934,0.69,0.64,1.8,nan,nan,nan,0.65,1.23,15.71,7.07,0.9,22.89,17.53
design_4935,0.6,0.41,1.89,nan,nan,nan,0.65,1.24,11.27,5.24,0.89,23.44,19.03
design_4936,0.94,0.43,0.7,nan,nan,nan,0.51,0.73,16.93,7.43,0.93,17.78,14.04
design_4937,0.52,0.51,0.82,nan,nan,nan,0.48,0.65,16.55,7.27,0.93,17.65,14.06
design_4938,0.75,0.63,0.9,nan,nan,nan,0.5,0.78,18.37,8.06,0.92,23.31,15.33
design_4939,0.68,0.66,0.96,nan,nan,nan,0.49,0.8,15.83,7.05,0.91,26.4,17.17
design_4940,0.6,0.52,1.27,nan,nan,nan,0.53,0.9,16.97,7.5,0.92,16.82,15.05
design_4941,0.7,0.49,1.17,nan,nan,nan,0.53,0.87,18.04,7.94,0.92,17.39,13.38
design_4942,0.51,0.42,0.81,nan,nan,nan,0.46,0.63,16.38,7.2,0.93,17.11,14.58
design_4943,0.67,0.49,0.85,nan,nan,nan,0.48,0.7,15.5,6.9,0.91,25.91,16.66
design_4944,1.23,0.82,2.36,nan,nan,nan,0.82,1.64,17.54,7.7,0.92,20.37,16.65
design_4945,1.0,0.66,2.34,nan,nan,nan,0.76,1.55,17.75,7.79,0.92,21.31,18.08
design_4946,0.94,0.66,1.16,nan,nan,nan,0.52,0.96,17.03,7.49,0.92,25.37,15.23
design_4947,0.95,0.55,0.89,nan,nan,nan,0.48,0.83,18.01,7.9,0.92,11.32,13.2
design_4948,1.08,0.66,2.38,nan,nan,nan,0.8,1.59,18.17,7.96,0.92,28.62,20.81
design_4949,0.98,0.46,1.04,nan,nan,nan,0.5,0.88,17.94,7.88,0.92,23.94,16.95
design_4950,0.84,0.52,0.85,nan,nan,nan,0.45,0.76,17.6,7.73,0.92,19.72,17.13
design_4951,1.04,0.81,2.43,nan,nan,nan,0.8,1.62,17.56,7.71,0.92,22.1,15.99
design_4952,0.63,0.71,1.79,nan,nan,nan,0.65,1.22,18.11,7.97,0.92,9.31,9.45
design_4953,0.77,0.67,1.2,nan,nan,nan,0.55,0.93,18.15,8.0,0.91,9.96,9.11
design_4954,0.54,0.8,1.61,nan,nan,nan,0.6,1.13,18.22,8.02,0.92,8.68,6.48
design_4955,0.57,0.61,1.94,nan,nan,nan,0.69,1.28,17.71,7.8,0.92,11.25,10.63
design_4956,0.88,0.74,1.42,nan,nan,nan,0.6,1.08,17.95,7.9,0.92,14.29,12.23
design_4957,0.54,0.67,1.87,nan,nan,nan,0.66,1.25,17.93,7.9,0.92,11.11,10.18
design_4958,0.58,0.7,1.59,nan,nan,nan,0.6,1.11,18.24,8.03,0.92,11.78,12.7
design_4959,0.62,0.89,1.63,nan,nan,nan,0.61,1.17,18.56,8.16,0.92,17.01,11.23
design_4960,0.76,0.31,1.57,nan,nan,nan,0.69,1.19,12.85,5.91,0.91,14.86,11.16
design_4961,0.74,0.26,1.46,nan,nan,nan,0.65,1.11,15.96,7.2,0.91,22.67,16.45
design_4962,0.72,0.88,1.69,nan,nan,nan,0.73,1.32,13.38,6.13,0.91,15.06,11.98
design_4963,1.21,1.04,1.46,nan,nan,nan,0.72,1.31,15.09,6.81,0.92,14.8,13.96
design_4964,0.86,0.49,1.89,nan,nan,nan,0.79,1.43,17.57,7.87,0.92,22.14,18.19
design_4965,0.83,0.78,1.56,nan,nan,nan,0.7,1.24,13.1,6.02,0.91,13.43,11.62
design_4966,0.8,0.86,1.72,nan,nan,nan,0.76,1.35,12.04,5.56,0.91,22.91,17.77
design_4967,0.6,0.29,1.63,nan,nan,nan,0.68,1.2,14.78,6.72,0.91,16.93,11.59
design_4968,1.23,0.65,0.78,nan,nan,nan,0.53,0.93,18.14,7.96,0.92,15.44,15.34
design_4969,1.35,0.89,1.7,nan,nan,nan,0.71,1.37,17.48,7.69,0.91,30.02,21.49
design_4970,1.36,0.72,0.78,nan,nan,nan,0.56,1.01,17.92,7.86,0.92,25.5,13.44
design_4971,0.92,0.69,2.43,nan,nan,nan,0.79,1.58,17.25,7.59,0.91,25.77,23.87
design_4972,0.85,0.93,1.38,nan,nan,nan,0.59,1.08,18.0,7.89,0.92,14.58,13.78
design_4973,1.28,0.72,0.97,nan,nan,nan,0.59,1.03,17.95,7.88,0.92,30.26,18.28
design_4974,1.01,0.95,2.56,nan,nan,nan,0.82,1.71,17.75,7.78,0.92,7.4,5.47
design_4975,1.08,0.4,0.61,nan,nan,nan,0.51,0.77,18.62,8.16,0.91,17.11,18.3
design_4976,1.51,0.98,2.74,nan,nan,nan,1.01,1.97,17.6,7.77,0.92,19.65,14.83
design_4977,0.91,0.96,1.84,nan,nan,nan,0.71,1.35,17.08,7.57,0.91,13.92,17.46
design_4978,0.81,1.19,2.25,nan,nan,nan,0.79,1.6,17.48,7.75,0.91,13.14,14.91
design_4979,0.76,1.15,1.98,nan,nan,nan,0.73,1.44,17.44,7.72,0.92,19.01,16.52
design_4980,0.78,1.17,1.63,nan,nan,nan,0.69,1.27,18.26,8.08,0.91,22.6,17.25
design_4981,0.96,1.13,1.79,nan,nan,nan,0.7,1.37,17.65,7.81,0.92,20.05,17.53
design_4982,0.91,1.15,1.68,nan,nan,nan,0.68,1.31,17.72,7.83,0.92,19.4,15.84
design_4983,0.8,1.25,1.79,nan,nan,nan,0.69,1.37,17.91,7.93,0.91,22.22,16.74
design_4984,0.43,0.47,4.88,nan,nan,nan,1.66,3.46,18.05,8.14,0.91,12.62,9.25
design_4985,0.38,0.48,7.96,nan,nan,nan,2.64,5.64,18.72,8.4,0.92,17.14,12.13
design_4986,0.5,0.44,5.64,nan,nan,nan,1.89,4.0,18.64,8.39,0.91,14.24,8.94
design_4987,0.46,0.4,7.51,nan,nan,nan,2.5,5.32,18.59,8.34,0.91,20.83,13.46
design_4988,0.39,0.44,0.99,nan,nan,nan,0.53,0.76,17.54,7.84,0.92,18.24,13.81
design_4989,0.52,0.43,7.46,nan,nan,nan,2.48,5.29,18.17,8.16,0.91,15.14,11.28
design_4990,0.45,0.53,1.47,nan,nan,nan,0.63,1.1,16.51,7.44,0.92,12.13,9.24
design_4991,0.9,0.47,5.35,nan,nan,nan,1.81,3.82,17.81,8.05,0.91,10.55,9.19
design_4992,1.21,0.43,1.91,nan,nan,nan,0.63,1.28,18.29,7.97,0.91,15.43,16.99
design_4993,1.11,0.39,2.03,nan,nan,nan,0.66,1.29,17.63,7.71,0.92,18.85,12.74
design_4994,1.11,0.5,1.96,nan,nan,nan,0.68,1.28,14.14,6.3,0.91,15.38,7.19
design_4995,1.33,0.38,1.76,nan,nan,nan,0.65,1.26,17.08,7.48,0.91,13.07,6.83
design_4996,1.32,0.53,1.63,nan,nan,nan,0.66,1.23,17.46,7.65,0.91,19.69,18.72
design_4997,1.09,0.44,1.93,nan,nan,nan,0.65,1.25,17.53,7.68,0.91,13.91,12.94
design_4998,1.38,0.31,1.77,nan,nan,nan,0.65,1.28,18.18,7.94,0.91,13.22,10.04
design_4999,1.16,0.31,1.74,nan,nan,nan,0.62,1.18,17.13,7.52,0.91,13.57,6.85
design_5000,1.02,0.79,1.49,nan,nan,nan,0.68,1.15,17.13,7.54,0.92,13.43,16.27
design_5001,0.96,0.73,1.8,nan,nan,nan,0.73,1.27,16.57,7.31,0.92,16.08,19.14
design_5002,0.92,0.74,1.11,nan,nan,nan,0.62,0.94,17.42,7.66,0.92,17.78,13.6
design_5003,1.03,0.81,1.68,nan,nan,nan,0.7,1.24,16.69,7.35,0.92,16.28,13.13
design_5004,1.11,0.84,1.6,nan,nan,nan,0.72,1.24,16.7,7.37,0.92,21.68,19.82
design_5005,1.11,0.88,1.35,nan,nan,nan,0.68,1.14,16.88,7.44,0.92,15.25,16.0
design_5006,1.0,0.75,1.67,nan,nan,nan,0.71,1.22,17.15,7.54,0.92,15.46,19.13
design_5007,1.0,0.75,1.56,nan,nan,nan,0.69,1.17,16.18,7.15,0.92,15.9,13.56
design_5008,2.67,1.26,1.03,nan,nan,nan,0.91,1.7,6.17,3.12,0.91,4.36,5.12
design_5009,2.5,1.08,0.9,nan,nan,nan,0.85,1.55,7.15,3.52,0.91,3.04,3.94
design_5010,2.47,1.44,2.4,nan,nan,nan,1.11,2.23,17.15,7.72,0.9,12.03,12.62
design_5011,2.56,1.28,1.19,nan,nan,nan,0.9,1.71,7.29,3.59,0.91,3.42,4.1
design_5012,0.58,0.94,1.0,nan,nan,nan,0.56,0.88,10.42,4.89,0.9,3.68,4.36
design_5013,0.68,1.0,1.01,nan,nan,nan,0.61,0.93,8.17,3.94,0.91,2.91,3.56
design_5014,2.4,1.16,0.65,nan,nan,nan,0.81,1.46,5.61,2.88,0.91,2.07,2.36
design_5015,0.61,1.01,0.96,nan,nan,nan,0.56,0.89,15.1,6.85,0.91,7.13,6.82
design_5016,0.85,0.85,1.11,nan,nan,nan,0.58,0.99,16.23,7.32,0.91,23.76,19.7
design_5017,0.78,0.75,1.03,nan,nan,nan,0.55,0.9,15.92,7.19,0.91,23.13,19.78
design_5018,0.74,0.71,1.5,nan,nan,nan,0.64,1.16,16.11,7.27,0.91,23.53,21.72
design_5019,0.77,0.55,1.02,nan,nan,nan,0.55,0.86,16.41,7.38,0.91,23.17,18.83
design_5020,0.74,0.36,1.38,nan,nan,nan,0.61,1.05,14.29,6.49,0.91,23.79,20.96
design_5021,0.39,0.51,1.61,nan,nan,nan,0.65,1.16,16.3,7.37,0.9,25.22,19.69
design_5022,0.43,0.69,0.86,nan,nan,nan,0.47,0.72,17.79,7.96,0.91,24.67,21.07
design_5023,0.69,0.77,0.93,nan,nan,nan,0.52,0.83,16.36,7.38,0.91,23.99,19.37
design_5024,0.75,0.52,0.84,nan,nan,nan,0.51,0.71,17.0,7.44,0.91,10.78,13.19
design_5025,0.51,0.61,1.82,nan,nan,nan,0.59,1.07,17.7,7.74,0.91,10.69,13.55
design_5026,0.54,0.56,1.31,nan,nan,nan,0.52,0.83,17.31,7.58,0.91,10.19,11.2
design_5027,0.49,0.52,1.04,nan,nan,nan,0.5,0.7,16.95,7.42,0.91,11.22,13.44
design_5028,0.61,0.46,1.73,nan,nan,nan,0.56,1.02,17.75,7.75,0.91,12.21,11.96
design_5029,0.51,0.47,1.06,nan,nan,nan,0.5,0.7,17.41,7.62,0.91,11.25,13.44
design_5030,0.7,0.47,0.99,nan,nan,nan,0.49,0.73,16.53,7.24,0.91,10.87,12.5
design_5031,0.51,0.58,1.95,nan,nan,nan,0.58,1.13,18.38,8.01,0.91,22.5,19.6
design_5032,0.67,0.64,1.13,nan,nan,nan,0.52,0.84,16.67,7.36,0.91,17.28,13.61
design_5033,0.82,0.62,4.69,nan,nan,nan,1.17,2.7,18.93,8.3,0.91,13.41,15.08
design_5034,0.76,0.62,2.02,nan,nan,nan,0.67,1.27,18.12,7.97,0.91,12.57,14.82
design_5035,0.66,0.72,1.47,nan,nan,nan,0.59,1.01,17.61,7.74,0.91,10.78,12.48
design_5036,0.66,0.5,1.33,nan,nan,nan,0.54,0.9,17.51,7.7,0.91,17.28,15.27
design_5037,0.73,0.58,0.98,nan,nan,nan,0.51,0.78,17.26,7.59,0.92,14.18,14.73
design_5038,0.62,0.54,0.77,nan,nan,nan,0.5,0.65,17.76,7.77,0.92,14.85,15.32
design_5039,0.53,0.51,0.92,nan,nan,nan,0.49,0.67,17.81,7.78,0.92,50.98,32.92
design_5040,0.48,0.55,0.68,nan,nan,nan,0.47,0.6,5.19,2.7,0.92,5.19,3.3
design_5041,1.22,1.07,0.74,nan,nan,nan,0.59,0.97,5.12,2.67,0.92,4.4,3.09
design_5042,0.95,0.42,1.26,nan,nan,nan,0.64,1.04,11.92,5.51,0.91,22.17,20.16
design_5043,0.9,0.49,0.76,nan,nan,nan,0.53,0.75,4.33,2.35,0.92,3.79,2.89
design_5044,0.84,0.41,1.19,nan,nan,nan,0.61,0.97,9.55,4.53,0.91,23.82,19.5
design_5045,0.95,0.36,1.26,nan,nan,nan,0.63,1.03,12.6,5.8,0.91,23.86,19.45
design_5046,0.84,0.51,1.24,nan,nan,nan,0.62,1.01,11.54,5.35,0.91,22.18,19.51
design_5047,1.05,0.86,0.58,nan,nan,nan,0.51,0.8,4.41,2.38,0.92,5.25,3.42
design_5048,1.2,0.8,2.79,nan,nan,nan,0.88,1.78,16.92,7.44,0.91,12.6,14.74
design_5049,1.38,1.03,2.46,nan,nan,nan,0.85,1.72,17.18,7.55,0.91,22.48,16.4
design_5050,0.82,0.92,0.64,nan,nan,nan,0.5,0.8,18.0,7.9,0.91,23.02,14.7
design_5051,1.11,0.94,2.67,nan,nan,nan,0.86,1.73,17.36,7.59,0.92,11.68,13.92
design_5052,0.72,0.85,0.6,nan,nan,nan,0.48,0.73,17.36,7.6,0.92,17.42,12.37
design_5053,1.25,1.18,2.4,nan,nan,nan,0.82,1.68,17.43,7.65,0.91,20.74,15.16
design_5054,1.15,1.07,2.44,nan,nan,nan,0.81,1.65,17.37,7.61,0.91,22.7,15.46
design_5055,1.11,0.95,2.43,nan,nan,nan,0.81,1.61,17.23,7.56,0.91,12.64,14.14
design_5056,1.03,0.65,1.39,nan,nan,nan,0.68,1.15,18.61,8.35,0.91,22.32,18.82
design_5057,0.76,0.48,1.46,nan,nan,nan,0.66,1.11,16.3,7.38,0.91,22.28,20.0
design_5058,1.14,0.69,2.7,nan,nan,nan,1.0,2.0,15.98,7.27,0.9,21.6,19.58
design_5059,1.05,0.63,1.95,nan,nan,nan,0.79,1.49,16.64,7.52,0.91,21.48,20.19
design_5060,1.46,0.38,1.23,nan,nan,nan,0.64,1.16,17.89,8.02,0.91,19.85,19.85
design_5061,1.4,0.66,4.92,nan,nan,nan,1.65,3.5,17.51,7.88,0.91,21.9,18.19
design_5062,0.75,0.85,1.78,nan,nan,nan,0.74,1.36,17.45,7.83,0.91,21.46,21.14
design_5063,0.69,0.77,1.46,nan,nan,nan,0.67,1.14,19.08,8.53,0.91,13.52,15.31
design_5064,0.68,1.02,1.0,nan,nan,nan,0.55,0.91,17.73,7.78,0.92,7.52,4.71
design_5065,0.75,1.11,0.83,nan,nan,nan,0.55,0.9,18.57,8.14,0.92,6.94,6.1
design_5066,0.59,0.71,0.97,nan,nan,nan,0.49,0.78,17.92,7.87,0.92,10.59,7.31
design_5067,0.77,0.95,0.97,nan,nan,nan,0.54,0.9,18.02,7.9,0.92,17.05,22.54
design_5068,0.75,0.77,1.01,nan,nan,nan,0.56,0.86,17.84,7.82,0.92,16.43,10.96
design_5069,0.81,1.01,0.92,nan,nan,nan,0.55,0.91,18.51,8.11,0.91,43.77,17.49
design_5070,0.7,0.99,1.26,nan,nan,nan,0.6,1.01,16.62,7.32,0.92,15.44,10.22
design_5071,0.72,1.08,0.96,nan,nan,nan,0.53,0.92,18.06,7.92,0.92,9.54,4.44
design_5072,0.59,0.41,3.52,nan,nan,nan,1.03,2.21,19.94,8.75,0.92,46.37,39.17
design_5073,0.87,0.47,3.97,nan,nan,nan,1.15,2.51,18.96,8.36,0.91,42.52,18.85
design_5074,0.56,0.52,1.79,nan,nan,nan,0.65,1.18,19.7,8.66,0.91,46.86,37.91
design_5075,0.62,0.41,3.53,nan,nan,nan,1.03,2.22,20.7,9.08,0.91,34.44,17.38
design_5076,0.7,0.43,4.34,nan,nan,nan,1.23,2.72,22.51,9.81,0.91,36.75,20.73
design_5077,0.6,0.47,3.88,nan,nan,nan,1.12,2.43,21.14,9.23,0.92,45.61,38.41
design_5078,0.95,0.49,1.5,nan,nan,nan,0.63,1.11,21.7,9.43,0.92,23.47,32.4
design_5079,0.6,0.49,4.42,nan,nan,nan,1.25,2.76,19.91,8.73,0.91,37.25,22.77
design_5080,1.3,0.59,6.05,nan,nan,nan,1.83,4.06,16.53,7.35,0.92,24.55,19.42
design_5081,1.04,0.57,6.05,nan,nan,nan,1.82,4.04,19.09,8.42,0.92,32.79,20.56
design_5082,1.33,0.59,5.99,nan,nan,nan,1.82,4.03,17.06,7.57,0.92,24.95,17.43
design_5083,0.97,0.57,6.04,nan,nan,nan,1.82,4.03,16.65,7.4,0.92,26.72,17.98
design_5084,0.42,0.45,2.47,nan,nan,nan,0.83,1.66,18.38,8.18,0.91,11.32,13.91
design_5085,1.32,0.53,6.07,nan,nan,nan,1.84,4.07,16.83,7.48,0.92,13.15,14.63
design_5086,1.35,0.51,6.01,nan,nan,nan,1.83,4.04,17.13,7.6,0.92,11.05,12.91
design_5087,0.87,0.49,6.03,nan,nan,nan,1.81,4.01,17.78,7.89,0.92,13.4,15.13
design_5088,0.93,0.9,3.98,nan,nan,nan,0.97,2.24,18.78,8.18,0.91,43.52,19.79
design_5089,1.02,0.96,1.52,nan,nan,nan,0.63,1.16,19.66,8.53,0.91,40.83,25.1
design_5090,1.22,0.87,1.6,nan,nan,nan,0.65,1.24,19.38,8.43,0.91,36.69,17.51
design_5091,1.16,1.44,1.49,nan,nan,nan,0.68,1.35,19.21,8.36,0.91,19.91,19.68
design_5092,1.37,0.89,1.57,nan,nan,nan,0.65,1.3,18.69,8.14,0.91,5.59,4.9
design_5093,1.18,0.94,1.49,nan,nan,nan,0.62,1.2,18.46,8.06,0.91,1.92,2.24
design_5094,1.67,0.74,1.41,nan,nan,nan,0.65,1.35,19.45,8.44,0.92,10.42,11.04
design_5095,1.11,0.7,3.67,nan,nan,nan,0.91,2.09,20.57,8.91,0.91,21.88,12.63
design_5096,0.6,0.77,1.75,nan,nan,nan,0.63,1.17,17.69,7.74,0.92,11.14,13.13
design_5097,0.67,0.73,1.72,nan,nan,nan,0.63,1.16,17.41,7.64,0.92,11.47,13.36
design_5098,0.59,0.84,1.7,nan,nan,nan,0.62,1.16,17.43,7.64,0.92,8.25,10.46
design_5099,0.6,0.78,1.65,nan,nan,nan,0.6,1.12,17.56,7.69,0.92,15.81,8.18
design_5100,0.67,0.78,2.13,nan,nan,nan,0.7,1.39,17.62,7.75,0.92,9.89,9.99
design_5101,0.54,0.81,1.69,nan,nan,nan,0.62,1.14,17.34,7.6,0.92,27.75,20.15
design_5102,0.55,0.92,1.57,nan,nan,nan,0.6,1.11,17.6,7.71,0.92,17.28,13.69
design_5103,0.63,0.83,1.69,nan,nan,nan,0.61,1.16,17.97,7.87,0.92,26.54,21.14
design_5104,0.58,0.8,3.5,nan,nan,nan,0.85,1.93,18.38,8.03,0.91,26.79,23.2
design_5105,0.47,0.7,3.57,nan,nan,nan,0.87,1.95,18.07,7.9,0.91,23.82,23.66
design_5106,0.52,0.8,1.33,nan,nan,nan,0.55,0.9,17.44,7.63,0.91,16.06,15.38
design_5107,0.55,0.71,3.53,nan,nan,nan,0.85,1.94,17.64,7.72,0.91,25.72,24.81
design_5108,0.47,0.87,1.57,nan,nan,nan,0.55,1.01,17.34,7.59,0.91,27.5,22.25
design_5109,0.51,0.75,3.67,nan,nan,nan,0.9,2.01,17.32,7.57,0.91,22.61,22.27
design_5110,0.41,0.78,3.55,nan,nan,nan,0.85,1.94,17.99,7.87,0.91,27.55,23.22
design_5111,0.36,0.81,3.65,nan,nan,nan,0.88,1.99,17.97,7.86,0.91,12.85,11.04
design_5112,0.41,0.67,1.91,nan,nan,nan,0.73,1.38,17.14,7.73,0.91,12.6,7.56
design_5113,0.6,0.79,5.04,nan,nan,nan,1.65,3.53,15.41,6.98,0.91,10.75,8.27
design_5114,0.57,0.61,2.12,nan,nan,nan,0.8,1.53,15.71,7.14,0.91,10.84,6.27
design_5115,0.56,0.75,2.4,nan,nan,nan,0.87,1.73,16.24,7.35,0.91,11.07,6.43
design_5116,0.51,0.91,5.22,nan,nan,nan,1.7,3.65,17.16,7.68,0.92,10.53,10.54
design_5117,0.68,0.64,4.39,nan,nan,nan,1.45,3.08,17.42,7.83,0.91,14.25,9.89
design_5118,0.54,0.88,5.12,nan,nan,nan,1.68,3.59,16.42,7.39,0.92,11.87,6.98
design_5119,0.43,0.82,5.24,nan,nan,nan,1.71,3.66,15.91,7.15,0.92,23.49,19.97
design_5120,0.97,0.42,4.51,nan,nan,nan,1.4,3.03,19.96,8.9,0.9,26.51,16.18
design_5121,0.79,0.5,4.34,nan,nan,nan,1.34,2.91,18.12,8.15,0.89,23.68,17.86
design_5122,0.92,0.6,2.69,nan,nan,nan,0.91,1.87,19.2,8.59,0.9,13.66,8.7
design_5123,0.65,0.32,6.27,nan,nan,nan,1.88,4.15,19.95,8.87,0.9,32.55,13.63
design_5124,0.8,0.42,6.65,nan,nan,nan,2.0,4.41,17.21,7.7,0.91,24.35,16.71
design_5125,1.03,0.46,6.15,nan,nan,nan,1.86,4.1,19.57,8.73,0.91,25.02,16.16
design_5126,0.73,0.51,3.14,nan,nan,nan,1.01,2.12,18.3,8.19,0.9,26.06,17.1
design_5127,0.76,0.45,5.76,nan,nan,nan,1.74,3.83,19.22,8.6,0.9,25.7,15.62
design_5128,0.49,0.28,4.22,nan,nan,nan,0.99,2.25,18.47,8.05,0.91,11.45,11.3
design_5129,0.5,0.31,2.17,nan,nan,nan,0.62,1.2,18.42,8.03,0.91,10.18,11.01
design_5130,0.48,0.31,1.78,nan,nan,nan,0.54,1.0,18.7,8.12,0.92,16.08,17.99
design_5131,0.48,0.41,2.51,nan,nan,nan,0.68,1.38,17.96,7.85,0.91,9.55,8.88
design_5132,0.48,0.27,1.67,nan,nan,nan,0.55,0.94,18.19,7.92,0.92,9.98,10.59
design_5133,0.47,0.28,2.61,nan,nan,nan,0.69,1.42,18.13,7.93,0.91,14.61,14.45
design_5134,0.52,0.28,2.0,nan,nan,nan,0.57,1.12,16.98,7.44,0.91,8.92,8.34
design_5135,0.6,0.32,1.97,nan,nan,nan,0.63,1.12,17.79,7.77,0.91,10.86,11.04
design_5136,0.56,0.45,1.62,nan,nan,nan,0.61,1.11,17.46,7.74,0.91,5.47,3.29
design_5137,0.4,0.52,0.94,nan,nan,nan,0.47,0.7,18.64,8.23,0.92,18.41,13.41
design_5138,0.56,0.49,1.18,nan,nan,nan,0.51,0.86,18.39,8.12,0.91,15.64,10.99
design_5139,0.53,0.55,1.13,nan,nan,nan,0.5,0.84,18.47,8.18,0.91,13.23,8.77
design_5140,0.51,0.58,1.34,nan,nan,nan,0.55,0.95,17.86,7.91,0.92,20.19,15.05
design_5141,0.61,0.66,1.34,nan,nan,nan,0.57,0.99,17.95,7.94,0.91,16.74,12.39
design_5142,0.64,0.58,1.58,nan,nan,nan,0.6,1.12,17.77,7.88,0.91,7.8,6.13
design_5143,0.66,0.63,1.35,nan,nan,nan,0.55,1.0,18.29,8.09,0.92,14.09,12.25
design_5144,0.6,0.72,1.67,nan,nan,nan,0.65,1.15,16.76,7.43,0.92,14.07,13.95
design_5145,0.61,0.52,1.24,nan,nan,nan,0.53,0.89,15.42,6.86,0.92,25.93,18.35
design_5146,0.64,0.82,1.32,nan,nan,nan,0.57,1.0,17.51,7.73,0.92,25.83,18.59
design_5147,0.68,0.66,1.58,nan,nan,nan,0.6,1.11,16.36,7.26,0.91,27.18,17.83
design_5148,0.75,0.7,0.99,nan,nan,nan,0.52,0.84,15.4,6.84,0.92,26.11,18.42
design_5149,0.64,0.61,1.03,nan,nan,nan,0.51,0.8,16.32,7.23,0.92,25.29,18.87
design_5150,0.61,0.57,1.32,nan,nan,nan,0.56,0.94,15.74,6.99,0.92,25.32,19.03
design_5151,0.58,0.66,1.24,nan,nan,nan,0.53,0.91,16.61,7.37,0.91,25.69,17.46
design_5152,0.89,0.5,3.02,nan,nan,nan,0.88,1.88,18.68,8.22,0.91,20.5,17.4
design_5153,3.27,0.71,2.02,nan,nan,nan,1.03,2.31,18.04,7.94,0.91,19.37,21.57
design_5154,1.34,0.47,1.58,nan,nan,nan,0.65,1.25,17.79,7.81,0.92,15.05,14.84
design_5155,3.17,0.6,2.89,nan,nan,nan,1.13,2.56,17.96,7.92,0.91,18.49,19.32
design_5156,1.08,0.52,2.46,nan,nan,nan,0.79,1.61,17.91,7.9,0.91,13.79,15.75
design_5157,3.17,0.59,2.85,nan,nan,nan,1.13,2.54,17.34,7.67,0.91,12.18,14.86
design_5158,3.67,0.89,2.19,nan,nan,nan,1.13,2.57,17.38,7.66,0.92,9.54,11.7
design_5159,0.92,0.44,1.94,nan,nan,nan,0.66,1.3,17.47,7.7,0.91,16.16,15.24
design_5160,0.88,0.8,0.78,nan,nan,nan,0.52,0.82,17.3,7.6,0.92,14.07,13.87
design_5161,0.83,1.12,1.83,nan,nan,nan,0.66,1.34,18.37,8.06,0.92,11.42,9.99
design_5162,0.77,0.76,1.22,nan,nan,nan,0.57,0.95,15.84,7.01,0.92,22.02,20.82
design_5163,1.22,0.47,0.87,nan,nan,nan,0.56,0.92,17.5,7.68,0.92,19.59,18.07
design_5164,1.45,1.12,2.71,nan,nan,nan,0.91,1.92,17.14,7.54,0.92,13.14,13.73
design_5165,2.07,1.13,2.36,nan,nan,nan,0.92,1.96,18.03,7.95,0.91,16.98,13.54
design_5166,0.95,1.01,2.11,nan,nan,nan,0.72,1.48,17.75,7.82,0.91,13.05,11.25
design_5167,0.84,0.88,1.39,nan,nan,nan,0.58,1.08,17.75,7.82,0.92,13.36,13.15
design_5168,0.99,0.43,1.89,nan,nan,nan,0.71,1.32,12.94,5.86,0.91,10.06,3.74
design_5169,0.97,0.54,1.57,nan,nan,nan,0.64,1.15,17.05,7.54,0.92,20.71,15.89
design_5170,0.58,0.54,1.37,nan,nan,nan,0.54,0.95,18.06,7.95,0.92,18.87,16.21
design_5171,0.71,0.51,1.49,nan,nan,nan,0.59,1.04,17.96,7.92,0.92,9.41,6.11
design_5172,0.58,0.41,2.05,nan,nan,nan,0.68,1.33,17.43,7.71,0.92,24.66,19.61
design_5173,0.81,0.51,1.6,nan,nan,nan,0.61,1.13,17.95,7.91,0.92,24.67,18.42
design_5174,0.59,0.41,1.72,nan,nan,nan,0.61,1.14,17.53,7.75,0.92,13.06,8.96
design_5175,1.01,0.47,1.45,nan,nan,nan,0.61,1.1,17.93,7.89,0.92,17.75,12.09
design_5176,0.92,0.36,1.07,nan,nan,nan,0.53,0.88,15.03,6.74,0.91,6.0,3.7
design_5177,0.57,0.4,0.95,nan,nan,nan,0.49,0.72,13.09,5.92,0.91,2.33,2.15
design_5178,0.74,0.29,0.87,nan,nan,nan,0.49,0.71,12.99,5.89,0.91,4.49,2.61
design_5179,0.61,0.33,1.14,nan,nan,nan,0.51,0.82,14.9,6.67,0.91,2.52,2.59
design_5180,0.65,0.37,1.3,nan,nan,nan,0.54,0.93,16.7,7.43,0.91,10.78,8.7
design_5181,0.55,0.31,1.06,nan,nan,nan,0.47,0.76,16.64,7.38,0.92,6.1,4.85
design_5182,0.89,0.5,0.95,nan,nan,nan,0.55,0.83,12.59,5.73,0.91,3.8,2.95
design_5183,0.6,0.41,0.98,nan,nan,nan,0.5,0.75,13.94,6.28,0.91,3.39,2.31
design_5184,0.86,0.87,0.89,nan,nan,nan,0.54,0.87,18.1,7.97,0.92,23.92,19.4
design_5185,0.62,0.83,0.75,nan,nan,nan,0.48,0.73,17.05,7.54,0.92,19.22,16.55
design_5186,0.77,0.63,0.97,nan,nan,nan,0.51,0.83,17.25,7.63,0.92,17.88,11.92
design_5187,0.74,0.61,0.83,nan,nan,nan,0.49,0.74,17.07,7.55,0.92,17.95,13.0
design_5188,0.75,0.86,0.79,nan,nan,nan,0.5,0.8,17.13,7.57,0.92,19.6,16.27
design_5189,1.12,0.67,0.84,nan,nan,nan,0.55,0.9,16.65,7.37,0.92,18.86,13.25
design_5190,0.89,0.92,0.83,nan,nan,nan,0.52,0.87,18.3,8.06,0.92,17.2,10.38
design_5191,0.99,0.91,0.88,nan,nan,nan,0.56,0.92,17.1,7.56,0.92,20.71,13.32
design_5192,0.41,0.72,1.4,nan,nan,nan,0.55,0.89,17.31,7.55,0.92,16.63,14.79
design_5193,0.46,0.52,1.22,nan,nan,nan,0.51,0.76,16.52,7.23,0.92,21.18,18.31
design_5194,0.6,0.72,1.52,nan,nan,nan,0.57,0.98,16.17,7.1,0.92,24.56,18.54
design_5195,0.55,0.58,1.43,nan,nan,nan,0.55,0.9,16.45,7.2,0.92,24.91,22.08
design_5196,0.43,0.69,1.39,nan,nan,nan,0.54,0.88,16.28,7.14,0.92,25.47,22.18
design_5197,0.6,0.55,1.46,nan,nan,nan,0.57,0.92,16.46,7.21,0.92,23.46,22.59
design_5198,0.47,0.47,1.2,nan,nan,nan,0.51,0.75,16.13,7.08,0.92,22.26,18.46
design_5199,0.47,0.6,1.34,nan,nan,nan,0.52,0.84,16.85,7.37,0.92,24.33,21.13
design_5200,0.65,0.6,0.55,nan,nan,nan,0.49,0.59,4.36,2.37,0.92,1.39,1.37
design_5201,0.36,0.85,0.88,nan,nan,nan,0.53,0.77,8.59,4.14,0.9,7.73,5.54
design_5202,0.55,0.59,1.14,nan,nan,nan,0.6,0.9,5.83,3.02,0.91,18.87,16.77
design_5203,0.66,0.8,0.81,nan,nan,nan,0.55,0.77,14.09,6.46,0.9,19.05,14.0
design_5204,0.43,0.93,0.58,nan,nan,nan,0.45,0.65,3.5,2.01,0.92,1.15,1.17
design_5205,0.52,0.62,0.75,nan,nan,nan,0.5,0.67,7.22,3.59,0.9,3.85,3.2
design_5206,0.54,0.58,0.61,nan,nan,nan,0.48,0.59,3.71,2.09,0.92,0.86,1.06
design_5207,0.71,1.03,0.63,nan,nan,nan,0.49,0.76,4.1,2.26,0.92,1.12,1.23
design_5208,0.63,0.73,4.15,nan,nan,nan,1.22,2.7,18.06,8.07,0.9,16.2,15.3
design_5209,0.77,0.62,4.26,nan,nan,nan,1.26,2.78,17.84,7.93,0.91,26.62,16.56
design_5210,0.69,0.71,3.88,nan,nan,nan,1.16,2.54,17.76,7.9,0.9,25.07,16.57
design_5211,0.36,0.77,2.95,nan,nan,nan,0.9,1.94,16.77,7.45,0.91,12.89,8.38
design_5212,0.6,0.53,5.0,nan,nan,nan,1.43,3.23,18.8,8.37,0.9,8.91,7.52
design_5213,0.58,0.73,5.21,nan,nan,nan,1.5,3.37,18.14,8.11,0.9,12.16,12.6
design_5214,0.79,0.65,3.2,nan,nan,nan,0.99,2.12,17.36,7.71,0.91,25.77,16.39
design_5215,0.49,0.76,3.48,nan,nan,nan,1.04,2.28,18.18,8.09,0.91,24.41,18.67
design_5216,0.93,1.38,2.14,nan,nan,nan,0.87,1.68,17.14,7.73,0.9,6.43,5.07
design_5217,1.07,1.48,2.29,nan,nan,nan,0.92,1.81,18.65,8.33,0.9,9.68,8.7
design_5218,0.93,1.31,2.52,nan,nan,nan,0.94,1.9,8.81,4.24,0.9,7.92,5.35
design_5219,0.9,0.91,2.46,nan,nan,nan,0.9,1.8,17.55,7.86,0.91,14.82,8.41
design_5220,0.96,1.22,2.46,nan,nan,nan,0.91,1.85,18.64,8.33,0.9,22.52,21.87
design_5221,0.97,1.56,1.66,nan,nan,nan,0.77,1.46,14.77,6.69,0.9,23.8,21.1
design_5222,1.03,1.04,1.46,nan,nan,nan,0.68,1.25,17.35,7.8,0.9,11.06,10.29
design_5223,0.92,1.14,2.49,nan,nan,nan,0.93,1.85,18.5,8.27,0.91,4.96,5.8
design_5224,0.63,0.81,0.72,nan,nan,nan,0.5,0.72,16.21,7.15,0.91,23.23,13.49
design_5225,0.76,0.58,1.1,nan,nan,nan,0.56,0.85,16.63,7.32,0.92,29.3,23.41
design_5226,0.61,0.83,0.65,nan,nan,nan,0.47,0.7,17.34,7.61,0.92,25.84,14.58
design_5227,0.72,0.8,0.76,nan,nan,nan,0.48,0.76,16.93,7.45,0.92,24.65,12.94
design_5228,0.6,0.82,0.33,nan,nan,nan,0.44,0.61,17.45,7.66,0.92,28.04,16.28
design_5229,1.03,0.89,1.3,nan,nan,nan,0.58,1.1,17.4,7.63,0.92,30.11,16.56
design_5230,0.88,0.77,1.06,nan,nan,nan,0.53,0.92,17.21,7.55,0.92,22.43,12.94
design_5231,0.57,0.76,0.66,nan,nan,nan,0.48,0.66,17.01,7.48,0.92,24.71,13.5
design_5232,1.28,1.05,2.14,nan,nan,nan,0.83,1.61,17.34,7.68,0.91,15.1,14.03
design_5233,1.45,1.04,3.73,nan,nan,nan,1.17,2.51,18.18,8.04,0.91,20.83,18.71
design_5234,1.2,0.7,1.8,nan,nan,nan,0.7,1.36,16.64,7.41,0.91,16.28,9.4
design_5235,1.37,0.89,2.38,nan,nan,nan,0.84,1.74,18.32,8.1,0.91,24.77,20.92
design_5236,1.33,0.8,2.08,nan,nan,nan,0.83,1.55,17.13,7.63,0.9,16.28,8.33
design_5237,1.34,0.96,2.1,nan,nan,nan,0.8,1.59,17.92,7.91,0.91,17.98,14.85
design_5238,1.38,1.05,2.28,nan,nan,nan,0.87,1.71,17.38,7.71,0.91,14.11,11.73
design_5239,1.29,0.88,2.17,nan,nan,nan,0.84,1.6,17.92,7.95,0.9,15.0,12.24
design_5240,0.89,0.92,0.87,nan,nan,nan,0.52,0.89,16.78,7.41,0.92,20.4,16.21
design_5241,0.82,0.74,1.03,nan,nan,nan,0.52,0.88,17.75,7.82,0.92,22.19,21.04
design_5242,0.86,0.94,0.97,nan,nan,nan,0.51,0.92,17.78,7.83,0.92,22.04,16.77
design_5243,0.87,0.98,0.92,nan,nan,nan,0.61,0.92,17.51,7.71,0.92,19.93,15.51
design_5244,0.86,0.85,1.21,nan,nan,nan,0.55,1.01,17.74,7.81,0.92,20.74,15.53
design_5245,0.64,1.02,1.29,nan,nan,nan,0.57,1.03,17.3,7.65,0.92,23.34,17.11
design_5246,0.81,1.05,1.3,nan,nan,nan,0.58,1.08,17.28,7.62,0.92,22.68,17.85
design_5247,0.86,0.93,1.44,nan,nan,nan,0.6,1.13,17.86,7.85,0.92,15.44,15.43
design_5248,0.76,0.44,1.53,nan,nan,nan,0.5,0.97,18.31,7.99,0.92,11.98,11.55
design_5249,1.31,0.4,1.91,nan,nan,nan,0.62,1.32,18.16,7.93,0.91,13.75,9.41
design_5250,0.97,0.4,1.37,nan,nan,nan,0.52,0.97,17.18,7.5,0.92,13.78,12.22
design_5251,1.18,0.55,1.35,nan,nan,nan,0.56,1.07,17.41,7.62,0.91,22.71,21.28
design_5252,1.1,0.57,1.76,nan,nan,nan,0.6,1.2,17.68,7.74,0.92,22.43,21.5
design_5253,0.89,0.42,1.86,nan,nan,nan,0.55,1.15,17.76,7.77,0.91,13.34,11.27
design_5254,1.32,0.59,1.11,nan,nan,nan,0.56,1.06,17.49,7.67,0.91,20.62,19.9
design_5255,0.68,0.55,2.46,nan,nan,nan,0.65,1.4,18.26,7.97,0.91,15.58,13.35
design_5256,0.7,0.64,0.91,nan,nan,nan,0.54,0.78,12.26,5.57,0.91,4.29,2.38
design_5257,1.44,0.45,0.83,nan,nan,nan,0.57,1.0,12.6,5.7,0.91,5.98,5.02
design_5258,0.91,0.8,0.88,nan,nan,nan,0.55,0.87,17.57,7.75,0.92,17.89,11.35
design_5259,0.48,0.68,0.81,nan,nan,nan,0.5,0.68,10.6,4.9,0.91,3.01,2.58
design_5260,0.5,0.86,0.61,nan,nan,nan,0.46,0.66,17.86,7.88,0.92,20.57,17.43
design_5261,1.19,0.51,0.84,nan,nan,nan,0.59,0.9,6.49,3.2,0.91,2.17,1.44
design_5262,0.53,0.73,0.75,nan,nan,nan,0.46,0.69,15.03,6.72,0.92,1.35,1.2
design_5263,1.06,0.76,1.03,nan,nan,nan,0.58,0.98,15.52,6.93,0.91,7.27,7.43
design_5264,0.96,1.32,1.35,nan,nan,nan,0.67,1.23,17.04,7.5,0.92,9.98,7.34
design_5265,1.17,0.74,1.26,nan,nan,nan,0.61,1.1,17.48,7.69,0.92,21.51,22.47
design_5266,0.7,1.22,1.15,nan,nan,nan,0.61,1.04,17.33,7.63,0.92,22.94,22.66
design_5267,0.75,1.17,1.36,nan,nan,nan,0.62,1.13,17.38,7.65,0.92,24.46,23.26
design_5268,0.98,1.33,1.44,nan,nan,nan,0.68,1.27,17.02,7.5,0.92,6.59,4.07
design_5269,1.19,1.2,1.77,nan,nan,nan,0.73,1.44,16.91,7.47,0.92,6.75,3.42
design_5270,1.14,0.75,1.13,nan,nan,nan,0.59,1.04,17.31,7.62,0.92,13.38,13.0
design_5271,1.18,1.03,1.49,nan,nan,nan,0.65,1.27,17.81,7.84,0.92,12.38,12.38
design_5272,1.0,0.72,1.14,nan,nan,nan,0.58,1.0,16.39,7.27,0.92,9.46,8.92
design_5273,0.55,0.75,0.96,nan,nan,nan,0.5,0.79,14.99,6.68,0.92,10.68,8.83
design_5274,0.49,0.74,1.05,nan,nan,nan,0.51,0.82,15.92,7.07,0.92,10.76,6.15
design_5275,0.51,0.75,1.02,nan,nan,nan,0.5,0.81,14.68,6.56,0.92,9.9,8.14
design_5276,0.87,0.7,0.97,nan,nan,nan,0.53,0.87,15.69,6.98,0.92,9.05,8.8
design_5277,0.49,0.73,1.04,nan,nan,nan,0.51,0.82,16.45,7.28,0.92,10.58,7.72
design_5278,0.77,0.75,1.03,nan,nan,nan,0.54,0.88,15.95,7.09,0.92,10.28,7.29
design_5279,0.5,0.72,1.07,nan,nan,nan,0.51,0.83,16.03,7.11,0.92,10.52,6.89
design_5280,0.74,0.36,1.22,nan,nan,nan,0.6,0.94,12.37,5.71,0.9,29.27,18.74
design_5281,0.52,0.4,1.38,nan,nan,nan,0.6,1.0,11.62,5.4,0.9,29.7,19.07
design_5282,0.55,0.4,1.6,nan,nan,nan,0.65,1.14,18.72,8.34,0.91,4.81,5.56
design_5283,0.88,0.42,1.69,nan,nan,nan,0.68,1.26,18.33,8.19,0.9,26.88,17.31
design_5284,0.69,0.37,1.11,nan,nan,nan,0.56,0.86,13.33,6.11,0.9,27.91,18.74
design_5285,0.59,0.57,1.57,nan,nan,nan,0.64,1.15,19.26,8.58,0.91,26.24,17.11
design_5286,0.87,0.32,0.71,nan,nan,nan,0.53,0.69,12.49,5.74,0.9,26.07,19.76
design_5287,0.58,0.48,1.86,nan,nan,nan,0.7,1.32,18.42,8.25,0.9,26.88,17.62
design_5288,3.86,0.63,0.84,nan,nan,nan,1.06,2.15,5.37,2.82,0.91,8.37,5.39
design_5289,0.73,0.75,2.79,nan,nan,nan,0.98,2.01,17.17,7.71,0.92,10.11,7.29
design_5290,0.91,0.51,2.12,nan,nan,nan,0.81,1.57,15.35,6.96,0.91,16.43,13.91
design_5291,0.6,0.57,1.44,nan,nan,nan,0.62,1.08,13.79,6.33,0.9,5.67,4.33
design_5292,1.18,0.88,2.9,nan,nan,nan,1.06,2.15,14.99,6.79,0.91,7.03,5.84
design_5293,0.9,0.79,2.9,nan,nan,nan,1.03,2.1,11.28,5.26,0.9,6.2,5.56
design_5294,0.52,0.82,2.95,nan,nan,nan,1.03,2.1,8.57,4.12,0.91,6.6,5.29
design_5295,0.68,0.54,1.28,nan,nan,nan,0.6,0.99,11.29,5.32,0.89,3.81,2.5
design_5296,0.98,0.48,1.98,nan,nan,nan,0.8,1.49,13.3,6.13,0.9,22.61,19.78
design_5297,0.9,0.4,1.27,nan,nan,nan,0.61,1.02,14.67,6.71,0.9,21.28,21.64
design_5298,0.92,0.57,2.17,nan,nan,nan,0.84,1.61,16.44,7.48,0.89,21.16,22.45
design_5299,0.92,0.51,1.45,nan,nan,nan,0.66,1.15,18.56,8.27,0.91,20.29,13.23
design_5300,0.78,0.45,1.77,nan,nan,nan,0.72,1.31,18.07,8.14,0.9,15.97,9.19
design_5301,0.72,0.58,1.52,nan,nan,nan,0.7,1.15,12.56,5.84,0.9,23.22,20.18
design_5302,0.89,0.36,2.08,nan,nan,nan,0.8,1.53,16.51,7.5,0.9,11.62,12.6
design_5303,0.59,0.36,1.52,nan,nan,nan,0.65,1.12,16.94,7.68,0.89,14.54,11.58
design_5304,0.7,0.31,1.61,nan,nan,nan,0.67,1.21,15.98,7.24,0.91,21.6,19.32
design_5305,0.63,0.49,1.69,nan,nan,nan,0.69,1.26,12.07,5.6,0.9,1.52,1.66
design_5306,0.63,0.3,0.76,nan,nan,nan,0.48,0.65,17.22,7.72,0.92,7.97,10.42
design_5307,0.82,0.32,1.83,nan,nan,nan,0.74,1.37,5.96,3.06,0.91,20.45,19.7
design_5308,0.68,0.39,0.86,nan,nan,nan,0.5,0.73,16.14,7.28,0.91,16.81,15.79
design_5309,0.67,0.28,1.1,nan,nan,nan,0.56,0.86,17.27,7.74,0.92,21.59,19.53
design_5310,0.75,0.57,0.91,nan,nan,nan,0.55,0.8,17.2,7.72,0.92,14.51,13.97
design_5311,0.56,0.39,0.84,nan,nan,nan,0.51,0.69,14.93,6.78,0.91,5.12,5.47
design_5312,0.65,1.2,1.64,nan,nan,nan,0.61,1.21,17.48,7.65,0.92,19.79,14.39
design_5313,1.01,0.73,0.54,nan,nan,nan,0.56,0.8,17.14,7.52,0.92,16.76,11.59
design_5314,0.91,0.75,0.38,nan,nan,nan,0.5,0.73,17.2,7.54,0.92,16.94,12.79
design_5315,0.87,0.66,0.61,nan,nan,nan,0.53,0.73,17.64,7.71,0.92,16.34,13.79
design_5316,0.59,1.07,1.56,nan,nan,nan,0.58,1.12,17.75,7.77,0.92,21.65,17.8
design_5317,0.63,0.95,0.71,nan,nan,nan,0.46,0.77,17.23,7.58,0.91,21.35,15.35
design_5318,0.69,1.14,1.37,nan,nan,nan,0.57,1.09,17.8,7.78,0.92,21.95,17.82
design_5319,0.77,0.53,0.63,nan,nan,nan,0.44,0.66,17.64,7.72,0.92,20.27,17.89
design_5320,0.53,0.53,2.38,nan,nan,nan,0.74,1.53,14.66,6.59,0.91,22.57,18.55
design_5321,0.72,0.81,3.78,nan,nan,nan,1.08,2.41,16.89,7.52,0.91,1.91,2.57
design_5322,0.7,0.63,1.71,nan,nan,nan,0.62,1.18,18.21,8.05,0.91,19.86,15.68
design_5323,0.51,0.64,1.74,nan,nan,nan,0.59,1.16,18.41,8.14,0.91,4.94,2.44
design_5324,0.6,0.64,4.48,nan,nan,nan,1.25,2.81,18.35,8.13,0.91,21.11,18.44
design_5325,0.58,0.65,5.14,nan,nan,nan,1.41,3.21,18.64,8.24,0.91,22.52,19.98
design_5326,0.63,0.61,2.48,nan,nan,nan,0.77,1.61,17.56,7.78,0.91,8.52,8.1
design_5327,0.57,0.76,2.34,nan,nan,nan,0.74,1.54,17.07,7.59,0.91,8.03,4.88
design_5328,1.09,1.63,0.71,nan,nan,nan,0.68,1.18,16.88,7.42,0.92,16.29,19.25
design_5329,0.86,0.35,1.2,nan,nan,nan,0.52,0.89,17.83,7.83,0.92,22.01,16.31
design_5330,1.22,0.53,2.4,nan,nan,nan,0.84,1.62,17.46,7.67,0.92,13.56,14.03
design_5331,1.08,0.49,1.07,nan,nan,nan,0.57,0.94,16.89,7.43,0.92,12.56,10.43
design_5332,0.9,0.86,0.68,nan,nan,nan,0.55,0.82,16.31,7.19,0.92,17.03,11.26
design_5333,1.01,0.8,0.96,nan,nan,nan,0.58,0.93,17.23,7.58,0.92,20.37,24.61
design_5334,1.03,0.64,0.95,nan,nan,nan,0.59,0.9,16.5,7.26,0.92,19.89,23.51
design_5335,0.87,0.34,0.92,nan,nan,nan,0.5,0.77,18.39,8.05,0.92,22.1,23.74
design_5336,1.08,0.65,1.4,nan,nan,nan,0.59,1.09,17.52,7.68,0.92,23.76,21.32
design_5337,1.05,0.67,1.17,nan,nan,nan,0.6,0.99,16.76,7.38,0.91,23.72,21.49
design_5338,0.89,0.8,1.68,nan,nan,nan,0.66,1.18,13.51,6.09,0.9,26.49,21.31
design_5339,0.96,0.65,1.23,nan,nan,nan,0.59,0.98,15.81,6.97,0.92,23.85,19.7
design_5340,1.04,0.79,0.91,nan,nan,nan,0.55,0.93,16.8,7.37,0.92,20.79,16.06
design_5341,1.15,0.61,1.43,nan,nan,nan,0.65,1.12,16.87,7.41,0.92,25.14,20.04
design_5342,1.12,0.68,1.38,nan,nan,nan,0.64,1.1,17.02,7.46,0.92,26.15,20.53
design_5343,1.06,0.65,1.19,nan,nan,nan,0.61,1.0,16.96,7.45,0.92,24.9,21.32
design_5344,0.53,0.83,2.6,nan,nan,nan,0.78,1.64,17.25,7.58,0.92,18.55,11.07
design_5345,0.48,0.45,1.11,nan,nan,nan,0.48,0.76,17.08,7.52,0.92,25.11,23.41
design_5346,0.87,0.59,1.24,nan,nan,nan,0.58,0.95,17.34,7.62,0.92,20.27,23.72
design_5347,0.88,0.43,1.44,nan,nan,nan,0.56,1.03,17.74,7.78,0.92,16.49,19.66
design_5348,0.58,0.57,0.93,nan,nan,nan,0.53,0.72,15.62,6.91,0.91,30.62,15.66
design_5349,0.75,0.5,1.41,nan,nan,nan,0.55,0.98,17.57,7.7,0.92,26.86,21.8
design_5350,0.71,0.62,1.74,nan,nan,nan,0.62,1.16,17.03,7.47,0.92,28.19,18.98
design_5351,0.76,0.52,1.53,nan,nan,nan,0.56,1.05,17.38,7.64,0.92,29.73,16.67
design_5352,1.1,0.55,0.41,nan,nan,nan,0.47,0.77,17.22,7.54,0.92,16.45,14.57
design_5353,0.63,0.43,0.36,nan,nan,nan,0.42,0.49,17.14,7.5,0.92,13.39,15.79
design_5354,1.16,0.48,0.46,nan,nan,nan,0.49,0.8,17.63,7.72,0.92,22.42,16.03
design_5355,0.66,0.38,0.32,nan,nan,nan,0.41,0.49,16.93,7.4,0.92,14.34,15.76
design_5356,1.34,1.21,0.36,nan,nan,nan,0.56,1.08,17.59,7.69,0.92,16.07,14.87
design_5357,1.26,1.3,0.23,nan,nan,nan,0.56,1.07,17.08,7.48,0.92,13.57,15.5
design_5358,0.66,0.48,0.38,nan,nan,nan,0.42,0.53,17.02,7.44,0.92,13.62,14.91
design_5359,0.66,0.55,0.47,nan,nan,nan,0.45,0.57,17.29,7.56,0.92,12.8,16.24
design_5360,0.76,0.73,0.94,nan,nan,nan,0.52,0.81,15.38,6.81,0.91,17.36,13.7
design_5361,0.96,0.64,1.35,nan,nan,nan,0.57,1.02,16.1,7.13,0.91,17.77,13.38
design_5362,0.76,0.64,0.75,nan,nan,nan,0.5,0.72,17.67,7.74,0.92,19.6,14.02
design_5363,0.8,0.72,2.18,nan,nan,nan,0.68,1.38,16.62,7.32,0.92,16.85,13.93
design_5364,0.97,0.63,5.06,nan,nan,nan,1.26,2.92,18.6,8.14,0.92,9.61,11.94
design_5365,0.9,0.35,1.39,nan,nan,nan,0.6,0.97,16.37,7.2,0.92,16.11,17.87
design_5366,0.63,0.73,2.31,nan,nan,nan,0.71,1.41,17.81,7.81,0.91,16.9,13.13
design_5367,0.65,0.75,2.94,nan,nan,nan,0.83,1.75,16.98,7.47,0.91,17.74,14.14
design_5368,1.33,0.46,0.87,nan,nan,nan,0.59,0.96,16.35,7.31,0.92,5.95,7.45
design_5369,0.63,0.59,1.05,nan,nan,nan,0.55,0.85,17.32,7.73,0.92,17.81,19.9
design_5370,1.27,0.62,1.03,nan,nan,nan,0.61,1.02,17.1,7.64,0.92,21.19,20.13
design_5371,0.64,0.46,1.0,nan,nan,nan,0.53,0.8,17.05,7.6,0.92,21.33,20.98
design_5372,1.16,0.73,1.11,nan,nan,nan,0.63,1.05,15.34,6.93,0.92,22.73,20.45
design_5373,0.65,0.71,1.05,nan,nan,nan,0.55,0.88,17.25,7.7,0.92,20.07,18.45
design_5374,0.55,0.41,1.06,nan,nan,nan,0.55,0.82,17.77,7.91,0.92,23.16,24.47
design_5375,1.3,0.66,1.05,nan,nan,nan,0.61,1.05,17.55,7.82,0.92,19.82,19.1
design_5376,0.47,0.46,0.77,nan,nan,nan,0.43,0.57,17.69,7.72,0.92,26.14,22.47
design_5377,0.7,0.27,1.2,nan,nan,nan,0.5,0.79,17.93,7.81,0.92,21.74,21.08
design_5378,0.56,0.32,0.99,nan,nan,nan,0.45,0.65,18.79,8.16,0.92,22.63,19.45
design_5379,0.53,0.37,0.98,nan,nan,nan,0.47,0.65,16.21,7.1,0.92,27.94,22.14
design_5380,0.81,0.43,1.01,nan,nan,nan,0.5,0.77,13.0,5.82,0.91,29.1,22.8
design_5381,0.53,0.4,0.97,nan,nan,nan,0.46,0.65,17.23,7.53,0.92,26.54,20.74
design_5382,0.54,0.3,1.04,nan,nan,nan,0.46,0.67,14.9,6.57,0.92,28.78,22.25
design_5383,0.47,0.31,0.9,nan,nan,nan,0.44,0.59,17.18,7.47,0.92,27.58,24.24
design_5384,0.82,0.41,0.75,nan,nan,nan,0.49,0.7,17.84,7.92,0.92,11.09,11.43
design_5385,0.57,0.45,1.03,nan,nan,nan,0.51,0.78,17.41,7.73,0.92,14.95,13.83
design_5386,0.63,0.5,1.88,nan,nan,nan,0.69,1.31,17.17,7.62,0.92,14.85,13.87
design_5387,0.53,0.46,1.09,nan,nan,nan,0.53,0.81,17.46,7.75,0.92,16.03,14.79
design_5388,0.57,0.4,1.17,nan,nan,nan,0.55,0.86,17.18,7.63,0.92,17.23,16.11
design_5389,0.62,0.48,1.13,nan,nan,nan,0.53,0.86,17.58,7.8,0.92,16.96,15.17
design_5390,0.73,0.45,0.6,nan,nan,nan,0.46,0.61,17.83,7.92,0.92,15.28,13.84
design_5391,0.7,0.47,0.93,nan,nan,nan,0.51,0.76,17.32,7.68,0.92,17.38,16.46
design_5392,0.66,0.74,1.06,nan,nan,nan,0.56,0.89,16.23,7.32,0.91,13.07,12.41
design_5393,0.94,0.82,1.4,nan,nan,nan,0.67,1.16,16.1,7.28,0.91,6.46,5.62
design_5394,0.58,0.64,1.13,nan,nan,nan,0.57,0.9,11.2,5.23,0.9,5.34,6.55
design_5395,0.55,0.73,1.15,nan,nan,nan,0.56,0.92,13.76,6.29,0.9,5.09,6.05
design_5396,0.68,0.78,0.7,nan,nan,nan,0.55,0.72,6.54,3.28,0.91,2.61,1.02
design_5397,0.68,0.69,0.71,nan,nan,nan,0.51,0.7,5.61,2.88,0.91,0.82,0.89
design_5398,0.57,0.7,0.76,nan,nan,nan,0.5,0.7,5.99,3.03,0.91,1.57,0.89
design_5399,0.65,0.34,0.94,nan,nan,nan,0.53,0.75,6.09,3.07,0.91,0.77,0.66
design_5400,0.48,0.68,0.67,nan,nan,nan,0.48,0.63,18.75,8.37,0.91,8.7,6.17
design_5401,0.44,0.98,0.55,nan,nan,nan,0.46,0.66,18.55,8.26,0.92,22.75,17.57
design_5402,0.51,0.93,0.53,nan,nan,nan,0.46,0.65,18.07,8.07,0.91,16.81,14.35
design_5403,0.45,0.81,0.7,nan,nan,nan,0.47,0.67,18.8,8.39,0.91,16.63,14.95
design_5404,0.42,0.76,0.82,nan,nan,nan,0.49,0.71,18.9,8.44,0.91,21.15,16.27
design_5405,0.48,0.83,0.6,nan,nan,nan,0.48,0.64,18.32,8.18,0.91,21.78,17.64
design_5406,0.44,0.73,0.61,nan,nan,nan,0.46,0.6,18.49,8.24,0.91,12.09,9.99
design_5407,0.47,0.69,0.79,nan,nan,nan,0.51,0.69,18.7,8.33,0.91,16.13,12.28
design_5408,1.05,0.93,1.21,nan,nan,nan,0.65,1.11,17.47,7.84,0.92,13.09,12.98
design_5409,0.7,0.51,1.48,nan,nan,nan,0.65,1.13,17.65,7.92,0.92,10.85,8.73
design_5410,0.73,0.57,1.34,nan,nan,nan,0.63,1.06,17.33,7.78,0.92,17.69,16.38
design_5411,0.82,0.76,2.07,nan,nan,nan,0.83,1.57,18.26,8.15,0.92,18.15,17.95
design_5412,0.83,1.01,2.07,nan,nan,nan,0.84,1.6,16.28,7.32,0.92,10.23,11.01
design_5413,1.2,0.79,1.11,nan,nan,nan,0.64,1.07,17.87,8.0,0.92,9.25,10.11
design_5414,0.8,0.44,1.54,nan,nan,nan,0.67,1.19,16.62,7.48,0.92,20.13,19.14
design_5415,1.13,0.88,1.22,nan,nan,nan,0.65,1.13,17.6,7.91,0.92,15.37,14.26
design_5416,0.87,0.37,0.48,nan,nan,nan,0.46,0.63,16.93,7.4,0.92,17.24,11.56
design_5417,0.75,0.49,0.68,nan,nan,nan,0.44,0.65,17.31,7.59,0.92,17.65,9.78
design_5418,1.2,0.69,1.73,nan,nan,nan,0.67,1.28,17.58,7.68,0.92,22.67,13.29
design_5419,0.72,0.48,0.5,nan,nan,nan,0.43,0.59,17.52,7.65,0.92,20.02,10.08
design_5420,1.23,0.54,0.89,nan,nan,nan,0.54,0.95,18.99,8.24,0.92,43.5,23.37
design_5421,1.25,0.48,1.91,nan,nan,nan,0.72,1.34,18.2,7.96,0.92,20.16,11.5
design_5422,1.16,0.56,0.46,nan,nan,nan,0.5,0.82,17.56,7.68,0.92,12.87,8.48
design_5423,0.7,0.62,0.62,nan,nan,nan,0.44,0.65,17.38,7.59,0.92,8.9,8.96
design_5424,1.56,0.57,1.8,nan,nan,nan,0.76,1.48,16.75,7.48,0.91,24.02,17.39
design_5425,0.67,0.52,2.38,nan,nan,nan,0.8,1.59,17.49,7.79,0.91,10.99,9.0
design_5426,0.98,0.51,1.31,nan,nan,nan,0.6,1.04,17.81,7.9,0.91,16.01,15.37
design_5427,0.89,0.42,1.46,nan,nan,nan,0.6,1.08,17.38,7.76,0.9,23.27,15.38
design_5428,0.61,0.45,3.52,nan,nan,nan,1.06,2.29,14.93,6.69,0.91,21.23,12.99
design_5429,1.28,0.51,1.47,nan,nan,nan,0.67,1.22,16.45,7.36,0.91,23.97,16.41
design_5430,0.93,0.58,2.25,nan,nan,nan,0.78,1.56,17.31,7.73,0.9,21.59,15.07
design_5431,0.86,0.29,1.78,nan,nan,nan,0.67,1.25,17.11,7.62,0.91,18.49,15.26
design_5432,0.5,0.44,1.12,nan,nan,nan,0.5,0.79,17.14,7.57,0.91,23.57,16.01
design_5433,0.58,0.41,1.04,nan,nan,nan,0.48,0.76,17.18,7.61,0.91,19.97,16.15
design_5434,0.96,0.42,1.06,nan,nan,nan,0.54,0.88,16.84,7.45,0.91,23.28,12.77
design_5435,0.48,0.65,1.16,nan,nan,nan,0.51,0.84,16.42,7.28,0.91,23.87,14.03
design_5436,0.57,0.33,1.59,nan,nan,nan,0.59,1.05,16.54,7.36,0.9,4.95,5.99
design_5437,0.53,0.37,1.11,nan,nan,nan,0.51,0.78,17.34,7.66,0.91,22.61,12.59
design_5438,0.56,0.44,1.24,nan,nan,nan,0.52,0.86,17.12,7.58,0.91,24.0,17.62
design_5439,0.56,0.47,1.22,nan,nan,nan,0.52,0.85,17.16,7.58,0.92,24.61,17.61
design_5440,1.14,0.68,3.83,nan,nan,nan,1.37,2.79,15.22,6.99,0.9,20.64,16.38
design_5441,0.96,0.5,1.18,nan,nan,nan,0.6,1.0,17.2,7.71,0.92,22.05,19.39
design_5442,0.63,0.52,1.36,nan,nan,nan,0.62,1.04,17.0,7.63,0.92,16.84,11.5
design_5443,0.6,0.48,1.44,nan,nan,nan,0.64,1.09,15.47,7.0,0.91,4.13,3.85
design_5444,0.99,0.45,1.64,nan,nan,nan,0.73,1.29,17.72,7.94,0.92,20.34,17.88
design_5445,0.49,0.51,1.63,nan,nan,nan,0.68,1.21,16.91,7.57,0.92,24.04,18.13
design_5446,0.57,0.7,1.45,nan,nan,nan,0.67,1.12,13.78,6.31,0.91,20.39,15.96
design_5447,0.57,0.54,0.87,nan,nan,nan,0.48,0.73,17.94,8.05,0.91,16.25,14.16
design_5448,0.59,0.68,0.71,nan,nan,nan,0.44,0.66,17.82,7.81,0.92,19.95,16.17
design_5449,0.92,0.65,2.87,nan,nan,nan,0.91,1.82,16.8,7.38,0.92,12.87,13.59
design_5450,1.07,0.7,3.02,nan,nan,nan,0.94,1.93,17.38,7.62,0.92,13.21,13.26
design_5451,0.98,0.63,2.54,nan,nan,nan,0.87,1.65,16.96,7.46,0.92,13.99,12.94
design_5452,0.94,0.67,3.15,nan,nan,nan,0.97,1.98,17.13,7.52,0.92,13.84,13.13
design_5453,0.89,0.68,2.77,nan,nan,nan,0.86,1.76,16.66,7.33,0.92,13.61,12.74
design_5454,0.79,0.53,0.9,nan,nan,nan,0.48,0.76,17.76,7.79,0.92,12.34,12.26
design_5455,0.97,0.63,2.89,nan,nan,nan,0.9,1.83,17.47,7.65,0.92,14.21,13.93
design_5456,1.09,2.72,0.92,nan,nan,nan,0.81,1.74,16.63,7.32,0.91,21.02,14.61
design_5457,0.8,2.86,0.94,nan,nan,nan,0.79,1.76,18.14,7.94,0.92,17.49,13.16
design_5458,0.89,1.41,1.05,nan,nan,nan,0.6,1.13,17.69,7.75,0.91,17.61,19.42
design_5459,1.13,3.0,0.49,nan,nan,nan,0.84,1.84,17.16,7.53,0.92,20.63,14.56
design_5460,0.98,2.83,0.8,nan,nan,nan,0.81,1.76,17.34,7.6,0.91,12.47,15.2
design_5461,0.84,2.85,0.52,nan,nan,nan,0.79,1.71,17.23,7.55,0.92,13.01,15.86
design_5462,0.76,1.21,0.83,nan,nan,nan,0.51,0.94,17.11,7.49,0.92,13.59,15.8
design_5463,0.79,1.24,0.58,nan,nan,nan,0.53,0.91,16.9,7.41,0.92,16.01,13.62
design_5464,0.61,0.66,1.67,nan,nan,nan,0.67,1.22,18.06,8.12,0.9,18.48,13.54
design_5465,0.83,0.37,2.11,nan,nan,nan,0.79,1.51,19.63,8.72,0.91,23.33,19.68
design_5466,0.89,0.45,2.85,nan,nan,nan,1.01,2.0,18.34,8.23,0.9,17.6,13.67
design_5467,0.82,0.37,1.87,nan,nan,nan,0.75,1.35,17.94,8.05,0.91,16.55,13.08
design_5468,0.85,0.47,1.85,nan,nan,nan,0.74,1.35,15.32,6.96,0.9,22.02,17.28
design_5469,0.91,0.44,1.58,nan,nan,nan,0.68,1.2,19.14,8.55,0.9,11.96,12.47
design_5470,0.87,0.45,1.8,nan,nan,nan,0.72,1.32,15.9,7.2,0.9,22.34,17.13
design_5471,0.93,0.32,2.15,nan,nan,nan,0.82,1.55,17.89,8.01,0.91,21.33,15.92
design_5472,0.95,0.4,1.61,nan,nan,nan,0.71,1.24,7.77,3.78,0.9,2.63,1.64
design_5473,0.42,0.37,0.85,nan,nan,nan,0.49,0.66,5.18,2.71,0.91,1.47,0.93
design_5474,0.51,0.7,5.64,nan,nan,nan,1.83,3.93,17.41,7.86,0.9,13.6,13.51
design_5475,0.53,0.61,0.94,nan,nan,nan,0.52,0.77,6.41,3.22,0.91,1.44,0.99
design_5476,0.53,0.45,4.4,nan,nan,nan,1.46,3.07,14.51,6.64,0.9,3.0,3.32
design_5477,2.23,0.63,1.69,nan,nan,nan,0.87,1.69,15.23,6.92,0.91,7.03,8.11
design_5478,0.54,0.45,0.81,nan,nan,nan,0.48,0.67,5.42,2.82,0.91,1.17,0.82
design_5479,0.76,0.44,1.23,nan,nan,nan,0.61,0.96,7.01,3.48,0.9,2.98,1.57
design_5480,0.78,0.84,0.82,nan,nan,nan,0.54,0.82,3.91,2.21,0.91,3.37,1.87
design_5481,3.4,0.87,2.52,nan,nan,nan,1.24,2.54,16.68,7.58,0.9,2.65,3.69
design_5482,1.01,0.82,0.65,nan,nan,nan,0.55,0.8,3.38,1.96,0.92,1.69,1.52
design_5483,1.07,0.89,0.68,nan,nan,nan,0.56,0.85,3.21,1.89,0.92,1.82,1.44
design_5484,0.85,0.64,0.76,nan,nan,nan,0.53,0.76,6.63,3.33,0.91,2.04,1.51
design_5485,1.21,0.29,0.91,nan,nan,nan,0.56,0.91,9.53,4.54,0.9,3.81,2.3
design_5486,3.27,0.71,0.61,nan,nan,nan,0.91,1.79,4.14,2.33,0.91,2.42,2.15
design_5487,1.09,0.96,0.9,nan,nan,nan,0.6,0.97,11.52,5.34,0.91,4.71,5.68
design_5488,1.54,0.54,0.54,nan,nan,nan,0.59,1.01,16.82,7.39,0.92,14.78,11.81
design_5489,1.7,1.19,2.4,nan,nan,nan,0.91,1.86,17.14,7.52,0.92,15.88,12.11
design_5490,1.36,0.69,0.25,nan,nan,nan,0.52,0.9,17.38,7.62,0.92,26.14,17.09
design_5491,1.17,0.61,0.43,nan,nan,nan,0.49,0.81,17.8,7.79,0.92,26.29,17.19
design_5492,1.59,0.85,2.35,nan,nan,nan,0.89,1.74,17.55,7.69,0.92,13.1,11.93
design_5493,1.63,0.88,2.53,nan,nan,nan,0.94,1.84,16.83,7.39,0.92,14.65,11.69
design_5494,1.31,0.71,0.43,nan,nan,nan,0.52,0.9,17.9,7.84,0.92,25.05,18.03
design_5495,1.34,0.49,0.29,nan,nan,nan,0.53,0.85,17.11,7.51,0.92,17.52,14.07
design_5496,0.56,0.84,1.26,nan,nan,nan,0.58,0.98,17.4,7.72,0.92,12.85,13.41
design_5497,0.85,0.79,1.48,nan,nan,nan,0.68,1.15,16.06,7.18,0.92,29.04,13.04
design_5498,0.71,0.88,1.17,nan,nan,nan,0.58,0.97,18.05,8.01,0.92,22.71,18.63
design_5499,0.76,0.74,1.21,nan,nan,nan,0.59,0.98,16.81,7.46,0.93,22.37,15.22
design_5500,0.77,0.69,1.45,nan,nan,nan,0.66,1.1,16.02,7.16,0.92,29.82,14.05
design_5501,0.82,0.71,1.29,nan,nan,nan,0.63,1.03,17.53,7.76,0.92,24.5,19.41
design_5502,0.52,0.89,1.23,nan,nan,nan,0.59,0.97,16.88,7.51,0.92,28.8,13.7
design_5503,0.86,0.71,1.35,nan,nan,nan,0.62,1.07,17.28,7.67,0.92,22.37,12.13
design_5504,1.01,0.57,2.54,nan,nan,nan,0.77,1.59,20.27,8.83,0.9,59.5,49.65
design_5505,1.17,0.53,5.36,nan,nan,nan,1.37,3.11,20.92,9.09,0.91,52.17,48.72
design_5506,1.11,0.56,1.12,nan,nan,nan,0.58,0.97,18.07,7.91,0.91,58.94,59.53
design_5507,1.01,0.4,5.16,nan,nan,nan,1.28,2.97,21.87,9.49,0.91,58.99,54.14
design_5508,0.91,0.65,5.14,nan,nan,nan,1.27,2.96,18.47,8.14,0.9,3.87,3.57
design_5509,1.14,0.48,4.3,nan,nan,nan,1.1,2.53,22.09,9.59,0.91,32.48,24.49
design_5510,0.96,0.78,1.78,nan,nan,nan,0.63,1.24,14.75,6.6,0.9,2.61,2.22
design_5511,0.97,0.55,4.86,nan,nan,nan,1.21,2.81,17.77,7.84,0.9,2.74,3.09
design_5512,0.58,0.77,3.67,nan,nan,nan,1.2,2.53,17.66,7.98,0.9,18.77,17.05
design_5513,0.78,0.43,2.26,nan,nan,nan,0.84,1.6,4.82,2.55,0.91,4.1,2.22
design_5514,0.6,0.61,2.06,nan,nan,nan,0.76,1.46,15.73,7.07,0.91,16.9,14.4
design_5515,1.01,0.68,2.84,nan,nan,nan,0.98,2.03,16.68,7.5,0.91,3.56,3.53
design_5516,1.26,0.57,2.31,nan,nan,nan,0.87,1.73,17.1,7.65,0.91,24.15,17.67
design_5517,0.65,0.63,3.47,nan,nan,nan,1.15,2.4,17.76,8.0,0.9,21.49,15.42
design_5518,0.67,0.71,2.07,nan,nan,nan,0.77,1.49,17.46,7.8,0.91,5.04,5.81
design_5519,0.67,0.59,2.26,nan,nan,nan,0.83,1.6,16.18,7.24,0.92,19.66,15.82
design_5520,1.96,0.7,5.73,nan,nan,nan,1.93,4.12,15.58,7.06,0.9,5.33,5.61
design_5521,1.14,0.46,5.85,nan,nan,nan,1.92,4.1,15.74,7.11,0.91,6.49,6.0
design_5522,0.78,0.71,1.55,nan,nan,nan,0.66,1.21,16.74,7.53,0.91,6.03,5.29
design_5523,0.71,0.57,1.09,nan,nan,nan,0.56,0.89,7.61,3.74,0.9,2.18,2.29
design_5524,0.76,0.57,5.21,nan,nan,nan,1.71,3.64,19.69,8.8,0.91,22.85,19.57
design_5525,0.85,0.26,1.24,nan,nan,nan,0.62,0.98,6.19,3.16,0.91,2.95,1.57
design_5526,0.99,0.6,5.58,nan,nan,nan,1.83,3.91,16.71,7.55,0.9,3.74,4.45
design_5527,0.78,0.56,5.89,nan,nan,nan,1.92,4.11,19.65,8.81,0.9,13.57,8.23
design_5528,0.99,0.34,1.23,nan,nan,nan,0.58,1.02,16.49,7.46,0.9,6.15,6.31
design_5529,1.13,0.59,1.31,nan,nan,nan,0.65,1.12,15.26,6.91,0.91,11.74,8.44
design_5530,0.99,0.59,1.53,nan,nan,nan,0.67,1.22,17.75,7.99,0.9,21.57,21.66
design_5531,0.93,0.74,1.37,nan,nan,nan,0.64,1.13,17.95,8.07,0.9,18.14,13.31
design_5532,0.93,0.82,1.5,nan,nan,nan,0.68,1.22,18.44,8.26,0.91,16.92,12.82
design_5533,0.77,0.73,1.31,nan,nan,nan,0.6,1.05,15.86,7.2,0.9,10.51,10.68
design_5534,1.05,0.81,1.4,nan,nan,nan,0.68,1.19,17.49,7.86,0.91,20.22,15.17
design_5535,1.26,0.63,1.25,nan,nan,nan,0.68,1.14,15.46,7.03,0.9,19.17,15.87
design_5536,0.44,1.09,2.43,nan,nan,nan,0.8,1.67,15.64,7.02,0.9,26.28,16.12
design_5537,0.49,0.83,1.93,nan,nan,nan,0.69,1.34,17.34,7.72,0.91,27.93,16.11
design_5538,0.57,0.93,1.7,nan,nan,nan,0.64,1.23,17.43,7.74,0.91,17.8,11.52
design_5539,0.59,0.92,1.7,nan,nan,nan,0.65,1.24,17.26,7.68,0.91,11.71,11.83
design_5540,0.67,0.87,1.65,nan,nan,nan,0.63,1.21,16.4,7.34,0.91,25.23,16.13
design_5541,0.57,0.99,1.72,nan,nan,nan,0.65,1.26,17.67,7.84,0.91,14.38,11.61
design_5542,0.62,0.88,1.89,nan,nan,nan,0.67,1.34,17.28,7.7,0.91,25.43,16.05
design_5543,0.43,0.87,0.52,nan,nan,nan,0.45,0.62,15.11,6.75,0.92,17.02,11.48
design_5544,0.53,0.38,1.06,nan,nan,nan,0.51,0.78,17.46,7.72,0.93,13.56,11.25
design_5545,0.49,0.41,1.54,nan,nan,nan,0.61,1.07,17.77,7.86,0.92,17.56,16.52
design_5546,0.66,0.36,1.54,nan,nan,nan,0.62,1.09,17.22,7.63,0.92,26.14,23.16
design_5547,0.6,0.4,1.37,nan,nan,nan,0.58,0.98,16.65,7.38,0.93,23.06,14.8
design_5548,0.8,0.27,1.64,nan,nan,nan,0.64,1.17,17.18,7.62,0.92,18.41,14.82
design_5549,1.25,0.52,1.52,nan,nan,nan,0.67,1.25,17.45,7.73,0.93,16.6,9.91
design_5550,0.94,0.48,1.51,nan,nan,nan,0.67,1.15,15.54,6.94,0.92,16.57,11.12
design_5551,0.78,0.36,1.56,nan,nan,nan,0.63,1.13,17.05,7.55,0.93,13.39,12.14
design_5552,0.47,0.84,1.63,nan,nan,nan,0.63,1.19,18.48,8.21,0.92,22.39,17.56
design_5553,0.52,0.65,1.35,nan,nan,nan,0.59,1.0,17.34,7.71,0.92,10.5,8.92
design_5554,0.46,0.55,1.13,nan,nan,nan,0.55,0.84,17.07,7.62,0.92,9.87,9.38
design_5555,0.4,0.59,2.08,nan,nan,nan,0.73,1.42,17.57,7.83,0.92,13.43,12.55
design_5556,0.39,0.62,1.78,nan,nan,nan,0.67,1.24,17.26,7.69,0.92,13.91,12.99
design_5557,0.46,0.57,0.91,nan,nan,nan,0.52,0.71,16.76,7.48,0.92,10.46,8.65
design_5558,0.43,0.48,1.62,nan,nan,nan,0.64,1.12,16.85,7.51,0.92,8.59,8.17
design_5559,0.42,0.46,1.26,nan,nan,nan,0.58,0.9,16.92,7.55,0.92,9.65,9.18
design_5560,1.01,0.52,1.02,nan,nan,nan,0.56,0.89,16.92,7.41,0.92,27.5,19.28
design_5561,1.02,0.54,1.05,nan,nan,nan,0.59,0.91,16.79,7.38,0.92,27.95,19.85
design_5562,1.06,0.48,1.07,nan,nan,nan,0.57,0.92,16.89,7.41,0.92,28.68,20.31
design_5563,1.08,0.48,1.0,nan,nan,nan,0.59,0.91,16.84,7.4,0.91,28.35,19.26
design_5564,1.1,0.44,1.05,nan,nan,nan,0.6,0.92,17.26,7.56,0.92,27.66,19.96
design_5565,1.01,0.71,1.05,nan,nan,nan,0.61,0.94,17.0,7.48,0.91,24.43,20.95
design_5566,0.98,0.48,1.01,nan,nan,nan,0.54,0.87,17.06,7.47,0.92,26.63,20.01
design_5567,1.07,0.43,0.9,nan,nan,nan,0.56,0.86,16.84,7.4,0.92,26.74,19.87
design_5568,0.96,0.48,1.15,nan,nan,nan,0.59,0.98,16.37,7.33,0.92,13.75,12.7
design_5569,0.92,0.46,1.15,nan,nan,nan,0.59,0.96,16.98,7.59,0.92,16.61,13.67
design_5570,1.0,0.51,1.1,nan,nan,nan,0.58,0.96,16.35,7.32,0.92,12.94,11.38
design_5571,0.91,0.81,1.02,nan,nan,nan,0.57,0.94,15.21,6.86,0.92,9.92,4.53
design_5572,1.0,0.59,1.17,nan,nan,nan,0.61,1.01,12.37,5.68,0.91,20.5,14.75
design_5573,1.0,0.47,1.08,nan,nan,nan,0.58,0.95,15.9,7.14,0.92,11.96,12.84
design_5574,0.49,0.79,1.02,nan,nan,nan,0.53,0.85,16.08,7.23,0.92,11.39,5.92
design_5575,0.4,0.59,0.97,nan,nan,nan,0.51,0.76,15.95,7.16,0.92,19.85,15.37
design_5576,0.39,0.81,0.53,nan,nan,nan,0.4,0.58,3.38,1.95,0.92,1.01,1.04
design_5577,0.41,0.66,0.79,nan,nan,nan,0.49,0.68,14.35,6.54,0.91,19.14,15.65
design_5578,0.41,0.81,0.59,nan,nan,nan,0.45,0.61,4.75,2.52,0.92,0.68,0.75
design_5579,0.46,0.73,0.7,nan,nan,nan,0.46,0.65,14.28,6.51,0.91,16.5,13.61
design_5580,0.6,0.67,0.57,nan,nan,nan,0.44,0.6,3.97,2.19,0.92,0.91,0.98
design_5581,0.63,0.84,0.54,nan,nan,nan,0.45,0.64,3.42,1.97,0.92,0.9,1.07
design_5582,0.7,0.77,0.84,nan,nan,nan,0.52,0.79,15.13,6.88,0.91,18.68,17.75
design_5583,0.46,0.83,0.5,nan,nan,nan,0.43,0.58,3.49,2.0,0.92,0.75,0.85
design_5584,1.04,0.3,2.27,nan,nan,nan,0.85,1.64,14.83,6.73,0.9,22.17,17.59
design_5585,1.04,0.35,2.09,nan,nan,nan,0.81,1.53,11.81,5.48,0.9,22.7,16.95
design_5586,0.93,0.4,1.93,nan,nan,nan,0.77,1.41,14.3,6.49,0.91,19.07,13.84
design_5587,1.0,0.38,2.35,nan,nan,nan,0.85,1.69,14.2,6.46,0.9,23.1,17.17
design_5588,1.01,0.31,2.01,nan,nan,nan,0.76,1.47,17.42,7.79,0.91,21.38,21.41
design_5589,0.95,0.29,2.14,nan,nan,nan,0.82,1.55,14.75,6.68,0.91,16.3,12.4
design_5590,1.0,0.43,2.43,nan,nan,nan,0.87,1.75,13.39,6.1,0.91,23.25,17.2
design_5591,0.75,0.31,2.13,nan,nan,nan,0.79,1.51,14.47,6.58,0.9,16.27,12.52
design_5592,1.37,0.44,3.55,nan,nan,nan,1.03,2.26,17.78,7.79,0.92,16.97,12.84
design_5593,1.64,0.63,3.78,nan,nan,nan,1.12,2.46,17.22,7.56,0.92,14.14,14.7
design_5594,0.92,0.47,3.39,nan,nan,nan,0.97,2.09,17.99,7.88,0.92,17.33,11.52
design_5595,1.0,0.43,3.42,nan,nan,nan,0.99,2.12,17.32,7.61,0.92,21.63,18.53
design_5596,1.76,0.49,3.59,nan,nan,nan,1.08,2.38,17.37,7.65,0.91,22.04,16.72
design_5597,0.88,0.5,3.22,nan,nan,nan,0.93,2.0,17.86,7.84,0.92,14.61,10.73
design_5598,1.29,0.3,3.29,nan,nan,nan,0.96,2.1,17.25,7.58,0.92,17.08,12.46
design_5599,1.46,0.44,3.55,nan,nan,nan,1.04,2.29,17.42,7.65,0.92,22.04,16.46
design_5600,0.71,0.7,1.87,nan,nan,nan,0.7,1.34,19.19,8.51,0.91,16.61,14.29
design_5601,0.57,0.64,1.68,nan,nan,nan,0.67,1.2,16.03,7.19,0.91,19.63,19.11
design_5602,0.81,0.74,2.45,nan,nan,nan,0.85,1.72,19.64,8.76,0.91,7.23,4.58
design_5603,0.72,0.86,1.8,nan,nan,nan,0.7,1.33,18.72,8.34,0.91,18.21,18.22
design_5604,0.82,0.75,1.94,nan,nan,nan,0.72,1.41,19.64,8.73,0.91,17.53,15.54
design_5605,0.81,0.91,2.08,nan,nan,nan,0.77,1.52,18.79,8.36,0.91,16.27,17.95
design_5606,0.73,0.86,2.34,nan,nan,nan,0.82,1.66,17.21,7.68,0.91,7.22,4.3
design_5607,0.64,0.62,1.78,nan,nan,nan,0.7,1.26,16.53,7.41,0.91,19.62,20.1
design_5608,0.99,1.11,3.56,nan,nan,nan,1.05,2.27,16.72,7.35,0.92,22.59,21.83
design_5609,0.95,1.2,3.35,nan,nan,nan,1.0,2.16,17.37,7.62,0.92,21.01,14.71
design_5610,0.72,0.94,1.87,nan,nan,nan,0.64,1.29,18.79,8.26,0.91,13.53,10.96
design_5611,0.96,1.08,2.93,nan,nan,nan,0.9,1.92,17.95,7.88,0.92,14.28,13.09
design_5612,0.93,0.91,3.35,nan,nan,nan,1.0,2.12,16.83,7.4,0.92,16.87,18.03
design_5613,1.07,1.3,3.16,nan,nan,nan,0.97,2.1,16.51,7.29,0.92,23.18,18.21
design_5614,0.95,1.3,3.46,nan,nan,nan,1.04,2.24,17.03,7.48,0.92,21.79,17.8
design_5615,0.94,1.1,2.77,nan,nan,nan,0.85,1.83,17.98,7.88,0.92,20.53,20.03
design_5616,1.15,0.5,1.37,nan,nan,nan,0.71,1.08,17.69,7.75,0.92,14.35,14.78
design_5617,0.64,0.55,1.03,nan,nan,nan,0.53,0.76,18.62,8.12,0.92,19.5,13.83
design_5618,1.1,0.45,2.0,nan,nan,nan,0.73,1.33,17.21,7.54,0.91,18.62,18.41
design_5619,0.98,0.65,1.44,nan,nan,nan,0.57,1.07,19.66,8.55,0.92,31.82,20.55
design_5620,0.76,0.54,0.92,nan,nan,nan,0.5,0.76,17.58,7.68,0.92,22.59,20.43
design_5621,0.53,0.47,0.67,nan,nan,nan,0.45,0.56,18.48,8.06,0.92,26.6,18.33
design_5622,0.8,0.46,1.63,nan,nan,nan,0.63,1.07,17.62,7.72,0.92,18.87,19.46
design_5623,1.45,0.55,0.94,nan,nan,nan,0.6,1.07,17.16,7.52,0.92,20.95,17.67
design_5624,0.84,0.51,1.45,nan,nan,nan,0.63,1.11,16.32,7.33,0.91,9.98,8.41
design_5625,0.91,0.54,1.41,nan,nan,nan,0.64,1.11,17.05,7.64,0.91,9.64,8.67
design_5626,0.76,0.6,1.36,nan,nan,nan,0.61,1.05,18.35,8.17,0.91,10.58,11.32
design_5627,0.76,0.59,1.42,nan,nan,nan,0.62,1.08,16.38,7.34,0.92,8.93,6.72
design_5628,0.77,0.8,1.58,nan,nan,nan,0.65,1.22,17.73,7.91,0.91,9.45,6.56
design_5629,0.82,0.73,1.56,nan,nan,nan,0.67,1.2,17.0,7.61,0.91,11.66,6.87
design_5630,0.84,0.85,1.54,nan,nan,nan,0.66,1.21,16.18,7.27,0.91,9.43,6.11
design_5631,1.17,0.58,1.84,nan,nan,nan,0.75,1.43,16.57,7.44,0.91,9.93,7.13
design_5632,0.64,0.48,1.45,nan,nan,nan,0.61,1.07,16.01,7.16,0.92,20.9,20.23
design_5633,0.66,0.38,1.44,nan,nan,nan,0.61,1.05,16.07,7.18,0.92,20.99,19.89
design_5634,0.65,0.47,1.56,nan,nan,nan,0.63,1.14,16.77,7.48,0.92,21.0,19.15
design_5635,0.81,0.55,4.91,nan,nan,nan,1.56,3.36,18.64,8.33,0.91,18.19,17.86
design_5636,0.7,0.63,2.03,nan,nan,nan,0.76,1.46,18.11,8.08,0.92,21.13,21.43
design_5637,0.72,0.63,2.22,nan,nan,nan,0.8,1.58,18.16,8.13,0.91,19.39,18.29
design_5638,0.7,0.43,1.44,nan,nan,nan,0.61,1.07,16.8,7.49,0.92,20.77,19.62
design_5639,0.7,0.3,1.34,nan,nan,nan,0.58,0.99,16.73,7.45,0.92,8.27,9.21
design_5640,0.83,0.49,1.03,nan,nan,nan,0.52,0.84,17.13,7.56,0.92,28.42,16.88
design_5641,0.75,0.74,0.97,nan,nan,nan,0.54,0.84,15.43,6.86,0.91,15.75,6.77
design_5642,0.71,0.47,0.8,nan,nan,nan,0.47,0.69,17.44,7.69,0.92,23.55,13.19
design_5643,0.73,0.78,0.71,nan,nan,nan,0.53,0.74,11.14,5.11,0.91,10.76,5.88
design_5644,0.89,0.61,1.04,nan,nan,nan,0.54,0.89,18.37,8.08,0.92,5.9,4.69
design_5645,0.75,0.46,1.35,nan,nan,nan,0.55,0.97,17.76,7.84,0.91,30.16,17.15
design_5646,0.75,0.8,1.17,nan,nan,nan,0.56,0.95,15.69,6.97,0.91,3.95,3.52
design_5647,0.86,0.78,1.19,nan,nan,nan,0.57,0.98,16.03,7.12,0.91,6.07,5.89
design_5648,0.54,0.78,1.08,nan,nan,nan,0.53,0.84,17.42,7.64,0.92,8.48,5.69
design_5649,0.67,0.83,1.47,nan,nan,nan,0.59,1.06,17.67,7.76,0.92,18.94,18.47
design_5650,0.69,0.93,1.39,nan,nan,nan,0.59,1.05,17.24,7.57,0.92,21.4,17.65
design_5651,0.49,1.04,1.52,nan,nan,nan,0.6,1.1,17.7,7.75,0.92,20.62,19.53
design_5652,0.59,1.0,1.5,nan,nan,nan,0.62,1.1,17.18,7.55,0.92,20.99,22.15
design_5653,0.7,0.89,1.38,nan,nan,nan,0.58,1.04,18.31,8.02,0.92,22.28,18.13
design_5654,0.76,0.79,1.4,nan,nan,nan,0.57,1.04,18.18,7.98,0.92,18.61,14.35
design_5655,0.54,1.05,1.78,nan,nan,nan,0.63,1.24,18.24,7.98,0.92,8.67,7.15
design_5656,0.69,0.95,0.73,nan,nan,nan,0.51,0.79,17.39,7.63,0.92,14.17,14.26
design_5657,0.84,0.83,0.41,nan,nan,nan,0.48,0.72,17.98,7.89,0.92,18.38,20.3
design_5658,0.85,1.12,2.04,nan,nan,nan,0.75,1.45,18.05,7.93,0.92,10.72,10.72
design_5659,0.52,1.1,0.99,nan,nan,nan,0.53,0.89,18.38,8.06,0.92,16.84,14.56
design_5660,0.67,1.15,1.68,nan,nan,nan,0.63,1.24,18.08,7.93,0.92,19.06,17.28
design_5661,0.79,0.94,0.68,nan,nan,nan,0.52,0.81,16.88,7.44,0.92,13.16,15.58
design_5662,0.61,1.03,0.38,nan,nan,nan,0.47,0.71,17.79,7.8,0.92,19.63,20.38
design_5663,0.58,1.1,0.44,nan,nan,nan,0.47,0.74,18.17,7.98,0.92,25.44,12.87
design_5664,0.56,0.7,3.53,nan,nan,nan,1.12,2.38,17.51,7.82,0.91,10.24,9.16
design_5665,0.58,0.89,1.5,nan,nan,nan,0.61,1.13,17.42,7.8,0.9,26.14,16.57
design_5666,0.51,0.72,3.63,nan,nan,nan,1.14,2.44,17.51,7.83,0.91,15.44,10.83
design_5667,0.54,0.65,1.39,nan,nan,nan,0.59,1.02,12.22,5.63,0.9,8.83,5.06
design_5668,0.49,0.62,1.51,nan,nan,nan,0.59,1.08,17.96,8.02,0.91,17.79,12.34
design_5669,0.71,0.86,3.31,nan,nan,nan,1.06,2.26,16.82,7.54,0.91,23.48,11.62
design_5670,0.95,0.95,2.23,nan,nan,nan,0.83,1.64,7.74,3.79,0.9,9.71,5.48
design_5671,0.6,0.68,3.62,nan,nan,nan,1.13,2.43,17.3,7.73,0.91,13.84,10.28
design_5672,0.87,0.8,1.58,nan,nan,nan,0.7,1.25,13.93,6.39,0.9,5.52,4.14
design_5673,1.09,0.8,7.15,nan,nan,nan,2.32,5.01,18.96,8.46,0.91,18.53,13.54
design_5674,1.21,0.69,2.24,nan,nan,nan,0.89,1.71,18.49,8.28,0.91,16.05,17.46
design_5675,2.02,0.84,2.48,nan,nan,nan,1.02,2.06,18.62,8.38,0.9,13.87,11.49
design_5676,3.54,0.85,1.88,nan,nan,nan,1.13,2.32,12.92,5.99,0.9,5.4,3.11
design_5677,0.89,0.35,1.53,nan,nan,nan,0.7,1.17,4.87,2.6,0.91,3.53,1.64
design_5678,1.54,0.7,2.1,nan,nan,nan,0.88,1.7,18.08,8.11,0.91,3.61,4.29
design_5679,1.51,0.59,1.95,nan,nan,nan,0.83,1.6,16.05,7.26,0.91,4.23,4.01
design_5680,0.58,0.68,0.37,nan,nan,nan,0.42,0.56,16.92,7.41,0.92,14.15,15.29
design_5681,0.61,0.65,0.55,nan,nan,nan,0.46,0.6,17.52,7.65,0.92,13.64,16.98
design_5682,0.46,0.58,0.67,nan,nan,nan,0.44,0.57,14.63,6.49,0.91,21.58,15.56
design_5683,0.57,0.48,0.53,nan,nan,nan,0.42,0.53,17.02,7.45,0.92,21.92,15.22
design_5684,0.54,0.59,0.83,nan,nan,nan,0.44,0.66,17.53,7.66,0.92,17.57,17.91
design_5685,0.66,0.44,0.48,nan,nan,nan,0.44,0.54,18.0,7.85,0.92,20.79,15.31
design_5686,0.68,0.51,0.65,nan,nan,nan,0.46,0.62,17.55,7.67,0.92,19.29,14.69
design_5687,0.57,0.54,0.47,nan,nan,nan,0.41,0.53,17.4,7.61,0.92,19.09,16.26
design_5688,0.61,0.75,1.92,nan,nan,nan,0.68,1.34,17.62,7.78,0.92,14.48,10.83
design_5689,0.55,0.62,2.06,nan,nan,nan,0.69,1.39,16.86,7.48,0.91,22.11,15.67
design_5690,0.72,0.88,2.07,nan,nan,nan,0.73,1.46,16.91,7.51,0.91,21.96,14.52
design_5691,0.59,0.82,1.91,nan,nan,nan,0.67,1.34,16.7,7.41,0.92,25.92,17.24
design_5692,0.53,0.66,1.9,nan,nan,nan,0.66,1.3,17.49,7.74,0.92,21.55,16.75
design_5693,0.51,0.89,2.16,nan,nan,nan,0.72,1.48,16.06,7.15,0.92,16.66,13.92
design_5694,0.5,0.88,1.92,nan,nan,nan,0.68,1.34,17.24,7.63,0.92,22.32,15.94
design_5695,0.68,0.68,1.8,nan,nan,nan,0.65,1.26,17.57,7.77,0.92,7.12,8.04
design_5696,0.57,0.69,0.72,nan,nan,nan,0.46,0.68,15.82,7.13,0.92,16.96,16.03
design_5697,0.93,0.76,0.75,nan,nan,nan,0.53,0.8,16.93,7.58,0.92,16.51,13.4
design_5698,0.88,0.53,0.8,nan,nan,nan,0.53,0.77,16.91,7.6,0.91,13.25,10.08
design_5699,0.56,0.75,0.67,nan,nan,nan,0.46,0.66,16.66,7.49,0.92,16.2,15.76
design_5700,0.53,0.64,0.75,nan,nan,nan,0.47,0.67,17.29,7.75,0.92,13.66,10.07
design_5701,1.01,0.66,0.76,nan,nan,nan,0.54,0.82,16.67,7.48,0.92,20.11,18.6
design_5702,0.67,0.56,0.77,nan,nan,nan,0.49,0.7,16.24,7.31,0.92,9.58,6.28
design_5703,0.9,0.82,0.81,nan,nan,nan,0.53,0.84,17.01,7.63,0.92,13.14,11.62
design_5704,1.07,0.8,0.41,nan,nan,nan,0.48,0.76,17.21,7.65,0.92,12.11,11.73
design_5705,0.59,0.42,0.53,nan,nan,nan,0.44,0.53,15.34,6.89,0.92,1.92,2.2
design_5706,1.01,0.44,0.58,nan,nan,nan,0.51,0.71,17.7,7.86,0.92,19.98,15.07
design_5707,0.52,0.5,0.55,nan,nan,nan,0.44,0.53,17.47,7.76,0.92,24.58,19.34
design_5708,0.99,0.53,0.51,nan,nan,nan,0.5,0.69,15.39,6.9,0.92,13.22,12.35
design_5709,1.04,0.46,0.53,nan,nan,nan,0.5,0.71,17.24,7.67,0.92,12.61,8.63
design_5710,0.81,0.42,0.49,nan,nan,nan,0.46,0.59,16.59,7.39,0.92,16.64,12.72
design_5711,0.67,0.42,0.46,nan,nan,nan,0.44,0.52,17.09,7.6,0.92,16.84,10.59
design_5712,0.53,0.51,2.47,nan,nan,nan,0.68,1.37,16.85,7.38,0.92,26.22,21.87
design_5713,0.58,0.47,0.96,nan,nan,nan,0.47,0.68,18.08,7.88,0.92,25.35,20.58
design_5714,0.61,0.51,1.09,nan,nan,nan,0.5,0.75,18.59,8.08,0.92,23.43,19.62
design_5715,0.47,0.56,2.48,nan,nan,nan,0.67,1.38,17.65,7.71,0.92,24.4,14.63
design_5716,0.58,0.6,1.45,nan,nan,nan,0.52,0.91,18.26,7.96,0.91,25.82,18.27
design_5717,0.51,0.63,1.47,nan,nan,nan,0.52,0.91,17.8,7.77,0.92,24.04,18.5
design_5718,0.66,0.55,1.01,nan,nan,nan,0.49,0.74,18.69,8.12,0.92,20.25,18.74
design_5719,0.59,0.57,0.93,nan,nan,nan,0.48,0.7,18.56,8.07,0.92,20.09,14.61
design_5720,0.76,0.73,3.45,nan,nan,nan,1.0,2.21,18.26,8.11,0.9,26.55,20.85
design_5721,0.59,0.57,3.63,nan,nan,nan,1.04,2.28,18.9,8.38,0.9,10.4,12.25
design_5722,0.93,0.66,0.68,nan,nan,nan,0.55,0.77,9.26,4.35,0.91,9.44,5.76
design_5723,0.72,0.73,1.04,nan,nan,nan,0.51,0.86,18.42,8.09,0.92,20.15,11.22
design_5724,0.77,0.67,0.5,nan,nan,nan,0.49,0.65,8.6,4.09,0.91,10.45,6.47
design_5725,0.85,0.57,4.9,nan,nan,nan,1.36,3.08,18.3,8.12,0.9,30.45,18.35
design_5726,1.1,0.79,0.83,nan,nan,nan,0.59,0.92,11.86,5.41,0.91,9.45,5.82
design_5727,0.54,0.58,1.54,nan,nan,nan,0.57,1.05,18.16,8.03,0.91,20.55,14.7
design_5728,0.54,0.52,1.24,nan,nan,nan,0.5,0.82,17.71,7.77,0.92,22.64,18.56
design_5729,0.6,0.47,1.27,nan,nan,nan,0.51,0.84,17.24,7.57,0.92,23.01,19.39
design_5730,0.6,0.64,1.16,nan,nan,nan,0.49,0.83,18.33,8.01,0.92,10.07,7.28
design_5731,0.53,0.39,1.29,nan,nan,nan,0.5,0.82,17.65,7.75,0.92,22.04,19.61
design_5732,0.5,0.45,1.2,nan,nan,nan,0.49,0.78,17.34,7.61,0.92,22.45,19.25
design_5733,0.6,0.53,1.37,nan,nan,nan,0.53,0.9,18.08,7.92,0.92,10.65,11.69
design_5734,0.54,0.49,1.17,nan,nan,nan,0.49,0.78,17.6,7.73,0.92,23.41,18.4
design_5735,0.59,0.57,1.22,nan,nan,nan,0.51,0.84,17.81,7.81,0.92,20.63,19.24
design_5736,0.76,0.77,1.04,nan,nan,nan,0.49,0.85,17.71,7.75,0.91,18.76,16.01
design_5737,0.98,0.61,1.68,nan,nan,nan,0.6,1.13,17.81,7.79,0.91,21.78,16.54
design_5738,0.58,0.52,2.32,nan,nan,nan,0.64,1.31,17.49,7.67,0.91,22.17,20.85
design_5739,0.51,0.62,1.11,nan,nan,nan,0.49,0.76,18.19,7.92,0.91,41.86,17.12
design_5740,0.52,0.58,1.39,nan,nan,nan,0.54,0.87,17.34,7.58,0.92,23.4,20.58
design_5741,0.66,0.55,1.42,nan,nan,nan,0.56,0.91,17.51,7.67,0.91,15.47,12.57
design_5742,0.6,0.57,3.27,nan,nan,nan,0.81,1.79,17.71,7.75,0.91,8.99,10.53
design_5743,0.5,0.55,1.14,nan,nan,nan,0.52,0.75,17.21,7.52,0.92,22.98,21.91
design_5744,0.45,0.5,1.69,nan,nan,nan,0.65,1.2,18.15,8.1,0.91,19.82,15.13
design_5745,0.52,0.63,2.66,nan,nan,nan,0.93,1.85,4.01,2.24,0.91,1.2,1.89
design_5746,0.82,0.5,2.94,nan,nan,nan,1.0,2.05,18.08,8.08,0.91,21.76,14.68
design_5747,0.51,0.5,2.52,nan,nan,nan,0.87,1.75,17.96,8.04,0.91,22.16,14.71
design_5748,0.38,0.38,1.1,nan,nan,nan,0.49,0.79,18.25,8.15,0.91,10.29,4.39
design_5749,0.45,0.5,1.37,nan,nan,nan,0.58,0.99,18.16,8.08,0.92,22.3,17.03
design_5750,0.44,0.51,1.3,nan,nan,nan,0.57,0.95,18.33,8.16,0.92,20.98,15.7
design_5751,0.56,0.53,1.82,nan,nan,nan,0.69,1.3,19.02,8.47,0.91,9.2,8.57
design_5752,0.87,0.92,1.73,nan,nan,nan,0.73,1.36,17.3,7.78,0.91,4.73,4.31
design_5753,1.04,0.75,1.62,nan,nan,nan,0.71,1.3,17.27,7.75,0.91,18.75,15.43
design_5754,1.1,0.79,0.97,nan,nan,nan,0.61,0.97,8.28,3.99,0.91,7.95,4.38
design_5755,1.09,0.81,1.71,nan,nan,nan,0.74,1.38,17.67,7.95,0.9,19.24,20.61
design_5756,1.11,0.76,2.6,nan,nan,nan,1.0,1.93,16.16,7.32,0.9,21.24,16.53
design_5757,0.84,0.8,2.46,nan,nan,nan,0.92,1.81,16.88,7.59,0.91,22.85,19.74
design_5758,0.56,0.84,5.67,nan,nan,nan,1.85,3.96,19.0,8.52,0.91,23.45,18.02
design_5759,0.83,0.8,2.24,nan,nan,nan,0.85,1.66,16.4,7.4,0.9,7.83,6.36
design_5760,0.56,0.62,2.04,nan,nan,nan,0.76,1.45,16.38,7.34,0.92,20.27,17.66
design_5761,0.71,0.58,3.05,nan,nan,nan,1.03,2.12,17.59,7.84,0.92,21.55,16.47
design_5762,0.67,0.64,2.0,nan,nan,nan,0.75,1.44,17.19,7.7,0.91,18.25,16.59
design_5763,0.66,0.66,3.07,nan,nan,nan,1.03,2.13,18.06,8.04,0.92,14.6,11.78
design_5764,0.57,0.56,2.66,nan,nan,nan,0.91,1.85,16.86,7.5,0.92,21.26,17.24
design_5765,0.71,0.65,3.51,nan,nan,nan,1.16,2.43,17.91,7.99,0.92,21.07,17.22
design_5766,0.58,0.52,2.79,nan,nan,nan,0.95,1.93,16.76,7.49,0.92,20.48,17.4
design_5767,0.54,0.58,2.33,nan,nan,nan,0.83,1.63,17.19,7.68,0.92,21.13,16.79
design_5768,1.33,0.74,0.72,nan,nan,nan,0.59,0.97,16.85,7.44,0.92,14.29,16.51
design_5769,1.13,0.44,0.74,nan,nan,nan,0.53,0.83,17.77,7.83,0.92,19.85,15.12
design_5770,0.97,0.62,0.65,nan,nan,nan,0.47,0.76,17.5,7.71,0.92,17.1,12.09
design_5771,0.84,0.55,0.72,nan,nan,nan,0.55,0.72,16.77,7.4,0.92,15.17,16.76
design_5772,1.09,0.51,0.75,nan,nan,nan,0.53,0.83,17.14,7.57,0.92,20.42,18.74
design_5773,1.05,0.71,0.51,nan,nan,nan,0.5,0.78,16.77,7.41,0.92,21.61,19.3
design_5774,1.14,0.43,0.66,nan,nan,nan,0.48,0.81,17.84,7.85,0.92,22.05,16.29
design_5775,1.0,0.5,0.76,nan,nan,nan,0.5,0.79,17.4,7.68,0.92,20.81,16.24
design_5776,0.82,0.63,1.16,nan,nan,nan,0.56,0.95,18.07,8.08,0.91,22.67,19.08
design_5777,0.99,0.87,1.0,nan,nan,nan,0.56,0.97,17.76,7.95,0.91,19.07,14.97
design_5778,0.75,0.72,1.71,nan,nan,nan,0.68,1.28,17.61,7.94,0.9,13.43,6.77
design_5779,1.37,0.52,0.65,nan,nan,nan,0.53,0.9,4.77,2.54,0.91,3.1,3.01
design_5780,1.08,0.42,0.8,nan,nan,nan,0.53,0.82,9.06,4.33,0.9,2.65,2.53
design_5781,0.66,0.54,1.01,nan,nan,nan,0.53,0.82,16.49,7.41,0.91,18.3,11.04
design_5782,0.77,0.62,1.05,nan,nan,nan,0.55,0.88,17.15,7.73,0.9,15.44,7.59
design_5783,0.99,0.39,0.74,nan,nan,nan,0.49,0.76,4.6,2.45,0.91,2.6,2.38
design_5784,1.09,0.5,0.55,nan,nan,nan,0.49,0.77,17.34,7.63,0.92,22.03,18.17
design_5785,1.29,0.76,3.08,nan,nan,nan,0.98,2.02,17.53,7.68,0.92,14.49,15.34
design_5786,1.18,0.53,2.52,nan,nan,nan,0.85,1.67,17.33,7.62,0.92,17.27,16.33
design_5787,0.96,0.58,3.07,nan,nan,nan,0.92,1.93,16.82,7.4,0.92,15.11,15.81
design_5788,1.17,0.55,2.97,nan,nan,nan,0.92,1.91,16.84,7.41,0.92,19.38,19.12
design_5789,1.28,0.86,2.92,nan,nan,nan,0.95,1.94,17.09,7.51,0.92,17.45,15.09
design_5790,1.15,0.68,2.78,nan,nan,nan,0.89,1.82,17.76,7.79,0.92,14.69,12.29
design_5791,1.22,0.51,3.26,nan,nan,nan,1.02,2.08,16.87,7.41,0.92,15.56,18.23
design_5792,0.85,0.32,2.02,nan,nan,nan,0.73,1.39,17.77,7.87,0.91,17.22,11.07
design_5793,0.98,0.35,1.85,nan,nan,nan,0.68,1.32,18.16,8.02,0.92,19.54,14.16
design_5794,0.59,0.45,1.73,nan,nan,nan,0.62,1.18,16.64,7.39,0.92,27.62,15.99
design_5795,1.33,0.93,4.2,nan,nan,nan,1.28,2.83,17.87,7.93,0.91,16.79,11.69
design_5796,1.46,0.86,1.94,nan,nan,nan,0.78,1.56,17.83,7.91,0.91,25.37,17.55
design_5797,0.49,0.45,1.91,nan,nan,nan,0.66,1.28,17.19,7.63,0.91,21.98,15.61
design_5798,0.47,0.49,2.82,nan,nan,nan,0.88,1.84,18.47,8.16,0.91,13.47,10.26
design_5799,1.29,0.5,1.88,nan,nan,nan,0.72,1.43,17.2,7.61,0.92,23.02,16.61
design_5800,1.28,0.83,0.87,nan,nan,nan,0.57,1.03,17.95,7.85,0.92,19.22,14.66
design_5801,0.85,0.69,0.93,nan,nan,nan,0.51,0.83,17.69,7.77,0.91,19.83,15.05
design_5802,0.99,0.91,0.71,nan,nan,nan,0.51,0.88,18.28,7.99,0.91,18.23,16.24
design_5803,1.31,0.96,1.01,nan,nan,nan,0.6,1.12,17.61,7.72,0.92,16.97,11.23
design_5804,1.1,0.77,0.81,nan,nan,nan,0.54,0.92,16.4,7.2,0.92,17.64,12.27
design_5805,1.24,0.8,0.74,nan,nan,nan,0.56,0.97,17.46,7.65,0.92,15.75,12.18
design_5806,0.83,0.59,1.47,nan,nan,nan,0.62,1.02,17.08,7.5,0.91,21.31,19.57
design_5807,1.27,0.81,0.81,nan,nan,nan,0.55,1.01,17.66,7.72,0.92,17.96,10.32
design_5808,1.02,0.96,1.27,nan,nan,nan,0.66,1.13,18.09,8.1,0.92,22.4,19.31
design_5809,0.65,1.1,1.21,nan,nan,nan,0.64,1.05,18.12,8.1,0.92,20.51,17.1
design_5810,0.62,0.99,0.98,nan,nan,nan,0.57,0.9,18.29,8.18,0.91,12.84,11.8
design_5811,0.95,0.93,1.2,nan,nan,nan,0.63,1.07,17.07,7.67,0.91,7.9,9.83
design_5812,0.71,0.82,1.51,nan,nan,nan,0.69,1.18,16.13,7.23,0.92,22.39,20.92
design_5813,0.78,0.77,1.23,nan,nan,nan,0.62,1.02,14.98,6.79,0.91,11.51,10.6
design_5814,0.64,0.88,1.37,nan,nan,nan,0.65,1.1,16.71,7.49,0.92,22.48,20.84
design_5815,0.65,0.84,0.97,nan,nan,nan,0.56,0.86,17.27,7.75,0.92,11.61,11.85
design_5816,0.8,0.69,0.93,nan,nan,nan,0.5,0.81,18.21,7.95,0.92,11.55,7.64
design_5817,0.88,0.83,1.39,nan,nan,nan,0.57,1.06,17.54,7.68,0.92,26.69,18.87
design_5818,0.64,0.72,1.0,nan,nan,nan,0.47,0.79,17.2,7.54,0.91,5.82,5.59
design_5819,0.52,0.74,1.04,nan,nan,nan,0.48,0.78,17.29,7.56,0.92,26.97,17.35
design_5820,0.69,0.69,1.08,nan,nan,nan,0.52,0.83,17.24,7.55,0.92,13.7,7.47
design_5821,0.76,0.86,0.89,nan,nan,nan,0.51,0.83,15.6,6.89,0.91,2.57,2.26
design_5822,0.75,0.69,1.4,nan,nan,nan,0.55,0.99,15.96,7.03,0.92,25.7,18.07
design_5823,0.58,0.8,0.6,nan,nan,nan,0.43,0.66,17.13,7.51,0.91,8.39,6.64
design_5824,0.55,0.38,1.95,nan,nan,nan,0.73,1.39,18.96,8.44,0.92,23.71,19.59
design_5825,0.6,1.21,1.89,nan,nan,nan,0.79,1.47,6.74,3.42,0.9,21.62,22.21
design_5826,0.43,0.48,1.83,nan,nan,nan,0.69,1.31,18.05,8.07,0.91,22.35,21.41
design_5827,0.79,0.85,1.83,nan,nan,nan,0.74,1.4,15.56,7.05,0.91,18.67,19.7
design_5828,0.85,0.51,1.69,nan,nan,nan,0.73,1.28,7.73,3.77,0.91,20.88,19.44
design_5829,0.53,0.73,1.87,nan,nan,nan,0.73,1.37,14.78,6.7,0.91,22.64,21.98
design_5830,0.71,0.33,1.15,nan,nan,nan,0.53,0.9,13.76,6.32,0.9,21.62,21.87
design_5831,0.62,0.57,2.09,nan,nan,nan,0.78,1.51,16.98,7.61,0.92,22.82,23.01
design_5832,0.6,0.33,0.89,nan,nan,nan,0.49,0.71,16.56,7.41,0.91,23.33,17.26
design_5833,0.57,0.64,0.98,nan,nan,nan,0.51,0.8,17.55,7.87,0.91,20.35,13.13
design_5834,0.6,0.77,0.88,nan,nan,nan,0.54,0.78,17.07,7.67,0.9,24.45,16.7
design_5835,2.1,0.77,0.93,nan,nan,nan,0.77,1.35,4.88,2.57,0.91,3.11,3.02
design_5836,0.3,0.74,0.86,nan,nan,nan,0.5,0.71,16.85,7.56,0.91,22.37,15.37
design_5837,0.67,0.63,0.78,nan,nan,nan,0.5,0.71,6.69,3.32,0.91,1.48,0.78
design_5838,0.77,0.52,1.32,nan,nan,nan,0.61,1.02,3.97,2.21,0.91,2.22,1.14
design_5839,0.57,0.52,0.79,nan,nan,nan,0.49,0.67,4.16,2.26,0.92,1.16,1.12
design_5840,0.36,0.71,1.4,nan,nan,nan,0.58,1.01,18.09,8.04,0.92,24.98,20.47
design_5841,0.45,0.57,2.72,nan,nan,nan,0.91,1.84,17.66,7.89,0.91,9.52,8.51
design_5842,0.47,0.65,2.55,nan,nan,nan,0.85,1.73,19.28,8.55,0.91,27.26,17.9
design_5843,0.35,0.46,1.2,nan,nan,nan,0.55,0.85,16.69,7.46,0.91,9.1,8.6
design_5844,0.38,0.59,1.1,nan,nan,nan,0.53,0.81,17.29,7.71,0.91,9.08,8.02
design_5845,0.4,0.66,1.41,nan,nan,nan,0.6,1.02,16.98,7.58,0.91,10.58,10.03
design_5846,0.63,0.65,2.09,nan,nan,nan,0.75,1.46,17.01,7.6,0.91,23.16,21.21
design_5847,0.48,0.55,7.12,nan,nan,nan,2.12,4.71,18.63,8.32,0.91,20.47,17.59
design_5848,0.77,1.08,3.99,nan,nan,nan,1.21,2.65,18.24,8.11,0.91,6.0,7.35
design_5849,0.98,1.08,5.11,nan,nan,nan,1.51,3.36,17.27,7.71,0.9,19.9,16.36
design_5850,1.1,1.03,5.71,nan,nan,nan,1.68,3.75,16.98,7.6,0.9,10.03,10.77
design_5851,0.95,1.22,4.99,nan,nan,nan,1.48,3.3,14.19,6.45,0.9,28.5,20.55
design_5852,0.97,1.21,5.25,nan,nan,nan,1.55,3.46,17.28,7.71,0.91,24.73,17.23
design_5853,0.92,1.11,3.31,nan,nan,nan,1.05,2.26,15.63,7.0,0.91,28.32,18.4
design_5854,0.98,1.13,4.9,nan,nan,nan,1.45,3.24,17.4,7.76,0.9,24.55,16.73
design_5855,0.97,1.15,5.05,nan,nan,nan,1.5,3.33,17.72,7.88,0.91,16.73,13.04
design_5856,0.61,0.71,0.76,nan,nan,nan,0.48,0.71,17.28,7.73,0.93,16.09,16.31
design_5857,0.59,0.65,0.77,nan,nan,nan,0.48,0.7,16.92,7.58,0.92,22.33,22.23
design_5858,0.57,0.68,0.77,nan,nan,nan,0.49,0.7,16.19,7.27,0.93,22.33,20.56
design_5859,0.69,0.61,0.68,nan,nan,nan,0.47,0.67,16.51,7.42,0.92,9.81,10.83
design_5860,1.05,0.73,0.71,nan,nan,nan,0.52,0.82,16.51,7.41,0.92,21.41,20.04
design_5861,0.6,0.66,0.73,nan,nan,nan,0.46,0.68,17.31,7.75,0.92,21.69,21.79
design_5862,0.59,0.59,0.77,nan,nan,nan,0.5,0.68,16.01,7.2,0.92,22.11,20.41
design_5863,0.68,0.65,0.72,nan,nan,nan,0.49,0.69,15.97,7.18,0.92,20.94,19.8
design_5864,0.54,0.57,0.87,nan,nan,nan,0.51,0.73,17.29,7.74,0.92,12.86,10.91
design_5865,0.58,0.59,0.84,nan,nan,nan,0.51,0.72,17.18,7.7,0.92,12.88,8.89
design_5866,0.91,0.61,0.62,nan,nan,nan,0.5,0.71,15.26,6.9,0.91,20.88,18.4
design_5867,0.81,0.55,0.75,nan,nan,nan,0.52,0.73,17.04,7.65,0.92,23.32,17.18
design_5868,1.01,0.42,0.7,nan,nan,nan,0.5,0.75,16.3,7.34,0.91,15.11,13.51
design_5869,0.5,0.54,0.84,nan,nan,nan,0.52,0.7,16.67,7.48,0.92,20.5,18.89
design_5870,1.02,0.66,0.77,nan,nan,nan,0.54,0.82,16.58,7.44,0.92,20.75,17.2
design_5871,0.93,0.58,0.99,nan,nan,nan,0.57,0.89,15.43,6.97,0.92,20.74,18.34
design_5872,0.73,0.77,0.78,nan,nan,nan,0.49,0.76,13.03,6.01,0.9,2.46,2.02
design_5873,0.66,0.87,1.03,nan,nan,nan,0.53,0.9,17.37,7.83,0.9,13.58,12.89
design_5874,0.58,0.91,0.94,nan,nan,nan,0.51,0.85,12.88,5.95,0.9,3.33,3.99
design_5875,0.36,0.82,1.0,nan,nan,nan,0.49,0.82,16.63,7.51,0.91,4.09,4.57
design_5876,0.64,0.84,0.96,nan,nan,nan,0.53,0.85,8.61,4.16,0.9,3.25,4.32
design_5877,0.33,0.82,1.18,nan,nan,nan,0.55,0.93,17.61,7.91,0.91,11.05,12.8
design_5878,0.51,0.85,0.8,nan,nan,nan,0.5,0.74,13.51,6.21,0.9,4.31,4.32
design_5879,0.43,0.84,1.12,nan,nan,nan,0.52,0.9,15.71,7.13,0.9,5.25,5.46
design_5880,0.91,0.87,0.91,nan,nan,nan,0.61,0.9,16.7,7.32,0.92,11.57,10.53
design_5881,0.88,0.9,1.03,nan,nan,nan,0.65,0.94,16.28,7.15,0.92,18.54,20.2
design_5882,0.83,0.86,1.12,nan,nan,nan,0.63,0.94,17.53,7.67,0.92,16.43,17.13
design_5883,0.69,0.71,0.98,nan,nan,nan,0.6,0.8,16.1,7.07,0.92,14.22,14.71
design_5884,1.28,0.84,0.89,nan,nan,nan,0.63,1.04,17.1,7.48,0.92,17.02,18.58
design_5885,0.89,0.87,0.95,nan,nan,nan,0.62,0.9,16.9,7.4,0.92,18.94,19.5
design_5886,1.05,0.93,1.08,nan,nan,nan,0.66,1.02,15.77,6.94,0.92,17.88,19.95
design_5887,0.97,0.85,0.98,nan,nan,nan,0.62,0.93,16.24,7.13,0.92,18.19,19.72
design_5888,1.18,0.8,2.5,nan,nan,nan,0.89,1.69,17.04,7.49,0.92,19.63,11.9
design_5889,1.08,1.0,2.34,nan,nan,nan,0.79,1.62,17.46,7.66,0.92,19.17,19.96
design_5890,1.07,0.82,2.13,nan,nan,nan,0.75,1.48,17.24,7.56,0.92,24.69,17.17
design_5891,0.98,1.13,1.8,nan,nan,nan,0.73,1.36,17.56,7.7,0.92,20.59,14.87
design_5892,1.13,0.89,0.83,nan,nan,nan,0.6,0.96,17.7,7.78,0.92,16.46,11.9
design_5893,0.98,1.26,2.52,nan,nan,nan,0.85,1.74,17.75,7.78,0.92,10.37,10.13
design_5894,1.01,0.67,2.21,nan,nan,nan,0.79,1.48,17.13,7.52,0.92,21.63,15.43
design_5895,1.12,0.77,2.44,nan,nan,nan,0.84,1.64,17.5,7.66,0.92,22.33,13.67
design_5896,0.34,0.82,0.49,nan,nan,nan,0.41,0.55,3.3,1.92,0.92,1.68,1.39
design_5897,0.34,1.0,0.55,nan,nan,nan,0.46,0.64,3.25,1.89,0.92,1.73,1.16
design_5898,0.38,0.92,0.63,nan,nan,nan,0.44,0.66,3.44,1.98,0.92,2.8,2.2
design_5899,0.4,0.85,0.42,nan,nan,nan,0.43,0.54,3.78,2.11,0.92,2.39,1.42
design_5900,0.4,0.97,0.48,nan,nan,nan,0.44,0.61,4.38,2.36,0.92,2.17,1.59
design_5901,0.34,0.95,0.5,nan,nan,nan,0.42,0.6,3.33,1.93,0.92,1.99,1.53
design_5902,0.43,0.8,0.54,nan,nan,nan,0.44,0.59,3.6,2.04,0.92,1.86,1.28
design_5903,0.38,0.82,0.48,nan,nan,nan,0.42,0.56,3.92,2.17,0.92,2.8,2.04
design_5904,0.66,0.59,1.27,nan,nan,nan,0.54,0.93,16.28,7.18,0.92,19.08,16.89
design_5905,0.73,0.6,1.04,nan,nan,nan,0.52,0.83,17.05,7.53,0.92,19.41,18.21
design_5906,0.62,0.56,1.28,nan,nan,nan,0.53,0.92,17.35,7.66,0.92,19.62,17.25
design_5907,0.76,0.56,1.43,nan,nan,nan,0.59,1.03,17.33,7.64,0.92,19.76,16.88
design_5908,0.65,0.54,1.17,nan,nan,nan,0.52,0.86,19.19,8.43,0.92,18.5,8.84
design_5909,0.66,0.57,1.39,nan,nan,nan,0.57,0.99,16.78,7.41,0.92,19.17,17.35
design_5910,0.76,0.54,1.49,nan,nan,nan,0.6,1.06,16.14,7.17,0.92,18.87,17.06
design_5911,0.62,0.59,1.21,nan,nan,nan,0.53,0.89,17.17,7.58,0.92,21.54,20.62
design_5912,1.08,0.55,1.31,nan,nan,nan,0.72,1.1,18.72,8.34,0.91,10.97,9.58
design_5913,0.97,0.48,1.5,nan,nan,nan,0.78,1.18,18.98,8.44,0.92,18.99,15.32
design_5914,1.0,0.57,1.32,nan,nan,nan,0.74,1.09,17.47,7.83,0.92,18.02,13.7
design_5915,1.08,0.47,1.54,nan,nan,nan,0.78,1.23,16.52,7.44,0.91,14.11,13.08
design_5916,1.01,0.78,1.29,nan,nan,nan,0.73,1.11,16.9,7.59,0.92,16.99,13.56
design_5917,1.0,0.42,0.99,nan,nan,nan,0.68,0.89,15.16,6.87,0.91,14.58,14.97
design_5918,1.06,0.7,1.11,nan,nan,nan,0.71,1.01,17.64,7.9,0.91,16.56,13.24
design_5919,1.71,0.64,1.65,nan,nan,nan,0.85,1.49,18.17,8.12,0.91,15.43,15.04
design_5920,0.71,0.72,2.91,nan,nan,nan,0.99,2.04,6.51,3.29,0.9,22.57,17.62
design_5921,0.6,0.91,2.29,nan,nan,nan,0.82,1.65,14.81,6.73,0.9,5.23,6.15
design_5922,0.6,0.77,2.51,nan,nan,nan,0.86,1.77,14.42,6.57,0.9,5.49,6.54
design_5923,0.66,0.88,2.51,nan,nan,nan,0.87,1.79,14.2,6.48,0.9,3.49,3.87
design_5924,0.52,0.68,2.38,nan,nan,nan,0.83,1.67,14.09,6.43,0.9,9.59,10.87
design_5925,0.72,0.89,2.77,nan,nan,nan,0.96,1.97,16.99,7.64,0.91,7.83,10.65
design_5926,0.47,0.73,1.73,nan,nan,nan,0.69,1.25,18.56,8.3,0.91,8.39,8.97
design_5927,0.52,0.84,1.02,nan,nan,nan,0.51,0.86,17.53,7.86,0.91,17.87,15.37
design_5928,3.59,0.65,1.91,nan,nan,nan,1.11,2.41,17.12,7.58,0.91,18.19,15.42
design_5929,3.61,0.56,2.04,nan,nan,nan,1.13,2.45,17.38,7.69,0.92,23.3,18.29
design_5930,0.88,0.61,0.55,nan,nan,nan,0.5,0.69,17.83,7.85,0.92,19.24,17.14
design_5931,3.34,0.52,2.36,nan,nan,nan,1.13,2.43,16.89,7.51,0.91,14.36,16.33
design_5932,3.99,0.8,1.22,nan,nan,nan,1.11,2.46,17.6,7.79,0.91,8.94,11.11
design_5933,0.99,0.8,0.77,nan,nan,nan,0.56,0.86,17.34,7.65,0.92,16.18,18.23
design_5934,0.87,0.55,0.76,nan,nan,nan,0.47,0.75,17.76,7.83,0.92,14.67,14.42
design_5935,1.14,1.01,0.84,nan,nan,nan,0.64,1.0,16.71,7.39,0.92,15.27,17.61
design_5936,0.51,0.57,1.8,nan,nan,nan,0.67,1.26,19.26,8.56,0.91,22.63,12.5
design_5937,0.82,0.33,2.94,nan,nan,nan,0.97,2.0,16.25,7.33,0.89,13.13,10.06
design_5938,0.7,0.72,1.61,nan,nan,nan,0.65,1.19,18.81,8.4,0.9,22.95,17.06
design_5939,0.47,0.57,2.89,nan,nan,nan,0.93,1.94,18.51,8.26,0.91,24.2,17.34
design_5940,0.76,0.6,1.74,nan,nan,nan,0.68,1.26,19.36,8.61,0.9,22.87,10.81
design_5941,0.58,0.7,1.37,nan,nan,nan,0.58,1.02,16.42,7.36,0.91,23.58,17.11
design_5942,0.83,0.42,2.29,nan,nan,nan,0.8,1.59,18.74,8.38,0.9,12.8,13.92
design_5943,0.8,0.59,2.95,nan,nan,nan,0.96,2.02,19.45,8.66,0.9,10.11,6.75
design_5944,1.18,0.88,6.34,nan,nan,nan,2.0,4.36,17.79,7.91,0.92,14.81,11.21
design_5945,0.85,0.88,5.63,nan,nan,nan,1.78,3.87,17.79,7.92,0.92,11.95,11.77
design_5946,0.83,0.89,5.88,nan,nan,nan,1.85,4.03,17.05,7.61,0.92,15.61,12.93
design_5947,0.93,1.0,5.71,nan,nan,nan,1.81,3.93,15.37,6.97,0.9,18.82,13.36
design_5948,0.59,0.84,5.27,nan,nan,nan,1.67,3.61,18.13,8.08,0.92,6.16,5.65
design_5949,0.99,0.87,6.62,nan,nan,nan,2.07,4.54,16.64,7.44,0.92,13.49,14.23
design_5950,0.77,0.79,5.23,nan,nan,nan,1.65,3.58,17.81,7.92,0.92,7.27,5.96
design_5951,0.71,0.86,4.54,nan,nan,nan,1.45,3.13,17.65,7.83,0.92,18.91,14.93
design_5952,0.65,0.33,1.92,nan,nan,nan,0.6,1.16,19.05,8.31,0.91,56.26,58.22
design_5953,0.64,0.54,1.15,nan,nan,nan,0.52,0.81,20.27,8.81,0.91,64.57,63.9
design_5954,1.29,0.43,1.35,nan,nan,nan,0.66,1.12,18.62,8.14,0.91,40.45,27.45
design_5955,1.22,0.49,1.61,nan,nan,nan,0.66,1.2,20.6,8.95,0.91,45.53,26.69
design_5956,0.62,0.47,1.87,nan,nan,nan,0.64,1.15,18.98,8.3,0.91,49.96,51.81
design_5957,0.55,0.51,1.1,nan,nan,nan,0.5,0.76,18.67,8.16,0.91,69.4,66.82
design_5958,1.06,0.41,1.83,nan,nan,nan,0.64,1.23,21.75,9.43,0.91,67.37,63.51
design_5959,1.0,0.4,1.75,nan,nan,nan,0.62,1.18,20.37,8.86,0.91,70.44,65.23
design_5960,0.4,0.49,2.17,nan,nan,nan,0.76,1.5,16.29,7.37,0.9,23.01,16.98
design_5961,0.45,0.44,1.8,nan,nan,nan,0.67,1.26,15.63,7.03,0.91,23.55,16.75
design_5962,0.54,0.53,1.9,nan,nan,nan,0.7,1.35,14.65,6.67,0.9,25.15,16.69
design_5963,0.43,0.67,1.81,nan,nan,nan,0.69,1.29,16.03,7.26,0.9,22.09,16.06
design_5964,0.39,0.47,1.82,nan,nan,nan,0.67,1.27,16.53,7.44,0.91,23.48,15.66
design_5965,0.41,0.59,1.96,nan,nan,nan,0.72,1.38,16.51,7.45,0.9,22.41,15.71
design_5966,0.9,0.48,2.0,nan,nan,nan,0.74,1.46,15.69,7.09,0.9,23.69,15.18
design_5967,0.4,0.64,1.86,nan,nan,nan,0.71,1.32,15.84,7.16,0.9,21.88,15.45
design_5968,0.76,0.72,1.36,nan,nan,nan,0.58,1.05,18.42,8.16,0.92,18.9,13.83
design_5969,0.7,0.64,1.03,nan,nan,nan,0.52,0.85,17.88,7.94,0.92,21.0,17.1
design_5970,0.69,0.61,1.04,nan,nan,nan,0.51,0.84,18.0,7.99,0.92,20.09,15.66
design_5971,0.71,0.72,1.69,nan,nan,nan,0.65,1.24,18.76,8.31,0.92,16.65,12.05
design_5972,0.71,0.72,1.2,nan,nan,nan,0.54,0.95,17.9,7.96,0.92,13.31,10.34
design_5973,0.56,0.7,1.31,nan,nan,nan,0.57,0.98,17.35,7.71,0.92,22.42,16.16
design_5974,0.64,0.6,1.44,nan,nan,nan,0.57,1.06,18.83,8.34,0.92,23.8,17.51
design_5975,0.63,0.8,1.38,nan,nan,nan,0.58,1.06,18.39,8.17,0.92,16.52,10.89
design_5976,0.83,0.51,4.75,nan,nan,nan,1.46,3.18,18.47,8.26,0.9,15.65,12.34
design_5977,0.74,0.59,4.68,nan,nan,nan,1.43,3.13,18.22,8.18,0.9,27.74,17.62
design_5978,0.8,0.48,6.2,nan,nan,nan,1.86,4.12,19.37,8.58,0.91,19.6,12.44
design_5979,1.06,0.65,6.59,nan,nan,nan,1.98,4.4,18.54,8.25,0.91,31.46,18.95
design_5980,1.08,0.64,6.14,nan,nan,nan,1.85,4.11,17.47,7.83,0.9,28.46,21.46
design_5981,0.93,0.94,5.67,nan,nan,nan,1.74,3.81,9.78,4.69,0.9,27.58,19.97
design_5982,1.02,0.62,7.57,nan,nan,nan,2.26,5.03,17.95,8.02,0.91,21.47,15.53
design_5983,0.87,0.55,5.4,nan,nan,nan,1.63,3.6,18.77,8.33,0.91,26.58,17.02
design_5984,1.05,0.57,3.98,nan,nan,nan,1.21,2.63,17.65,7.85,0.9,19.01,17.72
design_5985,0.69,0.66,4.29,nan,nan,nan,1.27,2.79,18.72,8.38,0.89,27.25,17.05
design_5986,0.58,0.95,3.6,nan,nan,nan,1.09,2.38,16.12,7.24,0.9,26.32,18.14
design_5987,0.68,0.66,3.28,nan,nan,nan,1.0,2.16,17.59,7.85,0.9,16.38,7.59
design_5988,0.51,1.11,3.51,nan,nan,nan,1.08,2.33,17.82,7.93,0.9,10.18,8.51
design_5989,0.65,0.86,3.18,nan,nan,nan,0.98,2.11,18.3,8.14,0.9,19.45,16.21
design_5990,0.61,1.08,3.23,nan,nan,nan,1.02,2.17,19.13,8.47,0.91,16.11,12.55
design_5991,0.56,0.76,3.35,nan,nan,nan,1.02,2.2,17.05,7.62,0.9,25.84,18.19
design_5992,0.38,0.73,1.19,nan,nan,nan,0.59,0.9,8.68,4.19,0.9,1.58,1.25
design_5993,0.45,0.62,1.14,nan,nan,nan,0.59,0.87,5.71,2.92,0.91,2.28,1.09
design_5994,0.44,0.63,1.1,nan,nan,nan,0.57,0.84,5.26,2.74,0.91,2.6,1.78
design_5995,0.48,0.85,1.15,nan,nan,nan,0.6,0.92,8.17,3.95,0.9,1.59,0.91
design_5996,0.51,0.83,1.05,nan,nan,nan,0.55,0.87,17.93,8.02,0.9,18.91,19.46
design_5997,0.36,0.57,0.5,nan,nan,nan,0.45,0.48,4.07,2.24,0.92,0.87,0.63
design_5998,0.37,0.86,0.7,nan,nan,nan,0.49,0.67,4.63,2.47,0.91,2.59,1.74
design_5999,0.62,0.64,1.57,nan,nan,nan,0.68,1.16,5.76,2.95,0.91,2.47,1.55
design_6000,1.39,0.37,5.47,nan,nan,nan,1.61,3.59,19.09,8.47,0.91,27.72,19.89
design_6001,0.99,0.78,5.0,nan,nan,nan,1.47,3.27,18.98,8.44,0.91,10.05,10.88
design_6002,0.51,0.96,5.73,nan,nan,nan,1.65,3.71,18.86,8.38,0.91,6.14,6.22
design_6003,0.74,0.78,5.51,nan,nan,nan,1.61,3.57,19.52,8.65,0.91,9.31,10.33
design_6004,0.63,0.93,5.6,nan,nan,nan,1.62,3.63,19.24,8.53,0.91,20.46,16.01
design_6005,0.72,0.88,6.5,nan,nan,nan,1.87,4.21,19.61,8.7,0.9,27.14,17.85
design_6006,0.78,0.77,5.3,nan,nan,nan,1.55,3.44,18.69,8.31,0.91,12.34,12.73
design_6007,0.71,0.85,5.17,nan,nan,nan,1.51,3.36,19.21,8.52,0.91,9.11,10.14
design_6008,2.01,0.94,1.78,nan,nan,nan,0.8,1.67,19.45,8.53,0.91,26.27,10.48
design_6009,1.65,0.86,1.77,nan,nan,nan,0.75,1.5,17.32,7.63,0.91,21.26,18.53
design_6010,1.07,0.66,1.01,nan,nan,nan,0.53,0.94,17.68,7.77,0.92,26.25,22.1
design_6011,1.7,0.94,2.05,nan,nan,nan,0.8,1.66,18.59,8.15,0.92,15.11,17.77
design_6012,1.73,0.9,2.03,nan,nan,nan,0.8,1.65,18.7,8.2,0.91,33.34,19.73
design_6013,1.15,0.71,2.51,nan,nan,nan,0.81,1.68,17.46,7.68,0.91,17.62,10.93
design_6014,1.23,0.6,0.35,nan,nan,nan,0.52,0.82,17.32,7.61,0.92,22.16,20.6
design_6015,1.08,0.61,0.72,nan,nan,nan,0.49,0.84,18.01,7.91,0.92,20.74,12.56
design_6016,0.76,1.12,1.36,nan,nan,nan,0.56,1.09,18.21,8.0,0.91,14.48,17.01
design_6017,1.12,1.19,1.24,nan,nan,nan,0.61,1.18,18.36,8.07,0.91,10.69,6.17
design_6018,0.82,1.07,1.51,nan,nan,nan,0.6,1.15,19.26,8.4,0.91,15.27,15.15
design_6019,1.1,1.45,1.31,nan,nan,nan,0.63,1.28,17.66,7.77,0.91,19.64,19.12
design_6020,0.86,1.11,0.96,nan,nan,nan,0.51,0.98,17.68,7.75,0.91,19.35,18.15
design_6021,1.14,1.14,1.22,nan,nan,nan,0.66,1.17,17.8,7.78,0.92,22.66,18.72
design_6022,1.25,1.23,1.8,nan,nan,nan,0.72,1.44,17.25,7.53,0.92,24.48,20.91
design_6023,1.0,1.05,1.35,nan,nan,nan,0.6,1.13,16.56,7.3,0.91,21.06,18.11
design_6024,0.43,1.28,4.77,nan,nan,nan,1.47,3.22,17.67,7.9,0.91,26.28,17.65
design_6025,0.67,1.14,4.66,nan,nan,nan,1.45,3.15,18.28,8.15,0.91,26.94,17.32
design_6026,0.5,0.87,2.45,nan,nan,nan,0.85,1.7,17.73,7.89,0.91,24.47,15.29
design_6027,0.63,0.9,1.45,nan,nan,nan,0.66,1.12,8.16,3.97,0.9,30.28,13.91
design_6028,0.57,1.19,4.3,nan,nan,nan,1.35,2.92,17.55,7.9,0.9,26.91,17.46
design_6029,0.55,1.16,4.65,nan,nan,nan,1.44,3.14,17.42,7.79,0.91,25.93,17.86
design_6030,0.6,1.11,4.25,nan,nan,nan,1.33,2.88,17.44,7.83,0.91,28.42,16.24
design_6031,1.01,1.09,4.73,nan,nan,nan,1.48,3.22,17.92,7.99,0.91,22.06,14.16
design_6032,0.96,0.48,0.69,nan,nan,nan,0.51,0.73,4.12,2.26,0.92,5.63,3.93
design_6033,0.96,0.58,0.93,nan,nan,nan,0.54,0.87,15.62,7.08,0.91,22.53,20.39
design_6034,1.1,0.61,0.91,nan,nan,nan,0.58,0.91,5.83,2.97,0.91,21.9,19.77
design_6035,1.15,0.75,0.89,nan,nan,nan,0.6,0.94,6.74,3.37,0.91,21.63,20.16
design_6036,1.06,0.61,0.97,nan,nan,nan,0.57,0.93,15.39,6.97,0.91,22.3,22.25
design_6037,0.83,0.57,0.89,nan,nan,nan,0.51,0.81,16.35,7.37,0.91,19.22,19.46
design_6038,1.04,0.4,0.64,nan,nan,nan,0.53,0.73,5.86,3.0,0.91,1.94,1.41
design_6039,1.02,0.5,0.75,nan,nan,nan,0.53,0.78,6.36,3.19,0.91,2.13,2.15
design_6040,0.87,0.43,1.74,nan,nan,nan,0.77,1.33,14.88,6.77,0.91,20.16,16.46
design_6041,0.5,0.59,1.44,nan,nan,nan,0.66,1.09,13.39,6.12,0.91,13.94,13.82
design_6042,0.8,0.72,0.74,nan,nan,nan,0.51,0.75,14.95,6.78,0.91,19.33,15.35
design_6043,0.52,0.72,0.9,nan,nan,nan,0.51,0.77,13.4,6.14,0.91,16.48,12.74
design_6044,0.91,0.92,0.5,nan,nan,nan,0.51,0.74,7.54,3.68,0.91,22.81,18.07
design_6045,0.95,0.72,0.53,nan,nan,nan,0.53,0.71,15.75,7.13,0.91,20.64,17.85
design_6046,1.02,0.8,0.59,nan,nan,nan,0.53,0.78,6.57,3.28,0.91,22.95,18.18
design_6047,0.74,0.81,0.75,nan,nan,nan,0.54,0.76,7.79,3.8,0.91,22.93,18.18
design_6048,0.5,0.9,1.09,nan,nan,nan,0.5,0.84,16.95,7.41,0.92,12.08,12.23
design_6049,0.46,1.04,1.03,nan,nan,nan,0.51,0.86,16.76,7.33,0.92,10.85,10.94
design_6050,0.58,0.92,0.99,nan,nan,nan,0.5,0.83,16.39,7.18,0.92,12.47,11.98
design_6051,0.47,0.93,1.06,nan,nan,nan,0.51,0.83,16.57,7.25,0.92,12.06,13.13
design_6052,0.57,0.95,1.04,nan,nan,nan,0.51,0.85,16.85,7.38,0.92,12.18,12.11
design_6053,0.61,0.96,1.05,nan,nan,nan,0.51,0.87,16.87,7.38,0.92,12.48,10.87
design_6054,0.52,0.89,1.22,nan,nan,nan,0.53,0.88,16.82,7.36,0.92,13.05,11.63
design_6055,0.54,0.95,0.87,nan,nan,nan,0.49,0.79,17.56,7.65,0.92,12.79,11.52
design_6056,0.53,0.52,0.69,nan,nan,nan,0.45,0.6,16.14,7.17,0.92,21.87,12.58
design_6057,0.38,0.7,0.51,nan,nan,nan,0.44,0.53,16.95,7.5,0.92,15.93,13.53
design_6058,0.48,0.81,0.78,nan,nan,nan,0.46,0.71,17.67,7.81,0.92,8.87,5.58
design_6059,0.47,0.63,0.54,nan,nan,nan,0.41,0.55,17.59,7.77,0.92,26.54,16.74
design_6060,0.54,0.57,0.96,nan,nan,nan,0.47,0.75,16.11,7.18,0.91,18.19,11.23
design_6061,0.48,0.6,0.64,nan,nan,nan,0.45,0.58,16.54,7.35,0.92,18.26,11.99
design_6062,0.5,0.6,1.0,nan,nan,nan,0.49,0.76,15.89,7.09,0.91,17.82,11.15
design_6063,0.38,0.64,0.5,nan,nan,nan,0.43,0.51,16.08,7.15,0.92,15.65,12.51
design_6064,1.04,0.32,0.6,nan,nan,nan,0.51,0.74,17.15,7.51,0.92,14.21,16.82
design_6065,0.91,0.44,0.82,nan,nan,nan,0.51,0.76,15.71,6.92,0.92,16.58,20.77
design_6066,0.9,0.49,0.81,nan,nan,nan,0.53,0.76,17.65,7.72,0.92,14.26,18.67
design_6067,0.97,0.68,0.57,nan,nan,nan,0.52,0.77,17.85,7.8,0.92,14.67,19.12
design_6068,0.86,0.42,0.51,nan,nan,nan,0.45,0.64,17.2,7.53,0.92,18.35,14.32
design_6069,1.24,0.84,1.01,nan,nan,nan,0.6,1.06,17.06,7.47,0.92,19.96,16.27
design_6070,0.86,0.47,0.74,nan,nan,nan,0.47,0.71,17.33,7.6,0.92,22.57,17.37
design_6071,0.78,0.43,0.56,nan,nan,nan,0.46,0.62,16.93,7.42,0.92,13.48,16.98
design_6072,1.45,0.42,1.42,nan,nan,nan,0.68,1.21,17.57,7.7,0.91,22.32,19.2
design_6073,1.53,0.4,5.51,nan,nan,nan,1.41,3.24,17.76,7.81,0.91,15.38,15.01
design_6074,1.11,0.48,5.26,nan,nan,nan,1.3,3.04,18.81,8.25,0.91,10.36,10.18
design_6075,1.04,0.63,1.97,nan,nan,nan,0.69,1.32,17.3,7.58,0.91,20.62,20.1
design_6076,1.06,0.49,5.22,nan,nan,nan,1.28,3.02,19.15,8.39,0.9,18.61,18.02
design_6077,1.49,0.47,1.22,nan,nan,nan,0.66,1.16,18.12,7.9,0.92,26.19,17.29
design_6078,1.62,0.46,5.55,nan,nan,nan,1.42,3.28,18.57,8.15,0.91,22.06,21.55
design_6079,1.72,0.59,5.57,nan,nan,nan,1.43,3.32,18.61,8.14,0.91,19.18,18.97
design_6080,0.83,0.43,1.51,nan,nan,nan,0.61,1.07,16.8,7.43,0.92,10.55,10.46
design_6081,0.97,0.46,1.38,nan,nan,nan,0.58,1.05,18.7,8.24,0.91,23.21,13.02
design_6082,0.9,0.48,1.47,nan,nan,nan,0.59,1.07,18.13,7.99,0.92,26.17,13.03
design_6083,0.89,0.54,1.43,nan,nan,nan,0.58,1.06,17.89,7.89,0.91,16.56,8.68
design_6084,0.77,0.51,0.93,nan,nan,nan,0.51,0.78,15.11,6.73,0.91,9.7,6.43
design_6085,0.54,0.46,1.51,nan,nan,nan,0.57,1.01,18.83,8.26,0.92,13.0,10.82
design_6086,0.89,0.46,1.59,nan,nan,nan,0.62,1.14,18.46,8.12,0.92,23.0,17.3
design_6087,0.69,0.42,1.4,nan,nan,nan,0.56,0.98,17.77,7.83,0.92,12.72,9.34
design_6088,0.86,0.81,2.8,nan,nan,nan,0.78,1.64,17.3,7.59,0.91,17.47,16.28
design_6089,1.14,0.71,2.37,nan,nan,nan,0.75,1.49,17.13,7.51,0.91,16.12,13.82
design_6090,0.66,0.76,0.96,nan,nan,nan,0.52,0.79,17.24,7.55,0.92,16.42,14.02
design_6091,0.84,0.86,1.74,nan,nan,nan,0.64,1.17,17.66,7.74,0.91,16.36,14.28
design_6092,0.54,0.85,1.37,nan,nan,nan,0.56,0.94,17.14,7.49,0.92,13.97,13.2
design_6093,0.79,0.65,1.14,nan,nan,nan,0.54,0.86,17.31,7.58,0.92,15.74,14.16
design_6094,1.69,0.78,2.32,nan,nan,nan,0.8,1.67,17.31,7.57,0.92,12.36,15.66
design_6095,0.56,0.71,1.68,nan,nan,nan,0.6,1.04,16.81,7.36,0.92,15.85,14.29
design_6096,1.39,0.61,3.58,nan,nan,nan,1.06,2.3,16.81,7.4,0.91,29.57,20.51
design_6097,0.8,0.75,3.38,nan,nan,nan,0.96,2.1,17.31,7.6,0.92,27.94,19.2
design_6098,0.82,0.7,3.2,nan,nan,nan,0.94,1.99,16.87,7.43,0.92,25.99,21.6
design_6099,0.94,0.49,1.7,nan,nan,nan,0.61,1.18,18.46,8.1,0.92,18.22,14.29
design_6100,0.49,0.47,1.71,nan,nan,nan,0.63,1.08,16.89,7.44,0.92,27.42,17.65
design_6101,1.34,0.86,3.07,nan,nan,nan,0.96,2.03,16.83,7.43,0.92,26.1,19.28
design_6102,0.78,0.65,3.69,nan,nan,nan,1.04,2.26,17.1,7.51,0.92,25.31,20.99
design_6103,1.16,0.61,3.73,nan,nan,nan,1.06,2.33,17.39,7.64,0.92,25.43,20.54
design_6104,1.08,0.38,0.76,nan,nan,nan,0.52,0.81,17.23,7.59,0.92,17.31,17.14
design_6105,0.73,0.45,1.03,nan,nan,nan,0.5,0.79,17.57,7.7,0.92,15.98,15.03
design_6106,1.11,0.24,0.54,nan,nan,nan,0.48,0.74,17.08,7.52,0.92,13.87,11.73
design_6107,0.8,0.45,0.81,nan,nan,nan,0.5,0.72,16.52,7.28,0.92,11.63,10.95
design_6108,0.87,0.38,0.94,nan,nan,nan,0.49,0.79,17.73,7.78,0.92,10.43,10.37
design_6109,0.75,0.67,1.07,nan,nan,nan,0.52,0.86,17.58,7.73,0.92,23.43,19.39
design_6110,0.92,0.33,1.12,nan,nan,nan,0.54,0.88,16.55,7.32,0.92,11.13,10.91
design_6111,1.09,0.46,0.37,nan,nan,nan,0.48,0.73,17.25,7.57,0.92,11.31,9.99
design_6112,0.64,0.31,1.74,nan,nan,nan,0.69,1.26,16.97,7.64,0.91,7.14,2.99
design_6113,0.79,0.42,2.11,nan,nan,nan,0.8,1.54,18.48,8.31,0.91,9.62,5.97
design_6114,0.82,0.38,2.06,nan,nan,nan,0.79,1.5,17.57,7.94,0.9,8.11,5.25
design_6115,0.69,0.37,2.23,nan,nan,nan,0.83,1.6,18.44,8.28,0.91,9.16,6.93
design_6116,0.64,0.21,1.91,nan,nan,nan,0.73,1.37,15.11,6.86,0.91,12.67,8.09
design_6117,0.91,0.4,2.13,nan,nan,nan,0.81,1.57,17.49,7.89,0.9,6.65,4.31
design_6118,0.69,0.21,1.8,nan,nan,nan,0.7,1.3,16.53,7.46,0.91,9.86,6.36
design_6119,0.67,0.31,1.76,nan,nan,nan,0.7,1.28,19.7,8.79,0.91,11.8,9.6
design_6120,0.73,0.41,0.59,nan,nan,nan,0.48,0.6,18.11,7.94,0.92,11.56,7.75
design_6121,1.05,0.32,1.52,nan,nan,nan,0.59,1.08,17.8,7.8,0.92,16.83,11.4
design_6122,0.92,0.46,0.48,nan,nan,nan,0.48,0.67,17.7,7.75,0.92,28.83,16.09
design_6123,0.86,0.67,0.8,nan,nan,nan,0.54,0.79,18.52,8.11,0.91,19.07,18.6
design_6124,0.96,0.46,3.83,nan,nan,nan,1.02,2.25,18.49,8.14,0.91,22.35,18.15
design_6125,0.94,0.49,1.06,nan,nan,nan,0.54,0.87,18.47,8.11,0.91,21.41,12.92
design_6126,0.8,0.5,0.58,nan,nan,nan,0.47,0.65,17.41,7.62,0.92,15.95,10.22
design_6127,1.19,0.42,4.56,nan,nan,nan,1.16,2.67,17.78,7.82,0.91,26.42,20.0
design_6128,0.44,0.82,1.15,nan,nan,nan,0.57,0.9,17.74,7.86,0.92,15.69,12.1
design_6129,0.41,0.83,1.55,nan,nan,nan,0.67,1.13,15.89,7.1,0.92,16.51,12.26
design_6130,0.39,0.79,1.25,nan,nan,nan,0.58,0.94,16.48,7.36,0.92,18.38,11.95
design_6131,0.42,0.79,1.56,nan,nan,nan,0.64,1.13,18.83,8.34,0.92,18.48,8.59
design_6132,0.5,0.98,1.38,nan,nan,nan,0.63,1.08,18.03,7.99,0.92,16.0,13.33
design_6133,0.43,0.69,1.3,nan,nan,nan,0.59,0.96,16.98,7.55,0.92,16.81,13.44
design_6134,0.44,0.81,1.58,nan,nan,nan,0.65,1.15,17.6,7.83,0.92,13.63,10.56
design_6135,0.39,0.85,1.9,nan,nan,nan,0.72,1.35,17.36,7.71,0.92,9.87,9.39
design_6136,0.82,0.7,2.04,nan,nan,nan,0.74,1.47,16.14,7.25,0.91,14.59,12.13
design_6137,0.93,0.45,2.12,nan,nan,nan,0.77,1.51,16.54,7.42,0.9,8.13,6.12
design_6138,0.78,0.44,2.46,nan,nan,nan,0.84,1.7,15.7,7.09,0.9,14.29,12.98
design_6139,3.61,0.75,2.55,nan,nan,nan,1.22,2.63,17.18,7.72,0.9,16.99,16.26
design_6140,0.86,0.42,2.03,nan,nan,nan,0.76,1.43,11.74,5.45,0.9,12.56,6.18
design_6141,0.8,0.56,2.39,nan,nan,nan,0.81,1.66,17.12,7.72,0.9,5.09,5.5
design_6142,3.47,0.7,3.46,nan,nan,nan,1.38,3.0,10.53,4.98,0.9,16.61,9.05
design_6143,0.74,0.57,2.21,nan,nan,nan,0.78,1.54,16.18,7.29,0.9,4.58,3.65
design_6144,0.65,0.61,0.6,nan,nan,nan,0.53,0.61,5.37,2.78,0.91,1.5,1.06
design_6145,0.66,0.68,2.57,nan,nan,nan,0.92,1.85,14.24,6.56,0.9,3.23,3.5
design_6146,0.72,0.7,0.97,nan,nan,nan,0.56,0.84,18.07,8.13,0.91,7.83,7.31
design_6147,2.52,0.94,4.34,nan,nan,nan,1.59,3.32,6.78,3.39,0.91,12.56,5.33
design_6148,2.47,1.0,4.76,nan,nan,nan,1.71,3.58,5.52,2.86,0.91,15.92,6.38
design_6149,0.76,0.57,0.79,nan,nan,nan,0.57,0.73,4.01,2.23,0.92,3.51,1.98
design_6150,2.15,0.83,0.72,nan,nan,nan,0.75,1.31,6.33,3.19,0.91,4.74,4.76
design_6151,2.43,0.89,4.04,nan,nan,nan,1.5,3.11,7.87,3.87,0.9,11.04,4.72
design_6152,0.66,0.52,0.6,nan,nan,nan,0.45,0.6,16.43,7.2,0.92,24.66,17.91
design_6153,0.62,0.41,0.97,nan,nan,nan,0.46,0.68,13.36,5.97,0.91,24.89,18.9
design_6154,0.65,0.57,0.94,nan,nan,nan,0.48,0.72,16.26,7.13,0.92,23.81,17.96
design_6155,0.61,0.32,1.04,nan,nan,nan,0.46,0.69,14.29,6.34,0.91,24.74,18.82
design_6156,0.65,0.49,0.61,nan,nan,nan,0.43,0.59,16.48,7.22,0.92,8.35,8.92
design_6157,0.59,0.45,1.09,nan,nan,nan,0.49,0.73,15.99,7.02,0.92,24.17,18.4
design_6158,0.62,0.64,0.73,nan,nan,nan,0.45,0.66,16.73,7.32,0.92,19.84,15.45
design_6159,0.62,0.4,1.06,nan,nan,nan,0.48,0.72,16.2,7.12,0.92,24.06,18.31
design_6160,0.62,0.6,2.18,nan,nan,nan,0.81,1.54,17.95,8.04,0.91,5.75,4.83
design_6161,0.63,0.65,2.23,nan,nan,nan,0.81,1.58,18.42,8.21,0.91,10.01,6.52
design_6162,0.57,0.48,2.39,nan,nan,nan,0.84,1.66,18.67,8.31,0.91,14.85,13.65
design_6163,0.6,0.54,2.47,nan,nan,nan,0.86,1.72,18.86,8.39,0.91,14.29,7.74
design_6164,1.14,0.57,2.38,nan,nan,nan,0.88,1.75,17.63,7.87,0.91,7.83,4.27
design_6165,0.98,0.58,2.19,nan,nan,nan,0.83,1.6,18.21,8.14,0.91,9.75,7.0
design_6166,0.73,0.46,2.59,nan,nan,nan,0.9,1.81,18.46,8.25,0.9,17.87,17.44
design_6167,0.64,0.53,2.44,nan,nan,nan,0.86,1.71,18.74,8.33,0.91,8.35,3.98
design_6168,0.65,0.61,0.79,nan,nan,nan,0.48,0.68,17.59,7.67,0.92,11.72,8.72
design_6169,1.17,0.51,0.8,nan,nan,nan,0.51,0.89,17.23,7.54,0.92,11.81,13.3
design_6170,0.48,0.69,0.91,nan,nan,nan,0.46,0.69,17.31,7.55,0.92,9.41,4.91
design_6171,0.49,0.48,1.11,nan,nan,nan,0.5,0.72,17.18,7.5,0.92,18.3,21.82
design_6172,0.88,0.61,0.86,nan,nan,nan,0.51,0.79,17.55,7.68,0.91,12.41,8.71
design_6173,0.55,0.62,0.79,nan,nan,nan,0.46,0.65,16.8,7.33,0.92,11.26,10.89
design_6174,0.64,0.6,0.77,nan,nan,nan,0.48,0.67,17.37,7.58,0.92,16.29,11.56
design_6175,0.67,0.55,0.86,nan,nan,nan,0.47,0.69,17.1,7.45,0.92,13.33,12.43
design_6176,0.9,0.98,1.8,nan,nan,nan,0.67,1.24,16.61,7.31,0.91,20.09,19.63
design_6177,0.73,0.93,1.57,nan,nan,nan,0.61,1.09,16.25,7.16,0.91,20.19,19.11
design_6178,0.7,0.97,2.3,nan,nan,nan,0.71,1.4,17.26,7.59,0.91,18.73,20.79
design_6179,0.65,0.93,1.62,nan,nan,nan,0.59,1.09,17.88,7.82,0.91,21.95,21.24
design_6180,0.82,0.77,1.54,nan,nan,nan,0.61,1.05,17.3,7.58,0.91,19.61,19.2
design_6181,0.73,1.04,1.43,nan,nan,nan,0.62,1.07,17.09,7.5,0.91,21.25,18.83
design_6182,0.47,1.01,1.5,nan,nan,nan,0.59,1.02,16.78,7.36,0.91,18.8,18.58
design_6183,0.84,0.92,1.9,nan,nan,nan,0.66,1.25,17.56,7.69,0.91,21.93,19.83
design_6184,0.65,1.27,1.13,nan,nan,nan,0.62,1.05,16.4,7.34,0.92,23.85,16.76
design_6185,0.68,1.07,1.08,nan,nan,nan,0.6,0.98,14.77,6.68,0.92,23.73,19.31
design_6186,0.74,1.18,1.22,nan,nan,nan,0.65,1.1,16.64,7.48,0.91,24.67,19.88
design_6187,0.68,1.2,1.04,nan,nan,nan,0.6,0.99,14.22,6.48,0.91,24.14,18.6
design_6188,0.67,1.18,1.0,nan,nan,nan,0.59,0.97,14.51,6.63,0.91,23.57,18.78
design_6189,0.7,1.11,0.98,nan,nan,nan,0.6,0.95,14.84,6.76,0.91,24.58,19.48
design_6190,0.71,1.14,1.46,nan,nan,nan,0.7,1.21,15.28,6.97,0.9,25.16,17.69
design_6191,0.66,1.15,1.05,nan,nan,nan,0.6,0.98,15.51,6.97,0.92,24.8,19.22
design_6192,0.6,0.64,2.45,nan,nan,nan,0.79,1.64,17.9,7.95,0.91,21.75,16.89
design_6193,0.49,0.73,2.35,nan,nan,nan,0.77,1.58,18.19,8.07,0.91,22.94,15.1
design_6194,0.36,0.83,2.82,nan,nan,nan,0.88,1.87,18.37,8.13,0.91,19.48,12.55
design_6195,0.94,0.79,2.7,nan,nan,nan,0.89,1.86,18.46,8.17,0.91,20.07,14.9
design_6196,0.91,0.86,2.53,nan,nan,nan,0.85,1.76,17.94,7.99,0.9,23.18,15.75
design_6197,0.75,0.75,3.87,nan,nan,nan,1.16,2.54,16.83,7.5,0.9,22.87,16.42
design_6198,0.51,0.81,2.67,nan,nan,nan,0.85,1.78,17.74,7.87,0.91,19.63,12.4
design_6199,0.67,0.77,1.88,nan,nan,nan,0.66,1.32,18.03,8.01,0.91,14.36,12.03
design_6200,0.71,0.83,0.89,nan,nan,nan,0.5,0.82,18.7,8.26,0.91,26.23,16.44
design_6201,0.74,0.74,1.18,nan,nan,nan,0.56,0.95,17.57,7.77,0.92,21.15,11.25
design_6202,0.62,0.92,2.06,nan,nan,nan,0.74,1.45,18.68,8.27,0.92,16.46,12.54
design_6203,0.62,0.91,1.66,nan,nan,nan,0.68,1.21,17.59,7.79,0.92,16.24,15.15
design_6204,0.45,0.95,1.45,nan,nan,nan,0.62,1.08,17.75,7.86,0.92,25.39,17.53
design_6205,0.73,0.78,1.76,nan,nan,nan,0.71,1.26,16.83,7.48,0.92,19.66,14.97
design_6206,0.73,1.0,1.71,nan,nan,nan,0.68,1.28,17.74,7.86,0.92,20.67,14.55
design_6207,0.51,0.94,2.29,nan,nan,nan,0.8,1.57,18.09,8.02,0.91,23.83,16.49
design_6208,1.29,0.31,4.34,nan,nan,nan,1.13,2.57,18.62,8.14,0.91,15.02,9.79
design_6209,1.31,1.09,1.2,nan,nan,nan,0.72,1.21,16.76,7.36,0.92,18.74,16.98
design_6210,1.17,0.61,1.01,nan,nan,nan,0.63,0.97,17.63,7.7,0.92,22.8,20.92
design_6211,1.1,0.88,0.46,nan,nan,nan,0.62,0.87,18.16,7.93,0.92,24.09,18.42
design_6212,0.94,0.47,1.33,nan,nan,nan,0.53,0.98,17.58,7.7,0.92,12.63,11.88
design_6213,1.42,0.82,2.19,nan,nan,nan,0.79,1.57,16.72,7.35,0.91,21.11,20.08
design_6214,1.16,0.51,1.03,nan,nan,nan,0.59,0.95,17.39,7.62,0.92,21.14,19.63
design_6215,0.97,0.38,1.54,nan,nan,nan,0.6,1.07,17.18,7.56,0.91,10.39,11.45
design_6216,0.76,0.81,3.85,nan,nan,nan,1.26,2.67,19.55,8.7,0.91,21.14,12.76
design_6217,0.66,0.81,3.86,nan,nan,nan,1.25,2.67,19.89,8.86,0.91,21.2,16.73
design_6218,0.64,0.74,4.28,nan,nan,nan,1.37,2.94,17.77,7.99,0.9,20.93,17.43
design_6219,0.81,0.57,4.52,nan,nan,nan,1.45,3.1,17.49,7.85,0.91,17.78,16.24
design_6220,0.78,0.74,4.57,nan,nan,nan,1.47,3.15,19.42,8.66,0.9,23.06,12.17
design_6221,0.81,0.89,4.76,nan,nan,nan,1.52,3.29,18.83,8.4,0.91,24.16,16.99
design_6222,0.89,0.82,4.87,nan,nan,nan,1.56,3.36,19.05,8.44,0.92,20.52,19.49
design_6223,0.56,0.87,3.0,nan,nan,nan,1.02,2.1,20.56,9.12,0.91,32.65,19.33
design_6224,0.86,0.44,3.62,nan,nan,nan,0.94,2.0,17.24,7.54,0.91,13.17,11.98
design_6225,0.68,0.46,4.05,nan,nan,nan,0.98,2.19,15.88,6.98,0.91,14.18,8.66
design_6226,0.88,0.73,1.74,nan,nan,nan,0.66,1.15,15.81,6.96,0.91,15.69,12.91
design_6227,0.8,0.6,3.57,nan,nan,nan,0.89,1.98,16.64,7.33,0.91,14.91,12.29
design_6228,0.74,0.91,3.47,nan,nan,nan,0.87,1.96,17.62,7.7,0.91,16.58,18.21
design_6229,0.59,0.79,3.52,nan,nan,nan,0.86,1.94,16.86,7.39,0.91,21.32,20.67
design_6230,0.85,0.54,2.07,nan,nan,nan,0.69,1.25,15.45,6.82,0.91,12.93,7.68
design_6231,0.81,0.7,2.17,nan,nan,nan,0.67,1.32,16.41,7.22,0.91,13.16,9.66
design_6232,0.77,0.5,1.07,nan,nan,nan,0.51,0.84,17.47,7.7,0.92,27.16,20.77
design_6233,0.49,0.7,1.28,nan,nan,nan,0.53,0.92,17.13,7.56,0.91,4.93,3.49
design_6234,0.79,0.71,1.53,nan,nan,nan,0.6,1.12,18.16,7.98,0.92,19.31,9.27
design_6235,0.54,0.84,1.51,nan,nan,nan,0.59,1.08,17.26,7.6,0.92,13.52,14.05
design_6236,0.54,0.57,1.31,nan,nan,nan,0.52,0.92,16.74,7.4,0.92,7.45,4.95
design_6237,0.51,0.53,1.01,nan,nan,nan,0.47,0.75,17.64,7.76,0.92,8.64,7.45
design_6238,0.74,0.6,1.46,nan,nan,nan,0.57,1.05,17.02,7.52,0.91,4.55,3.94
design_6239,0.63,0.66,1.42,nan,nan,nan,0.56,1.01,17.61,7.75,0.92,27.31,18.72
design_6240,0.84,0.86,1.91,nan,nan,nan,0.76,1.41,16.98,7.56,0.92,21.95,11.55
design_6241,0.64,0.77,1.67,nan,nan,nan,0.66,1.22,18.79,8.32,0.92,24.05,18.95
design_6242,0.58,0.65,1.74,nan,nan,nan,0.67,1.24,17.91,7.94,0.92,25.93,15.13
design_6243,0.52,0.98,1.43,nan,nan,nan,0.62,1.11,17.53,7.78,0.92,29.21,20.79
design_6244,0.6,0.74,1.94,nan,nan,nan,0.71,1.37,17.73,7.88,0.92,25.02,11.32
design_6245,0.8,1.04,1.77,nan,nan,nan,0.75,1.36,17.54,7.77,0.92,24.21,11.37
design_6246,0.64,0.73,1.85,nan,nan,nan,0.7,1.33,17.81,7.9,0.92,16.06,12.62
design_6247,0.67,0.77,1.71,nan,nan,nan,0.69,1.25,17.33,7.7,0.92,30.64,13.11
design_6248,0.48,0.69,1.04,nan,nan,nan,0.47,0.76,17.06,7.51,0.91,25.6,21.63
design_6249,0.43,0.71,1.2,nan,nan,nan,0.52,0.83,17.59,7.72,0.91,22.61,18.5
design_6250,0.4,0.74,1.12,nan,nan,nan,0.49,0.79,18.08,7.91,0.92,20.66,17.41
design_6251,0.4,0.87,0.97,nan,nan,nan,0.47,0.77,17.63,7.73,0.92,23.16,18.92
design_6252,0.45,0.64,1.39,nan,nan,nan,0.53,0.9,17.0,7.45,0.92,26.36,21.43
design_6253,0.37,0.79,1.01,nan,nan,nan,0.48,0.75,18.01,7.88,0.92,20.27,15.24
design_6254,0.37,0.76,1.43,nan,nan,nan,0.53,0.94,17.61,7.69,0.92,24.88,20.17
design_6255,0.45,0.85,1.02,nan,nan,nan,0.48,0.8,18.04,7.89,0.92,16.09,10.7
design_6256,0.45,0.67,0.67,nan,nan,nan,0.47,0.61,17.28,7.67,0.92,16.5,13.14
design_6257,0.42,0.71,0.76,nan,nan,nan,0.48,0.66,17.13,7.61,0.92,11.01,10.16
design_6258,0.61,0.83,0.7,nan,nan,nan,0.5,0.71,17.64,7.83,0.92,17.02,13.22
design_6259,0.58,0.64,0.82,nan,nan,nan,0.51,0.71,17.34,7.71,0.92,17.68,12.51
design_6260,0.54,0.82,0.66,nan,nan,nan,0.47,0.67,17.47,7.75,0.92,19.23,16.29
design_6261,0.44,0.75,0.71,nan,nan,nan,0.47,0.65,18.13,8.02,0.92,15.35,10.91
design_6262,0.46,0.82,0.5,nan,nan,nan,0.46,0.59,17.11,7.6,0.92,17.27,14.04
design_6263,0.6,0.8,0.74,nan,nan,nan,0.5,0.72,17.95,7.95,0.92,14.68,10.4
design_6264,1.03,0.43,2.08,nan,nan,nan,0.82,1.55,10.71,5.0,0.91,24.21,20.7
design_6265,0.57,0.32,2.28,nan,nan,nan,0.83,1.61,4.19,2.27,0.92,24.88,18.88
design_6266,1.04,0.34,1.98,nan,nan,nan,0.79,1.49,13.42,6.12,0.91,22.36,18.55
design_6267,1.01,0.59,1.92,nan,nan,nan,0.81,1.46,13.51,6.21,0.9,22.88,19.42
design_6268,1.03,0.5,1.94,nan,nan,nan,0.78,1.47,16.73,7.56,0.91,23.64,20.52
design_6269,1.0,0.43,2.11,nan,nan,nan,0.82,1.57,18.36,8.23,0.91,18.37,15.94
design_6270,0.53,0.46,2.21,nan,nan,nan,0.82,1.58,11.79,5.43,0.91,24.78,20.15
design_6271,0.98,0.36,2.18,nan,nan,nan,0.83,1.61,4.17,2.29,0.92,24.96,18.98
design_6272,1.21,0.65,1.24,nan,nan,nan,0.63,1.12,18.42,8.27,0.9,16.51,15.12
design_6273,0.87,0.59,1.08,nan,nan,nan,0.58,0.92,17.23,7.71,0.92,21.17,17.91
design_6274,0.75,0.76,1.53,nan,nan,nan,0.66,1.19,18.23,8.23,0.9,20.14,15.69
design_6275,0.93,0.5,1.11,nan,nan,nan,0.57,0.94,16.0,7.27,0.9,4.73,5.04
design_6276,1.02,0.46,0.58,nan,nan,nan,0.49,0.71,8.36,4.08,0.9,2.09,1.46
design_6277,1.32,0.56,0.96,nan,nan,nan,0.63,1.0,11.04,5.17,0.9,5.16,5.34
design_6278,0.83,0.47,0.71,nan,nan,nan,0.51,0.7,6.68,3.35,0.9,2.94,1.73
design_6279,1.13,0.81,1.77,nan,nan,nan,0.77,1.42,17.29,7.77,0.91,21.56,17.32
design_6280,1.04,0.81,2.03,nan,nan,nan,0.83,1.56,13.38,6.16,0.9,10.33,9.74
design_6281,0.7,0.46,1.59,nan,nan,nan,0.66,1.18,12.04,5.55,0.91,3.93,1.97
design_6282,0.61,0.44,1.05,nan,nan,nan,0.5,0.83,17.63,7.91,0.91,22.54,20.77
design_6283,0.79,0.48,1.5,nan,nan,nan,0.64,1.15,16.23,7.37,0.9,9.93,6.04
design_6284,1.13,0.48,1.47,nan,nan,nan,0.68,1.21,9.47,4.51,0.9,22.87,19.91
design_6285,0.54,0.49,1.81,nan,nan,nan,0.69,1.31,18.18,8.09,0.92,12.35,11.02
design_6286,0.92,0.71,1.56,nan,nan,nan,0.7,1.23,13.95,6.4,0.9,23.38,19.5
design_6287,1.0,0.51,1.43,nan,nan,nan,0.64,1.15,17.03,7.69,0.91,15.0,9.31
design_6288,0.62,0.99,0.84,nan,nan,nan,0.51,0.82,17.24,7.56,0.92,20.28,17.81
design_6289,0.69,0.98,0.7,nan,nan,nan,0.49,0.79,17.13,7.51,0.93,17.91,15.41
design_6290,0.69,0.92,0.64,nan,nan,nan,0.44,0.75,18.27,7.99,0.92,15.86,18.76
design_6291,0.71,0.99,0.98,nan,nan,nan,0.49,0.9,17.2,7.56,0.92,17.53,15.08
design_6292,0.71,0.94,0.61,nan,nan,nan,0.47,0.76,17.48,7.68,0.92,19.56,20.39
design_6293,0.68,1.01,0.83,nan,nan,nan,0.51,0.84,17.08,7.49,0.93,17.45,15.95
design_6294,0.63,0.84,1.06,nan,nan,nan,0.49,0.86,17.15,7.53,0.92,13.81,14.67
design_6295,0.67,0.98,0.99,nan,nan,nan,0.51,0.89,17.27,7.57,0.92,20.71,18.06
design_6296,0.73,0.44,7.08,nan,nan,nan,2.11,4.69,19.89,8.84,0.91,6.81,8.11
design_6297,0.92,0.48,5.5,nan,nan,nan,1.67,3.67,17.26,7.76,0.9,23.08,22.42
design_6298,0.99,0.59,5.3,nan,nan,nan,1.62,3.55,18.21,8.15,0.9,24.26,21.39
design_6299,0.72,0.47,5.0,nan,nan,nan,1.54,3.33,20.29,9.0,0.91,12.75,10.1
design_6300,0.73,0.32,5.25,nan,nan,nan,1.6,3.49,16.93,7.61,0.91,23.69,21.98
design_6301,0.69,0.35,6.26,nan,nan,nan,1.89,4.15,18.5,8.26,0.91,12.59,12.19
design_6302,0.7,0.49,5.52,nan,nan,nan,1.67,3.67,15.16,6.86,0.91,22.82,22.86
design_6303,0.67,0.36,4.13,nan,nan,nan,1.28,2.75,19.48,8.69,0.9,14.39,12.27
design_6304,1.15,0.86,0.82,nan,nan,nan,0.58,0.96,16.42,7.22,0.92,22.26,24.23
design_6305,0.88,0.86,0.9,nan,nan,nan,0.61,0.88,17.12,7.5,0.92,24.96,18.48
design_6306,0.56,0.67,0.72,nan,nan,nan,0.5,0.65,16.98,7.46,0.92,25.44,15.8
design_6307,1.12,1.06,1.18,nan,nan,nan,0.66,1.12,17.16,7.53,0.92,25.81,16.89
design_6308,0.59,0.7,0.96,nan,nan,nan,0.51,0.77,17.04,7.5,0.92,22.75,13.31
design_6309,0.35,0.62,0.99,nan,nan,nan,0.49,0.71,17.5,7.67,0.92,28.43,19.93
design_6310,0.91,0.75,0.92,nan,nan,nan,0.59,0.87,17.83,7.79,0.93,15.04,12.67
design_6311,0.63,0.58,0.88,nan,nan,nan,0.48,0.72,18.03,7.88,0.92,26.34,24.3
design_6312,0.65,0.37,3.39,nan,nan,nan,0.85,1.85,14.64,6.51,0.91,12.07,5.73
design_6313,0.71,0.26,1.2,nan,nan,nan,0.5,0.79,17.89,7.83,0.91,9.38,5.59
design_6314,1.06,0.16,1.21,nan,nan,nan,0.54,0.92,17.74,7.77,0.91,11.07,7.45
design_6315,0.78,0.24,0.95,nan,nan,nan,0.47,0.71,17.46,7.65,0.91,9.16,5.42
design_6316,1.03,0.32,1.34,nan,nan,nan,0.55,0.97,17.05,7.49,0.91,9.55,4.62
design_6317,1.07,0.36,1.2,nan,nan,nan,0.54,0.94,17.45,7.65,0.91,9.8,4.45
design_6318,1.21,0.38,1.3,nan,nan,nan,0.56,1.04,17.12,7.52,0.91,7.64,5.43
design_6319,1.12,0.26,1.29,nan,nan,nan,0.57,0.99,15.51,6.86,0.91,10.92,5.21
design_6320,0.83,0.68,1.18,nan,nan,nan,0.6,0.99,16.66,7.47,0.92,5.77,4.91
design_6321,0.54,0.88,1.56,nan,nan,nan,0.67,1.2,18.05,8.1,0.91,8.39,6.14
design_6322,0.8,0.83,1.93,nan,nan,nan,0.78,1.46,17.75,7.97,0.91,22.73,19.75
design_6323,0.89,0.81,1.68,nan,nan,nan,0.72,1.31,18.23,8.17,0.91,16.81,15.15
design_6324,0.54,0.72,1.56,nan,nan,nan,0.67,1.17,18.33,8.2,0.91,16.0,15.8
design_6325,0.77,0.91,0.66,nan,nan,nan,0.54,0.76,12.21,5.66,0.9,3.02,1.32
design_6326,0.81,0.87,1.27,nan,nan,nan,0.63,1.07,18.44,8.25,0.91,12.41,13.83
design_6327,0.84,0.77,0.65,nan,nan,nan,0.55,0.74,15.4,6.95,0.91,4.45,3.3
design_6328,0.56,0.41,1.43,nan,nan,nan,0.65,1.07,18.07,8.07,0.92,14.35,9.21
design_6329,0.58,0.62,1.64,nan,nan,nan,0.74,1.23,14.23,6.46,0.92,12.37,11.68
design_6330,0.53,0.38,1.39,nan,nan,nan,0.64,1.04,15.7,7.08,0.92,13.54,11.74
design_6331,0.58,0.42,1.47,nan,nan,nan,0.65,1.1,17.43,7.8,0.92,14.22,13.97
design_6332,0.59,0.44,1.64,nan,nan,nan,0.71,1.22,17.74,7.92,0.92,19.69,16.64
design_6333,0.56,0.39,1.35,nan,nan,nan,0.61,1.01,13.94,6.35,0.92,6.31,5.98
design_6334,0.54,0.36,1.46,nan,nan,nan,0.65,1.08,16.7,7.49,0.92,15.79,13.91
design_6335,0.6,0.74,1.59,nan,nan,nan,0.74,1.22,13.75,6.26,0.92,13.32,12.47
design_6336,0.99,0.96,3.32,nan,nan,nan,1.05,2.25,16.24,7.26,0.91,14.85,11.07
design_6337,0.81,1.0,4.38,nan,nan,nan,1.31,2.89,18.03,8.04,0.91,14.92,11.33
design_6338,0.76,0.95,3.11,nan,nan,nan,0.98,2.09,16.95,7.58,0.9,13.6,12.11
design_6339,1.0,1.01,3.45,nan,nan,nan,1.09,2.33,17.51,7.8,0.91,19.05,16.91
design_6340,0.91,0.99,3.14,nan,nan,nan,1.0,2.14,16.68,7.48,0.9,26.2,17.48
design_6341,0.79,0.97,4.98,nan,nan,nan,1.46,3.26,17.49,7.82,0.91,6.44,8.04
design_6342,1.18,0.98,3.36,nan,nan,nan,1.08,2.31,15.35,6.9,0.9,14.6,11.54
design_6343,0.56,1.12,4.86,nan,nan,nan,1.42,3.18,20.09,8.87,0.91,32.67,16.33
design_6344,2.41,0.72,0.76,nan,nan,nan,0.79,1.4,3.41,1.97,0.92,1.77,2.11
design_6345,0.61,0.47,0.77,nan,nan,nan,0.49,0.67,3.55,2.04,0.92,1.57,1.49
design_6346,2.47,0.7,0.62,nan,nan,nan,0.78,1.4,3.39,1.97,0.92,3.12,2.39
design_6347,0.35,0.42,0.89,nan,nan,nan,0.51,0.68,3.73,2.11,0.92,2.82,1.48
design_6348,0.59,0.45,0.7,nan,nan,nan,0.45,0.62,4.31,2.35,0.92,1.81,1.84
design_6349,2.56,0.65,0.89,nan,nan,nan,0.82,1.51,3.27,1.91,0.92,1.26,1.87
design_6350,0.56,0.43,0.87,nan,nan,nan,0.51,0.71,3.56,2.04,0.92,1.99,1.5
design_6351,2.33,0.65,0.83,nan,nan,nan,0.77,1.38,3.2,1.88,0.92,1.81,2.09
design_6352,0.4,0.29,0.83,nan,nan,nan,0.43,0.64,9.77,4.62,0.91,1.74,1.33
design_6353,0.46,0.42,0.74,nan,nan,nan,0.45,0.61,14.99,6.78,0.91,21.79,17.94
design_6354,0.4,0.32,0.75,nan,nan,nan,0.45,0.59,13.3,6.11,0.91,14.73,13.87
design_6355,0.59,0.45,0.78,nan,nan,nan,0.49,0.66,14.0,6.38,0.92,15.11,13.53
design_6356,0.49,0.29,0.84,nan,nan,nan,0.49,0.66,14.95,6.77,0.92,17.05,15.34
design_6357,0.4,0.44,0.81,nan,nan,nan,0.44,0.65,14.19,6.45,0.92,5.92,2.55
design_6358,0.5,0.37,0.75,nan,nan,nan,0.47,0.62,13.84,6.3,0.91,21.82,18.02
design_6359,0.6,0.3,0.81,nan,nan,nan,0.48,0.67,15.32,6.93,0.92,13.61,13.69
design_6360,0.69,0.88,1.13,nan,nan,nan,0.57,0.95,18.09,8.04,0.91,25.7,17.51
design_6361,0.52,0.84,1.01,nan,nan,nan,0.52,0.84,17.59,7.82,0.92,26.31,16.13
design_6362,0.58,0.88,1.18,nan,nan,nan,0.56,0.95,17.68,7.87,0.91,27.23,17.19
design_6363,0.61,0.82,1.4,nan,nan,nan,0.59,1.07,18.61,8.27,0.91,28.16,17.58
design_6364,0.72,0.78,3.85,nan,nan,nan,1.21,2.6,17.03,7.62,0.9,23.07,15.68
design_6365,0.6,0.82,1.12,nan,nan,nan,0.56,0.91,18.45,8.18,0.91,9.46,10.56
design_6366,0.45,0.91,0.95,nan,nan,nan,0.51,0.82,18.17,8.07,0.91,26.87,17.46
design_6367,0.57,0.83,1.47,nan,nan,nan,0.6,1.1,18.03,8.01,0.91,28.06,16.51
design_6368,0.58,0.4,3.54,nan,nan,nan,0.9,2.03,18.03,7.93,0.91,21.12,20.16
design_6369,0.72,0.48,0.77,nan,nan,nan,0.46,0.67,18.23,7.97,0.92,22.48,17.9
design_6370,0.38,0.38,1.04,nan,nan,nan,0.48,0.67,12.62,5.67,0.91,25.58,18.16
design_6371,0.51,0.51,1.1,nan,nan,nan,0.49,0.75,18.09,7.9,0.92,17.02,20.35
design_6372,0.42,0.42,2.24,nan,nan,nan,0.66,1.31,19.72,8.6,0.91,19.17,18.25
design_6373,0.6,0.32,2.54,nan,nan,nan,0.72,1.48,17.71,7.8,0.91,13.24,14.25
design_6374,0.58,0.33,1.09,nan,nan,nan,0.48,0.73,17.06,7.47,0.92,22.06,21.32
design_6375,0.45,0.38,1.15,nan,nan,nan,0.47,0.73,16.9,7.41,0.92,11.52,13.04
design_6376,0.82,0.35,0.87,nan,nan,nan,0.51,0.74,17.78,7.77,0.92,9.76,11.97
design_6377,0.81,0.45,0.88,nan,nan,nan,0.49,0.75,18.41,8.08,0.92,14.54,14.29
design_6378,1.08,0.43,0.74,nan,nan,nan,0.52,0.81,16.9,7.44,0.92,13.62,8.91
design_6379,0.87,0.37,1.25,nan,nan,nan,0.56,0.92,17.38,7.62,0.92,18.1,15.45
design_6380,1.4,0.47,1.67,nan,nan,nan,0.69,1.32,17.45,7.67,0.92,21.7,18.93
design_6381,1.74,0.58,1.92,nan,nan,nan,0.79,1.57,17.97,7.9,0.91,12.36,10.94
design_6382,0.84,1.24,0.76,nan,nan,nan,0.62,0.95,17.23,7.56,0.92,19.61,17.98
design_6383,0.81,0.4,1.35,nan,nan,nan,0.55,0.96,17.26,7.56,0.92,24.42,25.02
design_6384,0.65,0.7,2.04,nan,nan,nan,0.72,1.41,15.48,6.91,0.91,10.21,7.22
design_6385,0.44,0.79,2.15,nan,nan,nan,0.76,1.45,13.34,6.01,0.91,10.23,7.36
design_6386,0.41,0.91,1.7,nan,nan,nan,0.65,1.21,19.3,8.53,0.91,28.94,17.17
design_6387,0.64,0.79,5.62,nan,nan,nan,1.62,3.63,18.81,8.35,0.91,14.63,12.57
design_6388,0.41,0.73,2.08,nan,nan,nan,0.72,1.4,16.46,7.29,0.92,24.91,16.25
design_6389,0.86,0.86,5.15,nan,nan,nan,1.51,3.36,19.33,8.59,0.9,30.26,18.7
design_6390,0.81,0.69,2.08,nan,nan,nan,0.76,1.45,13.58,6.11,0.91,11.23,7.09
design_6391,0.49,0.8,2.09,nan,nan,nan,0.72,1.43,15.78,7.01,0.92,15.94,12.75
design_6392,0.56,0.54,0.68,nan,nan,nan,0.46,0.62,13.57,6.22,0.91,15.98,14.82
design_6393,0.61,0.47,0.75,nan,nan,nan,0.47,0.66,15.81,7.12,0.92,12.3,8.98
design_6394,0.58,0.56,0.59,nan,nan,nan,0.44,0.58,13.97,6.37,0.92,2.81,1.52
design_6395,0.65,0.52,0.99,nan,nan,nan,0.55,0.82,17.55,7.89,0.91,18.87,17.58
design_6396,0.58,0.56,0.92,nan,nan,nan,0.51,0.76,11.45,5.31,0.91,2.58,2.1
design_6397,0.61,0.57,0.68,nan,nan,nan,0.45,0.64,16.01,7.23,0.92,1.4,1.28
design_6398,0.61,0.42,0.64,nan,nan,nan,0.46,0.59,14.89,6.74,0.92,1.94,2.35
design_6399,0.6,0.58,1.26,nan,nan,nan,0.61,0.98,17.19,7.73,0.92,18.94,17.01
design_6400,0.87,0.91,1.22,nan,nan,nan,0.61,1.03,17.6,7.8,0.92,14.81,17.58
design_6401,0.95,0.74,0.87,nan,nan,nan,0.54,0.86,17.87,7.9,0.92,18.76,16.93
design_6402,1.24,0.9,1.01,nan,nan,nan,0.6,1.06,17.39,7.7,0.92,14.97,17.23
design_6403,1.17,0.65,1.07,nan,nan,nan,0.57,1.01,18.47,8.13,0.92,11.73,14.04
design_6404,0.94,0.6,1.17,nan,nan,nan,0.55,0.97,17.6,7.81,0.92,24.02,20.41
design_6405,0.92,0.76,0.95,nan,nan,nan,0.57,0.89,16.87,7.47,0.92,20.28,17.06
design_6406,0.74,0.92,0.94,nan,nan,nan,0.54,0.87,17.65,7.8,0.92,25.29,16.62
design_6407,0.92,0.81,1.23,nan,nan,nan,0.58,1.03,17.74,7.84,0.92,25.46,18.87
design_6408,0.55,0.32,4.07,nan,nan,nan,1.31,2.78,19.21,8.59,0.91,20.54,16.36
design_6409,0.63,0.4,2.45,nan,nan,nan,0.86,1.7,18.73,8.39,0.9,18.87,16.3
design_6410,0.57,0.41,2.09,nan,nan,nan,0.78,1.46,17.46,7.88,0.9,20.57,15.73
design_6411,0.49,0.26,4.4,nan,nan,nan,1.39,3.0,17.8,8.03,0.9,8.91,6.51
design_6412,0.73,0.46,2.35,nan,nan,nan,0.86,1.66,16.09,7.29,0.9,20.29,17.69
design_6413,1.18,0.32,1.87,nan,nan,nan,0.79,1.43,3.54,2.01,0.92,3.22,1.94
design_6414,0.77,0.35,4.1,nan,nan,nan,1.33,2.81,19.08,8.54,0.9,21.45,18.5
design_6415,1.05,0.47,2.47,nan,nan,nan,0.9,1.78,18.03,8.12,0.89,9.94,7.41
design_6416,0.54,0.41,0.74,nan,nan,nan,0.49,0.61,16.81,7.51,0.92,5.93,2.66
design_6417,0.81,0.34,2.13,nan,nan,nan,0.79,1.52,15.81,7.09,0.91,6.91,2.74
design_6418,0.8,0.58,0.61,nan,nan,nan,0.49,0.66,17.42,7.78,0.92,7.83,6.44
design_6419,0.52,0.48,0.55,nan,nan,nan,0.46,0.53,17.7,7.88,0.92,5.13,5.72
design_6420,0.66,0.35,0.69,nan,nan,nan,0.47,0.62,16.33,7.3,0.92,8.21,8.22
design_6421,0.87,0.39,0.93,nan,nan,nan,0.53,0.81,16.43,7.34,0.92,9.27,8.99
design_6422,0.55,0.42,0.74,nan,nan,nan,0.49,0.62,16.74,7.47,0.92,13.62,10.84
design_6423,0.78,0.62,2.78,nan,nan,nan,0.96,1.95,16.4,7.35,0.91,6.61,9.67
design_6424,1.02,0.77,1.56,nan,nan,nan,0.68,1.28,7.29,3.6,0.91,21.38,17.57
design_6425,0.99,1.41,1.61,nan,nan,nan,0.77,1.42,14.47,6.59,0.91,23.36,17.97
design_6426,0.84,0.59,1.49,nan,nan,nan,0.64,1.17,5.47,2.85,0.91,20.91,17.69
design_6427,1.01,1.09,1.53,nan,nan,nan,0.71,1.31,16.86,7.57,0.92,21.07,15.74
design_6428,0.99,0.88,1.5,nan,nan,nan,0.68,1.25,16.6,7.46,0.92,19.63,18.31
design_6429,1.15,1.17,1.44,nan,nan,nan,0.72,1.31,15.07,6.83,0.92,15.43,13.9
design_6430,1.06,1.16,1.49,nan,nan,nan,0.7,1.31,13.28,6.09,0.91,21.31,17.63
design_6431,1.18,1.44,1.51,nan,nan,nan,0.77,1.41,18.86,8.41,0.92,14.26,19.09
design_6432,0.96,0.36,0.87,nan,nan,nan,0.53,0.81,14.24,6.49,0.91,12.8,9.08
design_6433,1.02,0.28,0.59,nan,nan,nan,0.48,0.69,7.67,3.74,0.91,23.22,17.65
design_6434,0.63,0.45,0.86,nan,nan,nan,0.52,0.72,5.97,3.05,0.91,22.59,17.67
design_6435,0.72,0.43,1.02,nan,nan,nan,0.54,0.84,13.98,6.39,0.91,11.89,9.54
design_6436,0.91,0.36,0.77,nan,nan,nan,0.51,0.74,9.33,4.45,0.9,22.27,17.8
design_6437,0.53,0.36,1.03,nan,nan,nan,0.55,0.79,11.98,5.56,0.91,13.1,9.7
design_6438,0.66,0.31,0.78,nan,nan,nan,0.51,0.67,6.66,3.33,0.91,23.5,17.64
design_6439,0.98,0.37,0.7,nan,nan,nan,0.5,0.73,5.56,2.86,0.91,22.28,17.79
design_6440,0.97,1.18,1.3,nan,nan,nan,0.6,1.16,17.32,7.64,0.92,17.02,12.41
design_6441,0.49,1.12,1.42,nan,nan,nan,0.59,1.1,17.27,7.61,0.92,13.51,10.34
design_6442,1.2,1.39,1.38,nan,nan,nan,0.66,1.33,17.34,7.64,0.92,27.6,18.18
design_6443,0.52,1.09,1.57,nan,nan,nan,0.6,1.17,17.32,7.63,0.92,22.2,16.88
design_6444,0.62,1.25,1.56,nan,nan,nan,0.62,1.22,17.6,7.74,0.92,28.03,19.38
design_6445,0.64,1.1,1.55,nan,nan,nan,0.62,1.18,17.22,7.58,0.92,26.28,18.79
design_6446,0.51,1.11,1.47,nan,nan,nan,0.6,1.12,17.51,7.71,0.92,26.32,19.15
design_6447,0.59,1.27,1.15,nan,nan,nan,0.56,1.04,17.56,7.73,0.92,27.78,18.31
design_6448,0.62,0.87,0.99,nan,nan,nan,0.54,0.83,17.18,7.53,0.92,20.94,19.62
design_6449,0.54,0.89,0.8,nan,nan,nan,0.49,0.75,17.9,7.81,0.92,13.25,13.28
design_6450,0.45,0.73,0.61,nan,nan,nan,0.5,0.6,17.01,7.44,0.92,22.81,22.7
design_6451,0.45,0.92,0.57,nan,nan,nan,0.47,0.67,17.7,7.73,0.92,11.18,8.91
design_6452,0.88,1.14,1.82,nan,nan,nan,0.69,1.32,16.97,7.45,0.92,19.33,16.32
design_6453,0.97,0.82,2.14,nan,nan,nan,0.74,1.42,16.72,7.37,0.91,19.59,19.28
design_6454,0.55,0.68,1.0,nan,nan,nan,0.53,0.76,17.55,7.68,0.92,20.56,20.63
design_6455,0.52,0.97,0.96,nan,nan,nan,0.53,0.83,17.28,7.57,0.92,26.71,19.27
design_6456,0.73,0.4,0.74,nan,nan,nan,0.51,0.66,17.09,7.56,0.92,15.48,16.33
design_6457,0.72,0.46,0.56,nan,nan,nan,0.5,0.59,17.21,7.6,0.92,18.34,17.37
design_6458,0.78,0.55,0.62,nan,nan,nan,0.51,0.66,17.55,7.75,0.92,16.4,18.25
design_6459,0.54,0.35,1.36,nan,nan,nan,0.54,0.94,17.73,7.83,0.92,20.68,12.32
design_6460,0.66,0.6,1.08,nan,nan,nan,0.53,0.84,17.28,7.63,0.92,20.38,9.46
design_6461,0.78,0.29,0.64,nan,nan,nan,0.51,0.62,17.24,7.62,0.92,17.19,17.73
design_6462,0.59,0.42,0.89,nan,nan,nan,0.5,0.69,18.74,8.25,0.92,17.6,12.53
design_6463,0.64,0.36,1.22,nan,nan,nan,0.54,0.88,17.49,7.73,0.92,9.68,3.82
design_6464,0.8,0.98,2.82,nan,nan,nan,0.89,1.87,18.29,8.06,0.92,12.39,13.2
design_6465,0.77,1.14,3.08,nan,nan,nan,0.94,2.05,17.73,7.82,0.92,14.23,14.27
design_6466,0.9,1.04,3.2,nan,nan,nan,0.98,2.11,18.12,7.96,0.92,14.52,15.74
design_6467,1.25,0.62,1.79,nan,nan,nan,0.71,1.36,17.69,7.82,0.92,15.29,16.56
design_6468,0.55,1.06,1.86,nan,nan,nan,0.68,1.32,18.06,7.97,0.91,13.62,13.29
design_6469,1.05,0.77,1.39,nan,nan,nan,0.6,1.13,18.73,8.24,0.92,12.62,13.07
design_6470,0.78,1.09,3.0,nan,nan,nan,0.93,1.99,18.62,8.18,0.92,21.5,17.53
design_6471,0.91,1.06,2.66,nan,nan,nan,0.86,1.82,17.99,7.93,0.92,16.43,13.18
design_6472,0.68,0.6,2.12,nan,nan,nan,0.74,1.48,17.35,7.74,0.91,15.4,15.18
design_6473,0.61,0.61,1.8,nan,nan,nan,0.68,1.27,16.7,7.48,0.9,10.73,10.96
design_6474,0.6,0.63,2.31,nan,nan,nan,0.78,1.59,15.82,7.13,0.9,18.89,18.16
design_6475,0.55,0.56,1.81,nan,nan,nan,0.65,1.26,17.0,7.61,0.91,18.48,16.59
design_6476,0.51,0.72,2.1,nan,nan,nan,0.73,1.46,19.14,8.53,0.9,21.91,20.91
design_6477,0.49,0.61,2.0,nan,nan,nan,0.69,1.38,16.65,7.47,0.9,19.37,18.94
design_6478,0.6,0.5,1.97,nan,nan,nan,0.7,1.36,13.57,6.21,0.9,4.98,4.06
design_6479,0.47,0.63,1.92,nan,nan,nan,0.68,1.33,17.22,7.7,0.9,19.7,19.17
design_6480,0.65,0.5,0.78,nan,nan,nan,0.5,0.69,15.62,7.07,0.91,5.1,5.49
design_6481,0.62,0.44,1.17,nan,nan,nan,0.57,0.91,7.59,3.69,0.91,4.07,2.64
design_6482,0.64,0.54,2.03,nan,nan,nan,0.79,1.5,15.9,7.22,0.91,20.47,17.72
design_6483,0.58,0.47,0.84,nan,nan,nan,0.52,0.7,17.71,7.92,0.92,21.3,21.16
design_6484,0.58,0.5,0.74,nan,nan,nan,0.5,0.65,17.37,7.78,0.92,20.19,23.18
design_6485,0.65,0.31,0.84,nan,nan,nan,0.49,0.7,4.33,2.35,0.92,1.35,1.23
design_6486,0.63,0.44,0.6,nan,nan,nan,0.45,0.57,15.35,6.93,0.92,6.53,4.52
design_6487,0.58,0.82,2.26,nan,nan,nan,0.85,1.68,19.37,8.66,0.91,14.28,14.98
design_6488,0.39,0.33,2.33,nan,nan,nan,0.63,1.27,16.73,7.35,0.91,20.49,18.62
design_6489,0.52,0.4,3.3,nan,nan,nan,0.82,1.78,16.89,7.42,0.91,9.44,10.23
design_6490,0.41,0.32,2.73,nan,nan,nan,0.72,1.47,18.39,8.03,0.91,13.18,14.48
design_6491,0.46,0.38,2.54,nan,nan,nan,0.69,1.38,17.58,7.7,0.91,15.82,18.24
design_6492,0.44,0.33,2.57,nan,nan,nan,0.69,1.4,16.97,7.45,0.91,10.67,11.67
design_6493,0.37,0.39,2.41,nan,nan,nan,0.68,1.31,17.68,7.72,0.92,15.68,17.04
design_6494,0.38,0.46,2.82,nan,nan,nan,0.73,1.53,17.8,7.79,0.91,17.24,15.32
design_6495,0.44,0.32,2.71,nan,nan,nan,0.72,1.46,16.95,7.44,0.91,21.26,19.91
design_6496,0.49,0.83,1.31,nan,nan,nan,0.55,0.96,18.21,8.03,0.91,6.86,5.8
design_6497,0.55,0.81,2.11,nan,nan,nan,0.71,1.41,19.19,8.46,0.91,10.61,11.36
design_6498,0.95,0.71,4.99,nan,nan,nan,1.4,3.15,19.46,8.59,0.91,25.17,19.31
design_6499,0.53,0.88,2.09,nan,nan,nan,0.69,1.4,18.72,8.24,0.92,25.2,19.26
design_6500,0.49,0.83,1.12,nan,nan,nan,0.53,0.87,17.26,7.62,0.92,15.72,12.22
design_6501,0.6,0.83,4.53,nan,nan,nan,1.27,2.85,18.64,8.22,0.91,11.71,13.04
design_6502,0.48,0.85,1.04,nan,nan,nan,0.51,0.83,17.35,7.66,0.92,15.81,13.25
design_6503,0.63,0.85,4.32,nan,nan,nan,1.22,2.73,19.02,8.4,0.91,18.67,15.83
design_6504,0.54,0.77,1.11,nan,nan,nan,0.52,0.81,16.81,7.33,0.92,9.16,10.18
design_6505,0.53,0.85,0.96,nan,nan,nan,0.5,0.78,16.96,7.41,0.92,9.75,10.07
design_6506,0.47,0.69,0.96,nan,nan,nan,0.49,0.71,17.45,7.58,0.92,18.99,14.71
design_6507,0.57,0.74,0.96,nan,nan,nan,0.5,0.75,16.13,7.05,0.92,11.2,10.3
design_6508,0.62,0.84,0.95,nan,nan,nan,0.49,0.79,17.41,7.6,0.92,24.78,20.75
design_6509,0.57,0.71,1.16,nan,nan,nan,0.51,0.82,17.01,7.44,0.92,8.77,9.6
design_6510,0.42,0.78,0.73,nan,nan,nan,0.45,0.65,17.61,7.67,0.92,22.68,20.47
design_6511,0.48,0.74,1.02,nan,nan,nan,0.5,0.75,16.3,7.11,0.92,11.27,9.67
design_6512,1.03,0.58,2.52,nan,nan,nan,0.91,1.81,18.51,8.26,0.91,23.45,15.81
design_6513,0.94,0.71,2.82,nan,nan,nan,0.98,2.0,18.3,8.18,0.91,25.52,17.05
design_6514,0.89,0.64,2.85,nan,nan,nan,0.98,2.01,16.51,7.44,0.91,26.32,18.31
design_6515,0.96,0.76,2.37,nan,nan,nan,0.88,1.73,15.44,7.01,0.9,25.4,18.23
design_6516,0.98,0.59,1.79,nan,nan,nan,0.71,1.36,17.79,7.99,0.9,25.09,19.55
design_6517,0.45,0.74,3.05,nan,nan,nan,1.02,2.11,18.7,8.36,0.91,25.78,17.14
design_6518,0.57,0.77,2.69,nan,nan,nan,0.92,1.89,18.2,8.15,0.91,24.94,18.64
design_6519,0.65,0.72,1.72,nan,nan,nan,0.69,1.27,16.68,7.53,0.9,25.64,18.8
design_6520,1.1,0.68,2.29,nan,nan,nan,0.73,1.44,13.36,5.99,0.9,19.65,13.02
design_6521,1.18,0.77,1.62,nan,nan,nan,0.66,1.21,17.13,7.52,0.91,16.4,14.33
design_6522,1.11,0.49,1.54,nan,nan,nan,0.62,1.1,16.53,7.27,0.91,15.31,13.5
design_6523,1.09,0.68,2.03,nan,nan,nan,0.71,1.33,19.33,8.43,0.91,14.71,15.13
design_6524,1.04,0.69,1.69,nan,nan,nan,0.63,1.17,19.1,8.34,0.91,12.93,12.36
design_6525,1.07,0.7,2.21,nan,nan,nan,0.73,1.4,19.12,8.33,0.91,14.31,14.25
design_6526,1.08,0.54,1.91,nan,nan,nan,0.67,1.25,19.2,8.36,0.91,14.59,16.76
design_6527,0.86,0.66,2.6,nan,nan,nan,0.74,1.52,17.07,7.5,0.91,15.34,14.81
design_6528,0.79,0.61,2.63,nan,nan,nan,0.9,1.85,13.63,6.22,0.9,2.1,2.18
design_6529,0.66,0.66,2.74,nan,nan,nan,0.94,1.92,16.08,7.24,0.91,3.99,4.52
design_6530,0.53,0.77,2.46,nan,nan,nan,0.86,1.74,17.25,7.7,0.92,7.69,5.58
design_6531,0.83,0.53,2.96,nan,nan,nan,0.99,2.07,14.82,6.72,0.91,2.6,3.1
design_6532,0.64,0.59,2.6,nan,nan,nan,0.9,1.82,17.24,7.73,0.91,3.03,3.44
design_6533,0.57,0.67,2.64,nan,nan,nan,0.91,1.85,16.88,7.56,0.91,4.78,3.22
design_6534,1.57,0.67,3.34,nan,nan,nan,1.15,2.44,19.59,8.74,0.91,23.45,16.8
design_6535,0.65,0.6,2.43,nan,nan,nan,0.86,1.71,16.12,7.25,0.91,3.97,4.34
design_6536,0.47,0.53,1.47,nan,nan,nan,0.57,0.99,18.53,8.15,0.92,16.41,11.08
design_6537,0.56,0.5,1.26,nan,nan,nan,0.54,0.88,18.02,7.94,0.92,23.35,16.52
design_6538,0.51,0.51,1.08,nan,nan,nan,0.49,0.78,17.72,7.79,0.92,25.33,16.44
design_6539,0.75,0.45,1.34,nan,nan,nan,0.56,0.96,18.05,7.95,0.92,20.77,13.64
design_6540,0.52,0.41,1.46,nan,nan,nan,0.57,0.98,18.2,8.03,0.92,17.16,13.79
design_6541,0.66,0.49,0.99,nan,nan,nan,0.51,0.77,19.32,8.48,0.92,17.08,10.43
design_6542,0.53,0.54,1.33,nan,nan,nan,0.54,0.92,17.97,7.91,0.92,25.72,17.52
design_6543,0.7,0.55,1.41,nan,nan,nan,0.57,1.0,18.77,8.26,0.92,18.78,8.54
design_6544,1.39,0.83,1.02,nan,nan,nan,0.63,1.13,18.35,7.99,0.91,46.79,33.38
design_6545,1.75,0.24,0.88,nan,nan,nan,0.64,1.19,18.28,7.96,0.92,16.35,12.66
design_6546,1.44,1.03,1.08,nan,nan,nan,0.63,1.22,15.09,6.68,0.91,14.99,12.45
design_6547,1.85,0.32,0.96,nan,nan,nan,0.68,1.27,16.41,7.2,0.92,15.87,14.76
design_6548,1.81,0.49,0.9,nan,nan,nan,0.65,1.26,17.46,7.61,0.92,19.04,15.16
design_6549,1.71,0.21,1.43,nan,nan,nan,0.68,1.31,18.01,7.86,0.92,14.3,17.64
design_6550,1.86,0.57,0.95,nan,nan,nan,0.68,1.31,17.33,7.57,0.92,15.83,13.55
design_6551,1.81,0.54,1.08,nan,nan,nan,0.69,1.3,17.78,7.76,0.92,15.04,12.11
design_6552,1.28,1.44,0.83,nan,nan,nan,0.64,1.17,17.16,7.59,0.92,19.47,16.51
design_6553,1.36,0.91,0.68,nan,nan,nan,0.58,1.0,17.25,7.63,0.92,21.91,16.41
design_6554,1.33,1.11,0.73,nan,nan,nan,0.61,1.06,16.42,7.29,0.92,23.66,17.02
design_6555,1.36,0.99,0.78,nan,nan,nan,0.6,1.05,16.77,7.42,0.92,22.67,17.51
design_6556,1.31,0.83,0.81,nan,nan,nan,0.57,1.0,17.34,7.68,0.92,21.04,16.67
design_6557,1.39,0.69,0.85,nan,nan,nan,0.59,1.02,16.76,7.44,0.92,22.04,16.8
design_6558,1.23,1.7,0.84,nan,nan,nan,0.68,1.25,17.58,7.76,0.92,23.27,17.09
design_6559,1.27,0.79,2.29,nan,nan,nan,0.81,1.68,18.72,8.29,0.91,14.2,11.86
design_6560,0.47,0.95,2.63,nan,nan,nan,0.87,1.82,18.88,8.42,0.9,12.03,7.15
design_6561,0.74,0.94,3.79,nan,nan,nan,1.2,2.57,19.19,8.48,0.91,21.99,15.54
design_6562,0.59,0.86,2.76,nan,nan,nan,0.92,1.9,19.57,8.69,0.91,24.19,20.58
design_6563,0.43,0.79,3.19,nan,nan,nan,1.01,2.16,17.56,7.84,0.91,14.28,10.67
design_6564,0.42,0.84,2.91,nan,nan,nan,0.94,1.98,19.34,8.59,0.91,16.39,9.77
design_6565,0.48,0.86,2.3,nan,nan,nan,0.8,1.6,18.79,8.38,0.91,21.76,16.71
design_6566,0.53,0.92,3.27,nan,nan,nan,1.04,2.22,19.54,8.66,0.91,19.24,18.75
design_6567,0.43,0.76,2.48,nan,nan,nan,0.82,1.7,18.46,8.23,0.91,20.66,15.05
design_6568,0.54,0.86,1.65,nan,nan,nan,0.7,1.25,16.23,7.33,0.91,23.08,19.78
design_6569,0.63,0.84,1.91,nan,nan,nan,0.76,1.42,16.8,7.55,0.92,21.74,18.92
design_6570,1.14,0.81,1.93,nan,nan,nan,0.81,1.52,14.19,6.46,0.91,24.09,19.57
design_6571,0.66,0.82,1.68,nan,nan,nan,0.71,1.28,15.26,6.92,0.91,23.57,18.88
design_6572,1.24,0.84,1.61,nan,nan,nan,0.76,1.36,7.02,3.46,0.91,23.22,19.73
design_6573,0.68,0.85,2.02,nan,nan,nan,0.79,1.51,13.52,6.2,0.91,23.35,19.43
design_6574,0.7,0.81,1.83,nan,nan,nan,0.74,1.38,15.26,6.86,0.92,22.33,19.63
design_6575,1.1,0.8,2.05,nan,nan,nan,0.83,1.58,15.53,7.05,0.91,22.79,20.17
design_6576,3.56,0.76,0.73,nan,nan,nan,0.99,2.24,18.13,7.97,0.91,20.84,18.84
design_6577,0.7,0.65,2.07,nan,nan,nan,0.66,1.29,16.82,7.41,0.91,22.34,21.1
design_6578,0.57,0.58,0.99,nan,nan,nan,0.45,0.73,18.63,8.14,0.91,14.34,12.05
design_6579,0.8,0.59,0.89,nan,nan,nan,0.48,0.77,17.28,7.57,0.92,23.94,21.56
design_6580,4.08,0.91,0.73,nan,nan,nan,1.1,2.56,18.79,8.23,0.91,10.66,9.06
design_6581,1.34,0.7,5.53,nan,nan,nan,1.38,3.24,18.52,8.18,0.9,8.07,7.18
design_6582,0.46,0.62,1.29,nan,nan,nan,0.49,0.85,17.93,7.86,0.92,7.04,5.71
design_6583,0.58,0.65,1.15,nan,nan,nan,0.47,0.82,18.47,8.07,0.92,7.66,5.59
design_6584,0.85,1.01,1.59,nan,nan,nan,0.66,1.25,17.78,7.88,0.92,7.57,9.11
design_6585,0.99,0.88,1.51,nan,nan,nan,0.65,1.2,18.53,8.2,0.91,19.71,15.38
design_6586,0.95,0.93,1.7,nan,nan,nan,0.68,1.31,18.81,8.35,0.91,25.98,19.18
design_6587,0.72,0.99,1.26,nan,nan,nan,0.57,1.04,18.08,8.01,0.92,15.38,10.22
design_6588,0.97,0.74,1.12,nan,nan,nan,0.58,0.98,17.5,7.76,0.92,13.52,12.9
design_6589,0.86,0.9,1.47,nan,nan,nan,0.62,1.16,17.59,7.79,0.92,21.11,18.86
design_6590,0.78,0.89,2.15,nan,nan,nan,0.76,1.51,17.41,7.75,0.92,17.97,16.11
design_6591,0.75,0.98,1.32,nan,nan,nan,0.61,1.07,18.33,8.11,0.92,15.84,14.02
design_6592,0.68,0.41,1.75,nan,nan,nan,0.66,1.23,17.35,7.7,0.92,25.47,17.18
design_6593,0.68,0.44,1.69,nan,nan,nan,0.66,1.2,15.27,6.86,0.92,28.05,16.44
design_6594,0.71,0.57,1.79,nan,nan,nan,0.68,1.28,15.71,7.04,0.91,28.31,17.94
design_6595,0.72,0.26,3.0,nan,nan,nan,0.96,2.02,18.48,8.2,0.92,25.73,19.71
design_6596,0.64,0.84,2.55,nan,nan,nan,0.87,1.77,17.31,7.69,0.92,25.13,18.79
design_6597,0.73,0.37,1.71,nan,nan,nan,0.65,1.21,16.24,7.26,0.92,26.72,17.9
design_6598,0.65,0.38,3.27,nan,nan,nan,1.04,2.19,18.38,8.15,0.92,25.78,20.29
design_6599,0.69,0.76,1.89,nan,nan,nan,0.71,1.36,17.57,7.79,0.92,27.53,16.77
design_6600,0.4,1.24,1.34,nan,nan,nan,0.63,1.11,17.87,7.95,0.91,13.01,6.62
design_6601,0.75,1.3,2.59,nan,nan,nan,0.91,1.88,19.09,8.48,0.91,20.5,15.85
design_6602,0.39,1.24,1.44,nan,nan,nan,0.65,1.16,16.67,7.47,0.91,11.94,5.96
design_6603,0.54,1.16,1.51,nan,nan,nan,0.66,1.2,15.37,6.92,0.91,14.02,7.29
design_6604,0.56,1.13,1.85,nan,nan,nan,0.72,1.38,18.82,8.36,0.91,10.86,5.86
design_6605,0.43,1.1,1.54,nan,nan,nan,0.67,1.19,15.15,6.83,0.91,16.31,8.0
design_6606,0.65,1.23,2.09,nan,nan,nan,0.78,1.55,18.28,8.15,0.91,29.08,18.01
design_6607,0.45,1.01,1.32,nan,nan,nan,0.59,1.04,17.89,7.96,0.91,9.56,7.36
design_6608,1.45,0.56,1.82,nan,nan,nan,0.71,1.44,17.92,7.88,0.92,20.44,14.18
design_6609,0.86,0.62,1.7,nan,nan,nan,0.63,1.21,17.3,7.64,0.92,15.23,14.81
design_6610,1.31,0.65,2.06,nan,nan,nan,0.79,1.52,18.54,8.16,0.92,11.63,9.72
design_6611,1.57,0.66,1.96,nan,nan,nan,0.76,1.55,18.05,7.98,0.91,19.04,17.74
design_6612,1.55,0.44,1.82,nan,nan,nan,0.73,1.45,18.4,8.13,0.91,7.76,6.28
design_6613,1.36,0.62,2.0,nan,nan,nan,0.81,1.5,17.74,7.8,0.92,20.59,19.66
design_6614,1.41,0.52,2.22,nan,nan,nan,0.79,1.62,17.93,7.9,0.92,15.33,14.84
design_6615,1.54,0.57,2.23,nan,nan,nan,0.81,1.67,17.77,7.85,0.92,21.2,18.29
design_6616,0.73,0.27,1.15,nan,nan,nan,0.56,0.91,16.86,7.58,0.92,22.71,21.3
design_6617,0.53,0.23,1.52,nan,nan,nan,0.65,1.12,16.76,7.59,0.91,23.15,20.65
design_6618,0.62,0.24,1.96,nan,nan,nan,0.76,1.43,17.31,7.75,0.92,23.37,21.65
design_6619,0.61,0.36,1.27,nan,nan,nan,0.61,0.97,9.88,4.69,0.91,24.34,20.83
design_6620,0.48,0.45,1.15,nan,nan,nan,0.52,0.88,17.2,7.74,0.92,15.73,13.76
design_6621,0.57,0.19,1.36,nan,nan,nan,0.59,1.01,17.41,7.84,0.91,22.99,21.03
design_6622,0.47,0.34,1.89,nan,nan,nan,0.73,1.37,18.44,8.22,0.92,22.45,22.56
design_6623,0.41,0.4,1.17,nan,nan,nan,0.57,0.88,8.45,4.08,0.91,24.27,21.29
design_6624,0.39,0.79,2.02,nan,nan,nan,0.72,1.41,18.52,8.29,0.9,27.35,17.3
design_6625,0.34,0.81,3.13,nan,nan,nan,0.99,2.12,18.46,8.22,0.91,26.42,18.38
design_6626,0.45,0.78,6.01,nan,nan,nan,1.8,3.99,18.56,8.27,0.91,23.86,19.67
design_6627,0.46,0.88,1.7,nan,nan,nan,0.66,1.24,18.96,8.46,0.9,26.04,19.08
design_6628,0.46,1.0,1.55,nan,nan,nan,0.63,1.17,19.16,8.51,0.91,25.69,18.52
design_6629,0.4,0.91,1.66,nan,nan,nan,0.63,1.21,18.66,8.35,0.9,26.78,17.59
design_6630,0.69,0.88,5.09,nan,nan,nan,1.55,3.41,18.73,8.32,0.92,15.29,9.71
design_6631,0.67,0.84,4.7,nan,nan,nan,1.43,3.15,20.96,9.24,0.91,39.21,21.09
design_6632,0.79,0.74,0.92,nan,nan,nan,0.57,0.85,15.67,7.08,0.91,12.07,10.49
design_6633,0.63,0.77,1.24,nan,nan,nan,0.59,0.99,16.44,7.44,0.9,18.63,19.64
design_6634,0.55,0.81,1.43,nan,nan,nan,0.64,1.11,17.0,7.63,0.91,16.53,14.38
design_6635,0.47,0.73,1.29,nan,nan,nan,0.6,1.0,16.69,7.48,0.92,21.29,20.6
design_6636,0.36,0.86,1.24,nan,nan,nan,0.59,0.97,17.88,8.02,0.91,18.3,18.6
design_6637,0.55,0.77,1.62,nan,nan,nan,0.69,1.22,15.87,7.12,0.92,22.74,19.82
design_6638,0.66,0.77,1.47,nan,nan,nan,0.66,1.14,15.89,7.14,0.92,13.54,11.44
design_6639,0.47,0.95,1.46,nan,nan,nan,0.65,1.14,17.82,7.94,0.92,6.54,5.2
design_6640,0.55,0.69,1.33,nan,nan,nan,0.56,0.97,14.6,6.52,0.92,24.02,16.72
design_6641,0.52,0.87,1.26,nan,nan,nan,0.55,0.97,15.53,6.92,0.92,24.4,16.19
design_6642,0.48,0.91,1.26,nan,nan,nan,0.56,0.97,16.34,7.26,0.92,24.74,16.1
design_6643,0.53,0.59,1.3,nan,nan,nan,0.54,0.93,14.99,6.69,0.92,24.36,17.23
design_6644,0.57,0.84,1.27,nan,nan,nan,0.56,0.98,16.71,7.41,0.92,23.37,17.04
design_6645,0.47,0.83,1.27,nan,nan,nan,0.55,0.96,16.84,7.47,0.92,25.09,15.52
design_6646,0.52,0.69,1.25,nan,nan,nan,0.55,0.93,16.16,7.18,0.92,23.13,17.74
design_6647,0.53,0.9,1.28,nan,nan,nan,0.57,0.99,16.33,7.27,0.91,23.76,16.52
design_6648,0.55,0.97,1.37,nan,nan,nan,0.58,0.97,17.21,7.55,0.91,9.59,10.04
design_6649,1.03,1.04,1.31,nan,nan,nan,0.63,1.12,17.27,7.56,0.91,13.64,13.58
design_6650,0.72,1.0,1.05,nan,nan,nan,0.57,0.92,16.89,7.4,0.91,16.39,13.56
design_6651,0.6,1.11,1.36,nan,nan,nan,0.56,1.03,16.94,7.44,0.91,18.7,16.6
design_6652,0.61,1.12,1.12,nan,nan,nan,0.54,0.95,17.64,7.7,0.92,18.14,16.86
design_6653,0.52,1.02,3.73,nan,nan,nan,0.93,2.08,16.96,7.44,0.91,15.42,15.87
design_6654,0.76,0.97,1.18,nan,nan,nan,0.57,0.96,17.5,7.65,0.92,11.73,11.96
design_6655,0.51,0.89,1.37,nan,nan,nan,0.57,0.94,16.91,7.41,0.92,14.87,14.73
design_6656,0.47,0.68,1.24,nan,nan,nan,0.55,0.92,18.36,8.17,0.91,13.68,12.05
design_6657,0.8,0.65,0.99,nan,nan,nan,0.53,0.86,16.0,7.19,0.9,23.68,15.79
design_6658,0.53,0.82,1.52,nan,nan,nan,0.61,1.12,18.44,8.21,0.91,15.2,12.17
design_6659,0.55,0.83,1.33,nan,nan,nan,0.58,1.02,18.4,8.18,0.91,24.81,15.91
design_6660,0.45,0.74,1.83,nan,nan,nan,0.68,1.29,17.33,7.75,0.91,24.26,15.94
design_6661,0.99,0.86,3.83,nan,nan,nan,1.21,2.62,18.84,8.38,0.91,15.92,10.89
design_6662,0.45,0.72,5.58,nan,nan,nan,1.68,3.71,18.99,8.42,0.91,23.82,18.19
design_6663,0.97,0.72,1.28,nan,nan,nan,0.6,1.07,18.49,8.21,0.91,15.71,11.82
design_6664,1.14,0.54,0.96,nan,nan,nan,0.57,0.93,17.59,7.72,0.92,22.09,15.78
design_6665,0.73,1.17,2.85,nan,nan,nan,0.91,1.85,17.29,7.58,0.92,30.03,22.47
design_6666,1.21,0.4,1.21,nan,nan,nan,0.59,1.04,18.21,7.98,0.92,23.86,21.28
design_6667,0.35,0.55,0.82,nan,nan,nan,0.45,0.61,17.52,7.68,0.92,15.05,12.47
design_6668,0.57,1.09,3.08,nan,nan,nan,0.95,1.95,17.07,7.48,0.92,17.69,18.55
design_6669,0.79,0.55,0.77,nan,nan,nan,0.48,0.72,18.76,8.21,0.92,25.73,15.09
design_6670,0.5,0.72,0.88,nan,nan,nan,0.5,0.72,17.44,7.65,0.92,15.61,14.15
design_6671,0.82,1.05,2.85,nan,nan,nan,0.92,1.85,17.51,7.66,0.92,23.61,17.51
design_6672,0.62,1.13,0.53,nan,nan,nan,0.49,0.75,17.89,7.94,0.92,22.44,18.2
design_6673,1.19,1.14,0.54,nan,nan,nan,0.55,0.93,17.35,7.73,0.92,22.3,17.41
design_6674,0.88,1.01,0.8,nan,nan,nan,0.53,0.88,17.23,7.69,0.92,13.99,10.81
design_6675,1.19,1.3,0.67,nan,nan,nan,0.59,1.02,17.87,7.95,0.92,22.46,17.38
design_6676,0.76,1.09,0.42,nan,nan,nan,0.47,0.74,17.63,7.86,0.92,22.25,17.01
design_6677,0.57,0.99,0.56,nan,nan,nan,0.46,0.69,17.7,7.91,0.91,20.87,14.94
design_6678,0.97,1.19,0.65,nan,nan,nan,0.54,0.91,17.9,7.95,0.92,23.05,18.65
design_6679,0.53,0.88,0.39,nan,nan,nan,0.44,0.59,16.84,7.52,0.92,22.45,16.76
design_6680,1.12,0.53,0.91,nan,nan,nan,0.59,0.91,13.58,6.18,0.9,8.92,3.58
design_6681,0.76,0.43,0.93,nan,nan,nan,0.51,0.78,14.56,6.59,0.91,7.72,2.93
design_6682,0.59,0.48,0.97,nan,nan,nan,0.52,0.76,16.03,7.2,0.91,12.92,7.86
design_6683,0.77,0.43,0.8,nan,nan,nan,0.48,0.71,14.93,6.75,0.91,13.02,5.33
design_6684,0.55,0.47,0.74,nan,nan,nan,0.48,0.62,14.78,6.65,0.91,15.36,9.78
design_6685,1.1,0.41,0.85,nan,nan,nan,0.56,0.86,14.54,6.56,0.91,11.31,4.45
design_6686,0.73,0.38,1.05,nan,nan,nan,0.54,0.83,14.76,6.68,0.9,12.59,5.5
design_6687,1.08,0.45,0.72,nan,nan,nan,0.52,0.79,14.54,6.58,0.91,13.71,6.44
design_6688,1.19,1.08,1.27,nan,nan,nan,0.62,1.2,18.21,8.06,0.91,48.4,23.76
design_6689,0.82,0.27,2.04,nan,nan,nan,0.68,1.39,20.08,8.84,0.91,17.91,14.7
design_6690,0.7,0.31,0.96,nan,nan,nan,0.47,0.75,18.83,8.31,0.92,7.13,5.49
design_6691,0.66,0.53,2.04,nan,nan,nan,0.7,1.38,18.2,8.07,0.91,21.43,19.81
design_6692,0.62,0.45,1.03,nan,nan,nan,0.49,0.78,19.3,8.5,0.92,30.62,24.12
design_6693,0.84,0.26,1.93,nan,nan,nan,0.66,1.33,18.88,8.34,0.91,11.87,9.01
design_6694,0.84,0.21,2.28,nan,nan,nan,0.74,1.54,20.0,8.82,0.91,12.48,9.19
design_6695,1.06,0.92,1.02,nan,nan,nan,0.58,1.01,14.8,6.61,0.92,13.54,15.01
design_6696,0.9,0.98,1.15,nan,nan,nan,0.56,1.0,17.68,7.72,0.92,23.19,17.79
design_6697,0.93,0.93,0.68,nan,nan,nan,0.52,0.87,17.2,7.51,0.92,21.13,17.66
design_6698,0.88,0.9,1.57,nan,nan,nan,0.58,1.12,17.87,7.8,0.91,19.78,15.9
design_6699,1.0,0.95,1.56,nan,nan,nan,0.59,1.17,17.45,7.63,0.92,24.23,16.69
design_6700,1.0,0.96,1.1,nan,nan,nan,0.55,1.01,17.58,7.68,0.91,25.98,17.48
design_6701,0.95,0.9,2.14,nan,nan,nan,0.67,1.38,17.59,7.7,0.91,22.09,18.56
design_6702,1.09,0.93,0.8,nan,nan,nan,0.54,0.96,17.25,7.55,0.92,21.28,15.55
design_6703,1.01,0.97,0.56,nan,nan,nan,0.52,0.89,17.14,7.48,0.92,15.03,13.28
design_6704,1.09,0.43,4.62,nan,nan,nan,1.45,3.11,19.26,8.6,0.9,26.17,17.8
design_6705,1.36,0.8,1.82,nan,nan,nan,0.79,1.47,17.47,7.77,0.91,8.86,7.81
design_6706,1.16,0.44,4.05,nan,nan,nan,1.3,2.75,19.13,8.55,0.9,25.94,18.12
design_6707,1.24,0.31,3.51,nan,nan,nan,1.17,2.42,19.01,8.48,0.9,23.83,19.45
design_6708,1.27,0.33,4.4,nan,nan,nan,1.4,2.99,20.01,8.91,0.9,18.45,10.45
design_6709,1.14,0.62,4.06,nan,nan,nan,1.3,2.77,20.3,9.02,0.9,12.94,10.21
design_6710,0.65,0.63,1.76,nan,nan,nan,0.69,1.26,17.49,7.81,0.91,25.6,17.55
design_6711,0.97,0.58,3.92,nan,nan,nan,1.23,2.66,19.02,8.5,0.9,25.2,19.52
design_6712,0.88,0.61,2.18,nan,nan,nan,0.69,1.38,17.49,7.66,0.91,19.71,17.35
design_6713,0.55,0.73,2.05,nan,nan,nan,0.65,1.27,17.27,7.57,0.92,25.77,21.49
design_6714,0.58,0.72,1.97,nan,nan,nan,0.65,1.23,16.11,7.09,0.92,27.66,21.62
design_6715,0.85,0.74,1.91,nan,nan,nan,0.64,1.26,16.56,7.29,0.92,26.18,20.58
design_6716,0.59,0.63,1.97,nan,nan,nan,0.64,1.22,16.01,7.06,0.92,26.93,21.4
design_6717,0.51,0.75,1.93,nan,nan,nan,0.63,1.21,17.06,7.49,0.92,26.75,20.76
design_6718,0.91,0.71,2.0,nan,nan,nan,0.67,1.31,16.77,7.37,0.92,27.29,21.22
design_6719,0.57,0.6,2.04,nan,nan,nan,0.65,1.25,16.3,7.17,0.92,27.0,21.64
design_6720,0.61,0.3,3.8,nan,nan,nan,1.22,2.6,17.49,7.79,0.92,14.05,16.51
design_6721,0.59,0.3,3.54,nan,nan,nan,1.15,2.42,17.09,7.65,0.91,19.31,16.8
design_6722,0.79,0.4,3.46,nan,nan,nan,1.15,2.39,14.41,6.52,0.91,18.7,15.35
design_6723,0.66,0.26,3.46,nan,nan,nan,1.14,2.38,17.66,7.88,0.91,21.04,17.33
design_6724,0.55,0.64,3.47,nan,nan,nan,1.13,2.39,6.3,3.19,0.91,6.45,5.48
design_6725,0.65,0.7,3.68,nan,nan,nan,1.19,2.54,17.59,7.81,0.92,21.59,16.02
design_6726,0.91,0.59,3.56,nan,nan,nan,1.16,2.48,17.77,7.92,0.92,15.67,13.3
design_6727,0.68,0.34,3.44,nan,nan,nan,1.13,2.36,15.16,6.82,0.92,19.34,14.66
design_6728,0.94,0.53,1.16,nan,nan,nan,0.56,0.94,17.57,7.75,0.92,18.68,14.2
design_6729,1.1,0.46,1.3,nan,nan,nan,0.61,1.05,17.19,7.59,0.92,22.67,17.3
design_6730,0.93,0.51,1.21,nan,nan,nan,0.57,0.96,16.43,7.29,0.92,17.55,14.11
design_6731,1.38,1.23,1.1,nan,nan,nan,0.63,1.24,17.22,7.6,0.92,13.73,11.26
design_6732,0.69,0.65,1.78,nan,nan,nan,0.68,1.22,14.41,6.45,0.91,22.4,16.49
design_6733,0.68,0.56,2.77,nan,nan,nan,0.86,1.78,18.41,8.12,0.91,12.19,10.82
design_6734,1.07,0.68,1.7,nan,nan,nan,0.66,1.27,18.47,8.14,0.91,14.62,8.87
design_6735,1.14,0.75,2.33,nan,nan,nan,0.86,1.63,8.99,4.24,0.9,27.36,17.55
design_6736,0.83,0.63,0.8,nan,nan,nan,0.48,0.76,17.56,7.68,0.92,20.63,18.89
design_6737,0.83,0.89,0.93,nan,nan,nan,0.53,0.88,17.33,7.6,0.92,12.45,7.53
design_6738,0.84,0.82,1.02,nan,nan,nan,0.51,0.89,17.89,7.84,0.91,18.53,16.02
design_6739,0.98,0.99,2.71,nan,nan,nan,0.87,1.73,17.13,7.52,0.91,22.85,22.29
design_6740,0.75,0.73,0.58,nan,nan,nan,0.52,0.7,17.08,7.48,0.92,18.9,16.7
design_6741,1.1,1.17,2.49,nan,nan,nan,0.84,1.69,16.6,7.29,0.91,23.26,22.49
design_6742,1.05,0.87,1.76,nan,nan,nan,0.68,1.27,17.46,7.65,0.92,8.04,9.18
design_6743,1.14,0.96,2.45,nan,nan,nan,0.79,1.63,17.09,7.49,0.92,21.26,21.93
design_6744,0.43,0.5,0.82,nan,nan,nan,0.47,0.61,21.32,9.23,0.92,28.12,15.8
design_6745,0.4,0.36,0.45,nan,nan,nan,0.42,0.41,20.0,8.71,0.92,20.23,9.12
design_6746,0.41,0.5,0.59,nan,nan,nan,0.47,0.51,19.04,8.3,0.92,39.08,37.42
design_6747,0.46,0.6,0.48,nan,nan,nan,0.46,0.51,19.0,8.28,0.92,43.96,44.86
design_6748,0.42,0.44,0.71,nan,nan,nan,0.45,0.54,20.54,8.92,0.92,44.06,33.07
design_6749,0.4,0.33,0.71,nan,nan,nan,0.44,0.51,20.37,8.85,0.92,56.67,37.44
design_6750,0.42,0.57,0.86,nan,nan,nan,0.48,0.65,21.13,9.16,0.92,24.62,10.33
design_6751,0.39,0.43,1.01,nan,nan,nan,0.48,0.68,21.62,9.36,0.92,26.6,24.71
design_6752,0.61,1.2,1.14,nan,nan,nan,0.54,1.0,17.36,7.59,0.92,20.97,18.03
design_6753,0.87,1.24,0.95,nan,nan,nan,0.57,1.03,17.58,7.69,0.92,13.31,16.13
design_6754,0.61,1.33,0.85,nan,nan,nan,0.55,0.96,17.32,7.57,0.92,21.37,17.2
design_6755,0.81,1.22,1.37,nan,nan,nan,0.62,1.14,18.57,8.12,0.91,14.87,13.58
design_6756,0.62,1.2,0.97,nan,nan,nan,0.54,0.94,17.28,7.55,0.92,17.93,13.1
design_6757,0.51,1.17,0.86,nan,nan,nan,0.51,0.87,17.35,7.58,0.92,12.73,14.39
design_6758,0.73,1.25,0.94,nan,nan,nan,0.55,0.98,17.17,7.51,0.92,18.18,13.15
design_6759,0.52,1.11,0.89,nan,nan,nan,0.51,0.86,17.1,7.48,0.92,12.77,15.52
design_6760,1.11,0.66,1.35,nan,nan,nan,0.66,1.15,13.68,6.28,0.9,22.07,17.89
design_6761,1.16,0.43,1.66,nan,nan,nan,0.71,1.32,17.89,7.99,0.92,21.68,16.41
design_6762,1.01,0.95,1.66,nan,nan,nan,0.7,1.35,18.26,8.15,0.91,15.11,9.98
design_6763,1.46,0.55,1.89,nan,nan,nan,0.8,1.54,17.83,7.95,0.92,24.27,19.82
design_6764,1.07,0.62,1.77,nan,nan,nan,0.76,1.39,18.91,8.44,0.91,14.6,13.79
design_6765,1.18,0.82,1.6,nan,nan,nan,0.71,1.33,12.86,5.94,0.9,22.66,17.92
design_6766,1.19,0.82,1.53,nan,nan,nan,0.71,1.29,17.12,7.7,0.91,17.37,16.26
design_6767,1.05,0.8,1.73,nan,nan,nan,0.75,1.38,17.77,7.96,0.91,18.75,13.96
design_6768,0.54,0.48,2.54,nan,nan,nan,0.8,1.62,17.14,7.56,0.92,19.39,15.69
design_6769,0.77,0.49,1.39,nan,nan,nan,0.57,1.0,16.66,7.34,0.92,20.74,15.53
design_6770,0.82,0.33,1.62,nan,nan,nan,0.61,1.12,16.73,7.37,0.92,26.69,17.27
design_6771,0.81,0.37,1.25,nan,nan,nan,0.57,0.92,16.97,7.46,0.93,20.82,17.81
design_6772,0.79,0.5,2.0,nan,nan,nan,0.67,1.34,17.16,7.62,0.91,20.87,15.73
design_6773,0.84,0.38,1.72,nan,nan,nan,0.62,1.18,17.12,7.57,0.92,21.64,15.4
design_6774,0.86,0.41,1.62,nan,nan,nan,0.61,1.14,17.04,7.5,0.92,25.42,16.79
design_6775,0.7,0.36,1.07,nan,nan,nan,0.53,0.8,15.37,6.8,0.92,15.03,17.22
design_6776,0.67,0.8,0.55,nan,nan,nan,0.48,0.68,17.02,7.44,0.92,20.73,17.83
design_6777,0.53,0.46,0.39,nan,nan,nan,0.43,0.47,16.91,7.4,0.92,13.72,16.9
design_6778,0.7,0.81,0.57,nan,nan,nan,0.5,0.7,17.33,7.57,0.92,20.24,15.68
design_6779,0.59,0.49,0.5,nan,nan,nan,0.46,0.53,17.25,7.54,0.92,22.77,21.79
design_6780,0.7,0.77,0.53,nan,nan,nan,0.48,0.68,17.03,7.44,0.92,19.46,15.46
design_6781,0.57,0.66,0.5,nan,nan,nan,0.45,0.58,17.57,7.67,0.92,18.11,12.89
design_6782,0.62,0.91,0.46,nan,nan,nan,0.46,0.68,17.72,7.72,0.92,11.43,11.87
design_6783,0.54,0.51,0.64,nan,nan,nan,0.45,0.57,17.25,7.53,0.92,12.45,17.31
design_6784,0.67,0.24,1.38,nan,nan,nan,0.6,1.03,17.4,7.8,0.91,18.09,15.87
design_6785,0.77,0.97,1.59,nan,nan,nan,0.71,1.27,14.94,6.79,0.9,3.64,4.19
design_6786,0.79,0.23,1.67,nan,nan,nan,0.68,1.24,16.86,7.56,0.92,21.66,16.92
design_6787,0.53,0.99,1.34,nan,nan,nan,0.62,1.09,16.95,7.61,0.91,5.53,5.59
design_6788,0.62,0.45,1.5,nan,nan,nan,0.64,1.11,18.29,8.18,0.91,15.29,15.57
design_6789,0.75,0.36,4.44,nan,nan,nan,1.46,3.11,19.04,8.52,0.91,19.4,18.61
design_6790,0.57,0.77,1.07,nan,nan,nan,0.53,0.88,15.6,7.07,0.9,8.25,9.27
design_6791,0.58,0.92,1.07,nan,nan,nan,0.54,0.92,14.48,6.6,0.9,5.41,6.27
design_6792,1.22,0.62,1.68,nan,nan,nan,0.68,1.3,14.73,6.59,0.91,11.59,8.27
design_6793,0.81,0.43,1.36,nan,nan,nan,0.59,0.99,17.9,7.87,0.91,12.41,6.99
design_6794,1.37,0.75,1.71,nan,nan,nan,0.7,1.38,17.46,7.68,0.92,14.86,10.57
design_6795,0.66,0.54,1.77,nan,nan,nan,0.64,1.19,15.7,6.97,0.91,14.61,11.74
design_6796,0.77,0.59,1.61,nan,nan,nan,0.63,1.13,15.58,6.92,0.92,12.62,10.47
design_6797,1.33,0.8,1.59,nan,nan,nan,0.67,1.32,17.78,7.81,0.92,14.68,11.73
design_6798,0.61,0.52,1.34,nan,nan,nan,0.57,0.94,16.1,7.15,0.91,10.07,8.97
design_6799,0.96,0.35,1.29,nan,nan,nan,0.58,0.98,17.17,7.57,0.91,17.73,16.45
design_6800,1.14,1.52,0.98,nan,nan,nan,0.65,1.21,17.96,7.9,0.92,20.14,12.38
design_6801,1.09,1.15,1.37,nan,nan,nan,0.66,1.22,18.11,7.97,0.92,14.23,10.49
design_6802,1.05,1.28,1.27,nan,nan,nan,0.64,1.2,17.32,7.62,0.92,21.89,16.11
design_6803,1.06,1.15,1.41,nan,nan,nan,0.65,1.23,17.77,7.83,0.92,17.15,11.61
design_6804,1.05,1.21,0.95,nan,nan,nan,0.58,1.06,17.13,7.56,0.92,21.25,16.23
design_6805,0.95,1.3,1.02,nan,nan,nan,0.59,1.09,17.3,7.63,0.92,21.61,15.39
design_6806,1.02,1.49,1.06,nan,nan,nan,0.64,1.19,17.56,7.72,0.92,12.19,10.41
design_6807,1.18,1.3,0.94,nan,nan,nan,0.62,1.13,17.18,7.55,0.92,20.51,14.48
design_6808,1.18,0.65,3.42,nan,nan,nan,1.19,2.47,15.44,7.02,0.91,22.11,17.22
design_6809,0.57,0.41,1.59,nan,nan,nan,0.63,1.16,16.62,7.51,0.9,22.76,17.1
design_6810,0.96,0.48,1.26,nan,nan,nan,0.58,1.04,16.43,7.44,0.9,22.64,17.04
design_6811,1.04,0.71,1.78,nan,nan,nan,0.75,1.39,11.37,5.32,0.9,20.55,16.3
design_6812,1.08,0.76,3.16,nan,nan,nan,1.12,2.29,15.4,7.01,0.9,22.58,17.3
design_6813,1.02,0.61,2.69,nan,nan,nan,0.97,1.97,16.61,7.52,0.9,21.73,18.03
design_6814,0.8,0.44,1.79,nan,nan,nan,0.7,1.33,16.98,7.68,0.9,22.29,16.63
design_6815,0.77,0.46,1.92,nan,nan,nan,0.73,1.41,18.42,8.27,0.9,8.22,7.41
design_6816,0.59,0.53,0.67,nan,nan,nan,0.47,0.61,15.93,7.08,0.92,23.71,18.88
design_6817,0.52,0.66,0.97,nan,nan,nan,0.49,0.77,19.44,8.56,0.92,25.92,19.29
design_6818,0.56,0.53,0.6,nan,nan,nan,0.44,0.57,16.52,7.32,0.92,25.56,18.04
design_6819,0.66,0.49,0.52,nan,nan,nan,0.44,0.56,15.43,6.86,0.92,24.88,17.61
design_6820,0.61,0.45,0.65,nan,nan,nan,0.45,0.59,16.37,7.26,0.92,24.47,17.78
design_6821,0.58,0.48,0.55,nan,nan,nan,0.44,0.54,15.26,6.79,0.92,25.28,17.91
design_6822,0.58,0.54,0.68,nan,nan,nan,0.48,0.62,16.17,7.17,0.92,24.22,18.23
design_6823,0.57,0.54,0.71,nan,nan,nan,0.46,0.62,16.23,7.21,0.92,24.09,18.08
design_6824,1.06,0.29,3.11,nan,nan,nan,0.94,2.02,19.47,8.59,0.91,20.32,13.98
design_6825,0.9,0.3,1.77,nan,nan,nan,0.63,1.22,18.4,8.1,0.92,12.88,11.07
design_6826,0.59,0.31,0.87,nan,nan,nan,0.48,0.66,16.46,7.27,0.92,16.95,13.73
design_6827,1.09,0.25,0.67,nan,nan,nan,0.5,0.77,15.82,7.0,0.92,15.41,14.12
design_6828,1.0,0.35,0.97,nan,nan,nan,0.53,0.85,17.12,7.54,0.92,20.91,14.37
design_6829,0.72,0.33,1.56,nan,nan,nan,0.59,1.06,19.48,8.58,0.91,12.36,8.79
design_6830,0.85,0.27,1.48,nan,nan,nan,0.57,1.05,18.76,8.26,0.92,19.5,14.82
design_6831,0.79,0.33,1.05,nan,nan,nan,0.53,0.81,17.52,7.71,0.92,15.07,10.26
design_6832,0.9,0.36,1.25,nan,nan,nan,0.57,0.97,15.59,6.93,0.92,17.07,13.72
design_6833,0.82,0.31,1.13,nan,nan,nan,0.55,0.87,15.57,6.93,0.92,20.83,14.27
design_6834,0.88,0.4,1.27,nan,nan,nan,0.58,0.97,17.08,7.55,0.92,18.95,13.47
design_6835,0.93,0.25,1.14,nan,nan,nan,0.54,0.91,14.99,6.69,0.92,17.75,13.51
design_6836,0.96,0.39,1.19,nan,nan,nan,0.57,0.96,17.65,7.79,0.92,10.04,8.59
design_6837,0.57,0.49,1.24,nan,nan,nan,0.56,0.89,17.14,7.58,0.92,8.54,9.97
design_6838,0.8,0.43,1.13,nan,nan,nan,0.55,0.88,17.02,7.53,0.92,20.24,14.41
design_6839,0.66,0.36,1.21,nan,nan,nan,0.55,0.88,16.05,7.13,0.92,19.91,13.24
design_6840,0.64,0.53,1.14,nan,nan,nan,0.53,0.78,17.61,7.7,0.92,17.14,14.34
design_6841,0.99,0.44,1.21,nan,nan,nan,0.56,0.92,19.41,8.43,0.91,41.57,24.89
design_6842,0.6,0.59,1.96,nan,nan,nan,0.64,1.15,16.14,7.11,0.91,13.76,13.54
design_6843,0.57,0.64,2.37,nan,nan,nan,0.68,1.35,18.07,7.88,0.92,12.33,9.73
design_6844,0.63,0.5,1.0,nan,nan,nan,0.52,0.72,16.31,7.18,0.91,14.3,12.58
design_6845,0.61,0.55,1.37,nan,nan,nan,0.56,0.87,17.06,7.48,0.91,13.33,11.39
design_6846,0.61,0.48,1.25,nan,nan,nan,0.57,0.81,17.72,7.75,0.91,13.46,15.16
design_6847,0.64,0.52,1.39,nan,nan,nan,0.59,0.89,15.8,6.96,0.91,13.07,12.01
design_6848,0.97,0.61,4.94,nan,nan,nan,1.64,3.48,15.1,6.88,0.9,8.13,5.75
design_6849,1.0,0.62,3.85,nan,nan,nan,1.31,2.74,15.66,7.12,0.9,7.67,5.23
design_6850,0.66,0.5,2.97,nan,nan,nan,1.04,2.1,6.62,3.34,0.91,19.41,18.98
design_6851,0.63,0.52,2.92,nan,nan,nan,1.03,2.07,5.59,2.91,0.91,19.52,19.31
design_6852,3.41,0.64,3.69,nan,nan,nan,1.49,3.15,17.06,7.77,0.89,12.36,11.44
design_6853,0.92,0.43,2.98,nan,nan,nan,1.05,2.13,8.56,4.17,0.9,6.47,6.22
design_6854,1.18,0.52,2.9,nan,nan,nan,1.07,2.12,8.52,4.13,0.9,2.56,3.34
design_6855,3.49,0.61,3.68,nan,nan,nan,1.5,3.16,17.46,7.95,0.89,8.68,5.58
design_6856,1.3,0.56,3.98,nan,nan,nan,1.04,2.27,17.17,7.57,0.9,18.83,17.51
design_6857,1.38,0.51,3.71,nan,nan,nan,0.98,2.15,18.6,8.13,0.91,21.14,18.92
design_6858,1.52,0.81,3.37,nan,nan,nan,0.96,2.07,17.45,7.67,0.91,19.43,16.8
design_6859,1.38,1.19,3.78,nan,nan,nan,1.0,2.28,17.67,7.75,0.91,18.96,17.09
design_6860,1.11,1.06,4.59,nan,nan,nan,1.11,2.59,15.38,6.81,0.91,19.23,17.59
design_6861,1.17,0.94,3.7,nan,nan,nan,0.95,2.15,17.42,7.65,0.91,18.76,17.04
design_6862,1.39,1.26,3.62,nan,nan,nan,0.98,2.22,17.23,7.57,0.91,18.56,16.94
design_6863,1.37,0.98,3.53,nan,nan,nan,0.96,2.12,17.33,7.61,0.91,17.72,15.96
design_6864,0.9,0.47,4.59,nan,nan,nan,1.47,3.15,19.7,8.79,0.91,24.14,19.21
design_6865,1.01,0.55,2.73,nan,nan,nan,0.97,1.95,13.14,6.09,0.89,26.49,18.87
design_6866,1.0,0.51,4.74,nan,nan,nan,1.52,3.26,16.68,7.55,0.9,23.76,19.66
design_6867,0.96,0.48,1.84,nan,nan,nan,0.74,1.37,13.86,6.38,0.9,23.37,20.45
design_6868,0.95,0.5,4.07,nan,nan,nan,1.32,2.81,19.74,8.82,0.9,24.48,16.34
design_6869,0.92,0.42,2.94,nan,nan,nan,1.01,2.06,14.42,6.6,0.9,22.94,18.49
design_6870,0.92,0.53,3.52,nan,nan,nan,1.17,2.45,15.66,7.13,0.9,26.53,18.1
design_6871,0.92,0.51,3.29,nan,nan,nan,1.11,2.3,19.31,8.64,0.9,24.22,17.58
design_6872,0.54,0.81,1.79,nan,nan,nan,0.67,1.29,17.74,7.92,0.91,22.4,18.3
design_6873,0.64,0.72,3.43,nan,nan,nan,1.09,2.32,18.62,8.31,0.91,17.36,13.89
design_6874,0.53,0.87,1.76,nan,nan,nan,0.67,1.27,18.37,8.17,0.91,26.02,16.89
design_6875,0.59,0.83,4.18,nan,nan,nan,1.29,2.81,18.07,8.08,0.9,24.57,18.58
design_6876,0.54,0.85,1.92,nan,nan,nan,0.7,1.37,18.96,8.41,0.91,27.63,15.97
design_6877,1.12,0.75,3.89,nan,nan,nan,1.24,2.67,18.55,8.28,0.9,17.06,16.23
design_6878,0.52,0.88,1.76,nan,nan,nan,0.67,1.28,18.49,8.24,0.91,24.16,18.82
design_6879,0.62,0.76,1.98,nan,nan,nan,0.72,1.4,18.82,8.36,0.91,24.61,19.32
design_6880,0.62,1.2,1.87,nan,nan,nan,0.69,1.37,18.72,8.24,0.91,22.46,15.14
design_6881,0.89,1.02,0.8,nan,nan,nan,0.54,0.9,17.62,7.76,0.92,7.61,8.51
design_6882,0.69,1.09,0.78,nan,nan,nan,0.52,0.86,17.4,7.65,0.92,21.87,14.37
design_6883,0.6,1.09,0.97,nan,nan,nan,0.53,0.9,17.98,7.92,0.92,27.22,19.06
design_6884,0.6,1.13,0.97,nan,nan,nan,0.53,0.92,18.26,8.02,0.92,18.42,16.3
design_6885,0.69,0.99,0.87,nan,nan,nan,0.52,0.85,17.98,7.92,0.92,10.75,10.27
design_6886,0.58,1.01,1.2,nan,nan,nan,0.57,0.97,18.82,8.28,0.92,13.83,12.0
design_6887,0.61,1.15,1.96,nan,nan,nan,0.7,1.4,19.12,8.44,0.91,25.64,18.84
design_6888,1.06,0.66,1.16,nan,nan,nan,0.57,0.98,16.52,7.23,0.92,22.12,18.68
design_6889,0.92,0.68,0.57,nan,nan,nan,0.47,0.76,16.83,7.36,0.92,22.25,19.17
design_6890,0.98,0.76,1.1,nan,nan,nan,0.53,0.95,17.17,7.51,0.92,21.74,19.96
design_6891,0.94,0.61,0.8,nan,nan,nan,0.49,0.8,16.83,7.37,0.91,25.06,19.18
design_6892,0.88,0.7,1.1,nan,nan,nan,0.59,0.89,14.97,6.59,0.92,23.52,17.78
design_6893,0.93,0.74,1.07,nan,nan,nan,0.52,0.91,16.63,7.29,0.91,19.08,21.59
design_6894,0.85,0.69,0.47,nan,nan,nan,0.45,0.71,16.39,7.18,0.92,25.25,20.54
design_6895,1.11,0.74,0.92,nan,nan,nan,0.49,0.95,18.25,7.96,0.92,14.24,8.57
design_6896,0.66,0.35,1.89,nan,nan,nan,0.62,1.15,17.95,7.88,0.91,33.37,26.23
design_6897,0.58,0.39,0.91,nan,nan,nan,0.5,0.66,17.75,7.75,0.92,25.36,32.59
design_6898,0.65,0.31,1.76,nan,nan,nan,0.58,1.08,19.62,8.55,0.92,17.45,15.16
design_6899,0.81,0.49,1.41,nan,nan,nan,0.55,0.97,18.03,7.9,0.92,32.81,27.27
design_6900,0.72,0.39,1.91,nan,nan,nan,0.61,1.18,18.25,8.0,0.91,32.29,26.61
design_6901,0.62,0.61,4.76,nan,nan,nan,1.19,2.72,18.82,8.23,0.91,31.68,24.68
design_6902,0.69,0.46,5.11,nan,nan,nan,1.27,2.92,19.83,8.67,0.91,16.08,20.05
design_6903,0.86,0.79,1.53,nan,nan,nan,0.59,1.1,16.98,7.48,0.91,51.81,25.61
design_6904,0.74,0.52,5.56,nan,nan,nan,1.87,3.96,18.23,8.22,0.91,7.1,8.0
design_6905,0.92,0.59,0.85,nan,nan,nan,0.53,0.82,17.5,7.84,0.92,19.36,17.93
design_6906,0.8,0.5,0.69,nan,nan,nan,0.48,0.68,15.24,6.88,0.92,23.79,18.0
design_6907,1.24,0.49,5.88,nan,nan,nan,1.99,4.21,18.59,8.38,0.91,10.66,11.77
design_6908,1.02,0.35,0.9,nan,nan,nan,0.56,0.84,17.69,7.92,0.92,8.85,9.29
design_6909,1.1,0.52,0.79,nan,nan,nan,0.56,0.84,15.22,6.88,0.92,9.47,9.04
design_6910,0.47,0.54,1.1,nan,nan,nan,0.52,0.85,15.93,7.18,0.92,14.49,14.8
design_6911,0.93,0.53,6.5,nan,nan,nan,2.18,4.63,19.18,8.62,0.91,19.94,13.82
design_6912,1.12,0.63,1.36,nan,nan,nan,0.61,1.07,18.44,8.04,0.91,19.69,18.54
design_6913,1.19,0.73,1.2,nan,nan,nan,0.6,1.06,17.55,7.68,0.91,20.77,18.9
design_6914,1.02,0.79,1.44,nan,nan,nan,0.58,1.09,19.01,8.28,0.91,12.3,13.11
design_6915,1.2,0.67,1.08,nan,nan,nan,0.59,1.02,17.25,7.56,0.91,21.64,20.92
design_6916,1.13,0.51,1.23,nan,nan,nan,0.58,1.0,16.95,7.42,0.91,19.25,23.72
design_6917,1.07,0.81,0.96,nan,nan,nan,0.57,0.96,17.25,7.55,0.91,12.29,16.98
design_6918,1.16,0.66,1.16,nan,nan,nan,0.6,1.02,17.23,7.54,0.91,21.17,19.31
design_6919,1.17,0.54,1.09,nan,nan,nan,0.57,0.98,16.52,7.25,0.91,21.83,20.72
design_6920,1.73,0.57,1.13,nan,nan,nan,0.68,1.24,16.19,7.23,0.92,22.11,20.88
design_6921,1.09,0.67,1.47,nan,nan,nan,0.68,1.2,16.72,7.46,0.92,21.95,20.35
design_6922,0.72,0.86,1.54,nan,nan,nan,0.66,1.19,16.98,7.55,0.92,21.36,18.88
design_6923,1.05,0.51,1.4,nan,nan,nan,0.64,1.13,16.96,7.55,0.92,23.35,19.71
design_6924,0.75,0.87,1.47,nan,nan,nan,0.65,1.16,16.61,7.44,0.92,22.94,20.19
design_6925,1.66,0.31,1.45,nan,nan,nan,0.7,1.34,17.12,7.65,0.92,22.8,20.01
design_6926,1.45,0.42,1.08,nan,nan,nan,0.63,1.09,17.4,7.75,0.92,21.51,20.19
design_6927,0.79,0.67,1.36,nan,nan,nan,0.63,1.07,16.23,7.27,0.92,22.06,20.55
design_6928,0.77,0.69,3.68,nan,nan,nan,1.07,2.35,13.26,6.03,0.9,2.28,3.29
design_6929,0.6,0.68,2.29,nan,nan,nan,0.75,1.5,16.81,7.48,0.91,21.11,17.94
design_6930,0.61,0.77,4.11,nan,nan,nan,1.17,2.59,18.01,7.99,0.91,3.9,4.11
design_6931,0.86,0.77,4.73,nan,nan,nan,1.33,2.99,13.71,6.23,0.9,6.34,4.62
design_6932,0.65,0.72,2.23,nan,nan,nan,0.73,1.48,15.39,6.93,0.9,21.13,16.73
design_6933,0.69,0.72,2.02,nan,nan,nan,0.68,1.36,15.78,7.08,0.9,2.76,3.11
design_6934,0.59,0.72,3.55,nan,nan,nan,1.02,2.25,16.82,7.42,0.92,24.1,17.14
design_6935,0.57,0.77,1.77,nan,nan,nan,0.64,1.21,17.83,7.89,0.91,19.72,13.69
design_6936,0.72,0.74,2.02,nan,nan,nan,0.66,1.28,18.98,8.3,0.91,23.04,21.73
design_6937,0.98,0.78,1.68,nan,nan,nan,0.61,1.2,16.79,7.36,0.92,16.49,9.03
design_6938,0.93,0.8,2.74,nan,nan,nan,0.81,1.7,16.58,7.35,0.9,14.85,11.09
design_6939,0.84,0.78,3.51,nan,nan,nan,0.94,2.08,16.78,7.41,0.91,14.26,9.87
design_6940,1.13,0.98,3.77,nan,nan,nan,1.03,2.29,17.43,7.71,0.9,12.77,10.68
design_6941,0.93,0.84,2.53,nan,nan,nan,0.78,1.6,16.31,7.23,0.91,12.8,10.95
design_6942,0.81,0.72,3.07,nan,nan,nan,0.86,1.84,16.01,7.13,0.9,13.68,9.98
design_6943,1.02,0.69,1.74,nan,nan,nan,0.65,1.22,17.17,7.54,0.92,15.37,10.28
design_6944,1.1,0.71,2.32,nan,nan,nan,0.9,1.72,11.72,5.4,0.91,24.49,19.76
design_6945,0.92,0.54,1.69,nan,nan,nan,0.69,1.28,15.61,7.02,0.92,22.53,20.69
design_6946,0.88,0.48,1.82,nan,nan,nan,0.73,1.35,11.4,5.29,0.9,24.84,20.89
design_6947,0.98,0.7,1.6,nan,nan,nan,0.7,1.25,12.13,5.61,0.9,24.29,18.71
design_6948,0.68,0.5,1.76,nan,nan,nan,0.69,1.27,14.85,6.73,0.91,24.53,21.42
design_6949,0.96,0.59,1.77,nan,nan,nan,0.73,1.34,14.4,6.55,0.9,25.22,21.31
design_6950,0.97,0.59,1.63,nan,nan,nan,0.68,1.25,15.41,6.98,0.91,25.39,19.5
design_6951,0.69,0.58,2.34,nan,nan,nan,0.85,1.65,13.92,6.31,0.91,26.38,18.13
design_6952,1.13,0.65,2.63,nan,nan,nan,0.85,1.73,17.97,7.87,0.92,19.12,14.69
design_6953,1.0,0.6,2.37,nan,nan,nan,0.8,1.55,17.78,7.78,0.92,17.22,18.54
design_6954,1.02,0.29,2.67,nan,nan,nan,0.88,1.7,16.61,7.31,0.92,16.96,17.38
design_6955,0.84,0.52,0.63,nan,nan,nan,0.48,0.68,17.81,7.82,0.92,20.49,19.43
design_6956,1.4,0.58,2.14,nan,nan,nan,0.8,1.54,17.15,7.52,0.92,16.5,16.51
design_6957,1.36,0.76,2.06,nan,nan,nan,0.78,1.52,17.85,7.81,0.92,14.43,16.11
design_6958,1.07,0.63,2.6,nan,nan,nan,0.87,1.7,16.95,7.45,0.92,15.39,16.07
design_6959,1.04,0.6,2.75,nan,nan,nan,0.88,1.77,17.2,7.55,0.92,16.87,17.51
design_6960,0.75,0.63,2.51,nan,nan,nan,0.82,1.69,18.44,8.17,0.91,22.88,14.27
design_6961,1.01,0.63,2.19,nan,nan,nan,0.76,1.55,17.94,7.96,0.91,21.85,12.74
design_6962,0.78,0.79,1.63,nan,nan,nan,0.62,1.21,19.36,8.59,0.91,12.43,10.32
design_6963,1.05,0.57,2.29,nan,nan,nan,0.79,1.61,17.9,7.95,0.91,19.99,12.8
design_6964,0.78,0.71,2.14,nan,nan,nan,0.74,1.49,18.3,8.1,0.91,21.69,12.52
design_6965,0.92,0.69,2.23,nan,nan,nan,0.77,1.56,18.78,8.32,0.91,25.25,12.27
design_6966,0.68,0.94,2.14,nan,nan,nan,0.76,1.5,17.56,7.83,0.9,25.32,12.64
design_6967,0.92,0.66,2.93,nan,nan,nan,0.94,1.98,18.54,8.2,0.91,24.03,14.35
design_6968,1.3,0.42,0.7,nan,nan,nan,0.56,0.92,17.72,7.74,0.92,25.79,18.82
design_6969,1.25,0.47,0.99,nan,nan,nan,0.61,0.98,17.62,7.75,0.91,18.84,11.89
design_6970,1.36,0.31,1.24,nan,nan,nan,0.67,1.09,18.17,7.94,0.92,25.98,17.35
design_6971,1.07,0.33,1.4,nan,nan,nan,0.6,1.04,18.18,7.97,0.91,21.82,17.82
design_6972,1.36,0.47,1.05,nan,nan,nan,0.62,1.05,17.4,7.62,0.92,21.78,14.26
design_6973,1.06,0.39,0.89,nan,nan,nan,0.54,0.84,18.42,8.08,0.91,27.05,16.15
design_6974,1.09,0.27,1.8,nan,nan,nan,0.7,1.22,17.83,7.81,0.92,17.65,11.32
design_6975,0.78,0.42,0.94,nan,nan,nan,0.53,0.75,18.04,7.89,0.92,23.25,14.39
design_6976,1.36,0.54,1.74,nan,nan,nan,0.73,1.36,19.26,8.46,0.92,14.44,12.09
design_6977,1.35,0.86,1.07,nan,nan,nan,0.61,1.12,17.91,7.9,0.92,9.03,6.05
design_6978,1.43,0.74,1.18,nan,nan,nan,0.64,1.17,17.94,7.9,0.92,14.26,11.95
design_6979,1.36,0.78,1.4,nan,nan,nan,0.65,1.24,18.2,8.03,0.92,15.84,13.86
design_6980,1.46,0.81,2.3,nan,nan,nan,0.81,1.71,18.75,8.26,0.91,23.17,18.26
design_6981,1.42,0.76,1.87,nan,nan,nan,0.73,1.47,19.1,8.4,0.91,22.49,15.9
design_6982,1.32,0.83,1.02,nan,nan,nan,0.6,1.08,18.41,8.09,0.92,23.53,16.29
design_6983,0.85,0.6,1.38,nan,nan,nan,0.57,1.03,18.48,8.12,0.92,15.33,9.96
design_6984,0.73,0.53,1.26,nan,nan,nan,0.6,1.0,15.15,6.89,0.91,7.64,8.09
design_6985,0.72,0.43,1.69,nan,nan,nan,0.71,1.27,4.52,2.44,0.92,21.14,19.48
design_6986,0.75,0.47,1.72,nan,nan,nan,0.71,1.29,4.5,2.44,0.91,20.71,19.65
design_6987,0.73,0.5,0.63,nan,nan,nan,0.49,0.63,10.74,5.04,0.91,2.24,2.18
design_6988,0.72,0.51,1.27,nan,nan,nan,0.59,1.0,16.13,7.28,0.91,13.01,11.55
design_6989,0.81,0.38,0.7,nan,nan,nan,0.52,0.67,7.84,3.82,0.91,19.34,15.84
design_6990,0.69,0.46,1.44,nan,nan,nan,0.64,1.1,16.84,7.58,0.92,7.74,5.79
design_6991,0.71,0.46,0.69,nan,nan,nan,0.51,0.65,8.65,4.16,0.91,2.51,2.95
design_6992,1.12,0.48,5.14,nan,nan,nan,1.28,2.98,17.62,7.78,0.91,14.56,10.59
design_6993,0.84,0.53,1.55,nan,nan,nan,0.54,1.05,19.3,8.44,0.91,10.12,8.77
design_6994,0.74,0.48,0.75,nan,nan,nan,0.44,0.67,17.72,7.76,0.92,17.09,13.11
design_6995,0.86,0.69,4.88,nan,nan,nan,1.2,2.82,18.08,7.96,0.91,19.4,12.66
design_6996,1.11,0.45,5.13,nan,nan,nan,1.29,2.97,17.52,7.73,0.91,16.09,12.79
design_6997,0.95,0.45,5.0,nan,nan,nan,1.24,2.88,18.5,8.12,0.91,23.23,17.97
design_6998,1.02,0.48,4.98,nan,nan,nan,1.24,2.88,17.64,7.78,0.91,7.41,5.16
design_6999,0.94,0.62,0.83,nan,nan,nan,0.49,0.81,17.98,7.9,0.91,27.05,17.95
design_7000,0.89,0.5,0.69,nan,nan,nan,0.46,0.72,17.94,7.85,0.92,20.45,16.38
design_7001,1.02,0.34,0.86,nan,nan,nan,0.52,0.81,15.99,7.05,0.91,25.34,19.37
design_7002,0.6,0.36,0.82,nan,nan,nan,0.45,0.62,15.99,7.06,0.91,26.43,19.38
design_7003,0.55,0.3,0.81,nan,nan,nan,0.47,0.59,16.4,7.19,0.92,25.64,19.34
design_7004,1.05,0.41,0.71,nan,nan,nan,0.52,0.79,16.39,7.2,0.92,24.99,19.05
design_7005,1.07,0.37,0.82,nan,nan,nan,0.53,0.82,17.17,7.53,0.92,25.34,18.38
design_7006,1.18,0.48,0.81,nan,nan,nan,0.55,0.89,17.1,7.51,0.92,24.98,18.53
design_7007,1.02,0.29,0.93,nan,nan,nan,0.53,0.83,17.31,7.6,0.91,24.51,19.45
design_7008,0.54,0.63,0.9,nan,nan,nan,0.47,0.68,17.15,7.49,0.92,23.92,20.51
design_7009,0.56,0.39,0.71,nan,nan,nan,0.45,0.56,15.99,7.01,0.92,25.73,22.37
design_7010,0.53,0.49,1.05,nan,nan,nan,0.47,0.7,16.54,7.25,0.92,25.81,22.54
design_7011,0.57,0.44,0.95,nan,nan,nan,0.47,0.66,16.65,7.3,0.92,26.38,21.65
design_7012,1.34,0.44,0.74,nan,nan,nan,0.54,0.96,17.43,7.61,0.92,25.19,21.0
design_7013,0.54,0.49,0.94,nan,nan,nan,0.47,0.66,16.73,7.32,0.92,24.23,21.34
design_7014,0.58,0.41,1.03,nan,nan,nan,0.47,0.69,17.49,7.64,0.92,21.62,21.06
design_7015,0.55,0.4,1.11,nan,nan,nan,0.48,0.72,16.85,7.38,0.91,27.21,22.25
design_7016,0.34,0.59,2.86,nan,nan,nan,0.96,1.97,18.2,8.15,0.91,20.05,14.61
design_7017,0.42,0.46,3.42,nan,nan,nan,1.11,2.34,19.57,8.71,0.91,20.14,12.14
design_7018,0.65,0.25,2.97,nan,nan,nan,0.97,2.05,18.77,8.37,0.91,21.83,15.17
design_7019,0.68,0.36,3.73,nan,nan,nan,1.19,2.56,18.74,8.37,0.91,23.41,18.14
design_7020,0.54,0.64,2.89,nan,nan,nan,0.99,2.01,17.84,7.97,0.91,15.62,17.52
design_7021,0.65,0.54,3.3,nan,nan,nan,1.08,2.28,17.58,7.87,0.91,14.4,11.12
design_7022,0.45,0.54,3.94,nan,nan,nan,1.25,2.69,18.78,8.39,0.91,23.22,16.39
design_7023,0.48,0.49,2.5,nan,nan,nan,0.84,1.73,19.53,8.69,0.91,23.11,23.57
design_7024,2.23,0.76,1.34,nan,nan,nan,0.74,1.62,18.29,8.02,0.91,15.45,14.99
design_7025,3.69,0.87,1.26,nan,nan,nan,1.05,2.45,16.62,7.3,0.91,19.04,18.97
design_7026,3.46,1.05,1.37,nan,nan,nan,1.04,2.36,15.93,7.01,0.91,22.58,19.89
design_7027,0.78,0.45,1.95,nan,nan,nan,0.63,1.16,17.36,7.64,0.9,18.48,18.81
design_7028,3.55,1.01,1.07,nan,nan,nan,1.02,2.36,16.79,7.37,0.91,22.34,20.7
design_7029,3.58,1.39,1.75,nan,nan,nan,1.1,2.55,16.54,7.25,0.91,16.15,15.08
design_7030,4.02,1.06,1.3,nan,nan,nan,1.14,2.67,16.59,7.3,0.91,19.3,18.24
design_7031,3.65,1.32,1.3,nan,nan,nan,1.07,2.49,15.9,6.99,0.91,23.01,20.06
design_7032,0.92,0.36,1.6,nan,nan,nan,0.64,1.16,15.81,7.05,0.92,21.11,12.1
design_7033,0.83,0.55,1.51,nan,nan,nan,0.62,1.11,17.3,7.65,0.92,19.02,12.9
design_7034,0.88,0.24,1.54,nan,nan,nan,0.62,1.11,15.65,6.98,0.91,21.69,12.49
design_7035,0.88,0.18,1.32,nan,nan,nan,0.57,0.98,17.39,7.71,0.92,11.85,13.49
design_7036,0.45,0.21,1.57,nan,nan,nan,0.62,1.04,17.69,7.82,0.92,17.6,18.44
design_7037,0.84,0.37,0.96,nan,nan,nan,0.51,0.8,16.61,7.4,0.91,20.4,12.6
design_7038,0.69,0.33,1.26,nan,nan,nan,0.59,0.91,18.12,8.02,0.91,14.94,17.65
design_7039,0.98,0.28,1.56,nan,nan,nan,0.62,1.15,17.22,7.64,0.92,19.81,12.47
design_7040,1.29,0.65,3.08,nan,nan,nan,1.0,2.01,17.21,7.55,0.92,15.65,15.18
design_7041,1.53,0.49,3.33,nan,nan,nan,1.04,2.18,16.59,7.3,0.92,20.7,17.54
design_7042,1.33,0.62,3.48,nan,nan,nan,1.07,2.23,16.99,7.46,0.92,13.44,12.17
design_7043,1.24,0.65,3.2,nan,nan,nan,1.01,2.06,17.52,7.68,0.92,12.5,12.56
design_7044,1.27,0.64,3.06,nan,nan,nan,1.0,1.99,17.52,7.68,0.92,13.42,13.86
design_7045,1.24,0.62,3.04,nan,nan,nan,0.98,1.97,17.47,7.65,0.92,15.68,14.83
design_7046,1.23,0.67,3.12,nan,nan,nan,1.01,2.02,16.81,7.38,0.92,13.2,12.68
design_7047,1.26,0.83,3.56,nan,nan,nan,1.09,2.28,16.85,7.4,0.92,13.28,14.14
design_7048,0.98,0.81,0.43,nan,nan,nan,0.51,0.77,17.26,7.59,0.92,16.22,18.81
design_7049,0.77,0.91,0.4,nan,nan,nan,0.48,0.72,17.4,7.65,0.92,14.56,17.71
design_7050,0.72,0.96,0.38,nan,nan,nan,0.45,0.72,17.54,7.7,0.92,21.96,13.95
design_7051,1.03,0.84,0.54,nan,nan,nan,0.52,0.83,17.51,7.69,0.92,14.98,17.13
design_7052,0.83,1.05,0.46,nan,nan,nan,0.5,0.8,17.68,7.76,0.92,17.85,18.93
design_7053,0.89,0.87,0.37,nan,nan,nan,0.51,0.74,17.26,7.57,0.92,16.57,18.43
design_7054,0.9,1.15,2.0,nan,nan,nan,0.78,1.44,17.27,7.58,0.92,20.02,15.08
design_7055,0.77,1.05,0.35,nan,nan,nan,0.47,0.76,18.2,7.97,0.92,20.1,19.57
design_7056,0.63,0.91,1.83,nan,nan,nan,0.67,1.31,17.47,7.74,0.92,17.36,15.57
design_7057,0.67,0.71,1.63,nan,nan,nan,0.62,1.17,15.18,6.78,0.92,21.66,17.06
design_7058,0.67,0.73,1.93,nan,nan,nan,0.68,1.35,16.25,7.23,0.92,21.08,17.68
design_7059,0.67,0.66,1.51,nan,nan,nan,0.59,1.09,16.64,7.38,0.92,20.48,17.92
design_7060,0.67,0.73,1.56,nan,nan,nan,0.61,1.13,14.61,6.54,0.92,21.31,17.13
design_7061,0.71,0.79,1.82,nan,nan,nan,0.67,1.3,16.32,7.26,0.92,19.84,17.57
design_7062,0.57,0.94,1.57,nan,nan,nan,0.62,1.16,17.25,7.62,0.92,21.23,15.65
design_7063,0.68,0.71,1.63,nan,nan,nan,0.63,1.17,14.95,6.67,0.92,20.74,17.51
design_7064,0.43,0.57,1.19,nan,nan,nan,0.53,0.87,19.17,8.5,0.91,20.57,15.12
design_7065,0.39,0.7,1.78,nan,nan,nan,0.65,1.24,18.72,8.33,0.91,24.18,15.86
design_7066,0.51,0.59,1.6,nan,nan,nan,0.63,1.13,18.05,8.04,0.91,17.9,13.86
design_7067,0.37,0.64,1.68,nan,nan,nan,0.62,1.17,17.82,7.97,0.91,17.61,12.44
design_7068,0.39,0.73,1.82,nan,nan,nan,0.65,1.28,18.11,8.09,0.91,25.58,16.01
design_7069,0.47,0.59,1.35,nan,nan,nan,0.56,0.97,18.35,8.18,0.91,18.01,13.05
design_7070,0.39,0.68,1.45,nan,nan,nan,0.59,1.04,17.96,8.0,0.91,15.64,11.36
design_7071,0.38,0.53,1.83,nan,nan,nan,0.66,1.26,19.68,8.74,0.91,22.96,17.41
design_7072,0.84,0.86,0.99,nan,nan,nan,0.58,0.91,15.24,6.82,0.91,23.6,12.9
design_7073,0.45,0.64,0.82,nan,nan,nan,0.48,0.67,17.58,7.78,0.92,14.99,13.87
design_7074,0.73,0.79,0.97,nan,nan,nan,0.55,0.85,17.83,7.89,0.91,20.4,15.32
design_7075,1.03,0.63,1.59,nan,nan,nan,0.68,1.22,15.01,6.71,0.91,21.41,11.23
design_7076,0.43,0.72,1.21,nan,nan,nan,0.54,0.89,17.9,7.9,0.92,21.91,14.5
design_7077,0.77,0.65,0.87,nan,nan,nan,0.53,0.78,18.16,8.02,0.92,21.28,17.97
design_7078,0.51,0.63,1.06,nan,nan,nan,0.55,0.81,16.7,7.39,0.92,16.45,14.33
design_7079,0.52,0.76,0.61,nan,nan,nan,0.48,0.63,16.33,7.25,0.92,20.49,12.25
design_7080,1.31,0.62,1.37,nan,nan,nan,0.67,1.17,15.31,6.82,0.91,53.68,27.27
design_7081,0.71,0.39,0.9,nan,nan,nan,0.5,0.71,18.01,7.89,0.92,17.49,16.74
design_7082,0.75,0.57,0.75,nan,nan,nan,0.49,0.7,17.13,7.52,0.92,8.02,5.93
design_7083,0.76,0.99,2.19,nan,nan,nan,0.76,1.47,17.28,7.59,0.92,7.93,4.52
design_7084,0.72,0.47,0.75,nan,nan,nan,0.47,0.66,17.2,7.54,0.92,10.69,8.93
design_7085,0.77,0.57,1.06,nan,nan,nan,0.52,0.84,18.53,8.09,0.92,24.32,19.48
design_7086,0.75,0.45,1.0,nan,nan,nan,0.51,0.78,17.74,7.77,0.92,16.07,14.48
design_7087,0.72,0.67,1.0,nan,nan,nan,0.54,0.82,16.29,7.19,0.92,8.28,4.49
design_7088,0.46,0.66,2.3,nan,nan,nan,0.79,1.57,18.63,8.3,0.91,10.47,8.73
design_7089,0.46,0.39,1.62,nan,nan,nan,0.64,1.11,18.14,8.09,0.91,22.52,15.21
design_7090,0.48,0.5,2.03,nan,nan,nan,0.72,1.39,17.39,7.78,0.91,10.36,10.39
design_7091,0.39,0.48,1.81,nan,nan,nan,0.66,1.24,18.24,8.14,0.91,12.17,9.71
design_7092,0.43,0.55,1.78,nan,nan,nan,0.66,1.23,18.02,8.03,0.91,12.59,11.79
design_7093,0.41,0.42,1.75,nan,nan,nan,0.66,1.2,18.73,8.32,0.91,19.63,16.16
design_7094,0.41,0.56,2.57,nan,nan,nan,0.85,1.74,17.91,8.0,0.9,10.19,8.38
design_7095,0.43,0.68,2.15,nan,nan,nan,0.75,1.48,19.05,8.46,0.91,6.14,8.14
design_7096,0.73,0.53,5.64,nan,nan,nan,1.62,3.64,15.88,7.16,0.9,18.35,16.94
design_7097,0.78,0.39,4.91,nan,nan,nan,1.42,3.17,19.25,8.55,0.91,27.58,17.34
design_7098,0.74,0.48,5.18,nan,nan,nan,1.49,3.35,17.25,7.69,0.91,23.05,19.76
design_7099,0.78,0.46,4.48,nan,nan,nan,1.31,2.91,18.22,8.08,0.91,23.86,14.97
design_7100,0.65,0.51,5.37,nan,nan,nan,1.54,3.46,17.55,7.81,0.91,24.52,18.66
design_7101,0.72,0.43,4.95,nan,nan,nan,1.43,3.2,19.34,8.58,0.91,10.17,8.68
design_7102,0.6,0.51,5.6,nan,nan,nan,1.6,3.61,16.74,7.5,0.9,16.09,12.95
design_7103,0.96,0.47,5.32,nan,nan,nan,1.54,3.45,17.63,7.83,0.91,19.84,17.69
design_7104,0.81,0.55,1.24,nan,nan,nan,0.58,0.93,18.61,8.13,0.92,19.45,18.49
design_7105,0.93,0.37,1.27,nan,nan,nan,0.63,0.95,16.62,7.29,0.92,18.77,18.08
design_7106,0.84,0.21,0.98,nan,nan,nan,0.55,0.77,17.41,7.62,0.92,22.15,24.34
design_7107,0.88,0.33,1.03,nan,nan,nan,0.55,0.82,16.69,7.33,0.92,19.39,18.28
design_7108,0.91,0.33,1.06,nan,nan,nan,0.57,0.84,16.57,7.27,0.93,21.42,24.61
design_7109,1.01,0.3,2.16,nan,nan,nan,0.77,1.42,16.56,7.29,0.92,19.44,17.69
design_7110,1.05,0.38,1.63,nan,nan,nan,0.68,1.16,17.28,7.56,0.93,20.74,21.07
design_7111,0.9,0.33,1.13,nan,nan,nan,0.59,0.87,17.42,7.62,0.92,19.19,18.76
design_7112,0.68,0.96,2.96,nan,nan,nan,0.76,1.71,18.41,8.05,0.91,14.66,16.06
design_7113,0.91,1.01,2.29,nan,nan,nan,0.71,1.45,16.97,7.45,0.91,23.15,19.09
design_7114,0.99,1.06,1.15,nan,nan,nan,0.58,1.06,17.15,7.52,0.91,23.31,21.36
design_7115,1.0,1.25,1.6,nan,nan,nan,0.61,1.28,16.57,7.28,0.91,23.75,18.88
design_7116,0.84,1.03,1.37,nan,nan,nan,0.58,1.07,16.69,7.33,0.91,14.67,18.64
design_7117,0.89,1.01,1.35,nan,nan,nan,0.55,1.07,18.24,7.96,0.91,20.9,20.08
design_7118,1.04,1.26,1.39,nan,nan,nan,0.63,1.22,16.71,7.34,0.91,23.31,20.25
design_7119,0.75,0.97,1.11,nan,nan,nan,0.54,0.94,16.57,7.26,0.92,23.11,21.91
design_7120,0.45,0.78,0.89,nan,nan,nan,0.43,0.72,17.51,7.68,0.91,24.61,15.33
design_7121,0.54,1.0,0.84,nan,nan,nan,0.48,0.8,17.13,7.49,0.92,21.6,15.98
design_7122,0.52,1.23,0.94,nan,nan,nan,0.51,0.93,17.0,7.45,0.92,20.44,14.75
design_7123,0.53,1.23,0.44,nan,nan,nan,0.47,0.8,17.62,7.71,0.92,20.98,14.81
design_7124,0.5,1.27,0.86,nan,nan,nan,0.52,0.91,17.61,7.69,0.92,19.95,14.75
design_7125,0.56,1.15,0.79,nan,nan,nan,0.55,0.85,17.34,7.58,0.92,16.88,18.96
design_7126,0.59,1.32,0.98,nan,nan,nan,0.55,0.99,16.89,7.4,0.92,19.25,15.03
design_7127,0.49,1.33,1.42,nan,nan,nan,0.58,1.13,17.68,7.75,0.92,21.33,14.54
design_7128,2.05,1.11,0.93,nan,nan,nan,0.73,1.36,14.25,6.5,0.91,5.96,5.38
design_7129,2.05,1.11,0.74,nan,nan,nan,0.72,1.3,6.1,3.1,0.91,2.32,2.2
design_7130,0.76,0.38,0.88,nan,nan,nan,0.53,0.76,8.62,4.15,0.9,7.2,4.77
design_7131,0.69,0.76,1.07,nan,nan,nan,0.54,0.91,15.94,7.2,0.91,19.36,16.84
design_7132,0.77,0.69,1.23,nan,nan,nan,0.58,1.02,16.58,7.45,0.92,14.49,11.99
design_7133,0.78,0.52,0.79,nan,nan,nan,0.49,0.73,5.75,2.97,0.91,2.24,2.04
design_7134,0.64,0.75,0.73,nan,nan,nan,0.47,0.71,13.85,6.35,0.91,4.4,4.94
design_7135,0.86,0.72,1.13,nan,nan,nan,0.57,0.98,16.37,7.36,0.91,16.76,16.53
design_7136,0.45,0.8,0.55,nan,nan,nan,0.49,0.61,17.5,7.71,0.92,21.29,14.01
design_7137,0.99,0.82,1.09,nan,nan,nan,0.59,0.99,17.57,7.73,0.92,26.36,15.6
design_7138,1.05,0.86,1.21,nan,nan,nan,0.64,1.07,17.49,7.7,0.92,13.93,12.82
design_7139,0.78,1.0,2.37,nan,nan,nan,0.8,1.62,18.26,8.06,0.91,23.38,18.53
design_7140,0.32,0.8,1.29,nan,nan,nan,0.56,0.92,17.59,7.77,0.92,24.41,16.9
design_7141,0.97,0.85,1.94,nan,nan,nan,0.74,1.4,17.67,7.77,0.92,14.27,7.97
design_7142,0.87,0.97,0.77,nan,nan,nan,0.52,0.86,18.21,8.02,0.91,30.52,18.29
design_7143,1.12,0.85,1.24,nan,nan,nan,0.63,1.1,16.79,7.42,0.92,4.93,2.46
design_7144,0.98,0.5,1.22,nan,nan,nan,0.57,0.93,16.77,7.34,0.91,17.98,18.31
design_7145,0.96,0.48,1.12,nan,nan,nan,0.54,0.89,16.76,7.33,0.91,25.23,23.73
design_7146,1.2,0.39,1.04,nan,nan,nan,0.56,0.96,16.18,7.08,0.92,25.78,22.49
design_7147,0.94,0.45,1.1,nan,nan,nan,0.54,0.86,16.97,7.43,0.91,21.52,20.75
design_7148,1.09,0.51,1.03,nan,nan,nan,0.57,0.92,16.48,7.22,0.91,22.96,21.24
design_7149,1.02,0.51,1.11,nan,nan,nan,0.54,0.91,16.4,7.18,0.92,24.24,22.62
design_7150,1.08,0.44,0.96,nan,nan,nan,0.55,0.88,16.24,7.12,0.92,24.82,22.78
design_7151,1.0,0.54,1.2,nan,nan,nan,0.55,0.94,16.43,7.2,0.92,24.91,23.2
design_7152,2.98,1.11,1.53,nan,nan,nan,0.99,1.97,9.15,4.41,0.9,4.84,4.64
design_7153,0.91,0.62,3.54,nan,nan,nan,1.22,2.52,5.72,3.01,0.9,2.12,2.68
design_7154,2.59,0.7,4.93,nan,nan,nan,1.75,3.7,9.77,4.68,0.9,8.13,5.77
design_7155,3.24,1.08,4.97,nan,nan,nan,1.82,3.88,13.5,6.27,0.89,9.04,5.47
design_7156,3.31,0.98,3.85,nan,nan,nan,1.54,3.23,11.48,5.46,0.89,6.52,5.54
design_7157,1.23,0.73,4.6,nan,nan,nan,1.54,3.27,14.88,6.82,0.9,9.66,4.89
design_7158,3.78,0.84,1.11,nan,nan,nan,1.07,2.18,17.38,7.85,0.9,6.21,4.38
design_7159,0.83,0.56,1.04,nan,nan,nan,0.56,0.89,4.2,2.35,0.91,1.92,1.32
design_7160,0.47,0.49,1.0,nan,nan,nan,0.49,0.71,17.14,7.55,0.92,13.7,12.4
design_7161,0.52,0.56,1.05,nan,nan,nan,0.49,0.76,17.74,7.79,0.92,11.79,13.5
design_7162,0.52,0.68,1.15,nan,nan,nan,0.5,0.83,18.57,8.15,0.92,16.46,13.15
design_7163,0.47,0.71,1.47,nan,nan,nan,0.57,0.99,17.58,7.74,0.92,9.44,10.06
design_7164,0.75,0.81,2.96,nan,nan,nan,0.85,1.86,18.51,8.15,0.91,12.47,7.75
design_7165,0.8,0.93,3.04,nan,nan,nan,0.87,1.93,18.69,8.21,0.91,11.25,10.83
design_7166,0.47,0.64,1.22,nan,nan,nan,0.51,0.85,18.13,7.96,0.92,20.29,17.02
design_7167,0.85,0.74,2.44,nan,nan,nan,0.75,1.58,18.53,8.17,0.91,19.83,18.18
design_7168,0.84,0.65,1.91,nan,nan,nan,0.71,1.32,18.26,8.03,0.92,15.23,16.03
design_7169,0.91,0.8,1.85,nan,nan,nan,0.71,1.33,17.69,7.8,0.92,15.54,12.65
design_7170,0.85,0.72,1.72,nan,nan,nan,0.68,1.23,18.17,8.0,0.92,17.79,15.14
design_7171,0.76,0.73,1.71,nan,nan,nan,0.67,1.21,18.42,8.11,0.92,21.65,15.44
design_7172,0.93,0.74,2.15,nan,nan,nan,0.76,1.49,18.53,8.16,0.92,17.61,10.83
design_7173,0.93,0.7,1.85,nan,nan,nan,0.7,1.32,17.58,7.77,0.92,16.43,13.24
design_7174,0.75,0.84,1.76,nan,nan,nan,0.68,1.26,17.75,7.82,0.92,16.32,12.51
design_7175,1.0,0.81,1.98,nan,nan,nan,0.72,1.42,17.58,7.76,0.92,12.56,11.03
design_7176,0.99,1.35,2.57,nan,nan,nan,0.87,1.79,17.18,7.55,0.92,24.5,15.56
design_7177,0.83,1.21,2.69,nan,nan,nan,0.87,1.79,17.56,7.7,0.92,18.75,19.65
design_7178,1.02,1.25,2.91,nan,nan,nan,0.91,1.95,17.52,7.7,0.92,13.79,13.71
design_7179,1.02,1.32,2.62,nan,nan,nan,0.88,1.81,17.4,7.64,0.92,20.02,17.35
design_7180,1.1,1.34,2.24,nan,nan,nan,0.79,1.65,17.45,7.68,0.92,19.33,17.16
design_7181,0.84,1.32,2.4,nan,nan,nan,0.81,1.67,17.53,7.7,0.92,24.26,19.91
design_7182,0.92,1.45,2.61,nan,nan,nan,0.88,1.82,17.3,7.6,0.92,22.8,17.25
design_7183,1.03,1.4,2.58,nan,nan,nan,0.89,1.81,17.33,7.62,0.92,21.62,18.63
design_7184,0.68,0.73,1.21,nan,nan,nan,0.58,0.96,16.94,7.56,0.92,28.05,12.2
design_7185,0.66,0.74,1.78,nan,nan,nan,0.69,1.28,16.06,7.2,0.91,26.13,11.82
design_7186,0.6,0.65,1.53,nan,nan,nan,0.61,1.11,18.34,8.14,0.91,17.02,14.01
design_7187,0.63,0.62,1.35,nan,nan,nan,0.59,1.01,17.88,7.95,0.92,14.78,7.21
design_7188,0.62,0.52,1.58,nan,nan,nan,0.64,1.13,17.02,7.56,0.92,19.82,13.63
design_7189,0.51,0.7,1.27,nan,nan,nan,0.55,0.95,17.68,7.86,0.91,28.36,18.78
design_7190,0.71,0.69,1.4,nan,nan,nan,0.6,1.06,17.63,7.85,0.91,21.36,10.78
design_7191,0.61,0.69,1.57,nan,nan,nan,0.63,1.14,17.89,7.95,0.91,27.48,12.45
design_7192,0.57,0.43,2.42,nan,nan,nan,0.85,1.68,17.29,7.72,0.91,12.37,10.71
design_7193,0.89,0.44,1.87,nan,nan,nan,0.74,1.37,15.52,7.01,0.91,3.71,4.65
design_7194,0.9,0.51,2.08,nan,nan,nan,0.79,1.51,14.3,6.5,0.91,7.31,6.13
design_7195,0.77,0.49,1.92,nan,nan,nan,0.74,1.38,14.43,6.55,0.91,9.73,5.29
design_7196,0.98,0.42,3.1,nan,nan,nan,1.05,2.18,18.45,8.26,0.9,24.33,23.06
design_7197,0.84,0.49,1.94,nan,nan,nan,0.75,1.41,16.89,7.58,0.91,10.1,5.94
design_7198,0.87,0.51,2.62,nan,nan,nan,0.92,1.85,17.05,7.64,0.91,15.18,9.85
design_7199,0.85,0.43,1.62,nan,nan,nan,0.68,1.21,16.49,7.41,0.91,12.47,6.66
design_7200,0.66,0.96,1.64,nan,nan,nan,0.67,1.24,18.51,8.26,0.91,5.36,3.75
design_7201,0.49,1.17,1.21,nan,nan,nan,0.59,1.03,18.76,8.34,0.91,19.29,9.19
design_7202,0.59,1.19,1.43,nan,nan,nan,0.64,1.17,18.67,8.31,0.91,29.11,18.52
design_7203,0.59,1.09,1.28,nan,nan,nan,0.61,1.06,17.93,8.01,0.91,8.08,7.25
design_7204,0.59,1.12,1.22,nan,nan,nan,0.61,1.04,19.07,8.49,0.91,6.27,3.39
design_7205,0.54,1.12,1.02,nan,nan,nan,0.56,0.93,18.57,8.28,0.91,3.79,3.75
design_7206,0.58,1.14,1.24,nan,nan,nan,0.59,1.06,18.78,8.38,0.9,9.26,9.43
design_7207,0.59,1.13,1.35,nan,nan,nan,0.64,1.11,17.06,7.63,0.91,10.9,6.75
design_7208,0.75,0.54,2.28,nan,nan,nan,0.79,1.5,15.06,6.79,0.89,19.96,16.55
design_7209,0.63,0.57,1.61,nan,nan,nan,0.62,1.1,14.99,6.75,0.9,22.89,18.8
design_7210,0.59,0.54,2.71,nan,nan,nan,0.84,1.73,11.82,5.47,0.89,22.94,19.19
design_7211,0.65,0.51,2.9,nan,nan,nan,0.89,1.85,14.66,6.62,0.9,21.21,19.66
design_7212,0.7,0.51,3.03,nan,nan,nan,0.93,1.93,13.76,6.25,0.89,21.68,19.33
design_7213,0.72,0.75,2.53,nan,nan,nan,0.83,1.67,18.09,8.05,0.9,21.51,15.3
design_7214,1.15,0.63,2.54,nan,nan,nan,0.87,1.73,13.36,6.1,0.89,21.64,18.04
design_7215,0.58,0.68,3.02,nan,nan,nan,0.92,1.93,16.69,7.46,0.9,15.35,13.47
design_7216,0.38,0.99,1.83,nan,nan,nan,0.69,1.33,17.82,7.91,0.92,15.22,14.93
design_7217,0.31,1.1,1.51,nan,nan,nan,0.61,1.15,18.34,8.12,0.92,29.31,18.06
design_7218,0.55,0.89,5.36,nan,nan,nan,1.63,3.58,16.56,7.42,0.91,8.31,7.02
design_7219,0.43,1.1,1.98,nan,nan,nan,0.71,1.44,18.4,8.16,0.92,26.51,17.33
design_7220,0.44,1.0,1.44,nan,nan,nan,0.6,1.1,18.02,7.99,0.92,18.05,11.88
design_7221,0.49,1.06,2.76,nan,nan,nan,0.92,1.92,19.0,8.43,0.91,26.79,18.18
design_7222,0.4,1.04,2.33,nan,nan,nan,0.8,1.64,18.47,8.21,0.91,28.1,17.97
design_7223,0.35,1.04,1.89,nan,nan,nan,0.69,1.37,18.02,7.98,0.92,27.54,18.26
design_7224,1.22,0.72,3.07,nan,nan,nan,0.84,1.84,15.31,6.76,0.91,26.92,18.06
design_7225,1.07,0.83,3.01,nan,nan,nan,0.82,1.79,15.91,7.01,0.91,27.36,18.5
design_7226,0.88,0.71,3.21,nan,nan,nan,0.82,1.82,14.83,6.57,0.91,27.11,18.54
design_7227,1.0,0.7,3.23,nan,nan,nan,0.85,1.86,16.07,7.07,0.91,27.34,19.08
design_7228,0.97,0.63,3.17,nan,nan,nan,0.82,1.82,17.13,7.5,0.91,21.59,18.2
design_7229,1.15,0.7,2.92,nan,nan,nan,0.81,1.74,16.5,7.25,0.91,28.15,18.89
design_7230,1.09,0.63,1.16,nan,nan,nan,0.61,0.98,17.2,7.53,0.91,25.89,20.66
design_7231,1.16,0.75,1.7,nan,nan,nan,0.67,1.23,16.28,7.17,0.91,26.49,19.73
design_7232,1.11,0.62,1.7,nan,nan,nan,0.7,1.3,16.53,7.37,0.91,17.34,11.49
design_7233,1.16,0.77,1.66,nan,nan,nan,0.69,1.31,17.26,7.67,0.91,17.26,9.24
design_7234,0.94,0.25,1.03,nan,nan,nan,0.56,0.86,16.76,7.44,0.92,18.46,20.88
design_7235,0.98,0.58,1.8,nan,nan,nan,0.7,1.31,17.61,7.81,0.92,16.92,12.41
design_7236,0.93,0.57,1.58,nan,nan,nan,0.64,1.17,17.91,7.94,0.91,19.5,11.77
design_7237,0.99,0.61,1.1,nan,nan,nan,0.57,0.96,18.35,8.11,0.92,21.19,12.19
design_7238,1.06,0.66,1.1,nan,nan,nan,0.59,0.99,17.2,7.62,0.92,16.39,13.8
design_7239,1.01,0.72,1.36,nan,nan,nan,0.62,1.1,18.01,7.98,0.91,16.96,12.04
design_7240,0.86,0.52,1.42,nan,nan,nan,0.55,0.97,17.65,7.73,0.91,14.95,12.61
design_7241,0.73,0.43,1.34,nan,nan,nan,0.51,0.88,17.67,7.73,0.92,15.58,12.16
design_7242,0.75,0.55,0.66,nan,nan,nan,0.48,0.66,17.99,7.84,0.92,23.56,18.29
design_7243,0.89,0.54,1.35,nan,nan,nan,0.53,0.95,17.78,7.78,0.91,18.09,13.78
design_7244,0.85,0.49,0.95,nan,nan,nan,0.53,0.78,19.1,8.32,0.91,15.41,17.67
design_7245,0.89,0.55,0.72,nan,nan,nan,0.49,0.74,18.38,8.01,0.92,11.7,12.3
design_7246,0.81,0.56,0.77,nan,nan,nan,0.47,0.73,18.12,7.9,0.92,13.82,11.98
design_7247,0.81,0.54,0.86,nan,nan,nan,0.49,0.75,18.24,7.96,0.91,16.46,15.15
design_7248,0.52,0.35,5.6,nan,nan,nan,1.69,3.71,17.69,7.84,0.92,20.32,12.89
design_7249,0.49,0.27,2.03,nan,nan,nan,0.71,1.37,17.26,7.73,0.91,15.87,12.94
design_7250,0.53,0.32,2.74,nan,nan,nan,0.9,1.84,19.42,8.62,0.91,10.59,11.51
design_7251,0.51,0.3,3.33,nan,nan,nan,1.05,2.22,18.03,8.03,0.91,18.87,14.32
design_7252,0.52,0.29,4.8,nan,nan,nan,1.46,3.18,17.62,7.83,0.92,18.35,12.98
design_7253,0.6,0.34,5.38,nan,nan,nan,1.62,3.57,16.86,7.5,0.92,24.47,17.43
design_7254,0.54,0.24,3.69,nan,nan,nan,1.16,2.46,18.7,8.3,0.91,22.83,17.56
design_7255,0.56,0.26,4.78,nan,nan,nan,1.46,3.17,16.84,7.5,0.92,16.51,12.51
design_7256,1.21,0.85,0.84,nan,nan,nan,0.61,0.96,14.49,6.6,0.91,6.22,3.79
design_7257,0.87,0.91,1.42,nan,nan,nan,0.68,1.17,16.23,7.34,0.91,24.93,19.06
design_7258,0.74,0.62,0.66,nan,nan,nan,0.5,0.67,12.0,5.55,0.9,2.93,1.51
design_7259,0.61,0.81,4.27,nan,nan,nan,1.43,3.0,16.74,7.54,0.91,19.45,16.49
design_7260,0.92,0.74,1.04,nan,nan,nan,0.6,0.94,13.96,6.39,0.91,8.22,5.28
design_7261,0.57,0.62,5.28,nan,nan,nan,1.72,3.68,16.56,7.44,0.91,14.96,10.47
design_7262,0.74,0.71,4.97,nan,nan,nan,1.64,3.48,16.34,7.34,0.91,19.71,18.23
design_7263,0.59,0.55,5.08,nan,nan,nan,1.66,3.54,17.2,7.71,0.91,9.53,9.79
design_7264,0.46,0.3,0.6,nan,nan,nan,0.43,0.47,17.4,7.63,0.92,15.88,15.62
design_7265,1.08,0.57,0.78,nan,nan,nan,0.52,0.85,17.68,7.75,0.92,16.9,10.84
design_7266,0.35,0.31,0.69,nan,nan,nan,0.43,0.49,17.92,7.84,0.92,25.67,14.59
design_7267,0.78,0.46,3.06,nan,nan,nan,0.93,1.88,17.35,7.61,0.92,14.98,16.82
design_7268,1.52,0.57,3.03,nan,nan,nan,1.0,2.03,16.9,7.44,0.92,17.24,13.33
design_7269,1.08,0.3,0.74,nan,nan,nan,0.52,0.79,17.65,7.74,0.92,16.31,9.74
design_7270,1.27,0.75,2.19,nan,nan,nan,0.82,1.55,17.5,7.68,0.92,24.34,22.29
design_7271,0.43,0.32,0.5,nan,nan,nan,0.39,0.43,17.47,7.66,0.92,7.9,5.37
design_7272,0.83,0.68,6.14,nan,nan,nan,2.0,4.29,16.06,7.29,0.9,11.01,7.89
design_7273,1.28,0.57,5.79,nan,nan,nan,1.9,4.07,16.1,7.27,0.91,9.27,6.6
design_7274,0.63,0.58,6.61,nan,nan,nan,2.13,4.6,16.46,7.42,0.91,19.41,14.13
design_7275,0.92,0.58,5.61,nan,nan,nan,1.84,3.92,13.38,6.12,0.91,8.39,6.07
design_7276,1.13,0.46,5.85,nan,nan,nan,1.91,4.11,16.16,7.3,0.91,11.22,7.32
design_7277,1.39,0.35,5.9,nan,nan,nan,1.94,4.16,17.65,7.9,0.91,21.21,19.57
design_7278,0.65,0.58,5.33,nan,nan,nan,1.74,3.72,12.36,5.72,0.9,19.75,17.18
design_7279,1.21,0.36,5.89,nan,nan,nan,1.93,4.14,16.74,7.54,0.91,9.71,7.67
design_7280,0.47,0.36,4.71,nan,nan,nan,1.48,3.2,18.01,7.98,0.92,20.87,15.53
design_7281,0.3,0.31,4.83,nan,nan,nan,1.51,3.28,18.17,8.05,0.92,10.69,8.06
design_7282,0.36,0.74,3.45,nan,nan,nan,1.12,2.37,19.81,8.83,0.91,20.04,16.52
design_7283,0.33,0.58,1.66,nan,nan,nan,0.63,1.17,17.18,7.72,0.9,20.34,17.61
design_7284,0.28,0.46,1.18,nan,nan,nan,0.51,0.84,17.33,7.74,0.91,21.37,15.69
design_7285,0.58,0.29,1.78,nan,nan,nan,0.7,1.25,4.64,2.48,0.91,3.7,4.22
design_7286,0.34,0.53,1.84,nan,nan,nan,0.68,1.29,18.83,8.42,0.91,17.45,16.56
design_7287,0.42,0.69,2.24,nan,nan,nan,0.79,1.57,18.93,8.48,0.9,21.03,15.61
design_7288,0.54,0.41,1.94,nan,nan,nan,0.68,1.3,17.41,7.71,0.92,20.17,12.98
design_7289,0.79,0.55,2.09,nan,nan,nan,0.72,1.44,17.7,7.83,0.92,9.6,7.84
design_7290,0.52,0.52,1.99,nan,nan,nan,0.68,1.34,18.29,8.08,0.92,6.68,4.83
design_7291,0.73,0.44,1.96,nan,nan,nan,0.69,1.34,17.9,7.95,0.92,14.27,11.5
design_7292,0.69,0.52,2.06,nan,nan,nan,0.72,1.4,17.1,7.59,0.92,22.94,17.14
design_7293,0.6,0.5,1.32,nan,nan,nan,0.55,0.95,17.91,7.94,0.92,21.31,10.82
design_7294,0.66,0.53,2.07,nan,nan,nan,0.71,1.4,17.7,7.83,0.92,9.3,9.05
design_7295,0.62,0.5,1.92,nan,nan,nan,0.67,1.3,19.11,8.43,0.92,20.67,12.83
design_7296,1.29,0.4,2.95,nan,nan,nan,0.97,1.92,17.04,7.5,0.92,17.15,17.68
design_7297,1.05,0.7,1.01,nan,nan,nan,0.58,0.94,18.26,8.01,0.92,10.59,11.55
design_7298,1.1,1.04,2.41,nan,nan,nan,0.87,1.67,17.13,7.53,0.92,21.53,19.57
design_7299,1.13,0.58,1.03,nan,nan,nan,0.56,0.96,18.24,8.03,0.92,19.62,20.56
design_7300,1.08,0.91,2.53,nan,nan,nan,0.84,1.7,18.34,8.04,0.92,9.34,6.75
design_7301,0.67,0.65,0.64,nan,nan,nan,0.48,0.66,17.83,7.83,0.92,4.67,4.12
design_7302,0.97,0.7,0.95,nan,nan,nan,0.56,0.89,18.12,7.96,0.92,26.19,19.79
design_7303,0.91,0.6,0.9,nan,nan,nan,0.54,0.83,18.1,7.93,0.92,13.52,12.92
design_7304,0.77,1.09,1.32,nan,nan,nan,0.62,1.12,14.93,6.71,0.91,11.17,4.28
design_7305,0.53,1.14,0.45,nan,nan,nan,0.48,0.72,18.05,7.98,0.92,13.69,6.05
design_7306,1.16,1.12,3.69,nan,nan,nan,1.2,2.58,8.89,4.26,0.9,10.7,4.93
design_7307,0.7,0.93,0.99,nan,nan,nan,0.55,0.9,18.01,8.01,0.91,20.06,8.87
design_7308,0.62,0.96,0.66,nan,nan,nan,0.47,0.74,16.84,7.5,0.91,5.61,2.21
design_7309,0.81,1.11,1.18,nan,nan,nan,0.6,1.06,18.8,8.31,0.92,27.95,17.76
design_7310,0.68,1.02,0.81,nan,nan,nan,0.52,0.84,17.68,7.85,0.91,20.79,9.32
design_7311,0.68,1.0,0.63,nan,nan,nan,0.5,0.75,17.18,7.63,0.92,12.53,5.59
design_7312,0.8,0.7,0.79,nan,nan,nan,0.51,0.77,17.83,7.92,0.92,12.79,12.15
design_7313,1.13,0.46,0.53,nan,nan,nan,0.53,0.75,17.26,7.67,0.92,14.01,14.1
design_7314,1.05,0.83,0.5,nan,nan,nan,0.52,0.79,17.93,7.95,0.92,27.29,18.13
design_7315,0.93,0.62,0.61,nan,nan,nan,0.49,0.72,18.45,8.16,0.92,18.17,14.39
design_7316,1.18,0.29,0.53,nan,nan,nan,0.52,0.75,17.38,7.7,0.92,13.17,12.42
design_7317,0.75,0.76,0.51,nan,nan,nan,0.45,0.66,17.81,7.89,0.92,15.58,6.78
design_7318,1.17,0.39,0.67,nan,nan,nan,0.55,0.81,18.06,8.0,0.92,13.65,13.27
design_7319,1.12,0.37,0.57,nan,nan,nan,0.48,0.75,18.53,8.18,0.92,13.35,7.14
design_7320,1.38,0.78,1.29,nan,nan,nan,0.69,1.22,17.38,7.8,0.91,4.55,1.95
design_7321,1.3,0.43,1.09,nan,nan,nan,0.61,1.05,17.48,7.84,0.91,6.34,4.22
design_7322,1.1,0.38,1.11,nan,nan,nan,0.61,0.99,15.3,6.92,0.92,23.9,20.14
design_7323,1.33,0.75,1.46,nan,nan,nan,0.75,1.29,14.06,6.41,0.91,26.21,18.88
design_7324,1.03,0.49,0.8,nan,nan,nan,0.53,0.82,16.44,7.4,0.91,12.08,9.36
design_7325,0.97,0.6,1.32,nan,nan,nan,0.66,1.1,16.54,7.43,0.92,9.83,6.67
design_7326,1.64,1.2,1.23,nan,nan,nan,0.73,1.35,14.54,6.6,0.91,25.13,18.15
design_7327,0.81,0.46,1.34,nan,nan,nan,0.66,1.06,14.44,6.54,0.92,22.97,18.38
design_7328,0.6,0.61,1.45,nan,nan,nan,0.6,1.08,15.5,7.02,0.9,23.36,16.87
design_7329,0.82,0.46,1.62,nan,nan,nan,0.66,1.21,16.4,7.38,0.91,25.05,16.13
design_7330,0.96,0.4,1.75,nan,nan,nan,0.7,1.31,17.49,7.84,0.91,22.06,17.33
design_7331,0.73,0.47,1.55,nan,nan,nan,0.62,1.15,16.09,7.23,0.91,21.23,15.99
design_7332,0.77,0.49,3.41,nan,nan,nan,1.13,2.36,17.37,7.79,0.91,5.96,3.9
design_7333,0.82,0.47,1.76,nan,nan,nan,0.68,1.29,15.58,7.07,0.9,20.68,14.7
design_7334,0.45,0.62,1.5,nan,nan,nan,0.6,1.09,14.82,6.73,0.9,23.74,17.24
design_7335,0.59,0.6,1.87,nan,nan,nan,0.72,1.34,14.84,6.76,0.9,20.96,14.31
design_7336,0.54,0.71,2.0,nan,nan,nan,0.74,1.4,19.1,8.48,0.91,17.62,17.85
design_7337,0.96,0.65,1.62,nan,nan,nan,0.68,1.24,17.74,7.9,0.91,19.34,17.84
design_7338,1.15,0.59,1.99,nan,nan,nan,0.75,1.49,19.75,8.76,0.91,9.88,10.42
design_7339,1.02,0.46,2.41,nan,nan,nan,0.89,1.7,19.53,8.68,0.91,15.2,15.27
design_7340,0.91,0.71,2.4,nan,nan,nan,0.85,1.7,19.51,8.7,0.91,15.42,16.07
design_7341,0.61,0.62,2.05,nan,nan,nan,0.76,1.43,17.53,7.81,0.91,20.31,19.49
design_7342,0.62,0.54,3.88,nan,nan,nan,1.23,2.6,18.75,8.32,0.91,12.3,12.53
design_7343,0.47,0.64,3.37,nan,nan,nan,1.07,2.26,17.87,7.97,0.91,21.62,19.21
design_7344,0.84,0.42,1.7,nan,nan,nan,0.6,1.11,18.57,8.1,0.92,12.29,13.91
design_7345,0.69,0.33,1.8,nan,nan,nan,0.61,1.11,17.32,7.6,0.91,14.02,15.0
design_7346,0.7,0.57,0.62,nan,nan,nan,0.46,0.64,17.7,7.72,0.92,10.95,9.72
design_7347,0.82,0.5,0.48,nan,nan,nan,0.45,0.63,17.38,7.59,0.92,13.6,11.68
design_7348,0.71,0.56,0.51,nan,nan,nan,0.44,0.6,16.71,7.32,0.92,21.39,19.4
design_7349,0.69,0.32,1.78,nan,nan,nan,0.6,1.1,18.21,7.99,0.91,9.74,9.36
design_7350,0.84,0.62,0.39,nan,nan,nan,0.45,0.65,15.95,7.0,0.92,21.54,19.89
design_7351,0.71,0.55,0.79,nan,nan,nan,0.5,0.69,17.4,7.61,0.92,17.04,14.24
design_7352,0.81,0.45,1.31,nan,nan,nan,0.53,0.96,17.86,7.87,0.92,11.82,12.01
design_7353,0.65,0.35,1.29,nan,nan,nan,0.54,0.9,17.46,7.7,0.92,10.35,7.97
design_7354,0.8,0.38,1.23,nan,nan,nan,0.55,0.91,17.32,7.65,0.92,16.39,13.95
design_7355,0.81,0.39,1.61,nan,nan,nan,0.6,1.12,16.64,7.37,0.92,11.16,8.97
design_7356,0.64,0.31,1.13,nan,nan,nan,0.51,0.8,17.58,7.75,0.92,20.02,19.6
design_7357,0.75,0.44,1.53,nan,nan,nan,0.57,1.06,18.01,7.93,0.92,13.86,13.68
design_7358,0.79,0.44,1.31,nan,nan,nan,0.54,0.95,17.87,7.89,0.92,10.1,8.79
design_7359,0.89,0.31,1.45,nan,nan,nan,0.58,1.04,17.46,7.72,0.92,9.54,7.31
design_7360,0.63,2.22,3.77,nan,nan,nan,1.08,2.49,17.0,7.48,0.92,24.37,19.15
design_7361,0.88,1.17,0.98,nan,nan,nan,0.54,1.01,17.55,7.67,0.92,20.74,16.81
design_7362,0.65,1.68,4.6,nan,nan,nan,1.2,2.78,16.96,7.44,0.92,20.04,19.63
design_7363,0.87,1.27,0.93,nan,nan,nan,0.57,1.03,16.43,7.22,0.92,24.03,19.12
design_7364,1.11,1.61,1.01,nan,nan,nan,0.66,1.26,16.12,7.09,0.92,25.03,19.03
design_7365,0.54,1.3,1.03,nan,nan,nan,0.53,0.99,17.8,7.77,0.92,20.82,18.41
design_7366,1.21,1.81,1.04,nan,nan,nan,0.67,1.38,16.33,7.17,0.92,25.95,19.42
design_7367,0.71,1.37,0.92,nan,nan,nan,0.55,1.02,17.76,7.75,0.92,21.5,21.5
design_7368,0.96,0.86,1.0,nan,nan,nan,0.56,0.94,16.33,7.2,0.91,15.3,13.9
design_7369,0.89,0.85,0.97,nan,nan,nan,0.54,0.9,16.74,7.34,0.92,19.52,15.38
design_7370,1.01,0.91,1.0,nan,nan,nan,0.55,0.98,18.41,8.04,0.92,17.84,17.62
design_7371,0.88,0.79,1.05,nan,nan,nan,0.52,0.91,17.03,7.46,0.92,18.5,15.45
design_7372,1.13,1.08,1.49,nan,nan,nan,0.64,1.24,17.55,7.67,0.92,15.07,15.6
design_7373,0.99,1.09,0.85,nan,nan,nan,0.57,0.98,15.62,6.91,0.91,21.97,16.81
design_7374,0.9,1.14,1.04,nan,nan,nan,0.58,1.02,17.52,7.66,0.92,15.68,15.89
design_7375,1.13,0.78,1.15,nan,nan,nan,0.56,1.04,17.77,7.79,0.92,15.98,14.52
design_7376,1.16,0.46,1.46,nan,nan,nan,0.59,1.13,17.93,7.89,0.92,14.25,15.74
design_7377,1.17,0.36,0.86,nan,nan,nan,0.53,0.88,17.35,7.63,0.92,16.6,15.24
design_7378,0.69,0.55,0.55,nan,nan,nan,0.45,0.6,18.35,8.07,0.92,30.44,15.92
design_7379,0.86,0.5,0.58,nan,nan,nan,0.47,0.67,17.81,7.84,0.92,28.28,18.74
design_7380,0.96,0.56,0.81,nan,nan,nan,0.49,0.8,17.95,7.9,0.92,24.84,17.29
design_7381,0.93,0.46,0.86,nan,nan,nan,0.47,0.79,17.68,7.77,0.92,19.03,15.97
design_7382,1.24,0.6,3.31,nan,nan,nan,0.99,2.12,17.9,7.85,0.92,12.04,15.96
design_7383,1.07,0.33,0.76,nan,nan,nan,0.48,0.8,17.87,7.87,0.92,20.51,17.84
design_7384,1.04,1.32,1.66,nan,nan,nan,0.87,1.44,6.15,3.15,0.91,21.71,19.47
design_7385,1.05,0.5,1.18,nan,nan,nan,0.65,1.03,14.95,6.8,0.91,21.36,18.69
design_7386,0.73,0.48,1.13,nan,nan,nan,0.59,0.91,13.32,6.12,0.91,20.16,19.41
design_7387,0.65,0.42,1.29,nan,nan,nan,0.63,0.99,12.13,5.64,0.9,22.68,19.52
design_7388,0.91,0.46,1.35,nan,nan,nan,0.67,1.09,12.24,5.69,0.9,21.88,20.0
design_7389,1.05,0.78,1.57,nan,nan,nan,0.75,1.29,16.69,7.54,0.91,21.42,19.43
design_7390,0.76,0.47,1.26,nan,nan,nan,0.63,1.0,11.77,5.47,0.91,19.96,19.44
design_7391,0.74,1.08,1.76,nan,nan,nan,0.78,1.4,8.56,4.15,0.9,21.35,19.5
design_7392,0.84,0.32,1.7,nan,nan,nan,0.64,1.2,18.27,8.09,0.92,21.31,17.91
design_7393,0.51,0.41,1.61,nan,nan,nan,0.61,1.09,18.6,8.21,0.92,10.3,11.12
design_7394,0.64,0.38,2.05,nan,nan,nan,0.7,1.37,17.0,7.55,0.92,22.62,17.5
design_7395,0.49,0.58,2.01,nan,nan,nan,0.68,1.35,18.02,7.97,0.92,20.26,14.04
design_7396,0.85,0.36,1.56,nan,nan,nan,0.61,1.12,18.13,8.05,0.91,20.97,17.5
design_7397,0.7,0.62,2.24,nan,nan,nan,0.76,1.52,15.82,7.03,0.92,21.17,17.69
design_7398,0.57,0.41,2.21,nan,nan,nan,0.74,1.47,16.16,7.18,0.92,21.97,16.37
design_7399,0.8,0.39,2.31,nan,nan,nan,0.77,1.56,18.55,8.21,0.91,21.6,15.84
design_7400,0.74,0.55,3.19,nan,nan,nan,1.02,2.16,17.82,7.94,0.91,21.61,15.89
design_7401,0.87,0.53,3.22,nan,nan,nan,1.04,2.19,18.7,8.3,0.92,19.44,16.09
design_7402,0.77,0.46,2.68,nan,nan,nan,0.88,1.83,18.53,8.24,0.91,23.95,14.92
design_7403,0.73,0.59,2.79,nan,nan,nan,0.94,1.91,17.89,8.0,0.91,23.69,12.25
design_7404,0.84,0.49,3.27,nan,nan,nan,1.04,2.22,18.35,8.15,0.91,11.69,7.85
design_7405,0.89,0.48,3.15,nan,nan,nan,1.02,2.15,18.3,8.12,0.92,23.33,16.39
design_7406,0.72,0.56,3.06,nan,nan,nan,0.99,2.08,18.69,8.3,0.92,22.51,17.49
design_7407,0.69,0.57,3.12,nan,nan,nan,1.0,2.11,18.84,8.37,0.91,16.82,14.09
design_7408,0.46,0.64,0.95,nan,nan,nan,0.51,0.77,5.81,2.96,0.91,2.0,2.3
design_7409,0.53,0.76,0.91,nan,nan,nan,0.56,0.79,5.53,2.84,0.91,2.37,2.91
design_7410,0.42,0.56,1.72,nan,nan,nan,0.72,1.26,17.09,7.68,0.92,14.43,13.52
design_7411,0.45,0.66,0.77,nan,nan,nan,0.52,0.67,5.66,2.9,0.91,1.75,2.2
design_7412,0.5,0.64,1.76,nan,nan,nan,0.72,1.31,17.64,7.9,0.92,17.55,15.54
design_7413,0.38,0.55,1.6,nan,nan,nan,0.66,1.18,16.09,7.27,0.91,17.59,14.22
design_7414,0.45,0.74,1.53,nan,nan,nan,0.66,1.16,16.45,7.41,0.92,15.3,14.7
design_7415,0.55,0.97,0.82,nan,nan,nan,0.53,0.8,15.07,6.82,0.91,9.76,8.37
design_7416,0.67,0.62,1.87,nan,nan,nan,0.59,1.13,17.91,7.83,0.91,11.92,12.34
design_7417,0.66,0.68,1.16,nan,nan,nan,0.51,0.83,17.08,7.46,0.92,14.36,16.09
design_7418,0.54,0.59,1.5,nan,nan,nan,0.51,0.92,17.57,7.68,0.91,13.22,12.76
design_7419,0.6,0.78,2.04,nan,nan,nan,0.62,1.23,17.49,7.66,0.91,23.17,19.52
design_7420,0.62,0.6,1.62,nan,nan,nan,0.55,1.0,17.63,7.72,0.91,11.95,10.43
design_7421,0.53,0.49,1.99,nan,nan,nan,0.58,1.13,17.79,7.78,0.91,19.46,14.5
design_7422,0.52,0.67,2.31,nan,nan,nan,0.67,1.32,18.23,7.95,0.91,16.57,9.94
design_7423,0.74,0.53,2.03,nan,nan,nan,0.6,1.2,18.07,7.91,0.91,14.02,13.79
design_7424,0.72,0.99,0.48,nan,nan,nan,0.46,0.69,17.47,7.84,0.92,13.56,8.87
design_7425,0.83,0.92,0.51,nan,nan,nan,0.49,0.71,17.3,7.76,0.92,8.56,8.88
design_7426,0.8,0.87,0.56,nan,nan,nan,0.49,0.71,17.41,7.82,0.92,20.58,18.08
design_7427,0.75,0.24,1.31,nan,nan,nan,0.62,1.01,13.11,6.01,0.91,13.57,13.58
design_7428,0.62,0.72,0.58,nan,nan,nan,0.48,0.63,14.04,6.42,0.91,14.09,13.4
design_7429,0.61,1.07,0.56,nan,nan,nan,0.51,0.72,15.04,6.83,0.91,20.3,16.14
design_7430,0.92,0.85,0.51,nan,nan,nan,0.54,0.72,17.34,7.77,0.92,21.03,18.37
design_7431,0.77,0.29,1.45,nan,nan,nan,0.7,1.11,14.48,6.58,0.91,14.07,11.98
design_7432,0.57,0.97,1.22,nan,nan,nan,0.6,1.01,18.03,8.02,0.92,24.81,20.1
design_7433,0.51,0.77,0.89,nan,nan,nan,0.54,0.76,15.0,6.72,0.92,23.45,20.02
design_7434,0.64,0.88,1.11,nan,nan,nan,0.6,0.94,17.87,7.94,0.92,7.26,7.25
design_7435,0.57,0.91,5.42,nan,nan,nan,1.72,3.71,18.29,8.23,0.9,27.9,17.75
design_7436,0.49,0.81,1.16,nan,nan,nan,0.57,0.92,16.44,7.34,0.92,23.66,20.06
design_7437,0.52,0.81,5.24,nan,nan,nan,1.66,3.58,18.72,8.4,0.91,25.95,18.97
design_7438,0.55,1.09,3.33,nan,nan,nan,1.13,2.34,14.85,6.83,0.89,24.39,17.93
design_7439,0.48,0.84,1.1,nan,nan,nan,0.57,0.89,17.74,7.89,0.92,27.27,17.69
design_7440,0.94,0.64,0.6,nan,nan,nan,0.52,0.75,17.56,7.72,0.92,31.15,20.38
design_7441,0.75,0.7,0.72,nan,nan,nan,0.49,0.72,17.8,7.82,0.92,31.92,21.89
design_7442,0.89,0.7,0.74,nan,nan,nan,0.54,0.79,16.9,7.45,0.92,30.93,21.93
design_7443,0.84,0.44,0.94,nan,nan,nan,0.6,0.78,17.99,7.89,0.92,15.84,14.59
design_7444,0.93,0.66,0.64,nan,nan,nan,0.51,0.76,17.93,7.87,0.92,27.79,24.98
design_7445,0.88,0.53,1.2,nan,nan,nan,0.61,0.93,16.51,7.28,0.92,29.08,19.24
design_7446,0.86,0.69,0.82,nan,nan,nan,0.52,0.8,16.81,7.4,0.92,30.98,21.81
design_7447,0.7,0.58,0.72,nan,nan,nan,0.48,0.68,17.49,7.69,0.92,27.04,17.66
design_7448,0.51,0.59,1.17,nan,nan,nan,0.52,0.86,14.77,6.63,0.91,22.14,16.69
design_7449,0.48,0.42,1.24,nan,nan,nan,0.53,0.87,15.49,6.91,0.91,22.38,14.86
design_7450,0.44,0.31,3.31,nan,nan,nan,1.0,2.14,15.96,7.16,0.9,14.29,10.18
design_7451,0.78,0.6,3.06,nan,nan,nan,0.96,2.03,17.67,7.85,0.91,7.14,5.56
design_7452,0.8,0.29,2.98,nan,nan,nan,0.94,1.96,17.58,7.81,0.91,21.68,23.63
design_7453,0.47,0.54,3.22,nan,nan,nan,0.98,2.1,17.04,7.58,0.91,9.02,8.22
design_7454,0.88,0.6,1.21,nan,nan,nan,0.55,0.97,15.26,6.81,0.92,22.46,15.66
design_7455,0.45,0.47,1.16,nan,nan,nan,0.53,0.82,14.75,6.62,0.91,22.63,13.79
design_7456,0.97,0.63,1.56,nan,nan,nan,0.6,1.11,18.86,8.26,0.91,23.38,18.5
design_7457,0.98,0.41,0.73,nan,nan,nan,0.52,0.76,17.81,7.81,0.92,19.08,13.24
design_7458,0.74,0.69,0.76,nan,nan,nan,0.51,0.73,17.16,7.5,0.92,17.92,11.84
design_7459,0.77,0.6,0.72,nan,nan,nan,0.51,0.71,17.42,7.62,0.92,19.52,13.61
design_7460,0.84,0.52,0.99,nan,nan,nan,0.5,0.81,17.59,7.69,0.92,13.13,17.61
design_7461,0.72,0.87,1.02,nan,nan,nan,0.51,0.87,18.03,7.87,0.92,20.35,14.51
design_7462,0.87,0.52,0.68,nan,nan,nan,0.52,0.71,16.98,7.44,0.92,19.64,15.65
design_7463,0.92,0.54,0.91,nan,nan,nan,0.53,0.81,18.47,8.08,0.92,22.98,19.08
design_7464,1.13,0.67,2.48,nan,nan,nan,0.72,1.53,18.47,8.08,0.91,10.79,12.49
design_7465,1.16,0.74,2.01,nan,nan,nan,0.66,1.35,16.89,7.44,0.91,18.67,20.38
design_7466,1.25,0.61,1.39,nan,nan,nan,0.6,1.13,16.25,7.17,0.91,17.13,15.87
design_7467,0.83,0.65,1.72,nan,nan,nan,0.6,1.11,17.24,7.56,0.91,19.71,21.63
design_7468,1.12,0.46,2.22,nan,nan,nan,0.69,1.39,18.04,7.9,0.91,24.04,19.04
design_7469,1.13,0.6,2.73,nan,nan,nan,0.8,1.64,17.48,7.7,0.91,21.63,22.3
design_7470,0.91,0.66,1.84,nan,nan,nan,0.62,1.19,17.16,7.53,0.91,19.99,22.12
design_7471,1.17,0.61,1.82,nan,nan,nan,0.65,1.26,17.34,7.6,0.91,19.51,20.43
design_7472,0.59,0.36,0.97,nan,nan,nan,0.48,0.72,17.63,7.78,0.92,24.12,17.16
design_7473,0.78,0.38,0.71,nan,nan,nan,0.45,0.66,18.01,7.95,0.91,23.13,16.38
design_7474,0.6,0.64,0.79,nan,nan,nan,0.48,0.69,18.26,8.04,0.92,15.66,16.23
design_7475,0.57,2.6,0.92,nan,nan,nan,0.75,1.54,18.52,8.15,0.91,12.87,12.24
design_7476,0.55,0.83,0.89,nan,nan,nan,0.48,0.78,17.7,7.8,0.91,20.61,15.46
design_7477,0.52,2.59,0.74,nan,nan,nan,0.73,1.49,17.52,7.74,0.91,23.18,15.41
design_7478,0.64,0.77,1.12,nan,nan,nan,0.52,0.88,18.1,7.97,0.92,16.01,16.59
design_7479,0.8,0.5,0.84,nan,nan,nan,0.49,0.74,17.89,7.9,0.91,12.74,13.62
design_7480,0.58,0.8,3.35,nan,nan,nan,0.98,2.06,17.18,7.54,0.92,14.2,15.79
design_7481,0.66,0.71,3.42,nan,nan,nan,1.0,2.1,17.23,7.55,0.92,12.01,13.69
design_7482,0.45,0.63,0.67,nan,nan,nan,0.44,0.59,17.77,7.78,0.92,21.38,13.26
design_7483,0.49,0.78,0.93,nan,nan,nan,0.49,0.75,17.24,7.56,0.92,23.9,15.15
design_7484,0.41,0.49,1.07,nan,nan,nan,0.53,0.73,17.05,7.48,0.92,15.57,17.57
design_7485,0.71,0.93,3.21,nan,nan,nan,0.97,2.01,16.82,7.38,0.93,27.74,21.72
design_7486,0.48,0.71,0.78,nan,nan,nan,0.49,0.67,17.24,7.56,0.92,27.48,17.37
design_7487,0.49,0.85,2.37,nan,nan,nan,0.74,1.5,18.99,8.3,0.92,25.99,15.27
design_7488,0.73,0.4,5.3,nan,nan,nan,1.61,3.52,15.96,7.23,0.9,25.44,19.69
design_7489,0.66,0.39,5.41,nan,nan,nan,1.63,3.59,16.52,7.46,0.9,24.81,20.45
design_7490,0.54,0.34,4.24,nan,nan,nan,1.3,2.81,16.89,7.61,0.9,23.27,20.4
design_7491,0.5,0.49,4.96,nan,nan,nan,1.5,3.29,14.97,6.81,0.9,26.6,20.04
design_7492,0.69,0.41,2.0,nan,nan,nan,0.72,1.39,16.15,7.25,0.91,24.9,19.61
design_7493,0.64,0.46,5.86,nan,nan,nan,1.76,3.89,18.44,8.26,0.9,25.86,19.48
design_7494,0.71,0.34,4.88,nan,nan,nan,1.5,3.25,18.6,8.32,0.9,12.15,9.86
design_7495,0.7,0.71,7.07,nan,nan,nan,2.11,4.69,9.36,4.48,0.9,25.55,19.9
design_7496,0.68,0.47,0.71,nan,nan,nan,0.48,0.65,14.78,6.71,0.91,14.78,11.45
design_7497,0.52,0.48,0.63,nan,nan,nan,0.46,0.57,11.25,5.22,0.91,20.13,17.0
design_7498,0.46,0.63,0.61,nan,nan,nan,0.42,0.58,15.66,7.07,0.92,22.52,20.02
design_7499,0.51,0.59,0.67,nan,nan,nan,0.45,0.61,14.79,6.7,0.91,22.47,18.96
design_7500,0.52,0.32,0.75,nan,nan,nan,0.47,0.61,6.13,3.09,0.91,3.34,2.62
design_7501,0.58,0.45,0.76,nan,nan,nan,0.49,0.66,7.15,3.52,0.91,2.79,3.3
design_7502,1.54,0.76,0.57,nan,nan,nan,0.61,0.97,6.01,3.02,0.91,3.62,2.04
design_7503,0.65,0.65,0.61,nan,nan,nan,0.48,0.63,5.63,2.89,0.91,7.4,7.7
design_7504,0.98,0.61,2.31,nan,nan,nan,0.83,1.61,17.63,7.8,0.92,17.97,16.83
design_7505,0.63,0.69,1.31,nan,nan,nan,0.56,0.98,17.95,7.95,0.92,22.08,17.12
design_7506,0.9,0.53,1.64,nan,nan,nan,0.68,1.2,17.74,7.87,0.92,17.35,15.59
design_7507,0.76,0.51,2.2,nan,nan,nan,0.76,1.5,17.26,7.67,0.92,18.21,16.34
design_7508,0.93,0.36,0.87,nan,nan,nan,0.49,0.79,17.97,7.97,0.92,19.51,12.62
design_7509,0.89,0.63,1.21,nan,nan,nan,0.57,0.98,18.03,7.99,0.92,17.18,13.79
design_7510,0.87,0.51,1.82,nan,nan,nan,0.67,1.29,17.98,7.97,0.92,22.17,16.72
design_7511,0.93,0.51,1.57,nan,nan,nan,0.66,1.17,17.48,7.75,0.92,19.04,15.94
design_7512,0.89,0.6,1.27,nan,nan,nan,0.61,0.96,17.37,7.6,0.92,18.74,12.02
design_7513,0.74,0.43,1.22,nan,nan,nan,0.54,0.85,17.68,7.73,0.92,12.71,11.54
design_7514,0.68,0.45,0.96,nan,nan,nan,0.51,0.72,16.51,7.26,0.92,20.83,12.9
design_7515,0.72,0.51,1.03,nan,nan,nan,0.56,0.78,17.38,7.61,0.92,16.23,16.05
design_7516,0.9,0.66,3.26,nan,nan,nan,0.91,1.95,17.21,7.61,0.91,13.3,14.46
design_7517,0.84,0.48,1.17,nan,nan,nan,0.54,0.87,18.2,7.94,0.92,18.58,20.38
design_7518,0.8,0.61,1.0,nan,nan,nan,0.57,0.82,17.57,7.69,0.92,18.01,18.25
design_7519,0.64,0.57,1.04,nan,nan,nan,0.51,0.77,16.74,7.34,0.92,15.85,12.76
design_7520,1.56,0.56,2.47,nan,nan,nan,0.8,1.65,16.62,7.28,0.92,15.01,14.66
design_7521,1.53,0.49,2.6,nan,nan,nan,0.82,1.7,16.32,7.17,0.92,16.02,14.92
design_7522,1.62,0.57,2.52,nan,nan,nan,0.81,1.7,17.01,7.45,0.92,17.56,16.2
design_7523,1.69,0.63,2.54,nan,nan,nan,0.83,1.74,17.02,7.45,0.92,18.83,16.92
design_7524,1.37,0.49,2.66,nan,nan,nan,0.82,1.67,16.73,7.33,0.92,14.68,13.92
design_7525,1.46,0.51,2.59,nan,nan,nan,0.8,1.67,17.41,7.61,0.92,11.07,13.56
design_7526,1.63,0.53,2.69,nan,nan,nan,0.86,1.77,17.47,7.63,0.92,19.84,19.99
design_7527,1.47,0.48,2.61,nan,nan,nan,0.81,1.67,16.57,7.27,0.92,15.24,14.92
design_7528,0.5,0.34,0.46,nan,nan,nan,0.41,0.45,17.28,7.58,0.92,15.23,10.17
design_7529,1.15,0.49,1.67,nan,nan,nan,0.67,1.23,12.23,5.52,0.91,3.63,2.14
design_7530,0.76,0.41,0.51,nan,nan,nan,0.47,0.59,17.56,7.71,0.92,11.16,7.56
design_7531,1.28,0.7,1.37,nan,nan,nan,0.74,1.18,16.29,7.18,0.92,3.66,2.32
design_7532,0.7,0.34,1.49,nan,nan,nan,0.56,0.99,15.38,6.82,0.92,17.28,8.68
design_7533,1.21,0.55,1.94,nan,nan,nan,0.74,1.38,17.82,7.83,0.92,9.16,5.94
design_7534,1.28,0.6,2.73,nan,nan,nan,0.91,1.81,17.79,7.82,0.92,16.36,15.34
design_7535,1.19,0.65,1.27,nan,nan,nan,0.7,1.09,17.77,7.81,0.92,15.28,11.08
design_7536,0.81,0.34,1.21,nan,nan,nan,0.6,0.94,14.87,6.78,0.89,24.38,22.78
design_7537,0.87,0.41,2.47,nan,nan,nan,0.88,1.75,17.97,8.1,0.89,25.0,19.19
design_7538,1.2,0.87,1.42,nan,nan,nan,0.72,1.24,7.36,3.62,0.91,26.05,19.28
design_7539,0.96,0.26,1.48,nan,nan,nan,0.68,1.13,17.62,7.86,0.91,24.33,20.47
design_7540,1.35,0.71,1.5,nan,nan,nan,0.71,1.3,17.26,7.69,0.92,25.06,20.66
design_7541,1.13,0.33,1.02,nan,nan,nan,0.6,0.94,14.0,6.35,0.91,24.96,20.43
design_7542,0.47,0.43,3.33,nan,nan,nan,1.09,2.28,17.87,8.0,0.91,24.3,20.37
design_7543,0.84,0.34,0.87,nan,nan,nan,0.52,0.76,15.29,6.91,0.91,23.81,21.76
design_7544,1.1,0.47,0.86,nan,nan,nan,0.58,0.86,17.96,8.01,0.91,18.49,18.68
design_7545,1.26,0.79,0.79,nan,nan,nan,0.6,0.95,18.57,8.24,0.92,15.02,12.47
design_7546,1.09,0.82,1.04,nan,nan,nan,0.61,1.0,18.41,8.16,0.92,19.05,20.23
design_7547,1.26,0.54,1.01,nan,nan,nan,0.63,1.0,17.92,7.96,0.92,21.35,17.97
design_7548,1.06,0.6,1.0,nan,nan,nan,0.59,0.94,19.19,8.53,0.91,19.54,17.43
design_7549,1.16,0.99,0.69,nan,nan,nan,0.56,0.92,18.87,8.38,0.92,18.12,15.9
design_7550,1.24,0.68,0.95,nan,nan,nan,0.63,0.99,17.33,7.72,0.92,19.75,17.13
design_7551,1.1,0.59,0.8,nan,nan,nan,0.59,0.86,17.86,7.97,0.91,18.88,18.1
design_7552,0.8,0.39,0.74,nan,nan,nan,0.48,0.7,15.19,6.87,0.92,23.87,18.77
design_7553,0.83,0.3,0.7,nan,nan,nan,0.47,0.67,14.72,6.69,0.91,24.05,18.31
design_7554,0.82,0.29,0.83,nan,nan,nan,0.51,0.74,16.07,7.24,0.92,9.77,8.46
design_7555,1.2,1.13,0.81,nan,nan,nan,0.62,1.0,17.17,7.69,0.92,24.33,18.93
design_7556,0.75,0.44,0.91,nan,nan,nan,0.52,0.78,15.62,7.05,0.92,9.88,8.6
design_7557,0.96,0.59,0.89,nan,nan,nan,0.54,0.85,14.12,6.43,0.91,23.71,18.4
design_7558,0.81,0.29,0.84,nan,nan,nan,0.52,0.74,14.23,6.48,0.91,22.97,19.12
design_7559,1.13,1.1,0.96,nan,nan,nan,0.62,1.04,14.19,6.45,0.92,23.49,18.39
design_7560,1.06,0.51,1.81,nan,nan,nan,0.7,1.33,16.51,7.39,0.91,9.52,4.5
design_7561,1.16,0.59,1.5,nan,nan,nan,0.64,1.2,18.41,8.18,0.91,7.48,5.11
design_7562,0.77,0.21,1.87,nan,nan,nan,0.7,1.28,18.47,8.17,0.92,17.74,15.12
design_7563,1.24,0.5,2.62,nan,nan,nan,0.89,1.83,17.19,7.71,0.9,10.0,4.53
design_7564,1.16,0.39,2.35,nan,nan,nan,0.84,1.65,16.15,7.24,0.91,11.6,7.9
design_7565,1.01,0.33,2.31,nan,nan,nan,0.8,1.59,18.91,8.36,0.91,10.55,4.75
design_7566,1.19,0.43,1.6,nan,nan,nan,0.67,1.25,18.03,8.03,0.91,18.88,15.92
design_7567,0.98,0.45,2.46,nan,nan,nan,0.83,1.68,16.62,7.45,0.91,9.34,4.35
design_7568,0.94,0.47,2.53,nan,nan,nan,0.85,1.72,17.7,7.88,0.91,22.24,18.31
design_7569,0.82,0.59,1.97,nan,nan,nan,0.7,1.38,18.97,8.38,0.91,13.56,7.29
design_7570,1.07,0.44,3.55,nan,nan,nan,1.09,2.36,17.37,7.72,0.91,20.96,18.91
design_7571,1.32,0.69,1.6,nan,nan,nan,0.68,1.32,18.56,8.25,0.91,18.09,8.84
design_7572,0.96,0.49,3.59,nan,nan,nan,1.1,2.37,17.11,7.62,0.91,21.27,19.73
design_7573,1.18,0.61,3.35,nan,nan,nan,1.05,2.27,17.26,7.66,0.91,21.58,18.87
design_7574,1.11,0.44,3.71,nan,nan,nan,1.14,2.47,15.82,7.07,0.91,11.5,6.27
design_7575,0.95,0.53,3.31,nan,nan,nan,1.03,2.2,18.07,8.0,0.91,22.24,18.55
design_7576,1.07,0.75,1.28,nan,nan,nan,0.61,1.05,17.19,7.51,0.91,22.19,21.71
design_7577,0.93,0.57,1.28,nan,nan,nan,0.59,0.95,16.35,7.16,0.92,8.05,8.76
design_7578,0.99,0.75,1.3,nan,nan,nan,0.59,1.02,16.89,7.39,0.91,22.71,22.38
design_7579,1.0,0.67,1.24,nan,nan,nan,0.59,0.99,16.44,7.22,0.91,24.72,21.16
design_7580,1.0,0.75,1.31,nan,nan,nan,0.59,1.02,15.55,6.83,0.92,22.53,22.71
design_7581,0.94,0.53,1.23,nan,nan,nan,0.61,0.93,17.92,7.82,0.91,7.81,7.49
design_7582,0.97,0.73,1.26,nan,nan,nan,0.58,0.99,17.69,7.72,0.91,23.46,20.99
design_7583,1.01,0.91,1.37,nan,nan,nan,0.6,1.09,16.93,7.41,0.91,23.96,21.92
design_7584,2.0,0.75,0.57,nan,nan,nan,0.72,1.21,3.98,2.2,0.92,2.82,1.97
design_7585,1.8,0.65,0.85,nan,nan,nan,0.69,1.17,18.37,8.19,0.91,11.37,10.1
design_7586,1.95,0.72,0.6,nan,nan,nan,0.7,1.19,4.27,2.32,0.92,1.91,1.68
design_7587,0.91,0.27,1.88,nan,nan,nan,0.77,1.37,3.86,2.17,0.91,2.08,1.4
design_7588,1.05,0.3,1.3,nan,nan,nan,0.6,1.05,17.59,7.92,0.9,10.94,7.01
design_7589,0.96,0.36,0.59,nan,nan,nan,0.54,0.68,7.49,3.69,0.9,1.95,1.35
design_7590,1.74,0.73,1.46,nan,nan,nan,0.77,1.41,16.53,7.46,0.9,9.85,7.7
design_7591,1.79,0.65,1.17,nan,nan,nan,0.73,1.29,17.85,8.0,0.91,10.14,8.45
design_7592,0.58,0.27,2.21,nan,nan,nan,0.82,1.54,4.84,2.57,0.91,3.93,1.77
design_7593,0.56,0.3,1.88,nan,nan,nan,0.73,1.32,4.45,2.41,0.92,4.17,1.97
design_7594,0.58,0.59,1.58,nan,nan,nan,0.64,1.15,11.49,5.34,0.9,4.81,3.22
design_7595,0.56,0.69,1.5,nan,nan,nan,0.65,1.11,18.59,8.27,0.92,22.13,16.16
design_7596,0.64,0.53,1.79,nan,nan,nan,0.69,1.29,19.17,8.55,0.91,7.01,7.82
design_7597,0.63,0.32,2.49,nan,nan,nan,0.91,1.73,4.79,2.56,0.91,4.03,1.94
design_7598,0.54,0.52,1.48,nan,nan,nan,0.61,1.08,16.95,7.58,0.92,5.24,5.44
design_7599,0.61,0.51,2.67,nan,nan,nan,0.92,1.86,15.42,6.95,0.91,6.46,5.47
design_7600,1.13,0.55,0.75,nan,nan,nan,0.59,0.85,17.29,7.66,0.92,19.5,12.04
design_7601,2.99,0.57,2.21,nan,nan,nan,1.05,2.22,18.41,8.17,0.91,16.99,14.84
design_7602,1.44,0.77,1.13,nan,nan,nan,0.66,1.16,18.13,8.0,0.92,22.7,11.59
design_7603,1.71,0.55,2.57,nan,nan,nan,0.96,1.92,18.15,8.02,0.92,15.06,14.31
design_7604,1.6,0.75,1.3,nan,nan,nan,0.71,1.29,18.01,7.95,0.92,5.04,4.79
design_7605,1.41,0.78,1.23,nan,nan,nan,0.66,1.19,18.15,8.01,0.92,22.38,11.07
design_7606,0.84,0.57,0.59,nan,nan,nan,0.53,0.68,16.92,7.48,0.92,18.36,17.75
design_7607,1.47,0.75,1.76,nan,nan,nan,0.75,1.45,17.91,7.91,0.92,27.1,16.13
design_7608,0.75,0.34,2.64,nan,nan,nan,0.87,1.8,18.5,8.23,0.91,20.16,13.33
design_7609,0.48,0.43,1.15,nan,nan,nan,0.53,0.83,18.2,8.06,0.92,23.98,15.79
design_7610,0.76,0.31,0.59,nan,nan,nan,0.44,0.59,18.59,8.23,0.92,28.6,15.1
design_7611,0.57,0.35,0.51,nan,nan,nan,0.42,0.5,17.87,7.93,0.92,20.05,13.59
design_7612,0.51,0.36,1.26,nan,nan,nan,0.58,0.9,16.89,7.52,0.92,19.76,12.27
design_7613,1.05,0.41,0.57,nan,nan,nan,0.49,0.72,17.64,7.86,0.91,16.73,8.4
design_7614,0.67,0.34,0.9,nan,nan,nan,0.5,0.72,17.56,7.8,0.92,14.48,12.26
design_7615,0.52,0.3,0.82,nan,nan,nan,0.45,0.63,17.93,7.94,0.92,25.78,16.52
design_7616,0.45,0.59,0.87,nan,nan,nan,0.47,0.69,18.39,8.16,0.92,21.44,13.88
design_7617,0.55,0.52,2.96,nan,nan,nan,0.94,1.99,18.69,8.33,0.91,4.53,4.26
design_7618,0.47,0.47,2.37,nan,nan,nan,0.78,1.6,19.04,8.46,0.91,22.86,16.68
design_7619,0.46,0.53,0.96,nan,nan,nan,0.46,0.74,18.72,8.3,0.92,14.82,10.45
design_7620,0.62,0.63,0.81,nan,nan,nan,0.44,0.71,18.09,8.04,0.92,9.94,8.08
design_7621,0.49,0.56,0.84,nan,nan,nan,0.46,0.68,17.79,7.92,0.92,24.74,18.66
design_7622,0.53,0.45,0.89,nan,nan,nan,0.47,0.69,18.37,8.15,0.92,26.61,18.72
design_7623,0.58,0.59,0.96,nan,nan,nan,0.48,0.77,18.22,8.11,0.91,24.02,17.06
design_7624,0.72,0.36,1.86,nan,nan,nan,0.65,1.27,18.47,8.22,0.9,5.76,4.56
design_7625,3.18,0.74,5.56,nan,nan,nan,1.77,4.0,18.65,8.28,0.91,30.44,15.22
design_7626,2.98,0.58,6.3,nan,nan,nan,1.93,4.37,18.3,8.15,0.9,21.41,10.73
design_7627,0.97,0.53,1.52,nan,nan,nan,0.61,1.15,17.38,7.77,0.9,16.37,13.94
design_7628,3.35,0.95,6.32,nan,nan,nan,1.98,4.49,18.38,8.17,0.9,11.77,8.74
design_7629,2.11,0.79,6.24,nan,nan,nan,1.86,4.18,18.7,8.32,0.9,12.08,9.69
design_7630,0.85,0.59,4.18,nan,nan,nan,1.23,2.73,19.01,8.44,0.91,15.67,11.65
design_7631,2.99,0.66,6.22,nan,nan,nan,1.91,4.33,18.82,8.37,0.9,27.58,19.2
design_7632,1.05,0.48,1.37,nan,nan,nan,0.65,1.12,14.9,6.79,0.91,22.42,17.41
design_7633,0.64,0.36,1.24,nan,nan,nan,0.58,0.94,7.1,3.51,0.91,22.28,17.79
design_7634,0.6,0.57,1.58,nan,nan,nan,0.66,1.18,16.61,7.5,0.91,16.23,13.07
design_7635,1.01,0.55,1.86,nan,nan,nan,0.78,1.42,15.85,7.18,0.91,18.17,14.01
design_7636,0.63,0.5,1.59,nan,nan,nan,0.69,1.18,18.18,8.13,0.92,21.79,16.37
design_7637,0.68,0.48,1.63,nan,nan,nan,0.68,1.21,16.28,7.33,0.91,3.06,1.98
design_7638,0.93,0.49,1.65,nan,nan,nan,0.71,1.27,18.73,8.36,0.92,15.57,12.7
design_7639,1.12,0.63,1.67,nan,nan,nan,0.74,1.34,17.54,7.87,0.91,5.58,4.1
design_7640,0.77,0.91,3.9,nan,nan,nan,1.25,2.65,11.48,5.35,0.9,9.88,8.24
design_7641,0.89,0.98,1.93,nan,nan,nan,0.74,1.45,18.86,8.38,0.91,6.05,6.58
design_7642,0.61,0.85,2.72,nan,nan,nan,0.91,1.88,17.2,7.7,0.91,8.74,7.91
design_7643,0.62,0.9,1.94,nan,nan,nan,0.73,1.4,16.27,7.32,0.9,7.88,6.36
design_7644,0.77,0.91,2.36,nan,nan,nan,0.84,1.68,19.16,8.51,0.91,12.46,6.1
design_7645,0.89,0.82,2.1,nan,nan,nan,0.77,1.53,17.35,7.74,0.91,16.28,11.95
design_7646,0.8,0.94,1.85,nan,nan,nan,0.73,1.39,18.29,8.15,0.91,23.34,17.03
design_7647,0.88,1.0,2.78,nan,nan,nan,0.94,1.97,18.44,8.25,0.9,12.34,10.92
design_7648,0.97,0.33,1.93,nan,nan,nan,0.72,1.36,17.78,7.87,0.92,21.99,16.83
design_7649,1.14,1.05,1.87,nan,nan,nan,0.77,1.46,17.77,7.88,0.92,15.68,16.99
design_7650,1.13,0.42,2.05,nan,nan,nan,0.77,1.47,17.74,7.84,0.92,17.94,16.67
design_7651,0.86,0.98,2.02,nan,nan,nan,0.8,1.47,17.63,7.81,0.92,14.43,14.77
design_7652,0.47,0.52,1.89,nan,nan,nan,0.67,1.26,17.84,7.89,0.92,22.01,17.8
design_7653,0.87,0.57,1.99,nan,nan,nan,0.73,1.39,18.02,7.98,0.92,18.78,18.34
design_7654,0.67,0.57,1.84,nan,nan,nan,0.69,1.27,18.44,8.16,0.92,12.4,15.63
design_7655,0.69,0.46,2.11,nan,nan,nan,0.73,1.43,17.93,7.93,0.92,19.84,16.36
design_7656,0.92,1.43,1.13,nan,nan,nan,0.65,1.17,16.69,7.32,0.92,15.93,13.71
design_7657,0.63,1.44,1.33,nan,nan,nan,0.6,1.16,18.07,7.89,0.92,21.75,16.14
design_7658,0.92,1.67,1.25,nan,nan,nan,0.64,1.3,17.57,7.68,0.92,10.46,11.89
design_7659,0.8,1.52,2.44,nan,nan,nan,0.75,1.63,17.79,7.79,0.91,10.59,12.52
design_7660,0.89,1.62,1.44,nan,nan,nan,0.66,1.32,17.64,7.72,0.91,13.06,12.76
design_7661,0.82,1.37,0.96,nan,nan,nan,0.56,1.07,17.67,7.72,0.92,21.32,15.98
design_7662,0.83,1.37,1.23,nan,nan,nan,0.59,1.15,17.57,7.69,0.91,15.68,15.12
design_7663,1.12,1.79,1.22,nan,nan,nan,0.74,1.4,17.79,7.76,0.92,10.87,12.85
design_7664,0.43,0.87,0.57,nan,nan,nan,0.48,0.62,11.73,5.43,0.9,23.06,16.14
design_7665,0.61,1.02,0.49,nan,nan,nan,0.49,0.68,15.11,6.85,0.91,20.92,12.93
design_7666,0.44,1.14,0.53,nan,nan,nan,0.5,0.7,14.22,6.48,0.91,22.29,15.95
design_7667,0.42,0.77,0.43,nan,nan,nan,0.46,0.53,4.04,2.22,0.92,1.47,1.16
design_7668,0.51,0.79,0.56,nan,nan,nan,0.51,0.61,8.58,4.11,0.91,3.65,3.41
design_7669,0.62,0.78,0.6,nan,nan,nan,0.51,0.65,3.66,2.06,0.92,3.77,1.93
design_7670,0.64,0.82,0.49,nan,nan,nan,0.44,0.62,3.27,1.9,0.92,1.08,0.95
design_7671,0.47,1.04,0.64,nan,nan,nan,0.5,0.72,5.63,2.89,0.91,11.43,8.79
design_7672,0.49,0.55,2.08,nan,nan,nan,0.75,1.46,17.01,7.56,0.93,11.15,8.64
design_7673,0.51,0.39,2.15,nan,nan,nan,0.79,1.49,14.18,6.39,0.92,19.7,15.03
design_7674,0.78,0.6,2.11,nan,nan,nan,0.78,1.52,17.17,7.63,0.93,20.91,14.95
design_7675,0.75,0.53,2.12,nan,nan,nan,0.79,1.51,16.75,7.44,0.93,21.81,15.92
design_7676,0.82,0.45,2.31,nan,nan,nan,0.84,1.64,14.7,6.6,0.93,20.03,14.62
design_7677,0.83,0.39,2.27,nan,nan,nan,0.83,1.61,15.39,6.89,0.93,19.7,15.4
design_7678,0.83,0.39,2.22,nan,nan,nan,0.81,1.58,16.21,7.24,0.93,20.05,15.34
design_7679,0.83,0.34,2.13,nan,nan,nan,0.79,1.52,14.56,6.54,0.92,20.29,14.39
design_7680,0.6,0.88,6.34,nan,nan,nan,1.9,4.22,20.01,8.89,0.91,19.89,20.65
design_7681,0.51,0.68,1.13,nan,nan,nan,0.56,0.87,16.09,7.19,0.92,16.87,11.88
design_7682,0.52,0.81,1.16,nan,nan,nan,0.56,0.91,17.57,7.83,0.91,16.59,12.59
design_7683,0.49,0.7,1.15,nan,nan,nan,0.56,0.88,17.43,7.74,0.92,15.77,11.36
design_7684,0.55,0.65,0.88,nan,nan,nan,0.53,0.73,16.63,7.41,0.92,15.97,11.56
design_7685,0.58,0.76,1.84,nan,nan,nan,0.7,1.31,18.65,8.26,0.92,11.78,9.42
design_7686,0.49,0.75,1.1,nan,nan,nan,0.54,0.86,17.45,7.8,0.91,14.42,10.79
design_7687,0.49,0.67,1.48,nan,nan,nan,0.6,1.07,18.95,8.42,0.91,19.92,13.52
design_7688,0.73,0.63,0.94,nan,nan,nan,0.53,0.81,17.22,7.68,0.92,23.85,20.24
design_7689,1.23,0.31,0.66,nan,nan,nan,0.53,0.82,17.03,7.57,0.92,13.13,11.42
design_7690,0.87,0.4,0.64,nan,nan,nan,0.49,0.67,16.77,7.47,0.92,12.12,11.85
design_7691,0.74,0.71,1.09,nan,nan,nan,0.56,0.91,18.2,8.1,0.92,22.76,19.04
design_7692,0.94,0.65,0.83,nan,nan,nan,0.54,0.82,16.34,7.28,0.92,22.03,20.64
design_7693,0.79,0.56,0.89,nan,nan,nan,0.53,0.79,16.74,7.46,0.92,24.39,19.49
design_7694,0.85,0.6,1.06,nan,nan,nan,0.54,0.91,17.58,7.84,0.92,23.8,19.83
design_7695,0.74,0.42,0.65,nan,nan,nan,0.52,0.63,16.07,7.2,0.91,15.05,16.43
design_7696,0.88,1.03,1.35,nan,nan,nan,0.6,1.08,18.26,7.99,0.91,9.18,12.02
design_7697,0.88,1.22,1.88,nan,nan,nan,0.66,1.33,19.05,8.31,0.91,12.55,7.68
design_7698,1.1,1.03,2.61,nan,nan,nan,0.78,1.65,17.68,7.74,0.91,19.64,23.46
design_7699,0.9,0.87,1.16,nan,nan,nan,0.6,0.97,16.76,7.37,0.91,21.64,19.09
design_7700,0.81,1.31,1.5,nan,nan,nan,0.64,1.2,17.93,7.86,0.91,12.93,12.03
design_7701,0.81,0.89,1.26,nan,nan,nan,0.59,0.98,17.58,7.71,0.91,21.59,19.59
design_7702,1.49,1.06,1.21,nan,nan,nan,0.71,1.28,18.16,7.91,0.91,19.67,18.45
design_7703,1.41,0.75,1.35,nan,nan,nan,0.66,1.21,17.63,7.7,0.91,20.69,18.17
design_7704,1.36,1.0,1.25,nan,nan,nan,0.62,1.22,18.07,7.92,0.91,8.51,7.66
design_7705,1.04,0.73,0.93,nan,nan,nan,0.55,0.92,15.79,6.96,0.91,16.68,16.31
design_7706,0.83,0.95,2.88,nan,nan,nan,0.78,1.7,18.45,8.07,0.91,15.25,16.62
design_7707,0.78,0.97,1.21,nan,nan,nan,0.57,0.98,17.01,7.48,0.91,9.95,9.01
design_7708,0.99,0.68,2.33,nan,nan,nan,0.68,1.43,15.83,7.01,0.91,8.58,7.8
design_7709,1.03,1.04,1.4,nan,nan,nan,0.6,1.15,17.28,7.58,0.91,9.33,8.25
design_7710,0.7,0.87,1.15,nan,nan,nan,0.54,0.9,16.69,7.34,0.91,8.18,7.65
design_7711,1.0,0.86,1.28,nan,nan,nan,0.57,1.04,17.5,7.67,0.91,9.24,8.66
design_7712,0.68,0.82,0.42,nan,nan,nan,0.46,0.6,13.02,5.95,0.91,11.99,10.8
design_7713,0.56,0.72,0.81,nan,nan,nan,0.52,0.73,15.48,7.0,0.92,6.04,7.42
design_7714,0.48,0.78,0.85,nan,nan,nan,0.51,0.75,16.88,7.58,0.92,4.75,5.97
design_7715,0.51,0.91,0.51,nan,nan,nan,0.45,0.62,5.26,2.73,0.92,3.6,2.82
design_7716,0.52,0.91,0.56,nan,nan,nan,0.46,0.65,15.25,6.89,0.92,8.23,6.77
design_7717,0.46,0.47,0.68,nan,nan,nan,0.46,0.58,14.01,6.37,0.91,15.39,12.34
design_7718,0.65,0.9,0.61,nan,nan,nan,0.46,0.7,12.96,5.93,0.91,20.25,17.15
design_7719,0.56,0.68,0.52,nan,nan,nan,0.45,0.57,13.15,6.01,0.92,14.57,12.04
design_7720,1.1,0.94,3.09,nan,nan,nan,1.04,2.18,19.32,8.55,0.91,20.27,13.69
design_7721,0.67,0.74,2.67,nan,nan,nan,0.9,1.84,18.28,8.12,0.91,24.72,17.67
design_7722,0.71,0.7,2.29,nan,nan,nan,0.8,1.6,18.28,8.13,0.91,25.16,17.13
design_7723,0.95,0.58,1.4,nan,nan,nan,0.6,1.1,16.92,7.56,0.91,24.57,17.57
design_7724,0.61,0.61,2.27,nan,nan,nan,0.79,1.57,17.73,7.9,0.91,24.75,17.92
design_7725,0.68,0.73,1.34,nan,nan,nan,0.59,1.03,15.43,6.93,0.91,26.38,16.53
design_7726,0.93,0.84,3.52,nan,nan,nan,1.13,2.42,19.43,8.62,0.91,20.57,18.3
design_7727,0.6,0.64,1.53,nan,nan,nan,0.62,1.11,16.9,7.54,0.91,24.85,17.22
design_7728,0.63,0.77,2.43,nan,nan,nan,0.79,1.55,17.19,7.54,0.92,20.46,19.65
design_7729,0.6,0.85,0.44,nan,nan,nan,0.46,0.64,17.49,7.67,0.92,23.0,18.72
design_7730,0.61,1.09,0.88,nan,nan,nan,0.49,0.87,18.22,7.97,0.92,22.34,21.23
design_7731,0.45,0.93,0.36,nan,nan,nan,0.42,0.61,17.59,7.7,0.92,20.71,17.83
design_7732,0.45,0.98,0.35,nan,nan,nan,0.45,0.63,17.63,7.72,0.92,22.02,18.0
design_7733,0.49,0.8,0.43,nan,nan,nan,0.42,0.58,18.0,7.87,0.92,19.6,20.81
design_7734,0.57,0.96,0.42,nan,nan,nan,0.45,0.67,17.27,7.57,0.92,19.84,18.61
design_7735,0.47,1.14,0.31,nan,nan,nan,0.46,0.71,17.68,7.75,0.92,20.17,15.27
design_7736,1.0,0.32,1.04,nan,nan,nan,0.59,0.86,18.01,7.91,0.91,12.07,11.98
design_7737,0.91,0.4,5.34,nan,nan,nan,1.31,3.06,17.8,7.8,0.92,12.38,10.76
design_7738,0.86,0.34,0.94,nan,nan,nan,0.53,0.76,17.56,7.66,0.92,17.76,17.67
design_7739,0.97,0.7,1.3,nan,nan,nan,0.59,1.02,18.98,8.28,0.92,25.2,16.41
design_7740,0.91,0.63,0.79,nan,nan,nan,0.52,0.79,17.36,7.6,0.92,14.91,14.91
design_7741,1.07,0.56,1.16,nan,nan,nan,0.59,0.97,17.33,7.62,0.91,23.04,17.7
design_7742,0.84,0.46,0.98,nan,nan,nan,0.51,0.79,17.45,7.64,0.92,23.35,20.29
design_7743,0.87,0.57,0.77,nan,nan,nan,0.51,0.75,17.53,7.66,0.92,15.41,13.92
design_7744,0.52,0.93,1.92,nan,nan,nan,0.71,1.38,18.1,8.06,0.92,12.73,10.71
design_7745,0.52,0.93,1.9,nan,nan,nan,0.71,1.37,17.91,7.99,0.91,23.69,19.34
design_7746,0.62,0.93,1.89,nan,nan,nan,0.72,1.38,18.05,8.04,0.92,23.1,19.33
design_7747,0.59,0.94,0.7,nan,nan,nan,0.48,0.74,18.09,8.05,0.92,23.96,17.53
design_7748,2.38,0.91,2.28,nan,nan,nan,0.97,2.05,19.42,8.65,0.91,23.78,18.04
design_7749,0.6,0.91,1.41,nan,nan,nan,0.61,1.09,18.28,8.14,0.91,26.66,18.79
design_7750,0.82,0.89,2.04,nan,nan,nan,0.74,1.49,18.51,8.23,0.91,9.18,8.75
design_7751,0.76,0.84,2.19,nan,nan,nan,0.78,1.56,18.38,8.17,0.91,11.81,7.65
design_7752,0.4,0.76,0.51,nan,nan,nan,0.44,0.56,17.52,7.67,0.92,22.67,14.27
design_7753,0.48,0.68,0.41,nan,nan,nan,0.44,0.53,17.52,7.67,0.92,29.63,19.72
design_7754,0.73,0.67,2.22,nan,nan,nan,0.75,1.43,16.62,7.32,0.92,25.53,24.69
design_7755,0.8,0.93,1.6,nan,nan,nan,0.66,1.18,17.72,7.74,0.92,27.4,16.94
design_7756,0.49,0.67,0.45,nan,nan,nan,0.46,0.54,17.21,7.54,0.92,26.04,24.19
design_7757,0.74,1.18,2.31,nan,nan,nan,0.77,1.57,16.98,7.47,0.92,26.99,17.55
design_7758,0.5,0.83,0.7,nan,nan,nan,0.47,0.68,17.34,7.62,0.92,20.14,10.07
design_7759,0.79,1.03,2.13,nan,nan,nan,0.72,1.46,15.86,7.01,0.91,26.82,17.02
design_7760,0.96,0.64,2.53,nan,nan,nan,0.8,1.64,17.19,7.54,0.92,14.52,17.32
design_7761,1.06,0.66,2.12,nan,nan,nan,0.72,1.44,17.64,7.74,0.92,18.76,14.2
design_7762,0.67,0.56,0.5,nan,nan,nan,0.46,0.58,17.53,7.68,0.92,21.28,15.8
design_7763,0.9,0.77,2.64,nan,nan,nan,0.82,1.71,16.87,7.41,0.92,20.1,14.59
design_7764,0.85,0.64,2.48,nan,nan,nan,0.78,1.59,16.94,7.44,0.92,15.58,20.12
design_7765,0.92,0.75,2.7,nan,nan,nan,0.84,1.74,17.21,7.55,0.92,18.91,13.95
design_7766,0.87,0.56,2.2,nan,nan,nan,0.73,1.43,17.46,7.66,0.92,15.89,15.34
design_7767,0.99,0.72,2.44,nan,nan,nan,0.79,1.61,16.79,7.37,0.92,17.62,13.71
design_7768,0.79,0.47,0.41,nan,nan,nan,0.44,0.55,6.16,3.13,0.91,1.56,1.62
design_7769,0.76,0.46,0.71,nan,nan,nan,0.49,0.68,11.86,5.52,0.9,23.69,19.97
design_7770,0.85,0.36,0.74,nan,nan,nan,0.49,0.7,12.83,5.93,0.9,23.2,20.09
design_7771,0.69,0.44,0.57,nan,nan,nan,0.47,0.58,15.34,6.98,0.9,12.78,11.32
design_7772,1.68,0.65,0.6,nan,nan,nan,0.63,1.02,4.54,2.44,0.92,1.07,1.2
design_7773,0.42,0.47,0.5,nan,nan,nan,0.43,0.47,4.68,2.5,0.91,0.61,0.47
design_7774,0.81,0.55,0.63,nan,nan,nan,0.48,0.67,18.53,8.33,0.9,16.42,13.63
design_7775,0.81,0.38,0.62,nan,nan,nan,0.47,0.63,7.57,3.7,0.91,2.01,1.63
design_7776,0.93,0.78,2.28,nan,nan,nan,0.82,1.56,13.99,6.35,0.89,22.75,18.36
design_7777,0.94,0.71,3.13,nan,nan,nan,0.99,2.04,18.02,8.03,0.89,21.02,17.15
design_7778,0.43,0.5,1.69,nan,nan,nan,0.61,1.11,13.32,6.04,0.9,22.8,19.21
design_7779,0.86,0.75,1.74,nan,nan,nan,0.67,1.25,15.37,6.89,0.9,21.24,18.65
design_7780,0.78,0.6,3.5,nan,nan,nan,1.04,2.23,18.13,8.07,0.9,20.67,19.88
design_7781,0.45,0.64,1.94,nan,nan,nan,0.66,1.27,15.0,6.74,0.9,22.71,19.17
design_7782,0.94,0.6,2.09,nan,nan,nan,0.8,1.44,18.43,8.15,0.91,14.68,14.81
design_7783,0.8,0.86,1.61,nan,nan,nan,0.63,1.19,14.3,6.45,0.9,21.61,17.93
design_7784,0.55,0.51,1.53,nan,nan,nan,0.54,0.92,17.2,7.53,0.91,11.45,11.23
design_7785,0.52,0.53,1.64,nan,nan,nan,0.56,0.97,17.35,7.61,0.91,15.8,14.0
design_7786,0.76,0.54,2.39,nan,nan,nan,0.68,1.38,18.85,8.24,0.91,20.81,24.11
design_7787,0.51,0.41,1.38,nan,nan,nan,0.53,0.83,16.5,7.26,0.91,12.82,12.66
design_7788,0.65,0.62,1.75,nan,nan,nan,0.57,1.07,17.76,7.78,0.91,18.42,14.95
design_7789,1.0,0.35,2.61,nan,nan,nan,0.7,1.52,18.87,8.23,0.91,16.9,17.12
design_7790,0.9,0.74,3.61,nan,nan,nan,0.87,2.03,16.6,7.3,0.91,12.24,7.75
design_7791,0.52,0.56,1.65,nan,nan,nan,0.55,0.98,17.53,7.67,0.91,15.06,14.06
design_7792,0.8,0.29,1.49,nan,nan,nan,0.63,1.12,10.47,4.93,0.9,23.99,20.38
design_7793,0.98,0.33,1.24,nan,nan,nan,0.61,1.01,12.06,5.59,0.9,23.52,21.94
design_7794,0.94,0.38,1.52,nan,nan,nan,0.67,1.18,16.64,7.47,0.92,23.39,21.83
design_7795,1.02,0.32,1.59,nan,nan,nan,0.67,1.24,15.93,7.19,0.91,21.95,19.62
design_7796,0.77,0.26,1.56,nan,nan,nan,0.63,1.16,9.31,4.46,0.9,21.65,21.91
design_7797,1.05,0.29,1.66,nan,nan,nan,0.7,1.29,17.68,7.93,0.91,23.93,20.16
design_7798,1.19,0.38,1.3,nan,nan,nan,0.65,1.12,8.41,4.08,0.9,21.96,21.66
design_7799,0.64,0.25,1.35,nan,nan,nan,0.6,1.0,12.65,5.83,0.9,23.49,22.31
design_7800,0.92,0.62,1.33,nan,nan,nan,0.6,1.03,20.18,8.83,0.92,15.55,6.63
design_7801,0.91,0.75,1.61,nan,nan,nan,0.65,1.19,21.16,9.23,0.92,7.24,5.99
design_7802,1.05,0.86,2.08,nan,nan,nan,0.74,1.49,21.36,9.31,0.91,28.79,15.42
design_7803,1.0,0.69,4.5,nan,nan,nan,1.31,2.86,20.74,9.09,0.91,35.82,18.29
design_7804,1.12,0.59,2.07,nan,nan,nan,0.76,1.46,18.4,8.09,0.91,20.73,13.92
design_7805,1.11,0.57,2.32,nan,nan,nan,0.79,1.6,21.25,9.26,0.92,22.95,14.54
design_7806,0.9,0.64,1.85,nan,nan,nan,0.7,1.3,20.78,9.06,0.92,19.65,16.96
design_7807,1.06,0.56,1.85,nan,nan,nan,0.69,1.33,21.59,9.4,0.92,10.92,8.77
design_7808,0.51,0.53,1.31,nan,nan,nan,0.51,0.82,17.74,7.74,0.92,25.27,23.48
design_7809,0.43,0.61,1.58,nan,nan,nan,0.53,0.94,18.07,7.87,0.92,10.68,7.83
design_7810,0.63,0.59,1.12,nan,nan,nan,0.54,0.79,17.55,7.67,0.91,13.91,10.0
design_7811,0.34,0.74,1.47,nan,nan,nan,0.51,0.91,18.55,8.06,0.92,17.82,12.21
design_7812,0.41,0.7,1.29,nan,nan,nan,0.48,0.83,18.06,7.86,0.92,11.55,8.29
design_7813,0.36,0.8,1.35,nan,nan,nan,0.5,0.88,17.15,7.5,0.91,25.88,21.86
design_7814,0.47,0.68,1.28,nan,nan,nan,0.48,0.83,17.97,7.83,0.91,15.96,8.68
design_7815,0.41,0.58,1.7,nan,nan,nan,0.56,0.99,18.05,7.87,0.91,16.56,12.42
design_7816,0.51,0.33,2.85,nan,nan,nan,0.91,1.91,19.0,8.46,0.9,25.02,21.04
design_7817,0.48,0.18,1.77,nan,nan,nan,0.65,1.2,19.09,8.49,0.91,24.23,16.81
design_7818,0.54,0.21,2.02,nan,nan,nan,0.71,1.37,18.28,8.18,0.9,20.9,17.97
design_7819,0.49,0.24,3.26,nan,nan,nan,1.01,2.17,18.18,8.1,0.91,22.52,18.75
design_7820,0.49,0.18,1.82,nan,nan,nan,0.64,1.23,18.97,8.45,0.91,20.61,16.05
design_7821,0.51,0.29,3.1,nan,nan,nan,0.98,2.07,18.85,8.37,0.91,20.67,15.38
design_7822,0.46,0.23,2.75,nan,nan,nan,0.87,1.84,18.47,8.21,0.9,23.05,13.11
design_7823,0.44,0.28,2.46,nan,nan,nan,0.8,1.65,18.4,8.21,0.9,9.82,8.02
design_7824,0.77,0.2,0.54,nan,nan,nan,0.46,0.57,17.15,7.52,0.92,8.79,7.48
design_7825,0.86,0.28,0.67,nan,nan,nan,0.46,0.66,17.42,7.64,0.92,8.55,8.26
design_7826,0.72,0.25,0.69,nan,nan,nan,0.48,0.61,17.45,7.64,0.92,14.42,12.35
design_7827,0.52,0.36,0.62,nan,nan,nan,0.41,0.52,17.48,7.68,0.92,9.02,9.98
design_7828,1.08,0.5,1.67,nan,nan,nan,0.66,1.21,17.31,7.62,0.91,54.0,27.84
design_7829,0.67,0.26,0.64,nan,nan,nan,0.49,0.57,17.16,7.53,0.92,17.34,15.53
design_7830,0.59,0.34,1.06,nan,nan,nan,0.48,0.74,17.0,7.46,0.92,13.17,13.74
design_7831,0.59,0.25,0.68,nan,nan,nan,0.47,0.55,17.28,7.59,0.92,15.2,13.96
design_7832,0.97,0.63,0.87,nan,nan,nan,0.55,0.85,12.48,5.75,0.91,13.5,10.26
design_7833,0.84,0.75,0.99,nan,nan,nan,0.57,0.9,16.07,7.26,0.91,12.32,10.88
design_7834,1.1,0.61,1.05,nan,nan,nan,0.62,0.98,14.53,6.6,0.9,18.75,17.28
design_7835,1.33,0.43,1.45,nan,nan,nan,0.73,1.25,4.14,2.28,0.91,4.12,2.9
design_7836,0.91,0.62,1.03,nan,nan,nan,0.55,0.92,8.67,4.16,0.91,15.68,11.62
design_7837,0.67,0.38,1.48,nan,nan,nan,0.67,1.12,15.83,7.15,0.91,18.72,15.6
design_7838,1.08,0.36,1.31,nan,nan,nan,0.67,1.1,13.34,6.11,0.91,12.97,10.0
design_7839,1.08,0.76,0.97,nan,nan,nan,0.6,0.96,12.42,5.73,0.91,13.88,10.47
design_7840,0.96,0.46,0.46,nan,nan,nan,0.46,0.68,17.64,7.74,0.92,23.91,13.48
design_7841,0.84,0.64,1.08,nan,nan,nan,0.52,0.88,18.03,7.93,0.92,26.28,14.62
design_7842,0.68,0.6,0.46,nan,nan,nan,0.43,0.59,17.44,7.67,0.92,20.29,18.37
design_7843,1.16,0.46,3.06,nan,nan,nan,0.91,1.96,16.98,7.47,0.92,14.22,15.23
design_7844,1.16,0.78,2.58,nan,nan,nan,0.82,1.73,17.29,7.58,0.92,19.57,16.7
design_7845,0.88,0.84,2.74,nan,nan,nan,0.84,1.76,17.66,7.74,0.92,20.52,13.23
design_7846,1.05,0.81,2.13,nan,nan,nan,0.76,1.47,17.27,7.59,0.92,14.71,14.43
design_7847,1.04,0.83,2.61,nan,nan,nan,0.83,1.72,17.8,7.8,0.92,20.79,13.89
design_7848,0.8,0.66,0.91,nan,nan,nan,0.51,0.82,16.44,7.39,0.91,23.97,21.18
design_7849,0.86,0.4,2.09,nan,nan,nan,0.8,1.5,18.03,8.04,0.91,26.59,18.05
design_7850,1.2,0.43,0.55,nan,nan,nan,0.59,0.78,17.18,7.65,0.92,23.94,21.78
design_7851,0.64,0.42,2.34,nan,nan,nan,0.82,1.64,17.38,7.74,0.92,24.67,20.17
design_7852,1.13,0.44,0.8,nan,nan,nan,0.64,0.85,18.48,8.22,0.91,24.8,20.19
design_7853,0.73,0.65,2.32,nan,nan,nan,0.83,1.65,18.5,8.21,0.92,25.36,18.02
design_7854,0.92,0.41,2.0,nan,nan,nan,0.78,1.46,18.25,8.17,0.91,26.16,18.33
design_7855,0.87,0.44,1.93,nan,nan,nan,0.75,1.41,17.89,8.0,0.91,25.06,19.33
design_7856,0.94,0.41,2.99,nan,nan,nan,1.02,2.1,18.13,8.08,0.91,20.31,16.86
design_7857,0.41,0.78,2.81,nan,nan,nan,0.96,1.95,18.11,8.09,0.91,22.37,18.53
design_7858,0.64,0.78,2.14,nan,nan,nan,0.8,1.54,16.97,7.59,0.91,26.29,17.58
design_7859,0.57,0.88,2.41,nan,nan,nan,0.86,1.72,16.74,7.5,0.91,27.8,16.65
design_7860,1.0,0.69,2.24,nan,nan,nan,0.84,1.65,16.94,7.56,0.92,26.11,18.17
design_7861,0.47,0.84,2.14,nan,nan,nan,0.77,1.53,19.53,8.65,0.91,23.78,15.49
design_7862,0.49,0.94,2.73,nan,nan,nan,0.95,1.93,17.73,7.9,0.92,24.24,16.7
design_7863,0.46,0.93,2.47,nan,nan,nan,0.88,1.76,17.45,7.79,0.91,25.64,19.02
design_7864,0.83,0.64,1.52,nan,nan,nan,0.64,1.13,17.75,7.86,0.92,17.64,8.74
design_7865,0.45,0.48,1.59,nan,nan,nan,0.59,1.08,17.43,7.77,0.9,15.38,6.63
design_7866,0.53,0.5,2.09,nan,nan,nan,0.7,1.39,18.5,8.19,0.91,21.37,13.15
design_7867,0.82,0.42,1.87,nan,nan,nan,0.67,1.3,18.76,8.29,0.91,13.73,8.04
design_7868,0.53,0.45,1.88,nan,nan,nan,0.65,1.26,18.42,8.16,0.91,12.55,6.99
design_7869,0.42,0.46,1.73,nan,nan,nan,0.61,1.16,18.1,8.03,0.91,8.94,4.76
design_7870,0.77,0.56,1.31,nan,nan,nan,0.58,0.99,18.18,8.06,0.91,16.93,10.44
design_7871,0.95,0.47,2.24,nan,nan,nan,0.77,1.55,17.89,7.91,0.92,21.03,18.08
design_7872,0.49,0.25,0.61,nan,nan,nan,0.42,0.5,18.79,8.25,0.92,31.18,31.87
design_7873,0.59,0.25,1.02,nan,nan,nan,0.48,0.74,19.14,8.44,0.91,45.74,28.8
design_7874,0.6,0.23,0.52,nan,nan,nan,0.4,0.49,19.21,8.44,0.92,40.86,17.71
design_7875,0.56,0.23,0.56,nan,nan,nan,0.41,0.49,20.39,8.92,0.92,13.98,15.27
design_7876,0.51,0.22,0.64,nan,nan,nan,0.43,0.51,21.16,9.28,0.91,44.82,23.15
design_7877,0.6,0.26,0.65,nan,nan,nan,0.41,0.55,18.37,8.1,0.92,41.03,17.77
design_7878,0.53,0.22,0.59,nan,nan,nan,0.4,0.5,19.78,8.67,0.92,29.88,13.05
design_7879,0.52,0.24,1.0,nan,nan,nan,0.48,0.72,19.56,8.6,0.91,46.04,28.19
design_7880,0.86,0.32,0.7,nan,nan,nan,0.53,0.68,16.38,7.19,0.92,16.13,13.79
design_7881,0.72,0.33,1.24,nan,nan,nan,0.54,0.84,17.09,7.48,0.92,17.7,19.67
design_7882,0.76,0.37,1.44,nan,nan,nan,0.57,0.96,17.55,7.7,0.92,15.65,14.06
design_7883,1.12,0.39,0.68,nan,nan,nan,0.55,0.81,16.15,7.12,0.92,15.63,13.28
design_7884,0.71,0.43,1.46,nan,nan,nan,0.59,0.95,17.52,7.69,0.92,19.75,18.99
design_7885,0.69,0.43,1.29,nan,nan,nan,0.54,0.87,17.27,7.58,0.92,18.9,15.5
design_7886,0.83,0.3,1.01,nan,nan,nan,0.52,0.78,17.57,7.68,0.92,14.36,16.86
design_7887,0.66,0.45,1.31,nan,nan,nan,0.55,0.87,17.22,7.55,0.92,14.23,14.94
design_7888,0.44,0.67,1.83,nan,nan,nan,0.68,1.28,19.34,8.59,0.91,19.33,15.02
design_7889,0.56,0.33,1.62,nan,nan,nan,0.62,1.13,17.54,7.81,0.91,21.49,16.78
design_7890,0.4,0.56,2.3,nan,nan,nan,0.79,1.56,17.64,7.9,0.91,21.25,17.12
design_7891,0.39,0.6,1.37,nan,nan,nan,0.59,0.98,17.1,7.64,0.91,20.93,16.6
design_7892,0.61,0.5,1.53,nan,nan,nan,0.64,1.1,18.3,8.13,0.91,15.03,14.81
design_7893,0.44,0.36,1.5,nan,nan,nan,0.59,1.04,17.28,7.7,0.91,21.06,17.2
design_7894,0.42,0.47,1.37,nan,nan,nan,0.57,0.96,18.47,8.21,0.91,18.42,17.29
design_7895,0.48,0.48,2.32,nan,nan,nan,0.78,1.57,17.76,7.93,0.91,21.79,16.76
design_7896,0.7,0.77,0.75,nan,nan,nan,0.51,0.74,17.35,7.76,0.92,24.21,23.78
design_7897,0.82,0.45,0.69,nan,nan,nan,0.5,0.68,16.14,7.28,0.91,19.73,14.84
design_7898,0.93,0.72,0.61,nan,nan,nan,0.52,0.74,17.1,7.66,0.92,11.62,10.98
design_7899,0.84,0.75,0.78,nan,nan,nan,0.53,0.79,15.91,7.16,0.92,13.97,11.07
design_7900,0.84,0.55,0.87,nan,nan,nan,0.55,0.8,15.07,6.81,0.92,15.37,14.47
design_7901,0.83,0.65,0.87,nan,nan,nan,0.55,0.81,13.19,6.02,0.92,10.83,9.58
design_7902,0.9,0.61,0.83,nan,nan,nan,0.53,0.8,16.68,7.48,0.92,10.71,9.71
design_7903,0.74,0.68,0.72,nan,nan,nan,0.52,0.72,16.98,7.6,0.92,9.08,8.26
design_7904,0.32,0.77,2.78,nan,nan,nan,0.73,1.54,17.53,7.67,0.91,27.4,21.44
design_7905,0.42,0.71,1.31,nan,nan,nan,0.49,0.84,20.3,8.81,0.91,19.82,21.6
design_7906,0.72,0.58,1.79,nan,nan,nan,0.6,1.1,17.08,7.49,0.91,25.84,21.85
design_7907,0.48,0.62,3.9,nan,nan,nan,0.93,2.11,16.51,7.23,0.91,26.4,20.8
design_7908,0.68,0.62,1.34,nan,nan,nan,0.55,0.9,16.35,7.23,0.9,25.55,21.84
design_7909,0.44,0.59,1.46,nan,nan,nan,0.6,0.89,17.28,7.54,0.92,8.54,8.54
design_7910,0.3,0.77,2.39,nan,nan,nan,0.68,1.35,17.39,7.61,0.91,15.64,15.72
design_7911,0.82,0.7,1.6,nan,nan,nan,0.6,1.06,17.45,7.63,0.91,25.18,21.77
design_7912,0.72,0.72,1.83,nan,nan,nan,0.62,1.14,16.41,7.22,0.91,21.11,19.75
design_7913,0.64,0.7,1.17,nan,nan,nan,0.52,0.84,18.17,7.93,0.91,15.49,15.43
design_7914,0.99,0.65,1.26,nan,nan,nan,0.59,0.98,17.01,7.46,0.91,19.85,18.67
design_7915,0.62,0.86,1.1,nan,nan,nan,0.52,0.85,18.05,7.89,0.91,13.49,13.15
design_7916,0.84,0.75,1.29,nan,nan,nan,0.54,0.96,18.26,7.97,0.91,18.08,17.73
design_7917,0.77,0.78,1.34,nan,nan,nan,0.57,0.96,17.23,7.56,0.91,19.23,19.15
design_7918,0.59,0.78,1.17,nan,nan,nan,0.53,0.84,17.53,7.67,0.91,11.44,8.07
design_7919,0.87,0.59,1.12,nan,nan,nan,0.54,0.87,17.42,7.62,0.91,19.62,18.41
design_7920,1.28,1.06,1.77,nan,nan,nan,0.73,1.47,17.58,7.8,0.92,19.35,13.39
design_7921,1.08,2.2,1.63,nan,nan,nan,0.83,1.66,17.33,7.7,0.91,23.42,9.63
design_7922,1.18,1.72,1.41,nan,nan,nan,0.71,1.44,17.27,7.68,0.91,18.12,8.82
design_7923,0.94,1.07,1.83,nan,nan,nan,0.75,1.42,16.76,7.48,0.91,19.27,9.05
design_7924,1.05,1.5,1.46,nan,nan,nan,0.71,1.36,17.01,7.57,0.91,21.12,9.84
design_7925,1.09,1.49,1.42,nan,nan,nan,0.7,1.35,17.79,7.89,0.92,13.51,11.08
design_7926,1.07,1.47,1.58,nan,nan,nan,0.71,1.41,18.26,8.09,0.92,29.51,18.68
design_7927,1.08,1.57,1.8,nan,nan,nan,0.78,1.55,17.9,7.94,0.92,24.28,17.1
design_7928,0.6,0.72,1.66,nan,nan,nan,0.63,1.15,18.15,8.04,0.91,22.68,15.08
design_7929,0.65,0.69,1.65,nan,nan,nan,0.62,1.15,17.81,7.93,0.9,18.28,14.42
design_7930,0.68,0.73,1.84,nan,nan,nan,0.67,1.27,17.37,7.75,0.9,17.63,15.01
design_7931,0.76,1.18,1.67,nan,nan,nan,0.7,1.28,4.61,2.47,0.91,24.29,18.43
design_7932,0.78,0.8,1.38,nan,nan,nan,0.58,1.05,17.25,7.69,0.9,9.88,5.87
design_7933,0.69,0.82,1.67,nan,nan,nan,0.64,1.19,18.08,8.05,0.9,20.56,14.27
design_7934,1.2,0.79,2.08,nan,nan,nan,0.76,1.52,18.26,8.12,0.9,18.99,12.53
design_7935,0.69,0.74,2.59,nan,nan,nan,0.82,1.69,18.89,8.39,0.9,8.81,8.94
design_7936,1.1,0.9,1.34,nan,nan,nan,0.6,1.12,17.82,7.8,0.91,19.24,17.43
design_7937,1.12,0.6,1.04,nan,nan,nan,0.61,0.96,17.32,7.56,0.92,15.52,16.66
design_7938,1.12,0.69,1.1,nan,nan,nan,0.6,0.99,16.35,7.18,0.91,14.9,14.67
design_7939,1.15,0.77,1.23,nan,nan,nan,0.6,1.07,16.04,7.07,0.91,13.6,13.71
design_7940,1.18,0.69,0.9,nan,nan,nan,0.59,0.96,16.83,7.37,0.91,14.82,15.36
design_7941,1.08,0.73,1.45,nan,nan,nan,0.6,1.1,17.19,7.53,0.91,15.08,15.93
design_7942,1.09,0.68,1.02,nan,nan,nan,0.59,0.95,16.66,7.31,0.91,14.72,15.24
design_7943,1.02,0.87,1.14,nan,nan,nan,0.62,1.01,17.1,7.48,0.92,12.64,14.85
design_7944,1.18,0.87,0.79,nan,nan,nan,0.58,0.94,18.95,8.41,0.91,10.84,11.0
design_7945,1.23,0.63,0.59,nan,nan,nan,0.56,0.84,17.24,7.69,0.92,19.04,19.08
design_7946,0.88,0.73,1.89,nan,nan,nan,0.72,1.41,18.01,8.06,0.91,21.31,19.29
design_7947,1.17,0.51,0.93,nan,nan,nan,0.59,0.92,10.93,5.11,0.9,3.33,3.55
design_7948,0.91,0.69,1.52,nan,nan,nan,0.66,1.19,18.21,8.15,0.91,20.63,18.32
design_7949,1.3,0.65,0.62,nan,nan,nan,0.57,0.88,16.94,7.61,0.91,20.88,19.7
design_7950,1.27,0.6,0.44,nan,nan,nan,0.54,0.81,16.75,7.47,0.92,6.73,5.72
design_7951,1.45,0.57,1.6,nan,nan,nan,0.73,1.37,19.34,8.59,0.91,15.67,18.33
design_7952,0.47,0.79,0.52,nan,nan,nan,0.44,0.58,5.03,2.63,0.92,2.17,1.42
design_7953,0.31,0.74,0.67,nan,nan,nan,0.45,0.61,3.57,2.03,0.92,1.73,1.86
design_7954,0.32,0.73,0.51,nan,nan,nan,0.41,0.53,3.83,2.14,0.92,1.61,1.77
design_7955,0.38,0.95,0.5,nan,nan,nan,0.43,0.61,4.36,2.36,0.92,1.37,1.59
design_7956,0.36,0.63,0.53,nan,nan,nan,0.42,0.52,4.32,2.34,0.92,1.97,1.46
design_7957,0.44,0.8,0.62,nan,nan,nan,0.45,0.63,4.47,2.4,0.92,2.01,2.0
design_7958,0.54,0.83,0.65,nan,nan,nan,0.47,0.67,3.97,2.2,0.92,1.77,1.79
design_7959,0.66,0.57,0.89,nan,nan,nan,0.51,0.77,13.51,6.19,0.91,8.68,9.58
design_7960,0.95,0.47,1.1,nan,nan,nan,0.58,0.95,17.24,7.73,0.92,21.37,20.83
design_7961,0.96,0.44,1.15,nan,nan,nan,0.59,0.98,17.43,7.82,0.91,23.02,21.55
design_7962,0.89,0.56,1.0,nan,nan,nan,0.55,0.88,17.3,7.75,0.92,19.87,16.2
design_7963,0.84,0.53,1.2,nan,nan,nan,0.6,0.99,17.01,7.64,0.92,24.08,21.33
design_7964,0.75,0.44,1.03,nan,nan,nan,0.54,0.85,17.34,7.76,0.92,21.15,20.55
design_7965,0.86,0.48,0.97,nan,nan,nan,0.54,0.85,17.18,7.71,0.92,21.72,20.33
design_7966,0.86,0.59,1.08,nan,nan,nan,0.57,0.93,17.38,7.79,0.92,7.42,7.44
design_7967,0.89,0.6,0.96,nan,nan,nan,0.54,0.87,17.53,7.85,0.92,23.43,21.06
design_7968,0.57,0.32,1.47,nan,nan,nan,0.55,0.98,18.19,8.03,0.91,16.44,13.87
design_7969,0.86,0.26,4.46,nan,nan,nan,1.26,2.8,18.32,8.09,0.91,16.8,12.63
design_7970,0.58,0.39,1.6,nan,nan,nan,0.57,1.06,17.86,7.88,0.92,21.04,19.17
design_7971,0.7,0.33,1.74,nan,nan,nan,0.62,1.16,19.15,8.41,0.92,18.91,12.09
design_7972,0.7,0.36,1.14,nan,nan,nan,0.5,0.83,17.34,7.66,0.92,24.97,16.34
design_7973,0.44,0.29,1.41,nan,nan,nan,0.54,0.92,18.46,8.15,0.91,23.41,16.85
design_7974,0.61,0.24,1.21,nan,nan,nan,0.52,0.83,18.42,8.13,0.91,25.69,16.51
design_7975,0.5,0.24,1.61,nan,nan,nan,0.58,1.04,18.17,8.01,0.91,23.68,17.08
design_7976,0.88,0.6,2.69,nan,nan,nan,0.84,1.71,16.99,7.48,0.92,15.49,15.58
design_7977,0.84,0.71,2.75,nan,nan,nan,0.87,1.74,17.15,7.54,0.92,20.73,13.99
design_7978,0.87,0.72,2.58,nan,nan,nan,0.82,1.66,17.72,7.78,0.92,19.08,10.45
design_7979,0.86,0.71,2.75,nan,nan,nan,0.86,1.75,17.14,7.53,0.92,15.35,14.28
design_7980,0.92,0.64,2.59,nan,nan,nan,0.82,1.66,17.03,7.5,0.92,15.22,10.18
design_7981,0.93,0.58,2.4,nan,nan,nan,0.78,1.55,16.95,7.47,0.92,12.43,12.26
design_7982,0.97,0.77,2.33,nan,nan,nan,0.78,1.55,17.71,7.78,0.92,26.82,14.62
design_7983,0.95,0.78,2.51,nan,nan,nan,0.81,1.64,17.16,7.54,0.92,19.14,14.31
design_7984,0.65,1.16,2.07,nan,nan,nan,0.87,1.6,6.34,3.21,0.91,23.9,16.76
design_7985,0.57,0.31,2.01,nan,nan,nan,0.79,1.46,18.43,8.27,0.91,25.07,18.85
design_7986,0.59,0.51,1.63,nan,nan,nan,0.71,1.22,16.67,7.52,0.91,13.14,10.98
design_7987,0.68,0.52,1.83,nan,nan,nan,0.74,1.36,16.72,7.56,0.91,23.86,20.39
design_7988,0.58,0.44,1.93,nan,nan,nan,0.76,1.41,17.62,7.92,0.92,23.37,23.04
design_7989,0.61,0.46,1.45,nan,nan,nan,0.66,1.09,15.23,6.93,0.91,22.78,20.81
design_7990,0.56,0.4,1.57,nan,nan,nan,0.66,1.16,17.65,7.98,0.9,23.96,18.78
design_7991,0.65,0.66,1.93,nan,nan,nan,0.78,1.44,12.82,5.9,0.91,22.66,18.6
design_7992,0.63,0.42,1.6,nan,nan,nan,0.66,1.18,17.44,7.81,0.92,24.09,19.74
design_7993,0.73,0.33,1.53,nan,nan,nan,0.64,1.14,17.37,7.78,0.92,23.69,22.61
design_7994,0.53,0.38,1.77,nan,nan,nan,0.69,1.27,18.04,8.04,0.92,24.01,21.35
design_7995,0.44,0.32,1.43,nan,nan,nan,0.6,1.03,17.93,8.0,0.92,20.64,15.37
design_7996,0.53,0.36,1.49,nan,nan,nan,0.63,1.09,18.1,8.08,0.92,24.48,20.97
design_7997,0.81,0.47,4.05,nan,nan,nan,1.35,2.85,17.8,8.05,0.91,24.91,19.33
design_7998,0.62,0.47,1.93,nan,nan,nan,0.74,1.4,18.46,8.23,0.92,24.9,19.25
design_7999,0.49,0.34,1.51,nan,nan,nan,0.62,1.09,17.44,7.81,0.92,24.05,20.45
