tag,framework_aligned_H1_rmsd,framework_aligned_H2_rmsd,framework_aligned_H3_rmsd,framework_aligned_L1_rmsd,framework_aligned_L2_rmsd,framework_aligned_L3_rmsd,framework_aligned_antibody_rmsd,framework_aligned_cdr_rmsd,interaction_pae,pae,pred_lddt,target_aligned_antibody_rmsd,target_aligned_cdr_rmsd
design_0000,1.49,1.94,0.79,1.91,1.02,2.83,1.29,1.91,17.85,9.38,0.83,32.86,24.45
design_0001,1.18,1.68,0.51,1.65,0.91,3.54,1.25,2.08,18.39,9.63,0.83,29.57,22.84
design_0002,1.38,1.69,1.84,1.62,0.94,3.45,1.33,2.2,18.47,9.64,0.83,31.03,22.95
design_0003,1.47,1.91,1.15,1.84,0.98,2.23,1.21,1.72,19.01,9.8,0.83,33.96,24.14
design_0004,1.35,1.9,0.85,1.89,0.99,3.87,1.38,2.31,17.99,9.49,0.83,26.15,19.71
design_0005,1.41,1.99,0.94,1.99,1.05,2.63,1.29,1.86,19.18,9.84,0.84,30.42,19.68
design_0006,1.38,1.97,1.33,2.05,1.08,3.1,1.33,2.08,15.21,8.52,0.82,18.29,14.35
design_0007,1.4,1.51,2.47,1.7,0.87,3.68,1.39,2.4,18.44,9.55,0.83,31.62,19.61
design_0008,0.93,1.77,1.37,1.73,0.97,7.9,2.03,4.22,17.04,8.69,0.85,16.09,11.66
design_0009,0.91,1.61,1.23,1.6,1.09,8.07,2.04,4.28,16.69,8.5,0.85,11.34,8.62
design_0010,0.95,1.66,1.26,1.69,1.09,8.0,2.04,4.26,17.83,8.96,0.86,17.67,15.33
design_0011,0.93,1.59,1.27,1.64,0.92,7.89,2.03,4.19,17.76,8.95,0.85,4.86,4.97
design_0012,1.0,1.5,1.29,1.63,0.91,7.93,2.03,4.21,16.58,8.53,0.85,26.99,21.35
design_0013,0.85,1.55,1.23,2.1,0.92,7.93,2.03,4.24,17.45,8.85,0.86,16.75,13.1
design_0014,1.04,1.47,1.44,1.7,0.82,7.75,1.98,4.13,17.03,8.74,0.85,14.76,10.98
design_0015,0.91,1.49,1.22,1.66,0.98,7.93,2.01,4.21,17.32,8.73,0.86,7.03,6.29
design_0016,0.86,1.82,3.37,2.25,1.0,5.09,1.56,2.95,11.03,6.47,0.84,32.71,24.72
design_0017,1.02,1.9,3.28,2.17,0.84,4.52,1.47,2.74,16.57,8.58,0.85,21.03,15.83
design_0018,1.28,2.01,3.02,2.41,0.86,2.35,1.35,2.17,17.32,8.58,0.86,33.6,19.7
design_0019,0.85,1.75,3.43,2.29,1.02,5.13,1.57,2.97,9.46,5.78,0.85,32.45,24.54
design_0020,1.1,1.88,3.39,2.4,1.02,5.08,1.6,2.99,17.01,8.63,0.85,12.25,11.24
design_0021,1.15,1.87,3.36,2.16,1.16,4.54,1.5,2.79,17.85,9.05,0.85,31.28,23.13
design_0022,1.31,2.25,3.2,2.98,1.14,2.71,1.51,2.46,16.81,8.7,0.85,25.62,15.95
design_0023,1.11,2.14,2.12,2.48,0.98,2.56,1.29,2.03,15.42,8.2,0.84,17.5,14.26
design_0024,1.12,1.27,2.22,1.8,0.86,6.37,1.78,3.46,17.89,9.24,0.84,25.38,17.41
design_0025,1.07,1.54,2.45,1.84,0.87,6.35,1.78,3.49,17.1,8.9,0.83,28.4,21.06
design_0026,1.21,1.24,2.43,1.73,0.91,6.38,1.78,3.48,17.51,8.99,0.84,14.05,11.39
design_0027,1.38,1.54,2.25,2.14,1.0,6.71,1.9,3.68,17.56,8.89,0.85,20.34,14.68
design_0028,1.11,1.15,2.06,1.79,1.24,7.03,1.91,3.76,17.1,8.57,0.86,8.67,8.07
design_0029,1.14,1.17,2.18,2.05,1.13,6.45,1.83,3.52,17.39,8.94,0.84,26.52,20.79
design_0030,1.05,1.33,2.45,1.64,0.95,6.85,1.86,3.69,12.84,7.07,0.85,16.84,13.1
design_0031,1.17,1.2,2.1,1.88,0.9,6.81,1.86,3.66,16.84,8.59,0.85,9.61,8.37
design_0032,0.99,3.1,0.68,2.63,0.98,1.59,1.19,1.75,17.97,9.15,0.84,16.43,12.18
design_0033,0.95,2.25,0.97,1.98,0.67,1.23,1.05,1.39,20.88,9.92,0.85,21.91,15.96
design_0034,0.97,2.63,1.48,2.53,1.23,1.62,1.21,1.79,19.66,9.66,0.85,30.88,22.23
design_0035,0.9,2.4,1.08,2.41,1.08,1.73,1.09,1.64,18.94,9.41,0.85,21.73,14.49
design_0036,1.03,2.2,0.87,1.91,0.77,1.43,1.07,1.4,20.56,9.76,0.86,19.26,13.42
design_0037,0.99,2.42,0.57,1.67,0.83,2.99,1.05,1.73,18.44,9.2,0.85,22.62,17.06
design_0038,0.89,2.61,0.63,2.45,1.07,2.1,1.09,1.7,17.76,9.03,0.85,16.23,10.6
design_0039,0.99,2.28,1.14,1.95,0.68,1.74,1.06,1.52,19.76,9.36,0.86,14.59,12.52
design_0040,1.21,2.39,1.55,2.49,1.11,8.61,2.25,4.64,17.46,8.99,0.85,15.82,12.47
design_0041,1.02,2.47,1.69,2.57,1.0,7.96,2.12,4.34,16.23,8.36,0.85,22.2,15.32
design_0042,0.9,2.11,1.62,2.49,0.92,7.8,2.07,4.22,15.46,8.17,0.84,14.72,11.62
design_0043,1.03,2.62,1.54,2.61,1.23,1.69,1.3,1.88,12.41,7.43,0.83,16.58,13.18
design_0044,1.28,2.27,1.41,2.38,1.35,8.56,2.22,4.6,17.1,8.72,0.85,31.08,25.03
design_0045,1.08,2.59,1.3,2.55,1.11,8.05,2.17,4.38,17.58,9.09,0.84,15.22,12.15
design_0046,1.44,2.7,1.62,2.44,1.35,1.99,1.33,1.99,12.12,7.43,0.82,16.55,12.95
design_0047,0.82,2.16,1.41,2.46,0.93,7.32,1.96,3.98,14.0,7.94,0.83,13.99,10.58
design_0048,1.1,2.01,2.46,1.76,1.14,2.09,1.17,1.84,16.64,8.64,0.85,12.58,11.25
design_0049,1.11,1.85,2.39,1.68,1.0,1.4,1.16,1.65,15.71,8.4,0.83,13.96,7.39
design_0050,1.13,2.36,1.63,1.79,1.15,2.1,1.19,1.75,17.07,8.81,0.84,8.84,6.94
design_0051,1.04,1.89,1.59,1.57,1.24,2.86,1.12,1.8,15.97,8.39,0.84,9.32,6.15
design_0052,1.14,2.22,1.72,1.66,1.17,2.18,1.16,1.73,17.09,8.8,0.85,21.29,17.56
design_0053,1.2,2.32,1.95,1.71,1.2,2.12,1.2,1.8,17.02,8.87,0.84,11.82,10.91
design_0054,1.22,2.45,2.0,2.1,1.42,2.05,1.22,1.92,9.46,6.22,0.83,17.55,12.99
design_0055,1.1,1.87,4.4,2.06,0.99,2.78,1.36,2.52,17.21,8.66,0.86,18.87,14.28
design_0056,1.52,2.98,1.05,1.6,1.34,3.21,1.31,2.19,17.98,9.2,0.85,14.14,11.34
design_0057,1.5,3.18,1.26,1.88,1.28,2.08,1.35,1.99,17.37,8.93,0.85,6.99,5.18
design_0058,1.51,3.04,1.68,2.14,1.39,2.04,1.33,2.04,17.38,9.07,0.84,17.05,12.25
design_0059,1.55,3.03,1.41,1.93,1.25,2.02,1.32,1.96,17.5,9.07,0.84,14.58,10.8
design_0060,1.41,2.72,1.92,1.73,1.04,2.42,1.27,1.97,16.33,8.6,0.85,17.67,13.22
design_0061,1.5,2.86,1.99,1.81,1.19,5.45,1.61,3.01,15.89,8.0,0.86,16.88,12.93
design_0062,1.3,2.76,1.75,2.43,1.42,2.13,1.3,2.04,15.07,8.25,0.84,32.94,25.89
design_0063,1.39,3.13,1.21,1.92,1.45,2.16,1.36,2.0,16.61,8.75,0.84,3.96,3.41
design_0064,1.1,1.95,1.95,1.78,0.87,3.18,1.24,2.07,16.93,8.95,0.83,25.75,18.13
design_0065,1.27,2.16,2.48,1.91,0.69,2.77,1.3,2.13,15.51,8.43,0.83,25.68,16.67
design_0066,1.43,2.0,3.49,2.02,0.87,3.75,1.54,2.73,15.0,8.22,0.82,13.99,8.77
design_0067,1.34,2.14,4.5,1.75,0.59,2.62,1.54,2.79,16.49,8.75,0.84,29.91,21.89
design_0068,0.98,2.03,3.07,1.7,0.63,1.73,1.23,2.03,15.79,8.58,0.82,29.13,20.4
design_0069,1.14,1.98,2.21,1.88,0.62,2.91,1.24,2.06,11.14,6.99,0.82,15.58,11.25
design_0070,1.21,1.99,1.83,2.16,0.83,2.67,1.26,1.95,15.2,8.23,0.84,28.99,21.53
design_0071,1.22,1.83,1.78,1.74,0.64,2.64,1.15,1.84,15.68,8.5,0.83,28.76,19.87
design_0072,1.61,2.93,1.68,2.47,1.44,1.68,1.46,2.03,13.56,7.2,0.86,2.44,2.35
design_0073,2.42,3.32,2.42,2.78,1.56,1.65,1.68,2.44,15.56,7.88,0.87,31.75,24.64
design_0074,1.81,3.4,2.23,2.59,1.54,1.4,1.59,2.26,15.69,7.92,0.87,6.49,4.21
design_0075,1.88,3.01,1.97,2.6,1.36,1.43,1.51,2.12,16.42,8.17,0.87,17.37,10.77
design_0076,1.67,3.38,1.98,3.01,1.43,1.58,1.63,2.29,14.37,7.41,0.87,6.77,5.16
design_0077,1.98,3.2,2.03,2.66,1.61,1.42,1.6,2.23,16.03,8.02,0.87,14.19,11.23
design_0078,1.64,3.39,2.1,2.65,1.5,1.42,1.57,2.22,15.6,7.94,0.86,5.26,3.32
design_0079,1.89,3.14,2.08,2.98,1.58,1.52,1.64,2.29,15.24,7.82,0.86,5.46,3.66
design_0080,1.52,1.5,0.62,1.98,1.14,3.68,1.4,2.22,19.18,9.74,0.83,34.94,23.9
design_0081,1.33,1.22,1.14,1.6,1.32,4.46,1.42,2.52,9.92,6.6,0.82,12.18,9.29
design_0082,1.72,1.12,1.11,2.08,1.22,3.09,1.33,2.03,16.73,8.85,0.83,16.9,12.53
design_0083,1.54,1.68,1.18,1.97,1.2,3.92,1.44,2.38,19.42,9.76,0.84,29.86,17.0
design_0084,1.65,1.29,0.68,2.05,1.06,3.76,1.37,2.26,18.13,9.36,0.84,12.76,8.28
design_0085,1.61,1.46,0.59,2.18,1.08,3.47,1.38,2.16,18.2,9.38,0.84,25.58,18.97
design_0086,1.53,1.56,0.72,1.98,1.14,3.79,1.39,2.28,19.37,9.84,0.84,35.15,24.96
design_0087,1.72,1.69,1.1,1.97,1.34,4.09,1.51,2.47,17.82,9.24,0.84,28.25,20.97
design_0088,1.14,1.66,2.12,2.34,1.23,1.04,1.26,1.76,17.56,8.34,0.88,19.95,9.22
design_0089,1.2,1.77,1.82,2.68,1.25,1.29,1.35,1.78,16.81,8.06,0.88,14.88,10.77
design_0090,1.15,1.74,1.83,2.75,1.06,1.1,1.34,1.76,18.54,8.69,0.88,20.95,10.07
design_0091,1.14,1.67,1.23,1.86,1.15,0.97,1.1,1.37,18.78,8.54,0.89,20.13,16.07
design_0092,1.13,1.77,1.53,2.5,0.98,1.21,1.25,1.62,17.43,8.34,0.87,10.09,5.18
design_0093,1.07,1.65,1.25,1.92,1.1,0.99,1.1,1.37,17.37,8.19,0.88,20.25,13.02
design_0094,1.19,1.35,1.16,1.89,0.92,0.91,1.08,1.28,16.69,7.97,0.88,25.13,16.26
design_0095,1.34,1.88,2.37,2.81,1.53,1.34,1.46,2.05,19.88,9.23,0.88,29.09,14.19
design_0096,1.19,1.4,3.18,1.94,1.06,1.14,1.23,1.75,15.21,7.58,0.87,30.04,23.67
design_0097,1.05,1.24,3.24,1.97,0.97,0.97,1.17,1.71,14.42,7.27,0.87,17.31,14.0
design_0098,1.2,1.56,2.85,2.03,1.22,1.2,1.24,1.74,15.54,8.01,0.86,30.52,24.55
design_0099,1.2,1.38,3.22,2.13,1.19,1.1,1.25,1.81,17.57,8.53,0.87,34.23,22.99
design_0100,1.15,1.5,3.05,2.16,1.16,1.24,1.25,1.79,17.16,8.42,0.87,19.94,16.53
design_0101,1.15,1.44,3.3,2.06,1.22,1.22,1.27,1.83,17.13,8.29,0.88,35.03,23.67
design_0102,1.15,1.62,3.31,2.21,1.29,1.21,1.32,1.9,17.71,8.49,0.88,37.5,25.84
design_0103,1.29,1.31,3.26,2.13,1.28,1.11,1.25,1.83,17.2,8.37,0.88,28.52,22.8
design_0104,0.97,2.19,1.95,2.51,1.15,3.36,1.42,2.27,18.91,9.52,0.85,29.1,23.45
design_0105,1.13,2.72,3.17,2.86,1.04,3.79,1.69,2.81,11.16,6.7,0.84,18.16,9.8
design_0106,0.95,2.31,2.09,2.39,0.99,3.38,1.42,2.29,19.09,9.53,0.85,33.52,26.02
design_0107,0.97,2.3,1.98,2.65,1.19,3.13,1.43,2.25,17.65,8.87,0.85,25.62,22.2
design_0108,0.99,2.65,2.47,2.71,1.05,3.42,1.58,2.49,17.74,9.29,0.82,21.32,15.83
design_0109,0.96,2.24,1.71,2.43,1.14,2.88,1.35,2.07,17.54,8.85,0.85,5.43,6.36
design_0110,1.05,2.68,3.44,2.61,1.19,3.24,1.63,2.7,13.57,7.64,0.83,17.63,9.35
design_0111,0.93,2.34,1.47,2.69,1.25,2.3,1.37,1.93,17.45,8.79,0.85,19.69,15.84
design_0112,1.11,1.9,2.39,1.83,1.3,2.62,1.27,1.99,18.1,9.06,0.85,21.6,16.36
design_0113,1.16,1.88,2.69,1.81,1.22,1.68,1.27,1.92,21.25,10.19,0.84,36.08,22.3
design_0114,1.27,1.94,1.89,1.79,1.25,2.59,1.25,1.86,14.81,8.03,0.83,7.65,5.29
design_0115,1.18,1.84,2.5,1.85,1.26,2.59,1.29,2.02,17.33,8.78,0.85,11.62,7.95
design_0116,1.1,2.0,1.5,1.86,1.36,2.3,1.17,1.72,14.55,7.93,0.84,6.78,5.23
design_0117,1.19,1.68,2.07,1.78,1.15,2.98,1.22,1.94,18.96,9.31,0.85,28.59,23.15
design_0118,1.21,1.95,2.09,1.95,1.2,1.8,1.25,1.78,15.43,8.21,0.83,24.61,18.22
design_0119,1.24,1.5,3.4,2.04,1.15,2.95,1.39,2.38,18.17,9.02,0.86,32.44,22.96
design_0120,1.02,1.19,2.34,2.13,1.04,1.89,1.21,1.73,16.03,8.41,0.84,13.71,11.45
design_0121,1.05,1.17,2.05,2.32,0.99,5.63,1.6,3.07,17.48,9.08,0.84,6.81,8.18
design_0122,0.82,1.71,0.55,2.07,1.09,5.9,1.62,3.08,18.47,9.32,0.85,29.4,23.08
design_0123,0.58,1.28,0.46,2.11,0.97,5.97,1.61,3.08,17.84,9.07,0.85,18.23,15.4
design_0124,0.88,1.47,2.06,2.12,1.01,5.53,1.6,3.02,18.09,9.23,0.84,15.28,12.62
design_0125,0.71,1.88,1.6,1.94,0.98,5.24,1.51,2.85,16.98,8.83,0.84,16.26,13.06
design_0126,1.05,1.56,2.36,2.07,1.13,1.91,1.24,1.77,17.7,9.05,0.85,26.4,20.06
design_0127,0.69,1.56,1.2,2.18,1.17,1.82,1.16,1.54,16.07,8.58,0.83,13.21,8.64
design_0128,1.34,3.08,4.01,2.62,1.27,4.05,1.72,3.16,16.84,8.74,0.84,30.29,23.86
design_0129,1.48,3.16,2.65,3.11,0.87,2.6,1.53,2.49,15.43,8.51,0.83,29.88,22.17
design_0130,1.85,3.52,2.33,3.41,1.13,2.95,1.69,2.69,16.41,8.73,0.83,17.55,11.89
design_0131,1.57,3.28,2.39,2.97,1.03,3.18,1.59,2.62,18.1,9.3,0.84,15.22,10.87
design_0132,1.48,2.89,2.33,2.85,1.17,3.08,1.53,2.5,15.57,8.47,0.84,15.17,11.46
design_0133,1.34,3.06,2.23,2.59,0.71,2.86,1.41,2.36,14.17,8.18,0.82,17.81,13.7
design_0134,1.34,3.01,2.01,2.41,0.72,6.17,1.87,3.59,17.65,9.35,0.83,14.68,10.05
design_0135,1.43,3.28,1.95,2.83,0.93,2.89,1.5,2.42,12.45,7.32,0.83,7.62,6.49
design_0136,0.92,2.75,0.85,2.11,0.71,3.37,1.29,2.22,16.76,8.5,0.86,33.2,27.18
design_0137,0.99,2.89,1.0,1.98,0.7,2.4,1.16,1.91,16.49,8.62,0.84,16.51,14.02
design_0138,0.96,3.04,0.97,2.31,0.78,2.69,1.26,2.1,16.81,8.76,0.85,30.07,23.58
design_0139,0.94,2.88,1.03,2.26,0.75,2.25,1.23,1.92,16.88,8.79,0.84,34.56,27.37
design_0140,1.09,3.14,0.92,2.6,0.84,2.94,1.39,2.26,17.44,8.67,0.86,36.09,27.15
design_0141,1.03,3.01,0.91,2.47,1.16,2.28,1.28,2.03,15.76,8.29,0.84,31.84,24.88
design_0142,0.88,2.73,0.93,2.24,1.01,2.18,1.19,1.87,15.03,7.84,0.85,15.91,13.11
design_0143,0.95,3.08,1.05,2.09,0.72,2.91,1.29,2.14,18.31,9.29,0.85,32.25,24.01
design_0144,0.95,2.22,1.51,2.34,0.98,0.86,1.11,1.6,16.19,8.37,0.85,8.06,6.62
design_0145,0.96,2.31,1.54,2.02,1.39,0.9,1.14,1.6,15.77,8.08,0.86,22.03,15.02
design_0146,0.91,2.08,2.94,1.87,0.8,0.86,1.13,1.79,16.53,8.62,0.85,8.89,7.18
design_0147,1.01,2.38,2.39,1.96,1.21,0.95,1.18,1.77,16.67,8.39,0.86,12.24,11.69
design_0148,0.88,1.99,3.46,2.04,0.73,0.81,1.17,1.96,16.08,8.43,0.84,12.16,10.34
design_0149,1.29,2.38,1.75,2.25,1.2,0.93,1.24,1.73,16.68,8.42,0.86,16.54,10.26
design_0150,0.83,1.96,2.1,2.31,0.9,0.81,1.07,1.64,15.45,8.16,0.85,5.8,5.99
design_0151,0.82,2.01,1.46,1.91,1.03,0.95,1.06,1.44,15.16,7.93,0.86,4.22,5.49
design_0152,1.29,1.88,1.39,2.25,1.39,3.83,1.46,2.39,13.98,8.05,0.82,19.4,15.41
design_0153,1.27,1.87,1.35,2.25,1.27,2.79,1.3,1.97,18.61,9.69,0.83,20.87,16.84
design_0154,1.25,2.07,1.84,2.5,0.94,3.03,1.43,2.19,18.4,9.74,0.82,27.07,19.88
design_0155,1.49,2.18,1.53,2.48,1.15,3.19,1.47,2.23,18.03,9.41,0.83,13.15,9.39
design_0156,1.42,2.13,1.77,2.52,1.23,3.6,1.54,2.42,17.32,9.26,0.82,24.25,17.88
design_0157,1.3,2.33,1.64,2.49,1.15,4.13,1.58,2.6,16.41,8.96,0.82,20.95,15.15
design_0158,1.0,1.46,0.96,1.91,0.77,4.06,1.33,2.3,16.74,8.92,0.83,18.46,13.67
design_0159,1.42,2.19,1.57,2.56,1.04,2.98,1.42,2.16,17.04,9.08,0.82,27.26,22.27
design_0160,1.45,2.39,1.78,2.68,0.85,2.39,1.37,2.06,17.18,9.0,0.84,17.49,10.3
design_0161,1.69,2.73,1.63,2.67,0.92,2.06,1.37,2.03,14.17,8.12,0.82,13.11,9.96
design_0162,1.23,2.26,1.22,2.33,0.88,3.11,1.29,2.1,17.53,9.38,0.83,5.85,6.48
design_0163,1.48,2.51,1.45,2.64,0.92,2.04,1.34,1.93,19.27,9.82,0.83,26.51,19.24
design_0164,1.34,2.43,1.49,2.31,0.86,2.48,1.26,1.96,14.98,8.52,0.82,10.19,7.89
design_0165,0.83,2.04,1.17,2.14,0.82,3.4,1.23,2.11,17.18,9.41,0.82,15.1,11.39
design_0166,1.31,2.22,1.55,2.42,0.8,1.8,1.23,1.77,16.1,8.97,0.82,12.1,8.4
design_0167,1.34,2.49,1.57,2.79,1.08,2.13,1.36,1.99,16.02,8.75,0.82,13.66,9.61
design_0168,1.34,2.77,2.2,2.09,1.38,2.59,1.36,2.2,17.77,9.6,0.81,23.01,17.69
design_0169,1.22,2.5,2.76,2.3,1.25,6.31,1.91,3.8,16.97,9.13,0.82,9.28,8.95
design_0170,1.17,1.65,3.11,2.19,1.19,6.93,2.05,4.06,18.44,9.63,0.83,28.35,21.27
design_0171,1.04,1.16,2.12,1.87,1.0,5.35,1.61,3.13,17.78,9.46,0.83,7.09,8.43
design_0172,1.61,2.57,2.41,2.63,1.02,4.39,1.69,2.96,12.04,7.09,0.83,28.81,21.91
design_0173,1.5,1.95,2.33,2.39,0.81,3.2,1.45,2.35,17.94,9.27,0.84,10.06,7.22
design_0174,1.26,2.2,3.32,1.85,1.05,6.06,1.85,3.69,18.02,9.49,0.83,5.72,6.47
design_0175,1.12,1.9,2.16,2.02,0.81,3.06,1.3,2.17,18.56,9.67,0.83,15.16,12.39
design_0176,0.79,1.54,0.64,1.33,0.89,2.27,0.93,1.34,16.99,8.59,0.85,23.73,17.66
design_0177,0.84,1.04,0.33,1.5,0.85,2.37,0.9,1.31,15.13,7.95,0.85,15.79,12.27
design_0178,0.89,0.96,0.79,1.35,0.8,1.81,0.9,1.16,16.03,8.35,0.84,13.72,9.83
design_0179,0.8,0.84,0.58,1.34,0.76,2.68,0.89,1.36,15.62,8.02,0.86,18.97,14.2
design_0180,0.84,0.93,0.46,1.39,0.74,2.24,0.87,1.23,16.77,8.47,0.85,25.8,18.48
design_0181,0.84,1.08,0.35,1.36,0.97,2.32,0.93,1.28,17.04,8.55,0.86,16.95,14.76
design_0182,0.53,1.47,0.33,1.28,0.64,2.18,0.85,1.23,16.66,8.52,0.85,19.75,12.79
design_0183,1.03,1.42,0.48,1.67,0.91,1.78,1.06,1.27,16.73,8.57,0.85,16.18,10.43
design_0184,0.73,1.18,1.27,1.53,0.81,5.3,1.4,2.68,17.99,9.19,0.84,28.94,24.39
design_0185,1.08,1.22,1.5,1.5,0.91,5.22,1.38,2.69,15.44,8.34,0.83,7.43,6.92
design_0186,1.27,1.41,1.51,1.69,1.07,2.22,1.12,1.62,17.65,9.12,0.84,15.66,12.94
design_0187,1.1,1.22,1.01,1.6,0.92,2.7,1.08,1.65,17.07,9.03,0.83,15.59,8.04
design_0188,1.04,1.31,1.15,1.61,0.91,4.48,1.25,2.37,16.5,8.75,0.83,27.34,19.65
design_0189,1.04,1.25,1.68,1.57,0.82,5.08,1.36,2.65,16.63,8.77,0.84,16.39,12.31
design_0190,0.62,1.1,1.31,1.57,0.87,4.52,1.24,2.35,15.59,8.4,0.84,12.05,9.72
design_0191,1.08,1.28,1.41,1.61,1.05,5.53,1.45,2.83,17.91,9.15,0.84,7.27,8.2
design_0192,1.59,2.62,1.13,3.08,1.31,1.51,1.38,1.96,16.87,8.24,0.87,30.26,21.51
design_0193,1.21,2.53,1.25,2.73,1.14,1.42,1.28,1.8,15.84,7.87,0.87,36.22,27.56
design_0194,1.22,2.53,1.69,2.54,1.44,1.23,1.26,1.85,18.08,8.83,0.86,34.2,26.39
design_0195,1.45,2.7,1.38,2.87,1.42,1.9,1.38,2.0,17.77,8.53,0.87,27.77,20.68
design_0196,1.34,2.69,1.01,3.13,1.26,1.37,1.36,1.93,16.65,8.24,0.87,32.18,21.18
design_0197,1.31,2.39,1.19,2.6,1.25,1.48,1.24,1.76,17.47,8.59,0.87,30.06,22.51
design_0198,1.42,2.71,1.31,2.62,1.38,1.52,1.35,1.88,16.82,8.34,0.86,34.71,26.02
design_0199,1.52,2.67,1.32,2.74,1.44,1.51,1.35,1.92,17.64,8.63,0.87,39.58,30.14
design_0200,1.23,1.54,0.72,1.65,1.21,0.84,1.1,1.23,16.16,7.76,0.89,31.7,25.65
design_0201,1.47,1.72,1.97,1.97,1.01,1.09,1.29,1.64,16.87,8.16,0.88,31.44,24.48
design_0202,1.08,1.57,0.68,1.64,0.81,0.89,1.09,1.16,15.61,7.67,0.88,29.76,23.79
design_0203,1.05,1.49,0.93,1.67,0.89,0.96,1.1,1.2,15.1,7.63,0.87,29.5,23.12
design_0204,1.19,1.62,0.68,1.7,0.96,0.89,1.12,1.22,16.31,7.91,0.88,29.59,23.15
design_0205,1.15,1.5,1.38,1.8,0.88,0.95,1.18,1.34,17.1,8.16,0.88,33.26,25.45
design_0206,1.14,1.59,0.67,1.67,0.96,0.86,1.1,1.19,14.84,7.34,0.88,30.97,23.93
design_0207,1.53,1.84,1.83,2.2,1.12,1.16,1.33,1.7,17.04,8.23,0.88,33.16,22.18
design_0208,1.32,2.14,1.47,1.57,1.01,4.29,1.36,2.41,17.52,9.22,0.83,34.54,25.13
design_0209,1.21,2.21,0.65,1.56,1.37,5.1,1.45,2.69,17.49,9.17,0.83,30.41,23.4
design_0210,1.1,2.19,1.25,1.54,1.01,2.26,1.18,1.67,16.52,8.85,0.83,11.0,7.09
design_0211,1.28,2.43,1.14,1.65,1.04,4.79,1.43,2.62,16.5,8.76,0.84,30.48,23.98
design_0212,1.15,2.44,1.26,1.62,1.03,4.9,1.47,2.66,17.99,9.21,0.85,30.57,23.3
design_0213,1.26,2.04,4.48,1.5,0.89,1.71,1.32,2.31,14.87,8.25,0.83,31.08,23.65
design_0214,1.17,2.5,1.77,1.62,0.95,5.01,1.52,2.76,17.29,8.99,0.84,25.42,19.49
design_0215,1.3,2.27,0.72,1.64,1.05,4.79,1.43,2.58,17.4,9.16,0.83,36.31,26.81
design_0216,0.56,1.16,1.92,2.39,1.07,0.99,1.12,1.52,16.56,8.05,0.88,12.24,11.63
design_0217,0.66,1.19,2.32,2.09,0.88,1.07,1.1,1.54,16.69,8.29,0.87,9.66,8.83
design_0218,1.19,0.85,2.39,2.33,0.92,1.18,1.16,1.66,16.26,7.99,0.88,20.07,19.04
design_0219,0.81,0.93,3.33,2.11,0.79,1.04,1.19,1.83,17.48,8.47,0.88,31.05,23.08
design_0220,0.54,1.37,1.27,2.42,0.82,1.18,1.06,1.42,16.03,7.86,0.88,10.13,9.35
design_0221,0.75,0.89,1.8,2.2,0.95,0.99,1.06,1.41,17.38,8.55,0.87,12.8,10.91
design_0222,0.51,1.32,1.45,2.5,1.41,1.03,1.14,1.52,16.89,8.31,0.87,21.25,17.52
design_0223,0.53,1.25,0.94,1.93,0.73,1.02,0.96,1.17,16.56,8.03,0.88,14.84,14.04
design_0224,1.14,2.12,1.21,2.21,0.85,8.62,2.21,4.58,17.7,9.05,0.85,16.56,13.22
design_0225,1.05,2.1,0.84,2.32,1.24,8.64,2.24,4.59,16.48,8.79,0.83,5.62,6.62
design_0226,1.16,1.7,0.96,2.15,0.89,8.41,2.15,4.44,17.08,9.04,0.83,8.07,7.23
design_0227,1.24,1.95,1.18,2.09,0.79,8.3,2.13,4.41,17.74,9.11,0.84,13.25,10.26
design_0228,0.95,2.08,1.76,2.5,1.03,4.15,1.51,2.6,16.81,9.14,0.82,30.58,23.5
design_0229,1.29,1.53,1.8,2.48,0.96,4.48,1.51,2.7,17.63,9.39,0.83,30.13,23.68
design_0230,1.21,1.81,1.03,2.29,0.89,8.79,2.26,4.64,18.05,9.25,0.84,19.19,15.77
design_0231,1.19,1.74,3.71,2.15,0.8,3.19,1.39,2.45,17.64,9.35,0.83,29.88,23.36
design_0232,1.42,2.55,3.66,2.49,1.0,0.97,1.31,2.23,17.49,8.87,0.86,32.56,25.6
design_0233,1.52,2.56,3.19,2.72,1.33,1.02,1.32,2.21,16.95,8.75,0.85,15.01,12.67
design_0234,1.44,2.62,1.06,2.56,1.07,0.98,1.22,1.78,17.34,8.83,0.86,33.93,27.46
design_0235,1.94,2.95,1.14,2.7,1.48,1.16,1.36,2.04,14.94,8.03,0.85,5.2,4.58
design_0236,1.57,2.88,1.02,2.88,1.0,1.04,1.29,1.94,16.4,8.48,0.85,32.51,25.87
design_0237,1.73,3.53,1.49,2.74,1.62,1.06,1.46,2.2,12.74,7.22,0.84,15.61,11.66
design_0238,1.51,2.62,2.72,2.62,1.18,1.06,1.31,2.08,14.6,7.91,0.85,8.12,5.25
design_0239,1.5,2.46,3.64,2.71,0.97,0.89,1.37,2.26,17.16,8.77,0.86,38.73,29.42
design_0240,1.43,2.64,6.6,2.68,1.24,1.33,1.97,3.79,18.23,8.92,0.85,42.24,29.41
design_0241,0.9,2.78,2.8,1.82,1.24,1.1,1.16,2.05,13.56,6.69,0.89,11.89,9.07
design_0242,1.87,3.37,4.56,2.81,1.81,1.35,1.8,3.11,14.49,7.46,0.85,30.18,23.05
design_0243,1.38,2.37,1.22,2.33,2.3,1.2,1.24,1.83,3.43,3.17,0.89,1.9,2.03
design_0244,1.18,2.8,2.82,1.96,1.96,1.13,1.26,2.18,11.98,6.15,0.89,3.63,3.35
design_0245,1.64,3.39,4.43,2.84,1.46,1.31,1.73,3.01,17.44,8.31,0.88,10.74,9.75
design_0246,1.06,2.68,3.19,2.54,2.23,1.04,1.35,2.41,6.72,4.49,0.87,30.06,23.3
design_0247,1.12,3.12,3.01,2.22,1.54,1.07,1.33,2.29,12.13,6.37,0.86,23.08,18.16
design_0248,1.17,2.2,1.09,2.16,0.96,6.79,1.96,3.9,15.14,8.55,0.81,12.01,7.86
design_0249,1.44,2.52,1.18,2.24,1.04,7.95,2.23,4.53,15.35,8.51,0.82,15.37,11.12
design_0250,1.02,2.01,2.07,2.23,0.92,6.28,1.85,3.68,15.86,8.8,0.82,16.56,12.66
design_0251,1.31,2.23,2.33,2.22,1.02,6.9,2.03,4.04,17.71,9.37,0.83,21.19,13.59
design_0252,1.19,2.29,0.68,2.08,0.94,7.0,1.99,3.99,14.92,8.42,0.82,15.81,12.0
design_0253,1.39,2.44,1.81,2.51,1.15,7.66,2.19,4.43,16.67,8.97,0.82,18.32,12.81
design_0254,1.22,2.36,2.24,2.33,1.01,2.1,1.3,1.97,15.27,8.69,0.81,15.46,11.9
design_0255,1.28,1.95,0.59,2.4,0.98,6.25,1.88,3.62,16.59,8.98,0.82,6.05,4.72
design_0256,1.52,2.69,0.91,3.24,0.99,1.38,1.42,1.99,16.11,7.84,0.88,26.44,20.65
design_0257,1.54,2.59,1.24,3.17,0.98,1.3,1.39,1.98,15.94,7.86,0.87,25.68,18.06
design_0258,1.46,2.59,0.73,3.13,0.94,1.32,1.35,1.91,16.68,8.05,0.88,38.4,27.31
design_0259,1.44,2.41,1.4,3.22,1.13,1.18,1.34,1.98,16.14,7.93,0.87,29.82,23.57
design_0260,1.43,2.52,1.28,3.08,0.91,1.24,1.35,1.92,16.34,8.03,0.87,31.47,24.97
design_0261,1.59,2.59,1.15,3.04,0.96,1.29,1.36,1.94,16.59,8.07,0.87,33.07,25.26
design_0262,1.72,2.69,1.61,3.3,1.16,1.3,1.47,2.14,16.41,7.71,0.89,29.2,23.95
design_0263,1.64,2.62,1.47,3.12,1.12,1.23,1.4,2.03,16.65,8.1,0.88,35.27,27.62
design_0264,1.35,2.14,2.8,2.48,1.09,2.75,1.61,2.33,18.0,9.31,0.83,37.46,23.14
design_0265,1.37,2.43,1.88,2.33,1.09,2.22,1.48,1.98,18.68,9.74,0.83,34.76,22.45
design_0266,1.26,1.92,1.83,1.88,1.01,2.49,1.33,1.89,17.55,9.5,0.81,16.05,11.03
design_0267,1.45,1.6,2.36,2.31,1.34,2.68,1.52,2.14,13.57,7.86,0.82,17.94,10.32
design_0268,1.35,2.0,2.97,2.22,1.15,2.22,1.53,2.19,17.91,9.29,0.83,29.51,21.62
design_0269,1.13,1.42,1.17,1.96,0.97,3.09,1.32,1.93,17.91,9.54,0.82,25.03,18.67
design_0270,0.89,1.42,0.78,1.83,0.85,2.24,1.16,1.51,16.75,9.0,0.82,29.61,23.39
design_0271,1.01,1.67,2.4,2.03,0.9,2.51,1.39,2.0,19.65,10.04,0.82,36.81,23.79
design_0272,1.01,2.14,2.19,1.85,1.34,2.1,1.24,1.87,17.5,8.85,0.86,13.13,9.95
design_0273,1.51,2.21,1.64,2.13,0.91,2.69,1.35,1.99,15.87,8.43,0.83,5.99,5.74
design_0274,1.27,2.3,2.06,1.78,1.16,2.78,1.27,2.05,17.0,8.64,0.85,23.02,17.64
design_0275,1.21,2.2,1.71,1.82,0.93,2.37,1.18,1.83,17.08,8.95,0.84,11.35,9.22
design_0276,1.17,2.12,1.86,1.81,0.96,3.02,1.3,2.04,15.68,8.35,0.84,14.46,11.77
design_0277,1.24,2.13,1.7,2.06,1.48,3.01,1.34,2.09,13.33,7.5,0.83,4.78,4.28
design_0278,1.36,2.38,1.69,2.11,0.92,2.42,1.32,1.93,16.84,8.82,0.84,13.28,7.87
design_0279,1.37,2.54,1.89,1.94,0.76,2.26,1.26,1.92,16.85,8.91,0.83,6.56,5.37
design_0280,1.19,1.99,1.15,1.29,0.58,1.56,1.01,1.35,17.67,9.05,0.84,29.78,20.56
design_0281,1.14,2.1,3.08,1.63,1.65,2.67,1.35,2.31,9.9,6.12,0.84,19.73,16.93
design_0282,1.49,2.43,1.13,2.04,1.3,1.89,1.28,1.71,17.61,8.87,0.85,24.26,15.87
design_0283,1.04,1.95,0.68,1.5,0.83,4.85,1.33,2.46,19.9,9.79,0.85,31.03,20.62
design_0284,1.19,1.93,3.19,1.69,0.83,2.48,1.34,2.24,16.83,8.83,0.83,13.66,8.53
design_0285,0.99,1.92,0.86,1.53,1.06,5.16,1.39,2.61,18.06,9.15,0.84,13.23,11.75
design_0286,1.07,1.69,2.89,1.64,0.85,2.49,1.26,2.09,17.03,8.99,0.83,10.68,11.74
design_0287,1.39,2.1,1.51,1.93,1.11,1.98,1.27,1.71,18.99,9.54,0.85,23.51,16.3
design_0288,1.27,2.29,2.32,1.74,1.25,3.43,1.39,2.39,18.43,9.49,0.83,22.3,17.92
design_0289,1.39,1.92,1.92,1.78,1.02,3.01,1.27,2.1,18.49,9.64,0.82,14.23,10.07
design_0290,1.42,1.73,2.71,1.95,2.02,2.89,1.45,2.35,6.44,5.14,0.84,29.36,20.69
design_0291,1.46,2.02,1.37,1.99,1.16,3.26,1.35,2.14,19.55,9.86,0.83,33.48,25.08
design_0292,1.34,1.88,1.56,1.6,0.65,2.88,1.19,1.93,18.97,9.64,0.83,34.12,26.39
design_0293,1.45,2.16,1.48,1.99,1.2,3.47,1.33,2.25,17.43,9.32,0.82,31.22,22.34
design_0294,1.31,1.76,1.64,1.78,1.02,3.3,1.26,2.13,17.8,9.4,0.82,22.31,16.34
design_0295,1.29,1.73,3.77,1.82,0.9,3.56,1.56,2.8,18.04,9.61,0.82,29.4,21.81
design_0296,1.53,1.37,1.06,2.35,1.05,3.26,1.38,2.08,19.83,9.95,0.84,32.51,22.06
design_0297,1.29,1.02,1.31,2.27,1.03,3.24,1.25,2.04,17.73,9.26,0.83,11.69,7.99
design_0298,2.05,1.68,2.55,2.34,1.79,3.75,1.68,2.63,8.63,6.16,0.82,10.45,9.34
design_0299,1.42,1.46,1.23,2.32,1.03,3.18,1.35,2.06,18.91,9.57,0.84,30.1,16.25
design_0300,1.45,1.49,1.11,2.37,1.0,3.2,1.35,2.07,17.77,9.15,0.83,27.79,21.22
design_0301,1.01,0.97,1.18,1.77,0.81,3.4,1.16,1.97,18.78,9.61,0.83,22.3,16.59
design_0302,1.47,1.4,1.01,2.23,1.06,3.15,1.37,2.01,19.57,9.86,0.84,22.41,15.53
design_0303,1.24,1.07,1.18,2.07,0.88,3.84,1.31,2.22,18.02,9.39,0.84,18.26,14.18
design_0304,1.27,2.2,2.57,1.89,0.86,3.0,1.39,2.25,15.55,8.55,0.82,30.14,21.89
design_0305,1.12,1.92,2.24,1.53,0.79,3.03,1.21,2.1,18.16,9.53,0.83,8.9,8.01
design_0306,1.33,2.01,2.98,1.75,0.9,3.03,1.41,2.32,19.18,9.78,0.84,28.73,20.04
design_0307,1.32,2.1,2.67,1.74,0.94,2.73,1.35,2.16,17.48,9.2,0.83,20.24,14.41
design_0308,1.27,2.33,2.7,1.7,1.17,3.67,1.43,2.52,16.18,8.78,0.83,9.04,8.1
design_0309,1.07,1.75,2.73,1.54,0.79,3.82,1.36,2.48,17.42,9.27,0.83,10.31,7.15
design_0310,0.95,1.47,1.78,1.67,0.88,3.12,1.2,2.0,17.27,9.21,0.82,8.98,7.43
design_0311,1.02,2.07,1.88,1.66,0.98,2.47,1.19,1.86,14.88,8.33,0.82,16.46,13.3
design_0312,1.35,1.23,3.08,1.77,0.91,5.58,1.65,3.29,14.21,7.91,0.83,14.59,11.9
design_0313,1.56,1.11,2.69,1.61,0.78,5.32,1.59,3.11,15.29,8.37,0.83,9.3,8.6
design_0314,1.36,1.4,2.66,2.24,0.68,5.7,1.68,3.34,19.27,9.66,0.85,24.06,20.33
design_0315,1.44,1.08,2.91,1.62,0.86,5.4,1.6,3.17,15.0,8.25,0.83,13.95,11.28
design_0316,1.35,1.01,2.71,1.74,0.84,5.44,1.61,3.16,17.63,9.07,0.84,16.31,15.69
design_0317,1.34,1.12,2.97,1.81,0.83,5.52,1.62,3.25,15.99,8.55,0.84,12.65,10.64
design_0318,1.16,1.47,3.25,1.69,0.69,5.3,1.6,3.18,18.54,9.46,0.84,20.68,15.13
design_0319,1.31,1.43,2.78,1.76,1.0,4.94,1.51,2.98,17.52,9.19,0.83,19.6,14.99
design_0320,1.29,1.22,1.45,1.59,1.1,2.69,1.13,1.67,18.77,9.42,0.84,30.3,26.29
design_0321,1.21,1.15,2.54,1.54,1.04,2.14,1.16,1.85,18.03,9.33,0.83,30.86,22.31
design_0322,1.2,1.12,2.92,2.12,1.05,2.1,1.25,2.07,15.46,8.36,0.83,29.77,22.37
design_0323,1.29,1.37,3.29,1.8,0.96,2.61,1.36,2.29,18.09,9.24,0.84,28.65,20.94
design_0324,1.22,1.31,2.28,1.76,0.85,2.25,1.24,1.81,18.52,9.45,0.84,29.99,25.1
design_0325,1.28,0.79,3.63,1.99,1.06,1.32,1.26,2.24,18.22,9.3,0.83,29.29,23.0
design_0326,1.24,1.42,1.87,1.77,0.85,2.13,1.2,1.67,19.25,9.78,0.83,31.81,26.02
design_0327,1.1,1.36,2.42,1.54,0.82,1.89,1.19,1.76,20.48,10.07,0.83,36.64,26.52
design_0328,0.98,2.33,5.11,2.2,0.91,1.34,1.59,2.94,18.55,9.37,0.85,12.32,7.16
design_0329,0.85,2.52,1.88,2.31,0.88,1.73,1.24,1.81,17.52,8.93,0.85,21.17,15.78
design_0330,0.79,2.37,1.47,2.14,0.74,2.56,1.16,1.84,18.01,9.23,0.84,9.72,7.32
design_0331,0.69,2.45,4.18,2.28,1.24,1.77,1.5,2.62,17.76,8.78,0.86,23.85,18.95
design_0332,1.09,2.17,1.37,2.17,0.92,2.08,1.16,1.7,18.93,9.46,0.85,17.92,13.96
design_0333,0.84,2.01,5.13,2.46,1.74,1.81,1.65,3.04,10.21,6.02,0.85,15.1,14.73
design_0334,0.96,2.08,4.37,2.44,2.5,2.06,1.57,2.84,6.96,4.81,0.86,17.52,16.03
design_0335,0.77,2.26,3.68,2.11,0.79,1.89,1.38,2.37,15.67,7.88,0.86,12.71,9.23
design_0336,0.93,1.86,1.73,1.86,0.89,2.97,1.27,2.0,18.07,9.44,0.83,21.74,11.93
design_0337,0.94,1.68,1.73,1.93,1.14,2.69,1.26,1.9,13.35,7.72,0.83,18.3,15.96
design_0338,0.83,1.64,1.76,1.89,0.85,3.04,1.24,2.0,17.82,9.34,0.84,16.38,8.63
design_0339,0.82,1.63,1.76,1.9,0.94,3.06,1.24,2.01,16.91,9.07,0.83,14.74,12.12
design_0340,0.92,1.76,1.67,1.93,1.3,2.72,1.26,1.92,18.06,9.37,0.84,19.96,13.2
design_0341,0.95,1.97,1.63,2.04,1.0,3.33,1.32,2.16,17.03,9.05,0.83,14.23,11.4
design_0342,0.77,1.62,1.52,1.8,0.81,2.59,1.18,1.77,18.15,9.47,0.84,15.94,10.91
design_0343,0.86,1.36,1.17,1.67,0.75,4.66,1.39,2.56,17.77,9.35,0.83,20.3,11.14
design_0344,2.11,2.58,3.6,2.8,1.09,8.95,2.6,5.27,18.13,9.65,0.83,22.66,15.7
design_0345,1.79,2.45,2.88,2.93,1.06,8.43,2.45,4.94,16.87,9.21,0.82,19.49,15.09
design_0346,1.93,2.44,0.8,3.23,1.14,3.31,1.68,2.53,16.63,8.9,0.83,20.65,15.5
design_0347,2.18,2.46,0.77,3.34,1.15,2.56,1.63,2.33,17.94,9.37,0.84,30.17,24.54
design_0348,1.84,2.56,1.21,2.8,1.33,2.94,1.59,2.36,16.52,8.8,0.83,31.45,25.78
design_0349,1.93,2.57,0.99,3.28,1.47,3.57,1.76,2.69,17.57,9.2,0.84,24.48,20.03
design_0350,2.13,2.57,1.0,3.57,1.29,3.31,1.74,2.66,17.65,9.29,0.83,26.69,20.96
design_0351,2.08,2.57,0.91,3.57,1.12,3.19,1.77,2.6,18.12,9.43,0.83,25.62,20.11
design_0352,1.33,2.19,2.43,2.73,1.19,3.52,1.61,2.52,16.2,8.7,0.83,30.14,24.06
design_0353,1.61,2.35,1.88,2.86,1.21,3.56,1.62,2.52,15.47,8.38,0.83,28.46,21.08
design_0354,1.24,2.33,1.63,2.37,1.2,3.7,1.48,2.42,16.66,8.87,0.82,22.6,19.12
design_0355,1.18,1.81,2.35,1.98,1.17,5.06,1.59,2.95,14.75,8.23,0.83,19.85,17.16
design_0356,0.97,2.0,2.32,2.13,1.71,3.83,1.47,2.51,15.02,8.32,0.83,11.58,12.56
design_0357,1.08,1.76,2.56,2.07,1.18,5.28,1.64,3.07,14.66,8.21,0.83,20.98,18.31
design_0358,1.2,1.83,1.91,2.04,1.53,4.03,1.46,2.5,10.75,6.86,0.82,14.16,15.02
design_0359,1.33,2.33,1.78,2.23,1.11,4.3,1.56,2.65,16.78,8.9,0.84,19.31,16.64
design_0360,1.28,2.89,1.98,2.16,1.35,4.16,1.51,2.58,11.12,6.76,0.84,16.46,12.12
design_0361,1.43,2.69,1.65,3.09,1.35,2.18,1.5,2.18,18.89,9.34,0.85,23.77,18.5
design_0362,1.38,2.84,1.92,2.25,1.43,4.4,1.55,2.68,13.7,7.65,0.84,16.4,11.97
design_0363,1.15,2.18,1.58,1.97,1.09,2.84,1.23,1.95,14.95,8.24,0.83,31.99,23.54
design_0364,1.47,2.62,1.57,2.4,1.27,2.58,1.38,2.09,15.68,8.46,0.83,20.73,15.12
design_0365,1.27,2.97,1.96,2.27,1.56,3.14,1.46,2.33,11.24,6.87,0.83,18.98,13.78
design_0366,1.51,2.78,1.22,2.45,1.29,5.38,1.69,2.98,16.8,8.64,0.85,27.4,20.86
design_0367,1.28,2.78,1.02,2.4,1.19,5.07,1.58,2.82,16.51,8.6,0.84,10.76,8.35
design_0368,1.12,1.38,2.37,2.03,1.11,2.59,1.17,1.94,16.3,8.45,0.84,14.38,11.24
design_0369,0.96,0.98,3.33,1.51,0.96,1.74,1.16,2.01,16.08,8.45,0.84,11.17,9.45
design_0370,1.04,1.15,2.64,1.65,1.7,2.1,1.15,1.9,14.98,7.87,0.85,13.65,9.64
design_0371,0.88,0.89,2.79,1.97,0.97,1.9,1.09,1.87,16.8,8.47,0.86,20.98,16.92
design_0372,0.7,0.67,2.67,1.74,1.19,2.2,1.05,1.83,8.16,5.34,0.85,15.79,10.99
design_0373,0.88,1.17,2.78,1.22,1.09,1.53,1.11,1.74,18.8,9.28,0.84,31.11,23.22
design_0374,1.28,1.35,3.58,1.75,1.03,2.18,1.36,2.26,18.6,9.03,0.86,15.47,9.47
design_0375,1.16,1.34,3.21,1.78,1.11,1.96,1.26,2.08,16.91,8.65,0.84,14.89,11.09
design_0376,1.49,2.23,0.66,2.24,1.2,1.47,1.23,1.56,17.79,8.7,0.86,10.81,10.52
design_0377,1.74,2.36,1.26,2.12,1.37,1.26,1.24,1.69,17.25,8.61,0.85,10.02,6.99
design_0378,1.56,2.56,3.74,2.09,1.1,0.9,1.44,2.46,18.8,9.53,0.84,11.1,9.08
design_0379,1.6,2.3,1.07,2.12,1.23,1.28,1.24,1.61,17.68,8.66,0.86,13.98,7.98
design_0380,1.91,2.64,1.78,2.54,1.35,1.54,1.48,2.0,15.07,7.74,0.85,9.4,5.35
design_0381,1.61,2.31,3.78,2.2,1.09,1.44,1.49,2.5,17.02,8.34,0.86,22.28,17.53
design_0382,1.38,1.88,0.79,2.11,1.11,1.47,1.13,1.46,13.34,7.09,0.86,5.57,3.43
design_0383,1.43,2.27,1.64,1.94,1.18,1.73,1.22,1.72,16.45,8.1,0.86,15.78,12.64
design_0384,1.17,1.13,0.69,1.83,0.94,3.19,1.26,1.9,15.43,8.37,0.84,7.44,8.04
design_0385,1.66,1.63,0.74,2.21,1.32,2.83,1.46,1.96,17.21,8.99,0.83,16.41,13.62
design_0386,1.43,1.42,1.17,1.95,1.11,2.99,1.36,1.94,17.78,9.23,0.84,8.44,6.18
design_0387,1.45,1.61,0.66,2.16,1.08,2.55,1.36,1.8,18.2,9.24,0.85,16.2,11.08
design_0388,1.36,1.24,1.06,1.82,1.08,3.05,1.31,1.91,18.53,9.52,0.84,27.5,20.54
design_0389,1.54,1.66,1.29,2.02,1.29,3.07,1.48,2.05,18.97,9.64,0.84,22.77,17.42
design_0390,1.15,1.26,0.83,1.85,0.98,2.93,1.24,1.82,17.79,9.24,0.84,24.96,16.27
design_0391,1.33,1.41,1.35,1.99,1.24,4.31,1.54,2.5,18.23,9.34,0.84,31.72,23.11
design_0392,1.42,3.0,1.94,2.8,1.77,8.18,2.34,4.65,17.39,9.15,0.83,14.8,11.14
design_0393,1.04,2.49,1.66,2.41,1.42,4.87,1.59,2.99,13.67,8.02,0.82,15.44,12.09
design_0394,1.88,2.98,2.47,2.82,1.87,5.36,1.91,3.47,18.54,9.67,0.83,5.33,5.52
design_0395,1.37,2.71,1.83,2.52,1.52,4.47,1.65,2.9,14.45,8.24,0.82,18.7,14.49
design_0396,1.41,2.62,1.77,2.51,1.38,7.32,2.11,4.15,18.18,9.48,0.82,20.63,12.13
design_0397,1.95,3.21,2.51,2.67,1.98,7.24,2.25,4.31,18.63,9.47,0.84,14.63,11.58
design_0398,1.25,1.93,1.62,2.18,1.16,8.05,2.18,4.4,18.2,9.53,0.82,13.29,8.5
design_0399,1.71,2.94,2.53,2.75,1.82,5.19,1.85,3.38,18.73,9.74,0.83,30.41,22.63
design_0400,1.29,3.07,1.31,3.37,1.46,1.26,1.47,2.22,16.34,8.07,0.87,35.13,25.38
design_0401,0.97,2.88,1.78,2.35,1.06,1.06,1.22,1.85,16.58,8.2,0.88,34.31,29.72
design_0402,1.51,3.26,1.86,3.23,1.31,1.21,1.47,2.28,15.47,7.75,0.87,36.9,28.04
design_0403,1.22,3.19,1.28,3.12,1.33,1.18,1.43,2.14,16.88,8.25,0.88,36.28,26.09
design_0404,1.16,2.86,1.18,3.47,1.29,1.28,1.42,2.16,16.07,8.0,0.87,32.21,24.84
design_0405,1.27,3.11,1.41,2.72,1.41,1.15,1.34,2.04,15.97,8.09,0.86,7.81,6.3
design_0406,1.14,2.92,1.48,3.2,1.3,1.16,1.39,2.11,16.1,7.99,0.87,36.83,27.52
design_0407,1.02,3.39,1.33,2.58,1.26,1.01,1.29,2.02,16.88,8.38,0.87,38.01,30.38
design_0408,2.43,2.31,1.77,2.48,1.47,5.71,1.93,3.46,18.82,9.84,0.83,32.46,25.17
design_0409,2.63,2.26,2.04,2.94,1.4,2.31,1.63,2.34,16.73,9.02,0.82,30.34,24.74
design_0410,2.38,2.41,1.96,2.57,1.41,5.63,1.94,3.45,19.02,9.92,0.83,34.5,26.87
design_0411,2.24,2.08,1.78,2.66,1.29,7.06,2.1,4.04,19.31,9.92,0.83,38.41,25.34
design_0412,2.38,2.32,1.68,2.57,1.39,5.32,1.87,3.29,19.35,10.02,0.83,33.05,24.77
design_0413,2.2,2.12,1.52,2.8,1.31,5.82,1.92,3.49,18.67,9.74,0.83,28.62,21.55
design_0414,2.37,2.4,1.71,2.49,1.39,5.76,1.93,3.48,18.75,9.81,0.83,25.62,20.26
design_0415,2.61,2.37,1.96,3.09,1.5,1.97,1.66,2.31,16.58,8.92,0.82,6.56,6.85
design_0416,1.37,2.43,1.96,2.91,1.01,5.2,1.83,3.23,19.51,10.01,0.84,34.37,26.21
design_0417,1.26,2.09,1.8,2.48,0.87,4.39,1.55,2.76,17.9,9.43,0.83,21.12,17.03
design_0418,1.36,2.45,2.13,2.7,1.05,4.96,1.75,3.12,17.59,9.32,0.83,15.69,12.25
design_0419,1.27,2.27,0.78,2.34,0.96,7.62,2.13,4.2,17.57,9.24,0.83,21.96,16.43
design_0420,1.1,2.09,1.61,2.33,0.8,4.79,1.58,2.88,17.85,9.43,0.83,23.96,18.33
design_0421,1.1,2.05,1.74,2.11,0.77,7.45,2.07,4.13,18.61,9.75,0.83,19.81,17.91
design_0422,1.41,2.39,1.57,2.79,0.97,4.64,1.69,2.92,17.83,9.4,0.83,19.47,14.97
design_0423,1.29,2.4,1.74,2.74,0.93,3.96,1.56,2.64,18.95,9.73,0.83,12.35,10.0
design_0424,1.55,2.2,1.37,2.4,1.23,3.21,1.44,2.24,17.18,9.17,0.83,29.88,23.51
design_0425,1.25,2.38,1.9,2.17,1.25,3.44,1.42,2.35,14.83,8.35,0.82,29.11,23.24
design_0426,1.28,2.47,2.32,2.29,1.05,8.7,2.31,4.68,16.29,8.62,0.83,31.02,23.17
design_0427,1.02,1.87,3.87,2.19,0.85,8.63,2.31,4.74,16.96,8.78,0.84,25.35,20.02
design_0428,1.23,2.3,0.68,2.01,0.88,8.31,2.15,4.37,18.62,9.47,0.85,17.49,13.42
design_0429,1.3,2.11,3.3,2.13,1.0,8.54,2.27,4.66,17.69,9.11,0.84,28.07,21.37
design_0430,1.54,2.46,3.24,2.15,0.92,8.36,2.26,4.61,16.29,8.6,0.83,30.73,23.43
design_0431,1.44,2.63,2.18,2.18,1.17,8.19,2.2,4.44,17.73,9.26,0.84,30.82,25.09
design_0432,0.9,1.55,3.3,1.66,1.34,1.77,1.27,1.93,17.58,8.81,0.85,19.09,14.22
design_0433,0.65,1.59,1.07,1.68,0.96,2.79,1.09,1.63,17.46,8.68,0.86,28.19,21.49
design_0434,1.31,1.31,3.25,1.55,1.06,1.86,1.11,1.9,13.34,7.39,0.84,13.18,10.23
design_0435,1.49,1.48,2.84,2.04,1.27,2.42,1.21,2.03,16.14,8.38,0.85,27.84,22.75
design_0436,1.22,1.94,1.23,1.63,1.06,2.07,1.06,1.57,17.05,8.68,0.86,10.21,7.86
design_0437,0.83,1.28,3.88,1.72,0.86,2.32,1.29,2.14,16.43,8.51,0.85,25.58,20.08
design_0438,1.0,1.48,3.6,1.7,1.09,2.35,1.28,2.1,17.3,8.76,0.86,17.08,14.56
design_0439,0.93,1.4,3.36,2.27,1.19,1.97,1.29,2.05,16.54,8.47,0.86,14.42,11.76
design_0440,0.74,1.98,3.0,2.35,1.23,0.93,1.25,1.88,17.79,8.94,0.86,35.63,29.54
design_0441,0.58,1.59,5.41,2.05,1.0,1.24,1.31,2.5,16.16,8.19,0.87,28.79,24.5
design_0442,1.19,2.6,2.51,2.35,1.29,0.99,1.3,1.94,17.63,8.94,0.86,10.09,9.72
design_0443,0.59,1.5,6.11,2.2,0.92,0.78,1.43,2.73,15.88,8.13,0.86,32.43,28.07
design_0444,0.6,1.97,5.34,2.48,1.07,1.05,1.38,2.58,17.0,8.35,0.88,33.14,25.58
design_0445,0.97,2.41,2.6,2.27,1.44,1.0,1.26,1.9,17.5,8.82,0.86,26.63,21.38
design_0446,0.67,1.69,6.06,2.31,1.06,0.79,1.5,2.76,17.02,8.59,0.86,25.77,18.4
design_0447,0.71,1.93,5.43,2.32,0.92,1.26,1.38,2.59,16.82,8.35,0.87,31.53,28.37
design_0448,1.05,2.83,2.01,2.7,1.46,2.71,1.54,2.25,17.46,8.99,0.83,27.78,21.31
design_0449,1.16,2.54,4.09,2.52,1.42,2.87,1.67,2.81,17.51,8.77,0.86,23.15,13.95
design_0450,0.95,2.65,4.36,2.3,1.14,3.11,1.69,2.91,17.34,8.66,0.86,31.1,24.9
design_0451,1.34,2.58,4.26,2.32,1.2,3.0,1.68,2.87,17.32,8.98,0.84,34.19,23.32
design_0452,1.25,2.61,4.35,2.4,1.26,2.56,1.66,2.83,18.18,9.28,0.84,30.31,22.18
design_0453,1.21,2.62,2.13,2.64,1.27,2.51,1.46,2.18,18.84,9.48,0.84,20.36,15.13
design_0454,1.43,2.77,4.05,2.38,1.34,3.12,1.69,2.88,18.26,8.99,0.86,16.03,8.77
design_0455,1.27,2.7,3.75,2.55,1.19,2.99,1.65,2.74,18.48,9.43,0.84,39.68,28.3
design_0456,1.17,1.94,1.02,1.56,1.17,6.17,1.67,3.24,18.56,9.49,0.84,14.54,11.35
design_0457,1.5,2.58,0.95,2.83,1.2,3.32,1.51,2.3,17.64,9.01,0.84,25.1,16.76
design_0458,1.19,1.88,1.41,1.98,1.27,3.65,1.38,2.24,15.37,8.43,0.83,5.3,3.73
design_0459,1.3,2.3,0.87,2.8,1.15,3.29,1.45,2.22,16.57,8.73,0.83,5.69,3.94
design_0460,1.63,2.64,0.89,2.94,1.19,3.29,1.55,2.32,19.07,9.45,0.85,16.04,12.52
design_0461,1.61,2.52,3.88,2.65,1.34,3.14,1.73,2.88,13.24,7.96,0.8,30.35,23.81
design_0462,1.24,2.04,2.02,1.72,0.84,3.86,1.36,2.4,18.74,9.7,0.83,16.82,11.15
design_0463,1.56,2.3,4.42,2.66,1.52,3.69,1.86,3.19,15.9,8.55,0.83,17.17,10.58
design_0464,0.91,1.51,1.31,2.07,1.4,4.82,1.45,2.54,17.09,8.75,0.84,8.12,6.67
design_0465,1.02,1.58,0.7,1.98,0.99,2.54,1.11,1.61,17.36,9.1,0.83,8.62,5.65
design_0466,0.96,1.59,0.73,1.81,0.71,2.96,1.11,1.7,17.76,9.15,0.84,12.41,7.07
design_0467,1.12,2.22,1.64,2.43,1.12,2.18,1.37,1.86,19.54,9.67,0.84,20.57,18.42
design_0468,0.8,1.42,1.23,2.09,0.8,1.9,1.09,1.48,18.26,9.12,0.85,30.65,21.42
design_0469,1.13,1.82,0.6,2.18,0.82,2.1,1.2,1.53,18.06,9.06,0.85,24.85,14.28
design_0470,0.91,1.78,0.75,1.84,0.81,2.23,1.1,1.49,19.06,9.63,0.84,12.19,9.01
design_0471,0.93,1.69,0.75,1.7,0.73,3.91,1.22,2.06,18.38,9.31,0.84,8.42,6.67
design_0472,1.27,1.62,3.08,1.64,0.82,1.65,1.26,2.02,19.3,9.49,0.84,26.49,20.12
design_0473,0.88,1.63,3.05,1.8,0.89,2.0,1.24,2.05,17.12,8.79,0.84,31.4,22.88
design_0474,0.98,1.5,4.48,1.81,0.94,1.87,1.43,2.64,16.6,8.71,0.83,29.05,22.2
design_0475,0.87,1.05,5.93,1.84,1.36,1.89,1.62,3.31,17.51,8.89,0.85,29.63,22.54
design_0476,1.03,1.33,5.17,1.66,0.97,1.77,1.52,2.93,17.96,9.07,0.85,28.47,21.55
design_0477,1.74,1.83,3.55,2.24,1.39,2.26,1.54,2.47,16.97,8.52,0.85,29.74,22.95
design_0478,1.12,1.67,4.36,1.77,1.12,1.77,1.44,2.6,15.85,8.42,0.84,21.22,14.95
design_0479,0.97,1.5,4.33,1.7,0.85,2.12,1.39,2.58,17.3,8.87,0.84,29.91,23.26
design_0480,1.81,2.04,1.84,2.08,1.19,1.31,1.32,1.77,16.72,8.21,0.87,18.78,9.59
design_0481,1.93,2.0,1.47,2.08,1.32,1.45,1.27,1.71,18.18,8.78,0.87,12.07,10.54
design_0482,1.68,1.8,4.34,2.36,1.17,1.3,1.53,2.75,16.56,8.42,0.85,8.78,10.01
design_0483,1.75,1.86,1.68,2.15,1.47,1.4,1.3,1.74,16.8,8.26,0.86,7.88,5.06
design_0484,1.63,2.06,1.55,2.3,1.32,1.44,1.29,1.73,18.43,8.79,0.88,17.08,10.89
design_0485,1.9,2.01,3.09,2.23,1.25,1.21,1.49,2.24,18.64,9.17,0.84,23.11,14.24
design_0486,1.58,1.84,3.93,2.08,1.23,1.06,1.5,2.52,18.7,9.37,0.85,19.51,11.48
design_0487,1.72,1.78,4.39,2.38,1.57,1.19,1.59,2.8,15.6,7.92,0.86,11.73,7.97
design_0488,1.28,2.06,1.31,1.66,1.08,2.28,1.21,1.72,17.54,9.15,0.83,30.17,22.61
design_0489,1.49,1.75,1.26,1.79,1.22,2.46,1.22,1.78,16.91,9.06,0.82,14.96,13.97
design_0490,1.3,2.07,1.39,1.8,1.14,2.67,1.25,1.89,16.76,8.92,0.83,8.69,6.07
design_0491,1.28,1.94,1.45,1.71,0.93,2.58,1.2,1.81,17.23,8.89,0.83,11.03,8.75
design_0492,1.09,1.88,1.33,1.71,1.05,2.54,1.18,1.77,18.1,9.36,0.83,15.49,12.6
design_0493,1.33,2.15,1.27,1.75,1.33,2.46,1.26,1.83,17.42,9.13,0.83,6.85,5.39
design_0494,1.34,1.95,1.22,1.68,1.12,2.4,1.21,1.74,15.46,8.48,0.82,12.29,10.87
design_0495,1.38,2.09,1.65,1.72,1.18,2.77,1.28,1.96,16.99,9.09,0.83,13.9,10.04
design_0496,1.14,1.99,3.44,1.9,0.94,1.85,1.34,2.22,18.11,9.29,0.83,29.51,21.51
design_0497,1.2,2.02,3.87,1.89,1.43,2.95,1.5,2.6,17.15,8.51,0.86,26.75,19.01
design_0498,1.17,2.67,5.0,1.86,1.03,2.0,1.58,2.96,17.27,9.02,0.83,16.72,13.38
design_0499,1.06,2.83,4.95,1.91,1.12,2.07,1.61,2.97,19.08,9.62,0.84,30.69,24.99
design_0500,1.14,2.64,4.13,1.9,1.12,2.78,1.51,2.72,16.77,8.51,0.85,15.35,12.08
design_0501,1.28,2.31,2.17,1.76,1.07,2.41,1.22,1.93,17.54,8.88,0.85,31.79,21.95
design_0502,1.0,2.8,3.88,1.89,1.05,1.95,1.45,2.51,19.16,9.65,0.84,32.9,23.42
design_0503,1.1,2.53,4.27,1.9,1.07,2.12,1.49,2.66,17.46,8.79,0.85,30.59,22.4
design_0504,1.07,2.29,1.09,1.79,1.12,1.38,1.15,1.48,14.33,7.95,0.83,8.61,6.16
design_0505,1.74,2.28,2.96,2.38,1.33,1.65,1.52,2.18,17.83,9.34,0.83,28.12,22.11
design_0506,1.31,2.05,1.65,2.21,1.11,1.29,1.18,1.64,11.58,7.12,0.82,13.51,8.04
design_0507,2.24,2.03,3.18,2.63,1.85,1.97,1.72,2.43,19.17,9.59,0.84,18.75,11.74
design_0508,1.04,1.7,1.28,1.64,0.95,3.09,1.18,1.83,14.05,7.69,0.84,4.55,4.56
design_0509,1.25,2.45,2.89,2.27,1.49,1.54,1.44,2.12,15.44,8.0,0.85,4.23,3.47
design_0510,1.35,2.08,0.62,1.89,1.97,1.72,1.24,1.62,5.49,4.23,0.86,4.11,3.1
design_0511,1.2,2.28,1.86,2.04,1.17,1.41,1.27,1.71,15.38,8.41,0.82,9.15,6.63
design_0512,0.85,1.64,3.97,1.75,1.07,2.13,1.3,2.18,19.34,9.9,0.84,30.17,20.47
design_0513,0.59,1.77,2.27,1.8,0.85,6.47,1.79,3.52,16.44,8.44,0.85,13.99,11.26
design_0514,0.82,2.22,2.04,2.19,0.89,6.15,1.78,3.43,17.93,9.2,0.84,18.64,13.67
design_0515,0.74,1.93,1.33,1.89,0.85,6.29,1.74,3.38,16.25,8.4,0.84,12.13,10.2
design_0516,0.96,1.8,3.71,1.71,0.85,4.05,1.46,2.73,18.09,9.45,0.84,14.62,10.14
design_0517,0.84,1.92,1.39,1.76,0.74,6.46,1.76,3.45,15.92,8.34,0.84,15.61,12.2
design_0518,0.79,1.93,1.39,2.28,0.86,6.43,1.77,3.49,17.08,8.64,0.86,7.74,7.71
design_0519,0.94,1.93,1.42,1.8,0.82,6.42,1.76,3.45,17.54,8.76,0.86,15.36,11.67
design_0520,1.92,1.98,1.1,2.39,0.99,1.95,1.4,1.78,18.73,9.53,0.83,25.02,20.73
design_0521,1.92,2.04,0.99,2.7,1.09,1.99,1.45,1.86,19.16,9.64,0.84,17.43,15.54
design_0522,1.59,1.59,1.18,2.16,1.37,3.87,1.44,2.33,19.19,9.84,0.83,8.61,7.3
design_0523,1.69,1.5,1.14,1.81,1.02,4.6,1.47,2.56,17.47,9.19,0.83,12.29,7.74
design_0524,1.92,1.96,0.86,2.56,1.25,1.88,1.43,1.79,19.0,9.61,0.84,24.29,19.89
design_0525,2.0,1.92,1.29,2.61,1.18,2.22,1.47,1.94,17.63,9.16,0.84,10.14,8.07
design_0526,1.5,1.42,1.26,2.28,0.91,2.47,1.28,1.8,17.69,9.21,0.84,8.62,6.62
design_0527,1.51,1.29,1.16,2.14,0.79,2.53,1.25,1.76,16.82,8.87,0.84,19.47,12.02
design_0528,1.12,1.41,1.6,2.48,1.05,2.22,1.29,1.78,12.0,7.29,0.82,33.84,23.49
design_0529,1.29,1.62,1.88,2.56,1.28,4.0,1.55,2.47,18.97,9.53,0.85,33.46,23.12
design_0530,0.97,1.22,0.85,2.41,1.56,5.22,1.59,2.76,16.95,8.69,0.84,17.24,14.96
design_0531,1.26,1.54,1.84,2.57,1.35,4.8,1.66,2.76,18.85,9.37,0.85,27.62,23.63
design_0532,1.09,1.38,1.69,2.4,1.12,4.7,1.56,2.64,18.67,9.55,0.84,33.65,22.26
design_0533,0.93,1.31,0.8,2.06,0.86,3.81,1.31,2.09,15.48,8.49,0.83,34.22,22.34
design_0534,1.28,1.54,0.84,2.61,1.33,3.63,1.46,2.18,16.87,8.83,0.84,33.68,22.08
design_0535,1.06,1.32,1.79,2.24,1.21,4.85,1.58,2.69,18.51,9.34,0.84,14.86,12.73
design_0536,1.19,2.42,1.2,2.73,0.93,4.91,1.73,2.92,17.38,9.26,0.82,30.48,23.85
design_0537,1.0,2.14,1.3,2.2,1.04,4.0,1.46,2.44,15.54,8.72,0.82,27.26,21.06
design_0538,1.22,2.32,1.11,2.46,1.25,3.97,1.54,2.48,13.27,7.91,0.82,29.06,22.91
design_0539,1.53,2.63,1.84,2.78,1.21,4.47,1.8,2.87,17.83,9.28,0.83,24.94,20.92
design_0540,1.07,2.36,1.5,2.17,1.09,4.73,1.62,2.8,19.59,10.05,0.84,31.47,23.5
design_0541,1.08,2.41,1.81,2.46,1.05,3.88,1.51,2.53,10.11,6.81,0.81,13.04,13.32
design_0542,1.11,2.4,1.54,2.49,1.24,4.2,1.54,2.63,14.08,8.16,0.82,28.26,22.38
design_0543,1.04,2.42,3.25,2.49,1.04,4.25,1.74,2.98,17.74,9.34,0.83,35.54,27.55
design_0544,1.25,2.64,1.96,2.2,0.92,1.58,1.26,1.86,15.46,7.66,0.87,13.1,10.31
design_0545,1.22,2.71,2.01,2.16,0.9,1.53,1.28,1.87,16.26,7.97,0.87,20.88,13.2
design_0546,1.14,2.58,2.31,2.29,0.91,1.45,1.28,1.93,17.1,8.32,0.87,22.96,12.61
design_0547,1.13,2.44,1.98,2.28,0.91,1.49,1.21,1.82,14.89,7.57,0.87,8.13,5.96
design_0548,1.14,2.59,2.08,2.27,0.91,1.47,1.27,1.87,13.35,6.97,0.86,8.86,5.85
design_0549,1.33,2.8,1.95,2.41,1.05,1.48,1.37,1.94,13.1,6.87,0.87,12.68,7.38
design_0550,1.26,2.7,2.09,2.14,1.01,1.82,1.32,1.93,15.78,7.97,0.86,8.27,6.28
design_0551,1.14,2.8,2.31,2.2,1.03,1.84,1.33,2.01,16.63,8.19,0.87,7.03,5.59
design_0552,1.41,1.89,1.4,2.55,1.08,1.47,1.28,1.68,17.76,8.7,0.86,29.42,22.24
design_0553,1.35,1.87,1.66,2.59,1.01,1.05,1.26,1.7,18.61,9.24,0.85,17.77,9.86
design_0554,1.23,1.73,1.95,2.42,0.97,1.2,1.24,1.72,19.7,9.45,0.86,33.4,26.63
design_0555,1.31,2.03,1.62,2.58,1.27,1.3,1.3,1.75,17.69,8.73,0.85,28.59,22.98
design_0556,1.37,1.8,2.16,2.41,0.95,1.21,1.23,1.81,17.9,8.79,0.86,22.6,17.92
design_0557,1.32,1.81,1.97,2.48,1.09,1.24,1.27,1.77,17.93,8.78,0.86,28.41,22.5
design_0558,1.57,2.08,1.35,2.8,1.46,1.4,1.35,1.8,18.8,9.08,0.86,22.75,19.53
design_0559,1.5,2.09,2.56,3.01,1.08,1.15,1.48,2.14,17.93,8.83,0.86,30.11,23.91
design_0560,1.1,1.5,3.43,2.35,0.79,2.58,1.31,2.15,15.95,8.07,0.86,28.0,21.67
design_0561,1.07,1.54,3.5,2.75,1.14,2.74,1.42,2.31,11.39,6.11,0.87,24.71,18.75
design_0562,0.97,1.47,3.46,2.1,0.74,4.81,1.51,2.9,17.09,8.52,0.86,24.53,18.87
design_0563,1.22,1.78,3.46,2.77,0.82,2.67,1.43,2.31,14.41,7.23,0.88,26.39,20.52
design_0564,1.08,1.48,3.38,2.39,0.75,2.64,1.33,2.16,16.42,8.39,0.86,28.35,22.29
design_0565,1.02,1.68,3.46,2.33,0.75,2.59,1.33,2.17,15.58,7.93,0.87,22.45,16.98
design_0566,1.41,2.05,2.0,2.77,1.18,2.35,1.44,2.07,16.21,8.66,0.83,24.05,18.38
design_0567,1.15,1.64,3.45,2.56,0.88,2.57,1.38,2.22,16.2,8.15,0.86,25.74,19.63
design_0568,1.27,2.43,5.35,1.76,1.14,1.96,1.45,2.62,15.69,8.3,0.84,26.57,21.13
design_0569,1.34,2.35,4.82,1.6,1.11,5.69,1.73,3.5,12.86,7.03,0.85,34.81,26.83
design_0570,1.28,2.44,5.01,1.61,1.12,2.5,1.43,2.61,17.82,9.12,0.85,28.74,22.61
design_0571,1.38,2.21,4.8,1.5,0.79,5.4,1.65,3.36,16.91,8.68,0.85,34.33,27.2
design_0572,1.37,2.2,2.25,1.15,0.94,2.25,1.12,1.8,17.62,9.04,0.84,26.93,21.26
design_0573,1.65,2.9,2.62,1.71,1.12,5.96,1.71,3.34,17.39,8.8,0.86,29.8,24.19
design_0574,1.43,2.7,2.09,1.79,1.13,2.42,1.27,2.02,18.12,9.31,0.84,26.65,22.27
design_0575,1.65,2.68,2.25,1.77,1.2,3.1,1.33,2.26,17.81,9.19,0.84,36.3,26.52
design_0576,1.44,1.56,2.63,2.17,0.69,1.51,1.33,1.92,18.14,9.17,0.84,13.51,10.06
design_0577,1.17,1.75,5.76,1.94,1.24,1.83,1.77,3.33,18.29,9.18,0.85,26.1,20.25
design_0578,1.5,1.51,2.54,2.09,0.66,1.5,1.31,1.87,18.22,9.21,0.84,23.2,15.49
design_0579,1.32,1.62,4.29,2.01,0.77,1.85,1.56,2.64,18.91,9.55,0.84,20.47,16.67
design_0580,1.14,1.24,2.3,1.78,0.79,2.13,1.15,1.78,18.57,9.32,0.85,11.67,11.4
design_0581,1.64,1.63,4.0,2.42,0.85,1.96,1.63,2.61,18.93,9.42,0.85,10.79,9.86
design_0582,1.36,1.3,2.16,1.75,0.66,1.95,1.14,1.71,18.85,9.3,0.85,28.5,21.11
design_0583,1.4,1.36,2.83,2.08,0.68,1.44,1.29,1.95,17.56,8.79,0.84,23.9,17.75
design_0584,1.06,2.37,1.0,2.35,0.86,1.83,1.17,1.64,19.24,9.52,0.85,16.43,9.93
design_0585,1.03,2.42,1.09,2.44,0.9,1.69,1.18,1.65,17.41,8.91,0.84,13.28,9.93
design_0586,1.03,2.39,1.08,2.41,0.85,1.69,1.17,1.63,18.54,9.39,0.84,16.27,12.55
design_0587,0.91,2.34,1.06,2.22,0.8,2.19,1.17,1.69,18.83,9.45,0.85,29.21,22.36
design_0588,0.96,2.34,0.84,2.21,0.9,2.02,1.15,1.62,17.42,9.05,0.84,11.32,5.8
design_0589,0.97,2.28,1.07,2.68,1.29,1.94,1.25,1.75,16.37,8.57,0.84,7.17,4.55
design_0590,0.85,2.04,1.61,2.2,0.93,2.19,1.17,1.76,19.23,9.47,0.85,16.22,13.54
design_0591,0.95,2.3,1.25,2.53,1.0,2.01,1.21,1.75,17.98,9.15,0.84,10.86,12.77
design_0592,1.36,1.48,2.38,2.44,1.29,2.69,1.33,2.12,18.21,8.34,0.89,23.42,16.09
design_0593,1.34,1.56,2.81,2.6,1.11,2.66,1.42,2.27,16.83,7.96,0.88,31.17,22.16
design_0594,1.42,1.63,2.98,2.56,1.36,2.51,1.44,2.32,15.2,7.65,0.86,10.04,10.22
design_0595,1.5,1.55,2.26,2.47,1.24,2.57,1.32,2.08,17.87,8.95,0.85,14.03,9.63
design_0596,1.53,1.78,4.89,2.72,1.14,2.42,1.73,3.09,19.28,9.81,0.83,31.98,26.79
design_0597,1.28,1.51,2.82,2.57,1.53,2.63,1.42,2.29,16.05,7.63,0.88,26.95,19.78
design_0598,1.44,1.48,2.15,2.2,1.33,2.63,1.26,2.01,17.72,8.94,0.85,30.92,23.28
design_0599,1.3,1.19,2.69,2.5,1.19,2.64,1.35,2.19,14.38,7.19,0.87,28.15,22.26
design_0600,1.23,1.62,2.0,1.84,1.39,3.98,1.44,2.46,9.29,6.2,0.83,28.87,21.52
design_0601,1.44,1.33,1.66,1.61,0.95,4.03,1.32,2.36,10.5,6.87,0.82,27.26,20.22
design_0602,1.32,1.23,1.67,1.61,0.79,3.38,1.19,2.08,15.45,8.58,0.82,23.23,17.08
design_0603,1.72,1.78,2.25,1.8,1.14,3.54,1.45,2.37,18.24,9.41,0.83,18.25,10.92
design_0604,1.62,1.78,2.24,1.76,1.09,3.08,1.4,2.19,17.32,9.2,0.82,16.85,12.64
design_0605,1.32,1.43,1.55,1.68,0.86,3.85,1.31,2.27,17.56,9.25,0.82,18.84,12.93
design_0606,1.06,1.38,1.48,1.66,0.83,4.73,1.4,2.62,18.14,9.51,0.83,9.52,8.87
design_0607,1.66,1.75,1.66,1.82,1.15,3.01,1.34,2.06,17.33,9.27,0.82,12.62,8.83
design_0608,1.35,2.24,1.11,2.16,1.48,2.58,1.32,1.92,16.42,8.57,0.85,15.48,12.45
design_0609,1.52,2.23,1.21,2.34,1.06,1.79,1.25,1.75,19.19,9.27,0.86,26.9,18.76
design_0610,0.96,2.01,1.13,2.15,1.34,3.09,1.3,1.99,14.53,7.93,0.84,3.99,3.41
design_0611,1.27,2.75,1.09,2.18,1.48,2.44,1.32,1.96,14.28,7.86,0.84,5.4,4.12
design_0612,1.54,3.01,1.15,2.41,1.22,2.22,1.39,2.02,17.25,8.8,0.85,22.97,16.13
design_0613,0.71,1.75,0.85,2.23,1.35,3.0,1.25,1.9,13.64,7.59,0.84,5.37,3.99
design_0614,1.3,2.13,1.52,2.37,1.34,5.22,1.52,2.86,14.84,7.91,0.85,14.02,10.83
design_0615,2.25,2.09,1.09,2.29,1.58,1.38,1.4,1.81,18.2,8.95,0.85,17.65,14.02
design_0616,0.75,1.58,1.84,1.6,0.91,2.31,1.06,1.65,17.51,9.16,0.84,7.17,6.11
design_0617,1.07,1.62,3.53,1.69,0.97,2.55,1.23,2.08,16.11,8.01,0.88,7.03,5.63
design_0618,0.76,1.45,3.55,1.55,0.78,2.44,1.17,1.97,17.04,8.58,0.86,8.18,6.26
design_0619,1.11,1.71,3.5,1.57,0.79,2.33,1.19,1.99,18.31,8.99,0.87,8.44,5.22
design_0620,0.72,1.08,3.42,1.5,0.67,2.37,1.13,1.87,15.56,7.91,0.87,6.28,5.26
design_0621,0.71,1.34,3.47,1.58,0.84,2.34,1.16,1.92,17.22,8.68,0.86,15.15,11.82
design_0622,1.03,1.74,3.52,1.65,0.77,2.29,1.2,1.99,16.71,8.39,0.87,11.04,9.89
design_0623,0.74,1.35,3.54,1.57,0.77,2.47,1.17,1.97,16.78,8.32,0.87,11.71,10.49
design_0624,1.31,1.38,3.05,2.1,0.61,1.99,1.24,2.09,17.75,8.81,0.85,35.69,23.04
design_0625,1.57,1.72,2.51,1.89,1.13,2.1,1.3,1.97,15.74,8.08,0.85,22.77,10.52
design_0626,1.46,1.67,1.29,1.74,0.61,1.57,1.14,1.43,20.04,9.55,0.85,25.02,15.47
design_0627,1.43,1.57,2.87,2.3,0.96,2.41,1.35,2.17,17.48,8.66,0.86,24.16,17.61
design_0628,1.43,1.48,2.69,2.22,0.93,2.21,1.3,2.04,15.38,7.99,0.85,24.13,14.36
design_0629,1.33,1.49,1.68,1.47,0.9,1.81,1.1,1.51,17.93,8.68,0.86,18.83,11.94
design_0630,1.4,1.6,0.92,1.84,1.24,2.15,1.14,1.53,18.73,9.08,0.86,32.89,22.42
design_0631,1.47,1.66,1.89,1.71,0.56,1.63,1.21,1.6,19.48,9.19,0.86,24.49,15.76
design_0632,1.82,2.15,4.49,1.67,0.78,2.13,1.55,2.76,18.55,9.33,0.84,41.6,24.29
design_0633,2.18,2.25,4.18,1.73,0.86,1.7,1.51,2.63,19.55,9.6,0.84,31.67,23.26
design_0634,1.47,2.12,5.99,1.89,1.75,2.63,1.85,3.51,18.62,9.55,0.83,31.54,25.42
design_0635,1.92,2.19,5.87,1.77,1.27,2.25,1.87,3.41,18.71,9.51,0.84,31.74,21.95
design_0636,1.77,2.11,5.9,1.83,1.02,2.71,1.82,3.46,18.65,9.49,0.84,33.45,20.28
design_0637,1.67,2.0,5.98,1.63,1.22,2.26,1.81,3.41,18.29,9.48,0.84,29.96,22.82
design_0638,1.92,2.21,4.34,1.86,0.99,1.94,1.59,2.71,18.62,9.31,0.84,33.31,23.8
design_0639,2.05,2.11,4.72,1.94,0.76,2.12,1.68,2.89,18.47,9.5,0.84,37.97,26.84
design_0640,0.81,1.84,3.37,2.94,1.2,0.99,1.29,2.08,16.53,8.27,0.87,11.81,12.16
design_0641,0.79,1.86,2.14,2.82,1.2,1.08,1.21,1.81,17.45,8.69,0.87,32.46,26.64
design_0642,0.7,1.7,3.25,2.58,0.91,1.1,1.18,1.91,16.22,7.83,0.88,33.02,27.08
design_0643,0.93,2.25,2.2,2.98,1.2,1.08,1.33,1.95,17.2,8.46,0.88,37.11,28.63
design_0644,0.82,1.78,3.32,2.86,0.99,1.07,1.26,2.03,15.25,7.47,0.88,30.54,25.21
design_0645,0.58,1.61,3.26,2.71,1.08,1.04,1.21,1.94,11.64,6.17,0.87,31.37,25.81
design_0646,1.32,2.67,1.67,3.32,1.44,1.26,1.43,2.15,17.12,8.35,0.88,32.95,22.72
design_0647,1.12,2.57,1.7,2.91,1.42,1.24,1.32,1.99,16.24,8.15,0.87,7.39,6.3
design_0648,1.7,2.0,4.69,2.44,1.07,2.55,1.45,2.63,15.4,8.7,0.8,30.53,24.37
design_0649,1.31,2.28,4.35,2.61,1.17,2.23,1.45,2.5,14.78,8.45,0.82,35.98,27.9
design_0650,1.45,2.6,4.17,2.54,1.39,2.32,1.48,2.54,12.22,7.51,0.81,19.31,13.69
design_0651,1.38,2.21,4.36,2.72,1.29,2.36,1.47,2.56,14.97,8.6,0.8,34.43,24.87
design_0652,1.5,2.75,3.88,2.68,1.33,2.56,1.51,2.57,17.81,9.48,0.83,36.7,27.64
design_0653,1.17,2.4,1.13,2.23,1.28,2.55,1.27,1.96,17.6,9.28,0.84,35.98,27.8
design_0654,1.65,2.51,0.88,2.68,1.45,2.76,1.39,2.19,17.51,9.53,0.82,34.71,26.25
design_0655,1.3,2.59,0.72,2.35,1.32,2.94,1.31,2.13,17.76,9.49,0.83,35.63,28.83
design_0656,1.26,1.62,1.24,1.84,1.36,5.61,1.53,2.87,16.99,8.45,0.87,32.26,25.33
design_0657,0.9,1.19,3.48,1.39,0.91,2.17,1.14,1.83,17.92,8.95,0.85,34.58,26.95
design_0658,1.34,1.82,1.35,2.28,1.44,5.75,1.6,3.02,17.81,8.81,0.86,25.67,20.49
design_0659,0.98,1.59,1.35,2.3,1.26,2.3,1.12,1.76,17.95,9.25,0.85,32.17,27.3
design_0660,1.19,1.47,1.06,1.69,1.39,5.35,1.46,2.72,17.0,8.47,0.86,32.91,27.24
design_0661,0.57,0.83,2.98,1.55,0.92,2.94,1.08,1.91,17.02,8.65,0.86,28.84,23.16
design_0662,0.97,1.33,2.76,1.79,1.05,5.68,1.53,2.96,15.45,7.91,0.86,28.95,23.9
design_0663,1.46,1.89,1.4,1.93,1.44,5.59,1.58,2.93,16.97,8.39,0.86,34.97,26.69
design_0664,1.4,2.01,3.37,2.14,1.23,2.96,1.57,2.54,15.85,8.63,0.82,11.58,7.28
design_0665,1.59,2.18,2.29,2.56,1.24,3.25,1.57,2.39,14.7,8.13,0.82,7.6,4.84
design_0666,1.4,1.89,2.81,2.03,1.07,2.34,1.38,2.16,15.84,8.68,0.82,14.52,9.77
design_0667,1.06,1.93,4.95,2.07,1.17,3.41,1.77,3.21,8.31,5.84,0.83,21.02,17.14
design_0668,1.52,1.97,3.79,1.95,1.58,2.74,1.56,2.65,17.06,9.16,0.82,9.02,8.35
design_0669,1.33,2.02,2.91,2.22,0.97,2.21,1.44,2.19,17.31,9.17,0.82,20.29,9.97
design_0670,1.4,1.93,2.91,1.98,1.06,2.59,1.42,2.25,18.02,9.5,0.82,11.6,12.08
design_0671,1.39,2.04,3.15,2.16,0.97,2.19,1.45,2.27,16.02,8.61,0.82,25.07,19.1
design_0672,1.4,1.94,1.99,2.16,1.08,2.04,1.25,1.84,16.52,8.77,0.83,8.81,5.87
design_0673,1.28,2.07,1.97,1.98,1.21,2.41,1.25,1.93,14.32,7.99,0.83,3.33,3.94
design_0674,0.9,2.21,2.29,1.72,1.36,1.84,1.18,1.81,17.79,9.06,0.85,15.14,8.77
design_0675,1.1,2.23,2.36,1.98,1.35,2.04,1.24,1.93,16.41,8.66,0.84,9.91,7.27
design_0676,0.96,2.02,2.44,1.72,1.05,2.21,1.18,1.89,16.2,8.56,0.84,12.41,9.17
design_0677,1.33,2.25,2.72,2.12,1.16,1.84,1.32,2.02,16.07,8.42,0.85,8.65,6.94
design_0678,1.52,2.29,1.98,2.23,1.15,2.07,1.3,1.94,16.83,8.81,0.84,27.95,20.59
design_0679,1.47,2.24,1.72,2.21,1.15,1.87,1.25,1.82,16.71,8.76,0.84,12.77,9.74
design_0680,1.17,1.61,1.87,1.65,1.08,5.78,1.59,3.09,18.41,9.45,0.84,15.0,10.97
design_0681,1.27,1.71,2.1,1.87,1.23,2.23,1.26,1.83,17.82,9.22,0.84,21.73,16.38
design_0682,1.31,1.69,2.29,1.82,1.11,2.21,1.26,1.84,15.21,8.19,0.84,15.69,12.12
design_0683,1.19,1.93,1.65,1.79,1.24,6.21,1.71,3.3,16.79,8.28,0.86,12.5,10.06
design_0684,1.21,1.79,1.75,1.71,1.04,5.91,1.63,3.15,17.58,9.11,0.84,12.1,9.78
design_0685,1.24,2.08,1.85,1.84,1.06,6.24,1.75,3.34,17.07,8.58,0.85,7.76,8.2
design_0686,1.15,1.99,1.78,1.66,1.09,6.06,1.67,3.23,17.54,9.0,0.84,5.64,6.25
design_0687,1.07,1.13,3.22,1.73,1.08,3.32,1.28,2.3,14.49,8.21,0.82,26.79,20.25
design_0688,0.92,1.56,0.73,1.88,0.79,1.29,0.96,1.25,16.76,8.25,0.87,28.92,21.71
design_0689,1.4,2.34,1.66,2.84,1.19,1.49,1.4,1.91,14.28,7.4,0.86,6.81,5.81
design_0690,1.08,1.96,1.26,2.39,1.23,1.45,1.2,1.61,15.6,7.87,0.86,14.03,10.67
design_0691,1.19,1.69,0.75,2.1,0.96,1.63,1.08,1.44,15.33,7.72,0.87,31.04,23.47
design_0692,1.08,2.01,1.51,2.53,0.89,1.3,1.23,1.66,15.29,7.75,0.86,20.07,16.53
design_0693,1.27,2.39,1.34,2.62,1.41,1.71,1.35,1.84,10.66,6.11,0.85,4.73,4.54
design_0694,1.26,2.04,2.02,2.66,1.06,1.37,1.28,1.85,18.08,8.73,0.87,43.22,25.38
design_0695,1.08,1.92,1.82,2.75,0.95,1.4,1.26,1.78,16.55,8.14,0.87,36.65,24.97
design_0696,1.24,2.33,2.11,2.08,1.17,9.0,2.35,4.91,16.24,8.8,0.83,11.61,8.78
design_0697,1.17,2.35,2.28,2.35,1.18,8.91,2.35,4.9,16.03,8.69,0.82,10.75,8.55
design_0698,1.18,2.36,2.62,1.6,1.23,8.93,2.34,4.89,16.98,9.02,0.83,8.41,7.37
design_0699,1.26,1.99,1.36,1.42,1.02,8.74,2.26,4.68,17.98,9.44,0.83,9.05,9.07
design_0700,1.21,2.42,2.73,1.47,1.13,9.17,2.39,5.01,17.49,9.13,0.84,9.19,7.71
design_0701,1.18,2.36,1.85,1.5,1.06,9.07,2.34,4.89,16.7,8.91,0.83,12.7,9.65
design_0702,1.22,2.46,2.43,1.64,1.2,8.99,2.36,4.91,18.07,9.35,0.84,14.66,12.17
design_0703,1.19,2.32,1.81,1.57,1.13,8.9,2.3,4.81,16.29,8.83,0.82,14.02,10.47
design_0704,1.67,2.3,2.1,1.78,1.13,2.08,1.29,1.89,17.26,8.93,0.84,19.82,11.64
design_0705,1.8,2.67,1.79,1.97,1.36,2.1,1.38,1.99,16.78,8.76,0.84,31.48,21.99
design_0706,1.89,2.38,1.27,1.68,1.02,2.73,1.3,1.99,16.33,8.61,0.84,11.52,6.92
design_0707,1.84,2.39,1.41,1.73,0.98,2.43,1.27,1.91,17.62,9.03,0.85,13.39,7.88
design_0708,1.97,2.6,2.8,2.07,1.35,2.3,1.48,2.23,18.48,9.22,0.86,8.6,7.33
design_0709,1.4,2.52,1.74,1.56,1.0,3.26,1.28,2.14,17.77,9.32,0.84,9.91,7.56
design_0710,1.41,2.52,1.83,1.48,1.23,2.42,1.22,1.91,16.21,8.72,0.83,20.08,14.95
design_0711,1.79,2.41,1.96,1.71,1.14,1.71,1.26,1.81,18.54,9.25,0.84,21.92,16.83
design_0712,1.27,3.01,1.47,2.65,1.22,1.1,1.39,1.98,16.22,7.99,0.88,28.64,23.17
design_0713,1.33,2.7,1.82,3.35,1.35,1.49,1.48,2.19,17.68,8.68,0.86,38.65,23.73
design_0714,1.27,2.91,1.55,2.91,1.24,1.15,1.38,2.03,16.27,8.06,0.87,24.45,20.93
design_0715,1.51,3.41,1.15,3.35,1.66,1.13,1.55,2.32,16.76,8.32,0.87,29.47,23.75
design_0716,1.46,3.12,2.24,3.24,1.33,1.19,1.53,2.29,16.68,8.16,0.88,29.27,22.38
design_0717,1.42,3.05,1.54,3.01,1.36,1.08,1.46,2.12,15.08,7.63,0.87,11.7,7.07
design_0718,1.34,2.98,1.49,2.63,1.14,1.11,1.4,1.97,16.28,7.93,0.88,29.1,24.18
design_0719,1.47,3.26,1.42,3.22,1.77,1.25,1.57,2.29,14.77,7.55,0.86,22.05,14.71
design_0720,1.53,2.2,2.82,2.02,1.69,2.9,1.47,2.4,17.98,8.93,0.86,21.98,15.94
design_0721,1.32,2.27,1.08,2.3,2.09,2.61,1.4,1.98,17.35,8.63,0.85,30.22,24.24
design_0722,1.32,2.17,3.93,2.11,1.68,2.56,1.6,2.69,17.81,8.99,0.84,21.41,15.68
design_0723,1.62,2.31,4.71,1.82,1.32,2.22,1.64,2.92,19.44,9.74,0.85,34.01,23.75
design_0724,1.35,2.59,3.88,2.43,1.71,2.5,1.69,2.74,18.89,9.18,0.86,19.11,16.52
design_0725,1.3,2.1,1.97,2.06,1.0,2.32,1.28,1.92,18.43,9.42,0.84,16.22,10.52
design_0726,1.18,2.14,2.79,2.0,1.7,2.52,1.41,2.25,19.18,9.54,0.85,30.58,23.3
design_0727,1.21,2.14,4.84,1.76,1.26,2.47,1.61,2.97,19.79,10.05,0.84,28.04,22.6
design_0728,1.57,1.88,2.55,1.73,0.87,4.28,1.49,2.75,17.93,9.68,0.81,29.53,23.46
design_0729,1.34,1.68,1.44,1.55,0.98,9.5,2.48,5.25,16.51,9.04,0.82,26.23,20.73
design_0730,1.46,1.87,1.37,1.59,1.0,8.43,2.26,4.7,19.24,10.07,0.82,27.62,21.47
design_0731,1.7,1.87,1.38,1.71,0.93,10.44,2.73,5.76,18.66,9.77,0.83,31.21,25.03
design_0732,1.72,1.77,2.18,1.97,0.92,4.14,1.57,2.68,18.29,9.61,0.83,12.12,9.88
design_0733,1.58,1.74,2.16,1.84,0.89,4.85,1.58,2.97,18.85,9.98,0.82,29.32,22.88
design_0734,1.56,1.81,2.31,1.8,0.8,5.14,1.64,3.12,18.4,9.89,0.82,25.82,20.73
design_0735,1.5,1.91,1.77,1.65,1.13,9.14,2.42,5.1,16.07,8.88,0.82,28.73,22.72
design_0736,1.03,1.85,1.42,1.18,1.26,7.36,2.0,4.12,15.32,8.58,0.82,29.41,22.37
design_0737,1.36,1.89,1.37,1.46,1.18,6.99,1.95,3.95,16.14,8.81,0.82,14.28,12.31
design_0738,1.81,2.39,1.69,1.85,1.31,2.3,1.33,1.98,17.88,9.49,0.83,11.08,7.91
design_0739,0.91,2.26,0.84,1.51,1.26,7.35,2.01,4.13,15.02,8.48,0.82,29.88,22.5
design_0740,1.61,2.45,1.95,1.79,1.51,2.9,1.4,2.22,17.16,9.22,0.83,30.12,23.6
design_0741,1.34,1.65,1.45,1.64,1.03,7.03,1.96,3.97,18.0,9.51,0.82,27.01,14.16
design_0742,1.3,1.72,0.99,1.58,1.31,7.49,2.05,4.2,17.24,9.21,0.83,17.77,14.39
design_0743,1.65,2.39,1.93,1.89,1.45,3.47,1.48,2.45,15.28,8.5,0.83,8.51,5.97
design_0744,1.47,1.6,1.85,2.38,1.17,1.21,1.26,1.69,16.79,8.14,0.88,14.95,8.28
design_0745,1.42,1.66,2.09,2.09,1.22,1.56,1.26,1.73,16.8,8.2,0.87,8.89,7.49
design_0746,1.4,1.61,2.22,2.17,1.23,1.41,1.27,1.75,16.5,8.11,0.87,5.76,7.27
design_0747,1.49,1.81,2.14,2.46,1.2,1.31,1.33,1.82,16.72,8.16,0.87,18.29,12.09
design_0748,1.57,1.77,2.35,2.33,1.36,1.8,1.39,1.93,17.22,8.37,0.87,26.42,18.82
design_0749,1.45,1.67,2.44,2.19,1.28,1.45,1.3,1.84,17.05,8.33,0.87,15.35,11.26
design_0750,1.46,1.81,2.39,2.31,1.41,1.85,1.36,1.94,17.79,8.55,0.87,16.61,11.65
design_0751,1.41,1.66,2.27,2.13,1.27,1.42,1.28,1.77,17.87,8.63,0.87,30.35,22.95
design_0752,1.66,2.0,4.67,1.8,0.68,1.7,1.61,2.85,17.92,8.95,0.86,14.48,9.23
design_0753,1.62,2.68,1.54,2.32,0.79,1.92,1.35,1.86,18.7,9.17,0.86,22.85,14.6
design_0754,1.5,1.88,4.73,1.88,0.87,1.64,1.64,2.86,18.98,9.32,0.86,23.76,14.22
design_0755,1.82,2.1,1.56,1.83,0.92,1.86,1.3,1.71,18.29,9.08,0.85,31.53,25.94
design_0756,1.31,2.48,4.73,1.65,0.71,1.75,1.61,2.89,16.98,8.59,0.85,11.96,11.73
design_0757,1.23,2.56,4.9,1.75,0.69,1.67,1.68,2.97,18.68,9.21,0.86,20.55,13.1
design_0758,1.38,2.32,1.49,1.83,0.96,2.0,1.25,1.69,17.97,8.99,0.85,22.69,16.82
design_0759,1.56,2.73,1.55,2.37,0.88,2.02,1.4,1.9,17.98,8.97,0.86,24.45,16.89
design_0760,1.06,1.95,2.69,1.84,1.51,1.64,1.27,1.85,17.48,8.97,0.85,15.12,12.04
design_0761,0.96,2.13,2.66,1.73,1.31,2.28,1.21,1.96,17.64,9.18,0.84,26.34,20.99
design_0762,0.96,2.24,2.62,1.9,1.31,5.32,1.6,2.99,17.62,8.94,0.86,31.45,22.04
design_0763,0.99,2.05,3.1,2.32,1.33,1.96,1.28,2.08,16.34,8.44,0.85,15.01,11.88
design_0764,1.12,1.54,2.63,1.83,1.9,1.94,1.2,1.89,8.59,5.73,0.84,7.06,5.89
design_0765,1.07,2.09,2.16,1.76,1.3,1.85,1.19,1.76,16.14,8.5,0.84,8.68,7.11
design_0766,1.24,1.97,2.5,1.82,1.36,1.84,1.26,1.84,16.42,8.74,0.83,31.53,23.73
design_0767,1.26,1.83,2.55,1.61,1.0,2.11,1.21,1.83,18.1,9.16,0.85,29.78,23.66
design_0768,1.47,2.81,2.5,2.38,1.34,1.84,1.45,2.13,19.09,9.58,0.84,16.53,11.55
design_0769,1.47,2.92,2.35,2.65,1.34,1.89,1.5,2.17,15.6,8.35,0.83,18.15,12.52
design_0770,1.37,2.98,2.32,2.32,1.41,2.08,1.49,2.15,14.96,8.31,0.83,10.41,6.59
design_0771,1.34,2.3,1.62,2.56,1.28,2.28,1.33,1.97,11.11,6.81,0.83,11.79,8.78
design_0772,1.25,2.17,1.57,2.11,1.2,2.35,1.27,1.86,11.77,7.09,0.83,5.27,3.88
design_0773,1.67,2.59,1.51,2.57,1.44,2.2,1.46,2.03,13.65,7.72,0.83,14.54,10.57
design_0774,1.55,2.39,1.81,2.37,1.31,2.22,1.36,1.99,12.86,7.35,0.84,8.43,5.96
design_0775,1.65,2.45,1.61,2.11,1.64,2.79,1.41,2.12,8.27,5.96,0.83,7.36,5.16
design_0776,1.05,1.34,0.81,1.84,0.89,1.25,0.91,1.24,16.34,8.1,0.87,33.21,25.19
design_0777,1.28,1.41,0.8,2.1,1.0,1.54,1.0,1.41,14.73,7.53,0.86,31.61,24.89
design_0778,0.86,1.36,0.56,2.04,0.91,1.36,0.93,1.27,15.99,8.12,0.86,34.21,25.67
design_0779,1.36,1.67,1.69,2.28,1.19,1.25,1.13,1.63,16.78,8.25,0.87,31.05,25.31
design_0780,0.98,1.49,1.44,2.13,0.95,1.31,1.02,1.45,15.88,8.08,0.86,26.83,19.6
design_0781,1.31,1.65,1.37,2.39,1.03,1.39,1.1,1.59,16.06,8.02,0.88,31.57,23.91
design_0782,0.9,1.32,0.55,2.0,0.82,1.32,0.92,1.23,14.83,7.57,0.87,30.95,23.62
design_0783,0.98,1.49,0.63,2.27,1.23,1.37,1.0,1.41,15.01,7.62,0.87,35.78,26.96
design_0784,1.2,2.72,1.89,1.92,0.91,2.61,1.3,2.03,17.6,8.9,0.85,16.75,15.87
design_0785,1.42,2.9,2.95,2.33,1.74,2.59,1.55,2.46,19.06,9.19,0.86,33.6,24.18
design_0786,1.37,3.0,2.94,2.32,1.65,2.49,1.54,2.43,18.41,9.0,0.86,12.22,10.68
design_0787,1.43,3.05,3.08,2.18,1.68,2.45,1.54,2.46,16.33,8.27,0.85,12.35,13.51
design_0788,1.57,2.74,2.74,2.19,1.27,2.87,1.52,2.4,17.96,8.87,0.86,32.05,23.69
design_0789,1.09,3.06,2.99,2.37,1.42,2.67,1.57,2.46,18.94,9.11,0.86,28.62,22.1
design_0790,1.25,3.16,2.33,2.17,1.43,2.64,1.49,2.28,18.28,9.03,0.86,14.03,12.23
design_0791,1.38,3.03,3.23,2.17,1.42,2.69,1.53,2.53,18.36,9.01,0.86,17.79,17.06
design_0792,1.17,2.65,1.21,1.99,1.54,1.95,1.3,1.83,15.8,8.19,0.86,31.49,25.5
design_0793,1.15,2.67,0.96,1.97,1.5,1.95,1.24,1.81,17.76,8.85,0.86,30.72,23.94
design_0794,1.07,2.4,0.74,2.0,1.14,1.95,1.2,1.68,16.61,8.58,0.84,28.83,24.5
design_0795,0.98,2.18,2.42,2.08,1.24,2.07,1.25,1.88,18.3,8.98,0.86,29.39,23.61
design_0796,1.18,2.57,0.95,1.99,1.44,1.93,1.24,1.78,18.25,9.1,0.86,41.91,31.66
design_0797,1.08,2.49,1.72,2.03,1.37,1.61,1.23,1.77,17.45,8.75,0.85,24.59,19.59
design_0798,0.93,2.11,2.79,1.79,1.26,2.07,1.17,1.88,16.57,8.1,0.88,32.11,26.36
design_0799,1.17,2.58,0.85,1.98,1.36,1.95,1.22,1.76,18.01,8.97,0.86,30.27,23.73
design_0800,1.47,2.89,3.55,1.96,1.26,2.39,1.5,2.57,18.17,9.34,0.82,29.4,23.31
design_0801,1.54,2.79,4.18,2.02,1.39,2.14,1.61,2.77,16.16,8.21,0.85,16.31,9.86
design_0802,1.42,2.65,3.56,2.04,1.09,2.45,1.53,2.54,17.39,9.03,0.84,30.53,22.14
design_0803,1.2,2.34,3.62,2.1,1.56,2.27,1.48,2.52,15.49,8.34,0.83,28.08,21.83
design_0804,1.64,2.61,6.31,2.13,1.42,2.43,1.99,3.73,16.79,8.76,0.84,29.05,20.79
design_0805,1.48,2.5,3.57,1.87,0.96,2.85,1.48,2.59,17.12,9.12,0.82,26.14,19.09
design_0806,1.36,2.46,3.6,2.02,1.03,2.4,1.49,2.52,18.06,9.31,0.83,35.19,25.84
design_0807,1.6,2.32,4.03,2.08,1.36,2.24,1.55,2.68,14.47,8.05,0.82,29.23,22.14
design_0808,1.67,2.81,3.49,3.38,0.95,1.42,1.56,2.62,19.4,9.4,0.85,33.12,23.34
design_0809,1.83,3.22,3.34,3.15,1.28,1.63,1.64,2.64,19.19,9.59,0.85,36.44,25.76
design_0810,1.71,3.11,2.78,3.31,1.06,1.44,1.5,2.43,19.38,9.52,0.85,24.11,16.93
design_0811,1.61,3.08,3.56,3.1,0.96,1.38,1.56,2.62,18.83,9.24,0.85,17.26,14.27
design_0812,1.79,3.32,2.89,3.26,1.05,1.43,1.53,2.5,19.79,9.6,0.85,31.29,24.04
design_0813,1.84,3.53,2.84,3.22,1.1,1.66,1.56,2.54,19.53,9.4,0.86,31.32,23.26
design_0814,1.87,3.24,2.93,3.24,1.02,1.59,1.52,2.51,19.01,9.38,0.84,26.2,17.0
design_0815,1.68,3.02,2.85,3.27,1.01,1.44,1.5,2.42,19.68,9.55,0.85,17.53,14.44
design_0816,1.1,2.27,1.48,1.9,1.13,5.27,1.47,2.75,15.79,8.31,0.84,29.59,23.1
design_0817,1.16,1.92,1.79,1.71,0.88,5.34,1.43,2.74,17.01,8.72,0.85,25.71,18.91
design_0818,1.01,1.74,2.08,1.78,1.1,2.41,1.11,1.79,17.68,9.24,0.84,13.3,11.03
design_0819,1.13,1.97,1.86,1.82,0.96,5.22,1.44,2.72,17.33,8.72,0.86,29.05,22.84
design_0820,1.05,1.65,1.82,1.79,0.88,4.91,1.33,2.55,17.62,9.07,0.85,31.95,25.21
design_0821,1.31,1.95,2.87,1.81,0.87,2.41,1.26,2.02,17.85,9.25,0.84,19.2,12.92
design_0822,1.08,2.17,1.75,1.81,0.96,5.36,1.47,2.78,17.17,8.84,0.85,29.84,23.56
design_0823,1.22,2.01,1.73,1.75,0.89,5.33,1.45,2.75,17.58,8.94,0.85,16.21,13.41
design_0824,1.15,1.8,1.11,1.92,0.96,2.35,1.15,1.65,17.59,9.02,0.85,14.95,11.74
design_0825,1.34,1.4,1.15,1.94,0.85,2.0,1.11,1.52,17.86,9.06,0.84,9.31,6.52
design_0826,1.6,1.76,3.12,2.39,1.16,2.61,1.48,2.37,15.8,8.18,0.85,28.71,21.02
design_0827,1.58,1.79,1.9,2.42,1.66,2.61,1.38,2.07,15.63,8.14,0.85,28.33,20.38
design_0828,1.39,1.49,3.43,2.16,1.02,2.35,1.41,2.33,18.25,9.26,0.84,27.58,19.08
design_0829,1.4,1.43,3.78,2.2,0.93,2.37,1.43,2.47,16.53,8.6,0.84,10.0,8.79
design_0830,1.4,1.55,1.1,2.04,1.02,1.98,1.16,1.56,18.32,9.27,0.84,9.78,6.31
design_0831,1.12,1.56,1.58,1.8,0.85,3.98,1.29,2.23,17.46,9.13,0.83,7.45,5.62
design_0832,1.17,3.03,2.41,2.02,0.8,2.15,1.38,2.12,17.33,9.12,0.83,10.27,9.8
design_0833,1.16,2.36,2.22,1.93,0.93,2.75,1.34,2.12,19.46,9.98,0.82,18.0,13.12
design_0834,1.27,2.53,2.18,2.2,0.82,2.65,1.4,2.14,17.86,9.31,0.82,11.91,12.43
design_0835,1.1,3.04,2.02,2.11,0.99,2.41,1.41,2.09,17.48,9.24,0.83,16.33,7.57
design_0836,0.99,2.97,2.18,2.05,0.99,2.96,1.45,2.27,19.82,10.1,0.83,17.73,16.63
design_0837,1.08,2.9,1.99,2.0,0.93,2.67,1.37,2.12,20.22,10.25,0.83,20.38,13.93
design_0838,0.95,2.76,2.46,2.06,0.91,2.58,1.38,2.19,18.31,9.47,0.83,13.78,10.64
design_0839,1.13,2.8,2.33,1.95,0.93,3.01,1.39,2.29,18.06,9.52,0.82,15.63,7.53
design_0840,1.03,1.92,0.97,2.16,0.72,5.56,1.48,2.82,17.95,8.99,0.86,27.68,20.95
design_0841,1.03,1.98,1.11,2.19,1.17,5.33,1.48,2.77,17.35,8.68,0.86,23.49,16.96
design_0842,0.98,1.77,0.99,2.05,0.87,5.06,1.38,2.6,17.68,8.94,0.85,23.1,18.56
design_0843,1.0,1.84,1.38,2.2,0.99,5.29,1.46,2.75,16.64,8.49,0.85,28.4,26.24
design_0844,0.98,1.7,1.1,2.0,0.69,5.06,1.36,2.58,16.65,8.63,0.85,28.16,26.18
design_0845,0.98,1.84,1.06,2.37,1.03,5.08,1.41,2.67,17.45,8.84,0.85,26.52,21.03
design_0846,1.04,2.03,1.08,2.23,0.98,5.35,1.48,2.78,17.64,8.77,0.86,24.96,21.76
design_0847,1.07,1.39,3.24,1.92,0.68,4.93,1.39,2.76,16.69,8.73,0.84,27.58,24.1
design_0848,1.44,2.18,1.57,2.4,1.39,1.67,1.31,1.8,14.59,7.56,0.86,6.47,7.6
design_0849,1.35,2.26,1.49,2.3,1.29,1.34,1.24,1.71,15.15,7.81,0.85,6.46,7.26
design_0850,1.28,2.52,2.19,2.25,1.04,1.69,1.33,1.93,17.38,8.5,0.87,12.92,9.78
design_0851,1.45,2.16,1.58,2.27,1.36,1.77,1.27,1.78,14.71,7.58,0.86,7.2,6.13
design_0852,1.23,1.75,1.49,1.95,1.12,1.28,1.13,1.5,14.6,7.5,0.87,6.6,7.09
design_0853,1.3,2.06,1.52,2.13,1.16,1.38,1.22,1.63,16.02,8.08,0.86,24.91,17.86
design_0854,1.22,2.16,1.3,2.12,1.08,1.1,1.23,1.55,15.81,7.96,0.86,22.92,18.56
design_0855,1.26,1.9,1.24,1.99,1.11,0.93,1.18,1.45,16.18,8.07,0.86,11.41,10.21
design_0856,1.38,2.81,1.15,2.56,1.21,4.92,1.72,3.15,18.09,9.55,0.83,20.99,16.23
design_0857,1.43,2.62,2.06,2.4,1.39,8.97,2.49,5.17,17.43,9.33,0.82,30.44,23.24
design_0858,1.29,2.57,0.65,2.59,1.16,4.25,1.59,2.79,17.07,9.21,0.82,16.53,13.71
design_0859,1.44,2.73,1.16,2.68,1.22,3.69,1.58,2.62,14.59,8.24,0.82,6.46,5.13
design_0860,1.36,2.79,1.02,2.71,1.23,3.75,1.6,2.65,13.09,7.67,0.82,19.38,16.17
design_0861,1.25,2.48,1.07,2.56,1.16,3.48,1.51,2.45,13.99,8.06,0.82,6.85,5.31
design_0862,1.31,2.59,1.06,2.52,1.13,3.53,1.54,2.49,13.53,7.88,0.82,5.46,4.06
design_0863,1.59,2.8,1.68,2.33,1.69,8.05,2.32,4.71,15.21,8.58,0.81,14.59,12.04
design_0864,1.72,2.12,1.33,2.18,0.88,2.35,1.36,1.87,17.17,8.95,0.83,20.28,14.09
design_0865,1.74,2.16,1.94,2.02,0.84,2.49,1.39,2.0,16.59,8.71,0.83,29.5,22.47
design_0866,1.58,2.07,2.2,1.97,0.94,2.62,1.35,2.06,18.77,9.51,0.84,10.01,8.63
design_0867,1.9,2.53,1.26,2.18,0.97,2.48,1.41,1.99,18.49,9.38,0.84,13.33,7.51
design_0868,2.18,2.72,1.96,2.7,1.49,3.13,1.7,2.47,10.38,6.27,0.84,29.71,20.92
design_0869,1.6,2.15,2.02,2.18,0.94,2.31,1.39,1.98,18.19,9.24,0.84,32.75,23.97
design_0870,1.98,2.65,1.83,2.28,1.05,2.64,1.52,2.18,18.96,9.52,0.84,26.05,19.83
design_0871,1.95,2.64,1.8,2.29,0.98,2.64,1.51,2.16,19.23,9.64,0.84,39.43,26.91
design_0872,1.31,1.69,0.92,1.93,1.02,7.87,2.17,4.45,18.6,9.76,0.83,14.19,9.79
design_0873,1.03,1.51,0.73,1.86,0.85,8.01,2.16,4.49,17.83,9.46,0.82,19.87,14.58
design_0874,1.22,1.59,1.2,2.16,0.98,7.99,2.19,4.52,16.87,9.22,0.82,23.33,17.72
design_0875,1.0,1.41,1.21,1.83,0.78,7.08,1.97,4.0,16.51,9.09,0.81,10.97,10.14
design_0876,0.93,1.3,0.85,1.86,0.88,8.09,2.17,4.52,15.11,8.47,0.82,13.2,9.78
design_0877,1.07,1.22,3.19,2.02,0.83,7.42,2.13,4.31,18.71,9.91,0.81,27.29,19.13
design_0878,1.21,1.7,1.17,2.2,1.06,8.29,2.27,4.69,17.24,9.28,0.82,14.42,11.0
design_0879,1.36,1.81,0.79,2.06,1.04,8.44,2.31,4.76,18.19,9.43,0.83,18.1,13.98
design_0880,1.37,3.22,1.21,2.38,1.68,1.14,1.27,1.96,16.1,8.24,0.86,26.58,22.7
design_0881,1.34,2.62,1.3,1.77,1.38,1.03,1.19,1.64,16.93,8.51,0.86,26.76,21.84
design_0882,1.35,2.33,1.2,2.34,1.62,1.09,1.17,1.73,16.26,8.19,0.86,16.35,14.09
design_0883,1.32,2.76,1.04,1.79,1.51,1.01,1.21,1.66,17.98,8.93,0.87,33.51,27.63
design_0884,1.46,2.35,1.81,1.75,1.86,1.08,1.24,1.76,17.83,8.87,0.86,20.41,10.93
design_0885,1.63,2.99,1.73,1.92,1.55,1.13,1.32,1.9,17.13,8.59,0.86,19.68,19.57
design_0886,1.27,2.51,1.2,2.35,1.64,1.11,1.2,1.76,17.68,8.82,0.86,17.19,10.47
design_0887,1.26,2.81,1.27,1.74,1.67,0.94,1.19,1.7,17.03,8.45,0.87,35.75,29.09
design_0888,1.42,2.15,3.09,2.23,1.01,2.31,1.49,2.3,17.74,9.18,0.83,30.19,22.36
design_0889,1.31,1.86,3.1,1.78,1.09,2.37,1.28,2.22,16.33,8.56,0.83,26.88,20.79
design_0890,1.03,1.61,2.38,1.69,0.84,1.92,1.08,1.79,14.91,8.18,0.84,29.87,22.93
design_0891,1.43,1.98,3.05,2.11,1.0,2.59,1.42,2.3,18.81,9.5,0.85,31.79,22.75
design_0892,1.44,2.25,3.44,2.26,1.03,2.08,1.52,2.42,18.7,9.62,0.83,25.52,18.33
design_0893,1.28,2.17,3.87,2.2,0.84,2.34,1.53,2.59,18.52,9.39,0.83,29.87,22.13
design_0894,1.37,2.2,4.36,2.12,1.01,2.1,1.6,2.77,18.65,9.54,0.83,33.27,25.29
design_0895,1.55,2.19,4.3,2.24,1.06,2.35,1.65,2.81,18.91,9.65,0.84,25.57,18.07
design_0896,1.02,1.82,1.95,1.62,0.69,2.86,1.25,1.85,14.6,7.95,0.83,30.28,22.86
design_0897,1.16,1.88,1.55,1.61,0.79,2.64,1.15,1.74,17.66,9.13,0.85,35.01,23.45
design_0898,1.18,2.14,1.1,1.68,0.68,2.61,1.2,1.72,16.85,8.71,0.85,36.91,22.82
design_0899,1.42,1.68,0.76,1.59,0.91,2.68,1.17,1.66,15.08,8.34,0.83,8.03,5.48
design_0900,1.54,1.98,0.82,1.68,0.8,3.0,1.27,1.83,16.28,8.74,0.83,24.39,17.64
design_0901,1.24,1.86,1.22,1.61,0.61,2.69,1.2,1.7,16.21,8.58,0.82,28.27,19.55
design_0902,1.15,1.95,0.97,1.85,0.83,3.01,1.19,1.83,17.27,9.05,0.84,30.89,23.58
design_0903,1.26,1.93,1.86,1.6,0.73,2.97,1.25,1.91,15.09,8.51,0.81,29.4,22.67
design_0904,1.13,2.56,1.38,1.92,1.14,2.8,1.38,2.0,16.93,8.83,0.85,11.59,7.99
design_0905,1.18,2.66,5.0,1.87,1.03,7.55,2.21,4.4,17.51,8.72,0.86,12.08,9.22
design_0906,1.08,2.43,1.52,1.84,1.26,2.86,1.39,2.01,14.34,7.94,0.83,6.38,4.53
design_0907,1.11,2.67,1.36,2.21,1.41,2.96,1.51,2.14,11.52,6.84,0.83,4.53,3.88
design_0908,1.17,2.48,1.43,1.81,1.02,2.26,1.32,1.8,19.45,9.62,0.84,34.77,22.23
design_0909,1.18,2.41,0.97,2.06,1.36,2.56,1.43,1.9,17.21,8.88,0.84,11.84,9.96
design_0910,1.27,2.71,1.39,1.9,1.24,2.59,1.41,1.98,16.54,8.74,0.84,13.52,9.37
design_0911,1.18,2.64,1.87,1.7,1.05,5.32,1.63,2.97,18.26,9.3,0.85,20.38,13.63
design_0912,0.65,2.42,1.05,1.72,1.0,5.85,1.61,3.14,17.74,8.8,0.86,10.21,9.05
design_0913,0.93,2.14,0.98,2.27,0.99,5.28,1.5,2.93,17.17,8.93,0.84,7.18,7.11
design_0914,0.9,1.89,0.99,1.71,0.98,5.82,1.57,3.08,16.69,8.39,0.86,13.5,13.88
design_0915,0.63,2.56,0.95,1.68,0.88,5.38,1.5,2.93,17.86,9.05,0.85,15.5,12.9
design_0916,1.05,2.51,0.8,1.64,0.96,3.06,1.24,2.0,15.42,8.41,0.83,30.11,20.79
design_0917,0.99,2.17,0.96,1.78,0.93,5.3,1.48,2.88,17.87,9.09,0.85,5.41,5.33
design_0918,1.01,2.21,0.92,1.71,1.14,2.23,1.1,1.69,15.71,8.35,0.84,14.62,11.22
design_0919,0.79,1.8,1.12,1.6,0.96,3.83,1.19,2.19,17.94,9.35,0.84,4.85,5.87
design_0920,1.2,2.08,2.45,2.4,1.39,1.64,1.34,1.99,17.25,8.46,0.87,34.43,23.15
design_0921,1.11,1.76,0.58,2.08,1.48,1.46,1.1,1.42,12.77,6.96,0.85,7.04,6.57
design_0922,1.33,2.3,2.31,2.13,1.54,1.72,1.36,1.97,18.08,8.96,0.86,9.1,7.63
design_0923,1.6,2.62,1.45,2.86,1.56,1.87,1.49,2.02,16.09,8.0,0.87,31.7,24.23
design_0924,1.18,2.08,0.61,2.03,1.67,1.67,1.14,1.54,16.73,8.18,0.87,5.69,4.45
design_0925,1.41,2.39,1.12,2.78,1.48,1.71,1.42,1.85,17.67,8.47,0.87,37.64,22.32
design_0926,1.13,2.04,0.76,2.29,1.29,1.31,1.21,1.5,16.7,8.25,0.86,32.22,22.57
design_0927,1.32,2.41,1.12,2.54,1.31,1.55,1.34,1.74,17.83,8.57,0.87,34.7,25.16
design_0928,1.34,2.05,1.87,1.76,1.26,7.61,2.17,4.33,18.33,9.51,0.83,20.14,15.7
design_0929,1.16,1.87,0.99,1.72,0.92,7.34,2.05,4.11,18.72,9.76,0.83,31.62,24.6
design_0930,1.44,2.05,1.85,1.59,1.07,7.66,2.15,4.34,18.9,9.71,0.84,30.26,24.61
design_0931,1.54,1.91,1.47,1.62,0.95,7.22,2.01,4.09,16.39,8.9,0.82,30.37,23.19
design_0932,1.39,2.38,1.85,2.15,1.41,7.04,2.07,4.1,18.2,9.59,0.83,22.63,17.06
design_0933,1.27,2.1,1.63,1.82,1.33,7.4,2.13,4.21,18.36,9.58,0.83,12.45,11.87
design_0934,1.48,2.28,1.96,1.65,1.18,5.79,1.77,3.44,18.72,9.83,0.82,32.92,25.68
design_0935,0.98,2.18,0.92,1.75,1.0,7.66,2.14,4.29,11.04,6.97,0.82,5.8,6.7
design_0936,0.91,1.09,3.24,1.79,0.96,1.55,1.32,1.99,18.82,9.58,0.84,30.01,23.7
design_0937,0.94,1.14,3.5,1.96,1.49,1.44,1.42,2.15,16.16,8.53,0.84,28.59,21.43
design_0938,1.15,1.41,3.74,2.06,2.11,3.75,1.72,2.84,7.93,5.75,0.83,26.26,19.07
design_0939,1.03,0.94,3.02,1.68,0.78,3.26,1.39,2.29,17.64,9.42,0.82,29.07,21.82
design_0940,1.03,1.19,3.14,1.81,0.81,1.49,1.36,1.96,17.33,9.04,0.83,30.5,22.33
design_0941,0.84,1.0,2.93,1.81,0.82,1.59,1.27,1.86,14.68,8.22,0.82,26.01,20.34
design_0942,0.89,1.43,3.67,1.81,1.0,3.54,1.55,2.64,19.29,9.88,0.83,32.45,23.19
design_0943,0.91,0.98,2.2,1.65,0.78,1.43,1.15,1.53,16.05,8.5,0.84,29.08,22.87
design_0944,1.22,1.35,1.32,1.97,1.11,2.12,1.22,1.61,16.69,8.76,0.84,11.29,9.69
design_0945,1.07,1.21,1.24,1.89,1.07,2.4,1.16,1.63,16.68,8.81,0.83,8.8,7.39
design_0946,1.5,1.77,1.45,2.29,1.26,2.23,1.35,1.82,17.67,9.06,0.84,34.86,22.61
design_0947,1.45,1.84,1.5,2.38,1.21,1.82,1.35,1.74,16.69,8.59,0.85,13.89,9.92
design_0948,1.52,1.65,1.45,2.09,1.14,2.29,1.31,1.78,16.58,8.73,0.84,10.18,8.15
design_0949,1.42,1.72,1.37,1.92,1.17,1.96,1.28,1.64,15.69,8.41,0.82,10.96,8.14
design_0950,1.04,1.63,1.18,1.77,1.06,2.2,1.14,1.59,18.87,9.52,0.85,32.63,24.92
design_0951,1.28,1.47,1.26,1.88,1.23,2.26,1.18,1.66,17.26,8.99,0.84,16.08,12.06
design_0952,1.73,2.69,2.25,1.99,1.46,2.69,1.6,2.25,16.46,8.81,0.82,8.01,5.05
design_0953,1.82,2.62,2.6,2.1,1.38,2.8,1.69,2.39,12.62,7.41,0.82,16.88,13.21
design_0954,1.47,2.55,2.5,1.83,1.71,2.71,1.57,2.28,18.59,9.65,0.83,21.53,14.84
design_0955,1.75,2.93,2.77,2.16,1.28,2.92,1.69,2.5,16.76,8.77,0.83,8.77,6.49
design_0956,1.71,2.47,2.73,1.95,1.41,2.96,1.64,2.43,13.24,7.7,0.82,10.62,9.28
design_0957,1.77,2.49,2.9,2.03,1.26,2.79,1.67,2.44,8.09,5.93,0.83,17.2,13.16
design_0958,1.68,2.48,1.86,1.81,1.23,2.21,1.44,1.95,12.63,7.54,0.82,20.57,15.14
design_0959,1.79,2.44,2.25,2.08,1.42,2.44,1.6,2.16,16.95,8.86,0.83,16.21,11.57
design_0960,1.0,1.97,2.1,1.91,0.94,2.22,1.29,1.86,19.16,9.73,0.84,21.65,14.72
design_0961,0.98,1.77,2.43,1.45,0.81,2.02,1.2,1.82,19.64,10.0,0.83,22.14,17.23
design_0962,1.13,2.02,2.18,1.65,1.23,2.43,1.33,1.94,18.71,9.52,0.84,17.48,12.01
design_0963,0.99,1.88,5.45,1.79,1.22,2.92,1.81,3.28,18.1,9.35,0.83,16.42,12.31
design_0964,0.95,1.97,2.48,1.77,1.43,2.52,1.28,2.07,19.16,9.77,0.84,9.51,9.9
design_0965,1.28,2.08,3.21,2.0,0.91,2.47,1.49,2.33,17.81,9.21,0.83,33.8,23.97
design_0966,1.31,2.2,1.88,2.03,1.06,2.23,1.39,1.89,17.65,9.11,0.83,15.3,11.85
design_0967,0.97,1.68,2.74,1.74,0.89,2.26,1.32,2.02,19.38,9.85,0.84,12.44,9.05
design_0968,1.01,2.07,1.69,2.26,1.15,3.49,1.27,2.2,16.08,8.5,0.84,9.36,8.46
design_0969,1.01,2.04,1.68,2.19,0.92,4.42,1.34,2.49,17.44,8.84,0.86,7.07,6.94
design_0970,1.05,2.19,1.73,2.03,0.84,4.17,1.35,2.4,14.96,7.94,0.85,6.84,6.98
design_0971,0.86,2.37,1.7,2.01,0.96,3.66,1.28,2.23,17.02,8.77,0.85,17.08,13.63
design_0972,0.94,2.35,1.46,2.16,0.88,2.1,1.15,1.77,17.76,9.13,0.85,10.97,8.04
design_0973,1.18,2.29,1.66,2.36,0.87,4.74,1.49,2.67,16.21,8.26,0.86,26.58,20.98
design_0974,0.96,2.23,0.59,2.11,0.89,1.55,1.11,1.55,17.12,8.99,0.84,14.45,11.9
design_0975,1.02,1.98,1.81,2.16,0.62,4.79,1.41,2.61,15.02,7.65,0.87,8.94,7.11
design_0976,0.89,1.73,2.48,2.33,1.4,2.47,1.43,2.08,17.55,8.86,0.85,15.2,14.24
design_0977,1.4,1.58,3.37,2.36,1.37,2.2,1.5,2.34,14.86,8.13,0.83,19.71,10.48
design_0978,1.12,1.83,2.64,2.28,2.22,2.31,1.47,2.2,5.42,4.37,0.86,12.85,9.91
design_0979,1.29,1.72,1.57,2.29,1.38,2.19,1.33,1.8,15.19,8.12,0.84,19.14,15.76
design_0980,1.03,1.41,2.26,2.15,1.3,2.54,1.33,1.98,12.75,7.23,0.84,4.7,3.33
design_0981,1.07,1.58,2.44,2.26,1.42,2.69,1.41,2.11,16.52,8.5,0.84,16.54,14.28
design_0982,0.99,1.74,2.5,2.29,1.4,2.55,1.42,2.11,14.14,7.27,0.86,9.82,7.59
design_0983,0.99,1.36,2.52,2.24,1.51,2.27,1.36,2.01,15.81,8.24,0.84,31.53,26.76
design_0984,1.72,2.66,1.9,2.83,0.97,4.27,1.69,2.77,16.95,8.9,0.84,21.43,15.17
design_0985,1.4,2.27,1.36,2.34,0.88,3.25,1.36,2.18,12.35,7.36,0.82,7.21,5.29
design_0986,1.57,2.39,1.79,2.24,1.02,4.55,1.59,2.74,8.29,6.05,0.83,7.25,5.31
design_0987,1.42,2.26,1.77,2.3,0.83,3.08,1.35,2.17,16.75,8.9,0.84,7.57,6.41
design_0988,1.66,2.33,1.65,2.54,0.98,3.57,1.53,2.4,13.0,7.6,0.82,8.46,6.1
design_0989,2.0,2.42,2.07,3.07,1.03,4.42,1.75,2.89,14.75,8.06,0.84,10.52,7.77
design_0990,1.63,2.41,1.86,2.92,0.96,3.84,1.6,2.59,16.33,8.68,0.84,19.71,12.6
design_0991,1.51,2.72,3.13,2.59,0.97,3.85,1.66,2.82,16.86,8.9,0.84,12.11,10.86
design_0992,0.81,0.95,0.63,1.81,1.15,2.25,1.07,1.39,4.95,4.63,0.85,3.84,2.47
design_0993,0.88,1.18,3.0,2.15,1.86,2.3,1.4,2.18,9.97,6.37,0.83,18.32,14.52
design_0994,0.57,0.69,5.21,2.06,0.88,2.06,1.51,2.93,16.78,8.74,0.84,13.28,7.97
design_0995,0.88,1.05,2.78,2.37,2.46,2.75,1.41,2.3,7.86,5.53,0.84,16.9,13.8
design_0996,0.78,1.17,3.15,2.28,1.75,3.07,1.47,2.4,8.96,5.79,0.84,18.25,14.64
design_0997,0.74,0.92,1.35,1.85,1.13,2.3,1.09,1.53,5.61,4.92,0.84,3.11,2.28
design_0998,0.95,1.2,1.27,2.25,1.01,2.13,1.23,1.57,12.76,7.44,0.82,22.2,17.67
design_0999,1.13,1.58,0.95,2.09,1.09,2.08,1.24,1.54,6.15,5.06,0.84,4.77,3.49
design_1000,1.97,2.06,3.34,2.63,1.28,3.99,1.66,2.91,18.94,9.84,0.83,22.25,16.88
design_1001,1.7,2.09,2.5,2.47,1.32,7.45,2.13,4.24,18.41,9.49,0.83,15.52,14.07
design_1002,1.75,2.13,2.48,2.5,1.46,7.84,2.21,4.44,17.43,9.2,0.83,34.12,25.9
design_1003,1.75,1.81,2.7,2.5,1.13,8.37,2.32,4.67,17.66,9.25,0.83,25.53,19.52
design_1004,1.37,1.56,2.59,2.41,1.02,8.18,2.24,4.53,17.68,9.19,0.84,33.0,25.55
design_1005,1.63,1.92,3.17,2.51,1.32,8.66,2.39,4.87,18.38,9.44,0.84,23.19,17.82
design_1006,1.75,1.84,2.64,2.53,1.12,8.43,2.32,4.7,18.61,9.56,0.83,16.63,14.26
design_1007,1.75,2.02,2.33,2.45,1.21,8.28,2.28,4.61,18.39,9.55,0.84,28.14,21.2
design_1008,0.75,1.62,4.29,2.63,0.78,1.77,1.29,2.2,17.11,8.93,0.84,24.23,18.35
design_1009,0.92,1.57,2.56,2.26,0.82,2.63,1.18,1.95,16.42,8.78,0.84,28.54,22.8
design_1010,0.69,1.42,3.93,2.18,0.89,2.34,1.23,2.11,17.6,8.97,0.85,18.84,13.01
design_1011,0.89,1.55,3.0,2.26,1.01,4.94,1.43,2.78,16.84,8.69,0.85,30.56,23.42
design_1012,0.73,1.48,3.8,2.08,0.74,1.85,1.12,1.96,17.42,8.89,0.85,27.38,21.83
design_1013,0.85,1.63,3.95,2.72,0.74,1.92,1.3,2.17,17.98,9.17,0.85,23.11,15.92
design_1014,0.76,1.65,3.81,2.63,0.83,2.03,1.27,2.14,17.7,8.99,0.85,27.2,20.88
design_1015,0.81,1.58,3.83,2.11,0.85,1.9,1.17,2.01,15.97,8.36,0.85,30.99,24.01
design_1016,1.08,1.97,1.35,1.48,1.03,0.67,1.0,1.32,15.37,7.72,0.87,18.07,12.15
design_1017,1.08,2.22,4.44,1.99,1.05,0.89,1.3,2.27,16.79,8.51,0.85,20.08,15.74
design_1018,1.22,1.63,1.37,1.85,1.01,0.96,1.02,1.39,12.52,6.61,0.87,16.5,12.6
design_1019,1.15,2.07,1.07,1.82,1.36,0.76,1.05,1.44,15.2,7.98,0.84,4.71,4.02
design_1020,1.05,2.15,1.23,1.62,1.26,0.85,1.0,1.42,14.41,7.34,0.88,10.57,6.91
design_1021,1.19,1.39,1.24,1.86,0.94,0.73,0.98,1.29,14.41,7.56,0.86,17.07,13.1
design_1022,1.07,2.21,2.5,2.0,1.35,0.83,1.09,1.76,16.16,8.36,0.85,27.24,20.79
design_1023,1.17,2.19,5.1,1.76,1.07,1.22,1.33,2.47,16.02,8.23,0.86,4.34,5.2
design_1024,1.23,2.57,1.7,1.55,0.65,7.74,2.08,4.28,17.8,9.18,0.84,26.16,19.65
design_1025,1.23,2.71,1.34,2.08,0.86,7.24,1.99,4.07,16.98,8.9,0.84,21.7,16.6
design_1026,1.42,2.81,1.22,1.55,0.99,7.01,1.94,3.94,15.58,8.5,0.83,22.29,17.13
design_1027,1.35,2.83,1.39,1.65,0.83,7.39,2.04,4.13,17.75,9.19,0.84,25.15,18.68
design_1028,1.22,2.55,1.34,1.67,0.73,7.41,2.01,4.1,18.25,9.43,0.84,21.21,15.23
design_1029,1.29,2.69,1.53,1.57,0.94,7.03,1.94,3.94,16.93,8.88,0.83,25.51,19.36
design_1030,1.41,2.82,1.4,1.74,0.88,7.79,2.13,4.34,16.51,8.73,0.83,24.38,17.67
design_1031,1.59,3.09,1.05,1.62,1.1,7.35,2.05,4.14,16.85,8.95,0.82,15.1,11.53
design_1032,0.84,1.75,3.35,1.81,0.74,7.29,1.96,4.02,17.48,9.19,0.83,6.35,6.91
design_1033,1.06,2.04,2.17,1.79,0.85,4.96,1.53,2.87,16.97,9.17,0.81,26.09,18.54
design_1034,1.05,1.61,2.9,1.78,0.8,7.53,1.98,4.08,18.03,9.24,0.84,18.97,14.85
design_1035,1.35,1.87,2.76,1.81,0.99,7.55,2.01,4.11,18.05,9.32,0.84,6.74,6.39
design_1036,1.52,1.76,1.31,2.1,0.86,2.08,1.21,1.72,18.21,9.44,0.84,13.7,9.27
design_1037,1.19,1.41,3.31,2.03,0.79,2.42,1.29,2.11,18.04,9.37,0.84,20.98,14.67
design_1038,1.27,1.75,1.67,1.84,0.77,7.34,1.92,3.9,18.18,9.38,0.84,26.17,19.5
design_1039,1.25,1.87,2.92,1.85,0.95,7.52,2.01,4.11,16.81,8.81,0.83,8.39,9.61
design_1040,1.12,1.44,1.32,1.78,0.86,2.15,1.04,1.51,17.46,8.75,0.86,29.05,21.69
design_1041,1.48,1.38,1.31,1.72,0.97,2.0,1.04,1.51,18.16,8.89,0.86,29.69,23.34
design_1042,1.24,1.11,0.84,1.55,0.65,1.76,0.93,1.24,15.04,7.88,0.85,30.48,23.47
design_1043,1.39,1.44,1.3,1.88,1.1,2.41,1.13,1.64,17.1,8.6,0.86,30.14,22.61
design_1044,1.43,1.29,0.89,1.58,0.9,2.37,1.04,1.48,15.36,7.81,0.86,28.94,21.87
design_1045,1.2,0.98,0.88,1.58,0.74,1.9,0.91,1.27,18.0,8.9,0.86,31.02,23.37
design_1046,1.54,1.54,1.65,1.99,1.14,2.38,1.18,1.76,16.66,8.42,0.85,29.78,22.69
design_1047,1.22,1.5,1.5,1.85,1.12,2.18,1.09,1.61,17.1,8.58,0.85,31.34,23.27
design_1048,1.3,1.87,1.11,2.42,1.0,1.12,1.25,1.57,17.65,8.39,0.88,31.43,23.26
design_1049,1.29,1.9,0.92,2.49,1.03,1.14,1.24,1.57,17.2,8.21,0.88,33.33,24.59
design_1050,1.28,1.87,1.28,2.48,1.1,1.05,1.25,1.61,16.44,7.95,0.88,24.29,19.63
design_1051,1.41,1.51,1.26,2.14,1.01,1.01,1.12,1.46,16.32,8.04,0.87,28.93,23.23
design_1052,1.33,1.79,1.04,2.53,1.08,1.26,1.22,1.6,16.67,8.07,0.88,30.86,19.7
design_1053,1.41,1.59,1.03,1.97,1.01,1.03,1.1,1.4,16.38,8.17,0.87,18.47,17.7
design_1054,1.15,1.48,1.54,2.03,1.08,1.03,1.11,1.45,16.34,8.1,0.87,20.96,17.79
design_1055,1.47,1.48,1.16,1.96,0.78,0.9,1.09,1.37,16.25,7.97,0.88,19.36,16.86
design_1056,1.29,2.21,1.14,2.27,1.51,4.05,1.47,2.42,18.61,9.42,0.84,22.55,17.47
design_1057,1.35,2.28,1.56,2.6,0.82,3.25,1.42,2.22,19.65,9.73,0.84,21.25,11.16
design_1058,1.36,2.44,0.83,2.54,1.18,4.21,1.52,2.5,19.67,9.85,0.85,29.78,23.94
design_1059,1.45,2.15,0.91,2.44,1.17,3.05,1.33,2.04,18.67,9.46,0.84,23.49,17.78
design_1060,1.42,2.21,1.09,2.7,0.85,2.84,1.35,2.03,20.21,10.0,0.84,13.37,9.81
design_1061,1.38,2.31,1.34,2.35,1.42,4.03,1.48,2.46,19.11,9.58,0.84,21.02,15.72
design_1062,1.29,2.38,1.02,2.67,0.88,3.12,1.39,2.12,18.76,9.44,0.84,20.63,15.89
design_1063,1.29,2.3,1.17,2.52,1.3,3.87,1.48,2.39,18.59,9.4,0.84,18.92,12.92
design_1064,1.07,0.96,1.81,2.13,1.16,3.23,1.36,2.06,18.29,9.25,0.85,6.64,5.03
design_1065,0.79,0.77,2.56,1.72,0.75,3.02,1.26,2.07,18.46,9.35,0.84,17.58,14.25
design_1066,0.82,0.7,1.81,1.78,0.73,3.16,1.2,1.93,18.64,9.52,0.84,16.59,8.81
design_1067,0.78,0.92,0.83,1.85,1.01,3.81,1.25,2.06,17.02,8.98,0.83,9.66,6.46
design_1068,0.55,0.7,3.53,1.79,0.82,2.92,1.4,2.37,16.3,8.45,0.85,15.89,12.04
design_1069,0.91,1.11,1.48,1.89,0.86,3.51,1.29,2.04,19.34,9.76,0.84,12.13,10.16
design_1070,0.69,0.69,1.4,1.57,0.71,3.39,1.16,1.9,18.36,9.57,0.83,6.02,6.69
design_1071,0.72,0.96,1.32,1.79,0.74,3.29,1.23,1.89,17.2,9.05,0.84,8.46,6.39
design_1072,1.11,1.98,1.82,2.06,1.19,2.57,1.31,1.94,15.98,8.32,0.85,5.46,3.76
design_1073,1.16,2.13,2.02,2.11,1.08,2.24,1.3,1.91,14.8,8.07,0.84,5.95,4.99
design_1074,1.29,2.3,1.93,1.96,1.14,2.57,1.4,2.0,16.31,8.57,0.84,26.6,20.75
design_1075,1.03,2.29,2.15,2.06,1.21,2.29,1.32,1.96,7.81,5.45,0.84,17.72,15.08
design_1076,1.15,2.2,2.18,2.16,1.26,2.61,1.38,2.08,15.1,7.99,0.85,3.06,2.95
design_1077,1.34,1.98,1.58,2.18,0.95,2.75,1.35,1.97,9.05,6.11,0.83,2.07,2.62
design_1078,1.32,2.32,2.63,2.32,1.2,2.35,1.45,2.16,16.65,8.48,0.86,20.81,15.14
design_1079,1.07,1.95,1.7,1.94,1.14,2.56,1.28,1.88,15.15,8.09,0.85,8.45,7.59
design_1080,0.96,1.65,3.7,2.11,1.35,2.28,1.42,2.45,14.66,7.72,0.85,17.83,11.7
design_1081,1.38,1.82,1.58,2.06,1.33,2.1,1.21,1.75,18.24,9.56,0.83,25.16,18.49
design_1082,1.48,2.01,1.39,2.45,1.43,3.03,1.38,2.07,14.33,8.11,0.82,17.76,13.08
design_1083,1.61,1.96,1.75,2.35,1.24,2.85,1.4,2.07,19.11,9.79,0.82,22.72,12.79
design_1084,1.23,2.31,2.78,1.97,1.09,2.66,1.35,2.25,18.9,9.75,0.83,29.8,21.75
design_1085,1.35,2.12,2.72,2.17,1.06,3.0,1.41,2.33,5.14,4.71,0.85,3.91,3.53
design_1086,1.22,1.87,1.42,2.16,1.06,2.8,1.22,1.89,8.43,6.09,0.83,3.44,2.76
design_1087,1.41,1.86,1.73,2.17,0.99,2.91,1.28,2.01,17.24,9.21,0.83,23.11,16.74
design_1088,1.68,2.73,0.84,2.26,1.06,1.4,1.23,1.74,15.89,8.05,0.86,22.02,16.16
design_1089,1.69,2.58,0.87,2.15,1.16,1.63,1.2,1.73,17.68,8.71,0.87,24.73,18.2
design_1090,1.35,2.25,1.01,1.93,1.04,1.32,1.07,1.53,16.4,8.31,0.86,5.92,5.56
design_1091,1.9,2.68,1.32,2.48,1.05,1.5,1.33,1.89,16.3,8.17,0.86,20.76,14.09
design_1092,1.28,2.78,0.75,1.87,1.11,1.46,1.09,1.62,15.82,8.12,0.86,8.28,6.21
design_1093,1.08,2.24,1.32,1.92,1.02,1.43,1.08,1.55,14.7,7.71,0.85,5.58,2.87
design_1094,1.56,3.12,4.44,2.08,1.06,1.22,1.5,2.7,17.55,8.99,0.84,26.4,19.59
design_1095,1.42,2.67,1.68,1.99,1.1,1.4,1.14,1.77,17.09,8.5,0.87,32.93,27.37
design_1096,1.12,1.5,1.78,2.61,0.96,2.37,1.22,1.88,17.47,8.96,0.84,25.33,16.29
design_1097,1.22,1.33,4.24,2.65,1.96,2.06,1.64,2.74,18.41,9.0,0.86,20.59,12.74
design_1098,1.12,1.42,1.65,2.07,0.93,2.7,1.21,1.83,18.58,9.51,0.83,14.51,9.28
design_1099,1.12,1.5,1.67,2.45,0.89,2.1,1.19,1.75,17.5,8.97,0.84,23.52,12.22
design_1100,1.17,1.57,1.57,2.12,1.22,2.21,1.22,1.72,16.96,8.72,0.84,24.04,17.61
design_1101,1.16,1.55,1.5,2.17,0.95,2.36,1.19,1.73,17.57,9.01,0.84,16.24,8.15
design_1102,1.4,1.5,2.04,2.63,1.11,2.14,1.33,1.93,13.01,7.36,0.84,25.39,16.59
design_1103,1.12,1.46,2.13,2.14,0.9,2.11,1.24,1.82,17.38,9.22,0.82,37.53,21.8
design_1104,1.65,2.43,0.75,2.41,1.06,1.09,1.33,1.7,16.71,7.98,0.88,29.26,22.04
design_1105,1.73,2.42,0.84,2.25,1.08,1.07,1.3,1.68,17.03,8.19,0.88,26.84,17.11
design_1106,1.9,2.67,0.89,2.62,1.15,1.09,1.43,1.87,17.41,8.36,0.88,15.6,11.41
design_1107,1.66,2.38,1.16,2.44,1.16,0.94,1.33,1.74,16.28,7.89,0.88,10.69,8.28
design_1108,1.62,2.35,0.71,2.12,1.06,1.01,1.27,1.59,16.95,8.15,0.87,19.09,14.05
design_1109,1.6,2.2,0.82,2.12,0.95,1.1,1.21,1.56,17.5,8.31,0.88,12.58,6.51
design_1110,1.75,2.52,0.85,2.18,1.24,1.04,1.33,1.7,17.63,8.32,0.88,25.32,17.11
design_1111,1.83,2.59,0.79,2.21,1.06,1.2,1.32,1.73,17.54,8.28,0.88,12.39,6.82
design_1112,1.23,2.28,2.88,2.5,1.3,1.26,1.42,2.15,14.72,7.72,0.84,14.91,9.73
design_1113,1.15,1.97,2.5,2.15,1.4,1.04,1.25,1.89,15.44,7.96,0.85,28.25,21.93
design_1114,1.06,1.98,2.62,2.14,1.24,1.06,1.27,1.91,14.57,7.6,0.85,30.36,23.54
design_1115,1.06,2.17,2.07,2.06,1.08,0.94,1.18,1.72,16.36,8.31,0.85,27.48,20.62
design_1116,1.26,2.55,2.95,2.33,1.36,1.17,1.33,2.19,14.08,7.37,0.85,21.44,15.11
design_1117,1.03,2.0,1.74,1.97,1.06,1.04,1.06,1.57,15.47,8.03,0.84,13.73,10.27
design_1118,1.19,2.32,1.7,2.23,1.48,0.97,1.22,1.74,17.55,8.72,0.85,28.7,22.62
design_1119,1.23,2.36,1.91,2.25,1.17,1.15,1.23,1.79,15.7,7.75,0.86,5.61,4.38
design_1120,1.52,2.63,4.28,2.56,1.13,1.01,1.46,2.51,17.2,8.73,0.86,35.6,24.76
design_1121,1.35,2.82,1.97,2.36,1.05,1.0,1.29,1.89,16.22,8.46,0.84,27.0,20.19
design_1122,1.4,2.49,4.28,2.38,1.01,0.89,1.41,2.43,16.33,8.47,0.85,30.53,23.29
design_1123,1.52,2.52,5.16,2.31,0.79,1.11,1.53,2.72,18.9,9.42,0.84,40.06,24.47
design_1124,1.38,2.61,4.35,2.44,0.87,1.18,1.42,2.49,16.27,8.48,0.85,30.84,25.46
design_1125,1.52,2.91,1.02,2.43,1.05,1.04,1.26,1.82,16.31,8.45,0.85,30.39,25.91
design_1126,1.44,2.76,0.93,2.36,1.11,1.07,1.26,1.75,16.84,8.72,0.85,35.48,29.52
design_1127,1.77,2.79,1.2,2.56,1.14,1.13,1.25,1.89,16.91,8.69,0.85,31.71,25.74
design_1128,0.59,1.06,3.16,2.13,0.98,4.07,1.36,2.62,19.84,10.22,0.84,32.0,24.6
design_1129,0.54,0.98,3.16,1.57,1.01,3.25,1.23,2.2,19.26,9.97,0.84,40.68,24.64
design_1130,0.74,1.34,1.93,1.67,1.06,3.96,1.35,2.4,18.38,9.66,0.83,27.34,22.04
design_1131,0.71,1.14,3.01,1.65,1.07,3.19,1.25,2.18,18.98,9.88,0.83,16.03,11.92
design_1132,0.87,1.42,1.97,1.77,1.15,2.98,1.25,2.01,18.27,9.58,0.83,18.46,14.44
design_1133,0.66,1.34,2.97,1.62,1.05,3.46,1.32,2.29,19.12,9.89,0.84,28.13,21.98
design_1134,0.69,1.24,3.1,1.71,0.92,2.52,1.21,1.94,17.04,9.07,0.84,31.47,25.46
design_1135,0.56,1.16,3.43,1.56,1.05,2.71,1.19,2.05,17.6,9.18,0.84,24.78,20.75
design_1136,1.31,2.51,1.97,2.94,1.47,1.35,1.44,2.04,14.63,7.33,0.87,9.85,9.07
design_1137,1.51,2.35,1.74,2.87,1.42,1.33,1.45,1.96,16.06,7.78,0.88,13.12,9.68
design_1138,0.87,1.77,1.08,2.23,1.23,0.94,1.1,1.43,16.12,7.94,0.87,20.39,15.99
design_1139,1.6,2.53,1.78,2.9,2.07,1.48,1.5,2.12,13.77,6.88,0.88,12.56,10.19
design_1140,1.18,2.31,1.25,2.55,1.07,1.05,1.24,1.68,16.56,7.92,0.88,26.76,15.17
design_1141,0.94,1.94,1.4,1.82,0.94,0.74,1.03,1.39,16.04,7.81,0.87,12.06,10.73
design_1142,1.1,2.18,1.05,2.27,1.03,0.96,1.18,1.52,16.32,7.92,0.87,11.51,11.0
design_1143,1.24,1.92,0.86,2.47,0.98,1.12,1.17,1.52,16.72,8.01,0.88,27.39,14.47
design_1144,1.53,1.84,1.03,2.2,1.23,1.19,1.19,1.54,16.59,8.0,0.88,30.1,20.5
design_1145,1.18,2.15,2.96,2.36,1.09,1.21,1.39,2.09,17.16,8.24,0.88,32.87,24.28
design_1146,1.3,1.87,2.26,2.29,1.06,1.13,1.28,1.81,17.78,8.46,0.88,31.03,21.0
design_1147,1.51,2.05,1.38,2.43,1.23,1.26,1.29,1.7,15.43,7.57,0.87,31.15,22.94
design_1148,1.45,1.91,2.38,2.27,0.96,1.15,1.27,1.86,18.05,8.51,0.88,40.71,25.38
design_1149,1.32,2.12,3.42,2.43,1.08,1.25,1.45,2.28,17.52,8.36,0.87,32.11,24.92
design_1150,1.19,2.15,2.28,2.16,0.85,1.15,1.24,1.8,17.71,8.47,0.88,34.55,22.5
design_1151,1.14,1.79,2.9,1.99,0.95,1.0,1.22,1.92,17.64,8.42,0.88,13.28,9.52
design_1152,1.3,2.23,1.22,2.09,1.47,0.8,1.1,1.6,16.15,8.17,0.87,16.52,12.3
design_1153,1.38,2.18,1.31,2.49,1.44,0.69,1.24,1.71,15.14,7.97,0.85,20.38,13.36
design_1154,1.13,2.12,1.14,2.13,1.44,0.8,1.1,1.56,14.21,7.45,0.86,14.08,11.97
design_1155,0.95,2.22,0.9,2.14,1.51,0.81,1.13,1.54,14.91,7.65,0.86,16.87,13.57
design_1156,1.0,2.1,1.24,1.88,1.41,0.91,1.07,1.49,14.9,7.72,0.86,12.29,10.87
design_1157,1.04,2.05,0.65,2.1,1.38,0.97,1.12,1.48,14.62,7.75,0.85,7.38,6.31
design_1158,1.31,2.26,1.95,2.22,1.31,0.88,1.16,1.74,14.58,7.71,0.85,6.28,4.17
design_1159,1.29,2.27,0.81,2.24,1.34,0.7,1.17,1.58,15.95,8.14,0.85,24.07,16.69
design_1160,1.27,2.31,1.3,1.77,1.05,1.59,1.13,1.59,15.54,8.31,0.84,20.09,15.9
design_1161,1.39,2.47,0.73,1.77,1.12,1.27,1.13,1.53,16.99,8.26,0.87,34.29,27.09
design_1162,1.34,2.59,0.62,1.7,1.18,1.61,1.13,1.6,16.04,8.45,0.84,16.79,13.1
design_1163,1.31,2.39,0.75,1.64,1.03,4.7,1.37,2.56,16.74,8.69,0.84,20.67,15.2
design_1164,1.23,2.35,1.06,1.66,1.24,1.68,1.08,1.58,15.88,8.49,0.84,18.38,14.63
design_1165,1.55,2.37,0.81,1.74,0.74,2.12,1.19,1.69,18.49,9.36,0.84,19.76,13.99
design_1166,1.25,2.42,1.04,1.62,0.87,3.39,1.19,2.07,18.1,9.31,0.85,16.6,12.75
design_1167,1.33,1.9,1.12,1.68,0.87,2.07,1.09,1.59,16.87,8.77,0.84,24.98,14.84
design_1168,1.76,2.55,3.21,2.76,1.16,4.32,1.88,3.09,18.76,9.61,0.83,23.38,14.15
design_1169,1.53,2.6,3.41,2.27,1.23,4.21,1.74,3.03,14.93,8.5,0.82,16.42,12.59
design_1170,1.73,2.8,2.73,2.53,1.27,3.78,1.73,2.79,18.19,9.58,0.82,31.04,23.46
design_1171,1.29,2.57,4.02,1.98,1.09,5.5,1.93,3.62,18.87,9.95,0.82,21.98,17.53
design_1172,1.27,2.47,3.4,2.43,1.04,3.92,1.73,2.91,16.98,9.23,0.81,12.18,9.9
design_1173,1.35,2.47,2.88,2.67,1.0,5.83,1.97,3.57,16.59,8.99,0.82,22.57,15.65
design_1174,1.46,2.89,3.57,2.4,1.17,4.04,1.74,3.05,17.65,9.41,0.83,23.69,18.43
design_1175,1.61,2.79,4.9,2.63,1.16,4.22,2.0,3.51,18.87,9.72,0.83,16.32,11.51
design_1176,1.02,1.11,5.25,2.22,1.53,2.2,1.71,3.11,15.53,8.06,0.85,26.0,19.2
design_1177,1.19,1.14,4.84,2.2,1.24,2.12,1.64,2.91,16.76,8.75,0.83,21.66,15.96
design_1178,1.05,1.62,4.38,2.41,1.11,2.5,1.62,2.8,18.39,9.43,0.84,32.34,21.53
design_1179,1.04,1.21,5.1,2.18,1.0,1.83,1.62,2.97,16.26,8.19,0.86,27.4,18.9
design_1180,0.89,1.32,5.46,2.26,1.56,2.06,1.74,3.2,14.67,7.81,0.85,13.03,12.61
design_1181,0.95,1.42,5.38,2.31,1.18,2.13,1.74,3.16,16.7,8.46,0.85,16.88,12.0
design_1182,0.98,1.61,4.74,2.19,1.1,2.42,1.64,2.92,17.73,9.22,0.84,10.45,5.97
design_1183,1.05,1.38,2.84,2.62,1.24,2.83,1.43,2.3,15.17,8.33,0.82,30.78,21.9
design_1184,1.58,2.28,5.19,3.07,1.1,2.83,1.94,3.38,18.46,9.27,0.85,31.31,21.54
design_1185,1.42,2.2,3.69,2.75,0.98,2.2,1.64,2.6,19.96,9.92,0.83,34.98,22.43
design_1186,1.58,2.22,2.45,2.8,1.26,2.77,1.56,2.31,17.78,9.03,0.85,22.68,16.72
design_1187,1.51,2.29,3.26,2.95,1.01,2.03,1.58,2.47,20.47,9.9,0.84,26.59,19.68
design_1188,1.61,2.41,4.57,3.15,1.07,2.75,1.88,3.13,19.22,9.52,0.85,24.1,18.95
design_1189,1.56,2.28,3.97,2.91,0.99,1.84,1.66,2.71,20.7,10.0,0.84,37.53,27.47
design_1190,1.61,2.42,4.46,3.05,1.13,2.24,1.84,3.0,19.52,9.63,0.85,35.43,25.2
design_1191,1.39,2.47,3.31,3.02,1.22,2.42,1.65,2.58,18.73,9.53,0.83,38.89,20.38
design_1192,1.54,2.15,1.39,1.98,1.12,2.43,1.31,1.87,18.8,9.53,0.84,23.0,17.84
design_1193,1.59,2.41,1.59,2.03,1.09,2.4,1.33,1.94,18.83,9.6,0.84,25.38,17.34
design_1194,1.46,2.24,1.25,1.88,1.27,2.01,1.22,1.72,19.46,9.78,0.84,21.52,14.25
design_1195,1.53,1.77,1.12,1.83,1.15,2.53,1.18,1.78,19.08,9.64,0.84,13.95,11.63
design_1196,1.43,2.18,1.48,1.9,1.0,2.28,1.24,1.8,19.0,9.67,0.84,16.29,12.84
design_1197,1.51,1.81,1.37,1.85,1.16,2.85,1.25,1.93,19.09,9.76,0.84,13.06,10.75
design_1198,1.49,2.45,1.23,1.97,1.04,2.42,1.31,1.87,17.04,8.9,0.84,24.25,16.48
design_1199,1.33,2.14,1.11,1.87,1.07,2.39,1.2,1.77,17.77,9.22,0.84,21.75,13.34
design_1200,1.28,2.59,3.13,2.52,0.98,1.07,1.46,2.31,17.41,8.43,0.86,17.28,8.8
design_1201,0.95,2.32,2.18,2.11,0.91,0.99,1.24,1.79,18.48,8.85,0.86,26.12,13.89
design_1202,0.8,2.24,4.31,2.11,0.98,0.93,1.49,2.69,17.36,8.43,0.87,16.58,9.44
design_1203,0.83,2.24,5.23,2.45,1.09,0.84,1.69,3.17,17.79,8.49,0.87,9.44,7.18
design_1204,0.94,2.72,5.16,2.54,1.02,1.04,1.77,3.21,16.67,8.23,0.86,16.36,9.1
design_1205,0.93,2.53,2.19,2.23,0.98,0.97,1.26,1.86,13.51,7.22,0.85,23.66,15.06
design_1206,1.08,1.71,5.71,2.41,2.03,0.83,1.78,3.43,17.71,8.4,0.87,22.35,19.98
design_1207,0.93,2.45,3.34,2.31,0.8,0.91,1.4,2.3,18.43,8.92,0.86,22.88,17.45
design_1208,0.99,2.39,1.75,2.68,1.06,1.16,1.21,1.82,17.34,8.32,0.89,13.26,11.43
design_1209,1.08,2.13,3.08,2.23,0.87,1.11,1.21,1.93,15.46,7.73,0.87,17.41,12.23
design_1210,1.26,2.65,2.13,2.04,0.92,1.13,1.26,1.81,17.37,8.28,0.89,15.92,12.95
design_1211,1.01,1.97,2.19,1.91,1.01,1.13,1.09,1.62,15.02,7.57,0.87,17.64,16.89
design_1212,1.37,2.66,2.46,2.12,1.3,1.18,1.29,1.95,15.57,7.88,0.86,31.75,25.27
design_1213,1.09,2.48,1.88,2.2,1.14,1.18,1.16,1.76,17.1,8.2,0.89,38.27,28.85
design_1214,1.08,2.38,2.96,2.29,0.93,1.1,1.28,1.97,16.08,8.0,0.87,11.44,8.9
design_1215,0.8,2.38,1.81,2.06,1.03,1.15,1.13,1.65,17.19,8.35,0.88,18.59,17.34
design_1216,1.78,2.36,0.87,2.35,0.78,1.29,1.29,1.62,17.31,8.36,0.87,25.56,15.58
design_1217,1.42,2.01,0.83,2.22,0.89,1.3,1.2,1.47,17.86,8.68,0.87,16.61,9.63
design_1218,1.59,1.74,1.32,2.28,0.85,1.89,1.28,1.64,15.72,7.99,0.85,12.63,8.19
design_1219,1.61,1.97,0.81,1.96,0.87,1.34,1.19,1.43,18.47,8.87,0.87,29.93,22.61
design_1220,1.67,2.16,0.82,2.31,0.81,1.36,1.26,1.55,19.29,9.11,0.87,32.91,22.07
design_1221,1.59,2.11,0.76,1.9,0.67,1.16,1.2,1.4,18.48,8.87,0.87,24.7,18.79
design_1222,1.51,1.9,0.82,1.99,0.67,1.2,1.18,1.38,17.79,8.62,0.87,19.73,18.43
design_1223,1.66,2.18,0.91,2.38,0.82,1.2,1.23,1.57,18.29,8.86,0.87,8.18,6.47
design_1224,1.46,2.66,2.69,2.18,1.06,4.16,1.68,2.84,13.5,7.74,0.83,29.85,22.35
design_1225,1.35,2.59,3.01,1.89,0.88,3.87,1.58,2.73,17.29,9.15,0.83,26.39,19.58
design_1226,1.45,2.68,2.63,2.01,1.07,3.78,1.6,2.67,16.5,8.93,0.82,14.79,11.56
design_1227,1.36,2.67,2.89,2.02,1.16,3.45,1.56,2.59,13.83,8.0,0.82,29.76,22.66
design_1228,1.55,2.64,2.74,2.18,1.0,3.6,1.62,2.64,17.18,9.04,0.83,18.66,14.29
design_1229,1.35,2.46,2.55,2.08,1.0,3.33,1.49,2.45,18.14,9.48,0.83,9.27,8.96
design_1230,1.21,2.21,3.08,1.57,0.83,3.82,1.51,2.65,16.84,9.0,0.83,23.71,16.97
design_1231,1.34,2.51,2.86,2.0,0.96,3.46,1.54,2.55,17.14,9.17,0.82,26.65,20.16
design_1232,1.6,2.04,2.25,2.14,0.74,1.68,1.32,1.86,19.12,9.55,0.83,17.97,13.49
design_1233,1.53,1.86,1.91,2.06,0.82,1.66,1.24,1.72,18.99,9.42,0.84,25.95,19.44
design_1234,1.62,2.1,1.84,2.11,0.78,1.38,1.26,1.71,18.54,9.37,0.83,18.92,16.08
design_1235,1.47,1.79,2.76,1.95,1.13,2.44,1.37,2.11,18.35,9.5,0.84,15.4,14.3
design_1236,1.52,1.87,2.38,1.94,0.79,1.87,1.3,1.87,20.21,9.76,0.85,41.52,28.2
design_1237,1.55,1.71,1.36,2.01,0.84,2.55,1.23,1.78,16.21,8.56,0.84,12.25,6.77
design_1238,1.68,1.79,2.44,1.95,0.95,2.21,1.35,1.98,18.15,9.37,0.84,28.73,20.28
design_1239,1.35,1.81,2.52,1.78,0.74,1.44,1.22,1.78,20.11,10.01,0.83,19.65,14.97
design_1240,1.22,3.17,1.39,2.78,0.98,1.1,1.32,2.02,16.99,8.38,0.87,28.28,23.39
design_1241,1.14,3.17,1.44,3.27,1.38,1.13,1.41,2.19,16.52,8.13,0.88,36.91,27.84
design_1242,1.21,2.85,1.88,2.49,0.83,1.06,1.27,1.9,15.17,7.63,0.88,32.5,26.86
design_1243,1.22,2.76,1.94,2.41,0.72,1.11,1.23,1.86,16.87,8.27,0.88,34.88,28.24
design_1244,1.22,2.97,1.91,2.48,0.82,1.03,1.28,1.93,14.16,7.25,0.87,31.05,25.51
design_1245,1.18,3.03,1.91,2.65,0.94,1.06,1.33,2.0,17.59,8.47,0.88,23.88,21.01
design_1246,1.12,2.84,1.85,2.57,0.88,1.06,1.27,1.91,17.29,8.45,0.88,36.61,30.3
design_1247,1.24,3.03,1.25,3.39,1.11,1.21,1.42,2.16,16.67,8.21,0.87,31.26,21.61
design_1248,1.06,1.11,1.13,2.07,0.71,2.13,1.07,1.5,18.22,9.04,0.85,39.88,29.7
design_1249,1.2,1.21,1.9,2.24,0.9,2.41,1.2,1.79,18.89,9.37,0.85,35.44,26.46
design_1250,1.09,1.12,0.86,2.05,0.72,3.45,1.15,1.87,16.9,8.72,0.85,11.19,10.12
design_1251,1.05,1.21,0.99,2.06,0.71,3.92,1.22,2.05,17.28,8.83,0.85,29.22,22.01
design_1252,1.27,1.6,2.5,2.82,0.89,2.62,1.43,2.15,18.14,9.11,0.84,33.35,21.38
design_1253,1.44,1.65,2.2,2.94,0.85,2.29,1.36,2.05,18.05,9.04,0.85,39.56,29.3
design_1254,1.17,1.45,2.31,2.42,0.77,2.11,1.24,1.87,19.62,9.53,0.84,39.91,31.77
design_1255,1.12,1.22,1.87,2.0,0.66,3.28,1.18,1.96,17.37,8.83,0.85,28.37,22.76
design_1256,1.47,2.37,2.83,1.75,0.78,2.22,1.25,2.03,17.1,8.83,0.85,30.67,23.31
design_1257,1.12,2.29,3.59,1.72,0.97,2.6,1.25,2.26,14.88,7.77,0.85,29.7,22.1
design_1258,1.73,2.47,2.5,1.82,0.82,2.22,1.25,2.02,16.34,8.49,0.85,30.63,23.74
design_1259,1.23,2.53,2.6,1.64,1.15,1.9,1.17,1.93,13.7,7.61,0.84,30.15,24.27
design_1260,1.34,2.62,1.72,1.77,0.96,2.33,1.2,1.87,17.43,8.92,0.85,29.26,23.08
design_1261,1.34,2.74,1.89,1.82,1.0,2.6,1.23,2.0,17.29,8.95,0.84,30.34,23.25
design_1262,1.53,2.52,2.21,1.93,1.04,2.87,1.28,2.11,17.75,8.97,0.85,28.55,21.66
design_1263,1.12,2.35,3.44,1.51,0.67,1.84,1.2,2.04,15.48,7.69,0.86,34.07,23.77
design_1264,1.63,1.95,0.97,2.21,1.33,2.24,1.19,1.8,17.1,8.62,0.85,22.48,13.36
design_1265,1.73,2.6,1.15,2.28,1.45,2.89,1.46,2.14,14.39,7.84,0.84,10.4,6.99
design_1266,1.84,2.53,1.36,2.5,1.54,2.74,1.45,2.17,17.45,8.91,0.85,16.71,10.02
design_1267,1.88,2.7,1.44,2.37,1.36,2.82,1.47,2.2,15.19,8.11,0.85,16.21,12.62
design_1268,1.28,1.97,1.28,1.81,1.24,2.64,1.15,1.82,17.83,9.14,0.85,14.25,8.59
design_1269,1.59,2.31,0.97,2.22,1.31,2.68,1.32,1.97,18.31,9.2,0.85,23.09,17.43
design_1270,1.69,2.28,0.87,2.3,1.38,2.81,1.38,2.03,17.7,8.99,0.85,32.84,20.83
design_1271,1.72,2.77,1.09,2.67,1.66,3.17,1.55,2.33,15.69,8.27,0.84,11.06,9.34
design_1272,1.88,2.63,0.77,2.02,1.15,2.12,1.28,1.84,17.69,8.95,0.85,32.66,22.39
design_1273,1.98,2.6,0.99,2.27,1.02,1.83,1.29,1.86,17.7,8.68,0.86,34.78,26.19
design_1274,1.81,2.48,0.78,2.02,1.19,2.64,1.27,1.91,17.77,8.95,0.86,32.44,24.79
design_1275,1.67,2.48,0.87,2.02,1.18,2.2,1.26,1.8,16.65,8.56,0.85,5.49,4.22
design_1276,1.82,2.55,0.88,2.29,1.04,2.51,1.35,1.95,18.21,9.07,0.86,15.05,11.29
design_1277,1.84,2.49,0.88,2.14,1.39,2.09,1.3,1.86,17.57,8.9,0.85,15.85,12.37
design_1278,2.13,2.91,0.86,2.53,1.39,2.24,1.45,2.1,17.03,8.75,0.85,23.11,16.74
design_1279,1.89,2.58,0.9,2.09,1.16,2.84,1.35,2.02,17.6,8.8,0.86,33.67,27.09
design_1280,1.02,2.4,3.07,1.53,0.98,7.11,2.04,4.14,15.68,8.68,0.82,21.65,17.6
design_1281,1.05,2.69,3.68,1.66,1.08,6.99,2.08,4.19,16.55,8.95,0.82,29.2,22.61
design_1282,1.08,2.43,3.38,1.62,1.09,6.97,2.04,4.12,17.4,9.21,0.83,25.38,17.64
design_1283,0.94,2.45,2.98,1.91,0.98,6.5,1.93,3.86,16.49,8.99,0.82,19.03,12.97
design_1284,1.04,2.19,2.71,1.87,1.17,6.46,1.9,3.8,17.22,9.2,0.82,26.83,22.45
design_1285,1.0,2.7,2.59,1.68,1.29,6.69,1.97,3.93,18.0,9.63,0.82,19.81,14.85
design_1286,1.04,2.6,3.18,1.55,1.1,7.39,2.14,4.31,13.7,7.95,0.82,22.64,18.78
design_1287,1.34,2.36,3.25,2.35,0.85,7.29,2.13,4.31,15.75,8.69,0.82,23.1,18.82
design_1288,1.4,1.2,1.23,2.49,1.12,2.24,1.21,1.69,16.4,8.25,0.86,19.37,14.91
design_1289,1.06,1.27,1.08,2.28,1.0,1.44,1.05,1.42,16.51,8.27,0.86,10.83,8.72
design_1290,1.12,0.82,3.04,2.2,0.93,1.14,1.13,1.87,11.22,6.5,0.84,14.61,11.64
design_1291,1.13,0.8,1.34,2.35,1.27,1.85,1.19,1.55,17.46,8.63,0.87,30.58,23.29
design_1292,1.28,0.88,1.74,2.34,1.21,1.68,1.18,1.62,16.44,8.27,0.87,32.02,24.1
design_1293,1.24,0.96,1.31,2.46,1.0,1.95,1.13,1.58,15.18,7.8,0.86,30.29,22.2
design_1294,1.52,1.06,1.51,2.72,0.94,1.74,1.28,1.7,19.82,9.54,0.85,40.17,26.43
design_1295,1.26,0.8,1.98,2.27,0.93,1.65,1.09,1.62,15.11,7.75,0.86,25.38,18.61
design_1296,1.16,1.99,1.11,2.19,1.14,4.02,1.29,2.18,17.65,8.98,0.84,28.97,21.69
design_1297,1.11,1.88,1.3,2.08,0.77,4.23,1.29,2.22,17.09,8.79,0.84,21.08,16.27
design_1298,1.08,1.96,1.13,2.05,1.01,4.05,1.26,2.15,17.75,8.99,0.85,28.72,22.37
design_1299,1.49,1.96,1.38,2.45,0.99,2.1,1.2,1.77,17.26,8.89,0.84,27.64,20.69
design_1300,1.14,2.01,1.12,2.08,0.76,3.96,1.25,2.13,16.62,8.6,0.84,28.93,22.37
design_1301,1.35,2.25,2.28,2.53,1.02,2.02,1.36,2.03,17.24,8.82,0.84,24.76,19.11
design_1302,1.15,1.83,3.04,2.22,0.9,2.28,1.33,2.19,16.48,8.53,0.84,31.81,24.45
design_1303,1.31,2.02,3.63,2.66,1.1,2.68,1.52,2.59,16.47,8.34,0.85,29.01,21.65
design_1304,1.1,2.23,1.59,1.73,0.99,1.78,1.13,1.62,18.44,9.05,0.85,19.49,13.87
design_1305,1.2,2.67,1.63,1.86,1.04,2.3,1.27,1.87,16.86,8.73,0.84,16.45,11.84
design_1306,1.26,2.57,0.91,1.77,0.86,2.45,1.15,1.77,16.48,8.59,0.84,29.6,22.26
design_1307,1.04,2.26,1.25,1.55,0.84,1.83,1.02,1.53,16.92,8.78,0.84,29.13,23.72
design_1308,1.15,2.25,1.79,1.64,0.92,2.86,1.17,1.92,16.14,8.49,0.84,3.96,3.85
design_1309,1.15,2.62,1.89,1.86,1.1,2.11,1.21,1.87,17.67,8.99,0.85,14.19,11.8
design_1310,1.29,2.63,0.93,1.82,1.27,2.31,1.2,1.8,16.4,8.58,0.84,5.5,4.5
design_1311,1.1,2.68,1.76,1.92,0.9,2.46,1.24,1.92,12.19,7.02,0.84,7.03,4.95
design_1312,0.94,1.34,1.9,1.84,0.94,3.57,1.31,2.13,13.3,7.67,0.83,12.55,7.14
design_1313,0.85,0.96,0.91,1.47,0.97,3.66,1.15,1.93,15.16,8.3,0.83,30.43,23.14
design_1314,0.87,1.21,2.37,1.74,1.02,2.7,1.26,1.93,14.04,7.68,0.84,20.46,15.46
design_1315,0.82,1.03,1.43,1.61,0.77,3.39,1.19,1.9,15.61,8.55,0.82,25.06,19.53
design_1316,1.19,1.85,2.22,2.13,2.22,3.44,1.59,2.37,4.89,4.31,0.86,24.81,18.38
design_1317,0.94,1.03,0.8,1.6,1.31,3.56,1.21,1.93,15.48,8.48,0.83,30.06,21.72
design_1318,0.9,0.99,0.72,1.58,0.78,2.91,1.09,1.62,14.46,8.02,0.83,31.25,23.89
design_1319,1.16,1.5,2.13,2.06,1.15,3.61,1.45,2.26,16.87,8.75,0.84,27.53,21.21
design_1320,0.99,2.12,3.48,1.89,0.95,1.88,1.33,2.27,16.86,8.86,0.83,30.58,22.86
design_1321,1.17,2.28,2.34,2.28,1.02,2.35,1.33,2.06,16.32,8.79,0.82,29.25,22.7
design_1322,1.07,2.29,3.02,2.09,1.01,1.87,1.34,2.15,18.11,9.32,0.83,24.51,17.34
design_1323,1.03,2.19,2.22,2.09,0.93,1.59,1.2,1.81,16.32,8.75,0.82,30.38,22.08
design_1324,0.99,2.39,3.04,1.84,0.87,1.89,1.29,2.13,16.85,8.95,0.82,31.5,21.86
design_1325,1.06,2.29,2.84,2.22,0.98,1.8,1.33,2.09,18.1,9.32,0.83,27.11,20.13
design_1326,0.91,1.93,2.55,1.84,0.97,2.72,1.23,2.07,16.55,8.75,0.83,29.45,22.29
design_1327,1.16,2.54,2.77,2.31,1.13,2.29,1.43,2.22,13.92,7.81,0.82,34.36,23.52
design_1328,3.96,2.99,4.28,3.37,1.13,3.22,1.94,3.34,17.22,9.31,0.82,23.3,18.84
design_1329,3.41,2.99,2.17,3.1,1.43,8.87,2.64,5.25,15.67,8.87,0.81,27.66,21.25
design_1330,4.09,3.23,4.16,3.42,1.17,5.24,2.18,4.03,17.11,9.21,0.81,27.24,20.77
design_1331,3.02,2.98,1.89,3.08,1.21,9.8,2.78,5.64,16.3,8.88,0.82,29.93,23.36
design_1332,4.14,3.32,4.13,2.99,1.17,6.6,2.34,4.53,17.5,9.39,0.82,31.87,25.57
design_1333,3.77,3.15,4.47,3.68,1.26,4.48,2.14,3.8,17.28,9.25,0.82,17.47,13.11
design_1334,4.09,3.18,4.18,3.37,0.93,4.49,2.08,3.75,14.51,8.27,0.81,23.94,19.17
design_1335,3.83,2.83,4.41,2.92,1.14,7.5,2.45,4.86,15.77,8.75,0.82,21.98,16.64
design_1336,1.03,1.52,1.61,1.9,0.74,1.06,0.99,1.38,17.87,8.89,0.87,19.53,14.46
design_1337,1.25,1.16,3.71,1.86,0.76,0.99,1.11,1.89,16.34,8.37,0.86,10.87,9.58
design_1338,1.24,1.23,3.79,1.98,0.92,0.89,1.11,1.94,16.68,8.47,0.86,25.42,15.36
design_1339,1.34,1.35,2.38,2.3,0.96,1.49,1.18,1.73,17.46,8.39,0.88,17.95,14.05
design_1340,1.3,1.27,2.25,2.04,1.03,1.5,1.12,1.63,16.88,8.3,0.87,5.55,5.79
design_1341,1.31,1.12,3.52,1.72,0.95,0.98,1.09,1.82,16.24,8.4,0.86,14.24,9.28
design_1342,1.12,1.15,3.76,1.96,0.76,0.96,1.08,1.9,18.18,9.1,0.86,8.5,9.65
design_1343,1.34,1.22,2.22,1.89,1.13,1.3,1.05,1.57,15.05,7.74,0.86,9.02,7.44
design_1344,1.04,1.18,0.86,1.96,1.07,0.84,1.1,1.23,16.86,8.55,0.85,8.33,5.63
design_1345,1.06,1.4,2.57,1.88,1.06,1.04,1.21,1.63,19.56,9.33,0.86,36.38,27.21
design_1346,1.17,1.7,2.2,2.13,1.02,1.32,1.26,1.67,18.04,8.8,0.85,31.03,23.87
design_1347,0.69,1.4,2.86,2.17,0.96,0.98,1.22,1.73,15.7,7.86,0.87,22.14,16.09
design_1348,1.12,1.12,0.79,2.22,1.09,1.1,1.07,1.34,16.15,8.35,0.85,16.0,11.94
design_1349,0.95,1.37,0.83,2.11,1.02,0.93,1.12,1.29,16.41,8.15,0.86,6.59,4.7
design_1350,1.14,1.06,0.98,1.84,0.94,1.12,1.06,1.23,16.21,8.39,0.85,22.05,16.42
design_1351,0.96,1.58,2.2,2.27,1.13,1.14,1.24,1.66,17.51,8.77,0.85,11.8,10.66
design_1352,1.81,2.22,3.75,2.56,1.55,1.47,1.65,2.48,18.76,9.3,0.86,29.41,23.68
design_1353,0.83,1.66,0.61,1.78,0.94,1.07,1.0,1.2,18.22,8.8,0.87,11.79,9.32
design_1354,1.46,2.25,1.66,2.47,1.12,1.12,1.34,1.77,18.78,9.07,0.87,14.11,8.81
design_1355,1.86,2.47,2.9,2.58,1.68,1.69,1.61,2.3,17.19,8.49,0.87,8.33,5.72
design_1356,0.93,1.86,0.78,1.98,1.01,1.14,1.09,1.34,17.01,8.3,0.87,11.77,9.15
design_1357,0.81,1.98,0.61,1.95,1.12,1.13,1.09,1.34,18.63,8.84,0.88,33.23,24.3
design_1358,0.81,1.65,0.53,1.77,0.88,1.17,0.99,1.19,17.86,8.69,0.87,15.72,10.29
design_1359,1.22,2.51,0.99,1.77,0.97,1.21,1.12,1.51,17.3,8.52,0.87,23.38,17.16
design_1360,1.15,2.56,2.62,1.88,1.3,2.39,1.27,2.07,17.29,8.92,0.85,36.98,27.98
design_1361,0.94,2.21,1.69,2.08,1.25,2.13,1.15,1.78,17.5,8.99,0.84,33.81,23.81
design_1362,1.08,1.7,1.79,2.07,1.05,2.7,1.18,1.84,17.66,8.9,0.86,31.24,22.64
design_1363,1.17,2.05,1.41,1.8,1.1,2.03,1.13,1.64,18.23,9.09,0.84,34.01,18.78
design_1364,1.05,2.32,2.66,1.8,1.22,2.27,1.2,1.98,17.35,8.97,0.84,32.79,26.96
design_1365,0.98,1.59,1.7,1.7,0.99,2.21,1.06,1.6,17.06,8.92,0.84,29.51,25.89
design_1366,0.85,1.94,1.89,1.8,0.8,2.34,1.14,1.71,17.35,8.89,0.84,31.62,23.34
design_1367,1.04,1.81,1.68,1.78,1.09,2.06,1.09,1.63,17.58,9.1,0.84,23.28,17.89
design_1368,0.98,2.29,3.87,2.48,0.9,0.95,1.45,2.55,18.22,8.57,0.87,17.03,12.93
design_1369,1.02,2.51,10.09,2.64,1.03,0.95,2.75,5.69,14.15,7.62,0.84,32.44,24.79
design_1370,0.93,1.92,4.28,2.47,1.06,1.02,1.52,2.7,16.9,8.31,0.86,26.98,16.92
design_1371,1.42,0.93,5.34,1.77,0.64,1.65,1.56,3.12,15.73,7.68,0.88,15.71,16.75
design_1372,1.01,1.71,5.23,2.1,0.91,1.29,1.62,3.11,17.78,8.26,0.89,23.4,14.82
design_1373,0.99,1.61,5.31,2.22,0.95,1.05,1.67,3.14,16.65,8.0,0.87,14.19,10.88
design_1374,1.24,1.8,4.23,2.58,1.08,0.86,1.53,2.7,17.3,8.23,0.88,15.23,13.62
design_1375,1.1,2.2,2.97,2.29,0.92,1.07,1.31,2.13,14.41,7.39,0.86,7.6,4.21
design_1376,1.77,2.28,1.22,3.03,1.3,2.75,1.58,2.24,18.25,9.37,0.84,25.15,19.11
design_1377,1.78,2.53,0.99,2.69,1.65,2.65,1.59,2.19,19.12,9.74,0.84,26.31,16.94
design_1378,1.48,2.18,0.97,2.42,1.21,2.45,1.38,1.94,19.65,9.9,0.84,15.52,11.75
design_1379,1.43,1.99,0.49,2.14,1.33,2.43,1.35,1.83,18.24,9.51,0.83,30.03,21.46
design_1380,1.49,2.26,1.0,2.52,1.32,2.63,1.48,2.04,17.86,9.28,0.84,20.62,17.4
design_1381,1.95,2.64,1.22,3.05,1.34,2.91,1.66,2.37,17.7,9.16,0.84,28.95,22.01
design_1382,1.79,2.12,0.56,2.07,1.48,2.56,1.4,1.94,18.36,9.51,0.83,25.46,18.57
design_1383,1.49,2.24,0.9,2.39,1.36,2.79,1.45,2.07,19.07,9.76,0.84,26.39,21.2
design_1384,1.07,1.93,1.69,2.11,0.65,2.12,1.14,1.72,17.99,9.02,0.85,25.46,17.03
design_1385,1.08,2.26,1.03,2.18,0.68,2.38,1.11,1.72,16.83,8.77,0.84,10.27,5.09
design_1386,1.02,1.65,1.45,2.17,0.63,1.81,1.07,1.56,18.53,9.31,0.85,6.97,7.82
design_1387,0.93,1.59,0.5,2.0,1.23,2.13,1.01,1.48,17.25,8.89,0.84,20.74,11.74
design_1388,1.09,2.1,3.76,2.48,0.93,2.1,1.49,2.52,19.0,9.49,0.84,34.52,22.11
design_1389,0.96,1.93,0.73,1.99,0.77,1.88,1.01,1.45,20.47,10.01,0.85,20.5,12.42
design_1390,1.11,2.14,1.01,2.43,0.91,1.95,1.15,1.65,19.06,9.6,0.84,9.63,9.04
design_1391,1.12,2.03,0.82,2.33,0.76,1.73,1.09,1.52,18.79,9.45,0.85,10.65,11.57
design_1392,1.2,2.52,1.07,2.19,1.19,0.97,1.24,1.62,14.64,7.33,0.87,12.71,9.07
design_1393,1.27,2.79,1.01,1.96,1.31,1.0,1.22,1.65,16.87,8.21,0.88,13.58,10.9
design_1394,1.26,3.34,1.27,2.21,1.5,0.96,1.36,1.9,16.74,8.09,0.88,31.59,25.59
design_1395,1.24,2.8,1.3,1.97,1.52,1.04,1.24,1.73,15.35,7.68,0.87,32.67,22.46
design_1396,1.27,2.86,1.03,2.21,1.41,0.99,1.29,1.74,14.76,7.5,0.86,6.93,5.22
design_1397,1.36,2.79,0.89,2.44,1.41,0.95,1.33,1.77,14.88,7.42,0.87,15.9,8.78
design_1398,1.28,3.01,1.31,2.3,1.53,0.93,1.35,1.85,8.63,5.31,0.86,30.59,23.76
design_1399,1.23,3.05,1.02,2.24,1.44,0.93,1.31,1.79,15.28,7.6,0.87,8.08,5.85
design_1400,1.68,2.75,1.87,2.47,1.09,1.91,1.36,2.03,17.66,9.05,0.85,27.31,18.72
design_1401,1.42,2.52,1.74,2.46,1.12,1.87,1.3,1.93,16.8,8.7,0.84,34.46,29.27
design_1402,1.52,2.59,1.63,2.37,1.08,2.14,1.31,1.97,17.42,8.87,0.85,34.51,26.37
design_1403,2.28,3.92,2.26,2.75,1.44,1.86,1.57,2.53,14.82,8.04,0.84,22.58,14.76
design_1404,1.64,3.07,1.78,2.53,1.27,2.07,1.37,2.14,16.49,8.59,0.84,30.62,25.24
design_1405,1.85,3.15,2.23,2.75,1.36,2.03,1.49,2.3,15.82,8.27,0.84,16.87,11.03
design_1406,1.67,3.26,3.8,2.51,1.38,1.95,1.47,2.54,16.32,8.72,0.83,15.77,10.4
design_1407,1.5,2.7,2.0,2.74,1.25,2.09,1.41,2.12,16.6,8.63,0.85,31.43,24.94
design_1408,1.27,1.76,1.47,2.31,1.02,3.27,1.28,2.13,16.83,9.02,0.83,22.49,17.49
design_1409,1.39,1.99,1.63,2.36,0.98,2.26,1.23,1.87,15.1,8.08,0.84,6.13,4.97
design_1410,1.39,1.95,1.5,2.61,1.49,2.59,1.32,2.03,14.48,8.05,0.83,7.09,6.41
design_1411,1.3,1.8,1.37,2.39,0.91,2.96,1.24,2.02,8.37,6.0,0.83,4.06,2.99
design_1412,1.39,1.94,1.53,2.26,0.95,2.4,1.19,1.87,14.06,7.83,0.83,26.42,19.37
design_1413,1.42,1.98,1.61,2.59,0.89,2.53,1.31,1.99,15.48,8.28,0.84,19.09,14.83
design_1414,1.49,2.18,1.62,2.44,1.18,2.36,1.31,1.97,15.56,8.49,0.83,28.65,21.6
design_1415,1.36,1.86,1.37,2.25,1.01,3.52,1.31,2.21,16.29,8.68,0.83,5.61,4.36
design_1416,1.24,1.85,1.4,2.43,1.42,0.98,1.21,1.66,16.71,8.24,0.87,15.13,10.73
design_1417,1.59,2.23,1.52,2.47,1.27,1.04,1.31,1.8,16.91,8.11,0.88,15.57,11.69
design_1418,1.34,1.88,1.39,2.36,0.92,1.14,1.14,1.61,17.47,8.35,0.89,35.29,29.49
design_1419,1.37,1.56,1.43,1.99,1.24,1.03,1.12,1.49,12.3,6.45,0.87,28.79,21.18
design_1420,1.43,2.06,1.19,2.32,0.96,0.95,1.19,1.61,17.41,8.48,0.87,24.6,17.67
design_1421,1.25,1.81,1.38,2.41,1.09,0.96,1.18,1.6,16.9,8.38,0.87,13.85,9.18
design_1422,1.06,1.88,1.67,2.04,1.01,0.98,1.08,1.52,16.8,8.34,0.87,17.51,12.86
design_1423,1.19,1.91,1.44,2.41,1.29,1.04,1.16,1.65,17.34,8.44,0.88,26.33,19.84
design_1424,1.29,1.68,0.82,1.59,0.95,2.72,1.19,1.75,17.53,9.29,0.82,9.46,4.8
design_1425,1.32,1.77,1.01,1.64,1.03,3.04,1.27,1.92,14.93,8.35,0.82,10.59,8.36
design_1426,1.75,2.42,1.88,2.15,1.54,2.59,1.56,2.13,17.71,9.24,0.83,8.67,8.07
design_1427,1.31,2.02,0.75,1.59,0.67,3.0,1.28,1.88,17.64,9.18,0.83,27.81,20.63
design_1428,1.73,2.43,1.35,2.18,1.31,2.43,1.5,1.97,18.04,9.33,0.83,29.55,21.25
design_1429,1.24,1.92,0.93,1.59,0.76,3.01,1.22,1.89,18.53,9.63,0.82,5.4,4.39
design_1430,1.55,2.3,1.02,1.72,1.01,2.42,1.34,1.79,19.6,9.91,0.83,32.23,23.21
design_1431,1.54,2.18,1.58,2.13,1.2,2.38,1.41,1.93,14.84,8.2,0.82,17.19,13.29
design_1432,1.77,2.21,5.54,2.77,1.31,1.06,1.89,3.44,18.0,8.82,0.86,27.68,20.41
design_1433,1.75,2.39,4.87,3.43,1.41,1.26,1.89,3.25,17.32,8.48,0.86,30.61,21.47
design_1434,1.74,2.16,6.83,2.85,1.36,0.94,2.1,4.07,18.08,8.65,0.88,28.86,22.92
design_1435,1.71,2.16,6.42,3.33,1.12,1.04,2.07,3.92,17.44,8.27,0.88,26.05,14.67
design_1436,1.85,2.24,5.61,3.11,1.23,1.03,1.93,3.52,17.74,8.56,0.87,8.0,7.38
design_1437,1.8,2.25,6.69,3.26,1.22,1.04,2.12,4.06,17.89,8.55,0.87,26.82,17.32
design_1438,1.75,2.05,5.77,3.14,1.27,1.0,1.95,3.58,17.58,8.47,0.87,19.43,13.94
design_1439,1.79,2.29,5.24,3.01,1.4,0.98,1.86,3.34,19.06,9.07,0.87,14.83,10.97
design_1440,1.6,1.9,2.89,2.04,0.99,2.5,1.45,2.2,18.27,9.44,0.84,15.8,10.83
design_1441,1.09,1.71,7.17,1.57,0.84,4.67,2.07,4.13,18.8,9.86,0.83,10.31,8.95
design_1442,1.57,2.38,4.14,2.18,0.95,2.72,1.64,2.7,18.71,9.57,0.84,15.81,9.79
design_1443,1.52,1.96,3.36,1.95,1.17,2.56,1.5,2.35,19.44,9.84,0.84,32.84,22.6
design_1444,1.33,2.01,4.22,2.0,1.28,3.03,1.64,2.74,18.48,9.46,0.84,7.84,6.54
design_1445,1.37,2.05,4.14,2.08,1.22,2.84,1.63,2.68,19.23,9.72,0.84,20.81,15.43
design_1446,1.34,2.13,3.43,2.02,0.99,2.87,1.52,2.45,19.55,9.84,0.84,22.14,15.23
design_1447,1.05,1.82,4.43,1.73,0.92,3.23,1.6,2.78,18.77,9.57,0.84,9.76,8.31
design_1448,1.16,1.89,2.78,2.91,1.03,1.0,1.33,2.05,17.39,8.33,0.88,38.01,30.02
design_1449,1.03,1.91,2.29,2.96,0.9,1.07,1.3,1.92,16.18,7.86,0.88,34.35,21.35
design_1450,1.21,1.99,2.35,2.95,0.93,1.06,1.37,1.96,16.46,7.95,0.88,21.45,14.05
design_1451,1.05,1.82,0.87,2.75,0.81,0.99,1.18,1.57,16.25,7.85,0.88,24.86,17.52
design_1452,1.53,1.87,0.85,2.9,1.15,1.14,1.31,1.73,17.15,8.18,0.89,21.03,14.43
design_1453,1.23,2.02,1.56,3.08,1.06,1.17,1.31,1.86,15.03,7.43,0.88,31.22,21.97
design_1454,1.53,2.11,1.6,3.02,0.95,1.19,1.35,1.89,16.34,7.84,0.88,33.23,23.38
design_1455,1.31,1.93,1.09,2.88,0.99,1.16,1.25,1.72,16.87,8.08,0.88,27.84,18.51
design_1456,1.41,1.33,3.67,2.67,1.02,2.26,1.33,2.2,15.84,7.92,0.87,20.24,16.09
design_1457,1.34,1.53,3.73,2.9,1.18,2.35,1.42,2.31,11.83,6.55,0.86,18.97,14.61
design_1458,1.44,1.44,3.56,2.44,0.87,2.23,1.32,2.13,15.81,8.12,0.86,18.74,14.63
design_1459,1.28,1.45,3.62,2.62,0.94,2.26,1.36,2.18,15.19,7.75,0.86,14.74,11.87
design_1460,1.19,1.47,3.61,2.6,0.88,2.38,1.35,2.19,14.57,7.75,0.85,16.89,13.54
design_1461,1.08,1.51,3.72,2.7,1.01,2.39,1.39,2.24,15.43,8.03,0.86,12.26,10.08
design_1462,1.38,1.58,3.67,2.83,1.12,2.38,1.42,2.3,14.93,7.57,0.87,17.51,13.95
design_1463,1.07,1.39,3.69,2.49,0.89,2.31,1.34,2.15,14.94,7.63,0.87,13.74,11.33
design_1464,0.5,1.49,3.35,1.56,1.13,3.23,1.4,2.43,15.35,8.18,0.84,30.14,22.9
design_1465,0.67,1.26,3.33,1.72,1.21,2.85,1.39,2.34,17.73,8.98,0.85,30.78,22.9
design_1466,0.68,1.23,3.07,1.69,1.58,3.07,1.41,2.32,16.16,8.32,0.85,30.08,23.22
design_1467,0.65,1.58,3.23,2.29,1.03,3.41,1.47,2.53,17.61,9.04,0.84,26.58,18.69
design_1468,0.99,1.88,2.91,1.83,1.41,3.36,1.47,2.42,14.69,8.19,0.83,9.5,7.66
design_1469,0.65,1.12,3.14,1.63,0.82,3.32,1.37,2.35,17.15,8.75,0.85,16.48,11.82
design_1470,0.53,1.46,3.17,2.18,0.75,3.46,1.4,2.48,15.89,8.46,0.84,23.87,17.96
design_1471,0.77,1.18,3.04,1.65,1.29,3.26,1.41,2.34,16.81,8.69,0.85,31.27,23.59
design_1472,1.07,1.6,1.06,2.52,1.11,2.3,1.27,1.79,16.17,8.17,0.86,27.25,23.43
design_1473,1.07,1.48,3.01,1.98,0.86,3.92,1.33,2.43,18.47,9.44,0.85,34.35,28.6
design_1474,1.24,2.2,0.87,2.76,1.42,2.19,1.35,1.95,17.83,9.11,0.85,16.2,12.87
design_1475,1.11,1.75,1.13,2.41,1.09,2.17,1.2,1.76,18.1,9.28,0.85,31.89,26.04
design_1476,1.09,1.66,0.66,2.4,1.07,2.16,1.22,1.71,17.79,8.89,0.86,34.04,29.41
design_1477,1.22,2.09,1.07,2.64,1.26,2.41,1.32,1.96,18.53,9.46,0.85,32.55,23.53
design_1478,1.09,1.84,1.21,2.57,1.09,2.22,1.32,1.83,17.34,8.71,0.86,35.67,26.61
design_1479,1.11,1.89,0.86,2.75,1.16,2.28,1.32,1.88,18.47,9.34,0.85,31.34,24.66
design_1480,1.02,1.72,1.79,1.69,0.76,1.17,1.04,1.48,17.5,8.96,0.84,21.77,15.85
design_1481,0.82,1.56,2.3,1.57,0.74,1.26,1.04,1.62,17.59,8.81,0.86,28.42,17.54
design_1482,0.99,1.77,1.78,1.76,0.85,1.15,1.03,1.5,17.59,8.84,0.85,30.48,23.25
design_1483,0.91,1.6,1.8,1.65,1.08,1.19,1.01,1.48,17.09,8.57,0.86,32.65,22.48
design_1484,1.29,2.01,1.57,1.86,0.93,1.41,1.16,1.56,15.54,8.07,0.85,26.59,20.28
design_1485,0.95,1.55,1.81,1.71,1.21,1.06,1.02,1.48,16.08,8.19,0.85,30.37,22.81
design_1486,1.14,1.75,1.81,1.69,0.82,1.12,1.05,1.5,16.82,8.5,0.86,31.62,24.14
design_1487,1.01,1.88,1.79,1.8,0.75,1.31,1.07,1.54,17.72,8.91,0.85,29.75,22.09
design_1488,1.26,2.11,1.55,2.31,1.26,2.85,1.39,2.07,16.48,8.73,0.83,23.53,10.39
design_1489,0.94,2.34,2.27,1.78,1.13,3.1,1.37,2.24,19.23,9.78,0.83,20.66,15.47
design_1490,1.17,1.83,2.82,1.87,1.12,3.48,1.45,2.49,19.28,9.8,0.84,29.91,20.55
design_1491,1.22,2.34,1.82,2.21,1.2,3.02,1.43,2.18,18.2,9.43,0.84,21.26,14.88
design_1492,1.21,2.38,1.95,1.91,1.05,3.26,1.43,2.25,18.62,9.61,0.83,26.91,19.15
design_1493,1.29,2.32,1.85,2.21,0.97,3.22,1.43,2.25,20.75,10.32,0.84,27.87,15.6
design_1494,1.1,2.16,2.74,1.86,0.92,5.49,1.76,3.27,16.69,8.98,0.83,23.8,12.29
design_1495,1.24,2.35,1.68,2.2,0.91,3.36,1.48,2.26,20.22,10.17,0.83,15.6,16.73
design_1496,1.24,1.59,1.12,1.61,1.41,8.22,2.15,4.46,16.58,8.82,0.84,13.9,10.89
design_1497,1.03,1.59,1.29,1.5,1.12,8.01,2.07,4.33,16.57,8.83,0.83,32.4,22.59
design_1498,1.1,1.53,1.29,1.68,1.27,8.69,2.25,4.69,18.13,9.32,0.85,10.57,8.59
design_1499,1.26,1.74,1.45,1.58,1.14,7.43,1.98,4.07,15.29,8.47,0.83,17.06,13.99
design_1500,1.12,1.48,1.01,1.61,1.22,8.49,2.19,4.57,17.54,9.13,0.84,22.14,16.94
design_1501,1.07,1.44,3.33,1.59,1.16,6.96,1.93,3.97,18.37,9.71,0.83,23.48,16.41
design_1502,1.34,1.86,1.23,1.57,1.28,6.25,1.75,3.5,12.55,7.55,0.82,18.36,14.61
design_1503,1.2,1.69,1.24,1.57,1.08,8.09,2.11,4.39,16.21,8.68,0.83,7.72,6.21
design_1504,2.09,2.27,1.01,2.33,1.17,2.03,1.35,1.88,18.62,9.17,0.86,14.0,10.65
design_1505,2.44,2.34,1.22,2.54,1.1,1.89,1.44,2.0,19.05,9.44,0.85,23.88,14.6
design_1506,2.27,2.16,1.1,2.39,0.92,2.38,1.4,1.98,18.37,9.17,0.85,25.26,19.81
design_1507,2.39,2.3,1.3,2.59,1.07,2.18,1.43,2.05,17.96,8.98,0.85,35.49,26.17
design_1508,2.37,2.3,1.17,2.53,0.91,1.68,1.4,1.92,17.9,8.75,0.87,21.76,12.31
design_1509,2.26,2.16,1.12,2.37,1.07,2.39,1.38,1.98,17.78,9.01,0.85,24.59,18.74
design_1510,2.25,2.18,1.16,2.33,0.97,2.21,1.38,1.94,17.91,9.05,0.85,11.74,8.8
design_1511,2.08,2.07,1.11,2.35,0.98,2.07,1.35,1.86,18.29,9.18,0.85,13.05,10.02
design_1512,1.27,2.07,1.49,1.72,1.22,7.24,1.91,3.91,16.92,8.85,0.84,12.64,10.53
design_1513,1.21,2.1,2.09,1.65,0.95,4.23,1.38,2.57,18.49,9.75,0.83,17.37,14.55
design_1514,1.35,2.46,1.3,1.67,1.07,6.89,1.86,3.76,16.51,8.96,0.81,9.02,8.45
design_1515,1.19,2.83,0.83,1.6,1.09,7.01,1.87,3.82,17.48,9.14,0.83,18.59,14.88
design_1516,1.24,2.09,2.13,1.79,0.94,2.88,1.27,2.06,13.94,7.89,0.83,15.52,12.95
design_1517,1.05,2.54,0.91,2.07,1.31,7.01,1.87,3.83,17.75,9.11,0.84,22.42,16.45
design_1518,1.21,1.95,1.84,1.63,0.89,2.08,1.1,1.7,16.75,9.02,0.82,27.71,21.9
design_1519,1.13,1.9,3.55,1.54,1.02,2.44,1.17,2.13,16.34,9.01,0.81,32.16,24.96
design_1520,1.77,2.72,2.61,2.49,2.43,2.81,1.72,2.53,6.51,5.03,0.84,9.09,8.06
design_1521,1.57,2.36,2.91,1.7,0.97,3.83,1.52,2.63,19.33,9.75,0.84,22.81,19.99
design_1522,1.51,3.03,4.28,2.38,1.6,1.64,1.63,2.77,16.53,8.54,0.84,24.44,18.76
design_1523,2.11,2.8,2.33,2.86,2.45,2.1,1.68,2.41,14.0,7.45,0.85,7.56,4.34
design_1524,1.37,2.32,4.69,2.13,1.68,1.8,1.62,2.83,17.39,8.77,0.85,11.14,13.91
design_1525,1.63,2.52,1.39,1.79,0.98,3.0,1.29,2.05,18.52,9.49,0.84,20.13,17.23
design_1526,1.43,2.85,3.16,1.9,1.43,2.5,1.47,2.43,16.93,8.81,0.84,32.14,24.73
design_1527,1.16,2.15,0.97,1.68,2.67,4.66,1.52,2.67,9.87,6.3,0.84,8.06,7.16
design_1528,1.04,1.76,1.58,1.64,0.78,1.97,1.06,1.53,18.22,8.93,0.86,38.16,26.65
design_1529,1.09,1.91,1.44,1.68,0.98,2.44,1.1,1.66,17.31,8.74,0.85,28.78,22.14
design_1530,1.01,2.05,1.74,1.86,0.94,2.34,1.2,1.74,18.83,9.09,0.86,36.53,25.27
design_1531,1.17,1.97,1.36,1.58,0.84,2.29,1.05,1.6,18.08,8.97,0.86,30.39,26.66
design_1532,0.88,1.84,1.44,1.7,0.8,1.54,1.05,1.42,19.75,9.32,0.86,36.78,22.81
design_1533,1.05,1.84,1.5,1.75,0.91,1.92,1.11,1.55,17.42,8.66,0.86,34.0,22.76
design_1534,1.02,1.86,1.34,1.72,0.83,2.16,1.06,1.55,16.11,8.2,0.85,33.72,22.19
design_1535,0.94,1.79,1.91,1.62,0.81,1.65,1.06,1.55,17.61,8.76,0.86,32.95,19.16
design_1536,1.0,1.49,1.91,1.47,0.83,7.99,2.06,4.3,18.06,9.3,0.84,30.07,24.98
design_1537,1.0,1.4,1.39,1.52,0.85,8.48,2.15,4.51,16.92,8.92,0.83,11.87,8.7
design_1538,1.09,1.28,1.96,1.6,0.96,6.86,1.86,3.75,17.74,9.39,0.83,22.71,13.8
design_1539,0.93,1.41,1.56,2.08,0.93,8.25,2.12,4.44,17.47,9.21,0.83,14.22,13.21
design_1540,1.04,1.1,1.48,1.46,1.05,7.5,1.94,4.02,17.72,9.3,0.83,33.17,25.73
design_1541,1.1,1.16,2.34,1.51,0.79,7.9,2.05,4.28,15.93,8.59,0.83,13.55,10.7
design_1542,0.91,1.27,1.48,1.55,1.03,7.01,1.85,3.78,18.1,9.59,0.82,5.87,6.59
design_1543,0.95,1.34,1.37,2.24,1.0,8.49,2.18,4.56,16.83,8.92,0.83,8.79,6.85
design_1544,1.13,2.59,1.79,2.56,1.44,1.43,1.29,1.91,17.03,8.52,0.87,38.22,29.57
design_1545,0.83,2.21,3.38,2.26,1.38,1.28,1.23,2.0,15.23,7.55,0.88,31.55,26.91
design_1546,1.21,2.61,1.75,2.64,1.63,1.24,1.34,1.95,15.9,8.17,0.85,9.81,6.7
design_1547,1.56,2.79,2.0,2.54,1.46,1.33,1.36,2.03,16.61,8.42,0.86,28.49,22.95
design_1548,0.97,2.06,3.31,2.38,1.18,1.29,1.25,1.98,15.11,7.38,0.89,31.51,27.08
design_1549,1.18,2.81,1.84,2.59,1.61,1.44,1.37,2.01,16.23,8.29,0.85,14.44,9.64
design_1550,1.34,2.29,3.25,2.98,1.41,1.11,1.37,2.2,15.88,7.96,0.87,33.51,24.57
design_1551,1.27,2.07,3.27,2.47,1.15,1.31,1.28,2.02,15.83,7.69,0.89,35.1,28.75
design_1552,1.37,1.51,1.25,2.26,1.26,1.61,1.16,1.57,17.01,8.35,0.86,32.64,25.23
design_1553,1.43,1.35,1.46,2.27,1.08,1.4,1.13,1.56,16.46,8.16,0.86,18.76,12.83
design_1554,1.32,1.4,1.26,2.15,1.18,1.53,1.09,1.51,17.05,8.44,0.86,13.55,11.49
design_1555,1.28,1.33,1.37,2.14,0.99,1.58,1.08,1.5,16.35,8.2,0.86,9.39,8.49
design_1556,1.46,1.59,1.14,2.42,1.3,1.62,1.18,1.63,15.18,7.72,0.86,31.35,23.5
design_1557,1.28,1.38,1.07,2.12,1.22,1.58,1.06,1.47,16.75,8.21,0.87,6.88,6.79
design_1558,1.35,1.67,1.47,2.36,1.04,1.2,1.16,1.58,18.46,8.97,0.86,24.62,16.54
design_1559,1.08,1.41,1.11,2.08,0.95,1.43,1.02,1.39,16.49,8.12,0.87,11.3,9.85
design_1560,0.86,1.58,3.89,1.72,0.92,2.33,1.21,2.06,20.02,9.87,0.84,49.13,29.63
design_1561,0.73,1.02,4.08,1.78,1.08,3.56,1.3,2.4,17.02,8.92,0.84,29.49,23.22
design_1562,0.93,1.35,2.94,2.06,1.01,2.34,1.22,1.89,17.14,8.92,0.84,20.06,15.05
design_1563,0.93,1.39,3.36,2.17,0.81,2.28,1.26,1.98,17.87,9.16,0.84,30.28,23.47
design_1564,0.87,1.3,4.38,1.8,1.08,2.09,1.26,2.13,15.75,8.49,0.83,30.74,23.4
design_1565,0.69,1.09,3.9,1.76,0.72,5.11,1.47,2.86,17.49,8.94,0.85,33.75,26.5
design_1566,0.82,1.39,2.94,1.97,0.81,2.26,1.19,1.83,16.69,8.84,0.83,31.34,22.31
design_1567,0.71,1.43,2.42,1.86,1.09,2.13,1.11,1.7,17.34,9.11,0.83,29.88,23.2
design_1568,1.22,1.77,3.25,2.33,1.26,1.86,1.36,2.21,17.07,8.2,0.87,14.6,11.71
design_1569,1.37,1.86,2.64,2.04,0.91,1.43,1.22,1.88,18.26,8.97,0.84,19.66,15.21
design_1570,0.95,1.67,3.88,2.47,1.47,1.92,1.49,2.46,13.19,6.69,0.87,13.36,13.65
design_1571,1.22,2.14,3.31,2.3,0.87,1.44,1.35,2.18,17.98,9.18,0.84,27.14,19.22
design_1572,1.17,1.89,3.95,2.32,1.36,1.65,1.47,2.45,15.63,8.21,0.84,13.06,8.24
design_1573,1.41,1.78,3.02,2.47,1.15,1.88,1.38,2.17,17.96,8.51,0.88,14.9,13.23
design_1574,1.26,2.06,3.98,2.33,1.24,1.84,1.53,2.5,15.95,8.13,0.85,14.41,14.24
design_1575,1.25,1.89,3.2,2.47,1.16,1.96,1.42,2.24,15.97,7.84,0.87,17.72,16.37
design_1576,1.39,1.83,1.59,2.16,0.71,0.99,1.14,1.56,14.36,7.34,0.86,29.2,19.98
design_1577,1.39,1.75,1.52,2.37,0.95,1.27,1.32,1.62,19.89,9.41,0.86,45.79,26.55
design_1578,1.52,1.46,1.11,2.17,0.99,0.91,1.15,1.42,17.86,8.69,0.87,32.85,19.78
design_1579,1.39,1.49,1.13,2.28,1.19,0.86,1.17,1.45,18.78,8.85,0.87,34.96,25.34
design_1580,0.99,1.24,2.16,1.64,1.51,1.15,1.08,1.61,17.52,8.28,0.88,26.0,23.16
design_1581,1.91,1.74,1.77,2.97,2.06,1.37,1.52,2.04,5.45,4.23,0.87,26.56,18.19
design_1582,1.38,1.22,1.88,2.01,0.85,0.89,1.14,1.53,18.31,8.67,0.87,36.5,23.07
design_1583,1.52,1.54,2.03,1.98,0.85,1.02,1.18,1.65,15.57,7.74,0.86,31.02,16.53
design_1584,1.43,2.37,1.22,2.09,1.14,2.72,1.38,2.0,17.02,8.91,0.84,15.94,11.45
design_1585,1.43,2.57,0.53,2.37,1.61,3.09,1.47,2.19,9.59,6.28,0.83,5.53,3.79
design_1586,1.59,2.64,1.07,2.5,1.47,2.88,1.53,2.2,16.15,8.53,0.84,9.32,5.96
design_1587,1.62,2.63,1.12,2.61,1.74,2.8,1.59,2.22,14.58,7.99,0.83,7.22,5.77
design_1588,1.63,2.68,1.1,2.65,1.61,2.91,1.59,2.26,14.89,8.1,0.84,8.54,5.97
design_1589,1.45,2.83,0.65,2.34,1.07,2.57,1.43,2.02,16.18,8.58,0.84,44.01,27.74
design_1590,1.4,2.52,0.69,2.36,1.65,3.63,1.51,2.39,12.21,7.19,0.83,4.8,3.4
design_1591,1.63,2.72,1.28,2.48,1.71,2.72,1.53,2.2,10.48,6.53,0.83,6.44,4.54
design_1592,1.18,1.88,2.81,1.64,0.86,3.24,1.39,2.33,15.78,8.84,0.82,8.49,5.83
design_1593,1.45,2.03,2.61,1.69,0.94,2.93,1.41,2.22,15.88,8.93,0.81,5.7,4.81
design_1594,1.49,2.07,2.73,1.68,0.84,3.01,1.41,2.27,18.2,9.65,0.83,16.98,13.01
design_1595,1.44,2.04,2.67,1.66,0.94,2.83,1.36,2.2,15.75,8.72,0.82,11.37,9.0
design_1596,1.23,1.9,2.87,1.72,0.82,2.8,1.38,2.21,16.85,9.31,0.82,13.61,11.01
design_1597,1.6,1.89,2.68,1.84,0.95,2.46,1.39,2.11,16.51,9.09,0.81,7.73,7.82
design_1598,1.48,2.0,2.51,1.83,1.14,2.81,1.44,2.18,17.01,9.09,0.83,20.41,16.58
design_1599,1.39,1.97,2.78,1.7,0.88,3.15,1.42,2.32,16.01,8.78,0.82,8.05,6.36
design_1600,1.51,1.62,5.04,1.83,1.52,4.15,1.81,3.41,5.8,5.05,0.84,13.59,13.64
design_1601,2.04,1.79,0.86,1.98,1.13,2.65,1.36,1.88,14.05,7.97,0.82,8.07,4.15
design_1602,1.67,2.21,5.03,2.02,1.03,4.44,1.95,3.53,17.51,9.03,0.84,21.08,15.85
design_1603,1.85,1.63,3.15,1.86,0.92,3.03,1.48,2.44,19.81,10.11,0.83,29.85,19.48
design_1604,1.91,1.91,1.82,1.84,1.03,3.88,1.45,2.44,19.71,10.08,0.83,6.91,7.51
design_1605,1.74,1.7,2.19,1.7,0.73,3.59,1.37,2.34,19.33,9.98,0.83,9.8,6.66
design_1606,1.49,1.44,1.14,1.68,0.73,3.31,1.24,1.99,18.71,9.67,0.83,10.91,8.56
design_1607,1.62,2.0,4.99,1.91,0.88,4.22,1.85,3.42,12.76,7.49,0.83,13.85,9.74
design_1608,1.18,2.28,4.4,1.65,1.07,2.2,1.57,2.71,19.84,10.08,0.83,22.34,12.79
design_1609,1.3,2.18,4.88,1.73,1.23,2.39,1.67,2.96,17.24,9.23,0.82,10.23,9.4
design_1610,1.19,2.15,5.74,1.5,0.9,2.62,1.79,3.33,19.09,9.76,0.83,35.41,25.4
design_1611,1.38,2.11,2.48,1.65,1.16,2.36,1.35,2.06,17.41,9.26,0.82,11.16,7.38
design_1612,1.08,2.1,3.8,1.7,1.17,2.82,1.48,2.61,11.46,7.36,0.81,6.2,5.22
design_1613,1.33,2.32,3.88,1.66,1.12,2.62,1.53,2.62,17.41,9.32,0.83,13.27,10.43
design_1614,1.43,2.45,2.06,1.83,1.14,2.31,1.4,1.99,12.71,7.59,0.82,26.63,18.47
design_1615,1.37,2.14,5.14,1.59,1.04,2.0,1.66,2.97,18.37,9.54,0.83,18.83,10.75
design_1616,1.41,2.47,1.4,1.76,1.04,3.09,1.32,2.11,18.83,9.71,0.83,18.19,17.43
design_1617,1.46,2.34,2.29,1.73,0.94,3.26,1.45,2.32,17.42,9.14,0.83,29.22,21.57
design_1618,1.4,2.25,1.44,1.58,0.65,6.04,1.78,3.32,18.28,9.4,0.83,24.84,20.08
design_1619,1.23,2.55,3.01,1.68,0.97,3.39,1.52,2.56,16.38,8.56,0.84,18.48,16.03
design_1620,1.29,2.21,2.43,1.58,0.87,3.49,1.4,2.39,19.59,9.84,0.84,14.24,11.18
design_1621,1.82,2.39,1.96,1.81,0.97,2.8,1.44,2.14,16.89,9.16,0.82,16.95,13.14
design_1622,1.59,2.69,0.82,2.24,1.04,3.91,1.47,2.46,20.25,10.24,0.83,31.7,23.11
design_1623,1.5,2.61,1.78,1.51,1.04,2.86,1.33,2.09,19.07,9.77,0.83,29.15,22.48
design_1624,1.05,2.56,2.2,2.48,1.38,1.08,1.29,1.94,17.33,8.33,0.88,27.81,22.81
design_1625,1.14,2.29,2.05,2.54,1.05,1.1,1.22,1.84,16.95,8.19,0.88,36.27,27.21
design_1626,1.54,3.0,2.43,3.0,1.29,1.22,1.51,2.25,16.13,7.82,0.88,30.96,23.88
design_1627,1.05,2.2,2.09,2.39,1.0,1.14,1.19,1.78,14.07,7.22,0.87,4.5,4.09
design_1628,1.09,2.26,2.23,2.57,1.26,1.18,1.22,1.9,15.02,7.52,0.87,5.87,5.8
design_1629,1.56,2.42,1.08,3.09,1.28,1.4,1.45,1.95,14.42,7.29,0.87,4.84,4.06
design_1630,1.45,2.74,2.14,3.27,1.11,1.09,1.46,2.17,16.24,7.93,0.88,34.3,24.56
design_1631,1.54,2.47,1.09,2.92,1.28,1.2,1.4,1.89,17.73,8.42,0.88,22.9,18.17
design_1632,1.43,2.19,1.61,2.28,0.95,3.69,1.42,2.38,15.68,8.59,0.82,27.36,20.22
design_1633,1.46,2.16,1.81,2.36,0.97,3.2,1.41,2.24,18.59,9.57,0.83,16.63,10.51
design_1634,1.45,2.07,1.91,1.94,1.0,3.99,1.41,2.49,16.79,9.03,0.83,19.39,14.63
design_1635,1.37,2.07,1.7,2.22,1.13,3.24,1.36,2.21,18.12,9.44,0.83,18.25,12.32
design_1636,1.6,2.33,1.8,2.2,1.01,3.3,1.4,2.29,18.88,9.63,0.83,14.7,8.29
design_1637,1.55,2.19,1.99,2.2,1.14,3.36,1.39,2.33,17.54,9.36,0.82,30.42,22.76
design_1638,1.46,2.23,1.75,2.44,1.21,3.47,1.4,2.36,15.57,8.63,0.82,25.7,19.17
design_1639,1.54,2.21,1.85,2.3,1.08,3.26,1.45,2.28,17.89,9.33,0.82,30.53,22.9
design_1640,0.91,0.46,1.46,1.4,1.4,3.78,1.13,2.07,6.04,5.15,0.84,5.95,3.1
design_1641,2.16,1.95,2.9,2.31,1.12,2.57,1.6,2.33,18.52,9.28,0.85,28.65,20.57
design_1642,1.25,1.26,2.53,1.66,0.81,2.96,1.27,2.06,16.57,8.84,0.83,31.17,21.87
design_1643,0.81,0.58,1.21,1.37,0.98,2.84,1.01,1.62,5.54,4.94,0.84,7.13,3.79
design_1644,1.3,1.71,4.99,1.7,0.97,3.53,1.69,3.05,15.94,8.64,0.83,7.6,6.69
design_1645,1.46,1.52,2.87,1.45,0.97,1.72,1.27,1.87,15.63,8.37,0.84,10.29,6.01
design_1646,0.87,0.65,1.2,1.14,1.75,2.97,1.06,1.73,5.08,4.6,0.85,8.36,4.44
design_1647,1.44,1.32,2.38,1.6,0.78,2.59,1.27,1.92,18.53,9.5,0.84,30.25,23.32
design_1648,1.52,1.99,1.2,1.97,1.03,1.83,1.21,1.63,18.18,9.33,0.84,37.37,25.42
design_1649,1.38,1.94,1.03,1.98,1.07,1.76,1.13,1.57,17.37,9.05,0.84,8.33,7.54
design_1650,1.18,1.68,0.85,1.73,1.09,2.1,1.09,1.53,16.3,8.48,0.84,13.99,12.68
design_1651,0.99,1.74,1.47,1.75,0.86,1.88,1.07,1.53,16.23,8.71,0.83,6.22,3.91
design_1652,1.18,1.73,1.42,1.83,0.75,1.67,1.08,1.49,17.83,9.17,0.84,14.64,12.0
design_1653,1.18,1.74,0.97,1.66,0.77,1.84,0.99,1.44,18.5,9.52,0.84,20.18,15.33
design_1654,1.22,1.63,0.97,2.02,0.84,1.83,1.01,1.5,7.32,5.7,0.83,7.79,3.95
design_1655,1.01,1.92,1.63,1.95,0.93,2.22,1.22,1.73,17.01,8.8,0.84,13.29,11.0
design_1656,1.08,1.94,1.45,1.69,1.01,7.84,1.99,4.12,17.59,9.03,0.85,13.69,10.93
design_1657,0.97,1.5,1.67,1.72,0.84,7.55,1.91,3.96,16.23,8.55,0.84,14.4,10.6
design_1658,0.85,1.58,2.03,2.33,0.87,7.84,2.01,4.18,15.55,8.33,0.84,17.03,12.92
design_1659,1.39,2.22,1.49,1.65,1.04,7.72,1.99,4.1,16.61,8.76,0.83,20.94,15.35
design_1660,1.23,2.07,1.3,1.73,0.86,7.69,1.97,4.05,17.65,9.13,0.84,17.44,12.35
design_1661,0.92,1.65,1.28,1.66,1.0,4.37,1.36,2.47,17.73,9.22,0.84,19.53,13.33
design_1662,0.96,1.5,1.34,1.64,1.01,5.89,1.57,3.16,17.21,9.09,0.83,18.48,14.21
design_1663,1.24,1.69,1.69,1.56,1.1,3.55,1.29,2.19,16.68,8.82,0.84,13.07,8.47
design_1664,0.97,1.9,0.67,2.05,0.85,2.47,1.1,1.75,17.99,9.25,0.85,27.53,21.98
design_1665,0.91,2.24,1.07,2.27,0.92,2.54,1.17,1.9,18.52,9.56,0.85,35.71,27.7
design_1666,0.99,2.32,2.7,2.33,1.01,2.31,1.26,2.05,18.3,9.43,0.85,8.66,8.63
design_1667,1.0,2.05,0.88,2.41,0.92,1.96,1.17,1.71,17.36,9.02,0.85,29.28,24.82
design_1668,1.0,1.95,0.63,2.3,1.08,1.97,1.14,1.67,16.63,8.31,0.86,37.17,29.78
design_1669,1.02,1.96,0.72,2.63,0.9,2.69,1.25,1.97,17.22,8.5,0.87,31.99,25.45
design_1670,1.02,2.08,0.88,2.73,1.37,3.09,1.3,2.19,17.62,9.19,0.84,28.49,20.49
design_1671,0.98,1.87,0.58,2.29,0.82,2.05,1.1,1.65,17.54,8.71,0.87,34.32,26.83
design_1672,1.83,1.9,1.65,2.72,0.95,3.24,1.49,2.36,14.76,8.48,0.81,13.97,10.68
design_1673,1.7,2.01,1.29,2.8,1.12,8.25,2.29,4.61,15.7,8.52,0.83,14.09,10.45
design_1674,2.07,3.24,1.48,2.62,1.32,6.63,2.06,3.96,17.22,9.39,0.82,13.99,10.35
design_1675,1.95,2.86,2.74,2.61,1.01,5.47,1.89,3.48,18.65,9.83,0.83,15.93,12.43
design_1676,2.2,2.17,2.47,3.09,1.22,2.18,1.56,2.29,14.86,8.35,0.82,5.17,4.68
design_1677,1.72,2.75,1.66,2.38,0.93,6.62,1.95,3.85,16.04,8.99,0.81,12.46,9.96
design_1678,2.19,3.1,1.76,2.48,1.06,6.27,1.98,3.79,13.92,8.38,0.8,15.39,12.39
design_1679,1.9,2.1,4.18,2.74,1.09,2.6,1.57,2.6,17.71,9.49,0.83,11.22,8.64
design_1680,1.38,1.92,2.3,1.92,1.55,3.64,1.47,2.49,6.05,5.32,0.83,22.99,18.55
design_1681,1.14,0.87,0.7,1.42,0.99,8.73,2.27,4.78,17.13,9.46,0.81,27.73,21.63
design_1682,1.09,0.88,0.67,1.42,1.28,9.19,2.38,5.03,16.82,9.24,0.81,29.75,23.27
design_1683,1.08,1.42,0.61,1.51,1.18,9.48,2.47,5.2,17.13,9.29,0.82,25.63,19.91
design_1684,1.26,1.12,0.78,1.63,1.36,9.59,2.49,5.26,17.84,9.56,0.82,17.81,14.19
design_1685,1.22,1.16,2.45,1.74,1.14,3.74,1.4,2.43,18.99,10.08,0.82,24.28,21.99
design_1686,1.26,1.71,1.21,1.49,1.18,7.7,2.07,4.3,18.44,9.82,0.82,26.91,20.39
design_1687,1.4,0.87,1.95,1.71,0.93,2.13,1.13,1.67,14.73,8.47,0.8,28.45,22.41
design_1688,1.14,1.85,5.45,1.73,0.74,1.96,1.43,2.69,18.06,8.92,0.86,42.6,25.98
design_1689,1.09,1.61,5.11,1.89,0.68,2.53,1.42,2.64,18.3,8.98,0.86,29.98,20.19
design_1690,1.13,1.83,3.83,2.38,0.82,3.27,1.36,2.5,16.23,8.43,0.85,33.21,27.18
design_1691,1.14,1.94,3.86,1.92,1.0,2.78,1.33,2.35,17.75,9.01,0.85,34.91,27.09
design_1692,0.91,1.23,5.1,2.15,0.84,2.23,1.41,2.59,16.52,8.41,0.86,38.01,28.26
design_1693,1.05,2.43,3.53,2.14,0.81,2.51,1.37,2.29,19.07,9.43,0.85,31.28,22.03
design_1694,1.18,1.8,4.75,1.87,1.04,2.86,1.41,2.63,17.9,8.98,0.86,35.83,30.56
design_1695,1.15,1.92,3.96,1.88,0.86,2.94,1.32,2.4,17.59,8.95,0.85,14.08,13.75
design_1696,1.02,1.77,2.4,2.07,1.23,1.81,1.2,1.88,17.73,9.19,0.84,29.29,19.89
design_1697,1.21,1.72,2.1,2.12,1.01,1.78,1.21,1.77,16.71,8.71,0.84,13.75,9.26
design_1698,0.98,1.47,1.88,2.17,1.08,2.0,1.18,1.71,10.9,6.83,0.83,6.07,4.01
design_1699,1.37,2.0,2.6,2.79,1.1,1.69,1.48,2.11,15.61,8.36,0.83,16.53,11.74
design_1700,1.24,1.98,2.52,2.72,1.17,1.63,1.45,2.05,19.2,9.63,0.84,21.28,13.84
design_1701,0.97,1.67,2.52,2.27,0.92,2.08,1.26,1.97,15.46,8.47,0.83,19.91,13.75
design_1702,0.96,1.77,1.8,2.12,0.89,2.14,1.18,1.73,18.77,9.54,0.84,28.87,17.71
design_1703,1.05,1.21,2.0,2.15,0.84,2.05,1.13,1.72,8.32,5.96,0.83,7.0,4.0
design_1704,1.15,2.79,1.16,1.83,1.08,0.87,1.14,1.6,17.91,8.49,0.88,35.68,24.7
design_1705,1.08,2.92,1.53,2.1,1.01,1.04,1.26,1.75,17.77,8.6,0.88,10.04,5.83
design_1706,0.74,1.87,0.62,1.83,0.95,0.92,1.04,1.24,16.47,8.04,0.87,30.14,23.05
design_1707,1.23,2.27,0.51,2.42,1.16,1.15,1.3,1.58,18.14,8.48,0.89,18.6,11.15
design_1708,1.03,2.37,1.78,1.84,0.93,0.92,1.16,1.6,16.24,7.85,0.88,24.77,15.49
design_1709,1.08,2.67,0.77,1.84,0.93,0.92,1.11,1.5,17.97,8.52,0.88,16.35,14.6
design_1710,1.15,2.64,0.44,1.95,0.89,0.93,1.11,1.49,17.76,8.46,0.88,29.39,21.61
design_1711,0.99,2.66,0.98,1.76,0.9,0.86,1.11,1.48,16.84,8.04,0.88,11.46,10.84
design_1712,1.32,1.88,3.14,2.22,1.01,1.03,1.39,2.15,16.08,8.3,0.84,10.25,7.35
design_1713,1.06,1.57,2.95,2.0,1.03,1.09,1.32,1.98,16.88,8.55,0.85,16.0,14.39
design_1714,1.07,1.42,3.71,1.76,1.16,1.35,1.42,2.31,16.24,8.34,0.85,20.17,13.35
design_1715,1.38,1.81,2.51,2.29,1.04,1.27,1.39,1.93,18.62,9.08,0.86,19.33,15.76
design_1716,1.07,1.43,5.46,1.82,0.96,1.07,1.72,3.14,9.52,6.08,0.84,29.0,18.78
design_1717,1.18,1.32,4.95,1.89,1.0,1.28,1.62,2.91,10.61,6.28,0.85,23.28,15.08
design_1718,1.14,1.49,5.16,2.08,1.24,1.51,1.72,3.06,15.52,8.06,0.85,13.58,12.06
design_1719,1.46,1.79,2.18,2.17,1.08,1.33,1.34,1.81,16.05,8.31,0.84,28.24,17.8
design_1720,1.25,2.42,1.25,1.92,0.8,4.09,1.34,2.34,17.68,9.2,0.84,18.82,14.18
design_1721,1.56,2.39,0.93,2.5,0.85,3.04,1.38,2.11,16.49,8.72,0.84,18.5,13.28
design_1722,1.29,1.91,2.79,1.42,0.8,4.69,1.39,2.62,16.93,8.9,0.83,30.33,23.28
design_1723,1.39,2.39,1.26,2.15,1.15,5.89,1.67,3.06,16.23,8.34,0.85,24.24,21.52
design_1724,1.33,2.22,1.0,2.11,0.87,3.68,1.32,2.19,15.25,8.33,0.83,11.53,8.33
design_1725,1.09,2.49,1.71,2.07,1.14,3.03,1.3,2.09,6.83,5.24,0.84,19.12,14.1
design_1726,1.31,2.31,3.07,1.92,0.72,2.59,1.25,2.14,17.16,9.1,0.83,17.68,13.53
design_1727,1.66,2.11,4.02,2.52,0.86,3.17,1.52,2.61,17.24,9.0,0.84,15.31,12.22
design_1728,1.43,2.3,1.6,1.89,1.11,1.97,1.3,1.75,16.78,8.54,0.85,31.52,23.08
design_1729,1.71,2.92,1.69,2.06,1.18,2.0,1.41,1.97,18.26,9.01,0.84,22.5,13.37
design_1730,1.24,2.21,1.57,1.97,1.14,2.07,1.3,1.74,16.39,8.43,0.85,30.59,23.89
design_1731,1.33,2.13,1.54,1.92,0.97,2.05,1.22,1.7,18.0,8.91,0.85,25.1,19.21
design_1732,1.27,2.13,1.64,1.73,1.01,2.45,1.25,1.77,18.56,9.14,0.86,14.43,11.33
design_1733,1.02,2.03,1.3,1.48,0.94,2.29,1.09,1.58,16.31,8.55,0.84,26.39,21.22
design_1734,1.11,2.13,1.64,1.53,0.94,1.98,1.15,1.61,16.87,8.67,0.84,26.86,20.7
design_1735,1.18,2.18,1.45,1.67,1.1,2.13,1.2,1.66,17.49,8.83,0.86,12.03,9.46
design_1736,0.94,1.4,3.72,1.89,1.02,1.27,1.2,1.95,17.04,8.49,0.87,20.28,13.28
design_1737,0.95,1.53,3.68,2.3,1.02,1.11,1.28,2.02,15.78,7.78,0.88,28.62,24.03
design_1738,1.08,1.52,3.68,2.63,1.1,1.04,1.36,2.11,17.75,8.48,0.88,35.42,21.58
design_1739,0.99,1.3,3.75,2.06,1.27,1.16,1.22,2.0,16.82,8.1,0.89,19.85,12.78
design_1740,1.06,1.39,3.65,2.25,1.09,1.07,1.26,2.0,17.36,8.36,0.88,19.22,10.1
design_1741,1.02,1.15,3.22,2.56,1.1,1.03,1.21,1.91,17.65,8.64,0.87,27.59,18.99
design_1742,0.98,1.13,3.29,2.06,0.98,1.3,1.13,1.83,16.14,8.19,0.86,7.54,7.8
design_1743,0.92,1.35,2.91,2.14,1.0,1.23,1.15,1.75,17.86,8.74,0.87,9.67,6.58
design_1744,0.88,2.13,5.54,2.49,1.24,1.35,1.69,3.19,17.05,8.84,0.84,16.03,13.4
design_1745,1.12,2.38,1.54,2.67,1.07,1.91,1.33,1.85,17.24,8.78,0.84,16.53,14.45
design_1746,0.98,1.67,4.91,1.98,0.98,1.47,1.5,2.81,16.87,8.81,0.84,11.48,14.22
design_1747,1.04,1.89,1.67,2.23,0.91,1.76,1.17,1.66,19.22,9.43,0.84,21.35,11.22
design_1748,1.19,2.27,1.37,2.26,0.98,2.05,1.26,1.73,17.31,8.87,0.84,10.42,10.04
design_1749,1.35,2.1,1.45,2.53,1.61,2.04,1.28,1.85,18.08,9.13,0.85,27.16,24.6
design_1750,0.98,2.14,5.57,2.13,1.24,1.5,1.7,3.18,17.53,9.03,0.84,10.53,9.91
design_1751,1.02,1.81,1.48,2.14,0.78,1.84,1.15,1.59,19.64,9.42,0.85,20.81,13.71
design_1752,0.89,1.46,4.47,1.65,1.63,1.28,1.38,2.7,8.79,5.52,0.85,11.14,9.24
design_1753,1.26,2.33,4.84,1.71,0.97,1.25,1.57,2.95,17.02,8.46,0.86,13.96,10.05
design_1754,1.14,1.88,5.09,1.79,0.86,0.86,1.6,3.0,15.2,7.7,0.86,13.52,8.74
design_1755,1.08,1.87,4.57,2.0,0.99,1.17,1.44,2.78,13.66,7.21,0.86,8.44,5.3
design_1756,1.28,2.26,4.82,1.76,0.96,1.39,1.57,2.94,16.41,8.25,0.86,8.76,6.59
design_1757,1.53,2.5,4.15,2.46,1.24,0.92,1.62,2.76,16.85,8.31,0.86,13.79,7.61
design_1758,1.3,2.54,2.17,1.92,0.81,1.18,1.23,1.84,15.44,7.78,0.86,7.42,5.35
design_1759,1.4,2.15,3.65,2.49,0.95,0.91,1.48,2.46,15.01,7.67,0.86,9.58,7.5
design_1760,1.58,2.44,1.8,2.87,1.26,1.28,1.32,1.98,17.82,9.0,0.85,29.5,20.67
design_1761,1.18,2.39,1.15,2.71,1.44,1.47,1.26,1.83,15.01,7.91,0.85,29.53,23.32
design_1762,1.1,2.16,2.87,2.47,1.38,1.32,1.25,2.02,17.1,8.66,0.85,30.73,23.93
design_1763,1.36,2.75,1.71,2.47,1.35,1.32,1.27,1.91,16.18,8.31,0.85,46.52,28.43
design_1764,1.24,2.32,2.3,2.67,1.26,1.55,1.33,1.99,16.93,8.55,0.85,32.01,25.22
design_1765,1.33,2.74,1.32,2.52,1.44,1.23,1.26,1.87,17.43,8.68,0.86,24.54,20.83
design_1766,1.2,2.0,2.04,2.73,1.06,1.42,1.26,1.85,17.48,8.64,0.85,31.29,23.92
design_1767,1.38,2.72,1.68,2.41,1.32,1.15,1.25,1.87,16.61,8.52,0.85,27.71,21.95
design_1768,1.2,2.23,1.5,2.22,0.99,5.7,1.6,3.07,17.13,8.87,0.84,6.28,5.43
design_1769,1.09,2.71,1.35,2.21,1.12,5.12,1.55,2.88,15.98,8.53,0.83,12.62,10.15
design_1770,1.45,2.43,1.16,2.65,1.0,2.28,1.31,1.98,17.04,8.8,0.83,19.02,11.4
design_1771,1.13,2.59,1.11,2.23,1.02,5.62,1.62,3.05,17.37,9.01,0.84,16.39,12.74
design_1772,1.46,2.38,1.49,2.78,1.26,2.74,1.41,2.17,15.86,8.49,0.84,13.15,7.21
design_1773,1.22,2.17,1.07,2.27,0.84,5.73,1.62,3.05,17.9,9.13,0.85,19.12,13.95
design_1774,1.24,2.16,1.13,2.27,1.05,5.75,1.62,3.07,17.53,9.05,0.84,6.0,5.45
design_1775,1.43,1.99,2.71,2.25,0.84,2.63,1.33,2.12,18.27,9.27,0.85,19.5,16.11
design_1776,1.06,2.04,1.15,1.67,0.83,6.79,1.82,3.65,16.63,8.83,0.83,20.55,15.14
design_1777,1.19,2.52,1.08,2.03,1.09,7.46,2.04,4.04,16.0,8.15,0.85,16.89,14.02
design_1778,1.12,2.37,1.54,1.55,0.85,5.66,1.64,3.16,18.19,9.57,0.82,5.4,5.8
design_1779,1.0,2.39,1.22,1.82,0.81,7.41,1.99,3.98,14.24,7.58,0.85,10.28,8.72
design_1780,0.99,2.24,1.08,2.29,0.89,7.49,2.0,4.04,16.34,8.29,0.85,7.53,7.33
design_1781,1.13,1.98,0.93,1.64,0.83,6.85,1.82,3.66,17.63,9.15,0.84,15.14,11.82
design_1782,1.04,2.02,1.13,1.68,1.08,7.65,2.0,4.06,16.77,8.45,0.86,12.71,10.48
design_1783,0.97,2.3,1.03,1.89,0.79,7.41,1.97,3.97,17.08,8.52,0.86,30.4,22.5
design_1784,1.18,2.96,1.95,2.32,0.92,1.11,1.41,1.91,16.51,8.2,0.86,25.09,20.72
design_1785,1.18,2.59,2.36,1.9,1.22,1.32,1.27,1.86,14.66,7.58,0.86,33.55,25.82
design_1786,1.19,2.72,1.97,2.32,1.05,1.21,1.37,1.87,17.16,8.4,0.87,22.63,12.56
design_1787,1.46,3.0,1.79,1.99,0.95,1.09,1.29,1.85,15.47,7.8,0.87,18.69,14.38
design_1788,1.31,2.76,1.64,1.81,0.8,1.24,1.18,1.71,15.92,7.9,0.87,29.51,23.54
design_1789,1.16,2.75,3.22,2.38,1.07,1.2,1.48,2.18,17.27,8.43,0.87,6.57,5.93
design_1790,1.1,2.79,1.89,2.11,1.19,1.04,1.32,1.81,15.67,7.78,0.88,23.28,17.59
design_1791,1.14,2.7,2.41,2.03,1.29,1.13,1.31,1.91,17.11,8.5,0.86,7.46,7.63
design_1792,1.41,2.3,1.6,2.0,0.94,2.46,1.32,1.84,18.39,8.98,0.86,11.74,7.9
design_1793,1.66,2.01,1.09,1.61,0.82,1.43,1.19,1.45,18.16,8.87,0.85,16.56,11.98
design_1794,1.45,2.09,0.85,1.73,0.89,1.58,1.19,1.44,18.65,9.13,0.86,17.13,9.57
design_1795,1.64,2.19,1.41,1.9,0.88,1.9,1.31,1.68,19.24,9.26,0.85,23.03,14.28
design_1796,1.27,2.11,0.92,1.86,1.17,2.67,1.23,1.7,18.38,8.93,0.86,11.13,7.54
design_1797,1.53,2.26,1.95,2.03,1.14,2.56,1.38,1.97,17.91,8.69,0.87,8.98,6.81
design_1798,1.55,1.7,0.85,1.76,1.06,2.4,1.18,1.57,17.24,8.8,0.84,13.69,10.06
design_1799,1.73,2.45,1.75,1.97,1.19,1.92,1.4,1.86,17.11,8.63,0.86,27.57,18.74
design_1800,1.01,2.53,2.48,2.65,1.07,1.24,1.35,2.03,16.17,7.78,0.88,22.35,17.69
design_1801,1.09,2.87,2.13,2.68,1.31,1.17,1.4,2.04,16.99,8.16,0.88,26.35,19.62
design_1802,1.05,2.75,2.59,2.86,1.05,1.31,1.45,2.16,14.93,7.4,0.88,10.5,7.71
design_1803,1.08,2.85,2.78,2.76,1.38,1.17,1.43,2.23,16.08,7.93,0.88,16.22,12.13
design_1804,1.08,2.54,2.06,2.61,1.27,1.04,1.32,1.92,16.17,7.97,0.87,8.95,6.89
design_1805,1.14,2.95,2.84,2.97,1.04,1.3,1.51,2.3,17.02,8.19,0.88,18.22,12.77
design_1806,1.06,2.57,2.24,2.38,0.91,1.05,1.25,1.89,17.19,8.28,0.88,14.86,12.24
design_1807,1.03,2.74,2.31,3.07,1.36,1.21,1.44,2.15,15.84,7.75,0.87,19.84,11.84
design_1808,1.58,1.79,1.7,1.76,0.74,2.16,1.18,1.7,16.53,8.41,0.85,25.53,14.79
design_1809,1.57,1.61,1.84,2.29,0.99,2.18,1.23,1.82,16.9,8.78,0.84,23.22,14.12
design_1810,1.52,1.7,1.57,1.92,0.75,1.68,1.18,1.58,18.4,9.1,0.85,23.96,13.85
design_1811,1.7,2.06,3.68,2.07,0.9,1.6,1.51,2.44,20.03,9.65,0.84,30.8,15.14
design_1812,1.41,1.59,4.35,1.77,0.76,1.74,1.49,2.64,18.03,9.16,0.84,22.88,15.57
design_1813,1.7,2.02,2.23,2.17,0.83,1.88,1.32,1.93,18.61,9.23,0.85,23.95,14.18
design_1814,1.73,1.97,4.24,2.32,0.85,1.62,1.62,2.71,18.16,9.19,0.84,21.44,9.68
design_1815,1.7,1.96,1.93,2.34,1.25,2.12,1.34,1.93,18.45,9.01,0.86,26.64,17.61
design_1816,1.32,2.79,2.29,1.82,1.35,2.42,1.37,2.1,16.23,8.81,0.82,8.99,7.64
design_1817,1.11,2.93,1.35,2.31,1.57,6.6,1.95,3.87,17.2,9.04,0.84,16.92,12.47
design_1818,1.32,2.83,2.28,1.84,1.35,3.0,1.45,2.31,16.12,8.77,0.82,9.1,8.45
design_1819,1.29,2.03,1.9,1.81,1.3,6.0,1.78,3.48,17.76,9.31,0.83,22.18,16.89
design_1820,1.19,2.8,1.05,1.72,1.46,6.79,1.96,3.88,17.54,9.18,0.84,23.76,19.21
design_1821,1.13,3.08,1.12,1.79,1.4,6.22,1.86,3.64,17.94,9.42,0.83,10.16,8.41
design_1822,1.33,2.99,2.26,1.87,1.3,2.71,1.42,2.23,16.35,8.9,0.83,12.56,10.56
design_1823,1.35,2.18,1.6,1.58,1.5,6.03,1.81,3.48,18.0,9.47,0.83,29.87,22.78
design_1824,2.09,3.7,1.59,2.5,1.57,4.23,1.61,2.85,16.54,8.84,0.83,34.55,27.16
design_1825,1.86,3.07,3.61,2.5,1.53,2.82,1.48,2.68,16.98,8.98,0.84,36.54,27.38
design_1826,1.92,3.63,1.81,2.54,1.36,5.21,1.69,3.13,17.46,8.72,0.86,32.4,25.04
design_1827,1.99,3.71,1.44,2.43,1.48,3.99,1.56,2.74,17.64,9.16,0.84,33.86,26.05
design_1828,2.09,3.22,1.56,2.56,1.16,4.97,1.6,2.97,15.69,8.3,0.84,28.83,23.92
design_1829,2.07,3.73,1.86,2.5,1.46,4.41,1.63,2.92,17.81,9.2,0.84,35.1,25.35
design_1830,2.59,3.44,1.91,2.59,1.57,4.48,1.62,2.99,17.51,9.22,0.84,33.09,25.37
design_1831,1.44,3.06,7.3,2.34,1.28,1.47,1.75,3.53,16.48,8.86,0.83,31.39,24.78
design_1832,0.98,2.52,2.39,2.26,0.95,2.09,1.31,2.01,16.16,8.79,0.82,15.93,14.95
design_1833,1.18,2.95,2.11,2.48,1.4,2.4,1.48,2.19,14.41,8.19,0.82,23.98,17.0
design_1834,1.11,2.56,3.54,2.64,1.09,2.8,1.56,2.57,16.07,8.62,0.83,18.88,11.94
design_1835,1.11,2.65,3.33,2.7,1.16,2.55,1.57,2.47,17.07,8.93,0.84,19.99,13.65
design_1836,1.05,2.71,4.04,2.41,1.24,2.89,1.67,2.72,16.53,8.84,0.83,26.41,16.82
design_1837,1.14,2.81,2.69,2.67,1.12,2.44,1.54,2.31,18.26,9.39,0.84,30.36,19.58
design_1838,1.16,2.52,2.81,2.43,1.1,2.9,1.49,2.39,17.1,9.01,0.83,30.72,16.3
design_1839,1.15,2.8,2.67,2.77,1.11,2.75,1.54,2.41,17.93,9.25,0.84,19.99,15.02
design_1840,1.09,1.99,2.73,2.33,1.1,1.25,1.22,1.87,17.65,8.93,0.85,20.24,14.56
design_1841,1.14,2.32,2.21,2.48,1.94,2.34,1.32,2.12,17.42,8.82,0.85,19.08,15.5
design_1842,1.08,2.05,2.27,2.17,1.16,2.21,1.22,1.9,16.99,8.82,0.84,19.14,15.43
design_1843,1.13,2.06,2.55,2.28,1.73,2.01,1.3,2.01,17.63,8.97,0.85,31.33,23.01
design_1844,1.18,2.32,2.43,2.3,1.31,1.89,1.29,1.97,16.82,8.7,0.84,27.39,20.22
design_1845,1.09,2.29,2.65,2.13,1.42,2.18,1.25,2.04,17.88,9.09,0.85,16.52,14.77
design_1846,1.24,1.97,2.14,2.42,1.42,2.27,1.32,1.97,17.31,8.78,0.85,29.45,18.54
design_1847,1.12,2.51,2.42,2.26,1.34,2.36,1.32,2.08,17.68,9.01,0.85,25.62,18.09
design_1848,1.23,1.93,1.4,1.89,1.29,1.32,1.13,1.52,17.59,8.69,0.86,30.0,23.2
design_1849,1.44,1.94,1.95,2.01,1.35,1.5,1.23,1.76,18.28,8.92,0.86,17.69,14.5
design_1850,1.43,1.93,1.23,2.28,1.11,1.74,1.24,1.62,15.86,8.04,0.86,29.75,22.51
design_1851,1.9,2.37,6.1,2.77,1.76,1.84,2.04,3.76,18.41,8.67,0.88,31.22,23.41
design_1852,1.49,2.17,5.91,2.2,1.33,1.65,1.89,3.52,17.76,8.61,0.87,30.74,24.48
design_1853,1.97,2.25,6.09,2.6,1.49,1.82,2.01,3.71,18.11,8.63,0.87,26.7,22.0
design_1854,1.7,2.17,1.17,2.37,1.55,1.97,1.37,1.79,14.28,7.41,0.86,30.01,22.18
design_1855,0.95,1.8,4.73,1.58,0.91,1.11,1.48,2.77,15.44,8.03,0.85,31.11,25.83
design_1856,1.59,3.54,0.88,2.21,1.09,0.94,1.33,1.97,16.69,8.16,0.88,17.14,13.79
design_1857,1.52,3.32,0.68,1.97,1.24,0.99,1.25,1.85,8.32,5.12,0.86,31.69,24.86
design_1858,1.81,3.74,0.95,2.74,1.28,1.13,1.49,2.21,15.36,7.37,0.89,15.64,9.71
design_1859,1.65,3.89,0.94,2.8,1.19,1.11,1.53,2.23,16.58,7.9,0.88,18.2,13.48
design_1860,1.5,3.26,0.83,2.24,1.22,0.89,1.32,1.89,16.57,8.05,0.88,13.95,9.5
design_1861,1.57,3.4,0.79,2.49,1.0,0.97,1.36,1.98,15.82,7.75,0.88,17.04,12.51
design_1862,1.56,3.2,0.69,2.38,1.2,0.96,1.35,1.91,14.64,7.38,0.87,5.72,3.91
design_1863,1.55,3.78,0.9,2.27,1.34,0.97,1.39,2.07,16.88,8.2,0.88,10.77,7.81
design_1864,1.26,2.84,1.94,2.03,1.24,2.49,1.29,2.06,16.38,8.63,0.84,7.18,6.13
design_1865,1.28,2.6,2.01,1.88,0.93,2.62,1.24,2.02,16.72,8.76,0.84,6.24,5.44
design_1866,1.24,2.77,2.28,2.18,1.2,2.5,1.34,2.14,16.84,8.74,0.84,12.8,9.93
design_1867,1.49,2.75,1.81,2.44,1.18,2.65,1.35,2.15,14.15,7.81,0.83,12.19,7.4
design_1868,1.39,2.76,2.22,2.18,1.16,3.39,1.43,2.38,14.63,7.99,0.84,7.65,7.34
design_1869,1.32,2.67,1.73,1.96,0.99,2.42,1.24,1.95,16.24,8.64,0.84,4.26,4.17
design_1870,1.33,2.93,3.02,1.98,1.2,2.91,1.41,2.42,17.88,9.14,0.84,6.42,5.32
design_1871,1.4,2.81,1.92,2.22,1.08,2.61,1.33,2.11,16.4,8.64,0.84,8.58,6.18
design_1872,1.48,2.76,1.25,2.3,1.2,7.39,2.02,4.19,17.36,9.14,0.83,13.71,11.31
design_1873,1.31,2.74,1.13,1.65,0.95,5.88,1.68,3.39,17.55,9.41,0.82,11.13,8.98
design_1874,1.35,3.0,1.21,2.24,1.04,4.35,1.45,2.79,18.4,9.59,0.84,4.72,4.65
design_1875,1.37,2.82,1.74,1.72,0.94,7.42,2.0,4.17,17.14,8.81,0.85,17.21,11.51
design_1876,1.26,2.79,1.1,2.28,0.99,4.73,1.51,2.92,19.45,10.11,0.83,14.1,11.04
design_1877,1.2,3.12,1.37,2.29,1.11,6.52,1.88,3.79,18.0,9.34,0.84,25.85,19.57
design_1878,1.32,2.77,1.21,1.61,1.07,6.03,1.72,3.46,18.32,9.7,0.83,19.99,16.63
design_1879,1.3,3.05,1.48,2.3,1.08,4.57,1.51,2.92,16.91,9.29,0.82,20.37,15.47
design_1880,1.11,1.91,3.02,2.15,1.19,8.13,2.3,4.65,17.93,9.35,0.84,20.3,15.71
design_1881,1.02,1.76,3.32,2.07,1.21,8.52,2.36,4.86,16.42,8.84,0.82,24.7,19.72
design_1882,1.38,2.38,4.36,2.16,1.79,5.73,1.98,3.79,7.5,6.08,0.81,28.56,22.84
design_1883,1.25,1.97,3.66,2.1,1.46,8.31,2.36,4.82,15.27,8.31,0.83,26.45,20.91
design_1884,1.02,2.23,1.64,2.2,1.06,8.22,2.28,4.6,18.03,9.36,0.84,27.13,21.0
design_1885,0.99,2.05,2.69,2.11,1.25,8.51,2.36,4.81,17.23,9.16,0.83,26.01,19.09
design_1886,1.32,1.89,3.43,2.46,1.06,8.34,2.36,4.82,17.08,9.08,0.82,25.84,20.01
design_1887,0.96,1.89,3.38,2.14,1.78,9.11,2.52,5.19,16.19,8.66,0.83,20.61,15.69
design_1888,1.19,1.81,1.18,2.42,1.19,2.21,1.18,1.73,16.35,8.35,0.86,32.73,21.73
design_1889,1.22,1.88,2.22,2.65,1.18,1.96,1.29,1.95,17.58,8.76,0.86,24.65,17.5
design_1890,1.2,1.67,1.01,2.18,0.88,2.2,1.1,1.6,17.85,8.73,0.86,19.31,13.59
design_1891,1.14,2.0,1.4,2.64,1.25,2.1,1.27,1.83,17.07,8.5,0.86,34.28,23.18
design_1892,1.09,1.84,1.32,2.53,1.16,2.15,1.2,1.76,17.27,8.67,0.85,26.5,17.74
design_1893,1.17,2.03,1.25,2.52,1.21,2.39,1.24,1.84,16.71,8.39,0.86,16.17,10.4
design_1894,1.12,1.48,1.24,1.88,0.84,1.96,1.02,1.48,18.43,9.07,0.86,28.95,22.53
design_1895,1.18,1.44,1.13,1.82,0.84,1.95,1.03,1.45,18.59,9.11,0.86,38.37,27.64
design_1896,1.51,1.69,1.58,1.84,0.85,3.69,1.34,2.2,17.29,8.89,0.84,31.53,23.09
design_1897,1.36,1.67,1.34,1.67,1.19,2.57,1.18,1.75,17.25,8.92,0.84,33.22,24.36
design_1898,1.44,1.77,1.11,1.69,0.93,1.42,1.06,1.41,18.2,9.18,0.85,30.25,22.46
design_1899,1.43,1.6,1.26,1.67,1.03,1.74,1.08,1.49,16.34,8.6,0.84,32.22,23.92
design_1900,1.36,1.56,0.8,1.64,0.88,2.12,1.03,1.49,18.67,9.46,0.84,28.43,20.72
design_1901,1.33,1.65,0.92,1.69,0.95,3.38,1.19,1.96,18.0,9.23,0.84,30.69,23.12
design_1902,1.4,1.62,0.97,1.63,0.9,3.11,1.18,1.86,18.38,9.39,0.85,33.18,23.79
design_1903,1.47,1.68,1.15,1.73,0.94,3.22,1.19,1.95,17.96,9.2,0.84,31.18,23.0
design_1904,1.21,1.91,1.72,2.2,0.89,2.95,1.4,1.96,15.31,8.13,0.83,20.28,17.36
design_1905,1.24,2.18,1.89,1.91,0.89,2.76,1.37,1.94,18.07,8.8,0.85,26.06,18.53
design_1906,1.18,2.27,2.12,1.79,0.94,2.85,1.34,2.01,16.08,8.39,0.85,31.19,24.28
design_1907,1.3,2.02,2.27,1.89,0.85,2.89,1.4,2.05,18.39,8.97,0.85,33.5,24.63
design_1908,1.1,2.23,2.4,1.88,0.84,2.46,1.34,1.99,17.27,8.84,0.84,30.05,21.97
design_1909,1.33,2.28,2.35,1.97,0.9,3.09,1.47,2.18,16.75,8.61,0.85,30.96,23.42
design_1910,1.09,2.1,2.25,1.87,0.77,3.21,1.37,2.11,15.53,8.24,0.84,17.14,13.09
design_1911,1.25,1.97,2.34,1.87,0.79,2.77,1.39,2.02,18.61,9.08,0.85,25.01,19.59
design_1912,0.88,1.69,1.61,1.9,1.23,5.26,1.48,2.78,17.3,8.92,0.84,31.2,25.25
design_1913,1.07,1.9,1.32,2.07,1.21,5.9,1.62,3.06,16.71,8.6,0.84,33.43,25.88
design_1914,0.98,1.82,1.14,2.04,1.04,2.7,1.19,1.81,17.13,8.97,0.83,32.63,24.57
design_1915,1.1,1.97,0.96,2.03,1.12,1.87,1.11,1.59,16.93,8.72,0.83,33.75,26.3
design_1916,1.15,1.53,1.37,1.93,1.07,5.8,1.6,2.98,11.18,6.8,0.83,21.55,16.6
design_1917,1.55,2.03,4.48,2.45,1.27,2.11,1.54,2.55,16.72,8.64,0.84,29.54,23.2
design_1918,1.08,2.04,1.03,2.0,0.97,2.07,1.07,1.64,10.27,6.61,0.83,21.46,15.95
design_1919,1.79,2.2,4.85,2.73,1.45,1.98,1.68,2.74,15.21,8.1,0.83,30.3,22.73
design_1920,1.37,1.45,1.58,1.73,1.11,5.06,1.7,2.94,18.08,9.57,0.83,16.83,11.71
design_1921,1.14,1.27,1.2,1.71,1.09,4.63,1.55,2.68,17.66,9.46,0.82,27.69,21.14
design_1922,1.44,1.51,1.44,1.81,1.16,4.89,1.69,2.87,18.17,9.59,0.83,24.07,15.02
design_1923,1.48,1.51,1.58,1.66,1.18,4.36,1.55,2.62,17.61,9.41,0.83,34.97,22.76
design_1924,1.17,1.39,1.31,1.76,1.08,4.56,1.6,2.66,17.54,9.32,0.83,28.13,20.85
design_1925,1.21,1.36,1.33,1.77,1.07,4.09,1.45,2.45,17.82,9.51,0.82,33.47,25.03
design_1926,1.23,1.41,1.28,1.55,1.09,4.52,1.51,2.63,17.73,9.54,0.82,34.21,24.92
design_1927,1.4,1.54,1.51,1.72,1.1,4.84,1.62,2.84,18.55,9.76,0.83,36.41,22.72
design_1928,1.16,2.25,1.21,1.89,1.23,6.96,1.95,3.92,17.53,9.22,0.84,10.87,10.22
design_1929,1.1,2.3,1.24,2.08,1.38,7.16,2.0,4.05,16.65,8.79,0.84,21.15,14.66
design_1930,1.07,2.29,1.59,2.06,1.26,6.88,1.95,3.92,18.14,9.45,0.84,17.72,15.19
design_1931,1.19,2.44,1.43,2.16,1.44,7.08,2.01,4.04,17.23,9.04,0.84,4.52,6.55
design_1932,1.09,2.35,1.06,2.11,1.08,6.94,1.97,3.93,18.04,9.41,0.84,8.13,9.03
design_1933,1.13,2.35,1.23,2.15,1.31,7.15,2.01,4.05,17.44,9.05,0.84,29.89,22.51
design_1934,1.1,2.34,1.29,2.21,1.32,7.15,2.02,4.06,18.17,9.36,0.85,15.5,12.92
design_1935,1.1,2.17,1.12,2.04,1.27,6.68,1.9,3.79,16.91,9.0,0.83,15.3,13.16
design_1936,1.44,2.08,4.57,1.92,0.91,2.93,1.62,2.92,17.39,9.1,0.84,24.55,15.12
design_1937,1.53,1.72,4.61,1.94,0.76,3.14,1.58,2.95,16.68,8.87,0.83,30.13,21.52
design_1938,1.6,2.04,3.98,1.93,0.88,2.51,1.47,2.61,17.67,9.24,0.84,29.13,22.03
design_1939,1.56,1.91,4.63,2.15,0.91,3.03,1.68,2.98,18.72,9.72,0.83,34.32,18.88
design_1940,1.55,1.63,3.89,1.83,0.88,2.13,1.38,2.45,13.41,7.73,0.81,30.62,22.44
design_1941,1.19,1.97,4.37,1.71,0.81,2.66,1.48,2.73,18.47,9.46,0.84,31.99,25.82
design_1942,1.37,1.84,4.29,1.76,0.76,2.75,1.48,2.72,19.34,9.79,0.84,30.21,23.61
design_1943,1.36,1.64,4.58,1.84,0.87,3.26,1.57,2.94,19.81,10.01,0.84,32.57,21.61
design_1944,1.24,1.95,1.56,2.38,1.11,0.92,1.29,1.63,18.12,8.6,0.88,29.27,23.1
design_1945,1.14,1.71,1.71,2.36,1.06,0.93,1.24,1.61,17.13,8.39,0.87,30.46,22.75
design_1946,0.76,1.33,1.74,2.02,0.89,0.87,1.12,1.42,17.43,8.45,0.88,35.37,23.42
design_1947,1.04,1.84,1.88,2.42,0.91,0.96,1.25,1.67,17.6,8.37,0.88,31.6,21.38
design_1948,0.87,1.52,1.6,2.59,1.17,1.01,1.29,1.6,17.07,8.3,0.87,31.17,21.81
design_1949,0.68,1.45,1.89,2.17,0.94,1.0,1.16,1.52,18.61,8.72,0.88,32.55,24.86
design_1950,0.73,1.34,1.62,2.49,1.1,1.16,1.23,1.55,17.97,8.58,0.87,33.68,19.8
design_1951,0.9,1.5,1.78,2.18,1.16,0.88,1.2,1.53,16.03,7.99,0.87,25.78,17.21
design_1952,1.18,1.83,0.81,1.54,1.3,1.44,1.01,1.35,16.72,8.39,0.86,30.27,23.81
design_1953,0.9,1.56,0.91,1.68,0.88,1.25,0.97,1.23,12.57,6.78,0.86,15.19,12.38
design_1954,1.65,2.24,1.11,2.35,1.14,1.99,1.34,1.78,8.94,5.49,0.85,8.78,7.26
design_1955,0.87,1.48,1.66,1.56,0.93,1.09,0.92,1.33,15.76,8.01,0.85,10.84,8.57
design_1956,1.37,1.93,1.91,1.74,1.0,1.26,1.16,1.6,15.97,8.22,0.85,29.89,23.62
design_1957,0.96,1.72,1.45,1.53,0.96,1.12,0.98,1.33,12.55,6.99,0.85,11.9,9.7
design_1958,1.08,1.81,0.63,1.61,0.92,1.18,0.97,1.24,15.07,7.73,0.86,30.06,23.65
design_1959,0.99,1.91,0.78,1.54,0.99,1.23,0.95,1.27,16.31,8.37,0.85,11.18,8.28
design_1960,1.46,2.17,2.21,1.93,1.04,1.74,1.27,1.78,16.44,8.73,0.84,26.68,20.43
design_1961,1.48,2.3,1.41,2.02,1.09,2.06,1.31,1.81,16.33,8.63,0.84,22.11,17.25
design_1962,1.27,2.0,2.4,1.9,0.83,1.83,1.24,1.76,16.83,8.69,0.85,13.07,9.8
design_1963,1.33,2.04,2.23,2.01,0.86,1.62,1.24,1.72,15.56,8.28,0.85,24.26,19.12
design_1964,1.49,2.14,1.88,2.08,1.01,3.03,1.36,2.14,16.28,8.75,0.84,19.78,14.47
design_1965,1.46,2.45,1.64,2.08,1.16,2.36,1.35,1.96,17.41,9.01,0.84,21.63,16.54
design_1966,1.29,2.01,2.33,1.92,0.81,1.62,1.22,1.7,16.26,8.51,0.85,16.71,13.11
design_1967,1.45,2.16,2.04,1.94,1.12,2.07,1.27,1.85,16.02,8.58,0.83,26.12,19.76
design_1968,1.4,2.06,2.53,1.92,0.91,3.68,1.53,2.49,13.71,8.07,0.81,21.88,15.7
design_1969,1.35,1.75,2.31,2.12,0.93,2.99,1.43,2.18,19.42,9.9,0.83,22.14,14.36
design_1970,0.95,1.36,2.23,1.66,0.76,4.0,1.38,2.42,17.71,9.34,0.82,26.52,20.95
design_1971,1.27,1.79,1.38,2.0,0.84,3.12,1.38,2.01,15.69,8.69,0.82,23.26,13.51
design_1972,0.79,1.36,2.31,1.69,0.66,2.57,1.19,1.9,16.93,8.95,0.83,24.77,19.27
design_1973,0.97,1.4,1.35,2.12,0.67,2.56,1.25,1.75,15.8,8.68,0.82,24.65,13.51
design_1974,0.99,1.66,1.82,1.84,1.01,2.5,1.26,1.83,17.85,9.46,0.81,13.4,8.45
design_1975,0.81,1.47,2.33,1.67,0.98,3.4,1.3,2.22,15.72,8.64,0.82,20.71,16.91
design_1976,1.32,2.77,2.37,1.97,1.31,1.12,1.3,1.9,13.26,7.26,0.85,17.83,12.96
design_1977,1.49,2.76,2.1,2.02,1.19,1.29,1.3,1.88,15.96,8.3,0.85,11.29,8.33
design_1978,1.42,2.6,2.27,2.16,1.07,1.11,1.32,1.87,15.48,8.07,0.84,19.08,10.36
design_1979,1.53,2.93,2.35,2.51,1.18,1.18,1.36,2.06,16.9,8.68,0.85,24.15,16.69
design_1980,1.51,2.54,1.47,2.1,1.05,1.13,1.27,1.72,15.78,8.03,0.85,26.89,14.65
design_1981,1.35,2.52,2.17,1.97,1.14,1.1,1.21,1.79,16.33,8.33,0.86,10.38,8.4
design_1982,1.17,2.19,2.28,2.01,1.08,1.03,1.16,1.71,16.48,8.42,0.86,31.15,23.96
design_1983,1.63,2.8,1.8,2.45,1.46,1.31,1.35,1.99,15.95,8.27,0.85,31.84,22.43
design_1984,1.4,2.82,2.83,1.79,1.21,2.02,1.37,2.18,17.74,8.83,0.85,20.76,14.47
design_1985,1.26,2.9,2.74,1.79,1.15,2.14,1.36,2.17,17.65,8.99,0.84,6.46,5.09
design_1986,1.14,3.01,2.85,1.87,0.97,2.54,1.39,2.28,17.68,8.9,0.85,23.79,17.91
design_1987,1.35,2.68,1.71,1.83,1.04,2.27,1.23,1.87,17.67,8.73,0.86,20.71,15.97
design_1988,1.41,2.83,2.02,1.98,1.15,2.12,1.33,1.99,17.33,8.73,0.85,14.2,9.8
design_1989,1.33,3.12,2.78,1.93,1.46,2.13,1.44,2.27,15.49,8.17,0.83,10.75,6.98
design_1990,1.24,2.97,2.82,1.94,1.19,2.24,1.42,2.24,16.0,8.17,0.85,17.07,11.12
design_1991,1.34,2.7,1.97,1.74,1.26,1.77,1.22,1.86,18.78,9.36,0.85,16.86,11.32
design_1992,1.29,2.52,4.32,1.97,0.94,0.85,1.47,2.55,15.16,7.95,0.85,32.77,21.41
design_1993,1.4,2.91,3.81,2.02,1.15,0.89,1.48,2.45,17.58,8.87,0.85,22.53,14.25
design_1994,1.14,2.67,2.33,2.16,1.15,1.15,1.2,1.92,17.66,8.85,0.86,8.5,7.05
design_1995,1.24,3.01,2.73,1.89,1.17,1.41,1.3,2.1,17.24,8.57,0.86,11.44,9.13
design_1996,1.26,2.89,4.04,1.9,1.17,0.88,1.45,2.5,17.79,8.82,0.86,17.6,12.4
design_1997,1.21,2.9,4.47,1.97,1.04,0.96,1.5,2.67,18.15,9.11,0.85,8.02,8.98
design_1998,1.18,2.92,4.58,1.8,0.9,0.99,1.46,2.69,16.93,8.57,0.86,21.44,18.67
design_1999,1.2,2.79,4.5,1.79,1.09,0.89,1.47,2.64,16.29,8.37,0.85,9.85,8.71
design_2000,0.9,1.5,0.88,1.52,0.86,1.94,0.98,1.33,9.62,6.28,0.83,6.44,3.58
design_2001,1.21,2.21,1.57,1.34,0.7,4.24,1.25,2.29,17.62,9.06,0.85,35.53,27.14
design_2002,0.99,2.08,0.68,1.46,0.67,2.84,1.06,1.66,17.23,8.96,0.83,12.72,8.1
design_2003,1.51,2.96,2.96,1.95,1.43,2.38,1.49,2.37,18.45,9.32,0.84,25.12,19.63
design_2004,1.25,2.62,1.67,1.78,0.86,2.45,1.23,1.88,19.25,9.83,0.82,22.39,16.59
design_2005,1.47,2.56,1.88,1.82,0.8,2.29,1.3,1.91,16.5,8.63,0.83,28.61,20.21
design_2006,1.18,2.18,2.72,2.21,1.42,3.09,1.42,2.35,15.79,8.91,0.82,10.4,7.05
design_2007,1.24,2.18,1.24,1.54,0.69,3.31,1.18,1.93,9.81,6.38,0.83,5.48,3.59
design_2008,0.9,1.56,4.25,1.64,0.64,2.19,1.28,2.09,16.4,8.64,0.84,32.42,25.3
design_2009,0.75,1.46,4.32,1.56,1.24,2.31,1.28,2.15,12.58,7.35,0.83,29.3,23.04
design_2010,0.82,1.65,3.86,1.62,0.63,2.14,1.22,1.99,16.66,8.69,0.85,31.56,24.6
design_2011,0.79,1.67,4.08,1.82,1.23,2.34,1.32,2.16,15.95,8.39,0.84,28.27,22.14
design_2012,0.93,1.8,3.27,1.6,0.65,1.43,1.13,1.71,17.18,8.75,0.84,30.96,23.84
design_2013,0.92,1.65,4.32,1.59,0.99,2.25,1.32,2.15,15.58,8.4,0.84,31.18,24.26
design_2014,0.87,1.55,3.89,1.44,0.58,2.22,1.2,1.98,16.46,8.55,0.85,30.18,23.87
design_2015,0.96,1.51,4.38,1.77,0.81,2.27,1.31,2.17,16.78,8.79,0.84,30.94,24.14
design_2016,1.16,2.3,3.5,2.1,1.24,1.18,1.43,2.28,16.6,8.26,0.86,22.06,14.76
design_2017,1.34,2.24,3.07,2.28,1.24,1.27,1.37,2.16,18.3,9.16,0.85,5.69,4.97
design_2018,1.38,2.26,3.03,1.94,0.97,1.42,1.36,2.1,18.02,8.67,0.87,11.59,8.44
design_2019,1.18,2.07,3.11,1.97,0.86,1.38,1.33,2.07,17.04,8.18,0.88,4.1,4.12
design_2020,1.29,1.93,3.2,1.92,0.8,1.05,1.28,2.06,18.13,8.84,0.86,5.44,4.84
design_2021,1.24,1.96,2.72,1.97,0.94,1.07,1.28,1.9,18.14,8.82,0.86,15.87,9.03
design_2022,1.35,2.1,2.88,1.89,1.12,1.03,1.28,1.98,17.62,8.58,0.87,9.12,6.54
design_2023,0.96,2.08,3.21,1.62,0.78,0.89,1.3,2.0,17.57,8.56,0.86,22.61,18.04
design_2024,1.34,1.5,1.22,2.06,1.22,1.85,1.17,1.59,15.44,8.28,0.84,18.13,13.41
design_2025,1.61,1.65,0.6,2.43,1.24,2.14,1.27,1.74,17.69,9.12,0.85,24.14,16.04
design_2026,1.28,1.62,1.49,2.09,1.17,2.16,1.21,1.72,14.36,7.89,0.83,9.89,4.84
design_2027,1.36,1.32,1.43,2.05,1.24,2.31,1.23,1.73,16.97,8.84,0.84,8.43,6.75
design_2028,1.51,1.45,1.15,1.98,1.26,2.16,1.19,1.67,16.33,8.53,0.84,13.48,11.2
design_2029,1.32,1.26,0.4,2.14,1.0,2.31,1.18,1.61,13.98,7.83,0.83,12.04,10.54
design_2030,1.24,1.31,0.89,2.04,1.32,2.22,1.13,1.63,17.26,8.91,0.84,12.77,8.86
design_2031,1.3,1.57,1.36,2.26,1.01,1.83,1.18,1.63,16.32,8.53,0.84,19.46,14.09
design_2032,1.39,2.77,1.11,2.11,1.17,1.92,1.31,1.8,18.76,9.28,0.85,19.36,14.22
design_2033,1.57,2.21,1.17,2.16,1.07,1.98,1.29,1.74,16.84,8.62,0.84,20.61,14.79
design_2034,1.58,2.86,1.12,2.22,1.21,1.95,1.38,1.88,17.66,8.86,0.85,17.99,12.06
design_2035,1.75,2.58,2.06,2.34,1.12,2.25,1.41,2.08,17.36,8.93,0.84,20.35,15.95
design_2036,1.77,2.56,2.08,2.09,1.42,2.29,1.42,2.08,17.4,8.96,0.84,27.61,20.64
design_2037,1.52,2.72,1.18,2.04,1.1,1.87,1.27,1.79,17.67,8.87,0.85,14.44,11.81
design_2038,1.38,2.91,1.07,1.92,1.04,2.17,1.28,1.83,19.02,9.46,0.85,19.43,16.11
design_2039,1.29,2.58,1.25,1.81,0.96,2.29,1.19,1.78,17.38,8.95,0.85,8.84,6.59
design_2040,1.29,2.22,4.32,1.84,0.93,1.18,1.44,2.56,17.7,9.08,0.84,20.96,15.94
design_2041,1.18,2.07,4.16,1.86,0.95,1.63,1.44,2.51,17.08,8.56,0.85,14.45,10.82
design_2042,1.12,1.93,4.8,1.76,0.86,1.38,1.46,2.73,17.37,8.92,0.85,15.86,12.23
design_2043,1.19,2.08,4.4,1.71,0.87,1.2,1.42,2.55,18.83,9.41,0.85,33.64,21.21
design_2044,1.37,2.53,4.43,1.91,1.43,1.31,1.52,2.69,18.27,9.04,0.85,18.96,15.85
design_2045,1.23,2.1,4.51,1.59,0.94,1.31,1.43,2.61,17.93,9.09,0.84,28.65,22.26
design_2046,1.2,2.33,5.21,1.97,0.92,1.5,1.66,2.99,14.53,7.42,0.86,20.08,12.97
design_2047,1.43,2.35,3.77,2.02,1.02,1.59,1.47,2.42,16.42,8.45,0.84,10.94,7.69
design_2048,1.51,2.42,1.39,2.43,1.19,2.99,1.5,2.19,19.43,9.94,0.83,28.01,18.64
design_2049,1.38,2.23,1.91,2.4,1.08,3.17,1.52,2.29,19.09,9.83,0.83,29.1,17.83
design_2050,1.29,2.54,1.75,2.21,1.08,2.93,1.42,2.18,19.85,10.1,0.83,25.86,18.51
design_2051,1.22,2.23,1.86,2.32,1.0,2.77,1.42,2.11,18.08,9.46,0.82,24.39,19.4
design_2052,1.16,2.14,1.81,2.35,0.93,2.99,1.46,2.16,18.46,9.62,0.83,10.12,8.8
design_2053,1.31,2.3,1.68,2.21,0.99,3.39,1.45,2.31,17.57,9.31,0.82,15.94,9.18
design_2054,1.24,2.23,1.98,2.38,0.92,2.74,1.4,2.13,18.24,9.5,0.83,21.1,17.3
design_2055,1.37,2.08,1.43,2.71,1.32,3.53,1.55,2.4,15.64,8.51,0.83,24.84,18.13
design_2056,1.36,2.23,2.06,1.97,1.0,1.39,1.18,1.71,17.17,8.77,0.85,22.29,12.53
design_2057,1.15,2.16,1.76,1.79,1.23,1.32,1.09,1.59,15.64,8.37,0.84,2.82,2.36
design_2058,1.32,2.16,1.35,1.72,0.99,0.95,1.05,1.46,16.81,8.59,0.85,24.92,20.93
design_2059,1.07,1.77,1.86,1.76,1.42,1.41,1.08,1.56,14.73,7.96,0.84,7.96,6.14
design_2060,1.42,2.08,1.16,1.92,1.07,0.86,1.05,1.47,16.02,8.43,0.84,31.06,24.45
design_2061,1.22,1.95,2.3,1.75,1.05,1.28,1.06,1.63,16.28,8.6,0.83,17.1,13.18
design_2062,1.37,2.27,2.01,1.75,0.97,1.15,1.15,1.63,17.44,8.91,0.85,30.6,24.5
design_2063,1.42,2.25,1.5,1.93,0.99,1.6,1.19,1.66,16.64,8.56,0.85,21.53,16.81
design_2064,1.28,2.61,0.84,2.2,0.99,1.23,1.25,1.65,17.58,9.22,0.83,23.08,18.75
design_2065,1.23,2.54,0.64,1.91,0.89,1.35,1.12,1.55,17.05,8.61,0.86,33.86,25.7
design_2066,1.28,2.82,1.11,2.39,1.21,1.21,1.25,1.79,17.27,8.95,0.84,29.4,23.0
design_2067,1.43,2.8,0.85,2.2,1.01,1.19,1.22,1.72,16.64,8.7,0.84,11.97,10.14
design_2068,0.93,2.43,0.68,1.8,0.78,1.49,1.13,1.47,18.46,9.14,0.85,19.21,11.68
design_2069,1.19,2.6,0.82,2.05,1.13,1.16,1.13,1.6,7.97,5.66,0.84,5.52,4.34
design_2070,1.48,2.6,1.1,2.45,1.14,1.32,1.24,1.79,17.87,9.22,0.85,31.07,23.4
design_2071,1.34,3.01,0.66,1.93,1.08,1.25,1.22,1.7,17.68,8.92,0.85,31.06,23.33
design_2072,1.44,2.79,1.94,1.97,1.45,2.53,1.47,2.12,14.18,8.04,0.82,19.48,14.39
design_2073,1.35,2.67,2.33,1.83,1.09,2.31,1.4,2.09,13.28,7.82,0.82,9.45,5.42
design_2074,1.54,2.81,1.39,2.02,1.5,2.44,1.45,2.0,17.92,9.26,0.83,36.85,24.78
design_2075,1.12,2.57,3.75,1.79,1.09,2.22,1.5,2.5,16.59,8.85,0.83,24.4,18.78
design_2076,1.4,2.78,1.85,1.9,1.43,2.58,1.45,2.1,18.5,9.63,0.83,10.3,8.26
design_2077,1.53,2.99,3.99,2.39,1.71,2.48,1.76,2.83,12.28,7.29,0.82,27.17,19.85
design_2078,1.26,2.54,1.46,1.69,1.5,2.35,1.33,1.88,10.85,7.09,0.81,22.24,16.84
design_2079,1.24,2.69,4.14,1.72,1.22,2.59,1.6,2.75,19.46,9.71,0.84,14.36,10.93
design_2080,1.48,2.16,3.7,2.15,1.1,1.36,1.32,2.21,16.92,8.17,0.88,19.03,15.08
design_2081,1.26,1.93,1.01,2.23,0.8,1.76,1.11,1.58,16.41,8.01,0.88,31.45,23.11
design_2082,1.31,2.12,2.0,2.33,0.87,1.77,1.18,1.82,16.9,8.41,0.87,34.19,25.87
design_2083,1.3,1.72,3.93,2.11,0.92,1.38,1.31,2.18,15.42,7.44,0.89,34.49,29.32
design_2084,1.34,1.89,2.17,1.95,0.9,1.39,1.14,1.68,15.83,7.84,0.88,41.52,31.78
design_2085,1.34,1.73,1.07,2.24,1.11,1.43,1.08,1.55,17.43,8.73,0.86,33.47,27.38
design_2086,1.31,2.09,2.24,2.03,0.89,1.7,1.17,1.78,16.19,7.93,0.88,22.92,18.96
design_2087,1.26,2.25,3.68,2.03,1.17,1.74,1.3,2.22,17.33,8.57,0.86,11.48,10.73
design_2088,1.32,2.98,3.13,2.63,1.0,1.65,1.47,2.25,17.05,8.59,0.85,17.33,11.76
design_2089,1.5,3.1,2.69,2.67,1.0,2.09,1.48,2.28,18.14,8.97,0.86,26.74,16.86
design_2090,1.26,2.98,2.75,2.62,1.22,2.19,1.46,2.26,17.65,8.79,0.86,11.14,10.57
design_2091,1.08,2.8,3.33,2.6,1.04,2.26,1.41,2.33,17.87,8.97,0.86,25.04,17.71
design_2092,1.21,2.94,2.92,2.84,1.01,1.57,1.45,2.22,15.07,7.89,0.85,13.64,8.98
design_2093,1.43,3.02,2.24,2.45,1.12,1.99,1.44,2.13,18.18,9.18,0.86,28.19,22.38
design_2094,1.3,3.03,3.17,2.49,1.18,2.03,1.48,2.31,17.92,8.98,0.86,8.07,6.53
design_2095,1.32,2.94,2.57,2.83,1.1,1.73,1.45,2.2,18.42,9.16,0.86,34.32,18.24
design_2096,0.85,1.82,1.5,1.64,1.1,7.49,1.96,3.98,17.91,9.32,0.84,30.73,23.99
design_2097,0.88,1.83,1.52,1.77,1.16,2.55,1.2,1.81,17.77,9.5,0.82,30.15,23.42
design_2098,0.91,1.37,1.63,1.61,0.93,7.3,1.89,3.86,15.18,8.37,0.82,28.35,21.08
design_2099,0.89,1.83,1.73,1.75,0.89,7.42,1.95,3.96,17.71,9.3,0.84,28.52,21.08
design_2100,0.93,1.68,1.49,1.61,0.93,6.08,1.66,3.29,17.97,9.45,0.83,19.0,15.25
design_2101,0.9,1.83,2.46,1.73,1.04,7.81,2.05,4.2,17.34,9.03,0.84,30.01,23.11
design_2102,1.08,1.79,2.08,1.7,1.09,6.91,1.84,3.75,13.25,7.71,0.82,29.96,22.84
design_2103,1.0,1.73,2.06,1.8,0.82,7.64,2.01,4.09,17.15,9.07,0.84,28.01,20.66
design_2104,1.73,1.4,3.31,2.17,1.02,1.86,1.5,2.22,18.06,9.11,0.84,37.37,24.89
design_2105,1.61,1.67,3.19,1.83,1.18,2.59,1.47,2.26,17.48,8.86,0.85,19.9,18.23
design_2106,1.26,1.28,3.96,1.73,0.76,1.82,1.41,2.34,19.17,9.6,0.84,17.68,13.49
design_2107,1.39,1.14,2.06,1.62,0.95,1.88,1.17,1.63,16.94,8.81,0.84,15.82,12.3
design_2108,1.39,1.3,1.77,1.79,1.08,1.91,1.24,1.6,17.78,9.07,0.84,29.4,21.39
design_2109,1.34,1.71,8.05,1.9,0.93,2.37,2.18,4.3,18.58,9.59,0.84,14.59,9.58
design_2110,1.77,1.55,3.6,2.16,1.07,1.67,1.55,2.32,17.1,8.86,0.83,20.78,11.68
design_2111,1.23,1.08,2.0,1.79,1.19,2.27,1.23,1.71,16.16,8.42,0.84,17.15,7.91
design_2112,1.28,2.31,1.1,1.92,1.13,2.51,1.32,1.88,16.56,8.74,0.83,20.27,12.66
design_2113,0.94,2.32,1.31,1.97,1.36,2.77,1.35,1.99,13.44,7.74,0.83,27.05,20.53
design_2114,1.26,2.01,0.89,1.87,1.1,2.51,1.27,1.8,17.47,9.33,0.82,6.72,7.74
design_2115,1.54,1.93,0.75,1.98,1.07,2.4,1.28,1.79,15.96,8.82,0.81,9.17,7.12
design_2116,1.35,1.79,0.67,1.76,0.93,3.05,1.29,1.95,15.22,8.57,0.82,12.53,10.77
design_2117,0.97,1.91,1.02,1.82,1.09,3.79,1.37,2.28,15.42,8.43,0.83,17.71,13.2
design_2118,1.1,1.98,1.28,1.83,1.23,3.43,1.36,2.18,15.82,8.59,0.82,9.2,5.77
design_2119,0.94,1.95,1.83,1.86,1.11,2.72,1.26,1.96,15.29,8.52,0.83,16.51,15.0
design_2120,1.88,3.66,2.06,3.02,1.64,2.2,1.56,2.49,17.03,8.86,0.85,21.83,17.41
design_2121,1.98,4.17,1.34,2.65,1.74,2.33,1.56,2.53,15.34,8.31,0.84,32.08,26.88
design_2122,2.26,4.44,1.49,2.92,2.23,6.84,2.18,4.2,16.61,8.28,0.86,10.56,9.95
design_2123,1.66,3.65,2.08,2.95,1.54,2.21,1.55,2.44,15.96,8.47,0.85,32.55,26.1
design_2124,1.78,3.93,2.1,2.85,1.4,2.3,1.58,2.51,18.03,9.22,0.84,32.59,25.65
design_2125,1.72,3.8,2.32,3.12,1.31,2.17,1.61,2.52,16.68,8.67,0.85,33.54,25.71
design_2126,1.92,4.1,1.4,2.88,2.13,2.77,1.66,2.7,16.79,8.98,0.83,29.48,22.52
design_2127,1.53,3.68,2.17,2.98,1.3,2.24,1.57,2.44,17.5,8.95,0.85,35.87,27.56
design_2128,1.29,2.12,1.19,1.67,1.3,3.12,1.24,2.07,13.78,8.02,0.82,6.37,3.62
design_2129,1.31,2.28,1.16,1.89,1.47,3.97,1.45,2.47,15.78,8.65,0.82,2.66,3.09
design_2130,1.33,2.22,1.1,1.87,1.2,2.54,1.3,1.88,8.54,6.03,0.83,4.85,3.99
design_2131,1.05,2.11,1.28,1.62,1.14,3.49,1.28,2.19,15.02,8.44,0.83,7.3,4.79
design_2132,1.5,2.56,1.27,1.56,1.05,3.15,1.37,2.14,18.85,9.64,0.84,30.56,23.02
design_2133,1.28,2.11,1.05,1.71,1.09,2.37,1.21,1.76,10.4,6.67,0.82,4.5,3.37
design_2134,1.36,2.32,1.21,1.72,1.15,3.37,1.37,2.2,17.08,9.08,0.83,20.85,11.28
design_2135,1.4,2.58,1.53,1.79,1.36,2.91,1.37,2.13,16.7,8.87,0.84,9.45,5.88
design_2136,1.48,2.38,2.05,2.73,1.56,1.17,1.42,1.98,17.18,8.72,0.86,31.93,24.19
design_2137,1.39,2.07,2.77,3.21,1.36,1.1,1.47,2.13,17.16,8.8,0.85,29.84,23.38
design_2138,1.19,2.15,3.05,2.84,1.36,1.22,1.44,2.08,17.44,8.85,0.86,32.44,25.85
design_2139,1.2,1.98,2.49,2.71,1.23,1.05,1.32,1.89,17.4,8.95,0.85,29.86,24.26
design_2140,1.14,2.02,3.16,2.68,1.39,1.35,1.38,2.06,17.98,8.95,0.87,29.56,21.95
design_2141,1.11,1.86,2.9,2.48,1.39,1.21,1.3,1.91,16.42,8.53,0.85,30.21,23.89
design_2142,1.26,2.01,2.85,2.7,1.26,1.28,1.36,1.99,16.8,8.74,0.84,30.76,24.72
design_2143,1.14,1.94,3.35,2.63,1.14,1.29,1.38,2.04,16.96,8.61,0.86,31.3,24.93
design_2144,1.26,2.23,0.89,2.44,1.0,1.16,1.13,1.54,17.87,8.6,0.87,18.6,11.64
design_2145,1.15,2.0,1.09,2.37,0.9,1.54,1.16,1.54,18.2,8.65,0.87,18.01,12.91
design_2146,1.06,2.05,0.97,2.48,0.71,1.33,1.16,1.51,17.12,8.39,0.87,11.15,10.21
design_2147,1.28,1.98,1.38,2.34,0.74,1.38,1.2,1.58,18.79,9.04,0.87,18.82,16.58
design_2148,1.28,2.2,1.41,2.33,0.82,1.39,1.25,1.63,17.32,8.52,0.86,26.02,17.87
design_2149,1.0,2.07,1.52,2.15,0.88,1.26,1.12,1.56,18.24,8.81,0.87,27.77,19.93
design_2150,1.29,2.18,1.53,2.31,0.87,1.63,1.25,1.69,15.36,7.79,0.86,16.32,10.88
design_2151,1.16,2.24,1.34,2.28,0.71,1.3,1.19,1.58,18.39,8.78,0.87,27.35,24.34
design_2152,1.27,2.02,3.43,2.35,1.1,0.89,1.39,2.3,17.78,8.54,0.87,26.75,16.01
design_2153,1.58,2.45,4.18,2.38,1.23,0.98,1.6,2.71,18.28,8.64,0.87,14.11,9.78
design_2154,1.45,2.31,4.4,2.43,1.28,1.0,1.62,2.79,17.68,8.49,0.87,25.06,17.37
design_2155,1.44,2.21,3.38,2.56,1.13,0.96,1.45,2.36,18.83,8.94,0.87,22.59,13.69
design_2156,1.33,2.07,3.09,2.15,1.12,0.88,1.29,2.14,17.69,8.45,0.87,8.08,8.56
design_2157,1.49,2.28,3.63,2.43,1.18,0.98,1.49,2.46,17.89,8.56,0.87,12.06,8.78
design_2158,1.5,2.33,3.74,2.24,1.39,1.0,1.48,2.5,18.01,8.63,0.87,28.79,22.52
design_2159,1.56,2.44,3.51,2.48,1.28,0.94,1.49,2.45,17.91,8.55,0.88,19.26,13.03
design_2160,1.46,1.66,3.08,2.11,0.98,5.19,1.71,3.07,18.34,9.31,0.84,24.41,17.72
design_2161,1.47,1.9,2.66,2.44,1.48,2.14,1.45,2.16,18.22,8.98,0.85,23.36,18.63
design_2162,1.63,2.02,2.89,2.49,1.16,2.2,1.49,2.27,18.65,9.15,0.85,24.0,17.92
design_2163,1.76,2.16,0.63,2.23,1.19,2.2,1.29,1.73,17.08,8.94,0.84,4.0,3.36
design_2164,1.61,1.99,2.32,2.36,1.13,2.32,1.4,2.08,17.98,8.98,0.85,14.55,8.88
design_2165,1.73,2.09,2.39,2.39,1.22,1.98,1.43,2.07,18.55,9.33,0.84,27.42,19.0
design_2166,1.65,1.96,1.47,2.26,1.15,2.27,1.31,1.84,18.88,9.4,0.84,34.09,25.81
design_2167,1.59,1.92,2.49,2.28,1.11,2.32,1.42,2.11,18.38,9.26,0.84,28.41,22.03
design_2168,1.69,2.44,0.61,1.98,1.1,4.79,1.65,2.89,19.43,9.98,0.83,16.06,13.44
design_2169,1.87,2.6,0.63,2.69,1.13,3.89,1.67,2.62,19.23,9.76,0.84,29.62,22.7
design_2170,1.6,2.42,0.79,2.23,1.04,4.22,1.63,2.65,19.53,9.91,0.84,32.7,26.77
design_2171,1.58,2.24,0.9,2.68,1.06,4.21,1.64,2.7,19.8,10.03,0.84,26.12,18.37
design_2172,1.61,2.41,0.77,2.34,1.24,4.12,1.64,2.63,19.94,10.04,0.84,26.48,17.89
design_2173,1.6,2.53,0.95,2.36,0.95,3.66,1.56,2.45,18.91,9.67,0.84,36.06,28.51
design_2174,1.61,2.34,0.79,2.3,1.04,4.47,1.66,2.76,18.65,9.63,0.83,35.59,28.8
design_2175,1.76,2.45,0.64,2.45,1.07,4.44,1.68,2.79,18.81,9.7,0.83,32.54,24.73
design_2176,1.07,2.09,2.41,1.86,0.75,1.96,1.15,1.89,15.81,8.52,0.83,23.02,18.58
design_2177,1.12,1.9,4.81,1.88,0.95,2.06,1.53,2.92,19.57,9.52,0.85,34.98,27.65
design_2178,1.32,1.89,2.87,1.97,0.91,1.98,1.25,2.09,18.06,9.3,0.83,17.92,13.24
design_2179,1.16,2.0,3.85,1.96,1.46,2.17,1.43,2.55,12.13,7.17,0.83,14.82,10.87
design_2180,1.73,1.74,5.09,2.18,0.81,2.18,1.66,3.12,15.95,8.22,0.85,30.26,22.91
design_2181,1.14,1.82,3.81,1.91,0.72,1.98,1.35,2.44,17.24,8.99,0.83,25.45,18.76
design_2182,1.14,1.62,4.09,1.76,0.7,1.69,1.35,2.5,17.15,8.95,0.83,18.88,14.71
design_2183,1.15,1.95,1.93,2.01,0.76,1.74,1.12,1.71,19.32,9.47,0.84,33.37,22.99
design_2184,1.28,1.73,4.29,2.28,1.16,1.12,1.59,2.69,18.7,8.98,0.87,25.51,20.93
design_2185,1.35,1.92,4.32,2.62,1.11,1.29,1.66,2.79,18.72,8.9,0.87,26.76,19.84
design_2186,1.51,2.14,3.4,2.77,1.33,1.09,1.56,2.45,15.93,7.92,0.86,27.35,22.5
design_2187,1.37,2.14,4.79,2.72,1.26,1.06,1.77,3.04,18.92,9.18,0.85,30.55,21.07
design_2188,1.44,2.12,3.55,2.71,1.15,1.25,1.57,2.49,17.28,8.51,0.86,27.36,20.59
design_2189,1.45,2.04,2.43,2.37,1.24,1.02,1.35,1.97,15.93,8.07,0.85,30.13,22.49
design_2190,1.23,1.83,3.67,2.21,0.96,0.95,1.44,2.38,18.71,8.78,0.88,28.77,20.97
design_2191,1.03,1.93,3.73,2.18,1.03,0.99,1.44,2.41,16.48,8.27,0.86,28.79,22.59
design_2192,1.04,1.34,3.45,1.58,1.07,2.16,1.23,1.92,14.45,7.78,0.85,11.29,8.75
design_2193,1.19,1.49,3.52,1.58,0.95,2.24,1.27,1.98,15.86,8.19,0.86,30.96,23.35
design_2194,0.96,1.51,3.66,1.56,1.01,2.05,1.19,1.93,17.43,8.85,0.86,12.68,11.32
design_2195,1.03,1.4,3.58,1.53,0.84,2.37,1.21,2.0,16.87,8.65,0.86,10.73,8.93
design_2196,1.13,1.82,0.8,1.5,1.28,7.97,2.1,4.37,17.56,9.16,0.84,27.44,22.64
design_2197,1.03,1.48,3.36,1.63,0.9,3.21,1.35,2.28,16.11,8.51,0.84,3.5,3.41
design_2198,0.92,1.26,3.62,1.44,0.87,3.2,1.26,2.28,18.14,9.06,0.86,13.69,9.59
design_2199,1.11,1.39,3.67,1.58,0.85,2.47,1.27,2.06,14.46,7.78,0.85,9.97,8.22
design_2200,1.42,2.1,1.84,1.78,0.96,2.06,1.16,1.76,14.55,7.79,0.85,18.81,15.57
design_2201,1.39,2.16,1.7,1.82,1.05,2.1,1.16,1.77,14.15,7.49,0.85,20.34,16.41
design_2202,1.21,2.06,2.14,1.94,1.16,2.47,1.25,1.92,16.68,8.77,0.83,8.35,6.59
design_2203,1.17,2.3,2.08,1.75,0.98,2.61,1.21,1.94,18.22,9.35,0.85,21.02,14.35
design_2204,1.23,2.19,2.3,1.82,0.89,2.34,1.22,1.89,17.29,8.97,0.84,24.58,16.92
design_2205,1.02,2.13,1.36,1.73,1.1,2.29,1.09,1.73,9.49,6.43,0.82,3.15,2.29
design_2206,1.14,1.7,1.92,1.59,0.82,2.58,1.12,1.78,18.2,9.27,0.84,43.57,27.18
design_2207,1.29,2.36,2.85,2.1,1.06,2.77,1.35,2.19,17.18,8.86,0.85,27.39,20.89
design_2208,0.96,1.11,2.41,2.1,1.05,1.58,1.08,1.7,14.97,7.62,0.87,31.36,23.38
design_2209,1.25,1.47,2.13,2.14,1.1,1.41,1.14,1.68,16.12,7.94,0.87,30.6,24.91
design_2210,0.98,1.26,2.33,1.64,0.94,0.93,1.04,1.52,15.36,7.63,0.87,29.52,23.7
design_2211,1.17,1.64,1.63,2.27,1.02,1.53,1.17,1.61,13.77,7.22,0.86,14.98,12.25
design_2212,1.12,2.01,1.55,1.96,1.0,1.39,1.16,1.55,9.49,5.76,0.85,9.5,8.8
design_2213,1.3,2.01,1.61,1.88,1.3,1.42,1.2,1.61,14.42,7.4,0.86,30.29,23.58
design_2214,1.19,1.95,1.69,2.33,1.06,1.61,1.26,1.7,13.85,7.26,0.86,12.84,11.12
design_2215,1.31,1.9,1.59,2.29,1.43,1.6,1.24,1.72,16.08,7.97,0.87,25.61,16.48
design_2216,1.25,1.87,3.59,1.97,1.03,3.68,1.49,2.64,17.29,9.0,0.83,19.63,13.56
design_2217,1.1,1.77,3.48,1.85,0.85,2.72,1.28,2.2,16.05,8.65,0.83,14.18,11.32
design_2218,1.19,2.0,3.44,1.98,0.9,2.78,1.35,2.27,16.93,8.84,0.85,25.89,20.74
design_2219,1.27,1.91,3.54,1.77,0.93,3.16,1.37,2.4,15.89,8.59,0.83,17.49,13.46
design_2220,1.29,1.96,3.46,1.9,1.26,2.45,1.32,2.17,14.43,8.02,0.83,16.94,13.87
design_2221,1.32,2.03,3.5,1.88,1.11,3.57,1.49,2.59,16.94,8.93,0.83,25.33,15.37
design_2222,1.15,1.88,3.54,1.9,0.94,2.41,1.27,2.12,16.1,8.71,0.83,10.71,9.49
design_2223,1.08,1.6,3.5,1.62,0.87,4.52,1.49,2.91,18.02,9.36,0.84,18.54,14.52
design_2224,1.14,2.24,2.38,2.5,1.21,0.98,1.38,1.96,17.42,8.28,0.88,13.1,11.76
design_2225,1.12,2.08,1.62,1.98,1.08,1.1,1.16,1.58,17.73,8.5,0.87,32.09,26.26
design_2226,1.28,2.39,3.17,2.68,1.71,1.04,1.56,2.36,13.96,6.85,0.88,10.65,10.08
design_2227,1.01,2.16,2.46,2.28,1.27,0.99,1.32,1.92,18.77,8.64,0.89,19.66,17.75
design_2228,1.08,2.28,2.94,2.49,1.25,0.99,1.43,2.16,14.61,7.35,0.87,8.41,8.39
design_2229,1.06,2.26,2.52,2.45,1.31,1.04,1.41,2.0,14.23,7.12,0.87,7.37,7.05
design_2230,1.0,2.18,2.47,2.47,1.55,0.98,1.37,1.99,17.42,8.32,0.88,24.28,18.88
design_2231,1.76,2.67,1.99,2.81,1.28,1.22,1.43,2.07,16.05,8.02,0.86,10.89,6.84
design_2232,0.98,1.96,4.43,2.11,0.81,1.23,1.43,2.7,18.48,9.09,0.86,16.38,11.54
design_2233,1.04,2.41,4.15,2.24,0.98,1.34,1.47,2.66,19.21,9.29,0.85,15.45,9.8
design_2234,1.31,2.04,4.16,1.87,0.86,1.34,1.39,2.59,17.84,8.77,0.86,11.81,8.25
design_2235,0.91,2.36,1.86,1.91,0.92,1.25,1.11,1.66,17.77,8.92,0.84,14.51,8.6
design_2236,1.18,2.37,2.22,2.2,1.15,1.48,1.23,1.9,14.94,7.8,0.84,12.77,6.42
design_2237,1.33,1.98,4.01,1.92,0.89,1.31,1.39,2.52,17.89,8.72,0.86,18.5,14.9
design_2238,1.19,1.76,4.28,1.86,0.86,1.04,1.42,2.59,18.3,8.95,0.86,18.82,13.67
design_2239,1.29,2.26,3.88,2.11,1.02,1.26,1.41,2.52,18.25,8.98,0.85,16.13,13.04
design_2240,0.91,0.94,1.89,1.88,0.85,3.28,1.35,2.11,18.26,9.65,0.83,30.67,23.26
design_2241,1.27,0.97,3.11,1.83,0.92,3.29,1.45,2.37,17.36,9.33,0.83,35.65,27.22
design_2242,1.33,1.09,2.54,1.86,0.92,3.69,1.46,2.43,18.53,9.61,0.83,22.45,13.88
design_2243,1.17,1.02,2.24,1.83,0.83,3.09,1.34,2.1,18.88,9.94,0.83,30.85,23.99
design_2244,1.09,1.27,3.03,1.98,1.08,3.47,1.48,2.45,16.86,9.24,0.83,27.97,22.83
design_2245,1.55,1.28,2.52,2.0,0.91,2.95,1.39,2.18,15.77,8.66,0.82,29.72,23.37
design_2246,1.22,0.95,3.15,2.06,1.05,3.27,1.49,2.4,17.83,9.58,0.83,28.14,22.16
design_2247,1.37,1.21,3.16,2.26,1.25,3.69,1.61,2.62,17.88,9.45,0.83,30.41,24.84
design_2248,2.14,3.27,2.66,2.53,1.6,2.42,1.6,2.48,17.43,9.0,0.84,35.42,24.75
design_2249,2.02,3.16,2.34,2.75,1.38,2.11,1.59,2.34,16.14,8.48,0.84,23.06,17.04
design_2250,2.01,3.16,2.49,2.58,1.52,2.08,1.55,2.34,18.34,9.31,0.85,16.81,14.26
design_2251,1.93,2.92,2.24,2.79,1.22,2.42,1.53,2.33,19.35,9.53,0.85,37.71,27.55
design_2252,1.93,3.33,2.2,2.4,1.4,1.65,1.46,2.2,13.67,7.75,0.83,23.58,18.05
design_2253,1.69,3.03,2.35,2.68,1.14,2.32,1.54,2.29,13.65,7.63,0.83,17.77,12.51
design_2254,2.11,3.23,2.52,2.82,1.45,1.68,1.63,2.35,17.38,8.64,0.86,9.42,9.53
design_2255,1.86,3.2,2.32,2.49,1.4,4.93,1.74,3.09,17.51,8.94,0.85,10.84,9.48
design_2256,0.98,2.08,1.82,1.84,0.79,3.31,1.31,2.19,19.59,10.22,0.82,13.37,11.06
design_2257,1.23,1.78,2.19,1.81,0.77,2.33,1.21,1.85,17.0,9.17,0.82,30.25,23.79
design_2258,1.0,2.09,1.49,1.79,0.85,2.18,1.15,1.72,15.88,8.85,0.81,29.85,22.92
design_2259,1.16,1.78,2.03,2.32,0.74,2.82,1.23,2.07,19.06,10.01,0.82,27.82,22.03
design_2260,0.79,1.74,1.76,2.25,0.97,2.73,1.24,1.97,5.74,5.35,0.82,3.85,2.96
design_2261,1.35,1.85,1.36,1.9,0.84,3.08,1.28,2.07,18.55,9.76,0.82,20.28,15.36
design_2262,1.17,1.85,2.1,1.71,0.94,2.2,1.18,1.79,15.62,8.69,0.82,30.15,23.68
design_2263,1.06,1.75,1.99,1.82,0.79,2.99,1.26,2.04,18.22,9.66,0.82,22.51,17.39
design_2264,1.04,1.92,1.36,1.54,0.84,4.94,1.46,2.7,13.59,7.78,0.83,15.88,12.23
design_2265,1.24,1.93,1.26,1.86,0.98,6.69,1.83,3.52,15.39,7.76,0.87,14.08,11.51
design_2266,1.27,1.87,1.33,1.78,0.73,6.59,1.79,3.46,15.66,7.86,0.86,12.6,9.48
design_2267,1.32,1.77,1.33,1.88,1.23,6.77,1.84,3.56,15.83,7.81,0.87,11.65,9.47
design_2268,1.22,1.65,0.84,1.72,0.69,6.79,1.79,3.5,16.59,8.19,0.87,13.64,10.81
design_2269,1.14,1.91,1.88,1.85,0.86,1.91,1.23,1.67,15.61,8.42,0.83,14.93,11.45
design_2270,1.19,1.7,1.89,2.19,0.67,5.74,1.62,3.14,16.64,8.65,0.85,7.05,5.47
design_2271,1.38,1.94,1.36,2.21,0.95,6.66,1.84,3.55,14.93,7.63,0.86,11.98,8.52
design_2272,1.27,1.2,2.27,1.75,1.09,2.27,1.17,1.81,14.98,8.09,0.83,11.96,8.46
design_2273,1.34,1.41,2.37,1.93,2.42,2.2,1.38,2.04,10.57,6.55,0.83,13.07,9.89
design_2274,1.11,1.02,2.48,1.59,0.84,2.17,1.14,1.81,17.71,9.15,0.84,20.1,14.01
design_2275,1.21,1.07,2.7,1.47,0.79,2.26,1.16,1.9,12.33,7.08,0.83,7.36,8.04
design_2276,1.16,0.97,2.59,1.59,0.93,2.08,1.14,1.84,16.13,8.39,0.84,9.78,7.38
design_2277,0.94,1.03,2.76,1.65,0.91,2.0,1.15,1.88,17.41,9.08,0.84,18.13,12.18
design_2278,1.2,1.2,2.82,1.62,1.08,2.14,1.2,1.98,9.47,6.08,0.84,7.38,8.4
design_2279,1.22,1.35,3.29,1.85,2.1,2.11,1.41,2.3,6.46,5.18,0.84,15.98,11.17
design_2280,1.28,1.49,1.2,1.53,0.92,1.73,0.96,1.41,17.55,9.14,0.84,32.23,26.07
design_2281,1.43,1.77,1.25,1.59,0.95,1.99,1.04,1.56,18.23,9.31,0.84,29.46,23.98
design_2282,1.4,1.46,1.27,1.59,0.81,1.9,1.07,1.48,16.95,8.83,0.84,29.52,22.71
design_2283,1.58,1.7,1.82,1.57,0.76,1.91,1.13,1.65,16.45,8.71,0.83,29.9,22.29
design_2284,1.34,1.97,1.74,1.72,1.01,1.86,1.15,1.66,17.04,8.95,0.83,31.74,25.76
design_2285,1.49,1.89,1.39,1.54,0.86,1.6,1.03,1.5,16.8,8.9,0.83,26.54,20.82
design_2286,1.05,1.81,1.05,1.68,1.02,2.78,1.13,1.77,18.68,9.54,0.84,16.4,14.17
design_2287,1.79,2.08,1.9,1.83,1.23,1.71,1.27,1.78,15.85,8.33,0.84,23.75,18.52
design_2288,1.02,2.51,2.02,2.4,1.12,2.05,1.27,1.94,18.88,9.39,0.84,27.61,19.74
design_2289,1.37,2.6,2.2,2.45,1.04,2.01,1.26,2.02,17.48,9.17,0.83,27.8,22.05
design_2290,1.18,2.79,1.73,2.53,1.03,4.66,1.49,2.76,17.27,9.01,0.84,30.31,24.2
design_2291,1.29,2.7,1.78,2.23,0.98,4.7,1.48,2.72,17.22,8.89,0.84,31.36,24.52
design_2292,1.25,2.78,1.71,2.23,1.11,4.73,1.48,2.74,17.92,9.22,0.84,30.62,24.25
design_2293,1.41,2.64,1.65,2.27,0.86,4.4,1.47,2.61,18.0,9.24,0.85,31.3,24.1
design_2294,1.3,2.7,1.71,2.16,0.85,5.1,1.52,2.85,16.63,8.44,0.86,31.46,25.12
design_2295,1.15,2.71,1.78,2.22,1.04,3.62,1.37,2.35,18.0,9.32,0.85,35.83,27.67
design_2296,1.01,2.72,4.41,2.55,1.48,1.07,1.48,2.58,15.97,7.78,0.88,30.31,20.98
design_2297,1.2,2.52,4.41,1.96,1.34,0.96,1.34,2.44,16.47,7.96,0.88,30.02,23.79
design_2298,1.26,2.93,0.87,2.39,1.49,1.2,1.21,1.84,16.81,8.31,0.88,29.75,20.83
design_2299,1.03,2.39,1.77,1.95,1.06,1.16,1.11,1.65,14.99,7.59,0.87,29.33,28.08
design_2300,1.1,2.71,3.35,2.18,1.32,1.03,1.28,2.18,16.84,8.16,0.88,21.08,18.84
design_2301,1.08,2.52,2.9,1.89,1.21,0.97,1.18,1.95,17.01,8.22,0.88,31.54,21.53
design_2302,1.26,2.91,2.52,2.05,1.78,1.26,1.24,2.07,14.14,7.14,0.87,8.94,7.56
design_2303,1.01,2.32,4.43,1.98,1.33,0.87,1.33,2.4,16.45,8.18,0.87,29.02,26.38
design_2304,1.55,2.34,3.4,1.66,0.85,1.52,1.37,2.2,20.46,9.85,0.84,28.75,20.27
design_2305,1.47,2.29,3.16,1.49,0.95,1.61,1.29,2.1,19.36,9.44,0.85,29.19,19.25
design_2306,1.32,2.6,7.21,1.66,0.93,2.25,1.96,3.91,19.29,9.98,0.83,27.97,21.51
design_2307,1.55,2.55,2.79,1.69,0.83,1.8,1.32,2.06,15.68,8.31,0.84,16.3,10.26
design_2308,1.49,2.55,3.65,1.77,0.97,1.91,1.44,2.39,19.63,9.91,0.84,17.81,10.32
design_2309,1.38,2.36,1.66,1.9,1.97,2.17,1.29,1.91,7.77,5.48,0.84,5.62,4.49
design_2310,1.79,2.31,2.11,1.54,1.27,1.28,1.28,1.78,19.11,9.52,0.84,21.12,14.72
design_2311,1.64,2.35,2.53,1.67,1.01,2.08,1.34,2.01,18.26,9.42,0.84,12.19,11.84
design_2312,1.07,3.05,1.17,2.09,0.9,5.53,1.76,3.32,19.51,10.14,0.83,34.16,24.53
design_2313,1.08,3.02,0.6,1.83,0.88,4.2,1.51,2.65,18.89,9.95,0.83,8.86,8.21
design_2314,1.21,3.09,1.16,1.75,0.86,5.29,1.7,3.18,19.58,10.09,0.83,12.99,10.48
design_2315,1.06,3.49,0.75,1.93,0.97,5.26,1.77,3.22,19.58,10.18,0.83,9.76,8.29
design_2316,1.04,3.22,1.51,2.23,0.98,6.36,1.94,3.77,18.03,9.48,0.83,24.15,18.67
design_2317,1.2,3.36,0.96,1.76,1.22,4.51,1.61,2.87,9.08,6.55,0.81,12.49,10.29
design_2318,1.04,3.14,1.68,2.02,0.88,3.18,1.46,2.33,16.25,8.97,0.82,16.48,12.18
design_2319,1.08,2.95,1.78,1.83,0.85,6.29,1.9,3.68,18.16,9.52,0.83,13.05,9.82
design_2320,1.32,1.69,1.78,1.75,1.17,1.99,1.24,1.67,16.69,8.66,0.84,21.54,16.66
design_2321,1.21,1.65,2.4,2.21,1.13,2.01,1.26,1.9,16.82,8.88,0.84,14.36,12.63
design_2322,1.43,1.81,1.41,2.01,1.11,2.15,1.3,1.7,16.95,8.65,0.84,26.05,15.45
design_2323,1.41,1.93,1.9,1.71,0.85,1.99,1.24,1.71,20.29,9.69,0.85,22.92,14.9
design_2324,1.74,1.97,1.1,2.21,1.15,1.93,1.34,1.71,17.32,8.76,0.84,10.23,10.38
design_2325,1.38,1.56,0.93,1.74,1.1,1.95,1.12,1.47,19.05,9.55,0.85,9.3,9.27
design_2326,1.71,1.86,1.15,2.06,1.21,1.79,1.33,1.64,18.7,9.3,0.85,16.76,11.21
design_2327,1.33,1.74,1.7,2.16,1.15,2.1,1.31,1.76,19.09,9.62,0.84,22.15,14.65
design_2328,1.19,3.13,0.78,2.69,1.24,2.52,1.4,2.15,16.42,8.36,0.85,30.94,25.74
design_2329,1.27,3.0,0.78,2.83,1.34,2.45,1.43,2.15,16.03,8.26,0.85,26.98,22.4
design_2330,1.12,2.93,0.76,2.51,1.4,2.18,1.36,1.99,15.02,7.79,0.85,19.76,17.35
design_2331,1.21,2.76,0.71,2.49,1.43,2.38,1.38,2.01,13.47,7.1,0.86,30.21,24.17
design_2332,1.21,2.83,1.09,2.78,1.43,2.32,1.41,2.1,15.28,7.9,0.85,27.77,22.28
design_2333,1.34,3.07,0.64,2.59,1.35,2.65,1.45,2.17,16.64,8.57,0.84,36.88,28.54
design_2334,1.3,2.82,0.86,2.74,1.39,2.43,1.4,2.1,15.71,8.13,0.85,26.85,22.26
design_2335,1.1,2.7,1.02,2.46,1.28,2.46,1.35,2.01,14.95,7.76,0.86,28.83,23.64
design_2336,1.59,2.16,4.01,2.27,0.86,0.94,1.44,2.52,17.23,8.45,0.87,29.79,23.43
design_2337,1.76,2.37,4.41,2.12,1.18,1.03,1.55,2.73,18.42,8.86,0.88,33.26,23.77
design_2338,1.62,2.77,8.31,2.55,1.21,1.15,2.28,4.59,18.21,9.01,0.86,30.47,24.23
design_2339,1.48,2.7,8.81,2.65,1.19,1.18,2.35,4.82,17.93,8.92,0.86,29.31,23.25
design_2340,1.58,2.67,8.99,2.44,1.24,1.12,2.39,4.89,17.54,8.75,0.86,24.54,16.42
design_2341,1.51,2.86,8.34,2.46,1.54,1.16,2.28,4.61,18.6,9.11,0.86,28.11,20.51
design_2342,1.75,2.71,7.31,2.74,1.17,1.18,2.14,4.14,19.26,9.31,0.87,41.83,25.83
design_2343,1.57,2.49,3.86,2.57,0.88,1.11,1.52,2.56,16.36,7.98,0.88,30.59,21.82
design_2344,1.38,2.52,2.28,2.58,1.31,1.22,1.38,2.0,16.74,8.35,0.86,19.9,17.22
design_2345,1.51,2.06,1.92,2.13,1.71,1.54,1.33,1.84,16.77,8.29,0.87,28.83,22.4
design_2346,1.24,2.2,0.79,2.04,1.12,1.44,1.16,1.52,16.78,8.26,0.87,14.93,11.53
design_2347,1.24,2.19,1.68,2.3,1.11,1.16,1.26,1.69,18.73,8.83,0.87,39.1,24.64
design_2348,1.28,2.09,0.72,2.41,1.34,1.17,1.24,1.58,17.95,8.71,0.87,18.17,15.4
design_2349,1.25,2.36,0.79,2.52,1.34,1.44,1.3,1.7,16.48,8.16,0.87,15.24,13.3
design_2350,1.15,1.99,0.59,2.16,1.23,1.24,1.13,1.46,17.52,8.48,0.88,12.71,9.04
design_2351,1.16,2.11,0.46,2.04,1.1,1.61,1.14,1.48,16.89,8.23,0.88,10.73,10.92
design_2352,1.87,2.58,2.75,2.89,0.78,1.97,1.49,2.28,17.48,8.8,0.84,17.11,11.78
design_2353,1.67,2.65,2.53,2.45,1.49,2.19,1.47,2.22,9.16,6.17,0.84,8.22,5.76
design_2354,1.6,2.6,2.7,2.48,0.93,2.08,1.46,2.19,16.85,8.74,0.84,31.62,24.84
design_2355,1.68,2.54,2.26,2.38,0.91,2.48,1.41,2.16,18.8,9.5,0.84,12.02,9.0
design_2356,1.77,2.68,2.44,2.77,0.89,1.89,1.49,2.18,18.63,9.37,0.84,31.42,22.86
design_2357,1.73,2.65,2.41,2.66,0.98,2.31,1.49,2.23,16.19,8.65,0.84,4.2,4.45
design_2358,1.88,2.92,2.54,3.2,1.08,2.11,1.63,2.4,16.5,8.6,0.84,27.8,19.89
design_2359,1.84,2.71,2.49,2.86,1.07,2.8,1.58,2.42,16.64,8.74,0.84,10.67,9.15
design_2360,0.9,1.5,1.26,1.9,0.96,4.77,1.36,2.46,17.65,8.92,0.86,11.79,11.09
design_2361,1.33,2.16,1.33,1.72,1.08,4.74,1.41,2.54,15.57,8.2,0.85,12.05,9.97
design_2362,1.11,1.94,1.56,1.68,0.91,4.73,1.37,2.5,13.13,7.3,0.84,8.01,7.08
design_2363,1.02,2.02,1.5,1.78,0.91,5.06,1.46,2.63,17.19,8.63,0.86,6.87,6.7
design_2364,0.94,1.57,1.67,1.72,0.73,5.08,1.39,2.59,17.38,8.69,0.87,14.36,10.65
design_2365,1.02,1.73,2.9,1.72,1.09,4.38,1.38,2.53,16.91,8.72,0.85,13.83,11.3
design_2366,0.92,1.44,3.79,1.66,0.83,3.14,1.25,2.28,17.57,9.12,0.84,14.35,9.58
design_2367,0.98,1.74,1.56,1.74,0.94,5.06,1.41,2.6,17.21,8.73,0.86,9.2,9.2
design_2368,1.0,1.23,0.66,1.57,1.12,3.19,1.07,1.8,5.02,4.84,0.84,4.45,3.31
design_2369,1.0,1.22,1.44,1.77,1.13,2.8,1.05,1.79,5.76,5.13,0.83,7.89,4.88
design_2370,1.17,1.42,1.59,2.29,1.11,2.41,1.16,1.8,5.38,4.96,0.84,5.53,3.52
design_2371,1.18,1.88,0.81,1.55,1.02,2.05,1.13,1.48,18.03,9.29,0.84,22.77,10.28
design_2372,1.05,1.92,1.0,1.58,0.87,2.26,1.07,1.57,15.79,8.57,0.83,26.9,18.93
design_2373,1.28,2.06,4.15,2.27,1.88,2.79,1.68,2.81,16.46,8.26,0.85,13.22,11.05
design_2374,0.99,1.38,0.97,1.42,0.95,2.37,0.98,1.5,4.93,4.71,0.84,4.32,3.22
design_2375,1.23,1.29,1.26,2.11,1.44,3.35,1.23,2.05,5.69,5.17,0.83,7.59,4.85
design_2376,1.65,2.13,5.15,1.93,1.08,2.55,1.82,3.14,18.79,9.41,0.85,35.12,18.98
design_2377,1.34,2.38,5.41,1.99,1.15,2.17,1.81,3.19,15.15,8.53,0.81,19.54,12.89
design_2378,1.28,2.02,4.57,1.98,1.0,2.4,1.64,2.83,16.67,8.99,0.82,25.7,19.98
design_2379,1.32,2.24,5.96,1.73,0.72,1.96,1.85,3.36,18.78,9.66,0.83,21.02,13.69
design_2380,1.09,1.84,6.5,2.08,0.79,7.29,2.48,4.95,17.47,9.17,0.83,14.73,10.89
design_2381,1.41,2.09,4.25,2.12,1.04,2.68,1.68,2.8,16.6,8.94,0.82,12.57,8.8
design_2382,1.28,2.02,5.26,1.94,1.07,2.46,1.76,3.13,16.93,9.0,0.82,25.53,17.2
design_2383,1.25,2.08,5.64,1.76,1.19,2.76,1.84,3.35,17.16,9.1,0.83,27.3,14.72
design_2384,0.97,2.56,1.9,2.04,1.06,1.47,1.21,1.76,17.07,8.41,0.87,9.74,9.45
design_2385,0.8,2.17,2.81,2.0,0.98,1.36,1.2,1.9,18.14,8.74,0.87,16.61,12.86
design_2386,1.06,2.67,1.22,2.17,0.95,1.28,1.21,1.66,18.45,8.88,0.87,28.11,19.13
design_2387,1.15,2.52,1.89,2.2,1.09,1.55,1.25,1.81,16.63,8.2,0.87,22.86,17.56
design_2388,0.9,2.34,1.11,2.0,1.21,1.47,1.11,1.56,17.03,8.44,0.87,8.89,9.29
design_2389,1.08,2.63,1.3,2.3,1.2,1.87,1.26,1.79,15.24,7.61,0.87,13.45,11.86
design_2390,0.99,2.75,1.3,1.91,1.04,1.25,1.14,1.63,17.66,8.57,0.87,19.4,10.62
design_2391,1.01,2.59,1.31,2.41,1.03,1.67,1.21,1.76,17.48,8.42,0.88,11.67,9.51
design_2392,0.96,1.97,3.25,2.3,1.05,1.8,1.32,2.22,19.25,9.6,0.83,31.4,25.73
design_2393,1.05,2.19,2.59,2.16,1.2,2.04,1.25,2.04,15.26,8.38,0.83,26.32,20.7
design_2394,0.91,1.22,4.23,2.15,0.91,1.04,1.27,2.45,14.11,7.81,0.83,24.66,20.27
design_2395,1.18,2.44,3.19,2.28,1.11,1.61,1.36,2.25,16.04,8.69,0.82,22.42,17.73
design_2396,0.89,1.56,3.96,1.93,1.03,1.2,1.25,2.34,18.39,9.46,0.83,30.09,23.74
design_2397,1.11,2.44,2.6,2.38,0.96,1.86,1.3,2.08,17.41,9.06,0.83,28.87,19.46
design_2398,1.13,2.22,3.23,1.98,1.24,1.77,1.27,2.21,18.02,9.37,0.83,30.87,25.6
design_2399,1.23,2.15,2.69,2.07,1.09,2.14,1.24,2.08,13.69,7.85,0.83,19.71,17.3
design_2400,1.49,2.28,1.22,2.49,1.14,2.77,1.35,1.99,18.93,9.49,0.84,26.79,15.8
design_2401,1.09,2.14,0.8,2.39,0.94,2.85,1.29,1.87,18.65,9.41,0.85,24.82,18.23
design_2402,1.22,2.19,0.9,2.46,0.87,2.79,1.3,1.89,19.3,9.64,0.85,20.91,16.04
design_2403,1.45,2.53,2.64,2.81,0.76,2.07,1.5,2.24,16.8,8.49,0.85,26.51,18.21
design_2404,1.28,2.31,0.87,2.49,1.06,4.66,1.55,2.56,18.31,9.2,0.85,17.62,15.36
design_2405,1.31,2.47,0.73,2.45,1.22,2.9,1.36,1.97,18.46,8.93,0.87,20.67,16.15
design_2406,1.53,2.2,0.73,3.16,0.96,2.62,1.42,2.0,17.53,9.07,0.84,32.05,19.87
design_2407,1.86,2.44,1.0,3.04,1.49,2.53,1.51,2.09,18.5,9.38,0.84,22.64,17.57
design_2408,1.42,1.4,4.18,1.86,0.96,1.86,1.46,2.58,17.51,8.96,0.84,31.79,24.54
design_2409,1.47,1.59,2.43,2.23,1.19,2.17,1.36,1.99,18.86,9.17,0.86,28.43,19.77
design_2410,1.53,1.59,1.48,2.13,0.9,1.82,1.18,1.61,14.53,7.8,0.84,24.97,15.08
design_2411,1.32,1.72,1.35,1.9,1.09,2.15,1.17,1.6,16.49,8.34,0.85,11.86,8.68
design_2412,1.46,1.64,4.06,2.06,0.96,2.08,1.51,2.6,18.15,9.04,0.85,8.02,7.82
design_2413,1.36,1.83,3.92,1.9,0.86,2.08,1.47,2.52,13.93,7.7,0.83,22.4,15.15
design_2414,1.29,1.32,3.8,1.7,0.76,1.92,1.33,2.38,17.6,8.97,0.84,17.0,8.69
design_2415,1.36,1.62,3.42,1.79,0.85,1.88,1.32,2.25,19.07,9.44,0.85,12.55,10.4
design_2416,1.35,1.98,1.09,2.0,0.88,3.07,1.28,1.98,18.33,9.36,0.84,27.52,21.45
design_2417,1.28,2.13,0.56,2.43,1.23,2.75,1.34,1.95,19.22,9.64,0.85,19.91,14.12
design_2418,1.34,2.45,0.72,2.1,1.44,2.76,1.35,1.98,18.27,9.28,0.85,30.93,24.34
design_2419,1.34,1.83,0.78,2.05,0.81,2.8,1.27,1.84,17.55,8.97,0.85,24.98,18.66
design_2420,1.38,2.03,0.72,2.28,1.11,2.88,1.33,1.96,18.54,9.47,0.84,17.32,11.37
design_2421,1.24,2.17,0.76,2.53,1.04,2.71,1.36,1.96,18.98,9.5,0.84,31.17,22.92
design_2422,1.17,2.17,0.7,2.56,0.98,2.81,1.34,1.98,18.63,9.34,0.85,30.87,23.36
design_2423,1.27,2.06,0.72,2.47,0.92,2.59,1.32,1.88,17.8,9.11,0.85,29.84,21.74
design_2424,0.95,1.75,1.87,2.6,1.27,1.12,1.22,1.71,16.96,8.17,0.88,24.97,18.86
design_2425,1.02,1.57,1.79,2.72,1.21,1.13,1.25,1.71,15.95,7.8,0.88,12.91,9.04
design_2426,1.31,1.64,1.71,2.78,1.27,1.11,1.27,1.77,15.98,7.91,0.87,26.97,20.69
design_2427,1.25,1.76,1.65,2.58,1.3,1.06,1.22,1.71,16.19,7.95,0.87,10.71,10.54
design_2428,0.99,1.56,1.92,2.0,0.95,1.21,1.09,1.5,14.57,7.34,0.87,28.44,19.85
design_2429,1.08,1.26,1.61,2.19,0.95,1.15,1.06,1.46,17.04,8.4,0.87,12.75,10.25
design_2430,1.07,1.22,2.0,2.15,1.1,1.03,1.07,1.51,17.17,8.22,0.88,6.32,7.73
design_2431,1.15,1.67,1.52,2.82,1.24,1.15,1.29,1.74,15.65,7.79,0.87,7.53,7.86
design_2432,1.75,2.84,1.59,2.39,1.29,1.06,1.35,1.92,17.46,8.36,0.88,31.54,23.52
design_2433,1.64,2.6,1.19,2.47,0.93,1.05,1.23,1.77,13.29,6.94,0.86,8.69,5.63
design_2434,1.56,2.67,1.31,2.25,0.99,1.03,1.29,1.74,14.93,7.45,0.88,9.93,6.74
design_2435,1.36,2.37,1.49,2.25,1.3,1.04,1.24,1.71,11.98,6.51,0.86,7.64,5.24
design_2436,1.75,3.24,1.64,2.07,1.74,1.0,1.38,2.01,16.88,8.12,0.87,22.18,17.95
design_2437,1.5,2.48,1.45,2.08,1.25,0.99,1.21,1.7,14.79,7.46,0.87,5.63,3.8
design_2438,1.69,2.91,1.46,2.72,1.11,1.2,1.47,1.98,16.27,8.11,0.86,23.09,13.17
design_2439,1.7,2.93,1.37,2.43,1.02,1.07,1.29,1.88,16.02,7.83,0.88,27.9,20.81
design_2440,1.11,1.42,1.08,2.63,1.02,1.02,1.21,1.53,17.67,8.6,0.88,16.86,15.31
design_2441,1.09,1.43,0.85,2.85,0.98,1.01,1.21,1.57,16.6,8.16,0.87,22.5,18.76
design_2442,1.01,1.54,1.56,2.21,1.01,1.19,1.15,1.5,17.68,8.54,0.88,29.75,20.65
design_2443,1.09,1.61,0.94,2.78,0.98,1.1,1.25,1.59,16.98,8.29,0.88,13.79,12.41
design_2444,0.97,1.37,1.26,2.21,0.94,1.13,1.08,1.4,16.68,8.23,0.87,37.2,26.67
design_2445,1.04,1.54,1.28,2.29,1.23,1.29,1.15,1.52,17.02,8.38,0.87,19.27,17.22
design_2446,1.26,1.17,3.64,2.15,0.71,1.03,1.24,2.01,17.45,8.55,0.88,22.52,16.21
design_2447,1.01,1.62,1.16,2.44,1.08,1.07,1.17,1.51,16.93,8.42,0.87,34.2,25.55
design_2448,1.52,1.84,3.68,1.79,1.01,2.75,1.49,2.53,19.46,9.55,0.84,33.47,22.77
design_2449,1.66,2.09,4.99,2.22,1.13,2.78,1.81,3.17,18.25,9.26,0.84,30.83,21.38
design_2450,1.43,1.95,1.48,1.98,1.36,3.65,1.31,2.12,6.1,5.08,0.84,15.05,9.19
design_2451,1.57,1.99,3.49,2.02,1.02,2.63,1.49,2.48,17.76,9.33,0.83,29.98,21.06
design_2452,1.76,1.97,1.52,1.77,1.19,3.8,1.31,2.17,15.86,8.38,0.84,28.7,20.94
design_2453,1.45,2.09,1.81,1.85,1.12,2.67,1.24,1.91,16.33,8.66,0.84,27.84,20.2
design_2454,1.61,2.02,3.73,1.92,1.28,2.72,1.54,2.6,18.57,9.63,0.83,9.73,6.53
design_2455,1.6,1.75,3.78,1.92,0.96,2.51,1.49,2.54,18.03,9.35,0.83,11.98,9.13
design_2456,1.93,2.41,2.88,3.3,1.08,1.47,1.55,2.38,20.25,9.86,0.84,12.79,7.91
design_2457,2.25,2.9,1.98,3.75,1.32,1.6,1.67,2.39,19.3,9.36,0.84,20.88,12.38
design_2458,1.6,3.01,1.44,2.77,1.37,2.2,1.42,2.09,19.15,9.49,0.86,18.52,15.02
design_2459,2.11,2.96,1.81,3.7,1.35,1.85,1.69,2.36,18.14,9.08,0.85,29.0,23.03
design_2460,1.88,2.64,1.59,2.84,1.35,2.12,1.48,2.09,18.89,9.36,0.85,20.82,13.22
design_2461,2.1,2.98,1.6,3.67,1.26,1.96,1.69,2.33,18.81,9.2,0.86,14.2,10.49
design_2462,2.0,2.61,1.91,3.48,1.25,1.74,1.58,2.24,18.41,9.13,0.85,9.45,9.41
design_2463,1.89,2.63,1.81,3.41,1.3,1.89,1.56,2.22,17.76,8.9,0.85,23.37,17.79
design_2464,1.17,1.51,1.02,2.46,0.81,0.92,1.1,1.45,16.0,7.73,0.88,33.55,24.31
design_2465,1.01,1.53,1.23,2.47,0.83,1.0,1.14,1.48,15.79,7.65,0.88,34.43,24.22
design_2466,1.32,2.03,1.1,2.57,1.3,1.01,1.23,1.66,15.82,7.73,0.88,28.08,23.02
design_2467,1.26,1.93,4.99,2.45,1.01,1.02,1.5,2.71,18.13,8.88,0.87,34.43,22.5
design_2468,1.24,1.83,1.85,2.41,0.84,0.96,1.22,1.66,16.27,7.87,0.88,21.73,17.51
design_2469,1.16,1.51,1.4,1.91,0.84,0.88,1.0,1.36,15.44,7.68,0.87,30.93,25.05
design_2470,1.24,1.66,1.17,2.41,0.8,0.91,1.16,1.49,15.37,7.56,0.88,33.16,25.23
design_2471,1.22,1.61,1.13,2.27,0.87,0.91,1.11,1.44,15.81,7.7,0.88,32.37,23.73
design_2472,1.51,1.96,2.82,1.81,0.98,2.46,1.27,2.05,17.38,9.01,0.84,29.48,19.98
design_2473,1.53,2.26,3.49,1.65,0.91,4.05,1.43,2.65,16.2,8.63,0.84,30.11,23.99
design_2474,1.18,2.08,0.9,2.24,1.04,4.45,1.35,2.43,17.87,9.11,0.85,28.58,22.34
design_2475,1.52,2.16,2.48,1.62,0.91,2.53,1.27,1.99,18.7,9.38,0.84,28.85,18.34
design_2476,1.31,2.04,3.49,1.8,1.03,5.02,1.55,2.93,17.2,8.7,0.86,30.99,23.62
design_2477,1.56,2.33,3.07,2.32,1.02,4.37,1.48,2.76,17.42,9.07,0.84,38.37,26.88
design_2478,1.97,2.27,3.21,1.85,0.94,2.36,1.41,2.23,15.93,8.58,0.83,31.35,24.08
design_2479,1.37,2.39,2.04,1.8,1.01,2.5,1.27,1.95,18.62,9.58,0.84,30.94,22.94
design_2480,1.37,1.68,0.73,2.61,1.22,0.97,1.15,1.59,13.21,7.14,0.85,6.76,5.22
design_2481,1.13,2.45,0.67,2.48,1.23,1.1,1.18,1.68,17.49,8.66,0.87,19.02,16.32
design_2482,1.22,2.3,0.74,2.38,1.29,0.85,1.18,1.62,15.82,8.05,0.85,20.64,15.06
design_2483,1.47,2.1,1.06,2.54,1.25,1.02,1.2,1.7,17.42,8.83,0.85,17.33,12.57
design_2484,1.4,2.13,0.63,2.31,1.33,0.83,1.22,1.58,16.57,8.5,0.85,21.53,16.6
design_2485,1.98,2.44,0.92,2.7,1.28,0.78,1.32,1.87,15.16,7.9,0.84,32.72,24.06
design_2486,1.16,2.28,0.72,2.3,1.36,0.98,1.21,1.6,15.61,8.13,0.84,6.73,5.48
design_2487,1.12,1.86,0.88,2.09,1.1,1.03,1.05,1.44,13.03,7.07,0.85,4.29,2.67
design_2488,1.22,1.41,1.56,1.56,0.88,4.26,1.25,2.17,16.52,8.56,0.84,28.37,21.06
design_2489,1.65,1.82,2.1,1.87,0.9,2.47,1.31,1.92,17.02,8.8,0.84,24.71,18.78
design_2490,1.19,1.29,1.96,1.6,0.78,3.52,1.2,2.01,17.84,9.11,0.84,19.47,13.95
design_2491,1.22,1.42,1.66,1.95,0.85,3.01,1.16,1.85,16.33,8.55,0.84,29.51,22.38
design_2492,1.54,1.56,1.51,1.89,0.76,2.57,1.19,1.74,15.72,8.05,0.85,30.17,22.87
design_2493,1.62,1.72,1.51,1.94,0.9,2.39,1.25,1.74,16.34,8.23,0.86,6.91,4.52
design_2494,1.25,1.27,1.26,1.69,0.81,3.57,1.13,1.89,15.74,8.22,0.85,30.55,22.52
design_2495,0.98,1.4,2.06,1.6,1.15,4.42,1.32,2.33,18.45,9.16,0.86,30.79,23.19
design_2496,2.01,2.66,2.32,3.28,1.18,1.52,1.56,2.32,17.52,8.65,0.86,40.72,28.69
design_2497,1.84,2.88,1.01,3.0,1.29,1.14,1.4,2.07,16.9,8.58,0.85,14.41,11.63
design_2498,1.25,2.24,4.37,2.51,1.25,0.94,1.4,2.4,16.44,8.29,0.87,36.6,26.62
design_2499,1.2,2.3,4.38,2.61,1.08,1.0,1.42,2.42,16.47,8.26,0.87,32.47,25.62
design_2500,1.06,2.03,3.97,2.77,1.38,1.04,1.41,2.31,12.16,6.94,0.84,2.65,3.14
design_2501,1.69,2.51,2.42,3.27,1.46,1.23,1.49,2.25,17.74,8.81,0.86,33.79,24.68
design_2502,1.74,2.33,3.46,3.38,1.02,1.52,1.53,2.45,18.43,9.06,0.86,30.72,25.01
design_2503,1.24,2.38,2.64,2.73,1.19,1.12,1.34,2.04,16.97,8.69,0.85,36.16,30.01
design_2504,0.88,1.19,4.24,1.61,1.09,4.47,1.53,2.97,19.12,9.88,0.84,32.65,27.47
design_2505,0.76,1.55,2.38,1.63,1.22,9.17,2.44,5.15,17.68,9.42,0.83,26.57,23.99
design_2506,0.63,1.04,3.48,1.6,1.03,7.68,2.11,4.42,18.33,9.55,0.83,32.99,27.53
design_2507,0.62,1.38,2.52,1.66,1.19,8.85,2.36,4.98,17.88,9.47,0.83,28.97,25.69
design_2508,0.75,1.24,4.31,1.6,1.15,4.2,1.48,2.87,18.8,9.71,0.84,6.16,7.05
design_2509,0.82,1.37,4.25,1.85,1.17,4.61,1.57,3.07,18.86,9.63,0.84,28.01,23.76
design_2510,0.89,1.46,4.25,1.63,1.01,4.04,1.47,2.8,18.51,9.54,0.84,26.88,23.3
design_2511,0.81,1.17,4.22,1.55,1.16,4.23,1.48,2.86,18.4,9.51,0.84,32.08,27.38
design_2512,2.05,3.27,1.78,2.59,1.72,1.98,1.59,2.27,17.6,9.01,0.85,30.41,24.53
design_2513,1.73,3.54,0.86,2.19,1.61,6.3,1.93,3.61,16.58,8.73,0.84,32.33,26.11
design_2514,1.94,3.17,1.39,2.44,1.42,6.33,1.96,3.63,17.79,8.96,0.85,34.98,26.85
design_2515,1.57,2.73,1.25,2.27,1.1,1.97,1.37,1.91,17.23,8.97,0.84,28.62,21.72
design_2516,2.02,3.34,1.0,2.27,1.56,2.18,1.47,2.18,13.23,7.73,0.82,31.76,26.63
design_2517,1.97,2.76,1.99,2.24,1.15,1.83,1.44,2.03,14.59,8.07,0.83,17.9,13.16
design_2518,1.79,2.92,1.63,2.47,1.63,1.98,1.49,2.11,17.85,9.08,0.85,32.65,25.41
design_2519,2.0,3.01,1.32,2.65,1.29,1.94,1.5,2.12,16.68,8.95,0.83,36.35,27.69
design_2520,1.2,1.26,2.17,2.12,1.03,5.19,1.57,2.82,18.1,9.25,0.85,14.75,11.5
design_2521,1.2,1.26,1.89,2.32,1.19,5.87,1.71,3.09,16.88,8.57,0.85,9.15,8.81
design_2522,1.14,1.1,2.21,2.23,1.03,2.49,1.29,1.88,15.94,8.49,0.83,15.57,11.89
design_2523,1.37,1.33,2.06,2.13,1.02,5.21,1.57,2.83,17.68,9.05,0.85,24.94,20.28
design_2524,1.16,1.18,1.8,2.2,1.07,6.12,1.71,3.16,15.8,8.04,0.86,16.68,12.7
design_2525,0.98,1.05,2.09,1.9,1.03,4.85,1.45,2.62,16.2,8.6,0.84,11.54,10.13
design_2526,1.4,1.45,1.95,2.21,1.05,5.16,1.59,2.82,17.33,8.86,0.84,21.18,15.53
design_2527,1.18,1.31,2.3,2.18,1.21,5.34,1.64,2.91,18.85,9.43,0.85,28.06,23.43
design_2528,1.39,1.19,2.32,1.95,1.19,2.0,1.18,1.75,18.1,9.13,0.85,24.42,18.45
design_2529,1.38,1.4,2.19,1.81,1.09,2.04,1.17,1.72,17.76,9.2,0.84,24.36,15.01
design_2530,1.45,1.05,1.36,1.77,0.8,2.29,1.07,1.56,19.47,9.44,0.86,48.24,31.16
design_2531,1.38,1.4,0.46,1.77,0.93,1.81,1.05,1.38,18.88,9.44,0.85,45.86,29.05
design_2532,1.14,1.54,2.16,2.32,1.36,2.23,1.2,1.87,16.55,8.66,0.84,31.25,23.52
design_2533,1.28,1.17,1.58,1.91,0.86,1.42,1.05,1.42,19.51,9.49,0.86,30.38,21.66
design_2534,1.4,1.3,1.4,1.95,0.93,1.83,1.1,1.52,18.96,9.37,0.85,32.58,22.65
design_2535,1.42,1.15,0.68,1.55,0.83,2.15,0.99,1.4,19.58,9.47,0.86,35.53,24.3
design_2536,1.13,2.44,2.61,2.01,1.24,2.35,1.36,2.07,17.9,9.25,0.84,30.19,23.68
design_2537,1.03,2.26,2.41,1.73,1.05,2.45,1.24,1.95,13.52,7.69,0.83,30.1,24.14
design_2538,1.26,2.69,2.64,2.25,1.1,2.33,1.43,2.15,18.02,9.21,0.85,30.07,22.89
design_2539,1.3,2.74,2.34,2.09,1.46,2.44,1.41,2.14,17.19,9.07,0.83,23.03,18.54
design_2540,1.16,2.41,2.49,2.1,0.93,2.41,1.35,2.05,13.86,7.76,0.83,30.05,24.09
design_2541,1.08,2.8,2.39,2.31,1.58,5.28,1.68,3.08,17.39,9.01,0.84,31.59,23.75
design_2542,0.89,2.32,1.53,1.82,1.31,5.5,1.57,2.93,17.82,9.1,0.85,35.51,24.45
design_2543,1.2,2.39,2.34,2.06,1.27,2.49,1.35,2.06,17.58,9.15,0.84,26.09,18.95
design_2544,1.87,2.42,4.15,2.52,1.42,1.56,1.47,2.48,15.7,7.48,0.89,32.35,22.73
design_2545,1.07,1.91,1.25,2.34,1.26,1.46,1.13,1.62,15.82,8.15,0.86,30.52,24.58
design_2546,1.27,2.52,0.97,2.34,1.35,1.36,1.17,1.74,16.27,8.39,0.85,27.27,21.62
design_2547,1.07,1.85,3.28,2.18,1.55,1.57,1.28,2.02,15.56,7.66,0.88,30.13,23.88
design_2548,1.14,2.63,1.46,2.12,1.4,1.18,1.17,1.74,6.86,5.04,0.85,29.98,23.96
design_2549,1.27,2.84,1.65,2.15,1.46,0.98,1.22,1.83,7.31,5.3,0.84,29.65,23.61
design_2550,1.29,2.57,0.94,2.23,1.48,1.19,1.16,1.72,18.01,9.0,0.86,21.38,17.46
design_2551,0.98,2.29,1.35,2.32,1.42,1.15,1.14,1.68,18.82,9.52,0.85,32.05,24.48
design_2552,1.05,1.79,1.06,2.19,0.93,2.04,1.08,1.6,17.27,8.79,0.85,33.31,25.96
design_2553,0.9,1.86,1.05,2.11,1.12,1.98,1.06,1.58,17.4,8.83,0.85,33.44,27.97
design_2554,1.08,1.92,1.31,1.75,1.02,2.05,1.06,1.58,17.09,8.74,0.85,9.19,6.82
design_2555,0.98,1.92,1.1,1.91,1.03,2.21,1.11,1.61,17.54,8.86,0.85,34.78,29.94
design_2556,1.03,2.19,0.73,1.94,1.13,1.58,1.11,1.51,19.05,9.28,0.85,26.72,22.18
design_2557,1.06,1.99,1.08,2.28,0.99,1.96,1.1,1.65,17.12,8.72,0.86,36.3,27.37
design_2558,1.04,2.03,1.13,2.22,0.95,1.84,1.08,1.62,17.27,8.83,0.85,30.13,28.06
design_2559,1.05,1.85,0.95,1.87,1.08,2.27,1.07,1.6,17.23,8.76,0.85,30.5,23.47
design_2560,1.6,2.9,2.9,1.86,1.12,2.54,1.47,2.33,13.3,7.56,0.83,7.22,4.58
design_2561,1.53,3.66,3.65,1.98,1.34,2.61,1.63,2.7,16.92,8.66,0.85,29.59,21.28
design_2562,1.58,3.28,3.11,2.14,1.47,2.53,1.54,2.5,9.52,5.89,0.85,3.96,4.15
design_2563,1.54,3.35,3.24,2.28,1.36,2.53,1.62,2.55,14.92,7.7,0.85,4.41,3.57
design_2564,2.17,3.55,4.27,2.14,1.74,2.64,1.8,2.98,17.83,9.13,0.84,28.05,21.7
design_2565,1.86,3.25,3.76,1.95,1.54,2.52,1.66,2.69,18.04,9.14,0.84,11.14,8.93
design_2566,2.32,3.75,4.24,2.51,1.84,2.61,1.9,3.06,17.68,8.95,0.85,14.36,11.3
design_2567,1.5,3.29,3.37,2.0,1.22,2.47,1.55,2.52,17.44,8.89,0.85,18.33,14.09
design_2568,1.31,2.23,2.94,2.45,1.26,1.07,1.46,1.99,16.01,7.58,0.89,27.7,19.72
design_2569,1.49,2.32,0.86,2.17,1.06,1.15,1.26,1.65,14.63,7.39,0.87,30.57,24.9
design_2570,1.42,2.37,2.8,2.08,1.13,1.04,1.29,1.9,14.39,7.07,0.88,18.21,15.5
design_2571,1.7,3.09,1.44,2.39,1.24,1.09,1.45,1.99,17.34,8.45,0.87,33.52,26.07
design_2572,1.61,2.58,0.68,2.13,1.29,1.02,1.29,1.73,17.07,8.44,0.87,26.44,22.57
design_2573,1.6,2.43,2.52,2.53,1.39,1.02,1.37,2.02,15.91,7.93,0.87,27.82,23.74
design_2574,1.32,2.24,2.57,2.0,1.25,1.02,1.3,1.81,15.26,7.67,0.87,18.2,16.89
design_2575,1.49,2.42,2.62,2.23,1.26,1.07,1.37,1.93,16.3,8.08,0.87,10.05,11.16
design_2576,1.04,1.42,1.73,1.74,1.05,6.13,1.74,3.42,17.65,9.48,0.82,31.57,22.96
design_2577,1.0,1.43,2.05,1.62,0.87,5.08,1.59,2.94,19.06,9.83,0.83,10.26,8.14
design_2578,1.23,1.63,1.84,2.02,0.96,5.37,1.69,3.12,17.88,9.41,0.82,15.55,11.85
design_2579,1.07,1.56,2.2,1.8,0.74,6.31,1.82,3.57,19.01,9.9,0.83,32.49,25.06
design_2580,1.18,1.5,1.58,2.18,0.88,5.87,1.76,3.33,16.67,9.03,0.82,18.94,14.16
design_2581,1.18,1.49,1.95,2.12,1.07,5.45,1.73,3.17,17.24,9.24,0.82,10.76,10.01
design_2582,1.06,1.45,1.74,1.88,0.99,5.14,1.58,2.96,18.43,9.64,0.83,24.36,17.94
design_2583,1.09,1.46,1.94,1.98,0.85,5.37,1.65,3.1,19.04,9.89,0.82,29.6,24.43
design_2584,1.36,2.49,1.91,2.32,1.28,4.12,1.65,2.66,16.73,9.03,0.82,14.6,11.56
design_2585,1.67,2.46,3.32,2.54,1.37,5.07,2.01,3.37,8.77,6.24,0.82,20.94,14.59
design_2586,1.58,2.48,3.47,2.63,1.27,4.78,1.97,3.3,15.31,8.66,0.81,20.64,15.38
design_2587,1.46,2.17,3.11,2.19,0.81,4.53,1.79,3.01,13.36,8.18,0.8,22.93,16.66
design_2588,1.37,2.27,4.04,2.28,1.15,4.81,1.92,3.39,17.39,9.42,0.81,26.05,18.2
design_2589,1.29,2.55,3.43,2.03,1.2,4.7,1.8,3.18,12.27,7.69,0.8,8.1,5.99
design_2590,1.74,2.59,3.47,2.61,1.26,4.89,2.01,3.36,10.37,6.8,0.82,24.18,16.55
design_2591,1.53,2.51,3.48,2.6,1.27,4.82,1.95,3.31,13.34,7.98,0.8,25.95,18.27
design_2592,0.96,1.56,1.42,1.95,1.36,1.98,1.19,1.57,17.88,8.75,0.86,35.88,26.61
design_2593,0.77,1.27,1.6,2.43,0.83,2.17,1.11,1.65,16.71,8.44,0.85,13.26,12.63
design_2594,1.28,1.68,1.68,1.99,0.84,1.76,1.19,1.6,18.92,9.23,0.86,30.99,17.49
design_2595,0.96,1.41,1.58,1.93,0.91,1.66,1.17,1.48,19.85,9.4,0.86,34.92,22.49
design_2596,0.84,1.3,1.73,1.68,0.77,1.49,1.05,1.41,18.79,8.94,0.87,17.4,8.33
design_2597,0.89,1.45,1.64,1.95,2.13,2.0,1.19,1.71,16.09,8.07,0.86,7.05,4.98
design_2598,1.21,1.64,1.52,1.79,0.93,2.01,1.12,1.57,18.54,9.05,0.86,38.46,21.56
design_2599,1.11,1.58,1.8,1.8,0.86,1.46,1.11,1.52,18.17,8.77,0.86,29.42,17.35
design_2600,1.19,2.49,3.25,2.11,1.15,2.77,1.5,2.43,18.77,9.59,0.84,20.04,14.8
design_2601,1.13,2.45,3.32,2.07,1.38,2.36,1.45,2.34,19.75,9.96,0.84,23.18,19.17
design_2602,1.12,2.26,2.21,1.88,1.25,2.21,1.3,1.94,18.13,9.38,0.84,5.86,4.98
design_2603,1.29,2.54,2.99,2.25,1.25,2.64,1.53,2.36,18.01,9.36,0.83,18.56,14.44
design_2604,1.12,2.18,2.88,1.88,1.06,2.35,1.33,2.13,18.2,9.45,0.83,16.82,11.84
design_2605,1.11,2.32,3.07,1.95,1.17,2.7,1.44,2.31,18.3,9.54,0.83,10.69,8.43
design_2606,1.14,2.32,3.36,2.2,1.4,3.23,1.57,2.6,18.01,9.36,0.83,17.36,13.03
design_2607,1.1,2.13,2.57,1.88,1.03,2.27,1.29,2.02,18.92,9.72,0.84,10.98,8.34
design_2608,1.01,3.01,3.82,2.05,1.07,4.13,1.67,3.05,18.35,9.54,0.84,18.9,14.44
design_2609,1.04,2.83,3.06,2.31,0.96,3.8,1.61,2.74,18.83,9.62,0.84,18.47,13.4
design_2610,0.95,2.88,3.55,1.95,0.92,4.15,1.6,2.94,18.82,9.5,0.85,22.43,17.41
design_2611,0.99,2.87,2.43,2.05,0.91,3.04,1.42,2.32,18.96,9.71,0.83,32.09,20.88
design_2612,1.15,2.73,3.38,2.3,0.83,3.79,1.63,2.81,19.04,9.66,0.84,16.53,10.69
design_2613,1.07,2.68,2.79,2.27,0.88,2.94,1.46,2.38,19.34,9.78,0.85,12.16,7.01
design_2614,1.2,2.73,2.81,2.23,1.0,3.06,1.48,2.44,18.72,9.63,0.83,7.71,7.32
design_2615,1.05,2.81,3.42,2.17,0.9,3.99,1.63,2.88,18.59,9.61,0.84,11.48,7.18
design_2616,1.4,1.92,0.91,2.14,1.58,1.78,1.27,1.6,15.76,7.81,0.87,29.18,21.95
design_2617,1.52,2.56,4.29,2.24,1.41,1.42,1.69,2.76,20.81,9.8,0.86,42.16,23.66
design_2618,1.51,2.53,1.81,2.16,1.44,1.89,1.34,1.91,16.41,8.13,0.87,30.7,22.29
design_2619,1.62,2.59,1.97,2.4,1.63,2.02,1.47,2.06,16.73,8.28,0.87,30.71,22.07
design_2620,1.44,2.4,1.75,2.15,1.5,1.76,1.31,1.85,16.32,8.05,0.87,29.32,21.96
design_2621,1.59,2.55,1.78,2.49,1.96,1.85,1.48,2.03,16.45,8.15,0.87,16.68,13.35
design_2622,1.37,2.19,3.52,2.09,1.25,1.22,1.47,2.33,16.75,8.32,0.85,28.29,21.18
design_2623,1.37,1.85,1.22,2.06,1.57,1.73,1.26,1.61,16.76,8.27,0.87,27.21,20.26
design_2624,1.13,2.5,2.1,2.03,1.12,2.39,1.38,2.03,13.34,7.75,0.82,6.51,4.7
design_2625,0.94,2.27,6.49,1.88,1.11,4.0,1.96,3.78,17.54,9.64,0.81,16.96,9.59
design_2626,1.28,2.11,2.17,1.99,1.12,2.47,1.35,2.02,18.83,9.63,0.84,20.39,14.14
design_2627,1.35,2.66,1.84,2.31,1.14,2.78,1.48,2.19,19.01,9.83,0.83,13.25,10.39
design_2628,1.5,2.86,2.41,2.49,1.24,2.64,1.57,2.33,19.42,9.9,0.83,14.81,13.49
design_2629,0.83,2.55,6.69,1.77,0.95,6.33,2.29,4.61,16.66,9.22,0.81,10.98,6.6
design_2630,1.45,2.26,1.75,2.33,1.14,3.55,1.57,2.41,10.06,6.78,0.82,30.56,22.78
design_2631,1.05,2.44,2.2,1.93,1.03,2.84,1.37,2.16,16.0,8.71,0.83,7.89,4.31
design_2632,1.99,2.96,2.99,2.24,1.33,2.14,1.6,2.38,17.48,8.93,0.84,24.84,16.53
design_2633,1.84,3.11,3.9,2.21,1.4,2.76,1.7,2.78,17.91,9.2,0.84,19.32,12.68
design_2634,1.89,2.82,2.49,1.9,1.44,1.86,1.43,2.12,18.19,9.29,0.84,26.45,20.04
design_2635,1.7,3.09,4.0,2.01,1.27,2.22,1.62,2.66,17.82,9.15,0.84,12.13,9.13
design_2636,1.55,2.73,2.58,1.69,1.18,2.23,1.36,2.12,16.49,8.71,0.83,22.79,18.58
design_2637,1.82,2.72,2.65,2.22,1.14,2.22,1.48,2.23,14.61,8.01,0.83,6.69,4.86
design_2638,1.66,3.17,3.81,1.95,1.31,2.14,1.59,2.59,17.35,8.91,0.84,26.28,20.57
design_2639,1.89,2.92,4.45,2.15,1.28,2.09,1.69,2.8,17.95,9.22,0.84,10.43,6.19
design_2640,0.94,2.18,1.07,1.51,0.96,2.09,1.07,1.49,18.36,8.94,0.86,11.2,5.88
design_2641,1.45,2.51,1.3,2.58,1.16,1.95,1.36,1.84,18.64,9.02,0.86,22.51,14.8
design_2642,1.37,2.02,1.15,2.02,0.73,1.86,1.18,1.55,18.45,8.89,0.85,34.65,20.15
design_2643,1.15,1.79,0.99,1.58,0.85,2.13,1.13,1.43,18.61,9.06,0.86,26.62,16.82
design_2644,1.37,2.28,0.98,2.35,1.07,2.09,1.24,1.7,18.21,8.96,0.86,9.15,7.69
design_2645,1.42,2.36,1.06,1.94,1.25,2.21,1.27,1.69,17.67,8.65,0.86,36.49,22.64
design_2646,1.29,1.75,0.99,1.48,0.73,1.37,1.08,1.27,19.52,9.26,0.86,24.2,14.25
design_2647,1.42,1.79,1.08,1.89,1.02,2.25,1.21,1.58,17.41,8.59,0.86,15.23,10.73
design_2648,1.35,1.8,3.07,1.75,0.85,1.72,1.24,1.99,17.6,9.06,0.84,18.81,14.87
design_2649,1.18,1.62,3.39,1.67,1.25,1.91,1.29,2.11,16.02,8.54,0.84,7.17,4.39
design_2650,1.34,1.88,3.4,1.86,0.97,1.91,1.35,2.17,17.97,9.2,0.84,22.5,17.65
design_2651,1.28,1.55,2.83,1.93,0.9,1.88,1.26,1.93,17.06,8.89,0.84,20.63,13.85
design_2652,1.42,1.81,3.09,1.9,1.06,1.81,1.35,2.05,17.97,9.24,0.84,18.75,9.73
design_2653,0.94,1.26,3.58,1.48,0.81,2.24,1.18,2.15,17.99,9.28,0.84,26.47,19.31
design_2654,1.39,2.03,3.56,1.75,0.95,1.92,1.36,2.23,18.12,9.22,0.84,14.92,9.81
design_2655,1.23,1.62,2.89,1.52,0.83,1.79,1.17,1.88,19.05,9.68,0.84,22.88,17.11
design_2656,1.55,2.64,1.68,2.65,1.32,2.49,1.48,2.17,16.85,9.0,0.83,32.07,24.45
design_2657,1.21,2.6,1.35,2.7,1.3,2.38,1.41,2.07,17.48,9.04,0.85,31.67,24.23
design_2658,1.43,2.49,1.82,2.24,1.22,2.16,1.3,1.96,17.78,9.26,0.84,31.03,24.52
design_2659,1.24,2.71,1.95,2.41,1.18,1.89,1.29,1.97,16.66,8.92,0.83,27.07,21.58
design_2660,1.33,2.61,1.91,2.65,1.22,2.13,1.39,2.06,16.99,9.0,0.84,30.69,24.09
design_2661,1.45,2.62,1.89,2.75,1.37,2.33,1.48,2.16,18.25,9.36,0.84,32.81,24.55
design_2662,1.26,2.58,1.97,2.22,1.23,4.51,1.52,2.72,17.56,9.24,0.83,30.09,23.84
design_2663,1.21,2.7,0.99,2.34,1.28,1.91,1.33,1.87,18.37,9.5,0.84,31.7,26.03
design_2664,1.2,1.57,1.6,1.82,0.76,2.61,1.2,1.78,15.15,8.24,0.83,13.59,8.64
design_2665,1.47,1.87,2.11,1.79,0.98,2.07,1.31,1.81,15.5,8.49,0.83,4.69,3.92
design_2666,1.27,1.64,1.39,1.86,0.76,2.73,1.25,1.8,13.63,7.76,0.83,14.36,10.69
design_2667,1.27,1.72,1.8,1.77,1.12,2.91,1.35,1.95,16.79,9.0,0.83,23.29,17.38
design_2668,1.27,1.64,1.61,1.79,0.82,2.5,1.23,1.76,15.72,8.53,0.83,22.49,14.26
design_2669,1.15,1.62,1.63,1.54,0.69,2.15,1.15,1.59,18.16,9.35,0.83,17.42,10.78
design_2670,1.39,1.74,1.49,1.87,0.8,2.4,1.24,1.74,14.44,8.13,0.83,9.61,5.28
design_2671,1.52,1.63,1.57,1.74,0.92,2.79,1.28,1.87,15.85,8.68,0.83,7.05,5.65
design_2672,1.13,1.9,1.0,1.9,1.02,2.18,1.28,1.62,17.07,8.83,0.84,16.5,14.1
design_2673,0.79,1.77,0.85,1.59,0.86,2.32,1.09,1.53,16.86,8.84,0.83,10.4,10.19
design_2674,1.01,1.69,1.1,1.77,1.11,2.21,1.18,1.59,18.32,9.38,0.84,6.81,6.01
design_2675,1.01,1.54,0.9,1.69,0.86,1.85,1.09,1.39,16.49,8.65,0.84,29.69,22.46
design_2676,1.1,1.7,0.99,1.9,1.12,2.52,1.24,1.71,16.54,8.75,0.83,8.35,9.0
design_2677,1.19,1.85,1.08,1.9,1.01,2.08,1.26,1.6,17.0,8.83,0.84,12.0,7.2
design_2678,1.05,1.75,1.05,1.83,1.07,1.87,1.23,1.5,15.36,8.29,0.83,27.92,20.26
design_2679,1.12,1.8,0.87,1.8,1.09,1.86,1.2,1.49,17.27,8.89,0.84,12.96,10.55
design_2680,1.18,2.64,4.16,1.71,1.09,2.33,1.56,2.7,17.87,9.43,0.82,30.34,21.15
design_2681,1.19,2.27,3.32,1.69,1.04,2.49,1.4,2.36,17.34,9.27,0.82,18.35,14.4
design_2682,1.1,2.69,4.21,1.75,1.25,2.47,1.58,2.76,15.69,8.59,0.82,8.81,9.18
design_2683,1.2,2.34,3.28,2.01,1.06,2.18,1.43,2.33,16.8,8.92,0.83,18.39,11.86
design_2684,1.13,2.61,3.43,1.85,1.11,2.26,1.46,2.41,17.84,9.3,0.82,27.76,23.11
design_2685,1.24,2.53,2.85,1.87,1.04,2.04,1.37,2.16,13.58,7.7,0.82,6.13,5.56
design_2686,1.17,2.48,4.02,1.72,0.95,2.33,1.5,2.62,17.04,9.08,0.82,23.77,17.36
design_2687,1.13,2.69,3.75,1.83,1.29,2.56,1.52,2.61,16.9,9.09,0.82,12.62,10.1
design_2688,0.83,1.77,1.27,2.56,1.08,1.03,1.17,1.58,15.18,7.8,0.86,7.8,5.41
design_2689,0.86,1.99,1.0,2.41,0.87,1.04,1.16,1.53,17.08,8.34,0.88,38.58,31.28
design_2690,0.85,1.73,1.11,2.4,0.98,1.07,1.12,1.5,15.34,7.8,0.87,3.49,3.35
design_2691,0.88,1.99,1.2,2.34,1.08,1.03,1.17,1.55,16.0,7.94,0.88,41.9,30.58
design_2692,0.8,1.88,1.01,2.63,1.06,1.06,1.19,1.6,16.8,8.23,0.87,31.18,25.28
design_2693,1.21,2.25,1.02,2.42,0.93,1.03,1.17,1.64,17.02,8.37,0.88,31.89,24.67
design_2694,0.85,1.81,1.0,2.45,0.94,1.08,1.14,1.52,16.92,8.28,0.88,32.97,26.88
design_2695,0.81,2.02,0.98,3.05,0.96,1.19,1.31,1.76,16.2,7.99,0.87,27.43,19.49
design_2696,1.81,2.7,2.01,2.64,1.76,1.58,1.46,2.1,12.69,7.37,0.83,8.56,4.95
design_2697,1.45,2.48,2.04,3.0,1.49,2.11,1.44,2.17,15.75,8.37,0.83,32.01,25.55
design_2698,1.66,2.95,2.07,3.3,1.76,1.83,1.56,2.34,17.49,9.17,0.84,36.88,26.51
design_2699,1.83,2.74,1.99,3.2,1.56,1.67,1.52,2.23,17.33,9.1,0.84,32.2,24.69
design_2700,1.4,2.87,2.31,2.82,1.05,2.0,1.42,2.17,15.87,8.11,0.86,29.09,22.94
design_2701,1.89,3.21,1.36,3.01,1.9,1.91,1.55,2.31,17.64,9.14,0.84,25.45,19.54
design_2702,1.68,2.49,2.04,2.87,1.64,1.97,1.45,2.16,16.19,8.5,0.84,33.32,26.21
design_2703,1.81,2.82,2.14,3.11,1.73,1.81,1.52,2.28,16.4,8.65,0.83,18.06,15.73
design_2704,1.5,2.05,1.58,1.77,0.95,2.32,1.26,1.78,16.16,8.49,0.84,11.93,6.88
design_2705,1.47,1.8,0.71,1.54,0.82,1.67,1.12,1.36,18.29,9.25,0.84,29.74,20.97
design_2706,1.66,2.11,1.21,2.09,1.33,2.17,1.35,1.78,16.63,8.59,0.85,9.93,5.61
design_2707,1.04,1.11,1.14,1.51,0.69,3.02,1.03,1.71,6.56,5.34,0.83,7.07,3.99
design_2708,1.45,2.03,1.0,1.6,0.73,1.65,1.16,1.44,17.06,8.74,0.84,22.14,15.2
design_2709,1.06,1.17,1.12,1.3,0.67,2.1,0.99,1.37,13.84,7.72,0.84,8.54,4.66
design_2710,1.88,2.31,1.26,2.43,0.98,2.24,1.45,1.9,17.69,8.86,0.85,13.69,11.9
design_2711,1.65,2.11,0.97,1.71,0.97,2.06,1.21,1.62,18.77,9.47,0.84,12.21,13.67
design_2712,1.94,1.96,1.3,4.49,1.12,2.57,1.61,2.47,19.27,9.6,0.85,32.46,23.36
design_2713,1.66,1.97,2.11,4.33,1.24,2.24,1.57,2.46,18.71,9.46,0.84,24.63,19.17
design_2714,1.65,1.88,1.07,3.99,1.07,2.28,1.45,2.2,19.12,9.55,0.84,23.05,17.22
design_2715,1.87,2.22,2.0,4.52,0.94,2.18,1.62,2.51,19.76,9.74,0.85,24.61,19.55
design_2716,1.65,2.02,1.16,3.97,1.0,2.38,1.47,2.24,18.98,9.44,0.85,21.22,17.6
design_2717,1.63,2.27,2.08,4.27,1.19,2.04,1.58,2.42,18.56,9.07,0.86,29.12,23.43
design_2718,1.66,2.03,1.19,4.31,0.81,2.11,1.55,2.27,17.75,8.88,0.85,28.42,20.88
design_2719,1.88,2.2,1.31,4.49,1.05,2.33,1.58,2.43,19.36,9.7,0.85,21.92,15.92
design_2720,0.98,1.75,0.79,1.71,1.11,7.29,1.99,4.07,17.72,9.49,0.83,13.61,10.36
design_2721,1.37,1.96,1.19,1.65,0.97,7.1,1.98,4.02,17.34,9.37,0.82,7.98,7.79
design_2722,1.18,2.03,1.27,1.56,1.05,7.47,2.05,4.2,16.37,8.91,0.82,13.43,10.71
design_2723,0.97,1.65,1.23,1.85,1.05,7.82,2.12,4.37,17.58,9.38,0.83,11.82,8.69
design_2724,1.23,2.08,1.06,1.77,1.3,7.64,2.1,4.3,17.23,9.23,0.82,14.51,11.1
design_2725,1.06,1.77,1.16,1.88,1.05,7.72,2.12,4.32,18.15,9.5,0.83,19.7,14.47
design_2726,0.85,1.66,1.35,2.23,1.12,7.99,2.17,4.48,18.18,9.46,0.83,14.54,11.43
design_2727,1.34,1.6,1.02,1.65,1.03,7.02,1.98,3.94,18.42,9.73,0.81,27.86,17.63
design_2728,1.0,1.57,0.56,2.26,0.85,2.38,1.07,1.61,15.68,8.34,0.84,29.14,22.24
design_2729,0.91,1.55,1.38,2.07,0.9,2.27,1.05,1.64,17.59,9.09,0.85,30.97,23.3
design_2730,0.84,1.43,1.43,2.2,1.35,2.48,1.11,1.75,7.14,5.35,0.84,26.44,21.89
design_2731,1.25,2.22,1.39,2.47,0.81,2.08,1.2,1.8,17.87,9.13,0.84,30.09,23.37
design_2732,1.1,1.89,1.27,2.59,0.83,2.39,1.21,1.82,15.52,8.2,0.85,31.2,23.98
design_2733,1.08,1.87,0.57,2.5,0.86,2.51,1.24,1.75,18.0,9.2,0.85,27.53,16.63
design_2734,1.14,2.04,1.01,2.56,0.75,2.28,1.25,1.77,18.26,9.14,0.85,32.5,24.24
design_2735,1.1,1.73,1.47,2.36,1.14,2.17,1.17,1.75,16.62,8.56,0.85,27.64,21.47
design_2736,0.98,1.44,1.48,1.85,0.75,5.4,1.5,2.68,16.01,8.27,0.85,10.07,7.52
design_2737,0.87,1.24,3.83,1.85,0.62,2.35,1.3,2.14,16.66,8.9,0.84,32.01,21.34
design_2738,1.21,1.87,1.57,1.89,0.8,5.53,1.52,2.8,17.99,8.87,0.86,24.95,20.0
design_2739,1.09,1.11,4.3,1.95,1.15,2.35,1.37,2.34,16.26,8.67,0.84,27.4,20.56
design_2740,0.51,1.26,2.23,1.81,1.42,5.03,1.45,2.63,14.64,7.97,0.83,30.47,23.19
design_2741,0.76,1.33,3.43,1.7,0.59,5.0,1.48,2.79,16.26,8.58,0.84,28.57,22.82
design_2742,1.29,1.01,1.66,1.97,0.76,5.62,1.56,2.8,17.15,8.65,0.86,24.54,19.05
design_2743,0.53,1.19,2.06,1.69,0.76,5.13,1.43,2.59,10.42,6.22,0.85,27.85,21.01
design_2744,1.13,1.37,2.3,2.17,0.97,1.33,1.23,1.74,16.76,8.46,0.86,31.29,23.0
design_2745,0.83,1.12,1.78,2.1,1.05,1.22,1.11,1.48,17.0,8.75,0.84,12.19,9.76
design_2746,1.13,0.91,4.38,1.97,0.71,1.27,1.41,2.54,15.65,8.14,0.84,29.99,23.05
design_2747,1.84,2.19,3.57,2.89,1.6,1.79,1.73,2.6,17.31,8.6,0.85,28.19,20.91
design_2748,1.46,1.92,2.16,2.48,1.14,1.27,1.39,1.87,16.66,8.53,0.84,29.31,21.29
design_2749,1.5,1.68,4.98,2.52,1.22,1.61,1.78,3.01,19.54,9.82,0.83,23.39,16.36
design_2750,0.9,1.13,1.94,1.97,0.77,0.99,1.09,1.47,17.37,8.86,0.85,24.04,19.08
design_2751,0.92,0.96,4.12,2.12,1.1,1.32,1.39,2.45,14.34,7.66,0.84,10.16,8.52
design_2752,1.59,1.82,2.27,2.46,0.95,3.42,1.49,2.38,18.42,9.38,0.83,8.97,7.01
design_2753,1.61,1.66,2.43,2.34,0.72,2.81,1.38,2.18,18.82,9.47,0.83,21.95,15.99
design_2754,1.6,1.5,1.5,2.16,0.82,2.27,1.21,1.76,20.93,10.21,0.84,13.65,11.67
design_2755,1.62,1.69,2.49,2.41,0.82,3.09,1.43,2.3,19.3,9.67,0.84,35.28,25.08
design_2756,1.47,1.77,1.72,2.39,0.95,2.78,1.37,2.02,19.78,9.86,0.83,41.21,28.5
design_2757,1.8,1.74,1.94,2.58,0.84,2.35,1.33,2.01,19.19,9.45,0.84,39.4,25.23
design_2758,1.71,1.83,2.56,2.61,0.94,3.44,1.57,2.49,17.01,8.91,0.83,17.67,10.17
design_2759,1.37,1.4,3.19,1.92,1.0,4.89,1.62,3.0,16.88,8.86,0.84,12.32,7.97
design_2760,1.38,2.63,1.61,2.35,1.41,5.73,1.7,3.16,16.91,9.01,0.83,30.53,23.04
design_2761,1.63,2.13,1.34,2.76,1.11,1.95,1.28,1.91,17.61,9.14,0.83,40.21,27.17
design_2762,1.38,2.13,1.19,2.6,1.2,2.19,1.29,1.89,17.71,9.22,0.84,14.56,8.35
design_2763,1.51,2.59,1.63,2.83,1.07,2.31,1.38,2.1,17.71,9.22,0.83,26.34,19.8
design_2764,1.48,2.47,1.4,2.7,1.24,2.34,1.37,2.04,17.61,9.2,0.84,15.68,11.96
design_2765,1.34,2.4,1.27,2.56,1.09,2.24,1.28,1.93,18.05,9.36,0.83,19.2,14.27
design_2766,1.36,2.22,1.11,2.33,1.13,5.78,1.62,3.08,16.72,8.89,0.83,27.56,20.8
design_2767,1.51,2.91,2.04,2.73,1.45,2.17,1.42,2.2,17.73,9.28,0.83,39.03,25.32
design_2768,1.2,1.35,2.65,2.1,1.23,2.84,1.3,2.15,15.98,8.63,0.82,13.75,9.32
design_2769,1.4,1.8,2.08,2.1,1.3,2.61,1.28,1.98,15.07,8.38,0.82,5.15,4.93
design_2770,1.42,1.6,2.34,2.26,1.4,2.44,1.32,2.04,15.38,8.33,0.82,17.55,13.0
design_2771,1.28,1.42,2.17,1.85,1.29,2.62,1.16,1.92,7.33,5.55,0.83,6.03,5.56
design_2772,1.5,1.68,3.28,2.53,1.27,2.45,1.47,2.42,19.7,10.02,0.83,33.82,20.34
design_2773,1.35,1.42,2.57,1.92,1.56,2.15,1.23,2.0,13.47,7.82,0.82,20.39,15.22
design_2774,1.28,1.45,2.11,2.04,0.93,2.96,1.2,1.99,6.27,5.16,0.84,5.51,3.49
design_2775,1.32,1.47,3.54,2.25,1.11,2.58,1.41,2.46,18.3,9.55,0.83,15.28,12.73
design_2776,1.05,1.58,1.32,1.52,0.99,6.8,1.74,3.51,15.37,8.3,0.83,29.14,22.65
design_2777,1.01,1.6,1.14,1.44,1.02,6.64,1.69,3.42,15.95,8.57,0.84,29.85,23.28
design_2778,1.1,2.11,1.76,1.6,1.33,6.98,1.81,3.68,15.94,8.36,0.85,30.35,23.36
design_2779,1.39,1.83,1.12,1.23,0.95,2.97,1.22,1.86,14.24,8.01,0.83,29.93,23.67
design_2780,0.98,2.32,1.34,1.6,1.26,6.95,1.78,3.65,18.14,9.29,0.85,32.49,24.54
design_2781,1.01,1.71,1.17,1.6,1.26,6.88,1.81,3.56,14.2,7.64,0.84,29.5,22.56
design_2782,0.92,1.57,1.3,2.02,1.19,6.72,1.74,3.52,15.28,8.33,0.83,29.75,22.85
design_2783,0.99,1.44,1.41,1.57,1.12,6.49,1.69,3.37,15.0,8.17,0.83,30.17,23.23
design_2784,1.5,1.58,3.4,2.51,2.11,3.17,1.63,2.62,8.38,5.8,0.84,11.89,10.44
design_2785,1.17,1.76,3.1,2.19,1.37,3.02,1.52,2.37,17.4,9.17,0.83,14.97,12.2
design_2786,1.51,1.57,3.32,2.18,1.62,2.96,1.56,2.44,8.97,6.24,0.82,16.55,14.41
design_2787,1.17,1.51,3.32,2.07,1.28,3.17,1.51,2.43,17.82,9.31,0.83,30.26,18.46
design_2788,1.2,1.55,3.56,2.15,1.4,3.16,1.55,2.51,18.31,9.49,0.83,28.93,22.5
design_2789,1.31,1.9,3.01,2.24,1.44,2.77,1.52,2.31,17.19,9.09,0.83,13.54,9.6
design_2790,1.17,1.56,3.37,2.14,1.52,2.67,1.49,2.31,17.91,9.35,0.83,6.65,7.37
design_2791,1.25,1.67,3.27,2.16,1.39,2.63,1.5,2.29,17.51,9.19,0.83,8.13,7.97
design_2792,1.88,1.93,2.28,2.11,1.63,1.95,1.48,2.02,18.34,9.35,0.84,33.06,22.16
design_2793,1.88,2.04,3.81,2.1,1.71,2.03,1.64,2.59,16.15,8.42,0.84,15.65,12.82
design_2794,1.93,1.63,3.66,1.98,1.46,1.77,1.55,2.43,16.85,8.65,0.84,17.74,12.5
design_2795,1.54,1.96,3.76,1.91,1.5,1.97,1.54,2.47,19.31,9.46,0.85,37.6,32.14
design_2796,1.69,1.71,2.87,2.0,1.61,1.77,1.44,2.12,17.5,9.04,0.84,19.84,15.89
design_2797,1.59,2.21,4.24,2.05,1.49,2.08,1.64,2.73,17.47,8.89,0.84,28.2,23.17
design_2798,1.48,1.36,2.64,1.75,1.47,1.45,1.3,1.88,18.48,9.1,0.84,33.95,23.37
design_2799,1.86,1.98,2.78,2.05,1.43,1.73,1.46,2.13,17.73,9.06,0.84,23.91,19.88
design_2800,1.19,1.56,3.62,1.88,1.13,2.23,1.24,2.05,16.22,8.4,0.85,29.82,23.79
design_2801,1.01,1.38,3.54,1.66,0.73,3.47,1.27,2.37,17.49,9.08,0.84,32.29,24.68
design_2802,0.82,1.64,3.56,1.79,0.93,2.07,1.18,1.95,16.6,8.6,0.85,27.75,21.07
design_2803,1.1,1.64,4.04,1.97,0.88,2.4,1.31,2.19,17.28,8.96,0.85,29.85,21.92
design_2804,1.1,1.52,3.56,1.68,1.07,2.33,1.21,2.02,16.26,8.38,0.85,31.28,22.82
design_2805,0.94,1.67,3.56,1.89,0.9,2.13,1.23,1.99,17.53,8.93,0.85,32.83,26.14
design_2806,1.04,1.44,3.58,1.82,0.98,2.11,1.2,1.96,16.96,8.71,0.85,32.8,24.41
design_2807,1.12,1.73,3.65,1.95,1.24,2.44,1.29,2.15,17.07,8.79,0.85,27.1,22.14
design_2808,1.06,2.46,2.26,2.19,1.36,1.11,1.18,1.9,16.93,8.28,0.87,29.56,22.75
design_2809,1.0,2.7,1.77,2.22,1.45,1.0,1.17,1.79,17.75,8.76,0.87,32.52,21.58
design_2810,1.16,2.58,2.5,2.23,1.26,1.19,1.25,2.01,17.82,8.73,0.86,22.7,17.81
design_2811,1.37,2.63,2.48,2.61,1.43,1.17,1.38,2.11,17.4,8.6,0.86,31.06,22.17
design_2812,1.42,2.83,2.11,2.52,1.37,1.92,1.36,2.09,17.3,8.49,0.87,26.55,16.94
design_2813,1.41,2.97,2.03,2.52,1.58,1.44,1.36,2.07,17.24,8.55,0.86,9.57,6.08
design_2814,1.08,2.56,2.06,2.27,1.38,1.18,1.2,1.87,17.25,8.51,0.87,25.35,21.64
design_2815,1.42,2.66,2.01,2.49,1.57,1.36,1.34,1.99,19.14,9.25,0.86,35.75,25.65
design_2816,1.6,2.86,0.76,2.73,1.35,1.08,1.29,1.94,15.69,8.14,0.86,17.58,15.27
design_2817,1.71,2.96,0.97,2.61,1.44,0.99,1.32,1.97,16.88,8.57,0.86,25.33,21.69
design_2818,1.85,2.96,1.03,2.92,1.53,1.07,1.44,2.1,17.68,8.66,0.86,31.81,23.36
design_2819,1.64,3.02,0.93,2.72,1.63,1.0,1.36,2.02,16.84,8.56,0.86,30.4,22.47
design_2820,1.64,3.69,0.84,2.96,1.39,1.09,1.46,2.23,16.93,8.55,0.86,22.84,17.5
design_2821,1.76,3.16,0.9,2.68,1.65,1.09,1.4,2.07,16.49,8.38,0.86,34.4,27.24
design_2822,1.7,2.56,1.37,2.66,1.3,1.4,1.31,1.95,15.22,7.92,0.86,5.4,3.88
design_2823,1.78,2.99,1.06,2.94,1.38,1.03,1.39,2.08,18.01,8.88,0.85,14.94,10.0
design_2824,1.71,2.14,1.68,2.01,1.16,3.18,1.46,2.21,18.91,9.66,0.83,14.63,10.39
design_2825,1.82,2.03,1.35,1.82,1.12,3.08,1.38,2.09,19.81,10.06,0.82,34.59,26.74
design_2826,1.33,1.72,1.89,1.68,0.99,4.78,1.51,2.76,17.02,9.08,0.83,10.53,6.93
design_2827,1.8,2.2,1.0,2.11,1.41,3.52,1.53,2.3,19.15,9.77,0.83,38.77,25.02
design_2828,1.32,1.85,1.64,1.69,1.29,5.11,1.6,2.9,19.1,9.77,0.83,17.28,15.73
design_2829,1.39,1.79,1.95,1.69,1.08,4.62,1.5,2.71,18.46,9.59,0.83,10.12,6.89
design_2830,1.94,2.28,1.41,2.11,1.15,2.92,1.46,2.13,17.64,9.22,0.83,10.82,6.42
design_2831,1.49,2.04,1.87,2.04,1.13,3.46,1.44,2.31,18.41,9.53,0.82,26.46,19.59
design_2832,1.52,2.38,2.81,1.96,1.39,1.74,1.35,1.97,13.14,7.54,0.83,20.03,15.37
design_2833,1.38,2.18,3.01,1.89,1.39,1.9,1.3,1.97,17.56,9.1,0.85,17.84,13.31
design_2834,1.09,1.84,3.47,1.84,0.98,5.79,1.69,3.33,16.13,8.52,0.84,16.54,12.53
design_2835,1.14,2.17,3.98,1.87,0.97,1.62,1.31,2.05,14.86,7.97,0.85,22.79,17.77
design_2836,1.35,2.16,3.75,2.31,1.04,1.93,1.38,2.17,16.79,8.8,0.84,24.89,18.04
design_2837,1.1,1.79,3.48,1.75,0.84,5.38,1.6,3.14,16.97,8.81,0.84,21.65,16.16
design_2838,0.96,2.14,4.75,1.73,1.12,1.61,1.33,2.21,13.88,7.7,0.84,20.74,15.87
design_2839,0.91,1.9,3.52,1.78,1.05,1.62,1.23,1.88,14.1,7.74,0.84,20.11,15.51
design_2840,1.62,2.25,4.7,2.02,1.14,1.86,1.63,2.86,17.78,9.25,0.84,31.46,22.63
design_2841,1.91,2.37,4.36,1.66,0.81,1.48,1.5,2.67,18.27,9.13,0.84,37.14,24.96
design_2842,1.82,2.47,4.21,2.05,1.0,1.75,1.57,2.69,18.13,9.15,0.84,30.23,22.14
design_2843,2.02,2.47,4.34,1.88,0.87,1.39,1.55,2.7,19.71,9.55,0.85,41.2,25.59
design_2844,1.61,2.01,4.42,1.81,0.99,1.93,1.51,2.7,18.98,9.79,0.83,30.1,22.68
design_2845,1.66,2.42,5.34,2.01,1.21,2.14,1.78,3.2,19.35,9.82,0.84,31.73,22.67
design_2846,1.81,2.22,4.58,1.79,0.63,1.46,1.52,2.74,20.77,10.13,0.84,46.77,29.05
design_2847,1.55,2.21,4.34,1.96,0.97,1.89,1.51,2.69,18.24,9.29,0.84,35.4,23.23
design_2848,0.76,1.28,3.58,1.99,0.96,1.07,1.15,1.79,14.22,7.13,0.88,32.09,25.91
design_2849,0.75,1.15,3.54,2.17,0.9,1.19,1.12,1.81,14.04,7.11,0.88,32.14,27.1
design_2850,1.11,1.81,3.72,2.02,0.9,1.09,1.15,1.93,17.07,8.15,0.89,22.15,18.31
design_2851,0.58,1.4,3.89,2.26,0.92,0.92,1.23,1.91,16.93,8.15,0.88,28.45,19.47
design_2852,0.49,1.47,3.73,2.05,0.93,1.05,1.14,1.84,16.52,7.96,0.89,30.39,26.18
design_2853,0.58,1.36,3.65,2.38,0.91,1.17,1.15,1.9,16.11,7.87,0.88,33.59,29.36
design_2854,1.21,2.36,1.55,2.31,1.26,1.0,1.22,1.71,17.79,8.87,0.86,26.85,23.14
design_2855,0.51,1.53,3.88,2.34,0.88,0.98,1.23,1.94,16.19,7.76,0.89,32.17,25.55
design_2856,1.28,1.78,1.12,1.71,0.61,7.06,1.96,3.97,18.03,9.56,0.83,7.63,7.67
design_2857,1.12,2.08,1.76,1.74,0.83,7.31,2.03,4.14,18.02,9.5,0.83,20.69,15.71
design_2858,1.16,2.11,0.98,1.78,0.91,6.81,1.92,3.86,17.99,9.48,0.83,9.23,7.37
design_2859,1.02,1.78,1.06,2.35,0.67,7.0,1.95,3.98,17.31,9.34,0.83,9.46,8.95
design_2860,1.42,2.16,1.18,1.8,0.94,6.82,1.96,3.9,17.35,9.38,0.82,14.99,12.06
design_2861,1.33,2.27,2.11,2.28,1.16,7.15,2.05,4.16,17.48,9.27,0.83,7.36,8.38
design_2862,1.11,1.93,1.29,1.71,0.77,6.88,1.92,3.89,17.44,9.35,0.82,9.2,7.85
design_2863,1.35,2.06,1.16,1.85,1.05,6.95,1.98,3.96,18.44,9.69,0.83,26.29,17.9
design_2864,1.45,1.93,1.1,1.65,1.23,5.72,1.52,2.89,15.75,8.33,0.84,17.42,12.88
design_2865,1.45,1.84,1.13,1.69,1.37,3.16,1.25,1.96,16.5,8.76,0.84,5.73,4.21
design_2866,1.41,1.67,1.64,1.57,1.22,3.05,1.24,1.92,17.05,8.97,0.84,18.9,13.51
design_2867,1.88,1.81,4.4,1.65,1.09,2.56,1.43,2.44,16.84,8.85,0.83,21.63,14.27
design_2868,1.53,1.57,4.45,1.63,1.2,2.45,1.36,2.37,15.7,8.5,0.83,21.55,16.82
design_2869,1.45,1.56,3.81,2.18,1.04,2.63,1.29,2.3,16.48,8.89,0.83,28.21,21.78
design_2870,1.53,1.94,1.29,1.62,1.13,5.65,1.52,2.87,14.8,7.84,0.85,8.7,6.99
design_2871,1.52,1.99,1.39,1.53,1.42,5.05,1.43,2.66,10.82,6.41,0.84,15.43,11.83
design_2872,1.35,1.64,2.31,1.55,1.14,6.92,1.97,3.89,18.72,9.72,0.83,17.65,15.09
design_2873,1.65,1.58,0.97,1.83,1.35,4.7,1.58,2.75,11.45,7.18,0.81,29.07,22.33
design_2874,1.17,1.44,0.7,1.73,0.97,4.2,1.37,2.42,17.29,9.25,0.83,23.0,19.77
design_2875,1.49,1.85,1.71,1.93,1.33,2.73,1.38,2.02,16.92,8.94,0.83,15.59,12.27
design_2876,1.06,1.59,0.97,1.59,1.14,7.15,1.94,3.88,18.34,9.56,0.82,18.96,17.19
design_2877,1.37,1.42,0.82,1.86,1.14,2.9,1.25,1.9,15.91,8.7,0.83,15.38,11.23
design_2878,1.29,1.39,1.01,1.86,1.01,3.26,1.27,2.05,16.11,8.86,0.81,17.86,14.97
design_2879,1.1,1.69,1.04,1.7,1.16,5.02,1.56,2.85,17.51,9.36,0.83,20.24,16.49
design_2880,1.34,1.9,0.96,1.75,1.37,7.53,1.99,4.07,16.57,8.87,0.83,34.01,23.5
design_2881,1.32,1.64,0.85,1.71,1.02,8.12,2.07,4.32,17.74,8.98,0.85,18.01,13.82
design_2882,1.32,2.06,1.99,1.79,1.38,5.29,1.65,3.08,16.76,9.15,0.82,16.34,12.34
design_2883,1.18,1.71,0.75,1.74,1.08,2.62,1.2,1.78,14.96,8.42,0.82,11.62,9.54
design_2884,1.09,1.82,0.94,1.79,1.25,8.11,2.09,4.33,17.69,9.16,0.84,13.08,10.05
design_2885,1.07,1.55,0.73,1.75,1.14,4.07,1.34,2.37,10.9,6.95,0.82,5.57,4.15
design_2886,1.12,1.52,0.87,1.71,1.09,7.32,1.89,3.91,16.87,8.96,0.84,8.46,8.28
design_2887,1.04,1.81,0.96,1.7,1.16,8.19,2.1,4.36,17.45,9.03,0.84,21.25,14.75
design_2888,0.89,1.77,0.44,1.56,0.84,2.42,1.11,1.55,16.84,8.76,0.84,11.67,8.6
design_2889,0.65,1.21,0.7,1.59,0.9,3.05,1.13,1.72,18.25,9.29,0.85,15.57,11.27
design_2890,1.03,1.93,0.56,1.56,0.75,2.71,1.16,1.69,16.66,8.72,0.84,13.22,9.38
design_2891,0.76,1.72,0.81,1.49,0.85,2.74,1.16,1.67,18.2,9.25,0.84,30.33,22.53
design_2892,1.14,1.87,0.63,1.68,0.79,2.65,1.21,1.7,16.16,8.52,0.84,28.27,21.66
design_2893,0.85,1.81,0.5,1.53,0.79,2.45,1.11,1.56,18.52,9.36,0.85,6.98,5.85
design_2894,0.68,1.49,0.4,1.56,0.8,3.01,1.17,1.72,16.7,8.72,0.84,32.34,21.79
design_2895,0.48,1.3,0.71,1.48,0.69,3.89,1.16,2.05,18.42,9.4,0.85,32.4,25.36
design_2896,0.78,1.67,1.57,1.68,0.97,2.32,1.09,1.59,18.24,8.97,0.86,18.19,13.66
design_2897,0.84,1.9,1.58,1.93,0.98,2.44,1.23,1.7,17.85,8.82,0.86,30.29,24.99
design_2898,0.89,1.8,1.44,1.7,1.09,1.97,1.13,1.52,18.71,9.13,0.86,32.33,24.01
design_2899,0.87,1.93,1.63,1.81,1.04,1.82,1.18,1.58,17.49,8.7,0.86,28.53,23.06
design_2900,0.89,1.72,1.42,1.76,1.1,2.26,1.16,1.58,17.43,8.69,0.86,22.33,16.14
design_2901,0.78,1.69,1.66,1.65,0.87,2.44,1.13,1.63,17.54,8.81,0.85,16.85,13.8
design_2902,0.82,1.75,1.51,1.78,1.05,2.44,1.17,1.64,15.29,8.0,0.85,17.3,13.1
design_2903,0.85,1.79,1.63,1.73,0.98,2.29,1.16,1.63,17.64,8.79,0.85,11.82,8.35
design_2904,1.07,1.64,2.57,1.55,1.04,3.45,1.38,2.32,15.85,8.59,0.83,24.99,18.8
design_2905,1.09,1.55,2.84,1.5,0.95,3.51,1.43,2.39,16.17,8.69,0.82,22.62,17.38
design_2906,1.26,1.86,2.9,1.69,1.18,3.53,1.47,2.48,17.4,9.14,0.83,14.11,10.81
design_2907,1.56,2.05,2.19,1.74,1.13,2.81,1.36,2.11,15.96,8.76,0.82,22.57,16.45
design_2908,1.24,1.75,2.69,1.54,1.05,3.47,1.4,2.37,18.01,9.21,0.84,31.65,22.1
design_2909,1.58,2.11,2.05,1.83,1.12,2.28,1.35,1.94,17.96,9.48,0.82,7.27,5.32
design_2910,1.11,1.68,2.85,1.55,1.18,3.6,1.45,2.46,17.34,9.11,0.83,21.82,16.1
design_2911,1.02,1.64,2.7,1.57,1.71,3.23,1.4,2.32,16.13,8.37,0.85,19.46,15.2
design_2912,0.91,2.92,1.77,1.77,1.13,3.71,1.46,2.48,14.34,8.09,0.82,16.3,13.58
design_2913,1.04,2.47,1.14,1.82,1.32,2.72,1.26,1.99,15.25,8.44,0.82,10.14,9.29
design_2914,0.84,2.06,1.22,1.74,1.16,4.15,1.43,2.5,16.71,8.97,0.83,10.33,9.81
design_2915,0.96,1.95,1.34,1.94,1.14,2.85,1.36,1.98,16.37,8.74,0.83,6.33,6.61
design_2916,0.93,1.92,1.2,1.79,1.05,3.5,1.35,2.2,18.28,9.51,0.84,9.88,7.82
design_2917,0.77,2.02,1.3,1.81,1.35,3.32,1.37,2.16,15.27,8.31,0.83,13.74,12.22
design_2918,0.73,2.2,1.98,2.19,1.48,7.19,2.01,4.06,17.15,8.92,0.83,24.19,17.25
design_2919,0.88,1.96,1.57,1.73,1.13,3.29,1.34,2.14,16.26,8.74,0.83,9.18,9.55
design_2920,1.29,2.87,1.54,2.78,1.16,1.43,1.32,1.98,16.61,8.57,0.85,34.03,22.46
design_2921,1.22,3.06,1.18,2.76,1.15,2.27,1.36,2.12,15.16,8.1,0.84,13.97,9.19
design_2922,1.23,2.92,1.18,2.77,1.08,2.47,1.33,2.13,16.63,8.61,0.85,30.98,25.4
design_2923,1.32,3.1,1.25,2.64,1.28,2.22,1.34,2.12,16.27,8.51,0.84,27.89,22.67
design_2924,1.15,2.99,1.13,2.62,1.37,2.2,1.29,2.07,17.45,8.86,0.86,32.4,25.46
design_2925,1.17,2.61,2.3,2.57,1.08,2.24,1.27,2.09,17.63,8.84,0.85,38.52,27.53
design_2926,1.18,2.54,2.56,2.38,0.9,1.77,1.21,1.97,17.75,9.01,0.85,32.88,22.75
design_2927,1.26,3.24,1.22,2.81,1.55,2.12,1.42,2.19,17.78,9.01,0.86,37.88,29.59
design_2928,1.02,1.75,3.36,1.8,0.78,2.9,1.45,2.38,17.16,9.12,0.83,23.0,18.83
design_2929,1.33,2.12,2.38,2.1,0.99,3.44,1.55,2.39,18.69,9.71,0.83,24.63,16.27
design_2930,1.24,1.98,4.48,1.91,1.03,4.66,1.82,3.34,17.2,9.23,0.83,18.54,14.03
design_2931,1.23,1.85,3.27,1.88,0.84,4.76,1.69,3.03,17.51,9.38,0.82,14.99,11.65
design_2932,1.12,2.03,2.83,1.87,0.97,2.86,1.42,2.26,18.9,9.79,0.83,26.47,16.63
design_2933,1.09,1.76,3.33,1.74,0.81,4.67,1.62,2.98,18.77,9.83,0.82,18.12,13.85
design_2934,1.19,2.13,2.68,2.19,1.09,3.01,1.5,2.33,18.8,9.73,0.82,31.14,20.84
design_2935,1.12,1.83,2.56,2.06,0.95,2.96,1.44,2.22,14.73,8.3,0.82,29.78,22.87
design_2936,1.17,1.95,1.28,1.68,0.98,9.8,2.59,5.41,18.16,9.52,0.83,30.18,22.04
design_2937,1.2,1.43,1.18,2.17,0.84,9.81,2.56,5.41,17.6,9.35,0.83,29.91,23.2
design_2938,1.25,1.77,1.19,2.0,0.92,9.91,2.6,5.47,17.72,9.4,0.82,32.55,25.74
design_2939,1.24,1.71,1.31,1.49,0.9,9.87,2.58,5.43,17.57,9.31,0.83,30.7,23.57
design_2940,1.26,1.87,1.43,1.58,1.12,9.67,2.55,5.34,15.41,8.56,0.82,30.64,23.3
design_2941,1.3,1.92,1.34,1.53,1.0,9.51,2.5,5.25,16.93,9.17,0.82,30.23,23.37
design_2942,1.2,1.7,1.36,1.63,0.94,10.03,2.62,5.52,16.46,8.92,0.82,8.31,8.13
design_2943,1.26,1.86,1.68,2.19,1.08,10.21,2.7,5.67,15.27,8.52,0.82,10.46,12.2
design_2944,1.71,2.04,0.98,2.49,1.28,1.15,1.34,1.65,17.13,8.19,0.87,5.02,5.03
design_2945,1.3,1.77,1.14,1.71,1.49,1.07,1.21,1.41,17.13,8.1,0.88,6.99,6.82
design_2946,1.22,1.57,1.77,1.85,1.06,0.97,1.22,1.51,16.54,7.91,0.88,32.53,23.67
design_2947,1.3,1.61,1.88,1.91,1.24,1.06,1.24,1.6,17.48,8.24,0.88,13.62,10.98
design_2948,1.88,2.22,2.26,2.52,1.31,1.02,1.49,2.02,17.17,8.27,0.88,12.83,9.73
design_2949,1.69,1.86,1.2,2.48,1.3,1.23,1.29,1.66,17.89,8.44,0.88,12.68,11.41
design_2950,1.63,1.9,1.33,2.52,1.31,1.06,1.31,1.68,18.26,8.53,0.88,21.96,15.1
design_2951,1.7,2.16,1.55,2.23,1.33,1.2,1.33,1.74,16.94,8.09,0.88,8.89,6.94
design_2952,1.03,2.0,1.34,1.91,1.02,1.68,1.19,1.54,18.59,9.42,0.85,28.62,18.96
design_2953,1.33,2.72,2.09,2.03,1.2,2.28,1.42,2.03,16.69,8.81,0.83,25.04,17.27
design_2954,1.19,1.93,1.51,1.76,0.98,2.39,1.24,1.74,17.92,9.22,0.84,8.33,7.3
design_2955,0.94,1.81,1.57,1.76,0.99,1.52,1.12,1.48,17.71,8.75,0.85,13.07,8.41
design_2956,1.04,2.59,1.47,1.94,0.97,1.65,1.21,1.67,18.42,9.4,0.84,29.38,21.6
design_2957,0.78,2.0,3.17,2.14,1.11,2.01,1.41,2.13,16.29,8.28,0.86,10.63,7.8
design_2958,0.98,2.17,1.6,1.86,1.03,1.71,1.18,1.62,17.31,9.07,0.83,12.22,10.24
design_2959,0.8,1.91,2.39,2.23,1.19,1.98,1.34,1.9,18.4,9.07,0.86,8.92,8.26
design_2960,0.89,1.58,0.92,2.21,0.89,2.49,1.22,1.69,17.74,9.04,0.85,11.33,9.56
design_2961,1.19,1.9,0.79,2.3,0.92,3.04,1.32,1.94,16.01,8.43,0.84,22.55,17.71
design_2962,1.4,1.68,1.24,2.51,1.13,1.87,1.37,1.71,17.7,8.97,0.85,18.29,10.82
design_2963,1.08,1.52,0.84,2.24,0.87,2.75,1.26,1.77,17.42,8.94,0.84,11.2,10.58
design_2964,1.26,1.56,1.0,2.13,0.88,1.52,1.14,1.45,17.16,8.5,0.85,24.47,14.67
design_2965,1.36,1.82,0.88,2.24,0.88,2.09,1.25,1.65,18.7,9.3,0.85,20.12,10.78
design_2966,1.24,1.55,0.87,2.4,0.97,2.22,1.24,1.68,17.79,9.03,0.84,21.18,12.23
design_2967,1.17,1.66,0.74,2.27,0.89,2.23,1.26,1.64,16.82,8.68,0.84,7.7,8.29
design_2968,1.21,3.1,1.87,1.99,1.01,5.22,1.64,3.16,16.69,8.97,0.83,6.4,4.64
design_2969,1.29,3.83,1.25,2.23,1.55,6.68,2.04,3.93,16.96,8.81,0.85,38.55,29.48
design_2970,1.07,2.97,1.79,1.97,1.01,4.08,1.44,2.64,17.92,9.47,0.83,28.93,23.47
design_2971,1.23,3.37,1.95,2.11,1.3,6.85,2.0,3.95,16.46,8.77,0.83,23.66,16.83
design_2972,1.13,2.97,0.72,2.08,0.93,4.24,1.48,2.66,17.58,9.38,0.82,32.12,26.01
design_2973,1.23,3.2,0.82,2.18,1.0,6.3,1.87,3.62,17.51,9.26,0.83,37.58,27.85
design_2974,1.04,3.06,1.75,2.1,0.99,6.78,1.91,3.85,17.16,8.99,0.84,30.54,24.63
design_2975,1.17,3.09,1.66,2.08,1.1,6.84,1.96,3.88,16.24,8.66,0.83,17.95,13.29
design_2976,1.27,2.45,3.0,2.27,1.0,3.66,1.58,2.62,15.07,8.38,0.82,32.1,24.32
design_2977,1.44,2.71,1.68,2.52,1.18,3.38,1.53,2.34,15.21,8.29,0.83,31.18,24.42
design_2978,1.44,2.76,1.59,2.84,1.15,3.64,1.61,2.46,16.54,8.74,0.83,34.54,26.08
design_2979,1.47,2.72,2.91,2.42,1.31,3.06,1.57,2.52,18.75,9.6,0.82,23.94,18.96
design_2980,1.4,2.72,2.06,2.57,1.05,3.11,1.53,2.33,17.42,9.06,0.84,28.46,21.36
design_2981,1.72,2.86,1.86,2.92,1.27,3.5,1.66,2.53,17.51,8.88,0.85,20.46,17.9
design_2982,1.51,2.46,1.65,2.54,1.26,2.85,1.46,2.15,17.8,9.22,0.83,31.82,22.54
design_2983,1.58,2.86,2.87,2.92,1.01,3.45,1.7,2.7,17.3,9.04,0.84,34.92,26.28
design_2984,1.43,2.04,1.41,2.24,0.95,0.8,1.21,1.59,16.78,8.05,0.88,9.99,8.99
design_2985,1.45,2.11,1.35,2.57,1.15,0.93,1.33,1.71,17.5,8.34,0.88,8.29,5.84
design_2986,1.32,1.35,1.42,2.08,0.96,0.77,1.17,1.41,16.82,8.08,0.88,12.32,11.37
design_2987,1.67,2.09,1.85,2.65,1.33,0.92,1.43,1.88,17.02,8.15,0.88,26.8,20.42
design_2988,1.27,1.4,1.85,2.2,1.06,0.84,1.24,1.56,17.33,8.28,0.88,11.62,7.88
design_2989,1.27,1.7,1.4,2.19,0.91,0.86,1.19,1.49,17.03,8.16,0.88,10.48,8.48
design_2990,1.08,1.41,1.4,2.24,0.98,0.83,1.23,1.43,16.92,8.09,0.88,16.77,10.48
design_2991,1.12,1.17,1.67,1.9,0.95,0.75,1.09,1.37,16.38,7.82,0.88,20.85,15.49
design_2992,0.91,1.31,4.03,2.13,0.94,3.05,1.51,2.64,16.21,8.62,0.83,18.57,16.06
design_2993,0.96,1.28,3.78,2.25,1.18,2.83,1.47,2.52,17.06,8.91,0.84,7.21,5.38
design_2994,1.0,1.43,3.82,2.18,1.49,2.92,1.5,2.58,17.0,8.87,0.83,32.02,24.21
design_2995,0.93,1.26,3.72,2.16,0.99,2.88,1.46,2.49,17.13,8.84,0.84,6.98,6.75
design_2996,0.93,1.68,3.87,2.21,1.03,2.89,1.54,2.58,17.19,8.73,0.86,15.37,11.23
design_2997,0.9,1.44,4.38,2.25,1.35,3.02,1.57,2.8,13.06,7.36,0.84,15.53,14.19
design_2998,0.93,1.36,4.65,2.12,1.23,3.06,1.6,2.88,17.44,8.96,0.85,8.75,10.35
design_2999,1.06,1.76,3.73,2.65,1.41,2.93,1.57,2.64,15.64,8.13,0.85,13.66,13.42
design_3000,1.77,2.73,2.62,2.89,1.11,1.43,1.55,2.29,15.99,7.62,0.88,27.0,17.95
design_3001,1.38,2.7,3.05,2.84,1.32,1.06,1.5,2.37,18.54,8.85,0.87,20.41,13.07
design_3002,1.51,2.96,2.64,2.94,0.87,1.13,1.5,2.28,17.43,8.2,0.88,26.11,17.68
design_3003,1.54,2.92,3.16,3.18,1.07,1.26,1.61,2.52,18.05,8.38,0.89,22.49,15.5
design_3004,1.58,2.56,2.7,2.84,0.94,1.13,1.45,2.22,17.13,8.12,0.88,22.72,16.34
design_3005,1.46,2.89,3.88,3.23,1.21,1.18,1.69,2.79,17.92,8.39,0.88,31.95,23.85
design_3006,1.51,3.07,2.66,3.08,1.14,1.51,1.59,2.38,15.9,7.68,0.88,23.94,14.06
design_3007,1.18,2.78,3.42,2.43,0.88,0.88,1.43,2.39,18.37,8.49,0.89,28.41,21.99
design_3008,1.53,1.58,0.99,1.93,0.97,3.88,1.38,2.3,19.63,10.05,0.83,25.44,19.11
design_3009,1.69,1.79,3.51,2.01,1.1,3.58,1.59,2.76,15.59,8.57,0.83,22.73,15.82
design_3010,1.39,2.31,0.98,1.92,1.22,2.8,1.27,1.95,18.87,9.76,0.83,8.38,6.8
design_3011,1.41,2.73,0.67,2.04,1.06,3.33,1.43,2.19,15.36,8.44,0.82,25.67,19.11
design_3012,1.66,2.19,4.56,2.05,1.23,3.87,1.79,3.23,17.29,9.18,0.82,36.41,25.55
design_3013,1.7,2.57,0.43,2.19,1.22,3.29,1.44,2.19,18.23,9.39,0.83,25.61,19.37
design_3014,1.3,1.41,1.09,2.14,0.74,3.83,1.28,2.28,7.98,6.04,0.82,10.82,5.15
design_3015,1.77,1.65,1.37,1.95,1.03,3.33,1.39,2.16,18.93,9.76,0.83,8.29,7.87
design_3016,1.38,2.35,1.94,1.58,1.03,3.28,1.34,2.22,15.18,8.37,0.83,13.36,10.68
design_3017,1.45,2.5,0.74,1.63,1.44,6.37,1.79,3.52,17.15,8.89,0.84,6.34,6.55
design_3018,1.42,2.57,0.93,1.53,1.64,6.26,1.77,3.49,17.26,8.86,0.84,10.47,8.37
design_3019,1.38,2.43,2.51,1.69,1.16,3.83,1.45,2.53,16.85,8.8,0.84,23.81,18.03
design_3020,1.43,2.61,1.14,1.75,1.6,6.18,1.78,3.48,17.72,9.04,0.85,24.28,19.15
design_3021,1.41,2.42,2.05,1.64,1.1,3.57,1.34,2.37,18.79,9.69,0.84,23.04,18.71
design_3022,1.36,2.39,0.66,1.59,1.3,6.37,1.76,3.49,17.46,8.99,0.84,26.86,20.21
design_3023,1.4,2.66,0.91,1.64,1.42,6.11,1.76,3.42,18.9,9.63,0.84,20.92,15.24
design_3024,1.22,1.93,1.26,1.72,0.95,2.95,1.34,1.82,15.23,8.12,0.84,19.16,11.62
design_3025,0.99,1.98,1.39,1.77,0.81,2.74,1.3,1.76,17.18,8.82,0.85,31.07,23.55
design_3026,0.96,1.79,1.26,1.74,1.0,2.89,1.27,1.77,15.82,8.33,0.84,31.56,22.9
design_3027,1.27,1.64,1.46,2.08,1.08,3.09,1.3,1.93,10.09,6.39,0.83,6.26,5.71
design_3028,0.94,1.75,1.6,1.64,0.66,2.77,1.26,1.74,17.24,8.7,0.84,35.09,22.73
design_3029,0.88,1.81,1.68,1.42,0.72,2.51,1.19,1.66,17.69,8.85,0.84,28.21,21.27
design_3030,0.99,1.82,1.72,1.47,0.75,2.63,1.23,1.72,17.55,8.81,0.84,32.04,22.58
design_3031,1.04,1.12,0.98,1.1,0.89,3.3,1.11,1.7,5.47,4.85,0.84,10.4,7.16
design_3032,1.76,2.11,3.06,2.66,1.13,1.11,1.43,2.28,15.58,7.7,0.86,34.31,25.64
design_3033,2.0,2.71,3.84,2.77,1.22,1.28,1.69,2.73,16.81,8.12,0.87,29.32,20.35
design_3034,1.58,2.3,4.44,2.8,1.14,1.2,1.69,2.87,18.26,8.66,0.88,35.32,22.53
design_3035,1.35,2.26,4.36,2.67,1.29,1.04,1.62,2.8,17.81,8.48,0.88,30.05,22.94
design_3036,1.67,2.77,3.7,2.66,1.61,1.21,1.64,2.65,16.79,8.22,0.87,38.44,26.45
design_3037,1.57,2.7,3.48,2.92,1.55,1.18,1.64,2.58,15.19,7.65,0.86,22.69,17.54
design_3038,1.75,3.01,3.46,3.01,1.36,1.44,1.72,2.66,18.08,8.59,0.87,34.56,23.38
design_3039,1.48,2.61,3.43,3.01,2.21,1.35,1.65,2.64,5.46,3.9,0.88,24.69,19.59
design_3040,1.26,2.67,3.11,3.23,1.42,1.33,1.5,2.33,16.35,7.67,0.89,31.13,22.64
design_3041,1.22,2.17,2.81,2.73,1.14,1.09,1.31,2.0,16.07,7.7,0.89,31.16,26.17
design_3042,1.15,2.36,2.94,2.88,1.02,1.19,1.33,2.09,15.03,7.32,0.88,27.38,23.4
design_3043,1.0,2.07,3.02,2.8,1.33,1.14,1.3,2.04,13.73,6.98,0.88,5.53,4.49
design_3044,1.09,2.12,2.85,2.76,1.1,1.13,1.28,1.99,16.37,7.86,0.88,30.47,25.06
design_3045,1.18,2.52,1.83,2.82,1.29,1.13,1.31,1.95,16.68,8.29,0.87,32.75,27.48
design_3046,1.23,2.24,2.88,3.11,1.03,1.13,1.39,2.12,15.42,7.42,0.89,26.17,22.39
design_3047,1.21,2.12,2.87,3.03,1.22,1.09,1.33,2.09,14.38,7.13,0.88,31.2,24.67
design_3048,1.41,2.11,1.42,2.11,1.11,2.35,1.37,1.86,18.71,9.47,0.85,25.33,17.22
design_3049,1.26,1.89,1.6,1.75,1.14,2.89,1.23,1.97,17.74,9.26,0.83,15.69,13.76
design_3050,1.29,1.91,1.38,2.0,1.09,2.31,1.28,1.78,17.96,9.34,0.83,18.97,13.88
design_3051,1.14,1.91,1.54,1.95,1.16,2.38,1.31,1.81,18.42,9.48,0.84,22.6,15.95
design_3052,1.54,2.3,1.02,2.28,1.12,2.79,1.43,2.03,18.79,9.55,0.84,13.03,7.54
design_3053,1.36,2.18,0.94,2.13,1.0,2.43,1.33,1.83,18.9,9.56,0.84,15.29,10.81
design_3054,1.15,1.81,1.11,1.98,0.98,2.72,1.28,1.84,17.9,9.2,0.84,24.08,14.38
design_3055,1.67,2.21,1.29,2.39,1.22,2.56,1.46,2.02,18.33,9.32,0.84,19.48,15.49
design_3056,0.75,0.97,1.31,1.53,0.64,2.64,1.01,1.52,17.11,8.86,0.85,33.47,24.96
design_3057,0.9,1.18,0.53,1.78,0.77,3.02,1.09,1.64,15.01,8.05,0.84,30.55,23.41
design_3058,0.93,1.05,0.68,1.53,0.71,2.72,1.06,1.49,16.21,8.43,0.85,32.69,23.37
design_3059,1.04,1.13,1.12,1.83,0.83,2.49,1.16,1.55,16.83,8.74,0.84,27.9,20.3
design_3060,1.07,1.23,1.52,1.82,0.76,2.81,1.2,1.73,18.17,9.18,0.85,31.43,22.19
design_3061,0.7,0.95,1.54,1.56,0.66,2.12,1.0,1.41,16.02,8.5,0.84,33.55,25.06
design_3062,0.96,1.15,1.42,1.68,0.78,2.84,1.16,1.67,17.98,9.16,0.84,40.7,25.06
design_3063,0.61,0.97,1.62,1.58,0.73,1.85,0.97,1.36,16.97,8.79,0.85,33.87,25.08
design_3064,1.54,2.12,2.44,1.87,0.9,3.13,1.43,2.24,18.78,9.6,0.84,12.0,8.23
design_3065,1.23,2.29,1.75,1.44,1.44,2.61,1.26,1.94,7.26,5.68,0.83,17.06,13.79
design_3066,1.41,2.08,2.23,1.69,0.72,2.19,1.22,1.84,13.82,7.88,0.83,15.8,12.8
design_3067,1.42,2.08,2.67,1.75,0.74,5.34,1.66,3.13,19.22,9.82,0.84,34.03,28.91
design_3068,1.47,2.08,1.95,1.75,0.93,4.1,1.49,2.53,17.96,9.46,0.83,11.07,8.4
design_3069,1.34,2.18,1.96,1.94,0.89,3.8,1.45,2.43,15.37,8.42,0.83,12.98,8.3
design_3070,1.4,2.14,2.19,1.62,0.78,1.76,1.21,1.71,13.07,7.58,0.83,13.43,10.95
design_3071,1.28,1.95,2.39,1.57,1.2,2.26,1.16,1.87,14.96,8.34,0.82,13.83,11.13
design_3072,1.51,1.64,1.9,1.92,1.12,5.78,1.67,3.15,17.93,9.11,0.85,14.54,10.64
design_3073,1.33,1.35,2.72,1.86,0.97,6.17,1.73,3.36,17.92,9.18,0.85,3.85,5.24
design_3074,1.31,1.41,2.86,1.98,0.83,6.01,1.73,3.32,18.8,9.6,0.84,30.26,20.18
design_3075,1.37,1.55,1.62,2.27,1.01,5.74,1.65,3.11,17.83,9.14,0.84,10.2,9.18
design_3076,1.63,1.8,2.25,2.04,0.91,5.68,1.7,3.16,17.6,9.1,0.84,14.25,13.48
design_3077,1.45,1.76,1.95,1.95,1.05,5.55,1.65,3.06,17.26,8.94,0.84,18.3,12.9
design_3078,1.48,1.73,2.47,1.99,1.15,6.07,1.77,3.34,17.75,8.83,0.86,18.19,14.15
design_3079,1.41,1.68,1.37,2.05,1.07,6.55,1.8,3.44,17.19,8.38,0.87,8.52,8.01
design_3080,1.23,1.81,1.53,2.05,0.9,2.38,1.26,1.77,17.34,8.84,0.85,29.2,23.02
design_3081,1.16,1.78,1.33,2.13,0.9,1.78,1.18,1.58,18.67,9.01,0.86,9.05,7.97
design_3082,1.26,1.6,0.5,1.67,0.9,2.99,1.16,1.76,17.53,8.98,0.84,11.68,8.65
design_3083,1.27,1.73,1.61,2.03,1.03,2.5,1.28,1.81,17.38,8.82,0.85,16.22,10.01
design_3084,1.15,1.53,1.55,2.17,0.94,2.0,1.18,1.65,18.55,9.04,0.86,13.96,9.32
design_3085,1.34,1.76,1.37,2.16,0.97,2.05,1.25,1.69,18.28,8.88,0.86,23.47,17.48
design_3086,1.31,1.35,1.0,1.87,1.13,2.6,1.18,1.7,18.8,9.48,0.85,12.13,11.22
design_3087,1.2,1.68,0.88,2.08,0.96,2.41,1.2,1.68,18.8,9.4,0.85,13.74,9.86
design_3088,1.27,2.36,5.03,4.76,0.96,1.6,1.79,3.49,15.7,7.69,0.87,9.45,7.67
design_3089,1.11,2.53,3.94,4.88,0.9,1.31,1.63,3.1,16.58,8.17,0.87,11.95,13.58
design_3090,1.13,2.42,4.7,4.75,0.85,1.4,1.73,3.35,18.24,8.59,0.87,26.63,21.41
design_3091,1.21,2.6,4.87,4.6,1.03,1.59,1.78,3.42,16.58,8.03,0.87,18.53,18.1
design_3092,1.14,2.56,4.72,4.76,1.04,1.48,1.76,3.38,15.95,7.73,0.88,16.33,13.61
design_3093,1.19,2.32,3.49,5.11,0.8,1.11,1.62,2.98,17.52,8.31,0.88,20.87,12.77
design_3094,1.16,2.29,4.98,4.63,1.1,1.36,1.74,3.43,17.1,8.2,0.87,12.14,13.66
design_3095,1.27,1.85,3.3,4.9,0.73,1.44,1.52,2.83,16.79,8.14,0.87,10.56,12.28
design_3096,1.83,2.04,1.57,2.07,1.13,3.15,1.46,2.15,14.33,7.96,0.83,19.77,12.86
design_3097,1.82,2.3,1.8,2.26,1.25,2.79,1.48,2.15,15.16,8.24,0.83,22.88,16.65
design_3098,1.38,1.64,1.6,1.75,1.07,2.76,1.25,1.88,17.73,9.25,0.83,24.65,18.32
design_3099,1.76,1.98,2.1,2.28,1.17,2.67,1.48,2.13,16.75,8.87,0.83,13.62,9.48
design_3100,1.74,1.99,1.52,2.17,1.29,2.79,1.43,2.03,16.88,8.83,0.84,30.34,22.47
design_3101,1.69,1.77,1.38,1.94,1.22,3.17,1.41,2.07,17.04,8.96,0.83,19.7,14.14
design_3102,2.14,2.24,1.59,2.25,1.42,3.3,1.59,2.31,15.7,8.48,0.83,25.29,18.35
design_3103,1.91,2.23,1.82,2.23,1.27,3.0,1.48,2.22,17.27,9.0,0.84,33.61,22.4
design_3104,1.06,2.07,3.52,1.95,1.25,1.13,1.34,2.23,17.73,9.11,0.84,28.62,19.39
design_3105,1.01,1.55,2.01,1.6,0.65,1.12,0.99,1.48,19.29,9.4,0.84,34.31,25.8
design_3106,0.99,1.76,1.92,1.84,0.72,1.34,1.07,1.55,20.3,9.65,0.85,40.1,24.46
design_3107,1.45,2.07,1.35,2.09,1.2,2.19,1.27,1.74,16.09,8.4,0.84,28.06,19.12
design_3108,1.02,1.98,1.81,2.03,0.88,1.82,1.08,1.68,15.52,8.35,0.83,11.53,8.73
design_3109,1.38,1.97,1.27,1.99,1.17,2.19,1.22,1.68,15.82,8.31,0.84,31.95,21.57
design_3110,1.0,2.11,2.01,1.94,0.95,1.77,1.1,1.74,17.77,9.04,0.84,13.58,11.26
design_3111,1.0,1.54,1.66,1.7,0.71,1.47,1.02,1.44,18.72,9.2,0.85,17.04,8.95
design_3112,1.15,2.24,2.8,1.9,1.12,1.71,1.3,2.06,18.3,9.31,0.85,33.06,24.95
design_3113,1.0,1.82,4.08,1.86,0.93,1.51,1.43,2.5,17.26,8.78,0.85,20.18,11.55
design_3114,1.09,1.85,3.15,1.57,1.1,1.96,1.27,2.13,18.03,9.11,0.84,23.94,20.08
design_3115,1.26,1.97,4.15,1.67,1.07,1.48,1.45,2.56,17.06,8.7,0.85,30.05,22.82
design_3116,1.02,1.71,3.36,1.65,1.0,1.59,1.27,2.16,15.49,8.32,0.83,29.89,21.83
design_3117,1.28,2.17,3.53,1.79,1.13,2.17,1.41,2.4,16.78,8.6,0.84,25.88,18.14
design_3118,1.11,1.94,2.79,1.81,1.04,2.17,1.27,2.06,17.03,8.73,0.84,26.35,20.85
design_3119,1.16,1.66,3.08,1.6,0.94,1.78,1.23,2.06,17.62,9.08,0.84,30.27,22.52
design_3120,0.98,1.9,3.28,1.72,0.69,5.41,1.72,3.32,17.81,9.36,0.83,21.01,17.67
design_3121,1.45,2.23,1.68,2.35,1.17,3.13,1.46,2.23,11.57,7.37,0.81,12.76,9.17
design_3122,1.02,1.7,3.59,2.04,1.09,2.84,1.5,2.51,16.0,8.96,0.81,24.77,19.54
design_3123,1.12,2.1,2.16,2.18,0.89,1.72,1.24,1.81,11.73,7.43,0.81,12.37,8.18
design_3124,1.0,1.73,5.38,2.17,1.02,2.93,1.67,3.2,12.23,7.47,0.82,5.56,4.09
design_3125,0.99,1.79,2.12,1.93,1.01,3.28,1.35,2.22,12.93,7.89,0.81,11.73,8.28
design_3126,1.19,2.06,3.73,2.04,1.17,3.63,1.64,2.84,11.3,7.26,0.81,24.84,20.07
design_3127,1.18,1.99,1.78,2.3,0.84,3.29,1.42,2.23,18.33,9.61,0.82,29.68,22.61
design_3128,1.77,2.08,1.27,2.31,1.31,3.03,1.52,2.18,16.1,8.62,0.83,22.99,16.26
design_3129,1.59,1.71,1.42,2.07,1.42,3.55,1.48,2.31,6.66,5.42,0.83,35.16,26.24
design_3130,1.62,2.06,1.11,2.46,1.21,2.66,1.47,2.03,17.58,9.07,0.84,4.94,4.43
design_3131,1.81,2.2,1.1,2.51,1.28,2.65,1.5,2.08,18.55,9.48,0.83,23.02,17.8
design_3132,1.53,2.03,1.01,2.38,1.07,2.87,1.46,2.06,17.42,9.1,0.83,10.63,11.09
design_3133,1.55,1.93,1.08,2.18,1.09,2.87,1.38,2.02,18.45,9.49,0.83,8.87,10.55
design_3134,1.31,1.8,1.44,2.14,1.14,3.31,1.41,2.18,17.46,9.07,0.84,27.14,21.01
design_3135,1.63,2.0,1.19,2.17,1.22,2.9,1.43,2.07,17.43,9.05,0.84,23.6,18.12
design_3136,0.69,1.13,4.68,1.41,1.43,1.66,1.4,2.68,14.67,7.64,0.85,23.74,17.6
design_3137,0.78,1.4,2.58,1.78,1.24,1.15,1.14,1.75,12.57,6.91,0.85,30.71,20.34
design_3138,1.1,1.61,1.83,2.14,1.66,1.47,1.19,1.69,14.99,7.79,0.85,18.89,15.59
design_3139,0.84,1.17,4.33,1.92,1.4,1.08,1.35,2.53,14.89,7.79,0.85,24.22,16.58
design_3140,0.85,0.99,4.77,1.51,1.01,1.02,1.37,2.66,15.74,8.03,0.86,27.61,21.6
design_3141,1.27,1.8,1.11,1.92,1.56,1.84,1.2,1.55,11.23,6.31,0.85,29.4,21.56
design_3142,0.7,1.01,4.88,1.86,1.2,1.64,1.42,2.8,14.77,7.76,0.84,17.72,14.97
design_3143,0.72,1.01,4.54,1.81,1.52,1.38,1.36,2.63,12.17,6.92,0.84,28.34,20.45
design_3144,1.68,1.65,1.33,2.47,1.43,4.02,1.54,2.59,13.89,7.94,0.82,29.67,24.42
design_3145,1.45,1.88,1.25,2.27,1.27,6.11,1.81,3.5,17.79,9.44,0.83,21.47,18.13
design_3146,1.87,2.02,1.34,2.72,1.22,6.35,1.97,3.71,17.59,9.25,0.83,25.5,19.46
design_3147,1.59,1.67,1.29,2.54,1.28,5.59,1.79,3.29,18.13,9.46,0.83,19.21,14.33
design_3148,1.62,1.74,1.31,2.62,1.59,5.61,1.81,3.33,17.61,9.25,0.83,16.86,13.88
design_3149,1.65,1.42,1.26,2.65,1.65,5.99,1.85,3.49,17.86,9.29,0.83,23.83,17.43
design_3150,1.64,1.67,1.36,2.26,1.06,7.1,2.0,3.97,19.03,9.78,0.84,20.46,17.41
design_3151,1.68,1.68,1.48,2.34,1.15,9.15,2.42,5.0,16.95,9.02,0.83,33.6,25.63
design_3152,1.14,1.87,4.76,2.23,0.82,1.02,1.5,2.63,17.43,8.64,0.86,31.71,24.02
design_3153,1.39,1.98,1.09,2.44,0.84,1.07,1.27,1.57,12.82,6.61,0.87,30.8,23.25
design_3154,1.17,1.52,1.09,2.14,1.34,1.0,1.17,1.43,13.04,6.69,0.87,8.34,7.17
design_3155,1.54,1.74,2.64,2.24,0.99,1.06,1.35,1.9,15.78,8.0,0.86,30.9,23.24
design_3156,1.16,1.4,1.27,1.82,0.79,1.08,1.07,1.31,15.95,7.87,0.88,33.91,22.26
design_3157,1.01,1.6,1.27,1.63,1.17,1.0,1.05,1.31,15.48,7.57,0.88,32.31,24.32
design_3158,0.98,1.53,0.92,1.7,0.96,0.97,1.02,1.21,9.4,5.57,0.86,5.31,4.95
design_3159,0.97,1.54,1.04,1.66,1.4,0.98,1.04,1.29,15.48,7.68,0.87,30.15,23.48
design_3160,1.26,2.1,2.42,1.91,0.89,2.67,1.38,2.11,17.18,9.08,0.83,15.42,8.82
design_3161,1.25,1.87,1.54,1.78,1.08,2.67,1.25,1.88,18.74,9.69,0.83,13.76,12.89
design_3162,1.25,1.96,2.47,2.06,1.61,2.51,1.38,2.13,12.7,7.47,0.82,16.83,10.31
design_3163,1.39,2.11,1.7,2.05,0.95,2.44,1.34,1.91,18.01,9.42,0.82,12.36,10.52
design_3164,1.21,1.9,2.45,1.74,0.97,3.69,1.43,2.43,17.12,9.17,0.83,14.56,9.25
design_3165,1.35,2.14,2.48,1.73,1.21,3.19,1.43,2.3,17.06,9.17,0.83,14.3,9.5
design_3166,1.16,1.85,2.19,1.73,0.91,3.68,1.4,2.35,17.38,9.3,0.83,11.25,9.15
design_3167,1.1,1.73,1.69,1.51,0.88,2.09,1.14,1.64,18.23,9.6,0.83,35.57,23.86
design_3168,0.95,1.99,1.44,1.76,1.22,2.97,1.26,1.96,5.33,4.98,0.83,5.17,3.98
design_3169,1.27,1.85,1.46,2.18,0.62,7.67,1.95,3.99,17.08,8.54,0.86,29.81,23.39
design_3170,1.19,1.87,1.15,1.56,0.67,6.85,1.76,3.55,17.56,9.07,0.84,30.2,23.32
design_3171,1.31,1.91,0.99,1.56,0.59,7.1,1.81,3.66,18.08,9.42,0.84,31.56,24.67
design_3172,1.19,1.96,0.8,1.59,0.59,6.94,1.79,3.58,18.97,9.6,0.85,32.22,23.13
design_3173,1.12,1.74,0.82,1.66,0.64,3.01,1.2,1.85,17.83,9.29,0.83,26.71,20.89
design_3174,1.26,1.84,0.69,1.55,0.6,7.46,1.88,3.81,16.93,8.87,0.84,10.96,10.32
design_3175,1.28,1.63,0.85,1.49,0.71,3.94,1.26,2.21,17.76,9.25,0.84,30.09,23.62
design_3176,1.49,2.4,4.11,2.36,1.08,2.63,1.39,2.57,15.9,8.43,0.84,21.65,17.35
design_3177,1.26,2.25,1.8,2.43,0.71,5.82,1.6,3.14,16.78,8.73,0.84,31.27,25.54
design_3178,1.23,2.56,1.41,2.51,0.83,3.13,1.31,2.18,17.54,9.2,0.83,34.59,27.94
design_3179,1.48,2.39,5.2,2.96,0.87,1.78,1.61,2.82,16.93,8.38,0.87,33.26,25.8
design_3180,1.15,2.04,1.97,2.29,0.77,1.83,1.15,1.77,12.81,7.42,0.84,18.48,12.12
design_3181,1.05,2.13,1.06,2.36,0.75,5.78,1.55,3.03,16.68,8.8,0.84,11.48,9.79
design_3182,1.28,2.32,1.96,2.72,0.81,2.19,1.27,2.01,17.8,9.26,0.84,34.86,26.76
design_3183,1.53,2.5,2.49,2.64,0.75,6.01,1.74,3.36,16.36,8.2,0.87,32.59,24.48
design_3184,1.34,2.03,2.77,2.16,0.86,1.72,1.27,1.92,15.7,8.1,0.85,15.54,12.62
design_3185,1.36,2.59,2.65,2.45,0.97,1.4,1.34,2.0,18.16,9.32,0.84,13.58,7.59
design_3186,1.22,1.92,3.12,2.42,0.95,1.59,1.3,2.01,19.09,9.57,0.83,30.93,21.44
design_3187,1.34,2.22,3.18,2.49,1.16,1.61,1.37,2.11,14.65,7.71,0.85,14.4,9.89
design_3188,1.23,1.77,2.55,2.12,1.14,1.79,1.24,1.84,17.19,8.74,0.85,21.8,17.03
design_3189,1.24,2.16,2.87,2.1,0.87,1.6,1.3,1.92,17.17,8.59,0.86,17.19,14.01
design_3190,1.34,2.23,3.37,2.56,1.01,1.67,1.42,2.18,15.33,7.84,0.85,8.05,6.85
design_3191,1.37,2.33,3.1,2.13,0.93,1.71,1.31,2.05,17.09,8.75,0.85,19.09,14.42
design_3192,1.4,2.43,3.49,2.24,1.39,3.24,1.58,2.68,15.31,8.31,0.83,22.21,17.15
design_3193,1.2,2.35,2.96,2.17,1.37,3.73,1.53,2.65,16.43,8.73,0.83,5.6,6.8
design_3194,1.36,2.45,2.9,2.17,1.19,3.43,1.53,2.55,16.84,8.97,0.83,10.7,9.96
design_3195,1.36,2.08,3.34,2.44,1.21,4.16,1.66,2.9,15.15,8.16,0.83,4.28,4.54
design_3196,1.42,2.38,3.35,2.47,1.29,3.92,1.7,2.86,17.91,9.27,0.84,34.0,23.54
design_3197,1.23,2.23,3.24,2.09,1.01,4.67,1.64,3.0,13.44,7.63,0.83,4.31,4.84
design_3198,1.42,2.49,3.33,2.48,1.34,3.63,1.66,2.78,18.1,9.23,0.84,24.8,15.72
design_3199,1.31,2.37,3.37,2.52,1.28,4.12,1.69,2.93,17.34,9.03,0.83,26.65,19.97
design_3200,1.14,1.27,4.66,2.07,1.18,1.01,1.55,2.74,16.43,7.91,0.88,13.76,12.01
design_3201,1.37,1.44,3.4,2.15,0.98,0.91,1.37,2.19,16.09,7.74,0.88,21.42,11.61
design_3202,1.39,1.58,1.97,1.94,0.81,0.93,1.16,1.6,15.73,7.7,0.87,23.01,16.48
design_3203,1.43,1.51,1.06,2.21,1.34,1.09,1.2,1.47,17.7,8.42,0.87,18.53,13.04
design_3204,0.75,1.12,2.35,2.31,1.12,0.96,1.14,1.72,16.21,7.9,0.87,23.3,16.07
design_3205,1.35,1.13,1.17,1.52,1.03,0.89,0.98,1.21,16.89,7.99,0.88,15.6,9.3
design_3206,0.88,1.03,0.81,1.94,0.92,0.94,1.01,1.14,18.02,8.5,0.88,28.91,20.3
design_3207,0.93,1.4,1.72,2.18,1.17,1.21,1.23,1.54,17.64,8.47,0.87,14.43,13.45
design_3208,1.19,1.56,0.86,1.69,1.18,7.6,2.0,4.13,17.27,9.12,0.83,35.59,26.63
design_3209,1.46,1.31,3.77,2.26,0.74,3.35,1.32,2.54,18.28,9.6,0.83,27.98,23.43
design_3210,0.86,1.34,1.05,1.63,1.08,7.99,2.08,4.3,18.47,9.47,0.84,35.52,26.58
design_3211,1.24,1.45,2.29,1.59,1.14,7.69,2.04,4.24,17.5,9.21,0.83,32.37,24.84
design_3212,1.38,1.39,1.92,1.77,0.91,3.03,1.22,2.05,16.78,9.08,0.82,24.47,20.68
design_3213,1.12,1.68,0.75,1.46,1.02,6.58,1.77,3.6,18.77,9.7,0.84,23.16,19.08
design_3214,1.23,1.54,1.94,1.7,1.1,7.04,1.9,3.9,19.18,9.96,0.83,20.13,18.72
design_3215,1.09,1.68,1.07,1.73,1.28,7.08,1.9,3.89,18.63,9.6,0.84,24.04,17.77
design_3216,1.96,1.96,2.29,2.16,1.17,1.68,1.29,1.94,18.84,9.09,0.86,17.94,10.77
design_3217,1.59,1.87,2.51,2.08,1.25,2.1,1.22,1.99,17.57,8.79,0.86,16.87,12.25
design_3218,1.87,2.05,2.34,2.38,1.14,1.89,1.36,2.02,19.15,9.23,0.86,25.18,16.22
design_3219,1.53,1.75,1.58,2.14,1.16,1.57,1.21,1.65,18.42,9.08,0.85,23.46,18.13
design_3220,1.97,2.04,1.9,2.16,0.93,1.66,1.27,1.84,18.74,9.02,0.86,26.89,14.55
design_3221,1.53,2.24,1.33,2.18,1.23,2.24,1.28,1.83,16.68,8.48,0.85,8.49,7.98
design_3222,1.86,2.34,1.35,2.34,1.27,2.5,1.4,1.98,16.43,8.37,0.85,5.44,5.25
design_3223,1.67,1.91,2.57,2.22,1.04,1.81,1.31,1.98,18.94,9.15,0.85,19.16,11.5
design_3224,1.29,2.13,1.6,2.31,1.21,1.06,1.21,1.68,17.15,8.61,0.86,11.08,9.04
design_3225,1.27,2.38,1.6,1.8,1.28,1.05,1.22,1.62,16.8,8.51,0.86,15.86,10.83
design_3226,1.17,2.27,1.67,1.87,1.07,0.84,1.24,1.56,17.35,8.67,0.86,17.26,12.18
design_3227,1.17,1.64,1.09,1.72,0.98,0.98,1.1,1.31,15.93,8.15,0.86,5.85,3.25
design_3228,1.08,2.02,1.68,2.21,1.19,1.09,1.19,1.62,17.38,8.69,0.86,20.63,17.51
design_3229,1.23,2.11,1.65,1.85,1.08,1.01,1.19,1.54,17.18,8.56,0.87,23.48,16.04
design_3230,1.26,1.97,1.57,1.57,1.05,0.99,1.23,1.44,17.07,8.48,0.86,26.62,18.41
design_3231,1.19,2.02,1.67,1.8,1.22,0.81,1.23,1.5,16.45,8.29,0.86,26.27,18.28
design_3232,1.5,2.47,1.14,2.16,1.12,1.52,1.25,1.68,15.86,8.17,0.85,12.75,8.36
design_3233,1.38,2.4,1.39,2.14,0.94,1.77,1.23,1.72,14.5,7.7,0.85,27.86,19.88
design_3234,1.31,2.17,1.3,1.69,1.03,2.05,1.1,1.64,17.89,9.11,0.84,13.07,10.0
design_3235,1.28,2.74,2.96,1.96,0.96,2.0,1.35,2.17,19.05,9.33,0.84,18.81,16.05
design_3236,1.47,2.47,1.55,1.91,1.28,1.76,1.21,1.76,16.13,8.42,0.84,7.2,4.72
design_3237,1.25,2.14,1.03,1.73,1.08,1.64,1.06,1.5,16.8,8.78,0.84,9.42,7.81
design_3238,1.36,2.2,1.33,1.73,1.29,1.85,1.14,1.64,17.58,9.03,0.84,17.08,14.56
design_3239,1.48,2.29,1.46,1.99,1.31,1.88,1.26,1.75,16.99,8.73,0.84,21.24,14.29
design_3240,1.12,1.66,1.2,1.6,1.05,2.17,1.06,1.5,16.11,8.34,0.84,15.01,8.98
design_3241,1.25,2.11,9.33,1.78,1.16,2.48,2.31,4.78,18.02,9.33,0.84,36.07,26.07
design_3242,1.23,2.21,6.12,2.39,1.34,2.54,1.79,3.45,18.36,9.4,0.84,25.84,19.79
design_3243,1.12,1.71,2.39,1.62,1.05,2.23,1.15,1.82,18.41,9.25,0.85,28.78,22.61
design_3244,1.26,2.19,3.08,1.73,1.12,2.34,1.33,2.16,17.36,9.1,0.83,27.26,19.82
design_3245,1.32,1.93,1.41,2.13,0.99,1.99,1.21,1.67,15.11,7.98,0.84,30.77,23.58
design_3246,1.22,1.91,2.44,1.82,1.17,2.26,1.24,1.92,17.75,8.96,0.85,27.39,19.46
design_3247,1.11,1.76,2.55,1.65,1.05,2.02,1.16,1.84,18.16,9.18,0.84,31.76,24.23
design_3248,1.4,1.38,1.55,2.32,1.3,1.78,1.25,1.67,18.87,9.47,0.84,34.45,22.15
design_3249,1.15,1.39,1.32,2.2,0.68,3.99,1.35,2.21,19.72,10.0,0.84,12.45,9.28
design_3250,1.37,1.51,10.63,2.61,1.08,6.93,3.18,6.44,15.9,8.06,0.86,18.13,12.86
design_3251,1.29,1.52,2.04,2.19,0.79,3.78,1.4,2.3,18.58,9.55,0.83,20.21,13.07
design_3252,1.37,1.32,3.45,2.51,0.98,2.29,1.49,2.39,17.51,9.16,0.83,13.52,14.56
design_3253,1.47,1.48,1.74,2.28,0.76,1.53,1.17,1.64,20.98,10.27,0.84,31.02,24.59
design_3254,1.53,1.87,2.01,2.57,0.95,1.43,1.35,1.82,18.02,9.4,0.83,13.06,7.26
design_3255,1.51,1.46,2.35,2.56,0.88,2.56,1.37,2.1,17.7,9.0,0.84,24.56,15.89
design_3256,1.17,2.63,1.73,1.65,1.16,2.01,1.22,1.79,13.71,7.48,0.85,13.45,8.79
design_3257,1.27,2.65,2.82,2.23,1.16,2.26,1.45,2.21,16.09,8.54,0.84,10.34,6.33
design_3258,1.24,2.52,2.75,1.63,1.21,2.55,1.33,2.14,16.76,8.82,0.84,8.0,5.81
design_3259,1.35,2.64,1.8,1.94,1.47,2.17,1.34,1.94,14.5,7.94,0.84,6.95,4.96
design_3260,1.24,2.73,2.31,1.88,1.27,1.96,1.32,1.98,15.57,8.26,0.85,24.79,18.07
design_3261,1.28,2.67,1.97,1.67,1.22,2.13,1.29,1.9,15.79,8.48,0.84,5.43,4.54
design_3262,1.4,2.65,1.86,2.1,1.55,2.61,1.42,2.1,10.36,6.46,0.84,5.56,4.19
design_3263,1.43,2.88,2.44,2.06,1.39,2.6,1.51,2.24,15.5,8.34,0.84,5.42,4.13
design_3264,1.67,3.0,1.81,2.18,1.13,0.91,1.29,1.93,13.03,6.82,0.87,31.87,24.29
design_3265,1.75,3.18,1.66,2.56,1.08,1.23,1.38,2.05,12.05,6.4,0.87,8.52,5.34
design_3266,1.73,3.1,1.95,2.77,0.92,1.17,1.43,2.12,14.38,7.3,0.87,29.29,23.1
design_3267,1.6,3.09,1.11,2.31,1.0,1.03,1.29,1.85,16.7,8.08,0.87,19.63,12.43
design_3268,1.96,3.48,1.8,2.48,1.05,1.19,1.43,2.16,15.47,7.58,0.87,20.1,14.51
design_3269,1.8,3.4,1.87,2.4,1.07,1.21,1.37,2.12,13.08,6.55,0.88,6.49,5.29
design_3270,1.95,3.36,1.84,2.46,1.16,1.12,1.46,2.14,12.1,6.33,0.87,12.69,8.08
design_3271,1.58,3.04,1.09,2.29,1.07,1.0,1.29,1.83,13.85,7.03,0.88,31.19,24.33
design_3272,1.44,1.86,2.17,2.25,1.2,3.36,1.47,2.22,18.56,9.4,0.85,22.35,16.95
design_3273,1.42,1.89,2.25,2.18,1.23,3.18,1.42,2.18,18.67,9.41,0.85,16.33,13.32
design_3274,1.41,2.06,2.06,2.44,1.15,3.17,1.46,2.2,17.8,9.04,0.85,33.63,24.78
design_3275,1.42,1.8,2.13,1.92,1.15,3.31,1.37,2.13,18.12,9.24,0.85,29.45,22.24
design_3276,1.35,1.89,2.06,2.46,0.98,3.04,1.42,2.12,17.31,8.88,0.84,13.65,8.29
design_3277,1.4,1.81,2.23,2.37,1.22,3.02,1.4,2.16,18.56,9.4,0.85,35.48,26.15
design_3278,1.34,1.85,2.16,2.24,1.11,3.25,1.41,2.17,17.97,9.22,0.84,29.98,23.87
design_3279,1.48,1.74,1.89,2.06,1.09,3.06,1.35,2.03,16.44,8.63,0.84,30.43,22.89
design_3280,1.4,1.94,3.84,1.82,1.08,2.29,1.53,2.44,16.33,8.63,0.83,4.18,4.88
design_3281,1.27,1.98,3.8,1.76,1.07,2.96,1.52,2.57,16.96,9.05,0.83,15.12,9.02
design_3282,1.35,2.11,4.07,1.75,1.31,2.57,1.55,2.61,18.5,9.31,0.84,10.35,11.9
design_3283,1.39,1.93,3.84,1.89,1.48,2.16,1.53,2.46,18.08,8.78,0.86,14.77,13.82
design_3284,1.51,1.85,1.95,2.04,1.08,2.53,1.34,1.95,16.1,8.25,0.85,10.08,7.27
design_3285,1.43,2.09,2.64,2.07,1.51,2.06,1.42,2.08,17.67,8.76,0.85,4.55,5.09
design_3286,1.45,2.11,3.88,1.98,1.5,2.11,1.55,2.49,18.15,8.85,0.86,14.69,10.78
design_3287,1.91,2.45,4.34,2.22,1.4,2.36,1.76,2.81,17.25,9.01,0.83,11.23,9.67
design_3288,1.22,1.48,1.63,1.78,0.76,3.68,1.33,2.31,18.42,9.73,0.83,19.98,14.26
design_3289,0.94,1.28,1.36,1.8,1.05,10.13,2.62,5.56,18.4,9.51,0.84,26.66,21.54
design_3290,1.23,1.36,1.08,2.42,0.95,9.82,2.57,5.43,17.94,9.36,0.83,34.43,26.18
design_3291,1.33,1.62,1.55,1.73,1.14,10.15,2.64,5.6,17.76,9.32,0.83,33.36,25.37
design_3292,1.34,1.48,1.97,1.74,1.1,10.31,2.68,5.69,17.61,9.24,0.83,23.3,18.14
design_3293,1.24,1.39,1.69,1.73,0.77,5.06,1.54,2.97,18.51,9.83,0.82,10.63,7.87
design_3294,1.32,1.7,1.45,1.8,1.14,10.08,2.63,5.56,17.02,9.08,0.83,26.42,20.75
design_3295,0.95,1.45,1.86,1.74,1.41,8.96,2.36,4.98,15.16,8.57,0.82,29.29,22.76
design_3296,1.37,2.09,2.42,2.43,0.92,1.18,1.27,1.86,15.78,7.93,0.87,23.77,19.19
design_3297,1.42,2.48,2.29,2.56,1.21,1.18,1.33,1.98,16.55,8.22,0.87,17.05,11.71
design_3298,1.54,2.04,2.64,2.39,1.0,1.17,1.3,1.92,15.23,7.6,0.88,25.94,20.86
design_3299,1.62,2.07,2.5,2.42,1.18,1.17,1.31,1.93,16.99,8.18,0.88,26.19,20.03
design_3300,1.29,2.01,4.25,2.52,1.16,1.09,1.4,2.34,16.84,8.26,0.87,23.73,18.22
design_3301,1.38,1.95,2.42,2.57,0.89,1.23,1.25,1.87,16.94,8.33,0.87,34.59,26.26
design_3302,1.55,2.26,2.58,2.68,1.08,1.17,1.37,2.02,17.67,8.49,0.88,36.37,25.04
design_3303,1.33,1.75,4.22,2.42,0.87,1.1,1.34,2.26,16.4,7.83,0.89,22.02,16.96
design_3304,1.55,2.11,1.26,2.07,1.36,2.58,1.4,1.93,15.33,8.4,0.82,5.19,4.28
design_3305,0.96,1.84,1.26,1.55,1.12,2.48,1.14,1.7,17.22,9.06,0.84,15.46,10.47
design_3306,1.09,1.75,1.52,1.64,1.26,2.57,1.18,1.8,15.87,8.67,0.82,30.17,22.63
design_3307,1.06,1.8,1.39,1.66,1.14,2.53,1.16,1.76,16.23,8.76,0.82,10.42,8.33
design_3308,1.38,2.14,1.43,1.84,1.39,6.03,1.78,3.28,8.66,6.04,0.82,30.44,23.15
design_3309,0.83,1.67,1.24,1.63,1.1,2.66,1.13,1.74,17.23,9.12,0.83,11.88,8.89
design_3310,0.93,1.55,1.13,1.67,1.23,2.51,1.11,1.68,15.8,8.68,0.83,16.72,13.15
design_3311,1.05,1.77,1.22,1.79,1.61,2.78,1.23,1.88,14.97,8.27,0.82,17.35,14.25
design_3312,1.17,2.09,2.07,1.73,1.61,2.11,1.23,1.82,9.79,6.23,0.84,18.48,13.38
design_3313,1.35,1.62,3.21,1.7,1.13,2.2,1.28,1.97,16.45,8.6,0.84,24.61,16.37
design_3314,1.27,1.58,1.74,1.7,1.08,1.61,1.17,1.52,17.31,8.8,0.84,18.71,14.03
design_3315,1.12,1.96,1.84,1.59,1.27,2.21,1.19,1.71,13.28,7.47,0.84,16.34,12.31
design_3316,1.43,1.33,3.58,1.77,1.07,1.71,1.27,1.97,16.57,8.61,0.84,15.84,12.0
design_3317,1.31,2.15,2.01,1.73,1.25,2.11,1.22,1.8,13.84,7.65,0.84,17.29,12.29
design_3318,1.21,1.8,2.01,1.75,1.18,2.11,1.2,1.72,16.95,8.72,0.85,25.32,17.77
design_3319,1.14,1.86,1.59,1.69,1.11,2.11,1.16,1.63,14.73,8.01,0.84,18.77,13.58
design_3320,1.87,1.78,0.9,2.7,1.44,2.85,1.53,2.1,18.26,9.32,0.84,21.45,16.17
design_3321,1.44,1.69,0.91,2.51,1.0,2.83,1.37,1.96,16.9,8.87,0.84,22.83,16.56
design_3322,1.64,1.99,0.86,2.79,1.31,2.86,1.49,2.11,17.79,9.15,0.84,31.49,23.02
design_3323,1.53,1.21,0.7,2.2,1.28,3.1,1.35,1.96,18.07,9.33,0.84,36.7,22.97
design_3324,1.65,1.51,0.91,2.14,1.04,2.94,1.33,1.93,17.21,8.91,0.84,11.77,9.87
design_3325,1.89,2.1,0.78,2.67,1.25,2.84,1.51,2.11,17.5,9.04,0.84,31.61,23.21
design_3326,1.82,1.14,1.06,2.19,1.09,4.18,1.5,2.41,16.95,8.87,0.84,27.08,20.4
design_3327,1.54,1.28,1.09,2.48,1.22,3.36,1.43,2.14,16.88,8.81,0.84,22.5,17.11
design_3328,1.37,2.96,1.38,1.86,1.36,5.76,1.68,3.13,17.8,9.09,0.85,20.49,20.42
design_3329,1.4,2.78,1.66,2.04,1.23,2.69,1.33,2.09,18.13,9.3,0.85,29.78,24.72
design_3330,1.64,2.77,1.55,2.13,1.32,2.58,1.38,2.09,19.06,9.51,0.84,13.32,8.23
design_3331,1.65,2.87,1.56,1.86,1.59,5.86,1.69,3.22,17.42,9.09,0.84,20.11,18.21
design_3332,1.53,2.71,1.92,1.93,1.19,2.85,1.35,2.15,17.44,9.08,0.84,33.64,29.21
design_3333,1.67,3.13,1.97,2.0,1.64,5.7,1.75,3.24,17.34,8.81,0.85,15.62,15.19
design_3334,1.58,3.25,1.1,1.81,1.51,5.52,1.65,3.09,17.92,9.15,0.85,21.4,19.43
design_3335,1.93,3.05,1.61,2.26,1.52,4.47,1.53,2.8,17.88,9.25,0.84,13.44,12.79
design_3336,1.34,1.03,3.55,2.15,0.96,2.51,1.35,2.37,18.3,9.25,0.83,33.43,21.63
design_3337,1.26,1.15,2.94,2.29,0.95,2.75,1.32,2.2,19.59,9.68,0.84,34.8,24.84
design_3338,1.2,0.71,7.46,1.75,0.92,2.05,1.96,4.05,16.42,8.59,0.84,35.46,26.26
design_3339,1.19,0.72,8.14,1.87,0.84,2.29,2.1,4.41,16.57,8.8,0.84,5.1,5.11
design_3340,0.97,0.69,8.69,1.99,0.85,2.6,2.2,4.7,17.07,8.78,0.84,32.14,22.48
design_3341,0.98,1.89,4.76,2.44,1.26,2.05,1.6,2.91,13.93,8.0,0.82,4.66,4.34
design_3342,1.3,0.83,7.12,2.11,0.85,2.62,1.92,3.96,18.84,9.48,0.84,11.66,11.17
design_3343,1.37,0.44,8.1,2.25,2.12,2.15,2.14,4.46,17.41,8.93,0.84,25.9,20.73
design_3344,1.59,1.95,0.81,2.47,0.89,1.37,1.19,1.6,16.3,7.98,0.88,29.25,21.05
design_3345,1.48,1.8,0.81,2.54,0.68,1.31,1.12,1.55,16.3,7.99,0.88,32.75,23.74
design_3346,1.35,1.92,0.83,2.4,1.04,1.47,1.16,1.57,16.86,8.27,0.87,31.95,24.13
design_3347,1.3,1.93,0.92,2.5,0.73,1.15,1.17,1.54,17.97,8.74,0.87,27.52,20.33
design_3348,1.55,1.66,0.7,2.01,1.0,1.22,1.05,1.41,13.95,7.15,0.87,30.17,23.51
design_3349,1.41,2.0,0.74,2.46,0.95,1.56,1.17,1.6,16.58,8.14,0.87,30.19,22.82
design_3350,1.36,1.45,0.71,2.44,0.68,1.19,1.11,1.42,16.07,7.9,0.87,17.45,11.87
design_3351,1.45,1.63,0.75,2.43,0.93,1.11,1.15,1.48,15.79,7.92,0.87,29.89,22.76
design_3352,1.48,3.16,1.58,2.4,1.49,2.52,1.45,2.22,17.27,8.94,0.84,14.52,11.96
design_3353,1.42,2.96,1.61,2.14,1.61,2.91,1.39,2.24,17.9,9.16,0.85,19.35,15.32
design_3354,1.32,2.64,1.63,1.82,1.48,2.35,1.31,1.95,16.6,8.74,0.84,5.48,4.34
design_3355,1.47,3.11,1.56,2.09,1.54,2.39,1.45,2.12,16.92,8.87,0.84,15.69,11.41
design_3356,1.64,2.81,1.68,2.02,1.59,2.03,1.4,2.01,17.24,8.92,0.85,9.41,8.01
design_3357,1.53,2.89,1.94,1.97,1.46,5.44,1.68,3.05,16.23,8.12,0.87,13.93,10.24
design_3358,1.64,2.93,1.67,1.96,1.36,2.1,1.39,2.01,17.8,8.95,0.85,20.37,15.24
design_3359,1.5,3.08,1.73,2.01,1.47,2.0,1.39,2.03,17.22,8.92,0.84,13.26,9.61
design_3360,1.39,2.16,1.31,2.03,1.01,2.02,1.36,1.71,17.88,8.81,0.86,32.34,24.0
design_3361,1.23,1.87,1.26,1.93,1.0,2.01,1.28,1.62,17.18,8.54,0.87,15.29,13.59
design_3362,1.55,2.5,1.63,1.95,0.97,2.2,1.4,1.87,18.52,9.23,0.85,17.05,13.23
design_3363,1.28,2.25,2.36,1.95,1.21,2.23,1.41,1.99,17.24,8.87,0.84,8.18,7.32
design_3364,1.2,1.95,1.24,1.8,0.93,2.05,1.25,1.6,16.58,8.43,0.85,22.07,15.98
design_3365,1.36,2.04,1.56,1.86,1.49,2.02,1.32,1.75,17.06,8.87,0.85,16.06,14.96
design_3366,1.38,2.02,1.4,1.87,1.09,1.98,1.31,1.67,17.03,8.76,0.85,29.21,21.26
design_3367,1.52,2.2,1.51,1.98,1.3,2.1,1.39,1.8,17.09,8.73,0.85,20.65,17.43
design_3368,1.18,2.53,1.03,2.64,1.99,1.93,1.39,1.87,6.39,4.47,0.87,6.05,5.61
design_3369,1.36,2.91,2.18,2.32,1.28,1.39,1.34,2.02,16.03,7.97,0.86,22.23,14.42
design_3370,1.59,2.97,1.99,2.32,1.44,1.26,1.33,2.01,16.14,8.06,0.86,30.28,21.19
design_3371,1.54,2.96,2.7,2.4,1.53,1.16,1.41,2.24,16.92,8.35,0.86,27.59,16.52
design_3372,1.45,2.82,2.08,2.4,1.3,1.34,1.32,2.0,15.46,7.75,0.86,21.16,12.52
design_3373,1.23,2.69,1.22,2.55,2.24,1.66,1.36,1.92,6.88,4.62,0.87,6.81,6.08
design_3374,1.51,2.88,2.66,2.35,1.33,1.15,1.39,2.18,17.4,8.47,0.87,39.0,20.88
design_3375,1.3,2.64,1.45,1.97,1.22,1.36,1.18,1.69,16.69,8.1,0.87,17.1,12.12
design_3376,1.08,1.92,1.4,2.11,1.1,2.11,1.19,1.66,16.55,8.44,0.85,28.64,21.86
design_3377,1.16,2.05,1.5,2.34,1.13,2.46,1.27,1.83,18.44,8.97,0.86,31.09,24.45
design_3378,1.04,1.67,1.09,1.89,1.12,1.91,1.05,1.47,17.65,8.83,0.86,31.82,22.97
design_3379,1.06,1.81,1.1,2.17,1.4,2.15,1.1,1.64,15.44,7.91,0.86,15.98,11.66
design_3380,1.02,1.8,0.87,2.22,1.07,2.75,1.15,1.71,18.45,9.06,0.86,30.94,22.4
design_3381,0.97,1.47,0.8,1.84,0.84,2.21,0.97,1.42,17.16,8.68,0.85,11.15,8.94
design_3382,1.02,1.56,0.76,2.25,1.03,2.23,1.06,1.55,17.25,8.55,0.86,29.61,22.73
design_3383,1.07,1.71,0.83,2.29,1.13,2.32,1.1,1.62,18.29,8.86,0.87,27.32,22.28
design_3384,1.39,2.9,4.29,2.64,1.89,3.1,1.86,3.04,8.08,5.73,0.83,19.15,14.13
design_3385,1.39,2.55,4.19,2.37,1.59,3.09,1.76,2.91,7.17,5.63,0.83,19.86,14.69
design_3386,1.47,2.89,4.14,2.48,1.58,3.6,1.87,3.09,16.73,8.84,0.83,15.55,11.61
design_3387,1.23,2.72,3.44,2.23,1.19,3.35,1.65,2.72,17.26,9.16,0.83,12.04,9.21
design_3388,1.24,2.89,3.38,2.43,1.38,3.32,1.7,2.75,15.43,8.44,0.83,30.6,23.43
design_3389,1.26,2.89,4.12,2.45,1.3,3.55,1.82,3.03,16.22,8.73,0.83,5.13,4.38
design_3390,1.34,2.8,4.21,2.4,1.3,3.58,1.81,3.06,16.73,8.94,0.83,25.41,19.23
design_3391,1.32,2.99,2.31,2.37,1.39,3.69,1.68,2.63,17.45,9.21,0.83,15.12,11.35
design_3392,0.78,1.48,2.36,2.1,1.15,2.19,1.32,1.89,17.85,8.94,0.85,6.0,6.34
design_3393,0.72,1.24,2.17,1.78,0.99,2.16,1.14,1.73,15.19,7.98,0.85,32.59,23.68
design_3394,1.04,1.71,2.69,1.99,1.23,2.44,1.36,2.09,19.56,9.67,0.85,31.06,21.11
design_3395,0.75,1.8,2.7,1.91,1.27,2.33,1.34,2.05,19.12,9.66,0.83,19.16,13.61
design_3396,0.85,1.16,2.39,1.62,0.88,2.2,1.14,1.79,18.85,9.37,0.85,26.75,21.83
design_3397,0.75,1.28,2.02,1.87,1.25,2.2,1.18,1.73,15.0,7.85,0.85,32.2,22.82
design_3398,0.85,1.56,2.17,1.93,1.01,2.08,1.19,1.78,18.49,9.3,0.84,17.97,14.63
design_3399,0.95,1.72,2.73,1.94,1.02,2.51,1.37,2.09,18.93,9.66,0.84,30.2,23.35
design_3400,0.99,2.59,1.91,2.65,1.2,1.09,1.32,1.89,16.49,8.28,0.87,23.41,19.67
design_3401,1.02,2.46,3.15,2.98,0.89,1.22,1.41,2.16,16.05,8.0,0.87,35.18,25.93
design_3402,1.06,2.5,3.08,2.94,0.94,1.22,1.42,2.15,16.41,8.16,0.87,33.2,24.54
design_3403,1.08,2.64,3.06,2.73,1.25,1.09,1.43,2.14,15.86,7.88,0.87,7.21,7.29
design_3404,0.92,2.54,1.46,2.56,1.16,1.14,1.28,1.79,16.46,8.26,0.87,18.47,13.07
design_3405,1.13,2.72,3.12,2.9,0.92,1.23,1.44,2.2,15.71,7.95,0.86,35.49,27.86
design_3406,1.17,2.5,2.91,2.57,0.88,1.11,1.32,2.02,16.82,8.33,0.87,21.8,18.68
design_3407,1.11,2.43,3.42,2.38,0.98,1.01,1.29,2.06,16.76,8.32,0.87,19.54,16.81
design_3408,1.56,2.28,1.89,2.21,0.95,1.83,1.31,1.85,17.21,8.86,0.84,9.88,7.65
design_3409,1.32,1.98,1.5,1.7,0.94,1.58,1.11,1.54,17.61,9.0,0.85,27.32,21.25
design_3410,1.26,2.11,1.94,1.67,0.87,2.44,1.16,1.85,17.37,8.94,0.85,12.06,8.72
design_3411,1.33,2.32,2.04,2.0,1.17,2.11,1.25,1.9,15.44,8.33,0.83,7.85,5.54
design_3412,1.36,2.38,1.96,1.89,0.94,1.58,1.22,1.75,16.95,8.77,0.85,8.18,7.08
design_3413,1.26,1.8,1.92,1.63,0.92,1.94,1.12,1.67,16.93,8.8,0.85,18.09,13.33
design_3414,1.56,1.95,1.76,2.1,0.84,2.13,1.25,1.81,14.48,7.83,0.84,4.58,3.55
design_3415,1.64,2.41,2.41,2.31,0.86,1.92,1.35,2.04,15.89,8.13,0.84,18.06,9.15
design_3416,1.2,2.16,3.16,1.51,1.13,2.07,1.36,2.14,17.61,9.08,0.84,14.67,11.11
design_3417,1.19,1.95,3.83,1.65,1.08,2.02,1.43,2.36,18.28,9.2,0.85,13.09,9.98
design_3418,1.07,2.56,3.38,1.52,1.16,1.91,1.38,2.23,18.06,9.18,0.84,9.39,7.94
design_3419,1.24,2.09,2.54,1.61,1.3,2.1,1.28,1.96,16.0,8.32,0.85,8.03,6.11
design_3420,1.19,2.22,3.86,1.68,1.12,2.08,1.45,2.41,17.14,8.75,0.85,18.12,13.76
design_3421,1.14,2.12,3.73,1.62,1.13,2.26,1.42,2.38,17.42,8.83,0.85,21.05,17.03
design_3422,1.16,2.31,3.87,1.67,1.21,1.88,1.45,2.39,18.02,9.19,0.85,12.61,9.31
design_3423,1.11,2.1,3.76,1.6,1.2,1.79,1.39,2.3,15.97,8.29,0.84,31.78,21.52
design_3424,0.96,2.09,1.57,2.25,1.02,3.73,1.49,2.41,18.45,9.48,0.84,13.9,11.93
design_3425,0.91,2.06,2.89,1.99,0.93,3.62,1.49,2.54,19.29,9.98,0.83,29.64,20.05
design_3426,1.1,2.15,1.37,2.36,0.81,3.62,1.46,2.36,17.67,9.32,0.83,9.39,8.76
design_3427,0.87,1.82,0.86,2.1,0.89,2.99,1.27,1.96,18.91,9.73,0.83,11.39,10.91
design_3428,0.89,2.04,1.57,2.02,0.93,2.99,1.3,2.05,18.92,9.79,0.83,11.9,12.12
design_3429,0.93,1.89,1.32,2.3,0.82,3.77,1.43,2.37,19.81,10.04,0.84,21.56,11.7
design_3430,1.22,2.0,1.16,2.45,0.93,3.24,1.43,2.19,17.25,9.05,0.83,34.36,25.17
design_3431,1.05,2.22,1.3,2.25,0.98,3.79,1.48,2.42,18.85,9.72,0.83,8.6,9.28
design_3432,0.7,2.1,3.29,1.78,0.85,2.06,1.25,2.19,15.95,8.07,0.86,12.83,9.7
design_3433,0.93,1.63,1.3,1.82,2.05,1.76,1.09,1.58,16.77,8.51,0.85,35.83,25.99
design_3434,0.74,1.79,1.52,1.79,1.55,1.92,1.08,1.59,18.17,8.76,0.87,26.98,18.72
design_3435,1.06,1.76,1.29,1.96,1.67,2.71,1.24,1.77,16.54,8.28,0.86,24.62,12.63
design_3436,0.64,1.81,2.6,1.75,1.0,1.78,1.11,1.85,17.73,8.83,0.85,13.01,8.78
design_3437,0.91,1.84,1.13,1.77,1.25,1.62,1.04,1.42,17.51,8.74,0.85,34.5,25.0
design_3438,1.06,1.85,1.64,1.69,0.97,1.9,1.03,1.57,16.87,8.43,0.86,13.16,10.98
design_3439,0.96,2.05,1.0,2.1,1.04,2.7,1.2,1.71,17.81,8.34,0.88,16.35,10.06
design_3440,1.44,1.95,2.32,1.69,0.95,2.75,1.29,1.98,14.49,8.01,0.83,21.14,14.13
design_3441,1.86,2.02,3.13,1.81,1.19,3.04,1.37,2.33,18.03,9.22,0.85,15.35,17.13
design_3442,1.51,2.21,2.76,1.67,1.21,2.56,1.29,2.09,17.0,8.96,0.84,10.43,6.11
design_3443,1.73,2.23,2.36,1.73,0.98,2.51,1.26,2.01,15.06,8.3,0.83,18.03,12.53
design_3444,1.9,2.38,3.01,1.83,1.18,2.37,1.4,2.2,15.7,8.48,0.83,20.85,14.17
design_3445,1.29,1.65,2.33,1.57,0.95,3.61,1.25,2.17,16.97,8.92,0.84,23.68,17.43
design_3446,1.44,2.23,1.43,1.42,0.85,2.3,1.16,1.71,15.54,8.28,0.83,29.16,16.91
design_3447,1.36,1.77,2.6,1.67,1.13,2.56,1.24,1.97,18.02,9.19,0.85,30.9,25.31
design_3448,1.32,1.91,3.2,2.01,1.0,3.62,1.44,2.62,17.13,8.97,0.83,20.38,12.61
design_3449,1.08,2.16,2.52,2.25,1.7,4.01,1.49,2.64,19.28,9.64,0.85,18.48,16.41
design_3450,1.4,2.11,2.65,2.21,0.94,3.55,1.44,2.49,19.83,9.78,0.85,18.18,15.41
design_3451,1.3,2.28,0.98,2.44,1.78,3.49,1.41,2.26,14.01,7.85,0.83,9.33,6.11
design_3452,1.42,2.29,2.57,2.27,2.28,3.48,1.53,2.58,12.11,7.0,0.85,8.06,5.68
design_3453,1.11,1.95,2.51,2.13,1.65,3.62,1.41,2.47,19.11,9.6,0.84,31.02,24.5
design_3454,1.33,2.16,2.87,2.17,1.25,2.69,1.39,2.31,18.44,9.52,0.84,18.33,11.9
design_3455,1.36,1.81,3.18,2.09,0.8,3.3,1.42,2.51,15.62,8.38,0.83,34.11,25.85
design_3456,1.15,2.38,1.59,2.54,1.14,1.05,1.18,1.76,17.02,8.76,0.86,41.48,30.41
design_3457,1.43,2.7,2.32,2.53,1.26,1.0,1.29,2.0,16.88,8.55,0.86,22.59,19.06
design_3458,1.78,2.9,1.55,2.56,1.29,1.04,1.3,1.97,17.35,8.94,0.85,33.03,25.04
design_3459,1.66,2.87,1.83,2.71,1.46,1.18,1.34,2.05,16.47,8.35,0.86,27.43,23.22
design_3460,1.71,2.59,1.83,2.56,1.04,1.13,1.28,1.92,18.31,8.96,0.86,43.59,25.18
design_3461,1.69,2.92,1.47,2.53,1.23,1.06,1.28,1.94,18.77,9.14,0.86,41.91,24.87
design_3462,1.25,2.34,1.5,2.52,0.92,1.07,1.14,1.73,17.76,8.85,0.86,34.31,21.97
design_3463,1.64,2.89,1.66,2.27,0.99,1.04,1.18,1.87,16.84,8.73,0.85,33.9,28.34
design_3464,1.48,1.6,9.77,1.79,0.99,9.33,3.28,6.69,18.07,9.85,0.8,21.77,15.56
design_3465,1.48,1.93,3.32,1.98,1.04,5.15,1.84,3.28,17.65,9.41,0.82,21.25,15.5
design_3466,1.77,2.49,8.84,2.26,1.35,3.55,2.52,4.75,9.29,6.85,0.8,25.2,19.51
design_3467,1.39,1.74,8.46,1.96,1.02,5.24,2.54,4.92,18.12,9.81,0.81,28.44,22.25
design_3468,1.59,1.54,7.14,1.95,1.21,7.69,2.68,5.29,19.39,10.34,0.81,16.46,12.94
design_3469,1.52,1.57,3.21,2.12,1.26,4.34,1.75,2.93,17.58,9.56,0.82,11.35,9.98
design_3470,1.82,1.94,3.51,2.35,1.85,5.08,1.99,3.39,12.44,7.51,0.81,6.74,5.26
design_3471,1.92,1.88,3.44,2.54,1.64,5.32,2.05,3.48,14.42,8.09,0.82,9.85,7.16
design_3472,1.29,2.44,2.2,2.91,1.72,1.5,1.52,2.12,16.34,8.02,0.86,23.54,13.78
design_3473,1.42,2.83,1.48,2.65,1.54,1.04,1.38,1.94,16.4,8.01,0.88,5.28,5.67
design_3474,1.09,2.3,1.45,2.63,1.41,1.01,1.32,1.76,17.13,8.24,0.88,4.88,3.96
design_3475,1.14,2.36,1.65,2.68,1.56,1.04,1.37,1.85,16.38,8.0,0.87,11.13,8.51
design_3476,0.97,2.11,1.55,2.57,1.43,1.06,1.3,1.73,16.88,8.19,0.87,5.23,4.71
design_3477,1.33,2.65,1.53,3.07,1.4,1.1,1.47,2.0,16.94,8.17,0.88,18.45,15.17
design_3478,1.55,2.57,1.7,3.31,1.78,1.26,1.54,2.16,16.78,8.09,0.87,30.23,14.92
design_3479,1.17,2.36,1.67,2.83,1.59,0.95,1.37,1.9,16.92,8.17,0.88,24.18,20.38
design_3480,0.97,1.5,3.32,1.48,1.27,7.97,2.18,4.59,16.55,8.92,0.82,29.87,24.02
design_3481,0.88,1.46,3.4,1.61,1.17,7.61,2.1,4.41,17.88,9.37,0.83,33.35,25.07
design_3482,0.86,2.09,3.42,1.62,1.06,6.86,1.97,4.07,18.09,9.54,0.82,30.86,23.73
design_3483,0.98,1.6,3.38,1.87,1.13,7.46,2.08,4.36,18.34,9.65,0.83,34.56,26.74
design_3484,1.14,1.38,3.3,1.61,0.96,8.24,2.22,4.72,17.17,9.14,0.83,29.26,23.65
design_3485,1.04,1.75,3.41,1.45,1.17,3.64,1.37,2.52,17.73,9.44,0.82,30.29,24.12
design_3486,1.12,1.86,3.45,1.71,1.03,4.06,1.48,2.74,17.29,9.26,0.82,33.7,24.88
design_3487,0.9,1.74,3.3,2.14,1.03,7.78,2.14,4.53,17.57,9.32,0.82,29.79,23.85
design_3488,1.43,2.92,1.62,1.94,1.41,5.6,1.67,3.18,17.45,8.96,0.85,10.76,8.31
design_3489,1.6,3.14,1.73,1.98,1.43,1.47,1.29,1.93,17.41,8.91,0.85,20.76,16.41
design_3490,1.37,2.93,3.09,1.97,1.49,1.66,1.34,2.15,16.44,8.57,0.85,12.95,10.4
design_3491,1.39,2.9,1.87,1.92,1.42,1.55,1.24,1.87,17.6,9.07,0.85,14.87,11.75
design_3492,1.33,2.89,2.03,1.86,1.29,1.61,1.19,1.88,18.01,9.36,0.84,26.76,21.0
design_3493,1.13,2.64,1.57,1.93,1.77,1.5,1.17,1.77,17.36,8.98,0.84,27.21,19.5
design_3494,1.46,3.25,1.81,2.04,1.52,6.17,1.82,3.49,18.02,8.82,0.87,14.98,12.46
design_3495,1.35,3.08,1.91,1.96,1.46,5.29,1.63,3.1,17.95,9.29,0.84,15.39,11.82
design_3496,2.12,2.84,1.97,1.86,1.04,1.77,1.3,2.0,17.63,8.61,0.85,15.83,13.11
design_3497,1.95,2.95,2.01,2.73,1.3,2.25,1.51,2.25,16.58,8.39,0.86,7.92,6.59
design_3498,1.91,2.78,2.19,2.77,1.47,2.3,1.58,2.28,10.35,6.16,0.85,4.33,3.97
design_3499,1.54,2.52,2.07,2.68,1.88,2.53,1.49,2.24,10.79,6.26,0.86,7.82,5.98
design_3500,2.39,3.24,2.32,3.0,1.98,2.13,1.7,2.54,11.79,6.63,0.86,7.07,5.91
design_3501,1.91,3.44,2.0,2.78,1.37,2.07,1.55,2.34,16.5,8.37,0.86,7.56,6.31
design_3502,1.83,2.67,2.1,2.4,1.42,2.39,1.44,2.17,14.64,7.74,0.86,7.02,4.82
design_3503,1.98,2.98,2.0,2.51,1.26,2.44,1.52,2.25,15.16,7.85,0.85,15.61,11.64
design_3504,1.04,2.47,1.21,2.1,1.12,3.31,1.27,2.22,10.18,6.79,0.82,11.33,7.22
design_3505,1.31,2.53,3.27,1.57,1.04,3.46,1.46,2.57,9.96,6.55,0.83,30.68,24.09
design_3506,1.21,2.73,1.52,1.6,1.4,3.84,1.41,2.47,11.32,7.17,0.82,10.75,7.24
design_3507,1.24,2.59,2.94,1.54,1.24,3.54,1.41,2.54,18.59,9.71,0.83,10.83,8.59
design_3508,1.26,2.66,1.44,1.62,1.67,2.94,1.32,2.13,10.52,6.84,0.82,6.71,6.05
design_3509,1.06,2.41,0.9,1.57,1.12,3.81,1.3,2.32,16.41,8.92,0.82,12.49,9.97
design_3510,1.19,2.78,1.27,1.69,1.42,3.34,1.33,2.26,9.41,6.49,0.82,7.08,5.97
design_3511,1.23,2.76,1.28,1.74,1.56,2.92,1.32,2.12,10.06,6.66,0.82,8.17,6.82
design_3512,0.87,2.16,3.22,1.46,0.83,1.52,1.23,2.08,20.07,9.68,0.85,29.64,17.81
design_3513,0.94,2.35,3.1,1.73,1.04,1.45,1.28,2.09,18.95,9.38,0.84,31.14,18.42
design_3514,1.0,2.37,3.64,1.84,0.93,1.78,1.35,2.37,16.56,8.62,0.84,6.28,5.75
design_3515,0.78,2.69,2.53,1.92,1.08,1.47,1.23,1.95,17.69,9.02,0.84,23.43,16.2
design_3516,0.96,2.59,2.03,1.83,0.99,1.52,1.2,1.77,15.98,8.59,0.83,32.07,21.88
design_3517,0.82,2.36,4.63,2.37,0.89,1.89,1.5,2.86,16.12,8.6,0.83,30.12,20.91
design_3518,0.96,2.11,3.26,1.77,0.96,1.65,1.26,2.16,18.77,9.42,0.84,11.27,7.05
design_3519,0.8,2.35,4.02,1.8,1.37,1.67,1.42,2.53,18.14,9.24,0.84,6.52,5.42
design_3520,0.79,1.45,1.13,1.87,0.82,5.83,1.52,2.96,17.93,9.13,0.85,12.87,7.88
design_3521,1.06,1.61,1.38,1.93,1.0,2.39,1.06,1.7,13.02,7.52,0.83,13.94,10.52
design_3522,1.17,1.73,1.24,1.95,0.85,2.04,1.13,1.6,15.02,8.15,0.84,15.91,11.72
design_3523,0.81,1.16,4.85,1.83,0.85,2.11,1.31,2.33,17.55,9.1,0.84,11.49,8.98
design_3524,1.21,1.71,1.04,1.94,0.88,2.52,1.17,1.73,17.63,9.07,0.84,10.94,8.38
design_3525,1.1,1.94,1.17,1.99,0.95,2.63,1.22,1.81,17.12,8.91,0.84,17.27,12.87
design_3526,0.95,1.39,0.94,1.94,0.91,2.31,1.1,1.58,18.09,9.05,0.84,45.07,30.64
design_3527,1.21,1.6,0.84,1.97,0.96,2.47,1.16,1.69,17.54,9.02,0.83,16.09,9.86
design_3528,1.14,1.44,3.9,1.82,1.16,3.17,1.52,2.63,18.18,9.29,0.84,27.19,19.63
design_3529,1.46,2.05,3.35,1.94,0.79,2.45,1.48,2.35,18.84,9.39,0.83,20.26,14.85
design_3530,1.42,1.84,3.51,1.63,0.72,1.8,1.37,2.23,20.0,9.76,0.84,31.33,21.99
design_3531,1.29,1.6,1.6,1.71,0.71,2.58,1.21,1.73,19.12,9.37,0.84,36.59,23.67
design_3532,1.22,1.62,4.13,1.91,1.34,3.62,1.66,2.86,18.17,9.3,0.84,29.26,22.44
design_3533,1.31,1.55,4.1,1.91,1.1,3.49,1.65,2.81,18.14,9.27,0.84,13.58,9.31
design_3534,1.28,2.0,2.99,2.06,0.85,2.37,1.44,2.2,17.63,9.15,0.84,31.26,22.52
design_3535,1.2,1.86,1.64,1.85,0.94,3.43,1.35,2.05,18.42,9.36,0.85,23.77,17.01
design_3536,1.59,3.14,1.25,2.55,1.21,3.16,1.51,2.35,15.66,8.36,0.84,8.01,5.05
design_3537,1.85,3.4,2.75,2.84,1.63,3.13,1.72,2.71,14.82,8.04,0.83,9.05,7.02
design_3538,1.42,2.29,0.98,2.21,0.91,3.2,1.34,2.1,16.92,8.87,0.84,18.47,15.24
design_3539,1.92,2.92,1.27,2.61,1.47,3.0,1.56,2.34,15.75,8.4,0.84,38.25,26.03
design_3540,1.49,2.97,1.35,2.56,1.08,3.22,1.47,2.34,15.96,8.42,0.84,13.7,10.56
design_3541,1.92,2.59,1.39,2.47,1.13,3.3,1.46,2.34,14.12,7.86,0.83,6.35,4.89
design_3542,1.57,2.77,1.2,2.27,1.25,3.15,1.4,2.23,17.08,8.88,0.84,13.18,11.11
design_3543,1.86,3.12,3.06,2.72,1.5,3.22,1.71,2.72,7.15,5.45,0.83,9.67,5.48
design_3544,1.24,2.25,2.41,1.85,1.08,6.02,1.73,3.25,17.38,8.83,0.85,12.67,9.39
design_3545,1.38,1.93,2.54,1.72,0.96,2.12,1.27,1.86,17.48,8.92,0.85,28.6,23.06
design_3546,1.29,1.83,2.75,1.62,1.01,3.46,1.35,2.26,18.15,9.32,0.85,24.06,18.8
design_3547,1.22,1.91,2.42,1.64,0.95,2.57,1.27,1.92,17.93,9.02,0.85,34.92,26.56
design_3548,1.25,1.83,2.7,1.47,1.01,3.11,1.28,2.11,18.34,9.35,0.85,32.72,26.32
design_3549,1.2,1.76,2.68,1.78,1.04,2.32,1.27,1.9,17.09,8.94,0.84,22.52,17.24
design_3550,1.34,2.08,2.52,1.94,1.1,2.33,1.34,1.97,17.38,8.97,0.85,32.48,27.09
design_3551,1.2,1.87,3.0,1.78,1.08,2.29,1.28,1.98,17.41,9.14,0.84,39.16,28.56
design_3552,1.22,2.13,4.07,2.21,1.02,0.83,1.52,2.57,18.2,8.83,0.86,27.31,17.04
design_3553,1.27,2.05,0.86,2.51,1.19,1.55,1.21,1.58,14.93,7.71,0.86,5.88,4.01
design_3554,0.98,1.75,0.52,1.8,0.91,1.52,1.05,1.25,14.27,7.33,0.86,3.5,2.23
design_3555,0.84,1.79,4.19,2.01,0.96,1.23,1.41,2.56,17.72,8.75,0.85,9.09,11.38
design_3556,1.49,2.31,0.77,2.74,1.49,1.87,1.37,1.78,17.89,8.41,0.88,18.88,13.65
design_3557,1.0,1.81,0.7,1.88,0.9,1.46,1.06,1.29,18.4,8.65,0.88,37.87,26.14
design_3558,1.08,1.9,2.15,2.07,0.91,1.06,1.19,1.71,18.73,9.09,0.86,25.59,19.52
design_3559,1.5,2.28,3.47,2.86,1.55,1.81,1.68,2.56,15.74,7.57,0.88,14.29,7.19
design_3560,0.96,3.42,2.72,1.6,0.93,6.75,1.9,3.9,17.55,9.25,0.84,28.02,21.84
design_3561,1.12,3.82,2.8,1.93,1.11,7.37,2.11,4.27,16.05,8.2,0.85,22.09,18.08
design_3562,1.2,2.8,2.68,1.84,1.02,7.1,1.98,4.02,18.33,9.46,0.84,33.08,24.64
design_3563,1.07,2.93,2.81,1.75,0.8,6.91,1.91,3.93,17.41,9.15,0.83,30.32,24.2
design_3564,1.0,3.49,2.76,1.81,0.93,6.86,1.93,3.98,17.41,9.19,0.83,30.87,24.82
design_3565,0.95,3.66,2.87,2.25,0.81,6.76,1.94,4.0,16.62,8.91,0.82,23.44,19.63
design_3566,1.15,3.12,2.81,1.72,0.96,6.89,1.93,3.95,17.4,9.19,0.83,29.19,23.87
design_3567,1.14,2.63,2.87,1.5,0.85,4.96,1.53,3.02,16.91,9.08,0.83,30.55,25.19
design_3568,0.93,2.16,1.3,2.43,1.13,1.19,1.05,1.59,17.46,8.54,0.87,13.52,13.18
design_3569,0.9,1.92,0.54,1.72,0.81,1.24,0.87,1.2,17.64,8.34,0.88,6.72,6.45
design_3570,0.97,2.23,0.57,2.58,0.98,1.58,1.14,1.55,18.36,8.68,0.87,7.54,6.58
design_3571,0.83,1.82,2.33,2.08,0.81,1.05,1.07,1.74,19.3,9.33,0.86,9.41,9.13
design_3572,0.86,2.11,0.8,2.46,1.17,1.47,1.05,1.52,17.81,8.58,0.87,12.37,7.36
design_3573,1.11,1.89,0.56,2.37,0.98,1.47,1.07,1.43,18.17,8.66,0.87,20.63,11.71
design_3574,1.05,1.85,0.88,2.52,1.16,1.33,1.1,1.5,18.04,8.65,0.87,24.13,16.36
design_3575,0.85,2.15,1.15,2.12,0.91,1.09,1.02,1.44,18.4,8.81,0.87,16.98,13.02
design_3576,1.07,1.33,1.81,1.81,0.95,1.68,1.11,1.52,16.17,8.49,0.84,25.98,19.35
design_3577,1.2,1.41,1.32,1.58,0.95,2.65,1.09,1.71,15.25,8.36,0.83,4.83,4.81
design_3578,1.39,1.65,1.37,1.85,0.9,2.52,1.19,1.77,17.18,9.02,0.84,20.44,13.94
design_3579,1.04,1.03,1.01,1.62,0.87,1.99,0.96,1.38,14.04,7.9,0.84,4.54,3.37
design_3580,1.23,1.48,1.4,1.83,0.89,2.23,1.16,1.63,18.49,9.4,0.85,17.53,10.45
design_3581,1.2,1.95,1.13,1.78,1.17,1.61,1.16,1.5,16.21,8.47,0.84,25.37,18.71
design_3582,1.15,1.39,1.42,1.53,0.9,2.39,1.06,1.62,16.72,8.86,0.84,9.55,7.87
design_3583,1.23,1.44,1.6,2.04,0.96,2.12,1.2,1.67,14.96,8.05,0.84,18.03,13.71
design_3584,1.52,2.28,1.79,2.01,0.98,1.22,1.25,1.71,15.88,8.28,0.85,28.55,20.05
design_3585,1.59,2.18,1.52,2.04,1.0,1.12,1.2,1.63,15.72,8.18,0.84,31.49,24.19
design_3586,2.01,2.56,2.12,2.37,1.09,1.5,1.45,2.03,15.91,8.2,0.85,32.77,24.75
design_3587,1.72,2.4,1.59,2.29,1.16,1.43,1.32,1.81,15.06,7.9,0.85,30.04,21.88
design_3588,1.51,2.29,2.06,1.97,1.2,1.46,1.31,1.82,9.85,6.2,0.83,6.93,6.09
design_3589,2.1,2.44,2.01,2.2,1.53,1.62,1.43,2.02,15.53,7.78,0.86,11.6,10.72
design_3590,1.69,2.33,1.45,2.24,1.21,1.38,1.33,1.75,16.36,8.18,0.85,29.94,21.71
design_3591,1.57,1.98,1.26,1.72,1.0,1.25,1.08,1.49,12.42,7.06,0.84,31.22,22.96
design_3592,1.0,1.87,1.96,2.02,1.34,5.55,1.5,2.99,15.25,8.3,0.84,30.26,23.04
design_3593,1.04,2.2,1.46,2.1,0.89,5.82,1.56,3.08,17.36,8.69,0.86,22.99,19.57
design_3594,1.15,1.98,1.63,2.39,0.82,2.29,1.13,1.85,17.94,8.78,0.86,27.42,19.08
design_3595,1.14,2.03,2.11,2.21,0.89,2.62,1.18,1.98,18.02,8.8,0.86,33.0,23.84
design_3596,0.99,2.13,2.45,2.15,1.78,3.04,1.26,2.23,7.02,5.48,0.83,30.83,23.85
design_3597,1.14,2.31,2.24,2.42,0.96,2.76,1.25,2.13,17.84,8.89,0.84,27.88,22.18
design_3598,1.15,2.14,2.1,2.38,0.83,2.34,1.18,1.95,18.14,8.95,0.85,20.1,14.05
design_3599,1.08,2.0,2.02,2.26,0.97,2.48,1.16,1.93,18.05,9.12,0.84,29.39,22.75
design_3600,0.96,2.32,1.24,1.75,1.22,2.27,1.17,1.76,17.63,9.38,0.83,29.34,22.92
design_3601,1.08,1.5,4.43,1.7,1.04,1.97,1.28,2.21,18.1,9.44,0.83,30.25,24.05
design_3602,1.03,2.25,1.1,1.68,1.22,2.25,1.15,1.72,18.37,9.61,0.84,31.93,24.87
design_3603,1.07,2.25,2.96,1.59,1.26,5.4,1.63,3.12,17.74,9.52,0.82,12.39,9.86
design_3604,1.05,1.99,1.44,1.84,1.08,7.24,1.9,3.78,17.22,8.63,0.86,22.38,17.21
design_3605,1.05,2.36,1.06,1.71,1.13,6.15,1.69,3.29,17.71,9.27,0.84,24.62,20.33
design_3606,1.04,2.27,1.64,1.79,1.24,1.82,1.18,1.69,17.43,9.22,0.84,28.49,22.31
design_3607,1.06,1.92,1.3,1.77,1.08,6.87,1.82,3.59,18.14,9.28,0.84,26.29,20.25
design_3608,1.03,3.05,3.35,2.32,0.97,2.55,1.42,2.36,17.34,9.07,0.84,33.59,26.59
design_3609,0.97,2.72,3.2,2.31,1.04,6.07,1.79,3.62,16.82,9.01,0.83,31.82,22.77
design_3610,1.12,3.3,2.3,2.35,1.02,2.62,1.42,2.29,17.29,9.16,0.83,35.85,26.63
design_3611,1.04,3.15,3.16,2.34,1.12,2.58,1.42,2.37,16.81,9.03,0.83,33.78,26.68
design_3612,1.03,3.23,2.89,2.12,1.05,5.43,1.75,3.36,17.62,9.35,0.83,26.4,21.62
design_3613,1.06,2.98,3.27,2.01,0.86,7.12,1.99,4.1,16.85,9.01,0.83,24.92,20.38
design_3614,0.98,3.01,3.32,1.97,0.85,7.25,2.01,4.16,17.85,9.32,0.84,19.04,16.76
design_3615,1.04,3.16,1.58,2.22,1.16,3.14,1.41,2.35,16.75,9.06,0.82,31.0,24.96
design_3616,0.99,1.57,3.84,1.85,0.79,2.12,1.14,2.02,16.54,7.98,0.89,35.34,31.06
design_3617,1.06,1.68,3.71,1.94,0.99,1.87,1.18,1.99,15.92,7.84,0.88,34.57,29.05
design_3618,1.12,2.13,3.84,1.96,0.95,2.08,1.2,2.13,16.9,8.18,0.88,38.46,28.67
design_3619,1.18,1.87,3.69,1.9,0.73,2.25,1.18,2.07,15.78,7.78,0.88,31.95,27.23
design_3620,0.84,1.53,3.89,1.81,0.77,2.54,1.15,2.09,17.08,8.22,0.89,31.18,25.81
design_3621,1.24,1.9,3.52,2.02,0.84,1.96,1.18,2.01,16.4,8.31,0.86,34.01,27.31
design_3622,1.19,1.95,3.42,2.0,1.03,2.23,1.19,2.05,15.91,7.91,0.88,34.07,29.68
design_3623,1.19,1.94,3.63,1.87,0.86,2.18,1.18,2.06,15.74,7.79,0.88,31.19,26.91
design_3624,1.28,2.36,1.99,2.22,1.71,2.28,1.35,2.01,13.84,7.84,0.82,8.19,7.9
design_3625,1.52,2.25,3.49,2.26,1.43,2.68,1.54,2.57,15.25,8.36,0.83,10.95,9.52
design_3626,1.39,2.34,2.02,2.36,1.28,2.27,1.34,2.01,17.71,9.1,0.84,34.57,23.57
design_3627,1.35,2.21,2.27,2.55,1.17,2.59,1.39,2.15,15.72,8.32,0.84,19.73,14.64
design_3628,1.71,2.62,2.74,2.53,1.44,2.5,1.57,2.38,16.0,8.63,0.82,18.5,14.62
design_3629,1.44,2.64,3.18,2.56,1.31,2.18,1.55,2.45,16.15,8.66,0.82,11.56,9.88
design_3630,1.32,2.4,1.93,2.08,1.3,2.1,1.29,1.91,16.42,8.63,0.84,15.3,10.65
design_3631,1.34,2.52,3.16,2.32,1.36,2.88,1.53,2.51,19.1,9.71,0.84,30.98,27.67
design_3632,1.45,2.01,1.98,2.26,0.97,2.66,1.38,2.05,18.9,9.65,0.83,19.85,15.32
design_3633,0.92,1.53,3.09,1.97,0.8,2.56,1.31,2.18,14.06,7.91,0.83,20.05,15.56
design_3634,1.43,1.87,2.76,2.49,1.22,2.62,1.46,2.27,16.16,8.63,0.83,24.31,18.68
design_3635,1.45,2.08,1.87,2.33,1.06,2.45,1.37,1.99,18.54,9.54,0.83,20.55,14.32
design_3636,1.31,1.91,2.07,2.17,1.1,2.6,1.36,2.02,17.97,9.32,0.83,32.36,23.21
design_3637,1.33,1.91,2.18,2.13,1.08,2.2,1.3,1.93,17.04,9.02,0.83,27.22,20.0
design_3638,1.53,1.63,2.12,2.24,0.92,2.31,1.23,1.94,18.66,9.5,0.82,33.07,22.81
design_3639,1.41,2.0,1.92,2.38,1.06,2.53,1.4,2.02,17.49,9.16,0.83,17.72,7.8
design_3640,1.1,2.08,2.14,1.82,0.95,2.25,1.21,1.89,18.71,9.78,0.83,16.07,10.91
design_3641,0.98,1.97,1.75,1.86,0.76,2.59,1.21,1.89,8.93,6.35,0.82,15.56,15.23
design_3642,0.94,1.9,1.85,1.69,1.04,2.67,1.17,1.92,15.98,8.91,0.82,28.26,21.38
design_3643,1.03,2.08,2.29,1.82,0.82,2.83,1.25,2.11,10.92,7.01,0.82,15.04,14.81
design_3644,1.14,2.18,3.12,1.73,0.92,2.67,1.35,2.3,16.02,8.83,0.82,27.09,19.33
design_3645,1.19,2.27,1.7,1.84,1.18,2.99,1.33,2.1,18.19,9.53,0.83,28.29,20.6
design_3646,1.06,1.86,2.31,1.6,0.79,2.34,1.16,1.9,17.38,9.32,0.82,18.82,12.11
design_3647,0.98,2.06,2.86,1.64,0.75,2.88,1.26,2.24,16.7,9.04,0.82,13.09,11.36
design_3648,1.9,1.71,1.19,1.85,1.22,2.06,1.18,1.66,18.99,9.28,0.86,33.64,24.59
design_3649,2.15,2.22,1.0,2.04,1.53,2.17,1.28,1.84,18.08,8.96,0.85,28.94,22.71
design_3650,1.96,1.88,1.09,2.28,1.13,1.87,1.33,1.72,18.76,9.37,0.84,34.8,23.62
design_3651,1.96,2.35,1.17,2.06,1.67,2.24,1.29,1.89,17.7,8.79,0.86,20.04,15.85
design_3652,2.05,2.44,0.88,1.95,1.09,1.78,1.22,1.72,18.57,9.28,0.84,20.64,15.41
design_3653,1.59,1.49,0.94,1.78,1.23,1.78,1.09,1.46,17.0,8.63,0.85,22.27,17.51
design_3654,1.94,1.58,1.04,2.01,1.23,1.92,1.22,1.63,16.28,8.46,0.84,12.88,8.71
design_3655,1.99,2.28,0.96,1.97,1.07,2.04,1.21,1.73,17.2,8.78,0.84,25.22,19.44
design_3656,1.34,1.8,1.03,2.25,0.83,2.98,1.31,1.97,17.99,9.29,0.84,16.47,13.06
design_3657,1.74,2.08,1.74,2.29,1.03,3.36,1.48,2.29,19.15,9.7,0.84,28.84,21.45
design_3658,1.62,2.08,1.57,2.59,0.91,3.25,1.47,2.26,19.92,9.88,0.85,28.42,19.3
design_3659,1.37,1.8,0.97,2.01,0.98,2.74,1.24,1.85,17.88,9.2,0.84,11.39,10.76
design_3660,1.34,1.8,1.15,1.77,0.82,3.26,1.26,2.02,18.02,9.36,0.84,8.67,9.15
design_3661,1.49,1.74,1.27,2.21,0.97,2.75,1.29,1.93,15.37,8.44,0.83,5.96,5.18
design_3662,1.61,2.1,1.81,2.54,0.95,3.42,1.54,2.35,18.59,9.45,0.85,10.83,7.13
design_3663,1.21,1.79,0.97,1.95,0.95,2.61,1.16,1.77,17.5,9.1,0.84,10.88,9.82
design_3664,1.2,2.65,1.53,2.18,1.47,2.84,1.34,2.08,17.86,9.05,0.85,28.6,22.39
design_3665,1.32,3.5,3.69,2.59,1.17,2.57,1.58,2.69,16.87,8.83,0.83,13.82,11.64
design_3666,1.11,3.14,1.16,2.22,1.05,4.65,1.46,2.64,16.16,8.34,0.85,20.81,16.26
design_3667,0.99,2.51,5.08,2.07,1.36,2.59,1.53,2.87,7.86,5.83,0.83,32.4,22.72
design_3668,1.33,3.26,0.74,2.49,1.14,2.31,1.37,2.04,13.36,7.42,0.83,10.44,6.84
design_3669,1.09,2.52,3.87,2.66,1.01,2.35,1.49,2.51,14.99,8.25,0.82,10.69,8.35
design_3670,1.22,3.16,0.85,2.6,1.02,2.46,1.34,2.06,15.38,8.14,0.84,15.07,9.19
design_3671,1.3,3.27,0.98,2.21,1.37,2.69,1.3,2.11,15.74,8.28,0.84,29.36,22.48
design_3672,1.85,2.49,1.61,2.51,1.75,1.16,1.29,1.98,16.56,8.39,0.85,30.65,24.4
design_3673,1.57,2.14,1.98,2.57,1.37,1.02,1.18,1.86,16.09,8.41,0.84,28.47,22.71
design_3674,1.38,2.0,1.68,2.76,1.03,1.02,1.18,1.78,16.51,8.55,0.85,25.01,19.56
design_3675,1.79,2.53,1.52,2.42,1.61,1.11,1.27,1.92,16.4,8.45,0.85,30.23,24.34
design_3676,1.7,2.3,1.52,2.41,1.45,0.95,1.19,1.82,15.94,8.29,0.85,30.79,24.24
design_3677,0.96,1.35,3.57,2.1,1.48,0.88,1.05,1.87,15.14,7.54,0.87,30.21,24.82
design_3678,1.78,2.4,1.46,2.61,1.38,1.01,1.25,1.89,17.55,8.93,0.85,30.01,23.37
design_3679,1.72,2.48,1.7,2.78,1.65,1.01,1.32,2.01,17.38,8.74,0.86,30.46,23.72
design_3680,1.78,2.8,2.24,2.78,1.17,2.5,1.55,2.3,18.94,9.02,0.87,16.35,13.98
design_3681,1.75,3.01,2.78,3.6,0.89,1.8,1.65,2.5,19.93,9.52,0.85,19.44,13.75
design_3682,1.47,2.82,1.79,2.8,0.81,2.69,1.45,2.19,18.97,9.06,0.87,14.59,12.54
design_3683,1.52,2.69,2.11,2.87,0.88,5.08,1.71,2.95,19.55,9.58,0.85,23.97,17.98
design_3684,1.6,2.88,1.81,2.73,0.86,2.62,1.48,2.19,18.78,8.93,0.88,11.16,9.93
design_3685,1.66,2.84,2.39,3.23,0.93,2.29,1.6,2.36,18.8,9.0,0.87,26.09,19.79
design_3686,1.55,2.67,1.97,2.9,0.89,2.71,1.49,2.24,19.02,9.07,0.87,18.05,12.22
design_3687,1.81,2.77,2.24,3.35,1.0,2.35,1.63,2.37,20.21,9.87,0.85,29.27,20.09
design_3688,1.37,3.0,3.29,2.26,1.67,3.37,1.62,2.74,15.5,8.56,0.82,7.22,5.63
design_3689,1.37,2.65,2.12,1.9,1.16,2.63,1.31,2.12,14.93,8.43,0.82,6.42,5.04
design_3690,1.46,2.94,2.74,2.25,1.3,2.83,1.49,2.42,17.48,9.04,0.84,10.26,7.42
design_3691,1.27,2.81,3.5,1.95,1.28,4.23,1.64,2.99,18.18,9.53,0.83,12.69,9.43
design_3692,1.7,3.0,3.44,2.03,1.13,2.98,1.54,2.62,16.91,8.8,0.82,22.88,15.42
design_3693,1.5,3.16,3.45,2.12,1.43,3.54,1.68,2.83,16.5,8.96,0.83,28.35,20.98
design_3694,1.34,3.03,3.86,1.99,1.46,4.24,1.75,3.12,14.5,8.27,0.82,20.37,13.13
design_3695,1.23,2.99,2.32,2.37,1.28,3.44,1.56,2.54,14.84,8.04,0.84,15.05,11.18
design_3696,1.3,2.52,1.57,1.94,1.2,2.54,1.26,1.9,16.28,8.45,0.85,9.45,6.76
design_3697,1.03,2.11,1.51,1.66,0.84,2.03,1.06,1.6,16.04,8.27,0.86,6.33,5.08
design_3698,1.1,2.33,1.71,1.72,0.8,2.07,1.11,1.7,15.9,8.33,0.85,8.94,6.79
design_3699,1.11,2.32,1.69,1.86,0.94,1.83,1.1,1.69,17.65,8.99,0.84,8.49,7.66
design_3700,1.01,2.3,2.07,1.61,0.81,2.28,1.08,1.8,18.2,9.12,0.86,22.62,20.49
design_3701,1.0,2.31,2.59,1.65,0.83,2.03,1.12,1.9,18.01,9.02,0.85,15.93,13.18
design_3702,1.04,2.29,2.54,1.65,0.8,1.95,1.12,1.87,18.31,9.13,0.86,12.55,12.9
design_3703,1.07,2.32,1.7,1.71,1.28,2.04,1.11,1.73,16.9,8.69,0.84,8.77,6.14
design_3704,1.2,2.5,2.04,2.38,1.31,1.1,1.26,1.87,15.54,7.88,0.87,33.24,29.63
design_3705,0.99,2.61,2.69,2.31,1.37,1.11,1.26,2.01,16.64,8.29,0.87,16.01,14.71
design_3706,1.45,2.56,1.16,2.82,1.15,1.37,1.43,1.89,18.76,9.06,0.86,45.06,27.45
design_3707,1.25,2.48,3.07,2.59,1.47,1.09,1.41,2.17,16.51,8.21,0.87,17.52,14.23
design_3708,1.4,2.58,2.74,2.72,1.45,1.04,1.41,2.15,16.06,8.18,0.86,14.61,11.39
design_3709,1.11,2.05,2.25,2.35,1.08,1.0,1.21,1.78,15.54,7.98,0.86,10.6,8.26
design_3710,1.34,2.42,1.28,2.71,1.54,1.12,1.27,1.86,16.46,8.1,0.87,35.07,28.01
design_3711,1.11,2.3,2.4,2.43,1.3,1.19,1.27,1.91,17.34,8.55,0.87,33.67,25.17
design_3712,1.5,2.34,1.72,2.46,1.44,3.01,1.41,2.22,14.15,7.93,0.82,13.01,11.96
design_3713,1.58,2.63,1.47,2.4,1.29,2.89,1.38,2.17,12.74,7.14,0.84,13.33,11.67
design_3714,1.24,2.29,2.59,1.92,1.52,2.67,1.35,2.21,15.57,8.41,0.84,18.96,16.74
design_3715,1.56,2.83,2.57,2.25,1.31,3.03,1.52,2.43,13.46,7.72,0.83,11.26,11.6
design_3716,1.5,2.57,1.28,2.33,1.33,2.62,1.35,2.03,13.69,7.79,0.82,12.49,11.6
design_3717,1.19,2.3,2.59,1.65,1.08,2.47,1.26,2.09,15.79,8.46,0.83,24.12,17.72
design_3718,2.16,3.02,3.82,2.9,2.53,3.62,1.95,3.19,9.91,6.52,0.83,9.65,10.29
design_3719,1.4,2.26,1.8,2.02,0.98,3.65,1.38,2.33,13.02,7.74,0.81,14.67,12.91
design_3720,1.52,1.78,3.26,1.93,1.24,2.62,1.4,2.29,18.33,9.06,0.86,9.17,9.02
design_3721,1.71,2.01,2.59,2.03,1.21,2.66,1.41,2.15,17.04,8.58,0.85,17.05,15.21
design_3722,1.66,1.89,3.05,2.03,1.19,2.98,1.44,2.33,16.99,8.35,0.87,8.26,8.24
design_3723,1.52,1.95,2.37,2.16,1.36,2.21,1.34,2.01,17.01,8.55,0.86,26.42,19.61
design_3724,1.73,2.23,2.47,2.21,1.15,2.13,1.42,2.08,18.27,8.86,0.86,9.09,6.59
design_3725,1.71,1.88,2.51,2.04,1.15,2.43,1.36,2.06,17.38,8.54,0.86,15.73,9.91
design_3726,1.42,1.71,2.52,1.83,1.01,2.43,1.28,1.96,17.4,8.55,0.87,10.77,12.2
design_3727,1.77,1.89,1.21,2.09,1.3,1.99,1.29,1.72,16.17,8.15,0.86,10.96,7.95
design_3728,1.26,2.07,1.39,2.04,1.11,5.23,1.48,2.73,15.8,8.26,0.85,7.57,5.16
design_3729,1.32,1.91,1.17,1.94,1.04,5.56,1.49,2.81,16.7,8.52,0.86,7.34,5.61
design_3730,1.47,2.21,1.14,2.02,1.08,5.41,1.52,2.81,17.09,8.7,0.85,9.06,7.3
design_3731,1.34,2.36,1.4,2.1,1.15,5.42,1.55,2.85,17.03,8.69,0.85,22.85,16.81
design_3732,1.54,2.27,1.71,2.35,1.32,2.81,1.31,2.1,17.03,8.93,0.84,10.76,8.15
design_3733,1.39,2.07,1.43,2.24,1.12,5.49,1.55,2.87,16.12,8.31,0.85,6.92,5.74
design_3734,1.32,2.01,1.47,1.94,1.05,5.22,1.45,2.72,16.62,8.57,0.85,9.98,7.81
design_3735,1.7,2.35,1.16,2.48,1.31,2.88,1.42,2.11,16.0,8.55,0.84,10.31,7.57
design_3736,1.27,2.48,3.43,2.95,1.27,1.14,1.36,2.26,15.13,7.5,0.88,35.37,28.02
design_3737,1.98,3.94,1.32,2.89,1.87,1.3,1.48,2.46,17.2,8.59,0.87,39.21,28.62
design_3738,1.73,3.09,1.03,3.48,1.51,1.24,1.47,2.3,16.71,8.28,0.87,35.56,27.46
design_3739,1.97,3.33,1.05,3.48,1.69,1.25,1.53,2.41,16.97,8.44,0.87,29.94,20.61
design_3740,1.76,3.23,1.2,3.18,1.76,1.21,1.47,2.29,16.17,8.17,0.87,12.79,8.31
design_3741,1.99,3.56,1.25,3.15,1.7,1.38,1.51,2.4,16.24,8.39,0.85,15.18,9.53
design_3742,1.51,2.71,2.94,3.21,1.31,1.18,1.42,2.31,15.85,7.89,0.87,28.39,19.97
design_3743,1.68,3.23,1.17,3.37,1.45,1.32,1.48,2.3,16.96,8.4,0.87,31.7,24.44
design_3744,1.42,1.33,1.69,1.61,1.04,2.1,1.11,1.63,16.7,8.68,0.85,9.38,7.69
design_3745,1.14,1.43,3.3,1.58,0.95,5.3,1.54,3.06,17.8,9.14,0.85,16.4,12.94
design_3746,1.28,1.17,2.09,1.98,1.49,2.13,1.22,1.78,16.21,8.46,0.85,12.55,10.32
design_3747,1.4,1.49,2.05,1.92,1.34,2.18,1.24,1.81,15.97,8.3,0.84,9.61,8.07
design_3748,1.5,1.55,1.91,1.64,1.15,2.1,1.14,1.71,11.74,7.11,0.82,11.6,9.85
design_3749,1.22,1.21,2.09,1.69,0.99,2.15,1.14,1.68,17.42,9.11,0.84,9.01,7.7
design_3750,1.21,1.15,1.78,1.89,1.74,2.21,1.19,1.75,15.71,8.02,0.86,12.16,10.11
design_3751,1.62,1.53,1.64,1.8,1.22,2.16,1.17,1.73,16.0,8.57,0.84,14.7,11.18
design_3752,1.21,1.56,2.95,2.4,0.78,1.25,1.37,2.08,17.72,8.7,0.86,30.09,22.45
design_3753,1.18,1.38,2.77,2.11,0.75,1.25,1.27,1.93,15.94,7.83,0.86,22.1,17.31
design_3754,1.22,1.4,2.72,2.46,0.69,1.38,1.32,1.98,17.18,8.52,0.86,27.08,21.38
design_3755,1.44,1.81,2.35,2.63,0.91,1.38,1.38,1.96,17.97,8.79,0.86,28.14,17.02
design_3756,0.84,1.12,3.48,2.15,1.11,1.33,1.28,2.23,17.97,8.6,0.88,31.98,24.72
design_3757,1.06,1.49,3.51,2.33,1.37,1.23,1.43,2.33,18.5,9.02,0.85,29.53,23.27
design_3758,1.51,1.71,2.67,2.71,1.02,1.5,1.45,2.11,17.2,8.42,0.86,31.35,22.35
design_3759,1.45,1.73,2.42,2.76,0.78,1.44,1.39,2.0,15.99,7.95,0.86,30.42,22.49
design_3760,1.79,2.22,1.97,2.33,1.03,2.07,1.4,1.96,18.68,9.41,0.84,28.3,18.35
design_3761,1.44,2.35,3.59,1.97,0.81,1.9,1.46,2.39,20.08,9.73,0.84,26.69,18.25
design_3762,1.48,2.3,2.43,1.9,0.91,2.02,1.28,1.98,18.62,9.46,0.84,14.09,10.43
design_3763,1.7,2.18,1.9,2.23,1.01,2.12,1.36,1.92,16.76,8.65,0.84,23.86,14.65
design_3764,1.78,2.28,1.99,2.44,1.08,2.22,1.43,2.03,16.92,8.76,0.84,9.33,6.94
design_3765,1.45,2.23,1.9,2.29,0.87,2.0,1.3,1.87,17.77,9.17,0.84,21.39,14.89
design_3766,1.47,2.27,3.11,2.22,0.9,1.67,1.44,2.2,18.69,9.43,0.85,18.93,12.62
design_3767,1.58,2.25,2.17,2.01,0.83,2.13,1.27,1.94,17.04,8.77,0.85,8.55,8.76
design_3768,1.02,2.47,1.79,2.46,0.87,2.11,1.28,1.91,17.68,9.06,0.85,29.18,23.72
design_3769,1.38,2.69,1.87,3.13,1.52,2.15,1.45,2.22,16.02,8.05,0.86,29.31,22.22
design_3770,1.87,2.62,1.71,2.48,1.03,2.21,1.34,2.07,16.46,8.93,0.82,31.76,25.73
design_3771,1.58,2.67,1.88,2.48,0.88,1.99,1.33,2.01,16.63,8.83,0.84,27.34,20.77
design_3772,1.3,2.91,1.88,3.01,1.34,2.07,1.4,2.19,14.83,7.98,0.84,28.03,18.16
design_3773,1.72,2.48,1.69,2.46,0.89,2.25,1.3,2.02,18.22,9.6,0.84,36.28,28.14
design_3774,1.0,3.19,1.83,2.76,1.23,2.18,1.4,2.17,14.26,7.42,0.86,30.52,23.25
design_3775,1.82,2.89,1.81,2.93,1.55,1.95,1.47,2.22,13.92,7.86,0.83,13.8,10.09
design_3776,1.04,1.63,0.88,2.02,1.0,1.24,1.16,1.35,15.23,7.43,0.88,33.49,24.58
design_3777,1.22,1.97,1.05,2.3,1.61,1.12,1.31,1.6,6.57,4.44,0.87,3.79,3.82
design_3778,1.47,2.1,1.44,2.51,1.08,1.35,1.38,1.74,13.93,7.07,0.87,33.78,25.73
design_3779,1.5,2.13,1.2,2.34,1.06,1.3,1.31,1.65,14.54,7.23,0.87,16.01,11.24
design_3780,1.01,1.63,0.93,1.91,1.03,1.12,1.12,1.31,14.27,7.1,0.88,35.38,23.5
design_3781,1.03,1.66,0.85,2.07,1.36,1.03,1.17,1.39,16.34,7.9,0.88,32.35,24.87
design_3782,1.3,1.97,1.26,2.52,1.15,1.29,1.31,1.66,13.73,6.94,0.87,33.74,22.64
design_3783,1.26,1.98,1.37,2.5,1.15,1.3,1.3,1.67,16.39,7.9,0.88,36.14,20.36
design_3784,1.34,1.85,1.51,2.39,0.99,0.98,1.27,1.62,18.73,8.88,0.87,30.1,18.66
design_3785,1.36,2.05,1.38,2.68,1.08,1.02,1.33,1.72,16.89,8.11,0.88,19.41,16.21
design_3786,1.33,2.1,1.59,2.72,1.07,0.97,1.33,1.77,17.3,8.24,0.88,21.61,14.42
design_3787,1.18,1.97,1.36,2.61,1.01,1.04,1.29,1.66,17.06,8.28,0.88,19.31,12.11
design_3788,1.35,1.9,1.53,2.62,1.08,1.03,1.29,1.71,17.73,8.4,0.89,29.28,17.35
design_3789,1.38,2.08,1.28,2.79,1.03,1.02,1.32,1.74,15.94,7.65,0.88,28.57,22.58
design_3790,1.41,2.05,1.99,2.94,1.15,1.08,1.41,1.93,17.46,8.29,0.88,29.59,20.93
design_3791,1.3,1.81,0.65,2.17,0.91,1.03,1.13,1.41,18.27,8.69,0.87,26.99,20.27
design_3792,1.97,2.3,1.11,2.75,1.1,2.61,1.47,2.1,17.7,9.03,0.84,29.14,22.53
design_3793,1.79,1.93,0.93,2.52,1.52,3.25,1.43,2.18,17.05,8.87,0.84,11.62,7.96
design_3794,1.98,2.34,0.94,3.0,1.2,2.71,1.54,2.18,18.34,9.19,0.86,34.2,26.71
design_3795,1.8,1.96,0.85,2.48,1.06,2.88,1.42,2.02,17.99,9.2,0.85,29.03,21.53
design_3796,2.06,2.12,1.25,2.86,1.25,2.91,1.51,2.22,17.77,9.02,0.86,35.43,25.86
design_3797,2.06,2.23,1.0,2.99,1.25,2.56,1.51,2.15,18.37,9.22,0.85,32.51,23.94
design_3798,1.87,2.06,1.0,2.68,1.24,3.05,1.49,2.16,16.73,8.79,0.84,25.25,19.34
design_3799,2.03,2.38,1.14,2.94,1.54,2.76,1.55,2.24,16.87,8.73,0.85,23.99,17.58
design_3800,1.24,2.72,3.93,2.65,1.34,0.94,1.52,2.66,16.84,8.21,0.87,30.89,22.43
design_3801,0.9,2.1,4.29,2.02,1.0,1.37,1.35,2.63,8.92,5.7,0.85,10.87,6.92
design_3802,1.31,3.13,2.92,3.08,1.14,1.1,1.54,2.43,17.72,8.59,0.87,29.33,22.3
design_3803,1.11,3.02,2.7,2.67,0.91,0.99,1.4,2.21,15.9,7.63,0.88,25.81,19.57
design_3804,0.95,1.71,5.62,2.07,1.03,1.35,1.57,3.23,5.96,4.53,0.86,11.97,7.51
design_3805,0.95,2.92,8.1,2.47,1.21,1.09,2.23,4.58,16.45,8.52,0.85,11.84,9.44
design_3806,1.26,2.74,2.63,3.07,0.93,1.1,1.42,2.25,17.21,8.34,0.87,30.38,22.59
design_3807,1.38,3.01,2.83,3.28,1.13,1.11,1.53,2.43,18.11,8.66,0.87,24.57,14.27
design_3808,1.93,2.42,1.64,2.07,1.2,3.89,1.55,2.48,18.28,9.4,0.83,29.76,23.27
design_3809,1.6,2.41,1.62,2.08,1.31,3.62,1.53,2.36,17.4,8.98,0.84,29.75,20.41
design_3810,1.96,2.56,1.87,2.23,1.16,3.75,1.62,2.51,17.31,9.0,0.82,27.9,21.77
design_3811,1.83,2.54,1.69,2.11,1.25,3.76,1.61,2.45,16.48,8.69,0.84,29.64,21.15
design_3812,1.81,2.32,2.13,1.92,1.29,3.73,1.52,2.47,16.98,8.95,0.83,21.64,16.41
design_3813,1.84,2.28,1.69,2.12,1.22,3.74,1.56,2.42,16.96,8.85,0.84,29.16,22.31
design_3814,1.56,2.48,1.61,2.01,1.29,3.85,1.53,2.43,18.33,9.35,0.84,12.63,9.76
design_3815,1.78,2.03,1.69,2.01,1.12,3.93,1.55,2.43,16.63,8.75,0.83,30.23,23.18
design_3816,1.37,2.55,1.02,2.48,0.92,3.53,1.44,2.36,16.44,8.73,0.84,30.9,22.73
design_3817,1.07,2.52,2.49,2.46,0.85,4.91,1.74,3.09,19.62,10.08,0.82,17.6,13.22
design_3818,1.12,2.17,1.15,2.38,1.09,3.63,1.46,2.34,17.79,9.4,0.83,30.61,23.28
design_3819,1.41,2.44,1.1,2.68,1.11,3.84,1.57,2.52,18.49,9.26,0.85,25.95,20.86
design_3820,1.31,2.68,1.87,2.57,1.01,4.19,1.6,2.75,16.26,8.9,0.82,18.39,14.05
design_3821,1.31,2.38,1.01,2.44,1.03,3.5,1.45,2.32,18.75,9.38,0.85,30.66,20.91
design_3822,1.54,2.57,1.76,3.01,2.27,5.42,1.97,3.39,6.39,5.04,0.84,18.71,14.54
design_3823,1.48,2.6,1.76,2.88,2.06,5.33,1.94,3.32,5.8,4.86,0.84,18.52,14.43
design_3824,1.92,2.84,1.95,2.26,1.5,5.73,1.94,3.6,16.78,9.27,0.81,33.26,26.62
design_3825,1.6,2.61,2.22,2.18,1.61,8.06,2.36,4.71,17.71,9.54,0.82,29.6,23.63
design_3826,1.83,2.37,3.68,2.36,1.2,2.09,1.49,2.29,14.99,8.54,0.82,29.89,24.35
design_3827,1.92,2.66,1.36,2.2,1.49,8.11,2.37,4.72,18.36,9.71,0.83,33.9,24.34
design_3828,1.81,2.77,1.63,2.27,1.39,5.59,1.89,3.49,17.74,9.52,0.82,30.6,24.58
design_3829,1.76,2.65,1.5,2.24,1.35,8.23,2.39,4.77,18.32,9.7,0.83,30.4,24.16
design_3830,1.99,2.84,1.58,2.2,1.54,6.31,2.03,3.85,18.63,9.85,0.82,29.2,23.47
design_3831,1.82,2.38,1.56,2.2,1.32,8.25,2.38,4.77,18.11,9.65,0.82,30.83,24.13
design_3832,1.7,3.26,2.42,2.91,1.38,1.27,1.52,2.33,16.1,8.21,0.85,22.42,16.75
design_3833,1.24,3.13,1.18,2.79,2.45,0.95,1.3,2.05,15.71,7.59,0.88,33.55,26.05
design_3834,1.78,2.86,1.56,2.69,1.17,1.16,1.36,1.97,15.99,8.02,0.87,35.8,26.05
design_3835,1.52,2.73,1.33,2.61,1.42,1.12,1.31,1.86,15.17,7.66,0.86,9.35,8.02
design_3836,1.65,3.17,2.12,2.7,1.65,0.95,1.42,2.18,16.56,8.24,0.86,31.98,24.93
design_3837,1.14,1.78,0.96,2.21,1.2,1.03,1.04,1.42,5.57,4.5,0.86,4.89,2.88
design_3838,1.98,3.53,1.64,3.14,1.25,1.37,1.54,2.27,16.25,8.07,0.86,24.29,14.12
design_3839,1.65,2.85,0.89,2.57,1.26,1.24,1.29,1.81,14.12,7.41,0.85,4.96,4.84
design_3840,1.19,2.17,1.43,2.22,1.22,2.63,1.39,1.89,17.75,8.93,0.86,28.23,21.11
design_3841,1.29,2.13,1.38,2.25,1.35,2.78,1.39,1.94,17.46,8.83,0.85,29.02,22.44
design_3842,1.28,1.86,1.34,2.46,1.23,2.9,1.4,1.96,17.57,8.73,0.86,39.26,22.5
design_3843,1.31,2.08,1.37,2.27,1.2,2.75,1.42,1.92,17.75,8.87,0.86,33.48,23.42
design_3844,1.49,1.98,1.45,2.33,1.29,2.84,1.44,1.98,18.13,9.11,0.85,36.81,25.56
design_3845,1.47,2.03,1.59,2.23,1.22,2.65,1.41,1.94,18.23,9.1,0.85,30.32,22.91
design_3846,1.32,1.64,1.36,1.88,1.12,2.81,1.25,1.8,17.93,9.08,0.85,35.32,25.47
design_3847,1.32,1.92,1.53,2.31,1.2,2.71,1.42,1.92,17.31,8.84,0.85,33.02,23.7
design_3848,1.29,1.93,1.2,1.71,1.12,2.69,1.23,1.86,16.23,8.79,0.82,10.07,7.67
design_3849,1.27,2.07,1.16,1.78,1.1,2.91,1.28,1.96,15.21,8.39,0.82,9.81,6.81
design_3850,1.14,1.98,1.12,1.72,1.09,2.69,1.22,1.84,15.22,8.43,0.83,12.85,9.01
design_3851,1.28,2.2,1.26,1.8,1.08,4.17,1.44,2.5,16.61,8.91,0.83,6.8,4.96
design_3852,1.24,1.89,1.11,1.54,1.08,4.22,1.4,2.44,16.24,8.74,0.83,20.17,15.98
design_3853,1.07,1.82,1.08,1.72,1.17,3.57,1.27,2.16,10.6,6.81,0.83,10.95,6.04
design_3854,1.26,2.09,1.27,2.06,1.08,3.64,1.36,2.29,15.35,8.49,0.83,16.82,11.74
design_3855,1.18,2.03,1.21,1.8,1.32,3.47,1.36,2.19,13.36,7.75,0.82,6.84,4.37
design_3856,1.38,2.31,1.48,1.75,1.0,2.48,1.17,1.81,17.96,8.96,0.86,31.79,23.43
design_3857,1.5,2.74,1.81,1.87,1.15,2.18,1.31,1.93,16.91,8.6,0.85,4.71,5.22
design_3858,0.91,2.04,1.14,2.31,1.09,2.84,1.21,1.88,17.83,8.91,0.86,31.81,25.24
design_3859,1.39,2.46,1.3,2.37,1.33,2.06,1.22,1.88,17.46,8.87,0.85,15.99,12.4
design_3860,1.44,2.12,0.84,1.84,1.33,3.44,1.3,2.02,18.28,8.91,0.86,33.94,22.96
design_3861,1.35,2.0,2.98,1.73,1.22,2.0,1.21,1.98,15.89,8.29,0.85,10.19,7.11
design_3862,1.33,2.41,1.47,2.28,1.1,2.45,1.2,1.92,17.84,9.11,0.85,13.67,12.15
design_3863,1.34,2.45,2.07,1.88,1.26,2.15,1.3,1.91,18.72,9.14,0.86,31.15,25.38
design_3864,1.23,2.32,0.77,1.95,1.12,1.93,1.26,1.67,15.86,7.7,0.88,14.23,9.97
design_3865,1.15,2.13,0.64,1.94,0.99,1.9,1.22,1.59,14.0,7.14,0.87,28.21,21.24
design_3866,1.21,2.14,0.68,2.23,1.26,1.9,1.27,1.69,14.87,7.42,0.87,13.11,9.94
design_3867,1.36,2.43,0.77,2.26,1.2,1.97,1.3,1.79,16.44,8.13,0.87,12.44,9.73
design_3868,1.2,2.15,0.69,2.11,1.18,2.02,1.28,1.69,15.54,7.89,0.86,13.38,9.58
design_3869,1.14,2.0,0.75,1.83,0.92,1.84,1.16,1.52,15.77,7.89,0.87,31.86,26.87
design_3870,1.1,1.99,0.74,1.91,1.25,1.97,1.19,1.6,14.49,7.35,0.87,11.02,8.83
design_3871,1.17,2.1,0.73,2.32,1.34,1.96,1.27,1.73,15.92,7.54,0.89,7.15,6.23
design_3872,1.27,1.92,2.12,2.08,1.26,5.38,1.61,3.03,17.83,9.24,0.84,14.63,12.92
design_3873,1.25,1.7,1.83,2.0,0.96,2.04,1.18,1.72,17.33,8.97,0.85,7.82,7.08
design_3874,1.23,1.58,3.16,2.05,0.97,2.39,1.25,2.09,16.42,8.85,0.83,9.51,8.97
design_3875,1.33,1.85,2.36,2.1,1.19,2.14,1.25,1.91,13.65,7.75,0.83,10.29,9.85
design_3876,1.24,1.85,2.39,2.2,1.14,5.23,1.59,3.0,16.73,8.73,0.84,4.33,5.56
design_3877,1.25,1.68,2.2,2.08,1.07,2.07,1.2,1.82,16.3,8.73,0.83,7.33,8.08
design_3878,1.27,1.49,2.21,2.37,0.82,1.45,1.2,1.69,16.34,8.68,0.84,6.41,5.74
design_3879,1.1,1.93,2.3,2.2,1.24,5.57,1.67,3.13,17.99,9.18,0.84,24.47,18.49
design_3880,0.99,1.69,2.28,2.04,0.9,3.55,1.48,2.33,18.4,9.69,0.83,29.16,21.84
design_3881,0.99,1.77,1.8,2.06,1.0,3.24,1.43,2.13,18.22,9.64,0.83,28.85,21.75
design_3882,0.9,1.93,2.09,2.12,0.91,3.31,1.47,2.23,17.54,9.36,0.82,26.93,20.24
design_3883,0.94,1.47,1.22,1.92,0.8,2.99,1.27,1.88,18.79,9.83,0.82,29.41,22.77
design_3884,0.82,1.35,0.83,1.64,0.82,3.56,1.32,2.01,16.74,9.06,0.83,30.45,22.61
design_3885,1.24,1.79,1.99,2.21,1.08,3.32,1.56,2.24,18.2,9.68,0.82,29.18,21.08
design_3886,0.91,1.74,1.61,2.03,0.78,3.28,1.39,2.09,18.18,9.61,0.83,29.01,21.06
design_3887,1.12,1.63,0.91,2.35,0.95,3.66,1.51,2.21,16.61,8.75,0.84,30.33,22.13
design_3888,1.07,3.36,1.86,2.59,0.97,1.95,1.4,2.08,15.96,8.49,0.84,33.27,25.12
design_3889,1.3,2.83,1.69,2.85,0.96,5.26,1.64,2.85,14.63,7.47,0.87,28.97,19.82
design_3890,0.98,3.45,1.39,2.64,0.89,4.32,1.53,2.55,17.12,8.73,0.85,32.7,26.07
design_3891,1.43,2.87,2.33,2.51,1.13,3.7,1.51,2.51,18.36,9.28,0.85,27.54,24.28
design_3892,1.55,3.01,2.98,3.34,1.21,1.59,1.62,2.5,19.51,9.49,0.84,23.31,17.78
design_3893,1.5,3.52,3.16,3.3,1.4,1.94,1.74,2.68,18.39,9.22,0.85,14.15,11.76
design_3894,1.19,3.41,4.52,2.94,1.25,2.21,1.8,3.11,19.93,9.9,0.84,31.87,22.85
design_3895,1.09,3.49,6.47,2.61,1.21,5.35,2.25,4.4,16.91,8.76,0.85,10.38,8.03
design_3896,1.22,1.75,2.15,2.37,1.02,1.04,1.19,1.78,17.95,8.44,0.88,15.38,11.46
design_3897,0.95,2.11,2.13,2.3,1.3,1.26,1.19,1.83,17.51,8.4,0.87,11.73,8.23
design_3898,1.4,1.92,2.24,2.52,1.07,1.05,1.24,1.9,17.63,8.37,0.87,24.87,15.71
design_3899,1.15,1.7,1.45,2.21,1.36,0.97,1.1,1.54,16.77,8.26,0.86,8.68,4.21
design_3900,1.54,1.84,2.09,2.63,0.95,1.18,1.36,1.87,18.92,8.88,0.87,34.23,21.21
design_3901,1.35,1.83,1.63,2.65,0.9,0.99,1.26,1.69,19.69,9.24,0.87,15.39,9.33
design_3902,0.99,1.69,3.31,2.41,1.33,0.91,1.32,2.24,16.83,8.04,0.88,18.94,17.59
design_3903,1.33,1.92,2.2,2.76,0.78,1.0,1.36,1.9,17.96,8.51,0.88,14.87,7.16
design_3904,1.19,2.69,1.43,1.74,1.38,1.73,1.21,1.74,14.08,7.9,0.83,19.2,14.18
design_3905,1.14,3.0,1.79,1.97,1.29,7.26,1.94,3.89,16.68,8.35,0.86,30.32,23.32
design_3906,1.13,2.79,2.15,1.83,1.39,6.79,1.87,3.68,17.16,8.67,0.85,11.31,10.3
design_3907,1.34,2.72,1.24,1.92,1.25,2.79,1.29,2.05,17.79,9.3,0.83,30.13,21.85
design_3908,1.2,2.4,1.79,1.68,1.19,4.99,1.52,2.83,17.22,9.09,0.81,12.28,8.02
design_3909,1.3,2.58,1.35,1.73,1.22,2.06,1.2,1.78,17.64,9.3,0.83,27.77,21.4
design_3910,1.39,2.8,1.54,1.79,1.64,1.68,1.23,1.83,17.26,9.11,0.83,23.07,15.38
design_3911,1.11,2.77,1.86,1.71,1.35,5.73,1.66,3.19,18.83,9.63,0.84,35.21,27.0
design_3912,1.35,2.68,1.94,2.36,1.47,3.84,1.58,2.55,16.37,8.63,0.84,16.36,13.22
design_3913,1.66,2.83,1.7,2.31,1.48,3.96,1.58,2.6,13.26,7.57,0.84,7.16,5.26
design_3914,1.51,2.54,0.72,2.36,1.79,3.84,1.52,2.45,5.95,4.96,0.84,3.53,3.32
design_3915,1.55,2.67,1.83,2.51,1.45,3.32,1.55,2.4,17.12,8.92,0.84,11.45,9.27
design_3916,1.18,2.86,5.95,2.15,1.43,5.08,1.99,3.83,16.92,9.02,0.83,30.64,24.22
design_3917,1.26,2.24,0.81,2.2,1.43,3.94,1.45,2.37,5.99,5.02,0.84,3.86,3.36
design_3918,1.68,2.74,1.73,2.46,1.38,3.33,1.55,2.4,18.0,9.18,0.84,28.22,22.62
design_3919,1.35,2.47,1.79,2.29,1.52,3.69,1.5,2.44,15.41,8.35,0.84,4.91,3.71
design_3920,1.11,1.73,2.01,2.11,0.75,1.82,1.04,1.73,10.9,6.51,0.84,21.65,13.16
design_3921,1.21,2.04,2.39,1.99,0.75,2.38,1.24,1.98,18.96,9.33,0.85,25.6,14.89
design_3922,1.29,1.71,1.87,1.81,0.61,1.84,1.02,1.64,17.1,8.65,0.86,9.1,6.12
design_3923,1.28,1.05,1.47,1.7,0.79,1.67,0.96,1.4,17.0,8.71,0.85,22.29,13.48
design_3924,0.91,1.97,2.48,1.98,0.77,1.89,1.16,1.89,15.93,8.4,0.84,23.78,13.84
design_3925,1.8,1.82,4.33,2.53,1.14,2.95,1.68,2.95,17.55,8.18,0.88,26.67,17.63
design_3926,1.12,0.94,2.22,1.69,0.72,3.26,1.1,1.95,10.83,5.95,0.87,24.1,14.93
design_3927,1.02,1.87,1.71,1.81,0.68,2.16,1.03,1.65,15.24,8.1,0.85,27.31,17.33
design_3928,1.47,2.71,4.19,1.66,1.52,2.56,1.56,2.77,17.45,9.22,0.82,11.75,7.15
design_3929,1.42,2.53,4.09,1.87,1.32,2.06,1.55,2.62,18.79,9.39,0.85,12.47,9.45
design_3930,1.34,2.84,3.57,1.87,1.34,2.17,1.5,2.48,18.1,9.34,0.82,20.12,14.97
design_3931,1.84,3.0,2.55,2.23,1.72,2.16,1.54,2.3,17.5,8.57,0.86,16.11,12.42
design_3932,1.56,2.84,4.76,1.73,1.3,1.94,1.63,2.91,18.14,9.17,0.84,17.86,14.02
design_3933,1.75,2.46,1.76,1.84,1.32,2.97,1.36,2.13,16.24,8.66,0.83,6.01,4.53
design_3934,1.58,2.62,2.55,2.11,1.55,2.27,1.45,2.21,16.7,8.42,0.86,27.39,19.58
design_3935,1.88,2.75,2.35,2.31,1.41,2.56,1.51,2.29,18.3,9.28,0.84,16.63,11.7
design_3936,1.5,1.57,1.29,1.73,1.1,4.95,1.53,2.88,17.31,9.41,0.83,31.89,25.39
design_3937,1.44,1.76,1.46,1.76,0.94,3.16,1.28,2.1,16.23,8.81,0.82,29.42,22.8
design_3938,1.25,1.52,1.68,1.45,1.0,3.19,1.21,2.07,15.12,8.58,0.82,32.3,24.89
design_3939,1.31,1.67,1.29,1.98,1.04,6.21,1.79,3.5,17.53,9.39,0.83,30.63,24.45
design_3940,1.24,1.58,1.34,1.99,1.2,5.68,1.67,3.25,15.46,8.65,0.83,32.54,25.39
design_3941,1.31,1.62,1.34,1.62,1.08,6.05,1.74,3.4,16.61,9.05,0.83,32.51,25.25
design_3942,1.36,1.93,1.23,2.0,1.2,4.01,1.56,2.5,15.61,8.67,0.82,21.61,13.89
design_3943,1.55,1.72,1.23,1.68,1.11,3.42,1.3,2.19,16.22,9.03,0.82,32.32,24.65
design_3944,1.41,2.23,0.97,1.89,1.08,2.69,1.33,1.91,17.25,9.27,0.82,17.92,14.48
design_3945,1.31,2.07,1.42,1.64,1.13,5.83,1.75,3.28,19.41,10.02,0.83,15.06,13.02
design_3946,1.39,2.18,1.4,1.99,0.99,3.42,1.44,2.24,16.36,8.89,0.82,9.41,8.19
design_3947,1.47,2.04,1.46,1.82,1.06,2.78,1.31,1.98,17.27,9.27,0.82,15.01,13.78
design_3948,1.4,2.45,1.4,1.99,1.21,3.3,1.44,2.25,18.97,9.82,0.83,10.22,8.73
design_3949,1.29,2.1,1.29,1.84,0.97,3.49,1.4,2.22,18.03,9.46,0.83,23.35,15.99
design_3950,1.47,2.17,1.5,1.74,1.04,3.13,1.36,2.12,19.33,9.94,0.83,14.58,9.72
design_3951,1.54,2.26,1.3,2.13,1.21,3.23,1.47,2.21,18.56,9.6,0.83,23.45,14.28
design_3952,1.26,2.0,2.62,1.83,1.18,2.32,1.26,1.95,15.0,8.1,0.84,8.39,5.81
design_3953,1.11,2.0,1.98,1.8,1.16,2.56,1.23,1.85,18.25,9.13,0.86,24.66,19.14
design_3954,1.28,1.76,2.64,1.76,1.23,2.01,1.21,1.86,15.66,8.36,0.84,9.59,6.77
design_3955,1.14,1.97,2.24,1.82,1.12,2.45,1.22,1.87,17.17,8.78,0.85,12.18,10.76
design_3956,1.14,2.38,3.22,1.91,1.79,2.43,1.38,2.25,18.09,9.16,0.85,20.51,15.13
design_3957,1.18,1.47,1.78,1.88,1.34,3.12,1.26,1.93,18.1,8.91,0.86,16.65,12.56
design_3958,1.13,2.05,2.19,1.78,1.22,2.23,1.2,1.83,16.45,8.66,0.84,8.47,7.24
design_3959,1.14,2.01,1.99,1.8,1.26,2.3,1.2,1.81,16.38,8.54,0.84,5.64,4.46
design_3960,1.63,1.45,1.62,1.75,1.03,4.16,1.49,2.33,12.2,7.5,0.81,4.31,3.45
design_3961,2.03,1.91,1.73,1.9,1.07,4.04,1.6,2.41,17.85,9.3,0.82,30.09,19.61
design_3962,1.32,1.52,2.6,1.77,0.9,3.98,1.56,2.47,17.69,9.34,0.82,15.0,12.77
design_3963,1.64,1.75,2.1,1.84,1.08,4.56,1.63,2.61,18.66,9.73,0.83,31.48,20.53
design_3964,1.76,1.55,1.42,1.97,0.99,4.68,1.6,2.53,16.67,8.96,0.82,20.85,15.09
design_3965,2.02,2.09,2.08,2.29,1.12,4.05,1.71,2.55,17.52,9.19,0.83,13.51,8.18
design_3966,2.16,2.35,3.14,2.37,1.34,2.91,1.79,2.59,5.07,4.28,0.86,25.76,18.0
design_3967,2.0,2.13,2.75,2.3,1.3,3.05,1.76,2.45,8.8,6.14,0.83,26.0,18.08
design_3968,1.27,1.74,2.82,1.74,1.01,1.69,1.36,1.98,18.46,9.28,0.85,30.09,22.82
design_3969,0.81,1.44,2.18,1.33,0.74,1.97,1.07,1.62,16.7,8.69,0.84,15.75,11.72
design_3970,1.21,1.92,1.61,1.68,0.98,2.1,1.22,1.63,18.05,9.09,0.84,29.36,23.23
design_3971,1.16,1.39,4.68,1.65,0.92,1.7,1.55,2.76,18.01,8.95,0.85,29.17,21.67
design_3972,0.84,1.33,2.64,1.78,0.7,1.78,1.19,1.83,17.0,8.67,0.84,26.94,20.25
design_3973,1.27,1.87,3.62,2.22,1.06,1.77,1.55,2.4,19.82,9.69,0.84,30.24,20.48
design_3974,1.19,1.54,1.15,1.41,1.06,1.97,1.09,1.39,17.73,9.0,0.85,31.4,23.24
design_3975,0.79,1.5,2.15,1.44,0.86,1.86,1.09,1.62,18.84,9.46,0.85,30.61,20.77
design_3976,1.3,2.1,4.24,2.24,1.15,1.49,1.52,2.66,17.15,8.86,0.84,16.24,7.76
design_3977,1.33,1.78,1.82,2.14,0.8,1.19,1.17,1.61,20.22,9.68,0.85,32.54,20.45
design_3978,1.27,1.98,4.6,2.38,1.12,2.41,1.64,2.93,17.5,8.56,0.86,15.13,13.21
design_3979,0.9,2.38,3.46,2.24,1.14,1.51,1.38,2.34,15.82,8.49,0.83,16.07,10.08
design_3980,1.27,2.2,4.34,2.27,1.02,2.11,1.58,2.78,17.07,8.74,0.85,13.97,7.4
design_3981,1.2,2.03,4.33,2.23,1.07,2.04,1.54,2.74,17.61,8.97,0.84,8.31,8.99
design_3982,1.44,2.1,1.8,2.25,0.72,1.86,1.18,1.78,17.84,9.09,0.84,19.7,16.71
design_3983,1.31,1.88,1.64,2.43,0.77,1.09,1.12,1.61,17.35,8.75,0.84,20.7,12.72
design_3984,1.15,2.19,1.51,2.57,0.92,2.61,1.33,1.95,17.87,9.11,0.85,34.51,24.57
design_3985,1.1,2.31,1.47,2.48,0.8,2.65,1.28,1.94,18.6,9.31,0.85,27.9,20.34
design_3986,1.42,2.03,1.68,2.81,1.2,2.78,1.43,2.09,16.39,8.46,0.85,34.25,26.64
design_3987,1.35,2.0,1.45,3.15,0.91,2.57,1.44,2.05,16.86,8.51,0.86,35.09,25.2
design_3988,1.44,2.35,1.01,3.11,0.89,2.27,1.41,1.98,17.23,8.73,0.85,37.38,28.07
design_3989,1.2,1.81,2.83,2.88,0.84,2.84,1.42,2.32,18.87,9.22,0.86,46.82,26.62
design_3990,1.22,1.99,2.79,2.95,0.79,2.81,1.46,2.33,18.11,8.94,0.85,30.63,20.27
design_3991,1.25,2.13,1.64,3.08,0.81,2.74,1.43,2.11,16.67,8.44,0.85,40.87,26.87
design_3992,0.97,1.6,1.71,1.78,1.23,2.27,1.12,1.68,12.47,7.13,0.84,2.97,2.29
design_3993,1.01,1.67,1.76,1.96,0.82,1.86,1.15,1.6,15.65,8.23,0.85,8.6,6.04
design_3994,0.94,1.73,0.69,2.21,1.29,2.58,1.2,1.71,14.93,7.89,0.85,4.85,3.58
design_3995,0.83,1.49,1.27,1.74,0.87,2.32,1.05,1.54,14.96,8.02,0.85,6.38,4.4
design_3996,1.0,1.66,1.92,1.79,1.14,2.11,1.11,1.69,14.24,7.79,0.84,3.87,2.85
design_3997,0.82,1.49,0.66,2.08,1.33,2.66,1.15,1.67,16.23,8.45,0.85,8.87,6.19
design_3998,0.87,1.53,1.85,1.92,1.1,2.25,1.19,1.7,16.22,8.54,0.83,26.97,20.48
design_3999,1.0,1.54,1.93,1.9,1.2,1.97,1.08,1.67,14.93,8.06,0.83,5.04,4.25
design_4000,1.1,1.85,1.71,1.86,1.0,2.93,1.31,1.92,15.4,8.31,0.83,10.63,9.93
design_4001,1.33,2.18,0.82,1.94,1.3,2.31,1.25,1.73,17.94,9.18,0.85,31.02,23.13
design_4002,1.22,1.95,1.64,1.77,1.09,2.94,1.27,1.93,16.76,8.8,0.84,19.56,14.44
design_4003,1.31,2.06,1.38,2.07,1.23,1.76,1.28,1.66,18.17,9.15,0.84,34.01,19.05
design_4004,1.24,2.04,1.6,2.1,1.11,2.39,1.34,1.84,16.03,8.48,0.84,21.72,17.28
design_4005,1.33,1.98,1.29,2.22,1.02,2.26,1.3,1.77,15.6,8.33,0.83,9.63,9.31
design_4006,1.43,2.09,1.16,1.94,1.46,2.81,1.32,1.92,18.63,9.41,0.84,31.38,25.21
design_4007,1.48,2.31,1.24,2.17,1.26,2.26,1.36,1.84,18.97,9.38,0.84,29.92,20.25
design_4008,1.78,2.32,1.34,2.07,1.28,4.95,1.75,2.99,19.41,9.83,0.83,29.78,22.02
design_4009,1.17,2.04,1.88,1.76,1.21,5.88,1.78,3.37,19.15,9.92,0.83,29.84,23.19
design_4010,1.56,2.6,1.35,2.33,1.24,5.58,1.92,3.31,17.99,9.36,0.84,11.52,9.9
design_4011,1.58,2.44,1.31,2.25,1.14,4.92,1.75,2.98,18.1,9.4,0.83,34.64,22.78
design_4012,1.45,2.21,1.48,2.01,1.05,5.12,1.74,3.02,17.97,9.51,0.82,30.67,23.3
design_4013,1.45,2.26,1.29,2.1,1.01,4.41,1.63,2.7,18.25,9.52,0.83,28.32,19.11
design_4014,1.59,2.44,1.72,1.89,1.24,4.76,1.72,2.92,17.24,9.18,0.82,32.02,23.66
design_4015,1.3,2.19,1.68,1.98,1.14,5.41,1.78,3.17,18.58,9.67,0.83,31.82,23.58
design_4016,1.46,2.12,1.72,2.85,1.0,3.49,1.52,2.42,12.47,7.38,0.82,9.64,7.6
design_4017,1.3,1.9,2.04,2.04,1.52,3.87,1.42,2.47,11.21,7.02,0.83,5.75,4.82
design_4018,1.7,2.3,2.27,2.37,2.51,3.65,1.59,2.65,7.4,5.65,0.83,5.52,5.46
design_4019,1.61,2.27,1.88,2.42,1.0,3.47,1.49,2.39,15.97,8.62,0.82,7.58,5.69
design_4020,1.51,2.14,1.85,2.58,1.0,3.33,1.44,2.33,14.43,8.06,0.82,11.73,7.92
design_4021,1.58,2.35,1.97,2.27,0.97,3.34,1.44,2.34,16.88,8.95,0.83,22.77,15.39
design_4022,1.67,2.2,1.93,2.78,2.17,4.04,1.65,2.75,7.1,5.38,0.84,11.94,9.93
design_4023,1.48,2.21,1.73,2.39,1.47,3.65,1.45,2.44,12.39,7.41,0.83,15.09,11.15
design_4024,1.12,1.93,2.31,1.73,0.8,3.36,1.3,2.26,16.82,9.01,0.82,24.41,19.83
design_4025,1.18,1.98,1.65,1.69,0.69,2.56,1.2,1.84,16.11,8.67,0.83,17.66,13.89
design_4026,1.02,2.02,2.7,1.63,0.98,4.68,1.57,2.86,8.97,6.12,0.83,22.39,16.18
design_4027,1.17,1.64,1.51,1.73,0.66,2.99,1.18,1.93,16.32,8.7,0.83,23.37,17.13
design_4028,1.14,2.17,2.03,1.68,0.77,2.65,1.29,1.97,16.66,8.85,0.83,12.95,6.69
design_4029,1.23,1.81,1.74,2.04,2.12,3.17,1.39,2.22,10.65,6.63,0.83,17.74,14.52
design_4030,1.0,1.82,2.57,2.2,0.66,3.9,1.44,2.55,13.14,7.65,0.83,26.1,18.58
design_4031,1.16,2.45,2.98,2.36,0.99,4.29,1.64,2.89,8.27,6.01,0.83,24.34,16.94
design_4032,1.4,2.91,2.43,2.66,1.22,1.83,1.41,2.14,17.63,8.88,0.86,30.23,23.77
design_4033,1.36,2.95,2.35,2.69,1.26,1.83,1.37,2.14,14.51,7.54,0.86,29.24,24.11
design_4034,1.47,2.98,2.24,2.63,1.3,1.77,1.38,2.12,15.77,8.07,0.86,23.93,20.0
design_4035,1.84,3.43,2.15,3.09,1.49,1.86,1.53,2.39,18.11,9.32,0.85,33.61,24.25
design_4036,1.65,3.31,2.35,2.75,1.25,2.02,1.44,2.3,18.52,9.6,0.84,38.54,29.18
design_4037,1.85,2.87,2.37,2.68,1.36,1.9,1.43,2.21,17.0,9.1,0.83,31.3,24.96
design_4038,2.08,2.47,2.36,2.76,1.5,1.8,1.44,2.19,10.8,6.5,0.84,5.06,3.94
design_4039,1.42,2.93,2.34,2.84,1.28,1.75,1.4,2.16,17.08,8.55,0.86,32.86,27.19
design_4040,1.62,2.44,1.59,2.0,1.21,1.84,1.26,1.8,16.67,8.58,0.85,29.62,19.78
design_4041,1.02,1.99,4.07,1.42,0.8,2.05,1.34,2.48,17.69,8.91,0.85,21.39,14.05
design_4042,1.35,2.18,3.39,1.63,0.81,1.88,1.31,2.24,17.59,9.05,0.84,14.48,9.85
design_4043,1.34,2.28,4.37,1.81,1.05,2.21,1.52,2.74,17.08,8.67,0.85,19.9,13.84
design_4044,1.16,2.14,3.83,1.99,2.2,1.69,1.4,2.54,13.4,7.29,0.84,15.46,11.65
design_4045,1.36,2.33,2.9,1.58,1.03,1.79,1.27,2.07,17.6,9.0,0.84,17.49,9.17
design_4046,1.32,2.39,3.05,1.81,0.87,1.69,1.35,2.14,17.35,8.92,0.85,23.68,12.86
design_4047,1.61,2.63,4.01,1.81,1.2,1.9,1.56,2.62,15.94,8.4,0.83,12.95,6.9
design_4048,1.78,2.61,1.99,2.52,1.45,3.92,1.56,2.71,17.91,9.39,0.84,31.34,24.58
design_4049,1.65,2.34,1.92,2.97,1.59,4.98,1.74,3.16,18.15,9.55,0.83,34.21,25.32
design_4050,1.95,2.64,1.74,2.9,1.42,3.68,1.62,2.69,16.53,8.72,0.84,16.76,10.94
design_4051,1.77,2.53,1.97,2.48,1.28,4.95,1.68,3.1,18.48,9.61,0.84,33.26,25.46
design_4052,1.67,2.45,1.43,2.51,1.45,3.58,1.44,2.51,17.42,9.24,0.82,25.91,20.91
design_4053,1.57,2.45,1.94,2.88,1.24,3.83,1.58,2.68,17.16,8.92,0.84,32.87,25.36
design_4054,1.55,2.41,1.94,2.75,1.3,4.17,1.6,2.78,16.78,8.86,0.84,34.74,27.44
design_4055,2.11,2.72,1.72,2.69,1.46,4.06,1.61,2.82,16.44,8.85,0.83,28.55,22.23
design_4056,0.99,2.38,4.04,1.63,1.05,2.86,1.29,2.39,16.63,8.9,0.83,33.03,25.56
design_4057,0.96,2.93,3.98,1.74,1.23,3.84,1.47,2.74,17.96,9.37,0.84,32.07,23.84
design_4058,1.15,2.31,4.18,1.68,1.09,2.91,1.34,2.45,16.23,8.8,0.83,26.83,20.92
design_4059,1.24,2.19,4.04,2.05,1.13,3.29,1.36,2.56,15.48,8.5,0.82,31.84,26.19
design_4060,1.21,2.16,3.95,1.74,1.02,2.31,1.3,2.25,16.85,8.94,0.84,32.62,23.95
design_4061,1.29,2.33,4.05,1.57,1.15,2.94,1.3,2.43,17.19,9.2,0.82,32.39,26.55
design_4062,1.46,2.25,3.82,2.0,1.25,1.99,1.4,2.25,16.7,8.94,0.83,30.8,23.25
design_4063,1.08,2.58,3.74,1.62,1.06,3.72,1.34,2.59,17.83,9.46,0.83,29.07,22.68
design_4064,1.08,2.13,1.61,2.04,1.09,2.02,1.19,1.73,18.8,9.53,0.84,24.77,17.59
design_4065,1.08,2.41,2.18,2.43,1.03,2.24,1.36,2.03,19.06,9.59,0.85,12.47,11.44
design_4066,1.16,2.19,1.96,2.37,1.21,2.37,1.38,1.97,19.02,9.48,0.85,24.52,17.11
design_4067,1.13,2.35,2.06,2.42,1.14,2.2,1.37,1.99,19.34,9.59,0.86,20.22,13.61
design_4068,1.16,2.42,2.18,2.52,1.11,2.27,1.42,2.06,18.34,9.26,0.85,19.52,10.12
design_4069,1.24,2.45,2.21,2.78,1.19,2.08,1.46,2.1,18.64,9.28,0.85,18.39,11.67
design_4070,1.11,2.3,2.19,2.5,1.14,2.37,1.4,2.06,19.61,9.5,0.85,9.26,5.32
design_4071,1.14,2.35,1.75,2.33,0.96,1.89,1.3,1.81,18.71,9.43,0.85,20.77,12.85
design_4072,1.33,1.39,2.35,1.68,0.74,3.0,1.29,2.09,17.58,9.22,0.84,4.95,5.51
design_4073,1.2,1.5,1.19,1.65,1.11,2.46,1.15,1.7,17.1,9.13,0.82,11.87,8.58
design_4074,1.14,1.42,1.08,1.58,0.76,2.82,1.14,1.77,17.1,9.17,0.83,11.23,7.46
design_4075,1.08,1.13,0.88,1.51,0.76,2.59,1.11,1.62,17.36,9.22,0.82,18.97,12.8
design_4076,0.56,1.25,0.75,1.63,0.66,3.58,1.14,2.02,16.44,8.87,0.83,13.87,10.14
design_4077,0.9,1.6,0.77,1.58,0.68,3.15,1.14,1.88,17.11,9.08,0.83,10.6,6.75
design_4078,0.82,1.15,0.74,1.46,0.74,6.14,1.63,3.22,16.81,9.06,0.83,10.15,10.18
design_4079,1.05,1.37,2.08,1.57,0.89,2.71,1.24,1.89,18.01,9.41,0.83,12.52,9.56
design_4080,2.07,2.7,0.74,1.63,1.12,9.71,2.6,5.38,17.82,9.37,0.83,8.47,7.9
design_4081,1.98,2.63,1.65,1.73,1.13,10.44,2.79,5.77,18.48,9.67,0.83,27.39,22.79
design_4082,1.62,2.17,1.32,1.99,1.03,10.12,2.66,5.56,17.55,9.39,0.83,28.24,21.26
design_4083,1.92,2.88,1.92,1.55,1.19,10.02,2.7,5.58,16.89,9.15,0.81,30.02,22.94
design_4084,1.74,2.28,1.27,2.18,0.99,10.08,2.68,5.56,14.98,8.41,0.82,4.39,6.38
design_4085,1.71,2.34,1.51,1.59,1.21,10.17,2.68,5.6,18.89,9.82,0.83,23.38,17.82
design_4086,1.75,2.32,1.12,1.7,0.96,10.43,2.74,5.71,18.05,9.45,0.83,29.88,23.38
design_4087,1.69,2.42,0.96,1.72,1.02,10.45,2.75,5.72,18.42,9.56,0.83,29.15,22.51
design_4088,0.99,1.85,1.75,2.3,1.14,1.28,1.16,1.65,18.38,8.77,0.87,11.93,7.59
design_4089,0.9,1.84,1.2,2.47,0.72,1.11,1.06,1.47,18.17,8.82,0.86,16.94,13.27
design_4090,0.97,1.65,0.74,1.93,0.81,1.57,0.97,1.29,17.63,8.4,0.88,15.58,9.08
design_4091,0.98,1.43,1.49,2.16,0.71,1.03,1.02,1.42,19.01,9.1,0.86,30.18,19.35
design_4092,0.89,1.71,3.78,2.55,0.71,1.21,1.35,2.43,14.82,7.62,0.86,13.45,11.32
design_4093,1.01,2.0,2.14,2.37,0.64,1.27,1.21,1.78,17.34,8.37,0.87,19.3,14.16
design_4094,1.02,1.71,1.32,2.21,0.71,0.99,1.02,1.42,18.52,8.95,0.87,14.28,6.43
design_4095,0.85,1.36,2.83,2.0,0.8,0.96,1.14,1.87,19.41,9.3,0.86,33.04,21.28
design_4096,1.26,3.12,1.49,1.98,1.22,1.22,1.19,1.84,16.58,8.51,0.85,15.05,13.07
design_4097,1.27,2.64,1.92,2.2,1.35,0.96,1.22,1.81,16.97,8.51,0.86,17.85,12.8
design_4098,1.58,2.92,1.63,2.12,1.12,0.94,1.25,1.85,12.49,6.93,0.85,14.77,12.31
design_4099,1.35,2.73,2.0,2.41,1.24,0.87,1.38,1.89,16.22,8.25,0.85,22.03,12.49
design_4100,1.31,2.6,0.59,2.21,1.21,0.83,1.25,1.66,15.79,8.12,0.86,9.94,6.69
design_4101,1.27,2.73,1.69,2.29,1.33,0.83,1.26,1.81,15.05,7.77,0.85,24.01,15.9
design_4102,1.2,2.86,1.96,1.88,1.1,1.07,1.16,1.78,16.1,8.25,0.86,14.25,11.74
design_4103,1.34,2.85,0.7,2.18,1.2,0.92,1.24,1.73,16.37,8.36,0.86,2.98,3.08
design_4104,1.41,2.54,3.1,2.19,1.14,1.0,1.36,2.09,16.67,8.12,0.87,13.84,11.08
design_4105,0.99,1.75,2.65,2.1,1.11,1.0,1.28,1.76,16.83,8.11,0.88,16.69,15.12
design_4106,1.52,2.49,1.74,2.18,0.86,0.97,1.3,1.75,16.22,7.84,0.88,17.7,14.11
design_4107,1.45,2.74,2.41,2.52,1.29,1.08,1.46,2.06,17.74,8.63,0.87,14.99,9.62
design_4108,0.79,2.06,2.85,2.08,0.91,1.05,1.28,1.83,17.56,8.45,0.88,27.83,22.67
design_4109,0.86,1.98,3.42,2.03,1.18,1.04,1.32,2.01,16.64,8.21,0.87,11.34,11.28
design_4110,1.28,2.71,1.79,2.14,1.06,0.99,1.27,1.79,15.83,7.77,0.88,9.6,10.09
design_4111,1.33,2.68,1.83,2.09,1.11,1.04,1.28,1.8,16.77,8.15,0.88,9.72,7.88
design_4112,1.21,1.59,1.28,2.63,1.27,0.83,1.18,1.59,17.12,8.24,0.88,21.02,13.8
design_4113,1.08,1.5,2.04,2.66,0.89,0.95,1.2,1.72,16.43,7.82,0.89,43.15,28.38
design_4114,1.19,1.67,2.28,3.0,0.96,1.14,1.32,1.93,17.2,8.27,0.88,21.32,17.29
design_4115,1.14,1.48,1.65,2.53,1.02,1.1,1.17,1.61,16.99,8.1,0.88,31.92,23.24
design_4116,1.2,1.39,1.53,2.42,1.23,0.82,1.12,1.55,16.0,7.7,0.88,27.93,23.03
design_4117,1.21,1.23,1.52,2.23,1.51,0.76,1.08,1.51,16.63,7.85,0.89,26.18,20.27
design_4118,1.3,1.85,2.47,3.11,0.97,1.05,1.37,2.04,15.47,7.53,0.88,26.01,21.09
design_4119,1.14,1.69,2.39,3.17,1.09,1.15,1.34,2.01,15.77,7.67,0.88,32.01,19.42
design_4120,0.97,1.62,2.45,1.47,1.22,1.95,1.25,1.8,18.69,9.6,0.84,16.06,13.2
design_4121,1.09,1.83,2.49,1.84,1.14,2.18,1.43,1.94,19.66,9.89,0.84,33.23,22.18
design_4122,0.96,1.48,3.13,1.66,1.24,1.73,1.38,2.02,18.37,9.33,0.85,28.66,20.68
design_4123,1.09,1.98,1.84,2.1,1.15,2.38,1.42,1.86,13.96,7.85,0.82,9.67,5.98
design_4124,0.89,1.66,1.96,2.0,1.43,2.51,1.35,1.87,14.87,8.21,0.82,8.95,5.72
design_4125,1.14,1.66,1.98,1.6,1.18,1.71,1.25,1.63,14.11,8.02,0.83,20.9,13.95
design_4126,1.05,1.87,2.7,1.73,1.01,2.27,1.41,2.01,16.92,8.88,0.84,17.92,11.32
design_4127,1.12,1.75,2.14,1.61,1.19,2.1,1.35,1.78,15.54,8.58,0.83,5.84,4.25
design_4128,1.41,3.46,2.38,2.04,0.91,2.77,1.34,2.36,15.38,8.58,0.82,27.16,22.84
design_4129,1.05,3.01,2.08,1.97,0.79,4.57,1.51,2.9,18.18,9.69,0.83,29.77,22.89
design_4130,1.16,4.64,4.01,2.15,0.7,2.94,1.54,2.92,17.68,9.34,0.82,29.26,23.61
design_4131,1.17,4.53,1.94,2.07,0.8,3.96,1.56,2.93,17.98,9.59,0.82,33.39,25.93
design_4132,1.08,4.7,3.75,2.14,0.59,2.75,1.51,2.82,17.33,9.2,0.83,32.06,24.95
design_4133,1.21,4.58,1.73,2.22,0.87,2.63,1.44,2.51,16.08,8.93,0.81,30.34,25.21
design_4134,1.05,5.04,2.5,1.92,0.65,3.48,1.49,2.91,18.6,9.99,0.82,20.95,17.32
design_4135,1.01,4.81,2.11,2.11,0.75,2.56,1.4,2.55,16.89,9.25,0.81,29.85,24.65
design_4136,1.28,3.11,1.61,2.18,1.23,1.98,1.38,1.95,15.36,8.31,0.83,26.93,19.59
design_4137,1.14,2.9,3.32,2.23,1.05,3.03,1.49,2.59,15.04,7.97,0.84,29.21,21.63
design_4138,1.32,3.3,1.44,1.72,1.07,2.29,1.24,1.94,16.01,8.3,0.84,15.5,14.61
design_4139,1.25,2.96,1.45,1.72,0.91,2.56,1.22,1.92,18.32,9.02,0.85,33.61,24.81
design_4140,1.31,3.11,1.37,1.77,1.23,3.05,1.32,2.1,15.26,8.12,0.84,31.66,23.53
design_4141,1.23,3.22,1.15,1.8,1.11,2.22,1.22,1.86,16.78,8.54,0.85,33.59,27.02
design_4142,1.26,3.09,1.24,1.74,0.96,2.81,1.25,1.98,17.12,8.38,0.87,19.61,17.19
design_4143,1.27,2.96,1.42,1.81,1.21,3.04,1.3,2.08,16.06,8.26,0.85,30.57,21.95
design_4144,1.1,2.19,1.19,1.85,0.92,2.2,1.11,1.67,16.03,8.38,0.85,29.93,23.81
design_4145,1.0,1.55,1.21,1.61,0.87,2.03,0.93,1.45,10.12,6.42,0.84,11.41,6.67
design_4146,1.17,2.74,1.19,2.03,0.98,2.13,1.22,1.82,17.1,8.63,0.86,30.45,23.88
design_4147,1.24,1.94,0.79,2.23,0.85,2.48,1.2,1.75,16.77,8.48,0.85,31.65,23.14
design_4148,0.59,1.75,0.95,2.18,0.89,2.13,1.1,1.57,16.92,8.78,0.85,31.19,24.04
design_4149,1.12,2.67,1.12,1.94,1.02,2.18,1.19,1.79,17.08,8.8,0.84,29.97,24.23
design_4150,1.19,2.4,0.88,1.96,0.93,2.24,1.14,1.73,16.71,8.78,0.84,30.19,23.76
design_4151,1.18,2.68,1.15,2.11,0.94,2.21,1.25,1.84,17.65,8.93,0.85,30.08,23.96
design_4152,1.08,2.35,1.25,2.22,1.19,1.7,1.13,1.71,14.99,7.98,0.85,5.21,4.12
design_4153,1.34,2.83,1.45,2.17,1.25,1.83,1.26,1.89,14.81,7.89,0.85,31.22,24.44
design_4154,1.21,2.53,1.13,1.75,1.17,1.77,1.16,1.66,16.72,8.69,0.85,31.67,26.11
design_4155,1.51,2.66,1.15,1.74,1.06,1.54,1.14,1.69,15.77,8.38,0.84,30.2,23.67
design_4156,1.3,2.46,1.14,2.05,1.04,1.27,1.23,1.63,15.25,8.08,0.84,22.82,16.99
design_4157,1.24,2.54,1.24,2.1,0.95,1.45,1.24,1.68,14.58,7.83,0.84,24.24,18.96
design_4158,1.28,2.4,1.43,2.1,1.16,1.16,1.22,1.65,16.9,8.62,0.85,25.85,19.67
design_4159,1.66,2.87,1.18,2.18,1.43,1.22,1.36,1.85,14.1,7.65,0.85,13.42,9.96
design_4160,2.03,3.15,2.05,2.82,1.25,5.8,2.08,3.67,18.19,9.37,0.84,18.78,14.97
design_4161,1.47,2.89,2.46,2.41,1.22,8.94,2.51,5.1,17.11,9.11,0.82,14.46,12.03
design_4162,2.2,3.38,1.52,2.91,1.4,5.32,2.03,3.48,16.91,8.96,0.83,31.92,25.38
design_4163,1.35,3.08,2.37,2.28,1.22,9.07,2.54,5.16,18.09,9.47,0.83,19.25,18.06
design_4164,1.53,3.02,1.13,2.42,1.18,4.96,1.78,3.13,17.9,9.33,0.84,7.94,6.79
design_4165,1.6,3.01,2.44,2.44,1.24,6.49,2.06,3.94,17.77,9.44,0.83,22.53,18.72
design_4166,1.39,3.23,3.27,2.54,1.08,10.81,2.97,6.12,18.68,9.69,0.83,14.54,12.32
design_4167,1.72,3.16,1.0,2.88,1.19,5.78,2.01,3.58,18.05,9.28,0.84,31.36,25.29
design_4168,0.68,1.14,1.92,1.54,1.01,4.92,1.31,2.5,17.84,9.03,0.85,11.2,11.13
design_4169,0.72,1.04,1.43,1.53,0.59,4.85,1.24,2.39,17.25,8.69,0.85,9.3,8.81
design_4170,1.12,1.72,1.35,1.77,1.22,3.65,1.21,2.09,9.07,6.09,0.83,16.37,12.3
design_4171,0.9,1.21,1.3,1.61,0.77,4.98,1.33,2.47,18.62,9.29,0.86,27.47,19.16
design_4172,0.77,0.99,1.82,1.71,0.86,4.97,1.33,2.51,17.91,8.96,0.85,26.47,18.84
design_4173,1.01,1.35,1.51,1.68,0.99,4.97,1.35,2.52,17.61,8.86,0.85,35.92,23.58
design_4174,0.75,1.04,1.35,1.65,0.76,5.03,1.31,2.48,16.99,8.65,0.85,6.83,7.17
design_4175,0.71,0.94,1.48,1.54,0.68,4.95,1.28,2.44,16.96,8.6,0.86,8.94,8.52
design_4176,0.99,2.02,1.71,1.94,0.93,2.38,1.25,1.79,16.97,8.87,0.84,28.24,22.23
design_4177,1.39,1.76,1.45,2.4,0.91,2.17,1.35,1.79,13.15,6.79,0.87,5.7,4.82
design_4178,0.91,1.69,1.9,1.78,0.8,4.44,1.41,2.45,16.29,8.7,0.84,29.8,23.77
design_4179,1.05,1.48,2.59,1.93,1.4,2.2,1.27,1.89,10.0,6.09,0.84,29.69,23.81
design_4180,1.2,2.01,1.61,1.88,1.29,2.48,1.27,1.84,17.91,9.22,0.84,30.41,23.21
design_4181,1.7,1.97,3.68,2.12,1.2,2.22,1.46,2.3,16.56,8.67,0.85,34.77,25.54
design_4182,0.92,1.73,2.24,1.78,1.2,2.25,1.21,1.8,14.16,7.99,0.83,29.97,24.02
design_4183,1.25,1.59,1.63,1.98,0.83,2.8,1.28,1.87,17.54,9.17,0.84,29.84,23.25
design_4184,0.94,2.0,1.77,1.85,1.22,1.18,1.04,1.57,14.12,7.55,0.84,28.88,21.78
design_4185,1.01,2.24,2.56,2.23,1.14,0.96,1.21,1.92,16.33,8.1,0.87,14.49,10.4
design_4186,1.46,2.5,3.05,2.5,1.93,1.56,1.47,2.34,15.74,8.14,0.84,29.47,22.52
design_4187,1.07,2.56,2.31,2.24,1.66,1.52,1.28,2.0,14.59,7.64,0.85,31.96,20.67
design_4188,1.51,2.53,3.75,2.82,1.51,1.61,1.61,2.61,17.35,8.83,0.84,18.68,12.02
design_4189,1.12,2.35,1.75,2.13,1.39,1.3,1.17,1.73,12.39,6.87,0.85,6.44,4.74
design_4190,1.65,2.45,2.91,2.48,1.91,1.46,1.46,2.29,14.4,7.63,0.84,7.89,7.11
design_4191,1.46,2.2,3.07,2.38,1.82,1.36,1.39,2.25,14.91,7.74,0.85,13.16,11.66
design_4192,0.99,2.35,2.24,2.58,1.29,1.95,1.36,2.01,15.84,7.8,0.87,9.47,4.97
design_4193,0.95,2.24,2.26,2.31,1.21,1.94,1.3,1.94,16.52,8.03,0.87,10.37,5.64
design_4194,1.16,2.39,3.04,2.23,0.76,1.47,1.34,2.1,17.25,8.74,0.85,19.4,13.94
design_4195,0.84,2.1,2.33,2.06,0.64,1.94,1.21,1.85,16.41,8.29,0.86,10.47,6.25
design_4196,0.91,2.07,2.4,2.34,1.24,1.96,1.3,1.96,15.27,7.69,0.86,7.14,8.72
design_4197,1.2,2.43,2.36,2.29,0.89,1.36,1.33,1.89,15.54,8.22,0.84,11.68,6.54
design_4198,0.86,2.4,3.02,2.02,0.67,2.0,1.31,2.12,16.82,8.28,0.87,16.34,9.24
design_4199,0.98,2.23,3.06,2.64,1.46,1.94,1.47,2.26,16.23,7.82,0.88,23.83,17.62
design_4200,1.7,2.7,1.07,2.47,1.55,3.4,1.54,2.35,18.88,9.57,0.84,19.49,16.25
design_4201,1.56,2.49,1.05,2.42,1.27,4.1,1.54,2.53,17.95,9.26,0.83,25.44,18.83
design_4202,1.44,2.47,0.97,2.34,1.38,3.29,1.43,2.21,18.94,9.59,0.85,34.15,24.07
design_4203,1.69,2.53,0.95,2.49,1.42,3.4,1.5,2.3,18.2,9.35,0.84,31.67,23.72
design_4204,1.15,2.12,0.75,2.15,1.05,2.92,1.25,1.93,16.72,8.88,0.83,27.18,20.81
design_4205,1.49,2.51,1.16,2.46,1.18,3.49,1.47,2.31,17.86,9.29,0.83,25.82,20.5
design_4206,1.46,2.39,0.88,2.49,1.5,3.94,1.52,2.46,17.7,9.14,0.84,31.07,21.54
design_4207,1.47,2.45,0.96,2.42,1.26,3.64,1.47,2.34,17.73,9.18,0.84,32.25,23.71
design_4208,1.18,2.28,2.27,2.11,1.01,1.11,1.25,1.81,18.19,8.77,0.87,11.02,10.52
design_4209,1.21,2.17,2.41,1.98,0.9,1.05,1.23,1.8,16.5,8.2,0.86,10.55,7.29
design_4210,1.06,2.44,2.94,1.71,1.03,1.25,1.22,1.99,15.84,8.0,0.86,11.3,8.45
design_4211,1.24,2.13,2.83,2.0,0.9,0.98,1.27,1.93,17.27,8.62,0.86,16.61,10.16
design_4212,1.08,2.19,2.6,1.78,1.15,1.14,1.19,1.84,15.58,7.96,0.85,16.83,11.84
design_4213,1.07,2.07,2.62,1.71,1.2,1.29,1.13,1.84,13.76,7.28,0.85,7.68,5.41
design_4214,1.04,1.87,2.2,1.65,0.79,0.94,1.06,1.58,14.73,7.7,0.85,9.81,6.45
design_4215,1.11,2.17,3.0,1.72,0.89,0.93,1.18,1.94,16.11,8.18,0.86,7.41,6.02
design_4216,0.88,1.27,2.14,1.77,0.92,3.11,1.27,2.07,17.94,9.59,0.82,20.72,15.43
design_4217,1.24,1.51,2.77,2.02,0.88,2.86,1.4,2.24,12.89,7.76,0.81,24.94,18.19
design_4218,1.16,1.72,3.39,2.2,1.11,2.37,1.46,2.37,15.36,8.65,0.81,22.57,15.64
design_4219,1.26,1.65,3.13,2.41,1.18,2.93,1.56,2.45,15.57,8.56,0.83,17.28,10.08
design_4220,1.17,1.82,2.32,2.38,1.1,2.82,1.46,2.18,10.52,6.95,0.81,23.58,16.89
design_4221,1.18,1.66,3.14,2.29,0.89,3.0,1.47,2.44,13.29,7.91,0.81,18.92,11.7
design_4222,1.58,2.16,3.45,2.77,1.3,3.95,1.8,2.97,14.78,7.88,0.84,26.23,19.58
design_4223,1.36,1.88,4.69,2.22,1.33,2.53,1.67,2.94,15.61,8.66,0.81,29.67,22.06
design_4224,1.49,2.12,2.07,2.12,1.49,2.26,1.29,1.95,17.1,8.84,0.85,30.79,23.45
design_4225,1.4,1.89,2.27,2.05,1.41,2.55,1.24,1.98,17.66,9.04,0.85,9.25,7.33
design_4226,1.32,1.79,1.72,1.9,1.65,2.21,1.19,1.79,5.24,4.75,0.84,5.14,3.73
design_4227,1.23,2.04,2.14,2.04,1.42,2.21,1.22,1.89,18.12,9.22,0.85,23.3,19.55
design_4228,1.36,1.9,1.99,2.04,1.27,2.2,1.2,1.83,16.75,8.76,0.84,30.45,21.41
design_4229,1.47,1.88,2.23,1.9,1.48,2.46,1.24,1.94,17.79,9.05,0.86,25.07,18.55
design_4230,1.15,1.92,2.03,1.92,1.29,2.44,1.16,1.85,17.96,9.22,0.85,29.88,23.83
design_4231,1.38,2.0,1.48,2.07,1.35,2.47,1.23,1.85,16.22,8.54,0.84,13.64,12.19
design_4232,1.24,2.3,1.62,1.85,1.23,1.33,1.13,1.64,15.62,7.95,0.86,9.89,6.58
design_4233,1.64,2.53,2.29,2.46,1.2,1.57,1.4,2.03,16.46,8.21,0.87,18.86,14.72
design_4234,1.28,2.14,1.75,2.02,1.24,1.28,1.15,1.66,15.19,7.79,0.86,6.2,4.21
design_4235,1.17,2.28,2.02,1.95,0.9,1.29,1.15,1.7,15.34,7.86,0.86,10.17,7.51
design_4236,1.06,2.16,2.04,1.84,0.91,1.31,1.1,1.64,15.75,8.0,0.86,11.28,9.06
design_4237,1.46,2.51,2.08,2.2,1.03,1.57,1.26,1.89,15.82,7.96,0.87,6.82,5.16
design_4238,1.24,2.23,1.77,2.04,1.1,1.34,1.15,1.68,16.02,8.2,0.86,24.13,17.42
design_4239,1.1,2.18,1.82,1.69,0.87,1.19,1.05,1.56,14.92,7.69,0.86,8.99,6.19
design_4240,0.89,1.41,0.81,1.67,0.72,2.1,0.95,1.31,19.29,9.34,0.86,20.38,14.83
design_4241,0.93,1.48,0.72,1.56,0.71,1.57,0.94,1.17,19.94,9.35,0.86,18.38,10.09
design_4242,1.17,2.1,0.85,2.05,1.06,1.97,1.1,1.54,18.99,9.23,0.86,30.55,24.29
design_4243,0.91,1.44,0.6,1.78,0.96,2.07,0.97,1.32,19.03,9.14,0.86,25.09,20.11
design_4244,0.88,2.07,0.63,1.85,1.28,1.99,1.09,1.46,18.05,8.9,0.86,20.53,14.91
design_4245,0.96,1.98,0.69,1.68,0.84,2.23,1.01,1.44,18.17,8.89,0.86,27.6,20.32
design_4246,0.91,1.76,3.98,1.75,1.01,2.22,1.34,2.52,18.81,9.41,0.85,32.36,19.17
design_4247,1.08,1.9,0.83,2.37,1.17,2.25,1.18,1.63,17.82,8.71,0.86,31.23,24.41
design_4248,1.38,3.1,1.69,2.01,1.13,8.33,2.28,4.62,15.78,8.69,0.82,16.53,15.08
design_4249,1.69,3.55,1.8,2.45,1.45,8.66,2.46,4.88,17.34,9.28,0.83,31.89,23.31
design_4250,1.99,3.94,2.01,1.98,1.16,7.19,2.14,4.23,16.94,9.22,0.82,24.39,19.75
design_4251,1.59,2.93,1.56,2.21,0.9,8.12,2.26,4.51,19.41,9.93,0.82,22.33,17.38
design_4252,1.28,2.72,1.46,2.29,0.91,8.49,2.32,4.66,16.87,9.03,0.82,31.62,26.3
design_4253,1.38,3.39,1.67,2.28,1.04,8.22,2.32,4.61,17.12,9.09,0.82,31.1,25.1
design_4254,1.66,3.45,1.86,2.33,1.14,8.82,2.45,4.93,17.34,9.11,0.83,22.07,17.44
design_4255,1.61,3.45,1.9,2.47,1.17,8.41,2.38,4.75,17.44,9.28,0.82,13.42,11.53
design_4256,1.75,3.97,2.49,2.56,1.39,2.29,1.46,2.52,18.05,9.25,0.85,32.8,28.07
design_4257,1.11,2.7,2.58,2.66,1.03,2.19,1.3,2.17,17.7,9.09,0.85,39.14,29.48
design_4258,1.08,2.65,2.15,2.44,1.34,2.29,1.23,2.07,13.55,7.64,0.83,32.75,28.57
design_4259,1.43,2.61,1.49,2.74,1.45,2.5,1.33,2.12,14.33,7.8,0.84,32.17,27.54
design_4260,1.68,3.27,2.24,2.55,1.65,2.38,1.41,2.35,16.93,8.65,0.85,33.31,25.0
design_4261,1.75,3.88,1.36,2.62,1.52,2.24,1.45,2.35,18.22,9.39,0.84,23.53,15.54
design_4262,1.26,2.71,3.21,2.6,1.43,1.95,1.39,2.31,17.55,8.99,0.84,34.33,28.37
design_4263,2.28,4.13,2.17,2.65,1.67,2.22,1.56,2.61,17.49,9.21,0.83,16.45,13.11
design_4264,1.22,2.38,2.03,1.97,1.09,2.75,1.33,2.08,16.57,8.64,0.84,31.25,25.21
design_4265,1.03,2.21,1.95,1.8,1.16,2.74,1.24,2.0,16.19,8.7,0.83,23.98,19.22
design_4266,1.05,2.44,2.07,2.05,1.27,2.74,1.39,2.1,15.48,8.29,0.84,9.54,6.67
design_4267,1.36,2.63,2.11,2.25,1.47,2.66,1.45,2.19,14.89,8.08,0.84,16.4,12.05
design_4268,1.2,2.47,2.06,2.01,1.24,2.62,1.32,2.07,17.45,9.1,0.83,29.68,21.68
design_4269,0.98,2.34,2.05,2.1,1.33,2.69,1.38,2.08,15.67,8.3,0.85,9.36,7.46
design_4270,1.27,2.37,1.88,2.01,1.42,2.75,1.37,2.09,14.52,7.93,0.84,31.22,23.54
design_4271,1.22,2.63,2.58,1.86,1.2,4.39,1.57,2.78,15.49,8.46,0.83,8.97,6.8
design_4272,1.02,2.85,4.52,2.42,0.92,2.61,1.72,2.98,17.74,9.03,0.85,25.29,18.36
design_4273,1.38,3.05,1.78,2.39,1.39,2.8,1.51,2.23,16.51,8.81,0.83,26.88,17.04
design_4274,1.13,2.87,1.89,2.49,1.47,2.83,1.47,2.23,19.39,9.88,0.83,31.2,22.07
design_4275,1.21,2.9,1.66,2.43,1.04,3.07,1.48,2.23,19.71,9.83,0.84,24.18,15.58
design_4276,1.06,2.84,4.6,2.37,0.99,2.51,1.74,2.99,18.5,9.29,0.85,16.11,14.4
design_4277,1.22,2.52,1.11,2.59,1.18,3.02,1.4,2.1,16.18,8.54,0.83,19.56,14.04
design_4278,1.13,2.66,4.43,2.41,0.99,2.76,1.7,2.96,17.38,9.0,0.84,18.45,14.6
design_4279,1.35,3.07,1.63,2.39,1.19,2.39,1.42,2.07,17.77,9.13,0.84,21.8,15.13
design_4280,1.71,1.98,3.71,2.62,1.29,2.72,1.68,2.69,19.05,9.47,0.85,24.61,19.78
design_4281,1.68,1.93,3.17,2.17,1.23,2.75,1.51,2.45,19.76,9.95,0.84,18.62,15.2
design_4282,1.06,1.57,3.39,1.96,1.12,6.34,1.93,3.67,6.41,5.3,0.84,19.19,19.12
design_4283,1.43,1.56,2.73,1.89,0.89,4.2,1.5,2.68,18.07,9.38,0.83,27.84,19.24
design_4284,1.56,1.71,2.96,1.85,0.81,2.6,1.38,2.25,19.84,9.91,0.84,29.44,23.3
design_4285,1.03,1.82,2.03,1.58,0.85,3.36,1.24,2.16,20.11,10.27,0.83,34.01,21.29
design_4286,1.14,2.35,2.66,2.04,1.14,2.47,1.38,2.19,18.17,9.41,0.84,18.13,13.08
design_4287,1.3,1.97,3.23,2.1,1.2,2.67,1.5,2.41,18.37,9.64,0.82,8.1,6.07
design_4288,1.09,1.63,2.69,1.56,0.96,1.88,1.11,1.85,15.89,8.36,0.84,16.6,14.98
design_4289,1.31,2.28,2.44,1.51,0.86,2.04,1.19,1.9,16.56,8.59,0.84,12.04,12.05
design_4290,1.78,2.38,2.34,2.02,1.1,1.8,1.37,2.0,17.53,8.75,0.85,17.92,9.44
design_4291,1.94,2.22,3.44,1.97,1.13,1.76,1.43,2.35,17.42,8.81,0.85,31.13,21.97
design_4292,1.83,2.35,1.75,1.9,1.05,1.38,1.26,1.75,15.76,8.15,0.84,19.6,11.29
design_4293,1.55,2.45,2.7,1.87,1.13,2.3,1.37,2.14,17.77,8.94,0.85,13.53,10.57
design_4294,1.97,2.28,1.8,1.76,1.08,2.5,1.28,1.94,17.4,8.85,0.85,13.24,9.55
design_4295,1.24,2.28,3.62,1.74,0.96,2.1,1.36,2.35,17.06,8.84,0.84,21.2,17.91
design_4296,1.38,2.83,0.95,1.96,0.86,6.9,1.91,3.76,17.48,8.92,0.85,38.86,29.59
design_4297,2.1,3.81,1.4,2.08,0.98,6.68,1.99,3.87,17.37,9.07,0.83,30.85,23.22
design_4298,1.56,3.43,1.84,2.19,1.26,6.9,2.05,3.92,17.24,8.82,0.84,22.21,18.11
design_4299,1.21,2.83,1.89,2.38,0.98,6.97,1.98,3.88,17.4,8.94,0.84,35.57,28.93
design_4300,1.09,2.85,1.36,1.92,1.04,6.34,1.83,3.52,16.98,9.04,0.82,8.98,7.92
design_4301,1.22,2.35,1.52,1.99,1.06,6.74,1.88,3.67,17.36,9.16,0.82,30.22,24.65
design_4302,1.32,2.91,1.71,2.05,0.97,6.83,1.94,3.79,15.61,8.33,0.84,12.72,9.85
design_4303,1.33,3.26,1.3,2.03,1.21,6.89,1.97,3.84,17.25,8.88,0.84,15.51,12.17
design_4304,1.8,2.63,3.79,1.92,0.97,2.17,1.47,2.39,14.14,7.8,0.84,21.85,15.84
design_4305,1.14,2.31,1.11,1.58,1.25,4.89,1.4,2.56,13.39,7.5,0.83,16.99,11.83
design_4306,1.62,2.3,4.18,1.79,1.09,3.14,1.47,2.61,16.9,8.96,0.83,20.52,17.93
design_4307,1.61,2.34,5.56,1.89,0.88,1.96,1.57,2.83,17.24,8.94,0.84,15.42,9.98
design_4308,1.33,1.94,1.43,1.69,0.77,5.35,1.44,2.71,16.45,8.62,0.84,30.11,24.0
design_4309,1.56,2.53,3.66,1.78,0.97,2.18,1.4,2.29,15.93,8.51,0.84,17.07,12.63
design_4310,1.78,2.13,1.7,1.83,1.01,2.47,1.3,1.9,18.29,9.23,0.84,25.9,18.73
design_4311,1.55,2.26,2.84,2.21,1.04,2.63,1.31,2.21,17.59,9.14,0.84,24.66,20.15
design_4312,1.15,2.39,3.06,2.56,1.03,2.29,1.44,2.27,17.23,8.76,0.85,21.62,13.06
design_4313,1.27,2.47,2.42,2.4,1.15,2.19,1.37,2.09,17.66,8.97,0.85,30.71,20.87
design_4314,1.29,2.54,2.94,2.37,1.25,2.02,1.4,2.21,17.96,8.8,0.87,31.64,23.16
design_4315,1.34,2.28,1.95,2.66,1.13,2.06,1.32,1.98,16.92,8.64,0.84,37.31,20.37
design_4316,1.35,2.7,3.56,2.5,1.17,2.05,1.51,2.44,17.9,9.06,0.85,14.9,10.2
design_4317,1.16,2.09,1.68,1.98,1.27,2.22,1.19,1.79,10.13,6.41,0.83,3.55,2.68
design_4318,1.31,2.67,3.02,2.36,1.2,2.21,1.47,2.28,16.93,8.77,0.85,15.13,11.38
design_4319,1.04,2.16,3.18,1.84,1.07,4.03,1.44,2.58,15.34,8.18,0.84,6.5,5.59
design_4320,1.83,2.05,1.34,1.84,1.16,5.88,1.76,3.29,18.44,9.55,0.83,24.5,16.04
design_4321,2.34,2.11,1.6,2.12,1.07,3.53,1.44,2.41,18.55,9.67,0.83,18.32,14.73
design_4322,1.61,1.71,4.14,2.05,0.86,2.81,1.54,2.72,18.88,9.7,0.83,27.09,15.02
design_4323,1.89,1.81,3.43,2.02,1.47,5.88,1.91,3.64,6.74,5.6,0.83,4.59,3.68
design_4324,2.06,1.97,3.79,2.13,1.01,3.28,1.63,2.81,17.53,9.3,0.83,11.26,7.54
design_4325,2.05,1.84,3.81,2.11,1.12,3.31,1.64,2.82,17.42,9.22,0.83,19.69,12.98
design_4326,2.43,2.14,3.64,2.15,1.04,3.48,1.67,2.88,18.04,9.66,0.82,19.91,13.47
design_4327,1.68,2.06,2.52,2.23,0.84,3.21,1.45,2.4,17.49,9.41,0.82,14.11,10.68
design_4328,1.44,2.08,0.74,2.24,1.7,3.46,1.46,2.25,18.29,9.51,0.83,27.68,20.27
design_4329,1.2,1.91,0.74,2.38,1.02,2.54,1.28,1.83,15.81,8.56,0.83,10.83,8.57
design_4330,1.57,2.0,0.75,2.23,1.38,2.72,1.35,1.95,18.26,9.46,0.84,26.7,19.13
design_4331,1.21,1.85,0.61,1.88,1.03,3.33,1.3,2.03,18.25,9.37,0.84,26.98,20.78
design_4332,1.5,1.81,0.75,2.48,1.33,2.75,1.4,1.97,18.43,9.57,0.84,23.53,17.33
design_4333,1.5,2.17,0.72,2.26,1.29,3.08,1.44,2.08,18.13,9.38,0.83,28.19,18.51
design_4334,1.27,2.03,0.72,2.39,1.24,2.71,1.35,1.93,19.38,9.87,0.84,30.7,23.49
design_4335,1.42,2.02,0.79,2.53,1.51,3.06,1.47,2.12,17.64,9.24,0.83,11.67,9.8
design_4336,1.06,1.29,1.36,1.82,0.83,3.43,1.32,2.09,16.29,8.83,0.82,16.18,12.1
design_4337,1.48,1.5,2.09,1.73,1.09,2.67,1.27,1.99,15.22,8.5,0.83,10.23,7.95
design_4338,1.19,1.17,1.01,1.71,0.86,2.74,1.17,1.74,15.61,8.57,0.82,4.31,3.78
design_4339,1.33,1.4,1.81,1.71,1.36,3.0,1.28,2.04,12.43,7.48,0.82,7.86,6.73
design_4340,1.02,1.39,1.06,1.8,0.75,2.38,1.15,1.62,13.44,7.73,0.82,4.16,3.21
design_4341,1.27,1.36,0.78,1.72,0.86,4.38,1.39,2.46,15.03,8.33,0.83,3.42,3.76
design_4342,1.04,1.01,1.32,1.64,0.75,3.15,1.15,1.92,16.99,9.15,0.83,10.48,7.7
design_4343,1.33,1.22,1.69,1.88,0.86,3.76,1.42,2.31,14.65,8.22,0.82,5.83,5.13
design_4344,1.22,1.08,1.93,1.85,0.89,2.85,1.28,1.92,16.16,8.85,0.83,32.78,23.27
design_4345,1.24,1.03,1.95,1.75,0.83,2.87,1.26,1.91,17.96,9.32,0.84,23.75,18.48
design_4346,1.31,1.02,1.75,1.76,0.87,2.57,1.19,1.77,16.23,8.74,0.83,30.35,23.34
design_4347,1.34,1.08,1.72,1.72,0.97,3.29,1.3,2.04,17.16,9.07,0.83,33.95,25.11
design_4348,1.23,1.05,1.95,1.63,0.96,3.59,1.34,2.17,18.13,9.34,0.84,34.7,24.38
design_4349,1.31,1.34,2.33,1.72,0.97,2.54,1.28,1.92,17.03,9.03,0.84,33.26,24.37
design_4350,1.23,1.26,2.35,1.8,1.02,2.9,1.33,2.04,17.65,9.22,0.84,30.53,22.99
design_4351,1.04,1.11,2.03,1.5,0.92,3.23,1.26,2.02,18.03,9.42,0.84,35.6,25.84
design_4352,1.41,2.45,2.1,2.28,2.3,4.06,1.65,2.69,6.66,5.12,0.84,24.84,18.37
design_4353,1.08,1.62,1.86,1.86,0.81,4.23,1.39,2.45,17.82,9.43,0.83,22.99,16.43
design_4354,1.35,2.13,2.18,2.24,1.21,4.15,1.57,2.6,18.11,9.19,0.84,20.81,13.7
design_4355,1.19,2.17,2.18,2.3,0.88,4.2,1.57,2.61,17.75,9.15,0.84,11.45,6.95
design_4356,1.08,1.9,1.6,2.16,0.88,3.78,1.4,2.29,17.08,9.09,0.83,11.91,7.74
design_4357,1.41,2.23,2.05,2.18,1.1,3.6,1.49,2.39,15.7,8.51,0.83,28.85,21.56
design_4358,1.04,1.79,1.91,1.98,0.76,3.56,1.32,2.22,18.34,9.54,0.83,32.89,22.3
design_4359,1.12,1.79,1.78,1.93,0.89,3.49,1.32,2.18,16.66,8.92,0.83,22.65,14.76
design_4360,1.7,2.78,2.06,1.86,1.03,2.56,1.41,2.14,18.03,9.38,0.83,23.21,16.99
design_4361,1.6,2.66,2.5,1.89,0.94,3.21,1.48,2.4,15.87,8.58,0.83,32.64,25.47
design_4362,1.63,2.85,2.12,1.96,1.03,2.94,1.47,2.29,17.71,9.26,0.84,9.22,6.19
design_4363,1.71,2.74,1.94,1.87,1.07,3.07,1.45,2.28,17.03,9.02,0.84,30.65,24.07
design_4364,1.73,3.04,1.85,2.02,1.25,2.88,1.54,2.29,17.86,9.29,0.83,15.38,9.59
design_4365,1.45,2.42,1.74,1.71,0.95,6.06,1.77,3.43,17.97,9.44,0.83,9.56,8.42
design_4366,1.63,2.6,1.73,1.89,1.3,2.77,1.45,2.14,10.68,6.79,0.82,7.67,5.94
design_4367,1.45,2.49,2.2,1.85,0.89,3.01,1.38,2.23,16.03,8.57,0.83,26.91,22.91
design_4368,1.13,1.22,1.07,2.18,0.96,1.25,1.02,1.36,16.37,8.2,0.86,36.18,25.38
design_4369,0.9,1.24,1.56,2.28,0.84,1.22,0.95,1.45,16.29,8.26,0.86,28.58,23.36
design_4370,1.01,1.11,1.1,2.24,0.92,1.16,0.97,1.34,16.72,8.34,0.86,37.23,22.06
design_4371,0.68,1.35,1.59,2.18,0.74,1.0,0.98,1.39,15.03,7.73,0.86,25.7,20.82
design_4372,1.06,1.31,1.26,1.74,1.02,1.35,0.95,1.31,16.34,8.33,0.85,27.18,22.2
design_4373,0.9,1.1,1.83,2.15,0.83,1.03,1.0,1.45,17.12,8.48,0.86,29.68,19.52
design_4374,0.66,1.45,1.49,2.08,0.83,1.06,0.89,1.37,16.75,8.43,0.85,32.88,25.77
design_4375,0.96,1.27,1.63,2.13,0.71,0.92,1.0,1.4,17.47,8.52,0.86,42.3,26.19
design_4376,1.11,2.39,1.88,1.71,1.16,2.8,1.24,2.01,15.95,8.6,0.84,9.77,6.42
design_4377,1.38,2.45,1.61,2.14,1.31,2.25,1.34,1.92,8.39,5.84,0.83,5.2,3.99
design_4378,1.24,2.5,1.8,1.98,1.4,3.25,1.39,2.22,8.34,5.79,0.83,4.99,4.2
design_4379,1.2,2.41,1.84,1.72,1.04,2.66,1.25,1.96,15.5,8.47,0.83,7.79,5.42
design_4380,1.42,2.85,2.07,1.98,1.44,2.43,1.39,2.11,13.77,7.76,0.83,13.74,9.41
design_4381,1.35,2.97,2.18,2.19,1.24,2.09,1.45,2.08,17.47,9.01,0.84,18.77,12.16
design_4382,1.35,2.5,1.93,1.97,1.91,3.35,1.44,2.33,6.26,5.02,0.84,6.19,4.59
design_4383,1.29,2.62,2.12,1.9,1.37,3.01,1.37,2.21,16.06,8.56,0.84,8.39,5.87
design_4384,1.13,2.26,1.01,2.7,0.88,2.57,1.24,1.85,19.53,9.63,0.85,22.27,12.07
design_4385,1.09,2.15,0.51,2.72,0.89,2.71,1.23,1.81,18.6,9.3,0.86,26.82,19.51
design_4386,1.17,2.04,0.99,3.25,0.81,2.16,1.32,1.86,20.56,9.91,0.85,47.17,28.84
design_4387,1.19,2.12,1.16,3.5,0.82,2.2,1.36,1.97,19.65,9.4,0.85,19.48,14.72
design_4388,1.44,2.59,0.74,3.3,1.14,2.48,1.39,2.04,18.07,8.74,0.87,23.19,18.37
design_4389,1.33,2.26,0.83,3.39,1.16,2.52,1.41,2.02,20.35,9.74,0.86,37.83,23.6
design_4390,1.34,2.29,0.66,3.21,0.9,2.42,1.36,1.92,18.58,9.24,0.85,27.14,18.58
design_4391,1.25,2.42,1.87,2.95,0.9,2.67,1.37,2.13,16.69,8.63,0.85,20.44,15.33
design_4392,1.64,2.02,1.77,2.05,0.82,2.21,1.25,1.85,18.0,8.93,0.85,30.9,20.98
design_4393,1.6,2.13,1.89,2.22,0.99,2.46,1.32,1.99,19.2,9.57,0.85,27.23,21.59
design_4394,1.67,1.8,1.86,2.08,0.99,2.56,1.29,1.95,16.81,8.82,0.83,26.61,15.23
design_4395,1.74,1.84,1.7,2.0,1.19,3.21,1.35,2.14,16.51,8.75,0.83,12.1,9.7
design_4396,1.68,2.06,1.76,1.74,1.03,3.68,1.35,2.28,14.24,7.93,0.83,9.52,7.05
design_4397,1.6,1.7,1.57,2.18,0.98,2.46,1.26,1.86,16.06,8.5,0.84,9.53,5.74
design_4398,1.58,1.65,1.74,2.08,1.31,2.87,1.33,2.02,14.38,7.97,0.84,9.45,7.65
design_4399,1.7,1.95,1.88,2.34,0.98,3.03,1.39,2.16,17.61,9.0,0.84,22.53,16.02
design_4400,1.66,2.73,1.91,2.5,1.15,2.8,1.55,2.21,16.94,8.57,0.85,30.44,23.93
design_4401,1.61,2.72,1.83,2.34,1.24,2.38,1.45,2.08,18.5,9.23,0.85,24.26,17.45
design_4402,1.48,2.62,1.69,2.17,0.96,2.68,1.43,2.04,18.71,9.31,0.85,35.38,25.71
design_4403,1.52,2.54,1.81,2.07,1.13,2.31,1.39,1.96,16.37,8.56,0.84,20.2,16.18
design_4404,1.64,2.62,1.91,2.24,0.92,2.29,1.39,2.02,18.65,8.96,0.86,32.26,23.05
design_4405,1.38,2.6,1.73,2.13,1.01,2.42,1.37,1.96,17.75,9.05,0.85,31.08,25.3
design_4406,1.43,2.09,1.78,2.01,1.12,2.95,1.35,2.01,7.25,5.31,0.84,25.49,21.65
design_4407,1.58,2.54,1.94,2.16,0.74,2.1,1.36,1.94,18.42,9.12,0.84,27.9,18.77
design_4408,0.95,1.09,0.64,2.04,0.83,3.82,1.3,2.16,17.43,9.07,0.83,9.33,9.1
design_4409,1.43,1.17,0.94,2.17,0.91,2.85,1.27,1.87,17.34,8.99,0.84,11.87,8.72
design_4410,1.42,1.36,0.86,2.44,0.99,3.16,1.39,2.05,17.69,9.09,0.84,24.45,17.81
design_4411,1.35,0.99,0.59,2.01,1.07,4.16,1.4,2.34,17.74,9.12,0.84,19.16,12.39
design_4412,1.28,1.39,0.91,2.23,1.14,3.75,1.42,2.24,16.94,8.87,0.83,12.79,11.31
design_4413,1.35,1.4,0.88,2.67,0.94,3.39,1.42,2.17,18.52,9.36,0.84,29.82,21.37
design_4414,0.95,0.99,0.68,1.9,0.88,3.91,1.31,2.18,18.61,9.55,0.84,20.73,15.9
design_4415,1.28,1.16,1.09,2.31,0.83,3.11,1.33,1.98,16.36,8.64,0.83,23.4,16.35
design_4416,1.35,1.72,1.56,2.4,0.93,1.11,1.15,1.61,16.89,8.1,0.87,33.51,20.15
design_4417,1.19,1.82,2.57,2.42,1.22,1.07,1.28,1.94,17.2,8.33,0.87,17.11,13.93
design_4418,1.26,1.77,2.52,2.29,1.25,1.03,1.24,1.9,18.0,8.8,0.86,30.51,24.51
design_4419,1.26,1.19,2.78,1.71,1.23,1.0,1.06,1.82,11.67,6.31,0.86,25.26,18.33
design_4420,1.1,1.74,2.77,2.35,1.53,1.03,1.26,2.01,17.43,8.46,0.87,16.64,10.59
design_4421,1.23,1.5,1.66,2.13,1.08,0.96,1.06,1.52,15.77,7.87,0.87,25.99,20.3
design_4422,1.28,1.32,1.87,2.02,1.6,0.82,1.04,1.6,15.62,7.73,0.86,24.75,20.03
design_4423,1.11,2.11,2.92,2.69,1.49,1.12,1.4,2.18,16.72,8.15,0.87,28.9,21.36
design_4424,1.16,1.53,2.2,2.01,0.73,1.54,1.13,1.69,14.25,7.42,0.86,29.97,22.76
design_4425,1.16,1.48,1.73,2.09,0.85,1.33,1.14,1.53,15.92,8.07,0.85,33.37,18.72
design_4426,1.0,1.4,1.25,1.89,0.72,1.19,0.99,1.3,17.95,8.8,0.86,34.82,21.4
design_4427,0.98,1.31,1.66,1.75,1.07,1.21,1.01,1.4,17.1,8.56,0.86,31.1,23.12
design_4428,1.02,1.3,1.55,1.92,0.72,1.41,1.05,1.4,15.92,8.08,0.86,29.56,17.53
design_4429,0.99,1.43,2.44,1.86,0.68,1.15,1.1,1.67,16.12,8.01,0.86,26.46,20.99
design_4430,1.08,1.32,2.2,1.92,0.78,1.38,1.11,1.62,18.29,9.15,0.85,29.75,22.63
design_4431,1.24,1.39,1.69,2.02,0.83,1.35,1.1,1.51,18.19,8.96,0.86,32.23,22.09
design_4432,0.98,2.24,1.68,1.92,0.91,5.29,1.61,2.91,15.66,8.69,0.82,13.99,10.05
design_4433,1.18,2.66,3.24,2.43,0.87,3.85,1.65,2.8,19.13,9.7,0.84,33.44,24.59
design_4434,0.83,1.96,1.53,1.94,0.77,3.32,1.28,2.07,17.81,9.28,0.83,28.75,23.68
design_4435,0.97,2.13,2.02,1.96,0.69,4.3,1.47,2.55,16.53,8.97,0.82,11.48,10.85
design_4436,0.93,2.34,3.14,2.27,0.76,4.58,1.68,2.95,19.17,9.89,0.82,25.18,19.28
design_4437,1.06,2.44,2.54,2.29,1.23,3.2,1.48,2.39,16.36,8.67,0.84,25.88,20.65
design_4438,0.87,2.46,3.04,2.18,0.84,4.32,1.6,2.84,17.24,9.06,0.83,9.55,9.8
design_4439,1.12,2.63,3.86,2.36,0.92,4.13,1.73,3.05,17.69,9.23,0.83,28.75,22.92
design_4440,1.27,2.79,1.74,2.65,1.08,2.54,1.42,2.13,20.07,10.03,0.84,37.84,26.73
design_4441,1.36,3.24,1.48,2.88,1.32,2.86,1.53,2.32,18.39,9.46,0.84,29.46,20.69
design_4442,1.47,3.1,1.19,2.77,1.42,6.57,2.0,3.67,18.6,9.59,0.83,12.65,7.22
design_4443,1.11,3.11,0.69,2.73,0.97,2.32,1.33,1.97,16.7,8.96,0.82,7.98,8.53
design_4444,1.29,3.3,1.09,2.84,1.39,4.6,1.7,2.88,17.4,9.16,0.82,36.58,27.18
design_4445,1.26,2.8,0.68,2.42,1.06,2.43,1.37,1.91,18.36,9.47,0.83,24.71,18.02
design_4446,1.17,3.49,0.6,2.75,1.04,2.39,1.38,2.07,19.12,9.76,0.84,18.56,12.49
design_4447,1.27,3.2,1.29,2.6,1.12,2.66,1.45,2.16,18.01,9.42,0.82,13.93,14.47
design_4448,1.59,1.35,2.95,1.98,0.87,5.7,1.68,3.14,16.45,8.38,0.85,26.85,25.87
design_4449,1.24,1.51,1.16,1.79,0.94,5.47,1.45,2.81,18.0,8.99,0.85,37.56,29.09
design_4450,1.23,1.63,1.1,1.93,0.88,5.59,1.52,2.88,17.53,8.9,0.85,33.04,25.62
design_4451,1.26,1.47,1.27,1.86,1.03,4.88,1.39,2.58,16.49,8.65,0.84,10.5,8.75
design_4452,1.17,1.66,1.01,2.18,1.18,2.09,1.16,1.65,17.85,9.19,0.85,30.1,27.63
design_4453,1.22,1.46,1.15,1.89,0.91,5.69,1.51,2.9,17.98,9.06,0.85,32.56,25.86
design_4454,1.21,1.69,1.18,2.0,0.89,5.49,1.51,2.85,17.18,8.73,0.85,25.95,21.46
design_4455,1.36,1.46,1.34,1.87,0.81,5.44,1.5,2.82,16.91,8.7,0.85,25.87,24.67
design_4456,1.29,2.15,2.84,1.97,0.91,1.3,1.24,1.97,16.06,7.97,0.87,13.87,10.37
design_4457,1.11,2.19,2.65,2.01,0.99,1.25,1.15,1.9,16.66,8.36,0.86,7.69,6.05
design_4458,1.5,2.04,2.6,2.16,1.07,1.52,1.31,1.96,16.48,8.27,0.86,10.49,7.76
design_4459,1.55,2.06,2.39,2.14,1.23,1.65,1.34,1.93,16.56,8.28,0.86,13.94,7.52
design_4460,1.51,2.16,2.65,1.96,0.94,1.22,1.22,1.92,16.74,8.38,0.86,12.37,8.75
design_4461,1.42,1.79,2.35,1.99,0.93,1.33,1.19,1.77,16.69,8.27,0.87,16.79,11.46
design_4462,1.56,2.37,2.83,1.89,1.18,1.47,1.29,2.05,18.13,8.88,0.86,6.37,6.77
design_4463,1.55,1.98,2.61,2.1,1.05,1.63,1.31,1.96,17.32,8.56,0.87,4.52,3.29
design_4464,1.14,2.3,1.3,2.31,0.91,1.13,1.22,1.61,17.06,8.14,0.88,17.57,13.64
design_4465,1.29,2.45,1.28,2.23,0.96,1.17,1.27,1.64,18.26,8.68,0.87,26.66,15.33
design_4466,1.13,2.41,1.28,2.23,1.22,1.1,1.24,1.63,17.68,8.49,0.87,28.88,21.09
design_4467,1.1,1.83,0.95,1.77,1.14,0.98,1.0,1.32,17.33,8.21,0.88,27.49,18.43
design_4468,1.04,1.94,1.19,1.83,1.03,0.88,1.04,1.38,17.75,8.5,0.87,13.38,14.32
design_4469,1.07,2.11,1.29,1.6,0.88,0.92,1.03,1.38,16.88,8.11,0.88,13.16,7.68
design_4470,1.35,2.72,2.57,2.79,1.15,1.24,1.54,2.18,17.6,8.36,0.88,32.82,20.3
design_4471,1.22,2.23,1.46,2.26,1.02,1.05,1.24,1.63,18.14,8.69,0.88,30.23,17.14
design_4472,0.96,1.54,1.21,1.77,0.88,1.79,1.07,1.4,15.64,8.24,0.84,29.94,22.1
design_4473,1.06,1.27,1.36,1.92,1.08,1.98,1.11,1.5,14.75,7.8,0.85,31.08,23.04
design_4474,0.68,0.63,2.77,1.53,1.21,3.03,1.06,2.0,4.95,4.41,0.85,19.63,13.45
design_4475,0.7,0.52,2.36,1.58,0.92,2.88,0.98,1.81,5.56,4.67,0.85,19.52,13.46
design_4476,0.89,1.39,2.0,1.86,1.26,2.3,1.15,1.72,16.83,8.68,0.84,29.63,23.06
design_4477,0.91,1.3,0.86,1.71,0.98,2.34,1.06,1.43,16.68,8.56,0.84,29.41,22.76
design_4478,0.89,1.32,1.18,1.75,0.98,2.06,1.05,1.42,16.56,8.46,0.85,30.5,22.88
design_4479,0.83,1.42,0.93,1.72,0.97,2.12,1.03,1.39,17.97,8.95,0.86,24.53,18.58
design_4480,1.5,2.52,0.9,2.45,1.25,3.47,1.58,2.39,18.47,9.55,0.83,20.66,14.34
design_4481,1.46,2.59,0.98,2.16,1.39,3.49,1.54,2.38,18.19,9.45,0.83,11.85,9.92
design_4482,1.56,2.64,0.99,2.42,1.38,3.67,1.61,2.5,19.22,9.88,0.83,28.07,17.97
design_4483,1.59,2.67,0.8,2.55,1.45,3.6,1.62,2.49,18.92,9.76,0.83,33.91,21.53
design_4484,1.62,2.69,0.77,2.32,1.28,3.33,1.6,2.34,18.35,9.47,0.84,26.59,19.69
design_4485,1.56,2.88,0.85,2.21,1.2,3.29,1.56,2.33,18.54,9.53,0.84,32.56,20.96
design_4486,1.33,2.33,0.83,2.03,1.15,3.22,1.42,2.17,18.51,9.58,0.83,12.03,10.84
design_4487,1.43,2.46,1.12,2.21,1.35,4.1,1.62,2.63,18.77,9.71,0.83,26.74,20.64
design_4488,1.38,2.98,1.64,3.45,1.22,1.23,1.47,2.24,16.87,8.22,0.87,28.76,22.96
design_4489,1.13,2.48,0.95,2.91,0.86,1.17,1.27,1.83,14.54,7.4,0.87,7.55,5.89
design_4490,1.44,2.88,1.65,3.21,1.44,1.18,1.44,2.17,16.49,8.15,0.87,33.02,25.42
design_4491,1.27,2.96,1.68,3.43,1.44,1.21,1.45,2.24,17.05,8.35,0.87,36.6,28.23
design_4492,1.31,2.82,1.27,3.41,1.09,1.23,1.44,2.13,16.9,8.32,0.87,29.38,24.1
design_4493,1.12,2.52,0.99,2.51,0.8,1.12,1.2,1.72,16.76,8.18,0.88,37.12,29.73
design_4494,1.19,2.66,0.88,2.7,0.84,1.11,1.22,1.81,17.07,8.41,0.87,30.2,24.56
design_4495,1.29,2.49,0.96,2.67,0.87,1.19,1.24,1.79,16.99,8.25,0.88,37.1,28.41
design_4496,1.67,2.5,1.68,2.94,1.04,4.58,1.73,2.91,18.07,9.33,0.83,21.4,17.49
design_4497,1.9,2.6,1.7,2.89,1.86,4.81,1.79,3.07,19.56,9.9,0.83,17.83,15.24
design_4498,1.59,2.66,1.99,2.82,1.2,5.15,1.86,3.18,18.98,9.66,0.84,15.52,12.56
design_4499,1.61,2.45,1.76,2.87,1.07,4.3,1.7,2.79,19.06,9.69,0.83,33.68,21.07
design_4500,1.39,2.55,2.0,2.48,0.97,5.15,1.75,3.11,18.38,9.58,0.82,28.43,22.03
design_4501,1.42,2.37,1.99,2.77,0.86,5.34,1.84,3.21,17.58,9.18,0.83,19.85,16.11
design_4502,1.65,2.37,1.88,2.54,1.15,4.68,1.74,2.91,18.76,9.58,0.84,30.82,24.98
design_4503,1.49,2.55,2.15,2.89,0.87,4.88,1.8,3.08,19.0,9.63,0.84,22.19,17.47
design_4504,1.13,2.64,1.79,2.4,1.23,1.21,1.16,1.83,16.76,8.33,0.87,26.57,23.24
design_4505,0.66,2.19,1.8,2.5,1.49,1.23,1.14,1.76,13.57,7.2,0.86,5.94,3.21
design_4506,1.2,2.66,1.83,2.32,1.52,1.28,1.18,1.88,16.46,8.11,0.88,34.68,29.2
design_4507,0.74,2.49,1.87,2.22,1.11,1.14,1.14,1.72,16.56,8.27,0.87,24.24,20.9
design_4508,0.97,2.46,1.41,2.72,0.96,1.32,1.2,1.79,16.48,8.24,0.86,35.3,24.96
design_4509,1.22,3.24,2.93,2.73,1.5,1.27,1.38,2.31,17.27,8.82,0.85,34.09,24.54
design_4510,1.18,2.69,1.82,2.5,1.41,1.42,1.25,1.92,16.48,8.18,0.87,33.2,25.32
design_4511,1.19,2.59,1.75,2.43,1.78,1.27,1.2,1.91,16.56,8.11,0.87,34.47,29.26
design_4512,1.5,2.09,0.85,1.48,1.26,1.76,1.12,1.5,17.84,9.08,0.84,20.9,18.56
design_4513,1.37,2.23,0.99,1.77,0.95,1.56,1.12,1.5,16.51,8.59,0.85,17.58,10.92
design_4514,1.38,1.97,0.91,2.01,1.21,1.83,1.08,1.57,17.26,8.81,0.85,12.38,12.92
design_4515,1.5,2.29,0.85,1.66,1.23,1.73,1.16,1.56,17.13,8.85,0.85,16.24,11.79
design_4516,1.52,2.49,0.86,1.65,1.01,1.38,1.2,1.52,17.7,8.93,0.85,27.33,16.01
design_4517,1.45,1.95,1.07,1.6,0.98,1.5,1.09,1.44,17.1,8.66,0.85,22.58,17.22
design_4518,1.59,2.52,1.24,1.74,1.01,1.43,1.24,1.62,18.06,9.07,0.85,24.0,13.38
design_4519,1.4,2.04,0.83,1.59,1.1,1.92,1.11,1.51,18.43,9.37,0.85,18.9,16.65
design_4520,1.51,2.16,1.64,2.43,0.88,3.08,1.44,2.19,14.35,8.04,0.83,31.83,24.77
design_4521,1.48,2.27,1.61,2.21,1.28,2.98,1.44,2.15,13.17,7.73,0.82,31.63,25.24
design_4522,1.58,2.64,2.76,2.29,1.21,4.8,1.75,3.05,15.76,8.63,0.82,31.97,25.46
design_4523,1.68,2.37,1.96,2.35,0.96,3.47,1.55,2.41,14.84,8.33,0.82,27.29,22.24
design_4524,1.61,2.46,2.31,2.42,1.2,4.39,1.66,2.82,15.78,8.59,0.83,32.57,25.48
design_4525,1.52,2.15,1.22,2.08,1.01,3.74,1.44,2.34,17.35,9.16,0.84,32.63,25.71
design_4526,1.48,2.29,1.35,2.09,1.03,3.74,1.45,2.37,17.45,9.22,0.83,32.28,25.33
design_4527,1.57,2.21,1.82,2.23,0.93,3.55,1.48,2.37,17.26,9.16,0.82,23.39,18.73
design_4528,1.61,2.02,2.51,1.94,0.97,1.24,1.3,1.9,19.2,9.14,0.86,11.12,7.08
design_4529,1.29,1.73,1.37,1.9,0.93,1.02,1.11,1.43,16.72,8.22,0.86,12.26,8.23
design_4530,1.38,1.94,1.75,2.2,1.15,1.36,1.29,1.69,16.01,8.02,0.86,19.6,10.7
design_4531,1.11,1.56,1.06,1.84,2.05,0.93,1.12,1.45,17.1,8.06,0.88,17.59,12.89
design_4532,1.22,2.35,1.21,2.17,1.16,1.04,1.2,1.59,16.88,8.06,0.87,21.92,13.26
design_4533,1.38,1.84,1.56,2.09,0.85,1.09,1.19,1.55,15.57,7.65,0.87,15.89,12.18
design_4534,1.37,2.09,1.61,2.16,1.01,1.11,1.24,1.64,17.64,8.35,0.88,5.26,5.54
design_4535,1.16,2.34,1.91,2.19,0.93,1.01,1.26,1.73,17.3,8.34,0.87,20.16,13.57
design_4536,0.89,1.89,1.76,1.54,1.1,0.96,1.06,1.41,15.98,8.36,0.85,14.86,10.9
design_4537,0.99,2.47,2.46,1.8,1.25,1.3,1.3,1.81,13.64,7.47,0.85,22.36,14.3
design_4538,0.99,2.54,2.61,1.8,1.75,1.19,1.3,1.91,12.19,7.04,0.84,21.23,14.39
design_4539,1.16,1.96,1.8,1.89,1.13,1.07,1.22,1.56,17.4,8.86,0.85,19.67,10.73
design_4540,1.11,1.8,2.09,1.84,0.99,1.04,1.19,1.56,14.88,7.85,0.85,20.89,11.98
design_4541,0.99,1.73,2.13,1.99,0.94,1.3,1.08,1.6,15.73,8.13,0.85,18.07,12.62
design_4542,0.74,1.57,1.89,1.51,1.04,1.07,0.97,1.37,16.5,8.46,0.85,31.69,23.96
design_4543,1.16,1.92,1.52,1.85,1.24,0.98,1.19,1.49,17.28,8.81,0.85,21.62,12.08
design_4544,1.58,2.4,1.14,2.04,0.84,3.22,1.4,2.12,17.03,9.06,0.82,6.18,3.63
design_4545,1.51,2.17,4.04,2.14,1.13,2.48,1.59,2.66,18.59,9.19,0.86,18.41,10.4
design_4546,1.79,2.67,1.8,2.14,1.05,2.08,1.4,1.97,17.55,9.18,0.83,14.78,8.81
design_4547,1.66,2.15,2.74,1.81,1.05,2.7,1.43,2.26,17.15,9.01,0.84,22.29,12.43
design_4548,1.71,2.61,1.45,2.24,1.09,2.29,1.41,1.96,16.48,8.82,0.83,27.36,20.8
design_4549,1.48,2.15,3.98,2.13,1.37,2.26,1.58,2.6,12.23,7.25,0.83,15.0,14.99
design_4550,1.76,2.2,1.8,2.35,1.35,4.15,1.64,2.63,18.01,9.29,0.84,18.94,12.44
design_4551,1.17,2.08,1.06,1.91,1.02,2.35,1.26,1.71,18.2,9.38,0.83,27.74,20.04
design_4552,1.03,1.75,1.32,1.98,1.02,2.83,1.18,1.78,17.94,8.94,0.86,30.95,25.1
design_4553,0.9,1.95,1.11,2.09,1.06,2.07,1.1,1.61,17.69,8.85,0.86,25.68,20.73
design_4554,1.08,1.94,0.88,1.93,1.02,2.98,1.17,1.79,18.21,9.14,0.86,33.23,25.0
design_4555,1.17,2.61,1.62,2.04,0.93,2.75,1.31,1.97,18.83,9.23,0.86,33.07,18.9
design_4556,0.84,2.0,1.13,1.93,1.04,3.07,1.17,1.83,18.22,9.04,0.86,31.96,23.13
design_4557,0.94,2.48,1.47,1.86,0.79,2.66,1.19,1.83,18.06,8.91,0.86,27.82,20.33
design_4558,1.08,1.86,2.39,2.37,0.99,2.69,1.29,2.04,17.66,8.91,0.85,32.66,23.72
design_4559,0.93,1.85,1.14,2.16,1.06,2.87,1.2,1.81,17.07,8.64,0.86,31.86,24.3
design_4560,1.15,1.91,1.5,1.9,0.98,3.0,1.34,2.0,19.47,9.87,0.84,37.71,24.45
design_4561,1.07,1.9,1.11,1.86,1.14,2.51,1.23,1.76,15.49,8.52,0.82,30.63,22.5
design_4562,1.29,1.99,1.53,2.05,1.01,2.98,1.38,2.05,16.85,8.97,0.83,32.33,22.62
design_4563,1.2,1.82,0.87,1.78,0.88,2.48,1.19,1.7,15.98,8.75,0.82,30.26,22.31
design_4564,1.39,1.62,1.43,1.89,1.06,3.56,1.38,2.21,17.91,9.46,0.82,26.02,18.93
design_4565,1.37,2.0,1.37,2.08,1.02,3.64,1.46,2.29,15.11,8.31,0.83,28.04,20.23
design_4566,1.22,1.61,1.36,1.85,0.9,2.41,1.19,1.72,17.57,9.29,0.83,23.43,17.18
design_4567,1.21,1.83,0.96,1.94,0.92,2.35,1.23,1.69,17.79,9.24,0.84,29.18,19.11
design_4568,1.28,2.06,2.58,1.72,1.33,7.35,1.99,4.01,17.67,8.92,0.85,31.78,23.65
design_4569,1.68,1.72,3.45,1.68,0.75,7.25,1.99,4.05,16.74,8.67,0.84,30.94,23.21
design_4570,1.07,1.85,1.45,2.27,0.77,6.65,1.78,3.6,17.58,9.09,0.84,11.13,10.77
design_4571,1.3,1.99,1.57,2.13,0.94,7.08,1.9,3.82,17.25,8.85,0.85,29.87,21.3
design_4572,1.58,1.93,2.21,1.65,1.06,7.16,1.91,3.89,14.96,7.7,0.85,29.65,22.69
design_4573,1.19,2.17,0.95,1.66,1.22,7.19,1.9,3.82,16.79,8.42,0.86,9.42,7.62
design_4574,1.67,1.89,3.08,1.83,1.41,7.16,2.02,4.01,13.97,7.53,0.85,29.03,21.48
design_4575,1.29,1.78,2.06,1.65,0.93,7.04,1.87,3.78,17.59,9.04,0.84,28.98,22.34
design_4576,1.51,1.85,5.96,2.09,0.88,2.34,1.76,3.33,17.91,9.35,0.83,20.22,14.6
design_4577,1.45,1.47,3.73,2.19,1.17,2.32,1.4,2.43,15.29,8.06,0.84,10.4,8.47
design_4578,1.46,1.73,5.44,2.04,0.84,5.22,1.87,3.72,18.43,9.57,0.84,30.8,24.53
design_4579,1.51,1.8,5.48,2.3,1.12,2.24,1.71,3.14,16.03,8.55,0.83,19.37,15.48
design_4580,1.88,1.86,7.28,2.82,1.05,2.1,2.09,3.99,18.47,9.6,0.83,28.99,16.67
design_4581,1.74,1.84,2.89,2.23,1.09,2.02,1.36,2.15,15.52,7.93,0.86,20.82,13.8
design_4582,2.02,2.02,6.32,2.66,1.0,2.34,1.94,3.6,18.6,9.67,0.82,30.88,22.8
design_4583,1.41,1.49,1.11,1.94,0.78,2.89,1.11,1.78,15.97,8.52,0.83,17.54,12.57
design_4584,1.94,2.74,1.44,2.45,1.35,1.92,1.43,1.98,17.53,8.58,0.87,26.05,18.99
design_4585,1.95,2.82,1.61,2.37,1.21,1.65,1.4,1.97,16.76,8.24,0.87,27.63,20.65
design_4586,1.79,2.76,1.48,2.45,1.26,1.73,1.4,1.94,17.13,8.46,0.86,26.12,18.89
design_4587,1.91,2.82,1.57,2.46,1.35,1.9,1.44,2.02,16.29,7.82,0.88,30.56,22.82
design_4588,1.64,2.56,1.53,2.32,1.29,1.45,1.33,1.83,16.94,8.48,0.86,29.57,23.03
design_4589,2.03,2.71,1.43,2.25,1.26,1.54,1.36,1.9,17.28,8.53,0.86,28.35,20.39
design_4590,2.19,2.96,1.56,2.73,1.59,1.75,1.56,2.15,17.01,8.38,0.87,28.52,21.37
design_4591,1.97,2.32,1.55,2.44,1.09,1.4,1.31,1.85,16.8,8.23,0.87,29.44,20.17
design_4592,2.9,3.07,1.15,2.25,0.97,8.82,2.51,5.11,16.81,9.37,0.81,32.68,25.14
design_4593,2.91,3.42,1.03,1.95,1.31,8.66,2.47,5.05,17.99,9.9,0.81,32.29,25.09
design_4594,2.09,3.83,0.76,2.07,1.3,9.02,2.54,5.21,17.74,9.73,0.81,13.04,11.36
design_4595,3.39,3.38,0.9,2.05,1.5,8.44,2.46,5.0,17.38,9.63,0.8,32.88,25.21
design_4596,3.19,3.31,1.03,2.08,1.19,8.6,2.47,5.04,18.29,9.93,0.81,33.6,27.04
design_4597,3.01,3.48,0.89,2.1,1.23,8.85,2.52,5.16,17.82,9.74,0.81,18.84,14.16
design_4598,3.1,3.21,1.25,2.1,1.44,8.58,2.47,5.03,17.78,9.75,0.81,29.95,23.59
design_4599,2.24,3.83,1.51,2.28,1.15,9.18,2.56,5.33,17.8,9.69,0.81,31.58,24.63
design_4600,1.05,2.57,1.86,1.71,1.06,7.75,2.09,4.27,17.21,9.11,0.83,19.67,15.08
design_4601,1.25,2.65,2.14,1.63,1.29,5.15,1.62,3.1,18.54,9.44,0.85,16.35,12.43
design_4602,0.86,2.35,1.87,1.8,0.96,8.27,2.2,4.5,17.91,9.32,0.84,24.07,17.82
design_4603,1.05,2.57,1.92,1.71,1.01,7.38,2.02,4.09,17.46,9.3,0.83,17.73,13.64
design_4604,0.91,2.31,1.84,1.57,0.89,7.56,2.02,4.13,16.73,9.09,0.83,19.81,15.11
design_4605,1.13,2.7,1.58,1.96,1.17,2.52,1.32,2.01,16.3,8.76,0.83,19.68,15.66
design_4606,1.06,2.62,1.63,1.7,1.06,5.48,1.65,3.18,18.44,9.73,0.83,18.27,13.45
design_4607,1.24,2.82,1.67,1.86,1.14,2.72,1.34,2.1,16.32,8.85,0.82,22.84,17.96
design_4608,1.36,1.4,1.75,2.53,1.11,2.13,1.26,1.82,17.34,8.95,0.84,6.4,4.64
design_4609,1.44,1.42,1.09,2.36,0.78,2.09,1.13,1.65,19.19,9.58,0.84,14.1,9.55
design_4610,1.43,1.4,1.1,2.63,0.88,1.9,1.22,1.66,18.93,9.45,0.85,15.32,13.32
design_4611,1.12,1.29,1.27,2.02,0.73,2.08,1.1,1.54,18.85,9.56,0.84,16.98,14.5
design_4612,1.27,1.09,1.5,2.19,1.03,2.18,1.14,1.67,17.49,9.12,0.84,14.01,10.71
design_4613,1.43,1.68,1.17,2.35,0.91,1.88,1.2,1.64,18.86,9.53,0.84,17.35,14.81
design_4614,1.25,1.35,1.59,2.36,0.9,2.23,1.21,1.75,17.52,9.02,0.84,28.05,22.01
design_4615,1.36,1.25,1.54,2.18,0.8,2.26,1.16,1.71,18.32,9.38,0.84,30.49,23.44
design_4616,1.71,3.19,1.18,1.89,1.06,3.73,1.52,2.59,16.7,9.17,0.82,10.74,9.49
design_4617,1.73,3.25,1.45,1.96,0.96,7.33,2.17,4.29,18.24,9.56,0.83,5.78,5.79
design_4618,1.66,3.12,1.36,1.99,0.99,3.25,1.47,2.4,19.01,9.88,0.83,13.12,11.01
design_4619,1.56,2.58,0.76,2.19,1.0,5.21,1.76,3.17,18.26,9.6,0.82,29.76,18.7
design_4620,1.51,2.7,0.92,1.7,1.11,5.09,1.66,3.09,19.35,10.01,0.83,19.04,14.57
design_4621,1.67,2.77,1.25,1.99,0.86,4.18,1.55,2.73,15.6,8.64,0.82,11.97,10.48
design_4622,1.48,2.63,0.8,1.78,1.15,5.04,1.69,3.06,18.1,9.59,0.82,21.39,13.98
design_4623,1.56,3.13,1.13,1.71,1.12,5.25,1.73,3.23,15.11,8.52,0.82,12.62,10.34
design_4624,1.7,2.39,2.19,3.12,1.06,2.22,1.57,2.22,16.26,8.41,0.84,27.21,19.49
design_4625,1.26,1.8,1.43,2.39,0.97,2.81,1.29,1.92,17.86,8.84,0.86,9.22,8.43
design_4626,1.35,2.13,4.07,2.71,1.04,2.48,1.67,2.7,15.11,8.0,0.84,12.59,9.27
design_4627,1.46,2.1,2.7,3.08,0.93,1.9,1.51,2.21,18.94,9.25,0.85,23.55,15.73
design_4628,1.25,1.95,1.49,2.57,0.99,2.33,1.29,1.86,14.68,7.84,0.84,5.79,4.24
design_4629,1.44,2.16,4.16,2.54,1.38,2.34,1.64,2.72,14.8,7.91,0.84,13.02,10.08
design_4630,1.64,2.23,1.76,2.69,1.07,2.3,1.46,2.02,15.28,8.07,0.84,13.19,9.81
design_4631,1.75,2.43,2.28,3.33,1.14,2.19,1.64,2.3,17.26,8.66,0.85,23.57,17.34
design_4632,1.63,2.51,1.22,1.81,1.0,3.39,1.42,2.18,17.01,8.86,0.84,25.56,18.72
design_4633,1.43,2.05,1.21,1.74,1.06,3.48,1.33,2.12,17.07,8.93,0.84,32.52,22.84
design_4634,1.67,2.46,1.66,1.81,1.1,3.12,1.39,2.15,17.94,9.19,0.84,34.4,24.4
design_4635,1.68,2.02,1.38,1.74,1.02,3.34,1.39,2.11,17.69,9.04,0.85,33.35,24.29
design_4636,1.72,2.61,1.29,1.83,0.97,3.61,1.47,2.29,17.31,8.97,0.84,32.32,24.07
design_4637,1.35,2.75,1.24,1.76,1.02,3.36,1.36,2.17,17.79,9.16,0.84,23.23,18.29
design_4638,1.46,2.17,1.44,1.67,0.84,3.02,1.27,1.98,17.82,9.09,0.83,30.45,22.94
design_4639,1.44,2.19,1.16,1.78,0.93,3.23,1.33,2.04,17.72,9.09,0.84,31.23,24.85
design_4640,0.9,2.38,1.47,1.67,0.98,8.51,2.27,4.76,17.69,9.37,0.83,28.25,22.96
design_4641,0.83,1.99,3.81,1.69,0.88,5.47,1.72,3.43,17.57,9.36,0.83,13.97,11.04
design_4642,0.83,2.13,3.32,1.65,0.85,6.95,1.97,4.08,17.22,9.21,0.83,9.77,8.61
design_4643,0.86,2.5,1.35,1.68,1.04,8.36,2.25,4.69,17.69,9.34,0.83,18.2,14.99
design_4644,0.84,2.05,3.38,1.53,0.92,6.32,1.83,3.77,17.07,9.22,0.82,8.0,6.4
design_4645,0.92,2.44,1.64,1.67,0.95,8.68,2.33,4.86,18.24,9.54,0.83,32.52,23.64
design_4646,0.85,2.28,1.54,1.75,0.95,8.69,2.32,4.85,16.84,9.03,0.83,6.46,7.38
design_4647,0.84,2.51,1.25,1.76,0.82,8.46,2.27,4.74,17.35,9.2,0.83,15.14,12.92
design_4648,1.4,2.09,3.75,2.39,1.35,2.65,1.59,2.65,16.48,8.69,0.84,18.46,11.41
design_4649,1.44,2.21,1.66,2.36,0.85,2.02,1.29,1.83,19.09,9.72,0.84,8.6,9.58
design_4650,1.18,2.03,4.1,2.28,1.33,3.27,1.64,2.89,16.24,8.56,0.84,19.7,13.32
design_4651,1.11,1.85,4.51,1.91,0.82,2.31,1.52,2.76,17.4,9.39,0.81,26.02,22.56
design_4652,1.53,2.29,1.32,2.37,0.89,2.25,1.32,1.85,20.63,10.19,0.84,37.79,22.63
design_4653,1.56,2.04,1.12,2.2,0.74,2.17,1.2,1.72,19.77,9.87,0.84,35.88,28.01
design_4654,1.16,1.81,4.67,1.7,0.78,3.73,1.62,3.13,18.2,9.74,0.82,19.85,15.79
design_4655,1.44,1.86,2.4,2.54,1.01,2.63,1.42,2.18,14.91,8.1,0.83,11.36,8.48
design_4656,0.95,1.96,2.43,1.92,1.12,2.5,1.29,1.96,17.24,9.08,0.83,24.21,17.89
design_4657,1.16,2.11,3.31,1.74,1.19,2.64,1.33,2.19,16.81,8.67,0.85,31.95,23.86
design_4658,1.27,2.51,1.88,2.02,1.41,6.01,1.74,3.35,16.82,8.82,0.84,33.86,26.12
design_4659,0.99,1.97,2.62,1.51,1.05,2.26,1.12,1.86,17.86,9.39,0.83,20.31,15.93
design_4660,1.18,2.39,1.52,2.36,1.39,7.76,2.04,4.11,17.43,8.5,0.86,30.51,24.22
design_4661,1.02,2.2,1.74,1.68,1.04,1.88,1.12,1.66,17.0,9.04,0.83,25.3,19.59
design_4662,0.85,1.8,2.72,1.7,1.07,1.24,1.17,1.63,16.14,8.59,0.83,23.24,17.49
design_4663,1.33,2.12,3.29,1.86,1.21,1.67,1.32,1.98,13.61,7.11,0.86,21.26,16.13
design_4664,1.16,2.45,4.0,1.92,1.16,4.02,1.6,2.9,17.41,9.38,0.82,27.14,23.13
design_4665,1.1,2.63,2.1,1.58,1.37,5.32,1.66,3.26,17.96,9.59,0.82,25.2,19.28
design_4666,1.16,2.73,1.65,2.16,1.24,6.74,1.98,3.99,17.24,9.26,0.82,30.46,24.08
design_4667,1.18,2.57,2.99,1.74,1.29,5.08,1.68,3.24,17.3,9.14,0.84,20.13,17.34
design_4668,1.26,2.66,1.12,2.26,1.53,6.92,2.01,4.08,16.48,8.99,0.82,26.65,20.05
design_4669,1.19,2.93,2.27,1.76,1.38,5.1,1.69,3.23,18.24,9.51,0.84,31.52,22.77
design_4670,1.19,3.03,2.21,1.92,1.53,5.12,1.72,3.27,16.35,8.91,0.82,23.05,18.55
design_4671,1.18,2.64,1.29,1.71,1.52,6.72,1.95,3.94,16.03,8.88,0.82,28.73,22.05
design_4672,1.01,2.52,3.12,1.8,0.91,2.61,1.4,2.32,19.54,10.07,0.83,21.51,17.35
design_4673,0.99,2.0,1.2,1.92,1.12,4.5,1.45,2.62,6.85,5.65,0.82,6.65,3.74
design_4674,1.38,2.48,2.07,2.11,1.14,4.74,1.71,2.92,12.99,7.5,0.83,28.77,20.9
design_4675,1.23,2.48,1.96,2.13,1.33,4.05,1.59,2.63,11.91,7.17,0.82,27.57,20.29
design_4676,0.92,1.85,2.12,2.0,1.04,3.39,1.35,2.28,9.94,6.56,0.82,18.01,13.05
design_4677,0.99,2.25,1.7,1.77,1.04,2.72,1.23,1.97,17.56,9.47,0.82,10.72,8.04
design_4678,1.36,2.39,1.47,1.93,1.02,2.47,1.31,1.91,17.25,9.23,0.82,23.9,17.36
design_4679,1.3,2.35,1.72,1.94,1.12,2.89,1.35,2.1,17.13,9.25,0.82,18.64,11.89
design_4680,1.29,2.39,2.39,1.85,1.34,1.14,1.35,1.85,12.72,7.43,0.83,12.42,6.82
design_4681,1.15,2.06,1.8,1.82,1.08,1.64,1.25,1.65,16.74,8.86,0.84,31.74,22.35
design_4682,0.94,1.8,5.49,1.62,1.22,1.12,1.69,3.06,16.09,8.23,0.85,22.75,18.89
design_4683,1.3,2.54,1.84,1.82,1.06,1.25,1.31,1.69,11.07,6.71,0.83,7.09,4.81
design_4684,1.28,2.3,3.46,1.88,0.96,1.45,1.48,2.26,16.35,8.66,0.83,31.28,21.48
design_4685,1.11,1.71,1.73,1.63,1.54,3.03,1.25,1.97,5.23,4.86,0.84,7.45,4.23
design_4686,1.06,2.08,2.83,1.71,0.98,1.31,1.26,1.92,17.51,9.08,0.84,32.7,22.98
design_4687,1.1,1.98,2.75,1.85,1.26,1.16,1.32,1.9,17.01,8.74,0.84,12.27,9.17
design_4688,1.35,2.78,3.03,1.92,1.03,2.96,1.47,2.45,16.26,8.94,0.82,23.14,16.57
design_4689,1.32,2.61,2.56,1.94,1.17,2.54,1.41,2.19,17.8,9.31,0.84,30.7,23.06
design_4690,1.18,2.62,2.48,1.97,0.95,2.61,1.41,2.17,17.61,9.24,0.84,17.16,14.35
design_4691,1.6,2.5,2.24,2.25,1.01,2.82,1.48,2.25,17.72,9.28,0.84,19.95,12.78
design_4692,1.28,2.38,2.49,1.88,1.06,2.96,1.44,2.26,15.37,8.55,0.83,8.68,6.61
design_4693,1.51,2.72,2.5,2.04,1.03,2.56,1.46,2.22,17.83,9.34,0.83,16.72,13.99
design_4694,1.35,2.69,2.49,2.1,1.05,2.8,1.47,2.28,16.69,9.0,0.82,12.43,8.7
design_4695,1.14,2.82,2.59,2.0,1.12,2.57,1.47,2.23,17.89,9.36,0.84,18.33,14.91
design_4696,1.3,1.72,1.84,1.71,1.05,1.21,1.19,1.54,17.58,8.69,0.86,12.54,10.59
design_4697,1.11,2.06,2.36,1.96,1.03,1.34,1.27,1.79,17.09,8.41,0.86,18.54,15.02
design_4698,1.39,2.48,2.03,2.06,1.23,1.29,1.36,1.83,17.53,8.56,0.87,17.53,14.65
design_4699,1.35,1.99,2.01,2.08,1.23,1.64,1.32,1.77,17.43,8.4,0.87,19.54,14.31
design_4700,1.42,1.93,1.52,1.91,1.14,1.39,1.22,1.58,16.25,8.14,0.87,13.97,10.26
design_4701,1.39,2.26,2.08,2.1,1.29,1.43,1.35,1.83,16.96,8.39,0.86,10.6,10.83
design_4702,1.75,1.89,2.72,1.91,1.67,1.65,1.48,2.05,12.35,6.74,0.85,9.41,7.81
design_4703,1.28,1.99,1.04,1.67,0.87,1.0,1.1,1.35,18.63,9.03,0.86,23.53,16.82
design_4704,1.2,1.96,1.7,1.47,0.96,5.18,1.5,2.82,16.74,8.94,0.83,10.11,8.51
design_4705,1.14,1.79,1.92,1.71,1.33,6.79,1.8,3.56,13.1,6.93,0.86,5.94,4.7
design_4706,1.08,1.69,1.64,1.55,1.17,2.47,1.14,1.74,16.25,8.75,0.84,11.91,9.86
design_4707,1.17,1.81,1.38,1.79,1.1,2.56,1.23,1.79,17.58,9.23,0.84,23.49,19.09
design_4708,1.14,1.77,1.22,1.52,1.06,6.34,1.67,3.28,17.1,8.99,0.84,11.6,9.3
design_4709,1.07,1.8,1.28,2.25,1.12,6.82,1.82,3.57,16.21,8.05,0.87,7.53,6.92
design_4710,1.14,2.13,1.73,2.3,1.28,6.01,1.66,3.29,14.9,8.13,0.83,13.57,10.48
design_4711,1.09,1.87,1.29,1.65,1.18,6.75,1.76,3.49,15.62,7.91,0.86,8.18,7.12
design_4712,1.03,2.25,4.06,1.79,1.07,1.67,1.39,2.59,17.12,8.38,0.87,28.37,19.47
design_4713,0.94,2.3,4.41,1.96,1.01,1.02,1.51,2.73,17.04,8.48,0.86,26.05,17.08
design_4714,0.96,2.35,3.63,2.33,1.1,1.41,1.37,2.46,17.6,8.62,0.86,14.03,14.67
design_4715,0.97,2.38,3.57,1.93,0.96,1.41,1.34,2.37,17.06,8.25,0.87,6.61,8.85
design_4716,0.95,2.23,4.46,1.66,1.12,1.58,1.43,2.76,18.4,8.79,0.87,14.79,14.81
design_4717,0.8,2.32,4.42,2.18,1.03,1.42,1.46,2.78,17.84,8.72,0.86,5.55,6.56
design_4718,0.94,1.72,4.35,1.65,0.88,1.71,1.36,2.65,14.52,7.43,0.86,16.65,12.24
design_4719,0.95,2.13,4.07,1.8,0.79,1.24,1.38,2.53,17.23,8.58,0.86,20.2,15.39
design_4720,1.7,2.19,3.35,1.77,0.92,1.54,1.41,2.24,18.8,9.21,0.85,26.43,18.82
design_4721,1.5,1.43,0.91,1.67,1.13,1.7,1.19,1.38,18.72,9.2,0.85,6.47,5.54
design_4722,1.66,2.31,1.81,1.78,1.09,1.94,1.36,1.8,18.8,9.01,0.86,34.55,18.97
design_4723,1.61,1.61,2.84,1.98,1.04,1.76,1.4,2.04,15.43,8.21,0.84,12.16,11.55
design_4724,1.67,1.79,1.61,2.22,1.32,1.84,1.41,1.75,19.89,9.65,0.86,33.42,23.06
design_4725,1.38,1.39,0.79,1.58,1.03,2.05,1.13,1.38,17.42,8.79,0.84,9.92,7.85
design_4726,1.81,1.71,2.01,2.28,1.34,2.29,1.45,1.96,17.9,8.83,0.86,29.42,20.41
design_4727,1.49,1.58,1.07,1.94,1.17,2.75,1.24,1.71,18.47,8.98,0.86,18.47,13.22
design_4728,1.33,1.79,0.85,1.83,1.09,1.3,1.06,1.39,15.08,7.82,0.86,29.57,22.88
design_4729,1.16,1.17,1.66,1.51,0.82,0.98,0.95,1.29,17.87,8.7,0.86,24.82,18.98
design_4730,2.0,1.79,1.39,2.4,1.25,1.61,1.3,1.78,8.73,5.45,0.85,7.91,6.91
design_4731,1.32,1.34,1.89,1.82,0.93,1.12,1.06,1.49,16.04,8.11,0.85,30.2,23.26
design_4732,1.48,2.12,1.26,1.86,0.99,1.41,1.07,1.55,15.83,8.13,0.86,10.14,8.32
design_4733,1.76,1.82,1.17,2.37,1.09,1.39,1.23,1.65,14.33,7.38,0.86,29.83,22.09
design_4734,1.67,1.54,1.95,2.06,1.02,1.3,1.19,1.67,15.08,7.78,0.85,31.87,23.54
design_4735,1.2,1.4,2.18,1.71,0.76,1.12,1.09,1.53,18.1,8.93,0.85,21.71,12.78
design_4736,0.79,1.27,2.73,1.62,1.44,8.63,2.32,4.85,18.36,9.75,0.82,30.84,24.99
design_4737,1.19,1.33,2.44,2.19,1.32,5.9,1.73,3.51,8.71,6.57,0.81,10.75,9.45
design_4738,0.93,1.71,1.29,1.61,1.46,9.79,2.54,5.4,17.57,9.31,0.83,26.88,23.2
design_4739,0.79,1.04,2.69,1.53,1.39,7.77,2.13,4.39,18.75,9.87,0.83,7.31,7.5
design_4740,0.69,1.03,2.14,2.26,1.37,8.45,2.26,4.74,17.98,9.56,0.83,32.8,27.35
design_4741,0.72,1.34,2.83,1.66,1.58,8.36,2.28,4.73,18.13,9.63,0.82,31.34,23.52
design_4742,0.94,2.0,2.66,1.65,1.51,8.78,2.37,4.96,17.67,9.53,0.81,24.96,23.09
design_4743,0.77,1.14,2.78,1.64,1.35,7.76,2.14,4.4,18.16,9.72,0.82,29.1,25.94
design_4744,1.38,2.54,3.69,2.23,1.27,1.75,1.49,2.47,17.92,9.05,0.85,24.8,17.74
design_4745,1.58,2.32,5.68,2.21,1.25,1.84,1.81,3.28,18.88,9.37,0.85,30.17,21.17
design_4746,1.4,2.15,3.88,1.88,1.1,1.61,1.43,2.42,16.86,8.61,0.84,14.07,9.12
design_4747,1.46,2.63,7.22,2.16,1.38,2.28,2.05,4.02,18.75,9.64,0.84,9.96,8.63
design_4748,1.41,2.33,3.78,2.1,1.12,1.97,1.45,2.47,18.01,9.13,0.85,12.0,9.51
design_4749,1.39,2.29,3.67,2.14,1.24,2.14,1.45,2.46,17.35,8.79,0.85,12.03,9.83
design_4750,1.64,2.61,7.81,2.56,1.28,1.96,2.22,4.3,17.82,9.28,0.83,17.0,11.5
design_4751,1.35,2.25,9.86,2.23,1.08,3.14,2.53,5.27,16.39,8.29,0.85,11.13,12.52
design_4752,1.69,2.01,1.98,1.85,1.12,2.29,1.21,1.89,16.69,8.73,0.85,32.68,25.35
design_4753,1.31,2.25,1.63,1.78,1.31,5.73,1.59,3.04,17.42,8.93,0.85,11.04,11.46
design_4754,1.46,1.77,2.78,1.83,1.16,1.7,1.19,1.86,17.78,8.94,0.85,24.2,19.45
design_4755,1.18,1.73,0.93,1.94,0.98,2.41,1.1,1.68,19.07,9.5,0.84,14.74,10.52
design_4756,1.53,2.08,3.41,1.92,1.19,5.57,1.64,3.23,17.0,8.62,0.85,28.49,22.13
design_4757,1.3,1.94,2.91,1.9,1.24,5.71,1.63,3.17,18.17,9.19,0.85,30.11,25.01
design_4758,1.26,2.05,1.87,1.78,1.24,2.8,1.2,1.97,18.55,9.53,0.85,33.65,26.26
design_4759,1.04,1.44,3.1,1.82,1.25,5.18,1.51,2.93,14.49,8.08,0.83,24.52,19.35
design_4760,1.46,1.42,1.27,2.16,1.08,5.26,1.68,3.01,18.39,9.58,0.83,10.12,6.76
design_4761,1.55,1.47,1.22,2.56,1.11,4.17,1.61,2.57,16.24,8.78,0.82,35.87,26.04
design_4762,1.51,1.25,2.21,2.08,0.91,4.43,1.55,2.73,19.53,9.97,0.83,10.89,8.85
design_4763,1.27,0.74,1.21,2.05,0.86,4.6,1.51,2.63,13.37,7.81,0.82,7.04,4.3
design_4764,1.47,1.39,2.31,2.33,0.95,4.51,1.67,2.81,19.14,9.76,0.84,32.19,22.38
design_4765,1.28,1.08,2.32,2.34,0.89,5.1,1.68,3.04,17.76,9.39,0.82,12.57,7.37
design_4766,1.45,1.26,1.08,2.52,0.96,5.07,1.71,2.93,18.19,9.47,0.83,27.58,21.55
design_4767,1.6,1.48,1.3,2.48,0.95,4.69,1.65,2.79,18.33,9.67,0.82,22.89,15.95
design_4768,1.36,2.81,2.29,2.24,1.42,5.98,1.81,3.52,17.72,9.37,0.83,13.43,11.24
design_4769,1.54,2.89,1.99,2.38,1.45,8.54,2.28,4.69,17.58,8.77,0.86,28.52,24.12
design_4770,1.44,2.77,1.88,2.14,1.25,8.62,2.29,4.68,16.91,8.52,0.86,29.91,27.23
design_4771,1.61,3.13,1.96,2.41,1.43,8.55,2.3,4.72,17.22,8.38,0.87,18.23,17.16
design_4772,1.46,3.09,2.01,2.25,1.69,8.53,2.32,4.7,15.78,7.68,0.88,34.92,29.26
design_4773,1.47,3.02,2.0,2.24,1.28,8.53,2.3,4.67,16.63,8.01,0.88,24.62,21.34
design_4774,1.44,2.87,2.07,1.91,1.31,7.93,2.15,4.36,17.71,9.17,0.84,23.23,19.05
design_4775,1.54,3.05,1.95,2.43,1.45,8.5,2.3,4.68,16.34,7.98,0.87,7.24,9.05
design_4776,0.92,1.92,2.23,1.69,0.98,7.47,1.97,4.03,17.18,8.97,0.84,29.85,22.09
design_4777,0.98,1.91,2.18,1.61,0.78,7.65,2.01,4.1,17.54,9.06,0.85,25.24,19.11
design_4778,0.95,1.79,2.56,1.56,0.86,7.3,1.93,3.96,16.77,8.83,0.84,32.09,23.96
design_4779,0.84,1.9,1.53,1.51,0.83,6.38,1.72,3.44,17.33,9.25,0.82,29.67,22.65
design_4780,1.1,1.71,2.73,2.21,0.77,2.82,1.24,2.13,17.44,9.34,0.82,30.22,23.41
design_4781,1.23,1.52,2.8,1.69,0.86,2.36,1.22,1.91,15.53,8.47,0.83,30.0,23.41
design_4782,1.24,2.22,2.24,1.72,1.62,3.53,1.35,2.38,7.39,5.85,0.82,30.0,23.06
design_4783,0.9,1.85,1.76,2.2,0.84,7.55,1.99,4.06,17.17,9.0,0.84,31.29,23.64
design_4784,1.35,2.62,2.27,2.1,1.04,2.65,1.43,2.17,17.89,9.25,0.83,18.77,13.62
design_4785,1.46,2.72,2.92,2.2,1.13,2.93,1.59,2.47,18.48,9.58,0.83,22.42,15.43
design_4786,1.13,2.4,2.36,1.93,0.97,2.56,1.39,2.09,18.28,9.46,0.83,12.36,10.07
design_4787,1.22,2.38,1.95,1.99,0.99,2.52,1.36,1.99,16.12,8.55,0.83,3.72,3.86
design_4788,1.34,2.5,2.96,2.26,0.91,2.36,1.48,2.29,19.64,9.87,0.84,33.55,22.07
design_4789,1.4,2.69,2.92,2.4,1.0,2.84,1.58,2.45,17.77,9.23,0.83,21.18,14.24
design_4790,1.11,2.58,2.19,2.24,0.99,2.47,1.42,2.09,16.83,8.61,0.85,26.78,18.2
design_4791,1.26,2.41,2.31,2.06,1.17,2.61,1.4,2.13,19.04,9.49,0.84,18.12,14.15
design_4792,1.27,1.83,3.08,1.79,0.96,1.89,1.23,1.87,16.48,8.41,0.86,30.44,23.91
design_4793,1.52,1.95,3.2,1.94,0.94,1.8,1.32,1.94,15.89,8.1,0.86,30.2,23.99
design_4794,1.53,2.1,3.47,1.85,0.87,1.81,1.26,2.01,16.94,8.76,0.85,27.17,21.52
design_4795,1.04,2.38,3.16,1.79,1.57,1.85,1.25,2.0,15.51,7.96,0.86,30.76,24.66
design_4796,1.56,2.44,3.4,1.87,1.32,2.01,1.32,2.13,17.13,8.73,0.85,29.23,23.7
design_4797,1.26,2.5,3.08,1.7,1.41,1.43,1.21,1.91,15.67,8.02,0.87,12.89,9.49
design_4798,1.19,1.93,3.13,1.86,1.25,1.86,1.24,1.91,15.98,8.15,0.86,30.75,24.48
design_4799,1.06,2.37,3.02,1.81,1.18,1.78,1.24,1.92,15.87,8.25,0.85,30.0,23.88
design_4800,1.52,2.28,4.03,2.51,1.09,4.0,1.75,3.07,19.7,9.94,0.84,27.98,17.92
design_4801,1.22,2.45,1.41,2.27,1.14,3.15,1.41,2.15,15.43,8.54,0.82,5.14,3.98
design_4802,1.39,2.32,2.15,2.48,1.01,3.73,1.53,2.5,18.07,9.44,0.83,7.91,6.74
design_4803,1.58,2.21,1.28,2.08,1.05,4.18,1.49,2.48,8.47,6.03,0.83,6.11,4.51
design_4804,1.48,2.59,1.69,2.63,1.1,3.04,1.5,2.25,18.51,9.49,0.84,15.08,12.07
design_4805,1.4,2.52,2.02,2.47,1.28,2.78,1.42,2.21,18.14,9.41,0.84,18.02,13.31
design_4806,1.47,2.41,1.51,2.58,1.25,2.78,1.41,2.12,19.09,9.63,0.84,16.16,9.55
design_4807,1.42,2.24,1.79,2.33,1.02,3.15,1.43,2.2,17.0,8.97,0.83,10.37,8.11
design_4808,0.95,1.61,3.84,1.72,0.83,1.35,1.12,1.89,15.78,7.69,0.88,15.01,10.86
design_4809,1.17,1.77,3.11,1.75,0.84,0.78,1.16,1.69,16.76,8.36,0.87,16.4,8.55
design_4810,0.89,1.54,3.95,1.65,0.73,1.06,1.13,1.85,13.53,6.96,0.87,15.27,10.99
design_4811,1.08,1.74,3.84,2.19,0.9,1.38,1.17,2.01,17.43,8.61,0.87,17.24,14.67
design_4812,1.8,2.34,2.16,2.05,1.14,1.35,1.27,1.85,18.61,9.27,0.86,33.31,26.57
design_4813,1.21,1.87,3.05,2.0,1.22,0.89,1.2,1.8,16.78,8.53,0.86,22.07,16.18
design_4814,1.1,1.86,3.75,2.23,0.94,1.08,1.21,1.99,16.76,8.35,0.87,16.27,11.76
design_4815,0.91,1.58,3.9,1.66,0.97,1.31,1.11,1.89,17.03,8.22,0.88,11.79,10.19
design_4816,1.54,2.05,2.08,2.09,0.78,2.15,1.33,1.89,19.49,9.99,0.84,21.24,16.35
design_4817,1.28,1.93,2.33,1.77,0.8,6.02,1.74,3.36,18.15,9.53,0.83,10.37,7.78
design_4818,1.21,1.86,2.29,1.72,0.87,5.2,1.56,2.98,17.82,9.36,0.83,9.85,10.34
design_4819,1.29,1.9,2.35,1.82,0.67,6.75,1.88,3.69,18.69,9.48,0.85,13.97,13.71
design_4820,1.39,2.03,2.42,2.28,0.96,6.57,1.86,3.68,17.56,9.07,0.84,16.3,15.08
design_4821,1.53,1.94,2.51,2.03,0.94,2.3,1.34,2.0,16.21,8.82,0.82,13.06,11.59
design_4822,1.22,1.8,2.23,2.22,0.6,5.95,1.72,3.34,18.69,9.62,0.84,21.7,16.91
design_4823,1.17,1.71,2.33,1.8,0.82,6.16,1.73,3.4,18.16,9.4,0.83,9.34,10.07
design_4824,1.43,2.75,2.81,2.18,1.65,4.6,1.79,3.07,17.98,9.48,0.82,24.35,18.47
design_4825,1.2,2.39,3.26,1.8,1.34,3.26,1.53,2.58,18.66,9.57,0.83,22.74,14.08
design_4826,1.31,2.29,2.65,1.92,1.21,2.49,1.34,2.17,17.55,9.34,0.82,30.71,25.5
design_4827,1.54,2.85,2.44,2.36,1.31,5.28,1.9,3.3,16.05,8.83,0.82,29.83,21.66
design_4828,1.22,2.71,5.9,2.06,1.2,9.42,2.85,5.71,18.38,9.9,0.81,27.85,20.3
design_4829,1.23,2.7,7.12,2.28,1.26,9.82,3.05,6.18,18.61,9.96,0.81,29.72,23.28
design_4830,1.57,2.73,2.43,2.3,1.29,4.62,1.74,3.01,18.87,9.8,0.83,19.21,15.09
design_4831,1.49,2.77,3.13,2.26,1.25,4.49,1.8,3.09,17.83,9.39,0.83,32.29,25.89
design_4832,1.23,1.77,3.27,1.79,0.95,2.12,1.33,2.03,16.95,9.0,0.82,26.12,20.09
design_4833,0.94,1.45,3.51,1.62,1.16,2.21,1.27,2.05,17.12,9.02,0.83,15.0,11.55
design_4834,1.16,1.62,3.5,1.78,0.93,2.32,1.36,2.12,17.89,9.25,0.85,14.13,11.5
design_4835,0.98,1.43,1.99,1.77,0.83,2.29,1.2,1.72,16.89,9.0,0.83,11.01,8.73
design_4836,1.17,1.93,2.94,1.67,0.81,7.54,2.04,4.1,16.63,8.47,0.85,21.29,15.7
design_4837,1.0,1.7,3.36,1.65,1.1,7.46,2.04,4.11,16.56,8.47,0.85,8.25,8.24
design_4838,1.41,1.76,1.74,1.73,1.04,2.13,1.23,1.72,18.44,9.53,0.83,25.35,19.03
design_4839,1.26,1.6,3.15,1.73,0.65,4.51,1.54,2.79,16.5,8.81,0.82,12.88,11.16
design_4840,1.58,2.51,1.05,2.34,1.1,3.16,1.54,2.27,17.42,9.1,0.84,31.72,25.31
design_4841,1.68,2.72,0.9,2.66,1.3,2.8,1.59,2.25,16.87,8.91,0.83,31.42,24.83
design_4842,1.64,2.62,0.89,2.34,1.14,2.54,1.48,2.07,15.65,8.53,0.83,29.31,24.12
design_4843,1.76,2.75,0.86,2.62,1.15,3.44,1.66,2.47,17.56,9.15,0.83,29.85,22.91
design_4844,1.79,2.88,0.99,2.53,1.21,2.58,1.58,2.19,16.66,8.84,0.83,29.27,23.16
design_4845,1.77,2.39,0.84,2.59,1.12,4.29,1.66,2.76,17.06,9.13,0.83,29.91,22.42
design_4846,1.7,2.68,0.92,2.55,1.22,2.99,1.6,2.29,16.48,8.67,0.84,28.8,23.1
design_4847,1.63,2.83,0.77,2.62,1.15,3.32,1.64,2.42,16.32,8.76,0.83,14.42,11.58
design_4848,1.18,1.75,4.75,2.16,1.13,0.98,1.57,2.89,17.15,8.37,0.87,31.31,21.89
design_4849,0.75,1.36,2.41,1.74,1.45,0.7,1.08,1.7,17.54,8.26,0.88,25.33,19.76
design_4850,1.58,1.52,2.52,2.11,1.06,1.17,1.24,1.9,19.55,9.18,0.88,33.68,24.74
design_4851,0.95,1.39,2.55,1.97,1.02,0.92,1.1,1.79,19.36,9.13,0.88,27.65,24.02
design_4852,1.04,1.44,2.06,1.83,1.0,0.97,1.02,1.58,16.08,8.06,0.86,34.61,22.72
design_4853,0.76,1.34,2.64,1.72,1.05,0.85,1.07,1.76,17.54,8.27,0.88,30.49,22.99
design_4854,1.0,1.43,3.4,2.05,1.33,0.91,1.32,2.2,17.64,8.68,0.86,18.42,15.18
design_4855,1.19,1.77,5.56,2.03,1.47,0.93,1.68,3.29,15.91,8.06,0.85,32.51,23.23
design_4856,1.23,2.34,3.33,2.41,1.18,0.95,1.24,2.04,16.11,7.9,0.88,33.51,25.59
design_4857,1.72,2.81,1.8,2.7,1.26,0.98,1.35,2.02,14.76,7.85,0.85,9.3,7.1
design_4858,1.91,2.95,2.16,2.89,1.41,1.45,1.46,2.23,14.5,7.54,0.86,20.67,16.67
design_4859,1.55,2.69,1.98,2.82,1.4,1.19,1.37,2.05,14.17,7.58,0.85,6.63,5.23
design_4860,1.83,2.98,1.89,2.71,1.15,1.39,1.42,2.12,17.48,8.66,0.87,39.82,28.46
design_4861,1.4,2.73,1.95,2.8,1.07,1.22,1.31,2.0,16.11,8.34,0.86,30.68,25.53
design_4862,1.42,2.77,1.53,2.53,1.07,1.04,1.29,1.87,16.61,8.5,0.86,35.66,28.72
design_4863,1.67,2.94,1.9,2.65,1.0,1.42,1.37,2.06,17.69,8.82,0.86,31.65,25.6
design_4864,1.46,2.47,3.04,1.83,1.23,1.94,1.37,2.06,17.15,8.46,0.86,35.2,21.16
design_4865,1.63,2.7,1.9,2.03,1.22,2.08,1.38,1.98,17.48,9.01,0.85,31.42,24.97
design_4866,1.28,2.38,2.54,1.74,0.88,1.89,1.22,1.86,17.28,9.01,0.84,27.62,21.77
design_4867,1.29,2.59,1.82,1.88,1.25,2.34,1.31,1.95,17.52,8.73,0.86,34.32,26.6
design_4868,1.58,2.73,1.71,2.21,1.35,4.97,1.58,2.91,17.43,8.95,0.84,28.63,22.98
design_4869,1.41,2.37,1.99,1.74,0.9,1.23,1.2,1.65,13.74,7.6,0.84,9.85,6.37
design_4870,1.59,2.55,1.67,1.93,1.28,2.56,1.35,2.02,17.11,8.96,0.83,32.1,23.4
design_4871,1.54,2.64,1.92,1.77,1.34,5.24,1.6,2.96,17.76,9.04,0.85,30.45,23.91
design_4872,1.01,3.21,2.56,2.33,0.87,7.9,2.14,4.45,16.7,8.92,0.83,18.5,14.77
design_4873,0.98,3.27,1.43,2.41,0.94,8.44,2.24,4.66,16.78,8.86,0.84,18.85,15.89
design_4874,0.95,3.04,2.77,2.08,0.71,7.89,2.11,4.41,17.72,9.3,0.84,31.44,24.34
design_4875,0.91,3.13,1.83,2.01,0.75,6.82,1.88,3.86,18.37,9.65,0.84,35.14,26.4
design_4876,1.11,2.69,2.07,2.17,0.89,7.79,2.08,4.3,17.45,9.21,0.84,28.28,22.49
design_4877,0.99,3.48,2.04,2.23,0.98,7.96,2.16,4.47,17.99,9.35,0.84,31.51,24.28
design_4878,0.97,2.83,3.0,2.32,0.94,2.83,1.36,2.34,14.35,8.06,0.83,20.01,17.97
design_4879,1.07,2.74,2.42,2.17,1.04,6.47,1.86,3.73,17.67,9.34,0.84,31.68,24.39
design_4880,1.51,1.19,1.75,2.12,1.1,4.4,1.52,2.61,16.81,9.07,0.82,25.27,18.17
design_4881,1.55,1.92,1.35,2.42,0.97,3.52,1.5,2.28,18.01,9.33,0.83,30.13,22.47
design_4882,1.41,1.53,2.27,1.89,1.1,4.91,1.63,2.91,17.02,9.11,0.82,30.16,22.08
design_4883,1.47,1.7,1.96,2.01,1.34,4.07,1.53,2.54,18.86,9.77,0.82,21.38,15.96
design_4884,1.32,1.65,1.52,1.9,1.17,4.24,1.49,2.5,15.69,8.7,0.82,29.92,22.47
design_4885,1.51,2.1,1.55,2.4,1.15,3.65,1.57,2.38,16.46,8.89,0.82,29.68,21.74
design_4886,1.55,1.88,0.99,2.5,1.31,3.25,1.46,2.16,6.74,5.37,0.84,37.43,23.08
design_4887,1.36,1.46,2.25,2.24,1.49,4.45,1.59,2.77,17.26,9.28,0.83,31.88,23.53
design_4888,1.91,1.71,1.45,2.8,1.38,2.13,1.46,1.97,18.46,9.36,0.84,7.16,5.49
design_4889,1.95,1.82,1.18,2.71,1.29,2.19,1.48,1.95,18.82,9.41,0.85,20.01,11.12
design_4890,2.01,1.91,2.46,2.72,1.69,2.32,1.59,2.24,16.51,8.68,0.84,20.98,16.66
design_4891,1.91,1.85,1.29,3.04,1.32,2.37,1.54,2.08,18.37,9.17,0.85,24.6,19.72
design_4892,1.84,1.71,1.28,2.12,1.42,2.3,1.37,1.85,17.41,9.05,0.84,30.21,23.46
design_4893,1.91,1.63,1.18,2.58,1.27,2.22,1.43,1.89,18.51,9.28,0.85,37.14,25.39
design_4894,1.22,1.69,4.0,2.3,0.92,5.55,1.78,3.39,18.2,9.36,0.84,28.91,21.9
design_4895,1.7,1.48,1.2,2.31,1.21,2.52,1.34,1.87,19.19,9.59,0.85,21.7,16.61
design_4896,1.75,2.62,3.08,2.19,1.14,3.26,1.41,2.5,18.29,9.44,0.85,22.96,18.7
design_4897,1.69,2.63,3.43,2.58,1.0,1.24,1.39,2.2,17.6,9.19,0.84,10.15,6.54
design_4898,2.18,2.87,2.66,2.67,1.62,1.4,1.5,2.25,16.19,8.26,0.86,30.83,23.21
design_4899,2.15,3.12,2.49,2.65,1.19,1.31,1.44,2.22,17.48,9.13,0.84,9.98,8.8
design_4900,1.91,2.41,3.04,2.85,0.94,1.68,1.39,2.23,16.53,8.78,0.83,31.83,19.91
design_4901,2.51,3.02,2.84,3.17,1.46,1.4,1.66,2.46,16.57,8.11,0.88,20.55,15.62
design_4902,1.67,2.49,1.35,2.55,0.86,1.87,1.29,1.91,17.53,8.93,0.85,18.75,11.26
design_4903,2.48,3.4,2.5,2.9,1.54,1.53,1.61,2.44,17.5,9.02,0.85,15.52,12.21
design_4904,1.02,2.0,1.72,2.19,1.08,2.74,1.35,2.02,18.28,9.46,0.83,18.65,15.05
design_4905,1.1,1.92,1.74,2.27,1.17,3.06,1.42,2.16,17.74,9.29,0.83,15.75,15.14
design_4906,1.13,1.84,1.82,2.14,1.09,3.15,1.4,2.18,17.87,9.31,0.84,27.13,20.14
design_4907,1.35,1.91,1.81,2.25,1.18,3.28,1.46,2.27,18.71,9.68,0.83,38.82,26.44
design_4908,1.27,2.15,1.72,2.34,1.14,3.02,1.43,2.19,18.36,9.55,0.83,26.22,19.11
design_4909,1.02,1.91,1.35,2.38,1.18,4.02,1.47,2.52,7.54,5.84,0.82,28.05,21.66
design_4910,1.16,2.52,1.9,2.25,1.04,1.99,1.33,1.9,17.89,9.19,0.84,14.55,12.41
design_4911,1.31,1.96,1.29,2.28,1.14,3.47,1.48,2.29,18.41,9.59,0.83,12.68,10.83
design_4912,1.28,1.6,2.91,2.24,1.37,1.53,1.23,2.06,13.91,6.99,0.88,8.0,6.54
design_4913,1.36,1.32,5.06,1.77,2.1,1.02,1.5,2.92,9.55,5.55,0.86,30.85,22.42
design_4914,1.33,2.13,4.5,2.51,0.89,1.03,1.61,2.75,17.89,8.89,0.85,24.88,17.55
design_4915,1.78,2.15,6.76,2.6,1.46,1.5,2.11,3.85,17.59,8.63,0.86,9.43,6.01
design_4916,1.31,1.59,2.75,1.84,1.05,1.54,1.18,1.91,14.14,7.07,0.88,8.27,6.28
design_4917,1.29,1.3,4.91,1.72,1.26,0.79,1.43,2.76,11.42,6.14,0.87,31.2,22.53
design_4918,1.36,1.71,2.82,2.12,0.8,1.79,1.2,2.01,14.53,7.2,0.88,29.24,22.55
design_4919,1.26,2.13,4.0,2.45,0.84,1.01,1.52,2.52,17.22,8.22,0.87,13.32,10.36
design_4920,1.41,2.24,0.85,1.88,0.78,7.13,1.95,3.91,18.57,9.5,0.84,20.07,15.64
design_4921,1.39,1.66,1.55,1.81,1.44,3.25,1.31,2.16,18.66,9.59,0.84,20.02,14.14
design_4922,1.35,1.69,1.72,1.72,0.92,4.29,1.39,2.57,18.23,9.61,0.83,9.83,9.27
design_4923,1.22,2.16,2.24,1.87,0.95,2.77,1.31,2.08,18.13,9.45,0.83,13.03,9.8
design_4924,1.47,1.55,1.76,1.74,1.0,4.43,1.44,2.64,18.73,9.82,0.83,17.49,11.17
design_4925,1.2,2.01,1.74,1.8,0.78,4.18,1.4,2.54,18.65,9.77,0.83,9.95,8.81
design_4926,1.3,1.74,1.91,1.77,0.84,4.7,1.49,2.78,19.04,9.9,0.83,23.69,19.61
design_4927,1.25,2.14,1.62,2.39,0.95,6.8,1.89,3.82,16.17,8.7,0.83,13.28,11.14
design_4928,0.96,1.32,0.99,1.74,1.45,7.0,1.84,3.72,15.39,8.31,0.84,29.08,22.31
design_4929,1.28,1.28,2.65,1.79,1.35,2.23,1.3,1.88,18.19,9.5,0.83,29.13,23.05
design_4930,1.27,1.07,2.8,1.84,1.44,2.65,1.34,2.04,15.03,8.15,0.84,8.76,5.97
design_4931,1.04,1.43,1.01,1.73,1.46,7.15,1.9,3.8,17.97,9.22,0.84,25.89,20.86
design_4932,1.1,1.23,1.92,1.68,1.51,2.89,1.29,1.96,9.5,6.4,0.82,30.4,23.8
design_4933,1.16,1.35,1.16,1.71,1.34,7.12,1.89,3.79,16.88,8.7,0.85,19.27,16.3
design_4934,1.42,1.35,1.96,1.79,1.38,2.08,1.26,1.74,17.14,9.1,0.84,30.16,23.18
design_4935,0.92,1.31,1.2,1.73,1.24,6.9,1.83,3.67,14.63,7.98,0.84,28.84,22.02
design_4936,1.36,2.3,1.04,2.34,1.04,2.68,1.43,1.97,20.25,9.86,0.84,26.64,20.01
design_4937,1.16,2.38,0.83,2.18,1.23,3.23,1.53,2.11,16.33,8.63,0.84,19.05,15.44
design_4938,1.34,2.54,0.87,2.36,1.09,3.1,1.54,2.13,18.67,9.45,0.84,37.49,22.74
design_4939,1.34,2.6,1.15,2.31,1.02,3.29,1.56,2.22,18.99,9.52,0.85,31.26,22.6
design_4940,1.15,2.38,1.06,2.08,0.91,3.24,1.46,2.09,17.97,9.14,0.85,29.83,22.5
design_4941,1.18,2.61,1.01,2.29,1.02,3.11,1.51,2.12,18.15,9.19,0.85,27.67,20.18
design_4942,1.23,2.48,0.77,1.99,1.09,3.0,1.47,2.01,18.93,9.54,0.85,13.28,11.38
design_4943,1.26,2.6,1.03,2.31,1.12,2.95,1.53,2.09,19.56,9.73,0.85,38.29,26.25
design_4944,1.49,2.19,1.81,2.26,0.96,3.84,1.49,2.37,18.59,9.23,0.86,32.7,23.49
design_4945,1.36,1.9,0.74,2.04,1.19,2.86,1.23,1.81,19.22,9.68,0.84,17.04,13.07
design_4946,1.42,2.02,1.82,2.31,0.82,5.04,1.6,2.78,17.77,8.86,0.86,25.96,22.41
design_4947,1.52,2.2,0.79,2.18,1.22,2.54,1.32,1.81,19.66,9.83,0.84,34.78,26.03
design_4948,1.63,2.04,2.02,2.18,1.17,3.63,1.45,2.35,18.69,9.28,0.85,18.27,14.28
design_4949,1.43,1.94,0.98,2.27,0.98,2.74,1.3,1.84,19.52,9.76,0.84,27.97,19.74
design_4950,1.32,2.26,1.76,2.27,0.87,2.44,1.34,1.93,19.06,9.42,0.85,13.76,14.5
design_4951,1.56,2.09,1.83,2.4,1.2,2.51,1.39,2.01,18.18,9.17,0.85,16.66,14.78
design_4952,1.67,1.48,1.54,2.14,0.98,2.24,1.26,1.76,19.24,9.62,0.85,19.92,12.82
design_4953,1.42,1.43,4.03,2.2,0.83,2.52,1.53,2.59,16.16,8.23,0.85,16.89,14.31
design_4954,1.51,1.5,1.74,2.02,1.2,2.07,1.24,1.75,18.83,9.47,0.84,5.84,5.84
design_4955,1.34,1.63,1.34,2.12,0.83,2.45,1.26,1.74,17.38,8.82,0.85,7.5,5.13
design_4956,1.41,1.78,1.38,2.29,1.39,2.37,1.3,1.83,18.5,9.13,0.85,15.46,11.09
design_4957,1.6,1.59,1.39,2.16,0.93,1.79,1.29,1.62,17.88,9.18,0.83,22.23,16.89
design_4958,1.58,1.73,1.44,2.27,0.91,2.1,1.34,1.74,18.25,9.16,0.84,18.74,14.19
design_4959,1.48,1.52,0.98,1.72,0.74,2.1,1.13,1.51,18.25,9.3,0.84,6.37,6.14
design_4960,1.74,3.74,1.17,2.28,1.38,5.15,1.65,3.02,17.27,8.62,0.86,37.83,27.88
design_4961,2.62,3.89,0.9,2.67,1.46,4.81,1.66,3.09,17.2,9.0,0.83,22.87,18.54
design_4962,1.91,3.81,1.2,2.29,1.45,3.72,1.52,2.63,18.09,9.22,0.84,33.48,28.88
design_4963,1.97,3.74,1.38,2.42,1.51,5.29,1.71,3.13,18.04,9.07,0.85,26.34,22.33
design_4964,1.37,3.39,1.36,2.3,1.13,5.34,1.62,3.0,17.13,8.52,0.86,34.55,25.67
design_4965,3.68,4.15,1.38,2.34,1.48,5.08,1.77,3.38,16.8,8.69,0.85,26.58,21.36
design_4966,1.84,3.78,1.36,2.47,1.51,5.1,1.7,3.07,17.12,8.4,0.87,19.51,15.59
design_4967,1.67,3.43,1.26,2.28,1.15,5.24,1.61,2.99,15.86,8.06,0.86,26.5,20.68
design_4968,1.06,1.49,3.17,1.96,0.93,2.35,1.37,2.2,16.17,8.45,0.84,24.44,14.41
design_4969,0.92,1.45,5.06,2.21,0.92,1.75,1.65,2.99,14.66,8.01,0.83,24.28,14.85
design_4970,1.25,1.75,1.72,2.08,0.86,1.48,1.23,1.6,18.14,8.96,0.84,37.96,18.94
design_4971,1.21,1.76,3.21,2.43,1.17,2.23,1.45,2.32,17.46,8.78,0.85,22.97,13.71
design_4972,1.38,1.88,3.78,2.1,1.22,2.55,1.55,2.58,16.14,8.1,0.86,27.85,19.6
design_4973,1.19,1.55,9.57,2.13,1.46,2.32,2.62,5.31,8.88,6.04,0.83,28.95,18.75
design_4974,1.32,1.43,2.76,2.29,0.91,2.05,1.31,2.06,14.23,7.83,0.83,27.61,16.83
design_4975,1.15,1.55,2.05,1.99,0.8,1.35,1.15,1.63,19.71,9.6,0.85,40.72,24.77
design_4976,1.45,1.86,2.24,2.02,1.14,3.97,1.5,2.53,19.42,9.91,0.83,27.49,18.61
design_4977,1.36,1.97,1.76,1.96,1.12,3.71,1.41,2.34,18.77,9.79,0.83,34.83,23.94
design_4978,1.61,1.86,2.99,2.15,1.27,4.42,1.67,2.91,19.94,10.09,0.83,33.53,23.48
design_4979,1.5,2.05,2.53,2.17,1.15,3.78,1.54,2.57,18.55,9.66,0.83,35.51,24.18
design_4980,1.94,1.49,1.69,2.07,1.12,3.85,1.49,2.41,18.34,9.68,0.83,29.36,21.45
design_4981,1.72,1.77,2.66,2.06,1.37,4.05,1.61,2.69,19.09,9.97,0.83,33.0,22.48
design_4982,1.52,2.15,2.7,1.99,1.15,4.22,1.58,2.76,19.2,9.91,0.83,30.38,22.21
design_4983,1.52,2.1,2.65,2.06,1.12,4.07,1.59,2.69,19.83,10.13,0.83,35.88,25.53
design_4984,1.61,2.69,1.74,2.33,1.19,2.79,1.47,2.18,18.64,9.56,0.83,34.39,24.71
design_4985,1.46,2.89,1.0,1.88,1.12,2.53,1.29,1.93,19.58,9.92,0.84,8.74,9.45
design_4986,1.53,2.42,1.55,1.95,1.01,2.12,1.29,1.83,19.88,10.04,0.82,16.94,13.04
design_4987,1.44,2.92,1.05,2.58,1.34,2.3,1.43,2.0,17.84,9.1,0.84,18.74,13.6
design_4988,1.8,2.78,1.61,2.24,1.5,2.35,1.49,2.08,18.9,9.6,0.84,13.59,11.18
design_4989,1.67,2.81,1.76,2.28,1.37,2.59,1.51,2.15,17.15,8.98,0.83,5.76,6.53
design_4990,1.15,2.43,1.41,1.69,0.81,4.34,1.42,2.52,17.78,9.29,0.83,20.36,14.83
design_4991,1.31,2.37,1.52,1.73,0.82,3.43,1.35,2.19,18.4,9.47,0.83,18.26,13.81
design_4992,0.87,1.89,4.52,1.79,1.21,1.97,1.25,2.21,16.62,8.43,0.86,23.35,19.33
design_4993,0.74,1.45,3.66,1.7,1.3,2.07,1.12,1.95,16.59,8.64,0.85,16.99,15.27
design_4994,0.96,1.82,4.52,1.78,1.22,1.99,1.26,2.21,15.87,8.15,0.86,20.11,17.72
design_4995,0.93,1.68,4.4,1.72,1.17,1.98,1.23,2.14,16.64,8.43,0.86,18.39,16.08
design_4996,0.65,1.79,4.39,1.62,1.03,2.07,1.18,2.13,16.36,8.21,0.86,31.46,25.28
design_4997,0.85,1.98,4.56,1.84,1.25,2.06,1.28,2.26,17.39,8.56,0.87,17.17,12.73
design_4998,0.71,1.45,4.05,1.63,1.27,2.13,1.14,2.04,15.96,8.41,0.85,17.87,15.48
design_4999,0.92,1.99,4.29,1.69,1.28,2.01,1.24,2.17,16.15,8.12,0.86,29.41,23.1
design_5000,1.35,2.18,1.12,2.13,0.75,2.41,1.26,1.79,18.15,9.56,0.82,27.0,20.12
design_5001,1.26,2.22,0.82,1.88,0.69,2.28,1.17,1.67,20.17,10.01,0.84,23.03,12.72
design_5002,1.02,2.33,0.51,1.6,0.61,4.36,1.36,2.41,18.67,9.56,0.84,14.81,14.69
design_5003,1.01,2.26,0.82,1.78,0.64,3.04,1.19,1.91,16.25,8.79,0.82,10.7,9.09
design_5004,0.89,2.02,0.81,1.64,0.76,3.33,1.16,1.97,20.54,10.22,0.84,19.03,17.74
design_5005,1.3,2.46,0.79,1.84,0.81,6.7,1.86,3.52,19.43,9.7,0.85,15.25,13.85
design_5006,1.26,1.98,1.6,1.58,1.02,4.11,1.36,2.42,15.61,8.58,0.82,10.25,6.16
design_5007,1.64,2.18,1.31,2.06,0.99,2.59,1.33,1.92,17.39,9.17,0.83,15.59,8.51
design_5008,1.15,2.53,2.85,2.68,0.87,2.2,1.34,2.16,16.89,8.79,0.84,19.84,16.35
design_5009,1.19,2.57,2.92,2.53,0.83,3.36,1.41,2.49,12.9,7.55,0.83,18.53,11.87
design_5010,1.13,2.52,2.85,2.89,1.02,2.1,1.36,2.19,17.02,8.84,0.85,31.63,26.27
design_5011,1.16,2.42,2.8,2.71,0.72,2.17,1.32,2.13,16.88,8.76,0.85,37.32,29.29
design_5012,1.16,2.63,2.82,2.83,0.76,2.04,1.34,2.16,17.11,8.8,0.86,33.16,27.37
design_5013,1.18,2.67,2.95,2.51,0.93,2.03,1.33,2.13,17.05,8.84,0.85,25.35,19.26
design_5014,1.19,2.24,2.79,2.68,0.69,4.27,1.49,2.77,16.82,8.92,0.83,26.92,20.52
design_5015,1.16,2.57,2.79,2.74,0.7,2.32,1.33,2.19,16.7,8.81,0.85,31.47,26.36
design_5016,1.11,2.38,0.52,1.93,0.8,2.55,1.22,1.77,18.77,9.65,0.83,11.8,9.32
design_5017,1.12,2.21,0.58,2.18,0.9,2.38,1.27,1.73,18.27,9.37,0.84,6.43,5.34
design_5018,1.12,2.11,0.53,1.98,1.04,3.87,1.39,2.29,19.16,9.82,0.83,11.71,9.12
design_5019,1.09,2.07,0.6,1.9,0.79,2.7,1.23,1.78,19.54,9.91,0.83,24.33,16.59
design_5020,1.11,2.34,0.64,2.18,0.95,3.06,1.32,2.01,14.58,8.18,0.82,11.59,9.13
design_5021,1.17,2.4,0.53,2.33,1.11,2.36,1.33,1.8,17.19,9.01,0.83,11.94,7.0
design_5022,1.09,2.05,0.58,2.15,1.17,2.64,1.27,1.82,15.31,8.31,0.83,21.82,16.15
design_5023,1.27,2.23,0.53,2.02,0.85,2.5,1.26,1.76,16.71,8.91,0.82,20.37,15.54
design_5024,1.43,2.58,4.62,2.32,1.22,2.1,1.67,2.91,18.16,9.16,0.83,28.63,17.81
design_5025,1.36,2.24,4.51,1.93,1.13,3.24,1.66,2.97,17.51,9.18,0.84,4.03,4.43
design_5026,1.62,2.67,4.07,2.31,1.52,2.3,1.64,2.76,15.77,7.84,0.87,23.67,17.65
design_5027,1.34,2.3,4.48,2.31,0.85,2.46,1.66,2.85,13.91,6.94,0.87,12.29,10.26
design_5028,1.23,2.77,4.87,2.3,1.39,2.17,1.7,3.03,17.35,8.61,0.87,23.3,16.56
design_5029,1.39,2.47,3.9,2.08,1.22,2.23,1.54,2.6,17.44,8.7,0.85,10.47,5.85
design_5030,1.15,2.69,3.92,2.01,1.33,2.15,1.54,2.6,17.38,8.89,0.84,9.07,7.37
design_5031,1.26,2.55,4.06,1.86,1.33,3.14,1.58,2.81,18.55,9.61,0.83,12.5,9.9
design_5032,1.3,2.27,1.47,3.43,1.27,1.77,1.46,2.1,16.63,8.71,0.84,32.3,26.59
design_5033,1.42,2.03,1.59,2.89,1.34,2.31,1.36,2.04,16.57,8.69,0.84,31.93,25.93
design_5034,1.68,2.44,1.77,2.99,1.35,2.23,1.43,2.17,18.04,9.07,0.86,35.47,27.02
design_5035,1.67,2.31,1.89,2.69,1.13,2.15,1.35,2.05,18.52,9.25,0.86,33.75,26.08
design_5036,1.44,2.56,1.23,2.78,1.49,2.01,1.41,2.03,14.07,7.78,0.84,15.93,10.32
design_5037,1.31,2.4,1.25,2.79,1.08,2.05,1.35,1.95,16.68,8.7,0.84,33.03,27.24
design_5038,1.6,2.18,2.0,2.76,1.27,2.18,1.34,2.07,14.78,7.91,0.84,20.89,16.95
design_5039,1.42,2.54,1.27,3.03,1.36,2.14,1.43,2.1,17.74,9.07,0.85,30.74,23.99
design_5040,1.24,1.84,2.03,2.54,0.87,1.25,1.22,1.73,13.29,7.28,0.84,28.04,23.21
design_5041,1.33,1.89,1.63,2.31,1.25,1.56,1.25,1.7,14.65,7.89,0.85,27.9,22.7
design_5042,1.25,1.94,1.2,2.39,1.16,2.17,1.22,1.77,14.04,7.69,0.85,31.53,24.15
design_5043,1.22,1.84,1.32,2.39,1.09,1.98,1.19,1.71,14.4,7.85,0.84,31.81,24.82
design_5044,1.21,1.85,1.38,2.56,1.01,2.27,1.29,1.82,15.91,8.31,0.85,30.07,23.23
design_5045,1.39,1.9,1.44,2.26,1.31,2.39,1.27,1.85,14.76,7.95,0.84,27.24,22.75
design_5046,1.36,1.94,1.52,2.16,1.08,2.19,1.23,1.77,16.27,8.51,0.85,23.2,19.13
design_5047,1.26,1.88,1.65,2.32,1.11,2.19,1.21,1.81,14.73,7.99,0.84,30.99,24.45
design_5048,1.23,2.43,0.94,2.62,1.1,1.09,1.24,1.7,17.26,8.38,0.87,28.64,20.75
design_5049,1.15,2.81,0.76,2.83,1.13,1.25,1.3,1.82,16.69,8.15,0.87,24.14,14.92
design_5050,1.12,2.22,2.71,1.94,1.28,1.03,1.14,1.91,11.91,6.71,0.85,6.92,5.01
design_5051,1.17,3.02,0.91,3.04,1.2,1.36,1.41,1.96,17.86,8.53,0.88,39.93,26.17
design_5052,1.2,2.27,2.87,1.84,1.33,1.09,1.14,1.97,14.15,7.28,0.87,18.31,16.97
design_5053,1.29,2.77,0.77,3.02,1.15,1.29,1.39,1.89,16.62,8.0,0.88,32.37,26.01
design_5054,1.41,2.66,2.22,2.39,1.18,1.02,1.26,1.96,15.27,7.75,0.86,21.7,16.23
design_5055,1.27,3.0,1.46,2.78,1.09,1.22,1.38,1.96,17.4,8.58,0.87,25.7,18.73
design_5056,1.18,1.25,2.09,1.71,0.93,4.17,1.47,2.53,15.31,8.51,0.83,27.01,21.01
design_5057,1.18,1.29,2.22,1.82,0.99,4.06,1.47,2.53,18.14,9.51,0.83,27.36,19.68
design_5058,1.24,1.22,1.81,1.85,0.96,4.02,1.43,2.44,17.71,9.42,0.82,22.62,17.11
design_5059,1.22,1.18,2.05,1.84,1.16,5.33,1.66,3.07,17.62,9.37,0.83,23.46,18.48
design_5060,1.32,1.56,1.76,1.86,1.05,3.78,1.44,2.37,20.2,10.28,0.83,37.35,27.56
design_5061,1.27,1.24,2.11,1.84,0.99,4.57,1.56,2.73,16.66,9.02,0.83,29.68,22.63
design_5062,1.11,1.14,1.71,1.64,1.05,4.25,1.43,2.5,17.9,9.43,0.82,29.09,22.66
design_5063,1.09,1.12,2.33,1.64,0.88,2.73,1.21,1.97,16.55,8.97,0.83,29.57,22.61
design_5064,1.22,1.46,2.78,3.15,0.93,1.18,1.3,2.07,17.46,8.61,0.86,35.72,28.98
design_5065,1.02,1.81,0.92,3.07,0.85,1.15,1.2,1.68,14.66,7.24,0.88,32.62,25.6
design_5066,1.75,1.97,1.13,2.91,1.37,1.54,1.4,1.87,14.52,7.32,0.87,28.63,19.61
design_5067,1.52,1.66,2.59,3.34,1.07,1.48,1.44,2.16,15.83,7.92,0.87,28.32,22.97
design_5068,1.23,1.85,1.53,3.07,0.79,1.47,1.28,1.83,15.85,7.74,0.88,31.77,23.55
design_5069,1.33,1.56,0.85,3.18,1.13,1.38,1.23,1.76,16.4,7.9,0.88,35.41,20.08
design_5070,1.2,1.62,0.96,3.17,0.89,1.29,1.23,1.73,15.96,7.81,0.88,32.51,23.97
design_5071,1.48,1.64,1.33,2.83,1.3,1.39,1.25,1.76,16.57,8.22,0.87,31.63,23.82
design_5072,1.08,2.76,1.6,1.89,1.23,1.52,1.33,1.73,19.09,9.52,0.85,19.57,16.42
design_5073,1.17,2.53,2.11,2.27,1.33,1.32,1.41,1.87,17.92,9.0,0.85,18.65,12.88
design_5074,1.0,2.42,2.14,1.51,1.08,3.75,1.37,2.25,17.56,8.88,0.86,8.24,6.5
design_5075,0.97,2.49,1.64,1.59,1.06,3.66,1.39,2.15,18.3,9.34,0.84,24.62,19.37
design_5076,1.0,2.6,1.51,1.81,1.28,1.24,1.28,1.62,19.7,9.69,0.85,30.79,23.38
design_5077,1.13,2.62,1.5,1.79,1.24,1.22,1.31,1.63,18.92,9.42,0.86,31.34,24.43
design_5078,1.13,2.49,1.67,2.07,1.26,1.6,1.4,1.75,19.03,9.34,0.86,34.01,23.48
design_5079,1.04,2.32,1.84,2.01,1.12,1.27,1.32,1.67,18.44,9.26,0.85,28.79,23.63
design_5080,0.94,1.82,2.05,1.74,0.79,3.26,1.34,2.18,18.95,9.87,0.83,12.32,10.49
design_5081,1.31,1.86,2.02,2.1,0.75,3.27,1.46,2.26,17.93,9.2,0.84,11.59,10.51
design_5082,0.98,2.08,2.38,1.54,0.85,7.45,2.07,4.21,16.65,9.02,0.82,24.32,18.84
design_5083,1.05,2.19,2.15,1.58,0.89,7.32,2.05,4.14,16.21,8.89,0.82,9.45,6.89
design_5084,1.0,2.11,1.96,1.87,0.83,6.63,1.9,3.79,16.91,9.22,0.82,12.8,9.71
design_5085,0.84,1.84,1.76,1.5,0.8,7.02,1.96,3.92,16.7,9.13,0.82,11.53,8.43
design_5086,0.91,1.83,2.11,1.64,1.1,5.72,1.73,3.33,18.01,9.6,0.82,9.59,8.03
design_5087,0.99,2.08,2.47,1.56,0.74,6.75,1.95,3.87,17.55,9.33,0.82,33.39,23.49
design_5088,1.44,2.17,4.52,1.83,0.67,2.78,1.59,2.89,19.25,9.97,0.83,30.41,25.15
design_5089,1.35,2.07,3.05,1.66,0.78,2.1,1.29,2.15,17.99,9.51,0.82,28.38,23.11
design_5090,1.42,2.19,3.58,1.94,0.67,2.25,1.4,2.42,19.46,10.07,0.82,32.21,21.16
design_5091,1.21,2.3,3.42,1.71,0.8,1.94,1.33,2.27,19.12,9.92,0.83,27.06,22.15
design_5092,1.4,2.37,3.1,1.81,0.6,2.18,1.35,2.23,18.07,9.53,0.83,21.13,17.29
design_5093,1.19,2.15,2.51,1.65,0.77,2.14,1.21,1.97,16.2,8.85,0.82,14.9,11.9
design_5094,1.29,2.15,3.41,1.56,0.63,1.98,1.31,2.25,18.8,9.74,0.83,30.32,25.9
design_5095,1.2,2.14,3.08,1.64,0.65,2.03,1.27,2.13,17.81,9.41,0.82,25.11,19.54
design_5096,1.0,2.05,2.24,1.95,1.35,1.2,1.13,1.69,17.57,8.91,0.86,30.58,24.0
design_5097,0.96,1.95,1.7,1.84,1.49,1.06,1.08,1.54,17.83,9.08,0.86,27.75,22.83
design_5098,0.94,1.86,0.93,2.38,1.1,1.49,1.16,1.56,17.43,8.74,0.85,32.22,23.84
design_5099,0.96,1.81,2.37,1.91,1.15,1.05,1.1,1.62,18.14,9.18,0.86,30.88,23.13
design_5100,1.12,1.97,2.08,1.98,1.44,1.23,1.14,1.68,17.45,8.84,0.86,30.52,24.45
design_5101,1.0,1.59,1.31,2.22,1.26,1.03,1.03,1.48,17.06,8.7,0.85,28.05,22.21
design_5102,0.99,1.95,1.73,1.94,1.35,1.2,1.1,1.57,17.78,8.92,0.86,29.97,23.61
design_5103,1.05,1.95,1.59,1.99,1.3,1.21,1.11,1.56,17.47,8.8,0.86,25.94,21.07
design_5104,1.18,1.91,2.36,2.31,1.08,1.05,1.2,1.75,18.31,8.92,0.86,22.93,18.83
design_5105,1.24,1.62,5.72,2.19,1.3,1.26,1.52,2.69,18.07,8.9,0.86,27.61,24.2
design_5106,0.79,1.06,5.2,2.15,0.92,0.84,1.29,2.38,16.7,8.5,0.86,21.02,19.19
design_5107,1.03,2.17,1.74,2.24,1.22,1.01,1.16,1.65,17.26,8.73,0.85,22.84,21.23
design_5108,1.33,2.34,5.11,2.48,1.16,1.11,1.51,2.62,17.81,8.83,0.86,32.47,18.96
design_5109,1.01,1.02,5.66,2.0,1.15,0.74,1.33,2.54,16.28,8.32,0.86,29.94,26.36
design_5110,1.13,1.51,4.84,2.32,1.07,0.93,1.36,2.37,18.48,9.14,0.86,34.65,22.3
design_5111,1.39,1.77,5.19,2.44,1.26,1.02,1.53,2.57,18.37,9.05,0.86,30.08,17.75
design_5112,1.49,2.54,1.62,1.86,1.21,2.03,1.22,1.83,15.94,8.36,0.84,10.97,8.67
design_5113,1.54,2.42,1.75,1.83,1.12,2.5,1.23,1.92,18.22,9.06,0.86,32.81,25.14
design_5114,1.5,2.41,1.94,1.87,1.16,2.28,1.29,1.91,16.03,8.4,0.84,30.23,23.55
design_5115,1.53,2.47,1.43,1.77,1.11,2.25,1.17,1.81,11.62,6.85,0.83,9.24,7.75
design_5116,0.88,1.77,2.24,1.8,1.29,2.08,1.19,1.75,16.21,8.33,0.85,21.97,15.23
design_5117,1.64,2.08,3.04,1.73,1.26,2.46,1.27,2.13,17.3,8.78,0.86,12.11,10.93
design_5118,1.46,2.18,2.04,2.42,1.12,2.37,1.23,2.0,16.8,8.57,0.85,33.53,25.97
design_5119,1.53,2.08,1.41,1.72,1.12,1.92,1.07,1.66,15.84,8.35,0.84,6.98,4.49
design_5120,1.79,1.57,2.88,2.34,0.92,1.96,1.43,2.14,18.22,9.12,0.85,33.49,23.9
design_5121,1.52,1.31,2.22,2.19,0.78,1.35,1.17,1.73,17.75,9.0,0.83,30.27,18.22
design_5122,1.5,1.47,2.58,2.23,0.83,1.49,1.28,1.9,16.11,8.53,0.83,23.48,18.18
design_5123,1.82,1.52,2.79,2.21,0.85,1.78,1.36,2.06,17.02,8.78,0.84,24.27,18.43
design_5124,1.5,1.3,3.48,1.94,0.74,2.07,1.32,2.26,16.65,8.53,0.85,25.77,19.61
design_5125,1.67,1.52,2.25,2.42,0.79,1.57,1.28,1.86,17.27,8.97,0.83,25.61,19.72
design_5126,1.55,1.45,1.52,2.34,0.79,1.95,1.2,1.68,18.97,9.45,0.83,41.19,29.06
design_5127,1.55,1.31,2.8,1.87,0.78,3.29,1.32,2.27,13.63,7.69,0.83,12.72,9.1
design_5128,1.33,3.73,1.23,2.3,1.14,1.86,1.3,2.05,18.66,9.34,0.85,31.8,28.9
design_5129,1.52,3.86,0.8,2.92,1.09,1.85,1.43,2.18,18.74,9.58,0.84,34.74,22.64
design_5130,1.48,3.61,0.8,2.57,1.31,1.97,1.37,2.08,17.94,8.97,0.86,30.35,25.08
design_5131,1.62,3.1,5.84,2.39,1.0,2.11,1.74,3.26,18.15,9.47,0.83,33.95,25.77
design_5132,1.66,3.39,0.66,2.64,1.17,1.99,1.35,2.05,18.53,9.48,0.84,29.91,21.58
design_5133,1.43,3.34,1.12,2.27,0.96,2.08,1.29,1.98,16.56,8.62,0.84,24.66,18.51
design_5134,1.47,3.46,1.02,2.54,1.46,1.95,1.38,2.07,18.55,9.61,0.84,29.3,20.44
design_5135,1.34,3.33,0.85,2.52,1.44,1.98,1.32,2.01,17.64,9.14,0.83,30.7,26.67
design_5136,2.0,2.67,4.33,2.75,1.59,6.02,2.32,4.04,15.51,8.7,0.81,30.08,22.6
design_5137,1.44,2.32,2.22,2.42,1.14,4.37,1.7,2.82,16.73,9.08,0.82,31.22,23.79
design_5138,1.63,2.32,1.96,2.35,1.04,4.26,1.68,2.74,16.45,8.99,0.82,31.49,23.43
design_5139,1.12,2.21,7.8,1.93,0.87,9.73,3.06,6.27,18.06,9.65,0.82,28.23,21.59
design_5140,1.31,2.49,2.26,2.38,1.19,4.43,1.7,2.86,17.76,9.42,0.82,30.21,22.86
design_5141,1.49,2.44,2.06,2.08,1.05,3.91,1.56,2.58,18.5,9.79,0.82,35.75,27.07
design_5142,1.29,2.19,2.26,2.49,0.94,4.5,1.71,2.86,18.03,9.23,0.84,26.16,21.54
design_5143,1.35,2.4,2.0,2.37,1.04,4.6,1.72,2.87,17.62,9.31,0.83,34.57,25.15
design_5144,1.11,2.79,2.39,2.4,1.1,1.23,1.3,2.04,17.0,8.19,0.88,29.68,16.47
design_5145,1.06,2.77,2.34,2.26,1.11,1.22,1.29,1.99,16.07,7.9,0.86,22.26,15.14
design_5146,1.1,2.68,2.06,2.27,1.36,1.08,1.23,1.9,17.59,8.41,0.87,33.95,26.97
design_5147,1.07,2.43,3.24,1.9,1.08,1.28,1.25,2.21,17.09,8.32,0.87,33.19,22.94
design_5148,0.93,2.59,3.81,2.32,0.98,1.23,1.43,2.51,17.64,8.58,0.87,15.96,13.45
design_5149,1.01,2.38,4.15,1.96,1.02,1.26,1.46,2.59,12.86,6.82,0.85,27.27,19.1
design_5150,0.92,2.36,2.01,2.03,0.97,1.08,1.1,1.73,13.98,7.21,0.86,20.42,15.12
design_5151,1.04,2.49,3.54,2.35,2.44,1.42,1.39,2.55,16.31,7.79,0.88,17.64,11.87
design_5152,1.46,3.41,1.59,2.75,1.41,2.42,1.46,2.31,17.44,9.09,0.85,35.79,28.25
design_5153,1.6,2.7,2.1,2.69,1.23,2.82,1.45,2.33,16.39,8.63,0.84,32.62,25.94
design_5154,1.31,2.53,1.56,2.32,1.02,2.99,1.33,2.17,16.25,8.67,0.83,28.93,23.36
design_5155,1.8,3.07,1.01,2.61,1.35,6.79,1.94,3.8,16.18,8.93,0.82,34.07,26.42
design_5156,1.59,2.73,1.75,2.54,1.3,2.73,1.4,2.24,14.71,8.0,0.84,33.84,28.35
design_5157,1.3,2.81,4.4,2.66,1.01,2.99,1.54,2.76,16.71,9.1,0.82,31.57,25.21
design_5158,1.33,2.89,1.31,2.55,1.14,5.02,1.65,3.0,17.82,9.34,0.84,33.77,26.35
design_5159,1.27,2.85,1.31,2.84,1.54,6.73,1.94,3.76,11.07,6.45,0.84,32.6,26.49
design_5160,1.4,2.1,0.7,1.61,0.8,3.35,1.3,2.1,15.47,8.51,0.82,33.28,23.41
design_5161,1.49,1.19,0.72,1.68,0.89,3.34,1.27,2.03,18.51,9.68,0.83,29.94,22.35
design_5162,1.71,1.9,1.92,1.83,0.96,3.38,1.4,2.3,19.4,10.03,0.83,31.04,23.22
design_5163,1.06,2.13,1.1,1.94,0.9,3.71,1.39,2.31,16.1,8.8,0.82,24.7,20.75
design_5164,1.5,1.59,0.73,1.79,0.83,3.67,1.3,2.22,17.27,9.16,0.84,34.23,25.92
design_5165,1.6,1.22,2.39,1.68,0.93,4.5,1.51,2.77,13.59,7.93,0.82,21.03,14.72
design_5166,1.46,1.78,1.03,2.06,0.89,3.6,1.4,2.27,17.15,9.1,0.82,16.98,12.44
design_5167,1.57,1.41,1.42,1.7,0.8,3.34,1.32,2.12,17.88,9.56,0.82,31.5,22.07
design_5168,1.29,2.59,3.09,3.09,1.09,1.31,1.43,2.39,15.42,7.71,0.86,27.28,15.12
design_5169,0.89,2.06,2.29,2.95,0.88,1.31,1.28,1.97,17.29,8.21,0.88,31.3,18.22
design_5170,0.82,2.13,2.67,2.45,1.08,0.98,1.18,1.98,16.97,8.22,0.88,29.73,23.16
design_5171,1.02,2.12,2.44,3.04,0.97,1.11,1.27,2.05,18.14,8.63,0.88,33.29,25.85
design_5172,0.9,2.37,2.45,2.86,1.28,1.22,1.3,2.07,17.37,8.37,0.87,36.12,24.81
design_5173,1.08,2.1,2.82,2.97,0.96,1.11,1.34,2.16,17.28,8.2,0.88,32.81,18.22
design_5174,0.96,2.31,2.73,2.96,1.16,1.3,1.34,2.17,17.0,8.26,0.87,20.64,19.21
design_5175,0.96,2.46,3.01,2.7,1.21,1.06,1.32,2.22,16.76,8.27,0.86,12.28,8.97
design_5176,1.01,1.55,1.64,1.65,0.84,1.95,1.07,1.51,17.55,8.84,0.86,8.79,6.21
design_5177,0.96,2.09,2.09,1.62,0.78,2.08,1.11,1.73,16.7,8.53,0.85,7.95,5.26
design_5178,1.12,2.18,1.92,1.65,1.02,2.13,1.16,1.75,16.46,8.44,0.86,10.82,5.53
design_5179,1.17,1.45,1.41,1.26,0.78,2.05,1.03,1.42,18.74,8.98,0.86,24.64,13.47
design_5180,0.88,1.48,2.29,1.64,1.21,1.9,1.14,1.7,17.21,8.73,0.85,8.29,7.47
design_5181,0.68,1.39,1.13,1.45,0.78,2.65,1.02,1.49,16.34,8.08,0.87,9.72,6.61
design_5182,0.87,1.55,1.88,1.69,1.13,2.12,1.14,1.63,17.98,8.99,0.85,13.69,10.41
design_5183,0.91,1.44,1.13,1.43,0.82,2.7,0.99,1.53,16.67,8.12,0.88,18.89,12.08
design_5184,1.33,1.87,2.72,1.9,1.12,2.76,1.43,2.21,17.62,9.04,0.84,13.02,10.43
design_5185,1.09,1.58,2.21,1.63,1.23,2.48,1.24,1.9,16.94,8.78,0.84,8.74,6.22
design_5186,1.12,1.64,3.08,1.83,1.61,2.58,1.42,2.27,19.11,9.34,0.86,36.7,26.49
design_5187,1.4,2.09,1.68,2.08,1.38,2.69,1.37,1.99,17.64,9.16,0.83,9.03,5.24
design_5188,1.56,1.88,2.32,2.14,1.53,2.34,1.49,2.07,17.57,9.08,0.84,28.89,18.9
design_5189,1.29,1.97,2.8,2.12,1.44,2.74,1.53,2.28,17.22,9.01,0.84,15.06,8.4
design_5190,1.21,2.02,1.25,1.95,1.08,4.26,1.47,2.42,18.59,9.57,0.83,13.49,10.25
design_5191,1.59,1.89,2.06,2.18,1.39,2.61,1.47,2.07,18.88,9.53,0.84,31.12,21.92
design_5192,1.52,2.67,3.2,1.99,1.18,2.31,1.52,2.38,18.14,9.27,0.84,23.38,13.29
design_5193,1.42,2.65,6.73,1.61,1.83,1.85,1.98,3.8,17.53,9.0,0.85,32.08,22.76
design_5194,1.44,2.78,4.19,1.9,1.19,2.41,1.62,2.77,18.07,9.3,0.85,16.49,10.12
design_5195,1.41,2.67,3.94,1.86,1.3,2.18,1.57,2.62,17.43,9.09,0.84,18.98,13.6
design_5196,1.49,2.72,2.91,1.94,1.23,2.41,1.49,2.3,18.37,9.39,0.84,24.41,17.57
design_5197,1.67,2.65,2.79,2.31,1.42,2.51,1.56,2.36,16.27,8.6,0.84,26.1,16.94
design_5198,1.36,2.46,3.21,1.66,1.11,2.65,1.39,2.36,18.29,9.35,0.85,6.86,5.95
design_5199,1.49,2.69,3.34,2.23,1.31,2.4,1.56,2.48,19.58,9.67,0.85,30.78,22.27
design_5200,0.89,1.42,0.98,2.16,0.85,1.65,0.98,1.44,16.46,8.58,0.85,16.91,15.64
design_5201,0.9,1.65,1.51,2.2,0.88,1.97,1.06,1.62,17.3,8.92,0.85,32.32,26.01
design_5202,1.08,1.47,1.33,1.85,0.85,1.17,1.06,1.34,16.69,8.5,0.85,20.98,18.98
design_5203,0.98,1.3,1.05,1.68,0.8,1.73,1.0,1.33,16.65,8.5,0.85,33.55,27.21
design_5204,0.95,1.3,1.2,1.73,0.85,1.36,0.99,1.28,17.62,8.83,0.85,33.91,26.95
design_5205,1.02,1.46,0.94,1.86,1.01,1.89,1.07,1.45,17.17,8.63,0.86,24.5,18.41
design_5206,0.95,1.51,0.66,2.22,0.9,2.15,1.08,1.57,17.51,8.94,0.85,29.09,25.56
design_5207,0.95,1.41,1.63,1.7,1.06,1.44,1.02,1.39,17.24,8.88,0.84,33.61,28.96
design_5208,1.2,3.24,2.06,1.93,1.46,1.17,1.24,1.96,12.22,7.02,0.84,34.49,25.61
design_5209,1.25,2.71,2.44,2.19,1.27,0.96,1.29,1.93,17.38,8.88,0.84,21.2,16.36
design_5210,1.23,2.73,2.93,2.35,1.15,1.09,1.35,2.08,16.87,8.69,0.84,16.84,12.45
design_5211,1.16,2.8,1.72,2.01,1.5,0.92,1.2,1.78,14.1,7.5,0.85,32.74,24.94
design_5212,1.28,2.67,2.01,2.0,1.17,1.08,1.17,1.8,17.4,8.78,0.86,33.71,26.34
design_5213,0.67,2.67,1.64,1.84,1.4,1.15,1.09,1.67,8.89,5.66,0.85,32.73,24.94
design_5214,0.87,2.23,1.96,2.24,1.48,1.13,1.13,1.74,17.23,8.65,0.86,10.09,8.56
design_5215,1.35,2.84,3.06,2.46,1.59,1.1,1.35,2.21,15.4,8.17,0.85,30.44,21.74
design_5216,0.91,1.38,0.89,1.49,1.3,7.41,1.99,4.05,18.17,9.42,0.84,25.87,21.02
design_5217,0.98,1.34,1.07,1.5,1.14,7.61,2.03,4.15,17.07,9.03,0.84,24.78,19.67
design_5218,0.63,0.94,3.38,1.32,0.88,6.21,1.75,3.56,18.07,9.51,0.81,26.84,16.55
design_5219,0.99,1.44,1.03,2.0,1.22,7.26,1.97,4.02,17.6,9.31,0.83,25.28,19.18
design_5220,1.0,1.42,1.16,1.61,1.12,7.36,1.98,4.04,17.57,9.19,0.84,16.03,13.43
design_5221,0.98,1.42,1.07,2.23,1.17,7.5,2.03,4.15,17.65,9.18,0.84,23.77,19.57
design_5222,0.82,1.09,0.76,1.95,1.01,7.53,2.0,4.12,17.97,9.35,0.84,20.56,13.86
design_5223,0.91,0.97,3.19,1.39,1.02,6.2,1.76,3.56,18.14,9.53,0.83,21.5,13.61
design_5224,1.01,1.37,3.16,1.88,1.58,2.41,1.34,2.19,16.44,8.39,0.85,10.42,9.51
design_5225,1.18,1.11,0.54,1.8,0.92,2.05,1.02,1.38,7.38,5.58,0.84,8.02,5.9
design_5226,1.22,1.77,2.33,1.86,0.95,1.65,1.23,1.76,17.28,9.03,0.84,19.67,12.89
design_5227,1.02,1.62,3.39,1.83,1.09,2.16,1.31,2.2,13.2,7.49,0.83,30.22,22.31
design_5228,0.97,1.48,2.0,1.76,1.11,2.23,1.15,1.74,16.06,8.59,0.83,20.91,15.55
design_5229,1.03,1.7,2.17,1.95,1.51,4.4,1.48,2.57,13.81,7.56,0.84,14.07,10.53
design_5230,0.91,1.59,2.87,1.99,1.33,2.36,1.3,2.09,15.5,8.25,0.84,17.02,14.72
design_5231,1.08,1.42,1.91,1.71,0.92,2.0,1.06,1.64,14.12,7.93,0.82,17.24,12.64
design_5232,1.05,1.8,3.82,1.92,0.67,2.09,1.41,2.45,10.27,6.55,0.83,24.52,16.29
design_5233,0.93,1.6,3.58,2.03,0.8,2.14,1.39,2.34,18.16,9.3,0.83,30.36,22.96
design_5234,0.91,1.58,5.89,1.78,1.28,1.65,1.72,3.37,11.37,6.95,0.82,18.36,11.58
design_5235,1.0,1.6,4.31,1.93,0.69,1.82,1.45,2.62,18.33,9.37,0.83,19.36,13.07
design_5236,0.94,1.4,4.17,1.77,0.68,1.66,1.39,2.5,20.57,9.95,0.85,37.04,25.41
design_5237,0.87,1.67,6.21,1.91,0.89,2.23,1.84,3.58,19.1,9.41,0.85,31.12,24.07
design_5238,0.84,1.74,5.02,1.73,1.12,2.16,1.57,2.99,16.93,8.67,0.84,26.93,19.87
design_5239,0.97,1.82,3.85,1.97,0.88,2.31,1.42,2.5,17.44,8.97,0.83,20.68,9.91
design_5240,1.71,1.95,2.82,1.82,1.28,3.48,1.46,2.44,16.64,8.82,0.85,29.7,24.14
design_5241,1.57,1.81,2.97,1.79,1.4,2.67,1.34,2.15,18.95,9.7,0.85,18.48,13.25
design_5242,1.36,1.77,3.03,1.82,1.42,3.24,1.39,2.33,16.36,8.75,0.83,23.6,18.56
design_5243,1.54,1.8,2.98,1.76,1.48,2.95,1.37,2.24,17.94,9.32,0.84,26.63,20.79
design_5244,1.72,1.96,2.92,1.91,1.35,2.59,1.39,2.16,18.87,9.6,0.84,15.08,7.54
design_5245,1.85,2.08,2.87,1.93,1.38,2.32,1.38,2.12,18.66,9.54,0.85,19.98,14.53
design_5246,1.77,1.99,3.15,1.92,1.46,2.46,1.42,2.19,18.01,9.36,0.84,19.6,12.74
design_5247,1.5,1.82,2.94,1.82,1.37,3.02,1.39,2.25,17.98,9.25,0.85,11.55,8.75
design_5248,1.28,2.25,1.32,3.18,0.89,1.2,1.28,1.88,16.46,7.96,0.88,30.56,24.22
design_5249,1.46,2.15,1.33,3.45,0.83,1.43,1.39,1.99,17.75,8.47,0.88,33.66,21.32
design_5250,1.34,2.57,1.3,3.07,0.92,1.49,1.35,1.95,17.02,8.08,0.89,30.71,18.59
design_5251,1.11,2.21,1.13,3.19,1.03,1.23,1.28,1.85,17.1,8.15,0.88,33.79,24.54
design_5252,1.66,2.13,1.38,3.31,1.01,1.59,1.41,2.01,16.34,7.87,0.88,37.48,26.61
design_5253,1.34,2.37,1.11,3.33,1.03,1.28,1.37,1.95,16.53,8.02,0.87,15.75,8.66
design_5254,1.2,2.29,1.16,3.1,0.73,1.29,1.28,1.83,15.97,7.72,0.88,36.72,26.02
design_5255,1.35,2.43,1.55,3.32,0.84,1.37,1.38,2.01,16.41,7.97,0.88,21.66,14.61
design_5256,0.9,1.51,0.89,1.55,0.69,5.48,1.56,3.11,16.21,8.85,0.82,12.27,10.79
design_5257,1.15,1.65,1.03,2.04,0.72,7.01,1.93,3.95,17.63,9.37,0.83,10.03,10.67
design_5258,0.96,1.29,1.23,1.64,0.72,6.13,1.72,3.45,18.82,9.8,0.83,12.65,9.75
design_5259,0.97,1.42,1.23,1.66,0.77,5.64,1.62,3.21,17.77,9.46,0.82,14.98,11.82
design_5260,0.96,1.34,1.29,1.69,0.76,6.34,1.77,3.57,17.72,9.35,0.83,13.74,11.99
design_5261,0.94,1.38,0.9,1.72,0.74,6.38,1.78,3.58,18.08,9.55,0.83,6.72,5.93
design_5262,1.04,1.31,0.87,1.64,0.76,5.98,1.69,3.37,17.72,9.45,0.83,8.14,6.4
design_5263,0.99,1.37,0.95,1.57,0.69,5.47,1.57,3.1,16.84,9.12,0.82,9.22,8.81
design_5264,0.97,1.71,1.61,1.36,0.82,1.7,1.01,1.42,16.18,8.2,0.84,25.61,18.33
design_5265,1.21,2.17,3.42,1.72,1.02,2.82,1.33,2.32,17.62,9.11,0.84,30.35,23.7
design_5266,1.08,2.13,2.34,1.8,0.85,2.19,1.28,1.86,17.6,8.65,0.85,31.5,20.41
design_5267,1.22,1.96,1.58,1.62,0.93,2.43,1.07,1.7,15.26,8.22,0.83,30.12,23.21
design_5268,1.35,1.84,1.08,1.66,0.89,2.83,1.11,1.72,15.11,7.99,0.84,30.16,22.32
design_5269,1.25,1.76,1.05,1.64,0.86,2.8,1.08,1.67,15.6,8.19,0.84,30.48,23.46
design_5270,0.87,1.53,0.99,1.65,0.88,2.41,1.05,1.49,15.89,8.22,0.85,30.37,23.49
design_5271,1.16,1.69,1.03,1.64,1.0,2.19,1.06,1.5,15.75,8.07,0.85,29.76,22.75
design_5272,1.22,1.55,1.24,2.08,0.86,5.28,1.65,3.01,18.54,9.65,0.83,19.64,13.91
design_5273,1.39,1.61,1.15,1.97,0.79,4.74,1.5,2.75,16.46,9.04,0.82,5.44,5.45
design_5274,1.63,1.23,1.44,2.24,0.83,4.0,1.47,2.47,15.76,8.63,0.82,17.31,11.27
design_5275,1.3,1.98,1.21,2.05,0.88,4.56,1.58,2.71,18.25,9.52,0.83,11.36,8.58
design_5276,1.4,1.95,1.37,2.09,0.74,4.4,1.52,2.66,15.68,8.69,0.81,13.14,10.31
design_5277,1.33,1.58,1.29,2.04,0.89,4.49,1.5,2.66,18.27,9.53,0.83,9.76,7.41
design_5278,1.46,2.04,1.25,1.92,0.87,4.72,1.58,2.79,16.8,9.09,0.82,6.18,5.72
design_5279,1.25,1.08,1.05,1.98,0.79,4.62,1.48,2.65,18.76,9.84,0.83,18.97,13.55
design_5280,1.43,3.15,2.06,2.76,1.32,1.86,1.45,2.18,18.07,8.57,0.88,10.02,8.97
design_5281,1.35,3.38,2.11,2.79,1.37,2.06,1.52,2.27,15.23,7.62,0.86,10.52,7.14
design_5282,1.27,3.36,2.49,2.44,1.58,2.01,1.49,2.31,12.12,6.77,0.85,12.03,7.77
design_5283,1.3,2.99,1.69,2.47,1.47,1.55,1.38,1.97,17.73,8.49,0.87,35.5,24.63
design_5284,1.43,3.41,1.97,3.02,2.0,2.22,1.63,2.38,5.39,4.23,0.86,8.7,6.39
design_5285,1.4,3.57,2.15,3.01,1.72,2.14,1.61,2.4,16.22,7.99,0.87,22.63,14.15
design_5286,1.36,2.99,1.86,2.71,1.19,1.57,1.35,2.04,16.67,8.27,0.86,18.25,10.12
design_5287,1.45,3.26,1.89,2.9,1.19,2.03,1.49,2.2,13.33,6.93,0.86,8.42,5.67
design_5288,1.24,2.47,1.5,2.28,1.46,2.06,1.27,1.9,18.1,9.09,0.86,33.63,23.26
design_5289,1.27,1.89,1.62,1.84,1.19,2.32,1.16,1.75,18.49,9.09,0.86,36.59,23.14
design_5290,1.24,2.65,1.56,2.34,1.42,2.21,1.25,1.98,17.39,8.93,0.85,24.98,20.92
design_5291,1.23,1.92,1.57,1.86,1.25,2.21,1.21,1.72,17.89,8.88,0.86,30.09,22.04
design_5292,1.19,2.56,1.59,2.11,1.37,2.34,1.26,1.94,17.04,8.78,0.85,32.1,25.61
design_5293,1.18,2.43,1.43,1.96,1.36,2.07,1.17,1.8,17.62,8.94,0.86,26.99,23.08
design_5294,1.03,2.45,1.54,2.39,1.51,2.45,1.26,1.99,17.46,8.88,0.86,27.03,23.23
design_5295,1.25,2.39,1.57,2.13,1.53,2.2,1.25,1.9,17.81,9.01,0.86,20.37,17.25
design_5296,1.85,1.93,1.11,2.0,0.92,2.13,1.27,1.68,18.11,8.93,0.86,21.39,16.59
design_5297,1.54,1.61,3.19,1.93,0.96,1.7,1.32,2.11,16.52,8.58,0.85,21.87,11.88
design_5298,1.5,1.64,3.5,1.64,1.35,2.11,1.32,2.28,14.11,7.69,0.84,16.74,16.04
design_5299,1.65,1.75,1.46,1.91,1.02,1.97,1.19,1.65,19.11,9.4,0.85,12.45,9.58
design_5300,1.83,2.03,1.08,2.36,1.17,2.06,1.3,1.77,18.2,8.92,0.87,10.86,8.93
design_5301,1.68,1.48,2.7,2.01,0.9,1.56,1.29,1.93,17.36,8.82,0.85,9.83,7.46
design_5302,1.67,1.76,3.32,1.81,0.9,1.54,1.38,2.15,18.51,9.06,0.85,17.88,9.12
design_5303,1.38,1.35,3.31,1.72,0.98,1.78,1.26,2.09,16.73,8.67,0.84,14.3,13.57
design_5304,1.01,1.81,1.25,1.96,1.3,2.5,1.2,1.73,17.53,8.79,0.86,29.47,20.82
design_5305,0.93,1.58,1.2,1.56,1.02,2.98,1.09,1.75,16.87,8.49,0.86,29.69,23.31
design_5306,1.14,1.4,1.34,2.06,1.1,2.97,1.16,1.85,18.78,9.15,0.86,32.29,23.98
design_5307,0.91,1.74,1.25,1.52,1.07,2.63,1.09,1.66,17.66,8.76,0.86,14.59,10.67
design_5308,0.78,1.55,1.23,1.57,0.84,4.01,1.21,2.09,14.32,7.62,0.85,28.91,22.25
design_5309,1.17,2.09,1.41,1.72,0.96,2.77,1.16,1.82,18.37,9.04,0.86,30.05,22.06
design_5310,1.38,2.06,1.66,2.37,1.16,2.92,1.4,2.05,16.01,8.28,0.84,24.43,16.84
design_5311,1.23,1.94,2.36,2.22,1.13,3.1,1.41,2.2,18.51,9.22,0.86,32.49,23.46
design_5312,1.52,2.68,2.88,2.37,1.6,8.33,2.31,4.73,16.24,8.88,0.83,14.92,11.96
design_5313,1.65,3.02,3.19,2.37,1.51,8.72,2.44,4.97,17.19,9.19,0.83,40.11,30.06
design_5314,1.41,2.69,3.53,2.34,1.49,8.82,2.45,5.01,17.05,9.09,0.83,36.45,27.73
design_5315,1.55,2.83,2.7,2.47,1.58,8.48,2.37,4.8,16.22,8.6,0.84,30.31,24.66
design_5316,1.84,3.11,2.31,2.54,1.62,9.01,2.48,5.06,18.03,9.53,0.83,31.2,23.81
design_5317,1.89,3.03,2.46,2.49,1.89,8.96,2.46,5.06,17.2,9.33,0.82,17.18,14.21
design_5318,1.78,2.68,0.98,2.4,1.04,5.95,1.82,3.47,17.13,9.23,0.82,15.35,13.12
design_5319,1.51,2.75,1.2,2.33,1.13,8.23,2.27,4.55,17.23,9.15,0.83,30.59,23.59
design_5320,1.13,2.02,2.68,1.9,1.0,2.05,1.3,1.97,18.25,9.34,0.83,17.91,15.5
design_5321,1.23,1.97,2.64,1.74,1.11,2.53,1.3,2.07,19.07,9.85,0.84,15.15,12.53
design_5322,0.95,2.25,3.1,1.77,1.16,2.21,1.31,2.14,18.44,9.46,0.84,9.67,8.99
design_5323,1.09,2.03,2.71,1.83,1.02,1.9,1.27,1.93,18.19,9.32,0.84,6.16,5.75
design_5324,1.23,2.12,2.83,2.04,1.21,1.9,1.35,2.04,18.45,9.52,0.84,11.88,8.02
design_5325,1.31,2.14,3.98,1.99,1.16,1.97,1.48,2.43,18.97,9.68,0.83,22.19,17.17
design_5326,1.24,2.18,2.18,2.05,1.27,1.96,1.33,1.89,18.69,9.41,0.85,23.61,17.78
design_5327,1.13,2.03,2.61,2.01,1.06,1.9,1.25,1.94,18.75,9.6,0.84,19.7,15.59
design_5328,0.9,1.41,1.04,1.5,0.94,1.83,1.04,1.32,16.98,8.49,0.86,34.64,25.31
design_5329,1.11,1.65,2.99,1.51,0.93,1.78,1.2,1.81,17.55,9.0,0.85,13.59,9.42
design_5330,1.33,1.63,2.77,1.44,1.2,1.61,1.2,1.76,16.02,8.4,0.85,30.55,23.29
design_5331,1.07,1.48,2.07,1.64,0.89,1.61,1.11,1.52,14.89,8.05,0.84,6.51,4.03
design_5332,1.16,1.56,2.61,1.97,1.1,1.87,1.18,1.81,16.92,8.82,0.84,11.1,8.16
design_5333,1.19,1.58,2.39,2.13,0.89,1.84,1.13,1.77,17.92,9.02,0.85,10.68,8.38
design_5334,1.06,1.68,3.02,2.01,0.98,1.91,1.18,1.93,15.87,8.48,0.84,12.73,9.22
design_5335,1.21,1.82,2.96,1.8,1.03,1.79,1.21,1.89,16.82,8.7,0.85,9.55,7.43
design_5336,1.13,2.21,0.96,1.83,0.83,2.46,1.27,1.76,8.85,6.28,0.82,23.03,16.33
design_5337,1.08,2.09,1.71,2.15,0.68,2.47,1.33,1.9,15.21,8.49,0.82,21.65,14.42
design_5338,1.06,2.06,1.29,2.02,0.81,3.38,1.42,2.16,11.92,7.44,0.81,17.94,13.71
design_5339,1.31,2.45,2.9,2.34,0.8,4.85,1.81,3.13,8.14,6.01,0.83,11.97,12.16
design_5340,1.17,2.41,2.18,2.33,1.11,2.73,1.49,2.18,11.83,7.26,0.82,21.57,17.08
design_5341,1.09,2.47,2.07,2.42,0.98,3.09,1.53,2.29,11.01,6.93,0.83,20.89,16.92
design_5342,1.01,1.96,1.1,1.92,1.15,4.42,1.5,2.58,14.5,8.24,0.82,24.78,16.44
design_5343,1.09,2.7,2.12,2.32,0.92,3.12,1.51,2.33,16.66,8.97,0.82,29.19,21.1
design_5344,1.17,2.15,1.09,1.91,0.84,2.06,1.17,1.63,18.74,9.58,0.84,21.33,15.26
design_5345,0.99,1.54,1.89,1.58,0.69,1.47,1.0,1.45,18.25,9.39,0.84,14.02,9.65
design_5346,0.95,1.69,1.78,2.1,0.77,1.9,1.13,1.65,18.93,9.54,0.84,21.09,15.43
design_5347,1.14,2.03,1.54,2.16,0.9,2.11,1.21,1.75,19.37,9.76,0.84,31.73,20.79
design_5348,1.29,2.23,1.66,2.2,0.92,2.18,1.28,1.85,18.68,9.44,0.84,14.48,11.87
design_5349,1.05,1.95,1.75,1.91,0.66,2.0,1.1,1.67,18.81,9.5,0.85,21.8,16.53
design_5350,1.19,1.97,1.89,2.08,0.85,1.99,1.19,1.76,18.31,9.34,0.84,27.38,18.61
design_5351,1.14,2.01,1.62,2.25,0.83,2.14,1.19,1.78,18.79,9.54,0.85,9.63,6.72
design_5352,1.47,2.27,1.22,2.29,1.49,0.99,1.32,1.69,16.12,7.9,0.88,19.03,14.27
design_5353,1.41,1.9,2.16,2.29,1.2,1.02,1.29,1.79,16.45,7.96,0.88,21.28,13.83
design_5354,1.51,2.72,1.19,2.7,1.45,1.0,1.41,1.88,16.07,7.8,0.88,11.65,8.33
design_5355,1.36,2.04,1.24,2.38,1.35,0.94,1.28,1.64,16.06,7.71,0.88,25.01,19.3
design_5356,1.29,1.83,1.19,2.07,1.07,0.91,1.16,1.46,14.52,7.27,0.87,8.38,5.2
design_5357,1.22,1.95,1.22,2.18,1.34,0.97,1.22,1.54,15.76,7.88,0.87,7.49,6.51
design_5358,1.41,2.14,1.31,2.11,1.47,0.9,1.24,1.62,12.5,6.51,0.87,3.88,2.87
design_5359,1.5,2.13,1.31,2.17,1.37,0.96,1.3,1.64,9.5,5.39,0.87,30.05,23.36
design_5360,1.24,2.74,1.37,2.41,1.21,1.93,1.32,1.9,17.26,8.92,0.84,33.26,26.86
design_5361,1.24,3.07,1.9,2.42,0.95,2.74,1.38,2.19,17.0,8.68,0.85,36.91,26.46
design_5362,1.68,2.75,1.5,2.53,1.13,2.9,1.52,2.19,17.77,8.75,0.86,31.35,23.58
design_5363,1.34,3.12,1.5,2.13,0.92,2.09,1.32,1.96,17.34,8.81,0.85,17.69,14.69
design_5364,1.3,2.63,1.45,2.1,0.94,2.53,1.28,1.93,18.02,9.03,0.86,30.3,25.71
design_5365,1.22,2.96,1.82,2.08,1.19,2.28,1.3,2.01,17.27,8.85,0.85,31.5,26.27
design_5366,1.26,2.72,1.48,2.08,1.42,2.19,1.29,1.91,16.84,8.71,0.85,32.31,26.32
design_5367,1.19,2.8,1.28,2.14,1.07,2.42,1.3,1.93,17.65,8.95,0.85,34.45,25.25
design_5368,1.32,1.97,1.67,2.0,1.12,1.91,1.21,1.7,17.05,8.62,0.85,19.12,12.65
design_5369,0.99,2.16,2.64,1.69,1.23,1.79,1.19,1.94,16.75,8.63,0.85,21.74,16.42
design_5370,0.99,1.77,2.0,1.93,1.12,1.72,1.16,1.69,10.8,6.45,0.84,11.06,8.69
design_5371,1.11,1.88,1.23,1.92,0.99,1.96,1.12,1.54,16.61,8.48,0.85,10.97,5.94
design_5372,1.25,2.02,1.6,1.85,0.91,1.35,1.15,1.55,18.27,8.86,0.85,23.12,11.15
design_5373,1.25,1.78,1.51,1.87,1.05,2.03,1.16,1.61,16.31,8.3,0.85,29.14,20.72
design_5374,1.13,1.79,1.22,1.95,1.18,2.27,1.17,1.61,17.84,8.89,0.86,13.34,13.11
design_5375,1.02,1.84,4.69,1.69,0.83,1.76,1.45,2.74,15.11,8.01,0.84,7.99,9.04
design_5376,1.1,1.57,4.01,1.97,0.93,0.89,1.34,2.37,16.96,8.34,0.86,5.83,6.71
design_5377,1.1,1.53,6.41,1.77,1.19,1.28,1.74,3.49,10.45,6.03,0.86,30.66,21.43
design_5378,1.23,2.01,4.0,2.47,1.36,0.89,1.47,2.53,16.72,8.18,0.87,7.78,5.72
design_5379,1.13,1.76,3.71,2.19,1.05,0.92,1.38,2.31,17.5,8.6,0.87,22.58,16.79
design_5380,1.22,1.61,7.88,1.81,1.46,0.94,2.04,4.22,9.26,5.37,0.87,27.75,20.03
design_5381,1.45,2.32,8.28,2.69,1.32,1.14,2.26,4.55,17.85,8.92,0.85,33.79,19.71
design_5382,1.17,1.86,3.67,2.23,1.2,1.02,1.38,2.32,17.27,8.75,0.85,18.19,12.01
design_5383,1.11,1.58,3.79,2.12,0.93,0.9,1.32,2.3,16.77,8.21,0.87,9.14,10.35
design_5384,1.08,1.21,2.72,2.18,0.89,1.88,1.26,1.87,19.3,9.28,0.86,36.08,25.49
design_5385,1.35,0.74,1.52,1.68,0.73,1.84,0.99,1.41,16.0,8.36,0.85,29.73,23.07
design_5386,1.08,0.9,2.18,2.08,0.78,2.28,1.2,1.73,16.99,8.65,0.85,21.46,16.51
design_5387,1.05,0.68,1.51,1.8,0.96,1.94,1.03,1.43,18.59,9.28,0.85,36.43,26.97
design_5388,0.83,0.98,1.52,1.71,0.7,1.75,0.98,1.35,16.55,8.55,0.85,25.14,19.46
design_5389,0.97,1.07,1.49,1.72,0.74,1.88,1.02,1.4,15.62,8.22,0.84,18.73,14.32
design_5390,1.07,0.97,1.46,1.78,0.72,2.19,1.05,1.48,17.22,8.76,0.85,27.39,22.77
design_5391,0.81,1.12,1.67,1.81,0.69,2.09,1.04,1.49,17.07,8.61,0.86,33.2,23.58
design_5392,1.8,2.02,2.83,2.65,1.24,1.03,1.47,2.16,15.9,7.71,0.88,20.32,16.68
design_5393,1.8,2.0,2.78,2.58,1.4,1.14,1.47,2.15,18.08,8.47,0.88,27.93,18.71
design_5394,1.41,1.64,2.29,2.4,1.0,1.06,1.31,1.81,15.16,7.63,0.87,9.12,8.64
design_5395,1.82,1.97,3.02,2.69,1.22,1.22,1.51,2.23,16.89,7.95,0.88,26.49,13.95
design_5396,1.61,1.59,2.4,2.46,1.04,1.12,1.33,1.89,14.29,7.14,0.87,7.43,7.52
design_5397,1.92,2.1,3.06,2.58,1.19,1.21,1.53,2.26,17.34,8.17,0.88,15.18,8.29
design_5398,1.35,1.73,2.62,2.47,1.07,1.16,1.34,1.95,15.85,7.72,0.88,15.88,12.07
design_5399,1.84,1.92,2.84,2.48,1.14,1.19,1.44,2.12,17.19,8.18,0.88,23.55,17.69
design_5400,1.26,2.45,0.82,2.41,0.81,2.12,1.19,1.71,18.31,9.25,0.84,4.0,4.15
design_5401,1.28,2.04,1.57,2.3,0.84,2.78,1.21,1.93,16.55,8.58,0.85,7.06,5.6
design_5402,1.33,2.08,1.66,2.13,0.79,1.91,1.17,1.72,19.04,9.35,0.84,36.23,28.2
design_5403,1.32,2.56,0.78,2.17,1.21,2.32,1.17,1.76,18.9,9.43,0.85,17.11,10.53
design_5404,1.34,2.47,0.9,2.59,0.89,1.84,1.22,1.72,16.64,8.61,0.84,11.26,5.85
design_5405,1.29,2.56,0.86,2.24,0.79,2.14,1.2,1.71,19.56,9.61,0.85,22.98,15.86
design_5406,1.23,2.33,1.57,1.89,1.29,1.89,1.11,1.72,18.06,9.07,0.85,23.34,18.48
design_5407,1.15,2.37,1.23,2.36,1.26,2.1,1.22,1.77,18.09,9.05,0.85,15.06,13.68
design_5408,1.32,2.29,1.38,1.92,0.94,2.44,1.28,1.84,17.79,9.16,0.85,16.23,12.91
design_5409,1.38,1.99,1.31,2.12,1.07,3.35,1.28,2.11,16.26,8.65,0.84,26.56,20.55
design_5410,1.07,2.08,1.19,1.84,1.1,2.88,1.2,1.88,16.06,8.61,0.84,21.54,16.92
design_5411,1.22,2.36,1.18,2.16,1.03,2.4,1.34,1.87,16.7,8.82,0.84,10.66,6.67
design_5412,1.27,2.2,1.51,2.15,1.03,2.4,1.29,1.87,16.33,8.61,0.84,13.91,9.88
design_5413,1.16,2.31,0.95,2.34,1.13,2.31,1.21,1.86,16.83,8.86,0.84,13.91,10.82
design_5414,1.39,2.64,0.93,2.16,1.16,2.51,1.36,1.97,17.69,9.15,0.84,14.5,10.41
design_5415,1.31,2.3,1.3,1.94,1.06,2.39,1.25,1.83,16.52,8.73,0.84,17.88,13.45
design_5416,1.48,1.54,2.03,2.24,1.33,1.67,1.23,1.77,17.44,8.57,0.86,10.13,9.08
design_5417,1.24,1.47,1.14,1.97,1.1,1.55,1.09,1.43,16.58,8.34,0.86,15.51,9.2
design_5418,1.36,1.5,1.74,1.98,1.27,1.54,1.15,1.6,16.04,8.19,0.85,22.25,16.49
design_5419,1.44,1.6,1.75,2.16,1.27,1.76,1.18,1.7,17.54,8.51,0.87,24.97,19.03
design_5420,0.91,0.82,2.34,1.88,1.16,0.99,0.94,1.54,14.74,7.53,0.86,22.98,17.03
design_5421,1.28,1.57,1.58,2.2,1.28,1.59,1.15,1.62,17.16,8.24,0.87,11.55,12.07
design_5422,1.42,1.8,1.81,2.49,1.21,1.43,1.28,1.76,18.6,8.91,0.87,28.09,15.96
design_5423,1.37,1.52,1.61,2.27,1.34,1.63,1.2,1.66,16.0,8.1,0.86,20.52,14.16
design_5424,1.39,2.88,0.91,2.7,0.71,4.32,1.52,2.66,18.02,9.11,0.85,39.45,28.9
design_5425,1.31,2.86,0.96,2.6,0.82,4.33,1.51,2.64,17.44,9.0,0.84,33.29,24.96
design_5426,1.09,3.07,3.69,2.28,1.22,7.96,2.17,4.4,15.65,7.84,0.87,6.84,6.6
design_5427,1.47,3.24,1.05,2.9,0.9,3.67,1.51,2.55,17.39,8.93,0.85,34.03,26.63
design_5428,1.48,2.95,1.05,2.69,0.81,3.31,1.42,2.34,18.62,9.43,0.85,35.84,24.97
design_5429,1.59,2.87,1.33,2.67,0.83,3.17,1.43,2.31,17.93,9.19,0.84,29.73,19.75
design_5430,1.05,3.27,1.2,2.19,0.8,5.22,1.56,2.99,16.68,8.76,0.84,33.3,25.38
design_5431,1.38,2.86,1.14,2.32,1.21,4.18,1.47,2.59,17.55,9.05,0.84,29.64,23.76
design_5432,1.07,1.47,1.95,2.36,1.26,2.1,1.32,1.81,16.71,8.04,0.88,15.21,8.36
design_5433,1.13,1.62,1.94,1.95,0.95,2.11,1.24,1.73,16.64,8.8,0.84,13.72,7.62
design_5434,1.25,1.8,2.19,2.27,1.02,1.74,1.3,1.81,17.26,8.83,0.85,17.14,10.97
design_5435,1.16,1.37,1.42,1.74,0.88,2.48,1.11,1.65,17.43,9.11,0.84,10.89,7.73
design_5436,1.13,1.75,1.68,2.25,1.01,1.51,1.22,1.62,19.46,9.47,0.85,33.64,24.62
design_5437,1.24,1.71,2.01,2.26,2.01,2.06,1.35,1.93,15.85,7.57,0.88,9.76,8.25
design_5438,1.24,1.57,3.16,2.12,1.15,1.75,1.38,2.07,16.13,8.34,0.86,12.07,12.24
design_5439,1.14,1.52,2.03,2.43,1.38,2.09,1.37,1.86,17.66,8.28,0.89,24.52,15.82
design_5440,1.07,1.67,1.39,1.53,0.71,1.66,1.06,1.4,19.78,9.66,0.84,37.0,25.54
design_5441,0.91,1.62,3.53,1.96,1.1,2.33,1.38,2.33,16.94,8.04,0.88,17.54,17.08
design_5442,0.87,1.82,4.37,2.05,0.87,2.3,1.57,2.67,10.59,5.8,0.87,17.65,16.18
design_5443,1.25,1.93,1.2,1.91,1.25,2.26,1.27,1.67,14.94,7.86,0.85,24.06,14.48
design_5444,1.12,1.61,1.44,1.41,0.89,1.4,1.04,1.35,21.11,10.05,0.84,25.74,15.51
design_5445,0.91,1.67,1.13,1.79,0.87,2.03,1.12,1.47,17.01,8.81,0.84,26.23,16.54
design_5446,0.92,1.59,4.27,1.81,1.0,2.2,1.47,2.58,16.28,7.96,0.87,15.12,11.38
design_5447,1.18,1.75,1.06,1.86,1.13,2.07,1.2,1.54,11.09,6.53,0.84,14.16,10.56
design_5448,0.96,2.04,1.57,2.15,2.58,4.14,1.54,2.64,5.69,4.91,0.84,14.2,10.9
design_5449,1.19,1.86,3.51,2.41,0.99,4.36,1.74,3.04,16.54,8.92,0.82,22.05,16.43
design_5450,0.85,1.84,3.02,2.16,1.23,5.07,1.75,3.16,18.42,9.59,0.83,19.24,16.39
design_5451,0.92,1.68,3.4,2.22,0.94,4.08,1.61,2.86,18.96,9.79,0.83,27.46,22.11
design_5452,1.07,2.23,3.62,2.72,1.35,4.61,1.9,3.24,12.73,7.47,0.83,21.72,20.28
design_5453,0.85,2.05,1.45,2.06,1.11,3.83,1.41,2.36,15.22,8.61,0.82,19.97,16.88
design_5454,0.82,1.91,1.94,2.18,1.02,3.37,1.37,2.26,16.57,8.85,0.83,22.01,18.64
design_5455,0.76,1.85,1.64,1.95,1.33,4.68,1.52,2.72,17.8,9.49,0.82,14.15,14.39
design_5456,1.4,1.84,4.01,2.06,0.87,4.78,1.73,3.17,18.51,9.43,0.84,12.62,12.24
design_5457,1.09,2.07,2.35,2.0,1.16,3.37,1.4,2.28,17.91,9.13,0.85,21.52,16.93
design_5458,1.11,1.84,4.15,2.06,1.01,4.5,1.73,3.12,17.99,9.13,0.85,16.71,13.51
design_5459,1.33,2.05,3.65,1.96,1.0,5.06,1.7,3.17,17.35,8.92,0.84,29.45,22.37
design_5460,1.39,2.26,4.11,2.21,1.2,4.7,1.8,3.24,17.96,9.29,0.84,15.94,12.31
design_5461,1.4,1.87,4.19,2.15,1.11,4.62,1.8,3.2,18.53,9.43,0.84,18.12,12.85
design_5462,1.25,1.44,5.14,1.83,0.92,6.36,2.01,3.99,19.24,9.61,0.85,36.05,26.43
design_5463,1.05,1.43,3.92,1.94,0.94,4.91,1.68,3.13,18.39,9.49,0.84,21.68,16.3
design_5464,1.45,2.52,1.55,2.57,1.12,2.92,1.43,2.16,18.61,9.61,0.83,30.38,22.11
design_5465,1.38,2.73,2.47,2.69,1.23,2.53,1.49,2.31,18.93,9.66,0.84,25.95,19.11
design_5466,1.42,2.51,2.11,2.3,1.31,2.87,1.43,2.23,18.94,9.78,0.83,33.24,24.01
design_5467,1.5,2.7,1.93,2.37,1.24,2.91,1.45,2.24,18.78,9.67,0.84,28.53,22.05
design_5468,1.24,2.24,3.08,2.48,1.12,2.51,1.44,2.37,15.7,8.37,0.84,19.17,14.12
design_5469,1.32,2.41,1.64,2.13,1.01,2.65,1.31,1.99,18.79,9.76,0.83,20.28,16.32
design_5470,1.46,2.67,2.36,2.7,1.28,2.69,1.5,2.32,19.07,9.7,0.83,29.78,18.7
design_5471,1.4,2.48,2.27,2.39,1.4,2.41,1.42,2.16,17.66,9.34,0.83,27.76,21.75
design_5472,1.08,1.82,1.63,1.67,1.67,4.51,1.52,2.67,6.79,5.5,0.83,28.74,21.8
design_5473,1.32,2.1,1.55,1.83,0.81,3.51,1.37,2.25,17.55,9.43,0.82,25.26,18.82
design_5474,1.19,1.74,1.26,1.81,1.65,3.21,1.34,2.09,7.14,5.79,0.82,28.39,21.57
design_5475,1.39,2.09,1.57,1.88,0.76,3.11,1.36,2.1,18.7,9.77,0.83,31.8,23.58
design_5476,0.98,1.75,2.77,1.6,1.45,3.01,1.31,2.27,11.62,7.21,0.82,30.15,22.99
design_5477,1.13,2.09,2.58,1.89,0.96,2.65,1.33,2.15,17.3,9.29,0.82,21.99,16.96
design_5478,1.14,2.0,2.12,1.84,0.77,2.95,1.33,2.11,17.83,9.44,0.82,26.06,18.72
design_5479,1.39,2.18,1.68,1.96,0.99,3.19,1.44,2.18,17.77,9.42,0.82,30.03,22.26
design_5480,1.31,2.54,0.98,2.7,1.14,0.89,1.34,1.75,18.08,8.63,0.87,32.25,23.29
design_5481,1.48,2.92,1.51,2.81,1.25,1.02,1.47,1.98,16.45,7.96,0.88,19.16,13.72
design_5482,1.35,2.44,0.95,2.61,1.18,0.95,1.33,1.71,17.74,8.41,0.88,19.82,16.11
design_5483,1.48,2.83,1.19,2.69,1.37,1.09,1.46,1.9,15.48,7.6,0.87,24.91,12.68
design_5484,1.47,2.4,1.43,2.66,1.22,1.14,1.41,1.82,17.53,8.37,0.88,23.23,15.43
design_5485,1.43,2.01,3.18,1.99,1.05,1.13,1.31,2.06,10.16,5.87,0.86,31.9,22.95
design_5486,1.55,2.36,1.52,2.89,1.17,0.97,1.44,1.89,16.76,8.18,0.87,19.6,12.53
design_5487,1.32,2.55,0.82,2.72,1.07,1.01,1.36,1.74,15.63,7.75,0.87,22.86,18.85
design_5488,1.16,1.12,1.32,2.19,1.04,2.53,1.29,1.77,17.23,9.0,0.84,14.22,12.74
design_5489,1.79,1.33,1.38,2.43,1.16,2.39,1.39,1.89,18.06,9.22,0.84,18.37,15.01
design_5490,1.67,1.37,1.2,2.49,1.2,2.31,1.39,1.84,18.45,9.37,0.85,16.74,10.89
design_5491,1.58,1.35,1.01,2.49,1.08,2.29,1.39,1.79,16.09,8.5,0.84,8.96,5.63
design_5492,1.59,1.18,1.26,2.25,1.39,2.43,1.32,1.83,18.12,9.31,0.84,33.87,20.96
design_5493,1.55,1.27,1.28,2.46,1.24,2.57,1.39,1.91,16.99,8.86,0.84,6.82,8.05
design_5494,1.66,1.51,1.19,2.54,1.27,2.3,1.4,1.87,18.99,9.56,0.84,18.17,14.83
design_5495,1.72,1.41,1.1,2.68,1.22,2.19,1.42,1.85,19.05,9.56,0.84,30.54,19.56
design_5496,1.05,1.41,3.45,1.59,1.1,2.28,1.19,1.92,13.08,6.84,0.87,16.49,11.86
design_5497,0.96,1.42,3.51,1.45,1.08,2.06,1.16,1.86,16.11,7.84,0.88,28.84,22.65
design_5498,1.01,1.4,3.49,1.42,0.92,2.1,1.14,1.85,16.29,8.03,0.88,7.46,5.94
design_5499,1.22,1.44,3.26,1.4,1.04,1.9,1.15,1.79,11.85,6.65,0.85,18.54,12.77
design_5500,0.95,1.3,3.61,1.48,0.87,2.08,1.12,1.86,16.9,8.17,0.88,14.57,11.12
design_5501,1.09,1.42,3.46,1.32,1.06,1.91,1.12,1.81,15.16,7.55,0.88,20.98,15.39
design_5502,1.1,1.35,3.57,1.39,0.92,1.23,1.16,1.72,15.81,8.24,0.85,7.66,4.16
design_5503,1.01,1.61,2.75,1.94,1.11,1.93,1.17,1.78,17.44,8.86,0.86,8.61,7.72
design_5504,1.79,2.27,1.82,1.84,1.6,1.01,1.27,1.79,15.46,7.84,0.86,28.51,21.46
design_5505,2.21,2.43,1.59,2.27,1.24,1.15,1.4,1.91,16.27,7.91,0.88,13.31,9.01
design_5506,2.14,2.37,1.65,2.28,1.42,1.21,1.42,1.92,15.14,7.55,0.87,30.38,22.13
design_5507,1.74,2.23,1.95,2.05,1.13,1.0,1.29,1.78,16.32,8.09,0.87,9.14,7.27
design_5508,1.59,1.97,2.08,1.75,1.24,0.96,1.18,1.69,16.43,8.21,0.87,5.9,7.27
design_5509,2.18,2.45,1.67,2.29,1.4,1.17,1.47,1.94,16.2,7.91,0.88,11.97,8.42
design_5510,1.43,2.08,2.17,1.7,1.06,1.29,1.14,1.7,10.51,5.89,0.87,29.84,22.48
design_5511,1.76,1.96,2.14,2.01,1.42,1.1,1.27,1.81,14.42,7.59,0.86,28.84,22.64
design_5512,1.06,1.52,2.1,1.48,0.99,4.25,1.34,2.44,16.91,9.02,0.83,4.27,4.43
design_5513,1.27,1.51,3.6,1.49,0.92,4.91,1.56,2.94,18.17,9.54,0.83,13.23,10.28
design_5514,1.07,1.63,1.09,2.23,1.06,6.2,1.68,3.3,16.67,8.74,0.84,6.69,5.83
design_5515,1.02,1.67,2.68,1.61,1.0,6.22,1.72,3.38,17.47,9.03,0.84,20.31,16.0
design_5516,1.03,1.59,1.68,1.54,1.03,6.31,1.67,3.31,17.33,8.99,0.84,13.53,10.55
design_5517,1.21,1.59,4.39,1.46,1.2,2.09,1.32,2.23,15.74,8.48,0.83,13.83,10.5
design_5518,1.14,1.91,1.37,1.7,1.18,7.02,1.85,3.66,15.77,7.91,0.86,16.83,11.64
design_5519,1.05,1.49,4.67,1.41,0.9,2.1,1.3,2.26,16.9,8.77,0.84,10.24,7.96
design_5520,1.17,2.32,1.91,2.58,1.06,1.11,1.34,1.84,17.01,8.43,0.86,28.38,20.25
design_5521,1.15,2.28,1.74,2.38,0.97,1.09,1.28,1.72,16.64,8.15,0.87,33.64,24.73
design_5522,1.06,2.07,2.52,2.23,0.75,1.37,1.29,1.9,17.96,8.65,0.86,31.09,21.31
design_5523,1.07,1.76,2.17,2.19,1.3,0.99,1.17,1.74,12.97,6.74,0.87,7.53,6.52
design_5524,1.14,2.03,1.28,2.45,1.03,1.03,1.23,1.58,15.06,7.53,0.87,30.45,25.46
design_5525,1.06,1.71,2.21,2.05,1.39,1.12,1.16,1.74,10.12,5.61,0.87,9.99,7.61
design_5526,0.87,1.65,1.87,2.03,0.97,1.05,1.1,1.54,11.15,6.03,0.87,8.81,6.03
design_5527,1.06,1.78,2.03,2.1,1.44,1.26,1.17,1.71,10.54,6.03,0.86,11.7,7.44
design_5528,1.77,3.27,1.15,2.53,1.28,1.41,1.37,2.06,11.3,6.58,0.84,30.05,24.06
design_5529,1.81,2.71,0.77,2.84,0.94,1.36,1.33,1.94,15.67,8.1,0.85,21.83,15.76
design_5530,1.77,2.38,1.56,2.6,1.15,1.7,1.32,1.94,16.27,8.13,0.87,39.08,27.13
design_5531,1.54,2.41,0.91,2.46,1.1,1.32,1.27,1.75,16.77,8.56,0.85,25.78,20.69
design_5532,1.6,2.61,1.57,2.41,0.76,1.24,1.25,1.83,16.91,8.43,0.87,32.96,24.51
design_5533,2.11,2.76,0.7,2.73,1.0,1.45,1.35,1.99,16.8,8.44,0.85,31.42,24.62
design_5534,1.93,1.82,1.46,2.5,0.98,1.34,1.27,1.77,17.11,8.51,0.87,25.64,20.02
design_5535,1.45,2.14,1.32,2.38,1.06,1.21,1.12,1.68,13.88,7.46,0.85,29.34,23.71
design_5536,1.3,2.17,0.77,1.88,1.14,2.18,1.28,1.65,17.58,9.12,0.84,9.78,8.56
design_5537,0.76,2.11,1.66,1.83,0.95,1.94,1.23,1.65,19.29,9.62,0.85,15.15,16.02
design_5538,1.1,2.02,2.27,1.76,0.78,2.94,1.31,2.07,18.24,9.38,0.84,13.06,10.77
design_5539,1.39,2.25,2.08,2.28,0.92,2.12,1.43,1.94,18.8,9.43,0.85,26.03,15.95
design_5540,1.21,2.09,1.07,2.0,0.84,2.05,1.28,1.63,19.2,9.5,0.85,24.52,20.23
design_5541,1.27,2.47,1.9,2.03,0.9,2.25,1.37,1.91,19.3,9.67,0.84,24.49,17.3
design_5542,1.26,2.26,1.84,1.88,1.22,2.54,1.36,1.94,18.89,9.56,0.84,7.75,8.12
design_5543,1.42,2.63,1.34,2.39,0.97,2.19,1.45,1.91,19.68,9.72,0.85,19.44,14.48
design_5544,1.22,1.98,2.89,1.97,1.45,1.06,1.16,1.83,15.81,7.55,0.89,28.06,22.77
design_5545,1.57,2.39,1.51,2.15,1.25,1.01,1.25,1.75,17.0,8.37,0.87,33.29,25.9
design_5546,2.08,2.38,3.33,2.71,1.04,1.1,1.52,2.26,15.04,7.7,0.85,28.43,23.21
design_5547,1.54,2.27,1.78,2.45,0.84,1.14,1.26,1.79,15.84,7.89,0.87,29.64,24.07
design_5548,1.63,2.2,2.53,2.2,0.9,1.07,1.26,1.86,16.27,8.08,0.87,30.98,25.93
design_5549,1.6,2.04,3.52,2.11,0.89,0.87,1.28,2.01,17.44,8.44,0.88,38.53,27.49
design_5550,1.1,2.22,3.18,2.07,1.27,0.89,1.24,1.92,15.96,7.76,0.89,31.81,26.18
design_5551,1.4,2.25,3.1,2.42,1.04,1.02,1.26,2.01,15.62,7.79,0.87,30.62,25.68
design_5552,1.56,2.78,2.0,2.79,1.69,7.36,2.17,4.23,15.77,8.81,0.81,17.81,12.57
design_5553,1.45,2.26,2.07,2.52,1.6,3.61,1.55,2.54,17.63,9.42,0.83,17.76,13.65
design_5554,1.59,2.67,1.88,2.91,1.81,5.88,1.94,3.58,17.42,9.29,0.83,37.08,27.21
design_5555,1.54,2.37,2.12,2.7,1.53,3.82,1.66,2.66,17.13,9.16,0.83,20.08,14.38
design_5556,1.62,2.99,1.86,2.83,1.71,7.07,2.12,4.12,17.73,9.5,0.82,28.23,20.76
design_5557,2.09,3.14,2.18,2.61,1.6,5.63,1.91,3.54,17.35,9.38,0.81,15.04,12.51
design_5558,1.22,2.61,2.27,2.59,1.46,7.33,2.13,4.16,18.12,9.36,0.85,37.98,28.95
design_5559,1.46,2.25,2.09,2.6,1.52,3.25,1.53,2.41,15.86,8.79,0.82,21.43,16.66
design_5560,1.5,1.82,1.7,1.86,1.02,2.75,1.26,1.88,15.57,8.18,0.84,24.78,18.12
design_5561,1.3,1.94,1.51,1.89,1.07,2.47,1.24,1.76,17.25,8.74,0.85,24.21,15.54
design_5562,1.19,1.75,1.55,1.89,0.86,2.89,1.22,1.83,15.61,7.99,0.86,21.25,15.65
design_5563,1.49,2.07,2.18,2.14,1.93,2.72,1.45,2.15,13.68,7.5,0.84,23.76,16.99
design_5564,1.38,2.02,2.18,1.96,1.03,4.4,1.47,2.49,8.94,5.91,0.84,28.49,20.86
design_5565,1.58,2.21,1.96,2.39,0.94,2.04,1.38,1.93,15.58,8.3,0.83,29.58,22.97
design_5566,1.14,1.87,1.36,2.25,0.74,2.04,1.21,1.65,16.04,8.26,0.85,30.41,20.85
design_5567,1.41,1.99,1.57,2.42,0.98,2.22,1.36,1.83,17.78,8.96,0.85,30.18,21.66
design_5568,1.06,1.37,3.46,1.63,0.79,2.65,1.35,2.3,17.57,9.36,0.82,17.49,11.62
design_5569,0.55,1.08,2.35,1.33,0.8,2.05,1.08,1.68,18.23,9.38,0.84,30.79,22.61
design_5570,0.94,0.99,1.49,1.45,1.26,3.92,1.25,2.28,7.57,6.03,0.82,16.45,12.05
design_5571,0.92,1.59,2.77,1.76,0.93,2.28,1.28,2.0,10.24,6.61,0.83,14.64,10.96
design_5572,0.64,1.03,4.21,1.97,0.92,2.7,1.34,2.57,16.86,8.98,0.83,30.13,24.58
design_5573,1.26,1.23,2.54,1.71,0.93,3.27,1.34,2.26,17.24,9.25,0.83,28.93,21.26
design_5574,0.74,1.1,2.49,1.55,0.95,2.54,1.19,1.93,16.58,8.9,0.83,17.65,10.98
design_5575,1.05,1.71,2.37,1.78,0.88,3.27,1.4,2.25,15.87,8.56,0.83,29.67,22.13
design_5576,1.66,2.1,1.16,1.82,1.27,6.55,1.77,3.5,15.83,8.18,0.85,28.47,21.21
design_5577,1.35,2.36,1.52,1.67,1.47,1.66,1.15,1.69,14.01,8.15,0.82,30.17,23.4
design_5578,1.88,2.54,1.3,1.89,1.26,4.03,1.44,2.54,8.51,6.19,0.82,30.05,23.35
design_5579,1.47,2.0,0.81,1.59,1.28,6.44,1.71,3.4,16.22,8.27,0.86,28.92,21.88
design_5580,1.5,2.12,2.1,1.79,1.01,2.01,1.2,1.81,15.12,8.52,0.82,26.54,20.5
design_5581,1.57,2.66,1.11,1.78,1.39,5.41,1.61,3.06,12.75,7.53,0.82,29.95,23.06
design_5582,1.47,1.71,3.02,1.75,0.89,1.67,1.23,1.83,18.38,9.57,0.84,29.57,25.19
design_5583,1.27,2.01,0.93,1.68,1.12,5.49,1.53,2.96,18.3,9.57,0.84,31.76,24.91
design_5584,1.39,2.35,1.48,2.67,0.89,2.75,1.41,2.08,19.29,9.87,0.83,27.29,19.67
design_5585,1.08,2.03,1.6,2.24,0.7,2.61,1.2,1.91,19.72,10.08,0.83,15.15,11.81
design_5586,1.14,2.3,1.46,2.34,0.74,5.82,1.72,3.18,17.12,9.12,0.83,30.12,22.68
design_5587,1.0,2.04,1.06,1.78,0.69,4.41,1.38,2.45,19.48,9.92,0.84,16.06,14.09
design_5588,1.34,2.39,1.55,2.31,0.64,2.7,1.27,2.01,17.93,9.36,0.83,24.34,18.14
design_5589,1.37,2.38,1.49,2.66,0.84,3.06,1.43,2.18,19.6,9.95,0.83,18.64,13.13
design_5590,1.35,2.22,1.37,2.67,0.77,2.6,1.38,1.99,19.59,9.91,0.83,15.78,10.88
design_5591,1.51,2.48,1.97,2.91,0.93,3.19,1.55,2.38,18.77,9.81,0.82,28.77,20.97
design_5592,1.8,2.97,1.46,2.71,1.06,1.04,1.34,2.0,17.37,8.84,0.85,37.21,27.11
design_5593,2.18,3.1,3.87,2.65,1.6,1.04,1.54,2.62,16.25,8.31,0.86,19.38,12.6
design_5594,2.1,3.04,3.92,2.69,1.14,1.04,1.48,2.58,16.05,8.42,0.85,18.01,14.58
design_5595,1.57,2.89,1.7,2.47,1.23,1.04,1.3,1.93,16.72,8.61,0.86,26.2,20.52
design_5596,1.34,2.69,1.18,2.3,0.91,1.04,1.18,1.71,17.46,8.77,0.86,23.78,18.22
design_5597,1.82,3.1,1.64,2.4,1.03,1.13,1.29,1.99,16.89,8.64,0.85,18.03,15.16
design_5598,1.54,2.86,1.09,2.68,1.25,1.07,1.33,1.9,15.39,8.13,0.85,23.2,18.18
design_5599,1.82,3.03,1.24,2.7,1.48,1.04,1.39,2.02,16.49,8.58,0.85,17.5,13.48
design_5600,1.34,2.48,2.67,2.62,1.33,0.95,1.37,2.15,15.55,7.62,0.87,8.91,6.74
design_5601,1.95,2.52,4.1,2.86,1.3,1.37,1.7,2.83,19.92,9.64,0.85,33.59,20.22
design_5602,1.63,2.76,2.53,2.43,1.3,1.05,1.41,2.15,16.97,8.55,0.85,11.29,6.96
design_5603,1.36,2.36,0.75,1.69,1.16,0.86,1.04,1.4,15.32,7.46,0.87,32.46,23.18
design_5604,1.37,2.15,1.86,2.23,1.19,0.87,1.2,1.73,16.15,7.88,0.87,16.66,12.74
design_5605,1.66,2.5,1.93,2.52,1.13,0.99,1.34,1.92,16.73,8.11,0.87,29.64,22.99
design_5606,1.25,1.76,1.95,1.87,1.38,0.78,1.12,1.63,7.45,4.83,0.87,3.04,2.45
design_5607,1.55,2.5,0.52,2.43,1.31,1.0,1.22,1.63,16.74,8.14,0.87,10.16,8.53
design_5608,1.02,1.55,1.33,1.35,0.71,3.65,1.22,2.12,18.4,9.54,0.83,13.42,11.2
design_5609,1.11,1.74,2.12,1.52,0.9,3.92,1.38,2.4,18.71,9.58,0.84,9.21,6.69
design_5610,0.99,1.63,2.52,1.64,0.86,4.09,1.36,2.54,19.77,10.09,0.83,24.51,18.15
design_5611,1.07,1.52,2.21,1.65,0.77,4.13,1.35,2.49,18.99,9.73,0.84,13.45,10.77
design_5612,1.22,2.17,1.19,2.01,1.05,3.1,1.34,2.05,20.13,10.12,0.84,27.86,21.86
design_5613,1.09,1.57,2.39,1.6,0.78,3.16,1.25,2.15,17.96,9.33,0.83,11.02,12.09
design_5614,1.1,1.76,2.06,1.82,1.02,3.22,1.31,2.16,19.22,9.82,0.84,12.45,11.65
design_5615,1.01,1.59,2.66,1.61,0.91,3.54,1.29,2.36,18.94,9.77,0.83,6.87,5.98
design_5616,1.39,1.71,1.26,1.92,0.86,2.02,1.18,1.59,16.86,8.55,0.85,3.64,3.69
design_5617,1.41,1.71,1.47,1.89,0.89,2.53,1.22,1.76,18.4,9.23,0.85,6.32,6.99
design_5618,1.3,1.39,1.75,1.98,0.79,2.57,1.2,1.77,16.15,8.29,0.85,25.28,17.05
design_5619,1.63,1.88,1.4,1.92,1.19,3.0,1.35,1.96,12.36,6.97,0.84,24.66,19.43
design_5620,1.49,1.69,1.22,2.02,1.01,2.87,1.3,1.86,17.41,8.73,0.86,9.16,5.16
design_5621,1.32,1.94,1.32,2.22,0.83,2.63,1.29,1.84,15.02,8.04,0.84,10.22,9.04
design_5622,1.49,1.6,1.51,2.01,0.84,2.63,1.29,1.81,14.92,7.77,0.85,18.02,14.42
design_5623,1.37,1.59,1.19,2.09,0.76,2.84,1.28,1.81,16.29,8.35,0.85,13.35,9.01
design_5624,1.38,2.74,2.44,2.51,0.89,1.59,1.3,2.05,15.23,7.85,0.84,15.5,9.58
design_5625,1.62,2.99,3.3,2.64,1.33,2.69,1.6,2.61,13.6,7.36,0.85,6.86,5.46
design_5626,1.32,2.8,2.18,2.46,1.24,1.88,1.31,2.05,11.53,6.92,0.83,7.66,6.1
design_5627,1.38,2.72,3.04,2.4,1.27,2.2,1.38,2.33,16.21,8.61,0.84,7.23,6.58
design_5628,1.37,2.83,1.71,2.67,1.16,1.89,1.32,2.01,13.06,7.42,0.83,11.64,8.77
design_5629,1.68,2.9,2.74,2.74,1.19,1.87,1.47,2.3,19.18,9.44,0.85,19.94,14.69
design_5630,1.18,2.6,2.0,2.13,1.15,1.92,1.19,1.9,14.53,8.0,0.84,10.21,7.55
design_5631,1.42,2.88,2.44,2.44,1.29,2.21,1.37,2.21,13.77,7.75,0.83,6.68,5.21
design_5632,1.11,3.07,2.52,2.59,1.2,2.4,1.43,2.25,17.13,8.67,0.86,19.34,17.12
design_5633,1.12,2.86,1.98,2.59,0.95,2.44,1.35,2.12,16.56,8.6,0.85,30.78,25.31
design_5634,1.03,2.79,1.88,2.65,0.94,2.35,1.33,2.08,16.76,8.67,0.85,14.64,10.5
design_5635,1.06,2.67,1.89,2.47,0.76,2.37,1.3,2.01,17.03,8.74,0.86,40.45,29.31
design_5636,1.11,2.42,2.93,2.8,1.05,2.0,1.32,2.15,17.03,8.76,0.85,27.17,22.26
design_5637,1.07,2.73,2.14,2.46,0.93,1.98,1.3,1.99,15.7,8.33,0.84,9.08,7.09
design_5638,1.05,2.46,2.84,2.46,0.76,2.82,1.3,2.21,16.92,8.63,0.86,14.34,10.89
design_5639,1.05,2.55,2.84,2.39,0.78,2.52,1.31,2.15,17.1,8.75,0.86,8.76,7.76
design_5640,1.36,2.99,3.33,1.96,1.23,2.12,1.54,2.45,17.75,9.3,0.83,12.52,9.75
design_5641,1.63,2.81,4.91,2.01,1.57,1.55,1.79,3.04,13.97,7.36,0.85,26.44,20.39
design_5642,1.14,2.66,5.4,1.81,1.46,2.0,1.8,3.24,17.64,8.88,0.85,34.92,25.74
design_5643,1.32,2.58,3.33,1.88,1.09,2.05,1.5,2.36,19.25,9.8,0.84,15.59,11.17
design_5644,1.12,2.49,3.84,1.91,1.24,1.56,1.49,2.47,8.04,5.71,0.83,2.96,3.43
design_5645,1.42,2.88,5.18,1.91,1.63,2.58,1.87,3.27,9.63,6.45,0.83,7.68,6.69
design_5646,1.08,2.23,4.41,1.67,0.95,1.71,1.55,2.67,17.2,8.96,0.82,25.23,19.55
design_5647,1.19,2.55,4.2,1.78,1.08,1.42,1.57,2.6,16.14,8.44,0.83,36.85,24.52
design_5648,1.21,1.91,2.55,1.84,1.2,2.37,1.29,1.94,18.1,9.35,0.84,30.64,22.86
design_5649,1.21,1.81,2.23,1.68,1.03,2.53,1.25,1.87,17.64,9.15,0.83,23.32,19.71
design_5650,1.1,1.27,4.08,1.6,0.93,2.35,1.24,2.16,16.81,8.85,0.84,19.62,16.2
design_5651,1.14,1.81,2.26,1.79,1.19,2.8,1.27,1.98,17.74,9.21,0.84,13.44,10.84
design_5652,1.16,1.47,5.0,1.45,0.94,2.03,1.34,2.37,18.11,9.18,0.84,11.21,5.4
design_5653,1.23,1.86,2.03,1.7,1.02,2.77,1.27,1.92,16.77,8.85,0.84,17.84,12.01
design_5654,1.14,1.2,4.55,1.54,1.09,5.26,1.59,3.18,16.61,8.66,0.84,8.49,8.46
design_5655,1.17,1.73,1.62,1.69,1.03,5.72,1.56,2.98,18.11,9.17,0.85,13.44,9.71
design_5656,1.1,1.66,0.67,2.55,1.02,0.95,1.19,1.42,7.05,4.84,0.86,5.5,3.33
design_5657,0.93,1.84,0.41,1.96,0.82,1.09,1.03,1.23,18.11,8.62,0.87,14.46,11.96
design_5658,0.91,1.69,4.71,2.73,0.82,1.0,1.65,2.85,15.54,7.79,0.86,19.43,16.05
design_5659,1.19,2.01,0.96,2.02,0.9,0.95,1.16,1.39,15.64,7.66,0.87,28.6,22.17
design_5660,1.02,2.12,0.65,2.15,0.96,1.03,1.15,1.38,18.27,8.68,0.87,20.87,16.68
design_5661,0.98,2.29,1.47,2.21,0.99,1.16,1.28,1.6,17.31,8.19,0.87,10.25,7.4
design_5662,1.11,1.92,0.84,2.32,1.18,1.24,1.23,1.47,17.22,8.21,0.87,23.36,15.28
design_5663,0.8,1.94,0.81,2.0,0.96,1.04,1.16,1.31,17.63,8.28,0.88,20.44,11.64
design_5664,1.36,1.5,3.18,2.22,0.84,1.01,1.35,1.91,16.79,8.58,0.85,20.67,14.88
design_5665,1.28,1.47,3.51,2.04,0.97,0.86,1.28,1.96,17.31,8.89,0.85,9.28,8.66
design_5666,1.24,1.48,3.15,2.31,0.88,0.98,1.22,1.9,17.37,8.82,0.86,13.34,11.29
design_5667,1.56,1.34,3.31,2.16,1.37,1.47,1.4,2.03,16.01,8.12,0.86,6.56,6.58
design_5668,1.51,1.78,4.32,2.0,1.07,0.85,1.4,2.29,17.96,9.03,0.86,26.87,20.89
design_5669,1.49,1.59,2.68,2.07,0.99,1.06,1.29,1.78,17.71,8.89,0.85,12.6,10.95
design_5670,1.37,1.65,3.41,2.05,1.08,0.98,1.32,1.98,18.42,9.22,0.86,27.91,16.26
design_5671,1.31,1.37,3.16,2.09,0.97,0.87,1.28,1.85,17.3,8.82,0.86,28.66,20.23
design_5672,1.7,3.25,1.4,2.19,1.94,8.31,2.29,4.6,17.74,9.13,0.84,28.35,23.16
design_5673,1.69,2.78,1.46,2.17,1.77,8.65,2.3,4.71,17.42,8.77,0.86,31.08,24.1
design_5674,1.89,3.19,1.53,2.38,1.85,7.44,2.14,4.23,18.15,9.25,0.85,30.68,23.29
design_5675,1.77,3.03,1.57,2.49,1.89,8.22,2.26,4.57,18.53,9.33,0.85,32.24,26.37
design_5676,1.78,3.0,1.41,2.15,1.88,8.48,2.29,4.66,17.67,9.0,0.85,31.89,24.68
design_5677,2.34,3.35,1.46,2.37,2.03,8.17,2.33,4.62,16.85,8.73,0.85,27.96,21.59
design_5678,1.61,2.69,1.28,2.38,1.62,8.63,2.28,4.69,16.35,8.41,0.85,24.62,19.67
design_5679,1.8,3.59,1.49,2.28,2.01,8.13,2.28,4.58,17.89,9.11,0.85,30.27,24.39
design_5680,1.16,1.93,0.8,2.22,0.97,7.24,1.85,3.74,13.08,6.97,0.85,4.63,4.7
design_5681,1.14,2.16,1.79,1.69,1.07,5.42,1.56,2.97,18.21,9.37,0.84,24.82,19.53
design_5682,1.19,2.06,1.74,1.76,1.16,6.86,1.8,3.6,15.56,7.87,0.86,25.82,19.03
design_5683,1.3,2.29,1.98,1.7,1.41,5.57,1.6,3.1,18.05,9.36,0.84,18.16,14.0
design_5684,1.32,1.58,2.55,1.69,1.41,1.7,1.19,1.76,15.3,8.17,0.84,29.87,23.36
design_5685,1.01,2.11,2.22,1.8,1.5,6.34,1.72,3.43,12.55,6.69,0.86,29.36,22.5
design_5686,1.22,2.24,2.98,1.76,1.15,6.5,1.8,3.59,16.0,8.15,0.85,30.03,22.96
design_5687,1.31,2.41,1.41,1.96,1.2,6.8,1.84,3.61,14.12,7.36,0.85,9.87,7.91
design_5688,1.02,1.89,0.53,1.52,0.94,4.31,1.25,2.16,16.95,8.66,0.85,30.41,23.95
design_5689,0.9,1.82,0.75,1.57,0.77,4.1,1.22,2.08,15.94,8.42,0.84,7.65,6.53
design_5690,0.91,1.59,1.14,1.43,0.99,4.22,1.19,2.13,17.97,9.07,0.85,22.13,18.32
design_5691,1.05,1.84,0.65,1.46,0.94,4.02,1.2,2.06,17.42,8.87,0.85,12.11,13.1
design_5692,0.89,1.84,1.06,1.61,0.97,4.14,1.24,2.14,17.86,9.08,0.85,12.63,12.24
design_5693,0.96,1.78,0.8,1.42,0.77,3.84,1.15,1.97,17.44,8.91,0.85,14.98,12.36
design_5694,1.05,2.1,0.57,1.86,0.88,2.22,1.16,1.57,20.42,9.8,0.85,20.6,10.88
design_5695,1.06,1.89,0.53,1.68,0.99,3.85,1.24,2.02,18.13,9.14,0.85,30.43,23.79
design_5696,1.56,1.46,2.77,2.12,1.19,1.7,1.35,1.97,16.78,8.83,0.84,13.33,9.0
design_5697,1.59,1.5,2.09,2.56,1.23,2.71,1.44,2.1,16.92,8.33,0.86,32.14,22.7
design_5698,1.6,1.42,2.54,2.38,1.18,2.47,1.39,2.11,16.92,8.5,0.86,8.2,6.13
design_5699,1.87,1.8,2.27,2.58,1.12,1.71,1.43,1.98,16.71,8.73,0.83,21.14,13.58
design_5700,1.65,1.75,1.08,2.04,0.9,2.31,1.18,1.71,17.4,9.03,0.84,7.58,6.6
design_5701,1.44,1.46,3.1,2.13,0.82,2.54,1.38,2.23,17.4,8.74,0.86,27.04,19.08
design_5702,1.58,1.45,2.28,2.37,1.16,2.5,1.4,2.05,18.17,9.01,0.85,16.01,15.34
design_5703,1.65,1.52,2.23,2.43,1.0,1.77,1.35,1.88,15.85,8.52,0.83,13.15,9.15
design_5704,1.53,1.71,1.09,2.28,0.99,0.96,1.16,1.49,15.42,7.7,0.86,5.38,4.34
design_5705,1.56,1.68,2.72,2.31,1.16,0.89,1.29,2.0,13.02,6.86,0.86,19.34,15.68
design_5706,1.39,1.17,1.03,2.0,1.19,1.07,1.02,1.34,16.12,7.83,0.88,14.87,11.02
design_5707,1.57,1.93,1.94,2.48,1.15,1.03,1.31,1.81,11.7,6.4,0.85,5.95,5.01
design_5708,1.56,1.64,1.13,2.34,1.08,0.94,1.2,1.51,15.76,7.82,0.86,30.8,22.71
design_5709,1.19,1.37,2.08,1.89,0.84,1.09,1.08,1.59,11.64,6.43,0.86,9.29,6.84
design_5710,1.46,1.72,2.28,2.26,0.96,0.9,1.24,1.81,13.78,7.27,0.85,13.98,11.38
design_5711,1.36,1.38,1.46,2.12,0.96,1.01,1.1,1.46,15.87,8.01,0.85,30.57,22.6
design_5712,1.2,1.74,0.68,2.06,0.83,1.56,1.11,1.4,16.79,8.8,0.84,16.17,11.56
design_5713,1.22,1.82,1.46,1.93,0.84,1.9,1.11,1.59,17.28,8.97,0.84,13.06,10.23
design_5714,1.37,1.57,1.85,2.05,0.97,2.25,1.21,1.78,16.66,8.62,0.84,10.74,6.55
design_5715,1.21,1.65,1.21,2.03,0.77,1.81,1.1,1.51,19.4,9.45,0.85,24.5,16.88
design_5716,1.14,1.75,1.28,2.19,0.63,1.86,1.14,1.57,19.67,9.48,0.85,32.07,19.9
design_5717,1.59,1.88,1.91,2.09,1.1,3.4,1.38,2.2,16.97,8.83,0.85,24.58,17.86
design_5718,1.25,1.9,1.87,2.09,1.02,2.29,1.22,1.83,17.73,9.06,0.85,11.96,6.98
design_5719,1.24,1.76,0.82,2.32,0.81,1.83,1.19,1.55,18.83,9.49,0.84,27.05,18.66
design_5720,1.56,2.15,2.77,1.99,0.98,1.94,1.34,2.05,17.82,8.62,0.86,28.8,21.45
design_5721,0.99,2.22,1.72,1.97,1.37,1.99,1.24,1.76,16.77,8.75,0.83,28.62,22.85
design_5722,1.46,1.84,1.25,1.82,0.93,1.73,1.13,1.53,16.09,8.16,0.85,23.61,11.79
design_5723,0.92,1.64,1.41,1.84,0.83,4.27,1.27,2.21,16.28,8.21,0.86,26.37,20.0
design_5724,1.4,1.97,1.18,2.31,1.18,1.64,1.21,1.64,17.37,8.77,0.84,26.06,13.47
design_5725,1.54,2.12,1.21,2.16,1.14,1.75,1.22,1.67,17.15,8.74,0.84,23.69,15.82
design_5726,1.22,1.81,1.12,1.76,1.21,2.45,1.12,1.66,17.35,8.92,0.84,26.15,22.16
design_5727,1.44,2.23,2.61,2.36,1.22,1.78,1.37,2.06,19.14,9.38,0.84,28.18,18.81
design_5728,1.49,2.67,3.75,2.74,0.99,1.22,1.52,2.55,16.4,8.24,0.86,13.72,10.91
design_5729,1.45,2.89,2.87,2.6,1.31,1.49,1.43,2.3,18.68,9.12,0.87,15.81,13.06
design_5730,1.53,2.57,4.51,2.69,1.05,1.21,1.61,2.84,17.6,8.61,0.87,22.38,14.71
design_5731,1.59,2.92,3.65,2.61,1.08,1.15,1.52,2.54,17.85,8.75,0.87,23.78,18.76
design_5732,1.43,2.79,3.26,2.42,1.05,1.28,1.42,2.34,17.23,8.57,0.86,15.54,11.69
design_5733,1.34,2.4,3.8,2.03,1.25,1.25,1.38,2.43,17.05,8.27,0.87,16.89,12.07
design_5734,1.61,2.83,2.51,2.79,1.1,1.35,1.43,2.2,18.69,9.07,0.86,30.98,22.72
design_5735,1.33,2.69,3.36,2.23,1.08,1.43,1.38,2.33,17.3,8.47,0.87,21.05,17.45
design_5736,1.48,2.17,0.87,1.68,1.2,2.17,1.13,1.69,17.91,9.2,0.84,12.67,8.07
design_5737,1.24,1.42,1.6,1.52,0.92,2.36,1.02,1.63,18.91,9.23,0.86,32.5,23.45
design_5738,1.29,1.75,1.61,1.81,0.86,2.83,1.16,1.88,18.57,9.47,0.85,23.55,17.99
design_5739,1.2,1.83,1.92,1.84,1.11,1.89,1.14,1.69,18.17,9.23,0.85,31.26,24.37
design_5740,1.24,2.16,0.78,1.74,0.78,4.98,1.42,2.63,18.39,9.22,0.86,7.74,7.22
design_5741,1.2,1.99,1.24,1.71,0.93,4.98,1.39,2.64,18.74,9.35,0.86,31.06,24.24
design_5742,1.11,1.56,3.07,1.73,0.92,2.26,1.15,1.96,16.9,8.79,0.85,29.32,23.03
design_5743,1.45,1.7,1.62,1.78,0.6,4.72,1.4,2.56,18.31,9.16,0.86,33.51,25.74
design_5744,0.85,1.68,1.95,2.55,0.86,0.94,1.12,1.66,15.2,7.58,0.88,13.17,11.86
design_5745,1.05,1.86,1.29,2.39,1.28,1.14,1.19,1.59,16.07,7.95,0.87,12.86,10.93
design_5746,0.99,1.58,0.62,2.09,0.94,0.95,1.07,1.3,14.44,7.38,0.86,20.71,16.88
design_5747,0.76,1.77,1.13,2.46,1.0,1.09,1.15,1.5,15.03,7.53,0.87,24.75,19.38
design_5748,0.81,1.78,0.91,2.35,1.06,1.05,1.11,1.44,15.53,7.7,0.88,23.67,18.09
design_5749,0.92,2.09,0.68,2.82,0.8,1.13,1.25,1.62,15.54,7.69,0.87,35.36,26.99
design_5750,0.96,1.91,1.41,2.55,0.83,1.23,1.22,1.61,16.36,8.02,0.88,34.74,27.29
design_5751,1.14,2.03,1.35,2.79,0.84,1.29,1.32,1.72,15.92,7.74,0.88,36.78,25.91
design_5752,1.82,2.1,3.61,1.63,1.08,1.69,1.36,2.4,19.02,9.59,0.84,18.48,12.59
design_5753,2.15,2.41,3.35,1.77,1.08,1.59,1.47,2.38,17.92,9.07,0.84,27.9,17.95
design_5754,1.78,2.14,4.04,1.67,1.15,1.74,1.5,2.6,17.14,8.91,0.84,15.78,10.2
design_5755,2.21,2.38,5.19,1.91,1.24,2.04,1.8,3.24,15.06,8.01,0.84,17.25,10.68
design_5756,2.04,2.14,4.77,1.69,1.24,1.84,1.64,2.97,18.23,9.25,0.85,15.81,10.17
design_5757,1.91,1.9,3.34,1.4,1.04,1.55,1.36,2.23,19.98,9.78,0.84,44.56,23.87
design_5758,1.94,2.2,3.05,1.74,1.12,1.76,1.37,2.22,19.08,9.54,0.84,8.31,7.65
design_5759,1.92,1.85,3.8,1.6,1.04,1.7,1.42,2.46,17.84,9.14,0.84,10.71,8.0
design_5760,1.23,2.0,1.72,1.97,0.94,1.94,1.19,1.71,15.77,8.27,0.83,7.62,7.21
design_5761,1.15,1.52,1.8,1.7,0.77,1.82,1.1,1.57,19.39,9.52,0.84,24.53,19.95
design_5762,0.91,1.39,4.96,1.77,1.19,1.94,1.56,2.89,15.1,7.98,0.85,4.82,4.49
design_5763,1.33,2.35,3.99,1.9,1.19,1.86,1.56,2.58,18.29,9.19,0.84,32.36,20.57
design_5764,1.11,1.69,2.23,1.68,0.91,1.73,1.17,1.72,18.88,9.34,0.85,10.35,12.3
design_5765,1.09,1.58,1.93,1.68,1.13,1.77,1.16,1.63,11.22,6.58,0.84,26.66,18.36
design_5766,1.53,1.93,1.84,2.01,1.15,2.04,1.33,1.81,15.47,8.18,0.84,9.3,6.49
design_5767,1.09,1.2,3.77,1.37,0.9,1.49,1.3,2.23,19.39,9.3,0.86,32.2,17.55
design_5768,1.14,1.85,1.65,1.6,1.21,1.86,1.1,1.58,15.95,8.28,0.85,21.13,15.34
design_5769,1.38,2.13,1.63,1.97,0.68,1.31,1.15,1.59,17.05,8.46,0.85,19.24,15.11
design_5770,1.24,1.94,1.61,1.94,0.86,2.14,1.14,1.69,16.73,8.52,0.85,16.0,11.19
design_5771,1.33,2.16,1.89,1.73,0.98,2.24,1.2,1.79,15.88,8.13,0.86,8.23,5.87
design_5772,1.07,2.07,2.28,1.69,1.01,2.15,1.17,1.83,16.77,8.48,0.86,7.15,5.25
design_5773,1.22,2.12,2.52,1.67,1.09,1.81,1.17,1.87,17.52,8.85,0.85,6.04,5.21
design_5774,1.31,2.07,1.61,1.89,0.75,1.56,1.16,1.59,17.39,8.71,0.85,12.09,10.72
design_5775,1.32,1.99,2.57,1.65,1.01,1.48,1.2,1.82,18.37,9.13,0.86,18.93,14.64
design_5776,0.98,2.23,1.68,1.65,0.93,1.56,1.1,1.57,18.6,9.19,0.84,22.38,12.0
design_5777,0.93,2.41,1.36,1.73,1.17,2.0,1.11,1.64,19.2,9.22,0.86,29.59,20.03
design_5778,0.9,2.36,1.32,1.66,1.06,1.78,1.07,1.55,15.98,8.44,0.84,24.64,16.56
design_5779,1.13,2.58,1.57,1.74,1.25,1.78,1.19,1.71,17.09,8.66,0.85,27.85,18.37
design_5780,1.26,2.6,1.82,1.78,1.38,2.02,1.27,1.85,17.59,8.73,0.86,29.85,20.07
design_5781,0.88,2.15,3.75,1.56,1.09,2.05,1.3,2.38,16.99,8.75,0.84,12.11,11.15
design_5782,1.12,2.69,1.69,1.84,1.21,2.0,1.22,1.81,17.58,8.79,0.86,15.39,14.1
design_5783,0.95,2.18,1.9,1.33,0.9,1.38,1.1,1.55,17.49,8.81,0.84,29.17,20.16
design_5784,1.29,2.33,6.07,2.12,1.11,1.61,1.81,3.47,17.13,8.8,0.85,8.57,7.45
design_5785,1.29,2.05,3.69,1.81,0.86,1.75,1.35,2.35,17.25,8.87,0.84,8.45,7.26
design_5786,1.26,1.84,5.73,1.81,1.12,2.25,1.71,3.3,15.44,8.12,0.85,18.15,14.68
design_5787,1.31,2.08,3.58,2.21,0.78,1.84,1.41,2.37,17.92,9.2,0.84,15.84,10.14
design_5788,1.28,2.4,10.38,1.91,1.04,2.2,2.66,5.59,18.45,9.57,0.84,16.89,10.86
design_5789,1.44,2.32,9.28,2.09,1.36,2.2,2.47,5.07,16.55,8.77,0.83,8.5,9.38
design_5790,1.18,2.2,9.46,1.97,0.69,2.53,2.46,5.14,17.94,9.28,0.84,8.64,8.47
design_5791,1.15,2.18,5.82,1.73,0.92,1.53,1.7,3.29,17.41,9.06,0.84,14.61,9.63
design_5792,1.05,2.94,1.88,2.17,1.15,3.52,1.43,2.43,17.64,9.19,0.84,31.2,23.69
design_5793,1.17,3.16,1.51,2.25,1.4,2.69,1.41,2.21,17.25,8.77,0.85,33.37,27.01
design_5794,1.22,2.87,2.33,2.4,1.46,2.09,1.37,2.12,12.19,6.8,0.85,31.38,26.57
design_5795,1.17,2.92,2.39,2.31,1.25,2.04,1.36,2.08,15.92,8.31,0.85,26.08,21.85
design_5796,1.1,3.42,2.46,2.06,1.3,3.17,1.48,2.47,16.85,8.85,0.84,33.18,25.6
design_5797,1.16,2.74,2.64,2.19,0.99,2.19,1.31,2.08,17.29,8.83,0.86,37.61,28.77
design_5798,1.01,2.91,2.15,2.02,1.1,2.31,1.27,2.04,15.9,8.45,0.84,14.7,12.33
design_5799,1.07,3.07,1.71,2.11,1.2,2.59,1.34,2.13,16.61,8.71,0.84,37.62,28.98
design_5800,1.18,1.86,1.27,1.66,0.97,6.06,1.73,3.39,17.99,9.36,0.84,11.84,10.01
design_5801,1.18,1.85,1.11,1.55,1.01,5.87,1.66,3.28,16.14,8.66,0.83,13.48,11.2
design_5802,1.18,1.77,1.08,1.64,1.01,5.98,1.68,3.34,16.99,9.01,0.83,5.42,6.31
design_5803,1.21,1.87,1.52,1.61,1.05,5.82,1.67,3.29,13.4,7.83,0.82,14.56,11.19
design_5804,1.27,1.76,1.38,2.16,0.93,6.55,1.85,3.67,17.35,9.12,0.84,4.9,5.04
design_5805,1.23,2.02,2.06,1.79,0.96,2.94,1.35,2.09,16.51,9.02,0.82,27.7,17.6
design_5806,1.27,2.01,1.69,1.77,1.13,5.25,1.65,3.06,16.8,9.07,0.82,22.03,15.03
design_5807,1.13,1.92,1.14,1.66,0.95,5.73,1.63,3.23,16.55,8.96,0.83,13.4,10.97
design_5808,1.84,3.16,1.43,1.91,1.37,2.58,1.38,2.12,18.18,8.69,0.86,37.83,21.63
design_5809,1.9,3.11,1.57,2.05,1.32,2.81,1.4,2.22,19.46,9.3,0.86,33.07,24.08
design_5810,1.7,3.3,1.53,2.21,1.46,3.05,1.48,2.32,18.26,9.18,0.85,36.7,24.49
design_5811,1.68,3.03,1.65,1.9,1.29,3.03,1.36,2.22,18.94,9.08,0.86,32.54,23.83
design_5812,1.83,2.49,1.55,2.19,1.46,3.36,1.46,2.29,17.96,9.01,0.85,32.06,22.02
design_5813,1.77,3.11,1.41,2.21,1.52,2.25,1.45,2.09,15.22,8.09,0.85,19.15,13.53
design_5814,1.55,2.96,1.31,2.07,1.36,2.93,1.42,2.15,16.6,8.62,0.84,11.78,8.03
design_5815,1.36,3.05,1.44,2.27,1.33,3.17,1.45,2.26,17.9,9.0,0.85,37.96,20.68
design_5816,1.13,2.33,2.06,2.9,1.16,2.27,1.5,2.1,17.44,8.93,0.85,10.31,7.52
design_5817,1.05,2.14,1.8,2.8,0.93,2.13,1.36,1.94,18.54,9.51,0.84,16.53,15.58
design_5818,1.05,2.07,1.75,2.58,1.11,2.01,1.33,1.86,18.51,9.43,0.84,17.99,16.79
design_5819,1.17,2.33,1.22,2.72,1.19,2.12,1.4,1.86,18.49,9.29,0.85,9.86,10.32
design_5820,1.14,2.35,1.84,2.55,1.06,2.71,1.4,2.1,18.45,9.43,0.84,23.0,16.45
design_5821,1.05,2.25,1.58,2.59,1.14,2.18,1.35,1.89,18.48,9.43,0.84,7.3,6.88
design_5822,0.95,2.27,1.56,1.77,0.82,5.17,1.53,2.81,18.41,9.33,0.84,18.97,15.06
design_5823,1.02,2.16,0.89,2.23,0.66,2.53,1.22,1.77,14.74,8.08,0.83,15.35,14.18
design_5824,1.35,1.9,1.92,2.01,1.07,2.97,1.39,2.09,19.35,9.94,0.83,22.64,18.5
design_5825,1.39,1.92,1.94,2.04,1.08,3.02,1.45,2.13,18.34,9.54,0.83,28.42,20.65
design_5826,1.26,1.81,2.18,1.92,0.99,3.11,1.42,2.17,19.16,9.87,0.83,15.96,11.01
design_5827,1.14,1.61,1.57,1.68,1.01,3.18,1.33,2.01,18.26,9.57,0.83,16.59,11.61
design_5828,1.37,2.03,2.43,1.94,1.17,3.17,1.5,2.3,19.22,9.9,0.83,26.45,17.21
design_5829,1.18,1.66,1.15,1.65,0.97,3.31,1.3,1.99,17.71,9.47,0.82,9.99,8.32
design_5830,1.09,1.63,2.6,1.49,0.93,2.95,1.3,2.15,18.26,9.63,0.82,15.99,15.6
design_5831,1.08,1.74,2.52,1.46,0.93,2.72,1.26,2.06,19.25,9.97,0.83,16.74,12.68
design_5832,1.27,1.7,2.66,1.97,1.19,2.47,1.23,2.03,15.83,8.68,0.82,5.92,5.38
design_5833,1.27,1.83,2.72,1.8,1.19,6.69,1.86,3.71,16.82,8.88,0.84,22.13,16.78
design_5834,1.26,1.76,3.46,1.82,0.97,7.01,1.95,3.94,18.15,9.22,0.85,16.72,12.68
design_5835,1.21,1.47,3.65,1.63,0.82,2.13,1.19,2.07,15.53,8.42,0.83,7.78,8.4
design_5836,1.34,1.8,2.58,1.74,1.05,4.06,1.41,2.56,17.27,9.21,0.83,21.09,16.67
design_5837,1.37,1.64,3.69,1.95,0.95,2.21,1.34,2.19,17.43,9.19,0.84,9.93,4.69
design_5838,1.0,1.69,3.63,2.04,1.07,7.34,2.0,4.11,17.59,8.95,0.85,14.49,10.23
design_5839,1.34,1.86,2.68,2.17,1.14,6.68,1.86,3.74,18.22,9.4,0.84,27.72,21.93
design_5840,1.4,1.91,2.5,1.55,0.98,2.93,1.31,2.16,16.93,8.95,0.83,29.51,22.05
design_5841,1.09,1.68,2.2,1.45,0.71,3.06,1.22,2.08,15.37,8.5,0.82,9.25,7.9
design_5842,1.33,1.86,1.89,1.4,0.75,3.83,1.37,2.39,15.19,8.42,0.83,17.78,11.49
design_5843,1.13,1.72,2.42,1.53,0.66,3.03,1.25,2.12,16.77,9.08,0.82,21.62,15.26
design_5844,1.65,1.82,2.23,1.53,0.74,3.93,1.49,2.52,14.64,8.12,0.82,15.24,11.45
design_5845,1.32,1.85,2.67,1.49,0.76,2.87,1.25,2.14,16.34,8.83,0.83,20.14,14.9
design_5846,1.29,1.57,1.98,1.47,0.75,3.92,1.32,2.42,14.2,8.12,0.82,9.37,6.94
design_5847,1.34,1.41,2.57,1.54,1.22,3.46,1.35,2.34,12.55,7.52,0.82,17.84,13.61
design_5848,1.32,2.82,2.12,2.77,0.95,4.54,1.75,3.05,18.13,9.38,0.84,21.24,17.23
design_5849,1.35,2.72,2.18,2.72,1.01,4.54,1.75,3.04,19.44,9.83,0.85,15.67,14.21
design_5850,1.04,2.57,1.23,2.2,0.92,9.53,2.56,5.38,18.18,9.58,0.83,27.28,21.1
design_5851,1.39,2.82,2.33,2.91,0.97,4.87,1.84,3.24,18.15,9.4,0.84,33.2,26.05
design_5852,1.11,2.6,2.25,2.48,0.89,4.63,1.66,3.02,17.47,9.26,0.83,21.77,17.41
design_5853,1.43,2.58,1.87,2.72,1.19,4.3,1.68,2.91,17.41,9.17,0.83,22.63,18.99
design_5854,1.37,2.67,1.61,2.66,1.18,3.92,1.63,2.73,16.94,9.02,0.83,10.18,8.63
design_5855,1.51,2.59,1.83,2.52,1.01,4.41,1.66,2.92,17.4,9.21,0.83,19.85,16.88
design_5856,1.48,2.27,1.92,1.84,1.13,3.93,1.55,2.54,18.38,9.53,0.83,21.76,17.45
design_5857,1.37,2.01,2.2,1.85,0.87,4.12,1.57,2.61,17.24,9.14,0.83,9.61,8.6
design_5858,1.5,2.27,2.6,1.85,1.13,4.19,1.64,2.76,17.75,9.46,0.82,13.33,11.79
design_5859,1.54,1.95,2.28,1.62,0.71,4.58,1.56,2.81,14.88,8.44,0.82,8.45,7.08
design_5860,1.59,2.46,1.81,1.99,1.11,4.58,1.68,2.83,15.46,8.58,0.82,15.05,11.97
design_5861,1.63,2.46,2.31,1.89,1.11,4.1,1.61,2.71,17.58,9.3,0.82,5.64,7.01
design_5862,1.86,2.76,3.2,2.17,1.7,3.53,1.77,2.8,16.52,8.77,0.83,17.24,13.18
design_5863,1.51,2.38,2.33,1.92,0.88,4.13,1.59,2.7,17.66,9.3,0.83,8.31,6.0
design_5864,1.9,2.15,4.71,1.99,0.92,1.07,1.59,2.91,14.01,7.59,0.84,16.32,12.62
design_5865,1.92,2.57,3.03,2.17,1.35,1.34,1.45,2.31,18.68,9.03,0.86,12.03,8.59
design_5866,1.84,2.48,1.95,1.89,1.12,1.17,1.24,1.83,18.47,8.94,0.86,9.03,7.73
design_5867,1.77,2.38,2.55,2.33,1.43,1.42,1.32,2.12,18.41,9.01,0.86,11.65,8.7
design_5868,1.63,1.63,3.1,1.91,0.92,1.24,1.26,2.1,13.32,7.1,0.85,7.46,5.09
design_5869,2.1,2.36,3.0,2.29,1.46,1.56,1.47,2.34,18.11,8.86,0.86,33.76,23.71
design_5870,2.24,2.39,4.12,2.3,1.39,1.57,1.59,2.8,15.06,7.83,0.84,23.29,17.42
design_5871,2.71,2.38,5.04,2.25,1.26,1.21,1.82,3.23,15.72,8.24,0.84,32.58,24.05
design_5872,0.69,2.87,1.14,2.31,1.32,2.27,1.22,1.94,17.56,9.04,0.85,33.4,27.31
design_5873,0.5,2.65,2.7,2.11,1.08,2.73,1.2,2.12,17.04,8.77,0.85,30.67,25.76
design_5874,0.74,3.02,1.31,2.36,1.41,1.77,1.22,1.92,17.03,8.84,0.84,9.75,7.64
design_5875,0.98,2.53,3.23,2.3,1.17,1.83,1.27,2.09,17.28,8.72,0.85,36.77,30.06
design_5876,1.23,3.13,1.4,2.32,1.68,2.05,1.31,2.07,16.4,8.64,0.84,7.02,4.76
design_5877,0.64,2.87,2.59,2.47,1.23,2.26,1.26,2.14,18.14,9.22,0.86,31.18,24.77
design_5878,0.48,2.64,1.77,2.04,1.2,1.57,1.1,1.73,16.32,8.54,0.85,28.49,24.89
design_5879,0.87,2.94,1.34,2.53,1.51,2.04,1.28,2.01,16.55,8.68,0.85,16.06,9.49
design_5880,1.6,3.39,1.4,2.19,1.43,1.75,1.46,2.07,16.58,8.54,0.84,21.53,17.2
design_5881,1.27,3.59,1.62,1.87,1.59,1.97,1.39,2.1,17.0,8.77,0.84,23.52,16.79
design_5882,1.59,3.22,1.31,1.99,1.3,1.74,1.36,1.96,16.15,8.38,0.85,13.57,10.13
design_5883,1.62,3.43,1.55,1.93,1.66,2.22,1.48,2.17,17.28,8.83,0.84,14.08,9.1
design_5884,1.29,3.2,1.5,2.2,1.43,1.68,1.31,1.98,15.75,8.36,0.84,18.54,14.43
design_5885,1.55,3.39,1.47,1.89,1.3,1.91,1.43,2.03,15.49,8.19,0.84,23.25,15.5
design_5886,1.58,3.45,1.5,1.88,1.51,1.73,1.42,2.04,15.98,8.32,0.84,14.29,9.85
design_5887,1.51,3.04,1.38,1.93,1.43,1.81,1.37,1.93,18.01,9.11,0.85,22.15,15.12
design_5888,1.41,1.76,1.03,2.04,0.91,2.89,1.27,1.87,16.7,8.67,0.84,7.51,7.5
design_5889,1.23,1.9,0.85,2.27,1.07,1.43,1.22,1.52,18.08,8.96,0.86,22.18,13.01
design_5890,1.48,1.59,0.89,2.01,0.91,2.76,1.27,1.8,16.4,8.57,0.85,12.62,11.29
design_5891,1.34,1.91,0.94,2.11,1.01,1.95,1.28,1.62,17.85,9.0,0.85,21.86,11.75
design_5892,1.31,1.81,1.07,2.08,0.84,2.66,1.25,1.8,16.93,8.78,0.84,10.3,9.12
design_5893,1.42,1.9,0.93,2.13,1.18,2.09,1.29,1.69,17.33,8.81,0.85,19.74,14.67
design_5894,1.19,1.71,0.75,2.21,0.87,2.0,1.21,1.57,16.26,8.41,0.85,17.67,14.89
design_5895,1.41,1.97,0.91,2.1,1.01,1.96,1.28,1.64,17.12,8.77,0.85,27.31,18.86
design_5896,1.89,2.75,8.86,2.78,0.97,6.06,2.65,5.35,17.51,8.83,0.85,29.45,23.38
design_5897,2.04,2.25,1.67,2.94,1.07,2.87,1.49,2.23,15.03,7.95,0.84,36.23,23.68
design_5898,2.0,2.52,2.11,2.53,1.17,2.61,1.45,2.22,19.27,9.71,0.85,33.34,23.56
design_5899,1.88,2.1,2.45,2.66,2.02,3.1,1.54,2.44,16.25,8.37,0.85,6.82,5.83
design_5900,2.02,2.44,1.78,3.35,1.2,2.63,1.59,2.32,17.36,8.45,0.85,12.6,9.68
design_5901,2.0,2.41,3.61,2.89,1.12,2.77,1.65,2.72,18.76,9.17,0.85,32.3,22.29
design_5902,2.01,2.57,2.0,3.05,1.11,2.59,1.55,2.3,18.28,9.18,0.85,36.68,23.23
design_5903,2.0,2.42,2.3,2.58,1.27,2.84,1.52,2.32,18.13,9.35,0.84,29.94,23.52
design_5904,1.92,2.11,1.63,2.39,1.11,2.61,1.46,2.05,17.95,9.12,0.84,23.86,18.4
design_5905,1.8,2.24,1.71,2.12,1.16,2.42,1.42,1.97,17.87,9.2,0.84,32.18,23.34
design_5906,1.87,1.97,1.91,2.3,0.98,2.34,1.37,1.98,19.36,9.42,0.85,29.29,20.09
design_5907,2.04,2.11,1.85,2.36,1.07,2.71,1.51,2.12,17.88,9.15,0.85,14.22,11.33
design_5908,1.55,1.79,1.7,2.01,0.92,2.73,1.31,1.92,17.82,9.19,0.84,25.06,19.02
design_5909,1.97,2.13,1.88,2.28,1.04,2.69,1.48,2.1,17.88,9.14,0.85,30.36,22.92
design_5910,1.82,2.01,1.72,1.98,0.97,1.86,1.26,1.77,19.06,9.44,0.84,21.11,13.99
design_5911,1.84,1.97,1.8,2.19,0.99,2.17,1.37,1.89,18.46,9.25,0.85,21.02,14.71
design_5912,1.33,2.45,1.01,3.3,1.28,1.73,1.5,2.01,16.68,8.32,0.87,6.27,5.73
design_5913,1.27,2.07,0.87,3.03,1.29,1.73,1.4,1.86,17.2,8.81,0.85,13.15,8.37
design_5914,1.29,2.32,0.92,2.91,1.13,1.52,1.38,1.81,17.45,8.94,0.85,20.17,15.6
design_5915,1.21,2.35,0.99,2.81,1.19,1.61,1.37,1.81,17.11,8.87,0.85,5.9,5.35
design_5916,1.18,2.17,0.93,2.8,1.12,1.67,1.32,1.78,18.03,9.1,0.85,19.04,15.37
design_5917,1.19,2.06,0.77,2.77,1.29,1.84,1.33,1.8,17.53,9.03,0.85,9.46,8.55
design_5918,1.38,2.38,0.99,3.34,1.26,1.73,1.49,2.01,16.61,8.34,0.86,15.64,15.14
design_5919,1.24,2.3,0.87,2.77,1.25,1.65,1.33,1.81,17.79,9.09,0.84,11.82,9.0
design_5920,1.38,2.48,1.47,2.12,1.17,1.39,1.24,1.71,18.44,8.83,0.87,27.37,19.36
design_5921,1.8,2.65,1.36,2.42,1.59,2.09,1.42,1.99,14.79,7.55,0.86,29.9,23.13
design_5922,1.59,2.32,1.52,2.21,1.29,1.63,1.27,1.78,16.6,8.36,0.86,27.47,20.66
design_5923,1.48,2.44,1.37,2.22,1.4,1.73,1.26,1.79,15.95,7.97,0.87,30.01,23.41
design_5924,1.57,2.17,1.43,2.19,1.0,1.09,1.19,1.64,18.84,9.0,0.86,28.15,20.05
design_5925,1.62,2.54,1.52,2.4,1.1,1.34,1.29,1.82,15.39,7.84,0.86,30.63,23.75
design_5926,1.76,2.54,1.58,2.37,1.53,1.88,1.4,1.95,16.65,8.24,0.86,10.81,9.51
design_5927,1.68,2.56,1.48,2.51,1.46,1.77,1.37,1.93,14.42,7.47,0.86,4.86,3.26
design_5928,1.81,2.58,2.38,2.51,1.22,3.14,1.55,2.46,18.62,9.4,0.85,16.6,12.65
design_5929,1.55,2.69,2.12,2.42,0.95,2.38,1.43,2.14,18.11,9.32,0.84,28.89,21.42
design_5930,1.69,2.08,2.06,2.51,1.04,2.2,1.42,2.03,19.58,9.71,0.85,20.52,14.43
design_5931,1.76,2.25,2.42,2.51,1.19,2.99,1.53,2.38,18.48,9.29,0.85,16.04,10.27
design_5932,1.94,2.92,1.91,2.69,0.97,2.67,1.52,2.3,18.13,9.31,0.83,30.14,20.68
design_5933,1.78,2.67,1.88,2.59,1.01,2.42,1.45,2.15,15.97,8.52,0.83,16.2,10.72
design_5934,1.55,2.2,1.72,2.42,1.31,3.63,1.54,2.42,7.91,5.66,0.84,28.89,21.38
design_5935,2.0,2.96,1.6,2.58,1.31,3.25,1.58,2.44,18.58,9.61,0.83,25.5,18.93
design_5936,1.49,2.22,1.5,2.27,2.11,1.79,1.3,1.89,10.92,6.43,0.84,26.6,20.45
design_5937,1.36,2.04,2.97,1.96,1.26,1.9,1.28,2.09,17.63,9.0,0.84,20.7,13.15
design_5938,1.79,2.32,1.5,2.38,1.27,2.08,1.3,1.91,16.72,8.48,0.85,31.24,22.25
design_5939,1.43,1.95,1.29,1.99,1.14,2.13,1.15,1.68,17.62,8.78,0.86,30.37,21.33
design_5940,1.83,2.31,1.61,2.45,1.33,2.21,1.38,1.98,14.76,7.75,0.85,26.08,17.98
design_5941,1.65,2.22,1.48,2.34,1.19,2.32,1.3,1.9,15.1,7.92,0.85,27.94,19.9
design_5942,1.65,2.12,1.52,2.07,1.42,2.3,1.24,1.86,16.63,8.42,0.86,32.14,23.91
design_5943,1.6,2.05,1.38,2.27,1.47,2.11,1.27,1.82,16.94,8.52,0.86,31.06,22.5
design_5944,1.4,2.26,2.03,2.43,0.8,3.22,1.39,2.25,18.06,9.38,0.84,13.52,10.38
design_5945,1.55,2.13,1.3,2.63,1.02,2.61,1.4,2.04,17.12,9.0,0.84,11.63,9.03
design_5946,1.52,2.19,1.26,2.67,1.05,2.36,1.42,1.98,16.25,8.61,0.84,28.11,21.2
design_5947,1.89,2.42,1.13,3.09,1.02,2.55,1.51,2.2,18.12,9.21,0.84,17.47,13.5
design_5948,1.44,2.39,1.56,2.56,1.1,2.64,1.45,2.09,18.19,9.43,0.84,21.96,18.39
design_5949,1.66,2.17,0.87,3.12,0.9,2.66,1.46,2.15,17.9,9.19,0.85,17.37,12.02
design_5950,1.45,2.05,1.17,2.62,0.83,2.63,1.35,1.99,16.54,8.78,0.84,12.26,9.4
design_5951,1.32,2.26,1.42,2.4,0.88,4.59,1.51,2.66,16.03,8.61,0.84,12.59,9.54
design_5952,1.02,1.99,4.87,2.29,0.77,6.38,2.04,3.96,17.24,8.88,0.84,11.03,6.45
design_5953,1.29,2.22,6.11,2.19,0.55,5.93,2.12,4.22,11.96,7.24,0.82,8.21,8.04
design_5954,0.72,1.91,3.67,2.22,0.69,5.8,1.8,3.41,16.91,9.1,0.82,5.73,5.32
design_5955,0.95,2.09,4.53,1.64,0.54,7.02,2.08,4.05,16.91,8.25,0.87,13.6,11.81
design_5956,0.92,2.28,4.29,1.69,0.9,2.31,1.51,2.6,16.66,9.04,0.82,13.1,9.54
design_5957,0.91,1.91,4.16,1.64,0.58,6.06,1.83,3.59,18.38,9.54,0.83,15.7,10.24
design_5958,1.2,2.59,4.29,1.7,0.93,6.34,1.99,3.8,18.24,9.24,0.85,17.97,12.86
design_5959,0.85,2.0,4.57,2.26,0.64,6.82,2.03,4.03,16.5,8.28,0.86,21.69,14.63
design_5960,1.13,2.87,1.44,1.81,1.19,1.5,1.23,1.72,18.15,9.24,0.85,20.93,16.49
design_5961,1.36,2.13,2.72,2.0,1.06,1.8,1.37,1.9,15.04,7.76,0.85,31.61,23.77
design_5962,1.09,1.79,1.23,1.78,0.91,1.62,1.14,1.46,16.43,8.7,0.83,26.74,20.78
design_5963,1.36,2.17,2.48,1.8,1.17,6.38,1.77,3.5,16.62,8.79,0.84,27.41,20.34
design_5964,1.21,2.46,2.91,1.89,1.04,2.11,1.33,2.03,16.85,8.71,0.85,30.83,24.37
design_5965,1.1,1.96,1.33,1.83,1.04,5.64,1.63,3.05,17.38,8.72,0.85,34.65,24.14
design_5966,1.47,2.23,2.64,1.7,1.24,6.36,1.81,3.52,17.16,9.03,0.83,32.02,24.43
design_5967,1.01,2.31,1.25,1.81,1.02,1.49,1.19,1.54,16.37,8.74,0.83,22.38,17.18
design_5968,1.63,2.22,2.38,1.91,1.12,2.28,1.4,2.02,17.77,9.09,0.85,12.38,11.46
design_5969,1.08,2.4,1.43,1.86,0.94,2.45,1.26,1.81,18.17,9.24,0.84,14.99,12.61
design_5970,1.58,2.12,3.38,1.52,0.88,2.36,1.37,2.23,18.2,8.91,0.86,32.51,20.82
design_5971,1.57,1.92,1.66,1.9,0.99,2.5,1.32,1.86,14.98,8.22,0.82,14.31,12.32
design_5972,1.22,1.66,1.6,1.56,0.94,2.45,1.07,1.7,15.01,8.31,0.82,27.28,20.95
design_5973,1.68,2.37,2.9,1.88,1.09,2.42,1.43,2.2,17.18,8.84,0.84,9.95,5.97
design_5974,1.46,1.87,2.15,1.55,1.31,2.71,1.19,1.97,17.49,9.02,0.84,27.39,20.73
design_5975,1.74,2.1,2.17,1.97,1.71,2.5,1.45,2.08,12.4,6.99,0.84,17.7,14.34
design_5976,1.48,1.79,1.86,2.22,1.25,5.15,1.63,2.88,16.75,8.87,0.82,26.47,21.59
design_5977,1.18,1.81,1.19,2.41,1.23,3.83,1.42,2.28,19.26,9.65,0.84,16.47,13.37
design_5978,1.36,1.78,1.15,2.31,1.06,3.92,1.43,2.29,20.66,10.15,0.84,33.52,21.29
design_5979,1.13,1.95,0.91,2.42,1.16,3.82,1.42,2.24,18.98,9.59,0.84,17.55,12.67
design_5980,1.25,1.95,1.46,2.26,1.05,4.13,1.44,2.41,19.68,9.94,0.84,31.52,21.82
design_5981,1.26,1.91,1.39,2.43,0.92,4.14,1.49,2.42,19.05,9.63,0.84,15.86,12.25
design_5982,1.26,1.75,1.46,2.33,0.95,4.14,1.44,2.41,19.68,9.85,0.84,21.81,13.38
design_5983,1.18,1.77,2.26,2.35,0.86,4.72,1.63,2.77,18.6,9.5,0.84,12.92,8.88
design_5984,1.26,2.63,1.13,2.1,1.29,1.6,1.32,1.71,15.49,8.27,0.84,8.02,5.58
design_5985,1.44,2.74,0.95,2.03,1.19,1.61,1.3,1.72,17.39,8.95,0.84,23.82,18.22
design_5986,1.25,2.71,4.95,2.03,1.31,1.75,1.6,2.7,18.21,9.51,0.84,12.78,9.98
design_5987,1.1,2.24,0.81,1.7,1.43,1.65,1.14,1.53,15.11,8.24,0.84,8.73,5.5
design_5988,1.24,2.42,0.94,1.82,1.37,1.71,1.21,1.63,16.29,8.7,0.84,12.63,7.95
design_5989,1.33,2.69,0.83,2.04,1.27,1.66,1.3,1.7,15.91,8.44,0.84,7.63,5.46
design_5990,1.49,2.83,0.8,2.21,1.31,1.55,1.33,1.77,15.73,8.33,0.84,14.97,11.12
design_5991,1.02,2.27,0.76,1.86,1.3,1.5,1.14,1.5,13.84,7.75,0.84,7.36,4.63
design_5992,1.52,1.83,0.67,1.84,1.43,1.77,1.23,1.57,15.92,8.69,0.82,19.17,16.02
design_5993,1.15,1.49,0.85,1.61,1.77,2.18,1.18,1.63,12.63,7.42,0.83,20.69,16.29
design_5994,1.24,1.42,0.53,1.62,1.24,5.42,1.57,2.97,17.16,9.3,0.82,11.63,10.19
design_5995,1.66,1.65,1.1,1.72,1.42,3.18,1.33,2.08,15.56,8.57,0.83,9.21,9.67
design_5996,1.57,1.69,0.65,1.89,1.54,3.45,1.38,2.19,14.53,8.27,0.83,8.16,9.31
design_5997,1.08,1.52,0.89,1.57,0.96,3.86,1.29,2.24,17.5,9.3,0.83,7.28,8.2
design_5998,1.7,1.93,1.33,2.08,1.46,2.31,1.41,1.89,16.97,8.95,0.84,11.5,9.55
design_5999,1.3,1.91,6.1,1.6,1.23,6.48,2.14,4.33,18.45,9.74,0.83,7.73,9.72
design_6000,1.45,2.94,1.57,2.95,1.42,1.06,1.36,2.07,16.64,8.49,0.86,30.92,24.94
design_6001,1.58,3.04,1.6,3.07,1.38,1.14,1.4,2.15,17.19,8.65,0.86,29.7,23.55
design_6002,1.51,3.01,1.49,3.0,1.4,1.13,1.4,2.1,16.79,8.6,0.85,32.74,27.44
design_6003,1.76,3.16,1.64,3.42,1.5,1.08,1.49,2.31,17.96,9.03,0.85,26.5,18.97
design_6004,1.24,2.57,3.38,2.75,1.13,1.32,1.31,2.2,16.9,8.34,0.87,34.75,27.59
design_6005,1.69,2.96,1.48,3.26,1.42,1.01,1.4,2.18,16.28,8.36,0.86,24.98,20.63
design_6006,1.55,3.31,1.56,3.28,1.43,1.11,1.49,2.26,16.56,8.51,0.85,35.72,28.82
design_6007,1.63,2.66,1.8,3.0,1.27,1.3,1.35,2.08,17.37,8.82,0.85,32.12,25.99
design_6008,1.26,2.0,2.16,1.69,1.21,5.07,1.43,2.71,17.05,8.85,0.84,28.95,22.17
design_6009,1.23,2.07,1.38,1.75,1.37,5.03,1.42,2.64,17.05,8.79,0.85,29.42,23.53
design_6010,1.2,2.03,1.69,1.8,1.37,4.86,1.41,2.6,17.04,8.87,0.84,18.95,17.86
design_6011,1.72,2.25,1.38,1.83,1.42,5.0,1.51,2.71,16.29,8.5,0.84,32.37,24.66
design_6012,1.66,2.61,1.69,2.28,1.55,5.33,1.61,2.96,12.54,7.22,0.83,13.21,10.78
design_6013,1.54,2.01,1.6,1.85,1.36,5.02,1.48,2.68,16.22,8.47,0.85,17.04,12.12
design_6014,1.0,1.74,2.82,1.73,1.21,2.0,1.19,1.87,17.05,8.53,0.85,33.57,24.77
design_6015,1.01,1.57,3.19,1.81,1.07,3.76,1.35,2.4,16.31,8.66,0.84,29.55,22.98
design_6016,0.65,1.15,0.69,1.53,1.09,1.59,0.92,1.18,10.06,6.6,0.82,10.74,7.48
design_6017,0.94,1.24,1.5,1.33,0.67,2.99,1.15,1.73,17.91,9.09,0.84,39.55,28.03
design_6018,2.25,1.76,1.04,1.95,1.11,2.94,1.43,2.0,15.45,8.55,0.82,27.79,21.64
design_6019,0.89,1.39,1.34,1.38,0.67,2.71,1.08,1.62,17.58,9.0,0.83,39.97,26.48
design_6020,0.84,1.32,0.86,1.64,0.85,1.96,1.01,1.35,7.31,5.65,0.83,8.42,6.15
design_6021,1.01,1.44,1.12,1.68,0.92,4.29,1.38,2.24,8.94,6.02,0.83,6.51,5.92
design_6022,1.22,1.56,1.35,1.72,1.11,3.84,1.32,2.15,8.45,6.0,0.82,5.58,4.82
design_6023,1.21,1.6,1.04,1.95,1.01,3.14,1.28,1.89,16.45,8.82,0.83,30.6,23.63
design_6024,1.74,2.12,1.34,2.36,1.07,3.8,1.65,2.49,18.04,9.39,0.83,31.32,23.78
design_6025,1.03,1.34,1.55,1.77,0.89,7.32,1.98,3.99,15.52,8.65,0.82,12.07,10.05
design_6026,1.13,1.54,1.56,1.75,0.86,4.93,1.61,2.84,18.83,9.72,0.83,27.92,17.36
design_6027,1.06,1.25,1.6,1.8,0.85,5.28,1.58,2.99,16.97,9.21,0.82,20.83,17.17
design_6028,1.65,1.95,1.33,2.43,1.27,4.45,1.71,2.76,17.82,9.22,0.83,12.13,8.15
design_6029,1.53,1.92,1.26,2.26,0.95,3.83,1.54,2.44,17.91,9.29,0.83,36.11,23.98
design_6030,1.39,1.61,1.15,1.84,1.27,5.59,1.69,3.16,7.0,5.73,0.82,14.35,12.35
design_6031,1.54,1.94,1.26,2.06,0.97,4.39,1.62,2.66,16.5,8.79,0.83,15.07,11.95
design_6032,1.47,2.11,1.76,2.72,0.81,2.04,1.21,1.92,16.91,8.74,0.84,17.93,13.73
design_6033,1.33,1.93,1.79,2.56,0.78,2.02,1.15,1.84,16.87,8.75,0.84,15.95,12.15
design_6034,1.46,1.9,2.78,2.71,0.92,1.66,1.29,2.07,17.47,8.9,0.86,19.21,14.74
design_6035,1.65,1.97,2.58,3.4,0.94,1.28,1.42,2.17,17.73,8.75,0.85,28.36,21.36
design_6036,1.47,1.99,1.69,2.7,0.82,2.18,1.21,1.91,17.18,8.8,0.85,16.74,12.81
design_6037,1.38,1.81,2.77,2.66,0.97,1.7,1.25,2.05,19.33,9.56,0.86,29.99,22.56
design_6038,1.54,2.04,2.73,3.32,0.96,1.98,1.45,2.28,18.63,9.3,0.85,29.78,19.02
design_6039,1.77,2.07,2.85,3.36,0.98,1.46,1.46,2.27,17.67,8.55,0.86,39.85,26.23
design_6040,1.01,0.64,1.92,1.59,0.71,1.27,1.05,1.4,13.64,7.46,0.84,26.89,16.96
design_6041,1.5,1.34,2.68,2.08,0.93,1.06,1.28,1.9,17.74,8.7,0.86,22.49,15.44
design_6042,0.98,0.69,1.7,1.46,0.71,0.98,0.94,1.26,16.59,8.74,0.83,30.87,22.11
design_6043,1.36,1.39,2.45,2.06,1.07,1.21,1.27,1.81,18.95,9.22,0.86,13.78,11.66
design_6044,1.29,0.93,2.62,1.58,0.79,1.03,1.15,1.72,18.36,9.33,0.84,13.37,10.98
design_6045,1.27,1.21,2.32,1.88,1.22,1.22,1.17,1.71,15.67,7.97,0.86,4.41,3.73
design_6046,1.59,1.13,2.51,2.29,1.03,1.08,1.28,1.87,17.29,8.45,0.87,11.5,8.3
design_6047,1.31,0.97,1.72,1.76,0.91,1.09,1.13,1.41,19.31,9.73,0.84,21.73,15.41
design_6048,1.12,3.08,1.77,3.0,0.94,2.05,1.35,2.17,17.21,8.96,0.84,33.76,25.2
design_6049,1.04,2.81,1.83,2.44,0.87,5.06,1.49,2.88,16.64,8.57,0.85,31.71,25.7
design_6050,1.05,2.99,1.76,2.51,1.01,2.39,1.26,2.1,16.77,8.84,0.84,34.39,28.77
design_6051,1.1,3.0,1.75,2.45,0.78,5.17,1.51,2.94,14.33,7.57,0.85,23.42,19.82
design_6052,0.99,2.94,1.73,2.58,1.32,4.97,1.52,2.9,16.08,8.32,0.85,25.63,21.83
design_6053,1.06,2.87,1.69,2.49,0.94,2.21,1.2,2.02,17.09,8.96,0.84,30.13,25.65
design_6054,1.02,2.89,1.71,2.42,0.9,4.88,1.46,2.81,17.06,8.8,0.85,34.3,27.15
design_6055,1.11,3.0,1.76,2.49,0.89,2.14,1.23,2.04,17.05,8.96,0.84,27.18,21.59
design_6056,1.38,2.4,1.15,2.39,1.07,1.64,1.3,1.73,11.66,6.5,0.86,6.18,5.88
design_6057,1.44,2.51,1.77,2.62,1.19,1.73,1.41,1.94,17.02,8.37,0.87,30.24,23.69
design_6058,1.46,2.62,1.17,2.49,1.09,1.45,1.35,1.79,16.91,8.24,0.87,32.05,23.0
design_6059,1.54,2.67,1.2,2.67,1.22,1.53,1.43,1.88,17.26,8.47,0.86,31.61,20.4
design_6060,1.64,2.76,1.63,2.74,1.33,1.56,1.49,2.01,14.92,7.68,0.85,10.56,5.97
design_6061,1.72,2.8,1.62,2.78,1.23,1.53,1.51,2.03,16.24,8.01,0.87,29.26,23.47
design_6062,1.6,2.57,1.62,2.8,1.08,1.66,1.42,1.97,17.58,8.58,0.87,38.88,23.5
design_6063,1.53,2.58,1.2,2.66,1.12,1.53,1.42,1.85,16.43,8.06,0.87,30.7,21.19
design_6064,1.16,2.25,3.29,1.85,1.23,2.69,1.36,2.23,17.06,8.86,0.84,30.64,23.87
design_6065,1.71,2.82,1.87,2.08,1.61,2.53,1.46,2.14,13.78,7.59,0.84,11.77,8.16
design_6066,1.35,2.18,1.57,2.33,1.31,2.28,1.31,1.89,16.53,8.77,0.82,29.94,23.63
design_6067,1.64,2.39,1.79,2.1,1.61,2.31,1.37,2.0,15.1,8.28,0.83,11.21,7.37
design_6068,1.48,2.01,2.93,2.17,1.31,1.77,1.4,2.03,16.54,8.74,0.83,26.32,19.92
design_6069,1.33,2.12,1.91,2.37,1.42,2.57,1.38,2.01,15.3,8.3,0.83,29.63,23.38
design_6070,1.35,2.34,1.83,2.13,1.38,2.46,1.35,1.97,17.93,9.22,0.84,21.92,17.57
design_6071,1.75,2.82,1.43,2.33,1.42,2.37,1.49,2.08,16.97,8.8,0.84,20.18,15.94
design_6072,1.15,2.34,4.68,2.55,0.95,4.97,1.64,3.25,16.86,8.42,0.87,16.87,13.74
design_6073,1.03,2.43,4.59,2.46,0.95,4.76,1.62,3.16,14.14,7.52,0.85,20.76,13.89
design_6074,1.55,2.94,2.08,2.72,1.25,4.67,1.58,2.87,17.25,8.64,0.86,21.8,17.58
design_6075,1.48,2.91,2.09,2.67,1.17,4.54,1.55,2.81,17.66,8.93,0.85,36.58,25.16
design_6076,1.5,3.0,2.25,2.67,0.92,4.94,1.61,2.96,17.32,8.53,0.87,18.39,14.62
design_6077,1.61,3.04,2.18,2.92,1.6,4.79,1.66,3.0,16.76,8.34,0.86,29.23,21.84
design_6078,1.49,2.96,2.07,2.81,1.2,3.92,1.51,2.65,17.65,8.95,0.85,28.13,18.66
design_6079,1.68,3.1,2.09,2.84,1.28,4.79,1.65,2.97,17.36,8.69,0.86,26.13,19.42
design_6080,0.97,2.2,2.16,1.8,1.08,2.23,1.2,1.86,16.88,8.87,0.84,9.4,7.95
design_6081,1.17,1.98,2.0,1.68,0.89,2.11,1.12,1.74,16.05,8.69,0.83,12.42,9.76
design_6082,1.31,2.29,1.96,1.76,1.05,2.04,1.24,1.81,16.68,8.98,0.82,20.77,15.83
design_6083,1.13,1.95,2.04,1.71,1.08,2.23,1.14,1.8,16.02,8.6,0.83,10.07,8.38
design_6084,1.19,2.2,2.06,1.9,1.02,2.5,1.27,1.96,16.41,8.87,0.82,39.06,22.93
design_6085,1.29,2.18,1.66,1.73,1.15,2.64,1.2,1.94,18.06,9.56,0.83,11.03,8.3
design_6086,1.23,1.98,2.02,1.68,0.9,2.14,1.15,1.77,15.87,8.64,0.83,3.65,4.02
design_6087,1.2,2.1,1.29,1.67,1.05,2.3,1.15,1.74,17.12,9.22,0.82,4.18,4.09
design_6088,1.75,2.44,1.31,2.38,1.38,7.3,2.13,4.15,16.97,8.96,0.83,30.64,23.32
design_6089,1.48,2.03,2.33,2.28,1.17,4.97,1.68,3.06,17.33,9.32,0.82,24.2,18.12
design_6090,1.71,2.13,1.5,2.45,1.52,7.8,2.22,4.39,17.11,9.01,0.83,6.72,7.43
design_6091,1.23,1.96,1.19,2.33,1.18,7.35,2.07,4.09,17.62,9.25,0.84,14.41,10.22
design_6092,1.47,2.07,1.87,2.41,1.19,3.07,1.42,2.25,18.07,9.6,0.83,11.15,8.86
design_6093,1.55,2.32,1.34,2.59,1.59,7.93,2.24,4.47,17.78,9.24,0.83,14.9,11.07
design_6094,1.53,2.21,1.2,2.52,1.54,8.27,2.31,4.61,17.93,9.22,0.84,28.13,22.13
design_6095,1.44,1.94,1.48,2.05,1.16,5.98,1.8,3.43,17.72,9.42,0.83,13.08,10.36
design_6096,1.43,2.17,1.38,2.34,1.12,1.39,1.2,1.69,17.05,8.44,0.86,24.23,20.03
design_6097,1.51,2.36,1.44,2.3,1.11,1.18,1.22,1.72,17.59,8.66,0.86,13.56,11.76
design_6098,1.44,2.01,1.08,2.15,1.01,1.55,1.15,1.58,16.45,8.27,0.86,10.11,10.3
design_6099,1.54,2.15,1.38,2.22,1.06,1.16,1.21,1.64,17.24,8.51,0.87,4.93,4.59
design_6100,1.45,2.36,0.99,2.17,1.12,1.32,1.17,1.62,17.19,8.44,0.87,22.61,17.63
design_6101,1.06,1.38,3.11,1.84,1.05,0.91,1.07,1.86,15.25,7.69,0.86,12.94,10.56
design_6102,1.47,2.18,1.15,2.33,1.04,1.68,1.18,1.69,16.1,8.02,0.87,7.33,8.51
design_6103,1.43,1.95,1.18,2.18,1.03,1.45,1.15,1.57,17.3,8.52,0.87,7.45,7.06
design_6104,1.08,1.65,0.94,2.01,0.84,2.09,1.1,1.53,17.99,9.07,0.85,35.88,30.84
design_6105,1.04,1.88,0.72,1.89,0.94,2.26,1.07,1.57,17.81,8.93,0.86,27.96,23.38
design_6106,1.1,1.7,1.0,1.84,0.92,1.94,1.04,1.48,16.68,8.6,0.85,30.49,28.25
design_6107,1.15,2.2,2.12,2.04,1.12,2.78,1.23,2.0,18.1,9.1,0.86,36.96,29.3
design_6108,1.09,1.86,1.04,1.99,0.83,2.4,1.11,1.65,17.85,8.93,0.86,22.36,18.14
design_6109,1.13,1.75,2.07,2.13,0.81,2.36,1.16,1.82,18.26,9.05,0.85,41.56,25.32
design_6110,1.11,1.81,0.79,2.25,0.97,1.66,1.06,1.53,17.17,8.72,0.85,30.89,28.43
design_6111,1.05,1.87,1.48,2.25,1.29,1.65,1.11,1.65,17.54,8.9,0.85,33.45,23.16
design_6112,1.16,1.84,0.85,1.71,0.86,3.86,1.28,2.18,19.69,9.96,0.83,13.57,9.34
design_6113,1.38,2.42,1.74,2.53,1.01,8.19,2.22,4.3,19.88,9.96,0.84,9.07,7.82
design_6114,1.22,2.29,2.93,2.19,1.07,4.25,1.59,2.84,18.65,9.64,0.83,13.35,11.25
design_6115,1.47,2.14,1.73,1.91,0.78,3.11,1.35,2.11,13.52,8.12,0.81,28.03,19.18
design_6116,1.16,2.17,1.3,2.26,0.93,5.15,1.59,2.87,19.1,9.84,0.83,11.93,7.38
design_6117,1.17,2.01,1.57,2.13,0.96,4.08,1.37,2.44,18.79,9.72,0.83,16.52,10.85
design_6118,1.35,2.16,1.17,2.12,1.09,2.8,1.28,1.94,19.13,9.73,0.83,27.58,19.99
design_6119,1.65,2.44,1.26,2.65,1.1,2.4,1.4,1.99,17.64,9.16,0.83,13.46,10.4
design_6120,1.24,2.01,1.45,2.03,0.87,2.27,1.13,1.72,19.27,9.59,0.86,35.95,26.41
design_6121,1.25,1.75,1.14,1.62,1.02,2.59,1.09,1.65,17.21,8.8,0.85,19.42,15.67
design_6122,1.29,1.78,1.11,1.54,0.8,2.3,1.04,1.55,18.24,9.17,0.85,14.25,11.51
design_6123,1.49,2.1,1.34,1.9,0.93,2.51,1.21,1.79,17.38,8.94,0.84,27.65,20.28
design_6124,1.41,2.07,1.19,1.97,0.78,2.71,1.24,1.81,16.67,8.62,0.85,27.56,19.39
design_6125,1.33,1.85,0.91,1.66,0.81,2.34,1.05,1.57,18.32,9.14,0.86,24.8,19.33
design_6126,1.3,1.95,0.99,1.64,0.82,2.46,1.08,1.62,18.56,9.31,0.85,15.14,11.24
design_6127,1.51,2.02,0.93,1.92,0.98,2.56,1.21,1.74,18.59,9.32,0.85,13.33,10.66
design_6128,1.63,2.49,4.56,2.79,1.19,0.96,1.74,2.99,17.22,8.41,0.87,29.18,23.52
design_6129,1.86,2.59,5.16,2.83,0.93,1.04,1.86,3.3,18.7,8.87,0.88,26.34,18.83
design_6130,1.81,2.69,3.29,2.86,1.13,1.23,1.65,2.52,19.17,9.18,0.87,33.88,22.94
design_6131,1.77,2.3,1.86,2.63,0.89,0.93,1.36,1.88,15.83,7.84,0.87,27.69,20.48
design_6132,1.76,2.24,5.19,2.68,0.87,0.9,1.79,3.24,17.95,8.67,0.87,31.78,27.95
design_6133,1.6,2.44,4.74,2.49,1.2,1.05,1.71,3.03,18.05,8.87,0.86,31.43,20.31
design_6134,1.68,2.63,4.31,2.92,0.99,1.05,1.74,2.91,15.68,7.86,0.86,28.97,21.3
design_6135,1.88,2.63,4.62,2.92,1.0,1.05,1.8,3.07,16.45,8.22,0.85,30.69,24.33
design_6136,1.17,2.6,2.92,2.1,1.35,3.13,1.55,2.51,16.35,9.11,0.81,15.28,11.1
design_6137,1.1,2.83,3.81,2.01,1.34,3.74,1.68,2.98,15.82,8.79,0.82,13.04,8.92
design_6138,1.28,2.57,3.63,2.18,1.42,3.46,1.67,2.84,12.41,7.77,0.81,17.24,13.1
design_6139,1.17,2.62,3.75,2.28,1.87,3.02,1.68,2.8,11.55,7.41,0.81,14.83,11.61
design_6140,1.19,2.37,2.93,2.02,1.3,3.16,1.51,2.48,17.48,9.47,0.82,20.12,13.66
design_6141,1.21,2.44,3.67,2.25,1.51,2.4,1.6,2.58,15.9,8.9,0.81,15.53,11.93
design_6142,1.26,2.43,3.49,2.07,1.32,3.58,1.62,2.8,6.7,5.64,0.82,4.43,4.26
design_6143,1.21,2.79,3.17,2.32,1.71,3.78,1.68,2.85,8.78,6.45,0.81,16.61,12.31
design_6144,1.51,2.57,1.32,1.68,1.14,6.12,1.8,3.56,16.28,9.11,0.81,29.26,22.21
design_6145,1.46,2.22,3.44,1.57,0.87,6.74,1.96,4.01,16.69,9.12,0.83,11.68,9.83
design_6146,1.78,2.67,1.7,1.88,1.25,8.72,2.4,4.91,10.78,7.05,0.82,23.29,17.88
design_6147,1.82,3.1,3.56,1.58,0.84,6.65,2.01,4.08,16.6,9.12,0.82,16.56,13.48
design_6148,1.48,2.67,1.55,2.03,1.05,8.38,2.31,4.72,18.79,9.83,0.83,31.18,23.68
design_6149,1.26,2.88,3.45,1.6,0.89,6.45,1.93,3.92,15.73,8.86,0.81,31.71,24.69
design_6150,1.63,2.27,3.33,1.62,0.91,6.68,1.96,3.99,17.63,9.59,0.82,32.01,24.62
design_6151,1.59,3.66,1.35,1.78,1.38,8.62,2.4,4.91,16.97,9.22,0.82,26.53,21.24
design_6152,1.19,2.02,4.96,1.83,1.15,2.66,1.48,2.6,12.36,6.79,0.85,15.61,12.0
design_6153,1.11,1.78,4.51,1.64,0.91,2.39,1.34,2.34,15.84,8.46,0.83,26.59,20.87
design_6154,1.31,2.12,4.21,1.77,1.18,2.35,1.44,2.34,17.1,8.81,0.84,25.22,18.08
design_6155,1.26,1.77,4.18,1.54,0.92,2.02,1.26,2.17,17.97,9.48,0.84,15.9,9.21
design_6156,1.16,2.24,1.37,1.81,0.92,6.49,1.77,3.45,16.62,7.96,0.88,18.71,14.98
design_6157,1.1,2.17,1.3,1.68,0.82,5.73,1.57,3.08,17.17,8.9,0.84,16.13,12.14
design_6158,1.13,1.94,1.47,1.51,0.85,5.85,1.59,3.11,17.55,8.9,0.85,14.5,11.12
design_6159,1.3,1.95,4.63,1.54,0.91,2.38,1.37,2.4,16.84,8.78,0.85,10.4,7.61
design_6160,1.11,1.75,3.64,1.77,0.96,2.11,1.23,2.06,17.58,9.23,0.83,11.77,8.28
design_6161,1.39,1.81,3.96,1.77,0.96,1.85,1.3,2.13,19.78,9.87,0.83,41.96,24.01
design_6162,0.97,1.44,1.18,1.69,1.11,2.38,1.05,1.6,17.67,9.27,0.84,11.7,8.73
design_6163,0.89,1.53,1.0,1.72,1.01,2.6,1.06,1.66,16.28,8.68,0.84,11.13,8.41
design_6164,0.97,1.19,4.11,1.63,1.01,2.34,1.23,2.16,16.07,8.66,0.83,16.1,12.41
design_6165,1.05,1.42,2.06,1.84,1.14,2.29,1.15,1.74,17.12,9.03,0.84,7.14,6.69
design_6166,1.03,1.67,1.26,1.94,1.14,2.41,1.17,1.71,16.85,8.8,0.84,21.17,13.99
design_6167,1.18,1.54,0.82,1.83,0.96,2.39,1.12,1.63,17.77,9.25,0.84,16.7,11.4
design_6168,1.13,1.7,1.65,1.42,0.74,3.23,1.26,1.95,19.28,9.58,0.85,35.09,22.78
design_6169,0.98,1.38,1.0,1.55,0.84,3.25,1.12,1.83,6.39,5.13,0.84,27.14,21.62
design_6170,1.14,1.58,1.52,1.34,0.63,3.57,1.27,2.03,16.52,8.61,0.84,26.15,20.28
design_6171,1.15,1.73,1.1,1.43,0.7,3.04,1.22,1.8,16.75,8.68,0.84,26.26,18.62
design_6172,1.06,1.47,1.01,1.53,0.84,3.21,1.13,1.83,14.57,7.98,0.83,17.37,11.75
design_6173,1.13,1.66,0.93,1.59,0.98,2.96,1.23,1.78,17.41,8.83,0.86,31.91,23.9
design_6174,1.0,1.49,0.91,1.5,0.84,3.61,1.2,1.97,18.55,9.48,0.85,31.72,23.75
design_6175,0.91,1.4,0.88,1.59,0.75,3.44,1.13,1.89,17.42,9.06,0.84,22.59,16.96
design_6176,1.08,2.55,2.15,2.13,1.33,2.81,1.39,2.16,17.97,9.09,0.84,33.61,26.32
design_6177,1.2,3.06,4.62,2.68,1.49,4.08,1.91,3.36,17.05,8.93,0.84,25.65,17.43
design_6178,1.24,2.62,3.08,2.18,1.3,2.51,1.49,2.36,17.68,9.0,0.84,32.2,28.33
design_6179,1.11,2.86,3.61,2.1,1.26,3.72,1.66,2.84,17.31,9.12,0.83,34.24,24.98
design_6180,1.18,2.8,3.46,2.21,1.37,3.48,1.62,2.75,17.68,9.26,0.83,31.04,24.59
design_6181,0.96,1.99,4.56,1.73,1.12,3.94,1.59,3.07,6.47,5.36,0.84,22.72,17.26
design_6182,1.22,2.81,3.54,2.17,1.39,3.75,1.68,2.85,17.59,9.2,0.83,35.03,26.58
design_6183,1.15,2.61,2.19,2.2,1.36,2.43,1.43,2.1,14.2,7.75,0.83,12.81,11.57
design_6184,2.11,3.89,1.77,2.51,1.34,7.88,2.2,4.37,16.53,8.28,0.86,32.99,25.2
design_6185,1.45,2.85,1.54,2.51,1.3,7.81,2.11,4.16,16.45,8.29,0.86,26.02,20.47
design_6186,1.68,3.01,1.69,2.6,1.5,7.93,2.19,4.27,17.49,8.49,0.87,38.43,27.09
design_6187,3.35,3.99,1.85,2.59,1.37,7.85,2.25,4.51,17.36,8.69,0.85,36.8,26.95
design_6188,2.05,3.2,1.35,2.65,1.3,2.97,1.48,2.42,17.45,9.29,0.82,25.25,21.04
design_6189,1.78,3.54,1.54,2.66,1.35,7.9,2.17,4.31,17.04,8.5,0.86,32.17,24.74
design_6190,3.01,4.08,2.11,2.41,1.22,7.97,2.26,4.52,17.36,8.65,0.86,33.89,25.71
design_6191,3.15,3.63,1.72,2.58,1.46,6.79,2.09,4.01,16.6,9.03,0.82,31.0,23.79
design_6192,1.12,2.16,5.2,2.72,1.04,1.19,1.55,2.86,17.41,8.45,0.88,29.92,22.47
design_6193,1.26,2.14,2.35,2.72,1.22,1.14,1.28,1.96,17.39,8.21,0.89,34.82,22.94
design_6194,1.02,2.02,3.8,2.46,1.27,1.03,1.32,2.29,16.79,8.26,0.87,15.39,14.54
design_6195,1.01,2.26,3.62,2.28,1.49,1.02,1.33,2.25,16.87,8.11,0.89,38.43,29.64
design_6196,1.17,2.38,3.88,2.78,1.68,1.13,1.43,2.49,17.28,8.27,0.89,31.6,26.33
design_6197,1.08,2.39,6.39,2.4,1.76,1.22,1.72,3.34,16.69,8.17,0.88,28.53,20.81
design_6198,1.44,2.26,2.3,2.84,1.67,1.27,1.36,2.08,17.24,8.2,0.89,23.05,20.85
design_6199,1.25,2.35,2.86,2.8,1.23,1.06,1.37,2.14,16.49,7.93,0.88,27.87,22.35
design_6200,1.14,1.71,2.15,1.63,0.85,2.58,1.17,1.91,18.33,9.59,0.83,26.9,20.02
design_6201,0.98,1.34,3.12,2.03,1.2,2.24,1.34,2.15,17.86,9.2,0.84,11.77,7.89
design_6202,1.78,2.1,2.6,2.69,1.37,1.66,1.59,2.13,8.08,5.79,0.83,18.74,12.17
design_6203,1.09,1.92,2.86,2.04,1.02,1.9,1.29,2.04,16.14,8.58,0.83,29.88,24.8
design_6204,0.9,1.54,1.27,2.44,0.84,3.03,1.32,1.95,17.4,9.16,0.82,28.53,17.72
design_6205,1.46,2.23,3.51,1.76,1.5,1.53,1.39,2.28,6.98,5.73,0.82,13.52,9.49
design_6206,1.14,1.34,1.74,1.82,1.12,2.48,1.15,1.78,12.35,7.48,0.82,10.45,6.28
design_6207,0.76,0.95,2.75,1.9,1.18,2.14,1.23,1.94,16.64,8.77,0.83,10.01,6.37
design_6208,1.65,2.66,1.67,2.49,0.92,2.07,1.36,1.98,18.31,8.79,0.87,39.09,27.2
design_6209,1.29,2.14,1.55,1.83,0.82,2.87,1.17,1.86,18.06,9.02,0.86,29.12,22.81
design_6210,1.31,2.45,1.89,2.04,0.92,2.59,1.26,1.96,17.1,8.54,0.86,30.92,24.85
design_6211,1.31,2.49,2.0,1.96,0.69,2.71,1.27,1.99,16.86,8.49,0.86,30.84,24.74
design_6212,1.55,2.5,1.64,2.18,0.76,1.86,1.25,1.82,18.51,9.0,0.86,21.7,16.94
design_6213,1.45,2.22,1.69,2.02,0.88,2.17,1.2,1.8,17.19,8.75,0.86,30.38,23.88
design_6214,1.6,2.7,2.08,2.02,0.8,1.92,1.3,1.94,18.74,9.06,0.86,39.92,26.32
design_6215,1.94,2.56,1.72,2.47,0.84,2.18,1.36,2.03,17.34,8.68,0.86,30.79,22.14
design_6216,1.19,1.85,3.03,2.08,1.12,2.66,1.47,2.26,18.13,9.29,0.84,24.3,17.92
design_6217,1.18,1.6,1.68,2.05,0.96,2.14,1.25,1.68,18.74,9.46,0.84,16.39,11.94
design_6218,1.48,1.8,4.51,2.46,1.1,2.6,1.73,2.89,17.61,8.9,0.84,24.09,17.71
design_6219,0.93,1.56,2.4,2.1,1.26,4.67,1.47,2.57,16.59,8.38,0.85,12.98,9.25
design_6220,1.35,1.76,2.14,2.22,0.99,3.01,1.44,2.08,18.84,9.44,0.85,26.9,19.42
design_6221,1.32,1.72,3.39,2.43,0.96,2.55,1.54,2.41,19.23,9.29,0.85,32.08,18.82
design_6222,1.42,1.77,3.75,2.47,0.98,2.64,1.61,2.58,19.25,9.51,0.84,26.56,18.68
design_6223,1.2,1.74,2.66,1.95,1.11,2.48,1.35,2.07,20.07,9.87,0.85,26.01,18.51
design_6224,0.97,2.34,1.81,2.04,1.31,2.28,1.26,1.88,17.58,9.17,0.83,28.47,21.73
design_6225,1.05,2.24,1.88,1.77,0.92,5.33,1.52,2.91,17.35,9.0,0.85,31.13,24.85
design_6226,0.8,2.29,1.94,1.83,1.12,2.1,1.18,1.77,17.21,9.07,0.84,30.04,23.74
design_6227,1.11,2.49,1.84,2.08,1.14,2.34,1.28,1.94,18.37,9.43,0.84,39.54,28.68
design_6228,0.98,2.14,1.96,1.8,1.06,2.14,1.19,1.76,16.85,8.88,0.84,31.16,24.76
design_6229,1.37,2.59,0.98,2.17,1.12,1.97,1.3,1.83,16.97,8.92,0.84,23.15,18.52
design_6230,0.87,2.25,1.25,2.19,1.12,2.06,1.27,1.76,17.18,8.97,0.84,19.69,11.45
design_6231,1.03,2.23,1.91,1.98,1.17,2.42,1.23,1.9,17.0,8.92,0.84,36.44,26.93
design_6232,1.68,2.04,2.52,2.49,1.05,3.14,1.44,2.37,17.94,9.24,0.85,12.53,9.48
design_6233,1.32,1.86,1.25,2.05,0.78,6.49,1.76,3.54,17.08,8.98,0.84,12.85,10.05
design_6234,1.38,1.9,1.28,2.03,1.18,6.56,1.8,3.59,16.76,8.9,0.84,13.32,10.75
design_6235,1.64,1.93,3.01,2.29,1.11,3.17,1.45,2.41,17.17,8.95,0.84,13.26,10.14
design_6236,1.8,2.03,2.81,2.44,1.1,2.99,1.46,2.37,16.88,8.96,0.84,37.18,27.56
design_6237,1.45,1.99,1.24,2.22,1.0,5.88,1.7,3.3,16.05,8.65,0.83,6.76,6.12
design_6238,1.81,2.16,3.11,2.76,1.21,2.88,1.55,2.47,15.99,8.46,0.84,34.8,26.16
design_6239,1.69,2.01,1.27,2.28,1.07,2.96,1.32,2.12,17.1,9.1,0.84,17.38,12.15
design_6240,1.01,1.51,2.26,1.75,0.8,4.71,1.48,2.74,19.0,9.97,0.82,9.21,7.88
design_6241,1.06,1.47,2.59,2.33,0.85,2.83,1.43,2.18,18.45,9.44,0.84,30.46,24.02
design_6242,1.09,1.48,1.58,1.93,0.89,3.82,1.37,2.28,18.72,9.83,0.83,8.7,9.18
design_6243,1.34,0.92,2.54,2.11,1.08,4.89,1.59,2.91,20.0,10.17,0.83,13.92,12.38
design_6244,1.2,1.81,2.66,2.31,1.24,2.77,1.44,2.24,19.03,9.62,0.84,17.81,15.19
design_6245,1.11,1.29,1.3,1.99,0.86,5.1,1.57,2.79,18.48,9.54,0.84,16.61,13.63
design_6246,1.16,1.17,3.52,2.12,0.86,2.25,1.38,2.26,19.89,10.08,0.84,13.75,11.99
design_6247,1.03,1.16,2.67,1.93,1.15,2.77,1.29,2.12,18.57,9.67,0.83,20.22,16.04
design_6248,1.46,1.98,1.17,2.31,0.92,1.75,1.18,1.66,18.54,9.23,0.85,29.32,23.79
design_6249,1.37,1.92,1.09,2.52,0.99,1.75,1.26,1.69,18.27,9.09,0.85,9.56,8.73
design_6250,1.45,1.85,0.91,2.53,1.12,1.44,1.26,1.63,18.83,9.35,0.86,18.98,14.54
design_6251,1.33,1.89,1.3,2.17,1.0,1.47,1.18,1.57,19.29,9.24,0.86,28.07,21.62
design_6252,1.5,1.89,1.36,2.42,1.1,1.52,1.24,1.69,18.96,9.03,0.87,29.29,22.73
design_6253,1.24,1.8,1.29,2.28,1.1,1.77,1.21,1.63,17.91,9.05,0.85,9.35,12.07
design_6254,1.38,1.81,1.26,2.08,0.9,1.9,1.19,1.61,17.03,8.71,0.85,30.46,23.77
design_6255,1.29,1.79,1.11,2.12,0.76,1.9,1.17,1.57,18.22,9.04,0.85,8.57,6.16
design_6256,1.54,2.27,3.03,1.63,1.08,3.52,1.45,2.49,18.4,9.58,0.83,25.75,19.83
design_6257,1.69,1.76,3.56,2.32,1.2,7.06,2.03,4.05,15.71,8.32,0.84,29.98,23.18
design_6258,1.27,1.81,1.62,1.62,1.09,6.38,1.73,3.45,17.71,9.33,0.83,24.55,18.76
design_6259,1.55,2.12,2.73,1.67,1.06,7.3,2.01,4.01,16.04,8.3,0.84,13.98,12.01
design_6260,1.24,2.16,3.46,2.27,1.28,7.35,2.08,4.16,17.48,8.77,0.86,32.68,25.66
design_6261,1.23,2.04,2.85,1.65,1.07,2.59,1.26,2.09,17.06,9.09,0.83,10.85,8.11
design_6262,1.51,1.77,1.05,1.65,0.88,2.23,1.07,1.66,12.46,7.58,0.82,6.06,4.14
design_6263,1.34,2.31,3.33,1.78,1.37,7.1,2.03,4.02,17.37,9.1,0.83,19.75,14.75
design_6264,1.48,1.95,1.3,1.99,1.25,2.36,1.24,1.76,16.22,8.33,0.85,31.75,23.43
design_6265,1.63,2.23,2.74,2.3,1.16,2.64,1.49,2.26,17.94,9.16,0.84,24.41,14.85
design_6266,1.36,1.91,1.21,1.89,1.06,2.56,1.21,1.74,17.52,8.81,0.86,35.16,25.34
design_6267,1.4,1.94,1.22,1.93,1.14,2.47,1.21,1.74,17.83,9.02,0.86,32.68,23.94
design_6268,1.59,2.0,2.59,2.17,0.92,2.57,1.41,2.13,17.67,8.96,0.85,30.18,22.23
design_6269,1.69,1.94,2.57,2.04,1.03,2.52,1.39,2.1,17.96,9.2,0.84,29.57,22.29
design_6270,1.69,2.14,1.3,2.32,1.22,2.52,1.33,1.92,15.64,8.17,0.84,29.4,21.66
design_6271,1.61,2.3,4.3,2.52,1.3,3.02,1.69,2.87,17.57,8.87,0.85,19.02,12.64
design_6272,1.56,1.66,2.14,2.37,0.97,1.02,1.26,1.79,16.39,8.02,0.87,31.52,23.4
design_6273,1.52,1.63,2.16,2.65,1.11,1.22,1.35,1.87,17.02,8.16,0.88,29.17,22.33
design_6274,1.48,1.72,1.93,2.72,1.01,1.21,1.35,1.82,16.52,7.96,0.88,30.64,18.87
design_6275,1.67,1.89,1.86,2.81,1.24,1.37,1.42,1.91,17.6,8.4,0.88,35.38,26.94
design_6276,1.31,1.73,2.99,2.58,1.08,1.28,1.32,2.13,16.72,8.09,0.87,29.99,23.19
design_6277,1.72,2.03,2.5,3.2,1.08,1.4,1.51,2.2,16.39,7.9,0.87,20.91,12.97
design_6278,1.55,1.7,1.97,2.84,1.04,1.28,1.34,1.88,16.8,8.04,0.88,34.42,25.44
design_6279,1.58,1.78,2.14,2.48,1.06,1.12,1.32,1.84,15.41,7.7,0.86,31.93,22.88
design_6280,1.65,2.21,4.42,2.01,1.33,2.89,1.69,2.9,17.76,9.1,0.84,12.38,9.18
design_6281,1.67,1.88,1.68,1.67,0.96,3.57,1.27,2.09,19.42,9.68,0.85,23.34,17.92
design_6282,1.48,2.1,3.92,1.92,1.05,2.66,1.58,2.62,18.3,9.25,0.85,32.37,23.58
design_6283,1.39,2.29,4.16,1.6,1.03,2.07,1.53,2.6,19.3,9.52,0.84,31.33,22.53
design_6284,1.77,2.4,4.44,1.99,1.17,2.48,1.7,2.87,17.99,9.14,0.84,34.22,24.28
design_6285,1.46,2.24,3.81,1.92,1.21,2.4,1.56,2.55,18.44,9.38,0.84,30.19,21.18
design_6286,1.27,2.11,1.82,1.67,1.31,2.45,1.22,1.84,18.91,9.64,0.84,9.58,7.94
design_6287,2.09,2.19,4.55,2.24,1.23,3.01,1.76,3.04,18.18,9.27,0.84,37.78,20.45
design_6288,1.08,2.95,1.15,3.35,1.33,1.07,1.47,2.12,16.02,7.98,0.87,33.03,25.97
design_6289,1.04,3.15,1.02,3.52,1.42,1.1,1.49,2.22,16.39,7.98,0.88,27.96,20.47
design_6290,1.17,2.8,1.13,3.43,1.38,1.07,1.45,2.12,15.96,7.98,0.87,32.58,24.58
design_6291,1.05,2.63,1.21,3.27,1.19,1.12,1.36,2.02,16.09,8.0,0.87,28.36,23.78
design_6292,1.1,2.91,1.57,3.15,1.45,1.02,1.45,2.1,14.85,7.52,0.87,33.83,26.67
design_6293,1.11,2.94,1.4,3.43,1.51,1.42,1.51,2.21,17.34,8.41,0.87,34.14,23.92
design_6294,1.06,2.81,1.01,3.24,1.46,0.96,1.4,2.05,16.71,8.19,0.88,23.26,14.71
design_6295,1.1,2.86,1.14,3.43,1.38,1.04,1.42,2.13,16.11,8.03,0.87,31.49,24.13
design_6296,1.05,2.63,2.47,2.0,1.32,0.93,1.3,1.86,17.75,8.62,0.87,31.09,27.27
design_6297,1.42,2.8,2.41,2.04,1.26,0.93,1.33,1.93,16.02,8.08,0.86,30.34,23.33
design_6298,1.18,2.18,2.14,1.79,1.01,1.0,1.18,1.64,17.84,8.81,0.85,23.54,18.8
design_6299,1.44,2.55,4.44,1.83,0.98,1.09,1.4,2.42,17.01,8.43,0.87,21.76,16.81
design_6300,1.05,2.32,2.55,1.81,0.97,0.84,1.23,1.74,16.92,8.5,0.85,42.02,28.11
design_6301,1.44,2.61,2.1,2.24,1.46,0.93,1.26,1.89,17.27,8.54,0.87,38.02,30.33
design_6302,1.44,2.5,2.21,1.83,1.22,0.9,1.21,1.78,17.2,8.76,0.86,24.49,17.54
design_6303,1.43,2.58,1.8,1.97,1.09,0.83,1.23,1.72,16.75,8.35,0.87,31.21,22.03
design_6304,1.23,2.47,2.13,2.09,0.76,3.47,1.39,2.4,15.26,8.61,0.82,5.96,4.14
design_6305,1.3,2.78,4.66,2.45,0.86,4.2,1.87,3.39,18.81,9.72,0.84,26.55,19.2
design_6306,1.55,2.99,3.42,2.52,0.82,4.71,1.81,3.28,17.09,9.13,0.83,23.11,15.48
design_6307,1.16,2.46,2.36,1.89,0.78,4.15,1.47,2.68,18.15,9.61,0.83,16.45,11.57
design_6308,1.39,2.72,3.35,2.19,0.92,5.47,1.85,3.49,18.34,9.7,0.83,14.23,10.8
design_6309,1.25,2.76,4.64,2.19,0.86,2.98,1.67,2.99,17.94,9.45,0.82,14.48,11.42
design_6310,1.28,2.66,4.12,2.59,0.92,3.83,1.75,3.11,18.81,9.78,0.83,30.04,23.21
design_6311,1.54,3.07,2.88,2.5,0.98,3.58,1.63,2.76,18.16,9.53,0.83,20.4,16.3
design_6312,1.41,2.52,0.88,2.82,1.31,2.48,1.44,2.09,16.84,8.32,0.86,32.06,26.17
design_6313,1.15,2.32,1.0,2.48,1.31,2.51,1.33,1.97,15.85,8.34,0.85,5.47,4.61
design_6314,1.41,2.51,0.86,2.84,1.42,2.53,1.45,2.12,14.76,7.58,0.86,28.47,23.64
design_6315,1.34,2.42,0.86,2.97,1.73,2.45,1.46,2.14,15.25,7.66,0.86,27.05,21.7
design_6316,1.24,2.38,0.82,2.92,1.32,2.4,1.43,2.05,16.38,8.33,0.86,8.51,7.32
design_6317,1.38,2.61,0.94,2.86,1.42,2.45,1.47,2.12,16.24,8.18,0.86,36.04,28.33
design_6318,1.13,2.37,1.01,2.53,1.31,2.57,1.36,2.01,17.4,8.78,0.86,23.18,18.71
design_6319,1.13,2.36,1.16,2.5,1.34,2.45,1.31,1.98,14.11,7.67,0.84,17.52,14.56
design_6320,1.3,2.23,0.89,1.81,1.07,3.22,1.35,2.13,17.17,9.03,0.83,26.27,21.5
design_6321,0.92,1.94,0.95,1.87,1.09,3.39,1.4,2.15,18.32,9.42,0.84,26.29,19.27
design_6322,0.92,1.98,0.86,1.81,1.13,3.24,1.36,2.07,17.78,9.27,0.84,4.74,4.49
design_6323,0.74,1.89,0.77,1.74,0.96,3.45,1.32,2.12,18.16,9.47,0.83,39.95,27.61
design_6324,1.29,2.16,0.85,1.85,1.31,3.22,1.39,2.14,16.08,8.69,0.83,12.38,8.49
design_6325,1.28,2.13,0.84,1.67,0.78,3.33,1.32,2.12,18.89,9.67,0.84,35.57,23.99
design_6326,0.92,1.95,0.78,1.9,1.07,3.19,1.34,2.05,18.74,9.63,0.84,32.91,23.37
design_6327,0.9,2.09,0.83,1.86,1.0,3.41,1.38,2.16,14.24,8.04,0.82,29.41,24.5
design_6328,1.23,2.43,1.72,1.85,1.63,2.15,1.3,1.88,10.51,6.59,0.83,4.08,3.56
design_6329,1.42,2.47,1.86,1.96,0.98,2.36,1.31,1.94,16.97,8.87,0.84,12.97,8.88
design_6330,1.29,2.19,1.92,1.8,0.99,2.13,1.25,1.81,17.44,9.01,0.85,24.19,18.15
design_6331,1.15,1.98,1.3,1.75,1.03,2.32,1.12,1.7,17.08,8.88,0.85,17.75,14.01
design_6332,1.15,2.22,1.26,1.64,0.92,2.39,1.12,1.73,14.35,7.95,0.84,4.82,3.81
design_6333,1.35,2.24,1.38,1.85,1.48,2.29,1.23,1.82,15.51,8.34,0.84,18.51,12.85
design_6334,1.44,2.39,1.89,1.94,0.99,2.25,1.3,1.91,17.22,8.96,0.85,29.18,20.99
design_6335,1.17,2.13,1.3,1.58,0.96,2.34,1.1,1.7,16.34,8.63,0.84,15.54,11.9
design_6336,1.29,2.24,3.41,2.71,1.15,1.11,1.44,2.19,15.77,7.83,0.86,16.92,16.21
design_6337,1.12,2.85,1.61,2.16,0.99,1.13,1.32,1.79,16.57,8.18,0.87,29.31,23.72
design_6338,1.21,2.39,3.12,2.49,1.1,1.05,1.42,2.07,16.07,7.99,0.87,18.79,14.29
design_6339,1.2,2.18,1.63,2.54,1.27,1.14,1.37,1.77,15.5,7.67,0.87,33.99,25.5
design_6340,1.42,2.32,2.99,2.67,1.26,1.15,1.51,2.12,16.22,8.03,0.87,25.47,18.81
design_6341,1.03,2.7,1.21,2.21,1.33,1.14,1.26,1.73,16.58,8.32,0.86,31.91,25.5
design_6342,1.15,2.79,1.11,2.35,1.21,1.09,1.35,1.77,17.28,8.4,0.88,15.65,11.45
design_6343,1.1,2.9,1.74,2.52,1.47,1.13,1.44,1.95,16.38,8.06,0.87,15.42,13.23
design_6344,1.0,1.66,2.53,1.93,1.24,2.19,1.26,1.92,17.94,9.04,0.85,11.25,8.23
design_6345,1.13,1.56,2.34,1.88,1.26,2.28,1.28,1.87,18.43,9.25,0.85,30.51,22.96
design_6346,1.06,1.58,2.6,1.88,1.26,2.37,1.33,1.97,18.25,9.21,0.85,30.63,21.89
design_6347,0.84,1.52,2.73,1.9,0.79,2.23,1.27,1.93,18.06,9.07,0.85,28.14,20.94
design_6348,1.22,1.7,2.41,1.86,1.07,2.31,1.28,1.91,18.49,9.25,0.85,31.58,23.3
design_6349,0.99,1.5,2.37,1.81,1.08,2.1,1.21,1.8,18.5,9.29,0.85,32.25,23.76
design_6350,1.1,1.45,2.41,1.85,1.02,2.23,1.25,1.85,17.15,8.76,0.85,29.23,22.11
design_6351,1.31,1.66,2.44,1.95,1.34,2.42,1.34,1.98,18.16,9.1,0.85,28.11,21.78
design_6352,1.86,2.33,4.38,1.84,1.06,2.5,1.49,2.51,17.77,9.3,0.84,14.1,10.27
design_6353,1.64,2.2,4.33,1.83,0.96,2.6,1.45,2.48,18.19,9.49,0.84,22.82,17.64
design_6354,1.8,2.03,4.31,1.71,1.09,2.23,1.39,2.36,16.33,8.84,0.83,19.02,17.06
design_6355,1.98,2.01,4.08,1.66,0.98,2.68,1.36,2.45,18.03,9.59,0.83,21.84,17.01
design_6356,1.58,2.2,4.17,1.62,1.09,2.15,1.32,2.29,17.47,9.36,0.82,9.44,8.08
design_6357,1.82,2.29,4.48,1.84,1.16,2.38,1.45,2.49,18.87,9.69,0.84,20.35,13.03
design_6358,1.9,1.98,4.38,1.6,1.09,2.01,1.32,2.32,18.09,9.55,0.83,18.0,15.56
design_6359,1.94,2.22,4.33,1.86,1.21,2.11,1.43,2.4,17.95,9.45,0.83,29.43,20.82
design_6360,1.25,2.41,3.53,2.18,0.72,2.73,1.57,2.56,18.26,9.68,0.81,17.68,16.2
design_6361,1.43,2.1,3.32,2.42,1.14,2.1,1.52,2.36,18.62,9.64,0.83,31.66,25.05
design_6362,1.24,2.49,3.28,2.14,0.81,2.58,1.49,2.44,17.01,9.05,0.83,26.68,19.15
design_6363,1.39,1.9,4.63,2.06,0.66,2.57,1.65,2.88,19.47,10.04,0.82,18.58,11.42
design_6364,1.17,1.85,4.92,2.03,0.86,2.91,1.71,3.06,20.77,10.43,0.83,27.48,17.02
design_6365,1.36,1.89,4.16,1.79,0.63,3.13,1.63,2.81,18.74,9.72,0.83,22.6,11.98
design_6366,1.58,2.15,4.65,2.18,0.78,2.38,1.71,2.9,17.72,9.35,0.83,19.43,14.04
design_6367,1.42,1.71,2.31,2.35,0.91,2.88,1.47,2.21,17.9,9.36,0.83,27.48,21.94
design_6368,1.06,1.02,1.02,2.0,0.91,2.03,1.04,1.42,17.79,8.89,0.86,30.6,24.31
design_6369,1.33,1.48,0.91,1.82,1.18,2.07,1.09,1.5,18.1,8.95,0.86,19.75,14.21
design_6370,1.52,1.62,1.09,2.03,0.94,1.62,1.18,1.51,19.08,8.99,0.87,21.1,12.46
design_6371,1.03,1.51,3.87,1.79,0.81,2.01,1.29,2.24,18.15,9.2,0.85,18.62,13.67
design_6372,1.05,1.23,0.93,1.76,0.76,2.18,1.07,1.41,18.36,9.09,0.86,32.14,26.63
design_6373,1.48,1.59,1.1,2.23,0.88,1.66,1.22,1.54,18.54,8.89,0.87,33.96,26.04
design_6374,1.06,1.23,0.81,1.69,0.82,1.89,1.04,1.31,18.78,9.23,0.86,31.34,24.93
design_6375,0.96,1.09,0.77,1.96,0.86,2.35,1.04,1.45,17.98,8.93,0.86,31.58,25.46
design_6376,0.95,1.29,1.19,1.96,0.83,1.39,0.97,1.32,15.85,8.11,0.86,31.25,23.62
design_6377,0.79,1.29,1.22,1.91,0.73,1.37,0.95,1.29,16.3,8.19,0.86,20.37,14.67
design_6378,0.86,1.01,1.59,1.89,0.75,1.39,0.97,1.34,15.41,7.91,0.86,31.69,25.79
design_6379,0.98,1.48,1.75,1.88,0.86,1.46,1.06,1.47,16.1,8.09,0.87,32.77,26.0
design_6380,0.92,1.19,1.87,1.88,0.69,1.36,0.99,1.43,15.38,7.88,0.87,15.21,11.61
design_6381,0.78,1.22,0.95,2.22,0.94,1.55,0.98,1.37,16.11,8.03,0.88,29.9,22.97
design_6382,0.88,1.46,1.71,2.0,0.92,1.74,1.08,1.52,15.22,7.77,0.87,31.72,23.6
design_6383,0.93,1.33,1.56,2.0,1.05,1.57,1.03,1.46,15.67,8.0,0.86,31.92,24.01
design_6384,1.19,1.76,1.91,1.82,1.22,6.61,1.93,3.77,17.85,9.56,0.82,33.0,17.44
design_6385,1.15,1.81,2.11,1.6,1.19,8.01,2.16,4.47,17.98,9.66,0.82,22.77,16.83
design_6386,1.2,1.77,1.67,1.58,1.13,8.04,2.15,4.46,18.11,9.72,0.82,24.68,18.75
design_6387,1.13,1.68,2.25,1.51,1.29,7.8,2.12,4.37,18.14,9.63,0.83,29.96,22.35
design_6388,1.15,1.83,1.82,1.4,1.12,8.16,2.18,4.52,18.22,9.69,0.82,24.62,20.06
design_6389,1.06,1.42,1.78,1.5,0.99,8.44,2.22,4.64,17.58,9.41,0.82,14.24,9.03
design_6390,1.33,1.58,1.9,1.48,1.11,9.26,2.43,5.09,18.35,9.63,0.83,28.73,22.22
design_6391,1.05,1.34,2.08,1.6,1.36,8.3,2.21,4.6,10.14,6.82,0.81,29.55,22.36
design_6392,1.18,1.93,1.97,2.02,1.03,3.6,1.4,2.36,18.63,9.61,0.83,15.71,13.38
design_6393,1.13,2.05,1.49,2.01,1.25,4.9,1.58,2.88,18.7,9.67,0.83,8.65,7.86
design_6394,1.22,2.12,2.16,1.91,1.16,2.99,1.26,2.19,18.04,9.53,0.82,7.22,7.76
design_6395,1.07,2.14,2.15,1.84,1.21,3.22,1.32,2.25,19.33,9.99,0.83,12.03,10.88
design_6396,1.16,1.78,2.13,1.89,0.94,2.97,1.24,2.11,16.58,9.01,0.82,8.63,8.8
design_6397,1.09,2.18,2.08,1.72,1.09,3.3,1.29,2.25,18.16,9.53,0.82,12.95,9.76
design_6398,1.13,2.16,2.13,1.96,1.21,3.17,1.33,2.25,16.66,9.09,0.82,11.24,8.76
design_6399,1.21,2.02,2.26,2.13,1.21,3.07,1.34,2.25,16.27,8.87,0.83,15.02,12.27
design_6400,1.54,1.74,3.04,2.15,1.42,2.94,1.4,2.3,17.54,8.91,0.85,32.13,23.23
design_6401,1.46,1.57,3.24,2.28,1.04,2.4,1.38,2.22,17.02,8.83,0.84,36.04,25.46
design_6402,1.39,1.62,3.09,2.13,0.9,2.86,1.34,2.23,17.74,8.89,0.86,22.78,16.28
design_6403,1.62,1.81,3.16,2.27,1.1,3.09,1.45,2.38,18.11,9.09,0.85,28.6,21.62
design_6404,1.45,1.46,4.94,2.13,1.1,2.19,1.53,2.76,17.41,9.06,0.84,7.33,7.04
design_6405,1.48,1.61,2.9,2.33,1.11,3.05,1.4,2.27,17.09,8.65,0.85,8.29,7.75
design_6406,1.49,1.58,2.93,2.5,1.15,2.82,1.39,2.26,17.44,8.87,0.85,6.47,6.26
design_6407,1.55,1.08,4.49,2.04,1.08,2.29,1.45,2.57,17.22,8.72,0.86,9.42,10.19
design_6408,1.41,1.78,3.34,1.45,1.01,2.33,1.25,2.07,17.44,9.15,0.84,9.25,8.36
design_6409,1.35,1.76,1.15,1.49,1.26,2.53,1.18,1.71,18.15,9.41,0.85,28.87,22.75
design_6410,1.24,1.58,3.11,1.29,0.77,4.82,1.43,2.75,18.35,9.48,0.84,10.0,8.81
design_6411,1.33,1.97,1.98,1.48,1.17,4.9,1.46,2.69,18.24,9.3,0.84,8.23,7.64
design_6412,1.21,1.69,2.14,1.43,0.82,5.03,1.41,2.7,16.75,8.93,0.84,32.08,24.69
design_6413,1.31,1.95,3.11,1.44,0.96,3.66,1.35,2.41,18.27,9.42,0.84,6.59,6.26
design_6414,1.34,1.89,1.89,1.36,1.1,2.33,1.15,1.74,18.32,9.47,0.84,14.89,12.16
design_6415,1.44,1.85,1.76,1.32,0.97,1.94,1.1,1.61,16.16,8.4,0.83,22.0,12.44
design_6416,1.65,2.19,1.84,1.55,1.34,3.42,1.35,2.23,18.9,9.8,0.83,25.86,19.08
design_6417,1.54,2.21,2.15,1.72,1.27,2.21,1.36,1.95,19.01,9.69,0.83,7.95,6.44
design_6418,1.6,2.13,2.84,1.68,1.5,4.01,1.54,2.69,19.24,9.82,0.84,22.25,15.49
design_6419,1.53,1.79,2.1,1.66,1.11,2.16,1.27,1.85,19.31,9.81,0.84,19.58,13.42
design_6420,1.62,2.17,1.81,1.66,1.17,2.43,1.24,1.9,18.85,9.59,0.84,30.54,25.0
design_6421,1.69,2.07,2.14,1.78,1.34,2.25,1.36,1.97,17.71,9.35,0.82,7.91,5.25
design_6422,1.52,1.94,2.39,1.65,1.25,2.79,1.3,2.13,19.37,9.84,0.84,27.59,15.26
design_6423,1.6,1.71,2.15,1.53,1.3,2.04,1.3,1.83,19.13,9.82,0.83,24.28,16.28
design_6424,1.55,1.51,0.76,1.83,1.26,3.4,1.35,2.1,17.04,9.14,0.83,22.29,17.34
design_6425,1.6,1.27,0.9,1.9,1.22,3.68,1.38,2.22,16.07,8.76,0.83,6.34,7.57
design_6426,1.59,1.32,0.67,1.76,1.2,3.79,1.35,2.24,16.87,9.14,0.82,18.18,14.05
design_6427,1.36,1.27,0.87,1.67,1.18,5.45,1.6,2.97,19.02,9.8,0.83,20.47,17.14
design_6428,1.64,1.5,0.97,1.94,1.29,3.69,1.41,2.26,17.6,9.32,0.83,6.66,4.79
design_6429,1.69,1.52,1.28,1.98,1.35,2.77,1.34,1.95,15.27,8.51,0.82,30.69,22.76
design_6430,1.01,2.3,6.94,1.85,1.17,6.92,2.38,4.79,17.51,9.38,0.81,8.52,8.5
design_6431,1.59,1.51,0.85,1.9,1.35,4.1,1.47,2.42,17.46,9.23,0.83,9.1,6.54
design_6432,1.46,1.75,0.67,1.97,0.94,0.74,1.05,1.35,16.99,8.11,0.88,11.73,8.85
design_6433,1.49,2.16,0.56,2.58,0.97,1.07,1.23,1.61,17.28,8.18,0.88,20.28,17.11
design_6434,1.48,2.04,0.9,2.62,1.02,1.0,1.22,1.63,15.03,7.32,0.88,14.15,9.53
design_6435,1.52,2.1,0.83,1.99,0.94,0.79,1.08,1.46,17.47,8.34,0.88,26.78,19.71
design_6436,1.67,1.93,0.43,2.16,0.93,0.82,1.11,1.45,16.98,8.15,0.88,10.54,8.51
design_6437,1.39,1.92,0.51,2.03,0.9,0.74,1.06,1.36,17.66,8.42,0.88,15.86,12.6
design_6438,1.38,1.9,0.38,2.49,1.28,0.85,1.14,1.53,17.9,8.53,0.88,33.22,19.44
design_6439,1.4,1.98,0.54,2.58,1.12,1.03,1.22,1.58,16.17,7.82,0.88,17.03,7.74
design_6440,1.56,2.4,2.78,2.69,1.21,1.08,1.39,2.18,16.86,8.13,0.87,11.56,9.7
design_6441,1.61,2.68,2.89,2.72,1.26,1.23,1.49,2.28,17.11,8.14,0.88,21.97,15.47
design_6442,1.56,2.32,2.45,2.33,1.18,1.02,1.29,1.98,14.94,7.55,0.87,7.59,5.34
design_6443,1.47,2.29,2.57,2.41,1.12,1.14,1.32,2.02,16.69,8.03,0.88,11.26,9.84
design_6444,1.6,2.42,2.65,2.69,1.34,1.17,1.43,2.16,17.89,8.48,0.88,25.21,16.84
design_6445,1.61,2.39,2.58,2.66,1.13,1.22,1.38,2.12,12.78,6.79,0.86,7.64,6.0
design_6446,1.73,2.48,2.72,2.66,1.35,1.12,1.42,2.2,17.07,8.19,0.88,18.18,10.89
design_6447,1.8,2.51,2.77,2.75,1.32,1.26,1.46,2.26,17.39,8.14,0.89,22.01,13.08
design_6448,1.25,2.04,1.67,1.8,1.02,2.77,1.25,1.94,19.0,9.73,0.84,31.59,21.55
design_6449,1.42,2.23,1.63,2.23,1.03,2.6,1.35,1.99,16.67,8.81,0.84,30.5,21.84
design_6450,1.18,1.78,1.35,1.69,0.98,2.9,1.2,1.87,18.74,9.62,0.84,32.56,23.7
design_6451,1.32,1.82,1.25,1.92,1.1,2.25,1.22,1.7,18.48,9.49,0.84,33.9,23.38
design_6452,1.15,2.23,1.51,1.88,0.94,3.29,1.3,2.12,19.04,9.7,0.84,32.93,23.96
design_6453,1.17,1.96,1.33,1.68,0.89,2.83,1.18,1.86,17.91,9.3,0.84,26.69,18.44
design_6454,1.46,2.1,1.65,2.09,0.95,2.78,1.35,2.01,16.31,8.75,0.83,18.68,10.71
design_6455,1.1,1.87,1.57,1.83,0.74,2.29,1.14,1.72,18.13,9.4,0.82,30.59,22.34
design_6456,1.02,2.21,2.84,1.56,0.96,1.04,1.09,1.9,17.2,8.22,0.88,20.78,17.21
design_6457,1.15,2.09,2.18,2.09,1.13,1.19,1.11,1.77,17.61,8.66,0.87,18.04,14.26
design_6458,1.44,2.41,3.32,1.95,1.03,1.09,1.34,2.21,17.7,8.65,0.87,22.16,12.55
design_6459,1.33,2.19,2.63,2.11,0.9,1.24,1.26,1.94,16.09,8.12,0.86,22.92,13.51
design_6460,1.3,2.2,6.32,1.84,0.9,1.26,1.75,3.47,10.93,6.32,0.85,31.75,23.45
design_6461,1.22,2.37,2.2,1.78,1.04,1.06,1.16,1.76,16.67,8.39,0.85,29.86,22.74
design_6462,1.5,2.43,4.61,1.99,0.98,1.19,1.53,2.76,17.08,8.41,0.87,26.65,21.27
design_6463,1.13,2.3,2.27,1.84,0.83,0.95,1.13,1.74,16.33,8.03,0.87,9.08,6.73
design_6464,1.51,1.42,2.48,1.45,1.06,4.56,1.6,2.8,18.36,9.56,0.82,22.55,15.99
design_6465,1.27,1.69,2.0,2.04,1.19,5.25,1.66,3.1,16.66,9.21,0.81,6.37,6.15
design_6466,1.42,1.8,2.43,1.79,1.3,4.25,1.58,2.71,17.87,9.54,0.82,39.5,24.88
design_6467,1.46,1.72,2.44,1.89,1.18,4.38,1.66,2.77,17.98,9.49,0.82,35.41,24.32
design_6468,1.41,1.62,2.68,1.74,1.22,4.85,1.71,3.0,19.19,9.9,0.83,29.78,20.52
design_6469,1.47,1.61,2.81,1.68,1.11,4.64,1.67,2.92,17.03,9.13,0.82,25.78,18.48
design_6470,1.31,1.46,2.93,1.73,1.13,5.0,1.71,3.08,18.19,9.47,0.83,27.55,19.66
design_6471,1.18,1.61,2.21,1.75,1.28,4.16,1.54,2.61,18.81,9.88,0.82,35.22,24.85
design_6472,1.43,2.6,2.14,2.75,1.36,1.15,1.39,2.04,17.74,8.4,0.88,30.69,22.68
design_6473,1.42,2.69,1.7,2.85,1.49,1.17,1.38,2.0,18.72,8.79,0.88,23.81,18.41
design_6474,1.29,2.76,1.63,2.2,1.33,1.07,1.21,1.81,16.27,7.95,0.88,32.44,27.08
design_6475,1.43,2.6,1.27,2.86,1.26,1.08,1.33,1.88,17.18,8.2,0.88,11.27,9.59
design_6476,1.12,2.3,1.39,2.38,1.16,0.99,1.13,1.66,17.45,8.56,0.86,29.03,22.61
design_6477,1.37,2.61,0.93,2.99,1.33,1.1,1.33,1.88,16.93,8.06,0.88,33.21,23.98
design_6478,1.34,2.34,1.5,2.7,1.29,1.09,1.29,1.82,17.67,8.39,0.88,18.23,14.54
design_6479,1.41,2.74,1.95,2.9,1.28,1.1,1.4,2.05,17.29,8.33,0.88,10.92,7.76
design_6480,1.28,1.72,5.54,1.72,0.88,2.3,1.72,3.26,18.97,9.54,0.84,30.55,22.05
design_6481,1.15,1.69,3.61,1.78,0.98,2.19,1.37,2.36,17.24,9.26,0.81,29.05,21.29
design_6482,1.16,1.72,3.65,1.54,0.7,1.75,1.32,2.29,16.42,8.79,0.83,31.85,23.35
design_6483,1.01,1.71,4.76,1.69,0.75,2.21,1.54,2.86,19.28,9.65,0.84,29.97,22.44
design_6484,1.18,1.95,3.26,1.93,1.03,2.0,1.31,2.24,17.65,9.13,0.83,29.65,21.76
design_6485,1.11,1.97,5.54,2.22,0.88,2.02,1.77,3.29,17.24,8.8,0.84,31.56,22.79
design_6486,1.22,1.87,3.15,2.09,0.97,1.9,1.33,2.2,16.61,8.86,0.82,15.89,13.23
design_6487,1.12,1.63,4.87,1.67,0.95,2.48,1.59,2.95,18.8,9.39,0.85,17.19,13.59
design_6488,0.95,1.56,1.33,1.74,0.9,2.66,1.12,1.67,18.74,9.4,0.85,31.8,25.31
design_6489,1.18,1.67,1.32,1.87,1.68,2.77,1.27,1.85,12.31,7.11,0.84,25.41,19.21
design_6490,1.2,1.66,1.29,1.91,1.91,2.85,1.29,1.9,11.94,6.99,0.84,25.46,19.07
design_6491,1.28,1.85,1.53,2.01,1.02,3.02,1.35,1.94,16.53,8.63,0.85,31.68,24.23
design_6492,1.08,1.74,1.19,2.21,1.02,2.78,1.22,1.82,16.71,8.69,0.84,30.01,23.28
design_6493,0.91,1.51,1.24,2.17,0.92,2.66,1.12,1.73,17.8,9.09,0.85,30.85,23.9
design_6494,1.08,1.55,1.22,1.79,0.88,2.4,1.17,1.6,17.28,8.87,0.85,23.0,16.53
design_6495,0.97,1.45,1.35,1.81,0.81,2.47,1.12,1.61,17.7,8.99,0.85,29.36,23.7
design_6496,0.83,2.01,2.31,2.07,1.06,1.04,1.17,1.79,16.9,8.4,0.86,29.13,23.79
design_6497,0.79,2.03,2.18,2.05,1.01,1.08,1.13,1.73,16.37,7.94,0.87,28.11,23.01
design_6498,0.76,1.87,2.16,1.99,0.91,1.05,1.1,1.68,15.79,7.97,0.86,25.59,20.21
design_6499,0.85,2.09,1.9,2.03,1.23,0.97,1.11,1.66,18.6,9.09,0.85,31.42,27.06
design_6500,0.77,1.93,2.06,2.0,1.0,1.03,1.1,1.66,16.71,8.31,0.86,29.15,23.2
design_6501,0.9,1.91,2.26,2.04,0.97,1.03,1.14,1.75,16.3,8.24,0.85,31.66,24.34
design_6502,0.87,1.82,2.19,2.12,0.88,1.33,1.09,1.74,13.99,7.41,0.85,30.35,22.58
design_6503,0.86,1.95,2.09,2.11,0.94,1.1,1.12,1.7,15.75,8.01,0.86,27.58,21.18
design_6504,1.78,1.8,3.02,2.05,1.23,3.05,1.54,2.47,17.33,9.29,0.82,28.13,20.15
design_6505,1.36,1.52,5.96,1.61,0.78,4.55,2.01,3.86,18.58,9.82,0.82,28.75,21.2
design_6506,1.23,1.45,5.37,1.77,1.02,2.92,1.76,3.22,17.71,9.16,0.84,30.96,22.88
design_6507,1.66,1.92,2.32,1.59,1.41,4.26,1.52,2.65,15.81,8.95,0.8,25.35,18.27
design_6508,1.54,1.69,2.75,1.72,1.77,3.44,1.45,2.48,16.28,8.97,0.82,29.42,22.01
design_6509,1.41,1.83,3.36,1.73,1.11,4.5,1.63,2.98,19.22,10.04,0.82,29.14,22.6
design_6510,1.78,1.79,3.1,1.81,1.11,3.29,1.49,2.53,17.35,9.24,0.82,30.66,21.91
design_6511,1.62,1.76,3.21,1.84,1.19,4.35,1.62,2.9,15.41,8.7,0.82,30.22,22.44
design_6512,1.4,2.27,4.63,2.38,1.01,0.99,1.63,2.86,14.81,7.73,0.85,26.4,20.09
design_6513,1.41,2.12,4.6,2.61,1.23,0.98,1.65,2.88,16.72,8.38,0.85,23.1,17.05
design_6514,1.26,2.3,4.59,2.43,1.17,0.93,1.59,2.85,15.65,7.85,0.87,22.32,15.42
design_6515,1.47,2.39,4.47,2.48,1.19,0.92,1.64,2.83,16.93,8.33,0.86,15.8,11.06
design_6516,1.61,2.32,4.37,2.45,1.23,1.1,1.67,2.8,16.73,8.23,0.87,12.48,9.71
design_6517,1.1,2.25,4.51,2.07,1.07,1.2,1.54,2.76,13.65,7.16,0.87,19.38,12.54
design_6518,1.47,2.28,4.77,2.74,1.04,1.12,1.73,2.99,14.44,7.4,0.86,15.57,9.54
design_6519,1.13,2.43,4.31,2.03,1.03,0.99,1.48,2.68,15.53,7.96,0.86,13.57,8.67
design_6520,0.92,1.28,1.55,1.72,0.95,2.94,1.17,1.9,9.23,6.26,0.82,8.94,6.59
design_6521,0.99,1.58,2.95,2.3,1.36,3.21,1.47,2.46,16.53,8.71,0.83,28.23,20.18
design_6522,1.03,1.28,1.42,1.81,0.81,3.87,1.34,2.27,13.77,7.85,0.83,24.55,17.16
design_6523,0.93,1.33,1.98,2.13,0.69,3.73,1.35,2.34,13.65,7.92,0.82,13.7,9.64
design_6524,0.92,1.7,3.0,2.27,0.92,4.05,1.59,2.75,15.78,8.43,0.83,26.44,18.62
design_6525,1.04,1.08,1.26,1.83,0.58,3.05,1.15,1.88,17.54,9.33,0.82,32.22,22.97
design_6526,0.96,1.21,2.07,2.07,0.64,3.47,1.32,2.24,17.03,8.94,0.82,29.8,24.33
design_6527,1.13,1.67,2.33,2.14,0.75,3.14,1.4,2.23,15.78,8.42,0.83,31.03,21.98
design_6528,1.31,1.73,1.2,1.53,1.06,2.37,1.24,1.66,18.12,9.23,0.84,28.89,16.93
design_6529,1.51,1.64,0.8,1.63,1.17,3.33,1.3,1.99,14.44,7.84,0.84,20.84,17.27
design_6530,1.11,1.71,0.61,1.62,1.02,2.31,1.19,1.56,18.85,9.42,0.85,18.75,13.1
design_6531,1.24,1.59,1.7,1.68,0.98,1.97,1.2,1.6,17.04,8.8,0.85,9.84,8.24
design_6532,1.12,1.73,0.61,1.8,0.97,1.99,1.16,1.49,18.33,9.27,0.85,9.75,8.03
design_6533,1.06,1.55,0.82,1.37,0.93,2.5,1.15,1.57,18.67,9.45,0.84,29.75,19.46
design_6534,1.1,1.61,0.88,1.44,1.07,2.47,1.16,1.6,18.68,9.5,0.84,36.65,26.44
design_6535,1.01,1.71,0.91,1.48,0.93,1.73,1.12,1.36,17.94,9.27,0.84,15.8,12.79
design_6536,0.96,2.53,1.85,2.28,1.12,1.45,1.21,1.78,17.34,8.84,0.85,7.7,5.25
design_6537,1.1,2.79,2.04,2.04,0.86,2.19,1.24,1.96,15.52,8.32,0.84,8.33,5.78
design_6538,1.06,3.1,2.62,2.08,0.94,2.09,1.34,2.14,16.12,8.6,0.84,5.77,5.01
design_6539,0.94,2.88,3.73,2.33,0.91,1.99,1.37,2.44,16.95,8.82,0.84,11.49,9.82
design_6540,1.0,2.81,3.33,1.98,0.91,2.12,1.32,2.28,18.22,9.28,0.85,9.56,8.34
design_6541,0.98,2.78,1.76,2.09,1.01,1.96,1.21,1.86,15.87,8.49,0.84,5.68,4.32
design_6542,1.01,2.63,1.87,2.29,1.18,1.34,1.25,1.8,15.35,8.19,0.85,9.54,5.94
design_6543,1.0,3.19,3.48,2.34,1.03,2.38,1.44,2.49,18.01,9.23,0.85,14.25,9.42
design_6544,1.49,2.14,2.07,2.57,0.84,2.06,1.38,1.97,18.19,8.91,0.85,27.61,19.16
design_6545,1.25,1.85,1.99,2.35,0.88,2.11,1.31,1.85,20.42,9.69,0.86,40.92,28.08
design_6546,1.53,2.03,1.97,2.53,0.98,3.11,1.49,2.17,19.24,9.44,0.86,39.22,28.17
design_6547,1.55,1.7,1.86,2.55,0.82,2.1,1.37,1.87,18.06,8.96,0.85,29.63,21.89
design_6548,1.3,1.99,1.83,2.42,0.69,2.19,1.32,1.86,16.27,8.26,0.84,14.57,13.53
design_6549,1.38,1.73,2.04,2.43,0.97,1.84,1.3,1.83,18.85,9.23,0.85,25.56,18.99
design_6550,1.45,1.68,1.78,2.0,0.98,3.44,1.34,2.09,16.54,8.42,0.85,19.97,16.5
design_6551,1.33,1.92,2.16,2.71,0.86,2.3,1.41,2.02,19.61,9.45,0.84,26.01,15.92
design_6552,0.87,1.7,1.2,2.17,0.98,2.69,1.26,1.76,15.94,8.33,0.85,33.73,24.74
design_6553,0.76,1.64,1.09,2.04,1.16,3.13,1.2,1.86,15.87,8.3,0.84,31.29,23.75
design_6554,0.72,1.58,0.81,2.17,0.88,2.53,1.1,1.64,16.28,8.57,0.84,30.58,23.54
design_6555,0.81,1.72,0.95,2.38,1.14,3.12,1.32,1.92,15.0,7.95,0.85,31.78,20.47
design_6556,0.76,1.44,0.86,2.18,0.83,3.09,1.14,1.8,17.12,8.87,0.85,33.86,24.96
design_6557,0.7,1.35,0.86,1.72,1.0,2.73,1.07,1.59,16.41,8.59,0.85,32.85,24.44
design_6558,0.84,1.64,0.95,2.21,0.89,2.91,1.16,1.79,14.09,7.8,0.84,30.28,22.99
design_6559,0.79,1.5,1.11,1.97,0.87,2.64,1.17,1.66,17.48,8.84,0.85,23.09,16.05
design_6560,1.66,2.31,2.29,2.93,1.28,2.06,1.59,2.17,17.79,8.72,0.85,27.34,21.04
design_6561,1.65,2.1,2.1,2.83,1.37,2.17,1.52,2.11,14.71,7.66,0.85,27.9,21.73
design_6562,1.51,2.15,1.84,2.64,1.3,1.96,1.45,1.94,17.79,8.61,0.86,29.24,21.94
design_6563,1.59,2.0,2.05,1.91,0.86,1.98,1.26,1.84,16.28,8.71,0.83,31.13,22.51
design_6564,1.97,2.14,3.5,2.37,1.05,2.73,1.69,2.62,18.53,9.37,0.84,27.57,19.06
design_6565,1.42,2.14,1.85,2.6,1.35,2.47,1.46,2.06,16.2,7.98,0.87,22.93,17.46
design_6566,2.0,2.19,1.85,2.55,1.06,2.23,1.48,2.04,16.39,8.49,0.84,8.16,6.73
design_6567,1.47,2.2,1.8,2.77,1.33,2.25,1.48,2.03,17.79,8.54,0.87,25.82,18.98
design_6568,1.04,1.14,0.69,2.06,0.95,2.39,0.98,1.51,15.0,8.13,0.85,34.5,24.99
design_6569,1.16,1.59,1.56,2.16,1.0,2.56,1.21,1.78,19.88,9.68,0.85,40.85,27.04
design_6570,1.2,1.51,1.5,2.5,1.08,2.25,1.23,1.77,17.01,8.79,0.84,34.57,24.53
design_6571,1.35,1.68,1.84,2.56,1.15,2.47,1.28,1.94,18.88,9.35,0.85,35.32,23.56
design_6572,1.4,1.58,0.81,2.7,1.1,2.61,1.29,1.84,17.8,8.92,0.85,32.41,18.57
design_6573,1.19,1.36,2.12,2.18,1.1,2.09,1.17,1.79,16.95,8.85,0.84,21.1,14.13
design_6574,1.15,1.67,3.3,2.41,1.04,2.35,1.35,2.27,20.32,9.8,0.85,24.66,16.63
design_6575,1.31,1.42,1.91,2.51,1.26,2.41,1.25,1.91,18.01,9.31,0.84,16.84,10.77
design_6576,1.18,1.65,1.33,2.23,1.23,3.82,1.45,2.3,17.31,9.01,0.83,29.45,25.06
design_6577,1.12,1.79,1.48,2.6,1.16,3.27,1.43,2.18,18.09,9.36,0.83,27.46,21.98
design_6578,1.11,1.77,1.44,2.51,1.32,4.1,1.54,2.47,17.99,9.28,0.84,33.57,24.83
design_6579,0.93,1.49,1.37,1.89,1.13,3.28,1.29,2.01,18.3,9.41,0.83,30.11,25.88
design_6580,1.14,1.64,1.35,2.41,1.32,3.79,1.47,2.32,18.06,9.27,0.84,24.77,17.12
design_6581,0.84,1.42,1.05,1.84,0.92,2.57,1.15,1.66,16.68,8.8,0.83,33.42,23.1
design_6582,1.3,1.89,1.55,2.64,1.32,3.7,1.55,2.39,18.69,9.42,0.84,29.95,23.71
design_6583,1.17,1.56,1.28,2.25,1.16,4.19,1.49,2.43,18.43,9.45,0.84,18.82,18.89
design_6584,0.82,1.8,0.69,1.58,0.84,4.57,1.22,2.2,16.87,8.45,0.86,33.28,23.61
design_6585,1.34,2.13,1.59,1.68,1.45,4.53,1.35,2.42,13.03,6.91,0.86,22.77,16.05
design_6586,1.16,2.49,1.61,1.91,0.91,2.05,1.25,1.76,14.62,7.77,0.84,29.7,22.62
design_6587,0.83,1.98,1.06,1.64,0.84,1.75,1.01,1.4,12.27,7.11,0.84,9.22,6.55
design_6588,1.2,2.39,1.6,1.57,1.2,1.98,1.12,1.7,14.76,7.97,0.84,6.24,5.8
design_6589,1.26,2.69,1.5,1.85,1.05,2.21,1.25,1.82,15.85,8.18,0.84,26.24,18.92
design_6590,1.0,2.19,1.01,1.72,0.97,2.56,1.1,1.67,16.95,8.78,0.84,31.45,21.63
design_6591,0.8,1.53,1.18,1.55,1.04,1.91,0.9,1.39,8.02,5.59,0.84,7.23,3.9
design_6592,1.05,1.65,4.07,1.63,0.76,1.76,1.41,2.48,16.39,8.38,0.84,26.24,14.57
design_6593,1.31,1.7,1.95,1.94,0.98,1.32,1.22,1.63,19.04,9.25,0.85,36.8,17.97
design_6594,1.16,1.67,2.85,2.09,0.87,1.65,1.24,2.01,17.86,9.13,0.84,3.15,3.81
design_6595,1.26,1.77,3.26,2.0,0.93,1.4,1.37,2.16,17.9,9.04,0.84,25.42,14.86
design_6596,1.01,1.41,3.51,1.54,1.05,1.71,1.27,2.2,19.43,9.42,0.85,34.94,22.82
design_6597,1.4,1.72,1.99,1.99,1.15,1.82,1.26,1.76,17.79,9.09,0.84,14.41,10.52
design_6598,1.15,1.64,2.09,1.66,0.97,2.02,1.19,1.72,18.22,9.04,0.85,9.42,9.29
design_6599,1.4,2.05,1.98,2.17,1.19,1.77,1.33,1.83,18.92,9.24,0.86,22.89,13.66
design_6600,1.27,1.57,3.21,2.38,1.43,2.45,1.48,2.34,16.95,8.87,0.84,28.6,21.58
design_6601,1.16,1.64,2.06,2.43,1.33,1.92,1.32,1.86,17.92,9.12,0.85,21.67,16.08
design_6602,1.24,2.02,2.03,2.5,1.39,2.4,1.38,2.04,6.8,5.19,0.84,16.85,11.77
design_6603,1.33,1.55,2.27,2.23,1.48,2.63,1.32,2.08,13.65,7.78,0.83,15.87,12.03
design_6604,1.54,1.99,1.87,2.75,1.44,3.77,1.6,2.49,16.65,8.76,0.83,30.5,22.38
design_6605,1.03,0.9,2.18,2.16,1.21,4.98,1.51,2.8,5.89,5.18,0.84,13.69,8.91
design_6606,1.56,1.78,2.09,3.0,1.38,3.86,1.64,2.58,17.19,9.12,0.82,26.1,19.49
design_6607,1.01,1.2,2.2,1.97,1.26,5.54,1.6,3.02,6.91,5.48,0.83,12.93,8.96
design_6608,1.17,2.67,3.17,1.92,1.38,1.76,1.37,2.17,12.79,7.51,0.83,5.54,5.24
design_6609,1.16,2.5,2.68,1.99,1.19,1.67,1.31,1.98,14.07,7.8,0.83,3.71,3.61
design_6610,1.04,2.82,3.24,1.8,1.45,1.99,1.39,2.24,10.87,6.8,0.83,5.45,5.27
design_6611,1.23,2.53,2.92,2.22,1.17,1.69,1.35,2.1,16.16,8.63,0.83,4.38,3.52
design_6612,1.37,2.8,3.28,2.43,1.32,1.63,1.46,2.3,17.82,9.13,0.84,23.14,15.3
design_6613,1.16,2.59,3.45,2.2,1.49,2.03,1.42,2.34,18.29,9.37,0.84,14.83,10.98
design_6614,1.31,2.64,3.72,2.35,1.48,1.88,1.52,2.44,14.86,7.78,0.85,31.02,24.06
design_6615,1.16,2.47,2.17,2.45,0.94,2.22,1.32,2.02,19.12,9.59,0.85,34.34,19.37
design_6616,1.07,1.88,1.0,1.83,0.53,2.86,1.14,1.78,16.59,8.79,0.84,33.72,23.28
design_6617,0.92,2.11,1.66,1.92,0.6,2.16,1.14,1.71,20.38,9.98,0.84,38.55,23.98
design_6618,1.18,1.89,1.58,1.82,0.65,2.6,1.13,1.8,15.72,8.54,0.83,25.7,19.72
design_6619,1.05,2.47,2.19,2.54,0.84,1.71,1.31,1.93,16.23,8.33,0.85,38.6,22.9
design_6620,1.17,2.06,1.42,2.21,0.92,2.37,1.24,1.81,19.28,9.69,0.84,35.7,24.82
design_6621,1.18,2.52,1.73,2.4,0.66,3.15,1.39,2.19,16.82,8.83,0.84,33.3,21.56
design_6622,1.07,2.09,1.23,1.94,0.66,2.41,1.17,1.72,19.09,9.6,0.84,34.45,22.49
design_6623,1.17,1.89,0.98,1.77,0.59,2.82,1.17,1.77,18.25,9.35,0.84,27.37,19.23
design_6624,1.71,2.09,3.36,2.17,0.82,3.87,1.7,2.86,15.67,8.71,0.81,21.68,15.44
design_6625,1.32,2.18,2.54,2.04,0.68,4.58,1.66,2.87,14.59,8.33,0.81,29.54,22.25
design_6626,1.5,1.94,5.35,2.07,0.71,3.24,1.9,3.34,15.45,8.71,0.82,22.98,16.71
design_6627,1.83,2.19,3.15,2.74,0.9,3.75,1.79,2.85,15.6,8.59,0.82,29.07,22.55
design_6628,1.41,2.51,3.11,2.27,0.71,3.24,1.61,2.6,16.89,9.19,0.81,29.9,21.67
design_6629,1.53,2.55,3.32,2.37,1.05,3.57,1.73,2.81,18.52,9.7,0.82,27.96,22.23
design_6630,1.47,2.35,5.32,2.39,1.07,3.93,2.01,3.57,16.18,8.84,0.82,25.63,16.42
design_6631,1.46,1.83,3.07,2.24,0.78,3.38,1.61,2.57,17.48,9.37,0.82,31.93,21.8
design_6632,1.64,1.98,2.2,2.08,1.07,3.41,1.52,2.39,16.19,8.58,0.84,25.96,18.78
design_6633,1.88,1.87,0.92,1.79,0.99,2.95,1.37,2.0,19.32,9.83,0.83,35.29,23.94
design_6634,1.38,1.93,1.07,1.68,1.07,2.64,1.27,1.83,18.2,9.56,0.83,32.16,24.19
design_6635,1.57,1.64,1.58,1.66,1.21,3.35,1.37,2.18,18.1,9.48,0.83,17.89,13.66
design_6636,1.8,1.91,1.92,1.73,0.96,3.53,1.43,2.35,18.56,9.55,0.84,23.11,19.5
design_6637,1.46,1.77,1.77,1.82,0.94,3.32,1.4,2.2,18.43,9.52,0.83,23.55,17.96
design_6638,1.5,1.75,2.1,1.78,0.98,3.62,1.44,2.37,17.93,9.33,0.84,31.4,23.39
design_6639,1.47,1.87,2.08,1.88,1.02,3.48,1.46,2.34,18.46,9.51,0.84,31.48,22.92
design_6640,1.15,2.43,3.92,2.01,1.15,6.37,1.84,3.71,16.8,8.65,0.85,8.4,8.33
design_6641,1.17,2.1,2.53,2.26,1.24,2.15,1.3,1.99,17.18,8.98,0.84,31.09,24.64
design_6642,1.08,2.47,3.1,2.18,1.4,3.77,1.46,2.62,18.11,9.43,0.84,23.42,17.14
design_6643,1.21,2.48,2.3,1.93,1.2,7.11,1.9,3.84,16.18,7.96,0.87,19.64,17.51
design_6644,1.16,2.68,2.99,2.2,1.5,6.48,1.88,3.7,16.88,8.56,0.86,10.44,10.02
design_6645,1.23,2.45,2.26,2.06,1.14,7.06,1.9,3.82,16.77,8.14,0.87,32.82,28.11
design_6646,1.15,2.55,2.24,2.0,1.34,5.56,1.67,3.18,17.66,9.29,0.84,32.62,25.32
design_6647,1.23,2.41,2.27,2.08,1.19,7.15,1.93,3.86,16.2,7.93,0.87,23.48,19.17
design_6648,1.09,1.81,1.63,2.21,1.0,2.58,1.22,1.88,17.83,9.01,0.85,28.51,25.13
design_6649,1.17,2.15,2.07,2.37,1.55,5.87,1.69,3.25,17.93,9.04,0.85,26.05,19.59
design_6650,1.25,2.03,1.4,2.29,1.29,5.92,1.67,3.19,17.89,9.12,0.84,29.78,26.17
design_6651,1.34,2.01,1.22,2.3,1.09,6.0,1.66,3.21,17.56,8.91,0.85,16.67,14.11
design_6652,1.21,2.1,1.06,2.31,1.14,2.56,1.27,1.91,18.06,9.27,0.85,28.83,25.73
design_6653,1.22,1.94,1.25,2.26,1.27,3.08,1.3,2.07,17.91,9.24,0.84,33.8,29.23
design_6654,1.35,2.28,1.53,2.3,1.24,5.86,1.69,3.21,17.55,8.96,0.84,19.67,14.83
design_6655,1.04,1.63,2.05,2.36,1.01,2.51,1.2,1.91,18.55,9.32,0.85,29.96,25.86
design_6656,1.26,1.96,3.24,2.15,0.97,1.99,1.36,2.22,18.74,9.64,0.83,18.83,15.43
design_6657,1.33,2.17,3.38,2.1,1.11,2.26,1.42,2.36,18.78,9.75,0.83,12.95,7.9
design_6658,1.21,1.93,1.52,2.2,1.19,2.45,1.23,1.87,20.89,10.45,0.83,17.26,10.55
design_6659,1.26,2.16,3.16,2.29,1.26,2.29,1.48,2.32,19.75,10.01,0.84,31.19,21.03
design_6660,1.3,1.99,2.72,2.37,0.99,1.98,1.31,2.08,18.43,9.58,0.82,20.55,12.96
design_6661,1.21,2.04,3.34,2.2,1.07,2.22,1.41,2.32,19.04,9.81,0.83,29.78,19.85
design_6662,1.35,1.89,1.28,2.06,1.14,2.62,1.23,1.87,18.36,9.46,0.84,15.85,9.46
design_6663,1.26,1.85,4.55,2.03,1.1,2.24,1.56,2.74,17.22,9.15,0.83,23.32,16.32
design_6664,1.65,1.31,2.5,1.88,1.14,2.71,1.36,2.11,15.63,8.68,0.82,13.37,13.48
design_6665,1.4,1.73,3.27,1.9,0.98,2.62,1.49,2.33,17.92,9.41,0.83,9.73,9.79
design_6666,1.39,1.76,3.96,2.25,1.32,2.62,1.64,2.64,15.48,8.42,0.83,19.0,17.9
design_6667,1.52,1.63,3.39,1.98,1.05,2.46,1.49,2.35,18.3,9.37,0.84,10.39,8.85
design_6668,1.29,1.57,3.31,1.97,1.21,2.72,1.47,2.37,19.18,9.75,0.84,9.24,6.69
design_6669,1.64,1.47,2.16,1.95,1.14,2.54,1.37,1.98,17.74,9.22,0.83,11.17,10.95
design_6670,1.35,1.37,2.22,1.81,1.04,2.31,1.3,1.87,18.6,9.59,0.83,9.98,8.59
design_6671,1.4,1.61,3.69,1.84,1.01,3.54,1.58,2.71,18.59,9.72,0.83,5.83,5.95
design_6672,0.67,0.89,3.53,1.6,0.84,3.25,1.17,2.18,18.47,9.51,0.85,17.99,15.5
design_6673,0.74,0.67,4.32,1.5,1.02,1.66,1.15,2.02,17.29,8.89,0.85,20.2,13.1
design_6674,0.73,0.74,4.6,1.55,0.99,1.87,1.22,2.15,17.33,8.94,0.84,16.14,8.81
design_6675,0.95,0.89,4.1,1.64,1.0,1.73,1.18,2.0,16.55,8.67,0.84,7.3,6.08
design_6676,0.73,0.74,4.47,2.14,0.9,1.84,1.15,2.19,17.77,9.2,0.84,17.51,12.77
design_6677,0.73,0.75,4.23,1.8,1.08,1.61,1.21,2.03,17.1,8.92,0.84,13.97,7.89
design_6678,0.65,0.93,4.51,1.66,1.12,2.08,1.17,2.19,17.15,9.0,0.84,27.05,21.28
design_6679,0.85,1.09,1.34,1.76,0.93,5.18,1.37,2.57,16.73,8.2,0.87,10.83,10.92
design_6680,0.9,1.94,3.08,1.89,0.99,1.07,1.15,1.99,15.18,7.48,0.87,16.79,12.55
design_6681,0.99,2.0,3.1,1.82,1.17,1.06,1.17,2.02,17.75,8.35,0.88,19.65,16.37
design_6682,1.17,1.77,1.84,1.78,1.18,1.18,1.11,1.56,15.45,7.92,0.86,10.13,5.88
design_6683,1.04,2.02,2.71,1.55,0.99,1.22,1.12,1.84,17.93,8.73,0.86,7.18,6.22
design_6684,0.92,1.8,2.93,1.44,0.9,1.72,1.1,1.91,16.04,8.08,0.86,7.64,5.67
design_6685,0.93,1.98,3.1,1.88,2.19,0.97,1.22,2.13,14.73,7.28,0.87,16.78,12.64
design_6686,1.07,2.04,1.93,1.69,1.06,1.02,1.12,1.58,18.13,8.84,0.86,19.19,13.56
design_6687,1.01,1.78,2.58,1.51,1.22,0.88,1.08,1.73,17.95,8.8,0.86,18.01,12.18
design_6688,1.28,1.42,0.82,1.79,0.82,3.45,1.23,1.99,18.1,9.27,0.84,30.07,20.34
design_6689,1.45,1.74,1.07,1.91,1.12,1.89,1.23,1.59,15.92,8.26,0.85,27.56,20.72
design_6690,1.49,1.91,1.28,2.08,0.86,2.04,1.29,1.7,18.3,9.28,0.84,33.2,23.49
design_6691,1.32,1.81,0.95,1.74,1.1,2.18,1.17,1.62,17.74,9.08,0.84,14.9,9.92
design_6692,1.02,1.55,0.93,1.8,0.95,2.27,1.08,1.57,16.21,8.47,0.84,27.15,20.56
design_6693,0.93,1.64,0.99,1.76,0.83,2.42,1.1,1.61,16.22,8.63,0.83,34.48,26.06
design_6694,1.18,1.66,0.96,1.73,0.83,3.18,1.22,1.91,17.16,8.9,0.84,30.97,24.06
design_6695,1.54,1.72,0.92,1.96,0.9,3.61,1.36,2.15,17.12,8.87,0.84,28.63,22.08
design_6696,1.34,1.81,1.56,3.67,1.06,2.57,1.38,2.2,17.55,9.09,0.84,19.19,14.07
design_6697,1.51,2.17,1.69,4.09,1.34,2.6,1.57,2.42,19.15,9.61,0.84,27.56,18.57
design_6698,1.87,2.11,1.32,3.94,1.41,2.51,1.56,2.34,17.74,9.13,0.84,25.55,19.65
design_6699,1.61,2.07,0.96,4.12,1.21,2.48,1.52,2.29,18.1,9.18,0.84,28.62,19.27
design_6700,1.45,1.87,1.41,3.53,1.28,2.85,1.38,2.26,17.96,9.26,0.84,26.85,20.43
design_6701,1.54,2.17,1.34,4.01,1.05,2.91,1.54,2.41,15.68,8.36,0.84,18.84,13.82
design_6702,1.57,2.31,2.0,4.03,1.09,2.57,1.57,2.45,18.39,9.29,0.84,17.34,11.14
design_6703,1.36,1.89,1.47,3.9,1.06,2.76,1.47,2.31,18.49,9.34,0.85,34.14,20.65
design_6704,0.96,1.97,2.45,1.7,1.0,3.07,1.35,2.17,16.78,8.73,0.84,29.43,23.06
design_6705,1.02,1.54,1.05,1.62,1.12,2.82,1.16,1.75,19.56,9.93,0.84,30.86,22.55
design_6706,1.06,1.58,1.52,1.58,0.9,3.36,1.25,2.01,16.2,8.65,0.84,10.04,6.99
design_6707,1.09,1.63,0.86,1.54,0.9,2.39,1.14,1.56,18.07,9.27,0.84,31.33,22.87
design_6708,1.16,1.85,1.33,1.84,0.92,2.32,1.25,1.69,18.28,9.36,0.84,27.85,16.25
design_6709,1.06,1.76,1.72,1.69,0.87,2.68,1.24,1.84,18.97,9.51,0.85,27.14,20.77
design_6710,0.92,1.42,0.78,1.49,0.82,2.26,1.05,1.45,18.66,9.51,0.84,21.42,12.0
design_6711,1.03,1.68,1.68,1.67,0.8,2.89,1.26,1.89,17.87,9.13,0.84,25.28,20.66
design_6712,1.78,2.5,1.25,2.48,1.14,3.15,1.51,2.35,18.1,9.48,0.84,29.15,23.72
design_6713,1.73,2.12,3.1,2.41,1.04,3.06,1.5,2.44,15.43,8.42,0.84,20.06,15.93
design_6714,1.68,2.26,1.17,2.58,1.2,3.8,1.59,2.58,16.85,9.07,0.82,14.32,11.29
design_6715,1.28,1.95,3.18,2.49,0.97,3.19,1.47,2.44,16.29,8.64,0.85,7.38,6.12
design_6716,1.79,2.0,3.0,2.29,1.15,3.59,1.51,2.6,17.32,8.84,0.85,28.74,20.04
design_6717,1.49,2.18,1.25,2.74,1.07,6.31,1.95,3.7,17.65,9.39,0.83,31.93,23.85
design_6718,1.57,2.0,3.42,2.68,0.97,3.91,1.63,2.81,17.0,8.98,0.83,6.92,5.67
design_6719,1.49,1.91,3.31,2.19,0.97,4.64,1.62,3.01,19.13,9.62,0.85,21.38,17.29
design_6720,1.19,2.29,1.05,2.54,1.2,1.92,1.36,1.74,19.87,9.74,0.85,30.38,16.51
design_6721,1.22,2.31,1.34,2.38,1.22,2.75,1.39,1.95,18.9,9.35,0.85,29.31,19.48
design_6722,1.11,2.25,1.04,2.26,1.21,2.33,1.29,1.76,18.62,9.46,0.83,10.19,10.69
design_6723,1.19,2.37,1.25,2.56,1.31,2.21,1.38,1.86,19.54,9.65,0.84,29.14,21.99
design_6724,1.23,2.28,1.35,2.66,1.21,2.13,1.42,1.86,18.72,9.36,0.85,30.05,15.25
design_6725,1.24,2.39,1.54,2.27,1.31,2.12,1.39,1.85,17.75,9.15,0.83,16.23,10.43
design_6726,1.08,2.2,3.65,2.32,1.18,4.47,1.65,2.94,18.67,9.32,0.85,16.69,13.05
design_6727,1.2,2.29,1.17,2.52,1.26,2.22,1.36,1.82,18.29,9.29,0.85,24.17,14.68
design_6728,0.92,1.35,1.8,1.61,0.74,3.24,1.26,1.95,16.72,9.01,0.81,24.33,17.93
design_6729,1.12,1.64,1.26,1.87,0.82,3.13,1.33,1.87,16.4,8.81,0.82,29.92,22.98
design_6730,1.3,1.82,2.34,1.94,0.81,2.73,1.43,2.06,17.97,9.29,0.84,34.88,23.08
design_6731,1.06,1.52,1.74,1.78,1.1,3.05,1.3,1.94,15.35,8.48,0.82,15.23,10.08
design_6732,1.08,1.5,1.36,2.02,0.77,4.13,1.4,2.25,14.47,8.07,0.82,8.79,7.27
design_6733,1.29,1.58,1.15,1.67,0.81,2.39,1.21,1.59,7.31,5.63,0.83,9.62,5.6
design_6734,1.16,1.59,1.66,1.96,0.87,2.97,1.37,1.92,18.26,9.45,0.83,31.0,19.09
design_6735,1.18,1.54,1.14,2.1,0.95,2.19,1.19,1.6,7.58,5.77,0.83,9.23,5.46
design_6736,1.86,2.18,2.17,2.46,1.11,1.75,1.46,1.99,17.92,8.78,0.85,15.64,13.22
design_6737,2.09,2.31,2.19,2.71,1.22,1.74,1.58,2.11,15.57,8.12,0.85,23.83,16.74
design_6738,1.79,2.32,1.34,2.2,1.07,2.22,1.35,1.87,17.73,8.9,0.85,7.44,7.32
design_6739,1.91,2.11,2.1,2.54,1.31,1.62,1.48,1.99,18.45,8.92,0.86,25.49,14.23
design_6740,1.92,2.2,2.0,2.31,1.28,1.75,1.45,1.95,18.53,8.98,0.85,30.26,22.14
design_6741,1.93,2.29,1.82,2.62,1.28,1.82,1.49,2.0,16.4,8.43,0.85,9.73,7.3
design_6742,1.75,2.08,1.42,1.93,1.06,1.93,1.27,1.72,16.49,8.42,0.85,19.3,14.59
design_6743,1.86,2.31,1.19,2.27,1.04,2.05,1.33,1.83,16.22,8.31,0.86,10.67,6.15
design_6744,1.67,2.59,1.35,2.85,0.95,1.07,1.35,1.91,17.22,8.83,0.85,25.16,15.67
design_6745,1.67,2.62,3.65,2.78,1.07,1.09,1.49,2.39,17.12,8.73,0.86,22.74,18.12
design_6746,1.59,2.52,1.7,2.56,1.13,1.1,1.27,1.87,16.71,8.62,0.85,25.73,19.65
design_6747,1.74,2.91,2.88,2.85,1.29,1.37,1.51,2.31,17.4,8.75,0.86,34.45,25.92
design_6748,1.43,2.46,1.36,2.62,0.98,1.08,1.24,1.79,17.63,8.89,0.86,35.37,27.11
design_6749,1.61,2.83,1.9,2.65,1.02,1.06,1.37,1.98,17.46,8.92,0.85,29.09,22.14
design_6750,1.59,2.85,2.39,2.67,0.95,1.35,1.39,2.1,16.76,8.52,0.86,24.45,18.81
design_6751,1.51,2.37,1.3,2.66,1.0,1.21,1.28,1.8,18.59,9.04,0.86,20.2,14.25
design_6752,1.38,1.77,1.58,2.59,1.11,1.46,1.35,1.73,16.63,8.07,0.87,38.48,26.17
design_6753,1.31,2.07,1.22,2.79,1.28,1.3,1.37,1.75,15.85,7.68,0.88,36.07,28.84
design_6754,1.23,1.99,2.34,3.07,1.39,1.3,1.45,2.07,16.5,7.97,0.88,35.48,24.23
design_6755,1.38,2.12,1.38,2.79,1.01,1.27,1.36,1.77,16.59,7.96,0.88,29.03,22.11
design_6756,1.3,2.07,1.64,2.97,1.34,1.3,1.41,1.88,16.45,7.96,0.87,27.57,20.86
design_6757,1.25,2.23,1.46,2.81,1.26,1.39,1.41,1.83,16.44,7.88,0.88,36.13,28.45
design_6758,1.29,1.82,1.79,2.98,1.23,1.38,1.4,1.88,17.51,8.32,0.88,35.8,21.93
design_6759,1.41,2.25,1.5,3.04,1.17,1.51,1.45,1.92,17.01,8.07,0.88,34.01,22.56
design_6760,1.25,1.14,3.05,1.83,0.79,2.14,1.13,1.83,14.74,7.47,0.87,27.74,22.17
design_6761,1.06,1.06,3.26,2.16,0.84,1.65,1.12,1.8,17.94,8.89,0.87,20.67,11.25
design_6762,1.24,1.0,3.02,1.82,0.73,2.19,1.13,1.82,15.17,7.58,0.88,30.41,24.66
design_6763,1.03,1.16,3.4,1.97,0.95,1.83,1.15,1.84,18.02,9.19,0.86,18.46,14.2
design_6764,1.31,1.25,3.1,2.0,0.9,1.87,1.16,1.83,17.75,8.98,0.86,36.58,25.75
design_6765,1.21,1.23,3.05,2.27,0.85,1.78,1.19,1.84,17.24,8.93,0.85,8.34,7.5
design_6766,1.24,1.21,3.28,1.9,1.11,1.94,1.14,1.87,18.49,9.44,0.85,20.01,12.67
design_6767,1.15,1.17,3.33,2.21,0.73,1.64,1.16,1.83,18.11,8.93,0.86,28.22,15.38
design_6768,1.1,2.45,2.68,1.89,0.84,2.51,1.37,2.13,18.63,9.38,0.85,15.48,12.67
design_6769,1.08,2.46,3.46,1.8,0.99,2.2,1.4,2.32,18.18,9.21,0.85,8.36,5.7
design_6770,1.16,2.45,2.62,1.72,0.91,2.64,1.34,2.13,18.94,9.46,0.85,13.33,13.75
design_6771,1.26,1.94,10.77,1.76,1.13,2.34,2.67,5.5,18.01,9.04,0.85,10.85,9.36
design_6772,1.21,2.35,3.28,2.19,1.01,2.44,1.53,2.36,18.57,9.48,0.84,27.94,19.09
design_6773,1.35,2.58,4.0,2.09,1.1,2.25,1.64,2.61,18.57,9.52,0.83,28.1,20.3
design_6774,1.22,2.28,3.85,1.76,0.95,2.37,1.54,2.48,18.28,9.17,0.84,19.01,11.44
design_6775,1.31,2.18,3.32,1.74,0.86,1.89,1.38,2.19,17.72,8.94,0.84,27.5,20.9
design_6776,1.39,1.83,1.08,1.7,1.22,1.34,1.09,1.44,14.75,7.57,0.86,31.28,23.39
design_6777,1.11,1.51,0.8,1.74,1.35,1.6,1.13,1.37,14.99,7.65,0.86,30.77,23.53
design_6778,1.41,1.85,0.89,1.82,1.03,1.62,1.13,1.47,15.37,7.73,0.86,23.23,17.61
design_6779,1.15,1.53,1.0,1.78,1.14,1.62,1.16,1.39,8.37,5.28,0.86,3.28,3.21
design_6780,1.19,1.63,1.1,1.86,1.33,1.73,1.18,1.49,10.29,5.92,0.86,6.35,5.8
design_6781,0.73,1.11,1.36,2.07,0.99,1.43,0.94,1.36,8.89,5.62,0.85,12.78,9.25
design_6782,0.86,1.15,1.45,1.46,1.19,0.96,0.94,1.21,8.0,5.3,0.85,11.01,8.12
design_6783,0.99,1.18,0.92,1.81,0.89,1.46,1.03,1.25,13.02,6.81,0.86,31.62,23.18
design_6784,1.69,1.53,1.15,2.01,0.91,0.97,1.12,1.45,16.79,8.05,0.88,24.62,15.98
design_6785,1.41,1.3,2.04,1.87,0.87,1.08,1.05,1.55,15.25,7.6,0.87,18.32,15.77
design_6786,1.37,1.44,0.84,1.96,0.8,1.0,1.01,1.3,15.48,7.62,0.88,12.87,8.48
design_6787,1.47,1.49,0.8,1.81,1.0,0.92,1.0,1.3,16.47,7.82,0.89,20.72,14.54
design_6788,1.64,1.82,0.9,2.36,1.16,0.98,1.16,1.56,16.58,7.99,0.88,17.0,12.82
design_6789,1.47,1.51,0.7,2.0,1.09,0.98,1.05,1.36,16.31,7.91,0.87,9.77,7.92
design_6790,1.68,1.83,2.23,2.0,1.26,1.04,1.21,1.79,16.92,7.93,0.89,23.09,15.95
design_6791,1.62,1.53,0.66,2.15,0.93,0.98,1.09,1.4,15.74,7.69,0.88,27.37,21.07
design_6792,1.37,2.17,6.55,2.54,1.23,2.87,2.09,3.89,16.9,8.1,0.88,8.71,8.71
design_6793,1.16,2.08,6.13,2.33,1.21,2.59,1.96,3.63,18.49,8.73,0.87,13.18,10.93
design_6794,1.28,2.13,3.61,2.3,1.05,2.64,1.53,2.56,7.79,5.26,0.85,6.12,4.24
design_6795,1.27,2.14,4.79,2.21,1.18,2.2,1.69,2.97,17.88,9.21,0.84,11.49,6.44
design_6796,1.34,2.16,5.78,2.47,1.27,2.64,1.94,3.5,18.45,8.84,0.86,25.07,17.96
design_6797,0.89,1.83,4.84,2.39,0.98,2.01,1.64,2.93,16.96,8.92,0.83,7.62,6.18
design_6798,1.29,2.27,5.2,2.32,1.1,2.03,1.78,3.15,19.52,9.71,0.84,27.03,19.81
design_6799,1.05,1.96,6.22,2.13,1.45,2.59,1.95,3.65,19.2,9.73,0.84,9.42,7.13
design_6800,1.26,1.84,1.52,1.77,0.84,1.9,1.07,1.6,16.84,9.01,0.84,25.33,19.23
design_6801,1.15,1.52,7.11,1.75,0.91,2.31,1.64,3.26,14.13,7.69,0.85,15.12,11.84
design_6802,1.12,1.55,7.71,1.85,1.36,2.32,1.77,3.5,5.99,4.6,0.86,16.12,12.53
design_6803,1.28,2.04,2.44,1.99,0.87,1.67,1.18,1.79,19.02,9.72,0.84,6.64,6.33
design_6804,1.09,1.89,1.78,1.88,0.8,2.21,1.14,1.73,14.06,7.74,0.84,15.4,11.99
design_6805,1.19,1.84,1.73,1.91,1.06,2.01,1.16,1.7,16.86,8.75,0.85,8.47,6.66
design_6806,1.07,1.76,2.11,1.86,0.84,1.94,1.13,1.7,18.35,9.43,0.85,12.36,10.87
design_6807,1.05,1.65,2.46,1.76,0.72,2.11,1.12,1.78,16.76,8.87,0.84,9.13,7.9
design_6808,1.03,2.26,1.82,2.31,1.09,2.55,1.33,2.01,19.68,9.91,0.84,15.9,14.62
design_6809,1.0,2.49,1.16,2.1,0.85,2.31,1.23,1.79,18.93,9.68,0.83,12.22,6.61
design_6810,1.14,2.31,1.8,2.38,1.23,2.09,1.31,1.91,18.79,9.59,0.83,10.39,9.07
design_6811,0.99,2.06,4.68,2.1,1.27,2.09,1.6,2.82,18.45,9.48,0.84,10.19,9.46
design_6812,1.19,2.37,2.3,2.51,0.93,2.8,1.49,2.25,15.68,8.4,0.83,12.69,9.22
design_6813,1.05,2.64,0.64,2.48,1.06,2.18,1.3,1.79,17.4,8.99,0.84,29.62,22.26
design_6814,1.1,2.39,1.67,2.46,0.82,2.33,1.35,1.94,19.05,9.66,0.84,18.26,15.04
design_6815,0.96,2.39,1.45,2.12,1.22,2.06,1.23,1.77,20.69,10.23,0.84,35.76,27.04
design_6816,1.26,2.15,1.51,1.89,0.94,3.37,1.26,2.04,17.38,8.73,0.85,30.47,23.13
design_6817,1.13,2.01,1.49,1.82,1.06,3.89,1.26,2.17,18.65,9.33,0.85,30.78,23.36
design_6818,1.23,2.41,1.79,2.19,1.12,3.11,1.4,2.11,16.92,8.67,0.85,30.9,22.68
design_6819,1.05,2.06,1.69,2.13,0.93,3.23,1.29,2.03,17.99,8.76,0.85,26.5,18.2
design_6820,1.06,1.95,1.54,1.81,0.86,3.25,1.18,1.94,18.08,9.07,0.85,29.76,22.0
design_6821,1.23,2.19,1.6,2.14,0.92,2.91,1.32,1.97,18.22,9.12,0.85,32.21,24.25
design_6822,1.26,2.14,1.62,2.19,1.02,3.42,1.32,2.12,17.98,8.95,0.86,30.02,20.89
design_6823,1.16,2.19,1.61,2.28,1.08,2.56,1.3,1.91,16.12,8.37,0.85,31.41,23.14
design_6824,1.42,2.9,1.2,2.28,1.28,1.39,1.3,1.87,17.26,8.41,0.87,9.96,8.73
design_6825,1.67,3.43,2.68,2.53,1.16,1.37,1.54,2.3,16.13,8.04,0.87,25.53,18.85
design_6826,1.38,2.99,1.85,2.11,1.39,1.5,1.32,1.96,16.57,8.19,0.87,25.35,20.69
design_6827,1.69,2.64,3.2,2.84,1.06,1.35,1.52,2.3,16.25,8.2,0.86,9.71,6.28
design_6828,1.58,3.15,2.99,2.18,1.42,1.45,1.42,2.25,15.27,7.71,0.87,10.59,10.27
design_6829,1.37,2.82,1.5,2.09,1.17,1.45,1.27,1.83,16.76,8.33,0.87,11.92,10.66
design_6830,1.88,2.81,1.5,2.9,1.52,1.3,1.45,2.12,16.53,8.14,0.87,6.04,5.93
design_6831,1.43,3.1,1.95,2.35,1.06,1.31,1.39,2.0,15.61,7.95,0.86,14.39,10.35
design_6832,1.44,1.7,1.81,1.81,0.91,1.37,1.16,1.57,17.0,8.33,0.87,31.02,24.05
design_6833,1.19,1.73,0.74,1.68,0.81,1.33,1.05,1.28,17.15,8.59,0.86,39.54,27.15
design_6834,1.53,1.57,1.05,1.95,0.85,1.46,1.12,1.44,15.8,7.89,0.86,29.7,23.31
design_6835,1.09,1.46,1.84,1.66,0.71,1.48,1.01,1.46,17.29,8.51,0.87,32.08,23.93
design_6836,1.16,1.65,0.6,1.75,0.82,1.6,1.02,1.31,15.85,8.07,0.86,31.53,23.94
design_6837,1.29,1.68,0.89,1.72,0.84,1.65,1.06,1.37,16.98,8.47,0.87,28.45,19.38
design_6838,1.28,1.02,1.73,1.88,0.68,1.49,1.01,1.45,17.06,8.54,0.86,35.87,26.16
design_6839,1.0,1.52,1.54,1.65,0.69,1.24,0.97,1.34,16.49,8.28,0.86,27.0,21.21
design_6840,1.7,2.83,3.77,3.51,1.36,1.84,1.76,2.76,17.16,8.73,0.85,23.78,17.44
design_6841,1.83,2.7,5.33,2.91,1.14,1.77,1.85,3.23,19.03,9.78,0.83,22.97,16.61
design_6842,2.24,2.97,4.26,3.72,1.32,1.73,1.91,3.02,17.58,8.75,0.85,10.68,10.02
design_6843,1.78,2.78,5.01,3.47,1.05,1.73,1.92,3.17,17.01,8.87,0.83,16.44,12.19
design_6844,1.78,2.58,3.93,3.25,1.36,1.81,1.73,2.74,16.43,8.65,0.84,25.97,20.01
design_6845,1.89,2.86,4.87,3.54,1.41,1.72,1.96,3.16,18.04,9.09,0.84,16.77,12.56
design_6846,1.86,2.58,2.83,3.45,1.32,1.78,1.66,2.43,18.87,9.5,0.84,22.88,17.76
design_6847,1.71,2.73,5.18,2.47,1.06,1.87,1.77,3.12,16.65,8.83,0.83,23.21,17.56
design_6848,2.02,1.69,2.83,3.2,1.55,1.76,1.55,2.22,14.8,8.05,0.84,24.49,19.59
design_6849,2.46,2.3,3.65,3.32,1.43,1.5,1.71,2.48,12.82,7.09,0.84,22.6,18.28
design_6850,2.13,1.8,4.58,3.17,1.38,1.53,1.62,2.52,14.47,7.64,0.84,23.12,18.76
design_6851,2.12,1.85,3.49,2.86,1.63,1.71,1.54,2.29,16.38,8.71,0.83,22.82,18.38
design_6852,2.13,1.93,2.92,2.98,1.3,2.08,1.56,2.28,17.11,8.97,0.84,30.77,24.42
design_6853,2.06,1.76,2.26,2.93,1.4,1.76,1.48,2.08,15.75,8.35,0.83,29.08,23.75
design_6854,2.18,2.2,2.64,2.58,1.49,2.71,1.55,2.37,18.67,9.66,0.84,33.29,26.55
design_6855,2.34,2.11,3.33,2.98,1.62,1.38,1.61,2.3,12.39,7.13,0.83,23.61,18.81
design_6856,1.35,1.52,0.86,1.89,0.86,2.25,1.17,1.54,17.27,8.84,0.84,29.98,22.14
design_6857,1.38,1.26,2.54,1.65,0.94,2.27,1.13,1.86,11.73,6.99,0.83,24.65,17.18
design_6858,1.43,1.43,2.43,1.84,0.92,2.49,1.26,1.93,15.38,8.21,0.84,28.67,20.7
design_6859,1.34,1.33,0.8,1.74,1.04,2.58,1.1,1.58,17.7,9.07,0.85,23.13,15.99
design_6860,1.27,1.32,2.39,1.78,0.89,1.62,1.12,1.7,17.9,9.17,0.84,26.0,19.7
design_6861,1.31,1.32,0.93,1.72,0.83,2.75,1.08,1.63,18.17,9.23,0.85,30.45,22.08
design_6862,1.38,1.41,0.97,1.73,0.83,2.34,1.09,1.54,17.61,9.0,0.84,12.75,9.76
design_6863,1.25,1.31,2.5,1.77,0.7,1.46,1.07,1.69,16.86,8.83,0.84,29.4,22.21
design_6864,1.49,2.15,1.58,2.39,1.05,1.9,1.39,1.81,17.66,9.08,0.84,12.04,9.36
design_6865,1.56,2.16,1.55,2.6,1.03,1.71,1.36,1.83,18.75,9.19,0.85,8.74,7.09
design_6866,1.68,2.31,1.65,2.6,1.08,1.9,1.4,1.92,18.85,9.51,0.84,18.92,15.06
design_6867,1.69,2.19,1.72,2.34,1.04,1.58,1.35,1.8,19.96,9.68,0.84,24.38,19.11
design_6868,1.17,2.46,1.43,2.31,1.21,1.97,1.37,1.82,17.58,8.53,0.87,17.73,14.92
design_6869,1.45,2.69,1.32,2.28,1.1,2.48,1.39,1.98,18.67,9.51,0.84,28.02,22.62
design_6870,1.78,2.36,1.6,2.55,1.08,1.55,1.4,1.86,19.79,9.61,0.85,42.51,29.44
design_6871,1.84,2.29,1.47,2.55,1.16,2.23,1.43,1.98,18.63,9.15,0.85,30.22,22.94
design_6872,1.38,2.38,3.66,2.64,0.89,2.58,1.45,2.4,15.42,8.17,0.84,18.21,14.54
design_6873,1.63,2.41,3.72,2.35,0.88,2.94,1.48,2.5,15.84,8.33,0.85,14.01,11.21
design_6874,1.76,2.43,3.76,2.18,1.02,3.29,1.51,2.61,16.1,8.54,0.84,16.02,12.29
design_6875,1.52,2.48,3.72,2.47,0.98,3.98,1.6,2.87,16.97,8.91,0.84,19.83,13.78
design_6876,1.72,2.53,3.69,2.67,1.04,3.22,1.58,2.66,16.38,8.68,0.84,13.81,10.42
design_6877,1.94,2.52,3.75,2.89,1.12,4.73,1.79,3.26,17.56,8.93,0.85,16.74,12.28
design_6878,1.94,2.47,3.79,2.55,0.93,2.63,1.55,2.5,15.84,8.17,0.86,24.45,18.69
design_6879,1.58,2.29,3.73,2.16,1.03,4.96,1.64,3.19,16.59,8.68,0.84,16.79,13.1
design_6880,1.47,2.74,1.86,2.59,1.37,2.15,1.42,2.09,18.09,9.31,0.85,29.7,23.91
design_6881,1.75,3.07,1.86,2.46,1.51,5.8,1.83,3.39,17.66,9.25,0.84,11.02,8.96
design_6882,1.48,2.69,1.8,2.5,1.3,2.09,1.33,2.04,13.01,7.6,0.83,12.91,10.21
design_6883,1.74,2.8,1.65,2.68,1.27,2.16,1.44,2.12,16.99,8.97,0.84,15.4,11.88
design_6884,1.71,3.18,3.51,2.67,1.3,2.18,1.57,2.53,17.52,9.02,0.85,12.15,9.61
design_6885,1.52,2.7,3.26,2.61,1.48,1.63,1.45,2.27,15.07,8.18,0.83,14.14,10.9
design_6886,1.41,2.89,1.96,2.54,1.22,1.87,1.38,2.05,14.77,8.15,0.83,14.26,11.28
design_6887,1.32,2.72,2.94,2.53,1.25,1.81,1.42,2.18,16.58,8.72,0.84,10.83,8.68
design_6888,1.44,1.76,0.79,2.6,1.06,2.51,1.32,1.88,17.27,8.85,0.84,14.04,12.47
design_6889,1.34,1.81,0.9,2.41,1.13,1.98,1.29,1.69,18.43,9.27,0.85,17.78,13.2
design_6890,1.47,1.81,0.86,2.49,0.98,1.99,1.27,1.71,17.25,8.87,0.85,12.76,6.84
design_6891,1.34,1.62,0.75,2.5,1.01,1.99,1.24,1.67,18.57,9.26,0.85,16.7,11.35
design_6892,1.42,1.81,0.86,2.48,1.08,1.93,1.29,1.7,16.87,8.69,0.85,9.57,6.17
design_6893,0.95,1.43,0.94,2.06,0.88,2.11,1.12,1.54,18.19,9.33,0.84,16.98,12.36
design_6894,1.17,1.64,0.7,2.29,1.25,2.18,1.21,1.68,16.86,8.69,0.85,10.2,9.73
design_6895,1.42,1.77,0.78,2.67,1.01,2.0,1.3,1.75,19.0,9.44,0.85,36.39,24.42
design_6896,0.72,0.66,3.48,1.77,0.95,1.28,1.12,1.8,17.93,9.0,0.85,29.59,20.97
design_6897,0.64,0.67,3.49,1.82,1.15,1.93,1.14,1.92,17.09,8.66,0.86,14.88,10.09
design_6898,0.88,0.94,3.54,1.85,1.11,1.37,1.15,1.89,17.79,8.95,0.86,32.25,18.51
design_6899,0.67,0.85,1.85,1.79,0.91,1.76,0.99,1.42,17.39,8.91,0.85,17.28,12.4
design_6900,0.6,0.78,3.51,1.69,1.36,1.82,1.12,1.91,18.08,9.07,0.85,11.13,8.89
design_6901,0.96,0.84,3.53,2.19,0.91,1.88,1.14,2.01,17.21,8.83,0.85,6.18,6.32
design_6902,0.99,0.95,2.17,1.82,1.04,1.14,1.06,1.45,18.04,9.16,0.85,18.15,11.42
design_6903,0.71,0.68,3.44,1.72,1.18,1.92,1.13,1.9,16.94,8.67,0.85,12.1,10.59
design_6904,1.23,1.85,1.12,1.66,0.98,7.43,2.06,4.13,17.84,9.28,0.83,30.0,22.19
design_6905,1.07,1.51,1.17,1.72,0.8,7.61,2.07,4.19,17.28,9.09,0.83,13.43,9.92
design_6906,1.21,1.71,0.84,1.65,0.98,7.51,2.06,4.15,17.98,9.36,0.84,29.93,22.07
design_6907,1.42,1.78,1.64,1.7,0.99,2.8,1.29,1.98,18.19,9.67,0.82,24.18,19.17
design_6908,1.16,1.63,1.07,1.65,1.04,7.12,1.96,3.95,17.74,9.41,0.83,8.47,9.82
design_6909,1.19,1.54,2.34,2.08,1.1,7.43,2.09,4.22,17.14,9.14,0.82,13.32,11.66
design_6910,1.17,1.66,1.1,1.69,1.09,7.59,2.09,4.2,18.14,9.43,0.83,13.16,14.44
design_6911,1.31,1.48,1.17,1.62,0.97,7.06,1.96,3.92,17.85,9.37,0.83,14.18,8.31
design_6912,1.17,1.92,3.38,1.72,1.04,2.45,1.33,2.24,17.88,8.92,0.86,29.01,21.8
design_6913,1.3,2.48,2.93,1.94,1.1,1.56,1.32,2.08,18.83,9.39,0.85,28.08,19.92
design_6914,1.28,2.18,5.75,1.57,0.93,2.15,1.62,3.15,17.36,8.75,0.85,30.05,23.8
design_6915,1.32,2.18,5.6,1.66,0.8,2.64,1.61,3.15,17.98,8.72,0.87,35.85,23.65
design_6916,1.21,1.89,2.62,1.66,0.95,2.57,1.23,2.0,17.11,8.58,0.86,12.3,11.01
design_6917,1.09,1.92,1.98,1.68,1.0,1.36,1.11,1.59,18.8,9.17,0.85,34.08,23.39
design_6918,1.33,1.81,3.51,1.72,0.97,2.33,1.35,2.26,19.31,9.39,0.85,46.67,28.54
design_6919,1.02,1.92,5.95,1.64,0.83,2.35,1.63,3.22,17.64,8.91,0.85,16.13,13.66
design_6920,1.36,2.57,0.66,2.57,1.14,2.01,1.25,1.85,16.26,8.52,0.84,12.91,11.05
design_6921,0.98,2.7,0.98,2.79,1.37,2.9,1.38,2.15,11.82,6.97,0.83,4.01,2.92
design_6922,0.97,2.94,1.63,2.88,1.34,3.23,1.47,2.38,13.39,7.41,0.85,3.62,3.31
design_6923,1.37,3.02,1.52,2.75,1.58,3.18,1.51,2.39,15.94,8.42,0.85,8.77,6.11
design_6924,1.49,3.17,1.26,3.21,1.57,2.94,1.57,2.43,15.07,8.05,0.85,4.21,3.44
design_6925,1.37,2.71,0.84,2.61,1.03,1.99,1.31,1.88,16.27,8.51,0.85,19.52,16.39
design_6926,1.5,2.58,0.82,2.52,1.1,1.4,1.21,1.74,18.35,9.03,0.85,31.73,20.32
design_6927,1.24,3.01,1.39,2.75,1.59,2.65,1.43,2.22,16.02,8.43,0.84,4.02,2.99
design_6928,1.37,2.0,2.33,2.05,1.06,3.5,1.41,2.41,17.02,9.31,0.81,17.67,14.45
design_6929,1.26,2.25,2.77,2.35,1.42,3.9,1.57,2.74,17.54,9.32,0.83,26.15,21.83
design_6930,1.32,2.42,2.53,2.57,1.45,3.87,1.63,2.72,17.49,9.21,0.83,22.37,18.97
design_6931,1.18,1.63,4.46,1.91,1.22,3.22,1.59,2.95,14.96,8.38,0.82,25.77,20.55
design_6932,1.24,1.96,3.8,2.09,1.63,3.51,1.63,2.87,14.6,8.12,0.83,19.52,14.57
design_6933,1.27,2.38,2.91,2.41,1.46,3.31,1.57,2.6,16.67,8.88,0.83,18.29,14.53
design_6934,1.15,2.09,3.66,2.05,1.58,2.94,1.53,2.65,14.29,8.1,0.83,18.63,14.17
design_6935,1.38,2.07,3.82,2.07,1.03,3.45,1.65,2.84,15.44,8.54,0.82,14.8,11.81
design_6936,1.22,2.11,1.89,2.21,1.33,2.53,1.3,1.97,18.04,9.16,0.84,29.76,19.51
design_6937,1.25,2.13,3.54,1.93,1.0,2.83,1.46,2.47,17.73,9.07,0.84,24.45,20.56
design_6938,1.16,1.84,3.51,1.77,1.14,2.8,1.39,2.4,18.25,9.24,0.84,27.8,22.61
design_6939,1.2,1.94,3.01,2.1,0.87,2.43,1.38,2.19,17.65,9.13,0.84,25.29,19.51
design_6940,1.08,1.86,3.3,1.88,0.92,3.18,1.41,2.42,17.93,9.03,0.85,26.53,20.3
design_6941,1.11,1.86,3.42,1.91,1.18,2.74,1.41,2.38,17.8,9.09,0.84,14.91,12.15
design_6942,1.2,2.1,3.36,1.89,0.94,2.92,1.43,2.41,17.68,9.02,0.84,18.25,13.5
design_6943,1.43,2.68,4.04,2.28,1.18,2.35,1.62,2.68,17.14,8.69,0.85,24.4,12.64
design_6944,1.3,2.25,1.36,1.91,1.16,2.07,1.25,1.76,17.48,9.07,0.85,18.02,12.24
design_6945,1.31,2.47,1.0,2.26,1.13,1.96,1.34,1.81,16.99,8.8,0.84,11.48,6.11
design_6946,1.15,1.94,1.57,1.92,1.07,5.62,1.59,3.01,16.91,8.72,0.85,12.09,9.98
design_6947,1.28,2.16,0.69,2.21,1.08,2.15,1.25,1.76,17.44,9.02,0.85,9.71,7.22
design_6948,1.24,2.44,1.02,2.27,1.11,2.02,1.3,1.82,17.9,9.15,0.84,13.95,11.51
design_6949,1.1,1.78,3.07,2.19,0.92,2.18,1.3,1.98,15.69,7.82,0.87,4.29,4.3
design_6950,1.1,1.94,1.31,1.93,0.96,2.36,1.21,1.74,16.57,8.71,0.84,22.91,17.23
design_6951,1.25,1.9,3.0,1.89,1.12,1.69,1.29,1.84,16.75,8.22,0.87,33.16,21.71
design_6952,1.0,1.34,0.88,1.76,0.83,2.23,1.01,1.46,17.42,8.95,0.84,11.44,10.04
design_6953,1.01,1.57,0.85,1.76,0.92,2.37,1.08,1.54,17.77,9.1,0.84,7.06,6.39
design_6954,1.04,1.67,0.86,1.72,0.71,2.94,1.1,1.73,19.04,9.59,0.84,15.0,10.93
design_6955,2.03,2.12,2.83,2.35,1.2,1.72,1.55,2.19,16.09,8.43,0.84,25.53,16.38
design_6956,1.89,2.18,3.06,2.57,1.34,2.06,1.6,2.35,17.2,9.08,0.82,14.25,10.36
design_6957,1.86,2.18,2.81,2.57,1.46,2.37,1.59,2.34,18.17,9.44,0.83,14.36,9.0
design_6958,1.41,1.98,0.92,1.96,1.01,2.01,1.19,1.59,19.26,9.67,0.84,32.41,23.1
design_6959,1.06,1.6,0.74,1.78,0.74,2.15,1.04,1.45,17.77,9.13,0.84,9.85,5.7
design_6960,0.96,2.13,2.95,2.23,0.9,3.06,1.38,2.24,15.78,8.38,0.84,31.7,28.17
design_6961,1.12,2.27,2.83,2.05,1.05,3.72,1.39,2.42,17.65,9.15,0.84,33.96,25.89
design_6962,0.89,1.84,2.58,2.44,0.93,2.14,1.25,1.93,17.27,8.8,0.85,36.55,28.01
design_6963,1.0,2.01,2.79,2.19,1.13,2.34,1.3,2.02,17.09,8.85,0.85,33.79,29.22
design_6964,1.15,2.18,3.36,2.25,1.03,2.7,1.4,2.27,16.31,8.65,0.84,23.91,18.16
design_6965,0.95,2.11,3.09,2.39,1.1,2.55,1.38,2.18,17.79,9.27,0.84,17.76,13.4
design_6966,1.03,2.02,2.82,2.65,1.16,2.57,1.42,2.18,17.99,9.16,0.85,26.56,18.34
design_6967,1.09,2.13,3.04,2.27,0.97,2.42,1.35,2.12,17.43,9.05,0.84,28.26,24.05
design_6968,1.17,2.35,1.52,3.16,1.08,1.09,1.29,1.93,17.48,8.44,0.88,35.04,26.23
design_6969,1.33,2.64,1.48,3.06,1.54,1.25,1.37,2.03,17.04,8.3,0.88,32.04,20.98
design_6970,0.91,2.0,1.89,2.68,1.23,1.26,1.21,1.79,16.63,8.19,0.88,35.42,27.4
design_6971,1.48,2.76,1.47,2.75,1.21,1.52,1.32,1.98,16.37,8.09,0.87,22.25,17.53
design_6972,1.1,1.91,1.66,3.17,1.19,1.11,1.26,1.88,15.06,7.63,0.87,29.45,18.83
design_6973,1.39,2.17,1.24,3.07,1.03,1.32,1.23,1.87,17.18,8.34,0.86,37.17,27.22
design_6974,1.41,2.49,1.21,2.92,1.46,1.37,1.33,1.94,14.94,7.6,0.87,5.41,5.79
design_6975,1.29,2.49,1.54,3.05,1.08,1.05,1.29,1.94,14.34,7.29,0.87,33.24,24.04
design_6976,1.39,1.64,1.71,2.03,0.95,2.52,1.2,1.83,17.46,9.16,0.83,28.12,19.39
design_6977,0.92,1.77,3.46,1.97,1.22,2.04,1.29,2.24,17.58,9.04,0.83,7.91,8.18
design_6978,1.59,2.0,1.88,2.05,1.15,2.01,1.25,1.83,16.75,8.77,0.83,30.31,22.73
design_6979,1.39,1.93,3.43,2.08,1.02,2.61,1.44,2.39,18.86,9.47,0.84,29.86,21.8
design_6980,1.4,1.71,3.06,1.75,0.89,2.3,1.25,2.13,19.39,9.69,0.84,12.95,8.85
design_6981,1.4,1.9,2.98,2.05,1.08,2.19,1.32,2.15,18.3,9.27,0.85,17.35,14.15
design_6982,1.63,1.78,2.91,2.18,1.19,2.57,1.39,2.25,18.14,9.17,0.84,21.0,14.92
design_6983,1.15,1.89,2.83,2.19,1.52,2.07,1.35,2.11,16.6,8.28,0.86,8.69,7.3
design_6984,1.1,2.65,2.39,2.35,1.38,2.04,1.31,2.04,16.46,8.43,0.86,6.26,6.55
design_6985,1.53,2.47,1.95,2.85,1.11,1.71,1.36,2.03,16.08,8.4,0.85,34.94,22.93
design_6986,1.14,2.7,1.85,2.42,1.06,2.0,1.28,1.96,17.05,8.86,0.84,29.82,23.05
design_6987,1.08,2.54,1.94,2.38,0.94,1.91,1.25,1.9,17.17,8.76,0.86,30.24,23.89
design_6988,1.13,2.46,1.73,2.32,0.95,1.89,1.21,1.84,17.14,8.86,0.85,34.79,27.87
design_6989,1.27,2.35,2.75,2.71,0.87,1.44,1.3,2.0,17.19,8.61,0.86,32.8,25.36
design_6990,1.1,2.5,1.83,2.59,0.88,2.05,1.24,1.95,15.87,8.36,0.85,14.0,12.23
design_6991,1.35,2.06,2.65,2.51,0.84,1.4,1.22,1.89,16.49,8.3,0.85,42.03,30.42
design_6992,1.3,1.32,1.57,1.86,1.57,1.5,1.01,1.54,18.2,9.06,0.85,33.87,25.25
design_6993,1.35,1.52,2.08,1.89,0.53,1.82,1.06,1.69,18.58,9.06,0.86,25.05,17.55
design_6994,2.11,1.72,1.75,3.01,1.58,1.91,1.48,2.05,18.89,9.11,0.86,26.73,18.33
design_6995,1.42,1.62,1.05,2.15,0.64,2.12,1.09,1.56,18.43,9.36,0.84,31.28,23.88
design_6996,1.62,1.27,1.31,2.08,0.71,2.26,1.09,1.62,18.45,9.06,0.86,24.96,18.71
design_6997,1.43,1.41,1.72,1.93,0.49,1.68,1.02,1.56,18.68,9.43,0.84,17.51,10.47
design_6998,1.46,1.18,1.72,1.89,0.55,1.55,1.01,1.51,18.03,9.02,0.85,24.61,16.06
design_6999,1.38,1.15,1.74,1.97,0.76,1.98,1.08,1.6,17.69,8.77,0.86,29.03,21.29
design_7000,1.37,2.74,2.08,1.96,1.03,2.39,1.32,2.02,18.32,8.8,0.87,26.06,20.17
design_7001,1.62,2.63,1.72,1.89,1.22,1.76,1.27,1.84,17.01,8.53,0.85,42.12,22.98
design_7002,1.47,2.87,2.22,1.73,1.08,2.5,1.29,2.08,15.58,8.2,0.84,9.62,5.28
design_7003,1.51,3.09,2.17,1.87,1.24,2.17,1.37,2.08,18.17,9.05,0.86,26.96,14.86
design_7004,1.54,2.81,2.25,1.78,1.2,2.4,1.29,2.07,17.49,8.85,0.85,9.81,7.29
design_7005,1.34,3.21,3.64,1.89,1.31,2.62,1.49,2.57,18.21,8.94,0.87,15.58,11.55
design_7006,1.41,2.71,1.92,1.87,1.05,1.65,1.28,1.83,16.91,8.3,0.86,18.72,10.22
design_7007,1.37,2.96,2.27,1.73,0.94,2.54,1.29,2.09,18.08,9.04,0.86,7.48,6.34
design_7008,1.29,1.58,0.82,1.71,0.98,2.84,1.21,1.81,16.23,8.7,0.84,13.72,10.44
design_7009,1.31,1.76,0.87,1.98,1.15,2.9,1.33,1.91,18.84,9.62,0.84,29.28,19.99
design_7010,1.71,1.94,1.39,2.22,1.21,2.6,1.41,1.98,16.46,8.69,0.84,7.04,7.37
design_7011,1.65,1.8,0.58,1.99,1.05,2.56,1.28,1.81,17.48,9.11,0.84,31.79,23.33
design_7012,1.59,1.95,1.57,1.86,1.23,2.51,1.38,1.9,18.24,9.42,0.84,28.06,20.38
design_7013,1.65,1.8,0.64,1.9,1.06,2.23,1.27,1.69,17.39,8.97,0.84,24.78,17.77
design_7014,1.52,1.91,0.85,1.78,1.06,2.73,1.3,1.86,16.98,8.93,0.83,16.74,14.38
design_7015,1.73,1.91,1.47,2.28,1.23,2.88,1.44,2.09,11.94,7.11,0.83,7.84,9.36
design_7016,1.2,1.98,1.69,2.49,0.73,1.24,1.2,1.68,14.97,7.84,0.85,22.98,19.8
design_7017,1.2,2.19,1.31,2.83,1.03,1.42,1.27,1.78,16.26,8.42,0.85,11.64,11.22
design_7018,1.2,2.48,0.73,2.88,1.18,1.56,1.31,1.82,15.72,7.98,0.86,4.69,4.6
design_7019,1.02,2.26,0.82,2.78,0.77,1.22,1.19,1.66,17.54,8.53,0.86,40.72,29.62
design_7020,1.47,2.49,1.03,2.9,1.06,1.97,1.4,1.94,15.46,7.9,0.87,19.55,16.84
design_7021,1.35,2.72,0.76,3.06,0.77,1.57,1.38,1.91,16.43,8.15,0.87,26.93,21.15
design_7022,1.08,2.56,0.64,2.98,0.82,1.51,1.33,1.81,17.12,8.5,0.86,32.94,24.58
design_7023,1.25,2.07,1.06,2.63,0.84,1.34,1.18,1.65,15.83,8.03,0.87,3.98,3.37
design_7024,1.16,1.63,0.94,2.07,0.96,3.24,1.35,2.05,18.42,9.56,0.83,22.26,16.69
design_7025,1.19,1.79,0.68,1.87,0.97,2.91,1.25,1.88,18.27,9.7,0.82,7.16,5.2
design_7026,1.19,1.8,0.93,2.08,1.02,3.48,1.4,2.18,18.8,9.8,0.83,26.52,19.49
design_7027,1.0,1.57,1.06,2.03,1.19,2.94,1.29,1.93,16.54,8.99,0.82,11.45,8.47
design_7028,0.99,1.47,1.06,1.8,0.94,3.66,1.33,2.18,18.45,9.67,0.82,22.48,16.83
design_7029,0.94,1.41,0.9,1.88,0.95,3.25,1.3,1.99,17.5,9.28,0.83,22.82,17.36
design_7030,1.25,1.96,0.9,2.08,1.2,3.5,1.46,2.21,18.18,9.56,0.82,22.54,15.98
design_7031,1.29,1.72,0.74,1.88,1.02,3.13,1.33,1.98,19.58,10.12,0.82,31.92,22.35
design_7032,1.32,1.63,0.66,2.39,0.93,2.94,1.3,1.87,19.9,9.91,0.84,25.12,16.52
design_7033,0.97,0.95,1.22,1.47,0.78,3.69,1.15,2.0,9.41,6.27,0.83,3.19,2.63
design_7034,1.28,1.64,1.93,2.28,0.77,3.05,1.32,2.09,10.7,6.86,0.82,3.16,2.84
design_7035,1.34,1.58,0.91,2.04,0.9,3.57,1.33,2.06,18.9,9.64,0.84,28.76,19.6
design_7036,1.05,1.59,5.32,2.18,0.78,2.56,1.77,3.16,18.75,9.26,0.85,23.85,20.13
design_7037,1.47,1.64,1.07,2.36,0.97,3.09,1.37,1.98,17.59,9.08,0.84,15.59,9.27
design_7038,1.07,1.44,1.09,2.02,0.69,4.16,1.36,2.27,14.23,7.98,0.83,6.99,4.25
design_7039,1.53,1.5,1.17,2.37,0.96,3.23,1.33,2.04,14.76,8.18,0.83,6.27,3.72
design_7040,1.35,2.73,1.9,2.48,1.19,3.69,1.54,2.57,17.63,9.33,0.83,11.31,8.44
design_7041,1.35,2.39,1.85,2.29,1.1,4.55,1.63,2.84,15.47,8.62,0.82,14.02,7.96
design_7042,1.47,2.49,1.91,2.76,1.21,3.83,1.62,2.64,16.51,8.93,0.83,13.57,11.34
design_7043,1.21,2.79,2.52,2.36,1.1,3.11,1.52,2.44,19.05,9.7,0.84,18.61,14.99
design_7044,1.54,2.66,1.82,2.76,1.12,3.56,1.56,2.55,17.32,9.19,0.83,19.55,13.52
design_7045,1.18,2.53,1.53,1.98,1.21,5.28,1.66,3.1,16.65,8.97,0.83,12.87,9.6
design_7046,1.45,2.68,1.61,2.63,1.14,3.7,1.58,2.55,14.53,8.17,0.82,13.95,8.85
design_7047,1.6,2.64,1.54,2.82,1.16,4.35,1.66,2.83,13.45,7.81,0.82,11.24,6.91
design_7048,1.31,1.85,0.76,2.51,1.25,1.61,1.18,1.57,17.92,8.5,0.88,25.48,14.46
design_7049,1.22,1.95,1.64,2.24,0.95,1.34,1.17,1.63,17.67,8.59,0.87,13.86,14.21
design_7050,1.03,1.56,0.57,1.71,0.87,0.98,0.9,1.13,17.81,8.51,0.87,31.28,25.37
design_7051,1.04,1.73,0.57,2.31,1.02,1.03,0.99,1.34,18.11,8.85,0.87,30.84,25.12
design_7052,1.02,1.57,0.9,1.85,0.88,1.03,0.97,1.23,17.13,8.33,0.87,13.87,6.99
design_7053,1.09,1.77,0.65,2.07,1.04,1.02,0.96,1.3,17.34,8.62,0.86,7.19,4.9
design_7054,1.15,1.98,2.54,2.3,0.84,1.44,1.24,1.93,17.19,8.35,0.87,28.11,20.32
design_7055,0.97,1.53,0.85,1.65,0.97,0.82,0.89,1.15,18.9,8.82,0.88,10.88,7.89
design_7056,1.04,1.0,1.92,1.7,0.89,2.72,1.13,1.77,17.48,9.0,0.85,12.44,9.32
design_7057,1.14,0.98,1.57,1.61,1.09,2.68,1.13,1.71,18.47,9.29,0.85,23.14,17.8
design_7058,1.03,1.0,1.92,1.73,0.9,3.05,1.17,1.88,18.04,9.18,0.85,21.93,18.82
design_7059,1.49,1.43,1.63,1.81,1.13,2.85,1.29,1.89,17.93,9.18,0.85,12.41,7.69
design_7060,0.9,1.16,2.03,1.74,1.2,2.49,1.15,1.75,17.55,8.96,0.85,13.29,9.87
design_7061,1.12,1.18,1.86,1.71,1.07,2.72,1.21,1.79,17.34,8.92,0.84,31.85,20.35
design_7062,0.97,1.49,2.04,1.66,1.1,2.46,1.18,1.76,14.73,8.03,0.84,19.18,13.63
design_7063,1.14,1.2,1.91,1.75,1.22,2.69,1.23,1.82,18.27,9.21,0.85,27.52,21.48
design_7064,1.19,1.86,4.84,2.36,1.24,0.97,1.64,2.97,17.22,8.52,0.86,10.28,9.48
design_7065,1.04,1.72,4.55,1.97,0.99,1.83,1.51,2.79,17.53,8.36,0.88,22.75,13.4
design_7066,1.09,1.78,3.98,2.18,0.96,1.06,1.48,2.51,15.04,7.46,0.87,9.05,6.52
design_7067,1.05,1.58,4.73,2.01,0.93,1.5,1.52,2.85,17.87,8.71,0.87,23.43,16.19
design_7068,0.88,1.7,4.62,1.88,0.8,1.66,1.52,2.79,17.75,8.35,0.88,8.9,8.93
design_7069,1.03,1.56,4.44,1.95,0.86,1.64,1.46,2.71,18.64,8.83,0.87,8.79,7.51
design_7070,1.15,2.22,3.04,2.77,1.13,1.17,1.42,2.27,18.02,8.48,0.88,10.62,8.36
design_7071,0.8,1.41,4.16,1.83,1.05,1.36,1.38,2.52,16.65,8.03,0.88,33.26,24.01
design_7072,1.14,1.44,1.39,2.28,1.18,2.15,1.29,1.71,18.13,9.15,0.85,19.84,14.55
design_7073,1.08,1.51,1.31,2.27,1.38,2.49,1.34,1.81,16.92,8.72,0.84,15.69,11.7
design_7074,1.15,1.42,1.36,2.13,1.26,2.28,1.28,1.72,18.07,9.11,0.85,12.72,12.91
design_7075,0.97,1.18,1.03,2.1,1.75,2.44,1.28,1.73,6.08,4.86,0.85,17.4,15.12
design_7076,1.07,1.55,1.06,2.29,1.15,2.6,1.33,1.81,18.54,9.27,0.85,31.76,20.84
design_7077,1.21,1.48,0.93,2.32,1.15,2.24,1.32,1.69,15.9,8.38,0.85,13.19,9.17
design_7078,1.11,1.39,1.43,2.1,1.1,2.12,1.28,1.65,18.19,9.12,0.85,18.66,14.4
design_7079,0.99,1.28,0.88,2.08,1.01,2.5,1.25,1.66,17.16,8.8,0.85,18.48,13.21
design_7080,1.56,2.44,1.48,2.46,1.08,1.77,1.38,1.85,18.12,9.23,0.84,25.83,16.26
design_7081,1.52,2.22,1.6,2.36,1.06,1.78,1.33,1.8,16.82,8.73,0.84,12.3,8.97
design_7082,1.61,2.27,1.9,2.68,1.17,1.95,1.44,1.99,16.92,8.76,0.84,27.69,20.5
design_7083,1.49,1.99,1.79,2.09,0.98,2.37,1.3,1.89,17.73,9.2,0.83,20.83,15.58
design_7084,1.6,2.35,1.52,2.44,1.12,2.18,1.41,1.94,18.8,9.44,0.85,25.41,19.74
design_7085,1.61,2.3,1.67,2.55,1.06,1.81,1.38,1.88,18.27,9.27,0.84,15.49,8.19
design_7086,1.78,2.36,2.0,2.44,1.13,2.11,1.47,2.03,16.04,8.5,0.84,31.51,22.64
design_7087,1.37,2.23,1.13,2.33,1.03,1.79,1.26,1.71,19.21,9.56,0.84,12.71,5.86
design_7088,1.15,2.69,2.6,2.27,1.33,2.23,1.38,2.17,14.97,7.58,0.86,10.48,9.61
design_7089,1.02,2.35,1.52,1.92,0.78,1.75,1.12,1.64,17.61,9.13,0.84,12.65,9.95
design_7090,1.07,2.9,2.59,2.25,1.62,2.27,1.43,2.23,17.41,8.46,0.87,22.59,18.32
design_7091,1.18,2.74,2.63,2.16,1.14,2.33,1.36,2.18,17.19,8.42,0.87,15.17,8.41
design_7092,1.23,3.18,2.47,2.18,1.66,2.39,1.45,2.28,16.71,8.44,0.85,14.9,14.17
design_7093,1.17,2.48,2.68,2.15,1.25,2.2,1.34,2.13,16.06,8.04,0.86,9.15,6.46
design_7094,1.12,2.23,1.99,1.87,0.84,1.63,1.17,1.7,18.2,9.29,0.84,28.88,19.47
design_7095,1.12,2.82,2.34,2.35,1.66,2.25,1.41,2.17,16.73,8.23,0.86,11.13,11.27
design_7096,1.2,1.63,1.35,1.81,1.58,4.03,1.32,2.26,17.01,8.92,0.83,34.26,25.85
design_7097,1.14,1.48,1.32,2.26,1.27,5.35,1.46,2.77,17.22,8.99,0.84,30.14,22.01
design_7098,1.37,1.13,3.3,1.66,1.23,5.09,1.48,2.83,17.34,8.89,0.85,35.37,27.09
design_7099,1.14,1.56,1.79,2.34,1.51,5.27,1.51,2.82,16.35,8.69,0.83,28.01,21.82
design_7100,1.17,1.76,1.55,1.84,1.39,5.02,1.45,2.64,16.3,8.65,0.84,28.51,22.32
design_7101,1.14,1.58,2.09,1.8,1.47,5.06,1.46,2.7,17.41,8.84,0.85,33.72,25.35
design_7102,1.35,1.67,0.97,1.76,1.57,4.92,1.43,2.57,17.42,9.1,0.84,33.82,25.63
design_7103,1.22,1.36,1.19,1.77,1.49,5.24,1.44,2.67,17.08,8.72,0.85,31.47,24.22
design_7104,1.08,1.78,1.05,2.4,0.98,0.9,1.09,1.49,15.84,7.75,0.88,23.99,19.73
design_7105,1.17,1.78,0.69,2.79,1.13,1.03,1.17,1.6,16.32,7.91,0.88,35.56,25.58
design_7106,1.23,1.9,0.7,3.02,1.12,1.03,1.22,1.7,16.26,7.85,0.88,36.01,26.49
design_7107,1.03,1.74,0.65,3.12,0.86,1.13,1.19,1.66,15.41,7.53,0.88,31.14,21.16
design_7108,1.09,1.91,0.93,2.94,0.89,1.06,1.2,1.66,15.73,7.63,0.88,29.85,23.74
design_7109,1.15,1.74,0.96,3.0,0.87,1.03,1.2,1.66,15.66,7.63,0.88,25.84,18.66
design_7110,1.1,1.86,1.01,2.9,0.91,1.04,1.19,1.65,16.81,8.04,0.89,32.96,25.62
design_7111,1.17,1.66,0.97,2.91,0.87,1.06,1.18,1.62,16.48,7.9,0.88,29.12,21.24
design_7112,1.24,1.07,2.63,1.41,1.53,2.31,1.01,1.85,5.4,4.41,0.86,15.47,10.44
design_7113,1.3,1.84,1.58,1.63,0.83,1.36,1.08,1.47,13.22,7.21,0.84,30.97,23.48
design_7114,1.34,1.78,1.43,1.61,0.83,1.12,1.06,1.39,15.45,7.93,0.86,30.31,22.99
design_7115,1.54,1.82,1.56,1.69,0.94,1.79,1.12,1.58,16.83,8.29,0.87,28.69,19.13
design_7116,1.37,1.7,1.32,1.71,0.86,1.36,1.0,1.41,17.13,8.6,0.86,21.45,16.82
design_7117,1.24,1.65,1.6,1.66,0.78,1.24,1.05,1.41,15.02,7.74,0.86,31.32,23.53
design_7118,1.21,1.7,2.06,1.77,0.83,1.19,1.11,1.56,15.97,8.12,0.86,31.53,23.32
design_7119,1.4,1.85,1.69,1.57,0.87,1.29,1.07,1.49,15.63,7.96,0.86,19.86,12.8
design_7120,1.28,1.45,2.84,2.17,1.21,1.12,1.21,1.98,16.16,8.07,0.86,13.37,10.76
design_7121,1.43,1.69,3.14,2.31,1.53,0.96,1.3,2.19,16.99,8.25,0.87,13.95,10.45
design_7122,1.12,1.36,1.93,1.94,2.49,0.94,1.12,1.76,5.53,4.09,0.87,16.53,12.77
design_7123,1.48,1.63,3.9,2.2,1.1,0.96,1.41,2.46,17.61,8.42,0.88,26.32,19.49
design_7124,1.54,1.43,4.3,2.09,1.27,0.97,1.43,2.62,18.05,8.62,0.87,29.77,23.55
design_7125,1.55,1.54,1.38,1.71,0.94,1.09,1.03,1.41,13.76,6.77,0.88,31.04,22.32
design_7126,1.66,1.73,2.67,2.31,1.12,1.04,1.29,2.01,15.14,7.55,0.86,16.32,14.4
design_7127,1.57,1.65,2.54,2.07,1.35,1.04,1.23,1.91,16.38,7.99,0.86,25.72,19.91
design_7128,1.82,2.81,1.24,3.09,1.27,2.77,1.5,2.31,17.37,9.09,0.84,11.24,8.44
design_7129,1.68,2.79,2.35,3.03,1.05,2.78,1.53,2.43,18.16,9.33,0.84,24.19,17.12
design_7130,1.89,2.94,1.87,3.1,1.0,2.51,1.52,2.33,17.97,9.3,0.84,14.38,10.52
design_7131,1.79,2.77,1.29,3.36,1.13,2.42,1.49,2.26,17.28,8.96,0.84,11.51,8.11
design_7132,1.69,2.66,1.3,2.77,1.06,2.66,1.41,2.17,17.95,9.32,0.84,23.91,18.88
design_7133,1.52,2.88,2.17,3.41,1.41,1.43,1.52,2.21,17.05,8.54,0.86,24.69,17.65
design_7134,1.67,2.69,1.38,3.17,1.09,2.47,1.47,2.21,16.92,8.9,0.84,13.56,10.25
design_7135,1.75,2.93,2.09,3.44,1.43,1.42,1.55,2.23,18.17,8.99,0.86,23.39,16.73
design_7136,0.61,1.3,1.27,1.67,0.83,4.79,1.26,2.4,17.67,9.01,0.85,13.57,10.8
design_7137,0.88,1.54,2.45,1.82,0.95,5.37,1.46,2.81,18.05,8.99,0.86,30.0,23.64
design_7138,0.78,1.49,2.25,1.72,1.03,4.71,1.32,2.51,16.6,8.63,0.85,11.54,9.15
design_7139,0.69,1.23,1.3,1.63,0.71,5.25,1.33,2.57,17.86,8.94,0.86,12.45,9.51
design_7140,0.68,1.41,1.42,1.74,1.04,4.81,1.3,2.45,17.43,8.92,0.85,6.75,6.69
design_7141,0.8,1.45,2.21,1.76,1.06,5.0,1.37,2.62,16.1,8.36,0.85,7.34,6.5
design_7142,0.74,1.33,1.24,1.75,0.84,5.03,1.33,2.51,17.33,8.86,0.85,15.7,12.18
design_7143,0.75,1.62,1.57,1.76,0.86,5.26,1.39,2.65,17.08,8.69,0.85,9.56,10.02
design_7144,1.07,2.12,1.14,1.86,1.14,1.01,1.13,1.45,14.36,7.25,0.87,31.42,25.48
design_7145,1.11,2.12,1.34,2.01,1.25,1.04,1.21,1.54,10.69,5.85,0.87,5.42,4.63
design_7146,1.17,1.81,1.1,1.89,0.91,1.07,1.11,1.38,16.15,7.88,0.88,35.63,22.49
design_7147,1.15,1.95,1.02,1.99,0.97,1.1,1.17,1.43,15.2,7.58,0.88,33.02,24.12
design_7148,0.95,2.14,1.05,2.01,0.94,1.03,1.12,1.45,17.51,8.42,0.88,37.4,26.36
design_7149,1.3,1.85,1.23,1.85,1.05,1.04,1.15,1.44,14.31,7.26,0.87,26.19,16.06
design_7150,1.04,1.86,1.0,2.05,0.94,1.2,1.14,1.42,17.57,8.24,0.89,41.85,25.86
design_7151,0.86,1.96,1.93,1.83,1.19,1.02,1.09,1.56,16.65,8.11,0.88,32.68,23.16
design_7152,1.29,1.61,2.39,1.9,1.02,5.17,1.75,3.06,17.44,9.35,0.82,22.09,15.14
design_7153,1.36,1.63,1.82,1.66,1.06,5.34,1.67,3.04,19.15,9.85,0.84,28.79,23.0
design_7154,0.96,1.61,1.23,1.66,0.74,5.8,1.72,3.16,16.81,8.95,0.83,26.75,18.83
design_7155,0.93,1.41,1.22,1.65,1.02,7.44,2.0,3.95,17.56,9.3,0.83,28.27,20.49
design_7156,0.91,1.57,1.4,1.58,1.08,7.4,2.01,3.95,18.3,9.52,0.84,29.63,22.96
design_7157,1.09,1.52,1.18,1.6,1.13,5.06,1.54,2.81,18.38,9.53,0.84,25.18,18.78
design_7158,1.09,1.94,1.34,1.84,1.14,5.61,1.7,3.14,9.34,6.48,0.82,12.15,8.09
design_7159,1.04,1.58,1.22,1.63,1.09,4.27,1.45,2.46,18.86,9.69,0.84,30.86,24.1
design_7160,0.98,2.04,2.05,1.87,0.7,2.77,1.2,1.88,18.35,9.04,0.85,32.02,23.63
design_7161,1.01,2.27,2.0,2.41,0.96,2.4,1.24,1.95,18.01,9.22,0.85,25.29,19.73
design_7162,1.19,1.87,1.4,2.07,0.96,2.65,1.21,1.81,19.23,9.32,0.86,36.41,25.66
design_7163,1.05,2.31,2.88,1.99,0.83,2.44,1.28,2.04,17.41,8.94,0.85,32.06,24.67
design_7164,1.0,2.14,1.89,1.94,0.78,2.59,1.2,1.85,17.52,9.0,0.85,31.5,23.86
design_7165,1.07,2.17,2.24,1.84,0.76,2.53,1.2,1.88,16.89,8.76,0.85,14.45,10.01
design_7166,1.02,1.68,1.58,1.96,0.79,2.6,1.15,1.73,18.71,9.08,0.86,28.57,18.61
design_7167,1.08,1.69,1.31,1.81,0.86,2.47,1.15,1.65,17.96,9.05,0.84,13.14,8.32
design_7168,1.59,1.84,1.47,2.2,0.83,1.18,1.29,1.6,15.51,7.66,0.87,30.2,22.95
design_7169,1.45,1.53,0.84,1.94,0.7,1.09,1.15,1.31,13.17,6.88,0.86,31.27,23.0
design_7170,1.57,1.84,1.47,2.4,1.21,1.19,1.32,1.68,14.22,7.12,0.87,30.41,22.5
design_7171,1.45,1.65,1.25,1.92,0.66,1.02,1.18,1.4,15.66,7.6,0.88,32.89,22.65
design_7172,1.67,2.02,1.45,2.37,0.83,1.16,1.35,1.67,14.33,7.17,0.87,16.77,10.17
design_7173,1.39,1.64,1.17,2.19,0.63,1.12,1.22,1.45,13.98,7.02,0.88,34.39,23.45
design_7174,1.44,1.77,1.43,2.48,0.86,1.14,1.28,1.62,13.14,6.8,0.86,33.8,20.74
design_7175,1.36,1.44,1.48,1.78,1.28,0.87,1.15,1.42,14.88,7.41,0.87,31.12,23.57
design_7176,1.44,2.93,1.41,1.98,1.09,1.77,1.37,1.86,17.04,8.56,0.86,8.34,5.63
design_7177,1.49,2.7,1.15,1.98,1.05,2.11,1.36,1.87,16.87,8.8,0.84,7.5,4.36
design_7178,1.48,2.67,1.11,1.82,1.06,1.75,1.31,1.75,15.32,8.28,0.84,20.21,15.02
design_7179,1.44,2.73,1.21,1.76,1.27,5.2,1.6,2.84,17.43,8.55,0.87,16.64,13.09
design_7180,1.47,2.96,1.48,1.89,1.25,2.1,1.42,1.95,17.26,9.0,0.84,15.42,9.32
design_7181,1.44,2.52,1.53,1.67,1.11,2.07,1.27,1.79,17.28,8.98,0.84,10.66,7.91
design_7182,1.46,3.19,1.36,1.89,1.17,2.2,1.42,2.01,17.72,9.12,0.84,21.04,14.89
design_7183,1.46,2.72,1.16,1.76,1.23,5.33,1.62,2.88,16.6,8.29,0.87,16.05,12.95
design_7184,0.63,0.74,2.03,1.36,0.75,1.49,1.04,1.41,17.62,8.93,0.85,25.39,18.37
design_7185,1.13,1.19,2.05,1.5,0.85,1.46,1.16,1.52,17.83,9.02,0.84,31.0,24.68
design_7186,0.67,0.78,1.95,1.5,0.83,2.21,1.09,1.55,17.95,9.03,0.85,30.18,23.07
design_7187,0.94,0.57,1.95,1.53,0.95,1.68,1.1,1.47,18.15,9.15,0.85,30.43,22.94
design_7188,0.73,0.79,2.15,1.49,0.77,1.75,1.11,1.53,18.09,9.06,0.85,31.66,22.28
design_7189,1.1,0.71,2.37,1.5,0.78,1.76,1.12,1.65,17.97,9.07,0.85,28.57,22.28
design_7190,0.82,1.05,1.75,1.54,0.88,2.11,1.1,1.5,18.08,9.03,0.85,31.85,22.58
design_7191,0.83,0.88,1.97,1.67,0.96,1.79,1.12,1.53,17.98,8.97,0.85,30.43,22.08
design_7192,1.04,1.84,1.04,1.55,0.95,7.54,2.01,4.16,18.24,9.47,0.83,12.75,10.65
design_7193,1.01,1.32,1.25,1.6,0.81,7.08,1.89,3.91,18.48,9.72,0.83,15.36,10.4
design_7194,0.93,1.35,0.9,1.43,0.86,6.6,1.79,3.64,17.85,9.51,0.83,12.45,9.77
design_7195,0.95,1.27,1.27,1.58,0.81,6.9,1.85,3.81,16.46,8.96,0.83,10.46,7.79
design_7196,0.83,1.38,1.06,1.53,0.83,7.08,1.88,3.89,16.79,9.07,0.82,13.99,9.35
design_7197,1.14,1.54,2.18,2.17,0.86,7.3,2.01,4.14,18.26,9.45,0.84,10.42,9.02
design_7198,0.96,1.38,1.24,1.59,0.74,6.88,1.85,3.8,15.8,8.77,0.82,12.14,9.79
design_7199,0.96,1.49,1.08,2.18,0.84,7.28,1.96,4.05,18.4,9.63,0.83,13.21,10.36
design_7200,1.05,1.42,4.31,1.75,0.96,1.16,1.32,2.46,10.29,5.97,0.85,11.38,8.34
design_7201,1.58,1.88,3.2,1.99,1.01,1.26,1.32,2.13,17.32,8.54,0.85,34.99,22.85
design_7202,1.46,1.87,2.72,1.83,1.09,1.25,1.25,1.91,17.69,8.79,0.85,32.19,26.63
design_7203,1.46,1.98,3.08,2.0,1.14,1.28,1.32,2.09,16.51,8.48,0.85,11.38,9.12
design_7204,1.23,1.71,4.61,1.84,1.22,1.06,1.45,2.65,11.06,6.24,0.85,10.45,8.61
design_7205,1.59,2.35,7.56,2.03,1.34,1.14,2.08,4.11,18.6,9.45,0.85,17.45,13.06
design_7206,1.56,2.17,2.72,1.91,1.07,1.11,1.3,1.97,17.58,8.72,0.86,30.2,22.06
design_7207,1.65,2.2,3.37,2.12,1.0,1.36,1.43,2.27,17.13,8.45,0.86,31.59,23.36
design_7208,0.93,1.8,1.72,2.24,0.79,1.71,1.18,1.64,19.08,9.39,0.84,31.96,17.37
design_7209,1.12,2.15,1.85,2.28,1.15,2.12,1.29,1.86,19.02,9.6,0.85,14.8,11.04
design_7210,1.04,1.99,2.96,2.64,1.12,2.31,1.45,2.25,15.97,7.85,0.87,14.44,15.12
design_7211,1.15,1.97,2.62,2.5,0.82,2.01,1.4,2.05,19.92,9.74,0.85,25.02,18.13
design_7212,0.97,1.79,2.89,2.45,1.14,2.09,1.42,2.12,18.3,8.53,0.88,12.31,7.9
design_7213,1.05,1.96,2.98,2.32,1.21,2.13,1.41,2.17,18.26,8.83,0.87,8.41,10.29
design_7214,1.05,2.04,3.21,2.52,0.94,2.05,1.44,2.25,17.78,8.35,0.88,30.93,23.07
design_7215,1.17,2.11,2.59,2.61,1.06,2.01,1.42,2.09,17.26,8.11,0.88,33.64,30.55
design_7216,1.29,2.87,11.76,2.46,1.26,1.12,2.9,6.18,17.67,8.76,0.86,31.38,23.43
design_7217,1.17,2.84,4.35,2.0,0.99,1.11,1.46,2.67,17.36,8.51,0.86,33.55,24.4
design_7218,1.22,2.78,3.23,2.13,0.96,1.27,1.34,2.25,16.05,8.11,0.86,4.02,4.3
design_7219,1.49,2.6,8.76,2.23,0.98,1.49,2.3,4.71,17.39,8.73,0.84,13.69,9.44
design_7220,1.6,3.0,4.14,2.51,1.37,1.92,1.65,2.8,14.01,7.43,0.85,31.54,23.98
design_7221,1.54,3.0,6.15,2.66,1.13,1.32,1.91,3.59,17.94,9.14,0.84,18.23,12.95
design_7222,1.22,2.74,2.19,2.06,1.04,1.52,1.21,1.92,16.35,8.16,0.86,7.66,4.93
design_7223,1.51,2.7,6.27,2.14,1.3,1.18,1.83,3.56,9.36,5.97,0.84,33.35,23.45
design_7224,0.95,2.76,1.38,1.7,1.16,2.27,1.21,1.76,17.02,8.68,0.85,17.63,12.09
design_7225,1.03,2.42,0.58,1.77,0.9,2.25,1.12,1.55,13.08,7.27,0.85,14.24,10.81
design_7226,0.92,2.34,0.71,1.87,0.87,2.38,1.18,1.59,15.45,7.96,0.85,16.98,11.96
design_7227,0.97,2.1,0.64,1.86,1.56,2.52,1.21,1.64,15.11,7.83,0.85,11.1,8.76
design_7228,0.83,2.42,1.15,1.58,1.37,2.67,1.19,1.73,17.96,8.83,0.86,25.02,15.69
design_7229,0.94,2.25,0.62,1.66,0.72,2.04,1.08,1.43,14.58,7.78,0.85,15.59,12.03
design_7230,1.17,2.87,1.52,2.09,1.33,2.19,1.39,1.9,18.52,9.17,0.85,8.22,5.65
design_7231,1.04,2.93,2.65,1.95,1.22,1.76,1.42,2.11,14.85,7.99,0.84,27.06,18.57
design_7232,1.24,2.79,2.65,1.97,1.31,1.31,1.36,2.01,14.71,7.61,0.86,6.49,4.47
design_7233,1.22,2.55,1.88,1.9,0.9,1.45,1.21,1.74,14.32,7.45,0.86,32.6,25.33
design_7234,1.11,2.5,1.27,2.39,1.58,1.71,1.31,1.81,12.22,6.73,0.85,4.07,3.22
design_7235,1.2,2.41,2.83,1.84,1.41,1.64,1.33,2.0,13.27,7.13,0.85,6.05,4.01
design_7236,1.07,2.35,1.61,1.96,0.87,1.31,1.16,1.61,11.18,6.32,0.85,4.66,2.78
design_7237,1.31,2.92,1.48,2.08,1.25,1.72,1.34,1.86,15.78,7.78,0.87,6.23,5.03
design_7238,1.24,2.65,1.7,2.19,1.44,1.7,1.35,1.87,12.03,6.64,0.86,4.67,3.88
design_7239,1.08,2.55,1.82,1.74,1.02,1.45,1.08,1.69,13.4,7.27,0.85,33.46,25.5
design_7240,1.05,2.21,3.02,2.69,1.0,0.85,1.19,1.99,13.36,6.81,0.88,6.53,5.24
design_7241,1.09,2.25,3.77,2.4,1.19,0.78,1.17,2.12,16.53,8.23,0.87,35.65,29.87
design_7242,1.05,2.15,2.96,2.31,0.89,0.86,1.07,1.86,15.88,7.76,0.89,33.29,25.76
design_7243,1.1,2.6,3.12,3.24,1.05,0.91,1.31,2.25,14.59,7.16,0.89,34.05,22.99
design_7244,1.11,2.48,2.93,2.57,0.96,1.0,1.17,2.01,17.09,8.45,0.87,27.59,23.12
design_7245,1.25,2.85,2.08,3.11,1.09,1.0,1.32,2.12,15.68,7.94,0.86,28.13,20.69
design_7246,1.11,2.32,3.04,2.33,0.84,0.82,1.13,1.92,15.49,7.61,0.88,24.32,20.92
design_7247,1.27,2.56,3.29,3.09,0.89,0.92,1.34,2.24,15.85,7.77,0.88,25.23,16.99
design_7248,1.37,3.23,2.08,1.86,1.44,6.17,1.79,3.42,17.79,8.93,0.86,13.18,10.95
design_7249,1.29,2.67,4.27,1.75,1.23,2.45,1.39,2.46,15.83,8.57,0.83,15.93,11.49
design_7250,1.15,3.15,1.81,2.14,1.38,4.62,1.53,2.81,18.42,9.4,0.85,9.04,7.92
design_7251,1.32,3.07,1.83,1.66,1.42,5.6,1.64,3.13,14.99,8.05,0.84,11.37,9.48
design_7252,1.23,2.53,3.64,1.58,1.38,5.53,1.63,3.25,15.74,8.36,0.84,30.39,24.01
design_7253,1.54,3.36,1.87,1.81,1.34,2.93,1.46,2.3,15.6,8.35,0.83,30.06,20.56
design_7254,1.19,2.51,4.22,1.74,1.15,2.54,1.39,2.43,16.19,8.68,0.83,7.33,5.93
design_7255,1.31,3.05,1.34,1.84,1.31,5.86,1.69,3.21,17.4,8.85,0.85,23.96,19.07
design_7256,1.13,1.43,3.07,1.71,0.93,2.37,1.34,2.09,18.17,9.01,0.84,36.13,23.44
design_7257,0.96,1.57,4.03,1.8,1.13,1.96,1.45,2.4,17.02,8.44,0.86,32.79,26.36
design_7258,1.14,1.44,5.13,1.67,1.12,2.04,1.61,2.86,16.09,8.0,0.87,20.99,18.16
design_7259,1.6,1.75,3.09,1.98,1.21,2.86,1.55,2.34,17.99,9.22,0.84,25.59,16.58
design_7260,0.94,1.47,4.11,1.64,1.08,1.97,1.43,2.4,15.62,8.0,0.86,23.21,20.18
design_7261,1.35,2.05,3.2,1.67,0.97,2.81,1.44,2.31,17.6,9.03,0.84,32.81,24.56
design_7262,1.04,0.69,2.0,1.64,0.98,2.13,0.97,1.61,5.32,4.82,0.84,8.6,5.72
design_7263,0.94,1.39,2.85,1.8,1.16,2.06,1.32,1.96,16.81,8.65,0.85,10.99,8.08
design_7264,1.42,2.78,1.48,1.61,1.25,2.7,1.27,2.04,13.61,8.0,0.82,19.19,14.8
design_7265,1.41,2.44,1.2,1.7,1.0,7.08,1.91,3.8,17.54,8.93,0.85,14.03,10.93
design_7266,1.68,3.01,2.43,1.6,1.24,3.95,1.51,2.67,16.74,8.99,0.83,15.32,11.6
design_7267,1.73,3.24,1.37,1.68,1.13,6.64,1.91,3.72,17.77,8.98,0.85,17.05,12.46
design_7268,1.7,2.86,1.51,1.66,1.57,2.38,1.31,2.03,10.85,6.79,0.82,18.19,14.3
design_7269,1.69,2.88,1.38,2.21,1.06,6.9,1.93,3.84,17.42,8.9,0.85,15.78,11.53
design_7270,1.36,2.87,1.84,1.71,1.48,2.12,1.29,1.96,9.3,6.3,0.83,20.03,15.7
design_7271,1.8,3.08,1.33,1.68,1.22,6.68,1.91,3.73,17.35,8.85,0.85,18.06,13.35
design_7272,1.73,2.75,0.92,2.58,1.5,5.24,1.63,3.04,18.05,9.59,0.82,33.83,26.06
design_7273,3.17,2.81,1.26,2.8,1.22,2.12,1.46,2.38,17.17,9.15,0.83,33.16,26.35
design_7274,3.49,2.82,1.09,2.45,1.34,1.88,1.42,2.34,12.42,7.52,0.82,34.54,27.93
design_7275,3.57,2.42,4.64,2.76,1.43,2.1,1.65,2.96,17.5,9.21,0.84,26.76,21.37
design_7276,2.83,3.01,1.29,2.66,1.48,5.65,1.78,3.39,16.42,8.97,0.82,32.7,25.13
design_7277,3.21,3.24,1.29,2.54,1.65,1.99,1.46,2.43,17.07,9.21,0.82,31.02,24.72
design_7278,1.88,3.04,5.09,2.42,1.23,1.79,1.53,2.77,15.43,8.56,0.82,33.63,27.73
design_7279,1.87,2.17,3.47,2.84,1.29,2.11,1.42,2.38,16.56,8.85,0.84,33.65,25.19
design_7280,0.86,1.91,3.58,1.94,1.15,2.11,1.25,2.08,18.33,9.25,0.86,28.17,19.13
design_7281,0.95,1.94,2.56,1.89,1.27,4.51,1.44,2.58,15.93,8.42,0.84,30.26,26.23
design_7282,0.85,1.78,3.44,1.69,0.85,5.1,1.49,2.86,18.39,9.07,0.86,36.52,29.33
design_7283,0.82,1.53,3.72,1.68,0.98,4.75,1.44,2.77,16.53,8.45,0.85,14.41,13.83
design_7284,0.86,1.99,2.91,1.81,1.03,5.23,1.53,2.86,15.76,8.28,0.84,33.19,25.43
design_7285,0.95,2.11,2.63,1.9,1.18,5.1,1.51,2.81,17.35,8.71,0.86,33.99,28.94
design_7286,0.77,1.69,3.52,1.77,0.98,4.95,1.47,2.82,17.02,8.57,0.86,21.8,18.07
design_7287,0.86,2.06,3.09,1.94,1.17,5.19,1.57,2.91,17.16,8.45,0.87,33.14,25.2
design_7288,1.26,1.42,0.88,1.63,0.83,3.09,1.19,1.77,17.39,9.05,0.84,30.45,22.82
design_7289,1.46,1.73,3.87,2.28,1.27,2.46,1.59,2.58,15.17,7.94,0.84,7.86,9.28
design_7290,1.19,1.4,0.84,1.88,1.39,1.79,1.1,1.43,16.56,8.64,0.83,9.34,7.94
design_7291,1.36,1.29,3.6,1.97,1.04,2.03,1.42,2.3,18.86,9.67,0.83,15.18,13.09
design_7292,1.78,1.44,1.02,1.85,0.79,1.47,1.14,1.42,17.16,8.79,0.84,31.42,22.31
design_7293,1.27,1.25,0.89,1.8,0.9,1.76,1.1,1.36,17.8,9.23,0.83,7.97,7.46
design_7294,1.67,1.53,0.74,1.99,0.92,1.59,1.19,1.43,17.82,9.06,0.84,12.61,6.26
design_7295,1.49,1.69,0.95,1.92,1.09,2.19,1.24,1.61,16.74,8.83,0.83,9.4,8.33
design_7296,1.14,1.87,1.11,2.2,0.9,2.19,1.24,1.66,16.52,7.91,0.88,34.43,25.18
design_7297,1.45,1.76,1.28,2.17,0.89,2.63,1.29,1.82,18.07,9.03,0.85,33.51,24.16
design_7298,1.16,1.54,0.94,1.76,1.06,2.62,1.11,1.65,17.23,8.76,0.85,34.05,25.17
design_7299,1.27,1.72,1.03,2.15,1.12,2.25,1.24,1.67,14.97,7.35,0.88,29.95,22.42
design_7300,1.25,1.7,1.1,2.14,1.21,2.11,1.22,1.64,16.69,7.94,0.88,31.3,23.05
design_7301,1.21,1.49,1.02,2.18,1.12,2.5,1.13,1.71,17.58,8.95,0.85,14.59,9.38
design_7302,1.11,1.7,0.93,2.16,1.06,2.29,1.23,1.64,15.56,7.62,0.87,13.44,9.97
design_7303,1.14,1.57,1.04,1.79,0.94,2.59,1.11,1.65,18.24,9.12,0.85,33.3,24.45
design_7304,1.46,1.68,1.84,1.94,1.38,4.19,1.48,2.45,10.72,6.44,0.84,10.64,8.39
design_7305,1.57,1.29,1.26,1.76,1.07,2.05,1.19,1.57,6.83,5.4,0.83,2.63,2.01
design_7306,1.72,2.07,1.83,2.47,1.48,2.88,1.58,2.17,12.77,7.03,0.85,28.19,20.19
design_7307,1.81,1.89,1.25,1.94,1.02,2.16,1.36,1.73,17.56,9.03,0.84,22.34,17.91
design_7308,2.13,2.08,1.56,2.44,1.34,1.7,1.47,1.88,18.52,9.37,0.84,26.01,18.39
design_7309,1.46,1.59,1.94,1.84,1.13,1.98,1.27,1.74,12.76,7.33,0.83,17.23,12.66
design_7310,1.83,1.87,1.81,2.39,1.15,1.67,1.45,1.82,15.36,8.17,0.83,13.42,9.93
design_7311,1.59,1.71,1.76,1.84,1.03,1.97,1.25,1.71,16.66,8.75,0.84,6.76,6.49
design_7312,1.31,2.69,2.61,2.45,1.28,1.54,1.42,2.06,17.36,8.9,0.84,17.22,14.68
design_7313,1.37,2.77,2.32,2.28,1.47,2.39,1.45,2.19,12.62,7.4,0.83,5.96,4.47
design_7314,1.31,2.7,2.78,2.46,0.94,1.86,1.44,2.14,17.55,9.04,0.84,8.54,8.15
design_7315,1.23,3.05,2.52,2.34,1.01,3.65,1.54,2.62,18.78,9.42,0.85,21.18,16.59
design_7316,1.45,2.61,3.13,2.4,0.91,2.83,1.54,2.46,16.48,8.81,0.83,16.84,13.03
design_7317,1.3,2.7,2.69,2.6,1.3,1.56,1.48,2.11,18.7,9.32,0.85,18.54,16.38
design_7318,1.25,2.43,2.17,2.31,0.96,2.32,1.36,2.04,12.62,7.46,0.83,12.08,9.18
design_7319,1.38,2.51,2.67,2.32,1.15,3.65,1.52,2.58,17.5,9.23,0.83,7.78,7.4
design_7320,1.29,1.25,6.01,2.27,0.8,10.34,3.02,6.08,17.36,9.45,0.81,28.1,20.46
design_7321,2.88,1.51,3.29,2.78,1.34,5.3,2.06,3.52,18.26,9.61,0.82,15.49,11.92
design_7322,1.65,1.55,1.64,2.37,1.3,6.44,2.0,3.58,18.11,9.4,0.83,32.8,23.9
design_7323,1.72,1.94,2.13,2.41,1.23,6.09,1.98,3.51,17.22,9.33,0.81,16.39,11.17
design_7324,1.49,1.66,3.66,2.04,1.21,6.51,2.07,3.91,17.24,9.41,0.81,33.59,24.92
design_7325,1.63,2.02,2.44,2.56,0.89,3.37,1.63,2.47,13.33,7.86,0.82,27.46,21.52
design_7326,1.94,2.12,3.09,2.77,1.2,5.19,1.97,3.37,16.75,9.08,0.82,15.78,12.36
design_7327,1.94,1.86,2.38,2.73,1.22,5.07,1.86,3.16,19.37,10.02,0.82,25.51,18.19
design_7328,1.77,3.16,10.46,2.59,1.69,1.32,2.75,5.62,17.1,8.92,0.84,20.44,15.25
design_7329,1.51,2.78,2.92,2.03,1.26,1.23,1.39,2.18,18.58,9.15,0.86,17.07,12.74
design_7330,1.73,3.25,9.53,2.26,1.79,1.33,2.55,5.17,18.46,9.38,0.84,6.12,8.91
design_7331,1.49,2.65,3.19,2.08,1.28,1.42,1.44,2.27,16.12,8.15,0.86,3.88,3.18
design_7332,1.55,3.19,9.18,2.35,1.42,1.22,2.47,4.98,17.53,9.0,0.85,30.7,20.49
design_7333,1.5,2.75,3.42,2.44,1.41,1.87,1.52,2.48,17.0,8.37,0.87,33.74,25.54
design_7334,1.75,3.4,9.94,2.31,1.59,1.19,2.64,5.37,18.09,9.32,0.84,9.14,9.35
design_7335,2.01,3.02,6.33,2.55,1.97,1.84,2.12,3.78,17.36,8.67,0.85,12.61,8.61
design_7336,1.45,2.22,1.23,1.87,1.38,1.9,1.27,1.67,17.88,9.35,0.83,28.5,20.93
design_7337,1.6,2.44,3.45,2.28,1.44,2.66,1.63,2.59,17.12,8.95,0.82,10.55,9.29
design_7338,1.07,2.14,4.55,2.42,1.34,2.73,1.77,2.96,16.3,8.39,0.85,14.88,11.45
design_7339,1.69,2.42,4.44,1.96,1.19,2.81,1.69,2.95,14.94,8.23,0.82,8.34,10.3
design_7340,1.65,2.12,1.72,2.47,1.22,1.8,1.28,1.85,16.97,9.0,0.83,20.92,14.75
design_7341,1.53,2.22,4.04,1.99,1.16,2.46,1.61,2.69,17.16,8.96,0.84,10.3,8.47
design_7342,1.53,2.35,3.63,2.06,1.23,2.19,1.53,2.5,17.04,9.2,0.82,28.13,18.59
design_7343,1.35,2.02,0.88,1.75,1.05,2.29,1.18,1.63,18.49,9.51,0.84,18.45,10.01
design_7344,1.34,2.12,4.45,2.04,0.93,2.96,1.69,2.93,19.66,9.96,0.83,15.67,10.64
design_7345,1.64,2.32,4.4,2.11,1.27,4.59,1.88,3.39,10.98,6.93,0.82,16.02,11.47
design_7346,1.17,1.74,3.23,1.77,0.86,1.8,1.25,2.12,18.11,9.59,0.82,15.19,10.81
design_7347,1.48,2.17,3.83,2.1,0.98,3.4,1.65,2.82,18.49,9.59,0.82,8.59,5.24
design_7348,1.64,2.45,4.61,2.32,1.09,3.21,1.82,3.13,18.31,9.58,0.81,3.6,4.62
design_7349,1.27,2.06,3.99,1.97,0.98,3.99,1.65,3.01,19.91,10.18,0.83,10.14,10.33
design_7350,1.47,2.38,5.73,1.96,1.03,3.55,1.95,3.6,17.4,9.21,0.82,17.47,12.2
design_7351,1.37,2.22,5.07,1.88,1.05,2.96,1.75,3.18,17.64,9.39,0.82,14.69,11.04
design_7352,1.38,2.27,0.85,2.18,1.18,4.25,1.51,2.44,17.83,9.11,0.84,25.74,19.2
design_7353,1.49,2.53,1.24,2.45,1.11,4.01,1.6,2.47,17.44,8.92,0.84,24.56,18.48
design_7354,1.46,2.02,0.99,2.24,1.15,4.09,1.48,2.38,18.48,9.38,0.84,30.62,22.54
design_7355,1.51,2.37,1.06,2.4,1.11,3.63,1.5,2.29,17.95,9.17,0.85,32.56,23.25
design_7356,1.3,2.28,1.3,2.39,0.96,3.54,1.45,2.24,18.27,9.3,0.84,34.23,24.67
design_7357,1.14,1.72,0.83,1.7,0.97,3.86,1.27,2.13,15.29,8.27,0.84,29.34,22.35
design_7358,1.28,2.33,1.07,2.06,1.23,3.85,1.41,2.3,19.2,9.64,0.85,14.22,10.65
design_7359,1.33,2.06,1.13,2.25,1.31,3.92,1.45,2.33,19.04,9.56,0.85,27.55,17.08
design_7360,1.3,2.06,1.84,2.35,1.42,1.14,1.28,1.77,14.42,7.59,0.85,35.46,26.44
design_7361,1.32,2.55,1.54,2.24,1.15,1.02,1.24,1.74,16.13,7.97,0.87,18.76,14.22
design_7362,1.59,3.03,1.58,2.92,1.47,1.4,1.5,2.12,9.16,5.44,0.86,3.61,2.93
design_7363,1.38,2.95,2.21,2.44,1.53,1.19,1.39,2.07,15.53,7.79,0.86,17.57,12.64
design_7364,0.95,2.78,1.91,2.35,1.18,1.06,1.27,1.86,11.78,6.44,0.86,4.44,3.24
design_7365,1.37,3.28,4.79,2.72,1.33,1.16,1.64,2.91,16.23,8.15,0.87,28.36,20.54
design_7366,1.33,2.8,2.57,2.43,1.37,1.1,1.33,2.09,16.44,7.95,0.88,34.69,26.83
design_7367,1.49,2.26,1.57,2.41,1.45,1.35,1.35,1.81,12.73,6.66,0.87,3.48,3.62
design_7368,1.55,1.61,1.87,1.65,0.86,3.98,1.36,2.38,18.72,9.71,0.84,24.62,17.39
design_7369,1.33,1.47,0.57,1.65,1.14,3.59,1.17,2.07,16.46,8.82,0.83,29.56,23.4
design_7370,1.6,1.84,1.11,1.51,0.94,3.0,1.19,1.92,18.88,9.6,0.84,31.75,23.62
design_7371,1.27,1.55,0.64,1.6,0.86,3.66,1.17,2.08,17.75,9.29,0.84,32.44,23.89
design_7372,1.36,1.58,0.72,1.64,0.94,3.39,1.19,1.99,17.11,9.02,0.83,27.44,21.08
design_7373,1.1,1.34,0.72,1.76,0.93,3.17,1.06,1.87,17.45,9.28,0.83,17.24,12.89
design_7374,1.03,1.36,0.45,1.53,0.96,3.7,1.14,2.05,18.31,9.44,0.84,21.96,13.58
design_7375,1.37,1.68,0.62,1.66,1.09,3.49,1.18,2.05,15.41,8.48,0.83,27.88,21.09
design_7376,1.41,2.65,1.77,2.62,1.02,1.24,1.32,1.91,16.06,7.92,0.87,7.66,5.97
design_7377,1.64,2.74,2.14,2.76,1.15,1.69,1.44,2.12,18.79,8.84,0.87,22.31,15.8
design_7378,1.09,2.73,1.17,2.75,1.09,1.27,1.27,1.83,12.36,6.59,0.87,6.91,4.94
design_7379,1.56,2.72,1.16,2.72,0.89,1.08,1.31,1.84,13.87,7.03,0.87,8.49,5.65
design_7380,1.6,2.72,2.27,2.71,1.22,1.08,1.42,2.09,14.95,7.48,0.87,34.23,25.36
design_7381,1.46,2.55,1.64,2.63,1.19,1.13,1.32,1.88,14.13,7.34,0.86,34.94,25.25
design_7382,1.41,2.67,1.53,2.42,1.24,1.0,1.28,1.82,15.41,7.65,0.87,33.09,24.35
design_7383,1.67,2.91,2.23,2.69,1.25,1.18,1.43,2.14,15.62,7.59,0.88,33.2,25.03
design_7384,1.32,1.65,4.41,2.54,0.94,5.07,1.79,3.41,17.5,9.22,0.84,15.9,14.16
design_7385,1.14,1.66,1.02,2.22,1.0,7.25,1.97,3.95,16.48,8.9,0.83,10.85,9.77
design_7386,1.23,1.84,4.34,2.07,0.82,3.94,1.58,2.92,17.43,9.25,0.83,15.93,13.18
design_7387,1.36,1.88,4.32,2.48,0.98,5.2,1.83,3.46,16.87,9.01,0.83,12.65,10.06
design_7388,1.07,1.73,0.93,2.06,0.87,7.5,2.01,4.06,18.19,9.49,0.84,17.75,13.36
design_7389,1.31,1.82,4.33,2.46,1.19,3.27,1.57,2.76,17.27,9.06,0.84,16.96,13.76
design_7390,1.05,1.64,1.01,2.33,0.91,7.51,2.01,4.08,16.45,8.93,0.83,9.67,7.69
design_7391,1.19,1.6,0.77,2.39,0.96,6.99,1.93,3.84,18.5,9.68,0.83,16.99,11.33
design_7392,1.72,2.32,1.19,2.95,1.27,2.03,1.43,2.0,13.72,7.22,0.86,33.16,24.85
design_7393,1.73,2.31,1.23,2.57,1.44,2.1,1.41,1.94,13.29,7.03,0.87,33.1,25.3
design_7394,1.75,2.36,1.13,2.71,1.31,2.02,1.38,1.95,14.15,7.33,0.86,32.72,25.15
design_7395,1.51,2.04,1.05,2.42,1.19,1.88,1.26,1.73,14.82,7.65,0.86,29.72,23.68
design_7396,1.68,2.18,1.1,2.64,1.11,1.74,1.28,1.82,13.47,7.0,0.87,29.18,22.02
design_7397,1.66,2.29,0.91,2.73,1.41,2.09,1.4,1.92,14.96,7.55,0.87,27.97,22.07
design_7398,1.44,2.04,0.99,2.88,1.16,1.87,1.28,1.83,12.8,6.82,0.87,30.57,23.53
design_7399,1.64,1.99,1.12,2.57,1.12,2.12,1.33,1.82,14.92,7.67,0.87,30.12,23.31
design_7400,1.52,2.58,0.81,2.27,1.11,3.06,1.5,2.17,18.44,9.46,0.84,29.28,21.13
design_7401,0.96,1.93,0.6,1.59,0.93,3.44,1.21,2.07,17.1,9.29,0.82,9.91,7.21
design_7402,1.02,1.95,0.43,1.56,0.89,3.23,1.2,1.97,16.77,9.02,0.83,9.24,7.6
design_7403,1.39,2.43,0.86,2.0,1.17,2.86,1.39,2.03,15.92,8.66,0.83,5.63,5.85
design_7404,1.14,2.01,0.6,1.68,0.85,3.21,1.28,2.0,16.1,8.69,0.83,7.69,7.9
design_7405,1.61,2.56,0.85,2.27,1.04,2.93,1.44,2.13,17.07,8.98,0.83,10.56,7.28
design_7406,1.35,1.64,0.5,1.64,1.04,2.94,1.19,1.87,18.77,9.73,0.83,20.6,17.14
design_7407,1.4,1.82,0.4,1.66,0.91,2.74,1.22,1.8,17.45,9.19,0.83,8.01,8.44
design_7408,1.23,2.68,1.27,2.2,1.35,7.09,1.92,3.77,16.93,8.41,0.87,29.36,22.59
design_7409,1.36,2.97,1.67,2.36,1.75,7.09,2.03,3.87,18.01,8.63,0.88,34.73,25.95
design_7410,1.17,2.57,1.95,2.32,1.6,6.41,1.89,3.54,17.8,9.11,0.84,22.69,18.72
design_7411,1.26,2.72,0.94,2.29,1.6,7.18,2.0,3.83,17.26,8.45,0.87,26.92,19.92
design_7412,1.48,3.07,2.04,2.54,1.74,6.91,2.06,3.86,18.1,8.6,0.88,28.47,22.73
design_7413,1.37,2.78,1.74,2.31,1.71,6.96,1.99,3.8,18.32,8.71,0.88,25.59,20.65
design_7414,1.3,2.59,3.05,2.47,1.55,2.6,1.54,2.37,17.47,8.58,0.87,19.36,16.69
design_7415,1.12,2.03,2.93,2.24,0.99,2.53,1.35,2.15,18.2,9.3,0.85,26.3,20.73
design_7416,2.03,2.82,3.35,2.32,0.83,2.84,1.53,2.51,9.74,6.34,0.83,31.3,25.75
design_7417,2.01,2.88,3.29,2.34,0.8,2.9,1.55,2.53,12.19,7.13,0.84,31.64,25.79
design_7418,1.75,2.99,3.36,2.36,0.91,3.72,1.61,2.82,15.82,8.49,0.84,25.57,20.55
design_7419,1.81,3.04,3.32,2.47,0.97,3.36,1.62,2.72,15.78,8.56,0.83,28.98,23.28
design_7420,1.7,2.86,3.37,2.24,0.92,3.92,1.6,2.85,16.01,8.71,0.83,19.04,16.21
design_7421,1.88,2.78,3.25,2.21,0.79,2.86,1.52,2.46,9.08,6.11,0.84,31.59,25.97
design_7422,1.99,2.9,3.31,2.27,1.0,3.39,1.57,2.7,16.64,8.8,0.84,25.95,21.1
design_7423,1.82,3.07,3.37,2.4,1.09,2.91,1.53,2.58,16.26,8.74,0.83,23.41,19.08
design_7424,0.97,2.05,1.07,1.79,1.63,3.09,1.33,2.03,17.13,8.49,0.86,17.24,13.82
design_7425,1.03,2.02,1.01,1.8,1.58,3.13,1.36,2.03,15.79,7.91,0.87,28.12,22.67
design_7426,0.99,2.08,0.95,1.76,1.48,3.02,1.32,1.98,15.48,7.84,0.86,26.44,22.05
design_7427,0.99,2.19,0.82,1.87,1.53,2.94,1.36,1.98,16.9,8.41,0.86,18.37,15.47
design_7428,0.97,2.16,0.8,1.66,1.43,2.79,1.27,1.88,15.34,8.04,0.85,19.09,15.01
design_7429,0.99,1.75,0.91,1.66,1.27,2.78,1.24,1.8,15.08,8.06,0.85,3.26,3.49
design_7430,1.05,2.25,0.8,1.79,1.57,2.69,1.31,1.9,15.97,8.21,0.85,7.86,8.09
design_7431,0.85,2.54,1.14,1.73,1.64,2.99,1.34,2.06,16.41,8.24,0.86,17.58,15.76
design_7432,1.39,2.93,1.44,2.21,0.85,2.84,1.49,2.08,15.44,8.2,0.84,29.95,22.4
design_7433,1.28,2.72,1.65,1.88,0.89,2.6,1.36,1.95,18.81,9.19,0.86,26.95,19.43
design_7434,1.29,2.78,1.3,2.02,1.01,2.6,1.38,1.94,16.03,8.4,0.84,29.58,22.56
design_7435,1.54,2.22,1.83,1.85,1.09,2.36,1.37,1.88,19.27,9.21,0.85,37.43,25.69
design_7436,1.86,2.91,1.79,2.32,1.31,2.53,1.55,2.17,16.11,8.22,0.85,29.78,22.84
design_7437,1.63,2.88,1.49,2.23,1.0,2.58,1.42,2.06,18.49,9.08,0.84,41.12,25.24
design_7438,1.31,2.91,1.4,2.28,0.92,3.01,1.48,2.13,16.73,8.63,0.85,28.2,21.46
design_7439,1.49,3.08,1.6,2.15,1.06,2.87,1.51,2.16,18.06,9.06,0.85,28.09,21.1
design_7440,1.18,2.3,3.79,2.28,1.09,1.09,1.48,2.51,15.58,7.51,0.88,11.34,7.2
design_7441,1.16,2.43,4.06,2.44,1.13,1.12,1.58,2.67,18.19,8.47,0.88,24.01,12.79
design_7442,1.15,2.51,4.11,2.39,1.19,1.1,1.59,2.7,17.37,8.19,0.88,27.3,17.59
design_7443,1.21,1.73,4.32,1.9,0.94,1.67,1.4,2.68,18.02,8.42,0.88,24.19,19.38
design_7444,1.13,1.98,3.76,1.83,0.78,1.25,1.31,2.39,15.04,7.49,0.87,21.94,17.77
design_7445,1.1,2.52,2.63,2.49,1.11,1.07,1.38,2.09,15.5,7.77,0.87,25.7,18.5
design_7446,1.19,2.56,4.4,2.37,1.32,1.07,1.61,2.85,16.27,7.78,0.87,15.23,13.58
design_7447,1.35,2.68,5.58,2.43,1.01,1.08,1.86,3.42,17.58,8.31,0.87,20.25,15.25
design_7448,1.28,2.85,3.94,2.59,1.17,1.07,1.51,2.63,17.59,8.63,0.87,10.35,9.5
design_7449,1.26,2.37,2.35,2.66,1.25,1.07,1.3,2.01,18.13,8.77,0.87,17.29,13.66
design_7450,1.66,3.05,2.91,3.29,1.46,1.37,1.61,2.52,14.8,7.62,0.86,24.8,16.45
design_7451,1.61,2.99,6.78,3.06,1.37,1.34,2.09,3.98,16.6,8.02,0.87,9.8,10.31
design_7452,1.43,2.78,7.84,3.37,1.17,1.25,2.24,4.45,17.95,8.81,0.86,29.97,19.18
design_7453,1.52,2.86,7.39,3.14,1.12,1.14,2.14,4.22,17.74,8.79,0.86,31.29,24.47
design_7454,1.55,3.23,2.9,3.39,1.28,1.32,1.6,2.54,12.52,6.64,0.86,24.01,17.27
design_7455,1.19,2.91,8.99,2.57,1.1,0.98,2.35,4.9,17.65,8.76,0.86,28.69,21.68
design_7456,1.46,1.96,2.51,2.28,1.26,1.25,1.35,1.94,17.21,8.61,0.86,30.1,19.64
design_7457,1.4,2.19,7.83,2.46,1.24,1.2,2.16,4.25,18.82,9.38,0.85,35.23,24.29
design_7458,1.6,2.0,3.88,2.62,1.2,1.42,1.58,2.53,16.29,8.28,0.85,32.02,25.76
design_7459,1.49,2.33,9.05,2.43,1.36,1.14,2.38,4.84,18.27,9.29,0.85,20.0,14.29
design_7460,1.25,1.92,3.76,2.4,0.94,1.25,1.47,2.38,20.01,9.78,0.85,21.03,13.32
design_7461,1.39,1.77,3.45,2.33,1.08,1.28,1.42,2.25,18.98,9.37,0.85,33.02,22.72
design_7462,1.56,1.77,2.61,2.15,1.25,1.34,1.31,1.95,13.61,7.54,0.84,14.25,9.76
design_7463,1.42,2.22,10.75,2.27,1.31,1.17,2.7,5.64,17.71,9.0,0.85,16.21,14.31
design_7464,1.99,2.12,1.45,2.54,1.25,1.69,1.37,1.88,15.68,7.82,0.87,15.77,12.89
design_7465,1.77,2.14,1.33,2.34,1.18,1.6,1.28,1.76,16.7,8.19,0.87,6.03,6.64
design_7466,1.94,2.24,1.43,2.4,1.28,1.85,1.34,1.88,16.01,7.94,0.87,18.79,14.47
design_7467,1.78,1.96,1.37,2.36,1.44,1.67,1.29,1.78,15.78,7.89,0.86,30.47,23.01
design_7468,1.65,2.01,1.25,2.34,1.26,1.68,1.27,1.72,16.61,8.17,0.87,11.33,10.0
design_7469,1.81,2.03,1.32,2.49,1.23,1.82,1.34,1.82,16.15,7.94,0.87,12.19,10.25
design_7470,1.84,1.99,1.4,2.24,1.19,1.55,1.24,1.73,15.78,7.87,0.87,13.33,11.29
design_7471,1.71,1.94,1.33,2.15,1.39,1.57,1.23,1.69,17.29,8.42,0.87,17.25,13.88
design_7472,1.51,1.93,1.1,1.75,0.89,2.18,1.17,1.62,16.45,8.43,0.84,31.82,24.37
design_7473,1.4,1.54,1.08,1.76,1.12,2.78,1.12,1.72,16.02,8.25,0.86,26.14,20.29
design_7474,1.36,1.92,0.97,1.57,0.81,1.92,1.04,1.48,12.7,7.14,0.84,11.26,9.09
design_7475,1.76,2.2,1.44,2.06,1.19,2.41,1.29,1.89,15.53,7.98,0.86,30.99,22.71
design_7476,2.51,1.87,1.65,1.85,1.22,2.7,1.33,2.04,16.21,8.43,0.84,14.75,9.49
design_7477,1.41,1.53,0.95,1.64,1.11,2.73,1.14,1.66,16.36,8.32,0.86,31.8,23.5
design_7478,1.36,1.76,0.95,1.65,0.94,2.43,1.1,1.6,16.8,8.58,0.85,34.35,25.37
design_7479,1.19,1.55,1.02,1.69,0.8,2.84,1.09,1.66,17.28,8.83,0.86,34.04,25.52
design_7480,0.88,0.85,0.86,1.76,1.05,3.5,1.19,2.03,18.36,9.53,0.84,18.04,12.36
design_7481,1.1,1.18,0.97,2.43,1.15,2.43,1.29,1.78,16.91,8.8,0.85,5.29,5.75
design_7482,1.1,0.96,0.65,2.2,1.36,2.24,1.19,1.65,17.73,9.31,0.83,15.36,11.89
design_7483,1.1,1.17,0.64,2.28,1.11,1.84,1.2,1.53,19.07,9.67,0.84,31.8,22.08
design_7484,1.31,1.24,0.8,2.34,1.29,2.43,1.31,1.79,17.76,9.2,0.84,15.16,9.65
design_7485,1.41,1.34,0.59,2.52,1.35,2.11,1.34,1.75,18.04,9.29,0.84,35.82,26.89
design_7486,1.2,1.03,0.48,2.11,1.14,1.98,1.18,1.53,18.01,9.37,0.84,22.79,16.6
design_7487,1.32,1.19,0.75,2.3,1.24,2.37,1.3,1.75,17.61,9.12,0.84,17.41,12.87
design_7488,1.47,1.77,1.58,1.75,1.48,2.12,1.16,1.71,11.85,6.88,0.84,31.43,23.89
design_7489,1.43,1.61,1.55,1.7,1.27,2.14,1.11,1.64,9.43,6.08,0.83,30.77,23.65
design_7490,1.38,1.78,2.0,1.83,1.22,2.65,1.24,1.89,17.13,8.78,0.86,31.87,23.82
design_7491,1.35,1.84,1.29,1.78,0.88,1.79,1.09,1.53,14.51,7.68,0.84,32.11,23.0
design_7492,1.44,1.85,1.24,1.77,0.97,1.53,1.12,1.49,17.19,8.57,0.85,31.25,24.04
design_7493,1.45,1.78,1.61,2.0,1.66,2.29,1.23,1.82,12.24,7.05,0.84,31.61,23.72
design_7494,1.44,1.64,1.53,1.7,1.11,2.43,1.11,1.7,15.83,8.3,0.84,30.97,23.92
design_7495,1.39,1.87,1.4,2.02,0.89,1.65,1.13,1.58,16.64,8.4,0.85,34.41,20.68
design_7496,1.32,1.43,0.98,1.85,0.94,1.46,1.08,1.32,18.46,8.69,0.88,13.71,8.75
design_7497,1.05,1.81,0.71,2.21,1.02,1.49,1.1,1.4,18.11,8.69,0.87,16.73,11.72
design_7498,1.27,1.39,0.91,2.15,0.96,1.37,1.09,1.36,17.66,8.62,0.86,13.27,6.22
design_7499,1.08,1.74,1.12,2.53,1.05,1.36,1.15,1.53,19.22,9.21,0.86,44.82,32.6
design_7500,1.05,1.67,1.62,2.32,0.77,1.36,1.17,1.57,18.34,8.83,0.87,18.72,16.94
design_7501,1.12,1.5,1.64,2.06,0.82,1.18,1.07,1.49,18.31,8.84,0.87,19.62,12.99
design_7502,1.21,1.67,4.82,2.15,0.72,0.97,1.57,2.87,16.86,8.14,0.88,11.2,12.76
design_7503,1.18,1.6,1.6,2.1,0.74,1.18,1.09,1.5,18.37,9.11,0.85,14.47,9.75
design_7504,1.17,1.72,2.77,2.22,1.03,2.58,1.27,2.17,8.11,5.82,0.83,25.29,15.86
design_7505,1.11,1.76,3.78,1.48,0.84,1.26,1.35,2.28,11.68,6.98,0.83,21.26,13.88
design_7506,1.16,1.82,3.49,1.66,0.85,1.24,1.35,2.18,15.81,8.4,0.84,22.19,14.23
design_7507,1.29,1.92,3.09,2.11,1.0,1.75,1.34,2.16,11.97,7.24,0.83,25.9,16.15
design_7508,1.38,2.27,4.94,1.97,1.0,1.93,1.73,3.0,17.98,9.11,0.84,19.7,12.08
design_7509,1.34,2.1,3.8,1.47,0.84,1.22,1.4,2.34,16.67,8.39,0.84,35.61,21.75
design_7510,1.25,1.73,3.13,1.67,1.23,1.14,1.3,2.04,12.03,7.07,0.84,25.83,16.24
design_7511,1.3,2.15,4.79,1.7,1.06,1.7,1.59,2.87,17.45,8.96,0.84,21.64,16.27
design_7512,0.59,2.2,3.84,1.6,1.28,4.89,1.54,2.94,17.0,8.69,0.85,34.04,24.46
design_7513,0.85,2.18,3.79,1.6,1.43,2.6,1.35,2.31,12.43,7.17,0.83,30.2,24.0
design_7514,0.84,2.3,2.64,2.23,1.14,2.05,1.3,1.99,15.72,8.49,0.83,30.42,24.29
design_7515,0.84,2.0,3.9,1.72,1.15,5.22,1.61,3.05,15.91,8.07,0.86,30.35,24.02
design_7516,1.13,2.36,3.63,1.83,1.29,5.27,1.67,3.08,16.82,8.28,0.87,31.88,23.02
design_7517,0.77,1.95,3.91,1.69,1.23,5.1,1.56,3.01,12.29,6.88,0.84,30.29,23.55
design_7518,0.93,2.06,3.21,1.62,1.14,5.39,1.61,2.97,17.46,8.77,0.86,30.43,22.47
design_7519,0.88,2.46,2.47,1.68,1.29,3.27,1.34,2.21,13.98,7.7,0.84,29.34,22.62
design_7520,1.04,1.64,3.81,2.09,1.12,2.14,1.27,2.09,16.42,8.61,0.84,30.11,23.56
design_7521,1.06,2.26,1.65,2.17,1.38,2.21,1.27,1.85,17.06,8.85,0.84,22.64,17.98
design_7522,1.11,1.83,3.55,2.27,1.02,1.72,1.28,2.02,18.32,9.06,0.84,28.8,18.81
design_7523,0.89,1.68,3.9,2.01,1.08,2.21,1.26,2.1,16.86,8.84,0.84,29.56,23.21
design_7524,0.86,1.59,3.07,2.03,0.99,2.09,1.21,1.87,16.94,8.78,0.85,30.03,23.35
design_7525,0.93,1.63,3.19,2.03,1.09,2.04,1.22,1.9,16.5,8.7,0.84,31.67,24.71
design_7526,0.76,1.93,3.16,2.06,1.11,2.16,1.21,1.96,16.4,8.64,0.84,30.58,23.71
design_7527,0.9,2.05,2.12,2.09,0.95,2.16,1.19,1.79,16.91,8.85,0.84,30.09,23.47
design_7528,1.8,2.23,3.3,2.48,1.15,1.03,1.47,2.3,14.82,7.35,0.88,35.82,23.66
design_7529,1.68,2.22,3.04,2.23,1.1,0.98,1.39,2.15,16.85,8.09,0.87,16.57,7.76
design_7530,1.69,2.14,2.77,2.34,1.08,0.91,1.37,2.06,16.12,7.84,0.88,13.64,7.76
design_7531,1.71,2.14,3.08,2.64,1.37,0.99,1.46,2.25,16.31,7.96,0.87,6.43,6.61
design_7532,1.33,1.94,2.6,2.1,1.18,0.84,1.22,1.88,16.41,8.16,0.86,24.58,16.86
design_7533,1.44,1.94,2.6,2.13,0.89,0.8,1.23,1.88,16.45,8.02,0.87,26.01,16.73
design_7534,1.61,2.21,3.04,2.3,1.06,0.91,1.39,2.14,16.99,8.2,0.87,31.11,21.62
design_7535,1.87,2.3,2.72,2.67,1.25,1.03,1.48,2.18,15.87,7.71,0.88,14.29,6.48
design_7536,1.18,2.52,1.72,2.19,1.34,9.11,2.46,5.14,16.6,9.05,0.83,19.02,13.32
design_7537,1.1,1.89,1.52,1.55,1.12,8.43,2.26,4.7,17.2,9.32,0.82,20.47,14.0
design_7538,1.05,2.51,1.57,1.56,1.2,8.61,2.32,4.83,15.09,8.45,0.83,19.62,13.3
design_7539,1.04,2.46,1.48,1.48,1.21,8.94,2.38,4.99,16.55,9.05,0.82,17.06,12.21
design_7540,1.12,1.75,3.54,2.01,1.01,5.01,1.68,3.21,17.66,9.58,0.81,13.03,10.34
design_7541,0.88,1.75,1.29,1.53,1.16,8.63,2.3,4.78,17.05,9.22,0.82,10.34,8.97
design_7542,1.05,1.96,1.61,1.5,1.26,8.89,2.36,4.94,16.19,8.82,0.83,16.95,11.8
design_7543,1.0,1.83,1.04,1.35,0.91,9.06,2.4,4.98,18.07,9.51,0.83,28.36,19.35
design_7544,0.92,1.83,1.01,1.92,0.9,1.0,1.04,1.34,14.09,7.21,0.87,11.34,8.25
design_7545,0.94,1.67,0.9,1.85,0.87,1.06,0.99,1.28,15.83,7.97,0.86,22.16,17.71
design_7546,1.16,1.65,1.31,1.94,1.06,0.87,1.09,1.4,11.93,6.56,0.86,11.47,9.54
design_7547,0.96,1.68,1.0,1.8,1.09,1.03,1.02,1.31,14.71,7.47,0.87,14.53,10.97
design_7548,1.46,1.89,1.4,2.08,1.05,1.08,1.2,1.56,16.17,7.88,0.88,28.64,22.96
design_7549,0.9,1.44,1.1,1.84,0.83,1.05,0.98,1.25,15.22,7.72,0.87,9.83,7.15
design_7550,1.05,1.73,1.09,1.82,0.96,1.09,1.04,1.34,15.79,7.96,0.87,15.06,10.48
design_7551,1.08,1.89,1.05,1.93,1.01,0.95,1.08,1.39,11.09,6.07,0.87,7.69,6.06
design_7552,1.62,2.33,2.28,2.7,1.33,1.26,1.46,2.06,18.32,8.66,0.87,33.59,25.97
design_7553,1.7,2.27,2.69,2.79,1.38,1.22,1.52,2.2,17.22,8.26,0.88,33.87,24.53
design_7554,1.82,2.7,2.96,2.8,1.4,1.25,1.61,2.38,17.04,8.21,0.87,29.17,23.16
design_7555,1.68,2.47,2.97,2.7,1.28,1.22,1.56,2.3,16.4,7.88,0.88,24.63,20.17
design_7556,1.47,2.45,3.2,2.29,1.75,1.01,1.46,2.31,17.66,8.38,0.89,37.92,25.89
design_7557,1.68,2.31,2.5,2.63,1.3,1.18,1.44,2.11,17.49,8.38,0.87,31.2,20.85
design_7558,1.36,1.84,2.91,2.2,1.12,0.88,1.26,2.02,16.95,8.24,0.87,15.61,11.49
design_7559,1.2,2.12,2.52,2.14,1.14,1.0,1.27,1.9,16.78,8.31,0.86,24.62,17.42
design_7560,1.06,2.05,2.38,1.98,0.98,0.89,1.17,1.74,17.73,8.55,0.88,15.2,11.58
design_7561,1.44,2.2,3.45,2.58,1.55,1.24,1.54,2.34,18.26,8.65,0.87,38.29,20.33
design_7562,1.19,2.18,1.72,2.45,1.17,1.21,1.3,1.75,17.07,8.13,0.88,17.89,12.25
design_7563,1.07,2.05,3.44,2.16,1.05,0.9,1.33,2.14,17.34,8.31,0.88,33.39,21.66
design_7564,1.1,2.23,0.83,2.1,1.21,0.97,1.14,1.49,17.12,8.24,0.88,23.76,19.17
design_7565,1.3,2.26,1.98,2.54,1.11,0.99,1.29,1.84,16.93,8.13,0.88,12.62,7.42
design_7566,1.3,2.27,2.17,2.3,1.41,1.24,1.34,1.88,16.61,8.12,0.87,15.82,12.07
design_7567,1.04,2.42,4.71,2.06,1.27,1.0,1.5,2.68,18.4,8.95,0.87,25.81,19.51
design_7568,1.17,1.52,0.6,2.08,0.81,1.87,1.15,1.46,18.34,9.1,0.85,20.96,13.7
design_7569,1.22,1.37,0.53,1.92,1.16,2.29,1.16,1.56,17.53,8.98,0.84,11.04,10.7
design_7570,1.21,1.49,0.86,1.92,0.84,2.28,1.22,1.57,18.83,9.36,0.85,21.46,13.28
design_7571,1.22,1.34,0.73,1.78,1.08,2.43,1.15,1.58,17.3,8.88,0.85,12.99,11.76
design_7572,1.35,1.56,0.65,2.04,0.77,1.79,1.17,1.47,18.14,8.88,0.85,15.6,11.61
design_7573,1.17,1.4,0.62,1.71,0.78,2.58,1.1,1.59,16.42,8.56,0.84,9.27,7.97
design_7574,1.11,1.33,0.72,1.83,0.68,2.09,1.11,1.44,16.88,8.76,0.84,5.86,6.72
design_7575,1.23,1.44,0.85,1.97,0.82,1.8,1.14,1.44,17.69,8.86,0.85,17.11,11.82
design_7576,1.18,2.61,4.19,2.56,1.32,3.8,1.86,3.17,18.75,9.66,0.83,19.77,19.5
design_7577,1.08,2.05,2.42,1.93,1.34,3.71,1.45,2.5,17.88,9.64,0.81,17.08,13.41
design_7578,1.02,1.57,3.05,2.21,1.22,3.35,1.43,2.52,19.0,9.95,0.82,27.74,17.59
design_7579,1.11,1.66,3.22,1.74,1.09,3.41,1.41,2.56,17.46,9.42,0.82,13.89,9.99
design_7580,1.26,2.09,1.7,2.0,1.25,4.21,1.48,2.57,18.57,9.89,0.82,22.55,17.9
design_7581,1.18,1.98,3.09,2.45,1.13,2.96,1.53,2.48,16.9,9.16,0.81,11.73,10.78
design_7582,1.12,1.93,2.84,2.03,1.18,3.7,1.49,2.6,12.64,7.72,0.81,18.99,14.0
design_7583,1.17,2.04,3.21,2.2,1.34,3.77,1.61,2.77,14.3,8.32,0.81,16.61,13.34
design_7584,1.38,2.18,1.99,1.91,1.19,3.78,1.5,2.46,18.55,9.56,0.84,17.51,11.16
design_7585,1.28,2.08,1.68,1.89,1.14,4.27,1.52,2.6,17.27,9.11,0.83,27.14,18.12
design_7586,1.57,2.21,1.77,1.88,1.34,4.76,1.64,2.87,9.27,6.43,0.82,23.17,19.98
design_7587,1.25,2.08,2.15,1.7,1.35,4.05,1.52,2.56,18.59,9.66,0.83,24.9,18.5
design_7588,1.23,2.04,1.74,1.88,1.39,4.42,1.55,2.68,17.56,9.25,0.83,22.61,15.35
design_7589,1.3,2.06,0.74,1.82,0.96,4.05,1.44,2.41,15.71,8.6,0.83,17.42,14.12
design_7590,1.42,2.06,1.16,2.09,1.08,3.83,1.48,2.39,18.12,9.4,0.84,24.86,16.82
design_7591,1.21,2.08,1.66,1.87,1.56,4.64,1.59,2.78,10.71,6.87,0.82,13.96,15.29
design_7592,1.43,2.11,2.69,2.12,1.18,3.15,1.56,2.42,19.48,9.96,0.83,14.19,9.94
design_7593,1.7,2.76,2.94,2.42,1.51,3.57,1.78,2.77,18.82,9.71,0.83,29.28,21.36
design_7594,1.86,2.52,2.39,2.42,1.56,3.46,1.74,2.59,19.88,9.93,0.84,33.26,22.32
design_7595,1.69,2.82,2.31,2.41,1.41,3.46,1.74,2.58,19.22,9.79,0.83,21.79,15.39
design_7596,1.86,2.48,2.19,2.64,1.35,3.49,1.77,2.56,18.81,9.6,0.83,31.4,23.33
design_7597,1.59,2.75,2.33,2.26,1.28,3.15,1.62,2.43,19.63,9.99,0.83,28.75,18.3
design_7598,1.63,2.34,2.27,2.14,1.36,3.33,1.57,2.42,18.73,9.82,0.82,27.36,17.68
design_7599,1.71,2.35,2.93,2.22,1.27,3.27,1.67,2.59,15.99,8.86,0.81,16.26,11.42
design_7600,1.35,1.64,1.81,2.36,1.15,1.14,1.22,1.67,17.76,8.68,0.87,32.03,23.29
design_7601,1.15,1.56,0.78,1.97,0.99,1.41,1.06,1.32,18.14,8.87,0.87,30.21,22.23
design_7602,1.35,1.87,1.0,2.43,1.23,1.72,1.28,1.62,17.74,8.61,0.87,22.31,16.61
design_7603,1.29,1.76,2.12,2.32,0.84,1.01,1.22,1.72,17.11,8.26,0.87,22.99,16.42
design_7604,1.28,1.73,0.92,2.23,1.26,1.73,1.21,1.53,17.57,8.57,0.87,25.46,17.45
design_7605,1.37,1.26,1.06,2.17,0.94,1.5,1.13,1.42,17.13,8.39,0.87,29.55,20.68
design_7606,1.4,1.07,1.35,1.83,0.87,1.13,0.99,1.33,17.57,8.71,0.86,35.91,26.43
design_7607,1.09,1.68,1.51,2.31,0.85,1.21,1.14,1.53,18.73,8.81,0.87,43.57,25.14
design_7608,1.4,2.3,1.75,2.01,1.04,2.48,1.2,1.95,15.08,8.16,0.84,14.14,10.45
design_7609,1.33,2.25,1.67,1.98,1.44,2.37,1.21,1.92,15.82,8.38,0.84,5.67,4.51
design_7610,1.35,2.44,1.84,2.0,1.23,2.35,1.26,1.95,16.77,8.72,0.85,11.24,7.54
design_7611,1.46,2.41,1.72,2.0,1.27,2.23,1.28,1.91,14.23,7.93,0.83,4.98,3.98
design_7612,1.49,2.14,1.98,2.27,1.09,1.88,1.28,1.86,8.24,5.75,0.83,9.1,6.94
design_7613,1.39,2.49,2.79,2.2,1.13,1.99,1.35,2.1,17.19,8.9,0.85,10.9,7.64
design_7614,1.44,2.32,1.87,1.85,1.37,2.42,1.24,1.96,15.59,8.37,0.83,7.35,5.74
design_7615,1.47,2.6,1.77,2.03,1.27,2.24,1.28,1.96,16.99,8.85,0.84,17.4,13.57
design_7616,1.33,3.39,3.85,2.44,1.36,1.21,1.37,2.51,17.19,8.79,0.86,28.92,25.7
design_7617,1.54,3.84,3.19,2.59,1.33,1.21,1.5,2.5,18.64,9.21,0.86,37.92,22.88
design_7618,1.51,3.98,3.17,2.49,1.48,1.23,1.5,2.52,17.75,9.0,0.85,40.5,32.6
design_7619,1.67,3.6,3.35,2.76,1.37,1.37,1.51,2.54,19.56,9.47,0.86,40.54,24.27
design_7620,1.15,3.42,5.08,2.42,1.22,0.84,1.52,2.84,15.6,8.08,0.85,26.57,23.17
design_7621,1.52,3.79,4.57,2.66,1.45,0.97,1.61,2.85,17.57,8.82,0.86,31.2,24.0
design_7622,1.28,3.54,3.59,2.48,1.33,0.98,1.45,2.46,17.49,8.88,0.86,22.36,9.69
design_7623,1.59,3.69,3.32,2.43,1.46,1.2,1.47,2.48,18.72,9.12,0.86,24.65,18.53
design_7624,0.84,1.76,1.2,1.73,0.81,8.16,2.15,4.36,17.78,9.27,0.84,26.65,20.28
design_7625,1.07,1.7,2.09,1.79,1.04,8.19,2.2,4.45,18.47,9.48,0.84,28.85,24.2
design_7626,0.89,1.64,0.79,2.26,0.81,8.16,2.16,4.39,15.93,8.56,0.83,10.17,8.11
design_7627,1.18,1.57,2.5,1.79,0.84,7.95,2.16,4.36,18.04,9.23,0.84,34.04,25.05
design_7628,1.02,1.72,2.31,1.88,0.95,8.36,2.24,4.55,17.1,8.92,0.84,27.07,19.88
design_7629,0.86,1.91,0.96,1.69,0.9,7.75,2.06,4.16,18.04,9.19,0.85,24.72,17.75
design_7630,0.88,1.79,0.94,1.79,0.76,8.13,2.15,4.34,17.95,9.24,0.84,17.46,13.29
design_7631,1.13,1.29,1.97,1.73,0.95,8.23,2.18,4.43,17.47,9.05,0.84,15.43,16.51
design_7632,1.45,1.79,1.33,2.32,1.25,2.99,1.41,2.05,17.24,8.94,0.84,11.94,9.5
design_7633,1.59,1.99,1.13,2.16,1.4,2.87,1.43,2.01,18.35,9.34,0.85,15.04,9.97
design_7634,1.87,2.1,1.15,2.7,1.39,2.01,1.51,1.93,16.44,8.55,0.84,31.27,23.4
design_7635,1.4,1.7,1.37,2.08,1.15,2.65,1.32,1.88,17.74,9.1,0.85,10.73,9.51
design_7636,1.73,1.99,1.03,2.54,1.3,2.34,1.46,1.93,16.15,8.59,0.84,6.0,6.69
design_7637,1.61,1.97,1.31,2.38,1.31,2.32,1.43,1.9,16.65,8.74,0.84,8.04,6.12
design_7638,1.39,1.8,1.1,2.35,1.08,2.53,1.36,1.86,16.77,8.77,0.85,13.21,10.51
design_7639,1.68,1.98,1.11,2.6,1.11,2.37,1.43,1.93,15.72,8.34,0.84,6.0,5.63
design_7640,0.96,1.85,1.77,1.73,1.91,2.0,1.13,1.73,15.61,8.24,0.84,30.45,25.04
design_7641,0.85,1.68,2.11,1.7,2.43,2.02,1.15,1.85,11.49,6.75,0.83,32.79,26.42
design_7642,1.1,2.12,1.69,2.25,1.72,2.14,1.19,1.88,15.88,8.3,0.84,30.57,23.26
design_7643,0.96,1.77,1.86,1.62,2.33,2.0,1.11,1.79,10.37,6.42,0.83,33.4,27.19
design_7644,0.99,1.81,1.93,1.83,2.15,2.25,1.2,1.86,13.02,7.26,0.84,34.12,27.62
design_7645,1.04,1.9,2.18,2.01,1.61,2.08,1.22,1.85,16.64,8.6,0.84,27.81,22.41
design_7646,1.12,1.82,1.96,1.86,1.35,2.05,1.16,1.73,17.49,8.83,0.85,19.21,15.75
design_7647,1.02,1.65,1.56,1.78,1.61,1.57,1.11,1.55,17.17,8.79,0.84,32.05,22.66
design_7648,1.08,1.87,1.12,1.75,1.01,1.97,1.07,1.51,17.11,8.74,0.85,20.05,13.68
design_7649,1.01,1.6,0.96,1.69,1.1,2.16,1.04,1.48,17.94,8.98,0.85,19.2,17.15
design_7650,1.18,2.01,1.04,1.95,1.17,1.47,1.12,1.49,17.28,8.7,0.85,18.68,10.57
design_7651,1.1,1.86,1.04,1.74,1.32,2.01,1.07,1.54,18.25,9.15,0.85,17.92,17.74
design_7652,1.18,2.02,0.99,1.79,1.36,1.87,1.04,1.55,16.6,8.23,0.87,27.63,21.43
design_7653,1.11,1.91,1.11,1.92,1.17,1.57,1.09,1.48,18.26,9.1,0.86,22.85,16.97
design_7654,1.01,1.95,1.07,1.73,1.18,2.05,1.07,1.54,17.65,8.9,0.85,16.93,14.69
design_7655,1.1,1.77,1.0,2.0,1.3,1.68,1.08,1.49,16.84,8.55,0.85,11.27,9.67
design_7656,1.36,2.57,1.65,2.24,1.25,2.1,1.27,1.92,18.3,9.25,0.85,39.23,29.82
design_7657,1.33,2.44,2.08,1.86,0.94,1.74,1.27,1.8,18.72,9.1,0.85,43.35,31.31
design_7658,1.32,2.47,1.85,2.0,1.27,2.21,1.31,1.91,16.09,8.43,0.85,31.76,24.03
design_7659,1.4,2.53,1.52,1.87,1.36,2.13,1.24,1.84,18.18,9.17,0.85,32.5,24.73
design_7660,1.3,2.27,1.97,2.16,1.02,2.14,1.29,1.89,14.16,7.69,0.84,32.9,24.79
design_7661,1.37,2.41,1.57,1.86,1.15,2.17,1.22,1.81,18.93,9.42,0.85,37.09,29.35
design_7662,1.16,2.13,1.44,1.97,0.99,2.38,1.19,1.77,16.36,8.52,0.85,31.36,24.12
design_7663,1.34,2.43,1.92,2.04,1.15,2.09,1.32,1.89,14.8,7.89,0.85,31.52,24.08
design_7664,1.45,2.65,2.27,2.37,1.66,1.77,1.43,2.09,7.88,5.17,0.85,8.46,5.2
design_7665,1.45,3.01,2.43,2.39,1.45,1.5,1.48,2.16,8.21,5.32,0.85,8.65,5.44
design_7666,1.38,2.93,2.38,2.21,1.25,1.33,1.42,2.05,14.52,7.48,0.85,3.94,3.8
design_7667,1.26,2.61,2.32,2.09,1.29,1.41,1.33,1.95,15.14,7.84,0.85,3.82,3.82
design_7668,1.28,2.89,2.16,2.15,1.31,1.39,1.36,1.97,14.96,7.85,0.84,7.52,4.79
design_7669,1.36,2.51,3.2,2.09,1.21,1.13,1.44,2.21,14.99,7.5,0.87,21.7,15.09
design_7670,1.38,2.92,2.42,2.3,1.5,1.38,1.43,2.11,7.79,5.17,0.85,6.84,4.16
design_7671,1.34,3.1,2.91,2.46,1.31,1.66,1.49,2.32,16.37,8.16,0.86,10.7,6.0
design_7672,0.87,2.64,2.46,1.66,1.19,6.71,1.83,3.63,16.93,8.37,0.87,12.55,9.7
design_7673,0.9,2.75,1.31,1.72,1.11,6.58,1.78,3.49,16.97,8.57,0.86,16.14,11.79
design_7674,1.3,2.62,1.76,1.76,1.4,5.88,1.72,3.25,16.83,8.82,0.84,30.93,21.07
design_7675,0.88,2.38,2.53,1.67,0.96,2.17,1.22,1.91,16.73,8.66,0.85,16.6,13.06
design_7676,0.86,2.6,2.22,1.71,1.13,5.87,1.66,3.25,15.98,8.61,0.83,17.43,12.76
design_7677,0.9,2.59,2.34,1.59,1.2,6.79,1.83,3.65,16.31,8.19,0.86,16.59,12.13
design_7678,0.96,1.83,1.46,1.77,1.12,6.29,1.69,3.29,16.08,8.55,0.84,17.69,13.03
design_7679,1.22,2.54,1.39,1.62,1.01,1.8,1.19,1.67,15.98,8.6,0.83,19.07,13.24
design_7680,1.35,2.5,2.19,1.86,1.09,1.67,1.27,1.85,17.69,9.07,0.84,16.88,12.34
design_7681,1.27,2.42,2.22,1.85,1.07,2.06,1.25,1.9,15.82,8.02,0.86,5.48,4.19
design_7682,1.27,2.48,1.38,1.9,1.11,2.54,1.22,1.87,17.14,8.8,0.85,15.53,11.91
design_7683,1.32,2.36,1.89,1.9,1.32,2.17,1.24,1.87,15.32,8.19,0.84,9.62,6.99
design_7684,1.25,2.4,1.85,1.75,1.12,1.99,1.14,1.79,14.5,7.57,0.86,10.69,8.02
design_7685,1.12,2.31,1.97,1.65,0.95,2.34,1.1,1.83,15.04,8.11,0.84,7.76,6.02
design_7686,1.27,2.44,1.41,1.73,1.17,2.41,1.16,1.81,16.35,8.23,0.86,7.51,7.71
design_7687,1.26,2.41,2.2,1.85,1.02,2.01,1.21,1.88,16.4,8.17,0.87,15.09,11.55
design_7688,1.12,3.28,2.63,2.67,1.29,1.14,1.42,2.23,16.76,8.24,0.87,37.43,27.28
design_7689,1.26,3.02,2.65,2.44,1.14,1.05,1.32,2.12,17.64,8.64,0.87,16.5,13.3
design_7690,1.07,3.5,2.74,2.53,1.34,1.28,1.41,2.28,17.76,8.73,0.86,31.35,22.55
design_7691,1.01,2.53,2.63,2.6,1.36,1.11,1.29,2.04,16.66,8.18,0.87,35.55,28.59
design_7692,1.19,2.8,2.46,2.51,1.17,1.05,1.33,2.03,17.75,8.71,0.87,32.94,21.04
design_7693,1.17,2.9,2.6,2.4,1.22,1.11,1.31,2.07,17.65,8.68,0.86,30.43,24.77
design_7694,1.0,3.29,2.61,2.43,1.3,1.03,1.32,2.15,17.5,8.63,0.87,26.18,17.48
design_7695,0.97,2.59,2.27,2.81,1.21,1.16,1.35,2.01,16.36,8.16,0.87,41.66,29.32
design_7696,1.05,2.44,2.61,2.32,0.92,6.97,1.94,3.95,16.59,8.98,0.82,8.32,7.67
design_7697,1.09,2.57,2.62,2.55,0.86,7.79,2.11,4.36,17.1,9.09,0.83,25.61,22.04
design_7698,1.14,2.67,2.72,2.96,1.14,3.09,1.53,2.5,16.63,8.94,0.83,16.93,13.32
design_7699,1.16,2.46,2.64,2.52,0.91,7.92,2.14,4.42,16.42,8.82,0.83,5.25,6.07
design_7700,1.07,2.89,2.58,2.49,0.9,8.13,2.19,4.54,16.59,8.92,0.83,13.29,10.17
design_7701,1.03,2.74,2.49,2.46,0.87,8.12,2.16,4.51,16.74,8.91,0.83,26.8,21.52
design_7702,0.98,2.82,2.62,2.44,0.81,7.98,2.16,4.46,16.98,9.0,0.84,23.98,20.0
design_7703,1.09,3.25,2.53,2.97,1.3,3.1,1.57,2.59,16.46,8.87,0.82,31.61,25.26
design_7704,1.41,2.91,1.39,1.86,1.21,6.31,1.91,3.7,18.23,9.51,0.83,10.49,9.3
design_7705,1.45,2.9,2.09,1.75,1.0,2.41,1.32,2.08,17.73,9.55,0.82,6.23,7.12
design_7706,1.37,2.87,1.5,1.92,1.12,6.21,1.87,3.65,18.59,9.66,0.84,27.56,20.43
design_7707,1.14,2.48,2.59,1.71,0.89,5.1,1.66,3.15,16.76,8.98,0.83,9.66,8.43
design_7708,1.25,2.73,2.1,1.77,0.85,4.05,1.5,2.66,19.39,10.07,0.83,22.12,15.68
design_7709,1.42,2.9,1.39,1.82,1.09,6.26,1.89,3.66,18.33,9.59,0.83,17.49,14.22
design_7710,1.6,3.1,3.04,1.86,0.9,3.88,1.61,2.82,20.21,10.38,0.83,15.11,12.57
design_7711,1.49,3.0,1.65,2.21,1.15,6.27,1.91,3.73,17.82,9.54,0.82,7.83,7.77
design_7712,1.34,1.93,2.8,2.2,1.17,2.37,1.43,2.15,18.19,9.17,0.84,23.86,15.8
design_7713,1.41,2.13,3.06,2.37,1.38,2.99,1.59,2.43,18.29,9.22,0.84,25.64,15.07
design_7714,1.49,2.24,4.02,2.21,1.62,2.82,1.69,2.73,17.09,8.97,0.83,17.2,16.55
design_7715,1.3,2.21,3.12,2.35,1.02,2.17,1.48,2.27,17.01,8.71,0.84,14.67,12.31
design_7716,1.04,2.01,1.73,1.92,1.08,2.35,1.21,1.78,16.91,8.7,0.85,10.49,7.52
design_7717,1.17,2.1,2.66,2.28,1.2,2.33,1.4,2.12,19.04,9.38,0.85,32.74,23.09
design_7718,0.93,2.01,3.51,2.06,1.22,2.52,1.44,2.38,18.43,9.27,0.84,7.15,6.68
design_7719,1.1,1.82,2.47,2.3,1.25,2.44,1.38,2.05,16.65,8.52,0.85,35.5,21.08
design_7720,1.08,1.42,1.76,2.02,0.77,1.44,1.02,1.5,15.15,7.6,0.87,30.42,24.02
design_7721,1.14,1.32,1.78,1.66,0.69,1.37,0.9,1.41,15.28,7.78,0.87,25.71,19.6
design_7722,1.17,1.74,2.23,2.33,1.13,1.25,1.14,1.76,17.22,8.49,0.87,18.57,12.1
design_7723,1.21,1.43,1.71,1.62,0.71,1.27,0.94,1.4,16.01,7.95,0.87,34.94,25.73
design_7724,1.24,1.82,2.13,2.01,1.02,1.5,1.14,1.71,17.05,8.39,0.87,33.29,23.34
design_7725,1.35,1.46,1.68,1.63,0.87,1.21,0.93,1.42,15.22,7.75,0.87,31.94,24.26
design_7726,1.13,1.33,1.92,1.81,0.8,1.15,1.02,1.46,16.08,8.01,0.87,26.81,20.31
design_7727,1.19,1.7,2.12,2.25,0.78,1.39,1.09,1.7,17.92,8.94,0.86,17.43,11.53
design_7728,1.56,2.32,4.47,2.49,1.23,2.26,1.63,2.94,14.0,7.52,0.85,16.09,14.25
design_7729,1.2,2.5,4.68,2.22,0.93,2.16,1.64,2.97,18.95,9.36,0.85,29.91,22.92
design_7730,1.3,2.45,4.05,2.08,0.85,1.91,1.47,2.64,18.2,9.07,0.85,31.01,22.91
design_7731,1.21,2.09,4.49,1.88,0.94,2.16,1.54,2.8,19.03,9.26,0.86,26.45,18.83
design_7732,1.29,1.93,3.06,2.13,1.05,1.97,1.29,2.19,13.78,7.44,0.85,19.82,16.7
design_7733,1.59,2.31,4.36,2.48,1.13,2.28,1.62,2.89,14.21,7.56,0.85,18.95,15.91
design_7734,1.43,2.31,3.69,2.48,1.06,2.3,1.49,2.6,15.19,7.91,0.85,20.18,17.01
design_7735,1.48,2.35,2.74,2.25,1.22,2.3,1.41,2.23,17.87,8.8,0.86,26.46,20.47
design_7736,0.74,1.58,1.75,1.62,1.25,7.05,1.94,3.84,18.45,9.41,0.84,11.62,9.23
design_7737,0.8,1.59,1.7,2.16,1.09,6.99,1.95,3.85,18.66,9.45,0.84,21.22,15.77
design_7738,0.75,1.67,1.94,2.19,1.25,7.1,1.99,3.93,18.73,9.52,0.84,11.54,9.72
design_7739,0.68,1.49,1.87,2.03,1.19,7.14,1.97,3.92,18.57,9.46,0.84,9.83,7.16
design_7740,0.77,1.51,1.89,2.01,1.18,7.03,1.98,3.86,17.08,8.94,0.84,6.25,6.5
design_7741,0.77,1.45,1.82,1.6,1.15,6.95,1.93,3.79,16.69,8.79,0.83,6.13,7.03
design_7742,0.85,1.46,1.98,1.44,1.24,6.57,1.87,3.61,14.61,8.03,0.83,11.61,10.48
design_7743,0.7,1.44,2.02,1.42,1.18,7.07,1.94,3.85,18.6,9.5,0.84,7.5,7.27
design_7744,1.54,1.86,1.51,2.19,1.34,2.69,1.45,2.0,19.34,9.66,0.84,28.29,18.69
design_7745,1.2,1.41,0.95,1.88,1.21,2.75,1.28,1.8,19.27,9.78,0.83,27.84,21.04
design_7746,0.94,1.07,2.79,1.71,0.92,6.96,1.87,3.75,17.59,9.3,0.83,20.52,15.15
design_7747,0.96,1.46,4.46,1.85,0.93,6.86,1.99,4.01,17.57,9.35,0.82,22.31,17.1
design_7748,1.35,1.41,1.44,2.1,1.07,2.87,1.35,1.94,17.23,8.98,0.84,17.24,16.5
design_7749,1.29,1.5,1.51,2.14,1.02,2.85,1.39,1.95,16.64,8.66,0.84,22.0,16.48
design_7750,1.0,1.13,1.25,1.82,1.05,2.66,1.18,1.73,18.0,9.42,0.83,16.84,13.4
design_7751,0.86,1.05,0.8,1.78,1.05,2.33,1.05,1.53,17.51,9.51,0.82,6.71,5.48
design_7752,1.45,1.49,1.56,2.52,0.91,2.35,1.29,1.82,16.63,8.62,0.84,32.9,24.42
design_7753,1.07,1.54,1.35,1.81,1.02,2.32,1.2,1.6,18.39,9.49,0.83,16.45,13.38
design_7754,1.1,1.25,1.3,1.67,0.78,2.15,1.1,1.48,18.93,9.66,0.84,30.82,22.45
design_7755,1.54,1.49,2.74,1.74,0.97,2.54,1.3,2.1,15.96,8.66,0.83,31.37,23.0
design_7756,1.37,1.21,1.39,1.64,0.8,1.75,1.07,1.42,17.88,9.27,0.84,26.81,19.72
design_7757,0.93,1.51,0.93,1.93,1.13,2.15,1.17,1.49,18.68,9.47,0.84,14.66,11.19
design_7758,1.28,1.35,1.53,1.83,1.01,2.12,1.14,1.6,15.6,8.54,0.83,28.92,20.41
design_7759,0.8,1.19,2.04,2.04,0.8,1.91,1.09,1.66,17.2,8.91,0.84,15.25,9.6
design_7760,1.94,1.92,2.59,2.46,1.04,2.71,1.52,2.3,18.11,9.39,0.83,18.0,13.32
design_7761,1.82,1.88,1.57,2.37,0.98,2.88,1.44,2.1,16.02,8.59,0.83,14.43,11.79
design_7762,1.8,1.89,2.16,2.6,0.98,2.67,1.44,2.18,16.78,8.96,0.83,28.75,19.98
design_7763,1.77,1.9,2.46,2.38,1.08,3.43,1.5,2.47,17.93,9.12,0.85,20.12,16.88
design_7764,1.76,1.73,2.61,2.33,1.1,2.58,1.41,2.21,18.37,9.39,0.84,22.31,16.52
design_7765,1.93,1.81,2.18,2.43,1.03,2.68,1.42,2.17,18.6,9.51,0.83,13.98,8.59
design_7766,1.89,1.93,2.8,2.38,1.1,3.3,1.59,2.52,17.14,8.86,0.84,32.38,23.32
design_7767,2.08,1.95,2.16,2.38,0.88,2.91,1.47,2.26,15.8,8.51,0.83,20.03,12.23
design_7768,1.19,2.09,4.22,1.94,1.4,3.1,1.65,2.86,12.86,7.51,0.82,12.22,13.23
design_7769,1.43,2.08,3.05,2.05,1.12,2.48,1.47,2.3,18.73,9.63,0.84,20.01,12.41
design_7770,1.42,2.26,4.29,2.14,1.31,4.11,1.79,3.18,7.06,5.5,0.84,21.85,18.88
design_7771,1.56,2.28,3.1,2.25,1.29,4.34,1.69,2.88,17.81,9.19,0.84,10.84,7.44
design_7772,1.46,1.8,3.48,2.08,1.24,2.49,1.52,2.45,16.67,8.75,0.83,11.4,12.47
design_7773,1.47,2.16,3.39,2.12,1.31,3.32,1.58,2.65,17.91,9.33,0.83,17.07,12.96
design_7774,1.34,2.16,4.5,2.09,1.24,3.09,1.7,2.99,18.78,9.63,0.84,21.34,11.52
design_7775,1.72,2.33,3.13,2.27,1.37,3.08,1.64,2.57,14.63,8.13,0.82,16.13,13.64
design_7776,1.53,3.12,1.35,2.17,1.5,1.24,1.33,1.96,16.9,8.33,0.87,13.85,11.26
design_7777,1.2,2.45,1.66,2.63,1.02,1.0,1.3,1.82,15.54,7.78,0.87,12.88,7.91
design_7778,1.18,2.4,1.84,1.88,1.08,1.2,1.14,1.67,14.93,7.59,0.87,27.37,22.65
design_7779,1.17,2.34,0.8,2.42,1.04,0.98,1.23,1.65,16.3,8.05,0.88,17.68,11.08
design_7780,1.22,2.43,0.76,2.87,1.2,1.14,1.34,1.84,17.34,8.36,0.88,37.61,25.26
design_7781,1.31,2.59,0.75,2.12,1.05,1.14,1.18,1.66,15.76,7.95,0.86,21.11,16.59
design_7782,1.28,2.41,0.69,2.34,1.4,1.07,1.22,1.7,15.83,7.99,0.86,20.96,16.67
design_7783,1.02,2.22,0.85,2.63,1.09,1.14,1.23,1.69,15.78,7.95,0.86,8.66,6.89
design_7784,1.26,1.93,1.12,2.07,0.76,1.0,1.05,1.43,14.63,7.37,0.87,29.6,22.09
design_7785,1.2,1.74,2.61,1.93,0.85,1.0,1.15,1.82,14.56,7.35,0.86,13.05,9.66
design_7786,1.17,1.74,1.35,1.82,0.78,1.04,0.99,1.38,16.34,7.89,0.87,31.1,24.13
design_7787,1.57,1.95,1.66,1.84,1.01,1.07,1.12,1.59,17.85,8.6,0.88,27.74,19.85
design_7788,1.29,1.62,2.66,1.74,0.67,1.01,1.08,1.79,17.23,8.54,0.86,31.97,24.0
design_7789,1.22,1.89,1.22,2.01,0.73,1.07,1.08,1.43,14.84,7.36,0.87,28.64,20.18
design_7790,1.42,1.95,1.76,1.99,1.25,1.23,1.18,1.66,16.18,7.84,0.87,28.95,21.01
design_7791,1.39,1.57,2.8,1.71,1.39,0.92,1.12,1.89,14.32,7.36,0.86,28.56,20.83
design_7792,1.7,1.63,1.92,1.97,0.87,2.73,1.32,1.99,15.97,8.67,0.82,16.02,14.15
design_7793,1.62,1.36,3.14,1.78,0.96,1.77,1.31,2.04,18.27,9.59,0.83,13.36,7.3
design_7794,1.11,1.86,1.84,1.77,0.89,4.26,1.4,2.47,18.94,9.82,0.83,13.75,9.33
design_7795,1.39,2.43,2.26,2.04,0.93,1.87,1.32,1.92,17.62,9.4,0.82,12.78,9.67
design_7796,1.35,2.4,1.84,1.86,0.91,2.45,1.31,1.93,17.78,9.4,0.83,20.08,14.5
design_7797,1.51,2.09,3.38,2.32,1.19,2.2,1.54,2.36,16.94,8.64,0.85,30.71,23.84
design_7798,1.39,2.13,1.9,2.06,0.93,2.08,1.28,1.84,18.9,9.74,0.83,18.71,13.01
design_7799,1.71,2.36,3.6,2.19,1.0,1.86,1.5,2.39,18.74,9.38,0.85,18.5,14.42
design_7800,1.24,2.97,2.66,2.05,0.94,1.53,1.28,1.96,16.36,8.75,0.83,18.92,13.49
design_7801,1.34,3.13,2.37,2.44,1.12,1.65,1.42,2.07,16.16,8.6,0.84,31.43,23.35
design_7802,1.21,3.35,2.48,2.17,0.98,1.44,1.33,2.02,17.65,9.14,0.85,22.25,17.25
design_7803,1.24,3.08,2.43,2.06,1.01,1.56,1.28,1.96,17.01,8.95,0.85,6.91,5.93
design_7804,1.08,2.86,2.75,2.26,0.67,5.72,1.69,3.35,13.7,7.67,0.83,26.53,21.27
design_7805,1.01,3.03,2.55,2.36,0.93,6.41,1.82,3.66,17.64,9.08,0.85,25.2,20.6
design_7806,1.11,3.28,1.51,2.18,1.12,1.6,1.32,1.92,17.73,9.19,0.84,34.02,26.19
design_7807,1.17,3.5,1.52,2.11,1.17,1.63,1.32,1.98,18.07,9.34,0.85,26.91,21.54
design_7808,1.41,2.74,1.74,2.2,1.15,6.9,1.94,3.86,14.71,7.87,0.84,18.28,12.94
design_7809,1.21,2.84,1.79,1.86,1.19,6.74,1.91,3.77,15.11,8.05,0.84,19.15,13.82
design_7810,1.28,2.4,3.81,1.86,0.85,2.05,1.33,2.2,17.18,9.23,0.83,9.84,6.7
design_7811,1.45,2.48,3.64,1.76,1.02,2.08,1.33,2.19,17.0,9.19,0.82,21.12,15.79
design_7812,1.33,2.77,1.84,2.25,1.27,6.78,1.93,3.83,13.73,7.63,0.84,18.64,12.97
design_7813,1.39,2.63,1.63,2.28,1.16,7.17,1.98,3.98,17.25,8.92,0.85,16.86,12.2
design_7814,1.34,2.62,3.2,1.85,1.31,2.31,1.34,2.2,16.58,8.97,0.83,18.04,13.92
design_7815,1.42,2.7,1.68,1.95,1.22,7.68,2.08,4.2,17.71,9.04,0.85,20.17,13.86
design_7816,1.19,2.11,3.41,2.51,1.19,1.12,1.5,2.37,17.02,8.43,0.86,29.41,12.9
design_7817,1.05,1.75,2.5,2.13,1.27,0.97,1.27,1.87,16.21,8.02,0.86,23.9,18.85
design_7818,1.21,2.37,3.13,2.64,1.35,1.16,1.53,2.33,18.23,8.89,0.86,28.34,17.59
design_7819,1.02,2.16,3.12,2.31,1.67,1.04,1.42,2.24,18.52,8.9,0.86,33.75,25.82
design_7820,1.12,1.91,2.78,2.08,1.35,0.98,1.3,2.0,18.87,9.14,0.86,15.33,10.95
design_7821,0.95,2.01,3.66,2.18,1.26,1.04,1.47,2.4,8.09,5.2,0.86,30.34,22.13
design_7822,1.13,2.18,3.21,2.46,1.5,1.07,1.49,2.3,18.13,8.76,0.86,25.89,15.4
design_7823,1.09,1.97,3.33,2.14,1.2,0.96,1.39,2.24,17.97,8.8,0.86,31.93,21.89
design_7824,1.14,1.41,2.05,1.83,0.97,3.57,1.39,2.28,17.69,9.3,0.84,16.62,12.88
design_7825,1.27,1.61,2.04,1.93,1.1,3.62,1.45,2.35,16.89,8.79,0.84,12.91,9.98
design_7826,1.12,1.45,2.08,1.84,0.93,3.31,1.36,2.17,17.0,8.81,0.84,7.69,7.85
design_7827,1.23,1.74,2.03,2.23,1.02,4.06,1.57,2.59,17.99,9.16,0.84,27.86,15.93
design_7828,1.3,1.63,2.05,1.96,0.87,5.25,1.68,3.09,18.14,9.22,0.85,8.5,6.67
design_7829,1.38,1.83,1.99,2.11,1.02,4.45,1.61,2.76,18.49,9.36,0.85,28.32,16.83
design_7830,1.29,1.55,2.01,1.98,0.84,3.61,1.45,2.34,16.24,8.53,0.84,6.22,6.19
design_7831,1.26,1.29,1.98,1.8,1.12,5.08,1.63,2.97,15.66,8.28,0.84,4.76,5.23
design_7832,1.67,2.19,2.55,2.16,1.26,2.0,1.44,2.07,17.06,8.86,0.84,25.77,19.97
design_7833,1.59,2.37,3.63,2.06,1.16,1.68,1.51,2.35,19.05,9.5,0.84,12.4,8.29
design_7834,1.35,2.01,2.66,1.89,0.9,1.84,1.28,1.94,17.53,9.08,0.84,19.49,11.49
design_7835,1.79,2.58,3.22,2.18,1.15,1.97,1.55,2.33,18.57,9.42,0.83,25.59,16.59
design_7836,1.47,2.25,2.33,1.85,1.14,1.68,1.31,1.87,18.15,8.97,0.85,7.91,8.41
design_7837,1.6,2.23,2.43,2.05,1.27,2.03,1.4,2.02,16.69,8.8,0.84,30.52,22.83
design_7838,1.64,2.24,2.59,1.92,0.96,1.81,1.35,1.98,16.56,8.69,0.84,6.68,6.95
design_7839,1.31,2.26,2.5,2.31,1.26,2.51,1.49,2.14,19.21,9.5,0.85,8.94,6.24
design_7840,0.75,1.63,1.1,1.74,0.89,6.93,1.89,3.74,15.43,8.22,0.84,11.21,8.91
design_7841,0.74,1.57,1.2,1.74,0.98,7.27,1.99,3.92,17.32,9.0,0.84,13.35,10.33
design_7842,0.66,1.41,0.84,1.56,0.87,5.61,1.61,3.05,16.2,8.79,0.83,13.94,11.22
design_7843,0.76,1.39,2.49,1.66,1.15,3.5,1.33,2.28,9.45,6.46,0.82,16.84,12.83
design_7844,0.82,1.19,0.41,1.6,0.84,6.22,1.71,3.34,17.68,9.23,0.83,7.1,6.32
design_7845,0.95,1.36,0.43,2.1,0.85,5.95,1.68,3.26,17.48,9.16,0.83,17.75,13.91
design_7846,0.81,1.61,1.06,1.65,0.91,7.19,1.96,3.86,18.71,9.52,0.84,20.1,17.46
design_7847,1.09,1.56,1.09,1.78,1.29,3.33,1.35,2.09,12.11,7.29,0.82,16.95,12.81
design_7848,1.34,2.8,5.12,2.49,1.21,1.95,1.58,2.72,16.52,8.94,0.83,33.94,27.3
design_7849,1.97,3.47,1.13,2.48,1.72,4.69,1.7,2.99,16.35,8.94,0.82,21.04,17.25
design_7850,1.86,3.12,2.57,2.39,1.15,2.01,1.43,2.24,13.65,7.77,0.82,20.78,16.62
design_7851,2.29,3.35,2.4,2.72,1.31,2.12,1.54,2.43,17.68,9.25,0.84,37.91,27.5
design_7852,1.23,2.63,4.36,2.46,1.49,2.1,1.51,2.53,15.46,8.65,0.82,33.87,26.62
design_7853,1.39,2.86,4.46,2.72,1.37,1.99,1.55,2.61,17.52,9.39,0.83,32.49,23.42
design_7854,1.93,2.89,4.45,2.91,1.42,4.32,1.81,3.26,17.43,9.31,0.82,32.72,24.25
design_7855,1.63,4.1,1.37,2.43,1.67,5.1,1.76,3.21,17.59,9.14,0.85,36.61,27.76
design_7856,1.59,1.95,2.21,2.44,1.44,1.97,1.46,2.01,15.94,7.93,0.87,13.62,8.68
design_7857,1.57,1.88,2.45,2.26,1.87,1.94,1.46,2.08,15.14,7.75,0.86,13.49,8.72
design_7858,1.31,2.03,0.77,2.5,1.46,1.49,1.24,1.6,18.55,8.96,0.87,12.62,8.33
design_7859,1.41,2.25,1.28,2.5,1.37,1.66,1.36,1.75,17.66,8.65,0.87,11.08,6.86
design_7860,1.44,1.89,0.89,2.34,1.8,1.66,1.31,1.64,17.79,8.62,0.87,35.9,24.82
design_7861,1.23,1.72,0.52,1.86,1.44,1.43,1.12,1.34,17.7,8.53,0.87,12.86,8.11
design_7862,1.46,1.9,1.71,2.45,1.3,1.61,1.33,1.78,15.25,7.73,0.86,10.71,7.35
design_7863,1.3,1.87,0.61,1.96,1.54,1.52,1.18,1.43,18.0,8.58,0.88,29.31,18.88
design_7864,1.42,2.29,1.47,2.18,0.94,2.32,1.28,1.84,18.02,9.17,0.84,21.27,16.36
design_7865,1.7,2.56,1.62,2.13,1.12,2.23,1.4,1.94,17.21,8.81,0.84,35.01,25.64
design_7866,1.51,2.6,2.2,2.01,1.28,2.54,1.44,2.1,14.5,7.9,0.83,26.04,19.99
design_7867,1.35,2.37,1.8,2.02,1.16,2.39,1.31,1.91,16.59,8.56,0.84,24.52,19.87
design_7868,1.89,2.56,2.83,2.33,1.07,2.0,1.52,2.24,19.21,9.45,0.86,16.44,10.68
design_7869,1.88,2.45,0.92,2.46,1.14,1.75,1.39,1.81,18.71,9.27,0.85,28.39,20.33
design_7870,1.51,2.47,3.15,1.99,0.96,2.36,1.44,2.29,18.24,9.21,0.84,12.9,6.66
design_7871,1.69,2.49,1.73,2.09,1.09,2.04,1.38,1.9,18.53,9.31,0.84,10.44,7.49
design_7872,1.42,1.95,1.3,2.97,0.92,2.74,1.45,2.06,15.33,8.03,0.85,30.81,23.39
design_7873,1.25,1.88,1.27,2.82,1.22,2.97,1.47,2.07,16.48,8.53,0.85,15.16,10.63
design_7874,1.56,1.63,0.82,2.95,1.45,3.34,1.46,2.19,15.23,8.13,0.84,33.44,25.42
design_7875,1.37,2.05,1.46,2.34,1.14,4.91,1.48,2.65,17.27,8.79,0.86,14.54,10.13
design_7876,1.19,1.58,1.28,2.53,0.88,3.02,1.32,1.95,18.01,8.98,0.85,30.64,22.47
design_7877,1.33,1.62,0.78,2.66,1.29,3.19,1.35,2.03,14.3,7.83,0.84,32.45,24.73
design_7878,1.4,1.75,1.27,3.14,0.99,2.82,1.44,2.09,16.73,8.62,0.85,35.54,26.65
design_7879,1.56,2.0,1.24,2.95,1.19,2.77,1.46,2.09,16.22,8.44,0.84,19.18,13.83
design_7880,1.46,2.07,0.73,2.21,0.97,1.01,1.2,1.55,16.13,7.91,0.87,25.05,19.01
design_7881,1.27,2.28,0.82,2.1,1.17,1.08,1.2,1.58,16.46,8.05,0.88,32.86,24.72
design_7882,1.49,2.35,0.97,2.01,1.0,0.98,1.18,1.59,16.31,8.16,0.87,11.14,9.92
design_7883,1.34,2.08,0.66,1.82,1.1,1.1,1.07,1.45,16.52,8.17,0.87,32.08,24.55
design_7884,1.0,2.16,0.73,1.89,0.88,1.16,0.99,1.43,15.28,7.74,0.87,13.84,9.18
design_7885,1.51,2.03,0.82,1.75,0.84,1.18,1.08,1.45,16.31,8.39,0.85,13.51,9.07
design_7886,1.3,2.3,0.69,2.01,1.24,1.05,1.16,1.56,15.26,7.94,0.85,30.27,24.04
design_7887,1.53,2.63,0.99,2.06,1.11,1.3,1.27,1.73,16.32,8.15,0.86,31.73,23.31
design_7888,1.45,3.11,2.46,2.25,1.21,5.73,1.89,3.5,18.89,9.89,0.83,11.02,9.73
design_7889,1.9,2.93,3.03,2.83,1.41,2.77,1.68,2.59,17.65,9.31,0.83,23.72,18.67
design_7890,1.56,2.99,2.58,2.36,1.28,7.98,2.27,4.55,17.24,8.8,0.85,10.91,11.29
design_7891,1.72,2.91,3.07,2.59,1.27,2.38,1.57,2.42,17.61,9.38,0.83,12.01,11.42
design_7892,1.69,2.85,2.33,2.33,1.33,2.51,1.48,2.27,17.03,9.24,0.83,8.58,8.31
design_7893,1.48,3.0,2.74,2.39,1.28,7.87,2.27,4.51,18.09,9.2,0.85,11.14,9.34
design_7894,1.62,3.16,2.84,2.17,1.22,4.97,1.79,3.24,17.01,9.21,0.82,12.63,11.91
design_7895,1.62,3.17,2.76,2.33,1.29,7.79,2.28,4.49,16.7,8.65,0.84,25.55,18.97
design_7896,1.78,2.75,1.91,3.27,1.6,1.31,1.48,2.24,17.4,8.81,0.85,32.71,26.33
design_7897,1.71,2.51,1.81,2.63,1.19,1.13,1.29,1.94,17.35,8.86,0.86,32.62,26.54
design_7898,1.55,2.62,1.76,2.79,1.58,1.15,1.33,2.02,17.99,9.12,0.85,29.32,24.28
design_7899,1.63,2.8,1.39,2.89,1.36,1.36,1.37,2.05,17.55,8.98,0.85,32.53,26.85
design_7900,1.92,2.68,2.0,2.87,1.65,1.19,1.36,2.15,17.7,8.99,0.86,28.75,24.26
design_7901,1.85,2.72,2.17,2.94,1.62,1.26,1.44,2.19,13.72,7.48,0.85,4.05,3.06
design_7902,1.61,2.65,1.4,2.87,1.6,1.25,1.35,2.03,17.94,9.06,0.85,30.63,25.8
design_7903,1.49,3.03,1.13,2.9,1.52,1.21,1.4,2.07,17.15,8.67,0.86,13.73,10.91
design_7904,1.73,3.12,1.7,3.2,1.71,1.32,1.49,2.29,17.48,8.86,0.85,20.73,16.78
design_7905,1.87,3.51,2.02,2.96,1.57,1.27,1.49,2.35,17.45,8.85,0.85,20.69,16.93
design_7906,1.85,3.14,2.09,3.07,1.49,1.37,1.42,2.3,17.22,8.77,0.85,16.4,13.65
design_7907,1.93,3.44,2.12,2.85,1.5,1.45,1.48,2.34,17.2,8.86,0.85,34.06,27.55
design_7908,1.86,3.18,2.02,3.02,1.54,1.36,1.45,2.29,16.89,8.61,0.85,22.7,19.03
design_7909,1.49,3.07,1.82,2.95,1.33,1.13,1.38,2.13,16.88,8.67,0.85,34.62,27.25
design_7910,1.85,3.21,2.04,3.07,1.53,1.18,1.45,2.29,16.65,8.46,0.86,31.16,24.66
design_7911,1.81,3.22,1.93,3.0,1.5,1.37,1.47,2.27,15.22,8.15,0.85,21.42,14.19
design_7912,1.57,1.89,1.03,2.67,1.21,2.63,1.52,1.98,14.91,8.08,0.84,8.64,9.63
design_7913,1.14,1.77,1.03,2.89,1.04,1.96,1.33,1.78,19.46,9.5,0.85,38.96,26.21
design_7914,1.37,1.91,1.02,2.99,1.3,2.3,1.5,1.95,17.66,8.96,0.85,15.18,10.42
design_7915,1.62,2.16,1.11,3.04,1.56,1.79,1.56,1.96,19.58,9.43,0.85,26.88,16.44
design_7916,1.34,1.75,0.96,3.04,1.29,2.37,1.47,1.95,17.71,9.03,0.84,19.96,12.33
design_7917,1.49,2.04,1.02,2.86,1.32,2.4,1.56,1.98,16.68,8.62,0.84,28.35,21.87
design_7918,1.3,1.94,0.88,3.01,1.37,2.27,1.5,1.94,18.76,9.3,0.85,25.03,14.57
design_7919,1.41,1.99,1.09,3.03,1.27,2.42,1.55,2.01,18.56,9.22,0.85,20.04,10.73
design_7920,1.2,2.26,2.5,2.5,1.79,1.03,1.34,2.05,16.88,8.43,0.86,25.55,15.47
design_7921,1.81,2.48,2.94,3.35,1.87,1.4,1.66,2.5,14.84,7.41,0.87,27.39,18.33
design_7922,1.7,2.69,3.27,3.16,1.76,1.27,1.66,2.55,17.13,8.29,0.87,36.7,26.13
design_7923,1.83,2.86,1.65,2.99,1.99,1.36,1.54,2.18,16.84,8.14,0.87,35.08,25.8
design_7924,1.99,2.7,2.53,3.29,1.85,1.66,1.64,2.45,17.63,8.29,0.89,37.45,28.0
design_7925,1.45,2.64,2.84,2.88,1.88,1.2,1.55,2.34,17.08,8.24,0.88,36.2,26.64
design_7926,2.29,2.89,2.51,3.38,2.03,1.65,1.73,2.56,16.02,7.75,0.88,32.49,23.42
design_7927,1.67,2.63,2.8,3.11,1.84,1.24,1.57,2.4,17.07,8.2,0.88,29.86,20.7
design_7928,1.47,1.2,3.23,1.67,1.19,1.8,1.38,2.13,15.87,8.55,0.82,12.64,11.82
design_7929,1.48,1.14,1.97,1.86,0.83,2.35,1.18,1.76,16.32,8.6,0.83,9.36,8.25
design_7930,1.89,1.64,1.8,2.26,0.91,2.78,1.47,1.99,15.76,8.45,0.83,21.0,14.16
design_7931,1.45,0.97,1.56,1.88,0.84,4.13,1.29,2.15,6.35,4.97,0.85,6.18,3.86
design_7932,1.97,1.67,1.91,2.21,1.12,3.12,1.51,2.12,17.32,9.08,0.83,30.48,23.58
design_7933,1.8,1.39,2.25,1.89,1.24,2.85,1.42,2.06,13.01,7.71,0.81,3.18,3.04
design_7934,1.49,1.29,2.01,1.74,0.96,2.53,1.23,1.82,17.84,9.11,0.84,18.6,14.61
design_7935,1.89,1.51,1.99,1.88,0.96,2.7,1.36,1.95,15.78,8.58,0.83,13.04,7.39
design_7936,1.25,1.33,2.72,2.84,1.69,1.73,1.47,2.09,17.87,8.99,0.85,27.04,20.16
design_7937,0.93,0.9,4.84,2.21,1.26,2.09,1.55,2.74,14.14,7.7,0.85,10.37,9.34
design_7938,1.13,1.16,3.21,2.66,1.19,1.89,1.43,2.18,16.56,8.47,0.85,6.24,8.01
design_7939,0.87,0.92,3.8,2.19,0.82,2.01,1.39,2.29,17.52,8.84,0.85,11.87,12.19
design_7940,1.11,1.09,3.16,2.17,1.0,2.13,1.35,2.11,18.61,9.39,0.84,20.92,15.4
design_7941,1.05,1.28,2.47,2.35,0.99,2.24,1.32,1.96,19.2,9.78,0.84,20.6,14.32
design_7942,1.23,1.3,3.6,2.58,1.06,2.18,1.48,2.37,17.47,9.06,0.83,31.03,23.07
design_7943,1.16,1.08,3.38,2.35,1.33,1.93,1.39,2.2,17.0,9.01,0.83,12.65,9.08
design_7944,1.45,1.92,3.08,2.04,1.11,1.09,1.34,2.13,19.6,9.47,0.85,30.12,22.76
design_7945,1.46,1.84,3.69,1.97,1.42,0.96,1.4,2.39,18.01,8.67,0.87,25.07,15.95
design_7946,1.68,2.14,2.11,2.14,1.34,1.46,1.33,1.89,17.74,8.51,0.87,24.7,16.46
design_7947,1.63,2.04,1.87,2.07,1.25,1.49,1.26,1.77,17.94,8.76,0.86,23.4,13.03
design_7948,1.47,2.25,3.07,2.38,1.31,0.96,1.39,2.23,17.65,8.5,0.87,34.28,22.08
design_7949,1.66,2.05,2.28,2.24,1.07,1.35,1.34,1.92,16.11,8.06,0.85,13.08,7.7
design_7950,1.81,2.14,2.27,2.23,1.2,1.3,1.37,1.95,17.77,8.61,0.86,15.97,9.76
design_7951,1.66,1.76,1.93,2.11,1.12,1.22,1.24,1.73,16.01,7.95,0.86,23.29,12.13
design_7952,1.43,2.04,1.55,2.1,1.14,2.86,1.34,2.01,15.21,8.19,0.84,34.48,25.91
design_7953,1.28,2.31,1.65,2.08,1.33,2.89,1.37,2.08,13.14,7.4,0.84,29.64,23.38
design_7954,1.33,1.94,1.55,2.09,1.38,3.0,1.36,2.06,13.04,7.42,0.83,30.6,24.03
design_7955,1.41,2.2,1.65,2.25,1.08,3.28,1.43,2.21,13.81,7.73,0.83,32.35,24.75
design_7956,1.63,2.24,1.38,2.26,1.25,3.02,1.45,2.13,14.95,8.08,0.84,33.56,25.77
design_7957,1.32,1.93,1.41,2.02,1.28,3.09,1.33,2.04,13.93,7.76,0.84,33.8,25.4
design_7958,1.59,2.18,1.51,2.24,1.13,3.03,1.42,2.13,14.42,7.89,0.84,34.67,25.94
design_7959,1.4,2.24,1.83,2.2,1.09,3.28,1.43,2.23,15.96,8.41,0.84,31.09,25.04
design_7960,1.16,2.38,2.96,1.75,0.94,1.94,1.28,2.06,19.45,9.75,0.85,25.22,18.68
design_7961,1.35,1.81,1.96,1.94,1.03,1.93,1.32,1.75,18.78,9.39,0.85,21.26,17.23
design_7962,0.82,1.26,1.68,1.52,0.86,2.79,1.16,1.72,15.85,8.46,0.84,14.19,13.46
design_7963,1.24,2.33,1.85,1.79,0.67,2.29,1.2,1.83,18.74,9.53,0.84,8.77,8.46
design_7964,1.14,2.38,2.33,2.02,0.93,1.79,1.27,1.89,18.8,9.31,0.85,9.51,9.74
design_7965,1.32,1.79,2.17,1.95,0.67,1.44,1.21,1.68,18.99,9.37,0.84,35.25,21.4
design_7966,1.05,2.18,1.51,1.59,0.78,1.61,1.1,1.52,17.91,8.84,0.84,32.21,19.77
design_7967,1.38,1.88,1.91,2.01,0.86,1.48,1.21,1.66,18.64,9.18,0.85,32.67,20.99
design_7968,1.48,2.51,2.03,2.04,1.19,3.05,1.41,2.28,17.16,9.15,0.82,30.02,22.74
design_7969,1.59,2.54,2.14,2.29,2.41,3.66,1.64,2.68,7.73,5.59,0.84,15.74,13.32
design_7970,1.37,2.18,2.17,1.84,1.0,4.03,1.5,2.6,19.06,9.74,0.84,18.28,12.37
design_7971,1.67,2.06,1.58,1.88,0.97,3.76,1.45,2.42,18.08,9.48,0.83,21.63,11.6
design_7972,1.15,1.95,1.27,1.8,0.92,3.47,1.32,2.19,17.09,9.19,0.82,5.93,4.94
design_7973,1.42,2.41,1.91,1.86,1.03,3.2,1.36,2.26,18.25,9.55,0.82,11.15,11.45
design_7974,1.44,2.37,1.44,1.67,0.95,2.58,1.24,1.93,18.34,9.63,0.83,30.2,23.71
design_7975,1.56,2.61,1.86,2.12,1.01,3.39,1.5,2.4,17.51,9.29,0.82,31.93,23.15
design_7976,1.11,3.2,2.87,2.32,0.98,7.44,2.06,4.26,16.13,8.75,0.83,11.58,10.07
design_7977,1.27,3.56,2.94,2.41,1.38,3.42,1.53,2.72,17.19,9.17,0.83,28.37,22.09
design_7978,1.17,3.53,2.77,2.61,1.1,7.77,2.18,4.47,16.44,8.76,0.83,32.1,25.04
design_7979,1.17,3.37,2.77,2.76,1.02,8.28,2.27,4.71,15.98,8.16,0.86,8.37,8.37
design_7980,1.11,3.63,2.42,2.52,1.13,4.5,1.64,3.06,17.02,9.15,0.82,7.88,7.2
design_7981,1.08,3.13,2.72,2.3,0.98,7.72,2.09,4.37,17.12,9.04,0.84,28.92,23.23
design_7982,1.26,2.89,2.76,2.25,0.91,6.18,1.82,3.65,16.36,8.92,0.82,5.11,5.3
design_7983,1.15,3.48,2.9,2.59,0.98,7.53,2.14,4.36,16.53,8.84,0.82,29.97,24.13
design_7984,1.62,2.74,1.8,2.07,1.14,8.51,2.34,4.86,17.81,9.52,0.83,34.24,26.8
design_7985,1.95,2.84,2.4,2.12,1.44,7.82,2.24,4.59,17.7,9.43,0.82,24.53,19.49
design_7986,1.29,2.65,1.71,2.16,1.31,8.66,2.38,4.92,18.19,9.64,0.82,32.99,25.18
design_7987,1.43,2.56,1.75,2.15,1.21,8.71,2.38,4.94,17.44,9.39,0.83,32.43,24.54
design_7988,1.44,2.81,1.68,2.14,1.18,8.84,2.41,5.02,18.34,9.82,0.82,26.03,19.74
design_7989,1.32,2.63,1.03,2.43,0.99,9.0,2.45,5.08,17.83,9.46,0.82,35.03,25.58
design_7990,1.56,2.47,2.44,2.09,1.06,5.79,1.78,3.54,17.98,9.62,0.83,34.89,26.97
design_7991,1.65,3.11,2.04,2.45,1.55,9.32,2.6,5.35,16.95,9.13,0.83,37.87,28.21
design_7992,0.72,1.54,2.77,2.15,1.12,2.27,1.19,1.92,16.77,8.62,0.85,6.86,5.18
design_7993,1.08,2.28,1.61,1.76,1.34,1.75,1.17,1.67,17.63,8.97,0.85,9.54,8.39
design_7994,0.84,1.81,2.65,1.79,1.27,1.44,1.16,1.74,14.7,8.03,0.83,9.03,4.97
design_7995,0.87,2.24,1.33,1.72,1.3,2.14,1.17,1.66,16.62,8.65,0.85,11.53,8.99
design_7996,1.14,1.89,1.58,2.02,1.38,2.35,1.34,1.78,17.17,8.64,0.85,27.76,14.27
design_7997,0.87,2.03,2.02,1.63,1.04,1.76,1.15,1.62,15.63,8.25,0.85,11.82,8.12
design_7998,1.05,1.87,1.78,1.64,1.0,1.56,1.08,1.52,17.7,8.84,0.85,8.41,8.5
design_7999,1.33,2.49,1.89,2.32,1.44,2.24,1.2,2.0,14.32,7.85,0.84,11.48,9.18
