tag,framework_aligned_H1_rmsd,framework_aligned_H2_rmsd,framework_aligned_H3_rmsd,framework_aligned_L1_rmsd,framework_aligned_L2_rmsd,framework_aligned_L3_rmsd,framework_aligned_antibody_rmsd,framework_aligned_cdr_rmsd,interaction_pae,pae,pred_lddt,target_aligned_antibody_rmsd,target_aligned_cdr_rmsd
design_0000,1.09,2.1,2.61,1.81,1.28,2.11,1.2,2.0,15.16,8.7,0.85,8.54,5.99
design_0001,0.95,1.9,2.73,2.16,0.84,2.14,1.18,2.03,15.73,8.97,0.86,10.92,7.64
design_0002,1.12,2.03,2.31,1.71,0.96,2.0,1.14,1.83,11.86,7.12,0.86,8.76,5.92
design_0003,0.97,1.8,3.4,1.47,0.88,1.61,1.23,2.13,15.04,8.61,0.85,23.61,17.84
design_0004,1.12,2.09,2.86,1.89,1.4,1.96,1.28,2.09,15.64,8.85,0.85,29.25,19.97
design_0005,1.0,2.01,3.19,2.39,0.99,2.09,1.3,2.26,13.91,8.29,0.84,12.95,8.66
design_0006,1.04,1.9,4.89,1.5,0.77,1.43,1.5,2.79,17.78,9.6,0.86,14.23,10.73
design_0007,1.17,2.11,2.8,1.89,1.05,2.04,1.28,2.06,13.85,7.98,0.86,28.13,19.06
design_0008,1.71,1.67,1.1,1.76,1.33,3.41,1.38,2.04,7.64,5.69,0.84,7.7,6.56
design_0009,1.09,1.87,1.55,1.58,0.96,4.28,1.39,2.35,19.1,10.41,0.86,20.65,15.26
design_0010,1.15,1.7,1.61,1.71,0.97,3.69,1.34,2.14,17.21,9.61,0.86,10.49,8.74
design_0011,1.34,2.07,1.65,1.69,0.94,3.32,1.37,2.08,17.42,9.71,0.86,13.91,10.01
design_0012,1.29,1.98,1.18,1.61,1.07,5.03,1.49,2.62,15.77,8.98,0.86,12.61,8.01
design_0013,1.45,2.34,1.69,1.73,1.09,3.45,1.4,2.18,17.81,9.88,0.86,15.83,12.33
design_0014,1.64,1.99,1.46,1.74,1.29,3.6,1.39,2.18,18.48,10.06,0.87,18.52,13.81
design_0015,1.43,2.11,1.06,1.59,1.14,4.87,1.49,2.57,16.76,9.48,0.86,9.5,6.12
design_0016,0.95,1.98,1.67,1.79,1.25,6.96,1.97,3.77,18.05,10.19,0.84,14.81,10.37
design_0017,1.06,2.07,3.31,1.92,1.4,5.14,1.79,3.27,16.41,9.47,0.84,27.11,20.41
design_0018,1.11,2.02,1.73,1.79,1.17,6.79,1.98,3.7,17.64,9.87,0.84,15.13,10.46
design_0019,1.04,2.06,2.38,1.58,0.89,5.36,1.69,3.12,15.57,9.24,0.83,12.15,9.93
design_0020,0.99,2.0,2.12,1.72,0.99,5.94,1.76,3.35,14.86,8.96,0.83,6.87,7.25
design_0021,0.99,2.16,1.77,1.78,1.16,6.4,1.87,3.53,15.13,8.96,0.83,9.6,6.93
design_0022,1.11,2.1,1.58,1.69,0.95,5.2,1.61,2.94,11.06,7.39,0.82,6.38,4.68
design_0023,1.13,2.3,1.84,1.88,1.15,6.34,1.93,3.53,15.6,9.09,0.84,11.83,9.35
design_0024,0.72,1.87,1.15,2.09,0.94,6.2,1.79,3.55,10.68,7.31,0.83,3.65,3.93
design_0025,1.66,2.94,1.35,3.03,1.56,3.58,1.78,2.7,9.43,6.44,0.84,11.28,6.96
design_0026,1.34,2.75,1.11,2.64,1.52,3.37,1.59,2.47,8.75,6.25,0.84,9.55,5.86
design_0027,1.2,2.29,0.88,2.8,1.47,3.85,1.59,2.61,17.21,9.78,0.85,15.31,12.17
design_0028,0.81,2.12,0.9,2.39,1.35,3.98,1.5,2.55,11.9,7.63,0.84,3.3,2.92
design_0029,1.14,2.38,0.97,2.5,1.44,3.88,1.56,2.59,14.74,8.82,0.84,6.81,5.52
design_0030,0.87,2.45,1.42,2.13,1.46,6.58,1.94,3.83,17.55,10.11,0.84,5.88,5.86
design_0031,0.81,2.42,1.04,2.4,1.44,4.1,1.56,2.66,15.61,9.14,0.85,3.41,3.98
design_0032,2.6,3.48,5.44,1.78,1.41,2.27,1.88,3.53,16.78,9.41,0.85,33.95,25.46
design_0033,3.1,3.37,8.76,1.92,1.37,2.98,2.63,5.18,18.11,9.94,0.85,34.25,23.21
design_0034,2.78,3.79,5.84,2.08,1.82,2.33,2.07,3.82,16.26,9.33,0.84,29.74,22.33
design_0035,2.97,4.34,5.17,2.12,1.8,2.41,2.01,3.65,16.64,9.46,0.85,28.59,21.44
design_0036,3.09,3.61,5.1,2.11,1.41,2.21,1.96,3.49,16.94,9.42,0.84,19.54,12.1
design_0037,3.32,3.94,5.02,2.19,1.58,2.01,2.0,3.54,17.47,9.62,0.85,21.55,15.75
design_0038,2.55,3.34,4.15,1.82,1.77,2.6,1.66,3.04,12.8,7.71,0.85,30.16,23.09
design_0039,2.58,4.07,4.64,2.18,1.64,2.28,1.84,3.33,18.06,10.15,0.84,34.17,24.7
design_0040,0.97,1.83,5.02,1.87,1.41,2.58,1.68,3.07,16.99,9.43,0.86,29.51,21.84
design_0041,0.91,1.88,3.51,1.99,0.86,2.08,1.41,2.32,17.26,9.63,0.85,14.27,9.31
design_0042,0.93,1.53,4.79,1.68,0.76,1.94,1.52,2.81,18.22,10.03,0.86,26.82,20.87
design_0043,0.98,1.61,3.7,1.82,0.88,2.01,1.38,2.36,16.47,9.35,0.85,9.08,7.22
design_0044,0.85,1.69,4.94,1.49,0.69,1.79,1.53,2.86,17.46,9.51,0.86,9.86,9.49
design_0045,1.31,1.44,5.79,1.59,0.78,1.5,1.64,3.26,16.0,9.05,0.86,16.75,11.15
design_0046,1.36,1.6,5.94,2.08,0.82,1.56,1.7,3.39,16.58,9.31,0.85,17.07,12.22
design_0047,0.97,1.65,5.73,1.86,0.96,2.55,1.8,3.36,17.45,9.68,0.86,21.37,13.7
design_0048,1.06,1.58,1.46,2.21,1.17,2.55,1.26,1.81,16.43,9.27,0.85,18.48,13.84
design_0049,1.09,1.53,2.31,2.23,0.97,2.65,1.35,2.02,16.68,9.34,0.85,21.79,16.35
design_0050,1.21,1.82,1.79,2.33,1.04,2.64,1.35,1.95,13.48,8.06,0.85,23.76,17.93
design_0051,1.01,1.63,1.57,2.28,0.85,3.04,1.31,1.97,15.22,8.85,0.85,6.06,5.02
design_0052,1.02,1.73,1.3,2.11,0.81,3.22,1.3,1.97,18.09,9.97,0.86,36.65,26.22
design_0053,1.07,1.9,0.93,2.33,1.15,2.6,1.32,1.8,15.25,8.72,0.85,10.9,9.96
design_0054,1.05,1.68,1.9,2.43,1.0,2.61,1.33,1.96,16.82,9.34,0.86,10.5,8.12
design_0055,1.04,1.41,1.89,2.13,1.06,2.73,1.28,1.91,16.96,9.43,0.86,32.28,23.34
design_0056,1.08,2.08,1.2,1.79,1.03,5.25,1.59,2.98,17.17,9.64,0.85,29.72,22.59
design_0057,0.95,1.8,2.02,1.97,1.21,3.09,1.31,2.11,18.14,10.03,0.86,26.88,22.31
design_0058,0.91,1.67,2.44,1.83,1.4,2.82,1.27,2.04,17.03,9.6,0.85,19.72,15.14
design_0059,0.88,1.72,1.54,1.86,0.95,5.78,1.64,3.21,16.84,9.37,0.87,24.91,19.95
design_0060,1.06,1.66,2.39,1.97,1.04,3.05,1.31,2.12,16.77,9.45,0.85,16.75,11.95
design_0061,0.94,1.88,0.99,1.64,0.98,4.68,1.43,2.66,15.74,9.12,0.84,25.26,18.09
design_0062,1.15,1.89,2.17,2.01,1.19,3.37,1.38,2.27,17.61,9.74,0.87,29.52,22.82
design_0063,0.8,1.5,2.26,1.58,0.94,3.05,1.16,2.0,16.94,9.69,0.85,12.35,8.62
design_0064,8.1,22.31,13.25,27.14,12.95,20.55,14.84,18.23,5.95,4.46,0.87,28.17,18.51
design_0065,8.17,20.26,12.38,26.86,10.71,20.02,14.61,17.36,10.99,6.5,0.87,28.53,18.87
design_0066,8.39,23.5,11.42,27.36,13.62,20.84,14.88,18.37,13.13,7.64,0.86,31.2,22.27
design_0067,8.16,23.81,11.65,27.25,12.85,20.86,14.88,18.34,16.17,8.96,0.87,28.05,18.49
design_0068,8.24,20.23,11.77,26.82,10.58,20.13,14.6,17.26,16.08,8.72,0.88,28.59,20.57
design_0069,8.1,22.45,11.19,27.25,12.32,20.68,14.78,17.93,13.42,7.9,0.85,28.28,17.73
design_0070,8.07,22.36,13.6,27.29,13.05,20.75,14.87,18.38,5.37,4.14,0.87,28.41,18.85
design_0071,8.16,21.66,12.09,27.24,11.99,20.61,14.73,17.87,9.43,5.95,0.86,27.48,17.05
design_0072,1.44,2.29,2.87,2.39,1.19,0.89,1.36,2.12,11.21,6.73,0.86,34.22,25.44
design_0073,1.3,2.37,2.45,2.62,1.05,0.85,1.34,2.01,10.27,6.24,0.87,37.79,27.82
design_0074,1.37,1.66,2.93,1.76,0.88,0.78,1.19,1.91,6.5,4.56,0.88,17.54,10.6
design_0075,1.55,2.22,2.18,2.41,1.35,0.93,1.37,1.92,9.55,5.99,0.87,5.48,3.59
design_0076,1.54,2.65,2.36,2.54,1.24,1.05,1.46,2.07,13.81,7.57,0.88,22.61,16.91
design_0077,1.55,2.38,1.83,2.96,1.25,1.04,1.45,1.98,18.49,9.81,0.87,27.08,20.67
design_0078,1.49,2.4,2.65,2.76,1.25,1.1,1.44,2.16,14.96,8.25,0.87,18.69,12.91
design_0079,1.43,2.32,2.01,2.3,1.16,0.86,1.26,1.83,16.92,9.08,0.88,11.6,7.86
design_0080,0.97,1.66,3.33,1.76,0.87,3.96,1.52,2.72,8.73,6.27,0.83,10.79,7.22
design_0081,0.87,1.48,2.92,1.9,0.63,3.96,1.37,2.59,8.35,6.1,0.83,8.8,5.85
design_0082,1.26,1.79,2.43,1.75,1.2,2.79,1.29,2.12,15.33,8.98,0.84,18.52,13.42
design_0083,1.1,1.79,2.43,1.85,1.04,2.44,1.29,2.0,17.69,9.8,0.86,30.71,23.3
design_0084,0.85,1.52,2.48,1.58,0.85,4.22,1.38,2.56,8.04,5.98,0.84,9.46,6.71
design_0085,1.53,2.29,1.66,2.03,0.92,3.67,1.47,2.35,14.25,8.59,0.83,19.63,11.07
design_0086,1.04,1.73,2.68,1.71,1.21,3.63,1.42,2.44,15.06,8.89,0.83,7.95,5.83
design_0087,1.4,2.02,1.88,1.89,0.91,3.23,1.41,2.17,15.9,9.31,0.83,31.95,22.4
design_0088,1.32,1.12,3.08,1.7,1.16,5.29,1.7,3.22,17.11,9.73,0.85,22.27,18.28
design_0089,1.31,1.22,1.98,1.72,1.13,3.64,1.38,2.32,17.48,9.93,0.84,32.49,24.02
design_0090,1.33,1.26,1.36,1.8,1.09,3.43,1.36,2.16,17.59,9.91,0.85,31.07,21.26
design_0091,1.09,1.26,2.72,1.68,0.83,3.14,1.32,2.21,17.38,9.84,0.85,22.29,16.1
design_0092,1.35,1.29,1.64,2.0,0.87,3.27,1.37,2.14,17.68,9.89,0.85,12.24,11.03
design_0093,1.07,0.9,2.96,1.53,0.81,4.17,1.43,2.65,18.05,10.22,0.85,11.47,13.15
design_0094,1.18,1.09,3.46,1.59,1.13,4.51,1.57,2.92,17.65,10.01,0.85,7.44,9.19
design_0095,1.18,0.97,3.33,1.63,0.91,3.39,1.35,2.43,18.08,10.25,0.85,14.69,11.94
design_0096,1.1,1.2,3.37,2.12,0.93,5.79,1.69,3.22,16.74,9.36,0.86,22.42,17.68
design_0097,1.05,1.23,3.37,2.02,1.0,5.86,1.66,3.24,13.89,7.99,0.87,22.57,18.2
design_0098,1.01,1.26,3.5,2.21,1.31,5.69,1.68,3.23,12.69,7.36,0.87,23.63,18.76
design_0099,1.14,1.55,3.14,2.29,1.04,2.75,1.4,2.2,18.08,10.02,0.87,17.84,16.63
design_0100,1.17,1.54,2.86,2.65,1.03,2.32,1.38,2.1,16.66,9.28,0.87,21.35,15.63
design_0101,1.07,1.64,3.32,2.44,0.76,6.94,1.91,3.71,16.6,8.62,0.9,22.14,18.22
design_0102,1.21,1.36,3.54,2.15,1.03,5.75,1.71,3.26,13.75,8.09,0.86,23.28,18.6
design_0103,1.21,1.15,3.4,2.11,1.24,5.56,1.65,3.15,12.84,7.66,0.86,24.28,19.36
design_0104,1.38,1.87,5.28,1.55,1.11,1.81,1.54,3.04,14.5,8.49,0.84,9.53,8.43
design_0105,1.3,2.36,3.52,2.27,1.42,2.12,1.59,2.47,12.59,7.5,0.85,14.6,9.73
design_0106,1.35,2.31,2.82,1.82,0.8,1.67,1.3,2.04,15.1,8.54,0.86,12.49,8.44
design_0107,1.34,2.63,3.09,2.22,1.21,2.35,1.45,2.36,17.94,9.7,0.87,14.37,11.57
design_0108,1.36,2.25,3.26,2.04,0.88,2.04,1.37,2.28,15.11,8.56,0.85,17.71,11.82
design_0109,1.6,2.62,2.56,1.88,1.06,2.07,1.38,2.1,16.21,9.08,0.86,14.52,11.18
design_0110,1.39,2.73,3.76,2.07,1.23,2.61,1.55,2.64,16.93,8.9,0.89,30.32,23.16
design_0111,1.58,2.24,2.87,1.73,0.94,1.86,1.3,2.09,16.07,9.1,0.85,9.2,8.39
design_0112,1.06,2.1,2.0,1.98,0.98,1.01,1.17,1.68,15.67,8.17,0.9,13.31,10.43
design_0113,1.18,1.93,1.63,2.18,1.5,1.01,1.15,1.64,8.87,5.43,0.88,7.9,5.31
design_0114,1.27,1.76,1.65,2.25,0.84,1.0,1.13,1.58,9.63,5.88,0.87,3.64,2.65
design_0115,1.45,2.24,3.2,2.74,1.07,1.06,1.48,2.35,10.75,6.2,0.88,8.59,5.4
design_0116,1.28,1.85,3.1,1.93,1.02,0.95,1.26,2.1,16.49,8.91,0.87,20.19,15.26
design_0117,1.92,2.14,3.04,2.83,1.11,0.99,1.49,2.35,9.62,6.03,0.86,25.75,18.76
design_0118,1.26,1.58,2.03,2.27,1.17,1.05,1.18,1.72,10.04,5.86,0.88,3.39,2.64
design_0119,1.24,2.44,2.17,2.19,1.27,0.95,1.23,1.88,15.07,8.01,0.89,31.16,22.64
design_0120,1.78,2.27,2.74,2.09,1.42,2.08,1.37,2.19,11.94,7.11,0.86,36.33,25.6
design_0121,1.54,2.18,3.06,2.02,1.77,2.14,1.39,2.29,16.81,9.13,0.87,33.89,26.14
design_0122,1.82,2.67,2.24,2.11,1.56,2.3,1.36,2.15,17.79,9.5,0.88,29.34,23.57
design_0123,1.48,2.09,1.95,2.05,1.78,2.0,1.23,1.91,14.78,8.24,0.87,30.04,22.13
design_0124,2.01,2.4,2.11,2.16,1.22,2.03,1.34,2.04,18.01,9.57,0.88,21.96,16.27
design_0125,1.76,2.33,3.79,2.23,1.38,2.3,1.52,2.62,17.55,9.42,0.88,32.44,24.93
design_0126,1.74,2.47,3.38,2.12,1.72,2.19,1.49,2.48,16.99,9.18,0.88,29.02,22.03
design_0127,1.73,2.33,3.65,2.21,1.37,2.69,1.55,2.62,17.52,9.33,0.88,10.8,11.53
design_0128,1.12,1.65,1.4,1.87,1.36,2.5,1.14,1.77,4.81,4.49,0.85,5.24,3.45
design_0129,0.92,1.94,1.8,1.91,1.38,2.56,1.2,1.9,6.54,5.26,0.84,5.7,3.72
design_0130,1.45,1.95,2.07,1.7,0.96,2.4,1.22,1.91,16.82,9.64,0.84,27.56,19.08
design_0131,1.04,2.16,7.23,1.96,0.83,7.58,2.57,5.2,15.68,9.03,0.84,29.37,18.26
design_0132,1.13,2.14,2.8,1.85,1.31,2.69,1.31,2.23,15.46,8.98,0.84,28.54,20.13
design_0133,1.34,1.83,1.71,1.83,1.08,2.65,1.19,1.89,14.4,8.59,0.84,30.27,21.6
design_0134,1.21,1.85,2.32,2.06,1.48,2.55,1.31,2.07,12.94,7.84,0.84,31.24,22.38
design_0135,1.35,1.92,2.25,1.67,1.04,2.39,1.21,1.94,18.68,10.41,0.84,22.72,16.01
design_0136,2.78,2.88,1.46,2.85,1.74,3.13,1.81,2.64,17.44,9.76,0.86,14.07,11.22
design_0137,2.83,2.88,1.19,2.95,1.63,2.9,1.78,2.58,16.69,9.46,0.86,16.17,12.94
design_0138,2.73,2.84,1.71,2.76,1.61,3.14,1.77,2.61,15.76,9.04,0.86,19.0,15.22
design_0139,2.85,3.06,1.26,2.82,1.88,4.5,1.92,3.08,17.13,9.66,0.86,29.72,22.65
design_0140,2.95,3.28,1.33,3.0,1.57,5.68,2.07,3.54,14.75,8.39,0.86,26.07,20.35
design_0141,2.69,3.21,1.15,2.79,1.78,4.63,1.91,3.1,16.11,9.22,0.85,25.13,19.26
design_0142,2.71,3.14,1.18,3.04,1.6,3.13,1.82,2.67,16.89,9.54,0.86,20.21,16.2
design_0143,2.76,2.77,1.12,2.72,1.58,3.09,1.72,2.54,16.75,9.5,0.86,17.87,14.31
design_0144,1.47,3.03,4.42,2.47,1.43,1.49,1.65,2.57,13.93,8.28,0.85,21.69,16.88
design_0145,1.18,3.29,3.37,2.18,1.0,5.11,1.8,3.25,17.21,9.62,0.86,13.72,10.93
design_0146,1.51,3.1,3.17,2.3,0.86,5.66,1.86,3.43,15.64,8.75,0.87,12.01,9.66
design_0147,1.18,3.22,3.25,2.29,1.0,5.6,1.86,3.42,15.21,8.62,0.86,9.35,7.56
design_0148,1.41,2.9,3.19,2.63,1.31,1.64,1.52,2.27,12.55,7.77,0.84,11.79,9.25
design_0149,1.44,2.85,1.78,2.36,1.1,2.1,1.4,2.02,12.25,7.63,0.84,5.48,4.45
design_0150,1.35,3.03,2.85,2.48,1.32,1.73,1.47,2.2,14.74,8.61,0.85,14.39,11.59
design_0151,1.51,3.06,2.21,2.21,1.18,5.63,1.79,3.29,13.22,7.96,0.85,6.89,6.22
design_0152,1.42,1.52,0.93,2.26,1.05,2.43,1.1,1.69,16.05,9.03,0.87,19.63,13.92
design_0153,1.59,1.34,1.54,2.3,1.29,2.4,1.14,1.81,15.43,8.37,0.89,13.5,9.37
design_0154,1.12,1.74,1.21,2.22,1.03,1.28,1.13,1.48,16.94,9.15,0.87,31.23,18.54
design_0155,1.41,1.44,1.05,2.41,1.26,2.25,1.14,1.7,15.44,8.82,0.86,6.58,4.42
design_0156,1.51,1.64,1.29,2.28,1.24,2.86,1.21,1.89,17.33,9.4,0.87,34.15,23.06
design_0157,1.48,1.32,1.01,2.23,1.09,2.4,1.07,1.67,15.12,8.19,0.89,13.89,9.36
design_0158,1.53,1.76,1.3,2.58,1.62,2.41,1.26,1.91,16.47,8.78,0.89,21.42,15.39
design_0159,1.47,1.56,1.39,2.3,1.23,2.89,1.21,1.9,17.11,9.23,0.88,22.36,17.59
design_0160,1.36,2.32,0.94,1.84,0.87,4.84,1.41,2.66,11.81,7.28,0.85,21.55,17.1
design_0161,1.84,2.16,0.83,2.31,0.91,1.8,1.24,1.76,17.96,9.78,0.86,24.25,13.87
design_0162,1.92,2.25,1.47,1.97,0.81,1.45,1.18,1.7,17.48,9.6,0.86,22.59,19.04
design_0163,1.67,2.47,1.0,2.12,1.05,5.27,1.59,2.92,16.99,9.39,0.86,32.86,25.05
design_0164,1.78,2.48,0.96,2.02,1.26,5.22,1.56,2.91,17.41,9.62,0.86,26.31,20.24
design_0165,1.45,2.6,1.48,1.96,1.16,4.57,1.46,2.67,13.4,8.01,0.85,19.09,15.07
design_0166,1.61,2.59,0.88,2.12,1.06,5.01,1.55,2.83,11.34,6.92,0.85,21.98,17.36
design_0167,2.09,2.02,1.08,2.16,1.11,1.65,1.29,1.76,18.34,9.92,0.86,30.57,23.46
design_0168,1.59,2.39,2.24,2.5,1.09,1.69,1.47,2.01,16.07,8.66,0.88,25.53,18.78
design_0169,0.99,2.19,6.83,2.05,0.82,1.13,1.78,3.48,17.19,9.41,0.87,36.61,26.1
design_0170,1.07,1.74,1.12,1.81,0.78,1.61,1.04,1.39,16.49,8.91,0.88,14.73,13.15
design_0171,1.13,1.73,0.8,1.92,1.12,1.51,1.07,1.39,16.4,8.88,0.88,9.73,7.81
design_0172,1.01,2.13,6.7,1.89,0.75,1.1,1.74,3.4,17.76,9.73,0.87,30.6,22.99
design_0173,1.51,2.26,3.34,2.37,1.03,1.49,1.48,2.24,15.56,8.61,0.87,32.97,23.29
design_0174,1.1,1.64,0.58,1.77,0.88,1.46,1.0,1.28,16.72,8.98,0.88,30.42,22.79
design_0175,1.25,1.88,0.73,2.05,1.45,1.58,1.15,1.51,16.92,8.93,0.89,32.85,25.5
design_0176,0.81,1.57,2.97,1.61,1.2,8.07,2.23,4.5,12.91,7.93,0.83,12.18,7.57
design_0177,0.98,1.82,4.47,1.68,1.08,10.09,2.78,5.7,16.46,9.48,0.84,27.43,18.16
design_0178,0.87,1.64,3.81,1.74,1.13,8.88,2.47,5.01,17.6,10.01,0.84,9.83,7.41
design_0179,1.05,1.92,4.83,1.79,1.36,10.2,2.86,5.82,16.96,9.55,0.86,16.47,13.17
design_0180,0.93,1.73,2.96,1.77,1.2,9.51,2.56,5.22,18.11,10.13,0.85,10.97,8.61
design_0181,0.93,1.67,4.36,2.04,1.12,10.0,2.75,5.65,16.53,9.44,0.84,18.94,12.93
design_0182,1.13,1.48,3.98,1.57,1.08,9.09,2.5,5.13,15.85,9.21,0.83,16.53,10.49
design_0183,1.01,1.51,5.59,1.86,1.09,8.81,2.58,5.29,16.63,9.6,0.84,25.54,17.93
design_0184,1.67,1.68,3.8,2.33,1.08,1.13,1.27,2.23,14.79,8.02,0.89,6.58,5.25
design_0185,1.78,1.75,3.85,2.19,1.09,0.99,1.3,2.24,15.06,8.17,0.89,7.43,5.54
design_0186,1.18,1.8,1.42,2.22,1.35,1.05,1.16,1.57,7.75,5.15,0.87,1.98,2.07
design_0187,1.67,1.78,3.88,1.9,1.06,1.12,1.24,2.19,15.14,8.26,0.89,9.82,8.37
design_0188,1.86,1.67,3.96,2.24,1.17,1.18,1.36,2.3,13.54,7.41,0.89,5.19,4.66
design_0189,1.78,1.77,3.88,2.25,1.29,1.04,1.36,2.28,15.83,8.5,0.89,12.56,8.71
design_0190,1.59,1.62,4.0,1.83,1.27,0.96,1.27,2.2,15.07,8.1,0.89,9.28,7.51
design_0191,1.92,1.93,3.88,2.3,1.2,1.04,1.31,2.32,15.38,8.32,0.88,17.41,10.93
design_0192,1.07,1.76,1.9,2.19,1.34,4.3,1.54,2.56,9.45,6.41,0.84,8.8,7.36
design_0193,1.16,1.81,1.82,2.19,1.03,3.92,1.48,2.39,13.9,8.27,0.84,10.75,8.33
design_0194,0.9,1.54,1.41,2.08,1.54,4.16,1.42,2.4,14.11,8.38,0.85,9.05,7.69
design_0195,0.85,1.61,1.32,1.97,1.17,4.31,1.41,2.41,12.31,7.64,0.84,10.09,7.66
design_0196,1.03,1.7,2.44,2.11,1.04,3.91,1.48,2.48,15.89,9.23,0.84,13.69,9.24
design_0197,1.38,2.23,1.75,2.47,1.1,4.04,1.63,2.53,13.37,8.0,0.84,33.86,22.58
design_0198,0.88,1.32,1.24,2.05,1.37,4.2,1.39,2.36,11.51,7.33,0.84,4.7,4.55
design_0199,0.91,1.53,1.43,2.43,1.19,4.16,1.47,2.43,16.56,9.39,0.85,31.87,23.63
design_0200,1.06,1.98,3.03,2.12,0.95,0.94,1.2,1.97,14.68,8.08,0.88,11.1,8.43
design_0201,1.24,2.51,3.2,2.28,1.03,1.18,1.39,2.18,14.97,8.07,0.89,27.62,19.8
design_0202,1.04,2.13,3.1,2.02,0.95,0.96,1.21,2.0,14.22,7.79,0.89,4.71,4.47
design_0203,1.04,2.65,1.95,2.41,0.99,1.06,1.27,1.84,15.32,8.29,0.88,17.14,11.71
design_0204,1.19,2.56,2.3,2.34,1.43,1.1,1.33,1.96,16.39,8.79,0.88,16.8,12.73
design_0205,1.08,2.05,3.11,2.06,0.94,1.04,1.24,2.01,10.9,6.43,0.87,7.73,6.27
design_0206,1.11,2.58,5.61,2.27,1.2,1.1,1.68,3.09,16.77,8.91,0.89,14.04,13.05
design_0207,1.16,2.21,3.26,2.28,1.04,1.03,1.27,2.14,15.32,8.23,0.89,11.49,8.49
design_0208,1.3,2.39,2.04,2.18,1.06,1.25,1.19,1.82,14.51,8.06,0.88,9.25,7.97
design_0209,1.63,1.99,2.13,1.91,0.88,1.32,1.12,1.77,15.38,8.36,0.88,23.84,17.15
design_0210,1.55,2.16,2.63,1.89,0.93,1.36,1.18,1.96,12.72,7.23,0.87,29.53,22.04
design_0211,1.63,2.4,2.38,1.93,1.15,1.57,1.24,1.96,16.04,8.8,0.87,29.7,21.89
design_0212,1.49,2.41,2.58,1.99,1.06,1.44,1.2,2.01,16.52,8.97,0.88,28.19,21.44
design_0213,1.46,2.31,2.22,2.02,1.07,1.53,1.17,1.88,15.21,8.33,0.87,7.92,7.01
design_0214,1.61,2.4,2.21,2.01,0.92,1.43,1.18,1.89,15.06,8.25,0.88,25.95,19.02
design_0215,1.64,2.43,3.77,2.42,1.46,2.24,1.58,2.65,12.04,6.86,0.88,4.96,4.15
design_0216,1.16,2.29,3.22,2.19,1.45,1.9,1.37,2.31,16.7,9.39,0.84,8.61,7.49
design_0217,1.14,2.67,3.2,2.57,1.39,1.3,1.46,2.33,5.13,4.4,0.86,8.42,6.95
design_0218,1.15,2.77,3.25,2.35,1.36,1.47,1.45,2.35,17.14,9.5,0.85,18.57,13.08
design_0219,1.37,2.6,3.6,2.54,1.38,1.98,1.53,2.57,15.5,8.85,0.85,9.03,6.71
design_0220,1.1,2.7,3.2,2.63,1.41,1.33,1.49,2.35,7.21,5.31,0.85,7.68,6.53
design_0221,1.37,2.98,2.97,2.45,1.69,1.28,1.45,2.32,5.54,4.67,0.86,29.81,20.95
design_0222,1.22,2.39,4.06,2.03,1.01,1.08,1.43,2.54,15.68,8.95,0.85,27.57,20.56
design_0223,1.08,2.65,2.73,2.4,1.58,2.01,1.4,2.23,10.92,6.82,0.85,30.49,22.19
design_0224,1.59,2.54,2.41,2.59,1.47,2.3,1.54,2.22,11.07,6.75,0.85,5.41,3.64
design_0225,1.22,2.28,1.77,2.32,0.96,2.39,1.31,1.9,17.02,9.26,0.87,11.09,7.03
design_0226,1.19,1.96,2.6,2.25,0.75,2.07,1.31,1.99,10.46,6.28,0.87,6.87,4.88
design_0227,1.11,1.87,1.03,1.87,0.82,2.24,1.13,1.55,14.22,7.92,0.88,4.87,4.22
design_0228,1.1,1.63,2.99,1.89,0.83,1.71,1.2,1.95,16.33,9.04,0.86,12.25,10.2
design_0229,1.2,1.86,1.4,1.88,0.76,1.7,1.11,1.52,16.96,9.13,0.87,7.97,5.46
design_0230,1.16,1.68,1.33,1.7,1.0,2.23,1.09,1.56,17.12,9.12,0.88,12.16,8.93
design_0231,1.22,1.87,1.34,1.96,0.97,2.27,1.17,1.66,16.03,8.69,0.87,25.79,19.55
design_0232,1.83,2.71,2.11,2.12,1.56,5.32,1.78,3.19,18.65,10.34,0.85,32.91,24.45
design_0233,2.05,2.91,1.77,2.37,1.67,2.8,1.57,2.37,16.86,9.54,0.86,20.46,16.26
design_0234,2.21,2.91,2.28,2.83,1.55,2.28,1.73,2.39,16.69,9.25,0.88,31.2,24.75
design_0235,1.94,2.64,1.97,2.21,1.43,3.32,1.56,2.44,13.25,8.13,0.84,21.92,17.69
design_0236,1.8,2.38,1.92,2.27,1.13,5.89,1.79,3.37,10.27,6.79,0.84,19.87,16.22
design_0237,1.94,2.5,2.16,2.28,1.38,6.3,1.89,3.6,9.3,6.19,0.85,21.0,17.05
design_0238,2.0,2.81,1.84,2.32,1.55,3.05,1.57,2.41,17.17,9.75,0.85,13.0,10.5
design_0239,1.52,2.54,1.93,2.03,1.24,4.9,1.62,2.93,12.92,8.01,0.84,20.12,16.4
design_0240,1.32,2.19,3.24,1.7,0.8,2.19,1.26,2.23,16.65,9.29,0.86,11.62,9.11
design_0241,1.53,2.65,2.56,1.8,1.0,2.23,1.29,2.11,17.68,9.64,0.86,17.43,12.13
design_0242,1.48,2.43,2.47,1.7,1.05,2.05,1.22,2.0,16.93,9.4,0.86,7.97,5.84
design_0243,1.34,1.93,3.16,1.57,0.8,1.94,1.19,2.12,18.23,9.93,0.86,22.28,17.28
design_0244,1.34,2.07,2.7,1.69,0.86,1.92,1.17,1.98,16.18,9.02,0.86,12.22,9.84
design_0245,1.48,2.38,3.4,2.26,1.57,2.4,1.48,2.49,15.21,8.44,0.87,11.03,8.17
design_0246,1.53,2.59,3.02,2.0,1.2,2.22,1.37,2.3,14.61,8.28,0.86,5.03,3.3
design_0247,1.43,2.26,3.64,1.61,0.79,1.67,1.32,2.33,13.6,8.01,0.85,10.92,9.21
design_0248,0.81,1.46,1.51,2.27,1.34,2.29,1.14,1.75,12.49,7.33,0.87,3.98,2.81
design_0249,1.07,1.9,1.29,2.16,1.38,2.15,1.09,1.76,16.35,9.2,0.86,10.01,7.83
design_0250,1.18,2.0,1.37,2.29,1.66,2.42,1.22,1.93,14.73,8.44,0.86,5.5,4.77
design_0251,0.98,2.03,1.59,2.15,1.49,2.09,1.15,1.8,12.23,7.38,0.86,2.9,2.46
design_0252,0.99,2.1,1.03,2.5,1.18,2.23,1.11,1.84,15.67,8.95,0.86,7.79,4.71
design_0253,1.12,2.2,1.01,2.63,1.49,2.05,1.26,1.89,15.57,8.33,0.89,21.55,18.45
design_0254,0.89,1.89,1.21,2.19,1.24,2.52,1.19,1.83,16.72,9.4,0.86,5.58,4.95
design_0255,1.11,2.65,1.51,2.41,1.26,5.69,1.67,3.18,17.33,9.4,0.88,14.68,13.0
design_0256,1.24,2.58,3.77,2.44,1.22,5.29,1.72,3.22,16.12,8.9,0.87,25.73,20.32
design_0257,1.34,2.69,2.3,2.44,1.1,5.11,1.62,2.92,13.36,7.71,0.86,6.36,4.28
design_0258,1.2,2.56,2.77,2.33,0.84,5.2,1.61,2.97,14.05,7.95,0.87,15.47,12.23
design_0259,1.3,2.93,1.65,2.73,1.25,5.49,1.71,3.07,14.66,8.01,0.88,10.34,8.7
design_0260,1.15,2.48,1.55,2.38,0.89,5.21,1.57,2.81,16.0,8.65,0.88,13.9,9.46
design_0261,1.4,2.85,2.26,2.49,0.97,5.39,1.69,3.04,16.11,8.79,0.87,27.39,20.29
design_0262,1.3,2.88,2.4,2.75,1.12,5.33,1.71,3.08,14.53,8.03,0.87,13.21,9.09
design_0263,1.33,3.03,1.86,2.43,1.0,5.25,1.66,2.96,11.59,6.89,0.87,28.55,19.7
design_0264,2.0,2.09,2.87,2.32,1.18,1.86,1.44,2.24,17.98,9.61,0.87,18.29,15.84
design_0265,1.81,1.92,2.53,2.39,0.82,2.09,1.41,2.1,12.21,7.44,0.84,9.64,7.02
design_0266,1.74,1.91,2.92,2.21,0.96,1.87,1.36,2.18,16.27,9.01,0.86,26.16,19.6
design_0267,1.78,2.07,4.16,2.28,1.04,2.01,1.57,2.73,15.41,8.68,0.86,26.21,19.25
design_0268,1.72,1.65,4.15,1.86,0.92,1.68,1.47,2.6,12.47,7.58,0.85,28.37,20.27
design_0269,1.89,1.92,3.92,1.7,1.13,1.49,1.43,2.51,13.96,8.16,0.85,25.05,16.98
design_0270,1.89,2.17,2.76,2.42,1.04,2.02,1.44,2.23,14.97,8.5,0.85,28.97,22.59
design_0271,1.77,1.98,2.97,2.32,0.85,1.98,1.42,2.23,13.39,7.81,0.85,30.07,21.01
design_0272,1.17,0.93,5.23,1.8,1.25,2.48,1.41,2.55,13.64,7.92,0.87,6.64,5.7
design_0273,1.0,0.86,5.22,1.7,1.31,2.48,1.37,2.52,14.57,8.45,0.86,4.94,4.64
design_0274,1.18,1.02,5.17,1.97,1.09,2.37,1.44,2.52,15.92,9.0,0.86,9.06,6.94
design_0275,0.87,0.97,4.59,1.73,1.28,5.86,1.71,3.49,17.73,9.78,0.87,21.07,21.01
design_0276,0.99,1.37,4.7,1.67,0.85,6.16,1.76,3.63,17.48,9.57,0.87,14.61,14.76
design_0277,1.03,1.89,2.31,1.76,1.27,5.12,1.51,2.91,14.84,8.57,0.86,5.59,5.17
design_0278,1.15,1.31,4.71,2.03,1.03,1.64,1.34,2.26,17.49,9.81,0.85,24.18,17.13
design_0279,1.08,1.11,4.68,1.89,0.94,5.89,1.73,3.53,14.84,8.55,0.86,10.35,6.68
design_0280,1.09,1.33,0.58,1.55,0.73,2.32,1.01,1.44,13.08,7.96,0.85,10.25,6.22
design_0281,1.09,1.37,0.67,1.77,2.14,2.25,1.11,1.63,7.35,5.45,0.85,11.93,6.32
design_0282,1.03,2.33,1.42,1.96,1.2,2.39,1.27,1.82,17.3,9.65,0.86,16.87,11.77
design_0283,1.05,1.94,1.18,1.5,1.37,3.05,1.21,1.9,18.25,9.99,0.85,39.06,28.32
design_0284,1.04,1.89,0.75,1.48,0.62,2.49,1.12,1.58,17.49,9.74,0.85,13.35,8.73
design_0285,1.15,2.0,1.82,1.93,0.9,2.17,1.24,1.78,18.0,10.07,0.85,10.84,7.03
design_0286,1.08,2.24,0.84,1.8,0.69,2.1,1.16,1.57,17.46,9.82,0.85,27.67,20.83
design_0287,1.05,2.1,1.15,1.51,0.96,3.4,1.25,2.01,18.31,10.07,0.85,37.02,27.57
design_0288,1.37,2.28,2.38,1.94,1.42,2.57,1.33,2.13,18.17,10.21,0.85,29.35,23.62
design_0289,1.7,2.5,2.85,2.43,1.54,2.65,1.53,2.42,18.81,10.32,0.85,30.53,23.66
design_0290,1.4,2.3,2.19,2.25,1.37,2.61,1.38,2.14,16.21,9.36,0.85,17.29,12.34
design_0291,1.47,2.21,2.4,1.89,1.47,2.44,1.31,2.1,18.84,10.47,0.85,32.65,25.97
design_0292,1.39,2.09,2.32,2.02,1.65,2.24,1.27,2.04,14.27,8.56,0.84,27.46,20.86
design_0293,1.8,2.25,2.15,2.19,1.7,2.59,1.43,2.18,17.67,9.92,0.84,25.36,18.35
design_0294,1.44,2.05,2.34,1.89,1.55,2.65,1.27,2.12,16.84,9.65,0.84,29.02,22.39
design_0295,1.59,2.29,2.63,2.1,1.55,2.52,1.39,2.24,15.46,9.05,0.85,9.02,8.85
design_0296,1.24,2.05,1.56,2.19,1.3,3.24,1.39,2.16,15.51,9.03,0.84,16.94,13.42
design_0297,1.16,1.91,1.65,2.34,1.23,3.43,1.43,2.24,11.68,7.4,0.83,14.44,11.13
design_0298,1.09,2.02,1.87,2.43,0.99,2.78,1.4,2.06,16.39,9.4,0.83,38.23,26.81
design_0299,1.43,1.85,1.58,2.09,1.19,3.56,1.43,2.25,13.56,8.11,0.84,14.98,11.66
design_0300,1.08,1.96,1.68,2.08,1.09,2.6,1.32,1.91,6.08,5.13,0.85,11.15,8.71
design_0301,1.33,2.24,1.69,2.27,1.38,3.25,1.45,2.23,15.94,9.16,0.84,20.31,15.41
design_0302,1.09,1.97,1.48,2.09,1.05,3.11,1.35,2.05,15.9,9.15,0.84,19.73,14.87
design_0303,1.16,2.39,1.4,2.21,1.07,3.32,1.46,2.19,16.18,9.31,0.84,20.26,14.8
design_0304,0.95,2.21,1.28,2.39,1.58,0.92,1.15,1.65,14.2,7.74,0.89,23.31,17.37
design_0305,0.91,2.11,1.35,2.45,0.94,1.0,1.15,1.58,15.18,8.15,0.89,4.57,5.06
design_0306,1.05,2.29,1.4,2.58,1.31,1.21,1.25,1.73,14.08,7.59,0.89,22.01,16.13
design_0307,0.99,2.19,1.62,2.47,0.84,1.16,1.2,1.68,11.98,6.78,0.88,6.37,4.46
design_0308,0.81,1.99,1.63,2.19,0.93,0.97,1.06,1.55,15.99,8.56,0.89,30.24,21.84
design_0309,0.92,2.16,1.64,2.22,0.74,0.9,1.09,1.58,17.85,9.25,0.89,29.21,19.57
design_0310,1.07,2.47,1.94,2.51,1.34,1.0,1.28,1.86,16.04,8.33,0.9,22.75,16.52
design_0311,0.87,2.06,1.55,2.38,1.38,0.94,1.09,1.64,16.46,8.77,0.88,23.9,17.52
design_0312,1.99,2.79,3.3,2.45,1.56,1.35,1.51,2.53,16.52,8.96,0.88,32.01,23.02
design_0313,1.97,2.64,3.16,2.25,1.64,1.33,1.45,2.43,16.53,8.93,0.88,30.44,23.24
design_0314,2.15,3.03,2.95,2.42,1.57,1.31,1.5,2.45,16.1,8.72,0.88,33.69,25.59
design_0315,1.97,2.85,3.3,2.16,1.58,1.31,1.48,2.5,16.28,8.82,0.88,34.9,26.15
design_0316,1.88,2.57,3.99,2.37,1.45,1.04,1.58,2.73,17.58,9.33,0.88,30.63,23.81
design_0317,1.95,2.74,4.85,2.39,1.3,0.89,1.75,3.13,15.47,8.16,0.9,31.63,23.34
design_0318,2.14,2.72,3.82,2.45,1.56,1.09,1.6,2.73,15.57,8.42,0.88,30.6,23.0
design_0319,1.97,2.88,3.97,2.49,1.61,1.2,1.63,2.81,16.29,8.74,0.88,30.1,23.08
design_0320,1.91,2.98,2.76,2.6,1.38,1.4,1.47,2.34,16.67,8.97,0.87,30.3,22.85
design_0321,1.76,3.03,2.88,2.68,1.36,1.4,1.47,2.38,14.44,8.08,0.86,27.71,21.01
design_0322,2.21,3.45,3.11,3.49,1.73,2.01,1.77,2.82,14.14,7.87,0.87,6.37,5.52
design_0323,1.98,2.85,2.96,2.63,1.44,1.42,1.49,2.4,15.99,8.67,0.88,30.13,22.23
design_0324,2.06,3.01,2.46,2.3,1.6,1.17,1.41,2.22,15.61,8.56,0.87,28.46,19.12
design_0325,2.04,3.11,3.3,2.9,1.57,1.35,1.6,2.62,15.39,8.4,0.87,25.68,19.61
design_0326,1.87,2.95,3.34,2.48,1.51,1.26,1.5,2.51,15.03,8.28,0.87,28.29,21.94
design_0327,1.91,2.93,3.06,2.78,1.42,1.34,1.51,2.46,17.59,9.38,0.88,16.61,11.31
design_0328,1.08,1.74,1.05,1.79,1.01,2.22,1.12,1.6,13.54,8.05,0.86,6.76,4.8
design_0329,1.15,2.11,1.29,1.99,1.0,2.13,1.26,1.71,17.23,9.6,0.87,7.11,6.79
design_0330,0.9,1.58,1.01,2.06,0.98,2.21,1.12,1.6,13.36,7.94,0.86,6.77,5.03
design_0331,1.39,2.22,1.89,1.92,1.03,4.96,1.54,2.73,15.23,8.6,0.87,7.04,6.78
design_0332,1.02,1.79,1.05,1.95,0.99,2.3,1.15,1.65,12.56,7.7,0.84,6.66,5.35
design_0333,1.12,1.77,1.38,1.76,0.81,2.96,1.21,1.84,10.93,6.91,0.85,7.67,5.45
design_0334,1.12,1.84,1.07,1.98,1.0,2.35,1.2,1.7,14.27,8.34,0.86,6.66,5.61
design_0335,1.06,1.55,1.18,1.86,1.01,1.89,1.09,1.5,12.85,7.65,0.85,7.22,5.27
design_0336,1.22,2.34,1.23,2.14,1.09,1.76,1.24,1.66,14.91,8.6,0.85,30.46,23.58
design_0337,1.26,2.19,1.11,2.13,1.32,2.51,1.26,1.84,15.47,8.96,0.85,30.99,22.99
design_0338,1.27,2.3,4.32,2.21,1.3,1.46,1.55,2.58,17.33,9.64,0.85,32.78,24.76
design_0339,0.89,1.99,4.12,1.93,1.16,1.08,1.31,2.36,17.2,9.51,0.86,32.27,24.36
design_0340,1.05,1.86,0.92,1.91,1.14,3.17,1.2,1.91,12.0,7.44,0.85,28.36,21.91
design_0341,1.32,2.22,2.4,1.98,1.21,2.45,1.35,2.07,15.82,8.97,0.86,31.52,23.67
design_0342,1.04,2.0,4.2,1.76,1.44,1.21,1.4,2.42,15.59,8.63,0.88,30.8,24.94
design_0343,1.24,1.99,0.91,1.94,1.22,2.9,1.24,1.86,15.47,8.92,0.85,31.35,24.01
design_0344,1.15,2.65,2.61,1.9,1.33,7.58,2.12,4.18,17.13,9.46,0.87,24.51,18.37
design_0345,1.14,2.79,2.29,1.89,1.39,7.48,2.09,4.11,16.8,9.4,0.86,24.43,18.3
design_0346,1.14,2.71,1.44,1.85,1.34,8.01,2.15,4.29,18.29,10.08,0.86,35.1,27.02
design_0347,1.12,2.92,2.4,1.79,1.42,7.37,2.08,4.08,15.47,8.86,0.85,27.2,19.66
design_0348,1.0,2.4,2.38,2.3,1.3,7.16,1.99,3.97,18.11,10.0,0.86,27.35,20.14
design_0349,1.22,3.03,2.06,1.9,1.51,7.25,2.07,4.02,17.06,9.59,0.86,24.22,17.88
design_0350,1.1,2.82,2.29,2.09,1.18,7.63,2.12,4.19,17.67,9.8,0.87,21.34,16.71
design_0351,1.19,2.57,2.38,2.04,1.42,7.59,2.11,4.17,14.36,8.38,0.85,34.78,27.19
design_0352,1.16,1.67,2.38,2.23,1.02,1.41,1.18,1.71,15.76,8.66,0.87,29.15,21.87
design_0353,1.45,2.11,1.53,1.91,1.1,0.99,1.11,1.58,15.22,8.46,0.87,30.31,24.49
design_0354,1.3,1.76,1.67,2.1,1.11,1.2,1.17,1.57,16.27,8.8,0.88,32.53,27.52
design_0355,1.37,1.95,1.46,1.76,1.1,1.05,1.02,1.49,14.07,7.93,0.87,16.54,15.5
design_0356,0.98,1.89,1.62,1.72,1.51,1.11,0.96,1.5,11.22,6.82,0.86,4.21,2.75
design_0357,0.86,1.82,0.36,1.7,1.16,1.17,0.91,1.3,9.28,5.96,0.86,3.15,2.41
design_0358,0.85,1.68,0.41,1.77,1.49,1.22,0.95,1.35,12.26,7.26,0.87,4.4,2.89
design_0359,1.25,2.11,1.59,1.88,1.41,1.0,1.07,1.59,14.74,8.29,0.87,18.25,14.57
design_0360,1.28,3.26,3.67,2.4,0.87,1.02,1.42,2.38,15.52,8.65,0.87,22.87,15.61
design_0361,1.59,3.83,2.82,2.73,1.13,1.1,1.55,2.42,11.89,7.06,0.87,24.94,17.56
design_0362,1.44,3.47,2.37,2.85,1.18,1.21,1.51,2.26,16.23,8.86,0.87,20.68,14.55
design_0363,1.59,3.39,1.75,2.86,1.07,1.33,1.44,2.16,13.53,7.79,0.87,23.99,15.17
design_0364,1.46,3.78,2.12,2.47,1.23,1.18,1.45,2.22,14.62,8.21,0.87,10.37,7.15
design_0365,1.62,3.17,1.83,2.89,1.13,1.17,1.47,2.13,16.15,8.69,0.88,25.45,19.67
design_0366,1.71,3.49,3.46,2.85,1.3,1.14,1.63,2.54,10.98,6.88,0.85,28.0,20.01
design_0367,1.67,3.44,2.43,2.95,1.26,1.31,1.57,2.33,14.73,8.42,0.86,33.08,24.21
design_0368,1.2,0.81,3.27,1.65,0.69,9.45,2.52,5.19,4.61,4.32,0.86,16.64,12.46
design_0369,1.04,1.35,1.78,1.69,1.01,9.2,2.43,4.94,16.44,9.48,0.84,15.16,9.99
design_0370,1.21,1.36,2.65,1.91,0.86,8.73,2.38,4.8,15.72,9.1,0.84,16.86,11.8
design_0371,0.97,1.72,2.32,1.63,1.11,8.45,2.29,4.62,17.01,9.81,0.83,40.8,29.4
design_0372,1.62,1.41,3.0,2.11,0.95,4.25,1.58,2.82,10.28,6.99,0.83,18.78,13.63
design_0373,1.15,1.34,3.25,2.0,0.97,9.63,2.63,5.31,16.6,9.54,0.84,19.92,16.24
design_0374,1.02,0.87,3.68,1.54,0.94,8.81,2.39,4.92,14.42,8.68,0.83,15.36,10.97
design_0375,1.35,1.0,3.39,1.81,1.17,8.52,2.37,4.78,4.85,4.58,0.85,16.58,12.43
design_0376,1.42,2.29,1.62,1.58,0.98,1.84,1.21,1.67,16.49,9.35,0.85,22.23,16.31
design_0377,1.95,2.53,2.75,2.34,1.32,2.61,1.58,2.37,13.5,7.79,0.86,28.61,21.71
design_0378,1.19,2.05,1.57,1.59,1.06,1.77,1.13,1.58,14.04,8.26,0.85,24.29,18.09
design_0379,1.41,2.12,1.58,1.3,0.76,1.8,1.15,1.57,18.08,9.98,0.84,33.04,21.65
design_0380,1.47,2.23,1.7,1.46,1.21,1.92,1.18,1.71,16.62,9.44,0.85,33.01,24.01
design_0381,1.56,2.57,1.51,2.02,1.05,1.78,1.34,1.78,16.4,9.32,0.85,19.89,15.37
design_0382,1.46,2.24,1.81,2.06,1.1,2.1,1.25,1.86,17.22,9.71,0.85,30.87,23.57
design_0383,1.56,2.32,1.84,1.7,1.32,1.89,1.26,1.8,17.54,9.8,0.85,33.49,24.38
design_0384,1.82,2.23,1.61,2.63,1.32,1.45,1.31,1.92,15.64,8.73,0.87,6.08,5.53
design_0385,1.17,1.33,2.49,1.97,1.11,1.59,1.1,1.68,14.29,8.06,0.88,3.59,3.17
design_0386,1.41,1.57,2.41,2.19,1.29,1.42,1.18,1.77,14.52,8.12,0.88,5.08,3.69
design_0387,1.24,1.54,2.5,2.13,1.44,1.49,1.17,1.78,15.15,8.48,0.88,5.42,4.12
design_0388,1.52,1.62,2.45,2.23,1.42,1.5,1.23,1.84,13.12,7.53,0.88,4.56,3.66
design_0389,1.74,2.04,1.17,2.34,1.3,1.39,1.24,1.74,13.64,7.97,0.86,3.85,3.41
design_0390,1.36,1.47,2.46,2.18,1.46,1.61,1.2,1.81,13.91,7.9,0.88,4.22,3.76
design_0391,1.42,1.3,5.17,2.0,1.05,1.33,1.33,2.46,8.71,5.42,0.88,9.88,6.08
design_0392,1.47,2.03,1.42,1.83,1.47,4.79,1.48,2.68,14.91,8.41,0.87,18.94,11.66
design_0393,1.23,1.84,1.66,1.72,1.61,1.64,1.12,1.62,17.36,9.76,0.86,13.67,12.73
design_0394,0.96,1.17,1.89,1.86,1.05,3.28,1.11,2.0,17.48,9.94,0.85,16.24,11.43
design_0395,1.11,1.18,1.54,1.53,0.96,1.57,0.95,1.36,18.35,10.0,0.85,26.69,18.71
design_0396,0.89,1.32,2.59,1.82,1.57,1.31,1.11,1.63,17.08,9.55,0.86,14.77,9.65
design_0397,1.23,1.78,1.79,1.77,1.36,4.87,1.43,2.68,16.34,9.12,0.86,27.75,19.36
design_0398,1.2,1.55,1.49,1.75,1.76,1.4,1.08,1.53,16.1,9.2,0.86,20.83,17.39
design_0399,1.49,1.68,1.74,1.78,1.29,4.64,1.41,2.6,14.61,8.49,0.85,9.15,5.63
design_0400,1.47,1.86,1.36,1.79,0.71,6.11,1.72,3.32,17.15,9.42,0.87,27.2,20.04
design_0401,1.31,1.61,1.25,1.92,0.78,6.45,1.8,3.46,16.36,8.9,0.87,13.91,8.87
design_0402,1.87,1.33,2.65,1.56,0.66,7.05,1.9,3.84,17.36,9.65,0.87,16.03,13.44
design_0403,1.65,1.8,2.02,1.87,1.19,7.07,1.97,3.84,16.64,9.24,0.86,22.07,15.51
design_0404,1.74,1.5,1.94,1.64,0.97,6.94,1.89,3.74,16.95,9.25,0.87,18.95,14.27
design_0405,1.39,1.51,1.41,1.64,0.77,6.19,1.7,3.32,17.03,9.48,0.85,29.19,20.9
design_0406,1.41,1.31,2.42,1.65,0.84,7.06,1.89,3.8,15.57,8.78,0.86,27.28,20.64
design_0407,1.26,1.11,1.56,1.53,0.9,5.62,1.53,3.03,16.84,9.56,0.85,27.73,20.76
design_0408,1.45,2.49,2.4,1.71,1.24,7.63,2.09,4.16,17.54,9.65,0.87,29.96,23.6
design_0409,1.34,2.24,2.48,2.23,1.29,7.52,2.06,4.13,17.15,9.48,0.86,27.84,22.37
design_0410,1.26,2.17,2.1,1.57,1.14,7.33,1.96,3.95,17.61,9.71,0.86,31.55,25.86
design_0411,1.27,2.22,2.69,1.52,1.21,6.95,1.92,3.84,15.77,9.02,0.84,23.32,16.05
design_0412,1.42,2.39,1.64,1.66,1.2,8.23,2.15,4.37,17.06,9.36,0.87,25.96,21.1
design_0413,1.31,2.09,2.2,1.6,1.15,7.05,1.91,3.83,15.4,8.87,0.85,33.01,23.07
design_0414,1.47,2.23,2.52,1.8,1.53,8.0,2.17,4.34,17.21,9.41,0.87,34.49,24.35
design_0415,1.18,1.91,2.21,1.6,1.23,7.65,2.02,4.09,17.61,9.8,0.86,24.4,18.59
design_0416,1.48,1.52,3.25,1.75,1.52,6.97,1.92,3.81,15.29,8.67,0.86,19.68,11.59
design_0417,1.69,1.72,1.96,1.74,1.34,3.25,1.29,2.17,16.62,9.4,0.85,24.83,20.72
design_0418,1.33,1.52,2.59,1.91,1.53,3.09,1.38,2.2,6.66,5.19,0.85,5.44,4.18
design_0419,0.8,1.39,1.61,2.38,1.13,7.9,2.02,4.05,11.37,6.6,0.88,7.06,5.36
design_0420,1.59,1.99,4.53,1.86,1.4,5.8,1.85,3.6,14.77,8.48,0.86,13.95,9.17
design_0421,1.59,1.32,2.8,1.7,1.24,3.61,1.34,2.38,15.94,9.09,0.85,16.04,12.85
design_0422,1.23,1.71,3.02,1.82,1.53,6.8,1.88,3.71,17.75,9.97,0.86,8.3,7.36
design_0423,1.55,2.01,2.08,2.07,1.57,6.9,1.94,3.71,17.14,9.56,0.86,26.09,18.56
design_0424,1.19,2.67,1.14,1.73,1.32,9.74,2.52,5.23,17.01,9.61,0.86,15.54,14.15
design_0425,1.4,2.6,1.25,1.61,1.31,8.7,2.29,4.72,17.7,9.8,0.85,27.09,19.69
design_0426,1.17,2.42,2.51,1.72,1.26,8.2,2.25,4.54,18.52,10.21,0.86,10.72,12.8
design_0427,1.47,2.49,1.72,1.72,1.36,8.36,2.26,4.58,19.2,10.54,0.86,29.38,22.88
design_0428,1.22,2.7,3.38,1.76,1.46,5.71,1.84,3.53,18.07,10.22,0.85,19.37,15.02
design_0429,1.25,2.01,1.36,2.03,1.02,9.26,2.39,4.97,16.92,9.58,0.86,22.28,17.31
design_0430,1.11,2.39,1.17,1.81,1.09,9.63,2.48,5.15,17.77,9.9,0.86,11.8,9.92
design_0431,1.12,2.19,2.43,1.64,1.26,7.69,2.1,4.26,17.32,9.76,0.85,23.9,18.48
design_0432,1.32,1.59,1.91,1.56,1.18,3.52,1.37,2.21,6.36,5.4,0.84,7.48,6.14
design_0433,1.2,1.56,2.47,1.68,1.01,3.91,1.48,2.48,7.22,5.84,0.84,8.29,6.92
design_0434,1.4,1.52,2.74,1.64,0.95,4.39,1.56,2.73,16.08,9.37,0.83,12.69,8.67
design_0435,1.51,1.82,2.26,1.88,1.18,4.03,1.55,2.54,16.2,9.38,0.84,10.97,8.72
design_0436,1.3,1.77,1.62,1.73,1.34,4.18,1.52,2.45,6.83,5.47,0.84,9.1,7.02
design_0437,1.39,1.56,3.2,1.66,1.02,3.78,1.56,2.65,16.38,9.56,0.83,21.34,14.8
design_0438,1.61,1.95,1.03,1.75,1.12,4.34,1.56,2.46,16.21,9.3,0.84,14.91,8.31
design_0439,1.53,1.97,1.31,1.84,1.11,3.61,1.46,2.21,7.8,5.98,0.83,2.2,2.84
design_0440,1.26,3.06,2.29,2.41,1.37,2.03,1.4,2.17,18.54,10.05,0.86,18.29,12.82
design_0441,1.19,2.57,2.67,2.45,1.07,2.17,1.39,2.21,16.57,9.22,0.86,28.56,20.14
design_0442,1.37,2.94,2.47,2.44,1.23,2.49,1.47,2.28,17.94,9.76,0.86,27.92,21.22
design_0443,1.18,3.21,2.81,2.56,1.02,2.05,1.48,2.36,18.76,10.02,0.87,13.19,12.07
design_0444,1.18,3.12,4.17,2.26,1.22,1.8,1.6,2.81,17.27,9.51,0.86,27.13,20.25
design_0445,1.3,2.67,2.63,2.52,1.1,2.17,1.43,2.23,19.63,10.38,0.87,25.02,18.31
design_0446,1.3,2.47,3.27,2.1,1.25,2.28,1.41,2.4,17.29,9.63,0.86,24.84,18.72
design_0447,1.26,3.22,3.35,2.08,1.09,1.87,1.47,2.47,18.21,9.79,0.87,26.54,20.51
design_0448,0.94,1.91,1.35,2.68,0.85,1.09,1.25,1.61,15.11,8.45,0.86,8.28,5.4
design_0449,1.33,1.98,1.95,2.78,0.8,1.21,1.35,1.83,13.04,7.5,0.86,12.52,7.14
design_0450,1.17,2.37,1.6,2.73,0.95,0.99,1.33,1.78,16.98,9.29,0.87,18.29,12.04
design_0451,0.63,1.61,1.82,2.48,0.95,0.93,1.17,1.57,16.72,8.99,0.87,35.69,23.88
design_0452,0.83,1.54,3.31,2.79,2.32,0.95,1.32,2.26,7.1,5.03,0.86,6.8,4.58
design_0453,0.89,1.55,1.91,2.32,0.76,0.97,1.19,1.56,15.42,8.73,0.86,8.69,6.58
design_0454,0.93,1.93,2.89,2.6,1.27,1.1,1.41,2.02,17.25,9.28,0.88,14.94,12.88
design_0455,1.0,1.91,3.39,2.56,0.93,1.12,1.43,2.16,16.42,8.82,0.89,10.37,10.16
design_0456,1.13,2.16,1.37,2.25,1.47,4.15,1.53,2.54,8.61,6.11,0.84,3.83,4.02
design_0457,0.92,1.77,1.59,1.92,1.26,4.27,1.45,2.51,6.11,5.18,0.84,3.59,4.03
design_0458,1.28,2.37,1.43,2.29,1.59,3.56,1.52,2.37,7.72,5.79,0.84,3.01,3.37
design_0459,1.06,1.85,1.23,2.23,1.57,3.95,1.47,2.42,6.22,5.11,0.85,5.29,4.58
design_0460,1.21,2.12,1.39,2.2,1.47,4.15,1.53,2.54,6.44,5.26,0.85,3.46,3.91
design_0461,1.06,2.17,1.39,2.1,1.46,3.87,1.47,2.41,14.1,8.38,0.85,4.37,3.24
design_0462,1.1,1.92,1.33,1.91,1.36,3.48,1.33,2.19,6.89,5.48,0.84,2.74,3.28
design_0463,1.19,2.29,1.28,2.38,1.26,3.43,1.46,2.27,15.66,9.06,0.85,8.32,5.1
design_0464,0.87,1.61,0.64,1.66,0.68,0.67,0.95,1.1,16.54,8.66,0.9,21.33,16.05
design_0465,1.05,1.66,0.89,1.84,1.36,0.72,1.03,1.31,16.36,8.71,0.88,28.14,21.57
design_0466,0.97,1.75,0.69,1.65,0.71,0.67,0.98,1.16,16.82,8.74,0.9,13.83,9.82
design_0467,0.99,1.78,0.79,1.67,0.74,0.7,0.96,1.19,17.62,9.15,0.9,11.55,11.18
design_0468,1.0,1.74,0.65,1.98,1.33,0.71,1.07,1.32,15.39,8.17,0.9,11.18,8.13
design_0469,1.08,1.94,0.62,1.81,1.25,0.8,1.06,1.32,16.08,8.5,0.9,13.36,8.53
design_0470,0.82,1.58,0.73,1.88,0.83,0.71,1.01,1.18,15.3,8.21,0.89,12.64,11.48
design_0471,1.02,1.83,0.61,1.91,1.54,0.7,1.03,1.35,15.24,8.2,0.89,9.36,7.23
design_0472,0.95,2.34,0.84,1.96,1.08,5.68,1.61,3.12,16.58,9.39,0.86,24.17,18.38
design_0473,0.96,2.64,0.99,2.02,0.93,5.58,1.65,3.12,17.21,9.52,0.87,29.95,22.73
design_0474,0.93,2.43,1.21,1.91,0.93,1.75,1.17,1.64,15.88,9.13,0.86,29.16,23.09
design_0475,0.93,1.74,2.7,1.75,0.82,1.88,1.05,1.72,12.85,7.99,0.83,26.37,20.58
design_0476,0.9,2.36,2.68,1.8,0.81,1.77,1.15,1.8,16.78,9.59,0.86,19.3,14.94
design_0477,0.88,1.72,2.6,1.76,0.79,2.49,1.05,1.88,13.22,8.15,0.84,23.34,18.24
design_0478,0.92,2.04,2.71,1.72,0.75,1.96,1.08,1.78,11.49,7.41,0.84,26.77,20.9
design_0479,0.92,2.47,2.59,1.94,1.18,1.82,1.24,1.87,16.64,9.42,0.87,24.82,19.15
design_0480,2.14,2.48,1.94,2.87,2.15,2.39,1.75,2.31,16.56,8.9,0.88,30.85,23.23
design_0481,1.29,1.62,2.77,1.94,1.26,1.89,1.34,2.0,16.74,9.15,0.87,11.4,9.31
design_0482,1.17,1.57,1.5,1.88,1.11,2.0,1.09,1.57,11.18,6.7,0.86,27.44,20.49
design_0483,1.65,1.96,1.53,2.12,1.46,2.12,1.33,1.8,18.86,9.88,0.88,32.55,23.9
design_0484,1.51,2.07,2.13,2.37,1.15,1.75,1.36,1.91,17.41,9.34,0.87,35.61,23.57
design_0485,1.54,1.87,1.15,2.16,1.59,2.1,1.31,1.71,16.8,9.2,0.87,14.88,8.52
design_0486,1.64,2.01,2.13,2.38,1.48,1.76,1.44,1.96,17.71,9.62,0.86,19.78,16.61
design_0487,1.23,1.65,3.02,2.0,1.18,1.99,1.31,2.11,15.29,8.59,0.86,23.8,18.12
design_0488,0.73,1.28,3.23,1.66,1.0,2.1,1.12,1.79,8.17,5.37,0.87,8.7,6.62
design_0489,0.87,1.11,3.03,1.59,1.26,1.84,1.1,1.7,9.67,6.13,0.86,8.46,6.88
design_0490,0.91,2.27,2.02,2.12,1.18,2.4,1.31,1.9,18.13,9.84,0.87,10.89,8.58
design_0491,1.25,1.8,3.24,1.63,1.27,1.84,1.15,1.88,10.34,6.34,0.87,8.64,6.44
design_0492,0.94,1.16,3.16,1.61,0.93,1.74,1.08,1.69,9.03,5.85,0.86,10.73,8.46
design_0493,0.88,2.14,1.94,2.08,1.15,2.21,1.29,1.81,17.33,9.56,0.87,11.6,9.8
design_0494,0.84,1.06,3.07,1.68,1.44,2.0,1.16,1.77,8.39,5.62,0.86,8.58,6.91
design_0495,0.9,1.51,3.21,1.81,1.11,2.42,1.23,1.93,16.33,8.79,0.89,5.14,4.68
design_0496,1.14,2.28,1.98,1.73,0.64,2.27,1.22,1.83,18.32,9.93,0.86,19.28,13.82
design_0497,1.17,1.98,3.31,1.62,0.86,2.31,1.29,2.24,17.24,9.68,0.86,16.23,12.67
design_0498,1.23,1.93,3.59,1.41,0.51,1.81,1.29,2.23,17.6,9.62,0.85,18.75,13.42
design_0499,1.17,2.19,2.77,1.55,0.88,2.4,1.23,2.08,15.43,8.97,0.85,17.15,12.72
design_0500,1.19,2.28,3.18,1.86,0.86,2.07,1.35,2.21,16.6,9.36,0.86,18.9,13.36
design_0501,1.19,2.26,2.73,1.76,1.01,2.45,1.34,2.12,15.39,8.81,0.85,13.11,10.05
design_0502,1.27,2.22,2.83,2.13,0.89,2.47,1.3,2.2,17.78,9.92,0.85,11.65,9.62
design_0503,1.47,2.04,2.85,1.65,1.06,2.53,1.34,2.17,16.78,9.43,0.86,20.17,13.62
design_0504,1.03,1.77,1.5,1.8,0.92,3.63,1.34,2.23,14.32,8.69,0.83,5.39,4.21
design_0505,1.09,1.75,4.17,1.75,0.88,2.55,1.47,2.56,16.28,9.26,0.85,18.04,13.86
design_0506,1.09,1.95,1.53,1.75,1.05,4.17,1.43,2.49,6.89,5.65,0.83,5.37,4.83
design_0507,1.03,1.88,1.86,1.68,0.86,4.75,1.56,2.77,12.41,7.81,0.83,6.58,5.26
design_0508,1.1,1.9,1.37,1.77,0.98,3.42,1.3,2.15,5.68,5.0,0.84,5.46,4.52
design_0509,1.12,2.14,7.71,2.26,0.93,9.91,3.1,6.34,16.3,9.55,0.82,19.32,13.88
design_0510,1.22,2.09,1.38,1.77,1.08,3.65,1.4,2.28,14.81,8.8,0.83,7.76,6.59
design_0511,1.12,2.05,1.47,2.2,1.3,3.44,1.43,2.26,14.76,8.74,0.83,22.44,16.43
design_0512,7.74,20.52,11.34,26.03,11.86,26.07,15.06,19.0,14.18,8.54,0.83,34.06,21.51
design_0513,8.76,20.7,11.71,26.39,12.25,26.09,15.11,19.26,15.57,9.23,0.84,28.64,19.47
design_0514,7.6,21.88,11.85,26.68,13.17,25.57,15.16,19.36,5.68,5.02,0.84,26.93,19.47
design_0515,8.36,21.24,11.02,26.33,11.96,25.78,15.08,19.09,16.71,9.88,0.83,27.44,18.0
design_0516,9.3,20.46,11.28,26.28,12.16,26.47,15.11,19.29,12.29,7.71,0.84,26.85,18.1
design_0517,9.29,20.23,10.83,25.85,11.85,25.15,14.96,18.69,5.49,4.9,0.84,28.46,18.17
design_0518,8.7,21.14,11.54,26.36,12.54,25.13,15.07,19.03,14.38,8.89,0.83,28.66,20.11
design_0519,7.83,20.73,11.58,25.95,11.81,26.12,15.07,19.07,16.45,9.55,0.84,30.11,21.69
design_0520,1.01,2.7,1.62,2.09,1.48,0.88,1.26,1.75,14.43,7.78,0.89,8.97,7.02
design_0521,1.07,2.32,0.74,1.88,1.25,1.16,1.11,1.48,10.55,6.31,0.87,3.5,3.14
design_0522,1.09,2.16,0.91,1.76,1.21,0.95,1.07,1.41,14.84,8.05,0.89,5.4,4.25
design_0523,0.97,2.19,0.71,1.89,1.23,1.03,1.06,1.42,13.64,7.66,0.88,6.78,6.15
design_0524,1.05,2.29,0.53,1.77,1.39,0.95,1.07,1.43,9.99,6.1,0.87,3.78,2.19
design_0525,1.03,2.85,1.64,1.96,1.72,0.91,1.26,1.8,15.31,8.2,0.89,34.2,25.12
design_0526,1.18,2.29,0.67,1.63,1.52,1.0,1.07,1.45,14.08,7.77,0.88,15.24,12.3
design_0527,1.26,2.75,0.76,2.13,1.24,1.31,1.29,1.68,16.46,8.75,0.88,23.98,15.24
design_0528,1.2,1.66,4.29,2.56,0.91,1.48,1.41,2.44,14.08,7.92,0.88,8.87,7.57
design_0529,1.26,1.61,4.31,2.79,0.96,1.19,1.47,2.47,15.79,8.87,0.87,24.37,17.77
design_0530,1.08,1.68,3.77,2.59,1.05,1.03,1.37,2.23,15.73,8.87,0.86,5.45,3.69
design_0531,1.07,2.17,4.26,2.63,1.31,1.07,1.5,2.48,16.68,9.19,0.87,17.46,11.82
design_0532,1.09,1.82,4.48,2.85,1.32,1.2,1.54,2.57,13.91,7.91,0.87,7.07,4.57
design_0533,1.01,1.41,4.22,2.58,1.5,1.0,1.4,2.38,15.31,8.63,0.86,7.87,5.73
design_0534,1.12,1.32,4.19,2.54,1.14,1.71,1.41,2.4,13.32,7.64,0.86,8.09,6.03
design_0535,1.16,1.53,4.32,2.67,1.24,1.39,1.44,2.47,15.42,8.53,0.88,28.53,21.73
design_0536,1.31,2.41,3.03,1.59,0.68,7.96,2.13,4.34,11.4,7.23,0.84,19.7,14.64
design_0537,1.76,2.81,2.39,2.18,1.49,2.32,1.51,2.21,17.18,9.58,0.86,31.87,21.88
design_0538,1.2,2.4,2.81,1.62,1.09,8.05,2.14,4.37,15.9,9.15,0.85,13.82,12.71
design_0539,1.22,2.26,3.33,1.74,1.13,8.01,2.14,4.4,13.03,7.85,0.85,17.06,12.98
design_0540,1.37,2.49,2.38,1.77,1.17,8.91,2.32,4.75,17.15,9.39,0.87,24.82,20.33
design_0541,1.2,2.58,2.68,1.63,0.82,7.13,1.95,3.94,16.71,9.5,0.85,21.19,15.54
design_0542,1.16,2.3,3.18,2.04,1.02,8.26,2.19,4.52,15.37,8.87,0.86,14.36,11.24
design_0543,1.25,2.49,2.32,1.7,1.22,8.87,2.31,4.72,17.2,9.52,0.87,19.83,15.11
design_0544,1.47,2.69,2.04,1.84,1.11,6.55,1.84,3.57,19.08,10.35,0.86,34.48,25.35
design_0545,1.47,1.97,1.85,1.85,0.94,7.02,1.84,3.69,13.87,8.17,0.85,25.75,19.73
design_0546,1.22,2.12,2.68,1.93,1.3,8.3,2.17,4.35,12.42,6.93,0.89,23.05,17.89
design_0547,1.37,2.63,1.43,1.9,1.14,8.11,2.1,4.2,15.5,8.21,0.89,31.66,23.48
design_0548,1.41,2.29,1.76,1.8,1.31,7.98,2.05,4.14,13.08,7.25,0.89,25.44,19.72
design_0549,1.45,2.59,1.87,1.93,1.32,8.0,2.1,4.19,17.08,8.87,0.9,26.86,22.3
design_0550,1.59,2.71,1.92,1.89,1.21,7.91,2.09,4.17,14.75,8.06,0.88,33.54,24.32
design_0551,1.22,2.08,2.47,1.88,1.1,8.43,2.14,4.37,8.82,5.49,0.87,25.42,19.31
design_0552,1.55,1.71,1.02,2.28,1.35,5.32,1.57,2.8,10.83,6.76,0.85,3.86,3.29
design_0553,1.57,1.65,2.0,2.05,1.18,2.82,1.32,1.99,14.85,8.62,0.85,5.22,3.93
design_0554,1.71,1.53,3.27,2.2,1.25,2.67,1.42,2.23,17.66,9.9,0.86,31.61,26.48
design_0555,1.6,1.59,5.08,2.13,1.26,2.69,1.48,2.68,15.38,8.76,0.86,8.02,6.08
design_0556,1.38,1.68,0.94,2.16,1.27,5.36,1.57,2.77,10.72,6.61,0.86,3.3,3.66
design_0557,1.64,1.61,4.83,2.33,1.26,2.82,1.55,2.67,15.73,9.02,0.86,5.26,5.14
design_0558,1.51,1.67,4.89,2.0,1.35,4.57,1.66,3.09,14.96,8.36,0.88,11.84,8.43
design_0559,1.45,1.39,4.61,2.32,1.24,2.73,1.5,2.55,14.23,8.38,0.85,5.07,5.15
design_0560,1.24,2.72,1.15,2.01,1.16,2.89,1.36,2.05,17.18,9.56,0.87,31.66,23.69
design_0561,1.36,2.95,0.91,1.94,1.27,2.68,1.4,2.02,16.88,9.39,0.87,30.06,22.81
design_0562,1.37,2.91,0.88,2.01,1.29,3.04,1.43,2.14,17.47,9.68,0.86,17.61,12.16
design_0563,1.23,2.62,1.1,1.93,1.13,2.86,1.32,2.01,17.14,9.59,0.86,25.83,19.3
design_0564,1.28,2.69,1.06,1.87,1.17,2.96,1.34,2.05,17.21,9.62,0.86,29.01,21.9
design_0565,1.35,2.74,0.94,1.91,1.11,2.84,1.33,2.01,17.44,9.73,0.86,31.66,22.94
design_0566,1.54,3.0,1.0,2.02,1.2,2.92,1.44,2.14,17.04,9.52,0.86,34.28,24.21
design_0567,1.18,2.57,1.14,1.76,1.14,3.15,1.31,2.07,16.85,9.49,0.86,27.59,21.15
design_0568,1.63,2.72,2.22,1.74,1.09,1.31,1.16,1.89,17.8,9.46,0.88,21.06,16.76
design_0569,1.72,2.96,3.01,2.09,1.39,1.55,1.33,2.27,16.51,8.89,0.88,31.59,24.59
design_0570,2.02,3.03,2.59,2.32,1.31,1.34,1.37,2.22,17.0,9.07,0.89,29.92,23.08
design_0571,1.88,2.96,2.34,2.33,1.39,1.58,1.33,2.16,16.57,8.89,0.88,28.72,22.37
design_0572,1.73,2.73,2.19,1.63,1.1,1.11,1.14,1.86,15.79,8.51,0.88,17.93,12.44
design_0573,2.01,3.1,1.98,2.26,1.51,1.56,1.35,2.13,17.6,9.3,0.88,25.02,19.4
design_0574,1.9,3.16,2.22,2.51,1.48,1.81,1.41,2.24,17.9,9.39,0.89,21.57,16.71
design_0575,2.11,3.02,2.84,1.97,1.13,1.09,1.37,2.21,17.18,9.14,0.88,9.37,9.15
design_0576,1.16,1.27,1.0,2.02,1.08,3.34,1.34,2.1,17.1,9.68,0.85,31.97,23.18
design_0577,1.09,1.11,1.1,1.74,1.19,3.68,1.32,2.22,18.19,10.2,0.85,25.8,19.99
design_0578,1.45,1.26,1.15,1.89,1.25,3.45,1.38,2.18,17.69,10.01,0.84,15.89,11.59
design_0579,1.33,1.31,1.01,2.12,1.3,3.25,1.38,2.11,18.33,10.17,0.86,9.61,9.35
design_0580,1.15,1.17,1.21,1.76,1.13,3.88,1.4,2.33,17.82,10.05,0.85,29.46,22.2
design_0581,1.22,1.09,0.85,1.8,1.03,2.88,1.19,1.85,18.87,10.49,0.85,14.4,10.38
design_0582,1.07,1.02,1.14,1.69,1.08,6.23,1.75,3.44,18.09,10.17,0.85,20.71,15.92
design_0583,1.21,1.2,1.11,2.11,1.17,3.03,1.31,2.0,17.85,9.98,0.85,12.78,7.91
design_0584,1.13,1.53,1.01,1.66,0.77,4.17,1.33,2.38,7.12,5.76,0.84,2.12,2.91
design_0585,1.04,1.41,2.8,1.89,0.82,7.11,2.01,3.98,5.06,4.78,0.85,4.7,4.0
design_0586,0.92,1.71,1.98,1.63,1.19,4.5,1.44,2.67,14.84,8.83,0.83,17.94,13.72
design_0587,1.13,2.05,2.02,2.12,1.2,4.88,1.67,2.93,8.71,6.33,0.83,2.82,3.29
design_0588,1.09,1.95,2.09,1.91,0.94,5.13,1.63,3.01,11.79,7.49,0.83,13.72,9.77
design_0589,1.27,2.14,2.14,2.09,1.16,4.62,1.61,2.85,9.46,6.53,0.84,3.65,4.07
design_0590,1.29,1.91,1.25,2.04,1.13,3.99,1.48,2.43,6.0,5.15,0.85,2.26,2.73
design_0591,1.24,2.31,2.23,2.22,0.87,3.14,1.43,2.3,10.74,7.05,0.83,8.74,5.68
design_0592,1.11,2.67,1.2,2.08,0.96,5.87,1.77,3.29,13.07,8.05,0.84,15.69,11.42
design_0593,1.74,2.48,2.82,2.48,1.68,7.67,2.25,4.32,9.07,6.04,0.85,12.14,8.36
design_0594,1.8,2.74,3.18,2.63,1.78,7.93,2.35,4.52,11.88,7.0,0.86,15.26,10.15
design_0595,1.4,2.6,3.11,2.74,1.5,7.92,2.32,4.47,14.31,8.08,0.87,20.01,13.21
design_0596,1.71,2.72,2.92,2.79,1.46,7.15,2.2,4.14,13.47,8.01,0.84,17.21,11.74
design_0597,1.25,2.3,2.22,2.32,1.2,6.99,2.0,3.88,7.04,5.44,0.84,14.72,9.75
design_0598,1.84,2.55,3.25,2.7,1.6,7.76,2.32,4.43,10.96,6.78,0.85,9.04,7.01
design_0599,1.26,2.65,3.78,2.48,1.29,8.24,2.37,4.65,15.42,8.61,0.87,13.85,9.3
design_0600,1.69,2.41,4.37,2.33,2.07,1.41,1.55,2.84,13.9,7.51,0.89,28.34,22.27
design_0601,1.28,2.12,4.07,2.2,1.41,1.35,1.41,2.56,14.46,7.81,0.88,6.61,4.75
design_0602,1.66,2.45,1.9,2.23,1.63,1.11,1.25,1.9,15.62,8.25,0.89,25.8,19.23
design_0603,1.38,2.63,1.92,2.46,1.46,1.22,1.31,1.94,15.79,8.38,0.89,29.44,23.01
design_0604,1.33,2.45,4.32,2.4,2.18,1.39,1.53,2.81,13.97,7.51,0.89,27.77,21.92
design_0605,1.23,2.22,4.14,2.28,1.48,1.55,1.4,2.63,13.92,7.61,0.88,29.1,22.19
design_0606,1.25,2.06,4.19,2.18,1.32,1.69,1.37,2.62,14.65,7.86,0.89,10.95,9.12
design_0607,1.25,1.97,4.09,2.14,1.41,1.39,1.37,2.55,14.42,7.83,0.88,7.26,5.12
design_0608,1.19,1.85,2.52,2.03,1.14,3.44,1.42,2.37,14.3,8.63,0.83,12.61,9.37
design_0609,1.13,2.24,1.87,2.62,0.98,3.09,1.48,2.2,15.53,9.0,0.84,22.62,15.85
design_0610,1.17,1.69,2.41,1.93,0.91,3.7,1.4,2.38,15.98,9.35,0.83,10.66,8.68
design_0611,1.26,2.08,2.6,2.22,0.99,3.11,1.44,2.33,16.74,9.59,0.84,17.7,10.89
design_0612,1.11,1.9,1.33,2.45,1.31,4.48,1.56,2.56,17.32,9.59,0.86,10.94,8.01
design_0613,1.16,1.98,2.32,2.06,0.88,3.06,1.36,2.19,15.23,8.91,0.84,8.97,5.72
design_0614,1.31,1.8,2.33,2.05,1.19,3.49,1.43,2.34,16.4,9.45,0.84,10.29,6.97
design_0615,1.16,1.99,2.31,2.2,0.89,3.08,1.39,2.22,16.71,9.53,0.84,16.92,9.16
design_0616,1.14,2.15,3.21,1.63,1.11,7.07,1.98,4.04,15.9,9.18,0.85,26.13,20.26
design_0617,1.13,2.11,0.83,1.92,0.73,7.64,2.07,4.14,14.77,8.72,0.84,13.24,11.79
design_0618,1.17,1.78,0.99,1.88,0.83,7.36,1.98,3.98,17.52,10.01,0.83,14.44,11.23
design_0619,1.23,2.43,0.9,1.81,0.84,8.26,2.2,4.47,16.59,9.36,0.85,33.52,23.78
design_0620,0.9,1.79,0.7,1.68,1.22,7.36,1.95,3.96,14.14,8.46,0.84,23.81,18.59
design_0621,1.17,2.21,3.3,1.69,0.86,6.37,1.86,3.73,16.66,9.6,0.84,34.25,26.21
design_0622,1.23,1.85,0.85,1.72,0.64,7.72,2.05,4.15,18.3,10.25,0.85,19.9,15.94
design_0623,1.2,2.28,0.96,1.74,1.48,7.86,2.11,4.27,12.72,7.65,0.85,21.97,17.13
design_0624,0.75,1.0,1.09,1.78,0.69,2.49,1.03,1.53,14.32,8.31,0.85,18.86,16.77
design_0625,0.75,0.87,1.37,1.73,0.75,2.97,1.04,1.72,16.29,9.16,0.86,13.19,6.86
design_0626,0.87,0.72,1.21,1.9,1.0,5.02,1.34,2.55,16.37,9.21,0.86,20.18,13.59
design_0627,0.82,1.01,1.07,1.95,0.98,2.36,1.07,1.54,14.68,8.5,0.85,20.19,16.28
design_0628,0.74,1.07,0.85,2.01,0.94,2.56,1.08,1.59,16.6,9.35,0.86,29.13,21.46
design_0629,0.73,1.06,0.87,1.92,0.72,2.61,1.04,1.57,15.69,8.9,0.85,28.7,21.74
design_0630,0.8,0.79,1.36,1.93,0.97,3.43,1.12,1.93,14.74,8.43,0.86,19.06,17.42
design_0631,0.83,0.88,1.35,1.8,0.72,2.99,1.06,1.74,16.96,9.46,0.86,15.65,10.52
design_0632,0.56,1.11,2.65,1.61,1.35,7.83,2.12,4.38,16.19,9.29,0.85,24.1,18.61
design_0633,0.84,1.27,2.35,1.61,0.86,7.99,2.15,4.43,15.89,9.08,0.85,34.24,25.62
design_0634,1.05,1.2,2.28,1.52,0.92,7.88,2.12,4.38,7.46,5.6,0.85,38.98,26.59
design_0635,0.93,1.71,2.21,1.52,1.14,6.78,1.9,3.84,17.31,9.73,0.86,25.89,19.95
design_0636,1.19,1.79,2.19,1.62,1.06,6.44,1.86,3.69,17.6,9.93,0.84,36.9,26.51
design_0637,0.73,1.42,2.78,1.66,1.34,8.25,2.24,4.63,17.7,9.81,0.86,28.77,20.39
design_0638,0.7,1.06,2.56,1.59,1.21,8.11,2.18,4.51,17.62,9.8,0.86,26.28,19.44
design_0639,0.99,1.45,2.43,1.63,1.21,6.7,1.89,3.82,16.99,9.72,0.84,26.43,20.17
design_0640,1.48,3.13,6.01,2.33,1.28,2.98,1.85,3.26,17.91,10.11,0.85,24.22,19.24
design_0641,1.36,3.11,3.11,1.79,1.05,8.73,2.46,5.02,17.52,10.07,0.84,26.58,20.0
design_0642,1.56,3.17,3.08,1.97,1.14,8.4,2.42,4.88,18.61,10.55,0.84,19.26,15.46
design_0643,1.58,3.13,2.2,2.0,1.19,9.79,2.69,5.5,15.98,9.15,0.85,28.7,21.9
design_0644,1.63,3.14,2.88,1.93,1.3,8.89,2.52,5.11,13.94,8.53,0.83,33.18,23.84
design_0645,1.38,2.96,5.82,1.99,1.04,2.27,1.68,2.97,14.66,8.94,0.84,22.39,17.93
design_0646,1.6,3.33,2.4,2.08,1.19,9.78,2.71,5.53,17.03,9.63,0.86,29.28,23.15
design_0647,1.56,3.37,5.93,2.21,1.05,3.11,1.87,3.29,16.24,9.38,0.84,25.17,20.0
design_0648,1.18,1.84,1.57,1.85,1.32,5.03,1.65,2.86,15.61,9.13,0.83,27.67,19.61
design_0649,1.16,1.52,1.05,1.81,1.16,4.35,1.51,2.46,6.23,5.22,0.84,4.21,3.41
design_0650,0.99,1.79,1.59,1.81,0.91,4.38,1.51,2.54,17.09,9.89,0.83,30.07,22.52
design_0651,1.33,2.13,2.44,1.89,0.85,3.86,1.55,2.55,16.66,9.78,0.82,13.15,8.11
design_0652,1.25,1.89,1.71,1.75,0.95,5.21,1.67,2.94,17.4,10.0,0.83,26.08,18.5
design_0653,0.98,1.7,2.51,1.8,0.81,3.31,1.41,2.3,15.06,8.95,0.83,28.93,20.83
design_0654,1.23,1.97,2.22,1.87,1.07,5.69,1.86,3.25,9.26,6.44,0.84,29.88,20.28
design_0655,1.4,1.98,1.69,1.77,1.23,4.46,1.59,2.65,16.27,9.51,0.83,12.23,7.62
design_0656,1.05,1.67,2.44,1.69,0.76,0.89,1.04,1.7,13.58,7.65,0.88,9.31,6.07
design_0657,0.84,1.48,1.85,1.77,1.1,1.01,0.98,1.47,13.32,7.44,0.88,15.45,9.72
design_0658,1.24,1.83,2.23,2.34,0.84,1.0,1.25,1.79,13.72,7.73,0.87,29.14,22.64
design_0659,0.87,1.63,1.73,1.87,0.78,0.89,1.01,1.44,15.96,8.51,0.89,13.32,9.77
design_0660,1.04,1.67,2.03,1.95,1.24,0.83,1.11,1.62,12.63,7.13,0.88,12.72,11.19
design_0661,0.99,1.49,2.05,1.68,0.73,1.01,1.0,1.51,14.74,7.98,0.89,11.22,7.17
design_0662,1.1,1.64,2.27,1.76,0.72,0.88,1.03,1.64,15.41,8.4,0.88,10.61,7.25
design_0663,0.71,1.81,1.62,1.88,0.82,0.95,1.05,1.43,14.81,7.88,0.89,22.65,17.99
design_0664,1.51,1.88,1.87,2.17,1.23,1.43,1.32,1.74,16.49,9.06,0.86,9.59,8.03
design_0665,1.44,2.01,2.37,2.12,1.02,1.29,1.37,1.88,16.21,8.9,0.86,18.98,14.69
design_0666,1.11,1.42,3.47,1.71,1.03,1.12,1.29,2.17,17.77,9.51,0.88,24.74,18.92
design_0667,1.21,1.59,2.43,1.81,0.89,1.16,1.21,1.75,18.1,9.6,0.88,11.04,9.8
design_0668,1.26,1.56,3.03,2.15,1.18,1.44,1.33,2.1,16.03,8.74,0.87,23.29,14.32
design_0669,1.38,1.58,2.84,1.86,1.13,1.36,1.3,1.98,16.99,9.19,0.87,23.63,18.44
design_0670,1.19,1.29,3.34,1.62,0.99,1.06,1.24,2.08,16.38,8.94,0.87,18.86,15.98
design_0671,1.52,2.08,2.06,2.31,1.29,1.45,1.41,1.87,15.89,8.83,0.86,12.38,9.69
design_0672,0.89,1.95,1.25,2.16,1.12,4.48,1.46,2.51,13.92,8.4,0.84,25.72,19.0
design_0673,0.95,2.04,1.17,2.07,1.06,4.29,1.45,2.42,7.58,5.82,0.84,7.57,5.05
design_0674,1.08,2.12,1.58,2.48,1.04,3.72,1.5,2.33,16.08,9.27,0.85,15.47,10.7
design_0675,1.05,2.25,1.42,2.2,0.94,3.46,1.4,2.18,17.24,9.8,0.85,18.51,13.42
design_0676,1.0,2.23,1.62,2.33,1.09,4.85,1.59,2.76,15.35,9.02,0.84,16.98,11.56
design_0677,0.96,2.49,1.58,2.26,1.02,4.61,1.58,2.67,14.48,8.68,0.84,13.58,9.12
design_0678,1.08,1.9,1.33,2.16,1.09,4.36,1.48,2.47,8.63,6.12,0.84,5.68,3.96
design_0679,0.92,2.12,1.42,2.09,1.28,4.43,1.51,2.53,17.96,10.1,0.85,26.28,18.91
design_0680,1.18,1.4,4.2,2.05,1.17,2.86,1.44,2.66,15.68,8.89,0.86,18.71,13.73
design_0681,1.21,2.09,3.04,2.28,0.98,2.48,1.36,2.26,15.32,8.85,0.85,19.43,15.68
design_0682,1.17,1.97,4.05,2.11,1.35,2.59,1.45,2.62,16.11,9.1,0.86,18.84,16.08
design_0683,1.47,2.26,2.67,2.43,0.97,2.28,1.39,2.18,18.53,10.12,0.86,33.2,23.77
design_0684,1.39,2.06,4.3,2.26,1.15,2.78,1.54,2.78,15.6,8.74,0.87,22.47,18.02
design_0685,1.52,1.95,3.95,2.48,1.12,2.86,1.57,2.7,18.12,9.74,0.87,15.92,14.14
design_0686,1.08,2.18,2.12,2.45,0.74,2.2,1.25,1.94,18.13,9.84,0.85,40.65,30.23
design_0687,1.4,2.1,3.9,2.28,1.13,2.66,1.52,2.62,16.32,9.06,0.87,12.43,11.12
design_0688,6.95,19.02,5.42,25.86,10.44,26.82,15.21,19.66,16.15,9.76,0.82,21.89,19.24
design_0689,7.05,19.96,4.54,25.96,10.83,24.16,15.01,18.84,17.34,10.1,0.84,20.85,19.46
design_0690,7.19,19.83,5.62,26.21,10.65,24.03,15.02,18.86,17.44,10.14,0.84,17.72,14.24
design_0691,7.2,19.86,5.67,25.97,10.78,24.22,15.03,18.89,16.5,9.69,0.84,19.97,14.27
design_0692,6.75,17.7,5.33,25.16,10.16,26.41,15.04,19.15,16.24,9.77,0.83,25.92,17.1
design_0693,6.8,18.48,5.56,25.21,10.14,27.02,15.13,19.5,17.18,10.16,0.83,23.39,19.28
design_0694,7.07,18.51,5.54,25.23,9.96,26.67,15.1,19.38,17.69,10.37,0.83,26.9,19.71
design_0695,6.82,18.89,5.62,25.72,10.42,26.42,15.15,19.46,17.7,10.47,0.83,17.22,14.8
design_0696,1.46,2.02,2.48,2.55,1.18,2.32,1.37,2.12,16.31,9.09,0.86,23.25,17.41
design_0697,1.49,1.85,2.99,2.23,1.16,2.1,1.35,2.15,16.35,9.12,0.85,17.36,10.26
design_0698,1.24,2.1,2.67,2.86,1.07,2.27,1.43,2.2,18.76,10.07,0.85,32.78,23.33
design_0699,1.71,1.62,1.7,2.35,1.48,2.45,1.28,1.94,12.27,7.39,0.85,7.38,4.43
design_0700,1.64,2.48,2.19,3.04,1.3,2.46,1.56,2.27,16.5,9.2,0.86,24.64,17.18
design_0701,2.02,2.25,1.67,2.65,1.37,2.29,1.45,2.07,14.06,8.08,0.85,24.78,16.42
design_0702,1.17,1.85,2.45,2.35,1.31,2.45,1.3,2.06,15.84,9.0,0.86,8.85,6.88
design_0703,1.31,2.04,2.65,2.55,1.01,2.14,1.37,2.11,15.97,8.73,0.86,8.3,6.82
design_0704,2.52,3.85,2.46,2.71,1.17,2.21,1.57,2.58,16.21,8.95,0.86,30.27,21.47
design_0705,2.52,3.4,2.44,2.67,1.42,2.05,1.54,2.48,15.47,8.74,0.86,30.81,23.1
design_0706,1.87,3.42,2.59,2.34,1.44,1.9,1.42,2.36,16.06,8.94,0.87,29.02,22.49
design_0707,2.91,3.5,2.56,2.58,1.28,2.26,1.58,2.6,17.27,9.52,0.86,31.82,23.7
design_0708,2.37,3.29,2.61,2.8,1.11,2.16,1.51,2.49,16.32,9.09,0.86,30.09,22.9
design_0709,2.39,3.29,2.59,2.35,1.51,1.99,1.49,2.42,16.98,9.37,0.87,28.32,21.43
design_0710,2.42,3.53,2.26,2.31,1.18,2.16,1.45,2.38,17.48,9.56,0.86,23.16,15.26
design_0711,2.45,3.84,2.5,2.63,1.23,2.26,1.56,2.58,17.24,9.47,0.86,35.47,24.51
design_0712,1.5,1.77,2.12,1.62,0.86,2.54,1.22,1.94,19.4,10.6,0.86,30.42,23.08
design_0713,1.41,1.42,2.65,1.58,0.88,2.52,1.26,2.06,18.14,10.14,0.85,15.74,11.39
design_0714,1.51,1.69,2.85,2.0,0.89,2.45,1.38,2.19,16.38,9.31,0.85,23.9,13.57
design_0715,1.4,1.85,3.49,2.02,1.18,2.53,1.47,2.45,18.59,10.28,0.86,32.98,22.64
design_0716,1.19,1.56,2.5,2.18,0.76,3.75,1.35,2.47,19.97,10.87,0.85,21.76,16.21
design_0717,1.36,1.71,2.76,1.87,0.9,2.38,1.3,2.11,19.33,10.63,0.85,30.07,20.59
design_0718,1.04,1.31,2.82,1.89,0.67,4.1,1.4,2.62,17.34,9.89,0.84,10.36,6.62
design_0719,1.54,1.81,2.28,2.03,1.19,2.38,1.31,2.03,19.65,10.74,0.86,30.65,23.37
design_0720,1.12,1.66,1.78,1.96,1.03,6.1,1.64,3.3,16.64,9.29,0.87,7.1,5.78
design_0721,1.0,1.46,2.03,2.15,1.04,2.3,1.12,1.79,13.09,7.82,0.86,2.63,2.47
design_0722,0.88,1.57,1.98,2.03,1.18,2.73,1.16,1.92,13.68,8.04,0.86,5.78,3.77
design_0723,0.9,1.5,1.81,1.89,1.05,4.95,1.4,2.76,7.78,5.64,0.85,2.45,2.84
design_0724,1.04,1.21,1.89,1.76,0.82,5.35,1.46,2.9,15.18,8.77,0.85,8.05,8.84
design_0725,0.99,1.54,2.01,2.19,1.28,2.47,1.17,1.88,16.01,8.99,0.87,6.11,4.95
design_0726,1.18,2.14,1.76,2.16,1.03,5.88,1.66,3.27,17.38,9.65,0.87,17.67,14.09
design_0727,1.26,1.77,1.76,2.05,1.09,6.38,1.71,3.45,17.22,9.55,0.86,10.73,8.26
design_0728,1.89,3.26,3.04,2.7,1.49,1.39,1.56,2.48,14.03,7.64,0.89,18.74,14.55
design_0729,1.72,3.25,1.62,2.83,1.63,1.02,1.48,2.15,15.14,8.11,0.89,30.92,23.22
design_0730,1.69,3.39,2.82,2.59,1.35,1.58,1.57,2.4,15.47,8.28,0.89,26.79,16.44
design_0731,1.84,3.3,2.52,2.82,1.47,1.44,1.59,2.37,15.56,8.33,0.89,18.77,12.63
design_0732,1.59,3.16,1.47,2.75,1.43,1.15,1.41,2.06,16.69,8.8,0.89,27.46,20.4
design_0733,1.53,3.23,1.63,2.79,1.65,1.12,1.47,2.12,16.2,8.52,0.89,28.31,21.89
design_0734,1.47,3.22,1.8,2.42,1.82,1.06,1.4,2.08,15.23,8.13,0.89,31.57,25.26
design_0735,1.77,3.48,2.35,2.85,1.69,1.38,1.6,2.39,15.84,8.47,0.89,28.51,21.68
design_0736,1.17,2.53,2.99,2.07,1.3,1.27,1.25,2.15,14.73,8.04,0.88,27.51,20.81
design_0737,1.11,2.42,3.19,2.4,1.24,1.18,1.37,2.25,16.05,8.65,0.88,23.78,17.34
design_0738,1.01,2.56,3.32,2.34,1.12,0.94,1.33,2.28,16.65,8.79,0.88,30.37,22.75
design_0739,1.08,2.56,1.53,2.19,1.22,0.96,1.14,1.69,17.67,9.28,0.88,18.09,12.69
design_0740,1.12,2.55,1.5,2.21,1.25,1.07,1.18,1.7,15.9,8.5,0.88,25.67,19.55
design_0741,1.32,2.53,3.16,2.49,1.47,1.2,1.36,2.31,17.09,9.15,0.88,29.2,21.61
design_0742,0.9,2.09,2.61,1.97,0.99,0.89,1.14,1.85,16.18,8.62,0.88,24.34,16.6
design_0743,1.09,2.68,3.19,2.37,1.16,0.93,1.34,2.26,16.29,8.72,0.88,30.8,23.48
design_0744,1.39,2.43,3.08,2.63,0.95,1.21,1.44,2.09,15.29,8.17,0.9,26.95,21.01
design_0745,0.86,1.73,2.9,2.25,1.08,0.92,1.18,1.76,15.8,8.45,0.9,24.04,17.68
design_0746,1.04,2.05,3.06,2.26,1.12,1.03,1.26,1.89,14.36,7.71,0.9,5.91,6.99
design_0747,0.79,1.85,2.9,2.19,1.15,0.85,1.18,1.76,15.42,8.2,0.9,12.34,10.1
design_0748,0.99,1.77,3.08,2.32,0.84,0.91,1.23,1.82,14.92,7.99,0.9,17.4,12.48
design_0749,0.85,2.23,2.97,2.36,1.03,0.88,1.29,1.89,15.31,8.19,0.9,40.92,30.31
design_0750,1.02,1.79,3.05,2.29,0.78,0.99,1.22,1.81,15.24,8.03,0.91,11.28,8.84
design_0751,0.8,1.77,3.68,2.22,0.78,0.8,1.23,1.92,12.83,7.0,0.9,18.89,14.1
design_0752,1.05,1.73,1.68,1.87,0.67,3.02,1.18,1.84,18.36,9.88,0.87,25.6,20.98
design_0753,0.91,2.24,1.69,2.41,0.78,2.42,1.22,1.87,17.54,9.62,0.87,13.85,9.81
design_0754,0.92,1.92,1.47,1.97,0.73,2.72,1.19,1.76,17.44,9.53,0.87,19.81,13.77
design_0755,0.85,1.93,1.85,1.83,0.79,2.69,1.15,1.8,16.08,9.0,0.86,14.68,9.47
design_0756,0.85,2.0,1.38,1.97,0.73,2.88,1.19,1.79,15.95,8.89,0.87,16.76,12.11
design_0757,1.0,2.03,1.42,2.13,0.74,3.43,1.3,2.0,16.35,8.97,0.87,14.3,10.7
design_0758,1.04,2.25,2.32,2.37,0.94,2.52,1.3,2.04,17.86,9.75,0.87,15.2,12.21
design_0759,0.97,2.08,1.81,1.88,0.89,2.43,1.17,1.78,17.76,9.71,0.87,18.58,13.64
design_0760,7.69,20.45,6.95,26.71,11.87,21.0,14.66,17.45,14.39,8.75,0.83,23.85,15.76
design_0761,7.65,20.24,7.59,26.73,11.61,20.92,14.6,17.42,16.94,9.51,0.84,24.5,13.35
design_0762,7.16,19.52,7.23,26.57,11.17,20.48,14.54,17.06,14.45,8.43,0.85,19.93,13.5
design_0763,7.59,19.04,7.21,26.56,11.07,20.6,14.5,17.02,16.24,9.3,0.84,29.92,20.4
design_0764,7.54,20.61,7.15,26.71,11.84,21.1,14.67,17.5,14.75,8.72,0.84,21.15,13.29
design_0765,7.67,19.62,8.09,26.61,11.37,20.75,14.57,17.27,15.35,8.95,0.84,24.1,15.1
design_0766,7.46,21.16,7.6,26.92,12.21,21.29,14.74,17.76,14.05,8.61,0.83,25.41,17.04
design_0767,7.76,20.82,7.46,26.79,12.0,21.24,14.7,17.65,16.07,9.39,0.84,20.9,14.22
design_0768,1.18,2.59,2.86,2.18,0.86,1.97,1.37,2.19,16.69,9.29,0.86,28.47,21.04
design_0769,1.53,2.71,3.18,2.4,1.31,2.72,1.56,2.53,12.55,7.49,0.85,25.7,17.53
design_0770,1.09,1.42,2.57,2.02,2.2,2.73,1.21,2.17,4.37,4.04,0.86,6.91,4.79
design_0771,1.09,2.5,2.46,1.77,0.94,2.08,1.23,1.99,14.92,8.45,0.86,10.36,7.55
design_0772,1.09,2.6,3.45,2.02,0.97,2.21,1.43,2.43,17.74,9.91,0.85,28.06,20.78
design_0773,1.22,2.78,2.35,2.0,1.17,2.07,1.31,2.06,13.62,7.98,0.85,7.05,4.92
design_0774,1.47,2.31,3.34,2.07,1.19,2.7,1.47,2.47,14.24,8.22,0.86,8.98,6.26
design_0775,1.38,2.58,2.38,2.11,1.04,1.64,1.32,2.0,16.16,9.02,0.86,8.36,5.21
design_0776,1.35,2.51,1.12,2.67,1.44,1.52,1.38,1.87,17.0,9.3,0.86,22.13,18.71
design_0777,1.15,2.28,2.6,2.34,1.14,1.97,1.3,1.99,15.77,8.83,0.86,19.73,13.46
design_0778,1.35,2.46,2.81,2.28,1.32,1.96,1.33,2.09,15.65,8.97,0.85,17.39,11.64
design_0779,1.45,2.83,0.87,2.52,1.48,2.41,1.36,2.06,14.25,8.23,0.86,20.72,14.25
design_0780,1.32,2.01,1.75,2.25,1.0,2.22,1.19,1.83,16.76,9.19,0.87,24.66,16.59
design_0781,1.5,2.22,2.26,1.91,0.93,2.22,1.2,1.9,16.86,9.26,0.87,24.6,20.29
design_0782,1.31,2.97,2.37,2.89,1.05,2.0,1.54,2.22,14.5,8.37,0.86,27.01,19.32
design_0783,1.2,2.57,2.74,2.49,1.0,2.12,1.34,2.12,17.62,9.64,0.87,19.89,14.6
design_0784,1.27,1.41,4.14,2.31,0.96,1.36,1.4,2.37,16.61,9.14,0.87,11.3,9.09
design_0785,1.64,1.78,1.96,2.61,1.03,1.29,1.29,1.82,13.91,7.92,0.87,14.52,8.66
design_0786,1.2,1.49,2.89,2.75,0.88,1.3,1.33,2.01,6.93,5.09,0.86,8.99,5.94
design_0787,1.36,2.1,2.87,2.84,0.92,1.41,1.42,2.14,15.79,8.75,0.87,27.72,22.38
design_0788,1.39,2.36,3.83,2.62,0.89,1.41,1.5,2.44,16.64,9.03,0.88,31.44,26.95
design_0789,1.45,1.77,3.02,2.48,0.88,1.24,1.35,2.05,16.27,8.92,0.88,15.36,10.63
design_0790,1.26,1.68,2.59,3.11,1.16,1.76,1.36,2.11,7.18,5.15,0.86,7.56,4.91
design_0791,1.45,1.81,2.86,2.24,0.89,1.2,1.27,1.96,17.05,9.25,0.88,20.54,14.68
design_0792,0.94,1.52,0.87,1.48,0.81,2.1,1.06,1.43,16.86,9.58,0.85,17.07,13.96
design_0793,1.41,1.26,0.71,1.56,0.79,2.05,1.1,1.43,18.37,10.15,0.86,24.35,19.52
design_0794,1.1,1.35,0.85,1.7,0.99,2.22,1.19,1.51,16.69,9.41,0.86,8.01,5.59
design_0795,1.3,1.7,0.85,1.91,1.14,1.96,1.25,1.56,16.86,9.46,0.86,8.43,10.75
design_0796,1.16,1.5,0.96,1.87,1.14,2.22,1.2,1.6,14.31,8.15,0.87,3.07,3.09
design_0797,1.16,1.31,0.93,1.63,0.84,2.11,1.11,1.46,15.0,8.68,0.86,18.66,13.46
design_0798,1.71,1.41,0.62,1.67,0.99,2.24,1.15,1.59,17.05,9.55,0.86,13.16,11.77
design_0799,1.53,1.35,0.78,1.7,1.14,2.26,1.18,1.59,15.18,8.76,0.85,25.95,18.58
design_0800,1.37,2.55,1.2,2.44,1.39,1.49,1.27,1.77,15.66,8.52,0.88,7.13,5.49
design_0801,1.3,2.7,1.52,2.54,1.01,1.22,1.28,1.81,13.98,7.81,0.88,9.99,8.34
design_0802,1.38,2.73,1.42,2.28,1.13,1.3,1.27,1.77,15.74,8.62,0.87,14.23,10.2
design_0803,1.19,2.5,1.46,2.04,1.0,1.29,1.17,1.64,14.36,8.06,0.87,8.24,6.22
design_0804,1.35,2.66,1.13,2.24,1.0,1.48,1.21,1.7,15.57,8.45,0.88,10.41,8.64
design_0805,1.41,2.69,1.29,2.06,1.24,1.38,1.22,1.71,13.95,7.94,0.87,3.76,3.56
design_0806,1.38,2.64,1.28,2.35,1.21,1.32,1.27,1.75,15.29,8.4,0.88,7.02,6.03
design_0807,1.49,2.78,1.45,2.33,1.21,1.46,1.32,1.83,13.49,7.72,0.86,10.99,8.71
design_0808,1.37,2.61,1.32,2.36,0.72,0.95,1.28,1.69,14.92,8.46,0.86,14.78,9.55
design_0809,1.34,2.35,4.34,2.22,0.98,0.97,1.53,2.52,16.75,9.06,0.88,20.62,13.34
design_0810,1.01,2.2,2.17,2.54,0.9,1.3,1.35,1.84,8.22,5.38,0.87,16.92,11.11
design_0811,1.29,2.65,1.38,2.18,0.74,1.1,1.26,1.67,15.19,8.45,0.87,13.61,8.7
design_0812,1.44,2.62,2.31,2.13,1.14,0.94,1.32,1.9,12.98,7.54,0.86,26.56,17.13
design_0813,1.2,2.53,2.31,2.34,0.74,1.04,1.33,1.88,16.05,8.9,0.87,31.8,23.05
design_0814,1.47,2.42,1.56,2.17,0.97,1.17,1.26,1.7,16.16,8.91,0.87,11.49,7.81
design_0815,1.45,2.47,2.09,2.18,0.77,0.84,1.3,1.79,14.88,8.5,0.85,8.48,6.35
design_0816,1.39,2.26,3.31,2.87,1.39,1.94,1.65,2.38,14.64,8.09,0.87,31.92,23.48
design_0817,0.97,1.61,1.02,1.7,0.85,2.26,1.06,1.53,15.32,8.87,0.85,5.03,4.55
design_0818,1.11,1.77,3.56,2.34,1.32,1.32,1.38,2.19,15.76,8.93,0.85,33.38,24.53
design_0819,1.05,2.06,1.69,2.18,1.1,3.48,1.42,2.2,17.68,9.82,0.86,24.35,19.35
design_0820,1.38,2.12,1.58,2.11,1.27,2.32,1.3,1.86,5.65,4.73,0.86,4.83,3.47
design_0821,1.33,2.03,1.42,1.8,1.29,1.71,1.2,1.61,5.7,4.8,0.86,2.1,2.06
design_0822,1.14,2.01,1.47,2.6,1.3,2.27,1.35,1.89,13.1,7.8,0.84,10.98,7.21
design_0823,1.31,1.92,1.45,2.31,1.34,2.45,1.34,1.88,15.07,8.61,0.85,32.93,23.44
design_0824,1.48,2.24,1.41,2.76,1.12,1.48,1.32,1.82,15.26,8.32,0.88,20.52,13.02
design_0825,1.32,2.18,1.59,2.47,1.12,1.38,1.25,1.74,14.96,8.22,0.88,22.24,15.52
design_0826,1.59,2.28,1.64,2.68,1.34,1.61,1.38,1.91,16.2,8.73,0.88,24.1,15.33
design_0827,1.3,2.15,1.69,2.79,1.15,1.5,1.33,1.85,14.12,7.8,0.88,12.66,9.56
design_0828,1.24,2.46,1.83,2.7,1.08,1.9,1.4,1.95,7.24,4.92,0.87,7.2,5.98
design_0829,1.77,2.75,1.92,2.92,1.31,1.81,1.57,2.15,13.01,7.4,0.87,21.83,16.79
design_0830,1.45,2.71,1.65,2.85,1.16,2.13,1.48,2.06,9.34,5.83,0.87,10.45,7.79
design_0831,1.3,2.22,1.77,2.72,0.94,1.45,1.35,1.84,12.11,6.96,0.87,11.15,8.28
design_0832,8.22,23.12,11.01,27.3,13.3,29.57,15.96,21.96,16.86,9.99,0.83,19.4,16.19
design_0833,9.28,22.73,9.37,27.26,13.53,26.1,15.56,20.58,17.78,10.45,0.83,29.61,18.25
design_0834,8.96,23.95,10.61,27.33,13.77,26.91,15.74,21.15,17.05,10.13,0.83,19.68,15.12
design_0835,9.79,23.67,10.51,27.35,13.72,26.31,15.68,20.94,18.62,10.77,0.83,25.04,19.06
design_0836,8.46,23.66,9.16,27.19,13.47,25.47,15.52,20.4,17.28,10.12,0.83,20.34,18.95
design_0837,7.91,23.2,10.4,27.3,13.79,26.73,15.65,20.89,15.45,9.39,0.83,19.88,14.68
design_0838,7.84,21.02,9.65,26.59,12.2,29.62,15.75,21.36,15.37,9.27,0.83,18.19,14.84
design_0839,7.88,22.15,10.48,26.91,12.73,30.1,15.9,21.85,14.79,9.05,0.82,19.07,15.77
design_0840,1.61,2.66,1.75,2.2,1.6,7.63,2.16,4.23,10.91,6.93,0.85,11.8,7.93
design_0841,1.17,2.26,1.09,1.98,1.06,5.85,1.72,3.27,18.89,10.48,0.85,32.68,20.86
design_0842,1.13,2.23,1.77,1.75,1.09,5.65,1.71,3.19,13.49,8.32,0.84,24.42,19.72
design_0843,1.18,2.73,1.37,2.0,1.53,7.76,2.15,4.23,14.95,8.8,0.84,17.94,12.9
design_0844,1.51,2.93,1.76,2.73,2.01,7.26,2.17,4.15,6.2,5.1,0.85,14.73,9.24
design_0845,1.31,2.28,1.83,2.21,1.06,4.08,1.52,2.59,17.79,10.1,0.84,18.79,13.8
design_0846,1.78,2.77,1.96,2.19,1.54,7.77,2.21,4.32,15.13,8.91,0.84,10.47,8.32
design_0847,1.15,2.7,1.6,1.94,1.33,8.05,2.21,4.36,17.08,9.67,0.86,18.6,15.13
design_0848,1.59,1.44,1.83,2.12,1.19,1.57,1.21,1.69,14.09,7.9,0.87,35.12,25.31
design_0849,1.22,1.09,0.84,1.93,1.12,1.12,0.97,1.24,13.78,7.7,0.87,14.19,9.98
design_0850,1.78,1.7,2.39,2.44,1.39,2.08,1.41,2.06,13.43,7.64,0.87,30.55,22.94
design_0851,1.25,1.4,1.64,2.31,1.48,1.71,1.23,1.67,11.91,6.93,0.87,5.2,4.81
design_0852,1.46,1.0,2.03,1.81,1.09,1.07,1.06,1.56,15.57,8.5,0.88,24.63,18.91
design_0853,1.6,1.82,2.35,2.4,1.32,1.62,1.36,1.97,16.28,8.78,0.87,38.25,27.97
design_0854,1.44,1.34,1.74,2.09,1.31,1.63,1.15,1.64,16.29,8.79,0.88,22.47,18.46
design_0855,1.67,1.38,2.36,2.27,1.34,1.96,1.31,1.95,11.36,6.81,0.87,29.57,21.97
design_0856,0.83,1.17,3.6,2.43,1.02,5.99,1.78,3.45,4.69,4.33,0.86,7.17,5.1
design_0857,0.76,1.38,3.89,2.67,0.72,6.46,1.95,3.72,7.22,5.25,0.85,8.19,5.75
design_0858,0.76,1.71,3.55,2.27,0.88,6.47,1.92,3.63,12.7,7.71,0.85,10.22,6.63
design_0859,1.04,1.15,4.44,2.37,1.14,7.54,2.12,4.24,12.18,7.23,0.86,10.7,6.94
design_0860,1.01,1.36,4.18,2.76,2.54,8.01,2.29,4.49,14.22,7.95,0.87,15.0,9.65
design_0861,1.0,2.05,1.81,2.6,1.03,6.9,1.94,3.63,10.71,6.39,0.87,9.6,6.64
design_0862,0.89,2.06,4.0,2.54,1.16,7.96,2.26,4.38,16.82,8.89,0.89,35.33,26.94
design_0863,1.11,1.42,4.18,2.44,1.56,8.21,2.29,4.49,16.8,8.89,0.89,20.59,16.58
design_0864,1.15,2.45,1.97,2.49,1.19,3.38,1.44,2.3,5.49,4.66,0.86,7.71,6.09
design_0865,1.1,2.13,1.5,2.08,0.72,2.87,1.19,1.91,8.87,6.2,0.84,3.76,2.85
design_0866,1.08,3.18,1.54,2.49,1.05,3.3,1.45,2.3,16.95,9.52,0.85,35.84,26.03
design_0867,1.06,2.01,5.64,1.72,0.88,1.14,1.58,3.02,14.48,8.26,0.87,11.08,8.44
design_0868,1.21,2.57,1.65,2.28,0.93,4.6,1.5,2.6,15.81,9.03,0.85,15.9,11.89
design_0869,1.11,2.1,1.58,2.2,0.81,4.13,1.36,2.35,9.41,6.44,0.84,3.62,2.97
design_0870,1.19,2.46,3.7,2.43,1.0,3.42,1.58,2.76,13.55,8.3,0.83,14.02,11.61
design_0871,1.13,2.44,5.5,1.94,1.09,1.41,1.63,3.05,15.3,8.84,0.85,31.17,24.18
design_0872,1.22,1.84,3.61,2.34,0.86,4.77,1.64,3.08,17.57,9.84,0.86,11.62,11.08
design_0873,1.14,1.7,4.06,2.15,1.04,5.35,1.73,3.37,16.6,9.52,0.85,21.93,17.13
design_0874,1.21,1.82,3.69,2.22,1.1,6.77,1.96,3.9,19.06,10.45,0.86,14.32,12.66
design_0875,1.18,1.87,3.63,2.59,0.87,3.73,1.51,2.75,15.24,8.9,0.84,12.68,8.72
design_0876,1.09,1.99,4.17,2.14,0.88,5.76,1.81,3.57,17.19,9.66,0.86,18.96,12.98
design_0877,1.1,1.57,3.33,2.03,1.59,5.3,1.64,3.22,13.25,8.07,0.84,12.79,9.64
design_0878,1.35,1.96,3.45,2.46,0.89,4.06,1.58,2.83,17.97,9.96,0.86,13.95,12.88
design_0879,1.15,1.77,1.3,2.26,0.91,7.94,2.05,4.15,6.13,4.98,0.85,5.2,4.43
design_0880,0.9,1.64,2.55,1.64,0.78,5.14,1.4,2.71,15.2,8.63,0.86,26.18,20.02
design_0881,1.0,1.69,1.12,2.09,1.05,5.15,1.4,2.65,14.59,8.17,0.87,24.16,18.28
design_0882,1.01,1.96,1.11,1.77,0.78,5.5,1.49,2.76,15.11,8.41,0.87,35.88,24.8
design_0883,1.05,1.87,0.91,1.72,0.92,5.51,1.47,2.75,16.38,8.94,0.88,24.85,18.26
design_0884,0.98,1.58,1.03,1.76,0.72,5.42,1.45,2.68,15.92,8.75,0.88,31.5,23.17
design_0885,1.12,1.69,0.87,1.58,1.08,5.4,1.42,2.68,12.18,7.1,0.87,24.6,18.84
design_0886,0.98,1.83,1.39,1.7,0.7,5.28,1.42,2.67,16.05,8.87,0.87,37.35,25.32
design_0887,1.07,2.08,1.26,1.79,0.81,5.39,1.52,2.75,16.89,9.08,0.88,23.74,16.97
design_0888,2.09,2.14,3.42,1.88,1.23,2.4,1.53,2.48,16.57,9.15,0.87,30.13,22.3
design_0889,2.15,2.2,2.81,1.96,1.2,1.93,1.47,2.22,16.42,9.23,0.85,21.73,16.15
design_0890,2.08,2.27,3.02,1.94,1.27,1.66,1.42,2.26,19.24,10.42,0.86,29.6,21.46
design_0891,1.77,2.4,3.39,1.71,1.27,2.23,1.44,2.43,16.04,9.12,0.85,26.75,18.99
design_0892,2.35,2.37,4.66,1.95,1.45,2.02,1.72,3.03,15.6,8.76,0.86,28.03,20.86
design_0893,2.24,2.13,3.25,1.93,1.21,2.0,1.53,2.39,16.73,9.3,0.86,24.23,17.39
design_0894,2.12,2.15,3.31,1.82,1.3,2.4,1.51,2.45,15.99,8.84,0.87,30.81,22.81
design_0895,2.32,2.49,3.43,2.11,1.44,2.37,1.61,2.6,17.71,9.63,0.87,29.51,22.54
design_0896,1.59,2.43,1.13,2.56,1.49,3.49,1.55,2.48,16.68,9.54,0.85,8.26,6.6
design_0897,1.23,1.59,1.48,2.56,1.6,2.78,1.46,2.11,11.17,7.1,0.84,3.43,3.26
design_0898,1.69,2.21,1.07,2.01,1.32,5.89,1.77,3.44,18.2,10.29,0.85,23.74,18.74
design_0899,1.52,1.95,1.04,2.5,1.52,4.13,1.57,2.67,16.75,9.61,0.85,15.84,13.32
design_0900,1.58,2.26,1.33,2.3,1.46,5.91,1.88,3.5,18.01,10.17,0.85,33.26,26.07
design_0901,1.31,1.68,1.01,2.63,1.5,3.94,1.54,2.56,17.86,10.05,0.85,9.65,8.04
design_0902,1.33,2.5,1.21,2.05,1.28,6.3,1.85,3.65,18.6,10.44,0.85,13.94,10.18
design_0903,1.32,2.45,1.18,2.23,1.48,5.99,1.83,3.52,17.76,10.1,0.85,14.0,12.86
design_0904,1.11,1.59,1.31,1.79,1.05,4.28,1.42,2.42,10.86,7.09,0.84,4.9,4.6
design_0905,0.99,1.39,1.39,1.55,1.07,4.06,1.3,2.29,9.85,6.66,0.84,4.77,4.32
design_0906,1.2,1.34,1.32,1.61,1.01,5.88,1.63,3.1,6.32,5.18,0.84,3.57,3.89
design_0907,1.07,1.73,1.0,1.74,1.06,3.76,1.34,2.18,12.79,7.93,0.83,6.4,5.32
design_0908,1.08,1.77,1.28,1.8,1.09,3.85,1.38,2.26,15.44,9.02,0.83,13.6,10.42
design_0909,1.06,1.89,0.94,1.73,1.22,3.8,1.34,2.22,7.55,5.75,0.84,7.72,5.97
design_0910,1.26,1.49,1.53,1.75,1.09,3.8,1.34,2.25,15.32,8.98,0.83,31.88,23.43
design_0911,1.2,1.47,1.27,1.57,1.07,3.95,1.31,2.25,7.88,5.87,0.84,3.79,3.38
design_0912,8.48,20.81,9.71,27.09,10.88,22.9,14.71,17.75,10.69,6.91,0.84,30.01,21.47
design_0913,9.24,21.49,11.93,27.43,11.99,23.98,14.96,18.66,14.74,8.74,0.84,27.92,18.65
design_0914,8.43,20.76,10.09,27.22,11.07,23.03,14.77,17.87,14.49,8.54,0.85,29.39,19.09
design_0915,8.52,21.13,10.85,27.12,11.57,23.38,14.84,18.14,15.61,9.22,0.84,26.93,20.28
design_0916,10.03,22.5,8.33,27.28,11.96,21.71,14.78,17.86,13.57,7.83,0.86,27.75,15.93
design_0917,8.94,20.73,10.28,27.22,11.41,22.95,14.77,17.94,14.92,9.04,0.83,28.0,17.64
design_0918,9.7,21.17,9.66,27.46,11.54,23.19,14.83,18.11,12.6,7.86,0.83,29.11,17.32
design_0919,9.14,21.97,12.01,27.39,12.2,23.79,14.98,18.7,15.19,9.11,0.83,26.7,17.98
design_0920,0.81,1.93,3.85,1.94,1.01,1.64,1.48,2.39,16.29,9.3,0.84,23.06,16.27
design_0921,0.85,2.34,2.99,2.27,1.03,2.11,1.49,2.22,10.56,6.84,0.84,26.49,18.14
design_0922,0.95,1.88,3.69,1.79,1.22,2.02,1.47,2.38,15.59,9.15,0.83,13.68,8.73
design_0923,0.93,1.82,4.32,2.01,1.26,1.82,1.61,2.63,13.4,7.76,0.86,21.21,15.22
design_0924,1.08,1.81,4.23,2.08,1.13,1.82,1.61,2.6,15.09,8.53,0.85,19.1,14.4
design_0925,1.0,1.61,3.95,2.16,1.05,1.91,1.57,2.48,11.81,7.16,0.85,23.02,15.93
design_0926,0.88,1.58,4.32,1.6,0.92,2.69,1.54,2.7,16.71,9.45,0.84,27.86,19.79
design_0927,0.89,2.11,3.82,2.16,0.94,3.22,1.64,2.73,14.4,8.39,0.84,30.57,21.47
design_0928,0.96,2.95,1.13,2.1,1.36,4.74,1.5,2.72,15.93,9.15,0.85,5.4,5.06
design_0929,1.31,3.17,2.85,2.28,0.99,2.16,1.41,2.26,17.37,9.66,0.86,24.7,17.64
design_0930,1.05,2.81,3.34,1.93,1.13,4.24,1.5,2.8,17.88,9.82,0.86,25.49,18.42
design_0931,1.07,3.09,2.75,2.43,1.24,2.26,1.45,2.26,14.21,8.34,0.85,31.59,24.14
design_0932,1.09,2.72,2.33,2.24,0.86,1.91,1.32,1.97,14.83,8.57,0.86,14.19,11.11
design_0933,0.98,3.11,1.16,2.11,0.93,5.28,1.58,2.93,17.71,9.86,0.86,12.64,9.78
design_0934,1.13,3.05,3.13,1.91,0.92,3.91,1.47,2.68,15.9,8.98,0.86,22.65,17.72
design_0935,1.17,3.37,1.97,2.28,1.18,1.89,1.39,2.08,17.56,9.84,0.86,30.23,22.86
design_0936,1.21,2.15,1.23,1.98,0.99,1.59,1.17,1.57,11.95,6.94,0.87,5.93,4.05
design_0937,1.16,2.19,1.48,2.0,1.18,1.55,1.19,1.63,14.53,8.06,0.88,11.4,7.89
design_0938,1.13,2.1,1.23,1.96,1.22,1.49,1.15,1.55,15.68,8.56,0.88,10.56,7.42
design_0939,1.19,1.95,0.94,1.77,0.94,1.67,1.06,1.45,15.33,8.36,0.88,8.29,6.27
design_0940,1.19,2.04,0.94,2.11,1.07,1.74,1.16,1.57,14.91,8.23,0.88,9.24,6.36
design_0941,1.09,2.1,1.29,2.17,1.16,1.6,1.18,1.62,14.83,8.18,0.88,16.12,13.25
design_0942,1.21,1.86,0.87,1.95,0.91,1.69,1.09,1.46,12.67,7.19,0.88,10.01,7.87
design_0943,1.22,1.94,1.0,1.89,1.02,1.63,1.12,1.49,15.04,8.28,0.88,10.74,6.61
design_0944,0.89,1.77,1.21,1.62,0.67,7.08,1.89,3.86,14.53,8.72,0.83,13.69,8.74
design_0945,1.26,1.4,4.96,1.7,0.79,3.02,1.44,2.63,16.7,9.51,0.84,29.41,19.77
design_0946,0.83,1.68,2.93,1.78,1.52,3.12,1.35,2.27,12.65,8.12,0.82,20.08,15.25
design_0947,1.31,1.82,5.03,1.69,0.97,2.73,1.44,2.6,15.0,8.86,0.84,15.93,12.59
design_0948,0.8,1.62,0.98,2.19,0.75,7.26,1.94,3.97,14.2,8.47,0.84,15.3,10.14
design_0949,0.74,1.2,4.02,1.7,1.04,3.22,1.31,2.43,15.5,9.21,0.84,10.18,7.83
design_0950,1.06,1.54,5.1,1.67,1.1,2.83,1.45,2.61,13.36,8.12,0.85,17.12,13.19
design_0951,1.26,1.33,5.03,1.81,1.03,2.58,1.41,2.54,14.76,8.74,0.84,13.51,10.28
design_0952,1.17,1.98,1.51,2.26,1.46,1.55,1.22,1.68,15.26,8.33,0.88,12.32,9.68
design_0953,1.22,2.4,1.5,2.04,1.17,1.29,1.22,1.65,14.6,8.14,0.86,23.45,17.27
design_0954,1.0,1.97,1.61,2.35,1.3,1.54,1.16,1.68,14.95,8.23,0.88,6.68,6.29
design_0955,1.04,1.88,1.22,2.33,1.09,1.66,1.07,1.58,16.06,8.74,0.88,25.04,17.99
design_0956,1.08,1.77,0.54,2.05,1.11,1.48,1.1,1.37,15.82,8.54,0.87,25.8,19.34
design_0957,1.26,2.3,0.98,2.14,1.15,1.6,1.19,1.59,15.47,8.41,0.88,23.06,17.21
design_0958,1.28,2.28,1.39,2.44,1.17,1.61,1.3,1.74,14.9,8.27,0.87,24.93,17.49
design_0959,1.32,2.43,1.24,2.59,1.16,1.73,1.37,1.79,14.71,8.03,0.88,33.43,23.05
design_0960,1.11,1.08,2.25,1.75,1.08,2.68,1.19,1.94,15.02,8.8,0.85,21.02,16.32
design_0961,1.1,1.52,1.45,2.08,1.21,3.95,1.37,2.3,10.28,6.98,0.83,5.97,5.19
design_0962,1.25,1.74,1.95,2.51,1.24,4.11,1.56,2.53,15.34,8.93,0.84,17.36,12.71
design_0963,0.96,1.58,1.05,2.13,1.27,2.01,1.15,1.57,13.3,8.09,0.84,4.97,4.9
design_0964,1.08,1.58,3.38,1.95,1.75,4.17,1.57,2.85,8.76,6.33,0.84,6.79,5.99
design_0965,1.23,1.98,1.49,2.78,1.74,2.49,1.49,2.03,7.44,5.48,0.85,8.1,7.58
design_0966,1.23,1.63,1.32,2.27,1.27,2.12,1.24,1.71,16.36,9.33,0.85,22.5,15.59
design_0967,1.06,1.49,0.95,2.05,1.21,2.93,1.2,1.83,12.05,7.67,0.83,4.66,4.2
design_0968,1.22,1.15,3.66,1.92,1.2,2.89,1.27,2.24,13.32,8.06,0.85,5.56,4.07
design_0969,1.16,1.5,1.06,2.11,1.18,5.59,1.54,2.83,10.44,6.52,0.86,3.59,3.64
design_0970,1.15,1.3,1.36,2.32,1.27,5.53,1.54,2.84,10.54,6.69,0.85,3.08,3.47
design_0971,1.22,1.55,1.31,2.04,1.08,5.21,1.48,2.69,10.92,6.82,0.85,3.91,3.93
design_0972,1.25,1.52,1.09,2.35,1.15,5.29,1.48,2.75,10.8,6.82,0.85,3.09,3.16
design_0973,1.23,1.17,4.71,1.79,1.2,2.96,1.37,2.52,12.09,7.46,0.85,8.81,6.06
design_0974,1.23,1.59,4.87,1.85,1.35,3.42,1.46,2.72,17.28,9.56,0.87,6.14,6.41
design_0975,1.53,1.82,2.65,2.47,1.42,3.08,1.47,2.29,14.6,8.4,0.86,9.01,6.88
design_0976,1.15,1.21,5.99,1.78,0.85,9.72,2.8,5.76,16.36,9.33,0.84,23.87,14.78
design_0977,1.72,1.44,1.29,1.95,1.17,4.46,1.66,2.69,17.26,9.75,0.85,18.8,14.14
design_0978,1.34,0.9,1.78,1.88,0.95,5.37,1.66,3.08,15.07,9.07,0.83,23.88,17.89
design_0979,1.7,1.56,1.51,1.94,1.39,5.5,1.88,3.21,17.74,9.88,0.86,27.65,21.7
design_0980,1.38,1.08,6.11,1.77,1.0,9.7,2.79,5.78,17.79,9.93,0.85,14.92,11.1
design_0981,1.35,1.27,1.73,2.11,1.42,5.76,1.86,3.33,17.23,9.67,0.85,12.81,11.79
design_0982,1.69,1.44,1.42,1.88,1.14,5.72,1.88,3.28,19.37,10.63,0.85,33.18,23.22
design_0983,1.13,0.81,6.68,1.74,0.78,9.83,2.84,5.93,14.92,8.77,0.84,18.43,16.12
design_0984,1.61,2.83,2.32,2.1,1.34,1.52,1.26,2.06,13.59,7.73,0.87,31.17,23.55
design_0985,2.09,3.17,3.79,1.97,1.05,1.47,1.49,2.68,16.28,9.06,0.85,30.26,22.98
design_0986,1.75,2.97,2.61,2.02,1.28,1.26,1.31,2.17,16.53,9.25,0.85,30.78,22.09
design_0987,1.46,3.15,5.19,2.12,1.17,1.79,1.75,3.28,14.7,8.24,0.86,29.83,22.88
design_0988,1.86,2.99,2.28,2.13,1.03,1.49,1.26,2.09,16.06,8.93,0.85,34.01,26.43
design_0989,2.25,3.14,3.12,2.4,1.02,1.31,1.52,2.49,15.52,8.88,0.84,22.98,15.53
design_0990,1.95,3.38,2.56,2.24,1.47,1.44,1.43,2.31,17.17,9.15,0.88,31.7,23.26
design_0991,1.84,3.07,2.65,1.94,1.44,1.34,1.32,2.21,16.77,9.35,0.85,32.85,24.97
design_0992,1.3,1.41,1.31,2.49,1.52,4.91,1.6,2.74,11.02,7.05,0.84,23.23,16.76
design_0993,1.26,1.14,1.24,1.83,1.13,4.33,1.34,2.37,18.94,10.38,0.85,17.24,11.92
design_0994,1.4,1.44,1.84,2.14,1.05,3.2,1.31,2.11,13.67,8.27,0.83,27.18,19.6
design_0995,1.26,1.56,1.23,2.34,1.01,3.76,1.38,2.23,14.16,8.38,0.84,24.45,17.21
design_0996,1.37,1.59,1.83,2.29,1.28,3.37,1.35,2.21,13.74,8.33,0.83,27.47,19.79
design_0997,1.4,1.28,2.66,2.12,1.07,2.98,1.36,2.24,15.54,8.97,0.85,31.14,23.14
design_0998,0.97,1.47,1.19,2.03,1.4,3.84,1.34,2.21,5.37,4.76,0.85,10.03,6.45
design_0999,1.23,1.37,3.17,2.29,1.4,2.63,1.42,2.33,17.49,9.77,0.85,34.76,25.44
design_1000,1.22,1.11,3.43,2.26,1.38,1.9,1.16,1.98,10.21,6.34,0.87,6.23,4.46
design_1001,1.48,1.58,3.46,2.06,1.27,2.11,1.26,2.06,15.68,8.68,0.87,10.2,6.69
design_1002,1.07,1.46,3.23,1.91,1.22,2.22,1.17,1.93,14.5,8.05,0.89,4.18,3.97
design_1003,1.37,1.96,3.43,2.18,1.32,2.18,1.29,2.13,15.77,8.62,0.88,4.67,3.81
design_1004,1.13,1.65,3.41,2.07,1.42,2.39,1.24,2.09,15.21,8.33,0.89,4.69,3.93
design_1005,1.33,1.53,3.33,2.12,1.24,2.32,1.24,2.05,15.54,8.55,0.88,11.11,9.15
design_1006,1.33,1.5,3.19,2.08,1.45,2.13,1.24,2.0,16.37,9.03,0.88,13.47,11.64
design_1007,1.11,1.77,3.44,2.0,1.14,2.19,1.2,2.02,14.63,8.17,0.88,4.93,4.25
design_1008,1.04,2.63,0.86,1.78,1.13,7.02,1.91,3.85,15.82,8.99,0.85,32.87,23.83
design_1009,1.1,2.7,1.24,1.73,1.0,4.78,1.54,2.84,12.4,7.71,0.84,24.77,19.12
design_1010,1.3,2.7,1.15,1.85,1.1,6.0,1.76,3.41,16.4,9.46,0.85,26.83,20.81
design_1011,1.19,2.69,1.13,1.79,1.09,6.77,1.9,3.76,15.92,9.03,0.86,23.3,18.03
design_1012,1.16,2.49,1.05,1.77,1.23,5.9,1.7,3.33,17.38,9.83,0.86,29.67,22.98
design_1013,1.04,2.52,1.29,1.72,0.92,5.76,1.67,3.25,14.68,8.64,0.85,27.66,21.29
design_1014,1.14,2.72,1.26,1.82,1.02,5.92,1.76,3.37,17.31,9.74,0.86,25.37,19.69
design_1015,1.12,2.48,1.27,1.78,1.23,6.33,1.78,3.54,16.82,9.5,0.86,28.77,23.27
design_1016,0.81,1.71,3.12,1.8,1.07,1.97,1.19,1.92,17.23,9.48,0.87,20.84,16.41
design_1017,1.08,2.1,2.54,2.01,1.01,2.4,1.26,1.96,17.95,9.88,0.86,22.82,17.81
design_1018,0.99,1.9,2.95,2.26,1.11,2.35,1.3,2.07,17.05,9.44,0.87,24.7,20.16
design_1019,0.81,1.77,3.38,1.95,1.18,2.27,1.28,2.09,16.83,9.23,0.88,24.04,19.54
design_1020,0.81,1.86,3.44,1.83,0.97,2.21,1.25,2.07,17.48,9.67,0.86,23.95,19.12
design_1021,0.74,1.54,3.18,1.82,1.04,2.01,1.17,1.92,15.56,8.73,0.87,21.27,16.99
design_1022,0.8,1.97,3.28,2.0,1.02,2.14,1.29,2.06,16.97,9.29,0.88,26.65,21.48
design_1023,0.95,2.19,2.45,2.1,1.05,2.12,1.28,1.91,16.78,9.3,0.87,24.17,19.67
design_1024,1.63,2.25,2.24,2.58,0.99,2.17,1.43,2.07,15.57,8.75,0.85,18.37,11.93
design_1025,1.45,1.8,2.32,1.97,0.8,2.93,1.24,2.06,16.47,9.22,0.86,28.59,21.44
design_1026,1.44,2.11,1.65,2.2,1.12,2.73,1.27,1.97,6.03,4.85,0.86,7.6,6.02
design_1027,1.4,1.93,1.65,2.14,1.13,2.63,1.23,1.9,12.41,7.48,0.85,8.38,6.96
design_1028,1.67,2.16,1.54,2.41,1.06,2.74,1.3,2.01,15.84,8.88,0.86,11.72,9.4
design_1029,1.33,2.05,1.31,2.28,0.99,2.78,1.26,1.9,14.3,8.36,0.85,7.35,6.38
design_1030,1.36,2.09,1.59,2.35,1.27,2.81,1.28,2.0,11.2,6.92,0.85,9.97,7.56
design_1031,1.6,2.17,2.62,2.51,1.23,2.71,1.41,2.27,16.5,9.21,0.86,23.15,17.15
design_1032,1.06,2.29,1.12,2.16,0.97,1.55,1.2,1.6,14.65,8.07,0.88,9.56,6.07
design_1033,1.01,1.94,0.89,2.18,0.86,1.45,1.16,1.47,17.58,9.38,0.88,17.38,14.14
design_1034,1.02,1.75,0.75,1.64,0.92,1.4,1.02,1.28,13.35,7.52,0.88,11.38,8.95
design_1035,1.17,2.4,1.45,2.4,1.08,1.7,1.3,1.77,17.09,9.08,0.89,28.11,17.06
design_1036,1.1,1.73,0.7,1.78,1.12,1.43,1.07,1.35,17.53,9.35,0.88,13.87,10.72
design_1037,1.0,2.21,0.87,2.04,0.88,1.19,1.16,1.45,18.91,9.88,0.88,44.07,30.45
design_1038,1.13,1.85,0.62,1.87,0.96,1.47,1.1,1.37,16.34,8.87,0.88,17.04,12.33
design_1039,1.16,1.88,0.65,2.02,1.03,1.58,1.14,1.45,14.94,8.32,0.88,39.77,28.02
design_1040,1.45,1.64,5.26,2.01,1.3,4.9,2.01,3.75,11.64,7.48,0.83,15.8,10.83
design_1041,1.24,1.37,1.12,1.99,1.11,3.65,1.35,2.14,14.15,8.66,0.83,26.9,19.36
design_1042,1.49,2.17,2.35,2.11,1.12,3.6,1.51,2.47,17.01,9.86,0.83,17.2,12.4
design_1043,1.21,1.41,2.72,1.97,1.27,3.53,1.44,2.44,14.55,8.89,0.83,11.48,8.44
design_1044,1.35,1.65,1.85,2.12,1.34,3.83,1.47,2.39,17.74,10.09,0.84,17.51,14.14
design_1045,1.09,1.49,2.33,1.82,1.0,3.33,1.35,2.23,15.59,9.17,0.83,6.68,6.18
design_1046,1.14,1.68,1.14,1.86,1.0,3.35,1.27,2.02,16.17,9.52,0.84,9.62,7.54
design_1047,1.16,1.29,1.3,1.96,1.17,3.34,1.25,2.03,16.7,9.7,0.84,21.09,16.02
design_1048,1.03,1.87,2.31,2.13,0.86,8.14,2.16,4.46,17.77,9.95,0.86,31.15,24.03
design_1049,1.02,1.86,2.51,1.59,1.01,8.73,2.28,4.74,18.16,10.08,0.86,25.05,20.11
design_1050,1.21,2.07,2.16,1.67,1.41,7.68,2.1,4.24,16.31,9.26,0.85,34.87,27.09
design_1051,1.17,1.84,2.65,1.68,0.98,9.35,2.43,5.06,16.63,9.37,0.85,31.88,22.21
design_1052,1.22,2.1,2.97,1.75,1.02,9.34,2.47,5.11,17.81,9.92,0.86,19.05,16.29
design_1053,1.09,1.91,2.39,1.73,0.9,8.15,2.15,4.45,17.36,9.76,0.86,16.38,13.37
design_1054,1.5,2.18,2.31,1.53,1.17,8.08,2.17,4.45,15.45,9.0,0.84,36.28,25.08
design_1055,0.98,1.7,2.35,1.58,1.07,8.15,2.13,4.43,16.74,9.57,0.85,23.78,17.68
design_1056,1.45,3.01,2.91,2.66,1.05,6.08,1.9,3.51,11.23,6.69,0.86,22.63,15.53
design_1057,1.12,2.54,1.31,2.37,1.49,3.0,1.37,2.14,13.51,8.04,0.85,8.66,7.32
design_1058,1.36,2.53,3.24,2.81,1.31,6.15,1.91,3.56,15.43,8.32,0.89,16.33,12.98
design_1059,1.23,2.2,3.51,2.6,1.21,2.09,1.42,2.3,12.84,7.66,0.85,8.62,8.07
design_1060,1.07,2.52,1.99,2.51,1.05,2.56,1.38,2.09,14.44,8.26,0.86,9.59,6.39
design_1061,1.23,2.78,1.49,2.54,1.22,2.26,1.38,2.03,7.09,5.41,0.85,10.2,8.58
design_1062,1.13,2.68,1.09,2.28,1.22,5.56,1.64,3.02,14.05,8.04,0.86,11.89,9.46
design_1063,1.22,2.81,1.26,2.25,0.85,5.54,1.66,3.03,14.8,8.17,0.88,14.05,11.33
design_1064,1.37,2.03,1.78,2.2,1.59,1.65,1.21,1.79,15.19,8.55,0.87,5.19,3.55
design_1065,1.52,2.28,1.67,2.35,1.69,1.71,1.31,1.91,16.56,8.99,0.88,8.32,5.87
design_1066,1.44,2.12,1.59,2.48,1.53,1.3,1.25,1.81,16.1,8.83,0.88,7.84,7.03
design_1067,1.51,1.96,1.7,2.24,1.61,1.68,1.24,1.81,14.15,7.95,0.87,7.79,4.88
design_1068,1.4,2.29,1.72,2.24,1.5,1.34,1.24,1.79,16.3,9.0,0.87,13.17,10.74
design_1069,1.41,2.04,1.85,2.6,1.4,1.69,1.27,1.89,15.13,8.38,0.88,5.85,4.35
design_1070,1.48,2.26,1.76,2.56,1.55,1.81,1.33,1.95,14.94,8.33,0.88,6.9,5.27
design_1071,1.41,2.12,1.79,2.26,1.29,1.63,1.25,1.79,14.16,8.03,0.87,7.68,5.09
design_1072,0.9,1.77,1.28,2.26,1.01,5.63,1.62,3.0,15.16,8.66,0.85,14.12,10.92
design_1073,1.14,1.82,1.53,2.31,1.37,6.53,1.8,3.45,10.84,6.72,0.85,8.56,4.98
design_1074,1.1,2.02,1.36,2.03,1.17,4.77,1.48,2.67,16.08,9.12,0.85,10.4,7.91
design_1075,1.16,1.98,1.47,2.17,1.37,5.3,1.62,2.92,11.41,7.18,0.84,4.59,3.44
design_1076,0.99,1.88,1.33,2.2,1.23,5.95,1.68,3.16,10.32,6.74,0.84,3.41,3.14
design_1077,1.12,1.53,1.55,2.13,0.98,6.79,1.78,3.5,10.34,6.27,0.86,8.2,4.77
design_1078,0.88,2.04,1.45,2.35,1.92,5.69,1.72,3.13,11.12,6.86,0.85,3.43,3.24
design_1079,0.84,1.67,1.47,2.3,1.3,5.69,1.64,3.05,9.51,6.29,0.85,4.36,3.34
design_1080,10.71,23.56,8.13,27.04,14.61,26.0,15.48,20.66,14.43,8.88,0.82,16.35,17.2
design_1081,8.39,22.6,9.63,26.94,13.53,29.0,15.65,21.32,16.43,9.77,0.83,19.62,19.12
design_1082,10.36,23.19,7.82,27.14,14.4,25.41,15.39,20.37,11.46,7.37,0.83,19.71,18.8
design_1083,10.93,23.89,8.52,26.88,15.07,26.06,15.49,20.79,10.11,6.98,0.82,16.5,17.05
design_1084,10.65,23.6,8.17,26.95,14.82,26.02,15.46,20.68,11.54,7.7,0.82,16.84,17.57
design_1085,10.43,23.3,8.29,26.96,14.71,24.96,15.37,20.27,15.72,9.15,0.84,23.88,20.86
design_1086,9.85,23.95,8.39,27.1,14.71,27.16,15.58,21.07,11.52,7.84,0.81,16.49,16.62
design_1087,8.38,22.28,9.39,27.09,13.76,28.42,15.58,21.11,11.92,7.83,0.83,15.73,16.13
design_1088,1.21,1.1,3.55,1.99,0.68,3.06,1.4,2.32,17.98,9.61,0.88,20.72,16.03
design_1089,1.07,1.82,3.14,2.4,1.1,2.09,1.48,2.15,17.01,9.44,0.87,38.78,29.03
design_1090,1.59,2.11,3.48,2.32,0.94,2.06,1.49,2.32,17.51,9.56,0.87,32.82,21.92
design_1091,1.9,1.55,3.13,1.9,0.61,2.68,1.32,2.21,17.46,9.48,0.87,23.68,16.44
design_1092,1.33,1.2,3.02,2.22,0.66,2.93,1.4,2.18,16.21,8.89,0.87,28.75,20.94
design_1093,1.3,1.31,3.96,2.14,0.7,1.96,1.43,2.32,17.26,9.38,0.88,18.51,13.03
design_1094,1.2,1.21,3.92,1.98,0.63,2.12,1.39,2.28,16.35,8.98,0.88,11.65,8.83
design_1095,0.64,1.57,1.43,2.44,0.82,2.49,1.25,1.72,18.99,10.2,0.86,36.59,25.98
design_1096,1.41,2.26,1.24,2.12,1.29,1.28,1.2,1.67,14.51,8.02,0.88,4.84,4.39
design_1097,1.58,1.9,2.01,2.2,1.39,1.24,1.3,1.77,17.3,9.15,0.89,15.01,11.1
design_1098,1.42,1.72,5.55,2.08,1.37,1.3,1.47,2.68,13.19,7.48,0.88,6.88,5.41
design_1099,1.33,1.54,1.94,2.01,1.37,1.17,1.2,1.61,14.78,8.08,0.89,5.72,4.79
design_1100,1.29,1.75,1.73,2.52,1.27,1.3,1.27,1.73,15.29,8.33,0.89,5.87,4.81
design_1101,1.3,1.56,1.49,2.04,1.13,1.18,1.2,1.5,13.71,7.61,0.89,3.76,3.76
design_1102,1.52,1.75,2.18,2.22,1.25,1.19,1.3,1.75,17.02,9.02,0.89,12.72,9.44
design_1103,1.57,1.79,1.92,1.88,1.47,1.24,1.24,1.68,16.16,8.74,0.89,26.59,23.14
design_1104,0.93,1.02,2.78,1.88,0.66,1.97,1.17,1.86,14.6,8.13,0.87,17.58,13.48
design_1105,0.78,0.87,2.9,1.71,0.9,1.85,1.16,1.85,16.08,8.88,0.87,25.91,18.64
design_1106,0.76,0.82,2.73,1.83,0.84,2.1,1.18,1.85,14.92,8.17,0.88,18.78,14.18
design_1107,0.8,0.79,2.44,1.8,0.9,2.0,1.12,1.73,15.17,8.53,0.86,17.23,12.84
design_1108,0.93,0.99,2.87,1.76,0.77,2.06,1.17,1.9,14.86,8.16,0.88,20.1,15.14
design_1109,0.97,1.09,2.87,2.02,0.64,1.86,1.16,1.9,10.7,6.71,0.85,18.1,13.75
design_1110,0.73,0.63,2.35,1.71,0.77,2.03,1.08,1.67,17.28,9.59,0.86,19.65,13.01
design_1111,0.98,1.01,2.98,1.9,1.13,2.05,1.25,1.98,15.1,8.28,0.88,13.28,9.44
design_1112,1.49,3.71,1.65,2.2,0.91,8.13,2.3,4.53,15.93,8.84,0.87,10.44,9.46
design_1113,1.37,3.5,1.6,2.27,0.95,7.9,2.23,4.39,16.64,9.3,0.86,17.8,11.91
design_1114,1.54,3.88,1.82,2.42,1.07,7.39,2.22,4.25,14.94,8.7,0.85,34.3,24.78
design_1115,1.15,3.0,4.12,1.92,0.9,6.48,1.97,3.91,15.39,8.89,0.85,14.47,11.23
design_1116,1.23,3.09,1.77,1.94,0.93,5.08,1.66,3.06,16.57,9.61,0.84,5.79,5.98
design_1117,1.64,4.07,2.13,2.44,1.17,5.63,1.98,3.56,8.9,6.36,0.84,39.97,27.46
design_1118,1.33,3.13,2.3,2.25,0.92,7.1,2.08,4.03,16.79,9.52,0.86,30.75,23.31
design_1119,1.46,3.64,1.93,2.3,1.12,8.01,2.29,4.49,16.67,9.11,0.87,17.75,14.16
design_1120,1.35,1.1,4.15,2.36,1.24,1.09,1.49,2.58,15.03,8.2,0.87,23.09,15.51
design_1121,1.68,1.68,1.74,2.66,1.31,1.6,1.39,1.84,13.31,7.36,0.89,5.27,4.53
design_1122,1.33,0.69,2.17,1.77,0.91,1.06,1.04,1.56,12.96,7.39,0.87,11.68,8.96
design_1123,1.42,1.63,3.77,2.25,1.15,1.35,1.46,2.45,13.7,7.64,0.87,8.28,7.07
design_1124,1.55,1.19,3.43,2.18,0.97,1.1,1.37,2.24,11.97,6.98,0.87,5.06,4.23
design_1125,1.66,1.44,2.57,2.45,1.1,1.22,1.35,1.98,16.4,8.64,0.89,20.52,13.71
design_1126,1.52,0.85,2.87,2.0,1.11,1.38,1.27,1.97,12.37,7.09,0.88,4.82,3.99
design_1127,1.33,1.2,3.85,2.21,1.02,1.29,1.42,2.42,12.52,7.19,0.87,10.46,8.47
design_1128,1.32,1.7,1.67,2.07,1.24,1.22,1.11,1.59,12.38,7.1,0.88,4.88,3.98
design_1129,1.35,1.81,1.37,2.07,1.21,1.23,1.13,1.56,13.67,7.73,0.88,5.68,4.03
design_1130,1.47,1.7,2.28,2.11,1.27,1.18,1.21,1.74,14.55,7.9,0.89,3.56,3.72
design_1131,1.48,1.36,2.09,2.53,1.33,1.2,1.21,1.77,13.01,7.26,0.89,3.94,3.31
design_1132,1.42,1.29,1.86,2.53,1.32,1.16,1.14,1.7,15.34,8.23,0.89,9.63,7.77
design_1133,2.09,2.63,1.33,3.08,1.53,1.82,1.59,2.2,16.8,8.93,0.88,26.56,18.87
design_1134,1.4,1.18,1.99,2.54,1.2,1.2,1.13,1.7,15.61,8.37,0.9,22.26,18.31
design_1135,1.47,1.32,2.16,2.08,1.26,1.17,1.17,1.65,14.7,7.98,0.89,5.86,4.29
design_1136,1.19,3.01,2.07,2.72,1.62,2.4,1.52,2.24,7.08,5.1,0.86,5.98,3.6
design_1137,1.71,3.13,1.77,2.74,1.55,2.35,1.52,2.25,6.34,4.74,0.86,6.93,4.21
design_1138,1.41,3.07,1.63,2.7,1.69,2.21,1.5,2.17,8.22,5.63,0.86,7.04,4.31
design_1139,1.51,2.95,1.61,2.55,1.62,2.58,1.46,2.18,7.09,5.11,0.86,7.59,4.39
design_1140,1.31,3.24,1.62,2.42,1.47,2.16,1.45,2.1,16.93,9.3,0.87,12.42,9.05
design_1141,1.11,3.13,3.53,2.65,1.57,2.1,1.58,2.56,16.48,9.23,0.86,31.27,21.78
design_1142,1.12,2.67,2.05,2.38,1.44,2.32,1.37,2.07,13.57,8.01,0.85,10.48,7.14
design_1143,1.18,3.3,1.5,2.59,1.34,2.11,1.46,2.1,17.03,9.32,0.87,38.06,25.77
design_1144,1.28,1.61,1.85,2.0,0.92,0.86,1.12,1.55,15.2,8.2,0.88,15.12,10.88
design_1145,1.49,1.98,1.88,2.19,1.02,1.03,1.22,1.71,12.66,7.09,0.88,30.83,23.07
design_1146,0.93,1.84,2.17,2.17,0.95,0.95,1.18,1.7,13.0,7.29,0.87,5.37,5.29
design_1147,1.12,1.81,1.64,2.54,1.17,0.89,1.24,1.66,15.7,8.43,0.88,6.43,5.09
design_1148,1.22,1.73,1.86,1.96,0.92,0.88,1.11,1.56,14.14,7.71,0.88,6.94,5.97
design_1149,0.96,1.68,1.98,2.45,0.99,0.94,1.2,1.68,11.96,6.8,0.87,18.47,12.04
design_1150,1.15,1.57,2.4,2.07,1.17,0.83,1.16,1.75,14.07,7.64,0.89,13.18,8.93
design_1151,1.15,1.71,2.49,2.28,0.84,0.86,1.25,1.82,15.19,8.11,0.89,32.23,23.77
design_1152,0.86,1.36,0.91,1.92,0.89,4.92,1.45,2.59,15.99,9.23,0.84,11.26,8.08
design_1153,1.03,1.29,1.03,2.18,0.93,3.65,1.34,2.11,15.3,8.8,0.85,24.81,18.45
design_1154,0.98,1.71,1.0,2.29,1.11,3.84,1.38,2.24,12.58,7.73,0.84,8.4,6.14
design_1155,1.0,1.43,0.61,1.85,0.9,3.68,1.27,2.05,7.47,5.64,0.84,3.17,3.23
design_1156,0.97,1.66,1.02,1.98,1.12,3.16,1.28,1.93,14.84,8.77,0.84,4.57,4.17
design_1157,1.03,1.51,1.02,2.21,1.15,3.9,1.39,2.24,16.58,9.4,0.84,24.95,18.47
design_1158,0.94,1.71,1.25,1.96,1.1,3.65,1.34,2.15,17.44,9.72,0.85,31.08,23.88
design_1159,0.91,1.45,1.04,2.15,1.04,4.01,1.39,2.26,13.29,7.99,0.84,5.21,4.57
design_1160,1.33,2.18,1.43,2.3,1.12,2.21,1.32,1.86,17.04,9.52,0.86,6.3,5.18
design_1161,0.96,1.87,1.27,2.28,0.98,2.12,1.17,1.7,16.35,9.3,0.85,13.82,12.23
design_1162,1.63,1.82,1.24,2.4,1.24,2.11,1.25,1.84,16.42,9.29,0.85,10.4,8.04
design_1163,1.09,1.88,1.41,2.51,1.18,2.12,1.24,1.81,16.75,9.43,0.86,11.81,10.12
design_1164,1.31,2.21,1.45,2.43,1.27,2.18,1.31,1.9,17.7,9.78,0.86,20.27,14.67
design_1165,1.55,2.11,1.69,2.23,1.27,2.6,1.33,2.0,16.64,9.45,0.86,6.54,5.46
design_1166,1.33,2.1,1.65,2.48,1.65,2.51,1.37,2.04,17.01,9.5,0.87,20.53,16.92
design_1167,1.42,1.85,1.45,2.66,1.35,2.29,1.35,1.94,15.21,8.72,0.85,11.04,7.32
design_1168,1.15,2.26,2.18,1.85,0.98,4.44,1.49,2.65,19.07,10.6,0.85,32.34,24.62
design_1169,1.07,2.24,2.05,1.95,0.88,3.94,1.45,2.43,13.79,8.37,0.84,4.75,3.19
design_1170,1.14,2.45,1.49,2.27,0.88,3.94,1.51,2.4,16.89,9.59,0.85,24.74,17.8
design_1171,1.07,2.18,1.23,1.86,0.86,4.66,1.47,2.56,17.63,9.95,0.85,36.52,28.97
design_1172,1.08,2.22,1.01,2.05,1.14,3.74,1.4,2.22,14.18,8.49,0.84,8.02,4.68
design_1173,1.14,2.65,3.66,1.99,1.09,4.21,1.69,3.0,14.67,8.73,0.84,23.12,16.27
design_1174,1.45,2.93,3.74,2.58,0.99,3.44,1.78,2.92,14.43,8.45,0.85,27.05,18.59
design_1175,1.42,2.79,2.91,2.34,0.99,3.99,1.66,2.79,17.12,9.72,0.84,19.49,14.72
design_1176,1.38,2.54,1.35,2.58,1.28,5.49,1.68,3.03,15.05,8.26,0.89,23.35,18.81
design_1177,1.14,2.13,3.09,2.35,1.45,2.73,1.36,2.24,16.36,9.16,0.86,19.38,15.38
design_1178,1.34,2.52,1.26,2.73,1.4,5.5,1.68,3.06,14.47,8.04,0.88,26.11,21.25
design_1179,1.27,2.33,1.3,2.34,1.31,3.97,1.44,2.41,16.63,9.37,0.86,20.49,15.9
design_1180,1.34,2.56,1.12,2.52,1.35,3.53,1.45,2.34,16.28,9.24,0.86,21.83,17.22
design_1181,1.51,2.66,1.4,3.0,1.45,5.5,1.82,3.14,14.15,7.79,0.88,31.08,24.27
design_1182,1.1,2.19,1.26,2.42,1.17,5.13,1.55,2.8,14.8,8.4,0.87,22.01,17.45
design_1183,1.04,1.8,3.4,2.44,1.2,2.73,1.34,2.24,15.65,8.62,0.88,26.0,21.14
design_1184,1.02,1.9,3.09,2.23,1.09,3.89,1.54,2.74,15.89,9.48,0.82,15.53,10.6
design_1185,0.95,1.78,3.17,2.41,0.9,2.6,1.41,2.36,12.33,7.93,0.82,5.83,3.87
design_1186,1.06,1.87,3.44,2.39,1.31,3.74,1.63,2.82,16.45,9.64,0.83,13.8,10.56
design_1187,0.94,1.72,3.37,2.26,1.15,3.31,1.5,2.62,15.39,9.19,0.82,8.78,6.59
design_1188,1.1,1.99,2.89,2.57,1.21,2.68,1.46,2.36,15.11,9.04,0.83,9.56,6.46
design_1189,1.14,2.09,3.59,2.64,1.2,3.02,1.62,2.7,15.28,9.11,0.83,11.2,8.35
design_1190,0.93,1.73,2.53,2.14,1.16,4.54,1.55,2.83,17.27,10.1,0.83,10.62,7.4
design_1191,1.09,2.04,3.91,2.55,1.15,4.49,1.81,3.25,13.88,8.55,0.83,16.25,12.6
design_1192,0.97,1.06,1.14,1.47,1.12,7.25,1.91,4.06,14.62,8.72,0.84,26.74,20.37
design_1193,0.81,1.08,1.68,1.54,1.03,7.74,2.06,4.34,17.18,9.83,0.85,17.24,15.55
design_1194,0.6,1.06,1.06,1.72,1.01,7.29,1.92,4.08,17.4,9.99,0.85,19.16,14.99
design_1195,1.04,1.17,1.02,1.44,0.79,7.5,1.97,4.19,17.08,9.8,0.85,29.16,23.11
design_1196,0.87,1.3,1.02,1.59,0.99,7.54,2.0,4.22,17.13,9.82,0.85,18.44,14.01
design_1197,1.0,1.09,1.1,1.46,0.93,7.51,1.97,4.19,17.94,10.2,0.85,33.66,24.09
design_1198,0.81,1.28,1.01,1.73,0.84,7.67,2.01,4.29,18.06,10.23,0.85,19.04,15.07
design_1199,0.78,1.21,0.97,1.63,0.88,8.19,2.13,4.56,17.02,9.74,0.85,25.49,20.05
design_1200,2.99,3.65,1.65,2.93,1.55,5.83,2.11,3.66,16.24,8.88,0.87,25.27,20.19
design_1201,2.92,2.99,1.41,2.61,1.47,3.04,1.69,2.59,17.21,9.78,0.84,27.99,22.26
design_1202,3.28,3.64,1.97,3.32,1.53,5.79,2.17,3.77,14.74,8.0,0.89,35.22,25.76
design_1203,2.21,2.44,1.53,2.53,1.33,3.3,1.61,2.42,15.9,9.13,0.86,21.86,18.11
design_1204,2.63,3.64,0.83,2.62,1.45,5.42,1.94,3.38,15.01,8.69,0.85,23.17,18.63
design_1205,2.49,3.21,1.06,2.42,1.38,3.61,1.65,2.65,16.78,9.59,0.84,20.14,15.93
design_1206,2.58,3.3,1.25,2.53,1.29,3.5,1.69,2.67,15.23,8.9,0.84,20.08,16.32
design_1207,2.52,2.53,1.74,2.53,1.39,3.85,1.69,2.68,17.55,9.81,0.86,23.51,18.77
design_1208,1.14,1.85,1.44,1.8,0.73,5.15,1.43,2.71,11.96,7.45,0.84,7.55,5.75
design_1209,1.04,1.61,1.25,1.68,1.17,5.24,1.39,2.72,10.62,6.73,0.84,8.16,6.3
design_1210,1.17,2.25,2.08,1.91,0.83,5.54,1.57,2.99,11.66,6.99,0.86,6.93,5.4
design_1211,1.53,1.93,2.0,1.89,0.86,5.8,1.6,3.08,12.67,7.44,0.86,13.69,8.58
design_1212,1.11,2.2,2.11,1.85,0.86,5.52,1.54,2.97,14.39,8.12,0.87,11.2,7.98
design_1213,1.15,2.06,2.0,2.05,0.88,5.44,1.57,2.94,14.35,8.16,0.85,18.99,13.11
design_1214,1.04,1.32,1.42,1.94,1.15,5.3,1.45,2.76,8.9,5.98,0.85,7.99,6.32
design_1215,1.38,1.68,1.36,2.05,1.69,5.54,1.56,2.95,9.69,6.36,0.84,8.71,6.35
design_1216,1.01,1.86,0.98,2.24,0.66,8.39,2.17,4.34,11.43,7.13,0.85,10.95,6.93
design_1217,0.95,1.62,3.58,2.27,1.29,3.86,1.57,2.73,11.21,7.19,0.84,10.79,8.84
design_1218,1.32,1.85,3.63,2.99,1.58,3.56,1.71,2.81,12.04,7.43,0.84,14.2,11.3
design_1219,1.09,1.65,1.48,2.17,0.91,7.71,2.06,4.04,11.47,7.27,0.84,8.13,5.47
design_1220,1.51,1.63,2.45,2.33,1.27,2.72,1.43,2.16,8.3,6.05,0.84,4.23,3.04
design_1221,1.1,1.89,1.01,2.24,0.75,7.99,2.09,4.16,12.84,7.64,0.85,7.85,5.78
design_1222,1.15,1.9,1.3,2.2,0.77,8.03,2.12,4.19,11.77,7.25,0.85,10.27,6.38
design_1223,0.82,0.99,3.36,1.97,1.08,4.76,1.52,2.92,8.68,6.14,0.83,3.98,3.6
design_1224,1.06,1.54,1.33,2.42,0.87,2.79,1.28,1.88,16.45,9.31,0.85,30.91,22.17
design_1225,1.51,1.76,2.16,2.66,1.67,4.88,1.7,2.9,8.16,5.62,0.85,10.47,7.42
design_1226,1.2,1.58,1.47,2.82,1.33,2.13,1.33,1.86,15.02,8.69,0.85,19.26,14.12
design_1227,1.18,1.28,1.03,1.91,0.94,1.64,1.04,1.38,6.66,5.32,0.84,5.01,3.82
design_1228,1.21,1.51,2.64,2.67,0.87,2.51,1.38,2.14,16.11,9.19,0.85,9.01,6.02
design_1229,1.4,1.67,1.45,2.56,0.94,3.71,1.49,2.28,15.66,8.91,0.85,28.91,21.2
design_1230,1.47,1.7,1.11,2.67,1.02,3.87,1.47,2.33,14.74,8.51,0.85,9.88,7.78
design_1231,1.1,1.56,1.74,2.35,1.32,4.49,1.52,2.57,16.97,9.47,0.85,8.78,7.47
design_1232,1.03,1.52,3.95,2.15,0.93,4.31,1.58,2.94,18.5,10.32,0.85,13.74,9.4
design_1233,1.15,1.77,3.95,2.54,1.0,4.93,1.76,3.24,18.67,10.35,0.86,29.51,22.53
design_1234,1.18,2.0,4.31,2.43,1.15,6.19,1.98,3.81,18.44,10.16,0.86,14.56,10.55
design_1235,1.16,1.73,2.84,2.26,0.78,8.22,2.19,4.41,16.97,9.51,0.86,10.19,7.52
design_1236,1.17,2.08,3.96,2.27,1.09,5.89,1.88,3.61,18.56,10.3,0.86,12.03,14.16
design_1237,1.29,1.42,2.95,2.41,1.04,6.66,1.91,3.74,17.67,9.97,0.85,19.9,13.79
design_1238,0.99,1.48,4.53,2.17,0.79,5.45,1.79,3.49,18.49,10.29,0.85,18.61,15.23
design_1239,1.4,2.06,4.15,2.44,1.09,5.6,1.88,3.56,17.85,10.04,0.85,25.97,20.76
design_1240,1.47,1.71,2.37,1.55,0.88,2.72,1.13,1.97,6.01,5.07,0.84,6.17,4.51
design_1241,1.49,2.47,3.44,1.92,0.93,2.28,1.42,2.38,16.12,9.17,0.84,29.13,22.99
design_1242,1.53,1.83,2.05,1.55,0.82,4.3,1.28,2.36,13.76,8.21,0.84,7.42,4.7
design_1243,1.57,2.37,2.32,1.97,1.36,5.18,1.58,2.84,15.56,8.77,0.86,27.02,18.14
design_1244,1.53,2.42,1.56,1.76,0.95,5.19,1.46,2.67,15.65,8.97,0.85,16.37,11.81
design_1245,1.59,2.54,3.71,1.78,1.05,2.24,1.42,2.48,16.87,9.56,0.85,15.22,13.84
design_1246,1.64,2.63,3.82,1.85,0.96,5.15,1.69,3.21,16.01,8.95,0.86,19.27,14.81
design_1247,1.55,2.12,3.75,1.65,0.79,1.92,1.33,2.36,19.19,10.37,0.85,12.54,12.05
design_1248,1.01,2.05,1.41,1.7,1.27,6.09,1.78,3.52,17.78,10.08,0.84,23.17,18.52
design_1249,0.99,2.06,1.32,1.64,1.45,6.1,1.8,3.52,17.78,10.01,0.85,15.15,13.14
design_1250,1.17,2.41,2.37,2.13,1.51,6.19,1.92,3.72,15.87,9.14,0.84,34.69,24.98
design_1251,1.07,2.22,2.39,2.12,1.59,6.17,1.9,3.69,17.67,9.84,0.85,14.53,10.32
design_1252,1.0,1.74,1.37,1.79,1.46,6.37,1.87,3.65,9.53,6.55,0.84,17.89,13.76
design_1253,1.52,2.53,2.96,2.22,1.55,3.17,1.58,2.53,17.64,9.91,0.85,24.27,19.62
design_1254,0.93,1.88,1.7,1.73,1.42,6.04,1.81,3.5,9.87,6.75,0.84,17.31,13.32
design_1255,1.01,2.11,1.68,1.74,1.25,6.07,1.79,3.53,17.21,9.82,0.84,16.86,12.97
design_1256,1.38,2.86,2.15,2.63,1.11,2.63,1.42,2.23,17.61,9.48,0.86,28.09,21.73
design_1257,1.24,2.98,2.61,2.31,1.21,3.37,1.5,2.48,14.09,8.3,0.85,22.78,16.56
design_1258,1.53,2.95,1.62,2.7,1.07,2.8,1.47,2.2,18.26,9.99,0.86,14.83,11.92
design_1259,1.27,2.71,1.2,2.18,0.98,3.05,1.31,2.03,18.62,10.17,0.86,28.19,21.67
design_1260,1.23,2.8,1.02,2.73,1.1,2.99,1.42,2.11,16.39,9.2,0.86,16.52,11.86
design_1261,1.11,2.39,1.01,1.98,0.94,4.27,1.31,2.27,9.23,6.14,0.85,3.89,2.84
design_1262,1.19,2.73,0.83,1.99,0.9,3.44,1.25,2.05,17.69,9.71,0.86,14.49,11.63
design_1263,1.42,2.97,2.3,2.95,1.4,2.99,1.59,2.45,16.57,9.39,0.85,7.66,5.89
design_1264,1.26,2.3,1.41,1.68,1.33,1.19,1.1,1.56,14.44,8.05,0.87,28.71,21.72
design_1265,1.4,2.75,1.59,2.1,1.2,1.34,1.26,1.79,16.28,8.85,0.88,23.31,15.73
design_1266,1.1,2.47,1.67,1.6,1.23,0.96,1.09,1.58,16.09,8.78,0.88,19.35,14.56
design_1267,1.29,2.42,1.54,1.69,0.98,1.31,1.08,1.6,14.35,8.04,0.87,29.12,22.06
design_1268,1.22,2.53,1.93,1.92,0.96,1.16,1.23,1.72,17.03,9.14,0.87,25.15,19.46
design_1269,1.18,2.56,1.77,1.83,0.91,1.06,1.18,1.66,16.83,9.01,0.87,29.14,22.17
design_1270,1.28,2.47,1.6,1.63,1.12,1.28,1.09,1.62,15.6,8.6,0.87,23.45,18.69
design_1271,1.35,2.48,1.7,1.67,0.96,1.35,1.11,1.65,16.27,8.88,0.87,28.17,21.82
design_1272,1.22,1.95,2.49,1.7,1.09,7.02,1.86,3.7,10.3,6.2,0.87,10.79,8.41
design_1273,1.16,1.56,3.29,1.69,0.98,2.88,1.27,2.23,15.5,8.98,0.85,10.88,7.49
design_1274,1.31,1.94,4.34,1.84,1.2,1.84,1.44,2.39,13.03,7.82,0.85,6.19,5.14
design_1275,1.35,2.01,0.99,1.77,0.93,7.46,1.91,3.78,14.42,7.82,0.89,13.07,9.64
design_1276,1.38,2.03,3.48,1.84,0.92,2.55,1.37,2.28,18.2,10.07,0.86,34.11,24.75
design_1277,1.18,1.82,4.17,1.71,1.44,5.08,1.66,3.23,14.81,8.53,0.86,4.64,5.01
design_1278,1.26,1.99,0.75,1.74,0.93,7.03,1.81,3.57,10.7,6.52,0.86,5.09,4.79
design_1279,1.13,1.62,3.46,1.58,1.08,6.26,1.74,3.49,13.24,7.67,0.86,16.76,9.88
design_1280,1.1,1.78,1.97,1.64,0.88,5.44,1.54,2.99,11.52,7.2,0.85,29.83,23.75
design_1281,1.05,2.03,2.15,1.58,1.25,4.75,1.44,2.74,13.75,8.26,0.85,29.91,24.13
design_1282,1.06,1.89,3.8,1.74,1.35,2.13,1.3,2.09,16.03,9.13,0.86,30.25,23.71
design_1283,1.25,1.89,3.76,1.77,1.13,1.76,1.28,2.0,18.35,10.15,0.86,19.08,18.8
design_1284,1.02,1.76,3.71,1.7,1.13,2.14,1.2,2.03,17.34,9.78,0.86,29.01,22.68
design_1285,1.03,1.81,3.9,1.64,1.2,2.36,1.24,2.13,17.31,9.65,0.87,31.36,22.54
design_1286,1.23,1.43,3.75,1.59,1.28,2.18,1.15,2.03,12.8,7.83,0.85,29.85,24.68
design_1287,0.93,1.51,3.73,1.71,1.25,2.17,1.22,2.02,14.27,8.49,0.84,30.34,25.18
design_1288,1.09,2.09,1.2,2.29,1.21,8.37,2.27,4.67,17.77,9.99,0.85,31.23,23.23
design_1289,0.87,1.73,1.14,2.24,1.43,8.8,2.35,4.86,17.33,9.8,0.85,32.89,24.03
design_1290,0.97,1.8,1.23,2.43,0.97,8.7,2.32,4.82,16.47,9.48,0.84,35.75,24.89
design_1291,0.88,1.84,1.57,1.63,0.98,8.17,2.19,4.51,18.24,10.26,0.85,22.74,17.24
design_1292,0.92,1.62,1.09,1.59,1.07,8.19,2.17,4.49,16.02,9.26,0.85,28.95,22.32
design_1293,0.82,1.84,1.57,2.44,1.12,7.91,2.17,4.43,18.1,10.15,0.85,35.79,28.05
design_1294,1.04,2.0,0.87,1.7,1.14,8.11,2.18,4.47,16.09,9.14,0.85,32.6,23.46
design_1295,1.06,1.8,1.14,1.58,1.28,8.81,2.34,4.83,15.1,8.88,0.84,35.11,24.64
design_1296,0.89,1.57,1.26,1.67,1.18,3.95,1.38,2.34,5.95,5.07,0.84,3.74,3.4
design_1297,0.92,1.74,1.42,1.7,1.15,3.81,1.42,2.31,6.44,5.24,0.84,4.34,4.2
design_1298,0.89,1.4,0.94,1.56,0.87,3.0,1.18,1.83,5.23,4.78,0.85,2.87,2.28
design_1299,0.88,1.58,1.28,1.73,0.91,5.47,1.68,3.04,6.12,5.04,0.85,4.53,4.11
design_1300,1.16,1.49,0.91,1.82,1.33,4.91,1.62,2.78,6.94,5.45,0.84,7.99,4.81
design_1301,1.01,1.8,1.22,1.78,1.22,4.24,1.48,2.5,6.01,5.07,0.84,4.22,3.53
design_1302,0.92,1.6,1.1,1.82,1.45,3.61,1.39,2.21,5.71,4.91,0.85,3.91,3.01
design_1303,0.93,1.5,1.1,1.69,1.24,5.18,1.57,2.89,7.58,5.77,0.84,3.46,3.66
design_1304,1.82,2.55,3.62,2.29,1.55,2.04,1.64,2.55,16.48,9.37,0.84,34.44,24.64
design_1305,1.3,2.42,3.02,1.78,1.14,2.87,1.39,2.37,16.36,9.5,0.84,30.28,22.76
design_1306,1.46,2.08,3.09,1.53,1.11,2.55,1.35,2.26,17.9,10.11,0.84,26.22,19.71
design_1307,1.49,2.27,2.58,1.79,1.08,2.37,1.34,2.1,16.69,9.44,0.85,16.4,9.58
design_1308,1.5,2.42,3.56,2.06,1.62,3.33,1.63,2.74,16.51,9.11,0.86,25.08,18.56
design_1309,1.3,2.13,3.48,1.75,1.35,3.07,1.47,2.55,16.62,9.46,0.85,29.91,20.19
design_1310,1.52,2.45,3.54,1.69,1.16,2.6,1.5,2.49,17.0,9.65,0.84,24.18,16.84
design_1311,1.2,2.13,3.74,1.62,1.2,3.19,1.5,2.64,16.77,9.58,0.84,33.97,25.26
design_1312,1.08,2.14,2.07,2.08,0.78,2.13,1.18,1.84,15.75,9.07,0.85,19.83,12.82
design_1313,1.26,1.41,5.78,2.17,1.1,2.8,1.68,3.32,13.55,7.94,0.85,12.49,10.04
design_1314,0.95,1.68,6.85,2.0,0.85,1.87,1.83,3.68,15.15,8.6,0.86,6.63,6.28
design_1315,1.05,2.01,7.26,2.13,1.01,2.19,1.96,3.94,15.79,8.83,0.87,7.06,6.79
design_1316,0.87,1.8,4.74,2.12,0.88,2.53,1.52,2.83,15.05,8.62,0.85,8.87,6.44
design_1317,0.99,2.12,6.0,2.14,1.44,2.39,1.79,3.42,15.13,8.43,0.87,16.96,13.64
design_1318,1.08,2.63,3.08,2.17,0.72,2.23,1.36,2.26,15.91,8.88,0.86,6.19,4.57
design_1319,1.11,2.08,6.95,2.3,1.22,1.98,1.95,3.81,13.45,7.88,0.85,11.06,7.66
design_1320,0.89,1.89,1.89,1.83,0.97,5.28,1.63,3.03,16.88,9.66,0.85,28.95,22.97
design_1321,1.44,2.04,2.51,1.95,1.12,4.47,1.67,2.84,17.72,10.06,0.84,24.05,18.93
design_1322,1.0,1.95,1.78,1.83,0.94,4.55,1.5,2.69,18.24,10.23,0.85,28.8,21.72
design_1323,1.23,1.58,1.82,1.68,0.91,6.34,1.82,3.49,16.91,9.73,0.84,27.97,20.73
design_1324,1.06,1.89,1.91,1.84,0.98,6.08,1.79,3.4,17.72,9.99,0.85,27.46,20.31
design_1325,1.15,1.76,2.02,1.7,1.06,5.77,1.73,3.26,18.43,10.37,0.84,25.87,19.28
design_1326,1.3,2.06,2.79,1.75,1.03,5.18,1.74,3.16,18.68,10.43,0.85,33.13,24.81
design_1327,1.4,2.04,2.5,1.78,1.06,4.88,1.69,2.99,18.49,10.36,0.85,17.78,10.28
design_1328,1.23,2.36,3.29,1.91,1.17,2.21,1.39,2.32,15.85,9.13,0.84,14.86,11.79
design_1329,0.93,2.29,3.35,1.96,0.81,2.17,1.34,2.29,16.38,9.24,0.85,31.85,23.31
design_1330,1.21,2.43,3.61,2.04,0.96,2.54,1.38,2.51,12.0,7.28,0.85,30.01,22.13
design_1331,1.18,2.04,2.86,1.73,1.16,2.16,1.2,2.08,10.54,6.9,0.83,8.3,6.08
design_1332,1.26,2.11,2.23,2.08,0.85,2.52,1.24,2.0,8.85,6.26,0.84,7.9,5.62
design_1333,1.03,2.16,3.32,2.02,0.77,1.79,1.32,2.21,13.27,7.97,0.84,15.0,10.71
design_1334,1.18,2.51,3.06,2.14,1.27,2.55,1.38,2.35,14.32,8.52,0.84,27.55,20.89
design_1335,1.09,2.43,3.19,2.15,2.12,2.38,1.39,2.42,13.04,7.74,0.85,15.88,10.06
design_1336,1.28,2.64,2.89,2.07,0.8,5.3,1.8,3.24,17.73,10.08,0.84,16.65,12.47
design_1337,1.24,2.39,1.27,2.19,0.99,3.0,1.38,2.06,17.16,9.74,0.85,18.25,13.19
design_1338,1.27,2.23,0.96,1.79,0.75,3.26,1.28,2.03,16.91,9.62,0.85,7.92,5.83
design_1339,1.14,2.34,1.12,2.3,0.78,2.58,1.26,1.89,16.63,9.53,0.85,6.23,4.43
design_1340,1.2,1.88,0.81,1.87,0.67,2.84,1.19,1.8,15.1,8.87,0.84,7.45,5.43
design_1341,1.19,2.29,0.94,1.86,0.69,2.88,1.25,1.89,17.54,9.9,0.85,10.93,7.4
design_1342,1.13,2.39,1.2,1.96,1.16,2.57,1.27,1.87,17.46,9.82,0.85,16.31,9.9
design_1343,1.1,2.19,1.45,2.35,1.02,3.05,1.32,2.09,14.46,8.65,0.84,6.87,4.96
design_1344,1.32,2.07,4.05,1.7,0.97,1.96,1.42,2.55,17.29,9.76,0.84,23.8,17.89
design_1345,1.35,2.34,4.51,1.77,0.82,2.25,1.59,2.82,15.85,9.2,0.84,16.1,11.59
design_1346,1.12,2.16,3.0,1.59,0.91,2.64,1.3,2.23,15.21,8.92,0.84,10.9,6.71
design_1347,1.34,2.49,3.86,1.88,0.91,1.79,1.46,2.51,16.48,9.39,0.84,33.07,23.09
design_1348,1.15,2.3,4.53,1.64,1.21,1.7,1.5,2.74,16.84,9.62,0.84,12.73,9.59
design_1349,1.24,2.07,4.98,1.76,0.86,1.95,1.58,2.96,17.18,9.67,0.84,14.14,9.92
design_1350,1.31,2.02,3.6,1.63,1.35,1.95,1.34,2.37,15.75,9.15,0.84,13.35,8.57
design_1351,1.37,2.12,2.97,1.84,0.91,2.76,1.38,2.29,10.34,6.84,0.84,17.8,11.85
design_1352,1.28,2.48,0.94,2.45,1.29,4.49,1.5,2.61,15.47,8.83,0.85,10.33,6.47
design_1353,1.02,2.09,3.1,2.2,1.37,2.67,1.3,2.17,15.05,8.37,0.87,10.62,8.33
design_1354,1.36,2.36,1.52,2.35,1.24,5.45,1.61,2.97,15.74,8.49,0.89,13.66,10.55
design_1355,1.04,2.43,1.72,2.48,1.3,5.54,1.64,3.02,15.37,8.44,0.88,16.39,13.44
design_1356,1.29,2.33,1.52,2.34,1.11,5.37,1.59,2.92,12.93,7.35,0.87,6.43,4.68
design_1357,1.38,2.38,1.0,2.37,1.4,5.14,1.57,2.84,16.06,8.95,0.87,14.1,11.32
design_1358,1.05,2.13,2.92,2.14,1.35,2.58,1.29,2.11,16.12,9.0,0.87,7.59,7.06
design_1359,1.2,2.48,1.4,2.39,1.2,5.61,1.65,3.03,14.85,8.22,0.88,5.21,5.59
design_1360,1.56,1.89,0.88,1.97,1.24,3.35,1.38,2.2,16.94,9.56,0.85,27.91,20.04
design_1361,1.46,1.68,2.02,1.82,1.0,3.01,1.39,2.12,10.07,6.94,0.82,2.7,2.8
design_1362,1.33,1.67,0.86,1.96,1.55,3.32,1.35,2.16,16.93,9.6,0.85,16.21,13.03
design_1363,0.93,1.08,0.99,1.59,0.7,4.72,1.37,2.66,15.29,8.86,0.85,11.26,7.57
design_1364,0.99,1.2,0.56,1.6,0.74,4.75,1.37,2.66,14.81,8.73,0.84,5.61,5.17
design_1365,1.01,1.26,0.67,1.64,0.86,3.8,1.23,2.22,15.84,9.3,0.84,4.87,4.22
design_1366,1.37,1.6,0.63,1.65,0.81,2.78,1.19,1.82,15.7,9.11,0.84,8.79,6.78
design_1367,1.73,1.88,0.97,2.13,0.96,3.29,1.43,2.2,13.36,7.95,0.85,9.43,5.8
design_1368,1.62,1.64,0.94,1.94,1.01,1.8,1.11,1.53,10.18,6.18,0.87,29.73,23.58
design_1369,1.5,1.73,1.67,1.75,0.94,1.59,1.09,1.57,15.92,8.77,0.88,31.75,24.57
design_1370,1.69,1.95,1.33,2.18,1.23,1.78,1.23,1.72,14.74,8.04,0.89,30.74,24.15
design_1371,1.89,1.75,1.41,2.18,0.96,1.78,1.3,1.71,6.36,4.56,0.87,4.33,3.34
design_1372,1.45,1.42,1.64,1.68,0.94,1.33,0.99,1.45,12.83,7.38,0.87,30.71,24.06
design_1373,1.67,2.18,4.54,2.32,1.39,1.57,1.54,2.63,17.77,9.67,0.87,29.73,22.78
design_1374,1.27,1.36,1.27,1.75,1.14,1.3,1.0,1.37,12.27,7.18,0.86,29.91,24.24
design_1375,1.45,1.82,1.49,2.28,1.56,1.75,1.26,1.74,16.11,8.7,0.88,23.16,18.23
design_1376,2.45,2.98,1.49,2.47,1.77,4.23,1.67,2.9,18.19,10.31,0.84,29.73,22.57
design_1377,2.34,3.09,1.28,1.99,1.59,3.94,1.56,2.7,16.84,9.73,0.84,26.88,20.94
design_1378,2.19,2.99,1.18,2.02,1.36,3.0,1.46,2.3,16.8,9.74,0.84,9.89,6.99
design_1379,2.08,2.32,1.05,1.9,1.25,3.27,1.3,2.25,16.99,9.78,0.84,29.53,22.43
design_1380,2.44,3.17,1.45,2.24,1.62,3.83,1.6,2.73,12.12,7.8,0.83,29.1,22.48
design_1381,2.29,2.52,1.36,2.0,1.42,3.73,1.46,2.53,16.56,9.68,0.83,29.91,23.21
design_1382,2.37,2.84,2.49,2.71,1.71,3.19,1.67,2.67,15.9,9.19,0.84,29.62,22.53
design_1383,2.75,3.36,1.5,2.14,1.44,3.52,1.56,2.67,12.37,7.86,0.83,26.87,20.11
design_1384,1.19,1.57,0.9,1.69,0.87,4.39,1.4,2.43,15.05,8.96,0.84,7.83,6.1
design_1385,1.3,1.96,1.45,2.01,0.99,3.74,1.48,2.31,13.75,8.28,0.83,18.68,14.12
design_1386,1.08,1.76,1.11,1.73,1.15,4.57,1.47,2.56,9.47,6.54,0.84,6.32,4.9
design_1387,1.2,1.77,1.11,2.0,1.13,3.83,1.43,2.28,12.4,7.76,0.83,30.39,23.11
design_1388,1.27,1.68,1.38,2.01,2.23,4.37,1.55,2.62,16.34,9.25,0.84,10.13,7.52
design_1389,1.34,1.6,1.6,1.69,0.88,4.69,1.53,2.65,8.0,5.96,0.84,3.03,3.28
design_1390,1.24,2.02,1.2,1.88,1.15,3.24,1.36,2.07,13.14,8.06,0.84,3.11,2.81
design_1391,1.1,1.62,1.91,1.67,1.19,5.14,1.58,2.89,11.96,7.55,0.84,5.93,5.12
design_1392,1.37,2.0,1.74,2.45,1.22,1.02,1.23,1.74,17.1,9.15,0.87,26.18,19.88
design_1393,1.14,1.98,2.51,2.18,1.2,0.83,1.22,1.91,15.86,8.57,0.87,24.52,17.95
design_1394,1.04,1.82,2.34,2.11,1.24,0.91,1.16,1.8,15.08,8.24,0.87,28.03,20.97
design_1395,1.08,2.07,1.77,2.6,1.01,1.17,1.25,1.75,16.53,8.88,0.87,27.41,19.83
design_1396,1.24,2.19,1.71,2.45,1.01,1.08,1.24,1.73,7.32,5.08,0.86,4.4,2.89
design_1397,1.3,1.94,2.49,2.28,0.97,1.11,1.24,1.93,16.03,8.64,0.88,30.84,21.84
design_1398,1.32,2.09,2.22,2.69,1.08,1.09,1.31,1.94,16.4,8.78,0.88,7.82,6.51
design_1399,0.99,1.79,2.87,2.44,1.28,1.22,1.24,2.09,7.28,4.88,0.87,27.01,19.58
design_1400,1.29,1.45,1.16,1.52,0.94,5.53,1.56,2.95,8.05,6.06,0.83,2.13,2.9
design_1401,1.05,1.43,1.89,1.72,0.74,4.97,1.52,2.78,13.1,8.13,0.83,28.59,21.09
design_1402,1.08,1.1,1.16,1.61,0.76,5.61,1.55,2.96,14.61,8.81,0.83,29.76,22.63
design_1403,0.98,1.47,2.34,1.83,1.04,4.89,1.56,2.85,10.15,6.9,0.83,25.0,18.47
design_1404,1.05,1.09,3.45,1.74,1.08,4.95,1.65,3.09,11.48,7.28,0.84,25.06,18.95
design_1405,0.9,1.19,2.14,1.62,0.81,4.92,1.46,2.77,16.34,9.61,0.82,24.34,17.4
design_1406,1.14,1.34,2.18,1.56,0.76,5.59,1.61,3.09,13.88,8.45,0.82,30.39,22.44
design_1407,1.22,1.44,2.01,2.09,1.09,4.37,1.41,2.61,9.24,6.63,0.83,2.29,2.94
design_1408,9.53,23.1,9.4,27.29,12.75,22.91,14.97,18.49,12.94,7.77,0.84,25.97,15.66
design_1409,9.44,23.44,9.49,27.37,13.03,23.08,15.01,18.63,11.92,7.28,0.84,26.13,15.94
design_1410,9.25,22.51,12.16,27.16,13.88,23.29,15.07,18.92,4.85,4.59,0.85,25.78,16.09
design_1411,8.87,22.67,9.16,27.39,12.69,22.89,14.94,18.35,11.61,7.11,0.85,25.65,15.67
design_1412,8.75,21.93,7.99,27.12,12.38,22.37,14.8,17.87,12.83,7.76,0.84,27.79,16.7
design_1413,9.33,22.88,9.35,27.34,13.02,22.87,14.95,18.46,12.35,7.59,0.84,25.62,15.63
design_1414,7.64,23.89,9.72,27.44,13.59,23.03,15.02,18.67,6.97,5.31,0.84,26.82,17.8
design_1415,9.53,22.31,8.98,27.29,12.4,24.26,15.0,18.62,7.2,5.66,0.84,27.84,18.03
design_1416,1.09,1.72,1.19,1.62,0.9,6.82,1.86,3.67,17.17,9.68,0.85,27.97,21.23
design_1417,1.33,1.53,1.19,1.55,0.96,6.21,1.73,3.37,16.56,9.53,0.85,32.14,23.37
design_1418,1.22,1.43,1.01,1.66,0.73,4.62,1.42,2.6,16.02,9.21,0.85,28.94,22.59
design_1419,1.13,2.07,1.23,2.23,1.07,3.3,1.47,2.18,16.76,9.54,0.85,8.53,9.68
design_1420,1.32,1.59,0.86,1.76,1.1,3.58,1.32,2.17,16.91,9.6,0.86,29.71,23.18
design_1421,1.54,0.97,0.43,1.43,1.07,4.21,1.28,2.36,14.31,8.54,0.84,29.58,23.53
design_1422,1.32,1.13,0.71,1.6,1.11,4.2,1.4,2.38,15.26,8.95,0.84,19.34,12.54
design_1423,1.38,1.87,0.63,2.0,1.03,2.97,1.34,1.96,16.52,9.43,0.85,29.01,22.47
design_1424,1.32,2.19,1.61,2.26,1.2,2.78,1.4,2.0,13.37,8.02,0.85,3.63,3.25
design_1425,1.76,2.29,2.01,2.29,1.22,2.52,1.48,2.09,19.53,10.24,0.86,33.11,23.67
design_1426,1.26,2.06,1.54,2.2,1.1,2.88,1.34,1.98,12.64,7.56,0.85,3.84,3.92
design_1427,1.21,1.94,1.57,1.98,0.98,2.57,1.24,1.83,18.66,10.18,0.86,12.06,9.41
design_1428,1.31,1.91,1.54,2.19,1.19,2.38,1.29,1.83,5.24,4.53,0.86,3.84,3.15
design_1429,1.24,2.07,1.67,2.02,1.31,1.85,1.25,1.73,5.02,4.5,0.86,4.72,3.2
design_1430,1.22,1.94,1.37,1.94,0.94,2.79,1.26,1.84,10.49,6.72,0.84,2.67,2.87
design_1431,1.26,2.02,1.48,2.07,0.95,2.72,1.28,1.88,15.04,8.7,0.85,3.94,4.08
design_1432,1.2,2.43,1.25,1.91,1.06,2.0,1.26,1.71,17.05,9.45,0.87,17.38,12.77
design_1433,1.22,2.45,1.5,1.74,1.03,1.7,1.23,1.66,18.67,9.95,0.86,31.46,21.42
design_1434,1.17,2.31,1.49,1.69,0.97,1.97,1.23,1.67,16.83,9.25,0.86,11.19,5.76
design_1435,1.48,2.87,1.93,2.13,1.31,1.99,1.42,2.0,15.84,8.89,0.86,26.79,17.73
design_1436,1.3,2.64,1.25,1.93,1.12,1.93,1.33,1.76,17.0,9.4,0.87,28.45,21.64
design_1437,1.56,2.86,1.18,1.9,1.29,1.8,1.37,1.81,16.71,9.32,0.86,28.01,20.45
design_1438,1.53,2.72,1.39,1.93,1.23,1.69,1.37,1.79,16.4,9.15,0.87,28.85,22.24
design_1439,1.29,2.62,1.3,2.02,1.09,1.99,1.36,1.79,16.63,9.25,0.87,15.08,10.13
design_1440,1.39,1.67,1.2,1.52,0.84,2.22,1.12,1.52,5.25,4.19,0.87,5.18,3.72
design_1441,1.43,1.99,1.34,2.13,0.72,1.86,1.23,1.64,14.02,7.9,0.87,6.29,4.93
design_1442,1.36,1.75,1.24,1.77,1.08,2.27,1.16,1.61,4.45,3.93,0.87,4.49,3.43
design_1443,1.32,1.54,0.92,1.71,0.77,2.25,1.06,1.48,12.25,7.25,0.86,8.2,6.29
design_1444,1.07,1.78,1.9,1.89,0.55,1.6,1.15,1.58,15.81,8.7,0.86,31.76,23.51
design_1445,1.34,1.63,1.11,2.1,0.84,2.09,1.11,1.57,5.27,4.4,0.87,5.35,4.01
design_1446,1.69,1.84,1.15,1.7,0.89,1.91,1.15,1.55,16.35,8.99,0.87,25.82,16.25
design_1447,1.45,1.49,2.76,1.68,0.87,2.22,1.22,1.95,15.08,8.49,0.87,5.96,5.22
design_1448,1.31,2.04,1.48,1.56,1.25,4.09,1.4,2.48,16.67,9.49,0.85,15.93,13.57
design_1449,1.08,2.01,1.45,1.51,0.9,4.1,1.36,2.43,16.62,9.47,0.85,21.27,17.78
design_1450,1.29,2.09,1.44,1.59,1.63,3.45,1.35,2.24,16.77,9.52,0.85,16.08,12.36
design_1451,1.17,2.21,1.21,1.63,1.04,3.31,1.37,2.12,16.86,9.55,0.85,17.21,13.9
design_1452,1.32,2.04,1.36,1.52,1.12,3.97,1.36,2.4,14.19,8.49,0.84,15.95,12.44
design_1453,1.25,2.1,1.61,1.59,0.89,4.05,1.38,2.46,15.51,9.0,0.85,13.43,11.5
design_1454,1.35,2.08,1.65,1.73,1.2,3.15,1.34,2.13,15.75,9.14,0.85,30.25,22.74
design_1455,1.16,2.14,1.29,1.63,1.13,4.06,1.4,2.44,16.83,9.61,0.85,26.18,20.13
design_1456,1.09,1.9,2.6,1.71,0.89,3.34,1.42,2.32,16.76,9.6,0.84,11.4,6.96
design_1457,1.22,1.99,1.88,1.76,0.88,3.74,1.42,2.34,15.01,8.88,0.83,21.08,15.43
design_1458,1.05,1.93,2.93,1.79,0.91,3.54,1.46,2.48,18.47,10.24,0.85,15.9,11.95
design_1459,1.05,1.74,2.86,1.78,1.24,3.61,1.49,2.49,17.04,9.59,0.85,15.09,10.65
design_1460,1.04,2.01,2.07,1.73,1.14,3.36,1.38,2.23,9.1,6.49,0.83,3.55,3.59
design_1461,1.02,1.8,3.02,1.62,1.2,3.66,1.48,2.54,5.36,4.81,0.85,4.81,3.89
design_1462,1.05,1.94,2.87,1.78,1.43,4.01,1.54,2.67,15.55,8.99,0.84,13.5,10.25
design_1463,0.96,1.96,3.0,1.71,0.99,3.02,1.4,2.32,6.82,5.42,0.84,4.39,3.44
design_1464,1.2,2.1,2.61,1.61,1.08,2.66,1.3,2.08,16.09,9.2,0.85,9.55,6.09
design_1465,1.13,2.17,3.58,1.75,0.88,1.58,1.35,2.22,17.59,9.59,0.85,28.36,21.3
design_1466,1.59,1.54,1.41,1.33,1.2,4.46,1.39,2.35,5.46,4.72,0.86,12.5,8.65
design_1467,1.18,1.73,2.91,1.66,1.11,2.88,1.35,2.2,13.43,8.0,0.84,3.64,3.62
design_1468,1.0,1.92,2.0,1.64,1.44,4.29,1.39,2.42,11.69,7.36,0.84,7.56,4.94
design_1469,1.25,2.01,1.62,1.71,1.45,2.74,1.25,1.89,13.07,7.88,0.84,16.57,10.35
design_1470,1.17,1.73,2.39,1.66,1.06,2.44,1.24,1.92,15.66,9.03,0.85,7.08,5.73
design_1471,1.06,1.95,2.43,1.64,1.3,3.98,1.38,2.41,15.8,9.05,0.85,18.85,12.85
design_1472,1.16,2.03,1.64,2.16,0.97,3.27,1.35,2.05,12.91,7.6,0.86,7.31,4.99
design_1473,1.2,1.89,1.52,2.17,1.2,3.85,1.37,2.21,16.04,8.85,0.86,17.44,13.44
design_1474,1.19,1.81,1.2,2.0,1.27,2.83,1.24,1.82,13.35,7.86,0.85,7.78,5.78
design_1475,1.25,1.56,2.23,1.93,0.87,3.01,1.24,2.01,14.15,8.16,0.86,4.53,4.68
design_1476,1.15,1.9,1.47,2.4,2.19,3.22,1.36,2.16,8.99,5.75,0.86,7.78,5.62
design_1477,1.11,1.69,1.35,2.17,0.97,3.0,1.26,1.88,10.12,6.48,0.85,4.96,3.81
design_1478,1.2,1.77,1.04,2.08,1.63,3.02,1.26,1.9,16.14,9.02,0.86,17.45,12.96
design_1479,1.12,1.89,1.22,2.13,1.06,3.36,1.29,1.99,8.55,5.82,0.85,5.71,3.84
design_1480,1.29,1.4,1.89,1.84,1.03,2.7,1.22,1.88,10.2,6.74,0.84,1.68,2.21
design_1481,1.37,1.7,1.75,1.9,1.12,3.47,1.37,2.15,16.2,9.22,0.85,28.49,19.75
design_1482,1.45,1.23,1.98,1.88,1.35,3.11,1.3,2.06,14.82,8.64,0.84,28.4,20.09
design_1483,1.2,1.32,1.97,1.72,1.25,2.81,1.23,1.91,7.7,5.73,0.84,6.55,5.19
design_1484,1.59,1.67,1.73,1.89,1.0,2.95,1.31,1.99,10.33,6.72,0.84,5.41,3.48
design_1485,1.12,1.3,2.04,1.79,1.01,2.97,1.23,1.96,13.53,8.08,0.84,9.67,7.23
design_1486,1.28,1.69,1.42,2.04,1.3,2.05,1.25,1.68,15.15,8.65,0.85,31.62,22.87
design_1487,1.48,1.37,1.31,1.68,1.01,3.06,1.21,1.87,10.25,6.7,0.84,6.15,4.29
design_1488,1.31,1.06,1.83,1.46,0.76,5.04,1.42,2.72,11.06,7.07,0.84,28.12,21.2
design_1489,1.28,1.31,1.47,1.52,1.19,4.49,1.35,2.49,11.93,7.55,0.84,28.62,21.4
design_1490,1.41,1.24,1.13,1.6,0.82,5.08,1.41,2.72,16.18,9.17,0.85,28.29,21.43
design_1491,1.53,0.86,3.73,1.49,0.92,4.69,1.45,2.87,16.88,9.55,0.86,28.96,21.9
design_1492,1.56,1.17,1.11,1.53,0.94,5.43,1.45,2.88,16.46,9.42,0.85,25.23,19.18
design_1493,1.18,1.07,3.77,1.5,0.84,4.5,1.4,2.78,17.26,9.74,0.86,29.12,22.06
design_1494,1.37,1.0,1.8,1.55,1.24,3.98,1.27,2.3,14.59,8.71,0.84,28.27,21.21
design_1495,1.16,1.06,3.75,1.58,0.87,4.55,1.43,2.8,17.13,9.69,0.85,15.11,11.95
design_1496,1.15,1.81,2.58,1.71,1.37,2.9,1.39,2.15,8.51,6.02,0.84,2.93,3.11
design_1497,1.0,1.86,2.98,1.5,0.99,2.35,1.23,2.08,8.59,6.14,0.83,6.33,3.92
design_1498,1.12,1.9,2.46,1.55,1.06,2.66,1.29,2.02,13.1,8.03,0.82,35.73,25.33
design_1499,0.98,1.9,1.51,1.55,1.06,4.68,1.41,2.51,13.29,8.1,0.83,4.6,3.84
design_1500,1.29,2.34,1.59,1.78,1.22,3.06,1.36,2.05,12.38,7.78,0.83,2.69,3.02
design_1501,1.26,2.15,1.86,1.59,1.09,3.69,1.36,2.25,8.45,6.23,0.83,3.04,2.92
design_1502,0.78,1.96,2.7,1.63,0.94,2.23,1.23,1.96,12.12,7.59,0.83,6.57,4.46
design_1503,0.8,1.87,2.99,1.49,0.92,2.22,1.29,2.03,15.78,9.05,0.84,21.38,14.25
design_1504,8.6,20.52,7.82,27.3,12.42,26.75,15.52,20.28,15.36,9.37,0.83,16.68,17.27
design_1505,10.12,21.57,8.27,27.78,13.61,25.68,15.54,20.36,12.11,8.02,0.82,17.5,17.95
design_1506,9.7,22.15,8.19,27.44,13.48,26.15,15.61,20.49,17.46,9.96,0.85,16.39,17.18
design_1507,9.77,21.7,8.27,27.17,13.29,25.73,15.51,20.22,12.14,7.81,0.83,15.28,15.4
design_1508,10.09,21.97,7.83,27.4,13.41,26.17,15.58,20.47,16.78,9.96,0.83,15.74,17.13
design_1509,9.12,21.12,7.9,27.38,13.21,26.04,15.51,20.22,16.76,9.74,0.84,19.46,19.48
design_1510,9.74,21.88,6.15,27.43,13.25,26.56,15.59,20.48,6.75,5.74,0.83,23.46,20.92
design_1511,9.9,22.29,8.4,27.57,13.86,25.74,15.6,20.46,16.58,9.48,0.85,21.12,16.26
design_1512,8.55,19.84,8.87,27.3,12.42,27.38,15.48,20.5,12.67,8.39,0.81,16.79,14.99
design_1513,6.88,20.32,8.06,27.14,12.3,27.03,15.41,20.24,15.15,9.33,0.82,16.97,15.14
design_1514,7.54,21.2,7.46,27.43,13.07,25.75,15.39,20.04,11.23,7.64,0.82,17.16,15.14
design_1515,8.61,20.64,7.35,27.29,12.61,24.91,15.28,19.66,16.63,9.86,0.84,16.64,18.17
design_1516,7.81,19.31,7.5,27.07,11.92,27.45,15.4,20.24,14.73,9.28,0.81,16.61,15.48
design_1517,8.18,19.89,7.59,27.23,12.26,26.75,15.38,20.15,15.18,9.4,0.82,16.84,15.69
design_1518,9.4,20.45,7.46,27.34,12.67,25.25,15.31,19.83,12.15,7.76,0.83,16.3,15.57
design_1519,8.27,19.02,8.94,26.95,11.63,28.86,15.53,20.79,14.08,8.79,0.82,17.48,15.61
design_1520,1.3,2.2,1.5,2.18,1.15,8.0,2.11,4.19,14.25,8.24,0.85,10.66,7.08
design_1521,1.56,1.94,4.16,2.72,1.21,3.65,1.71,2.96,14.82,8.7,0.84,14.59,11.12
design_1522,1.54,2.09,4.68,2.7,1.34,3.15,1.74,2.99,13.75,8.21,0.84,9.81,7.65
design_1523,1.6,1.78,4.03,2.32,0.81,4.34,1.69,3.06,17.68,9.99,0.85,8.98,8.73
design_1524,1.52,1.94,4.19,2.48,1.55,3.16,1.63,2.81,13.58,8.21,0.84,12.82,10.27
design_1525,2.12,2.2,4.85,3.37,1.09,3.36,1.95,3.24,12.06,7.41,0.84,15.33,12.13
design_1526,1.74,2.06,4.65,2.6,1.23,3.36,1.75,3.03,14.79,8.63,0.84,10.68,8.11
design_1527,1.54,1.84,4.03,2.58,1.08,4.23,1.73,3.07,17.72,9.95,0.85,23.25,17.98
design_1528,1.22,1.79,2.11,2.52,1.3,2.04,1.36,1.93,10.39,6.69,0.84,7.36,5.75
design_1529,1.45,1.82,2.15,2.45,1.2,2.3,1.44,2.01,8.56,5.98,0.85,3.97,3.03
design_1530,1.15,1.79,2.27,2.28,1.12,2.26,1.37,1.96,12.41,7.55,0.85,9.96,7.27
design_1531,1.21,1.64,2.3,2.2,1.09,2.6,1.3,2.03,15.47,8.92,0.84,9.57,7.33
design_1532,1.27,1.65,2.16,2.19,1.26,2.66,1.35,2.03,15.79,9.0,0.85,17.46,12.9
design_1533,1.4,1.99,2.14,2.36,1.09,2.4,1.42,2.02,13.75,8.16,0.84,8.28,5.79
design_1534,1.21,1.68,2.07,2.26,0.97,2.63,1.35,1.98,14.99,8.67,0.85,8.3,6.66
design_1535,1.26,1.77,1.41,2.09,1.29,2.06,1.23,1.69,14.37,8.43,0.85,9.55,7.39
design_1536,0.99,1.79,2.82,2.16,0.83,3.02,1.4,2.34,14.63,8.81,0.82,30.18,22.01
design_1537,1.08,1.31,3.87,2.13,0.78,2.91,1.5,2.63,15.55,9.12,0.83,30.99,22.75
design_1538,0.94,1.22,4.51,1.92,0.77,4.14,1.64,3.2,12.29,7.66,0.84,25.53,20.19
design_1539,0.97,1.83,2.69,2.24,1.08,3.23,1.42,2.39,17.77,10.16,0.83,12.44,10.2
design_1540,1.02,2.06,3.02,2.67,1.36,3.58,1.61,2.7,13.95,8.52,0.82,27.69,19.99
design_1541,0.97,1.64,3.01,2.52,1.17,3.33,1.49,2.55,12.58,7.94,0.82,28.13,20.21
design_1542,0.96,1.76,2.01,2.18,0.81,3.0,1.32,2.11,15.69,9.27,0.82,27.98,19.95
design_1543,1.15,1.72,1.38,2.27,1.28,3.14,1.34,2.09,13.41,8.3,0.82,12.17,8.92
design_1544,1.15,1.68,1.72,1.83,0.88,2.37,1.18,1.76,17.18,9.7,0.86,30.72,22.29
design_1545,1.26,1.92,1.79,2.12,0.97,2.82,1.35,2.02,17.98,9.97,0.86,24.99,22.26
design_1546,1.19,1.62,2.18,2.06,0.97,4.06,1.46,2.49,16.79,9.57,0.85,33.55,26.42
design_1547,0.92,1.6,1.49,1.94,0.95,2.89,1.22,1.9,16.93,9.62,0.86,22.85,17.23
design_1548,1.17,1.79,1.84,1.87,1.01,3.07,1.3,2.06,16.44,9.42,0.85,32.71,24.17
design_1549,1.24,1.77,1.6,2.17,1.01,3.2,1.37,2.12,16.96,9.64,0.85,18.34,14.08
design_1550,0.99,1.54,2.1,1.82,0.85,4.15,1.35,2.46,16.76,9.59,0.85,27.32,20.01
design_1551,1.0,1.55,1.88,1.76,0.85,4.01,1.35,2.37,17.16,9.79,0.85,24.22,18.25
design_1552,9.95,22.65,8.25,26.89,13.3,24.0,15.25,19.78,11.4,7.58,0.82,20.45,18.05
design_1553,8.31,23.57,9.98,27.08,13.57,24.85,15.41,20.26,16.11,9.53,0.83,17.24,15.44
design_1554,7.86,22.28,9.19,26.67,12.91,28.07,15.56,20.97,15.95,9.61,0.82,15.1,15.7
design_1555,8.16,23.36,7.8,26.83,13.39,24.36,15.28,19.85,16.12,9.58,0.84,17.12,17.56
design_1556,9.69,22.93,8.2,26.74,13.16,24.33,15.28,19.86,12.76,8.18,0.82,25.18,20.76
design_1557,9.56,23.39,8.16,26.83,13.35,24.63,15.34,20.06,15.98,9.52,0.83,18.07,15.43
design_1558,8.23,23.77,9.88,27.11,13.72,24.78,15.42,20.28,13.9,8.54,0.83,16.71,15.24
design_1559,9.16,22.18,7.49,26.7,12.72,23.94,15.18,19.49,13.54,8.51,0.82,20.45,18.01
design_1560,0.91,2.27,2.73,2.24,0.91,1.88,1.24,1.94,17.36,9.64,0.87,29.11,23.3
design_1561,0.82,2.26,1.67,1.66,1.15,2.18,1.12,1.7,12.99,7.74,0.86,25.85,20.81
design_1562,0.8,2.22,2.2,1.89,0.78,2.07,1.17,1.77,14.28,8.37,0.86,26.3,21.03
design_1563,0.93,2.81,3.0,1.96,1.04,2.05,1.36,2.09,18.16,9.94,0.87,37.34,29.19
design_1564,1.11,2.23,2.09,1.93,1.02,2.08,1.27,1.81,16.78,9.23,0.87,31.62,23.31
design_1565,1.01,2.47,2.83,1.96,0.88,1.98,1.27,1.97,16.09,9.01,0.87,21.95,16.63
design_1566,1.07,2.68,2.04,1.85,1.21,1.93,1.28,1.86,14.12,8.2,0.86,27.1,21.59
design_1567,0.88,2.11,2.34,1.75,0.68,2.1,1.16,1.76,16.72,9.26,0.87,25.16,20.19
design_1568,0.85,2.18,2.52,1.8,0.65,7.48,2.06,4.25,17.35,10.0,0.84,15.78,11.41
design_1569,0.84,2.35,2.08,1.59,0.62,6.37,1.82,3.66,17.45,10.0,0.85,24.54,18.94
design_1570,0.92,2.46,2.96,1.57,0.57,7.59,2.12,4.35,16.38,9.47,0.84,21.52,17.09
design_1571,1.01,1.92,1.96,1.49,1.0,6.25,1.76,3.57,15.92,9.39,0.83,17.3,13.66
design_1572,0.77,2.3,1.35,1.71,0.71,3.67,1.28,2.32,17.85,10.26,0.84,18.97,15.81
design_1573,0.9,2.62,3.07,1.64,0.83,7.81,2.2,4.5,11.59,7.47,0.84,15.68,15.06
design_1574,0.92,2.16,2.41,1.6,0.66,6.58,1.85,3.78,17.69,10.07,0.85,10.85,8.58
design_1575,0.88,2.31,2.44,1.54,0.58,6.67,1.88,3.83,17.72,10.11,0.84,16.76,13.24
design_1576,1.36,1.99,1.37,2.01,1.12,2.4,1.35,1.78,8.07,5.96,0.84,6.95,4.05
design_1577,1.24,1.64,4.28,1.9,0.95,6.83,2.04,3.94,14.23,8.55,0.83,8.52,6.22
design_1578,1.24,1.65,2.76,2.04,0.85,3.45,1.47,2.37,14.31,8.7,0.83,16.9,10.19
design_1579,1.09,1.96,5.78,1.79,0.9,6.6,2.18,4.32,12.44,7.84,0.83,10.07,6.69
design_1580,1.28,1.86,3.39,2.15,1.27,2.36,1.52,2.36,15.42,8.94,0.84,18.48,14.15
design_1581,1.27,1.76,1.19,1.99,0.92,2.28,1.26,1.66,8.2,6.03,0.84,3.17,2.34
design_1582,1.19,2.04,7.24,2.07,1.37,6.99,2.5,4.99,11.91,7.54,0.83,11.1,7.41
design_1583,1.29,1.75,1.22,2.22,1.13,3.39,1.43,2.07,8.99,6.33,0.85,4.84,3.92
design_1584,1.04,1.66,3.35,2.19,1.0,3.03,1.34,2.31,8.65,6.06,0.84,2.91,2.76
design_1585,1.25,2.08,3.35,2.29,0.77,2.59,1.37,2.27,9.73,6.42,0.85,3.93,3.27
design_1586,0.82,2.03,0.94,2.25,1.02,5.5,1.55,2.89,5.47,4.57,0.86,5.63,4.87
design_1587,1.09,1.99,3.51,2.6,1.13,2.2,1.45,2.27,9.85,6.51,0.84,3.33,3.6
design_1588,1.03,1.78,3.36,2.15,0.89,2.51,1.3,2.18,11.69,7.35,0.85,5.05,3.89
design_1589,1.14,1.93,3.44,2.35,1.05,2.1,1.38,2.18,10.71,6.84,0.85,4.34,3.56
design_1590,0.91,1.93,3.33,2.1,0.77,4.78,1.52,2.87,11.96,7.4,0.85,8.18,5.88
design_1591,1.08,2.02,3.53,2.47,1.13,2.14,1.41,2.24,11.57,7.2,0.84,4.97,4.71
design_1592,1.21,2.08,4.18,1.89,0.62,1.56,1.5,2.57,15.35,8.91,0.84,16.24,10.42
design_1593,1.24,1.94,4.04,1.68,0.76,2.29,1.45,2.57,15.76,9.21,0.84,16.94,12.04
design_1594,1.3,2.1,4.01,1.2,0.69,1.5,1.41,2.43,14.39,8.39,0.83,9.84,6.67
design_1595,1.13,1.73,2.09,1.56,1.25,2.83,1.23,1.93,14.11,8.5,0.84,15.67,10.78
design_1596,1.54,1.89,1.13,1.5,1.08,4.42,1.32,2.23,8.15,5.75,0.85,5.85,3.7
design_1597,0.9,1.53,4.82,1.53,0.57,2.55,1.54,2.89,16.6,9.38,0.85,27.65,20.61
design_1598,1.33,1.79,1.23,1.69,1.16,4.48,1.36,2.26,6.35,5.03,0.85,5.27,3.29
design_1599,1.37,2.01,3.69,1.46,0.7,1.56,1.38,2.32,13.68,8.07,0.83,16.56,11.47
design_1600,1.47,1.54,0.75,2.42,0.99,0.92,1.14,1.49,16.19,8.65,0.89,31.91,23.39
design_1601,1.15,1.65,0.91,2.32,0.85,0.97,1.09,1.43,15.46,8.31,0.89,22.42,17.93
design_1602,1.32,2.12,1.48,2.53,1.19,1.04,1.22,1.73,15.47,8.41,0.88,27.12,18.88
design_1603,1.04,1.88,2.18,2.33,1.41,0.99,1.25,1.75,16.56,8.85,0.89,16.11,13.85
design_1604,1.35,1.74,0.95,2.05,0.92,0.98,1.14,1.42,15.91,8.51,0.89,22.07,16.35
design_1605,1.19,1.91,1.42,2.15,1.02,0.98,1.16,1.53,16.12,8.65,0.89,26.2,19.47
design_1606,1.39,2.17,0.86,2.24,0.88,0.98,1.25,1.55,16.49,8.76,0.89,25.08,18.9
design_1607,1.46,1.96,0.83,2.08,1.1,0.99,1.18,1.5,16.22,8.57,0.9,18.12,14.76
design_1608,1.1,2.51,1.65,2.04,1.14,8.74,2.27,4.68,16.31,9.13,0.86,34.76,24.82
design_1609,1.13,2.6,1.53,2.18,0.95,8.35,2.21,4.5,17.29,9.63,0.86,23.22,17.24
design_1610,1.05,2.64,1.67,1.96,1.06,8.37,2.2,4.5,16.4,9.32,0.85,28.63,20.74
design_1611,1.39,2.83,1.77,2.36,1.31,8.86,2.36,4.81,14.65,8.3,0.86,24.54,16.21
design_1612,1.22,3.17,2.03,2.33,0.97,7.63,2.19,4.26,18.12,9.87,0.87,22.89,19.63
design_1613,1.21,2.48,1.38,2.01,1.23,8.53,2.23,4.56,15.35,8.74,0.86,28.07,20.6
design_1614,1.13,2.45,1.4,1.99,0.96,8.16,2.15,4.38,16.62,9.39,0.86,20.17,15.19
design_1615,1.03,2.67,1.61,2.15,0.97,8.29,2.21,4.47,17.22,9.66,0.86,22.37,17.09
design_1616,1.1,2.47,3.79,2.21,0.87,3.92,1.67,2.95,14.75,8.74,0.83,34.13,25.52
design_1617,0.99,2.44,3.5,2.2,1.01,4.1,1.65,2.93,15.8,9.17,0.83,23.07,17.93
design_1618,0.92,2.09,4.2,2.24,0.76,3.29,1.62,2.84,12.83,7.88,0.84,13.12,10.26
design_1619,1.31,2.14,3.52,1.98,0.71,5.14,1.7,3.27,15.81,9.24,0.84,11.84,9.3
design_1620,1.31,2.47,3.5,2.37,0.87,3.63,1.6,2.8,16.95,9.67,0.84,27.97,21.16
design_1621,1.16,2.37,4.15,2.34,1.15,3.35,1.66,2.9,15.65,9.18,0.83,16.09,12.4
design_1622,1.17,2.49,3.4,2.53,1.28,2.74,1.58,2.55,16.0,9.08,0.85,12.69,9.64
design_1623,1.17,2.39,3.76,2.21,1.17,3.36,1.57,2.77,17.83,10.08,0.84,15.6,13.03
design_1624,1.05,1.53,0.72,1.78,1.15,7.21,1.86,3.7,10.0,6.02,0.87,25.57,19.63
design_1625,1.2,1.85,2.07,1.55,1.18,7.19,1.9,3.77,16.39,8.76,0.89,25.04,20.18
design_1626,1.22,1.89,0.87,2.21,1.16,7.13,1.91,3.74,13.75,7.61,0.88,23.04,17.89
design_1627,1.3,1.75,1.95,1.46,1.07,3.34,1.25,2.1,18.43,10.19,0.86,10.73,9.1
design_1628,1.1,1.69,1.54,1.57,1.03,6.39,1.74,3.35,16.33,9.22,0.86,22.76,17.52
design_1629,1.13,1.43,4.22,1.62,1.25,3.55,1.46,2.59,16.65,9.5,0.86,16.46,14.3
design_1630,0.81,1.39,1.09,1.56,0.9,7.12,1.78,3.62,7.96,5.25,0.87,25.41,19.79
design_1631,0.94,1.43,1.0,1.62,1.25,7.22,1.84,3.69,13.55,7.58,0.88,19.18,13.26
design_1632,1.32,2.33,1.38,3.12,0.83,1.05,1.34,1.88,10.63,6.25,0.88,14.26,9.91
design_1633,1.28,2.14,1.28,3.22,1.18,1.19,1.38,1.9,14.14,7.7,0.88,30.61,20.81
design_1634,1.34,2.42,1.28,3.26,1.67,1.45,1.42,2.04,11.91,6.84,0.88,10.69,8.58
design_1635,1.59,2.42,1.25,2.98,0.95,1.06,1.4,1.88,13.71,7.5,0.88,33.99,22.74
design_1636,1.49,2.41,1.08,3.25,1.01,1.18,1.42,1.94,14.03,7.63,0.89,27.47,18.22
design_1637,1.35,2.66,1.18,3.4,1.12,1.24,1.47,2.04,15.85,8.43,0.89,42.76,31.52
design_1638,1.63,2.58,1.35,3.36,1.36,1.48,1.49,2.11,12.84,7.18,0.88,14.7,11.5
design_1639,0.99,2.37,2.39,2.81,1.16,1.09,1.37,2.0,13.34,7.43,0.88,5.75,4.36
design_1640,0.87,1.41,0.57,1.61,0.88,5.6,1.61,3.2,12.34,7.79,0.84,29.21,22.66
design_1641,0.81,1.71,0.6,1.56,0.89,6.19,1.78,3.52,17.65,10.04,0.85,21.44,20.08
design_1642,0.87,1.38,0.58,1.66,0.84,5.66,1.63,3.23,15.78,9.23,0.84,29.16,22.65
design_1643,0.81,1.66,0.51,1.7,0.96,5.63,1.65,3.24,17.65,9.97,0.85,17.32,11.12
design_1644,0.94,1.4,0.55,2.11,1.0,5.82,1.67,3.36,15.92,9.34,0.84,31.02,24.43
design_1645,0.8,1.64,0.47,1.7,0.8,5.67,1.65,3.24,16.78,9.62,0.85,28.97,21.56
design_1646,0.71,1.42,0.58,1.52,0.82,5.85,1.66,3.31,17.58,10.0,0.85,22.98,16.6
design_1647,0.91,1.38,0.58,2.01,0.84,5.74,1.66,3.3,15.15,9.0,0.84,29.16,22.31
design_1648,1.69,2.26,2.3,2.11,1.97,1.83,1.51,2.03,12.4,7.7,0.84,11.71,7.3
design_1649,1.1,2.05,0.99,1.73,0.97,7.1,1.85,3.61,14.34,7.76,0.88,13.27,9.73
design_1650,1.1,2.18,1.05,1.77,0.91,7.22,1.89,3.67,14.07,7.68,0.88,7.99,6.01
design_1651,1.31,1.98,0.91,1.7,1.33,6.38,1.73,3.3,13.49,7.9,0.85,8.92,6.99
design_1652,1.22,2.26,3.15,1.8,1.05,5.76,1.76,3.31,16.4,9.15,0.86,31.44,23.35
design_1653,1.17,2.14,0.94,1.65,1.06,7.11,1.83,3.62,15.38,8.36,0.88,13.58,10.05
design_1654,1.22,2.35,1.71,1.85,1.13,7.09,1.92,3.7,14.41,7.8,0.89,14.57,9.14
design_1655,1.37,2.2,1.28,1.74,1.59,6.51,1.85,3.42,12.23,7.24,0.86,13.42,7.7
design_1656,1.34,1.76,2.4,2.4,1.57,2.19,1.34,2.03,14.97,8.45,0.86,15.42,11.85
design_1657,1.16,1.67,1.39,2.34,1.23,2.47,1.26,1.77,14.22,7.99,0.87,7.79,6.45
design_1658,1.36,1.66,2.15,2.39,1.31,2.1,1.29,1.91,14.92,8.42,0.86,11.13,9.44
design_1659,1.21,1.7,1.47,2.29,0.99,2.16,1.23,1.7,13.1,7.6,0.87,8.68,7.26
design_1660,1.38,1.73,2.38,2.32,1.47,2.09,1.34,1.99,15.65,8.66,0.86,38.12,26.85
design_1661,1.16,1.1,2.3,1.9,1.2,2.07,1.12,1.76,13.94,8.05,0.86,17.84,13.93
design_1662,1.34,1.53,1.05,2.15,1.65,2.12,1.25,1.66,9.1,5.9,0.86,7.74,7.52
design_1663,1.27,1.78,1.52,2.44,1.29,2.47,1.32,1.85,10.2,6.35,0.86,7.43,5.53
design_1664,1.25,1.57,4.52,1.65,1.21,3.43,1.47,2.7,13.97,8.3,0.85,26.91,20.55
design_1665,0.8,1.77,2.04,2.39,1.01,6.16,1.7,3.33,16.44,9.35,0.85,26.19,19.15
design_1666,0.96,2.08,3.81,2.4,0.96,6.13,1.82,3.59,17.33,9.68,0.86,17.48,13.39
design_1667,0.96,1.74,4.46,1.76,1.33,2.26,1.42,2.4,17.19,9.71,0.85,18.76,12.92
design_1668,1.11,2.22,1.69,1.68,1.24,6.47,1.76,3.43,19.18,10.43,0.87,25.3,24.31
design_1669,1.02,1.91,3.79,1.75,1.0,5.71,1.73,3.35,17.08,9.47,0.87,22.13,16.93
design_1670,1.04,1.83,1.75,1.73,1.17,2.78,1.22,1.9,17.81,9.97,0.86,27.17,22.34
design_1671,1.16,2.22,1.62,1.83,1.2,7.73,2.01,4.0,13.53,7.51,0.88,34.89,27.49
design_1672,1.24,1.2,2.76,1.9,1.05,2.54,1.24,1.93,15.05,8.66,0.86,6.98,6.26
design_1673,1.11,1.16,1.6,1.88,1.05,3.91,1.31,2.16,12.47,7.57,0.85,4.54,3.57
design_1674,1.49,1.15,2.78,1.98,1.05,2.89,1.32,2.07,16.3,9.17,0.86,14.0,9.77
design_1675,0.99,1.0,2.16,1.85,1.24,3.08,1.22,1.94,11.56,7.2,0.85,2.24,2.64
design_1676,1.14,1.14,2.48,1.81,1.0,3.7,1.32,2.19,12.7,7.64,0.85,4.61,3.97
design_1677,1.12,0.9,4.83,1.66,0.9,4.8,1.52,3.01,12.18,7.33,0.86,9.5,6.21
design_1678,1.29,1.17,2.32,1.8,0.95,3.36,1.29,2.06,12.88,7.74,0.85,4.28,3.5
design_1679,1.21,1.13,2.32,1.92,1.09,2.81,1.25,1.91,12.48,7.61,0.85,2.51,2.89
design_1680,2.07,2.98,2.16,2.6,1.63,2.65,1.49,2.37,14.26,8.24,0.85,28.62,21.5
design_1681,2.15,3.22,2.2,2.66,1.3,2.01,1.54,2.31,17.94,9.8,0.86,21.45,14.6
design_1682,1.99,2.94,2.39,2.23,1.26,2.08,1.38,2.22,17.41,9.61,0.87,32.34,24.45
design_1683,1.97,2.79,2.43,2.38,1.55,2.39,1.42,2.3,14.35,8.15,0.86,28.71,21.89
design_1684,2.03,2.79,2.72,2.2,1.49,2.12,1.4,2.31,15.92,8.91,0.86,28.31,21.53
design_1685,2.06,2.92,2.42,2.41,1.23,1.82,1.44,2.23,18.27,9.98,0.86,25.22,19.62
design_1686,2.13,3.03,2.56,2.32,1.32,2.49,1.47,2.39,15.82,8.93,0.85,24.12,18.67
design_1687,1.89,2.98,2.68,2.43,1.65,1.95,1.46,2.34,14.22,8.21,0.86,28.99,22.23
design_1688,1.37,2.07,1.55,1.86,1.02,2.42,1.29,1.8,17.13,9.48,0.86,34.77,25.22
design_1689,1.19,1.95,1.59,1.85,0.99,2.86,1.25,1.89,11.73,7.16,0.85,5.02,4.27
design_1690,1.22,1.77,1.72,1.71,0.96,2.61,1.18,1.8,8.7,5.95,0.85,4.53,4.3
design_1691,1.51,2.52,2.1,1.98,0.93,2.21,1.4,1.97,16.47,9.12,0.85,22.39,13.81
design_1692,1.31,2.1,1.88,1.83,1.19,2.73,1.33,1.96,6.29,4.92,0.86,5.99,4.44
design_1693,1.17,2.0,1.6,1.84,1.03,2.24,1.21,1.73,14.27,8.27,0.86,4.69,3.29
design_1694,1.19,2.0,2.76,2.18,0.86,2.63,1.42,2.16,16.15,9.08,0.86,23.59,17.44
design_1695,1.25,1.9,1.5,1.59,1.12,2.12,1.15,1.64,9.51,6.31,0.85,3.15,2.14
design_1696,1.08,2.56,3.69,2.16,1.95,2.55,1.48,2.63,15.17,8.61,0.85,14.59,12.33
design_1697,1.27,3.02,3.87,2.28,1.55,2.56,1.67,2.75,14.87,8.21,0.87,14.31,11.13
design_1698,1.21,2.14,4.48,1.72,1.2,2.37,1.5,2.76,14.92,8.39,0.87,24.52,16.48
design_1699,1.09,2.53,3.74,2.15,2.36,2.67,1.51,2.71,16.12,8.89,0.86,15.43,13.26
design_1700,1.12,2.59,3.5,1.78,1.02,2.44,1.38,2.43,12.59,7.66,0.84,12.62,10.84
design_1701,1.07,2.36,4.39,1.86,1.32,2.32,1.53,2.75,15.51,8.74,0.86,11.13,8.4
design_1702,1.16,2.1,3.31,1.58,1.0,2.51,1.28,2.3,16.77,9.47,0.85,16.29,11.67
design_1703,1.15,2.68,3.04,2.15,1.36,2.49,1.38,2.36,17.22,9.73,0.85,29.77,22.9
design_1704,1.51,1.94,1.02,2.44,1.27,2.34,1.3,1.92,17.18,9.62,0.86,25.95,20.8
design_1705,1.34,1.8,1.69,1.95,1.13,5.9,1.64,3.32,16.9,9.59,0.85,28.15,22.0
design_1706,1.23,1.51,1.64,1.98,1.14,5.53,1.56,3.12,17.6,9.92,0.86,29.35,23.02
design_1707,1.22,1.73,1.74,2.07,1.29,6.15,1.71,3.45,15.14,8.74,0.86,27.47,21.91
design_1708,1.36,1.63,1.69,2.25,1.22,2.5,1.23,1.93,16.67,9.43,0.85,27.74,22.43
design_1709,0.98,1.83,0.68,2.14,1.09,5.61,1.61,3.14,17.15,9.79,0.85,32.4,25.46
design_1710,1.28,2.03,1.58,2.3,1.29,6.44,1.85,3.62,15.93,9.17,0.85,19.44,16.06
design_1711,1.63,1.98,1.15,2.59,1.18,2.12,1.35,1.91,17.92,9.93,0.86,33.75,27.69
design_1712,1.81,2.12,2.05,2.25,1.4,1.24,1.27,1.88,13.76,7.76,0.88,5.02,4.1
design_1713,1.87,1.92,3.95,2.04,1.31,1.05,1.34,2.3,13.83,7.7,0.88,4.34,3.94
design_1714,1.49,1.78,2.01,2.26,1.31,1.15,1.22,1.75,13.6,7.55,0.89,3.78,3.57
design_1715,2.39,2.3,3.5,2.42,1.31,1.03,1.47,2.37,16.01,8.67,0.88,17.77,15.42
design_1716,2.41,2.82,4.05,2.34,1.46,0.98,1.51,2.61,14.32,7.67,0.9,7.87,7.17
design_1717,1.85,2.49,2.18,2.75,1.34,1.19,1.36,2.09,14.99,8.21,0.88,4.06,4.22
design_1718,2.38,3.13,2.02,2.64,1.57,1.24,1.51,2.29,17.05,9.16,0.88,35.98,27.38
design_1719,1.85,2.05,2.25,2.3,1.29,1.14,1.29,1.91,13.42,7.53,0.88,2.96,3.13
design_1720,1.12,2.02,1.64,2.42,1.35,2.78,1.36,2.0,14.14,8.15,0.85,9.75,8.24
design_1721,1.25,2.27,0.92,2.59,1.45,2.65,1.39,1.98,6.02,4.76,0.86,7.41,4.88
design_1722,1.09,1.91,1.12,2.34,1.42,2.52,1.31,1.83,9.13,6.06,0.85,5.69,4.97
design_1723,1.13,2.16,1.13,2.36,1.35,2.66,1.36,1.91,7.25,5.26,0.86,6.23,4.9
design_1724,1.15,2.06,1.22,2.4,1.11,2.6,1.32,1.88,6.99,5.17,0.85,6.33,4.94
design_1725,1.4,2.03,1.36,2.48,1.19,2.67,1.39,1.96,15.72,8.82,0.86,28.36,19.87
design_1726,1.27,2.33,1.33,2.55,1.42,2.63,1.45,2.02,8.49,5.72,0.86,9.31,7.52
design_1727,1.29,2.3,1.37,2.39,1.29,2.57,1.39,1.96,9.81,6.35,0.85,7.41,6.12
design_1728,0.97,1.8,0.72,2.14,1.24,5.63,1.54,2.94,13.02,7.85,0.84,5.8,5.04
design_1729,1.36,1.85,0.78,2.16,1.05,5.48,1.52,2.91,12.27,7.56,0.84,9.38,6.64
design_1730,1.18,1.72,0.8,2.11,1.11,5.46,1.49,2.87,11.67,7.26,0.84,7.81,5.28
design_1731,1.95,1.95,1.06,2.37,1.53,5.6,1.65,3.09,12.42,7.55,0.85,13.7,8.74
design_1732,1.45,1.9,0.78,2.07,1.43,5.55,1.53,2.96,11.43,7.24,0.84,10.32,8.16
design_1733,0.95,1.98,0.72,2.25,1.21,5.58,1.55,2.95,14.53,8.44,0.85,10.15,6.55
design_1734,0.75,1.72,0.71,2.12,1.04,5.59,1.51,2.9,11.92,7.34,0.84,11.84,7.92
design_1735,1.15,2.0,0.73,2.27,1.11,5.51,1.54,2.94,11.47,7.07,0.85,10.3,7.36
design_1736,1.47,3.07,4.19,2.14,1.16,1.54,1.6,2.66,14.96,8.67,0.85,12.28,8.98
design_1737,1.29,2.64,4.25,1.98,1.17,2.16,1.52,2.68,15.61,8.92,0.85,19.85,15.87
design_1738,1.8,2.32,2.61,2.52,0.94,2.86,1.5,2.35,7.86,5.66,0.85,17.35,13.07
design_1739,1.36,2.98,2.34,2.11,1.01,4.44,1.55,2.72,14.28,8.39,0.84,10.71,7.21
design_1740,1.3,2.52,2.9,1.95,1.14,3.72,1.43,2.56,12.82,7.88,0.84,14.36,12.06
design_1741,1.63,3.13,4.04,2.6,1.04,1.75,1.61,2.71,16.45,9.06,0.84,21.91,16.11
design_1742,1.29,2.56,3.63,1.97,1.27,2.14,1.41,2.44,14.51,8.51,0.85,14.26,11.56
design_1743,1.59,2.97,3.79,2.38,1.05,1.88,1.53,2.58,14.5,8.48,0.85,15.9,10.2
design_1744,1.49,2.04,1.07,2.22,1.01,1.47,1.25,1.61,15.77,8.55,0.88,12.14,7.15
design_1745,1.37,1.9,0.94,1.99,1.14,1.22,1.15,1.47,15.54,8.43,0.89,20.17,16.24
design_1746,1.17,1.69,0.98,2.26,1.3,1.63,1.28,1.55,15.17,8.26,0.89,16.32,12.94
design_1747,1.38,1.68,0.51,2.08,1.08,1.79,1.24,1.49,16.36,8.77,0.89,8.38,7.02
design_1748,1.48,1.97,0.73,1.98,1.12,1.31,1.2,1.48,15.95,8.57,0.89,23.57,18.31
design_1749,1.36,1.9,0.98,1.94,1.19,1.35,1.18,1.48,16.12,8.65,0.88,16.82,12.63
design_1750,1.4,1.75,0.44,2.08,1.1,1.72,1.21,1.49,15.84,8.57,0.89,19.09,15.07
design_1751,1.3,1.64,0.63,2.07,0.91,1.57,1.19,1.42,15.07,8.23,0.89,6.83,4.54
design_1752,1.17,0.91,3.26,1.97,0.95,7.56,2.0,4.09,11.52,7.23,0.84,14.44,10.62
design_1753,1.53,1.72,3.17,2.42,1.15,7.55,2.11,4.17,16.58,9.19,0.86,17.58,12.33
design_1754,1.51,1.62,3.49,2.32,1.0,7.96,2.2,4.38,15.94,8.59,0.88,19.45,13.4
design_1755,1.39,1.73,1.56,2.16,0.68,8.35,2.16,4.31,14.98,8.36,0.87,11.42,7.35
design_1756,1.28,1.29,3.68,1.85,1.1,5.6,1.71,3.36,15.25,9.04,0.84,13.18,9.2
design_1757,1.33,1.5,2.79,2.22,0.86,8.32,2.21,4.41,16.84,9.31,0.86,18.6,13.4
design_1758,1.11,1.37,3.98,2.43,0.81,8.39,2.27,4.62,10.08,6.54,0.85,14.84,10.89
design_1759,1.41,1.65,3.15,2.32,0.83,8.66,2.32,4.63,16.51,8.96,0.88,21.42,15.2
design_1760,1.01,2.09,2.93,2.07,1.21,4.78,1.58,2.84,17.36,9.73,0.86,14.73,13.64
design_1761,1.02,2.06,2.66,2.48,0.99,5.66,1.73,3.15,17.38,9.53,0.87,19.54,15.24
design_1762,1.02,2.02,2.2,2.29,0.94,5.51,1.63,3.0,14.31,8.31,0.85,18.14,12.07
design_1763,1.07,2.15,2.46,2.34,0.89,5.66,1.71,3.11,16.73,9.19,0.87,16.71,12.09
design_1764,1.13,2.13,2.29,2.53,1.3,2.16,1.36,2.02,18.04,9.9,0.87,19.32,17.37
design_1765,1.26,2.4,4.02,2.73,0.97,5.65,1.9,3.48,16.0,8.68,0.88,16.64,12.11
design_1766,1.15,2.13,2.59,2.18,1.13,5.44,1.67,3.04,15.45,8.68,0.86,14.33,9.85
design_1767,1.12,2.23,3.16,2.25,1.04,5.41,1.69,3.14,14.01,8.08,0.86,18.14,11.85
design_1768,1.14,2.16,3.39,1.59,1.14,8.08,2.24,4.5,17.58,9.8,0.86,18.48,13.7
design_1769,1.56,2.44,0.58,1.69,0.74,4.67,1.58,2.69,17.39,9.78,0.85,20.01,15.8
design_1770,1.72,2.5,1.27,1.79,0.86,4.31,1.61,2.62,16.5,9.36,0.86,30.69,22.93
design_1771,1.39,2.19,1.27,1.6,0.99,4.51,1.54,2.63,17.46,9.81,0.86,11.81,10.62
design_1772,1.4,2.28,1.22,1.6,0.74,4.79,1.55,2.75,19.02,10.48,0.86,15.46,12.48
design_1773,1.56,2.32,1.06,1.79,0.86,4.51,1.61,2.65,17.78,9.96,0.86,13.3,11.6
design_1774,1.44,2.24,1.26,1.64,0.83,4.56,1.56,2.66,16.89,9.59,0.85,22.36,17.11
design_1775,1.36,2.24,0.58,1.58,0.79,4.25,1.45,2.46,18.26,10.23,0.85,12.65,10.95
design_1776,0.79,1.14,1.71,1.67,0.69,5.05,1.46,2.74,16.88,9.63,0.85,30.11,23.42
design_1777,0.94,1.07,1.36,1.83,1.3,5.23,1.51,2.82,16.57,9.42,0.85,31.28,22.89
design_1778,1.81,1.8,3.37,2.48,1.37,5.29,1.95,3.37,18.15,9.96,0.86,30.56,21.47
design_1779,0.94,1.04,1.62,1.87,1.85,5.78,1.7,3.13,18.01,10.04,0.86,30.68,24.6
design_1780,1.21,1.31,1.22,1.99,0.78,5.33,1.59,2.86,17.73,10.05,0.84,30.61,23.6
design_1781,1.15,1.64,4.12,2.2,1.13,2.81,1.55,2.71,17.35,9.92,0.84,31.48,23.63
design_1782,0.98,0.98,2.01,2.16,1.54,4.62,1.58,2.7,17.61,9.82,0.85,24.19,20.82
design_1783,0.78,0.94,1.07,1.89,1.11,5.42,1.53,2.86,17.7,10.02,0.85,35.32,29.65
design_1784,0.91,1.78,0.88,1.93,1.04,6.29,1.66,3.34,16.24,9.15,0.86,25.56,18.76
design_1785,0.95,1.91,0.56,1.78,1.11,4.81,1.44,2.66,9.9,6.65,0.84,23.61,18.05
design_1786,1.01,1.98,0.95,1.92,0.88,6.28,1.69,3.35,17.23,9.63,0.86,23.21,18.01
design_1787,0.45,1.45,1.11,1.75,1.04,5.3,1.49,2.83,15.39,8.81,0.86,22.28,17.26
design_1788,0.86,1.91,0.8,2.01,1.14,6.72,1.8,3.55,17.08,9.19,0.88,23.4,18.47
design_1789,1.01,1.92,0.73,1.77,1.1,5.27,1.51,2.87,15.43,8.99,0.85,21.8,16.73
design_1790,0.96,1.88,0.53,1.79,0.97,6.32,1.65,3.34,16.42,9.28,0.85,33.42,23.86
design_1791,0.86,1.92,1.15,1.96,0.91,6.85,1.82,3.61,15.5,8.34,0.89,23.54,17.93
design_1792,0.81,1.48,1.67,2.26,1.26,5.19,1.49,2.83,15.86,8.97,0.87,11.81,9.17
design_1793,0.92,1.43,0.63,2.3,1.32,3.06,1.24,1.95,16.75,9.53,0.86,8.68,7.01
design_1794,1.72,1.83,2.73,2.36,1.65,2.09,1.4,2.08,17.11,9.46,0.86,23.31,19.95
design_1795,0.91,1.54,1.58,2.38,1.22,4.6,1.45,2.61,17.39,9.67,0.87,27.88,24.88
design_1796,0.83,1.38,1.67,2.38,1.04,5.48,1.55,2.94,13.34,7.79,0.86,5.74,4.42
design_1797,1.17,1.39,2.39,2.49,1.08,2.1,1.22,1.87,15.43,8.78,0.86,10.35,11.81
design_1798,0.87,1.35,1.67,2.24,1.07,4.49,1.37,2.52,11.96,7.38,0.85,5.25,3.79
design_1799,0.82,1.49,1.65,2.27,1.11,4.99,1.47,2.73,13.5,8.04,0.85,4.29,3.71
design_1800,8.56,21.54,12.13,27.34,12.47,24.45,15.1,19.04,4.82,4.62,0.85,29.98,19.95
design_1801,9.31,22.72,12.17,27.32,13.12,24.87,15.2,19.44,5.99,5.29,0.84,29.56,19.22
design_1802,9.97,22.99,13.82,27.48,13.49,23.97,15.27,19.62,12.09,7.83,0.83,27.78,18.55
design_1803,10.01,22.72,13.43,27.44,13.08,24.96,15.28,19.72,8.67,6.45,0.83,28.36,19.32
design_1804,9.19,22.04,12.51,27.4,12.94,22.99,15.07,18.91,5.97,5.23,0.84,30.51,19.93
design_1805,9.35,22.37,11.63,27.35,12.85,23.64,15.08,18.99,6.0,5.37,0.83,29.83,19.27
design_1806,7.46,22.64,10.59,27.18,12.44,22.68,14.93,18.45,10.56,6.83,0.84,27.72,18.12
design_1807,8.92,23.55,12.65,27.39,13.65,23.28,15.17,19.28,15.12,8.59,0.85,29.53,19.9
design_1808,1.08,1.78,1.5,1.6,1.22,3.29,1.2,2.07,15.67,9.07,0.85,30.52,22.77
design_1809,1.08,1.92,1.51,1.68,0.81,4.34,1.34,2.51,17.24,9.76,0.84,29.88,20.76
design_1810,1.04,1.93,1.31,1.76,0.66,5.16,1.47,2.86,17.46,9.9,0.84,31.07,22.06
design_1811,1.04,1.81,1.56,1.68,0.79,3.94,1.26,2.33,17.67,9.96,0.85,23.04,18.27
design_1812,1.03,1.78,1.16,1.57,0.87,3.81,1.27,2.22,18.07,10.09,0.86,26.73,20.85
design_1813,0.98,1.75,1.48,1.62,1.26,4.29,1.32,2.48,17.57,9.92,0.85,25.47,20.24
design_1814,1.49,2.4,1.33,1.73,1.04,6.86,1.88,3.72,16.96,9.59,0.86,24.93,19.67
design_1815,1.11,1.99,1.53,1.58,1.16,3.88,1.29,2.34,17.31,9.85,0.84,29.62,22.86
design_1816,1.12,2.25,2.09,2.2,1.12,2.12,1.33,1.92,18.62,10.17,0.86,27.13,20.01
design_1817,1.07,2.11,3.88,2.33,1.58,2.44,1.55,2.61,11.52,6.87,0.86,23.03,17.18
design_1818,1.38,2.51,2.16,2.39,1.25,1.9,1.43,2.0,18.36,10.01,0.86,10.51,8.6
design_1819,1.22,2.44,2.33,2.45,1.5,1.74,1.41,2.03,16.82,9.37,0.86,23.93,17.97
design_1820,0.9,2.24,3.12,2.12,1.22,2.51,1.4,2.31,14.59,8.49,0.84,27.59,20.09
design_1821,1.17,2.18,1.44,2.18,1.07,1.73,1.24,1.66,17.59,9.85,0.85,20.25,12.99
design_1822,0.8,2.08,1.36,1.72,0.98,2.13,1.03,1.61,18.06,9.97,0.86,27.4,19.48
design_1823,0.91,2.18,3.84,2.14,1.82,2.64,1.5,2.63,12.84,7.45,0.86,24.7,18.41
design_1824,1.08,2.54,1.33,2.29,0.71,3.61,1.5,2.32,18.56,10.29,0.84,32.89,24.09
design_1825,1.28,2.59,1.12,2.3,0.82,3.54,1.55,2.29,17.84,10.11,0.84,25.05,17.88
design_1826,1.45,2.43,2.08,2.4,0.73,3.65,1.6,2.49,9.87,6.79,0.84,4.35,3.47
design_1827,1.33,2.75,1.39,2.68,0.92,3.52,1.56,2.4,15.72,9.08,0.84,16.93,13.79
design_1828,1.32,2.7,1.12,2.75,1.12,4.11,1.62,2.6,12.87,7.94,0.84,29.53,23.49
design_1829,1.26,2.68,1.33,2.51,0.78,3.48,1.56,2.33,16.07,9.39,0.83,15.64,9.89
design_1830,1.33,2.53,0.91,2.36,0.92,3.76,1.53,2.36,12.33,7.73,0.84,30.67,22.73
design_1831,1.08,2.63,1.82,2.28,0.94,3.39,1.47,2.33,18.66,10.51,0.84,19.64,13.98
design_1832,2.35,3.05,1.39,2.37,1.45,1.6,1.4,2.09,15.23,8.33,0.88,31.11,23.9
design_1833,2.36,2.51,1.23,2.23,1.2,1.61,1.31,1.91,13.79,7.63,0.88,30.42,22.56
design_1834,2.36,2.77,1.55,2.43,1.6,1.5,1.37,2.08,13.74,7.72,0.87,28.88,22.44
design_1835,2.89,3.21,1.67,2.82,1.34,1.84,1.57,2.38,13.52,7.49,0.88,29.22,21.64
design_1836,2.76,3.06,1.57,2.78,1.32,1.81,1.54,2.29,15.37,8.33,0.88,29.14,18.78
design_1837,2.12,2.54,1.03,2.02,1.43,1.56,1.21,1.82,14.2,7.89,0.88,28.92,22.22
design_1838,2.93,3.3,1.73,2.94,1.38,1.87,1.65,2.45,11.67,6.69,0.87,25.27,14.91
design_1839,2.8,2.98,1.62,2.76,1.46,1.75,1.57,2.3,14.36,7.84,0.88,27.34,20.28
design_1840,2.04,2.67,2.01,2.64,1.63,2.34,1.46,2.24,16.92,9.4,0.86,31.32,23.86
design_1841,2.4,2.81,2.87,2.51,1.48,1.93,1.53,2.42,19.07,10.09,0.87,20.06,13.91
design_1842,1.83,2.85,2.63,2.16,1.75,1.96,1.38,2.26,18.19,9.98,0.86,33.36,25.04
design_1843,1.81,2.6,2.49,2.37,1.51,1.88,1.39,2.17,18.22,10.02,0.86,34.08,25.81
design_1844,1.87,2.83,3.22,2.36,1.51,1.91,1.43,2.43,16.9,9.5,0.85,30.48,22.45
design_1845,1.64,2.55,2.48,2.33,1.42,1.87,1.33,2.12,16.44,9.23,0.86,16.31,11.53
design_1846,1.69,2.59,2.37,2.31,1.47,1.6,1.29,2.06,17.11,9.48,0.86,29.51,22.09
design_1847,1.81,2.69,2.28,2.65,1.72,1.91,1.43,2.2,14.04,8.04,0.86,21.96,18.85
design_1848,7.96,23.07,10.02,27.05,13.91,23.07,15.01,19.22,12.94,7.83,0.84,21.56,18.75
design_1849,7.93,22.93,9.9,26.93,14.18,22.58,14.97,19.07,15.44,8.79,0.86,17.85,18.4
design_1850,8.43,23.61,9.82,27.04,14.34,23.4,15.07,19.46,13.48,8.1,0.85,16.94,17.03
design_1851,8.25,22.87,9.89,26.87,14.07,24.58,15.07,19.54,14.45,8.71,0.84,15.48,17.25
design_1852,8.11,23.66,10.21,26.99,14.48,22.97,15.04,19.38,15.34,8.62,0.87,25.49,21.15
design_1853,8.38,23.46,9.82,27.03,14.12,22.92,15.03,19.29,16.12,9.27,0.85,17.45,15.87
design_1854,8.03,23.15,9.94,27.05,14.05,23.46,15.04,19.34,14.39,8.58,0.84,15.9,17.52
design_1855,8.2,23.31,9.26,26.93,14.19,23.0,15.0,19.21,16.16,9.28,0.86,16.73,15.59
design_1856,1.45,1.38,1.35,2.02,1.16,2.82,1.22,1.86,7.05,5.53,0.84,9.22,5.69
design_1857,1.1,1.6,0.94,1.79,0.99,5.16,1.44,2.63,13.4,8.11,0.84,11.8,7.16
design_1858,1.21,1.49,1.41,1.95,0.92,5.71,1.57,2.91,13.1,8.0,0.84,18.29,12.63
design_1859,1.28,1.41,3.66,1.94,1.21,2.51,1.36,2.28,11.44,7.26,0.84,9.87,6.03
design_1860,1.01,1.96,1.42,1.7,0.71,5.14,1.45,2.68,15.4,8.86,0.85,16.27,9.97
design_1861,1.31,1.39,4.63,1.93,0.94,2.08,1.47,2.48,13.25,7.86,0.85,12.6,9.14
design_1862,1.25,1.41,4.95,2.1,0.89,3.16,1.6,2.83,15.01,8.65,0.85,12.81,9.76
design_1863,1.21,1.9,1.24,2.17,0.8,5.84,1.65,3.0,14.05,8.06,0.86,8.83,5.6
design_1864,0.87,2.04,3.29,1.94,0.93,5.05,1.76,3.21,15.6,9.51,0.81,6.47,5.61
design_1865,0.95,1.91,3.78,2.09,0.87,4.88,1.81,3.28,16.72,9.59,0.84,23.21,15.85
design_1866,1.2,2.05,3.0,1.99,1.04,4.0,1.58,2.75,13.02,8.39,0.81,17.39,12.29
design_1867,0.77,1.94,2.44,1.85,0.97,4.15,1.54,2.62,14.91,9.11,0.81,11.63,7.41
design_1868,1.18,2.69,3.67,2.43,1.14,4.82,1.91,3.34,17.28,9.98,0.83,35.91,25.83
design_1869,0.99,2.03,2.66,1.93,1.02,4.62,1.64,2.89,6.46,5.48,0.84,6.46,5.42
design_1870,1.19,2.12,3.46,2.06,1.02,4.91,1.79,3.23,17.8,10.21,0.83,37.35,25.21
design_1871,1.37,2.22,3.81,2.05,0.96,5.05,1.89,3.39,16.95,9.8,0.83,29.75,22.29
design_1872,1.23,1.95,2.15,2.05,1.27,3.1,1.31,2.18,14.41,8.57,0.83,8.82,5.83
design_1873,1.13,1.39,2.14,2.2,0.96,3.57,1.34,2.28,16.34,9.36,0.84,22.3,16.1
design_1874,1.42,2.02,2.71,2.38,1.2,4.49,1.62,2.85,4.66,4.31,0.86,11.79,8.66
design_1875,1.43,1.92,2.5,2.48,1.39,4.74,1.65,2.9,15.02,8.66,0.84,12.43,10.09
design_1876,1.15,1.9,2.51,2.5,0.85,3.26,1.47,2.35,16.95,9.57,0.84,28.44,21.59
design_1877,1.29,1.67,2.75,2.23,1.91,4.62,1.61,2.89,4.58,4.26,0.86,12.72,8.94
design_1878,1.2,1.17,2.67,2.23,1.43,3.92,1.47,2.56,7.8,5.77,0.84,11.76,8.62
design_1879,0.72,1.47,2.8,2.03,0.96,3.61,1.35,2.43,5.94,5.02,0.85,11.06,8.2
design_1880,1.21,1.7,1.95,2.39,1.02,1.24,1.23,1.7,14.31,7.83,0.88,17.26,12.29
design_1881,1.57,2.02,2.01,2.24,1.99,1.74,1.39,1.95,8.01,4.98,0.88,21.3,16.43
design_1882,0.98,1.58,1.04,1.94,1.53,1.0,1.06,1.38,13.79,7.58,0.89,14.53,11.62
design_1883,1.07,1.42,1.06,1.79,1.52,0.9,1.01,1.33,13.03,7.17,0.89,12.3,8.14
design_1884,1.12,1.6,0.94,2.03,1.43,0.97,1.06,1.4,11.63,6.67,0.88,23.75,18.1
design_1885,1.09,1.78,0.89,2.19,0.99,1.24,1.15,1.43,4.07,3.51,0.88,2.12,1.59
design_1886,1.05,1.71,0.72,2.11,0.91,1.07,1.08,1.34,12.36,6.9,0.88,15.05,8.75
design_1887,1.15,1.47,1.63,2.06,2.14,0.98,1.16,1.64,8.44,5.27,0.88,2.64,3.03
design_1888,1.36,2.53,1.8,2.51,1.64,3.66,1.62,2.51,9.63,6.62,0.83,11.67,9.96
design_1889,1.8,2.85,2.51,2.73,1.47,2.78,1.65,2.48,10.4,6.88,0.84,25.93,19.09
design_1890,1.29,2.66,4.57,2.11,1.55,4.83,1.96,3.6,18.78,10.44,0.84,26.97,23.21
design_1891,1.47,2.71,2.92,2.5,1.4,4.02,1.73,2.9,16.17,9.45,0.82,24.12,16.68
design_1892,1.61,3.03,2.02,2.27,1.67,3.69,1.62,2.62,13.47,8.26,0.83,32.99,22.53
design_1893,1.68,2.98,2.75,2.51,1.41,3.12,1.65,2.61,17.6,9.89,0.84,28.41,21.05
design_1894,1.53,2.56,2.67,2.49,1.45,3.75,1.7,2.73,12.48,7.75,0.83,32.4,24.17
design_1895,1.56,2.65,1.89,2.23,1.56,2.87,1.47,2.25,15.49,9.0,0.84,11.76,10.74
design_1896,1.11,1.54,1.69,1.67,0.85,3.33,1.17,1.97,16.65,9.32,0.85,19.78,13.11
design_1897,1.05,1.54,2.67,1.63,0.96,2.73,1.19,2.04,17.54,9.69,0.85,13.02,9.09
design_1898,1.17,1.59,2.75,2.18,0.96,2.1,1.2,2.01,5.24,4.47,0.86,5.63,3.89
design_1899,1.09,1.68,2.49,1.75,1.05,2.49,1.19,1.97,13.18,7.9,0.84,5.42,5.01
design_1900,1.18,1.84,1.64,2.04,1.4,3.53,1.31,2.15,15.08,8.64,0.85,30.24,21.83
design_1901,1.14,1.68,2.45,1.66,0.94,3.0,1.19,2.07,8.64,5.97,0.84,6.49,4.87
design_1902,1.05,1.61,2.19,1.7,1.08,2.97,1.21,1.99,9.32,6.21,0.84,7.03,5.11
design_1903,1.13,1.71,2.21,1.83,1.36,3.44,1.31,2.19,14.6,8.37,0.85,33.27,23.78
design_1904,1.34,1.93,2.4,1.75,0.89,3.04,1.3,2.13,15.72,9.03,0.84,28.19,20.79
design_1905,1.19,1.75,1.81,1.99,0.95,3.03,1.27,1.98,15.76,8.87,0.85,30.55,22.23
design_1906,1.27,1.76,0.61,2.15,0.95,3.56,1.31,1.99,15.65,8.93,0.84,32.97,24.24
design_1907,1.3,1.83,2.19,1.86,0.71,2.78,1.26,1.99,15.09,8.73,0.84,27.34,20.22
design_1908,1.03,2.25,4.59,2.35,1.11,2.8,1.71,2.94,13.22,8.17,0.83,22.39,15.77
design_1909,1.12,1.66,2.65,1.97,1.03,3.38,1.36,2.29,14.27,8.44,0.85,6.54,4.52
design_1910,1.29,1.58,3.91,1.79,1.6,5.51,1.76,3.33,14.34,8.25,0.86,27.22,20.47
design_1911,1.22,1.57,2.84,1.79,1.05,3.25,1.33,2.29,15.62,9.04,0.85,13.59,9.28
design_1912,0.94,1.04,1.31,1.7,0.82,3.67,1.22,2.1,16.63,9.47,0.85,32.81,24.24
design_1913,1.06,1.09,0.77,1.68,1.01,2.6,1.1,1.63,17.08,9.64,0.85,10.06,7.29
design_1914,0.67,0.72,1.6,1.51,0.97,4.54,1.32,2.47,16.46,9.33,0.85,18.7,11.86
design_1915,1.3,1.34,1.55,1.7,1.11,4.59,1.42,2.59,17.27,9.81,0.84,33.3,24.3
design_1916,1.1,1.01,0.48,1.46,0.94,3.0,1.07,1.74,15.12,8.8,0.85,10.5,8.66
design_1917,1.04,1.2,0.49,1.59,1.05,3.66,1.18,2.05,17.68,9.9,0.85,6.62,5.49
design_1918,1.13,1.06,0.96,1.66,0.91,2.89,1.09,1.76,16.67,9.45,0.86,8.93,9.11
design_1919,1.01,1.22,2.54,2.0,1.03,4.22,1.5,2.57,18.77,10.4,0.85,32.27,23.36
design_1920,0.74,1.13,0.86,1.88,0.96,2.24,1.0,1.45,13.17,7.84,0.86,4.56,2.96
design_1921,1.03,1.28,2.81,1.82,1.14,1.91,1.14,1.76,15.3,8.63,0.86,11.57,6.81
design_1922,1.37,1.05,1.49,1.93,0.86,1.79,1.05,1.49,16.54,9.2,0.86,23.59,21.21
design_1923,0.73,0.83,5.16,1.71,1.0,1.8,1.25,2.36,13.79,7.7,0.88,6.8,5.95
design_1924,0.93,1.36,0.95,1.83,1.43,2.37,1.07,1.58,11.54,7.16,0.85,3.3,2.72
design_1925,0.67,0.9,5.19,1.63,0.84,1.78,1.24,2.35,14.92,8.47,0.87,9.9,6.22
design_1926,0.85,0.88,5.26,1.74,0.98,1.74,1.26,2.39,15.53,8.76,0.87,8.55,5.16
design_1927,0.93,1.4,0.88,2.33,0.96,2.28,1.08,1.62,12.12,7.41,0.85,4.03,2.77
design_1928,1.23,2.32,3.49,2.31,1.41,2.25,1.42,2.34,16.35,8.98,0.87,30.11,23.75
design_1929,1.22,2.12,4.16,2.24,1.18,2.08,1.41,2.47,14.05,8.05,0.86,22.04,17.73
design_1930,1.37,2.16,1.56,2.37,1.11,2.4,1.3,1.9,17.75,9.48,0.87,12.75,11.83
design_1931,1.33,1.96,3.86,2.23,1.29,2.18,1.42,2.38,16.98,9.29,0.87,17.01,14.5
design_1932,1.29,2.1,4.06,2.27,1.33,2.2,1.46,2.47,16.52,9.13,0.87,23.91,19.83
design_1933,1.25,2.28,2.06,2.31,1.08,2.63,1.3,2.03,18.14,9.6,0.88,24.0,19.54
design_1934,1.22,2.02,2.25,2.31,0.97,2.5,1.25,1.99,17.62,9.36,0.88,7.72,7.93
design_1935,1.45,2.06,4.11,2.44,1.37,2.34,1.5,2.55,16.43,9.0,0.88,20.36,16.5
design_1936,1.1,1.48,1.31,2.06,1.23,2.1,1.06,1.64,16.24,9.21,0.84,10.98,8.19
design_1937,1.05,1.46,1.16,2.49,1.18,2.14,1.1,1.72,13.91,8.22,0.85,8.93,7.08
design_1938,0.75,1.23,1.07,2.1,1.18,2.09,1.04,1.54,9.01,6.17,0.84,5.04,4.12
design_1939,1.15,1.7,1.45,2.19,1.27,2.05,1.15,1.71,15.94,9.09,0.86,6.59,5.47
design_1940,1.24,1.32,1.33,2.18,1.16,2.21,1.11,1.68,12.26,7.5,0.85,7.61,5.72
design_1941,1.14,1.55,1.28,2.52,1.42,2.06,1.11,1.77,14.31,8.42,0.86,4.14,4.12
design_1942,0.81,1.26,1.22,2.18,1.33,2.26,1.09,1.65,14.59,8.52,0.85,5.19,4.16
design_1943,1.21,1.44,1.44,2.3,1.35,1.81,1.16,1.66,15.44,8.81,0.86,3.23,3.78
design_1944,1.15,1.71,3.97,1.86,0.94,2.15,1.42,2.53,15.7,8.78,0.86,5.54,5.13
design_1945,1.28,2.15,5.37,2.24,1.19,1.93,1.74,3.24,17.24,9.59,0.85,29.53,21.5
design_1946,1.25,1.71,4.8,1.67,0.72,2.02,1.52,2.87,14.65,8.28,0.86,7.98,6.16
design_1947,1.24,1.67,5.25,2.15,0.97,1.77,1.62,3.11,15.85,8.97,0.85,33.12,24.44
design_1948,1.23,1.65,5.13,1.7,0.84,1.97,1.56,3.02,13.48,7.96,0.85,8.87,6.33
design_1949,1.18,2.02,4.01,1.98,1.23,2.01,1.46,2.59,16.8,9.23,0.86,27.94,20.43
design_1950,1.12,2.2,4.38,1.95,1.07,2.52,1.56,2.82,16.97,9.48,0.85,17.84,13.9
design_1951,1.26,1.59,1.94,1.83,1.04,2.27,1.2,1.75,6.07,4.91,0.86,2.01,2.36
design_1952,1.3,1.66,3.78,2.12,1.3,4.63,1.7,3.1,15.28,8.81,0.85,3.8,3.89
design_1953,1.68,1.63,3.67,2.4,1.33,2.55,1.51,2.43,8.3,5.91,0.84,8.1,6.54
design_1954,1.44,1.77,3.52,2.13,1.06,3.83,1.6,2.74,14.84,8.72,0.85,12.33,9.07
design_1955,1.25,1.21,3.41,2.05,1.85,3.9,1.56,2.74,8.74,6.17,0.84,8.5,5.85
design_1956,1.32,1.68,3.4,2.03,1.24,3.94,1.57,2.75,11.86,7.46,0.84,6.32,5.26
design_1957,1.78,1.9,3.63,2.48,1.31,3.93,1.71,2.9,17.48,9.63,0.86,20.03,15.8
design_1958,1.23,1.62,3.33,2.24,1.62,3.78,1.59,2.71,10.4,6.84,0.84,6.02,4.28
design_1959,0.95,1.24,3.51,1.76,1.53,3.71,1.42,2.62,12.99,8.05,0.84,3.12,3.83
design_1960,8.78,20.18,9.86,27.18,12.62,20.48,14.67,17.46,13.6,7.96,0.86,24.9,14.9
design_1961,9.5,20.85,9.59,27.19,12.69,20.56,14.7,17.63,13.23,7.64,0.86,21.97,18.06
design_1962,9.51,20.71,10.34,27.39,12.58,20.64,14.74,17.76,18.51,10.12,0.86,24.78,13.04
design_1963,9.6,20.14,8.83,27.13,12.45,20.44,14.66,17.37,14.17,8.06,0.87,23.78,13.66
design_1964,9.98,21.54,11.24,27.45,13.22,20.89,14.86,18.19,14.05,8.17,0.85,24.04,14.57
design_1965,9.44,20.24,9.06,27.03,12.39,20.34,14.65,17.35,14.21,8.04,0.87,23.62,19.1
design_1966,8.82,20.67,10.12,27.34,12.56,20.68,14.73,17.65,15.24,8.48,0.87,27.05,15.63
design_1967,8.32,18.37,8.7,26.75,11.53,19.88,14.46,16.65,15.04,8.47,0.86,30.93,17.45
design_1968,1.44,1.85,1.5,2.02,1.01,5.53,1.78,3.16,15.86,9.21,0.84,10.9,9.18
design_1969,1.51,1.68,1.29,1.85,0.91,6.13,1.87,3.4,16.03,9.25,0.83,12.55,9.46
design_1970,1.3,2.21,1.93,2.59,1.13,4.92,1.82,3.02,13.75,8.3,0.83,29.65,21.84
design_1971,1.41,2.2,1.51,1.96,1.24,3.67,1.5,2.38,5.78,5.09,0.84,8.92,6.89
design_1972,1.15,2.02,1.56,1.91,0.89,5.73,1.82,3.24,15.53,9.14,0.83,31.49,22.03
design_1973,1.37,2.42,1.98,2.4,1.13,3.98,1.64,2.64,7.85,5.98,0.83,8.01,6.16
design_1974,1.38,2.07,1.77,2.33,0.93,5.56,1.87,3.24,12.85,7.94,0.83,19.69,14.42
design_1975,1.53,2.38,1.52,2.17,1.0,5.29,1.8,3.12,14.92,8.85,0.83,11.07,6.81
design_1976,1.0,1.83,1.09,2.18,0.96,5.09,1.47,2.68,4.62,4.26,0.86,4.79,3.53
design_1977,0.94,1.98,1.24,2.29,2.05,4.65,1.48,2.64,4.5,4.19,0.86,5.42,4.31
design_1978,1.13,1.95,1.08,2.42,1.06,4.99,1.48,2.7,4.85,4.34,0.86,5.13,3.92
design_1979,1.26,2.17,1.56,2.07,0.68,4.68,1.42,2.59,12.53,7.58,0.84,15.58,11.03
design_1980,0.88,1.55,1.2,2.08,0.64,4.81,1.38,2.51,5.47,4.65,0.86,4.97,3.6
design_1981,1.08,1.89,0.97,2.14,1.35,4.86,1.42,2.61,4.31,4.12,0.86,5.8,4.06
design_1982,0.93,1.62,0.82,2.18,0.94,5.07,1.42,2.63,4.61,4.28,0.86,4.12,3.3
design_1983,1.03,2.07,1.38,2.23,0.85,4.6,1.45,2.54,4.66,4.31,0.86,3.93,3.34
design_1984,1.31,1.29,0.98,1.72,0.75,2.09,1.09,1.42,14.61,8.2,0.87,17.32,12.87
design_1985,1.21,1.22,0.81,1.48,0.99,1.97,1.05,1.32,15.48,8.66,0.87,13.43,8.35
design_1986,1.34,1.25,0.74,1.68,1.05,2.11,1.1,1.42,16.24,8.96,0.87,15.23,11.43
design_1987,1.46,1.38,0.77,1.53,0.93,1.88,1.07,1.36,15.37,8.58,0.87,18.47,13.17
design_1988,1.44,1.25,0.73,1.64,0.7,2.35,1.08,1.45,15.92,8.69,0.88,7.36,5.52
design_1989,1.3,1.29,1.01,1.88,0.82,1.89,1.17,1.42,15.61,8.62,0.87,15.76,9.62
design_1990,1.31,1.22,0.72,1.59,0.87,1.61,1.05,1.25,15.89,8.78,0.87,10.48,6.32
design_1991,1.35,1.23,0.9,1.52,0.96,2.13,1.05,1.4,14.5,8.11,0.87,19.38,13.78
design_1992,2.3,2.91,1.75,2.19,1.94,6.69,2.07,3.78,16.99,9.28,0.87,12.77,8.64
design_1993,1.02,1.75,2.27,2.34,1.5,7.3,1.95,3.88,14.27,7.86,0.88,6.43,5.29
design_1994,1.37,1.93,1.79,1.79,1.52,5.64,1.66,3.09,10.88,6.95,0.84,3.24,3.83
design_1995,1.71,2.11,2.43,2.11,1.59,3.1,1.48,2.32,16.16,9.24,0.85,32.55,20.86
design_1996,1.28,1.38,4.78,1.57,1.12,5.46,1.73,3.43,15.44,8.88,0.86,21.02,16.08
design_1997,1.67,2.17,3.19,1.86,1.98,6.82,2.01,3.83,15.27,8.44,0.87,10.67,7.6
design_1998,1.48,1.94,2.34,2.13,1.25,6.77,1.89,3.66,10.95,6.67,0.86,7.18,5.83
design_1999,1.15,1.56,2.95,1.89,1.57,2.98,1.35,2.23,13.04,8.04,0.84,3.69,3.48
design_2000,9.3,21.58,8.14,26.28,11.72,23.38,14.76,17.59,6.19,5.21,0.85,28.46,18.38
design_2001,8.98,21.79,7.88,26.12,11.79,21.86,14.69,17.19,10.66,6.79,0.85,27.86,18.01
design_2002,7.85,19.83,7.82,25.67,10.63,22.68,14.51,16.77,13.39,8.46,0.82,27.29,17.77
design_2003,9.03,20.85,10.95,26.14,11.55,24.01,14.85,17.95,13.63,8.27,0.83,28.28,20.17
design_2004,8.16,20.51,8.62,25.93,11.26,22.41,14.61,17.05,15.31,9.22,0.82,27.45,19.56
design_2005,8.15,20.22,8.96,25.6,10.44,22.93,14.58,17.02,6.98,5.7,0.84,26.73,19.8
design_2006,7.88,19.54,10.22,25.6,10.62,22.99,14.6,17.11,13.44,8.46,0.83,27.38,19.28
design_2007,8.58,20.24,10.51,26.04,11.52,23.01,14.72,17.49,11.6,7.72,0.82,26.83,19.0
design_2008,1.08,1.11,1.04,1.62,1.04,3.22,1.09,1.82,5.88,4.99,0.85,2.31,2.51
design_2009,1.13,1.32,3.12,2.03,1.18,3.22,1.37,2.38,16.18,9.17,0.84,19.59,12.81
design_2010,1.06,1.53,3.23,2.04,1.32,2.78,1.34,2.32,11.63,7.28,0.84,3.24,2.91
design_2011,0.91,1.17,2.77,2.18,0.93,3.07,1.3,2.22,14.0,8.3,0.84,25.58,18.25
design_2012,1.04,1.72,3.44,1.91,0.87,3.3,1.38,2.5,9.73,6.51,0.84,15.96,11.58
design_2013,1.39,2.02,2.61,2.28,1.02,2.96,1.43,2.28,14.04,8.28,0.84,28.92,19.03
design_2014,1.18,1.65,2.59,2.09,1.26,3.51,1.41,2.37,6.74,5.31,0.84,5.63,4.35
design_2015,1.12,1.3,3.15,1.92,1.3,2.96,1.3,2.31,14.4,8.49,0.84,5.14,3.7
design_2016,6.69,18.93,12.42,26.49,12.3,26.89,15.13,19.02,16.95,9.56,0.85,28.04,18.05
design_2017,6.78,20.25,9.92,26.62,12.91,23.68,14.9,17.99,12.43,7.63,0.84,24.31,14.74
design_2018,6.98,19.48,12.7,26.76,12.74,27.34,15.23,19.37,15.97,9.02,0.86,26.05,15.91
design_2019,6.66,18.37,12.71,26.44,12.13,26.73,15.09,18.93,17.38,9.66,0.86,21.72,15.32
design_2020,6.62,19.27,13.01,26.52,12.23,27.09,15.18,19.21,17.92,10.03,0.85,25.7,15.91
design_2021,6.78,18.73,11.35,26.41,12.07,27.01,15.08,18.83,16.2,9.18,0.85,24.82,15.88
design_2022,6.89,18.52,11.69,26.27,12.2,26.66,15.04,18.74,16.46,9.14,0.86,26.75,17.6
design_2023,7.38,18.12,12.74,26.36,12.01,26.84,15.09,18.95,6.6,5.42,0.84,22.71,18.6
design_2024,1.43,0.97,3.25,2.14,1.67,2.22,1.2,2.04,16.28,9.16,0.87,7.09,5.93
design_2025,1.26,0.85,3.27,2.0,1.18,2.12,1.13,1.91,16.52,9.2,0.87,16.02,13.13
design_2026,1.27,0.93,1.43,2.22,1.3,2.11,1.14,1.67,11.07,6.98,0.85,7.05,7.01
design_2027,1.34,0.98,1.99,2.1,1.07,2.68,1.14,1.87,11.94,7.43,0.84,5.51,3.41
design_2028,1.21,0.88,1.72,2.16,1.29,2.77,1.16,1.88,13.1,7.81,0.85,5.98,3.97
design_2029,1.39,1.0,3.01,2.11,1.58,2.52,1.21,2.05,15.16,8.43,0.88,8.99,6.64
design_2030,1.28,0.74,3.58,1.85,1.31,2.15,1.12,1.96,11.94,7.48,0.84,4.95,3.89
design_2031,1.51,1.15,2.08,2.05,1.11,2.53,1.17,1.87,13.09,7.9,0.85,4.97,3.07
design_2032,1.09,1.63,0.89,1.67,0.66,2.8,1.19,1.7,13.84,8.24,0.84,31.16,22.17
design_2033,0.93,1.49,0.96,1.7,0.79,2.51,1.15,1.58,16.78,9.37,0.86,14.64,9.63
design_2034,1.06,1.67,1.03,1.73,0.81,2.3,1.15,1.57,7.16,5.43,0.85,6.05,3.96
design_2035,1.02,1.92,1.77,1.77,1.12,3.18,1.31,2.04,6.06,5.0,0.85,3.17,3.09
design_2036,1.05,1.82,1.37,1.8,0.84,2.18,1.16,1.62,8.54,5.98,0.84,4.01,3.25
design_2037,1.0,1.71,1.23,1.46,0.7,2.61,1.15,1.65,18.4,10.0,0.85,10.68,8.82
design_2038,0.94,1.81,1.49,2.02,1.37,2.3,1.27,1.75,9.29,6.21,0.84,3.79,3.61
design_2039,0.87,1.59,1.77,1.96,0.68,2.43,1.23,1.75,14.18,8.42,0.84,18.65,12.75
design_2040,1.24,2.36,2.7,1.73,0.91,1.49,1.25,1.91,12.36,7.18,0.87,27.16,20.9
design_2041,1.26,2.58,2.48,2.17,1.19,1.48,1.24,1.98,13.89,7.76,0.87,30.72,23.31
design_2042,1.27,2.47,2.82,1.88,0.97,1.27,1.27,1.97,15.75,8.74,0.87,31.62,24.05
design_2043,1.58,2.43,1.62,1.88,0.99,1.33,1.22,1.7,14.69,8.1,0.87,32.21,24.13
design_2044,1.07,2.09,2.36,2.25,1.11,1.33,1.14,1.83,13.45,7.79,0.86,30.88,23.55
design_2045,1.33,2.38,1.92,2.19,1.18,1.44,1.19,1.81,14.83,8.32,0.86,31.62,24.26
design_2046,1.3,2.29,1.73,1.93,1.27,1.52,1.17,1.71,13.46,7.67,0.87,31.81,23.56
design_2047,1.68,2.73,1.41,1.99,1.32,1.5,1.35,1.81,16.21,8.71,0.88,21.71,15.08
design_2048,1.08,1.59,1.46,2.04,0.76,2.44,1.11,1.68,13.86,8.14,0.86,5.14,3.53
design_2049,1.1,1.63,1.4,2.09,0.96,2.94,1.19,1.84,11.74,7.13,0.86,4.34,3.75
design_2050,0.9,1.59,1.37,2.13,1.4,2.98,1.21,1.87,12.33,7.39,0.85,3.11,3.54
design_2051,1.1,1.51,1.3,2.08,0.81,2.62,1.14,1.71,10.71,6.74,0.85,3.76,3.08
design_2052,1.19,1.68,1.46,2.15,1.44,3.13,1.26,1.97,13.6,7.91,0.86,3.33,3.84
design_2053,1.15,1.86,1.72,2.22,1.13,3.32,1.32,2.08,14.24,8.15,0.86,7.06,5.93
design_2054,1.07,1.72,1.64,1.93,0.79,2.58,1.15,1.76,15.47,8.81,0.86,15.71,12.12
design_2055,1.07,1.78,1.41,2.08,1.36,3.02,1.24,1.91,12.29,7.35,0.85,5.87,5.5
design_2056,1.2,1.29,1.12,1.9,1.02,5.36,1.57,2.9,18.17,10.07,0.85,22.16,16.19
design_2057,1.11,1.47,1.54,2.04,1.33,5.67,1.65,3.11,13.6,8.26,0.84,9.3,6.7
design_2058,1.06,1.4,1.14,2.0,1.32,5.5,1.61,2.98,17.78,9.88,0.85,22.6,18.64
design_2059,1.07,1.4,1.17,1.94,1.34,5.52,1.62,2.99,7.74,5.8,0.84,5.74,3.42
design_2060,1.09,1.73,1.39,2.27,1.42,5.09,1.65,2.88,9.48,6.46,0.84,8.46,5.34
design_2061,0.9,1.57,1.73,2.09,1.08,5.49,1.67,3.04,15.22,8.95,0.84,28.63,21.74
design_2062,1.23,1.16,1.43,1.88,0.99,5.8,1.65,3.11,18.09,10.05,0.85,32.71,23.16
design_2063,1.08,1.66,1.23,2.21,1.1,5.49,1.69,3.01,15.88,9.2,0.83,26.63,18.46
design_2064,0.92,1.55,1.41,2.3,1.4,2.88,1.27,1.87,16.79,9.46,0.85,17.94,12.08
design_2065,1.31,1.55,1.33,1.91,1.19,3.16,1.24,1.88,17.97,9.91,0.86,16.25,10.13
design_2066,1.15,1.06,3.54,1.71,1.35,2.83,1.33,2.23,15.94,8.76,0.87,5.29,4.73
design_2067,1.01,1.3,3.57,1.57,1.0,1.35,1.24,1.94,18.17,9.7,0.87,37.36,27.31
design_2068,0.95,0.95,3.57,1.65,1.06,2.66,1.26,2.15,13.2,7.5,0.87,5.91,5.22
design_2069,1.03,1.07,3.58,1.63,1.25,2.88,1.29,2.22,16.14,8.82,0.87,16.79,11.24
design_2070,1.01,1.13,3.69,1.57,1.01,2.53,1.24,2.16,16.81,9.25,0.87,20.68,13.0
design_2071,0.98,1.15,3.73,1.24,0.82,1.8,1.2,2.0,18.0,9.7,0.86,26.25,21.19
design_2072,0.95,1.74,1.81,2.31,1.46,3.94,1.47,2.44,15.12,8.77,0.85,13.73,10.87
design_2073,0.84,1.69,1.65,2.35,1.58,2.76,1.29,2.0,10.84,7.02,0.84,6.72,6.41
design_2074,1.0,2.27,5.04,2.35,1.11,7.85,2.31,4.64,15.77,9.2,0.83,30.49,22.44
design_2075,0.83,1.43,1.74,2.22,1.31,2.24,1.18,1.77,7.12,5.42,0.85,8.88,7.73
design_2076,0.85,1.71,1.68,2.02,1.25,3.81,1.36,2.31,16.08,9.25,0.85,12.19,9.8
design_2077,0.83,1.57,1.61,2.31,1.42,2.6,1.23,1.9,6.91,5.38,0.85,7.77,6.57
design_2078,0.86,1.57,1.31,2.25,1.2,2.91,1.25,1.94,10.92,7.07,0.84,23.83,17.33
design_2079,0.88,1.67,2.3,2.2,1.26,3.78,1.41,2.42,13.46,8.13,0.84,8.28,7.91
design_2080,1.42,2.12,3.16,2.34,0.75,2.72,1.43,2.31,16.18,8.87,0.88,16.91,14.89
design_2081,1.25,2.04,3.31,2.44,0.66,2.59,1.42,2.32,16.84,9.11,0.88,23.03,17.26
design_2082,1.45,2.32,2.6,2.75,0.87,2.25,1.47,2.19,16.51,9.09,0.87,34.68,25.32
design_2083,1.28,2.09,3.61,2.4,0.75,2.21,1.45,2.35,16.72,9.08,0.88,32.1,26.73
design_2084,1.1,2.11,1.66,2.41,0.63,2.59,1.29,1.89,12.66,7.46,0.86,6.0,3.55
design_2085,1.17,2.01,0.97,2.85,0.69,2.62,1.3,1.89,5.72,4.59,0.86,4.67,3.27
design_2086,1.42,2.03,3.55,2.34,0.66,2.63,1.48,2.4,16.59,9.11,0.87,39.22,30.58
design_2087,1.12,2.32,0.95,2.22,0.83,2.54,1.24,1.78,13.35,7.71,0.86,9.05,5.8
design_2088,1.6,2.25,2.64,2.31,1.3,1.59,1.36,2.0,16.47,8.91,0.88,10.15,7.09
design_2089,1.44,1.98,2.34,2.48,1.18,1.53,1.27,1.9,13.16,7.48,0.88,6.24,4.57
design_2090,1.59,2.06,2.58,2.22,1.16,1.58,1.31,1.93,16.0,8.7,0.88,13.32,8.27
design_2091,1.35,2.0,2.39,2.07,1.15,1.52,1.22,1.8,13.9,7.82,0.88,6.14,4.96
design_2092,1.33,1.73,2.39,2.4,1.24,1.38,1.2,1.82,14.45,8.06,0.87,4.18,3.39
design_2093,1.31,1.76,2.64,2.42,1.21,1.4,1.24,1.88,16.78,9.01,0.88,7.2,6.64
design_2094,1.81,2.31,2.81,2.31,1.16,1.55,1.39,2.07,13.38,7.57,0.87,15.21,10.03
design_2095,1.45,2.07,2.37,2.09,1.15,1.6,1.25,1.83,13.45,7.65,0.88,5.6,4.14
design_2096,1.6,2.87,2.22,2.81,1.44,2.85,1.62,2.38,14.58,8.36,0.85,21.93,15.46
design_2097,1.51,2.55,3.29,2.3,1.07,2.58,1.5,2.43,17.95,9.87,0.87,27.99,20.57
design_2098,1.66,2.2,1.94,2.22,1.27,2.72,1.41,2.07,7.86,5.71,0.84,5.45,3.64
design_2099,1.47,2.63,2.98,2.48,1.1,2.62,1.5,2.39,16.39,9.16,0.87,7.03,6.06
design_2100,1.38,2.21,3.08,2.61,1.25,2.57,1.51,2.37,16.1,9.01,0.86,25.02,17.86
design_2101,1.6,2.37,1.79,2.34,1.39,2.71,1.38,2.09,13.1,7.67,0.85,9.9,6.04
design_2102,1.27,2.2,2.22,2.17,1.37,2.99,1.34,2.16,8.93,5.96,0.85,13.03,9.26
design_2103,1.29,2.15,1.74,2.19,1.21,3.19,1.34,2.09,15.52,8.71,0.86,27.79,20.54
design_2104,1.08,2.17,0.6,2.34,1.42,1.92,1.24,1.75,16.72,9.43,0.86,12.92,11.8
design_2105,1.05,2.09,0.89,2.39,1.53,1.7,1.23,1.72,15.98,9.0,0.86,3.72,3.32
design_2106,1.12,1.85,1.5,2.54,1.56,1.58,1.24,1.75,16.03,8.93,0.87,6.98,6.25
design_2107,1.1,2.07,0.41,2.2,1.5,1.76,1.2,1.66,9.31,6.21,0.85,2.79,2.89
design_2108,1.14,1.8,0.53,2.05,0.96,2.32,1.14,1.7,9.17,6.28,0.85,5.67,4.59
design_2109,1.08,1.6,0.53,2.09,1.26,1.6,1.1,1.49,13.34,8.01,0.86,4.88,4.56
design_2110,1.11,1.93,0.95,2.61,1.54,1.47,1.27,1.7,16.6,9.15,0.88,8.31,7.03
design_2111,1.1,1.99,1.06,2.59,1.63,1.44,1.27,1.72,16.27,8.89,0.88,8.88,8.02
design_2112,1.43,2.27,3.46,1.86,1.3,3.63,1.57,2.8,16.6,9.74,0.82,27.89,21.11
design_2113,1.59,2.41,3.05,1.95,1.23,2.91,1.47,2.48,17.96,10.22,0.83,24.45,17.03
design_2114,1.53,2.42,2.26,2.04,1.3,2.92,1.4,2.27,18.02,10.3,0.83,29.33,21.67
design_2115,1.49,2.29,3.93,1.91,1.15,4.34,1.71,3.18,16.08,9.58,0.82,30.04,22.7
design_2116,1.57,2.23,2.61,1.8,1.27,2.84,1.38,2.29,18.06,10.25,0.84,31.94,21.69
design_2117,1.64,2.34,2.91,1.95,1.46,3.61,1.54,2.67,18.45,10.4,0.84,27.66,19.56
design_2118,1.28,2.26,4.31,1.97,1.38,3.14,1.66,2.94,17.24,9.91,0.83,30.05,21.93
design_2119,1.59,2.36,3.57,2.01,1.18,3.05,1.56,2.68,16.34,9.59,0.83,25.93,18.8
design_2120,2.5,3.68,2.7,2.68,1.53,1.77,1.63,2.6,14.65,8.34,0.85,15.95,10.28
design_2121,2.2,3.52,1.89,2.74,1.32,1.9,1.53,2.31,13.53,7.77,0.86,3.92,3.93
design_2122,2.29,3.71,1.64,2.68,1.39,1.71,1.48,2.28,14.41,8.18,0.86,12.26,8.85
design_2123,2.34,3.47,1.95,2.98,1.62,1.78,1.57,2.39,14.54,8.26,0.86,19.86,11.48
design_2124,2.11,3.19,3.44,2.69,1.42,1.69,1.64,2.69,14.24,8.08,0.86,29.7,22.8
design_2125,2.26,3.73,2.59,2.52,1.32,1.73,1.54,2.49,16.37,8.98,0.87,20.3,13.94
design_2126,2.62,3.79,2.6,3.16,1.49,1.9,1.72,2.69,12.41,7.33,0.84,30.18,21.89
design_2127,2.26,3.97,4.54,2.9,1.71,1.58,1.91,3.3,15.04,8.34,0.87,12.4,12.16
design_2128,8.06,24.44,9.89,27.08,15.11,24.64,15.32,20.43,16.11,9.34,0.85,23.64,20.53
design_2129,7.38,22.03,8.46,26.94,13.8,26.92,15.31,20.43,12.1,7.34,0.85,30.76,20.26
design_2130,7.99,24.25,9.44,27.05,14.93,23.96,15.27,20.14,14.7,8.4,0.86,25.75,20.33
design_2131,7.91,23.65,9.54,27.19,14.79,24.37,15.27,20.17,13.56,8.32,0.84,15.96,17.15
design_2132,8.25,23.72,9.71,27.17,15.15,25.1,15.34,20.46,7.86,5.93,0.83,15.34,16.05
design_2133,8.63,23.81,8.87,27.08,15.01,24.64,15.3,20.29,16.4,9.46,0.85,21.33,20.13
design_2134,8.42,23.79,9.71,27.02,15.14,24.08,15.26,20.15,14.31,8.53,0.85,15.45,16.92
design_2135,7.74,23.57,9.47,26.96,14.92,23.93,15.21,19.97,13.68,8.05,0.86,25.81,20.34
design_2136,1.15,1.92,1.63,1.83,1.06,2.26,1.28,1.74,13.89,8.46,0.82,36.22,25.41
design_2137,1.22,1.57,3.33,1.32,1.01,1.77,1.27,2.04,17.02,9.49,0.84,31.64,21.47
design_2138,1.47,1.42,1.56,1.56,1.03,3.28,1.25,1.99,8.04,5.9,0.84,2.65,2.34
design_2139,1.57,1.85,1.88,1.72,1.06,3.89,1.4,2.33,7.73,5.88,0.84,5.36,4.19
design_2140,1.53,1.63,1.93,2.07,1.2,2.78,1.33,2.0,8.77,6.13,0.84,4.42,3.72
design_2141,1.18,1.6,2.37,1.69,1.07,2.64,1.27,1.98,12.98,7.84,0.84,8.17,5.88
design_2142,1.26,1.91,1.56,1.65,1.14,3.14,1.33,1.99,5.88,5.08,0.84,2.85,2.86
design_2143,1.28,1.67,2.83,1.66,1.19,2.43,1.32,2.08,17.07,9.49,0.85,35.29,25.82
design_2144,1.37,1.69,1.04,2.25,0.97,4.21,1.4,2.43,14.22,8.47,0.84,6.96,5.96
design_2145,1.11,2.16,1.86,2.01,0.92,4.63,1.55,2.69,7.56,5.77,0.84,6.13,5.49
design_2146,1.29,2.12,1.61,2.67,1.57,4.52,1.63,2.74,16.6,9.39,0.84,25.06,17.18
design_2147,1.19,2.16,3.17,2.82,1.28,4.03,1.67,2.85,15.43,8.93,0.85,31.87,23.32
design_2148,1.08,2.09,2.37,2.45,1.15,4.46,1.62,2.77,6.52,5.23,0.85,9.98,7.73
design_2149,1.23,2.28,2.12,2.52,0.88,3.77,1.55,2.49,7.45,5.64,0.84,8.9,7.08
design_2150,1.04,2.1,2.1,2.53,0.97,4.53,1.61,2.75,6.86,5.33,0.85,10.89,8.34
design_2151,0.97,1.86,1.59,2.06,0.77,4.2,1.41,2.44,15.25,8.87,0.84,8.78,7.3
design_2152,2.24,2.76,1.51,1.95,1.87,3.4,1.52,2.49,16.8,9.58,0.85,27.75,21.5
design_2153,1.66,2.89,6.85,2.03,1.55,7.13,2.4,4.89,17.44,9.78,0.86,30.21,23.7
design_2154,1.55,2.95,7.3,2.07,1.42,7.06,2.47,4.97,14.04,8.43,0.84,29.88,23.95
design_2155,1.99,2.76,1.76,1.98,1.68,2.54,1.42,2.19,17.13,9.75,0.85,30.16,24.37
design_2156,2.15,2.62,1.55,2.01,1.82,2.89,1.46,2.29,17.38,9.83,0.86,31.11,23.04
design_2157,2.12,2.87,1.8,1.81,1.58,4.21,1.57,2.79,16.71,9.5,0.85,22.84,17.13
design_2158,1.96,2.55,1.98,1.79,1.62,4.27,1.54,2.78,16.47,9.42,0.85,29.46,23.82
design_2159,2.36,3.03,1.72,2.18,2.14,2.8,1.59,2.43,17.99,10.09,0.85,19.11,15.07
design_2160,1.15,3.12,4.0,1.88,1.4,6.55,2.05,4.03,17.17,9.72,0.85,28.32,21.47
design_2161,1.27,3.09,3.31,1.91,1.42,6.95,2.08,4.09,15.79,9.14,0.85,26.33,18.88
design_2162,1.48,3.08,2.83,2.0,1.35,6.49,1.99,3.83,15.0,8.81,0.84,33.39,21.43
design_2163,1.4,3.31,2.51,2.12,1.59,7.54,2.21,4.29,16.12,9.14,0.85,27.43,20.55
design_2164,1.32,3.31,2.49,2.43,1.58,7.94,2.26,4.49,17.44,9.67,0.86,28.96,22.07
design_2165,1.33,3.26,2.72,1.96,1.32,7.77,2.22,4.39,16.58,9.42,0.85,20.15,15.04
design_2166,1.39,3.45,2.57,1.93,1.37,7.84,2.23,4.42,15.31,8.78,0.86,26.81,20.04
design_2167,1.54,3.3,3.35,1.77,1.51,6.5,2.0,3.93,14.91,8.75,0.84,12.0,9.45
design_2168,8.22,20.06,6.89,26.44,11.5,22.98,14.66,17.2,5.09,4.67,0.85,26.62,16.55
design_2169,8.31,20.02,6.98,26.37,11.72,22.49,14.63,17.08,15.61,9.23,0.83,26.73,17.34
design_2170,8.37,18.95,10.92,26.22,11.42,24.85,14.83,18.0,14.83,9.05,0.83,27.73,18.59
design_2171,8.7,20.29,7.91,26.56,11.79,23.4,14.76,17.54,5.8,5.28,0.83,27.3,17.13
design_2172,8.23,20.88,6.85,26.34,12.33,22.64,14.68,17.28,6.85,5.32,0.84,27.98,18.73
design_2173,8.18,18.53,10.49,26.11,11.29,25.09,14.8,17.9,13.12,7.32,0.88,26.18,16.83
design_2174,8.5,18.38,9.83,26.06,11.4,24.61,14.72,17.67,4.76,4.15,0.86,27.55,18.58
design_2175,8.61,19.13,6.18,26.11,11.39,23.93,14.63,17.18,13.13,8.47,0.81,26.65,16.95
design_2176,0.97,1.47,1.43,2.18,1.1,3.63,1.31,2.19,11.38,7.31,0.84,6.1,5.13
design_2177,1.1,1.54,1.26,2.23,1.18,3.8,1.34,2.26,14.27,8.43,0.84,6.33,5.06
design_2178,0.93,1.44,1.45,2.22,0.95,3.5,1.28,2.14,16.3,9.29,0.84,22.85,15.7
design_2179,0.9,1.03,1.14,2.1,1.33,4.05,1.29,2.29,12.92,7.87,0.84,29.68,21.36
design_2180,0.99,1.22,1.31,2.2,1.15,4.03,1.31,2.32,14.78,8.69,0.84,17.39,12.44
design_2181,1.16,1.77,1.63,2.16,1.07,3.49,1.35,2.2,6.58,5.31,0.85,4.04,3.81
design_2182,1.08,1.44,1.27,2.12,0.97,3.93,1.33,2.28,14.91,8.77,0.84,7.5,5.62
design_2183,1.28,1.46,1.34,2.0,0.93,2.93,1.19,1.9,7.38,5.64,0.84,3.02,2.68
design_2184,1.11,2.12,3.11,1.93,0.73,4.1,1.47,2.62,15.99,8.99,0.86,13.01,8.66
design_2185,0.95,2.07,4.92,2.02,0.83,1.96,1.58,2.9,17.39,9.65,0.86,11.46,8.66
design_2186,1.1,1.98,3.26,1.95,0.71,4.27,1.48,2.7,15.8,8.85,0.86,9.31,7.42
design_2187,1.19,1.74,4.38,1.7,0.92,1.74,1.42,2.59,16.6,9.36,0.85,14.25,10.38
design_2188,1.12,2.24,3.92,1.96,0.78,2.18,1.45,2.52,15.25,8.75,0.85,7.67,5.29
design_2189,1.39,2.28,3.97,2.21,0.95,2.02,1.52,2.58,17.24,9.53,0.85,7.16,4.49
design_2190,1.18,2.28,3.93,2.02,1.11,2.1,1.49,2.54,14.93,8.61,0.84,14.57,10.31
design_2191,1.02,2.31,4.49,1.76,0.71,1.72,1.51,2.68,15.95,8.83,0.85,15.96,11.98
design_2192,1.12,1.93,1.79,2.5,1.11,2.06,1.31,1.84,16.96,9.4,0.84,31.36,22.32
design_2193,0.79,1.62,7.21,2.15,1.27,5.68,2.25,4.56,8.04,5.63,0.85,16.04,10.98
design_2194,1.0,1.95,1.3,2.19,1.04,1.89,1.18,1.61,9.59,6.42,0.85,6.23,3.59
design_2195,1.07,1.7,1.75,2.06,1.04,2.31,1.2,1.76,14.83,8.8,0.84,9.14,7.13
design_2196,1.06,1.98,2.04,2.14,1.27,2.1,1.27,1.86,14.53,8.53,0.85,3.85,4.01
design_2197,0.82,1.69,1.88,2.23,1.4,2.43,1.24,1.87,12.69,7.84,0.84,8.17,4.41
design_2198,1.25,2.04,1.56,2.38,1.35,2.09,1.32,1.82,13.84,7.91,0.87,29.57,22.08
design_2199,1.1,2.02,2.09,2.07,1.32,2.11,1.25,1.88,11.51,7.26,0.84,5.92,3.64
design_2200,0.9,1.27,2.85,1.72,1.22,3.92,1.45,2.56,14.82,8.81,0.84,25.99,19.14
design_2201,0.9,1.68,3.81,1.6,0.82,3.88,1.5,2.83,15.32,8.98,0.84,13.16,9.94
design_2202,0.91,1.5,3.23,1.54,0.85,3.59,1.39,2.53,16.67,9.61,0.83,12.52,9.68
design_2203,1.06,1.88,3.37,2.05,1.11,3.72,1.59,2.71,14.39,8.48,0.84,11.03,9.26
design_2204,1.12,1.55,3.38,1.81,0.79,4.61,1.63,2.97,14.1,8.56,0.83,12.82,10.31
design_2205,0.92,1.44,3.47,1.59,1.27,3.84,1.47,2.71,15.38,9.01,0.84,14.43,10.35
design_2206,1.23,1.76,1.74,2.04,0.95,4.68,1.56,2.69,15.12,8.92,0.83,19.67,14.08
design_2207,1.05,1.69,1.01,1.81,1.0,4.55,1.47,2.51,16.72,9.65,0.84,18.4,11.66
design_2208,1.05,1.37,3.45,2.36,1.09,2.33,1.27,2.16,10.84,7.03,0.84,6.44,6.29
design_2209,0.76,1.27,0.91,2.01,0.7,4.98,1.34,2.46,6.31,4.77,0.86,3.43,2.69
design_2210,1.51,2.55,2.37,2.41,0.66,4.69,1.58,2.77,16.13,9.0,0.86,16.1,12.57
design_2211,1.08,1.56,1.39,2.28,0.73,4.84,1.39,2.53,6.31,4.82,0.86,2.81,2.86
design_2212,1.17,1.43,3.52,2.37,0.96,2.23,1.31,2.17,13.15,7.81,0.85,5.87,4.85
design_2213,1.17,1.47,3.58,2.45,0.8,1.57,1.28,2.08,12.5,7.5,0.85,13.95,10.53
design_2214,1.33,2.02,1.7,2.53,0.82,5.2,1.57,2.8,13.03,7.48,0.86,9.71,7.84
design_2215,1.57,1.99,3.59,2.47,0.82,2.43,1.44,2.35,15.34,8.79,0.86,9.41,7.45
design_2216,0.89,2.02,1.37,2.55,1.42,5.7,1.68,3.0,15.34,8.4,0.88,15.11,10.5
design_2217,1.37,1.96,3.73,2.43,0.91,5.9,1.88,3.44,17.29,9.34,0.88,21.99,15.93
design_2218,1.7,2.34,2.85,2.34,0.87,5.81,1.77,3.28,14.34,8.25,0.86,15.24,9.24
design_2219,1.76,2.59,3.63,2.47,0.78,2.38,1.55,2.51,17.79,9.75,0.87,24.64,19.2
design_2220,1.06,2.13,1.25,2.63,1.31,5.77,1.72,3.04,15.95,8.62,0.88,12.57,9.63
design_2221,1.04,2.14,1.32,2.65,1.14,5.87,1.74,3.08,16.65,8.99,0.87,21.96,14.5
design_2222,1.14,1.57,3.22,2.41,0.92,5.74,1.78,3.23,14.04,7.97,0.87,11.38,7.1
design_2223,1.82,2.33,3.29,1.93,0.72,5.31,1.68,3.15,17.7,9.83,0.86,28.7,20.81
design_2224,0.65,1.16,0.55,1.7,0.89,5.97,1.62,3.19,16.18,9.31,0.85,29.22,22.63
design_2225,0.99,1.57,0.71,2.01,0.99,3.65,1.35,2.19,16.06,9.27,0.85,29.17,22.98
design_2226,1.32,1.72,0.73,2.38,1.13,2.81,1.39,1.96,16.48,9.37,0.85,17.07,14.68
design_2227,0.97,1.47,0.76,2.38,0.94,2.52,1.26,1.78,17.08,9.63,0.86,17.01,12.56
design_2228,0.85,1.47,0.66,1.79,0.99,5.73,1.62,3.1,17.73,9.97,0.85,28.72,22.02
design_2229,1.36,1.8,0.62,2.13,1.11,2.56,1.32,1.82,16.9,9.59,0.85,29.73,22.36
design_2230,0.62,0.96,0.53,1.67,1.09,4.34,1.31,2.39,14.31,8.51,0.84,29.78,23.61
design_2231,1.24,1.56,0.61,2.31,1.01,2.63,1.32,1.83,14.7,8.59,0.85,13.11,10.33
design_2232,1.15,2.37,1.81,2.2,1.06,0.89,1.24,1.68,18.14,9.56,0.88,16.36,14.06
design_2233,1.0,2.12,1.83,2.28,1.23,1.23,1.1,1.69,10.57,6.47,0.87,23.89,20.16
design_2234,0.89,2.78,1.93,2.17,1.11,1.22,1.28,1.8,15.83,8.74,0.88,23.28,19.55
design_2235,0.91,2.1,1.36,1.81,0.85,1.08,0.99,1.43,16.0,8.87,0.87,22.79,18.33
design_2236,0.96,2.62,1.95,2.43,1.19,1.07,1.3,1.83,17.45,9.46,0.88,22.85,16.17
design_2237,0.82,2.64,1.86,2.17,1.11,1.09,1.15,1.74,11.91,6.96,0.88,25.08,20.88
design_2238,1.01,2.25,1.28,2.49,1.08,1.24,1.27,1.68,18.26,9.6,0.88,26.71,20.28
design_2239,0.98,2.99,2.13,2.18,1.06,1.28,1.3,1.9,14.09,7.8,0.89,24.72,20.65
design_2240,1.47,2.43,0.98,2.08,1.22,7.68,2.11,4.27,11.62,7.48,0.83,3.23,4.46
design_2241,1.23,2.49,1.98,2.06,0.91,5.58,1.69,3.3,16.44,9.7,0.83,9.57,8.31
design_2242,1.45,2.67,1.85,2.09,1.07,5.0,1.62,3.07,17.87,10.34,0.84,21.69,18.28
design_2243,1.7,2.65,4.12,2.05,1.3,5.28,1.81,3.5,16.32,9.66,0.84,5.2,4.62
design_2244,1.48,2.16,1.29,1.95,0.95,6.47,1.82,3.65,13.59,8.37,0.83,4.01,4.19
design_2245,1.46,2.62,2.22,2.02,1.04,5.26,1.68,3.21,16.29,9.52,0.84,4.84,4.84
design_2246,1.75,2.07,1.6,2.2,1.16,8.28,2.23,4.59,18.07,10.28,0.84,31.01,24.41
design_2247,1.77,2.43,1.86,2.47,1.08,6.83,2.02,3.95,19.67,11.05,0.84,29.11,24.41
design_2248,1.07,2.1,1.65,1.85,1.33,3.84,1.37,2.31,9.43,6.66,0.83,4.25,3.45
design_2249,1.0,2.11,1.76,2.11,0.86,3.8,1.39,2.32,17.99,10.19,0.84,29.96,21.44
design_2250,0.93,1.9,1.46,1.74,1.02,3.8,1.26,2.2,11.47,7.48,0.83,7.22,5.29
design_2251,1.08,2.18,3.59,2.2,1.56,4.61,1.71,3.12,9.99,6.77,0.83,27.4,19.82
design_2252,1.13,2.37,1.72,2.42,0.96,3.97,1.5,2.45,8.48,6.06,0.84,10.2,6.72
design_2253,1.06,2.08,1.63,1.83,0.92,4.41,1.39,2.49,15.42,9.16,0.83,10.58,6.5
design_2254,1.03,1.99,1.66,1.92,1.3,3.97,1.36,2.35,5.04,4.66,0.85,12.25,7.82
design_2255,1.17,1.72,1.34,1.98,0.83,3.63,1.35,2.13,9.5,6.56,0.84,4.38,3.75
design_2256,1.38,2.76,3.74,2.06,1.12,1.62,1.5,2.44,14.49,8.4,0.85,8.22,5.47
design_2257,1.03,2.6,3.81,1.98,1.22,1.77,1.44,2.43,13.88,8.24,0.84,10.83,8.31
design_2258,1.15,2.56,3.58,1.81,1.45,1.67,1.43,2.33,10.34,6.73,0.84,9.47,7.31
design_2259,0.92,2.37,3.74,2.0,0.79,2.15,1.43,2.41,14.11,8.21,0.85,12.94,9.48
design_2260,1.31,2.59,2.39,1.89,1.23,1.97,1.35,2.0,7.39,5.64,0.85,6.95,5.29
design_2261,1.18,2.55,3.82,1.83,1.4,1.81,1.42,2.44,11.46,7.26,0.84,12.81,9.33
design_2262,1.28,2.68,3.91,2.12,1.04,1.78,1.52,2.51,13.8,8.17,0.84,5.43,4.98
design_2263,1.19,2.73,3.83,2.05,1.22,1.62,1.47,2.46,12.66,7.69,0.84,14.39,10.49
design_2264,1.53,0.8,5.56,1.93,1.52,1.85,1.35,2.63,16.35,8.73,0.9,7.92,8.66
design_2265,1.48,0.6,5.44,1.7,1.01,1.97,1.31,2.52,15.55,8.39,0.89,11.91,7.85
design_2266,2.36,1.63,2.18,2.17,1.1,1.75,1.23,1.93,13.87,8.02,0.86,31.71,24.25
design_2267,1.5,1.12,1.73,1.9,1.08,2.35,1.08,1.7,10.77,6.84,0.85,4.51,3.66
design_2268,1.64,0.65,5.46,1.69,1.28,1.85,1.31,2.55,10.14,6.18,0.88,7.36,5.21
design_2269,1.59,0.73,5.54,1.57,1.2,1.86,1.31,2.56,11.3,6.7,0.87,11.37,7.12
design_2270,1.8,1.01,2.12,1.84,0.9,3.02,1.17,1.95,17.1,9.34,0.87,11.33,10.76
design_2271,1.48,1.23,5.42,1.79,1.28,1.97,1.33,2.58,14.61,8.27,0.87,6.57,5.2
design_2272,2.33,2.83,1.02,2.16,1.41,5.21,1.77,3.24,9.38,6.51,0.84,27.26,21.41
design_2273,2.69,3.09,1.32,2.12,1.95,4.0,1.71,2.86,17.37,9.87,0.85,29.18,23.38
design_2274,2.4,2.71,1.05,1.83,1.24,5.02,1.66,3.11,16.04,9.33,0.84,31.84,24.58
design_2275,2.81,3.06,1.34,2.0,1.84,4.66,1.77,3.11,15.46,9.1,0.84,24.02,18.6
design_2276,2.56,3.04,1.68,2.22,1.66,4.14,1.72,2.91,16.31,9.37,0.85,29.04,22.14
design_2277,2.91,3.23,1.58,2.25,1.8,3.78,1.76,2.85,16.67,9.49,0.85,29.88,24.74
design_2278,2.57,3.06,1.46,2.25,1.53,3.89,1.69,2.79,15.1,8.86,0.85,27.9,21.56
design_2279,2.6,3.16,1.39,2.21,1.5,3.7,1.65,2.72,16.58,9.5,0.84,28.48,22.11
design_2280,1.42,1.91,2.13,2.35,1.5,6.44,1.8,3.58,17.27,9.68,0.86,11.77,9.2
design_2281,1.33,1.95,2.22,2.18,1.37,6.5,1.79,3.59,15.92,9.09,0.85,14.44,8.99
design_2282,1.16,1.67,1.82,2.18,1.48,2.88,1.25,2.05,13.82,8.25,0.85,7.08,4.41
design_2283,1.14,1.74,1.62,2.28,1.49,2.9,1.28,2.06,15.23,8.76,0.86,5.06,4.22
design_2284,1.25,1.83,2.02,2.14,1.29,5.53,1.6,3.12,15.11,8.84,0.85,7.14,4.89
design_2285,1.79,2.36,1.88,2.86,1.73,3.04,1.53,2.43,17.22,9.68,0.86,31.57,26.79
design_2286,1.94,1.89,1.26,2.55,1.35,3.25,1.44,2.3,16.06,9.2,0.85,31.56,25.12
design_2287,1.39,2.07,2.09,2.28,1.35,3.04,1.34,2.21,16.07,9.19,0.86,7.65,6.16
design_2288,1.78,2.46,1.35,2.53,1.52,1.18,1.31,1.92,16.53,8.82,0.89,25.4,20.17
design_2289,1.25,1.9,1.33,2.41,1.53,1.21,1.25,1.69,16.73,8.87,0.89,11.76,10.8
design_2290,1.29,1.81,1.14,2.41,1.59,1.06,1.19,1.66,15.39,8.36,0.88,8.32,6.63
design_2291,1.02,1.39,0.95,2.32,1.39,1.2,1.12,1.49,11.38,6.63,0.88,4.72,3.32
design_2292,1.33,1.77,1.29,2.31,1.39,1.23,1.23,1.63,15.07,8.17,0.89,6.24,5.04
design_2293,1.62,2.45,1.2,2.74,1.43,1.18,1.34,1.92,16.67,8.89,0.89,24.08,20.09
design_2294,1.22,2.14,1.23,2.34,1.37,1.1,1.18,1.68,13.13,7.38,0.88,8.11,6.64
design_2295,1.78,2.51,1.36,2.94,1.63,1.41,1.45,2.08,15.78,8.45,0.89,14.5,10.48
design_2296,2.24,2.27,3.98,2.55,1.67,1.97,1.58,2.52,16.02,9.04,0.86,31.79,25.53
design_2297,1.36,2.42,0.94,2.25,1.31,2.81,1.33,2.01,14.1,8.38,0.85,3.53,3.37
design_2298,1.69,2.43,2.09,2.56,1.59,2.17,1.43,2.12,17.13,9.61,0.86,6.65,5.83
design_2299,1.31,2.18,1.73,2.34,1.32,2.71,1.37,2.03,11.49,7.12,0.85,2.6,2.94
design_2300,1.6,2.28,1.91,2.44,1.43,2.48,1.36,2.09,16.63,9.39,0.85,10.4,7.44
design_2301,1.5,2.2,1.74,2.56,1.48,2.4,1.34,2.05,15.12,8.75,0.86,5.04,3.69
design_2302,1.23,1.97,0.76,2.31,1.12,4.11,1.4,2.33,9.2,6.2,0.85,3.05,2.89
design_2303,1.44,2.23,1.6,2.18,1.17,2.26,1.3,1.88,14.16,8.31,0.86,3.1,2.76
design_2304,0.97,2.02,0.97,1.59,1.0,9.09,2.38,5.02,17.72,10.08,0.85,26.15,19.76
design_2305,1.14,1.64,1.33,0.99,0.95,9.59,2.5,5.26,18.75,10.53,0.84,31.42,22.24
design_2306,1.08,2.06,1.13,1.52,1.18,9.1,2.39,5.04,15.17,8.94,0.83,24.51,18.94
design_2307,1.21,2.24,0.91,1.38,1.11,9.33,2.47,5.16,14.45,8.71,0.83,32.13,23.33
design_2308,1.16,1.95,1.03,1.37,1.05,9.3,2.45,5.13,18.35,10.3,0.85,30.54,23.85
design_2309,1.03,2.21,1.06,1.52,1.3,9.2,2.43,5.1,17.82,10.07,0.85,28.0,21.34
design_2310,1.04,1.65,1.27,1.53,1.1,10.11,2.65,5.55,17.23,9.84,0.84,19.1,12.67
design_2311,1.08,1.95,1.47,1.28,1.14,9.28,2.45,5.13,16.06,9.35,0.84,6.83,7.6
design_2312,1.19,2.17,4.45,2.3,1.03,1.14,1.32,2.34,13.36,7.73,0.87,16.23,13.11
design_2313,1.38,2.49,3.71,2.4,0.84,1.27,1.36,2.22,15.93,8.85,0.87,8.36,7.5
design_2314,1.31,2.91,2.76,2.63,0.96,1.45,1.43,2.15,16.41,9.07,0.87,10.48,8.81
design_2315,1.14,2.57,2.06,2.32,0.91,1.35,1.22,1.83,14.96,8.45,0.86,13.1,10.01
design_2316,1.55,3.02,1.75,2.69,1.13,1.32,1.39,2.04,15.95,8.9,0.87,7.43,6.81
design_2317,1.19,2.59,4.55,2.51,1.38,1.28,1.44,2.51,15.14,8.52,0.87,9.94,8.08
design_2318,1.19,2.76,1.67,2.42,1.05,1.6,1.28,1.89,14.29,8.15,0.87,11.47,9.63
design_2319,1.39,2.48,1.88,2.72,1.12,1.3,1.29,1.92,13.74,7.94,0.86,10.74,7.99
design_2320,0.97,0.86,2.42,2.09,0.71,6.34,1.86,3.55,10.21,6.91,0.83,25.78,19.53
design_2321,0.95,1.38,1.96,2.14,1.09,5.21,1.69,3.01,11.36,7.38,0.83,4.69,3.8
design_2322,0.95,1.49,1.78,2.23,0.91,4.34,1.55,2.6,14.54,8.67,0.83,4.47,3.54
design_2323,0.9,1.44,1.58,2.28,0.87,5.08,1.67,2.91,6.45,5.26,0.85,3.1,3.2
design_2324,0.82,1.57,1.71,2.35,1.15,4.58,1.62,2.73,7.42,5.72,0.84,5.0,3.61
design_2325,0.92,1.25,1.82,2.32,1.18,5.21,1.7,3.0,5.77,4.94,0.85,5.6,4.37
design_2326,1.09,1.59,1.37,2.05,1.19,5.29,1.69,2.98,10.72,7.13,0.83,7.37,6.19
design_2327,0.87,1.26,2.42,1.9,1.01,5.04,1.64,2.97,17.85,10.27,0.83,31.75,23.13
design_2328,1.69,1.51,1.18,2.09,1.06,2.09,1.2,1.69,5.41,4.72,0.85,8.8,6.23
design_2329,1.49,1.21,1.1,2.17,1.1,2.6,1.22,1.79,5.33,4.66,0.85,3.86,3.53
design_2330,1.47,1.41,1.07,2.41,1.34,2.33,1.24,1.8,7.11,5.39,0.85,3.98,4.13
design_2331,1.04,1.06,1.04,1.82,0.92,2.4,1.03,1.57,6.92,5.41,0.84,9.09,6.24
design_2332,1.48,1.29,1.06,2.17,1.16,2.57,1.24,1.79,7.41,5.54,0.85,4.16,3.45
design_2333,1.44,1.16,1.11,2.15,1.12,2.54,1.2,1.76,5.84,4.91,0.85,3.64,2.74
design_2334,1.42,1.17,1.0,1.96,0.89,2.38,1.08,1.64,6.0,5.03,0.85,4.13,3.32
design_2335,1.4,1.14,1.08,2.0,1.06,2.22,1.11,1.62,9.03,6.28,0.84,5.51,3.68
design_2336,1.29,2.36,1.23,1.67,1.0,8.56,2.19,4.67,16.97,9.68,0.85,25.73,20.5
design_2337,1.21,1.66,1.02,1.36,0.82,7.81,2.01,4.22,16.56,9.57,0.84,25.33,18.53
design_2338,1.4,2.2,0.88,1.56,1.21,8.63,2.22,4.69,18.22,10.21,0.86,30.38,25.42
design_2339,1.43,2.2,1.11,1.39,1.01,8.63,2.23,4.68,15.95,9.24,0.85,31.58,23.73
design_2340,1.27,2.29,1.45,1.91,0.9,8.1,2.11,4.45,12.27,7.72,0.84,20.25,16.04
design_2341,1.25,2.44,1.85,1.68,0.84,9.06,2.33,4.94,16.67,9.44,0.86,24.47,20.22
design_2342,1.35,2.02,0.84,1.37,0.8,8.57,2.19,4.62,16.39,9.5,0.84,31.3,22.71
design_2343,1.19,2.14,1.45,2.16,0.99,8.75,2.24,4.79,12.65,7.8,0.84,20.34,16.1
design_2344,0.96,1.74,1.59,2.5,0.61,10.81,2.79,5.97,16.47,9.42,0.85,29.78,24.12
design_2345,1.01,2.04,1.22,1.49,1.01,10.1,2.64,5.56,16.89,9.71,0.84,12.87,10.51
design_2346,0.85,1.64,4.65,1.72,0.79,6.13,1.86,3.84,17.47,10.09,0.84,28.48,22.34
design_2347,0.95,1.71,1.53,1.67,0.82,9.26,2.41,5.11,16.57,9.56,0.84,12.01,9.67
design_2348,0.9,1.79,1.27,2.28,0.69,9.16,2.4,5.09,12.23,7.78,0.83,22.33,17.85
design_2349,0.94,1.82,1.15,2.04,0.95,9.03,2.36,5.01,17.15,9.85,0.84,24.69,19.52
design_2350,0.92,1.94,1.15,1.55,0.88,10.12,2.61,5.56,16.27,9.42,0.84,35.16,26.08
design_2351,0.98,1.82,0.97,1.3,1.41,9.04,2.37,4.99,13.96,8.49,0.84,29.66,23.34
design_2352,7.82,17.69,8.18,25.98,9.89,26.74,15.11,19.24,18.02,10.5,0.83,20.19,16.76
design_2353,8.25,18.57,5.9,26.6,10.2,22.51,14.83,17.92,16.79,9.78,0.84,27.85,20.39
design_2354,7.8,19.86,6.57,26.71,10.63,22.93,14.94,18.3,17.21,10.04,0.84,16.0,16.06
design_2355,8.55,19.11,8.67,26.65,10.44,26.82,15.3,19.71,18.82,10.83,0.83,21.31,17.4
design_2356,8.34,18.37,8.03,26.43,10.33,25.79,15.13,19.13,15.05,9.24,0.82,19.67,16.99
design_2357,8.04,18.17,8.06,26.22,10.34,27.16,15.21,19.55,16.72,9.86,0.83,17.33,15.17
design_2358,7.9,18.3,7.85,26.14,10.09,26.59,15.15,19.29,17.69,10.23,0.84,27.52,22.52
design_2359,7.77,18.2,8.08,26.16,9.99,26.88,15.17,19.4,17.94,10.35,0.84,21.19,19.73
design_2360,1.16,2.0,1.39,2.49,1.06,3.18,1.36,2.06,17.58,9.45,0.88,23.57,18.78
design_2361,1.12,2.3,1.61,2.32,1.21,2.36,1.28,1.91,15.73,8.84,0.86,11.78,9.38
design_2362,1.18,2.29,1.63,2.15,1.15,2.79,1.28,1.97,18.21,10.14,0.86,21.12,16.38
design_2363,0.96,2.11,2.66,2.32,0.99,2.38,1.28,2.02,17.49,9.53,0.87,16.79,12.89
design_2364,1.37,2.24,1.47,2.07,1.08,2.41,1.22,1.85,15.91,9.14,0.85,20.39,16.28
design_2365,0.96,2.24,1.87,2.34,0.99,2.33,1.22,1.89,13.74,7.97,0.86,25.73,20.72
design_2366,1.18,2.4,1.87,2.19,1.26,2.85,1.32,2.06,13.08,7.81,0.85,27.79,18.13
design_2367,1.08,2.08,2.31,2.11,1.09,2.44,1.27,1.94,16.89,9.34,0.87,23.01,18.54
design_2368,1.8,2.71,3.07,1.83,1.35,2.3,1.46,2.3,15.13,8.61,0.86,28.41,20.75
design_2369,1.87,3.09,3.32,1.98,1.41,2.56,1.56,2.52,15.4,8.75,0.86,34.82,24.44
design_2370,1.58,2.99,5.3,2.01,1.62,2.37,1.76,3.11,13.27,7.94,0.85,35.59,24.7
design_2371,1.76,2.28,1.56,2.04,1.12,1.83,1.35,1.79,15.9,8.89,0.86,26.48,19.98
design_2372,1.63,3.1,1.82,2.13,1.55,2.76,1.48,2.21,15.57,8.59,0.87,23.46,17.34
design_2373,1.64,2.95,2.25,1.97,1.16,2.32,1.43,2.12,16.52,9.15,0.87,29.08,22.42
design_2374,1.57,2.64,1.77,1.74,1.31,2.15,1.31,1.9,15.77,8.89,0.86,30.62,22.42
design_2375,2.15,3.02,2.09,2.07,1.29,1.71,1.5,2.11,16.0,8.95,0.86,28.31,20.43
design_2376,1.99,2.11,1.59,1.23,0.91,2.81,1.24,1.9,17.29,9.24,0.88,32.51,24.35
design_2377,1.36,2.63,0.96,1.62,1.38,2.65,1.27,1.89,11.86,7.09,0.86,20.83,15.87
design_2378,1.4,2.26,1.05,1.73,0.91,2.24,1.15,1.7,16.18,9.0,0.87,9.62,7.79
design_2379,1.74,1.97,1.61,1.27,0.89,2.87,1.21,1.85,17.2,9.19,0.88,31.31,26.66
design_2380,1.59,2.56,1.53,2.26,1.07,2.83,1.34,2.09,17.71,9.62,0.88,30.41,22.51
design_2381,1.68,2.28,1.77,1.59,1.26,2.39,1.22,1.87,16.64,9.22,0.87,40.25,27.23
design_2382,1.36,2.47,1.63,2.48,1.02,2.18,1.24,1.95,16.84,9.35,0.86,22.51,17.29
design_2383,1.7,2.01,1.59,0.99,0.85,2.15,1.19,1.63,13.88,7.85,0.87,31.88,23.29
design_2384,1.32,2.35,3.47,2.56,0.98,4.82,1.87,3.19,16.85,9.55,0.85,23.43,17.54
design_2385,1.35,2.53,3.28,2.46,1.14,4.41,1.83,3.02,16.29,9.51,0.83,17.74,12.43
design_2386,1.22,1.99,3.51,2.0,0.9,3.66,1.57,2.74,16.15,9.44,0.84,13.32,9.55
design_2387,1.22,2.25,3.42,2.2,0.95,4.38,1.71,2.98,15.37,9.1,0.84,13.59,11.61
design_2388,1.35,2.41,2.95,2.49,1.17,4.46,1.78,2.94,13.34,8.14,0.83,11.71,7.28
design_2389,1.17,2.2,3.31,2.15,0.88,4.26,1.68,2.89,14.9,8.89,0.83,12.3,9.7
design_2390,1.35,2.44,1.56,2.31,0.95,3.62,1.51,2.31,15.71,9.18,0.84,14.85,10.41
design_2391,1.3,2.32,3.45,2.62,1.21,4.44,1.82,3.08,14.81,8.79,0.84,20.52,14.3
design_2392,1.23,1.39,2.67,1.94,1.36,7.61,2.14,4.24,5.71,5.12,0.84,8.0,5.87
design_2393,1.57,1.76,2.97,2.47,1.21,4.97,1.79,3.18,15.0,8.94,0.83,10.3,7.48
design_2394,1.09,1.75,4.55,2.27,0.72,4.3,1.75,3.24,14.91,8.88,0.84,8.67,6.99
design_2395,1.11,1.79,1.54,2.01,0.76,10.01,2.62,5.32,5.55,5.04,0.84,5.18,5.49
design_2396,1.63,1.67,3.62,2.67,1.03,5.66,1.97,3.61,17.41,9.62,0.84,33.05,25.17
design_2397,1.39,1.93,3.95,2.81,1.04,6.07,2.1,3.87,13.72,8.15,0.84,29.88,23.39
design_2398,1.04,1.68,4.76,1.93,1.55,4.86,1.82,3.49,13.78,8.39,0.83,6.41,5.8
design_2399,1.23,1.67,1.67,1.98,1.21,10.08,2.64,5.37,5.42,4.96,0.85,6.21,5.72
design_2400,1.33,2.77,3.5,1.89,1.51,1.15,1.44,2.33,16.89,9.39,0.86,30.26,22.77
design_2401,1.12,2.4,2.72,1.66,1.53,2.72,1.31,2.22,13.32,8.07,0.84,26.7,20.07
design_2402,1.11,2.51,2.73,1.66,1.33,1.74,1.24,2.03,15.9,9.12,0.85,26.67,20.32
design_2403,1.12,2.53,3.37,1.79,1.51,1.24,1.34,2.23,16.19,9.14,0.86,29.6,22.41
design_2404,1.38,2.89,3.3,1.78,1.27,1.31,1.4,2.26,16.86,9.33,0.87,28.5,21.73
design_2405,1.37,2.72,3.47,1.87,1.15,1.73,1.45,2.36,17.02,9.51,0.85,29.81,22.72
design_2406,1.31,2.75,3.63,1.97,1.49,1.5,1.49,2.42,13.75,7.95,0.87,26.62,20.3
design_2407,1.21,2.34,3.07,2.04,1.54,1.53,1.28,2.17,12.97,7.91,0.84,26.87,19.5
design_2408,0.93,1.31,4.03,1.67,0.74,2.98,1.18,2.3,13.68,8.23,0.85,22.89,17.45
design_2409,1.02,1.78,1.22,2.26,1.14,5.36,1.45,2.87,14.97,8.46,0.86,25.94,19.6
design_2410,1.05,1.59,1.28,1.87,0.84,2.24,1.08,1.61,17.12,9.39,0.86,28.82,23.24
design_2411,1.17,1.92,1.16,1.79,0.82,5.82,1.53,3.01,16.07,9.14,0.86,35.92,24.41
design_2412,1.02,1.85,0.95,1.83,0.88,5.47,1.47,2.84,17.19,9.48,0.86,35.09,24.83
design_2413,1.06,1.84,1.36,1.87,1.2,5.82,1.57,3.03,14.14,8.22,0.85,18.77,12.63
design_2414,1.18,1.87,0.87,2.15,1.13,6.99,1.71,3.55,12.02,6.89,0.88,26.74,20.32
design_2415,0.99,1.68,0.9,1.77,0.88,5.75,1.47,2.93,16.41,9.17,0.87,26.56,20.52
design_2416,1.25,1.92,1.8,2.42,1.81,0.83,1.21,1.78,13.67,7.63,0.87,14.19,9.72
design_2417,1.62,2.45,2.22,2.7,0.79,0.82,1.45,1.99,12.47,7.11,0.87,11.89,8.56
design_2418,1.22,1.86,2.43,2.38,1.16,0.88,1.24,1.88,16.62,8.84,0.89,11.99,8.32
design_2419,1.16,1.94,2.14,2.35,1.29,0.92,1.19,1.79,14.68,8.13,0.87,13.85,9.41
design_2420,1.15,1.66,2.16,2.14,1.14,0.78,1.13,1.69,11.85,6.87,0.86,10.91,9.38
design_2421,1.12,1.72,1.99,2.31,1.04,0.91,1.16,1.68,15.66,8.45,0.88,6.99,5.94
design_2422,1.24,1.85,1.88,2.21,2.2,0.76,1.2,1.8,16.15,8.57,0.88,32.34,24.18
design_2423,1.4,2.11,1.88,2.66,0.72,0.88,1.33,1.8,13.44,7.53,0.86,21.04,13.49
design_2424,1.16,2.4,1.53,2.48,1.62,6.3,1.91,3.79,16.44,9.64,0.83,9.97,7.39
design_2425,1.5,2.77,1.37,2.27,1.76,4.93,1.77,3.17,18.71,10.58,0.85,30.32,25.3
design_2426,0.96,2.41,1.35,2.66,1.58,3.52,1.45,2.51,13.25,8.27,0.83,6.06,4.09
design_2427,1.15,2.42,1.31,2.17,1.58,3.77,1.51,2.55,16.52,9.64,0.84,7.18,6.86
design_2428,1.14,2.6,1.35,2.1,1.47,7.44,2.17,4.32,15.37,9.13,0.84,8.4,6.9
design_2429,1.23,2.57,1.34,2.26,1.66,4.46,1.66,2.9,18.24,10.35,0.84,10.62,7.91
design_2430,1.1,2.64,1.32,2.14,1.56,7.3,2.15,4.26,18.31,10.41,0.84,9.83,9.98
design_2431,1.24,2.58,1.51,2.2,1.68,4.15,1.57,2.77,18.33,10.41,0.84,18.63,14.57
design_2432,1.54,2.27,3.03,3.35,1.62,1.9,1.61,2.45,13.52,7.72,0.87,10.05,7.14
design_2433,1.42,2.23,4.33,2.98,1.29,1.88,1.61,2.73,17.37,9.22,0.88,11.55,10.01
design_2434,1.29,2.45,2.42,2.67,1.12,1.13,1.37,2.01,16.62,9.12,0.88,12.21,8.87
design_2435,1.21,1.86,3.67,2.73,1.12,1.26,1.41,2.33,15.92,8.72,0.87,20.91,13.63
design_2436,1.31,1.85,4.21,2.77,1.04,1.56,1.49,2.55,13.25,7.55,0.87,4.9,4.76
design_2437,1.4,2.05,4.43,2.97,1.3,2.04,1.59,2.76,14.94,8.16,0.88,9.99,7.91
design_2438,1.23,1.54,3.52,2.52,1.35,1.4,1.34,2.23,14.0,7.97,0.87,10.34,7.87
design_2439,1.33,1.94,3.98,2.83,1.25,1.49,1.49,2.5,13.84,7.72,0.88,9.79,6.95
design_2440,1.16,2.41,3.03,1.83,0.91,2.66,1.29,2.16,17.85,9.72,0.87,28.32,22.93
design_2441,1.05,2.06,3.51,1.83,1.2,2.61,1.3,2.23,16.79,9.26,0.87,29.59,23.89
design_2442,1.14,2.29,2.88,1.99,0.81,2.4,1.28,2.07,17.71,9.58,0.88,31.36,24.46
design_2443,1.15,2.3,2.88,1.89,1.12,2.19,1.27,2.03,14.72,8.37,0.86,22.06,17.58
design_2444,1.18,2.23,3.04,1.87,1.19,2.46,1.3,2.12,17.22,9.42,0.87,22.32,18.07
design_2445,1.17,2.31,3.04,1.85,1.3,2.22,1.23,2.09,16.61,9.15,0.87,22.47,18.11
design_2446,1.02,2.38,2.77,1.91,0.86,3.38,1.37,2.26,16.65,9.01,0.88,26.02,18.64
design_2447,1.24,2.29,3.24,2.21,1.35,2.22,1.36,2.21,16.79,9.16,0.88,23.24,18.37
design_2448,1.18,2.15,1.15,2.24,0.85,2.57,1.19,1.82,15.29,8.65,0.86,6.93,5.25
design_2449,1.23,1.96,2.14,2.07,0.91,2.22,1.14,1.84,14.5,8.25,0.86,12.73,9.44
design_2450,1.16,2.27,1.2,2.56,0.8,2.1,1.23,1.81,12.78,7.48,0.86,7.3,5.24
design_2451,1.43,2.02,1.84,2.07,0.97,2.47,1.18,1.87,14.88,8.5,0.86,10.9,8.18
design_2452,1.34,1.94,3.94,2.09,1.0,2.86,1.36,2.44,15.5,8.64,0.87,19.55,13.26
design_2453,1.2,2.42,1.32,2.38,1.28,2.79,1.26,2.01,13.48,7.79,0.86,8.31,5.05
design_2454,1.17,1.94,2.21,2.37,0.98,1.54,1.18,1.79,16.5,9.07,0.87,18.56,14.06
design_2455,1.38,1.97,1.75,2.17,1.19,2.16,1.16,1.82,14.87,8.44,0.86,13.79,11.13
design_2456,1.41,1.95,2.1,2.23,1.18,2.66,1.29,2.04,10.1,6.67,0.84,3.28,3.33
design_2457,1.22,1.88,2.3,2.09,1.51,2.8,1.28,2.08,13.03,7.93,0.85,3.19,3.15
design_2458,1.29,2.27,2.09,2.31,1.62,3.08,1.36,2.25,10.01,6.56,0.85,3.29,3.49
design_2459,1.47,2.13,2.52,2.15,1.16,3.0,1.35,2.22,12.52,7.73,0.84,3.38,3.56
design_2460,1.28,2.1,2.26,2.17,1.31,2.78,1.31,2.1,12.0,7.4,0.85,3.61,3.46
design_2461,1.27,1.85,2.42,2.25,1.19,2.73,1.32,2.08,12.63,7.76,0.85,3.27,3.27
design_2462,1.34,2.23,2.41,2.2,1.28,2.6,1.33,2.11,11.88,7.35,0.85,4.58,3.31
design_2463,1.3,1.65,4.84,2.04,0.92,1.96,1.33,2.41,9.41,6.44,0.84,4.16,3.56
design_2464,1.01,1.27,1.57,2.14,0.93,2.08,1.18,1.62,17.49,9.39,0.87,29.63,24.36
design_2465,0.87,1.2,1.47,2.07,1.05,2.44,1.18,1.68,18.62,9.98,0.87,28.52,21.04
design_2466,1.06,1.14,1.49,1.87,1.14,5.04,1.47,2.62,15.67,8.84,0.86,32.74,22.95
design_2467,0.87,1.41,0.83,1.73,1.27,4.44,1.35,2.31,15.72,9.01,0.86,24.62,16.45
design_2468,0.98,1.24,1.45,1.98,1.35,3.67,1.32,2.11,12.86,7.65,0.85,32.5,22.76
design_2469,0.94,1.34,1.58,1.84,1.17,5.3,1.52,2.73,16.27,8.87,0.88,21.11,15.11
design_2470,1.23,1.86,1.65,2.54,1.22,2.71,1.39,2.01,16.26,8.87,0.87,26.55,21.25
design_2471,0.9,1.43,1.6,2.26,1.31,5.21,1.53,2.76,16.36,8.93,0.87,35.32,23.78
design_2472,1.36,2.27,1.75,2.29,1.14,0.93,1.32,1.73,12.39,7.13,0.87,30.95,22.35
design_2473,1.38,1.61,1.62,2.51,0.95,1.08,1.31,1.64,15.39,8.45,0.88,24.67,19.46
design_2474,1.56,2.17,1.58,2.7,0.68,1.15,1.37,1.79,16.32,8.9,0.87,33.36,22.39
design_2475,1.3,2.59,0.54,2.73,0.88,1.15,1.38,1.72,14.42,7.99,0.88,11.25,9.23
design_2476,1.76,2.29,1.77,2.66,0.97,0.99,1.5,1.88,12.27,7.02,0.87,9.55,5.89
design_2477,1.32,1.76,1.61,2.47,0.8,1.13,1.33,1.64,16.92,9.1,0.88,19.82,17.48
design_2478,1.22,1.89,1.41,2.6,0.86,1.1,1.35,1.64,16.81,9.11,0.87,13.02,9.39
design_2479,1.35,1.83,1.25,2.89,0.82,1.17,1.37,1.71,16.01,8.76,0.87,27.63,21.98
design_2480,2.51,2.99,3.29,1.97,1.57,1.87,1.55,2.57,15.81,8.99,0.85,22.44,15.31
design_2481,2.19,2.51,3.08,2.05,1.43,2.12,1.43,2.41,16.04,9.12,0.85,29.85,22.43
design_2482,2.35,2.59,2.62,1.85,1.21,2.18,1.37,2.26,13.77,8.01,0.86,29.71,21.43
design_2483,2.26,2.99,2.93,2.37,1.64,2.08,1.5,2.5,14.82,8.62,0.85,26.82,20.0
design_2484,2.53,3.19,3.08,1.95,1.67,2.35,1.56,2.6,6.27,5.07,0.85,25.65,18.67
design_2485,2.17,2.66,2.56,2.11,1.53,2.29,1.39,2.3,15.54,8.72,0.87,26.77,20.52
design_2486,2.47,3.39,3.08,2.03,1.62,2.32,1.58,2.63,14.45,8.4,0.85,24.42,18.1
design_2487,2.66,3.09,2.79,2.36,1.53,1.86,1.56,2.49,13.68,8.03,0.85,15.88,11.47
design_2488,2.43,2.48,4.84,1.82,1.08,1.82,1.69,3.04,14.82,8.65,0.85,28.83,20.67
design_2489,2.9,2.91,2.29,2.48,1.3,2.84,1.59,2.51,16.45,9.08,0.86,11.05,6.84
design_2490,2.73,2.91,3.53,2.03,1.22,2.19,1.59,2.68,14.1,8.49,0.83,27.42,19.34
design_2491,2.39,3.14,4.02,1.95,1.56,1.72,1.64,2.8,15.96,9.18,0.85,27.75,20.08
design_2492,2.54,2.59,4.35,1.91,1.44,1.86,1.66,2.89,16.65,9.55,0.85,28.82,21.13
design_2493,2.45,2.66,3.44,1.88,1.35,1.88,1.5,2.52,15.58,9.08,0.84,27.75,19.56
design_2494,2.72,2.82,3.27,2.0,1.26,2.66,1.6,2.66,15.46,8.91,0.84,21.04,12.52
design_2495,2.55,2.78,5.01,1.87,1.51,1.8,1.75,3.18,16.88,9.45,0.86,30.69,23.51
design_2496,1.3,1.96,3.73,2.08,0.99,2.72,1.46,2.43,12.73,7.86,0.84,8.69,7.11
design_2497,0.87,2.15,3.32,2.16,0.82,8.48,2.3,4.71,17.75,9.77,0.86,13.8,10.55
design_2498,1.28,1.97,3.99,2.08,0.88,3.05,1.5,2.59,16.21,9.24,0.85,26.93,21.52
design_2499,0.87,1.76,1.02,2.2,0.78,7.92,2.04,4.23,6.6,5.11,0.85,2.61,4.13
design_2500,1.06,1.74,1.28,2.19,0.66,8.52,2.18,4.54,4.63,4.29,0.86,3.89,4.91
design_2501,1.51,1.9,4.06,2.16,1.31,2.99,1.58,2.64,9.71,6.57,0.84,3.8,4.04
design_2502,1.02,1.76,3.83,1.83,1.62,3.61,1.49,2.72,11.97,7.57,0.83,6.71,6.04
design_2503,0.83,2.0,2.5,1.69,0.82,8.1,2.15,4.4,16.75,9.44,0.85,15.66,11.27
design_2504,0.91,1.56,1.94,1.78,0.96,3.21,1.22,2.05,13.99,8.53,0.83,5.52,4.02
design_2505,1.05,1.46,2.38,1.65,0.9,3.65,1.28,2.3,5.47,4.88,0.85,8.58,6.9
design_2506,1.15,1.55,1.19,2.17,1.28,4.23,1.45,2.39,13.75,8.23,0.84,4.28,3.75
design_2507,0.95,1.63,1.07,1.91,1.06,4.24,1.43,2.33,13.16,8.08,0.83,6.14,3.91
design_2508,0.96,1.35,1.37,1.75,0.92,3.9,1.29,2.18,6.68,5.45,0.85,3.81,3.85
design_2509,1.21,1.37,1.47,2.14,0.96,4.23,1.46,2.4,16.24,9.35,0.84,15.52,8.42
design_2510,0.94,1.23,1.52,1.8,1.03,5.07,1.49,2.69,8.24,6.06,0.84,2.68,3.58
design_2511,1.06,1.69,1.44,2.28,1.09,3.72,1.43,2.24,9.8,6.68,0.83,5.19,3.65
design_2512,1.28,1.45,2.44,1.97,1.59,2.7,1.27,2.09,16.44,8.89,0.88,26.56,19.59
design_2513,1.26,1.49,2.67,1.77,0.9,2.4,1.2,2.02,15.53,8.94,0.85,13.26,8.26
design_2514,1.18,1.49,4.9,2.06,0.87,2.57,1.62,2.99,9.39,6.6,0.83,10.37,8.51
design_2515,1.3,1.81,3.19,2.06,0.79,2.32,1.41,2.26,16.6,9.41,0.85,29.98,22.2
design_2516,1.28,1.56,4.91,2.13,0.73,1.76,1.59,2.89,16.49,9.27,0.85,30.3,22.2
design_2517,1.35,1.5,4.06,2.16,1.46,2.37,1.51,2.65,18.1,10.03,0.85,17.29,12.21
design_2518,1.17,1.8,4.87,2.19,1.17,2.72,1.7,3.05,18.98,10.4,0.86,25.99,20.27
design_2519,1.14,1.24,3.57,2.01,0.78,3.03,1.44,2.49,17.8,9.99,0.84,36.2,26.25
design_2520,1.29,2.19,3.03,2.15,0.78,1.34,1.16,2.01,16.23,8.9,0.88,20.74,15.81
design_2521,0.91,2.47,1.78,2.54,0.95,1.11,1.21,1.78,17.08,9.22,0.87,7.08,5.91
design_2522,1.07,2.73,1.89,2.39,1.03,0.93,1.18,1.82,16.67,9.19,0.87,10.95,9.62
design_2523,1.45,2.55,1.54,2.68,0.92,1.2,1.26,1.85,17.87,9.55,0.87,31.59,25.24
design_2524,1.08,2.5,1.94,2.4,0.9,1.29,1.21,1.81,17.72,9.5,0.87,31.13,16.26
design_2525,1.42,2.31,3.09,2.53,1.03,1.72,1.33,2.19,16.24,8.81,0.88,7.7,8.06
design_2526,1.71,2.75,1.27,2.52,1.02,1.09,1.25,1.85,14.88,8.34,0.86,10.88,7.85
design_2527,1.31,2.83,1.7,2.52,1.1,1.08,1.26,1.88,16.87,9.14,0.88,13.21,9.88
design_2528,0.67,2.41,1.77,1.75,1.08,0.9,1.02,1.53,15.22,8.49,0.87,14.52,10.77
design_2529,0.71,2.15,0.99,1.74,1.06,0.83,0.92,1.36,15.47,8.62,0.87,21.33,16.78
design_2530,0.59,1.97,0.96,1.91,1.17,0.93,0.95,1.37,14.06,7.97,0.87,15.11,11.65
design_2531,0.77,2.52,0.9,1.96,1.18,1.11,1.06,1.55,15.03,8.44,0.87,19.26,14.07
design_2532,0.56,2.1,1.12,1.85,1.22,0.83,0.97,1.39,14.71,8.19,0.88,24.25,19.32
design_2533,0.82,2.29,1.31,1.8,1.15,1.05,1.0,1.49,15.27,8.53,0.87,21.13,16.89
design_2534,0.85,2.37,0.87,2.0,1.09,1.1,1.11,1.51,16.12,8.88,0.87,32.07,24.16
design_2535,0.75,2.18,1.04,1.89,1.13,0.88,1.03,1.43,16.45,8.97,0.87,26.57,20.19
design_2536,0.94,1.84,2.79,2.1,0.91,3.65,1.47,2.48,12.29,7.71,0.83,7.58,6.24
design_2537,0.99,1.78,2.69,2.12,1.27,3.3,1.42,2.36,14.89,8.76,0.84,8.19,5.46
design_2538,1.28,2.06,2.89,2.16,1.15,4.55,1.62,2.88,16.86,9.52,0.85,15.75,10.45
design_2539,0.89,1.92,2.75,2.3,1.16,4.35,1.59,2.75,10.33,6.74,0.84,11.35,8.25
design_2540,1.13,2.39,2.76,2.25,1.2,3.66,1.49,2.58,7.37,5.62,0.84,11.51,8.04
design_2541,0.75,1.82,2.52,2.25,0.93,4.45,1.58,2.7,16.37,9.39,0.83,11.84,8.97
design_2542,0.81,1.83,2.71,2.02,1.11,4.14,1.49,2.62,11.17,7.26,0.83,9.46,7.32
design_2543,0.83,1.81,2.67,2.27,1.31,4.83,1.66,2.9,5.62,4.75,0.85,12.76,8.97
design_2544,1.05,1.45,1.52,1.81,0.9,4.7,1.49,2.71,17.09,9.71,0.85,29.43,21.21
design_2545,1.17,1.52,1.93,2.06,1.02,5.96,1.8,3.38,11.27,7.3,0.83,26.22,19.83
design_2546,1.0,1.06,0.76,1.69,0.77,4.61,1.35,2.55,7.89,6.01,0.83,5.67,4.49
design_2547,1.12,2.22,2.03,2.14,1.09,4.65,1.66,2.86,12.76,7.85,0.84,3.84,3.82
design_2548,1.06,1.51,1.96,1.72,0.93,6.45,1.82,3.58,16.77,9.65,0.84,9.89,7.6
design_2549,1.01,1.7,1.42,1.69,1.1,4.39,1.45,2.57,6.4,5.31,0.84,4.0,3.21
design_2550,1.08,1.72,1.2,2.03,1.27,4.12,1.46,2.47,8.34,6.03,0.84,7.86,4.87
design_2551,1.07,1.63,2.07,1.9,1.24,5.81,1.79,3.32,13.78,8.25,0.83,12.02,7.94
design_2552,9.55,24.5,9.54,27.9,14.75,28.72,16.01,22.45,11.26,7.73,0.81,18.85,14.75
design_2553,9.45,24.6,9.11,28.05,14.64,27.06,15.83,21.84,15.01,9.33,0.82,17.44,17.48
design_2554,9.59,25.23,9.06,27.97,14.48,26.71,15.82,21.78,16.33,9.85,0.83,18.82,18.08
design_2555,9.18,25.78,9.2,27.96,14.42,27.53,15.91,22.14,17.16,10.17,0.83,18.44,16.53
design_2556,9.44,25.39,9.3,27.93,14.67,27.37,15.9,22.06,16.66,10.06,0.82,20.03,17.97
design_2557,9.82,25.07,9.37,28.31,14.72,28.11,16.0,22.4,15.81,9.63,0.82,19.53,14.2
design_2558,9.11,24.04,8.85,27.91,13.99,27.37,15.82,21.74,16.55,10.03,0.82,18.4,18.31
design_2559,9.92,25.34,9.56,27.98,14.89,28.72,16.06,22.63,11.85,7.86,0.82,18.38,14.55
design_2560,1.28,2.93,1.52,2.81,1.09,5.59,1.73,3.03,14.5,7.88,0.89,13.42,8.59
design_2561,1.14,2.67,2.75,2.47,1.08,5.26,1.68,3.01,14.93,8.39,0.87,13.33,9.46
design_2562,1.42,2.94,1.43,2.98,1.08,5.58,1.78,3.06,14.77,8.09,0.88,19.42,11.64
design_2563,1.4,2.58,3.32,2.36,1.16,5.38,1.72,3.17,16.82,9.09,0.88,17.07,11.88
design_2564,1.28,2.91,1.88,2.9,1.06,5.73,1.78,3.13,16.77,8.99,0.88,19.72,12.5
design_2565,1.2,2.5,2.22,2.65,1.12,4.65,1.58,2.74,17.37,9.75,0.86,19.25,14.72
design_2566,1.18,2.73,1.36,2.28,1.03,5.24,1.54,2.78,10.98,6.59,0.87,10.16,5.93
design_2567,1.42,2.72,1.56,2.89,1.03,5.73,1.77,3.08,15.98,8.68,0.88,15.25,9.98
design_2568,9.3,21.9,13.75,27.0,14.62,26.09,15.68,20.63,9.55,6.82,0.82,27.03,17.28
design_2569,6.88,21.0,10.35,26.76,12.59,24.85,15.34,19.33,15.51,9.53,0.81,27.82,18.32
design_2570,6.71,21.43,10.03,26.8,13.3,25.05,15.35,19.48,11.96,7.98,0.81,26.83,17.9
design_2571,6.68,21.03,10.81,26.61,12.83,24.76,15.32,19.33,17.33,10.14,0.83,27.92,19.33
design_2572,7.84,19.09,9.49,26.29,11.7,24.85,15.17,18.88,15.23,9.47,0.81,15.45,14.52
design_2573,6.91,21.21,10.06,26.46,12.32,24.79,15.29,19.23,16.03,9.58,0.82,26.61,18.02
design_2574,9.94,22.36,13.96,27.11,14.88,25.79,15.69,20.7,5.93,5.37,0.83,26.69,16.61
design_2575,7.59,21.02,13.17,26.65,12.42,26.37,15.56,20.18,17.24,10.06,0.83,26.55,18.91
design_2576,1.4,2.22,1.94,2.34,1.51,2.66,1.38,2.09,17.29,9.51,0.86,30.42,25.13
design_2577,1.37,1.93,1.09,2.13,1.3,2.76,1.36,1.92,13.36,7.95,0.85,2.94,2.51
design_2578,1.56,2.51,1.73,2.32,1.7,2.61,1.42,2.14,16.98,9.57,0.87,9.3,7.91
design_2579,1.62,2.07,1.85,2.26,1.53,2.64,1.42,2.07,10.39,6.74,0.85,5.12,4.12
design_2580,1.45,2.08,1.74,2.13,1.45,2.7,1.37,2.02,13.74,8.16,0.86,4.53,3.31
design_2581,1.27,2.15,1.76,2.25,1.41,2.75,1.4,2.04,13.38,8.03,0.85,3.83,3.13
design_2582,1.67,2.33,1.76,2.27,1.41,3.26,1.48,2.27,11.48,7.19,0.85,5.31,4.06
design_2583,1.51,2.18,1.81,2.24,1.49,2.76,1.39,2.09,13.13,7.92,0.85,6.12,4.74
design_2584,1.77,2.02,1.19,1.89,0.94,7.38,2.01,4.01,14.94,8.92,0.84,6.51,6.69
design_2585,1.15,1.32,1.41,1.78,1.06,7.52,1.99,4.02,13.27,8.26,0.83,5.8,5.88
design_2586,1.24,1.58,3.61,1.83,1.06,7.48,2.09,4.25,15.83,9.2,0.85,15.61,12.54
design_2587,1.38,1.51,6.17,1.7,1.56,4.25,1.84,3.56,15.64,9.09,0.84,24.26,16.51
design_2588,1.18,1.45,1.88,1.75,1.15,7.25,1.94,3.93,14.09,8.49,0.84,10.53,9.32
design_2589,1.19,1.2,4.27,1.73,0.95,6.74,1.93,4.0,12.87,7.96,0.84,10.26,9.85
design_2590,1.11,1.55,1.16,1.79,1.31,7.56,2.02,4.05,14.61,8.76,0.84,9.86,6.7
design_2591,1.24,1.48,3.78,1.67,1.09,7.41,2.07,4.23,18.11,10.32,0.84,21.55,16.66
design_2592,1.65,2.23,2.79,3.12,1.2,3.47,1.74,2.67,11.98,7.41,0.84,8.52,5.96
design_2593,1.27,1.93,2.17,2.5,0.95,4.78,1.65,2.85,6.14,5.08,0.85,29.97,21.75
design_2594,1.43,2.15,1.89,2.6,1.18,4.24,1.62,2.65,13.56,8.12,0.85,9.17,7.59
design_2595,1.46,2.1,1.97,2.98,1.01,3.25,1.51,2.37,19.45,10.56,0.85,29.09,16.53
design_2596,1.41,2.13,2.02,3.04,1.0,3.62,1.62,2.51,11.01,7.01,0.84,4.89,4.47
design_2597,1.25,1.74,1.4,2.2,0.86,3.9,1.41,2.33,13.44,8.16,0.84,5.16,4.89
design_2598,1.46,2.4,2.26,2.89,1.03,3.41,1.61,2.5,15.31,8.9,0.84,7.15,5.13
design_2599,1.28,1.97,1.97,2.6,0.88,4.31,1.62,2.65,13.07,7.94,0.84,13.44,9.22
design_2600,1.06,1.89,2.01,2.06,1.32,0.83,1.23,1.67,15.32,8.34,0.88,21.25,17.25
design_2601,1.08,2.06,1.94,2.48,1.05,0.84,1.31,1.75,15.38,8.22,0.89,11.68,8.31
design_2602,0.85,1.65,1.89,2.09,1.32,0.73,1.13,1.58,15.28,8.23,0.89,7.39,5.78
design_2603,1.02,1.57,2.46,2.28,1.19,1.01,1.25,1.82,13.48,7.49,0.88,10.04,7.78
design_2604,1.2,2.23,1.76,2.6,1.15,0.99,1.33,1.79,15.86,8.41,0.89,30.4,21.33
design_2605,1.26,2.03,2.94,1.96,1.54,1.01,1.34,2.05,11.0,6.27,0.88,7.08,5.11
design_2606,1.27,2.19,2.53,2.37,1.61,0.79,1.39,2.0,17.33,9.13,0.89,13.25,9.75
design_2607,0.86,1.51,2.03,1.88,1.51,0.76,1.12,1.58,13.66,7.43,0.89,10.32,8.52
design_2608,1.17,1.47,2.17,1.87,0.9,0.99,1.04,1.59,12.8,7.16,0.88,6.99,5.45
design_2609,1.1,2.0,2.21,2.59,1.16,1.03,1.28,1.86,14.6,7.88,0.89,21.52,16.52
design_2610,1.16,2.03,1.84,2.36,1.17,1.01,1.24,1.71,14.67,7.94,0.88,29.99,24.41
design_2611,1.12,1.94,2.26,2.36,0.81,1.03,1.19,1.78,14.66,7.92,0.88,8.24,5.62
design_2612,0.99,1.54,1.06,1.88,0.81,0.8,0.99,1.25,15.64,8.41,0.88,20.56,14.4
design_2613,1.17,2.08,1.47,2.37,1.19,0.96,1.23,1.64,16.82,8.87,0.89,13.3,11.44
design_2614,1.23,2.16,2.1,2.5,0.87,1.03,1.26,1.82,13.57,7.49,0.88,16.33,12.41
design_2615,1.2,2.08,1.42,2.47,1.25,1.01,1.26,1.66,17.36,9.0,0.9,35.4,24.65
design_2616,1.75,2.7,1.21,2.67,1.62,1.71,1.5,2.02,16.86,9.19,0.88,21.66,15.84
design_2617,1.35,2.23,1.6,2.07,1.07,0.79,1.24,1.61,17.45,9.35,0.88,7.64,6.32
design_2618,1.18,2.34,2.67,2.15,1.18,0.97,1.23,1.89,17.67,9.53,0.88,25.47,21.19
design_2619,1.04,2.44,1.21,2.18,1.06,1.11,1.18,1.61,17.21,9.31,0.88,20.45,13.32
design_2620,1.03,1.85,2.93,2.12,1.1,1.02,1.23,1.85,16.2,9.01,0.88,23.78,19.63
design_2621,1.22,1.81,2.83,1.91,0.9,1.09,1.12,1.78,17.37,9.51,0.87,14.58,11.27
design_2622,1.09,2.24,2.41,2.17,1.36,0.97,1.24,1.82,16.14,8.86,0.87,21.97,18.01
design_2623,0.97,2.05,3.42,2.26,1.0,0.96,1.26,2.03,17.13,9.35,0.88,22.2,14.66
design_2624,0.98,1.79,1.02,1.68,1.29,2.1,1.1,1.58,15.21,8.83,0.86,4.19,3.7
design_2625,1.01,2.12,1.15,1.81,1.1,4.45,1.43,2.49,16.82,9.48,0.86,9.11,8.36
design_2626,0.88,1.83,0.98,1.77,1.15,5.33,1.5,2.81,14.03,8.12,0.86,6.71,6.02
design_2627,0.89,1.68,2.12,1.77,0.96,2.07,1.2,1.66,15.55,8.8,0.86,29.41,24.8
design_2628,1.0,1.8,1.14,1.74,0.98,3.79,1.28,2.17,14.37,8.45,0.85,7.16,5.34
design_2629,0.89,1.41,0.82,1.45,0.96,2.13,1.08,1.43,18.01,9.88,0.87,32.07,27.88
design_2630,0.92,2.06,1.1,1.89,1.19,5.15,1.51,2.78,16.19,9.15,0.86,8.63,8.27
design_2631,1.07,2.1,1.22,1.77,1.03,4.85,1.45,2.66,15.8,9.06,0.86,5.01,4.3
design_2632,1.55,3.31,3.09,1.96,1.33,0.9,1.41,2.19,16.37,8.62,0.89,30.68,23.89
design_2633,1.81,3.62,2.97,2.3,1.48,1.11,1.58,2.37,15.73,8.33,0.9,30.86,21.88
design_2634,1.73,3.98,1.07,2.55,1.6,1.33,1.61,2.31,16.72,8.98,0.88,29.3,23.65
design_2635,1.73,3.5,1.16,2.29,1.47,1.17,1.46,2.09,15.86,8.52,0.89,25.63,21.12
design_2636,1.82,3.35,2.75,2.49,1.44,1.19,1.56,2.31,16.1,8.54,0.9,30.17,24.85
design_2637,1.87,3.87,2.35,2.46,1.39,1.12,1.6,2.37,16.86,9.02,0.88,30.82,24.79
design_2638,1.84,3.32,2.75,2.55,1.57,1.41,1.64,2.34,16.61,8.95,0.88,8.98,8.48
design_2639,1.74,3.36,0.98,2.1,1.44,1.17,1.41,2.0,16.91,9.06,0.88,26.19,20.15
design_2640,1.11,2.27,2.64,1.92,1.18,1.31,1.34,1.93,19.6,10.34,0.86,29.01,22.92
design_2641,0.99,2.32,2.79,1.72,1.07,2.05,1.26,2.07,16.14,9.08,0.86,8.89,8.02
design_2642,1.35,2.45,2.42,1.86,1.14,1.24,1.29,1.89,17.61,9.65,0.86,32.11,21.46
design_2643,0.99,2.34,2.84,1.83,1.06,1.79,1.25,2.06,17.48,9.53,0.87,18.59,13.95
design_2644,1.75,3.12,3.13,2.11,1.62,1.38,1.59,2.38,12.29,7.57,0.84,17.68,12.02
design_2645,1.13,2.37,1.93,1.6,1.29,1.82,1.2,1.76,5.93,4.91,0.86,6.67,4.85
design_2646,1.03,2.51,2.26,1.97,1.14,1.93,1.25,1.94,16.44,9.0,0.87,13.72,8.79
design_2647,1.15,2.74,2.96,2.34,1.24,1.49,1.39,2.22,15.73,9.05,0.85,6.14,6.06
design_2648,1.43,1.66,1.84,2.91,2.58,2.83,1.38,2.25,3.78,3.63,0.88,6.27,4.66
design_2649,1.38,1.72,1.68,2.69,1.57,2.82,1.3,2.04,4.16,3.91,0.87,6.33,4.64
design_2650,1.67,2.01,3.6,2.29,1.41,2.25,1.45,2.48,12.96,7.6,0.85,8.92,6.86
design_2651,1.29,1.82,4.72,2.15,0.97,2.0,1.52,2.79,15.49,8.75,0.85,4.95,5.33
design_2652,1.34,1.53,3.12,2.33,1.55,2.44,1.35,2.27,4.84,4.37,0.86,5.02,4.19
design_2653,1.52,2.26,3.9,2.71,1.35,2.29,1.57,2.67,10.86,6.6,0.86,15.62,11.24
design_2654,1.45,1.8,1.55,2.87,2.51,3.01,1.4,2.23,3.81,3.66,0.88,6.01,4.65
design_2655,1.39,2.16,4.56,2.34,0.98,2.18,1.58,2.81,14.48,8.44,0.85,13.56,9.88
design_2656,1.38,1.85,1.49,1.75,1.36,2.68,1.22,1.81,14.01,7.96,0.86,12.04,8.65
design_2657,0.94,1.69,0.87,1.68,0.67,2.64,1.06,1.57,13.61,7.7,0.87,14.47,9.11
design_2658,0.85,1.39,3.84,1.67,1.34,1.68,1.22,2.12,9.12,6.0,0.85,4.1,4.11
design_2659,0.9,1.54,4.63,1.81,1.13,2.85,1.41,2.61,13.0,7.46,0.87,7.85,5.94
design_2660,1.22,1.69,1.49,1.82,1.2,3.17,1.22,1.9,14.12,8.04,0.87,11.3,6.11
design_2661,1.05,1.67,1.14,1.69,1.23,2.08,1.05,1.51,11.42,6.96,0.85,9.28,5.15
design_2662,1.01,1.42,4.53,1.79,1.03,2.83,1.39,2.56,13.03,7.37,0.88,8.21,6.47
design_2663,0.92,1.64,0.86,1.75,0.76,2.47,1.04,1.53,17.1,9.25,0.87,9.77,7.61
design_2664,1.01,1.5,1.06,2.17,1.18,4.09,1.36,2.32,14.92,8.82,0.84,7.93,4.72
design_2665,0.98,1.67,1.3,2.13,1.22,4.07,1.37,2.35,17.41,9.87,0.84,32.5,22.67
design_2666,0.96,1.66,1.04,2.08,1.12,4.2,1.4,2.36,15.64,9.02,0.85,6.26,4.84
design_2667,1.13,2.01,1.76,2.35,1.54,2.8,1.39,2.08,15.37,8.85,0.85,13.55,10.8
design_2668,1.09,1.41,1.16,1.98,1.05,3.39,1.24,2.02,16.06,9.31,0.84,22.18,16.46
design_2669,1.16,1.93,1.78,2.15,1.32,3.07,1.35,2.11,14.31,8.48,0.84,15.95,12.38
design_2670,1.03,1.83,1.74,2.13,1.05,3.47,1.38,2.2,16.5,9.42,0.84,34.47,24.06
design_2671,1.14,1.87,1.27,2.22,1.17,3.5,1.39,2.17,16.92,9.66,0.85,32.93,23.85
design_2672,1.15,3.03,0.89,2.17,1.15,0.99,1.19,1.78,16.13,8.76,0.88,24.09,17.91
design_2673,0.94,2.79,2.52,2.12,1.35,0.85,1.2,1.91,16.18,8.77,0.89,23.58,16.08
design_2674,0.82,3.06,1.07,1.95,1.25,1.06,1.16,1.73,16.49,8.92,0.89,23.17,16.99
design_2675,1.19,2.32,1.95,1.9,1.32,0.8,1.05,1.67,11.27,6.63,0.88,21.25,16.3
design_2676,0.93,2.05,1.71,2.51,1.07,1.22,1.26,1.7,15.55,8.41,0.89,16.74,12.36
design_2677,0.92,2.78,1.34,1.98,1.21,0.94,1.13,1.68,12.27,7.13,0.88,21.2,15.73
design_2678,1.19,2.2,2.1,2.14,1.18,1.18,1.2,1.74,15.56,8.45,0.88,27.29,20.72
design_2679,0.82,1.7,2.09,2.04,1.09,0.79,1.07,1.52,15.96,8.7,0.89,29.8,23.83
design_2680,1.03,2.1,1.05,1.81,1.23,1.14,1.07,1.46,15.14,8.47,0.87,25.41,20.4
design_2681,1.11,2.22,1.19,1.84,1.16,1.17,1.13,1.51,16.75,9.33,0.87,25.15,20.37
design_2682,1.23,2.57,1.48,2.08,1.25,1.26,1.25,1.72,17.07,9.44,0.87,20.49,15.98
design_2683,1.01,1.95,2.41,1.87,0.86,1.29,1.17,1.65,14.98,8.37,0.87,24.24,19.12
design_2684,1.36,2.3,1.07,2.12,1.11,1.13,1.22,1.61,17.72,9.56,0.87,30.29,17.95
design_2685,1.15,2.25,1.26,2.28,1.04,0.93,1.14,1.6,16.31,9.1,0.87,14.45,12.67
design_2686,1.47,2.27,0.81,2.32,1.2,1.18,1.29,1.66,16.95,9.24,0.88,19.1,15.31
design_2687,1.3,2.33,0.76,2.07,1.31,1.0,1.23,1.57,16.66,9.22,0.87,10.02,7.35
design_2688,0.77,1.89,3.55,1.74,1.51,4.99,1.71,3.25,16.63,9.52,0.84,27.14,21.19
design_2689,1.3,2.27,3.82,2.25,0.97,2.65,1.57,2.65,17.54,10.09,0.83,11.5,9.02
design_2690,0.84,1.85,3.89,2.05,1.69,4.4,1.7,3.16,17.37,9.66,0.85,29.51,22.37
design_2691,1.12,2.13,3.08,2.1,1.06,2.98,1.47,2.45,19.18,10.76,0.84,17.88,12.4
design_2692,1.05,2.01,3.23,2.07,0.97,4.83,1.72,3.12,16.74,9.83,0.82,30.5,23.07
design_2693,1.22,2.01,4.94,2.07,1.03,4.1,1.87,3.42,17.72,10.13,0.84,16.73,12.53
design_2694,0.9,1.61,1.26,2.07,0.79,2.73,1.13,1.82,14.08,8.65,0.82,30.64,22.51
design_2695,1.09,1.75,1.28,1.95,1.37,4.8,1.52,2.72,13.83,8.34,0.83,26.91,20.06
design_2696,1.16,2.09,1.3,2.41,0.75,1.2,1.19,1.59,14.68,8.14,0.87,13.48,8.68
design_2697,1.28,2.31,1.52,2.63,0.83,1.51,1.28,1.79,14.55,8.2,0.87,11.02,7.13
design_2698,1.22,1.59,2.23,2.26,0.98,1.18,1.22,1.7,5.89,4.68,0.86,3.64,2.51
design_2699,1.07,2.05,1.28,2.36,0.74,1.09,1.16,1.55,13.09,7.54,0.87,8.36,5.33
design_2700,1.35,2.0,4.48,2.39,0.81,0.97,1.46,2.48,15.89,8.73,0.88,10.18,6.72
design_2701,1.25,2.26,1.25,2.93,0.8,1.16,1.32,1.78,14.65,8.14,0.87,12.57,8.06
design_2702,1.19,1.74,3.9,2.34,1.11,0.83,1.29,2.23,13.56,7.79,0.86,8.41,6.79
design_2703,1.31,1.74,3.33,2.51,0.82,1.14,1.35,2.09,15.09,8.41,0.87,16.27,11.72
design_2704,1.6,3.15,2.24,2.16,1.54,3.65,1.48,2.62,17.26,9.95,0.83,28.93,21.96
design_2705,1.57,3.1,1.84,1.95,1.59,2.97,1.36,2.3,17.63,10.07,0.84,26.55,19.24
design_2706,1.51,3.02,2.88,1.92,1.37,2.95,1.45,2.5,17.86,10.2,0.84,27.4,20.25
design_2707,1.62,2.94,3.29,1.98,1.21,2.8,1.48,2.57,16.76,9.7,0.83,38.11,25.47
design_2708,1.54,3.14,2.94,2.04,1.27,2.89,1.5,2.52,17.34,9.98,0.83,29.81,22.7
design_2709,1.63,2.45,3.37,1.81,1.21,2.75,1.46,2.5,17.32,9.97,0.83,27.51,20.1
design_2710,1.57,2.87,2.04,1.91,1.28,3.31,1.37,2.38,17.29,9.93,0.84,29.08,22.0
design_2711,1.82,3.01,3.19,1.96,1.3,2.78,1.5,2.57,17.76,10.09,0.84,29.98,17.93
design_2712,1.14,2.54,3.59,1.84,1.13,1.93,1.49,2.43,16.47,9.26,0.85,30.8,20.93
design_2713,1.45,2.5,5.07,1.85,1.08,2.32,1.7,3.15,16.77,9.18,0.87,11.67,11.73
design_2714,1.3,1.85,2.32,1.68,1.16,2.52,1.25,1.95,7.05,5.11,0.86,3.78,2.9
design_2715,1.45,2.11,2.55,1.95,1.09,2.39,1.34,2.08,12.52,7.38,0.86,8.8,5.71
design_2716,1.59,2.53,4.04,2.01,1.08,1.75,1.56,2.66,15.86,8.93,0.86,8.89,7.01
design_2717,0.96,1.48,1.29,2.09,1.19,2.62,1.05,1.67,4.67,4.23,0.86,6.46,4.0
design_2718,1.09,2.2,5.98,1.68,1.07,1.67,1.78,3.45,16.32,9.0,0.87,9.81,8.71
design_2719,1.46,2.41,5.25,1.86,1.2,1.87,1.73,3.18,16.72,9.44,0.85,20.37,16.07
design_2720,0.9,2.01,3.15,2.52,1.42,2.81,1.5,2.45,15.29,8.74,0.85,32.88,23.65
design_2721,0.88,1.53,2.94,2.38,1.17,2.65,1.32,2.26,17.52,9.92,0.85,12.2,9.77
design_2722,0.98,1.52,1.87,2.29,1.36,2.6,1.28,1.92,16.92,9.52,0.85,13.01,9.74
design_2723,0.95,1.74,1.73,2.03,0.86,2.9,1.2,1.92,16.79,9.46,0.85,19.6,14.23
design_2724,0.96,1.51,3.72,2.18,1.4,2.54,1.46,2.51,14.29,8.34,0.85,18.43,13.91
design_2725,1.03,1.41,3.36,2.28,1.72,2.65,1.43,2.44,16.57,9.22,0.85,19.36,14.6
design_2726,0.94,1.53,2.07,2.24,0.86,2.4,1.23,1.88,12.9,7.4,0.87,6.84,4.75
design_2727,0.96,1.78,0.72,2.01,0.93,2.35,1.12,1.57,16.65,9.28,0.85,28.94,20.27
design_2728,2.23,2.62,2.03,2.48,1.6,1.17,1.38,2.11,14.15,7.86,0.87,29.66,22.27
design_2729,2.15,2.66,1.68,2.38,1.31,1.1,1.34,1.97,15.04,8.19,0.88,28.67,21.74
design_2730,2.09,2.69,2.07,2.55,1.07,1.23,1.38,2.08,11.78,6.75,0.87,30.17,22.69
design_2731,2.11,2.76,1.3,2.43,1.56,1.11,1.32,1.94,13.27,7.35,0.88,30.64,22.91
design_2732,2.29,2.63,2.02,2.35,1.46,1.07,1.36,2.07,13.0,7.29,0.88,28.57,21.58
design_2733,2.23,2.82,1.66,2.51,1.23,1.3,1.37,2.04,16.25,8.76,0.88,24.39,18.4
design_2734,1.97,2.83,3.7,2.33,1.53,1.13,1.52,2.6,14.84,8.32,0.86,29.48,22.27
design_2735,2.11,2.7,1.64,2.46,1.12,1.2,1.33,1.96,17.25,9.11,0.88,34.66,26.55
design_2736,1.13,1.9,1.66,2.46,0.63,5.14,1.52,2.69,4.66,4.13,0.87,8.64,5.64
design_2737,1.55,2.46,3.17,2.76,1.17,2.32,1.57,2.4,17.0,9.26,0.86,30.71,21.76
design_2738,1.04,2.07,2.8,2.37,1.02,4.97,1.57,2.84,8.42,5.89,0.84,6.4,4.3
design_2739,1.3,2.06,3.74,2.29,1.02,4.9,1.65,3.04,16.05,8.93,0.86,8.94,6.29
design_2740,1.35,2.01,1.59,2.82,0.75,5.44,1.62,2.88,4.39,3.9,0.87,8.15,5.42
design_2741,1.07,2.34,1.8,2.19,0.74,5.15,1.54,2.72,14.01,8.02,0.86,8.56,5.95
design_2742,1.05,2.08,1.74,2.37,0.63,5.22,1.51,2.73,8.91,5.82,0.85,11.35,7.04
design_2743,1.0,1.8,1.64,2.2,0.64,5.25,1.44,2.68,7.24,5.1,0.86,12.56,7.61
design_2744,0.55,1.56,1.29,2.18,1.06,2.38,1.16,1.72,16.53,9.24,0.86,19.92,16.34
design_2745,0.48,1.94,1.8,2.07,0.96,2.46,1.14,1.82,15.8,9.06,0.85,15.3,11.98
design_2746,1.02,2.41,1.26,2.25,1.12,2.23,1.21,1.87,16.71,9.36,0.86,6.89,6.17
design_2747,0.55,1.71,1.55,2.3,1.22,2.34,1.22,1.8,17.19,9.49,0.87,22.64,19.72
design_2748,0.7,1.96,0.96,2.43,1.13,2.18,1.25,1.76,17.47,9.6,0.87,29.75,24.12
design_2749,0.64,1.98,1.56,2.34,1.3,2.29,1.25,1.84,16.71,9.23,0.87,6.94,6.62
design_2750,1.01,2.53,1.36,2.55,0.99,2.18,1.33,1.94,14.17,8.29,0.86,30.93,25.2
design_2751,1.17,2.4,1.01,2.27,1.38,2.26,1.25,1.9,14.18,8.35,0.85,6.14,3.95
design_2752,0.86,2.46,1.02,1.64,0.83,4.45,1.42,2.62,10.46,7.04,0.84,23.67,18.32
design_2753,1.04,2.13,2.26,1.84,1.06,2.4,1.28,1.92,17.71,9.86,0.85,35.22,26.69
design_2754,0.98,2.55,0.56,1.94,1.06,7.53,2.01,4.09,16.69,9.47,0.85,30.53,22.82
design_2755,1.12,2.41,2.0,1.68,0.87,4.15,1.43,2.57,17.23,9.8,0.85,25.9,19.78
design_2756,1.16,2.66,1.96,1.73,1.09,3.04,1.36,2.19,13.3,8.1,0.84,25.94,19.81
design_2757,1.08,2.47,2.7,1.71,0.84,2.81,1.31,2.14,15.3,8.99,0.84,33.82,23.24
design_2758,1.07,2.53,0.78,1.75,1.11,7.44,1.98,4.04,16.8,9.56,0.85,14.51,11.65
design_2759,1.13,2.37,2.83,1.9,1.27,1.78,1.28,1.91,15.3,8.82,0.85,24.32,19.13
design_2760,7.07,17.98,9.8,26.26,10.99,23.52,14.74,17.78,17.53,9.81,0.85,26.75,20.49
design_2761,7.16,17.96,9.31,26.44,10.76,22.97,14.71,17.6,10.2,6.94,0.84,26.28,17.1
design_2762,6.82,19.55,9.7,26.69,11.71,22.07,14.76,17.76,13.93,8.4,0.84,26.86,22.29
design_2763,6.62,18.13,9.83,26.45,11.18,23.48,14.74,17.83,15.95,9.36,0.84,23.5,16.79
design_2764,7.0,18.28,10.05,26.51,11.13,23.74,14.78,17.97,15.48,9.01,0.84,19.54,15.14
design_2765,7.64,17.17,8.59,25.7,10.25,22.82,14.6,17.19,13.75,8.51,0.83,24.92,15.4
design_2766,7.33,18.76,9.97,26.7,11.4,23.2,14.82,17.98,16.62,9.69,0.84,20.26,14.31
design_2767,6.88,17.77,9.19,25.99,10.97,23.11,14.67,17.49,9.64,6.7,0.83,22.4,16.43
design_2768,1.36,2.43,3.34,3.17,0.93,1.1,1.5,2.37,17.08,9.03,0.89,35.11,24.4
design_2769,1.26,2.39,3.72,2.86,0.74,1.06,1.45,2.39,16.73,8.91,0.89,22.64,15.31
design_2770,1.12,2.7,3.23,2.9,1.14,1.07,1.48,2.31,15.19,8.44,0.87,21.79,16.1
design_2771,1.34,2.41,3.59,2.33,0.9,0.83,1.37,2.25,13.37,7.46,0.88,11.37,8.97
design_2772,1.22,2.27,3.37,2.88,0.75,1.09,1.43,2.26,16.42,8.69,0.89,13.7,8.09
design_2773,1.14,2.01,3.67,2.4,1.35,0.79,1.34,2.24,12.13,6.87,0.88,10.14,8.2
design_2774,1.34,2.41,3.63,2.88,0.94,1.04,1.5,2.38,17.1,9.05,0.89,18.03,12.9
design_2775,1.25,2.32,3.81,3.13,1.23,0.98,1.52,2.49,15.36,8.23,0.89,19.31,13.64
design_2776,0.94,2.09,1.64,1.98,1.56,1.35,1.1,1.63,14.78,8.33,0.86,30.1,22.86
design_2777,0.95,2.34,2.26,1.82,0.98,1.1,1.1,1.72,14.26,7.97,0.87,20.77,15.55
design_2778,0.94,2.12,2.49,2.41,1.25,1.46,1.22,1.93,12.66,7.3,0.87,30.3,23.41
design_2779,1.12,2.15,1.62,1.82,0.84,1.26,1.06,1.54,11.34,6.97,0.86,30.82,24.28
design_2780,0.8,1.83,2.75,2.27,0.84,1.37,1.1,1.88,15.34,8.47,0.88,32.23,24.96
design_2781,0.79,2.3,2.45,2.3,1.29,1.37,1.17,1.9,12.51,7.33,0.86,33.42,24.42
design_2782,1.06,2.05,3.24,2.28,1.31,1.58,1.33,2.15,14.84,8.17,0.88,30.38,23.08
design_2783,0.87,2.62,1.63,2.06,1.46,1.28,1.18,1.73,16.61,9.19,0.86,26.71,19.38
design_2784,1.2,1.35,2.19,1.79,0.99,3.3,1.39,2.21,13.68,8.25,0.84,22.51,16.28
design_2785,1.18,1.73,1.83,1.85,1.03,3.61,1.41,2.29,15.16,8.99,0.83,29.46,21.43
design_2786,1.0,1.68,2.14,1.74,1.29,4.43,1.55,2.67,14.49,8.4,0.85,28.21,20.83
design_2787,1.22,2.0,1.77,1.91,1.28,4.72,1.65,2.79,16.39,9.5,0.83,27.36,19.7
design_2788,1.1,1.41,1.81,1.48,1.03,4.53,1.45,2.61,7.21,5.84,0.83,7.34,5.75
design_2789,0.88,1.84,1.92,1.76,1.38,3.67,1.43,2.33,12.03,7.58,0.84,7.42,5.58
design_2790,1.52,1.58,0.81,1.63,1.05,4.27,1.4,2.43,7.12,5.82,0.83,3.91,3.26
design_2791,0.94,1.54,1.99,1.5,0.95,3.97,1.33,2.4,6.51,5.42,0.84,6.39,4.85
design_2792,2.04,2.28,4.19,1.9,1.58,3.29,1.66,3.0,13.85,8.21,0.85,5.4,3.36
design_2793,2.51,2.47,4.37,1.6,0.86,4.42,1.82,3.41,17.07,9.96,0.83,33.96,22.97
design_2794,1.98,2.27,4.35,2.03,2.08,2.79,1.62,2.97,16.23,9.22,0.85,28.49,20.51
design_2795,2.73,2.59,2.18,1.91,0.76,3.25,1.52,2.48,5.72,5.03,0.85,3.76,2.64
design_2796,2.68,2.76,2.65,1.85,0.89,4.17,1.7,2.92,15.52,9.2,0.83,32.22,23.67
design_2797,2.64,2.81,2.89,1.84,0.87,3.32,1.6,2.69,15.5,9.17,0.83,32.0,20.91
design_2798,2.01,2.02,4.28,1.67,0.87,5.07,1.81,3.53,17.84,10.09,0.85,30.12,23.75
design_2799,2.28,2.39,4.93,1.39,0.84,3.22,1.72,3.22,18.51,10.39,0.84,28.14,22.61
design_2800,1.24,1.85,1.4,1.8,1.19,3.88,1.41,2.36,17.7,9.95,0.85,19.39,13.52
design_2801,1.0,1.98,1.93,1.79,0.95,2.46,1.23,1.87,17.5,9.77,0.86,14.34,11.74
design_2802,1.06,1.66,1.85,1.71,1.04,2.27,1.21,1.75,17.55,9.84,0.85,20.32,14.2
design_2803,1.38,1.88,0.96,1.8,1.21,2.72,1.29,1.86,17.25,9.71,0.85,13.36,10.09
design_2804,1.2,1.76,0.96,1.69,1.15,3.23,1.29,2.01,17.82,10.01,0.86,30.18,22.5
design_2805,1.24,1.95,1.3,1.83,1.07,3.37,1.35,2.14,18.08,10.14,0.85,32.71,22.18
design_2806,1.13,1.69,1.34,1.67,1.16,3.58,1.32,2.18,17.68,9.95,0.85,27.22,19.55
design_2807,1.25,1.73,1.82,1.75,1.02,2.91,1.31,2.0,17.78,10.0,0.85,20.5,17.01
design_2808,1.4,1.91,1.37,1.84,1.03,2.17,1.21,1.7,15.81,9.13,0.85,11.33,9.21
design_2809,1.3,1.66,1.27,1.79,1.8,2.52,1.19,1.82,15.73,9.12,0.85,13.23,11.53
design_2810,1.03,1.51,1.26,1.5,0.85,4.3,1.28,2.31,15.48,9.04,0.85,12.01,7.6
design_2811,1.37,1.79,1.72,2.19,1.46,2.14,1.28,1.83,12.93,7.78,0.85,4.71,3.34
design_2812,1.29,1.88,2.02,1.78,0.93,2.95,1.28,2.02,17.13,9.71,0.85,20.93,13.22
design_2813,1.21,1.85,1.37,1.69,1.0,1.93,1.15,1.57,17.51,9.87,0.85,16.61,10.5
design_2814,1.4,1.68,1.7,1.78,1.57,2.65,1.2,1.91,15.88,9.18,0.85,15.38,11.18
design_2815,1.41,1.47,1.98,1.59,1.72,3.09,1.23,2.07,17.06,9.64,0.85,17.31,12.06
design_2816,1.23,2.2,2.51,1.68,1.25,7.13,2.07,3.95,12.23,7.8,0.82,7.4,5.68
design_2817,1.45,3.0,3.13,2.01,1.64,4.46,1.86,3.1,12.65,7.97,0.83,5.24,5.65
design_2818,1.27,2.81,3.5,2.05,1.14,5.43,1.98,3.5,15.45,9.05,0.84,9.1,7.63
design_2819,1.25,2.48,2.53,1.9,1.54,5.46,1.85,3.28,12.35,7.85,0.83,6.76,5.98
design_2820,1.45,2.2,3.29,1.47,0.87,5.91,1.89,3.56,14.22,8.54,0.83,11.71,8.21
design_2821,1.35,2.34,4.8,1.68,1.08,3.13,1.74,3.1,17.32,10.05,0.82,10.46,9.2
design_2822,1.18,1.87,3.0,1.67,1.3,4.97,1.7,3.09,9.27,6.58,0.83,14.32,10.52
design_2823,1.26,2.19,4.92,1.67,1.32,4.52,1.89,3.54,11.18,7.22,0.84,31.52,23.33
design_2824,1.02,1.56,7.17,2.14,0.77,6.54,2.47,4.89,16.72,9.68,0.83,33.63,23.19
design_2825,1.2,1.37,4.33,1.96,0.8,3.18,1.61,2.86,15.72,9.18,0.83,32.03,21.49
design_2826,1.2,1.81,1.73,2.13,1.29,4.32,1.52,2.51,16.96,9.72,0.83,7.1,5.6
design_2827,1.25,1.76,3.29,2.15,0.78,3.21,1.52,2.53,13.28,8.27,0.82,29.84,20.8
design_2828,1.41,1.92,1.86,2.63,1.55,2.64,1.5,2.1,16.15,9.25,0.84,17.55,12.48
design_2829,1.36,1.82,4.84,2.7,1.13,2.96,1.83,3.14,18.55,10.24,0.86,20.47,15.48
design_2830,1.01,1.59,1.07,1.64,0.58,3.55,1.22,1.98,17.6,10.01,0.84,33.37,23.35
design_2831,1.52,1.69,5.93,2.56,1.5,2.98,2.07,3.6,9.18,6.25,0.84,26.22,18.37
design_2832,7.88,18.89,10.96,26.56,10.64,20.53,14.5,16.97,15.24,8.72,0.85,23.58,15.96
design_2833,8.99,21.0,10.13,27.14,12.07,21.41,14.72,17.75,15.6,9.02,0.84,21.21,15.77
design_2834,8.66,20.32,9.37,26.9,11.38,21.08,14.6,17.32,16.55,9.32,0.85,24.27,19.84
design_2835,8.86,20.99,12.07,27.37,11.91,21.54,14.81,18.07,15.71,8.95,0.85,25.12,17.09
design_2836,8.74,20.36,11.99,27.21,11.95,21.26,14.74,17.85,16.56,9.25,0.86,21.8,16.42
design_2837,8.66,20.11,12.08,27.1,11.49,21.09,14.72,17.72,7.81,5.57,0.85,31.35,22.35
design_2838,7.94,19.0,11.55,26.48,10.88,20.55,14.53,17.08,15.1,8.66,0.85,24.25,16.11
design_2839,8.53,20.18,11.82,27.19,11.55,21.1,14.67,17.71,16.69,9.2,0.86,21.04,15.15
design_2840,1.2,1.81,1.36,2.23,0.63,2.91,1.28,1.83,14.47,8.32,0.86,7.83,4.33
design_2841,1.62,1.76,3.69,1.92,1.02,1.87,1.36,2.31,17.13,9.46,0.87,13.92,8.88
design_2842,1.12,1.74,2.96,2.38,0.77,2.76,1.45,2.21,18.77,9.95,0.87,33.03,22.37
design_2843,1.43,1.83,4.09,1.98,0.88,1.79,1.45,2.44,17.83,9.74,0.87,18.38,11.69
design_2844,1.79,2.19,1.41,2.48,0.84,2.53,1.43,1.95,15.41,8.85,0.85,30.01,21.94
design_2845,1.13,1.44,2.3,2.57,1.46,2.56,1.3,2.04,5.0,4.47,0.86,8.21,4.97
design_2846,1.41,1.52,3.77,1.88,1.14,1.95,1.36,2.31,17.57,9.63,0.87,30.97,23.35
design_2847,1.35,1.48,4.64,1.97,1.24,1.86,1.49,2.65,16.17,9.01,0.87,7.99,6.74
design_2848,1.29,2.35,1.77,1.64,1.47,5.15,1.56,2.95,16.41,9.22,0.85,17.35,11.28
design_2849,1.01,2.21,1.97,1.63,1.26,5.31,1.54,2.99,16.33,9.2,0.86,13.61,10.92
design_2850,1.05,2.22,1.66,1.68,1.28,2.2,1.13,1.78,15.68,8.98,0.86,16.72,13.35
design_2851,1.17,2.2,1.29,1.7,1.33,5.86,1.61,3.21,17.04,9.3,0.87,18.57,14.54
design_2852,1.2,2.13,1.68,1.67,1.47,5.2,1.48,2.94,15.89,9.06,0.86,21.54,16.59
design_2853,1.42,2.32,1.33,1.89,1.21,2.4,1.27,1.89,16.74,9.28,0.87,24.29,18.49
design_2854,1.38,2.06,1.29,1.75,1.38,2.39,1.18,1.83,16.02,9.04,0.86,16.75,13.43
design_2855,1.25,2.3,1.91,1.61,1.21,4.98,1.48,2.86,16.1,9.13,0.85,19.19,14.18
design_2856,1.36,1.74,2.41,2.6,0.82,5.56,1.67,2.98,16.69,8.85,0.89,12.92,8.35
design_2857,0.95,1.17,1.45,2.39,1.24,5.01,1.45,2.57,5.15,4.56,0.85,6.3,4.15
design_2858,1.2,1.57,1.51,2.34,0.74,5.37,1.53,2.72,14.96,8.36,0.87,15.79,9.86
design_2859,1.34,1.75,1.03,2.46,0.76,5.44,1.56,2.74,16.83,9.04,0.88,10.2,8.27
design_2860,1.35,2.04,1.93,2.66,0.9,5.63,1.66,2.97,14.0,7.92,0.87,12.89,8.61
design_2861,1.14,1.07,2.48,2.26,0.75,5.33,1.54,2.8,15.83,8.45,0.89,15.0,10.5
design_2862,1.31,1.72,2.63,2.81,1.03,4.98,1.62,2.86,15.96,8.86,0.86,15.92,10.35
design_2863,1.28,1.32,4.85,2.12,0.94,4.74,1.66,3.24,15.05,8.61,0.86,6.22,5.18
design_2864,1.46,2.09,1.55,2.67,1.33,4.95,1.72,2.84,16.93,9.39,0.86,21.62,15.72
design_2865,1.3,1.96,4.64,1.86,1.01,3.81,1.73,3.18,18.47,10.46,0.84,27.77,20.95
design_2866,1.19,2.55,3.32,2.58,1.49,1.91,1.56,2.42,18.73,9.96,0.88,39.14,29.45
design_2867,1.31,2.14,3.49,1.9,1.02,2.91,1.49,2.54,17.87,10.16,0.84,32.89,23.55
design_2868,1.27,2.18,4.77,2.16,1.39,1.8,1.69,2.88,15.36,8.65,0.86,25.75,18.31
design_2869,1.26,1.93,3.5,2.04,0.97,3.45,1.57,2.68,16.96,9.75,0.83,23.98,14.72
design_2870,1.44,2.19,4.54,2.83,1.48,2.13,1.79,2.93,17.95,9.51,0.88,15.08,10.92
design_2871,1.33,2.13,2.94,2.09,1.23,3.64,1.56,2.6,17.84,10.07,0.85,8.75,7.77
design_2872,0.97,1.72,1.36,1.52,1.26,8.46,2.17,4.53,11.92,7.26,0.85,23.04,17.98
design_2873,0.97,1.97,0.91,1.46,1.18,8.35,2.15,4.46,17.08,9.6,0.86,27.63,22.03
design_2874,0.96,1.73,1.35,1.66,1.34,8.63,2.21,4.62,16.19,9.27,0.85,25.75,20.2
design_2875,1.02,2.32,1.51,1.63,1.15,9.46,2.47,5.07,18.03,10.05,0.86,23.75,18.9
design_2876,1.06,1.88,1.57,1.56,1.07,8.94,2.31,4.78,17.17,9.62,0.85,26.22,20.04
design_2877,1.01,2.18,1.1,1.51,1.37,8.61,2.24,4.62,16.54,9.06,0.87,28.63,22.14
design_2878,0.86,1.77,1.62,2.13,1.16,8.78,2.27,4.73,17.57,9.89,0.86,25.32,20.01
design_2879,0.97,1.97,1.76,1.7,1.31,8.97,2.33,4.82,17.16,9.66,0.86,21.23,16.53
design_2880,1.12,2.9,2.06,1.65,1.35,1.89,1.16,1.89,16.46,9.19,0.86,15.74,9.84
design_2881,1.01,2.85,0.9,1.86,1.75,1.97,1.21,1.85,14.92,8.51,0.86,7.3,5.44
design_2882,1.04,2.96,1.32,1.81,1.78,2.08,1.23,1.93,13.85,8.06,0.86,8.9,6.57
design_2883,0.88,2.27,1.34,1.38,0.79,2.67,1.11,1.72,16.64,9.18,0.86,20.55,16.63
design_2884,1.21,2.66,2.38,1.66,1.4,1.88,1.16,1.9,16.64,9.31,0.85,27.28,21.0
design_2885,1.1,2.83,1.3,1.68,1.32,1.81,1.12,1.76,16.9,9.38,0.86,13.51,9.58
design_2886,1.17,2.72,2.22,1.67,1.43,1.99,1.18,1.91,16.02,8.94,0.86,9.15,5.81
design_2887,0.9,2.42,2.24,1.38,0.75,1.14,1.02,1.55,16.89,9.28,0.87,14.74,13.6
design_2888,1.39,2.34,3.01,3.03,1.83,1.23,1.53,2.3,16.98,8.91,0.89,17.33,12.29
design_2889,1.71,2.46,2.86,2.63,1.63,1.47,1.45,2.23,16.16,8.71,0.89,15.8,12.87
design_2890,1.36,1.87,2.91,2.81,0.97,1.3,1.37,2.07,15.34,8.21,0.89,17.59,13.43
design_2891,1.78,2.56,2.52,2.9,1.48,1.38,1.52,2.22,16.67,8.94,0.89,10.89,9.45
design_2892,1.53,2.29,2.44,2.61,1.17,1.44,1.36,2.02,15.81,8.5,0.89,13.83,10.68
design_2893,1.69,2.46,2.41,2.86,1.16,1.21,1.43,2.11,16.37,8.68,0.89,11.7,9.18
design_2894,1.55,2.08,2.97,2.72,1.22,1.43,1.38,2.15,16.28,8.76,0.89,21.21,17.7
design_2895,1.58,2.66,1.78,3.4,1.29,1.2,1.53,2.18,15.41,8.29,0.89,10.66,7.87
design_2896,1.22,2.07,2.31,2.43,1.28,1.85,1.28,1.95,14.9,8.59,0.85,17.75,14.37
design_2897,1.24,2.59,1.81,2.82,1.44,1.95,1.45,2.03,13.42,7.95,0.85,6.61,4.89
design_2898,1.2,2.3,2.53,2.51,1.32,1.8,1.38,2.05,14.59,8.48,0.85,13.46,11.25
design_2899,1.14,2.21,2.21,2.61,1.28,2.06,1.34,2.02,13.64,8.11,0.85,8.58,6.64
design_2900,1.17,2.43,1.63,2.49,1.3,2.06,1.34,1.9,13.09,7.86,0.85,15.97,10.99
design_2901,1.19,2.64,1.91,2.66,1.32,1.98,1.42,2.02,15.33,8.76,0.86,10.82,8.72
design_2902,1.33,2.5,2.91,2.69,1.4,1.88,1.49,2.25,9.5,6.23,0.85,10.8,8.94
design_2903,1.36,2.74,1.89,2.85,1.37,1.77,1.52,2.05,14.98,8.59,0.86,22.63,16.31
design_2904,1.2,2.29,5.29,2.07,1.72,1.64,1.67,3.03,14.56,7.97,0.88,9.33,8.37
design_2905,1.3,2.33,3.42,2.27,1.37,2.01,1.49,2.36,13.12,7.71,0.85,18.88,14.13
design_2906,1.16,2.18,5.16,1.71,0.83,1.46,1.54,2.85,15.02,8.63,0.85,6.11,5.51
design_2907,1.22,2.3,4.77,2.0,1.18,1.58,1.56,2.76,14.48,8.21,0.86,10.74,9.37
design_2908,1.55,2.51,2.52,2.19,1.18,3.66,1.49,2.5,15.26,8.79,0.85,27.71,20.35
design_2909,1.12,2.06,5.21,1.78,0.88,2.5,1.58,3.01,15.94,9.15,0.85,9.82,8.58
design_2910,1.36,2.53,2.49,2.46,0.8,3.15,1.47,2.35,15.99,9.0,0.84,23.73,17.75
design_2911,1.43,2.2,3.47,1.95,1.24,1.67,1.38,2.27,12.87,7.63,0.85,7.44,5.93
design_2912,7.93,20.75,11.5,26.31,11.27,24.88,15.01,18.86,13.95,8.56,0.83,21.87,15.46
design_2913,8.26,22.07,13.9,27.06,12.68,25.04,15.26,19.72,13.52,8.51,0.83,28.62,19.23
design_2914,8.71,23.03,12.26,27.13,13.27,23.63,15.18,19.36,16.05,9.34,0.83,26.71,17.24
design_2915,9.72,23.98,13.25,27.22,13.92,23.92,15.29,19.87,5.06,4.54,0.85,27.56,17.69
design_2916,8.2,21.79,13.28,26.78,12.57,24.84,15.18,19.46,11.63,7.51,0.83,28.2,18.71
design_2917,8.6,22.56,12.56,27.0,13.22,23.47,15.14,19.24,15.85,9.2,0.84,26.73,17.55
design_2918,8.25,22.03,13.46,26.9,12.55,24.79,15.21,19.54,13.71,8.39,0.82,26.36,17.4
design_2919,8.86,23.02,13.65,27.3,14.26,24.26,15.28,19.85,12.92,7.83,0.84,27.56,17.71
design_2920,1.32,1.72,1.47,2.84,1.24,1.61,1.29,1.78,16.91,8.95,0.89,13.34,11.06
design_2921,1.26,1.61,1.44,2.75,1.24,1.92,1.29,1.77,16.15,8.64,0.89,8.87,6.47
design_2922,1.32,1.89,1.3,2.97,1.31,2.06,1.42,1.88,15.15,8.16,0.89,9.48,6.99
design_2923,1.25,1.87,1.39,3.04,1.15,1.49,1.33,1.81,15.59,8.44,0.88,32.06,23.14
design_2924,1.17,1.64,1.3,2.76,1.33,1.52,1.27,1.69,15.05,8.26,0.88,7.04,5.87
design_2925,1.26,1.93,1.3,3.06,1.27,1.87,1.37,1.87,13.21,7.41,0.88,4.95,4.62
design_2926,1.25,1.78,1.31,2.9,1.2,1.73,1.31,1.78,15.94,8.65,0.88,32.46,24.59
design_2927,1.3,1.85,1.18,3.01,1.0,1.84,1.33,1.8,16.95,8.99,0.89,29.86,21.56
design_2928,1.34,2.32,1.85,2.4,1.49,4.77,1.57,2.76,5.69,4.73,0.86,7.52,4.71
design_2929,0.98,1.95,1.23,2.34,0.86,5.01,1.48,2.66,13.51,7.99,0.85,12.18,6.94
design_2930,0.99,2.28,2.14,2.49,1.11,4.77,1.61,2.76,5.01,4.35,0.86,2.51,2.87
design_2931,1.0,1.48,3.73,2.29,0.91,5.37,1.67,3.19,14.51,8.27,0.86,15.27,11.11
design_2932,1.41,2.59,1.92,2.73,1.84,5.01,1.72,2.96,5.4,4.52,0.86,4.59,3.63
design_2933,0.89,2.11,2.36,2.48,1.65,5.08,1.61,2.91,6.98,5.21,0.85,3.79,3.23
design_2934,1.45,2.61,1.88,2.71,1.77,5.23,1.75,3.03,6.09,4.9,0.86,2.98,3.24
design_2935,1.09,1.72,5.16,2.65,1.53,5.22,1.89,3.61,5.96,4.66,0.86,9.81,7.92
design_2936,0.71,0.84,0.53,1.53,0.66,6.49,1.71,3.47,16.97,9.76,0.85,12.4,8.8
design_2937,0.74,1.22,3.11,1.49,1.18,8.14,2.21,4.53,16.91,9.67,0.84,23.7,17.47
design_2938,0.72,1.33,3.42,1.37,0.96,8.51,2.29,4.74,14.97,8.69,0.85,25.62,18.21
design_2939,1.23,1.62,1.53,1.59,0.91,4.5,1.5,2.64,18.17,10.17,0.85,32.19,20.89
design_2940,0.81,1.09,1.1,2.07,0.69,5.85,1.66,3.23,16.47,9.54,0.84,13.25,9.58
design_2941,0.84,0.77,6.31,1.56,1.12,8.38,2.51,5.21,12.4,7.79,0.84,20.17,15.41
design_2942,0.63,0.86,1.6,1.47,0.81,5.21,1.48,2.89,11.76,7.59,0.83,17.88,12.6
design_2943,0.9,1.32,1.74,1.57,0.95,5.65,1.66,3.17,18.56,10.36,0.85,27.13,19.43
design_2944,0.87,1.66,1.7,1.82,1.36,7.1,1.93,3.82,15.83,9.05,0.84,17.35,10.98
design_2945,0.76,1.5,0.92,1.85,1.45,7.14,1.9,3.8,15.28,8.83,0.85,12.94,7.25
design_2946,0.89,1.7,1.36,1.89,1.49,6.92,1.86,3.73,16.53,9.44,0.85,16.79,11.33
design_2947,1.27,1.3,0.66,1.5,1.15,6.47,1.72,3.44,14.54,8.55,0.84,10.46,9.83
design_2948,0.74,1.77,1.86,1.92,1.65,7.6,2.03,4.1,16.05,9.09,0.85,12.87,10.87
design_2949,0.75,1.46,1.71,1.89,1.51,7.36,1.98,3.94,15.94,9.11,0.85,11.01,7.77
design_2950,0.77,1.66,1.63,1.95,1.14,7.01,1.88,3.77,14.63,8.66,0.84,29.81,22.71
design_2951,0.69,1.47,3.95,1.56,1.16,4.29,1.46,2.8,15.99,9.25,0.84,11.99,7.79
design_2952,1.07,2.14,3.87,1.75,0.83,5.78,1.75,3.47,13.59,8.3,0.84,27.36,21.01
design_2953,1.25,2.55,0.68,2.04,1.04,6.48,1.83,3.58,14.86,8.76,0.85,29.53,22.96
design_2954,1.23,2.35,1.17,2.12,0.76,5.93,1.74,3.32,18.1,10.1,0.85,27.73,19.06
design_2955,1.17,2.55,1.03,1.91,1.27,8.04,2.1,4.32,9.62,6.2,0.85,24.99,19.31
design_2956,1.41,2.74,2.19,2.44,0.92,2.63,1.51,2.21,17.86,9.91,0.86,11.61,11.73
design_2957,1.24,2.52,1.62,2.04,0.84,7.84,2.11,4.24,15.2,8.6,0.87,14.31,11.86
design_2958,1.31,3.05,1.47,2.26,1.09,7.05,2.04,3.95,16.3,9.28,0.84,31.86,22.77
design_2959,1.21,2.87,1.66,2.48,1.06,7.99,2.17,4.39,16.42,9.11,0.87,28.08,21.58
design_2960,1.33,2.32,4.19,1.75,1.21,5.55,1.82,3.51,15.72,9.08,0.85,7.01,6.77
design_2961,1.5,2.09,4.16,1.75,1.31,4.8,1.7,3.22,14.64,8.74,0.84,5.3,5.32
design_2962,1.6,2.37,3.53,1.94,1.08,4.4,1.64,2.97,13.0,7.94,0.84,30.17,24.04
design_2963,1.19,2.46,1.83,2.23,1.16,8.41,2.2,4.46,16.87,9.55,0.86,22.26,18.09
design_2964,1.36,2.02,3.86,1.35,0.83,3.47,1.42,2.61,15.55,9.11,0.83,22.79,13.78
design_2965,1.3,2.15,3.83,1.82,1.21,2.68,1.42,2.44,13.22,8.04,0.84,10.08,8.61
design_2966,1.23,2.2,0.68,1.6,1.31,8.08,2.08,4.19,14.28,8.31,0.85,8.8,6.03
design_2967,1.48,2.47,0.68,1.85,1.56,8.0,2.1,4.21,18.43,10.14,0.86,9.2,8.32
design_2968,1.23,1.15,1.29,1.94,1.37,5.22,1.68,3.0,16.42,9.51,0.84,10.9,7.63
design_2969,1.35,1.19,0.93,1.94,1.3,6.04,1.85,3.39,17.15,9.84,0.84,13.38,8.0
design_2970,1.24,0.98,1.54,2.0,1.26,4.66,1.62,2.75,18.81,10.52,0.85,27.5,21.61
design_2971,1.48,1.16,1.12,2.07,1.19,5.62,1.82,3.2,17.28,9.77,0.84,6.66,4.04
design_2972,1.23,1.12,1.02,1.97,1.12,5.11,1.64,2.92,16.33,9.48,0.84,15.73,11.01
design_2973,1.3,1.12,1.23,2.05,1.34,5.38,1.79,3.09,18.03,10.09,0.85,16.28,13.04
design_2974,1.18,1.0,1.33,2.07,1.3,5.14,1.66,2.97,17.03,9.76,0.84,17.39,13.23
design_2975,1.06,0.81,5.94,1.97,1.0,9.37,2.74,5.59,16.31,9.49,0.83,29.33,22.36
design_2976,1.38,1.83,0.94,2.02,1.75,2.61,1.29,1.89,6.58,5.14,0.84,2.42,2.36
design_2977,1.16,1.9,1.09,2.04,1.23,2.73,1.25,1.87,11.74,7.43,0.84,3.33,2.43
design_2978,1.65,1.94,2.14,2.34,1.04,2.38,1.36,2.01,15.47,8.98,0.84,30.56,22.49
design_2979,1.31,2.32,2.33,2.38,1.3,2.5,1.37,2.11,13.42,8.09,0.84,4.4,3.76
design_2980,1.44,1.92,2.33,2.14,1.32,1.96,1.31,1.89,12.86,7.76,0.85,4.52,4.84
design_2981,1.17,2.18,2.73,1.92,0.86,2.69,1.33,2.08,16.46,9.3,0.86,3.21,3.95
design_2982,1.81,2.32,1.79,2.15,1.25,2.13,1.38,1.96,17.98,9.78,0.86,31.74,26.7
design_2983,1.07,1.79,4.55,1.9,1.23,1.58,1.33,2.25,10.46,6.87,0.85,3.4,3.13
design_2984,1.55,3.26,2.29,3.17,1.1,1.61,1.5,2.28,16.04,8.78,0.86,29.78,20.76
design_2985,1.55,3.29,2.42,3.37,1.1,1.89,1.56,2.4,17.91,9.5,0.87,26.9,20.56
design_2986,1.18,3.07,2.51,2.89,1.24,2.23,1.49,2.31,13.87,8.11,0.85,13.53,11.26
design_2987,1.36,3.44,5.46,3.2,1.52,2.35,1.87,3.33,12.27,7.66,0.84,23.86,17.26
design_2988,1.63,3.31,2.26,3.43,1.26,1.98,1.62,2.42,16.78,9.29,0.87,19.67,12.77
design_2989,1.7,3.81,2.23,3.56,1.41,1.82,1.74,2.53,17.46,9.63,0.86,29.52,22.26
design_2990,1.28,3.05,1.36,2.67,1.2,2.58,1.39,2.14,14.87,8.59,0.85,13.46,9.97
design_2991,1.36,3.37,2.52,3.05,1.36,2.13,1.57,2.41,17.78,9.67,0.87,39.96,29.77
design_2992,2.06,2.93,2.58,2.68,2.55,1.61,1.64,2.47,14.08,7.62,0.89,16.04,11.77
design_2993,1.58,2.17,1.31,2.63,1.66,1.06,1.27,1.82,15.61,8.39,0.89,20.42,15.27
design_2994,1.41,1.76,2.91,2.36,1.56,1.05,1.28,2.05,16.27,8.74,0.89,10.92,7.77
design_2995,1.45,2.24,1.25,2.58,1.47,1.09,1.25,1.77,16.76,8.92,0.88,19.33,13.25
design_2996,1.29,2.25,0.97,2.49,1.4,0.93,1.22,1.66,15.29,8.35,0.88,12.13,8.2
design_2997,1.36,1.62,3.42,2.0,1.07,0.92,1.22,2.08,14.77,8.06,0.89,10.08,8.03
design_2998,1.2,1.82,3.46,2.45,0.81,0.92,1.34,2.17,15.89,8.54,0.88,14.8,9.6
design_2999,1.32,2.35,1.54,2.26,1.42,1.19,1.21,1.75,16.31,8.78,0.88,22.1,15.94
design_3000,1.41,2.64,3.94,2.04,1.68,2.97,1.44,2.76,5.32,4.34,0.86,26.98,20.86
design_3001,2.0,3.8,2.7,2.28,2.06,2.13,1.56,2.56,16.48,9.27,0.86,25.83,19.31
design_3002,1.56,2.91,3.92,1.97,1.62,2.69,1.44,2.74,7.23,5.12,0.86,26.9,20.62
design_3003,1.96,3.57,3.65,2.39,1.71,1.75,1.59,2.73,16.04,9.04,0.86,31.46,23.73
design_3004,1.99,3.57,3.67,2.57,1.61,1.89,1.59,2.78,15.13,8.62,0.86,30.31,23.13
design_3005,2.22,3.5,3.46,2.13,1.45,1.89,1.53,2.65,15.96,8.9,0.86,26.97,19.81
design_3006,2.08,3.36,4.23,2.16,1.43,1.55,1.6,2.85,16.05,9.08,0.85,28.3,20.84
design_3007,1.7,3.1,4.0,2.51,1.43,2.67,1.53,2.86,7.26,5.07,0.86,26.47,20.14
design_3008,1.12,1.39,1.93,2.05,1.17,3.48,1.34,2.27,14.64,8.79,0.83,8.15,6.65
design_3009,1.06,1.46,1.93,1.93,1.02,4.42,1.46,2.64,15.75,9.3,0.83,7.5,5.3
design_3010,1.25,1.87,1.7,1.92,1.03,2.69,1.31,1.95,8.01,5.97,0.84,5.77,3.66
design_3011,1.15,1.52,2.4,1.6,0.92,3.81,1.42,2.44,7.86,5.89,0.84,7.51,5.09
design_3012,1.32,1.89,1.41,1.85,1.1,3.51,1.42,2.22,19.27,10.71,0.84,34.83,23.94
design_3013,1.4,1.94,1.85,1.67,0.99,3.3,1.36,2.2,18.04,10.2,0.85,21.74,14.29
design_3014,1.12,1.57,1.43,1.62,1.91,2.86,1.23,1.97,16.66,9.54,0.84,25.09,17.24
design_3015,0.91,1.68,2.21,1.73,1.45,3.77,1.4,2.43,13.97,8.43,0.83,6.48,5.25
design_3016,8.72,20.43,8.73,26.8,12.09,21.5,14.74,17.6,13.11,7.86,0.85,21.27,13.34
design_3017,7.86,19.3,7.84,26.1,11.15,20.28,14.51,16.72,16.24,9.2,0.86,24.06,13.61
design_3018,8.2,19.67,9.48,26.61,11.88,21.43,14.66,17.44,14.26,8.29,0.85,22.58,13.5
design_3019,6.86,20.14,7.62,26.64,12.03,20.95,14.61,17.14,12.45,7.69,0.84,25.14,14.62
design_3020,8.58,20.23,10.68,26.67,13.23,21.93,14.81,17.96,4.75,4.03,0.87,22.43,14.83
design_3021,8.16,19.62,8.75,26.47,11.63,21.2,14.63,17.24,15.45,8.76,0.86,25.11,16.49
design_3022,8.23,19.62,9.55,26.65,12.01,21.78,14.69,17.55,14.03,8.06,0.86,22.29,12.7
design_3023,7.71,18.54,7.31,26.05,10.95,20.46,14.45,16.55,11.4,6.97,0.85,25.54,16.93
design_3024,2.6,2.81,2.24,2.98,1.25,1.41,1.58,2.34,17.79,9.55,0.88,37.55,29.6
design_3025,2.35,2.87,1.87,2.76,1.2,1.29,1.5,2.18,16.24,8.8,0.88,29.68,25.45
design_3026,2.53,2.66,2.11,2.84,1.43,1.16,1.5,2.24,17.44,9.47,0.87,29.72,22.59
design_3027,2.1,2.24,2.49,2.52,1.09,1.41,1.43,2.06,15.13,8.33,0.88,18.03,13.72
design_3028,2.49,2.54,2.11,3.03,1.25,1.31,1.53,2.25,15.84,8.6,0.88,20.06,14.49
design_3029,2.26,3.17,1.64,2.54,1.17,1.37,1.49,2.16,11.15,6.79,0.86,15.56,11.42
design_3030,2.52,2.83,2.1,2.9,1.28,1.54,1.59,2.3,16.36,8.8,0.88,27.2,21.29
design_3031,2.18,2.68,1.94,2.59,1.39,1.31,1.48,2.1,13.41,7.7,0.87,18.24,14.35
design_3032,1.36,2.17,1.7,2.38,1.46,9.38,2.52,5.15,11.99,7.62,0.83,26.02,17.03
design_3033,1.08,1.65,3.14,2.15,0.94,7.54,2.11,4.27,16.22,9.44,0.84,12.26,8.86
design_3034,1.08,2.12,2.64,2.5,1.36,9.72,2.6,5.36,17.39,9.65,0.87,16.19,13.6
design_3035,0.91,1.75,2.44,2.53,1.21,9.58,2.54,5.25,15.54,8.81,0.86,5.78,6.7
design_3036,1.01,2.25,2.35,2.31,1.14,9.31,2.49,5.12,18.35,10.19,0.86,14.65,11.78
design_3037,1.18,1.96,2.49,2.47,1.39,9.72,2.6,5.35,16.16,9.16,0.86,14.97,9.96
design_3038,1.06,2.19,2.86,2.37,1.09,6.81,1.99,3.96,17.95,10.21,0.85,14.29,11.14
design_3039,1.63,2.06,3.29,2.22,1.15,6.2,1.95,3.73,13.4,8.2,0.83,12.97,8.8
design_3040,1.46,1.78,2.19,1.85,0.87,4.71,1.56,2.85,10.54,7.04,0.83,4.3,4.23
design_3041,1.07,1.5,2.03,1.92,1.26,6.99,1.95,3.9,9.02,6.49,0.83,7.68,6.22
design_3042,1.51,1.73,2.26,2.11,1.13,4.37,1.54,2.75,12.31,7.73,0.84,4.11,4.0
design_3043,1.39,1.78,2.31,2.01,1.47,5.1,1.65,3.08,10.75,7.11,0.83,3.78,4.06
design_3044,1.36,1.58,2.28,2.36,1.1,5.06,1.65,3.06,10.63,7.09,0.83,4.15,4.33
design_3045,1.56,1.58,2.22,1.96,1.52,4.91,1.6,2.98,10.3,6.94,0.84,3.06,3.68
design_3046,0.92,1.66,1.18,1.87,0.94,6.66,1.82,3.67,10.21,6.97,0.83,3.97,3.77
design_3047,1.53,1.62,1.84,2.06,1.1,7.71,2.11,4.27,17.83,10.13,0.84,19.24,16.74
design_3048,1.01,1.74,1.54,1.73,0.96,9.04,2.36,4.96,14.73,8.85,0.83,29.92,23.2
design_3049,0.98,1.82,1.55,1.66,0.81,9.11,2.37,4.99,15.85,9.15,0.85,28.38,22.2
design_3050,1.12,2.22,1.78,1.68,1.04,9.5,2.53,5.23,13.97,8.35,0.85,35.35,27.57
design_3051,1.06,1.94,1.71,1.66,0.87,9.1,2.39,5.0,17.64,9.99,0.85,28.25,21.74
design_3052,1.08,1.97,1.61,1.58,0.85,9.3,2.43,5.1,17.0,9.65,0.85,29.09,23.67
design_3053,1.08,2.05,1.68,1.52,1.0,9.26,2.44,5.09,18.53,10.3,0.86,31.64,27.3
design_3054,0.98,1.84,1.51,1.61,0.84,8.96,2.34,4.91,16.0,9.22,0.85,26.62,20.72
design_3055,1.04,1.99,1.67,2.18,0.83,9.68,2.54,5.33,17.5,9.84,0.86,30.18,24.82
design_3056,0.94,1.82,1.46,1.87,0.67,2.06,1.03,1.58,14.52,8.53,0.85,29.41,22.64
design_3057,0.98,1.6,0.82,1.8,0.77,2.23,0.96,1.49,10.43,6.77,0.84,10.98,8.24
design_3058,1.16,1.55,2.33,2.11,1.18,2.25,1.2,1.9,13.58,8.11,0.85,24.49,18.71
design_3059,1.19,1.85,1.22,2.37,0.84,2.2,1.17,1.72,14.25,8.36,0.85,20.13,14.25
design_3060,1.1,1.9,1.5,2.27,0.6,1.75,1.12,1.62,15.28,8.58,0.85,27.56,20.19
design_3061,0.87,1.64,1.42,2.05,0.76,2.47,1.05,1.7,15.66,8.98,0.86,20.04,14.72
design_3062,0.93,1.91,1.66,2.21,0.9,1.72,1.08,1.64,18.13,9.82,0.85,25.58,17.5
design_3063,0.96,1.69,1.68,2.2,1.59,2.55,1.13,1.88,15.56,8.82,0.86,23.16,17.67
design_3064,1.47,2.22,2.02,1.7,0.97,2.23,1.19,1.84,14.84,8.31,0.87,7.77,5.09
design_3065,1.55,2.25,2.27,1.89,1.11,2.43,1.26,2.0,15.73,8.63,0.87,8.88,7.45
design_3066,1.47,2.29,2.24,1.88,1.15,2.11,1.25,1.93,15.48,8.6,0.86,13.47,9.96
design_3067,1.67,1.79,2.06,2.78,1.34,2.36,1.2,2.07,4.39,3.97,0.87,17.02,10.37
design_3068,1.67,2.19,2.21,1.95,1.23,2.21,1.24,1.97,15.53,8.65,0.86,28.78,20.73
design_3069,1.37,2.23,2.26,1.97,1.41,2.78,1.29,2.08,13.94,7.89,0.86,11.18,8.73
design_3070,1.55,2.14,2.13,1.92,1.28,2.83,1.28,2.05,16.23,8.95,0.87,26.77,18.09
design_3071,1.37,2.3,2.17,1.75,1.12,2.27,1.23,1.91,15.06,8.44,0.86,16.33,12.41
design_3072,1.44,2.31,1.25,2.19,1.46,2.17,1.28,1.9,16.89,9.59,0.86,11.78,9.68
design_3073,1.87,2.87,1.74,2.72,1.04,5.9,1.88,3.47,15.5,8.35,0.88,25.03,19.81
design_3074,1.58,2.42,1.04,2.27,1.12,2.35,1.31,1.96,18.19,10.16,0.85,29.09,23.54
design_3075,1.26,2.11,0.86,1.98,0.9,5.26,1.49,2.92,16.06,9.3,0.85,23.8,18.36
design_3076,1.6,2.7,1.64,2.35,1.14,5.95,1.79,3.41,15.98,8.78,0.88,22.8,17.87
design_3077,1.25,2.43,1.24,2.05,0.95,4.82,1.51,2.8,17.88,10.05,0.85,25.72,19.84
design_3078,1.52,2.57,1.51,2.25,0.95,5.61,1.7,3.21,17.27,9.53,0.87,23.41,18.73
design_3079,1.4,2.35,1.48,2.11,0.91,5.71,1.66,3.2,17.43,9.61,0.86,29.36,22.38
design_3080,1.29,2.64,0.87,1.74,0.9,5.24,1.45,2.76,15.33,8.52,0.87,31.87,24.52
design_3081,1.21,3.07,1.08,1.83,1.0,5.2,1.51,2.83,16.92,8.88,0.9,11.31,12.64
design_3082,1.44,3.14,2.77,2.02,1.11,5.27,1.64,3.07,16.53,8.87,0.88,26.3,20.89
design_3083,1.18,2.87,1.71,1.93,1.13,5.29,1.53,2.89,16.69,8.98,0.88,28.14,21.2
design_3084,1.25,3.29,2.8,1.96,1.22,5.3,1.65,3.1,16.29,8.66,0.89,26.5,19.93
design_3085,0.85,2.91,2.33,1.91,1.38,5.28,1.58,2.95,16.32,8.93,0.88,30.23,23.72
design_3086,1.2,2.92,1.69,1.81,1.0,5.1,1.49,2.81,16.48,8.92,0.88,21.56,17.86
design_3087,1.43,2.67,1.63,1.77,1.01,4.61,1.4,2.6,15.78,8.9,0.87,32.12,24.9
design_3088,1.33,1.82,4.07,1.57,0.84,2.07,1.39,2.5,16.13,9.08,0.85,4.75,4.82
design_3089,1.21,2.03,4.06,1.78,1.24,1.96,1.45,2.54,14.98,8.53,0.86,16.15,12.93
design_3090,1.69,1.81,3.96,1.63,1.08,2.44,1.47,2.56,16.78,9.15,0.87,16.83,11.16
design_3091,1.54,1.9,3.96,1.63,0.91,2.29,1.44,2.53,15.4,8.54,0.86,11.1,7.54
design_3092,1.38,2.43,3.46,1.78,1.01,1.67,1.46,2.31,17.88,9.62,0.87,24.03,17.24
design_3093,1.44,2.06,3.79,1.8,0.98,2.07,1.46,2.45,13.65,8.0,0.85,14.37,11.98
design_3094,1.6,2.05,3.96,1.65,0.95,2.09,1.44,2.52,16.97,9.22,0.87,6.33,5.34
design_3095,1.53,2.11,3.85,1.8,1.26,2.26,1.5,2.53,17.13,9.5,0.86,11.56,7.78
design_3096,1.67,2.53,1.79,2.27,1.3,1.52,1.39,1.89,17.19,9.3,0.88,27.38,20.25
design_3097,1.95,2.75,2.72,2.6,1.5,1.81,1.64,2.3,15.19,8.3,0.88,10.94,7.82
design_3098,1.75,2.46,1.31,2.44,1.09,1.23,1.37,1.8,14.84,8.2,0.88,13.0,7.53
design_3099,1.56,2.43,1.28,2.33,1.12,1.78,1.35,1.8,14.71,8.21,0.87,9.87,8.32
design_3100,1.72,2.5,1.85,2.35,1.12,1.47,1.42,1.9,16.5,8.95,0.88,16.33,10.65
design_3101,1.5,2.19,1.47,2.39,0.99,1.55,1.31,1.75,13.89,7.69,0.88,10.68,8.83
design_3102,1.79,2.53,1.47,2.8,1.13,1.62,1.44,1.98,15.95,8.65,0.88,13.03,9.92
design_3103,1.58,2.31,1.22,2.02,0.87,1.21,1.26,1.61,15.11,8.2,0.88,6.72,4.06
design_3104,1.33,1.7,1.07,1.87,1.13,0.96,1.11,1.39,15.08,8.03,0.9,22.86,17.6
design_3105,1.24,1.95,1.13,1.96,1.24,1.0,1.14,1.47,15.86,8.41,0.9,29.84,24.95
design_3106,1.48,2.04,1.19,2.07,1.06,1.04,1.21,1.55,16.92,9.04,0.88,20.22,14.46
design_3107,1.78,2.07,0.84,2.24,1.24,1.09,1.3,1.63,16.7,8.82,0.89,32.23,23.72
design_3108,1.63,1.96,0.95,2.1,1.06,1.09,1.2,1.54,16.58,8.76,0.89,13.85,9.85
design_3109,2.02,2.34,0.89,2.51,1.25,1.23,1.44,1.82,17.15,8.93,0.9,32.51,23.37
design_3110,1.15,1.53,1.2,1.68,1.01,0.91,1.04,1.29,14.1,7.66,0.89,24.7,20.16
design_3111,1.53,1.86,0.98,1.68,0.95,0.88,1.09,1.38,16.42,8.61,0.9,24.69,16.15
design_3112,0.91,1.99,2.22,1.84,1.22,6.95,2.06,3.97,11.47,7.55,0.82,4.53,4.97
design_3113,1.06,1.81,2.24,1.87,1.49,6.77,2.02,3.89,9.2,6.63,0.83,3.58,4.34
design_3114,1.1,1.61,2.72,2.22,1.12,6.76,2.05,3.93,10.55,7.14,0.83,4.22,4.59
design_3115,1.04,1.91,2.62,1.84,1.48,6.92,2.06,4.01,7.72,5.94,0.83,3.76,4.57
design_3116,1.07,1.83,2.31,1.89,1.35,5.65,1.83,3.35,12.89,8.12,0.82,5.63,4.89
design_3117,1.09,2.17,1.71,1.86,1.27,6.67,2.01,3.82,9.23,6.53,0.83,4.19,4.58
design_3118,1.16,1.88,2.45,1.89,1.39,7.01,2.11,4.03,6.95,5.6,0.83,3.42,4.41
design_3119,0.86,1.46,1.44,1.92,0.99,7.84,2.19,4.33,10.35,7.1,0.82,3.02,4.25
design_3120,0.96,1.68,1.5,2.31,0.95,5.39,1.55,2.86,7.75,5.48,0.85,5.6,4.07
design_3121,1.27,2.27,1.29,2.21,1.19,5.37,1.59,2.91,16.42,8.96,0.88,7.82,7.25
design_3122,0.65,1.64,3.43,2.44,1.13,5.73,1.72,3.26,15.62,8.74,0.86,13.66,8.23
design_3123,1.21,2.09,1.08,2.26,1.13,5.66,1.61,2.99,13.27,7.64,0.87,13.32,7.59
design_3124,0.83,1.99,1.05,2.23,1.18,5.64,1.59,2.95,16.32,9.02,0.87,8.62,6.04
design_3125,1.15,2.06,1.3,2.45,1.27,5.59,1.6,3.01,14.15,8.05,0.87,7.01,4.59
design_3126,1.38,2.36,1.44,2.31,1.15,5.2,1.59,2.89,14.89,8.34,0.87,14.86,9.39
design_3127,0.78,1.82,1.08,2.08,1.12,2.47,1.16,1.73,16.7,9.44,0.86,7.6,5.24
design_3128,1.49,2.08,2.78,1.91,1.14,6.5,1.89,3.78,9.23,6.52,0.83,3.45,3.7
design_3129,1.66,2.49,2.04,2.41,1.36,8.02,2.25,4.54,15.05,8.78,0.85,13.73,10.58
design_3130,1.51,2.19,3.34,1.92,0.99,3.71,1.47,2.65,14.05,8.64,0.83,5.42,4.68
design_3131,1.35,2.63,1.28,2.11,1.15,8.02,2.23,4.46,14.07,8.41,0.84,15.94,10.95
design_3132,1.46,3.01,1.8,2.61,1.45,7.82,2.26,4.48,16.71,9.54,0.84,36.16,26.45
design_3133,1.57,2.51,1.33,2.34,1.52,7.66,2.21,4.32,5.56,4.78,0.85,5.92,5.46
design_3134,1.33,2.53,1.97,2.25,0.93,7.86,2.17,4.41,16.82,9.5,0.85,15.74,12.17
design_3135,1.6,2.47,1.41,2.2,1.52,7.76,2.18,4.36,14.67,8.66,0.85,15.65,11.81
design_3136,0.9,1.44,1.18,2.23,1.08,3.87,1.39,2.27,15.02,8.91,0.84,6.34,5.32
design_3137,0.93,1.7,0.67,1.96,0.91,4.0,1.39,2.26,16.41,9.45,0.85,34.55,24.49
design_3138,1.1,1.96,5.2,2.28,1.31,8.48,2.45,4.92,15.46,8.7,0.86,15.48,10.36
design_3139,1.0,1.43,0.92,1.83,0.62,4.36,1.36,2.39,12.39,7.81,0.83,4.31,3.33
design_3140,1.07,1.9,0.59,2.05,0.74,4.41,1.49,2.46,15.8,9.17,0.85,12.39,9.85
design_3141,1.06,1.59,0.68,1.76,0.68,4.93,1.44,2.63,17.28,9.84,0.85,9.08,8.18
design_3142,0.79,1.41,0.61,1.77,0.61,4.91,1.43,2.59,16.74,9.66,0.85,15.54,11.11
design_3143,0.9,1.74,0.66,1.78,1.07,4.52,1.42,2.48,16.83,9.68,0.85,18.95,11.1
design_3144,2.04,3.5,1.89,2.46,1.67,2.47,1.49,2.36,18.71,10.33,0.86,30.75,23.95
design_3145,2.23,3.5,2.9,2.66,1.53,2.35,1.62,2.61,17.66,9.67,0.86,19.21,10.17
design_3146,1.82,3.41,1.81,2.43,1.46,2.54,1.44,2.29,7.64,5.63,0.85,33.27,23.74
design_3147,1.99,3.41,1.52,2.45,1.74,2.57,1.45,2.3,12.74,7.67,0.85,27.41,18.3
design_3148,1.73,3.41,1.48,2.22,1.61,2.38,1.38,2.16,17.89,10.02,0.85,32.26,23.5
design_3149,2.07,3.63,2.73,2.43,1.67,2.54,1.58,2.59,18.57,10.24,0.86,32.23,24.76
design_3150,2.02,3.68,2.77,2.51,1.73,2.47,1.6,2.6,18.27,10.12,0.86,27.94,21.6
design_3151,2.05,3.59,2.76,2.81,1.47,2.5,1.63,2.62,18.52,10.12,0.87,25.77,19.12
design_3152,1.16,1.81,1.91,2.16,1.18,2.39,1.25,1.85,12.63,7.39,0.86,6.23,4.34
design_3153,1.11,2.03,1.76,2.21,0.87,2.31,1.22,1.81,13.48,7.9,0.86,4.44,3.32
design_3154,1.1,1.61,1.69,2.2,1.07,2.64,1.19,1.82,5.09,4.46,0.86,5.19,3.42
design_3155,1.08,2.0,2.3,2.17,0.83,2.14,1.25,1.89,12.19,7.29,0.86,4.8,4.11
design_3156,1.16,1.98,1.97,2.09,1.07,2.62,1.22,1.91,16.37,8.98,0.87,20.96,13.93
design_3157,1.21,2.04,2.12,2.32,1.21,2.66,1.29,2.02,16.48,9.12,0.86,23.06,17.68
design_3158,1.23,2.02,2.11,2.16,0.95,2.33,1.26,1.9,9.15,5.98,0.86,3.36,2.93
design_3159,1.01,1.65,3.66,1.96,0.91,1.74,1.25,2.21,13.04,7.68,0.86,5.98,5.01
design_3160,0.94,2.01,1.28,1.74,0.64,2.01,1.02,1.55,15.2,8.86,0.84,25.37,18.39
design_3161,0.89,1.52,0.55,1.61,0.67,1.74,0.84,1.25,12.14,7.55,0.84,11.92,8.13
design_3162,1.02,2.06,2.42,2.05,1.61,2.36,1.26,2.05,13.81,7.98,0.86,23.99,18.03
design_3163,1.09,2.17,1.26,1.9,1.18,1.68,1.1,1.57,15.26,8.85,0.85,24.06,17.35
design_3164,1.06,1.95,2.57,1.98,1.24,2.44,1.25,2.06,15.07,8.53,0.86,25.35,19.31
design_3165,0.86,1.65,1.29,1.59,1.01,2.02,0.95,1.49,13.69,8.19,0.84,23.43,17.68
design_3166,1.0,2.19,1.47,1.89,0.77,1.83,1.09,1.61,13.19,7.94,0.84,26.46,19.56
design_3167,1.14,2.28,2.02,1.93,0.87,1.85,1.18,1.79,16.38,9.36,0.85,29.53,23.48
design_3168,1.64,1.51,1.29,2.78,0.95,0.93,1.2,1.67,13.49,7.5,0.88,13.39,10.4
design_3169,1.35,1.68,1.31,2.63,1.26,0.86,1.15,1.63,14.06,7.78,0.88,7.8,6.75
design_3170,1.81,1.62,1.43,2.45,1.35,1.04,1.19,1.7,12.6,7.17,0.87,32.96,24.48
design_3171,1.69,1.35,1.59,2.42,1.64,0.94,1.14,1.7,12.73,7.24,0.87,12.25,10.04
design_3172,1.35,1.55,1.58,2.23,1.1,0.82,1.07,1.54,12.98,7.25,0.88,23.76,15.75
design_3173,1.57,1.48,1.41,2.48,1.56,0.86,1.16,1.66,14.31,7.77,0.89,16.22,12.35
design_3174,1.43,1.89,1.13,2.52,0.88,1.02,1.18,1.59,15.05,8.13,0.89,26.65,19.84
design_3175,1.44,2.0,1.3,2.77,1.06,1.17,1.32,1.74,16.21,8.67,0.89,32.89,23.49
design_3176,1.03,2.04,1.32,2.4,0.85,6.23,1.71,3.27,5.84,4.83,0.85,6.31,4.98
design_3177,1.36,1.69,2.37,2.11,0.71,5.81,1.64,3.17,4.63,4.32,0.86,7.31,5.34
design_3178,1.25,2.41,1.93,2.16,0.94,7.18,1.94,3.75,10.23,6.32,0.86,11.25,7.0
design_3179,1.65,2.57,2.91,2.44,0.82,8.13,2.22,4.32,14.96,8.05,0.89,15.42,9.93
design_3180,1.41,2.19,3.09,2.33,0.86,7.57,2.13,4.07,5.13,4.12,0.87,10.03,6.7
design_3181,1.45,2.29,2.55,2.3,0.68,7.91,2.11,4.14,9.15,5.7,0.87,10.06,6.57
design_3182,1.32,2.5,2.26,2.25,0.82,6.86,1.9,3.67,15.7,8.95,0.84,21.02,13.23
design_3183,1.41,2.2,2.66,2.39,0.79,6.19,1.82,3.44,17.32,9.66,0.86,31.27,23.71
design_3184,7.8,19.84,9.11,25.3,10.31,19.41,14.23,15.84,13.28,7.75,0.85,28.35,16.28
design_3185,7.87,19.39,7.93,24.99,10.24,19.29,14.16,15.48,15.6,9.0,0.84,27.26,18.25
design_3186,8.2,21.24,11.76,25.85,11.57,20.02,14.55,16.93,14.15,8.17,0.85,29.06,20.31
design_3187,7.86,19.49,8.08,25.28,10.13,19.5,14.21,15.62,13.0,7.94,0.84,27.38,18.31
design_3188,8.08,20.94,10.21,25.8,11.54,20.01,14.45,16.57,14.84,8.55,0.84,26.89,19.2
design_3189,8.14,20.85,10.48,25.83,11.55,20.13,14.47,16.63,12.82,7.88,0.83,27.42,19.27
design_3190,8.04,20.53,11.62,25.94,11.88,20.05,14.52,16.82,12.56,7.61,0.84,27.23,20.66
design_3191,8.02,20.52,9.38,25.6,11.13,19.76,14.36,16.22,15.52,8.92,0.84,26.97,17.88
design_3192,1.27,2.51,0.87,1.81,1.35,8.05,2.16,4.36,17.23,9.52,0.87,32.08,25.11
design_3193,1.14,2.4,1.94,1.54,1.16,6.85,1.92,3.79,15.68,9.13,0.85,31.98,24.16
design_3194,0.93,1.99,0.8,1.53,0.88,5.93,1.65,3.24,12.8,7.9,0.84,23.99,18.66
design_3195,1.08,2.54,0.83,1.67,1.1,7.6,2.08,4.12,15.86,8.98,0.86,23.88,18.18
design_3196,1.07,2.52,0.99,1.73,0.95,7.34,2.02,3.99,13.48,7.92,0.86,23.42,17.88
design_3197,1.02,2.46,0.88,2.06,1.07,7.46,2.05,4.07,15.62,8.89,0.86,23.49,17.91
design_3198,1.16,2.7,1.06,2.36,1.05,7.59,2.11,4.19,15.75,8.86,0.87,22.48,17.27
design_3199,1.14,2.39,1.06,1.51,1.01,7.09,1.93,3.85,16.08,9.26,0.85,23.46,18.0
design_3200,1.54,2.46,2.81,1.99,1.44,1.19,1.32,1.95,15.47,8.38,0.89,33.04,27.27
design_3201,1.53,2.34,2.79,1.9,1.32,1.18,1.24,1.89,15.27,8.32,0.89,32.54,26.79
design_3202,1.18,1.89,2.74,2.21,1.1,1.12,1.12,1.78,11.93,6.97,0.88,32.37,26.92
design_3203,1.49,2.44,2.83,2.39,1.45,1.19,1.26,2.03,16.22,8.71,0.89,32.1,26.29
design_3204,1.51,2.41,1.81,1.86,1.35,1.18,1.26,1.73,13.34,7.69,0.87,33.37,27.31
design_3205,1.47,2.36,2.83,1.84,1.36,1.25,1.24,1.89,16.34,8.77,0.89,31.86,26.16
design_3206,1.83,2.54,2.85,2.05,1.45,1.2,1.41,2.04,16.24,8.83,0.88,32.83,24.31
design_3207,1.5,2.25,2.89,1.88,1.23,1.29,1.29,1.89,15.52,8.38,0.89,30.8,24.14
design_3208,0.88,1.08,2.43,1.81,0.92,2.51,1.15,1.88,12.38,7.41,0.86,19.97,14.53
design_3209,0.72,1.22,2.05,1.81,1.21,2.43,1.12,1.78,9.78,6.37,0.85,18.63,13.32
design_3210,0.72,1.13,2.11,1.67,1.08,2.19,1.01,1.68,12.16,7.54,0.84,19.48,13.81
design_3211,0.73,1.3,1.98,1.71,0.81,2.13,1.0,1.63,17.9,9.92,0.86,30.15,21.54
design_3212,0.73,1.28,1.65,1.96,0.64,1.92,1.02,1.52,10.96,7.03,0.84,20.88,15.24
design_3213,0.56,1.33,2.05,1.77,1.16,2.19,1.06,1.7,16.69,9.37,0.86,22.93,16.08
design_3214,0.65,1.01,2.24,1.82,0.7,2.26,1.05,1.72,9.33,6.29,0.84,19.38,13.16
design_3215,0.83,0.99,1.64,1.58,0.86,2.27,0.93,1.55,12.57,7.67,0.84,8.23,5.3
design_3216,7.95,18.35,10.63,26.42,10.73,24.68,15.01,18.53,15.55,9.38,0.83,26.31,16.48
design_3217,8.45,20.36,8.81,26.91,12.16,23.37,15.01,18.41,14.61,8.94,0.82,26.06,15.95
design_3218,8.27,19.72,8.02,26.64,11.34,22.93,14.89,17.97,15.5,9.38,0.82,26.99,15.64
design_3219,8.35,19.89,8.74,26.76,11.65,22.92,14.92,18.12,16.93,9.65,0.85,26.88,16.26
design_3220,8.01,18.7,7.55,26.52,11.26,22.72,14.82,17.68,9.33,6.66,0.82,23.52,16.07
design_3221,7.75,17.35,9.01,26.07,10.41,24.77,14.88,18.15,15.86,9.49,0.83,17.58,16.96
design_3222,7.89,18.35,10.04,26.42,10.67,24.3,14.97,18.33,12.96,8.42,0.82,27.24,16.98
design_3223,8.54,19.52,7.87,26.6,11.06,22.74,14.86,17.86,17.3,9.97,0.83,23.31,13.98
design_3224,1.05,2.85,3.56,2.36,1.06,2.52,1.58,2.55,14.41,8.08,0.87,33.97,25.11
design_3225,1.38,2.99,3.66,2.4,1.1,2.33,1.66,2.61,12.52,7.31,0.86,7.65,5.45
design_3226,1.07,2.53,3.83,2.11,1.22,2.53,1.54,2.58,7.54,5.25,0.86,28.12,20.41
design_3227,1.25,2.47,1.81,2.16,0.97,2.12,1.36,1.87,15.0,8.63,0.85,31.36,23.46
design_3228,1.33,2.71,3.63,2.18,1.0,2.54,1.55,2.55,11.5,6.88,0.86,3.72,3.68
design_3229,1.09,2.87,3.75,2.13,1.05,2.49,1.59,2.59,12.95,7.46,0.87,4.41,4.06
design_3230,1.22,2.71,3.84,2.21,1.03,2.41,1.61,2.6,15.52,8.53,0.87,35.75,26.41
design_3231,1.38,2.93,3.7,2.41,0.96,2.42,1.64,2.62,8.15,5.55,0.86,4.39,4.19
design_3232,1.4,2.0,1.07,2.47,1.61,3.08,1.52,2.19,17.05,9.56,0.86,28.6,24.35
design_3233,1.53,1.96,1.22,2.66,1.76,3.44,1.59,2.39,17.87,9.93,0.85,31.83,24.24
design_3234,1.2,1.78,1.06,2.37,1.46,3.03,1.48,2.09,16.49,9.31,0.86,9.13,7.65
design_3235,1.36,2.25,1.5,2.63,1.81,2.98,1.64,2.27,17.93,9.91,0.87,27.05,22.63
design_3236,1.23,2.48,1.11,2.24,1.47,3.72,1.54,2.42,13.63,8.19,0.85,5.9,4.27
design_3237,1.37,2.04,1.2,2.64,1.54,2.4,1.51,2.01,17.44,9.65,0.87,23.21,20.21
design_3238,1.21,1.69,1.05,2.48,1.42,2.31,1.42,1.86,17.81,9.88,0.87,21.23,19.84
design_3239,1.22,1.77,1.14,2.43,1.5,2.59,1.46,1.96,16.52,9.3,0.86,6.05,5.48
design_3240,1.18,1.87,1.63,2.36,1.5,4.79,1.67,2.83,10.11,6.8,0.83,8.13,6.56
design_3241,1.2,1.99,2.51,2.71,0.86,3.7,1.61,2.57,17.71,9.95,0.84,32.06,24.87
design_3242,1.29,1.88,1.04,2.15,0.88,4.66,1.57,2.66,5.26,4.76,0.85,6.62,4.94
design_3243,1.21,1.67,1.5,2.14,0.87,4.68,1.56,2.7,17.47,9.89,0.84,24.67,18.44
design_3244,1.36,1.93,1.33,2.24,0.8,4.27,1.52,2.54,8.47,6.1,0.84,5.31,4.22
design_3245,1.16,1.77,1.47,2.2,1.02,5.12,1.66,2.9,17.91,10.09,0.84,23.5,16.18
design_3246,1.42,1.85,1.31,2.29,0.85,4.65,1.6,2.71,16.37,9.38,0.84,5.93,5.84
design_3247,1.3,1.92,1.31,2.54,0.99,4.64,1.67,2.74,16.86,9.51,0.85,23.37,12.45
design_3248,1.34,2.41,1.94,2.08,0.94,2.05,1.3,1.87,13.06,7.75,0.85,9.9,8.08
design_3249,1.22,2.89,2.2,2.61,1.09,2.19,1.46,2.14,11.82,7.17,0.85,26.48,20.17
design_3250,1.14,2.72,2.97,1.92,1.16,2.05,1.34,2.18,16.25,9.12,0.86,11.95,8.93
design_3251,1.17,2.19,1.6,1.75,0.77,2.91,1.2,1.89,13.49,8.03,0.85,11.74,8.6
design_3252,1.08,2.89,1.64,2.08,1.86,3.04,1.37,2.19,12.31,7.32,0.85,13.87,9.92
design_3253,1.14,2.86,2.91,2.22,0.81,2.03,1.38,2.2,16.15,9.06,0.87,8.7,6.56
design_3254,1.21,3.08,1.94,2.54,1.04,2.01,1.44,2.07,16.82,9.29,0.86,14.57,8.45
design_3255,1.06,2.69,2.22,1.94,1.33,2.23,1.26,2.01,7.47,5.47,0.85,12.48,9.15
design_3256,1.09,2.45,1.86,1.91,0.64,4.3,1.39,2.45,16.54,9.25,0.86,26.14,18.99
design_3257,1.14,2.07,1.41,1.77,0.91,3.64,1.27,2.12,16.84,9.42,0.85,24.27,18.47
design_3258,1.18,2.1,2.07,1.96,0.57,4.99,1.44,2.69,15.89,8.94,0.86,23.45,16.69
design_3259,1.11,2.42,2.03,1.98,0.93,3.33,1.36,2.18,18.16,9.92,0.86,20.93,17.16
design_3260,1.14,2.17,1.97,1.78,0.69,2.74,1.21,1.91,18.3,10.11,0.86,12.2,9.65
design_3261,1.09,2.2,1.65,2.31,1.06,3.37,1.29,2.17,17.45,9.7,0.86,35.8,24.89
design_3262,1.09,2.28,0.93,1.89,0.81,5.28,1.46,2.72,16.09,8.95,0.87,27.41,21.13
design_3263,1.05,2.16,1.83,1.88,0.75,3.63,1.3,2.18,17.7,9.77,0.87,32.23,23.63
design_3264,1.21,1.5,2.27,2.19,1.37,3.06,1.42,2.14,13.9,8.33,0.85,3.01,2.91
design_3265,1.21,1.56,2.39,1.9,1.18,4.24,1.45,2.55,15.2,8.87,0.85,3.03,3.76
design_3266,1.84,1.63,1.52,2.32,1.19,4.07,1.49,2.51,18.17,10.06,0.86,30.34,25.49
design_3267,1.69,2.11,1.93,2.54,1.24,2.98,1.46,2.25,16.48,9.49,0.84,15.98,10.9
design_3268,1.19,1.6,1.39,2.17,1.07,5.33,1.64,2.93,11.21,7.26,0.84,2.79,3.39
design_3269,1.46,1.71,2.66,2.31,1.36,3.2,1.48,2.32,17.15,9.59,0.86,33.04,28.32
design_3270,1.55,1.68,2.42,2.32,1.39,3.3,1.49,2.33,17.91,9.93,0.86,18.24,15.28
design_3271,1.58,1.9,1.91,2.38,1.27,3.72,1.52,2.43,14.86,8.79,0.83,23.85,16.41
design_3272,1.05,1.88,1.08,1.86,1.38,3.29,1.36,2.1,17.56,9.87,0.86,18.02,12.51
design_3273,1.18,2.16,1.15,1.63,0.95,4.41,1.43,2.58,9.35,6.51,0.85,20.04,14.17
design_3274,1.39,2.35,1.76,1.8,1.21,2.96,1.39,2.13,16.76,9.45,0.86,30.65,21.87
design_3275,1.38,2.25,1.5,1.94,1.32,3.29,1.42,2.23,17.51,9.78,0.86,30.06,23.34
design_3276,1.28,2.21,1.96,1.85,1.22,4.63,1.63,2.81,18.0,10.02,0.86,7.31,5.99
design_3277,1.22,2.16,1.01,1.76,1.56,2.78,1.26,1.95,16.34,9.36,0.86,24.74,18.66
design_3278,1.33,2.39,2.1,1.85,1.11,4.39,1.6,2.74,17.34,9.76,0.86,20.25,16.92
design_3279,1.38,2.13,1.82,1.61,1.28,3.72,1.42,2.38,16.85,9.63,0.85,28.68,20.99
design_3280,1.35,4.21,1.77,3.04,1.54,1.28,1.59,2.41,15.01,8.07,0.89,32.44,23.63
design_3281,1.39,4.02,1.97,3.17,1.42,1.44,1.62,2.43,16.22,8.56,0.89,36.31,23.79
design_3282,0.97,3.55,1.37,2.6,1.13,1.03,1.32,1.98,13.57,7.49,0.88,5.26,4.34
design_3283,1.27,3.73,1.84,2.93,1.36,1.22,1.5,2.25,16.6,8.72,0.89,22.91,17.87
design_3284,1.27,4.01,1.82,3.21,1.53,1.31,1.58,2.4,15.52,8.27,0.89,31.19,23.64
design_3285,1.17,4.42,2.0,3.56,1.48,1.93,1.8,2.65,17.08,8.94,0.88,29.74,20.68
design_3286,1.17,3.88,1.91,2.8,1.67,1.1,1.48,2.29,15.65,8.33,0.89,31.01,22.21
design_3287,1.25,4.01,1.63,3.08,1.3,1.22,1.52,2.3,14.46,7.86,0.89,29.57,21.89
design_3288,1.19,2.43,1.07,2.15,0.86,5.62,1.63,3.1,17.61,9.89,0.85,32.57,24.64
design_3289,1.09,2.27,1.09,2.11,0.8,5.98,1.68,3.23,16.78,9.51,0.85,31.11,22.35
design_3290,1.7,2.56,1.36,2.63,1.42,5.57,1.77,3.24,6.29,4.92,0.86,31.19,22.46
design_3291,1.19,2.09,0.86,2.52,0.85,5.61,1.63,3.1,10.47,6.8,0.85,32.04,22.81
design_3292,1.16,2.17,1.15,2.37,0.81,5.84,1.69,3.2,10.75,6.92,0.85,34.86,24.02
design_3293,1.06,2.39,1.4,2.61,0.97,6.73,1.85,3.65,14.59,8.19,0.87,30.87,23.01
design_3294,1.33,2.35,1.13,2.54,1.23,6.38,1.85,3.5,11.45,7.1,0.85,30.39,22.19
design_3295,1.37,2.24,0.92,2.29,0.88,3.87,1.41,2.39,9.91,6.68,0.84,31.69,22.78
design_3296,0.72,2.05,1.48,2.03,1.05,5.54,1.55,2.94,16.97,9.37,0.87,29.41,22.85
design_3297,0.84,1.61,1.06,2.07,0.84,5.38,1.47,2.8,16.79,9.34,0.86,17.94,12.28
design_3298,0.83,1.81,1.05,2.17,0.78,5.37,1.5,2.83,16.32,9.15,0.86,16.08,12.78
design_3299,0.71,1.9,1.75,2.0,0.84,5.49,1.52,2.91,16.9,9.42,0.87,29.28,23.15
design_3300,0.82,1.71,1.28,1.97,0.77,4.97,1.42,2.64,15.27,8.82,0.86,23.27,18.5
design_3301,0.81,1.82,1.42,2.05,0.9,5.34,1.51,2.82,16.55,9.29,0.86,31.12,23.68
design_3302,0.9,1.76,1.08,2.04,0.64,5.47,1.51,2.85,16.34,9.03,0.87,19.07,14.95
design_3303,0.83,1.8,1.66,1.92,0.78,5.15,1.44,2.74,15.28,8.68,0.86,18.25,13.93
design_3304,1.06,2.06,1.27,2.84,1.07,8.04,2.11,4.15,10.63,6.52,0.86,7.48,5.46
design_3305,1.11,1.57,1.35,2.62,1.12,7.29,1.93,3.77,6.3,4.89,0.86,4.65,4.22
design_3306,1.07,1.9,3.49,2.84,1.01,3.92,1.58,2.79,15.35,8.87,0.84,25.26,18.3
design_3307,1.08,1.89,4.29,2.49,0.98,7.9,2.16,4.4,15.33,8.39,0.88,14.18,11.94
design_3308,1.29,2.08,1.23,2.52,1.07,8.1,2.1,4.15,15.04,8.23,0.88,6.43,5.79
design_3309,1.19,2.08,1.44,2.38,0.81,7.95,2.04,4.07,15.02,8.1,0.89,13.06,9.59
design_3310,1.02,1.84,1.29,2.48,0.85,7.7,1.98,3.94,11.86,7.06,0.86,6.01,5.17
design_3311,1.07,2.03,1.3,2.65,0.86,7.99,2.06,4.09,13.48,7.56,0.87,6.6,5.45
design_3312,1.46,1.97,1.53,2.28,1.25,1.16,1.28,1.66,15.43,8.29,0.88,34.11,23.25
design_3313,1.61,1.79,2.16,2.3,1.21,1.07,1.32,1.84,17.81,9.34,0.89,17.82,12.42
design_3314,1.66,2.03,1.35,2.37,1.21,1.12,1.29,1.67,16.84,8.88,0.88,26.69,19.67
design_3315,1.64,2.07,2.06,2.37,1.16,1.17,1.36,1.87,15.57,8.39,0.88,12.57,9.45
design_3316,1.52,1.75,2.39,2.21,1.22,1.03,1.32,1.88,17.59,9.23,0.89,15.16,9.64
design_3317,1.64,1.75,1.94,2.16,1.29,1.02,1.25,1.74,17.64,9.21,0.89,26.49,19.26
design_3318,1.45,1.51,1.97,1.93,1.01,0.83,1.13,1.6,15.69,8.43,0.88,25.64,18.34
design_3319,1.55,1.8,1.89,2.13,1.43,1.12,1.28,1.73,17.93,9.36,0.89,24.32,17.94
design_3320,7.6,18.45,9.01,26.24,10.69,20.77,14.51,16.83,14.92,8.71,0.85,20.0,13.41
design_3321,7.26,20.34,5.75,26.36,11.39,20.85,14.55,16.97,16.39,9.45,0.85,24.55,19.62
design_3322,8.96,21.32,6.79,26.65,12.32,21.51,14.73,17.66,5.85,4.97,0.85,26.01,22.14
design_3323,7.6,18.32,8.73,26.15,10.77,20.58,14.46,16.73,6.59,5.07,0.86,24.34,20.12
design_3324,7.1,20.34,5.59,26.52,11.51,21.01,14.56,17.03,16.27,9.36,0.85,22.26,14.37
design_3325,7.37,18.2,8.87,26.02,10.56,20.41,14.43,16.62,13.71,7.95,0.86,19.53,13.14
design_3326,8.69,21.73,8.31,26.61,12.54,21.71,14.79,17.88,6.22,5.15,0.84,26.0,20.92
design_3327,7.4,19.14,6.63,26.43,11.44,20.14,14.46,16.71,17.35,9.55,0.85,41.73,30.22
design_3328,0.95,2.37,3.58,2.04,1.21,1.46,1.46,2.36,17.46,9.66,0.86,27.9,18.3
design_3329,1.25,1.68,1.75,1.79,0.84,1.32,1.13,1.52,18.33,9.75,0.86,32.63,25.96
design_3330,0.96,1.65,2.25,1.4,1.12,2.05,1.11,1.75,17.73,9.73,0.86,27.93,20.4
design_3331,1.47,2.19,3.15,2.26,1.37,2.47,1.55,2.39,16.96,9.31,0.86,34.29,23.04
design_3332,1.1,1.79,2.03,1.5,1.14,2.03,1.18,1.71,16.68,9.24,0.86,29.24,23.05
design_3333,1.24,1.97,1.95,1.82,1.01,1.96,1.21,1.75,17.64,9.8,0.85,20.45,15.86
design_3334,1.11,1.69,2.77,1.67,0.85,1.16,1.21,1.84,16.36,8.97,0.86,14.02,8.85
design_3335,1.22,1.87,1.63,1.73,1.12,1.89,1.15,1.62,17.25,9.64,0.85,32.75,22.99
design_3336,1.27,1.65,1.83,1.73,0.88,2.31,1.07,1.7,12.54,7.37,0.86,19.79,15.91
design_3337,1.45,1.98,1.69,2.03,1.21,1.97,1.22,1.75,14.68,8.15,0.87,31.42,21.47
design_3338,1.48,2.22,1.73,2.16,1.31,2.01,1.24,1.85,16.6,9.01,0.88,31.67,23.89
design_3339,1.57,2.24,1.61,2.09,1.34,2.23,1.26,1.86,16.07,8.75,0.88,10.46,10.22
design_3340,1.58,2.19,1.6,1.94,1.3,2.04,1.19,1.79,16.43,8.94,0.87,31.29,24.0
design_3341,1.39,1.93,1.8,1.8,1.24,2.02,1.13,1.73,15.03,8.32,0.87,20.89,16.29
design_3342,1.42,2.13,1.53,2.0,1.02,2.09,1.18,1.74,14.98,8.36,0.87,18.26,14.33
design_3343,1.52,2.09,1.58,1.99,1.28,2.0,1.2,1.76,14.98,8.28,0.88,11.75,9.75
design_3344,1.15,1.16,3.75,2.02,1.0,1.44,1.26,2.26,15.12,8.27,0.88,13.22,10.63
design_3345,1.11,1.4,3.68,1.99,1.05,1.14,1.23,2.22,17.47,9.29,0.88,13.89,12.46
design_3346,1.16,1.67,3.6,2.21,1.19,1.11,1.35,2.26,14.79,8.16,0.87,26.98,20.54
design_3347,1.29,1.95,3.32,2.54,1.38,1.48,1.46,2.29,13.87,7.77,0.87,7.59,6.88
design_3348,1.07,1.49,3.15,2.2,1.18,0.9,1.2,2.03,15.16,8.34,0.87,19.22,14.18
design_3349,1.16,1.69,3.59,1.8,1.07,1.4,1.22,2.21,13.06,7.48,0.87,14.25,10.75
design_3350,1.09,1.2,3.73,2.06,0.95,1.18,1.23,2.23,13.85,7.81,0.87,14.68,10.87
design_3351,1.24,1.74,1.25,2.48,1.19,1.38,1.2,1.59,16.9,9.07,0.88,18.87,14.84
design_3352,1.4,2.27,2.47,2.42,1.2,3.86,1.63,2.61,13.64,8.13,0.84,11.86,9.63
design_3353,1.23,2.15,2.28,2.17,1.23,4.84,1.65,2.89,14.92,8.74,0.84,19.65,14.84
design_3354,1.78,2.54,3.25,2.75,1.43,2.97,1.77,2.63,9.35,6.24,0.84,7.29,6.34
design_3355,1.29,2.15,2.05,2.11,1.21,4.82,1.65,2.85,15.32,8.91,0.84,25.9,20.06
design_3356,1.78,2.54,2.99,2.68,1.36,3.4,1.75,2.68,12.32,7.55,0.84,7.86,7.05
design_3357,1.67,2.25,2.5,2.35,1.43,3.1,1.6,2.39,6.02,5.04,0.85,3.03,2.88
design_3358,1.39,2.11,2.72,2.29,2.26,3.38,1.59,2.55,8.17,5.95,0.84,4.58,4.57
design_3359,1.3,1.91,1.99,1.94,1.17,2.88,1.37,2.06,6.2,5.16,0.84,3.06,2.43
design_3360,1.44,2.12,3.67,2.53,1.05,3.53,1.73,2.83,15.3,8.99,0.84,26.62,20.18
design_3361,1.91,2.48,3.39,2.47,1.48,4.52,1.87,3.13,14.05,8.26,0.85,28.74,20.95
design_3362,2.15,2.22,3.1,2.37,1.73,5.38,1.95,3.36,15.56,8.73,0.86,26.36,18.1
design_3363,1.95,2.67,1.9,2.84,1.08,2.67,1.59,2.28,16.05,9.2,0.85,18.42,13.86
design_3364,1.3,2.21,1.75,2.17,1.13,4.03,1.49,2.46,18.58,10.36,0.84,32.68,23.48
design_3365,1.33,2.75,3.2,2.37,1.12,3.12,1.62,2.61,17.34,9.91,0.84,29.73,21.7
design_3366,1.49,2.27,2.75,2.62,1.39,2.94,1.6,2.44,16.68,9.53,0.85,25.78,19.03
design_3367,2.03,2.11,3.38,2.43,1.53,4.61,1.89,3.13,13.39,7.97,0.84,28.36,20.79
design_3368,0.82,1.98,3.24,2.22,1.05,4.88,1.54,2.86,13.18,7.52,0.88,11.1,8.95
design_3369,0.96,1.84,3.34,2.17,1.15,4.47,1.46,2.74,12.42,7.4,0.86,9.79,7.49
design_3370,1.01,2.04,4.28,2.37,1.34,4.63,1.65,3.09,16.74,8.96,0.88,7.54,7.86
design_3371,0.77,1.84,3.37,2.07,1.02,4.79,1.48,2.83,14.86,8.33,0.87,12.99,10.0
design_3372,1.61,2.59,0.87,2.81,1.41,5.58,1.72,3.01,13.5,7.49,0.88,4.33,3.94
design_3373,0.98,2.11,4.33,2.28,1.19,4.7,1.63,3.1,16.76,9.07,0.88,14.6,11.74
design_3374,1.11,1.98,1.12,2.44,1.01,5.25,1.49,2.72,11.7,6.98,0.86,9.31,6.1
design_3375,1.2,2.31,0.79,2.43,1.09,5.65,1.56,2.89,14.63,8.09,0.88,7.52,5.22
design_3376,1.14,1.26,3.63,2.08,0.97,2.6,1.3,2.25,15.85,8.82,0.87,10.78,7.22
design_3377,1.11,1.83,3.64,2.36,1.06,2.16,1.38,2.28,13.33,7.79,0.86,11.01,6.44
design_3378,1.21,1.37,1.14,2.57,0.78,2.21,1.12,1.68,4.93,4.31,0.86,3.39,2.18
design_3379,1.07,2.07,1.35,2.27,1.03,2.45,1.23,1.8,15.34,8.68,0.86,12.4,7.63
design_3380,1.14,1.61,1.65,2.4,0.82,3.11,1.25,1.96,14.26,8.01,0.86,5.09,4.95
design_3381,1.05,1.32,1.25,2.3,0.96,2.53,1.14,1.7,4.68,4.25,0.86,4.59,3.2
design_3382,1.22,1.87,1.22,2.49,0.75,2.31,1.28,1.76,14.04,8.08,0.86,7.97,5.31
design_3383,1.23,1.72,1.65,2.34,0.71,2.41,1.24,1.8,13.17,7.62,0.86,9.72,7.09
design_3384,1.2,2.02,1.32,2.01,0.88,5.52,1.53,2.84,8.06,5.52,0.86,3.97,3.47
design_3385,1.35,2.22,5.12,1.71,1.28,4.52,1.63,3.14,13.64,7.94,0.86,5.81,5.62
design_3386,1.15,1.93,1.67,1.93,1.01,3.16,1.29,2.0,13.48,8.08,0.85,2.96,2.94
design_3387,1.27,1.98,1.92,2.29,1.3,2.83,1.29,2.05,14.68,8.56,0.85,7.14,5.45
design_3388,1.37,2.15,2.53,1.95,1.15,3.24,1.37,2.22,16.56,9.28,0.86,11.49,10.19
design_3389,1.04,1.86,1.91,2.0,1.23,2.87,1.24,1.96,12.44,7.58,0.85,1.85,2.45
design_3390,1.26,2.05,1.82,2.04,1.17,2.94,1.31,2.02,13.64,8.12,0.85,4.99,4.06
design_3391,1.37,2.16,0.96,2.08,1.23,3.76,1.36,2.23,9.43,6.4,0.84,3.29,2.72
design_3392,1.36,2.1,1.88,2.32,1.45,0.86,1.19,1.77,15.84,8.51,0.89,7.55,5.13
design_3393,1.59,2.23,1.5,2.21,1.3,1.08,1.23,1.71,14.12,7.73,0.88,20.79,12.75
design_3394,1.29,1.73,0.95,1.95,0.95,1.02,1.04,1.36,15.45,8.35,0.88,12.23,7.46
design_3395,1.44,2.16,1.68,2.29,1.17,1.01,1.19,1.72,17.48,9.06,0.9,16.73,11.63
design_3396,1.04,1.75,1.59,2.42,1.06,1.02,1.14,1.59,15.64,8.35,0.89,17.42,12.94
design_3397,1.27,1.78,0.93,1.92,1.14,0.95,1.01,1.37,7.65,5.19,0.86,6.02,3.26
design_3398,1.39,2.27,1.72,2.35,1.76,0.99,1.23,1.82,16.1,8.57,0.89,16.58,10.65
design_3399,1.46,1.66,0.91,1.81,1.03,0.92,1.01,1.34,15.72,8.31,0.89,18.37,15.18
design_3400,1.13,1.93,2.75,2.03,1.1,3.02,1.33,2.28,16.71,9.39,0.85,12.24,9.08
design_3401,1.06,1.77,2.14,2.21,1.37,2.11,1.19,1.89,10.55,6.74,0.85,15.55,9.07
design_3402,0.93,1.82,1.71,2.17,1.32,2.16,1.16,1.77,12.59,7.6,0.85,9.33,5.62
design_3403,1.11,2.12,1.32,2.17,1.48,3.84,1.34,2.28,17.59,9.73,0.86,16.69,12.95
design_3404,1.02,2.21,1.72,2.28,0.9,3.38,1.33,2.18,16.73,9.43,0.84,33.68,25.04
design_3405,1.04,1.88,2.01,2.12,0.93,2.21,1.18,1.84,9.5,6.32,0.85,14.71,8.26
design_3406,1.06,1.9,2.76,2.14,1.07,2.34,1.28,2.11,16.35,9.15,0.86,19.26,14.71
design_3407,1.17,1.75,1.97,2.32,1.24,2.26,1.23,1.9,17.42,9.51,0.86,37.12,27.03
design_3408,1.12,2.47,1.53,2.71,1.48,1.17,1.29,1.89,15.9,8.53,0.89,11.72,9.58
design_3409,1.73,2.25,1.54,2.8,1.58,1.52,1.46,2.0,15.7,8.54,0.88,25.95,20.55
design_3410,1.06,2.36,1.46,2.26,1.66,1.19,1.27,1.76,15.93,8.6,0.89,10.1,7.89
design_3411,1.03,1.95,2.1,2.03,1.42,1.06,1.14,1.66,11.63,6.84,0.88,6.29,4.43
design_3412,0.85,2.08,1.04,2.16,1.31,1.08,1.15,1.54,8.64,5.45,0.87,6.54,4.2
design_3413,1.28,2.48,1.52,2.33,1.37,1.4,1.33,1.82,16.14,8.66,0.89,8.1,8.18
design_3414,1.1,2.04,1.46,2.0,1.41,1.17,1.21,1.59,15.83,8.5,0.89,8.65,6.57
design_3415,1.0,2.1,1.28,2.6,1.1,1.15,1.16,1.69,10.53,6.28,0.88,7.6,4.51
design_3416,1.0,3.26,3.32,2.33,1.39,2.43,1.48,2.53,7.43,5.35,0.85,12.33,7.33
design_3417,1.18,2.5,3.89,2.28,1.05,2.45,1.41,2.6,17.25,9.69,0.86,15.52,11.59
design_3418,1.01,2.67,3.65,2.36,1.1,2.67,1.38,2.58,16.34,9.12,0.86,6.2,5.15
design_3419,1.13,2.75,3.66,2.09,0.87,2.34,1.39,2.5,15.82,9.03,0.86,9.37,7.18
design_3420,1.1,2.95,3.51,2.13,0.86,2.12,1.39,2.44,13.44,8.06,0.85,4.01,3.95
design_3421,0.85,2.41,5.93,1.84,0.94,1.65,1.64,3.26,14.97,8.48,0.86,11.01,9.71
design_3422,1.25,2.52,6.07,1.83,1.02,1.8,1.74,3.37,14.79,8.27,0.87,12.65,10.24
design_3423,1.15,2.38,3.68,2.4,1.0,2.19,1.37,2.48,16.97,9.62,0.86,12.24,9.11
design_3424,1.34,1.91,1.49,2.02,1.39,2.58,1.22,1.85,18.28,10.08,0.86,11.32,9.3
design_3425,0.95,1.69,3.62,1.85,0.97,2.54,1.37,2.39,17.57,9.77,0.86,29.63,22.64
design_3426,1.19,2.05,1.9,2.37,1.37,2.94,1.34,2.1,15.33,8.89,0.85,24.72,17.6
design_3427,1.23,2.13,2.71,1.9,1.21,2.02,1.22,2.05,18.23,10.12,0.85,30.67,24.02
design_3428,1.13,2.11,3.06,2.2,1.26,2.4,1.35,2.27,19.14,10.65,0.85,31.09,24.13
design_3429,1.28,2.14,3.0,2.24,1.17,1.73,1.3,2.15,17.62,9.53,0.85,25.33,17.45
design_3430,1.19,2.01,2.19,2.35,1.28,3.06,1.3,2.18,17.66,9.79,0.86,29.46,22.22
design_3431,1.25,2.12,3.07,2.32,1.26,1.54,1.32,2.16,18.71,10.21,0.85,22.5,17.24
design_3432,1.05,2.13,2.19,2.21,0.96,2.24,1.27,1.92,14.82,8.58,0.85,6.55,4.96
design_3433,1.45,1.88,2.81,2.51,1.41,2.11,1.36,2.17,15.55,8.72,0.86,16.97,12.88
design_3434,1.1,2.02,2.26,2.39,1.27,2.71,1.33,2.08,14.5,8.19,0.87,4.91,4.75
design_3435,1.2,2.14,1.92,2.45,1.19,2.7,1.36,2.02,12.53,7.27,0.86,5.67,4.23
design_3436,1.16,1.94,1.92,2.26,1.3,2.71,1.29,1.96,12.39,7.34,0.86,6.07,4.11
design_3437,1.23,1.61,1.78,2.1,0.79,2.24,1.16,1.72,14.72,8.3,0.87,5.62,4.54
design_3438,1.14,1.78,2.0,2.23,1.48,2.51,1.29,1.93,11.48,6.81,0.86,5.5,4.49
design_3439,1.38,1.68,2.22,2.23,1.26,2.1,1.26,1.9,15.4,8.6,0.86,15.73,11.81
design_3440,1.44,1.75,0.92,2.32,1.1,1.89,1.15,1.65,15.58,8.75,0.87,26.21,21.03
design_3441,0.84,1.46,0.85,2.09,0.87,1.73,0.98,1.41,16.55,9.06,0.86,17.81,14.7
design_3442,1.04,1.39,0.63,1.69,0.84,2.31,1.02,1.48,16.01,9.0,0.86,27.12,20.12
design_3443,1.37,1.83,1.01,2.6,0.74,1.84,1.18,1.69,15.25,8.51,0.86,30.85,25.46
design_3444,1.44,1.76,1.19,2.14,0.7,1.48,1.07,1.52,18.21,9.83,0.86,37.51,28.13
design_3445,1.0,1.72,0.59,2.49,0.96,2.23,1.19,1.68,17.31,9.55,0.87,20.43,15.83
design_3446,1.29,1.87,0.98,2.44,0.84,1.75,1.12,1.63,16.31,9.12,0.86,12.03,9.68
design_3447,1.32,1.88,0.74,2.27,0.77,1.98,1.17,1.62,18.12,9.92,0.86,27.66,20.47
design_3448,1.32,1.18,2.27,1.57,1.09,5.01,1.55,2.96,17.46,10.0,0.84,32.08,23.09
design_3449,1.27,1.23,2.37,1.55,1.23,4.51,1.53,2.75,17.12,9.79,0.85,16.2,10.07
design_3450,1.27,1.15,2.27,1.61,1.2,4.1,1.41,2.55,17.05,9.79,0.85,24.82,18.66
design_3451,1.3,1.35,2.29,1.32,1.15,4.65,1.56,2.79,17.3,9.88,0.84,22.13,14.96
design_3452,1.34,1.44,2.31,1.63,1.15,4.01,1.5,2.54,16.74,9.57,0.85,17.54,14.06
design_3453,1.0,1.05,2.32,1.53,1.18,4.16,1.39,2.55,17.62,10.03,0.84,24.26,18.52
design_3454,1.24,1.12,2.31,1.54,1.15,4.82,1.54,2.87,18.5,10.32,0.85,30.84,25.34
design_3455,1.27,1.21,2.34,1.5,1.12,4.0,1.43,2.5,17.65,10.02,0.85,8.36,5.86
design_3456,1.08,2.35,3.84,2.66,1.15,2.22,1.57,2.56,16.56,9.32,0.85,6.59,6.07
design_3457,0.98,2.29,3.75,2.56,1.13,3.42,1.6,2.79,15.39,9.01,0.84,24.62,18.28
design_3458,1.43,2.64,3.85,2.65,1.03,2.93,1.64,2.77,14.54,8.53,0.84,19.45,15.35
design_3459,1.27,2.34,3.89,2.33,1.04,2.39,1.52,2.57,15.52,9.08,0.83,28.07,19.72
design_3460,1.02,1.91,3.96,2.28,0.69,2.36,1.44,2.51,16.28,9.38,0.85,17.71,10.89
design_3461,1.27,2.47,4.15,2.31,0.76,2.4,1.53,2.67,15.28,8.92,0.84,15.69,12.84
design_3462,1.29,2.35,3.86,2.37,0.8,2.48,1.5,2.58,16.41,9.45,0.84,12.08,8.29
design_3463,1.19,2.39,3.96,2.47,0.86,2.61,1.56,2.65,15.89,9.21,0.84,25.75,14.65
design_3464,1.2,1.57,2.87,1.63,1.18,2.13,1.19,1.96,14.58,8.11,0.87,10.42,7.95
design_3465,1.4,1.88,3.06,1.86,1.35,2.31,1.34,2.16,17.31,9.21,0.88,32.91,26.09
design_3466,1.29,1.81,3.14,1.91,1.27,2.31,1.34,2.17,13.31,7.5,0.88,17.53,12.05
design_3467,1.32,1.66,2.33,1.7,0.76,2.03,1.12,1.77,13.91,7.75,0.88,16.17,13.98
design_3468,1.29,2.03,1.64,2.19,1.41,2.64,1.3,1.92,14.43,7.93,0.88,13.06,11.79
design_3469,1.29,1.85,3.18,1.93,1.51,2.31,1.34,2.21,16.2,8.8,0.87,16.63,11.09
design_3470,1.3,2.02,1.75,1.89,1.11,2.43,1.21,1.81,15.79,8.56,0.88,13.5,9.27
design_3471,1.47,2.03,2.96,1.98,1.27,2.19,1.35,2.14,14.72,8.17,0.87,13.12,9.95
design_3472,1.54,1.62,1.91,2.02,1.11,4.94,1.65,2.86,16.85,9.54,0.85,24.16,17.11
design_3473,1.11,1.23,3.63,1.97,0.79,3.49,1.46,2.63,16.2,9.33,0.84,29.95,22.11
design_3474,1.18,1.2,2.04,1.7,0.83,4.76,1.46,2.71,14.5,8.72,0.83,6.07,4.67
design_3475,1.43,1.48,1.47,2.03,0.92,4.26,1.44,2.48,17.95,10.09,0.85,6.56,7.25
design_3476,1.13,1.3,1.59,1.96,0.81,4.6,1.48,2.6,15.15,8.98,0.83,23.1,16.53
design_3477,0.92,1.26,1.56,1.73,0.86,4.3,1.35,2.43,14.45,8.65,0.84,22.89,17.22
design_3478,1.38,1.71,2.07,2.06,1.22,3.68,1.46,2.39,9.5,6.62,0.83,5.63,4.61
design_3479,1.3,1.18,1.28,1.75,0.9,3.64,1.25,2.14,13.76,8.35,0.83,7.65,5.98
design_3480,1.11,2.28,0.66,2.7,1.15,3.1,1.38,2.18,14.73,8.62,0.84,20.3,14.81
design_3481,1.11,2.18,0.95,2.55,1.13,3.12,1.37,2.16,17.01,9.58,0.86,8.28,7.55
design_3482,0.94,1.57,0.64,1.75,1.18,3.84,1.27,2.24,16.93,9.6,0.85,27.0,19.39
design_3483,1.05,2.24,0.72,2.18,0.96,3.4,1.37,2.18,14.58,8.6,0.85,28.54,21.17
design_3484,0.94,1.81,0.45,2.0,1.52,6.09,1.68,3.35,15.63,9.02,0.85,23.99,17.92
design_3485,1.11,2.18,0.67,2.49,1.04,3.07,1.34,2.11,15.19,8.84,0.84,21.01,15.77
design_3486,0.87,1.51,0.49,1.73,1.06,5.62,1.52,3.05,13.7,8.21,0.84,23.76,18.16
design_3487,1.16,2.24,0.85,2.41,0.87,2.74,1.32,1.98,16.8,9.53,0.86,13.47,10.37
design_3488,1.26,1.79,3.39,2.13,0.84,2.09,1.38,2.25,16.63,9.25,0.86,4.11,3.66
design_3489,1.03,1.58,1.34,1.8,0.77,3.48,1.22,1.91,7.98,5.59,0.86,9.27,7.06
design_3490,1.39,1.61,2.84,1.91,1.45,2.26,1.31,2.09,9.76,6.42,0.85,35.66,24.94
design_3491,1.17,1.77,2.14,1.96,1.25,2.14,1.2,1.84,14.3,8.23,0.86,6.17,4.06
design_3492,0.99,1.85,1.68,1.83,1.04,2.14,1.18,1.67,5.38,4.65,0.86,8.13,6.19
design_3493,1.17,1.79,2.52,1.85,1.5,2.3,1.24,1.99,6.01,4.81,0.86,10.02,7.38
design_3494,1.11,1.86,2.61,1.85,1.04,2.79,1.28,2.09,13.88,7.98,0.86,6.38,5.19
design_3495,1.08,1.71,1.56,2.03,1.22,4.53,1.41,2.38,6.76,4.85,0.87,5.24,4.69
design_3496,1.79,2.8,2.18,2.75,1.67,3.3,1.69,2.53,12.11,7.62,0.83,10.14,7.82
design_3497,1.35,2.51,3.64,2.65,1.63,2.03,1.65,2.58,13.01,7.86,0.84,16.65,11.61
design_3498,1.72,2.64,3.52,2.5,1.65,3.74,1.77,2.95,16.86,9.76,0.82,27.7,20.84
design_3499,1.44,2.56,2.83,2.5,1.5,2.66,1.57,2.42,16.86,9.58,0.84,30.45,22.57
design_3500,1.47,2.67,3.19,2.43,1.55,1.93,1.56,2.4,16.8,9.58,0.84,27.71,21.04
design_3501,1.41,2.46,3.15,2.21,1.48,3.72,1.6,2.75,16.53,9.61,0.83,28.98,21.71
design_3502,1.56,2.37,2.99,2.29,1.37,2.56,1.51,2.4,16.35,9.51,0.83,31.02,22.82
design_3503,1.53,2.75,2.91,2.31,1.62,3.56,1.64,2.7,15.88,9.36,0.82,27.39,20.68
design_3504,0.48,0.6,0.63,2.08,1.35,0.89,0.91,1.18,14.21,7.77,0.89,22.92,18.86
design_3505,1.14,1.22,0.93,2.35,1.1,1.03,1.04,1.42,16.57,8.89,0.89,34.66,25.62
design_3506,0.56,0.67,0.52,2.66,0.79,1.07,1.05,1.33,16.98,9.0,0.89,33.21,26.79
design_3507,1.16,1.08,1.8,2.11,0.76,1.05,0.99,1.43,15.44,8.48,0.88,29.52,22.73
design_3508,1.09,1.1,1.44,2.13,0.78,0.97,0.98,1.36,17.44,9.4,0.87,31.13,23.46
design_3509,1.0,0.56,2.25,2.15,1.3,1.01,1.02,1.53,17.34,9.18,0.89,26.13,20.62
design_3510,0.65,0.53,1.6,2.34,1.07,0.97,0.98,1.37,16.4,8.86,0.89,27.34,21.27
design_3511,0.56,0.56,2.51,2.19,1.1,0.99,1.02,1.54,17.25,9.21,0.89,28.44,23.12
design_3512,1.6,1.91,1.97,2.92,1.4,5.21,1.9,3.2,16.17,9.19,0.85,32.92,23.71
design_3513,1.56,2.16,2.35,2.64,1.19,4.87,1.85,3.08,16.07,9.33,0.84,14.29,9.96
design_3514,1.52,1.94,2.13,2.79,1.18,5.22,1.89,3.2,16.54,9.48,0.83,29.79,20.88
design_3515,1.54,1.54,1.56,2.41,0.94,5.67,1.84,3.25,11.65,7.39,0.84,26.87,19.98
design_3516,1.12,1.58,1.72,1.91,0.76,5.21,1.65,2.98,17.49,10.0,0.84,18.49,11.36
design_3517,1.07,1.8,1.62,2.08,1.15,2.68,1.37,1.94,9.73,6.69,0.83,6.22,4.88
design_3518,1.36,2.11,2.38,2.66,1.2,4.58,1.79,2.95,7.29,5.61,0.84,3.62,4.13
design_3519,1.29,1.73,1.75,1.91,0.99,4.31,1.56,2.61,7.02,5.64,0.84,2.32,2.99
design_3520,1.22,2.02,0.95,1.55,1.04,7.36,2.01,3.98,17.88,9.89,0.87,25.79,21.13
design_3521,1.08,2.43,1.89,1.52,0.89,7.13,1.96,3.94,16.93,9.66,0.85,15.69,12.93
design_3522,1.43,2.64,1.51,1.64,1.14,7.15,2.03,3.98,11.15,6.85,0.86,19.42,16.56
design_3523,1.09,2.05,1.11,1.65,0.99,7.34,2.02,3.98,17.44,9.71,0.86,24.83,19.19
design_3524,1.24,2.65,1.37,1.54,1.01,7.31,2.0,4.03,17.73,9.88,0.86,25.08,18.82
design_3525,1.25,1.99,0.57,1.38,1.08,7.4,2.01,3.99,17.2,9.66,0.85,22.31,13.47
design_3526,0.99,1.7,1.12,1.98,1.18,7.32,1.96,3.98,13.74,8.1,0.85,26.47,20.78
design_3527,1.13,2.42,1.69,1.47,0.99,6.96,1.92,3.85,16.67,9.28,0.86,14.87,13.62
design_3528,1.22,1.52,4.54,2.05,1.45,2.8,1.43,2.6,16.79,9.57,0.86,6.73,5.47
design_3529,1.57,1.84,4.35,2.28,1.62,3.4,1.56,2.82,16.57,9.37,0.86,9.53,7.51
design_3530,1.68,2.44,1.79,2.34,1.58,6.85,2.01,3.84,17.46,9.83,0.86,31.61,25.76
design_3531,1.69,2.14,3.15,2.06,1.37,3.45,1.48,2.56,18.56,10.38,0.85,8.18,6.81
design_3532,1.63,1.85,4.87,2.56,1.57,2.91,1.63,2.86,18.05,9.97,0.87,35.52,30.18
design_3533,1.85,2.32,1.75,2.34,1.53,7.35,2.06,4.05,15.22,8.79,0.85,25.4,17.77
design_3534,1.84,2.6,1.49,2.3,1.75,7.6,2.15,4.19,16.89,9.3,0.87,28.35,23.3
design_3535,1.34,1.56,2.18,1.95,1.08,5.81,1.66,3.25,14.97,8.97,0.84,8.59,5.64
design_3536,10.58,23.17,12.13,26.47,13.2,25.46,15.5,20.13,9.84,7.18,0.82,28.41,17.86
design_3537,10.71,22.59,8.92,26.43,12.71,26.38,15.44,19.98,15.78,9.41,0.83,27.16,18.59
design_3538,9.84,22.3,9.86,26.31,11.91,25.57,15.33,19.6,6.09,5.58,0.83,28.16,18.46
design_3539,9.03,23.69,12.23,26.43,12.97,25.78,15.53,20.19,12.61,8.24,0.81,27.16,19.32
design_3540,11.59,23.1,12.62,26.34,13.52,25.58,15.52,20.3,6.45,5.65,0.83,28.46,18.31
design_3541,8.56,22.23,12.57,26.24,11.86,27.62,15.6,20.52,8.47,6.76,0.81,28.02,19.34
design_3542,9.76,22.73,12.01,26.45,12.37,26.25,15.51,20.19,14.7,9.3,0.81,26.58,17.94
design_3543,11.17,23.89,12.01,26.71,13.54,26.82,15.7,20.79,8.89,6.91,0.81,26.49,18.13
design_3544,0.89,1.58,1.31,2.16,1.46,4.03,1.44,2.34,11.38,7.17,0.84,2.48,2.94
design_3545,0.88,1.51,1.16,1.97,1.08,3.78,1.33,2.17,16.84,9.42,0.85,24.2,17.47
design_3546,0.96,1.07,0.73,1.6,0.82,3.93,1.24,2.1,6.88,5.42,0.85,2.21,2.71
design_3547,0.87,1.28,0.7,1.79,0.84,3.92,1.28,2.12,5.87,4.92,0.85,2.64,2.58
design_3548,1.07,1.77,1.58,2.25,1.41,4.26,1.58,2.5,6.5,5.1,0.85,29.43,21.6
design_3549,0.83,1.29,1.03,1.83,1.44,4.06,1.35,2.25,9.32,6.36,0.84,3.68,3.29
design_3550,1.0,1.27,1.91,2.0,1.44,4.16,1.44,2.45,16.36,9.4,0.84,25.31,18.16
design_3551,0.86,1.29,0.91,1.78,0.89,3.78,1.28,2.09,5.88,4.99,0.85,2.89,2.51
design_3552,1.08,1.0,0.78,1.66,0.84,3.87,1.25,2.09,6.61,5.35,0.84,5.41,3.8
design_3553,1.55,1.55,1.1,1.91,1.27,4.35,1.42,2.45,4.93,4.51,0.86,3.3,3.21
design_3554,1.27,1.35,1.82,1.92,1.39,3.85,1.36,2.32,6.83,5.41,0.84,2.13,2.39
design_3555,1.07,1.52,1.56,2.23,1.09,3.89,1.41,2.31,8.12,5.82,0.84,4.61,4.58
design_3556,1.12,1.8,1.25,1.92,0.82,4.12,1.42,2.33,16.43,9.24,0.85,30.86,22.37
design_3557,1.16,1.24,0.74,1.59,0.96,3.74,1.21,2.05,5.84,4.99,0.85,3.7,2.95
design_3558,1.3,1.7,1.86,1.93,1.43,2.95,1.33,2.05,4.94,4.57,0.85,2.76,2.66
design_3559,1.05,1.37,0.85,1.92,0.96,3.53,1.26,2.02,10.78,6.88,0.84,27.07,19.98
design_3560,7.74,18.65,6.53,25.75,11.03,20.02,14.38,16.57,16.8,9.52,0.85,22.05,16.73
design_3561,7.27,19.79,7.43,25.8,10.76,21.21,14.53,17.04,16.26,9.43,0.84,27.54,19.8
design_3562,8.58,18.18,7.04,25.63,10.82,20.22,14.37,16.59,18.23,10.02,0.85,26.95,15.83
design_3563,7.11,19.86,6.83,25.89,11.13,21.03,14.53,17.01,16.06,9.36,0.84,26.72,12.96
design_3564,8.21,18.65,7.14,25.75,11.16,20.75,14.45,16.82,18.38,10.3,0.85,34.72,25.62
design_3565,9.09,17.51,7.03,25.28,10.31,20.69,14.34,16.49,15.79,9.06,0.84,27.02,11.33
design_3566,7.89,18.46,6.61,25.59,10.81,20.38,14.39,16.57,17.7,9.87,0.85,42.99,27.23
design_3567,8.47,18.77,7.17,25.74,11.16,20.77,14.45,16.87,18.55,10.24,0.84,19.78,21.45
design_3568,0.96,1.46,1.83,2.43,0.91,1.45,1.15,1.64,18.97,10.13,0.85,21.98,11.14
design_3569,1.0,1.56,1.7,2.32,1.26,1.71,1.15,1.66,17.7,9.82,0.86,25.27,16.62
design_3570,0.87,1.53,1.77,2.06,0.9,1.13,1.04,1.49,19.27,10.18,0.86,36.43,23.25
design_3571,1.19,1.58,1.34,2.39,1.16,1.86,1.14,1.63,17.06,9.52,0.86,15.18,9.84
design_3572,1.03,1.2,1.54,2.04,1.1,1.85,1.03,1.54,11.88,7.31,0.85,3.77,2.98
design_3573,1.0,1.74,1.12,2.08,0.95,4.08,1.25,2.11,16.73,9.19,0.87,14.09,9.36
design_3574,1.04,1.75,1.83,2.37,1.13,1.71,1.15,1.73,17.32,9.59,0.86,14.41,8.9
design_3575,1.02,1.5,1.81,2.07,1.04,1.77,1.08,1.63,17.95,9.97,0.85,9.96,7.92
design_3576,1.29,2.22,3.38,1.93,1.59,1.46,1.41,2.23,17.11,9.58,0.85,31.75,24.44
design_3577,1.07,2.04,4.14,1.77,1.05,1.49,1.4,2.44,17.57,9.95,0.85,22.42,18.48
design_3578,1.18,1.95,4.2,1.75,1.06,1.42,1.41,2.45,17.49,9.86,0.85,31.01,23.83
design_3579,1.41,2.16,2.98,1.87,1.7,1.47,1.38,2.09,17.51,9.65,0.86,9.64,6.98
design_3580,1.27,2.08,3.2,1.75,1.15,1.52,1.33,2.09,17.03,9.63,0.85,24.77,19.13
design_3581,1.36,1.98,4.09,1.68,1.8,1.58,1.48,2.49,17.66,9.73,0.86,31.42,23.91
design_3582,1.19,2.09,3.83,1.81,1.18,1.55,1.42,2.35,17.06,9.71,0.85,30.01,22.59
design_3583,1.28,2.3,3.26,1.8,1.48,1.56,1.37,2.18,16.53,9.38,0.85,21.63,15.59
design_3584,1.94,2.1,0.89,2.59,1.15,1.94,1.32,1.8,15.7,8.5,0.88,22.33,15.85
design_3585,1.35,1.78,1.15,2.4,1.31,1.66,1.17,1.63,12.8,7.27,0.87,10.53,7.07
design_3586,1.46,1.72,0.96,2.35,1.16,1.57,1.14,1.56,14.45,7.88,0.88,9.52,7.27
design_3587,1.62,1.81,1.01,2.48,1.36,1.84,1.2,1.7,13.55,7.54,0.88,10.75,7.91
design_3588,1.58,1.78,1.14,2.46,1.45,1.81,1.21,1.71,15.41,8.26,0.89,26.3,21.07
design_3589,1.68,1.91,0.93,2.53,1.32,1.79,1.23,1.71,15.51,8.3,0.89,10.7,7.26
design_3590,1.8,1.73,1.06,2.4,0.83,1.78,1.18,1.64,15.27,8.22,0.89,32.63,24.17
design_3591,1.6,1.73,0.88,2.4,0.79,1.56,1.11,1.55,15.46,8.32,0.88,19.04,12.73
design_3592,1.39,2.37,3.01,2.61,1.22,1.22,1.5,2.24,15.12,8.3,0.87,25.93,18.58
design_3593,1.29,2.31,3.3,2.8,1.15,1.28,1.53,2.36,14.67,8.03,0.87,8.66,6.72
design_3594,1.58,2.03,3.15,2.74,1.16,1.75,1.53,2.33,16.46,8.72,0.88,14.63,13.17
design_3595,1.17,2.3,2.86,2.68,1.15,1.06,1.45,2.16,13.84,7.7,0.87,20.75,15.76
design_3596,1.6,2.72,3.07,2.98,1.18,1.34,1.62,2.42,12.69,7.2,0.87,11.19,9.03
design_3597,1.27,2.13,3.73,2.66,1.18,1.38,1.53,2.48,12.91,7.27,0.87,31.44,23.07
design_3598,0.97,2.24,2.57,2.8,1.59,1.04,1.42,2.1,10.58,6.23,0.87,26.11,19.55
design_3599,1.07,2.2,2.12,2.56,1.21,1.1,1.33,1.87,14.08,7.89,0.86,29.78,22.56
design_3600,1.18,1.52,1.78,1.84,0.98,6.64,1.87,3.64,18.69,10.38,0.85,35.75,24.74
design_3601,0.94,1.41,1.8,1.86,0.86,4.55,1.42,2.65,17.23,9.87,0.84,28.58,22.26
design_3602,0.87,0.89,4.17,1.71,1.05,2.02,1.29,2.37,17.61,9.98,0.85,33.12,23.65
design_3603,0.78,0.88,1.45,1.68,0.67,4.86,1.41,2.69,17.31,9.9,0.85,30.2,23.22
design_3604,1.05,1.61,1.72,1.9,1.06,4.24,1.41,2.54,16.76,9.63,0.85,29.11,23.09
design_3605,0.79,1.16,1.5,2.05,0.73,5.52,1.57,3.05,17.19,9.82,0.85,30.48,24.57
design_3606,1.17,1.33,1.67,1.88,1.18,4.34,1.42,2.56,17.13,9.8,0.84,28.79,21.55
design_3607,1.03,1.28,1.77,1.86,1.15,3.96,1.35,2.4,17.38,9.86,0.85,30.16,24.01
design_3608,1.16,3.31,0.72,2.12,1.06,4.95,1.54,2.9,15.86,8.97,0.86,11.54,9.1
design_3609,1.08,3.2,0.9,2.34,1.17,4.09,1.41,2.6,14.48,8.49,0.85,15.9,11.93
design_3610,1.15,3.1,1.97,2.4,1.0,1.64,1.29,1.98,18.39,9.69,0.88,22.79,20.94
design_3611,1.12,3.54,1.24,2.2,1.59,4.71,1.6,2.92,15.63,8.88,0.86,10.66,8.64
design_3612,1.23,3.51,1.07,2.35,1.22,5.33,1.66,3.14,12.36,7.17,0.87,13.64,10.5
design_3613,1.15,3.43,1.61,2.33,1.4,5.18,1.66,3.1,13.74,7.85,0.87,9.24,7.83
design_3614,1.37,3.71,0.75,2.33,1.15,5.28,1.71,3.14,16.88,9.13,0.88,24.59,19.55
design_3615,1.11,3.12,1.64,2.09,1.24,5.15,1.56,2.99,10.69,6.79,0.85,13.18,10.45
design_3616,1.52,1.42,2.02,2.39,1.33,1.13,1.23,1.7,14.5,8.22,0.87,10.92,9.7
design_3617,1.9,1.58,1.71,2.8,1.5,1.32,1.43,1.9,17.28,9.28,0.88,28.54,24.44
design_3618,1.29,1.41,2.41,2.27,1.14,1.43,1.19,1.72,13.42,7.72,0.87,8.65,6.08
design_3619,1.42,1.47,1.45,2.32,1.43,1.18,1.18,1.61,15.89,8.86,0.87,12.35,9.42
design_3620,1.36,1.47,2.23,2.54,1.49,1.57,1.36,1.83,16.29,8.93,0.88,12.21,11.29
design_3621,1.26,1.45,2.27,2.56,1.35,1.48,1.26,1.8,15.67,8.68,0.88,13.62,11.51
design_3622,1.69,1.35,2.31,2.55,1.49,1.56,1.29,1.88,13.86,7.84,0.88,7.91,4.65
design_3623,1.61,1.53,2.33,2.67,1.37,1.52,1.28,1.91,12.08,7.08,0.87,9.11,6.03
design_3624,1.24,2.52,4.55,1.81,1.29,1.84,1.57,2.84,15.08,8.65,0.85,7.57,6.13
design_3625,1.06,2.44,3.97,1.76,0.99,2.33,1.5,2.61,13.64,8.23,0.83,29.0,21.42
design_3626,1.32,2.56,3.98,1.76,0.87,1.82,1.5,2.57,14.24,8.31,0.84,10.85,7.72
design_3627,1.39,2.7,4.14,2.16,1.02,2.41,1.64,2.79,16.35,9.26,0.85,28.92,21.06
design_3628,1.15,2.63,4.56,1.74,0.95,2.31,1.58,2.88,13.96,8.29,0.84,27.44,20.18
design_3629,1.26,2.58,5.32,2.01,1.0,2.19,1.76,3.23,17.04,9.49,0.85,33.41,24.64
design_3630,1.0,2.25,5.87,1.83,1.86,1.13,1.75,3.39,14.36,8.09,0.87,10.74,7.38
design_3631,1.17,2.46,5.07,1.8,0.99,1.84,1.67,3.04,16.62,9.28,0.85,25.93,18.35
design_3632,1.66,2.21,1.11,2.35,1.06,3.35,1.41,2.25,16.5,9.34,0.84,18.62,14.44
design_3633,1.57,2.13,1.0,2.42,0.8,3.47,1.44,2.26,16.14,9.22,0.84,29.49,22.32
design_3634,1.25,2.07,0.54,2.04,1.01,3.09,1.29,1.99,11.29,7.31,0.83,4.83,3.16
design_3635,1.46,2.07,0.67,2.44,0.98,3.37,1.45,2.19,17.33,9.75,0.86,12.57,9.24
design_3636,1.43,2.42,1.1,2.53,1.62,3.37,1.52,2.33,12.71,7.77,0.84,8.63,7.14
design_3637,1.05,1.85,0.72,2.06,2.02,3.24,1.29,2.12,8.52,6.04,0.84,2.94,3.2
design_3638,1.12,1.77,0.51,1.81,0.99,3.84,1.3,2.21,13.41,8.17,0.83,5.13,4.2
design_3639,1.09,1.86,0.56,1.84,1.07,3.57,1.27,2.12,7.32,5.53,0.84,2.44,2.51
design_3640,1.19,2.1,3.36,1.99,0.88,2.18,1.44,2.32,15.35,8.86,0.85,11.56,8.07
design_3641,0.89,1.83,3.86,1.83,0.82,2.2,1.43,2.46,9.76,6.51,0.84,15.54,11.36
design_3642,1.27,2.36,2.74,2.03,1.02,2.13,1.4,2.13,17.76,9.7,0.86,31.13,22.34
design_3643,1.31,1.3,4.8,1.54,0.99,2.38,1.5,2.88,13.74,8.2,0.84,8.92,8.78
design_3644,1.07,1.69,3.33,1.77,0.82,1.67,1.32,2.15,17.24,9.72,0.85,15.55,11.63
design_3645,1.09,1.65,4.59,1.63,0.84,1.81,1.48,2.72,14.33,8.44,0.84,12.87,8.98
design_3646,1.25,1.75,2.85,1.78,0.83,1.84,1.28,2.0,15.74,8.99,0.85,8.34,5.67
design_3647,1.25,2.27,3.25,1.87,0.86,1.93,1.4,2.25,17.42,9.63,0.86,31.68,21.84
design_3648,1.12,2.69,1.07,2.5,1.36,5.53,1.69,3.05,12.95,7.57,0.86,14.81,11.31
design_3649,1.11,2.16,1.9,2.55,1.1,5.5,1.68,3.04,9.8,6.24,0.86,11.57,7.63
design_3650,1.18,1.84,2.1,2.45,1.03,5.86,1.67,3.16,8.17,5.7,0.85,13.11,8.57
design_3651,1.19,2.87,1.53,2.55,1.04,5.68,1.75,3.15,10.07,6.29,0.86,28.33,20.06
design_3652,1.33,2.1,2.5,2.2,1.24,5.43,1.66,3.05,16.45,9.28,0.86,11.37,7.67
design_3653,1.21,1.99,2.27,2.2,1.04,5.93,1.69,3.19,4.94,4.1,0.87,14.64,9.29
design_3654,1.29,2.62,2.62,2.85,1.18,6.52,1.96,3.61,9.42,6.03,0.86,31.65,22.54
design_3655,1.23,3.01,1.02,2.91,1.19,5.74,1.81,3.22,11.73,6.85,0.87,24.28,17.3
design_3656,0.92,1.07,4.74,1.85,0.92,2.73,1.46,2.58,17.04,9.2,0.87,26.57,19.73
design_3657,1.18,1.11,0.93,1.82,1.1,2.68,1.19,1.6,16.08,8.78,0.88,31.74,22.26
design_3658,1.22,0.95,1.17,1.79,0.98,2.74,1.18,1.62,16.88,9.09,0.88,28.52,23.54
design_3659,1.2,1.03,1.17,1.74,1.04,2.53,1.21,1.56,16.76,9.21,0.87,30.12,24.08
design_3660,1.09,0.92,0.87,1.49,1.08,2.22,1.04,1.37,15.22,8.51,0.87,32.95,25.47
design_3661,1.05,0.84,1.0,1.65,0.87,2.65,1.08,1.5,16.78,9.09,0.88,32.04,23.09
design_3662,1.11,0.83,0.64,1.65,1.05,2.79,1.13,1.53,16.3,8.83,0.88,31.1,24.03
design_3663,0.79,0.77,0.81,1.74,0.86,2.74,1.09,1.5,11.39,6.87,0.86,35.84,27.92
design_3664,1.55,2.45,2.24,2.26,1.45,1.14,1.34,1.93,13.67,7.59,0.88,6.12,4.57
design_3665,1.57,2.4,2.36,2.28,1.48,1.1,1.31,1.95,16.87,8.96,0.89,12.07,10.15
design_3666,1.8,2.42,2.43,2.3,1.52,1.09,1.37,2.01,16.2,8.62,0.89,17.27,15.18
design_3667,1.4,2.36,2.4,2.06,1.41,1.11,1.26,1.87,15.43,8.31,0.89,6.39,5.45
design_3668,1.4,2.49,1.11,2.32,1.33,1.01,1.23,1.74,11.88,6.9,0.87,4.9,4.1
design_3669,1.63,2.4,2.32,2.49,1.59,1.16,1.36,2.02,16.03,8.52,0.9,17.26,14.55
design_3670,1.47,2.26,2.08,2.35,1.43,1.16,1.33,1.87,13.96,7.7,0.89,4.0,4.01
design_3671,1.27,2.22,2.06,2.14,1.39,1.1,1.23,1.77,15.77,8.49,0.89,9.94,8.53
design_3672,1.78,2.75,2.45,1.6,1.38,6.43,1.89,3.71,14.74,8.6,0.85,28.24,21.22
design_3673,2.23,3.62,1.84,2.18,1.67,2.81,1.57,2.48,17.26,9.78,0.85,30.47,22.11
design_3674,1.77,2.81,2.46,1.72,1.31,6.39,1.9,3.7,17.17,9.63,0.86,29.67,23.02
design_3675,1.67,2.76,2.24,1.71,1.4,5.87,1.78,3.44,14.68,8.59,0.84,31.98,24.25
design_3676,1.9,3.05,2.14,1.77,1.45,5.98,1.85,3.53,14.08,8.38,0.84,19.67,14.45
design_3677,2.16,3.27,1.85,2.47,1.46,2.69,1.6,2.4,17.43,9.8,0.86,11.03,8.86
design_3678,2.38,3.29,2.56,2.51,1.62,3.11,1.71,2.69,17.03,9.67,0.85,32.06,23.19
design_3679,1.95,3.25,2.15,1.71,1.32,6.37,1.91,3.72,13.08,7.92,0.84,26.7,20.52
design_3680,1.55,3.39,1.7,2.51,1.24,2.61,1.42,2.28,16.79,9.22,0.87,16.44,11.66
design_3681,1.37,3.13,1.8,2.34,1.48,2.42,1.37,2.16,16.88,9.33,0.87,15.03,11.35
design_3682,1.49,2.84,3.19,2.54,1.57,2.67,1.44,2.48,16.94,9.37,0.87,12.58,10.27
design_3683,1.44,2.79,3.63,2.21,1.31,2.59,1.43,2.47,16.1,9.07,0.87,19.31,15.89
design_3684,1.5,3.06,3.35,2.45,1.36,2.59,1.48,2.5,16.17,9.08,0.87,18.44,15.29
design_3685,1.36,2.81,1.77,2.2,1.2,2.65,1.3,2.09,15.16,8.6,0.86,10.98,8.08
design_3686,1.52,2.94,3.46,2.46,1.35,2.4,1.45,2.48,13.0,7.74,0.86,16.46,13.62
design_3687,1.5,2.43,3.29,2.0,0.89,2.33,1.3,2.22,11.61,7.12,0.86,16.22,13.87
design_3688,1.27,1.64,0.83,1.97,1.17,2.27,1.08,1.57,15.9,8.81,0.86,33.48,24.89
design_3689,1.15,1.65,1.1,1.74,1.25,2.26,1.02,1.56,8.86,5.67,0.87,5.01,3.59
design_3690,1.16,1.96,0.98,1.87,1.17,2.34,1.08,1.62,14.94,8.16,0.87,19.0,13.79
design_3691,1.1,1.86,1.7,2.18,1.33,2.23,1.2,1.78,13.72,7.89,0.86,6.41,5.05
design_3692,1.25,1.62,0.88,1.91,0.97,2.35,1.05,1.56,15.09,8.22,0.88,27.67,20.12
design_3693,1.2,1.45,1.02,2.0,1.05,2.43,1.03,1.59,13.84,7.75,0.87,23.34,16.7
design_3694,1.19,2.29,1.54,2.16,1.14,2.42,1.19,1.84,10.08,6.21,0.86,6.55,5.0
design_3695,1.04,1.45,0.98,1.88,1.03,2.4,1.02,1.53,11.59,6.74,0.87,7.25,5.64
design_3696,1.07,2.47,1.89,1.82,0.72,1.94,1.17,1.77,16.22,9.02,0.86,23.01,14.13
design_3697,1.04,2.63,4.23,1.89,1.1,2.25,1.53,2.71,17.03,9.52,0.86,8.98,6.8
design_3698,1.05,2.31,2.38,1.66,0.98,4.12,1.39,2.42,13.46,7.91,0.85,10.43,6.67
design_3699,0.96,2.3,1.85,2.26,1.28,2.11,1.24,1.87,5.89,4.84,0.86,2.0,1.86
design_3700,1.16,1.88,3.18,1.8,1.02,2.37,1.38,2.22,5.92,4.9,0.86,2.2,2.3
design_3701,0.92,2.34,1.87,1.9,0.91,2.52,1.22,1.88,9.63,6.46,0.85,6.54,4.41
design_3702,1.0,2.17,1.75,1.84,1.06,2.38,1.21,1.79,10.0,6.47,0.85,5.51,3.64
design_3703,1.07,2.24,2.77,1.84,1.7,2.09,1.33,2.12,8.47,5.92,0.85,3.12,2.78
design_3704,8.41,19.97,7.27,26.05,11.82,21.23,14.55,16.98,16.18,9.46,0.84,24.32,14.94
design_3705,9.25,19.57,6.79,26.13,12.31,21.4,14.57,17.05,6.35,5.25,0.84,20.16,13.45
design_3706,8.78,19.45,6.63,26.1,12.17,20.88,14.54,16.84,6.78,5.35,0.84,22.83,14.5
design_3707,8.31,19.23,7.01,25.97,11.57,20.94,14.49,16.72,16.78,9.71,0.85,24.84,15.0
design_3708,7.86,18.8,7.36,25.94,11.35,20.36,14.4,16.49,19.41,10.61,0.86,21.85,19.54
design_3709,8.54,18.74,6.01,25.7,11.5,20.38,14.39,16.38,8.02,5.79,0.84,21.2,13.76
design_3710,7.81,19.34,7.16,26.05,11.47,20.78,14.44,16.69,18.2,10.09,0.85,27.1,19.72
design_3711,7.74,18.51,7.96,25.8,11.12,20.36,14.38,16.44,19.21,10.63,0.85,36.04,27.09
design_3712,1.39,1.83,0.95,1.95,1.09,1.12,1.1,1.45,9.97,6.28,0.86,3.1,2.3
design_3713,1.39,2.15,5.23,1.96,1.17,1.2,1.46,2.56,12.81,7.36,0.87,11.03,6.88
design_3714,1.39,2.26,2.13,2.25,1.05,1.59,1.3,1.84,11.63,6.94,0.86,5.96,4.39
design_3715,1.21,1.8,5.17,1.75,1.22,1.12,1.36,2.45,12.93,7.45,0.87,10.35,6.71
design_3716,1.22,1.72,1.7,1.82,1.43,1.09,1.09,1.52,9.87,6.31,0.86,3.52,2.87
design_3717,1.23,2.24,2.28,1.96,1.28,1.34,1.23,1.77,12.54,7.25,0.88,3.73,3.65
design_3718,1.28,2.22,1.69,2.1,1.39,1.16,1.19,1.69,11.25,6.92,0.86,3.11,3.01
design_3719,1.58,2.47,5.27,1.97,1.11,1.1,1.51,2.63,9.31,5.92,0.87,13.1,7.91
design_3720,1.23,1.25,1.75,2.07,1.21,1.18,1.05,1.49,12.21,7.12,0.87,6.52,4.13
design_3721,1.42,1.58,1.17,2.29,1.3,1.3,1.16,1.59,15.63,8.59,0.88,8.55,6.21
design_3722,1.48,1.63,1.6,2.42,1.36,1.36,1.22,1.7,16.98,9.13,0.88,14.34,9.85
design_3723,1.65,1.87,1.58,2.33,1.32,1.25,1.21,1.73,15.79,8.71,0.87,7.94,5.77
design_3724,1.3,1.48,0.84,2.26,1.39,1.09,1.11,1.5,16.14,8.89,0.88,8.45,6.36
design_3725,1.22,1.32,1.69,2.4,1.32,1.23,1.1,1.6,14.26,8.06,0.87,3.8,2.96
design_3726,1.53,1.57,0.71,2.6,1.31,1.46,1.25,1.68,12.12,7.14,0.87,6.95,5.01
design_3727,1.4,1.86,1.07,2.44,1.27,1.32,1.17,1.66,14.51,8.2,0.88,5.18,4.01
design_3728,11.32,22.52,12.15,26.6,13.33,22.42,14.98,18.5,5.65,4.84,0.85,27.55,15.76
design_3729,9.97,22.69,11.49,26.85,13.56,22.39,14.97,18.37,12.89,7.57,0.86,27.85,17.55
design_3730,8.77,21.17,14.35,26.47,12.21,22.81,14.98,18.45,15.34,8.9,0.84,15.96,13.92
design_3731,9.96,21.9,13.87,26.74,12.58,23.84,15.06,18.87,15.94,9.33,0.82,25.24,15.95
design_3732,10.83,22.2,10.53,26.79,12.8,23.4,14.97,18.35,8.87,6.36,0.83,29.25,18.47
design_3733,10.02,22.14,10.27,26.22,13.65,21.87,14.81,17.85,4.19,4.16,0.86,27.05,15.88
design_3734,9.86,21.82,14.38,26.85,13.25,23.07,15.09,18.87,13.43,8.34,0.83,26.99,17.58
design_3735,10.84,22.43,11.73,26.82,13.55,22.35,14.99,18.43,9.0,6.13,0.84,27.6,17.28
design_3736,1.45,1.94,0.68,2.27,1.33,3.5,1.52,2.29,16.98,9.59,0.85,30.23,21.33
design_3737,1.11,1.8,0.9,1.84,1.16,4.11,1.52,2.47,17.41,9.85,0.85,31.55,24.6
design_3738,0.98,1.78,0.72,1.8,1.01,4.04,1.45,2.4,17.29,9.8,0.85,22.06,16.69
design_3739,0.85,1.72,0.95,1.81,1.28,4.02,1.44,2.41,18.5,10.34,0.85,25.7,19.2
design_3740,1.5,1.84,0.58,2.47,1.37,3.71,1.62,2.41,17.61,9.83,0.86,16.86,11.48
design_3741,1.05,1.64,1.21,1.75,1.0,4.63,1.57,2.7,17.11,9.73,0.85,30.59,23.6
design_3742,1.11,1.71,0.9,1.67,1.41,4.21,1.46,2.5,15.8,9.23,0.84,35.66,25.73
design_3743,1.14,1.85,0.99,1.86,1.32,3.76,1.45,2.33,16.21,9.34,0.84,35.25,25.55
design_3744,1.23,1.67,1.84,2.4,0.87,2.31,1.28,1.85,13.79,8.24,0.84,9.5,6.12
design_3745,1.3,2.02,2.96,2.27,1.19,1.94,1.42,2.1,18.0,9.99,0.86,34.99,25.11
design_3746,1.41,2.03,1.93,2.26,0.99,5.64,1.66,3.02,12.91,7.69,0.85,3.42,3.62
design_3747,1.36,0.95,2.86,2.25,0.86,4.89,1.51,2.81,5.76,4.72,0.85,7.9,5.21
design_3748,1.02,1.52,2.28,2.27,0.99,5.16,1.55,2.82,16.8,9.48,0.85,8.29,7.33
design_3749,1.48,1.97,2.92,2.44,1.17,1.82,1.44,2.11,17.73,9.84,0.86,30.56,22.12
design_3750,1.19,1.6,2.28,2.34,2.4,2.6,1.33,2.16,12.61,7.46,0.86,10.55,6.55
design_3751,1.32,1.72,3.85,2.67,1.65,2.16,1.55,2.48,14.71,8.7,0.84,8.65,7.03
design_3752,1.2,1.62,1.24,1.64,1.23,2.59,1.16,1.75,15.09,8.95,0.84,5.67,3.87
design_3753,1.25,1.43,1.26,1.68,1.97,3.39,1.3,2.11,8.8,6.26,0.84,6.36,5.41
design_3754,0.93,1.72,1.18,1.7,1.9,3.55,1.26,2.16,7.47,5.8,0.84,6.36,4.14
design_3755,1.12,1.8,1.51,1.61,0.88,3.43,1.23,2.09,15.31,9.05,0.84,15.55,10.31
design_3756,1.18,1.71,1.61,1.67,1.84,3.68,1.33,2.28,11.56,7.45,0.83,9.27,6.68
design_3757,1.15,1.63,1.37,1.68,0.82,2.78,1.13,1.82,17.74,9.99,0.85,6.13,4.59
design_3758,1.22,1.83,1.21,1.57,1.01,3.0,1.18,1.89,18.2,10.21,0.84,4.65,3.81
design_3759,1.16,1.55,1.03,1.64,0.97,2.54,1.08,1.66,15.28,9.04,0.83,9.73,6.29
design_3760,8.18,20.55,7.16,27.14,12.51,20.65,14.63,17.28,16.21,9.1,0.86,22.39,13.23
design_3761,6.91,19.79,6.68,26.79,12.26,20.42,14.53,16.83,15.75,8.91,0.86,21.9,13.76
design_3762,7.81,18.4,5.33,26.47,11.39,20.2,14.4,16.34,5.89,4.67,0.86,25.97,17.96
design_3763,7.18,20.37,8.3,26.93,12.66,20.57,14.62,17.21,15.89,8.8,0.87,24.26,15.42
design_3764,6.9,20.23,6.79,26.85,11.96,20.54,14.55,16.93,16.38,9.07,0.87,22.72,14.55
design_3765,6.99,20.35,6.88,27.06,12.41,20.66,14.6,17.09,15.52,8.61,0.87,22.93,14.04
design_3766,7.14,20.22,7.44,26.81,12.39,20.55,14.58,17.03,16.0,8.93,0.86,24.43,16.86
design_3767,7.7,20.55,8.23,27.05,12.75,20.64,14.66,17.33,14.69,8.09,0.88,23.92,16.17
design_3768,0.8,2.21,2.36,2.07,0.97,3.52,1.51,2.38,6.28,5.28,0.84,3.35,3.21
design_3769,0.57,1.42,3.52,1.66,0.89,2.3,1.35,2.27,12.99,8.1,0.83,8.96,6.91
design_3770,0.65,1.51,3.43,1.8,0.85,3.86,1.57,2.71,7.08,5.56,0.84,12.33,8.8
design_3771,0.9,1.87,2.51,1.94,1.35,3.84,1.54,2.52,14.2,8.57,0.83,12.31,7.84
design_3772,0.75,1.96,2.28,1.7,1.09,5.74,1.75,3.18,7.75,5.91,0.83,5.77,4.46
design_3773,0.87,1.84,3.45,2.01,1.37,4.53,1.74,3.02,16.98,9.72,0.82,18.11,13.42
design_3774,1.1,2.07,2.7,2.27,1.38,3.06,1.58,2.38,12.99,8.04,0.83,5.98,5.77
design_3775,0.81,2.07,4.23,1.87,1.34,3.34,1.7,2.91,8.86,6.47,0.83,32.12,22.63
design_3776,1.63,2.02,2.18,2.98,1.28,1.75,1.41,2.07,11.57,6.81,0.87,6.69,5.63
design_3777,1.34,1.8,1.32,2.67,1.16,1.53,1.23,1.72,12.68,7.32,0.87,6.93,5.97
design_3778,1.49,2.07,1.45,2.6,1.44,1.61,1.32,1.82,16.76,9.02,0.88,16.2,10.95
design_3779,1.57,2.08,1.99,2.8,1.2,1.84,1.4,1.99,15.49,8.51,0.88,16.51,12.85
design_3780,1.44,1.93,1.62,2.8,1.23,1.66,1.31,1.86,14.07,7.87,0.87,9.22,6.69
design_3781,1.55,1.93,2.2,3.01,0.87,1.81,1.37,2.03,12.73,7.37,0.87,13.6,9.96
design_3782,1.48,1.7,1.42,2.43,1.15,1.78,1.25,1.71,15.44,8.37,0.89,16.43,13.75
design_3783,1.71,2.12,2.32,2.7,1.28,1.25,1.39,2.0,16.76,9.0,0.88,16.08,10.85
design_3784,1.79,2.42,3.34,2.0,1.31,1.81,1.39,2.37,17.54,9.88,0.85,29.26,21.67
design_3785,1.48,2.46,2.54,2.05,1.59,2.39,1.37,2.2,18.95,10.27,0.86,19.19,14.54
design_3786,1.64,2.37,3.9,1.89,1.31,1.87,1.45,2.57,17.8,10.09,0.84,31.26,23.9
design_3787,1.74,2.66,3.27,2.02,1.56,1.62,1.41,2.37,17.07,9.31,0.87,26.33,20.98
design_3788,1.97,2.63,2.03,2.02,1.47,1.88,1.31,2.02,15.47,8.66,0.86,19.38,13.09
design_3789,1.69,2.5,2.69,2.01,1.65,1.61,1.33,2.14,17.32,9.53,0.86,27.58,21.21
design_3790,1.49,2.19,3.25,2.46,1.73,1.68,1.39,2.36,18.59,10.05,0.86,23.53,19.03
design_3791,1.91,2.59,3.45,2.15,1.47,2.24,1.52,2.54,17.82,9.83,0.86,27.63,20.29
design_3792,1.11,1.75,2.28,2.27,1.34,4.29,1.59,2.62,9.5,6.45,0.84,9.51,6.14
design_3793,1.58,2.0,2.42,2.37,0.94,3.54,1.55,2.45,16.19,9.45,0.83,29.23,21.08
design_3794,1.28,1.6,2.64,2.32,1.12,3.39,1.47,2.4,17.64,10.05,0.83,30.19,22.56
design_3795,1.42,1.49,4.2,2.17,1.29,4.31,1.77,3.18,16.3,9.3,0.84,25.71,19.72
design_3796,1.65,2.14,2.69,2.39,0.96,3.52,1.63,2.54,17.12,9.84,0.83,30.34,21.29
design_3797,1.29,2.1,1.86,2.07,1.0,3.65,1.49,2.3,9.58,6.77,0.83,4.04,3.74
design_3798,1.17,1.81,2.25,2.34,1.28,4.72,1.67,2.79,17.21,9.53,0.86,25.32,18.33
design_3799,1.35,1.56,2.26,2.16,1.25,4.87,1.66,2.82,13.72,8.15,0.84,24.51,17.85
design_3800,1.09,2.04,3.99,2.01,0.75,1.4,1.36,2.42,14.31,8.03,0.87,15.79,12.45
design_3801,1.24,2.38,4.37,2.4,1.19,1.55,1.56,2.72,14.28,7.85,0.88,13.29,10.29
design_3802,1.14,2.26,4.04,2.05,0.95,1.43,1.44,2.49,12.48,7.28,0.87,17.25,12.95
design_3803,1.08,1.98,3.74,1.84,0.77,1.07,1.31,2.26,17.19,9.33,0.87,18.5,11.66
design_3804,1.48,2.58,4.36,2.5,1.19,1.65,1.65,2.78,15.04,8.13,0.88,29.96,24.08
design_3805,1.24,2.21,3.2,2.16,0.88,1.21,1.36,2.15,16.14,8.75,0.88,31.23,23.69
design_3806,1.19,2.33,3.51,2.0,0.75,1.06,1.35,2.24,16.73,9.05,0.88,31.82,23.89
design_3807,1.13,2.18,3.78,1.91,0.81,1.47,1.35,2.35,16.69,9.0,0.88,25.49,19.9
design_3808,1.23,1.62,1.5,1.92,0.8,2.22,1.07,1.62,5.16,4.3,0.87,3.91,2.47
design_3809,1.48,2.4,3.1,2.16,1.22,2.08,1.42,2.27,10.25,6.56,0.85,6.24,4.54
design_3810,1.65,2.25,2.11,2.32,1.1,2.05,1.34,1.98,8.6,5.78,0.86,4.44,3.85
design_3811,1.62,2.34,2.11,2.22,1.11,2.44,1.38,2.04,5.76,4.57,0.87,2.84,3.11
design_3812,1.55,2.44,1.95,2.22,1.02,1.82,1.31,1.9,12.15,7.22,0.86,3.58,2.72
design_3813,1.25,1.31,1.27,1.89,0.61,2.28,0.99,1.53,4.67,4.11,0.87,5.05,2.81
design_3814,1.34,1.88,1.62,2.0,1.81,2.32,1.24,1.83,6.92,5.03,0.86,2.73,2.21
design_3815,1.65,2.27,2.47,2.12,1.23,1.87,1.36,2.04,7.3,5.31,0.86,4.32,3.66
design_3816,1.47,2.14,1.02,2.21,1.19,5.22,1.53,2.75,11.26,6.88,0.85,2.9,3.55
design_3817,1.56,2.73,1.56,2.09,1.23,5.47,1.61,2.95,16.19,8.86,0.87,14.18,9.89
design_3818,1.3,2.19,1.22,2.18,1.12,5.23,1.53,2.75,12.95,7.64,0.86,3.39,3.78
design_3819,1.88,3.18,1.99,2.28,1.41,5.57,1.74,3.16,15.63,8.68,0.86,24.76,17.1
design_3820,1.88,2.39,4.05,2.68,1.24,2.3,1.56,2.59,16.41,9.13,0.87,14.51,11.61
design_3821,1.17,2.18,1.72,2.12,1.19,5.24,1.51,2.78,12.9,7.54,0.86,6.75,5.67
design_3822,1.73,2.91,1.81,2.24,1.33,5.5,1.68,3.05,15.41,8.58,0.87,10.85,9.68
design_3823,1.82,2.86,1.79,2.35,1.06,5.74,1.74,3.14,15.68,8.6,0.88,23.55,18.18
design_3824,0.88,1.72,1.55,2.33,1.2,4.6,1.6,2.73,5.4,4.76,0.85,3.29,3.12
design_3825,1.0,1.9,1.42,2.51,1.19,3.85,1.52,2.43,5.5,4.82,0.85,3.04,3.17
design_3826,1.1,1.8,1.49,2.55,1.38,4.54,1.64,2.75,5.27,4.66,0.86,4.39,3.78
design_3827,1.22,1.98,1.26,2.87,1.25,4.36,1.64,2.71,8.28,5.97,0.84,28.39,19.91
design_3828,1.19,2.08,1.64,2.5,0.99,3.67,1.57,2.41,4.91,4.56,0.85,4.91,4.08
design_3829,1.07,1.66,1.64,2.34,1.33,3.75,1.48,2.39,5.47,4.91,0.85,4.8,3.61
design_3830,1.38,1.82,1.49,2.42,1.22,5.04,1.69,2.96,9.42,6.54,0.84,29.19,21.06
design_3831,1.13,2.06,1.52,2.7,1.32,4.52,1.66,2.78,13.59,8.2,0.84,26.89,19.13
design_3832,1.32,2.53,2.16,2.05,1.01,4.57,1.62,2.84,11.74,7.63,0.83,28.19,19.51
design_3833,1.27,2.43,1.69,2.11,0.89,3.91,1.49,2.48,19.71,10.88,0.85,22.88,12.84
design_3834,1.07,2.68,3.73,2.1,1.28,4.38,1.74,3.17,20.29,11.09,0.85,25.93,16.76
design_3835,1.33,2.34,1.63,2.29,0.92,4.7,1.55,2.8,18.26,10.33,0.84,6.21,7.09
design_3836,1.24,2.42,3.96,2.01,0.79,4.77,1.78,3.33,19.92,11.04,0.84,34.33,20.59
design_3837,1.2,2.4,3.53,2.1,1.01,4.12,1.65,2.99,14.34,8.74,0.82,28.13,18.27
design_3838,1.21,2.47,2.29,1.92,1.16,4.31,1.54,2.74,14.72,8.76,0.84,9.84,9.06
design_3839,1.27,2.48,1.57,1.95,0.98,3.84,1.43,2.42,17.64,9.96,0.85,25.82,16.63
design_3840,1.25,2.48,1.25,2.63,0.75,1.06,1.24,1.72,14.5,8.16,0.87,9.65,6.69
design_3841,1.21,2.24,1.23,2.22,0.8,1.01,1.13,1.56,12.76,7.41,0.87,13.72,10.63
design_3842,1.24,2.23,3.2,2.73,1.01,1.37,1.4,2.19,14.73,8.21,0.87,7.99,7.13
design_3843,1.14,2.37,3.89,2.6,0.81,1.39,1.41,2.38,17.09,9.29,0.88,12.28,9.36
design_3844,1.13,2.45,0.88,2.77,1.0,1.48,1.28,1.76,13.8,7.84,0.87,9.03,6.02
design_3845,1.3,2.25,3.05,2.59,1.22,1.37,1.37,2.14,14.7,8.19,0.88,6.74,6.06
design_3846,1.14,2.14,3.9,2.59,1.0,0.99,1.38,2.33,15.41,8.34,0.89,9.85,7.8
design_3847,1.33,2.3,1.55,3.01,0.94,1.7,1.4,1.93,6.59,4.9,0.86,3.85,2.96
design_3848,1.28,3.35,1.73,2.14,1.16,2.34,1.47,2.1,16.58,9.33,0.86,20.65,15.27
design_3849,1.78,3.26,1.22,2.46,1.49,2.16,1.59,2.12,15.3,8.6,0.86,30.46,20.97
design_3850,1.39,2.9,1.06,2.04,1.28,1.89,1.38,1.82,16.5,9.02,0.87,31.27,21.59
design_3851,1.37,3.17,1.73,2.33,1.23,2.3,1.46,2.1,15.52,8.73,0.86,20.93,16.0
design_3852,1.43,3.33,1.19,2.43,1.35,2.1,1.55,2.05,16.05,8.97,0.86,21.15,14.98
design_3853,1.26,3.02,1.12,2.21,1.27,2.28,1.39,1.94,15.52,8.68,0.86,21.93,16.61
design_3854,1.41,3.48,1.29,2.48,1.23,2.28,1.57,2.13,14.7,8.27,0.86,12.29,8.38
design_3855,1.42,3.04,1.51,1.92,0.94,2.21,1.38,1.93,17.75,9.63,0.87,26.22,19.69
design_3856,1.25,1.63,1.86,1.99,0.97,5.21,1.66,2.93,17.99,10.03,0.85,10.08,8.21
design_3857,1.18,1.56,2.61,1.88,0.77,4.91,1.66,2.91,15.45,9.14,0.84,27.34,21.3
design_3858,1.31,1.77,2.51,2.16,0.92,4.71,1.68,2.86,16.11,9.3,0.84,26.81,19.82
design_3859,1.42,1.51,2.34,2.03,1.24,4.71,1.63,2.82,11.42,7.39,0.84,27.98,20.61
design_3860,1.33,1.81,2.24,2.17,1.09,4.88,1.68,2.89,17.4,9.7,0.86,23.13,16.5
design_3861,1.25,1.6,2.11,1.99,0.94,5.43,1.75,3.05,16.61,9.39,0.85,30.29,22.43
design_3862,1.24,1.75,2.37,1.95,0.89,4.93,1.67,2.9,17.51,9.84,0.85,22.83,17.4
design_3863,1.32,1.7,2.29,1.96,1.05,5.05,1.68,2.94,16.44,9.44,0.84,34.37,23.98
design_3864,0.79,2.24,3.52,1.74,1.07,5.13,1.63,3.02,14.74,8.11,0.88,15.85,11.01
design_3865,1.12,1.62,5.69,1.8,1.02,5.39,1.93,3.78,13.59,7.64,0.87,14.19,9.4
design_3866,0.92,2.43,2.96,2.05,1.67,4.95,1.63,2.9,5.55,4.43,0.87,10.73,7.65
design_3867,1.45,1.67,6.72,2.12,1.31,5.57,2.17,4.26,15.13,8.16,0.88,16.24,12.43
design_3868,0.83,1.38,6.02,1.92,2.23,5.4,1.98,3.95,7.22,4.93,0.87,9.83,8.19
design_3869,1.27,1.77,5.96,2.15,1.0,5.43,2.03,3.93,15.59,8.3,0.89,8.17,7.0
design_3870,1.0,2.13,4.83,1.71,1.16,5.24,1.79,3.46,14.98,8.16,0.88,17.5,11.83
design_3871,0.57,2.11,3.9,1.7,0.93,5.08,1.62,3.09,13.54,7.66,0.87,18.01,11.94
design_3872,1.0,2.12,7.01,1.92,1.18,8.92,2.83,5.68,16.61,9.49,0.85,9.73,7.87
design_3873,1.45,1.97,3.71,2.09,1.19,1.79,1.56,2.37,7.58,5.57,0.85,6.2,4.41
design_3874,1.21,1.76,3.37,1.75,1.31,4.03,1.61,2.8,17.42,10.0,0.83,16.52,11.63
design_3875,1.65,2.48,3.74,2.13,1.12,2.03,1.6,2.5,10.45,6.84,0.84,7.63,5.39
design_3876,1.31,2.11,3.84,1.79,1.28,1.72,1.5,2.38,16.0,9.23,0.84,10.79,8.29
design_3877,1.5,2.45,3.88,1.74,1.2,1.91,1.52,2.47,17.74,10.06,0.84,7.71,7.06
design_3878,1.25,2.07,3.94,1.71,1.17,2.02,1.52,2.45,16.89,9.43,0.86,6.45,4.95
design_3879,1.14,2.12,3.26,1.76,1.05,1.81,1.42,2.15,16.78,9.67,0.84,8.62,7.33
design_3880,1.06,1.75,1.51,1.95,1.32,6.76,1.86,3.6,16.48,8.81,0.89,28.25,22.26
design_3881,1.14,1.85,1.53,1.93,1.34,6.42,1.81,3.46,16.74,9.24,0.87,35.11,26.26
design_3882,0.87,1.56,1.52,2.11,1.29,6.76,1.83,3.59,15.05,8.25,0.88,31.44,25.7
design_3883,1.27,1.83,1.4,2.03,1.38,6.39,1.83,3.46,17.09,9.36,0.87,33.0,25.88
design_3884,1.46,1.93,1.76,2.0,1.34,6.34,1.81,3.47,12.73,7.36,0.87,33.91,23.94
design_3885,1.07,1.76,1.38,1.87,1.29,6.74,1.83,3.58,17.41,9.55,0.87,27.67,21.28
design_3886,1.18,1.92,1.39,1.91,1.39,6.6,1.83,3.54,17.01,9.39,0.87,30.28,22.79
design_3887,1.17,1.9,1.33,2.01,1.42,6.76,1.86,3.62,16.62,9.21,0.87,26.93,20.65
design_3888,7.11,19.92,8.72,26.65,11.7,21.26,14.63,17.43,10.73,6.78,0.85,23.48,19.6
design_3889,9.42,21.36,9.51,27.19,13.3,22.06,14.86,18.39,5.91,4.89,0.85,20.94,14.2
design_3890,8.16,20.53,8.51,26.86,12.01,21.57,14.73,17.73,12.03,7.35,0.84,21.02,15.9
design_3891,8.76,20.6,9.37,26.94,12.18,21.77,14.79,17.96,10.55,6.59,0.85,23.89,15.24
design_3892,7.66,19.69,8.47,26.6,11.54,20.71,14.59,17.25,17.08,9.73,0.84,21.06,13.63
design_3893,7.09,20.03,8.53,26.68,11.98,21.46,14.66,17.5,13.22,7.81,0.85,21.54,15.17
design_3894,7.19,19.43,9.13,26.59,11.35,22.96,14.71,17.75,15.01,8.72,0.85,21.9,13.03
design_3895,7.97,21.61,10.45,27.13,12.95,21.82,14.84,18.31,4.63,3.99,0.87,21.69,17.85
design_3896,0.91,2.52,1.65,1.63,0.99,5.56,1.59,3.09,13.71,8.1,0.85,5.87,4.49
design_3897,0.98,2.07,1.31,1.57,1.23,1.78,1.08,1.55,16.27,9.12,0.86,16.76,13.26
design_3898,1.09,2.08,1.17,1.69,1.05,2.09,1.15,1.65,16.11,9.11,0.86,11.28,8.24
design_3899,1.13,2.2,0.92,1.51,1.58,2.07,1.13,1.68,15.08,8.49,0.87,19.08,14.99
design_3900,1.23,2.35,1.09,1.84,1.23,1.89,1.23,1.7,15.88,8.94,0.86,21.35,17.15
design_3901,1.12,2.21,1.1,1.7,1.29,2.16,1.17,1.72,16.56,9.28,0.86,22.76,17.89
design_3902,1.05,2.16,1.3,1.75,1.19,1.74,1.14,1.6,15.3,8.63,0.86,10.66,8.64
design_3903,1.06,2.14,1.3,1.63,1.01,1.99,1.12,1.62,16.11,9.1,0.85,19.27,14.63
design_3904,0.95,0.6,1.15,1.72,1.17,3.28,1.11,1.92,12.25,7.56,0.85,4.36,2.88
design_3905,1.05,0.92,1.18,1.76,1.21,5.38,1.49,2.88,8.63,5.96,0.85,4.78,3.66
design_3906,1.1,0.73,1.45,1.9,1.39,3.35,1.25,2.04,13.42,8.03,0.85,8.3,6.26
design_3907,0.97,0.75,1.14,1.58,0.81,5.04,1.37,2.67,8.92,6.13,0.85,5.55,4.1
design_3908,0.9,1.0,1.29,1.78,1.01,3.99,1.28,2.25,11.92,7.43,0.85,3.82,3.27
design_3909,1.13,0.72,1.49,1.7,1.03,5.21,1.45,2.8,9.03,6.17,0.85,4.21,3.45
design_3910,1.06,0.87,1.17,1.66,1.06,5.46,1.5,2.9,8.76,5.97,0.85,3.72,3.59
design_3911,1.1,0.63,1.4,1.59,0.91,5.06,1.38,2.7,10.48,6.81,0.84,3.35,2.94
design_3912,1.03,1.03,2.38,2.04,1.35,2.61,1.23,1.99,9.88,6.2,0.86,25.09,18.31
design_3913,1.12,1.21,1.77,2.18,1.15,2.53,1.22,1.83,15.43,8.37,0.88,9.76,7.87
design_3914,1.4,1.47,2.75,1.81,1.37,2.09,1.3,2.02,16.34,9.17,0.85,29.39,21.01
design_3915,1.1,1.61,1.53,1.84,1.12,2.21,1.11,1.66,19.3,10.36,0.87,30.39,22.16
design_3916,1.0,0.94,1.64,1.93,1.48,2.54,1.13,1.76,14.76,8.23,0.87,27.34,20.1
design_3917,0.96,1.02,3.1,1.75,1.24,2.41,1.24,2.13,14.78,8.44,0.86,13.51,10.06
design_3918,1.14,1.24,1.88,2.18,1.39,2.49,1.24,1.87,15.03,8.3,0.87,14.14,9.55
design_3919,1.45,1.63,1.85,1.98,0.96,1.91,1.19,1.72,16.63,9.42,0.85,29.0,19.58
design_3920,2.24,3.21,2.59,2.43,1.52,1.35,1.48,2.35,16.16,8.87,0.87,29.86,22.91
design_3921,2.36,2.97,2.57,2.52,1.46,1.67,1.55,2.36,16.19,8.63,0.89,24.52,19.99
design_3922,2.19,2.89,3.98,2.58,1.62,1.52,1.65,2.82,15.45,8.45,0.88,28.86,22.18
design_3923,2.47,2.93,1.97,2.56,1.55,1.29,1.45,2.19,15.97,8.68,0.88,28.65,21.66
design_3924,2.28,2.71,3.38,2.39,1.39,1.21,1.53,2.51,16.82,8.95,0.89,27.95,21.05
design_3925,2.32,3.0,2.71,2.46,1.51,1.25,1.48,2.36,16.08,8.77,0.88,26.21,20.02
design_3926,2.42,3.03,2.5,2.44,1.57,1.14,1.49,2.31,16.44,8.85,0.88,23.05,17.33
design_3927,2.47,3.29,3.11,2.56,1.77,1.16,1.61,2.6,15.46,8.53,0.88,25.12,18.52
design_3928,1.17,2.12,1.66,1.49,1.33,1.88,1.1,1.63,14.69,8.27,0.86,15.57,14.86
design_3929,1.26,2.27,1.87,1.96,1.27,2.15,1.2,1.84,15.41,8.72,0.87,7.11,5.77
design_3930,1.0,1.6,2.56,1.8,1.17,1.65,1.09,1.66,13.66,7.78,0.87,18.63,13.29
design_3931,1.11,1.99,1.31,2.41,1.27,1.93,1.12,1.76,14.87,8.56,0.86,4.84,3.1
design_3932,0.98,2.59,1.89,2.02,1.28,2.02,1.19,1.86,16.45,9.25,0.86,6.66,5.15
design_3933,1.21,2.19,2.18,2.01,1.03,1.87,1.18,1.79,14.4,8.23,0.86,29.51,24.14
design_3934,1.24,2.17,2.09,2.04,1.35,2.25,1.21,1.9,15.84,8.91,0.87,5.09,4.13
design_3935,1.22,2.14,1.88,1.87,1.34,1.98,1.14,1.76,17.02,9.48,0.87,13.41,7.52
design_3936,1.15,2.03,1.73,2.01,1.05,2.71,1.25,2.0,17.37,9.85,0.85,30.72,22.0
design_3937,1.02,2.11,0.77,2.16,1.34,3.78,1.39,2.36,16.47,9.46,0.85,26.77,19.8
design_3938,0.98,1.88,0.67,2.14,0.86,2.81,1.18,1.89,17.07,9.77,0.85,10.32,7.93
design_3939,1.2,2.14,1.92,2.21,0.75,2.77,1.32,2.08,18.38,10.26,0.85,28.43,19.95
design_3940,1.01,1.96,1.17,2.11,0.8,1.78,1.1,1.57,17.33,9.84,0.85,12.59,11.28
design_3941,0.87,1.62,1.61,2.0,0.66,2.82,1.21,1.93,14.42,8.63,0.83,23.13,17.24
design_3942,0.94,1.96,1.09,2.23,0.75,2.79,1.26,1.93,17.63,9.94,0.85,15.9,12.69
design_3943,1.1,2.23,1.67,2.29,0.74,2.66,1.32,2.02,17.64,9.95,0.85,30.71,22.49
design_3944,1.18,2.21,4.17,1.95,1.24,1.66,1.53,2.62,13.49,8.04,0.84,22.68,16.87
design_3945,1.12,2.1,3.33,1.94,1.2,1.59,1.35,2.23,16.92,9.44,0.84,25.33,18.81
design_3946,1.15,2.22,2.66,1.99,1.34,1.85,1.31,2.05,16.74,9.36,0.85,27.82,20.31
design_3947,1.15,2.35,3.01,1.99,1.43,1.73,1.36,2.18,16.65,9.44,0.84,23.4,17.56
design_3948,1.35,2.58,2.86,2.49,1.6,1.8,1.43,2.28,10.77,6.84,0.85,31.19,22.11
design_3949,1.14,2.05,2.39,1.77,1.04,1.98,1.2,1.89,15.31,8.81,0.84,25.87,18.85
design_3950,1.21,2.34,3.91,2.16,1.38,1.56,1.51,2.55,15.74,8.97,0.85,25.87,18.8
design_3951,1.17,2.14,2.72,1.95,1.15,1.44,1.26,1.98,15.81,9.0,0.84,24.27,17.5
design_3952,1.43,2.38,2.72,2.39,1.51,3.73,1.54,2.68,17.19,9.93,0.84,7.38,6.03
design_3953,1.63,2.35,1.94,2.2,1.35,2.58,1.34,2.1,16.55,9.63,0.84,29.96,22.88
design_3954,1.45,2.54,2.14,2.35,1.56,2.85,1.43,2.28,17.58,10.08,0.84,27.6,20.73
design_3955,1.38,2.56,2.53,2.33,1.54,2.16,1.4,2.19,16.04,9.41,0.84,29.72,22.63
design_3956,1.24,2.34,3.27,2.12,1.28,5.15,1.76,3.26,12.07,7.79,0.82,27.8,20.72
design_3957,1.69,2.69,2.09,2.55,1.49,2.33,1.48,2.19,15.61,9.22,0.83,24.9,18.51
design_3958,1.34,2.56,2.35,2.42,1.4,2.16,1.4,2.14,17.28,9.92,0.84,28.82,21.56
design_3959,1.65,2.42,4.06,2.35,1.25,2.8,1.66,2.84,17.18,9.85,0.85,29.09,22.68
design_3960,2.41,2.63,4.84,2.44,1.62,2.5,1.84,3.25,13.43,7.73,0.85,28.86,21.09
design_3961,2.32,2.75,4.68,2.24,1.61,2.35,1.79,3.15,14.12,7.94,0.86,30.47,21.4
design_3962,2.45,2.75,4.2,2.43,1.37,2.3,1.78,2.97,6.58,5.16,0.85,27.14,20.09
design_3963,2.04,2.62,3.53,2.06,1.15,1.99,1.52,2.54,15.59,8.94,0.84,27.08,20.2
design_3964,2.39,2.89,3.43,2.31,1.42,2.41,1.66,2.69,14.77,8.5,0.85,6.43,5.22
design_3965,2.16,2.58,2.5,2.14,1.01,1.95,1.4,2.18,13.68,8.2,0.84,29.57,21.62
design_3966,2.17,2.65,4.91,2.46,1.63,2.42,1.84,3.25,16.52,8.93,0.87,29.94,22.69
design_3967,2.32,2.51,4.4,2.08,1.24,2.43,1.69,2.98,14.39,8.24,0.85,27.88,20.72
design_3968,0.92,1.44,0.82,1.97,1.02,4.45,1.28,2.39,7.74,5.7,0.85,1.81,2.59
design_3969,1.21,1.86,0.71,2.15,1.57,5.78,1.62,3.05,10.46,6.55,0.86,3.27,4.09
design_3970,1.19,1.57,5.02,1.87,1.16,2.2,1.36,2.48,13.98,8.22,0.86,5.53,4.53
design_3971,2.05,1.91,1.63,2.15,1.22,2.11,1.28,1.9,14.69,8.47,0.85,18.81,16.52
design_3972,1.02,1.65,2.02,1.91,1.42,2.64,1.19,1.9,13.08,7.88,0.85,4.36,3.72
design_3973,0.87,1.39,0.71,1.95,1.2,5.53,1.47,2.84,8.16,5.72,0.85,3.74,3.77
design_3974,1.36,1.83,2.65,1.98,1.31,2.3,1.27,1.98,18.26,10.15,0.86,8.65,6.45
design_3975,0.94,1.59,0.64,1.99,1.63,2.66,1.16,1.79,8.75,6.11,0.84,2.3,2.49
design_3976,0.99,2.11,2.01,1.89,1.07,1.97,1.17,1.72,15.6,8.56,0.88,7.81,4.93
design_3977,0.86,1.87,2.04,1.94,1.1,2.02,1.16,1.69,15.91,8.67,0.88,8.58,6.79
design_3978,0.92,2.04,2.05,2.01,1.2,1.77,1.18,1.71,15.67,8.5,0.89,6.49,4.89
design_3979,0.99,1.94,2.0,2.08,1.08,2.16,1.2,1.77,16.49,8.87,0.88,12.96,10.54
design_3980,0.89,1.71,1.99,1.93,0.95,1.89,1.12,1.62,15.45,8.48,0.88,10.34,8.13
design_3981,0.97,2.0,2.1,1.8,1.07,2.02,1.17,1.71,16.02,8.72,0.88,6.63,5.01
design_3982,1.15,2.04,1.95,1.99,1.02,1.72,1.2,1.68,11.4,6.78,0.87,9.29,6.88
design_3983,1.0,1.81,2.02,1.86,1.34,1.93,1.13,1.68,15.74,8.61,0.88,25.31,19.71
design_3984,7.43,21.91,8.83,27.59,13.97,25.12,15.25,19.99,11.74,7.58,0.83,19.27,13.91
design_3985,7.23,21.44,8.27,27.57,13.28,25.08,15.17,19.78,6.29,5.39,0.84,23.15,22.48
design_3986,9.55,21.65,8.61,27.68,13.5,25.54,15.29,20.19,13.69,8.49,0.83,18.55,14.69
design_3987,9.71,21.74,9.91,27.66,13.49,25.47,15.34,20.27,17.11,9.84,0.85,19.07,14.37
design_3988,8.26,20.92,9.86,27.6,13.37,25.53,15.28,20.04,14.99,9.12,0.83,17.99,14.04
design_3989,6.88,19.71,9.41,27.28,12.47,28.44,15.37,20.59,16.59,9.91,0.83,19.11,19.27
design_3990,9.43,21.8,9.0,27.57,13.59,24.8,15.25,19.97,16.7,9.68,0.85,17.64,16.85
design_3991,7.75,22.5,10.07,27.7,13.82,25.48,15.35,20.3,17.74,10.22,0.84,17.23,17.98
design_3992,1.2,1.75,2.22,1.62,0.77,5.18,1.44,2.7,13.27,7.56,0.87,25.47,19.35
design_3993,1.08,2.04,0.86,1.72,0.92,4.59,1.31,2.38,16.38,8.95,0.88,27.63,21.89
design_3994,1.17,2.26,1.41,2.31,0.96,4.5,1.41,2.51,17.09,9.25,0.87,34.29,25.7
design_3995,1.11,2.24,1.21,1.71,1.12,4.89,1.43,2.56,16.79,9.13,0.88,21.59,16.16
design_3996,1.11,2.09,1.5,1.84,1.43,4.69,1.47,2.53,15.18,8.31,0.88,26.97,20.38
design_3997,1.12,2.28,0.93,1.76,1.16,4.87,1.41,2.54,16.62,9.01,0.88,28.24,22.25
design_3998,1.06,2.18,1.24,1.69,1.14,4.39,1.35,2.36,14.05,7.93,0.87,30.06,22.53
design_3999,1.15,2.11,1.62,2.12,1.25,4.83,1.43,2.62,16.45,8.94,0.88,30.71,24.92
design_4000,1.43,1.51,0.9,2.16,1.54,5.14,1.76,2.95,11.61,7.37,0.84,25.57,18.82
design_4001,1.38,2.04,1.59,2.04,1.57,4.9,1.77,2.93,14.67,8.58,0.83,17.61,12.92
design_4002,1.32,1.45,5.6,1.84,1.02,9.79,2.81,5.74,16.26,9.48,0.83,15.27,10.32
design_4003,1.13,1.53,1.1,1.87,1.17,4.74,1.58,2.71,8.47,6.1,0.84,7.45,4.94
design_4004,1.16,1.71,1.47,1.8,1.26,5.27,1.68,3.0,14.16,8.43,0.83,23.52,16.3
design_4005,1.07,1.56,1.16,2.13,1.23,4.57,1.62,2.67,7.67,5.7,0.84,6.08,4.4
design_4006,1.48,1.9,1.59,2.01,1.55,5.07,1.81,3.0,14.18,8.28,0.84,18.15,13.13
design_4007,1.07,1.37,1.64,1.72,1.27,5.07,1.59,2.9,8.25,6.1,0.83,4.06,4.35
design_4008,0.9,1.5,1.05,2.0,1.19,1.38,1.05,1.4,12.34,7.15,0.88,8.46,5.08
design_4009,1.05,1.32,1.93,1.77,0.81,1.01,0.92,1.36,13.41,7.7,0.87,10.03,5.89
design_4010,1.11,1.27,1.7,1.99,1.11,0.95,1.01,1.41,11.02,6.56,0.88,4.69,2.92
design_4011,1.22,1.19,1.65,2.32,0.91,1.01,1.01,1.48,13.17,7.52,0.88,7.43,4.56
design_4012,0.86,1.23,1.88,2.06,1.02,1.11,0.91,1.43,11.79,7.01,0.86,9.77,6.67
design_4013,1.37,1.74,1.79,1.9,1.12,1.01,1.03,1.53,15.39,8.55,0.88,25.56,22.78
design_4014,1.27,1.55,1.65,2.41,1.28,1.06,1.06,1.62,15.37,8.48,0.88,8.63,7.47
design_4015,1.79,1.98,1.82,2.12,0.92,1.09,1.23,1.7,17.56,9.42,0.88,25.53,21.0
design_4016,0.82,1.56,0.82,1.83,1.0,2.16,1.11,1.53,16.06,9.3,0.85,10.64,8.43
design_4017,0.7,1.48,0.79,1.57,1.28,4.72,1.38,2.57,16.81,9.62,0.85,29.04,21.06
design_4018,0.78,1.49,0.91,1.69,1.24,2.48,1.09,1.64,17.94,10.06,0.85,5.4,4.47
design_4019,0.73,1.5,0.85,1.57,0.88,5.73,1.57,3.03,17.56,9.95,0.84,32.84,23.72
design_4020,0.86,1.68,1.01,1.65,0.88,3.24,1.23,1.95,16.62,9.55,0.85,30.67,22.54
design_4021,0.91,1.69,1.23,1.68,1.05,3.14,1.27,1.95,16.87,9.57,0.85,23.79,17.13
design_4022,0.8,1.56,0.87,1.76,1.13,2.36,1.13,1.6,17.96,10.08,0.85,8.04,5.6
design_4023,0.77,1.52,1.27,1.63,0.9,2.68,1.14,1.73,18.83,10.48,0.85,26.22,20.37
design_4024,1.13,2.32,2.34,2.49,0.87,1.22,1.33,1.95,14.25,7.75,0.88,30.51,21.31
design_4025,1.07,2.19,2.03,2.26,1.47,0.99,1.24,1.81,15.89,8.53,0.89,11.21,6.66
design_4026,1.08,2.28,2.1,2.45,0.94,1.14,1.27,1.85,16.99,8.94,0.89,23.41,17.13
design_4027,1.06,2.13,1.81,2.32,0.92,1.06,1.19,1.69,17.48,9.11,0.89,18.26,12.03
design_4028,1.28,2.21,2.24,2.15,1.26,1.14,1.29,1.88,14.4,7.81,0.88,23.76,16.71
design_4029,1.21,2.47,2.23,2.45,0.97,1.3,1.32,1.95,15.74,8.47,0.88,12.59,8.19
design_4030,1.03,1.97,2.22,2.17,1.19,1.0,1.18,1.79,15.49,8.24,0.89,21.99,12.42
design_4031,1.07,1.92,1.32,1.87,0.84,0.97,1.09,1.4,17.17,9.04,0.89,10.08,10.25
design_4032,1.3,1.61,1.08,1.87,1.1,6.59,1.85,3.65,10.77,7.22,0.83,3.67,4.32
design_4033,1.37,1.36,1.27,1.86,0.83,6.75,1.86,3.72,10.91,7.27,0.83,3.34,3.77
design_4034,1.09,1.34,1.03,1.89,0.91,7.03,1.91,3.84,15.05,8.93,0.84,15.4,12.89
design_4035,1.23,1.37,0.96,1.93,0.93,7.21,1.93,3.94,10.99,7.22,0.83,5.13,4.22
design_4036,1.04,1.65,0.92,1.76,1.26,7.48,1.97,4.08,10.04,6.79,0.83,3.28,3.9
design_4037,1.19,1.9,0.82,1.81,1.18,7.27,1.97,3.99,12.11,7.71,0.83,3.21,4.42
design_4038,1.73,1.19,1.96,1.89,1.05,6.7,1.88,3.77,17.08,9.83,0.83,17.16,16.23
design_4039,1.51,1.25,1.96,2.18,1.12,7.29,2.04,4.06,18.59,10.4,0.84,29.29,25.3
design_4040,1.1,2.13,4.69,2.82,0.86,1.35,1.6,2.72,13.85,7.95,0.86,17.49,13.56
design_4041,0.8,2.18,1.97,2.75,1.23,1.4,1.34,1.86,15.05,8.13,0.89,25.08,18.4
design_4042,1.08,2.24,1.99,2.81,1.11,1.29,1.4,1.89,12.23,7.33,0.85,6.91,5.08
design_4043,1.24,3.02,2.32,2.58,1.09,1.07,1.45,2.06,15.3,8.74,0.86,15.01,9.99
design_4044,1.27,2.21,2.15,2.68,0.93,1.2,1.38,1.89,15.55,8.63,0.87,16.13,10.44
design_4045,1.31,2.56,3.33,2.79,0.84,1.23,1.53,2.31,16.63,9.09,0.87,28.52,22.48
design_4046,1.21,2.65,2.12,2.33,0.87,1.42,1.33,1.9,11.61,7.03,0.86,9.54,6.26
design_4047,1.06,2.4,3.31,2.7,0.8,1.46,1.46,2.26,16.27,9.01,0.87,17.35,12.75
design_4048,1.31,1.81,2.43,2.32,1.14,6.29,1.91,3.51,9.92,6.69,0.84,15.75,13.91
design_4049,1.25,1.31,1.23,2.09,0.87,5.66,1.61,3.0,17.98,10.13,0.85,19.39,14.97
design_4050,1.18,1.35,2.63,1.77,0.67,3.26,1.31,2.27,19.52,10.76,0.85,36.6,26.93
design_4051,1.17,1.66,2.42,2.22,0.71,2.98,1.29,2.2,19.04,10.55,0.85,23.84,20.82
design_4052,1.37,1.35,3.5,1.85,0.79,3.17,1.44,2.55,18.83,10.42,0.86,10.39,8.25
design_4053,1.29,1.41,1.79,1.74,0.63,2.78,1.17,1.89,18.89,10.49,0.85,26.86,18.86
design_4054,1.24,1.73,0.73,2.14,0.84,2.83,1.19,1.81,17.85,10.03,0.84,35.88,27.78
design_4055,1.13,1.54,1.2,1.89,1.09,2.7,1.15,1.78,18.69,10.36,0.86,20.05,14.32
design_4056,9.86,22.57,9.68,27.49,14.0,26.62,15.42,20.62,14.9,8.93,0.84,24.63,21.29
design_4057,10.98,24.32,8.51,27.41,15.37,24.27,15.35,20.35,14.4,8.41,0.85,16.97,18.06
design_4058,8.98,22.98,9.68,27.65,14.43,26.56,15.45,20.67,13.24,8.33,0.82,16.38,16.61
design_4059,8.5,23.15,9.74,27.39,14.09,26.88,15.45,20.68,14.28,8.77,0.83,22.37,18.9
design_4060,8.11,22.99,9.77,27.43,13.96,26.74,15.42,20.58,15.59,9.25,0.84,24.73,20.87
design_4061,8.82,22.65,7.34,27.24,13.81,25.94,15.29,20.13,17.27,10.06,0.84,24.12,20.8
design_4062,8.25,23.16,10.35,27.62,14.62,26.81,15.47,20.79,15.3,9.04,0.84,18.46,17.59
design_4063,9.35,23.3,9.96,27.36,14.67,26.85,15.48,20.82,15.44,9.28,0.83,15.84,16.06
design_4064,1.86,2.07,4.2,2.3,1.26,1.68,1.45,2.42,15.79,8.86,0.87,19.05,14.82
design_4065,1.75,1.94,4.29,2.29,1.15,1.56,1.41,2.39,13.7,8.13,0.85,9.14,6.02
design_4066,1.66,1.86,4.17,1.82,1.41,2.32,1.35,2.42,16.25,9.21,0.86,7.45,6.31
design_4067,1.64,1.84,5.0,1.94,1.5,2.06,1.45,2.64,14.98,8.63,0.86,6.72,5.64
design_4068,1.68,1.48,4.85,2.11,1.07,1.47,1.38,2.46,15.53,8.74,0.86,24.57,19.13
design_4069,1.53,2.07,1.68,2.05,1.81,5.52,1.58,3.03,12.46,7.57,0.84,14.46,11.83
design_4070,1.86,1.72,4.42,2.18,1.07,1.42,1.4,2.38,18.11,9.78,0.87,38.04,28.01
design_4071,1.53,1.71,4.09,1.8,1.17,1.68,1.23,2.22,16.28,9.21,0.86,7.88,6.06
design_4072,0.56,0.84,0.58,1.44,0.84,6.35,1.64,3.3,18.44,10.3,0.85,7.1,6.0
design_4073,0.62,1.03,0.63,1.48,0.69,6.54,1.7,3.4,18.6,10.38,0.85,15.23,11.08
design_4074,0.58,1.04,0.59,1.57,0.81,7.03,1.8,3.65,18.31,10.22,0.86,9.34,8.17
design_4075,0.93,1.42,1.03,1.66,0.76,4.23,1.35,2.38,14.83,8.76,0.84,9.58,7.32
design_4076,0.62,1.19,0.87,1.45,1.58,5.16,1.47,2.79,13.89,8.34,0.84,3.9,4.13
design_4077,0.55,1.01,0.91,1.49,1.33,5.62,1.53,2.99,19.34,10.65,0.86,12.97,11.58
design_4078,0.68,1.05,0.59,1.57,0.71,6.47,1.67,3.38,15.67,9.1,0.84,6.89,5.41
design_4079,0.59,0.85,0.43,1.42,0.89,6.7,1.73,3.47,15.99,9.29,0.84,18.07,14.3
design_4080,1.57,1.57,1.34,1.87,0.92,5.56,1.71,3.11,17.58,9.96,0.85,28.29,20.68
design_4081,1.25,2.03,2.57,2.17,1.32,5.3,1.78,3.21,14.9,8.76,0.84,13.0,9.72
design_4082,1.27,1.08,1.43,1.5,0.69,6.51,1.76,3.49,17.62,10.01,0.84,21.14,16.1
design_4083,1.23,1.56,1.2,1.72,0.74,5.53,1.65,3.04,18.05,10.13,0.85,34.84,25.96
design_4084,1.15,1.19,1.56,1.47,0.84,5.99,1.7,3.26,16.05,9.35,0.83,18.84,13.27
design_4085,1.49,1.97,1.41,2.02,0.8,4.72,1.6,2.77,16.38,9.41,0.85,28.91,20.93
design_4086,1.47,1.87,1.9,2.26,0.86,5.14,1.73,3.03,16.74,9.55,0.84,23.03,16.91
design_4087,1.18,2.12,2.71,2.05,1.39,5.11,1.77,3.15,8.15,5.93,0.84,6.61,5.25
design_4088,2.3,3.15,1.97,2.46,1.43,1.54,1.43,2.2,14.17,7.89,0.87,29.14,21.69
design_4089,1.79,2.77,1.49,2.21,1.28,1.47,1.24,1.87,13.04,7.47,0.86,8.46,6.65
design_4090,1.6,3.14,4.27,2.07,1.89,1.11,1.52,2.8,16.37,8.9,0.88,28.79,21.47
design_4091,1.77,3.52,2.03,2.45,1.51,1.51,1.4,2.22,16.74,9.15,0.87,31.84,24.04
design_4092,1.61,3.27,1.97,2.24,1.51,1.48,1.32,2.08,15.59,8.5,0.88,27.07,20.39
design_4093,2.16,3.53,2.05,2.22,1.41,1.3,1.4,2.21,13.7,7.71,0.87,16.19,10.39
design_4094,1.64,3.15,1.93,2.2,1.64,1.39,1.31,2.05,13.88,7.78,0.87,30.97,23.32
design_4095,1.74,3.33,1.97,2.4,1.68,1.44,1.4,2.16,14.29,8.03,0.87,29.85,22.68
design_4096,1.37,1.29,1.92,2.12,1.23,2.09,1.22,1.75,16.91,9.47,0.86,17.73,16.42
design_4097,0.78,1.12,1.38,1.87,1.0,3.05,1.17,1.83,14.52,8.56,0.85,10.16,8.09
design_4098,0.88,1.23,1.08,1.89,0.94,3.24,1.21,1.89,11.14,7.12,0.85,1.89,2.34
design_4099,0.81,1.27,1.26,1.89,1.01,3.11,1.2,1.86,16.92,9.6,0.86,10.14,8.63
design_4100,0.76,1.34,1.28,1.9,1.12,3.08,1.21,1.87,16.38,9.38,0.85,10.96,9.34
design_4101,0.84,1.44,1.56,1.84,1.27,3.16,1.24,1.94,13.58,8.17,0.85,3.3,3.32
design_4102,0.93,1.39,1.26,2.03,1.4,2.65,1.22,1.79,13.32,8.02,0.85,3.67,3.51
design_4103,1.34,1.38,1.7,2.15,0.98,2.06,1.23,1.69,16.61,9.33,0.85,12.98,10.57
design_4104,1.31,2.8,1.18,1.56,0.84,5.15,1.48,2.74,9.66,6.19,0.86,21.91,17.4
design_4105,1.74,3.13,1.07,1.74,1.37,5.41,1.66,2.97,16.36,9.01,0.87,31.56,24.98
design_4106,1.81,2.99,2.25,1.71,1.41,2.67,1.43,2.22,18.22,10.06,0.86,26.58,19.22
design_4107,1.47,2.83,1.83,1.71,1.13,2.86,1.34,2.1,15.34,8.84,0.85,19.48,15.4
design_4108,1.61,3.42,1.77,2.12,1.8,5.16,1.8,3.04,9.4,5.97,0.86,33.5,26.5
design_4109,1.82,3.02,0.77,1.88,1.1,5.89,1.74,3.13,15.24,8.53,0.87,10.73,7.31
design_4110,1.43,2.78,0.98,1.59,1.07,5.15,1.5,2.75,10.9,6.73,0.85,20.93,16.53
design_4111,2.06,2.62,2.57,1.71,1.23,2.08,1.4,2.09,16.58,9.08,0.87,30.96,24.17
design_4112,1.37,2.66,2.4,2.21,1.35,4.37,1.59,2.75,18.44,10.17,0.86,21.36,16.22
design_4113,1.45,2.88,1.77,2.13,1.13,4.31,1.54,2.63,17.51,9.8,0.86,14.81,11.58
design_4114,1.49,3.23,2.45,2.57,1.31,3.8,1.65,2.71,17.75,9.89,0.85,28.16,20.98
design_4115,1.54,2.94,2.41,2.5,1.21,4.02,1.6,2.71,18.53,10.17,0.86,17.04,11.48
design_4116,1.31,2.15,1.93,1.57,0.97,4.27,1.34,2.47,16.62,9.51,0.85,9.24,8.95
design_4117,1.15,2.31,2.14,1.77,1.07,2.99,1.3,2.11,17.27,9.68,0.86,17.02,13.17
design_4118,1.19,2.55,2.4,2.07,1.32,5.77,1.72,3.22,15.55,8.95,0.84,14.8,10.67
design_4119,1.26,2.74,2.14,2.12,1.17,4.34,1.55,2.67,17.28,9.72,0.85,12.05,9.03
design_4120,3.37,4.25,3.68,3.5,2.19,1.77,2.15,3.32,14.31,7.78,0.89,26.8,19.27
design_4121,2.31,4.03,2.81,2.64,2.01,1.57,1.66,2.7,15.54,8.49,0.88,24.18,18.12
design_4122,2.43,4.2,4.25,2.94,1.95,1.39,1.9,3.2,17.5,9.43,0.88,16.32,11.91
design_4123,2.47,3.91,2.84,2.8,2.1,1.53,1.7,2.74,16.37,8.74,0.89,18.81,14.19
design_4124,2.41,3.73,2.54,2.71,1.65,1.56,1.64,2.56,16.28,8.65,0.89,30.08,22.05
design_4125,2.05,3.6,2.77,2.93,1.64,1.5,1.62,2.57,16.17,8.71,0.89,31.3,24.54
design_4126,2.16,3.67,2.64,2.92,1.56,1.46,1.64,2.56,15.76,8.47,0.89,17.44,13.76
design_4127,2.27,4.15,3.16,2.83,1.99,1.5,1.8,2.84,13.85,7.59,0.88,26.19,21.61
design_4128,2.29,3.83,2.87,2.12,1.64,6.57,2.1,4.13,12.5,7.75,0.84,31.25,25.8
design_4129,2.04,3.17,1.94,2.11,1.48,6.87,2.07,4.09,9.44,6.5,0.84,31.07,25.88
design_4130,2.38,4.13,2.7,2.16,1.95,6.73,2.17,4.25,13.98,8.27,0.85,31.92,26.21
design_4131,1.95,3.33,1.79,2.12,1.9,6.92,2.11,4.14,14.88,8.72,0.84,32.95,26.54
design_4132,1.93,3.61,2.28,2.27,2.16,7.13,2.21,4.32,17.04,9.67,0.85,20.24,16.93
design_4133,2.07,3.92,2.4,2.2,1.75,6.63,2.12,4.12,18.49,10.28,0.86,32.12,25.1
design_4134,2.26,3.04,3.14,1.73,1.38,6.33,1.97,3.9,18.71,10.48,0.84,20.14,15.92
design_4135,2.23,3.45,1.8,2.18,1.43,6.21,1.95,3.83,14.02,8.55,0.84,31.07,25.73
design_4136,1.19,2.14,1.5,2.87,0.89,1.65,1.35,1.83,16.82,9.03,0.87,33.05,23.18
design_4137,1.0,1.62,1.9,2.49,0.85,1.79,1.21,1.72,11.8,7.02,0.86,8.32,5.61
design_4138,1.52,2.24,1.41,2.81,1.0,1.59,1.4,1.86,16.93,9.05,0.87,26.8,20.19
design_4139,1.19,1.74,1.02,2.64,1.23,1.78,1.28,1.68,12.34,7.08,0.87,10.23,7.44
design_4140,1.18,1.77,1.03,2.5,0.97,1.82,1.21,1.63,12.56,7.25,0.87,9.88,6.75
design_4141,1.0,1.92,1.53,2.8,1.01,1.64,1.3,1.77,11.42,6.82,0.87,6.68,4.48
design_4142,1.02,2.1,1.59,2.73,1.08,1.71,1.3,1.81,10.6,6.39,0.87,7.13,5.36
design_4143,1.2,1.74,0.87,2.76,1.1,1.57,1.28,1.66,16.39,8.82,0.88,30.37,23.47
design_4144,1.46,2.4,2.32,2.98,1.51,1.41,1.48,2.12,10.34,6.31,0.86,4.78,3.51
design_4145,1.27,2.25,3.5,2.98,1.05,1.2,1.47,2.33,15.4,8.5,0.88,30.93,23.82
design_4146,1.02,1.92,4.02,2.27,0.97,0.98,1.3,2.27,16.78,9.08,0.88,8.49,7.17
design_4147,1.14,2.26,1.58,3.16,0.95,1.11,1.31,1.89,16.91,9.08,0.87,25.46,18.66
design_4148,1.23,2.28,1.66,2.64,1.15,1.21,1.3,1.8,13.97,7.84,0.87,9.53,6.87
design_4149,1.32,2.44,1.52,3.08,1.59,1.34,1.44,1.99,15.7,8.59,0.88,20.92,13.86
design_4150,1.11,1.8,3.5,2.61,0.91,0.91,1.28,2.14,15.56,8.54,0.88,10.85,7.27
design_4151,1.24,2.19,4.13,2.59,1.1,1.26,1.47,2.45,16.0,8.65,0.88,30.84,23.62
design_4152,1.44,2.4,1.92,2.65,1.25,2.16,1.42,2.03,11.0,6.42,0.87,12.94,10.14
design_4153,1.41,2.31,1.86,2.28,1.27,2.13,1.32,1.91,4.03,3.68,0.88,7.94,6.64
design_4154,0.99,1.72,2.01,1.93,1.1,1.47,1.08,1.63,15.35,8.39,0.88,14.72,11.34
design_4155,1.5,2.23,2.93,2.85,1.3,1.78,1.53,2.28,14.85,8.08,0.88,9.52,5.14
design_4156,1.14,2.08,2.13,2.56,1.28,1.77,1.3,1.92,15.14,8.31,0.87,19.63,14.32
design_4157,1.29,2.26,1.9,2.48,1.12,1.68,1.3,1.86,15.88,8.56,0.88,11.16,8.63
design_4158,1.3,2.19,1.93,2.79,1.47,2.25,1.39,2.04,13.87,7.59,0.88,32.03,23.16
design_4159,1.55,2.54,1.74,2.73,1.28,2.25,1.42,2.06,9.6,5.87,0.87,10.02,8.09
design_4160,1.25,2.05,3.65,1.74,0.98,2.45,1.43,2.46,18.54,10.18,0.86,16.57,14.45
design_4161,1.03,1.54,5.4,1.41,1.21,1.56,1.55,3.05,15.91,8.93,0.86,17.59,11.67
design_4162,1.24,1.84,3.7,1.69,0.94,2.4,1.45,2.44,18.92,10.06,0.86,14.67,10.43
design_4163,1.07,1.44,5.34,1.52,1.63,1.63,1.56,3.05,14.85,8.32,0.87,23.44,15.31
design_4164,0.89,1.32,5.33,1.23,1.23,1.52,1.55,2.98,10.77,6.75,0.85,36.36,26.81
design_4165,0.9,1.4,4.76,1.57,1.28,1.71,1.47,2.76,16.63,9.37,0.85,27.62,20.02
design_4166,1.13,1.92,2.93,1.63,1.54,1.73,1.24,2.06,14.53,8.47,0.84,18.42,10.83
design_4167,1.13,1.73,5.3,1.54,1.02,1.56,1.55,3.02,15.39,8.71,0.86,15.42,10.05
design_4168,1.38,2.86,1.81,2.04,1.3,5.3,1.63,3.02,16.4,9.14,0.86,14.95,11.99
design_4169,1.21,2.89,1.7,2.27,1.59,5.62,1.72,3.17,16.16,8.95,0.87,16.32,13.23
design_4170,1.42,3.19,2.57,1.99,1.3,4.46,1.59,2.84,14.99,8.61,0.85,23.03,18.52
design_4171,1.37,2.84,2.02,1.99,1.27,5.35,1.64,3.05,16.27,9.0,0.87,18.9,15.29
design_4172,1.32,2.27,0.91,2.04,0.9,2.15,1.19,1.74,16.89,9.41,0.86,19.53,16.48
design_4173,1.23,2.91,2.06,2.08,1.37,5.29,1.65,3.05,16.31,9.15,0.85,12.76,8.83
design_4174,1.27,2.82,1.94,2.17,1.37,5.24,1.63,3.01,15.44,8.74,0.86,10.08,7.84
design_4175,1.18,2.91,1.57,2.24,1.15,5.32,1.63,3.02,17.82,9.81,0.86,22.48,16.06
design_4176,1.7,1.65,1.3,2.53,1.0,5.61,1.68,2.95,8.9,5.76,0.86,4.31,3.51
design_4177,1.86,1.5,1.29,2.5,0.88,5.47,1.6,2.9,7.63,5.3,0.87,6.17,4.97
design_4178,2.16,2.0,0.87,2.32,1.31,5.27,1.6,2.88,16.39,8.98,0.87,21.64,15.83
design_4179,2.0,1.48,0.98,2.4,1.17,2.3,1.27,1.85,17.26,9.58,0.86,25.64,21.56
design_4180,2.08,1.97,0.65,2.5,1.1,5.31,1.59,2.89,15.59,8.74,0.86,17.99,14.31
design_4181,1.89,1.96,0.79,2.48,1.1,5.61,1.63,2.97,14.86,8.44,0.86,14.48,11.22
design_4182,1.66,2.07,1.1,2.72,1.43,5.3,1.7,2.92,6.16,4.62,0.87,6.84,4.87
design_4183,1.88,1.74,1.06,2.63,1.15,5.43,1.64,2.92,15.21,8.45,0.88,8.55,8.84
design_4184,1.33,1.81,1.34,1.81,0.77,0.74,1.05,1.39,14.56,8.01,0.88,6.45,5.39
design_4185,1.22,1.74,1.55,1.73,1.38,0.71,1.0,1.47,13.34,7.53,0.87,12.15,9.85
design_4186,1.29,1.66,1.87,1.76,0.82,0.74,1.07,1.52,14.66,8.02,0.88,19.2,14.82
design_4187,1.31,2.53,2.07,2.21,0.92,1.06,1.34,1.85,14.32,7.91,0.87,23.94,17.49
design_4188,1.3,1.92,2.0,1.87,0.85,0.84,1.17,1.63,14.89,8.17,0.88,5.71,6.05
design_4189,1.25,2.26,2.47,1.88,1.05,0.79,1.21,1.86,15.18,8.18,0.88,10.45,8.72
design_4190,1.33,2.19,1.64,1.96,0.94,0.85,1.16,1.6,11.74,6.88,0.87,17.78,14.49
design_4191,1.35,1.86,2.24,1.9,1.21,0.84,1.19,1.75,12.74,7.1,0.88,9.74,7.96
design_4192,1.23,2.34,0.93,2.02,0.92,4.83,1.67,2.87,17.01,9.62,0.85,30.99,23.87
design_4193,1.35,2.26,1.06,2.0,0.88,5.01,1.7,2.96,17.91,10.03,0.86,29.42,23.16
design_4194,1.33,2.15,1.02,1.97,1.01,5.11,1.7,2.99,18.89,10.43,0.86,22.13,17.25
design_4195,1.17,2.02,0.74,1.8,0.96,4.21,1.45,2.51,17.87,10.08,0.85,29.41,23.06
design_4196,1.49,2.4,0.92,2.03,0.97,4.17,1.61,2.6,16.78,9.49,0.85,14.0,10.3
design_4197,1.33,2.29,0.83,2.18,0.99,4.83,1.7,2.89,18.76,10.3,0.86,19.5,16.11
design_4198,1.33,2.23,1.0,1.79,1.05,6.48,1.9,3.65,18.48,10.39,0.84,27.86,21.06
design_4199,1.08,1.73,0.95,1.71,0.65,7.42,2.0,4.05,17.22,9.79,0.85,28.93,22.54
design_4200,1.42,1.68,1.63,2.39,1.21,2.11,1.31,1.81,14.14,8.29,0.84,14.26,8.23
design_4201,1.12,1.29,0.77,2.08,1.14,2.04,1.13,1.49,15.9,9.1,0.85,11.81,8.41
design_4202,1.04,1.66,1.33,1.94,0.8,2.28,1.1,1.64,15.97,9.18,0.85,16.31,12.28
design_4203,1.01,1.72,1.28,2.22,0.75,2.98,1.28,1.9,17.11,9.61,0.85,34.81,26.07
design_4204,1.09,1.23,0.88,2.15,1.21,2.6,1.17,1.69,16.98,9.5,0.86,21.8,15.09
design_4205,1.2,1.35,1.47,2.59,2.12,2.25,1.33,1.9,12.65,7.5,0.85,8.42,7.1
design_4206,1.11,1.23,0.82,2.21,1.27,2.11,1.14,1.56,14.25,8.34,0.85,26.48,19.82
design_4207,1.18,1.5,1.63,2.31,1.23,2.23,1.26,1.78,14.27,8.37,0.84,5.83,5.26
design_4208,1.26,2.01,4.24,2.21,1.04,2.27,1.46,2.55,16.3,9.2,0.86,10.8,8.27
design_4209,1.47,1.93,4.52,2.16,0.98,2.56,1.57,2.69,13.43,7.88,0.85,17.25,12.61
design_4210,1.23,1.91,3.95,1.91,0.88,2.28,1.38,2.39,14.73,8.45,0.86,6.24,4.98
design_4211,1.18,1.87,4.46,2.04,0.64,5.43,1.73,3.33,14.6,8.18,0.87,14.13,9.16
design_4212,1.04,2.03,1.67,1.83,0.66,5.45,1.46,2.73,15.0,8.41,0.87,15.45,8.85
design_4213,1.14,1.74,4.54,1.83,0.89,4.2,1.54,2.98,16.19,8.92,0.88,14.54,10.22
design_4214,1.14,2.11,3.07,1.95,0.77,5.71,1.62,3.09,17.39,9.48,0.87,16.81,10.91
design_4215,1.32,2.2,1.58,1.89,0.57,5.24,1.49,2.69,16.78,8.91,0.88,10.89,7.53
design_4216,1.16,1.08,1.96,1.51,1.17,4.88,1.5,2.74,12.83,7.97,0.84,31.49,23.66
design_4217,1.06,1.53,2.54,1.54,0.56,4.95,1.5,2.88,12.57,7.92,0.83,12.05,8.32
design_4218,1.42,1.71,2.26,1.87,1.26,4.74,1.58,2.83,16.63,9.52,0.84,11.35,8.6
design_4219,1.32,1.1,1.17,1.93,0.83,4.31,1.31,2.42,6.44,5.33,0.84,6.51,4.99
design_4220,1.19,0.97,1.48,1.42,0.77,4.6,1.32,2.52,17.78,9.99,0.84,30.21,21.12
design_4221,1.76,1.19,2.28,1.5,0.82,5.13,1.53,2.94,7.86,5.98,0.83,30.78,22.69
design_4222,1.64,1.25,2.28,1.49,0.9,4.36,1.4,2.61,10.88,7.22,0.83,27.95,20.35
design_4223,1.2,0.85,1.31,1.54,0.7,6.5,1.68,3.38,9.77,6.69,0.83,8.93,6.7
design_4224,0.89,2.3,1.32,1.95,1.39,2.56,1.2,1.84,7.72,5.56,0.85,5.72,3.87
design_4225,1.06,2.05,1.5,2.5,1.03,2.53,1.29,1.91,17.08,9.27,0.86,29.7,21.62
design_4226,0.86,2.28,1.4,2.19,0.94,3.29,1.31,2.07,14.52,8.44,0.85,27.05,20.78
design_4227,1.29,1.9,1.64,2.34,1.33,3.8,1.46,2.31,16.43,9.01,0.87,22.37,15.79
design_4228,1.02,1.77,1.54,2.0,1.25,2.41,1.17,1.76,12.7,7.63,0.85,4.78,3.65
design_4229,1.1,1.73,1.6,1.85,0.9,2.43,1.12,1.73,18.67,10.13,0.87,20.27,13.05
design_4230,1.08,1.79,1.6,2.17,1.5,3.45,1.33,2.14,14.01,8.15,0.85,6.79,5.87
design_4231,0.94,2.13,1.27,1.94,1.07,2.64,1.16,1.8,16.88,9.41,0.86,28.72,21.05
design_4232,1.89,1.19,4.34,2.25,1.06,4.3,1.69,3.09,15.07,8.86,0.84,13.4,9.01
design_4233,1.87,1.05,1.45,1.84,1.18,8.18,2.17,4.43,16.95,9.75,0.84,18.62,12.37
design_4234,1.23,1.06,2.05,1.8,0.96,7.3,1.95,3.98,11.21,7.11,0.84,3.45,3.95
design_4235,1.65,1.48,2.18,2.02,1.32,7.96,2.16,4.38,15.17,8.81,0.85,7.36,6.98
design_4236,1.58,1.44,1.79,2.01,1.63,8.29,2.21,4.52,15.86,9.11,0.85,11.77,11.48
design_4237,1.23,1.1,1.19,1.85,1.09,7.63,2.01,4.1,13.39,8.24,0.83,4.3,4.25
design_4238,1.26,1.45,1.48,2.0,1.27,7.92,2.12,4.29,14.65,8.73,0.84,7.38,5.5
design_4239,1.66,1.15,3.9,2.07,1.08,4.63,1.68,3.08,15.81,9.25,0.84,10.58,8.28
design_4240,1.31,1.38,1.51,1.66,0.78,3.64,1.24,2.08,15.55,9.03,0.84,3.01,3.2
design_4241,1.47,1.56,1.37,2.05,1.23,4.0,1.41,2.3,15.2,8.69,0.85,19.62,14.19
design_4242,1.12,1.44,2.39,1.42,0.82,2.7,1.2,1.93,16.91,9.57,0.84,13.83,9.44
design_4243,1.44,1.43,1.51,1.79,1.12,4.25,1.41,2.36,14.39,8.4,0.84,21.86,15.49
design_4244,1.19,1.24,2.8,1.42,0.83,2.57,1.21,2.01,16.12,9.24,0.84,30.25,20.9
design_4245,1.21,1.36,1.75,1.78,1.1,3.26,1.27,2.02,12.68,7.75,0.84,12.11,8.48
design_4246,1.36,1.15,2.05,1.83,1.38,2.8,1.24,1.96,13.03,7.64,0.85,22.46,16.62
design_4247,1.25,1.08,0.91,1.6,0.81,4.15,1.23,2.17,17.39,9.82,0.85,15.32,11.14
design_4248,2.0,2.95,2.65,2.81,1.71,1.35,1.61,2.35,16.12,8.67,0.88,24.9,18.39
design_4249,1.4,2.92,2.39,2.92,1.36,1.31,1.62,2.19,15.16,8.24,0.88,11.78,7.48
design_4250,1.61,2.88,1.67,2.53,1.45,1.3,1.49,2.02,16.73,8.99,0.88,12.44,11.49
design_4251,1.88,3.08,1.82,2.7,1.65,1.42,1.57,2.2,16.26,8.83,0.87,33.3,24.59
design_4252,1.83,3.14,1.4,3.31,1.34,1.67,1.72,2.3,17.45,9.28,0.88,30.26,26.05
design_4253,1.87,2.96,1.94,3.21,1.56,1.35,1.67,2.3,16.63,9.14,0.87,13.0,8.24
design_4254,2.11,3.25,2.15,3.19,1.55,1.45,1.71,2.43,16.11,8.88,0.86,14.88,9.75
design_4255,1.71,2.98,1.56,2.61,1.43,1.28,1.52,2.06,15.79,8.66,0.87,16.28,12.69
design_4256,0.98,1.46,1.04,1.6,0.83,6.0,1.64,3.34,15.07,8.9,0.84,13.18,8.44
design_4257,0.76,1.29,1.08,1.74,0.83,2.76,1.09,1.78,9.95,6.79,0.85,4.02,2.86
design_4258,0.75,1.53,0.97,1.55,1.02,2.9,1.12,1.85,16.56,9.33,0.86,33.38,24.93
design_4259,0.9,1.24,1.12,1.71,0.79,3.97,1.22,2.34,17.28,9.89,0.84,11.23,7.67
design_4260,0.85,1.29,0.91,1.64,0.85,3.8,1.2,2.24,18.06,10.2,0.85,31.05,25.22
design_4261,1.04,1.44,1.07,1.66,0.79,3.82,1.23,2.28,14.71,8.76,0.84,8.96,5.45
design_4262,0.81,1.2,1.12,1.61,0.98,3.9,1.21,2.29,12.3,7.76,0.84,7.59,4.42
design_4263,0.95,1.14,0.93,1.65,0.74,4.34,1.27,2.49,17.47,9.94,0.85,14.68,14.06
design_4264,8.21,20.42,9.1,27.24,12.43,25.03,14.98,18.76,16.12,9.4,0.84,25.43,15.38
design_4265,8.65,20.87,10.18,27.13,12.64,25.47,15.06,19.08,17.96,10.13,0.84,24.82,14.62
design_4266,8.77,20.23,8.62,27.0,12.1,25.05,14.95,18.64,16.76,9.78,0.84,17.75,16.72
design_4267,8.73,20.56,10.04,27.15,12.58,25.49,15.04,19.03,16.4,9.41,0.85,21.85,15.21
design_4268,9.52,21.08,6.71,26.95,12.38,22.83,14.83,18.09,15.4,8.63,0.86,23.02,14.6
design_4269,7.85,19.76,9.18,26.78,11.87,24.93,14.89,18.46,15.8,9.2,0.84,19.45,17.72
design_4270,8.91,19.34,8.39,26.23,10.78,24.27,14.77,17.99,15.33,8.95,0.84,31.12,22.09
design_4271,8.79,19.94,10.09,27.06,12.22,25.43,14.99,18.88,17.05,9.86,0.84,27.87,18.43
design_4272,1.01,1.68,1.78,1.48,1.11,6.3,1.68,3.29,16.29,9.21,0.85,35.29,24.37
design_4273,1.08,1.75,1.87,1.68,1.06,6.81,1.81,3.55,15.39,8.45,0.88,27.56,21.0
design_4274,0.83,1.67,1.37,1.74,1.23,7.1,1.82,3.64,12.26,6.96,0.88,28.82,22.35
design_4275,1.01,1.67,1.74,1.66,1.05,6.79,1.79,3.52,14.76,8.3,0.87,25.47,19.34
design_4276,1.2,1.89,1.88,1.71,1.15,6.48,1.76,3.43,15.71,8.58,0.88,30.07,21.49
design_4277,1.07,2.02,1.49,1.73,1.33,7.17,1.86,3.71,16.24,8.47,0.9,29.62,22.67
design_4278,0.98,1.66,1.36,1.75,1.02,6.81,1.79,3.5,14.84,8.21,0.88,28.64,21.72
design_4279,0.98,1.51,1.7,1.59,1.34,6.47,1.7,3.37,17.98,9.97,0.86,32.66,25.07
design_4280,1.26,2.72,0.92,1.39,0.75,3.33,1.31,2.1,16.83,9.47,0.86,29.3,21.52
design_4281,1.09,2.83,0.77,1.97,1.19,3.17,1.38,2.13,18.28,10.07,0.86,16.36,13.58
design_4282,1.14,2.43,1.42,1.66,0.75,3.18,1.25,2.07,17.8,10.0,0.85,13.21,11.13
design_4283,1.02,2.26,1.58,1.7,0.63,3.99,1.29,2.37,17.34,9.75,0.85,31.98,22.43
design_4284,1.28,3.07,0.81,2.16,1.24,3.39,1.5,2.29,17.34,9.69,0.86,16.3,12.85
design_4285,1.2,2.48,1.04,1.68,0.97,3.3,1.32,2.1,16.72,9.52,0.85,10.33,7.66
design_4286,1.5,2.76,0.82,1.9,0.92,2.71,1.35,1.97,16.43,9.36,0.86,28.14,20.91
design_4287,1.13,2.65,3.46,1.88,2.28,6.7,2.03,3.93,16.53,9.0,0.87,31.8,23.17
design_4288,1.21,2.45,1.0,2.55,0.81,3.52,1.39,2.2,17.75,9.82,0.86,23.2,17.49
design_4289,1.15,2.48,1.46,2.1,0.95,3.7,1.36,2.26,17.7,9.97,0.85,11.09,9.54
design_4290,1.16,2.66,1.68,1.98,0.83,5.25,1.56,2.86,18.09,10.1,0.86,18.11,11.96
design_4291,1.28,2.34,1.48,2.04,0.84,3.86,1.37,2.29,16.81,9.54,0.85,25.11,17.93
design_4292,1.28,2.38,1.73,2.42,0.98,3.47,1.42,2.27,12.87,7.76,0.85,26.1,18.93
design_4293,1.13,2.28,1.54,1.99,0.93,5.07,1.52,2.73,17.59,9.94,0.85,17.5,11.34
design_4294,1.24,2.47,2.35,2.47,0.87,2.9,1.43,2.26,17.19,9.61,0.86,19.83,15.73
design_4295,1.23,2.37,1.18,2.19,1.14,3.3,1.35,2.1,18.12,10.04,0.86,19.33,14.61
design_4296,2.03,2.62,3.17,2.19,1.72,2.93,1.7,2.62,15.84,9.32,0.84,20.27,14.69
design_4297,1.8,2.39,3.59,2.2,1.51,2.55,1.66,2.6,17.0,9.76,0.84,31.24,23.91
design_4298,1.95,2.43,3.2,2.11,1.64,2.45,1.6,2.47,17.88,10.08,0.85,21.56,15.5
design_4299,1.88,2.59,2.0,2.24,1.64,2.55,1.58,2.19,17.13,9.8,0.85,18.02,9.65
design_4300,1.67,2.31,3.04,2.07,1.53,2.68,1.58,2.41,17.62,10.08,0.84,22.83,17.26
design_4301,1.81,2.38,2.5,2.33,1.54,2.86,1.59,2.36,12.92,7.97,0.84,31.61,21.83
design_4302,1.91,2.34,3.33,2.0,1.54,3.0,1.63,2.6,18.25,10.24,0.85,23.73,17.38
design_4303,1.85,2.12,4.19,1.95,1.31,4.47,1.84,3.25,17.62,9.96,0.85,30.69,23.83
design_4304,2.25,2.21,2.62,2.12,0.85,2.39,1.42,2.23,18.98,10.26,0.86,29.83,22.0
design_4305,2.29,2.57,1.74,2.51,1.34,1.73,1.36,2.03,17.96,9.89,0.86,30.06,23.23
design_4306,2.13,2.26,2.84,1.98,1.18,1.83,1.38,2.19,18.29,10.04,0.86,17.73,18.01
design_4307,2.27,2.3,1.95,2.37,1.29,2.03,1.35,2.06,17.46,9.64,0.86,31.31,22.99
design_4308,2.28,2.35,2.0,2.0,1.27,1.86,1.32,1.99,18.37,10.06,0.86,25.76,17.05
design_4309,2.3,2.39,2.28,2.02,1.17,1.96,1.37,2.09,16.55,9.29,0.86,31.7,22.75
design_4310,2.21,2.49,2.14,2.28,1.24,1.98,1.39,2.1,15.97,8.97,0.86,30.35,22.08
design_4311,2.53,2.68,1.68,2.12,1.09,1.94,1.39,2.03,18.9,10.31,0.86,23.2,19.95
design_4312,1.72,2.23,1.42,3.09,1.34,2.13,1.54,2.12,17.57,9.62,0.87,31.75,26.18
design_4313,1.82,2.26,1.54,2.54,1.32,5.02,1.63,2.88,17.24,9.36,0.88,17.78,15.93
design_4314,2.21,2.63,1.87,2.95,1.39,5.52,1.86,3.24,16.88,9.09,0.88,29.89,23.08
design_4315,1.21,1.51,3.21,2.37,1.25,2.46,1.29,2.1,16.32,9.02,0.88,25.17,20.66
design_4316,2.0,2.29,1.64,2.6,1.42,2.35,1.49,2.13,17.59,9.74,0.87,21.72,19.1
design_4317,1.57,1.97,1.16,2.39,1.4,5.51,1.63,2.96,15.62,8.75,0.87,7.31,5.73
design_4318,1.85,2.16,1.61,2.82,1.33,2.52,1.49,2.16,17.05,9.44,0.86,29.8,23.81
design_4319,1.38,1.85,1.98,2.37,1.38,5.55,1.63,3.0,16.86,9.21,0.87,11.81,10.72
design_4320,0.82,1.05,0.92,1.7,0.88,5.32,1.5,2.9,17.39,9.75,0.86,17.75,13.31
design_4321,1.05,1.19,1.0,1.76,1.0,4.79,1.47,2.68,17.31,9.88,0.85,13.53,9.27
design_4322,1.13,1.45,0.94,1.89,1.14,5.66,1.66,3.13,14.74,8.84,0.84,17.37,10.21
design_4323,0.74,1.04,1.17,1.72,0.82,5.62,1.55,3.04,17.68,10.0,0.85,35.51,23.56
design_4324,0.72,0.88,0.75,2.23,0.86,5.32,1.51,2.93,17.95,10.06,0.85,23.65,17.17
design_4325,0.98,1.01,0.81,1.69,0.88,5.39,1.53,2.93,15.14,8.71,0.86,11.97,7.71
design_4326,0.97,1.06,1.0,1.67,0.77,5.29,1.5,2.88,17.5,9.91,0.86,28.62,21.81
design_4327,0.96,1.22,0.79,1.83,0.82,5.69,1.61,3.09,16.67,9.59,0.84,28.19,21.4
design_4328,1.09,2.1,1.25,1.63,1.02,2.87,1.15,1.86,17.74,9.82,0.86,25.04,16.94
design_4329,1.37,2.36,1.23,1.71,0.88,3.04,1.27,1.99,17.32,9.66,0.86,33.82,21.1
design_4330,1.11,2.19,0.96,1.74,1.36,3.38,1.3,2.07,16.17,9.15,0.86,17.4,15.33
design_4331,1.37,2.19,0.97,1.59,1.13,3.56,1.29,2.12,16.81,9.57,0.85,26.54,18.74
design_4332,1.29,2.03,1.89,1.61,0.99,4.91,1.47,2.72,17.89,9.94,0.86,32.89,23.08
design_4333,1.33,2.24,1.05,1.75,0.88,3.01,1.29,1.94,17.3,9.57,0.86,24.7,18.22
design_4334,1.35,2.03,1.28,1.62,0.97,3.39,1.28,2.06,17.63,9.86,0.85,33.24,22.28
design_4335,1.31,2.41,1.31,1.72,1.12,2.87,1.26,1.96,17.92,9.91,0.86,27.72,19.58
design_4336,0.95,1.37,2.11,2.03,1.41,3.39,1.24,2.14,7.21,5.27,0.86,11.36,7.86
design_4337,1.28,2.87,6.86,2.13,1.44,1.97,2.06,3.95,16.07,9.07,0.85,15.31,11.35
design_4338,1.45,2.02,4.93,2.1,1.07,2.23,1.68,3.02,15.67,9.11,0.84,23.4,15.87
design_4339,1.39,2.28,5.78,2.07,0.77,2.58,1.83,3.45,18.01,9.89,0.85,22.02,16.18
design_4340,1.42,1.82,2.19,2.44,1.21,2.6,1.37,2.08,12.04,7.54,0.84,10.69,7.28
design_4341,1.57,2.14,3.75,2.05,1.01,3.37,1.59,2.76,12.12,7.48,0.84,11.33,8.75
design_4342,1.6,1.99,5.31,2.17,0.82,2.12,1.72,3.18,16.97,9.53,0.84,12.91,8.46
design_4343,1.58,2.15,3.55,2.11,1.05,3.4,1.6,2.71,15.12,8.75,0.85,11.48,8.92
design_4344,1.35,2.74,4.07,2.12,1.6,2.93,1.69,2.88,7.83,5.98,0.83,13.38,9.43
design_4345,1.35,2.62,2.12,1.96,1.23,4.88,1.68,2.92,6.88,5.62,0.83,3.1,3.75
design_4346,1.39,2.28,5.12,2.05,0.91,3.75,1.82,3.4,13.13,8.28,0.82,30.94,22.22
design_4347,1.33,2.41,4.04,2.21,1.23,3.81,1.74,3.06,7.54,5.97,0.83,8.16,6.96
design_4348,1.1,1.77,2.24,1.67,0.95,6.69,1.86,3.59,14.51,8.67,0.84,6.12,5.05
design_4349,1.25,2.09,5.57,1.96,1.39,1.98,1.75,3.21,11.23,7.33,0.83,16.29,11.61
design_4350,1.36,2.28,4.03,1.85,1.12,4.31,1.72,3.16,14.57,8.88,0.82,10.33,8.35
design_4351,1.44,2.46,4.45,2.1,1.05,3.95,1.82,3.23,15.71,9.35,0.82,8.41,6.83
design_4352,0.83,1.3,2.97,2.06,0.96,3.75,1.3,2.51,14.0,8.3,0.85,4.19,3.15
design_4353,1.07,1.75,2.31,2.0,1.23,8.79,2.36,4.99,15.88,9.32,0.84,7.1,6.74
design_4354,0.93,1.33,2.05,2.4,0.97,8.46,2.26,4.8,11.84,7.67,0.84,3.03,4.7
design_4355,1.1,1.42,2.27,2.28,1.27,9.21,2.46,5.21,16.49,9.52,0.85,10.29,10.39
design_4356,1.1,1.71,2.05,2.28,1.36,8.64,2.37,4.92,17.14,9.9,0.85,23.52,19.73
design_4357,1.38,1.54,2.37,2.32,1.2,9.31,2.5,5.28,16.48,9.57,0.84,9.54,7.86
design_4358,0.96,1.59,1.9,2.07,1.11,8.76,2.33,4.94,16.99,9.82,0.84,13.65,9.71
design_4359,1.01,1.87,2.43,2.24,1.62,9.05,2.46,5.17,16.63,9.56,0.84,23.48,15.79
design_4360,1.14,1.91,0.93,1.75,1.11,1.94,1.13,1.53,17.79,9.82,0.86,14.86,13.32
design_4361,1.08,1.92,0.96,1.52,0.86,1.91,1.08,1.46,15.29,8.77,0.85,10.14,5.97
design_4362,1.26,2.28,1.86,2.0,1.08,2.29,1.32,1.89,17.39,9.6,0.87,23.48,16.93
design_4363,1.44,2.49,1.41,1.83,1.14,2.07,1.32,1.79,17.4,9.6,0.87,28.27,21.14
design_4364,1.06,1.56,0.72,1.62,0.85,2.0,1.0,1.41,14.74,8.58,0.86,8.79,7.48
design_4365,1.51,2.27,1.23,1.89,1.08,1.91,1.27,1.69,15.45,8.77,0.87,26.71,19.36
design_4366,1.36,2.2,1.2,1.64,0.88,2.13,1.19,1.66,17.29,9.62,0.86,32.63,22.26
design_4367,1.24,2.27,1.87,1.88,1.1,2.15,1.29,1.83,18.21,10.03,0.87,35.22,27.95
design_4368,0.92,2.2,4.38,1.93,0.95,2.4,1.44,2.72,16.77,9.25,0.87,12.96,9.72
design_4369,1.1,2.25,4.6,1.92,0.79,2.11,1.5,2.78,15.87,9.07,0.84,7.12,6.19
design_4370,0.98,1.45,4.78,1.89,0.74,2.34,1.47,2.81,13.11,7.42,0.87,29.16,21.81
design_4371,1.08,2.12,4.88,1.65,1.25,2.14,1.5,2.88,14.29,8.3,0.85,12.64,9.75
design_4372,1.19,2.68,3.11,2.55,1.18,2.24,1.42,2.39,13.34,7.59,0.86,13.3,8.64
design_4373,1.03,2.2,4.7,1.96,0.78,2.43,1.54,2.86,15.5,8.66,0.86,18.36,13.79
design_4374,1.21,2.31,3.7,2.48,0.99,2.77,1.51,2.63,15.31,8.38,0.87,12.93,11.31
design_4375,1.07,1.76,4.75,1.95,0.96,2.44,1.53,2.86,13.53,7.68,0.87,31.29,23.05
design_4376,1.37,1.93,1.6,2.72,0.87,5.68,1.74,3.09,7.39,5.35,0.85,16.72,13.11
design_4377,1.34,2.47,2.06,2.63,1.19,6.2,1.87,3.39,15.88,8.72,0.87,26.52,20.49
design_4378,1.37,2.96,1.69,2.82,0.98,5.71,1.84,3.24,12.68,7.51,0.86,15.23,12.5
design_4379,1.24,2.36,2.08,2.38,1.06,5.42,1.68,3.03,16.74,9.32,0.86,12.02,10.24
design_4380,1.2,2.09,1.61,2.26,1.02,5.92,1.69,3.13,16.7,9.14,0.87,12.34,8.66
design_4381,1.23,1.82,1.71,2.18,0.91,5.76,1.61,3.04,11.54,6.98,0.85,7.51,6.2
design_4382,1.19,2.61,1.92,2.46,1.23,6.01,1.81,3.28,17.06,9.45,0.87,10.21,8.79
design_4383,1.13,1.84,1.73,2.39,1.12,5.87,1.64,3.12,13.58,7.89,0.86,8.34,6.73
design_4384,1.74,2.17,2.26,2.37,1.4,2.0,1.35,2.02,14.55,8.44,0.86,8.34,6.49
design_4385,1.29,2.71,2.17,2.16,1.33,4.32,1.56,2.73,13.3,7.98,0.85,3.64,3.9
design_4386,1.69,2.13,1.96,2.22,1.43,3.48,1.45,2.38,10.53,6.9,0.84,2.75,3.09
design_4387,1.25,2.5,2.27,2.18,1.2,3.57,1.47,2.43,13.23,8.01,0.84,6.38,5.25
design_4388,1.54,2.36,1.94,2.32,1.4,2.43,1.4,2.07,15.73,9.11,0.85,8.9,8.13
design_4389,1.37,2.64,2.11,2.06,1.33,3.84,1.46,2.54,14.0,8.38,0.84,6.28,5.66
design_4390,1.45,2.68,2.54,1.77,1.3,4.46,1.56,2.79,15.63,9.0,0.85,7.45,6.74
design_4391,1.41,2.49,1.09,2.02,1.31,4.94,1.57,2.85,12.54,7.81,0.84,5.54,4.42
design_4392,1.17,2.0,2.02,1.73,1.17,2.43,1.28,1.89,15.44,8.41,0.87,31.01,18.31
design_4393,1.12,2.04,1.53,1.56,1.36,2.15,1.18,1.68,16.79,9.08,0.88,14.65,10.22
design_4394,1.27,2.34,1.89,1.75,1.05,2.5,1.28,1.92,10.47,6.88,0.84,16.09,10.71
design_4395,1.16,2.23,1.44,1.87,1.02,2.17,1.21,1.71,14.22,8.38,0.85,8.65,6.64
design_4396,1.21,2.14,1.65,1.51,0.8,2.16,1.19,1.69,17.15,9.36,0.86,10.71,9.48
design_4397,1.25,2.14,1.15,1.67,0.8,1.82,1.1,1.51,18.2,9.96,0.86,33.13,22.4
design_4398,1.18,2.05,1.98,1.83,0.93,2.17,1.22,1.81,14.55,8.54,0.85,7.8,6.57
design_4399,1.23,2.57,1.42,2.01,1.01,1.75,1.25,1.7,17.48,9.8,0.84,11.68,7.39
design_4400,1.25,2.3,1.18,1.79,1.23,1.65,1.13,1.56,16.57,8.7,0.89,11.27,7.59
design_4401,1.47,2.67,1.8,2.57,1.19,1.85,1.43,1.98,16.56,8.76,0.89,11.14,8.26
design_4402,1.46,2.53,1.45,2.6,0.96,1.56,1.33,1.82,15.99,8.53,0.89,14.87,9.62
design_4403,1.26,2.39,1.52,1.98,0.82,1.58,1.17,1.64,16.59,8.75,0.89,17.8,11.89
design_4404,1.67,2.61,2.01,2.82,1.17,1.59,1.49,2.07,16.93,9.0,0.89,10.79,8.25
design_4405,1.66,2.53,1.52,2.66,1.15,1.82,1.41,1.92,17.04,8.96,0.89,12.74,8.72
design_4406,1.5,2.63,1.83,2.69,1.11,1.84,1.41,2.0,16.82,8.88,0.89,8.71,7.7
design_4407,1.43,2.53,1.67,2.67,1.16,1.65,1.34,1.9,16.88,8.92,0.89,17.37,12.45
design_4408,0.93,2.04,0.65,1.65,0.91,2.22,0.96,1.53,17.86,10.01,0.85,11.05,11.21
design_4409,1.22,2.7,1.19,2.62,1.15,6.51,1.84,3.48,17.16,9.69,0.85,25.72,18.08
design_4410,1.1,2.38,0.78,1.99,1.17,2.68,1.11,1.83,16.88,9.66,0.85,37.01,25.78
design_4411,1.13,2.47,0.95,2.21,1.56,6.33,1.73,3.34,15.57,9.07,0.84,40.37,27.45
design_4412,1.09,2.12,0.62,1.75,1.02,3.88,1.23,2.18,15.6,9.0,0.85,38.95,27.16
design_4413,1.08,1.98,0.5,1.72,0.95,3.28,1.1,1.91,18.14,10.1,0.86,25.74,18.76
design_4414,1.28,2.59,1.2,2.49,1.13,2.09,1.27,1.85,16.09,9.21,0.84,30.19,20.56
design_4415,1.01,2.36,2.05,2.57,0.88,2.41,1.24,2.05,18.25,10.02,0.86,19.86,14.59
design_4416,0.94,1.13,2.13,1.8,0.96,4.64,1.51,2.67,16.43,9.6,0.83,23.93,16.98
design_4417,1.37,1.88,1.69,1.95,1.68,5.34,1.71,3.08,7.21,5.7,0.84,2.8,3.46
design_4418,1.06,1.57,1.76,1.74,1.57,5.52,1.66,3.1,11.1,7.26,0.83,5.23,3.72
design_4419,1.28,1.05,2.2,1.92,1.07,4.68,1.56,2.73,6.39,5.44,0.84,3.14,3.7
design_4420,0.62,1.04,1.75,1.77,0.94,6.68,1.8,3.56,15.91,9.17,0.84,14.9,11.49
design_4421,1.04,0.89,2.32,1.98,0.93,2.44,1.33,1.82,16.71,9.62,0.85,10.16,11.04
design_4422,0.84,1.26,1.43,1.86,1.0,6.62,1.84,3.54,15.32,8.91,0.84,14.67,8.72
design_4423,1.06,1.1,1.06,1.71,0.79,4.55,1.47,2.52,15.97,9.41,0.83,6.26,6.4
design_4424,0.89,1.95,2.11,2.5,0.97,0.91,1.23,1.74,15.85,8.48,0.89,13.64,10.79
design_4425,1.02,2.28,1.62,2.59,1.0,0.88,1.28,1.73,14.84,8.2,0.88,24.24,16.41
design_4426,1.08,2.01,1.87,2.44,1.09,0.9,1.22,1.7,12.18,6.95,0.88,5.66,4.9
design_4427,1.23,2.1,1.95,2.74,1.15,1.02,1.33,1.85,12.67,7.16,0.88,4.94,4.28
design_4428,1.68,2.94,2.41,2.99,1.39,1.18,1.56,2.26,14.8,7.95,0.89,17.46,11.89
design_4429,0.98,2.27,2.14,2.21,0.98,1.04,1.23,1.75,13.24,7.35,0.89,12.84,9.48
design_4430,0.8,1.92,2.38,2.38,1.2,1.03,1.23,1.79,15.13,8.16,0.89,13.09,9.84
design_4431,0.9,1.92,1.97,2.54,1.27,1.1,1.27,1.75,14.73,8.02,0.89,11.7,9.42
design_4432,1.08,3.21,3.66,1.87,1.98,2.17,1.5,2.6,6.29,4.79,0.86,8.7,6.75
design_4433,0.97,3.36,3.1,1.87,1.06,2.02,1.42,2.33,11.15,6.97,0.85,8.04,5.68
design_4434,2.98,2.67,3.3,1.94,0.89,2.32,1.51,2.58,14.05,8.24,0.84,12.22,7.78
design_4435,0.91,2.85,1.89,1.82,1.26,2.19,1.22,1.91,6.09,4.81,0.86,6.76,4.41
design_4436,1.12,3.18,1.75,1.99,0.72,2.11,1.24,1.94,10.66,6.68,0.85,9.76,6.69
design_4437,1.13,3.38,1.79,2.29,1.16,2.14,1.36,2.08,4.32,3.89,0.87,7.0,4.61
design_4438,1.01,3.2,2.61,1.9,1.06,2.12,1.36,2.17,11.31,7.02,0.85,8.74,6.21
design_4439,0.98,3.15,2.06,1.69,1.0,2.02,1.26,1.95,7.1,5.14,0.86,7.25,4.86
design_4440,1.34,1.57,0.99,2.12,0.96,0.87,1.08,1.41,13.17,7.68,0.86,14.87,8.92
design_4441,1.12,1.84,1.38,2.53,1.09,1.15,1.15,1.63,15.23,8.62,0.87,7.14,6.09
design_4442,1.09,1.73,1.04,2.3,1.08,1.08,1.14,1.5,16.59,9.14,0.87,9.78,10.44
design_4443,1.72,1.79,1.3,1.88,1.15,1.08,1.14,1.54,15.9,8.67,0.87,18.76,17.07
design_4444,1.25,1.52,1.16,1.98,0.75,1.02,1.09,1.36,16.95,9.14,0.86,22.96,17.41
design_4445,1.18,1.73,1.3,2.16,1.14,1.17,1.15,1.51,16.08,8.96,0.87,6.55,6.08
design_4446,1.12,1.57,1.06,2.15,0.95,1.11,1.11,1.42,14.02,8.16,0.86,9.35,6.38
design_4447,1.11,1.44,1.31,2.13,1.17,1.33,1.12,1.47,11.64,7.07,0.86,9.28,7.92
design_4448,1.35,2.47,1.74,2.42,1.79,2.49,1.36,2.07,15.24,8.41,0.87,17.82,12.76
design_4449,1.64,2.8,1.66,2.61,1.38,2.59,1.54,2.15,6.82,5.02,0.86,4.72,3.92
design_4450,1.61,2.38,1.73,2.45,1.22,2.33,1.41,1.99,18.94,10.0,0.88,39.52,26.94
design_4451,1.47,2.23,1.0,1.85,1.23,2.44,1.23,1.74,10.24,6.37,0.86,2.6,2.3
design_4452,1.29,2.08,1.15,1.77,1.19,2.44,1.15,1.69,6.87,5.03,0.86,4.9,3.64
design_4453,1.26,2.34,1.03,2.02,1.21,2.44,1.22,1.76,5.05,4.18,0.87,4.58,3.46
design_4454,1.42,2.58,1.68,2.73,1.31,2.54,1.44,2.1,14.58,8.16,0.87,25.79,18.98
design_4455,1.3,2.48,1.4,2.09,1.52,2.45,1.33,1.9,5.06,4.29,0.87,4.13,3.08
design_4456,9.01,22.74,7.7,26.53,12.36,25.42,15.2,18.96,6.0,5.35,0.84,28.63,17.66
design_4457,9.08,22.36,7.13,26.55,12.72,24.71,15.09,18.66,10.99,7.72,0.81,27.97,17.28
design_4458,8.7,21.98,7.48,26.38,11.68,25.59,15.15,18.79,8.68,6.88,0.81,29.92,18.26
design_4459,9.35,22.06,8.51,26.49,12.86,24.71,15.11,18.78,9.81,7.16,0.81,27.09,16.83
design_4460,9.14,22.05,7.91,26.31,11.96,24.43,15.08,18.5,14.51,8.97,0.81,30.82,20.57
design_4461,9.17,22.57,8.59,26.64,12.76,25.05,15.2,18.98,12.59,8.31,0.81,27.24,16.9
design_4462,8.36,20.98,9.62,26.28,11.7,26.58,15.23,19.17,14.31,9.26,0.8,26.3,17.84
design_4463,7.96,20.43,7.43,25.91,11.12,25.19,14.95,18.25,12.25,8.3,0.8,26.51,17.42
design_4464,1.16,1.88,0.86,2.17,0.67,2.71,1.14,1.73,12.38,7.37,0.85,10.96,7.12
design_4465,1.27,2.09,1.32,2.37,0.76,2.59,1.2,1.86,14.46,8.28,0.86,10.86,7.21
design_4466,1.21,2.31,1.12,2.62,0.91,2.08,1.3,1.82,13.32,7.76,0.85,4.35,3.61
design_4467,1.2,2.41,0.91,2.47,0.93,2.53,1.27,1.88,17.7,9.54,0.87,6.86,6.06
design_4468,1.15,2.08,1.42,2.03,0.67,2.21,1.13,1.69,14.08,7.96,0.86,7.62,4.68
design_4469,1.3,2.27,0.85,2.52,1.01,2.93,1.31,1.97,18.02,9.8,0.87,36.0,25.98
design_4470,1.11,2.06,1.29,2.56,1.08,2.74,1.27,1.93,14.04,8.0,0.86,7.69,5.23
design_4471,1.31,2.35,1.42,2.33,0.91,2.13,1.23,1.82,14.19,8.21,0.85,6.98,6.03
design_4472,1.33,2.52,1.0,2.07,1.12,1.33,1.19,1.67,13.33,7.72,0.87,27.18,21.7
design_4473,1.27,2.64,0.85,2.24,0.99,1.08,1.17,1.68,16.3,8.95,0.88,25.86,19.95
design_4474,1.3,2.25,1.67,1.59,1.59,0.78,1.11,1.58,15.3,8.44,0.88,30.19,23.26
design_4475,1.28,2.63,1.31,1.58,1.1,0.91,1.12,1.57,16.46,9.01,0.88,28.31,22.08
design_4476,1.25,2.24,0.76,1.53,1.14,1.09,1.04,1.43,12.43,7.28,0.87,27.15,21.72
design_4477,1.4,2.18,1.42,1.49,1.45,0.64,1.09,1.5,14.83,8.3,0.87,30.9,23.49
design_4478,1.45,2.17,2.1,1.53,1.57,0.72,1.09,1.64,14.89,8.2,0.88,17.28,14.01
design_4479,1.45,2.31,0.84,1.64,1.9,1.02,1.15,1.62,13.83,7.85,0.88,27.89,22.13
design_4480,1.24,2.32,1.56,2.5,0.98,6.57,1.94,3.7,13.21,8.09,0.84,6.33,4.74
design_4481,1.67,2.5,2.06,3.16,1.15,5.77,1.96,3.51,14.74,8.67,0.84,18.26,12.57
design_4482,1.45,2.45,1.4,2.69,1.11,5.21,1.76,3.13,16.12,9.24,0.86,37.65,26.24
design_4483,1.43,2.22,1.47,2.72,1.33,5.28,1.78,3.15,11.47,7.31,0.84,6.36,6.19
design_4484,1.59,2.28,1.5,2.99,1.24,5.77,1.94,3.42,11.84,7.47,0.84,36.88,27.33
design_4485,1.49,2.23,1.64,2.67,1.03,5.64,1.83,3.31,17.08,9.68,0.85,20.07,15.11
design_4486,1.27,2.33,1.97,2.6,1.23,6.1,1.9,3.54,13.8,8.31,0.85,9.14,7.88
design_4487,1.21,2.1,2.61,2.93,1.05,5.46,1.84,3.35,14.86,8.74,0.84,28.54,20.26
design_4488,1.01,1.71,3.28,1.86,0.97,2.63,1.26,2.12,18.93,10.53,0.85,22.11,12.47
design_4489,0.98,1.71,3.33,1.7,0.94,5.81,1.74,3.52,16.87,9.7,0.84,17.92,16.15
design_4490,1.0,1.61,3.32,1.81,0.84,3.01,1.3,2.25,18.67,10.45,0.84,13.79,10.09
design_4491,1.1,1.78,3.33,1.75,1.05,2.91,1.29,2.24,14.35,8.78,0.83,20.89,14.19
design_4492,1.06,1.49,3.31,1.59,0.92,5.27,1.61,3.23,17.42,9.98,0.84,18.0,14.42
design_4493,0.95,1.42,3.29,1.8,0.82,3.31,1.3,2.34,18.23,10.26,0.84,13.52,8.11
design_4494,0.98,1.56,3.32,1.67,0.98,2.92,1.21,2.2,17.73,9.92,0.86,20.52,15.76
design_4495,1.06,1.63,3.34,1.73,0.85,3.86,1.39,2.6,16.81,9.73,0.84,26.97,19.34
design_4496,8.53,20.14,5.97,26.81,10.98,24.65,15.15,19.33,14.6,9.12,0.82,30.12,21.34
design_4497,8.91,20.68,7.22,26.8,11.33,26.1,15.35,20.05,17.88,10.46,0.83,16.95,18.07
design_4498,8.41,20.95,7.35,26.79,11.37,25.65,15.31,19.89,17.74,10.34,0.83,22.9,19.02
design_4499,8.42,20.16,6.31,26.6,11.11,24.62,15.14,19.29,18.16,10.51,0.84,25.86,21.19
design_4500,8.58,20.83,6.82,27.0,11.47,26.36,15.39,20.18,16.67,10.03,0.82,19.04,18.55
design_4501,8.33,20.05,6.81,26.56,10.99,25.33,15.21,19.54,12.6,8.21,0.82,28.5,20.81
design_4502,8.65,19.56,6.57,26.74,11.35,25.41,15.19,19.58,16.76,10.05,0.82,24.13,19.47
design_4503,8.63,20.22,6.32,26.6,11.09,24.87,15.17,19.41,17.72,10.32,0.83,20.18,18.56
design_4504,1.86,2.82,3.82,2.37,1.74,1.97,1.69,2.65,16.87,9.2,0.87,6.77,8.22
design_4505,1.6,2.35,3.77,2.25,1.14,2.27,1.55,2.52,13.1,7.63,0.86,8.8,5.26
design_4506,1.57,2.37,3.52,2.25,1.11,2.26,1.5,2.43,15.24,8.61,0.86,10.04,7.69
design_4507,1.45,2.39,3.75,2.33,1.4,1.74,1.53,2.46,17.78,9.68,0.87,11.43,7.95
design_4508,1.66,2.47,3.85,2.41,1.34,2.1,1.6,2.58,15.69,8.77,0.87,12.29,8.45
design_4509,1.07,2.33,2.3,2.49,0.9,2.82,1.44,2.14,13.11,7.79,0.85,17.57,13.32
design_4510,1.47,2.39,3.88,2.02,1.11,1.75,1.48,2.45,18.17,10.01,0.86,19.02,11.8
design_4511,1.68,2.54,3.61,2.38,1.57,2.13,1.57,2.53,15.8,8.78,0.87,12.23,7.78
design_4512,1.31,2.36,1.08,1.87,1.24,3.16,1.36,2.16,9.79,6.57,0.85,4.85,4.07
design_4513,1.18,2.14,1.63,1.81,0.9,4.94,1.52,2.88,15.04,8.97,0.85,2.53,3.56
design_4514,1.17,1.81,2.39,1.84,0.83,3.88,1.38,2.45,18.22,10.24,0.85,28.02,22.94
design_4515,1.27,2.31,1.3,2.12,1.32,3.02,1.4,2.15,16.6,9.53,0.85,39.08,30.85
design_4516,1.22,1.88,1.45,1.9,0.81,3.31,1.31,2.14,13.54,8.28,0.84,9.74,7.07
design_4517,1.16,2.13,1.84,1.93,1.03,7.97,2.09,4.32,16.88,9.5,0.86,21.87,16.54
design_4518,1.11,2.05,1.6,2.32,0.87,4.48,1.51,2.72,18.22,10.27,0.86,8.33,7.22
design_4519,1.15,2.06,1.73,1.71,0.87,7.66,2.03,4.14,18.1,10.13,0.86,29.06,25.19
design_4520,1.02,1.99,1.67,2.5,1.95,2.83,1.37,2.08,5.86,4.55,0.87,7.46,4.69
design_4521,1.29,1.9,2.23,2.63,1.26,2.85,1.42,2.18,9.58,6.03,0.87,5.86,4.99
design_4522,1.05,1.8,1.13,2.33,1.47,1.89,1.14,1.63,13.41,7.88,0.86,5.3,5.18
design_4523,1.51,1.74,2.23,2.34,1.25,3.11,1.39,2.21,13.82,8.12,0.85,18.13,14.31
design_4524,1.15,1.8,1.28,2.65,1.47,2.15,1.28,1.8,10.47,6.56,0.86,5.66,4.56
design_4525,1.13,1.73,1.19,2.2,1.28,2.14,1.11,1.66,17.31,9.62,0.86,23.82,18.7
design_4526,1.11,2.01,1.72,2.44,1.68,3.18,1.37,2.16,6.35,4.91,0.86,7.23,4.91
design_4527,1.4,1.88,2.1,2.2,1.08,2.89,1.33,2.08,13.38,7.81,0.86,25.87,19.21
design_4528,7.6,21.25,8.8,27.25,12.58,22.42,14.97,18.65,15.84,9.15,0.85,20.39,14.08
design_4529,8.71,20.76,6.42,26.92,11.99,21.64,14.85,18.15,14.6,8.21,0.87,20.27,15.73
design_4530,9.15,20.49,8.13,27.17,12.69,22.18,14.94,18.52,14.17,8.34,0.84,18.4,13.25
design_4531,8.61,20.84,8.57,27.15,12.57,23.5,15.06,18.9,15.72,9.18,0.84,24.66,15.09
design_4532,7.87,21.53,9.02,27.44,12.65,22.61,15.04,18.83,15.79,8.97,0.85,23.92,14.95
design_4533,8.52,21.27,8.87,27.22,12.87,22.58,15.04,18.78,16.05,9.19,0.85,17.83,15.44
design_4534,8.72,20.48,8.49,26.95,12.36,23.57,15.03,18.8,15.47,8.92,0.85,17.68,15.4
design_4535,8.89,19.87,7.65,27.04,12.21,22.08,14.89,18.26,8.47,5.94,0.84,17.93,15.53
design_4536,1.85,1.73,1.04,1.83,1.26,8.19,2.18,4.4,11.74,7.49,0.83,4.17,4.73
design_4537,1.72,1.53,0.76,1.72,1.33,8.48,2.21,4.5,9.03,6.32,0.84,3.79,4.84
design_4538,1.65,1.76,4.47,1.8,1.18,5.02,1.79,3.4,17.62,10.18,0.84,19.1,13.29
design_4539,1.27,1.78,0.82,1.82,1.03,8.35,2.18,4.43,10.91,7.05,0.84,3.78,4.69
design_4540,1.33,2.07,0.5,1.91,1.04,8.73,2.29,4.63,13.81,8.34,0.83,8.99,6.71
design_4541,1.54,1.88,1.23,2.1,1.67,8.32,2.26,4.49,12.76,7.9,0.84,4.68,5.07
design_4542,1.19,1.85,0.79,1.77,0.97,8.4,2.18,4.44,7.57,5.66,0.84,2.87,4.48
design_4543,1.5,1.99,0.69,1.8,0.98,8.83,2.31,4.68,16.32,9.4,0.85,21.76,17.29
design_4544,7.36,20.51,11.63,26.78,10.93,28.63,15.5,20.12,8.63,6.79,0.81,27.88,20.52
design_4545,8.43,20.62,9.84,26.75,10.95,28.38,15.41,19.86,11.41,8.17,0.8,26.43,17.93
design_4546,7.95,20.81,8.16,26.99,11.08,25.42,15.08,18.68,10.43,7.11,0.82,29.0,17.77
design_4547,7.91,21.47,9.04,26.69,11.34,30.33,15.61,20.56,7.7,6.09,0.83,27.45,17.84
design_4548,8.16,19.85,10.53,26.34,10.69,29.59,15.48,20.19,16.55,9.87,0.82,27.68,19.13
design_4549,7.57,20.75,11.45,26.65,10.99,30.53,15.69,20.8,10.85,7.75,0.81,28.17,20.01
design_4550,8.19,19.63,10.82,26.49,10.57,29.05,15.43,20.03,11.06,7.6,0.82,29.39,20.29
design_4551,7.56,19.77,10.19,26.22,10.53,28.41,15.31,19.64,16.19,9.77,0.81,27.08,18.53
design_4552,8.16,18.9,11.03,25.95,11.42,22.17,14.65,17.47,15.31,8.85,0.85,33.0,23.57
design_4553,7.39,18.33,10.02,25.77,11.11,22.06,14.58,17.1,13.65,8.36,0.84,22.87,20.35
design_4554,7.2,19.2,9.73,25.67,11.16,21.99,14.57,17.16,14.65,8.77,0.84,26.89,19.2
design_4555,8.83,19.1,7.51,25.72,11.58,21.35,14.54,16.97,15.92,9.2,0.85,21.42,13.71
design_4556,7.11,18.05,9.51,25.58,10.69,20.93,14.45,16.65,14.86,8.9,0.84,27.41,16.5
design_4557,6.97,19.82,11.07,26.01,11.45,22.68,14.7,17.67,12.46,7.85,0.84,26.2,19.78
design_4558,8.57,17.87,10.59,25.72,11.13,21.78,14.54,17.12,13.76,8.11,0.85,24.21,14.36
design_4559,8.62,18.65,9.41,25.87,11.17,21.66,14.57,17.13,14.1,8.49,0.84,27.86,16.82
design_4560,1.65,1.91,5.02,2.31,1.0,4.76,1.84,3.44,18.47,10.31,0.86,11.4,10.26
design_4561,1.4,1.84,1.74,2.04,1.22,8.74,2.32,4.74,15.17,8.75,0.86,11.16,9.15
design_4562,1.6,1.18,4.68,1.78,0.88,6.82,2.03,4.12,17.5,9.97,0.85,25.17,20.82
design_4563,1.25,1.74,2.17,1.83,1.44,6.93,1.94,3.87,12.56,8.03,0.82,5.61,5.81
design_4564,1.59,1.9,4.15,2.3,1.11,4.94,1.8,3.32,16.69,9.57,0.85,22.23,19.26
design_4565,1.85,1.77,3.97,2.36,1.28,5.47,1.89,3.53,15.63,9.04,0.85,13.06,9.55
design_4566,1.23,1.52,5.16,1.84,1.05,5.79,1.89,3.78,16.26,9.46,0.85,6.39,6.57
design_4567,1.45,1.9,1.55,1.92,1.07,7.75,2.11,4.24,11.29,7.35,0.83,3.8,4.79
design_4568,0.99,1.87,1.37,2.21,0.93,8.71,2.28,4.69,16.59,9.36,0.86,26.83,20.22
design_4569,1.03,1.68,2.85,1.86,0.92,5.43,1.64,3.21,17.95,10.25,0.85,22.14,16.87
design_4570,1.8,2.15,4.72,2.2,1.32,2.4,1.61,2.66,17.86,9.95,0.86,23.87,18.51
design_4571,0.97,1.86,1.51,2.36,0.85,8.67,2.28,4.69,16.97,9.51,0.86,26.71,20.69
design_4572,1.02,1.79,1.74,1.69,0.83,8.24,2.16,4.44,16.49,9.42,0.85,24.06,18.29
design_4573,1.44,2.06,4.18,1.84,1.0,2.55,1.45,2.45,17.74,9.92,0.86,12.03,12.38
design_4574,1.14,1.79,1.43,2.16,1.0,8.13,2.16,4.41,14.45,8.59,0.85,25.38,19.4
design_4575,1.12,2.23,1.38,1.67,0.97,8.92,2.32,4.79,16.99,9.4,0.87,30.75,23.22
design_4576,1.16,2.4,4.62,2.2,1.1,1.04,1.66,2.89,13.95,7.86,0.87,14.22,9.67
design_4577,1.14,2.56,4.35,2.2,1.25,1.13,1.61,2.8,13.61,7.83,0.85,7.04,5.87
design_4578,1.07,2.41,3.56,2.25,1.35,0.93,1.46,2.42,14.46,8.07,0.86,18.31,14.03
design_4579,1.1,2.44,3.35,2.31,1.02,1.07,1.47,2.33,15.47,8.43,0.88,30.22,22.78
design_4580,1.03,2.62,4.17,2.39,1.37,1.0,1.6,2.74,16.54,9.04,0.87,27.42,21.27
design_4581,1.13,2.41,3.13,2.45,1.26,1.0,1.46,2.27,13.93,7.81,0.87,5.92,3.77
design_4582,1.01,2.11,4.9,2.13,0.96,0.97,1.62,2.97,15.72,8.59,0.87,28.63,21.05
design_4583,1.05,2.32,4.25,2.29,1.47,0.96,1.58,2.74,12.61,7.32,0.86,26.74,19.82
design_4584,7.83,23.71,8.3,27.77,13.68,26.7,15.67,21.14,17.76,10.35,0.84,18.21,18.74
design_4585,7.72,22.79,7.68,27.62,13.29,26.03,15.51,20.66,18.03,10.63,0.83,17.18,14.25
design_4586,7.69,23.34,8.05,27.72,13.76,24.77,15.46,20.39,16.63,9.7,0.84,16.05,15.8
design_4587,8.51,22.11,7.34,27.67,13.28,24.55,15.35,20.09,16.83,10.04,0.83,15.24,16.01
design_4588,7.56,22.08,7.26,27.58,12.95,25.49,15.4,20.3,16.63,9.96,0.83,21.72,18.64
design_4589,7.57,22.63,7.67,27.54,13.28,26.91,15.59,20.93,16.62,9.83,0.83,15.42,16.19
design_4590,8.73,22.85,7.84,27.66,13.55,26.11,15.55,20.81,16.0,9.72,0.83,15.75,16.9
design_4591,8.03,22.85,7.99,27.71,13.64,25.99,15.54,20.74,14.08,8.98,0.82,17.02,15.03
design_4592,0.96,2.07,0.85,1.7,1.2,2.69,1.18,1.84,16.3,9.32,0.84,10.1,8.97
design_4593,1.05,1.87,0.78,1.52,0.74,3.13,1.2,1.94,15.33,9.07,0.84,19.27,13.44
design_4594,0.83,1.73,0.85,1.62,1.03,3.41,1.19,2.07,16.99,9.75,0.85,25.63,18.71
design_4595,0.77,1.84,0.44,1.62,0.74,6.4,1.74,3.48,18.29,10.27,0.84,31.03,24.66
design_4596,0.8,1.78,0.72,1.5,1.16,4.57,1.37,2.6,15.61,9.2,0.84,27.28,20.39
design_4597,0.8,1.4,0.73,1.48,0.54,2.78,1.02,1.7,15.75,9.23,0.84,6.93,5.44
design_4598,0.96,1.93,0.78,1.63,1.37,4.25,1.36,2.49,16.21,9.42,0.84,24.13,19.14
design_4599,0.89,1.86,0.57,1.57,0.94,5.03,1.47,2.82,17.57,10.02,0.85,20.95,16.47
design_4600,1.01,2.22,2.1,2.26,0.96,2.35,1.31,1.97,11.85,7.3,0.85,8.37,4.8
design_4601,1.03,2.27,3.19,2.38,1.49,2.1,1.46,2.32,13.91,8.03,0.86,6.88,4.49
design_4602,1.13,2.43,1.62,2.3,1.15,2.53,1.32,1.96,16.54,9.28,0.85,25.45,17.88
design_4603,0.99,2.2,1.91,2.31,1.15,2.51,1.32,1.98,11.95,7.34,0.85,8.79,5.53
design_4604,1.0,2.53,2.31,2.47,1.38,2.11,1.4,2.08,9.45,6.3,0.85,9.36,5.5
design_4605,1.03,2.62,0.91,2.32,1.3,2.55,1.31,1.89,11.0,6.91,0.85,6.27,4.4
design_4606,1.16,2.51,1.65,2.52,0.92,2.6,1.38,2.03,16.45,9.18,0.86,30.19,22.1
design_4607,1.01,2.35,1.88,2.42,0.92,2.2,1.34,1.92,12.38,7.47,0.85,7.87,5.4
design_4608,10.19,23.54,10.81,26.64,12.93,21.75,14.83,18.14,15.52,8.96,0.84,28.09,18.68
design_4609,8.92,22.9,12.7,26.57,12.51,21.64,14.83,18.15,10.3,6.83,0.84,26.8,18.03
design_4610,10.82,23.6,10.59,26.67,13.04,21.86,14.87,18.21,14.18,8.45,0.84,28.65,17.87
design_4611,9.75,22.68,10.93,26.5,12.52,21.68,14.76,17.88,5.77,5.1,0.84,28.8,18.55
design_4612,9.49,21.84,9.83,26.12,11.57,21.17,14.63,17.27,13.73,8.21,0.84,16.87,14.69
design_4613,10.51,23.08,11.05,26.62,13.26,21.54,14.83,18.12,9.35,6.43,0.84,27.07,16.61
design_4614,11.29,23.4,11.02,26.58,13.3,21.81,14.88,18.28,9.77,6.33,0.85,26.84,16.24
design_4615,9.65,23.02,10.99,26.66,12.6,21.8,14.8,18.0,8.63,6.17,0.84,29.06,18.9
design_4616,8.33,21.22,8.67,27.17,12.69,21.47,14.8,18.08,12.41,7.65,0.84,23.81,15.46
design_4617,7.93,21.49,7.84,27.11,12.35,21.91,14.8,18.07,12.96,7.94,0.84,26.15,16.87
design_4618,8.46,21.64,7.92,27.14,12.28,21.9,14.83,18.14,16.53,9.4,0.85,25.98,17.52
design_4619,8.15,21.08,7.59,27.08,12.15,21.86,14.78,17.96,14.56,8.62,0.85,26.4,17.18
design_4620,8.08,20.55,7.35,26.93,11.8,21.23,14.68,17.63,16.17,9.2,0.85,24.84,16.84
design_4621,7.98,20.74,7.38,27.03,11.78,21.68,14.72,17.78,14.1,8.58,0.84,24.45,15.7
design_4622,8.18,20.35,7.41,26.77,11.84,21.37,14.71,17.6,7.16,5.27,0.85,18.15,14.47
design_4623,8.62,21.07,8.21,27.16,12.02,21.53,14.76,17.98,15.8,8.97,0.85,29.26,20.37
design_4624,0.99,2.19,1.31,2.29,1.15,2.17,1.25,1.78,16.65,9.2,0.87,9.0,6.62
design_4625,0.94,1.63,1.79,1.9,1.2,2.28,1.15,1.69,16.14,9.04,0.86,21.26,16.79
design_4626,1.01,2.33,2.59,1.92,1.05,2.33,1.3,1.96,17.23,9.47,0.87,17.54,13.11
design_4627,0.96,1.8,2.12,1.89,0.96,2.25,1.18,1.75,15.72,8.9,0.86,22.15,17.73
design_4628,1.09,2.41,1.6,2.22,1.04,2.12,1.29,1.83,17.23,9.45,0.87,9.4,7.34
design_4629,1.03,1.98,2.61,2.06,1.08,2.12,1.26,1.89,17.24,9.55,0.87,9.39,7.6
design_4630,1.07,1.82,2.44,2.33,1.0,2.37,1.27,1.94,16.09,8.84,0.86,25.46,18.73
design_4631,1.11,1.68,1.29,1.99,0.84,2.2,1.13,1.61,18.42,9.83,0.88,16.16,17.18
design_4632,10.07,24.35,10.42,26.54,13.78,20.64,14.81,18.49,16.07,9.06,0.87,28.32,19.58
design_4633,9.97,24.43,9.61,26.61,13.6,20.67,14.81,18.41,15.4,8.59,0.87,29.1,20.69
design_4634,9.45,21.77,11.77,26.3,12.47,20.31,14.64,17.84,12.97,7.74,0.85,27.24,19.51
design_4635,9.67,23.34,9.66,26.52,13.33,20.56,14.72,18.1,13.55,7.87,0.86,28.21,18.13
design_4636,9.47,23.43,9.64,26.5,13.19,20.49,14.72,18.06,14.46,8.42,0.85,31.69,20.91
design_4637,9.84,24.04,9.86,26.64,13.31,20.63,14.79,18.31,17.01,9.46,0.87,28.01,20.93
design_4638,9.57,23.15,9.42,26.35,13.17,20.53,14.69,17.96,16.6,9.17,0.87,27.08,18.76
design_4639,9.69,23.63,9.37,26.48,13.46,20.55,14.73,18.13,15.54,8.69,0.87,27.29,18.8
design_4640,1.07,1.63,2.44,1.59,0.57,3.9,1.37,2.4,17.41,9.82,0.85,30.05,21.8
design_4641,1.09,2.25,3.13,2.0,0.82,1.95,1.38,2.19,15.79,9.16,0.84,30.74,23.41
design_4642,1.06,2.42,3.14,2.15,1.14,1.66,1.45,2.2,18.0,10.0,0.85,17.49,11.92
design_4643,1.09,1.94,2.0,1.89,0.59,3.22,1.32,2.12,17.74,10.03,0.84,27.23,18.8
design_4644,1.02,2.14,3.68,2.34,1.15,1.78,1.53,2.42,17.19,9.44,0.86,31.42,23.1
design_4645,1.21,2.15,1.83,2.19,1.0,2.96,1.43,2.09,17.11,9.75,0.84,22.65,15.74
design_4646,1.19,2.01,3.98,2.15,1.15,1.6,1.52,2.48,16.53,9.36,0.86,30.11,22.61
design_4647,0.97,1.92,2.84,1.84,1.29,3.4,1.43,2.43,18.04,10.08,0.85,24.57,17.33
design_4648,1.59,2.8,1.76,2.05,1.11,1.26,1.31,1.86,15.13,8.17,0.89,16.2,12.54
design_4649,2.59,3.01,1.14,2.54,1.26,1.82,1.58,2.21,16.18,8.7,0.88,30.06,23.96
design_4650,1.66,2.84,1.22,2.65,1.13,1.3,1.35,1.96,14.46,7.93,0.89,15.44,12.11
design_4651,1.64,2.82,1.35,2.17,1.13,1.28,1.31,1.85,12.8,7.23,0.88,17.71,13.79
design_4652,2.22,2.95,2.15,2.71,1.32,1.23,1.46,2.23,17.53,9.2,0.89,25.57,18.57
design_4653,2.4,3.42,1.75,2.41,1.5,1.35,1.55,2.28,16.66,8.92,0.88,18.49,14.41
design_4654,1.96,2.94,2.02,2.14,1.04,1.34,1.43,2.02,16.15,8.57,0.9,17.8,12.64
design_4655,1.59,2.81,1.06,2.11,1.21,1.28,1.31,1.8,12.0,6.92,0.88,16.48,12.91
design_4656,1.15,1.35,1.16,2.09,1.09,2.49,1.21,1.64,13.43,7.59,0.88,14.5,7.76
design_4657,1.44,1.37,0.89,2.06,1.15,2.33,1.2,1.61,17.47,9.48,0.87,17.65,12.25
design_4658,1.43,1.53,1.49,2.45,1.06,1.95,1.3,1.72,17.27,9.39,0.87,34.42,24.36
design_4659,1.2,1.47,1.09,2.1,1.06,2.55,1.22,1.67,17.21,9.41,0.87,31.81,23.96
design_4660,1.55,1.84,1.12,2.48,1.21,1.95,1.35,1.74,17.31,9.46,0.87,18.11,16.11
design_4661,1.35,1.43,1.16,2.0,1.04,2.16,1.2,1.57,16.37,9.01,0.87,11.52,6.49
design_4662,1.28,1.55,1.47,2.25,1.18,1.92,1.25,1.65,18.04,9.61,0.86,25.28,15.79
design_4663,1.45,1.6,1.6,2.24,1.19,1.96,1.3,1.72,16.33,9.03,0.87,13.56,10.89
design_4664,1.52,2.34,2.9,2.46,1.13,1.59,1.42,2.19,16.45,8.85,0.88,20.77,14.77
design_4665,1.29,2.19,2.36,2.01,1.01,1.14,1.24,1.83,16.17,8.91,0.87,12.96,10.17
design_4666,1.58,2.13,2.07,2.1,0.96,1.4,1.27,1.81,15.2,8.4,0.87,7.32,5.62
design_4667,1.81,2.78,2.81,2.54,1.25,1.33,1.53,2.27,14.26,8.02,0.87,8.28,6.22
design_4668,1.33,2.09,2.69,2.16,1.21,1.57,1.32,2.01,15.47,8.43,0.88,21.07,14.94
design_4669,1.43,2.79,2.23,2.3,1.18,1.32,1.36,2.0,14.84,8.43,0.86,10.35,8.27
design_4670,1.61,2.24,2.78,2.02,1.23,1.76,1.35,2.1,17.44,9.14,0.89,17.07,13.33
design_4671,1.4,2.56,1.93,2.07,1.1,1.14,1.25,1.8,14.78,8.33,0.86,8.86,6.87
design_4672,1.14,2.51,1.35,2.27,0.8,5.38,1.58,2.84,16.83,8.97,0.89,19.89,16.62
design_4673,0.82,1.92,2.6,2.18,0.97,5.44,1.57,2.92,16.57,8.99,0.88,23.95,19.58
design_4674,0.97,2.18,1.27,2.09,0.82,5.23,1.49,2.7,16.73,8.91,0.89,18.8,15.41
design_4675,1.02,2.06,3.5,2.2,1.04,2.87,1.38,2.34,17.26,9.69,0.86,14.82,13.9
design_4676,1.11,2.23,1.78,2.42,1.07,5.41,1.62,2.89,16.65,8.86,0.89,28.32,23.12
design_4677,1.77,2.6,1.17,2.41,1.07,5.57,1.68,2.99,16.66,8.96,0.88,14.66,10.84
design_4678,0.98,2.01,1.92,2.14,0.88,5.24,1.5,2.76,16.92,9.07,0.88,19.59,15.97
design_4679,1.07,2.31,1.16,2.35,0.98,5.19,1.55,2.75,17.36,9.24,0.88,21.75,16.6
design_4680,1.41,2.51,3.36,2.13,1.45,0.99,1.4,2.37,14.68,8.01,0.88,27.52,20.53
design_4681,1.83,3.04,2.99,2.4,1.59,0.97,1.49,2.41,10.6,6.48,0.86,25.35,18.84
design_4682,1.58,2.7,2.77,2.58,1.49,1.07,1.46,2.27,14.73,8.1,0.88,13.55,12.23
design_4683,1.22,2.91,2.97,2.48,1.23,1.06,1.41,2.3,16.03,8.6,0.88,21.56,16.03
design_4684,1.71,2.76,3.21,2.45,1.37,1.15,1.48,2.43,15.51,8.39,0.88,27.85,19.12
design_4685,1.31,2.81,2.88,2.42,1.47,1.05,1.44,2.27,13.23,7.5,0.87,2.85,3.37
design_4686,1.21,2.42,3.24,2.59,1.54,1.0,1.44,2.37,10.69,6.41,0.86,10.33,6.27
design_4687,1.78,2.74,2.78,2.44,1.49,1.05,1.4,2.28,13.94,7.79,0.86,22.71,17.1
design_4688,7.71,20.85,13.92,26.67,11.68,26.89,15.26,19.64,15.27,8.75,0.85,25.58,17.91
design_4689,7.59,20.29,14.23,26.44,11.08,26.77,15.21,19.5,12.25,7.61,0.84,17.7,15.83
design_4690,7.94,20.8,12.83,26.47,11.46,26.69,15.21,19.34,10.13,7.3,0.81,27.03,17.38
design_4691,7.55,20.52,14.44,26.64,11.29,27.56,15.32,19.86,14.43,9.01,0.82,29.74,20.72
design_4692,7.57,19.49,14.33,26.3,11.05,26.87,15.19,19.43,5.16,4.64,0.85,20.75,16.1
design_4693,7.74,21.34,14.91,26.77,11.53,26.73,15.34,19.86,18.0,10.53,0.82,26.64,17.38
design_4694,7.42,20.2,12.91,26.38,11.2,26.88,15.13,19.27,13.41,8.72,0.81,26.05,18.27
design_4695,7.86,20.97,14.88,26.51,12.04,27.02,15.34,19.89,10.22,6.95,0.83,27.69,18.67
design_4696,1.22,2.39,1.79,2.4,1.17,2.5,1.27,1.99,13.51,7.97,0.86,16.37,11.67
design_4697,1.2,2.36,3.63,2.15,0.98,1.42,1.38,2.32,16.0,8.74,0.86,30.57,20.98
design_4698,1.14,2.14,3.66,2.15,0.93,1.41,1.36,2.3,17.54,9.47,0.86,23.13,17.85
design_4699,1.19,1.97,3.93,2.06,1.24,1.55,1.36,2.41,14.09,8.22,0.85,11.54,8.74
design_4700,1.13,2.16,4.02,2.02,1.16,1.4,1.37,2.44,15.92,8.92,0.85,20.31,15.78
design_4701,1.23,2.14,3.43,2.62,0.95,1.52,1.37,2.31,15.64,8.64,0.85,17.9,14.01
design_4702,1.15,2.08,4.13,2.31,1.84,1.28,1.45,2.55,14.9,8.45,0.86,11.72,9.47
design_4703,1.25,1.98,3.92,2.1,1.17,1.68,1.39,2.43,15.82,8.99,0.86,30.14,23.12
design_4704,1.07,2.11,0.58,1.84,0.74,6.74,1.86,3.76,13.19,8.25,0.83,24.59,19.1
design_4705,1.03,2.16,1.03,1.83,0.93,7.35,1.97,4.09,17.4,9.95,0.85,27.45,21.51
design_4706,1.06,2.42,0.84,2.01,0.99,7.4,2.03,4.14,18.07,10.18,0.85,19.63,15.34
design_4707,0.99,2.08,0.62,1.85,0.83,6.65,1.85,3.72,14.2,8.64,0.84,23.94,18.73
design_4708,0.9,2.03,0.84,1.87,0.91,6.51,1.8,3.65,14.17,8.52,0.84,23.7,18.66
design_4709,0.95,2.18,0.88,1.98,1.21,7.37,2.02,4.11,13.68,8.17,0.85,24.3,18.93
design_4710,1.09,2.14,0.56,1.91,0.91,7.33,2.01,4.07,16.99,9.77,0.85,26.27,20.48
design_4711,0.94,2.19,1.05,1.9,0.93,5.99,1.73,3.42,16.36,9.4,0.85,24.51,19.44
design_4712,1.37,1.69,3.02,2.01,1.03,1.26,1.23,1.88,16.59,9.11,0.88,17.69,12.47
design_4713,1.58,2.02,2.79,1.99,1.23,1.42,1.32,1.93,16.98,9.37,0.87,18.91,15.61
design_4714,1.24,1.8,2.75,1.87,1.22,1.35,1.24,1.81,16.17,9.02,0.87,17.98,12.75
design_4715,1.11,1.59,2.73,2.37,0.97,1.4,1.2,1.84,16.65,9.16,0.87,15.67,11.48
design_4716,1.35,1.64,3.05,1.98,0.75,1.38,1.24,1.87,11.85,6.95,0.87,15.45,11.54
design_4717,1.03,1.49,2.88,1.8,0.91,1.13,1.14,1.71,16.65,9.18,0.87,14.03,10.21
design_4718,1.68,1.84,2.16,2.02,1.08,1.23,1.3,1.74,16.22,8.99,0.87,29.23,22.88
design_4719,0.94,1.32,3.16,2.02,0.72,1.21,1.14,1.81,13.53,7.78,0.87,15.03,11.47
design_4720,1.85,2.78,3.91,2.14,1.74,6.17,1.94,3.76,15.84,8.98,0.86,27.44,21.33
design_4721,2.15,3.48,3.34,2.57,1.87,7.21,2.17,4.23,16.59,8.96,0.88,25.66,19.95
design_4722,2.09,3.33,3.12,2.46,1.57,6.71,2.08,3.95,16.19,8.95,0.87,29.65,23.23
design_4723,2.14,3.42,3.21,2.35,1.75,6.51,2.03,3.9,16.09,8.93,0.87,29.91,23.48
design_4724,2.31,3.19,3.43,2.44,1.44,6.35,2.02,3.85,17.37,9.7,0.85,22.13,15.54
design_4725,2.16,3.01,2.98,2.29,1.49,6.36,1.97,3.75,16.45,9.28,0.85,30.02,22.93
design_4726,2.18,2.66,4.0,2.39,1.63,2.56,1.59,2.68,16.07,9.17,0.86,20.2,15.96
design_4727,2.17,3.39,3.39,2.34,1.99,6.56,2.07,3.96,15.3,8.37,0.87,27.48,21.19
design_4728,1.06,2.29,0.85,1.29,0.79,3.14,1.21,1.81,12.46,7.28,0.86,30.55,24.23
design_4729,1.06,2.4,1.51,1.64,0.72,2.12,1.17,1.68,17.5,9.58,0.87,18.11,12.63
design_4730,1.15,2.59,1.35,1.68,1.06,2.16,1.23,1.75,17.2,9.35,0.88,23.55,17.88
design_4731,1.31,2.63,1.36,1.67,1.17,2.1,1.2,1.78,16.01,8.94,0.86,25.71,19.21
design_4732,1.14,2.36,1.4,2.13,0.78,2.16,1.19,1.77,17.63,9.58,0.87,38.03,26.05
design_4733,1.13,2.28,1.29,1.67,0.89,2.21,1.14,1.67,16.47,9.13,0.87,34.69,24.51
design_4734,1.38,2.98,1.3,1.92,1.43,2.14,1.36,1.94,16.78,9.23,0.87,32.07,23.02
design_4735,1.08,2.34,1.34,1.96,0.88,2.39,1.25,1.78,7.1,5.09,0.86,35.53,28.74
design_4736,1.11,1.97,1.01,2.19,0.72,0.88,1.08,1.42,14.86,7.92,0.89,23.35,17.87
design_4737,0.93,1.77,1.28,2.31,0.95,0.91,1.04,1.47,13.41,7.42,0.88,14.71,12.38
design_4738,1.67,2.68,3.04,3.7,1.2,2.1,1.76,2.62,16.07,8.36,0.9,10.82,8.63
design_4739,1.23,1.78,0.74,2.24,1.03,0.94,1.1,1.41,17.67,9.15,0.89,19.4,13.83
design_4740,1.09,1.85,0.74,2.01,0.71,0.85,1.0,1.3,17.15,8.95,0.89,34.86,27.59
design_4741,1.32,2.27,1.22,3.04,1.33,1.31,1.35,1.86,15.01,7.83,0.9,13.28,9.88
design_4742,0.95,1.88,0.62,2.26,0.9,0.99,1.09,1.37,16.2,8.49,0.9,11.64,8.9
design_4743,1.22,2.0,1.21,2.42,1.27,0.91,1.21,1.59,14.09,7.69,0.87,21.94,15.16
design_4744,1.22,2.77,3.48,2.68,0.99,7.27,2.17,4.08,13.71,7.83,0.86,10.93,7.28
design_4745,1.25,2.86,1.2,2.93,1.0,3.03,1.54,2.26,16.8,9.11,0.88,19.09,16.78
design_4746,1.44,2.67,3.45,2.6,0.99,8.33,2.31,4.5,11.79,6.78,0.87,9.61,6.43
design_4747,1.36,2.7,3.35,2.49,1.01,7.07,2.11,3.97,16.68,9.25,0.86,20.57,13.6
design_4748,1.42,2.85,3.81,2.65,1.05,7.08,2.16,4.08,16.47,9.08,0.87,12.39,11.02
design_4749,1.28,2.63,3.65,2.39,0.96,8.41,2.33,4.53,14.57,7.95,0.88,12.71,8.76
design_4750,1.15,2.49,3.34,2.51,0.96,7.69,2.18,4.18,13.64,7.81,0.86,11.91,8.39
design_4751,1.44,2.87,2.77,2.67,0.96,7.77,2.18,4.2,15.28,8.65,0.85,24.6,18.46
design_4752,1.13,1.62,0.98,1.54,0.78,2.04,1.03,1.38,11.99,7.18,0.86,7.61,5.19
design_4753,0.98,1.79,0.81,1.57,1.12,2.45,1.07,1.49,12.28,7.4,0.85,3.44,3.4
design_4754,1.12,1.81,1.25,1.66,0.86,2.68,1.15,1.64,14.94,8.52,0.85,8.48,7.47
design_4755,1.23,1.51,0.68,1.57,0.87,2.36,1.08,1.42,15.05,8.5,0.86,6.69,5.86
design_4756,1.26,1.7,4.52,1.49,0.92,2.81,1.54,2.79,15.46,8.76,0.86,28.95,21.86
design_4757,0.88,1.94,1.3,1.45,0.88,2.51,1.01,1.58,14.63,8.36,0.86,30.75,19.56
design_4758,1.0,2.18,1.36,1.85,1.12,2.41,1.2,1.7,14.41,8.28,0.85,10.2,8.03
design_4759,1.28,1.54,1.95,1.5,1.12,2.02,1.14,1.65,16.5,9.3,0.85,10.54,6.66
design_4760,1.23,1.05,4.86,1.79,1.34,0.97,1.19,2.28,11.96,6.85,0.89,5.24,4.12
design_4761,1.56,1.44,4.94,1.85,1.08,1.38,1.26,2.4,13.61,7.68,0.88,10.24,6.74
design_4762,2.16,1.6,1.3,2.17,0.9,1.41,1.19,1.69,16.72,9.09,0.87,27.59,23.6
design_4763,2.17,1.76,0.99,2.01,1.33,1.17,1.12,1.66,11.31,6.85,0.86,4.03,3.29
design_4764,1.44,1.13,4.97,1.86,1.21,1.09,1.24,2.35,16.04,8.75,0.88,7.96,7.26
design_4765,2.2,1.59,1.49,2.46,0.98,1.45,1.22,1.8,15.67,8.72,0.87,28.86,23.14
design_4766,1.99,1.68,0.95,2.18,1.0,1.12,1.06,1.59,11.85,7.12,0.86,4.59,3.4
design_4767,1.58,1.1,4.97,1.79,1.14,1.12,1.25,2.36,15.28,8.47,0.88,6.27,5.01
design_4768,1.15,2.33,1.76,2.16,1.09,5.3,1.5,2.83,13.82,7.91,0.86,13.72,10.2
design_4769,1.29,2.43,1.86,2.01,0.83,5.01,1.46,2.73,15.14,8.53,0.86,13.37,8.99
design_4770,1.22,2.47,1.96,2.35,1.35,5.15,1.55,2.86,15.0,8.42,0.87,13.49,10.4
design_4771,1.16,2.45,2.25,2.25,0.86,5.1,1.55,2.83,14.75,8.38,0.87,11.23,9.11
design_4772,1.17,2.29,2.69,2.05,1.04,3.67,1.34,2.4,16.5,9.23,0.86,7.96,5.7
design_4773,1.21,2.33,2.01,2.12,1.14,5.4,1.53,2.9,13.1,7.53,0.87,18.05,14.81
design_4774,1.2,2.48,1.97,2.23,0.82,5.29,1.51,2.87,11.43,6.97,0.86,17.68,14.53
design_4775,1.28,2.61,2.2,2.4,0.92,5.17,1.58,2.9,15.78,8.83,0.87,12.93,10.76
design_4776,1.03,1.96,2.5,2.54,1.35,2.19,1.35,2.07,12.59,7.4,0.86,5.03,3.55
design_4777,1.04,1.63,0.99,2.24,1.15,2.17,1.05,1.58,14.13,8.13,0.86,10.01,8.04
design_4778,1.41,1.59,1.68,2.24,1.33,2.35,1.23,1.81,11.44,6.99,0.85,24.99,18.4
design_4779,0.97,1.42,2.71,2.44,1.04,1.35,1.21,1.91,16.4,8.95,0.86,36.65,26.36
design_4780,1.2,1.39,1.12,2.31,1.16,2.08,1.08,1.59,16.06,8.96,0.86,18.33,13.91
design_4781,1.24,1.25,0.92,2.21,1.05,2.02,1.0,1.5,15.28,8.64,0.86,20.78,15.34
design_4782,1.2,1.6,1.1,2.31,1.51,2.61,1.23,1.77,14.97,8.36,0.87,7.07,5.99
design_4783,0.92,1.56,1.48,2.22,1.15,2.05,1.14,1.63,10.87,6.74,0.86,5.53,4.71
design_4784,10.3,22.32,8.74,27.01,13.63,25.22,15.34,20.07,16.33,9.89,0.82,17.17,16.18
design_4785,9.24,21.06,8.24,26.69,12.93,26.09,15.3,19.94,17.86,10.63,0.82,17.09,15.24
design_4786,10.09,22.25,8.39,26.99,13.68,25.52,15.36,20.12,16.44,9.85,0.82,19.08,17.77
design_4787,9.96,21.9,9.59,27.02,13.31,25.66,15.38,20.16,17.26,10.27,0.82,18.2,14.75
design_4788,9.45,20.96,8.98,26.74,13.0,27.56,15.43,20.53,15.34,9.53,0.82,15.47,14.64
design_4789,9.94,22.0,8.95,27.01,13.53,24.96,15.32,19.91,17.41,10.32,0.83,16.02,15.05
design_4790,9.14,20.33,9.46,26.46,12.73,27.96,15.43,20.52,17.64,10.25,0.83,15.2,15.8
design_4791,9.35,20.65,8.8,26.71,12.69,27.65,15.42,20.47,15.71,9.62,0.81,22.57,18.74
design_4792,1.46,2.2,2.79,2.5,1.04,1.21,1.36,2.05,16.87,9.02,0.89,26.59,21.56
design_4793,1.71,1.94,4.13,2.27,0.75,1.0,1.37,2.4,13.78,7.67,0.88,8.21,6.09
design_4794,1.84,2.32,3.54,2.77,0.78,1.0,1.44,2.37,15.94,8.52,0.89,11.11,9.8
design_4795,1.48,1.9,3.36,2.86,0.82,1.05,1.35,2.23,13.29,7.44,0.88,20.98,13.26
design_4796,1.52,1.78,3.32,1.88,0.75,0.99,1.21,2.0,14.52,8.03,0.88,7.92,5.91
design_4797,1.54,1.89,3.66,2.29,0.9,0.94,1.29,2.21,11.34,6.71,0.87,3.61,3.63
design_4798,1.79,2.25,4.28,2.17,0.9,0.98,1.47,2.49,14.98,8.07,0.89,17.24,12.25
design_4799,1.62,2.29,3.52,2.66,0.89,1.01,1.43,2.31,15.17,8.3,0.88,32.31,23.57
design_4800,1.42,1.41,4.19,2.1,1.0,3.31,1.49,2.64,16.86,9.75,0.84,7.62,6.19
design_4801,1.1,1.48,2.85,1.84,1.03,4.7,1.54,2.83,14.74,8.73,0.84,6.73,4.9
design_4802,0.84,1.42,2.13,1.96,1.15,5.82,1.67,3.22,6.41,5.14,0.85,3.69,3.4
design_4803,1.6,1.62,4.33,2.32,1.23,4.26,1.7,3.06,14.06,8.47,0.84,24.47,19.0
design_4804,1.41,1.54,3.7,2.04,1.02,3.45,1.46,2.57,16.9,9.76,0.85,15.78,13.22
design_4805,1.85,1.77,4.68,2.41,1.09,3.29,1.65,2.87,13.93,8.35,0.84,8.14,6.34
design_4806,1.49,1.74,2.76,1.96,1.14,5.66,1.72,3.28,18.25,10.21,0.85,11.19,10.91
design_4807,1.0,1.43,2.83,1.87,0.89,4.25,1.44,2.62,14.31,8.52,0.85,3.16,3.29
design_4808,1.24,2.19,1.36,2.25,1.18,1.14,1.17,1.64,15.45,8.44,0.88,14.64,9.6
design_4809,1.3,2.52,1.57,2.71,1.22,1.02,1.35,1.86,15.94,8.67,0.88,5.5,4.52
design_4810,1.17,2.12,3.51,2.55,1.14,1.1,1.35,2.23,14.15,7.83,0.88,13.33,9.38
design_4811,1.27,2.5,2.03,2.73,1.17,0.87,1.35,1.94,8.15,5.34,0.87,2.87,3.02
design_4812,1.22,2.5,1.44,2.53,1.04,0.92,1.26,1.76,16.24,8.76,0.89,16.65,11.8
design_4813,1.16,2.19,2.73,2.67,1.02,0.96,1.32,2.02,16.49,8.95,0.88,7.66,6.1
design_4814,1.25,2.38,1.56,2.44,1.36,0.89,1.24,1.76,15.62,8.4,0.89,13.74,9.01
design_4815,1.11,1.82,4.67,2.26,0.77,0.78,1.39,2.51,13.26,7.44,0.88,11.42,8.91
design_4816,1.22,2.34,1.4,2.03,1.04,3.38,1.45,2.24,6.33,5.24,0.84,4.31,3.7
design_4817,1.31,2.03,1.32,1.92,1.31,6.18,1.86,3.46,15.92,9.13,0.84,28.38,19.4
design_4818,1.38,2.23,1.53,1.96,1.21,3.31,1.44,2.23,7.68,5.79,0.83,4.67,4.24
design_4819,1.14,2.04,1.29,1.83,0.71,5.04,1.61,2.88,8.36,6.07,0.84,3.58,3.33
design_4820,1.25,1.91,1.16,1.72,0.77,5.21,1.59,2.94,16.57,9.48,0.85,16.89,14.86
design_4821,1.23,2.44,1.53,2.36,1.08,4.71,1.72,2.87,8.3,6.0,0.84,3.96,3.75
design_4822,1.18,2.18,1.3,1.96,1.6,3.24,1.42,2.18,7.36,5.62,0.84,2.4,2.72
design_4823,1.01,1.95,1.1,1.89,1.03,5.45,1.67,3.06,11.97,7.57,0.84,3.19,3.66
design_4824,0.92,1.63,1.01,2.3,1.21,4.47,1.48,2.47,13.71,8.1,0.85,27.45,20.41
design_4825,0.73,1.28,1.15,1.99,0.96,4.52,1.37,2.42,15.79,8.94,0.86,15.83,12.54
design_4826,0.81,1.14,1.34,1.82,1.0,3.55,1.19,2.03,5.59,4.93,0.84,9.88,6.42
design_4827,0.83,1.11,1.23,1.87,1.04,4.12,1.29,2.25,14.12,8.56,0.83,11.83,7.34
design_4828,0.94,1.54,1.12,2.19,0.93,4.01,1.37,2.26,14.22,8.45,0.84,5.75,5.62
design_4829,1.14,1.68,2.86,2.5,0.98,4.62,1.68,2.89,13.29,7.97,0.84,20.86,15.93
design_4830,1.02,1.46,1.69,2.44,1.19,4.71,1.57,2.67,15.99,9.09,0.85,20.87,15.54
design_4831,0.88,1.43,1.5,2.04,0.89,4.48,1.43,2.47,17.49,9.94,0.84,27.53,19.96
design_4832,8.41,19.22,5.65,25.65,10.11,19.49,14.43,16.35,14.31,8.25,0.85,23.27,19.02
design_4833,7.51,20.32,7.82,26.5,11.13,20.92,14.66,17.27,6.05,5.09,0.85,28.11,21.5
design_4834,7.2,20.21,5.93,26.34,10.69,22.16,14.65,17.3,15.42,9.11,0.83,20.67,15.19
design_4835,7.73,18.54,5.29,25.76,10.16,19.79,14.4,16.26,15.38,8.71,0.86,22.42,17.28
design_4836,6.99,20.68,6.84,26.47,11.07,20.86,14.65,17.18,9.62,6.3,0.85,22.5,16.48
design_4837,7.19,19.82,5.61,26.08,10.6,20.08,14.5,16.64,11.24,7.06,0.84,28.46,22.17
design_4838,8.19,17.89,6.69,25.44,9.86,19.21,14.34,16.05,14.66,8.42,0.85,18.7,13.4
design_4839,8.13,18.89,6.61,25.95,10.14,19.98,14.46,16.53,15.13,8.86,0.84,20.37,16.37
design_4840,9.64,20.77,16.49,26.45,12.12,24.83,15.22,19.42,11.45,7.38,0.83,28.63,18.05
design_4841,10.56,23.06,13.23,26.62,13.87,23.08,15.11,18.9,11.99,7.24,0.84,27.34,15.72
design_4842,8.77,21.67,15.8,26.59,13.33,24.87,15.24,19.46,10.09,6.9,0.83,29.52,18.02
design_4843,10.07,22.59,11.79,26.6,13.47,22.86,14.96,18.44,8.53,6.08,0.84,26.77,15.36
design_4844,9.16,21.56,15.26,26.52,12.64,24.8,15.2,19.27,16.39,9.57,0.83,26.56,16.64
design_4845,10.48,23.43,13.47,26.74,13.93,23.16,15.14,19.05,12.94,7.9,0.83,26.38,14.61
design_4846,9.95,23.22,12.92,26.64,13.58,23.05,15.08,18.79,15.49,9.0,0.84,27.45,16.63
design_4847,9.81,22.53,16.02,26.76,12.91,25.46,15.35,19.85,15.92,9.34,0.82,18.27,15.32
design_4848,1.43,3.7,2.63,2.62,1.04,1.24,1.55,2.35,17.17,9.02,0.89,32.97,21.89
design_4849,1.34,3.56,1.69,2.55,1.36,1.08,1.44,2.1,14.56,8.01,0.89,29.57,24.64
design_4850,1.47,3.83,1.85,2.68,1.33,1.16,1.53,2.24,17.19,9.12,0.89,32.0,21.8
design_4851,1.39,3.52,1.78,2.45,1.08,1.03,1.39,2.06,14.42,7.89,0.89,21.95,18.36
design_4852,1.48,3.65,2.19,3.03,1.22,1.61,1.6,2.37,14.69,7.98,0.89,26.86,20.1
design_4853,1.25,3.58,2.61,2.24,1.04,1.03,1.42,2.21,14.99,8.21,0.88,35.68,26.65
design_4854,1.67,3.91,1.39,2.77,1.27,1.32,1.55,2.24,15.51,8.31,0.89,32.78,23.79
design_4855,1.43,3.72,2.05,2.47,1.4,1.0,1.47,2.21,15.02,8.16,0.89,29.24,23.01
design_4856,9.89,23.91,6.52,27.0,13.43,25.33,15.38,19.55,16.63,9.83,0.83,29.85,19.91
design_4857,10.16,22.92,6.85,26.81,12.96,25.48,15.32,19.43,16.04,9.66,0.82,28.26,16.76
design_4858,10.06,22.68,7.32,26.74,12.43,24.33,15.18,18.98,17.34,10.1,0.83,23.26,16.9
design_4859,9.19,23.27,7.39,26.97,13.41,25.83,15.37,19.64,18.08,10.6,0.82,29.3,20.12
design_4860,9.55,24.11,7.09,26.87,13.08,24.64,15.31,19.31,16.7,9.86,0.83,29.27,19.18
design_4861,9.05,23.02,8.15,26.91,12.69,26.95,15.47,19.98,17.93,10.61,0.82,25.3,16.68
design_4862,8.24,22.52,8.47,26.6,12.12,27.98,15.5,20.16,18.08,10.4,0.84,25.92,18.09
design_4863,9.29,22.85,6.68,26.86,12.62,24.34,15.18,18.94,16.81,10.19,0.82,23.86,16.34
design_4864,1.15,1.57,0.93,1.89,0.92,1.04,1.05,1.28,11.39,6.54,0.88,11.73,6.42
design_4865,1.33,1.71,1.38,2.02,1.12,1.01,1.2,1.48,15.09,8.29,0.87,27.48,19.66
design_4866,1.16,1.73,2.48,2.12,1.2,1.02,1.26,1.83,15.71,8.71,0.86,16.71,12.04
design_4867,0.94,1.19,0.86,1.95,0.95,0.92,1.0,1.18,13.73,7.52,0.89,4.55,3.5
design_4868,1.15,1.32,1.03,1.77,0.93,0.95,1.01,1.22,16.04,8.65,0.88,22.37,16.78
design_4869,0.92,1.31,0.71,1.94,1.19,0.92,1.0,1.2,5.08,4.03,0.88,3.14,1.75
design_4870,1.02,1.63,1.52,2.06,1.23,1.05,1.16,1.49,4.71,3.97,0.87,3.65,2.44
design_4871,0.92,1.26,0.9,1.99,0.98,0.89,1.03,1.21,12.04,6.94,0.87,6.86,4.69
design_4872,1.28,2.01,2.83,1.84,0.83,3.56,1.45,2.45,5.76,4.93,0.85,8.68,6.56
design_4873,1.55,1.27,0.98,1.37,0.75,4.11,1.23,2.14,7.85,5.86,0.84,3.35,3.17
design_4874,1.73,1.42,1.12,1.45,1.08,3.93,1.26,2.14,7.22,5.68,0.84,1.69,2.41
design_4875,1.62,1.63,2.8,1.93,0.82,2.19,1.35,2.09,12.87,7.74,0.84,20.88,14.91
design_4876,1.49,1.77,1.88,1.99,0.8,3.57,1.35,2.21,16.6,9.48,0.83,22.36,16.91
design_4877,1.67,1.54,1.43,1.5,1.33,4.89,1.43,2.58,6.33,5.15,0.85,2.72,2.89
design_4878,1.54,2.11,2.11,2.04,1.26,3.38,1.44,2.28,6.87,5.46,0.84,2.49,2.83
design_4879,1.8,2.35,2.43,2.18,0.94,3.29,1.53,2.39,14.16,8.5,0.83,30.1,21.54
design_4880,1.02,2.12,1.51,1.94,1.13,4.33,1.39,2.33,14.37,8.41,0.84,32.03,23.65
design_4881,0.99,2.01,2.36,1.84,1.14,3.96,1.35,2.35,8.99,6.11,0.84,13.27,8.19
design_4882,0.95,1.86,1.45,2.1,1.41,4.4,1.38,2.35,7.82,5.53,0.85,15.56,10.64
design_4883,1.08,1.7,2.21,2.07,1.19,4.6,1.42,2.53,7.65,5.44,0.85,5.93,3.99
design_4884,1.02,2.11,2.01,2.1,1.02,4.6,1.44,2.52,5.98,4.95,0.85,3.81,3.02
design_4885,1.09,2.47,2.13,2.11,1.17,2.52,1.29,2.03,10.92,7.02,0.84,11.65,6.55
design_4886,1.04,1.76,1.89,1.99,1.27,4.54,1.39,2.44,4.43,4.05,0.87,4.57,3.34
design_4887,1.05,2.21,2.19,1.86,1.14,2.3,1.23,1.91,12.41,7.56,0.85,12.49,8.12
design_4888,1.45,1.53,4.59,1.9,0.92,1.09,1.25,2.27,10.37,6.42,0.86,4.32,3.74
design_4889,1.66,1.49,4.65,1.95,1.12,1.05,1.3,2.34,13.12,7.5,0.87,7.8,5.45
design_4890,1.34,1.7,1.19,2.29,1.04,1.13,1.19,1.54,10.42,6.34,0.87,3.08,2.71
design_4891,1.42,2.19,1.1,2.42,1.06,1.2,1.25,1.69,11.04,6.64,0.87,3.14,2.82
design_4892,1.46,1.93,1.26,2.22,1.27,1.19,1.2,1.63,9.7,6.04,0.87,4.88,3.51
design_4893,1.46,1.49,4.44,2.09,1.08,1.05,1.3,2.26,12.53,7.28,0.87,6.94,5.02
design_4894,1.34,1.52,1.36,2.15,1.02,1.13,1.14,1.49,10.02,6.15,0.87,2.77,2.29
design_4895,1.58,1.49,1.49,2.22,1.44,1.04,1.17,1.61,11.87,6.96,0.87,5.87,4.08
design_4896,1.19,1.99,1.71,1.89,1.34,2.26,1.24,1.77,16.19,8.87,0.87,16.47,11.11
design_4897,1.3,2.42,2.15,2.39,1.34,2.52,1.42,2.1,16.42,8.85,0.88,13.5,9.39
design_4898,1.21,1.97,1.76,1.84,1.15,2.16,1.22,1.73,14.66,8.25,0.87,12.14,8.03
design_4899,1.38,2.63,2.21,2.49,1.48,2.55,1.5,2.19,13.41,7.49,0.87,18.26,12.45
design_4900,1.14,1.73,3.01,1.75,1.37,2.21,1.25,2.12,16.99,9.33,0.87,15.29,10.69
design_4901,1.16,2.41,2.08,2.12,1.19,2.02,1.32,1.91,15.99,8.71,0.87,29.09,18.97
design_4902,1.29,2.12,1.52,1.92,1.23,2.15,1.24,1.72,17.43,9.31,0.88,26.41,17.2
design_4903,1.38,2.37,1.78,1.94,2.24,2.44,1.38,2.02,15.03,8.33,0.86,19.17,12.05
design_4904,1.13,2.17,1.49,1.7,0.93,5.14,1.47,2.61,10.91,6.68,0.86,6.8,4.6
design_4905,1.27,2.33,0.98,1.86,0.77,5.84,1.58,2.86,10.96,6.54,0.86,10.08,5.7
design_4906,1.39,2.7,1.72,1.76,1.2,4.45,1.53,2.52,4.76,4.25,0.86,5.24,3.67
design_4907,1.63,2.0,3.16,1.91,0.78,5.72,1.69,3.14,14.23,8.03,0.87,27.27,19.02
design_4908,1.79,2.21,3.34,1.57,0.95,5.6,1.69,3.15,14.87,8.28,0.87,11.23,7.88
design_4909,1.17,2.29,0.89,1.75,0.86,5.38,1.49,2.67,12.13,7.18,0.86,9.91,5.56
design_4910,1.27,1.8,1.84,1.84,0.83,5.11,1.48,2.63,6.88,5.07,0.86,8.26,4.85
design_4911,1.27,2.14,1.62,1.71,1.18,5.04,1.47,2.62,7.72,5.27,0.86,6.06,4.03
design_4912,1.06,1.54,1.43,2.8,1.84,2.74,1.28,2.01,14.7,8.41,0.86,8.0,6.01
design_4913,1.17,1.69,1.21,2.61,1.33,3.55,1.32,2.14,15.24,8.53,0.87,9.19,7.68
design_4914,1.11,1.43,1.55,2.51,1.39,3.88,1.32,2.24,15.42,8.72,0.86,10.2,8.36
design_4915,1.51,2.14,2.01,3.51,0.93,2.8,1.54,2.33,14.17,7.99,0.87,22.07,16.15
design_4916,0.99,1.77,1.65,2.5,1.43,4.21,1.42,2.39,12.37,7.3,0.86,6.8,5.83
design_4917,0.81,1.55,2.25,2.53,1.06,2.46,1.25,1.96,14.86,8.56,0.86,5.45,4.38
design_4918,0.96,1.59,1.26,2.47,1.19,2.63,1.22,1.81,13.98,8.07,0.86,7.02,5.77
design_4919,1.11,1.93,2.27,2.91,0.72,2.45,1.35,2.09,15.39,8.51,0.86,17.21,12.18
design_4920,1.11,1.86,2.36,2.34,1.11,4.98,1.65,2.91,14.56,8.53,0.84,16.43,11.49
design_4921,1.24,1.91,2.33,2.32,1.3,5.02,1.68,2.94,16.03,9.16,0.84,20.37,14.27
design_4922,1.28,2.14,2.38,2.43,1.06,3.47,1.49,2.42,13.4,8.16,0.83,10.26,6.03
design_4923,1.43,1.91,4.09,2.42,1.37,5.11,1.89,3.43,11.19,7.28,0.83,13.27,8.71
design_4924,1.23,1.24,2.22,2.21,1.01,4.94,1.53,2.81,15.38,9.03,0.84,9.69,6.88
design_4925,1.38,2.03,2.91,2.48,1.12,4.88,1.74,3.04,14.42,8.5,0.84,29.15,20.89
design_4926,1.11,1.77,2.49,2.25,1.07,5.01,1.66,2.93,15.96,9.16,0.84,20.43,15.36
design_4927,1.43,1.76,3.36,2.31,1.3,5.3,1.8,3.27,14.7,8.86,0.82,5.91,5.33
design_4928,1.25,1.63,0.82,1.92,1.03,2.28,1.05,1.61,16.72,9.21,0.87,7.32,4.61
design_4929,1.18,1.28,0.73,1.65,1.13,2.25,1.06,1.49,17.33,9.47,0.87,30.27,22.96
design_4930,1.28,1.88,0.91,1.68,1.12,1.81,1.07,1.52,16.94,9.35,0.87,7.25,4.85
design_4931,1.35,1.57,1.04,1.54,0.9,2.14,1.02,1.51,16.33,9.12,0.87,20.78,16.59
design_4932,1.2,1.82,1.14,1.69,0.97,2.05,1.08,1.55,16.98,9.33,0.87,12.65,10.61
design_4933,1.23,1.22,0.74,1.76,1.09,1.99,1.07,1.44,16.64,9.16,0.87,12.8,7.48
design_4934,1.08,1.71,0.98,1.64,0.84,2.01,1.01,1.47,16.64,9.2,0.87,12.69,8.63
design_4935,1.04,1.49,1.31,1.62,1.05,2.03,1.0,1.48,16.75,9.31,0.87,18.63,13.84
design_4936,1.26,2.59,3.74,1.75,1.37,2.03,1.43,2.46,14.72,8.5,0.85,7.71,6.61
design_4937,1.19,2.52,3.37,2.31,2.21,2.06,1.5,2.47,10.01,6.13,0.86,12.02,7.87
design_4938,1.14,2.97,3.31,1.91,1.11,1.85,1.44,2.33,7.74,5.4,0.85,7.93,6.12
design_4939,1.06,2.31,4.44,2.41,1.27,2.07,1.59,2.77,15.46,8.49,0.87,22.81,15.31
design_4940,1.28,2.53,3.43,1.97,1.32,2.08,1.43,2.37,13.94,8.05,0.86,20.81,15.83
design_4941,1.1,2.78,3.15,2.1,0.99,2.29,1.45,2.32,11.36,6.8,0.86,12.04,7.77
design_4942,1.17,2.57,3.21,2.23,2.35,2.19,1.5,2.45,12.67,7.19,0.87,10.91,7.33
design_4943,1.28,2.89,3.19,2.16,1.38,2.1,1.49,2.38,9.49,6.24,0.85,10.1,6.79
design_4944,0.93,2.17,5.25,2.29,2.06,1.68,1.71,3.14,16.94,9.25,0.87,13.31,13.78
design_4945,1.14,2.32,2.99,2.85,1.31,1.38,1.5,2.23,8.16,5.57,0.85,4.21,3.72
design_4946,1.03,2.33,5.12,2.26,1.06,1.24,1.66,2.99,16.41,9.27,0.85,10.98,8.5
design_4947,1.1,1.92,5.76,2.22,1.0,1.89,1.77,3.31,10.93,7.09,0.84,31.35,23.26
design_4948,1.01,1.9,6.02,2.2,1.14,1.73,1.79,3.42,16.06,9.1,0.85,24.25,19.55
design_4949,0.97,2.4,5.81,2.47,1.37,2.51,1.9,3.49,14.64,8.62,0.84,32.73,23.98
design_4950,1.01,2.12,4.19,2.21,1.24,2.28,1.53,2.7,14.9,8.8,0.84,18.19,12.7
design_4951,1.02,2.19,4.99,2.2,1.06,2.38,1.67,3.05,16.26,9.34,0.85,10.28,8.28
design_4952,1.71,1.47,3.44,1.55,1.01,2.88,1.27,2.18,14.15,8.07,0.86,32.27,23.78
design_4953,1.98,2.02,3.3,2.14,1.18,1.94,1.33,2.13,14.04,8.38,0.85,18.16,14.3
design_4954,1.46,1.23,3.48,1.5,0.84,3.06,1.25,2.17,15.0,8.3,0.88,21.09,16.76
design_4955,1.94,1.86,3.58,1.54,1.16,2.4,1.36,2.17,12.9,7.56,0.86,35.62,24.01
design_4956,1.77,1.74,3.6,1.46,1.17,1.95,1.24,2.01,14.85,8.22,0.88,25.37,18.45
design_4957,1.84,1.72,3.49,1.77,1.26,5.43,1.66,3.16,14.45,7.86,0.89,31.18,23.81
design_4958,1.33,1.46,3.25,1.57,0.85,3.37,1.23,2.25,15.09,8.61,0.87,18.97,14.69
design_4959,2.7,2.53,2.83,1.76,1.58,5.63,1.77,3.36,15.78,8.76,0.87,27.25,21.81
design_4960,1.04,2.19,1.14,1.97,0.96,9.16,2.44,5.09,16.43,9.47,0.85,23.8,18.97
design_4961,1.11,2.1,1.07,2.38,1.06,9.44,2.52,5.26,17.38,9.88,0.84,34.61,24.75
design_4962,1.04,2.26,1.31,1.9,0.97,8.99,2.43,5.01,19.0,10.54,0.85,23.02,15.48
design_4963,1.1,2.04,1.22,1.72,0.8,9.09,2.4,5.03,16.55,9.61,0.85,26.16,20.26
design_4964,1.0,2.18,1.37,1.96,0.85,9.15,2.44,5.09,17.22,9.82,0.85,17.28,14.43
design_4965,1.06,2.2,1.05,1.84,0.92,9.39,2.49,5.2,15.3,9.0,0.85,24.8,19.25
design_4966,1.02,2.16,1.18,1.84,0.88,9.07,2.4,5.04,17.47,9.98,0.85,23.33,17.79
design_4967,1.06,2.17,1.42,1.86,0.88,8.39,2.27,4.7,18.61,10.51,0.85,30.71,24.21
design_4968,1.33,1.65,2.83,1.84,0.86,6.1,1.78,3.34,8.21,5.73,0.85,12.58,7.28
design_4969,1.09,0.94,3.25,1.63,1.17,3.09,1.22,2.27,9.06,6.37,0.83,8.82,5.67
design_4970,1.05,1.34,1.12,1.57,0.87,6.37,1.63,3.19,13.15,7.87,0.85,11.07,7.2
design_4971,1.27,1.55,1.11,1.79,1.12,6.63,1.77,3.35,14.06,7.81,0.87,8.67,6.16
design_4972,1.31,1.93,1.59,1.66,1.18,7.13,1.86,3.63,14.89,8.06,0.89,17.58,9.83
design_4973,1.19,0.85,3.2,1.52,1.21,4.57,1.43,2.75,9.29,6.39,0.84,9.42,6.34
design_4974,1.38,1.83,2.29,1.91,0.94,7.19,1.95,3.74,12.71,7.13,0.88,16.25,13.95
design_4975,1.36,1.94,1.48,1.87,0.77,6.22,1.73,3.23,15.94,8.77,0.87,18.09,10.11
design_4976,1.3,1.91,1.72,2.24,1.14,5.49,1.59,2.96,15.31,8.58,0.87,2.91,4.26
design_4977,0.85,1.68,1.14,2.12,0.92,5.31,1.51,2.77,14.58,8.4,0.86,5.76,3.78
design_4978,1.01,1.51,2.69,2.21,1.31,5.28,1.58,2.96,8.69,5.92,0.85,8.77,6.81
design_4979,1.2,1.61,3.52,2.24,1.35,2.03,1.37,2.16,13.06,7.67,0.86,4.44,5.12
design_4980,0.71,1.27,2.14,2.03,0.92,2.67,1.14,1.85,9.14,6.22,0.84,8.75,7.78
design_4981,0.94,1.38,3.29,2.11,1.43,2.81,1.32,2.22,13.69,7.97,0.86,4.68,5.24
design_4982,0.96,1.82,1.41,2.18,1.31,4.87,1.48,2.66,9.73,6.26,0.85,2.66,3.55
design_4983,1.04,1.44,3.4,1.82,1.29,2.76,1.29,2.2,13.44,7.94,0.85,12.96,12.44
design_4984,1.23,2.9,2.04,1.98,1.16,6.29,2.04,3.6,11.82,7.67,0.83,14.37,10.99
design_4985,1.19,2.0,2.52,1.63,1.15,5.48,1.77,3.21,16.17,9.53,0.84,7.78,6.01
design_4986,1.22,2.47,2.08,1.85,1.14,5.22,1.8,3.08,17.3,9.91,0.84,25.72,19.04
design_4987,1.24,2.4,2.02,1.84,1.21,5.17,1.8,3.05,14.49,8.8,0.83,6.62,5.58
design_4988,1.19,2.65,1.75,1.93,1.23,5.16,1.81,3.04,16.18,9.47,0.83,7.2,5.14
design_4989,1.44,2.27,3.61,1.82,1.37,4.66,1.88,3.19,9.7,6.77,0.83,3.84,3.52
design_4990,1.24,2.42,1.97,1.66,1.28,4.58,1.68,2.78,9.68,6.76,0.83,3.97,3.27
design_4991,1.27,2.45,1.66,1.87,1.23,5.4,1.83,3.11,13.87,8.47,0.83,16.48,12.58
design_4992,1.28,1.48,4.89,2.14,1.07,1.26,1.55,2.92,11.37,6.77,0.87,29.78,21.62
design_4993,1.12,1.84,4.4,2.31,1.09,1.51,1.55,2.75,14.04,7.93,0.86,8.03,6.02
design_4994,1.19,1.81,6.18,2.16,1.07,1.54,1.8,3.59,13.36,7.69,0.86,11.11,9.41
design_4995,1.2,2.01,3.27,1.73,0.95,1.35,1.25,2.16,14.95,8.39,0.87,10.22,7.65
design_4996,0.52,1.44,3.87,2.11,1.12,1.48,1.41,2.41,15.69,8.64,0.87,21.51,15.22
design_4997,1.32,1.14,5.14,2.38,1.17,1.5,1.58,3.07,7.33,5.15,0.87,30.88,22.1
design_4998,1.28,1.11,4.67,2.3,0.92,1.22,1.46,2.8,8.41,5.7,0.86,30.66,21.89
design_4999,0.51,1.51,4.59,2.23,1.22,1.54,1.56,2.78,14.81,8.25,0.87,16.53,13.49
design_5000,1.52,1.72,2.03,1.95,1.53,0.91,1.13,1.73,16.4,8.86,0.87,27.33,20.5
design_5001,1.23,1.78,1.67,2.14,1.21,1.03,1.13,1.59,17.93,9.37,0.88,23.23,18.48
design_5002,1.44,2.37,8.33,2.41,1.42,1.19,2.29,4.68,16.78,9.19,0.87,29.72,21.68
design_5003,1.14,1.74,2.33,2.12,1.19,1.24,1.16,1.8,17.28,9.17,0.88,32.07,23.85
design_5004,1.45,1.8,1.8,2.16,1.77,1.0,1.17,1.74,14.9,8.19,0.87,30.73,22.94
design_5005,1.53,1.76,1.77,1.99,1.64,1.03,1.13,1.68,17.19,9.27,0.87,22.42,18.22
design_5006,1.47,1.83,2.12,2.12,1.43,1.22,1.15,1.81,16.95,9.03,0.88,30.12,23.58
design_5007,1.44,2.25,6.68,2.44,1.27,1.13,1.98,3.85,15.05,8.43,0.86,25.16,18.73
design_5008,1.04,2.42,2.8,2.21,0.88,3.18,1.44,2.37,15.0,8.71,0.84,5.65,4.6
design_5009,0.99,2.27,2.35,1.84,1.02,4.45,1.4,2.52,10.93,6.69,0.86,22.11,15.35
design_5010,1.1,1.97,1.62,1.58,1.11,4.37,1.28,2.28,12.68,7.59,0.85,9.33,5.91
design_5011,1.13,2.13,2.92,2.12,0.87,2.09,1.35,2.15,16.02,9.15,0.85,14.64,10.29
design_5012,0.98,1.74,2.28,1.53,0.78,3.97,1.23,2.25,15.97,8.97,0.86,14.01,10.08
design_5013,1.12,2.4,3.44,2.15,0.88,2.12,1.43,2.4,15.77,9.05,0.84,24.72,17.71
design_5014,1.02,1.85,2.94,1.87,0.78,4.58,1.46,2.67,13.06,7.54,0.86,12.82,7.8
design_5015,1.11,1.64,2.81,1.55,0.64,4.17,1.3,2.47,17.94,9.78,0.87,22.38,15.27
design_5016,1.3,1.74,1.99,2.21,0.97,2.6,1.3,1.95,16.93,9.48,0.85,16.21,11.44
design_5017,1.11,1.48,2.68,1.59,0.92,3.06,1.22,2.12,17.36,9.67,0.86,23.8,18.68
design_5018,1.62,2.16,2.88,2.19,1.24,2.29,1.42,2.22,15.83,9.01,0.85,17.5,10.33
design_5019,1.29,1.83,2.15,2.46,1.12,2.43,1.35,2.01,17.29,9.58,0.86,30.53,22.06
design_5020,1.23,1.69,2.17,2.18,0.9,2.19,1.24,1.87,18.23,9.71,0.87,21.49,15.88
design_5021,1.28,1.93,2.32,2.21,1.18,1.99,1.31,1.93,16.44,9.29,0.86,14.94,11.63
design_5022,1.09,1.78,2.95,1.93,0.85,2.13,1.31,2.05,17.05,9.32,0.85,32.77,24.5
design_5023,1.3,1.81,2.17,2.22,1.14,2.21,1.29,1.92,17.03,9.52,0.86,21.57,15.02
design_5024,1.16,2.19,2.14,2.36,1.01,2.32,1.27,1.98,13.52,8.02,0.85,8.52,6.97
design_5025,1.18,2.09,3.01,2.47,0.77,1.94,1.31,2.15,15.38,8.54,0.85,17.66,12.71
design_5026,1.27,2.31,2.01,2.51,0.9,2.31,1.32,1.99,14.5,8.45,0.85,9.8,5.91
design_5027,1.04,2.05,2.15,2.26,1.13,2.35,1.21,1.95,14.89,8.62,0.84,8.67,7.26
design_5028,1.13,2.36,2.57,2.94,1.01,2.56,1.46,2.27,15.67,8.75,0.86,26.16,17.78
design_5029,1.02,2.13,2.0,2.62,0.83,2.14,1.29,1.93,15.37,8.57,0.84,30.98,23.47
design_5030,1.23,2.18,1.41,2.32,1.04,2.25,1.2,1.8,15.85,8.93,0.86,11.78,7.64
design_5031,0.96,2.06,3.61,2.16,0.91,1.1,1.24,2.18,14.92,8.55,0.86,11.49,9.34
design_5032,2.23,3.18,2.45,2.53,1.58,2.64,1.6,2.49,16.56,9.47,0.84,29.93,23.26
design_5033,2.25,3.35,3.92,2.5,1.37,2.88,1.79,2.98,15.12,8.87,0.83,30.03,23.0
design_5034,2.1,3.16,2.19,2.43,1.32,3.14,1.59,2.5,17.85,10.09,0.83,29.92,22.84
design_5035,2.32,3.12,3.46,2.71,1.21,2.72,1.7,2.79,16.16,9.29,0.83,25.07,17.03
design_5036,2.03,2.91,1.67,2.68,1.24,2.18,1.49,2.14,12.94,7.82,0.84,3.09,2.55
design_5037,2.25,3.21,2.31,2.29,1.23,3.27,1.56,2.56,16.87,9.61,0.84,29.72,22.1
design_5038,2.35,3.45,2.36,2.75,1.32,2.83,1.67,2.58,16.25,9.3,0.84,21.29,16.29
design_5039,1.95,2.86,3.65,2.39,1.18,2.72,1.65,2.73,17.3,9.85,0.84,31.1,24.78
design_5040,1.73,2.17,2.77,2.2,1.11,1.93,1.34,2.17,17.15,9.31,0.87,16.4,10.55
design_5041,1.55,2.38,1.27,2.19,1.01,1.86,1.19,1.72,17.44,9.35,0.88,17.16,14.07
design_5042,1.45,2.24,1.92,2.32,1.27,2.35,1.25,1.97,18.57,9.79,0.88,18.87,12.42
design_5043,1.35,1.76,1.79,1.87,0.71,1.59,1.05,1.6,17.73,9.56,0.87,15.2,11.39
design_5044,1.6,2.31,1.84,2.13,1.0,2.14,1.23,1.89,16.8,9.06,0.88,19.04,12.15
design_5045,1.37,1.98,2.17,1.68,0.58,1.84,1.1,1.77,15.84,8.82,0.86,19.69,13.66
design_5046,1.42,2.21,1.52,2.28,0.9,1.78,1.14,1.72,17.69,9.62,0.87,20.53,13.45
design_5047,1.58,2.13,2.08,2.01,0.79,2.25,1.22,1.91,15.45,8.58,0.87,11.99,8.15
design_5048,1.25,1.99,1.0,2.01,1.38,5.01,1.68,2.92,16.83,9.68,0.85,19.96,15.57
design_5049,1.45,2.23,1.32,2.46,1.07,4.42,1.7,2.75,5.82,4.9,0.85,4.23,3.78
design_5050,1.54,2.32,1.22,2.61,0.91,5.33,1.87,3.18,17.83,9.9,0.86,30.34,23.02
design_5051,1.38,2.09,1.31,2.12,0.81,5.13,1.71,3.0,17.76,10.03,0.85,19.18,11.81
design_5052,1.33,2.07,1.27,2.27,0.93,4.61,1.7,2.78,9.09,6.33,0.84,3.82,4.02
design_5053,1.43,2.34,1.26,2.42,0.91,4.95,1.79,2.98,17.74,9.93,0.86,27.78,20.54
design_5054,1.39,1.92,1.67,1.85,0.83,5.14,1.69,3.0,17.49,9.96,0.85,34.4,25.14
design_5055,1.25,1.69,1.12,1.88,0.9,4.8,1.56,2.77,14.18,8.57,0.83,6.26,6.04
design_5056,1.14,1.86,0.8,2.05,0.94,3.43,1.35,2.16,17.2,9.78,0.85,19.93,14.98
design_5057,1.3,1.85,0.64,1.85,1.12,4.5,1.48,2.63,17.72,10.04,0.85,33.34,26.7
design_5058,1.28,1.92,1.43,1.94,1.1,3.44,1.39,2.23,18.62,10.41,0.85,9.99,6.84
design_5059,1.3,2.06,0.85,2.01,1.17,3.89,1.43,2.4,18.16,10.2,0.85,29.85,22.32
design_5060,1.32,1.87,0.7,1.93,1.1,3.77,1.39,2.31,18.09,10.21,0.84,31.11,21.91
design_5061,1.35,1.99,1.58,2.04,1.18,3.69,1.44,2.38,19.78,10.86,0.85,15.11,10.74
design_5062,0.96,1.37,0.53,1.52,0.87,6.08,1.66,3.29,14.71,8.74,0.84,29.32,22.88
design_5063,1.13,1.63,0.74,1.63,0.87,4.48,1.4,2.56,16.87,9.67,0.85,31.21,24.41
design_5064,1.01,1.51,1.73,2.27,1.38,2.52,1.25,1.86,14.63,8.53,0.85,16.09,10.79
design_5065,0.97,1.48,2.64,2.2,1.33,2.64,1.27,2.1,14.81,8.54,0.85,10.65,7.87
design_5066,0.84,1.21,2.02,1.9,1.59,2.6,1.15,1.87,4.8,4.35,0.86,8.85,5.24
design_5067,0.88,1.48,1.56,2.31,0.96,3.29,1.27,2.01,10.86,6.97,0.84,5.29,3.57
design_5068,0.92,1.51,1.63,2.16,1.04,2.94,1.21,1.9,16.73,9.39,0.85,27.94,19.04
design_5069,0.95,1.54,1.92,2.14,1.04,2.56,1.21,1.86,6.92,5.28,0.85,8.43,4.68
design_5070,1.05,1.45,1.55,2.36,1.45,2.65,1.27,1.87,15.54,8.85,0.85,16.78,11.77
design_5071,0.97,1.63,1.53,2.3,1.12,3.07,1.3,1.97,5.07,4.47,0.86,6.44,3.47
design_5072,0.9,2.87,0.45,1.63,0.83,3.04,1.19,1.96,16.91,9.62,0.85,14.82,11.51
design_5073,1.1,3.4,1.56,1.86,0.95,2.77,1.34,2.14,17.08,9.75,0.85,9.92,9.42
design_5074,1.51,3.63,0.79,2.28,0.99,3.7,1.59,2.5,18.75,10.27,0.86,9.56,9.13
design_5075,0.98,3.14,0.48,1.58,1.05,3.02,1.18,2.02,17.79,10.04,0.85,17.95,15.06
design_5076,1.23,3.53,1.36,2.12,0.93,3.53,1.52,2.43,17.18,9.62,0.86,9.39,9.56
design_5077,1.17,3.52,1.22,1.83,1.04,3.41,1.36,2.34,17.5,9.89,0.85,28.48,20.59
design_5078,0.93,3.02,0.65,1.73,0.98,3.45,1.23,2.18,17.72,10.0,0.85,17.95,14.57
design_5079,1.0,2.97,0.44,1.68,1.32,3.45,1.27,2.18,17.25,9.8,0.85,30.1,23.61
design_5080,1.39,2.5,4.24,2.34,1.1,6.2,2.01,3.96,15.06,8.97,0.83,22.46,15.97
design_5081,1.3,2.09,4.24,1.74,1.0,6.73,2.04,4.12,15.72,9.22,0.83,24.03,16.88
design_5082,1.2,2.13,3.37,2.31,0.95,5.68,1.79,3.55,17.48,10.01,0.84,11.34,10.34
design_5083,1.28,1.93,4.53,2.3,0.94,5.82,1.9,3.79,17.42,9.98,0.83,9.82,9.53
design_5084,1.24,1.81,5.03,1.5,0.85,6.19,1.95,3.97,12.91,8.09,0.83,12.92,11.03
design_5085,1.05,2.25,3.63,1.62,0.95,6.24,1.9,3.79,16.66,9.69,0.83,12.81,9.51
design_5086,1.22,1.78,5.37,1.67,0.81,6.13,1.97,4.02,13.71,8.4,0.83,11.62,10.53
design_5087,1.07,1.99,4.26,1.73,0.91,6.28,1.94,3.89,14.08,8.62,0.83,13.73,11.84
design_5088,1.49,1.78,1.72,1.96,1.18,1.57,1.16,1.65,13.26,7.53,0.87,29.79,23.95
design_5089,1.8,1.81,1.9,2.16,1.1,1.35,1.3,1.75,13.7,7.92,0.85,32.22,25.07
design_5090,2.18,2.28,3.35,2.75,1.67,1.79,1.63,2.46,17.13,9.4,0.87,26.46,16.45
design_5091,2.04,2.4,2.24,2.52,1.44,1.79,1.48,2.12,13.24,7.58,0.87,29.17,23.02
design_5092,1.8,2.29,3.81,2.4,1.29,1.31,1.49,2.4,14.23,8.16,0.85,30.09,23.8
design_5093,1.63,1.3,1.48,1.99,1.19,1.42,1.13,1.54,9.42,6.0,0.86,29.62,23.55
design_5094,2.09,2.24,4.58,2.46,1.38,1.59,1.63,2.73,16.51,9.07,0.87,31.91,23.77
design_5095,1.96,2.16,0.89,2.31,1.73,1.78,1.35,1.84,13.8,7.77,0.88,26.15,20.13
design_5096,1.72,3.23,3.42,3.4,1.29,1.18,1.77,2.66,15.78,8.42,0.89,11.02,7.3
design_5097,1.48,2.98,4.21,3.19,1.29,1.1,1.75,2.76,11.43,6.55,0.88,9.88,6.66
design_5098,1.44,2.96,4.21,3.2,1.07,1.1,1.75,2.74,13.51,7.38,0.89,9.41,7.27
design_5099,1.6,3.12,1.68,2.62,1.21,1.2,1.46,2.04,15.63,8.51,0.88,11.27,8.53
design_5100,1.47,2.76,3.17,3.23,1.09,1.1,1.66,2.42,12.96,7.26,0.88,18.65,13.78
design_5101,1.36,2.66,3.35,3.08,1.11,1.13,1.56,2.4,13.96,7.63,0.89,13.87,9.82
design_5102,1.41,3.21,1.29,3.0,1.56,1.13,1.53,2.11,9.52,5.8,0.87,8.92,6.39
design_5103,1.26,2.98,1.22,3.11,1.3,1.08,1.5,2.03,11.63,6.7,0.87,5.85,4.72
design_5104,1.1,2.51,1.78,1.73,1.04,6.63,1.83,3.75,17.47,9.88,0.85,30.42,22.78
design_5105,1.2,2.73,1.74,1.77,1.05,6.92,1.91,3.92,16.32,9.33,0.84,29.33,21.89
design_5106,1.22,2.75,1.96,1.71,1.2,6.94,1.94,3.95,15.28,8.93,0.85,19.2,15.5
design_5107,0.98,2.34,0.96,1.32,0.78,6.64,1.79,3.66,16.24,9.39,0.85,28.62,21.1
design_5108,1.27,2.56,2.04,2.35,0.86,6.52,1.85,3.78,16.99,9.67,0.85,28.11,22.14
design_5109,1.13,2.56,1.78,1.55,1.0,6.59,1.81,3.73,16.58,9.46,0.85,26.61,21.4
design_5110,1.22,2.5,1.91,1.69,0.85,6.4,1.79,3.65,15.92,9.22,0.85,29.86,23.6
design_5111,1.03,2.25,3.24,1.63,0.86,5.46,1.65,3.31,17.76,10.2,0.84,28.75,22.27
design_5112,3.38,3.76,1.83,3.32,1.69,1.75,1.96,2.82,17.1,9.19,0.88,35.51,26.24
design_5113,2.91,3.86,0.98,2.68,1.78,1.36,1.72,2.51,16.48,9.13,0.87,16.04,12.68
design_5114,3.02,3.91,1.15,2.62,1.84,1.22,1.74,2.54,15.77,8.76,0.87,19.44,15.25
design_5115,3.26,3.89,1.29,2.9,2.0,1.34,1.85,2.69,17.76,9.63,0.87,22.92,17.5
design_5116,2.99,3.65,2.94,2.77,1.68,1.36,1.81,2.69,17.56,9.43,0.88,21.96,14.5
design_5117,2.71,3.42,1.82,2.83,1.59,1.49,1.72,2.45,16.84,9.21,0.87,23.83,18.58
design_5118,2.53,3.35,3.4,2.38,1.47,1.49,1.57,2.53,15.17,8.22,0.89,16.9,13.66
design_5119,3.07,3.54,1.71,2.67,1.62,1.34,1.74,2.51,15.81,8.78,0.87,25.64,18.93
design_5120,1.34,2.32,1.72,1.57,1.19,2.53,1.35,1.92,17.83,10.05,0.85,30.71,22.53
design_5121,1.19,2.38,1.5,1.48,1.13,2.92,1.36,2.01,16.38,9.43,0.85,28.53,21.39
design_5122,1.1,2.03,1.29,1.55,1.01,2.57,1.22,1.79,18.29,10.27,0.85,13.0,9.69
design_5123,1.02,2.12,1.41,1.53,0.94,4.29,1.4,2.5,15.54,9.06,0.85,23.05,16.59
design_5124,0.95,1.96,1.48,1.61,0.79,4.46,1.39,2.57,16.72,9.58,0.85,14.92,12.33
design_5125,1.16,2.31,1.45,1.51,1.01,2.8,1.28,1.94,17.71,9.97,0.85,26.77,17.92
design_5126,1.3,2.35,1.75,1.48,1.01,2.93,1.37,2.04,17.46,9.9,0.85,30.79,22.33
design_5127,1.27,2.38,1.43,1.51,1.08,2.85,1.34,1.98,18.22,10.2,0.85,29.83,22.05
design_5128,1.17,1.64,2.54,1.95,1.23,1.4,1.17,1.81,12.86,7.35,0.87,24.1,16.79
design_5129,1.15,1.82,2.44,2.17,1.34,1.19,1.21,1.83,15.65,8.66,0.86,18.59,14.76
design_5130,1.01,1.66,1.57,2.26,2.21,1.22,1.13,1.7,12.31,7.01,0.87,4.53,3.4
design_5131,1.27,2.21,1.98,2.34,1.09,1.62,1.27,1.83,14.86,8.2,0.87,14.04,10.39
design_5132,1.13,2.06,2.42,2.29,1.24,1.64,1.3,1.92,14.1,7.81,0.87,26.79,19.63
design_5133,1.06,1.9,1.74,2.04,1.01,1.33,1.13,1.58,14.63,8.16,0.87,7.89,5.75
design_5134,1.47,2.02,1.21,2.46,1.33,1.88,1.29,1.75,16.56,8.8,0.88,26.81,19.16
design_5135,1.17,1.87,1.32,2.07,1.27,1.71,1.16,1.58,4.86,3.95,0.88,2.58,2.09
design_5136,1.18,2.68,1.29,1.79,0.97,5.16,1.49,2.76,15.45,8.6,0.87,26.35,20.06
design_5137,1.06,2.49,1.3,1.64,0.71,5.05,1.41,2.65,16.7,9.09,0.88,21.68,18.33
design_5138,1.05,2.41,1.14,1.77,0.87,5.28,1.45,2.74,16.16,8.93,0.87,11.67,9.01
design_5139,1.03,2.37,1.64,1.67,0.89,5.13,1.42,2.7,16.86,9.19,0.88,13.4,11.36
design_5140,1.02,2.23,1.06,1.76,0.9,5.26,1.46,2.7,16.98,9.19,0.88,28.71,22.33
design_5141,0.78,2.51,1.41,1.68,0.93,5.09,1.45,2.67,16.36,9.0,0.87,18.67,12.58
design_5142,0.73,2.2,1.27,2.17,0.82,5.39,1.47,2.79,16.66,9.14,0.88,29.93,23.46
design_5143,1.12,2.56,1.22,1.7,0.84,5.16,1.45,2.71,16.72,9.15,0.88,12.35,11.07
design_5144,1.57,1.9,2.54,1.82,1.04,2.36,1.34,1.99,16.55,9.1,0.87,18.01,13.09
design_5145,1.43,1.61,2.25,2.28,1.08,2.39,1.3,1.94,17.96,9.72,0.87,11.94,9.04
design_5146,1.36,1.33,2.43,2.2,1.34,2.13,1.25,1.91,16.2,9.07,0.86,17.65,12.97
design_5147,1.4,1.52,2.28,1.7,1.22,2.76,1.29,1.93,16.75,9.17,0.87,14.29,11.58
design_5148,1.27,1.58,1.84,1.73,0.9,1.99,1.19,1.62,18.12,9.93,0.86,24.04,17.43
design_5149,1.23,1.65,1.33,1.75,1.02,2.17,1.18,1.57,17.62,9.72,0.87,7.43,6.85
design_5150,1.14,1.57,1.94,1.77,0.84,2.2,1.18,1.68,17.6,9.67,0.87,13.03,9.57
design_5151,1.14,2.16,2.15,1.82,1.23,2.02,1.31,1.82,17.75,9.7,0.87,14.69,7.99
design_5152,1.38,1.2,3.9,2.3,1.05,3.47,1.44,2.63,18.61,10.34,0.85,31.07,25.0
design_5153,1.53,1.3,4.14,2.12,1.22,3.79,1.56,2.8,14.05,8.5,0.83,13.08,8.44
design_5154,1.49,1.44,3.97,1.95,1.11,3.72,1.5,2.72,16.86,9.76,0.84,30.43,24.22
design_5155,1.07,1.12,2.85,2.0,1.16,5.0,1.57,2.95,13.68,8.21,0.84,6.43,5.59
design_5156,0.9,1.4,2.59,1.98,1.43,5.03,1.57,2.95,13.8,8.31,0.84,3.8,3.99
design_5157,1.56,1.51,3.2,2.1,1.2,4.55,1.55,2.9,16.06,9.17,0.85,4.3,4.95
design_5158,1.56,1.48,4.26,2.15,1.09,3.47,1.54,2.73,12.18,7.69,0.84,15.49,9.47
design_5159,1.28,1.6,1.48,2.11,0.82,6.9,1.83,3.69,8.91,6.19,0.84,5.51,4.01
design_5160,0.98,1.69,2.24,2.05,1.19,4.16,1.41,2.57,6.3,5.16,0.85,5.02,4.45
design_5161,0.91,2.28,1.8,2.78,1.95,3.28,1.53,2.38,10.4,6.82,0.84,5.36,5.39
design_5162,1.49,2.56,2.29,2.38,0.87,3.78,1.56,2.59,14.16,8.46,0.83,20.62,14.38
design_5163,1.24,2.15,1.99,2.52,1.4,3.6,1.46,2.45,17.21,9.77,0.84,20.76,15.28
design_5164,1.1,2.27,1.59,2.57,1.17,3.17,1.4,2.22,17.88,10.03,0.85,40.4,28.38
design_5165,1.14,2.1,1.71,2.51,1.05,3.08,1.4,2.18,16.86,9.55,0.85,36.66,26.55
design_5166,0.96,1.73,2.09,2.21,1.37,2.88,1.28,2.11,7.09,5.56,0.84,6.44,4.91
design_5167,1.36,2.44,1.94,2.69,0.93,3.24,1.5,2.36,15.1,8.9,0.83,25.94,18.34
design_5168,1.18,2.47,2.14,2.4,0.98,8.4,2.27,4.45,14.91,8.65,0.85,9.19,7.67
design_5169,1.3,2.24,1.23,2.42,0.94,8.23,2.17,4.29,10.27,6.6,0.85,8.77,5.73
design_5170,1.18,1.92,3.52,2.25,0.79,3.95,1.57,2.77,14.45,8.66,0.84,5.56,4.97
design_5171,1.02,1.67,4.13,2.58,1.33,3.1,1.54,2.72,7.02,5.45,0.84,4.98,4.63
design_5172,1.32,2.28,1.27,2.2,1.17,8.41,2.2,4.37,15.27,8.75,0.85,13.28,8.8
design_5173,1.25,2.5,0.99,2.33,0.98,8.34,2.22,4.34,16.49,9.22,0.86,10.86,7.08
design_5174,1.28,3.08,0.86,2.39,1.01,8.47,2.29,4.45,15.15,8.68,0.85,15.45,9.93
design_5175,1.46,2.45,1.07,2.19,1.01,8.16,2.18,4.26,16.75,9.47,0.85,39.76,30.05
design_5176,1.4,2.05,2.99,1.96,0.84,0.8,1.3,2.05,14.65,8.2,0.87,9.74,6.66
design_5177,1.49,2.29,5.74,2.25,0.91,0.84,1.82,3.36,17.4,9.1,0.89,17.32,12.5
design_5178,1.52,2.31,3.97,2.13,1.06,0.9,1.52,2.55,15.73,8.5,0.88,15.21,12.61
design_5179,1.31,1.91,2.72,2.08,0.83,0.96,1.28,1.94,15.68,8.47,0.88,16.88,10.66
design_5180,1.77,2.46,2.47,2.27,1.05,1.1,1.41,2.05,15.74,8.51,0.88,14.38,9.18
design_5181,1.58,2.37,3.57,2.15,0.84,0.94,1.47,2.39,16.57,9.05,0.86,20.11,12.17
design_5182,1.43,2.16,2.9,1.97,0.86,0.93,1.34,2.04,14.99,8.33,0.87,31.38,22.5
design_5183,1.27,1.95,3.04,1.91,1.09,0.79,1.29,2.05,13.24,7.44,0.87,7.5,5.6
design_5184,1.1,1.73,4.93,2.02,0.76,5.08,1.77,3.4,13.68,8.07,0.85,15.23,12.96
design_5185,1.39,2.24,3.98,2.8,1.06,5.8,1.94,3.54,6.27,4.81,0.86,8.75,6.23
design_5186,1.29,1.6,3.53,2.58,0.89,5.67,1.78,3.3,4.08,3.86,0.87,8.01,5.57
design_5187,1.27,2.14,4.04,2.28,0.9,1.82,1.45,2.42,18.33,9.91,0.86,17.59,11.74
design_5188,1.0,1.2,1.7,2.26,0.79,5.31,1.46,2.76,5.19,4.56,0.86,15.56,10.27
design_5189,1.32,2.48,1.6,2.58,0.7,5.71,1.74,3.07,14.59,8.18,0.86,8.38,6.09
design_5190,1.24,1.87,3.71,2.77,0.8,5.75,1.85,3.41,4.95,4.26,0.86,8.17,5.67
design_5191,1.16,2.37,2.0,2.68,1.04,5.38,1.73,3.0,8.01,5.57,0.85,8.32,5.65
design_5192,1.1,1.86,2.9,1.53,0.95,3.55,1.44,2.49,11.14,7.41,0.83,7.1,5.29
design_5193,1.25,2.1,3.53,1.75,0.67,3.94,1.6,2.84,7.1,5.63,0.84,14.87,10.53
design_5194,1.42,2.15,3.31,1.81,0.9,3.94,1.62,2.81,17.98,10.17,0.83,32.11,22.92
design_5195,1.39,1.95,3.48,1.81,0.84,3.42,1.57,2.66,16.22,9.47,0.84,9.63,7.28
design_5196,1.31,2.19,4.19,1.64,2.28,2.37,1.54,2.71,7.34,5.59,0.84,14.5,9.86
design_5197,1.38,1.82,3.61,1.75,1.35,2.89,1.54,2.55,10.42,7.05,0.83,16.36,10.9
design_5198,1.24,1.74,3.75,1.54,1.23,3.39,1.46,2.7,14.51,8.84,0.83,13.41,10.55
design_5199,1.24,2.02,3.16,1.56,1.31,3.99,1.53,2.76,14.82,8.92,0.82,11.36,8.07
design_5200,7.78,22.55,9.25,27.33,12.7,24.74,15.33,19.83,14.74,8.9,0.83,17.91,16.66
design_5201,7.93,22.57,9.01,27.28,12.52,24.42,15.3,19.7,16.68,9.89,0.83,17.92,17.64
design_5202,7.72,22.88,9.23,27.34,12.85,24.49,15.34,19.82,16.17,9.57,0.84,15.36,15.98
design_5203,7.56,21.29,6.45,26.81,11.7,22.35,14.99,18.5,14.94,8.87,0.84,26.8,17.82
design_5204,7.57,21.75,7.18,27.06,11.97,23.57,15.14,19.07,14.13,8.67,0.82,21.51,17.06
design_5205,7.59,20.52,7.83,26.77,11.45,25.66,15.21,19.49,16.46,9.88,0.83,28.6,21.1
design_5206,7.6,22.62,9.07,27.32,12.81,24.18,15.3,19.65,16.55,9.74,0.84,16.21,14.8
design_5207,7.16,22.12,6.91,27.0,11.88,22.45,15.03,18.72,16.49,9.58,0.85,16.6,16.17
design_5208,0.93,1.37,0.74,2.03,1.03,3.82,1.37,2.14,13.75,8.09,0.84,22.1,16.04
design_5209,0.84,1.07,0.64,1.94,0.76,3.89,1.26,2.1,14.53,8.5,0.85,29.73,21.01
design_5210,1.04,1.5,0.91,1.65,1.15,3.91,1.33,2.17,5.86,4.97,0.85,2.08,2.49
design_5211,0.92,1.09,0.79,1.65,1.07,3.99,1.26,2.15,6.47,5.22,0.85,5.91,4.79
design_5212,1.33,1.78,1.77,1.91,1.25,3.75,1.43,2.31,14.66,8.71,0.83,24.8,16.53
design_5213,0.78,1.17,0.93,1.96,0.92,4.05,1.32,2.21,13.76,8.11,0.84,28.8,21.21
design_5214,0.88,1.14,0.85,1.92,0.99,4.1,1.29,2.22,4.89,4.52,0.85,1.92,2.62
design_5215,0.71,1.31,1.07,1.95,1.24,4.16,1.37,2.3,15.3,8.84,0.84,21.78,15.81
design_5216,1.33,1.84,3.39,2.11,1.32,2.31,1.48,2.36,15.53,8.65,0.86,10.8,8.8
design_5217,1.06,1.89,3.41,2.28,1.88,2.51,1.5,2.45,15.57,8.5,0.87,13.43,11.53
design_5218,1.27,2.18,3.53,2.15,1.29,2.32,1.54,2.45,13.79,7.94,0.86,14.32,9.62
design_5219,0.76,1.72,3.14,1.64,1.06,2.27,1.27,2.12,16.68,9.28,0.85,20.05,16.26
design_5220,1.1,1.87,3.69,1.89,1.1,2.04,1.43,2.38,13.7,7.78,0.87,10.88,7.13
design_5221,0.81,1.83,4.3,1.59,1.26,1.98,1.41,2.59,17.25,9.54,0.85,12.43,9.9
design_5222,1.14,1.71,3.02,1.84,1.03,2.21,1.31,2.11,14.83,8.4,0.86,5.68,5.18
design_5223,1.2,2.09,3.76,2.03,1.21,2.62,1.52,2.55,17.14,9.19,0.87,25.53,18.07
design_5224,1.06,1.96,2.24,2.23,0.89,0.91,1.18,1.76,13.79,7.59,0.88,5.9,5.43
design_5225,1.33,2.4,2.81,2.27,1.04,0.92,1.35,2.07,16.42,8.74,0.89,20.11,15.12
design_5226,1.09,1.91,2.06,2.24,1.62,0.98,1.22,1.78,13.92,7.72,0.88,30.48,22.81
design_5227,0.9,1.7,1.24,1.99,1.42,0.72,1.04,1.4,14.34,7.85,0.89,13.62,12.84
design_5228,1.22,1.86,2.67,2.03,0.91,0.86,1.18,1.87,14.16,7.74,0.89,10.74,10.05
design_5229,1.49,2.52,2.19,2.44,0.92,1.03,1.32,1.94,13.96,7.73,0.88,20.24,12.75
design_5230,1.48,1.88,3.37,2.09,1.31,1.12,1.36,2.23,16.22,8.52,0.9,9.64,9.26
design_5231,1.05,2.12,2.56,2.38,1.06,0.92,1.25,1.94,16.81,8.87,0.89,26.54,21.89
design_5232,1.53,2.29,1.06,2.18,1.31,1.27,1.22,1.67,12.86,7.39,0.88,2.56,2.95
design_5233,1.97,2.39,3.35,2.09,1.46,1.24,1.35,2.22,15.68,8.71,0.87,11.42,9.1
design_5234,1.79,2.0,4.1,1.98,1.31,1.17,1.34,2.32,13.71,7.81,0.87,7.11,5.3
design_5235,1.73,2.43,1.14,2.15,1.35,1.23,1.22,1.74,13.85,7.89,0.87,5.52,4.62
design_5236,1.88,2.02,3.83,2.02,1.4,1.33,1.35,2.28,16.04,8.75,0.88,7.92,6.26
design_5237,2.09,2.27,3.92,2.49,1.45,1.29,1.48,2.46,16.95,9.13,0.88,30.79,23.9
design_5238,1.32,1.84,1.69,2.31,1.2,1.59,1.2,1.71,10.08,6.29,0.86,5.91,4.51
design_5239,2.08,2.34,3.86,2.27,1.62,1.25,1.48,2.42,14.25,8.07,0.88,18.74,14.66
design_5240,1.14,2.37,1.61,2.72,1.27,1.02,1.31,1.82,14.37,8.01,0.87,12.61,8.36
design_5241,1.24,2.02,4.67,2.23,1.07,0.9,1.48,2.63,16.17,8.69,0.89,15.0,14.17
design_5242,1.11,2.29,1.66,2.97,0.98,1.1,1.32,1.86,14.29,7.92,0.88,12.82,9.54
design_5243,1.35,2.03,4.46,2.56,1.12,1.01,1.5,2.62,15.65,8.4,0.89,12.71,9.73
design_5244,1.15,2.17,4.23,2.31,1.42,1.03,1.46,2.52,16.45,8.79,0.89,29.39,22.34
design_5245,1.11,2.42,1.92,2.56,0.92,0.91,1.29,1.82,16.48,8.79,0.88,24.33,15.85
design_5246,1.07,2.49,1.77,2.7,0.95,0.9,1.31,1.83,17.09,9.18,0.88,16.5,12.17
design_5247,1.29,2.51,1.62,2.93,0.96,1.3,1.37,1.92,14.37,7.89,0.88,11.32,6.73
design_5248,0.89,1.61,1.16,1.99,1.42,3.32,1.25,2.0,7.74,5.57,0.85,5.76,3.42
design_5249,0.96,1.67,1.25,2.19,1.05,4.37,1.45,2.42,7.94,5.66,0.85,4.66,3.24
design_5250,1.08,1.36,1.05,1.82,1.11,3.26,1.16,1.9,17.99,9.98,0.86,7.01,6.19
design_5251,0.96,1.56,1.44,2.1,1.25,3.66,1.33,2.17,13.36,8.06,0.84,4.84,4.37
design_5252,1.24,0.97,0.83,1.5,1.33,3.82,1.16,2.06,17.5,9.76,0.86,19.13,13.8
design_5253,1.0,1.52,1.22,2.0,1.17,3.37,1.27,2.01,8.25,5.88,0.84,3.76,2.96
design_5254,0.99,1.63,1.94,1.94,1.23,4.12,1.41,2.4,15.13,8.7,0.85,8.99,7.34
design_5255,1.2,1.09,0.89,1.68,1.37,3.19,1.14,1.85,14.76,8.56,0.85,13.07,9.55
design_5256,1.37,2.55,1.8,2.67,1.02,6.27,1.88,3.46,13.22,7.66,0.86,18.62,13.51
design_5257,1.46,2.31,1.83,2.33,1.19,5.88,1.75,3.25,14.36,8.45,0.84,7.64,5.89
design_5258,1.09,2.28,1.66,2.38,1.05,7.53,2.0,3.92,15.44,8.25,0.89,18.77,14.3
design_5259,1.55,2.73,2.16,2.6,1.39,6.69,1.96,3.71,14.07,8.02,0.86,17.36,11.5
design_5260,1.5,2.13,1.87,2.25,1.18,7.07,1.92,3.74,9.81,6.2,0.86,5.66,5.53
design_5261,1.33,2.14,1.79,2.33,1.22,6.51,1.83,3.49,11.82,7.24,0.85,7.36,6.29
design_5262,1.43,2.53,2.34,2.44,1.6,6.41,1.91,3.58,13.83,8.05,0.85,7.57,6.47
design_5263,1.41,1.85,1.71,2.1,0.88,6.94,1.83,3.61,12.12,6.99,0.87,13.12,10.57
design_5264,0.93,1.61,0.87,1.89,0.91,5.16,1.38,2.46,8.13,5.58,0.86,5.04,3.49
design_5265,1.02,1.9,0.83,1.91,1.0,5.17,1.42,2.51,15.02,8.47,0.86,13.03,7.62
design_5266,0.91,1.73,1.31,1.74,0.79,3.52,1.19,1.93,5.45,4.61,0.86,6.14,4.67
design_5267,1.62,2.35,1.79,1.67,0.77,4.97,1.47,2.61,6.98,5.18,0.86,4.46,4.02
design_5268,0.87,1.58,1.81,1.94,1.15,5.14,1.45,2.59,8.95,5.93,0.85,8.5,5.3
design_5269,0.86,1.67,1.24,1.71,0.82,4.42,1.27,2.21,10.24,6.45,0.86,7.98,5.45
design_5270,1.01,1.5,1.77,1.78,1.14,4.61,1.35,2.38,9.57,6.37,0.85,8.35,6.72
design_5271,1.18,2.34,1.19,1.81,0.86,4.67,1.37,2.4,14.18,8.12,0.86,10.0,6.01
design_5272,1.17,2.01,1.27,2.48,1.34,2.69,1.38,1.96,18.05,9.86,0.86,24.94,16.69
design_5273,1.09,1.93,1.33,2.22,1.4,2.41,1.29,1.82,6.1,4.95,0.85,7.33,4.7
design_5274,1.16,2.01,1.43,2.58,1.4,2.11,1.38,1.85,6.74,5.18,0.85,6.93,4.36
design_5275,1.19,2.01,1.4,2.45,1.3,2.21,1.36,1.83,8.94,5.98,0.85,7.64,4.9
design_5276,1.38,2.22,1.3,2.33,1.35,3.23,1.43,2.15,16.49,9.26,0.86,23.05,16.54
design_5277,1.16,1.65,1.35,2.48,1.17,2.94,1.36,1.99,14.36,8.32,0.85,28.12,21.31
design_5278,1.17,1.95,1.47,2.29,1.35,3.46,1.44,2.19,16.31,9.18,0.85,12.93,10.4
design_5279,1.17,1.81,1.04,2.25,2.15,2.96,1.36,2.04,15.58,8.79,0.85,18.9,14.44
design_5280,1.33,2.48,1.29,2.05,0.82,1.11,1.24,1.61,15.45,8.49,0.88,29.17,21.45
design_5281,1.31,1.9,0.74,2.1,0.85,0.84,1.05,1.39,16.54,8.84,0.88,11.16,8.9
design_5282,1.37,1.96,0.84,2.03,1.21,0.84,1.09,1.45,15.51,8.35,0.89,7.45,6.29
design_5283,1.39,1.8,1.52,1.85,1.33,0.79,1.09,1.51,16.02,8.63,0.88,6.38,6.35
design_5284,1.41,1.73,1.82,2.02,1.34,0.87,1.13,1.62,15.71,8.46,0.88,15.07,12.31
design_5285,1.41,2.2,0.82,2.15,1.1,0.9,1.16,1.52,16.57,8.82,0.88,20.59,14.24
design_5286,1.46,2.36,1.79,2.49,0.94,1.19,1.34,1.82,16.25,8.65,0.88,26.13,15.47
design_5287,1.41,2.12,2.18,2.53,1.31,1.12,1.33,1.9,14.14,7.78,0.89,11.67,10.27
design_5288,0.99,1.61,0.86,1.68,1.19,3.26,1.15,2.02,15.48,9.18,0.84,11.49,10.76
design_5289,0.94,1.35,0.79,1.65,0.94,4.38,1.34,2.48,15.2,9.03,0.84,11.13,7.6
design_5290,1.01,2.07,0.96,1.73,0.94,8.37,2.21,4.51,15.34,8.97,0.84,23.49,18.07
design_5291,1.11,1.96,1.11,1.81,1.01,3.2,1.28,2.06,14.4,8.62,0.83,17.67,13.96
design_5292,0.91,1.23,0.76,1.73,1.08,3.83,1.23,2.23,14.22,8.61,0.84,11.64,7.6
design_5293,1.04,2.05,0.85,1.84,1.35,8.29,2.21,4.49,15.26,8.98,0.85,22.4,16.98
design_5294,0.93,1.56,0.88,1.75,0.73,3.71,1.22,2.19,17.32,9.92,0.85,5.87,4.9
design_5295,0.89,1.5,0.77,1.72,0.85,6.26,1.7,3.41,16.54,9.57,0.85,7.83,6.39
design_5296,7.95,23.33,7.76,26.74,13.21,26.12,15.54,20.74,16.58,9.75,0.83,20.46,17.8
design_5297,7.44,22.36,7.11,26.58,12.88,25.49,15.38,20.24,17.06,10.03,0.83,29.0,18.36
design_5298,7.61,22.8,7.39,26.77,12.91,25.4,15.43,20.34,15.68,9.37,0.83,19.08,16.9
design_5299,7.22,22.31,7.14,26.63,12.68,25.39,15.38,20.18,16.37,9.72,0.83,20.01,16.9
design_5300,7.72,23.18,7.63,26.79,13.25,25.57,15.48,20.51,16.42,9.75,0.83,16.48,16.08
design_5301,7.64,22.79,7.31,26.65,12.91,25.86,15.47,20.48,16.82,9.96,0.83,22.41,17.09
design_5302,7.78,23.23,7.64,26.81,13.35,26.02,15.53,20.7,15.8,9.48,0.83,15.73,14.76
design_5303,7.54,22.87,7.42,26.7,12.84,25.79,15.46,20.47,14.7,9.07,0.81,18.82,17.53
design_5304,1.32,2.44,2.92,1.66,1.12,3.69,1.45,2.55,16.14,9.36,0.84,25.12,19.02
design_5305,1.4,2.67,2.69,2.1,1.47,2.37,1.47,2.24,15.59,8.89,0.85,18.64,14.07
design_5306,1.24,2.33,2.87,1.86,1.49,2.13,1.38,2.15,16.38,9.26,0.85,27.68,21.05
design_5307,1.47,2.19,3.0,2.01,1.48,2.25,1.42,2.23,8.95,6.32,0.84,23.82,17.91
design_5308,1.12,2.25,3.72,1.86,1.59,1.82,1.41,2.37,16.66,9.61,0.84,30.17,23.22
design_5309,1.53,2.43,2.99,1.92,1.18,1.94,1.42,2.17,17.0,9.57,0.84,13.89,10.77
design_5310,1.69,3.08,8.33,2.2,1.7,5.47,2.58,5.03,15.39,8.76,0.85,24.62,18.11
design_5311,1.48,2.72,3.33,2.2,1.39,2.44,1.59,2.47,17.29,9.5,0.86,25.67,19.39
design_5312,1.07,3.12,1.87,2.23,0.92,7.13,2.07,4.09,17.28,9.82,0.85,30.73,23.6
design_5313,0.92,2.89,4.21,1.93,0.87,4.9,1.7,3.31,17.22,9.81,0.84,37.91,30.68
design_5314,1.12,2.44,1.31,2.09,0.91,7.98,2.16,4.41,17.4,9.76,0.86,28.22,21.69
design_5315,1.16,3.26,1.91,2.2,1.0,7.57,2.19,4.32,18.05,9.96,0.87,30.05,24.62
design_5316,0.91,2.76,1.49,1.83,0.71,6.87,1.92,3.87,15.6,9.13,0.84,13.24,10.52
design_5317,0.97,2.36,4.25,1.62,0.71,5.37,1.71,3.43,16.23,9.43,0.85,22.71,17.58
design_5318,1.15,3.27,1.87,2.1,1.04,7.48,2.15,4.27,16.73,9.39,0.86,18.86,14.76
design_5319,1.11,3.44,1.87,2.61,1.07,7.77,2.26,4.47,17.5,9.76,0.86,31.99,25.01
design_5320,0.83,2.18,0.48,1.67,0.83,5.14,1.44,2.63,16.08,8.8,0.88,23.44,18.29
design_5321,1.2,2.82,0.84,2.01,0.95,3.19,1.37,2.13,17.12,9.52,0.86,9.85,6.31
design_5322,1.27,3.05,0.49,1.99,0.95,5.37,1.62,2.92,14.47,8.14,0.87,13.44,8.55
design_5323,1.23,2.79,0.91,1.84,0.98,5.12,1.53,2.78,15.44,8.63,0.87,10.83,6.5
design_5324,1.29,2.65,1.08,2.17,1.04,5.22,1.63,2.85,14.1,7.75,0.88,17.76,12.16
design_5325,1.38,3.14,0.64,2.02,1.04,5.4,1.65,2.97,15.05,8.34,0.87,17.39,12.36
design_5326,1.1,2.55,1.0,1.99,0.99,5.32,1.59,2.83,15.28,8.39,0.88,15.02,10.19
design_5327,1.03,2.54,1.03,1.86,1.04,5.23,1.54,2.78,15.54,8.54,0.88,15.94,10.44
design_5328,1.04,1.59,2.52,1.84,0.95,4.4,1.56,2.69,15.62,9.1,0.84,23.87,17.32
design_5329,1.15,1.74,2.6,2.25,0.93,4.63,1.58,2.85,16.14,9.43,0.84,7.31,6.47
design_5330,1.38,2.21,3.12,2.37,1.2,3.56,1.66,2.68,16.83,9.61,0.85,15.09,10.68
design_5331,1.23,1.58,2.53,1.92,1.36,4.71,1.61,2.85,19.59,10.72,0.85,19.06,14.74
design_5332,1.39,1.67,3.04,2.19,1.33,4.85,1.81,3.06,10.28,6.73,0.84,10.65,7.97
design_5333,1.15,1.47,2.34,1.84,0.92,4.01,1.46,2.49,16.3,9.39,0.85,6.64,5.45
design_5334,1.32,1.85,2.62,2.24,1.1,5.01,1.74,3.03,16.96,9.53,0.85,17.24,13.81
design_5335,1.34,1.87,2.4,2.14,1.03,3.76,1.55,2.49,15.28,8.95,0.84,22.06,17.61
design_5336,1.43,2.28,3.3,2.55,1.32,1.0,1.32,2.19,14.93,8.11,0.88,13.86,9.66
design_5337,1.38,2.45,3.92,2.55,0.85,1.05,1.41,2.36,15.46,8.43,0.89,12.93,10.74
design_5338,1.51,2.81,1.9,2.83,0.91,1.12,1.39,2.03,13.6,7.54,0.88,5.47,5.36
design_5339,1.71,2.35,3.27,2.67,0.95,0.94,1.38,2.23,13.91,7.87,0.86,7.08,5.76
design_5340,1.65,2.53,3.37,2.55,1.15,1.03,1.39,2.27,15.05,8.18,0.88,8.59,7.83
design_5341,1.47,2.28,3.27,2.23,1.14,0.92,1.3,2.1,13.73,7.59,0.89,18.0,12.79
design_5342,1.48,2.46,3.22,2.39,1.28,1.01,1.33,2.17,14.29,7.8,0.88,9.73,8.39
design_5343,1.54,2.62,4.1,2.61,1.3,1.19,1.49,2.51,15.59,8.35,0.89,12.54,10.86
design_5344,0.99,1.66,3.28,2.09,1.09,2.28,1.27,2.08,17.98,9.82,0.87,16.97,12.05
design_5345,0.89,2.13,3.32,2.26,1.2,2.29,1.36,2.18,17.23,9.46,0.87,23.88,18.7
design_5346,0.98,2.0,3.51,2.15,1.08,2.35,1.33,2.21,16.88,9.32,0.87,15.29,10.49
design_5347,0.98,1.61,3.7,2.05,1.05,2.12,1.25,2.15,17.47,9.59,0.87,21.31,17.21
design_5348,0.82,1.81,3.36,2.2,1.19,2.12,1.29,2.11,16.61,9.23,0.87,19.43,12.7
design_5349,0.98,2.01,3.77,2.18,1.07,2.63,1.37,2.34,17.52,9.55,0.87,33.6,25.46
design_5350,1.04,1.66,4.06,2.11,1.19,2.61,1.35,2.38,14.0,8.07,0.86,21.47,17.62
design_5351,1.11,2.05,3.38,2.4,1.16,2.47,1.36,2.26,16.7,9.21,0.87,9.29,8.1
design_5352,1.23,1.31,1.15,1.7,0.74,5.18,1.51,2.93,17.07,9.78,0.85,7.19,6.89
design_5353,1.32,1.95,1.26,2.0,0.89,4.92,1.64,2.9,16.28,9.42,0.84,19.92,11.28
design_5354,1.66,2.17,1.02,2.37,1.09,4.27,1.65,2.69,16.63,9.44,0.84,11.2,8.75
design_5355,1.27,2.06,1.37,2.07,0.95,5.22,1.73,3.07,18.6,10.37,0.85,33.21,24.89
design_5356,1.08,1.6,4.13,1.79,0.86,9.02,2.48,5.14,18.04,10.18,0.85,12.69,10.12
design_5357,1.42,2.28,2.28,2.09,1.12,5.23,1.82,3.2,16.03,9.34,0.84,4.46,4.19
design_5358,1.07,1.43,0.8,1.78,0.75,6.26,1.75,3.45,18.99,10.6,0.85,21.3,11.7
design_5359,0.85,1.57,4.37,1.82,0.88,8.84,2.44,5.09,15.85,9.34,0.83,15.54,9.86
design_5360,1.12,2.29,1.09,1.78,1.36,2.12,1.25,1.71,16.82,9.31,0.87,9.61,9.2
design_5361,1.07,1.7,2.79,1.84,1.14,2.06,1.27,1.82,13.16,7.51,0.87,7.96,5.6
design_5362,0.95,1.51,2.82,1.65,0.99,2.34,1.16,1.8,14.42,7.97,0.88,14.96,11.15
design_5363,1.06,1.92,2.48,1.73,1.19,2.26,1.25,1.82,16.91,9.2,0.87,28.35,22.14
design_5364,0.97,1.55,2.85,2.08,1.29,2.0,1.22,1.85,11.82,6.97,0.87,6.53,5.17
design_5365,1.28,1.72,2.63,1.5,0.96,1.41,1.21,1.61,16.94,9.25,0.86,17.86,14.41
design_5366,1.03,1.56,2.84,1.7,1.15,2.23,1.23,1.82,14.35,8.04,0.88,8.89,6.61
design_5367,1.16,2.32,1.08,1.75,1.15,1.92,1.24,1.65,16.57,9.24,0.86,14.53,10.56
design_5368,1.36,1.7,1.98,1.71,1.21,3.96,1.44,2.43,15.44,9.1,0.83,22.58,16.1
design_5369,1.28,1.61,1.77,1.71,1.29,4.15,1.48,2.46,16.17,9.02,0.86,16.77,13.0
design_5370,1.28,1.81,1.79,1.84,1.08,3.0,1.34,2.04,14.98,8.87,0.83,16.0,11.12
design_5371,1.78,2.23,1.58,1.9,1.23,3.69,1.56,2.37,15.96,9.19,0.83,21.44,15.09
design_5372,1.29,1.9,1.61,1.62,1.0,4.03,1.4,2.38,17.75,10.09,0.84,23.89,14.64
design_5373,1.22,1.64,1.49,1.68,1.18,3.97,1.36,2.33,15.03,8.97,0.83,7.43,5.14
design_5374,1.19,1.64,1.84,1.71,1.08,4.62,1.5,2.65,14.07,8.61,0.83,15.08,10.83
design_5375,1.03,1.56,2.56,1.56,1.14,2.4,1.21,1.97,14.1,8.43,0.84,12.49,8.58
design_5376,1.59,1.87,1.09,2.02,1.23,3.79,1.4,2.23,6.61,5.31,0.85,3.49,3.17
design_5377,1.08,2.37,1.66,2.02,1.5,4.54,1.53,2.63,7.59,5.73,0.84,9.17,5.95
design_5378,1.7,2.16,0.86,2.11,1.48,3.85,1.47,2.3,6.93,5.41,0.84,2.69,2.41
design_5379,1.47,2.4,1.49,2.0,1.48,4.7,1.58,2.69,5.45,4.78,0.85,3.8,3.41
design_5380,1.39,1.84,1.71,1.71,1.04,3.96,1.36,2.33,5.95,5.08,0.85,6.74,4.91
design_5381,1.32,2.6,1.91,2.41,1.2,3.88,1.58,2.51,7.58,5.67,0.84,7.43,4.9
design_5382,1.22,2.25,3.19,2.07,1.3,4.64,1.68,3.0,14.12,8.22,0.85,26.48,19.44
design_5383,1.34,2.51,1.67,2.32,1.28,3.68,1.5,2.38,8.05,5.93,0.84,8.46,5.75
design_5384,1.28,2.08,1.15,2.01,1.2,1.22,1.08,1.55,10.71,6.56,0.86,3.23,2.36
design_5385,1.31,2.16,2.15,2.05,1.29,1.47,1.22,1.78,11.98,6.97,0.87,3.85,3.57
design_5386,1.14,2.0,1.69,2.0,1.17,1.44,1.15,1.61,11.86,7.01,0.87,5.59,3.88
design_5387,1.44,2.02,2.37,2.13,1.39,1.57,1.27,1.85,15.73,8.55,0.89,14.7,12.48
design_5388,1.42,1.95,2.42,2.26,1.36,1.68,1.32,1.89,16.74,9.04,0.88,16.55,13.94
design_5389,1.22,2.01,1.22,1.97,1.11,1.23,1.08,1.51,9.95,6.26,0.86,4.9,3.12
design_5390,1.6,1.87,1.06,1.96,1.32,1.31,1.14,1.57,10.99,6.72,0.86,5.26,3.36
design_5391,1.33,2.25,1.68,2.0,1.33,1.39,1.21,1.7,15.95,8.8,0.88,15.34,13.33
design_5392,1.29,2.67,1.95,2.68,1.8,1.29,1.33,2.05,16.4,8.95,0.88,24.67,21.05
design_5393,1.2,2.7,1.76,2.22,1.7,1.02,1.26,1.87,16.92,9.13,0.88,8.78,5.65
design_5394,1.22,2.78,1.78,2.1,1.5,1.19,1.23,1.86,13.91,7.83,0.88,8.89,5.75
design_5395,0.87,2.13,1.87,2.47,1.66,1.21,1.21,1.8,16.32,8.82,0.89,11.6,9.06
design_5396,1.32,2.93,1.76,2.33,1.9,1.2,1.35,2.01,16.14,8.78,0.88,14.9,10.7
design_5397,1.58,1.99,1.24,2.47,1.64,1.1,1.34,1.78,11.87,6.86,0.88,23.69,17.74
design_5398,1.26,2.37,1.73,2.16,1.52,1.1,1.2,1.77,13.39,7.58,0.88,6.53,4.42
design_5399,1.06,2.74,1.85,2.66,1.73,1.21,1.27,2.01,16.33,8.93,0.88,10.71,6.95
design_5400,0.77,2.22,0.87,2.01,0.84,6.67,1.91,3.75,17.34,9.88,0.85,23.59,18.68
design_5401,0.73,2.18,0.92,2.01,1.01,6.26,1.86,3.55,14.84,8.78,0.85,26.02,20.6
design_5402,0.72,2.12,0.72,2.26,1.0,7.48,2.05,4.16,17.85,10.07,0.85,29.5,22.27
design_5403,0.75,2.19,0.88,2.39,1.03,6.71,1.93,3.81,17.38,9.85,0.85,30.78,23.58
design_5404,0.83,2.17,0.96,2.19,1.16,7.66,2.16,4.27,5.78,4.96,0.85,36.65,29.1
design_5405,0.76,2.07,0.79,1.97,0.93,6.78,1.92,3.79,17.75,10.03,0.85,24.93,19.83
design_5406,0.82,2.13,0.79,2.05,0.97,6.35,1.85,3.59,17.16,9.82,0.84,33.06,25.35
design_5407,0.8,2.19,0.79,1.99,1.1,7.9,2.16,4.36,16.23,9.29,0.85,26.73,20.76
design_5408,8.14,20.33,10.85,26.87,12.16,21.28,14.7,17.71,13.72,8.25,0.84,21.39,12.85
design_5409,8.11,18.65,10.16,26.64,11.13,20.9,14.55,17.11,16.36,9.32,0.85,25.93,14.86
design_5410,7.98,19.06,10.52,26.83,11.22,20.97,14.59,17.28,15.15,8.77,0.84,18.74,13.41
design_5411,8.21,18.88,10.68,26.89,12.02,21.24,14.63,17.43,15.48,8.96,0.85,27.63,20.16
design_5412,8.14,18.41,10.94,26.81,11.33,20.99,14.58,17.25,16.54,9.23,0.86,26.14,16.55
design_5413,8.32,18.89,10.47,27.06,11.78,21.43,14.63,17.48,14.32,8.51,0.85,26.83,17.92
design_5414,8.41,18.75,10.4,26.68,11.52,21.05,14.56,17.25,16.62,9.47,0.85,33.09,21.29
design_5415,8.32,19.18,10.74,26.96,11.9,21.25,14.64,17.51,17.17,9.71,0.86,27.1,17.49
design_5416,0.83,2.12,1.42,1.64,1.09,3.62,1.23,2.17,10.9,7.18,0.83,24.9,18.63
design_5417,1.37,2.76,1.52,1.92,1.33,2.73,1.4,2.06,15.46,8.97,0.85,27.87,21.25
design_5418,1.02,2.15,1.48,1.69,1.39,3.3,1.24,2.11,8.21,6.05,0.84,24.93,18.52
design_5419,1.27,2.56,1.54,1.8,1.34,3.18,1.37,2.16,17.97,10.08,0.85,37.92,27.54
design_5420,0.91,2.39,1.24,1.64,0.82,3.36,1.3,2.08,13.8,8.22,0.84,22.01,16.42
design_5421,0.9,1.97,1.25,1.7,0.91,4.02,1.29,2.29,16.94,9.65,0.84,29.38,21.69
design_5422,0.78,2.03,1.38,1.78,0.96,4.03,1.28,2.33,12.38,7.77,0.84,24.89,18.3
design_5423,1.33,2.54,1.76,1.85,1.3,3.71,1.46,2.39,17.88,10.03,0.85,38.23,26.9
design_5424,1.11,1.62,2.21,1.94,1.2,2.22,1.16,1.78,11.74,7.17,0.85,3.62,3.09
design_5425,1.17,1.57,2.01,2.12,1.55,2.48,1.21,1.88,11.39,6.94,0.86,4.06,3.48
design_5426,1.02,1.7,0.93,2.24,1.15,2.3,1.1,1.68,11.13,6.97,0.85,4.9,2.99
design_5427,1.6,2.05,1.59,2.18,1.5,2.25,1.28,1.9,15.41,8.8,0.85,14.44,9.14
design_5428,1.43,1.81,0.83,2.01,1.2,2.13,1.13,1.66,11.61,7.17,0.85,3.01,2.58
design_5429,1.12,1.66,2.46,1.98,0.92,2.18,1.17,1.81,13.51,7.9,0.86,4.01,3.15
design_5430,1.24,1.82,0.81,1.95,1.16,2.26,1.09,1.64,11.19,6.98,0.85,5.0,3.1
design_5431,1.29,1.62,5.52,2.17,1.01,2.04,1.46,2.67,15.61,8.46,0.88,13.2,9.62
design_5432,1.16,2.16,0.93,1.49,0.64,1.73,1.04,1.44,15.29,8.72,0.85,24.53,17.9
design_5433,0.94,2.45,1.16,1.7,0.73,1.61,1.12,1.53,16.69,9.24,0.86,18.68,15.37
design_5434,1.31,1.68,3.89,1.53,1.49,2.09,1.19,2.15,16.33,9.0,0.87,28.97,21.55
design_5435,1.25,1.91,4.02,1.47,0.73,1.58,1.23,2.06,17.04,9.27,0.88,20.83,14.58
design_5436,0.99,2.12,1.07,1.63,0.59,1.92,1.12,1.5,17.53,9.51,0.87,12.14,8.97
design_5437,1.21,2.39,1.29,1.69,1.37,2.56,1.19,1.84,15.79,8.93,0.86,21.15,17.48
design_5438,1.09,2.7,1.22,2.13,1.11,2.06,1.21,1.82,17.91,9.71,0.87,28.05,20.05
design_5439,1.24,2.17,2.17,1.71,0.83,2.08,1.12,1.77,16.86,9.36,0.87,30.31,23.18
design_5440,1.07,1.84,1.57,2.57,0.81,2.19,1.2,1.79,12.25,7.53,0.85,8.88,5.64
design_5441,1.04,1.43,1.08,2.27,0.85,2.57,1.13,1.68,4.91,4.38,0.86,5.27,3.49
design_5442,1.15,2.17,1.23,2.6,0.96,2.38,1.25,1.86,14.38,8.26,0.85,19.92,13.69
design_5443,1.02,1.59,1.12,2.62,1.0,2.58,1.18,1.8,5.13,4.48,0.86,5.02,3.27
design_5444,0.98,1.66,1.18,2.62,0.75,2.84,1.23,1.86,4.45,4.09,0.87,4.07,2.99
design_5445,0.99,1.95,1.79,2.32,0.92,3.57,1.33,2.14,16.23,8.76,0.87,30.23,22.46
design_5446,1.34,1.9,2.06,2.55,1.03,2.02,1.32,1.9,5.12,4.41,0.86,4.19,2.87
design_5447,1.14,1.85,4.02,2.2,0.99,2.78,1.39,2.48,14.59,8.22,0.87,8.19,6.39
design_5448,0.91,2.33,1.46,2.06,1.12,0.96,1.18,1.58,15.35,8.54,0.87,27.76,21.02
design_5449,0.95,2.4,1.44,2.04,1.3,0.9,1.21,1.61,14.9,8.36,0.88,21.56,15.7
design_5450,1.02,2.37,0.79,2.15,1.03,1.03,1.12,1.53,16.0,8.66,0.89,21.6,16.2
design_5451,1.07,2.39,1.27,2.12,1.02,1.01,1.2,1.59,16.67,8.93,0.88,26.98,20.57
design_5452,0.91,2.5,1.53,2.03,1.13,1.0,1.18,1.63,15.27,8.38,0.88,24.59,19.03
design_5453,0.85,2.39,1.42,2.14,1.12,1.05,1.19,1.61,14.7,8.29,0.87,20.94,15.5
design_5454,1.08,2.51,2.41,2.63,1.01,1.17,1.4,1.97,16.05,8.76,0.88,14.33,7.49
design_5455,0.98,2.61,1.6,2.14,1.54,0.89,1.28,1.75,15.23,8.51,0.87,33.31,22.41
design_5456,1.15,2.85,1.85,1.48,0.79,2.26,1.15,1.85,17.36,9.41,0.87,13.53,9.16
design_5457,1.18,2.87,1.95,1.88,0.92,2.39,1.25,1.97,16.33,9.02,0.87,12.4,9.73
design_5458,1.33,3.11,2.09,1.89,1.23,2.17,1.3,2.05,16.17,8.99,0.87,32.28,24.61
design_5459,1.28,2.78,2.85,1.82,0.75,2.41,1.29,2.19,14.78,8.25,0.87,33.73,25.23
design_5460,1.25,3.02,3.11,1.91,1.17,2.01,1.37,2.28,17.06,9.46,0.86,27.63,21.72
design_5461,1.04,2.75,4.33,1.61,0.65,1.82,1.43,2.57,15.32,8.4,0.86,26.72,15.11
design_5462,1.14,2.7,1.85,1.84,0.82,1.8,1.2,1.79,16.39,8.91,0.87,16.64,10.65
design_5463,1.19,2.89,1.63,1.69,1.13,2.13,1.19,1.84,15.51,8.66,0.87,9.52,6.17
design_5464,1.44,2.9,2.7,1.93,0.84,2.28,1.37,2.19,15.04,8.52,0.85,32.68,24.63
design_5465,1.42,2.97,3.41,2.08,1.41,2.06,1.49,2.46,14.07,7.98,0.86,16.3,10.94
design_5466,1.43,3.17,3.47,1.85,1.39,2.12,1.48,2.5,13.59,7.66,0.87,7.38,5.44
design_5467,1.49,2.86,2.56,1.84,1.06,2.12,1.37,2.12,15.97,8.72,0.87,13.84,10.82
design_5468,1.37,2.77,2.88,1.82,1.3,1.93,1.35,2.18,14.84,8.14,0.88,14.87,11.34
design_5469,1.4,2.9,3.56,1.99,1.3,1.99,1.47,2.47,15.51,8.55,0.87,8.92,7.09
design_5470,1.44,2.95,2.98,1.91,0.91,1.62,1.36,2.2,14.35,8.19,0.85,14.45,12.02
design_5471,0.76,2.38,3.13,1.84,1.18,2.01,1.33,2.16,15.22,8.42,0.87,16.17,11.97
design_5472,1.68,2.99,2.36,2.38,1.59,1.93,1.43,2.22,15.76,8.59,0.88,28.25,21.74
design_5473,1.77,2.82,2.23,2.2,1.49,1.54,1.35,2.08,14.35,7.99,0.88,28.25,21.64
design_5474,1.8,3.14,2.85,2.23,1.48,1.72,1.49,2.35,14.22,7.87,0.88,25.56,19.42
design_5475,1.78,2.99,2.62,2.48,1.6,1.84,1.46,2.31,12.58,7.2,0.87,27.15,20.89
design_5476,1.52,2.67,4.45,2.32,1.5,1.54,1.55,2.82,15.62,8.52,0.88,27.69,21.61
design_5477,1.5,2.75,4.42,2.09,1.31,1.55,1.54,2.78,15.37,8.41,0.88,29.48,22.72
design_5478,1.63,2.73,1.88,2.09,1.42,1.53,1.28,1.92,14.0,7.9,0.87,26.58,20.04
design_5479,1.85,2.87,2.64,2.42,1.45,1.91,1.46,2.29,12.59,7.18,0.87,26.45,20.24
design_5480,1.08,2.22,1.26,2.02,1.56,1.11,1.08,1.62,13.08,7.35,0.89,4.96,3.47
design_5481,1.15,2.37,1.3,2.54,1.38,1.09,1.16,1.78,12.43,7.05,0.88,5.99,3.94
design_5482,1.17,2.57,0.97,2.45,1.49,1.02,1.22,1.78,9.21,5.75,0.87,6.8,4.49
design_5483,1.1,1.99,1.23,2.34,1.45,1.09,1.13,1.64,13.58,7.55,0.89,6.0,3.86
design_5484,1.1,2.16,1.31,2.58,1.33,1.1,1.13,1.73,13.39,7.49,0.89,3.64,3.21
design_5485,0.86,1.87,1.3,2.2,1.44,1.03,1.02,1.55,11.11,6.56,0.88,5.46,3.33
design_5486,0.98,2.54,1.22,2.27,1.32,1.14,1.22,1.72,15.33,8.26,0.89,9.8,7.77
design_5487,1.16,2.48,2.09,2.34,1.42,1.15,1.22,1.87,13.81,7.79,0.88,7.63,6.26
design_5488,1.1,2.08,3.62,2.1,1.38,1.74,1.45,2.38,14.9,8.68,0.85,8.63,5.64
design_5489,0.93,1.97,5.75,1.58,1.08,1.81,1.7,3.24,16.72,9.26,0.86,34.16,25.78
design_5490,1.21,1.89,5.57,2.14,1.34,2.17,1.77,3.27,9.67,6.4,0.85,29.99,22.02
design_5491,1.02,2.17,3.75,2.06,1.16,2.11,1.49,2.48,16.11,9.22,0.85,15.51,10.04
design_5492,1.15,2.58,2.83,2.34,1.12,2.27,1.44,2.26,17.02,9.59,0.85,21.87,12.78
design_5493,1.11,2.25,4.99,2.07,1.23,1.88,1.68,2.99,14.52,8.4,0.85,30.23,23.47
design_5494,1.19,1.76,5.88,2.03,1.21,1.46,1.75,3.31,11.5,7.03,0.85,30.5,22.0
design_5495,1.11,2.05,3.84,2.15,1.44,2.14,1.53,2.54,15.91,9.0,0.85,9.94,6.61
design_5496,0.89,1.76,1.62,1.81,1.01,2.14,1.12,1.64,17.61,9.75,0.86,10.2,7.59
design_5497,1.01,2.24,1.79,1.93,0.78,1.67,1.17,1.67,17.96,9.79,0.86,15.46,11.8
design_5498,1.01,1.92,0.98,1.8,0.85,2.04,1.08,1.49,17.32,9.64,0.86,13.58,9.59
design_5499,0.84,2.47,3.37,1.84,0.72,2.05,1.41,2.3,15.75,8.9,0.85,28.42,20.67
design_5500,1.0,1.67,2.11,1.66,1.15,2.2,1.19,1.78,17.63,9.8,0.86,25.35,17.63
design_5501,1.02,2.07,1.75,2.28,0.82,1.88,1.26,1.74,18.68,10.07,0.86,21.06,16.89
design_5502,0.96,1.85,1.49,1.91,0.88,2.3,1.19,1.67,16.97,9.44,0.86,16.3,10.79
design_5503,0.8,1.58,3.47,1.72,1.23,1.95,1.31,2.24,18.25,10.0,0.86,30.33,22.89
design_5504,0.97,1.68,1.66,2.49,0.83,1.35,1.17,1.61,4.98,4.24,0.87,4.03,2.67
design_5505,1.06,1.6,1.28,2.87,1.23,1.58,1.22,1.72,4.31,3.97,0.87,4.93,3.37
design_5506,1.2,2.13,1.41,2.9,1.04,1.56,1.32,1.82,4.35,3.93,0.87,3.03,2.71
design_5507,0.89,1.56,1.07,2.64,1.09,1.23,1.13,1.54,4.69,4.15,0.87,4.28,2.9
design_5508,1.13,1.94,1.49,2.85,0.9,1.08,1.25,1.72,12.56,7.21,0.87,11.04,6.53
design_5509,1.31,1.7,2.12,2.51,1.06,1.65,1.29,1.82,4.71,3.98,0.87,3.52,2.32
design_5510,1.15,1.64,1.0,2.69,1.26,1.38,1.19,1.62,4.6,4.15,0.87,3.87,2.83
design_5511,0.93,1.78,1.15,2.69,1.19,1.15,1.17,1.6,9.21,6.0,0.85,5.89,3.85
design_5512,1.3,2.71,2.63,1.86,1.26,2.47,1.32,2.17,16.34,9.14,0.86,33.74,27.1
design_5513,2.04,2.96,3.03,2.26,1.79,2.57,1.58,2.52,13.82,7.92,0.86,32.22,23.71
design_5514,1.98,3.07,2.94,2.02,1.79,2.71,1.55,2.5,11.69,7.27,0.84,25.2,18.92
design_5515,1.74,2.69,1.55,1.98,1.22,2.77,1.33,2.09,15.69,8.88,0.86,31.44,22.54
design_5516,1.81,2.63,2.82,2.24,1.58,3.5,1.59,2.6,12.31,7.5,0.85,29.93,23.07
design_5517,1.41,2.38,1.22,1.9,1.08,2.88,1.26,1.95,17.12,9.53,0.86,29.55,22.58
design_5518,1.73,2.97,2.1,2.09,1.37,5.51,1.71,3.12,14.55,8.22,0.86,29.67,22.81
design_5519,1.56,3.03,2.69,1.93,1.33,4.95,1.65,2.99,16.04,9.15,0.85,31.47,23.98
design_5520,1.15,1.58,4.58,1.72,1.11,1.36,1.47,2.61,15.96,9.05,0.85,9.46,8.37
design_5521,1.14,1.67,2.58,2.04,0.78,2.61,1.36,2.06,13.42,8.04,0.84,7.35,4.62
design_5522,1.14,1.8,2.38,2.28,1.04,2.94,1.42,2.15,16.41,9.2,0.86,28.28,20.27
design_5523,0.87,1.39,5.14,1.64,0.83,1.57,1.53,2.84,14.67,8.48,0.85,8.76,6.88
design_5524,1.28,1.96,3.58,2.08,0.85,1.92,1.44,2.33,16.75,9.48,0.85,14.28,10.43
design_5525,1.03,1.73,3.5,2.13,1.05,1.83,1.41,2.27,15.91,9.1,0.85,29.2,20.64
design_5526,1.03,1.48,2.76,1.94,0.74,2.39,1.28,2.03,12.53,7.72,0.84,3.74,3.47
design_5527,1.13,1.81,2.38,2.32,0.87,2.39,1.36,2.01,18.51,9.94,0.86,29.3,21.28
design_5528,1.17,2.56,2.37,1.86,1.18,1.82,1.22,1.88,17.33,9.6,0.87,33.38,25.58
design_5529,1.23,2.23,2.2,2.21,1.08,2.12,1.18,1.91,13.35,7.87,0.86,28.15,22.74
design_5530,1.12,2.85,2.8,2.07,1.14,2.26,1.32,2.13,15.67,8.61,0.88,22.2,17.04
design_5531,1.16,2.51,2.45,1.83,1.0,2.47,1.25,2.0,17.66,9.64,0.87,29.55,21.86
design_5532,1.1,2.63,2.44,1.92,1.28,2.07,1.26,1.97,17.37,9.56,0.87,17.68,12.82
design_5533,1.11,2.44,2.27,1.96,1.43,2.11,1.17,1.93,15.77,8.88,0.86,21.86,16.74
design_5534,1.19,2.43,2.4,1.74,1.41,1.88,1.18,1.88,16.07,9.05,0.86,29.66,22.96
design_5535,1.26,2.83,2.4,1.86,1.34,1.73,1.28,1.96,16.1,9.07,0.86,10.52,6.72
design_5536,1.37,2.16,3.11,1.58,0.91,5.34,1.7,3.25,18.37,10.3,0.85,9.82,9.35
design_5537,1.44,2.01,3.21,1.62,1.0,5.87,1.77,3.5,18.86,10.57,0.85,19.55,15.65
design_5538,1.4,2.45,1.77,2.03,1.04,7.87,2.15,4.43,17.65,10.03,0.85,19.85,15.78
design_5539,1.38,2.26,3.31,1.66,1.0,5.41,1.72,3.33,16.82,9.59,0.86,14.91,13.23
design_5540,1.49,2.86,3.08,1.55,0.92,6.34,1.88,3.78,16.1,9.48,0.83,25.91,20.13
design_5541,1.64,2.07,3.34,1.59,0.91,4.99,1.66,3.13,17.06,9.79,0.85,11.89,9.35
design_5542,1.34,2.71,2.85,1.58,0.84,4.91,1.59,3.08,17.25,9.98,0.84,25.56,19.89
design_5543,1.39,2.2,3.25,1.06,0.76,6.34,1.8,3.7,16.44,9.56,0.84,30.77,22.11
design_5544,0.79,1.79,1.04,1.74,1.03,7.47,2.06,4.17,17.74,10.14,0.84,32.93,23.85
design_5545,0.88,1.77,1.46,1.66,1.0,8.02,2.17,4.47,17.94,10.26,0.84,37.14,25.77
design_5546,0.73,1.35,1.09,1.65,0.77,7.71,2.05,4.26,17.04,9.77,0.85,18.85,14.38
design_5547,0.81,1.76,3.81,1.71,0.82,3.05,1.32,2.38,14.4,8.81,0.83,17.16,12.24
design_5548,1.12,1.33,1.37,1.9,1.05,4.23,1.35,2.56,12.88,8.09,0.83,23.01,17.87
design_5549,0.88,1.48,1.3,1.61,0.8,6.75,1.84,3.78,17.52,10.09,0.84,23.11,16.89
design_5550,0.84,1.81,1.23,1.65,0.79,7.54,2.06,4.2,16.38,9.54,0.83,18.31,11.07
design_5551,1.01,1.15,1.22,1.73,0.99,6.36,1.75,3.58,13.19,8.18,0.84,22.08,17.01
design_5552,1.45,1.15,5.07,1.98,1.04,1.91,1.62,2.94,15.13,8.79,0.85,17.34,13.45
design_5553,1.44,1.77,2.42,1.87,1.23,3.02,1.46,2.2,14.85,8.77,0.84,11.85,9.25
design_5554,0.69,1.25,5.23,1.6,1.54,1.98,1.61,2.98,14.96,8.7,0.85,8.38,7.16
design_5555,1.36,2.09,2.12,1.69,1.09,3.19,1.41,2.18,6.47,5.35,0.84,3.63,3.66
design_5556,1.63,1.96,2.05,2.29,1.38,4.66,1.73,2.77,17.61,9.71,0.85,23.83,17.49
design_5557,1.44,1.94,1.39,1.81,0.99,3.02,1.35,1.95,16.53,9.5,0.84,15.33,8.39
design_5558,1.34,1.76,2.46,1.72,1.06,2.72,1.44,2.09,8.08,5.96,0.84,5.04,4.44
design_5559,1.17,1.61,2.38,1.78,0.93,3.5,1.42,2.28,17.0,9.64,0.85,10.75,6.67
design_5560,1.57,2.05,2.05,2.01,1.15,1.55,1.2,1.81,16.28,8.72,0.89,18.66,12.65
design_5561,1.47,2.08,1.67,2.18,1.46,1.6,1.21,1.76,16.26,8.72,0.88,21.81,14.91
design_5562,1.28,2.24,1.64,2.22,0.99,1.47,1.18,1.7,17.41,9.21,0.88,14.35,9.32
design_5563,1.33,2.39,2.1,1.9,0.9,1.51,1.17,1.81,15.43,8.23,0.89,26.03,19.29
design_5564,1.43,2.19,2.08,1.9,0.99,1.49,1.17,1.79,15.94,8.48,0.89,26.65,16.16
design_5565,1.36,2.22,2.25,1.93,1.33,1.63,1.2,1.89,14.4,7.83,0.88,20.45,14.03
design_5566,1.16,2.31,1.89,2.01,1.04,1.56,1.14,1.75,15.14,8.17,0.88,15.52,10.21
design_5567,1.33,2.19,1.91,1.93,0.86,1.54,1.12,1.72,15.81,8.41,0.89,21.34,13.57
design_5568,2.06,2.49,3.8,2.8,1.21,1.53,1.58,2.51,14.04,7.84,0.88,11.88,9.34
design_5569,1.6,2.52,3.07,2.69,0.86,1.15,1.41,2.18,14.66,8.4,0.87,11.52,8.17
design_5570,1.23,2.26,1.55,2.75,1.0,1.54,1.27,1.84,12.23,7.19,0.86,16.57,12.48
design_5571,1.78,2.6,1.39,2.77,1.14,1.24,1.37,1.94,12.38,7.32,0.86,5.83,4.12
design_5572,1.38,2.48,2.22,2.62,1.02,1.67,1.34,2.0,15.58,8.56,0.88,8.02,6.25
design_5573,1.16,2.08,1.48,2.41,1.17,1.11,1.17,1.65,15.31,8.5,0.88,10.46,7.59
design_5574,1.74,2.18,3.52,2.3,0.93,0.86,1.34,2.17,13.43,7.74,0.87,23.38,17.75
design_5575,1.64,2.03,3.84,2.45,1.0,1.17,1.38,2.28,13.31,7.65,0.87,4.93,4.63
design_5576,0.8,1.65,4.04,2.2,0.82,1.05,1.29,2.21,6.57,4.85,0.86,7.11,5.8
design_5577,0.99,1.71,3.65,2.21,1.06,1.23,1.31,2.12,13.63,7.77,0.87,8.62,6.32
design_5578,0.83,1.57,3.79,1.99,0.91,1.18,1.25,2.1,11.52,6.85,0.86,8.38,7.15
design_5579,0.86,1.71,4.26,2.23,0.97,1.32,1.37,2.34,13.71,7.8,0.87,9.29,7.57
design_5580,0.93,1.71,3.7,2.18,1.18,1.11,1.31,2.13,12.93,7.49,0.86,6.94,6.03
design_5581,1.04,2.11,1.12,2.47,0.82,1.15,1.19,1.57,14.85,8.32,0.87,15.54,10.2
design_5582,0.89,1.71,4.38,2.2,0.93,1.16,1.36,2.36,14.24,7.93,0.88,6.14,5.63
design_5583,1.06,1.76,4.37,2.16,1.21,1.12,1.42,2.39,13.14,7.36,0.88,9.68,8.05
design_5584,1.62,2.42,1.89,2.08,1.21,3.45,1.41,2.35,18.78,10.57,0.84,35.03,24.45
design_5585,1.37,2.14,3.54,1.9,1.25,4.26,1.61,2.99,17.13,9.89,0.84,27.18,21.12
design_5586,1.52,2.26,2.49,2.24,1.47,3.61,1.49,2.55,16.76,9.64,0.84,22.03,16.71
design_5587,1.68,2.3,2.1,2.19,1.17,3.65,1.5,2.47,18.69,10.44,0.84,21.55,12.12
design_5588,1.47,2.2,2.15,2.0,1.26,4.48,1.54,2.74,15.98,9.42,0.83,25.3,18.85
design_5589,1.45,2.41,2.16,2.29,1.48,3.52,1.48,2.46,14.17,8.53,0.83,16.79,11.44
design_5590,1.73,2.46,2.43,2.32,1.28,3.47,1.53,2.53,16.79,9.69,0.83,23.57,17.56
design_5591,1.43,2.12,2.49,2.06,1.27,2.95,1.36,2.28,6.7,5.44,0.84,5.34,3.85
design_5592,1.16,1.69,1.25,2.04,0.93,1.64,1.06,1.48,16.03,8.6,0.89,9.46,6.63
design_5593,1.05,1.83,1.43,2.05,0.97,1.79,1.09,1.56,4.38,3.78,0.88,6.29,4.81
design_5594,1.46,1.48,0.52,2.16,1.01,1.79,1.07,1.44,5.91,4.39,0.87,23.77,16.15
design_5595,1.12,1.77,1.26,2.03,0.85,1.22,1.0,1.42,15.1,8.26,0.87,11.02,8.03
design_5596,1.27,1.62,0.75,1.97,1.13,1.67,1.05,1.4,4.36,3.68,0.88,29.97,21.49
design_5597,1.13,2.0,1.27,2.45,1.43,1.88,1.15,1.71,4.91,3.93,0.88,3.16,2.97
design_5598,1.16,1.98,1.41,2.25,1.06,1.73,1.16,1.63,4.68,3.84,0.88,4.13,2.97
design_5599,1.32,1.94,1.27,2.21,1.3,2.02,1.15,1.68,5.07,4.03,0.88,4.5,3.58
design_5600,1.52,1.87,1.47,2.32,0.97,2.19,1.23,1.8,18.39,10.05,0.87,15.18,9.65
design_5601,1.24,1.95,2.43,2.6,1.3,2.12,1.35,2.06,14.59,8.38,0.85,13.49,10.48
design_5602,1.8,2.51,1.91,2.87,1.16,2.37,1.54,2.18,16.77,9.24,0.86,22.9,14.28
design_5603,1.58,2.27,1.55,2.57,1.08,2.04,1.39,1.9,17.45,9.6,0.86,13.58,9.82
design_5604,1.41,1.99,2.09,2.44,0.89,1.61,1.27,1.83,14.19,8.24,0.85,21.37,13.67
design_5605,1.28,2.44,1.44,2.37,0.96,2.33,1.29,1.89,18.32,10.09,0.86,20.49,13.4
design_5606,1.94,2.44,2.06,2.94,1.17,3.63,1.66,2.55,16.59,9.17,0.86,15.6,10.22
design_5607,1.56,2.1,1.72,2.6,1.13,2.1,1.37,1.93,15.26,8.78,0.85,7.13,6.04
design_5608,1.17,1.97,3.22,1.98,0.89,5.96,1.84,3.62,15.44,9.21,0.83,7.93,6.74
design_5609,1.15,1.83,4.03,1.72,0.76,7.83,2.19,4.59,12.8,8.04,0.83,9.47,8.15
design_5610,1.07,2.03,4.28,1.84,0.85,7.87,2.25,4.66,18.29,10.22,0.84,18.11,13.16
design_5611,1.2,1.96,1.87,1.82,1.0,8.84,2.36,4.94,13.82,8.37,0.83,10.28,9.16
design_5612,1.03,1.91,2.81,1.94,1.06,8.5,2.33,4.83,18.17,10.33,0.85,17.77,16.14
design_5613,1.02,2.02,0.91,2.23,1.04,9.1,2.46,5.06,16.87,9.73,0.84,19.65,14.33
design_5614,1.11,1.86,3.35,1.87,0.97,7.88,2.2,4.56,16.96,9.84,0.83,8.77,7.44
design_5615,1.43,2.27,1.12,2.32,1.08,9.12,2.51,5.12,15.69,9.24,0.83,24.2,16.23
design_5616,2.19,3.26,3.07,3.08,1.2,2.51,1.73,2.68,16.66,8.94,0.87,26.35,18.68
design_5617,2.18,3.09,2.3,2.46,1.14,1.8,1.44,2.24,15.66,8.49,0.87,19.66,15.71
design_5618,1.62,3.03,2.58,2.17,1.3,2.57,1.41,2.3,16.43,9.05,0.87,30.36,23.28
design_5619,1.8,3.07,1.46,2.06,1.34,2.37,1.36,2.06,17.22,9.44,0.87,28.79,22.28
design_5620,1.75,3.09,1.69,2.52,1.38,2.5,1.45,2.21,17.03,9.28,0.88,26.27,20.37
design_5621,1.76,3.28,1.78,2.57,1.17,2.52,1.47,2.25,17.35,9.45,0.87,30.11,23.58
design_5622,1.69,3.31,1.57,2.22,1.34,2.44,1.41,2.15,17.93,9.68,0.87,35.26,27.93
design_5623,1.66,2.85,2.6,2.15,1.21,2.49,1.39,2.26,15.79,8.77,0.87,30.88,23.99
design_5624,1.0,1.62,1.27,2.12,1.19,0.94,1.1,1.42,16.46,8.69,0.89,12.62,9.46
design_5625,1.08,1.81,1.03,2.16,1.02,1.05,1.13,1.42,15.09,8.12,0.88,13.25,9.38
design_5626,0.95,1.24,1.88,1.74,1.19,0.95,1.01,1.44,13.26,7.4,0.88,6.16,5.86
design_5627,1.11,1.87,1.55,2.22,1.25,1.05,1.18,1.59,14.31,7.9,0.87,23.07,17.51
design_5628,0.99,1.34,0.72,1.77,0.96,0.87,0.95,1.15,14.83,8.01,0.88,9.88,8.29
design_5629,1.17,1.92,1.3,2.18,1.31,1.03,1.15,1.54,17.0,8.97,0.89,12.13,8.22
design_5630,1.11,1.55,1.15,1.99,0.96,1.1,1.07,1.36,14.68,7.95,0.88,29.4,22.12
design_5631,1.11,1.75,1.35,2.28,1.15,1.24,1.18,1.54,15.83,8.41,0.89,33.65,24.72
design_5632,1.04,1.79,2.48,2.84,0.89,1.44,1.39,1.91,15.94,8.59,0.88,25.09,19.77
design_5633,0.99,1.2,2.06,2.07,0.89,1.12,1.1,1.49,17.59,9.3,0.88,30.11,23.8
design_5634,0.91,1.35,2.07,1.99,1.2,1.15,1.09,1.52,17.05,9.2,0.88,28.4,22.26
design_5635,0.84,1.52,1.76,2.1,1.06,1.1,1.12,1.48,17.14,9.2,0.88,28.85,22.54
design_5636,1.16,1.63,2.22,2.54,0.97,1.12,1.3,1.74,16.33,8.78,0.89,12.82,12.58
design_5637,1.13,1.54,2.13,2.44,0.86,1.1,1.27,1.67,15.38,8.39,0.88,19.59,17.07
design_5638,0.94,1.38,1.56,1.95,0.92,1.11,1.06,1.38,17.63,9.38,0.88,20.3,15.39
design_5639,1.07,1.51,1.4,2.19,0.91,1.07,1.15,1.45,15.4,8.43,0.88,14.61,13.42
design_5640,1.91,1.97,0.69,2.51,1.26,2.77,1.26,1.92,13.95,8.11,0.85,15.95,11.02
design_5641,1.9,2.09,0.74,2.53,1.49,2.59,1.3,1.92,13.59,8.06,0.84,21.31,13.4
design_5642,1.75,1.93,0.86,2.29,1.54,4.01,1.35,2.28,16.63,9.27,0.86,30.55,22.54
design_5643,2.01,2.18,1.33,2.57,1.55,3.04,1.38,2.16,15.71,8.92,0.85,32.17,23.76
design_5644,1.89,1.97,5.14,2.57,1.53,3.24,1.83,3.37,11.32,7.14,0.84,29.48,22.53
design_5645,2.09,2.25,0.67,2.59,1.4,2.48,1.3,1.94,13.47,7.96,0.85,9.01,7.44
design_5646,1.64,1.87,0.96,2.56,1.5,2.96,1.27,1.99,15.42,8.79,0.85,19.24,14.14
design_5647,2.01,2.36,3.48,2.63,1.63,2.75,1.6,2.7,14.93,8.66,0.85,32.96,24.98
design_5648,1.09,1.75,1.16,1.75,0.97,6.6,1.75,3.55,10.43,6.92,0.84,3.83,3.91
design_5649,0.83,1.7,0.93,1.83,1.45,5.6,1.58,3.08,7.79,5.86,0.84,2.63,3.26
design_5650,0.86,1.73,1.0,1.75,1.16,5.58,1.55,3.06,9.67,6.67,0.83,3.45,3.4
design_5651,1.16,1.85,1.25,2.36,0.91,7.06,1.86,3.83,10.71,7.01,0.84,5.04,4.18
design_5652,0.9,1.76,1.15,1.84,1.23,5.91,1.64,3.23,8.56,6.16,0.84,2.69,3.55
design_5653,0.86,1.43,0.86,1.78,0.8,5.94,1.59,3.18,8.66,6.3,0.83,4.08,3.51
design_5654,1.49,2.2,2.12,2.09,1.09,7.18,1.96,3.96,13.26,8.06,0.85,29.58,23.55
design_5655,0.85,1.75,1.27,1.88,1.24,6.09,1.68,3.32,9.95,6.67,0.84,3.02,3.86
design_5656,0.79,1.31,2.38,1.86,1.45,6.69,1.88,3.74,7.23,5.49,0.84,2.44,3.62
design_5657,0.89,1.54,2.38,1.92,1.25,6.47,1.86,3.64,6.39,5.24,0.84,2.44,3.54
design_5658,1.55,1.71,4.32,2.46,1.18,5.06,1.84,3.41,14.84,8.76,0.84,21.74,17.01
design_5659,1.07,1.44,2.97,2.2,1.05,5.03,1.6,3.08,13.76,8.36,0.84,3.77,4.08
design_5660,0.86,1.23,2.34,1.87,1.32,6.34,1.76,3.56,8.07,6.08,0.83,5.25,3.93
design_5661,0.83,1.31,2.36,1.8,1.1,6.45,1.82,3.6,7.98,5.91,0.84,2.65,3.52
design_5662,1.2,1.47,1.9,1.88,1.73,7.28,1.97,4.02,7.4,5.75,0.83,2.17,3.88
design_5663,1.14,1.41,2.92,1.77,0.99,4.39,1.48,2.75,14.14,8.52,0.84,5.2,4.12
design_5664,1.13,1.77,1.19,2.04,1.12,3.17,1.3,2.01,12.43,7.79,0.84,5.4,4.42
design_5665,1.32,1.85,2.11,1.69,1.22,3.17,1.36,2.17,16.86,9.56,0.85,14.16,9.1
design_5666,0.95,1.51,0.9,1.49,1.42,3.12,1.12,1.87,6.9,5.46,0.85,7.12,4.17
design_5667,1.3,1.92,1.15,1.79,1.25,3.0,1.29,1.95,11.09,7.26,0.83,3.39,2.66
design_5668,0.99,1.57,0.77,1.61,0.9,3.05,1.11,1.81,9.62,6.64,0.84,7.91,4.62
design_5669,1.25,1.99,1.18,1.75,1.29,3.38,1.33,2.1,17.5,9.83,0.85,27.23,20.83
design_5670,1.22,1.81,1.28,1.99,1.07,2.87,1.29,1.91,18.73,10.37,0.85,20.4,15.48
design_5671,1.19,1.87,1.25,1.78,1.3,4.05,1.4,2.36,18.09,10.05,0.85,12.63,9.32
design_5672,1.06,2.96,0.71,1.36,0.6,1.61,1.1,1.55,18.55,10.16,0.85,20.03,15.81
design_5673,1.24,2.72,0.89,1.65,0.96,1.87,1.14,1.66,15.43,8.94,0.85,14.96,11.19
design_5674,1.18,2.7,1.07,1.62,1.03,2.22,1.19,1.76,13.79,8.11,0.85,32.29,22.85
design_5675,1.49,3.05,0.96,2.13,1.08,1.79,1.38,1.84,17.57,9.78,0.86,21.05,16.22
design_5676,1.48,3.07,1.01,2.3,1.21,1.88,1.44,1.91,15.59,8.81,0.86,14.98,13.01
design_5677,1.58,3.21,0.57,2.19,1.04,1.9,1.42,1.9,13.88,8.21,0.84,20.08,14.71
design_5678,1.22,2.84,0.46,1.55,0.76,2.06,1.19,1.67,14.66,8.58,0.84,20.57,15.47
design_5679,1.39,2.93,0.62,1.87,1.6,1.8,1.32,1.79,12.13,7.43,0.85,27.74,21.36
design_5680,1.26,2.28,2.31,1.78,1.23,2.32,1.25,1.96,13.65,7.95,0.85,8.59,7.25
design_5681,1.19,2.4,1.94,1.84,0.98,2.11,1.23,1.82,17.83,9.52,0.86,16.29,10.87
design_5682,1.44,2.3,1.91,1.82,1.18,2.55,1.21,1.93,16.72,9.18,0.87,11.08,8.66
design_5683,1.29,2.07,1.94,2.0,1.2,2.53,1.19,1.91,16.52,9.12,0.87,17.12,12.28
design_5684,1.61,2.61,1.37,2.27,1.34,3.37,1.46,2.18,15.59,8.66,0.87,23.05,17.39
design_5685,1.43,2.4,3.1,2.15,1.24,2.1,1.39,2.25,17.12,9.38,0.87,11.43,8.02
design_5686,1.29,2.69,1.85,2.02,0.93,1.88,1.24,1.85,16.82,9.1,0.86,5.46,5.44
design_5687,1.28,2.29,1.66,2.04,1.27,2.7,1.26,1.93,15.7,8.69,0.87,8.73,7.05
design_5688,1.17,1.6,2.52,2.11,1.67,7.01,1.79,3.65,11.09,6.63,0.87,25.99,19.76
design_5689,0.91,1.66,2.8,1.63,1.07,5.89,1.57,3.14,11.78,7.03,0.86,25.81,20.06
design_5690,1.12,1.47,2.74,1.56,1.58,7.12,1.8,3.66,13.48,7.59,0.88,25.24,19.54
design_5691,1.03,1.9,2.75,2.16,1.44,5.98,1.65,3.27,16.9,9.25,0.87,32.0,23.82
design_5692,1.33,2.17,2.62,1.67,1.04,7.39,1.89,3.8,15.43,8.57,0.87,37.52,25.44
design_5693,1.21,1.9,2.5,1.63,1.12,2.91,1.24,2.06,16.9,9.39,0.85,14.5,11.9
design_5694,0.95,1.56,2.74,1.78,0.92,5.74,1.54,3.07,11.6,7.16,0.85,25.89,20.32
design_5695,1.11,1.95,2.82,1.93,1.35,5.77,1.68,3.18,16.09,8.81,0.87,33.03,23.36
design_5696,0.82,0.84,2.92,1.67,0.9,5.43,1.59,3.09,12.4,7.7,0.84,15.04,8.27
design_5697,0.76,0.76,1.91,2.09,0.77,3.51,1.3,2.16,10.06,6.47,0.86,12.2,6.47
design_5698,1.02,0.75,1.96,1.75,0.86,3.14,1.2,1.98,12.44,7.7,0.85,10.14,5.71
design_5699,0.82,0.75,1.9,1.72,0.95,4.18,1.31,2.41,15.22,9.02,0.84,12.99,6.96
design_5700,0.99,0.58,1.64,1.86,1.05,4.61,1.4,2.61,7.19,5.65,0.84,15.11,7.5
design_5701,0.74,0.62,1.2,1.72,0.94,5.07,1.44,2.77,10.09,6.83,0.84,5.38,3.56
design_5702,1.04,1.37,3.61,1.91,1.18,6.18,1.83,3.58,13.8,7.96,0.86,13.33,7.11
design_5703,0.95,0.88,2.64,1.95,1.11,4.74,1.53,2.79,6.38,5.2,0.85,5.51,3.45
design_5704,1.53,2.55,2.68,2.26,1.08,2.93,1.48,2.38,16.84,9.53,0.85,15.53,12.9
design_5705,1.17,2.41,2.66,2.18,1.07,3.36,1.48,2.44,17.16,9.69,0.85,15.01,12.18
design_5706,1.48,2.58,2.58,2.34,1.65,3.54,1.57,2.59,15.56,8.94,0.85,29.71,22.26
design_5707,1.28,2.21,2.22,1.74,0.93,3.03,1.27,2.15,17.23,9.73,0.85,30.3,23.15
design_5708,1.46,2.56,2.54,2.21,0.97,3.37,1.48,2.46,13.06,7.91,0.84,28.58,21.57
design_5709,1.53,2.65,2.8,2.35,1.02,2.92,1.53,2.43,17.63,9.78,0.85,13.21,10.56
design_5710,1.57,2.67,2.57,2.3,1.08,3.52,1.55,2.55,15.17,8.79,0.85,6.85,6.74
design_5711,1.07,1.92,2.03,1.61,0.92,2.84,1.2,1.98,17.1,9.6,0.85,32.01,27.11
design_5712,7.87,18.56,12.21,26.61,10.75,24.41,14.85,18.26,16.47,9.24,0.85,27.03,18.85
design_5713,8.62,20.35,13.01,27.12,12.5,24.83,15.05,19.05,13.06,8.15,0.83,28.7,20.19
design_5714,8.6,20.02,12.54,26.97,12.39,24.6,14.99,18.83,12.94,8.12,0.83,28.96,20.25
design_5715,8.65,20.58,11.97,27.19,12.95,23.87,14.96,18.74,12.73,8.2,0.82,26.89,17.34
design_5716,8.2,18.79,11.87,26.45,11.53,24.16,14.82,18.22,13.43,8.16,0.84,26.93,18.14
design_5717,8.0,18.44,11.68,26.44,10.99,24.25,14.78,18.11,10.67,6.79,0.85,27.68,18.64
design_5718,8.7,20.43,13.09,27.04,12.42,24.57,15.05,18.99,15.88,9.37,0.83,29.21,18.86
design_5719,8.12,19.19,10.78,26.84,11.88,24.0,14.84,18.2,12.88,8.0,0.83,27.0,18.12
design_5720,2.61,2.51,1.99,2.53,1.52,1.34,1.59,2.18,16.08,8.66,0.89,17.97,14.44
design_5721,2.68,2.89,2.22,2.64,2.0,1.38,1.74,2.39,16.06,8.69,0.88,32.69,23.49
design_5722,2.36,3.71,2.11,2.91,1.56,1.27,1.79,2.48,16.35,8.8,0.89,30.3,25.83
design_5723,2.68,3.2,1.86,2.87,1.54,1.41,1.75,2.39,15.78,8.58,0.88,20.57,15.98
design_5724,2.56,2.78,2.2,2.91,1.93,1.42,1.72,2.39,12.32,7.24,0.86,32.82,24.61
design_5725,2.62,3.22,1.85,2.8,1.66,1.47,1.69,2.39,16.8,8.95,0.89,30.59,23.83
design_5726,2.74,4.36,1.88,3.16,1.59,1.43,1.91,2.75,15.52,8.44,0.88,34.71,24.65
design_5727,2.49,3.04,2.1,2.78,1.64,1.43,1.72,2.35,17.87,9.43,0.88,31.26,23.16
design_5728,1.31,2.51,2.4,2.11,1.02,2.02,1.36,2.03,13.19,7.94,0.84,5.86,4.74
design_5729,1.06,2.31,2.85,1.96,1.42,2.09,1.3,2.14,13.81,8.14,0.84,14.93,10.44
design_5730,1.21,2.53,2.71,2.17,0.68,2.14,1.34,2.13,8.32,5.97,0.84,16.22,10.52
design_5731,1.14,2.74,3.26,2.27,1.04,3.99,1.58,2.76,14.15,8.36,0.84,17.44,11.83
design_5732,1.07,2.32,4.35,1.96,0.89,1.57,1.49,2.63,12.14,7.44,0.84,15.08,10.14
design_5733,0.83,2.54,3.43,2.17,1.1,1.89,1.4,2.35,10.41,6.8,0.84,16.33,10.72
design_5734,1.27,2.35,2.76,2.09,1.06,2.15,1.35,2.14,7.6,5.58,0.85,17.75,11.44
design_5735,1.29,2.27,3.03,2.08,1.16,2.33,1.38,2.26,15.87,8.98,0.85,28.91,20.96
design_5736,1.18,1.73,0.77,1.75,1.2,7.46,1.97,3.99,17.64,9.96,0.86,9.49,11.17
design_5737,1.09,1.96,0.63,1.72,1.2,5.62,1.62,3.1,17.19,9.8,0.85,32.28,23.46
design_5738,1.26,1.76,0.38,2.16,1.08,2.96,1.26,1.96,17.71,9.96,0.86,27.13,20.81
design_5739,1.24,1.94,0.84,1.9,1.2,3.46,1.31,2.17,18.16,10.19,0.85,12.48,10.0
design_5740,1.25,2.05,0.48,1.97,1.16,3.77,1.4,2.3,15.83,9.14,0.85,20.83,15.79
design_5741,1.21,1.74,0.42,1.72,1.1,5.81,1.63,3.17,17.64,9.98,0.86,28.26,22.1
design_5742,1.14,1.91,0.42,1.81,1.14,7.26,1.94,3.89,18.31,10.2,0.86,27.94,21.88
design_5743,1.21,1.61,0.49,1.77,1.13,5.15,1.52,2.86,17.5,9.86,0.86,26.43,20.53
design_5744,1.8,2.06,2.72,2.58,2.24,4.8,1.66,3.0,4.57,4.36,0.85,5.32,4.56
design_5745,1.23,2.43,2.15,2.16,0.93,5.02,1.6,2.8,12.95,7.99,0.84,18.72,12.18
design_5746,1.0,1.89,2.35,2.37,1.6,5.2,1.58,2.9,4.65,4.43,0.85,4.99,4.31
design_5747,1.02,1.82,4.51,1.98,1.0,4.2,1.63,3.11,12.75,7.85,0.84,10.26,7.16
design_5748,1.43,1.74,1.22,2.28,0.86,5.2,1.48,2.69,4.89,4.52,0.85,5.39,3.97
design_5749,1.09,2.29,2.67,2.09,0.7,4.97,1.58,2.85,12.25,7.72,0.84,10.17,6.94
design_5750,1.09,2.1,2.07,2.12,1.05,4.92,1.5,2.71,16.04,9.3,0.85,13.41,10.56
design_5751,1.19,2.71,3.32,2.26,0.77,4.97,1.72,3.08,17.83,10.0,0.85,15.94,11.94
design_5752,0.78,1.9,0.73,1.59,0.99,3.25,1.18,1.96,16.74,9.66,0.85,15.68,12.99
design_5753,1.0,2.32,1.58,1.87,1.07,3.29,1.32,2.18,17.76,10.07,0.85,14.48,12.0
design_5754,0.67,2.17,1.05,1.65,0.82,4.66,1.42,2.63,17.98,10.12,0.85,20.3,14.78
design_5755,1.09,2.38,1.96,2.03,1.18,3.28,1.43,2.27,19.32,10.66,0.85,25.43,18.58
design_5756,0.86,2.61,4.58,1.91,0.74,6.09,2.01,3.88,15.19,8.77,0.84,25.89,17.58
design_5757,1.14,2.51,1.72,1.8,0.96,3.01,1.35,2.12,15.31,8.93,0.85,29.73,22.06
design_5758,0.98,2.5,1.24,1.89,0.93,2.63,1.29,1.91,17.28,9.76,0.85,16.47,12.4
design_5759,1.2,2.69,0.91,1.77,0.97,2.93,1.34,2.02,15.9,9.2,0.85,24.46,17.02
design_5760,1.19,2.13,2.41,2.38,0.74,2.28,1.32,2.03,17.05,9.26,0.85,34.86,24.69
design_5761,1.25,2.3,1.51,2.29,0.73,2.28,1.28,1.84,15.41,8.69,0.85,21.35,15.18
design_5762,1.16,2.23,2.31,2.23,0.84,1.87,1.26,1.9,18.4,9.92,0.86,9.02,8.01
design_5763,1.16,1.91,1.78,1.99,0.68,1.82,1.11,1.66,16.79,9.23,0.85,14.93,9.35
design_5764,1.21,2.68,2.78,2.6,0.97,1.99,1.46,2.21,14.63,8.42,0.85,14.09,9.98
design_5765,1.24,2.49,2.78,2.65,0.82,2.13,1.43,2.21,15.12,8.46,0.85,26.12,19.33
design_5766,1.31,2.66,2.09,2.63,1.07,1.77,1.43,2.01,13.84,8.14,0.84,6.53,4.27
design_5767,1.3,2.36,1.46,1.97,1.0,1.77,1.17,1.69,16.91,9.43,0.86,18.22,13.59
design_5768,0.79,1.53,1.27,1.87,0.93,2.33,1.08,1.62,12.65,7.82,0.85,5.79,4.38
design_5769,0.81,1.48,1.4,2.06,1.14,2.12,1.1,1.62,12.28,7.59,0.85,5.69,3.79
design_5770,0.66,1.39,3.03,1.93,1.06,2.15,1.18,1.84,17.47,9.59,0.87,16.08,15.8
design_5771,0.95,1.6,1.07,1.96,1.04,2.37,1.12,1.67,15.5,8.94,0.85,12.66,8.08
design_5772,0.83,1.17,2.82,2.15,1.01,2.23,1.18,1.84,17.63,9.58,0.87,30.88,23.95
design_5773,0.86,1.58,1.01,2.13,1.12,2.58,1.16,1.76,15.21,8.81,0.86,5.09,4.35
design_5774,1.11,1.2,2.84,1.87,0.97,2.14,1.16,1.79,16.04,8.96,0.86,20.82,17.09
design_5775,0.82,1.27,2.61,2.18,0.86,2.32,1.19,1.83,17.41,9.58,0.87,26.31,22.29
design_5776,0.95,1.63,2.74,2.04,1.39,3.58,1.42,2.51,17.13,9.79,0.84,30.44,23.61
design_5777,0.97,1.78,2.79,2.01,0.95,3.54,1.41,2.49,16.42,9.47,0.84,28.16,20.88
design_5778,0.9,1.34,1.71,2.06,0.93,2.89,1.21,1.96,16.12,9.45,0.83,30.16,22.42
design_5779,1.11,1.66,2.76,2.06,1.06,4.29,1.51,2.77,17.37,9.87,0.84,30.64,24.71
design_5780,0.99,1.51,2.57,2.02,1.38,3.48,1.38,2.42,15.72,9.2,0.84,29.67,22.39
design_5781,1.3,1.84,2.49,2.07,1.01,3.42,1.42,2.4,18.08,10.19,0.84,26.88,21.62
design_5782,1.06,1.34,2.36,1.75,0.99,4.27,1.37,2.62,13.22,8.28,0.82,25.82,19.5
design_5783,1.15,1.54,2.55,2.2,1.38,3.54,1.44,2.46,17.02,9.65,0.85,29.01,22.22
design_5784,0.66,0.88,1.92,1.64,1.05,4.57,1.35,2.57,15.79,9.11,0.85,30.76,23.45
design_5785,0.59,0.73,2.18,2.18,0.96,4.77,1.42,2.75,12.03,7.63,0.84,30.66,23.38
design_5786,0.49,0.66,1.26,1.6,1.47,3.37,1.12,1.96,12.98,8.1,0.83,29.44,22.67
design_5787,0.68,0.72,1.62,1.67,0.84,4.04,1.21,2.28,12.27,7.75,0.84,31.05,23.55
design_5788,0.67,0.65,4.42,1.99,2.45,4.58,1.73,3.31,6.66,5.2,0.85,29.58,22.84
design_5789,0.61,0.81,2.01,1.62,0.79,4.21,1.29,2.41,13.24,8.2,0.83,30.54,23.34
design_5790,0.65,0.8,1.64,1.65,0.77,3.35,1.12,1.99,12.71,7.96,0.83,29.8,22.59
design_5791,0.61,0.84,1.98,1.8,0.74,4.2,1.3,2.42,11.96,7.61,0.83,31.02,23.38
design_5792,2.1,2.67,1.73,2.24,1.45,2.17,1.53,2.08,15.9,8.75,0.88,27.26,21.27
design_5793,1.13,2.03,1.39,1.68,1.14,2.32,1.21,1.68,17.94,9.87,0.87,10.95,7.01
design_5794,1.86,2.58,1.5,2.58,1.27,2.16,1.51,2.03,17.64,9.52,0.86,30.84,23.5
design_5795,1.54,2.27,1.46,1.71,1.2,2.28,1.28,1.79,16.93,9.4,0.86,10.08,6.98
design_5796,2.02,2.76,1.96,2.11,1.45,1.91,1.52,2.06,17.46,9.55,0.87,31.76,24.89
design_5797,1.55,1.98,1.4,1.75,1.23,2.27,1.28,1.74,17.5,9.58,0.87,6.77,5.94
design_5798,1.93,2.24,1.69,1.81,1.13,1.8,1.36,1.79,16.31,9.09,0.87,28.69,21.1
design_5799,1.44,2.16,1.54,1.74,1.18,2.13,1.25,1.74,17.22,9.51,0.87,11.64,9.42
design_5800,1.26,2.35,1.26,1.87,1.26,5.58,1.55,2.85,10.32,6.33,0.86,3.21,3.5
design_5801,1.29,1.72,4.42,1.81,0.85,4.96,1.58,3.12,14.96,8.3,0.88,7.4,5.75
design_5802,1.34,1.82,3.55,1.75,0.93,6.03,1.67,3.28,16.22,8.85,0.88,11.44,8.0
design_5803,1.75,2.56,2.25,2.26,0.94,5.98,1.76,3.2,15.89,8.63,0.88,8.48,5.77
design_5804,1.34,2.0,2.32,1.68,1.02,5.4,1.49,2.84,12.95,7.58,0.86,9.8,6.27
design_5805,1.63,2.35,2.93,2.15,1.29,6.35,1.83,3.4,17.12,9.17,0.88,31.67,24.74
design_5806,1.69,2.34,2.72,2.22,1.2,6.56,1.87,3.45,16.46,8.87,0.88,14.0,9.7
design_5807,1.3,1.89,3.94,1.68,1.43,5.03,1.58,3.05,15.79,8.54,0.88,7.32,6.29
design_5808,1.44,1.94,1.44,2.3,1.19,1.12,1.21,1.62,15.31,8.61,0.86,12.7,7.21
design_5809,1.77,2.55,3.83,3.03,1.35,2.11,1.78,2.77,17.46,9.49,0.86,31.33,21.09
design_5810,1.3,1.34,3.17,1.99,0.8,1.33,1.14,2.05,15.95,8.77,0.87,28.32,21.55
design_5811,1.16,2.01,2.09,2.1,0.82,1.12,1.21,1.71,15.91,8.67,0.87,18.73,11.35
design_5812,1.82,2.34,4.28,2.51,1.24,2.73,1.72,2.91,18.31,9.77,0.87,25.87,20.58
design_5813,1.65,1.91,1.48,1.98,1.06,1.24,1.17,1.59,17.53,9.46,0.87,35.61,25.02
design_5814,1.57,1.79,3.24,1.87,1.08,1.67,1.3,2.19,16.38,8.9,0.88,37.84,29.08
design_5815,1.76,2.39,2.72,2.56,1.11,1.64,1.52,2.21,16.91,9.26,0.86,33.38,24.13
design_5816,1.55,2.49,2.64,2.05,1.28,2.26,1.47,2.17,17.45,9.61,0.86,22.74,16.87
design_5817,1.25,2.37,2.9,2.03,1.07,1.99,1.43,2.13,17.78,9.65,0.86,29.45,21.77
design_5818,1.51,2.45,2.85,1.91,1.18,2.24,1.36,2.19,7.86,5.64,0.85,20.64,12.91
design_5819,1.67,2.61,3.0,2.11,1.18,2.05,1.48,2.27,15.54,8.83,0.86,13.47,9.15
design_5820,1.64,2.27,2.53,2.13,1.31,2.24,1.48,2.13,16.39,9.19,0.86,10.05,6.92
design_5821,1.33,1.86,3.27,1.83,1.2,2.25,1.38,2.23,17.41,9.63,0.86,17.62,12.85
design_5822,1.28,1.86,2.69,1.83,1.0,2.18,1.35,2.0,9.3,6.24,0.84,19.69,12.06
design_5823,1.47,2.07,3.43,1.87,1.41,2.36,1.48,2.36,12.33,7.47,0.85,13.41,8.05
design_5824,0.72,1.43,0.59,1.78,0.71,3.71,1.22,2.11,16.56,9.57,0.84,22.8,15.67
design_5825,0.93,1.37,0.89,1.73,0.8,5.02,1.47,2.74,17.48,9.89,0.84,26.96,19.78
design_5826,1.07,1.71,1.14,2.22,0.77,3.45,1.41,2.15,18.7,10.32,0.86,11.77,9.29
design_5827,0.95,1.75,1.3,1.79,0.69,4.35,1.36,2.5,16.0,9.3,0.85,19.44,13.83
design_5828,0.99,1.75,0.9,1.89,0.61,3.85,1.34,2.25,17.47,9.86,0.85,28.69,19.59
design_5829,0.74,1.47,0.84,1.74,0.72,4.66,1.38,2.56,17.7,10.05,0.85,25.68,19.14
design_5830,1.01,2.0,1.31,2.02,0.65,4.11,1.45,2.44,17.8,9.97,0.85,25.36,19.06
design_5831,0.95,1.71,1.32,1.9,0.71,3.85,1.31,2.29,17.11,9.77,0.85,28.23,19.7
design_5832,1.32,1.73,1.85,1.85,0.99,7.05,1.86,3.86,16.96,9.53,0.86,17.35,16.05
design_5833,1.32,1.96,1.78,2.12,0.92,7.41,1.98,4.06,18.02,10.04,0.86,9.72,9.22
design_5834,1.47,2.09,1.61,2.26,1.0,2.62,1.33,2.02,9.34,6.39,0.84,2.21,2.12
design_5835,1.44,2.28,1.99,2.06,1.02,7.0,1.95,3.91,16.75,9.6,0.85,5.34,5.84
design_5836,1.37,2.0,1.7,2.24,1.17,2.64,1.29,2.02,17.55,9.87,0.86,9.98,8.31
design_5837,1.39,1.94,0.61,2.31,1.35,2.43,1.27,1.9,11.95,7.5,0.85,2.0,2.26
design_5838,1.49,2.22,1.81,1.99,0.98,4.88,1.57,2.92,15.36,9.01,0.84,4.8,4.16
design_5839,1.4,2.28,2.18,1.97,1.13,6.8,1.9,3.82,17.95,10.13,0.85,16.73,9.97
design_5840,1.2,1.61,2.44,2.07,1.19,1.52,1.13,1.73,14.76,8.19,0.88,3.68,3.28
design_5841,1.27,1.65,2.67,2.08,1.14,1.5,1.19,1.79,15.28,8.45,0.88,4.64,3.94
design_5842,1.28,1.61,2.42,2.04,1.44,1.42,1.18,1.74,13.06,7.51,0.87,5.23,4.46
design_5843,1.37,1.32,4.47,1.94,1.07,1.26,1.23,2.22,11.41,6.86,0.86,7.74,5.07
design_5844,1.36,1.75,2.5,2.1,1.2,1.55,1.2,1.8,12.25,7.14,0.87,4.69,3.94
design_5845,1.46,1.9,4.98,2.19,1.3,1.51,1.4,2.53,14.39,8.02,0.88,12.5,7.94
design_5846,1.19,1.59,2.44,2.01,1.09,1.43,1.14,1.69,13.33,7.57,0.88,4.48,3.63
design_5847,1.4,1.83,2.55,2.21,1.23,1.68,1.23,1.87,14.59,8.11,0.88,4.57,3.91
design_5848,1.79,3.2,2.02,2.13,1.5,2.18,1.35,2.17,16.1,8.98,0.86,29.65,21.74
design_5849,2.12,3.27,1.88,2.08,1.41,2.1,1.37,2.17,14.83,8.44,0.85,28.04,20.76
design_5850,1.84,2.82,1.9,2.08,1.39,2.23,1.31,2.07,15.0,8.46,0.86,28.9,21.65
design_5851,1.86,2.98,1.58,2.22,1.62,2.04,1.34,2.05,15.13,8.47,0.86,29.23,22.13
design_5852,1.96,3.01,1.92,2.49,1.37,1.89,1.44,2.14,17.64,9.69,0.86,17.89,12.89
design_5853,1.52,2.99,1.54,2.27,1.08,2.29,1.31,2.0,16.3,9.11,0.86,33.11,22.76
design_5854,2.06,3.12,2.69,1.93,1.43,2.55,1.43,2.39,15.17,8.38,0.87,26.74,20.29
design_5855,1.81,2.9,1.82,2.09,1.24,2.14,1.3,2.03,16.94,9.32,0.86,30.48,22.9
design_5856,1.22,2.59,3.42,2.0,0.56,2.19,1.33,2.35,14.65,8.44,0.85,17.82,10.91
design_5857,1.22,1.98,3.34,2.52,0.82,2.23,1.27,2.34,7.01,5.28,0.85,7.21,4.99
design_5858,1.19,2.34,2.35,2.1,0.84,2.6,1.24,2.05,14.8,8.56,0.85,8.9,6.52
design_5859,0.77,1.29,2.6,2.35,0.81,2.37,1.21,1.97,10.61,6.93,0.84,7.32,4.77
design_5860,1.1,2.11,2.7,2.04,0.88,2.52,1.21,2.1,7.71,5.62,0.85,7.96,5.65
design_5861,1.1,1.81,1.66,2.25,0.87,2.38,1.04,1.77,7.42,5.52,0.85,6.24,4.09
design_5862,1.11,2.43,2.61,2.05,0.81,2.23,1.25,2.06,16.12,9.18,0.85,18.04,13.59
design_5863,1.11,2.32,2.54,2.13,0.73,2.42,1.24,2.07,17.2,9.54,0.86,13.25,8.82
design_5864,1.24,1.87,1.69,1.79,1.28,4.94,1.51,2.67,16.86,9.23,0.88,30.67,25.03
design_5865,1.02,1.58,1.47,1.64,1.19,4.86,1.41,2.55,16.01,8.88,0.87,27.65,20.37
design_5866,1.23,1.92,1.53,1.74,1.09,1.99,1.21,1.64,16.32,8.9,0.87,35.53,23.54
design_5867,1.07,1.72,1.92,1.78,1.42,4.9,1.49,2.66,16.97,9.23,0.88,30.97,21.63
design_5868,1.13,1.66,1.44,2.11,1.38,4.82,1.47,2.61,16.74,9.32,0.86,33.67,23.99
design_5869,1.11,1.47,1.44,1.93,1.21,4.58,1.39,2.47,16.56,9.27,0.86,24.12,17.8
design_5870,1.3,2.17,1.59,2.13,1.16,2.3,1.33,1.85,15.85,8.76,0.87,31.2,22.25
design_5871,1.25,1.98,1.34,2.07,1.43,2.74,1.39,1.92,16.43,9.18,0.87,30.14,22.57
design_5872,1.34,1.63,1.86,2.06,1.43,3.39,1.28,2.12,5.31,4.43,0.86,7.46,5.84
design_5873,1.19,1.27,1.38,1.91,1.68,2.77,1.1,1.8,12.65,7.5,0.85,7.68,6.14
design_5874,1.97,1.92,1.76,2.4,1.15,2.99,1.4,2.13,14.49,8.21,0.85,23.61,14.96
design_5875,1.43,1.72,1.65,2.09,1.22,3.12,1.26,2.0,17.0,9.32,0.86,31.38,21.49
design_5876,1.19,1.5,1.43,1.82,0.95,2.5,1.1,1.67,16.01,8.83,0.86,17.56,10.99
design_5877,1.44,1.55,1.47,1.94,0.97,2.83,1.13,1.82,7.14,5.34,0.85,5.0,4.48
design_5878,1.11,1.47,1.3,1.73,0.98,2.81,1.06,1.71,8.12,5.75,0.85,7.45,6.18
design_5879,1.36,1.71,1.82,2.07,1.24,3.35,1.27,2.09,16.72,9.17,0.87,14.52,10.77
design_5880,1.03,1.41,3.21,2.34,0.66,8.0,2.19,4.32,12.17,7.37,0.85,8.84,5.86
design_5881,0.99,1.24,3.9,2.31,0.65,8.3,2.25,4.54,13.16,7.66,0.86,15.16,10.52
design_5882,1.07,1.67,3.38,2.26,0.78,8.06,2.21,4.38,17.71,9.8,0.86,21.02,12.9
design_5883,1.04,1.02,2.52,2.21,0.79,7.98,2.09,4.19,4.64,4.22,0.86,8.58,5.39
design_5884,0.95,0.85,2.66,2.04,0.71,7.4,1.96,3.93,4.83,4.47,0.85,6.85,4.65
design_5885,1.06,1.53,1.84,2.05,0.73,5.84,1.69,3.16,5.09,4.69,0.85,18.48,13.3
design_5886,1.05,1.84,3.32,2.33,0.94,7.73,2.15,4.24,16.93,9.22,0.87,23.92,17.21
design_5887,0.98,1.84,3.46,2.41,0.93,7.48,2.15,4.16,18.28,10.1,0.86,12.9,8.97
design_5888,7.65,24.12,8.4,26.89,12.64,21.79,14.72,17.69,15.32,9.01,0.84,26.47,19.08
design_5889,9.87,22.67,13.62,27.02,12.6,21.92,14.92,18.51,15.13,8.79,0.84,27.43,18.61
design_5890,10.78,24.47,12.14,26.94,13.71,21.99,15.0,18.72,15.2,8.82,0.85,27.92,17.86
design_5891,8.3,24.11,10.08,26.76,12.82,22.14,14.78,18.02,5.54,5.06,0.84,27.76,19.19
design_5892,10.94,24.16,10.35,27.13,14.07,22.19,14.94,18.51,9.71,6.53,0.84,26.51,17.62
design_5893,8.72,24.02,10.98,27.06,13.54,22.29,14.9,18.35,14.96,9.02,0.83,26.64,17.92
design_5894,10.34,24.87,11.35,26.95,13.98,22.03,15.0,18.65,15.65,8.91,0.85,29.15,17.98
design_5895,10.37,24.7,12.21,27.1,13.64,22.46,15.03,18.85,14.67,8.76,0.84,28.12,19.63
design_5896,7.12,21.11,9.33,26.34,12.33,23.39,14.91,18.29,13.34,8.17,0.83,23.54,15.85
design_5897,7.65,22.05,12.15,26.55,13.47,24.26,15.12,19.18,10.21,6.65,0.84,26.93,17.25
design_5898,7.45,22.18,12.25,26.67,13.39,24.25,15.15,19.22,12.83,7.81,0.84,27.05,17.44
design_5899,7.62,22.41,12.39,26.75,12.75,25.05,15.22,19.47,15.51,9.26,0.83,27.99,18.18
design_5900,8.32,23.03,12.73,26.76,13.4,24.83,15.26,19.65,9.82,6.93,0.82,27.0,18.04
design_5901,9.92,22.3,11.56,26.86,13.14,24.07,15.14,19.3,12.54,7.85,0.83,29.38,17.17
design_5902,7.6,20.7,11.51,26.45,12.29,26.73,15.18,19.5,16.02,9.47,0.84,28.81,19.22
design_5903,7.78,23.21,12.76,26.78,13.02,25.49,15.32,19.81,16.45,9.35,0.85,29.66,20.28
design_5904,9.71,22.42,9.25,26.41,12.88,25.74,15.26,19.57,13.96,8.48,0.83,26.26,17.92
design_5905,9.95,22.08,10.17,26.41,12.93,25.55,15.26,19.57,17.39,9.94,0.84,24.51,15.51
design_5906,9.9,22.4,10.47,26.42,12.79,25.41,15.26,19.59,17.85,10.1,0.84,16.22,16.03
design_5907,10.49,23.28,10.63,26.56,13.38,25.99,15.4,20.05,15.86,9.25,0.84,27.51,17.05
design_5908,9.07,21.31,11.75,26.33,12.37,28.61,15.49,20.49,17.94,10.33,0.83,27.86,18.12
design_5909,10.31,23.17,10.56,26.42,13.14,25.14,15.3,19.7,17.82,10.14,0.84,26.24,17.08
design_5910,9.5,21.22,11.66,26.44,12.49,27.57,15.4,20.19,18.32,10.37,0.84,20.31,17.07
design_5911,10.24,22.88,10.5,26.52,13.36,25.48,15.31,19.78,14.48,8.72,0.83,25.91,15.63
design_5912,1.1,1.7,0.84,1.63,0.95,3.14,1.24,1.91,18.17,10.12,0.85,15.08,12.5
design_5913,1.25,1.83,1.15,1.67,1.29,3.08,1.37,1.97,16.37,9.31,0.85,30.58,22.48
design_5914,0.95,1.58,0.78,1.6,0.79,2.95,1.18,1.79,15.6,9.06,0.85,28.38,19.99
design_5915,1.16,1.54,0.78,1.65,0.96,3.39,1.26,2.0,14.78,8.76,0.84,12.82,9.47
design_5916,1.25,1.73,1.06,1.8,1.16,2.49,1.27,1.74,16.95,9.57,0.85,30.65,22.2
design_5917,1.0,1.33,0.9,1.63,0.86,2.4,1.08,1.57,15.84,9.21,0.85,5.58,5.07
design_5918,1.13,1.83,1.05,1.71,1.09,2.64,1.24,1.78,17.34,9.77,0.85,19.75,15.5
design_5919,1.35,1.64,1.09,1.61,0.94,3.24,1.27,1.99,16.31,9.38,0.84,29.86,21.44
design_5920,1.3,2.35,1.34,2.62,1.07,1.0,1.39,1.72,16.24,8.69,0.88,34.72,23.03
design_5921,1.38,1.69,0.88,1.85,0.86,0.92,1.1,1.3,14.61,7.96,0.88,27.21,19.94
design_5922,1.59,1.98,0.83,2.33,1.28,1.08,1.27,1.56,15.39,8.26,0.89,26.63,19.99
design_5923,1.23,2.05,0.74,1.75,1.3,0.99,1.16,1.37,3.8,3.46,0.89,4.61,2.73
design_5924,1.5,2.5,4.65,2.52,0.9,1.4,1.77,2.89,17.32,9.34,0.86,22.83,15.33
design_5925,1.31,2.13,1.5,2.48,1.22,1.12,1.34,1.71,10.73,6.34,0.87,2.92,2.33
design_5926,1.37,2.11,1.06,2.36,1.41,1.03,1.28,1.61,15.83,8.58,0.88,33.78,23.59
design_5927,1.31,1.93,0.89,1.84,1.1,0.97,1.16,1.37,5.69,4.23,0.88,4.53,2.99
design_5928,1.6,2.62,3.19,2.39,1.11,2.17,1.4,2.39,14.65,8.28,0.86,30.43,22.24
design_5929,1.71,2.83,3.12,2.12,1.48,2.33,1.4,2.42,15.18,8.58,0.86,28.1,21.28
design_5930,1.53,2.5,2.33,2.04,1.45,2.02,1.22,2.04,15.91,8.97,0.86,28.62,21.96
design_5931,1.26,2.61,2.29,2.04,1.31,2.03,1.22,2.01,16.62,9.25,0.87,28.95,21.86
design_5932,1.38,2.53,2.36,2.09,1.25,2.18,1.25,2.05,16.46,9.16,0.86,30.48,23.23
design_5933,1.68,2.45,2.19,2.06,1.08,2.17,1.21,2.01,13.21,7.74,0.85,28.59,21.14
design_5934,1.43,2.32,2.44,2.5,1.4,2.75,1.28,2.24,5.13,4.32,0.87,23.79,17.15
design_5935,1.37,2.57,2.2,2.41,1.15,1.83,1.21,2.01,15.5,8.89,0.86,30.56,23.43
design_5936,0.99,1.83,0.67,2.26,1.27,1.2,1.1,1.51,14.93,8.23,0.89,6.23,4.73
design_5937,1.12,1.83,1.58,2.01,1.39,1.04,1.12,1.55,11.17,6.61,0.88,5.15,3.84
design_5938,0.98,2.05,1.48,2.14,1.21,1.09,1.16,1.58,15.19,8.36,0.88,16.08,12.26
design_5939,1.19,2.02,1.69,2.35,1.24,1.1,1.21,1.69,15.4,8.4,0.89,26.46,21.88
design_5940,0.91,1.48,2.16,1.86,1.6,0.99,1.04,1.55,13.7,7.62,0.89,5.29,4.13
design_5941,0.93,1.98,0.73,1.97,1.23,1.04,1.06,1.43,15.52,8.47,0.88,15.22,9.66
design_5942,1.05,2.03,1.51,2.53,1.4,1.19,1.19,1.73,15.92,8.73,0.89,8.27,7.21
design_5943,1.09,1.99,1.95,2.25,1.22,0.94,1.21,1.67,13.87,7.79,0.87,33.84,25.08
design_5944,1.08,1.97,1.63,2.32,1.27,8.37,2.26,4.52,7.45,5.62,0.84,4.29,4.85
design_5945,1.04,1.88,1.53,2.22,0.79,7.81,2.11,4.21,5.25,4.77,0.85,4.17,4.39
design_5946,1.06,2.51,1.66,2.41,0.94,8.46,2.33,4.6,7.94,5.69,0.85,10.7,8.78
design_5947,1.06,1.62,1.12,2.26,1.18,7.94,2.12,4.26,4.91,4.53,0.85,3.96,4.32
design_5948,0.99,1.68,1.13,2.34,1.53,8.11,2.17,4.36,4.69,4.42,0.86,5.05,4.77
design_5949,1.11,2.0,1.38,2.28,1.1,8.49,2.28,4.56,4.85,4.53,0.85,4.23,4.82
design_5950,1.11,1.91,1.17,2.86,1.48,8.56,2.32,4.64,4.53,4.33,0.86,5.2,5.0
design_5951,1.05,2.05,1.28,2.36,0.98,8.86,2.35,4.74,4.65,4.35,0.86,5.0,5.09
design_5952,1.15,1.8,0.73,1.91,1.04,4.12,1.42,2.42,17.04,9.68,0.85,13.73,12.18
design_5953,1.15,1.76,0.81,2.1,0.97,4.0,1.46,2.38,16.5,9.42,0.85,15.69,11.86
design_5954,1.3,2.08,0.98,2.25,1.13,3.5,1.49,2.26,17.78,9.9,0.86,29.52,23.43
design_5955,1.13,1.44,0.59,1.63,1.03,4.23,1.35,2.39,17.03,9.71,0.84,23.04,17.23
design_5956,1.28,2.15,1.2,2.35,1.06,3.82,1.52,2.43,17.06,9.6,0.85,9.96,7.54
design_5957,1.4,1.62,1.09,1.7,1.23,4.51,1.42,2.6,17.68,9.99,0.85,30.43,24.06
design_5958,1.29,1.59,0.57,1.81,1.02,3.67,1.33,2.19,17.63,9.94,0.85,30.87,22.62
design_5959,1.08,1.66,0.89,2.28,1.0,4.39,1.52,2.58,16.26,9.29,0.85,20.17,13.65
design_5960,8.46,20.72,10.23,26.86,11.36,21.57,14.58,17.15,11.32,7.49,0.82,27.15,16.66
design_5961,8.35,20.58,10.15,26.82,11.13,21.58,14.55,17.08,14.25,8.52,0.83,26.13,15.94
design_5962,8.48,21.19,11.67,26.89,11.71,21.47,14.66,17.5,13.71,8.21,0.84,26.44,17.12
design_5963,8.19,20.32,12.26,26.86,11.28,21.73,14.63,17.45,15.93,9.0,0.85,27.05,18.29
design_5964,8.15,20.51,11.04,27.07,11.64,21.53,14.62,17.31,9.24,6.29,0.84,25.93,15.16
design_5965,9.17,21.16,12.03,27.09,12.29,22.01,14.73,17.81,10.86,7.29,0.83,28.23,19.22
design_5966,8.54,20.57,11.13,27.22,11.53,21.54,14.63,17.39,11.19,7.03,0.84,25.6,15.42
design_5967,8.42,20.65,11.8,27.22,11.91,21.83,14.68,17.6,10.42,6.59,0.85,26.68,16.16
design_5968,0.69,1.68,3.67,2.23,1.35,5.07,1.59,3.05,14.66,8.18,0.87,9.6,6.23
design_5969,0.78,1.47,5.68,2.1,0.91,3.05,1.68,3.28,17.46,9.74,0.86,15.88,12.58
design_5970,0.61,1.57,5.12,2.19,1.19,3.43,1.62,3.14,15.95,9.05,0.86,15.2,9.88
design_5971,0.63,1.26,4.81,1.83,1.1,2.02,1.4,2.71,12.17,7.65,0.83,7.72,5.75
design_5972,0.77,1.83,4.78,2.46,1.64,5.3,1.81,3.52,13.11,7.47,0.87,9.38,6.21
design_5973,0.85,1.48,6.52,2.11,0.89,1.14,1.73,3.44,19.39,10.38,0.86,20.17,13.26
design_5974,0.77,1.73,5.31,2.28,0.91,3.93,1.74,3.33,15.81,9.08,0.85,33.16,24.82
design_5975,0.59,1.67,4.88,2.43,0.98,1.88,1.57,2.81,11.72,7.24,0.85,8.3,5.57
design_5976,1.3,1.57,1.41,1.77,0.81,2.57,1.15,1.79,14.03,8.5,0.84,37.38,27.15
design_5977,1.35,1.77,1.11,1.89,1.23,2.99,1.31,2.0,17.04,9.63,0.85,27.17,20.75
design_5978,1.4,1.95,1.32,2.0,1.0,2.98,1.33,2.04,16.97,9.69,0.85,14.44,12.09
design_5979,1.39,2.02,1.22,1.98,0.96,3.01,1.32,2.04,17.5,9.91,0.84,30.66,23.78
design_5980,1.41,1.65,1.11,1.75,0.91,3.23,1.28,2.04,17.51,9.9,0.85,30.65,23.01
design_5981,1.32,1.81,1.07,1.81,0.93,2.89,1.24,1.92,13.57,8.26,0.84,32.07,24.29
design_5982,1.51,1.75,1.31,1.82,1.0,3.06,1.28,2.03,16.49,9.53,0.84,29.92,23.07
design_5983,1.27,2.07,1.21,1.92,1.01,3.03,1.33,2.04,16.62,9.5,0.85,25.81,19.97
design_5984,0.99,1.0,1.54,1.43,1.08,6.63,1.83,3.71,11.91,7.57,0.83,27.87,20.72
design_5985,0.94,1.44,2.13,1.79,1.3,3.73,1.4,2.4,15.13,9.14,0.83,6.01,4.18
design_5986,1.22,1.55,2.62,1.82,1.15,3.54,1.41,2.41,17.17,9.87,0.84,9.51,11.2
design_5987,1.2,1.2,2.69,2.02,1.08,3.99,1.53,2.6,12.11,7.78,0.83,2.4,2.91
design_5988,1.12,1.41,0.95,1.55,1.04,6.81,1.87,3.81,15.4,9.1,0.84,12.99,7.53
design_5989,0.69,1.2,1.95,1.62,1.23,6.06,1.75,3.46,12.48,7.98,0.83,14.5,8.22
design_5990,1.06,1.35,2.52,1.66,0.94,3.47,1.3,2.3,18.51,10.44,0.85,28.29,22.02
design_5991,0.75,1.01,2.31,2.18,1.19,3.87,1.38,2.49,17.5,9.97,0.85,28.18,21.45
design_5992,1.0,1.92,0.86,2.01,0.76,4.23,1.33,2.45,15.27,9.05,0.84,22.19,16.91
design_5993,1.18,2.15,1.06,2.51,1.17,2.63,1.32,1.97,15.96,9.19,0.85,21.29,16.01
design_5994,1.04,2.15,1.07,2.36,1.05,2.73,1.25,1.96,18.15,10.18,0.85,28.07,22.09
design_5995,0.93,1.55,0.7,2.12,0.64,3.76,1.22,2.21,13.76,8.38,0.84,12.68,8.79
design_5996,1.42,2.28,2.1,2.76,1.55,2.94,1.55,2.34,15.98,9.21,0.84,17.71,13.39
design_5997,1.05,2.23,1.1,2.21,0.71,2.79,1.2,1.95,16.88,9.65,0.85,28.93,22.13
design_5998,0.93,1.59,0.82,1.98,0.68,2.64,1.06,1.73,15.23,8.99,0.85,5.7,4.44
design_5999,0.93,1.98,0.88,2.01,1.0,5.03,1.47,2.82,14.75,8.78,0.84,23.19,17.72
design_6000,0.96,1.93,3.42,2.88,1.02,1.02,1.47,2.26,16.09,8.82,0.87,34.92,26.59
design_6001,0.94,1.84,3.34,2.74,1.09,1.03,1.46,2.19,13.31,7.5,0.87,13.79,9.97
design_6002,0.93,2.1,2.63,2.65,0.93,0.98,1.33,1.96,10.09,6.1,0.87,9.11,7.21
design_6003,1.12,2.22,3.86,2.67,0.76,1.06,1.57,2.41,16.47,8.84,0.89,31.66,22.95
design_6004,1.11,1.72,3.69,2.44,0.88,0.91,1.43,2.23,16.49,8.72,0.89,20.7,14.36
design_6005,0.92,2.23,3.26,2.63,0.75,0.93,1.41,2.16,15.38,8.44,0.88,12.79,9.14
design_6006,1.03,1.33,3.48,2.4,1.15,0.89,1.32,2.12,9.35,5.75,0.87,7.03,4.82
design_6007,0.95,1.95,2.91,2.65,1.19,0.94,1.37,2.05,16.25,8.66,0.89,25.6,19.26
design_6008,1.08,2.23,1.98,2.31,1.11,8.83,2.38,4.94,17.32,9.8,0.85,31.66,23.69
design_6009,1.33,2.35,3.61,1.57,0.9,7.23,2.08,4.27,16.04,9.44,0.84,29.17,22.67
design_6010,1.16,2.37,1.47,1.59,1.0,9.24,2.45,5.09,17.26,9.78,0.85,15.65,12.27
design_6011,1.15,2.47,1.49,1.63,0.89,9.59,2.53,5.27,17.59,9.86,0.86,30.34,23.37
design_6012,1.05,1.87,1.7,1.57,0.75,8.5,2.25,4.68,13.81,8.32,0.84,26.26,20.2
design_6013,1.0,2.34,1.85,1.54,0.92,8.62,2.29,4.78,15.46,9.01,0.84,30.73,23.95
design_6014,1.03,2.2,2.18,1.63,1.31,8.93,2.39,4.97,16.98,9.69,0.85,25.59,19.9
design_6015,0.94,2.28,2.16,1.66,0.99,8.91,2.39,4.95,14.27,8.52,0.84,26.37,20.45
design_6016,1.25,1.76,1.66,1.69,1.33,8.65,2.29,4.78,16.06,9.29,0.84,9.33,7.33
design_6017,1.29,2.07,1.69,1.76,1.0,9.56,2.53,5.26,14.34,8.55,0.84,8.32,7.29
design_6018,1.37,2.21,1.88,1.95,1.01,9.47,2.54,5.25,12.65,7.93,0.83,29.43,22.56
design_6019,1.39,1.88,3.17,1.83,0.75,9.48,2.55,5.32,18.04,10.14,0.85,9.52,8.86
design_6020,1.31,1.67,1.0,1.6,0.77,8.98,2.33,4.9,14.29,8.61,0.83,9.68,6.8
design_6021,1.59,1.87,3.23,2.04,0.98,4.31,1.62,2.9,16.99,9.79,0.84,22.26,16.83
design_6022,1.61,2.17,3.32,2.64,1.25,4.16,1.74,2.97,11.9,7.52,0.84,7.43,6.49
design_6023,1.26,1.5,2.26,1.64,1.05,8.74,2.3,4.84,11.0,7.24,0.83,8.91,8.1
design_6024,1.32,1.98,1.4,1.73,1.1,2.47,1.21,1.79,17.56,9.97,0.84,28.98,22.03
design_6025,1.23,2.39,1.68,1.83,1.54,2.79,1.31,2.05,17.55,9.88,0.83,20.53,18.07
design_6026,1.45,1.91,2.36,1.79,1.03,2.37,1.21,2.0,16.46,9.66,0.83,26.86,20.59
design_6027,1.77,2.85,3.73,2.3,1.48,3.45,1.74,2.93,17.87,10.25,0.83,15.43,12.12
design_6028,1.37,2.04,1.84,1.69,1.25,2.09,1.18,1.79,19.14,10.61,0.84,29.57,22.94
design_6029,1.48,1.86,1.51,1.78,1.02,2.29,1.15,1.76,16.41,9.57,0.83,29.33,21.66
design_6030,1.18,2.16,1.86,1.71,1.13,2.26,1.15,1.83,17.51,10.12,0.83,30.89,23.94
design_6031,1.35,2.26,1.93,1.86,1.13,2.43,1.26,1.95,18.69,10.54,0.83,23.08,16.74
design_6032,1.05,1.91,3.23,2.18,1.09,2.86,1.33,2.27,13.89,7.97,0.86,9.43,6.3
design_6033,1.35,2.26,3.94,2.78,0.79,2.46,1.48,2.56,16.25,8.83,0.87,23.57,17.14
design_6034,1.35,2.52,1.2,2.62,0.94,2.07,1.28,1.88,12.65,7.51,0.85,12.79,7.2
design_6035,1.23,1.82,3.44,2.24,1.56,2.15,1.35,2.25,13.74,7.94,0.86,11.28,9.15
design_6036,1.24,2.37,1.28,2.37,1.19,2.08,1.22,1.82,13.03,7.69,0.85,6.05,3.78
design_6037,1.22,2.12,3.37,2.35,0.8,1.62,1.31,2.15,14.59,8.34,0.85,10.82,7.04
design_6038,1.2,2.11,3.32,2.48,0.87,2.0,1.38,2.21,15.1,8.46,0.87,10.94,8.46
design_6039,1.2,1.89,3.31,2.17,0.74,2.94,1.34,2.29,13.97,8.01,0.87,13.63,9.01
design_6040,1.6,2.0,2.47,1.89,1.52,3.1,1.47,2.34,17.13,9.92,0.83,28.82,21.45
design_6041,1.5,1.76,2.18,1.6,1.52,5.68,1.75,3.24,15.13,9.13,0.83,25.16,18.82
design_6042,1.63,1.78,2.69,1.91,1.32,2.79,1.4,2.27,16.71,9.65,0.84,30.28,22.48
design_6043,1.47,1.82,3.24,1.76,1.43,4.33,1.65,2.94,9.13,6.71,0.83,31.69,23.04
design_6044,1.81,1.96,2.61,1.92,1.35,3.49,1.53,2.52,16.41,9.64,0.83,27.17,19.65
design_6045,1.54,1.53,3.68,1.77,1.47,4.42,1.7,3.09,10.02,6.99,0.83,31.24,23.0
design_6046,1.78,1.77,3.2,2.03,1.36,3.61,1.61,2.72,16.74,9.78,0.83,31.22,23.0
design_6047,1.76,1.92,2.45,1.94,1.5,3.07,1.47,2.34,16.56,9.62,0.83,24.41,17.7
design_6048,1.21,2.46,0.89,2.02,0.87,5.79,1.72,3.28,15.6,9.14,0.85,28.34,22.49
design_6049,1.48,2.38,1.27,2.27,0.82,2.83,1.42,2.1,16.36,9.4,0.84,29.9,23.11
design_6050,1.29,2.29,1.34,2.06,0.88,7.21,1.99,3.96,18.0,10.12,0.85,24.47,18.83
design_6051,1.12,2.05,1.17,2.07,1.02,5.54,1.67,3.14,14.06,8.45,0.84,26.71,20.69
design_6052,1.3,2.29,0.73,2.21,1.03,7.49,2.07,4.09,17.31,9.69,0.86,29.93,22.64
design_6053,0.94,1.93,0.78,2.04,0.71,5.77,1.68,3.2,13.0,8.08,0.84,26.29,20.5
design_6054,1.23,2.53,1.3,2.17,0.92,4.7,1.58,2.84,15.67,9.16,0.85,26.85,21.1
design_6055,1.26,2.36,3.1,2.28,0.93,3.01,1.49,2.36,17.17,9.47,0.87,31.21,26.02
design_6056,1.37,2.03,1.97,2.03,1.12,1.83,1.27,1.79,16.43,8.86,0.88,22.42,16.58
design_6057,1.19,1.95,2.0,1.87,0.99,1.41,1.17,1.66,14.4,7.89,0.88,29.78,20.98
design_6058,1.1,1.7,2.09,1.75,0.92,1.53,1.11,1.63,15.34,8.45,0.87,15.2,11.79
design_6059,1.49,2.01,1.74,1.89,1.17,1.98,1.28,1.74,17.28,9.15,0.89,27.54,21.08
design_6060,1.52,2.41,2.21,2.44,1.35,2.07,1.47,2.06,15.56,8.33,0.89,26.47,19.31
design_6061,1.17,1.97,0.86,1.83,1.13,1.48,1.09,1.41,15.83,8.67,0.87,25.45,18.5
design_6062,1.38,2.19,1.77,1.98,1.05,1.7,1.28,1.73,14.96,8.18,0.88,17.68,12.48
design_6063,1.44,2.17,1.73,1.93,1.28,1.54,1.31,1.71,15.69,8.47,0.88,32.24,22.75
design_6064,1.24,2.2,2.13,1.82,1.33,4.05,1.42,2.41,16.87,9.43,0.86,21.69,17.18
design_6065,1.32,2.09,1.2,1.87,1.0,5.57,1.58,2.85,16.26,8.87,0.88,26.89,21.29
design_6066,1.07,2.05,1.61,1.58,0.9,4.96,1.4,2.59,16.02,8.99,0.87,16.73,12.67
design_6067,1.26,2.29,1.96,2.08,1.05,5.24,1.53,2.84,15.73,8.65,0.88,24.22,18.04
design_6068,1.26,1.89,2.52,1.69,1.08,3.1,1.3,2.09,18.05,9.99,0.86,17.23,11.69
design_6069,1.15,1.84,1.75,1.61,1.22,5.11,1.46,2.67,16.28,8.91,0.88,19.96,16.05
design_6070,1.37,2.09,2.63,1.77,1.05,2.44,1.28,1.98,17.32,9.72,0.86,24.25,19.14
design_6071,1.42,2.15,2.77,1.81,0.98,2.2,1.28,1.97,17.51,9.8,0.86,22.04,17.59
design_6072,1.32,2.68,3.63,1.98,0.93,2.09,1.45,2.45,14.58,8.57,0.85,12.0,7.68
design_6073,1.27,2.71,1.91,2.27,1.09,2.05,1.34,1.95,12.02,7.32,0.85,23.01,15.77
design_6074,1.29,3.08,2.64,2.36,1.05,2.15,1.46,2.25,12.53,7.53,0.85,22.24,15.17
design_6075,1.35,2.38,3.07,2.03,0.93,2.34,1.41,2.25,13.88,8.1,0.85,14.97,9.26
design_6076,1.23,2.95,2.38,2.21,1.0,2.08,1.4,2.11,16.49,9.23,0.85,20.63,14.76
design_6077,1.19,2.77,3.56,1.86,0.73,2.22,1.42,2.42,17.06,9.35,0.87,14.45,10.54
design_6078,1.16,2.61,1.98,1.82,0.78,2.2,1.2,1.87,16.83,9.45,0.85,10.61,9.11
design_6079,1.2,2.66,3.35,2.08,0.92,2.05,1.43,2.34,15.86,9.0,0.85,17.15,11.07
design_6080,1.72,2.53,3.96,2.9,1.3,2.23,1.69,2.79,14.73,8.56,0.85,28.39,20.11
design_6081,1.5,2.04,3.18,2.8,1.5,2.46,1.55,2.48,15.24,8.73,0.86,31.13,23.27
design_6082,1.84,2.53,5.49,2.54,1.34,2.3,1.92,3.39,15.11,8.86,0.84,32.1,25.04
design_6083,2.18,2.87,2.78,2.88,1.43,2.13,1.61,2.47,18.44,10.16,0.86,27.88,21.08
design_6084,2.21,2.88,2.43,2.91,1.66,2.23,1.64,2.42,17.07,9.67,0.85,25.13,18.58
design_6085,1.92,2.81,2.55,2.88,1.62,2.46,1.6,2.44,16.3,9.37,0.85,10.64,10.16
design_6086,2.0,2.48,3.72,2.79,1.45,2.07,1.67,2.69,15.35,8.81,0.85,18.12,11.27
design_6087,1.7,2.29,3.65,2.59,1.48,2.27,1.61,2.62,16.09,9.19,0.85,27.24,20.36
design_6088,1.42,2.0,1.93,2.52,1.79,1.93,1.36,1.96,16.61,9.4,0.86,11.95,9.77
design_6089,1.02,1.85,1.32,2.53,1.45,2.05,1.31,1.82,14.04,8.29,0.85,3.88,3.31
design_6090,0.96,1.64,1.18,2.42,1.24,2.72,1.21,1.94,14.72,8.75,0.84,7.89,4.68
design_6091,1.23,1.79,2.08,2.42,1.54,6.94,1.9,3.79,17.37,9.7,0.86,26.51,18.33
design_6092,1.27,1.86,1.78,2.52,1.6,2.09,1.32,1.92,17.32,9.74,0.87,16.8,13.81
design_6093,1.17,1.65,1.03,2.59,1.44,1.87,1.27,1.75,10.37,6.61,0.85,2.62,2.35
design_6094,1.03,1.89,1.28,2.44,1.36,2.68,1.33,1.99,17.15,9.7,0.85,17.59,13.65
design_6095,1.14,1.97,1.36,2.52,1.4,2.14,1.32,1.87,16.06,9.06,0.87,17.05,13.88
design_6096,1.3,1.31,0.65,1.86,1.44,2.49,1.09,1.62,17.5,9.95,0.84,35.8,26.14
design_6097,1.46,1.3,9.42,2.33,1.85,2.23,2.5,5.0,16.66,9.15,0.88,29.29,21.91
design_6098,1.44,1.61,1.33,1.97,1.04,2.19,1.12,1.66,18.79,10.29,0.85,35.81,26.32
design_6099,1.1,1.08,1.13,1.65,1.0,2.69,0.99,1.63,15.72,8.99,0.85,32.19,25.24
design_6100,1.67,1.67,0.9,1.7,1.67,1.97,1.1,1.59,16.54,9.27,0.86,28.47,20.9
design_6101,1.19,1.35,0.7,1.7,0.99,2.45,1.03,1.53,15.69,8.92,0.85,14.61,10.01
design_6102,1.29,1.73,1.38,2.12,0.94,2.23,1.19,1.7,18.79,10.29,0.86,16.96,13.34
design_6103,1.11,1.32,0.84,1.61,1.08,2.59,1.01,1.58,14.52,8.39,0.85,6.48,4.93
design_6104,1.09,2.26,1.0,2.42,1.1,2.94,1.32,1.97,13.95,8.14,0.85,24.49,18.2
design_6105,1.04,1.9,1.04,2.01,0.62,2.8,1.13,1.77,12.21,7.47,0.84,24.89,18.26
design_6106,1.12,1.77,0.65,1.93,0.76,3.07,1.14,1.8,16.04,9.05,0.85,15.32,12.44
design_6107,1.1,1.61,0.59,1.93,1.27,2.69,1.09,1.69,17.69,9.74,0.86,17.96,12.65
design_6108,1.15,2.11,0.69,2.1,0.79,2.84,1.2,1.81,6.75,5.15,0.85,7.36,4.05
design_6109,1.22,1.54,1.03,1.82,0.71,2.72,1.08,1.69,17.01,9.43,0.86,17.18,14.36
design_6110,1.14,1.67,2.24,2.12,0.6,2.52,1.19,1.93,10.28,6.59,0.85,9.8,6.51
design_6111,0.92,1.97,0.82,2.53,0.9,2.96,1.3,1.91,13.97,8.16,0.85,12.74,9.23
design_6112,0.96,2.04,1.86,1.47,0.75,3.94,1.45,2.38,18.29,10.15,0.86,25.75,19.51
design_6113,0.93,1.83,1.42,1.52,0.82,4.31,1.42,2.47,17.27,9.8,0.85,28.83,19.9
design_6114,0.79,1.66,1.48,1.6,0.76,5.37,1.57,2.95,17.66,9.97,0.85,19.91,16.98
design_6115,0.82,1.66,1.24,1.55,0.84,4.78,1.45,2.65,17.77,10.01,0.85,12.09,10.7
design_6116,0.94,1.85,2.55,1.6,0.87,4.57,1.59,2.76,17.46,9.87,0.85,15.23,14.54
design_6117,0.73,1.8,0.83,1.51,1.12,3.96,1.29,2.27,18.67,10.38,0.86,24.75,18.57
design_6118,0.79,1.97,1.35,1.63,0.82,4.78,1.48,2.69,17.48,9.89,0.85,17.98,16.72
design_6119,0.84,1.7,2.43,1.56,0.79,5.91,1.71,3.31,17.99,10.09,0.86,23.08,17.29
design_6120,1.42,2.06,3.77,2.48,1.08,1.65,1.43,2.39,4.1,3.83,0.87,3.6,3.5
design_6121,1.53,2.63,1.18,2.72,1.35,1.42,1.34,1.88,14.6,8.09,0.87,9.3,6.13
design_6122,1.53,2.64,1.31,2.48,1.11,1.61,1.3,1.85,11.68,6.83,0.87,4.8,3.45
design_6123,1.7,2.76,1.31,2.47,1.19,1.4,1.33,1.88,11.71,7.0,0.86,3.93,3.21
design_6124,1.1,1.73,4.2,2.74,0.75,1.18,1.4,2.46,11.52,6.91,0.86,10.21,7.28
design_6125,2.05,2.54,4.39,3.0,0.94,1.73,1.69,2.83,11.75,6.71,0.88,6.68,5.96
design_6126,1.3,2.02,4.96,2.64,0.98,1.29,1.53,2.8,12.84,7.3,0.88,6.09,6.07
design_6127,1.25,1.93,4.72,2.37,0.73,1.26,1.43,2.64,15.32,8.52,0.87,20.91,13.9
design_6128,1.14,3.03,2.81,2.62,1.44,5.58,1.81,3.3,16.85,9.24,0.86,33.13,23.59
design_6129,1.0,2.16,1.19,2.29,1.52,5.16,1.53,2.8,7.58,5.31,0.86,5.25,4.09
design_6130,0.97,1.93,0.94,2.42,1.54,5.18,1.48,2.78,5.01,4.44,0.86,8.52,5.91
design_6131,1.08,2.25,2.68,2.31,0.98,5.53,1.64,3.11,9.3,6.08,0.85,6.75,4.83
design_6132,1.07,2.12,3.17,2.32,1.22,5.26,1.66,3.09,11.15,6.96,0.84,8.65,6.13
design_6133,1.2,3.09,1.31,2.24,1.43,5.04,1.62,2.88,14.05,8.14,0.85,6.69,5.02
design_6134,1.1,1.65,3.38,2.19,1.29,5.34,1.63,3.11,11.84,7.26,0.85,7.33,5.72
design_6135,1.11,2.28,1.09,2.43,2.48,5.39,1.59,3.01,5.4,4.31,0.87,7.03,4.91
design_6136,1.55,3.66,1.18,2.3,1.41,2.2,1.54,2.16,16.73,9.32,0.87,32.05,23.5
design_6137,1.51,3.36,1.18,2.45,1.31,2.04,1.49,2.07,14.53,8.45,0.86,27.95,22.84
design_6138,1.55,3.47,1.28,2.49,1.38,2.15,1.54,2.15,15.35,8.73,0.86,34.09,24.04
design_6139,1.6,3.76,1.09,2.62,1.43,2.36,1.65,2.27,16.14,9.06,0.86,27.89,21.75
design_6140,1.44,3.46,1.09,2.33,1.23,2.3,1.47,2.1,18.4,10.04,0.87,30.88,22.55
design_6141,1.39,3.39,0.94,2.2,1.29,2.19,1.45,2.03,17.45,9.63,0.87,27.06,20.49
design_6142,1.33,3.41,1.0,2.37,1.38,2.26,1.47,2.08,16.83,9.41,0.86,10.85,8.82
design_6143,1.55,3.18,0.73,2.08,1.36,2.37,1.45,2.01,16.95,9.46,0.86,32.9,24.49
design_6144,0.91,2.04,1.49,2.33,0.92,0.86,1.15,1.56,11.08,6.54,0.86,9.51,6.6
design_6145,0.79,1.87,1.5,2.53,1.28,1.0,1.16,1.62,13.5,7.45,0.88,13.24,8.29
design_6146,0.95,2.07,1.69,2.51,1.42,0.87,1.22,1.71,15.91,8.55,0.88,23.18,16.1
design_6147,0.83,1.74,1.55,2.5,1.1,0.8,1.1,1.57,14.13,7.79,0.87,19.37,9.19
design_6148,0.94,1.91,1.44,2.47,1.11,0.89,1.16,1.58,17.1,9.06,0.88,30.8,22.81
design_6149,1.1,2.02,1.38,2.33,1.06,0.93,1.16,1.56,14.95,8.2,0.88,26.33,19.13
design_6150,1.31,1.99,1.89,2.36,1.22,0.96,1.23,1.74,14.44,7.85,0.88,41.42,30.25
design_6151,1.44,1.92,1.66,2.43,1.11,0.89,1.19,1.69,16.05,8.51,0.89,21.1,16.59
design_6152,1.28,1.58,1.28,1.91,1.26,6.5,1.76,3.53,7.5,5.76,0.84,3.53,3.62
design_6153,1.33,1.54,1.22,2.09,1.39,7.63,2.0,4.09,9.52,6.34,0.85,3.63,4.3
design_6154,1.01,1.02,1.27,1.97,1.45,7.08,1.84,3.78,8.58,6.22,0.83,4.49,3.68
design_6155,1.2,1.19,5.2,1.98,0.97,4.06,1.58,3.03,9.62,6.41,0.85,4.87,4.55
design_6156,1.22,1.31,1.11,1.8,1.08,6.67,1.74,3.57,6.87,5.44,0.84,4.24,3.65
design_6157,1.19,1.02,1.81,1.91,1.09,5.77,1.63,3.18,11.47,7.46,0.83,3.11,3.56
design_6158,1.21,1.52,1.22,2.11,1.45,7.07,1.88,3.82,10.08,6.78,0.83,5.19,4.09
design_6159,1.22,1.19,1.16,2.08,1.05,7.47,1.93,3.97,7.97,5.85,0.84,2.81,3.82
design_6160,1.04,2.14,0.98,2.11,1.04,1.1,1.11,1.52,16.45,8.87,0.89,22.86,18.74
design_6161,0.92,2.12,1.48,2.14,0.93,1.02,1.13,1.55,16.07,8.75,0.88,11.78,9.84
design_6162,1.19,2.74,1.21,2.25,1.24,1.19,1.32,1.78,17.22,9.19,0.88,30.73,22.91
design_6163,1.18,2.53,0.79,2.29,1.16,1.08,1.25,1.68,16.66,8.94,0.89,31.43,24.04
design_6164,1.14,2.27,1.66,2.2,1.18,0.92,1.17,1.67,16.82,8.95,0.89,15.92,14.68
design_6165,1.17,2.7,1.25,2.37,1.34,1.14,1.34,1.81,16.15,8.77,0.88,11.67,10.7
design_6166,1.1,2.59,1.12,2.19,1.49,0.98,1.25,1.72,17.22,9.18,0.88,15.53,10.03
design_6167,1.15,2.38,1.35,2.19,1.5,1.08,1.26,1.71,16.24,8.8,0.89,8.46,10.88
design_6168,2.47,2.7,1.15,2.13,1.51,3.66,1.56,2.55,18.37,10.31,0.84,26.3,21.61
design_6169,2.53,2.68,1.14,2.23,1.33,3.28,1.53,2.42,17.71,10.03,0.84,11.59,6.89
design_6170,2.7,3.04,1.54,2.44,1.5,3.53,1.68,2.66,16.47,9.52,0.84,17.63,12.3
design_6171,2.41,2.52,1.12,2.29,1.31,3.38,1.51,2.42,17.27,9.84,0.84,27.92,19.81
design_6172,2.48,2.65,1.14,2.1,1.45,4.04,1.56,2.69,16.12,9.39,0.84,30.41,22.68
design_6173,2.37,2.36,1.15,2.0,1.38,4.13,1.53,2.66,16.0,9.36,0.84,30.91,23.46
design_6174,2.59,2.99,1.33,2.32,1.44,3.26,1.6,2.5,18.51,10.32,0.85,28.95,21.09
design_6175,2.6,2.74,1.26,2.18,1.4,3.78,1.61,2.63,18.44,10.37,0.84,19.65,15.22
design_6176,9.34,22.01,10.42,27.01,13.03,21.12,14.87,18.03,15.58,8.45,0.88,29.04,20.3
design_6177,8.81,21.61,10.16,27.23,12.43,21.43,14.87,17.94,9.88,6.66,0.84,27.86,18.58
design_6178,8.45,20.96,8.68,27.17,13.44,21.34,14.78,17.7,6.02,4.97,0.85,26.5,16.28
design_6179,8.42,20.67,10.04,26.98,11.9,21.0,14.74,17.54,12.65,7.41,0.86,27.0,17.66
design_6180,8.47,20.85,10.58,27.01,11.81,20.86,14.77,17.62,13.48,7.68,0.87,27.97,17.32
design_6181,8.49,21.59,9.5,27.03,12.24,21.15,14.79,17.71,14.49,8.6,0.85,28.64,19.25
design_6182,9.21,21.38,12.48,27.13,12.84,21.83,14.95,18.37,6.21,4.95,0.85,26.46,16.44
design_6183,8.23,20.57,9.13,26.96,11.47,20.62,14.67,17.27,15.62,8.64,0.87,26.61,16.91
design_6184,1.4,2.78,2.5,2.04,0.93,4.82,1.63,3.0,19.28,10.65,0.85,13.29,10.33
design_6185,1.24,2.95,2.53,2.15,0.99,4.06,1.55,2.73,18.34,10.28,0.85,12.46,9.88
design_6186,1.55,2.88,2.77,2.07,0.88,4.72,1.67,3.02,18.67,10.4,0.86,23.01,16.91
design_6187,1.33,3.1,2.73,2.07,1.03,5.57,1.79,3.38,14.92,8.94,0.84,17.83,12.4
design_6188,1.32,2.81,2.62,2.08,0.87,5.34,1.73,3.23,18.32,10.25,0.85,15.4,11.4
design_6189,1.37,2.91,3.04,2.18,0.96,5.47,1.78,3.37,13.34,8.27,0.84,15.5,10.64
design_6190,1.35,3.17,2.49,2.25,1.17,5.2,1.76,3.24,13.05,8.02,0.84,27.84,20.08
design_6191,1.14,2.81,2.58,2.15,0.98,5.36,1.73,3.24,19.58,10.74,0.85,11.63,10.34
design_6192,1.47,3.38,1.65,2.55,1.54,1.13,1.46,2.11,15.41,8.41,0.88,26.43,19.41
design_6193,1.63,2.91,1.93,2.75,1.33,1.13,1.47,2.09,14.89,8.19,0.88,6.35,5.53
design_6194,1.55,3.21,2.07,2.53,1.49,1.13,1.46,2.14,15.44,8.45,0.87,12.47,9.33
design_6195,1.56,3.08,1.37,2.63,1.43,1.16,1.4,2.02,15.54,8.43,0.89,17.55,12.27
design_6196,1.27,2.93,1.07,2.74,1.23,1.13,1.4,1.91,12.79,7.47,0.87,11.75,8.14
design_6197,1.84,3.41,1.4,2.71,1.59,1.14,1.55,2.18,15.36,8.44,0.88,10.49,7.76
design_6198,1.57,2.69,1.08,2.46,1.15,1.15,1.31,1.82,15.68,8.6,0.87,18.59,12.58
design_6199,1.1,2.85,2.91,2.6,1.41,1.09,1.45,2.19,15.71,8.57,0.88,11.83,8.32
design_6200,1.32,1.7,1.63,2.36,0.96,2.45,1.24,1.87,16.22,9.21,0.85,28.37,20.26
design_6201,1.34,1.27,1.03,1.88,0.98,3.08,1.22,1.86,9.52,6.55,0.84,5.75,3.33
design_6202,1.25,1.35,1.28,2.11,1.03,2.44,1.19,1.71,16.05,9.09,0.85,34.18,24.71
design_6203,1.43,1.64,1.2,2.26,1.33,2.33,1.27,1.78,16.84,9.39,0.86,23.28,16.83
design_6204,1.4,1.95,1.51,2.41,1.08,3.6,1.47,2.27,16.5,9.31,0.84,31.86,22.08
design_6205,1.41,1.99,2.32,2.71,0.97,2.82,1.43,2.22,15.48,8.87,0.85,9.06,7.26
design_6206,1.08,1.48,1.56,2.09,1.22,3.51,1.3,2.13,12.67,7.76,0.84,5.05,3.77
design_6207,1.29,1.75,1.45,2.18,0.99,1.65,1.22,1.6,6.66,5.23,0.85,3.9,3.5
design_6208,1.26,2.33,4.45,2.52,1.27,4.82,1.74,3.24,13.27,7.49,0.87,4.42,5.27
design_6209,1.55,2.36,1.37,2.87,1.25,6.07,1.77,3.19,16.79,8.93,0.89,14.06,9.9
design_6210,1.47,2.24,1.11,2.54,1.38,5.59,1.62,2.94,15.34,8.33,0.88,8.99,6.71
design_6211,1.18,2.01,4.31,2.39,1.11,4.74,1.64,3.12,14.97,8.41,0.87,8.85,7.22
design_6212,1.35,2.5,4.62,2.65,1.37,4.93,1.83,3.37,13.79,7.57,0.89,10.26,8.77
design_6213,1.24,2.09,1.83,2.26,1.06,5.36,1.52,2.83,13.48,7.75,0.86,9.23,6.72
design_6214,1.33,2.03,0.65,2.62,1.43,5.41,1.52,2.83,8.89,5.84,0.86,5.5,4.06
design_6215,1.33,2.23,4.3,2.28,1.44,4.9,1.68,3.21,16.11,8.74,0.88,12.72,9.19
design_6216,1.53,2.46,1.81,2.43,0.88,2.32,1.37,2.0,15.77,8.86,0.85,11.67,9.69
design_6217,1.53,2.23,1.65,2.36,0.97,2.7,1.39,2.02,16.36,9.11,0.85,31.96,23.24
design_6218,1.52,2.39,1.99,2.43,1.0,2.11,1.37,1.99,16.51,9.17,0.86,14.07,10.98
design_6219,1.43,2.21,1.84,2.6,1.07,2.9,1.4,2.15,15.95,8.98,0.86,30.07,22.07
design_6220,1.57,2.21,1.71,2.13,0.95,2.4,1.28,1.91,14.4,8.4,0.85,9.67,7.73
design_6221,1.21,2.06,1.64,2.03,0.91,2.35,1.27,1.8,15.81,8.99,0.85,28.19,21.09
design_6222,1.37,1.96,1.34,1.91,0.8,2.32,1.19,1.71,17.62,9.73,0.87,28.01,20.4
design_6223,1.26,1.75,1.25,1.71,0.74,2.78,1.1,1.76,18.15,9.99,0.86,20.17,13.64
design_6224,0.85,2.09,1.96,2.35,0.93,3.5,1.43,2.31,15.13,8.94,0.84,13.97,9.81
design_6225,1.39,2.16,2.79,2.33,0.97,3.24,1.46,2.42,14.46,8.6,0.84,12.6,6.66
design_6226,1.07,2.15,3.06,2.39,1.01,3.81,1.58,2.66,19.06,10.47,0.86,28.73,23.92
design_6227,0.71,1.72,2.41,1.88,0.95,4.52,1.45,2.67,15.83,9.24,0.84,24.48,16.51
design_6228,1.44,2.42,2.68,2.41,1.06,3.68,1.57,2.6,17.45,9.86,0.86,7.11,5.84
design_6229,1.02,2.05,1.61,1.94,1.02,3.68,1.32,2.27,16.85,9.7,0.84,29.26,20.75
design_6230,1.05,2.25,2.35,2.16,1.0,3.57,1.47,2.41,17.11,9.73,0.85,22.01,15.3
design_6231,1.21,2.56,2.24,2.36,1.04,3.5,1.5,2.45,16.75,9.56,0.85,18.89,9.58
design_6232,0.83,1.89,3.66,1.69,0.86,1.14,1.28,2.12,15.62,8.96,0.85,11.18,7.73
design_6233,1.26,2.35,3.81,1.69,0.94,1.29,1.35,2.29,15.6,9.08,0.85,8.24,6.47
design_6234,1.37,2.53,3.76,2.07,1.43,1.37,1.47,2.39,16.07,9.08,0.85,13.71,10.71
design_6235,0.92,2.01,3.82,1.78,0.89,1.39,1.38,2.25,14.7,8.61,0.84,4.2,3.81
design_6236,1.4,2.32,3.54,1.82,1.13,1.34,1.35,2.23,13.39,7.99,0.84,29.39,22.05
design_6237,1.35,2.39,3.68,1.79,1.06,1.15,1.38,2.25,15.44,8.88,0.85,14.76,10.86
design_6238,1.19,2.27,3.78,1.85,1.26,1.33,1.42,2.3,16.4,9.22,0.86,10.82,7.65
design_6239,1.52,2.67,3.7,1.8,0.96,1.22,1.4,2.32,16.3,9.28,0.85,25.44,18.88
design_6240,0.87,1.7,2.1,1.83,0.98,4.36,1.46,2.65,18.47,10.53,0.84,24.97,18.79
design_6241,0.85,1.69,1.15,1.92,1.87,6.81,1.9,3.78,11.86,7.63,0.83,31.15,24.42
design_6242,0.82,1.84,0.98,1.76,1.1,5.18,1.55,2.93,17.9,10.21,0.85,29.97,22.93
design_6243,0.88,1.75,1.54,1.76,1.02,5.17,1.56,2.96,17.47,10.06,0.84,29.82,23.55
design_6244,0.91,1.8,1.21,1.91,0.93,3.55,1.33,2.2,16.49,9.67,0.83,33.43,24.68
design_6245,0.94,1.99,6.45,2.0,0.95,7.9,2.51,5.1,17.72,10.16,0.84,29.48,22.86
design_6246,0.99,1.65,1.4,1.77,1.0,4.48,1.44,2.62,18.13,10.35,0.84,31.19,23.19
design_6247,0.86,1.64,0.99,2.19,0.98,5.1,1.53,2.91,17.39,10.02,0.85,30.44,23.13
design_6248,1.26,1.36,0.81,1.92,0.93,8.35,2.16,4.41,18.15,9.99,0.86,26.47,19.47
design_6249,0.95,1.55,2.49,2.04,1.4,8.34,2.23,4.53,14.01,8.1,0.86,21.92,13.8
design_6250,0.92,1.08,4.54,1.76,1.27,4.21,1.59,3.03,15.93,9.51,0.83,18.49,12.7
design_6251,0.8,1.62,2.32,2.07,1.31,8.35,2.21,4.52,16.95,9.51,0.86,16.96,12.59
design_6252,0.61,1.26,1.1,1.93,1.09,8.52,2.19,4.48,16.95,9.78,0.84,10.89,7.13
design_6253,0.76,1.32,1.28,1.96,1.12,8.7,2.25,4.59,16.93,9.67,0.85,23.03,15.56
design_6254,1.17,1.25,0.55,1.74,1.11,7.59,1.97,4.02,17.8,10.21,0.84,16.72,10.01
design_6255,0.79,1.35,0.83,1.94,1.3,8.68,2.24,4.57,16.23,9.29,0.85,20.13,13.73
design_6256,0.86,1.58,1.9,1.75,1.2,2.4,1.12,1.75,16.58,9.18,0.87,12.35,12.1
design_6257,0.9,1.67,1.17,1.73,1.02,2.32,1.09,1.64,17.01,9.44,0.87,24.88,19.88
design_6258,0.95,1.72,1.22,1.82,1.39,2.25,1.11,1.69,16.84,9.27,0.87,5.33,4.75
design_6259,0.82,1.83,0.74,1.83,1.23,2.24,1.13,1.64,16.75,9.51,0.86,12.5,10.9
design_6260,0.87,1.73,1.64,1.84,1.06,2.22,1.14,1.68,16.17,9.02,0.87,8.53,7.21
design_6261,0.87,1.76,1.67,1.93,1.33,1.99,1.17,1.67,17.04,9.3,0.88,23.08,19.66
design_6262,0.9,1.93,1.62,1.72,1.34,2.67,1.17,1.87,16.77,9.51,0.86,18.01,15.62
design_6263,0.85,1.63,1.9,1.87,1.07,1.88,1.11,1.61,16.98,9.41,0.86,22.63,18.01
design_6264,1.07,1.26,1.15,1.5,0.99,3.75,1.24,2.17,17.39,9.95,0.84,13.45,8.15
design_6265,1.03,1.55,1.06,1.63,1.1,3.8,1.25,2.22,16.3,9.42,0.84,9.07,5.88
design_6266,0.84,1.15,1.18,1.57,1.16,3.99,1.27,2.28,6.54,5.41,0.84,6.9,5.93
design_6267,1.01,1.77,0.64,1.55,0.85,4.02,1.3,2.29,16.62,9.65,0.84,11.05,7.04
design_6268,1.23,2.0,2.08,1.84,1.01,4.54,1.6,2.76,15.27,8.89,0.84,25.41,19.33
design_6269,0.79,1.68,1.09,1.5,1.23,3.82,1.27,2.23,6.99,5.57,0.84,5.53,4.9
design_6270,0.83,1.58,1.47,1.63,1.16,3.35,1.27,2.08,10.74,7.11,0.83,6.75,5.68
design_6271,1.09,1.62,0.88,1.61,0.89,3.93,1.29,2.26,11.86,7.6,0.83,21.98,16.19
design_6272,0.94,1.78,1.28,2.31,1.39,3.23,1.32,2.13,13.81,8.16,0.85,4.47,3.26
design_6273,0.99,1.95,1.54,2.26,1.37,3.38,1.34,2.22,16.31,9.31,0.85,12.34,8.46
design_6274,1.02,1.96,1.24,2.34,1.57,3.06,1.37,2.12,12.66,7.63,0.85,3.93,3.54
design_6275,1.06,1.91,1.16,2.36,1.56,2.92,1.34,2.07,17.93,9.94,0.86,15.54,13.68
design_6276,0.97,1.79,1.37,2.31,1.36,2.92,1.33,2.03,17.12,9.58,0.86,7.47,5.81
design_6277,1.02,1.88,1.28,2.55,1.48,2.91,1.38,2.1,16.27,9.23,0.86,7.27,6.37
design_6278,1.0,1.98,1.14,2.46,1.24,3.46,1.4,2.25,16.81,9.49,0.86,8.18,6.41
design_6279,1.12,2.29,1.55,2.7,1.54,2.9,1.47,2.21,18.79,10.31,0.86,38.66,30.74
design_6280,2.04,2.52,1.04,2.2,1.11,3.53,1.42,2.32,9.27,6.36,0.84,2.15,2.59
design_6281,2.25,2.87,1.18,2.49,1.32,1.96,1.39,2.02,17.98,10.02,0.85,31.33,22.97
design_6282,2.21,2.82,1.12,2.42,1.26,1.93,1.38,1.98,17.66,9.88,0.85,26.71,19.27
design_6283,2.29,2.88,1.12,2.5,1.46,2.17,1.44,2.09,17.63,9.88,0.85,27.7,21.34
design_6284,2.23,2.74,0.98,2.11,1.45,2.8,1.39,2.14,17.8,10.0,0.85,25.28,20.62
design_6285,2.1,2.74,1.06,2.15,1.36,2.34,1.3,2.0,17.16,9.77,0.85,23.93,16.37
design_6286,2.24,2.81,1.03,2.26,1.51,2.02,1.34,1.98,18.95,10.49,0.85,29.75,23.91
design_6287,2.22,2.67,1.04,2.3,1.27,2.01,1.35,1.94,18.09,10.06,0.85,30.76,24.15
design_6288,1.14,1.97,2.08,2.36,1.07,4.98,1.69,2.91,17.49,9.92,0.84,11.4,8.25
design_6289,1.17,1.9,1.73,2.52,1.12,5.79,1.82,3.21,17.31,9.62,0.85,14.91,11.54
design_6290,1.25,2.25,1.4,2.53,1.14,5.95,1.88,3.27,15.37,8.92,0.84,28.38,21.66
design_6291,1.25,1.96,1.89,2.26,1.03,3.68,1.52,2.36,7.45,5.88,0.84,4.71,3.51
design_6292,1.07,2.08,1.28,2.36,1.05,5.18,1.68,2.88,16.88,9.57,0.85,7.04,7.22
design_6293,1.15,1.96,1.28,2.45,1.2,5.67,1.74,3.1,17.99,9.98,0.85,14.61,11.29
design_6294,1.26,1.99,1.84,2.33,1.1,4.33,1.6,2.61,7.38,5.8,0.84,4.06,3.35
design_6295,0.97,1.98,2.43,2.26,1.06,5.47,1.77,3.16,19.34,10.55,0.85,14.91,13.18
design_6296,1.96,2.15,2.9,2.24,1.33,2.15,1.53,2.26,17.3,9.79,0.84,14.3,11.71
design_6297,1.54,2.05,2.88,2.07,1.42,2.1,1.41,2.16,17.38,9.34,0.88,29.94,22.78
design_6298,1.92,1.85,3.33,1.84,1.26,2.52,1.45,2.38,16.69,9.65,0.84,19.34,14.07
design_6299,1.76,2.26,1.9,2.23,1.39,1.68,1.41,1.88,15.57,8.64,0.87,10.02,7.75
design_6300,1.7,1.71,9.34,2.1,1.38,5.87,2.67,5.42,16.35,8.89,0.87,35.41,24.72
design_6301,1.61,2.1,1.87,1.95,1.34,1.95,1.29,1.84,15.48,8.85,0.85,25.25,18.63
design_6302,2.0,1.91,3.98,1.9,1.62,3.06,1.65,2.76,17.38,9.35,0.87,17.74,12.62
design_6303,1.53,1.84,2.53,1.78,1.02,2.28,1.25,2.0,16.91,9.48,0.85,15.78,11.66
design_6304,1.34,1.51,3.69,2.27,1.09,2.56,1.52,2.52,14.9,8.98,0.83,7.23,5.42
design_6305,1.92,2.65,4.14,3.06,1.25,2.31,1.84,2.94,15.82,9.14,0.84,20.53,13.49
design_6306,1.24,1.44,5.58,2.17,0.86,2.06,1.76,3.24,17.77,9.74,0.85,19.84,15.28
design_6307,1.66,2.86,5.08,3.08,1.08,5.92,2.24,4.06,15.13,8.4,0.86,21.77,15.15
design_6308,1.22,1.66,4.69,2.64,1.05,2.04,1.7,2.91,15.99,9.11,0.84,16.05,11.39
design_6309,1.49,2.1,6.48,2.46,1.52,2.21,2.08,3.79,16.53,9.31,0.85,29.89,22.92
design_6310,1.14,1.84,3.26,2.38,1.12,5.12,1.74,3.06,15.37,8.85,0.84,11.42,9.21
design_6311,1.56,1.64,4.35,2.29,1.24,2.64,1.68,2.84,14.98,8.86,0.84,8.71,6.17
design_6312,1.57,1.95,3.61,2.58,1.2,1.34,1.46,2.33,6.5,4.94,0.86,3.72,3.83
design_6313,1.18,1.8,0.91,2.49,1.46,1.13,1.16,1.57,4.47,3.95,0.87,2.63,2.01
design_6314,1.77,2.36,3.58,3.01,1.3,1.43,1.59,2.5,15.06,8.32,0.88,30.28,22.97
design_6315,1.51,2.4,2.76,3.05,1.08,1.26,1.47,2.21,15.35,8.54,0.87,33.35,24.77
design_6316,1.28,2.39,1.07,2.78,0.92,1.32,1.28,1.75,14.96,8.44,0.86,14.94,9.37
design_6317,1.42,1.75,3.55,2.32,0.82,1.31,1.36,2.2,11.5,6.89,0.86,7.05,6.02
design_6318,1.73,2.08,3.75,2.74,1.0,1.18,1.51,2.42,11.98,7.06,0.86,10.6,7.85
design_6319,2.19,2.26,3.7,3.0,1.41,1.4,1.72,2.58,6.36,4.84,0.86,5.37,4.09
design_6320,1.63,2.93,1.44,2.03,1.39,2.64,1.39,2.11,13.92,8.5,0.83,29.99,22.44
design_6321,1.43,2.74,2.17,2.09,1.45,2.11,1.37,2.06,16.87,9.64,0.84,31.77,22.89
design_6322,1.87,3.35,2.07,2.35,1.65,3.07,1.6,2.52,16.2,9.47,0.83,33.38,23.31
design_6323,1.9,3.12,2.47,2.07,1.59,3.37,1.63,2.62,17.5,9.99,0.84,29.98,21.86
design_6324,1.84,3.27,1.78,2.5,1.58,2.75,1.55,2.37,16.22,9.4,0.84,27.66,20.88
design_6325,1.6,3.02,1.47,2.06,1.44,2.82,1.42,2.2,14.69,8.81,0.83,29.18,21.47
design_6326,1.96,3.41,1.7,2.16,1.66,3.29,1.62,2.52,17.7,10.05,0.84,24.79,18.29
design_6327,1.87,3.32,2.48,2.21,1.57,2.95,1.6,2.53,17.21,9.92,0.84,22.39,15.69
design_6328,0.9,0.83,2.46,2.16,0.97,4.62,1.62,2.79,17.47,9.91,0.85,27.32,20.11
design_6329,0.69,0.72,3.1,1.48,0.92,3.92,1.45,2.6,16.72,9.65,0.84,8.56,7.4
design_6330,1.22,1.08,4.57,1.76,0.96,5.74,1.95,3.78,15.3,9.16,0.82,18.15,13.75
design_6331,1.06,1.15,2.65,2.0,1.02,4.84,1.69,2.93,17.6,10.18,0.83,8.07,7.31
design_6332,1.17,1.21,8.73,1.79,1.04,9.15,3.15,6.4,18.03,10.28,0.84,17.24,13.11
design_6333,0.66,0.83,3.14,1.67,0.81,4.75,1.59,2.95,16.74,9.82,0.83,5.14,5.35
design_6334,0.64,0.88,3.76,1.73,1.04,6.28,1.96,3.75,16.4,9.63,0.83,20.75,14.7
design_6335,1.16,1.4,3.14,2.0,0.82,5.39,1.79,3.28,18.09,10.23,0.83,29.44,21.97
design_6336,2.15,2.73,1.88,1.72,1.44,3.28,1.47,2.33,16.82,9.48,0.86,26.87,21.02
design_6337,2.06,2.4,1.51,1.78,1.48,2.09,1.36,1.92,17.31,9.7,0.86,29.39,22.64
design_6338,2.33,2.81,1.68,1.82,1.57,3.16,1.57,2.35,18.05,9.93,0.86,15.81,11.21
design_6339,2.01,2.25,1.61,1.65,1.4,2.35,1.33,1.93,16.52,9.32,0.86,30.27,23.09
design_6340,2.08,2.64,1.63,1.64,1.42,2.98,1.43,2.18,17.94,9.88,0.86,20.21,14.77
design_6341,2.02,2.67,1.66,2.26,1.5,2.11,1.39,2.08,17.87,9.91,0.86,13.49,10.05
design_6342,2.12,2.82,1.81,1.74,1.57,4.23,1.59,2.63,16.42,9.17,0.86,33.99,23.85
design_6343,2.07,2.48,1.45,1.79,1.57,2.42,1.41,2.02,17.5,9.87,0.86,30.68,23.52
design_6344,7.36,22.53,10.53,27.03,13.32,22.96,14.99,18.53,11.74,7.39,0.84,26.61,18.53
design_6345,8.27,21.21,11.39,26.86,12.64,22.89,14.94,18.38,12.63,7.91,0.83,28.13,16.77
design_6346,7.37,22.95,11.33,27.07,13.17,22.89,15.03,18.69,9.96,6.65,0.84,27.51,16.16
design_6347,8.49,21.86,11.73,27.08,12.94,23.03,15.01,18.65,11.11,7.28,0.83,28.15,17.38
design_6348,7.51,20.96,9.95,26.59,12.16,22.4,14.81,17.87,13.1,7.95,0.84,28.39,17.11
design_6349,9.14,22.02,13.72,27.28,13.42,23.52,15.16,19.23,5.48,5.06,0.84,28.76,18.81
design_6350,8.25,20.58,13.12,26.93,12.51,23.42,15.03,18.67,7.67,5.77,0.84,28.03,18.41
design_6351,8.63,22.2,12.79,27.05,13.66,23.53,15.14,19.05,9.48,6.62,0.83,26.21,15.78
design_6352,1.54,3.08,2.11,2.82,1.44,1.14,1.43,2.17,12.4,7.05,0.87,30.01,22.52
design_6353,1.33,2.76,1.64,2.56,1.36,1.13,1.31,1.9,16.15,8.57,0.89,30.28,23.44
design_6354,1.34,2.49,1.83,2.41,1.3,1.24,1.27,1.86,14.35,7.85,0.89,27.59,21.4
design_6355,1.45,2.94,1.6,2.66,1.5,1.13,1.34,1.98,17.44,9.2,0.89,25.02,22.66
design_6356,1.5,2.87,1.79,2.87,1.34,1.26,1.4,2.05,17.79,9.24,0.89,31.75,24.14
design_6357,1.4,2.74,1.63,2.62,1.42,1.16,1.35,1.92,16.66,8.74,0.89,32.01,25.37
design_6358,1.44,2.8,1.47,2.45,1.48,1.06,1.3,1.86,14.05,7.72,0.89,27.9,20.96
design_6359,1.47,2.9,1.62,2.56,1.37,1.08,1.34,1.94,17.7,9.25,0.89,32.56,24.68
design_6360,1.59,2.0,1.21,1.81,0.87,4.84,1.56,2.76,17.71,9.96,0.85,30.31,22.24
design_6361,1.6,2.27,1.26,1.85,1.11,5.1,1.66,2.91,18.01,10.03,0.86,27.61,23.11
design_6362,1.48,2.1,1.13,1.79,0.94,4.43,1.51,2.57,18.85,10.41,0.85,21.64,14.26
design_6363,1.56,2.16,1.7,1.87,0.97,3.78,1.47,2.39,18.92,10.41,0.85,25.63,18.0
design_6364,1.64,2.45,1.58,1.95,1.18,4.67,1.65,2.8,17.57,9.88,0.85,29.67,21.12
design_6365,1.48,2.04,1.12,1.61,0.84,5.17,1.58,2.87,18.24,10.17,0.86,31.28,21.96
design_6366,1.39,2.48,2.81,2.1,1.08,3.84,1.61,2.68,11.66,7.45,0.84,28.73,19.4
design_6367,1.31,2.03,1.45,1.54,0.81,4.93,1.55,2.78,18.31,10.24,0.85,16.24,9.76
design_6368,1.0,1.91,1.37,2.44,0.98,1.42,1.15,1.6,16.05,8.76,0.88,20.72,15.0
design_6369,1.07,1.82,1.63,2.36,0.85,1.36,1.16,1.61,18.69,9.84,0.88,28.17,21.26
design_6370,1.06,2.01,1.92,2.49,1.24,1.22,1.21,1.76,16.19,8.79,0.88,19.83,12.41
design_6371,1.21,1.52,1.72,2.13,0.84,1.02,1.09,1.51,15.5,8.62,0.87,19.26,13.32
design_6372,1.2,2.1,2.37,2.42,0.81,1.57,1.27,1.89,15.71,8.75,0.87,31.11,22.83
design_6373,1.02,1.66,1.82,2.11,1.28,1.21,1.09,1.59,16.01,8.85,0.88,27.85,21.24
design_6374,1.1,1.81,1.83,2.39,0.87,1.26,1.16,1.65,17.51,9.37,0.88,21.27,14.47
design_6375,1.16,2.14,1.84,2.68,0.95,1.57,1.27,1.83,17.07,9.21,0.88,25.52,20.71
design_6376,2.91,3.25,2.62,2.31,1.37,2.15,1.51,2.51,12.16,7.54,0.84,27.62,20.56
design_6377,2.82,3.11,2.18,2.3,1.52,2.15,1.45,2.37,14.16,8.35,0.84,27.33,20.6
design_6378,2.68,3.1,3.77,2.45,1.27,2.42,1.62,2.86,15.9,8.96,0.86,31.99,23.97
design_6379,2.83,3.34,1.77,2.6,1.37,2.24,1.49,2.37,11.12,7.08,0.84,30.06,22.31
design_6380,3.06,3.38,2.84,2.27,1.32,2.16,1.55,2.62,12.63,7.8,0.84,28.14,20.84
design_6381,3.02,3.28,3.01,2.55,1.28,1.83,1.61,2.63,18.14,9.97,0.85,30.08,24.04
design_6382,2.64,3.16,3.32,2.17,1.37,2.15,1.51,2.64,16.75,9.43,0.85,32.46,22.82
design_6383,3.14,3.53,1.95,2.5,1.57,2.11,1.56,2.48,13.22,8.01,0.84,28.05,21.13
design_6384,1.13,2.32,1.71,1.6,1.05,4.93,1.53,2.92,17.71,10.17,0.84,30.08,23.08
design_6385,1.27,2.83,1.64,1.72,1.06,6.01,1.8,3.49,16.79,9.63,0.84,30.21,22.63
design_6386,1.16,2.49,1.62,1.63,0.98,5.87,1.73,3.37,18.36,10.39,0.84,30.55,22.25
design_6387,1.23,2.56,1.85,1.88,1.46,7.91,2.18,4.42,17.32,9.74,0.86,13.84,11.73
design_6388,1.41,2.93,2.15,1.99,1.31,2.85,1.47,2.28,6.3,5.39,0.84,27.1,20.73
design_6389,1.43,2.91,1.5,1.63,1.16,6.87,1.96,3.91,12.65,7.84,0.84,30.82,24.04
design_6390,1.2,2.61,1.47,1.69,1.05,3.76,1.41,2.43,16.16,9.31,0.84,28.96,23.17
design_6391,1.43,2.9,1.79,1.6,1.37,7.34,2.06,4.15,16.2,9.32,0.84,32.18,22.63
design_6392,1.31,2.04,0.95,2.37,0.98,3.33,1.38,2.17,15.7,9.09,0.84,11.49,7.51
design_6393,1.14,2.2,0.85,2.68,0.97,3.99,1.49,2.47,16.77,9.45,0.86,30.4,22.75
design_6394,1.25,2.1,0.93,2.68,1.01,4.64,1.6,2.74,6.09,5.01,0.85,24.12,17.93
design_6395,1.3,2.27,0.86,2.66,0.97,3.62,1.53,2.35,17.16,9.53,0.86,17.54,14.52
design_6396,1.15,1.91,0.91,2.46,0.85,4.51,1.52,2.61,8.48,5.99,0.84,24.34,18.09
design_6397,1.24,1.92,0.95,2.54,1.09,3.71,1.49,2.33,16.51,9.35,0.85,14.08,10.88
design_6398,1.41,2.49,0.92,2.8,0.87,3.82,1.53,2.48,14.01,8.24,0.85,25.97,17.68
design_6399,1.17,1.75,0.93,2.23,1.09,4.02,1.39,2.38,15.2,8.94,0.84,11.04,7.69
design_6400,1.27,2.43,1.09,1.81,0.99,2.22,1.13,1.72,16.15,8.92,0.87,9.47,7.39
design_6401,0.9,1.99,1.9,1.81,1.18,2.43,1.16,1.79,13.24,7.72,0.86,10.2,8.1
design_6402,1.12,2.1,1.05,2.02,1.04,2.38,1.12,1.71,16.35,8.94,0.88,19.53,15.76
design_6403,1.17,2.15,1.02,1.73,0.97,2.28,1.09,1.64,15.77,8.75,0.87,9.86,7.75
design_6404,1.16,2.14,1.04,1.84,1.0,2.24,1.08,1.65,15.44,8.61,0.87,10.08,7.88
design_6405,1.08,1.87,0.96,1.68,0.96,2.1,1.03,1.51,16.25,8.93,0.88,23.62,19.04
design_6406,1.2,2.15,0.98,2.21,0.95,2.18,1.12,1.71,15.87,8.79,0.87,10.14,7.74
design_6407,1.26,2.19,1.08,1.82,0.97,2.1,1.1,1.64,16.07,8.88,0.87,7.89,6.07
design_6408,1.63,2.3,2.39,2.14,1.16,1.65,1.25,1.98,16.14,9.04,0.85,15.84,12.34
design_6409,1.49,2.62,2.51,2.59,1.46,2.41,1.38,2.27,16.7,9.23,0.86,30.31,22.72
design_6410,1.36,2.39,2.58,2.26,1.43,2.2,1.27,2.14,14.94,8.42,0.87,28.23,21.09
design_6411,1.62,2.32,2.57,2.28,1.17,2.44,1.29,2.18,17.12,9.3,0.87,31.43,24.97
design_6412,1.54,2.63,2.31,2.66,1.32,2.04,1.33,2.17,13.16,7.68,0.86,28.46,21.43
design_6413,1.27,1.79,2.37,2.18,2.18,2.06,1.21,2.05,17.77,9.56,0.87,25.55,18.76
design_6414,1.49,2.53,2.61,2.22,1.46,1.92,1.29,2.14,17.41,9.52,0.86,33.46,24.92
design_6415,1.43,2.46,2.61,2.35,1.2,1.96,1.29,2.13,15.24,8.6,0.86,30.49,22.87
design_6416,1.38,1.49,2.44,2.09,1.33,1.42,1.19,1.75,13.32,7.5,0.88,5.47,4.35
design_6417,1.55,1.69,2.71,2.29,1.37,1.6,1.27,1.93,16.47,8.92,0.88,26.1,21.92
design_6418,1.38,1.44,2.39,2.53,1.28,1.57,1.23,1.85,13.55,7.58,0.88,5.64,4.02
design_6419,1.35,1.41,2.41,2.13,1.38,1.46,1.16,1.74,14.25,7.95,0.88,4.76,4.4
design_6420,1.47,1.49,2.39,2.16,1.22,1.44,1.2,1.75,13.57,7.63,0.88,6.15,4.11
design_6421,1.57,1.55,2.62,2.15,1.31,1.44,1.23,1.83,16.32,8.88,0.88,10.84,7.29
design_6422,1.38,1.52,2.32,2.3,1.42,1.59,1.21,1.81,11.58,6.82,0.87,3.67,3.43
design_6423,1.27,1.35,2.41,1.97,1.25,1.51,1.15,1.68,13.98,7.83,0.88,3.14,2.87
design_6424,0.95,1.54,1.41,2.14,1.06,1.2,1.11,1.46,12.26,7.15,0.87,5.23,3.31
design_6425,1.14,2.1,1.84,2.39,1.58,1.31,1.31,1.79,14.3,8.0,0.88,11.45,8.41
design_6426,1.02,1.78,1.58,2.66,1.4,1.23,1.24,1.73,12.55,7.27,0.88,9.15,5.4
design_6427,1.26,2.44,2.23,2.79,1.76,1.34,1.41,2.07,14.66,8.13,0.88,10.3,8.48
design_6428,1.23,2.11,1.68,2.38,1.52,1.23,1.28,1.77,11.31,6.72,0.87,6.67,4.45
design_6429,1.13,2.3,1.87,2.56,1.6,1.25,1.37,1.88,14.43,8.06,0.88,9.8,6.65
design_6430,1.51,2.36,1.82,2.99,1.62,1.63,1.52,2.09,15.38,8.39,0.88,28.5,25.13
design_6431,1.2,2.05,1.37,2.79,1.23,1.33,1.37,1.8,11.84,6.89,0.87,27.61,21.29
design_6432,1.34,1.43,2.89,1.54,0.99,0.86,1.04,1.81,10.83,6.3,0.88,6.45,6.2
design_6433,1.39,1.77,2.55,1.89,1.12,0.95,1.19,1.81,13.09,7.36,0.87,8.42,6.46
design_6434,1.51,1.47,1.85,1.55,0.99,0.89,0.99,1.48,12.84,7.12,0.88,8.68,7.34
design_6435,1.4,1.97,1.75,2.02,0.9,0.93,1.16,1.6,14.3,7.82,0.87,14.97,9.29
design_6436,1.54,1.73,2.36,1.82,1.25,0.93,1.14,1.76,14.28,7.77,0.88,14.01,10.79
design_6437,1.17,2.16,1.07,2.25,0.93,1.27,1.21,1.54,16.57,8.65,0.9,22.05,16.92
design_6438,1.34,1.35,1.85,1.55,0.77,0.87,0.92,1.41,14.18,7.69,0.89,4.19,4.64
design_6439,1.51,1.61,0.75,1.6,0.89,0.85,0.97,1.24,17.21,9.0,0.89,16.06,11.49
design_6440,0.68,2.0,1.1,2.21,1.21,2.01,1.12,1.68,13.55,8.2,0.85,8.14,6.29
design_6441,0.95,1.83,1.05,2.07,0.99,1.52,1.18,1.49,17.38,9.31,0.88,8.78,6.0
design_6442,1.0,2.13,1.21,1.86,1.27,2.01,1.21,1.67,16.08,9.14,0.85,11.62,8.36
design_6443,0.82,2.19,1.25,1.89,1.08,2.06,1.18,1.67,17.52,9.75,0.87,18.37,15.41
design_6444,0.79,1.77,1.14,1.73,0.99,1.71,1.11,1.44,16.99,9.48,0.86,19.69,15.02
design_6445,0.96,1.97,1.01,2.08,0.97,1.55,1.23,1.52,16.8,8.97,0.89,29.28,23.56
design_6446,0.85,1.81,1.04,2.23,0.96,1.87,1.07,1.6,16.43,9.37,0.85,6.68,5.03
design_6447,0.81,1.9,1.14,1.79,0.98,2.29,1.12,1.64,15.23,8.79,0.85,24.37,17.84
design_6448,1.26,1.67,0.61,1.59,0.78,5.78,1.63,3.19,17.18,9.8,0.85,22.69,17.57
design_6449,1.29,1.65,1.35,1.66,1.05,5.23,1.61,2.98,15.99,9.26,0.84,28.41,20.3
design_6450,1.3,1.91,1.05,1.52,0.85,5.72,1.72,3.19,16.62,9.57,0.84,31.2,22.52
design_6451,1.29,1.78,0.82,1.6,0.95,4.57,1.49,2.63,17.54,9.86,0.85,30.62,22.88
design_6452,1.13,1.51,0.7,1.62,0.7,5.8,1.61,3.18,17.42,9.9,0.85,17.5,12.85
design_6453,1.02,1.37,1.61,1.61,0.7,3.42,1.19,2.11,10.81,7.18,0.83,3.76,3.68
design_6454,1.18,1.65,0.62,1.53,0.94,4.69,1.42,2.65,8.01,6.06,0.83,3.5,3.35
design_6455,1.54,1.93,1.28,1.47,0.8,5.22,1.64,2.98,15.93,9.24,0.83,14.57,10.92
design_6456,1.38,2.63,2.83,2.19,0.85,2.02,1.35,2.08,17.01,9.4,0.87,28.42,22.62
design_6457,1.5,2.77,2.1,2.5,1.09,2.06,1.4,2.08,16.87,9.4,0.86,20.04,13.37
design_6458,1.34,2.22,1.38,2.07,0.88,2.26,1.22,1.78,17.23,9.28,0.87,17.74,15.95
design_6459,1.44,2.85,2.72,2.34,1.16,1.99,1.44,2.16,17.68,9.69,0.87,33.88,26.69
design_6460,1.38,2.7,2.35,2.24,0.8,1.99,1.32,2.0,17.21,9.54,0.86,25.54,20.68
design_6461,1.3,2.73,1.9,2.2,0.82,2.05,1.28,1.93,14.04,8.16,0.86,24.3,19.9
design_6462,1.49,2.41,2.6,2.21,0.98,1.92,1.31,2.01,13.55,7.88,0.86,26.17,21.52
design_6463,1.46,2.29,1.53,2.08,0.57,1.45,1.15,1.66,13.51,7.75,0.86,15.61,11.51
design_6464,0.86,2.11,1.42,2.19,1.34,3.43,1.3,2.15,13.71,8.1,0.85,3.27,3.35
design_6465,0.78,1.89,0.78,2.0,1.08,2.14,1.1,1.6,8.07,5.75,0.85,4.16,2.73
design_6466,0.89,1.84,1.58,2.13,1.07,1.8,1.14,1.62,16.55,9.41,0.85,8.05,5.61
design_6467,0.8,1.95,1.75,2.13,1.08,2.56,1.2,1.85,16.08,9.19,0.86,6.41,4.85
design_6468,0.87,1.76,0.82,2.14,1.17,2.63,1.16,1.77,11.21,7.1,0.85,2.54,2.57
design_6469,0.81,1.97,0.72,1.98,1.01,2.02,1.08,1.57,13.51,8.14,0.84,7.87,4.75
design_6470,0.97,1.42,2.35,2.03,1.08,2.13,1.08,1.74,14.31,8.47,0.86,9.32,7.5
design_6471,1.1,1.59,0.94,2.19,1.32,2.31,1.21,1.72,15.1,8.72,0.86,6.36,5.01
design_6472,1.12,2.03,0.98,2.24,1.12,6.8,1.88,3.63,13.27,7.45,0.87,25.68,16.94
design_6473,1.09,2.43,1.61,2.28,1.14,6.11,1.82,3.4,14.67,8.45,0.85,22.88,15.08
design_6474,1.2,1.92,2.87,2.2,0.77,6.08,1.8,3.47,12.39,7.37,0.86,14.8,9.69
design_6475,1.21,2.11,1.18,2.27,0.91,6.33,1.8,3.43,16.33,9.02,0.86,16.08,11.48
design_6476,1.07,2.23,0.91,2.34,1.19,6.56,1.83,3.54,10.17,6.51,0.85,27.37,18.55
design_6477,1.26,2.2,2.8,2.36,0.92,6.5,1.94,3.69,12.51,7.4,0.85,14.06,9.48
design_6478,1.12,2.06,3.82,2.37,0.96,6.34,1.93,3.76,13.08,7.55,0.86,16.17,12.58
design_6479,1.25,2.22,3.22,2.35,0.94,6.34,1.92,3.68,15.16,8.57,0.86,21.88,15.02
design_6480,1.09,1.52,1.05,2.08,1.11,1.13,1.07,1.4,12.96,7.36,0.88,4.13,3.31
design_6481,1.42,1.57,5.06,2.07,1.25,0.88,1.36,2.47,15.6,8.41,0.88,13.92,9.43
design_6482,1.37,1.72,2.33,2.62,1.34,1.1,1.22,1.86,16.67,8.83,0.89,14.86,12.48
design_6483,1.43,1.72,1.14,2.33,1.12,1.11,1.21,1.57,12.04,6.99,0.87,4.66,3.83
design_6484,1.31,1.0,4.38,2.48,1.16,0.99,1.27,2.26,12.36,7.13,0.88,6.09,4.7
design_6485,1.26,1.44,3.85,2.07,1.24,0.94,1.21,2.05,13.67,7.73,0.88,6.32,4.61
design_6486,1.3,1.79,0.94,2.27,1.46,1.13,1.15,1.57,12.35,7.19,0.87,4.64,3.49
design_6487,1.28,1.7,0.98,2.09,1.16,1.07,1.07,1.46,10.94,6.57,0.87,3.83,2.68
design_6488,0.81,1.15,2.21,1.78,1.19,5.32,1.5,2.99,16.57,9.59,0.84,27.88,20.78
design_6489,1.0,1.46,2.15,1.63,1.53,4.24,1.36,2.55,17.23,9.85,0.84,23.83,17.16
design_6490,0.97,1.71,2.19,1.7,1.18,3.0,1.27,2.09,15.71,9.17,0.83,20.11,13.39
design_6491,0.89,1.26,1.55,1.9,1.38,2.37,1.08,1.73,16.3,9.5,0.83,27.73,21.0
design_6492,1.14,1.28,1.98,1.55,1.59,4.02,1.31,2.42,15.57,9.18,0.83,9.45,6.34
design_6493,0.88,1.61,1.99,1.69,1.34,3.43,1.26,2.2,16.08,9.4,0.83,11.99,8.7
design_6494,1.49,1.91,1.16,2.17,1.37,2.29,1.28,1.8,16.9,9.55,0.85,30.5,21.97
design_6495,0.88,1.05,2.14,1.59,1.76,4.27,1.32,2.54,16.28,9.46,0.84,29.66,22.4
design_6496,1.1,2.64,4.69,2.24,1.1,1.41,1.57,2.95,15.13,8.39,0.87,18.68,12.07
design_6497,1.13,2.74,4.61,2.07,0.92,1.3,1.57,2.89,17.49,9.35,0.87,17.85,12.24
design_6498,1.07,2.88,2.8,2.33,1.18,1.45,1.37,2.2,14.69,8.26,0.86,14.34,8.94
design_6499,1.39,2.44,3.22,2.51,1.25,1.59,1.41,2.37,13.01,7.45,0.87,8.26,6.18
design_6500,1.43,3.23,5.41,2.97,1.47,1.97,1.93,3.51,5.59,4.22,0.87,15.88,7.23
design_6501,1.15,2.51,5.01,1.8,1.5,1.52,1.6,3.06,14.99,8.31,0.87,11.84,10.39
design_6502,1.2,3.07,3.66,2.41,1.21,1.62,1.52,2.61,14.03,7.85,0.87,11.09,8.43
design_6503,1.04,2.47,5.53,2.61,1.48,1.75,1.74,3.4,7.32,5.52,0.84,5.56,4.14
design_6504,0.88,1.46,3.55,1.9,1.01,1.28,1.19,2.16,15.18,8.13,0.9,26.11,19.59
design_6505,1.24,2.26,1.48,2.09,1.28,1.02,1.22,1.63,16.01,8.55,0.89,9.13,5.75
design_6506,0.85,1.3,3.6,2.16,1.31,1.47,1.18,2.24,14.88,7.97,0.89,20.68,16.0
design_6507,0.83,1.22,3.43,1.39,1.35,1.0,1.11,2.02,14.22,7.68,0.89,14.82,11.5
design_6508,0.99,1.95,1.43,2.11,1.17,0.96,1.13,1.51,14.87,8.02,0.89,30.39,22.0
design_6509,0.84,1.48,3.58,2.07,0.98,1.23,1.22,2.2,15.02,7.96,0.9,16.18,12.63
design_6510,0.82,1.45,3.6,1.99,0.95,1.3,1.21,2.19,13.88,7.54,0.89,24.83,18.74
design_6511,0.87,1.58,3.57,2.21,1.86,1.33,1.31,2.31,13.38,7.22,0.9,23.48,17.31
design_6512,0.86,1.3,1.34,1.67,0.99,6.17,1.69,3.31,9.4,6.57,0.83,2.59,3.34
design_6513,1.37,1.39,2.64,1.83,1.15,3.81,1.46,2.45,14.93,8.89,0.84,3.44,3.4
design_6514,1.02,1.46,4.65,1.89,1.17,3.64,1.53,2.76,17.06,9.82,0.85,6.41,5.86
design_6515,1.15,1.43,2.12,1.65,1.1,5.06,1.58,2.88,11.1,7.24,0.84,2.72,3.42
design_6516,1.15,1.34,1.88,1.77,1.19,4.98,1.57,2.83,11.17,7.28,0.84,2.59,3.34
design_6517,0.91,1.34,1.38,1.68,1.02,5.99,1.68,3.23,9.68,6.7,0.83,2.26,3.4
design_6518,0.97,1.68,1.0,1.75,1.49,8.06,2.09,4.25,7.0,5.27,0.85,2.63,4.43
design_6519,1.21,1.33,2.28,1.72,1.07,4.84,1.55,2.8,12.31,7.7,0.84,5.71,4.68
design_6520,9.19,23.61,11.42,26.01,12.27,21.14,14.81,18.18,14.23,8.41,0.85,23.75,16.89
design_6521,9.64,24.19,10.47,26.32,12.8,21.63,14.89,18.42,14.89,8.72,0.84,24.97,14.7
design_6522,8.86,23.98,11.52,26.27,12.63,21.51,14.86,18.4,14.48,8.57,0.85,25.43,16.73
design_6523,9.98,25.85,10.67,26.45,13.5,21.95,15.03,18.96,8.1,5.81,0.84,28.68,22.35
design_6524,8.48,22.79,10.99,25.95,11.44,20.62,14.67,17.72,16.78,9.48,0.85,21.5,17.5
design_6525,9.06,23.14,11.32,25.87,12.07,20.46,14.73,17.88,15.23,8.79,0.85,24.68,17.64
design_6526,8.56,23.66,10.34,25.96,11.81,20.11,14.68,17.74,16.54,9.3,0.85,18.79,15.78
design_6527,9.07,24.59,10.22,26.33,12.53,20.87,14.85,18.25,14.56,8.25,0.86,23.21,16.56
design_6528,9.88,22.4,11.78,26.77,13.23,23.52,15.06,18.93,10.65,6.67,0.85,26.93,17.29
design_6529,8.08,20.78,9.91,26.01,11.71,22.41,14.71,17.71,7.63,5.44,0.85,28.28,17.05
design_6530,8.46,21.01,10.25,26.26,11.46,24.09,14.88,18.28,6.89,5.76,0.83,29.73,19.44
design_6531,8.55,21.37,10.63,26.25,12.41,22.75,14.83,18.13,8.53,6.14,0.83,27.97,17.24
design_6532,7.32,21.71,11.34,26.37,12.55,24.67,14.98,18.73,12.8,8.36,0.81,25.87,18.53
design_6533,6.88,22.44,9.52,26.28,11.85,22.75,14.82,18.01,10.07,6.64,0.83,27.66,18.05
design_6534,7.71,21.7,9.29,26.09,11.67,22.56,14.77,17.81,13.01,8.2,0.82,26.82,18.13
design_6535,7.26,22.95,10.64,26.66,12.51,23.39,14.95,18.56,5.82,5.41,0.83,27.46,18.69
design_6536,1.14,2.3,4.34,1.64,1.27,4.14,1.68,3.14,16.74,9.69,0.84,17.01,10.8
design_6537,1.17,2.03,4.22,1.43,0.96,2.56,1.45,2.59,13.84,8.42,0.83,15.49,11.35
design_6538,1.36,2.3,3.48,1.67,1.17,3.77,1.59,2.77,17.47,9.99,0.84,30.24,22.13
design_6539,1.02,2.18,3.37,1.46,1.04,4.19,1.51,2.83,16.27,9.54,0.84,13.57,11.27
design_6540,1.22,2.45,4.57,1.66,1.4,2.07,1.55,2.71,17.14,9.7,0.85,28.35,21.31
design_6541,1.51,2.44,3.25,1.67,1.11,3.04,1.49,2.5,16.14,9.38,0.83,24.39,17.96
design_6542,1.22,2.29,3.62,1.53,1.35,2.3,1.41,2.38,16.28,9.5,0.84,11.0,7.12
design_6543,1.03,2.12,3.64,1.45,1.01,3.27,1.48,2.59,17.04,9.71,0.85,24.35,18.51
design_6544,1.45,2.73,1.21,1.85,1.35,7.68,2.07,4.14,14.34,8.22,0.86,25.68,19.41
design_6545,1.55,3.08,1.98,2.23,1.34,6.73,2.0,3.83,15.96,9.06,0.85,32.78,22.12
design_6546,1.6,2.81,1.33,2.04,1.4,7.68,2.12,4.18,15.23,8.75,0.85,35.98,25.07
design_6547,1.33,2.45,0.77,2.41,1.18,8.55,2.21,4.54,16.89,9.22,0.88,11.71,9.79
design_6548,1.36,2.86,2.45,2.47,1.29,7.28,2.09,4.1,15.86,8.89,0.86,27.24,20.35
design_6549,1.43,2.54,1.01,1.83,1.05,7.85,2.06,4.18,16.81,9.29,0.87,25.2,18.76
design_6550,1.6,2.86,1.27,2.04,1.22,7.0,1.98,3.86,15.91,9.01,0.85,33.39,23.25
design_6551,1.4,2.89,1.14,2.03,1.0,7.47,2.06,4.05,16.36,9.17,0.86,30.42,21.73
design_6552,1.19,2.29,4.27,2.14,1.14,2.9,1.45,2.54,14.72,8.67,0.85,3.88,4.05
design_6553,1.55,2.39,2.15,2.31,1.2,2.38,1.36,2.06,17.7,9.76,0.87,20.05,16.5
design_6554,1.28,2.39,2.1,2.12,1.17,2.34,1.29,1.97,16.26,9.19,0.86,4.78,4.49
design_6555,1.44,2.73,2.03,2.15,1.25,2.71,1.37,2.15,12.12,7.4,0.85,2.9,3.14
design_6556,1.71,2.61,2.06,2.18,1.1,2.28,1.35,2.06,12.44,7.53,0.85,10.92,7.52
design_6557,1.41,2.52,2.04,2.31,1.12,2.9,1.39,2.17,13.03,7.79,0.85,4.46,4.38
design_6558,0.94,2.29,1.08,2.11,0.9,2.54,1.15,1.82,7.56,5.55,0.85,3.49,2.46
design_6559,1.33,2.84,1.92,2.26,1.14,2.65,1.37,2.14,13.15,7.87,0.85,2.98,3.27
design_6560,1.33,2.48,2.02,2.35,0.89,4.6,1.67,2.8,18.58,10.38,0.84,17.76,11.29
design_6561,1.42,2.63,1.36,2.44,1.11,5.55,1.81,3.13,14.29,8.57,0.83,30.59,22.65
design_6562,1.36,2.3,2.21,2.37,0.87,5.88,1.87,3.33,16.63,9.48,0.85,21.51,15.31
design_6563,1.39,2.71,2.1,2.3,1.0,4.89,1.73,2.95,16.94,9.68,0.85,5.23,4.55
design_6564,1.24,2.42,2.78,2.23,0.91,5.32,1.81,3.21,10.49,7.01,0.83,3.5,4.34
design_6565,1.27,2.29,1.94,2.02,0.93,5.4,1.73,3.05,16.08,9.38,0.84,10.33,7.56
design_6566,1.54,2.5,1.28,2.3,1.16,5.51,1.81,3.08,11.63,7.5,0.83,4.85,3.8
design_6567,1.58,2.98,1.31,2.77,1.19,5.28,1.89,3.1,17.23,9.69,0.85,26.88,20.25
design_6568,2.87,3.86,4.93,2.85,1.65,1.83,1.96,3.44,15.76,8.82,0.86,23.28,16.08
design_6569,2.05,3.22,2.53,2.39,1.62,1.15,1.4,2.29,5.46,4.37,0.87,30.47,22.9
design_6570,2.48,3.26,3.56,2.42,1.6,1.6,1.61,2.72,15.1,8.54,0.86,28.65,21.86
design_6571,2.48,3.06,2.61,2.46,1.64,1.75,1.46,2.42,13.24,7.59,0.87,28.84,21.97
design_6572,2.59,3.29,2.45,2.43,1.37,1.81,1.47,2.41,14.62,8.09,0.87,19.19,15.63
design_6573,3.0,3.29,3.99,2.85,1.8,1.59,1.78,3.03,8.6,5.73,0.86,28.69,22.05
design_6574,2.49,3.24,3.12,2.79,1.69,1.42,1.58,2.63,7.82,5.36,0.86,29.25,22.5
design_6575,2.32,3.14,3.06,2.66,1.35,1.93,1.55,2.56,14.71,8.13,0.87,18.29,13.24
design_6576,1.34,1.59,2.42,2.28,1.3,2.82,1.28,2.07,15.1,8.77,0.86,6.18,4.91
design_6577,1.57,1.37,1.18,2.51,1.32,2.06,1.18,1.78,13.53,7.95,0.85,12.82,9.87
design_6578,1.29,1.23,0.89,2.33,1.1,2.0,1.05,1.62,9.1,6.22,0.84,5.99,3.34
design_6579,1.39,1.4,1.27,2.6,1.45,2.46,1.24,1.91,14.73,8.55,0.85,9.03,6.84
design_6580,1.53,1.57,1.3,2.36,1.22,2.25,1.22,1.81,16.06,9.12,0.85,11.6,7.01
design_6581,1.57,1.28,1.2,2.34,1.27,2.53,1.22,1.85,12.89,7.77,0.85,6.82,6.02
design_6582,1.37,1.38,1.32,2.61,1.39,2.26,1.2,1.85,13.51,8.03,0.85,6.74,4.4
design_6583,1.52,1.39,1.22,2.6,1.46,2.45,1.25,1.92,14.43,8.42,0.85,8.4,7.72
design_6584,8.72,21.7,8.29,27.16,12.42,27.2,15.46,20.44,15.08,9.44,0.82,16.34,15.35
design_6585,7.76,21.5,8.17,26.78,11.88,27.83,15.43,20.45,15.93,9.71,0.82,15.28,16.54
design_6586,9.31,22.4,8.67,27.19,13.01,25.3,15.34,20.01,13.15,8.24,0.83,17.62,15.7
design_6587,7.98,21.84,7.56,26.85,12.05,24.24,15.15,19.25,10.2,6.96,0.83,22.07,17.62
design_6588,8.18,22.77,8.7,27.25,13.01,26.29,15.44,20.34,11.35,7.78,0.81,15.93,16.05
design_6589,9.67,21.15,7.96,26.88,11.83,27.16,15.4,20.29,13.65,8.74,0.82,15.98,17.06
design_6590,7.79,22.2,8.27,27.06,12.42,26.83,15.4,20.3,14.57,9.04,0.83,16.87,17.49
design_6591,9.69,21.37,8.26,27.07,12.43,24.46,15.2,19.5,16.68,9.76,0.84,22.91,17.28
design_6592,1.11,1.82,1.18,1.91,1.0,3.16,1.23,1.98,15.02,8.75,0.84,30.43,21.3
design_6593,1.23,1.07,0.93,1.68,0.79,4.75,1.3,2.52,12.85,7.83,0.84,7.23,4.62
design_6594,0.99,1.49,0.87,2.31,1.09,2.06,1.06,1.59,14.06,8.33,0.84,21.28,12.22
design_6595,1.21,1.74,0.92,1.99,1.08,3.07,1.21,1.93,17.59,9.81,0.85,32.05,23.9
design_6596,1.26,1.79,1.19,2.16,1.02,4.64,1.49,2.61,16.62,9.25,0.86,12.39,9.95
design_6597,1.21,1.55,1.1,1.87,1.48,2.48,1.12,1.74,16.91,9.51,0.85,15.7,11.72
design_6598,1.28,1.27,0.83,1.58,1.3,4.06,1.24,2.25,10.04,6.72,0.84,4.21,4.03
design_6599,1.31,1.53,2.21,1.87,1.06,2.77,1.22,2.01,16.77,9.53,0.85,17.25,10.78
design_6600,1.18,2.24,3.52,2.67,1.0,1.16,1.48,2.23,15.61,8.43,0.89,24.34,16.21
design_6601,1.13,1.83,2.54,2.23,1.46,1.15,1.28,1.84,10.11,5.96,0.88,6.24,6.39
design_6602,1.38,1.3,2.56,1.84,1.42,1.17,1.12,1.71,9.73,5.86,0.88,8.15,7.3
design_6603,1.4,1.54,2.62,2.14,1.19,1.08,1.22,1.79,13.74,7.51,0.89,12.71,9.26
design_6604,1.07,2.02,2.17,2.21,1.32,1.11,1.25,1.75,9.47,5.62,0.88,6.64,5.98
design_6605,1.13,2.3,1.86,2.52,1.14,1.05,1.29,1.8,13.58,7.36,0.89,5.47,5.05
design_6606,1.17,1.33,2.61,1.96,0.92,1.06,1.11,1.67,13.57,7.45,0.89,8.05,5.92
design_6607,1.07,2.06,2.43,2.36,1.26,1.07,1.31,1.84,13.16,7.31,0.88,5.56,5.55
design_6608,1.43,0.81,0.68,1.72,0.76,4.58,1.27,2.44,18.78,10.37,0.86,18.03,14.56
design_6609,0.89,0.32,2.98,1.68,0.75,4.75,1.38,2.72,14.59,8.59,0.85,26.83,20.43
design_6610,1.31,1.34,0.52,1.71,1.03,6.23,1.63,3.2,17.08,9.2,0.88,30.1,21.29
design_6611,0.83,0.94,2.53,1.6,0.91,3.1,1.12,2.01,17.42,9.59,0.86,19.62,15.67
design_6612,1.62,0.76,3.04,1.63,0.79,5.94,1.62,3.28,13.12,7.56,0.87,27.88,21.12
design_6613,1.49,1.07,2.78,1.63,0.79,6.32,1.68,3.4,11.98,7.01,0.87,26.77,20.43
design_6614,1.06,0.5,2.88,1.73,1.15,5.39,1.52,3.0,11.64,6.92,0.87,26.39,20.18
design_6615,1.17,0.76,2.85,1.88,1.05,5.99,1.6,3.27,13.11,7.84,0.85,26.59,20.45
design_6616,0.94,1.9,1.16,1.62,1.1,4.9,1.54,2.77,16.41,9.39,0.85,8.5,7.76
design_6617,0.93,1.82,0.58,1.47,0.89,5.46,1.54,2.97,16.69,9.6,0.85,15.45,11.75
design_6618,1.26,2.23,0.93,1.81,1.0,3.99,1.5,2.41,16.29,9.32,0.86,9.63,7.59
design_6619,1.61,2.61,1.03,1.95,1.22,3.7,1.55,2.41,17.36,9.75,0.85,29.06,22.18
design_6620,1.42,2.57,1.23,1.75,1.18,4.06,1.54,2.53,16.68,9.46,0.85,29.52,22.32
design_6621,1.35,2.42,0.95,1.86,1.1,3.61,1.5,2.3,17.04,9.6,0.85,12.85,10.35
design_6622,1.2,2.41,0.7,1.83,0.98,4.17,1.51,2.5,17.09,9.68,0.85,15.79,14.89
design_6623,1.18,2.04,0.71,1.56,1.04,6.99,1.89,3.75,17.65,9.92,0.85,28.49,21.13
design_6624,10.51,24.05,9.55,26.93,15.1,25.02,15.45,20.72,9.4,6.61,0.83,21.12,20.01
design_6625,11.0,25.02,9.86,27.04,15.78,25.31,15.57,21.13,14.78,8.94,0.83,15.61,16.59
design_6626,10.31,24.93,9.81,27.03,15.61,25.15,15.54,20.98,16.6,9.74,0.84,17.73,18.3
design_6627,10.62,24.07,9.58,27.06,15.75,26.43,15.61,21.28,9.96,6.97,0.83,16.89,17.93
design_6628,11.18,24.64,9.8,27.02,15.45,25.15,15.54,20.99,15.07,8.95,0.84,27.19,26.89
design_6629,10.92,24.71,9.62,27.03,15.64,25.02,15.53,20.95,15.59,9.21,0.84,16.47,17.17
design_6630,10.7,24.38,9.76,26.93,15.33,25.32,15.52,20.92,13.56,8.37,0.84,16.29,16.47
design_6631,11.02,24.11,9.52,27.03,15.39,25.02,15.49,20.82,15.9,9.35,0.84,15.78,17.0
design_6632,1.14,2.38,1.11,1.95,0.77,5.36,1.53,2.88,16.77,9.12,0.88,25.07,19.55
design_6633,1.33,2.69,2.46,2.01,1.19,5.48,1.66,3.12,14.2,8.09,0.86,26.97,21.0
design_6634,1.36,2.0,3.22,1.94,0.78,5.46,1.63,3.11,17.76,9.73,0.87,25.05,18.96
design_6635,1.35,2.64,2.49,1.94,1.11,5.39,1.62,3.07,15.87,8.87,0.86,27.24,21.27
design_6636,1.22,1.96,3.21,1.72,1.17,4.92,1.51,2.89,13.35,7.98,0.85,27.06,21.27
design_6637,1.3,2.11,1.85,1.78,0.81,5.6,1.56,2.99,17.42,9.63,0.87,29.9,23.15
design_6638,0.96,2.08,1.95,1.59,1.47,4.26,1.32,2.47,12.78,7.8,0.85,26.83,21.37
design_6639,1.14,2.47,2.81,1.94,1.19,5.3,1.61,3.05,15.34,8.76,0.86,27.24,21.3
design_6640,1.29,2.26,0.93,2.52,1.42,2.64,1.32,2.02,17.6,9.75,0.86,19.44,14.92
design_6641,1.29,2.39,1.34,2.44,1.53,2.38,1.38,2.0,17.47,9.68,0.87,8.35,6.82
design_6642,1.47,2.61,0.88,2.35,1.39,2.43,1.29,2.01,17.4,9.68,0.87,6.87,7.02
design_6643,1.32,2.27,0.81,2.37,1.44,2.77,1.34,2.02,16.27,9.22,0.86,6.65,5.06
design_6644,1.36,2.39,1.03,2.83,1.53,2.51,1.4,2.11,18.53,10.15,0.86,17.0,11.25
design_6645,1.16,1.97,1.01,2.66,1.23,2.4,1.27,1.91,13.37,7.98,0.85,4.68,2.96
design_6646,1.34,2.25,0.78,2.53,1.39,1.97,1.3,1.85,17.44,9.58,0.87,12.12,11.03
design_6647,1.26,2.08,0.9,2.38,1.43,2.79,1.3,1.99,16.56,9.3,0.86,10.48,8.71
design_6648,0.94,1.22,2.42,1.63,0.83,2.34,1.16,1.76,16.98,9.75,0.84,12.74,8.12
design_6649,0.66,1.13,0.98,1.76,0.95,6.87,1.81,3.62,13.52,8.16,0.84,6.76,5.22
design_6650,0.77,1.04,0.89,1.77,0.87,7.22,1.88,3.78,12.07,7.27,0.86,7.39,5.27
design_6651,1.33,1.48,2.46,1.88,0.9,2.02,1.28,1.78,18.14,10.21,0.85,17.1,14.63
design_6652,1.27,1.92,1.09,1.76,0.89,7.09,1.88,3.8,15.59,8.89,0.86,10.09,7.2
design_6653,1.64,1.77,1.26,1.76,1.38,6.97,1.89,3.78,11.45,6.92,0.86,26.92,20.72
design_6654,0.88,1.75,2.05,1.74,1.05,7.55,2.0,4.04,16.34,9.17,0.86,10.01,8.27
design_6655,0.9,1.3,2.0,2.19,1.05,7.27,1.94,3.92,12.3,7.4,0.86,18.27,10.74
design_6656,1.19,1.03,4.94,1.9,1.06,1.12,1.25,2.31,10.02,6.24,0.87,4.56,3.52
design_6657,1.28,1.13,2.11,2.26,1.42,1.42,1.18,1.67,11.72,7.04,0.87,3.76,3.52
design_6658,1.64,1.81,2.18,2.47,1.43,1.42,1.33,1.88,14.71,8.29,0.87,10.92,8.18
design_6659,1.05,1.34,2.63,2.21,1.36,1.42,1.19,1.76,11.99,7.03,0.87,4.44,3.28
design_6660,1.35,1.03,4.7,2.21,1.31,1.18,1.32,2.32,12.71,7.46,0.87,4.86,4.26
design_6661,1.59,1.35,1.38,2.23,1.21,1.23,1.14,1.56,11.78,7.09,0.86,5.51,3.81
design_6662,1.18,1.07,4.95,2.16,1.07,1.2,1.27,2.36,11.58,7.07,0.86,6.66,4.79
design_6663,1.21,1.43,2.52,2.31,1.1,1.4,1.19,1.76,11.91,7.01,0.87,4.69,3.89
design_6664,1.23,2.65,2.65,1.95,1.3,1.69,1.37,2.07,19.02,10.24,0.86,14.03,11.75
design_6665,1.16,2.51,2.7,1.76,1.4,2.05,1.35,2.09,19.48,10.06,0.88,27.87,19.18
design_6666,1.07,2.48,2.88,1.72,1.06,1.67,1.31,2.06,20.22,10.4,0.88,18.96,12.29
design_6667,1.34,2.24,2.49,1.9,1.12,1.65,1.32,1.94,19.7,10.18,0.88,18.9,11.33
design_6668,1.12,2.39,2.51,1.88,1.05,1.85,1.31,1.97,19.5,10.07,0.88,27.26,21.06
design_6669,1.11,2.54,2.8,1.53,1.04,1.59,1.28,2.01,18.82,9.79,0.88,10.53,9.39
design_6670,1.06,2.37,2.62,1.61,1.05,1.5,1.23,1.91,18.87,9.89,0.88,11.92,8.65
design_6671,1.13,2.39,2.68,1.63,1.04,2.05,1.29,2.02,19.26,9.95,0.88,33.76,21.25
design_6672,1.21,2.09,2.69,1.89,1.08,2.85,1.36,2.18,17.8,9.71,0.86,19.49,14.27
design_6673,1.0,1.99,2.67,1.59,1.41,2.69,1.27,2.09,12.08,7.37,0.85,9.68,7.5
design_6674,1.34,2.26,2.89,1.88,1.09,2.59,1.38,2.21,16.79,9.3,0.86,11.41,11.75
design_6675,1.13,2.12,2.65,1.8,1.62,2.62,1.32,2.14,15.82,8.95,0.86,13.67,9.54
design_6676,1.22,1.99,2.79,1.78,1.17,2.65,1.32,2.14,12.18,7.36,0.85,14.07,10.68
design_6677,1.41,1.91,2.99,1.73,0.99,2.23,1.29,2.09,13.01,7.81,0.84,11.25,8.75
design_6678,1.1,1.85,2.83,1.69,0.99,2.98,1.31,2.19,14.81,8.6,0.85,12.19,9.06
design_6679,1.27,2.69,3.0,2.12,1.03,2.56,1.47,2.32,14.15,8.24,0.84,30.95,22.75
design_6680,1.27,0.97,2.71,1.98,1.21,2.31,1.17,1.83,14.25,8.23,0.86,10.03,6.25
design_6681,1.23,0.67,3.25,1.87,1.29,2.33,1.16,1.91,16.8,8.89,0.9,10.0,7.47
design_6682,1.15,1.0,3.25,1.83,0.97,2.12,1.15,1.84,16.23,8.89,0.87,11.84,11.35
design_6683,1.26,0.92,3.36,1.97,1.06,2.64,1.23,2.02,15.5,8.31,0.9,9.19,7.97
design_6684,1.26,0.76,3.38,2.13,0.97,2.27,1.16,1.95,12.35,7.07,0.89,6.55,4.53
design_6685,1.14,0.88,3.59,2.13,1.52,2.62,1.25,2.13,14.53,7.84,0.89,19.45,14.3
design_6686,1.25,0.76,3.26,1.86,1.36,2.37,1.18,1.94,15.4,8.26,0.9,7.98,5.56
design_6687,1.09,0.83,3.39,1.81,1.26,2.19,1.15,1.89,13.08,7.43,0.88,7.23,5.83
design_6688,9.23,24.55,11.99,26.6,13.22,23.99,15.28,19.43,13.98,8.49,0.83,27.89,18.9
design_6689,9.8,23.51,13.33,26.41,12.99,23.75,15.27,19.39,11.82,7.63,0.83,27.59,17.6
design_6690,9.49,24.19,13.06,26.61,13.56,23.97,15.33,19.58,14.78,8.68,0.84,27.47,17.42
design_6691,9.18,23.75,12.24,26.54,13.56,23.87,15.25,19.32,14.03,8.19,0.85,28.21,18.75
design_6692,10.14,23.76,12.9,26.62,13.83,25.07,15.4,19.87,15.76,9.25,0.84,26.78,17.29
design_6693,9.11,23.77,13.06,26.55,14.29,25.01,15.38,19.84,14.56,8.42,0.86,26.09,18.42
design_6694,9.98,23.45,13.04,26.77,12.83,23.69,15.28,19.39,10.05,6.94,0.83,27.54,17.26
design_6695,10.05,23.88,12.94,26.61,13.43,24.95,15.4,19.82,9.03,6.48,0.83,29.39,18.53
design_6696,1.63,2.72,5.61,2.04,1.27,4.41,1.97,3.71,16.86,9.56,0.84,30.78,22.32
design_6697,1.81,2.44,3.06,1.92,1.11,1.34,1.34,2.18,16.31,9.3,0.85,28.95,23.03
design_6698,1.9,2.27,2.7,2.02,0.98,1.71,1.32,2.09,13.89,8.34,0.84,28.13,20.69
design_6699,1.7,2.67,9.07,2.16,1.51,4.92,2.62,5.3,13.27,7.66,0.85,30.74,23.1
design_6700,1.74,2.3,3.34,1.98,0.95,2.1,1.35,2.36,15.61,8.87,0.86,26.86,20.39
design_6701,1.63,2.07,2.0,1.94,1.0,1.59,1.17,1.78,17.41,9.85,0.85,30.25,23.22
design_6702,1.8,2.33,4.16,2.27,1.57,2.0,1.7,2.74,14.28,8.42,0.84,29.08,18.88
design_6703,1.63,2.55,3.1,1.9,0.94,1.35,1.35,2.18,15.73,8.98,0.85,27.59,20.77
design_6704,1.34,2.28,1.56,2.76,1.09,1.4,1.36,1.83,17.26,9.11,0.89,20.71,12.56
design_6705,1.28,2.12,1.37,2.48,1.05,1.34,1.27,1.67,18.18,9.53,0.89,33.46,24.91
design_6706,1.26,2.05,1.54,2.77,1.21,1.35,1.33,1.78,16.61,8.88,0.89,18.39,11.95
design_6707,1.45,2.32,1.4,2.57,1.3,1.38,1.38,1.79,13.17,7.46,0.87,9.47,6.68
design_6708,1.24,2.15,1.47,2.59,1.19,1.47,1.31,1.75,16.46,8.8,0.88,12.45,9.81
design_6709,1.25,2.34,1.85,2.83,1.15,1.41,1.41,1.92,15.27,8.36,0.88,30.86,21.56
design_6710,1.26,2.24,2.32,2.63,1.23,1.26,1.36,1.96,16.62,8.87,0.88,8.28,9.28
design_6711,1.12,1.9,1.65,2.36,1.2,1.19,1.2,1.64,15.1,8.24,0.88,9.43,7.56
design_6712,1.66,1.99,1.34,2.1,1.26,8.06,2.14,4.34,16.52,9.42,0.85,9.41,7.54
design_6713,1.54,2.13,2.7,2.48,1.51,3.87,1.59,2.68,17.27,9.8,0.85,30.56,25.12
design_6714,1.28,1.9,1.05,2.34,1.13,7.31,1.96,3.96,11.8,7.46,0.84,3.53,4.27
design_6715,1.39,2.16,1.17,1.97,1.29,8.07,2.12,4.32,15.49,8.95,0.85,12.43,10.82
design_6716,1.77,1.56,1.22,2.15,1.2,6.7,1.86,3.67,18.05,10.13,0.84,27.31,21.28
design_6717,1.63,2.48,1.16,2.22,1.3,8.01,2.19,4.35,18.09,10.08,0.86,30.94,24.16
design_6718,1.41,2.07,1.38,2.09,1.38,5.29,1.65,3.05,15.71,9.27,0.84,6.72,5.92
design_6719,1.7,1.96,2.72,2.34,1.25,4.09,1.58,2.73,18.01,10.15,0.85,30.74,26.81
design_6720,1.34,2.25,1.53,1.85,1.31,5.73,1.63,3.1,14.89,8.01,0.89,31.23,22.86
design_6721,1.1,2.09,1.51,1.8,1.21,5.69,1.59,3.04,14.96,8.08,0.89,27.4,21.28
design_6722,1.32,2.26,1.31,1.84,1.5,5.61,1.6,3.05,15.39,8.38,0.87,32.84,23.59
design_6723,1.38,2.23,1.52,1.84,1.31,5.67,1.63,3.07,14.53,7.96,0.88,33.54,23.96
design_6724,1.38,2.44,1.44,1.95,1.3,5.68,1.66,3.11,15.84,8.4,0.89,29.88,22.4
design_6725,1.43,2.65,1.52,2.08,1.24,5.73,1.73,3.17,16.02,8.4,0.9,30.19,24.76
design_6726,0.95,1.78,1.03,1.61,1.5,3.11,1.12,1.93,13.87,8.31,0.85,24.36,18.61
design_6727,1.31,2.24,1.3,1.88,1.48,5.6,1.61,3.04,14.91,8.12,0.88,30.62,22.88
design_6728,2.75,3.26,5.08,2.75,1.59,2.2,1.99,3.43,17.28,9.32,0.88,25.42,18.48
design_6729,3.07,3.13,3.53,2.74,1.95,2.39,1.82,2.94,14.3,8.07,0.86,27.61,21.07
design_6730,2.88,3.25,2.94,2.18,2.26,2.16,1.71,2.67,17.7,9.51,0.87,31.84,24.53
design_6731,2.91,3.47,3.46,2.43,2.14,2.43,1.84,2.92,16.05,8.73,0.87,29.59,22.64
design_6732,2.7,3.16,2.85,2.09,2.13,2.09,1.65,2.57,16.59,9.07,0.87,26.39,20.64
design_6733,2.61,2.82,3.71,2.44,1.79,2.08,1.74,2.8,17.9,9.53,0.88,32.78,23.72
design_6734,2.69,3.33,2.38,2.4,1.94,2.11,1.64,2.49,16.72,9.13,0.86,22.09,17.88
design_6735,3.05,3.6,3.15,2.69,2.34,2.36,1.86,2.92,16.01,8.75,0.87,27.61,21.27
design_6736,1.22,1.64,2.53,1.92,1.1,1.97,1.19,1.79,14.3,8.26,0.86,3.48,3.77
design_6737,1.11,1.42,0.98,2.08,0.89,2.0,1.02,1.51,10.11,6.56,0.85,4.75,3.01
design_6738,1.21,1.62,1.68,1.87,1.17,2.06,1.1,1.64,12.02,7.4,0.85,5.5,3.85
design_6739,1.14,1.69,0.75,1.91,1.5,2.19,1.14,1.62,9.55,6.29,0.85,2.81,2.43
design_6740,1.27,1.68,2.66,1.84,0.92,2.2,1.19,1.85,15.29,8.69,0.86,8.48,5.72
design_6741,1.22,1.48,2.42,2.28,0.85,2.26,1.18,1.86,13.61,7.91,0.87,4.33,3.96
design_6742,1.28,1.55,2.51,1.88,0.85,2.0,1.18,1.76,16.19,9.02,0.87,5.64,4.41
design_6743,1.25,1.66,0.78,1.99,0.92,2.43,1.15,1.64,11.73,7.22,0.85,2.5,2.76
design_6744,7.78,21.92,7.72,26.3,13.53,25.84,15.2,19.89,14.41,8.59,0.83,23.85,19.71
design_6745,8.13,21.76,7.67,26.11,13.49,25.96,15.2,19.88,16.07,9.22,0.85,17.57,15.46
design_6746,9.94,22.93,6.75,26.51,14.34,24.4,15.2,19.87,13.67,8.3,0.84,23.12,20.63
design_6747,7.82,21.99,7.85,26.44,13.5,25.08,15.15,19.7,12.32,7.69,0.84,22.5,19.93
design_6748,8.86,21.61,7.54,26.21,13.47,25.99,15.2,19.93,17.06,9.67,0.85,25.29,23.13
design_6749,8.87,21.43,7.68,26.2,13.39,25.1,15.12,19.62,14.93,8.64,0.85,24.26,19.78
design_6750,9.18,21.18,7.43,26.2,12.93,24.69,15.06,19.42,17.41,9.65,0.86,20.62,19.1
design_6751,8.05,22.39,7.95,26.4,13.88,26.21,15.25,20.17,18.03,10.05,0.85,26.21,21.16
design_6752,1.07,2.22,0.92,1.76,0.93,7.37,1.99,3.98,17.23,9.41,0.88,29.84,23.23
design_6753,1.26,2.14,2.82,1.85,1.08,4.08,1.49,2.64,18.31,10.33,0.85,28.6,21.73
design_6754,1.2,1.65,1.35,1.7,1.06,8.17,2.1,4.36,16.65,9.34,0.86,32.14,23.84
design_6755,1.11,1.5,1.66,1.02,0.87,4.35,1.33,2.47,18.49,10.06,0.86,28.59,22.51
design_6756,1.08,2.08,1.64,1.78,1.02,7.44,2.01,4.04,17.17,9.5,0.87,28.42,22.87
design_6757,0.99,1.4,0.97,1.47,0.57,6.69,1.74,3.56,14.99,8.6,0.85,28.58,21.03
design_6758,1.04,2.04,3.26,1.73,1.2,3.51,1.39,2.44,17.16,9.77,0.85,21.53,17.44
design_6759,0.9,1.35,0.99,0.9,0.86,4.27,1.27,2.35,14.06,8.16,0.85,27.42,20.61
design_6760,1.06,2.09,2.64,1.95,0.95,2.31,1.23,2.05,10.14,6.65,0.85,6.22,4.85
design_6761,0.98,2.15,3.0,2.39,1.4,2.14,1.31,2.24,12.57,7.49,0.85,12.31,8.16
design_6762,1.03,2.07,2.63,1.89,0.95,2.42,1.19,2.05,16.81,9.41,0.86,12.66,11.04
design_6763,1.01,2.0,3.63,2.08,2.49,3.88,1.51,2.86,14.17,7.9,0.87,12.67,8.72
design_6764,1.1,2.0,2.66,2.05,1.09,2.45,1.26,2.09,10.96,6.92,0.85,8.39,5.94
design_6765,1.07,2.22,3.93,1.96,0.83,2.34,1.41,2.55,16.5,9.28,0.86,11.87,8.7
design_6766,1.04,2.06,2.64,2.12,1.07,2.29,1.25,2.07,12.43,7.57,0.85,7.3,5.11
design_6767,0.96,2.08,2.32,1.95,1.01,2.68,1.19,2.02,10.69,6.78,0.85,4.63,3.46
design_6768,1.74,2.84,1.94,2.57,1.49,2.14,1.54,2.18,16.32,9.12,0.87,18.45,14.44
design_6769,1.77,2.74,2.06,2.58,1.37,3.11,1.63,2.37,16.06,8.8,0.88,21.75,17.21
design_6770,1.86,2.89,1.8,2.59,1.55,2.63,1.55,2.3,16.23,9.02,0.87,15.98,12.72
design_6771,1.7,2.89,1.62,2.47,1.48,2.51,1.53,2.2,16.99,9.34,0.86,19.67,14.56
design_6772,1.81,3.12,1.86,2.38,1.43,2.46,1.58,2.25,16.47,9.04,0.87,17.79,13.26
design_6773,1.86,3.02,1.8,2.68,1.52,2.52,1.59,2.32,16.61,9.17,0.87,21.64,17.15
design_6774,1.94,3.05,2.07,2.91,1.57,2.51,1.69,2.41,16.07,8.82,0.88,27.6,20.95
design_6775,1.79,3.02,1.74,2.54,1.36,2.17,1.55,2.19,16.15,8.96,0.87,14.54,11.35
design_6776,1.65,2.41,1.82,2.79,1.36,1.84,1.52,2.03,15.98,8.57,0.88,12.85,9.76
design_6777,1.46,2.03,1.26,2.39,1.36,1.98,1.31,1.76,4.57,3.89,0.88,3.3,2.46
design_6778,1.46,2.14,1.61,2.77,1.29,2.16,1.44,1.95,12.09,6.85,0.88,5.19,4.56
design_6779,1.45,2.15,1.49,2.9,1.36,1.89,1.44,1.92,11.61,6.76,0.88,29.09,22.77
design_6780,1.52,2.09,1.53,2.76,1.35,2.1,1.45,1.93,16.46,8.78,0.89,21.18,15.85
design_6781,1.53,1.85,1.6,2.5,1.1,1.81,1.32,1.78,16.01,8.54,0.89,12.55,11.07
design_6782,1.37,1.89,1.39,2.65,1.05,1.7,1.29,1.74,16.84,8.91,0.89,17.03,11.44
design_6783,1.3,1.86,1.9,2.75,1.64,2.13,1.41,1.98,15.66,8.47,0.88,22.19,15.58
design_6784,1.16,2.36,3.88,2.07,0.7,1.31,1.37,2.37,17.11,9.5,0.86,9.23,10.15
design_6785,1.19,2.77,3.57,2.12,0.98,1.93,1.44,2.41,17.12,9.57,0.86,16.49,11.48
design_6786,1.23,2.55,3.74,2.19,0.75,1.99,1.44,2.45,17.03,9.47,0.86,32.53,23.86
design_6787,1.27,2.59,3.48,2.34,0.7,1.75,1.4,2.35,17.39,9.6,0.86,31.32,23.32
design_6788,1.37,2.61,3.57,2.35,0.82,1.85,1.43,2.41,16.46,9.32,0.85,30.62,23.76
design_6789,1.06,2.03,5.2,1.82,0.8,1.47,1.51,2.86,13.92,8.01,0.86,13.54,10.15
design_6790,1.25,2.53,3.08,2.42,0.8,2.1,1.37,2.28,14.48,8.46,0.85,27.96,21.01
design_6791,1.21,2.68,3.41,2.12,0.89,2.24,1.41,2.39,17.13,9.54,0.86,20.3,14.32
design_6792,1.06,2.35,1.52,2.97,1.18,1.08,1.37,1.83,13.35,7.51,0.87,6.08,4.63
design_6793,0.64,2.03,3.99,2.54,1.16,0.98,1.46,2.54,15.24,8.39,0.87,9.39,6.52
design_6794,0.77,2.04,3.9,2.8,1.29,0.93,1.5,2.56,17.2,9.13,0.88,18.47,14.03
design_6795,0.65,2.26,4.25,2.41,1.16,1.14,1.49,2.67,16.07,8.65,0.88,13.59,9.35
design_6796,0.91,2.41,3.71,3.15,1.12,1.16,1.6,2.6,15.32,8.32,0.88,29.15,21.96
design_6797,1.51,2.14,4.11,3.18,1.52,1.49,1.72,2.82,15.84,8.61,0.88,27.65,19.09
design_6798,1.0,1.94,3.92,3.08,1.09,1.27,1.59,2.62,16.25,8.74,0.88,24.0,18.07
design_6799,0.79,1.97,4.17,2.66,1.06,0.88,1.51,2.63,15.05,8.21,0.87,25.95,19.96
design_6800,1.27,2.19,1.42,2.19,1.81,2.02,1.29,1.87,17.65,9.65,0.87,27.58,23.32
design_6801,0.97,2.79,1.39,2.47,1.74,1.92,1.42,1.98,14.64,8.32,0.87,4.8,4.09
design_6802,1.04,2.46,1.41,2.38,1.67,2.12,1.33,1.94,13.15,7.9,0.85,5.01,3.69
design_6803,0.9,2.21,1.08,2.34,1.63,2.01,1.28,1.81,14.11,8.02,0.87,4.27,3.48
design_6804,1.02,2.41,1.42,2.44,1.62,1.76,1.33,1.85,14.62,7.99,0.88,8.24,7.22
design_6805,0.81,2.38,1.0,2.28,1.59,2.02,1.27,1.82,12.47,7.45,0.86,3.27,2.7
design_6806,0.89,2.17,1.33,2.43,1.66,1.77,1.29,1.79,13.29,7.6,0.87,4.53,3.15
design_6807,0.86,2.53,1.38,2.31,1.7,2.16,1.34,1.93,12.79,7.63,0.86,4.89,3.89
design_6808,0.91,1.82,0.71,1.99,0.85,4.46,1.45,2.47,15.97,9.13,0.84,35.69,25.18
design_6809,1.41,2.14,2.33,2.14,1.52,3.69,1.57,2.49,13.4,8.25,0.83,6.0,5.39
design_6810,0.59,1.54,1.26,1.62,1.14,4.89,1.42,2.64,13.85,8.32,0.84,5.26,3.81
design_6811,0.6,1.27,0.88,1.87,1.18,4.12,1.29,2.28,9.02,6.34,0.84,3.19,3.09
design_6812,0.85,1.45,4.15,1.86,1.48,8.12,2.2,4.51,5.46,4.84,0.85,8.34,6.27
design_6813,0.83,1.97,6.46,2.0,1.38,8.16,2.49,5.06,17.02,9.48,0.85,11.32,9.27
design_6814,0.92,1.5,0.68,2.02,1.16,3.84,1.31,2.2,5.72,4.98,0.85,1.72,2.29
design_6815,0.67,1.1,1.18,1.67,1.15,5.31,1.46,2.8,13.73,8.29,0.84,11.26,7.54
design_6816,2.19,2.0,3.78,2.37,1.69,1.0,1.46,2.4,14.94,7.92,0.9,16.73,12.13
design_6817,1.41,1.77,2.09,2.22,1.31,1.22,1.26,1.75,9.02,5.64,0.88,3.58,3.5
design_6818,1.58,2.04,2.06,2.54,1.37,1.23,1.27,1.89,13.24,7.49,0.88,3.19,3.24
design_6819,1.34,1.4,1.61,2.33,1.36,1.11,1.22,1.61,12.17,7.07,0.88,4.18,3.76
design_6820,2.06,1.8,3.59,2.23,1.47,1.0,1.38,2.25,13.72,7.4,0.9,12.15,8.47
design_6821,1.3,1.42,2.15,2.17,1.46,1.15,1.22,1.69,14.37,7.82,0.89,3.18,3.49
design_6822,1.46,1.55,2.3,2.23,1.36,1.22,1.26,1.77,8.19,5.31,0.87,4.11,3.57
design_6823,1.68,1.72,2.06,2.51,1.49,1.27,1.3,1.87,16.87,8.97,0.89,20.86,16.98
design_6824,1.15,2.39,0.9,1.79,1.04,7.83,2.16,4.45,16.17,9.5,0.84,24.73,19.65
design_6825,1.1,2.12,0.65,1.81,1.06,8.76,2.33,4.92,15.61,9.14,0.85,24.63,19.59
design_6826,1.02,2.22,1.59,1.9,1.16,7.35,2.07,4.23,18.27,10.44,0.84,12.89,10.73
design_6827,1.09,2.51,1.31,1.87,0.93,6.8,1.96,3.95,18.87,10.7,0.84,32.69,25.07
design_6828,1.09,2.34,1.13,1.85,1.15,6.82,1.96,3.94,16.9,9.85,0.84,28.01,21.89
design_6829,1.18,2.52,0.96,1.84,0.88,8.22,2.27,4.67,15.86,9.31,0.84,25.0,20.03
design_6830,1.15,2.03,0.47,1.77,0.75,8.81,2.32,4.93,14.99,8.97,0.84,24.42,19.34
design_6831,1.02,2.38,0.7,1.71,0.82,7.96,2.17,4.5,17.72,10.11,0.84,33.94,24.8
design_6832,1.05,2.22,3.1,2.18,0.97,2.37,1.37,2.27,13.34,8.03,0.84,5.27,5.02
design_6833,1.02,1.81,3.19,2.02,0.72,1.7,1.26,2.1,15.9,8.97,0.84,18.68,13.88
design_6834,0.93,2.3,3.97,2.34,1.06,2.16,1.53,2.59,14.78,8.56,0.85,12.31,10.22
design_6835,1.03,2.26,1.94,2.23,1.12,4.37,1.44,2.46,15.03,8.6,0.86,8.02,6.19
design_6836,0.86,2.16,2.72,2.23,1.0,2.94,1.36,2.24,11.02,7.04,0.84,7.51,5.81
design_6837,1.13,2.31,2.46,2.26,1.33,2.85,1.38,2.21,12.65,7.73,0.84,5.54,3.64
design_6838,1.14,2.32,3.21,2.32,1.21,2.73,1.47,2.42,13.73,8.13,0.85,3.89,4.05
design_6839,1.12,1.78,1.13,1.82,1.22,2.51,1.06,1.65,11.38,7.26,0.84,7.72,5.03
design_6840,1.35,1.45,1.97,2.2,1.1,2.86,1.35,2.05,15.45,9.01,0.84,27.85,20.2
design_6841,1.11,1.36,0.93,2.28,1.21,4.31,1.5,2.44,14.66,8.65,0.84,30.18,21.41
design_6842,1.23,1.7,2.04,2.34,0.88,2.75,1.41,2.06,15.96,9.22,0.83,20.56,15.35
design_6843,1.1,1.69,1.23,2.19,1.38,3.62,1.41,2.22,13.63,8.13,0.84,15.48,14.95
design_6844,1.21,1.4,1.43,1.87,0.97,3.13,1.3,1.97,18.97,10.45,0.85,19.11,15.69
design_6845,1.03,1.64,0.89,2.21,1.19,3.88,1.44,2.27,10.38,7.02,0.83,4.66,3.6
design_6846,1.02,1.54,0.83,2.05,1.29,4.26,1.44,2.39,13.57,8.29,0.84,3.15,3.09
design_6847,1.26,1.47,1.32,2.28,1.19,3.5,1.43,2.17,15.13,8.78,0.85,24.87,18.14
design_6848,1.25,1.93,0.91,1.73,0.96,4.96,1.58,2.78,16.83,9.58,0.84,20.89,12.8
design_6849,1.29,1.52,0.98,1.63,0.93,6.53,1.77,3.48,16.61,9.59,0.84,19.39,14.39
design_6850,1.19,2.05,1.65,1.69,1.34,4.8,1.57,2.8,14.34,8.64,0.83,9.2,5.56
design_6851,1.14,2.18,1.46,1.7,1.09,4.55,1.53,2.66,14.53,8.74,0.84,3.65,3.34
design_6852,1.27,1.75,1.03,1.85,1.21,5.15,1.58,2.88,12.7,7.86,0.84,12.14,10.18
design_6853,1.22,1.9,0.7,1.79,0.9,5.4,1.64,2.97,15.92,9.21,0.85,30.03,22.96
design_6854,1.33,2.05,0.56,1.86,1.28,4.8,1.57,2.73,12.27,7.79,0.83,4.07,3.69
design_6855,1.2,1.73,0.97,1.82,0.91,5.21,1.6,2.88,15.76,9.21,0.85,14.64,11.05
design_6856,1.11,1.73,2.64,1.7,1.03,3.07,1.39,2.22,14.59,8.39,0.85,10.99,8.32
design_6857,0.94,1.57,1.05,1.56,0.71,3.57,1.18,2.05,15.86,9.24,0.84,19.12,14.0
design_6858,0.89,1.57,1.66,1.62,0.9,5.96,1.65,3.2,15.19,8.96,0.84,25.29,18.62
design_6859,1.03,1.29,0.9,1.44,0.61,2.24,1.0,1.45,12.38,7.87,0.83,6.39,4.16
design_6860,0.86,1.51,1.43,1.5,0.66,3.51,1.17,2.06,16.64,9.53,0.85,27.6,20.23
design_6861,0.9,1.81,1.87,1.51,0.7,2.87,1.14,1.92,15.91,9.32,0.84,21.91,16.41
design_6862,1.14,0.7,1.08,1.15,2.85,4.01,1.29,2.37,4.76,4.37,0.86,9.05,6.48
design_6863,1.0,1.76,1.53,1.59,0.83,2.96,1.21,1.91,16.07,9.36,0.83,16.81,11.7
design_6864,9.67,22.73,11.11,26.95,13.89,23.6,15.18,19.29,8.78,6.15,0.83,26.31,15.74
design_6865,10.23,23.6,11.61,26.7,14.65,23.9,15.25,19.63,6.91,5.48,0.84,27.01,16.42
design_6866,9.43,22.78,11.01,26.74,13.85,22.75,15.1,19.0,11.29,7.29,0.83,29.09,18.37
design_6867,8.55,20.52,10.18,26.34,12.09,24.39,15.01,18.65,16.13,9.56,0.83,19.76,14.08
design_6868,8.28,20.42,10.09,26.25,12.34,24.27,14.97,18.57,8.94,6.53,0.83,19.59,14.3
design_6869,9.54,22.96,11.47,26.68,14.26,24.35,15.23,19.52,8.3,6.21,0.83,27.43,17.03
design_6870,8.3,20.78,11.2,26.61,12.58,24.57,15.04,18.94,16.14,9.34,0.83,33.86,26.3
design_6871,8.66,21.28,12.04,26.73,12.92,24.55,15.14,19.19,7.74,6.04,0.83,24.65,15.33
design_6872,1.1,2.08,4.98,2.24,0.92,2.32,1.67,3.06,17.03,9.63,0.85,17.23,11.41
design_6873,0.98,2.04,4.3,2.27,0.97,1.93,1.53,2.7,17.51,9.82,0.85,14.39,12.33
design_6874,1.03,2.86,3.45,2.81,0.98,2.54,1.61,2.62,17.48,9.82,0.85,29.75,22.23
design_6875,0.94,2.95,4.25,2.88,0.96,2.33,1.73,2.92,14.37,8.44,0.85,31.96,22.39
design_6876,1.04,2.75,2.31,2.8,1.16,2.67,1.5,2.27,13.03,7.87,0.84,10.22,6.26
design_6877,0.97,1.74,3.87,1.93,0.89,2.78,1.43,2.58,13.96,8.32,0.85,4.03,3.76
design_6878,1.04,1.99,5.64,2.33,0.89,1.97,1.78,3.32,16.54,9.36,0.84,32.15,24.23
design_6879,1.11,2.3,3.32,2.74,0.86,2.47,1.53,2.48,17.86,9.62,0.86,34.05,23.28
design_6880,1.59,2.3,2.82,2.75,1.61,1.96,1.48,2.26,6.29,4.87,0.86,4.33,3.61
design_6881,1.56,2.53,1.88,2.82,1.29,3.33,1.52,2.35,13.26,7.65,0.86,27.15,20.64
design_6882,1.43,2.5,1.83,2.49,1.31,2.72,1.41,2.12,17.1,9.48,0.86,6.33,5.27
design_6883,1.87,2.23,2.11,2.57,1.83,1.98,1.47,2.12,6.79,5.04,0.85,4.67,3.11
design_6884,1.47,2.37,3.31,2.35,1.13,2.8,1.44,2.41,14.31,8.14,0.87,11.3,7.82
design_6885,1.6,2.28,3.52,2.56,1.33,2.8,1.49,2.52,12.77,7.43,0.86,4.76,3.76
design_6886,1.59,2.59,3.49,2.67,1.2,2.05,1.5,2.44,13.16,7.59,0.86,11.39,8.78
design_6887,1.45,2.33,3.88,2.49,1.34,2.86,1.49,2.61,12.58,7.31,0.87,5.08,4.28
design_6888,1.09,2.56,5.74,2.03,1.42,2.0,1.77,3.3,16.41,9.09,0.86,26.61,18.51
design_6889,1.43,2.01,7.63,2.04,0.97,1.46,2.08,4.07,18.8,9.89,0.87,31.88,23.04
design_6890,0.98,1.99,3.65,1.98,1.15,2.22,1.4,2.37,10.68,6.82,0.85,6.5,3.91
design_6891,1.44,2.27,2.16,2.02,1.01,2.19,1.29,1.94,5.45,4.6,0.86,3.45,2.72
design_6892,1.16,1.82,4.76,1.82,1.08,2.53,1.54,2.83,10.92,6.95,0.85,7.91,5.68
design_6893,1.63,2.46,2.21,2.11,1.38,2.09,1.34,2.04,6.58,5.14,0.85,4.84,2.97
design_6894,1.06,1.77,6.38,1.65,1.39,2.06,1.76,3.49,6.12,4.77,0.86,22.29,15.96
design_6895,0.75,1.07,6.53,1.91,0.74,2.39,1.77,3.53,12.1,7.18,0.86,13.72,9.26
design_6896,1.39,2.31,2.68,2.13,1.45,9.89,2.69,5.54,15.34,9.0,0.84,13.93,11.25
design_6897,1.18,2.4,3.19,2.57,2.82,10.01,2.84,5.73,6.28,5.04,0.85,3.78,5.41
design_6898,1.18,2.52,3.22,2.36,1.77,10.08,2.79,5.71,15.64,9.01,0.85,15.97,11.48
design_6899,1.13,2.55,3.76,2.38,1.92,10.36,2.89,5.9,15.91,9.07,0.86,16.37,13.69
design_6900,1.24,2.22,3.07,2.34,1.56,9.86,2.72,5.56,12.83,7.93,0.83,18.19,12.21
design_6901,1.56,2.13,2.95,2.29,1.71,10.02,2.76,5.64,9.1,6.36,0.84,3.58,5.36
design_6902,1.52,2.16,2.65,2.24,1.69,9.47,2.62,5.34,7.12,5.55,0.84,3.71,5.1
design_6903,1.23,2.22,2.79,2.44,1.35,9.6,2.62,5.41,15.18,8.92,0.84,12.19,9.72
design_6904,1.26,2.41,1.17,2.25,1.69,8.53,2.23,4.45,15.54,8.75,0.86,15.27,11.03
design_6905,1.37,2.09,1.58,2.31,1.68,8.26,2.18,4.34,16.88,9.29,0.87,15.0,10.18
design_6906,1.22,2.3,1.22,2.32,1.39,7.93,2.11,4.16,14.0,8.19,0.85,11.82,7.5
design_6907,1.73,2.38,4.16,2.6,1.14,4.83,1.9,3.37,16.53,9.21,0.87,25.38,19.98
design_6908,1.24,2.29,1.15,2.11,0.98,8.44,2.19,4.36,14.98,8.5,0.86,11.2,7.48
design_6909,1.18,2.5,0.93,2.2,0.91,8.31,2.17,4.31,16.88,9.42,0.85,26.86,17.7
design_6910,1.23,2.5,1.02,2.21,1.09,8.19,2.16,4.26,15.61,8.89,0.86,10.82,7.19
design_6911,1.41,2.46,1.46,2.13,1.06,8.22,2.18,4.3,17.58,9.51,0.87,17.38,12.62
design_6912,1.08,1.65,2.83,1.71,0.92,2.11,1.16,1.96,5.37,4.47,0.86,8.41,4.24
design_6913,1.0,1.97,3.67,1.96,1.4,1.74,1.32,2.33,14.73,8.39,0.85,13.97,11.34
design_6914,0.97,1.64,2.86,1.72,0.65,1.94,1.15,1.92,12.03,7.28,0.85,8.35,4.98
design_6915,0.99,1.55,2.76,1.63,0.61,1.98,1.09,1.87,12.35,7.38,0.85,10.79,6.82
design_6916,1.14,2.09,3.05,2.1,1.1,1.88,1.34,2.13,14.51,8.35,0.85,7.12,4.71
design_6917,1.06,1.8,2.88,1.9,0.82,1.88,1.25,1.98,12.73,7.6,0.85,5.11,4.73
design_6918,1.05,1.6,2.76,1.91,0.67,1.86,1.18,1.9,17.52,9.59,0.86,30.64,22.39
design_6919,1.18,1.46,2.98,1.9,0.68,1.89,1.19,1.99,15.24,8.6,0.85,27.54,20.21
design_6920,1.19,1.68,2.73,2.25,1.06,2.58,1.38,2.11,7.67,5.72,0.84,17.97,13.2
design_6921,1.49,2.21,2.1,2.48,1.24,5.62,1.78,3.09,14.22,7.86,0.87,28.92,18.68
design_6922,1.13,1.35,2.26,2.28,1.04,5.32,1.61,2.87,8.47,5.8,0.85,20.48,13.92
design_6923,0.92,1.07,2.88,1.93,0.75,2.62,1.2,2.02,5.14,4.65,0.85,8.23,5.1
design_6924,1.15,1.86,2.76,2.15,0.77,5.68,1.7,3.11,16.38,9.02,0.87,11.16,7.14
design_6925,0.94,1.03,3.72,1.67,1.08,1.51,1.19,2.05,12.67,7.58,0.84,13.36,9.74
design_6926,1.11,1.6,2.49,1.91,0.91,5.24,1.55,2.85,15.57,8.77,0.86,15.17,10.75
design_6927,1.17,1.69,2.45,2.31,0.72,5.28,1.57,2.91,14.49,8.45,0.85,9.78,6.54
design_6928,1.62,2.17,1.39,2.85,1.32,1.7,1.42,1.89,15.71,8.52,0.88,33.73,24.33
design_6929,1.47,2.21,1.58,2.82,1.33,1.9,1.44,1.94,13.14,7.37,0.88,6.79,5.49
design_6930,1.41,1.99,1.54,2.78,1.12,1.67,1.39,1.82,12.38,7.12,0.86,19.67,12.54
design_6931,2.21,2.7,2.29,3.08,1.72,1.98,1.76,2.38,6.3,4.63,0.87,4.02,2.91
design_6932,1.6,2.01,1.33,2.63,1.09,1.79,1.36,1.79,12.85,7.28,0.88,5.09,3.89
design_6933,1.6,2.06,1.5,2.73,1.17,1.31,1.38,1.8,16.8,8.94,0.88,13.61,7.74
design_6934,1.63,2.21,1.57,2.79,1.39,2.06,1.44,1.98,13.88,7.74,0.87,12.0,8.95
design_6935,1.47,2.11,1.51,2.64,1.21,1.7,1.39,1.82,16.72,8.89,0.88,33.08,23.44
design_6936,1.48,1.89,1.13,2.19,1.16,2.7,1.33,1.96,17.3,9.69,0.86,33.01,26.33
design_6937,1.21,1.69,1.97,2.04,1.24,3.17,1.29,2.13,17.22,9.71,0.86,8.01,7.17
design_6938,1.39,1.61,1.79,1.98,1.28,6.29,1.72,3.41,18.01,10.02,0.86,25.59,18.16
design_6939,1.39,1.61,0.75,2.03,1.21,3.01,1.27,1.98,17.67,9.9,0.85,28.25,21.3
design_6940,1.23,1.3,1.12,1.9,0.98,3.46,1.23,2.08,12.7,7.8,0.85,3.57,3.31
design_6941,1.07,1.51,1.2,2.23,1.7,2.7,1.3,1.94,14.9,8.57,0.86,5.7,5.06
design_6942,1.0,1.42,1.04,1.85,0.83,5.21,1.47,2.81,10.06,6.66,0.84,4.94,4.55
design_6943,1.24,1.35,1.18,2.01,1.41,3.39,1.26,2.12,12.62,7.8,0.84,4.56,3.49
design_6944,1.37,2.61,1.73,2.42,1.24,7.36,2.02,3.87,14.53,7.9,0.88,7.9,5.69
design_6945,1.13,2.57,2.18,2.33,1.02,6.63,1.91,3.57,6.19,4.76,0.86,6.88,4.81
design_6946,0.88,2.66,1.84,2.6,0.7,6.37,1.83,3.44,15.8,8.73,0.86,20.01,12.81
design_6947,1.04,2.64,1.69,2.66,1.12,7.33,2.05,3.86,16.07,8.56,0.88,19.7,13.67
design_6948,0.94,2.6,1.64,2.21,0.56,5.79,1.7,3.14,10.94,6.82,0.85,6.53,5.05
design_6949,0.84,2.79,2.03,2.49,2.63,6.61,1.94,3.68,4.85,4.11,0.87,6.03,4.68
design_6950,0.71,2.21,1.91,2.3,0.92,5.97,1.76,3.21,10.64,6.67,0.85,7.67,4.95
design_6951,1.49,2.85,2.47,2.48,1.35,5.26,1.81,3.16,4.85,4.34,0.86,6.65,4.64
design_6952,1.36,1.06,1.43,2.23,1.03,3.13,1.27,1.96,16.04,9.17,0.86,30.56,23.33
design_6953,1.64,1.12,2.62,2.27,1.15,2.34,1.35,2.02,15.87,9.06,0.86,28.79,22.19
design_6954,1.32,1.04,1.05,2.26,1.53,5.37,1.56,2.8,16.8,9.29,0.87,26.3,19.49
design_6955,1.35,0.96,0.96,2.15,1.21,5.45,1.53,2.79,16.15,9.05,0.87,17.1,13.56
design_6956,1.27,1.31,1.21,2.09,0.92,5.42,1.53,2.78,16.4,9.23,0.86,11.32,11.61
design_6957,1.22,1.1,1.53,2.11,0.87,5.15,1.49,2.69,16.07,9.09,0.86,22.11,16.82
design_6958,1.35,1.0,1.01,2.1,1.07,5.62,1.55,2.85,15.86,8.88,0.87,20.77,17.22
design_6959,1.3,1.14,2.23,2.18,0.92,2.71,1.3,1.95,17.26,9.74,0.85,16.34,13.56
design_6960,1.18,1.94,1.56,2.41,1.12,2.67,1.34,1.97,17.66,9.78,0.86,11.56,6.61
design_6961,1.07,1.6,1.66,2.07,0.97,3.97,1.38,2.35,16.11,9.23,0.84,28.34,21.05
design_6962,1.11,1.84,1.34,1.95,0.99,4.32,1.42,2.46,18.81,10.37,0.86,28.83,21.64
design_6963,1.22,1.92,2.93,2.71,1.17,2.8,1.46,2.37,16.08,9.17,0.85,10.05,7.75
design_6964,1.05,1.69,1.35,2.25,1.27,3.26,1.33,2.09,17.98,9.98,0.86,26.67,19.78
design_6965,1.13,1.29,0.68,1.56,0.81,4.91,1.37,2.57,17.79,9.89,0.86,20.55,15.28
design_6966,1.03,1.41,0.83,1.81,0.83,4.48,1.34,2.41,17.74,9.92,0.85,26.42,19.79
design_6967,1.06,1.84,1.22,2.21,1.2,3.49,1.33,2.16,17.7,9.85,0.86,9.69,8.28
design_6968,1.48,2.02,1.52,2.01,0.94,1.91,1.19,1.7,16.65,9.31,0.86,27.65,19.95
design_6969,1.44,1.98,1.43,2.1,1.08,2.06,1.27,1.74,17.16,9.44,0.87,7.14,5.58
design_6970,1.33,2.04,1.36,2.12,0.84,1.89,1.23,1.66,16.24,9.09,0.86,9.93,7.39
design_6971,1.07,1.78,1.3,2.0,0.69,2.02,1.1,1.58,16.13,9.03,0.87,6.48,5.79
design_6972,1.56,2.24,1.48,2.31,0.85,2.09,1.29,1.83,16.26,9.06,0.87,16.57,11.18
design_6973,1.4,2.1,1.47,2.18,0.81,2.06,1.3,1.75,16.92,9.31,0.87,24.01,20.46
design_6974,1.3,1.74,1.34,1.8,0.9,2.23,1.11,1.64,15.66,8.93,0.86,5.92,4.96
design_6975,1.17,1.78,1.52,1.85,0.7,2.03,1.09,1.61,16.26,9.19,0.86,10.67,8.21
design_6976,1.1,2.47,1.29,1.7,1.09,5.83,1.64,3.17,14.1,8.24,0.85,19.92,15.58
design_6977,1.12,2.6,1.13,1.67,1.17,7.6,1.96,3.97,12.77,7.17,0.88,23.46,18.1
design_6978,1.06,2.21,2.42,1.6,1.05,4.0,1.36,2.47,15.66,8.96,0.86,22.27,17.63
design_6979,1.1,2.56,1.03,1.7,0.93,7.7,1.97,4.0,9.56,5.87,0.87,23.96,18.23
design_6980,1.05,2.38,1.12,1.78,1.27,7.5,1.92,3.92,11.21,6.57,0.88,22.37,17.44
design_6981,1.1,2.35,1.43,1.97,0.98,7.47,1.94,3.92,14.14,7.88,0.88,12.8,10.03
design_6982,1.09,2.49,0.95,1.99,0.82,7.71,1.98,4.02,11.25,6.52,0.88,22.43,17.41
design_6983,1.16,2.64,0.93,1.71,1.21,7.75,2.01,4.04,11.32,6.55,0.88,21.44,16.5
design_6984,1.02,1.69,3.72,2.07,1.13,2.36,1.31,2.19,14.18,8.47,0.84,6.6,4.92
design_6985,1.24,1.65,1.93,1.91,1.23,4.45,1.47,2.59,14.2,8.38,0.85,4.51,4.14
design_6986,1.43,1.88,3.62,2.5,1.41,2.46,1.5,2.34,16.89,9.44,0.87,27.68,24.39
design_6987,1.38,1.83,3.69,2.17,1.07,2.72,1.42,2.33,15.83,9.18,0.85,23.69,17.76
design_6988,1.21,1.62,1.9,2.25,1.55,2.55,1.31,1.97,16.23,9.15,0.86,13.89,11.98
design_6989,0.89,1.91,1.77,2.1,1.04,4.15,1.45,2.47,13.81,8.17,0.85,7.39,6.56
design_6990,1.01,2.16,1.71,2.39,1.41,2.5,1.37,2.0,14.12,8.21,0.86,4.68,4.51
design_6991,1.05,1.5,4.75,2.0,0.93,2.67,1.43,2.49,12.53,7.74,0.85,3.83,3.72
design_6992,1.17,2.27,1.2,2.35,1.3,8.4,2.22,4.42,17.0,9.56,0.85,16.01,10.38
design_6993,1.24,1.84,3.43,2.28,1.0,4.33,1.61,2.88,18.73,10.29,0.86,26.84,22.79
design_6994,1.2,1.89,3.39,2.3,1.09,3.93,1.51,2.74,15.14,8.86,0.84,13.56,9.74
design_6995,1.15,2.1,1.29,2.38,1.1,8.0,2.13,4.22,17.42,9.67,0.85,18.53,13.17
design_6996,1.15,2.09,1.19,2.21,1.12,8.37,2.17,4.37,12.45,7.56,0.85,14.66,10.13
design_6997,1.1,1.8,3.41,2.11,0.97,5.76,1.76,3.41,19.04,10.57,0.85,23.94,18.08
design_6998,1.1,2.0,1.16,2.36,0.95,8.48,2.19,4.42,10.18,6.53,0.85,7.39,5.4
design_6999,1.09,2.09,2.24,2.55,1.25,8.03,2.16,4.32,18.12,10.09,0.85,21.25,15.71
design_7000,8.65,21.11,7.01,27.0,12.08,25.81,15.34,20.27,17.08,10.12,0.81,24.38,18.16
design_7001,8.73,21.86,7.11,26.97,12.48,27.74,15.6,21.15,15.37,9.5,0.82,19.15,15.5
design_7002,8.84,22.03,7.02,27.08,12.46,25.58,15.41,20.38,15.36,9.4,0.82,18.96,15.41
design_7003,8.6,21.84,7.29,26.89,12.45,28.43,15.69,21.4,14.96,9.43,0.81,20.67,15.47
design_7004,7.85,20.59,7.05,26.61,11.92,29.39,15.66,21.46,12.6,8.26,0.82,20.75,16.06
design_7005,7.62,19.41,6.95,26.3,11.31,29.58,15.59,21.26,13.93,8.68,0.83,19.84,15.52
design_7006,8.7,21.4,7.21,27.03,12.34,26.04,15.4,20.44,14.96,9.25,0.82,16.62,16.36
design_7007,8.18,21.18,7.21,26.79,11.95,29.83,15.75,21.78,14.02,8.95,0.81,18.8,15.94
design_7008,0.73,1.39,1.48,2.29,1.19,8.21,2.1,4.23,6.14,4.63,0.86,7.15,5.14
design_7009,0.84,1.55,2.25,2.24,0.75,8.53,2.22,4.43,13.75,7.92,0.86,10.11,7.4
design_7010,0.91,1.8,1.05,2.36,0.89,8.05,2.09,4.15,10.68,6.52,0.86,8.86,6.05
design_7011,0.91,1.98,1.05,1.95,0.62,8.11,2.09,4.15,14.52,8.18,0.87,10.43,7.83
design_7012,0.87,1.96,0.98,2.38,0.99,8.13,2.13,4.19,12.84,7.25,0.88,6.08,5.12
design_7013,0.71,1.42,3.35,2.33,0.61,8.6,2.27,4.59,16.75,9.23,0.87,12.92,9.84
design_7014,0.89,1.73,0.93,2.12,0.73,8.04,2.07,4.11,15.66,8.62,0.87,9.28,6.91
design_7015,0.84,1.73,2.49,2.43,0.98,8.45,2.25,4.45,14.28,8.12,0.86,10.41,6.82
design_7016,1.37,3.04,1.68,2.42,1.43,2.44,1.4,2.1,13.13,7.54,0.86,22.64,15.44
design_7017,1.49,2.39,6.28,2.39,1.22,2.46,1.91,3.62,15.79,8.74,0.87,10.73,7.93
design_7018,1.35,2.48,6.18,2.27,1.16,2.71,1.88,3.59,15.46,8.62,0.86,10.06,7.43
design_7019,1.32,1.79,7.26,2.03,1.01,1.91,1.93,3.91,13.48,7.86,0.86,4.6,5.37
design_7020,1.29,2.57,7.0,2.46,1.29,2.27,2.01,3.93,16.62,9.08,0.87,33.88,27.45
design_7021,1.32,2.19,6.49,2.36,1.34,2.58,1.92,3.7,12.9,7.64,0.85,22.83,16.12
design_7022,1.68,2.35,3.59,2.49,1.16,2.24,1.45,2.53,5.88,4.9,0.85,4.02,3.3
design_7023,1.32,2.42,6.57,2.25,1.23,2.31,1.93,3.7,15.6,8.74,0.86,24.33,17.24
design_7024,1.22,1.55,1.98,1.85,0.63,1.22,1.11,1.52,17.97,9.61,0.86,23.55,16.27
design_7025,1.43,1.53,1.74,2.16,1.03,1.99,1.2,1.72,17.39,9.62,0.86,38.78,25.22
design_7026,1.47,1.66,1.8,2.17,0.89,1.94,1.26,1.73,17.27,9.54,0.87,28.96,21.73
design_7027,1.38,1.61,1.49,1.88,0.98,1.91,1.12,1.59,16.47,9.24,0.86,28.35,21.11
design_7028,0.85,1.18,1.96,1.91,1.34,2.0,1.07,1.65,17.02,9.44,0.87,20.73,14.51
design_7029,1.38,1.81,1.51,2.1,1.11,1.4,1.19,1.58,15.33,8.68,0.86,22.43,16.1
design_7030,1.35,1.92,1.04,2.31,0.89,1.66,1.23,1.58,16.88,9.34,0.86,22.14,17.64
design_7031,0.95,1.26,2.13,1.82,1.06,1.93,1.06,1.66,15.76,8.9,0.86,26.38,19.44
design_7032,1.35,2.65,2.77,2.36,1.31,0.82,1.31,2.17,15.5,8.55,0.85,26.21,19.87
design_7033,1.07,2.21,4.04,2.56,2.12,1.48,1.49,2.75,7.85,5.32,0.86,8.18,5.19
design_7034,1.07,2.43,3.17,2.6,1.84,0.98,1.38,2.37,13.07,7.7,0.84,9.14,4.69
design_7035,1.5,2.47,2.7,2.63,1.56,0.91,1.36,2.21,8.8,5.78,0.86,2.63,2.98
design_7036,1.65,3.15,2.68,3.25,1.33,1.33,1.57,2.46,13.21,7.39,0.87,27.93,20.59
design_7037,1.64,2.51,1.38,2.65,1.62,0.94,1.29,1.85,5.07,4.05,0.88,5.07,3.02
design_7038,1.18,2.51,3.01,2.17,1.01,0.92,1.29,2.18,8.79,5.86,0.85,7.07,5.23
design_7039,1.32,2.23,1.26,2.47,2.14,0.96,1.17,1.77,4.13,3.56,0.88,4.3,2.7
design_7040,1.81,2.1,3.51,2.61,1.54,3.03,1.61,2.53,17.24,9.4,0.88,30.71,24.83
design_7041,1.76,2.13,3.66,2.48,1.57,3.15,1.57,2.56,16.89,9.14,0.89,30.41,25.87
design_7042,1.87,2.17,3.58,2.49,1.67,2.77,1.57,2.48,18.02,9.8,0.87,15.52,13.25
design_7043,1.76,2.21,3.53,2.41,1.75,3.15,1.58,2.56,17.09,9.31,0.88,25.75,22.67
design_7044,1.72,2.16,1.51,2.38,1.4,2.99,1.42,2.19,14.62,8.56,0.85,17.28,14.38
design_7045,1.68,1.99,3.51,2.25,1.56,3.97,1.56,2.72,17.33,9.56,0.87,30.89,24.38
design_7046,2.14,2.59,1.77,2.68,1.96,3.12,1.65,2.5,17.48,9.8,0.86,32.92,26.69
design_7047,1.99,2.68,1.82,2.48,1.62,3.31,1.62,2.47,18.76,10.29,0.86,34.39,25.69
design_7048,1.15,1.41,3.61,1.8,0.96,1.62,1.34,2.26,9.51,6.34,0.85,11.05,6.7
design_7049,1.03,1.5,3.96,1.75,1.5,1.81,1.42,2.47,14.74,8.49,0.85,7.99,5.31
design_7050,1.19,1.93,3.72,1.72,0.92,2.59,1.4,2.49,14.93,8.94,0.83,7.51,4.25
design_7051,1.59,1.56,4.91,1.99,0.86,2.18,1.7,2.98,15.04,8.76,0.84,25.18,18.15
design_7052,0.78,1.49,5.76,2.26,1.12,1.64,1.67,3.31,14.31,8.3,0.85,16.82,11.04
design_7053,1.08,1.48,4.72,1.72,1.07,2.23,1.52,2.84,16.88,9.61,0.84,7.12,5.4
design_7054,1.15,1.22,5.91,2.15,1.1,1.66,1.75,3.37,6.73,5.2,0.85,6.75,5.6
design_7055,1.02,1.94,4.48,1.51,0.95,3.15,1.5,2.89,14.95,8.77,0.84,16.8,11.26
design_7056,1.16,2.1,1.78,1.99,0.94,4.95,1.51,2.9,13.0,8.12,0.84,21.47,16.66
design_7057,1.51,2.57,1.58,2.09,1.06,4.83,1.59,2.94,15.14,8.95,0.84,29.0,23.31
design_7058,1.56,2.47,1.76,1.77,0.91,5.25,1.65,3.08,17.31,9.82,0.85,22.85,17.74
design_7059,1.54,2.51,1.69,1.98,0.94,1.95,1.31,1.85,17.34,9.81,0.85,34.26,25.79
design_7060,1.17,2.4,1.38,1.58,1.22,4.68,1.48,2.77,15.92,9.31,0.85,20.65,16.01
design_7061,1.31,2.36,1.9,1.68,1.15,5.56,1.65,3.2,8.88,6.0,0.85,22.57,17.38
design_7062,1.14,2.08,1.92,1.61,1.53,4.88,1.5,2.88,9.11,6.35,0.84,21.17,16.46
design_7063,1.5,2.28,1.71,1.62,0.86,2.38,1.25,1.87,13.02,8.01,0.84,27.35,20.07
design_7064,1.87,1.49,2.52,2.21,0.79,8.2,2.24,4.47,5.35,4.8,0.85,8.53,5.72
design_7065,1.24,1.25,2.73,1.95,0.71,8.15,2.21,4.41,6.56,5.24,0.84,7.05,5.12
design_7066,1.14,1.97,3.12,2.12,0.92,8.79,2.41,4.8,18.24,10.03,0.86,13.6,12.47
design_7067,1.59,1.83,3.08,2.03,0.93,8.38,2.32,4.61,16.2,9.15,0.86,13.06,10.82
design_7068,1.14,1.64,2.27,1.83,0.74,8.49,2.25,4.52,16.91,9.52,0.86,27.55,20.57
design_7069,1.27,1.89,2.7,2.23,0.96,8.37,2.3,4.57,18.37,10.2,0.86,15.7,14.13
design_7070,1.16,1.25,3.01,2.33,0.76,8.08,2.21,4.43,5.24,4.57,0.86,6.47,4.91
design_7071,1.18,1.82,2.71,2.31,0.89,8.26,2.31,4.51,6.59,5.04,0.85,9.19,6.42
design_7072,10.28,22.5,9.73,26.68,13.4,24.4,15.13,18.93,10.82,7.36,0.82,27.79,16.66
design_7073,10.12,22.37,9.77,26.56,13.19,24.46,15.12,18.87,12.23,7.92,0.82,26.48,16.33
design_7074,9.87,22.86,9.27,26.67,12.83,24.53,15.12,18.88,14.74,8.77,0.83,28.93,17.34
design_7075,10.02,22.2,9.83,26.62,12.77,24.5,15.12,18.83,16.96,9.93,0.83,28.43,19.25
design_7076,9.53,21.99,11.93,26.78,13.2,24.64,15.18,19.15,13.73,8.45,0.83,27.36,17.26
design_7077,10.47,22.95,10.82,26.71,13.58,24.01,15.17,19.06,8.12,6.18,0.83,27.43,16.31
design_7078,9.86,22.51,9.02,26.55,13.21,23.14,15.02,18.42,8.79,6.01,0.84,26.72,17.59
design_7079,10.06,22.75,10.1,26.67,13.26,24.46,15.15,18.99,12.94,8.26,0.82,27.6,16.77
design_7080,8.64,23.91,8.66,27.2,13.32,26.79,15.66,20.88,11.67,7.91,0.81,18.2,18.88
design_7081,8.22,22.84,8.44,27.2,13.23,26.7,15.57,20.64,16.23,9.72,0.83,24.87,15.92
design_7082,8.6,23.8,8.87,27.41,13.29,26.46,15.65,20.79,15.95,9.5,0.82,20.8,17.86
design_7083,8.23,22.92,8.26,27.38,13.55,26.8,15.59,20.74,14.37,8.89,0.83,19.08,15.96
design_7084,8.62,23.89,8.74,27.37,13.66,27.01,15.71,21.02,15.6,9.42,0.82,24.68,15.23
design_7085,8.34,22.74,8.3,27.29,13.06,27.46,15.65,20.91,16.92,9.91,0.83,26.27,18.8
design_7086,8.76,24.09,8.57,27.29,13.73,26.63,15.67,20.9,16.52,9.82,0.83,19.69,17.11
design_7087,8.37,24.24,8.82,27.33,13.62,26.91,15.69,21.02,16.23,9.78,0.83,18.39,15.2
design_7088,1.48,2.72,2.51,2.22,1.36,1.92,1.33,2.15,16.26,9.11,0.85,31.39,22.31
design_7089,1.5,2.68,2.55,2.48,1.77,1.92,1.41,2.23,9.97,6.46,0.85,30.87,22.35
design_7090,1.65,2.58,3.45,2.21,1.52,1.63,1.47,2.46,8.48,5.9,0.85,26.9,19.91
design_7091,1.39,2.54,3.36,2.15,1.38,1.46,1.36,2.35,12.88,7.83,0.84,28.74,20.51
design_7092,1.6,2.54,3.32,2.19,1.14,1.97,1.41,2.41,12.41,7.69,0.83,8.81,5.94
design_7093,1.66,2.65,3.09,2.49,1.72,1.53,1.49,2.38,16.07,9.06,0.85,26.21,19.48
design_7094,1.64,2.47,2.34,2.42,0.97,2.07,1.37,2.1,9.63,6.41,0.84,4.06,3.71
design_7095,1.34,2.31,2.36,2.54,1.18,1.99,1.31,2.07,9.39,6.25,0.84,7.16,4.98
design_7096,1.43,1.47,5.49,1.78,1.17,2.18,1.46,2.63,16.0,8.98,0.86,24.63,19.87
design_7097,0.86,1.43,1.16,1.97,0.98,3.13,1.2,1.85,8.58,5.99,0.85,1.92,2.18
design_7098,1.19,1.96,2.37,1.92,1.19,2.88,1.33,2.05,17.19,9.56,0.87,14.69,12.6
design_7099,0.76,1.33,0.86,1.98,1.24,5.3,1.46,2.65,7.68,5.39,0.86,2.17,3.08
design_7100,0.92,1.43,5.24,2.47,0.97,2.39,1.37,2.63,10.8,6.98,0.85,5.7,4.54
design_7101,1.09,1.71,1.54,2.3,1.16,3.11,1.27,2.01,11.56,7.3,0.85,3.26,2.7
design_7102,0.82,1.72,0.77,2.02,1.2,5.09,1.46,2.6,8.13,5.62,0.86,1.97,2.91
design_7103,0.78,1.57,1.07,1.98,1.35,3.88,1.27,2.15,8.78,5.97,0.85,2.09,2.55
design_7104,1.17,2.32,1.7,1.89,1.49,6.41,1.87,3.51,16.87,9.25,0.87,28.7,22.04
design_7105,1.35,2.56,1.98,2.04,1.5,6.25,1.91,3.51,14.35,7.92,0.88,34.1,23.37
design_7106,1.12,2.28,1.58,1.96,1.54,6.47,1.85,3.53,15.87,8.88,0.87,29.92,22.6
design_7107,1.08,2.17,1.57,1.83,1.43,6.6,1.85,3.56,16.62,9.13,0.87,29.67,22.59
design_7108,1.31,2.77,1.92,2.09,1.52,6.3,1.91,3.55,17.04,9.04,0.89,23.43,17.37
design_7109,1.21,2.34,1.81,1.9,1.61,6.19,1.85,3.43,13.29,7.8,0.85,34.82,26.46
design_7110,1.06,2.2,1.54,1.79,1.39,6.59,1.83,3.55,16.28,9.07,0.87,17.97,14.68
design_7111,1.16,2.29,1.64,1.87,1.49,6.35,1.83,3.48,17.08,9.4,0.87,29.83,22.56
design_7112,1.35,3.52,1.93,2.77,1.15,1.8,1.4,2.19,16.15,8.77,0.87,21.51,14.51
design_7113,1.34,3.59,1.54,2.25,1.42,2.71,1.41,2.23,16.64,9.17,0.87,30.98,23.62
design_7114,1.26,3.59,1.78,2.81,1.05,1.63,1.4,2.15,16.9,9.16,0.87,16.79,10.39
design_7115,1.37,3.58,1.96,2.65,1.57,2.98,1.48,2.45,16.37,9.06,0.86,10.93,8.6
design_7116,1.56,3.88,1.98,2.87,1.39,2.1,1.55,2.39,14.74,8.45,0.86,14.7,10.72
design_7117,1.38,3.84,1.91,2.63,1.52,2.73,1.48,2.43,16.51,9.1,0.86,33.69,24.3
design_7118,1.36,3.53,1.95,2.46,1.27,2.54,1.38,2.28,17.43,9.52,0.87,14.21,10.96
design_7119,1.4,3.54,2.58,2.54,1.25,2.45,1.46,2.42,15.95,9.0,0.86,30.24,21.49
design_7120,8.26,17.58,7.24,25.25,10.15,21.69,14.39,16.78,15.74,9.4,0.83,20.52,19.0
design_7121,8.17,19.07,8.3,26.43,11.07,21.54,14.59,17.44,16.84,9.61,0.85,21.93,12.67
design_7122,7.97,18.86,6.94,26.37,10.77,21.01,14.5,17.12,14.49,8.26,0.86,20.12,12.49
design_7123,7.43,17.97,6.75,25.98,10.68,21.98,14.45,17.05,15.08,8.93,0.83,20.25,17.13
design_7124,7.56,17.86,7.41,25.59,10.23,22.14,14.43,16.99,14.2,8.71,0.83,23.79,14.9
design_7125,7.58,18.14,7.8,25.93,10.6,21.06,14.44,16.92,11.38,7.43,0.83,23.62,19.4
design_7126,7.93,18.38,8.48,26.33,11.1,22.67,14.6,17.58,16.58,9.68,0.84,22.87,14.16
design_7127,7.64,17.26,6.5,25.36,9.99,21.83,14.37,16.68,9.35,6.67,0.83,24.17,16.15
design_7128,1.55,2.56,1.71,2.33,1.65,7.47,2.22,4.4,17.66,10.18,0.84,12.48,9.66
design_7129,1.45,2.88,1.57,2.49,1.31,4.52,1.74,3.0,18.42,10.51,0.85,8.9,9.04
design_7130,1.38,2.85,1.37,2.24,1.51,6.46,2.0,3.88,16.03,9.51,0.83,7.72,6.05
design_7131,1.26,2.15,1.35,2.48,1.26,4.99,1.68,3.1,14.48,8.85,0.83,7.06,4.97
design_7132,1.45,2.17,1.35,2.1,1.26,8.29,2.31,4.73,16.03,9.49,0.84,19.94,16.29
design_7133,1.08,2.3,1.67,2.23,1.52,7.47,2.16,4.33,16.73,9.76,0.83,15.93,11.23
design_7134,1.59,1.38,1.21,2.19,1.09,3.97,1.45,2.53,15.23,9.29,0.82,7.03,5.25
design_7135,1.18,2.54,1.3,1.82,1.13,8.58,2.34,4.87,14.31,8.73,0.83,5.42,5.25
design_7136,0.99,1.98,1.05,1.74,1.14,2.12,1.12,1.59,16.43,9.2,0.87,11.02,8.59
design_7137,1.08,1.84,0.91,1.62,1.31,2.13,1.06,1.56,15.78,8.94,0.86,7.44,4.96
design_7138,1.31,1.07,2.03,1.48,1.65,1.75,1.01,1.56,11.9,7.29,0.85,6.03,4.76
design_7139,0.99,1.74,1.55,1.77,1.09,2.59,1.17,1.73,14.27,8.14,0.86,10.21,7.1
design_7140,0.98,2.06,1.54,1.72,1.04,2.11,1.14,1.64,14.8,8.56,0.86,3.92,3.36
design_7141,0.98,2.0,1.59,1.69,1.35,2.15,1.15,1.67,14.69,8.44,0.86,6.07,3.63
design_7142,0.91,1.91,1.2,1.87,0.9,2.73,1.3,1.75,17.39,9.4,0.87,29.8,23.91
design_7143,1.02,1.81,1.02,1.72,1.28,2.09,1.12,1.57,15.79,8.92,0.87,4.02,3.03
design_7144,1.7,3.09,1.66,2.7,1.38,1.75,1.38,2.1,14.76,8.19,0.87,13.78,16.38
design_7145,1.68,2.66,1.18,2.33,1.53,1.84,1.25,1.88,10.96,6.46,0.87,4.64,2.74
design_7146,2.01,3.11,1.48,2.62,1.56,1.49,1.41,2.09,14.14,7.85,0.88,26.61,20.22
design_7147,1.75,2.78,1.58,2.38,1.53,1.39,1.3,1.94,11.54,6.72,0.87,25.77,19.71
design_7148,1.99,2.93,1.83,2.11,1.47,1.44,1.33,2.01,13.23,7.46,0.88,27.0,20.29
design_7149,1.76,3.02,1.37,2.51,1.43,1.62,1.34,2.0,16.0,8.75,0.88,10.82,8.2
design_7150,1.66,2.91,2.9,2.73,2.28,1.73,1.5,2.47,13.3,7.21,0.89,29.97,23.15
design_7151,1.38,2.79,3.28,2.54,1.54,1.53,1.39,2.39,16.92,9.0,0.88,18.49,16.13
design_7152,1.25,1.95,1.91,2.23,0.72,7.44,2.01,3.97,15.54,9.03,0.84,6.69,6.86
design_7153,1.25,2.03,1.4,2.26,0.77,7.92,2.1,4.16,13.64,7.94,0.85,6.61,6.15
design_7154,1.03,1.71,1.12,2.3,0.58,8.19,2.12,4.25,4.88,4.43,0.86,6.23,4.85
design_7155,1.12,1.81,0.79,2.34,0.63,8.48,2.17,4.39,9.02,6.11,0.85,8.8,5.89
design_7156,1.01,1.84,3.6,2.21,0.58,7.53,2.08,4.19,15.88,9.13,0.85,17.8,13.05
design_7157,0.96,1.61,1.16,2.28,1.21,8.06,2.08,4.2,10.9,6.91,0.84,10.98,6.85
design_7158,1.26,1.97,3.41,2.07,0.68,6.0,1.81,3.51,14.49,8.57,0.84,12.99,8.7
design_7159,1.22,1.88,1.51,2.56,0.96,7.79,2.08,4.13,13.92,8.15,0.85,14.52,11.29
design_7160,1.41,1.86,2.46,2.19,1.24,1.6,1.23,1.84,15.36,8.39,0.88,6.37,4.83
design_7161,1.46,2.1,2.46,2.35,1.28,1.74,1.3,1.95,13.38,7.56,0.88,4.0,3.77
design_7162,1.34,1.86,2.33,2.45,1.11,1.72,1.23,1.87,14.77,8.24,0.88,6.76,6.09
design_7163,1.76,1.92,2.57,2.36,1.3,1.78,1.28,2.0,15.47,8.48,0.88,10.39,6.76
design_7164,1.29,1.9,2.4,2.18,1.22,1.58,1.19,1.81,13.52,7.66,0.88,4.03,3.43
design_7165,1.24,1.69,4.96,2.06,1.15,1.21,1.32,2.42,14.8,8.41,0.86,8.01,6.43
design_7166,1.51,2.06,2.19,2.41,1.29,2.11,1.27,1.97,10.53,6.39,0.87,3.39,3.57
design_7167,1.31,2.14,2.43,2.46,1.13,1.75,1.23,1.94,12.65,7.29,0.87,4.72,4.02
design_7168,1.14,2.01,4.65,2.1,1.24,2.2,1.57,2.8,18.82,10.17,0.86,19.84,16.02
design_7169,1.28,2.55,3.51,2.67,0.97,1.97,1.52,2.47,13.15,7.85,0.84,9.01,4.81
design_7170,1.26,2.55,3.58,2.43,0.99,2.13,1.45,2.48,13.21,7.93,0.85,14.14,9.3
design_7171,1.43,2.54,5.74,2.31,1.52,1.73,1.84,3.33,17.49,9.74,0.85,21.39,14.96
design_7172,1.35,2.71,4.36,2.22,1.04,2.12,1.58,2.77,13.87,8.02,0.86,14.32,10.54
design_7173,1.24,2.54,3.56,2.54,1.03,2.47,1.44,2.54,9.91,6.46,0.85,14.7,8.77
design_7174,1.07,2.05,4.57,2.49,1.03,2.37,1.58,2.83,16.07,9.05,0.84,32.1,23.99
design_7175,1.53,2.9,5.17,2.42,1.23,1.8,1.77,3.14,15.92,9.06,0.85,17.06,12.87
design_7176,1.35,1.92,3.23,2.63,0.83,3.6,1.5,2.62,15.95,9.18,0.84,30.38,22.69
design_7177,1.18,1.93,2.81,2.26,1.09,7.25,1.96,3.88,11.58,6.63,0.88,12.55,8.9
design_7178,1.22,1.44,2.78,2.07,1.04,7.48,1.95,3.94,11.94,6.76,0.88,13.79,9.95
design_7179,1.37,1.76,2.44,2.14,0.88,7.43,1.96,3.9,16.92,8.89,0.89,17.89,12.58
design_7180,1.1,1.75,4.35,2.28,0.9,5.57,1.8,3.47,16.91,9.39,0.87,11.94,8.67
design_7181,1.37,2.03,4.54,2.56,1.14,2.68,1.65,2.73,13.23,7.96,0.85,7.08,6.03
design_7182,1.37,2.11,1.09,2.34,0.92,7.25,1.94,3.75,14.42,7.93,0.88,8.03,5.47
design_7183,1.41,2.32,4.36,2.54,0.98,5.49,1.9,3.54,16.52,8.99,0.88,13.53,10.28
design_7184,2.27,2.59,2.27,2.25,1.04,2.92,1.48,2.36,15.24,8.96,0.84,29.49,21.74
design_7185,2.23,2.39,2.55,1.84,1.15,3.92,1.51,2.66,17.76,10.03,0.84,20.53,15.91
design_7186,2.19,2.65,2.8,2.43,1.47,1.76,1.46,2.31,15.36,8.72,0.85,28.68,22.45
design_7187,2.11,2.63,2.96,1.83,1.36,3.95,1.58,2.8,12.05,7.71,0.83,31.05,23.32
design_7188,2.07,2.56,3.1,1.85,1.26,3.89,1.58,2.81,10.91,7.22,0.83,31.71,23.57
design_7189,2.03,2.32,1.46,1.92,1.35,3.84,1.4,2.4,8.6,6.11,0.84,7.0,5.65
design_7190,2.19,2.64,3.04,1.81,1.3,3.81,1.6,2.79,15.15,8.87,0.84,30.05,22.84
design_7191,1.91,2.32,2.0,1.85,0.97,3.89,1.44,2.47,7.75,5.86,0.84,6.4,4.76
design_7192,0.83,1.45,1.87,2.05,0.91,5.55,1.49,2.94,14.07,8.01,0.87,15.15,12.02
design_7193,1.44,2.19,1.14,2.27,1.49,2.07,1.37,1.86,15.01,8.54,0.86,30.35,24.0
design_7194,0.9,1.77,1.24,1.81,1.21,2.05,1.16,1.6,16.72,9.32,0.86,5.58,4.13
design_7195,1.21,1.52,0.9,1.61,0.98,2.15,1.14,1.53,16.18,9.09,0.86,11.38,11.64
design_7196,0.9,1.75,1.34,1.74,1.05,5.77,1.56,3.0,16.58,9.22,0.86,18.82,15.46
design_7197,1.21,1.65,1.17,1.78,1.2,1.75,1.16,1.52,16.36,8.96,0.88,5.68,5.67
design_7198,1.2,1.89,1.7,1.85,1.13,2.21,1.18,1.75,15.32,8.82,0.85,5.73,4.68
design_7199,1.01,1.79,1.9,1.86,1.14,5.6,1.58,2.99,14.37,8.04,0.87,16.82,11.76
design_7200,0.92,1.19,0.81,2.07,1.52,3.47,1.23,2.19,13.92,8.43,0.84,7.58,4.63
design_7201,1.19,1.44,1.57,2.18,1.19,7.6,2.04,4.23,18.8,10.45,0.85,30.37,26.72
design_7202,0.99,2.0,1.01,2.39,1.21,3.56,1.4,2.35,17.03,9.65,0.85,5.59,4.42
design_7203,0.92,1.7,1.07,2.35,1.08,3.83,1.32,2.42,15.63,9.17,0.85,4.84,3.96
design_7204,0.73,1.36,1.85,2.06,1.39,3.65,1.27,2.33,13.67,8.33,0.84,7.47,4.76
design_7205,0.87,1.46,1.62,2.15,1.32,4.43,1.44,2.68,16.4,9.45,0.85,8.63,7.07
design_7206,1.19,1.82,1.74,2.56,1.38,3.91,1.49,2.58,17.04,9.67,0.85,28.52,22.42
design_7207,0.87,1.29,0.82,2.5,1.67,3.66,1.43,2.36,16.1,9.22,0.86,6.37,5.06
design_7208,1.41,1.79,1.51,2.36,1.15,1.51,1.17,1.68,7.71,5.31,0.86,2.57,2.64
design_7209,1.59,2.05,3.76,2.02,1.22,1.38,1.31,2.21,14.78,8.22,0.88,8.2,5.89
design_7210,2.32,2.29,3.9,2.31,1.38,1.66,1.48,2.49,11.25,6.39,0.89,14.7,9.16
design_7211,1.42,1.94,1.44,2.29,1.32,1.48,1.23,1.69,8.55,5.66,0.86,2.29,2.52
design_7212,1.54,1.75,3.63,2.09,1.33,1.47,1.34,2.15,14.18,8.0,0.88,10.01,6.63
design_7213,1.56,2.27,3.76,2.35,1.22,1.41,1.34,2.3,16.45,8.97,0.88,9.65,7.75
design_7214,1.96,2.03,3.78,2.27,1.35,1.69,1.43,2.35,14.83,7.91,0.9,8.92,6.75
design_7215,1.57,2.24,3.85,2.06,1.34,1.49,1.36,2.29,12.35,6.87,0.89,11.67,7.23
design_7216,1.22,1.72,4.77,2.38,0.87,2.5,1.57,2.77,12.59,7.4,0.86,6.27,5.25
design_7217,1.15,1.62,3.93,2.38,1.05,2.83,1.49,2.52,16.11,9.03,0.86,7.26,6.56
design_7218,1.19,1.86,3.64,2.54,0.97,2.5,1.53,2.41,17.66,9.67,0.87,20.65,14.54
design_7219,0.87,1.53,3.91,2.4,0.92,2.55,1.45,2.43,13.53,7.99,0.86,5.43,5.58
design_7220,1.03,1.43,2.28,2.52,2.13,2.91,1.4,2.17,10.92,6.67,0.86,9.13,5.83
design_7221,1.2,1.64,3.24,2.38,0.99,2.51,1.38,2.24,13.02,7.84,0.85,5.8,4.77
design_7222,1.12,1.51,4.33,2.32,1.1,3.01,1.51,2.67,13.21,7.69,0.86,6.98,6.84
design_7223,0.68,1.02,3.4,2.1,0.91,2.78,1.31,2.2,12.09,7.29,0.86,14.52,10.56
design_7224,1.55,2.41,1.44,1.72,1.54,2.8,1.38,1.99,17.09,9.37,0.87,26.61,20.0
design_7225,1.5,2.79,1.09,1.77,1.48,2.71,1.44,2.0,17.66,9.6,0.88,28.24,20.19
design_7226,1.4,2.66,1.08,1.74,1.33,2.18,1.35,1.81,12.23,7.34,0.86,20.96,15.72
design_7227,1.41,2.46,1.28,1.73,1.24,2.52,1.33,1.86,16.35,9.11,0.86,33.73,24.4
design_7228,1.64,2.55,1.01,1.78,1.44,2.69,1.38,1.96,16.72,9.2,0.87,35.06,25.23
design_7229,1.2,2.45,1.14,1.69,1.25,2.34,1.23,1.76,14.12,8.07,0.86,21.34,16.44
design_7230,1.8,2.43,1.5,1.73,1.55,2.4,1.46,1.94,17.33,9.6,0.86,31.66,23.61
design_7231,1.62,2.3,1.11,1.62,1.56,2.26,1.38,1.8,17.02,9.37,0.86,32.47,22.2
design_7232,1.64,1.59,2.0,2.17,1.06,1.64,1.23,1.76,14.91,8.12,0.88,8.06,7.35
design_7233,1.59,1.45,0.77,1.84,0.93,1.55,1.06,1.37,14.65,8.06,0.88,14.97,10.09
design_7234,1.66,1.68,1.1,2.1,1.18,1.47,1.15,1.54,16.91,9.07,0.88,19.08,14.83
design_7235,1.59,1.55,0.72,1.83,0.8,1.54,1.08,1.37,17.9,9.61,0.87,37.27,26.64
design_7236,1.65,1.67,2.61,2.59,1.31,1.64,1.37,2.05,16.02,8.59,0.88,14.08,11.48
design_7237,1.48,1.66,0.84,1.99,1.13,1.42,1.11,1.43,16.31,8.66,0.89,12.54,9.41
design_7238,1.81,2.16,1.07,2.13,0.88,1.64,1.24,1.66,16.84,9.17,0.87,35.97,25.24
design_7239,1.67,2.04,1.89,2.23,0.71,1.42,1.2,1.76,13.8,7.7,0.88,5.88,5.74
design_7240,1.32,2.38,1.71,2.45,1.81,1.41,1.29,1.91,16.7,8.85,0.89,14.22,10.76
design_7241,1.23,2.52,1.71,2.68,1.9,1.09,1.31,1.97,16.92,8.87,0.89,31.88,25.65
design_7242,1.11,2.4,2.89,2.96,1.4,1.04,1.42,2.18,16.91,9.05,0.88,21.76,15.96
design_7243,1.01,2.31,3.69,2.62,1.24,1.1,1.41,2.28,17.13,9.1,0.89,34.26,23.33
design_7244,1.31,2.62,2.23,2.79,1.77,1.18,1.41,2.11,15.76,8.5,0.89,12.95,10.4
design_7245,1.0,2.12,3.31,2.55,1.78,1.06,1.35,2.18,16.28,8.77,0.88,15.67,12.42
design_7246,1.14,2.29,1.46,2.78,1.56,1.11,1.3,1.85,17.12,9.04,0.89,5.51,5.71
design_7247,1.26,2.5,1.91,2.6,1.71,1.31,1.35,1.97,16.56,8.75,0.9,19.78,16.94
design_7248,2.45,2.31,2.98,2.12,1.16,2.22,1.49,2.37,15.7,8.91,0.85,7.89,4.64
design_7249,2.52,2.33,1.99,2.08,1.22,2.35,1.42,2.14,17.74,9.92,0.85,28.69,21.87
design_7250,2.7,2.47,2.51,2.15,1.2,2.28,1.5,2.31,13.47,8.19,0.84,30.4,22.7
design_7251,2.67,2.35,3.26,2.39,1.23,1.9,1.58,2.48,16.54,9.36,0.85,9.4,8.08
design_7252,2.54,2.59,1.9,2.07,1.58,2.25,1.45,2.16,12.07,7.59,0.83,29.9,21.69
design_7253,2.62,2.34,3.11,2.18,1.22,2.14,1.58,2.44,17.01,9.39,0.86,4.3,4.8
design_7254,2.0,1.97,3.02,2.02,1.13,2.51,1.43,2.33,12.7,7.74,0.85,13.36,11.04
design_7255,3.08,2.63,2.88,2.52,1.15,2.1,1.66,2.51,11.77,7.31,0.84,31.65,24.52
design_7256,1.27,1.54,2.61,2.2,1.11,0.95,1.24,1.8,15.43,8.26,0.89,33.81,23.09
design_7257,1.46,1.64,2.63,2.54,1.17,1.18,1.33,1.94,15.92,8.42,0.9,17.73,11.64
design_7258,1.14,1.23,2.65,1.86,1.37,0.76,1.14,1.7,14.55,7.82,0.9,29.58,25.03
design_7259,1.18,1.53,2.55,2.24,1.2,0.98,1.22,1.79,16.4,8.64,0.9,13.4,9.04
design_7260,1.47,1.71,2.65,2.4,1.26,1.23,1.32,1.94,16.17,8.59,0.89,13.37,11.33
design_7261,0.64,1.05,2.87,1.63,1.02,0.67,1.02,1.62,15.05,8.08,0.9,10.43,9.01
design_7262,1.28,1.45,2.6,2.35,1.18,0.92,1.25,1.82,14.93,8.17,0.88,33.96,23.08
design_7263,1.61,1.66,2.69,2.37,1.14,1.34,1.35,1.95,15.33,8.19,0.9,29.3,25.48
design_7264,1.46,1.97,5.39,2.19,1.17,5.03,1.94,3.66,18.65,10.54,0.84,22.04,12.59
design_7265,1.69,2.35,1.33,2.32,1.68,4.37,1.69,2.76,17.29,9.86,0.84,30.03,20.07
design_7266,1.18,1.72,1.17,2.21,1.35,4.41,1.59,2.63,18.14,10.13,0.86,12.71,11.05
design_7267,1.61,2.16,1.61,1.95,1.45,4.24,1.56,2.64,16.58,9.53,0.85,34.29,25.81
design_7268,1.13,1.69,1.49,2.07,1.29,3.96,1.52,2.43,18.19,10.15,0.85,27.35,21.39
design_7269,1.47,1.94,1.15,2.09,1.38,4.17,1.51,2.55,17.1,9.75,0.85,9.87,6.5
design_7270,1.42,1.96,1.16,2.09,1.44,4.45,1.57,2.67,16.56,9.51,0.84,31.6,23.63
design_7271,1.58,2.14,1.58,2.17,1.63,3.93,1.58,2.55,16.22,9.35,0.85,7.01,5.37
design_7272,1.34,1.82,4.19,1.8,0.88,5.44,1.89,3.54,18.51,10.43,0.84,23.35,15.06
design_7273,1.62,1.78,3.81,2.02,0.94,4.51,1.79,3.12,12.38,7.91,0.83,20.65,15.54
design_7274,1.22,1.68,4.17,2.01,0.72,4.55,1.75,3.17,17.54,10.08,0.84,17.1,12.07
design_7275,1.15,1.46,1.21,1.84,1.16,8.32,2.24,4.49,5.41,4.98,0.84,5.05,4.58
design_7276,1.43,1.48,3.78,1.78,0.78,6.1,1.95,3.72,17.43,9.96,0.84,16.21,11.98
design_7277,1.32,2.08,3.98,1.88,1.0,5.42,1.94,3.52,17.45,9.94,0.84,20.77,14.47
design_7278,1.49,1.95,4.13,2.17,1.07,3.2,1.69,2.76,8.23,6.11,0.84,2.98,3.49
design_7279,1.17,1.63,3.44,2.17,0.76,5.67,1.89,3.5,18.02,10.29,0.83,22.28,17.8
design_7280,1.11,2.02,3.26,2.58,0.77,0.99,1.36,2.14,13.71,7.66,0.88,11.48,8.1
design_7281,1.42,2.41,1.44,2.85,1.03,0.86,1.35,1.83,15.14,8.2,0.88,17.2,12.57
design_7282,1.29,2.19,1.5,2.77,0.86,0.9,1.3,1.75,13.09,7.32,0.88,9.56,6.99
design_7283,1.24,2.22,1.34,3.09,0.73,0.91,1.34,1.81,14.39,7.88,0.88,22.09,14.47
design_7284,1.24,1.95,2.22,3.14,0.82,1.02,1.36,1.98,12.94,7.26,0.88,8.7,5.25
design_7285,1.14,2.42,2.2,2.71,0.87,1.07,1.38,1.93,14.78,8.07,0.88,8.76,6.52
design_7286,1.07,1.54,2.91,2.34,0.78,1.13,1.23,1.92,7.44,5.03,0.87,8.78,6.12
design_7287,1.15,1.61,3.3,2.62,0.63,0.99,1.37,2.11,4.1,3.6,0.88,5.7,4.63
design_7288,1.49,2.41,4.34,1.74,1.18,3.88,1.63,3.07,15.75,9.16,0.84,33.65,28.27
design_7289,1.21,2.26,4.16,1.93,1.12,3.43,1.58,2.87,16.41,9.34,0.85,22.55,17.42
design_7290,1.38,2.37,4.39,1.8,1.09,3.57,1.65,2.99,15.26,8.81,0.84,27.18,22.32
design_7291,1.62,2.69,1.32,1.8,1.15,2.91,1.27,2.06,17.63,9.96,0.84,25.09,16.9
design_7292,1.86,2.41,1.22,1.78,1.03,3.26,1.27,2.15,13.81,8.38,0.84,29.95,22.8
design_7293,1.71,2.36,4.52,2.16,1.08,3.66,1.65,3.11,15.75,9.12,0.85,28.86,23.33
design_7294,1.39,2.39,4.43,1.78,1.11,3.71,1.63,3.05,15.08,8.81,0.84,33.77,28.06
design_7295,1.73,2.39,4.26,1.83,1.07,2.57,1.54,2.73,16.03,9.12,0.85,17.91,10.47
design_7296,1.63,1.85,1.59,2.13,1.18,2.08,1.31,1.76,17.27,9.45,0.86,33.41,24.17
design_7297,1.3,1.51,1.76,1.83,1.18,2.19,1.21,1.69,17.04,9.37,0.87,7.66,5.65
design_7298,1.12,1.64,2.61,1.84,0.99,1.61,1.21,1.85,18.88,9.98,0.87,11.22,9.81
design_7299,1.09,1.91,2.5,1.94,0.85,1.6,1.21,1.85,17.31,9.53,0.84,19.93,15.17
design_7300,1.3,1.6,1.57,1.85,1.2,2.31,1.2,1.68,18.21,9.91,0.87,30.99,23.3
design_7301,1.29,1.72,1.98,1.91,1.23,2.51,1.22,1.86,17.14,9.32,0.87,14.46,13.88
design_7302,1.32,2.0,2.75,1.95,0.9,1.74,1.28,2.0,18.1,9.77,0.85,28.45,20.44
design_7303,1.22,1.91,1.99,2.0,1.1,2.0,1.26,1.78,18.47,10.06,0.86,19.91,12.84
design_7304,1.26,1.63,0.95,1.88,0.99,2.01,1.08,1.47,17.51,9.42,0.87,24.73,19.01
design_7305,1.33,1.44,2.94,2.15,0.79,2.62,1.29,2.17,15.99,8.85,0.87,23.18,14.93
design_7306,1.29,1.63,2.18,1.9,0.81,2.25,1.21,1.82,15.34,8.63,0.86,12.33,9.46
design_7307,1.24,1.66,2.2,1.75,0.87,2.06,1.16,1.77,16.12,8.93,0.87,21.07,14.21
design_7308,1.07,1.71,2.44,1.7,0.88,2.38,1.17,1.89,16.47,9.05,0.87,21.51,13.74
design_7309,1.29,2.14,1.95,2.08,1.24,2.36,1.31,1.9,16.85,9.1,0.87,33.12,22.18
design_7310,1.2,1.1,0.74,1.6,1.66,2.13,0.98,1.41,16.59,8.81,0.88,30.51,18.37
design_7311,1.17,1.59,3.19,1.84,1.42,2.49,1.32,2.24,15.68,8.6,0.87,23.84,14.97
design_7312,0.99,0.9,3.64,1.71,1.01,2.04,1.13,1.94,7.89,5.66,0.85,5.7,3.8
design_7313,1.23,1.15,2.95,1.83,1.27,2.25,1.22,1.89,17.24,9.38,0.88,7.79,6.62
design_7314,1.11,1.06,2.76,1.73,1.25,2.24,1.17,1.8,16.27,9.03,0.87,6.91,4.86
design_7315,1.13,1.11,2.79,1.84,1.29,2.06,1.21,1.8,14.71,8.31,0.87,4.83,4.22
design_7316,1.12,1.11,2.7,1.87,1.41,2.23,1.22,1.83,12.52,7.43,0.86,5.23,4.62
design_7317,0.99,0.96,2.81,1.78,1.24,2.18,1.17,1.79,14.57,8.35,0.87,5.78,4.92
design_7318,1.31,1.2,2.94,1.81,1.24,2.03,1.21,1.85,17.25,9.42,0.88,9.81,7.06
design_7319,1.1,1.12,2.74,1.86,1.52,2.23,1.24,1.85,14.63,8.29,0.87,4.84,3.87
design_7320,1.2,1.98,1.24,2.19,1.23,1.21,1.12,1.59,11.02,6.58,0.87,3.49,3.16
design_7321,1.33,2.09,2.02,2.1,1.16,1.28,1.2,1.73,13.73,7.62,0.89,5.75,4.41
design_7322,1.13,1.84,1.92,2.49,1.2,1.23,1.19,1.73,14.52,8.02,0.88,4.28,4.23
design_7323,0.91,1.72,1.52,2.05,0.83,1.16,1.07,1.45,9.25,5.71,0.88,3.6,2.71
design_7324,1.09,2.0,1.68,2.27,0.93,1.07,1.18,1.61,13.82,7.73,0.88,5.1,4.24
design_7325,1.9,2.69,2.51,2.59,1.46,1.32,1.46,2.17,16.06,8.64,0.89,38.64,28.46
design_7326,0.99,1.64,1.63,2.17,1.06,1.07,1.11,1.51,8.79,5.56,0.87,2.12,2.12
design_7327,1.03,1.85,1.66,2.19,0.85,1.25,1.15,1.56,10.08,6.13,0.87,2.83,2.82
design_7328,1.59,2.08,1.74,2.37,1.43,4.12,1.62,2.53,15.65,8.82,0.87,20.02,15.83
design_7329,1.72,2.52,1.83,2.66,1.68,2.71,1.59,2.26,16.26,9.13,0.86,19.43,15.35
design_7330,1.68,2.05,1.68,2.66,1.45,5.56,1.82,3.11,12.63,7.39,0.86,23.44,18.28
design_7331,1.7,2.14,2.04,2.56,1.34,1.84,1.49,1.98,16.15,8.97,0.86,27.27,21.95
design_7332,1.9,2.2,1.39,2.67,1.5,5.84,1.91,3.23,14.22,7.86,0.88,21.15,16.74
design_7333,1.54,1.94,1.83,2.37,1.39,5.42,1.74,3.0,14.33,8.19,0.87,22.41,17.66
design_7334,2.12,2.22,1.37,2.41,1.6,2.95,1.52,2.23,16.4,9.35,0.86,20.99,16.55
design_7335,1.51,2.54,1.84,2.65,1.3,5.45,1.78,3.11,10.69,6.63,0.85,23.94,18.84
design_7336,1.07,1.24,2.27,2.23,1.14,5.28,1.51,2.77,7.25,5.28,0.85,8.13,4.45
design_7337,2.11,2.27,2.29,2.9,1.71,5.96,1.9,3.31,14.07,7.92,0.87,5.69,5.49
design_7338,1.22,1.61,1.3,2.51,1.54,5.9,1.62,2.96,11.34,6.85,0.86,11.73,6.93
design_7339,1.29,1.79,1.4,2.63,0.86,5.4,1.6,2.79,15.41,8.43,0.88,11.43,6.73
design_7340,1.1,1.62,2.34,2.59,0.92,5.63,1.63,2.97,13.98,7.86,0.87,18.54,12.48
design_7341,0.87,1.12,3.47,2.21,1.21,5.57,1.62,3.1,12.51,7.26,0.87,12.2,7.96
design_7342,1.44,1.81,2.35,2.25,1.52,5.43,1.58,2.93,14.14,8.15,0.86,12.39,8.66
design_7343,1.21,1.48,1.1,2.51,0.86,5.52,1.53,2.76,10.95,6.66,0.86,13.13,7.01
design_7344,1.94,2.24,2.58,2.42,1.08,2.37,1.39,2.17,12.01,7.35,0.85,6.11,4.62
design_7345,1.52,2.28,2.54,2.16,1.19,3.1,1.39,2.26,16.1,9.06,0.86,16.67,10.09
design_7346,1.11,2.08,2.02,2.14,1.37,2.88,1.27,2.05,12.41,7.56,0.85,2.74,3.02
design_7347,1.22,2.13,2.12,2.17,1.37,3.42,1.35,2.25,13.55,7.96,0.86,5.79,4.26
design_7348,1.17,1.96,2.04,2.04,0.92,3.07,1.26,2.05,11.41,7.15,0.85,3.62,3.88
design_7349,1.1,2.04,1.87,2.02,1.02,2.5,1.19,1.87,12.95,7.82,0.85,1.87,2.53
design_7350,1.44,2.16,2.32,2.43,1.28,2.78,1.37,2.17,17.63,9.68,0.87,8.03,6.21
design_7351,1.26,2.04,2.27,2.04,1.19,3.0,1.3,2.1,12.48,7.55,0.85,4.27,4.07
design_7352,1.28,2.57,1.9,1.91,0.98,7.44,2.05,4.11,15.24,8.89,0.85,25.2,19.51
design_7353,1.36,2.91,2.99,1.97,0.99,7.65,2.17,4.32,17.4,9.76,0.86,27.45,20.9
design_7354,1.45,3.16,3.18,2.08,1.03,7.89,2.25,4.49,17.0,9.5,0.87,27.05,21.29
design_7355,1.31,3.03,3.15,2.15,1.17,7.82,2.23,4.45,17.31,9.61,0.87,30.35,23.06
design_7356,1.49,3.15,3.15,2.18,1.36,8.18,2.34,4.64,17.66,9.59,0.88,23.35,18.99
design_7357,1.66,3.33,3.43,2.31,1.36,8.15,2.39,4.69,17.13,9.52,0.87,24.59,19.08
design_7358,1.4,2.94,2.86,2.18,1.37,8.31,2.31,4.65,17.0,9.44,0.87,27.22,21.47
design_7359,1.52,3.2,3.11,2.2,1.27,8.18,2.34,4.64,17.5,9.66,0.87,32.51,25.32
design_7360,1.56,2.14,1.77,2.64,1.07,1.73,1.26,1.88,17.84,9.37,0.88,36.03,26.03
design_7361,1.27,1.95,1.85,2.5,1.03,1.79,1.23,1.81,16.78,8.93,0.88,31.67,23.5
design_7362,1.24,1.58,0.84,1.88,1.01,1.68,1.04,1.36,18.19,9.53,0.88,33.34,25.68
design_7363,1.54,2.27,2.33,2.72,1.19,1.97,1.36,2.11,17.13,9.12,0.88,27.69,19.74
design_7364,1.56,2.02,2.48,2.67,1.31,1.81,1.35,2.11,17.29,9.15,0.88,29.74,19.93
design_7365,1.66,2.31,2.24,2.89,1.15,1.89,1.43,2.13,17.38,9.14,0.89,29.68,23.5
design_7366,1.53,2.07,0.79,2.46,1.28,1.54,1.19,1.62,16.02,8.49,0.89,12.8,9.59
design_7367,1.18,1.68,0.52,1.87,0.97,1.74,0.99,1.33,17.83,9.28,0.89,26.66,21.62
design_7368,1.84,1.45,7.63,1.9,1.65,3.41,2.06,4.26,5.05,4.3,0.86,20.63,16.53
design_7369,1.24,2.62,4.14,1.92,2.66,2.33,1.55,2.81,14.28,8.1,0.86,13.04,8.49
design_7370,1.27,2.57,4.16,1.81,0.89,2.59,1.5,2.68,15.37,8.58,0.86,7.42,4.55
design_7371,1.24,2.96,4.65,2.2,1.44,2.19,1.66,2.94,16.36,9.21,0.86,12.66,8.57
design_7372,1.49,2.19,3.95,1.94,1.04,3.07,1.46,2.67,16.78,9.31,0.86,8.44,6.83
design_7373,1.27,2.56,4.76,1.88,1.15,2.11,1.61,2.88,15.86,8.79,0.87,13.49,8.66
design_7374,1.22,2.63,3.68,2.0,2.53,2.22,1.49,2.62,16.75,9.0,0.88,10.16,7.41
design_7375,1.27,2.49,4.57,2.02,1.25,2.18,1.58,2.82,16.37,9.04,0.87,12.5,8.16
design_7376,1.04,2.37,1.16,2.71,1.49,1.71,1.38,1.85,16.36,9.14,0.86,5.77,5.04
design_7377,1.15,2.39,0.85,2.74,1.57,1.5,1.38,1.81,14.81,8.45,0.86,7.81,5.24
design_7378,1.03,2.21,1.08,2.74,1.59,1.4,1.34,1.77,16.01,8.7,0.88,9.55,7.67
design_7379,1.15,2.29,0.9,2.62,1.5,1.68,1.36,1.79,15.18,8.58,0.86,8.26,5.78
design_7380,1.03,2.07,1.09,2.75,1.6,1.46,1.38,1.76,15.5,8.66,0.87,15.12,12.5
design_7381,1.03,2.36,1.07,2.85,1.54,1.75,1.41,1.89,14.93,8.25,0.87,5.78,5.9
design_7382,1.32,2.37,1.16,3.08,1.59,1.54,1.47,1.95,16.17,8.85,0.88,23.16,19.51
design_7383,1.18,2.28,0.84,2.63,1.54,1.62,1.34,1.79,12.5,7.57,0.86,4.57,3.64
design_7384,1.46,1.31,1.19,1.79,0.95,10.46,2.74,5.74,17.46,9.99,0.84,11.52,10.75
design_7385,1.24,1.77,0.84,2.21,1.32,9.36,2.49,5.2,17.06,9.85,0.84,19.76,17.4
design_7386,1.03,1.44,1.43,1.77,0.81,8.03,2.16,4.46,6.44,5.39,0.83,3.14,4.47
design_7387,1.21,1.78,0.97,1.7,1.08,8.95,2.36,4.95,7.92,6.04,0.83,2.72,4.7
design_7388,1.17,1.56,5.4,1.74,1.03,5.1,1.78,3.54,14.37,8.7,0.84,8.15,6.15
design_7389,0.81,1.62,0.88,1.69,0.7,9.47,2.46,5.19,10.09,6.91,0.83,4.56,5.69
design_7390,1.08,1.9,0.85,2.0,1.34,10.68,2.8,5.88,17.43,9.88,0.85,30.35,23.52
design_7391,1.33,1.72,1.17,1.93,0.99,10.53,2.75,5.79,18.09,10.26,0.84,30.04,24.89
design_7392,1.73,1.44,3.18,2.37,1.3,1.45,1.28,2.06,15.92,8.6,0.89,6.22,5.03
design_7393,1.53,1.3,3.09,2.02,1.25,1.37,1.21,1.91,15.78,8.59,0.88,4.2,4.1
design_7394,1.16,1.26,1.63,1.98,1.23,1.29,1.07,1.47,11.08,6.77,0.86,3.8,2.85
design_7395,1.17,1.1,2.38,2.07,1.85,1.38,1.19,1.74,14.85,8.2,0.88,6.02,4.19
design_7396,1.9,1.72,3.12,2.47,1.36,1.37,1.35,2.13,17.45,9.38,0.87,13.02,9.53
design_7397,1.47,1.33,2.32,2.03,1.28,1.36,1.14,1.7,12.38,7.23,0.87,7.57,5.33
design_7398,1.11,1.07,1.63,1.96,1.22,1.17,1.0,1.41,14.95,8.33,0.87,4.92,4.36
design_7399,1.91,1.87,2.43,2.3,1.5,1.69,1.33,2.0,16.68,9.13,0.88,8.51,8.23
design_7400,1.93,2.58,1.58,2.39,1.63,6.87,2.03,3.95,15.92,9.29,0.84,13.06,12.09
design_7401,1.83,2.12,1.89,2.66,1.62,3.8,1.64,2.64,16.72,9.59,0.85,16.9,15.22
design_7402,1.8,1.92,1.68,2.21,1.31,6.25,1.87,3.56,15.51,9.13,0.84,8.22,7.89
design_7403,1.41,2.23,2.03,2.2,1.4,5.4,1.73,3.2,15.59,9.13,0.84,14.29,9.87
design_7404,1.72,1.8,1.74,2.09,1.24,5.53,1.71,3.21,14.82,8.88,0.84,7.94,6.61
design_7405,1.64,2.65,1.54,2.18,1.58,7.72,2.17,4.3,16.06,9.16,0.85,7.11,5.69
design_7406,1.65,1.91,1.67,2.2,1.35,6.06,1.84,3.46,12.96,8.07,0.84,6.75,5.38
design_7407,1.84,2.21,2.37,2.41,1.49,7.44,2.17,4.21,16.73,9.28,0.86,14.19,11.49
design_7408,1.06,2.33,2.15,2.05,1.29,3.7,1.45,2.45,15.48,9.03,0.84,23.06,17.06
design_7409,1.19,2.83,2.39,1.88,0.95,3.63,1.5,2.51,16.99,9.81,0.84,30.61,22.44
design_7410,1.01,2.95,2.15,2.22,1.04,4.37,1.66,2.79,14.81,8.82,0.83,22.95,16.13
design_7411,1.09,2.52,2.67,1.93,1.12,3.41,1.51,2.46,15.56,9.06,0.85,22.41,16.6
design_7412,1.01,2.8,2.42,1.91,1.02,2.85,1.38,2.25,17.81,10.19,0.85,19.41,13.94
design_7413,0.97,2.3,3.37,2.18,0.8,3.47,1.44,2.65,17.32,9.87,0.84,29.39,21.68
design_7414,1.01,2.45,2.24,1.91,0.94,3.38,1.41,2.33,18.13,10.01,0.85,17.23,12.97
design_7415,0.87,2.33,2.53,1.93,0.76,3.95,1.48,2.58,13.4,8.22,0.84,22.29,16.25
design_7416,10.16,23.3,10.84,27.43,13.39,22.1,15.13,18.48,15.42,9.47,0.81,25.99,16.21
design_7417,9.99,22.96,10.62,27.4,13.13,22.89,15.13,18.55,5.25,5.03,0.84,26.75,16.81
design_7418,10.74,23.76,12.06,27.37,14.13,22.15,15.21,18.86,8.3,6.04,0.84,27.27,16.67
design_7419,9.77,23.21,11.29,27.24,13.16,21.02,15.05,18.19,12.29,7.64,0.83,26.85,17.1
design_7420,10.22,23.26,14.92,27.62,13.99,22.8,15.37,19.47,10.35,6.88,0.83,27.52,17.73
design_7421,9.39,23.41,15.16,27.58,13.92,22.94,15.42,19.51,9.82,7.01,0.82,25.48,17.14
design_7422,9.99,22.39,11.67,27.21,12.96,23.46,15.17,18.72,13.8,8.93,0.8,27.97,17.89
design_7423,10.19,23.83,11.34,27.5,14.25,22.1,15.18,18.74,12.86,8.05,0.83,27.7,17.36
design_7424,1.2,2.07,1.08,2.2,1.26,8.34,2.21,4.48,4.77,4.54,0.85,5.21,4.85
design_7425,1.23,2.23,1.48,2.22,1.41,7.89,2.18,4.3,5.05,4.7,0.85,5.65,5.01
design_7426,1.22,2.28,1.26,2.43,1.25,8.72,2.35,4.7,4.74,4.45,0.85,5.12,5.08
design_7427,1.05,1.86,1.2,2.34,0.71,8.52,2.23,4.55,4.95,4.58,0.85,5.22,4.72
design_7428,1.26,2.32,1.18,2.41,0.84,8.21,2.22,4.44,6.16,5.17,0.84,2.63,4.42
design_7429,1.09,2.1,1.1,2.26,1.22,8.47,2.25,4.54,4.98,4.58,0.85,5.25,4.85
design_7430,1.1,2.38,1.32,2.35,0.88,8.61,2.31,4.63,5.48,4.81,0.85,2.77,4.52
design_7431,0.95,2.14,1.26,2.28,0.83,8.72,2.3,4.66,5.16,4.63,0.85,4.64,4.79
design_7432,1.62,3.33,3.55,2.07,1.3,2.45,1.58,2.58,15.07,8.12,0.89,24.89,19.7
design_7433,1.6,3.2,2.52,2.1,1.25,2.62,1.44,2.31,16.96,9.16,0.88,26.72,19.77
design_7434,1.78,3.0,2.32,2.25,1.35,1.64,1.44,2.13,14.92,8.21,0.88,21.06,15.48
design_7435,1.65,3.14,2.51,2.36,1.17,1.76,1.49,2.2,16.83,9.03,0.88,24.21,13.44
design_7436,1.47,3.24,2.57,2.2,1.53,2.61,1.47,2.36,16.42,8.87,0.88,30.31,23.32
design_7437,1.4,3.06,2.83,1.88,1.28,2.36,1.4,2.27,16.98,9.29,0.86,31.57,22.9
design_7438,1.43,3.2,2.51,2.23,1.29,2.66,1.46,2.32,16.95,9.1,0.88,31.38,24.5
design_7439,1.54,3.26,2.19,2.05,1.23,2.01,1.37,2.13,17.4,9.39,0.88,31.66,23.73
design_7440,7.82,22.0,10.08,26.58,12.23,26.0,15.19,19.68,15.66,9.41,0.83,16.52,15.61
design_7441,9.4,22.52,8.0,26.72,12.44,23.82,15.04,19.11,15.38,8.98,0.85,22.25,19.35
design_7442,8.03,23.05,9.13,26.92,12.55,24.43,15.15,19.42,14.02,8.42,0.84,22.13,18.37
design_7443,8.07,22.4,7.85,26.71,12.1,23.88,15.02,18.97,15.51,9.3,0.83,19.92,15.94
design_7444,7.8,22.66,8.8,26.86,12.57,24.48,15.11,19.31,13.56,8.19,0.85,18.76,16.93
design_7445,9.32,21.88,8.33,26.62,12.07,25.78,15.16,19.56,16.13,9.69,0.83,23.59,19.65
design_7446,7.53,22.28,8.29,26.67,12.16,23.71,15.01,18.89,17.53,10.23,0.83,19.72,15.51
design_7447,7.85,22.24,8.42,26.86,12.41,25.86,15.16,19.62,17.32,9.92,0.83,23.91,18.59
design_7448,1.25,1.02,0.95,1.68,1.05,1.36,0.86,1.23,11.88,7.04,0.86,8.19,5.49
design_7449,1.23,1.11,1.96,1.6,0.94,1.16,0.94,1.45,15.81,8.62,0.87,16.41,12.63
design_7450,1.16,1.16,3.4,1.77,0.63,1.31,1.11,2.0,14.38,8.12,0.87,9.06,7.08
design_7451,1.3,1.66,1.39,2.31,1.36,1.21,1.16,1.58,16.08,8.64,0.88,28.2,18.95
design_7452,1.14,1.12,0.94,1.65,0.73,1.41,0.88,1.19,14.13,7.99,0.87,6.48,4.15
design_7453,1.26,1.26,3.43,1.91,1.12,1.25,1.23,2.07,15.39,8.41,0.88,6.21,5.93
design_7454,1.43,1.62,1.19,1.94,1.08,1.54,1.07,1.48,16.59,8.96,0.88,35.6,25.13
design_7455,1.32,1.76,1.25,2.29,1.03,1.37,1.06,1.55,15.61,8.56,0.88,18.03,12.79
design_7456,1.24,1.76,1.52,2.29,1.35,5.66,1.8,3.25,8.28,5.97,0.84,5.66,5.38
design_7457,1.28,1.92,1.72,2.59,2.13,5.27,1.82,3.19,7.21,5.46,0.85,9.81,9.05
design_7458,1.22,1.73,1.76,2.3,1.84,6.18,1.91,3.54,5.04,4.52,0.86,5.64,4.81
design_7459,1.27,1.73,1.51,2.44,1.78,5.57,1.79,3.24,7.4,5.58,0.85,5.39,4.73
design_7460,1.34,1.76,1.23,2.51,1.61,4.55,1.59,2.76,8.33,6.11,0.84,7.91,7.37
design_7461,1.09,1.62,1.45,2.29,1.36,4.62,1.56,2.75,7.27,5.6,0.84,6.54,5.94
design_7462,1.33,1.92,1.52,2.38,1.22,5.02,1.7,2.97,7.3,5.63,0.84,6.75,6.03
design_7463,1.46,1.7,1.53,2.39,0.93,4.1,1.56,2.55,10.81,7.12,0.84,23.58,17.02
design_7464,1.84,3.17,3.79,2.04,1.22,2.49,1.61,2.75,14.22,8.57,0.83,28.42,21.85
design_7465,1.47,2.71,3.31,1.96,1.5,2.44,1.48,2.48,16.74,9.69,0.83,29.75,22.99
design_7466,1.19,2.21,3.05,1.77,1.45,3.5,1.46,2.56,16.13,9.44,0.83,30.24,23.1
design_7467,1.46,2.65,3.91,1.93,1.61,2.41,1.59,2.69,13.88,8.26,0.84,31.81,22.64
design_7468,1.17,2.46,3.9,1.71,1.28,3.48,1.56,2.85,10.97,7.19,0.83,28.62,21.42
design_7469,1.33,2.47,3.58,1.86,1.56,2.33,1.5,2.51,15.86,9.27,0.83,30.3,22.32
design_7470,1.5,2.8,2.89,2.0,1.39,3.59,1.53,2.66,13.09,8.14,0.83,23.2,15.56
design_7471,1.2,2.37,3.58,1.67,1.15,3.43,1.53,2.71,9.55,6.65,0.83,29.75,22.39
design_7472,1.24,1.12,2.22,2.01,0.84,2.05,1.23,1.78,5.72,4.87,0.85,7.31,4.54
design_7473,1.51,1.59,3.09,2.19,0.94,2.37,1.44,2.24,13.41,7.99,0.84,28.74,21.13
design_7474,1.09,1.39,1.72,2.12,1.47,2.75,1.28,1.93,15.35,8.83,0.84,19.63,13.89
design_7475,1.5,1.26,1.95,2.16,1.33,1.94,1.25,1.78,9.05,6.19,0.84,8.03,4.84
design_7476,1.41,1.49,2.04,2.24,1.2,2.33,1.32,1.92,16.83,9.43,0.85,21.41,15.25
design_7477,1.39,1.52,1.55,2.3,1.05,2.29,1.3,1.8,15.29,8.75,0.85,36.03,25.51
design_7478,1.39,1.39,2.61,2.12,1.43,1.98,1.3,1.99,9.15,6.23,0.84,4.71,3.61
design_7479,1.24,1.41,1.18,1.91,0.86,2.68,1.19,1.74,5.98,4.99,0.85,6.43,4.43
design_7480,1.02,2.71,1.45,2.22,1.02,3.25,1.38,2.25,17.19,9.84,0.84,9.43,6.42
design_7481,1.25,2.81,1.88,2.36,1.06,3.17,1.5,2.34,15.95,9.25,0.84,10.17,7.91
design_7482,1.21,2.79,1.92,2.09,1.07,3.55,1.49,2.45,17.03,9.81,0.83,30.36,21.4
design_7483,1.19,2.75,1.98,2.24,1.32,3.52,1.5,2.47,16.33,9.38,0.84,26.96,19.04
design_7484,1.26,2.73,1.17,2.25,1.05,3.26,1.45,2.24,14.86,8.84,0.83,10.17,8.85
design_7485,1.13,2.66,1.33,2.15,0.96,3.3,1.4,2.24,17.54,9.9,0.85,4.0,4.53
design_7486,1.15,2.87,1.48,2.15,1.02,3.47,1.45,2.36,17.02,9.76,0.84,12.91,9.18
design_7487,1.21,2.88,1.83,2.17,1.02,3.7,1.54,2.51,13.16,8.07,0.84,8.73,5.3
design_7488,1.41,1.81,4.29,1.97,1.48,4.2,1.68,3.07,13.42,8.15,0.85,5.61,5.34
design_7489,1.16,2.16,3.93,1.7,1.23,6.03,1.87,3.69,18.19,10.19,0.85,29.84,22.29
design_7490,1.19,1.32,3.94,1.68,1.27,5.42,1.72,3.38,8.1,5.99,0.84,6.51,5.55
design_7491,1.69,2.0,4.08,1.92,1.19,5.55,1.87,3.56,14.85,8.71,0.85,28.75,22.65
design_7492,1.28,1.72,4.08,1.74,1.13,4.92,1.72,3.23,15.68,9.11,0.85,5.18,5.58
design_7493,1.37,1.88,3.44,1.77,1.08,5.81,1.84,3.5,17.2,9.7,0.85,33.33,25.17
design_7494,1.01,1.44,4.14,1.78,1.15,5.28,1.76,3.37,17.41,9.81,0.86,8.76,7.76
design_7495,1.33,2.14,1.97,1.79,1.14,9.25,2.42,4.95,18.21,10.16,0.85,16.9,12.94
design_7496,1.2,2.45,2.06,2.26,0.99,5.52,1.85,3.24,17.16,9.77,0.83,12.9,10.61
design_7497,1.07,2.29,2.25,1.87,1.24,5.21,1.72,3.09,16.46,9.56,0.83,16.77,10.87
design_7498,1.13,1.66,2.23,2.04,1.07,5.9,1.83,3.35,16.14,9.34,0.84,18.02,13.69
design_7499,1.1,2.4,2.3,2.01,1.18,5.95,1.89,3.44,17.23,9.84,0.84,11.26,6.95
design_7500,1.11,2.19,2.3,2.22,1.1,6.13,1.95,3.52,16.28,9.37,0.84,24.38,17.31
design_7501,1.24,2.18,2.19,2.11,0.8,6.11,1.91,3.48,16.87,9.65,0.84,18.83,13.02
design_7502,1.24,1.58,2.64,1.99,1.0,6.09,1.9,3.5,16.48,9.59,0.83,21.5,16.22
design_7503,1.37,1.7,3.1,1.95,1.07,4.7,1.74,3.03,16.97,9.65,0.84,29.18,21.85
design_7504,1.27,2.08,1.08,2.09,1.29,1.26,1.21,1.58,12.48,7.3,0.87,3.25,2.62
design_7505,1.04,1.94,1.07,1.74,1.3,1.25,1.08,1.43,11.62,6.98,0.86,4.99,3.22
design_7506,1.35,2.07,2.51,2.09,1.27,1.95,1.31,1.91,13.33,7.43,0.88,6.77,5.67
design_7507,1.11,1.96,1.18,2.33,1.07,1.4,1.15,1.59,12.42,7.38,0.87,4.76,3.69
design_7508,1.19,1.99,1.46,1.7,1.01,1.33,1.12,1.48,10.93,6.74,0.86,2.51,2.35
design_7509,1.36,2.23,1.63,1.84,1.36,1.22,1.17,1.64,15.02,8.48,0.87,11.3,6.97
design_7510,1.21,2.09,1.17,1.92,1.07,1.35,1.17,1.53,11.05,6.7,0.87,4.24,3.4
design_7511,1.04,1.92,1.36,2.15,0.98,1.26,1.13,1.53,12.77,7.52,0.87,3.59,2.83
design_7512,1.21,1.17,2.05,1.8,0.98,2.06,1.08,1.62,16.51,9.23,0.87,7.36,5.72
design_7513,1.6,1.07,2.24,1.96,0.97,1.62,1.17,1.65,15.96,8.98,0.85,37.42,27.11
design_7514,1.3,1.04,1.71,1.99,1.11,2.27,1.16,1.66,12.4,7.51,0.85,3.49,2.96
design_7515,1.24,0.88,1.55,1.97,1.24,2.03,1.08,1.56,9.63,6.37,0.85,3.27,2.12
design_7516,1.45,0.99,2.4,1.92,1.09,2.44,1.2,1.82,13.87,8.03,0.86,7.31,5.42
design_7517,1.28,1.16,1.89,1.88,1.12,2.13,1.09,1.64,12.78,7.71,0.85,3.97,2.57
design_7518,1.15,0.65,0.98,1.9,1.01,2.61,1.06,1.57,10.55,6.73,0.85,5.04,3.0
design_7519,1.31,1.17,1.68,1.97,1.36,2.21,1.15,1.68,11.98,7.25,0.86,4.13,3.11
design_7520,1.23,2.18,2.25,1.89,1.36,7.81,2.13,4.15,9.06,6.06,0.85,11.0,6.95
design_7521,1.06,1.79,2.44,1.98,1.1,8.11,2.16,4.27,7.38,5.23,0.86,9.56,6.21
design_7522,1.3,2.02,2.73,1.92,2.21,8.09,2.22,4.37,7.34,5.33,0.85,10.95,7.04
design_7523,1.35,2.2,1.88,1.82,1.68,7.58,2.07,4.03,5.65,4.5,0.86,9.76,6.49
design_7524,1.24,2.02,2.29,1.77,1.29,8.19,2.17,4.3,15.38,8.66,0.86,10.42,6.86
design_7525,1.18,1.55,2.74,1.74,1.02,8.06,2.13,4.26,6.43,4.93,0.85,10.6,6.95
design_7526,1.21,2.0,2.17,1.81,1.32,7.95,2.14,4.18,8.56,5.75,0.85,10.96,6.83
design_7527,1.2,1.81,2.15,1.66,1.24,7.4,1.99,3.91,7.44,5.53,0.84,8.66,5.95
design_7528,1.07,2.22,1.61,2.53,0.85,1.08,1.21,1.7,12.41,7.02,0.87,17.84,12.42
design_7529,1.4,2.14,1.7,2.67,0.9,1.05,1.26,1.78,13.01,7.22,0.88,7.84,5.89
design_7530,1.42,2.27,1.73,2.53,0.85,1.04,1.24,1.78,14.29,7.82,0.88,11.83,7.88
design_7531,1.44,2.17,2.0,2.43,1.2,0.88,1.22,1.83,16.32,8.6,0.89,15.4,11.88
design_7532,0.7,2.02,1.9,2.57,1.37,0.9,1.22,1.75,13.8,7.5,0.89,18.02,12.34
design_7533,1.47,1.99,1.85,2.2,1.27,0.9,1.19,1.72,13.31,7.37,0.88,5.26,4.22
design_7534,1.6,1.78,1.76,1.81,0.85,0.8,1.05,1.55,13.12,7.24,0.89,5.36,4.88
design_7535,0.74,2.1,1.3,2.61,1.29,0.94,1.21,1.63,5.65,4.24,0.87,10.53,7.18
design_7536,1.37,1.14,0.9,1.84,1.23,4.19,1.37,2.34,11.68,7.52,0.83,6.23,4.1
design_7537,1.31,1.27,1.78,2.08,1.84,4.73,1.57,2.75,11.07,7.11,0.84,6.73,5.84
design_7538,1.48,1.35,1.58,1.9,1.1,3.42,1.32,2.14,15.22,8.99,0.84,7.95,6.0
design_7539,1.32,1.43,1.49,2.12,1.1,5.03,1.62,2.81,16.75,9.56,0.84,37.73,27.84
design_7540,1.28,1.43,1.73,1.96,1.33,4.95,1.57,2.8,9.58,6.6,0.83,7.55,5.7
design_7541,1.26,1.84,1.67,2.14,1.34,4.84,1.63,2.79,8.28,5.98,0.84,4.21,3.85
design_7542,1.5,1.61,2.72,2.23,1.06,5.58,1.81,3.27,16.49,9.49,0.84,15.73,12.26
design_7543,1.71,1.92,1.76,2.07,1.39,4.47,1.59,2.69,14.32,8.53,0.83,12.66,10.37
design_7544,0.82,1.83,1.8,2.4,1.05,3.34,1.26,2.12,18.89,10.35,0.86,11.92,10.55
design_7545,1.02,1.74,1.54,2.34,1.09,2.66,1.23,1.88,16.6,9.36,0.86,22.75,18.35
design_7546,1.06,1.86,1.51,2.22,1.03,3.31,1.28,2.07,17.97,9.84,0.87,24.38,17.98
design_7547,1.02,1.48,1.57,2.36,0.88,2.36,1.16,1.76,18.94,10.31,0.87,14.23,12.5
design_7548,1.01,1.42,1.43,2.21,0.84,2.46,1.15,1.72,18.37,10.06,0.86,8.49,8.75
design_7549,1.05,1.62,1.47,2.53,0.85,5.25,1.52,2.77,16.72,9.17,0.86,25.27,20.66
design_7550,1.09,1.82,1.54,2.32,0.99,3.4,1.31,2.12,17.57,9.66,0.86,25.75,21.33
design_7551,1.12,1.44,1.24,2.29,0.81,5.07,1.42,2.63,17.01,9.13,0.88,9.98,9.88
design_7552,0.91,1.23,0.76,1.64,0.67,2.09,0.98,1.37,4.99,4.51,0.86,4.56,3.76
design_7553,1.02,1.85,1.4,2.15,1.14,3.61,1.41,2.17,10.45,6.74,0.84,4.24,3.09
design_7554,0.98,1.47,1.97,2.07,0.86,2.58,1.23,1.86,16.91,9.49,0.85,28.0,18.39
design_7555,0.92,1.21,0.61,1.52,0.66,3.71,1.14,1.95,17.24,9.63,0.86,12.37,8.28
design_7556,1.33,1.87,1.41,2.51,1.23,4.13,1.55,2.45,17.37,9.45,0.86,17.0,14.75
design_7557,0.96,1.39,0.78,1.62,0.96,3.35,1.18,1.87,8.39,5.95,0.85,2.92,3.12
design_7558,1.04,1.41,0.78,1.96,0.77,1.86,1.09,1.4,16.3,9.17,0.85,16.08,10.59
design_7559,1.16,1.72,1.35,2.16,1.08,1.55,1.19,1.54,14.31,8.32,0.84,18.29,11.0
design_7560,1.16,1.79,1.46,1.85,1.35,0.74,1.08,1.46,13.07,7.25,0.88,17.98,11.56
design_7561,1.14,1.36,2.51,1.8,0.73,1.37,1.07,1.73,9.67,5.81,0.88,4.81,3.48
design_7562,1.08,1.94,1.18,2.48,0.79,1.08,1.15,1.53,3.94,3.52,0.89,5.02,2.5
design_7563,1.34,1.26,2.32,1.87,1.47,1.44,1.09,1.75,14.62,7.89,0.89,27.06,20.74
design_7564,1.07,1.69,1.36,2.17,2.14,0.86,1.16,1.62,10.63,6.26,0.87,5.08,4.11
design_7565,1.07,1.83,1.45,1.94,0.87,0.87,1.11,1.43,5.86,4.29,0.88,5.32,2.57
design_7566,1.3,1.65,1.91,2.16,1.26,0.86,1.19,1.65,15.47,8.3,0.88,23.85,17.12
design_7567,0.96,2.15,1.84,2.25,0.75,0.82,1.21,1.64,13.21,7.34,0.88,9.4,5.52
design_7568,1.14,2.62,1.53,2.65,0.89,3.82,1.46,2.36,17.04,9.24,0.87,32.29,24.93
design_7569,1.29,2.51,1.71,2.51,1.1,3.73,1.44,2.34,16.2,8.87,0.87,26.08,18.94
design_7570,1.31,3.09,1.22,2.83,1.05,2.49,1.43,2.15,16.24,9.17,0.86,14.68,10.11
design_7571,1.42,2.86,1.93,2.51,0.97,2.39,1.4,2.11,15.42,8.84,0.86,15.33,12.25
design_7572,1.35,3.12,3.13,2.78,1.24,2.41,1.53,2.47,14.83,8.48,0.86,11.63,9.46
design_7573,1.3,3.25,1.93,2.61,0.96,2.77,1.45,2.28,16.58,9.29,0.86,11.86,9.85
design_7574,1.49,2.95,1.19,2.77,1.01,2.75,1.47,2.18,18.23,9.88,0.87,38.85,29.08
design_7575,1.32,2.87,1.25,2.56,1.11,2.56,1.4,2.07,17.36,9.6,0.86,10.28,8.06
design_7576,8.56,19.88,9.69,26.92,11.75,24.6,14.98,18.83,15.25,8.72,0.85,26.94,18.76
design_7577,7.47,20.22,9.99,27.07,11.55,25.01,14.99,18.96,14.65,8.03,0.87,29.71,21.19
design_7578,7.56,20.11,8.28,26.83,11.49,24.0,14.88,18.47,15.81,9.33,0.83,26.7,18.92
design_7579,7.91,19.58,7.72,26.63,11.25,24.42,14.85,18.42,16.09,9.26,0.85,30.07,20.19
design_7580,7.66,20.93,8.34,27.11,11.87,24.29,14.98,18.79,15.96,9.43,0.83,28.51,21.23
design_7581,7.57,20.64,9.22,27.25,12.12,25.05,15.03,19.07,13.38,7.73,0.86,28.79,21.38
design_7582,7.52,20.43,10.06,26.97,12.09,24.87,15.01,18.99,13.22,7.84,0.85,27.04,19.08
design_7583,7.78,20.33,9.78,26.85,11.89,24.9,14.99,18.93,13.9,8.08,0.85,26.69,19.38
design_7584,1.34,1.84,1.67,1.37,0.96,4.4,1.51,2.61,17.72,10.12,0.85,9.1,6.71
design_7585,1.45,2.6,1.98,1.77,1.03,3.86,1.6,2.55,18.33,10.3,0.85,26.22,19.57
design_7586,1.58,2.32,2.51,1.53,1.14,4.08,1.61,2.69,17.48,9.93,0.85,19.81,15.85
design_7587,1.18,2.54,1.86,1.61,0.99,3.73,1.56,2.43,15.19,9.01,0.84,24.98,17.74
design_7588,1.51,2.04,1.44,1.41,1.16,4.19,1.53,2.54,17.3,9.94,0.84,26.21,18.97
design_7589,1.24,2.28,1.19,1.43,1.0,4.35,1.5,2.59,18.97,10.64,0.85,27.67,21.8
design_7590,1.43,2.37,2.34,1.65,0.99,4.21,1.64,2.71,17.79,10.03,0.85,10.77,7.69
design_7591,1.57,2.14,2.3,1.63,1.22,4.04,1.63,2.63,18.5,10.37,0.85,22.97,21.18
design_7592,9.27,21.42,8.33,27.04,12.83,21.91,14.74,17.73,14.75,8.78,0.84,26.81,16.75
design_7593,8.76,20.65,8.99,27.09,12.43,21.56,14.66,17.54,12.9,8.11,0.83,27.32,17.26
design_7594,8.77,19.71,8.6,26.63,11.35,20.76,14.51,16.96,17.38,9.84,0.84,20.64,16.48
design_7595,9.43,21.74,10.1,27.19,12.93,22.02,14.81,18.08,16.83,9.79,0.84,25.8,16.11
design_7596,9.0,19.78,10.84,26.64,11.64,21.89,14.64,17.54,12.65,8.08,0.82,26.76,17.37
design_7597,9.09,21.44,9.23,27.1,12.93,21.72,14.74,17.81,15.4,9.01,0.84,26.76,16.88
design_7598,9.0,21.02,11.49,26.97,12.3,22.0,14.78,18.0,12.82,8.15,0.83,26.75,16.79
design_7599,8.83,19.61,10.62,26.98,11.47,21.17,14.61,17.39,18.01,10.16,0.84,28.62,18.7
design_7600,2.48,2.41,1.53,2.03,1.24,7.15,2.12,4.11,13.16,8.24,0.83,5.79,5.93
design_7601,2.49,2.12,1.48,2.16,0.84,7.23,2.11,4.12,12.34,7.83,0.83,5.89,5.12
design_7602,1.72,2.15,2.84,2.38,1.19,5.4,1.86,3.35,19.56,10.84,0.85,15.54,12.08
design_7603,1.65,1.67,4.62,1.74,1.19,6.68,2.08,4.07,15.35,9.11,0.84,6.13,5.61
design_7604,2.39,2.39,1.06,1.83,1.13,7.97,2.26,4.46,10.79,7.05,0.84,3.8,5.16
design_7605,1.78,1.92,1.44,2.09,1.57,7.14,2.09,4.03,10.43,6.99,0.83,3.96,4.68
design_7606,2.72,2.41,1.37,2.07,1.27,6.81,2.07,3.97,9.59,6.7,0.83,3.17,4.06
design_7607,1.72,1.94,2.51,1.89,1.01,6.14,1.92,3.58,12.82,7.98,0.84,4.37,4.37
design_7608,1.73,4.0,1.65,2.7,1.19,1.49,1.63,2.3,14.05,7.64,0.89,23.09,17.96
design_7609,1.61,4.06,1.4,2.54,1.13,1.38,1.59,2.22,16.35,8.64,0.9,29.81,22.66
design_7610,1.26,3.51,2.49,2.23,1.24,1.11,1.43,2.19,16.08,8.58,0.89,17.64,12.74
design_7611,1.48,3.7,1.26,2.27,1.19,1.15,1.45,2.02,16.13,8.58,0.89,27.08,19.67
design_7612,1.52,3.81,1.93,2.38,1.22,1.21,1.51,2.2,16.86,8.91,0.89,34.17,25.14
design_7613,1.92,4.02,1.82,2.48,1.33,1.45,1.7,2.33,16.04,8.61,0.88,31.55,21.48
design_7614,1.43,3.69,2.43,2.3,1.28,1.09,1.46,2.25,15.56,8.35,0.89,12.78,9.78
design_7615,1.65,4.01,1.84,2.59,1.15,1.41,1.62,2.3,16.59,8.78,0.89,19.06,12.42
design_7616,2.44,2.49,4.33,1.99,1.64,4.94,2.02,3.63,14.61,8.84,0.83,24.79,18.34
design_7617,1.65,2.43,1.64,2.15,1.92,3.96,1.52,2.59,9.99,6.97,0.83,28.37,21.69
design_7618,1.71,2.77,2.6,1.9,1.44,2.81,1.57,2.38,16.62,9.66,0.82,27.34,18.14
design_7619,1.98,2.7,4.23,2.22,1.69,3.29,1.85,3.09,18.15,10.24,0.84,30.49,22.84
design_7620,2.22,2.6,2.0,1.83,1.79,2.33,1.44,2.15,11.96,7.85,0.82,26.66,19.71
design_7621,1.77,2.7,2.06,1.92,1.52,2.71,1.5,2.22,17.56,10.1,0.83,23.43,17.12
design_7622,1.84,3.01,1.87,1.98,1.8,2.46,1.5,2.19,15.61,9.33,0.82,24.88,16.91
design_7623,1.68,2.53,1.74,1.85,1.47,2.42,1.37,2.01,16.44,9.65,0.83,29.14,22.18
design_7624,1.63,2.02,1.97,2.77,1.54,5.78,1.75,3.12,11.14,6.69,0.86,9.65,5.71
design_7625,1.32,1.82,2.43,2.38,1.17,4.42,1.47,2.6,8.69,5.88,0.85,4.96,4.22
design_7626,2.07,1.51,2.07,2.84,1.43,5.62,1.77,3.08,11.56,6.76,0.86,14.82,9.31
design_7627,1.37,1.87,1.83,2.37,1.55,5.05,1.52,2.76,5.82,4.58,0.86,6.96,4.89
design_7628,1.1,1.66,1.81,2.51,1.0,5.11,1.49,2.72,10.11,6.34,0.85,8.29,5.98
design_7629,1.83,1.33,1.72,2.5,1.3,5.62,1.66,2.95,5.14,4.11,0.87,14.01,9.62
design_7630,1.46,1.46,1.83,2.59,1.38,5.37,1.59,2.86,10.56,6.43,0.86,7.45,5.42
design_7631,1.01,1.82,3.4,2.34,1.32,3.59,1.42,2.54,13.55,7.95,0.85,12.44,10.11
design_7632,0.97,1.83,0.85,1.67,1.34,4.9,1.33,2.52,13.94,8.07,0.86,21.76,17.52
design_7633,1.24,1.98,1.32,1.76,1.32,5.26,1.47,2.73,13.74,7.84,0.86,29.94,22.92
design_7634,1.18,2.05,1.0,1.62,1.25,5.13,1.39,2.64,13.13,7.74,0.86,17.29,14.42
design_7635,1.16,2.12,0.97,1.73,0.85,5.2,1.41,2.66,16.05,9.01,0.86,8.94,6.16
design_7636,0.94,2.04,2.5,1.87,1.03,3.94,1.37,2.37,13.67,8.22,0.84,11.39,6.6
design_7637,1.56,2.57,1.28,1.92,1.05,5.05,1.55,2.75,14.78,8.6,0.85,19.0,15.8
design_7638,1.79,2.02,1.15,1.69,1.2,4.97,1.41,2.65,13.75,7.78,0.87,20.66,16.51
design_7639,1.19,2.23,1.41,1.85,1.0,4.97,1.45,2.64,14.31,8.23,0.86,7.18,4.58
design_7640,9.01,23.43,7.05,27.5,13.19,25.6,15.49,20.56,17.63,10.29,0.83,18.43,16.42
design_7641,9.57,23.77,7.64,27.2,13.59,25.37,15.51,20.57,16.1,9.37,0.84,17.13,15.85
design_7642,8.34,22.73,8.71,27.28,12.4,30.05,15.94,22.07,10.44,7.3,0.82,17.24,15.95
design_7643,9.72,23.39,7.66,27.36,13.37,25.41,15.49,20.55,16.87,9.92,0.83,17.68,18.39
design_7644,8.48,22.31,8.61,27.1,12.11,29.86,15.83,21.88,13.85,8.39,0.84,15.97,17.07
design_7645,8.68,23.4,8.89,27.37,12.7,30.17,15.97,22.28,17.04,10.02,0.83,17.83,18.36
design_7646,9.03,23.67,9.04,27.44,13.15,28.13,15.81,21.61,15.72,9.52,0.83,15.58,15.28
design_7647,9.56,23.34,6.89,27.35,13.07,25.32,15.47,20.43,15.72,9.29,0.84,15.49,16.02
design_7648,1.09,1.8,2.37,2.05,1.44,1.0,1.23,1.8,16.22,8.59,0.89,14.42,9.13
design_7649,1.02,2.04,2.51,2.11,1.39,0.9,1.25,1.88,15.33,8.23,0.89,30.55,23.17
design_7650,1.0,2.03,2.1,2.02,1.99,0.95,1.23,1.81,15.65,8.33,0.89,11.84,8.12
design_7651,1.03,2.02,1.62,2.05,1.32,1.0,1.16,1.59,15.5,8.37,0.88,26.69,19.39
design_7652,0.98,2.11,2.58,2.37,1.23,1.37,1.37,1.98,15.8,8.47,0.88,23.2,16.5
design_7653,0.88,2.12,1.92,1.97,1.28,1.03,1.19,1.66,16.06,8.5,0.89,19.56,13.3
design_7654,1.25,1.83,2.82,2.13,2.2,0.92,1.33,2.09,15.76,8.43,0.89,16.86,12.31
design_7655,0.95,1.81,1.76,2.12,1.43,1.06,1.18,1.61,13.33,7.43,0.88,6.03,4.42
design_7656,1.39,1.19,4.54,1.84,1.12,2.11,1.24,2.31,15.78,8.85,0.87,8.8,6.24
design_7657,1.35,1.42,1.2,1.85,1.49,2.13,1.1,1.62,8.22,5.76,0.85,2.78,2.37
design_7658,1.87,1.08,1.58,1.82,0.97,2.68,1.12,1.8,15.72,8.78,0.85,31.19,24.02
design_7659,1.28,1.01,5.04,1.65,1.28,1.94,1.25,2.4,12.04,7.05,0.88,8.02,5.36
design_7660,1.49,1.12,5.0,1.76,1.25,1.95,1.28,2.43,14.08,7.9,0.88,8.12,5.21
design_7661,1.68,1.93,1.96,2.04,1.72,2.18,1.26,1.93,17.43,9.72,0.86,36.68,28.09
design_7662,1.31,1.38,0.92,1.8,1.18,2.11,1.03,1.52,11.72,7.25,0.85,4.3,2.74
design_7663,1.3,1.25,5.05,2.18,1.27,1.92,1.31,2.5,12.28,7.13,0.88,5.18,3.87
design_7664,1.55,1.35,2.1,1.66,1.37,0.96,1.02,1.52,16.29,8.9,0.88,25.0,19.57
design_7665,1.34,1.19,1.29,1.6,1.04,0.85,0.93,1.25,14.75,8.08,0.89,21.92,17.29
design_7666,1.38,1.69,1.88,1.77,1.33,0.81,1.12,1.51,16.17,8.76,0.88,31.31,23.5
design_7667,1.4,1.46,1.77,1.65,1.38,1.01,1.03,1.46,16.58,9.01,0.88,25.19,19.51
design_7668,1.2,1.41,1.85,1.69,0.83,1.06,1.01,1.38,16.38,8.91,0.88,20.07,15.59
design_7669,1.07,1.67,1.71,1.83,0.89,1.12,1.09,1.43,14.83,8.24,0.88,18.41,15.16
design_7670,1.43,1.59,1.79,2.14,1.09,1.1,1.07,1.57,16.47,9.07,0.88,26.96,21.05
design_7671,1.43,1.37,1.59,1.6,1.24,0.88,1.0,1.37,15.4,8.47,0.88,19.75,16.0
design_7672,1.28,2.64,2.27,2.05,1.02,3.95,1.55,2.65,17.51,9.97,0.84,22.96,18.38
design_7673,1.37,2.67,1.29,2.04,0.89,4.3,1.56,2.66,17.97,10.11,0.85,31.56,21.74
design_7674,1.34,2.56,1.5,2.18,0.88,3.54,1.44,2.37,18.16,10.19,0.85,25.42,19.08
design_7675,1.23,2.52,2.16,1.85,1.0,3.81,1.45,2.53,17.45,9.98,0.85,32.03,22.6
design_7676,1.13,2.36,2.01,1.94,0.87,3.71,1.41,2.44,18.1,10.23,0.85,20.93,17.07
design_7677,1.15,2.43,2.09,1.93,0.86,4.68,1.58,2.87,17.74,10.06,0.85,23.78,18.18
design_7678,1.33,2.62,1.39,2.03,1.11,3.71,1.42,2.42,18.7,10.48,0.85,26.34,18.85
design_7679,1.29,2.61,1.43,2.08,1.03,4.13,1.51,2.6,18.23,10.27,0.84,25.22,18.11
design_7680,1.22,2.01,3.08,2.28,1.49,4.98,1.63,2.94,12.91,7.66,0.85,10.14,6.97
design_7681,1.56,2.09,5.45,2.19,1.36,5.42,2.0,3.8,15.89,8.59,0.87,7.69,6.18
design_7682,1.16,2.58,3.48,2.08,1.29,4.91,1.68,3.04,12.51,7.23,0.86,7.73,5.73
design_7683,1.31,3.01,3.1,2.25,1.37,5.14,1.81,3.09,7.23,5.24,0.86,7.46,6.53
design_7684,1.08,2.6,3.57,2.38,1.12,5.06,1.74,3.13,14.23,8.12,0.86,16.33,10.79
design_7685,1.48,2.35,5.79,2.54,1.43,5.77,2.14,4.06,16.93,9.16,0.87,16.39,11.59
design_7686,1.17,2.46,3.7,2.44,1.42,4.98,1.71,3.16,15.51,8.6,0.87,17.27,12.0
design_7687,1.22,2.18,2.75,2.16,1.06,5.08,1.61,2.86,16.04,8.86,0.86,15.79,11.28
design_7688,9.0,20.92,6.86,26.96,12.48,24.87,15.17,19.42,14.91,9.0,0.83,19.54,15.7
design_7689,7.89,21.71,6.59,26.79,11.99,24.51,15.16,19.24,17.87,10.35,0.84,19.53,15.39
design_7690,8.04,21.2,6.45,26.77,11.85,24.24,15.1,19.06,14.79,9.1,0.82,19.77,17.07
design_7691,8.12,20.47,6.19,26.69,11.67,24.47,15.06,18.99,16.16,9.75,0.81,29.9,18.69
design_7692,7.09,20.53,6.73,26.75,12.03,24.56,15.05,19.04,17.98,10.42,0.83,32.07,21.62
design_7693,8.52,21.16,6.81,26.83,12.12,24.76,15.16,19.32,14.82,9.06,0.82,17.11,17.54
design_7694,8.72,21.02,6.8,26.93,12.5,24.89,15.15,19.41,16.95,10.02,0.83,17.62,16.96
design_7695,6.96,20.99,9.39,26.63,11.97,29.42,15.58,20.98,16.91,9.97,0.83,20.23,17.95
design_7696,1.0,2.29,2.95,2.22,0.91,3.82,1.35,2.55,15.31,8.73,0.86,16.28,12.88
design_7697,1.02,2.23,2.58,1.77,0.8,1.86,1.18,1.92,19.73,10.4,0.87,9.95,10.84
design_7698,1.1,2.55,2.7,1.98,0.84,1.83,1.25,2.05,15.51,8.85,0.85,5.21,3.3
design_7699,1.0,1.54,1.61,1.98,1.47,4.46,1.2,2.34,4.37,4.12,0.86,6.83,4.84
design_7700,1.0,2.25,2.34,1.91,1.43,3.92,1.28,2.4,8.83,6.18,0.84,5.91,4.19
design_7701,1.35,2.29,1.82,2.24,0.88,2.32,1.23,1.9,14.45,8.36,0.85,11.55,8.19
design_7702,1.21,2.67,2.46,2.18,1.22,2.94,1.38,2.27,17.5,9.57,0.86,14.31,10.53
design_7703,1.27,2.48,2.59,2.11,0.93,2.2,1.3,2.11,15.32,8.87,0.85,9.48,5.78
design_7704,1.3,1.74,1.17,2.26,0.66,8.91,2.41,4.96,19.23,10.71,0.85,29.53,22.23
design_7705,1.26,1.97,1.04,1.95,0.69,8.77,2.38,4.88,18.28,10.34,0.84,30.44,23.57
design_7706,1.14,1.71,0.83,2.08,0.73,8.29,2.26,4.61,10.16,6.79,0.84,22.98,18.21
design_7707,1.14,1.55,1.08,2.18,0.59,8.54,2.31,4.75,18.8,10.56,0.84,27.4,21.15
design_7708,1.55,2.01,1.15,2.28,0.67,8.4,2.31,4.73,16.91,9.71,0.85,22.75,18.7
design_7709,0.98,1.58,0.82,1.98,0.58,8.41,2.22,4.65,14.96,8.89,0.84,24.59,19.47
design_7710,0.95,1.61,1.01,1.96,0.59,8.69,2.31,4.8,15.68,9.14,0.85,13.21,11.2
design_7711,1.04,1.7,0.82,2.11,1.13,8.46,2.28,4.71,13.14,8.06,0.84,23.5,18.76
design_7712,1.73,3.03,2.78,2.43,1.43,1.89,1.48,2.32,15.81,9.25,0.84,29.8,22.17
design_7713,1.61,2.87,3.38,2.46,1.52,2.09,1.51,2.53,12.7,7.97,0.83,28.01,20.79
design_7714,1.96,2.88,3.34,2.01,1.12,2.37,1.5,2.53,17.4,9.8,0.83,29.64,22.76
design_7715,1.2,2.23,2.51,2.39,1.17,1.67,1.27,2.0,13.2,8.01,0.84,30.4,22.19
design_7716,1.21,2.44,2.66,2.31,1.55,1.54,1.31,2.08,14.2,8.39,0.85,29.79,22.25
design_7717,1.31,2.72,2.36,2.41,1.66,1.59,1.33,2.07,13.38,7.86,0.86,30.52,21.83
design_7718,1.49,2.75,3.13,2.62,1.33,1.64,1.49,2.35,11.76,7.4,0.84,28.43,21.4
design_7719,1.71,3.0,4.35,2.55,1.49,1.55,1.69,2.85,7.96,5.83,0.84,27.84,20.76
design_7720,2.14,2.35,2.34,1.67,0.87,1.71,1.27,1.98,18.38,9.8,0.87,28.48,20.79
design_7721,2.66,2.13,2.86,1.81,0.79,1.82,1.37,2.25,18.43,9.78,0.87,28.61,21.56
design_7722,2.09,2.18,3.38,1.92,0.84,1.67,1.42,2.36,17.66,9.54,0.87,29.37,20.76
design_7723,1.94,2.15,2.16,1.79,1.02,1.85,1.22,1.91,17.31,9.47,0.86,34.44,22.81
design_7724,1.81,2.15,2.9,1.78,1.25,2.06,1.3,2.19,17.53,9.54,0.87,31.34,22.1
design_7725,1.9,2.39,2.13,1.8,1.0,1.99,1.24,1.95,17.92,9.79,0.87,33.7,25.35
design_7726,2.48,2.28,2.76,1.87,0.91,1.73,1.4,2.21,17.07,9.36,0.87,18.2,12.99
design_7727,2.02,2.3,2.61,2.34,0.9,1.99,1.32,2.19,19.04,10.16,0.87,27.13,21.5
design_7728,1.29,1.59,3.72,1.9,1.12,5.1,1.62,3.02,14.78,8.21,0.87,13.58,7.92
design_7729,1.54,1.99,3.46,1.84,1.54,3.43,1.49,2.55,14.79,8.57,0.85,18.29,10.96
design_7730,1.42,1.96,3.55,2.03,1.32,5.1,1.67,3.04,14.84,8.33,0.87,18.09,15.01
design_7731,1.34,1.49,3.72,2.0,1.25,5.52,1.74,3.17,13.55,7.8,0.86,15.62,10.38
design_7732,1.65,1.33,4.91,1.88,1.19,2.07,1.56,2.7,9.96,6.84,0.84,6.51,6.08
design_7733,1.25,1.3,3.1,1.88,1.01,5.05,1.55,2.82,14.81,8.39,0.86,22.43,14.25
design_7734,1.62,1.88,3.4,2.09,1.28,5.24,1.73,3.06,15.22,8.44,0.87,17.53,11.29
design_7735,1.48,1.77,3.42,1.82,1.3,4.9,1.63,2.91,15.45,8.87,0.85,18.08,14.78
design_7736,1.16,2.89,2.98,1.78,1.04,2.79,1.47,2.39,15.24,8.83,0.84,18.92,14.22
design_7737,1.33,3.26,3.91,1.89,1.1,2.68,1.62,2.78,15.71,9.09,0.84,16.27,10.2
design_7738,1.17,3.05,4.24,1.82,0.97,1.89,1.59,2.74,16.7,9.45,0.84,13.11,10.68
design_7739,1.01,2.87,3.22,1.63,1.18,3.09,1.45,2.52,14.68,8.59,0.84,21.7,15.44
design_7740,1.11,3.2,4.22,1.83,0.99,2.15,1.6,2.79,16.63,9.49,0.84,13.77,10.12
design_7741,1.1,3.19,3.37,1.67,1.24,2.65,1.48,2.54,12.91,7.85,0.84,3.75,4.43
design_7742,1.11,3.25,2.63,1.72,1.16,2.66,1.4,2.3,5.49,4.75,0.85,7.04,5.81
design_7743,1.14,3.09,4.78,1.6,0.94,1.98,1.66,2.97,16.39,9.27,0.85,18.62,14.79
design_7744,9.24,21.2,9.79,27.11,11.36,21.16,14.62,17.36,16.07,9.22,0.85,26.4,16.17
design_7745,9.04,20.92,9.23,26.98,11.14,20.75,14.56,17.09,14.45,8.38,0.85,24.07,15.42
design_7746,9.24,21.41,10.23,27.13,11.52,21.05,14.64,17.46,16.21,9.04,0.86,27.42,18.64
design_7747,9.43,22.06,9.12,27.27,12.23,21.24,14.69,17.56,16.64,9.24,0.86,26.79,18.37
design_7748,9.7,21.71,10.58,27.39,12.09,21.34,14.75,17.77,8.62,5.81,0.85,26.77,17.54
design_7749,8.64,20.99,10.75,27.11,11.09,20.95,14.63,17.36,13.46,8.02,0.84,15.97,14.75
design_7750,9.04,21.3,10.54,27.23,11.94,21.34,14.69,17.58,11.0,6.81,0.85,26.66,17.56
design_7751,9.2,21.2,10.82,27.23,11.87,21.06,14.69,17.57,14.19,8.14,0.85,26.37,17.69
design_7752,1.06,2.1,0.98,2.4,1.34,5.31,1.57,2.76,12.44,7.24,0.86,4.28,3.44
design_7753,1.03,2.31,1.38,2.18,1.21,4.84,1.48,2.6,13.92,8.08,0.86,9.17,6.06
design_7754,1.2,2.3,1.19,2.47,1.36,5.49,1.62,2.88,14.75,8.14,0.87,5.29,4.09
design_7755,1.33,2.34,1.41,2.21,1.05,5.19,1.56,2.75,14.73,8.29,0.87,5.32,4.34
design_7756,1.16,2.08,1.35,2.72,1.44,4.55,1.56,2.58,18.03,9.76,0.86,36.83,26.63
design_7757,1.31,2.75,0.7,2.88,1.06,5.78,1.76,3.06,14.56,8.07,0.87,21.2,13.96
design_7758,1.15,2.11,1.62,2.57,1.13,5.44,1.63,2.88,12.34,7.18,0.87,3.47,2.96
design_7759,1.53,2.79,1.64,2.36,1.53,5.13,1.65,2.88,16.47,8.95,0.87,16.99,14.6
design_7760,1.21,2.14,1.86,1.95,1.23,1.77,1.19,1.75,14.38,8.51,0.84,17.22,12.52
design_7761,1.21,2.2,2.47,1.77,1.46,1.88,1.23,1.95,10.77,6.98,0.84,31.01,23.17
design_7762,1.16,1.87,2.36,1.66,1.39,1.82,1.16,1.83,15.5,8.97,0.84,26.31,20.01
design_7763,1.27,2.07,2.48,1.85,1.42,1.65,1.23,1.9,16.18,9.28,0.84,26.4,19.84
design_7764,1.22,2.03,2.6,1.91,1.45,1.88,1.28,1.99,13.8,8.2,0.84,31.19,23.49
design_7765,1.27,1.98,2.54,1.76,1.11,1.81,1.21,1.9,17.16,9.63,0.85,31.96,22.68
design_7766,1.2,1.76,2.56,1.7,1.47,1.83,1.19,1.9,15.19,8.82,0.84,23.95,16.32
design_7767,1.28,1.93,2.53,1.67,1.0,1.89,1.15,1.89,16.52,9.46,0.84,28.03,21.37
design_7768,2.43,3.17,3.57,2.28,1.51,3.95,1.77,3.14,14.88,8.86,0.84,29.68,22.06
design_7769,2.83,3.12,3.38,2.39,1.66,3.6,1.78,3.04,15.4,9.08,0.84,24.56,17.74
design_7770,2.46,2.91,1.72,2.32,1.75,2.94,1.49,2.4,17.03,9.82,0.85,27.12,19.48
design_7771,2.4,3.13,3.07,2.31,1.67,3.5,1.66,2.88,16.1,9.3,0.84,28.48,21.04
design_7772,2.65,3.22,3.49,2.72,1.6,3.4,1.8,3.04,18.55,10.42,0.85,19.57,15.0
design_7773,2.54,3.18,3.13,2.32,1.63,3.3,1.65,2.86,18.82,10.59,0.84,28.5,21.58
design_7774,2.54,3.22,2.76,2.41,1.54,4.5,1.75,3.15,14.7,8.88,0.83,28.98,21.76
design_7775,2.06,2.5,2.7,2.53,1.29,3.47,1.54,2.66,15.32,8.94,0.84,10.66,7.93
design_7776,1.24,0.93,2.69,1.47,0.85,4.12,1.43,2.51,15.68,9.04,0.84,17.91,12.79
design_7777,1.36,1.48,1.82,1.79,1.4,4.27,1.47,2.48,5.48,4.78,0.85,13.57,7.68
design_7778,1.77,2.01,2.5,2.27,1.4,2.6,1.61,2.23,16.71,9.27,0.86,20.05,12.44
design_7779,1.33,1.72,1.23,1.63,1.18,3.9,1.38,2.23,9.28,6.31,0.84,11.37,6.82
design_7780,1.79,1.94,2.65,1.95,1.4,2.69,1.53,2.25,16.27,9.27,0.85,10.69,7.83
design_7781,1.77,1.92,2.56,2.03,1.41,2.78,1.57,2.25,15.14,8.73,0.85,9.63,7.22
design_7782,1.64,2.1,2.82,1.98,1.4,2.73,1.61,2.31,15.97,9.1,0.85,9.86,6.68
design_7783,1.78,2.0,2.69,1.99,1.27,2.61,1.52,2.24,17.12,9.59,0.85,18.74,12.66
design_7784,1.45,2.93,2.34,1.99,1.17,5.26,1.73,3.18,17.76,10.06,0.84,28.27,18.72
design_7785,1.12,2.15,2.74,1.95,2.71,4.41,1.61,2.94,10.47,6.69,0.84,26.24,18.83
design_7786,1.4,2.51,3.43,1.96,2.47,4.63,1.75,3.2,16.14,9.02,0.86,19.2,14.13
design_7787,1.32,2.7,2.8,2.13,0.96,4.85,1.65,3.07,16.52,9.33,0.85,31.43,21.93
design_7788,1.67,2.95,4.68,2.36,1.36,3.95,1.88,3.35,18.98,10.32,0.86,20.48,13.14
design_7789,1.3,2.53,3.07,1.93,2.72,4.81,1.77,3.2,12.92,7.69,0.85,19.35,14.6
design_7790,1.14,2.45,1.4,1.94,1.64,4.36,1.47,2.62,12.44,7.63,0.84,28.89,19.69
design_7791,1.62,2.72,4.13,2.7,2.37,4.79,1.95,3.53,5.15,4.54,0.85,26.75,19.61
design_7792,1.31,1.94,1.22,2.07,0.83,4.86,1.56,2.66,6.83,5.46,0.84,2.1,3.09
design_7793,1.31,1.81,1.17,2.11,0.95,4.45,1.5,2.49,8.69,6.21,0.84,2.68,3.12
design_7794,1.23,2.03,1.52,2.18,0.9,4.85,1.59,2.71,17.06,9.65,0.84,15.23,11.94
design_7795,1.32,1.76,2.59,2.02,0.9,3.52,1.44,2.4,6.72,5.35,0.85,13.85,9.31
design_7796,1.21,2.07,1.69,2.38,0.77,4.05,1.49,2.45,15.68,9.09,0.83,15.94,10.8
design_7797,1.38,2.25,2.27,2.29,1.18,3.49,1.5,2.41,16.38,9.54,0.83,8.94,7.16
design_7798,1.09,1.98,0.99,2.1,0.84,4.77,1.55,2.59,6.85,5.44,0.84,3.14,3.22
design_7799,1.18,2.04,1.49,2.14,1.01,4.95,1.63,2.75,7.24,5.6,0.84,15.03,10.3
design_7800,0.98,1.8,4.61,2.28,1.33,2.97,1.63,2.9,13.29,8.01,0.84,13.4,8.54
design_7801,1.09,2.16,2.57,2.29,1.02,7.65,2.04,3.96,15.99,8.69,0.87,25.32,17.2
design_7802,1.06,2.46,3.82,2.55,1.05,7.75,2.19,4.27,12.68,7.29,0.87,12.02,8.31
design_7803,1.29,1.98,3.11,2.35,0.97,6.91,1.92,3.76,4.7,4.17,0.87,5.51,4.51
design_7804,1.11,2.13,4.2,2.34,1.4,6.4,1.98,3.83,16.73,9.34,0.86,24.86,17.21
design_7805,1.25,2.33,3.42,2.35,1.11,7.73,2.14,4.17,13.13,7.51,0.86,15.6,10.45
design_7806,1.16,2.13,4.73,2.15,0.86,7.74,2.2,4.42,14.56,7.85,0.89,13.86,9.87
design_7807,1.16,2.2,2.44,2.07,0.99,7.67,2.02,3.94,11.45,6.66,0.87,10.87,7.25
design_7808,1.7,1.52,1.29,2.59,1.07,2.74,1.42,1.99,18.33,10.15,0.85,29.97,24.26
design_7809,1.94,1.87,1.86,3.06,1.05,2.54,1.55,2.18,17.83,9.88,0.86,30.88,23.63
design_7810,0.84,0.9,0.92,1.72,1.01,3.09,1.1,1.8,15.94,9.2,0.84,4.87,4.98
design_7811,2.13,1.72,3.79,2.95,1.74,2.5,1.85,2.74,14.58,8.47,0.85,27.25,17.08
design_7812,1.31,1.23,2.46,2.29,0.7,3.25,1.36,2.28,19.59,10.68,0.86,35.6,25.49
design_7813,1.81,1.59,2.78,2.96,0.96,2.86,1.61,2.44,19.21,10.4,0.87,12.92,10.19
design_7814,1.02,0.77,3.37,1.81,0.71,2.68,1.29,2.28,18.36,10.37,0.84,29.99,24.86
design_7815,1.41,1.23,3.02,2.34,1.03,3.02,1.45,2.4,17.34,9.73,0.85,33.02,25.48
design_7816,1.44,3.18,1.97,2.4,1.43,2.46,1.45,2.2,11.64,6.93,0.86,15.83,12.22
design_7817,1.44,2.39,2.06,2.15,1.32,2.49,1.35,2.03,16.36,8.94,0.87,21.77,14.39
design_7818,1.27,2.46,1.59,1.95,1.16,1.8,1.23,1.74,14.83,8.41,0.85,31.49,22.88
design_7819,1.2,2.46,1.93,2.04,1.05,2.49,1.22,1.95,7.55,5.08,0.87,12.9,9.37
design_7820,1.43,2.68,1.98,2.25,1.53,2.54,1.37,2.11,8.02,5.42,0.86,11.4,7.96
design_7821,1.31,2.84,2.15,2.27,1.31,2.61,1.42,2.16,14.5,8.22,0.85,20.75,15.62
design_7822,1.25,2.27,2.04,2.17,1.1,2.38,1.27,1.95,12.23,7.16,0.87,10.39,8.12
design_7823,1.29,2.38,1.98,1.74,1.24,2.09,1.14,1.84,13.9,8.06,0.86,8.45,7.53
design_7824,1.12,1.83,3.48,2.33,1.21,2.19,1.4,2.2,17.31,9.61,0.87,20.46,16.46
design_7825,1.27,1.78,3.31,2.25,1.4,2.38,1.4,2.2,17.85,9.65,0.87,17.09,13.09
design_7826,1.07,2.35,3.12,2.39,1.32,2.16,1.45,2.19,17.62,9.75,0.87,23.24,19.08
design_7827,0.98,2.22,2.43,2.4,1.25,2.37,1.38,2.04,18.15,9.73,0.87,22.1,18.0
design_7828,1.02,2.03,1.27,2.15,1.08,2.02,1.21,1.67,16.85,9.19,0.88,17.86,15.6
design_7829,1.03,1.81,3.82,2.12,1.27,2.32,1.41,2.28,16.04,9.0,0.87,22.71,19.1
design_7830,0.92,2.15,2.2,2.51,1.18,1.74,1.29,1.88,18.37,9.79,0.87,22.38,11.57
design_7831,1.17,2.48,3.34,2.53,1.41,2.36,1.56,2.35,17.12,9.48,0.87,18.21,15.32
design_7832,1.25,2.58,2.09,2.42,1.08,3.23,1.5,2.36,14.36,8.39,0.85,10.44,7.9
design_7833,1.3,2.81,2.2,2.19,0.96,3.76,1.56,2.56,15.16,8.97,0.84,27.61,19.86
design_7834,1.58,2.66,1.17,2.24,1.11,3.34,1.47,2.26,12.08,7.65,0.84,11.76,8.97
design_7835,0.98,2.79,2.34,1.99,0.85,4.36,1.54,2.76,12.14,7.82,0.83,28.69,20.99
design_7836,1.21,2.85,2.16,2.37,1.18,3.67,1.56,2.55,14.85,8.58,0.85,29.68,21.22
design_7837,1.37,2.65,2.31,2.31,1.05,3.43,1.54,2.47,15.87,9.02,0.84,35.07,24.88
design_7838,0.78,2.37,2.87,1.46,0.77,3.91,1.37,2.6,10.71,7.13,0.83,25.54,19.07
design_7839,1.48,2.73,1.11,2.08,0.97,3.68,1.45,2.36,15.17,8.89,0.84,29.49,20.44
design_7840,1.45,2.24,2.35,2.43,1.21,1.11,1.39,1.96,15.01,8.14,0.88,29.76,19.16
design_7841,1.2,2.1,3.19,2.58,1.32,0.98,1.47,2.24,14.21,7.78,0.89,24.75,18.15
design_7842,1.1,2.01,1.68,2.25,1.16,0.97,1.25,1.63,14.18,7.8,0.88,12.25,10.84
design_7843,1.2,2.14,2.22,2.64,0.9,1.11,1.36,1.9,14.83,8.13,0.87,22.71,14.75
design_7844,1.35,1.88,8.49,2.64,1.38,0.98,2.28,4.61,14.39,7.74,0.89,14.7,11.16
design_7845,1.29,2.16,2.86,2.68,1.16,1.05,1.45,2.15,15.38,8.34,0.88,18.14,13.08
design_7846,1.27,1.92,1.92,2.31,1.12,0.89,1.26,1.71,15.96,8.64,0.88,35.11,23.63
design_7847,1.31,2.24,1.45,2.74,0.92,1.16,1.37,1.76,15.74,8.46,0.88,22.11,14.74
design_7848,1.42,2.85,2.41,1.67,1.23,4.58,1.56,2.94,17.63,10.05,0.85,29.75,23.19
design_7849,1.33,2.58,1.89,1.68,1.27,5.83,1.75,3.44,17.9,10.16,0.85,11.68,9.68
design_7850,1.29,2.57,1.8,1.55,1.17,5.73,1.67,3.36,17.59,10.04,0.84,29.58,22.58
design_7851,1.28,2.64,2.44,1.7,1.17,5.01,1.6,3.1,17.51,9.99,0.84,30.93,23.62
design_7852,1.32,2.56,2.34,1.73,1.16,6.13,1.8,3.6,17.35,9.9,0.85,25.87,20.3
design_7853,1.13,2.7,2.15,1.64,1.19,5.35,1.63,3.22,15.63,9.27,0.84,24.42,19.13
design_7854,1.07,2.76,1.9,1.67,1.15,6.02,1.74,3.52,15.62,9.2,0.84,27.52,22.0
design_7855,1.38,2.61,1.9,1.63,1.36,5.47,1.65,3.27,17.59,10.03,0.84,30.35,23.39
design_7856,1.48,2.23,1.21,2.08,0.53,5.1,1.47,2.63,9.73,6.17,0.86,13.08,7.62
design_7857,1.45,2.29,2.5,2.06,0.84,5.5,1.58,2.97,12.12,7.27,0.85,11.85,7.38
design_7858,1.4,2.55,1.39,2.18,0.86,5.18,1.53,2.74,8.15,5.5,0.86,4.38,3.49
design_7859,1.49,2.64,1.1,2.61,0.67,5.09,1.61,2.75,16.02,8.74,0.87,18.48,11.22
design_7860,1.5,2.36,1.35,2.2,0.62,4.94,1.48,2.63,5.54,4.47,0.86,3.07,3.22
design_7861,1.37,2.4,1.1,2.27,0.64,5.03,1.49,2.64,9.8,6.15,0.85,8.4,5.23
design_7862,1.39,2.53,3.0,2.55,0.7,5.26,1.71,3.06,16.74,8.91,0.89,27.46,21.2
design_7863,1.32,2.63,1.15,2.48,0.74,5.23,1.6,2.77,12.42,7.16,0.87,11.46,7.01
design_7864,8.11,22.14,9.81,26.83,11.55,23.33,14.94,18.3,13.75,8.35,0.83,28.63,18.2
design_7865,8.43,21.27,10.13,27.09,11.54,25.05,15.06,18.77,5.19,4.99,0.84,26.85,17.3
design_7866,10.42,22.5,14.05,27.05,13.03,24.65,15.29,19.67,8.01,6.12,0.83,27.04,16.41
design_7867,9.09,22.48,10.41,27.01,12.0,23.2,15.01,18.54,12.77,7.78,0.84,28.18,16.85
design_7868,7.99,22.2,10.95,26.95,11.7,23.18,14.98,18.45,5.17,4.63,0.85,26.89,17.24
design_7869,9.42,21.95,10.38,27.01,11.88,23.4,15.0,18.52,11.97,7.43,0.84,27.63,17.23
design_7870,8.73,20.92,12.94,26.93,11.9,25.93,15.2,19.38,8.89,6.52,0.83,27.88,17.51
design_7871,8.67,21.82,9.4,26.89,11.43,23.96,14.97,18.42,7.89,6.32,0.82,28.4,17.2
design_7872,1.43,3.21,1.96,1.88,1.06,4.33,1.62,2.8,17.42,9.85,0.85,13.48,11.28
design_7873,1.73,3.54,1.4,2.5,1.19,7.3,2.19,4.17,17.53,9.59,0.86,31.31,24.02
design_7874,1.42,3.36,2.17,2.54,1.06,2.85,1.63,2.42,17.57,9.77,0.87,12.65,11.7
design_7875,1.41,3.37,1.2,2.16,0.95,6.45,1.95,3.69,17.25,9.82,0.85,22.22,16.67
design_7876,1.62,3.37,1.73,1.93,0.91,4.03,1.57,2.7,18.1,10.24,0.85,18.05,14.99
design_7877,1.31,3.27,1.73,2.08,1.03,5.72,1.83,3.38,17.31,9.81,0.85,9.91,9.82
design_7878,1.55,2.96,3.71,2.24,1.06,2.34,1.55,2.43,17.72,10.03,0.85,30.84,23.82
design_7879,1.34,3.38,2.28,2.41,1.07,4.82,1.77,3.11,6.37,5.22,0.85,35.06,27.63
design_7880,1.03,1.77,1.78,1.61,1.14,3.91,1.28,2.17,11.59,7.09,0.85,8.96,6.14
design_7881,1.43,2.46,2.79,2.31,1.44,2.45,1.45,2.25,7.69,5.46,0.85,4.82,4.1
design_7882,1.04,1.82,1.88,1.6,1.43,3.79,1.28,2.18,14.83,8.5,0.85,11.55,8.43
design_7883,1.23,2.01,1.87,1.62,1.59,3.57,1.29,2.17,14.11,8.15,0.86,6.55,4.55
design_7884,1.24,2.13,2.16,1.7,1.45,2.93,1.29,2.06,11.6,7.15,0.85,3.2,3.12
design_7885,1.39,2.19,2.41,2.22,1.29,2.69,1.41,2.14,16.4,8.84,0.86,37.64,23.58
design_7886,1.09,1.97,2.16,1.74,1.12,3.18,1.27,2.06,15.34,8.69,0.86,10.86,6.87
design_7887,1.23,1.85,2.25,1.56,1.4,3.11,1.23,2.06,4.99,4.39,0.86,3.59,2.57
design_7888,1.14,1.52,2.0,2.0,1.16,5.5,1.69,3.26,12.98,8.09,0.83,3.35,3.32
design_7889,1.45,1.56,2.13,2.36,1.08,4.07,1.49,2.66,15.5,9.12,0.84,16.99,11.06
design_7890,1.44,1.43,1.2,1.96,1.11,8.65,2.32,4.81,15.69,9.18,0.84,20.86,16.7
design_7891,1.15,1.44,1.99,2.04,1.2,6.0,1.77,3.5,12.28,7.79,0.83,3.23,4.17
design_7892,1.1,1.54,2.06,2.2,1.34,5.82,1.75,3.44,13.85,8.43,0.83,2.76,3.45
design_7893,1.6,2.01,1.98,2.33,1.37,4.3,1.57,2.81,13.58,8.32,0.83,21.83,16.7
design_7894,1.34,1.8,2.46,2.12,1.06,4.21,1.53,2.74,18.95,10.58,0.85,20.0,15.07
design_7895,1.16,1.45,1.98,1.95,1.42,6.46,1.86,3.73,12.25,7.76,0.84,3.4,4.37
design_7896,1.98,2.64,2.6,2.16,1.81,4.68,1.71,3.01,16.77,9.52,0.86,9.84,7.77
design_7897,1.77,2.25,3.02,2.22,1.27,3.16,1.46,2.44,13.66,8.22,0.85,7.32,5.38
design_7898,1.51,1.98,2.39,2.22,1.46,2.02,1.31,1.96,15.2,8.8,0.86,6.46,5.06
design_7899,1.17,1.78,4.61,2.0,1.16,1.75,1.34,2.3,14.29,8.46,0.85,3.82,4.18
design_7900,1.8,2.34,3.0,2.26,1.49,1.97,1.42,2.17,16.54,9.31,0.86,12.94,10.24
design_7901,1.42,1.99,4.95,2.11,1.19,1.93,1.43,2.5,14.28,8.39,0.85,10.27,8.36
design_7902,1.69,2.3,2.91,2.09,1.4,2.13,1.36,2.13,15.5,9.04,0.85,5.72,4.82
design_7903,1.55,2.25,2.24,2.29,1.66,2.3,1.38,2.09,15.69,9.0,0.86,8.3,6.73
design_7904,1.26,1.88,3.11,1.87,0.72,1.81,1.29,2.1,17.98,9.72,0.85,19.57,11.1
design_7905,1.4,2.3,2.92,1.82,1.22,2.18,1.38,2.18,15.48,8.86,0.85,9.35,7.14
design_7906,1.51,2.03,3.14,1.79,1.02,2.42,1.36,2.26,16.48,9.33,0.85,10.14,7.42
design_7907,1.5,2.13,3.44,1.9,1.28,2.55,1.44,2.43,16.38,9.3,0.85,25.57,18.46
design_7908,1.51,2.12,3.2,2.04,1.06,2.53,1.39,2.34,16.22,9.24,0.85,19.61,13.55
design_7909,1.25,2.03,3.25,1.76,0.96,2.44,1.36,2.27,13.44,8.0,0.84,18.31,14.42
design_7910,1.49,2.07,2.84,1.82,0.95,2.02,1.33,2.08,15.39,8.8,0.85,4.65,4.05
design_7911,1.49,1.94,3.4,1.79,1.22,2.66,1.37,2.4,6.66,5.21,0.85,15.16,10.0
design_7912,2.01,2.67,2.92,1.79,1.79,2.67,1.45,2.41,15.77,9.08,0.85,18.95,14.15
design_7913,1.62,2.56,3.42,1.75,1.94,2.55,1.45,2.46,18.7,10.18,0.87,29.61,22.88
design_7914,2.08,3.12,2.64,1.86,1.7,2.42,1.43,2.36,16.26,9.17,0.85,23.46,17.31
design_7915,1.75,2.56,2.99,1.8,1.67,2.44,1.42,2.31,17.32,9.58,0.86,31.72,25.16
design_7916,1.47,2.53,2.72,1.69,1.66,2.92,1.35,2.32,17.75,9.8,0.86,31.36,25.59
design_7917,1.84,2.6,2.99,1.88,1.48,2.71,1.46,2.39,17.14,9.57,0.86,30.04,24.54
design_7918,1.6,2.38,2.4,1.77,1.51,2.32,1.3,2.07,16.48,9.27,0.86,26.3,20.16
design_7919,1.33,2.51,2.9,1.63,1.61,2.94,1.34,2.34,15.49,8.93,0.85,28.03,22.13
design_7920,1.34,2.17,3.12,2.11,0.89,2.11,1.41,2.24,13.81,7.77,0.87,18.61,12.81
design_7921,1.25,2.2,3.05,1.87,0.8,1.95,1.32,2.14,15.1,8.55,0.86,11.11,8.03
design_7922,1.31,1.95,3.55,1.77,0.98,2.17,1.36,2.34,16.75,9.23,0.86,10.88,7.07
design_7923,1.2,1.9,3.17,1.91,0.85,2.08,1.33,2.17,13.6,7.86,0.86,16.82,11.17
design_7924,1.14,1.85,3.26,1.66,0.7,1.84,1.24,2.13,17.0,9.36,0.86,17.03,13.13
design_7925,1.19,2.03,3.95,1.6,0.74,1.6,1.37,2.41,16.93,9.37,0.86,12.51,9.56
design_7926,1.45,2.29,3.13,1.99,1.09,2.05,1.41,2.25,16.26,8.93,0.86,18.98,14.34
design_7927,1.5,2.65,5.69,1.79,0.49,2.33,1.81,3.36,9.43,6.18,0.85,16.33,13.02
design_7928,1.27,0.96,1.35,1.91,0.88,5.04,1.57,2.75,9.3,6.39,0.83,22.36,16.99
design_7929,1.1,1.4,1.62,2.07,0.98,4.64,1.54,2.65,17.1,9.71,0.85,29.06,21.3
design_7930,0.84,1.26,1.23,2.11,0.98,4.87,1.53,2.68,11.86,7.55,0.83,13.6,9.36
design_7931,1.19,1.98,1.23,2.0,1.2,4.14,1.51,2.44,14.33,8.39,0.84,26.05,19.38
design_7932,1.23,1.48,1.05,2.02,0.86,4.54,1.48,2.54,15.7,9.06,0.84,24.63,18.45
design_7933,1.03,1.44,1.83,2.32,0.97,3.65,1.42,2.3,10.65,7.18,0.83,7.27,4.62
design_7934,1.21,1.68,1.02,1.95,1.1,3.91,1.4,2.29,7.25,5.66,0.84,3.06,3.07
design_7935,1.06,1.19,1.11,1.98,1.3,4.46,1.42,2.5,5.34,4.87,0.84,3.64,3.1
design_7936,1.35,2.64,5.7,2.11,1.36,1.02,1.75,3.27,14.56,8.09,0.88,18.11,13.6
design_7937,1.3,2.62,4.05,2.27,1.29,1.06,1.51,2.58,16.64,9.2,0.86,15.8,9.1
design_7938,1.02,3.24,3.37,2.2,1.42,1.03,1.42,2.4,15.12,8.67,0.85,4.46,4.49
design_7939,1.22,2.51,3.2,2.08,1.2,1.1,1.31,2.19,15.44,8.77,0.86,20.53,15.58
design_7940,1.32,3.23,2.37,2.47,1.58,1.33,1.46,2.18,16.59,9.12,0.86,27.68,20.82
design_7941,1.22,2.95,2.74,2.35,1.42,1.19,1.41,2.18,15.89,8.87,0.87,12.26,9.25
design_7942,1.14,2.32,4.63,2.25,1.3,1.21,1.49,2.78,14.4,8.34,0.85,13.61,10.35
design_7943,1.05,2.64,2.96,2.18,1.23,1.05,1.31,2.13,14.38,8.19,0.86,20.7,13.83
design_7944,1.77,2.31,3.05,3.48,1.22,1.55,1.73,2.45,12.84,7.49,0.86,29.07,21.29
design_7945,1.42,1.66,3.67,3.01,0.88,1.2,1.47,2.36,15.23,8.21,0.89,31.13,22.64
design_7946,1.3,1.92,0.79,2.83,0.84,1.52,1.29,1.66,12.61,7.4,0.86,7.14,4.79
design_7947,1.35,1.95,1.07,2.68,0.84,1.07,1.26,1.62,10.68,6.63,0.85,5.51,3.76
design_7948,1.66,2.06,2.71,3.38,1.09,1.47,1.6,2.27,11.41,6.79,0.86,29.62,22.9
design_7949,1.74,2.01,3.94,3.01,1.25,1.27,1.63,2.55,15.34,8.39,0.88,32.98,24.08
design_7950,1.4,1.69,3.22,2.56,0.85,1.26,1.36,2.12,15.62,8.62,0.87,9.85,7.3
design_7951,1.47,2.29,1.47,2.71,1.0,1.4,1.34,1.82,15.77,8.65,0.87,6.26,4.99
design_7952,8.99,22.45,11.42,26.49,12.94,26.06,15.25,19.29,15.05,9.2,0.82,30.47,19.37
design_7953,9.1,22.02,10.49,26.44,12.69,24.03,15.02,18.51,6.1,4.92,0.85,27.94,17.82
design_7954,9.21,22.86,11.39,26.51,13.04,24.29,15.14,18.89,16.01,9.18,0.84,27.32,16.95
design_7955,8.94,23.26,11.46,26.63,13.33,24.43,15.17,19.03,13.45,8.18,0.83,28.78,17.64
design_7956,9.86,23.85,11.68,26.58,13.33,23.9,15.2,19.07,9.42,6.29,0.85,27.86,17.45
design_7957,9.55,23.12,11.53,26.56,13.0,24.34,15.17,18.99,16.23,9.11,0.85,28.88,17.67
design_7958,9.41,22.72,11.01,26.57,13.06,24.51,15.14,18.9,15.93,9.34,0.83,27.49,17.33
design_7959,9.93,24.23,12.56,26.71,13.73,24.56,15.31,19.51,13.0,8.03,0.83,27.77,17.39
design_7960,0.98,1.97,5.17,2.64,1.29,1.17,1.77,3.17,16.81,8.95,0.88,34.07,25.37
design_7961,1.14,2.15,4.06,2.57,1.08,1.01,1.58,2.65,15.41,8.5,0.87,16.87,9.19
design_7962,0.72,2.06,3.05,2.5,0.86,1.02,1.37,2.15,14.97,8.3,0.87,11.24,7.2
design_7963,1.19,2.3,2.26,2.82,1.17,1.36,1.48,2.03,15.44,8.35,0.88,10.83,7.24
design_7964,0.9,2.12,4.17,2.53,1.18,1.06,1.58,2.69,14.99,8.19,0.88,7.57,5.67
design_7965,0.72,1.92,3.71,2.6,0.88,1.09,1.47,2.44,15.67,8.52,0.88,16.28,10.54
design_7966,1.42,1.87,4.97,2.68,1.25,1.08,1.74,3.09,16.05,8.7,0.87,13.76,10.44
design_7967,0.74,2.36,2.58,2.42,1.37,0.94,1.36,2.02,15.14,8.43,0.87,9.03,6.56
design_7968,1.26,2.2,1.69,2.37,1.09,2.38,1.28,1.9,14.62,8.13,0.87,7.45,6.36
design_7969,1.29,2.23,1.91,2.41,1.21,2.36,1.31,1.97,13.73,7.72,0.87,12.46,9.86
design_7970,1.31,2.21,1.51,2.42,1.27,2.4,1.31,1.9,13.89,7.74,0.87,27.53,20.51
design_7971,1.18,1.65,0.95,1.75,0.72,1.9,0.97,1.41,12.74,7.53,0.86,12.56,8.31
design_7972,1.49,1.69,1.51,2.09,0.87,1.92,1.17,1.64,14.33,8.17,0.86,9.96,6.57
design_7973,1.58,2.22,1.47,2.28,1.27,2.25,1.31,1.87,16.31,8.93,0.86,39.05,29.01
design_7974,1.38,2.38,1.53,2.31,1.31,2.35,1.34,1.91,15.27,8.38,0.87,10.83,7.38
design_7975,1.13,2.02,1.87,2.03,1.04,2.16,1.18,1.78,14.3,8.13,0.86,12.62,9.22
design_7976,1.18,1.63,1.67,1.91,1.18,1.05,1.07,1.48,10.89,6.44,0.88,5.79,3.91
design_7977,1.72,2.4,2.05,2.35,1.59,1.24,1.39,1.96,16.2,8.77,0.89,30.49,25.33
design_7978,1.4,1.74,0.87,2.15,1.46,1.13,1.18,1.55,14.21,7.89,0.88,7.61,6.63
design_7979,1.4,2.18,1.96,2.36,1.44,1.18,1.3,1.83,16.36,8.86,0.89,8.34,7.76
design_7980,1.33,2.15,1.36,2.07,1.29,1.12,1.2,1.63,15.13,8.24,0.89,12.73,10.07
design_7981,1.24,2.58,1.33,2.15,1.3,1.09,1.25,1.73,16.21,8.68,0.89,9.72,8.77
design_7982,1.43,2.3,0.91,2.25,1.36,1.18,1.22,1.7,15.94,8.59,0.88,13.92,9.35
design_7983,1.56,2.3,2.01,2.16,1.54,1.2,1.28,1.85,16.54,8.9,0.89,14.01,11.34
design_7984,1.61,2.97,1.59,2.28,1.6,1.1,1.39,1.98,11.6,6.81,0.87,23.51,18.82
design_7985,1.03,2.34,1.48,2.1,1.13,1.09,1.13,1.63,11.42,6.71,0.88,5.58,3.62
design_7986,1.24,2.91,1.5,2.53,1.38,1.34,1.45,1.96,12.75,7.19,0.88,9.24,8.61
design_7987,1.18,2.85,2.0,2.02,1.45,1.12,1.28,1.87,13.09,7.46,0.88,11.07,8.09
design_7988,1.21,2.96,2.1,2.17,1.63,1.25,1.32,1.98,16.99,9.16,0.88,12.55,9.0
design_7989,0.91,2.86,0.98,2.08,1.13,1.17,1.2,1.7,8.66,5.48,0.87,7.32,4.98
design_7990,1.35,2.5,1.94,2.43,1.32,1.25,1.38,1.89,11.24,6.59,0.88,10.77,8.85
design_7991,1.21,3.1,2.17,2.3,1.71,1.25,1.36,2.07,16.32,8.86,0.88,25.13,22.67
design_7992,1.0,1.34,1.26,1.8,0.66,2.52,1.05,1.56,13.18,7.67,0.85,24.46,16.97
design_7993,1.09,1.89,1.11,1.97,0.68,2.14,1.15,1.57,14.89,8.37,0.87,11.58,7.25
design_7994,1.09,1.3,2.75,2.15,0.66,2.49,1.25,1.98,5.58,4.57,0.86,6.21,4.35
design_7995,1.31,2.05,1.43,2.34,1.1,2.34,1.3,1.82,14.97,8.41,0.86,27.9,18.04
design_7996,0.89,1.19,1.59,2.02,0.48,2.47,1.04,1.61,7.61,5.49,0.85,9.69,5.72
design_7997,1.19,1.89,3.41,2.01,0.85,2.07,1.32,2.17,12.71,7.62,0.84,5.33,4.33
design_7998,1.13,1.91,1.25,2.23,0.89,2.38,1.24,1.72,13.19,7.65,0.86,22.58,15.05
design_7999,1.17,2.1,2.87,2.24,0.61,2.45,1.37,2.12,15.34,8.49,0.87,13.38,9.2
