tag,framework_aligned_H1_rmsd,framework_aligned_H2_rmsd,framework_aligned_H3_rmsd,framework_aligned_L1_rmsd,framework_aligned_L2_rmsd,framework_aligned_L3_rmsd,framework_aligned_antibody_rmsd,framework_aligned_cdr_rmsd,interaction_pae,pae,pred_lddt,target_aligned_antibody_rmsd,target_aligned_cdr_rmsd
samples_design_0_dldesign_0_best,0.93,0.57,2.11,nan,nan,nan,0.75,1.44,13.08,6.28,0.91,2.32,1.73
samples_design_0_dldesign_1_best,1.1,0.91,2.71,nan,nan,nan,0.89,1.85,16.14,7.64,0.9,13.47,11.27
samples_design_0_dldesign_2_best,0.91,0.74,1.9,nan,nan,nan,0.69,1.34,14.92,7.08,0.91,8.32,5.41
samples_design_0_dldesign_3_best,1.0,0.91,3.77,nan,nan,nan,1.11,2.44,15.11,7.22,0.89,16.4,11.96
samples_design_0_dldesign_4_best,0.64,0.83,2.76,nan,nan,nan,0.85,1.8,15.1,7.14,0.91,8.19,10.37
samples_design_0_dldesign_5_best,0.99,0.79,2.25,nan,nan,nan,0.78,1.56,12.49,6.03,0.9,9.92,6.93
samples_design_0_dldesign_6_best,0.99,0.87,2.28,nan,nan,nan,0.78,1.59,15.34,7.24,0.91,9.09,11.7
samples_design_0_dldesign_7_best,0.61,0.76,1.96,nan,nan,nan,0.72,1.33,9.04,4.54,0.9,2.38,2.32
samples_design_1_dldesign_0_best,0.99,1.01,0.65,nan,nan,nan,0.55,0.91,15.84,7.41,0.91,17.12,11.8
samples_design_1_dldesign_1_best,0.92,1.02,1.59,nan,nan,nan,0.67,1.17,10.87,5.25,0.9,12.76,7.78
samples_design_1_dldesign_2_best,0.88,0.89,0.56,nan,nan,nan,0.51,0.81,15.89,7.42,0.91,22.37,20.38
samples_design_1_dldesign_3_best,0.88,1.09,0.99,nan,nan,nan,0.54,0.99,15.82,7.37,0.91,14.93,11.81
samples_design_1_dldesign_4_best,1.03,1.1,1.3,nan,nan,nan,0.61,1.14,16.13,7.53,0.91,12.66,14.12
samples_design_1_dldesign_5_best,0.78,0.92,1.12,nan,nan,nan,0.52,0.93,15.78,7.37,0.9,18.87,16.88
samples_design_1_dldesign_6_best,0.65,0.88,1.09,nan,nan,nan,0.51,0.87,12.89,6.12,0.91,13.08,7.26
samples_design_1_dldesign_7_best,0.86,0.55,1.05,nan,nan,nan,0.51,0.83,14.86,6.95,0.91,23.35,19.08
samples_design_2_dldesign_0_best,0.69,0.37,7.84,nan,nan,nan,2.52,5.45,12.21,5.98,0.9,19.09,17.06
samples_design_2_dldesign_1_best,0.77,0.38,7.52,nan,nan,nan,2.42,5.23,12.69,6.21,0.9,17.56,16.27
samples_design_2_dldesign_2_best,0.47,0.35,6.08,nan,nan,nan,1.96,4.22,15.56,7.53,0.89,16.88,17.78
samples_design_2_dldesign_3_best,0.73,0.42,7.19,nan,nan,nan,2.31,5.0,15.0,7.24,0.9,14.78,10.33
samples_design_2_dldesign_4_best,0.84,0.37,7.36,nan,nan,nan,2.37,5.12,14.65,7.07,0.9,22.86,16.77
samples_design_2_dldesign_5_best,0.67,0.47,6.8,nan,nan,nan,2.19,4.73,17.45,8.31,0.9,11.56,11.56
samples_design_2_dldesign_6_best,0.61,0.38,7.02,nan,nan,nan,2.26,4.88,15.13,7.3,0.9,17.91,14.3
samples_design_2_dldesign_7_best,0.73,0.37,7.32,nan,nan,nan,2.36,5.09,14.63,7.08,0.9,9.98,10.04
samples_design_3_dldesign_0_best,0.47,1.05,1.17,nan,nan,nan,0.52,0.93,15.35,7.22,0.91,15.69,11.73
samples_design_3_dldesign_1_best,0.87,0.98,1.3,nan,nan,nan,0.64,1.06,13.59,6.46,0.9,10.99,7.32
samples_design_3_dldesign_2_best,0.71,1.17,1.59,nan,nan,nan,0.65,1.19,16.27,7.61,0.91,15.75,10.4
samples_design_3_dldesign_3_best,0.65,0.81,0.88,nan,nan,nan,0.5,0.78,14.45,6.81,0.91,11.68,8.13
samples_design_3_dldesign_4_best,0.45,0.93,1.75,nan,nan,nan,0.6,1.15,14.85,7.02,0.91,13.63,8.07
samples_design_3_dldesign_5_best,0.81,0.96,2.3,nan,nan,nan,0.75,1.48,16.39,7.67,0.91,16.63,18.13
samples_design_3_dldesign_6_best,0.74,1.1,2.18,nan,nan,nan,0.71,1.44,16.55,7.74,0.91,13.46,13.47
samples_design_3_dldesign_7_best,0.62,1.11,4.4,nan,nan,nan,1.12,2.58,15.55,7.34,0.9,11.03,5.86
samples_design_4_dldesign_0_best,0.66,0.51,1.34,nan,nan,nan,0.55,0.95,15.13,7.16,0.91,10.1,6.96
samples_design_4_dldesign_1_best,0.99,0.66,1.37,nan,nan,nan,0.68,1.08,11.81,5.72,0.9,13.17,6.16
samples_design_4_dldesign_2_best,0.89,0.81,1.21,nan,nan,nan,0.63,1.01,11.16,5.44,0.9,13.86,6.48
samples_design_4_dldesign_3_best,0.85,0.63,1.84,nan,nan,nan,0.71,1.28,13.57,6.48,0.9,9.1,4.83
samples_design_4_dldesign_4_best,0.62,0.5,1.75,nan,nan,nan,0.63,1.17,15.78,7.45,0.91,11.74,6.67
samples_design_4_dldesign_5_best,0.9,0.56,2.05,nan,nan,nan,0.72,1.4,15.46,7.31,0.9,14.43,10.42
samples_design_4_dldesign_6_best,0.9,0.7,0.98,nan,nan,nan,0.57,0.88,12.45,6.0,0.91,13.23,6.12
samples_design_4_dldesign_7_best,0.89,0.68,1.37,nan,nan,nan,0.62,1.05,15.12,7.14,0.91,23.95,15.11
samples_design_5_dldesign_0_best,1.03,0.87,0.61,nan,nan,nan,0.53,0.81,14.04,6.77,0.91,8.04,4.95
samples_design_5_dldesign_1_best,0.95,1.05,0.43,nan,nan,nan,0.51,0.77,15.19,7.27,0.91,13.44,12.88
samples_design_5_dldesign_2_best,0.95,0.97,0.55,nan,nan,nan,0.51,0.78,16.23,7.72,0.91,21.46,20.53
samples_design_5_dldesign_3_best,0.97,0.92,0.63,nan,nan,nan,0.53,0.8,16.05,7.63,0.91,7.36,6.19
samples_design_5_dldesign_4_best,1.05,1.0,0.54,nan,nan,nan,0.55,0.82,16.22,7.72,0.91,10.23,8.49
samples_design_5_dldesign_5_best,0.72,0.96,0.52,nan,nan,nan,0.48,0.7,14.7,7.06,0.91,16.58,15.88
samples_design_5_dldesign_6_best,0.57,1.04,0.58,nan,nan,nan,0.48,0.71,15.9,7.57,0.91,20.03,19.08
samples_design_5_dldesign_7_best,1.02,1.0,0.54,nan,nan,nan,0.52,0.81,15.51,7.41,0.91,18.01,16.45
samples_design_6_dldesign_0_best,0.89,0.65,6.62,nan,nan,nan,2.07,4.52,15.23,7.33,0.9,10.98,9.04
samples_design_6_dldesign_1_best,0.87,0.87,5.88,nan,nan,nan,1.85,4.03,17.06,8.09,0.9,14.03,7.91
samples_design_6_dldesign_2_best,0.83,0.52,0.91,nan,nan,nan,0.55,0.81,13.64,6.62,0.9,9.34,3.87
samples_design_6_dldesign_3_best,0.46,0.65,1.57,nan,nan,nan,0.65,1.14,15.32,7.41,0.89,9.57,4.73
samples_design_6_dldesign_4_best,0.82,0.62,5.06,nan,nan,nan,1.63,3.47,15.05,7.28,0.89,5.68,5.51
samples_design_6_dldesign_5_best,0.8,0.68,2.72,nan,nan,nan,0.94,1.92,16.98,8.13,0.89,17.17,13.75
samples_design_6_dldesign_6_best,0.81,0.53,1.49,nan,nan,nan,0.65,1.13,12.71,6.21,0.9,5.08,2.27
samples_design_6_dldesign_7_best,0.7,0.76,4.3,nan,nan,nan,1.37,2.96,15.9,7.65,0.89,15.63,8.71
samples_design_7_dldesign_0_best,0.52,0.69,2.56,nan,nan,nan,0.88,1.79,17.39,8.3,0.9,15.55,9.59
samples_design_7_dldesign_1_best,0.44,0.68,1.97,nan,nan,nan,0.71,1.4,17.06,8.18,0.9,22.51,18.63
samples_design_7_dldesign_2_best,0.45,0.65,2.88,nan,nan,nan,0.97,1.99,16.1,7.78,0.9,15.55,14.99
samples_design_7_dldesign_3_best,0.43,0.52,3.33,nan,nan,nan,1.1,2.28,15.99,7.68,0.91,14.81,12.71
samples_design_7_dldesign_4_best,0.5,0.63,2.58,nan,nan,nan,0.88,1.79,16.6,7.98,0.9,15.28,10.44
samples_design_7_dldesign_5_best,0.42,0.69,2.26,nan,nan,nan,0.8,1.59,16.34,7.83,0.91,15.21,12.65
samples_design_7_dldesign_6_best,0.38,0.54,1.85,nan,nan,nan,0.7,1.3,14.71,7.06,0.91,11.95,8.51
samples_design_7_dldesign_7_best,0.69,0.59,2.38,nan,nan,nan,0.86,1.68,17.76,8.45,0.9,20.07,15.34
samples_design_8_dldesign_0_best,0.99,0.58,0.86,nan,nan,nan,0.53,0.84,9.56,4.82,0.9,1.32,1.68
samples_design_8_dldesign_1_best,0.97,0.62,0.77,nan,nan,nan,0.53,0.8,10.32,5.13,0.9,3.3,3.02
samples_design_8_dldesign_2_best,0.59,0.56,0.74,nan,nan,nan,0.49,0.66,8.91,4.51,0.9,2.86,1.6
samples_design_8_dldesign_3_best,0.57,0.61,0.85,nan,nan,nan,0.49,0.73,7.62,3.94,0.9,2.88,1.72
samples_design_8_dldesign_4_best,1.27,0.66,0.74,nan,nan,nan,0.56,0.9,10.78,5.33,0.9,3.11,2.85
samples_design_8_dldesign_5_best,0.99,0.61,0.73,nan,nan,nan,0.51,0.79,11.38,5.59,0.9,3.67,2.99
samples_design_8_dldesign_6_best,0.84,0.71,0.82,nan,nan,nan,0.53,0.8,8.37,4.27,0.9,4.23,2.43
samples_design_8_dldesign_7_best,0.99,0.49,0.65,nan,nan,nan,0.49,0.73,10.96,5.41,0.9,4.28,3.87
samples_design_9_dldesign_0_best,0.55,0.2,0.54,nan,nan,nan,0.43,0.47,16.18,7.56,0.92,16.98,10.13
samples_design_9_dldesign_1_best,0.54,0.55,0.38,nan,nan,nan,0.47,0.49,14.7,6.92,0.92,14.33,8.66
samples_design_9_dldesign_2_best,0.42,0.62,1.17,nan,nan,nan,0.53,0.81,15.73,7.35,0.92,23.33,20.94
samples_design_9_dldesign_3_best,0.43,0.58,0.8,nan,nan,nan,0.5,0.62,15.45,7.25,0.92,22.71,21.78
samples_design_9_dldesign_4_best,0.56,0.51,0.55,nan,nan,nan,0.42,0.54,15.42,7.21,0.92,26.91,19.51
samples_design_9_dldesign_5_best,0.49,0.58,0.63,nan,nan,nan,0.45,0.57,15.76,7.36,0.92,7.16,9.76
samples_design_9_dldesign_6_best,0.5,0.59,0.71,nan,nan,nan,0.48,0.61,15.54,7.28,0.92,22.04,19.62
samples_design_9_dldesign_7_best,0.96,0.86,1.72,nan,nan,nan,0.68,1.26,16.48,7.71,0.91,20.4,14.66
samples_design_10_dldesign_0_best,0.43,0.48,0.58,nan,nan,nan,0.44,0.52,13.0,6.28,0.91,9.96,5.03
samples_design_10_dldesign_1_best,0.42,0.69,3.2,nan,nan,nan,1.02,2.15,15.47,7.34,0.91,17.88,12.48
samples_design_10_dldesign_2_best,0.43,0.47,0.78,nan,nan,nan,0.46,0.61,15.19,7.24,0.91,9.76,5.15
samples_design_10_dldesign_3_best,0.34,0.65,3.29,nan,nan,nan,1.04,2.2,14.6,6.95,0.91,8.57,10.13
samples_design_10_dldesign_4_best,0.49,0.39,0.7,nan,nan,nan,0.46,0.57,13.14,6.32,0.91,7.83,3.64
samples_design_10_dldesign_5_best,0.43,0.65,3.21,nan,nan,nan,1.02,2.15,15.12,7.19,0.91,6.15,5.96
samples_design_10_dldesign_6_best,0.5,0.42,3.22,nan,nan,nan,1.03,2.15,14.23,6.81,0.91,10.71,7.3
samples_design_10_dldesign_7_best,0.53,0.54,0.76,nan,nan,nan,0.48,0.64,14.19,6.78,0.91,10.07,5.61
samples_design_11_dldesign_0_best,0.66,0.45,3.2,nan,nan,nan,1.15,2.3,14.83,7.15,0.91,7.61,7.45
samples_design_11_dldesign_1_best,0.65,0.86,3.52,nan,nan,nan,1.23,2.54,17.62,8.42,0.9,13.15,11.53
samples_design_11_dldesign_2_best,0.68,0.51,3.31,nan,nan,nan,1.18,2.38,15.93,7.61,0.91,4.37,5.6
samples_design_11_dldesign_3_best,0.45,0.45,3.33,nan,nan,nan,1.18,2.38,13.24,6.42,0.91,2.95,4.3
samples_design_11_dldesign_4_best,0.44,0.7,4.01,nan,nan,nan,1.39,2.86,15.77,7.53,0.91,10.02,7.68
samples_design_11_dldesign_5_best,0.58,0.74,4.06,nan,nan,nan,1.41,2.91,16.17,7.75,0.91,7.41,6.03
samples_design_11_dldesign_6_best,0.71,0.63,3.27,nan,nan,nan,1.17,2.36,14.41,6.98,0.9,7.48,5.58
samples_design_11_dldesign_7_best,0.48,0.68,3.21,nan,nan,nan,1.15,2.31,14.67,7.07,0.91,5.48,5.61
samples_design_12_dldesign_0_best,0.63,0.64,2.28,nan,nan,nan,0.72,1.49,14.43,6.86,0.91,12.92,10.51
samples_design_12_dldesign_1_best,0.51,0.51,1.43,nan,nan,nan,0.53,0.97,16.2,7.61,0.91,3.9,3.5
samples_design_12_dldesign_2_best,0.72,0.57,1.38,nan,nan,nan,0.56,0.99,12.89,6.2,0.9,10.76,7.19
samples_design_12_dldesign_3_best,1.0,0.35,3.7,nan,nan,nan,1.08,2.36,14.5,6.93,0.9,11.05,11.82
samples_design_12_dldesign_4_best,0.98,0.64,2.62,nan,nan,nan,0.84,1.75,12.4,6.0,0.9,17.21,11.94
samples_design_12_dldesign_5_best,0.74,0.65,2.09,nan,nan,nan,0.69,1.4,15.01,7.08,0.91,8.81,10.55
samples_design_12_dldesign_6_best,0.59,0.49,2.38,nan,nan,nan,0.75,1.53,14.14,6.73,0.91,14.46,11.89
samples_design_12_dldesign_7_best,0.58,0.56,1.96,nan,nan,nan,0.65,1.29,14.51,6.89,0.91,13.96,11.89
samples_design_13_dldesign_0_best,0.73,1.12,2.9,nan,nan,nan,1.06,2.16,10.83,5.38,0.9,11.52,9.76
samples_design_13_dldesign_1_best,0.53,0.87,2.69,nan,nan,nan,0.99,1.97,14.42,7.02,0.9,9.97,9.7
samples_design_13_dldesign_2_best,0.52,1.1,2.52,nan,nan,nan,0.94,1.88,12.68,6.23,0.9,9.45,8.73
samples_design_13_dldesign_3_best,0.66,1.16,3.04,nan,nan,nan,1.09,2.25,12.3,6.02,0.9,8.09,8.56
samples_design_13_dldesign_4_best,0.61,1.09,2.74,nan,nan,nan,1.02,2.03,11.59,5.72,0.9,11.46,9.52
samples_design_13_dldesign_5_best,0.46,1.06,2.98,nan,nan,nan,1.07,2.18,13.87,6.73,0.9,9.7,7.66
samples_design_13_dldesign_6_best,0.42,1.41,2.66,nan,nan,nan,0.99,2.01,16.54,7.88,0.91,9.85,6.8
samples_design_13_dldesign_7_best,0.52,1.04,2.82,nan,nan,nan,1.03,2.07,12.79,6.23,0.91,10.66,9.93
samples_design_14_dldesign_0_best,1.02,0.94,3.4,nan,nan,nan,1.15,2.41,17.16,8.17,0.9,6.33,6.99
samples_design_14_dldesign_1_best,0.69,0.84,4.4,nan,nan,nan,1.41,3.03,17.49,8.29,0.9,9.66,7.32
samples_design_14_dldesign_2_best,1.53,0.73,3.87,nan,nan,nan,1.31,2.77,17.39,8.29,0.9,21.93,16.65
samples_design_14_dldesign_3_best,0.5,0.71,2.06,nan,nan,nan,0.75,1.47,15.21,7.31,0.9,7.05,3.79
samples_design_14_dldesign_4_best,0.69,0.6,2.32,nan,nan,nan,0.83,1.64,13.82,6.74,0.89,12.33,5.98
samples_design_14_dldesign_5_best,0.57,0.77,2.7,nan,nan,nan,0.92,1.9,17.01,8.12,0.9,4.7,4.35
samples_design_14_dldesign_6_best,1.0,0.7,2.29,nan,nan,nan,0.86,1.68,18.39,8.71,0.9,19.32,22.16
samples_design_14_dldesign_7_best,1.34,0.86,3.2,nan,nan,nan,1.11,2.32,17.17,8.18,0.9,16.48,14.1
samples_design_15_dldesign_0_best,1.25,1.1,2.65,nan,nan,nan,0.78,1.72,16.66,7.77,0.9,14.09,9.71
samples_design_15_dldesign_1_best,1.77,0.43,1.75,nan,nan,nan,0.7,1.46,14.75,6.9,0.91,26.42,16.89
samples_design_15_dldesign_2_best,1.61,0.86,2.81,nan,nan,nan,0.84,1.86,16.0,7.48,0.91,12.45,10.24
samples_design_15_dldesign_3_best,1.78,0.71,1.54,nan,nan,nan,0.71,1.44,15.69,7.32,0.91,12.24,12.34
samples_design_15_dldesign_4_best,1.56,1.01,1.15,nan,nan,nan,0.67,1.29,16.75,7.8,0.91,21.35,19.32
samples_design_15_dldesign_5_best,1.58,0.81,2.72,nan,nan,nan,0.81,1.8,16.45,7.65,0.91,22.55,20.32
samples_design_15_dldesign_6_best,1.4,1.08,1.76,nan,nan,nan,0.69,1.42,15.19,7.09,0.91,26.22,17.4
samples_design_15_dldesign_7_best,1.61,1.02,1.66,nan,nan,nan,0.71,1.46,16.12,7.49,0.91,21.34,12.73
samples_design_16_dldesign_0_best,0.41,0.68,2.04,nan,nan,nan,0.76,1.44,15.27,7.3,0.9,2.64,2.9
samples_design_16_dldesign_1_best,0.54,0.64,3.97,nan,nan,nan,1.28,2.72,14.94,7.22,0.9,18.0,13.99
samples_design_16_dldesign_2_best,0.53,0.51,2.1,nan,nan,nan,0.74,1.47,15.74,7.5,0.91,5.33,3.51
samples_design_16_dldesign_3_best,0.53,0.61,3.67,nan,nan,nan,1.2,2.52,16.91,8.08,0.9,13.3,11.09
samples_design_16_dldesign_4_best,0.5,0.54,2.43,nan,nan,nan,0.84,1.69,16.18,7.77,0.9,9.4,4.86
samples_design_16_dldesign_5_best,0.65,0.57,1.56,nan,nan,nan,0.62,1.15,16.16,7.76,0.9,24.91,17.1
samples_design_16_dldesign_6_best,0.47,0.55,3.07,nan,nan,nan,1.02,2.11,16.06,7.69,0.9,10.73,5.48
samples_design_16_dldesign_7_best,0.49,0.58,1.94,nan,nan,nan,0.72,1.37,16.4,7.89,0.89,23.45,14.21
samples_design_17_dldesign_0_best,0.83,0.68,4.17,nan,nan,nan,1.39,2.94,14.78,7.13,0.9,16.05,13.04
samples_design_17_dldesign_1_best,1.59,0.63,3.57,nan,nan,nan,1.28,2.63,15.17,7.29,0.9,14.7,11.69
samples_design_17_dldesign_2_best,0.52,0.42,2.28,nan,nan,nan,0.82,1.62,15.05,7.29,0.9,7.7,8.07
samples_design_17_dldesign_3_best,0.73,0.46,1.37,nan,nan,nan,0.6,1.05,15.98,7.7,0.89,8.65,8.07
samples_design_17_dldesign_4_best,1.01,0.5,3.86,nan,nan,nan,1.32,2.74,13.54,6.58,0.9,13.65,12.27
samples_design_17_dldesign_5_best,0.88,0.35,3.68,nan,nan,nan,1.26,2.6,14.58,7.04,0.9,3.28,4.03
samples_design_17_dldesign_6_best,0.86,0.45,3.9,nan,nan,nan,1.32,2.75,13.7,6.73,0.89,11.15,6.91
samples_design_17_dldesign_7_best,0.48,0.47,4.3,nan,nan,nan,1.42,3.0,15.56,7.46,0.9,14.97,11.2
samples_design_18_dldesign_0_best,0.74,0.72,3.04,nan,nan,nan,1.03,2.13,14.21,6.91,0.88,5.22,5.5
samples_design_18_dldesign_1_best,0.95,0.74,1.55,nan,nan,nan,0.7,1.23,14.5,6.97,0.91,2.75,2.78
samples_design_18_dldesign_2_best,0.71,0.57,1.3,nan,nan,nan,0.62,1.0,11.23,5.57,0.89,2.96,1.92
samples_design_18_dldesign_3_best,0.68,0.51,1.83,nan,nan,nan,0.74,1.32,13.12,6.41,0.9,2.58,2.05
samples_design_18_dldesign_4_best,0.96,0.58,1.01,nan,nan,nan,0.56,0.91,16.44,7.8,0.91,25.48,15.92
samples_design_18_dldesign_5_best,0.92,0.5,2.52,nan,nan,nan,0.92,1.79,14.61,7.06,0.89,5.87,3.76
samples_design_18_dldesign_6_best,0.74,0.4,1.0,nan,nan,nan,0.55,0.81,15.07,7.21,0.91,24.33,15.82
samples_design_18_dldesign_7_best,0.59,0.56,1.15,nan,nan,nan,0.57,0.88,12.69,6.22,0.89,8.54,3.87
samples_design_19_dldesign_0_best,1.01,0.87,5.92,nan,nan,nan,1.87,4.07,13.26,6.46,0.9,17.77,13.47
samples_design_19_dldesign_1_best,0.88,0.75,5.39,nan,nan,nan,1.7,3.7,11.62,5.73,0.89,16.81,15.23
samples_design_19_dldesign_2_best,0.95,0.75,5.9,nan,nan,nan,1.86,4.05,15.37,7.38,0.9,21.04,15.0
samples_design_19_dldesign_3_best,1.03,0.65,5.56,nan,nan,nan,1.76,3.82,15.12,7.3,0.9,10.06,7.42
samples_design_19_dldesign_4_best,0.98,0.6,5.95,nan,nan,nan,1.87,4.07,13.38,6.52,0.89,17.12,14.57
samples_design_19_dldesign_5_best,0.78,0.68,1.76,nan,nan,nan,0.71,1.31,15.24,7.37,0.89,19.88,10.54
samples_design_19_dldesign_6_best,1.02,0.59,6.57,nan,nan,nan,2.06,4.49,12.72,6.23,0.89,15.55,13.68
samples_design_19_dldesign_7_best,1.0,0.72,6.35,nan,nan,nan,2.0,4.35,12.24,6.02,0.89,16.45,14.17
samples_design_20_dldesign_0_best,0.86,0.54,1.38,nan,nan,nan,0.64,1.05,11.27,5.54,0.89,8.43,3.72
samples_design_20_dldesign_1_best,1.17,0.53,1.31,nan,nan,nan,0.66,1.1,12.12,5.92,0.89,8.3,3.92
samples_design_20_dldesign_2_best,0.94,0.57,1.36,nan,nan,nan,0.69,1.06,10.23,5.07,0.9,25.91,16.5
samples_design_20_dldesign_3_best,0.86,0.62,1.41,nan,nan,nan,0.64,1.07,10.76,5.32,0.9,9.38,4.33
samples_design_20_dldesign_4_best,0.45,0.78,1.97,nan,nan,nan,0.68,1.35,16.01,7.58,0.9,21.34,18.69
samples_design_20_dldesign_5_best,0.8,0.57,1.11,nan,nan,nan,0.56,0.9,11.97,5.84,0.9,10.14,4.64
samples_design_20_dldesign_6_best,0.8,0.56,1.69,nan,nan,nan,0.67,1.21,13.17,6.36,0.9,8.5,4.28
samples_design_20_dldesign_7_best,0.75,0.68,1.12,nan,nan,nan,0.57,0.9,13.28,6.4,0.9,6.02,3.02
samples_design_21_dldesign_0_best,0.65,0.57,6.56,nan,nan,nan,2.12,4.57,17.48,8.27,0.91,21.12,21.25
samples_design_21_dldesign_1_best,0.68,0.5,6.4,nan,nan,nan,2.07,4.45,15.31,7.34,0.91,22.61,13.9
samples_design_21_dldesign_2_best,0.9,0.71,5.98,nan,nan,nan,1.94,4.18,18.14,8.6,0.9,18.35,12.9
samples_design_21_dldesign_3_best,0.91,0.46,6.56,nan,nan,nan,2.13,4.58,17.97,8.51,0.91,14.09,17.7
samples_design_21_dldesign_4_best,0.77,0.44,6.41,nan,nan,nan,2.07,4.47,16.98,8.08,0.91,6.53,8.28
samples_design_21_dldesign_5_best,0.83,0.53,6.23,nan,nan,nan,2.02,4.35,17.06,8.15,0.9,22.36,14.71
samples_design_21_dldesign_6_best,0.63,0.46,6.39,nan,nan,nan,2.07,4.45,13.19,6.45,0.89,10.23,6.41
samples_design_21_dldesign_7_best,0.64,0.5,6.47,nan,nan,nan,2.09,4.5,14.37,6.96,0.9,9.71,8.1
samples_design_22_dldesign_0_best,0.68,0.41,3.78,nan,nan,nan,1.26,2.65,15.63,7.52,0.9,21.5,12.07
samples_design_22_dldesign_1_best,0.69,0.21,3.46,nan,nan,nan,1.18,2.43,12.78,6.29,0.89,10.26,6.57
samples_design_22_dldesign_2_best,0.78,0.3,3.94,nan,nan,nan,1.32,2.76,15.37,7.38,0.91,13.39,12.24
samples_design_22_dldesign_3_best,0.63,0.57,6.31,nan,nan,nan,2.04,4.39,14.76,7.09,0.91,11.08,11.11
samples_design_22_dldesign_4_best,0.76,0.36,3.83,nan,nan,nan,1.28,2.69,14.55,7.06,0.9,12.76,11.89
samples_design_22_dldesign_5_best,0.56,0.63,6.26,nan,nan,nan,2.02,4.35,13.83,6.68,0.91,11.44,11.31
samples_design_22_dldesign_6_best,0.8,0.28,3.47,nan,nan,nan,1.17,2.44,15.3,7.39,0.9,6.88,7.68
samples_design_22_dldesign_7_best,0.77,0.32,3.9,nan,nan,nan,1.3,2.74,15.26,7.35,0.9,11.99,12.74
samples_design_23_dldesign_0_best,0.71,0.62,0.82,nan,nan,nan,0.47,0.73,15.97,7.55,0.9,7.79,4.18
samples_design_23_dldesign_1_best,0.85,0.77,1.63,nan,nan,nan,0.63,1.19,15.26,7.22,0.91,8.99,10.1
samples_design_23_dldesign_2_best,0.75,0.59,0.92,nan,nan,nan,0.48,0.78,16.12,7.57,0.91,15.75,14.21
samples_design_23_dldesign_3_best,0.75,0.63,1.21,nan,nan,nan,0.54,0.93,8.38,4.26,0.9,1.78,1.94
samples_design_23_dldesign_4_best,0.81,0.75,1.32,nan,nan,nan,0.59,1.02,16.24,7.67,0.91,17.99,9.54
samples_design_23_dldesign_5_best,0.71,0.59,0.78,nan,nan,nan,0.5,0.71,12.63,6.08,0.9,10.58,5.67
samples_design_23_dldesign_6_best,0.86,0.58,0.91,nan,nan,nan,0.53,0.81,12.4,5.97,0.91,9.03,4.88
samples_design_23_dldesign_7_best,0.69,0.63,1.12,nan,nan,nan,0.52,0.86,14.38,6.83,0.91,15.38,10.2
samples_design_24_dldesign_0_best,0.65,0.75,1.68,nan,nan,nan,0.65,1.18,14.35,6.82,0.91,16.04,11.25
samples_design_24_dldesign_1_best,0.67,0.59,1.83,nan,nan,nan,0.64,1.23,15.57,7.36,0.91,9.99,11.75
samples_design_24_dldesign_2_best,0.65,0.66,1.72,nan,nan,nan,0.63,1.18,15.98,7.53,0.91,7.81,9.6
samples_design_24_dldesign_3_best,0.69,0.71,2.0,nan,nan,nan,0.68,1.35,14.51,6.9,0.91,11.56,10.34
samples_design_24_dldesign_4_best,0.88,0.56,1.66,nan,nan,nan,0.62,1.18,16.29,7.66,0.91,18.24,16.9
samples_design_24_dldesign_5_best,0.66,0.6,1.79,nan,nan,nan,0.64,1.21,16.0,7.55,0.91,12.28,11.81
samples_design_24_dldesign_6_best,0.73,0.51,1.96,nan,nan,nan,0.66,1.31,14.81,7.03,0.91,12.81,11.47
samples_design_24_dldesign_7_best,0.87,0.57,1.44,nan,nan,nan,0.59,1.06,14.74,6.98,0.91,12.59,8.72
samples_design_25_dldesign_0_best,0.95,0.68,1.06,nan,nan,nan,0.54,0.9,14.24,6.73,0.91,12.76,7.1
samples_design_25_dldesign_1_best,0.65,0.6,0.9,nan,nan,nan,0.49,0.72,13.51,6.42,0.9,11.46,6.53
samples_design_25_dldesign_2_best,0.76,0.84,1.12,nan,nan,nan,0.5,0.9,16.13,7.55,0.9,11.1,9.29
samples_design_25_dldesign_3_best,0.85,0.83,3.22,nan,nan,nan,0.82,1.84,16.46,7.67,0.9,23.25,17.04
samples_design_25_dldesign_4_best,1.02,0.59,1.72,nan,nan,nan,0.6,1.16,13.66,6.48,0.9,12.75,6.29
samples_design_25_dldesign_5_best,0.59,0.74,1.54,nan,nan,nan,0.55,0.99,14.93,7.04,0.9,12.85,6.35
samples_design_25_dldesign_6_best,0.89,0.96,1.64,nan,nan,nan,0.71,1.17,3.52,2.16,0.91,9.29,4.82
samples_design_25_dldesign_7_best,0.85,0.73,0.82,nan,nan,nan,0.57,0.81,11.56,5.6,0.9,11.74,7.41
samples_design_26_dldesign_0_best,0.63,0.61,1.23,nan,nan,nan,0.5,0.84,16.03,7.49,0.91,10.14,7.19
samples_design_26_dldesign_1_best,0.92,0.6,0.85,nan,nan,nan,0.5,0.81,16.36,7.63,0.91,7.63,6.56
samples_design_26_dldesign_2_best,0.57,0.5,1.28,nan,nan,nan,0.49,0.81,14.86,6.98,0.91,23.43,11.84
samples_design_26_dldesign_3_best,0.42,0.51,1.23,nan,nan,nan,0.48,0.76,15.43,7.22,0.91,21.21,9.86
samples_design_26_dldesign_4_best,0.94,0.68,1.18,nan,nan,nan,0.54,0.94,16.58,7.73,0.91,11.99,11.66
samples_design_26_dldesign_5_best,0.56,0.6,1.34,nan,nan,nan,0.5,0.86,15.55,7.27,0.91,16.04,7.65
samples_design_26_dldesign_6_best,0.75,0.57,1.33,nan,nan,nan,0.52,0.91,16.04,7.49,0.91,5.86,7.01
samples_design_26_dldesign_7_best,0.46,0.61,0.79,nan,nan,nan,0.44,0.62,15.97,7.46,0.91,14.82,6.98
samples_design_27_dldesign_0_best,0.74,0.76,2.96,nan,nan,nan,1.02,2.12,16.39,7.83,0.91,23.77,12.67
samples_design_27_dldesign_1_best,0.73,0.72,1.3,nan,nan,nan,0.59,1.04,13.14,6.37,0.9,8.79,3.83
samples_design_27_dldesign_2_best,1.45,0.77,1.11,nan,nan,nan,0.66,1.15,7.67,3.98,0.9,26.64,16.58
samples_design_27_dldesign_3_best,1.32,0.77,3.1,nan,nan,nan,1.12,2.29,13.93,6.85,0.89,23.83,15.98
samples_design_27_dldesign_4_best,0.69,0.81,2.31,nan,nan,nan,0.85,1.69,14.66,7.12,0.9,12.62,5.54
samples_design_27_dldesign_5_best,1.82,0.95,2.74,nan,nan,nan,1.08,2.18,9.87,5.01,0.89,25.9,17.1
samples_design_27_dldesign_6_best,1.68,0.8,3.31,nan,nan,nan,1.21,2.49,14.22,6.85,0.91,26.26,15.17
samples_design_27_dldesign_7_best,0.7,0.83,2.38,nan,nan,nan,0.87,1.74,16.0,7.65,0.91,6.67,5.18
samples_design_28_dldesign_0_best,0.38,0.52,1.03,nan,nan,nan,0.48,0.75,16.75,7.9,0.91,19.43,14.57
samples_design_28_dldesign_1_best,0.42,0.64,0.96,nan,nan,nan,0.49,0.74,16.1,7.61,0.91,15.75,15.46
samples_design_28_dldesign_2_best,0.34,0.37,1.27,nan,nan,nan,0.55,0.86,15.99,7.55,0.91,16.81,15.01
samples_design_28_dldesign_3_best,0.4,0.53,1.04,nan,nan,nan,0.47,0.76,16.39,7.75,0.91,12.16,14.78
samples_design_28_dldesign_4_best,0.45,0.62,1.06,nan,nan,nan,0.49,0.79,17.05,8.03,0.91,23.33,16.76
samples_design_28_dldesign_5_best,0.42,0.52,1.07,nan,nan,nan,0.5,0.77,16.24,7.67,0.91,15.46,16.32
samples_design_28_dldesign_6_best,0.45,0.48,3.4,nan,nan,nan,1.03,2.2,15.72,7.46,0.91,13.95,15.32
samples_design_28_dldesign_7_best,0.38,0.63,1.01,nan,nan,nan,0.5,0.75,16.02,7.56,0.91,20.28,22.64
samples_design_29_dldesign_0_best,0.62,0.67,2.02,nan,nan,nan,0.73,1.38,14.77,7.07,0.9,12.04,8.21
samples_design_29_dldesign_1_best,0.67,0.72,1.49,nan,nan,nan,0.59,1.09,16.14,7.62,0.91,5.37,3.11
samples_design_29_dldesign_2_best,0.62,0.72,1.29,nan,nan,nan,0.55,0.97,14.76,7.01,0.91,13.22,7.94
samples_design_29_dldesign_3_best,0.9,0.84,1.4,nan,nan,nan,0.58,1.12,18.65,8.75,0.9,9.06,8.79
samples_design_29_dldesign_4_best,0.55,0.78,2.42,nan,nan,nan,0.8,1.63,17.07,8.09,0.9,18.68,15.05
samples_design_29_dldesign_5_best,0.65,0.65,0.92,nan,nan,nan,0.52,0.77,13.72,6.6,0.91,25.52,15.0
samples_design_29_dldesign_6_best,0.71,0.69,1.95,nan,nan,nan,0.7,1.36,16.7,7.9,0.91,25.89,17.3
samples_design_29_dldesign_7_best,0.79,0.84,1.59,nan,nan,nan,0.62,1.19,16.67,7.89,0.9,9.51,8.76
samples_design_30_dldesign_0_best,0.46,0.64,2.44,nan,nan,nan,0.86,1.73,16.52,7.94,0.9,12.29,6.22
samples_design_30_dldesign_1_best,0.73,0.44,1.93,nan,nan,nan,0.77,1.41,11.32,5.65,0.89,8.67,3.85
samples_design_30_dldesign_2_best,0.67,0.48,1.84,nan,nan,nan,0.72,1.34,14.56,7.04,0.9,8.65,4.6
samples_design_30_dldesign_3_best,0.52,0.66,2.83,nan,nan,nan,0.99,2.01,16.47,7.9,0.9,11.23,6.74
samples_design_30_dldesign_4_best,0.38,0.58,6.37,nan,nan,nan,2.06,4.42,16.45,7.79,0.91,16.68,10.63
samples_design_30_dldesign_5_best,0.79,0.72,6.38,nan,nan,nan,2.07,4.46,16.01,7.68,0.9,17.08,14.78
samples_design_30_dldesign_6_best,0.59,0.57,5.88,nan,nan,nan,1.91,4.09,16.4,7.85,0.9,12.1,9.46
samples_design_30_dldesign_7_best,0.49,0.68,6.17,nan,nan,nan,1.99,4.29,16.88,8.06,0.9,6.34,6.89
samples_design_31_dldesign_0_best,0.88,0.33,1.9,nan,nan,nan,0.75,1.43,15.13,7.25,0.91,6.49,5.42
samples_design_31_dldesign_1_best,0.66,0.33,2.03,nan,nan,nan,0.79,1.48,12.82,6.24,0.91,16.42,18.2
samples_design_31_dldesign_2_best,0.62,0.35,2.49,nan,nan,nan,0.92,1.8,15.39,7.38,0.91,24.55,20.51
samples_design_31_dldesign_3_best,0.47,0.31,2.06,nan,nan,nan,0.78,1.48,14.58,7.02,0.91,8.28,7.61
samples_design_31_dldesign_4_best,0.45,0.59,2.12,nan,nan,nan,0.81,1.54,15.36,7.33,0.91,15.04,16.68
samples_design_31_dldesign_5_best,0.75,0.38,2.28,nan,nan,nan,0.85,1.67,14.05,6.79,0.91,13.92,15.43
samples_design_31_dldesign_6_best,0.58,0.4,1.95,nan,nan,nan,0.75,1.42,15.27,7.31,0.91,11.29,11.88
samples_design_31_dldesign_7_best,0.43,0.48,2.06,nan,nan,nan,0.77,1.49,15.17,7.27,0.91,8.96,4.71
samples_design_32_dldesign_0_best,1.29,0.86,3.43,nan,nan,nan,1.23,2.55,15.33,7.4,0.9,12.87,12.5
samples_design_32_dldesign_1_best,0.6,0.71,3.56,nan,nan,nan,1.25,2.56,12.42,6.07,0.9,10.79,9.54
samples_design_32_dldesign_2_best,1.03,0.93,3.45,nan,nan,nan,1.24,2.54,16.39,7.82,0.9,7.56,5.05
samples_design_32_dldesign_3_best,0.68,0.86,3.72,nan,nan,nan,1.31,2.69,14.23,6.89,0.9,4.84,5.57
samples_design_32_dldesign_4_best,0.52,0.72,3.79,nan,nan,nan,1.32,2.71,12.21,5.97,0.9,13.49,8.66
samples_design_32_dldesign_5_best,0.56,0.73,3.51,nan,nan,nan,1.24,2.52,13.51,6.56,0.9,16.06,15.51
samples_design_32_dldesign_6_best,0.63,0.93,2.94,nan,nan,nan,1.07,2.15,12.47,6.11,0.9,3.0,3.49
samples_design_32_dldesign_7_best,0.56,1.02,3.7,nan,nan,nan,1.29,2.68,12.63,6.2,0.9,10.78,9.84
samples_design_33_dldesign_0_best,0.73,0.74,2.05,nan,nan,nan,0.7,1.42,16.46,7.78,0.9,7.58,5.22
samples_design_33_dldesign_1_best,0.9,1.03,1.38,nan,nan,nan,0.63,1.15,15.8,7.48,0.91,25.33,18.15
samples_design_33_dldesign_2_best,0.81,0.88,1.33,nan,nan,nan,0.59,1.07,17.35,8.18,0.9,14.59,13.39
samples_design_33_dldesign_3_best,0.92,0.87,2.04,nan,nan,nan,0.78,1.48,14.21,6.79,0.91,23.96,15.57
samples_design_33_dldesign_4_best,0.72,0.81,2.0,nan,nan,nan,0.72,1.41,15.34,7.29,0.91,24.78,15.68
samples_design_33_dldesign_5_best,0.77,0.8,2.0,nan,nan,nan,0.72,1.42,16.61,7.85,0.9,4.2,4.07
samples_design_33_dldesign_6_best,0.8,0.88,1.83,nan,nan,nan,0.69,1.33,15.99,7.57,0.91,26.22,16.46
samples_design_33_dldesign_7_best,0.84,0.96,1.97,nan,nan,nan,0.74,1.44,15.03,7.19,0.9,24.74,19.07
samples_design_34_dldesign_0_best,0.83,0.3,1.53,nan,nan,nan,0.64,1.1,12.51,6.1,0.89,11.09,5.49
samples_design_34_dldesign_1_best,0.81,0.5,1.73,nan,nan,nan,0.66,1.23,16.15,7.62,0.91,7.73,8.73
samples_design_34_dldesign_2_best,0.8,0.5,1.76,nan,nan,nan,0.65,1.24,16.75,7.98,0.89,11.76,8.23
samples_design_34_dldesign_3_best,0.8,0.74,1.87,nan,nan,nan,0.68,1.33,16.13,7.63,0.91,9.43,7.33
samples_design_34_dldesign_4_best,0.74,0.54,1.7,nan,nan,nan,0.64,1.2,16.23,7.68,0.91,17.15,14.7
samples_design_34_dldesign_5_best,0.8,0.5,1.98,nan,nan,nan,0.71,1.37,16.54,7.8,0.91,9.62,9.35
samples_design_34_dldesign_6_best,1.01,0.25,2.07,nan,nan,nan,0.73,1.45,16.25,7.67,0.91,14.92,12.77
samples_design_34_dldesign_7_best,0.81,0.26,1.72,nan,nan,nan,0.67,1.2,13.11,6.34,0.9,11.17,5.58
samples_design_35_dldesign_0_best,0.36,0.81,3.3,nan,nan,nan,1.05,2.22,14.18,6.8,0.91,5.84,7.14
samples_design_35_dldesign_1_best,0.35,0.65,3.13,nan,nan,nan,1.0,2.1,15.3,7.3,0.9,7.05,5.68
samples_design_35_dldesign_2_best,0.7,0.81,3.67,nan,nan,nan,1.17,2.48,15.58,7.42,0.91,18.23,10.04
samples_design_35_dldesign_3_best,0.72,0.89,3.92,nan,nan,nan,1.24,2.66,15.48,7.38,0.91,18.09,10.15
samples_design_35_dldesign_4_best,0.35,0.64,3.67,nan,nan,nan,1.14,2.45,15.78,7.49,0.91,10.5,8.55
samples_design_35_dldesign_5_best,0.79,1.08,2.8,nan,nan,nan,0.94,1.97,17.44,8.28,0.9,20.5,11.31
samples_design_35_dldesign_6_best,0.66,0.82,4.82,nan,nan,nan,1.48,3.23,15.3,7.34,0.9,14.64,10.17
samples_design_35_dldesign_7_best,0.41,0.65,5.12,nan,nan,nan,1.55,3.4,16.64,7.92,0.9,17.26,9.84
samples_design_36_dldesign_0_best,0.48,0.67,0.85,nan,nan,nan,0.48,0.67,14.4,6.78,0.91,16.22,9.59
samples_design_36_dldesign_1_best,0.43,0.48,0.33,nan,nan,nan,0.44,0.42,13.69,6.46,0.91,12.08,7.88
samples_design_36_dldesign_2_best,0.56,0.66,3.68,nan,nan,nan,0.95,2.13,15.46,7.34,0.89,18.62,14.22
samples_design_36_dldesign_3_best,0.45,0.43,0.45,nan,nan,nan,0.46,0.45,9.96,4.9,0.9,13.41,7.64
samples_design_36_dldesign_4_best,0.52,0.47,3.51,nan,nan,nan,0.9,2.01,14.87,7.01,0.91,17.57,14.64
samples_design_36_dldesign_5_best,0.5,0.55,1.71,nan,nan,nan,0.57,1.05,16.28,7.65,0.91,16.14,14.81
samples_design_36_dldesign_6_best,0.45,0.6,0.42,nan,nan,nan,0.43,0.5,16.47,7.71,0.91,17.05,11.23
samples_design_36_dldesign_7_best,0.51,0.53,3.84,nan,nan,nan,0.97,2.2,15.36,7.26,0.9,16.97,14.62
samples_design_37_dldesign_0_best,0.66,1.13,0.97,nan,nan,nan,0.55,0.93,15.69,7.34,0.91,17.48,19.74
samples_design_37_dldesign_1_best,0.39,1.16,0.62,nan,nan,nan,0.47,0.79,16.42,7.64,0.91,22.65,19.98
samples_design_37_dldesign_2_best,0.56,1.15,0.8,nan,nan,nan,0.5,0.86,16.19,7.55,0.91,17.38,12.46
samples_design_37_dldesign_3_best,0.4,1.08,0.89,nan,nan,nan,0.49,0.82,15.78,7.36,0.91,11.46,12.89
samples_design_37_dldesign_4_best,0.61,1.0,1.15,nan,nan,nan,0.54,0.92,16.46,7.67,0.91,15.68,14.08
samples_design_37_dldesign_5_best,0.83,1.17,1.03,nan,nan,nan,0.56,1.01,15.95,7.44,0.91,11.63,14.43
samples_design_37_dldesign_6_best,0.6,1.02,1.02,nan,nan,nan,0.53,0.88,15.9,7.41,0.91,19.42,20.78
samples_design_37_dldesign_7_best,0.57,1.13,0.77,nan,nan,nan,0.51,0.85,15.31,7.17,0.91,21.87,18.61
samples_design_38_dldesign_0_best,0.61,0.59,1.65,nan,nan,nan,0.57,1.01,15.24,7.12,0.91,14.95,17.06
samples_design_38_dldesign_1_best,0.6,0.5,1.71,nan,nan,nan,0.56,1.02,15.55,7.26,0.91,21.3,25.25
samples_design_38_dldesign_2_best,0.56,0.6,1.81,nan,nan,nan,0.58,1.07,15.61,7.28,0.91,20.92,15.5
samples_design_38_dldesign_3_best,0.62,0.59,1.73,nan,nan,nan,0.58,1.05,14.62,6.87,0.91,17.48,20.77
samples_design_38_dldesign_4_best,0.58,0.74,1.9,nan,nan,nan,0.6,1.15,15.36,7.2,0.91,10.96,10.88
samples_design_38_dldesign_5_best,0.62,0.56,1.69,nan,nan,nan,0.57,1.02,15.65,7.29,0.91,17.12,15.97
samples_design_38_dldesign_6_best,0.5,0.4,1.64,nan,nan,nan,0.55,0.95,13.6,6.43,0.91,9.11,6.27
samples_design_38_dldesign_7_best,0.66,0.51,1.82,nan,nan,nan,0.6,1.08,16.11,7.53,0.91,17.81,14.52
samples_design_39_dldesign_0_best,0.75,1.07,5.24,nan,nan,nan,1.66,3.61,18.95,8.96,0.9,9.28,5.93
samples_design_39_dldesign_1_best,0.87,0.96,3.5,nan,nan,nan,1.16,2.46,16.93,8.09,0.89,20.74,15.73
samples_design_39_dldesign_2_best,0.99,0.73,2.83,nan,nan,nan,1.02,2.02,13.05,6.39,0.9,24.75,16.32
samples_design_39_dldesign_3_best,0.62,0.83,4.14,nan,nan,nan,1.34,2.85,17.01,8.13,0.9,16.82,13.68
samples_design_39_dldesign_4_best,0.85,0.66,2.11,nan,nan,nan,0.8,1.54,14.29,6.95,0.89,11.07,5.52
samples_design_39_dldesign_5_best,1.04,0.94,2.84,nan,nan,nan,1.01,2.06,15.97,7.66,0.9,9.79,8.11
samples_design_39_dldesign_6_best,0.93,0.84,2.91,nan,nan,nan,1.02,2.08,16.47,7.89,0.9,13.6,8.42
samples_design_39_dldesign_7_best,0.89,0.95,2.86,nan,nan,nan,0.99,2.05,16.26,7.81,0.9,15.09,8.8
samples_design_40_dldesign_0_best,0.88,0.44,1.56,nan,nan,nan,0.56,1.02,15.34,7.17,0.91,13.7,14.27
samples_design_40_dldesign_1_best,1.62,0.76,1.65,nan,nan,nan,0.67,1.4,11.3,5.45,0.9,8.76,7.15
samples_design_40_dldesign_2_best,0.72,0.54,1.85,nan,nan,nan,0.57,1.12,16.62,7.72,0.91,20.79,16.7
samples_design_40_dldesign_3_best,1.5,0.36,1.85,nan,nan,nan,0.65,1.37,15.54,7.26,0.91,21.36,15.69
samples_design_40_dldesign_4_best,0.69,0.64,1.6,nan,nan,nan,0.54,1.02,15.74,7.36,0.91,9.15,11.79
samples_design_40_dldesign_5_best,0.85,0.4,1.69,nan,nan,nan,0.57,1.06,10.86,5.25,0.9,11.08,6.94
samples_design_40_dldesign_6_best,0.88,0.51,1.64,nan,nan,nan,0.55,1.06,17.73,8.23,0.9,23.93,24.63
samples_design_40_dldesign_7_best,1.25,0.4,1.53,nan,nan,nan,0.58,1.15,16.03,7.49,0.91,16.61,14.54
samples_design_41_dldesign_0_best,0.58,0.57,3.41,nan,nan,nan,1.07,2.29,14.92,7.11,0.91,10.73,12.9
samples_design_41_dldesign_1_best,0.39,0.48,3.45,nan,nan,nan,1.07,2.3,15.64,7.42,0.91,11.94,12.26
samples_design_41_dldesign_2_best,0.37,0.56,3.31,nan,nan,nan,1.04,2.21,15.87,7.53,0.9,10.85,9.53
samples_design_41_dldesign_3_best,0.4,0.46,1.54,nan,nan,nan,0.61,1.07,16.3,7.76,0.9,12.82,12.98
samples_design_41_dldesign_4_best,0.46,0.31,2.9,nan,nan,nan,0.94,1.93,5.92,3.25,0.89,3.57,2.81
samples_design_41_dldesign_5_best,0.42,0.53,3.46,nan,nan,nan,1.09,2.31,13.97,6.71,0.9,15.94,13.96
samples_design_41_dldesign_6_best,0.4,0.44,2.76,nan,nan,nan,0.9,1.85,16.88,8.04,0.9,24.24,19.29
samples_design_41_dldesign_7_best,0.38,0.57,3.33,nan,nan,nan,1.05,2.22,14.8,7.04,0.91,16.38,13.06
samples_design_42_dldesign_0_best,0.77,0.67,2.93,nan,nan,nan,0.98,2.01,11.97,5.8,0.91,10.29,4.44
samples_design_42_dldesign_1_best,0.69,0.57,0.49,nan,nan,nan,0.48,0.58,12.94,6.25,0.91,10.95,5.3
samples_design_42_dldesign_2_best,0.72,0.66,2.13,nan,nan,nan,0.76,1.5,12.65,6.1,0.91,5.56,3.14
samples_design_42_dldesign_3_best,0.68,0.7,2.26,nan,nan,nan,0.8,1.58,13.79,6.63,0.91,23.56,14.71
samples_design_42_dldesign_4_best,0.72,0.55,2.1,nan,nan,nan,0.76,1.47,11.32,5.55,0.9,10.21,4.54
samples_design_42_dldesign_5_best,0.74,0.7,2.19,nan,nan,nan,0.79,1.54,12.63,6.11,0.91,8.43,4.04
samples_design_42_dldesign_6_best,0.75,0.69,2.14,nan,nan,nan,0.77,1.51,13.43,6.44,0.91,7.8,4.06
samples_design_42_dldesign_7_best,0.73,0.72,2.19,nan,nan,nan,0.79,1.54,13.0,6.25,0.91,4.77,3.05
samples_design_43_dldesign_0_best,0.67,0.9,1.23,nan,nan,nan,0.53,0.93,15.8,7.39,0.91,12.83,10.32
samples_design_43_dldesign_1_best,0.56,0.78,1.44,nan,nan,nan,0.53,0.95,14.26,6.71,0.91,16.63,11.36
samples_design_43_dldesign_2_best,0.59,0.67,1.38,nan,nan,nan,0.54,0.9,14.31,6.72,0.91,10.79,6.05
samples_design_43_dldesign_3_best,0.82,0.66,1.42,nan,nan,nan,0.6,0.98,14.0,6.58,0.91,11.3,6.38
samples_design_43_dldesign_4_best,0.66,0.73,1.2,nan,nan,nan,0.51,0.86,16.78,7.81,0.91,4.59,4.13
samples_design_43_dldesign_5_best,0.51,0.84,1.32,nan,nan,nan,0.52,0.91,16.04,7.5,0.91,23.51,20.92
samples_design_43_dldesign_6_best,0.62,0.98,1.28,nan,nan,nan,0.54,0.96,15.53,7.26,0.91,11.7,13.29
samples_design_43_dldesign_7_best,0.7,0.76,1.24,nan,nan,nan,0.54,0.9,14.91,6.98,0.91,9.52,5.41
samples_design_44_dldesign_0_best,1.07,0.76,2.13,nan,nan,nan,0.76,1.47,15.5,7.29,0.91,16.57,15.54
samples_design_44_dldesign_1_best,0.51,0.26,0.73,nan,nan,nan,0.45,0.54,15.26,7.18,0.91,17.63,14.12
samples_design_44_dldesign_2_best,0.62,0.33,0.48,nan,nan,nan,0.46,0.5,15.35,7.19,0.92,18.6,19.09
samples_design_44_dldesign_3_best,0.7,0.36,0.65,nan,nan,nan,0.46,0.6,16.3,7.6,0.92,16.62,9.34
samples_design_44_dldesign_4_best,0.58,0.41,0.42,nan,nan,nan,0.46,0.48,15.11,7.09,0.92,17.62,18.81
samples_design_44_dldesign_5_best,1.01,0.48,1.95,nan,nan,nan,0.68,1.33,15.74,7.39,0.91,15.74,12.9
samples_design_44_dldesign_6_best,1.17,0.66,1.8,nan,nan,nan,0.7,1.32,15.71,7.37,0.91,20.7,11.22
samples_design_44_dldesign_7_best,0.58,0.27,0.36,nan,nan,nan,0.44,0.43,17.69,8.2,0.92,33.82,18.35
samples_design_45_dldesign_0_best,0.55,0.54,1.52,nan,nan,nan,0.53,0.93,16.77,7.77,0.91,16.5,16.92
samples_design_45_dldesign_1_best,0.62,0.31,1.44,nan,nan,nan,0.54,0.87,15.56,7.26,0.91,11.89,8.11
samples_design_45_dldesign_2_best,0.57,0.31,1.52,nan,nan,nan,0.51,0.89,15.36,7.18,0.91,12.42,14.06
samples_design_45_dldesign_3_best,0.56,0.53,0.99,nan,nan,nan,0.48,0.7,16.11,7.52,0.91,13.15,16.3
samples_design_45_dldesign_4_best,0.66,0.61,1.07,nan,nan,nan,0.49,0.78,15.96,7.45,0.91,25.09,23.91
samples_design_45_dldesign_5_best,0.54,0.37,1.38,nan,nan,nan,0.49,0.83,15.57,7.25,0.91,15.14,15.8
samples_design_45_dldesign_6_best,0.52,0.45,1.04,nan,nan,nan,0.46,0.69,16.55,7.7,0.91,7.29,6.49
samples_design_45_dldesign_7_best,0.64,0.3,1.62,nan,nan,nan,0.55,0.96,14.64,6.84,0.91,10.01,7.87
samples_design_46_dldesign_0_best,0.84,0.61,1.54,nan,nan,nan,0.56,1.03,12.68,6.1,0.9,11.46,5.71
samples_design_46_dldesign_1_best,0.41,0.8,3.25,nan,nan,nan,0.82,1.79,16.57,7.75,0.91,14.29,14.3
samples_design_46_dldesign_2_best,0.84,0.8,1.62,nan,nan,nan,0.59,1.1,15.77,7.4,0.91,13.41,13.88
samples_design_46_dldesign_3_best,1.2,0.43,3.27,nan,nan,nan,0.85,1.9,14.58,6.87,0.9,11.83,5.56
samples_design_46_dldesign_4_best,1.21,0.83,2.31,nan,nan,nan,0.72,1.51,16.15,7.58,0.9,15.86,14.26
samples_design_46_dldesign_5_best,1.19,0.66,1.37,nan,nan,nan,0.59,1.1,14.95,7.04,0.9,10.45,5.69
samples_design_46_dldesign_6_best,1.19,0.81,2.09,nan,nan,nan,0.67,1.41,17.34,8.08,0.9,12.02,11.52
samples_design_46_dldesign_7_best,1.04,0.75,3.54,nan,nan,nan,0.87,2.02,17.41,8.11,0.9,9.05,9.63
samples_design_47_dldesign_0_best,0.55,0.48,1.06,nan,nan,nan,0.46,0.71,15.91,7.4,0.91,14.13,16.07
samples_design_47_dldesign_1_best,0.63,0.55,0.93,nan,nan,nan,0.47,0.7,15.61,7.29,0.91,18.61,15.0
samples_design_47_dldesign_2_best,0.58,0.52,1.0,nan,nan,nan,0.45,0.7,15.7,7.33,0.91,15.08,13.06
samples_design_47_dldesign_3_best,0.59,0.48,1.14,nan,nan,nan,0.5,0.76,15.76,7.36,0.91,11.66,12.12
samples_design_47_dldesign_4_best,0.91,0.67,1.03,nan,nan,nan,0.52,0.88,15.45,7.22,0.91,17.42,14.68
samples_design_47_dldesign_5_best,0.58,0.46,0.97,nan,nan,nan,0.46,0.68,16.15,7.52,0.91,16.66,13.61
samples_design_47_dldesign_6_best,0.61,0.52,0.84,nan,nan,nan,0.45,0.65,15.5,7.23,0.91,16.69,14.03
samples_design_47_dldesign_7_best,0.6,0.56,0.86,nan,nan,nan,0.48,0.67,15.81,7.38,0.91,15.81,13.84
samples_design_48_dldesign_0_best,1.26,0.58,4.84,nan,nan,nan,1.57,3.36,10.76,5.4,0.89,24.66,16.91
samples_design_48_dldesign_1_best,1.05,0.54,5.48,nan,nan,nan,1.74,3.76,14.73,7.06,0.91,24.39,17.15
samples_design_48_dldesign_2_best,1.02,0.61,4.66,nan,nan,nan,1.52,3.22,15.05,7.28,0.89,9.15,4.96
samples_design_48_dldesign_3_best,1.08,0.74,3.63,nan,nan,nan,1.23,2.56,8.67,4.47,0.89,24.99,16.75
samples_design_48_dldesign_4_best,0.93,0.56,5.86,nan,nan,nan,1.87,4.01,13.22,6.45,0.89,8.51,5.32
samples_design_48_dldesign_5_best,0.91,0.88,5.79,nan,nan,nan,1.84,3.97,16.42,7.9,0.89,17.76,12.06
samples_design_48_dldesign_6_best,0.92,0.62,5.54,nan,nan,nan,1.77,3.8,14.66,7.04,0.9,9.11,7.31
samples_design_48_dldesign_7_best,0.84,0.53,5.17,nan,nan,nan,1.65,3.54,14.91,7.12,0.91,24.39,16.73
samples_design_49_dldesign_0_best,0.73,0.93,1.81,nan,nan,nan,0.64,1.22,17.28,8.1,0.9,6.02,4.77
samples_design_49_dldesign_1_best,0.7,0.96,0.87,nan,nan,nan,0.54,0.84,16.81,7.84,0.91,21.83,15.26
samples_design_49_dldesign_2_best,0.58,1.04,1.5,nan,nan,nan,0.64,1.08,16.17,7.63,0.9,11.47,7.41
samples_design_49_dldesign_3_best,0.45,0.74,0.62,nan,nan,nan,0.5,0.61,10.68,5.24,0.9,8.86,4.97
samples_design_49_dldesign_4_best,0.97,0.76,1.95,nan,nan,nan,0.67,1.32,4.38,2.51,0.9,9.41,4.87
samples_design_49_dldesign_5_best,0.53,0.87,0.95,nan,nan,nan,0.55,0.79,14.22,6.75,0.9,10.86,6.26
samples_design_49_dldesign_6_best,0.66,0.89,0.73,nan,nan,nan,0.5,0.76,17.07,7.98,0.9,25.27,23.51
samples_design_49_dldesign_7_best,0.71,0.97,0.7,nan,nan,nan,0.53,0.8,16.48,7.71,0.91,20.37,16.23
samples_design_0_dldesign_0_best,1.18,0.66,4.15,nan,nan,nan,1.31,2.83,15.14,7.23,0.91,14.88,11.81
samples_design_0_dldesign_1_best,0.57,0.51,0.87,nan,nan,nan,0.47,0.71,15.73,7.47,0.91,17.15,12.25
samples_design_0_dldesign_2_best,0.51,0.32,1.18,nan,nan,nan,0.51,0.85,12.5,6.04,0.91,11.58,5.62
samples_design_0_dldesign_3_best,1.02,0.74,3.32,nan,nan,nan,1.08,2.29,14.0,6.75,0.9,12.2,11.15
samples_design_0_dldesign_4_best,0.62,0.45,1.29,nan,nan,nan,0.55,0.94,13.45,6.47,0.9,10.59,5.31
samples_design_0_dldesign_5_best,0.56,0.39,1.1,nan,nan,nan,0.51,0.81,12.29,5.97,0.9,11.13,5.5
samples_design_0_dldesign_6_best,0.74,0.56,1.24,nan,nan,nan,0.55,0.96,14.98,7.14,0.91,18.46,9.07
samples_design_0_dldesign_7_best,0.51,0.54,0.82,nan,nan,nan,0.44,0.67,9.85,4.92,0.9,7.04,2.94
samples_design_1_dldesign_0_best,0.99,0.65,3.29,nan,nan,nan,1.13,2.32,15.84,7.52,0.91,8.94,5.8
samples_design_1_dldesign_1_best,0.91,0.74,0.67,nan,nan,nan,0.52,0.77,9.87,4.93,0.9,6.61,3.52
samples_design_1_dldesign_2_best,0.6,0.78,2.77,nan,nan,nan,0.96,1.94,14.39,6.94,0.9,25.9,16.74
samples_design_1_dldesign_3_best,0.93,0.74,3.24,nan,nan,nan,1.11,2.28,14.59,6.97,0.91,5.51,3.74
samples_design_1_dldesign_4_best,0.5,0.73,0.8,nan,nan,nan,0.49,0.71,12.57,6.11,0.9,7.94,3.48
samples_design_1_dldesign_5_best,0.6,0.73,3.29,nan,nan,nan,1.09,2.28,16.07,7.61,0.92,22.62,16.0
samples_design_1_dldesign_6_best,0.39,0.83,3.33,nan,nan,nan,1.1,2.3,11.15,5.51,0.9,25.03,16.59
samples_design_1_dldesign_7_best,0.68,0.73,3.14,nan,nan,nan,1.06,2.18,12.76,6.19,0.91,9.78,4.43
samples_design_2_dldesign_0_best,1.28,0.65,2.45,nan,nan,nan,0.73,1.56,15.64,7.31,0.91,17.67,17.52
samples_design_2_dldesign_1_best,0.67,0.9,2.61,nan,nan,nan,0.71,1.53,16.04,7.51,0.91,15.45,11.77
samples_design_2_dldesign_2_best,1.23,0.52,2.67,nan,nan,nan,0.76,1.63,16.15,7.53,0.91,11.16,11.64
samples_design_2_dldesign_3_best,0.68,0.66,3.0,nan,nan,nan,0.78,1.68,15.53,7.25,0.91,17.1,18.26
samples_design_2_dldesign_4_best,1.21,0.8,1.74,nan,nan,nan,0.64,1.27,16.41,7.67,0.91,14.27,11.47
samples_design_2_dldesign_5_best,1.22,0.5,1.48,nan,nan,nan,0.61,1.12,14.44,6.81,0.9,12.73,13.63
samples_design_2_dldesign_6_best,1.15,0.65,2.34,nan,nan,nan,0.7,1.47,15.99,7.46,0.91,11.65,11.98
samples_design_2_dldesign_7_best,1.17,0.72,2.56,nan,nan,nan,0.73,1.59,15.96,7.46,0.91,14.44,14.04
samples_design_3_dldesign_0_best,0.78,0.54,1.76,nan,nan,nan,0.64,1.24,18.2,8.57,0.9,24.28,15.12
samples_design_3_dldesign_1_best,0.72,0.62,1.88,nan,nan,nan,0.68,1.31,16.81,7.96,0.9,17.92,12.78
samples_design_3_dldesign_2_best,0.67,0.68,2.18,nan,nan,nan,0.75,1.49,16.14,7.69,0.9,12.74,8.1
samples_design_3_dldesign_3_best,0.57,0.69,1.85,nan,nan,nan,0.67,1.28,17.15,8.1,0.91,19.19,9.7
samples_design_3_dldesign_4_best,0.4,0.51,1.56,nan,nan,nan,0.56,1.06,17.29,8.15,0.9,13.36,16.16
samples_design_3_dldesign_5_best,0.67,0.68,2.32,nan,nan,nan,0.78,1.57,17.54,8.29,0.9,16.36,11.24
samples_design_3_dldesign_6_best,0.74,0.53,1.61,nan,nan,nan,0.61,1.15,16.61,7.87,0.9,3.59,4.05
samples_design_3_dldesign_7_best,0.46,0.64,1.83,nan,nan,nan,0.64,1.24,16.27,7.71,0.9,7.42,8.66
samples_design_4_dldesign_0_best,0.61,0.83,7.02,nan,nan,nan,2.26,4.89,15.98,7.6,0.91,23.1,17.46
samples_design_4_dldesign_1_best,0.7,1.11,5.45,nan,nan,nan,1.78,3.83,16.37,7.89,0.89,7.49,6.63
samples_design_4_dldesign_2_best,0.93,0.84,7.04,nan,nan,nan,2.28,4.92,15.66,7.47,0.91,20.99,17.47
samples_design_4_dldesign_3_best,0.89,0.9,3.97,nan,nan,nan,1.35,2.82,15.84,7.66,0.89,10.22,6.83
samples_design_4_dldesign_4_best,1.03,1.13,6.52,nan,nan,nan,2.12,4.58,19.31,9.12,0.9,20.76,21.26
samples_design_4_dldesign_5_best,0.6,0.92,6.06,nan,nan,nan,1.97,4.24,15.0,7.25,0.9,17.59,13.89
samples_design_4_dldesign_6_best,0.55,1.05,4.77,nan,nan,nan,1.57,3.36,17.03,8.17,0.9,5.65,4.71
samples_design_4_dldesign_7_best,1.04,1.01,6.3,nan,nan,nan,2.06,4.43,16.37,7.87,0.9,10.47,10.55
samples_design_5_dldesign_0_best,0.47,0.81,2.01,nan,nan,nan,0.76,1.47,14.6,7.0,0.91,19.19,13.58
samples_design_5_dldesign_1_best,0.49,0.88,1.98,nan,nan,nan,0.76,1.46,16.19,7.72,0.91,18.76,14.5
samples_design_5_dldesign_2_best,0.92,0.8,2.16,nan,nan,nan,0.85,1.62,12.29,6.01,0.9,24.58,17.32
samples_design_5_dldesign_3_best,0.48,0.98,2.29,nan,nan,nan,0.84,1.68,16.08,7.65,0.91,20.83,11.82
samples_design_5_dldesign_4_best,0.59,1.09,2.61,nan,nan,nan,0.95,1.91,8.51,4.38,0.9,25.37,19.43
samples_design_5_dldesign_5_best,0.53,0.9,2.01,nan,nan,nan,0.77,1.49,15.35,7.33,0.91,15.75,11.09
samples_design_5_dldesign_6_best,0.45,1.04,2.23,nan,nan,nan,0.83,1.64,14.54,6.98,0.91,18.28,10.79
samples_design_5_dldesign_7_best,0.87,0.93,2.22,nan,nan,nan,0.85,1.67,14.93,7.16,0.91,19.98,11.35
samples_design_6_dldesign_0_best,0.68,0.65,1.58,nan,nan,nan,0.65,1.2,14.81,7.08,0.92,22.18,15.36
samples_design_6_dldesign_1_best,0.63,0.87,2.2,nan,nan,nan,0.81,1.62,14.6,7.0,0.91,16.98,12.87
samples_design_6_dldesign_2_best,0.57,0.88,2.8,nan,nan,nan,0.98,2.01,15.46,7.47,0.9,12.52,11.75
samples_design_6_dldesign_3_best,0.66,0.7,2.14,nan,nan,nan,0.81,1.56,14.34,6.97,0.9,8.33,4.96
samples_design_6_dldesign_4_best,0.92,0.81,4.58,nan,nan,nan,1.53,3.23,17.42,8.41,0.88,14.13,11.55
samples_design_6_dldesign_5_best,0.96,0.89,3.06,nan,nan,nan,1.08,2.23,17.34,8.28,0.9,25.33,17.98
samples_design_6_dldesign_6_best,0.7,0.66,2.51,nan,nan,nan,0.9,1.81,15.47,7.45,0.9,6.78,8.2
samples_design_6_dldesign_7_best,0.57,0.74,2.28,nan,nan,nan,0.83,1.65,15.03,7.21,0.91,5.45,4.88
samples_design_7_dldesign_0_best,0.6,0.29,2.85,nan,nan,nan,0.99,2.0,13.6,6.65,0.9,11.92,6.85
samples_design_7_dldesign_1_best,0.56,0.48,4.0,nan,nan,nan,1.32,2.8,17.18,8.24,0.9,18.39,19.13
samples_design_7_dldesign_2_best,0.48,0.48,2.72,nan,nan,nan,0.94,1.92,18.82,8.91,0.91,25.7,16.99
samples_design_7_dldesign_3_best,0.65,0.58,3.89,nan,nan,nan,1.3,2.73,15.46,7.49,0.9,21.0,13.68
samples_design_7_dldesign_4_best,0.61,0.61,2.34,nan,nan,nan,0.84,1.68,16.41,7.87,0.91,19.67,15.68
samples_design_7_dldesign_5_best,0.63,0.57,3.69,nan,nan,nan,1.23,2.59,16.58,7.96,0.9,8.14,6.64
samples_design_7_dldesign_6_best,0.69,0.55,3.61,nan,nan,nan,1.22,2.54,16.31,7.8,0.91,18.04,16.01
samples_design_7_dldesign_7_best,0.43,0.42,4.62,nan,nan,nan,1.51,3.22,15.92,7.62,0.9,12.31,11.59
samples_design_8_dldesign_0_best,0.89,0.84,1.18,nan,nan,nan,0.58,1.01,15.56,7.36,0.91,19.21,14.77
samples_design_8_dldesign_1_best,0.77,0.66,1.5,nan,nan,nan,0.62,1.11,15.27,7.24,0.91,8.4,5.7
samples_design_8_dldesign_2_best,0.67,0.86,1.64,nan,nan,nan,0.66,1.2,15.99,7.54,0.91,21.63,12.87
samples_design_8_dldesign_3_best,0.83,0.75,1.55,nan,nan,nan,0.64,1.16,14.07,6.76,0.9,6.32,4.1
samples_design_8_dldesign_4_best,0.93,0.56,1.34,nan,nan,nan,0.6,1.05,13.88,6.67,0.9,8.37,4.4
samples_design_8_dldesign_5_best,0.79,0.7,1.63,nan,nan,nan,0.64,1.19,15.17,7.19,0.91,8.61,7.35
samples_design_8_dldesign_6_best,0.86,0.37,1.69,nan,nan,nan,0.64,1.2,14.87,7.09,0.91,10.9,7.17
samples_design_8_dldesign_7_best,0.9,0.58,1.19,nan,nan,nan,0.58,0.96,14.16,6.78,0.9,8.19,4.28
samples_design_9_dldesign_0_best,0.48,0.42,1.84,nan,nan,nan,0.65,1.23,14.92,7.12,0.9,7.28,4.79
samples_design_9_dldesign_1_best,0.47,0.39,1.67,nan,nan,nan,0.62,1.12,14.3,6.91,0.89,14.57,8.62
samples_design_9_dldesign_2_best,0.76,0.62,2.19,nan,nan,nan,0.76,1.5,15.3,7.31,0.9,12.85,9.95
samples_design_9_dldesign_3_best,0.65,0.48,2.05,nan,nan,nan,0.68,1.39,17.44,8.22,0.9,7.39,7.28
samples_design_9_dldesign_4_best,0.56,0.53,2.52,nan,nan,nan,0.81,1.66,15.34,7.34,0.9,13.49,10.57
samples_design_9_dldesign_5_best,0.67,0.62,3.04,nan,nan,nan,0.96,2.01,13.35,6.45,0.9,16.58,11.02
samples_design_9_dldesign_6_best,0.58,0.62,2.15,nan,nan,nan,0.74,1.45,16.12,7.65,0.91,6.24,7.62
samples_design_9_dldesign_7_best,1.09,0.52,2.15,nan,nan,nan,0.77,1.53,15.34,7.33,0.9,8.19,9.9
samples_design_10_dldesign_0_best,0.48,0.45,1.91,nan,nan,nan,0.72,1.37,14.89,7.21,0.89,5.96,3.41
samples_design_10_dldesign_1_best,0.98,0.67,3.63,nan,nan,nan,1.23,2.59,17.89,8.52,0.9,19.73,20.11
samples_design_10_dldesign_2_best,0.89,0.57,3.9,nan,nan,nan,1.31,2.76,16.27,7.82,0.9,18.46,14.69
samples_design_10_dldesign_3_best,0.48,0.61,2.74,nan,nan,nan,0.96,1.94,13.67,6.65,0.9,9.45,7.3
samples_design_10_dldesign_4_best,0.83,0.6,2.0,nan,nan,nan,0.77,1.48,14.06,6.83,0.9,9.3,4.17
samples_design_10_dldesign_5_best,0.64,0.65,4.51,nan,nan,nan,1.48,3.16,17.15,8.18,0.9,10.89,8.13
samples_design_10_dldesign_6_best,0.72,0.68,2.75,nan,nan,nan,0.97,1.97,15.67,7.55,0.9,21.77,13.95
samples_design_10_dldesign_7_best,1.02,0.74,3.15,nan,nan,nan,1.11,2.27,15.11,7.32,0.89,21.9,17.4
samples_design_11_dldesign_0_best,0.88,0.54,2.1,nan,nan,nan,0.73,1.42,13.79,6.57,0.91,16.53,11.27
samples_design_11_dldesign_1_best,0.8,0.52,2.28,nan,nan,nan,0.75,1.51,14.21,6.76,0.91,15.34,11.52
samples_design_11_dldesign_2_best,0.87,0.44,2.03,nan,nan,nan,0.71,1.37,15.34,7.25,0.91,14.38,14.92
samples_design_11_dldesign_3_best,0.68,0.41,1.93,nan,nan,nan,0.68,1.28,14.87,7.04,0.91,16.72,14.26
samples_design_11_dldesign_4_best,0.91,0.54,2.19,nan,nan,nan,0.74,1.48,14.84,7.03,0.91,12.76,11.22
samples_design_11_dldesign_5_best,0.48,0.44,1.66,nan,nan,nan,0.59,1.09,15.65,7.36,0.92,17.23,10.73
samples_design_11_dldesign_6_best,0.85,0.47,1.77,nan,nan,nan,0.66,1.22,15.44,7.28,0.91,13.76,8.52
samples_design_11_dldesign_7_best,0.93,0.57,1.47,nan,nan,nan,0.61,1.1,15.09,7.13,0.91,10.53,10.36
samples_design_12_dldesign_0_best,0.7,0.85,1.18,nan,nan,nan,0.57,0.96,16.48,7.77,0.91,20.19,12.74
samples_design_12_dldesign_1_best,0.95,0.92,1.38,nan,nan,nan,0.63,1.14,16.14,7.6,0.91,25.15,12.56
samples_design_12_dldesign_2_best,0.63,0.66,1.19,nan,nan,nan,0.57,0.91,15.81,7.48,0.91,10.17,8.46
samples_design_12_dldesign_3_best,0.81,0.78,1.38,nan,nan,nan,0.62,1.08,15.34,7.27,0.91,13.66,9.62
samples_design_12_dldesign_4_best,0.73,0.7,1.1,nan,nan,nan,0.56,0.9,15.98,7.56,0.91,10.22,8.01
samples_design_12_dldesign_5_best,0.85,0.83,1.35,nan,nan,nan,0.62,1.08,15.92,7.54,0.91,19.16,11.7
samples_design_12_dldesign_6_best,0.84,0.85,1.06,nan,nan,nan,0.57,0.94,15.47,7.36,0.91,16.66,10.66
samples_design_12_dldesign_7_best,0.31,0.78,0.92,nan,nan,nan,0.49,0.74,15.69,7.41,0.91,21.23,11.65
samples_design_13_dldesign_0_best,0.42,0.88,2.81,nan,nan,nan,1.0,2.01,14.16,6.83,0.91,5.01,5.33
samples_design_13_dldesign_1_best,0.81,1.07,3.83,nan,nan,nan,1.3,2.74,17.61,8.38,0.89,16.7,13.72
samples_design_13_dldesign_2_best,0.65,0.92,3.36,nan,nan,nan,1.14,2.39,16.98,8.12,0.89,12.28,12.48
samples_design_13_dldesign_3_best,0.67,0.83,2.74,nan,nan,nan,1.0,1.98,12.18,6.04,0.89,16.55,9.63
samples_design_13_dldesign_4_best,0.55,0.38,1.6,nan,nan,nan,0.67,1.16,6.13,3.34,0.89,25.22,16.55
samples_design_13_dldesign_5_best,0.65,0.79,3.21,nan,nan,nan,1.11,2.29,18.02,8.62,0.89,13.93,10.75
samples_design_13_dldesign_6_best,0.42,0.73,2.29,nan,nan,nan,0.83,1.64,16.79,8.05,0.89,4.38,3.81
samples_design_13_dldesign_7_best,0.54,0.96,3.41,nan,nan,nan,1.17,2.43,15.86,7.58,0.91,12.32,8.05
samples_design_14_dldesign_0_best,0.75,0.86,4.31,nan,nan,nan,1.39,2.98,15.64,7.52,0.9,8.33,9.44
samples_design_14_dldesign_1_best,0.77,0.79,4.46,nan,nan,nan,1.44,3.07,13.14,6.41,0.9,17.31,10.84
samples_design_14_dldesign_2_best,0.68,0.83,4.58,nan,nan,nan,1.47,3.15,13.8,6.69,0.9,14.48,11.01
samples_design_14_dldesign_3_best,0.75,0.76,2.27,nan,nan,nan,0.83,1.63,14.46,6.99,0.9,16.15,9.6
samples_design_14_dldesign_4_best,0.62,0.62,4.5,nan,nan,nan,1.44,3.08,15.85,7.58,0.9,13.24,11.49
samples_design_14_dldesign_5_best,0.67,0.74,4.34,nan,nan,nan,1.39,2.98,15.03,7.21,0.91,12.11,11.18
samples_design_14_dldesign_6_best,0.69,0.88,4.0,nan,nan,nan,1.31,2.77,13.26,6.48,0.9,17.0,10.52
samples_design_14_dldesign_7_best,0.91,0.85,4.23,nan,nan,nan,1.37,2.94,14.96,7.21,0.9,7.76,9.75
samples_design_15_dldesign_0_best,1.09,1.36,1.53,nan,nan,nan,0.7,1.33,16.03,7.51,0.91,22.51,21.0
samples_design_15_dldesign_1_best,1.17,0.77,0.54,nan,nan,nan,0.55,0.87,12.73,6.09,0.91,11.18,7.32
samples_design_15_dldesign_2_best,0.9,0.91,0.75,nan,nan,nan,0.52,0.85,16.1,7.54,0.91,23.32,17.48
samples_design_15_dldesign_3_best,0.86,1.18,1.01,nan,nan,nan,0.58,1.01,16.51,7.72,0.91,21.9,19.86
samples_design_15_dldesign_4_best,1.05,0.84,0.88,nan,nan,nan,0.56,0.93,14.02,6.63,0.91,13.41,9.24
samples_design_15_dldesign_5_best,0.95,0.89,0.88,nan,nan,nan,0.57,0.91,16.02,7.49,0.92,16.87,19.98
samples_design_15_dldesign_6_best,1.09,1.3,1.45,nan,nan,nan,0.69,1.29,15.63,7.34,0.91,24.38,20.65
samples_design_15_dldesign_7_best,1.18,1.0,0.58,nan,nan,nan,0.56,0.95,15.1,7.13,0.91,21.28,13.74
samples_design_16_dldesign_0_best,0.73,0.55,1.03,nan,nan,nan,0.55,0.85,13.0,6.36,0.9,12.24,6.43
samples_design_16_dldesign_1_best,0.78,0.41,1.46,nan,nan,nan,0.66,1.09,12.63,6.21,0.89,12.04,6.09
samples_design_16_dldesign_2_best,0.78,0.45,1.71,nan,nan,nan,0.72,1.25,12.25,6.03,0.89,12.27,6.42
samples_design_16_dldesign_3_best,0.87,0.6,4.14,nan,nan,nan,1.35,2.86,12.23,6.03,0.89,15.31,9.76
samples_design_16_dldesign_4_best,0.85,0.4,1.04,nan,nan,nan,0.57,0.86,11.39,5.65,0.89,13.01,6.08
samples_design_16_dldesign_5_best,0.85,0.44,4.2,nan,nan,nan,1.36,2.89,16.78,8.06,0.89,16.14,9.44
samples_design_16_dldesign_6_best,0.89,0.47,1.82,nan,nan,nan,0.76,1.34,13.51,6.6,0.89,12.19,5.68
samples_design_16_dldesign_7_best,0.79,0.49,0.7,nan,nan,nan,0.51,0.68,13.04,6.35,0.9,12.01,5.01
samples_design_17_dldesign_0_best,0.69,0.93,3.97,nan,nan,nan,1.03,2.33,15.54,7.34,0.9,16.2,10.46
samples_design_17_dldesign_1_best,0.5,0.77,0.64,nan,nan,nan,0.47,0.64,14.04,6.66,0.9,10.87,6.99
samples_design_17_dldesign_2_best,0.73,0.82,0.94,nan,nan,nan,0.51,0.83,15.58,7.29,0.91,18.18,10.41
samples_design_17_dldesign_3_best,0.74,1.0,2.59,nan,nan,nan,0.76,1.62,15.3,7.24,0.9,16.03,10.82
samples_design_17_dldesign_4_best,0.89,0.75,1.17,nan,nan,nan,0.52,0.95,15.11,7.1,0.9,23.96,18.75
samples_design_17_dldesign_5_best,0.93,0.68,1.09,nan,nan,nan,0.57,0.92,11.72,5.64,0.9,27.55,16.39
samples_design_17_dldesign_6_best,0.89,0.84,0.75,nan,nan,nan,0.51,0.83,15.64,7.32,0.91,17.39,10.15
samples_design_17_dldesign_7_best,0.86,0.89,0.91,nan,nan,nan,0.52,0.88,15.72,7.37,0.91,12.99,11.46
samples_design_18_dldesign_0_best,0.47,0.67,2.1,nan,nan,nan,0.76,1.45,13.16,6.35,0.9,12.8,5.86
samples_design_18_dldesign_1_best,0.72,0.79,2.17,nan,nan,nan,0.78,1.54,16.42,7.83,0.9,8.44,9.58
samples_design_18_dldesign_2_best,0.47,0.68,2.51,nan,nan,nan,0.84,1.71,15.87,7.51,0.91,6.07,6.64
samples_design_18_dldesign_3_best,0.46,0.61,2.34,nan,nan,nan,0.8,1.59,14.23,6.82,0.91,9.32,11.68
samples_design_18_dldesign_4_best,0.69,0.71,1.93,nan,nan,nan,0.72,1.38,12.16,5.96,0.89,6.7,2.9
samples_design_18_dldesign_5_best,0.83,0.59,2.96,nan,nan,nan,0.97,2.03,14.88,7.07,0.91,5.92,7.07
samples_design_18_dldesign_6_best,0.72,0.66,1.41,nan,nan,nan,0.63,1.06,12.82,6.21,0.9,5.15,2.6
samples_design_18_dldesign_7_best,0.44,0.57,2.12,nan,nan,nan,0.73,1.45,16.22,7.71,0.9,11.36,9.16
samples_design_19_dldesign_0_best,0.58,0.49,0.63,nan,nan,nan,0.48,0.57,12.57,5.99,0.91,11.77,7.19
samples_design_19_dldesign_1_best,0.77,0.66,0.88,nan,nan,nan,0.52,0.77,15.77,7.37,0.91,16.69,17.59
samples_design_19_dldesign_2_best,0.93,0.79,1.43,nan,nan,nan,0.62,1.08,15.59,7.34,0.91,15.94,15.77
samples_design_19_dldesign_3_best,0.9,0.7,1.2,nan,nan,nan,0.55,0.95,16.54,7.76,0.9,19.96,19.49
samples_design_19_dldesign_4_best,0.6,0.69,0.76,nan,nan,nan,0.51,0.68,15.38,7.22,0.91,18.21,14.97
samples_design_19_dldesign_5_best,0.88,0.77,0.86,nan,nan,nan,0.56,0.84,16.08,7.54,0.91,13.26,13.7
samples_design_19_dldesign_6_best,0.89,0.76,1.28,nan,nan,nan,0.6,0.99,15.91,7.48,0.91,18.04,14.17
samples_design_19_dldesign_7_best,0.95,0.72,0.39,nan,nan,nan,0.54,0.74,15.01,7.04,0.91,20.39,14.59
samples_design_20_dldesign_0_best,0.42,0.81,3.57,nan,nan,nan,1.22,2.52,12.23,6.07,0.89,10.23,6.4
samples_design_20_dldesign_1_best,0.66,0.92,2.97,nan,nan,nan,1.05,2.13,16.71,8.04,0.89,22.21,19.08
samples_design_20_dldesign_2_best,0.79,0.94,3.82,nan,nan,nan,1.31,2.72,14.94,7.25,0.89,6.7,4.95
samples_design_20_dldesign_3_best,0.81,1.01,4.26,nan,nan,nan,1.43,3.02,19.96,9.41,0.9,23.6,20.18
samples_design_20_dldesign_4_best,0.66,0.54,4.04,nan,nan,nan,1.37,2.83,12.21,6.07,0.89,10.39,5.5
samples_design_20_dldesign_5_best,0.72,0.71,2.73,nan,nan,nan,0.99,1.96,14.93,7.26,0.89,13.7,10.65
samples_design_20_dldesign_6_best,0.82,0.92,4.08,nan,nan,nan,1.38,2.89,16.77,8.05,0.9,24.84,16.04
samples_design_20_dldesign_7_best,1.16,0.94,3.97,nan,nan,nan,1.37,2.86,15.5,7.5,0.89,18.25,13.89
samples_design_21_dldesign_0_best,0.29,0.83,2.97,nan,nan,nan,0.94,2.01,14.16,6.79,0.91,9.93,10.57
samples_design_21_dldesign_1_best,0.35,0.51,1.12,nan,nan,nan,0.51,0.81,14.81,7.06,0.91,8.95,5.2
samples_design_21_dldesign_2_best,0.53,0.52,1.13,nan,nan,nan,0.51,0.84,14.04,6.73,0.91,7.76,4.62
samples_design_21_dldesign_3_best,0.4,0.65,0.97,nan,nan,nan,0.48,0.75,15.38,7.3,0.91,13.29,9.72
samples_design_21_dldesign_4_best,0.29,0.83,0.98,nan,nan,nan,0.49,0.79,15.49,7.33,0.92,20.46,12.76
samples_design_21_dldesign_5_best,0.42,0.57,0.96,nan,nan,nan,0.49,0.74,12.19,5.92,0.91,9.34,4.79
samples_design_21_dldesign_6_best,0.45,0.8,1.1,nan,nan,nan,0.52,0.87,15.59,7.38,0.91,14.15,11.43
samples_design_21_dldesign_7_best,0.5,0.64,1.23,nan,nan,nan,0.55,0.92,14.94,7.13,0.91,9.97,6.36
samples_design_22_dldesign_0_best,0.5,1.11,1.36,nan,nan,nan,0.56,1.01,13.8,6.54,0.9,11.91,13.02
samples_design_22_dldesign_1_best,0.69,1.17,1.24,nan,nan,nan,0.61,1.04,16.69,7.77,0.91,19.93,22.59
samples_design_22_dldesign_2_best,0.62,1.23,1.24,nan,nan,nan,0.58,1.04,14.77,6.95,0.91,16.75,17.94
samples_design_22_dldesign_3_best,0.94,1.36,2.25,nan,nan,nan,0.74,1.54,13.44,6.36,0.91,18.29,11.89
samples_design_22_dldesign_4_best,0.7,1.03,1.45,nan,nan,nan,0.57,1.06,14.57,6.86,0.91,6.18,6.86
samples_design_22_dldesign_5_best,1.03,1.17,1.76,nan,nan,nan,0.66,1.32,10.62,5.16,0.9,7.47,5.76
samples_design_22_dldesign_6_best,0.89,1.37,1.9,nan,nan,nan,0.69,1.39,16.41,7.66,0.9,16.68,12.96
samples_design_22_dldesign_7_best,0.67,1.26,1.34,nan,nan,nan,0.59,1.1,15.41,7.22,0.91,17.16,12.52
samples_design_23_dldesign_0_best,0.78,1.04,1.46,nan,nan,nan,0.64,1.16,14.93,7.08,0.91,14.38,7.44
samples_design_23_dldesign_1_best,1.05,0.59,2.25,nan,nan,nan,0.8,1.59,14.89,7.06,0.91,23.29,15.15
samples_design_23_dldesign_2_best,0.88,0.72,1.46,nan,nan,nan,0.61,1.12,15.16,7.18,0.91,9.86,5.14
samples_design_23_dldesign_3_best,0.58,0.63,1.76,nan,nan,nan,0.67,1.22,15.68,7.42,0.91,12.87,7.01
samples_design_23_dldesign_4_best,0.86,0.83,2.04,nan,nan,nan,0.74,1.46,14.72,6.99,0.91,10.87,4.83
samples_design_23_dldesign_5_best,0.65,0.51,2.09,nan,nan,nan,0.72,1.41,15.92,7.51,0.91,22.91,14.72
samples_design_23_dldesign_6_best,0.6,0.59,2.21,nan,nan,nan,0.76,1.49,14.14,6.75,0.91,24.28,15.56
samples_design_23_dldesign_7_best,0.61,0.61,2.07,nan,nan,nan,0.72,1.4,15.23,7.21,0.91,22.45,14.42
samples_design_24_dldesign_0_best,0.35,0.47,2.21,nan,nan,nan,0.71,1.45,15.8,7.47,0.91,13.29,12.85
samples_design_24_dldesign_1_best,0.36,0.59,0.95,nan,nan,nan,0.48,0.71,14.83,7.06,0.91,14.84,9.23
samples_design_24_dldesign_2_best,0.4,0.28,0.65,nan,nan,nan,0.4,0.49,15.98,7.54,0.91,26.15,16.17
samples_design_24_dldesign_3_best,0.51,0.5,2.02,nan,nan,nan,0.69,1.35,15.93,7.53,0.91,16.35,9.92
samples_design_24_dldesign_4_best,0.38,0.51,0.66,nan,nan,nan,0.45,0.54,14.33,6.81,0.91,12.37,7.1
samples_design_24_dldesign_5_best,0.58,0.98,2.36,nan,nan,nan,0.81,1.63,13.66,6.55,0.91,15.43,10.3
samples_design_24_dldesign_6_best,0.35,0.48,0.61,nan,nan,nan,0.41,0.51,16.53,7.77,0.91,17.42,13.8
samples_design_24_dldesign_7_best,0.33,0.56,0.83,nan,nan,nan,0.46,0.63,13.46,6.44,0.91,14.38,8.43
samples_design_25_dldesign_0_best,0.38,0.52,4.18,nan,nan,nan,1.33,2.85,15.58,7.48,0.9,13.78,11.59
samples_design_25_dldesign_1_best,0.58,0.46,2.81,nan,nan,nan,0.95,1.94,15.78,7.61,0.9,18.35,10.36
samples_design_25_dldesign_2_best,0.5,0.53,2.77,nan,nan,nan,0.92,1.91,17.62,8.42,0.9,16.19,10.48
samples_design_25_dldesign_3_best,0.49,0.43,2.51,nan,nan,nan,0.86,1.73,17.34,8.26,0.9,16.21,10.71
samples_design_25_dldesign_4_best,0.42,0.47,2.37,nan,nan,nan,0.82,1.64,16.96,8.1,0.9,18.05,13.6
samples_design_25_dldesign_5_best,0.76,0.77,2.0,nan,nan,nan,0.74,1.47,15.25,7.36,0.9,10.66,8.54
samples_design_25_dldesign_6_best,0.49,0.57,2.22,nan,nan,nan,0.78,1.55,16.9,8.09,0.9,16.71,10.18
samples_design_25_dldesign_7_best,0.65,0.62,2.91,nan,nan,nan,0.98,2.03,16.52,7.92,0.9,18.34,11.25
samples_design_26_dldesign_0_best,0.8,0.8,5.46,nan,nan,nan,1.73,3.75,16.67,7.96,0.9,13.82,11.53
samples_design_26_dldesign_1_best,0.83,0.85,4.16,nan,nan,nan,1.37,2.88,16.42,7.86,0.89,18.97,14.7
samples_design_26_dldesign_2_best,0.88,0.8,5.41,nan,nan,nan,1.72,3.71,14.83,7.15,0.9,22.8,16.96
samples_design_26_dldesign_3_best,0.7,0.83,5.31,nan,nan,nan,1.69,3.64,15.72,7.5,0.9,9.4,7.13
samples_design_26_dldesign_4_best,0.97,0.97,6.1,nan,nan,nan,1.93,4.19,13.49,6.61,0.89,16.79,12.39
samples_design_26_dldesign_5_best,0.64,0.84,5.37,nan,nan,nan,1.7,3.68,16.37,7.81,0.9,12.9,8.4
samples_design_26_dldesign_6_best,0.52,0.88,2.42,nan,nan,nan,0.86,1.72,14.45,7.0,0.89,10.39,4.54
samples_design_26_dldesign_7_best,0.7,0.97,4.87,nan,nan,nan,1.55,3.35,8.44,4.37,0.89,25.51,16.88
samples_design_27_dldesign_0_best,0.9,0.91,4.4,nan,nan,nan,1.45,3.05,11.59,5.76,0.89,3.33,3.9
samples_design_27_dldesign_1_best,1.27,1.16,6.12,nan,nan,nan,1.97,4.24,13.8,6.63,0.91,7.56,8.01
samples_design_27_dldesign_2_best,0.76,1.08,7.34,nan,nan,nan,2.3,5.01,12.33,6.03,0.9,9.92,7.7
samples_design_27_dldesign_3_best,0.71,1.2,4.17,nan,nan,nan,1.36,2.91,15.81,7.52,0.91,24.79,19.82
samples_design_27_dldesign_4_best,0.84,1.01,3.6,nan,nan,nan,1.21,2.53,16.29,7.83,0.89,19.63,14.93
samples_design_27_dldesign_5_best,0.79,1.18,3.8,nan,nan,nan,1.26,2.67,15.97,7.66,0.89,5.5,5.44
samples_design_27_dldesign_6_best,0.83,1.11,3.99,nan,nan,nan,1.32,2.8,16.35,7.8,0.9,6.47,6.36
samples_design_27_dldesign_7_best,0.61,1.16,3.34,nan,nan,nan,1.13,2.36,14.18,6.78,0.91,4.72,3.16
samples_design_28_dldesign_0_best,0.51,0.55,0.79,nan,nan,nan,0.5,0.67,4.67,2.7,0.9,1.7,1.77
samples_design_28_dldesign_1_best,0.67,0.92,0.77,nan,nan,nan,0.51,0.78,10.28,5.17,0.89,2.54,2.78
samples_design_28_dldesign_2_best,1.02,0.85,0.87,nan,nan,nan,0.59,0.91,13.07,6.35,0.91,23.47,19.28
samples_design_28_dldesign_3_best,0.63,0.8,1.12,nan,nan,nan,0.59,0.94,14.98,7.19,0.91,22.82,18.99
samples_design_28_dldesign_4_best,1.06,0.96,1.08,nan,nan,nan,0.63,1.05,13.75,6.67,0.9,3.19,3.02
samples_design_28_dldesign_5_best,0.55,0.95,1.06,nan,nan,nan,0.57,0.92,14.33,6.91,0.9,4.91,5.16
samples_design_28_dldesign_6_best,1.13,0.71,0.89,nan,nan,nan,0.59,0.92,14.79,7.12,0.91,23.14,19.1
samples_design_28_dldesign_7_best,0.56,0.93,0.85,nan,nan,nan,0.53,0.8,10.44,5.21,0.9,2.35,2.45
samples_design_29_dldesign_0_best,0.46,0.45,1.83,nan,nan,nan,0.65,1.22,16.52,7.82,0.91,19.22,18.61
samples_design_29_dldesign_1_best,0.54,0.5,1.97,nan,nan,nan,0.67,1.32,15.98,7.58,0.91,11.2,12.39
samples_design_29_dldesign_2_best,0.87,0.42,1.79,nan,nan,nan,0.66,1.27,16.88,7.99,0.91,22.95,15.08
samples_design_29_dldesign_3_best,0.77,0.55,1.86,nan,nan,nan,0.69,1.3,16.32,7.74,0.91,16.87,11.58
samples_design_29_dldesign_4_best,0.45,0.46,1.73,nan,nan,nan,0.63,1.16,16.34,7.73,0.91,23.54,19.16
samples_design_29_dldesign_5_best,0.36,0.48,2.3,nan,nan,nan,0.74,1.51,15.99,7.59,0.91,13.92,9.15
samples_design_29_dldesign_6_best,0.47,0.49,1.82,nan,nan,nan,0.64,1.22,17.41,8.21,0.91,22.56,13.9
samples_design_29_dldesign_7_best,0.44,0.5,2.87,nan,nan,nan,0.89,1.87,16.07,7.59,0.91,13.68,9.33
samples_design_30_dldesign_0_best,0.66,0.59,0.64,nan,nan,nan,0.5,0.64,13.32,6.43,0.9,15.13,7.0
samples_design_30_dldesign_1_best,0.97,0.69,2.46,nan,nan,nan,0.87,1.74,10.0,5.01,0.89,10.63,4.68
samples_design_30_dldesign_2_best,0.92,0.62,0.44,nan,nan,nan,0.5,0.67,12.68,6.12,0.91,7.48,3.02
samples_design_30_dldesign_3_best,1.02,0.9,2.86,nan,nan,nan,0.99,2.02,5.01,2.79,0.9,8.24,3.84
samples_design_30_dldesign_4_best,0.88,0.56,0.44,nan,nan,nan,0.49,0.64,14.35,6.83,0.91,8.77,4.14
samples_design_30_dldesign_5_best,0.9,0.74,2.54,nan,nan,nan,0.88,1.79,11.38,5.6,0.9,11.68,5.36
samples_design_30_dldesign_6_best,0.84,0.74,2.55,nan,nan,nan,0.88,1.79,11.17,5.51,0.9,12.08,5.51
samples_design_30_dldesign_7_best,0.92,0.61,2.3,nan,nan,nan,0.82,1.63,13.01,6.36,0.9,11.85,5.4
samples_design_31_dldesign_0_best,0.45,0.42,1.51,nan,nan,nan,0.58,1.02,16.91,8.01,0.9,23.83,15.13
samples_design_31_dldesign_1_best,0.63,0.5,2.15,nan,nan,nan,0.73,1.44,14.88,7.14,0.9,7.14,6.3
samples_design_31_dldesign_2_best,0.56,0.42,1.61,nan,nan,nan,0.62,1.1,11.84,5.82,0.89,11.53,5.07
samples_design_31_dldesign_3_best,0.52,0.37,3.27,nan,nan,nan,0.99,2.12,15.98,7.63,0.89,13.73,7.2
samples_design_31_dldesign_4_best,0.38,0.39,1.26,nan,nan,nan,0.53,0.86,14.75,7.08,0.9,14.4,7.4
samples_design_31_dldesign_5_best,0.48,0.58,1.64,nan,nan,nan,0.62,1.12,15.75,7.49,0.9,23.89,14.18
samples_design_31_dldesign_6_best,0.46,0.44,1.19,nan,nan,nan,0.53,0.84,14.51,6.97,0.9,12.76,6.07
samples_design_31_dldesign_7_best,0.41,0.51,1.45,nan,nan,nan,0.56,0.99,16.9,8.01,0.9,24.27,16.82
samples_design_32_dldesign_0_best,0.98,0.77,2.99,nan,nan,nan,0.78,1.75,16.8,7.83,0.91,8.94,6.96
samples_design_32_dldesign_1_best,1.02,0.73,2.98,nan,nan,nan,0.79,1.74,16.02,7.5,0.9,19.38,15.61
samples_design_32_dldesign_2_best,0.97,0.86,3.04,nan,nan,nan,0.8,1.78,16.29,7.62,0.91,15.95,16.02
samples_design_32_dldesign_3_best,0.93,0.68,3.02,nan,nan,nan,0.8,1.74,16.19,7.55,0.91,18.78,17.75
samples_design_32_dldesign_4_best,0.69,0.85,3.15,nan,nan,nan,0.8,1.78,15.47,7.27,0.9,19.71,15.86
samples_design_32_dldesign_5_best,1.05,0.85,3.21,nan,nan,nan,0.82,1.88,15.08,7.09,0.91,11.56,11.11
samples_design_32_dldesign_6_best,1.03,0.82,3.24,nan,nan,nan,0.83,1.88,14.18,6.7,0.91,11.84,11.24
samples_design_32_dldesign_7_best,0.9,0.65,3.03,nan,nan,nan,0.79,1.74,15.15,7.14,0.9,11.04,4.82
samples_design_33_dldesign_0_best,0.7,0.63,1.77,nan,nan,nan,0.63,1.14,17.91,8.38,0.9,18.39,14.15
samples_design_33_dldesign_1_best,0.72,0.46,1.13,nan,nan,nan,0.54,0.81,15.63,7.39,0.9,12.11,7.3
samples_design_33_dldesign_2_best,0.73,0.49,0.59,nan,nan,nan,0.44,0.62,15.88,7.45,0.91,17.55,13.81
samples_design_33_dldesign_3_best,0.66,0.67,5.48,nan,nan,nan,1.33,3.13,15.79,7.45,0.9,15.25,16.95
samples_design_33_dldesign_4_best,0.94,0.53,1.43,nan,nan,nan,0.56,1.03,16.85,7.91,0.9,17.0,13.86
samples_design_33_dldesign_5_best,0.56,0.65,5.21,nan,nan,nan,1.28,2.97,16.89,7.95,0.9,10.71,9.06
samples_design_33_dldesign_6_best,0.77,0.39,1.12,nan,nan,nan,0.5,0.82,16.64,7.78,0.9,16.8,15.56
samples_design_33_dldesign_7_best,0.7,0.51,0.54,nan,nan,nan,0.45,0.6,15.87,7.41,0.91,15.38,14.93
samples_design_34_dldesign_0_best,0.68,0.53,2.84,nan,nan,nan,0.92,1.93,14.65,7.0,0.91,7.73,4.49
samples_design_34_dldesign_1_best,0.79,0.83,3.25,nan,nan,nan,1.05,2.23,12.65,6.13,0.9,15.41,10.02
samples_design_34_dldesign_2_best,0.79,0.29,2.61,nan,nan,nan,0.89,1.78,13.24,6.41,0.9,11.08,8.31
samples_design_34_dldesign_3_best,0.67,0.67,1.43,nan,nan,nan,0.6,1.07,16.06,7.65,0.9,15.4,10.75
samples_design_34_dldesign_4_best,0.84,0.5,2.89,nan,nan,nan,0.96,1.98,15.03,7.17,0.9,6.61,3.37
samples_design_34_dldesign_5_best,0.78,0.69,3.48,nan,nan,nan,1.11,2.36,14.1,6.77,0.9,15.69,10.26
samples_design_34_dldesign_6_best,0.81,0.73,3.13,nan,nan,nan,1.02,2.15,14.56,6.97,0.9,13.3,9.36
samples_design_34_dldesign_7_best,0.8,0.64,2.95,nan,nan,nan,0.97,2.02,15.03,7.15,0.91,7.05,7.15
samples_design_35_dldesign_0_best,0.85,0.49,0.81,nan,nan,nan,0.56,0.75,15.71,7.35,0.92,20.44,17.89
samples_design_35_dldesign_1_best,1.24,0.93,1.83,nan,nan,nan,0.75,1.41,15.8,7.39,0.92,14.67,17.68
samples_design_35_dldesign_2_best,0.56,0.72,1.41,nan,nan,nan,0.57,0.98,15.68,7.38,0.91,9.27,9.94
samples_design_35_dldesign_3_best,0.79,0.66,0.97,nan,nan,nan,0.59,0.82,15.8,7.41,0.91,17.18,17.46
samples_design_35_dldesign_4_best,0.8,0.48,0.67,nan,nan,nan,0.55,0.67,15.49,7.25,0.92,20.07,14.4
samples_design_35_dldesign_5_best,0.83,0.57,1.42,nan,nan,nan,0.59,1.02,13.75,6.56,0.9,14.08,8.5
samples_design_35_dldesign_6_best,1.17,0.77,1.97,nan,nan,nan,0.76,1.42,16.07,7.49,0.92,17.65,12.37
samples_design_35_dldesign_7_best,0.7,0.61,1.53,nan,nan,nan,0.59,1.05,16.3,7.65,0.91,18.21,16.62
samples_design_36_dldesign_0_best,0.6,0.68,0.66,nan,nan,nan,0.5,0.65,14.31,6.75,0.91,11.89,7.25
samples_design_36_dldesign_1_best,0.69,0.78,0.71,nan,nan,nan,0.5,0.73,15.64,7.32,0.91,13.65,13.92
samples_design_36_dldesign_2_best,0.8,0.87,0.45,nan,nan,nan,0.51,0.74,15.98,7.47,0.91,23.23,20.05
samples_design_36_dldesign_3_best,0.87,0.82,0.87,nan,nan,nan,0.54,0.86,16.48,7.67,0.91,30.26,20.3
samples_design_36_dldesign_4_best,0.9,0.78,0.73,nan,nan,nan,0.55,0.81,13.9,6.57,0.91,12.43,8.07
samples_design_36_dldesign_5_best,0.5,0.78,1.04,nan,nan,nan,0.53,0.79,16.39,7.64,0.91,12.45,12.96
samples_design_36_dldesign_6_best,1.03,0.68,0.62,nan,nan,nan,0.53,0.81,13.93,6.57,0.91,11.17,7.11
samples_design_36_dldesign_7_best,0.56,0.7,0.81,nan,nan,nan,0.52,0.69,11.47,5.53,0.9,11.49,6.8
samples_design_37_dldesign_0_best,0.8,1.06,3.29,nan,nan,nan,0.86,1.91,15.34,7.14,0.92,6.66,5.82
samples_design_37_dldesign_1_best,0.82,0.95,1.64,nan,nan,nan,0.57,1.15,15.97,7.47,0.91,16.02,15.13
samples_design_37_dldesign_2_best,0.74,0.87,3.1,nan,nan,nan,0.8,1.77,16.34,7.64,0.91,9.04,8.02
samples_design_37_dldesign_3_best,0.72,0.95,3.12,nan,nan,nan,0.81,1.79,15.61,7.26,0.92,15.76,19.06
samples_design_37_dldesign_4_best,0.69,0.8,3.08,nan,nan,nan,0.79,1.74,15.54,7.25,0.91,9.95,6.31
samples_design_37_dldesign_5_best,0.76,1.01,3.03,nan,nan,nan,0.8,1.76,14.99,7.0,0.92,17.08,16.96
samples_design_37_dldesign_6_best,1.32,0.78,2.99,nan,nan,nan,0.81,1.84,16.14,7.55,0.91,14.55,11.8
samples_design_37_dldesign_7_best,0.73,1.02,3.17,nan,nan,nan,0.82,1.83,15.72,7.36,0.91,17.69,18.93
samples_design_38_dldesign_0_best,0.83,0.54,5.14,nan,nan,nan,1.64,3.52,17.69,8.48,0.89,17.76,8.36
samples_design_38_dldesign_1_best,0.61,0.93,2.92,nan,nan,nan,1.0,2.06,12.23,5.94,0.91,7.69,6.52
samples_design_38_dldesign_2_best,0.76,0.57,6.0,nan,nan,nan,1.89,4.09,13.85,6.79,0.89,12.14,8.3
samples_design_38_dldesign_3_best,1.04,0.57,6.98,nan,nan,nan,2.2,4.76,13.56,6.6,0.89,3.85,5.28
samples_design_38_dldesign_4_best,1.01,0.53,6.75,nan,nan,nan,2.13,4.61,10.93,5.5,0.89,12.06,8.01
samples_design_38_dldesign_5_best,0.81,0.69,6.07,nan,nan,nan,1.9,4.15,16.18,7.75,0.9,8.29,6.84
samples_design_38_dldesign_6_best,1.03,0.79,7.37,nan,nan,nan,2.3,5.04,14.65,7.03,0.91,15.02,10.4
samples_design_38_dldesign_7_best,0.61,0.69,6.17,nan,nan,nan,1.93,4.2,16.84,8.08,0.9,16.5,10.21
samples_design_39_dldesign_0_best,0.98,0.7,0.72,nan,nan,nan,0.54,0.82,11.82,5.67,0.9,9.36,7.44
samples_design_39_dldesign_1_best,0.93,0.94,1.0,nan,nan,nan,0.58,0.95,15.98,7.46,0.91,16.95,13.87
samples_design_39_dldesign_2_best,0.78,0.79,0.97,nan,nan,nan,0.54,0.84,16.73,7.79,0.91,7.74,8.21
samples_design_39_dldesign_3_best,1.52,0.28,0.93,nan,nan,nan,0.61,1.08,16.47,7.66,0.91,17.7,12.78
samples_design_39_dldesign_4_best,0.71,1.07,0.78,nan,nan,nan,0.55,0.87,16.06,7.5,0.91,20.97,18.81
samples_design_39_dldesign_5_best,0.66,0.93,0.89,nan,nan,nan,0.52,0.83,17.04,7.91,0.91,13.32,10.53
samples_design_39_dldesign_6_best,0.96,0.88,0.88,nan,nan,nan,0.57,0.91,16.36,7.62,0.91,13.13,10.81
samples_design_39_dldesign_7_best,0.9,0.96,0.99,nan,nan,nan,0.59,0.95,16.46,7.65,0.91,18.94,19.49
samples_design_40_dldesign_0_best,0.57,0.69,1.22,nan,nan,nan,0.51,0.9,16.9,7.92,0.91,21.71,19.96
samples_design_40_dldesign_1_best,0.46,0.63,1.25,nan,nan,nan,0.51,0.88,16.51,7.76,0.91,6.8,5.45
samples_design_40_dldesign_2_best,0.58,0.52,1.59,nan,nan,nan,0.61,1.07,15.11,7.13,0.91,9.02,4.41
samples_design_40_dldesign_3_best,0.68,0.64,2.22,nan,nan,nan,0.75,1.47,15.99,7.51,0.91,24.79,14.79
samples_design_40_dldesign_4_best,0.6,0.46,1.73,nan,nan,nan,0.64,1.15,15.4,7.28,0.91,24.3,16.38
samples_design_40_dldesign_5_best,0.71,0.77,1.45,nan,nan,nan,0.58,1.07,16.68,7.82,0.91,22.58,14.01
samples_design_40_dldesign_6_best,0.72,0.77,1.43,nan,nan,nan,0.59,1.06,16.42,7.73,0.9,14.36,9.1
samples_design_40_dldesign_7_best,0.58,0.71,0.95,nan,nan,nan,0.5,0.78,16.19,7.61,0.91,11.02,7.57
samples_design_41_dldesign_0_best,0.47,0.66,0.53,nan,nan,nan,0.5,0.55,11.61,5.56,0.91,12.44,7.77
samples_design_41_dldesign_1_best,0.79,0.66,0.46,nan,nan,nan,0.47,0.66,14.58,6.85,0.91,12.14,7.65
samples_design_41_dldesign_2_best,0.5,0.57,0.54,nan,nan,nan,0.49,0.54,11.98,5.73,0.91,10.84,7.0
samples_design_41_dldesign_3_best,0.6,0.78,0.6,nan,nan,nan,0.49,0.66,15.76,7.36,0.92,16.86,15.69
samples_design_41_dldesign_4_best,0.81,0.64,0.76,nan,nan,nan,0.48,0.75,13.93,6.57,0.91,10.71,7.26
samples_design_41_dldesign_5_best,0.51,0.59,0.7,nan,nan,nan,0.51,0.6,11.37,5.46,0.91,11.96,7.51
samples_design_41_dldesign_6_best,0.66,0.54,0.85,nan,nan,nan,0.48,0.7,14.49,6.8,0.91,10.13,6.94
samples_design_41_dldesign_7_best,0.88,0.66,0.48,nan,nan,nan,0.55,0.7,12.58,6.0,0.91,10.81,6.5
samples_design_42_dldesign_0_best,0.53,0.77,2.83,nan,nan,nan,0.97,1.97,14.38,6.95,0.9,11.99,6.22
samples_design_42_dldesign_1_best,0.55,0.82,3.13,nan,nan,nan,1.06,2.18,16.14,7.71,0.9,21.74,14.92
samples_design_42_dldesign_2_best,0.46,0.81,2.9,nan,nan,nan,1.0,2.02,14.08,6.81,0.9,11.62,5.72
samples_design_42_dldesign_3_best,0.48,0.81,3.82,nan,nan,nan,1.24,2.63,16.04,7.69,0.9,13.36,10.2
samples_design_42_dldesign_4_best,0.42,0.91,3.29,nan,nan,nan,1.09,2.28,15.67,7.51,0.9,15.27,11.0
samples_design_42_dldesign_5_best,0.49,0.72,2.97,nan,nan,nan,1.02,2.06,13.58,6.58,0.9,11.88,6.34
samples_design_42_dldesign_6_best,0.47,0.85,3.36,nan,nan,nan,1.11,2.33,16.0,7.64,0.9,19.13,12.09
samples_design_42_dldesign_7_best,0.41,0.84,3.92,nan,nan,nan,1.26,2.7,15.16,7.25,0.91,8.26,7.97
samples_design_43_dldesign_0_best,0.62,0.74,1.74,nan,nan,nan,0.63,1.2,12.4,5.95,0.91,13.33,6.92
samples_design_43_dldesign_1_best,0.75,1.08,1.85,nan,nan,nan,0.68,1.35,15.53,7.31,0.91,26.17,17.65
samples_design_43_dldesign_2_best,0.88,0.94,1.74,nan,nan,nan,0.66,1.29,14.85,7.01,0.91,22.98,12.44
samples_design_43_dldesign_3_best,0.89,0.73,1.61,nan,nan,nan,0.65,1.18,12.83,6.15,0.91,12.63,6.5
samples_design_43_dldesign_4_best,0.87,1.11,1.77,nan,nan,nan,0.68,1.34,15.57,7.33,0.91,24.2,13.3
samples_design_43_dldesign_5_best,1.0,0.66,1.76,nan,nan,nan,0.69,1.28,12.61,6.05,0.91,12.69,6.77
samples_design_43_dldesign_6_best,1.14,0.79,1.53,nan,nan,nan,0.66,1.23,14.25,6.76,0.91,24.23,15.87
samples_design_43_dldesign_7_best,0.8,0.97,1.74,nan,nan,nan,0.66,1.28,14.92,7.05,0.91,25.46,15.84
samples_design_44_dldesign_0_best,1.14,0.93,1.76,nan,nan,nan,0.71,1.37,15.69,7.4,0.91,26.47,15.63
samples_design_44_dldesign_1_best,1.13,0.86,1.98,nan,nan,nan,0.73,1.46,15.98,7.52,0.91,16.23,8.2
samples_design_44_dldesign_2_best,0.84,0.7,1.64,nan,nan,nan,0.67,1.18,12.61,6.04,0.91,12.66,6.93
samples_design_44_dldesign_3_best,1.18,0.85,1.71,nan,nan,nan,0.7,1.33,15.2,7.18,0.91,24.97,15.15
samples_design_44_dldesign_4_best,0.72,0.84,1.38,nan,nan,nan,0.57,1.05,16.28,7.63,0.91,8.65,7.23
samples_design_44_dldesign_5_best,1.14,0.91,1.84,nan,nan,nan,0.72,1.4,15.22,7.17,0.91,25.72,16.47
samples_design_44_dldesign_6_best,1.16,0.86,2.27,nan,nan,nan,0.81,1.62,14.08,6.7,0.91,24.06,15.14
samples_design_44_dldesign_7_best,1.17,0.77,1.77,nan,nan,nan,0.7,1.35,15.7,7.4,0.91,24.85,15.11
samples_design_45_dldesign_0_best,1.02,0.7,2.94,nan,nan,nan,1.04,2.13,17.13,8.13,0.9,14.79,13.48
samples_design_45_dldesign_1_best,1.02,0.64,3.97,nan,nan,nan,1.34,2.82,16.01,7.63,0.91,17.01,17.32
samples_design_45_dldesign_2_best,0.8,0.32,0.97,nan,nan,nan,0.54,0.81,11.96,5.88,0.9,2.7,1.65
samples_design_45_dldesign_3_best,0.83,0.44,1.18,nan,nan,nan,0.59,0.95,13.56,6.58,0.9,4.65,2.28
samples_design_45_dldesign_4_best,1.0,0.84,4.13,nan,nan,nan,1.39,2.94,16.39,7.8,0.91,21.95,16.68
samples_design_45_dldesign_5_best,0.93,0.85,4.29,nan,nan,nan,1.43,3.04,18.36,8.66,0.91,22.86,22.32
samples_design_45_dldesign_6_best,1.11,0.93,4.11,nan,nan,nan,1.39,2.94,14.86,7.13,0.91,7.67,7.52
samples_design_45_dldesign_7_best,0.59,0.18,1.24,nan,nan,nan,0.57,0.92,12.73,6.2,0.91,4.32,2.47
samples_design_46_dldesign_0_best,0.82,0.58,0.49,nan,nan,nan,0.52,0.66,15.24,7.14,0.91,16.15,15.25
samples_design_46_dldesign_1_best,0.49,0.61,0.56,nan,nan,nan,0.45,0.55,15.46,7.23,0.91,13.86,16.62
samples_design_46_dldesign_2_best,0.47,0.51,0.46,nan,nan,nan,0.47,0.48,11.07,5.33,0.91,10.53,6.44
samples_design_46_dldesign_3_best,0.43,0.52,0.61,nan,nan,nan,0.47,0.52,16.89,7.85,0.91,13.3,15.99
samples_design_46_dldesign_4_best,0.66,0.47,0.56,nan,nan,nan,0.47,0.57,14.72,6.91,0.91,18.69,12.84
samples_design_46_dldesign_5_best,0.54,0.44,0.63,nan,nan,nan,0.44,0.54,13.61,6.43,0.91,13.87,11.97
samples_design_46_dldesign_6_best,0.57,0.48,0.59,nan,nan,nan,0.46,0.55,15.46,7.23,0.91,18.6,17.44
samples_design_46_dldesign_7_best,0.61,0.35,0.31,nan,nan,nan,0.44,0.46,13.99,6.59,0.91,11.91,8.22
samples_design_47_dldesign_0_best,0.7,0.74,3.45,nan,nan,nan,1.16,2.4,10.97,5.48,0.89,25.23,15.8
samples_design_47_dldesign_1_best,0.57,0.91,4.22,nan,nan,nan,1.37,2.91,15.81,7.55,0.9,5.82,3.96
samples_design_47_dldesign_2_best,0.73,0.89,4.54,nan,nan,nan,1.47,3.13,14.91,7.21,0.89,19.4,14.33
samples_design_47_dldesign_3_best,0.67,0.97,1.01,nan,nan,nan,0.56,0.92,16.41,7.84,0.9,26.1,15.55
samples_design_47_dldesign_4_best,0.83,0.65,1.69,nan,nan,nan,0.74,1.27,12.3,6.07,0.89,6.77,6.04
samples_design_47_dldesign_5_best,0.72,0.83,4.52,nan,nan,nan,1.46,3.11,16.36,7.83,0.9,11.14,8.34
samples_design_47_dldesign_6_best,0.94,0.8,4.17,nan,nan,nan,1.37,2.9,14.25,6.9,0.9,6.1,3.99
samples_design_47_dldesign_7_best,0.72,0.69,2.94,nan,nan,nan,1.01,2.06,15.41,7.42,0.9,8.09,5.08
samples_design_48_dldesign_0_best,0.57,0.58,1.15,nan,nan,nan,0.51,0.82,18.18,8.42,0.92,18.79,17.29
samples_design_48_dldesign_1_best,0.66,0.51,1.39,nan,nan,nan,0.53,0.95,16.87,7.89,0.91,18.16,12.93
samples_design_48_dldesign_2_best,0.66,0.52,0.67,nan,nan,nan,0.45,0.63,15.8,7.4,0.92,25.68,33.33
samples_design_48_dldesign_3_best,0.61,0.52,0.64,nan,nan,nan,0.44,0.59,16.15,7.53,0.92,24.53,24.84
samples_design_48_dldesign_4_best,0.51,0.5,0.86,nan,nan,nan,0.45,0.65,15.9,7.43,0.92,26.17,33.41
samples_design_48_dldesign_5_best,0.53,0.58,0.68,nan,nan,nan,0.47,0.6,16.37,7.64,0.91,20.95,15.81
samples_design_48_dldesign_6_best,0.57,0.54,1.28,nan,nan,nan,0.5,0.88,16.02,7.51,0.91,21.46,22.76
samples_design_48_dldesign_7_best,0.65,0.46,1.1,nan,nan,nan,0.5,0.8,16.26,7.6,0.91,20.64,15.49
samples_design_49_dldesign_0_best,0.91,0.5,2.35,nan,nan,nan,0.67,1.39,15.64,7.35,0.9,12.64,6.87
samples_design_49_dldesign_1_best,0.98,0.59,2.52,nan,nan,nan,0.7,1.5,16.18,7.59,0.9,12.8,12.14
samples_design_49_dldesign_2_best,0.97,0.58,2.64,nan,nan,nan,0.71,1.55,16.57,7.74,0.9,16.18,12.23
samples_design_49_dldesign_3_best,0.86,0.54,1.24,nan,nan,nan,0.5,0.9,16.04,7.52,0.9,7.82,4.54
samples_design_49_dldesign_4_best,1.0,0.55,1.39,nan,nan,nan,0.55,1.01,15.52,7.3,0.9,13.18,6.67
samples_design_49_dldesign_5_best,0.89,0.58,2.68,nan,nan,nan,0.74,1.56,15.84,7.43,0.91,11.12,5.5
samples_design_49_dldesign_6_best,1.09,0.51,2.14,nan,nan,nan,0.66,1.35,15.62,7.34,0.9,10.44,7.22
samples_design_49_dldesign_7_best,0.88,0.55,3.19,nan,nan,nan,0.81,1.79,16.42,7.69,0.9,19.65,21.49
samples_design_0_dldesign_0_best,1.09,0.54,2.92,nan,nan,nan,1.01,2.04,14.82,7.08,0.91,23.05,14.81
samples_design_0_dldesign_1_best,0.44,0.59,0.78,nan,nan,nan,0.52,0.64,11.41,5.57,0.9,2.62,1.44
samples_design_0_dldesign_2_best,0.65,0.65,2.37,nan,nan,nan,0.82,1.64,12.48,6.06,0.9,8.12,4.15
samples_design_0_dldesign_3_best,0.54,0.65,2.18,nan,nan,nan,0.79,1.51,12.36,5.99,0.91,9.62,4.02
samples_design_0_dldesign_4_best,0.49,0.49,0.54,nan,nan,nan,0.47,0.51,15.75,7.5,0.91,24.82,15.4
samples_design_0_dldesign_5_best,0.57,0.47,1.79,nan,nan,nan,0.71,1.25,16.07,7.64,0.9,22.72,16.28
samples_design_0_dldesign_6_best,0.61,0.47,1.91,nan,nan,nan,0.71,1.33,12.68,6.12,0.91,6.42,3.26
samples_design_0_dldesign_7_best,0.67,0.53,0.52,nan,nan,nan,0.49,0.57,5.11,2.84,0.91,2.61,1.13
samples_design_1_dldesign_0_best,0.76,0.63,2.47,nan,nan,nan,0.85,1.71,16.05,7.64,0.9,21.67,15.81
samples_design_1_dldesign_1_best,0.55,0.67,2.15,nan,nan,nan,0.75,1.49,14.32,6.86,0.9,6.03,3.68
samples_design_1_dldesign_2_best,0.53,0.58,2.19,nan,nan,nan,0.76,1.5,14.41,6.85,0.91,6.79,4.27
samples_design_1_dldesign_3_best,1.03,0.6,1.39,nan,nan,nan,0.67,1.12,13.71,6.62,0.9,11.29,5.36
samples_design_1_dldesign_4_best,0.71,0.56,0.6,nan,nan,nan,0.49,0.62,12.9,6.24,0.91,10.7,5.41
samples_design_1_dldesign_5_best,0.82,0.75,2.33,nan,nan,nan,0.81,1.65,15.75,7.48,0.91,16.54,11.63
samples_design_1_dldesign_6_best,0.56,0.83,2.7,nan,nan,nan,0.89,1.86,15.16,7.23,0.91,19.03,15.66
samples_design_1_dldesign_7_best,0.63,0.6,2.07,nan,nan,nan,0.75,1.44,13.95,6.72,0.9,10.09,5.82
samples_design_2_dldesign_0_best,0.88,0.81,5.3,nan,nan,nan,1.74,3.73,16.45,7.84,0.91,19.95,10.86
samples_design_2_dldesign_1_best,0.98,0.75,6.45,nan,nan,nan,2.09,4.51,17.56,8.45,0.89,8.01,8.59
samples_design_2_dldesign_2_best,0.64,0.86,5.54,nan,nan,nan,1.81,3.88,17.45,8.4,0.9,21.16,16.09
samples_design_2_dldesign_3_best,0.62,0.94,7.43,nan,nan,nan,2.39,5.18,12.47,6.2,0.89,9.47,7.29
samples_design_2_dldesign_4_best,0.41,1.14,8.65,nan,nan,nan,2.77,6.03,15.11,7.24,0.91,15.84,11.77
samples_design_2_dldesign_5_best,1.05,1.39,6.82,nan,nan,nan,2.23,4.81,16.7,8.04,0.9,10.67,9.04
samples_design_2_dldesign_6_best,1.02,1.14,5.4,nan,nan,nan,1.79,3.82,18.16,8.72,0.89,23.08,16.56
samples_design_2_dldesign_7_best,0.91,1.0,7.15,nan,nan,nan,2.31,5.0,17.99,8.62,0.9,11.09,7.72
samples_design_3_dldesign_0_best,0.65,0.58,1.37,nan,nan,nan,0.59,1.05,16.18,7.74,0.9,6.43,6.53
samples_design_3_dldesign_1_best,0.59,0.4,1.35,nan,nan,nan,0.56,1.0,15.89,7.57,0.91,17.3,12.91
samples_design_3_dldesign_2_best,0.93,0.7,1.92,nan,nan,nan,0.8,1.46,11.36,5.65,0.89,11.54,5.75
samples_design_3_dldesign_3_best,0.56,0.78,3.01,nan,nan,nan,1.04,2.14,13.09,6.37,0.9,15.01,15.81
samples_design_3_dldesign_4_best,0.62,0.63,1.51,nan,nan,nan,0.62,1.14,15.89,7.58,0.91,20.45,12.96
samples_design_3_dldesign_5_best,0.55,0.63,1.28,nan,nan,nan,0.57,0.98,14.53,6.99,0.9,20.91,12.2
samples_design_3_dldesign_6_best,0.6,0.54,2.68,nan,nan,nan,0.95,1.9,14.85,7.18,0.9,16.29,9.87
samples_design_3_dldesign_7_best,0.76,0.66,1.91,nan,nan,nan,0.76,1.42,12.4,6.07,0.9,8.78,4.25
samples_design_4_dldesign_0_best,0.48,0.53,2.5,nan,nan,nan,0.88,1.77,16.65,7.98,0.9,26.98,22.13
samples_design_4_dldesign_1_best,0.53,0.37,2.02,nan,nan,nan,0.75,1.44,16.58,7.96,0.91,16.07,9.13
samples_design_4_dldesign_2_best,0.6,0.45,1.94,nan,nan,nan,0.73,1.4,17.55,8.38,0.9,18.15,14.16
samples_design_4_dldesign_3_best,0.81,0.48,1.9,nan,nan,nan,0.72,1.4,15.17,7.3,0.9,8.97,3.11
samples_design_4_dldesign_4_best,0.42,0.47,2.33,nan,nan,nan,0.83,1.65,16.69,7.99,0.9,23.74,20.85
samples_design_4_dldesign_5_best,0.7,0.31,1.89,nan,nan,nan,0.74,1.37,16.37,7.88,0.9,19.46,16.45
samples_design_4_dldesign_6_best,0.47,0.52,1.78,nan,nan,nan,0.69,1.29,16.31,7.8,0.91,19.0,18.84
samples_design_4_dldesign_7_best,0.72,0.52,2.14,nan,nan,nan,0.8,1.55,17.88,8.55,0.9,13.31,11.02
samples_design_5_dldesign_0_best,0.64,0.46,0.77,nan,nan,nan,0.45,0.64,16.19,7.55,0.92,15.81,13.28
samples_design_5_dldesign_1_best,0.63,0.4,0.76,nan,nan,nan,0.46,0.62,16.01,7.48,0.92,15.79,14.58
samples_design_5_dldesign_2_best,0.51,0.6,1.31,nan,nan,nan,0.5,0.89,18.19,8.46,0.91,21.47,15.46
samples_design_5_dldesign_3_best,0.62,0.52,0.55,nan,nan,nan,0.46,0.56,15.74,7.35,0.92,11.37,13.39
samples_design_5_dldesign_4_best,0.46,0.52,0.96,nan,nan,nan,0.49,0.69,16.24,7.58,0.92,21.64,19.17
samples_design_5_dldesign_5_best,0.64,0.52,0.84,nan,nan,nan,0.48,0.68,15.53,7.27,0.92,17.66,18.97
samples_design_5_dldesign_6_best,0.59,0.31,0.61,nan,nan,nan,0.44,0.53,16.11,7.52,0.92,18.39,13.33
samples_design_5_dldesign_7_best,0.71,0.31,0.56,nan,nan,nan,0.43,0.56,16.75,7.81,0.91,18.71,11.59
samples_design_6_dldesign_0_best,0.42,0.66,2.25,nan,nan,nan,0.73,1.46,14.79,7.01,0.91,19.33,14.51
samples_design_6_dldesign_1_best,0.44,0.82,2.16,nan,nan,nan,0.72,1.42,14.29,6.78,0.91,22.33,14.16
samples_design_6_dldesign_2_best,0.75,0.77,2.22,nan,nan,nan,0.75,1.5,14.62,6.93,0.91,20.26,14.32
samples_design_6_dldesign_3_best,0.36,0.76,2.11,nan,nan,nan,0.69,1.38,15.11,7.13,0.91,18.28,15.77
samples_design_6_dldesign_4_best,0.8,0.45,1.55,nan,nan,nan,0.61,1.09,16.27,7.7,0.91,17.0,13.1
samples_design_6_dldesign_5_best,0.54,0.54,1.52,nan,nan,nan,0.58,1.03,14.52,6.92,0.91,12.85,11.86
samples_design_6_dldesign_6_best,0.79,0.59,2.05,nan,nan,nan,0.72,1.38,12.54,6.02,0.91,6.09,4.54
samples_design_6_dldesign_7_best,0.57,0.57,2.16,nan,nan,nan,0.71,1.41,15.58,7.35,0.91,8.56,7.01
samples_design_7_dldesign_0_best,0.6,0.88,3.27,nan,nan,nan,1.06,2.23,12.81,6.2,0.9,18.87,11.09
samples_design_7_dldesign_1_best,0.53,0.65,1.28,nan,nan,nan,0.57,0.95,12.25,5.95,0.9,10.5,5.32
samples_design_7_dldesign_2_best,0.59,0.69,2.87,nan,nan,nan,0.93,1.95,14.92,7.15,0.9,9.86,6.28
samples_design_7_dldesign_3_best,0.47,0.75,1.32,nan,nan,nan,0.57,0.99,15.38,7.35,0.9,13.76,7.27
samples_design_7_dldesign_4_best,0.51,0.94,1.02,nan,nan,nan,0.52,0.87,14.68,7.0,0.91,11.44,7.92
samples_design_7_dldesign_5_best,0.5,0.72,0.94,nan,nan,nan,0.52,0.77,13.99,6.71,0.9,6.39,3.67
samples_design_7_dldesign_6_best,0.48,0.66,1.16,nan,nan,nan,0.54,0.88,12.95,6.26,0.9,9.28,4.75
samples_design_7_dldesign_7_best,0.52,0.65,1.24,nan,nan,nan,0.56,0.93,12.55,6.07,0.91,10.28,5.36
samples_design_8_dldesign_0_best,0.88,0.96,1.09,nan,nan,nan,0.63,0.98,12.33,5.94,0.9,11.01,7.98
samples_design_8_dldesign_1_best,0.4,0.8,0.47,nan,nan,nan,0.47,0.57,8.47,4.23,0.9,10.0,5.91
samples_design_8_dldesign_2_best,0.45,0.9,0.85,nan,nan,nan,0.51,0.75,15.19,7.13,0.91,17.87,12.85
samples_design_8_dldesign_3_best,0.51,0.87,0.87,nan,nan,nan,0.52,0.76,11.53,5.55,0.91,8.99,6.34
samples_design_8_dldesign_4_best,0.49,1.04,0.91,nan,nan,nan,0.53,0.84,15.04,7.06,0.91,22.11,14.03
samples_design_8_dldesign_5_best,0.46,0.85,0.6,nan,nan,nan,0.48,0.65,7.74,3.93,0.9,8.33,5.97
samples_design_8_dldesign_6_best,0.82,1.13,1.93,nan,nan,nan,0.71,1.39,14.0,6.63,0.91,12.81,8.91
samples_design_8_dldesign_7_best,0.79,1.07,3.42,nan,nan,nan,1.01,2.16,15.21,7.2,0.9,18.45,18.92
samples_design_9_dldesign_0_best,0.55,0.6,4.62,nan,nan,nan,1.47,3.16,14.89,7.14,0.91,24.47,18.26
samples_design_9_dldesign_1_best,0.77,0.58,3.32,nan,nan,nan,1.1,2.3,16.48,7.9,0.9,10.33,7.3
samples_design_9_dldesign_2_best,1.06,0.52,3.46,nan,nan,nan,1.19,2.42,11.05,5.52,0.89,24.89,17.0
samples_design_9_dldesign_3_best,0.61,0.48,1.56,nan,nan,nan,0.66,1.13,12.36,6.1,0.89,11.79,5.1
samples_design_9_dldesign_4_best,0.6,0.53,1.51,nan,nan,nan,0.64,1.1,13.64,6.67,0.89,12.13,5.46
samples_design_9_dldesign_5_best,0.84,0.51,2.9,nan,nan,nan,1.0,2.03,12.23,6.03,0.89,9.74,5.09
samples_design_9_dldesign_6_best,0.85,0.4,2.39,nan,nan,nan,0.86,1.7,13.35,6.53,0.89,25.17,15.87
samples_design_9_dldesign_7_best,0.97,0.43,3.38,nan,nan,nan,1.15,2.36,13.3,6.47,0.9,8.81,5.03
samples_design_10_dldesign_0_best,0.79,0.74,1.64,nan,nan,nan,0.6,1.12,16.07,7.51,0.91,17.53,13.95
samples_design_10_dldesign_1_best,1.01,0.49,1.37,nan,nan,nan,0.64,1.02,13.86,6.56,0.91,13.9,8.15
samples_design_10_dldesign_2_best,0.89,0.43,1.59,nan,nan,nan,0.62,1.07,14.3,6.74,0.91,15.11,8.66
samples_design_10_dldesign_3_best,0.81,0.72,2.44,nan,nan,nan,0.75,1.51,15.88,7.46,0.9,12.78,13.37
samples_design_10_dldesign_4_best,0.76,0.83,3.06,nan,nan,nan,0.84,1.84,15.59,7.34,0.9,12.5,14.03
samples_design_10_dldesign_5_best,0.82,0.68,2.61,nan,nan,nan,0.77,1.6,15.7,7.4,0.9,14.01,13.17
samples_design_10_dldesign_6_best,0.99,0.57,1.44,nan,nan,nan,0.67,1.06,13.67,6.48,0.91,14.0,8.08
samples_design_10_dldesign_7_best,0.71,0.46,0.81,nan,nan,nan,0.5,0.68,10.23,5.01,0.9,9.63,5.73
samples_design_11_dldesign_0_best,0.5,0.7,3.97,nan,nan,nan,1.24,2.65,14.24,6.87,0.9,14.33,10.64
samples_design_11_dldesign_1_best,0.51,0.62,3.3,nan,nan,nan,1.05,2.22,15.97,7.62,0.9,10.2,10.85
samples_design_11_dldesign_2_best,0.6,0.58,3.19,nan,nan,nan,1.02,2.15,16.83,8.01,0.9,4.94,5.06
samples_design_11_dldesign_3_best,0.53,0.68,1.01,nan,nan,nan,0.51,0.8,15.97,7.58,0.91,15.96,11.81
samples_design_11_dldesign_4_best,0.44,0.62,3.06,nan,nan,nan,0.98,2.06,14.53,6.93,0.91,13.04,12.02
samples_design_11_dldesign_5_best,0.46,0.61,2.79,nan,nan,nan,0.91,1.88,16.63,7.91,0.91,17.22,11.28
samples_design_11_dldesign_6_best,0.47,0.64,1.05,nan,nan,nan,0.5,0.81,17.31,8.18,0.91,13.1,10.34
samples_design_11_dldesign_7_best,0.51,0.51,2.46,nan,nan,nan,0.83,1.67,13.66,6.58,0.9,5.87,4.18
samples_design_12_dldesign_0_best,0.53,0.6,1.91,nan,nan,nan,0.59,1.11,15.97,7.48,0.91,9.25,10.51
samples_design_12_dldesign_1_best,1.09,0.54,2.02,nan,nan,nan,0.65,1.3,16.06,7.52,0.91,15.41,13.08
samples_design_12_dldesign_2_best,0.5,0.53,2.11,nan,nan,nan,0.62,1.2,15.78,7.39,0.91,14.91,15.51
samples_design_12_dldesign_3_best,0.89,0.6,2.71,nan,nan,nan,0.76,1.57,13.19,6.28,0.91,12.82,7.47
samples_design_12_dldesign_4_best,0.91,0.75,1.95,nan,nan,nan,0.63,1.25,14.83,6.99,0.91,7.87,11.4
samples_design_12_dldesign_5_best,0.64,0.56,2.75,nan,nan,nan,0.71,1.54,13.28,6.29,0.91,11.29,7.03
samples_design_12_dldesign_6_best,0.57,0.67,2.07,nan,nan,nan,0.63,1.21,15.2,7.16,0.9,18.13,20.15
samples_design_12_dldesign_7_best,0.88,0.64,1.59,nan,nan,nan,0.6,1.07,15.8,7.39,0.91,20.06,21.29
samples_design_13_dldesign_0_best,0.93,0.62,1.45,nan,nan,nan,0.57,1.02,16.09,7.53,0.9,12.97,10.02
samples_design_13_dldesign_1_best,1.06,0.42,2.67,nan,nan,nan,0.74,1.58,16.1,7.52,0.9,21.35,20.89
samples_design_13_dldesign_2_best,0.84,0.37,1.09,nan,nan,nan,0.53,0.81,13.6,6.46,0.9,12.55,5.82
samples_design_13_dldesign_3_best,0.93,0.69,2.25,nan,nan,nan,0.73,1.38,14.26,6.73,0.9,9.64,5.27
samples_design_13_dldesign_4_best,0.95,0.59,2.72,nan,nan,nan,0.74,1.59,16.54,7.72,0.91,20.37,14.27
samples_design_13_dldesign_5_best,0.79,0.58,2.71,nan,nan,nan,0.73,1.55,15.26,7.18,0.91,16.44,12.55
samples_design_13_dldesign_6_best,0.91,0.62,1.78,nan,nan,nan,0.64,1.15,15.9,7.44,0.91,15.79,14.14
samples_design_13_dldesign_7_best,0.89,0.4,1.35,nan,nan,nan,0.54,0.93,16.31,7.63,0.9,7.14,4.67
samples_design_14_dldesign_0_best,0.77,0.89,2.49,nan,nan,nan,0.82,1.72,16.44,7.78,0.9,25.0,15.98
samples_design_14_dldesign_1_best,0.63,0.79,2.37,nan,nan,nan,0.8,1.61,16.11,7.62,0.91,11.36,7.4
samples_design_14_dldesign_2_best,0.69,0.93,2.38,nan,nan,nan,0.8,1.65,16.54,7.83,0.91,21.29,12.79
samples_design_14_dldesign_3_best,0.65,0.95,2.55,nan,nan,nan,0.84,1.74,17.27,8.14,0.9,24.05,12.43
samples_design_14_dldesign_4_best,0.81,0.73,1.51,nan,nan,nan,0.63,1.13,13.73,6.61,0.9,8.86,4.5
samples_design_14_dldesign_5_best,0.72,0.85,1.39,nan,nan,nan,0.58,1.08,17.08,8.06,0.9,22.36,19.21
samples_design_14_dldesign_6_best,0.69,0.91,2.07,nan,nan,nan,0.72,1.46,16.81,7.97,0.9,20.08,14.02
samples_design_14_dldesign_7_best,0.73,0.62,1.62,nan,nan,nan,0.64,1.16,11.4,5.58,0.9,5.34,2.65
samples_design_15_dldesign_0_best,0.6,0.45,0.59,nan,nan,nan,0.42,0.55,14.77,6.94,0.91,14.78,9.76
samples_design_15_dldesign_1_best,0.67,0.45,0.89,nan,nan,nan,0.48,0.69,14.55,6.85,0.91,16.04,15.4
samples_design_15_dldesign_2_best,0.75,0.52,0.82,nan,nan,nan,0.46,0.71,16.77,7.82,0.91,5.76,3.51
samples_design_15_dldesign_3_best,0.8,0.51,0.63,nan,nan,nan,0.45,0.67,15.84,7.41,0.91,25.49,21.21
samples_design_15_dldesign_4_best,0.77,0.4,0.59,nan,nan,nan,0.45,0.61,13.94,6.61,0.91,13.57,8.36
samples_design_15_dldesign_5_best,0.55,0.57,0.51,nan,nan,nan,0.41,0.54,16.05,7.5,0.91,17.17,15.09
samples_design_15_dldesign_6_best,0.62,0.47,0.45,nan,nan,nan,0.42,0.52,15.9,7.42,0.91,20.24,13.72
samples_design_15_dldesign_7_best,0.56,0.4,0.42,nan,nan,nan,0.4,0.47,16.42,7.68,0.91,22.09,17.47
samples_design_16_dldesign_0_best,1.04,1.35,3.52,nan,nan,nan,1.29,2.63,11.06,5.49,0.89,11.57,9.74
samples_design_16_dldesign_1_best,0.99,0.95,3.5,nan,nan,nan,1.29,2.57,7.14,3.83,0.89,2.85,3.29
samples_design_16_dldesign_2_best,0.94,1.18,3.68,nan,nan,nan,1.33,2.71,14.72,7.11,0.9,16.65,16.03
samples_design_16_dldesign_3_best,1.0,1.41,3.04,nan,nan,nan,1.15,2.31,15.71,7.58,0.89,14.8,12.9
samples_design_16_dldesign_4_best,0.97,1.21,3.49,nan,nan,nan,1.26,2.59,15.15,7.28,0.91,10.07,6.84
samples_design_16_dldesign_5_best,0.98,1.0,3.65,nan,nan,nan,1.36,2.67,4.38,2.61,0.9,4.64,4.72
samples_design_16_dldesign_6_best,0.73,1.17,3.71,nan,nan,nan,1.33,2.71,8.67,4.44,0.9,5.31,5.46
samples_design_16_dldesign_7_best,1.05,1.26,3.18,nan,nan,nan,1.2,2.39,10.24,5.21,0.89,24.38,19.42
samples_design_17_dldesign_0_best,0.79,0.72,1.93,nan,nan,nan,0.66,1.29,15.97,7.5,0.91,11.61,7.29
samples_design_17_dldesign_1_best,0.51,0.49,1.35,nan,nan,nan,0.56,0.89,14.92,7.06,0.91,12.13,7.96
samples_design_17_dldesign_2_best,0.91,0.89,2.13,nan,nan,nan,0.71,1.46,15.79,7.42,0.91,17.3,15.99
samples_design_17_dldesign_3_best,0.58,0.67,0.54,nan,nan,nan,0.52,0.6,7.64,3.88,0.9,8.81,6.12
samples_design_17_dldesign_4_best,0.51,0.48,1.03,nan,nan,nan,0.52,0.73,12.95,6.16,0.91,13.66,8.45
samples_design_17_dldesign_5_best,0.55,0.53,0.88,nan,nan,nan,0.49,0.68,14.45,6.84,0.91,11.63,6.29
samples_design_17_dldesign_6_best,0.58,0.53,0.48,nan,nan,nan,0.47,0.53,14.52,6.85,0.91,14.31,8.65
samples_design_17_dldesign_7_best,0.48,0.6,0.98,nan,nan,nan,0.51,0.73,13.45,6.41,0.91,14.21,8.69
samples_design_18_dldesign_0_best,0.52,0.56,0.66,nan,nan,nan,0.45,0.6,8.47,4.31,0.9,1.04,0.99
samples_design_18_dldesign_1_best,1.21,0.79,0.85,nan,nan,nan,0.59,0.95,10.61,5.25,0.9,3.33,2.61
samples_design_18_dldesign_2_best,0.44,0.57,0.61,nan,nan,nan,0.45,0.56,12.75,6.21,0.9,4.39,3.34
samples_design_18_dldesign_3_best,0.94,0.76,0.7,nan,nan,nan,0.53,0.79,7.95,4.08,0.9,2.84,1.81
samples_design_18_dldesign_4_best,0.57,0.75,0.73,nan,nan,nan,0.5,0.7,9.45,4.75,0.9,2.07,2.19
samples_design_18_dldesign_5_best,1.33,0.88,0.8,nan,nan,nan,0.59,0.99,9.62,4.81,0.9,2.02,2.06
samples_design_18_dldesign_6_best,0.95,0.56,0.69,nan,nan,nan,0.53,0.75,11.15,5.5,0.9,1.97,2.04
samples_design_18_dldesign_7_best,0.44,0.43,0.66,nan,nan,nan,0.46,0.56,6.12,3.29,0.9,1.25,1.27
samples_design_19_dldesign_0_best,0.79,0.53,2.3,nan,nan,nan,0.84,1.6,13.75,6.59,0.9,9.29,5.69
samples_design_19_dldesign_1_best,0.74,0.67,2.8,nan,nan,nan,0.94,1.92,12.2,5.97,0.89,11.64,4.94
samples_design_19_dldesign_2_best,0.55,0.78,2.34,nan,nan,nan,0.81,1.63,14.75,7.04,0.91,11.56,5.47
samples_design_19_dldesign_3_best,0.63,0.79,1.12,nan,nan,nan,0.58,0.91,12.5,6.07,0.9,14.57,7.51
samples_design_19_dldesign_4_best,0.67,0.53,2.94,nan,nan,nan,0.97,1.99,12.48,6.07,0.9,10.83,4.46
samples_design_19_dldesign_5_best,0.83,0.82,2.87,nan,nan,nan,0.95,1.99,14.63,7.02,0.9,13.71,7.18
samples_design_19_dldesign_6_best,0.63,0.74,2.24,nan,nan,nan,0.77,1.56,16.54,7.84,0.9,12.96,13.45
samples_design_19_dldesign_7_best,0.65,0.72,2.17,nan,nan,nan,0.79,1.52,12.32,5.97,0.9,11.13,4.7
samples_design_20_dldesign_0_best,0.96,0.5,3.2,nan,nan,nan,0.85,1.81,11.07,5.37,0.9,7.96,4.69
samples_design_20_dldesign_1_best,1.02,0.78,1.33,nan,nan,nan,0.57,1.05,15.98,7.47,0.91,15.46,12.57
samples_design_20_dldesign_2_best,0.93,0.52,1.91,nan,nan,nan,0.62,1.2,15.19,7.12,0.91,11.11,6.6
samples_design_20_dldesign_3_best,0.82,0.58,2.94,nan,nan,nan,0.77,1.66,14.36,6.78,0.9,11.33,5.81
samples_design_20_dldesign_4_best,0.87,0.56,3.45,nan,nan,nan,0.89,1.93,13.59,6.44,0.91,9.42,4.09
samples_design_20_dldesign_5_best,1.12,0.75,3.26,nan,nan,nan,0.86,1.91,16.22,7.58,0.91,16.01,16.08
samples_design_20_dldesign_6_best,0.65,0.71,3.07,nan,nan,nan,0.79,1.72,16.09,7.54,0.9,16.69,14.61
samples_design_20_dldesign_7_best,0.92,0.77,3.28,nan,nan,nan,0.84,1.87,15.51,7.25,0.91,14.01,11.9
samples_design_21_dldesign_0_best,0.87,0.49,2.38,nan,nan,nan,0.79,1.62,16.41,7.8,0.9,5.63,4.5
samples_design_21_dldesign_1_best,0.51,0.48,2.2,nan,nan,nan,0.75,1.46,14.6,6.99,0.9,13.61,6.57
samples_design_21_dldesign_2_best,0.81,0.93,2.72,nan,nan,nan,0.92,1.86,10.61,5.28,0.89,15.13,7.17
samples_design_21_dldesign_3_best,0.91,0.48,2.37,nan,nan,nan,0.8,1.62,17.13,8.13,0.9,20.15,18.29
samples_design_21_dldesign_4_best,0.93,0.47,1.96,nan,nan,nan,0.7,1.38,16.47,7.81,0.9,8.19,7.34
samples_design_21_dldesign_5_best,0.71,0.56,1.95,nan,nan,nan,0.72,1.34,11.98,5.84,0.89,14.06,6.4
samples_design_21_dldesign_6_best,0.38,0.77,1.89,nan,nan,nan,0.72,1.29,13.65,6.59,0.89,12.84,5.89
samples_design_21_dldesign_7_best,0.88,0.47,2.09,nan,nan,nan,0.75,1.45,12.99,6.3,0.9,25.37,16.86
samples_design_22_dldesign_0_best,0.44,0.56,0.74,nan,nan,nan,0.43,0.6,15.43,7.22,0.92,24.42,21.71
samples_design_22_dldesign_1_best,0.67,0.57,1.27,nan,nan,nan,0.51,0.9,16.01,7.51,0.91,14.18,15.37
samples_design_22_dldesign_2_best,0.89,0.59,1.43,nan,nan,nan,0.59,1.05,15.77,7.4,0.91,19.9,16.53
samples_design_22_dldesign_3_best,0.47,0.39,0.76,nan,nan,nan,0.42,0.57,15.3,7.16,0.92,20.1,20.47
samples_design_22_dldesign_4_best,0.59,0.5,0.93,nan,nan,nan,0.45,0.71,15.51,7.26,0.92,21.31,21.91
samples_design_22_dldesign_5_best,0.4,0.45,0.55,nan,nan,nan,0.4,0.47,13.73,6.5,0.91,14.15,8.35
samples_design_22_dldesign_6_best,1.16,0.7,1.65,nan,nan,nan,0.68,1.26,14.09,6.69,0.91,13.6,9.01
samples_design_22_dldesign_7_best,0.84,0.67,1.8,nan,nan,nan,0.63,1.23,15.84,7.43,0.91,19.53,14.73
samples_design_23_dldesign_0_best,1.21,0.23,0.92,nan,nan,nan,0.57,0.91,15.45,7.26,0.9,8.7,6.2
samples_design_23_dldesign_1_best,0.49,0.4,1.59,nan,nan,nan,0.53,0.92,15.12,7.06,0.91,14.61,16.33
samples_design_23_dldesign_2_best,0.49,0.45,1.18,nan,nan,nan,0.48,0.74,16.11,7.52,0.91,18.36,16.9
samples_design_23_dldesign_3_best,1.11,0.38,1.17,nan,nan,nan,0.6,0.95,15.31,7.21,0.9,24.39,19.26
samples_design_23_dldesign_4_best,0.88,0.32,1.18,nan,nan,nan,0.54,0.85,15.88,7.43,0.91,17.59,18.73
samples_design_23_dldesign_5_best,1.15,0.38,1.46,nan,nan,nan,0.6,1.07,16.03,7.49,0.91,14.76,14.74
samples_design_23_dldesign_6_best,0.56,0.37,1.53,nan,nan,nan,0.55,0.9,15.68,7.3,0.91,13.13,10.27
samples_design_23_dldesign_7_best,0.56,0.4,1.55,nan,nan,nan,0.55,0.92,16.43,7.64,0.91,23.58,18.44
samples_design_24_dldesign_0_best,0.66,0.67,0.7,nan,nan,nan,0.49,0.68,13.14,6.32,0.91,9.74,4.94
samples_design_24_dldesign_1_best,0.81,0.89,2.47,nan,nan,nan,0.86,1.75,14.35,6.87,0.91,25.22,16.76
samples_design_24_dldesign_2_best,0.72,0.72,2.34,nan,nan,nan,0.82,1.64,13.35,6.44,0.91,11.23,5.22
samples_design_24_dldesign_3_best,0.65,0.79,0.52,nan,nan,nan,0.48,0.64,12.42,6.0,0.91,4.73,4.14
samples_design_24_dldesign_4_best,0.72,0.59,2.31,nan,nan,nan,0.8,1.61,13.25,6.41,0.9,5.54,2.55
samples_design_24_dldesign_5_best,0.48,0.71,2.11,nan,nan,nan,0.75,1.46,13.9,6.72,0.89,7.69,3.8
samples_design_24_dldesign_6_best,0.75,0.56,0.43,nan,nan,nan,0.47,0.58,12.85,6.2,0.91,7.16,3.55
samples_design_24_dldesign_7_best,0.73,0.67,1.98,nan,nan,nan,0.73,1.41,12.97,6.25,0.91,6.77,3.53
samples_design_25_dldesign_0_best,0.62,0.61,5.08,nan,nan,nan,1.66,3.55,15.1,7.29,0.9,18.91,14.4
samples_design_25_dldesign_1_best,0.51,0.74,4.05,nan,nan,nan,1.36,2.84,13.63,6.6,0.91,24.2,17.1
samples_design_25_dldesign_2_best,0.46,0.65,4.16,nan,nan,nan,1.38,2.91,16.58,7.9,0.91,23.58,18.14
samples_design_25_dldesign_3_best,0.39,0.73,4.15,nan,nan,nan,1.38,2.91,16.16,7.68,0.91,8.81,8.42
samples_design_25_dldesign_4_best,0.94,0.58,4.16,nan,nan,nan,1.4,2.94,17.38,8.26,0.91,23.96,18.5
samples_design_25_dldesign_5_best,0.69,0.47,2.16,nan,nan,nan,0.85,1.56,8.23,4.27,0.89,24.75,17.17
samples_design_25_dldesign_6_best,0.46,0.66,4.13,nan,nan,nan,1.37,2.89,16.36,7.78,0.91,23.37,18.1
samples_design_25_dldesign_7_best,0.88,0.6,4.87,nan,nan,nan,1.61,3.42,13.68,6.66,0.89,19.86,15.09
samples_design_26_dldesign_0_best,1.13,0.45,0.73,nan,nan,nan,0.57,0.81,9.58,4.79,0.9,2.75,1.97
samples_design_26_dldesign_1_best,1.35,0.3,0.73,nan,nan,nan,0.57,0.88,5.71,3.15,0.9,1.99,1.16
samples_design_26_dldesign_2_best,1.2,0.28,0.96,nan,nan,nan,0.59,0.93,13.04,6.34,0.9,2.53,2.79
samples_design_26_dldesign_3_best,0.92,0.33,0.66,nan,nan,nan,0.49,0.69,15.48,7.4,0.91,12.63,12.51
samples_design_26_dldesign_4_best,1.29,0.28,0.91,nan,nan,nan,0.6,0.94,14.22,6.83,0.91,22.37,20.77
samples_design_26_dldesign_5_best,1.19,0.29,1.1,nan,nan,nan,0.62,1.0,5.98,3.26,0.9,1.99,2.3
samples_design_26_dldesign_6_best,1.1,0.33,0.75,nan,nan,nan,0.54,0.8,15.76,7.54,0.91,21.15,19.65
samples_design_26_dldesign_7_best,0.88,0.33,0.65,nan,nan,nan,0.53,0.67,14.25,6.85,0.91,7.22,4.95
samples_design_27_dldesign_0_best,0.71,0.69,3.03,nan,nan,nan,1.06,2.16,12.55,6.18,0.89,13.19,6.5
samples_design_27_dldesign_1_best,0.67,1.1,2.34,nan,nan,nan,0.87,1.74,14.49,6.96,0.91,18.15,10.6
samples_design_27_dldesign_2_best,0.63,1.2,2.22,nan,nan,nan,0.85,1.68,15.83,7.55,0.91,13.17,11.24
samples_design_27_dldesign_3_best,0.72,0.72,2.12,nan,nan,nan,0.8,1.56,16.03,7.63,0.91,10.53,11.61
samples_design_27_dldesign_4_best,0.88,0.6,4.2,nan,nan,nan,1.41,2.96,14.07,6.88,0.89,14.11,11.87
samples_design_27_dldesign_5_best,0.72,1.15,2.38,nan,nan,nan,0.89,1.79,14.58,7.03,0.9,19.14,13.02
samples_design_27_dldesign_6_best,0.76,0.79,3.02,nan,nan,nan,1.05,2.16,16.24,7.8,0.9,12.38,12.43
samples_design_27_dldesign_7_best,0.75,0.73,1.44,nan,nan,nan,0.63,1.13,15.67,7.48,0.91,15.97,10.9
samples_design_28_dldesign_0_best,0.77,0.84,1.95,nan,nan,nan,0.72,1.39,12.3,5.98,0.9,13.01,7.07
samples_design_28_dldesign_1_best,0.81,0.65,1.89,nan,nan,nan,0.72,1.33,15.07,7.21,0.9,11.46,5.96
samples_design_28_dldesign_2_best,0.87,0.8,3.21,nan,nan,nan,1.02,2.15,17.57,8.35,0.89,10.66,6.63
samples_design_28_dldesign_3_best,0.65,0.82,1.55,nan,nan,nan,0.59,1.14,16.64,7.88,0.9,14.4,8.21
samples_design_28_dldesign_4_best,0.86,0.74,4.52,nan,nan,nan,1.33,2.95,16.84,8.02,0.9,8.69,6.76
samples_design_28_dldesign_5_best,0.84,0.68,1.48,nan,nan,nan,0.62,1.12,13.02,6.31,0.9,6.44,2.92
samples_design_28_dldesign_6_best,0.76,0.86,1.6,nan,nan,nan,0.64,1.2,16.21,7.72,0.9,24.82,14.45
samples_design_28_dldesign_7_best,0.56,0.54,1.92,nan,nan,nan,0.68,1.3,12.96,6.25,0.9,10.61,4.51
samples_design_29_dldesign_0_best,0.5,0.3,4.52,nan,nan,nan,1.48,3.15,18.05,8.61,0.9,11.75,8.57
samples_design_29_dldesign_1_best,0.49,0.36,4.45,nan,nan,nan,1.47,3.1,17.91,8.52,0.9,16.28,10.31
samples_design_29_dldesign_2_best,0.46,0.37,2.0,nan,nan,nan,0.75,1.42,17.67,8.39,0.91,18.66,17.14
samples_design_29_dldesign_3_best,0.72,0.34,6.18,nan,nan,nan,2.0,4.3,14.93,7.21,0.9,16.45,11.34
samples_design_29_dldesign_4_best,0.55,0.39,6.03,nan,nan,nan,1.95,4.19,14.25,6.92,0.9,14.64,10.72
samples_design_29_dldesign_5_best,0.47,0.43,3.61,nan,nan,nan,1.22,2.52,16.5,7.94,0.9,14.69,9.32
samples_design_29_dldesign_6_best,0.48,0.24,1.63,nan,nan,nan,0.64,1.16,16.62,7.95,0.91,22.41,17.04
samples_design_29_dldesign_7_best,0.66,0.32,2.41,nan,nan,nan,0.87,1.72,15.69,7.52,0.91,11.41,10.75
samples_design_30_dldesign_0_best,0.67,0.55,0.83,nan,nan,nan,0.46,0.71,16.05,7.59,0.91,17.75,12.47
samples_design_30_dldesign_1_best,0.81,0.56,2.73,nan,nan,nan,0.87,1.83,17.84,8.45,0.9,18.76,13.07
samples_design_30_dldesign_2_best,0.64,0.5,2.61,nan,nan,nan,0.84,1.73,16.59,7.86,0.91,10.2,11.48
samples_design_30_dldesign_3_best,0.66,0.41,2.15,nan,nan,nan,0.72,1.44,17.49,8.29,0.9,19.97,13.32
samples_design_30_dldesign_4_best,0.68,0.51,2.17,nan,nan,nan,0.73,1.46,16.96,8.05,0.9,8.23,7.74
samples_design_30_dldesign_5_best,0.66,0.43,2.63,nan,nan,nan,0.84,1.74,16.43,7.81,0.9,16.44,12.57
samples_design_30_dldesign_6_best,0.69,0.45,2.61,nan,nan,nan,0.83,1.73,16.71,7.93,0.9,12.97,11.25
samples_design_30_dldesign_7_best,0.74,0.64,1.96,nan,nan,nan,0.69,1.36,16.13,7.64,0.91,7.4,9.09
samples_design_31_dldesign_0_best,0.95,0.69,1.68,nan,nan,nan,0.66,1.23,15.12,7.14,0.91,26.22,16.79
samples_design_31_dldesign_1_best,0.66,0.74,1.37,nan,nan,nan,0.58,1.01,14.76,6.97,0.91,25.39,16.61
samples_design_31_dldesign_2_best,0.61,0.77,1.31,nan,nan,nan,0.57,0.97,15.75,7.42,0.91,8.49,6.16
samples_design_31_dldesign_3_best,0.65,0.54,0.83,nan,nan,nan,0.53,0.7,11.98,5.8,0.9,13.21,6.69
samples_design_31_dldesign_4_best,0.67,0.59,1.31,nan,nan,nan,0.55,0.95,15.48,7.3,0.91,19.5,19.01
samples_design_31_dldesign_5_best,0.56,0.75,1.06,nan,nan,nan,0.51,0.83,15.55,7.31,0.91,15.17,8.25
samples_design_31_dldesign_6_best,0.92,0.71,1.66,nan,nan,nan,0.65,1.22,15.77,7.43,0.91,24.52,12.63
samples_design_31_dldesign_7_best,0.7,0.82,1.26,nan,nan,nan,0.55,0.98,15.64,7.36,0.91,25.06,12.83
samples_design_32_dldesign_0_best,0.75,0.47,2.5,nan,nan,nan,0.91,1.79,14.48,7.03,0.9,25.42,16.01
samples_design_32_dldesign_1_best,0.42,0.44,2.91,nan,nan,nan,1.0,2.04,14.98,7.23,0.9,26.48,15.72
samples_design_32_dldesign_2_best,0.42,0.41,3.15,nan,nan,nan,1.07,2.21,15.21,7.35,0.9,26.48,15.85
samples_design_32_dldesign_3_best,0.73,0.84,2.9,nan,nan,nan,1.01,2.09,18.91,8.98,0.89,21.69,13.95
samples_design_32_dldesign_4_best,0.56,0.39,5.48,nan,nan,nan,1.78,3.81,14.97,7.27,0.89,5.01,4.77
samples_design_32_dldesign_5_best,0.52,0.47,3.79,nan,nan,nan,1.26,2.65,15.44,7.43,0.9,2.14,3.0
samples_design_32_dldesign_6_best,0.45,0.45,2.1,nan,nan,nan,0.77,1.49,18.09,8.61,0.9,16.81,20.88
samples_design_32_dldesign_7_best,0.79,0.66,5.39,nan,nan,nan,1.76,3.77,18.65,8.81,0.91,11.33,12.11
samples_design_33_dldesign_0_best,0.76,0.75,1.84,nan,nan,nan,0.67,1.28,15.06,7.14,0.91,18.51,15.37
samples_design_33_dldesign_1_best,0.81,0.72,1.59,nan,nan,nan,0.61,1.15,14.75,7.03,0.9,8.78,5.84
samples_design_33_dldesign_2_best,0.77,0.6,1.41,nan,nan,nan,0.59,1.03,16.48,7.75,0.91,21.46,18.88
samples_design_33_dldesign_3_best,0.55,0.75,1.55,nan,nan,nan,0.6,1.09,16.61,7.81,0.91,18.98,17.16
samples_design_33_dldesign_4_best,0.44,0.77,1.28,nan,nan,nan,0.52,0.93,16.27,7.65,0.91,16.77,9.5
samples_design_33_dldesign_5_best,0.83,0.9,1.59,nan,nan,nan,0.65,1.19,15.29,7.21,0.91,25.04,17.67
samples_design_33_dldesign_6_best,0.9,0.58,1.44,nan,nan,nan,0.65,1.08,14.85,7.03,0.91,9.84,5.04
samples_design_33_dldesign_7_best,0.94,0.6,1.59,nan,nan,nan,0.63,1.17,14.39,6.86,0.9,12.8,8.06
samples_design_34_dldesign_0_best,0.96,0.6,2.6,nan,nan,nan,0.69,1.54,18.5,8.58,0.9,23.53,19.87
samples_design_34_dldesign_1_best,1.05,0.57,3.03,nan,nan,nan,0.8,1.76,15.88,7.41,0.91,7.85,8.91
samples_design_34_dldesign_2_best,1.04,0.75,1.4,nan,nan,nan,0.57,1.07,16.04,7.53,0.9,11.05,11.81
samples_design_34_dldesign_3_best,1.06,0.65,3.12,nan,nan,nan,0.81,1.81,15.81,7.41,0.9,14.02,11.54
samples_design_34_dldesign_4_best,1.15,0.71,2.9,nan,nan,nan,0.79,1.74,15.42,7.24,0.91,14.75,12.12
samples_design_34_dldesign_5_best,1.14,0.55,2.65,nan,nan,nan,0.74,1.6,16.53,7.73,0.9,20.38,20.02
samples_design_34_dldesign_6_best,0.86,0.58,3.36,nan,nan,nan,0.84,1.88,16.04,7.48,0.91,23.88,22.19
samples_design_34_dldesign_7_best,0.67,0.61,2.84,nan,nan,nan,0.71,1.59,17.93,8.34,0.9,25.25,18.69
samples_design_35_dldesign_0_best,1.24,0.74,7.1,nan,nan,nan,2.22,4.87,12.04,5.97,0.89,17.58,13.49
samples_design_35_dldesign_1_best,0.81,0.9,2.86,nan,nan,nan,0.99,2.04,16.7,8.01,0.89,19.63,15.05
samples_design_35_dldesign_2_best,0.77,0.62,2.12,nan,nan,nan,0.79,1.53,14.96,7.25,0.89,10.81,4.88
samples_design_35_dldesign_3_best,0.56,0.85,5.16,nan,nan,nan,1.62,3.53,16.01,7.66,0.9,20.69,14.46
samples_design_35_dldesign_4_best,0.87,0.82,4.73,nan,nan,nan,1.52,3.26,14.02,6.79,0.9,24.36,15.78
samples_design_35_dldesign_5_best,1.06,0.62,5.81,nan,nan,nan,1.86,3.99,13.38,6.52,0.89,24.36,16.49
samples_design_35_dldesign_6_best,1.1,0.86,6.48,nan,nan,nan,2.03,4.45,15.21,7.26,0.9,20.63,16.73
samples_design_35_dldesign_7_best,0.77,0.67,4.43,nan,nan,nan,1.42,3.05,16.48,7.87,0.9,5.3,4.98
samples_design_36_dldesign_0_best,0.38,0.56,0.89,nan,nan,nan,0.51,0.72,12.45,6.09,0.9,3.76,2.06
samples_design_36_dldesign_1_best,0.43,0.5,0.89,nan,nan,nan,0.54,0.71,9.51,4.83,0.89,3.35,2.19
samples_design_36_dldesign_2_best,0.42,0.47,0.89,nan,nan,nan,0.48,0.7,15.62,7.45,0.91,15.51,14.4
samples_design_36_dldesign_3_best,0.38,0.53,0.85,nan,nan,nan,0.51,0.68,11.33,5.6,0.9,1.85,1.17
samples_design_36_dldesign_4_best,0.48,0.54,0.97,nan,nan,nan,0.53,0.78,15.15,7.24,0.91,3.61,3.02
samples_design_36_dldesign_5_best,0.42,0.51,0.92,nan,nan,nan,0.5,0.73,14.21,6.83,0.91,3.06,1.6
samples_design_36_dldesign_6_best,0.45,0.62,1.03,nan,nan,nan,0.54,0.82,12.77,6.22,0.91,2.23,1.89
samples_design_36_dldesign_7_best,0.43,0.51,0.9,nan,nan,nan,0.51,0.72,14.93,7.18,0.91,5.86,3.87
samples_design_37_dldesign_0_best,0.81,0.8,2.47,nan,nan,nan,0.92,1.81,14.48,6.98,0.9,3.54,3.08
samples_design_37_dldesign_1_best,0.57,0.99,1.49,nan,nan,nan,0.63,1.18,18.55,8.76,0.9,19.95,16.67
samples_design_37_dldesign_2_best,0.56,0.8,1.2,nan,nan,nan,0.58,0.97,15.11,7.29,0.9,17.24,12.01
samples_design_37_dldesign_3_best,0.67,0.68,2.5,nan,nan,nan,0.92,1.8,16.09,7.68,0.91,9.83,9.26
samples_design_37_dldesign_4_best,0.68,0.65,2.72,nan,nan,nan,0.98,1.95,13.44,6.52,0.91,9.91,9.05
samples_design_37_dldesign_5_best,0.64,0.69,2.59,nan,nan,nan,0.95,1.86,17.91,8.52,0.9,18.78,12.57
samples_design_37_dldesign_6_best,0.81,0.57,2.99,nan,nan,nan,1.07,2.13,13.06,6.35,0.9,15.77,16.46
samples_design_37_dldesign_7_best,0.66,0.54,2.76,nan,nan,nan,0.98,1.96,13.9,6.74,0.9,14.96,15.12
samples_design_38_dldesign_0_best,0.53,0.65,0.72,nan,nan,nan,0.46,0.65,15.79,7.5,0.91,19.08,11.11
samples_design_38_dldesign_1_best,0.57,0.39,0.9,nan,nan,nan,0.49,0.7,14.95,7.12,0.91,13.94,8.39
samples_design_38_dldesign_2_best,0.59,0.61,3.04,nan,nan,nan,0.97,2.05,14.95,7.14,0.9,7.3,8.92
samples_design_38_dldesign_3_best,0.33,0.45,0.98,nan,nan,nan,0.51,0.71,15.85,7.52,0.91,12.66,7.88
samples_design_38_dldesign_4_best,0.61,0.34,0.79,nan,nan,nan,0.46,0.64,14.15,6.77,0.91,11.32,5.8
samples_design_38_dldesign_5_best,0.63,0.36,0.89,nan,nan,nan,0.49,0.71,14.43,6.91,0.91,12.12,6.33
samples_design_38_dldesign_6_best,0.6,0.56,0.74,nan,nan,nan,0.47,0.65,15.77,7.5,0.91,14.34,13.37
samples_design_38_dldesign_7_best,0.5,0.7,0.95,nan,nan,nan,0.48,0.77,15.83,7.5,0.91,15.16,12.46
samples_design_39_dldesign_0_best,0.75,0.68,2.6,nan,nan,nan,0.87,1.8,14.58,6.95,0.91,5.22,5.4
samples_design_39_dldesign_1_best,0.65,0.63,1.01,nan,nan,nan,0.53,0.82,15.2,7.24,0.91,23.87,17.53
samples_design_39_dldesign_2_best,0.79,0.6,1.29,nan,nan,nan,0.63,1.0,12.73,6.18,0.9,10.25,5.66
samples_design_39_dldesign_3_best,0.74,0.48,2.05,nan,nan,nan,0.74,1.43,13.87,6.71,0.89,10.12,4.5
samples_design_39_dldesign_4_best,0.76,0.77,0.91,nan,nan,nan,0.53,0.83,16.84,8.0,0.9,24.78,14.99
samples_design_39_dldesign_5_best,0.77,0.5,2.42,nan,nan,nan,0.83,1.67,14.43,6.96,0.9,10.03,4.41
samples_design_39_dldesign_6_best,0.67,0.68,1.67,nan,nan,nan,0.64,1.21,16.76,7.97,0.9,10.35,7.76
samples_design_39_dldesign_7_best,0.77,0.48,2.06,nan,nan,nan,0.74,1.44,14.27,6.88,0.9,6.79,3.3
samples_design_40_dldesign_0_best,0.93,0.62,1.11,nan,nan,nan,0.53,0.9,10.49,5.1,0.9,10.78,8.33
samples_design_40_dldesign_1_best,0.66,0.75,0.86,nan,nan,nan,0.46,0.75,16.19,7.53,0.91,8.75,8.84
samples_design_40_dldesign_2_best,0.57,0.38,0.79,nan,nan,nan,0.45,0.59,14.7,6.9,0.91,8.73,9.2
samples_design_40_dldesign_3_best,0.63,0.39,0.97,nan,nan,nan,0.49,0.68,16.65,7.73,0.91,11.9,10.17
samples_design_40_dldesign_4_best,0.64,0.44,0.92,nan,nan,nan,0.5,0.68,15.67,7.33,0.91,13.54,15.41
samples_design_40_dldesign_5_best,0.58,0.43,0.94,nan,nan,nan,0.46,0.66,15.26,7.15,0.91,11.21,11.94
samples_design_40_dldesign_6_best,0.59,0.69,0.99,nan,nan,nan,0.47,0.75,15.62,7.29,0.91,16.28,15.15
samples_design_40_dldesign_7_best,0.94,0.67,1.25,nan,nan,nan,0.55,0.96,17.72,8.2,0.91,21.4,27.2
samples_design_41_dldesign_0_best,0.91,0.71,6.03,nan,nan,nan,1.97,4.22,16.87,8.09,0.89,26.63,15.08
samples_design_41_dldesign_1_best,0.97,0.77,6.4,nan,nan,nan,2.08,4.48,11.14,5.57,0.89,16.2,11.4
samples_design_41_dldesign_2_best,0.58,0.82,5.34,nan,nan,nan,1.75,3.73,14.45,7.01,0.9,10.83,9.13
samples_design_41_dldesign_3_best,0.46,0.8,5.0,nan,nan,nan,1.63,3.5,15.04,7.26,0.9,11.17,9.68
samples_design_41_dldesign_4_best,0.65,0.88,3.81,nan,nan,nan,1.29,2.7,15.92,7.7,0.89,6.87,5.48
samples_design_41_dldesign_5_best,0.52,0.72,6.01,nan,nan,nan,1.96,4.19,10.85,5.44,0.89,16.19,11.25
samples_design_41_dldesign_6_best,0.47,0.94,5.51,nan,nan,nan,1.8,3.85,12.65,6.24,0.89,16.3,10.36
samples_design_41_dldesign_7_best,0.58,0.72,3.56,nan,nan,nan,1.2,2.51,14.58,6.98,0.92,6.67,7.36
samples_design_42_dldesign_0_best,0.75,0.87,1.77,nan,nan,nan,0.64,1.23,15.71,7.38,0.91,18.37,15.85
samples_design_42_dldesign_1_best,0.8,0.93,1.97,nan,nan,nan,0.68,1.36,15.81,7.42,0.91,18.44,14.88
samples_design_42_dldesign_2_best,0.83,0.97,2.07,nan,nan,nan,0.72,1.42,15.95,7.48,0.91,19.99,17.14
samples_design_42_dldesign_3_best,0.84,0.77,1.98,nan,nan,nan,0.68,1.34,14.62,6.91,0.91,13.53,8.88
samples_design_42_dldesign_4_best,0.71,0.95,1.71,nan,nan,nan,0.64,1.21,17.05,7.95,0.91,23.42,12.31
samples_design_42_dldesign_5_best,0.97,1.03,1.89,nan,nan,nan,0.71,1.38,15.73,7.39,0.91,23.73,20.76
samples_design_42_dldesign_6_best,0.83,0.99,1.95,nan,nan,nan,0.69,1.36,16.03,7.51,0.91,16.99,15.82
samples_design_42_dldesign_7_best,0.75,0.68,1.76,nan,nan,nan,0.63,1.19,12.24,5.88,0.91,11.7,7.73
samples_design_43_dldesign_0_best,0.55,0.74,0.35,nan,nan,nan,0.45,0.56,15.35,7.2,0.92,21.19,19.79
samples_design_43_dldesign_1_best,0.64,0.62,0.38,nan,nan,nan,0.44,0.56,16.37,7.67,0.91,23.5,21.69
samples_design_43_dldesign_2_best,0.76,0.51,0.9,nan,nan,nan,0.49,0.75,12.28,5.88,0.91,13.06,7.64
samples_design_43_dldesign_3_best,0.64,0.89,1.01,nan,nan,nan,0.5,0.86,16.0,7.5,0.91,18.84,14.05
samples_design_43_dldesign_4_best,0.64,0.41,0.35,nan,nan,nan,0.43,0.49,11.42,5.5,0.91,11.27,6.61
samples_design_43_dldesign_5_best,0.5,0.64,0.31,nan,nan,nan,0.44,0.5,15.12,7.09,0.92,19.13,17.68
samples_design_43_dldesign_6_best,1.0,1.05,1.87,nan,nan,nan,0.7,1.38,15.97,7.48,0.91,19.44,19.36
samples_design_43_dldesign_7_best,0.86,0.92,1.69,nan,nan,nan,0.64,1.23,16.7,7.81,0.91,18.93,14.42
samples_design_44_dldesign_0_best,0.73,0.39,1.97,nan,nan,nan,0.67,1.3,15.57,7.4,0.9,12.89,13.68
samples_design_44_dldesign_1_best,0.63,0.23,1.62,nan,nan,nan,0.57,1.07,17.64,8.27,0.91,5.64,5.47
samples_design_44_dldesign_2_best,0.6,0.54,1.57,nan,nan,nan,0.62,1.07,14.43,6.9,0.9,16.51,12.34
samples_design_44_dldesign_3_best,0.59,0.34,2.28,nan,nan,nan,0.73,1.46,14.73,7.02,0.9,13.59,12.82
samples_design_44_dldesign_4_best,0.81,0.29,1.91,nan,nan,nan,0.66,1.28,15.86,7.52,0.9,12.7,11.74
samples_design_44_dldesign_5_best,0.72,0.24,1.84,nan,nan,nan,0.63,1.21,17.12,8.06,0.9,21.02,11.7
samples_design_44_dldesign_6_best,0.57,0.28,1.52,nan,nan,nan,0.57,1.01,15.2,7.21,0.91,9.79,11.57
samples_design_44_dldesign_7_best,0.53,0.36,1.8,nan,nan,nan,0.62,1.17,14.51,6.91,0.91,14.64,12.99
samples_design_45_dldesign_0_best,0.39,1.02,0.85,nan,nan,nan,0.5,0.79,15.23,7.23,0.91,22.71,12.11
samples_design_45_dldesign_1_best,0.36,0.98,0.94,nan,nan,nan,0.51,0.82,15.41,7.29,0.91,18.7,12.72
samples_design_45_dldesign_2_best,0.55,0.9,0.97,nan,nan,nan,0.53,0.84,15.1,7.19,0.91,17.85,11.06
samples_design_45_dldesign_3_best,0.5,0.85,0.92,nan,nan,nan,0.52,0.8,15.73,7.47,0.91,17.52,13.54
samples_design_45_dldesign_4_best,0.47,0.88,1.01,nan,nan,nan,0.51,0.84,15.59,7.38,0.91,19.2,14.8
samples_design_45_dldesign_5_best,0.46,0.91,0.86,nan,nan,nan,0.5,0.78,14.47,6.92,0.91,18.84,10.43
samples_design_45_dldesign_6_best,0.36,0.74,1.05,nan,nan,nan,0.5,0.81,15.54,7.36,0.91,15.17,12.23
samples_design_45_dldesign_7_best,0.41,0.89,0.88,nan,nan,nan,0.49,0.77,16.11,7.62,0.91,21.67,18.58
samples_design_46_dldesign_0_best,1.2,0.71,3.14,nan,nan,nan,0.83,1.86,15.81,7.38,0.91,15.65,12.72
samples_design_46_dldesign_1_best,1.23,0.58,3.18,nan,nan,nan,0.83,1.87,16.14,7.54,0.9,6.59,3.75
samples_design_46_dldesign_2_best,1.27,0.64,3.28,nan,nan,nan,0.87,1.94,15.14,7.1,0.91,19.62,21.16
samples_design_46_dldesign_3_best,1.21,0.68,3.14,nan,nan,nan,0.85,1.86,15.06,7.07,0.91,10.04,5.13
samples_design_46_dldesign_4_best,1.34,0.66,3.09,nan,nan,nan,0.83,1.87,15.89,7.44,0.9,18.55,13.8
samples_design_46_dldesign_5_best,1.22,0.52,3.03,nan,nan,nan,0.85,1.79,13.2,6.29,0.9,14.98,10.37
samples_design_46_dldesign_6_best,1.24,0.57,3.26,nan,nan,nan,0.87,1.91,15.37,7.2,0.91,8.99,4.65
samples_design_46_dldesign_7_best,1.09,0.53,3.17,nan,nan,nan,0.85,1.83,12.22,5.87,0.9,10.01,4.29
samples_design_47_dldesign_0_best,0.97,0.87,0.81,nan,nan,nan,0.55,0.87,15.34,7.35,0.91,22.51,20.67
samples_design_47_dldesign_1_best,0.65,0.7,1.81,nan,nan,nan,0.75,1.37,15.17,7.3,0.91,5.89,5.81
samples_design_47_dldesign_2_best,1.1,0.85,0.89,nan,nan,nan,0.61,0.94,11.29,5.56,0.9,1.89,1.89
samples_design_47_dldesign_3_best,0.46,0.68,0.88,nan,nan,nan,0.51,0.74,7.45,3.91,0.9,4.0,1.63
samples_design_47_dldesign_4_best,0.99,0.86,0.83,nan,nan,nan,0.57,0.88,15.04,7.21,0.91,9.17,9.74
samples_design_47_dldesign_5_best,0.47,0.85,0.9,nan,nan,nan,0.51,0.79,11.23,5.55,0.9,2.18,2.25
samples_design_47_dldesign_6_best,0.64,0.86,0.89,nan,nan,nan,0.55,0.82,11.89,5.82,0.9,2.32,2.15
samples_design_47_dldesign_7_best,1.19,0.89,0.81,nan,nan,nan,0.59,0.94,14.58,7.01,0.91,7.88,6.32
samples_design_48_dldesign_0_best,0.35,0.74,0.65,nan,nan,nan,0.45,0.6,16.37,7.69,0.91,25.24,15.71
samples_design_48_dldesign_1_best,0.3,0.5,1.1,nan,nan,nan,0.51,0.75,14.24,6.77,0.91,11.13,7.78
samples_design_48_dldesign_2_best,0.52,0.51,0.64,nan,nan,nan,0.44,0.57,9.13,4.57,0.9,8.63,5.33
samples_design_48_dldesign_3_best,0.79,0.61,0.73,nan,nan,nan,0.5,0.72,16.23,7.61,0.91,24.32,18.47
samples_design_48_dldesign_4_best,0.35,0.43,0.82,nan,nan,nan,0.45,0.59,12.18,5.88,0.91,9.92,6.3
samples_design_48_dldesign_5_best,0.42,0.67,0.67,nan,nan,nan,0.45,0.6,16.52,7.76,0.91,22.59,15.69
samples_design_48_dldesign_6_best,0.37,0.7,1.85,nan,nan,nan,0.65,1.22,15.31,7.22,0.91,15.73,14.17
samples_design_48_dldesign_7_best,0.47,0.44,0.78,nan,nan,nan,0.47,0.6,9.8,4.86,0.9,5.14,2.44
samples_design_49_dldesign_0_best,0.38,0.95,3.86,nan,nan,nan,1.26,2.67,13.79,6.63,0.91,18.26,11.66
samples_design_49_dldesign_1_best,0.44,0.91,1.47,nan,nan,nan,0.6,1.12,17.49,8.29,0.9,24.26,15.97
samples_design_49_dldesign_2_best,0.36,0.92,3.54,nan,nan,nan,1.16,2.45,14.25,6.85,0.9,19.38,11.76
samples_design_49_dldesign_3_best,0.36,1.04,3.83,nan,nan,nan,1.26,2.65,11.58,5.72,0.9,16.86,10.61
samples_design_49_dldesign_4_best,0.5,0.86,3.81,nan,nan,nan,1.24,2.63,15.9,7.57,0.91,15.82,10.74
samples_design_49_dldesign_5_best,0.44,0.89,2.1,nan,nan,nan,0.77,1.51,14.87,7.13,0.91,15.42,10.39
samples_design_49_dldesign_6_best,0.4,0.9,4.14,nan,nan,nan,1.34,2.85,14.89,7.13,0.91,15.76,11.28
samples_design_49_dldesign_7_best,0.49,0.87,3.86,nan,nan,nan,1.25,2.66,16.09,7.65,0.91,14.55,11.05
samples_design_0_dldesign_0_best,0.86,0.46,5.11,nan,nan,nan,1.62,3.5,14.3,6.95,0.9,11.81,13.62
samples_design_0_dldesign_1_best,0.79,0.5,4.36,nan,nan,nan,1.4,2.99,15.55,7.46,0.9,12.21,12.67
samples_design_0_dldesign_2_best,0.77,0.49,4.98,nan,nan,nan,1.58,3.41,14.42,6.97,0.9,17.2,12.81
samples_design_0_dldesign_3_best,0.66,0.49,5.18,nan,nan,nan,1.63,3.53,15.1,7.24,0.9,15.1,13.1
samples_design_0_dldesign_4_best,0.79,0.48,5.09,nan,nan,nan,1.6,3.48,16.1,7.77,0.9,10.2,11.25
samples_design_0_dldesign_5_best,0.47,0.34,2.67,nan,nan,nan,0.9,1.83,17.25,8.26,0.9,22.08,15.59
samples_design_0_dldesign_6_best,0.75,0.67,2.22,nan,nan,nan,0.8,1.59,17.91,8.56,0.89,19.07,14.91
samples_design_0_dldesign_7_best,0.94,0.49,5.22,nan,nan,nan,1.65,3.58,14.67,7.1,0.9,15.93,12.95
samples_design_1_dldesign_0_best,1.0,0.62,1.95,nan,nan,nan,0.75,1.41,12.67,6.15,0.9,13.89,6.36
samples_design_1_dldesign_1_best,1.44,0.56,3.19,nan,nan,nan,1.05,2.21,13.7,6.58,0.91,25.66,16.42
samples_design_1_dldesign_2_best,1.17,0.57,1.32,nan,nan,nan,0.63,1.11,13.63,6.58,0.9,10.21,4.28
samples_design_1_dldesign_3_best,0.73,0.52,2.4,nan,nan,nan,0.79,1.62,16.64,7.88,0.9,9.52,6.42
samples_design_1_dldesign_4_best,0.65,0.73,2.52,nan,nan,nan,0.84,1.7,12.39,5.98,0.91,11.8,4.96
samples_design_1_dldesign_5_best,0.67,0.66,1.74,nan,nan,nan,0.66,1.22,16.07,7.59,0.91,24.6,15.08
samples_design_1_dldesign_6_best,1.42,0.65,1.28,nan,nan,nan,0.68,1.2,14.35,6.87,0.9,8.55,3.86
samples_design_1_dldesign_7_best,0.6,0.6,1.53,nan,nan,nan,0.62,1.08,12.45,6.05,0.9,8.8,3.52
samples_design_2_dldesign_0_best,0.79,0.51,0.46,nan,nan,nan,0.47,0.62,15.92,7.45,0.91,19.69,17.3
samples_design_2_dldesign_1_best,0.93,0.7,0.62,nan,nan,nan,0.52,0.77,16.38,7.69,0.9,14.03,13.83
samples_design_2_dldesign_2_best,0.31,0.73,0.83,nan,nan,nan,0.49,0.65,15.72,7.36,0.91,16.63,12.81
samples_design_2_dldesign_3_best,0.42,0.65,0.5,nan,nan,nan,0.46,0.53,16.27,7.58,0.91,16.8,17.39
samples_design_2_dldesign_4_best,0.71,0.44,0.36,nan,nan,nan,0.47,0.54,14.99,7.05,0.91,20.45,13.64
samples_design_2_dldesign_5_best,0.7,0.4,0.38,nan,nan,nan,0.47,0.53,15.07,7.06,0.91,11.13,7.73
samples_design_2_dldesign_6_best,0.46,0.63,0.74,nan,nan,nan,0.49,0.61,16.37,7.65,0.91,18.3,19.12
samples_design_2_dldesign_7_best,0.65,0.51,0.43,nan,nan,nan,0.45,0.54,15.7,7.32,0.92,16.03,14.95
samples_design_3_dldesign_0_best,0.72,0.84,1.08,nan,nan,nan,0.59,0.9,13.3,6.36,0.9,11.69,5.29
samples_design_3_dldesign_1_best,0.56,0.71,1.69,nan,nan,nan,0.62,1.15,15.75,7.43,0.91,12.08,8.49
samples_design_3_dldesign_2_best,0.71,0.67,1.56,nan,nan,nan,0.63,1.11,15.61,7.38,0.9,3.49,4.08
samples_design_3_dldesign_3_best,0.57,0.7,1.59,nan,nan,nan,0.63,1.1,12.22,5.93,0.89,3.89,3.1
samples_design_3_dldesign_4_best,0.59,0.59,1.27,nan,nan,nan,0.57,0.91,13.34,6.41,0.9,10.3,4.52
samples_design_3_dldesign_5_best,0.7,0.76,1.0,nan,nan,nan,0.59,0.84,12.31,5.94,0.9,12.55,6.53
samples_design_3_dldesign_6_best,0.54,0.6,1.46,nan,nan,nan,0.58,1.01,17.87,8.34,0.91,20.22,24.12
samples_design_3_dldesign_7_best,0.59,0.85,1.0,nan,nan,nan,0.55,0.84,12.06,5.83,0.9,4.39,3.29
samples_design_4_dldesign_0_best,0.97,0.85,0.56,nan,nan,nan,0.5,0.76,16.99,8.06,0.91,35.98,32.9
samples_design_4_dldesign_1_best,1.33,0.85,0.66,nan,nan,nan,0.6,0.93,12.62,6.14,0.91,4.87,4.7
samples_design_4_dldesign_2_best,0.59,0.69,0.43,nan,nan,nan,0.42,0.55,15.08,7.22,0.91,23.19,21.61
samples_design_4_dldesign_3_best,0.54,0.72,0.58,nan,nan,nan,0.49,0.61,13.05,6.33,0.91,23.57,18.87
samples_design_4_dldesign_4_best,0.57,0.69,0.46,nan,nan,nan,0.45,0.55,15.26,7.31,0.91,16.81,16.33
samples_design_4_dldesign_5_best,0.53,0.6,0.68,nan,nan,nan,0.52,0.62,6.58,3.49,0.9,1.31,1.07
samples_design_4_dldesign_6_best,0.57,0.71,0.56,nan,nan,nan,0.48,0.6,13.34,6.44,0.91,23.69,18.55
samples_design_4_dldesign_7_best,0.92,0.88,0.5,nan,nan,nan,0.51,0.73,15.92,7.6,0.91,4.52,3.25
samples_design_5_dldesign_0_best,0.53,0.45,0.28,nan,nan,nan,0.43,0.44,16.12,7.52,0.91,14.67,15.58
samples_design_5_dldesign_1_best,0.51,0.52,0.67,nan,nan,nan,0.48,0.57,15.81,7.42,0.91,15.88,14.56
samples_design_5_dldesign_2_best,0.65,0.3,3.76,nan,nan,nan,0.97,2.16,16.92,7.91,0.9,14.04,11.69
samples_design_5_dldesign_3_best,0.47,0.59,0.36,nan,nan,nan,0.43,0.48,15.5,7.24,0.91,9.95,12.57
samples_design_5_dldesign_4_best,0.59,0.4,3.91,nan,nan,nan,0.99,2.24,16.3,7.64,0.9,11.32,12.24
samples_design_5_dldesign_5_best,0.43,0.41,0.46,nan,nan,nan,0.43,0.43,16.0,7.45,0.92,18.89,15.66
samples_design_5_dldesign_6_best,0.59,0.5,3.89,nan,nan,nan,1.0,2.23,15.86,7.48,0.9,16.89,14.99
samples_design_5_dldesign_7_best,0.6,0.41,0.59,nan,nan,nan,0.45,0.54,13.39,6.36,0.91,12.11,7.36
samples_design_6_dldesign_0_best,0.74,1.2,1.65,nan,nan,nan,0.66,1.25,15.82,7.41,0.91,18.7,18.76
samples_design_6_dldesign_1_best,0.5,0.95,1.39,nan,nan,nan,0.58,1.01,13.32,6.37,0.9,13.72,8.7
samples_design_6_dldesign_2_best,0.67,1.02,2.2,nan,nan,nan,0.72,1.47,16.84,7.89,0.91,20.17,13.01
samples_design_6_dldesign_3_best,0.42,0.68,0.75,nan,nan,nan,0.5,0.63,11.81,5.68,0.91,8.27,4.96
samples_design_6_dldesign_4_best,0.41,0.65,0.4,nan,nan,nan,0.46,0.49,11.62,5.59,0.91,11.74,7.21
samples_design_6_dldesign_5_best,0.54,0.95,1.75,nan,nan,nan,0.64,1.2,14.93,7.06,0.9,9.92,6.9
samples_design_6_dldesign_6_best,0.66,1.03,1.55,nan,nan,nan,0.62,1.15,17.82,8.28,0.91,23.61,21.53
samples_design_6_dldesign_7_best,0.84,0.78,1.16,nan,nan,nan,0.54,0.95,16.61,7.76,0.91,4.18,2.8
samples_design_7_dldesign_0_best,1.07,0.56,0.73,nan,nan,nan,0.55,0.81,13.25,6.42,0.91,4.1,3.27
samples_design_7_dldesign_1_best,1.38,0.76,0.73,nan,nan,nan,0.6,0.96,14.77,7.1,0.91,4.51,3.9
samples_design_7_dldesign_2_best,1.02,0.38,0.62,nan,nan,nan,0.53,0.71,12.41,6.05,0.91,0.96,1.11
samples_design_7_dldesign_3_best,1.09,0.33,0.65,nan,nan,nan,0.55,0.75,11.69,5.74,0.9,1.51,1.58
samples_design_7_dldesign_4_best,1.12,0.61,0.77,nan,nan,nan,0.57,0.85,14.24,6.85,0.91,4.63,4.48
samples_design_7_dldesign_5_best,1.1,0.54,0.85,nan,nan,nan,0.57,0.87,13.4,6.48,0.91,5.17,5.04
samples_design_7_dldesign_6_best,1.01,0.5,0.88,nan,nan,nan,0.56,0.85,13.93,6.72,0.9,4.48,3.77
samples_design_7_dldesign_7_best,0.84,0.32,0.69,nan,nan,nan,0.53,0.67,9.43,4.74,0.9,0.98,0.96
samples_design_8_dldesign_0_best,0.59,0.67,0.69,nan,nan,nan,0.5,0.66,13.38,6.45,0.9,10.92,4.91
samples_design_8_dldesign_1_best,0.87,0.66,0.81,nan,nan,nan,0.56,0.79,12.71,6.15,0.9,8.89,3.62
samples_design_8_dldesign_2_best,0.68,0.89,2.28,nan,nan,nan,0.82,1.61,13.11,6.33,0.9,12.9,5.76
samples_design_8_dldesign_3_best,0.69,0.62,0.37,nan,nan,nan,0.47,0.55,12.77,6.16,0.91,12.25,5.72
samples_design_8_dldesign_4_best,0.78,0.72,2.61,nan,nan,nan,0.9,1.81,12.99,6.29,0.9,10.17,4.32
samples_design_8_dldesign_5_best,0.73,0.72,0.61,nan,nan,nan,0.51,0.68,11.07,5.43,0.9,3.77,3.59
samples_design_8_dldesign_6_best,0.77,0.85,0.64,nan,nan,nan,0.54,0.74,11.4,5.57,0.9,2.69,1.83
samples_design_8_dldesign_7_best,0.7,0.62,0.42,nan,nan,nan,0.49,0.57,12.44,6.02,0.91,8.98,4.57
samples_design_9_dldesign_0_best,1.22,1.03,1.75,nan,nan,nan,0.72,1.36,16.5,7.76,0.9,16.31,17.59
samples_design_9_dldesign_1_best,1.0,0.97,4.49,nan,nan,nan,1.16,2.65,15.78,7.44,0.9,16.19,14.43
samples_design_9_dldesign_2_best,0.88,0.9,0.62,nan,nan,nan,0.58,0.81,12.7,6.06,0.91,12.23,7.52
samples_design_9_dldesign_3_best,0.52,0.92,0.56,nan,nan,nan,0.46,0.68,15.48,7.26,0.91,10.62,7.08
samples_design_9_dldesign_4_best,0.85,0.86,0.66,nan,nan,nan,0.56,0.8,11.11,5.39,0.9,9.5,5.62
samples_design_9_dldesign_5_best,0.91,0.89,0.45,nan,nan,nan,0.57,0.79,12.83,6.11,0.91,11.84,7.19
samples_design_9_dldesign_6_best,0.65,1.0,1.0,nan,nan,nan,0.51,0.89,15.75,7.37,0.91,15.7,14.57
samples_design_9_dldesign_7_best,0.81,0.87,0.65,nan,nan,nan,0.55,0.78,14.03,6.65,0.91,11.04,7.23
samples_design_10_dldesign_0_best,0.8,0.61,3.38,nan,nan,nan,1.2,2.44,14.09,6.82,0.9,12.23,11.18
samples_design_10_dldesign_1_best,0.8,0.65,3.05,nan,nan,nan,1.09,2.22,14.73,7.11,0.9,12.96,9.6
samples_design_10_dldesign_2_best,0.82,0.64,2.73,nan,nan,nan,1.0,2.0,15.57,7.44,0.91,10.48,9.7
samples_design_10_dldesign_3_best,0.78,0.65,3.15,nan,nan,nan,1.12,2.28,15.98,7.62,0.91,9.6,8.61
samples_design_10_dldesign_4_best,0.72,0.59,3.06,nan,nan,nan,1.1,2.22,13.87,6.71,0.9,13.05,9.98
samples_design_10_dldesign_5_best,0.78,0.59,2.93,nan,nan,nan,1.06,2.13,15.39,7.38,0.91,11.76,9.77
samples_design_10_dldesign_6_best,0.49,0.95,1.56,nan,nan,nan,0.65,1.22,16.96,8.14,0.9,16.71,16.46
samples_design_10_dldesign_7_best,0.55,0.73,1.45,nan,nan,nan,0.64,1.12,13.58,6.56,0.91,8.5,9.08
samples_design_11_dldesign_0_best,0.76,0.61,1.65,nan,nan,nan,0.61,1.12,11.52,5.55,0.91,13.65,8.41
samples_design_11_dldesign_1_best,1.17,0.52,0.87,nan,nan,nan,0.58,0.91,15.81,7.38,0.92,15.78,16.02
samples_design_11_dldesign_2_best,1.32,0.46,0.7,nan,nan,nan,0.58,0.92,14.25,6.72,0.91,13.45,9.25
samples_design_11_dldesign_3_best,1.22,0.34,0.55,nan,nan,nan,0.57,0.81,12.55,5.98,0.91,12.54,7.91
samples_design_11_dldesign_4_best,1.14,0.54,1.25,nan,nan,nan,0.6,1.04,15.81,7.4,0.91,10.85,12.62
samples_design_11_dldesign_5_best,1.15,0.35,0.47,nan,nan,nan,0.57,0.76,15.37,7.19,0.92,10.43,13.85
samples_design_11_dldesign_6_best,1.23,0.61,0.79,nan,nan,nan,0.58,0.92,15.8,7.37,0.92,21.91,22.65
samples_design_11_dldesign_7_best,1.19,0.62,0.62,nan,nan,nan,0.58,0.86,15.44,7.22,0.92,20.51,19.49
samples_design_12_dldesign_0_best,1.05,0.82,2.5,nan,nan,nan,0.83,1.72,13.0,6.23,0.91,17.34,12.48
samples_design_12_dldesign_1_best,0.95,0.71,2.49,nan,nan,nan,0.8,1.67,14.21,6.75,0.91,15.58,12.76
samples_design_12_dldesign_2_best,1.07,0.74,2.45,nan,nan,nan,0.82,1.68,13.28,6.35,0.91,17.14,12.48
samples_design_12_dldesign_3_best,0.87,0.46,2.53,nan,nan,nan,0.81,1.66,13.84,6.58,0.91,15.31,13.25
samples_design_12_dldesign_4_best,1.01,0.77,2.45,nan,nan,nan,0.82,1.67,13.53,6.46,0.91,16.23,12.44
samples_design_12_dldesign_5_best,1.01,0.73,2.49,nan,nan,nan,0.82,1.69,12.59,6.07,0.91,16.44,12.16
samples_design_12_dldesign_6_best,1.08,0.78,2.42,nan,nan,nan,0.82,1.67,13.09,6.27,0.91,17.1,12.55
samples_design_12_dldesign_7_best,0.98,0.74,2.46,nan,nan,nan,0.81,1.67,14.31,6.8,0.91,10.62,12.52
samples_design_13_dldesign_0_best,0.89,0.75,3.55,nan,nan,nan,1.26,2.58,13.78,6.69,0.9,11.47,10.61
samples_design_13_dldesign_1_best,0.63,0.78,3.28,nan,nan,nan,1.16,2.37,15.4,7.42,0.9,13.6,12.99
samples_design_13_dldesign_2_best,0.6,0.62,3.24,nan,nan,nan,1.15,2.33,11.68,5.78,0.9,23.86,19.26
samples_design_13_dldesign_3_best,0.75,0.74,3.56,nan,nan,nan,1.25,2.57,14.94,7.21,0.9,10.66,9.56
samples_design_13_dldesign_4_best,0.63,0.92,3.58,nan,nan,nan,1.25,2.59,18.37,8.69,0.91,22.0,18.11
samples_design_13_dldesign_5_best,0.71,0.69,3.3,nan,nan,nan,1.18,2.38,13.84,6.73,0.89,13.69,13.77
samples_design_13_dldesign_6_best,0.81,0.85,3.58,nan,nan,nan,1.27,2.6,10.06,5.1,0.89,13.95,13.94
samples_design_13_dldesign_7_best,0.62,0.81,3.6,nan,nan,nan,1.26,2.6,17.27,8.22,0.9,13.41,7.56
samples_design_14_dldesign_0_best,0.78,0.84,1.5,nan,nan,nan,0.6,1.08,15.79,7.38,0.91,9.93,8.58
samples_design_14_dldesign_1_best,0.72,0.98,1.84,nan,nan,nan,0.62,1.25,15.97,7.48,0.91,15.99,10.97
samples_design_14_dldesign_2_best,0.84,1.01,1.53,nan,nan,nan,0.61,1.15,15.83,7.4,0.91,15.93,10.81
samples_design_14_dldesign_3_best,0.78,0.77,1.67,nan,nan,nan,0.61,1.14,15.66,7.32,0.91,10.78,8.01
samples_design_14_dldesign_4_best,0.63,0.9,1.41,nan,nan,nan,0.59,1.02,14.27,6.75,0.91,10.6,7.12
samples_design_14_dldesign_5_best,0.84,0.89,1.77,nan,nan,nan,0.65,1.23,15.69,7.34,0.91,16.15,15.92
samples_design_14_dldesign_6_best,0.86,1.09,1.59,nan,nan,nan,0.62,1.2,15.79,7.39,0.91,10.62,11.13
samples_design_14_dldesign_7_best,0.92,0.79,1.18,nan,nan,nan,0.6,0.98,14.22,6.71,0.91,12.15,7.72
samples_design_15_dldesign_0_best,1.12,0.92,2.06,nan,nan,nan,0.72,1.47,15.9,7.44,0.91,22.88,14.9
samples_design_15_dldesign_1_best,0.45,0.43,0.52,nan,nan,nan,0.41,0.47,6.41,3.37,0.9,10.7,6.3
samples_design_15_dldesign_2_best,1.17,0.78,2.3,nan,nan,nan,0.78,1.59,15.12,7.11,0.91,18.91,14.37
samples_design_15_dldesign_3_best,0.64,0.84,1.55,nan,nan,nan,0.57,1.09,16.73,7.84,0.91,11.86,14.85
samples_design_15_dldesign_4_best,1.12,0.78,1.88,nan,nan,nan,0.68,1.37,15.14,7.11,0.91,10.18,11.86
samples_design_15_dldesign_5_best,1.17,1.02,1.9,nan,nan,nan,0.73,1.43,15.5,7.27,0.91,26.5,23.73
samples_design_15_dldesign_6_best,0.76,0.25,0.91,nan,nan,nan,0.44,0.72,4.63,2.62,0.9,10.33,7.02
samples_design_15_dldesign_7_best,1.11,0.98,2.16,nan,nan,nan,0.75,1.53,16.03,7.5,0.91,23.39,18.76
samples_design_16_dldesign_0_best,0.57,0.8,1.26,nan,nan,nan,0.56,0.99,15.69,7.47,0.91,11.42,8.26
samples_design_16_dldesign_1_best,0.65,0.79,1.43,nan,nan,nan,0.62,1.11,15.0,7.19,0.91,8.8,10.24
samples_design_16_dldesign_2_best,0.6,0.66,1.7,nan,nan,nan,0.67,1.24,15.36,7.36,0.91,9.84,7.83
samples_design_16_dldesign_3_best,0.56,0.73,1.87,nan,nan,nan,0.73,1.35,14.83,7.11,0.91,14.89,9.41
samples_design_16_dldesign_4_best,0.53,0.47,1.51,nan,nan,nan,0.62,1.09,9.83,4.93,0.9,8.81,3.74
samples_design_16_dldesign_5_best,0.97,0.77,2.46,nan,nan,nan,0.89,1.79,16.4,7.81,0.91,3.52,4.52
samples_design_16_dldesign_6_best,0.45,0.66,1.45,nan,nan,nan,0.59,1.06,16.25,7.72,0.91,16.47,15.53
samples_design_16_dldesign_7_best,0.72,0.77,1.07,nan,nan,nan,0.53,0.9,17.41,8.26,0.9,12.39,9.86
samples_design_17_dldesign_0_best,0.58,0.37,1.18,nan,nan,nan,0.55,0.91,15.2,7.3,0.91,13.82,15.31
samples_design_17_dldesign_1_best,0.82,0.41,1.09,nan,nan,nan,0.57,0.9,16.85,8.01,0.91,19.99,18.78
samples_design_17_dldesign_2_best,0.79,0.51,0.89,nan,nan,nan,0.53,0.79,16.0,7.63,0.91,16.56,16.23
samples_design_17_dldesign_3_best,0.93,0.44,0.95,nan,nan,nan,0.56,0.86,16.71,7.96,0.91,14.83,16.41
samples_design_17_dldesign_4_best,0.49,0.37,0.94,nan,nan,nan,0.52,0.73,13.91,6.72,0.91,7.68,7.29
samples_design_17_dldesign_5_best,0.84,0.48,1.24,nan,nan,nan,0.61,1.01,14.76,7.11,0.91,14.22,15.95
samples_design_17_dldesign_6_best,0.45,0.51,1.01,nan,nan,nan,0.52,0.79,17.16,8.15,0.91,12.75,12.82
samples_design_17_dldesign_7_best,0.74,0.29,1.19,nan,nan,nan,0.56,0.94,14.78,7.12,0.91,15.1,17.04
samples_design_18_dldesign_0_best,0.74,0.61,2.15,nan,nan,nan,0.76,1.51,12.99,6.27,0.91,6.97,3.85
samples_design_18_dldesign_1_best,0.75,0.5,2.39,nan,nan,nan,0.82,1.65,14.61,7.01,0.9,23.06,16.15
samples_design_18_dldesign_2_best,0.77,0.42,2.26,nan,nan,nan,0.79,1.56,13.86,6.64,0.91,10.05,5.04
samples_design_18_dldesign_3_best,0.72,0.68,2.06,nan,nan,nan,0.75,1.46,13.59,6.51,0.91,8.09,4.29
samples_design_18_dldesign_4_best,0.81,0.79,2.14,nan,nan,nan,0.78,1.53,12.47,6.02,0.91,4.03,4.08
samples_design_18_dldesign_5_best,0.83,0.48,2.29,nan,nan,nan,0.8,1.59,13.24,6.35,0.91,5.4,3.24
samples_design_18_dldesign_6_best,0.67,0.53,0.63,nan,nan,nan,0.48,0.62,12.75,6.17,0.9,5.35,3.88
samples_design_18_dldesign_7_best,0.78,0.6,2.23,nan,nan,nan,0.79,1.56,14.24,6.8,0.91,9.19,4.66
samples_design_19_dldesign_0_best,0.72,0.57,2.84,nan,nan,nan,0.97,1.98,15.4,7.45,0.89,9.11,4.62
samples_design_19_dldesign_1_best,0.57,0.55,1.74,nan,nan,nan,0.72,1.25,15.22,7.36,0.89,10.09,10.01
samples_design_19_dldesign_2_best,0.61,0.75,4.95,nan,nan,nan,1.57,3.39,14.21,6.88,0.9,12.83,11.92
samples_design_19_dldesign_3_best,0.69,0.69,5.24,nan,nan,nan,1.64,3.58,13.94,6.76,0.89,9.7,8.48
samples_design_19_dldesign_4_best,0.61,0.5,1.47,nan,nan,nan,0.63,1.08,15.37,7.45,0.89,8.8,4.96
samples_design_19_dldesign_5_best,0.64,0.56,5.26,nan,nan,nan,1.66,3.59,16.37,7.84,0.89,10.84,8.94
samples_design_19_dldesign_6_best,0.79,0.63,5.32,nan,nan,nan,1.68,3.64,15.22,7.34,0.89,17.26,10.83
samples_design_19_dldesign_7_best,0.95,0.52,4.61,nan,nan,nan,1.49,3.17,10.95,5.46,0.89,25.02,16.98
samples_design_20_dldesign_0_best,0.64,0.67,2.63,nan,nan,nan,0.72,1.49,16.08,7.52,0.91,15.56,12.7
samples_design_20_dldesign_1_best,0.76,0.54,2.57,nan,nan,nan,0.7,1.47,15.96,7.47,0.91,7.73,7.43
samples_design_20_dldesign_2_best,0.76,0.53,1.46,nan,nan,nan,0.55,0.95,15.41,7.23,0.91,9.48,6.03
samples_design_20_dldesign_3_best,0.86,0.51,2.65,nan,nan,nan,0.73,1.52,16.09,7.51,0.91,8.98,8.11
samples_design_20_dldesign_4_best,0.5,0.69,3.33,nan,nan,nan,0.83,1.82,15.52,7.26,0.91,12.92,12.72
samples_design_20_dldesign_5_best,0.95,0.47,2.56,nan,nan,nan,0.74,1.5,14.61,6.89,0.91,13.89,6.23
samples_design_20_dldesign_6_best,0.87,0.41,2.14,nan,nan,nan,0.66,1.28,15.53,7.28,0.91,14.86,8.8
samples_design_20_dldesign_7_best,0.5,0.61,3.27,nan,nan,nan,0.83,1.78,16.09,7.51,0.91,13.11,8.1
samples_design_21_dldesign_0_best,0.43,0.86,3.31,nan,nan,nan,1.05,2.24,15.27,7.32,0.9,11.84,10.49
samples_design_21_dldesign_1_best,0.39,0.88,3.67,nan,nan,nan,1.15,2.47,14.43,6.93,0.9,18.11,14.07
samples_design_21_dldesign_2_best,0.42,0.87,3.02,nan,nan,nan,0.99,2.06,13.91,6.67,0.91,13.55,11.26
samples_design_21_dldesign_3_best,0.37,0.75,3.16,nan,nan,nan,1.01,2.13,15.12,7.25,0.9,7.35,5.06
samples_design_21_dldesign_4_best,0.44,0.82,0.77,nan,nan,nan,0.47,0.7,15.71,7.45,0.91,11.68,11.69
samples_design_21_dldesign_5_best,0.54,0.87,3.67,nan,nan,nan,1.15,2.48,15.33,7.35,0.9,8.22,9.38
samples_design_21_dldesign_6_best,0.36,0.96,3.06,nan,nan,nan,0.99,2.09,14.15,6.77,0.91,18.88,11.18
samples_design_21_dldesign_7_best,0.52,0.84,3.56,nan,nan,nan,1.12,2.4,15.11,7.24,0.9,10.4,10.2
samples_design_22_dldesign_0_best,0.77,0.91,1.44,nan,nan,nan,0.64,1.16,16.45,7.83,0.91,14.44,8.83
samples_design_22_dldesign_1_best,0.65,0.99,2.05,nan,nan,nan,0.78,1.51,16.17,7.73,0.9,13.53,9.81
samples_design_22_dldesign_2_best,0.73,0.91,3.0,nan,nan,nan,1.04,2.12,13.17,6.38,0.9,12.85,5.7
samples_design_22_dldesign_3_best,0.97,0.7,3.15,nan,nan,nan,1.11,2.23,12.32,6.07,0.89,9.07,6.01
samples_design_22_dldesign_4_best,0.74,0.99,1.92,nan,nan,nan,0.74,1.45,15.92,7.61,0.9,10.63,10.41
samples_design_22_dldesign_5_best,0.75,0.66,3.31,nan,nan,nan,1.13,2.3,12.26,5.98,0.9,11.64,6.39
samples_design_22_dldesign_6_best,0.58,0.86,1.14,nan,nan,nan,0.55,0.94,14.09,6.81,0.9,7.87,5.11
samples_design_22_dldesign_7_best,0.87,0.73,1.75,nan,nan,nan,0.72,1.32,15.29,7.32,0.9,17.99,13.87
samples_design_23_dldesign_0_best,0.63,1.07,5.42,nan,nan,nan,1.72,3.73,15.69,7.54,0.9,15.68,8.29
samples_design_23_dldesign_1_best,0.65,1.07,5.51,nan,nan,nan,1.74,3.78,13.9,6.77,0.89,18.08,8.61
samples_design_23_dldesign_2_best,0.52,0.93,2.12,nan,nan,nan,0.78,1.53,13.8,6.71,0.89,7.04,5.48
samples_design_23_dldesign_3_best,0.78,1.15,1.97,nan,nan,nan,0.77,1.52,16.97,8.1,0.9,9.99,4.5
samples_design_23_dldesign_4_best,0.63,1.19,3.7,nan,nan,nan,1.21,2.6,17.96,8.53,0.9,14.33,11.82
samples_design_23_dldesign_5_best,0.53,1.11,5.05,nan,nan,nan,1.61,3.48,14.92,7.19,0.9,16.73,8.69
samples_design_23_dldesign_6_best,0.53,1.05,2.18,nan,nan,nan,0.8,1.59,16.39,7.85,0.9,15.22,8.27
samples_design_23_dldesign_7_best,0.67,1.15,5.22,nan,nan,nan,1.66,3.6,16.01,7.71,0.9,12.56,9.15
samples_design_24_dldesign_0_best,1.01,0.88,3.22,nan,nan,nan,0.85,1.88,15.54,7.28,0.91,8.54,8.39
samples_design_24_dldesign_1_best,0.76,0.68,2.69,nan,nan,nan,0.73,1.54,16.67,7.8,0.9,17.54,16.1
samples_design_24_dldesign_2_best,0.85,0.68,0.83,nan,nan,nan,0.52,0.79,11.72,5.65,0.9,9.14,4.15
samples_design_24_dldesign_3_best,1.07,0.59,3.18,nan,nan,nan,0.85,1.83,14.21,6.7,0.91,11.37,5.58
samples_design_24_dldesign_4_best,1.05,0.52,3.19,nan,nan,nan,0.84,1.83,13.78,6.52,0.91,9.77,4.39
samples_design_24_dldesign_5_best,0.87,0.96,3.27,nan,nan,nan,0.83,1.89,15.03,7.07,0.91,18.56,18.57
samples_design_24_dldesign_6_best,1.06,0.58,3.21,nan,nan,nan,0.83,1.85,14.22,6.71,0.91,8.02,3.46
samples_design_24_dldesign_7_best,0.92,0.62,3.18,nan,nan,nan,0.83,1.81,13.41,6.36,0.91,9.85,4.36
samples_design_25_dldesign_0_best,0.72,0.88,3.01,nan,nan,nan,1.09,2.2,16.7,7.97,0.91,12.29,10.31
samples_design_25_dldesign_1_best,0.59,1.02,3.11,nan,nan,nan,1.12,2.27,15.07,7.24,0.91,13.04,8.66
samples_design_25_dldesign_2_best,0.65,1.02,2.55,nan,nan,nan,0.95,1.9,13.28,6.44,0.9,12.14,12.98
samples_design_25_dldesign_3_best,0.7,0.96,3.16,nan,nan,nan,1.13,2.31,12.09,5.94,0.9,11.97,11.5
samples_design_25_dldesign_4_best,0.74,0.86,3.08,nan,nan,nan,1.11,2.25,10.84,5.37,0.9,5.62,4.29
samples_design_25_dldesign_5_best,0.55,1.03,2.84,nan,nan,nan,1.03,2.09,15.03,7.22,0.91,11.63,7.15
samples_design_25_dldesign_6_best,0.71,1.02,2.45,nan,nan,nan,0.93,1.84,14.35,6.92,0.9,14.15,13.4
samples_design_25_dldesign_7_best,0.62,1.08,2.53,nan,nan,nan,0.94,1.89,15.35,7.35,0.91,6.59,5.24
samples_design_26_dldesign_0_best,0.49,1.38,1.55,nan,nan,nan,0.65,1.26,16.0,7.53,0.92,23.52,14.23
samples_design_26_dldesign_1_best,0.43,0.89,1.33,nan,nan,nan,0.6,1.0,15.83,7.49,0.91,19.4,14.75
samples_design_26_dldesign_2_best,0.64,0.97,1.36,nan,nan,nan,0.62,1.07,13.24,6.38,0.9,9.86,5.57
samples_design_26_dldesign_3_best,0.51,1.44,1.29,nan,nan,nan,0.61,1.15,16.08,7.58,0.91,25.5,12.99
samples_design_26_dldesign_4_best,0.5,1.3,1.44,nan,nan,nan,0.63,1.18,15.0,7.1,0.91,26.61,16.1
samples_design_26_dldesign_5_best,0.62,1.22,1.75,nan,nan,nan,0.68,1.34,16.03,7.56,0.91,15.32,10.53
samples_design_26_dldesign_6_best,0.45,1.33,1.35,nan,nan,nan,0.61,1.14,15.65,7.38,0.91,27.02,16.24
samples_design_26_dldesign_7_best,0.52,1.33,1.55,nan,nan,nan,0.65,1.25,15.59,7.36,0.91,17.99,9.52
samples_design_27_dldesign_0_best,0.44,1.14,3.87,nan,nan,nan,1.26,2.69,16.34,7.8,0.9,16.01,13.87
samples_design_27_dldesign_1_best,0.5,0.84,2.4,nan,nan,nan,0.85,1.7,15.74,7.53,0.9,5.84,3.85
samples_design_27_dldesign_2_best,0.57,1.07,3.96,nan,nan,nan,1.28,2.75,16.82,8.01,0.9,9.5,8.51
samples_design_27_dldesign_3_best,0.61,1.02,6.28,nan,nan,nan,1.97,4.3,15.75,7.51,0.9,21.85,14.01
samples_design_27_dldesign_4_best,0.48,1.02,3.09,nan,nan,nan,1.04,2.17,17.95,8.57,0.89,10.48,8.58
samples_design_27_dldesign_5_best,0.47,1.02,2.38,nan,nan,nan,0.84,1.71,17.66,8.4,0.9,9.52,6.24
samples_design_27_dldesign_6_best,0.82,1.14,3.29,nan,nan,nan,1.12,2.34,16.33,7.78,0.91,22.98,17.62
samples_design_27_dldesign_7_best,0.44,1.04,3.28,nan,nan,nan,1.08,2.29,16.58,7.93,0.9,11.58,7.0
samples_design_28_dldesign_0_best,1.1,0.31,1.38,nan,nan,nan,0.57,1.06,15.42,7.25,0.91,25.02,18.45
samples_design_28_dldesign_1_best,0.99,0.67,1.63,nan,nan,nan,0.62,1.19,15.8,7.41,0.91,16.07,14.89
samples_design_28_dldesign_2_best,1.0,0.4,1.19,nan,nan,nan,0.53,0.95,16.59,7.74,0.91,22.6,13.53
samples_design_28_dldesign_3_best,0.79,0.63,1.32,nan,nan,nan,0.55,0.97,16.0,7.5,0.91,7.89,7.34
samples_design_28_dldesign_4_best,0.93,0.48,1.45,nan,nan,nan,0.58,1.05,15.6,7.33,0.91,17.07,15.29
samples_design_28_dldesign_5_best,0.96,0.19,1.15,nan,nan,nan,0.53,0.89,12.53,5.99,0.91,15.04,8.38
samples_design_28_dldesign_6_best,1.04,0.43,1.06,nan,nan,nan,0.52,0.91,16.08,7.53,0.91,27.47,24.49
samples_design_28_dldesign_7_best,0.96,0.47,1.2,nan,nan,nan,0.54,0.94,15.65,7.34,0.92,16.49,17.0
samples_design_29_dldesign_0_best,0.96,0.78,2.94,nan,nan,nan,1.02,2.1,16.01,7.7,0.89,13.36,8.13
samples_design_29_dldesign_1_best,1.09,0.79,3.57,nan,nan,nan,1.2,2.52,17.07,8.11,0.91,19.98,19.33
samples_design_29_dldesign_2_best,1.12,0.84,3.56,nan,nan,nan,1.2,2.52,15.58,7.44,0.91,24.75,19.43
samples_design_29_dldesign_3_best,0.8,0.74,3.08,nan,nan,nan,1.05,2.16,16.81,8.03,0.9,8.23,6.83
samples_design_29_dldesign_4_best,0.88,0.71,2.94,nan,nan,nan,1.0,2.08,17.3,8.22,0.9,16.5,11.0
samples_design_29_dldesign_5_best,0.66,0.48,1.09,nan,nan,nan,0.54,0.85,17.55,8.35,0.9,25.27,16.17
samples_design_29_dldesign_6_best,0.79,0.57,3.32,nan,nan,nan,1.11,2.31,15.05,7.25,0.9,12.98,7.49
samples_design_29_dldesign_7_best,0.98,0.82,3.18,nan,nan,nan,1.09,2.26,16.62,7.93,0.9,12.2,8.73
samples_design_30_dldesign_0_best,0.53,0.82,2.07,nan,nan,nan,0.78,1.51,15.83,7.54,0.91,14.3,11.88
samples_design_30_dldesign_1_best,1.29,0.75,1.98,nan,nan,nan,0.84,1.57,16.95,8.06,0.91,19.08,17.86
samples_design_30_dldesign_2_best,0.43,0.77,2.16,nan,nan,nan,0.8,1.56,14.61,6.99,0.91,7.97,7.46
samples_design_30_dldesign_3_best,0.38,0.88,2.07,nan,nan,nan,0.77,1.51,11.51,5.66,0.91,24.41,17.74
samples_design_30_dldesign_4_best,0.69,0.87,5.07,nan,nan,nan,1.67,3.56,15.71,7.53,0.9,20.07,15.36
samples_design_30_dldesign_5_best,0.38,0.69,1.96,nan,nan,nan,0.74,1.42,15.7,7.5,0.91,22.42,12.18
samples_design_30_dldesign_6_best,0.48,0.72,5.73,nan,nan,nan,1.87,3.99,11.72,5.84,0.89,13.33,8.96
samples_design_30_dldesign_7_best,0.38,0.78,2.18,nan,nan,nan,0.8,1.57,15.46,7.37,0.91,5.55,5.82
samples_design_31_dldesign_0_best,1.19,0.83,1.48,nan,nan,nan,0.7,1.24,12.94,6.29,0.9,8.39,4.42
samples_design_31_dldesign_1_best,0.69,0.61,1.31,nan,nan,nan,0.59,0.98,14.97,7.14,0.9,26.79,15.38
samples_design_31_dldesign_2_best,0.87,0.83,2.14,nan,nan,nan,0.74,1.52,19.41,9.1,0.9,11.73,8.13
samples_design_31_dldesign_3_best,0.83,1.0,2.58,nan,nan,nan,0.86,1.79,16.63,7.89,0.9,26.05,18.31
samples_design_31_dldesign_4_best,0.52,0.77,1.47,nan,nan,nan,0.59,1.06,16.3,7.75,0.9,21.94,17.39
samples_design_31_dldesign_5_best,0.63,1.07,1.34,nan,nan,nan,0.59,1.08,17.52,8.27,0.9,25.16,14.83
samples_design_31_dldesign_6_best,0.66,0.93,1.89,nan,nan,nan,0.7,1.35,17.62,8.33,0.9,23.06,21.89
samples_design_31_dldesign_7_best,0.86,0.59,1.41,nan,nan,nan,0.63,1.07,14.14,6.8,0.9,10.32,4.95
samples_design_32_dldesign_0_best,0.84,0.86,2.55,nan,nan,nan,0.82,1.71,15.44,7.3,0.91,15.77,14.57
samples_design_32_dldesign_1_best,0.96,0.45,1.88,nan,nan,nan,0.71,1.31,14.03,6.68,0.91,8.02,6.52
samples_design_32_dldesign_2_best,0.93,0.73,1.83,nan,nan,nan,0.68,1.31,16.64,7.83,0.91,14.96,12.73
samples_design_32_dldesign_3_best,0.83,0.52,1.51,nan,nan,nan,0.61,1.09,12.55,6.05,0.9,10.85,8.01
samples_design_32_dldesign_4_best,0.64,0.69,1.5,nan,nan,nan,0.57,1.06,16.53,7.8,0.91,10.35,7.07
samples_design_32_dldesign_5_best,0.78,0.66,2.63,nan,nan,nan,0.82,1.72,14.81,7.07,0.89,13.61,14.61
samples_design_32_dldesign_6_best,0.98,0.53,1.85,nan,nan,nan,0.69,1.31,14.15,6.77,0.9,8.92,7.18
samples_design_32_dldesign_7_best,0.87,0.69,2.72,nan,nan,nan,0.85,1.79,15.86,7.46,0.91,23.31,17.18
samples_design_33_dldesign_0_best,0.47,0.27,1.06,nan,nan,nan,0.46,0.7,16.28,7.61,0.91,23.85,13.33
samples_design_33_dldesign_1_best,0.45,0.25,0.82,nan,nan,nan,0.42,0.57,5.57,3.01,0.9,11.2,5.88
samples_design_33_dldesign_2_best,0.54,0.5,1.16,nan,nan,nan,0.54,0.81,6.24,3.3,0.9,13.7,6.56
samples_design_33_dldesign_3_best,0.62,0.51,1.48,nan,nan,nan,0.57,0.99,12.97,6.18,0.91,16.06,8.92
samples_design_33_dldesign_4_best,0.5,0.42,1.04,nan,nan,nan,0.46,0.72,15.68,7.35,0.92,15.39,13.63
samples_design_33_dldesign_5_best,0.64,0.32,0.95,nan,nan,nan,0.49,0.7,11.85,5.69,0.91,15.75,7.97
samples_design_33_dldesign_6_best,0.84,0.64,1.71,nan,nan,nan,0.64,1.18,15.81,7.39,0.92,11.65,13.14
samples_design_33_dldesign_7_best,0.61,0.36,1.72,nan,nan,nan,0.57,1.09,16.39,7.68,0.91,17.69,11.26
samples_design_34_dldesign_0_best,0.74,0.41,3.62,nan,nan,nan,1.27,2.6,16.55,7.89,0.91,16.11,11.32
samples_design_34_dldesign_1_best,0.65,0.49,3.46,nan,nan,nan,1.22,2.48,13.38,6.54,0.9,12.19,10.0
samples_design_34_dldesign_2_best,1.02,0.35,3.4,nan,nan,nan,1.21,2.46,16.29,7.8,0.91,22.09,17.32
samples_design_34_dldesign_3_best,1.04,0.39,3.55,nan,nan,nan,1.26,2.57,13.31,6.51,0.9,6.77,5.37
samples_design_34_dldesign_4_best,0.62,0.49,3.23,nan,nan,nan,1.14,2.32,16.01,7.66,0.91,6.2,5.58
samples_design_34_dldesign_5_best,0.75,0.68,3.67,nan,nan,nan,1.29,2.65,14.43,7.0,0.9,14.18,12.84
samples_design_34_dldesign_6_best,0.83,0.57,3.56,nan,nan,nan,1.25,2.57,16.51,7.89,0.9,8.84,8.73
samples_design_34_dldesign_7_best,0.81,0.42,3.0,nan,nan,nan,1.09,2.17,15.59,7.52,0.9,21.36,18.96
samples_design_35_dldesign_0_best,1.14,0.97,5.49,nan,nan,nan,1.75,3.8,14.12,6.86,0.89,14.63,11.52
samples_design_35_dldesign_1_best,0.72,0.65,1.25,nan,nan,nan,0.59,0.99,14.11,6.86,0.89,12.09,5.23
samples_design_35_dldesign_2_best,0.72,0.76,2.27,nan,nan,nan,0.83,1.63,15.69,7.57,0.89,10.91,6.98
samples_design_35_dldesign_3_best,0.81,0.92,5.45,nan,nan,nan,1.72,3.75,16.61,7.9,0.9,18.73,16.02
samples_design_35_dldesign_4_best,0.73,0.6,1.05,nan,nan,nan,0.52,0.87,15.65,7.52,0.9,24.47,15.09
samples_design_35_dldesign_5_best,0.67,0.73,2.01,nan,nan,nan,0.74,1.45,16.99,8.11,0.9,6.19,5.4
samples_design_35_dldesign_6_best,0.74,0.87,2.02,nan,nan,nan,0.77,1.49,12.33,6.1,0.89,11.32,4.98
samples_design_35_dldesign_7_best,0.95,0.91,2.11,nan,nan,nan,0.81,1.58,15.24,7.35,0.9,23.77,14.63
samples_design_36_dldesign_0_best,0.31,0.66,0.73,nan,nan,nan,0.46,0.61,15.5,7.34,0.91,13.23,12.08
samples_design_36_dldesign_1_best,0.44,0.63,0.82,nan,nan,nan,0.48,0.67,15.49,7.35,0.91,18.12,10.46
samples_design_36_dldesign_2_best,0.35,0.5,2.71,nan,nan,nan,0.89,1.81,15.47,7.36,0.91,8.39,7.19
samples_design_36_dldesign_3_best,0.39,0.57,0.71,nan,nan,nan,0.47,0.59,12.8,6.17,0.91,10.87,5.67
samples_design_36_dldesign_4_best,0.37,0.7,0.98,nan,nan,nan,0.5,0.76,15.77,7.46,0.91,23.83,13.98
samples_design_36_dldesign_5_best,0.52,0.67,1.06,nan,nan,nan,0.53,0.83,16.01,7.61,0.91,13.63,13.4
samples_design_36_dldesign_6_best,0.46,0.45,0.84,nan,nan,nan,0.49,0.65,12.85,6.22,0.9,9.52,4.61
samples_design_36_dldesign_7_best,0.41,0.67,1.0,nan,nan,nan,0.52,0.78,15.8,7.5,0.91,16.75,11.47
samples_design_37_dldesign_0_best,0.89,0.79,1.06,nan,nan,nan,0.54,0.91,15.72,7.33,0.91,13.77,13.63
samples_design_37_dldesign_1_best,1.24,0.73,1.0,nan,nan,nan,0.61,1.02,15.54,7.26,0.91,8.87,6.98
samples_design_37_dldesign_2_best,1.22,0.74,1.05,nan,nan,nan,0.62,1.04,15.85,7.41,0.91,10.18,8.7
samples_design_37_dldesign_3_best,1.16,0.86,0.96,nan,nan,nan,0.59,1.01,16.27,7.58,0.91,20.37,19.2
samples_design_37_dldesign_4_best,1.14,0.74,0.45,nan,nan,nan,0.53,0.86,14.15,6.62,0.92,11.93,11.08
samples_design_37_dldesign_5_best,1.19,0.84,1.02,nan,nan,nan,0.6,1.04,16.18,7.55,0.91,14.92,13.65
samples_design_37_dldesign_6_best,1.22,0.77,0.93,nan,nan,nan,0.59,1.01,16.25,7.58,0.91,21.71,21.35
samples_design_37_dldesign_7_best,1.14,0.74,1.08,nan,nan,nan,0.59,1.01,16.41,7.65,0.91,7.98,6.28
samples_design_38_dldesign_0_best,0.62,0.58,1.8,nan,nan,nan,0.71,1.32,18.75,8.88,0.9,22.33,18.05
samples_design_38_dldesign_1_best,0.55,0.7,1.43,nan,nan,nan,0.63,1.09,16.2,7.78,0.9,16.6,13.84
samples_design_38_dldesign_2_best,0.63,0.46,2.68,nan,nan,nan,0.96,1.9,12.61,6.21,0.89,11.51,5.31
samples_design_38_dldesign_3_best,0.48,0.56,2.06,nan,nan,nan,0.77,1.47,16.16,7.75,0.9,10.14,10.27
samples_design_38_dldesign_4_best,0.42,0.49,2.08,nan,nan,nan,0.76,1.47,16.92,8.08,0.91,15.09,10.54
samples_design_38_dldesign_5_best,0.47,0.56,2.25,nan,nan,nan,0.83,1.6,15.89,7.64,0.91,14.91,12.19
samples_design_38_dldesign_6_best,0.61,0.72,3.73,nan,nan,nan,1.27,2.63,15.61,7.48,0.91,15.45,10.29
samples_design_38_dldesign_7_best,0.45,0.56,2.08,nan,nan,nan,0.76,1.48,17.19,8.19,0.91,23.39,19.78
samples_design_39_dldesign_0_best,0.95,0.69,2.28,nan,nan,nan,0.75,1.51,15.51,7.28,0.91,18.65,16.31
samples_design_39_dldesign_1_best,0.44,0.36,0.86,nan,nan,nan,0.47,0.61,15.45,7.26,0.91,20.72,16.52
samples_design_39_dldesign_2_best,0.41,0.42,0.79,nan,nan,nan,0.47,0.58,14.14,6.68,0.92,14.83,9.19
samples_design_39_dldesign_3_best,0.35,0.43,0.84,nan,nan,nan,0.47,0.59,15.51,7.27,0.92,17.42,12.11
samples_design_39_dldesign_4_best,0.37,0.45,0.61,nan,nan,nan,0.45,0.49,15.1,7.1,0.91,24.55,21.21
samples_design_39_dldesign_5_best,0.31,0.46,0.7,nan,nan,nan,0.45,0.52,15.57,7.29,0.92,12.58,15.16
samples_design_39_dldesign_6_best,0.33,0.44,0.86,nan,nan,nan,0.48,0.6,14.04,6.63,0.91,14.1,9.41
samples_design_39_dldesign_7_best,0.37,0.41,0.9,nan,nan,nan,0.48,0.62,16.04,7.52,0.91,16.76,18.29
samples_design_40_dldesign_0_best,0.59,0.37,1.29,nan,nan,nan,0.53,0.89,17.34,8.15,0.9,19.4,16.63
samples_design_40_dldesign_1_best,0.61,0.28,1.07,nan,nan,nan,0.5,0.76,15.89,7.51,0.91,13.0,8.14
samples_design_40_dldesign_2_best,0.94,0.36,0.99,nan,nan,nan,0.51,0.84,17.23,8.11,0.9,14.36,16.19
samples_design_40_dldesign_3_best,0.67,0.5,0.81,nan,nan,nan,0.47,0.68,15.72,7.42,0.91,23.73,19.16
samples_design_40_dldesign_4_best,0.85,0.23,0.93,nan,nan,nan,0.5,0.77,15.24,7.21,0.91,6.78,4.37
samples_design_40_dldesign_5_best,0.53,0.48,1.58,nan,nan,nan,0.61,1.05,15.46,7.3,0.91,8.18,9.81
samples_design_40_dldesign_6_best,0.44,0.44,1.03,nan,nan,nan,0.5,0.73,15.74,7.42,0.91,22.7,21.08
samples_design_40_dldesign_7_best,0.68,0.33,0.81,nan,nan,nan,0.48,0.66,15.44,7.3,0.91,15.45,14.99
samples_design_41_dldesign_0_best,0.71,0.64,1.47,nan,nan,nan,0.55,1.02,15.28,7.2,0.91,8.5,11.1
samples_design_41_dldesign_1_best,0.42,0.51,0.37,nan,nan,nan,0.41,0.43,15.55,7.28,0.92,18.49,15.95
samples_design_41_dldesign_2_best,0.56,0.5,1.6,nan,nan,nan,0.56,1.04,15.08,7.11,0.9,13.59,9.21
samples_design_41_dldesign_3_best,0.49,0.44,0.38,nan,nan,nan,0.42,0.44,12.21,5.84,0.91,12.63,7.84
samples_design_41_dldesign_4_best,0.91,0.85,1.9,nan,nan,nan,0.67,1.33,15.53,7.3,0.91,21.98,13.02
samples_design_41_dldesign_5_best,1.0,0.96,2.0,nan,nan,nan,0.7,1.42,15.61,7.33,0.91,22.96,20.08
samples_design_41_dldesign_6_best,0.44,0.29,0.32,nan,nan,nan,0.41,0.36,10.08,4.93,0.9,13.77,7.92
samples_design_41_dldesign_7_best,0.52,0.35,0.36,nan,nan,nan,0.42,0.42,11.77,5.65,0.91,10.65,6.53
samples_design_42_dldesign_0_best,0.58,0.73,0.88,nan,nan,nan,0.47,0.76,13.01,6.28,0.9,4.84,2.87
samples_design_42_dldesign_1_best,0.48,0.97,0.91,nan,nan,nan,0.49,0.82,15.76,7.47,0.91,24.1,21.49
samples_design_42_dldesign_2_best,0.64,0.82,0.96,nan,nan,nan,0.49,0.83,12.32,5.97,0.91,6.94,3.4
samples_design_42_dldesign_3_best,0.51,1.28,1.06,nan,nan,nan,0.58,1.0,10.84,5.34,0.9,26.84,16.76
samples_design_42_dldesign_4_best,0.49,1.07,0.88,nan,nan,nan,0.48,0.84,15.81,7.48,0.91,26.25,15.3
samples_design_42_dldesign_5_best,0.53,0.97,3.16,nan,nan,nan,1.01,2.16,15.14,7.24,0.9,19.61,16.01
samples_design_42_dldesign_6_best,0.55,1.2,1.16,nan,nan,nan,0.57,1.03,10.87,5.35,0.9,9.67,4.57
samples_design_42_dldesign_7_best,0.55,0.86,0.75,nan,nan,nan,0.48,0.73,13.19,6.37,0.91,26.15,17.12
samples_design_43_dldesign_0_best,0.9,0.68,1.14,nan,nan,nan,0.56,0.93,14.81,6.97,0.91,12.34,7.43
samples_design_43_dldesign_1_best,0.92,0.39,0.97,nan,nan,nan,0.52,0.82,12.76,6.08,0.91,13.49,8.77
samples_design_43_dldesign_2_best,0.76,0.57,1.0,nan,nan,nan,0.51,0.8,15.29,7.18,0.91,21.79,20.17
samples_design_43_dldesign_3_best,0.84,0.41,1.01,nan,nan,nan,0.54,0.81,12.36,5.91,0.91,13.38,7.89
samples_design_43_dldesign_4_best,1.22,0.79,1.39,nan,nan,nan,0.64,1.18,15.63,7.31,0.92,21.23,21.82
samples_design_43_dldesign_5_best,0.81,0.38,0.63,nan,nan,nan,0.49,0.64,11.1,5.36,0.91,12.01,6.71
samples_design_43_dldesign_6_best,0.94,1.18,1.63,nan,nan,nan,0.68,1.29,15.31,7.18,0.91,26.49,19.48
samples_design_43_dldesign_7_best,0.68,0.67,0.82,nan,nan,nan,0.48,0.73,16.18,7.57,0.91,12.0,7.12
samples_design_44_dldesign_0_best,0.62,0.91,1.36,nan,nan,nan,0.59,0.99,16.17,7.57,0.91,18.57,17.72
samples_design_44_dldesign_1_best,0.58,0.65,0.66,nan,nan,nan,0.49,0.63,13.96,6.56,0.91,10.71,7.43
samples_design_44_dldesign_2_best,1.34,1.36,1.96,nan,nan,nan,0.78,1.57,15.43,7.2,0.92,21.61,19.48
samples_design_44_dldesign_3_best,0.88,0.7,0.66,nan,nan,nan,0.55,0.76,9.57,4.71,0.9,10.84,6.98
samples_design_44_dldesign_4_best,1.34,0.82,0.69,nan,nan,nan,0.56,1.01,15.25,7.14,0.91,11.89,6.27
samples_design_44_dldesign_5_best,1.86,0.72,0.71,nan,nan,nan,0.64,1.26,15.62,7.31,0.91,23.1,21.86
samples_design_44_dldesign_6_best,1.1,1.02,0.34,nan,nan,nan,0.54,0.9,15.72,7.36,0.91,24.69,20.85
samples_design_44_dldesign_7_best,0.64,0.74,0.25,nan,nan,nan,0.49,0.59,6.31,3.3,0.9,7.82,5.8
samples_design_45_dldesign_0_best,0.5,0.46,1.05,nan,nan,nan,0.51,0.78,13.12,6.32,0.91,11.14,6.12
samples_design_45_dldesign_1_best,0.5,0.4,1.39,nan,nan,nan,0.58,0.98,16.21,7.71,0.9,7.02,4.24
samples_design_45_dldesign_2_best,0.53,0.5,1.22,nan,nan,nan,0.54,0.9,15.53,7.37,0.91,14.88,10.24
samples_design_45_dldesign_3_best,0.47,0.54,0.81,nan,nan,nan,0.47,0.65,15.79,7.5,0.91,8.38,5.0
samples_design_45_dldesign_4_best,0.47,0.44,1.09,nan,nan,nan,0.51,0.8,14.17,6.78,0.91,9.42,5.51
samples_design_45_dldesign_5_best,0.41,0.44,0.87,nan,nan,nan,0.48,0.65,12.8,6.19,0.9,6.84,3.8
samples_design_45_dldesign_6_best,0.47,0.38,1.02,nan,nan,nan,0.5,0.74,12.47,6.04,0.91,12.44,6.89
samples_design_45_dldesign_7_best,0.49,0.52,1.36,nan,nan,nan,0.57,0.97,15.97,7.56,0.91,6.93,7.72
samples_design_46_dldesign_0_best,0.99,0.71,0.78,nan,nan,nan,0.53,0.83,15.37,7.34,0.91,4.33,4.78
samples_design_46_dldesign_1_best,0.8,0.76,0.8,nan,nan,nan,0.51,0.79,14.38,6.91,0.91,3.73,4.33
samples_design_46_dldesign_2_best,0.57,0.58,0.86,nan,nan,nan,0.48,0.73,10.98,5.44,0.9,1.4,1.18
samples_design_46_dldesign_3_best,0.64,0.8,0.86,nan,nan,nan,0.51,0.79,16.22,7.74,0.91,19.58,18.06
samples_design_46_dldesign_4_best,0.74,0.66,0.91,nan,nan,nan,0.52,0.81,11.24,5.54,0.9,5.07,4.8
samples_design_46_dldesign_5_best,1.14,0.28,1.1,nan,nan,nan,0.59,0.99,8.59,4.38,0.9,2.31,2.53
samples_design_46_dldesign_6_best,0.9,0.5,1.01,nan,nan,nan,0.55,0.89,15.73,7.5,0.91,20.94,20.87
samples_design_46_dldesign_7_best,0.82,0.81,0.8,nan,nan,nan,0.53,0.81,15.22,7.28,0.91,18.03,14.77
samples_design_47_dldesign_0_best,0.52,0.63,0.4,nan,nan,nan,0.42,0.52,15.22,7.14,0.92,17.59,17.68
samples_design_47_dldesign_1_best,0.57,0.56,0.66,nan,nan,nan,0.44,0.6,15.17,7.11,0.92,18.37,15.47
samples_design_47_dldesign_2_best,0.91,0.33,0.41,nan,nan,nan,0.44,0.62,12.72,6.07,0.91,12.58,7.99
samples_design_47_dldesign_3_best,0.39,0.46,0.54,nan,nan,nan,0.45,0.47,14.7,6.94,0.91,11.1,6.86
samples_design_47_dldesign_4_best,0.58,0.67,0.5,nan,nan,nan,0.43,0.58,15.47,7.25,0.92,22.19,17.17
samples_design_47_dldesign_5_best,0.48,0.44,0.71,nan,nan,nan,0.44,0.56,15.53,7.29,0.91,14.79,12.88
samples_design_47_dldesign_6_best,0.65,0.56,0.68,nan,nan,nan,0.44,0.64,15.86,7.41,0.92,22.19,22.53
samples_design_47_dldesign_7_best,0.58,0.53,0.57,nan,nan,nan,0.43,0.56,12.15,5.81,0.91,13.81,8.37
samples_design_48_dldesign_0_best,0.4,0.42,1.38,nan,nan,nan,0.54,0.94,16.53,7.81,0.91,15.02,16.5
samples_design_48_dldesign_1_best,0.46,0.43,0.92,nan,nan,nan,0.49,0.68,14.64,6.99,0.9,6.61,4.54
samples_design_48_dldesign_2_best,0.46,0.47,1.65,nan,nan,nan,0.58,1.12,16.03,7.61,0.9,12.47,12.45
samples_design_48_dldesign_3_best,0.36,0.32,1.38,nan,nan,nan,0.52,0.92,16.71,7.89,0.91,13.68,13.79
samples_design_48_dldesign_4_best,0.38,0.38,1.44,nan,nan,nan,0.54,0.97,16.49,7.78,0.91,18.55,17.37
samples_design_48_dldesign_5_best,0.46,0.38,1.22,nan,nan,nan,0.53,0.85,16.29,7.7,0.91,19.39,10.58
samples_design_48_dldesign_6_best,0.39,0.37,1.51,nan,nan,nan,0.57,1.01,16.46,7.77,0.91,8.81,10.39
samples_design_48_dldesign_7_best,0.46,0.4,1.33,nan,nan,nan,0.54,0.91,16.28,7.7,0.91,18.68,15.42
samples_design_49_dldesign_0_best,1.03,0.55,0.61,nan,nan,nan,0.51,0.74,3.83,2.31,0.91,2.14,1.33
samples_design_49_dldesign_1_best,0.81,0.48,0.97,nan,nan,nan,0.57,0.84,16.04,7.63,0.92,12.56,12.66
samples_design_49_dldesign_2_best,0.83,0.45,0.94,nan,nan,nan,0.6,0.82,16.6,7.88,0.91,11.87,14.71
samples_design_49_dldesign_3_best,0.85,0.5,0.93,nan,nan,nan,0.59,0.83,15.84,7.55,0.92,13.58,11.45
samples_design_49_dldesign_4_best,0.87,0.53,0.83,nan,nan,nan,0.57,0.78,14.47,6.94,0.91,14.93,16.03
samples_design_49_dldesign_5_best,0.93,0.38,0.9,nan,nan,nan,0.58,0.82,14.27,6.85,0.91,22.5,20.63
samples_design_49_dldesign_6_best,0.89,0.49,0.85,nan,nan,nan,0.57,0.79,16.01,7.61,0.92,12.19,12.7
samples_design_49_dldesign_7_best,0.84,0.53,0.89,nan,nan,nan,0.57,0.8,15.94,7.59,0.92,18.18,18.14
samples_design_0_dldesign_0_best,1.07,0.61,1.24,nan,nan,nan,0.57,1.02,15.54,7.26,0.92,18.68,15.84
samples_design_0_dldesign_1_best,0.8,0.71,1.91,nan,nan,nan,0.66,1.25,14.67,6.94,0.91,11.89,6.64
samples_design_0_dldesign_2_best,0.83,0.53,0.72,nan,nan,nan,0.49,0.71,12.44,5.94,0.91,11.69,5.97
samples_design_0_dldesign_3_best,0.93,0.67,0.82,nan,nan,nan,0.52,0.82,15.27,7.16,0.91,13.62,15.67
samples_design_0_dldesign_4_best,0.98,0.66,2.07,nan,nan,nan,0.69,1.36,16.1,7.54,0.91,16.07,18.23
samples_design_0_dldesign_5_best,1.21,0.56,1.53,nan,nan,nan,0.63,1.17,15.76,7.38,0.91,22.08,20.41
samples_design_0_dldesign_6_best,0.77,0.7,2.16,nan,nan,nan,0.68,1.36,15.58,7.33,0.91,12.68,11.81
samples_design_0_dldesign_7_best,0.89,0.65,0.75,nan,nan,nan,0.52,0.78,11.15,5.4,0.9,11.95,6.12
samples_design_1_dldesign_0_best,0.66,0.57,1.19,nan,nan,nan,0.5,0.84,15.74,7.38,0.91,9.8,11.13
samples_design_1_dldesign_1_best,0.95,0.61,0.61,nan,nan,nan,0.49,0.76,15.32,7.18,0.91,15.77,14.63
samples_design_1_dldesign_2_best,0.66,0.71,0.74,nan,nan,nan,0.46,0.7,12.51,5.96,0.91,11.64,6.81
samples_design_1_dldesign_3_best,0.7,0.61,0.59,nan,nan,nan,0.46,0.64,15.77,7.37,0.91,13.48,9.56
samples_design_1_dldesign_4_best,0.81,0.67,1.04,nan,nan,nan,0.48,0.85,16.4,7.66,0.91,21.91,19.4
samples_design_1_dldesign_5_best,0.85,0.54,0.69,nan,nan,nan,0.5,0.72,13.36,6.33,0.91,10.12,5.77
samples_design_1_dldesign_6_best,0.88,0.8,0.82,nan,nan,nan,0.48,0.84,16.59,7.75,0.91,19.23,18.22
samples_design_1_dldesign_7_best,1.01,1.12,0.66,nan,nan,nan,0.53,0.96,14.57,6.86,0.91,9.53,5.72
samples_design_2_dldesign_0_best,0.73,1.16,5.7,nan,nan,nan,1.87,4.01,17.42,8.34,0.9,13.62,9.4
samples_design_2_dldesign_1_best,0.77,1.12,7.3,nan,nan,nan,2.36,5.1,12.32,6.06,0.9,14.51,10.2
samples_design_2_dldesign_2_best,0.76,1.06,7.27,nan,nan,nan,2.35,5.08,13.19,6.45,0.9,13.82,8.65
samples_design_2_dldesign_3_best,0.78,1.14,3.94,nan,nan,nan,1.33,2.82,16.81,8.03,0.9,11.01,10.39
samples_design_2_dldesign_4_best,0.82,1.21,3.97,nan,nan,nan,1.35,2.84,16.97,8.09,0.9,15.36,12.22
samples_design_2_dldesign_5_best,0.65,1.05,1.67,nan,nan,nan,0.72,1.31,14.56,6.97,0.91,18.98,10.95
samples_design_2_dldesign_6_best,0.72,1.33,6.38,nan,nan,nan,2.08,4.49,15.69,7.52,0.9,21.33,10.32
samples_design_2_dldesign_7_best,0.78,1.25,4.34,nan,nan,nan,1.47,3.1,17.87,8.55,0.9,19.52,15.26
samples_design_3_dldesign_0_best,0.59,0.36,1.29,nan,nan,nan,0.53,0.89,14.19,6.73,0.91,13.07,8.61
samples_design_3_dldesign_1_best,0.55,0.53,1.94,nan,nan,nan,0.65,1.27,14.85,6.99,0.92,16.79,14.43
samples_design_3_dldesign_2_best,0.52,0.52,2.22,nan,nan,nan,0.7,1.43,15.23,7.16,0.92,16.26,20.24
samples_design_3_dldesign_3_best,0.47,0.42,2.42,nan,nan,nan,0.75,1.53,14.62,6.94,0.91,14.54,14.03
samples_design_3_dldesign_4_best,0.51,0.5,1.8,nan,nan,nan,0.63,1.18,15.85,7.46,0.91,11.69,15.0
samples_design_3_dldesign_5_best,0.61,0.58,1.12,nan,nan,nan,0.49,0.84,16.03,7.53,0.91,7.08,8.86
samples_design_3_dldesign_6_best,0.57,0.53,2.24,nan,nan,nan,0.72,1.45,14.1,6.68,0.91,18.62,14.12
samples_design_3_dldesign_7_best,0.47,0.46,2.51,nan,nan,nan,0.76,1.59,14.8,6.97,0.92,9.18,11.84
samples_design_4_dldesign_0_best,0.88,0.73,1.68,nan,nan,nan,0.7,1.22,13.97,6.63,0.91,25.42,16.17
samples_design_4_dldesign_1_best,0.87,0.81,1.51,nan,nan,nan,0.68,1.14,14.57,6.9,0.91,5.58,3.58
samples_design_4_dldesign_2_best,0.82,0.74,1.37,nan,nan,nan,0.62,1.05,15.54,7.33,0.91,1.79,2.35
samples_design_4_dldesign_3_best,0.73,0.85,1.18,nan,nan,nan,0.55,0.96,16.53,7.76,0.91,10.55,9.2
samples_design_4_dldesign_4_best,0.69,0.71,1.15,nan,nan,nan,0.57,0.89,14.79,7.0,0.91,10.05,5.23
samples_design_4_dldesign_5_best,0.85,0.77,1.33,nan,nan,nan,0.63,1.04,14.18,6.75,0.91,25.25,17.95
samples_design_4_dldesign_6_best,0.84,0.84,1.76,nan,nan,nan,0.68,1.27,17.23,8.08,0.91,20.38,15.94
samples_design_4_dldesign_7_best,0.97,0.71,1.47,nan,nan,nan,0.7,1.13,12.96,6.21,0.91,12.72,6.32
samples_design_5_dldesign_0_best,0.8,0.67,0.45,nan,nan,nan,0.53,0.64,12.91,6.2,0.91,11.29,5.4
samples_design_5_dldesign_1_best,0.74,0.68,0.88,nan,nan,nan,0.53,0.79,12.32,5.95,0.9,4.38,2.3
samples_design_5_dldesign_2_best,0.86,0.81,1.06,nan,nan,nan,0.58,0.94,15.11,7.17,0.91,3.07,4.28
samples_design_5_dldesign_3_best,0.68,0.58,0.7,nan,nan,nan,0.51,0.66,13.45,6.44,0.91,9.61,4.31
samples_design_5_dldesign_4_best,0.88,0.75,0.65,nan,nan,nan,0.56,0.76,13.27,6.35,0.91,24.16,15.21
samples_design_5_dldesign_5_best,0.96,0.93,1.0,nan,nan,nan,0.56,0.97,15.59,7.41,0.9,11.54,10.6
samples_design_5_dldesign_6_best,0.79,0.65,1.01,nan,nan,nan,0.55,0.86,13.16,6.32,0.9,6.14,3.18
samples_design_5_dldesign_7_best,0.62,0.82,1.24,nan,nan,nan,0.58,0.97,12.49,6.02,0.9,3.62,2.76
samples_design_6_dldesign_0_best,0.71,1.05,3.21,nan,nan,nan,1.13,2.32,16.31,7.81,0.9,14.83,12.48
samples_design_6_dldesign_1_best,0.95,0.98,4.72,nan,nan,nan,1.57,3.34,13.29,6.43,0.9,14.33,12.21
samples_design_6_dldesign_2_best,1.04,0.98,2.3,nan,nan,nan,0.88,1.75,15.78,7.52,0.91,21.14,16.27
samples_design_6_dldesign_3_best,0.75,1.06,3.2,nan,nan,nan,1.11,2.31,16.99,8.13,0.89,20.29,17.35
samples_design_6_dldesign_4_best,0.78,1.04,2.5,nan,nan,nan,0.93,1.85,14.25,6.89,0.9,23.84,17.24
samples_design_6_dldesign_5_best,0.89,0.98,3.72,nan,nan,nan,1.27,2.67,16.06,7.7,0.9,19.81,17.9
samples_design_6_dldesign_6_best,0.88,0.96,2.29,nan,nan,nan,0.86,1.72,17.14,8.22,0.89,6.99,6.85
samples_design_6_dldesign_7_best,1.14,0.9,1.45,nan,nan,nan,0.7,1.26,12.54,6.17,0.89,22.09,19.39
samples_design_7_dldesign_0_best,0.71,0.76,1.42,nan,nan,nan,0.59,1.05,15.77,7.45,0.9,12.63,9.07
samples_design_7_dldesign_1_best,0.84,0.88,1.63,nan,nan,nan,0.69,1.21,13.78,6.56,0.91,24.89,19.33
samples_design_7_dldesign_2_best,0.86,0.81,1.13,nan,nan,nan,0.63,0.96,13.4,6.39,0.9,12.66,5.91
samples_design_7_dldesign_3_best,0.9,0.82,1.27,nan,nan,nan,0.65,1.04,13.37,6.39,0.91,11.03,5.49
samples_design_7_dldesign_4_best,0.92,0.82,1.28,nan,nan,nan,0.67,1.05,12.82,6.15,0.9,9.11,4.47
samples_design_7_dldesign_5_best,0.78,0.84,1.39,nan,nan,nan,0.63,1.07,14.88,7.04,0.91,10.47,5.53
samples_design_7_dldesign_6_best,0.83,0.71,1.44,nan,nan,nan,0.6,1.08,17.24,8.07,0.91,18.37,10.67
samples_design_7_dldesign_7_best,0.86,0.73,1.07,nan,nan,nan,0.63,0.91,11.83,5.72,0.9,8.89,4.32
samples_design_8_dldesign_0_best,0.75,0.64,1.87,nan,nan,nan,0.75,1.34,10.9,5.36,0.9,14.98,7.52
samples_design_8_dldesign_1_best,0.47,0.5,0.69,nan,nan,nan,0.44,0.58,15.05,7.17,0.91,10.02,4.38
samples_design_8_dldesign_2_best,0.64,0.71,2.82,nan,nan,nan,0.94,1.93,15.6,7.45,0.9,11.92,10.39
samples_design_8_dldesign_3_best,0.58,0.7,0.71,nan,nan,nan,0.47,0.67,15.69,7.45,0.91,21.37,11.53
samples_design_8_dldesign_4_best,0.53,0.65,2.49,nan,nan,nan,0.84,1.7,16.2,7.73,0.9,24.64,16.63
samples_design_8_dldesign_5_best,0.69,0.7,0.98,nan,nan,nan,0.53,0.83,15.28,7.27,0.91,10.57,7.43
samples_design_8_dldesign_6_best,0.64,0.58,1.51,nan,nan,nan,0.62,1.1,12.37,6.06,0.89,14.3,6.88
samples_design_8_dldesign_7_best,0.65,0.49,2.12,nan,nan,nan,0.76,1.47,12.34,6.03,0.9,13.98,6.53
samples_design_9_dldesign_0_best,0.87,0.44,0.81,nan,nan,nan,0.54,0.74,15.28,7.15,0.92,19.71,15.04
samples_design_9_dldesign_1_best,0.61,0.5,0.55,nan,nan,nan,0.44,0.56,15.57,7.28,0.92,20.21,21.23
samples_design_9_dldesign_2_best,0.93,0.25,1.1,nan,nan,nan,0.56,0.87,15.95,7.45,0.92,17.65,16.05
samples_design_9_dldesign_3_best,1.29,0.35,0.72,nan,nan,nan,0.58,0.89,16.11,7.51,0.92,17.05,9.85
samples_design_9_dldesign_4_best,0.98,0.48,1.29,nan,nan,nan,0.59,1.0,16.08,7.52,0.91,24.53,19.94
samples_design_9_dldesign_5_best,1.33,0.37,0.77,nan,nan,nan,0.59,0.93,13.06,6.2,0.92,13.04,7.92
samples_design_9_dldesign_6_best,0.79,0.3,0.96,nan,nan,nan,0.52,0.75,16.52,7.71,0.91,6.78,8.41
samples_design_9_dldesign_7_best,0.94,0.46,0.97,nan,nan,nan,0.55,0.84,15.65,7.32,0.92,21.3,23.61
samples_design_10_dldesign_0_best,0.79,0.66,1.68,nan,nan,nan,0.67,1.26,16.89,8.06,0.9,25.51,18.07
samples_design_10_dldesign_1_best,0.89,0.63,2.12,nan,nan,nan,0.82,1.55,13.14,6.44,0.89,11.79,4.94
samples_design_10_dldesign_2_best,0.77,0.65,3.36,nan,nan,nan,1.11,2.33,17.06,8.16,0.89,15.14,10.75
samples_design_10_dldesign_3_best,0.69,0.45,2.65,nan,nan,nan,0.92,1.84,16.73,8.04,0.89,24.53,15.71
samples_design_10_dldesign_4_best,0.78,0.5,2.62,nan,nan,nan,0.95,1.84,13.65,6.69,0.89,25.69,16.64
samples_design_10_dldesign_5_best,0.9,0.55,2.36,nan,nan,nan,0.87,1.69,14.38,6.99,0.89,25.27,16.49
samples_design_10_dldesign_6_best,0.7,0.61,2.67,nan,nan,nan,0.91,1.87,14.87,7.16,0.89,5.34,6.89
samples_design_10_dldesign_7_best,0.88,0.55,3.29,nan,nan,nan,1.11,2.29,15.32,7.37,0.89,21.5,17.51
samples_design_11_dldesign_0_best,0.43,0.55,0.78,nan,nan,nan,0.46,0.64,12.35,5.99,0.91,2.7,2.53
samples_design_11_dldesign_1_best,0.56,0.55,0.81,nan,nan,nan,0.48,0.68,12.81,6.2,0.91,2.71,2.22
samples_design_11_dldesign_2_best,0.45,0.78,0.79,nan,nan,nan,0.47,0.7,12.15,5.91,0.91,2.06,1.99
samples_design_11_dldesign_3_best,0.44,0.71,0.9,nan,nan,nan,0.49,0.74,12.55,6.08,0.91,1.86,1.45
samples_design_11_dldesign_4_best,0.59,0.58,0.9,nan,nan,nan,0.49,0.74,12.83,6.21,0.91,1.67,2.04
samples_design_11_dldesign_5_best,0.51,0.7,0.69,nan,nan,nan,0.44,0.65,10.53,5.2,0.9,2.13,1.75
samples_design_11_dldesign_6_best,0.56,0.63,0.79,nan,nan,nan,0.48,0.69,16.14,7.64,0.91,16.48,17.31
samples_design_11_dldesign_7_best,0.56,0.68,0.62,nan,nan,nan,0.45,0.62,9.03,4.55,0.9,1.84,1.49
samples_design_12_dldesign_0_best,0.87,0.74,1.02,nan,nan,nan,0.57,0.88,16.53,7.76,0.91,12.01,8.62
samples_design_12_dldesign_1_best,0.71,0.68,1.07,nan,nan,nan,0.51,0.83,14.13,6.68,0.91,12.65,9.12
samples_design_12_dldesign_2_best,1.22,0.5,1.4,nan,nan,nan,0.62,1.11,15.94,7.5,0.91,16.15,15.73
samples_design_12_dldesign_3_best,0.82,0.69,0.93,nan,nan,nan,0.57,0.82,13.15,6.24,0.91,11.64,7.7
samples_design_12_dldesign_4_best,0.73,0.72,0.81,nan,nan,nan,0.52,0.75,12.69,6.05,0.91,10.27,6.49
samples_design_12_dldesign_5_best,0.44,0.67,1.05,nan,nan,nan,0.52,0.75,11.85,5.72,0.9,11.28,7.03
samples_design_12_dldesign_6_best,1.18,0.53,1.23,nan,nan,nan,0.58,1.04,12.08,5.78,0.91,11.0,7.14
samples_design_12_dldesign_7_best,0.87,0.7,0.94,nan,nan,nan,0.53,0.85,16.25,7.62,0.91,17.64,14.94
samples_design_13_dldesign_0_best,0.72,0.33,1.63,nan,nan,nan,0.54,0.98,19.37,8.92,0.9,22.87,19.5
samples_design_13_dldesign_1_best,0.52,0.45,1.23,nan,nan,nan,0.54,0.77,7.81,3.97,0.9,46.28,28.95
samples_design_13_dldesign_2_best,0.57,0.49,1.26,nan,nan,nan,0.55,0.81,7.46,3.82,0.9,46.21,28.79
samples_design_13_dldesign_3_best,0.58,0.48,1.21,nan,nan,nan,0.54,0.78,6.37,3.37,0.9,45.97,28.66
samples_design_13_dldesign_4_best,0.76,0.38,1.29,nan,nan,nan,0.55,0.86,9.28,4.61,0.9,46.55,29.03
samples_design_13_dldesign_5_best,0.57,0.47,1.67,nan,nan,nan,0.56,0.98,18.64,8.62,0.9,31.71,20.42
samples_design_13_dldesign_6_best,0.56,0.96,1.46,nan,nan,nan,0.64,1.01,5.35,2.93,0.9,45.37,29.1
samples_design_13_dldesign_7_best,0.64,0.44,1.82,nan,nan,nan,0.59,1.07,18.53,8.59,0.9,39.84,23.21
samples_design_14_dldesign_0_best,0.85,0.53,1.18,nan,nan,nan,0.57,0.91,17.8,8.32,0.9,21.64,20.8
samples_design_14_dldesign_1_best,0.59,0.39,1.05,nan,nan,nan,0.51,0.74,9.19,4.56,0.9,5.32,2.93
samples_design_14_dldesign_2_best,0.71,0.72,1.83,nan,nan,nan,0.64,1.22,16.17,7.57,0.91,16.34,13.7
samples_design_14_dldesign_3_best,0.63,0.89,1.92,nan,nan,nan,0.66,1.29,16.16,7.56,0.91,19.45,18.0
samples_design_14_dldesign_4_best,0.45,0.47,0.39,nan,nan,nan,0.43,0.44,15.57,7.3,0.92,25.24,20.09
samples_design_14_dldesign_5_best,0.93,0.65,1.37,nan,nan,nan,0.61,1.04,15.5,7.25,0.92,20.24,19.23
samples_design_14_dldesign_6_best,0.64,0.47,0.52,nan,nan,nan,0.44,0.55,10.02,4.91,0.9,8.13,4.99
samples_design_14_dldesign_7_best,0.47,0.54,0.63,nan,nan,nan,0.44,0.55,15.55,7.27,0.92,17.15,19.53
samples_design_15_dldesign_0_best,1.16,0.54,0.66,nan,nan,nan,0.55,0.81,14.59,7.0,0.91,18.02,14.05
samples_design_15_dldesign_1_best,1.14,0.46,0.72,nan,nan,nan,0.57,0.81,14.53,6.97,0.91,6.59,4.21
samples_design_15_dldesign_2_best,1.17,0.58,0.73,nan,nan,nan,0.59,0.85,11.33,5.57,0.9,1.96,1.85
samples_design_15_dldesign_3_best,1.53,0.62,0.71,nan,nan,nan,0.65,0.99,11.38,5.59,0.91,3.25,3.18
samples_design_15_dldesign_4_best,1.27,0.54,0.7,nan,nan,nan,0.58,0.87,15.8,7.54,0.91,17.83,14.77
samples_design_15_dldesign_5_best,1.48,0.63,0.66,nan,nan,nan,0.62,0.96,13.7,6.62,0.91,5.29,3.76
samples_design_15_dldesign_6_best,0.99,0.5,0.73,nan,nan,nan,0.56,0.77,12.25,5.97,0.9,1.19,1.36
samples_design_15_dldesign_7_best,0.91,0.38,0.77,nan,nan,nan,0.56,0.74,15.41,7.35,0.91,19.78,17.4
samples_design_16_dldesign_0_best,1.27,0.88,5.33,nan,nan,nan,1.64,3.61,14.7,7.08,0.9,14.32,10.52
samples_design_16_dldesign_1_best,0.54,0.52,1.43,nan,nan,nan,0.59,1.02,15.27,7.33,0.9,7.94,4.55
samples_design_16_dldesign_2_best,0.55,0.75,3.49,nan,nan,nan,1.09,2.35,18.44,8.69,0.9,6.74,4.32
samples_design_16_dldesign_3_best,0.66,0.8,3.68,nan,nan,nan,1.14,2.49,17.66,8.37,0.9,21.3,15.97
samples_design_16_dldesign_4_best,0.95,0.77,4.8,nan,nan,nan,1.47,3.24,16.97,8.05,0.9,20.09,16.03
samples_design_16_dldesign_5_best,0.53,0.51,2.79,nan,nan,nan,0.92,1.88,14.52,6.98,0.9,10.61,6.56
samples_design_16_dldesign_6_best,0.66,0.53,3.11,nan,nan,nan,1.02,2.1,16.0,7.63,0.9,23.85,15.55
samples_design_16_dldesign_7_best,0.75,0.55,3.01,nan,nan,nan,0.98,2.05,15.3,7.34,0.9,8.97,6.07
samples_design_17_dldesign_0_best,0.88,0.59,1.27,nan,nan,nan,0.61,1.0,11.62,5.71,0.9,13.53,6.42
samples_design_17_dldesign_1_best,0.67,0.57,1.68,nan,nan,nan,0.66,1.18,14.79,7.07,0.9,12.29,6.25
samples_design_17_dldesign_2_best,0.71,0.71,2.18,nan,nan,nan,0.76,1.5,12.72,6.17,0.9,14.53,7.12
samples_design_17_dldesign_3_best,0.73,0.74,2.75,nan,nan,nan,0.9,1.85,15.01,7.15,0.9,8.37,5.52
samples_design_17_dldesign_4_best,0.9,0.89,2.43,nan,nan,nan,0.86,1.7,13.35,6.43,0.9,24.39,18.21
samples_design_17_dldesign_5_best,0.83,0.84,2.27,nan,nan,nan,0.8,1.59,15.51,7.38,0.9,23.51,18.05
samples_design_17_dldesign_6_best,0.84,0.66,0.99,nan,nan,nan,0.56,0.86,11.11,5.47,0.9,13.41,5.96
samples_design_17_dldesign_7_best,0.9,0.75,2.57,nan,nan,nan,0.88,1.76,14.4,6.88,0.9,6.63,4.91
samples_design_18_dldesign_0_best,0.89,0.7,3.42,nan,nan,nan,1.0,2.2,14.29,6.83,0.9,15.4,15.2
samples_design_18_dldesign_1_best,0.53,0.88,3.33,nan,nan,nan,0.96,2.13,13.9,6.67,0.9,16.17,15.36
samples_design_18_dldesign_2_best,0.61,0.46,1.21,nan,nan,nan,0.52,0.86,5.16,2.85,0.9,4.28,4.56
samples_design_18_dldesign_3_best,0.62,0.85,3.55,nan,nan,nan,1.03,2.27,14.5,6.95,0.89,17.71,15.83
samples_design_18_dldesign_4_best,0.35,0.74,1.15,nan,nan,nan,0.52,0.84,6.07,3.24,0.9,4.08,4.32
samples_design_18_dldesign_5_best,0.43,0.7,1.2,nan,nan,nan,0.54,0.86,15.05,7.14,0.91,21.59,16.2
samples_design_18_dldesign_6_best,1.02,0.39,2.13,nan,nan,nan,0.75,1.46,14.6,6.94,0.91,10.72,9.6
samples_design_18_dldesign_7_best,1.15,0.42,2.66,nan,nan,nan,0.87,1.78,12.97,6.2,0.91,22.43,15.01
samples_design_19_dldesign_0_best,0.82,0.83,1.61,nan,nan,nan,0.63,1.1,16.53,7.71,0.91,12.93,11.81
samples_design_19_dldesign_1_best,0.85,0.75,0.93,nan,nan,nan,0.56,0.84,16.16,7.54,0.91,18.09,11.35
samples_design_19_dldesign_2_best,0.83,0.66,1.25,nan,nan,nan,0.58,0.92,16.09,7.51,0.91,11.56,12.51
samples_design_19_dldesign_3_best,0.82,0.78,1.32,nan,nan,nan,0.56,0.98,16.68,7.79,0.91,14.64,12.46
samples_design_19_dldesign_4_best,0.89,0.79,0.78,nan,nan,nan,0.51,0.83,16.04,7.49,0.91,17.87,11.43
samples_design_19_dldesign_5_best,0.81,0.89,0.71,nan,nan,nan,0.54,0.81,16.14,7.53,0.91,11.93,11.33
samples_design_19_dldesign_6_best,0.72,0.86,0.9,nan,nan,nan,0.53,0.82,16.5,7.7,0.91,21.97,15.48
samples_design_19_dldesign_7_best,0.51,0.89,1.17,nan,nan,nan,0.49,0.87,15.21,7.17,0.9,16.12,10.2
samples_design_20_dldesign_0_best,0.58,0.74,0.83,nan,nan,nan,0.49,0.73,16.26,7.69,0.91,12.24,8.24
samples_design_20_dldesign_1_best,0.62,0.87,0.61,nan,nan,nan,0.49,0.69,15.42,7.29,0.91,7.76,6.31
samples_design_20_dldesign_2_best,0.7,0.86,1.9,nan,nan,nan,0.7,1.35,16.25,7.67,0.91,24.42,12.07
samples_design_20_dldesign_3_best,0.55,0.69,0.86,nan,nan,nan,0.5,0.73,14.13,6.74,0.91,10.26,5.12
samples_design_20_dldesign_4_best,0.76,0.57,1.09,nan,nan,nan,0.57,0.87,13.66,6.54,0.91,12.7,6.7
samples_design_20_dldesign_5_best,0.72,0.8,1.14,nan,nan,nan,0.54,0.93,16.47,7.77,0.91,18.16,10.09
samples_design_20_dldesign_6_best,0.62,1.02,0.99,nan,nan,nan,0.52,0.9,16.66,7.85,0.91,7.55,4.72
samples_design_20_dldesign_7_best,0.55,0.61,1.92,nan,nan,nan,0.69,1.31,12.83,6.19,0.9,12.08,5.64
samples_design_21_dldesign_0_best,0.47,0.54,1.44,nan,nan,nan,0.58,1.04,16.88,7.99,0.91,21.22,20.35
samples_design_21_dldesign_1_best,0.64,0.36,1.7,nan,nan,nan,0.65,1.21,16.73,7.96,0.91,25.02,18.25
samples_design_21_dldesign_2_best,0.54,0.5,1.72,nan,nan,nan,0.66,1.23,15.17,7.23,0.91,17.17,11.24
samples_design_21_dldesign_3_best,0.72,0.44,1.71,nan,nan,nan,0.66,1.24,15.61,7.47,0.91,23.74,20.38
samples_design_21_dldesign_4_best,0.63,0.31,1.56,nan,nan,nan,0.62,1.12,15.26,7.31,0.91,18.85,14.95
samples_design_21_dldesign_5_best,0.55,0.48,1.73,nan,nan,nan,0.64,1.23,16.29,7.73,0.91,11.62,9.46
samples_design_21_dldesign_6_best,0.88,0.46,1.33,nan,nan,nan,0.56,1.05,18.98,8.97,0.9,15.22,11.43
samples_design_21_dldesign_7_best,0.56,0.28,1.68,nan,nan,nan,0.64,1.18,13.0,6.31,0.9,11.47,4.83
samples_design_22_dldesign_0_best,0.61,0.6,2.51,nan,nan,nan,0.9,1.79,14.03,6.85,0.89,10.66,5.85
samples_design_22_dldesign_1_best,0.74,0.78,4.51,nan,nan,nan,1.5,3.17,15.47,7.42,0.9,14.75,8.57
samples_design_22_dldesign_2_best,0.87,0.68,2.77,nan,nan,nan,0.99,2.0,14.72,7.16,0.89,10.64,6.98
samples_design_22_dldesign_3_best,0.78,0.74,3.65,nan,nan,nan,1.24,2.58,16.25,7.8,0.89,13.55,11.8
samples_design_22_dldesign_4_best,0.59,0.79,4.32,nan,nan,nan,1.43,3.04,15.77,7.59,0.9,8.72,6.43
samples_design_22_dldesign_5_best,0.64,0.64,2.62,nan,nan,nan,0.94,1.87,12.63,6.23,0.89,11.56,6.73
samples_design_22_dldesign_6_best,0.48,0.77,2.81,nan,nan,nan,0.99,2.0,16.56,7.91,0.9,22.27,16.83
samples_design_22_dldesign_7_best,0.63,0.69,3.07,nan,nan,nan,1.09,2.18,14.49,7.03,0.9,6.44,4.05
samples_design_23_dldesign_0_best,0.51,0.39,0.86,nan,nan,nan,0.48,0.69,15.13,7.24,0.91,17.76,17.4
samples_design_23_dldesign_1_best,0.71,0.71,0.74,nan,nan,nan,0.5,0.73,8.69,4.4,0.9,2.46,1.31
samples_design_23_dldesign_2_best,0.91,0.52,0.78,nan,nan,nan,0.52,0.77,11.1,5.47,0.9,1.15,0.81
samples_design_23_dldesign_3_best,0.52,0.39,1.05,nan,nan,nan,0.53,0.81,14.1,6.79,0.91,5.01,4.9
samples_design_23_dldesign_4_best,0.71,0.44,0.67,nan,nan,nan,0.51,0.63,6.41,3.42,0.9,1.9,1.11
samples_design_23_dldesign_5_best,0.92,0.75,0.75,nan,nan,nan,0.54,0.8,7.4,3.84,0.9,1.94,1.07
samples_design_23_dldesign_6_best,0.9,0.54,0.84,nan,nan,nan,0.54,0.8,9.38,4.71,0.9,3.79,1.62
samples_design_23_dldesign_7_best,0.85,0.51,0.87,nan,nan,nan,0.53,0.8,14.28,6.88,0.91,4.95,4.7
samples_design_24_dldesign_0_best,0.66,0.8,2.05,nan,nan,nan,0.71,1.43,17.24,8.14,0.9,22.49,20.23
samples_design_24_dldesign_1_best,0.76,1.1,2.31,nan,nan,nan,0.79,1.64,15.19,7.2,0.91,25.74,15.71
samples_design_24_dldesign_2_best,0.76,0.88,3.89,nan,nan,nan,1.17,2.57,16.23,7.7,0.91,16.45,10.98
samples_design_24_dldesign_3_best,0.72,0.76,1.99,nan,nan,nan,0.71,1.4,13.04,6.32,0.9,11.14,5.81
samples_design_24_dldesign_4_best,0.77,0.95,3.77,nan,nan,nan,1.15,2.5,17.15,8.09,0.91,18.6,11.39
samples_design_24_dldesign_5_best,0.7,0.83,2.09,nan,nan,nan,0.72,1.46,16.65,7.88,0.9,10.59,7.7
samples_design_24_dldesign_6_best,0.75,0.89,2.63,nan,nan,nan,0.86,1.79,16.43,7.8,0.91,24.01,16.67
samples_design_24_dldesign_7_best,0.61,0.87,1.62,nan,nan,nan,0.63,1.18,16.2,7.67,0.91,25.45,15.14
samples_design_25_dldesign_0_best,0.46,0.43,5.01,nan,nan,nan,1.63,3.49,15.01,7.24,0.9,17.18,10.8
samples_design_25_dldesign_1_best,0.5,0.39,5.34,nan,nan,nan,1.73,3.72,14.63,7.06,0.9,11.89,10.13
samples_design_25_dldesign_2_best,0.51,0.32,4.28,nan,nan,nan,1.42,2.98,14.95,7.17,0.91,7.97,4.26
samples_design_25_dldesign_3_best,0.49,0.52,4.77,nan,nan,nan,1.56,3.32,16.91,8.09,0.9,7.87,5.54
samples_design_25_dldesign_4_best,0.55,0.82,3.42,nan,nan,nan,1.21,2.42,6.02,3.36,0.89,26.55,16.72
samples_design_25_dldesign_5_best,0.54,0.51,4.4,nan,nan,nan,1.48,3.07,8.51,4.43,0.89,26.36,16.77
samples_design_25_dldesign_6_best,0.5,0.6,5.32,nan,nan,nan,1.73,3.71,15.94,7.66,0.9,16.56,11.95
samples_design_25_dldesign_7_best,0.45,0.2,4.09,nan,nan,nan,1.35,2.85,12.83,6.31,0.89,8.16,4.59
samples_design_26_dldesign_0_best,0.53,0.64,0.27,nan,nan,nan,0.44,0.5,15.16,7.12,0.92,20.54,17.03
samples_design_26_dldesign_1_best,0.62,0.78,0.93,nan,nan,nan,0.5,0.78,15.85,7.42,0.91,23.5,17.56
samples_design_26_dldesign_2_best,0.48,0.64,0.41,nan,nan,nan,0.44,0.51,15.49,7.25,0.92,16.47,17.72
samples_design_26_dldesign_3_best,0.78,1.05,2.2,nan,nan,nan,0.74,1.5,16.28,7.61,0.91,21.56,15.4
samples_design_26_dldesign_4_best,0.91,0.83,2.03,nan,nan,nan,0.73,1.39,12.1,5.81,0.91,14.06,8.38
samples_design_26_dldesign_5_best,0.63,0.86,1.82,nan,nan,nan,0.64,1.23,15.53,7.3,0.91,18.27,14.16
samples_design_26_dldesign_6_best,0.63,0.66,1.86,nan,nan,nan,0.64,1.22,14.32,6.79,0.91,10.81,7.21
samples_design_26_dldesign_7_best,0.42,0.78,2.31,nan,nan,nan,0.71,1.45,14.01,6.64,0.91,13.29,8.79
samples_design_27_dldesign_0_best,0.57,0.52,0.64,nan,nan,nan,0.45,0.58,15.61,7.27,0.92,19.95,15.43
samples_design_27_dldesign_1_best,0.97,0.95,1.87,nan,nan,nan,0.69,1.32,15.49,7.25,0.91,22.44,22.9
samples_design_27_dldesign_2_best,0.98,0.52,0.66,nan,nan,nan,0.53,0.76,11.74,5.65,0.91,12.28,7.34
samples_design_27_dldesign_3_best,0.51,0.62,0.68,nan,nan,nan,0.48,0.6,15.51,7.24,0.92,8.0,7.53
samples_design_27_dldesign_4_best,1.18,0.59,0.6,nan,nan,nan,0.58,0.86,11.96,5.73,0.91,12.89,7.76
samples_design_27_dldesign_5_best,0.84,0.75,1.08,nan,nan,nan,0.57,0.9,15.78,7.38,0.91,17.59,19.0
samples_design_27_dldesign_6_best,1.43,0.65,0.56,nan,nan,nan,0.6,0.99,15.86,7.41,0.92,18.65,16.63
samples_design_27_dldesign_7_best,0.56,0.62,0.5,nan,nan,nan,0.45,0.56,15.68,7.32,0.92,21.45,18.44
samples_design_28_dldesign_0_best,1.03,0.79,4.03,nan,nan,nan,1.05,2.39,17.01,7.97,0.9,17.17,18.98
samples_design_28_dldesign_1_best,0.95,0.45,0.49,nan,nan,nan,0.48,0.69,7.58,3.85,0.9,10.75,6.79
samples_design_28_dldesign_2_best,0.96,0.37,0.44,nan,nan,nan,0.47,0.67,11.12,5.37,0.9,10.32,6.38
samples_design_28_dldesign_3_best,1.07,0.55,0.57,nan,nan,nan,0.51,0.79,15.89,7.42,0.91,16.78,14.12
samples_design_28_dldesign_4_best,1.04,0.68,0.87,nan,nan,nan,0.51,0.88,17.2,8.03,0.9,9.53,7.49
samples_design_28_dldesign_5_best,1.04,0.61,0.7,nan,nan,nan,0.54,0.82,14.31,6.75,0.91,10.85,6.95
samples_design_28_dldesign_6_best,1.06,0.61,0.7,nan,nan,nan,0.52,0.83,15.51,7.26,0.91,19.72,14.06
samples_design_28_dldesign_7_best,1.16,0.5,0.52,nan,nan,nan,0.51,0.81,14.05,6.62,0.91,10.46,7.12
samples_design_29_dldesign_0_best,0.62,0.46,5.47,nan,nan,nan,1.72,3.72,15.29,7.34,0.9,7.55,4.72
samples_design_29_dldesign_1_best,0.94,0.64,5.71,nan,nan,nan,1.8,3.91,16.93,8.03,0.9,17.98,14.57
samples_design_29_dldesign_2_best,0.53,0.42,1.79,nan,nan,nan,0.7,1.26,14.26,6.96,0.89,10.91,4.84
samples_design_29_dldesign_3_best,1.01,0.52,5.9,nan,nan,nan,1.86,4.04,14.11,6.85,0.89,19.88,13.76
samples_design_29_dldesign_4_best,0.84,0.6,5.76,nan,nan,nan,1.81,3.94,14.38,6.94,0.9,23.86,17.27
samples_design_29_dldesign_5_best,1.03,0.54,5.65,nan,nan,nan,1.79,3.88,17.72,8.38,0.91,9.44,9.9
samples_design_29_dldesign_6_best,0.97,0.72,5.93,nan,nan,nan,1.86,4.06,17.11,8.12,0.9,12.59,10.31
samples_design_29_dldesign_7_best,1.03,0.38,6.24,nan,nan,nan,1.97,4.27,13.82,6.69,0.9,12.49,8.88
samples_design_30_dldesign_0_best,0.82,0.5,3.66,nan,nan,nan,1.27,2.63,17.11,8.16,0.9,21.83,18.21
samples_design_30_dldesign_1_best,0.84,0.89,3.63,nan,nan,nan,1.28,2.64,15.88,7.63,0.9,2.82,3.55
samples_design_30_dldesign_2_best,0.66,0.5,3.95,nan,nan,nan,1.36,2.82,16.07,7.7,0.91,22.7,16.53
samples_design_30_dldesign_3_best,0.79,1.04,4.04,nan,nan,nan,1.41,2.93,12.99,6.4,0.89,14.13,14.38
samples_design_30_dldesign_4_best,0.93,0.55,3.11,nan,nan,nan,1.13,2.27,17.28,8.26,0.9,10.2,7.3
samples_design_30_dldesign_5_best,0.98,1.38,3.89,nan,nan,nan,1.38,2.88,14.53,7.03,0.9,9.28,8.98
samples_design_30_dldesign_6_best,0.66,0.54,3.29,nan,nan,nan,1.16,2.37,16.46,7.88,0.9,7.32,5.69
samples_design_30_dldesign_7_best,0.75,0.44,3.58,nan,nan,nan,1.24,2.57,17.15,8.19,0.9,14.49,9.31
samples_design_31_dldesign_0_best,0.64,0.61,1.89,nan,nan,nan,0.72,1.38,13.26,6.52,0.89,7.61,8.28
samples_design_31_dldesign_1_best,0.98,0.73,4.45,nan,nan,nan,1.49,3.14,15.44,7.38,0.91,8.49,7.2
samples_design_31_dldesign_2_best,0.87,0.65,2.01,nan,nan,nan,0.79,1.5,13.88,6.79,0.89,7.13,8.13
samples_design_31_dldesign_3_best,0.86,0.85,4.8,nan,nan,nan,1.6,3.38,11.94,5.89,0.89,15.57,16.27
samples_design_31_dldesign_4_best,0.89,0.72,3.24,nan,nan,nan,1.13,2.32,15.38,7.41,0.9,6.69,6.62
samples_design_31_dldesign_5_best,1.07,0.84,3.95,nan,nan,nan,1.35,2.83,14.53,7.04,0.9,12.33,8.53
samples_design_31_dldesign_6_best,0.66,0.75,2.12,nan,nan,nan,0.81,1.56,13.6,6.68,0.89,6.81,7.89
samples_design_31_dldesign_7_best,0.77,0.59,1.8,nan,nan,nan,0.72,1.34,15.12,7.34,0.89,7.87,7.71
samples_design_32_dldesign_0_best,0.41,0.9,1.69,nan,nan,nan,0.66,1.2,16.42,7.8,0.9,21.14,18.63
samples_design_32_dldesign_1_best,0.53,0.77,1.62,nan,nan,nan,0.66,1.15,13.26,6.42,0.9,10.9,6.67
samples_design_32_dldesign_2_best,0.4,0.98,1.45,nan,nan,nan,0.61,1.08,16.45,7.79,0.9,13.44,10.1
samples_design_32_dldesign_3_best,0.83,0.97,2.53,nan,nan,nan,0.88,1.76,15.29,7.27,0.9,9.06,10.4
samples_design_32_dldesign_4_best,0.46,1.05,2.03,nan,nan,nan,0.73,1.43,16.56,7.86,0.9,18.47,17.2
samples_design_32_dldesign_5_best,0.56,0.88,1.7,nan,nan,nan,0.66,1.22,15.86,7.56,0.9,10.87,6.72
samples_design_32_dldesign_6_best,0.59,0.89,1.36,nan,nan,nan,0.61,1.04,15.45,7.42,0.89,8.26,5.22
samples_design_32_dldesign_7_best,0.51,1.05,1.65,nan,nan,nan,0.66,1.22,15.56,7.35,0.91,22.35,19.79
samples_design_33_dldesign_0_best,0.63,0.61,5.38,nan,nan,nan,1.81,3.83,17.77,8.49,0.9,20.94,9.41
samples_design_33_dldesign_1_best,0.66,0.67,5.98,nan,nan,nan,2.0,4.26,17.53,8.38,0.9,22.33,22.9
samples_design_33_dldesign_2_best,0.86,0.59,4.81,nan,nan,nan,1.64,3.44,15.35,7.42,0.9,17.59,18.71
samples_design_33_dldesign_3_best,0.69,0.55,4.74,nan,nan,nan,1.61,3.38,17.95,8.57,0.9,11.21,9.79
samples_design_33_dldesign_4_best,0.57,0.65,5.11,nan,nan,nan,1.72,3.64,18.24,8.68,0.9,19.0,16.82
samples_design_33_dldesign_5_best,1.01,0.43,4.6,nan,nan,nan,1.57,3.3,17.4,8.3,0.91,11.99,17.32
samples_design_33_dldesign_6_best,0.66,0.84,5.92,nan,nan,nan,1.98,4.22,16.56,7.94,0.91,22.37,22.03
samples_design_33_dldesign_7_best,0.78,0.5,6.03,nan,nan,nan,2.03,4.29,15.74,7.61,0.9,15.93,17.97
samples_design_34_dldesign_0_best,0.91,2.13,1.76,nan,nan,nan,0.79,1.66,14.59,6.91,0.91,8.96,4.42
samples_design_34_dldesign_1_best,1.01,2.11,1.71,nan,nan,nan,0.81,1.65,14.79,7.01,0.91,13.43,6.94
samples_design_34_dldesign_2_best,0.69,1.73,1.4,nan,nan,nan,0.68,1.32,16.04,7.57,0.91,12.07,12.12
samples_design_34_dldesign_3_best,0.49,2.0,1.65,nan,nan,nan,0.73,1.5,16.09,7.57,0.91,16.2,12.31
samples_design_34_dldesign_4_best,0.93,2.05,1.85,nan,nan,nan,0.81,1.67,14.98,7.1,0.91,10.82,4.48
samples_design_34_dldesign_5_best,0.89,2.1,1.72,nan,nan,nan,0.79,1.63,15.76,7.42,0.91,11.53,6.14
samples_design_34_dldesign_6_best,0.53,1.95,1.22,nan,nan,nan,0.67,1.32,16.07,7.58,0.91,14.82,16.6
samples_design_34_dldesign_7_best,0.96,2.26,2.09,nan,nan,nan,0.87,1.85,15.53,7.32,0.91,16.89,21.38
samples_design_35_dldesign_0_best,1.05,1.04,2.03,nan,nan,nan,0.72,1.43,15.81,7.43,0.9,14.3,14.68
samples_design_35_dldesign_1_best,1.06,0.99,1.48,nan,nan,nan,0.68,1.19,15.5,7.28,0.91,19.77,10.2
samples_design_35_dldesign_2_best,0.79,1.08,1.39,nan,nan,nan,0.6,1.1,16.23,7.6,0.91,21.45,13.27
samples_design_35_dldesign_3_best,0.86,1.26,1.99,nan,nan,nan,0.69,1.42,16.19,7.61,0.9,20.05,16.19
samples_design_35_dldesign_4_best,0.72,1.1,1.47,nan,nan,nan,0.6,1.12,16.5,7.71,0.91,13.37,10.5
samples_design_35_dldesign_5_best,0.81,1.15,2.0,nan,nan,nan,0.7,1.39,16.42,7.69,0.9,19.8,19.84
samples_design_35_dldesign_6_best,0.61,1.0,1.77,nan,nan,nan,0.63,1.2,16.37,7.69,0.9,18.44,11.68
samples_design_35_dldesign_7_best,0.91,0.73,0.59,nan,nan,nan,0.56,0.76,13.1,6.24,0.91,11.44,6.98
samples_design_36_dldesign_0_best,0.39,0.94,3.23,nan,nan,nan,1.11,2.3,15.78,7.58,0.9,3.15,4.09
samples_design_36_dldesign_1_best,1.2,0.88,3.91,nan,nan,nan,1.36,2.82,14.37,6.98,0.9,24.22,18.34
samples_design_36_dldesign_2_best,0.92,1.0,3.87,nan,nan,nan,1.33,2.77,14.17,6.88,0.9,12.58,9.18
samples_design_36_dldesign_3_best,0.74,0.94,3.8,nan,nan,nan,1.29,2.7,15.25,7.36,0.9,4.89,5.64
samples_design_36_dldesign_4_best,0.54,0.95,3.38,nan,nan,nan,1.16,2.4,15.69,7.5,0.9,22.29,16.59
samples_design_36_dldesign_5_best,0.6,0.92,3.07,nan,nan,nan,1.06,2.2,16.32,7.81,0.9,7.61,6.98
samples_design_36_dldesign_6_best,1.11,0.76,3.64,nan,nan,nan,1.27,2.62,15.12,7.29,0.9,24.63,17.38
samples_design_36_dldesign_7_best,0.45,0.87,3.25,nan,nan,nan,1.12,2.3,15.42,7.42,0.9,8.79,9.24
samples_design_37_dldesign_0_best,0.91,0.39,5.07,nan,nan,nan,1.61,3.47,13.3,6.46,0.9,10.44,10.61
samples_design_37_dldesign_1_best,0.88,0.3,3.76,nan,nan,nan,1.25,2.59,17.1,8.19,0.89,8.24,6.15
samples_design_37_dldesign_2_best,1.01,0.26,2.12,nan,nan,nan,0.84,1.54,12.46,6.15,0.89,11.47,5.82
samples_design_37_dldesign_3_best,0.98,0.61,6.95,nan,nan,nan,2.17,4.74,10.84,5.44,0.88,15.85,13.82
samples_design_37_dldesign_4_best,0.99,0.58,7.18,nan,nan,nan,2.24,4.9,10.58,5.29,0.89,16.92,14.08
samples_design_37_dldesign_5_best,0.9,0.44,5.49,nan,nan,nan,1.74,3.75,13.99,6.76,0.9,24.18,17.4
samples_design_37_dldesign_6_best,0.98,0.55,6.06,nan,nan,nan,1.91,4.15,10.68,5.28,0.9,16.06,11.7
samples_design_37_dldesign_7_best,0.93,0.3,2.39,nan,nan,nan,0.89,1.7,15.94,7.69,0.89,10.62,5.36
samples_design_38_dldesign_0_best,0.73,1.06,2.79,nan,nan,nan,0.89,1.91,17.0,8.04,0.9,22.77,17.08
samples_design_38_dldesign_1_best,0.8,0.57,2.04,nan,nan,nan,0.71,1.42,14.06,6.75,0.9,9.59,5.22
samples_design_38_dldesign_2_best,0.61,0.95,1.98,nan,nan,nan,0.72,1.4,16.83,7.95,0.9,6.82,5.67
samples_design_38_dldesign_3_best,2.06,1.0,2.09,nan,nan,nan,0.93,1.84,13.36,6.43,0.9,11.73,8.11
samples_design_38_dldesign_4_best,0.88,0.71,2.17,nan,nan,nan,0.77,1.52,14.98,7.16,0.9,10.97,7.34
samples_design_38_dldesign_5_best,2.05,1.14,2.32,nan,nan,nan,0.95,1.97,17.06,8.08,0.9,8.5,11.27
samples_design_38_dldesign_6_best,1.1,0.76,1.84,nan,nan,nan,0.72,1.38,14.81,7.11,0.9,11.68,6.7
samples_design_38_dldesign_7_best,2.03,1.12,2.33,nan,nan,nan,0.94,1.97,15.83,7.52,0.91,9.53,5.25
samples_design_39_dldesign_0_best,0.93,0.78,1.18,nan,nan,nan,0.53,0.97,16.11,7.53,0.91,15.7,13.9
samples_design_39_dldesign_1_best,0.84,0.81,2.28,nan,nan,nan,0.67,1.39,15.9,7.45,0.91,18.31,17.26
samples_design_39_dldesign_2_best,0.96,0.85,3.15,nan,nan,nan,0.81,1.83,15.19,7.1,0.91,15.73,13.87
samples_design_39_dldesign_3_best,0.86,0.83,3.03,nan,nan,nan,0.78,1.75,15.33,7.16,0.91,13.22,12.63
samples_design_39_dldesign_4_best,1.08,0.59,2.92,nan,nan,nan,0.79,1.71,14.77,6.96,0.91,13.38,7.69
samples_design_39_dldesign_5_best,1.02,0.58,3.02,nan,nan,nan,0.82,1.75,15.36,7.21,0.91,10.94,6.19
samples_design_39_dldesign_6_best,1.0,0.89,3.23,nan,nan,nan,0.83,1.88,15.46,7.25,0.91,12.69,11.81
samples_design_39_dldesign_7_best,0.89,0.76,3.25,nan,nan,nan,0.82,1.85,15.86,7.42,0.91,13.98,12.31
samples_design_40_dldesign_0_best,0.46,0.75,0.95,nan,nan,nan,0.52,0.79,16.41,7.83,0.91,3.78,3.31
samples_design_40_dldesign_1_best,0.45,0.6,3.86,nan,nan,nan,1.29,2.7,18.37,8.77,0.89,11.58,11.81
samples_design_40_dldesign_2_best,0.5,0.73,0.89,nan,nan,nan,0.52,0.76,14.54,7.0,0.91,15.61,10.99
samples_design_40_dldesign_3_best,1.51,0.69,2.82,nan,nan,nan,1.06,2.14,14.78,7.2,0.89,18.41,11.78
samples_design_40_dldesign_4_best,0.47,0.53,3.1,nan,nan,nan,1.06,2.18,16.66,8.06,0.89,14.39,11.72
samples_design_40_dldesign_5_best,0.46,0.61,3.99,nan,nan,nan,1.33,2.79,17.22,8.26,0.9,13.19,11.45
samples_design_40_dldesign_6_best,0.44,0.66,0.92,nan,nan,nan,0.5,0.75,14.36,6.89,0.91,13.19,13.22
samples_design_40_dldesign_7_best,0.46,0.63,4.39,nan,nan,nan,1.44,3.07,18.6,8.87,0.9,23.25,24.29
samples_design_41_dldesign_0_best,0.53,0.69,1.59,nan,nan,nan,0.56,0.98,13.29,6.26,0.91,9.09,5.83
samples_design_41_dldesign_1_best,0.51,0.84,1.56,nan,nan,nan,0.56,1.01,15.33,7.14,0.91,14.87,16.06
samples_design_41_dldesign_2_best,0.73,0.75,1.66,nan,nan,nan,0.59,1.08,9.47,4.68,0.9,8.39,5.86
samples_design_41_dldesign_3_best,0.63,0.84,1.71,nan,nan,nan,0.6,1.1,14.03,6.58,0.91,16.63,14.88
samples_design_41_dldesign_4_best,0.68,0.63,1.7,nan,nan,nan,0.59,1.06,10.49,5.11,0.9,7.97,4.96
samples_design_41_dldesign_5_best,0.5,0.89,1.44,nan,nan,nan,0.56,0.97,14.43,6.77,0.91,15.62,15.22
samples_design_41_dldesign_6_best,0.5,0.81,1.11,nan,nan,nan,0.53,0.81,15.7,7.36,0.9,16.16,11.86
samples_design_41_dldesign_7_best,0.56,0.78,1.05,nan,nan,nan,0.53,0.79,15.0,7.02,0.91,12.34,13.74
samples_design_42_dldesign_0_best,1.11,1.23,2.86,nan,nan,nan,0.8,1.8,14.78,6.95,0.9,8.79,4.54
samples_design_42_dldesign_1_best,0.45,1.43,0.96,nan,nan,nan,0.56,1.01,11.75,5.67,0.9,8.82,4.51
samples_design_42_dldesign_2_best,1.13,1.5,2.7,nan,nan,nan,0.8,1.81,15.57,7.28,0.91,14.56,11.93
samples_design_42_dldesign_3_best,1.27,1.27,2.73,nan,nan,nan,0.83,1.8,16.09,7.52,0.91,9.74,5.22
samples_design_42_dldesign_4_best,1.12,1.49,0.87,nan,nan,nan,0.6,1.2,16.02,7.49,0.91,15.17,14.84
samples_design_42_dldesign_5_best,1.13,1.49,2.75,nan,nan,nan,0.8,1.83,15.37,7.23,0.9,12.82,11.54
samples_design_42_dldesign_6_best,1.02,1.27,0.88,nan,nan,nan,0.59,1.07,11.8,5.7,0.9,9.31,4.54
samples_design_42_dldesign_7_best,1.27,1.46,2.69,nan,nan,nan,0.81,1.83,14.92,6.97,0.91,14.09,11.62
samples_design_43_dldesign_0_best,0.61,0.46,0.39,nan,nan,nan,0.42,0.5,15.73,7.35,0.92,18.81,16.84
samples_design_43_dldesign_1_best,0.61,0.44,0.4,nan,nan,nan,0.42,0.5,11.08,5.36,0.91,12.69,7.19
samples_design_43_dldesign_2_best,0.63,0.72,0.46,nan,nan,nan,0.43,0.61,15.25,7.16,0.92,16.08,17.13
samples_design_43_dldesign_3_best,0.52,0.32,0.34,nan,nan,nan,0.4,0.41,11.1,5.37,0.91,13.27,7.89
samples_design_43_dldesign_4_best,0.58,0.46,0.58,nan,nan,nan,0.45,0.54,11.99,5.75,0.91,10.6,6.24
samples_design_43_dldesign_5_best,0.56,0.5,0.33,nan,nan,nan,0.42,0.47,13.02,6.19,0.91,14.37,8.77
samples_design_43_dldesign_6_best,0.68,0.63,0.29,nan,nan,nan,0.43,0.56,15.75,7.37,0.92,22.28,23.52
samples_design_43_dldesign_7_best,0.6,0.63,0.3,nan,nan,nan,0.43,0.53,15.99,7.48,0.92,18.08,14.86
samples_design_44_dldesign_0_best,1.0,1.03,1.43,nan,nan,nan,0.65,1.18,13.07,6.22,0.91,12.1,7.8
samples_design_44_dldesign_1_best,0.99,1.22,1.74,nan,nan,nan,0.71,1.36,15.54,7.28,0.91,23.96,22.18
samples_design_44_dldesign_2_best,0.91,1.16,1.52,nan,nan,nan,0.65,1.23,16.12,7.54,0.91,17.71,14.88
samples_design_44_dldesign_3_best,1.05,1.12,1.41,nan,nan,nan,0.65,1.21,15.91,7.47,0.91,23.86,20.7
samples_design_44_dldesign_4_best,1.0,1.26,1.44,nan,nan,nan,0.66,1.25,16.14,7.55,0.91,21.8,21.12
samples_design_44_dldesign_5_best,0.44,0.9,1.79,nan,nan,nan,0.63,1.2,16.07,7.54,0.91,13.74,13.81
samples_design_44_dldesign_6_best,0.97,1.16,1.68,nan,nan,nan,0.69,1.31,15.76,7.38,0.91,23.42,21.66
samples_design_44_dldesign_7_best,0.56,0.81,0.82,nan,nan,nan,0.51,0.74,15.97,7.46,0.92,17.99,14.97
samples_design_45_dldesign_0_best,1.03,0.74,1.13,nan,nan,nan,0.62,1.02,15.7,7.51,0.9,15.03,13.97
samples_design_45_dldesign_1_best,1.22,0.76,0.82,nan,nan,nan,0.59,0.93,9.52,4.78,0.9,23.41,20.21
samples_design_45_dldesign_2_best,1.06,0.61,0.88,nan,nan,nan,0.57,0.88,11.55,5.68,0.9,4.95,4.71
samples_design_45_dldesign_3_best,1.0,0.74,0.82,nan,nan,nan,0.56,0.85,17.22,8.19,0.91,20.36,21.13
samples_design_45_dldesign_4_best,1.32,0.78,0.82,nan,nan,nan,0.61,0.97,11.62,5.72,0.9,2.48,2.33
samples_design_45_dldesign_5_best,1.41,0.54,0.89,nan,nan,nan,0.62,1.0,11.6,5.71,0.91,2.11,2.06
samples_design_45_dldesign_6_best,1.43,0.75,0.81,nan,nan,nan,0.64,1.01,11.44,5.65,0.9,3.03,2.18
samples_design_45_dldesign_7_best,0.99,0.83,0.87,nan,nan,nan,0.59,0.9,12.82,6.26,0.9,2.91,2.53
samples_design_46_dldesign_0_best,0.8,0.55,2.07,nan,nan,nan,0.68,1.34,15.86,7.44,0.91,18.22,15.3
samples_design_46_dldesign_1_best,0.81,0.49,2.13,nan,nan,nan,0.7,1.38,15.97,7.48,0.91,15.71,14.27
samples_design_46_dldesign_2_best,0.53,0.29,1.79,nan,nan,nan,0.6,1.12,11.72,5.67,0.9,13.44,8.17
samples_design_46_dldesign_3_best,0.52,0.27,0.59,nan,nan,nan,0.43,0.49,9.2,4.54,0.9,13.18,7.63
samples_design_46_dldesign_4_best,0.48,0.25,0.44,nan,nan,nan,0.43,0.41,12.24,5.85,0.91,13.74,8.33
samples_design_46_dldesign_5_best,0.59,0.42,1.34,nan,nan,nan,0.53,0.9,15.91,7.46,0.91,19.31,15.5
samples_design_46_dldesign_6_best,0.65,0.41,1.38,nan,nan,nan,0.53,0.93,15.73,7.39,0.91,17.3,16.9
samples_design_46_dldesign_7_best,0.46,0.43,0.9,nan,nan,nan,0.46,0.64,14.89,7.06,0.9,18.18,13.64
samples_design_47_dldesign_0_best,0.86,0.43,2.6,nan,nan,nan,0.87,1.79,10.46,5.18,0.9,8.54,4.58
samples_design_47_dldesign_1_best,0.71,0.44,0.58,nan,nan,nan,0.45,0.59,11.88,5.78,0.9,9.41,5.47
samples_design_47_dldesign_2_best,0.76,0.64,0.49,nan,nan,nan,0.46,0.62,10.17,5.03,0.9,8.21,3.95
samples_design_47_dldesign_3_best,0.53,0.74,0.47,nan,nan,nan,0.43,0.57,10.25,5.07,0.9,8.15,3.81
samples_design_47_dldesign_4_best,0.72,0.59,0.4,nan,nan,nan,0.43,0.56,8.65,4.37,0.9,3.15,3.02
samples_design_47_dldesign_5_best,0.49,0.56,0.36,nan,nan,nan,0.44,0.46,7.14,3.73,0.9,3.11,3.17
samples_design_47_dldesign_6_best,0.82,0.57,0.48,nan,nan,nan,0.46,0.63,7.86,4.03,0.9,6.33,3.04
samples_design_47_dldesign_7_best,0.89,0.64,2.23,nan,nan,nan,0.79,1.59,13.97,6.76,0.89,6.18,4.19
samples_design_48_dldesign_0_best,0.63,0.7,2.55,nan,nan,nan,0.88,1.75,13.72,6.62,0.9,13.41,6.64
samples_design_48_dldesign_1_best,0.52,0.63,0.52,nan,nan,nan,0.46,0.55,14.09,6.75,0.91,9.22,4.89
samples_design_48_dldesign_2_best,0.72,0.54,2.47,nan,nan,nan,0.82,1.7,16.33,7.76,0.9,7.07,7.24
samples_design_48_dldesign_3_best,0.76,0.48,0.47,nan,nan,nan,0.43,0.57,16.3,7.71,0.91,22.24,19.0
samples_design_48_dldesign_4_best,0.8,0.69,2.35,nan,nan,nan,0.81,1.65,15.99,7.59,0.91,13.28,8.61
samples_design_48_dldesign_5_best,0.59,0.57,0.66,nan,nan,nan,0.52,0.62,12.66,6.12,0.91,13.79,8.03
samples_design_48_dldesign_6_best,0.57,0.52,0.63,nan,nan,nan,0.45,0.59,16.08,7.6,0.91,12.45,8.95
samples_design_48_dldesign_7_best,0.61,0.71,2.78,nan,nan,nan,0.93,1.9,14.28,6.86,0.9,10.05,5.03
samples_design_49_dldesign_0_best,0.78,0.43,3.33,nan,nan,nan,1.19,2.4,16.48,7.9,0.9,5.93,4.75
samples_design_49_dldesign_1_best,0.93,1.51,0.85,nan,nan,nan,0.63,1.06,6.29,3.37,0.9,9.01,8.16
samples_design_49_dldesign_2_best,1.62,0.92,1.57,nan,nan,nan,0.78,1.46,11.95,5.86,0.9,6.74,6.01
samples_design_49_dldesign_3_best,2.06,0.78,3.82,nan,nan,nan,1.43,2.93,14.82,7.13,0.91,20.18,15.11
samples_design_49_dldesign_4_best,0.65,0.59,3.42,nan,nan,nan,1.2,2.46,16.45,7.86,0.91,9.96,7.52
samples_design_49_dldesign_5_best,0.63,0.54,1.38,nan,nan,nan,0.59,1.06,12.08,5.91,0.91,8.52,8.29
samples_design_49_dldesign_6_best,0.96,0.55,3.86,nan,nan,nan,1.38,2.78,13.19,6.43,0.9,13.22,13.4
samples_design_49_dldesign_7_best,0.83,0.5,3.41,nan,nan,nan,1.21,2.46,14.18,6.86,0.9,4.73,4.61
samples_design_0_dldesign_0_best,1.1,0.94,7.68,nan,nan,nan,2.48,5.37,17.11,8.24,0.9,19.37,16.82
samples_design_0_dldesign_1_best,1.15,0.61,7.09,nan,nan,nan,2.31,4.96,18.11,8.64,0.9,18.44,18.39
samples_design_0_dldesign_2_best,1.17,0.74,4.2,nan,nan,nan,1.45,3.0,12.29,6.14,0.88,24.34,16.41
samples_design_0_dldesign_3_best,0.76,0.75,5.5,nan,nan,nan,1.81,3.85,13.68,6.77,0.88,14.46,8.75
samples_design_0_dldesign_4_best,0.92,0.66,7.01,nan,nan,nan,2.27,4.89,15.61,7.56,0.9,14.46,9.67
samples_design_0_dldesign_5_best,0.96,0.85,9.52,nan,nan,nan,3.06,6.63,17.89,8.62,0.89,20.64,9.9
samples_design_0_dldesign_6_best,0.71,1.05,5.56,nan,nan,nan,1.82,3.9,18.06,8.68,0.89,14.35,12.66
samples_design_0_dldesign_7_best,1.26,1.03,3.76,nan,nan,nan,1.3,2.74,8.49,4.48,0.88,24.17,17.28
samples_design_1_dldesign_0_best,0.79,0.47,0.38,nan,nan,nan,0.43,0.59,16.4,7.67,0.91,28.28,20.03
samples_design_1_dldesign_1_best,0.56,0.3,0.42,nan,nan,nan,0.44,0.45,10.56,5.13,0.9,11.86,6.69
samples_design_1_dldesign_2_best,0.89,0.73,0.38,nan,nan,nan,0.48,0.71,16.07,7.54,0.9,25.82,20.19
samples_design_1_dldesign_3_best,0.61,0.57,4.82,nan,nan,nan,1.19,2.75,16.39,7.72,0.9,16.38,15.91
samples_design_1_dldesign_4_best,0.63,0.45,4.81,nan,nan,nan,1.19,2.74,17.34,8.14,0.9,20.24,20.92
samples_design_1_dldesign_5_best,0.68,0.4,0.44,nan,nan,nan,0.44,0.53,13.67,6.47,0.91,11.82,7.12
samples_design_1_dldesign_6_best,0.56,0.44,0.8,nan,nan,nan,0.45,0.61,16.15,7.55,0.91,18.5,12.96
samples_design_1_dldesign_7_best,0.56,0.52,0.74,nan,nan,nan,0.46,0.61,16.19,7.58,0.91,16.86,18.36
samples_design_2_dldesign_0_best,0.43,0.65,2.17,nan,nan,nan,0.76,1.49,13.54,6.51,0.91,11.37,5.32
samples_design_2_dldesign_1_best,0.41,0.76,0.77,nan,nan,nan,0.48,0.68,12.99,6.27,0.91,26.27,16.02
samples_design_2_dldesign_2_best,0.63,0.6,0.77,nan,nan,nan,0.51,0.69,11.9,5.8,0.9,8.93,3.89
samples_design_2_dldesign_3_best,0.42,0.73,2.09,nan,nan,nan,0.74,1.45,12.05,5.81,0.91,3.36,2.71
samples_design_2_dldesign_4_best,0.47,0.61,2.15,nan,nan,nan,0.76,1.48,13.51,6.48,0.91,11.11,5.23
samples_design_2_dldesign_5_best,0.39,0.71,2.13,nan,nan,nan,0.74,1.47,12.41,5.98,0.91,2.34,2.84
samples_design_2_dldesign_6_best,0.39,0.74,2.14,nan,nan,nan,0.74,1.48,14.5,6.91,0.91,6.51,4.47
samples_design_2_dldesign_7_best,0.36,0.62,2.17,nan,nan,nan,0.76,1.48,11.41,5.58,0.9,9.54,4.17
samples_design_3_dldesign_0_best,0.48,0.51,1.44,nan,nan,nan,0.58,1.0,15.8,7.51,0.91,9.33,10.86
samples_design_3_dldesign_1_best,0.7,0.33,1.63,nan,nan,nan,0.63,1.13,16.74,7.93,0.9,18.18,13.58
samples_design_3_dldesign_2_best,0.67,0.32,1.78,nan,nan,nan,0.65,1.21,17.34,8.2,0.9,19.34,13.04
samples_design_3_dldesign_3_best,0.46,0.36,1.56,nan,nan,nan,0.6,1.05,16.27,7.7,0.91,19.26,14.62
samples_design_3_dldesign_4_best,0.58,0.48,1.65,nan,nan,nan,0.64,1.14,16.28,7.72,0.91,8.93,8.52
samples_design_3_dldesign_5_best,0.76,0.35,1.93,nan,nan,nan,0.69,1.32,16.15,7.67,0.9,12.25,14.49
samples_design_3_dldesign_6_best,0.47,0.48,1.54,nan,nan,nan,0.6,1.05,16.76,7.93,0.91,5.3,4.89
samples_design_3_dldesign_7_best,0.49,0.25,1.94,nan,nan,nan,0.68,1.28,16.63,7.85,0.91,17.19,14.66
samples_design_4_dldesign_0_best,1.04,0.68,0.64,nan,nan,nan,0.54,0.78,14.32,6.91,0.91,2.05,2.11
samples_design_4_dldesign_1_best,0.85,0.57,0.68,nan,nan,nan,0.53,0.71,14.27,6.87,0.91,6.59,4.99
samples_design_4_dldesign_2_best,1.09,0.66,0.68,nan,nan,nan,0.56,0.81,14.8,7.12,0.91,2.9,2.14
samples_design_4_dldesign_3_best,0.9,0.68,0.68,nan,nan,nan,0.54,0.75,15.08,7.24,0.91,2.75,2.51
samples_design_4_dldesign_4_best,0.99,0.67,0.65,nan,nan,nan,0.54,0.76,15.63,7.5,0.9,6.5,6.64
samples_design_4_dldesign_5_best,0.99,0.61,0.58,nan,nan,nan,0.52,0.73,15.37,7.36,0.91,4.46,3.81
samples_design_4_dldesign_6_best,1.1,0.95,0.86,nan,nan,nan,0.59,0.95,15.64,7.48,0.91,8.76,9.52
samples_design_4_dldesign_7_best,0.78,0.61,0.65,nan,nan,nan,0.51,0.68,16.48,7.85,0.91,15.48,14.48
samples_design_5_dldesign_0_best,0.89,0.48,1.73,nan,nan,nan,0.7,1.21,15.47,7.29,0.91,23.8,14.11
samples_design_5_dldesign_1_best,1.02,0.47,1.52,nan,nan,nan,0.64,1.13,15.37,7.29,0.91,24.76,13.57
samples_design_5_dldesign_2_best,0.62,0.51,1.63,nan,nan,nan,0.61,1.11,15.79,7.46,0.91,4.9,6.4
samples_design_5_dldesign_3_best,0.81,0.48,1.61,nan,nan,nan,0.63,1.13,15.12,7.16,0.91,14.02,6.69
samples_design_5_dldesign_4_best,0.63,0.49,1.69,nan,nan,nan,0.63,1.14,15.68,7.4,0.91,14.0,7.02
samples_design_5_dldesign_5_best,0.88,0.43,1.57,nan,nan,nan,0.67,1.12,14.28,6.79,0.91,23.84,14.5
samples_design_5_dldesign_6_best,0.68,0.41,2.05,nan,nan,nan,0.69,1.34,15.82,7.48,0.91,23.84,14.2
samples_design_5_dldesign_7_best,0.76,0.5,1.69,nan,nan,nan,0.64,1.16,15.41,7.28,0.91,23.86,15.38
samples_design_6_dldesign_0_best,0.8,0.75,1.57,nan,nan,nan,0.59,1.12,15.97,7.48,0.91,20.31,18.81
samples_design_6_dldesign_1_best,0.68,0.53,0.74,nan,nan,nan,0.45,0.66,16.22,7.56,0.92,11.4,11.98
samples_design_6_dldesign_2_best,0.64,0.44,0.64,nan,nan,nan,0.43,0.59,15.34,7.2,0.92,17.15,18.22
samples_design_6_dldesign_3_best,0.56,0.47,0.7,nan,nan,nan,0.46,0.59,15.35,7.18,0.92,9.73,9.05
samples_design_6_dldesign_4_best,0.43,0.52,0.48,nan,nan,nan,0.4,0.48,15.54,7.27,0.92,24.2,20.77
samples_design_6_dldesign_5_best,0.66,0.6,0.86,nan,nan,nan,0.44,0.72,15.25,7.15,0.91,13.48,10.14
samples_design_6_dldesign_6_best,0.5,0.41,0.59,nan,nan,nan,0.41,0.51,15.74,7.37,0.92,19.53,18.44
samples_design_6_dldesign_7_best,0.9,0.74,2.03,nan,nan,nan,0.69,1.37,16.05,7.52,0.91,20.63,15.21
samples_design_7_dldesign_0_best,0.94,0.53,1.31,nan,nan,nan,0.62,0.98,14.71,6.93,0.91,11.9,6.61
samples_design_7_dldesign_1_best,0.75,0.61,1.61,nan,nan,nan,0.63,1.07,14.36,6.79,0.91,15.22,8.3
samples_design_7_dldesign_2_best,1.04,0.45,1.23,nan,nan,nan,0.59,0.97,14.04,6.66,0.91,12.97,6.3
samples_design_7_dldesign_3_best,0.7,0.45,1.49,nan,nan,nan,0.52,0.97,18.46,8.57,0.9,11.66,6.27
samples_design_7_dldesign_4_best,0.61,0.56,1.76,nan,nan,nan,0.58,1.1,15.98,7.5,0.91,14.52,9.22
samples_design_7_dldesign_5_best,1.04,0.56,1.43,nan,nan,nan,0.61,1.07,15.26,7.17,0.91,10.94,6.5
samples_design_7_dldesign_6_best,0.55,0.63,1.91,nan,nan,nan,0.59,1.18,16.2,7.59,0.91,9.14,7.31
samples_design_7_dldesign_7_best,0.4,1.16,0.73,nan,nan,nan,0.48,0.81,11.22,5.45,0.9,10.3,5.76
samples_design_8_dldesign_0_best,0.53,0.45,1.59,nan,nan,nan,0.61,1.08,16.04,7.55,0.91,16.78,14.49
samples_design_8_dldesign_1_best,0.66,0.55,1.61,nan,nan,nan,0.64,1.13,16.67,7.88,0.9,8.35,9.13
samples_design_8_dldesign_2_best,0.6,0.64,1.43,nan,nan,nan,0.59,1.03,16.38,7.73,0.91,13.02,14.06
samples_design_8_dldesign_3_best,0.91,0.47,1.34,nan,nan,nan,0.6,1.03,15.67,7.44,0.91,12.88,8.79
samples_design_8_dldesign_4_best,0.53,0.62,2.13,nan,nan,nan,0.73,1.43,16.78,7.99,0.9,11.66,11.74
samples_design_8_dldesign_5_best,0.92,0.72,1.38,nan,nan,nan,0.66,1.09,15.75,7.52,0.9,14.49,11.43
samples_design_8_dldesign_6_best,0.61,0.64,1.86,nan,nan,nan,0.66,1.28,18.89,8.9,0.89,15.15,12.43
samples_design_8_dldesign_7_best,0.97,0.78,2.24,nan,nan,nan,0.82,1.59,16.99,8.01,0.91,23.33,10.38
samples_design_9_dldesign_0_best,0.69,0.45,1.1,nan,nan,nan,0.57,0.87,13.13,6.39,0.9,11.21,5.05
samples_design_9_dldesign_1_best,0.76,0.44,3.16,nan,nan,nan,1.05,2.19,12.27,6.05,0.89,24.96,16.58
samples_design_9_dldesign_2_best,0.65,0.47,1.31,nan,nan,nan,0.61,0.98,12.18,6.01,0.89,5.02,2.57
samples_design_9_dldesign_3_best,0.81,0.5,2.85,nan,nan,nan,1.01,1.99,14.72,7.09,0.9,24.5,15.13
samples_design_9_dldesign_4_best,0.64,0.49,3.26,nan,nan,nan,1.09,2.24,15.48,7.43,0.9,24.14,15.66
samples_design_9_dldesign_5_best,0.88,0.68,3.63,nan,nan,nan,1.2,2.53,14.43,6.97,0.89,7.62,6.95
samples_design_9_dldesign_6_best,0.5,0.63,1.2,nan,nan,nan,0.56,0.91,15.09,7.27,0.9,5.89,3.91
samples_design_9_dldesign_7_best,0.86,0.74,3.81,nan,nan,nan,1.27,2.64,15.61,7.47,0.9,13.21,9.56
samples_design_10_dldesign_0_best,0.49,0.96,3.24,nan,nan,nan,1.05,2.21,14.25,6.81,0.91,9.01,8.96
samples_design_10_dldesign_1_best,0.99,1.01,3.97,nan,nan,nan,1.27,2.72,13.68,6.62,0.9,10.71,9.96
samples_design_10_dldesign_2_best,0.88,0.94,3.5,nan,nan,nan,1.13,2.41,13.9,6.71,0.9,6.84,8.95
samples_design_10_dldesign_3_best,0.89,1.15,4.0,nan,nan,nan,1.28,2.75,13.16,6.38,0.9,14.73,10.65
samples_design_10_dldesign_4_best,0.5,0.95,3.7,nan,nan,nan,1.16,2.5,14.75,7.07,0.9,12.76,10.75
samples_design_10_dldesign_5_best,0.99,1.02,4.03,nan,nan,nan,1.28,2.76,14.42,6.96,0.9,12.04,9.95
samples_design_10_dldesign_6_best,0.48,0.92,0.89,nan,nan,nan,0.52,0.8,7.22,3.76,0.9,3.89,1.95
samples_design_10_dldesign_7_best,0.91,1.11,3.61,nan,nan,nan,1.17,2.5,13.66,6.54,0.91,11.6,9.86
samples_design_11_dldesign_0_best,0.52,0.72,1.7,nan,nan,nan,0.57,1.04,15.9,7.44,0.91,13.7,15.2
samples_design_11_dldesign_1_best,0.5,0.65,1.56,nan,nan,nan,0.56,0.96,16.82,7.86,0.9,16.58,13.72
samples_design_11_dldesign_2_best,0.53,0.62,1.36,nan,nan,nan,0.53,0.87,16.26,7.59,0.9,17.57,14.61
samples_design_11_dldesign_3_best,0.67,0.52,3.29,nan,nan,nan,0.82,1.81,11.57,5.6,0.89,9.73,7.06
samples_design_11_dldesign_4_best,0.61,0.72,1.46,nan,nan,nan,0.55,0.95,16.15,7.54,0.91,9.75,12.29
samples_design_11_dldesign_5_best,0.51,0.67,1.64,nan,nan,nan,0.57,1.0,12.84,6.11,0.9,11.42,7.4
samples_design_11_dldesign_6_best,0.39,0.64,1.39,nan,nan,nan,0.51,0.86,16.1,7.53,0.9,11.72,8.96
samples_design_11_dldesign_7_best,0.51,0.81,1.41,nan,nan,nan,0.53,0.93,15.33,7.19,0.91,15.86,14.3
samples_design_12_dldesign_0_best,0.8,0.64,1.52,nan,nan,nan,0.62,1.12,15.65,7.45,0.9,25.69,15.77
samples_design_12_dldesign_1_best,0.78,0.9,2.51,nan,nan,nan,0.85,1.73,11.81,5.82,0.89,12.98,5.57
samples_design_12_dldesign_2_best,0.61,0.71,1.34,nan,nan,nan,0.59,0.99,14.55,6.99,0.9,26.09,15.8
samples_design_12_dldesign_3_best,0.74,0.73,2.44,nan,nan,nan,0.84,1.66,12.69,6.14,0.9,11.13,4.83
samples_design_12_dldesign_4_best,0.87,0.86,1.82,nan,nan,nan,0.7,1.34,11.73,5.75,0.89,4.43,2.32
samples_design_12_dldesign_5_best,0.73,0.79,1.01,nan,nan,nan,0.5,0.87,17.34,8.19,0.9,8.96,4.34
samples_design_12_dldesign_6_best,0.74,0.87,2.64,nan,nan,nan,0.88,1.8,12.07,5.92,0.89,12.98,6.33
samples_design_12_dldesign_7_best,0.76,0.68,1.29,nan,nan,nan,0.58,1.0,15.32,7.31,0.9,23.93,16.64
samples_design_13_dldesign_0_best,0.48,0.78,1.07,nan,nan,nan,0.54,0.85,16.18,7.65,0.91,16.0,13.26
samples_design_13_dldesign_1_best,0.41,0.73,2.98,nan,nan,nan,0.96,2.01,16.2,7.68,0.91,8.48,9.45
samples_design_13_dldesign_2_best,0.4,0.68,3.12,nan,nan,nan,1.0,2.1,15.11,7.2,0.91,18.22,10.72
samples_design_13_dldesign_3_best,0.46,0.81,3.04,nan,nan,nan,0.98,2.06,15.26,7.26,0.91,9.18,9.87
samples_design_13_dldesign_4_best,0.42,0.78,3.2,nan,nan,nan,1.03,2.16,14.37,6.84,0.92,11.94,11.25
samples_design_13_dldesign_5_best,0.37,0.5,0.83,nan,nan,nan,0.47,0.64,11.4,5.57,0.9,10.65,4.81
samples_design_13_dldesign_6_best,0.4,0.73,3.21,nan,nan,nan,1.02,2.16,14.53,6.94,0.91,14.42,10.9
samples_design_13_dldesign_7_best,0.43,0.75,3.22,nan,nan,nan,1.03,2.17,14.09,6.76,0.91,10.27,11.89
samples_design_14_dldesign_0_best,0.65,0.61,3.0,nan,nan,nan,1.07,2.17,15.34,7.37,0.91,8.77,7.72
samples_design_14_dldesign_1_best,0.38,0.82,1.39,nan,nan,nan,0.62,1.08,15.23,7.28,0.91,6.82,7.48
samples_design_14_dldesign_2_best,0.69,0.66,2.78,nan,nan,nan,1.0,2.02,15.6,7.48,0.91,10.24,9.95
samples_design_14_dldesign_3_best,1.01,0.78,1.35,nan,nan,nan,0.65,1.15,12.07,5.91,0.9,8.17,8.8
samples_design_14_dldesign_4_best,0.82,0.55,2.94,nan,nan,nan,1.06,2.14,15.53,7.43,0.91,11.64,7.86
samples_design_14_dldesign_5_best,0.46,0.75,1.97,nan,nan,nan,0.76,1.46,13.48,6.55,0.9,15.59,16.86
samples_design_14_dldesign_6_best,0.62,0.78,2.42,nan,nan,nan,0.9,1.78,15.26,7.38,0.9,9.46,8.94
samples_design_14_dldesign_7_best,0.65,0.71,2.43,nan,nan,nan,0.9,1.78,14.55,7.07,0.9,10.52,9.45
samples_design_15_dldesign_0_best,0.54,0.36,0.29,nan,nan,nan,0.43,0.41,8.54,4.28,0.9,10.47,5.91
samples_design_15_dldesign_1_best,0.65,0.47,1.02,nan,nan,nan,0.49,0.76,15.7,7.35,0.92,25.46,19.22
samples_design_15_dldesign_2_best,1.05,0.81,2.08,nan,nan,nan,0.73,1.45,15.36,7.2,0.91,21.78,18.34
samples_design_15_dldesign_3_best,0.58,0.67,2.22,nan,nan,nan,0.7,1.41,16.09,7.54,0.91,7.94,7.47
samples_design_15_dldesign_4_best,1.17,0.71,2.42,nan,nan,nan,0.8,1.64,15.96,7.5,0.91,15.48,15.05
samples_design_15_dldesign_5_best,0.63,0.38,0.79,nan,nan,nan,0.49,0.63,11.52,5.55,0.91,6.81,3.62
samples_design_15_dldesign_6_best,0.87,0.45,1.03,nan,nan,nan,0.5,0.84,16.38,7.64,0.91,23.12,17.16
samples_design_15_dldesign_7_best,0.97,0.82,1.89,nan,nan,nan,0.68,1.34,15.77,7.4,0.91,21.99,16.31
samples_design_16_dldesign_0_best,0.44,0.84,2.73,nan,nan,nan,0.85,1.76,15.32,7.21,0.91,16.59,14.56
samples_design_16_dldesign_1_best,0.6,0.98,2.45,nan,nan,nan,0.81,1.64,13.76,6.53,0.91,17.01,13.85
samples_design_16_dldesign_2_best,0.41,0.77,2.68,nan,nan,nan,0.83,1.72,15.34,7.24,0.91,12.4,14.55
samples_design_16_dldesign_3_best,0.44,0.82,2.86,nan,nan,nan,0.88,1.84,15.31,7.23,0.91,16.71,14.75
samples_design_16_dldesign_4_best,0.46,0.85,2.84,nan,nan,nan,0.87,1.83,14.99,7.08,0.91,10.28,12.03
samples_design_16_dldesign_5_best,0.41,0.76,2.74,nan,nan,nan,0.84,1.76,14.82,7.01,0.91,12.67,13.9
samples_design_16_dldesign_6_best,0.51,0.69,1.8,nan,nan,nan,0.66,1.21,14.78,6.99,0.91,11.26,11.59
samples_design_16_dldesign_7_best,0.43,0.77,2.69,nan,nan,nan,0.83,1.73,16.21,7.62,0.91,17.71,17.69
samples_design_17_dldesign_0_best,0.55,1.11,1.9,nan,nan,nan,0.73,1.41,15.37,7.29,0.91,8.3,6.25
samples_design_17_dldesign_1_best,0.44,0.88,1.07,nan,nan,nan,0.55,0.87,14.53,6.93,0.91,10.28,6.16
samples_design_17_dldesign_2_best,0.81,1.04,0.91,nan,nan,nan,0.56,0.92,15.52,7.38,0.91,8.29,7.18
samples_design_17_dldesign_3_best,0.39,0.97,0.96,nan,nan,nan,0.56,0.83,12.41,6.0,0.9,8.06,3.65
samples_design_17_dldesign_4_best,0.37,1.19,3.13,nan,nan,nan,1.03,2.16,13.36,6.41,0.91,16.27,10.33
samples_design_17_dldesign_5_best,0.41,1.14,3.18,nan,nan,nan,1.04,2.19,13.89,6.65,0.91,14.52,10.95
samples_design_17_dldesign_6_best,0.48,1.02,2.98,nan,nan,nan,0.98,2.05,15.15,7.24,0.9,16.34,9.87
samples_design_17_dldesign_7_best,0.43,0.83,1.14,nan,nan,nan,0.56,0.89,16.46,7.79,0.91,19.49,9.15
samples_design_18_dldesign_0_best,0.61,0.43,1.95,nan,nan,nan,0.69,1.28,9.5,4.72,0.9,2.38,2.09
samples_design_18_dldesign_1_best,0.88,0.38,1.9,nan,nan,nan,0.7,1.3,15.45,7.3,0.91,15.03,13.54
samples_design_18_dldesign_2_best,0.99,0.47,2.05,nan,nan,nan,0.74,1.41,15.21,7.2,0.91,13.54,11.71
samples_design_18_dldesign_3_best,1.05,0.54,2.17,nan,nan,nan,0.79,1.5,14.89,7.06,0.91,15.51,10.15
samples_design_18_dldesign_4_best,0.54,0.47,1.83,nan,nan,nan,0.66,1.2,11.82,5.72,0.91,9.65,5.38
samples_design_18_dldesign_5_best,0.57,0.4,1.74,nan,nan,nan,0.65,1.14,13.05,6.26,0.91,11.49,6.92
samples_design_18_dldesign_6_best,0.52,0.47,1.86,nan,nan,nan,0.67,1.21,13.91,6.63,0.91,11.73,7.32
samples_design_18_dldesign_7_best,0.52,0.35,1.88,nan,nan,nan,0.66,1.21,16.62,7.8,0.91,6.06,6.13
samples_design_19_dldesign_0_best,1.01,0.28,0.64,nan,nan,nan,0.5,0.71,9.77,4.91,0.9,0.76,0.86
samples_design_19_dldesign_1_best,0.99,0.24,0.57,nan,nan,nan,0.49,0.66,8.08,4.16,0.9,1.24,1.23
samples_design_19_dldesign_2_best,1.0,0.22,0.52,nan,nan,nan,0.51,0.65,5.95,3.23,0.9,1.59,1.21
samples_design_19_dldesign_3_best,1.05,0.25,1.53,nan,nan,nan,0.69,1.22,15.99,7.66,0.91,5.54,4.1
samples_design_19_dldesign_4_best,0.95,0.26,0.56,nan,nan,nan,0.47,0.64,10.49,5.22,0.9,1.69,1.32
samples_design_19_dldesign_5_best,0.82,0.29,0.88,nan,nan,nan,0.51,0.77,13.31,6.45,0.91,2.54,2.04
samples_design_19_dldesign_6_best,0.79,0.25,0.72,nan,nan,nan,0.47,0.66,11.47,5.63,0.9,1.27,1.1
samples_design_19_dldesign_7_best,0.59,0.4,1.0,nan,nan,nan,0.55,0.8,12.69,6.21,0.9,21.41,17.89
samples_design_20_dldesign_0_best,0.41,0.41,0.47,nan,nan,nan,0.45,0.43,9.43,4.65,0.9,11.81,6.93
samples_design_20_dldesign_1_best,0.44,0.61,0.54,nan,nan,nan,0.45,0.53,11.48,5.52,0.91,10.58,6.51
samples_design_20_dldesign_2_best,0.81,1.05,2.0,nan,nan,nan,0.72,1.4,15.71,7.35,0.91,20.4,18.55
samples_design_20_dldesign_3_best,0.35,0.62,0.63,nan,nan,nan,0.44,0.54,15.78,7.38,0.92,17.95,16.07
samples_design_20_dldesign_4_best,0.82,1.04,2.02,nan,nan,nan,0.73,1.41,15.38,7.22,0.91,18.64,17.05
samples_design_20_dldesign_5_best,0.29,0.64,0.59,nan,nan,nan,0.43,0.52,15.58,7.29,0.92,19.98,16.38
samples_design_20_dldesign_6_best,0.32,0.61,0.56,nan,nan,nan,0.43,0.51,16.15,7.54,0.92,8.4,8.23
samples_design_20_dldesign_7_best,0.44,0.65,0.75,nan,nan,nan,0.47,0.62,13.13,6.24,0.91,13.09,8.85
samples_design_21_dldesign_0_best,0.52,0.37,1.88,nan,nan,nan,0.64,1.21,13.7,6.54,0.91,14.1,12.41
samples_design_21_dldesign_1_best,0.72,0.62,1.69,nan,nan,nan,0.64,1.17,13.15,6.28,0.91,15.84,12.59
samples_design_21_dldesign_2_best,0.54,0.43,1.45,nan,nan,nan,0.57,0.98,15.7,7.41,0.91,7.17,4.25
samples_design_21_dldesign_3_best,0.72,0.52,2.4,nan,nan,nan,0.77,1.56,14.53,6.93,0.9,9.27,5.15
samples_design_21_dldesign_4_best,0.64,0.68,1.51,nan,nan,nan,0.62,1.07,15.85,7.47,0.91,6.54,7.39
samples_design_21_dldesign_5_best,0.55,0.4,1.66,nan,nan,nan,0.61,1.09,15.74,7.4,0.92,10.5,9.55
samples_design_21_dldesign_6_best,0.61,0.47,1.53,nan,nan,nan,0.59,1.04,14.46,6.87,0.91,13.97,13.0
samples_design_21_dldesign_7_best,0.55,0.39,1.45,nan,nan,nan,0.6,0.97,14.72,6.96,0.92,15.86,10.64
samples_design_22_dldesign_0_best,0.94,0.86,2.7,nan,nan,nan,1.0,2.01,14.49,7.04,0.89,12.52,12.29
samples_design_22_dldesign_1_best,0.81,0.72,1.84,nan,nan,nan,0.74,1.41,15.16,7.28,0.91,2.4,2.9
samples_design_22_dldesign_2_best,0.8,0.95,1.7,nan,nan,nan,0.73,1.35,12.49,6.14,0.9,21.38,16.43
samples_design_22_dldesign_3_best,0.84,0.52,2.0,nan,nan,nan,0.77,1.5,16.78,8.08,0.89,18.17,10.26
samples_design_22_dldesign_4_best,1.17,1.05,1.15,nan,nan,nan,0.63,1.13,13.54,6.57,0.9,9.12,9.77
samples_design_22_dldesign_5_best,1.01,0.9,1.85,nan,nan,nan,0.77,1.47,14.8,7.2,0.89,23.68,18.32
samples_design_22_dldesign_6_best,1.06,0.8,3.01,nan,nan,nan,1.1,2.23,14.79,7.16,0.9,7.74,7.15
samples_design_22_dldesign_7_best,1.01,0.53,1.12,nan,nan,nan,0.58,0.99,14.67,7.09,0.9,23.48,18.0
samples_design_23_dldesign_0_best,1.11,0.98,1.02,nan,nan,nan,0.64,1.04,16.2,7.59,0.9,17.92,11.96
samples_design_23_dldesign_1_best,1.01,0.89,2.46,nan,nan,nan,0.71,1.53,17.77,8.28,0.9,23.32,17.26
samples_design_23_dldesign_2_best,1.22,0.97,1.13,nan,nan,nan,0.6,1.12,16.13,7.55,0.9,10.44,9.78
samples_design_23_dldesign_3_best,1.16,0.85,1.3,nan,nan,nan,0.63,1.11,16.3,7.64,0.9,16.49,12.9
samples_design_23_dldesign_4_best,0.98,0.98,2.45,nan,nan,nan,0.72,1.53,16.2,7.58,0.9,10.01,9.88
samples_design_23_dldesign_5_best,0.87,0.88,1.1,nan,nan,nan,0.54,0.94,16.92,7.88,0.91,13.35,14.13
samples_design_23_dldesign_6_best,0.99,0.9,1.26,nan,nan,nan,0.58,1.05,16.19,7.58,0.9,12.75,14.61
samples_design_23_dldesign_7_best,0.9,0.91,1.5,nan,nan,nan,0.57,1.1,16.9,7.88,0.9,16.21,11.58
samples_design_24_dldesign_0_best,0.7,1.08,1.25,nan,nan,nan,0.59,1.07,17.17,8.17,0.9,9.0,5.05
samples_design_24_dldesign_1_best,0.59,1.0,1.7,nan,nan,nan,0.67,1.29,16.46,7.82,0.91,9.15,5.91
samples_design_24_dldesign_2_best,0.51,0.89,1.5,nan,nan,nan,0.62,1.14,15.43,7.37,0.91,12.26,10.7
samples_design_24_dldesign_3_best,0.58,1.13,1.63,nan,nan,nan,0.68,1.28,18.3,8.66,0.9,13.67,7.92
samples_design_24_dldesign_4_best,0.5,0.96,1.92,nan,nan,nan,0.73,1.41,16.53,7.88,0.9,11.17,9.61
samples_design_24_dldesign_5_best,0.61,1.06,1.21,nan,nan,nan,0.58,1.03,16.48,7.87,0.9,17.63,15.06
samples_design_24_dldesign_6_best,0.49,1.13,1.42,nan,nan,nan,0.64,1.15,4.19,2.44,0.91,3.27,1.83
samples_design_24_dldesign_7_best,0.54,0.89,1.19,nan,nan,nan,0.57,0.96,14.75,7.09,0.9,11.14,9.97
samples_design_25_dldesign_0_best,1.14,0.67,5.31,nan,nan,nan,1.76,3.74,14.95,7.16,0.91,23.35,16.42
samples_design_25_dldesign_1_best,0.96,0.79,5.31,nan,nan,nan,1.75,3.73,12.08,5.92,0.9,24.05,17.32
samples_design_25_dldesign_2_best,0.85,0.97,5.18,nan,nan,nan,1.7,3.64,15.76,7.57,0.9,7.0,4.49
samples_design_25_dldesign_3_best,0.84,0.69,5.16,nan,nan,nan,1.7,3.62,16.1,7.68,0.91,22.79,15.51
samples_design_25_dldesign_4_best,1.21,0.59,6.52,nan,nan,nan,2.14,4.57,12.19,6.03,0.89,20.87,16.94
samples_design_25_dldesign_5_best,0.81,0.67,5.34,nan,nan,nan,1.76,3.74,14.63,7.03,0.91,23.9,16.66
samples_design_25_dldesign_6_best,0.56,0.49,2.67,nan,nan,nan,0.95,1.89,14.04,6.81,0.9,12.78,5.64
samples_design_25_dldesign_7_best,0.65,0.77,5.27,nan,nan,nan,1.72,3.69,16.38,7.82,0.9,19.1,15.38
samples_design_26_dldesign_0_best,1.11,0.87,0.85,nan,nan,nan,0.58,0.93,14.67,7.04,0.91,6.97,6.01
samples_design_26_dldesign_1_best,1.06,0.75,0.77,nan,nan,nan,0.55,0.85,11.28,5.56,0.9,4.2,4.21
samples_design_26_dldesign_2_best,1.0,0.78,0.81,nan,nan,nan,0.55,0.86,10.5,5.22,0.9,1.63,1.67
samples_design_26_dldesign_3_best,1.08,0.82,0.75,nan,nan,nan,0.55,0.87,12.68,6.17,0.91,3.41,3.38
samples_design_26_dldesign_4_best,1.01,0.9,0.82,nan,nan,nan,0.55,0.89,13.67,6.61,0.91,2.41,2.51
samples_design_26_dldesign_5_best,1.02,0.79,0.83,nan,nan,nan,0.57,0.88,11.24,5.53,0.9,5.11,2.53
samples_design_26_dldesign_6_best,1.08,0.9,0.93,nan,nan,nan,0.59,0.97,11.32,5.58,0.9,9.11,9.03
samples_design_26_dldesign_7_best,0.84,0.83,0.7,nan,nan,nan,0.51,0.77,18.62,8.79,0.9,27.04,17.94
samples_design_27_dldesign_0_best,0.6,1.03,3.24,nan,nan,nan,1.05,2.23,14.86,7.05,0.91,10.81,10.68
samples_design_27_dldesign_1_best,0.45,0.96,0.73,nan,nan,nan,0.49,0.73,15.17,7.21,0.91,8.2,8.08
samples_design_27_dldesign_2_best,0.48,1.2,0.81,nan,nan,nan,0.52,0.85,15.91,7.52,0.91,22.38,19.33
samples_design_27_dldesign_3_best,0.43,0.75,1.18,nan,nan,nan,0.56,0.9,14.93,7.17,0.9,10.77,5.79
samples_design_27_dldesign_4_best,0.49,0.97,2.81,nan,nan,nan,0.93,1.93,15.6,7.43,0.91,5.88,5.83
samples_design_27_dldesign_5_best,0.4,1.2,0.84,nan,nan,nan,0.52,0.86,15.58,7.38,0.91,16.69,14.06
samples_design_27_dldesign_6_best,0.43,1.13,0.83,nan,nan,nan,0.51,0.83,16.03,7.57,0.91,20.78,15.83
samples_design_27_dldesign_7_best,0.46,1.02,0.86,nan,nan,nan,0.52,0.81,16.63,7.9,0.9,24.82,18.35
samples_design_28_dldesign_0_best,0.51,0.84,3.88,nan,nan,nan,1.27,2.67,16.07,7.69,0.9,5.88,7.16
samples_design_28_dldesign_1_best,0.54,0.93,3.69,nan,nan,nan,1.2,2.56,16.0,7.67,0.9,17.56,13.8
samples_design_28_dldesign_2_best,0.49,0.77,4.03,nan,nan,nan,1.3,2.77,16.52,7.89,0.9,7.2,8.2
samples_design_28_dldesign_3_best,0.51,0.78,3.98,nan,nan,nan,1.28,2.73,15.71,7.53,0.9,13.58,10.03
samples_design_28_dldesign_4_best,0.54,0.82,3.8,nan,nan,nan,1.23,2.62,15.73,7.55,0.9,18.35,12.59
samples_design_28_dldesign_5_best,0.51,0.79,4.01,nan,nan,nan,1.29,2.75,15.88,7.64,0.9,9.18,10.61
samples_design_28_dldesign_6_best,0.39,0.95,4.04,nan,nan,nan,1.31,2.79,16.16,7.73,0.9,18.84,13.0
samples_design_28_dldesign_7_best,0.52,0.89,4.22,nan,nan,nan,1.35,2.9,16.02,7.7,0.9,15.29,10.8
samples_design_29_dldesign_0_best,0.86,0.72,1.68,nan,nan,nan,0.66,1.22,15.17,7.15,0.91,18.52,13.59
samples_design_29_dldesign_1_best,0.92,0.95,1.49,nan,nan,nan,0.62,1.18,15.84,7.45,0.91,15.71,7.98
samples_design_29_dldesign_2_best,0.67,0.87,1.62,nan,nan,nan,0.6,1.17,16.26,7.64,0.91,19.34,17.54
samples_design_29_dldesign_3_best,0.87,0.96,1.37,nan,nan,nan,0.63,1.11,15.37,7.26,0.91,25.82,13.31
samples_design_29_dldesign_4_best,0.91,0.84,1.82,nan,nan,nan,0.71,1.32,15.11,7.14,0.91,26.57,16.67
samples_design_29_dldesign_5_best,0.85,0.87,1.75,nan,nan,nan,0.67,1.28,15.51,7.32,0.91,22.23,17.64
samples_design_29_dldesign_6_best,0.9,0.88,1.5,nan,nan,nan,0.62,1.16,15.84,7.46,0.91,14.09,11.9
samples_design_29_dldesign_7_best,0.7,0.82,1.78,nan,nan,nan,0.67,1.25,15.42,7.27,0.91,25.19,15.01
samples_design_30_dldesign_0_best,0.58,0.77,0.6,nan,nan,nan,0.49,0.64,14.89,7.13,0.91,8.46,9.85
samples_design_30_dldesign_1_best,0.88,0.95,0.73,nan,nan,nan,0.54,0.82,16.42,7.81,0.91,19.6,20.34
samples_design_30_dldesign_2_best,0.66,1.03,0.53,nan,nan,nan,0.48,0.71,14.86,7.13,0.91,12.21,13.97
samples_design_30_dldesign_3_best,1.0,0.79,0.47,nan,nan,nan,0.55,0.73,15.15,7.25,0.91,10.87,9.66
samples_design_30_dldesign_4_best,0.79,0.81,0.73,nan,nan,nan,0.52,0.76,13.6,6.56,0.91,5.84,5.42
samples_design_30_dldesign_5_best,1.04,0.58,0.62,nan,nan,nan,0.57,0.75,14.51,6.96,0.91,9.58,9.68
samples_design_30_dldesign_6_best,0.6,0.84,0.73,nan,nan,nan,0.51,0.73,10.99,5.42,0.9,8.97,9.1
samples_design_30_dldesign_7_best,0.94,0.66,0.61,nan,nan,nan,0.53,0.73,15.5,7.41,0.91,21.67,20.26
samples_design_31_dldesign_0_best,0.51,0.66,1.78,nan,nan,nan,0.65,1.22,15.85,7.48,0.91,20.62,13.76
samples_design_31_dldesign_1_best,0.54,0.58,1.22,nan,nan,nan,0.55,0.89,14.55,6.92,0.91,9.16,4.54
samples_design_31_dldesign_2_best,0.66,0.55,1.23,nan,nan,nan,0.52,0.92,17.52,8.25,0.91,14.04,7.27
samples_design_31_dldesign_3_best,0.62,0.51,1.92,nan,nan,nan,0.7,1.3,14.35,6.81,0.91,23.96,14.21
samples_design_31_dldesign_4_best,1.69,0.73,1.82,nan,nan,nan,0.8,1.55,16.6,7.79,0.91,10.03,7.27
samples_design_31_dldesign_5_best,0.77,0.54,2.07,nan,nan,nan,0.74,1.42,16.15,7.64,0.91,23.22,14.93
samples_design_31_dldesign_6_best,0.51,0.34,1.45,nan,nan,nan,0.55,0.99,17.26,8.11,0.91,23.89,17.5
samples_design_31_dldesign_7_best,0.62,0.46,2.03,nan,nan,nan,0.69,1.36,13.93,6.66,0.91,24.05,15.24
samples_design_32_dldesign_0_best,0.5,0.54,1.49,nan,nan,nan,0.58,1.03,17.13,8.11,0.9,16.66,10.46
samples_design_32_dldesign_1_best,0.4,0.71,0.81,nan,nan,nan,0.48,0.68,15.8,7.45,0.91,19.01,13.46
samples_design_32_dldesign_2_best,0.44,0.61,1.38,nan,nan,nan,0.59,0.97,15.6,7.38,0.91,9.05,9.54
samples_design_32_dldesign_3_best,0.42,0.56,1.06,nan,nan,nan,0.54,0.78,15.24,7.22,0.91,10.44,8.07
samples_design_32_dldesign_4_best,0.72,0.54,1.4,nan,nan,nan,0.6,1.02,14.84,7.08,0.9,9.99,8.24
samples_design_32_dldesign_5_best,0.48,0.56,1.32,nan,nan,nan,0.58,0.93,17.06,8.07,0.9,14.77,11.42
samples_design_32_dldesign_6_best,0.52,0.77,1.48,nan,nan,nan,0.62,1.07,16.48,7.77,0.91,18.72,12.41
samples_design_32_dldesign_7_best,0.55,0.46,1.41,nan,nan,nan,0.6,0.98,14.69,6.99,0.91,9.46,6.89
samples_design_33_dldesign_0_best,0.77,0.78,0.8,nan,nan,nan,0.54,0.79,13.67,6.62,0.91,13.04,12.9
samples_design_33_dldesign_1_best,0.98,0.8,0.7,nan,nan,nan,0.54,0.81,10.86,5.4,0.9,7.57,7.39
samples_design_33_dldesign_2_best,0.88,0.85,0.83,nan,nan,nan,0.57,0.85,15.89,7.61,0.91,19.0,16.59
samples_design_33_dldesign_3_best,0.76,0.51,0.89,nan,nan,nan,0.53,0.78,8.11,4.18,0.9,1.22,1.13
samples_design_33_dldesign_4_best,0.94,0.53,0.96,nan,nan,nan,0.59,0.88,11.25,5.55,0.9,6.11,5.84
samples_design_33_dldesign_5_best,0.91,0.87,0.78,nan,nan,nan,0.55,0.84,14.67,7.06,0.91,19.95,18.05
samples_design_33_dldesign_6_best,0.91,0.53,0.76,nan,nan,nan,0.54,0.76,10.15,5.06,0.9,1.48,1.46
samples_design_33_dldesign_7_best,0.79,0.3,0.66,nan,nan,nan,0.49,0.64,6.87,3.62,0.9,0.81,0.91
samples_design_34_dldesign_0_best,2.26,1.1,2.34,nan,nan,nan,0.92,2.03,16.02,7.55,0.91,25.78,17.18
samples_design_34_dldesign_1_best,1.48,2.4,1.9,nan,nan,nan,0.91,1.94,16.42,7.72,0.91,19.43,12.08
samples_design_34_dldesign_2_best,2.01,1.19,2.14,nan,nan,nan,0.87,1.87,14.25,6.77,0.91,11.64,6.54
samples_design_34_dldesign_3_best,1.69,1.03,2.24,nan,nan,nan,0.82,1.78,15.92,7.49,0.91,16.71,13.03
samples_design_34_dldesign_4_best,0.73,2.65,1.78,nan,nan,nan,0.87,1.84,16.19,7.59,0.92,26.32,15.02
samples_design_34_dldesign_5_best,2.29,0.99,2.06,nan,nan,nan,0.87,1.91,15.92,7.51,0.91,20.94,12.35
samples_design_34_dldesign_6_best,0.79,1.04,1.6,nan,nan,nan,0.62,1.22,15.39,7.27,0.91,17.04,12.25
samples_design_34_dldesign_7_best,0.85,1.49,1.72,nan,nan,nan,0.69,1.41,15.8,7.43,0.91,18.83,13.06
samples_design_35_dldesign_0_best,0.35,0.98,1.96,nan,nan,nan,0.7,1.37,15.84,7.48,0.91,15.73,12.86
samples_design_35_dldesign_1_best,0.66,0.44,0.89,nan,nan,nan,0.48,0.72,13.47,6.49,0.9,11.18,6.33
samples_design_35_dldesign_2_best,0.78,0.64,0.62,nan,nan,nan,0.48,0.68,13.01,6.29,0.9,8.72,4.08
samples_design_35_dldesign_3_best,0.48,0.83,0.82,nan,nan,nan,0.46,0.73,16.05,7.58,0.91,12.83,10.4
samples_design_35_dldesign_4_best,0.86,0.72,1.24,nan,nan,nan,0.59,1.0,15.83,7.51,0.9,18.12,15.81
samples_design_35_dldesign_5_best,0.8,0.71,0.61,nan,nan,nan,0.48,0.7,13.49,6.48,0.9,8.74,4.86
samples_design_35_dldesign_6_best,0.79,0.76,1.86,nan,nan,nan,0.68,1.33,16.24,7.68,0.91,20.97,12.76
samples_design_35_dldesign_7_best,0.68,0.9,0.9,nan,nan,nan,0.51,0.84,16.39,7.74,0.91,20.89,12.43
samples_design_36_dldesign_0_best,0.58,0.85,2.49,nan,nan,nan,0.72,1.52,15.71,7.38,0.91,15.68,14.82
samples_design_36_dldesign_1_best,0.76,0.79,1.65,nan,nan,nan,0.6,1.13,15.4,7.26,0.91,12.54,7.59
samples_design_36_dldesign_2_best,0.56,0.92,2.87,nan,nan,nan,0.8,1.73,16.27,7.63,0.9,19.29,19.64
samples_design_36_dldesign_3_best,0.74,0.83,1.85,nan,nan,nan,0.61,1.23,15.92,7.47,0.91,7.42,8.73
samples_design_36_dldesign_4_best,0.73,0.8,2.38,nan,nan,nan,0.7,1.48,16.37,7.68,0.91,6.08,5.0
samples_design_36_dldesign_5_best,0.58,0.79,2.24,nan,nan,nan,0.68,1.38,15.25,7.17,0.91,15.68,10.74
samples_design_36_dldesign_6_best,0.81,0.89,2.14,nan,nan,nan,0.66,1.39,16.28,7.64,0.91,20.75,21.34
samples_design_36_dldesign_7_best,0.74,0.8,2.18,nan,nan,nan,0.66,1.38,15.82,7.42,0.91,12.96,14.52
samples_design_37_dldesign_0_best,0.43,0.54,1.66,nan,nan,nan,0.54,0.97,12.85,6.12,0.9,9.69,6.65
samples_design_37_dldesign_1_best,0.5,0.87,1.93,nan,nan,nan,0.61,1.18,16.21,7.56,0.91,17.13,14.6
samples_design_37_dldesign_2_best,0.54,0.76,1.75,nan,nan,nan,0.6,1.08,16.41,7.66,0.91,23.36,19.72
samples_design_37_dldesign_3_best,0.49,0.6,1.5,nan,nan,nan,0.55,0.91,16.73,7.78,0.91,17.03,18.62
samples_design_37_dldesign_4_best,0.46,0.68,1.7,nan,nan,nan,0.57,1.02,17.3,8.03,0.91,17.41,19.57
samples_design_37_dldesign_5_best,0.5,0.69,1.57,nan,nan,nan,0.55,0.97,15.04,7.06,0.91,14.97,13.74
samples_design_37_dldesign_6_best,0.45,0.71,1.48,nan,nan,nan,0.54,0.93,15.55,7.29,0.91,12.38,12.66
samples_design_37_dldesign_7_best,0.46,0.7,1.39,nan,nan,nan,0.53,0.88,15.97,7.46,0.91,23.45,24.54
samples_design_38_dldesign_0_best,0.31,0.49,1.98,nan,nan,nan,0.69,1.34,15.19,7.22,0.91,12.64,12.28
samples_design_38_dldesign_1_best,0.59,0.39,3.47,nan,nan,nan,1.1,2.32,13.4,6.41,0.92,8.11,10.4
samples_design_38_dldesign_2_best,0.58,0.38,3.22,nan,nan,nan,1.03,2.15,14.24,6.83,0.91,12.44,14.48
samples_design_38_dldesign_3_best,0.38,0.49,1.29,nan,nan,nan,0.55,0.91,15.48,7.34,0.91,12.14,13.76
samples_design_38_dldesign_4_best,0.32,0.29,1.61,nan,nan,nan,0.6,1.09,14.28,6.82,0.91,9.71,5.71
samples_design_38_dldesign_5_best,0.54,0.59,3.57,nan,nan,nan,1.12,2.39,14.51,7.0,0.9,18.09,12.5
samples_design_38_dldesign_6_best,0.37,0.52,1.41,nan,nan,nan,0.57,0.99,15.85,7.53,0.91,10.53,10.5
samples_design_38_dldesign_7_best,0.43,0.45,3.69,nan,nan,nan,1.15,2.46,14.92,7.17,0.9,13.27,12.53
samples_design_39_dldesign_0_best,0.77,0.66,1.5,nan,nan,nan,0.63,1.11,15.0,7.11,0.91,12.25,6.16
samples_design_39_dldesign_1_best,0.95,0.71,1.61,nan,nan,nan,0.68,1.22,15.4,7.31,0.91,23.53,14.45
samples_design_39_dldesign_2_best,0.58,0.63,1.27,nan,nan,nan,0.56,0.94,5.97,3.2,0.9,1.69,1.53
samples_design_39_dldesign_3_best,0.69,0.67,1.76,nan,nan,nan,0.68,1.24,15.31,7.26,0.91,24.07,15.91
samples_design_39_dldesign_4_best,0.85,0.93,1.67,nan,nan,nan,0.64,1.27,18.74,8.79,0.9,16.18,12.06
samples_design_39_dldesign_5_best,0.76,0.55,1.64,nan,nan,nan,0.64,1.17,14.26,6.8,0.91,24.0,15.19
samples_design_39_dldesign_6_best,1.04,0.77,1.65,nan,nan,nan,0.69,1.27,14.84,7.06,0.91,23.93,14.1
samples_design_39_dldesign_7_best,1.17,0.89,1.91,nan,nan,nan,0.74,1.46,16.0,7.58,0.91,24.04,13.51
samples_design_40_dldesign_0_best,0.71,0.62,1.36,nan,nan,nan,0.59,1.01,16.34,7.7,0.91,20.55,11.91
samples_design_40_dldesign_1_best,0.67,0.64,1.51,nan,nan,nan,0.61,1.09,15.48,7.34,0.91,14.14,8.63
samples_design_40_dldesign_2_best,0.59,0.55,2.03,nan,nan,nan,0.71,1.37,15.91,7.51,0.91,7.19,9.49
samples_design_40_dldesign_3_best,0.67,1.17,2.27,nan,nan,nan,0.81,1.62,13.67,6.54,0.91,14.32,8.19
samples_design_40_dldesign_4_best,0.6,0.49,1.59,nan,nan,nan,0.62,1.1,16.33,7.7,0.91,19.78,11.59
samples_design_40_dldesign_5_best,0.71,0.5,1.3,nan,nan,nan,0.56,0.96,16.69,7.85,0.91,17.05,10.6
samples_design_40_dldesign_6_best,0.74,0.74,1.39,nan,nan,nan,0.63,1.06,15.72,7.43,0.91,25.51,15.54
samples_design_40_dldesign_7_best,0.58,0.58,1.24,nan,nan,nan,0.55,0.91,15.86,7.49,0.91,10.86,8.53
samples_design_41_dldesign_0_best,0.36,0.35,1.13,nan,nan,nan,0.51,0.72,11.7,5.62,0.91,11.42,6.98
samples_design_41_dldesign_1_best,0.47,0.36,0.83,nan,nan,nan,0.49,0.6,12.66,6.04,0.91,10.77,6.58
samples_design_41_dldesign_2_best,0.43,0.18,0.48,nan,nan,nan,0.46,0.39,11.5,5.53,0.91,11.72,6.77
samples_design_41_dldesign_3_best,0.41,0.49,0.64,nan,nan,nan,0.45,0.53,15.88,7.41,0.92,20.04,18.78
samples_design_41_dldesign_4_best,0.95,0.79,1.32,nan,nan,nan,0.61,1.05,15.95,7.48,0.91,22.18,18.44
samples_design_41_dldesign_5_best,0.44,0.49,0.48,nan,nan,nan,0.45,0.47,15.36,7.2,0.92,13.85,13.81
samples_design_41_dldesign_6_best,0.36,0.52,0.62,nan,nan,nan,0.46,0.51,15.47,7.24,0.92,13.54,13.98
samples_design_41_dldesign_7_best,0.47,0.53,0.85,nan,nan,nan,0.48,0.64,15.78,7.4,0.91,17.73,19.32
samples_design_42_dldesign_0_best,0.75,0.53,2.05,nan,nan,nan,0.77,1.47,16.24,7.83,0.89,10.74,5.13
samples_design_42_dldesign_1_best,0.94,0.53,3.04,nan,nan,nan,1.06,2.14,14.04,6.84,0.89,8.54,4.63
samples_design_42_dldesign_2_best,0.82,0.49,2.88,nan,nan,nan,0.99,2.01,16.27,7.86,0.89,7.39,3.62
samples_design_42_dldesign_3_best,0.59,0.51,2.07,nan,nan,nan,0.77,1.46,15.55,7.51,0.89,8.55,3.56
samples_design_42_dldesign_4_best,0.82,0.65,4.21,nan,nan,nan,1.36,2.9,14.22,6.93,0.89,16.61,15.72
samples_design_42_dldesign_5_best,0.72,0.54,2.88,nan,nan,nan,0.98,2.01,16.86,8.11,0.89,7.9,4.62
samples_design_42_dldesign_6_best,0.85,0.47,1.49,nan,nan,nan,0.68,1.13,12.36,6.12,0.89,9.45,4.07
samples_design_42_dldesign_7_best,0.85,0.59,3.61,nan,nan,nan,1.21,2.5,12.52,6.19,0.89,4.24,2.92
samples_design_43_dldesign_0_best,0.76,1.0,1.23,nan,nan,nan,0.57,1.05,16.93,8.03,0.9,7.34,4.5
samples_design_43_dldesign_1_best,0.83,0.87,1.96,nan,nan,nan,0.73,1.44,16.31,7.79,0.9,7.56,6.57
samples_design_43_dldesign_2_best,0.88,0.8,1.33,nan,nan,nan,0.6,1.08,16.68,7.94,0.9,24.4,15.44
samples_design_43_dldesign_3_best,1.06,0.94,3.08,nan,nan,nan,1.03,2.17,17.64,8.36,0.9,21.84,12.1
samples_design_43_dldesign_4_best,1.01,0.72,1.49,nan,nan,nan,0.66,1.19,15.39,7.37,0.9,11.27,7.62
samples_design_43_dldesign_5_best,0.81,1.16,1.99,nan,nan,nan,0.75,1.51,17.31,8.2,0.9,20.85,12.29
samples_design_43_dldesign_6_best,0.88,0.86,1.66,nan,nan,nan,0.68,1.27,16.81,7.98,0.9,24.73,14.34
samples_design_43_dldesign_7_best,0.84,0.91,2.5,nan,nan,nan,0.86,1.77,17.14,8.14,0.9,15.21,12.25
samples_design_44_dldesign_0_best,1.26,0.68,0.75,nan,nan,nan,0.58,0.91,12.58,6.12,0.91,4.09,3.02
samples_design_44_dldesign_1_best,0.61,0.48,0.81,nan,nan,nan,0.51,0.69,13.42,6.51,0.9,4.43,4.29
samples_design_44_dldesign_2_best,0.7,0.78,0.71,nan,nan,nan,0.49,0.72,16.54,7.86,0.91,16.91,18.6
samples_design_44_dldesign_3_best,1.29,0.45,0.76,nan,nan,nan,0.58,0.89,10.52,5.23,0.9,1.14,1.01
samples_design_44_dldesign_4_best,1.03,0.58,0.71,nan,nan,nan,0.54,0.79,13.58,6.55,0.91,1.13,1.4
samples_design_44_dldesign_5_best,0.99,0.22,0.67,nan,nan,nan,0.49,0.71,13.84,6.69,0.9,2.42,2.44
samples_design_44_dldesign_6_best,1.19,0.61,0.76,nan,nan,nan,0.54,0.87,13.13,6.37,0.91,1.91,1.68
samples_design_44_dldesign_7_best,1.3,0.53,0.97,nan,nan,nan,0.6,1.0,6.46,3.48,0.89,2.58,2.89
samples_design_45_dldesign_0_best,0.59,0.95,3.81,nan,nan,nan,1.25,2.64,14.09,6.8,0.9,11.83,7.23
samples_design_45_dldesign_1_best,0.68,0.96,3.49,nan,nan,nan,1.16,2.44,16.32,7.76,0.91,25.74,14.66
samples_design_45_dldesign_2_best,0.77,0.93,2.16,nan,nan,nan,0.81,1.59,17.67,8.4,0.9,24.41,16.13
samples_design_45_dldesign_3_best,0.59,0.97,3.31,nan,nan,nan,1.12,2.32,15.38,7.38,0.9,6.7,6.21
samples_design_45_dldesign_4_best,0.75,0.92,2.38,nan,nan,nan,0.84,1.73,19.48,9.2,0.89,7.37,8.68
samples_design_45_dldesign_5_best,0.58,0.83,3.2,nan,nan,nan,1.07,2.23,17.0,8.08,0.91,25.1,12.29
samples_design_45_dldesign_6_best,0.77,1.09,1.91,nan,nan,nan,0.74,1.46,16.86,8.01,0.9,16.0,7.96
samples_design_45_dldesign_7_best,0.55,0.87,2.87,nan,nan,nan,0.98,2.01,17.41,8.27,0.91,5.56,5.72
samples_design_46_dldesign_0_best,0.81,0.54,1.41,nan,nan,nan,0.61,1.05,15.71,7.41,0.91,23.46,15.58
samples_design_46_dldesign_1_best,0.83,0.68,0.72,nan,nan,nan,0.52,0.75,14.34,6.85,0.9,13.26,6.04
samples_design_46_dldesign_2_best,0.62,0.48,0.89,nan,nan,nan,0.51,0.71,14.99,7.1,0.91,23.9,14.59
samples_design_46_dldesign_3_best,0.85,0.74,1.53,nan,nan,nan,0.65,1.16,15.66,7.39,0.91,11.29,5.9
samples_design_46_dldesign_4_best,0.75,0.82,0.72,nan,nan,nan,0.49,0.76,15.7,7.41,0.91,22.79,12.88
samples_design_46_dldesign_5_best,0.55,0.64,1.44,nan,nan,nan,0.6,1.03,15.33,7.26,0.91,12.21,5.87
samples_design_46_dldesign_6_best,0.65,0.56,0.79,nan,nan,nan,0.49,0.69,15.29,7.23,0.91,24.7,12.94
samples_design_46_dldesign_7_best,0.81,0.39,1.06,nan,nan,nan,0.54,0.84,15.15,7.16,0.91,24.62,15.15
samples_design_47_dldesign_0_best,0.98,0.53,1.57,nan,nan,nan,0.61,1.1,15.04,7.11,0.9,8.18,5.18
samples_design_47_dldesign_1_best,1.0,0.69,3.76,nan,nan,nan,0.99,2.23,15.59,7.36,0.9,15.44,15.48
samples_design_47_dldesign_2_best,1.21,0.44,1.71,nan,nan,nan,0.64,1.24,16.15,7.6,0.9,23.68,17.07
samples_design_47_dldesign_3_best,1.05,0.63,0.91,nan,nan,nan,0.54,0.89,13.31,6.31,0.91,9.65,5.38
samples_design_47_dldesign_4_best,1.05,0.72,4.19,nan,nan,nan,1.08,2.47,15.81,7.45,0.9,17.74,11.16
samples_design_47_dldesign_5_best,1.01,0.61,1.79,nan,nan,nan,0.62,1.23,16.05,7.52,0.91,11.82,15.11
samples_design_47_dldesign_6_best,0.96,0.66,4.03,nan,nan,nan,1.04,2.37,16.08,7.57,0.9,14.68,12.38
samples_design_47_dldesign_7_best,0.95,0.63,3.05,nan,nan,nan,0.84,1.84,15.18,7.16,0.91,14.69,11.87
samples_design_48_dldesign_0_best,0.72,0.47,0.68,nan,nan,nan,0.52,0.65,10.21,5.08,0.9,1.52,1.68
samples_design_48_dldesign_1_best,0.67,0.48,0.76,nan,nan,nan,0.55,0.68,8.44,4.28,0.9,2.38,1.95
samples_design_48_dldesign_2_best,0.7,0.49,0.71,nan,nan,nan,0.52,0.66,10.17,5.06,0.91,1.79,2.11
samples_design_48_dldesign_3_best,0.76,0.54,0.83,nan,nan,nan,0.55,0.76,10.5,5.18,0.91,2.28,2.5
samples_design_48_dldesign_4_best,0.64,0.58,0.67,nan,nan,nan,0.54,0.64,7.47,3.88,0.9,2.19,1.45
samples_design_48_dldesign_5_best,0.65,0.55,0.73,nan,nan,nan,0.54,0.67,8.07,4.13,0.9,2.19,1.69
samples_design_48_dldesign_6_best,0.65,0.53,0.71,nan,nan,nan,0.55,0.66,6.6,3.49,0.9,1.72,1.43
samples_design_48_dldesign_7_best,0.72,0.56,0.89,nan,nan,nan,0.6,0.78,6.58,3.48,0.9,3.96,2.51
samples_design_49_dldesign_0_best,1.01,0.44,0.99,nan,nan,nan,0.58,0.89,10.37,5.18,0.9,1.42,1.41
samples_design_49_dldesign_1_best,0.62,0.27,0.78,nan,nan,nan,0.48,0.65,11.55,5.69,0.9,0.79,0.7
samples_design_49_dldesign_2_best,0.69,0.3,1.13,nan,nan,nan,0.57,0.88,15.28,7.31,0.91,22.24,19.34
samples_design_49_dldesign_3_best,0.58,0.39,0.73,nan,nan,nan,0.48,0.62,11.44,5.64,0.9,2.85,2.32
samples_design_49_dldesign_4_best,0.8,0.47,0.98,nan,nan,nan,0.56,0.83,11.42,5.62,0.9,2.22,1.84
samples_design_49_dldesign_5_best,0.78,0.45,0.88,nan,nan,nan,0.54,0.77,11.75,5.78,0.9,2.31,1.08
samples_design_49_dldesign_6_best,1.04,0.46,0.75,nan,nan,nan,0.55,0.79,11.7,5.76,0.9,1.41,1.42
samples_design_49_dldesign_7_best,1.18,0.51,0.74,nan,nan,nan,0.57,0.85,12.38,6.07,0.9,1.96,1.37
samples_design_0_dldesign_0_best,0.35,0.94,1.32,nan,nan,nan,0.56,1.01,16.32,7.74,0.9,19.23,17.29
samples_design_0_dldesign_1_best,0.85,0.7,0.48,nan,nan,nan,0.49,0.67,11.17,5.48,0.9,12.25,5.11
samples_design_0_dldesign_2_best,0.73,0.68,0.84,nan,nan,nan,0.5,0.77,15.72,7.5,0.9,17.49,11.44
samples_design_0_dldesign_3_best,0.81,0.65,0.52,nan,nan,nan,0.48,0.66,11.43,5.58,0.9,11.48,5.19
samples_design_0_dldesign_4_best,0.9,0.67,0.75,nan,nan,nan,0.52,0.78,11.95,5.86,0.9,13.11,5.8
samples_design_0_dldesign_5_best,0.61,0.85,2.5,nan,nan,nan,0.85,1.73,14.82,7.12,0.9,14.21,10.01
samples_design_0_dldesign_6_best,0.46,0.58,0.32,nan,nan,nan,0.44,0.44,12.65,6.12,0.9,11.73,5.05
samples_design_0_dldesign_7_best,0.83,0.66,0.39,nan,nan,nan,0.48,0.62,11.31,5.57,0.9,13.78,6.22
samples_design_1_dldesign_0_best,0.52,0.38,2.61,nan,nan,nan,0.83,1.71,15.91,7.56,0.91,22.02,15.76
samples_design_1_dldesign_1_best,0.5,0.51,2.04,nan,nan,nan,0.69,1.36,15.97,7.58,0.91,15.34,13.21
samples_design_1_dldesign_2_best,0.39,0.31,2.19,nan,nan,nan,0.71,1.43,15.65,7.43,0.91,15.61,12.77
samples_design_1_dldesign_3_best,0.58,0.34,3.15,nan,nan,nan,0.96,2.05,14.69,7.01,0.91,15.57,14.59
samples_design_1_dldesign_4_best,0.51,0.42,2.37,nan,nan,nan,0.76,1.55,15.86,7.54,0.9,15.91,12.8
samples_design_1_dldesign_5_best,0.82,0.41,2.22,nan,nan,nan,0.75,1.51,16.63,7.86,0.91,18.58,13.0
samples_design_1_dldesign_6_best,0.48,0.31,2.02,nan,nan,nan,0.69,1.33,16.2,7.71,0.9,14.79,16.79
samples_design_1_dldesign_7_best,0.57,0.45,3.05,nan,nan,nan,0.95,1.99,16.88,7.95,0.91,19.11,12.87
samples_design_2_dldesign_0_best,0.49,0.45,3.52,nan,nan,nan,1.19,2.47,14.67,7.07,0.9,29.17,20.6
samples_design_2_dldesign_1_best,0.53,0.46,3.54,nan,nan,nan,1.2,2.48,16.67,7.92,0.91,11.63,10.36
samples_design_2_dldesign_2_best,0.8,0.42,3.22,nan,nan,nan,1.11,2.28,17.06,8.11,0.91,14.3,13.76
samples_design_2_dldesign_3_best,0.48,0.44,3.15,nan,nan,nan,1.08,2.21,15.17,7.26,0.91,15.98,14.76
samples_design_2_dldesign_4_best,0.74,0.47,3.47,nan,nan,nan,1.18,2.44,17.65,8.36,0.91,21.73,23.98
samples_design_2_dldesign_5_best,0.72,0.57,3.62,nan,nan,nan,1.22,2.55,16.85,8.0,0.91,12.16,12.74
samples_design_2_dldesign_6_best,0.56,0.45,3.4,nan,nan,nan,1.15,2.38,17.18,8.16,0.91,11.93,10.2
samples_design_2_dldesign_7_best,0.79,0.44,3.67,nan,nan,nan,1.25,2.59,16.86,8.02,0.91,16.28,13.3
samples_design_3_dldesign_0_best,0.98,0.63,2.02,nan,nan,nan,0.7,1.33,15.71,7.35,0.91,11.55,8.06
samples_design_3_dldesign_1_best,0.53,0.43,0.84,nan,nan,nan,0.49,0.62,14.04,6.61,0.91,11.06,6.77
samples_design_3_dldesign_2_best,0.68,0.44,0.51,nan,nan,nan,0.46,0.56,15.49,7.23,0.91,23.51,20.28
samples_design_3_dldesign_3_best,0.81,0.58,0.5,nan,nan,nan,0.46,0.65,16.31,7.61,0.91,23.16,18.59
samples_design_3_dldesign_4_best,0.9,0.6,2.01,nan,nan,nan,0.67,1.3,16.76,7.82,0.91,7.8,5.8
samples_design_3_dldesign_5_best,0.89,0.53,0.79,nan,nan,nan,0.55,0.76,16.16,7.58,0.91,19.52,16.84
samples_design_3_dldesign_6_best,1.04,0.79,1.93,nan,nan,nan,0.69,1.33,16.15,7.55,0.91,22.21,20.59
samples_design_3_dldesign_7_best,0.64,0.37,0.58,nan,nan,nan,0.45,0.55,15.53,7.26,0.92,17.27,17.57
samples_design_4_dldesign_0_best,0.71,0.49,4.39,nan,nan,nan,1.44,3.07,14.63,7.02,0.91,14.12,7.44
samples_design_4_dldesign_1_best,0.51,0.42,2.31,nan,nan,nan,0.84,1.64,15.21,7.34,0.9,3.31,2.52
samples_design_4_dldesign_2_best,0.69,0.33,4.24,nan,nan,nan,1.41,2.97,15.39,7.38,0.9,6.3,5.42
samples_design_4_dldesign_3_best,0.5,0.27,1.76,nan,nan,nan,0.68,1.25,12.93,6.33,0.9,3.31,3.72
samples_design_4_dldesign_4_best,0.71,0.53,3.62,nan,nan,nan,1.22,2.55,16.79,7.98,0.9,17.4,13.66
samples_design_4_dldesign_5_best,0.77,0.26,3.97,nan,nan,nan,1.33,2.78,14.22,6.91,0.9,6.13,4.91
samples_design_4_dldesign_6_best,0.61,0.3,4.25,nan,nan,nan,1.41,2.97,16.16,7.69,0.91,6.18,6.55
samples_design_4_dldesign_7_best,0.5,0.3,4.29,nan,nan,nan,1.42,2.99,12.98,6.29,0.91,5.57,4.6
samples_design_5_dldesign_0_best,0.85,0.62,1.8,nan,nan,nan,0.66,1.26,14.02,6.68,0.91,17.7,12.8
samples_design_5_dldesign_1_best,0.7,0.35,1.32,nan,nan,nan,0.56,0.93,13.13,6.29,0.91,9.63,5.61
samples_design_5_dldesign_2_best,0.86,0.49,1.13,nan,nan,nan,0.53,0.89,13.98,6.68,0.91,8.2,6.05
samples_design_5_dldesign_3_best,0.99,0.8,1.95,nan,nan,nan,0.74,1.4,12.1,5.82,0.91,18.79,12.18
samples_design_5_dldesign_4_best,1.05,0.55,1.11,nan,nan,nan,0.58,0.96,14.5,6.9,0.9,11.65,7.3
samples_design_5_dldesign_5_best,0.92,0.58,0.98,nan,nan,nan,0.55,0.86,14.71,6.97,0.91,19.13,11.47
samples_design_5_dldesign_6_best,0.79,0.62,1.85,nan,nan,nan,0.67,1.27,13.89,6.61,0.91,18.24,12.4
samples_design_5_dldesign_7_best,0.78,0.54,2.03,nan,nan,nan,0.73,1.36,10.42,5.13,0.9,18.71,12.7
samples_design_6_dldesign_0_best,0.45,1.0,3.59,nan,nan,nan,1.16,2.49,15.2,7.28,0.9,3.58,3.99
samples_design_6_dldesign_1_best,0.57,1.01,4.29,nan,nan,nan,1.38,2.96,16.05,7.67,0.9,3.99,3.45
samples_design_6_dldesign_2_best,0.63,1.31,1.17,nan,nan,nan,0.6,1.08,11.7,5.76,0.9,22.76,15.06
samples_design_6_dldesign_3_best,0.49,1.07,3.26,nan,nan,nan,1.08,2.28,16.22,7.72,0.9,9.32,8.77
samples_design_6_dldesign_4_best,0.48,1.07,3.56,nan,nan,nan,1.17,2.48,14.24,6.88,0.9,7.09,4.7
samples_design_6_dldesign_5_best,0.74,2.15,2.03,nan,nan,nan,0.86,1.79,5.99,3.3,0.89,24.33,16.77
samples_design_6_dldesign_6_best,0.43,0.97,3.73,nan,nan,nan,1.2,2.58,15.3,7.32,0.91,4.61,3.79
samples_design_6_dldesign_7_best,0.54,1.26,1.3,nan,nan,nan,0.61,1.12,13.08,6.35,0.9,16.98,7.28
samples_design_7_dldesign_0_best,0.71,0.42,0.95,nan,nan,nan,0.49,0.75,15.65,7.37,0.91,11.4,9.01
samples_design_7_dldesign_1_best,0.72,0.34,1.99,nan,nan,nan,0.66,1.31,15.19,7.21,0.9,11.59,10.78
samples_design_7_dldesign_2_best,0.77,0.55,1.08,nan,nan,nan,0.53,0.85,15.71,7.41,0.91,19.0,15.04
samples_design_7_dldesign_3_best,0.59,0.59,1.59,nan,nan,nan,0.57,1.08,12.81,6.16,0.9,11.59,10.36
samples_design_7_dldesign_4_best,0.47,0.31,0.83,nan,nan,nan,0.43,0.6,16.31,7.65,0.91,14.71,16.59
samples_design_7_dldesign_5_best,0.44,0.25,1.7,nan,nan,nan,0.58,1.09,15.0,7.09,0.91,7.32,8.73
samples_design_7_dldesign_6_best,0.9,0.54,1.71,nan,nan,nan,0.64,1.21,13.3,6.37,0.91,17.89,12.91
samples_design_7_dldesign_7_best,0.85,0.43,1.58,nan,nan,nan,0.6,1.12,14.73,6.98,0.91,11.43,10.48
samples_design_8_dldesign_0_best,0.76,1.18,1.92,nan,nan,nan,0.79,1.52,15.23,7.38,0.9,9.77,11.37
samples_design_8_dldesign_1_best,0.8,1.12,2.92,nan,nan,nan,1.08,2.18,15.82,7.58,0.91,14.93,12.69
samples_design_8_dldesign_2_best,0.55,1.22,1.96,nan,nan,nan,0.8,1.53,15.52,7.46,0.91,11.51,10.69
samples_design_8_dldesign_3_best,0.54,1.29,2.55,nan,nan,nan,0.97,1.93,13.87,6.72,0.9,6.97,7.83
samples_design_8_dldesign_4_best,0.7,1.23,2.64,nan,nan,nan,1.01,1.99,14.09,6.85,0.9,14.15,14.43
samples_design_8_dldesign_5_best,0.87,1.2,2.13,nan,nan,nan,0.86,1.67,14.25,6.94,0.89,8.11,10.15
samples_design_8_dldesign_6_best,0.61,1.24,3.24,nan,nan,nan,1.16,2.39,16.65,7.98,0.9,9.17,8.13
samples_design_8_dldesign_7_best,0.84,1.2,2.63,nan,nan,nan,1.0,1.99,15.68,7.54,0.9,10.06,11.86
samples_design_9_dldesign_0_best,0.47,0.66,0.34,nan,nan,nan,0.42,0.5,15.54,7.27,0.92,28.2,22.39
samples_design_9_dldesign_1_best,0.51,0.47,1.05,nan,nan,nan,0.43,0.74,17.99,8.37,0.9,24.11,18.27
samples_design_9_dldesign_2_best,0.49,0.54,0.54,nan,nan,nan,0.42,0.52,15.63,7.3,0.92,21.68,14.01
samples_design_9_dldesign_3_best,0.44,0.39,0.43,nan,nan,nan,0.4,0.42,15.47,7.24,0.92,14.68,14.07
samples_design_9_dldesign_4_best,0.62,0.3,0.81,nan,nan,nan,0.44,0.63,9.28,4.58,0.9,13.23,7.0
samples_design_9_dldesign_5_best,0.51,0.53,0.65,nan,nan,nan,0.43,0.57,15.6,7.31,0.92,13.5,13.45
samples_design_9_dldesign_6_best,0.45,0.51,0.35,nan,nan,nan,0.4,0.44,15.79,7.38,0.92,19.87,16.31
samples_design_9_dldesign_7_best,0.44,0.43,0.42,nan,nan,nan,0.38,0.43,15.79,7.39,0.91,10.74,6.83
samples_design_10_dldesign_0_best,0.37,0.38,0.31,nan,nan,nan,0.43,0.35,15.56,7.28,0.92,15.11,13.95
samples_design_10_dldesign_1_best,0.44,0.36,0.38,nan,nan,nan,0.43,0.39,12.36,5.9,0.91,12.96,7.95
samples_design_10_dldesign_2_best,0.37,0.27,0.51,nan,nan,nan,0.44,0.4,12.99,6.17,0.91,10.84,6.92
samples_design_10_dldesign_3_best,0.82,0.56,0.43,nan,nan,nan,0.52,0.63,15.79,7.4,0.92,15.15,14.63
samples_design_10_dldesign_4_best,0.35,0.29,0.41,nan,nan,nan,0.43,0.36,11.9,5.7,0.91,11.72,7.2
samples_design_10_dldesign_5_best,0.44,0.32,0.45,nan,nan,nan,0.43,0.41,13.77,6.51,0.92,12.67,8.14
samples_design_10_dldesign_6_best,0.65,0.33,0.42,nan,nan,nan,0.46,0.49,13.61,6.46,0.91,11.83,8.12
samples_design_10_dldesign_7_best,0.44,0.43,0.42,nan,nan,nan,0.42,0.43,15.97,7.47,0.91,18.6,17.09
samples_design_11_dldesign_0_best,0.57,0.43,1.01,nan,nan,nan,0.51,0.76,13.73,6.58,0.9,14.82,7.6
samples_design_11_dldesign_1_best,0.92,0.4,0.85,nan,nan,nan,0.5,0.78,13.13,6.33,0.9,12.61,5.8
samples_design_11_dldesign_2_best,0.52,0.52,0.63,nan,nan,nan,0.45,0.57,11.92,5.78,0.9,5.03,2.38
samples_design_11_dldesign_3_best,0.68,0.48,2.0,nan,nan,nan,0.71,1.36,14.3,6.82,0.91,16.35,8.98
samples_design_11_dldesign_4_best,0.63,0.6,0.98,nan,nan,nan,0.49,0.78,16.15,7.64,0.9,7.68,6.5
samples_design_11_dldesign_5_best,0.57,0.56,1.01,nan,nan,nan,0.52,0.78,11.71,5.67,0.91,4.0,2.26
samples_design_11_dldesign_6_best,0.57,0.47,0.93,nan,nan,nan,0.49,0.72,15.49,7.34,0.91,10.41,5.76
samples_design_11_dldesign_7_best,0.6,0.39,2.11,nan,nan,nan,0.72,1.41,13.39,6.44,0.9,13.27,6.22
samples_design_12_dldesign_0_best,0.98,0.54,0.76,nan,nan,nan,0.51,0.79,16.08,7.55,0.91,12.16,15.99
samples_design_12_dldesign_1_best,0.42,0.52,0.53,nan,nan,nan,0.44,0.49,15.0,7.04,0.92,16.41,13.99
samples_design_12_dldesign_2_best,0.56,0.46,0.41,nan,nan,nan,0.43,0.48,11.54,5.55,0.91,12.87,7.53
samples_design_12_dldesign_3_best,0.55,0.22,0.67,nan,nan,nan,0.46,0.53,12.84,6.14,0.9,10.48,5.4
samples_design_12_dldesign_4_best,1.04,0.81,2.01,nan,nan,nan,0.73,1.41,12.21,5.86,0.91,14.95,9.17
samples_design_12_dldesign_5_best,0.53,0.58,0.42,nan,nan,nan,0.45,0.51,15.63,7.32,0.92,15.75,18.06
samples_design_12_dldesign_6_best,0.89,0.82,1.79,nan,nan,nan,0.66,1.27,13.86,6.57,0.91,13.55,8.47
samples_design_12_dldesign_7_best,0.55,0.47,0.43,nan,nan,nan,0.43,0.49,12.54,5.98,0.91,12.78,7.79
samples_design_13_dldesign_0_best,0.97,0.96,3.01,nan,nan,nan,0.81,1.79,16.72,7.8,0.9,15.12,11.66
samples_design_13_dldesign_1_best,1.12,0.73,2.8,nan,nan,nan,0.78,1.69,15.81,7.43,0.9,8.39,5.2
samples_design_13_dldesign_2_best,1.18,0.92,3.03,nan,nan,nan,0.82,1.84,16.57,7.74,0.9,19.59,17.09
samples_design_13_dldesign_3_best,0.9,0.77,0.71,nan,nan,nan,0.52,0.81,13.22,6.29,0.91,10.12,5.06
samples_design_13_dldesign_4_best,1.13,0.76,0.65,nan,nan,nan,0.55,0.9,15.14,7.12,0.9,9.07,5.22
samples_design_13_dldesign_5_best,0.95,0.74,3.48,nan,nan,nan,0.89,1.98,13.78,6.54,0.91,11.26,5.12
samples_design_13_dldesign_6_best,0.52,0.94,1.15,nan,nan,nan,0.59,0.88,13.89,6.56,0.91,9.76,5.54
samples_design_13_dldesign_7_best,0.84,0.87,0.79,nan,nan,nan,0.53,0.83,14.63,6.87,0.91,8.69,4.83
samples_design_14_dldesign_0_best,1.0,0.67,6.01,nan,nan,nan,1.89,4.12,17.43,8.3,0.9,13.52,12.87
samples_design_14_dldesign_1_best,0.81,0.87,5.53,nan,nan,nan,1.74,3.8,18.13,8.56,0.89,16.67,11.92
samples_design_14_dldesign_2_best,0.88,0.71,3.88,nan,nan,nan,1.27,2.69,15.85,7.62,0.89,13.3,13.16
samples_design_14_dldesign_3_best,0.55,0.62,2.35,nan,nan,nan,0.83,1.65,15.19,7.32,0.89,8.96,4.3
samples_design_14_dldesign_4_best,0.9,0.7,4.62,nan,nan,nan,1.48,3.18,15.42,7.42,0.89,16.97,14.71
samples_design_14_dldesign_5_best,0.73,0.59,2.03,nan,nan,nan,0.77,1.46,13.34,6.53,0.89,11.46,5.46
samples_design_14_dldesign_6_best,0.6,0.6,3.65,nan,nan,nan,1.19,2.51,11.78,5.83,0.89,24.57,17.04
samples_design_14_dldesign_7_best,0.97,0.85,5.55,nan,nan,nan,1.75,3.82,17.31,8.2,0.9,20.34,17.55
samples_design_15_dldesign_0_best,0.84,0.77,3.08,nan,nan,nan,1.01,2.12,15.64,7.44,0.91,10.3,10.65
samples_design_15_dldesign_1_best,0.55,0.63,0.77,nan,nan,nan,0.47,0.67,12.23,5.92,0.91,5.8,3.31
samples_design_15_dldesign_2_best,0.49,0.71,0.65,nan,nan,nan,0.47,0.62,13.01,6.29,0.9,7.14,4.1
samples_design_15_dldesign_3_best,0.49,0.64,0.87,nan,nan,nan,0.48,0.71,11.79,5.77,0.9,8.87,4.44
samples_design_15_dldesign_4_best,0.47,0.89,1.24,nan,nan,nan,0.56,0.97,13.54,6.5,0.91,12.09,9.39
samples_design_15_dldesign_5_best,0.45,0.66,0.78,nan,nan,nan,0.47,0.66,14.42,6.88,0.91,9.09,5.64
samples_design_15_dldesign_6_best,0.41,0.81,0.89,nan,nan,nan,0.5,0.75,15.75,7.46,0.91,8.4,8.66
samples_design_15_dldesign_7_best,0.47,0.67,0.99,nan,nan,nan,0.5,0.78,15.26,7.25,0.91,8.22,6.7
samples_design_16_dldesign_0_best,0.64,0.62,1.69,nan,nan,nan,0.64,1.19,16.6,7.86,0.91,17.43,14.18
samples_design_16_dldesign_1_best,1.77,0.44,1.71,nan,nan,nan,0.74,1.5,16.94,8.04,0.89,15.53,9.42
samples_design_16_dldesign_2_best,0.59,0.55,1.48,nan,nan,nan,0.6,1.04,16.22,7.68,0.91,14.92,13.23
samples_design_16_dldesign_3_best,0.64,0.65,1.56,nan,nan,nan,0.61,1.12,16.73,7.93,0.9,4.36,6.05
samples_design_16_dldesign_4_best,0.6,0.48,1.72,nan,nan,nan,0.64,1.18,16.27,7.72,0.91,13.75,11.46
samples_design_16_dldesign_5_best,0.58,0.51,1.86,nan,nan,nan,0.65,1.26,16.23,7.7,0.91,10.03,13.36
samples_design_16_dldesign_6_best,0.6,0.54,1.78,nan,nan,nan,0.66,1.22,16.29,7.72,0.91,14.51,14.47
samples_design_16_dldesign_7_best,0.53,0.5,1.56,nan,nan,nan,0.6,1.08,16.15,7.67,0.91,11.52,7.82
samples_design_17_dldesign_0_best,0.94,0.8,3.38,nan,nan,nan,0.86,1.93,15.95,7.48,0.9,16.4,18.45
samples_design_17_dldesign_1_best,1.01,0.93,2.62,nan,nan,nan,0.75,1.61,15.7,7.36,0.91,13.55,14.15
samples_design_17_dldesign_2_best,1.49,0.76,0.95,nan,nan,nan,0.59,1.15,14.05,6.66,0.9,9.67,5.4
samples_design_17_dldesign_3_best,0.88,0.6,2.96,nan,nan,nan,0.77,1.69,14.62,6.88,0.9,10.86,5.69
samples_design_17_dldesign_4_best,0.95,0.76,1.95,nan,nan,nan,0.62,1.27,14.29,6.77,0.9,12.06,5.74
samples_design_17_dldesign_5_best,1.04,0.64,2.69,nan,nan,nan,0.75,1.6,15.59,7.33,0.9,12.47,7.49
samples_design_17_dldesign_6_best,1.01,0.7,1.37,nan,nan,nan,0.58,1.04,13.25,6.32,0.9,8.0,4.37
samples_design_17_dldesign_7_best,1.52,0.72,2.35,nan,nan,nan,0.75,1.62,17.0,7.93,0.9,6.45,5.97
samples_design_18_dldesign_0_best,0.52,0.25,0.56,nan,nan,nan,0.42,0.47,11.81,5.66,0.91,13.42,8.0
samples_design_18_dldesign_1_best,0.5,0.39,0.36,nan,nan,nan,0.41,0.42,15.39,7.22,0.92,17.21,18.91
samples_design_18_dldesign_2_best,0.48,0.37,0.68,nan,nan,nan,0.46,0.53,15.76,7.38,0.91,19.03,16.05
samples_design_18_dldesign_3_best,0.47,0.4,0.34,nan,nan,nan,0.39,0.41,15.0,7.05,0.92,19.36,15.07
samples_design_18_dldesign_4_best,0.52,0.3,0.39,nan,nan,nan,0.4,0.42,14.92,7.01,0.92,18.3,15.63
samples_design_18_dldesign_5_best,0.56,0.23,0.64,nan,nan,nan,0.43,0.52,11.66,5.6,0.91,9.43,5.63
samples_design_18_dldesign_6_best,0.5,0.3,0.41,nan,nan,nan,0.4,0.41,14.94,7.01,0.91,18.56,9.7
samples_design_18_dldesign_7_best,0.44,0.43,0.4,nan,nan,nan,0.4,0.42,15.62,7.32,0.91,16.85,9.29
samples_design_19_dldesign_0_best,1.31,0.56,4.23,nan,nan,nan,1.43,3.02,14.53,7.03,0.9,5.75,5.49
samples_design_19_dldesign_1_best,0.87,1.15,5.86,nan,nan,nan,1.91,4.12,15.05,7.21,0.91,12.32,11.62
samples_design_19_dldesign_2_best,0.89,0.71,4.14,nan,nan,nan,1.38,2.92,14.88,7.21,0.89,20.24,17.59
samples_design_19_dldesign_3_best,1.44,0.77,4.22,nan,nan,nan,1.43,3.04,13.47,6.54,0.9,5.39,5.06
samples_design_19_dldesign_4_best,1.12,0.95,5.23,nan,nan,nan,1.72,3.7,14.22,6.89,0.9,12.18,9.87
samples_design_19_dldesign_5_best,1.11,0.94,3.93,nan,nan,nan,1.33,2.83,10.87,5.43,0.89,9.94,9.81
samples_design_19_dldesign_6_best,0.51,1.35,2.21,nan,nan,nan,0.84,1.69,4.71,2.73,0.9,7.67,5.41
samples_design_19_dldesign_7_best,1.19,0.79,4.63,nan,nan,nan,1.55,3.29,15.38,7.38,0.9,24.2,18.07
samples_design_20_dldesign_0_best,0.4,0.54,2.48,nan,nan,nan,0.82,1.67,15.73,7.52,0.9,9.76,7.32
samples_design_20_dldesign_1_best,0.55,0.39,1.32,nan,nan,nan,0.56,0.95,13.6,6.55,0.9,13.33,5.94
samples_design_20_dldesign_2_best,0.48,0.37,1.26,nan,nan,nan,0.54,0.89,16.4,7.79,0.9,7.56,3.96
samples_design_20_dldesign_3_best,0.38,0.61,2.91,nan,nan,nan,0.92,1.95,15.0,7.15,0.91,10.72,9.55
samples_design_20_dldesign_4_best,0.49,0.41,0.8,nan,nan,nan,0.46,0.63,14.78,7.07,0.91,10.05,5.44
samples_design_20_dldesign_5_best,0.56,0.73,2.79,nan,nan,nan,0.94,1.9,13.75,6.63,0.9,16.32,10.8
samples_design_20_dldesign_6_best,0.5,0.27,1.35,nan,nan,nan,0.56,0.94,14.44,6.94,0.9,9.99,4.43
samples_design_20_dldesign_7_best,0.38,0.52,3.38,nan,nan,nan,1.06,2.25,14.96,7.15,0.9,12.69,11.19
samples_design_21_dldesign_0_best,0.68,0.35,0.33,nan,nan,nan,0.43,0.49,13.33,6.32,0.91,12.95,8.28
samples_design_21_dldesign_1_best,0.69,0.5,0.41,nan,nan,nan,0.44,0.55,14.73,6.93,0.92,14.42,9.55
samples_design_21_dldesign_2_best,0.55,0.48,0.3,nan,nan,nan,0.42,0.45,13.23,6.27,0.91,14.9,9.37
samples_design_21_dldesign_3_best,0.38,0.68,0.47,nan,nan,nan,0.46,0.52,15.86,7.42,0.92,14.35,15.22
samples_design_21_dldesign_4_best,0.73,0.46,0.4,nan,nan,nan,0.44,0.55,14.43,6.8,0.92,14.89,9.67
samples_design_21_dldesign_5_best,0.7,0.44,0.61,nan,nan,nan,0.45,0.6,15.53,7.29,0.92,18.01,14.29
samples_design_21_dldesign_6_best,0.65,0.53,0.35,nan,nan,nan,0.42,0.52,16.17,7.56,0.92,19.4,16.82
samples_design_21_dldesign_7_best,0.59,0.48,0.48,nan,nan,nan,0.42,0.52,15.54,7.27,0.92,18.41,16.81
samples_design_22_dldesign_0_best,0.85,0.7,1.65,nan,nan,nan,0.62,1.16,15.5,7.28,0.91,18.0,16.96
samples_design_22_dldesign_1_best,1.04,0.84,1.73,nan,nan,nan,0.66,1.28,15.91,7.45,0.91,16.13,17.61
samples_design_22_dldesign_2_best,0.47,0.2,0.73,nan,nan,nan,0.44,0.52,11.77,5.66,0.91,12.75,7.44
samples_design_22_dldesign_3_best,0.69,0.64,1.33,nan,nan,nan,0.54,0.95,15.82,7.43,0.91,15.77,14.03
samples_design_22_dldesign_4_best,0.68,0.49,1.12,nan,nan,nan,0.5,0.82,16.15,7.56,0.91,19.9,21.79
samples_design_22_dldesign_5_best,0.53,0.28,0.68,nan,nan,nan,0.47,0.53,11.11,5.37,0.91,10.98,6.01
samples_design_22_dldesign_6_best,0.82,0.74,1.83,nan,nan,nan,0.64,1.25,15.56,7.3,0.91,16.13,17.7
samples_design_22_dldesign_7_best,1.11,0.38,0.84,nan,nan,nan,0.53,0.85,12.53,6.01,0.91,12.3,7.4
samples_design_23_dldesign_0_best,0.55,0.5,2.26,nan,nan,nan,0.69,1.4,16.13,7.58,0.91,15.46,15.12
samples_design_23_dldesign_1_best,0.71,0.59,1.73,nan,nan,nan,0.61,1.15,16.09,7.53,0.91,23.43,25.56
samples_design_23_dldesign_2_best,0.4,0.46,2.18,nan,nan,nan,0.67,1.34,15.95,7.5,0.91,15.98,13.94
samples_design_23_dldesign_3_best,0.43,0.4,2.14,nan,nan,nan,0.67,1.31,16.5,7.73,0.91,17.54,16.31
samples_design_23_dldesign_4_best,0.43,0.32,0.92,nan,nan,nan,0.45,0.63,4.56,2.58,0.91,10.34,6.57
samples_design_23_dldesign_5_best,0.45,0.37,2.12,nan,nan,nan,0.66,1.3,14.92,7.04,0.91,15.1,9.0
samples_design_23_dldesign_6_best,0.58,0.53,2.4,nan,nan,nan,0.73,1.49,16.13,7.56,0.91,18.5,14.48
samples_design_23_dldesign_7_best,0.78,0.59,1.3,nan,nan,nan,0.59,0.95,15.88,7.48,0.91,16.7,16.33
samples_design_24_dldesign_0_best,0.36,0.5,0.68,nan,nan,nan,0.45,0.53,15.88,7.43,0.92,8.14,10.14
samples_design_24_dldesign_1_best,0.46,0.33,0.31,nan,nan,nan,0.39,0.37,15.87,7.42,0.92,14.06,15.15
samples_design_24_dldesign_2_best,0.53,0.4,0.38,nan,nan,nan,0.39,0.44,16.72,7.79,0.92,21.15,12.45
samples_design_24_dldesign_3_best,0.36,0.4,0.26,nan,nan,nan,0.43,0.34,14.48,6.83,0.91,16.3,10.31
samples_design_24_dldesign_4_best,0.55,0.42,0.3,nan,nan,nan,0.41,0.43,15.38,7.21,0.92,17.07,17.39
samples_design_24_dldesign_5_best,0.67,0.42,1.91,nan,nan,nan,0.62,1.22,14.03,6.67,0.9,15.79,9.77
samples_design_24_dldesign_6_best,0.41,0.52,0.46,nan,nan,nan,0.37,0.46,15.76,7.38,0.91,5.97,5.3
samples_design_24_dldesign_7_best,0.49,0.32,0.78,nan,nan,nan,0.39,0.57,17.13,7.98,0.91,17.6,14.69
samples_design_25_dldesign_0_best,0.73,0.45,0.73,nan,nan,nan,0.45,0.66,15.63,7.34,0.9,8.4,5.26
samples_design_25_dldesign_1_best,1.21,0.63,1.34,nan,nan,nan,0.66,1.12,15.94,7.46,0.92,23.69,17.72
samples_design_25_dldesign_2_best,0.56,0.5,0.88,nan,nan,nan,0.48,0.67,15.89,7.44,0.92,18.74,18.65
samples_design_25_dldesign_3_best,0.9,0.75,1.19,nan,nan,nan,0.58,0.98,15.51,7.28,0.91,26.48,18.27
samples_design_25_dldesign_4_best,0.51,0.43,0.48,nan,nan,nan,0.46,0.48,12.81,6.09,0.91,12.75,7.8
samples_design_25_dldesign_5_best,0.69,0.41,0.83,nan,nan,nan,0.51,0.68,15.6,7.31,0.92,20.58,11.69
samples_design_25_dldesign_6_best,0.5,0.51,1.02,nan,nan,nan,0.49,0.73,16.15,7.54,0.92,18.05,15.88
samples_design_25_dldesign_7_best,0.55,0.53,0.66,nan,nan,nan,0.46,0.58,15.61,7.31,0.92,15.74,13.36
samples_design_26_dldesign_0_best,0.57,0.63,0.8,nan,nan,nan,0.53,0.69,11.78,5.74,0.91,13.54,7.34
samples_design_26_dldesign_1_best,0.33,0.68,2.26,nan,nan,nan,0.78,1.54,11.98,5.81,0.91,3.62,2.54
samples_design_26_dldesign_2_best,0.65,0.78,0.66,nan,nan,nan,0.53,0.69,13.47,6.48,0.91,12.71,7.37
samples_design_26_dldesign_3_best,0.36,0.67,0.41,nan,nan,nan,0.43,0.48,13.47,6.46,0.91,12.11,6.4
samples_design_26_dldesign_4_best,0.42,0.51,0.85,nan,nan,nan,0.5,0.66,12.54,6.06,0.9,6.14,2.71
samples_design_26_dldesign_5_best,0.37,0.79,2.23,nan,nan,nan,0.77,1.54,13.03,6.27,0.91,11.83,5.28
samples_design_26_dldesign_6_best,0.41,0.6,2.8,nan,nan,nan,0.92,1.89,12.5,6.06,0.9,10.73,4.53
samples_design_26_dldesign_7_best,0.37,0.73,2.59,nan,nan,nan,0.86,1.76,13.03,6.3,0.9,3.58,4.0
samples_design_27_dldesign_0_best,0.53,0.33,1.62,nan,nan,nan,0.65,1.19,15.94,7.65,0.9,19.84,19.6
samples_design_27_dldesign_1_best,0.52,0.61,1.69,nan,nan,nan,0.67,1.26,14.44,6.98,0.9,24.11,18.73
samples_design_27_dldesign_2_best,0.59,0.39,2.04,nan,nan,nan,0.76,1.49,15.95,7.65,0.9,14.81,11.06
samples_design_27_dldesign_3_best,0.57,0.28,1.54,nan,nan,nan,0.63,1.14,15.71,7.53,0.91,23.56,16.39
samples_design_27_dldesign_4_best,0.59,0.35,2.17,nan,nan,nan,0.81,1.58,13.43,6.56,0.89,15.23,15.46
samples_design_27_dldesign_5_best,0.9,0.26,1.7,nan,nan,nan,0.7,1.29,16.58,7.95,0.9,14.61,14.63
samples_design_27_dldesign_6_best,0.49,0.27,1.39,nan,nan,nan,0.59,1.02,15.17,7.26,0.91,15.32,15.46
samples_design_27_dldesign_7_best,0.53,0.62,1.82,nan,nan,nan,0.71,1.35,16.37,7.88,0.9,22.82,18.77
samples_design_28_dldesign_0_best,0.8,0.79,0.73,nan,nan,nan,0.51,0.77,15.63,7.45,0.91,14.5,11.38
samples_design_28_dldesign_1_best,0.53,0.82,1.24,nan,nan,nan,0.58,0.98,16.77,7.99,0.91,16.39,13.26
samples_design_28_dldesign_2_best,0.81,0.73,0.79,nan,nan,nan,0.52,0.78,16.16,7.69,0.91,23.67,12.43
samples_design_28_dldesign_3_best,0.66,0.63,1.52,nan,nan,nan,0.63,1.14,12.14,5.94,0.9,9.14,6.53
samples_design_28_dldesign_4_best,0.5,0.8,2.02,nan,nan,nan,0.73,1.45,15.59,7.46,0.9,11.67,11.17
samples_design_28_dldesign_5_best,0.49,0.78,1.61,nan,nan,nan,0.65,1.19,15.44,7.35,0.91,10.36,8.32
samples_design_28_dldesign_6_best,0.39,0.85,1.71,nan,nan,nan,0.68,1.25,16.6,7.9,0.91,22.99,16.84
samples_design_28_dldesign_7_best,0.81,0.66,0.58,nan,nan,nan,0.48,0.67,15.43,7.36,0.91,11.16,10.41
samples_design_29_dldesign_0_best,1.14,0.49,3.14,nan,nan,nan,1.12,2.27,12.11,5.91,0.9,6.61,4.77
samples_design_29_dldesign_1_best,0.95,0.4,3.05,nan,nan,nan,1.08,2.18,13.49,6.51,0.91,2.22,2.42
samples_design_29_dldesign_2_best,0.79,0.33,3.91,nan,nan,nan,1.31,2.75,14.34,6.89,0.91,7.94,9.01
samples_design_29_dldesign_3_best,1.08,0.42,3.12,nan,nan,nan,1.11,2.24,13.02,6.29,0.91,5.96,5.25
samples_design_29_dldesign_4_best,0.96,0.4,2.77,nan,nan,nan,0.99,1.99,13.65,6.62,0.9,2.82,3.31
samples_design_29_dldesign_5_best,1.01,0.52,3.07,nan,nan,nan,1.09,2.21,13.3,6.45,0.9,5.4,3.81
samples_design_29_dldesign_6_best,0.97,0.44,2.96,nan,nan,nan,1.05,2.13,13.6,6.61,0.9,4.51,2.82
samples_design_29_dldesign_7_best,0.95,0.4,2.94,nan,nan,nan,1.04,2.11,13.61,6.59,0.9,4.56,3.84
samples_design_30_dldesign_0_best,0.93,0.62,2.2,nan,nan,nan,0.85,1.63,14.14,6.91,0.89,15.85,11.12
samples_design_30_dldesign_1_best,0.55,0.38,1.86,nan,nan,nan,0.71,1.34,17.68,8.44,0.9,17.51,11.05
samples_design_30_dldesign_2_best,0.47,0.44,2.35,nan,nan,nan,0.86,1.66,17.64,8.44,0.9,12.9,10.52
samples_design_30_dldesign_3_best,0.46,0.4,1.88,nan,nan,nan,0.72,1.34,16.62,7.99,0.9,11.15,8.36
samples_design_30_dldesign_4_best,0.49,0.39,2.37,nan,nan,nan,0.87,1.67,16.83,8.07,0.9,13.69,7.61
samples_design_30_dldesign_5_best,0.5,0.38,1.96,nan,nan,nan,0.73,1.39,17.18,8.22,0.9,11.8,8.77
samples_design_30_dldesign_6_best,0.46,0.56,2.27,nan,nan,nan,0.83,1.62,16.79,8.06,0.9,15.5,11.76
samples_design_30_dldesign_7_best,0.53,0.58,3.6,nan,nan,nan,1.21,2.52,15.36,7.37,0.91,15.74,11.81
samples_design_31_dldesign_0_best,0.62,0.9,1.78,nan,nan,nan,0.69,1.33,16.61,7.94,0.9,9.44,8.17
samples_design_31_dldesign_1_best,0.67,0.63,4.46,nan,nan,nan,1.42,3.06,15.14,7.27,0.9,10.35,9.68
samples_design_31_dldesign_2_best,0.79,0.69,4.82,nan,nan,nan,1.54,3.31,14.0,6.79,0.9,14.33,10.61
samples_design_31_dldesign_3_best,0.53,0.84,2.05,nan,nan,nan,0.75,1.48,17.71,8.4,0.9,16.95,15.33
samples_design_31_dldesign_4_best,0.57,0.68,4.36,nan,nan,nan,1.4,2.99,14.38,6.89,0.91,11.53,10.78
samples_design_31_dldesign_5_best,0.91,0.66,5.06,nan,nan,nan,1.61,3.48,14.13,6.81,0.9,11.01,10.69
samples_design_31_dldesign_6_best,0.5,0.84,1.69,nan,nan,nan,0.66,1.25,14.52,7.0,0.91,8.57,6.45
samples_design_31_dldesign_7_best,0.43,0.62,4.05,nan,nan,nan,1.3,2.77,15.75,7.54,0.9,2.81,3.23
samples_design_32_dldesign_0_best,0.79,0.65,2.09,nan,nan,nan,0.74,1.45,11.38,5.59,0.9,25.45,17.62
samples_design_32_dldesign_1_best,0.7,0.73,1.88,nan,nan,nan,0.67,1.32,16.14,7.63,0.91,25.25,16.95
samples_design_32_dldesign_2_best,0.71,0.66,2.01,nan,nan,nan,0.72,1.39,12.76,6.21,0.9,11.6,5.55
samples_design_32_dldesign_3_best,0.63,0.54,1.65,nan,nan,nan,0.61,1.15,13.23,6.4,0.9,10.31,4.43
samples_design_32_dldesign_4_best,0.7,0.63,1.52,nan,nan,nan,0.63,1.1,15.78,7.53,0.9,23.64,15.73
samples_design_32_dldesign_5_best,0.77,0.75,1.76,nan,nan,nan,0.69,1.27,14.63,6.99,0.9,24.78,17.07
samples_design_32_dldesign_6_best,0.85,0.94,2.08,nan,nan,nan,0.77,1.5,10.67,5.29,0.89,3.77,4.26
samples_design_32_dldesign_7_best,0.77,0.81,1.8,nan,nan,nan,0.72,1.3,13.69,6.6,0.9,13.05,6.56
samples_design_33_dldesign_0_best,0.53,0.74,0.61,nan,nan,nan,0.49,0.62,12.45,6.08,0.9,9.74,7.82
samples_design_33_dldesign_1_best,0.66,0.77,0.61,nan,nan,nan,0.48,0.66,9.23,4.65,0.9,1.64,1.61
samples_design_33_dldesign_2_best,0.69,0.75,0.65,nan,nan,nan,0.49,0.68,11.51,5.65,0.91,5.63,5.84
samples_design_33_dldesign_3_best,0.74,0.73,0.56,nan,nan,nan,0.49,0.65,11.42,5.61,0.91,3.37,3.06
samples_design_33_dldesign_4_best,0.67,0.83,0.7,nan,nan,nan,0.5,0.72,17.64,8.35,0.91,34.92,30.07
samples_design_33_dldesign_5_best,0.57,0.58,0.75,nan,nan,nan,0.49,0.67,14.83,7.11,0.9,19.89,17.65
samples_design_33_dldesign_6_best,0.82,0.74,0.55,nan,nan,nan,0.46,0.68,16.5,7.83,0.91,19.46,19.09
samples_design_33_dldesign_7_best,0.69,0.86,0.59,nan,nan,nan,0.48,0.69,8.36,4.27,0.9,3.2,2.89
samples_design_34_dldesign_0_best,0.51,0.81,1.47,nan,nan,nan,0.59,1.07,16.25,7.68,0.91,23.57,12.7
samples_design_34_dldesign_1_best,0.58,0.72,2.47,nan,nan,nan,0.8,1.66,17.09,8.06,0.91,7.47,7.51
samples_design_34_dldesign_2_best,0.57,0.57,2.45,nan,nan,nan,0.8,1.63,16.58,7.84,0.91,11.45,8.37
samples_design_34_dldesign_3_best,0.51,0.78,1.54,nan,nan,nan,0.6,1.1,15.61,7.38,0.91,19.97,12.69
samples_design_34_dldesign_4_best,0.56,0.75,1.5,nan,nan,nan,0.58,1.08,16.45,7.75,0.91,24.68,12.45
samples_design_34_dldesign_5_best,0.54,0.8,1.55,nan,nan,nan,0.6,1.12,16.37,7.71,0.91,23.96,13.92
samples_design_34_dldesign_6_best,0.52,0.79,1.63,nan,nan,nan,0.62,1.16,16.61,7.84,0.91,22.26,12.91
samples_design_34_dldesign_7_best,0.54,0.83,1.36,nan,nan,nan,0.57,1.02,16.51,7.79,0.91,19.2,15.5
samples_design_35_dldesign_0_best,0.83,0.95,1.75,nan,nan,nan,0.74,1.37,18.67,8.85,0.89,17.96,15.2
samples_design_35_dldesign_1_best,0.69,0.97,2.97,nan,nan,nan,1.05,2.14,17.68,8.45,0.89,12.74,7.4
samples_design_35_dldesign_2_best,1.14,0.87,4.83,nan,nan,nan,1.63,3.42,17.61,8.41,0.9,20.06,20.98
samples_design_35_dldesign_3_best,0.54,1.11,7.97,nan,nan,nan,2.56,5.56,17.74,8.47,0.9,9.18,8.83
samples_design_35_dldesign_4_best,0.75,1.01,1.79,nan,nan,nan,0.73,1.39,17.33,8.28,0.88,16.17,16.12
samples_design_35_dldesign_5_best,0.61,0.91,1.53,nan,nan,nan,0.66,1.19,11.59,5.82,0.88,4.2,3.58
samples_design_35_dldesign_6_best,0.94,0.66,3.32,nan,nan,nan,1.15,2.38,16.03,7.71,0.89,15.91,11.6
samples_design_35_dldesign_7_best,0.89,0.75,2.85,nan,nan,nan,1.03,2.06,13.62,6.62,0.89,4.19,2.59
samples_design_36_dldesign_0_best,0.77,0.79,0.69,nan,nan,nan,0.49,0.74,16.91,8.04,0.91,12.95,13.45
samples_design_36_dldesign_1_best,0.67,0.68,0.75,nan,nan,nan,0.55,0.72,5.9,3.2,0.9,1.59,1.09
samples_design_36_dldesign_2_best,0.74,0.62,0.62,nan,nan,nan,0.49,0.65,9.28,4.69,0.9,2.32,1.48
samples_design_36_dldesign_3_best,0.75,0.6,0.81,nan,nan,nan,0.55,0.75,6.8,3.6,0.9,1.18,1.01
samples_design_36_dldesign_4_best,0.73,0.63,0.74,nan,nan,nan,0.54,0.71,5.8,3.16,0.9,1.17,0.82
samples_design_36_dldesign_5_best,0.66,0.55,0.74,nan,nan,nan,0.51,0.68,5.74,3.12,0.9,1.57,1.07
samples_design_36_dldesign_6_best,0.59,0.53,0.55,nan,nan,nan,0.46,0.56,8.38,4.27,0.9,4.59,3.27
samples_design_36_dldesign_7_best,0.69,0.59,0.68,nan,nan,nan,0.48,0.66,15.84,7.58,0.91,20.73,19.77
samples_design_37_dldesign_0_best,0.73,0.57,2.39,nan,nan,nan,0.89,1.73,15.65,7.53,0.9,11.9,5.96
samples_design_37_dldesign_1_best,0.69,0.71,5.52,nan,nan,nan,1.8,3.86,14.88,7.16,0.9,6.08,6.74
samples_design_37_dldesign_2_best,0.75,0.58,2.66,nan,nan,nan,0.96,1.91,14.26,6.89,0.91,12.32,5.71
samples_design_37_dldesign_3_best,0.69,0.59,5.54,nan,nan,nan,1.8,3.86,16.47,7.9,0.9,14.89,11.74
samples_design_37_dldesign_4_best,0.65,0.74,5.57,nan,nan,nan,1.82,3.89,16.1,7.68,0.91,16.4,12.69
samples_design_37_dldesign_5_best,0.54,0.59,3.2,nan,nan,nan,1.1,2.25,17.53,8.38,0.9,20.19,22.09
samples_design_37_dldesign_6_best,0.95,0.64,5.42,nan,nan,nan,1.78,3.8,16.13,7.7,0.91,10.6,7.99
samples_design_37_dldesign_7_best,0.7,1.22,2.48,nan,nan,nan,0.94,1.86,10.31,5.2,0.89,13.84,6.62
samples_design_38_dldesign_0_best,0.87,0.77,1.0,nan,nan,nan,0.53,0.9,16.32,7.72,0.91,3.56,5.23
samples_design_38_dldesign_1_best,0.89,0.89,1.68,nan,nan,nan,0.68,1.28,13.0,6.28,0.9,14.63,7.5
samples_design_38_dldesign_2_best,0.92,0.95,1.13,nan,nan,nan,0.57,1.02,16.05,7.57,0.91,24.99,12.95
samples_design_38_dldesign_3_best,0.82,0.78,0.84,nan,nan,nan,0.49,0.82,15.5,7.34,0.9,9.01,9.39
samples_design_38_dldesign_4_best,0.87,0.73,1.2,nan,nan,nan,0.57,0.99,13.32,6.38,0.91,9.02,5.14
samples_design_38_dldesign_5_best,0.8,0.57,0.85,nan,nan,nan,0.49,0.77,16.1,7.61,0.91,7.33,5.31
samples_design_38_dldesign_6_best,0.94,0.94,1.04,nan,nan,nan,0.55,0.98,15.89,7.51,0.91,26.37,13.4
samples_design_38_dldesign_7_best,0.87,0.79,0.89,nan,nan,nan,0.55,0.86,12.61,6.08,0.9,4.61,3.06
samples_design_39_dldesign_0_best,0.43,0.98,2.07,nan,nan,nan,0.71,1.44,15.15,7.18,0.91,11.23,9.61
samples_design_39_dldesign_1_best,0.59,1.11,2.08,nan,nan,nan,0.74,1.49,16.75,7.92,0.9,12.77,12.19
samples_design_39_dldesign_2_best,0.5,0.8,1.81,nan,nan,nan,0.65,1.26,16.52,7.8,0.91,22.43,15.58
samples_design_39_dldesign_3_best,0.8,0.71,1.74,nan,nan,nan,0.68,1.26,15.68,7.48,0.9,25.31,15.63
samples_design_39_dldesign_4_best,0.53,1.02,1.97,nan,nan,nan,0.7,1.4,13.83,6.62,0.9,24.26,15.1
samples_design_39_dldesign_5_best,0.59,0.87,1.75,nan,nan,nan,0.63,1.25,17.44,8.23,0.9,24.78,19.15
samples_design_39_dldesign_6_best,0.7,0.87,1.99,nan,nan,nan,0.7,1.41,14.95,7.12,0.9,9.05,5.06
samples_design_39_dldesign_7_best,0.8,1.19,2.14,nan,nan,nan,0.77,1.57,14.95,7.12,0.9,23.74,15.61
samples_design_40_dldesign_0_best,0.45,0.32,0.48,nan,nan,nan,0.4,0.42,15.17,7.12,0.92,14.12,13.88
samples_design_40_dldesign_1_best,0.5,0.43,0.59,nan,nan,nan,0.41,0.52,15.7,7.34,0.92,14.57,15.63
samples_design_40_dldesign_2_best,0.51,0.48,0.63,nan,nan,nan,0.42,0.54,13.77,6.54,0.9,14.66,8.32
samples_design_40_dldesign_3_best,0.53,0.31,0.53,nan,nan,nan,0.42,0.47,7.66,3.9,0.9,10.45,6.03
samples_design_40_dldesign_4_best,0.51,0.49,0.4,nan,nan,nan,0.43,0.47,16.1,7.53,0.91,17.88,12.55
samples_design_40_dldesign_5_best,0.48,0.4,0.69,nan,nan,nan,0.46,0.54,15.17,7.16,0.91,18.81,11.44
samples_design_40_dldesign_6_best,0.56,0.46,0.57,nan,nan,nan,0.41,0.53,15.26,7.15,0.92,21.58,18.85
samples_design_40_dldesign_7_best,0.46,0.54,0.9,nan,nan,nan,0.42,0.67,17.12,7.99,0.91,16.41,11.19
samples_design_41_dldesign_0_best,0.96,0.54,4.87,nan,nan,nan,1.61,3.42,14.06,6.83,0.9,19.92,17.22
samples_design_41_dldesign_1_best,0.78,0.7,4.22,nan,nan,nan,1.4,2.97,16.44,7.87,0.9,8.68,4.3
samples_design_41_dldesign_2_best,0.81,0.55,4.65,nan,nan,nan,1.53,3.26,15.58,7.44,0.91,15.99,17.21
samples_design_41_dldesign_3_best,0.81,0.57,3.83,nan,nan,nan,1.29,2.7,15.75,7.57,0.9,17.76,18.83
samples_design_41_dldesign_4_best,0.85,0.48,3.71,nan,nan,nan,1.26,2.62,15.46,7.45,0.9,19.32,17.67
samples_design_41_dldesign_5_best,0.66,0.73,4.69,nan,nan,nan,1.55,3.29,15.47,7.44,0.9,15.79,17.74
samples_design_41_dldesign_6_best,1.08,0.55,3.79,nan,nan,nan,1.28,2.7,15.53,7.5,0.9,16.85,18.31
samples_design_41_dldesign_7_best,0.99,0.66,3.56,nan,nan,nan,1.21,2.54,15.71,7.56,0.9,12.27,8.74
samples_design_42_dldesign_0_best,0.49,0.59,2.14,nan,nan,nan,0.75,1.5,17.95,8.53,0.9,10.23,8.35
samples_design_42_dldesign_1_best,0.63,0.7,1.98,nan,nan,nan,0.73,1.43,16.14,7.72,0.91,13.56,6.25
samples_design_42_dldesign_2_best,0.59,0.61,2.46,nan,nan,nan,0.85,1.72,15.72,7.57,0.9,14.02,12.48
samples_design_42_dldesign_3_best,0.29,0.53,1.88,nan,nan,nan,0.68,1.31,16.44,7.83,0.91,12.5,9.68
samples_design_42_dldesign_4_best,0.5,0.6,2.6,nan,nan,nan,0.88,1.81,15.77,7.53,0.91,21.9,17.39
samples_design_42_dldesign_5_best,0.49,0.62,2.36,nan,nan,nan,0.82,1.65,16.1,7.7,0.91,16.7,13.22
samples_design_42_dldesign_6_best,0.44,0.52,2.22,nan,nan,nan,0.78,1.54,16.78,8.03,0.9,5.9,5.36
samples_design_42_dldesign_7_best,0.45,0.6,1.75,nan,nan,nan,0.66,1.25,15.62,7.47,0.9,10.35,8.83
samples_design_43_dldesign_0_best,1.1,0.82,1.05,nan,nan,nan,0.55,1.01,15.94,7.43,0.92,19.63,14.33
samples_design_43_dldesign_1_best,1.2,0.85,0.74,nan,nan,nan,0.58,0.97,15.99,7.49,0.91,12.07,11.87
samples_design_43_dldesign_2_best,1.18,0.75,0.74,nan,nan,nan,0.57,0.93,10.0,4.9,0.9,13.3,7.78
samples_design_43_dldesign_3_best,0.9,0.88,0.52,nan,nan,nan,0.5,0.8,15.99,7.47,0.91,23.26,15.4
samples_design_43_dldesign_4_best,0.88,0.81,0.45,nan,nan,nan,0.5,0.75,15.87,7.41,0.91,18.52,14.55
samples_design_43_dldesign_5_best,1.17,0.65,1.56,nan,nan,nan,0.66,1.19,5.63,3.07,0.9,12.25,6.91
samples_design_43_dldesign_6_best,0.85,0.58,0.65,nan,nan,nan,0.47,0.71,9.21,4.54,0.9,10.92,6.69
samples_design_43_dldesign_7_best,0.74,0.83,2.13,nan,nan,nan,0.68,1.36,16.2,7.59,0.91,21.12,12.63
samples_design_44_dldesign_0_best,0.49,0.59,4.93,nan,nan,nan,1.61,3.44,17.09,8.19,0.9,15.97,14.29
samples_design_44_dldesign_1_best,0.95,0.38,4.94,nan,nan,nan,1.62,3.47,18.45,8.76,0.89,18.71,13.42
samples_design_44_dldesign_2_best,0.95,1.19,1.48,nan,nan,nan,0.71,1.28,9.41,4.79,0.89,24.88,17.02
samples_design_44_dldesign_3_best,0.92,0.55,4.69,nan,nan,nan,1.55,3.29,16.02,7.73,0.89,6.93,5.59
samples_design_44_dldesign_4_best,0.83,0.37,4.82,nan,nan,nan,1.58,3.37,16.3,7.81,0.9,12.62,7.87
samples_design_44_dldesign_5_best,0.9,0.39,2.75,nan,nan,nan,1.0,1.97,12.98,6.41,0.89,11.4,5.45
samples_design_44_dldesign_6_best,0.73,0.52,4.21,nan,nan,nan,1.4,2.95,15.26,7.4,0.89,8.83,5.35
samples_design_44_dldesign_7_best,1.08,0.58,1.78,nan,nan,nan,0.76,1.39,8.83,4.5,0.9,24.54,18.93
samples_design_45_dldesign_0_best,0.38,0.35,1.03,nan,nan,nan,0.48,0.72,14.16,6.76,0.91,27.0,18.9
samples_design_45_dldesign_1_best,0.32,0.39,1.91,nan,nan,nan,0.66,1.25,15.47,7.32,0.91,12.12,8.33
samples_design_45_dldesign_2_best,0.35,0.47,1.32,nan,nan,nan,0.52,0.9,16.86,7.93,0.91,24.07,14.24
samples_design_45_dldesign_3_best,0.54,0.3,4.13,nan,nan,nan,1.22,2.66,16.06,7.56,0.91,21.62,16.85
samples_design_45_dldesign_4_best,0.37,0.26,1.97,nan,nan,nan,0.66,1.29,16.63,7.85,0.91,20.91,15.41
samples_design_45_dldesign_5_best,0.33,0.38,2.05,nan,nan,nan,0.69,1.34,15.78,7.45,0.91,24.61,14.87
samples_design_45_dldesign_6_best,0.39,0.32,1.46,nan,nan,nan,0.54,0.97,15.74,7.43,0.91,22.48,15.44
samples_design_45_dldesign_7_best,0.4,0.41,2.19,nan,nan,nan,0.72,1.44,15.96,7.54,0.91,26.38,15.88
samples_design_46_dldesign_0_best,0.47,0.71,0.97,nan,nan,nan,0.51,0.73,16.58,7.79,0.9,15.84,12.83
samples_design_46_dldesign_1_best,0.42,0.64,1.1,nan,nan,nan,0.51,0.76,16.1,7.52,0.91,17.57,20.02
samples_design_46_dldesign_2_best,0.8,0.5,0.76,nan,nan,nan,0.54,0.71,10.62,5.2,0.9,12.38,7.47
samples_design_46_dldesign_3_best,0.76,0.61,0.6,nan,nan,nan,0.52,0.67,15.63,7.34,0.91,17.23,15.16
samples_design_46_dldesign_4_best,0.9,0.61,0.67,nan,nan,nan,0.54,0.75,16.9,7.85,0.91,10.86,9.58
samples_design_46_dldesign_5_best,0.77,0.99,1.95,nan,nan,nan,0.69,1.32,15.75,7.36,0.91,24.02,18.75
samples_design_46_dldesign_6_best,0.47,0.48,0.55,nan,nan,nan,0.47,0.5,16.35,7.65,0.91,22.71,19.57
samples_design_46_dldesign_7_best,0.71,0.54,0.44,nan,nan,nan,0.52,0.58,12.97,6.15,0.91,10.74,7.37
samples_design_47_dldesign_0_best,0.66,0.89,2.25,nan,nan,nan,0.82,1.63,15.4,7.37,0.91,15.7,14.11
samples_design_47_dldesign_1_best,0.64,1.11,4.37,nan,nan,nan,1.41,3.03,15.71,7.54,0.9,14.59,13.67
samples_design_47_dldesign_2_best,0.56,0.79,2.17,nan,nan,nan,0.77,1.55,15.7,7.48,0.91,21.36,15.6
samples_design_47_dldesign_3_best,0.56,0.74,2.3,nan,nan,nan,0.81,1.63,15.85,7.55,0.91,18.93,16.12
samples_design_47_dldesign_4_best,0.63,0.78,4.53,nan,nan,nan,1.44,3.11,15.15,7.26,0.91,11.92,10.23
samples_design_47_dldesign_5_best,0.56,0.95,2.24,nan,nan,nan,0.8,1.62,15.7,7.5,0.91,20.25,10.6
samples_design_47_dldesign_6_best,0.68,0.81,4.24,nan,nan,nan,1.36,2.92,15.05,7.23,0.9,10.02,9.48
samples_design_47_dldesign_7_best,1.0,0.91,2.51,nan,nan,nan,0.9,1.84,16.14,7.72,0.91,18.1,12.4
samples_design_48_dldesign_0_best,0.45,0.24,0.57,nan,nan,nan,0.43,0.45,12.35,5.89,0.91,12.35,7.28
samples_design_48_dldesign_1_best,0.51,0.49,0.32,nan,nan,nan,0.42,0.45,15.37,7.2,0.92,8.32,10.46
samples_design_48_dldesign_2_best,0.84,0.69,2.28,nan,nan,nan,0.74,1.49,16.18,7.58,0.91,21.78,13.46
samples_design_48_dldesign_3_best,0.86,0.75,1.96,nan,nan,nan,0.68,1.33,15.46,7.27,0.91,22.71,11.47
samples_design_48_dldesign_4_best,0.94,0.6,1.96,nan,nan,nan,0.67,1.33,13.07,6.24,0.91,15.47,9.91
samples_design_48_dldesign_5_best,0.88,0.79,2.05,nan,nan,nan,0.7,1.39,15.53,7.29,0.91,15.06,12.87
samples_design_48_dldesign_6_best,0.96,0.73,2.3,nan,nan,nan,0.74,1.53,14.18,6.72,0.91,15.29,9.33
samples_design_48_dldesign_7_best,0.8,0.61,2.18,nan,nan,nan,0.7,1.41,15.03,7.07,0.91,11.99,8.51
samples_design_49_dldesign_0_best,0.85,0.48,0.89,nan,nan,nan,0.54,0.8,8.05,4.17,0.89,26.13,15.43
samples_design_49_dldesign_1_best,0.96,0.87,1.25,nan,nan,nan,0.63,1.09,15.1,7.26,0.9,10.47,5.15
samples_design_49_dldesign_2_best,0.84,0.56,1.04,nan,nan,nan,0.54,0.88,14.04,6.8,0.9,11.68,5.36
samples_design_49_dldesign_3_best,0.83,0.69,0.96,nan,nan,nan,0.54,0.86,13.61,6.64,0.89,9.43,4.02
samples_design_49_dldesign_4_best,0.55,0.83,0.91,nan,nan,nan,0.51,0.8,12.79,6.22,0.9,7.5,3.51
samples_design_49_dldesign_5_best,0.74,0.94,2.88,nan,nan,nan,0.99,2.04,15.44,7.41,0.9,26.34,15.23
samples_design_49_dldesign_6_best,1.17,0.61,1.05,nan,nan,nan,0.6,1.0,14.14,6.83,0.9,11.71,5.23
samples_design_49_dldesign_7_best,1.12,0.65,1.78,nan,nan,nan,0.74,1.39,16.56,7.93,0.89,9.44,4.98
samples_design_0_dldesign_0_best,0.99,0.51,1.18,nan,nan,nan,0.61,0.96,14.13,6.75,0.9,8.32,5.21
samples_design_0_dldesign_1_best,0.93,0.39,1.23,nan,nan,nan,0.58,0.95,11.18,5.46,0.9,7.88,4.26
samples_design_0_dldesign_2_best,1.0,0.53,1.03,nan,nan,nan,0.59,0.9,14.05,6.69,0.91,8.52,5.09
samples_design_0_dldesign_3_best,0.89,0.54,0.79,nan,nan,nan,0.54,0.77,9.61,4.77,0.9,4.04,1.82
samples_design_0_dldesign_4_best,0.77,0.48,1.81,nan,nan,nan,0.67,1.23,15.08,7.19,0.9,6.32,8.22
samples_design_0_dldesign_5_best,0.61,0.51,2.0,nan,nan,nan,0.67,1.31,16.59,7.79,0.91,22.17,20.75
samples_design_0_dldesign_6_best,0.68,0.33,1.45,nan,nan,nan,0.58,0.99,14.38,6.86,0.9,6.73,4.46
samples_design_0_dldesign_7_best,0.84,0.35,0.75,nan,nan,nan,0.5,0.69,13.52,6.46,0.9,10.12,5.78
samples_design_1_dldesign_0_best,0.64,0.93,2.98,nan,nan,nan,1.03,2.1,16.53,7.96,0.89,24.71,15.35
samples_design_1_dldesign_1_best,0.67,0.68,1.98,nan,nan,nan,0.78,1.43,11.92,5.93,0.89,13.22,5.72
samples_design_1_dldesign_2_best,0.91,0.61,4.16,nan,nan,nan,1.39,2.87,14.99,7.26,0.89,12.09,6.38
samples_design_1_dldesign_3_best,0.67,0.66,1.31,nan,nan,nan,0.59,1.01,15.31,7.38,0.89,11.83,5.72
samples_design_1_dldesign_4_best,0.79,0.76,2.69,nan,nan,nan,0.93,1.91,16.71,8.0,0.89,12.62,6.87
samples_design_1_dldesign_5_best,0.68,0.79,3.33,nan,nan,nan,1.11,2.32,16.78,8.04,0.89,3.89,4.06
samples_design_1_dldesign_6_best,0.71,0.67,2.97,nan,nan,nan,1.0,2.08,15.9,7.65,0.89,4.57,4.64
samples_design_1_dldesign_7_best,0.94,0.81,4.24,nan,nan,nan,1.38,2.95,17.18,8.23,0.89,15.27,9.81
samples_design_2_dldesign_0_best,0.89,0.62,2.29,nan,nan,nan,0.82,1.62,12.86,6.2,0.91,25.39,16.91
samples_design_2_dldesign_1_best,0.77,0.7,0.53,nan,nan,nan,0.51,0.66,12.1,5.87,0.91,13.82,6.6
samples_design_2_dldesign_2_best,0.91,0.53,2.12,nan,nan,nan,0.77,1.51,13.04,6.29,0.91,10.29,4.46
samples_design_2_dldesign_3_best,0.83,0.42,2.13,nan,nan,nan,0.77,1.49,12.82,6.19,0.91,9.47,4.24
samples_design_2_dldesign_4_best,0.72,0.46,0.52,nan,nan,nan,0.48,0.57,12.89,6.2,0.91,12.66,6.13
samples_design_2_dldesign_5_best,0.85,0.51,2.16,nan,nan,nan,0.77,1.52,12.27,5.95,0.91,5.12,2.81
samples_design_2_dldesign_6_best,0.84,0.65,2.26,nan,nan,nan,0.81,1.59,13.42,6.43,0.91,12.24,5.3
samples_design_2_dldesign_7_best,0.82,0.72,2.25,nan,nan,nan,0.82,1.59,13.29,6.39,0.9,9.92,4.39
samples_design_3_dldesign_0_best,0.59,0.43,0.63,nan,nan,nan,0.45,0.57,14.04,6.76,0.9,13.4,6.6
samples_design_3_dldesign_1_best,0.51,0.52,0.6,nan,nan,nan,0.45,0.55,15.0,7.14,0.91,24.01,15.28
samples_design_3_dldesign_2_best,0.66,0.46,0.84,nan,nan,nan,0.48,0.71,12.55,6.11,0.9,2.13,3.11
samples_design_3_dldesign_3_best,0.51,0.42,1.97,nan,nan,nan,0.69,1.35,13.81,6.68,0.9,12.27,5.65
samples_design_3_dldesign_4_best,0.51,0.5,0.6,nan,nan,nan,0.46,0.55,15.65,7.46,0.9,10.96,7.02
samples_design_3_dldesign_5_best,0.65,0.66,1.64,nan,nan,nan,0.66,1.19,7.02,3.74,0.89,2.0,1.35
samples_design_3_dldesign_6_best,0.74,0.7,1.89,nan,nan,nan,0.71,1.36,7.87,4.11,0.89,1.74,1.45
samples_design_3_dldesign_7_best,0.6,0.45,0.39,nan,nan,nan,0.45,0.48,13.25,6.39,0.9,13.66,7.29
samples_design_4_dldesign_0_best,0.98,0.86,0.95,nan,nan,nan,0.59,0.93,9.87,4.83,0.9,8.49,5.07
samples_design_4_dldesign_1_best,0.4,1.16,2.0,nan,nan,nan,0.6,1.27,19.08,8.85,0.9,22.28,18.89
samples_design_4_dldesign_2_best,0.37,0.98,1.52,nan,nan,nan,0.54,1.01,14.76,6.95,0.9,18.74,16.76
samples_design_4_dldesign_3_best,0.57,1.16,1.0,nan,nan,nan,0.54,0.93,14.83,6.97,0.91,13.96,9.75
samples_design_4_dldesign_4_best,0.64,1.16,0.87,nan,nan,nan,0.54,0.91,15.49,7.23,0.91,13.11,10.5
samples_design_4_dldesign_5_best,0.42,1.25,0.92,nan,nan,nan,0.49,0.91,15.77,7.37,0.91,12.93,10.02
samples_design_4_dldesign_6_best,0.44,1.15,1.02,nan,nan,nan,0.51,0.9,15.55,7.27,0.91,18.1,16.13
samples_design_4_dldesign_7_best,0.78,0.92,0.92,nan,nan,nan,0.57,0.87,9.09,4.49,0.9,8.04,4.92
samples_design_5_dldesign_0_best,0.85,0.55,3.71,nan,nan,nan,0.97,2.17,15.82,7.45,0.9,15.74,14.84
samples_design_5_dldesign_1_best,0.83,0.63,3.7,nan,nan,nan,0.97,2.17,16.48,7.75,0.9,15.28,16.17
samples_design_5_dldesign_2_best,0.73,0.55,3.36,nan,nan,nan,0.89,1.97,16.4,7.71,0.9,16.01,16.24
samples_design_5_dldesign_3_best,0.89,0.64,3.7,nan,nan,nan,0.96,2.18,15.47,7.29,0.9,16.12,15.03
samples_design_5_dldesign_4_best,0.82,0.63,0.39,nan,nan,nan,0.45,0.65,16.11,7.53,0.91,18.61,15.8
samples_design_5_dldesign_5_best,0.83,0.65,3.97,nan,nan,nan,1.01,2.32,16.67,7.81,0.9,16.71,15.1
samples_design_5_dldesign_6_best,0.83,0.22,0.51,nan,nan,nan,0.45,0.59,5.79,3.12,0.9,13.06,7.41
samples_design_5_dldesign_7_best,0.97,0.52,0.43,nan,nan,nan,0.47,0.7,16.0,7.48,0.91,17.95,16.72
samples_design_6_dldesign_0_best,0.72,0.68,2.9,nan,nan,nan,0.95,1.98,15.83,7.53,0.91,7.48,5.88
samples_design_6_dldesign_1_best,0.67,0.44,0.55,nan,nan,nan,0.52,0.56,13.67,6.58,0.9,11.36,5.41
samples_design_6_dldesign_2_best,0.72,0.46,1.05,nan,nan,nan,0.56,0.83,13.75,6.6,0.91,12.97,6.66
samples_design_6_dldesign_3_best,0.72,0.49,0.4,nan,nan,nan,0.48,0.54,14.46,6.9,0.91,10.73,5.02
samples_design_6_dldesign_4_best,0.76,0.42,2.37,nan,nan,nan,0.84,1.63,13.38,6.45,0.91,12.77,5.71
samples_design_6_dldesign_5_best,0.61,0.57,0.89,nan,nan,nan,0.52,0.74,15.17,7.23,0.91,14.59,9.3
samples_design_6_dldesign_6_best,0.66,0.65,2.63,nan,nan,nan,0.88,1.8,16.14,7.7,0.9,6.28,6.49
samples_design_6_dldesign_7_best,0.75,0.64,2.55,nan,nan,nan,0.86,1.76,15.9,7.57,0.91,9.42,7.29
samples_design_7_dldesign_0_best,1.13,0.92,5.12,nan,nan,nan,1.7,3.62,15.65,7.49,0.91,6.73,6.61
samples_design_7_dldesign_1_best,0.73,0.87,2.69,nan,nan,nan,0.97,1.95,15.15,7.3,0.9,5.17,4.8
samples_design_7_dldesign_2_best,0.35,1.04,2.56,nan,nan,nan,0.92,1.86,16.88,8.11,0.89,2.32,3.26
samples_design_7_dldesign_3_best,0.83,1.2,2.88,nan,nan,nan,1.05,2.12,15.42,7.4,0.91,20.19,13.19
samples_design_7_dldesign_4_best,0.82,1.16,2.6,nan,nan,nan,0.96,1.94,14.99,7.23,0.9,24.41,14.68
samples_design_7_dldesign_5_best,1.13,1.04,2.75,nan,nan,nan,1.03,2.06,14.8,7.17,0.9,11.5,6.15
samples_design_7_dldesign_6_best,0.99,1.12,3.05,nan,nan,nan,1.11,2.24,15.05,7.26,0.9,9.28,8.03
samples_design_7_dldesign_7_best,0.92,1.19,2.85,nan,nan,nan,1.05,2.12,15.72,7.56,0.9,21.09,14.24
samples_design_8_dldesign_0_best,1.09,0.7,3.29,nan,nan,nan,0.84,1.91,15.14,7.08,0.91,14.76,14.3
samples_design_8_dldesign_1_best,0.95,0.82,3.25,nan,nan,nan,0.84,1.88,16.42,7.66,0.91,25.15,23.12
samples_design_8_dldesign_2_best,1.09,0.78,3.29,nan,nan,nan,0.84,1.92,15.0,7.05,0.91,14.14,12.48
samples_design_8_dldesign_3_best,0.97,0.87,3.32,nan,nan,nan,0.87,1.92,15.07,7.08,0.91,10.48,10.01
samples_design_8_dldesign_4_best,1.02,0.72,3.25,nan,nan,nan,0.83,1.87,15.34,7.17,0.91,17.2,13.56
samples_design_8_dldesign_5_best,0.65,0.82,3.35,nan,nan,nan,0.82,1.87,14.86,6.96,0.91,15.15,12.29
samples_design_8_dldesign_6_best,0.99,0.89,3.4,nan,nan,nan,0.88,1.96,17.27,8.01,0.91,15.69,10.7
samples_design_8_dldesign_7_best,1.03,0.77,3.26,nan,nan,nan,0.84,1.89,15.17,7.09,0.91,18.32,17.94
samples_design_9_dldesign_0_best,0.41,0.47,0.47,nan,nan,nan,0.41,0.45,15.58,7.29,0.92,18.04,19.09
samples_design_9_dldesign_1_best,0.44,0.52,0.33,nan,nan,nan,0.43,0.43,15.57,7.29,0.92,17.52,16.95
samples_design_9_dldesign_2_best,0.45,0.38,0.33,nan,nan,nan,0.42,0.39,14.2,6.7,0.92,14.24,9.46
samples_design_9_dldesign_3_best,0.67,0.63,0.81,nan,nan,nan,0.47,0.71,15.69,7.35,0.92,6.87,8.09
samples_design_9_dldesign_4_best,0.39,0.47,0.41,nan,nan,nan,0.41,0.42,15.17,7.11,0.92,13.32,15.99
samples_design_9_dldesign_5_best,0.41,0.59,0.73,nan,nan,nan,0.48,0.59,15.48,7.26,0.92,15.92,15.85
samples_design_9_dldesign_6_best,0.43,0.49,0.51,nan,nan,nan,0.41,0.48,15.31,7.17,0.92,14.97,15.91
samples_design_9_dldesign_7_best,0.55,0.65,1.06,nan,nan,nan,0.46,0.79,18.25,8.47,0.91,11.01,6.38
samples_design_10_dldesign_0_best,0.94,0.67,0.64,nan,nan,nan,0.5,0.74,18.17,8.59,0.9,16.92,16.79
samples_design_10_dldesign_1_best,1.07,0.65,0.78,nan,nan,nan,0.56,0.84,10.78,5.35,0.9,6.21,6.06
samples_design_10_dldesign_2_best,0.97,0.59,0.67,nan,nan,nan,0.54,0.75,8.76,4.45,0.9,1.03,0.92
samples_design_10_dldesign_3_best,0.72,0.75,0.64,nan,nan,nan,0.47,0.69,16.41,7.8,0.91,10.15,8.67
samples_design_10_dldesign_4_best,0.86,0.79,0.63,nan,nan,nan,0.51,0.74,14.14,6.81,0.91,5.23,3.02
samples_design_10_dldesign_5_best,1.02,0.68,0.73,nan,nan,nan,0.53,0.81,16.08,7.67,0.91,20.23,21.31
samples_design_10_dldesign_6_best,0.72,0.64,0.63,nan,nan,nan,0.48,0.66,12.42,6.06,0.9,6.57,6.28
samples_design_10_dldesign_7_best,0.94,0.64,0.67,nan,nan,nan,0.53,0.75,8.61,4.37,0.9,2.4,1.29
samples_design_11_dldesign_0_best,0.46,0.42,1.39,nan,nan,nan,0.53,0.95,17.95,8.46,0.9,4.98,6.16
samples_design_11_dldesign_1_best,0.31,0.23,1.38,nan,nan,nan,0.51,0.91,16.36,7.72,0.91,14.13,13.64
samples_design_11_dldesign_2_best,0.32,0.37,1.34,nan,nan,nan,0.52,0.9,16.01,7.56,0.91,18.64,18.22
samples_design_11_dldesign_3_best,0.33,0.26,1.43,nan,nan,nan,0.54,0.94,16.28,7.69,0.91,17.25,16.61
samples_design_11_dldesign_4_best,0.29,0.4,1.51,nan,nan,nan,0.55,1.0,17.22,8.13,0.91,22.59,14.94
samples_design_11_dldesign_5_best,0.49,0.51,1.5,nan,nan,nan,0.57,1.03,16.53,7.84,0.91,11.1,8.17
samples_design_11_dldesign_6_best,0.31,0.46,1.49,nan,nan,nan,0.56,1.0,17.57,8.3,0.9,17.35,13.58
samples_design_11_dldesign_7_best,0.34,0.4,1.45,nan,nan,nan,0.54,0.97,17.01,8.03,0.91,20.79,17.23
samples_design_12_dldesign_0_best,0.5,0.55,0.5,nan,nan,nan,0.45,0.52,15.44,7.23,0.92,25.48,20.0
samples_design_12_dldesign_1_best,0.54,0.48,0.55,nan,nan,nan,0.47,0.53,12.01,5.75,0.91,12.36,7.42
samples_design_12_dldesign_2_best,0.56,0.45,0.55,nan,nan,nan,0.44,0.52,15.58,7.3,0.92,13.24,14.66
samples_design_12_dldesign_3_best,0.46,0.68,0.66,nan,nan,nan,0.45,0.61,15.88,7.44,0.91,23.15,20.61
samples_design_12_dldesign_4_best,0.83,0.37,0.85,nan,nan,nan,0.52,0.73,11.9,5.7,0.91,11.07,6.55
samples_design_12_dldesign_5_best,0.51,0.46,0.63,nan,nan,nan,0.46,0.54,11.52,5.54,0.91,13.09,7.94
samples_design_12_dldesign_6_best,0.51,0.65,1.08,nan,nan,nan,0.49,0.79,15.39,7.24,0.91,21.11,23.35
samples_design_12_dldesign_7_best,0.57,0.71,0.58,nan,nan,nan,0.46,0.62,15.43,7.24,0.91,14.15,15.37
samples_design_13_dldesign_0_best,0.48,0.37,0.84,nan,nan,nan,0.5,0.62,16.18,7.64,0.91,15.55,13.58
samples_design_13_dldesign_1_best,0.44,0.54,0.66,nan,nan,nan,0.43,0.56,16.59,7.79,0.91,11.27,10.77
samples_design_13_dldesign_2_best,0.49,0.44,0.87,nan,nan,nan,0.49,0.65,15.61,7.34,0.92,19.36,15.38
samples_design_13_dldesign_3_best,0.54,0.38,0.68,nan,nan,nan,0.47,0.56,14.99,7.07,0.92,15.69,17.28
samples_design_13_dldesign_4_best,0.43,0.4,0.74,nan,nan,nan,0.47,0.56,17.02,8.0,0.91,9.61,8.14
samples_design_13_dldesign_5_best,0.43,0.35,0.57,nan,nan,nan,0.44,0.47,16.09,7.57,0.91,9.37,11.93
samples_design_13_dldesign_6_best,0.45,0.36,1.08,nan,nan,nan,0.52,0.74,15.81,7.42,0.92,18.39,14.33
samples_design_13_dldesign_7_best,0.44,0.46,1.07,nan,nan,nan,0.51,0.75,15.99,7.51,0.91,18.15,18.52
samples_design_14_dldesign_0_best,0.44,0.78,2.45,nan,nan,nan,0.77,1.59,14.46,6.88,0.91,13.1,12.59
samples_design_14_dldesign_1_best,0.55,0.75,2.32,nan,nan,nan,0.73,1.52,14.0,6.68,0.91,11.4,11.34
samples_design_14_dldesign_2_best,0.4,0.93,1.88,nan,nan,nan,0.64,1.28,15.25,7.22,0.91,13.29,13.66
samples_design_14_dldesign_3_best,0.46,0.81,1.96,nan,nan,nan,0.67,1.32,14.06,6.68,0.91,12.13,11.7
samples_design_14_dldesign_4_best,0.61,0.7,1.82,nan,nan,nan,0.64,1.24,14.0,6.64,0.91,10.26,10.84
samples_design_14_dldesign_5_best,0.42,0.97,2.52,nan,nan,nan,0.79,1.66,14.75,6.99,0.91,22.0,15.22
samples_design_14_dldesign_6_best,0.44,1.07,2.72,nan,nan,nan,0.83,1.79,15.15,7.15,0.91,20.27,14.33
samples_design_14_dldesign_7_best,0.65,0.71,1.98,nan,nan,nan,0.67,1.33,14.12,6.74,0.9,10.19,9.02
samples_design_15_dldesign_0_best,0.49,0.47,0.47,nan,nan,nan,0.42,0.48,16.1,7.52,0.92,15.06,13.73
samples_design_15_dldesign_1_best,0.5,0.44,0.26,nan,nan,nan,0.43,0.41,15.26,7.16,0.92,15.46,17.46
samples_design_15_dldesign_2_best,0.62,0.42,0.49,nan,nan,nan,0.44,0.52,10.19,4.97,0.91,13.02,7.16
samples_design_15_dldesign_3_best,0.45,0.44,0.44,nan,nan,nan,0.42,0.44,15.39,7.21,0.92,13.77,14.52
samples_design_15_dldesign_4_best,0.64,0.55,0.41,nan,nan,nan,0.44,0.54,15.71,7.36,0.92,22.18,19.08
samples_design_15_dldesign_5_best,0.64,0.51,0.46,nan,nan,nan,0.45,0.54,11.38,5.48,0.91,13.84,7.93
samples_design_15_dldesign_6_best,0.43,0.57,0.45,nan,nan,nan,0.42,0.48,15.34,7.19,0.92,13.74,15.51
samples_design_15_dldesign_7_best,0.53,0.74,0.67,nan,nan,nan,0.47,0.65,15.49,7.25,0.92,16.0,17.06
samples_design_16_dldesign_0_best,0.5,0.38,0.52,nan,nan,nan,0.44,0.48,12.06,5.77,0.91,14.08,8.06
samples_design_16_dldesign_1_best,0.43,0.23,0.35,nan,nan,nan,0.44,0.35,11.44,5.51,0.91,14.46,7.94
samples_design_16_dldesign_2_best,0.49,0.37,0.99,nan,nan,nan,0.48,0.68,16.08,7.54,0.91,20.77,15.61
samples_design_16_dldesign_3_best,0.46,0.46,0.76,nan,nan,nan,0.46,0.58,15.41,7.23,0.92,17.86,18.3
samples_design_16_dldesign_4_best,0.43,0.3,0.66,nan,nan,nan,0.45,0.49,16.2,7.56,0.92,19.29,12.88
samples_design_16_dldesign_5_best,0.44,0.37,0.55,nan,nan,nan,0.42,0.46,15.85,7.45,0.91,18.87,14.36
samples_design_16_dldesign_6_best,0.44,0.27,0.87,nan,nan,nan,0.43,0.59,15.59,7.31,0.91,13.78,14.33
samples_design_16_dldesign_7_best,0.55,0.35,0.64,nan,nan,nan,0.46,0.53,15.42,7.23,0.92,17.47,15.51
samples_design_17_dldesign_0_best,0.66,0.56,2.32,nan,nan,nan,0.78,1.6,16.33,7.72,0.91,15.96,13.4
samples_design_17_dldesign_1_best,0.63,0.75,2.47,nan,nan,nan,0.83,1.71,12.36,6.03,0.9,12.55,5.7
samples_design_17_dldesign_2_best,0.68,0.68,2.42,nan,nan,nan,0.82,1.67,13.85,6.67,0.9,11.72,5.58
samples_design_17_dldesign_3_best,0.73,0.68,2.61,nan,nan,nan,0.88,1.8,16.59,7.86,0.9,17.68,14.42
samples_design_17_dldesign_4_best,0.71,0.59,2.47,nan,nan,nan,0.84,1.7,14.54,6.99,0.9,2.81,3.07
samples_design_17_dldesign_5_best,0.46,0.67,1.85,nan,nan,nan,0.67,1.29,16.29,7.74,0.9,22.47,11.93
samples_design_17_dldesign_6_best,0.84,0.68,2.45,nan,nan,nan,0.84,1.72,14.48,6.94,0.9,8.97,4.12
samples_design_17_dldesign_7_best,0.73,0.89,2.5,nan,nan,nan,0.86,1.76,11.82,5.79,0.9,11.78,5.75
samples_design_18_dldesign_0_best,0.47,0.5,1.53,nan,nan,nan,0.63,1.12,15.97,7.63,0.91,16.77,8.98
samples_design_18_dldesign_1_best,0.45,0.55,2.85,nan,nan,nan,0.99,2.01,15.51,7.47,0.91,11.32,11.62
samples_design_18_dldesign_2_best,0.47,0.69,3.15,nan,nan,nan,1.07,2.22,15.22,7.32,0.91,12.79,11.36
samples_design_18_dldesign_3_best,0.56,0.59,1.7,nan,nan,nan,0.67,1.25,16.49,7.91,0.9,7.89,6.28
samples_design_18_dldesign_4_best,0.45,0.67,3.41,nan,nan,nan,1.15,2.4,16.27,7.75,0.91,16.93,10.79
samples_design_18_dldesign_5_best,0.47,0.58,3.17,nan,nan,nan,1.09,2.23,15.3,7.35,0.91,14.86,9.71
samples_design_18_dldesign_6_best,0.55,0.65,2.05,nan,nan,nan,0.75,1.48,16.81,8.08,0.89,7.94,4.28
samples_design_18_dldesign_7_best,0.46,0.72,1.62,nan,nan,nan,0.64,1.2,16.19,7.72,0.91,18.99,10.64
samples_design_19_dldesign_0_best,0.23,0.6,3.26,nan,nan,nan,1.02,2.17,14.19,6.8,0.91,14.26,9.99
samples_design_19_dldesign_1_best,0.33,0.59,1.06,nan,nan,nan,0.49,0.79,15.54,7.38,0.91,12.64,11.55
samples_design_19_dldesign_2_best,0.62,0.48,3.59,nan,nan,nan,1.12,2.41,16.25,7.76,0.9,15.92,9.01
samples_design_19_dldesign_3_best,0.24,0.55,0.97,nan,nan,nan,0.47,0.71,15.31,7.28,0.91,10.43,8.33
samples_design_19_dldesign_4_best,0.44,0.5,1.12,nan,nan,nan,0.51,0.82,16.84,7.96,0.91,5.73,5.37
samples_design_19_dldesign_5_best,0.5,0.62,2.06,nan,nan,nan,0.72,1.42,14.69,6.99,0.91,21.62,13.51
samples_design_19_dldesign_6_best,0.9,0.56,2.89,nan,nan,nan,0.97,1.99,15.74,7.5,0.91,18.44,11.24
samples_design_19_dldesign_7_best,0.36,0.48,1.01,nan,nan,nan,0.48,0.74,15.53,7.37,0.91,19.7,9.72
samples_design_20_dldesign_0_best,0.92,0.96,2.6,nan,nan,nan,0.84,1.77,15.02,7.1,0.91,15.1,15.66
samples_design_20_dldesign_1_best,0.94,0.94,1.83,nan,nan,nan,0.7,1.35,15.83,7.47,0.91,16.02,14.13
samples_design_20_dldesign_2_best,0.72,0.96,2.45,nan,nan,nan,0.79,1.65,14.29,6.79,0.91,19.25,16.25
samples_design_20_dldesign_3_best,0.74,1.02,2.29,nan,nan,nan,0.77,1.57,14.65,6.9,0.92,17.17,17.83
samples_design_20_dldesign_4_best,0.94,0.92,2.51,nan,nan,nan,0.82,1.72,13.97,6.65,0.91,22.71,15.28
samples_design_20_dldesign_5_best,0.92,1.09,2.61,nan,nan,nan,0.86,1.79,13.5,6.42,0.91,18.77,15.73
samples_design_20_dldesign_6_best,0.8,1.04,2.53,nan,nan,nan,0.84,1.72,14.3,6.79,0.91,22.06,15.38
samples_design_20_dldesign_7_best,0.94,1.04,2.38,nan,nan,nan,0.81,1.66,14.86,6.98,0.92,25.25,16.47
samples_design_21_dldesign_0_best,0.7,0.46,1.19,nan,nan,nan,0.58,0.89,16.65,7.92,0.9,10.89,7.13
samples_design_21_dldesign_1_best,0.79,0.49,0.78,nan,nan,nan,0.53,0.71,14.87,7.11,0.9,11.18,5.6
samples_design_21_dldesign_2_best,0.79,0.5,1.06,nan,nan,nan,0.57,0.85,14.75,7.06,0.9,7.48,4.03
samples_design_21_dldesign_3_best,0.85,0.48,0.92,nan,nan,nan,0.58,0.8,12.59,6.1,0.9,14.1,6.16
samples_design_21_dldesign_4_best,0.99,0.58,1.01,nan,nan,nan,0.59,0.9,13.74,6.6,0.9,24.63,17.45
samples_design_21_dldesign_5_best,0.88,0.59,0.66,nan,nan,nan,0.51,0.72,17.25,8.13,0.91,26.46,15.73
samples_design_21_dldesign_6_best,0.88,0.69,1.0,nan,nan,nan,0.56,0.89,16.04,7.58,0.9,17.19,12.9
samples_design_21_dldesign_7_best,0.81,0.51,0.87,nan,nan,nan,0.57,0.77,14.02,6.71,0.9,12.93,5.72
samples_design_22_dldesign_0_best,1.05,0.44,2.9,nan,nan,nan,0.77,1.68,15.33,7.17,0.91,11.37,6.21
samples_design_22_dldesign_1_best,1.23,0.45,2.28,nan,nan,nan,0.67,1.45,16.08,7.54,0.9,13.56,12.02
samples_design_22_dldesign_2_best,0.72,0.4,2.96,nan,nan,nan,0.77,1.64,14.12,6.64,0.91,10.72,4.94
samples_design_22_dldesign_3_best,1.03,0.5,3.0,nan,nan,nan,0.83,1.73,13.24,6.31,0.9,10.02,4.03
samples_design_22_dldesign_4_best,0.48,0.59,2.89,nan,nan,nan,0.73,1.59,15.36,7.18,0.91,13.75,11.44
samples_design_22_dldesign_5_best,0.68,0.51,2.99,nan,nan,nan,0.75,1.66,15.35,7.17,0.91,10.51,9.45
samples_design_22_dldesign_6_best,0.61,0.74,2.92,nan,nan,nan,0.75,1.64,15.67,7.33,0.91,14.26,15.78
samples_design_22_dldesign_7_best,0.97,0.53,2.94,nan,nan,nan,0.77,1.69,15.17,7.12,0.91,9.69,6.54
samples_design_23_dldesign_0_best,0.96,0.93,0.72,nan,nan,nan,0.54,0.88,10.48,5.14,0.9,25.46,16.25
samples_design_23_dldesign_1_best,1.13,1.19,2.88,nan,nan,nan,0.84,1.88,16.3,7.64,0.9,9.58,9.42
samples_design_23_dldesign_2_best,1.2,1.35,3.41,nan,nan,nan,0.97,2.18,15.33,7.22,0.9,14.15,12.79
samples_design_23_dldesign_3_best,0.65,1.49,3.97,nan,nan,nan,1.07,2.42,14.36,6.83,0.9,16.84,14.26
samples_design_23_dldesign_4_best,1.04,1.33,3.38,nan,nan,nan,0.95,2.13,16.61,7.84,0.9,18.08,16.52
samples_design_23_dldesign_5_best,0.87,1.33,2.22,nan,nan,nan,0.74,1.55,14.78,7.03,0.89,21.42,15.97
samples_design_23_dldesign_6_best,1.3,1.42,2.38,nan,nan,nan,0.84,1.75,14.53,6.92,0.9,17.49,13.95
samples_design_23_dldesign_7_best,1.25,1.33,3.21,nan,nan,nan,0.92,2.1,14.5,6.9,0.9,16.37,14.27
samples_design_24_dldesign_0_best,0.43,0.58,0.54,nan,nan,nan,0.44,0.52,13.27,6.3,0.91,10.08,6.84
samples_design_24_dldesign_1_best,0.37,0.66,0.48,nan,nan,nan,0.43,0.51,15.8,7.37,0.92,22.28,18.34
samples_design_24_dldesign_2_best,0.45,0.69,0.43,nan,nan,nan,0.42,0.53,15.87,7.44,0.91,14.74,17.16
samples_design_24_dldesign_3_best,1.05,0.55,0.74,nan,nan,nan,0.5,0.82,15.96,7.47,0.91,19.35,19.54
samples_design_24_dldesign_4_best,0.45,0.44,0.41,nan,nan,nan,0.46,0.43,14.82,6.97,0.91,14.45,8.96
samples_design_24_dldesign_5_best,0.51,0.46,0.63,nan,nan,nan,0.43,0.54,16.42,7.67,0.91,25.38,21.01
samples_design_24_dldesign_6_best,0.59,0.48,0.58,nan,nan,nan,0.46,0.55,16.01,7.49,0.91,24.85,21.29
samples_design_24_dldesign_7_best,0.87,0.4,0.62,nan,nan,nan,0.49,0.67,14.17,6.7,0.91,12.86,7.25
samples_design_25_dldesign_0_best,0.63,0.79,0.45,nan,nan,nan,0.44,0.65,16.59,7.71,0.91,18.59,13.46
samples_design_25_dldesign_1_best,0.94,0.8,0.61,nan,nan,nan,0.53,0.82,15.59,7.29,0.91,23.46,20.57
samples_design_25_dldesign_2_best,0.81,0.88,0.56,nan,nan,nan,0.51,0.77,15.67,7.33,0.91,17.84,19.07
samples_design_25_dldesign_3_best,1.14,0.97,0.83,nan,nan,nan,0.58,1.01,15.47,7.24,0.91,19.04,16.45
samples_design_25_dldesign_4_best,1.12,0.8,0.74,nan,nan,nan,0.56,0.92,15.61,7.3,0.91,17.74,17.85
samples_design_25_dldesign_5_best,0.93,0.73,0.69,nan,nan,nan,0.51,0.8,16.04,7.49,0.91,15.66,13.68
samples_design_25_dldesign_6_best,1.05,0.64,0.81,nan,nan,nan,0.55,0.87,15.64,7.3,0.91,6.77,5.75
samples_design_25_dldesign_7_best,0.78,0.78,0.64,nan,nan,nan,0.49,0.74,15.71,7.33,0.91,21.58,15.04
samples_design_26_dldesign_0_best,0.49,0.66,2.63,nan,nan,nan,0.88,1.79,15.04,7.2,0.91,8.78,7.36
samples_design_26_dldesign_1_best,0.44,0.72,0.91,nan,nan,nan,0.49,0.75,13.74,6.59,0.91,12.38,6.59
samples_design_26_dldesign_2_best,0.45,1.01,0.95,nan,nan,nan,0.52,0.85,15.13,7.19,0.91,13.0,8.68
samples_design_26_dldesign_3_best,0.5,0.52,1.2,nan,nan,nan,0.54,0.88,14.54,6.95,0.91,13.65,7.55
samples_design_26_dldesign_4_best,0.45,0.94,3.02,nan,nan,nan,0.98,2.07,14.74,7.06,0.91,13.03,9.93
samples_design_26_dldesign_5_best,0.44,0.67,1.13,nan,nan,nan,0.54,0.85,14.4,6.87,0.91,18.16,8.7
samples_design_26_dldesign_6_best,0.57,0.79,3.02,nan,nan,nan,0.99,2.05,13.99,6.69,0.91,17.45,10.98
samples_design_26_dldesign_7_best,0.44,0.88,1.01,nan,nan,nan,0.52,0.84,14.88,7.08,0.91,18.67,11.04
samples_design_27_dldesign_0_best,1.3,1.0,3.02,nan,nan,nan,0.86,1.88,16.55,7.72,0.91,16.55,12.99
samples_design_27_dldesign_1_best,1.2,0.83,3.08,nan,nan,nan,0.83,1.85,16.41,7.65,0.91,9.1,5.77
samples_design_27_dldesign_2_best,1.25,0.88,3.02,nan,nan,nan,0.83,1.85,16.17,7.55,0.91,8.33,8.4
samples_design_27_dldesign_3_best,1.21,0.83,2.89,nan,nan,nan,0.79,1.77,16.14,7.56,0.9,8.12,5.23
samples_design_27_dldesign_4_best,1.23,0.93,3.23,nan,nan,nan,0.86,1.94,14.33,6.75,0.91,11.86,10.93
samples_design_27_dldesign_5_best,1.09,0.91,3.0,nan,nan,nan,0.81,1.8,16.14,7.55,0.91,16.51,17.21
samples_design_27_dldesign_6_best,1.12,0.94,2.93,nan,nan,nan,0.8,1.78,14.81,6.97,0.9,10.34,7.13
samples_design_27_dldesign_7_best,1.19,0.84,3.1,nan,nan,nan,0.82,1.86,14.36,6.78,0.9,11.59,11.33
samples_design_28_dldesign_0_best,0.54,1.01,2.41,nan,nan,nan,0.81,1.66,16.05,7.57,0.91,23.61,16.51
samples_design_28_dldesign_1_best,0.37,0.81,1.06,nan,nan,nan,0.48,0.83,16.27,7.67,0.91,8.34,5.17
samples_design_28_dldesign_2_best,0.82,0.76,1.19,nan,nan,nan,0.56,0.97,14.28,6.84,0.9,9.31,7.68
samples_design_28_dldesign_3_best,0.37,0.61,2.34,nan,nan,nan,0.76,1.55,12.3,5.96,0.9,8.91,5.44
samples_design_28_dldesign_4_best,0.32,0.78,2.48,nan,nan,nan,0.8,1.65,15.31,7.29,0.9,10.25,6.63
samples_design_28_dldesign_5_best,0.39,0.56,2.32,nan,nan,nan,0.76,1.53,13.4,6.45,0.9,9.47,5.62
samples_design_28_dldesign_6_best,0.43,0.55,2.23,nan,nan,nan,0.74,1.48,10.55,5.21,0.9,9.87,5.41
samples_design_28_dldesign_7_best,0.38,0.69,2.24,nan,nan,nan,0.74,1.49,11.5,5.6,0.9,9.17,4.92
samples_design_29_dldesign_0_best,0.82,0.47,1.47,nan,nan,nan,0.64,1.08,13.73,6.61,0.9,11.57,5.63
samples_design_29_dldesign_1_best,0.85,0.65,1.89,nan,nan,nan,0.73,1.34,16.88,7.97,0.9,21.71,13.95
samples_design_29_dldesign_2_best,0.87,0.83,2.33,nan,nan,nan,0.83,1.63,17.09,8.1,0.9,20.59,19.09
samples_design_29_dldesign_3_best,0.84,0.98,2.16,nan,nan,nan,0.77,1.55,17.79,8.4,0.9,10.16,10.06
samples_design_29_dldesign_4_best,0.91,0.61,1.07,nan,nan,nan,0.63,0.91,13.09,6.27,0.91,9.24,4.53
samples_design_29_dldesign_5_best,0.78,0.93,1.68,nan,nan,nan,0.67,1.26,17.03,8.06,0.9,21.56,12.95
samples_design_29_dldesign_6_best,0.76,0.93,1.76,nan,nan,nan,0.67,1.3,16.12,7.63,0.91,12.0,10.51
samples_design_29_dldesign_7_best,0.7,0.66,1.17,nan,nan,nan,0.57,0.92,15.39,7.32,0.91,9.82,4.85
samples_design_30_dldesign_0_best,0.44,0.79,2.43,nan,nan,nan,0.91,1.78,16.5,7.93,0.9,8.58,9.22
samples_design_30_dldesign_1_best,0.44,0.76,3.04,nan,nan,nan,1.08,2.19,16.63,7.94,0.91,10.9,8.75
samples_design_30_dldesign_2_best,0.68,0.66,3.86,nan,nan,nan,1.33,2.77,17.2,8.22,0.9,9.37,7.34
samples_design_30_dldesign_3_best,0.48,0.73,3.43,nan,nan,nan,1.2,2.47,15.4,7.39,0.91,15.5,14.76
samples_design_30_dldesign_4_best,0.4,0.76,3.04,nan,nan,nan,1.08,2.19,15.4,7.39,0.91,5.19,4.33
samples_design_30_dldesign_5_best,0.35,0.84,3.75,nan,nan,nan,1.3,2.69,16.0,7.66,0.9,16.67,13.05
samples_design_30_dldesign_6_best,0.45,0.8,3.95,nan,nan,nan,1.36,2.83,14.53,7.06,0.9,7.96,6.4
samples_design_30_dldesign_7_best,0.45,0.75,3.07,nan,nan,nan,1.1,2.21,16.41,7.84,0.91,6.93,7.83
samples_design_31_dldesign_0_best,0.74,0.83,1.85,nan,nan,nan,0.65,1.26,15.75,7.38,0.91,17.91,14.11
samples_design_31_dldesign_1_best,0.91,0.88,2.06,nan,nan,nan,0.71,1.42,15.69,7.37,0.91,23.13,20.56
samples_design_31_dldesign_2_best,0.67,0.36,0.97,nan,nan,nan,0.49,0.72,12.87,6.14,0.91,9.71,5.39
samples_design_31_dldesign_3_best,0.85,0.9,2.03,nan,nan,nan,0.69,1.39,15.86,7.45,0.91,20.72,19.3
samples_design_31_dldesign_4_best,0.83,0.67,1.84,nan,nan,nan,0.64,1.25,14.13,6.7,0.91,12.41,7.76
samples_design_31_dldesign_5_best,0.5,0.28,0.78,nan,nan,nan,0.44,0.57,12.47,5.97,0.91,12.51,7.32
samples_design_31_dldesign_6_best,0.94,0.97,1.87,nan,nan,nan,0.69,1.35,15.58,7.31,0.91,21.73,20.09
samples_design_31_dldesign_7_best,0.76,0.61,1.8,nan,nan,nan,0.63,1.2,13.38,6.39,0.9,13.49,8.37
samples_design_32_dldesign_0_best,0.55,0.84,1.52,nan,nan,nan,0.62,1.09,15.67,7.4,0.91,12.77,7.02
samples_design_32_dldesign_1_best,0.96,1.08,1.28,nan,nan,nan,0.64,1.12,15.06,7.11,0.91,25.29,15.7
samples_design_32_dldesign_2_best,0.72,0.9,1.59,nan,nan,nan,0.64,1.17,15.84,7.46,0.91,19.26,11.0
samples_design_32_dldesign_3_best,0.77,1.05,1.31,nan,nan,nan,0.61,1.08,15.69,7.4,0.91,24.09,15.1
samples_design_32_dldesign_4_best,0.86,1.1,1.17,nan,nan,nan,0.6,1.05,15.56,7.35,0.91,24.73,13.05
samples_design_32_dldesign_5_best,0.65,1.09,1.13,nan,nan,nan,0.58,0.98,15.93,7.5,0.91,24.23,12.35
samples_design_32_dldesign_6_best,1.08,1.15,1.07,nan,nan,nan,0.62,1.1,15.96,7.52,0.91,24.6,13.09
samples_design_32_dldesign_7_best,0.79,1.11,1.3,nan,nan,nan,0.62,1.1,15.88,7.48,0.91,22.38,11.98
samples_design_33_dldesign_0_best,0.56,0.46,3.86,nan,nan,nan,1.29,2.7,17.67,8.4,0.9,9.69,8.85
samples_design_33_dldesign_1_best,0.7,0.55,2.6,nan,nan,nan,0.94,1.86,14.49,7.08,0.89,12.63,8.66
samples_design_33_dldesign_2_best,0.59,0.7,4.12,nan,nan,nan,1.38,2.9,16.22,7.76,0.9,20.52,14.87
samples_design_33_dldesign_3_best,0.59,0.53,1.51,nan,nan,nan,0.66,1.12,15.36,7.46,0.89,14.34,8.9
samples_design_33_dldesign_4_best,0.63,0.6,4.22,nan,nan,nan,1.41,2.96,16.44,7.87,0.9,13.89,14.79
samples_design_33_dldesign_5_best,0.79,0.54,3.66,nan,nan,nan,1.26,2.58,6.28,3.41,0.9,14.03,13.14
samples_design_33_dldesign_6_best,0.57,0.57,3.97,nan,nan,nan,1.33,2.78,17.06,8.17,0.9,12.85,13.2
samples_design_33_dldesign_7_best,1.18,0.72,3.67,nan,nan,nan,1.28,2.64,17.73,8.47,0.9,20.43,18.24
samples_design_34_dldesign_0_best,0.76,0.29,3.39,nan,nan,nan,1.18,2.43,17.53,8.34,0.91,8.17,7.22
samples_design_34_dldesign_1_best,1.18,0.29,2.96,nan,nan,nan,1.07,2.18,15.65,7.53,0.9,16.91,19.3
samples_design_34_dldesign_2_best,0.7,0.28,3.29,nan,nan,nan,1.16,2.36,12.8,6.3,0.9,24.84,21.14
samples_design_34_dldesign_3_best,1.15,0.37,3.56,nan,nan,nan,1.25,2.59,16.69,7.96,0.91,12.91,12.09
samples_design_34_dldesign_4_best,1.16,0.29,3.04,nan,nan,nan,1.1,2.24,15.1,7.28,0.9,24.51,20.2
samples_design_34_dldesign_5_best,0.81,0.33,3.48,nan,nan,nan,1.22,2.5,17.21,8.23,0.9,13.04,9.46
samples_design_34_dldesign_6_best,1.2,0.3,3.52,nan,nan,nan,1.26,2.57,11.28,5.6,0.9,24.94,21.47
samples_design_34_dldesign_7_best,1.05,0.28,3.4,nan,nan,nan,1.21,2.47,13.68,6.66,0.9,24.45,21.07
samples_design_35_dldesign_0_best,0.63,1.04,3.28,nan,nan,nan,1.18,2.39,12.49,6.12,0.9,12.23,10.34
samples_design_35_dldesign_1_best,0.56,0.72,3.24,nan,nan,nan,1.15,2.33,13.21,6.43,0.91,9.45,8.71
samples_design_35_dldesign_2_best,0.62,0.86,3.27,nan,nan,nan,1.16,2.37,14.65,7.07,0.9,12.02,9.03
samples_design_35_dldesign_3_best,0.57,0.96,3.38,nan,nan,nan,1.2,2.45,14.15,6.87,0.9,14.99,15.12
samples_design_35_dldesign_4_best,0.49,1.11,3.44,nan,nan,nan,1.22,2.51,14.73,7.1,0.9,4.0,3.97
samples_design_35_dldesign_5_best,0.52,0.92,3.36,nan,nan,nan,1.19,2.43,13.91,6.76,0.9,11.98,8.93
samples_design_35_dldesign_6_best,0.44,0.97,3.05,nan,nan,nan,1.09,2.22,16.91,8.06,0.91,8.62,8.7
samples_design_35_dldesign_7_best,0.65,0.82,3.3,nan,nan,nan,1.19,2.39,13.05,6.36,0.9,11.56,11.82
samples_design_36_dldesign_0_best,1.1,0.95,3.39,nan,nan,nan,0.86,1.99,14.71,6.93,0.9,13.12,11.42
samples_design_36_dldesign_1_best,1.06,0.89,3.17,nan,nan,nan,0.82,1.87,15.99,7.49,0.91,13.68,12.32
samples_design_36_dldesign_2_best,1.01,0.93,3.21,nan,nan,nan,0.83,1.88,14.23,6.72,0.91,12.05,11.05
samples_design_36_dldesign_3_best,1.3,0.8,3.05,nan,nan,nan,0.83,1.86,15.59,7.32,0.9,20.38,17.15
samples_design_36_dldesign_4_best,0.53,0.76,3.29,nan,nan,nan,0.82,1.82,15.5,7.26,0.91,10.55,7.53
samples_design_36_dldesign_5_best,1.07,0.78,3.22,nan,nan,nan,0.83,1.88,16.48,7.69,0.9,14.24,16.03
samples_design_36_dldesign_6_best,1.05,0.87,3.23,nan,nan,nan,0.84,1.89,14.55,6.85,0.91,13.28,11.49
samples_design_36_dldesign_7_best,1.12,0.78,3.25,nan,nan,nan,0.85,1.9,16.12,7.53,0.9,13.88,10.54
samples_design_37_dldesign_0_best,0.82,1.27,1.13,nan,nan,nan,0.63,1.09,15.81,7.55,0.91,22.87,19.57
samples_design_37_dldesign_1_best,0.97,0.91,2.31,nan,nan,nan,0.9,1.76,15.35,7.44,0.9,14.7,16.24
samples_design_37_dldesign_2_best,0.81,1.11,1.06,nan,nan,nan,0.62,1.01,14.12,6.84,0.91,23.95,18.24
samples_design_37_dldesign_3_best,3.81,1.47,1.11,nan,nan,nan,1.11,2.24,16.21,7.76,0.91,10.77,9.54
samples_design_37_dldesign_4_best,0.89,1.03,1.63,nan,nan,nan,0.71,1.33,16.63,7.96,0.9,13.49,8.76
samples_design_37_dldesign_5_best,1.36,0.62,0.99,nan,nan,nan,0.6,1.04,15.48,7.39,0.91,11.5,10.95
samples_design_37_dldesign_6_best,0.88,1.06,0.97,nan,nan,nan,0.61,0.97,14.98,7.21,0.91,23.78,18.61
samples_design_37_dldesign_7_best,0.9,1.16,1.31,nan,nan,nan,0.65,1.18,16.25,7.78,0.91,19.37,12.02
samples_design_38_dldesign_0_best,0.8,0.57,1.16,nan,nan,nan,0.51,0.89,16.13,7.54,0.91,14.13,13.42
samples_design_38_dldesign_1_best,0.76,0.57,1.27,nan,nan,nan,0.53,0.93,15.9,7.45,0.91,18.39,18.01
samples_design_38_dldesign_2_best,0.73,0.8,1.17,nan,nan,nan,0.53,0.92,16.03,7.5,0.91,9.3,12.32
samples_design_38_dldesign_3_best,1.02,1.01,1.53,nan,nan,nan,0.64,1.22,15.91,7.44,0.91,24.98,22.3
samples_design_38_dldesign_4_best,0.82,0.67,1.23,nan,nan,nan,0.54,0.95,15.88,7.44,0.91,20.56,18.84
samples_design_38_dldesign_5_best,0.9,0.64,1.48,nan,nan,nan,0.58,1.08,15.95,7.47,0.91,19.16,19.02
samples_design_38_dldesign_6_best,0.94,0.66,1.02,nan,nan,nan,0.51,0.89,15.8,7.41,0.91,15.51,11.43
samples_design_38_dldesign_7_best,0.78,1.06,1.5,nan,nan,nan,0.6,1.16,16.3,7.63,0.91,23.72,18.07
samples_design_39_dldesign_0_best,0.75,0.42,2.06,nan,nan,nan,0.73,1.4,13.64,6.53,0.9,6.65,3.43
samples_design_39_dldesign_1_best,0.88,0.51,1.02,nan,nan,nan,0.49,0.86,18.47,8.7,0.89,6.81,7.54
samples_design_39_dldesign_2_best,1.04,0.5,2.25,nan,nan,nan,0.79,1.57,14.2,6.82,0.9,24.54,17.77
samples_design_39_dldesign_3_best,0.58,0.57,2.02,nan,nan,nan,0.71,1.36,13.88,6.69,0.9,14.53,6.96
samples_design_39_dldesign_4_best,0.82,0.59,2.28,nan,nan,nan,0.8,1.56,14.8,7.11,0.89,9.51,5.65
samples_design_39_dldesign_5_best,0.88,0.38,2.12,nan,nan,nan,0.75,1.46,16.39,7.78,0.9,24.56,16.53
samples_design_39_dldesign_6_best,0.87,0.45,1.31,nan,nan,nan,0.59,1.0,13.72,6.64,0.89,11.09,5.18
samples_design_39_dldesign_7_best,0.9,0.52,1.32,nan,nan,nan,0.55,1.02,17.23,8.17,0.89,11.18,11.68
samples_design_40_dldesign_0_best,0.76,0.59,2.36,nan,nan,nan,0.82,1.64,14.75,7.09,0.9,23.21,15.82
samples_design_40_dldesign_1_best,0.9,0.64,2.8,nan,nan,nan,0.92,1.94,14.59,6.99,0.9,13.29,10.65
samples_design_40_dldesign_2_best,0.78,0.5,2.31,nan,nan,nan,0.79,1.6,16.34,7.79,0.9,3.4,4.5
samples_design_40_dldesign_3_best,0.57,0.66,2.55,nan,nan,nan,0.86,1.75,15.29,7.29,0.91,16.63,9.47
samples_design_40_dldesign_4_best,0.72,0.65,2.43,nan,nan,nan,0.83,1.68,15.64,7.42,0.91,6.69,3.8
samples_design_40_dldesign_5_best,0.55,0.64,2.58,nan,nan,nan,0.85,1.76,15.74,7.49,0.91,9.81,7.48
samples_design_40_dldesign_6_best,0.56,0.51,2.32,nan,nan,nan,0.8,1.58,14.32,6.89,0.9,10.59,5.44
samples_design_40_dldesign_7_best,0.81,0.84,0.65,nan,nan,nan,0.46,0.75,15.98,7.57,0.91,8.08,8.52
samples_design_41_dldesign_0_best,0.79,0.56,0.92,nan,nan,nan,0.51,0.77,14.99,7.05,0.91,10.87,6.01
samples_design_41_dldesign_1_best,0.44,0.59,0.94,nan,nan,nan,0.46,0.66,14.76,6.94,0.91,20.12,15.97
samples_design_41_dldesign_2_best,0.54,0.55,1.17,nan,nan,nan,0.51,0.77,14.98,7.03,0.91,18.77,15.43
samples_design_41_dldesign_3_best,0.83,0.48,0.93,nan,nan,nan,0.52,0.76,15.55,7.28,0.91,8.83,4.54
samples_design_41_dldesign_4_best,0.9,0.53,0.81,nan,nan,nan,0.5,0.77,15.47,7.24,0.91,9.65,5.44
samples_design_41_dldesign_5_best,0.35,0.5,0.76,nan,nan,nan,0.39,0.54,16.27,7.59,0.91,20.68,12.43
samples_design_41_dldesign_6_best,0.6,0.52,0.89,nan,nan,nan,0.5,0.67,15.3,7.17,0.91,23.32,15.92
samples_design_41_dldesign_7_best,0.41,0.69,0.72,nan,nan,nan,0.42,0.61,16.08,7.5,0.91,20.98,12.54
samples_design_42_dldesign_0_best,0.6,0.7,2.67,nan,nan,nan,0.98,1.95,18.32,8.66,0.91,11.19,7.67
samples_design_42_dldesign_1_best,0.35,0.45,3.13,nan,nan,nan,1.1,2.23,17.54,8.35,0.91,14.39,16.39
samples_design_42_dldesign_2_best,0.8,0.44,2.64,nan,nan,nan,0.98,1.92,16.26,7.81,0.9,11.24,9.05
samples_design_42_dldesign_3_best,0.39,0.57,2.96,nan,nan,nan,1.04,2.12,15.07,7.22,0.91,17.43,16.6
samples_design_42_dldesign_4_best,0.59,0.75,2.48,nan,nan,nan,0.92,1.81,15.64,7.49,0.91,17.78,16.07
samples_design_42_dldesign_5_best,0.8,0.34,1.95,nan,nan,nan,0.75,1.45,15.84,7.57,0.91,9.69,9.31
samples_design_42_dldesign_6_best,0.5,0.89,2.68,nan,nan,nan,0.97,1.96,15.49,7.42,0.91,10.43,8.37
samples_design_42_dldesign_7_best,0.55,0.72,2.19,nan,nan,nan,0.83,1.61,14.86,7.19,0.9,17.53,16.13
samples_design_43_dldesign_0_best,0.93,0.86,0.49,nan,nan,nan,0.5,0.72,15.16,7.26,0.91,18.07,18.09
samples_design_43_dldesign_1_best,0.99,0.42,0.98,nan,nan,nan,0.59,0.88,15.68,7.49,0.91,21.69,19.92
samples_design_43_dldesign_2_best,1.0,0.65,0.71,nan,nan,nan,0.58,0.79,5.86,3.18,0.9,1.41,1.22
samples_design_43_dldesign_3_best,1.0,0.7,0.54,nan,nan,nan,0.52,0.73,11.97,5.86,0.91,21.89,20.03
samples_design_43_dldesign_4_best,1.15,0.76,0.52,nan,nan,nan,0.56,0.79,7.4,3.85,0.9,2.86,1.79
samples_design_43_dldesign_5_best,0.66,0.8,0.59,nan,nan,nan,0.51,0.66,13.05,6.33,0.91,6.72,6.86
samples_design_43_dldesign_6_best,0.78,0.83,0.47,nan,nan,nan,0.49,0.66,14.77,7.09,0.91,14.69,15.49
samples_design_43_dldesign_7_best,1.03,0.86,0.53,nan,nan,nan,0.54,0.78,16.24,7.73,0.91,23.51,19.86
samples_design_44_dldesign_0_best,0.66,0.7,1.8,nan,nan,nan,0.56,1.11,16.21,7.59,0.9,7.4,8.77
samples_design_44_dldesign_1_best,1.3,0.35,1.61,nan,nan,nan,0.6,1.19,15.95,7.47,0.9,19.01,20.47
samples_design_44_dldesign_2_best,0.64,0.44,2.69,nan,nan,nan,0.7,1.49,15.22,7.15,0.91,8.38,6.45
samples_design_44_dldesign_3_best,0.63,0.42,2.82,nan,nan,nan,0.74,1.56,14.3,6.74,0.91,12.12,7.64
samples_design_44_dldesign_4_best,1.38,0.31,1.81,nan,nan,nan,0.64,1.3,16.38,7.65,0.9,8.96,9.99
samples_design_44_dldesign_5_best,1.52,0.2,1.66,nan,nan,nan,0.66,1.29,16.9,7.88,0.9,13.73,11.62
samples_design_44_dldesign_6_best,0.95,0.42,2.66,nan,nan,nan,0.73,1.54,14.54,6.87,0.91,12.79,8.3
samples_design_44_dldesign_7_best,1.35,0.25,2.96,nan,nan,nan,0.81,1.78,13.75,6.49,0.91,11.37,7.59
samples_design_45_dldesign_0_best,0.97,0.67,0.62,nan,nan,nan,0.51,0.74,11.61,5.7,0.9,4.2,2.68
samples_design_45_dldesign_1_best,1.11,0.55,0.88,nan,nan,nan,0.57,0.89,15.61,7.49,0.9,22.89,21.23
samples_design_45_dldesign_2_best,1.19,0.35,1.01,nan,nan,nan,0.6,0.96,11.34,5.59,0.9,3.83,2.62
samples_design_45_dldesign_3_best,0.77,0.43,0.84,nan,nan,nan,0.52,0.74,12.44,6.11,0.9,2.64,1.78
samples_design_45_dldesign_4_best,0.59,0.69,0.74,nan,nan,nan,0.49,0.69,13.26,6.44,0.9,4.22,3.29
samples_design_45_dldesign_5_best,0.99,0.72,0.68,nan,nan,nan,0.53,0.78,15.01,7.2,0.91,12.66,9.54
samples_design_45_dldesign_6_best,1.22,0.66,0.7,nan,nan,nan,0.58,0.86,12.3,6.01,0.9,6.85,6.01
samples_design_45_dldesign_7_best,1.02,0.74,0.65,nan,nan,nan,0.53,0.79,12.89,6.27,0.91,4.48,3.82
samples_design_46_dldesign_0_best,0.7,0.62,2.48,nan,nan,nan,0.81,1.67,17.94,8.5,0.89,8.32,7.22
samples_design_46_dldesign_1_best,0.71,0.8,2.17,nan,nan,nan,0.76,1.5,15.89,7.61,0.89,7.45,6.71
samples_design_46_dldesign_2_best,0.77,0.54,2.58,nan,nan,nan,0.86,1.73,11.84,5.78,0.9,12.66,6.04
samples_design_46_dldesign_3_best,0.74,0.78,2.38,nan,nan,nan,0.8,1.63,16.69,7.92,0.9,19.91,10.71
samples_design_46_dldesign_4_best,0.83,0.68,3.51,nan,nan,nan,1.09,2.32,15.86,7.57,0.89,12.7,12.22
samples_design_46_dldesign_5_best,0.7,0.75,1.62,nan,nan,nan,0.66,1.18,11.64,5.7,0.9,12.65,5.47
samples_design_46_dldesign_6_best,0.7,0.76,1.51,nan,nan,nan,0.63,1.11,13.96,6.73,0.9,9.24,4.51
samples_design_46_dldesign_7_best,0.72,0.6,2.63,nan,nan,nan,0.86,1.76,12.92,6.28,0.89,13.92,6.61
samples_design_47_dldesign_0_best,0.32,0.74,0.62,nan,nan,nan,0.45,0.59,15.53,7.44,0.91,8.9,7.96
samples_design_47_dldesign_1_best,0.86,1.08,0.57,nan,nan,nan,0.53,0.8,15.95,7.62,0.91,20.58,17.31
samples_design_47_dldesign_2_best,0.57,0.59,0.87,nan,nan,nan,0.5,0.74,15.36,7.36,0.91,23.73,20.52
samples_design_47_dldesign_3_best,0.51,0.63,0.97,nan,nan,nan,0.54,0.79,15.71,7.48,0.91,21.69,19.56
samples_design_47_dldesign_4_best,1.01,0.85,0.48,nan,nan,nan,0.47,0.75,18.03,8.55,0.91,14.07,15.1
samples_design_47_dldesign_5_best,1.03,0.53,0.75,nan,nan,nan,0.52,0.79,10.91,5.4,0.9,13.96,13.78
samples_design_47_dldesign_6_best,1.02,0.46,0.79,nan,nan,nan,0.51,0.8,15.07,7.23,0.91,15.71,15.01
samples_design_47_dldesign_7_best,0.85,0.56,0.73,nan,nan,nan,0.49,0.73,12.42,6.07,0.9,13.39,12.34
samples_design_48_dldesign_0_best,0.75,0.32,0.36,nan,nan,nan,0.45,0.53,15.62,7.31,0.91,19.64,13.93
samples_design_48_dldesign_1_best,0.7,0.49,0.37,nan,nan,nan,0.45,0.55,16.26,7.58,0.91,18.78,14.14
samples_design_48_dldesign_2_best,0.75,0.43,0.52,nan,nan,nan,0.47,0.59,16.15,7.54,0.91,17.95,14.91
samples_design_48_dldesign_3_best,0.7,0.33,0.4,nan,nan,nan,0.44,0.52,15.88,7.42,0.91,18.31,14.06
samples_design_48_dldesign_4_best,0.75,0.4,0.59,nan,nan,nan,0.47,0.61,15.91,7.45,0.91,20.78,19.05
samples_design_48_dldesign_5_best,0.76,0.49,0.33,nan,nan,nan,0.45,0.57,16.3,7.61,0.91,19.82,15.81
samples_design_48_dldesign_6_best,0.77,0.43,0.3,nan,nan,nan,0.46,0.55,15.81,7.38,0.91,23.12,19.37
samples_design_48_dldesign_7_best,0.78,0.43,0.31,nan,nan,nan,0.45,0.56,16.36,7.63,0.91,21.72,18.59
samples_design_49_dldesign_0_best,0.83,0.93,0.91,nan,nan,nan,0.59,0.89,16.24,7.58,0.91,19.47,18.72
samples_design_49_dldesign_1_best,0.94,1.19,1.1,nan,nan,nan,0.62,1.07,15.33,7.17,0.91,15.5,13.2
samples_design_49_dldesign_2_best,0.92,1.07,1.12,nan,nan,nan,0.62,1.03,15.12,7.08,0.91,18.31,19.66
samples_design_49_dldesign_3_best,0.82,1.03,0.84,nan,nan,nan,0.56,0.9,16.36,7.63,0.91,22.79,20.38
samples_design_49_dldesign_4_best,0.98,1.15,1.01,nan,nan,nan,0.64,1.05,15.83,7.39,0.91,11.13,10.77
samples_design_49_dldesign_5_best,0.92,1.12,1.08,nan,nan,nan,0.55,1.04,16.2,7.57,0.91,14.23,10.89
samples_design_49_dldesign_6_best,0.92,1.01,1.08,nan,nan,nan,0.61,0.99,15.66,7.35,0.9,18.53,13.93
samples_design_49_dldesign_7_best,0.71,1.22,0.78,nan,nan,nan,0.54,0.93,15.03,7.06,0.91,16.5,12.5
samples_design_0_dldesign_0_best,0.43,0.52,1.15,nan,nan,nan,0.5,0.8,15.26,7.22,0.91,18.47,13.63
samples_design_0_dldesign_1_best,0.49,0.56,0.9,nan,nan,nan,0.48,0.69,13.98,6.65,0.91,16.4,11.78
samples_design_0_dldesign_2_best,0.44,0.51,0.88,nan,nan,nan,0.46,0.66,15.1,7.12,0.91,10.02,7.62
samples_design_0_dldesign_3_best,0.4,0.39,0.74,nan,nan,nan,0.45,0.55,15.62,7.35,0.91,13.48,8.48
samples_design_0_dldesign_4_best,0.43,0.42,0.94,nan,nan,nan,0.47,0.67,15.08,7.13,0.91,13.3,10.92
samples_design_0_dldesign_5_best,0.34,0.54,1.27,nan,nan,nan,0.52,0.86,15.81,7.45,0.91,23.46,19.45
samples_design_0_dldesign_6_best,0.38,0.49,0.66,nan,nan,nan,0.43,0.53,15.48,7.3,0.91,9.84,13.11
samples_design_0_dldesign_7_best,0.44,0.52,0.63,nan,nan,nan,0.44,0.54,16.5,7.74,0.91,18.67,20.11
samples_design_1_dldesign_0_best,0.82,0.36,2.22,nan,nan,nan,0.79,1.58,17.43,8.32,0.9,10.01,6.28
samples_design_1_dldesign_1_best,0.69,0.39,3.84,nan,nan,nan,1.24,2.63,17.23,8.21,0.9,20.74,14.81
samples_design_1_dldesign_2_best,0.81,0.44,5.17,nan,nan,nan,1.62,3.53,18.3,8.69,0.9,12.02,13.13
samples_design_1_dldesign_3_best,0.94,0.52,4.91,nan,nan,nan,1.56,3.37,15.8,7.6,0.89,12.53,12.34
samples_design_1_dldesign_4_best,0.55,0.63,1.65,nan,nan,nan,0.65,1.2,15.87,7.58,0.9,16.59,8.05
samples_design_1_dldesign_5_best,0.9,0.59,3.08,nan,nan,nan,1.02,2.16,18.71,8.89,0.89,7.78,6.14
samples_design_1_dldesign_6_best,0.87,0.43,3.49,nan,nan,nan,1.14,2.42,17.02,8.1,0.9,8.18,6.35
samples_design_1_dldesign_7_best,0.74,0.37,3.2,nan,nan,nan,1.06,2.21,17.9,8.53,0.9,18.31,16.5
samples_design_2_dldesign_0_best,0.69,0.55,1.27,nan,nan,nan,0.54,0.95,19.66,9.21,0.9,19.35,17.65
samples_design_2_dldesign_1_best,0.79,0.67,2.32,nan,nan,nan,0.79,1.59,15.72,7.5,0.9,25.47,17.02
samples_design_2_dldesign_2_best,0.81,0.88,2.51,nan,nan,nan,0.83,1.73,17.48,8.23,0.9,22.04,13.02
samples_design_2_dldesign_3_best,0.63,0.62,2.05,nan,nan,nan,0.71,1.4,17.43,8.22,0.9,15.56,16.2
samples_design_2_dldesign_4_best,0.8,0.88,2.54,nan,nan,nan,0.86,1.75,14.2,6.81,0.9,13.64,7.29
samples_design_2_dldesign_5_best,0.72,0.58,2.55,nan,nan,nan,0.83,1.71,15.88,7.54,0.9,24.18,16.23
samples_design_2_dldesign_6_best,0.65,0.55,2.02,nan,nan,nan,0.7,1.37,18.27,8.62,0.9,18.38,16.76
samples_design_2_dldesign_7_best,0.77,0.64,2.3,nan,nan,nan,0.78,1.57,15.98,7.58,0.9,25.2,17.08
samples_design_3_dldesign_0_best,0.96,0.39,6.79,nan,nan,nan,2.12,4.63,11.77,5.83,0.89,15.37,14.01
samples_design_3_dldesign_1_best,0.82,0.52,2.15,nan,nan,nan,0.81,1.54,11.8,5.86,0.89,12.23,6.02
samples_design_3_dldesign_2_best,0.75,0.76,2.56,nan,nan,nan,0.91,1.82,13.95,6.81,0.89,13.97,6.07
samples_design_3_dldesign_3_best,0.72,0.62,4.03,nan,nan,nan,1.3,2.77,14.07,6.86,0.89,4.6,4.32
samples_design_3_dldesign_4_best,1.14,0.59,5.63,nan,nan,nan,1.78,3.87,14.01,6.83,0.89,7.36,6.4
samples_design_3_dldesign_5_best,0.76,0.53,3.84,nan,nan,nan,1.25,2.65,16.27,7.81,0.89,7.13,5.21
samples_design_3_dldesign_6_best,0.6,0.55,5.22,nan,nan,nan,1.65,3.56,10.12,5.13,0.89,16.89,14.23
samples_design_3_dldesign_7_best,1.11,0.48,5.05,nan,nan,nan,1.62,3.48,14.48,7.01,0.9,23.73,17.15
samples_design_4_dldesign_0_best,0.92,0.48,0.58,nan,nan,nan,0.49,0.69,14.4,6.83,0.91,9.11,5.87
samples_design_4_dldesign_1_best,0.57,0.67,0.57,nan,nan,nan,0.45,0.6,15.49,7.3,0.91,21.37,16.46
samples_design_4_dldesign_2_best,0.42,0.6,0.48,nan,nan,nan,0.43,0.5,16.19,7.6,0.92,6.1,3.93
samples_design_4_dldesign_3_best,0.94,0.66,0.8,nan,nan,nan,0.51,0.81,15.38,7.25,0.91,25.91,16.19
samples_design_4_dldesign_4_best,0.79,0.37,0.68,nan,nan,nan,0.47,0.65,13.42,6.39,0.91,10.8,7.58
samples_design_4_dldesign_5_best,0.95,0.3,0.62,nan,nan,nan,0.48,0.69,15.2,7.2,0.91,8.6,6.0
samples_design_4_dldesign_6_best,0.5,0.45,0.59,nan,nan,nan,0.47,0.52,12.29,5.92,0.9,8.34,5.18
samples_design_4_dldesign_7_best,0.84,0.36,0.58,nan,nan,nan,0.49,0.63,11.6,5.64,0.9,10.47,7.68
samples_design_5_dldesign_0_best,0.63,0.78,3.54,nan,nan,nan,1.25,2.55,11.14,5.57,0.89,14.22,14.48
samples_design_5_dldesign_1_best,0.5,0.76,2.93,nan,nan,nan,1.05,2.12,16.19,7.74,0.9,17.25,15.84
samples_design_5_dldesign_2_best,0.81,0.75,1.27,nan,nan,nan,0.62,1.06,14.62,7.01,0.91,7.59,7.91
samples_design_5_dldesign_3_best,0.42,0.63,1.46,nan,nan,nan,0.62,1.1,13.59,6.59,0.91,3.06,2.94
samples_design_5_dldesign_4_best,0.67,0.74,3.55,nan,nan,nan,1.25,2.56,10.54,5.28,0.89,14.28,14.76
samples_design_5_dldesign_5_best,0.75,0.69,2.65,nan,nan,nan,1.05,1.94,8.13,4.21,0.89,7.75,5.26
samples_design_5_dldesign_6_best,0.48,0.67,2.92,nan,nan,nan,1.06,2.1,13.49,6.57,0.9,12.87,9.4
samples_design_5_dldesign_7_best,0.63,0.72,3.11,nan,nan,nan,1.13,2.25,13.37,6.48,0.91,2.42,3.31
samples_design_6_dldesign_0_best,0.81,0.59,0.23,nan,nan,nan,0.46,0.6,15.24,7.14,0.92,27.77,19.19
samples_design_6_dldesign_1_best,0.64,0.47,0.44,nan,nan,nan,0.43,0.53,11.87,5.71,0.91,12.49,7.54
samples_design_6_dldesign_2_best,0.76,0.47,0.64,nan,nan,nan,0.46,0.64,10.4,5.06,0.91,10.75,6.48
samples_design_6_dldesign_3_best,1.08,0.78,2.0,nan,nan,nan,0.7,1.41,15.24,7.17,0.91,18.19,12.06
samples_design_6_dldesign_4_best,0.74,0.51,0.25,nan,nan,nan,0.44,0.54,15.46,7.23,0.92,15.51,15.2
samples_design_6_dldesign_5_best,0.51,0.66,0.62,nan,nan,nan,0.52,0.59,12.13,5.8,0.91,9.52,6.55
samples_design_6_dldesign_6_best,0.88,0.62,0.6,nan,nan,nan,0.52,0.72,10.97,5.31,0.91,11.16,6.75
samples_design_6_dldesign_7_best,0.65,0.75,0.5,nan,nan,nan,0.43,0.64,15.12,7.09,0.91,14.42,10.53
samples_design_7_dldesign_0_best,0.91,1.12,1.03,nan,nan,nan,0.54,1.02,16.28,7.67,0.91,22.77,11.95
samples_design_7_dldesign_1_best,0.32,1.0,0.93,nan,nan,nan,0.48,0.81,15.81,7.45,0.91,17.22,12.93
samples_design_7_dldesign_2_best,0.88,1.44,1.22,nan,nan,nan,0.61,1.19,12.92,6.23,0.9,9.07,4.95
samples_design_7_dldesign_3_best,0.74,0.76,1.24,nan,nan,nan,0.51,0.98,15.48,7.33,0.91,13.83,8.63
samples_design_7_dldesign_4_best,0.9,1.3,1.08,nan,nan,nan,0.57,1.09,13.28,6.39,0.9,7.97,4.49
samples_design_7_dldesign_5_best,0.88,1.35,1.15,nan,nan,nan,0.59,1.13,15.9,7.5,0.91,5.5,5.15
samples_design_7_dldesign_6_best,0.73,1.23,1.46,nan,nan,nan,0.62,1.21,12.49,6.05,0.9,11.04,6.71
samples_design_7_dldesign_7_best,0.9,1.08,1.07,nan,nan,nan,0.55,1.02,16.19,7.63,0.91,20.75,12.96
samples_design_8_dldesign_0_best,0.87,1.06,5.66,nan,nan,nan,1.65,3.7,14.39,6.99,0.89,15.77,14.65
samples_design_8_dldesign_1_best,0.75,0.9,2.31,nan,nan,nan,0.79,1.61,16.96,8.03,0.9,11.05,10.19
samples_design_8_dldesign_2_best,0.86,0.99,3.53,nan,nan,nan,1.1,2.37,16.9,8.06,0.89,23.8,17.15
samples_design_8_dldesign_3_best,0.99,1.12,4.33,nan,nan,nan,1.31,2.89,17.56,8.34,0.89,9.03,8.3
samples_design_8_dldesign_4_best,0.99,0.73,4.3,nan,nan,nan,1.29,2.83,16.79,8.01,0.89,10.32,6.79
samples_design_8_dldesign_5_best,0.9,0.92,5.22,nan,nan,nan,1.53,3.41,16.51,7.84,0.9,8.65,5.32
samples_design_8_dldesign_6_best,0.89,0.91,3.6,nan,nan,nan,1.11,2.4,17.11,8.12,0.9,8.45,6.84
samples_design_8_dldesign_7_best,1.0,0.67,2.26,nan,nan,nan,0.8,1.59,11.75,5.77,0.89,13.83,7.13
samples_design_9_dldesign_0_best,0.9,0.84,1.59,nan,nan,nan,0.66,1.25,17.94,8.56,0.9,17.04,14.24
samples_design_9_dldesign_1_best,1.13,0.88,1.85,nan,nan,nan,0.75,1.46,17.68,8.43,0.9,24.8,17.22
samples_design_9_dldesign_2_best,0.95,0.78,2.4,nan,nan,nan,0.89,1.75,13.89,6.74,0.89,8.68,4.95
samples_design_9_dldesign_3_best,0.92,0.57,2.1,nan,nan,nan,0.79,1.54,14.05,6.86,0.89,10.72,4.68
samples_design_9_dldesign_4_best,0.65,0.81,1.78,nan,nan,nan,0.68,1.32,17.39,8.29,0.9,6.28,4.14
samples_design_9_dldesign_5_best,1.06,0.83,1.98,nan,nan,nan,0.77,1.52,17.42,8.31,0.9,14.07,9.4
samples_design_9_dldesign_6_best,0.89,0.72,2.43,nan,nan,nan,0.88,1.75,15.53,7.5,0.89,9.03,4.63
samples_design_9_dldesign_7_best,1.09,0.73,2.3,nan,nan,nan,0.85,1.7,15.39,7.33,0.91,8.71,3.99
samples_design_10_dldesign_0_best,0.92,0.79,3.92,nan,nan,nan,1.31,2.79,12.69,6.26,0.89,4.2,3.81
samples_design_10_dldesign_1_best,0.65,0.75,2.21,nan,nan,nan,0.81,1.61,15.48,7.43,0.91,25.64,15.73
samples_design_10_dldesign_2_best,0.58,0.74,4.7,nan,nan,nan,1.54,3.29,16.06,7.69,0.91,24.88,18.62
samples_design_10_dldesign_3_best,0.92,0.62,3.89,nan,nan,nan,1.3,2.75,16.51,7.97,0.9,17.02,15.1
samples_design_10_dldesign_4_best,0.84,0.61,3.61,nan,nan,nan,1.21,2.56,17.01,8.15,0.9,19.35,12.44
samples_design_10_dldesign_5_best,1.06,0.74,5.36,nan,nan,nan,1.75,3.77,15.73,7.55,0.9,22.87,15.92
samples_design_10_dldesign_6_best,0.78,0.83,4.42,nan,nan,nan,1.46,3.12,15.64,7.5,0.91,12.54,11.02
samples_design_10_dldesign_7_best,0.78,2.39,4.83,nan,nan,nan,1.66,3.57,15.99,7.64,0.9,12.59,9.96
samples_design_11_dldesign_0_best,0.44,0.72,0.81,nan,nan,nan,0.47,0.67,15.75,7.38,0.91,28.68,24.46
samples_design_11_dldesign_1_best,0.69,0.75,0.76,nan,nan,nan,0.49,0.73,15.57,7.3,0.92,17.12,16.83
samples_design_11_dldesign_2_best,0.87,0.57,1.19,nan,nan,nan,0.55,0.92,16.02,7.5,0.91,18.59,16.51
samples_design_11_dldesign_3_best,0.71,0.72,1.44,nan,nan,nan,0.58,1.03,16.38,7.68,0.91,22.47,18.26
samples_design_11_dldesign_4_best,0.39,0.41,0.62,nan,nan,nan,0.45,0.49,12.41,5.92,0.91,12.25,7.11
samples_design_11_dldesign_5_best,0.44,0.43,0.91,nan,nan,nan,0.49,0.64,14.42,6.81,0.91,8.42,5.43
samples_design_11_dldesign_6_best,0.39,0.58,0.61,nan,nan,nan,0.44,0.53,14.74,6.93,0.91,28.8,17.32
samples_design_11_dldesign_7_best,0.42,0.59,0.45,nan,nan,nan,0.44,0.49,15.94,7.46,0.92,19.81,14.93
samples_design_12_dldesign_0_best,0.66,1.0,1.36,nan,nan,nan,0.57,1.03,12.31,5.9,0.9,11.6,7.15
samples_design_12_dldesign_1_best,0.8,1.12,1.41,nan,nan,nan,0.59,1.12,16.18,7.6,0.9,10.15,7.36
samples_design_12_dldesign_2_best,0.78,1.0,1.0,nan,nan,nan,0.51,0.93,16.03,7.53,0.9,23.91,18.29
samples_design_12_dldesign_3_best,1.12,0.95,1.26,nan,nan,nan,0.63,1.12,14.37,6.79,0.91,12.54,7.72
samples_design_12_dldesign_4_best,0.82,1.27,1.94,nan,nan,nan,0.66,1.39,16.1,7.56,0.9,19.54,14.53
samples_design_12_dldesign_5_best,0.93,1.14,2.01,nan,nan,nan,0.72,1.41,16.64,7.78,0.91,15.74,10.82
samples_design_12_dldesign_6_best,0.8,0.83,0.91,nan,nan,nan,0.54,0.84,10.19,4.99,0.9,10.45,6.96
samples_design_12_dldesign_7_best,0.79,1.04,1.86,nan,nan,nan,0.66,1.29,15.49,7.3,0.9,10.25,6.02
samples_design_13_dldesign_0_best,0.47,0.39,0.59,nan,nan,nan,0.44,0.49,13.68,6.46,0.91,11.23,7.13
samples_design_13_dldesign_1_best,0.76,0.7,1.15,nan,nan,nan,0.57,0.89,16.74,7.84,0.91,16.04,13.2
samples_design_13_dldesign_2_best,0.8,0.63,0.88,nan,nan,nan,0.54,0.78,15.3,7.2,0.91,13.07,14.9
samples_design_13_dldesign_3_best,0.77,0.44,0.73,nan,nan,nan,0.54,0.67,13.34,6.34,0.91,12.73,7.48
samples_design_13_dldesign_4_best,0.5,0.62,0.63,nan,nan,nan,0.5,0.58,11.09,5.37,0.9,13.46,7.6
samples_design_13_dldesign_5_best,0.91,0.58,1.93,nan,nan,nan,0.69,1.26,16.06,7.57,0.9,9.15,7.01
samples_design_13_dldesign_6_best,0.55,0.54,1.08,nan,nan,nan,0.55,0.76,14.97,7.08,0.9,11.77,7.77
samples_design_13_dldesign_7_best,0.73,0.46,1.42,nan,nan,nan,0.56,0.95,16.13,7.53,0.91,8.98,11.48
samples_design_14_dldesign_0_best,0.6,0.29,0.35,nan,nan,nan,0.42,0.44,15.7,7.35,0.92,14.52,14.43
samples_design_14_dldesign_1_best,0.48,0.23,0.45,nan,nan,nan,0.44,0.41,11.89,5.71,0.91,12.06,7.32
samples_design_14_dldesign_2_best,0.94,0.81,2.37,nan,nan,nan,0.77,1.57,13.72,6.52,0.91,15.8,10.2
samples_design_14_dldesign_3_best,0.54,0.41,0.41,nan,nan,nan,0.43,0.46,15.71,7.36,0.92,22.42,14.01
samples_design_14_dldesign_4_best,0.46,0.28,0.46,nan,nan,nan,0.43,0.41,11.71,5.63,0.91,13.41,7.59
samples_design_14_dldesign_5_best,0.51,0.35,0.51,nan,nan,nan,0.43,0.47,15.8,7.39,0.92,14.09,16.6
samples_design_14_dldesign_6_best,0.68,0.64,1.23,nan,nan,nan,0.53,0.9,13.79,6.56,0.91,20.66,13.23
samples_design_14_dldesign_7_best,0.48,0.34,0.43,nan,nan,nan,0.44,0.43,15.43,7.24,0.92,17.02,18.1
samples_design_15_dldesign_0_best,0.56,0.31,0.35,nan,nan,nan,0.46,0.43,11.61,5.58,0.91,14.22,8.11
samples_design_15_dldesign_1_best,0.89,0.36,0.97,nan,nan,nan,0.57,0.8,12.05,5.79,0.91,10.59,5.96
samples_design_15_dldesign_2_best,1.01,0.46,0.97,nan,nan,nan,0.52,0.87,16.51,7.73,0.91,11.74,9.05
samples_design_15_dldesign_3_best,0.85,0.34,1.54,nan,nan,nan,0.6,1.06,13.34,6.35,0.91,13.98,8.16
samples_design_15_dldesign_4_best,0.54,0.4,0.54,nan,nan,nan,0.46,0.5,11.76,5.65,0.91,9.78,5.41
samples_design_15_dldesign_5_best,0.93,0.38,1.13,nan,nan,nan,0.54,0.89,15.69,7.37,0.91,16.53,15.31
samples_design_15_dldesign_6_best,1.07,0.57,0.93,nan,nan,nan,0.56,0.89,16.06,7.53,0.91,19.3,16.11
samples_design_15_dldesign_7_best,0.58,0.34,1.71,nan,nan,nan,0.64,1.09,7.66,3.91,0.9,3.16,1.63
samples_design_16_dldesign_0_best,0.93,1.07,0.81,nan,nan,nan,0.52,0.95,15.09,7.09,0.91,23.22,14.73
samples_design_16_dldesign_1_best,0.87,0.85,1.35,nan,nan,nan,0.54,1.02,15.66,7.36,0.9,12.56,8.57
samples_design_16_dldesign_2_best,0.87,0.99,2.24,nan,nan,nan,0.67,1.42,16.85,7.86,0.9,18.0,17.58
samples_design_16_dldesign_3_best,0.89,1.06,2.19,nan,nan,nan,0.66,1.42,15.55,7.32,0.9,16.19,13.11
samples_design_16_dldesign_4_best,1.13,1.02,1.34,nan,nan,nan,0.58,1.16,16.78,7.85,0.9,22.81,17.02
samples_design_16_dldesign_5_best,0.84,0.98,1.14,nan,nan,nan,0.54,0.98,16.45,7.69,0.9,19.37,20.21
samples_design_16_dldesign_6_best,0.99,0.99,2.28,nan,nan,nan,0.67,1.47,16.78,7.85,0.9,23.38,20.36
samples_design_16_dldesign_7_best,1.02,0.92,1.57,nan,nan,nan,0.58,1.17,17.0,7.94,0.9,16.4,16.87
samples_design_17_dldesign_0_best,0.44,0.44,5.18,nan,nan,nan,1.63,3.52,17.33,8.32,0.89,6.77,7.18
samples_design_17_dldesign_1_best,0.5,0.31,5.38,nan,nan,nan,1.68,3.66,14.19,6.87,0.9,16.76,9.34
samples_design_17_dldesign_2_best,0.56,0.43,3.83,nan,nan,nan,1.23,2.62,15.77,7.62,0.89,5.1,4.16
samples_design_17_dldesign_3_best,0.43,0.49,5.91,nan,nan,nan,1.84,4.02,17.45,8.36,0.89,13.45,9.64
samples_design_17_dldesign_4_best,0.54,0.49,3.8,nan,nan,nan,1.23,2.6,15.84,7.66,0.89,9.45,4.91
samples_design_17_dldesign_5_best,0.6,0.34,4.22,nan,nan,nan,1.35,2.88,16.43,7.86,0.9,21.89,18.74
samples_design_17_dldesign_6_best,0.51,0.5,5.91,nan,nan,nan,1.84,4.02,18.47,8.81,0.89,6.63,6.39
samples_design_17_dldesign_7_best,1.01,0.5,3.01,nan,nan,nan,1.04,2.12,16.54,7.94,0.89,10.77,11.62
samples_design_18_dldesign_0_best,0.84,0.76,2.03,nan,nan,nan,0.8,1.49,11.43,5.68,0.89,11.91,5.53
samples_design_18_dldesign_1_best,0.8,0.91,2.2,nan,nan,nan,0.87,1.62,11.26,5.6,0.89,13.11,6.23
samples_design_18_dldesign_2_best,0.85,0.87,0.91,nan,nan,nan,0.59,0.88,11.36,5.63,0.89,12.37,5.53
samples_design_18_dldesign_3_best,0.79,0.74,1.43,nan,nan,nan,0.67,1.12,13.4,6.54,0.9,10.08,4.38
samples_design_18_dldesign_4_best,0.81,0.83,1.5,nan,nan,nan,0.68,1.18,12.43,6.11,0.89,12.68,5.53
samples_design_18_dldesign_5_best,0.76,0.72,0.64,nan,nan,nan,0.55,0.7,13.14,6.38,0.9,9.38,4.17
samples_design_18_dldesign_6_best,0.79,0.76,1.26,nan,nan,nan,0.64,1.03,12.95,6.33,0.89,12.66,7.02
samples_design_18_dldesign_7_best,0.83,0.81,0.58,nan,nan,nan,0.56,0.72,12.0,5.88,0.9,7.66,3.29
samples_design_19_dldesign_0_best,1.06,0.37,0.89,nan,nan,nan,0.57,0.85,13.79,6.59,0.9,11.48,7.07
samples_design_19_dldesign_1_best,1.1,0.32,1.03,nan,nan,nan,0.53,0.92,15.91,7.49,0.91,14.43,12.53
samples_design_19_dldesign_2_best,0.8,0.31,1.13,nan,nan,nan,0.53,0.85,15.92,7.51,0.91,20.36,12.26
samples_design_19_dldesign_3_best,0.58,0.34,1.11,nan,nan,nan,0.51,0.78,15.05,7.12,0.91,13.72,11.67
samples_design_19_dldesign_4_best,1.01,0.29,1.03,nan,nan,nan,0.57,0.87,13.7,6.55,0.91,13.87,8.89
samples_design_19_dldesign_5_best,0.61,0.26,0.75,nan,nan,nan,0.45,0.6,15.57,7.35,0.91,11.28,7.69
samples_design_19_dldesign_6_best,0.47,0.49,1.03,nan,nan,nan,0.51,0.74,16.22,7.62,0.91,19.85,13.97
samples_design_19_dldesign_7_best,1.09,0.31,0.97,nan,nan,nan,0.54,0.89,16.1,7.57,0.91,13.17,10.29
samples_design_20_dldesign_0_best,0.49,0.45,1.33,nan,nan,nan,0.54,0.93,15.99,7.55,0.91,12.08,14.33
samples_design_20_dldesign_1_best,0.43,0.47,1.42,nan,nan,nan,0.55,0.97,18.18,8.52,0.91,23.89,20.09
samples_design_20_dldesign_2_best,0.42,0.35,1.38,nan,nan,nan,0.53,0.93,16.02,7.57,0.91,20.1,16.79
samples_design_20_dldesign_3_best,0.45,0.41,1.34,nan,nan,nan,0.53,0.92,15.67,7.42,0.91,12.94,7.95
samples_design_20_dldesign_4_best,0.42,0.4,1.37,nan,nan,nan,0.53,0.93,16.43,7.75,0.91,11.76,11.04
samples_design_20_dldesign_5_best,0.47,0.45,1.45,nan,nan,nan,0.55,0.99,16.5,7.79,0.91,15.65,13.07
samples_design_20_dldesign_6_best,0.41,0.4,1.38,nan,nan,nan,0.53,0.94,16.91,7.95,0.91,20.2,17.39
samples_design_20_dldesign_7_best,0.36,0.4,1.33,nan,nan,nan,0.52,0.9,17.63,8.27,0.91,22.22,12.89
samples_design_21_dldesign_0_best,0.88,0.76,1.65,nan,nan,nan,0.68,1.23,12.94,6.26,0.9,11.29,6.4
samples_design_21_dldesign_1_best,0.73,0.74,1.56,nan,nan,nan,0.66,1.15,12.61,6.12,0.9,9.89,4.99
samples_design_21_dldesign_2_best,0.85,0.82,1.6,nan,nan,nan,0.68,1.21,10.62,5.25,0.9,13.22,6.04
samples_design_21_dldesign_3_best,0.92,0.71,2.4,nan,nan,nan,0.83,1.66,12.61,6.13,0.9,24.74,17.7
samples_design_21_dldesign_4_best,0.79,0.76,1.84,nan,nan,nan,0.7,1.32,13.83,6.65,0.9,25.18,16.28
samples_design_21_dldesign_5_best,0.76,0.85,0.73,nan,nan,nan,0.54,0.77,12.65,6.13,0.9,9.54,3.87
samples_design_21_dldesign_6_best,0.82,0.8,0.88,nan,nan,nan,0.57,0.84,11.64,5.69,0.9,11.86,5.13
samples_design_21_dldesign_7_best,0.81,0.76,1.68,nan,nan,nan,0.7,1.23,12.14,5.93,0.9,12.7,5.67
samples_design_22_dldesign_0_best,0.62,0.66,0.7,nan,nan,nan,0.53,0.67,13.15,6.38,0.9,8.73,7.8
samples_design_22_dldesign_1_best,0.63,0.63,0.76,nan,nan,nan,0.54,0.7,8.45,4.32,0.9,1.34,1.23
samples_design_22_dldesign_2_best,0.91,0.63,0.92,nan,nan,nan,0.6,0.86,5.5,3.02,0.9,2.1,1.51
samples_design_22_dldesign_3_best,0.73,0.64,0.63,nan,nan,nan,0.47,0.66,18.06,8.54,0.91,5.46,6.51
samples_design_22_dldesign_4_best,0.77,0.59,0.68,nan,nan,nan,0.49,0.68,12.92,6.28,0.9,6.22,5.13
samples_design_22_dldesign_5_best,0.81,0.64,0.79,nan,nan,nan,0.57,0.76,6.13,3.29,0.9,1.57,1.16
samples_design_22_dldesign_6_best,0.59,0.68,0.75,nan,nan,nan,0.56,0.69,7.85,4.07,0.9,2.09,1.17
samples_design_22_dldesign_7_best,0.59,0.57,0.82,nan,nan,nan,0.54,0.71,7.99,4.1,0.9,2.12,1.46
samples_design_23_dldesign_0_best,0.89,0.89,0.53,nan,nan,nan,0.49,0.73,16.04,7.65,0.91,20.88,20.28
samples_design_23_dldesign_1_best,1.03,0.9,0.64,nan,nan,nan,0.57,0.83,12.27,6.0,0.9,4.82,3.42
samples_design_23_dldesign_2_best,1.12,0.97,0.81,nan,nan,nan,0.59,0.94,14.71,7.06,0.91,23.35,19.04
samples_design_23_dldesign_3_best,1.0,0.92,0.58,nan,nan,nan,0.52,0.8,15.86,7.57,0.91,18.28,16.11
samples_design_23_dldesign_4_best,0.96,0.8,0.59,nan,nan,nan,0.53,0.76,14.92,7.14,0.91,6.94,5.86
samples_design_23_dldesign_5_best,0.81,0.86,0.49,nan,nan,nan,0.47,0.69,16.46,7.84,0.91,24.45,19.16
samples_design_23_dldesign_6_best,0.96,0.86,0.65,nan,nan,nan,0.53,0.8,15.97,7.61,0.91,21.06,20.04
samples_design_23_dldesign_7_best,1.08,0.88,0.77,nan,nan,nan,0.58,0.89,10.03,5.02,0.9,7.53,7.32
samples_design_24_dldesign_0_best,0.61,0.94,1.31,nan,nan,nan,0.55,0.98,14.43,6.82,0.91,18.9,15.26
samples_design_24_dldesign_1_best,0.5,0.57,1.01,nan,nan,nan,0.53,0.72,10.94,5.29,0.9,10.55,6.26
samples_design_24_dldesign_2_best,0.74,0.79,0.88,nan,nan,nan,0.49,0.8,15.3,7.18,0.91,21.71,17.36
samples_design_24_dldesign_3_best,0.7,1.0,2.22,nan,nan,nan,0.68,1.43,16.08,7.56,0.9,22.72,21.49
samples_design_24_dldesign_4_best,0.69,0.82,0.92,nan,nan,nan,0.52,0.81,13.13,6.25,0.9,11.52,6.98
samples_design_24_dldesign_5_best,0.76,1.02,2.18,nan,nan,nan,0.69,1.43,17.12,8.02,0.9,25.34,21.16
samples_design_24_dldesign_6_best,0.61,0.84,1.79,nan,nan,nan,0.59,1.17,15.79,7.39,0.91,15.18,13.44
samples_design_24_dldesign_7_best,0.71,0.86,1.24,nan,nan,nan,0.52,0.95,16.22,7.6,0.91,13.69,9.89
samples_design_25_dldesign_0_best,0.46,1.27,0.99,nan,nan,nan,0.54,0.95,15.67,7.36,0.91,16.0,13.24
samples_design_25_dldesign_1_best,0.94,1.3,3.83,nan,nan,nan,1.04,2.34,16.18,7.58,0.91,22.98,17.38
samples_design_25_dldesign_2_best,0.97,0.97,1.18,nan,nan,nan,0.64,1.04,13.13,6.24,0.9,11.19,7.62
samples_design_25_dldesign_3_best,0.97,1.27,1.38,nan,nan,nan,0.61,1.21,16.8,7.84,0.9,17.65,13.07
samples_design_25_dldesign_4_best,0.65,1.16,1.03,nan,nan,nan,0.53,0.96,15.41,7.23,0.91,12.76,11.69
samples_design_25_dldesign_5_best,0.62,1.04,0.75,nan,nan,nan,0.51,0.81,13.1,6.27,0.9,11.65,6.87
samples_design_25_dldesign_6_best,0.89,1.17,1.04,nan,nan,nan,0.59,1.03,15.68,7.36,0.91,21.71,18.13
samples_design_25_dldesign_7_best,0.55,0.88,0.64,nan,nan,nan,0.47,0.7,13.85,6.54,0.91,10.85,7.35
samples_design_26_dldesign_0_best,0.47,1.27,4.64,nan,nan,nan,1.59,3.34,14.54,7.03,0.9,12.8,8.59
samples_design_26_dldesign_1_best,0.52,2.06,3.8,nan,nan,nan,1.38,2.88,15.99,7.66,0.91,11.34,10.76
samples_design_26_dldesign_2_best,0.65,1.61,4.21,nan,nan,nan,1.47,3.09,15.6,7.48,0.91,22.92,19.86
samples_design_26_dldesign_3_best,0.54,1.49,3.65,nan,nan,nan,1.3,2.69,15.55,7.45,0.91,11.46,10.08
samples_design_26_dldesign_4_best,0.57,1.77,4.54,nan,nan,nan,1.58,3.34,13.43,6.54,0.9,15.18,15.9
samples_design_26_dldesign_5_best,0.6,1.89,4.57,nan,nan,nan,1.6,3.37,15.84,7.59,0.91,12.95,7.98
samples_design_26_dldesign_6_best,0.85,1.95,3.47,nan,nan,nan,1.29,2.66,12.46,6.13,0.89,7.36,7.43
samples_design_26_dldesign_7_best,0.92,1.2,3.78,nan,nan,nan,1.34,2.78,16.64,7.94,0.9,17.8,14.61
samples_design_27_dldesign_0_best,0.72,0.9,1.13,nan,nan,nan,0.58,0.98,15.68,7.52,0.91,17.8,15.99
samples_design_27_dldesign_1_best,0.84,0.85,0.86,nan,nan,nan,0.54,0.85,16.51,7.85,0.91,9.71,9.65
samples_design_27_dldesign_2_best,1.07,0.73,1.96,nan,nan,nan,0.81,1.51,15.42,7.43,0.9,13.1,8.8
samples_design_27_dldesign_3_best,0.46,0.92,2.55,nan,nan,nan,0.91,1.84,15.5,7.43,0.9,23.42,19.35
samples_design_27_dldesign_4_best,1.0,0.78,2.76,nan,nan,nan,1.0,2.02,13.15,6.39,0.9,13.97,14.64
samples_design_27_dldesign_5_best,0.79,0.92,2.63,nan,nan,nan,0.95,1.92,12.42,6.09,0.9,12.74,14.0
samples_design_27_dldesign_6_best,0.72,0.92,0.9,nan,nan,nan,0.53,0.86,15.59,7.46,0.91,17.01,15.37
samples_design_27_dldesign_7_best,0.54,0.79,1.09,nan,nan,nan,0.56,0.9,15.85,7.58,0.9,16.8,13.15
samples_design_28_dldesign_0_best,0.74,0.42,0.84,nan,nan,nan,0.51,0.74,14.78,7.08,0.91,3.52,2.86
samples_design_28_dldesign_1_best,0.77,0.29,1.53,nan,nan,nan,0.65,1.16,15.79,7.57,0.91,6.31,5.83
samples_design_28_dldesign_2_best,0.41,0.41,0.69,nan,nan,nan,0.45,0.57,15.43,7.37,0.91,7.5,7.23
samples_design_28_dldesign_3_best,0.71,0.36,0.86,nan,nan,nan,0.52,0.73,10.27,5.12,0.9,5.03,3.79
samples_design_28_dldesign_4_best,0.53,0.36,0.76,nan,nan,nan,0.5,0.63,16.71,7.96,0.91,23.0,24.42
samples_design_28_dldesign_5_best,0.52,0.47,1.61,nan,nan,nan,0.71,1.19,15.57,7.43,0.91,22.33,22.51
samples_design_28_dldesign_6_best,0.76,0.25,0.81,nan,nan,nan,0.48,0.71,18.88,8.91,0.9,11.84,7.61
samples_design_28_dldesign_7_best,0.84,0.32,0.7,nan,nan,nan,0.47,0.68,9.97,4.98,0.9,3.16,2.23
samples_design_29_dldesign_0_best,0.54,0.44,1.49,nan,nan,nan,0.53,0.89,15.56,7.25,0.91,12.07,10.45
samples_design_29_dldesign_1_best,0.59,0.47,1.5,nan,nan,nan,0.53,0.92,15.6,7.26,0.91,18.34,18.6
samples_design_29_dldesign_2_best,0.53,0.39,1.61,nan,nan,nan,0.53,0.94,14.79,6.92,0.91,9.52,7.16
samples_design_29_dldesign_3_best,0.61,0.52,1.55,nan,nan,nan,0.56,0.95,15.13,7.07,0.91,21.91,18.16
samples_design_29_dldesign_4_best,0.62,0.45,1.53,nan,nan,nan,0.55,0.93,15.14,7.08,0.91,16.39,19.25
samples_design_29_dldesign_5_best,0.59,0.56,1.64,nan,nan,nan,0.55,0.99,15.64,7.28,0.91,17.0,15.33
samples_design_29_dldesign_6_best,0.59,0.48,1.78,nan,nan,nan,0.57,1.05,15.25,7.11,0.91,24.49,23.18
samples_design_29_dldesign_7_best,0.59,0.43,1.49,nan,nan,nan,0.53,0.9,15.61,7.26,0.92,16.0,19.19
samples_design_30_dldesign_0_best,0.46,0.59,2.23,nan,nan,nan,0.74,1.48,16.71,7.86,0.91,9.08,6.77
samples_design_30_dldesign_1_best,0.56,0.64,1.13,nan,nan,nan,0.57,0.86,14.03,6.7,0.91,11.8,6.62
samples_design_30_dldesign_2_best,0.53,0.66,1.29,nan,nan,nan,0.6,0.94,14.17,6.78,0.91,11.98,6.19
samples_design_30_dldesign_3_best,0.46,0.77,1.31,nan,nan,nan,0.56,0.97,16.75,7.9,0.91,27.17,16.27
samples_design_30_dldesign_4_best,1.32,0.58,1.32,nan,nan,nan,0.66,1.16,17.08,8.06,0.9,22.79,18.43
samples_design_30_dldesign_5_best,0.5,0.59,1.71,nan,nan,nan,0.63,1.17,14.7,7.04,0.9,11.03,5.83
samples_design_30_dldesign_6_best,0.52,0.54,2.24,nan,nan,nan,0.75,1.49,13.61,6.53,0.9,11.24,6.06
samples_design_30_dldesign_7_best,0.59,0.59,1.21,nan,nan,nan,0.56,0.9,12.02,5.83,0.9,26.06,16.4
samples_design_31_dldesign_0_best,0.97,1.14,0.71,nan,nan,nan,0.55,0.97,14.86,6.93,0.92,12.0,9.95
samples_design_31_dldesign_1_best,1.01,1.18,0.82,nan,nan,nan,0.57,1.02,14.9,6.95,0.92,11.85,10.9
samples_design_31_dldesign_2_best,0.96,0.88,0.79,nan,nan,nan,0.51,0.89,15.44,7.22,0.91,12.82,12.23
samples_design_31_dldesign_3_best,1.02,1.02,0.79,nan,nan,nan,0.56,0.96,15.08,7.04,0.91,17.99,18.2
samples_design_31_dldesign_4_best,0.92,1.15,0.85,nan,nan,nan,0.57,0.99,15.79,7.37,0.91,8.26,7.98
samples_design_31_dldesign_5_best,1.0,1.15,0.61,nan,nan,nan,0.53,0.96,15.09,7.04,0.92,20.31,14.74
samples_design_31_dldesign_6_best,0.96,1.24,0.65,nan,nan,nan,0.56,1.0,15.06,7.0,0.92,17.73,16.24
samples_design_31_dldesign_7_best,0.88,1.02,0.85,nan,nan,nan,0.51,0.92,14.99,7.0,0.91,21.96,20.99
samples_design_32_dldesign_0_best,0.61,0.56,0.93,nan,nan,nan,0.48,0.73,15.57,7.32,0.91,8.98,9.64
samples_design_32_dldesign_1_best,0.74,0.58,1.13,nan,nan,nan,0.55,0.87,14.81,7.02,0.91,15.43,13.01
samples_design_32_dldesign_2_best,0.86,0.66,1.09,nan,nan,nan,0.54,0.9,15.2,7.17,0.91,10.43,12.59
samples_design_32_dldesign_3_best,1.02,0.71,1.67,nan,nan,nan,0.65,1.25,14.77,6.99,0.91,14.12,10.61
samples_design_32_dldesign_4_best,0.87,0.66,1.1,nan,nan,nan,0.54,0.92,14.83,7.0,0.91,16.32,12.29
samples_design_32_dldesign_5_best,0.97,0.71,1.29,nan,nan,nan,0.6,1.05,14.26,6.76,0.91,14.91,11.49
samples_design_32_dldesign_6_best,0.63,0.58,0.78,nan,nan,nan,0.49,0.68,15.53,7.31,0.91,12.65,14.42
samples_design_32_dldesign_7_best,0.83,0.5,1.52,nan,nan,nan,0.62,1.09,14.65,6.95,0.91,21.58,19.19
samples_design_33_dldesign_0_best,0.71,0.48,1.76,nan,nan,nan,0.59,1.06,14.35,6.78,0.91,11.44,6.3
samples_design_33_dldesign_1_best,0.68,1.16,1.14,nan,nan,nan,0.55,1.0,16.35,7.63,0.9,17.83,15.93
samples_design_33_dldesign_2_best,0.8,1.06,1.42,nan,nan,nan,0.58,1.09,15.01,7.05,0.91,15.04,13.43
samples_design_33_dldesign_3_best,0.68,1.07,1.43,nan,nan,nan,0.55,1.06,16.13,7.55,0.9,7.08,8.82
samples_design_33_dldesign_4_best,0.78,1.22,1.26,nan,nan,nan,0.57,1.08,15.52,7.27,0.91,16.66,15.37
samples_design_33_dldesign_5_best,0.98,1.01,1.16,nan,nan,nan,0.56,1.04,14.98,7.04,0.9,17.79,15.46
samples_design_33_dldesign_6_best,0.79,0.32,1.22,nan,nan,nan,0.5,0.83,13.07,6.23,0.9,11.34,6.68
samples_design_33_dldesign_7_best,0.74,1.08,1.51,nan,nan,nan,0.58,1.11,16.41,7.66,0.91,18.26,15.39
samples_design_34_dldesign_0_best,0.77,0.9,1.92,nan,nan,nan,0.67,1.32,15.57,7.31,0.91,19.36,15.59
samples_design_34_dldesign_1_best,0.58,0.77,1.52,nan,nan,nan,0.55,1.05,16.49,7.71,0.91,16.33,10.1
samples_design_34_dldesign_2_best,0.78,0.93,1.53,nan,nan,nan,0.59,1.14,15.32,7.2,0.91,19.73,18.49
samples_design_34_dldesign_3_best,0.87,1.08,1.61,nan,nan,nan,0.63,1.23,15.64,7.34,0.91,25.46,18.0
samples_design_34_dldesign_4_best,0.81,0.88,1.56,nan,nan,nan,0.59,1.14,15.94,7.46,0.91,25.95,19.37
samples_design_34_dldesign_5_best,0.65,0.69,1.15,nan,nan,nan,0.5,0.87,16.09,7.56,0.91,21.93,20.44
samples_design_34_dldesign_6_best,1.16,0.86,1.88,nan,nan,nan,0.7,1.39,16.32,7.62,0.92,22.04,13.78
samples_design_34_dldesign_7_best,0.51,0.51,0.63,nan,nan,nan,0.41,0.56,15.34,7.18,0.92,17.11,16.67
samples_design_35_dldesign_0_best,0.74,0.82,2.04,nan,nan,nan,0.72,1.43,15.91,7.56,0.9,7.39,5.18
samples_design_35_dldesign_1_best,0.83,0.64,1.3,nan,nan,nan,0.57,1.01,15.86,7.51,0.9,10.87,11.31
samples_design_35_dldesign_2_best,0.94,0.68,1.93,nan,nan,nan,0.72,1.39,17.0,8.01,0.91,15.8,11.58
samples_design_35_dldesign_3_best,0.9,0.85,1.8,nan,nan,nan,0.74,1.33,12.22,5.95,0.9,12.56,6.33
samples_design_35_dldesign_4_best,0.87,0.97,1.88,nan,nan,nan,0.75,1.39,11.69,5.72,0.9,12.0,5.81
samples_design_35_dldesign_5_best,0.89,0.76,1.95,nan,nan,nan,0.74,1.4,14.8,7.08,0.9,2.74,3.08
samples_design_35_dldesign_6_best,0.85,0.61,2.28,nan,nan,nan,0.76,1.57,17.75,8.36,0.9,12.04,7.36
samples_design_35_dldesign_7_best,0.98,0.65,0.91,nan,nan,nan,0.6,0.87,13.4,6.46,0.9,8.03,3.84
samples_design_36_dldesign_0_best,0.9,0.45,2.08,nan,nan,nan,0.69,1.41,15.07,7.12,0.91,8.74,10.45
samples_design_36_dldesign_1_best,0.92,0.56,2.01,nan,nan,nan,0.7,1.38,14.64,6.93,0.91,9.17,9.93
samples_design_36_dldesign_2_best,0.87,0.41,1.96,nan,nan,nan,0.67,1.33,15.52,7.31,0.91,10.44,10.5
samples_design_36_dldesign_3_best,0.63,0.36,0.74,nan,nan,nan,0.45,0.61,8.1,4.12,0.9,1.76,1.41
samples_design_36_dldesign_4_best,1.0,0.66,1.7,nan,nan,nan,0.65,1.25,14.87,7.04,0.91,9.2,10.1
samples_design_36_dldesign_5_best,0.86,0.55,2.05,nan,nan,nan,0.69,1.39,15.52,7.31,0.91,14.78,9.74
samples_design_36_dldesign_6_best,0.88,0.36,1.28,nan,nan,nan,0.59,0.96,7.55,3.88,0.9,2.94,1.53
samples_design_36_dldesign_7_best,0.98,0.79,2.05,nan,nan,nan,0.72,1.45,15.21,7.19,0.91,6.17,6.92
samples_design_37_dldesign_0_best,0.76,0.47,5.09,nan,nan,nan,1.6,3.48,15.88,7.6,0.9,14.15,13.13
samples_design_37_dldesign_1_best,0.75,0.4,3.24,nan,nan,nan,1.07,2.24,15.39,7.44,0.89,11.74,8.54
samples_design_37_dldesign_2_best,0.82,0.38,4.92,nan,nan,nan,1.56,3.36,14.73,7.1,0.9,12.57,10.13
samples_design_37_dldesign_3_best,0.72,0.46,5.26,nan,nan,nan,1.65,3.59,16.74,7.99,0.9,16.27,14.1
samples_design_37_dldesign_4_best,0.8,0.59,2.65,nan,nan,nan,0.91,1.87,17.12,8.2,0.9,17.63,12.36
samples_design_37_dldesign_5_best,0.81,0.33,4.52,nan,nan,nan,1.43,3.1,15.76,7.57,0.9,10.6,8.22
samples_design_37_dldesign_6_best,0.82,0.43,5.1,nan,nan,nan,1.6,3.49,16.74,8.03,0.9,14.66,13.49
samples_design_37_dldesign_7_best,0.7,0.51,5.17,nan,nan,nan,1.63,3.53,15.74,7.55,0.9,14.03,11.89
samples_design_38_dldesign_0_best,1.05,1.0,0.78,nan,nan,nan,0.59,0.91,14.64,7.02,0.91,22.49,19.43
samples_design_38_dldesign_1_best,0.87,1.07,0.82,nan,nan,nan,0.57,0.9,13.88,6.69,0.91,11.27,11.46
samples_design_38_dldesign_2_best,0.92,1.1,0.77,nan,nan,nan,0.55,0.9,16.28,7.76,0.91,20.82,18.65
samples_design_38_dldesign_3_best,0.98,1.17,0.87,nan,nan,nan,0.59,0.98,14.13,6.81,0.91,10.95,11.11
samples_design_38_dldesign_4_best,0.94,1.01,0.73,nan,nan,nan,0.55,0.86,16.28,7.74,0.91,22.58,19.96
samples_design_38_dldesign_5_best,1.07,1.05,0.82,nan,nan,nan,0.59,0.95,15.37,7.34,0.91,8.61,7.52
samples_design_38_dldesign_6_best,0.74,0.93,0.96,nan,nan,nan,0.55,0.9,15.6,7.45,0.91,8.63,7.34
samples_design_38_dldesign_7_best,0.9,0.9,0.86,nan,nan,nan,0.55,0.88,15.7,7.5,0.91,21.88,21.76
samples_design_39_dldesign_0_best,0.44,0.4,2.13,nan,nan,nan,0.63,1.18,14.48,6.81,0.91,16.33,13.91
samples_design_39_dldesign_1_best,0.53,0.41,1.16,nan,nan,nan,0.49,0.73,14.98,7.03,0.9,16.97,17.45
samples_design_39_dldesign_2_best,0.5,0.7,1.83,nan,nan,nan,0.59,1.09,15.64,7.29,0.91,21.44,17.42
samples_design_39_dldesign_3_best,0.47,0.52,1.11,nan,nan,nan,0.49,0.72,16.2,7.56,0.91,13.35,13.68
samples_design_39_dldesign_4_best,0.89,0.34,1.51,nan,nan,nan,0.57,0.99,13.02,6.2,0.9,11.15,6.85
samples_design_39_dldesign_5_best,0.54,0.33,1.45,nan,nan,nan,0.54,0.86,13.21,6.29,0.9,8.55,5.49
samples_design_39_dldesign_6_best,0.72,0.38,1.44,nan,nan,nan,0.54,0.91,10.34,5.05,0.9,9.17,6.27
samples_design_39_dldesign_7_best,0.48,0.29,1.52,nan,nan,nan,0.52,0.87,12.75,6.06,0.9,9.47,5.96
samples_design_40_dldesign_0_best,0.61,0.7,1.08,nan,nan,nan,0.54,0.84,13.85,6.59,0.91,13.42,9.78
samples_design_40_dldesign_1_best,0.46,0.73,1.0,nan,nan,nan,0.57,0.78,12.66,6.06,0.91,12.14,8.56
samples_design_40_dldesign_2_best,0.52,0.55,0.83,nan,nan,nan,0.53,0.66,10.71,5.21,0.91,13.11,8.1
samples_design_40_dldesign_3_best,0.57,0.86,2.73,nan,nan,nan,0.86,1.78,16.35,7.7,0.91,15.61,14.03
samples_design_40_dldesign_4_best,0.61,0.71,2.28,nan,nan,nan,0.74,1.5,16.47,7.77,0.9,16.18,11.77
samples_design_40_dldesign_5_best,0.55,0.89,3.91,nan,nan,nan,1.14,2.48,16.27,7.69,0.91,20.6,16.09
samples_design_40_dldesign_6_best,0.58,0.73,1.1,nan,nan,nan,0.59,0.85,13.37,6.39,0.91,12.47,8.49
samples_design_40_dldesign_7_best,0.83,0.92,3.89,nan,nan,nan,1.14,2.5,15.79,7.46,0.91,17.07,13.13
samples_design_41_dldesign_0_best,0.36,0.99,0.6,nan,nan,nan,0.49,0.68,16.11,7.64,0.91,19.29,12.67
samples_design_41_dldesign_1_best,0.39,0.7,0.68,nan,nan,nan,0.46,0.61,9.48,4.76,0.9,9.47,5.05
samples_design_41_dldesign_2_best,0.44,0.95,3.43,nan,nan,nan,1.1,2.32,12.63,6.17,0.89,18.59,12.39
samples_design_41_dldesign_3_best,0.41,0.72,0.43,nan,nan,nan,0.44,0.52,11.22,5.48,0.91,7.22,3.78
samples_design_41_dldesign_4_best,0.48,0.87,1.19,nan,nan,nan,0.56,0.94,6.75,3.57,0.9,2.77,1.48
samples_design_41_dldesign_5_best,0.98,1.11,3.95,nan,nan,nan,1.27,2.72,14.63,7.03,0.9,18.35,12.46
samples_design_41_dldesign_6_best,0.45,0.74,1.21,nan,nan,nan,0.55,0.92,8.67,4.39,0.9,5.06,3.01
samples_design_41_dldesign_7_best,0.41,0.99,2.79,nan,nan,nan,0.91,1.92,14.9,7.14,0.9,15.8,9.84
samples_design_42_dldesign_0_best,0.5,0.8,3.03,nan,nan,nan,1.08,2.19,13.86,6.72,0.91,25.6,17.86
samples_design_42_dldesign_1_best,0.72,0.37,3.08,nan,nan,nan,1.08,2.22,16.27,7.8,0.9,19.44,17.41
samples_design_42_dldesign_2_best,0.83,0.38,3.05,nan,nan,nan,1.07,2.21,16.51,7.88,0.91,9.65,7.52
samples_design_42_dldesign_3_best,0.46,0.33,1.73,nan,nan,nan,0.67,1.26,15.95,7.63,0.91,14.67,14.97
samples_design_42_dldesign_4_best,0.68,0.35,3.27,nan,nan,nan,1.14,2.34,16.33,7.81,0.91,11.18,8.59
samples_design_42_dldesign_5_best,0.72,0.48,3.31,nan,nan,nan,1.16,2.38,16.05,7.7,0.91,7.45,4.6
samples_design_42_dldesign_6_best,0.42,0.45,3.55,nan,nan,nan,1.21,2.53,15.73,7.53,0.91,25.57,16.69
samples_design_42_dldesign_7_best,0.85,0.48,3.82,nan,nan,nan,1.32,2.75,15.67,7.49,0.91,11.0,8.44
samples_design_43_dldesign_0_best,1.07,0.51,0.82,nan,nan,nan,0.57,0.84,11.93,5.84,0.9,5.2,5.62
samples_design_43_dldesign_1_best,1.15,0.69,0.85,nan,nan,nan,0.6,0.91,14.2,6.85,0.91,5.03,2.83
samples_design_43_dldesign_2_best,0.9,0.52,0.87,nan,nan,nan,0.55,0.81,14.15,6.82,0.91,3.21,2.93
samples_design_43_dldesign_3_best,1.11,0.88,0.98,nan,nan,nan,0.6,1.0,15.82,7.56,0.91,5.35,4.94
samples_design_43_dldesign_4_best,1.01,0.73,0.96,nan,nan,nan,0.61,0.92,14.29,6.89,0.9,12.14,7.25
samples_design_43_dldesign_5_best,1.06,0.62,0.8,nan,nan,nan,0.58,0.84,14.05,6.77,0.91,1.64,1.35
samples_design_43_dldesign_6_best,1.03,0.55,0.85,nan,nan,nan,0.58,0.85,13.42,6.5,0.9,8.03,7.58
samples_design_43_dldesign_7_best,0.77,0.37,0.89,nan,nan,nan,0.52,0.76,14.99,7.19,0.91,24.61,20.13
samples_design_44_dldesign_0_best,0.51,0.9,0.92,nan,nan,nan,0.52,0.83,14.24,6.87,0.91,1.7,1.83
samples_design_44_dldesign_1_best,0.65,0.93,1.08,nan,nan,nan,0.58,0.95,13.29,6.47,0.9,9.54,10.49
samples_design_44_dldesign_2_best,0.57,0.86,0.86,nan,nan,nan,0.51,0.79,12.82,6.3,0.9,7.01,8.26
samples_design_44_dldesign_3_best,0.59,0.92,0.9,nan,nan,nan,0.53,0.83,14.32,6.94,0.9,1.61,1.33
samples_design_44_dldesign_4_best,0.61,0.84,1.21,nan,nan,nan,0.61,1.0,13.09,6.38,0.9,2.88,2.59
samples_design_44_dldesign_5_best,0.67,0.95,1.0,nan,nan,nan,0.56,0.91,13.91,6.75,0.91,3.05,1.84
samples_design_44_dldesign_6_best,0.61,0.89,0.86,nan,nan,nan,0.51,0.81,11.84,5.82,0.9,1.84,1.25
samples_design_44_dldesign_7_best,0.62,0.88,1.06,nan,nan,nan,0.58,0.92,14.68,7.09,0.91,3.63,2.74
samples_design_45_dldesign_0_best,0.31,1.19,1.8,nan,nan,nan,0.75,1.4,15.55,7.49,0.9,14.43,15.43
samples_design_45_dldesign_1_best,0.37,1.13,3.01,nan,nan,nan,1.09,2.21,14.15,6.81,0.91,13.22,13.86
samples_design_45_dldesign_2_best,0.41,1.24,2.22,nan,nan,nan,0.86,1.69,16.42,7.85,0.91,11.16,11.45
samples_design_45_dldesign_3_best,0.32,1.37,2.59,nan,nan,nan,0.97,1.96,13.8,6.71,0.9,10.84,12.69
samples_design_45_dldesign_4_best,0.46,1.19,3.07,nan,nan,nan,1.11,2.26,10.62,5.34,0.89,13.75,14.84
samples_design_45_dldesign_5_best,0.31,1.18,1.59,nan,nan,nan,0.69,1.27,15.18,7.35,0.9,13.14,14.55
samples_design_45_dldesign_6_best,0.37,1.03,2.9,nan,nan,nan,1.06,2.12,14.63,7.01,0.91,12.37,13.93
samples_design_45_dldesign_7_best,0.3,1.2,2.9,nan,nan,nan,1.06,2.14,15.25,7.31,0.91,13.45,13.51
samples_design_46_dldesign_0_best,0.6,0.68,0.58,nan,nan,nan,0.46,0.62,11.68,5.62,0.91,10.28,7.15
samples_design_46_dldesign_1_best,0.74,0.94,0.64,nan,nan,nan,0.48,0.78,15.86,7.41,0.91,15.54,12.33
samples_design_46_dldesign_2_best,0.98,0.81,0.56,nan,nan,nan,0.52,0.81,14.44,6.79,0.91,11.62,7.63
samples_design_46_dldesign_3_best,1.07,0.99,0.77,nan,nan,nan,0.55,0.96,16.43,7.67,0.91,26.58,15.97
samples_design_46_dldesign_4_best,0.85,1.01,0.81,nan,nan,nan,0.5,0.89,14.54,6.87,0.9,9.83,8.6
samples_design_46_dldesign_5_best,0.95,0.86,0.73,nan,nan,nan,0.52,0.86,16.17,7.54,0.91,24.34,20.61
samples_design_46_dldesign_6_best,0.91,0.7,0.42,nan,nan,nan,0.52,0.72,14.8,6.96,0.91,11.33,7.35
samples_design_46_dldesign_7_best,0.97,0.87,0.69,nan,nan,nan,0.56,0.86,16.01,7.48,0.91,18.17,13.77
samples_design_47_dldesign_0_best,0.76,0.96,1.81,nan,nan,nan,0.68,1.3,14.82,7.01,0.91,13.8,10.59
samples_design_47_dldesign_1_best,0.8,0.89,1.62,nan,nan,nan,0.64,1.2,14.03,6.67,0.91,6.62,9.09
samples_design_47_dldesign_2_best,0.71,1.08,1.53,nan,nan,nan,0.64,1.18,15.1,7.13,0.91,20.6,12.81
samples_design_47_dldesign_3_best,0.88,0.75,1.4,nan,nan,nan,0.61,1.08,15.04,7.11,0.91,6.75,5.92
samples_design_47_dldesign_4_best,0.83,0.78,1.39,nan,nan,nan,0.6,1.06,13.87,6.59,0.91,8.32,8.15
samples_design_47_dldesign_5_best,0.83,0.72,1.46,nan,nan,nan,0.61,1.09,13.74,6.56,0.91,9.5,8.46
samples_design_47_dldesign_6_best,0.8,0.9,1.56,nan,nan,nan,0.62,1.17,14.12,6.72,0.91,5.85,8.33
samples_design_47_dldesign_7_best,0.83,1.02,1.62,nan,nan,nan,0.64,1.24,14.66,6.94,0.91,8.0,9.32
samples_design_48_dldesign_0_best,0.83,0.85,1.5,nan,nan,nan,0.58,1.07,16.3,7.62,0.9,18.31,19.65
samples_design_48_dldesign_1_best,0.87,0.73,1.27,nan,nan,nan,0.54,0.96,15.51,7.27,0.9,12.04,7.31
samples_design_48_dldesign_2_best,0.82,0.87,1.7,nan,nan,nan,0.6,1.15,16.31,7.63,0.91,16.39,14.3
samples_design_48_dldesign_3_best,0.7,0.87,1.53,nan,nan,nan,0.56,1.05,16.0,7.49,0.91,15.83,12.83
samples_design_48_dldesign_4_best,0.85,0.84,1.18,nan,nan,nan,0.51,0.95,16.58,7.75,0.9,21.85,18.01
samples_design_48_dldesign_5_best,0.92,0.71,1.35,nan,nan,nan,0.54,1.01,15.29,7.2,0.9,7.25,4.75
samples_design_48_dldesign_6_best,1.02,0.77,1.44,nan,nan,nan,0.56,1.09,16.92,7.9,0.9,21.77,17.65
samples_design_48_dldesign_7_best,0.89,0.79,1.46,nan,nan,nan,0.56,1.05,15.58,7.3,0.91,8.97,5.7
samples_design_49_dldesign_0_best,1.03,0.78,1.98,nan,nan,nan,0.76,1.45,14.57,6.93,0.91,25.65,14.6
samples_design_49_dldesign_1_best,0.97,0.79,1.5,nan,nan,nan,0.67,1.18,13.39,6.41,0.91,6.16,4.22
samples_design_49_dldesign_2_best,0.69,0.86,2.06,nan,nan,nan,0.74,1.45,14.95,7.12,0.9,6.02,3.1
samples_design_49_dldesign_3_best,0.71,0.98,1.37,nan,nan,nan,0.59,1.09,18.04,8.5,0.9,19.45,13.72
samples_design_49_dldesign_4_best,0.95,0.73,1.87,nan,nan,nan,0.73,1.37,15.36,7.26,0.91,8.28,4.82
samples_design_49_dldesign_5_best,1.07,0.85,1.91,nan,nan,nan,0.75,1.43,10.96,5.36,0.9,25.44,17.67
samples_design_49_dldesign_6_best,0.94,0.99,2.04,nan,nan,nan,0.76,1.5,13.02,6.25,0.91,25.38,17.61
samples_design_49_dldesign_7_best,1.03,0.81,1.93,nan,nan,nan,0.77,1.43,11.38,5.54,0.9,25.78,17.0
samples_design_0_dldesign_0_best,0.67,0.99,0.65,nan,nan,nan,0.54,0.79,15.12,7.04,0.92,13.19,10.32
samples_design_0_dldesign_1_best,0.92,1.13,0.85,nan,nan,nan,0.58,0.98,15.25,7.11,0.91,23.65,17.89
samples_design_0_dldesign_2_best,0.71,0.86,1.27,nan,nan,nan,0.58,0.94,16.85,7.83,0.91,23.02,19.27
samples_design_0_dldesign_3_best,0.7,1.17,0.76,nan,nan,nan,0.56,0.9,15.89,7.4,0.91,12.43,10.11
samples_design_0_dldesign_4_best,0.78,0.87,1.22,nan,nan,nan,0.62,0.95,17.08,7.93,0.91,13.55,13.62
samples_design_0_dldesign_5_best,0.56,1.02,0.96,nan,nan,nan,0.52,0.85,14.24,6.69,0.91,18.72,11.23
samples_design_0_dldesign_6_best,0.71,1.01,0.74,nan,nan,nan,0.56,0.83,15.83,7.36,0.91,18.51,11.56
samples_design_0_dldesign_7_best,0.92,0.87,0.89,nan,nan,nan,0.55,0.9,14.56,6.8,0.91,18.43,17.17
samples_design_1_dldesign_0_best,0.61,0.92,1.68,nan,nan,nan,0.58,1.14,16.1,7.53,0.91,16.94,17.39
samples_design_1_dldesign_1_best,0.68,0.8,1.09,nan,nan,nan,0.52,0.87,12.85,6.13,0.9,13.11,8.35
samples_design_1_dldesign_2_best,0.48,1.02,0.78,nan,nan,nan,0.46,0.78,16.61,7.78,0.9,22.68,19.1
samples_design_1_dldesign_3_best,0.61,0.71,1.0,nan,nan,nan,0.48,0.78,15.34,7.19,0.91,9.47,6.68
samples_design_1_dldesign_4_best,0.79,0.95,1.59,nan,nan,nan,0.58,1.15,16.53,7.72,0.91,16.46,10.36
samples_design_1_dldesign_5_best,0.65,1.04,1.72,nan,nan,nan,0.59,1.2,16.63,7.79,0.9,12.71,9.11
samples_design_1_dldesign_6_best,0.51,1.05,1.04,nan,nan,nan,0.49,0.89,16.67,7.77,0.91,21.47,20.8
samples_design_1_dldesign_7_best,0.69,0.24,0.87,nan,nan,nan,0.42,0.66,11.96,5.74,0.9,11.42,6.99
samples_design_2_dldesign_0_best,1.06,0.47,2.56,nan,nan,nan,0.72,1.52,15.8,7.42,0.9,10.27,5.36
samples_design_2_dldesign_1_best,0.72,0.64,0.83,nan,nan,nan,0.49,0.73,14.93,7.03,0.91,12.45,7.38
samples_design_2_dldesign_2_best,0.83,0.72,2.11,nan,nan,nan,0.64,1.3,15.19,7.18,0.9,9.62,5.32
samples_design_2_dldesign_3_best,0.85,0.54,1.26,nan,nan,nan,0.54,0.91,15.06,7.07,0.91,9.62,5.7
samples_design_2_dldesign_4_best,0.9,0.47,1.72,nan,nan,nan,0.58,1.1,15.83,7.41,0.91,10.57,5.29
samples_design_2_dldesign_5_best,0.72,0.53,0.87,nan,nan,nan,0.49,0.71,13.74,6.53,0.9,12.28,5.8
samples_design_2_dldesign_6_best,1.03,0.84,2.21,nan,nan,nan,0.68,1.42,15.93,7.44,0.91,15.46,12.26
samples_design_2_dldesign_7_best,0.95,0.76,1.31,nan,nan,nan,0.55,1.01,16.05,7.51,0.91,13.41,11.45
samples_design_3_dldesign_0_best,0.58,0.61,6.38,nan,nan,nan,2.06,4.44,15.86,7.63,0.9,17.34,15.73
samples_design_3_dldesign_1_best,0.87,0.61,6.73,nan,nan,nan,2.18,4.7,14.4,6.98,0.9,14.39,15.17
samples_design_3_dldesign_2_best,0.66,0.56,6.9,nan,nan,nan,2.22,4.8,14.36,6.94,0.9,15.26,15.13
samples_design_3_dldesign_3_best,0.76,0.48,6.67,nan,nan,nan,2.16,4.65,14.28,6.89,0.9,15.1,14.02
samples_design_3_dldesign_4_best,0.71,0.58,6.85,nan,nan,nan,2.21,4.77,15.71,7.51,0.9,36.44,21.72
samples_design_3_dldesign_5_best,0.78,0.5,6.29,nan,nan,nan,2.04,4.38,13.99,6.76,0.91,14.87,14.51
samples_design_3_dldesign_6_best,0.79,0.54,6.75,nan,nan,nan,2.18,4.7,15.76,7.61,0.9,12.74,13.9
samples_design_3_dldesign_7_best,0.92,0.69,5.93,nan,nan,nan,1.94,4.15,16.59,7.93,0.9,18.3,17.47
samples_design_4_dldesign_0_best,0.63,0.72,4.41,nan,nan,nan,1.41,3.03,15.9,7.66,0.9,17.42,12.55
samples_design_4_dldesign_1_best,0.54,0.59,4.2,nan,nan,nan,1.35,2.88,16.4,7.85,0.9,16.68,14.6
samples_design_4_dldesign_2_best,0.65,0.75,3.39,nan,nan,nan,1.13,2.36,15.71,7.54,0.9,18.49,14.33
samples_design_4_dldesign_3_best,0.68,0.58,2.71,nan,nan,nan,0.95,1.89,15.67,7.54,0.9,17.62,14.29
samples_design_4_dldesign_4_best,0.48,0.7,3.59,nan,nan,nan,1.17,2.47,15.4,7.38,0.9,15.39,11.42
samples_design_4_dldesign_5_best,0.55,0.63,1.93,nan,nan,nan,0.74,1.38,18.59,8.84,0.9,20.69,17.52
samples_design_4_dldesign_6_best,0.53,0.77,3.85,nan,nan,nan,1.25,2.65,15.36,7.37,0.9,15.37,14.86
samples_design_4_dldesign_7_best,0.52,0.63,3.94,nan,nan,nan,1.27,2.7,15.98,7.67,0.9,10.62,11.28
samples_design_5_dldesign_0_best,0.72,1.05,1.71,nan,nan,nan,0.61,1.17,15.43,7.22,0.91,17.68,15.02
samples_design_5_dldesign_1_best,0.85,0.81,1.44,nan,nan,nan,0.58,1.04,6.94,3.58,0.9,7.69,5.8
samples_design_5_dldesign_2_best,0.62,0.75,1.59,nan,nan,nan,0.57,1.02,15.1,7.09,0.91,8.33,6.61
samples_design_5_dldesign_3_best,0.74,0.63,1.44,nan,nan,nan,0.54,0.96,7.6,3.85,0.9,7.77,5.74
samples_design_5_dldesign_4_best,0.62,1.01,1.89,nan,nan,nan,0.63,1.22,15.96,7.48,0.9,19.54,14.86
samples_design_5_dldesign_5_best,0.66,0.76,1.33,nan,nan,nan,0.55,0.93,14.06,6.66,0.9,11.02,7.08
samples_design_5_dldesign_6_best,1.55,0.2,1.69,nan,nan,nan,0.66,1.32,16.26,7.58,0.91,22.32,14.94
samples_design_5_dldesign_7_best,1.48,0.38,1.19,nan,nan,nan,0.6,1.14,13.77,6.53,0.9,10.52,6.68
samples_design_6_dldesign_0_best,0.57,0.57,0.76,nan,nan,nan,0.47,0.65,13.45,6.43,0.91,11.43,7.45
samples_design_6_dldesign_1_best,0.32,0.88,0.87,nan,nan,nan,0.48,0.74,15.78,7.41,0.91,17.85,20.97
samples_design_6_dldesign_2_best,0.62,0.64,1.05,nan,nan,nan,0.51,0.82,17.07,8.05,0.9,19.66,20.22
samples_design_6_dldesign_3_best,0.84,0.73,0.75,nan,nan,nan,0.48,0.77,15.55,7.31,0.91,16.35,17.39
samples_design_6_dldesign_4_best,0.73,0.62,0.6,nan,nan,nan,0.42,0.65,15.21,7.19,0.91,9.27,7.82
samples_design_6_dldesign_5_best,0.9,0.77,0.79,nan,nan,nan,0.49,0.83,15.71,7.38,0.91,17.93,18.98
samples_design_6_dldesign_6_best,0.63,0.34,0.6,nan,nan,nan,0.42,0.55,11.04,5.38,0.9,11.5,7.18
samples_design_6_dldesign_7_best,0.94,0.73,0.66,nan,nan,nan,0.47,0.78,15.58,7.33,0.91,17.49,14.96
samples_design_7_dldesign_0_best,0.56,0.97,1.63,nan,nan,nan,0.61,1.09,16.14,7.54,0.91,17.98,20.0
samples_design_7_dldesign_1_best,0.58,0.81,1.07,nan,nan,nan,0.49,0.82,12.16,5.84,0.9,9.45,6.17
samples_design_7_dldesign_2_best,0.5,0.81,1.07,nan,nan,nan,0.56,0.8,15.83,7.38,0.91,22.72,23.16
samples_design_7_dldesign_3_best,0.39,0.59,1.32,nan,nan,nan,0.55,0.81,15.0,7.04,0.91,9.54,5.38
samples_design_7_dldesign_4_best,0.5,0.67,1.51,nan,nan,nan,0.57,0.94,16.01,7.48,0.91,14.01,9.3
samples_design_7_dldesign_5_best,0.43,0.77,1.43,nan,nan,nan,0.59,0.92,15.23,7.11,0.92,14.39,10.74
samples_design_7_dldesign_6_best,0.46,0.85,1.3,nan,nan,nan,0.56,0.89,16.63,7.75,0.91,10.95,13.15
samples_design_7_dldesign_7_best,0.49,0.99,1.83,nan,nan,nan,0.65,1.16,16.06,7.49,0.91,17.12,19.68
samples_design_8_dldesign_0_best,1.01,0.78,0.78,nan,nan,nan,0.56,0.85,12.5,6.1,0.9,6.06,5.5
samples_design_8_dldesign_1_best,0.99,0.96,0.77,nan,nan,nan,0.58,0.88,14.7,7.06,0.9,12.62,8.4
samples_design_8_dldesign_2_best,0.75,0.52,0.67,nan,nan,nan,0.51,0.66,10.83,5.36,0.9,3.65,3.0
samples_design_8_dldesign_3_best,1.14,0.87,0.69,nan,nan,nan,0.59,0.88,10.21,5.08,0.9,2.24,2.36
samples_design_8_dldesign_4_best,0.92,0.85,0.67,nan,nan,nan,0.53,0.79,15.85,7.55,0.91,20.13,18.12
samples_design_8_dldesign_5_best,1.05,0.82,0.76,nan,nan,nan,0.61,0.86,6.17,3.32,0.9,1.79,1.33
samples_design_8_dldesign_6_best,1.37,0.79,0.75,nan,nan,nan,0.63,0.96,8.42,4.29,0.9,1.2,1.23
samples_design_8_dldesign_7_best,1.02,0.84,0.83,nan,nan,nan,0.59,0.89,10.97,5.42,0.9,9.44,9.3
samples_design_9_dldesign_0_best,0.55,0.55,0.61,nan,nan,nan,0.51,0.57,12.62,6.02,0.91,15.16,9.1
samples_design_9_dldesign_1_best,0.52,0.44,0.56,nan,nan,nan,0.43,0.51,15.45,7.27,0.91,18.29,13.53
samples_design_9_dldesign_2_best,0.63,0.4,1.6,nan,nan,nan,0.56,1.04,13.99,6.64,0.91,12.57,7.48
samples_design_9_dldesign_3_best,0.86,0.66,2.01,nan,nan,nan,0.67,1.34,15.88,7.45,0.91,16.9,14.6
samples_design_9_dldesign_4_best,0.56,0.64,2.15,nan,nan,nan,0.67,1.36,15.8,7.42,0.91,19.3,16.6
samples_design_9_dldesign_5_best,0.5,0.53,0.86,nan,nan,nan,0.5,0.65,15.68,7.35,0.92,16.87,17.14
samples_design_9_dldesign_6_best,0.45,0.26,0.29,nan,nan,nan,0.4,0.35,13.45,6.37,0.92,15.37,9.34
samples_design_9_dldesign_7_best,0.54,0.26,0.77,nan,nan,nan,0.43,0.57,10.94,5.3,0.91,10.23,5.79
samples_design_10_dldesign_0_best,0.58,0.81,1.22,nan,nan,nan,0.5,0.87,15.33,7.15,0.91,4.79,5.62
samples_design_10_dldesign_1_best,1.17,0.69,1.08,nan,nan,nan,0.56,1.01,14.92,7.0,0.91,3.76,4.48
samples_design_10_dldesign_2_best,1.16,0.54,1.21,nan,nan,nan,0.57,1.01,15.78,7.37,0.91,7.41,9.74
samples_design_10_dldesign_3_best,1.0,0.69,1.28,nan,nan,nan,0.56,1.0,16.13,7.56,0.9,9.48,9.52
samples_design_10_dldesign_4_best,1.18,0.61,0.97,nan,nan,nan,0.56,0.96,14.96,6.99,0.91,7.28,8.51
samples_design_10_dldesign_5_best,1.31,0.99,1.3,nan,nan,nan,0.62,1.21,15.47,7.25,0.91,7.41,5.06
samples_design_10_dldesign_6_best,1.38,0.23,1.09,nan,nan,nan,0.56,1.04,14.91,6.97,0.91,4.79,6.01
samples_design_10_dldesign_7_best,1.16,0.64,1.43,nan,nan,nan,0.59,1.11,15.87,7.43,0.91,7.03,7.4
samples_design_11_dldesign_0_best,0.78,1.03,5.19,nan,nan,nan,1.71,3.65,15.79,7.55,0.91,23.4,18.0
samples_design_11_dldesign_1_best,0.99,0.67,2.83,nan,nan,nan,1.04,2.05,15.44,7.48,0.89,21.74,12.36
samples_design_11_dldesign_2_best,1.07,0.93,4.87,nan,nan,nan,1.62,3.45,13.54,6.62,0.89,5.08,4.36
samples_design_11_dldesign_3_best,0.97,0.84,5.25,nan,nan,nan,1.73,3.69,15.36,7.4,0.9,5.21,5.02
samples_design_11_dldesign_4_best,1.02,0.94,4.84,nan,nan,nan,1.61,3.43,14.48,6.96,0.91,5.54,4.19
samples_design_11_dldesign_5_best,0.74,0.64,6.81,nan,nan,nan,2.2,4.75,14.52,7.02,0.9,9.44,6.9
samples_design_11_dldesign_6_best,0.63,0.77,7.16,nan,nan,nan,2.31,4.98,16.95,8.07,0.91,17.09,14.84
samples_design_11_dldesign_7_best,0.72,0.72,2.32,nan,nan,nan,0.89,1.69,15.16,7.34,0.9,24.52,16.1
samples_design_12_dldesign_0_best,0.55,0.59,0.65,nan,nan,nan,0.48,0.61,14.41,6.93,0.9,21.27,19.9
samples_design_12_dldesign_1_best,0.45,0.78,0.8,nan,nan,nan,0.51,0.72,15.68,7.47,0.91,20.22,19.4
samples_design_12_dldesign_2_best,0.6,0.68,0.78,nan,nan,nan,0.53,0.71,9.65,4.83,0.9,1.42,1.02
samples_design_12_dldesign_3_best,0.57,0.68,0.76,nan,nan,nan,0.54,0.69,7.86,4.05,0.9,1.49,1.23
samples_design_12_dldesign_4_best,0.74,0.66,0.81,nan,nan,nan,0.54,0.76,11.87,5.81,0.9,5.47,3.07
samples_design_12_dldesign_5_best,0.59,0.6,0.79,nan,nan,nan,0.56,0.7,6.18,3.32,0.9,1.73,1.51
samples_design_12_dldesign_6_best,0.58,0.8,0.76,nan,nan,nan,0.5,0.72,15.4,7.36,0.91,22.38,20.63
samples_design_12_dldesign_7_best,0.69,0.59,0.76,nan,nan,nan,0.52,0.7,12.55,6.12,0.91,2.13,2.03
samples_design_13_dldesign_0_best,0.79,0.68,1.19,nan,nan,nan,0.55,0.94,13.5,6.49,0.9,13.96,7.35
samples_design_13_dldesign_1_best,0.76,0.58,1.57,nan,nan,nan,0.59,1.11,15.45,7.33,0.91,17.46,12.66
samples_design_13_dldesign_2_best,0.71,0.83,0.85,nan,nan,nan,0.52,0.8,14.17,6.72,0.91,13.98,7.86
samples_design_13_dldesign_3_best,0.75,0.64,0.91,nan,nan,nan,0.5,0.78,13.6,6.53,0.9,12.74,6.11
samples_design_13_dldesign_4_best,0.65,0.43,1.68,nan,nan,nan,0.59,1.13,15.14,7.14,0.91,13.32,12.72
samples_design_13_dldesign_5_best,0.73,0.56,1.77,nan,nan,nan,0.62,1.21,14.88,7.08,0.91,15.93,13.71
samples_design_13_dldesign_6_best,0.7,0.65,1.54,nan,nan,nan,0.57,1.09,14.94,7.11,0.91,15.8,12.4
samples_design_13_dldesign_7_best,0.68,0.75,0.72,nan,nan,nan,0.51,0.72,12.9,6.23,0.9,7.13,2.97
samples_design_14_dldesign_0_best,0.56,0.54,0.92,nan,nan,nan,0.47,0.7,15.69,7.34,0.92,20.76,16.39
samples_design_14_dldesign_1_best,0.68,0.52,0.85,nan,nan,nan,0.47,0.7,13.37,6.38,0.9,11.42,6.77
samples_design_14_dldesign_2_best,0.48,0.66,1.53,nan,nan,nan,0.55,1.02,15.73,7.38,0.91,15.19,13.16
samples_design_14_dldesign_3_best,0.49,0.4,0.86,nan,nan,nan,0.45,0.62,17.61,8.18,0.92,27.85,23.97
samples_design_14_dldesign_4_best,0.54,0.72,1.2,nan,nan,nan,0.5,0.87,15.64,7.35,0.91,14.93,13.21
samples_design_14_dldesign_5_best,0.97,0.77,1.67,nan,nan,nan,0.64,1.22,12.48,5.97,0.91,14.46,8.93
samples_design_14_dldesign_6_best,0.74,0.7,1.16,nan,nan,nan,0.51,0.9,16.36,7.67,0.91,22.24,18.14
samples_design_14_dldesign_7_best,0.92,0.64,1.72,nan,nan,nan,0.64,1.2,16.1,7.52,0.91,20.48,14.07
samples_design_15_dldesign_0_best,0.75,0.5,0.59,nan,nan,nan,0.46,0.63,10.89,5.27,0.91,11.65,6.5
samples_design_15_dldesign_1_best,0.68,0.55,0.34,nan,nan,nan,0.43,0.54,15.59,7.3,0.91,13.04,12.77
samples_design_15_dldesign_2_best,0.68,0.61,0.64,nan,nan,nan,0.46,0.65,15.6,7.29,0.92,25.73,19.93
samples_design_15_dldesign_3_best,0.79,0.54,0.43,nan,nan,nan,0.46,0.61,15.45,7.24,0.92,17.24,18.78
samples_design_15_dldesign_4_best,1.08,0.81,1.07,nan,nan,nan,0.62,1.0,15.39,7.22,0.91,12.74,16.44
samples_design_15_dldesign_5_best,0.91,0.45,1.16,nan,nan,nan,0.53,0.91,15.87,7.45,0.91,22.93,20.71
samples_design_15_dldesign_6_best,0.71,0.49,0.43,nan,nan,nan,0.47,0.56,11.38,5.48,0.91,13.82,8.02
samples_design_15_dldesign_7_best,1.13,0.26,0.8,nan,nan,nan,0.55,0.83,15.04,7.06,0.92,19.33,12.43
samples_design_16_dldesign_0_best,1.19,0.86,3.03,nan,nan,nan,1.1,2.27,15.7,7.54,0.9,22.27,14.05
samples_design_16_dldesign_1_best,0.98,0.68,2.81,nan,nan,nan,1.04,2.07,14.47,7.0,0.9,26.11,17.41
samples_design_16_dldesign_2_best,0.85,0.72,3.36,nan,nan,nan,1.18,2.44,16.95,8.07,0.91,25.41,17.37
samples_design_16_dldesign_3_best,1.25,0.86,2.72,nan,nan,nan,1.02,2.07,16.77,7.98,0.91,11.19,6.94
samples_design_16_dldesign_4_best,0.83,0.98,3.03,nan,nan,nan,1.09,2.24,15.79,7.59,0.91,14.76,13.57
samples_design_16_dldesign_5_best,1.0,0.78,2.96,nan,nan,nan,1.07,2.19,16.13,7.75,0.9,23.18,20.89
samples_design_16_dldesign_6_best,0.96,0.85,2.91,nan,nan,nan,1.06,2.16,14.42,6.99,0.9,15.64,15.44
samples_design_16_dldesign_7_best,0.47,0.55,3.3,nan,nan,nan,1.16,2.36,16.24,7.74,0.91,18.18,15.59
samples_design_17_dldesign_0_best,0.67,0.64,1.52,nan,nan,nan,0.63,1.13,16.02,7.64,0.9,11.72,7.27
samples_design_17_dldesign_1_best,0.86,0.96,2.7,nan,nan,nan,0.94,1.95,17.36,8.28,0.89,11.14,5.7
samples_design_17_dldesign_2_best,0.8,0.9,2.41,nan,nan,nan,0.88,1.75,12.95,6.33,0.89,7.4,3.69
samples_design_17_dldesign_3_best,0.53,0.95,2.51,nan,nan,nan,0.87,1.79,16.86,8.01,0.9,17.67,12.02
samples_design_17_dldesign_4_best,0.5,0.85,3.27,nan,nan,nan,1.08,2.27,16.85,8.0,0.9,19.86,11.54
samples_design_17_dldesign_5_best,0.76,0.73,2.03,nan,nan,nan,0.78,1.48,13.66,6.65,0.9,11.15,5.24
samples_design_17_dldesign_6_best,0.86,0.89,1.48,nan,nan,nan,0.65,1.19,16.98,8.1,0.9,23.46,15.81
samples_design_17_dldesign_7_best,0.49,0.91,3.31,nan,nan,nan,1.1,2.3,15.62,7.47,0.9,3.8,4.22
samples_design_18_dldesign_0_best,0.6,0.62,1.4,nan,nan,nan,0.56,0.99,15.2,7.19,0.91,9.06,11.95
samples_design_18_dldesign_1_best,0.56,0.5,1.28,nan,nan,nan,0.54,0.89,14.64,6.95,0.91,9.3,7.68
samples_design_18_dldesign_2_best,0.57,0.58,0.78,nan,nan,nan,0.46,0.66,15.74,7.44,0.91,8.43,7.21
samples_design_18_dldesign_3_best,0.35,0.8,2.0,nan,nan,nan,0.67,1.32,14.63,6.94,0.91,19.04,14.63
samples_design_18_dldesign_4_best,0.56,0.83,2.72,nan,nan,nan,0.83,1.77,13.99,6.65,0.91,20.33,15.12
samples_design_18_dldesign_5_best,0.74,0.52,0.97,nan,nan,nan,0.52,0.79,10.78,5.3,0.9,5.59,4.15
samples_design_18_dldesign_6_best,0.55,0.52,0.76,nan,nan,nan,0.47,0.63,15.67,7.4,0.91,11.75,9.68
samples_design_18_dldesign_7_best,0.82,1.05,1.94,nan,nan,nan,0.7,1.41,15.72,7.41,0.91,25.29,17.28
samples_design_19_dldesign_0_best,0.92,1.04,3.81,nan,nan,nan,1.35,2.78,11.57,5.71,0.9,5.94,6.76
samples_design_19_dldesign_1_best,0.65,0.76,4.0,nan,nan,nan,1.39,2.87,14.09,6.86,0.89,10.54,10.03
samples_design_19_dldesign_2_best,0.73,0.89,4.18,nan,nan,nan,1.47,3.01,15.08,7.24,0.91,6.81,6.08
samples_design_19_dldesign_3_best,0.83,0.72,3.92,nan,nan,nan,1.37,2.82,14.82,7.17,0.9,12.24,11.48
samples_design_19_dldesign_4_best,0.78,0.89,3.93,nan,nan,nan,1.38,2.84,14.82,7.16,0.9,25.59,19.34
samples_design_19_dldesign_5_best,0.49,0.88,4.04,nan,nan,nan,1.4,2.9,17.13,8.16,0.91,8.02,8.08
samples_design_19_dldesign_6_best,1.06,0.86,4.09,nan,nan,nan,1.44,2.97,16.07,7.69,0.91,6.28,6.23
samples_design_19_dldesign_7_best,0.64,0.79,4.04,nan,nan,nan,1.41,2.9,15.49,7.42,0.91,6.61,6.97
samples_design_20_dldesign_0_best,0.75,0.37,0.93,nan,nan,nan,0.49,0.77,13.98,6.8,0.9,13.77,6.04
samples_design_20_dldesign_1_best,0.65,0.4,0.75,nan,nan,nan,0.46,0.65,14.15,6.85,0.9,11.67,5.12
samples_design_20_dldesign_2_best,0.64,0.35,1.36,nan,nan,nan,0.59,1.0,15.34,7.4,0.9,12.51,5.92
samples_design_20_dldesign_3_best,0.74,0.5,1.67,nan,nan,nan,0.65,1.23,16.18,7.74,0.9,8.74,6.98
samples_design_20_dldesign_4_best,0.9,0.49,1.68,nan,nan,nan,0.68,1.26,16.76,8.02,0.9,23.82,14.19
samples_design_20_dldesign_5_best,0.71,0.35,1.52,nan,nan,nan,0.63,1.12,15.09,7.26,0.9,24.46,14.6
samples_design_20_dldesign_6_best,0.49,0.51,1.67,nan,nan,nan,0.65,1.19,16.24,7.77,0.91,20.73,15.05
samples_design_20_dldesign_7_best,0.84,0.5,3.88,nan,nan,nan,1.27,2.68,15.07,7.27,0.89,12.03,8.67
samples_design_21_dldesign_0_best,0.85,1.25,1.74,nan,nan,nan,0.7,1.28,15.69,7.37,0.9,10.81,7.1
samples_design_21_dldesign_1_best,0.7,1.38,3.89,nan,nan,nan,0.97,2.24,15.88,7.46,0.9,19.41,10.52
samples_design_21_dldesign_2_best,0.45,1.34,1.53,nan,nan,nan,0.59,1.15,16.36,7.66,0.9,22.11,15.71
samples_design_21_dldesign_3_best,0.46,1.35,3.05,nan,nan,nan,0.8,1.81,16.11,7.55,0.91,12.26,10.45
samples_design_21_dldesign_4_best,0.48,1.33,3.66,nan,nan,nan,0.92,2.1,15.93,7.47,0.9,14.41,13.71
samples_design_21_dldesign_5_best,0.47,1.31,3.28,nan,nan,nan,0.85,1.91,15.77,7.39,0.9,15.77,9.58
samples_design_21_dldesign_6_best,0.72,1.44,2.19,nan,nan,nan,0.74,1.49,15.85,7.46,0.9,6.48,5.2
samples_design_21_dldesign_7_best,0.64,1.52,3.86,nan,nan,nan,0.98,2.25,15.99,7.51,0.9,15.59,10.24
samples_design_22_dldesign_0_best,0.69,0.8,5.06,nan,nan,nan,1.6,3.47,14.48,6.97,0.9,23.38,17.54
samples_design_22_dldesign_1_best,0.62,0.68,6.16,nan,nan,nan,1.92,4.2,17.4,8.24,0.9,17.36,18.13
samples_design_22_dldesign_2_best,0.62,0.66,4.23,nan,nan,nan,1.36,2.9,18.6,8.85,0.89,16.3,15.38
samples_design_22_dldesign_3_best,0.68,0.86,5.38,nan,nan,nan,1.7,3.69,16.38,7.8,0.9,5.71,4.5
samples_design_22_dldesign_4_best,0.85,0.61,5.56,nan,nan,nan,1.76,3.81,15.66,7.48,0.91,6.35,5.66
samples_design_22_dldesign_5_best,1.03,0.57,6.76,nan,nan,nan,2.12,4.62,11.33,5.65,0.89,18.0,14.0
samples_design_22_dldesign_6_best,0.77,0.72,5.28,nan,nan,nan,1.67,3.62,14.83,7.14,0.9,6.47,5.45
samples_design_22_dldesign_7_best,1.44,0.71,6.01,nan,nan,nan,1.91,4.16,15.27,7.35,0.9,7.43,5.67
samples_design_23_dldesign_0_best,0.87,0.71,1.48,nan,nan,nan,0.58,1.09,13.94,6.62,0.91,21.34,13.9
samples_design_23_dldesign_1_best,1.07,0.94,1.47,nan,nan,nan,0.62,1.19,16.05,7.52,0.91,19.88,21.4
samples_design_23_dldesign_2_best,0.92,0.75,1.61,nan,nan,nan,0.62,1.17,15.36,7.21,0.91,18.14,18.92
samples_design_23_dldesign_3_best,0.94,0.69,1.83,nan,nan,nan,0.65,1.28,16.67,7.79,0.91,19.01,12.76
samples_design_23_dldesign_4_best,0.9,0.79,1.84,nan,nan,nan,0.65,1.29,15.9,7.46,0.91,18.12,15.3
samples_design_23_dldesign_5_best,0.93,0.53,1.74,nan,nan,nan,0.62,1.2,14.94,7.05,0.91,13.49,8.43
samples_design_23_dldesign_6_best,0.86,0.32,1.59,nan,nan,nan,0.58,1.08,15.88,7.44,0.91,18.02,10.92
samples_design_23_dldesign_7_best,0.99,0.89,1.99,nan,nan,nan,0.7,1.4,15.2,7.14,0.91,17.84,18.45
samples_design_24_dldesign_0_best,0.68,0.69,1.5,nan,nan,nan,0.57,1.04,16.03,7.5,0.91,13.05,14.91
samples_design_24_dldesign_1_best,0.47,0.45,1.05,nan,nan,nan,0.45,0.72,16.2,7.59,0.91,7.28,9.25
samples_design_24_dldesign_2_best,0.67,0.61,1.51,nan,nan,nan,0.56,1.04,16.23,7.59,0.91,15.62,19.05
samples_design_24_dldesign_3_best,0.43,0.42,0.65,nan,nan,nan,0.42,0.52,12.47,5.96,0.91,11.87,7.11
samples_design_24_dldesign_4_best,0.52,0.52,0.97,nan,nan,nan,0.42,0.71,17.96,8.36,0.9,10.36,5.28
samples_design_24_dldesign_5_best,0.81,0.54,0.73,nan,nan,nan,0.46,0.71,16.03,7.52,0.91,18.92,16.56
samples_design_24_dldesign_6_best,0.73,0.7,1.7,nan,nan,nan,0.61,1.16,15.82,7.41,0.91,16.03,15.88
samples_design_24_dldesign_7_best,0.76,0.5,0.97,nan,nan,nan,0.49,0.78,15.69,7.37,0.91,17.37,16.96
samples_design_25_dldesign_0_best,0.78,0.71,4.28,nan,nan,nan,1.37,2.95,15.16,7.33,0.9,6.77,8.52
samples_design_25_dldesign_1_best,0.52,0.63,4.46,nan,nan,nan,1.42,3.05,15.34,7.36,0.9,13.42,10.75
samples_design_25_dldesign_2_best,0.67,0.8,4.72,nan,nan,nan,1.5,3.24,15.01,7.25,0.9,14.19,12.61
samples_design_25_dldesign_3_best,0.48,0.73,4.42,nan,nan,nan,1.41,3.03,14.95,7.18,0.9,14.27,10.59
samples_design_25_dldesign_4_best,0.63,1.0,4.3,nan,nan,nan,1.38,2.97,15.3,7.38,0.9,9.91,7.29
samples_design_25_dldesign_5_best,0.45,0.58,2.3,nan,nan,nan,0.8,1.6,15.73,7.55,0.9,16.54,9.07
samples_design_25_dldesign_6_best,0.59,0.83,4.39,nan,nan,nan,1.4,3.02,15.27,7.37,0.9,13.7,11.49
samples_design_25_dldesign_7_best,0.53,0.79,4.65,nan,nan,nan,1.48,3.18,14.71,7.13,0.9,16.54,11.95
samples_design_26_dldesign_0_best,0.64,0.65,1.26,nan,nan,nan,0.54,0.95,16.14,7.62,0.91,22.65,13.52
samples_design_26_dldesign_1_best,0.75,0.43,1.61,nan,nan,nan,0.63,1.14,14.94,7.1,0.91,11.48,7.73
samples_design_26_dldesign_2_best,0.93,0.55,1.45,nan,nan,nan,0.61,1.1,17.25,8.13,0.91,10.53,8.47
samples_design_26_dldesign_3_best,0.73,0.63,1.55,nan,nan,nan,0.62,1.12,16.33,7.71,0.91,8.51,10.55
samples_design_26_dldesign_4_best,0.58,0.54,1.88,nan,nan,nan,0.66,1.28,16.5,7.81,0.91,12.84,10.91
samples_design_26_dldesign_5_best,0.61,0.62,1.47,nan,nan,nan,0.57,1.05,16.89,7.96,0.91,18.86,16.44
samples_design_26_dldesign_6_best,0.62,0.59,1.68,nan,nan,nan,0.62,1.17,17.01,8.06,0.9,8.72,8.35
samples_design_26_dldesign_7_best,0.57,0.64,1.94,nan,nan,nan,0.67,1.32,16.66,7.86,0.91,15.97,17.24
samples_design_27_dldesign_0_best,0.75,0.37,2.25,nan,nan,nan,0.7,1.42,16.08,7.54,0.91,15.94,12.99
samples_design_27_dldesign_1_best,0.72,0.52,1.81,nan,nan,nan,0.61,1.19,16.29,7.61,0.91,19.28,16.11
samples_design_27_dldesign_2_best,0.67,0.31,2.12,nan,nan,nan,0.67,1.33,16.21,7.61,0.91,11.66,11.78
samples_design_27_dldesign_3_best,0.75,0.39,1.9,nan,nan,nan,0.63,1.23,13.44,6.4,0.91,15.7,9.14
samples_design_27_dldesign_4_best,0.81,0.5,2.12,nan,nan,nan,0.69,1.37,11.65,5.61,0.9,13.72,8.28
samples_design_27_dldesign_5_best,0.88,0.48,2.29,nan,nan,nan,0.73,1.47,13.38,6.38,0.91,15.37,9.45
samples_design_27_dldesign_6_best,0.54,0.76,2.61,nan,nan,nan,0.78,1.63,15.78,7.42,0.91,14.42,17.48
samples_design_27_dldesign_7_best,0.76,0.52,2.18,nan,nan,nan,0.69,1.4,15.86,7.43,0.91,18.04,15.41
samples_design_28_dldesign_0_best,0.53,0.56,0.86,nan,nan,nan,0.49,0.69,13.36,6.39,0.91,13.28,7.29
samples_design_28_dldesign_1_best,0.43,0.74,0.54,nan,nan,nan,0.44,0.57,16.06,7.57,0.91,25.5,13.35
samples_design_28_dldesign_2_best,0.49,0.51,1.74,nan,nan,nan,0.64,1.18,12.04,5.82,0.9,13.5,6.66
samples_design_28_dldesign_3_best,0.57,0.4,0.91,nan,nan,nan,0.51,0.7,13.44,6.43,0.91,12.88,7.0
samples_design_28_dldesign_4_best,0.69,0.68,0.78,nan,nan,nan,0.48,0.72,16.04,7.55,0.91,21.82,12.02
samples_design_28_dldesign_5_best,0.72,0.4,0.74,nan,nan,nan,0.49,0.66,12.89,6.19,0.91,11.3,5.82
samples_design_28_dldesign_6_best,0.45,0.57,0.67,nan,nan,nan,0.44,0.58,15.8,7.44,0.92,10.26,6.77
samples_design_28_dldesign_7_best,0.69,0.43,0.68,nan,nan,nan,0.48,0.63,11.72,5.68,0.9,5.62,2.82
samples_design_29_dldesign_0_best,0.67,0.33,0.9,nan,nan,nan,0.45,0.66,15.72,7.34,0.91,10.31,6.6
samples_design_29_dldesign_1_best,0.69,0.74,1.23,nan,nan,nan,0.52,0.89,18.76,8.66,0.9,24.25,18.79
samples_design_29_dldesign_2_best,1.33,0.69,1.5,nan,nan,nan,0.66,1.21,16.97,7.86,0.91,24.56,31.45
samples_design_29_dldesign_3_best,0.58,0.41,0.91,nan,nan,nan,0.46,0.64,15.5,7.21,0.92,13.94,9.07
samples_design_29_dldesign_4_best,0.97,0.7,1.44,nan,nan,nan,0.65,1.05,14.97,7.03,0.91,8.92,5.89
samples_design_29_dldesign_5_best,1.04,0.58,1.37,nan,nan,nan,0.62,1.03,13.84,6.53,0.91,8.59,5.45
samples_design_29_dldesign_6_best,0.81,0.42,1.55,nan,nan,nan,0.54,0.99,16.27,7.57,0.91,18.18,11.55
samples_design_29_dldesign_7_best,0.96,0.68,1.37,nan,nan,nan,0.62,1.02,15.83,7.37,0.91,12.03,6.79
samples_design_30_dldesign_0_best,1.08,1.13,1.56,nan,nan,nan,0.7,1.33,15.02,7.23,0.9,26.0,15.32
samples_design_30_dldesign_1_best,0.88,1.0,4.62,nan,nan,nan,1.49,3.2,15.75,7.54,0.9,7.76,6.81
samples_design_30_dldesign_2_best,0.94,0.76,5.44,nan,nan,nan,1.72,3.74,14.86,7.1,0.91,12.43,8.05
samples_design_30_dldesign_3_best,1.16,0.79,5.29,nan,nan,nan,1.7,3.66,15.4,7.32,0.91,5.52,7.5
samples_design_30_dldesign_4_best,0.74,0.61,4.93,nan,nan,nan,1.56,3.37,16.14,7.72,0.9,4.75,5.34
samples_design_30_dldesign_5_best,1.05,1.11,1.36,nan,nan,nan,0.65,1.21,14.1,6.84,0.9,6.41,2.92
samples_design_30_dldesign_6_best,1.05,0.95,1.78,nan,nan,nan,0.74,1.42,12.97,6.34,0.9,8.95,4.08
samples_design_30_dldesign_7_best,0.78,0.46,5.85,nan,nan,nan,1.84,3.99,15.31,7.36,0.89,19.95,14.12
samples_design_31_dldesign_0_best,0.71,0.58,0.51,nan,nan,nan,0.49,0.61,9.24,4.58,0.9,10.98,6.81
samples_design_31_dldesign_1_best,0.73,0.58,0.52,nan,nan,nan,0.5,0.62,9.91,4.86,0.9,7.46,4.34
samples_design_31_dldesign_2_best,0.7,0.59,0.38,nan,nan,nan,0.48,0.57,11.53,5.55,0.91,12.2,7.36
samples_design_31_dldesign_3_best,0.65,0.83,0.76,nan,nan,nan,0.53,0.74,16.07,7.51,0.91,12.26,6.56
samples_design_31_dldesign_4_best,0.87,0.67,0.7,nan,nan,nan,0.54,0.75,11.85,5.7,0.91,11.74,7.15
samples_design_31_dldesign_5_best,0.75,0.62,0.4,nan,nan,nan,0.52,0.61,11.5,5.54,0.91,8.31,4.91
samples_design_31_dldesign_6_best,0.76,0.69,0.41,nan,nan,nan,0.5,0.64,14.88,6.98,0.91,20.69,13.95
samples_design_31_dldesign_7_best,0.7,0.58,0.37,nan,nan,nan,0.48,0.57,11.33,5.46,0.91,12.3,7.21
samples_design_32_dldesign_0_best,0.53,0.97,7.99,nan,nan,nan,2.47,5.44,16.71,8.05,0.89,5.27,7.17
samples_design_32_dldesign_1_best,0.89,0.99,7.28,nan,nan,nan,2.27,4.98,11.52,5.77,0.89,11.57,8.26
samples_design_32_dldesign_2_best,0.88,1.02,7.45,nan,nan,nan,2.32,5.09,15.77,7.56,0.9,9.72,7.27
samples_design_32_dldesign_3_best,0.95,1.09,7.06,nan,nan,nan,2.21,4.84,17.89,8.59,0.89,23.5,18.96
samples_design_32_dldesign_4_best,0.75,0.93,5.47,nan,nan,nan,1.74,3.76,15.9,7.71,0.89,24.63,16.93
samples_design_32_dldesign_5_best,0.7,0.92,7.43,nan,nan,nan,2.31,5.06,18.33,8.75,0.89,21.25,19.03
samples_design_32_dldesign_6_best,0.74,0.97,7.07,nan,nan,nan,2.2,4.83,13.09,6.47,0.88,9.95,7.08
samples_design_32_dldesign_7_best,1.08,0.99,7.39,nan,nan,nan,2.31,5.06,15.76,7.64,0.88,11.56,8.6
samples_design_33_dldesign_0_best,1.08,0.34,0.36,nan,nan,nan,0.56,0.73,16.56,7.72,0.9,17.07,15.18
samples_design_33_dldesign_1_best,1.12,0.33,0.61,nan,nan,nan,0.57,0.79,15.28,7.16,0.91,9.29,6.94
samples_design_33_dldesign_2_best,1.1,0.26,0.54,nan,nan,nan,0.56,0.76,15.74,7.37,0.91,14.53,14.03
samples_design_33_dldesign_3_best,1.1,0.32,0.67,nan,nan,nan,0.51,0.79,15.01,7.05,0.91,9.83,6.74
samples_design_33_dldesign_4_best,1.01,0.44,0.37,nan,nan,nan,0.5,0.71,16.15,7.54,0.91,19.39,17.15
samples_design_33_dldesign_5_best,1.14,0.38,0.45,nan,nan,nan,0.53,0.78,15.87,7.41,0.91,17.72,15.69
samples_design_33_dldesign_6_best,1.08,0.45,0.55,nan,nan,nan,0.52,0.78,15.77,7.37,0.91,14.91,14.44
samples_design_33_dldesign_7_best,1.17,0.46,0.47,nan,nan,nan,0.55,0.81,16.16,7.56,0.91,20.43,16.42
samples_design_34_dldesign_0_best,0.94,0.96,1.15,nan,nan,nan,0.58,1.01,16.15,7.55,0.91,18.23,15.55
samples_design_34_dldesign_1_best,0.79,1.05,1.26,nan,nan,nan,0.56,1.03,16.04,7.49,0.91,19.98,11.85
samples_design_34_dldesign_2_best,0.96,0.77,1.06,nan,nan,nan,0.58,0.93,12.76,6.09,0.9,8.41,4.96
samples_design_34_dldesign_3_best,0.96,0.75,1.17,nan,nan,nan,0.57,0.96,14.15,6.66,0.9,12.07,13.41
samples_design_34_dldesign_4_best,1.05,0.96,1.07,nan,nan,nan,0.58,1.03,15.96,7.45,0.91,14.29,16.12
samples_design_34_dldesign_5_best,0.84,0.93,1.16,nan,nan,nan,0.55,0.97,15.6,7.29,0.91,19.05,16.66
samples_design_34_dldesign_6_best,0.51,0.75,1.24,nan,nan,nan,0.5,0.85,15.84,7.38,0.91,17.8,14.94
samples_design_34_dldesign_7_best,0.86,0.58,0.98,nan,nan,nan,0.52,0.81,9.57,4.71,0.9,4.92,2.97
samples_design_35_dldesign_0_best,0.9,0.84,1.33,nan,nan,nan,0.58,1.06,16.49,7.73,0.91,19.22,18.5
samples_design_35_dldesign_1_best,0.42,0.5,0.36,nan,nan,nan,0.42,0.43,15.43,7.23,0.92,12.56,13.08
samples_design_35_dldesign_2_best,1.07,1.1,2.17,nan,nan,nan,0.76,1.56,15.96,7.47,0.91,17.84,17.56
samples_design_35_dldesign_3_best,0.86,0.81,2.07,nan,nan,nan,0.7,1.4,11.41,5.52,0.9,12.64,8.29
samples_design_35_dldesign_4_best,0.99,0.92,1.83,nan,nan,nan,0.68,1.33,15.73,7.38,0.91,15.78,15.26
samples_design_35_dldesign_5_best,0.92,0.8,1.45,nan,nan,nan,0.6,1.11,13.06,6.23,0.91,22.42,14.06
samples_design_35_dldesign_6_best,0.81,0.66,1.36,nan,nan,nan,0.56,1.01,13.7,6.52,0.9,14.05,9.06
samples_design_35_dldesign_7_best,0.56,0.22,0.87,nan,nan,nan,0.47,0.62,11.46,5.51,0.91,13.42,8.11
samples_design_36_dldesign_0_best,0.7,0.66,1.07,nan,nan,nan,0.55,0.82,15.86,7.41,0.91,21.18,19.62
samples_design_36_dldesign_1_best,0.65,0.34,0.41,nan,nan,nan,0.47,0.49,10.04,4.9,0.9,12.86,7.33
samples_design_36_dldesign_2_best,0.75,0.5,0.55,nan,nan,nan,0.45,0.61,15.75,7.34,0.92,18.89,18.8
samples_design_36_dldesign_3_best,0.77,0.26,0.43,nan,nan,nan,0.45,0.54,14.3,6.72,0.91,11.52,7.73
samples_design_36_dldesign_4_best,1.06,0.72,2.27,nan,nan,nan,0.76,1.49,15.24,7.12,0.92,11.87,7.9
samples_design_36_dldesign_5_best,0.67,0.53,0.6,nan,nan,nan,0.46,0.61,15.89,7.42,0.91,9.01,10.37
samples_design_36_dldesign_6_best,0.76,0.43,0.41,nan,nan,nan,0.45,0.57,14.55,6.82,0.92,10.17,6.77
samples_design_36_dldesign_7_best,0.49,0.43,0.63,nan,nan,nan,0.48,0.52,15.08,7.06,0.91,9.54,5.98
samples_design_37_dldesign_0_best,1.07,0.4,3.05,nan,nan,nan,0.78,1.75,14.99,7.04,0.91,11.67,12.08
samples_design_37_dldesign_1_best,1.07,0.46,2.87,nan,nan,nan,0.75,1.67,15.34,7.21,0.9,10.06,4.44
samples_design_37_dldesign_2_best,0.96,0.46,2.87,nan,nan,nan,0.75,1.65,15.03,7.06,0.91,9.76,5.09
samples_design_37_dldesign_3_best,1.05,0.28,2.86,nan,nan,nan,0.75,1.65,14.98,7.03,0.91,12.16,5.62
samples_design_37_dldesign_4_best,1.07,0.68,3.08,nan,nan,nan,0.79,1.8,16.78,7.82,0.9,12.28,11.42
samples_design_37_dldesign_5_best,1.02,0.42,2.97,nan,nan,nan,0.77,1.71,15.5,7.27,0.91,11.59,5.1
samples_design_37_dldesign_6_best,1.13,0.41,2.8,nan,nan,nan,0.75,1.65,14.89,7.01,0.9,10.73,5.04
samples_design_37_dldesign_7_best,0.99,0.47,2.98,nan,nan,nan,0.78,1.71,15.34,7.21,0.9,10.94,5.83
samples_design_38_dldesign_0_best,1.01,0.22,1.6,nan,nan,nan,0.62,1.18,16.57,7.83,0.91,7.13,8.94
samples_design_38_dldesign_1_best,0.93,0.44,1.79,nan,nan,nan,0.66,1.28,15.89,7.54,0.9,13.12,8.06
samples_design_38_dldesign_2_best,1.03,0.33,1.71,nan,nan,nan,0.65,1.25,16.68,7.86,0.91,19.67,12.82
samples_design_38_dldesign_3_best,0.93,0.45,0.96,nan,nan,nan,0.5,0.84,16.96,7.99,0.91,21.09,10.88
samples_design_38_dldesign_4_best,0.93,0.49,0.86,nan,nan,nan,0.47,0.8,16.06,7.61,0.9,14.23,11.22
samples_design_38_dldesign_5_best,0.99,0.39,1.65,nan,nan,nan,0.63,1.21,16.24,7.7,0.9,12.83,9.36
samples_design_38_dldesign_6_best,0.97,0.26,1.58,nan,nan,nan,0.61,1.16,16.25,7.68,0.91,8.89,10.07
samples_design_38_dldesign_7_best,0.81,0.42,1.12,nan,nan,nan,0.54,0.88,17.17,8.08,0.91,16.37,9.23
samples_design_39_dldesign_0_best,0.61,0.53,0.9,nan,nan,nan,0.5,0.73,9.47,4.73,0.9,8.16,3.28
samples_design_39_dldesign_1_best,0.6,0.75,1.07,nan,nan,nan,0.51,0.87,15.99,7.57,0.91,21.12,11.96
samples_design_39_dldesign_2_best,0.48,0.66,3.42,nan,nan,nan,1.07,2.29,15.35,7.28,0.91,10.42,10.94
samples_design_39_dldesign_3_best,0.55,0.52,1.02,nan,nan,nan,0.51,0.78,14.9,7.1,0.91,11.21,7.05
samples_design_39_dldesign_4_best,0.59,0.48,1.03,nan,nan,nan,0.51,0.79,10.82,5.32,0.9,11.54,5.13
samples_design_39_dldesign_5_best,0.78,0.62,3.53,nan,nan,nan,1.12,2.39,14.87,7.13,0.9,12.21,14.02
samples_design_39_dldesign_6_best,0.47,0.35,2.03,nan,nan,nan,0.72,1.37,12.73,6.2,0.9,7.9,3.61
samples_design_39_dldesign_7_best,0.66,0.4,0.95,nan,nan,nan,0.49,0.75,13.2,6.4,0.9,10.81,4.91
samples_design_40_dldesign_0_best,0.52,0.28,0.99,nan,nan,nan,0.52,0.73,15.3,7.29,0.91,16.11,9.71
samples_design_40_dldesign_1_best,0.53,0.33,1.03,nan,nan,nan,0.51,0.76,15.44,7.37,0.91,15.91,7.79
samples_design_40_dldesign_2_best,0.66,0.4,3.32,nan,nan,nan,1.08,2.23,11.33,5.59,0.9,25.58,19.11
samples_design_40_dldesign_3_best,0.48,0.4,1.09,nan,nan,nan,0.53,0.79,15.18,7.22,0.91,12.63,8.13
samples_design_40_dldesign_4_best,0.5,0.35,0.92,nan,nan,nan,0.48,0.69,15.57,7.38,0.91,7.67,4.85
samples_design_40_dldesign_5_best,0.84,0.58,3.34,nan,nan,nan,1.07,2.27,15.69,7.5,0.9,13.95,10.51
samples_design_40_dldesign_6_best,0.39,0.44,3.36,nan,nan,nan,1.07,2.24,15.47,7.35,0.91,12.64,10.75
samples_design_40_dldesign_7_best,0.6,0.37,0.85,nan,nan,nan,0.5,0.68,14.41,6.87,0.91,14.33,7.5
samples_design_41_dldesign_0_best,0.88,0.73,0.58,nan,nan,nan,0.52,0.71,15.34,7.34,0.91,20.91,18.18
samples_design_41_dldesign_1_best,0.92,0.84,0.46,nan,nan,nan,0.49,0.7,18.29,8.64,0.91,20.14,22.18
samples_design_41_dldesign_2_best,0.85,0.7,0.58,nan,nan,nan,0.54,0.69,7.56,3.92,0.9,3.6,1.98
samples_design_41_dldesign_3_best,0.98,0.83,0.71,nan,nan,nan,0.58,0.82,12.86,6.25,0.91,23.98,19.07
samples_design_41_dldesign_4_best,0.86,0.6,0.5,nan,nan,nan,0.51,0.64,8.75,4.44,0.9,2.71,1.88
samples_design_41_dldesign_5_best,0.86,0.58,0.49,nan,nan,nan,0.48,0.63,9.57,4.79,0.9,2.54,2.16
samples_design_41_dldesign_6_best,0.91,0.76,0.65,nan,nan,nan,0.54,0.75,14.87,7.12,0.91,24.26,19.52
samples_design_41_dldesign_7_best,0.87,0.66,0.55,nan,nan,nan,0.49,0.68,12.81,6.23,0.91,6.45,5.7
samples_design_42_dldesign_0_best,0.39,0.51,0.3,nan,nan,nan,0.46,0.4,11.3,5.46,0.91,15.59,8.52
samples_design_42_dldesign_1_best,0.48,0.4,0.96,nan,nan,nan,0.49,0.67,12.83,6.13,0.9,16.69,11.06
samples_design_42_dldesign_2_best,0.45,0.49,1.56,nan,nan,nan,0.59,1.0,16.92,7.93,0.91,19.16,14.31
samples_design_42_dldesign_3_best,0.39,0.55,0.55,nan,nan,nan,0.48,0.5,4.69,2.63,0.91,10.16,7.25
samples_design_42_dldesign_4_best,0.46,0.43,1.53,nan,nan,nan,0.58,0.98,18.05,8.4,0.91,17.03,17.29
samples_design_42_dldesign_5_best,1.01,0.59,1.57,nan,nan,nan,0.64,1.15,15.13,7.12,0.91,22.68,14.17
samples_design_42_dldesign_6_best,0.43,0.49,0.69,nan,nan,nan,0.47,0.55,15.71,7.35,0.92,24.51,21.12
samples_design_42_dldesign_7_best,0.46,0.41,0.76,nan,nan,nan,0.48,0.57,5.2,2.86,0.91,11.08,6.95
samples_design_43_dldesign_0_best,0.53,0.97,1.19,nan,nan,nan,0.53,0.9,14.83,6.95,0.91,15.58,10.13
samples_design_43_dldesign_1_best,0.94,0.79,1.22,nan,nan,nan,0.54,0.98,15.07,7.06,0.91,9.19,6.03
samples_design_43_dldesign_2_best,0.86,0.93,1.14,nan,nan,nan,0.53,0.97,15.89,7.4,0.91,6.35,4.03
samples_design_43_dldesign_3_best,0.75,0.81,1.17,nan,nan,nan,0.53,0.9,15.45,7.22,0.91,8.24,4.77
samples_design_43_dldesign_4_best,0.53,0.83,1.16,nan,nan,nan,0.5,0.85,15.01,7.04,0.91,15.86,10.3
samples_design_43_dldesign_5_best,0.78,0.98,1.16,nan,nan,nan,0.53,0.97,14.64,6.87,0.91,5.92,7.54
samples_design_43_dldesign_6_best,0.5,1.04,1.15,nan,nan,nan,0.51,0.91,15.87,7.4,0.91,17.89,11.86
samples_design_43_dldesign_7_best,0.85,0.91,1.21,nan,nan,nan,0.54,0.98,16.36,7.63,0.91,17.59,11.92
samples_design_44_dldesign_0_best,0.72,0.62,2.24,nan,nan,nan,0.78,1.56,11.56,5.63,0.91,2.41,2.02
samples_design_44_dldesign_1_best,0.71,0.36,2.29,nan,nan,nan,0.79,1.57,14.4,6.86,0.91,7.89,4.54
samples_design_44_dldesign_2_best,0.56,0.4,2.22,nan,nan,nan,0.76,1.51,13.91,6.67,0.91,9.4,4.51
samples_design_44_dldesign_3_best,0.7,0.35,2.2,nan,nan,nan,0.77,1.52,14.05,6.72,0.91,6.98,4.28
samples_design_44_dldesign_4_best,0.93,0.39,2.25,nan,nan,nan,0.8,1.58,13.82,6.63,0.91,7.56,4.33
samples_design_44_dldesign_5_best,0.51,0.4,0.88,nan,nan,nan,0.53,0.68,5.35,2.95,0.9,2.0,1.27
samples_design_44_dldesign_6_best,0.81,0.39,2.06,nan,nan,nan,0.75,1.44,12.96,6.29,0.9,7.16,3.21
samples_design_44_dldesign_7_best,0.79,0.46,2.37,nan,nan,nan,0.83,1.64,13.19,6.34,0.91,8.32,4.1
samples_design_45_dldesign_0_best,0.91,0.98,2.24,nan,nan,nan,0.74,1.53,15.45,7.26,0.91,23.54,18.34
samples_design_45_dldesign_1_best,0.9,0.72,1.87,nan,nan,nan,0.66,1.29,15.93,7.47,0.91,24.38,22.78
samples_design_45_dldesign_2_best,0.77,0.3,1.13,nan,nan,nan,0.5,0.82,11.1,5.38,0.9,14.36,8.19
samples_design_45_dldesign_3_best,0.82,0.8,2.18,nan,nan,nan,0.72,1.45,15.59,7.31,0.91,15.03,8.99
samples_design_45_dldesign_4_best,0.94,0.87,2.24,nan,nan,nan,0.74,1.52,15.63,7.34,0.91,23.96,20.71
samples_design_45_dldesign_5_best,0.66,0.45,1.29,nan,nan,nan,0.51,0.89,17.54,8.17,0.91,22.27,17.6
samples_design_45_dldesign_6_best,1.37,0.89,2.1,nan,nan,nan,0.79,1.56,15.65,7.31,0.92,20.51,15.68
samples_design_45_dldesign_7_best,0.67,0.7,1.63,nan,nan,nan,0.59,1.11,15.29,7.21,0.91,20.81,11.33
samples_design_46_dldesign_0_best,0.54,0.5,3.13,nan,nan,nan,1.01,2.1,14.88,7.13,0.9,12.66,8.87
samples_design_46_dldesign_1_best,0.94,0.46,3.12,nan,nan,nan,1.03,2.13,15.43,7.39,0.9,14.64,8.27
samples_design_46_dldesign_2_best,0.88,0.56,1.18,nan,nan,nan,0.63,0.96,15.81,7.51,0.91,11.68,7.02
samples_design_46_dldesign_3_best,0.35,0.48,3.08,nan,nan,nan,0.97,2.06,14.13,6.76,0.91,11.9,10.47
samples_design_46_dldesign_4_best,0.46,0.4,3.2,nan,nan,nan,1.02,2.13,14.64,7.03,0.9,17.21,12.29
samples_design_46_dldesign_5_best,0.43,0.46,3.02,nan,nan,nan,0.97,2.02,14.85,7.07,0.91,10.64,9.35
samples_design_46_dldesign_6_best,0.46,0.36,2.26,nan,nan,nan,0.78,1.53,12.76,6.21,0.9,12.12,5.18
samples_design_46_dldesign_7_best,0.51,0.49,3.25,nan,nan,nan,1.04,2.17,13.9,6.66,0.91,14.82,8.93
samples_design_47_dldesign_0_best,0.36,0.49,1.48,nan,nan,nan,0.56,1.0,16.45,7.74,0.91,14.6,13.86
samples_design_47_dldesign_1_best,0.44,0.51,1.36,nan,nan,nan,0.54,0.95,16.84,7.94,0.91,20.04,15.09
samples_design_47_dldesign_2_best,0.42,0.38,1.37,nan,nan,nan,0.53,0.93,16.35,7.72,0.91,8.21,8.73
samples_design_47_dldesign_3_best,0.38,0.56,1.83,nan,nan,nan,0.64,1.23,17.43,8.2,0.91,17.15,17.02
samples_design_47_dldesign_4_best,0.36,0.42,1.18,nan,nan,nan,0.5,0.81,12.23,5.93,0.9,11.23,6.4
samples_design_47_dldesign_5_best,0.36,0.37,1.2,nan,nan,nan,0.51,0.82,15.65,7.41,0.91,10.85,9.24
samples_design_47_dldesign_6_best,0.39,0.45,1.35,nan,nan,nan,0.52,0.92,16.47,7.77,0.91,20.02,15.45
samples_design_47_dldesign_7_best,0.38,0.48,1.4,nan,nan,nan,0.53,0.96,16.53,7.79,0.91,19.93,14.67
samples_design_48_dldesign_0_best,1.04,0.75,1.19,nan,nan,nan,0.58,1.0,15.49,7.28,0.9,9.59,7.68
samples_design_48_dldesign_1_best,1.02,0.74,2.22,nan,nan,nan,0.73,1.4,16.18,7.55,0.9,22.9,20.69
samples_design_48_dldesign_2_best,0.9,0.93,1.25,nan,nan,nan,0.56,1.02,16.63,7.78,0.9,17.28,12.2
samples_design_48_dldesign_3_best,0.97,0.84,1.38,nan,nan,nan,0.6,1.06,15.97,7.49,0.9,10.18,7.14
samples_design_48_dldesign_4_best,1.05,0.83,2.65,nan,nan,nan,0.77,1.61,16.92,7.9,0.9,15.9,13.78
samples_design_48_dldesign_5_best,0.88,1.04,2.02,nan,nan,nan,0.65,1.34,17.01,7.95,0.9,19.97,18.05
samples_design_48_dldesign_6_best,0.96,0.78,1.21,nan,nan,nan,0.58,0.98,15.7,7.37,0.9,9.94,7.3
samples_design_48_dldesign_7_best,1.02,0.97,2.79,nan,nan,nan,0.8,1.7,16.22,7.59,0.9,23.85,20.45
samples_design_49_dldesign_0_best,0.84,0.65,2.15,nan,nan,nan,0.71,1.41,15.94,7.47,0.91,22.72,15.44
samples_design_49_dldesign_1_best,0.82,0.41,2.2,nan,nan,nan,0.71,1.41,15.59,7.32,0.91,19.19,12.98
samples_design_49_dldesign_2_best,0.35,0.3,0.32,nan,nan,nan,0.38,0.33,14.56,6.85,0.92,16.01,9.85
samples_design_49_dldesign_3_best,0.83,0.49,1.33,nan,nan,nan,0.54,0.97,16.47,7.7,0.91,27.79,20.97
samples_design_49_dldesign_4_best,0.36,0.44,0.29,nan,nan,nan,0.4,0.36,15.32,7.18,0.92,19.36,16.14
samples_design_49_dldesign_5_best,0.66,0.29,2.07,nan,nan,nan,0.66,1.3,15.72,7.39,0.91,15.84,13.51
samples_design_49_dldesign_6_best,0.6,0.27,2.0,nan,nan,nan,0.64,1.24,16.03,7.51,0.91,15.02,12.91
samples_design_49_dldesign_7_best,0.91,0.54,1.87,nan,nan,nan,0.65,1.27,15.33,7.21,0.91,10.57,13.35
samples_design_0_dldesign_0_best,0.5,0.66,1.62,nan,nan,nan,0.68,1.2,18.51,8.79,0.9,17.35,12.07
samples_design_0_dldesign_1_best,0.54,0.58,2.08,nan,nan,nan,0.78,1.49,16.81,8.03,0.9,10.47,5.89
samples_design_0_dldesign_2_best,0.63,0.65,1.88,nan,nan,nan,0.73,1.38,15.93,7.65,0.9,9.51,7.98
samples_design_0_dldesign_3_best,0.48,0.76,3.4,nan,nan,nan,1.16,2.4,15.96,7.64,0.9,10.03,8.55
samples_design_0_dldesign_4_best,0.89,0.72,3.04,nan,nan,nan,1.06,2.19,15.4,7.46,0.89,9.69,6.39
samples_design_0_dldesign_5_best,0.57,0.87,2.18,nan,nan,nan,0.81,1.59,18.36,8.68,0.9,14.06,10.65
samples_design_0_dldesign_6_best,0.49,0.51,2.34,nan,nan,nan,0.85,1.66,16.05,7.69,0.9,11.78,8.21
samples_design_0_dldesign_7_best,0.6,0.59,2.02,nan,nan,nan,0.77,1.46,16.57,7.91,0.91,21.19,19.06
samples_design_1_dldesign_0_best,0.5,0.8,0.67,nan,nan,nan,0.49,0.66,13.52,6.49,0.91,11.39,5.42
samples_design_1_dldesign_1_best,0.58,0.84,0.92,nan,nan,nan,0.53,0.81,14.99,7.13,0.91,25.56,17.2
samples_design_1_dldesign_2_best,0.46,0.8,0.99,nan,nan,nan,0.51,0.81,17.63,8.29,0.91,10.83,11.77
samples_design_1_dldesign_3_best,0.49,0.76,0.61,nan,nan,nan,0.47,0.62,13.11,6.32,0.91,8.78,4.45
samples_design_1_dldesign_4_best,0.58,0.74,0.75,nan,nan,nan,0.5,0.7,14.59,6.95,0.91,9.9,5.69
samples_design_1_dldesign_5_best,0.6,0.81,0.78,nan,nan,nan,0.51,0.74,14.0,6.72,0.9,8.44,4.05
samples_design_1_dldesign_6_best,0.51,1.05,0.77,nan,nan,nan,0.52,0.79,16.11,7.62,0.91,20.35,14.84
samples_design_1_dldesign_7_best,0.5,0.82,0.65,nan,nan,nan,0.49,0.66,12.74,6.14,0.91,8.31,4.03
samples_design_2_dldesign_0_best,0.43,0.5,0.49,nan,nan,nan,0.42,0.47,15.87,7.44,0.91,20.53,13.77
samples_design_2_dldesign_1_best,0.52,0.43,0.62,nan,nan,nan,0.45,0.54,10.55,5.14,0.91,11.19,6.48
samples_design_2_dldesign_2_best,0.55,0.4,0.67,nan,nan,nan,0.46,0.56,12.86,6.12,0.91,10.46,6.53
samples_design_2_dldesign_3_best,0.5,0.64,2.96,nan,nan,nan,0.84,1.81,15.61,7.37,0.91,18.8,14.27
samples_design_2_dldesign_4_best,0.47,0.44,0.57,nan,nan,nan,0.44,0.5,11.89,5.7,0.91,13.12,7.94
samples_design_2_dldesign_5_best,0.49,0.37,0.63,nan,nan,nan,0.45,0.51,13.97,6.61,0.91,10.69,7.03
samples_design_2_dldesign_6_best,0.45,0.59,0.41,nan,nan,nan,0.43,0.48,15.92,7.45,0.92,16.86,20.6
samples_design_2_dldesign_7_best,0.76,0.99,2.08,nan,nan,nan,0.71,1.42,15.99,7.5,0.91,16.26,15.86
samples_design_3_dldesign_0_best,0.81,0.68,5.39,nan,nan,nan,1.75,3.77,13.73,6.62,0.91,14.88,17.04
samples_design_3_dldesign_1_best,0.98,0.62,2.24,nan,nan,nan,0.83,1.66,16.09,7.7,0.91,26.12,21.02
samples_design_3_dldesign_2_best,1.39,0.22,3.78,nan,nan,nan,1.29,2.72,15.68,7.51,0.91,16.56,17.79
samples_design_3_dldesign_3_best,0.61,0.78,3.66,nan,nan,nan,1.22,2.58,14.06,6.76,0.91,15.58,17.58
samples_design_3_dldesign_4_best,1.34,0.51,1.94,nan,nan,nan,0.79,1.54,16.0,7.7,0.9,23.19,21.21
samples_design_3_dldesign_5_best,1.34,0.39,2.67,nan,nan,nan,0.97,1.99,14.68,7.06,0.91,16.25,18.2
samples_design_3_dldesign_6_best,0.77,0.42,2.53,nan,nan,nan,0.89,1.81,15.25,7.34,0.91,16.68,18.61
samples_design_3_dldesign_7_best,0.75,0.56,2.48,nan,nan,nan,0.9,1.79,15.24,7.29,0.91,17.85,19.72
samples_design_4_dldesign_0_best,0.57,0.56,2.67,nan,nan,nan,0.91,1.85,15.53,7.41,0.91,20.93,14.91
samples_design_4_dldesign_1_best,0.52,0.35,1.82,nan,nan,nan,0.68,1.28,16.48,7.85,0.9,9.76,8.59
samples_design_4_dldesign_2_best,0.48,0.41,3.0,nan,nan,nan,0.99,2.06,15.79,7.55,0.91,22.37,16.36
samples_design_4_dldesign_3_best,0.77,0.48,2.78,nan,nan,nan,0.95,1.94,15.26,7.28,0.91,14.62,9.59
samples_design_4_dldesign_4_best,0.53,0.37,2.58,nan,nan,nan,0.88,1.78,15.7,7.49,0.91,12.23,9.63
samples_design_4_dldesign_5_best,0.45,0.49,2.14,nan,nan,nan,0.76,1.49,16.28,7.75,0.91,14.38,7.3
samples_design_4_dldesign_6_best,0.3,0.48,2.95,nan,nan,nan,0.97,2.02,15.15,7.2,0.92,22.35,13.31
samples_design_4_dldesign_7_best,0.3,0.47,2.41,nan,nan,nan,0.82,1.66,15.42,7.35,0.92,16.09,17.71
samples_design_5_dldesign_0_best,0.49,0.63,1.79,nan,nan,nan,0.68,1.28,14.16,6.88,0.9,10.34,5.38
samples_design_5_dldesign_1_best,0.61,0.77,3.01,nan,nan,nan,1.01,2.1,14.3,6.92,0.9,10.94,9.91
samples_design_5_dldesign_2_best,0.53,0.69,4.13,nan,nan,nan,1.33,2.83,15.59,7.46,0.9,9.47,4.39
samples_design_5_dldesign_3_best,0.64,0.48,1.7,nan,nan,nan,0.67,1.22,14.42,7.02,0.89,13.67,7.71
samples_design_5_dldesign_4_best,0.45,0.85,3.93,nan,nan,nan,1.27,2.7,14.3,6.92,0.9,13.73,10.52
samples_design_5_dldesign_5_best,0.49,0.79,2.35,nan,nan,nan,0.84,1.66,14.01,6.8,0.9,15.75,10.35
samples_design_5_dldesign_6_best,0.39,0.88,3.9,nan,nan,nan,1.26,2.68,14.71,7.09,0.9,14.51,9.68
samples_design_5_dldesign_7_best,0.77,0.8,3.43,nan,nan,nan,1.14,2.39,13.85,6.75,0.89,12.18,10.39
samples_design_6_dldesign_0_best,0.83,0.68,3.63,nan,nan,nan,1.2,2.52,16.1,7.72,0.9,24.28,17.02
samples_design_6_dldesign_1_best,0.67,0.66,2.3,nan,nan,nan,0.83,1.64,15.48,7.45,0.89,9.03,3.65
samples_design_6_dldesign_2_best,0.55,0.6,4.27,nan,nan,nan,1.37,2.92,14.73,7.11,0.9,18.14,15.21
samples_design_6_dldesign_3_best,0.76,0.53,3.58,nan,nan,nan,1.18,2.47,15.07,7.24,0.9,8.13,3.68
samples_design_6_dldesign_4_best,0.67,0.6,4.06,nan,nan,nan,1.31,2.79,14.78,7.09,0.9,3.65,3.77
samples_design_6_dldesign_5_best,0.83,0.67,4.01,nan,nan,nan,1.3,2.77,13.86,6.68,0.9,2.29,2.62
samples_design_6_dldesign_6_best,0.9,0.55,3.46,nan,nan,nan,1.18,2.4,11.8,5.86,0.89,24.65,16.59
samples_design_6_dldesign_7_best,0.76,0.56,1.67,nan,nan,nan,0.68,1.24,14.11,6.87,0.89,9.38,3.93
samples_design_7_dldesign_0_best,1.05,0.52,1.5,nan,nan,nan,0.7,1.16,14.27,6.86,0.9,9.69,3.89
samples_design_7_dldesign_1_best,0.9,0.52,1.46,nan,nan,nan,0.64,1.1,14.85,7.12,0.9,9.75,4.57
samples_design_7_dldesign_2_best,1.0,0.55,2.47,nan,nan,nan,0.83,1.7,18.75,8.87,0.89,14.77,13.8
samples_design_7_dldesign_3_best,1.02,0.63,2.49,nan,nan,nan,0.84,1.72,17.61,8.35,0.9,21.06,11.46
samples_design_7_dldesign_4_best,0.74,0.66,1.54,nan,nan,nan,0.65,1.13,14.32,6.87,0.9,12.05,6.63
samples_design_7_dldesign_5_best,0.89,0.54,2.34,nan,nan,nan,0.82,1.6,12.27,5.99,0.89,10.7,4.56
samples_design_7_dldesign_6_best,0.65,0.51,1.4,nan,nan,nan,0.59,1.01,16.99,8.04,0.9,22.56,16.65
samples_design_7_dldesign_7_best,0.52,0.98,1.77,nan,nan,nan,0.69,1.27,10.44,5.2,0.89,2.21,1.57
samples_design_8_dldesign_0_best,0.97,0.9,1.92,nan,nan,nan,0.69,1.33,16.06,7.52,0.91,12.27,8.81
samples_design_8_dldesign_1_best,0.84,0.77,5.21,nan,nan,nan,1.3,3.01,17.36,8.12,0.9,8.24,5.29
samples_design_8_dldesign_2_best,0.8,0.82,0.76,nan,nan,nan,0.55,0.8,16.23,7.58,0.91,16.65,16.58
samples_design_8_dldesign_3_best,0.57,0.79,0.99,nan,nan,nan,0.47,0.79,18.35,8.53,0.9,11.29,7.62
samples_design_8_dldesign_4_best,0.89,0.7,0.78,nan,nan,nan,0.57,0.8,14.79,6.95,0.91,11.59,7.52
samples_design_8_dldesign_5_best,0.44,0.71,0.93,nan,nan,nan,0.52,0.71,12.75,6.05,0.91,12.46,7.63
samples_design_8_dldesign_6_best,0.91,0.93,1.42,nan,nan,nan,0.61,1.1,17.28,8.1,0.9,19.23,13.26
samples_design_8_dldesign_7_best,0.43,0.93,1.58,nan,nan,nan,0.59,1.06,17.02,7.94,0.91,11.36,11.68
samples_design_9_dldesign_0_best,0.69,0.93,1.5,nan,nan,nan,0.59,1.14,16.09,7.58,0.91,20.27,11.18
samples_design_9_dldesign_1_best,0.89,0.75,1.37,nan,nan,nan,0.61,1.08,14.63,6.96,0.91,7.1,4.45
samples_design_9_dldesign_2_best,0.57,0.97,1.2,nan,nan,nan,0.54,0.97,16.3,7.68,0.91,27.49,13.73
samples_design_9_dldesign_3_best,0.76,0.81,2.09,nan,nan,nan,0.72,1.46,15.68,7.42,0.91,9.09,6.63
samples_design_9_dldesign_4_best,0.61,0.86,1.76,nan,nan,nan,0.65,1.26,16.17,7.62,0.91,11.64,14.14
samples_design_9_dldesign_5_best,0.8,0.75,1.41,nan,nan,nan,0.61,1.08,15.03,7.13,0.91,9.03,5.99
samples_design_9_dldesign_6_best,0.58,1.01,1.48,nan,nan,nan,0.59,1.13,15.89,7.5,0.91,24.34,12.57
samples_design_9_dldesign_7_best,0.79,0.95,1.45,nan,nan,nan,0.6,1.14,16.16,7.61,0.92,22.8,13.35
samples_design_10_dldesign_0_best,0.62,0.97,3.42,nan,nan,nan,1.21,2.48,16.38,7.84,0.9,22.02,19.17
samples_design_10_dldesign_1_best,0.76,0.84,3.59,nan,nan,nan,1.26,2.6,12.7,6.19,0.91,24.23,19.95
samples_design_10_dldesign_2_best,0.74,0.9,3.39,nan,nan,nan,1.21,2.46,15.27,7.34,0.9,22.52,19.31
samples_design_10_dldesign_3_best,0.66,1.22,3.29,nan,nan,nan,1.17,2.42,16.38,7.85,0.9,18.95,15.38
samples_design_10_dldesign_4_best,0.67,1.03,3.22,nan,nan,nan,1.16,2.36,14.84,7.16,0.9,11.77,11.24
samples_design_10_dldesign_5_best,0.55,1.17,3.54,nan,nan,nan,1.24,2.58,13.27,6.44,0.9,18.69,16.98
samples_design_10_dldesign_6_best,0.54,1.0,3.38,nan,nan,nan,1.2,2.45,14.82,7.15,0.9,12.85,12.8
samples_design_10_dldesign_7_best,0.61,1.25,3.33,nan,nan,nan,1.18,2.45,15.43,7.43,0.9,20.3,18.2
samples_design_11_dldesign_0_best,0.95,0.91,2.28,nan,nan,nan,0.74,1.54,15.35,7.22,0.91,8.56,8.44
samples_design_11_dldesign_1_best,0.79,0.46,0.66,nan,nan,nan,0.44,0.66,15.46,7.24,0.92,21.88,15.26
samples_design_11_dldesign_2_best,0.71,0.35,0.35,nan,nan,nan,0.42,0.5,15.86,7.42,0.92,15.04,15.37
samples_design_11_dldesign_3_best,0.56,0.66,0.79,nan,nan,nan,0.45,0.68,16.56,7.71,0.92,13.36,9.62
samples_design_11_dldesign_4_best,0.77,0.45,0.62,nan,nan,nan,0.44,0.63,15.06,7.06,0.92,14.66,9.61
samples_design_11_dldesign_5_best,0.76,0.45,0.72,nan,nan,nan,0.45,0.67,16.82,7.87,0.91,43.13,25.46
samples_design_11_dldesign_6_best,0.74,0.47,0.42,nan,nan,nan,0.41,0.57,15.87,7.44,0.92,28.48,31.72
samples_design_11_dldesign_7_best,0.56,0.61,0.39,nan,nan,nan,0.4,0.53,16.15,7.56,0.91,13.91,11.04
samples_design_12_dldesign_0_best,0.77,1.03,1.95,nan,nan,nan,0.63,1.28,16.32,7.65,0.9,11.4,7.93
samples_design_12_dldesign_1_best,0.94,0.99,1.29,nan,nan,nan,0.64,1.06,14.39,6.8,0.91,8.28,4.69
samples_design_12_dldesign_2_best,0.7,1.05,2.34,nan,nan,nan,0.67,1.44,15.8,7.42,0.9,7.23,5.28
samples_design_12_dldesign_3_best,0.91,1.07,1.28,nan,nan,nan,0.61,1.08,15.64,7.34,0.9,13.67,14.72
samples_design_12_dldesign_4_best,0.88,1.04,2.35,nan,nan,nan,0.72,1.48,15.78,7.42,0.9,11.63,10.37
samples_design_12_dldesign_5_best,0.78,1.05,2.25,nan,nan,nan,0.67,1.42,16.61,7.76,0.91,19.98,19.62
samples_design_12_dldesign_6_best,0.93,0.82,1.65,nan,nan,nan,0.62,1.15,14.32,6.78,0.9,11.66,6.59
samples_design_12_dldesign_7_best,0.86,0.91,1.38,nan,nan,nan,0.56,1.04,16.91,7.91,0.9,20.5,17.05
samples_design_13_dldesign_0_best,0.85,0.51,4.26,nan,nan,nan,1.42,3.0,13.54,6.55,0.91,4.46,5.45
samples_design_13_dldesign_1_best,0.89,0.47,4.01,nan,nan,nan,1.35,2.82,13.24,6.44,0.9,4.25,2.88
samples_design_13_dldesign_2_best,0.76,0.45,4.21,nan,nan,nan,1.4,2.95,14.56,7.0,0.91,4.05,3.7
samples_design_13_dldesign_3_best,0.74,0.41,4.03,nan,nan,nan,1.34,2.83,13.12,6.37,0.91,2.37,3.25
samples_design_13_dldesign_4_best,0.74,0.45,4.16,nan,nan,nan,1.39,2.92,12.99,6.29,0.91,2.49,3.67
samples_design_13_dldesign_5_best,0.75,0.47,3.24,nan,nan,nan,1.12,2.29,15.04,7.24,0.9,6.1,3.85
samples_design_13_dldesign_6_best,0.65,0.49,4.38,nan,nan,nan,1.44,3.07,15.66,7.46,0.91,9.2,5.38
samples_design_13_dldesign_7_best,0.64,0.47,4.09,nan,nan,nan,1.37,2.87,14.4,6.91,0.91,3.58,3.39
samples_design_14_dldesign_0_best,2.98,1.15,1.7,nan,nan,nan,0.99,2.15,15.39,7.22,0.91,8.47,11.41
samples_design_14_dldesign_1_best,0.92,0.75,1.2,nan,nan,nan,0.54,0.97,15.82,7.4,0.91,18.48,20.22
samples_design_14_dldesign_2_best,0.79,0.82,0.68,nan,nan,nan,0.47,0.77,14.48,6.81,0.91,9.91,7.07
samples_design_14_dldesign_3_best,0.89,0.78,0.96,nan,nan,nan,0.49,0.88,15.97,7.48,0.91,24.46,18.18
samples_design_14_dldesign_4_best,0.71,0.94,0.7,nan,nan,nan,0.49,0.78,11.64,5.6,0.9,8.12,5.02
samples_design_14_dldesign_5_best,0.74,0.9,0.85,nan,nan,nan,0.46,0.83,15.84,7.42,0.91,26.77,22.64
samples_design_14_dldesign_6_best,0.74,0.93,0.92,nan,nan,nan,0.48,0.86,16.67,7.76,0.91,23.74,23.33
samples_design_14_dldesign_7_best,0.75,0.87,0.94,nan,nan,nan,0.48,0.85,16.54,7.71,0.91,30.01,21.54
samples_design_15_dldesign_0_best,0.42,1.03,0.87,nan,nan,nan,0.55,0.79,16.46,7.63,0.92,18.42,19.85
samples_design_15_dldesign_1_best,0.47,0.9,0.66,nan,nan,nan,0.51,0.69,15.69,7.3,0.92,14.37,9.61
samples_design_15_dldesign_2_best,0.49,1.03,0.99,nan,nan,nan,0.54,0.85,15.21,7.13,0.91,15.59,10.06
samples_design_15_dldesign_3_best,0.45,0.99,0.79,nan,nan,nan,0.53,0.76,15.41,7.16,0.92,14.0,11.04
samples_design_15_dldesign_4_best,0.46,0.79,0.83,nan,nan,nan,0.53,0.69,15.51,7.21,0.92,16.81,15.24
samples_design_15_dldesign_5_best,0.47,1.05,0.8,nan,nan,nan,0.56,0.79,15.94,7.39,0.91,14.61,10.99
samples_design_15_dldesign_6_best,0.5,0.99,0.68,nan,nan,nan,0.51,0.74,14.95,6.96,0.91,17.16,14.38
samples_design_15_dldesign_7_best,0.69,0.64,0.52,nan,nan,nan,0.54,0.63,14.27,6.73,0.9,8.15,4.49
samples_design_16_dldesign_0_best,0.89,0.84,1.92,nan,nan,nan,0.72,1.37,15.64,7.37,0.91,25.28,16.88
samples_design_16_dldesign_1_best,0.98,0.75,1.61,nan,nan,nan,0.65,1.21,16.3,7.65,0.91,17.24,12.52
samples_design_16_dldesign_2_best,1.1,0.83,2.05,nan,nan,nan,0.75,1.49,15.02,7.09,0.91,25.86,16.76
samples_design_16_dldesign_3_best,0.99,0.75,2.09,nan,nan,nan,0.74,1.47,14.99,7.11,0.91,21.82,14.63
samples_design_16_dldesign_4_best,0.99,0.79,1.53,nan,nan,nan,0.67,1.18,14.13,6.73,0.91,11.63,5.85
samples_design_16_dldesign_5_best,0.87,0.81,1.59,nan,nan,nan,0.67,1.19,12.37,5.96,0.9,9.49,6.08
samples_design_16_dldesign_6_best,0.89,0.8,1.44,nan,nan,nan,0.59,1.11,18.04,8.43,0.9,22.57,17.99
samples_design_16_dldesign_7_best,1.0,0.73,1.78,nan,nan,nan,0.73,1.3,13.31,6.38,0.91,12.96,6.64
samples_design_17_dldesign_0_best,0.7,1.06,1.18,nan,nan,nan,0.55,0.98,15.65,7.33,0.91,17.51,19.31
samples_design_17_dldesign_1_best,0.61,1.02,1.25,nan,nan,nan,0.55,0.96,16.38,7.64,0.91,14.69,12.67
samples_design_17_dldesign_2_best,0.64,0.98,1.16,nan,nan,nan,0.54,0.92,16.02,7.48,0.91,12.31,13.86
samples_design_17_dldesign_3_best,0.78,1.06,1.3,nan,nan,nan,0.57,1.04,16.13,7.54,0.91,10.07,9.43
samples_design_17_dldesign_4_best,0.49,0.85,1.34,nan,nan,nan,0.53,0.92,13.41,6.34,0.9,8.43,5.06
samples_design_17_dldesign_5_best,0.41,0.9,1.3,nan,nan,nan,0.52,0.9,13.8,6.53,0.9,7.8,4.62
samples_design_17_dldesign_6_best,0.94,0.91,1.23,nan,nan,nan,0.58,1.02,16.1,7.52,0.91,16.65,12.0
samples_design_17_dldesign_7_best,0.75,0.96,1.35,nan,nan,nan,0.55,1.02,16.65,7.75,0.9,24.41,20.74
samples_design_18_dldesign_0_best,0.41,0.58,0.4,nan,nan,nan,0.43,0.47,14.17,6.67,0.91,11.6,7.79
samples_design_18_dldesign_1_best,0.39,0.55,0.36,nan,nan,nan,0.43,0.44,14.37,6.76,0.91,11.73,7.94
samples_design_18_dldesign_2_best,0.49,0.68,0.53,nan,nan,nan,0.42,0.57,15.78,7.38,0.91,8.49,8.68
samples_design_18_dldesign_3_best,0.43,0.67,0.34,nan,nan,nan,0.44,0.5,13.99,6.59,0.92,12.44,7.63
samples_design_18_dldesign_4_best,0.78,0.78,0.39,nan,nan,nan,0.47,0.68,16.13,7.56,0.91,19.58,14.78
samples_design_18_dldesign_5_best,0.38,0.55,0.37,nan,nan,nan,0.43,0.44,14.5,6.82,0.91,11.7,7.69
samples_design_18_dldesign_6_best,0.38,0.75,0.38,nan,nan,nan,0.44,0.53,15.61,7.31,0.91,18.65,14.07
samples_design_18_dldesign_7_best,0.39,0.56,0.31,nan,nan,nan,0.42,0.43,13.81,6.51,0.91,11.35,7.41
samples_design_19_dldesign_0_best,0.94,0.59,1.59,nan,nan,nan,0.64,1.17,16.85,7.96,0.9,9.7,11.08
samples_design_19_dldesign_1_best,0.52,0.63,2.44,nan,nan,nan,0.77,1.57,14.25,6.75,0.91,18.4,14.4
samples_design_19_dldesign_2_best,1.03,0.47,3.18,nan,nan,nan,0.98,2.07,13.47,6.47,0.9,20.56,15.11
samples_design_19_dldesign_3_best,1.21,0.38,1.39,nan,nan,nan,0.66,1.12,5.59,3.06,0.9,4.7,4.98
samples_design_19_dldesign_4_best,1.1,0.47,2.58,nan,nan,nan,0.83,1.73,10.93,5.34,0.9,19.61,15.61
samples_design_19_dldesign_5_best,1.02,0.59,3.45,nan,nan,nan,1.03,2.23,13.42,6.48,0.89,18.21,15.85
samples_design_19_dldesign_6_best,1.26,0.45,1.6,nan,nan,nan,0.74,1.25,7.01,3.68,0.89,5.24,5.68
samples_design_19_dldesign_7_best,1.03,0.29,2.11,nan,nan,nan,0.75,1.44,13.85,6.58,0.91,10.67,8.66
samples_design_20_dldesign_0_best,0.65,0.68,1.06,nan,nan,nan,0.52,0.81,14.7,6.94,0.91,11.63,7.52
samples_design_20_dldesign_1_best,0.83,0.85,1.62,nan,nan,nan,0.63,1.15,15.76,7.39,0.91,12.67,10.15
samples_design_20_dldesign_2_best,0.83,0.6,1.32,nan,nan,nan,0.56,0.96,15.21,7.17,0.91,7.98,5.54
samples_design_20_dldesign_3_best,0.45,0.6,0.92,nan,nan,nan,0.42,0.68,15.67,7.34,0.91,21.89,18.74
samples_design_20_dldesign_4_best,0.73,0.64,1.97,nan,nan,nan,0.64,1.25,16.04,7.52,0.91,16.58,10.3
samples_design_20_dldesign_5_best,0.6,0.78,1.86,nan,nan,nan,0.61,1.19,16.79,7.84,0.91,23.21,22.24
samples_design_20_dldesign_6_best,0.55,0.88,1.1,nan,nan,nan,0.48,0.86,16.4,7.67,0.91,16.38,18.33
samples_design_20_dldesign_7_best,0.77,0.51,1.18,nan,nan,nan,0.55,0.86,14.08,6.68,0.9,10.36,6.33
samples_design_21_dldesign_0_best,0.8,0.53,4.08,nan,nan,nan,1.27,2.74,15.86,7.56,0.9,19.72,14.15
samples_design_21_dldesign_1_best,0.53,0.42,4.04,nan,nan,nan,1.24,2.69,15.22,7.3,0.9,17.37,13.46
samples_design_21_dldesign_2_best,0.98,0.59,2.74,nan,nan,nan,0.93,1.91,14.62,7.02,0.9,13.44,10.05
samples_design_21_dldesign_3_best,0.52,0.37,2.91,nan,nan,nan,0.93,1.95,11.43,5.65,0.89,25.91,19.32
samples_design_21_dldesign_4_best,0.94,0.55,4.25,nan,nan,nan,1.33,2.86,14.9,7.11,0.91,16.77,13.56
samples_design_21_dldesign_5_best,0.87,0.57,4.3,nan,nan,nan,1.34,2.89,14.67,7.0,0.91,17.32,14.04
samples_design_21_dldesign_6_best,0.48,0.4,3.43,nan,nan,nan,1.09,2.28,14.65,7.03,0.9,15.22,15.79
samples_design_21_dldesign_7_best,0.99,0.58,3.96,nan,nan,nan,1.25,2.68,14.88,7.12,0.91,9.3,10.91
samples_design_22_dldesign_0_best,0.88,0.9,1.26,nan,nan,nan,0.62,1.06,17.62,8.3,0.9,24.3,16.75
samples_design_22_dldesign_1_best,0.8,0.72,2.13,nan,nan,nan,0.78,1.48,12.6,6.11,0.9,11.25,5.55
samples_design_22_dldesign_2_best,0.85,0.78,2.47,nan,nan,nan,0.86,1.7,12.39,6.04,0.89,13.14,6.72
samples_design_22_dldesign_3_best,0.79,0.83,1.04,nan,nan,nan,0.56,0.91,13.9,6.65,0.9,27.57,15.44
samples_design_22_dldesign_4_best,0.84,0.75,2.4,nan,nan,nan,0.84,1.65,14.67,7.05,0.9,11.36,6.06
samples_design_22_dldesign_5_best,0.8,0.77,2.15,nan,nan,nan,0.8,1.5,12.54,6.08,0.9,12.04,5.74
samples_design_22_dldesign_6_best,0.8,0.71,2.44,nan,nan,nan,0.84,1.67,11.34,5.57,0.89,12.25,6.45
samples_design_22_dldesign_7_best,0.77,0.8,0.74,nan,nan,nan,0.51,0.76,13.56,6.52,0.9,4.37,2.93
samples_design_23_dldesign_0_best,0.62,0.68,4.55,nan,nan,nan,1.51,3.18,13.09,6.32,0.91,4.78,4.28
samples_design_23_dldesign_1_best,0.8,0.94,4.61,nan,nan,nan,1.55,3.25,13.86,6.67,0.91,4.64,3.41
samples_design_23_dldesign_2_best,0.94,0.96,4.67,nan,nan,nan,1.56,3.31,15.33,7.31,0.92,6.94,7.85
samples_design_23_dldesign_3_best,0.63,0.73,4.12,nan,nan,nan,1.39,2.9,10.53,5.24,0.9,7.62,3.53
samples_design_23_dldesign_4_best,0.84,0.57,3.24,nan,nan,nan,1.12,2.31,8.77,4.46,0.9,4.83,2.46
samples_design_23_dldesign_5_best,1.25,0.88,4.12,nan,nan,nan,1.42,2.97,9.92,4.96,0.9,5.93,3.56
samples_design_23_dldesign_6_best,1.0,0.76,3.84,nan,nan,nan,1.31,2.73,13.11,6.36,0.9,6.49,3.12
samples_design_23_dldesign_7_best,0.72,0.86,3.89,nan,nan,nan,1.32,2.75,9.77,4.89,0.9,5.55,3.96
samples_design_24_dldesign_0_best,0.63,0.9,1.08,nan,nan,nan,0.57,0.9,12.9,6.22,0.9,9.72,4.8
samples_design_24_dldesign_1_best,0.63,0.73,0.79,nan,nan,nan,0.52,0.72,13.07,6.27,0.91,10.53,5.3
samples_design_24_dldesign_2_best,0.88,1.09,1.06,nan,nan,nan,0.62,1.01,13.16,6.29,0.91,25.94,15.84
samples_design_24_dldesign_3_best,0.71,0.84,1.02,nan,nan,nan,0.58,0.87,11.27,5.48,0.9,25.9,16.11
samples_design_24_dldesign_4_best,0.78,0.84,1.01,nan,nan,nan,0.57,0.89,13.15,6.31,0.9,9.11,5.19
samples_design_24_dldesign_5_best,0.54,1.18,1.05,nan,nan,nan,0.57,0.96,15.04,7.13,0.91,22.56,11.0
samples_design_24_dldesign_6_best,0.57,0.94,1.08,nan,nan,nan,0.57,0.89,15.62,7.38,0.91,10.57,8.44
samples_design_24_dldesign_7_best,0.78,0.79,1.15,nan,nan,nan,0.59,0.94,11.96,5.79,0.9,4.93,4.82
samples_design_25_dldesign_0_best,1.16,0.72,0.57,nan,nan,nan,0.53,0.82,9.68,4.84,0.9,1.75,1.48
samples_design_25_dldesign_1_best,0.81,0.6,0.69,nan,nan,nan,0.49,0.7,15.53,7.38,0.91,20.59,19.69
samples_design_25_dldesign_2_best,1.01,0.61,0.63,nan,nan,nan,0.51,0.75,9.08,4.57,0.9,2.14,1.68
samples_design_25_dldesign_3_best,0.72,0.9,0.73,nan,nan,nan,0.52,0.77,16.39,7.75,0.92,19.3,20.4
samples_design_25_dldesign_4_best,0.91,0.62,0.57,nan,nan,nan,0.49,0.7,11.44,5.59,0.9,1.72,1.22
samples_design_25_dldesign_5_best,0.94,0.62,0.75,nan,nan,nan,0.53,0.78,13.72,6.59,0.91,2.16,1.57
samples_design_25_dldesign_6_best,0.9,0.56,0.58,nan,nan,nan,0.52,0.69,10.26,5.08,0.9,1.97,1.65
samples_design_25_dldesign_7_best,0.81,0.96,0.71,nan,nan,nan,0.52,0.81,17.54,8.28,0.9,20.27,16.91
samples_design_26_dldesign_0_best,0.96,0.85,1.72,nan,nan,nan,0.7,1.28,15.9,7.51,0.91,25.5,18.37
samples_design_26_dldesign_1_best,0.5,0.9,1.87,nan,nan,nan,0.67,1.28,16.21,7.62,0.91,16.07,14.07
samples_design_26_dldesign_2_best,0.52,0.74,1.58,nan,nan,nan,0.61,1.1,16.64,7.81,0.91,13.53,14.41
samples_design_26_dldesign_3_best,0.78,0.85,1.33,nan,nan,nan,0.59,1.04,15.86,7.48,0.91,14.59,11.63
samples_design_26_dldesign_4_best,0.74,0.99,1.56,nan,nan,nan,0.64,1.18,16.09,7.57,0.91,22.71,21.16
samples_design_26_dldesign_5_best,0.74,0.84,1.27,nan,nan,nan,0.57,1.0,17.09,8.02,0.91,9.88,9.43
samples_design_26_dldesign_6_best,0.8,0.85,2.24,nan,nan,nan,0.76,1.53,15.3,7.23,0.91,7.65,8.89
samples_design_26_dldesign_7_best,0.94,0.93,1.97,nan,nan,nan,0.72,1.42,16.93,7.94,0.91,5.11,5.3
samples_design_27_dldesign_0_best,0.6,2.2,3.95,nan,nan,nan,1.43,3.0,17.93,8.52,0.9,8.18,8.9
samples_design_27_dldesign_1_best,0.48,2.28,3.56,nan,nan,nan,1.33,2.76,15.28,7.32,0.91,10.39,9.7
samples_design_27_dldesign_2_best,0.65,2.17,3.4,nan,nan,nan,1.29,2.64,15.42,7.42,0.9,16.72,15.41
samples_design_27_dldesign_3_best,0.87,1.94,3.2,nan,nan,nan,1.23,2.49,13.81,6.67,0.91,7.31,6.82
samples_design_27_dldesign_4_best,0.92,2.21,3.56,nan,nan,nan,1.34,2.78,16.08,7.71,0.9,7.77,5.03
samples_design_27_dldesign_5_best,0.56,2.18,3.39,nan,nan,nan,1.28,2.63,16.98,8.15,0.9,22.44,17.6
samples_design_27_dldesign_6_best,0.69,2.2,3.01,nan,nan,nan,1.19,2.41,15.1,7.27,0.9,9.64,9.2
samples_design_27_dldesign_7_best,0.75,2.2,3.42,nan,nan,nan,1.3,2.67,15.34,7.43,0.9,7.95,6.61
samples_design_28_dldesign_0_best,0.4,0.82,0.44,nan,nan,nan,0.48,0.58,10.67,5.17,0.91,11.38,7.04
samples_design_28_dldesign_1_best,0.35,0.98,0.93,nan,nan,nan,0.51,0.79,16.15,7.55,0.91,19.01,17.45
samples_design_28_dldesign_2_best,0.84,1.06,1.13,nan,nan,nan,0.57,1.01,15.93,7.43,0.91,17.21,17.64
samples_design_28_dldesign_3_best,0.39,0.85,0.85,nan,nan,nan,0.51,0.72,12.61,6.01,0.91,10.47,6.8
samples_design_28_dldesign_4_best,0.32,1.15,1.83,nan,nan,nan,0.64,1.23,16.08,7.55,0.91,22.56,24.44
samples_design_28_dldesign_5_best,0.82,1.31,1.82,nan,nan,nan,0.68,1.36,15.6,7.29,0.91,23.61,21.75
samples_design_28_dldesign_6_best,0.33,1.22,2.04,nan,nan,nan,0.68,1.35,16.89,7.91,0.9,16.87,14.41
samples_design_28_dldesign_7_best,0.68,0.82,0.47,nan,nan,nan,0.53,0.67,9.8,4.82,0.9,11.68,6.94
samples_design_29_dldesign_0_best,0.62,0.39,0.75,nan,nan,nan,0.47,0.62,15.51,7.26,0.92,15.41,14.3
samples_design_29_dldesign_1_best,0.87,0.49,2.05,nan,nan,nan,0.69,1.35,16.58,7.75,0.91,18.54,14.51
samples_design_29_dldesign_2_best,1.03,0.73,2.03,nan,nan,nan,0.72,1.4,15.64,7.35,0.91,18.29,17.45
samples_design_29_dldesign_3_best,0.9,0.68,2.09,nan,nan,nan,0.72,1.4,15.9,7.46,0.91,17.02,16.9
samples_design_29_dldesign_4_best,0.61,0.59,2.28,nan,nan,nan,0.71,1.43,16.14,7.57,0.91,17.97,13.22
samples_design_29_dldesign_5_best,1.08,0.76,1.84,nan,nan,nan,0.69,1.33,16.03,7.51,0.91,25.44,20.37
samples_design_29_dldesign_6_best,0.7,0.68,2.42,nan,nan,nan,0.75,1.54,16.26,7.65,0.91,18.6,18.82
samples_design_29_dldesign_7_best,0.47,0.55,0.68,nan,nan,nan,0.49,0.58,14.32,6.77,0.91,13.15,7.57
samples_design_30_dldesign_0_best,0.79,0.53,1.97,nan,nan,nan,0.71,1.37,16.23,7.65,0.91,10.63,5.65
samples_design_30_dldesign_1_best,0.56,0.52,1.96,nan,nan,nan,0.69,1.32,15.98,7.57,0.91,11.65,6.1
samples_design_30_dldesign_2_best,1.02,0.9,1.83,nan,nan,nan,0.71,1.39,13.55,6.5,0.9,13.16,5.97
samples_design_30_dldesign_3_best,0.77,0.91,1.53,nan,nan,nan,0.61,1.17,15.88,7.54,0.9,13.81,13.03
samples_design_30_dldesign_4_best,0.75,0.73,1.81,nan,nan,nan,0.68,1.29,12.22,5.9,0.91,12.84,5.94
samples_design_30_dldesign_5_best,0.83,0.65,1.08,nan,nan,nan,0.54,0.9,15.18,7.18,0.91,10.64,5.13
samples_design_30_dldesign_6_best,0.81,0.79,2.15,nan,nan,nan,0.76,1.51,15.38,7.28,0.91,21.08,12.74
samples_design_30_dldesign_7_best,0.88,0.57,1.24,nan,nan,nan,0.58,0.98,15.42,7.3,0.91,10.13,5.71
samples_design_31_dldesign_0_best,0.89,0.82,3.29,nan,nan,nan,1.07,2.27,14.58,7.0,0.9,13.25,10.36
samples_design_31_dldesign_1_best,0.83,0.85,3.6,nan,nan,nan,1.15,2.46,14.88,7.16,0.9,12.69,9.66
samples_design_31_dldesign_2_best,0.97,0.76,1.39,nan,nan,nan,0.66,1.13,11.47,5.66,0.89,11.54,6.02
samples_design_31_dldesign_3_best,0.59,0.83,2.16,nan,nan,nan,0.76,1.52,11.13,5.5,0.9,7.84,4.01
samples_design_31_dldesign_4_best,0.79,0.51,3.26,nan,nan,nan,1.05,2.21,14.85,7.11,0.9,8.68,6.31
samples_design_31_dldesign_5_best,0.91,0.84,2.17,nan,nan,nan,0.8,1.58,13.97,6.78,0.89,12.39,7.44
samples_design_31_dldesign_6_best,0.55,0.71,2.71,nan,nan,nan,0.89,1.85,15.57,7.43,0.9,7.04,7.67
samples_design_31_dldesign_7_best,0.82,0.61,3.55,nan,nan,nan,1.12,2.4,14.81,7.09,0.9,9.27,9.57
samples_design_32_dldesign_0_best,0.48,0.41,0.57,nan,nan,nan,0.42,0.5,15.96,7.46,0.92,18.85,12.74
samples_design_32_dldesign_1_best,0.67,0.73,1.12,nan,nan,nan,0.51,0.87,15.64,7.33,0.91,14.43,11.19
samples_design_32_dldesign_2_best,0.57,0.72,0.81,nan,nan,nan,0.45,0.71,16.33,7.64,0.91,24.37,18.4
samples_design_32_dldesign_3_best,0.87,0.84,2.07,nan,nan,nan,0.72,1.41,13.67,6.49,0.91,14.25,7.96
samples_design_32_dldesign_4_best,0.59,0.54,0.97,nan,nan,nan,0.47,0.73,15.58,7.29,0.92,10.35,11.57
samples_design_32_dldesign_5_best,0.74,0.76,1.9,nan,nan,nan,0.65,1.27,16.74,7.83,0.91,15.51,11.11
samples_design_32_dldesign_6_best,0.69,0.6,1.14,nan,nan,nan,0.54,0.86,16.4,7.66,0.92,13.5,11.17
samples_design_32_dldesign_7_best,0.91,0.99,1.93,nan,nan,nan,0.71,1.38,15.52,7.29,0.91,14.54,16.74
samples_design_33_dldesign_0_best,0.52,0.44,4.08,nan,nan,nan,1.32,2.78,15.54,7.4,0.91,6.76,5.94
samples_design_33_dldesign_1_best,0.7,0.37,3.96,nan,nan,nan,1.29,2.72,14.64,7.0,0.91,8.08,8.38
samples_design_33_dldesign_2_best,0.75,0.4,4.03,nan,nan,nan,1.3,2.76,14.65,7.02,0.91,18.21,11.97
samples_design_33_dldesign_3_best,0.65,0.42,4.07,nan,nan,nan,1.31,2.79,15.36,7.33,0.91,18.03,12.61
samples_design_33_dldesign_4_best,0.66,0.41,4.1,nan,nan,nan,1.32,2.81,15.36,7.33,0.91,18.12,13.34
samples_design_33_dldesign_5_best,0.75,0.46,3.96,nan,nan,nan,1.28,2.72,16.4,7.83,0.9,12.43,10.15
samples_design_33_dldesign_6_best,0.67,0.43,3.93,nan,nan,nan,1.27,2.7,15.67,7.47,0.91,16.16,13.53
samples_design_33_dldesign_7_best,0.65,0.51,3.97,nan,nan,nan,1.28,2.72,14.89,7.13,0.91,16.13,10.77
samples_design_34_dldesign_0_best,1.21,1.31,2.87,nan,nan,nan,1.0,2.11,15.21,7.28,0.9,10.07,7.49
samples_design_34_dldesign_1_best,0.96,1.04,2.2,nan,nan,nan,0.81,1.63,15.52,7.42,0.9,5.31,6.12
samples_design_34_dldesign_2_best,1.03,1.03,4.75,nan,nan,nan,1.47,3.23,13.81,6.71,0.89,9.41,9.04
samples_design_34_dldesign_3_best,0.78,0.99,3.12,nan,nan,nan,1.02,2.16,14.82,7.13,0.9,9.63,8.17
samples_design_34_dldesign_4_best,0.78,0.8,1.3,nan,nan,nan,0.59,1.04,11.77,5.78,0.89,5.92,2.85
samples_design_34_dldesign_5_best,0.91,0.76,1.53,nan,nan,nan,0.65,1.19,14.12,6.82,0.89,7.99,4.65
samples_design_34_dldesign_6_best,1.04,1.11,2.6,nan,nan,nan,0.92,1.89,16.05,7.66,0.9,19.67,10.71
samples_design_34_dldesign_7_best,1.1,1.04,4.51,nan,nan,nan,1.41,3.08,14.81,7.14,0.89,8.33,8.57
samples_design_35_dldesign_0_best,1.02,0.87,1.98,nan,nan,nan,0.71,1.4,15.64,7.33,0.91,21.14,15.05
samples_design_35_dldesign_1_best,0.91,0.87,1.66,nan,nan,nan,0.63,1.22,15.87,7.45,0.91,19.35,18.98
samples_design_35_dldesign_2_best,0.94,0.79,1.75,nan,nan,nan,0.64,1.25,15.76,7.38,0.91,23.73,18.69
samples_design_35_dldesign_3_best,0.7,0.53,1.13,nan,nan,nan,0.49,0.84,16.52,7.73,0.91,18.58,15.86
samples_design_35_dldesign_4_best,0.8,0.64,1.34,nan,nan,nan,0.55,0.99,16.19,7.6,0.91,19.54,19.52
samples_design_35_dldesign_5_best,0.68,0.29,1.09,nan,nan,nan,0.49,0.78,10.65,5.19,0.9,14.47,8.3
samples_design_35_dldesign_6_best,0.46,0.39,0.41,nan,nan,nan,0.41,0.42,12.99,6.18,0.91,13.93,8.68
samples_design_35_dldesign_7_best,0.95,0.65,2.22,nan,nan,nan,0.72,1.47,12.9,6.16,0.91,14.64,8.85
samples_design_36_dldesign_0_best,0.82,0.62,2.1,nan,nan,nan,0.78,1.49,12.74,6.14,0.91,6.67,3.27
samples_design_36_dldesign_1_best,0.77,0.45,2.13,nan,nan,nan,0.78,1.49,12.38,5.98,0.91,4.0,2.62
samples_design_36_dldesign_2_best,0.82,0.63,2.07,nan,nan,nan,0.77,1.48,13.24,6.35,0.91,4.99,3.05
samples_design_36_dldesign_3_best,0.74,0.59,2.11,nan,nan,nan,0.77,1.48,13.02,6.26,0.91,6.3,3.22
samples_design_36_dldesign_4_best,0.79,0.42,1.83,nan,nan,nan,0.71,1.3,12.64,6.14,0.9,8.1,3.41
samples_design_36_dldesign_5_best,0.84,0.47,2.08,nan,nan,nan,0.76,1.47,13.58,6.52,0.91,7.76,3.96
samples_design_36_dldesign_6_best,0.76,0.65,2.15,nan,nan,nan,0.78,1.52,11.89,5.76,0.91,2.22,2.21
samples_design_36_dldesign_7_best,0.86,0.45,2.06,nan,nan,nan,0.77,1.45,11.45,5.58,0.9,4.6,2.77
samples_design_37_dldesign_0_best,1.02,0.56,0.55,nan,nan,nan,0.51,0.71,6.7,3.56,0.9,1.03,1.16
samples_design_37_dldesign_1_best,0.67,0.6,0.73,nan,nan,nan,0.5,0.69,12.62,6.15,0.91,14.88,10.37
samples_design_37_dldesign_2_best,1.23,0.88,0.62,nan,nan,nan,0.57,0.88,11.28,5.54,0.91,1.79,1.47
samples_design_37_dldesign_3_best,1.08,0.39,0.44,nan,nan,nan,0.48,0.67,7.01,3.68,0.9,1.0,1.11
samples_design_37_dldesign_4_best,0.88,0.97,0.74,nan,nan,nan,0.54,0.84,14.15,6.81,0.91,8.2,8.34
samples_design_37_dldesign_5_best,1.25,0.9,0.76,nan,nan,nan,0.58,0.95,7.05,3.69,0.9,5.14,2.77
samples_design_37_dldesign_6_best,0.64,0.76,0.59,nan,nan,nan,0.48,0.65,9.61,4.81,0.9,3.88,3.94
samples_design_37_dldesign_7_best,0.86,0.94,0.66,nan,nan,nan,0.52,0.79,15.52,7.41,0.91,9.41,9.75
samples_design_38_dldesign_0_best,0.35,0.39,1.28,nan,nan,nan,0.51,0.86,16.56,7.82,0.9,9.11,10.66
samples_design_38_dldesign_1_best,0.31,0.49,1.63,nan,nan,nan,0.59,1.09,15.64,7.41,0.91,20.47,14.35
samples_design_38_dldesign_2_best,0.53,0.45,1.68,nan,nan,nan,0.61,1.14,16.62,7.83,0.91,17.13,17.81
samples_design_38_dldesign_3_best,0.42,0.42,1.77,nan,nan,nan,0.63,1.18,16.43,7.74,0.91,16.65,19.61
samples_design_38_dldesign_4_best,0.31,0.34,1.25,nan,nan,nan,0.52,0.84,11.82,5.76,0.9,9.04,5.47
samples_design_38_dldesign_5_best,0.45,0.48,1.54,nan,nan,nan,0.58,1.05,15.51,7.36,0.9,11.21,6.9
samples_design_38_dldesign_6_best,0.3,0.28,1.28,nan,nan,nan,0.52,0.85,13.73,6.58,0.9,11.76,6.85
samples_design_38_dldesign_7_best,0.38,0.38,1.68,nan,nan,nan,0.61,1.12,16.68,7.84,0.91,20.1,13.9
samples_design_39_dldesign_0_best,0.4,0.67,0.95,nan,nan,nan,0.49,0.7,16.3,7.58,0.92,20.09,18.31
samples_design_39_dldesign_1_best,0.37,0.73,0.78,nan,nan,nan,0.49,0.64,16.93,7.86,0.91,23.32,13.83
samples_design_39_dldesign_2_best,0.58,0.64,1.27,nan,nan,nan,0.5,0.87,15.44,7.24,0.9,11.41,11.83
samples_design_39_dldesign_3_best,0.4,0.66,0.73,nan,nan,nan,0.49,0.6,14.38,6.76,0.91,12.11,7.95
samples_design_39_dldesign_4_best,0.97,1.05,1.77,nan,nan,nan,0.68,1.3,15.76,7.36,0.91,24.28,20.29
samples_design_39_dldesign_5_best,0.51,0.69,0.58,nan,nan,nan,0.45,0.6,15.87,7.39,0.92,20.46,11.16
samples_design_39_dldesign_6_best,0.74,0.99,2.17,nan,nan,nan,0.72,1.42,16.38,7.63,0.91,18.31,14.85
samples_design_39_dldesign_7_best,0.54,0.64,0.65,nan,nan,nan,0.45,0.61,16.47,7.65,0.91,19.48,25.6
samples_design_40_dldesign_0_best,0.77,0.54,2.87,nan,nan,nan,0.88,1.85,14.71,6.97,0.91,9.06,10.78
samples_design_40_dldesign_1_best,1.01,0.53,3.08,nan,nan,nan,0.96,2.01,13.73,6.58,0.9,15.79,9.98
samples_design_40_dldesign_2_best,0.76,0.4,1.7,nan,nan,nan,0.62,1.16,14.22,6.77,0.9,4.74,4.3
samples_design_40_dldesign_3_best,0.94,0.63,2.58,nan,nan,nan,0.84,1.72,14.04,6.7,0.9,14.65,10.24
samples_design_40_dldesign_4_best,1.05,0.65,2.8,nan,nan,nan,0.89,1.86,15.52,7.34,0.91,8.44,12.05
samples_design_40_dldesign_5_best,0.72,0.51,2.83,nan,nan,nan,0.86,1.81,15.42,7.3,0.91,10.21,9.67
samples_design_40_dldesign_6_best,1.03,0.75,2.87,nan,nan,nan,0.91,1.91,15.62,7.4,0.91,10.44,9.85
samples_design_40_dldesign_7_best,1.01,0.72,2.67,nan,nan,nan,0.87,1.79,14.78,7.01,0.91,11.81,10.7
samples_design_41_dldesign_0_best,0.64,0.96,0.65,nan,nan,nan,0.54,0.77,16.61,7.74,0.91,23.89,24.97
samples_design_41_dldesign_1_best,0.37,0.97,0.6,nan,nan,nan,0.45,0.68,17.94,8.28,0.91,13.23,7.08
samples_design_41_dldesign_2_best,0.46,0.88,0.69,nan,nan,nan,0.44,0.69,18.6,8.59,0.9,15.71,15.29
samples_design_41_dldesign_3_best,0.59,0.95,0.61,nan,nan,nan,0.49,0.73,16.55,7.69,0.91,22.49,22.55
samples_design_41_dldesign_4_best,0.68,0.86,0.76,nan,nan,nan,0.54,0.77,17.45,8.1,0.91,9.96,9.37
samples_design_41_dldesign_5_best,0.68,1.09,0.71,nan,nan,nan,0.52,0.84,16.28,7.58,0.91,23.58,14.18
samples_design_41_dldesign_6_best,0.64,0.95,0.7,nan,nan,nan,0.55,0.77,15.22,7.14,0.91,25.52,18.13
samples_design_41_dldesign_7_best,0.77,1.05,0.75,nan,nan,nan,0.53,0.87,16.17,7.54,0.91,15.53,17.25
samples_design_42_dldesign_0_best,0.54,0.42,1.68,nan,nan,nan,0.68,1.21,14.28,6.93,0.9,9.2,4.61
samples_design_42_dldesign_1_best,0.49,0.48,0.96,nan,nan,nan,0.52,0.75,14.55,6.96,0.91,26.07,15.48
samples_design_42_dldesign_2_best,0.85,0.58,5.44,nan,nan,nan,1.78,3.8,15.69,7.49,0.91,15.12,12.78
samples_design_42_dldesign_3_best,0.51,0.5,0.86,nan,nan,nan,0.52,0.7,10.79,5.33,0.9,9.83,4.1
samples_design_42_dldesign_4_best,0.82,0.6,2.21,nan,nan,nan,0.84,1.62,14.56,7.04,0.9,7.89,4.4
samples_design_42_dldesign_5_best,0.55,0.47,0.9,nan,nan,nan,0.52,0.72,13.12,6.36,0.91,9.82,4.97
samples_design_42_dldesign_6_best,0.61,0.61,2.76,nan,nan,nan,0.99,1.96,15.53,7.48,0.9,17.79,9.88
samples_design_42_dldesign_7_best,0.62,0.72,3.56,nan,nan,nan,1.2,2.51,18.06,8.6,0.89,18.24,16.31
samples_design_43_dldesign_0_best,0.3,0.75,0.94,nan,nan,nan,0.46,0.74,10.97,5.37,0.91,9.07,4.95
samples_design_43_dldesign_1_best,0.79,0.43,0.66,nan,nan,nan,0.45,0.66,11.62,5.68,0.9,8.15,4.3
samples_design_43_dldesign_2_best,0.3,0.64,0.94,nan,nan,nan,0.47,0.72,12.12,5.89,0.9,10.1,5.55
samples_design_43_dldesign_3_best,0.31,0.72,0.74,nan,nan,nan,0.43,0.63,12.14,5.89,0.91,8.48,4.85
samples_design_43_dldesign_4_best,0.92,0.78,0.64,nan,nan,nan,0.47,0.77,11.4,5.58,0.9,9.81,5.3
samples_design_43_dldesign_5_best,0.76,0.87,2.73,nan,nan,nan,0.91,1.9,15.17,7.22,0.91,9.41,9.46
samples_design_43_dldesign_6_best,0.59,0.8,0.58,nan,nan,nan,0.43,0.65,16.69,7.88,0.91,5.18,5.09
samples_design_43_dldesign_7_best,0.72,0.82,0.83,nan,nan,nan,0.48,0.79,14.59,6.98,0.9,13.65,5.78
samples_design_44_dldesign_0_best,0.56,0.64,3.31,nan,nan,nan,1.05,2.23,13.8,6.62,0.91,14.86,11.83
samples_design_44_dldesign_1_best,0.51,0.69,3.25,nan,nan,nan,1.03,2.19,14.32,6.86,0.9,15.63,11.46
samples_design_44_dldesign_2_best,0.49,0.54,1.19,nan,nan,nan,0.52,0.87,15.98,7.6,0.91,14.09,9.05
samples_design_44_dldesign_3_best,0.4,0.65,0.87,nan,nan,nan,0.48,0.7,16.03,7.6,0.91,11.34,10.15
samples_design_44_dldesign_4_best,0.49,0.6,3.06,nan,nan,nan,0.98,2.06,16.05,7.61,0.91,5.63,3.89
samples_design_44_dldesign_5_best,0.33,0.49,0.78,nan,nan,nan,0.45,0.6,15.07,7.15,0.91,20.91,9.88
samples_design_44_dldesign_6_best,0.34,0.81,0.81,nan,nan,nan,0.47,0.7,15.79,7.47,0.91,17.9,14.08
samples_design_44_dldesign_7_best,0.32,0.41,0.76,nan,nan,nan,0.45,0.57,15.28,7.25,0.91,18.02,8.93
samples_design_45_dldesign_0_best,0.51,0.71,1.48,nan,nan,nan,0.59,1.03,13.85,6.61,0.91,8.28,7.62
samples_design_45_dldesign_1_best,0.42,0.87,1.85,nan,nan,nan,0.64,1.26,15.44,7.3,0.91,12.49,14.83
samples_design_45_dldesign_2_best,0.83,1.03,2.09,nan,nan,nan,0.75,1.48,15.45,7.31,0.91,12.2,8.53
samples_design_45_dldesign_3_best,0.6,0.74,1.58,nan,nan,nan,0.62,1.11,14.09,6.69,0.91,9.34,7.32
samples_design_45_dldesign_4_best,0.92,0.8,1.22,nan,nan,nan,0.57,1.02,15.7,7.42,0.91,14.05,12.09
samples_design_45_dldesign_5_best,0.51,0.88,2.43,nan,nan,nan,0.77,1.6,14.61,6.88,0.92,19.2,14.79
samples_design_45_dldesign_6_best,0.89,0.9,2.06,nan,nan,nan,0.73,1.45,15.05,7.14,0.91,19.47,14.36
samples_design_45_dldesign_7_best,0.62,0.84,0.83,nan,nan,nan,0.49,0.77,16.07,7.57,0.91,10.32,6.6
samples_design_46_dldesign_0_best,0.92,0.77,1.37,nan,nan,nan,0.6,1.1,16.0,7.56,0.91,9.82,6.4
samples_design_46_dldesign_1_best,1.25,0.6,1.07,nan,nan,nan,0.58,1.03,15.94,7.53,0.91,9.92,6.98
samples_design_46_dldesign_2_best,0.86,0.63,1.48,nan,nan,nan,0.61,1.12,15.67,7.41,0.91,13.24,9.4
samples_design_46_dldesign_3_best,0.87,0.48,1.2,nan,nan,nan,0.57,0.95,15.57,7.39,0.91,9.55,6.07
samples_design_46_dldesign_4_best,0.9,0.54,1.04,nan,nan,nan,0.52,0.89,16.37,7.75,0.9,11.91,10.0
samples_design_46_dldesign_5_best,0.84,0.83,1.25,nan,nan,nan,0.57,1.02,16.2,7.63,0.91,22.02,12.69
samples_design_46_dldesign_6_best,0.88,0.62,1.35,nan,nan,nan,0.6,1.05,15.0,7.14,0.91,10.02,7.51
samples_design_46_dldesign_7_best,0.77,0.74,1.3,nan,nan,nan,0.57,1.02,15.78,7.45,0.91,20.23,12.27
samples_design_47_dldesign_0_best,0.69,0.37,0.28,nan,nan,nan,0.45,0.48,12.0,5.74,0.91,12.58,7.89
samples_design_47_dldesign_1_best,0.82,0.27,0.59,nan,nan,nan,0.46,0.61,16.05,7.54,0.91,18.65,15.99
samples_design_47_dldesign_2_best,0.61,0.34,0.29,nan,nan,nan,0.43,0.44,10.91,5.28,0.91,13.39,7.54
samples_design_47_dldesign_3_best,1.01,0.35,1.0,nan,nan,nan,0.53,0.87,15.68,7.34,0.92,17.66,21.09
samples_design_47_dldesign_4_best,0.84,0.31,0.38,nan,nan,nan,0.45,0.57,12.51,5.99,0.91,11.42,6.95
samples_design_47_dldesign_5_best,0.68,0.38,0.74,nan,nan,nan,0.45,0.63,15.68,7.35,0.92,14.49,14.89
samples_design_47_dldesign_6_best,0.65,0.4,0.92,nan,nan,nan,0.5,0.7,16.54,7.7,0.92,10.7,8.32
samples_design_47_dldesign_7_best,1.02,0.39,1.08,nan,nan,nan,0.59,0.9,16.07,7.51,0.91,13.04,8.29
samples_design_48_dldesign_0_best,0.96,0.56,2.4,nan,nan,nan,0.7,1.44,16.01,7.49,0.91,12.11,11.9
samples_design_48_dldesign_1_best,1.13,0.44,1.11,nan,nan,nan,0.56,0.95,13.18,6.28,0.91,11.32,4.84
samples_design_48_dldesign_2_best,0.73,0.52,3.79,nan,nan,nan,0.89,2.07,16.75,7.83,0.9,18.68,15.17
samples_design_48_dldesign_3_best,1.05,0.51,0.78,nan,nan,nan,0.53,0.83,14.09,6.67,0.91,11.2,6.36
samples_design_48_dldesign_4_best,1.23,0.47,1.34,nan,nan,nan,0.6,1.08,12.42,5.95,0.9,11.54,4.95
samples_design_48_dldesign_5_best,0.82,0.49,1.27,nan,nan,nan,0.53,0.89,15.75,7.37,0.91,23.0,18.89
samples_design_48_dldesign_6_best,0.86,0.55,1.56,nan,nan,nan,0.55,1.03,17.39,8.11,0.9,14.08,11.44
samples_design_48_dldesign_7_best,1.0,0.51,0.93,nan,nan,nan,0.54,0.85,13.72,6.5,0.91,12.4,6.32
samples_design_49_dldesign_0_best,0.65,0.81,3.57,nan,nan,nan,1.22,2.53,14.2,6.89,0.9,11.08,7.37
samples_design_49_dldesign_1_best,0.64,0.88,5.05,nan,nan,nan,1.66,3.54,16.69,7.97,0.9,14.57,8.39
samples_design_49_dldesign_2_best,0.52,0.77,5.4,nan,nan,nan,1.76,3.77,14.42,7.01,0.9,16.4,14.12
samples_design_49_dldesign_3_best,0.45,0.71,4.35,nan,nan,nan,1.43,3.04,13.69,6.71,0.89,25.62,17.25
samples_design_49_dldesign_4_best,0.65,0.81,3.3,nan,nan,nan,1.14,2.34,13.83,6.76,0.9,11.48,6.57
samples_design_49_dldesign_5_best,0.43,0.86,4.71,nan,nan,nan,1.54,3.3,15.5,7.48,0.9,24.33,17.34
samples_design_49_dldesign_6_best,0.47,0.72,3.36,nan,nan,nan,1.14,2.36,15.38,7.42,0.9,8.88,4.99
samples_design_49_dldesign_7_best,0.9,0.93,5.28,nan,nan,nan,1.74,3.72,15.25,7.33,0.9,20.29,11.91
samples_design_0_dldesign_0_best,0.64,1.06,2.35,nan,nan,nan,0.69,1.44,15.91,7.44,0.91,11.84,6.59
samples_design_0_dldesign_1_best,0.77,1.07,0.83,nan,nan,nan,0.52,0.9,13.74,6.52,0.9,10.22,5.51
samples_design_0_dldesign_2_best,0.93,1.18,1.66,nan,nan,nan,0.6,1.25,16.3,7.59,0.91,15.95,12.58
samples_design_0_dldesign_3_best,0.95,1.2,2.81,nan,nan,nan,0.79,1.74,16.25,7.59,0.91,18.84,12.72
samples_design_0_dldesign_4_best,1.05,1.06,0.95,nan,nan,nan,0.55,1.03,14.91,6.99,0.91,10.71,6.05
samples_design_0_dldesign_5_best,0.65,1.13,3.04,nan,nan,nan,0.79,1.77,16.07,7.5,0.91,13.82,11.63
samples_design_0_dldesign_6_best,0.65,0.97,3.26,nan,nan,nan,0.85,1.85,15.93,7.45,0.91,13.87,12.51
samples_design_0_dldesign_7_best,0.91,1.21,3.07,nan,nan,nan,0.81,1.85,13.97,6.59,0.91,11.94,10.89
samples_design_1_dldesign_0_best,0.87,0.91,3.0,nan,nan,nan,1.03,2.13,14.0,6.8,0.9,14.74,10.33
samples_design_1_dldesign_1_best,0.49,0.86,2.3,nan,nan,nan,0.82,1.64,14.49,7.01,0.9,14.06,10.24
samples_design_1_dldesign_2_best,0.72,0.85,2.42,nan,nan,nan,0.86,1.74,14.85,7.16,0.9,14.54,8.34
samples_design_1_dldesign_3_best,0.88,0.88,2.86,nan,nan,nan,0.98,2.04,14.83,7.13,0.9,14.19,9.58
samples_design_1_dldesign_4_best,0.47,0.78,1.93,nan,nan,nan,0.72,1.39,16.17,7.72,0.9,9.18,8.93
samples_design_1_dldesign_5_best,0.85,0.93,2.78,nan,nan,nan,0.98,1.99,12.46,6.12,0.9,14.07,10.32
samples_design_1_dldesign_6_best,0.63,0.74,2.29,nan,nan,nan,0.84,1.63,14.71,7.13,0.89,17.68,9.97
samples_design_1_dldesign_7_best,0.87,1.03,2.36,nan,nan,nan,0.87,1.74,13.19,6.44,0.9,14.41,8.56
samples_design_2_dldesign_0_best,0.53,0.58,2.83,nan,nan,nan,0.92,1.91,15.83,7.53,0.91,11.53,5.88
samples_design_2_dldesign_1_best,0.55,0.55,0.57,nan,nan,nan,0.46,0.56,14.83,7.09,0.91,10.32,4.48
samples_design_2_dldesign_2_best,0.54,0.46,0.69,nan,nan,nan,0.48,0.59,14.56,6.99,0.9,12.16,6.2
samples_design_2_dldesign_3_best,0.72,0.73,2.85,nan,nan,nan,0.94,1.96,15.21,7.26,0.91,24.51,17.15
samples_design_2_dldesign_4_best,0.83,0.66,3.03,nan,nan,nan,0.99,2.07,16.04,7.65,0.9,10.66,7.95
samples_design_2_dldesign_5_best,0.51,0.47,0.84,nan,nan,nan,0.47,0.67,16.77,7.94,0.91,5.84,4.3
samples_design_2_dldesign_6_best,0.66,0.54,2.81,nan,nan,nan,0.92,1.91,14.72,7.05,0.9,11.82,5.77
samples_design_2_dldesign_7_best,0.55,0.54,2.86,nan,nan,nan,0.94,1.93,15.55,7.41,0.9,12.05,6.02
samples_design_3_dldesign_0_best,0.97,1.11,1.06,nan,nan,nan,0.6,1.05,16.31,7.79,0.91,7.43,3.69
samples_design_3_dldesign_1_best,0.87,0.38,3.01,nan,nan,nan,1.08,2.15,11.07,5.5,0.9,4.64,4.82
samples_design_3_dldesign_2_best,0.64,0.46,3.19,nan,nan,nan,1.09,2.25,16.81,8.02,0.9,9.95,10.64
samples_design_3_dldesign_3_best,0.83,0.6,1.95,nan,nan,nan,0.75,1.45,15.81,7.65,0.89,9.98,9.58
samples_design_3_dldesign_4_best,0.64,0.49,1.43,nan,nan,nan,0.61,1.07,15.23,7.36,0.9,7.9,7.41
samples_design_3_dldesign_5_best,0.54,0.57,1.43,nan,nan,nan,0.61,1.07,16.05,7.74,0.89,11.72,10.65
samples_design_3_dldesign_6_best,0.86,0.44,3.17,nan,nan,nan,1.11,2.26,15.7,7.51,0.91,8.77,7.7
samples_design_3_dldesign_7_best,0.65,0.48,3.18,nan,nan,nan,1.08,2.24,14.4,6.96,0.9,12.39,10.62
samples_design_4_dldesign_0_best,0.49,0.37,0.43,nan,nan,nan,0.46,0.44,15.44,7.23,0.91,20.1,13.22
samples_design_4_dldesign_1_best,0.69,0.41,0.34,nan,nan,nan,0.44,0.51,15.99,7.49,0.91,18.44,14.61
samples_design_4_dldesign_2_best,0.65,0.42,0.33,nan,nan,nan,0.43,0.49,15.42,7.24,0.91,17.83,15.01
samples_design_4_dldesign_3_best,0.68,0.4,0.39,nan,nan,nan,0.46,0.52,15.92,7.47,0.91,16.35,16.24
samples_design_4_dldesign_4_best,0.48,0.48,0.54,nan,nan,nan,0.46,0.5,16.42,7.65,0.91,14.79,14.16
samples_design_4_dldesign_5_best,0.71,0.44,0.45,nan,nan,nan,0.49,0.56,13.9,6.59,0.91,12.28,7.29
samples_design_4_dldesign_6_best,0.46,0.5,0.31,nan,nan,nan,0.44,0.43,15.91,7.44,0.91,18.6,13.15
samples_design_4_dldesign_7_best,0.57,0.48,5.16,nan,nan,nan,1.27,2.93,15.47,7.33,0.9,17.69,13.66
samples_design_5_dldesign_0_best,0.71,0.44,2.69,nan,nan,nan,0.85,1.78,16.07,7.65,0.9,16.85,11.51
samples_design_5_dldesign_1_best,0.46,0.65,2.37,nan,nan,nan,0.75,1.57,16.55,7.86,0.9,17.68,13.45
samples_design_5_dldesign_2_best,0.46,0.53,1.43,nan,nan,nan,0.54,0.99,15.67,7.49,0.9,10.28,6.38
samples_design_5_dldesign_3_best,0.29,0.34,1.72,nan,nan,nan,0.6,1.13,14.94,7.13,0.9,11.23,7.06
samples_design_5_dldesign_4_best,1.14,0.5,3.98,nan,nan,nan,1.19,2.64,16.7,7.94,0.9,9.06,11.05
samples_design_5_dldesign_5_best,0.64,0.4,1.64,nan,nan,nan,0.59,1.13,13.47,6.5,0.9,11.69,7.22
samples_design_5_dldesign_6_best,0.84,0.42,3.27,nan,nan,nan,0.99,2.16,12.26,6.03,0.89,17.42,13.29
samples_design_5_dldesign_7_best,0.68,0.46,1.93,nan,nan,nan,0.66,1.31,16.07,7.63,0.9,10.64,6.87
samples_design_6_dldesign_0_best,0.59,0.62,0.39,nan,nan,nan,0.4,0.54,16.42,7.65,0.91,21.61,16.46
samples_design_6_dldesign_1_best,0.36,0.37,0.42,nan,nan,nan,0.44,0.38,11.53,5.53,0.91,13.05,7.63
samples_design_6_dldesign_2_best,0.56,0.27,0.53,nan,nan,nan,0.42,0.48,14.35,6.74,0.91,10.78,7.09
samples_design_6_dldesign_3_best,0.59,0.37,0.51,nan,nan,nan,0.41,0.5,16.12,7.5,0.92,20.98,16.07
samples_design_6_dldesign_4_best,0.78,0.47,0.7,nan,nan,nan,0.45,0.67,16.32,7.6,0.91,24.03,18.54
samples_design_6_dldesign_5_best,0.42,0.34,0.43,nan,nan,nan,0.45,0.4,11.62,5.58,0.91,13.21,7.78
samples_design_6_dldesign_6_best,0.45,0.6,1.03,nan,nan,nan,0.51,0.72,15.77,7.38,0.91,22.88,19.19
samples_design_6_dldesign_7_best,0.71,0.49,0.29,nan,nan,nan,0.43,0.54,15.65,7.31,0.91,22.6,19.19
samples_design_7_dldesign_0_best,1.09,1.2,1.84,nan,nan,nan,0.73,1.4,15.93,7.43,0.91,23.52,22.04
samples_design_7_dldesign_1_best,0.4,0.83,0.96,nan,nan,nan,0.5,0.75,16.06,7.48,0.91,15.15,12.77
samples_design_7_dldesign_2_best,0.46,0.66,0.56,nan,nan,nan,0.46,0.56,14.04,6.62,0.91,13.38,8.88
samples_design_7_dldesign_3_best,0.49,0.82,1.45,nan,nan,nan,0.58,0.98,16.38,7.66,0.91,23.1,23.09
samples_design_7_dldesign_4_best,0.67,0.7,0.75,nan,nan,nan,0.5,0.71,14.37,6.77,0.91,12.21,8.58
samples_design_7_dldesign_5_best,0.94,1.18,1.98,nan,nan,nan,0.73,1.41,15.51,7.24,0.91,18.54,19.33
samples_design_7_dldesign_6_best,0.74,0.93,0.79,nan,nan,nan,0.54,0.82,15.93,7.45,0.91,20.71,16.09
samples_design_7_dldesign_7_best,0.83,0.7,0.54,nan,nan,nan,0.54,0.71,14.17,6.69,0.91,12.5,8.03
samples_design_8_dldesign_0_best,0.89,0.79,1.27,nan,nan,nan,0.63,1.07,7.59,3.95,0.9,1.51,2.03
samples_design_8_dldesign_1_best,0.8,0.57,0.96,nan,nan,nan,0.56,0.84,12.03,5.9,0.9,2.57,2.33
samples_design_8_dldesign_2_best,0.8,0.62,3.22,nan,nan,nan,1.11,2.29,16.11,7.72,0.9,7.81,4.33
samples_design_8_dldesign_3_best,0.79,0.68,0.91,nan,nan,nan,0.53,0.83,9.29,4.68,0.9,1.81,2.07
samples_design_8_dldesign_4_best,0.96,0.6,1.18,nan,nan,nan,0.63,1.01,12.72,6.18,0.9,1.77,1.72
samples_design_8_dldesign_5_best,0.93,0.91,1.85,nan,nan,nan,0.79,1.44,15.85,7.63,0.9,24.49,21.12
samples_design_8_dldesign_6_best,0.81,0.67,1.06,nan,nan,nan,0.58,0.91,10.24,5.12,0.9,1.68,1.72
samples_design_8_dldesign_7_best,0.65,0.72,0.7,nan,nan,nan,0.51,0.69,13.59,6.59,0.9,6.1,3.99
samples_design_9_dldesign_0_best,0.7,0.37,0.81,nan,nan,nan,0.48,0.67,10.78,5.23,0.91,13.48,7.84
samples_design_9_dldesign_1_best,0.84,0.8,1.45,nan,nan,nan,0.58,1.08,16.31,7.66,0.91,21.59,12.97
samples_design_9_dldesign_2_best,1.07,0.83,1.93,nan,nan,nan,0.71,1.38,15.96,7.48,0.91,18.64,19.37
samples_design_9_dldesign_3_best,0.9,0.6,1.28,nan,nan,nan,0.55,0.98,15.76,7.38,0.92,26.92,23.08
samples_design_9_dldesign_4_best,1.08,0.64,1.5,nan,nan,nan,0.62,1.15,15.58,7.31,0.91,24.1,24.37
samples_design_9_dldesign_5_best,0.9,0.65,1.33,nan,nan,nan,0.56,1.01,15.37,7.22,0.92,23.38,20.7
samples_design_9_dldesign_6_best,0.99,0.88,1.89,nan,nan,nan,0.68,1.35,15.89,7.45,0.91,18.48,20.83
samples_design_9_dldesign_7_best,0.95,0.6,1.85,nan,nan,nan,0.65,1.27,15.53,7.29,0.91,20.12,15.82
samples_design_10_dldesign_0_best,0.56,0.84,4.79,nan,nan,nan,1.58,3.36,16.8,8.02,0.9,13.76,14.1
samples_design_10_dldesign_1_best,0.3,0.84,1.95,nan,nan,nan,0.74,1.42,16.32,7.75,0.91,19.66,12.37
samples_design_10_dldesign_2_best,0.52,0.76,5.56,nan,nan,nan,1.81,3.88,16.25,7.77,0.91,11.89,8.69
samples_design_10_dldesign_3_best,0.8,0.94,3.34,nan,nan,nan,1.17,2.4,16.57,7.92,0.9,12.78,12.59
samples_design_10_dldesign_4_best,0.57,0.85,2.81,nan,nan,nan,0.99,2.01,16.99,8.12,0.9,7.07,7.82
samples_design_10_dldesign_5_best,0.43,1.07,4.85,nan,nan,nan,1.6,3.41,15.32,7.31,0.91,12.5,9.75
samples_design_10_dldesign_6_best,0.64,0.61,7.04,nan,nan,nan,2.28,4.9,10.97,5.5,0.89,13.22,9.52
samples_design_10_dldesign_7_best,0.49,0.76,1.57,nan,nan,nan,0.65,1.18,15.34,7.36,0.91,23.78,16.84
samples_design_11_dldesign_0_best,1.01,0.43,0.55,nan,nan,nan,0.5,0.68,16.26,7.78,0.91,18.46,17.17
samples_design_11_dldesign_1_best,1.02,0.4,0.7,nan,nan,nan,0.55,0.75,10.46,5.2,0.9,2.05,1.94
samples_design_11_dldesign_2_best,0.93,0.38,0.69,nan,nan,nan,0.56,0.71,12.86,6.27,0.9,2.61,2.69
samples_design_11_dldesign_3_best,1.04,0.47,0.67,nan,nan,nan,0.54,0.75,13.49,6.57,0.9,4.65,4.87
samples_design_11_dldesign_4_best,0.85,0.72,0.68,nan,nan,nan,0.51,0.74,16.61,7.94,0.9,10.6,7.04
samples_design_11_dldesign_5_best,1.18,0.37,1.54,nan,nan,nan,0.73,1.26,15.87,7.62,0.9,4.58,4.2
samples_design_11_dldesign_6_best,1.14,0.35,0.56,nan,nan,nan,0.53,0.73,14.4,6.95,0.91,2.89,2.94
samples_design_11_dldesign_7_best,1.1,0.37,0.73,nan,nan,nan,0.54,0.79,10.49,5.21,0.9,2.94,3.4
samples_design_12_dldesign_0_best,1.0,0.4,1.2,nan,nan,nan,0.61,0.99,12.91,6.29,0.9,10.78,5.01
samples_design_12_dldesign_1_best,0.88,0.5,2.73,nan,nan,nan,0.96,1.92,15.62,7.53,0.9,23.38,15.34
samples_design_12_dldesign_2_best,1.06,0.43,1.23,nan,nan,nan,0.63,1.03,11.4,5.64,0.89,10.0,4.17
samples_design_12_dldesign_3_best,0.94,0.34,1.01,nan,nan,nan,0.59,0.87,12.66,6.18,0.9,9.55,4.78
samples_design_12_dldesign_4_best,0.8,0.4,1.62,nan,nan,nan,0.67,1.19,11.06,5.51,0.89,8.22,4.3
samples_design_12_dldesign_5_best,0.98,0.55,2.66,nan,nan,nan,0.95,1.9,15.04,7.28,0.89,23.07,15.0
samples_design_12_dldesign_6_best,0.65,0.56,1.21,nan,nan,nan,0.58,0.93,16.63,7.97,0.89,23.39,17.72
samples_design_12_dldesign_7_best,0.66,0.45,2.36,nan,nan,nan,0.85,1.65,11.7,5.79,0.89,11.68,5.99
samples_design_13_dldesign_0_best,0.56,0.44,0.88,nan,nan,nan,0.45,0.65,15.79,7.36,0.92,16.04,17.06
samples_design_13_dldesign_1_best,0.67,0.46,0.69,nan,nan,nan,0.47,0.62,15.59,7.28,0.92,18.42,19.62
samples_design_13_dldesign_2_best,0.57,0.47,1.57,nan,nan,nan,0.58,0.98,15.71,7.39,0.91,10.14,5.08
samples_design_13_dldesign_3_best,0.85,0.45,0.73,nan,nan,nan,0.55,0.7,15.7,7.35,0.91,16.13,18.37
samples_design_13_dldesign_4_best,0.69,0.42,0.74,nan,nan,nan,0.45,0.63,15.51,7.24,0.92,27.25,23.38
samples_design_13_dldesign_5_best,0.5,0.5,2.05,nan,nan,nan,0.66,1.22,16.22,7.59,0.91,19.93,21.83
samples_design_13_dldesign_6_best,0.76,0.42,1.03,nan,nan,nan,0.5,0.77,15.6,7.29,0.91,17.88,16.08
samples_design_13_dldesign_7_best,1.02,0.42,0.77,nan,nan,nan,0.56,0.79,14.87,6.97,0.91,12.49,8.83
samples_design_14_dldesign_0_best,1.04,0.81,4.19,nan,nan,nan,1.41,2.98,7.51,3.93,0.9,25.15,17.15
samples_design_14_dldesign_1_best,0.94,0.47,4.3,nan,nan,nan,1.44,3.03,11.91,5.83,0.91,25.03,16.69
samples_design_14_dldesign_2_best,1.34,0.97,4.4,nan,nan,nan,1.49,3.16,11.46,5.66,0.9,24.95,16.91
samples_design_14_dldesign_3_best,1.07,0.39,3.97,nan,nan,nan,1.34,2.81,15.49,7.41,0.9,7.08,6.3
samples_design_14_dldesign_4_best,0.67,0.47,3.59,nan,nan,nan,1.22,2.52,11.21,5.56,0.9,25.05,16.77
samples_design_14_dldesign_5_best,1.0,0.55,4.19,nan,nan,nan,1.43,2.96,13.85,6.71,0.91,24.92,16.5
samples_design_14_dldesign_6_best,0.89,0.5,4.76,nan,nan,nan,1.57,3.34,16.22,7.8,0.9,22.27,15.7
samples_design_14_dldesign_7_best,0.63,0.44,4.17,nan,nan,nan,1.39,2.92,14.63,7.04,0.9,8.94,5.58
samples_design_15_dldesign_0_best,1.01,0.79,2.43,nan,nan,nan,0.91,1.78,8.84,4.55,0.89,25.29,17.66
samples_design_15_dldesign_1_best,0.8,0.91,2.66,nan,nan,nan,0.92,1.91,17.82,8.51,0.89,10.21,8.84
samples_design_15_dldesign_2_best,0.78,0.76,1.68,nan,nan,nan,0.7,1.27,13.19,6.48,0.89,12.29,5.98
samples_design_15_dldesign_3_best,0.89,0.74,1.2,nan,nan,nan,0.61,1.01,13.49,6.57,0.89,6.17,3.22
samples_design_15_dldesign_4_best,0.98,0.97,2.59,nan,nan,nan,0.92,1.89,17.36,8.28,0.89,5.95,7.08
samples_design_15_dldesign_5_best,0.97,0.93,2.52,nan,nan,nan,0.91,1.84,17.01,8.13,0.89,6.6,4.01
samples_design_15_dldesign_6_best,0.85,0.92,1.99,nan,nan,nan,0.76,1.5,16.32,7.84,0.89,23.87,17.37
samples_design_15_dldesign_7_best,0.88,0.73,1.37,nan,nan,nan,0.63,1.11,14.87,7.22,0.89,5.38,3.74
samples_design_16_dldesign_0_best,0.52,0.57,0.37,nan,nan,nan,0.47,0.49,15.35,7.2,0.92,19.5,11.5
samples_design_16_dldesign_1_best,0.47,0.35,0.26,nan,nan,nan,0.42,0.37,10.99,5.31,0.91,13.32,7.81
samples_design_16_dldesign_2_best,0.45,0.82,0.67,nan,nan,nan,0.43,0.65,14.17,6.69,0.91,3.26,3.75
samples_design_16_dldesign_3_best,0.42,0.67,0.37,nan,nan,nan,0.44,0.49,15.39,7.22,0.92,5.24,5.96
samples_design_16_dldesign_4_best,0.55,0.57,0.36,nan,nan,nan,0.5,0.5,11.53,5.55,0.91,12.99,7.85
samples_design_16_dldesign_5_best,0.47,0.4,0.31,nan,nan,nan,0.42,0.4,10.3,5.02,0.91,11.81,6.78
samples_design_16_dldesign_6_best,0.44,0.74,0.44,nan,nan,nan,0.49,0.55,15.31,7.18,0.92,22.59,20.98
samples_design_16_dldesign_7_best,0.46,0.56,0.33,nan,nan,nan,0.49,0.45,13.07,6.21,0.91,12.77,8.13
samples_design_17_dldesign_0_best,0.74,0.54,0.63,nan,nan,nan,0.48,0.64,11.89,5.8,0.9,10.09,4.74
samples_design_17_dldesign_1_best,0.75,0.51,0.92,nan,nan,nan,0.54,0.78,12.18,5.9,0.91,7.94,3.88
samples_design_17_dldesign_2_best,0.8,0.48,0.57,nan,nan,nan,0.51,0.63,12.2,5.93,0.9,10.65,5.37
samples_design_17_dldesign_3_best,0.76,0.47,1.14,nan,nan,nan,0.55,0.89,13.54,6.51,0.91,4.44,3.97
samples_design_17_dldesign_4_best,0.84,0.65,2.24,nan,nan,nan,0.8,1.59,14.37,6.85,0.91,6.86,4.07
samples_design_17_dldesign_5_best,0.87,0.59,2.28,nan,nan,nan,0.8,1.61,13.32,6.36,0.92,3.52,3.36
samples_design_17_dldesign_6_best,0.7,0.53,0.76,nan,nan,nan,0.47,0.69,13.2,6.36,0.91,5.65,3.14
samples_design_17_dldesign_7_best,1.02,1.13,2.25,nan,nan,nan,0.83,1.69,13.56,6.45,0.92,10.8,5.32
samples_design_18_dldesign_0_best,0.96,0.43,0.78,nan,nan,nan,0.51,0.77,16.35,7.78,0.92,13.89,12.43
samples_design_18_dldesign_1_best,0.81,0.36,0.78,nan,nan,nan,0.5,0.71,14.93,7.17,0.91,14.98,11.7
samples_design_18_dldesign_2_best,1.15,0.38,0.97,nan,nan,nan,0.59,0.93,14.8,7.11,0.91,15.3,12.46
samples_design_18_dldesign_3_best,0.67,0.34,0.74,nan,nan,nan,0.49,0.65,16.34,7.77,0.91,13.81,11.0
samples_design_18_dldesign_4_best,0.38,0.33,0.83,nan,nan,nan,0.48,0.64,15.21,7.27,0.92,15.74,15.09
samples_design_18_dldesign_5_best,1.41,0.35,0.69,nan,nan,nan,0.57,0.9,15.76,7.52,0.91,15.47,14.44
samples_design_18_dldesign_6_best,0.85,0.38,0.93,nan,nan,nan,0.54,0.81,16.47,7.83,0.91,18.4,11.67
samples_design_18_dldesign_7_best,0.92,0.33,0.83,nan,nan,nan,0.52,0.77,15.18,7.27,0.91,14.3,14.4
samples_design_19_dldesign_0_best,0.46,0.6,0.56,nan,nan,nan,0.44,0.54,15.88,7.42,0.91,5.96,4.26
samples_design_19_dldesign_1_best,0.36,0.38,0.78,nan,nan,nan,0.44,0.54,15.25,7.14,0.91,19.49,13.23
samples_design_19_dldesign_2_best,0.41,0.63,0.68,nan,nan,nan,0.45,0.58,15.39,7.2,0.91,13.43,11.18
samples_design_19_dldesign_3_best,0.45,0.19,0.69,nan,nan,nan,0.42,0.48,7.49,3.82,0.9,11.97,6.85
samples_design_19_dldesign_4_best,0.42,0.6,3.57,nan,nan,nan,0.92,2.05,16.51,7.74,0.9,17.48,18.93
samples_design_19_dldesign_5_best,0.39,0.58,0.84,nan,nan,nan,0.48,0.62,15.31,7.18,0.91,16.36,16.66
samples_design_19_dldesign_6_best,0.39,0.61,0.84,nan,nan,nan,0.46,0.63,15.65,7.31,0.91,21.44,15.11
samples_design_19_dldesign_7_best,0.45,0.6,3.42,nan,nan,nan,0.9,1.97,16.8,7.87,0.9,17.53,17.99
samples_design_20_dldesign_0_best,0.98,0.92,1.26,nan,nan,nan,0.62,1.06,14.28,6.75,0.91,10.2,6.22
samples_design_20_dldesign_1_best,0.95,1.3,4.64,nan,nan,nan,1.19,2.77,16.44,7.73,0.9,15.23,12.66
samples_design_20_dldesign_2_best,1.02,1.37,2.61,nan,nan,nan,0.81,1.77,16.57,7.79,0.9,24.9,17.65
samples_design_20_dldesign_3_best,1.01,1.07,1.55,nan,nan,nan,0.64,1.22,16.12,7.55,0.91,17.42,11.23
samples_design_20_dldesign_4_best,0.96,0.96,1.72,nan,nan,nan,0.66,1.25,15.09,7.1,0.91,11.45,8.15
samples_design_20_dldesign_5_best,1.0,1.19,1.69,nan,nan,nan,0.67,1.31,15.56,7.31,0.91,16.97,11.11
samples_design_20_dldesign_6_best,0.96,1.09,1.68,nan,nan,nan,0.65,1.27,15.97,7.5,0.9,7.24,7.32
samples_design_20_dldesign_7_best,0.95,1.15,2.21,nan,nan,nan,0.72,1.52,16.02,7.51,0.91,17.14,15.83
samples_design_21_dldesign_0_best,0.44,1.1,0.87,nan,nan,nan,0.53,0.83,16.34,7.68,0.9,21.39,13.78
samples_design_21_dldesign_1_best,0.96,1.02,1.2,nan,nan,nan,0.6,1.06,16.89,7.92,0.9,7.74,5.82
samples_design_21_dldesign_2_best,0.46,1.06,0.72,nan,nan,nan,0.49,0.77,15.22,7.17,0.91,24.67,19.44
samples_design_21_dldesign_3_best,0.49,1.04,1.58,nan,nan,nan,0.62,1.1,16.65,7.83,0.9,26.15,19.75
samples_design_21_dldesign_4_best,0.46,0.89,0.78,nan,nan,nan,0.5,0.72,16.3,7.65,0.9,23.63,19.13
samples_design_21_dldesign_5_best,0.46,0.91,0.71,nan,nan,nan,0.47,0.71,15.94,7.47,0.91,25.97,20.65
samples_design_21_dldesign_6_best,0.45,1.08,1.0,nan,nan,nan,0.53,0.87,16.89,7.93,0.9,18.93,15.89
samples_design_21_dldesign_7_best,0.47,1.01,0.5,nan,nan,nan,0.47,0.69,15.53,7.26,0.91,25.53,21.7
samples_design_22_dldesign_0_best,1.24,0.58,7.85,nan,nan,nan,2.54,5.48,15.39,7.42,0.9,18.33,9.51
samples_design_22_dldesign_1_best,0.74,0.52,5.98,nan,nan,nan,1.94,4.17,18.04,8.63,0.9,21.6,19.01
samples_design_22_dldesign_2_best,1.1,0.41,0.62,nan,nan,nan,0.55,0.75,15.04,7.19,0.91,22.53,20.67
samples_design_22_dldesign_3_best,1.09,0.53,1.87,nan,nan,nan,0.77,1.44,13.49,6.65,0.89,1.65,1.86
samples_design_22_dldesign_4_best,0.78,0.51,9.68,nan,nan,nan,3.09,6.73,14.91,7.28,0.89,18.01,12.31
samples_design_22_dldesign_5_best,0.87,0.49,4.77,nan,nan,nan,1.57,3.35,17.65,8.46,0.89,3.79,4.46
samples_design_22_dldesign_6_best,0.84,0.54,2.72,nan,nan,nan,0.97,1.96,16.62,8.03,0.89,3.39,2.59
samples_design_22_dldesign_7_best,1.28,0.74,7.84,nan,nan,nan,2.54,5.48,16.53,7.86,0.91,8.96,5.12
samples_design_23_dldesign_0_best,0.74,0.95,1.45,nan,nan,nan,0.63,1.13,13.31,6.4,0.9,7.97,4.46
samples_design_23_dldesign_1_best,0.88,1.14,1.81,nan,nan,nan,0.72,1.39,12.77,6.14,0.91,25.28,17.51
samples_design_23_dldesign_2_best,1.05,0.86,1.75,nan,nan,nan,0.69,1.34,11.34,5.52,0.9,25.65,18.05
samples_design_23_dldesign_3_best,0.58,0.76,1.65,nan,nan,nan,0.63,1.17,13.29,6.38,0.9,9.71,5.23
samples_design_23_dldesign_4_best,0.57,0.83,1.63,nan,nan,nan,0.65,1.17,12.92,6.22,0.9,9.07,5.02
samples_design_23_dldesign_5_best,0.73,1.23,1.75,nan,nan,nan,0.71,1.36,14.55,6.93,0.91,25.67,16.32
samples_design_23_dldesign_6_best,0.84,0.96,1.7,nan,nan,nan,0.69,1.29,11.37,5.52,0.91,25.51,17.49
samples_design_23_dldesign_7_best,0.76,1.04,0.91,nan,nan,nan,0.55,0.9,14.31,6.83,0.91,26.23,15.26
samples_design_24_dldesign_0_best,1.1,0.39,2.97,nan,nan,nan,1.06,2.15,17.32,8.22,0.91,15.36,15.4
samples_design_24_dldesign_1_best,0.94,0.3,1.7,nan,nan,nan,0.7,1.28,16.88,8.06,0.9,14.35,13.92
samples_design_24_dldesign_2_best,0.65,0.34,1.53,nan,nan,nan,0.65,1.13,16.05,7.68,0.9,14.85,15.23
samples_design_24_dldesign_3_best,0.86,0.43,2.39,nan,nan,nan,0.86,1.73,18.27,8.67,0.9,13.41,9.89
samples_design_24_dldesign_4_best,0.81,0.47,2.18,nan,nan,nan,0.8,1.59,17.02,8.14,0.9,15.28,12.6
samples_design_24_dldesign_5_best,0.91,0.28,1.74,nan,nan,nan,0.7,1.3,17.86,8.54,0.9,12.72,11.45
samples_design_24_dldesign_6_best,0.92,0.37,2.92,nan,nan,nan,1.03,2.09,17.5,8.43,0.9,13.09,10.49
samples_design_24_dldesign_7_best,0.77,0.35,2.32,nan,nan,nan,0.85,1.66,16.31,7.84,0.9,12.52,9.22
samples_design_25_dldesign_0_best,0.7,0.5,2.52,nan,nan,nan,0.9,1.8,16.44,7.89,0.9,11.35,9.21
samples_design_25_dldesign_1_best,0.81,0.49,4.52,nan,nan,nan,1.5,3.17,13.11,6.45,0.89,17.54,11.2
samples_design_25_dldesign_2_best,0.34,0.49,2.19,nan,nan,nan,0.79,1.55,16.98,8.14,0.9,18.82,18.68
samples_design_25_dldesign_3_best,0.72,0.42,3.01,nan,nan,nan,1.03,2.13,16.65,7.97,0.91,11.63,7.52
samples_design_25_dldesign_4_best,0.5,0.62,2.18,nan,nan,nan,0.8,1.57,16.57,7.94,0.9,16.43,9.5
samples_design_25_dldesign_5_best,0.36,0.55,2.45,nan,nan,nan,0.87,1.73,16.01,7.72,0.9,14.52,13.01
samples_design_25_dldesign_6_best,0.38,0.5,1.87,nan,nan,nan,0.71,1.33,17.35,8.29,0.9,10.72,10.74
samples_design_25_dldesign_7_best,0.71,0.5,2.23,nan,nan,nan,0.84,1.61,15.38,7.48,0.89,19.39,12.17
samples_design_26_dldesign_0_best,1.11,0.35,0.66,nan,nan,nan,0.47,0.79,16.2,7.55,0.91,14.07,16.57
samples_design_26_dldesign_1_best,1.08,0.35,0.63,nan,nan,nan,0.5,0.77,15.84,7.4,0.91,16.47,16.0
samples_design_26_dldesign_2_best,0.75,0.83,0.73,nan,nan,nan,0.49,0.77,15.37,7.21,0.91,14.01,10.04
samples_design_26_dldesign_3_best,0.88,0.91,2.85,nan,nan,nan,0.81,1.77,15.31,7.23,0.9,12.19,10.42
samples_design_26_dldesign_4_best,0.91,0.75,1.04,nan,nan,nan,0.53,0.91,17.37,8.08,0.9,25.09,21.56
samples_design_26_dldesign_5_best,0.86,0.79,1.23,nan,nan,nan,0.54,0.98,17.03,7.94,0.9,10.44,7.43
samples_design_26_dldesign_6_best,1.14,0.5,0.46,nan,nan,nan,0.49,0.79,13.96,6.57,0.91,7.72,4.74
samples_design_26_dldesign_7_best,1.1,0.31,0.68,nan,nan,nan,0.47,0.79,15.82,7.39,0.91,9.98,12.65
samples_design_27_dldesign_0_best,0.64,0.74,0.65,nan,nan,nan,0.5,0.67,16.8,8.0,0.91,22.0,22.57
samples_design_27_dldesign_1_best,0.69,0.66,0.84,nan,nan,nan,0.54,0.76,12.88,6.25,0.91,4.25,3.45
samples_design_27_dldesign_2_best,0.91,0.79,0.58,nan,nan,nan,0.51,0.73,16.21,7.73,0.91,11.32,11.85
samples_design_27_dldesign_3_best,0.78,0.68,0.71,nan,nan,nan,0.55,0.72,8.42,4.29,0.9,2.72,1.53
samples_design_27_dldesign_4_best,0.76,0.59,0.73,nan,nan,nan,0.56,0.71,8.29,4.24,0.9,1.32,1.11
samples_design_27_dldesign_5_best,0.86,0.68,0.7,nan,nan,nan,0.55,0.74,13.21,6.42,0.91,8.71,5.72
samples_design_27_dldesign_6_best,1.03,0.75,0.78,nan,nan,nan,0.57,0.85,13.32,6.45,0.9,4.62,4.54
samples_design_27_dldesign_7_best,1.1,0.64,0.78,nan,nan,nan,0.57,0.85,13.29,6.44,0.91,4.86,4.44
samples_design_28_dldesign_0_best,0.59,0.96,1.08,nan,nan,nan,0.52,0.87,16.22,7.57,0.91,9.21,7.16
samples_design_28_dldesign_1_best,0.5,0.89,1.29,nan,nan,nan,0.52,0.91,15.6,7.29,0.91,10.14,8.57
samples_design_28_dldesign_2_best,0.55,0.85,1.31,nan,nan,nan,0.52,0.92,14.77,6.94,0.9,17.16,11.34
samples_design_28_dldesign_3_best,0.47,0.97,1.42,nan,nan,nan,0.53,0.98,14.81,6.94,0.91,17.66,10.95
samples_design_28_dldesign_4_best,0.56,0.54,1.25,nan,nan,nan,0.5,0.81,14.47,6.81,0.91,11.32,6.64
samples_design_28_dldesign_5_best,0.42,1.04,1.38,nan,nan,nan,0.52,0.98,12.81,6.1,0.9,15.26,14.16
samples_design_28_dldesign_6_best,0.55,0.83,1.32,nan,nan,nan,0.53,0.91,12.52,5.98,0.9,15.35,15.2
samples_design_28_dldesign_7_best,0.52,0.9,1.43,nan,nan,nan,0.51,0.97,15.06,7.06,0.9,18.44,10.74
samples_design_29_dldesign_0_best,0.7,0.37,4.34,nan,nan,nan,1.38,2.97,13.74,6.66,0.9,16.13,10.86
samples_design_29_dldesign_1_best,0.89,0.41,2.21,nan,nan,nan,0.81,1.59,15.99,7.65,0.9,6.6,6.93
samples_design_29_dldesign_2_best,0.76,0.31,4.63,nan,nan,nan,1.46,3.16,15.54,7.48,0.9,10.7,11.42
samples_design_29_dldesign_3_best,0.56,0.54,4.28,nan,nan,nan,1.36,2.92,14.41,6.95,0.9,15.57,10.02
samples_design_29_dldesign_4_best,0.94,0.41,1.78,nan,nan,nan,0.68,1.32,16.33,7.79,0.91,18.15,14.42
samples_design_29_dldesign_5_best,0.42,0.44,4.67,nan,nan,nan,1.47,3.18,15.66,7.49,0.9,11.66,10.18
samples_design_29_dldesign_6_best,0.97,0.25,4.54,nan,nan,nan,1.46,3.12,15.94,7.66,0.9,12.89,7.23
samples_design_29_dldesign_7_best,0.86,0.49,1.78,nan,nan,nan,0.67,1.32,16.57,7.89,0.91,12.94,6.94
samples_design_30_dldesign_0_best,0.55,0.57,2.12,nan,nan,nan,0.71,1.42,16.92,8.01,0.9,10.19,11.71
samples_design_30_dldesign_1_best,0.55,0.54,1.76,nan,nan,nan,0.63,1.2,17.29,8.15,0.91,21.28,12.95
samples_design_30_dldesign_2_best,0.67,0.62,1.8,nan,nan,nan,0.65,1.26,16.81,7.93,0.91,21.84,12.36
samples_design_30_dldesign_3_best,0.87,0.59,1.67,nan,nan,nan,0.65,1.21,16.48,7.78,0.91,17.23,11.65
samples_design_30_dldesign_4_best,0.77,0.58,1.67,nan,nan,nan,0.64,1.19,17.69,8.32,0.91,17.17,9.29
samples_design_30_dldesign_5_best,0.73,0.61,1.72,nan,nan,nan,0.64,1.22,16.21,7.67,0.91,13.47,12.78
samples_design_30_dldesign_6_best,0.69,0.67,1.53,nan,nan,nan,0.61,1.11,16.04,7.6,0.91,13.68,10.48
samples_design_30_dldesign_7_best,0.54,0.66,1.26,nan,nan,nan,0.55,0.93,16.9,7.96,0.91,18.81,11.95
samples_design_31_dldesign_0_best,0.72,0.55,1.33,nan,nan,nan,0.56,0.98,13.73,6.62,0.9,13.1,7.14
samples_design_31_dldesign_1_best,0.6,0.43,2.29,nan,nan,nan,0.75,1.52,15.85,7.54,0.9,12.07,5.98
samples_design_31_dldesign_2_best,0.55,0.68,1.32,nan,nan,nan,0.55,0.97,15.61,7.39,0.91,8.01,6.04
samples_design_31_dldesign_3_best,0.62,0.83,1.29,nan,nan,nan,0.54,0.99,16.51,7.8,0.91,15.72,11.69
samples_design_31_dldesign_4_best,0.57,0.51,1.45,nan,nan,nan,0.55,1.02,16.48,7.78,0.91,27.02,13.52
samples_design_31_dldesign_5_best,0.95,0.87,1.08,nan,nan,nan,0.53,0.99,18.34,8.65,0.9,12.53,9.08
samples_design_31_dldesign_6_best,0.58,0.63,2.13,nan,nan,nan,0.71,1.44,16.1,7.61,0.91,20.1,13.74
samples_design_31_dldesign_7_best,0.63,0.57,1.92,nan,nan,nan,0.69,1.31,15.3,7.28,0.91,13.94,8.14
samples_design_32_dldesign_0_best,0.5,0.66,3.3,nan,nan,nan,1.06,2.22,14.31,6.84,0.91,16.64,13.48
samples_design_32_dldesign_1_best,0.45,0.59,3.24,nan,nan,nan,1.03,2.17,15.14,7.2,0.91,17.62,14.26
samples_design_32_dldesign_2_best,0.44,0.6,2.71,nan,nan,nan,0.89,1.83,16.35,7.77,0.9,22.61,16.7
samples_design_32_dldesign_3_best,0.76,0.55,3.29,nan,nan,nan,1.05,2.22,15.26,7.26,0.91,19.3,14.16
samples_design_32_dldesign_4_best,0.74,0.57,3.27,nan,nan,nan,1.04,2.22,15.23,7.24,0.91,14.59,13.93
samples_design_32_dldesign_5_best,0.84,0.39,0.7,nan,nan,nan,0.47,0.68,15.64,7.45,0.9,16.65,12.35
samples_design_32_dldesign_6_best,0.91,0.38,1.27,nan,nan,nan,0.58,1.0,15.62,7.4,0.91,13.78,10.44
samples_design_32_dldesign_7_best,0.46,0.66,3.29,nan,nan,nan,1.05,2.21,14.84,7.06,0.91,15.4,14.27
samples_design_33_dldesign_0_best,0.56,0.62,2.76,nan,nan,nan,0.91,1.87,14.56,6.95,0.91,11.21,5.46
samples_design_33_dldesign_1_best,0.7,0.49,2.97,nan,nan,nan,0.95,2.01,17.28,8.18,0.9,22.6,16.54
samples_design_33_dldesign_2_best,0.63,0.74,2.59,nan,nan,nan,0.88,1.79,12.31,5.98,0.9,10.74,4.69
samples_design_33_dldesign_3_best,0.63,0.63,2.22,nan,nan,nan,0.78,1.54,13.11,6.32,0.9,9.8,4.53
samples_design_33_dldesign_4_best,0.58,0.68,0.35,nan,nan,nan,0.46,0.52,12.92,6.22,0.91,11.9,5.62
samples_design_33_dldesign_5_best,0.54,0.6,2.67,nan,nan,nan,0.89,1.81,14.19,6.81,0.91,25.19,15.16
samples_design_33_dldesign_6_best,0.63,0.55,2.76,nan,nan,nan,0.91,1.87,14.65,7.03,0.9,7.75,3.53
samples_design_33_dldesign_7_best,0.52,0.55,0.45,nan,nan,nan,0.41,0.5,14.25,6.8,0.91,10.19,5.06
samples_design_34_dldesign_0_best,1.34,1.15,0.85,nan,nan,nan,0.64,1.07,13.52,6.52,0.91,11.04,11.49
samples_design_34_dldesign_1_best,0.97,0.41,0.93,nan,nan,nan,0.57,0.85,16.39,7.8,0.91,12.76,9.94
samples_design_34_dldesign_2_best,0.78,0.74,1.15,nan,nan,nan,0.56,0.98,15.81,7.53,0.91,13.17,12.02
samples_design_34_dldesign_3_best,0.75,0.43,0.93,nan,nan,nan,0.53,0.79,14.72,7.09,0.9,9.27,9.08
samples_design_34_dldesign_4_best,0.71,0.47,0.95,nan,nan,nan,0.54,0.8,14.15,6.83,0.91,23.39,19.47
samples_design_34_dldesign_5_best,0.88,0.33,1.04,nan,nan,nan,0.56,0.88,14.63,7.01,0.91,12.5,12.82
samples_design_34_dldesign_6_best,0.96,0.51,0.87,nan,nan,nan,0.54,0.83,15.68,7.48,0.91,6.2,4.37
samples_design_34_dldesign_7_best,1.16,0.5,1.0,nan,nan,nan,0.58,0.96,13.52,6.52,0.91,8.46,8.66
samples_design_35_dldesign_0_best,0.68,0.79,3.13,nan,nan,nan,1.03,2.13,14.64,6.97,0.91,14.93,9.68
samples_design_35_dldesign_1_best,0.48,0.93,0.83,nan,nan,nan,0.51,0.78,8.58,4.34,0.9,6.87,2.71
samples_design_35_dldesign_2_best,0.5,0.82,1.18,nan,nan,nan,0.57,0.93,15.96,7.57,0.91,27.08,15.9
samples_design_35_dldesign_3_best,0.59,0.76,1.11,nan,nan,nan,0.55,0.89,10.48,5.17,0.9,7.82,3.42
samples_design_35_dldesign_4_best,0.47,1.03,1.04,nan,nan,nan,0.55,0.9,9.12,4.59,0.9,8.58,3.63
samples_design_35_dldesign_5_best,0.47,0.85,2.64,nan,nan,nan,0.89,1.81,15.78,7.51,0.91,20.62,14.7
samples_design_35_dldesign_6_best,0.55,0.86,1.58,nan,nan,nan,0.65,1.17,14.66,7.02,0.9,11.95,7.61
samples_design_35_dldesign_7_best,0.63,1.02,1.13,nan,nan,nan,0.58,0.98,13.36,6.44,0.91,7.97,4.87
samples_design_36_dldesign_0_best,0.96,0.44,1.45,nan,nan,nan,0.55,1.0,16.11,7.5,0.91,19.4,21.24
samples_design_36_dldesign_1_best,0.93,0.38,1.61,nan,nan,nan,0.59,1.05,5.64,3.08,0.9,8.21,6.16
samples_design_36_dldesign_2_best,1.0,0.5,1.43,nan,nan,nan,0.59,1.02,15.31,7.18,0.9,17.64,20.89
samples_design_36_dldesign_3_best,0.88,0.48,0.9,nan,nan,nan,0.53,0.78,16.32,7.61,0.91,10.9,14.1
samples_design_36_dldesign_4_best,0.98,0.51,1.71,nan,nan,nan,0.62,1.13,16.56,7.74,0.9,21.5,18.16
samples_design_36_dldesign_5_best,1.0,0.4,1.5,nan,nan,nan,0.57,1.03,14.62,6.87,0.9,10.51,7.13
samples_design_36_dldesign_6_best,1.09,0.48,1.93,nan,nan,nan,0.65,1.25,15.71,7.35,0.91,13.96,14.89
samples_design_36_dldesign_7_best,1.05,0.5,1.53,nan,nan,nan,0.59,1.08,15.42,7.2,0.91,15.85,14.63
samples_design_37_dldesign_0_best,0.93,0.61,3.13,nan,nan,nan,1.03,2.15,14.71,7.03,0.91,15.38,10.9
samples_design_37_dldesign_1_best,0.52,0.58,3.02,nan,nan,nan,0.97,2.03,15.08,7.19,0.91,7.34,7.21
samples_design_37_dldesign_2_best,0.71,0.47,2.61,nan,nan,nan,0.88,1.78,12.75,6.18,0.9,11.24,6.37
samples_design_37_dldesign_3_best,0.49,0.54,3.06,nan,nan,nan,0.98,2.06,15.23,7.22,0.91,9.24,8.18
samples_design_37_dldesign_4_best,0.6,0.39,2.87,nan,nan,nan,0.94,1.93,15.22,7.26,0.9,9.63,5.26
samples_design_37_dldesign_5_best,1.01,0.66,3.18,nan,nan,nan,1.04,2.19,14.81,7.07,0.91,13.81,10.51
samples_design_37_dldesign_6_best,0.62,0.39,1.06,nan,nan,nan,0.53,0.8,15.34,7.3,0.9,11.33,6.21
samples_design_37_dldesign_7_best,0.5,0.5,3.03,nan,nan,nan,0.97,2.03,16.44,7.76,0.91,6.79,4.89
samples_design_38_dldesign_0_best,0.53,0.54,2.57,nan,nan,nan,0.83,1.7,15.23,7.24,0.91,13.8,7.87
samples_design_38_dldesign_1_best,0.54,0.52,2.47,nan,nan,nan,0.8,1.63,15.48,7.33,0.91,12.96,7.02
samples_design_38_dldesign_2_best,0.55,0.63,2.81,nan,nan,nan,0.87,1.85,16.64,7.86,0.91,6.02,6.33
samples_design_38_dldesign_3_best,0.48,0.57,2.68,nan,nan,nan,0.84,1.76,16.25,7.69,0.91,15.14,12.36
samples_design_38_dldesign_4_best,0.48,0.62,2.65,nan,nan,nan,0.84,1.75,15.62,7.39,0.91,12.11,10.42
samples_design_38_dldesign_5_best,0.47,0.72,2.51,nan,nan,nan,0.8,1.67,17.07,8.03,0.91,14.89,11.27
samples_design_38_dldesign_6_best,0.5,0.61,2.39,nan,nan,nan,0.77,1.59,16.16,7.65,0.91,18.2,12.72
samples_design_38_dldesign_7_best,0.53,0.63,2.56,nan,nan,nan,0.81,1.7,16.27,7.7,0.91,10.38,8.68
samples_design_39_dldesign_0_best,0.89,2.25,2.17,nan,nan,nan,0.96,1.92,15.52,7.44,0.91,7.78,7.78
samples_design_39_dldesign_1_best,0.81,2.28,4.35,nan,nan,nan,1.54,3.24,14.21,6.85,0.91,10.84,9.28
samples_design_39_dldesign_2_best,0.96,2.27,4.52,nan,nan,nan,1.59,3.36,13.83,6.68,0.91,11.73,11.15
samples_design_39_dldesign_3_best,0.87,2.31,5.1,nan,nan,nan,1.76,3.74,11.59,5.74,0.9,14.32,14.57
samples_design_39_dldesign_4_best,0.78,2.44,1.6,nan,nan,nan,0.86,1.68,15.36,7.34,0.91,19.7,14.38
samples_design_39_dldesign_5_best,0.53,2.37,2.23,nan,nan,nan,0.97,1.95,15.8,7.54,0.91,10.89,8.74
samples_design_39_dldesign_6_best,0.68,2.32,2.22,nan,nan,nan,0.98,1.95,13.47,6.59,0.9,3.57,3.48
samples_design_39_dldesign_7_best,0.6,2.33,2.14,nan,nan,nan,0.96,1.9,15.71,7.49,0.91,10.88,9.35
samples_design_40_dldesign_0_best,0.89,0.54,1.52,nan,nan,nan,0.66,1.2,15.79,7.57,0.91,23.31,18.41
samples_design_40_dldesign_1_best,0.93,0.67,1.5,nan,nan,nan,0.67,1.21,14.97,7.19,0.91,23.14,18.11
samples_design_40_dldesign_2_best,0.7,0.58,1.29,nan,nan,nan,0.59,1.02,16.28,7.77,0.91,6.96,6.26
samples_design_40_dldesign_3_best,0.67,0.49,1.39,nan,nan,nan,0.6,1.07,15.4,7.41,0.91,6.13,6.44
samples_design_40_dldesign_4_best,0.86,0.68,1.47,nan,nan,nan,0.65,1.17,16.61,7.92,0.91,6.78,4.23
samples_design_40_dldesign_5_best,0.86,0.34,1.58,nan,nan,nan,0.66,1.21,14.61,7.03,0.91,20.37,16.84
samples_design_40_dldesign_6_best,0.9,0.51,1.49,nan,nan,nan,0.66,1.18,15.72,7.52,0.91,23.87,18.29
samples_design_40_dldesign_7_best,0.85,0.5,1.39,nan,nan,nan,0.62,1.1,17.29,8.22,0.91,19.97,18.19
samples_design_41_dldesign_0_best,0.94,0.65,1.77,nan,nan,nan,0.63,1.17,14.83,6.99,0.9,19.15,20.74
samples_design_41_dldesign_1_best,1.25,0.47,1.51,nan,nan,nan,0.62,1.15,14.7,6.9,0.91,13.13,14.13
samples_design_41_dldesign_2_best,1.02,0.45,2.07,nan,nan,nan,0.65,1.29,16.87,7.87,0.9,4.83,2.59
samples_design_41_dldesign_3_best,0.6,0.65,1.76,nan,nan,nan,0.6,1.07,4.64,2.64,0.9,9.52,7.13
samples_design_41_dldesign_4_best,1.07,0.51,1.32,nan,nan,nan,0.6,1.01,14.26,6.74,0.9,16.31,20.41
samples_design_41_dldesign_5_best,1.04,0.51,1.06,nan,nan,nan,0.56,0.91,14.99,7.06,0.9,9.78,7.51
samples_design_41_dldesign_6_best,1.05,0.43,1.07,nan,nan,nan,0.57,0.9,15.33,7.22,0.9,20.32,21.91
samples_design_41_dldesign_7_best,0.92,0.65,1.41,nan,nan,nan,0.58,1.01,16.41,7.66,0.9,15.49,16.64
samples_design_42_dldesign_0_best,0.45,0.67,3.46,nan,nan,nan,1.09,2.32,14.88,7.07,0.91,15.36,11.42
samples_design_42_dldesign_1_best,0.6,0.59,3.43,nan,nan,nan,1.11,2.31,11.53,5.64,0.9,25.43,18.49
samples_design_42_dldesign_2_best,0.4,0.66,3.37,nan,nan,nan,1.07,2.26,15.08,7.14,0.91,10.97,10.03
samples_design_42_dldesign_3_best,0.49,0.73,3.37,nan,nan,nan,1.07,2.27,15.67,7.43,0.91,7.28,8.89
samples_design_42_dldesign_4_best,0.55,0.85,3.36,nan,nan,nan,1.08,2.28,15.44,7.33,0.91,9.33,9.78
samples_design_42_dldesign_5_best,0.47,0.85,3.45,nan,nan,nan,1.09,2.33,15.57,7.41,0.91,11.98,11.49
samples_design_42_dldesign_6_best,0.46,0.83,3.43,nan,nan,nan,1.09,2.31,15.83,7.53,0.91,13.55,10.54
samples_design_42_dldesign_7_best,0.6,0.45,3.41,nan,nan,nan,1.1,2.28,10.45,5.14,0.9,25.83,17.42
samples_design_43_dldesign_0_best,0.99,0.69,1.97,nan,nan,nan,0.69,1.36,14.39,6.8,0.91,13.38,8.63
samples_design_43_dldesign_1_best,0.48,0.44,0.68,nan,nan,nan,0.44,0.55,15.49,7.25,0.92,16.99,17.95
samples_design_43_dldesign_2_best,0.34,0.45,0.56,nan,nan,nan,0.48,0.46,11.79,5.66,0.91,12.97,7.99
samples_design_43_dldesign_3_best,0.78,0.33,1.09,nan,nan,nan,0.51,0.82,12.83,6.12,0.91,13.07,8.26
samples_design_43_dldesign_4_best,0.52,0.31,0.5,nan,nan,nan,0.43,0.46,15.5,7.26,0.92,14.06,16.49
samples_design_43_dldesign_5_best,0.49,0.38,0.67,nan,nan,nan,0.43,0.53,15.63,7.33,0.92,20.15,15.4
samples_design_43_dldesign_6_best,0.52,0.29,0.49,nan,nan,nan,0.45,0.45,11.89,5.7,0.91,9.98,5.98
samples_design_43_dldesign_7_best,0.7,0.3,0.89,nan,nan,nan,0.47,0.69,11.63,5.61,0.9,14.17,8.82
samples_design_44_dldesign_0_best,0.78,0.99,1.12,nan,nan,nan,0.55,0.98,15.82,7.45,0.91,25.33,15.44
samples_design_44_dldesign_1_best,0.75,0.82,0.92,nan,nan,nan,0.55,0.84,13.41,6.41,0.91,9.4,5.73
samples_design_44_dldesign_2_best,0.92,0.88,1.0,nan,nan,nan,0.58,0.94,12.71,6.09,0.91,8.09,4.78
samples_design_44_dldesign_3_best,0.84,0.78,1.51,nan,nan,nan,0.65,1.13,12.73,6.11,0.91,4.25,4.1
samples_design_44_dldesign_4_best,0.8,0.98,1.4,nan,nan,nan,0.6,1.11,15.48,7.29,0.91,7.96,5.78
samples_design_44_dldesign_5_best,0.82,0.81,1.34,nan,nan,nan,0.6,1.04,12.86,6.16,0.91,5.26,3.41
samples_design_44_dldesign_6_best,0.88,0.9,1.02,nan,nan,nan,0.57,0.94,13.2,6.31,0.91,8.65,5.08
samples_design_44_dldesign_7_best,0.68,1.07,1.08,nan,nan,nan,0.58,0.96,14.54,6.87,0.91,19.59,10.23
samples_design_45_dldesign_0_best,0.94,0.72,1.06,nan,nan,nan,0.56,0.93,15.2,7.16,0.91,25.5,15.52
samples_design_45_dldesign_1_best,0.93,0.69,0.98,nan,nan,nan,0.56,0.89,14.91,7.04,0.91,25.42,15.7
samples_design_45_dldesign_2_best,0.79,0.84,0.68,nan,nan,nan,0.51,0.76,15.13,7.14,0.91,23.43,15.56
samples_design_45_dldesign_3_best,0.58,0.64,1.05,nan,nan,nan,0.48,0.8,16.37,7.66,0.91,22.39,19.97
samples_design_45_dldesign_4_best,0.94,0.86,1.13,nan,nan,nan,0.56,1.0,15.71,7.39,0.91,17.98,10.19
samples_design_45_dldesign_5_best,0.62,0.76,0.95,nan,nan,nan,0.48,0.8,15.83,7.43,0.92,19.39,17.05
samples_design_45_dldesign_6_best,0.57,0.73,1.19,nan,nan,nan,0.5,0.89,16.62,7.8,0.91,11.22,12.66
samples_design_45_dldesign_7_best,1.0,0.63,1.02,nan,nan,nan,0.57,0.92,14.84,7.01,0.91,24.75,15.76
samples_design_46_dldesign_0_best,0.86,0.88,2.19,nan,nan,nan,0.79,1.58,13.14,6.31,0.91,3.59,2.71
samples_design_46_dldesign_1_best,0.7,0.79,0.54,nan,nan,nan,0.52,0.66,11.55,5.63,0.9,12.18,5.22
samples_design_46_dldesign_2_best,0.76,0.89,0.65,nan,nan,nan,0.53,0.75,12.44,6.02,0.91,11.71,5.08
samples_design_46_dldesign_3_best,0.64,0.83,0.54,nan,nan,nan,0.51,0.66,12.24,5.93,0.91,12.05,5.17
samples_design_46_dldesign_4_best,0.8,0.61,2.37,nan,nan,nan,0.82,1.65,16.38,7.78,0.9,12.66,10.34
samples_design_46_dldesign_5_best,0.87,0.66,2.2,nan,nan,nan,0.79,1.57,13.25,6.37,0.91,8.88,4.31
samples_design_46_dldesign_6_best,0.74,0.67,2.38,nan,nan,nan,0.84,1.66,12.44,6.05,0.9,11.55,4.65
samples_design_46_dldesign_7_best,0.93,1.35,0.51,nan,nan,nan,0.57,0.92,12.21,5.93,0.91,13.18,5.48
samples_design_47_dldesign_0_best,1.44,1.01,2.52,nan,nan,nan,0.98,1.97,9.3,4.7,0.89,5.68,5.01
samples_design_47_dldesign_1_best,1.04,0.64,0.83,nan,nan,nan,0.54,0.86,10.8,5.41,0.89,1.73,1.28
samples_design_47_dldesign_2_best,1.04,0.57,2.37,nan,nan,nan,0.88,1.75,16.97,8.1,0.9,11.46,12.27
samples_design_47_dldesign_3_best,0.59,0.52,1.94,nan,nan,nan,0.73,1.4,17.45,8.29,0.9,15.61,14.57
samples_design_47_dldesign_4_best,1.38,0.85,2.64,nan,nan,nan,1.0,2.01,5.99,3.28,0.89,6.32,5.56
samples_design_47_dldesign_5_best,1.01,0.71,2.07,nan,nan,nan,0.8,1.57,13.0,6.34,0.9,3.5,3.28
samples_design_47_dldesign_6_best,0.73,0.63,2.22,nan,nan,nan,0.82,1.62,15.97,7.63,0.9,16.66,14.62
samples_design_47_dldesign_7_best,0.96,0.75,2.04,nan,nan,nan,0.79,1.55,16.29,7.77,0.9,18.58,18.13
samples_design_48_dldesign_0_best,0.84,0.65,5.71,nan,nan,nan,1.87,4.0,13.18,6.45,0.9,9.87,8.7
samples_design_48_dldesign_1_best,0.73,0.7,4.17,nan,nan,nan,1.4,2.94,12.85,6.34,0.89,7.47,6.04
samples_design_48_dldesign_2_best,0.61,0.77,6.15,nan,nan,nan,2.0,4.29,10.02,5.05,0.89,14.89,12.99
samples_design_48_dldesign_3_best,0.65,0.67,3.73,nan,nan,nan,1.26,2.63,14.36,6.97,0.9,4.37,4.5
samples_design_48_dldesign_4_best,0.68,0.67,4.14,nan,nan,nan,1.38,2.91,14.02,6.84,0.89,7.87,6.28
samples_design_48_dldesign_5_best,0.75,0.8,5.98,nan,nan,nan,1.95,4.18,12.8,6.26,0.9,13.18,10.5
samples_design_48_dldesign_6_best,0.75,0.9,6.66,nan,nan,nan,2.16,4.65,7.96,4.13,0.89,13.47,11.55
samples_design_48_dldesign_7_best,0.61,0.79,5.6,nan,nan,nan,1.82,3.91,12.38,6.06,0.9,10.14,7.4
samples_design_49_dldesign_0_best,1.05,0.89,1.29,nan,nan,nan,0.64,1.15,15.69,7.55,0.9,10.6,11.15
samples_design_49_dldesign_1_best,0.97,0.95,1.17,nan,nan,nan,0.63,1.07,15.47,7.43,0.91,7.7,6.13
samples_design_49_dldesign_2_best,0.92,0.49,1.13,nan,nan,nan,0.55,0.96,15.43,7.43,0.9,17.43,15.79
samples_design_49_dldesign_3_best,0.58,0.46,1.37,nan,nan,nan,0.58,1.04,16.77,8.01,0.9,7.14,7.45
samples_design_49_dldesign_4_best,1.08,0.87,1.13,nan,nan,nan,0.62,1.06,16.66,7.95,0.91,10.57,11.83
samples_design_49_dldesign_5_best,1.08,0.62,1.43,nan,nan,nan,0.66,1.19,16.13,7.75,0.9,13.21,13.05
samples_design_49_dldesign_6_best,0.9,0.49,1.35,nan,nan,nan,0.6,1.09,15.17,7.32,0.9,14.65,14.18
samples_design_49_dldesign_7_best,0.96,0.47,1.37,nan,nan,nan,0.61,1.12,15.15,7.31,0.9,15.83,14.77
samples_design_0_dldesign_0_best,0.68,0.85,3.09,nan,nan,nan,1.01,2.12,15.47,7.35,0.91,8.58,8.24
samples_design_0_dldesign_1_best,0.56,0.7,2.99,nan,nan,nan,0.98,2.03,14.64,7.03,0.9,7.19,8.0
samples_design_0_dldesign_2_best,0.5,0.79,3.13,nan,nan,nan,1.01,2.12,14.68,6.99,0.91,8.96,10.69
samples_design_0_dldesign_3_best,0.77,0.69,3.34,nan,nan,nan,1.08,2.27,13.62,6.54,0.91,15.64,9.57
samples_design_0_dldesign_4_best,0.53,0.45,0.89,nan,nan,nan,0.51,0.69,13.92,6.67,0.91,10.24,5.59
samples_design_0_dldesign_5_best,0.58,0.45,0.89,nan,nan,nan,0.5,0.7,13.88,6.67,0.9,9.6,5.13
samples_design_0_dldesign_6_best,0.48,0.72,3.14,nan,nan,nan,1.01,2.12,15.41,7.32,0.91,8.6,9.6
samples_design_0_dldesign_7_best,0.43,0.72,3.14,nan,nan,nan,1.01,2.11,16.09,7.61,0.91,7.09,8.44
samples_design_1_dldesign_0_best,0.36,0.57,2.46,nan,nan,nan,0.78,1.62,17.17,8.11,0.91,12.11,10.66
samples_design_1_dldesign_1_best,0.82,0.74,2.43,nan,nan,nan,0.82,1.67,16.06,7.61,0.91,15.39,9.34
samples_design_1_dldesign_2_best,0.59,0.55,2.02,nan,nan,nan,0.69,1.37,17.15,8.1,0.9,17.84,15.69
samples_design_1_dldesign_3_best,0.37,0.75,2.56,nan,nan,nan,0.81,1.7,16.44,7.77,0.91,12.65,14.94
samples_design_1_dldesign_4_best,0.38,0.57,2.67,nan,nan,nan,0.83,1.75,16.0,7.56,0.91,10.62,11.81
samples_design_1_dldesign_5_best,0.47,0.55,2.8,nan,nan,nan,0.87,1.83,16.49,7.79,0.91,17.42,11.49
samples_design_1_dldesign_6_best,1.04,0.41,2.32,nan,nan,nan,0.78,1.61,17.11,8.08,0.9,19.76,18.0
samples_design_1_dldesign_7_best,0.38,0.55,1.89,nan,nan,nan,0.65,1.26,16.22,7.68,0.91,11.72,11.48
samples_design_2_dldesign_0_best,0.64,0.83,0.89,nan,nan,nan,0.53,0.79,16.29,7.61,0.91,10.29,8.81
samples_design_2_dldesign_1_best,0.96,0.79,0.73,nan,nan,nan,0.52,0.84,15.55,7.25,0.91,26.96,19.11
samples_design_2_dldesign_2_best,0.99,0.85,0.44,nan,nan,nan,0.5,0.81,16.11,7.5,0.91,26.58,21.25
samples_design_2_dldesign_3_best,0.83,0.73,0.23,nan,nan,nan,0.48,0.66,13.5,6.39,0.91,11.3,7.6
samples_design_2_dldesign_4_best,1.02,0.86,0.34,nan,nan,nan,0.5,0.81,15.85,7.41,0.91,24.78,20.45
samples_design_2_dldesign_5_best,0.84,0.63,0.47,nan,nan,nan,0.48,0.68,14.39,6.76,0.91,8.94,6.69
samples_design_2_dldesign_6_best,0.89,0.83,0.51,nan,nan,nan,0.49,0.77,15.44,7.21,0.92,18.38,19.09
samples_design_2_dldesign_7_best,0.77,0.59,0.73,nan,nan,nan,0.46,0.7,16.52,7.69,0.91,10.12,9.09
samples_design_3_dldesign_0_best,0.74,0.51,1.62,nan,nan,nan,0.61,1.12,14.8,7.0,0.91,11.28,5.14
samples_design_3_dldesign_1_best,0.84,0.59,1.68,nan,nan,nan,0.69,1.19,12.72,6.1,0.91,10.4,4.85
samples_design_3_dldesign_2_best,0.79,0.75,1.73,nan,nan,nan,0.66,1.23,15.3,7.21,0.91,25.55,17.18
samples_design_3_dldesign_3_best,0.81,0.53,1.52,nan,nan,nan,0.63,1.09,14.38,6.82,0.91,24.9,16.46
samples_design_3_dldesign_4_best,0.76,0.55,1.59,nan,nan,nan,0.63,1.11,14.78,6.99,0.91,12.51,6.35
samples_design_3_dldesign_5_best,0.62,0.56,1.33,nan,nan,nan,0.56,0.94,15.66,7.39,0.91,9.93,7.36
samples_design_3_dldesign_6_best,0.71,0.71,1.15,nan,nan,nan,0.52,0.9,16.28,7.65,0.91,8.79,6.92
samples_design_3_dldesign_7_best,0.8,0.7,0.91,nan,nan,nan,0.52,0.82,15.92,7.47,0.91,13.81,13.08
samples_design_4_dldesign_0_best,0.91,0.83,1.32,nan,nan,nan,0.56,1.02,16.0,7.51,0.9,10.28,7.4
samples_design_4_dldesign_1_best,1.13,0.86,1.7,nan,nan,nan,0.69,1.24,13.99,6.62,0.91,10.19,5.25
samples_design_4_dldesign_2_best,0.97,0.54,1.67,nan,nan,nan,0.61,1.11,14.12,6.66,0.91,12.18,5.97
samples_design_4_dldesign_3_best,1.04,0.89,3.16,nan,nan,nan,0.83,1.86,15.92,7.43,0.91,7.8,6.76
samples_design_4_dldesign_4_best,0.95,0.83,2.81,nan,nan,nan,0.76,1.67,16.37,7.66,0.91,20.7,15.8
samples_design_4_dldesign_5_best,0.9,0.93,2.61,nan,nan,nan,0.73,1.58,16.35,7.64,0.91,17.46,12.63
samples_design_4_dldesign_6_best,0.9,0.66,2.63,nan,nan,nan,0.72,1.54,16.34,7.64,0.91,15.31,13.71
samples_design_4_dldesign_7_best,0.93,0.9,2.73,nan,nan,nan,0.76,1.64,15.92,7.46,0.91,14.35,12.4
samples_design_5_dldesign_0_best,1.05,0.6,1.85,nan,nan,nan,0.64,1.26,15.65,7.33,0.91,12.22,9.57
samples_design_5_dldesign_1_best,1.3,0.95,4.82,nan,nan,nan,1.26,2.87,15.11,7.14,0.91,14.7,12.7
samples_design_5_dldesign_2_best,0.97,0.4,0.89,nan,nan,nan,0.48,0.81,10.85,5.27,0.9,10.92,6.27
samples_design_5_dldesign_3_best,0.93,0.7,0.7,nan,nan,nan,0.5,0.79,14.25,6.71,0.91,10.01,6.5
samples_design_5_dldesign_4_best,1.02,0.64,0.85,nan,nan,nan,0.53,0.86,14.31,6.76,0.91,9.33,6.41
samples_design_5_dldesign_5_best,0.98,0.8,0.94,nan,nan,nan,0.5,0.91,15.71,7.37,0.91,8.65,6.56
samples_design_5_dldesign_6_best,1.09,0.99,4.07,nan,nan,nan,1.09,2.45,16.17,7.6,0.91,20.09,12.07
samples_design_5_dldesign_7_best,0.89,0.44,1.09,nan,nan,nan,0.51,0.85,15.11,7.09,0.91,10.54,7.41
samples_design_6_dldesign_0_best,0.91,0.45,0.62,nan,nan,nan,0.49,0.7,15.99,7.46,0.91,27.1,19.52
samples_design_6_dldesign_1_best,0.77,0.73,0.33,nan,nan,nan,0.46,0.65,15.92,7.44,0.91,24.97,20.4
samples_design_6_dldesign_2_best,0.68,0.75,0.43,nan,nan,nan,0.46,0.64,16.18,7.54,0.91,18.16,15.56
samples_design_6_dldesign_3_best,0.73,0.73,0.95,nan,nan,nan,0.5,0.8,16.6,7.77,0.9,20.62,17.96
samples_design_6_dldesign_4_best,0.7,0.61,0.41,nan,nan,nan,0.45,0.59,15.95,7.44,0.91,17.18,13.99
samples_design_6_dldesign_5_best,0.71,0.44,0.38,nan,nan,nan,0.46,0.54,14.88,6.98,0.91,10.62,7.16
samples_design_6_dldesign_6_best,0.71,0.63,0.31,nan,nan,nan,0.45,0.58,16.55,7.7,0.91,21.26,14.56
samples_design_6_dldesign_7_best,0.68,0.3,0.41,nan,nan,nan,0.45,0.51,9.98,4.89,0.9,12.86,7.13
samples_design_7_dldesign_0_best,0.43,0.59,2.79,nan,nan,nan,0.93,1.92,15.04,7.2,0.91,8.61,9.39
samples_design_7_dldesign_1_best,0.45,0.52,2.52,nan,nan,nan,0.87,1.75,14.37,6.93,0.91,8.4,8.94
samples_design_7_dldesign_2_best,0.6,0.58,3.71,nan,nan,nan,1.2,2.55,14.63,7.09,0.89,11.42,11.56
samples_design_7_dldesign_3_best,0.42,0.79,2.79,nan,nan,nan,0.94,1.94,14.73,7.07,0.91,16.59,11.86
samples_design_7_dldesign_4_best,0.35,0.64,2.48,nan,nan,nan,0.85,1.72,15.82,7.55,0.91,21.65,15.99
samples_design_7_dldesign_5_best,0.47,0.62,3.51,nan,nan,nan,1.14,2.41,16.48,7.9,0.9,17.58,12.15
samples_design_7_dldesign_6_best,0.52,0.68,1.75,nan,nan,nan,0.67,1.27,16.11,7.67,0.91,12.43,9.43
samples_design_7_dldesign_7_best,0.57,0.73,3.02,nan,nan,nan,1.02,2.1,13.99,6.75,0.9,16.79,11.88
samples_design_8_dldesign_0_best,0.61,0.61,0.74,nan,nan,nan,0.5,0.68,11.19,5.51,0.9,5.2,5.0
samples_design_8_dldesign_1_best,0.54,0.71,0.64,nan,nan,nan,0.45,0.63,16.36,7.79,0.91,22.41,20.65
samples_design_8_dldesign_2_best,0.58,0.69,0.75,nan,nan,nan,0.48,0.69,14.23,6.86,0.91,7.25,7.27
samples_design_8_dldesign_3_best,0.64,0.75,0.57,nan,nan,nan,0.45,0.64,16.31,7.76,0.91,20.93,21.36
samples_design_8_dldesign_4_best,0.91,0.74,0.7,nan,nan,nan,0.52,0.78,14.68,7.05,0.91,1.75,1.91
samples_design_8_dldesign_5_best,0.89,0.69,0.67,nan,nan,nan,0.5,0.74,13.37,6.48,0.91,5.75,4.61
samples_design_8_dldesign_6_best,0.92,0.69,0.68,nan,nan,nan,0.52,0.76,13.41,6.48,0.91,24.37,19.56
samples_design_8_dldesign_7_best,1.03,0.58,0.7,nan,nan,nan,0.56,0.78,5.21,2.9,0.9,1.54,1.56
samples_design_9_dldesign_0_best,1.0,0.69,1.67,nan,nan,nan,0.61,1.15,15.43,7.22,0.91,20.43,14.19
samples_design_9_dldesign_1_best,1.11,0.39,1.51,nan,nan,nan,0.61,1.08,13.51,6.39,0.91,8.6,6.42
samples_design_9_dldesign_2_best,1.11,0.43,1.63,nan,nan,nan,0.62,1.13,11.34,5.48,0.9,9.07,6.01
samples_design_9_dldesign_3_best,1.09,0.36,1.53,nan,nan,nan,0.61,1.07,12.22,5.84,0.9,9.12,7.21
samples_design_9_dldesign_4_best,1.02,0.64,1.52,nan,nan,nan,0.6,1.09,15.32,7.18,0.91,19.56,14.52
samples_design_9_dldesign_5_best,1.13,0.64,2.16,nan,nan,nan,0.73,1.39,14.99,7.03,0.91,20.74,14.49
samples_design_9_dldesign_6_best,1.08,0.38,1.51,nan,nan,nan,0.6,1.06,13.66,6.45,0.91,7.71,6.24
samples_design_9_dldesign_7_best,1.06,0.6,2.08,nan,nan,nan,0.69,1.33,16.2,7.56,0.91,16.31,13.46
samples_design_10_dldesign_0_best,0.84,0.34,0.47,nan,nan,nan,0.47,0.6,14.99,7.07,0.91,14.3,15.68
samples_design_10_dldesign_1_best,0.73,0.31,1.0,nan,nan,nan,0.49,0.75,15.78,7.42,0.91,17.95,13.84
samples_design_10_dldesign_2_best,0.73,0.33,0.63,nan,nan,nan,0.45,0.6,16.15,7.57,0.91,23.6,19.66
samples_design_10_dldesign_3_best,0.86,0.24,0.41,nan,nan,nan,0.45,0.58,15.41,7.24,0.91,13.63,16.34
samples_design_10_dldesign_4_best,0.6,0.35,0.4,nan,nan,nan,0.42,0.47,15.85,7.41,0.92,16.65,14.49
samples_design_10_dldesign_5_best,0.69,0.28,0.37,nan,nan,nan,0.44,0.49,15.64,7.34,0.91,15.05,13.38
samples_design_10_dldesign_6_best,0.53,0.35,0.71,nan,nan,nan,0.47,0.56,16.28,7.61,0.91,25.08,17.76
samples_design_10_dldesign_7_best,0.98,0.44,1.17,nan,nan,nan,0.54,0.93,15.59,7.32,0.91,21.42,19.63
samples_design_11_dldesign_0_best,0.93,0.45,0.91,nan,nan,nan,0.54,0.83,17.08,8.14,0.91,21.44,19.97
samples_design_11_dldesign_1_best,1.38,0.37,1.17,nan,nan,nan,0.64,1.11,12.85,6.26,0.9,19.96,13.85
samples_design_11_dldesign_2_best,0.87,0.39,0.86,nan,nan,nan,0.55,0.78,14.89,7.15,0.91,11.89,11.82
samples_design_11_dldesign_3_best,1.05,0.53,0.93,nan,nan,nan,0.58,0.9,16.37,7.8,0.91,14.4,13.15
samples_design_11_dldesign_4_best,0.86,0.5,1.03,nan,nan,nan,0.58,0.89,14.6,7.01,0.91,20.02,16.07
samples_design_11_dldesign_5_best,1.01,0.45,0.97,nan,nan,nan,0.57,0.89,13.88,6.71,0.91,18.92,14.76
samples_design_11_dldesign_6_best,1.0,0.45,1.21,nan,nan,nan,0.62,1.02,16.38,7.82,0.91,13.62,11.07
samples_design_11_dldesign_7_best,1.0,0.54,0.94,nan,nan,nan,0.58,0.88,14.71,7.07,0.91,8.39,8.2
samples_design_12_dldesign_0_best,0.8,0.74,0.88,nan,nan,nan,0.48,0.81,15.67,7.32,0.91,9.26,6.89
samples_design_12_dldesign_1_best,0.61,0.5,0.82,nan,nan,nan,0.44,0.65,10.62,5.16,0.9,11.37,7.43
samples_design_12_dldesign_2_best,0.55,0.7,0.95,nan,nan,nan,0.47,0.74,15.88,7.4,0.91,15.04,14.16
samples_design_12_dldesign_3_best,0.69,0.45,0.86,nan,nan,nan,0.45,0.69,11.8,5.66,0.91,12.01,7.06
samples_design_12_dldesign_4_best,0.69,0.85,0.99,nan,nan,nan,0.49,0.84,15.94,7.44,0.91,16.51,12.31
samples_design_12_dldesign_5_best,0.77,0.7,0.87,nan,nan,nan,0.48,0.78,15.55,7.27,0.92,12.25,13.86
samples_design_12_dldesign_6_best,0.77,0.65,1.08,nan,nan,nan,0.5,0.85,16.72,7.77,0.91,18.13,14.48
samples_design_12_dldesign_7_best,0.67,0.8,1.14,nan,nan,nan,0.51,0.88,16.34,7.6,0.92,25.52,19.82
samples_design_13_dldesign_0_best,0.5,0.46,3.28,nan,nan,nan,0.81,1.78,16.14,7.54,0.91,13.23,14.19
samples_design_13_dldesign_1_best,0.7,0.48,2.56,nan,nan,nan,0.71,1.45,15.77,7.39,0.91,12.3,11.08
samples_design_13_dldesign_2_best,0.54,0.59,3.53,nan,nan,nan,0.86,1.92,15.13,7.09,0.91,18.78,15.17
samples_design_13_dldesign_3_best,1.36,0.5,3.34,nan,nan,nan,0.89,1.98,15.72,7.36,0.91,16.04,17.67
samples_design_13_dldesign_4_best,0.58,0.59,3.26,nan,nan,nan,0.8,1.79,15.65,7.33,0.91,12.07,7.13
samples_design_13_dldesign_5_best,0.84,0.48,3.01,nan,nan,nan,0.8,1.69,14.57,6.88,0.9,13.26,6.08
samples_design_13_dldesign_6_best,0.56,0.57,3.21,nan,nan,nan,0.8,1.76,16.46,7.67,0.91,9.29,11.55
samples_design_13_dldesign_7_best,0.97,0.44,3.19,nan,nan,nan,0.82,1.8,16.58,7.73,0.91,7.97,6.08
samples_design_14_dldesign_0_best,0.77,0.9,2.24,nan,nan,nan,0.84,1.64,15.63,7.49,0.9,10.13,6.38
samples_design_14_dldesign_1_best,0.4,1.21,1.61,nan,nan,nan,0.71,1.27,16.67,7.92,0.91,23.44,12.87
samples_design_14_dldesign_2_best,1.12,0.83,1.21,nan,nan,nan,0.62,1.1,16.44,7.84,0.91,21.88,12.01
samples_design_14_dldesign_3_best,0.72,0.82,1.16,nan,nan,nan,0.6,0.97,13.57,6.58,0.9,12.19,6.19
samples_design_14_dldesign_4_best,0.4,1.12,1.25,nan,nan,nan,0.61,1.04,16.3,7.76,0.91,12.29,8.1
samples_design_14_dldesign_5_best,0.79,1.23,1.51,nan,nan,nan,0.68,1.26,16.43,7.85,0.9,8.01,6.18
samples_design_14_dldesign_6_best,1.19,0.54,1.99,nan,nan,nan,0.78,1.51,16.06,7.68,0.91,12.11,9.75
samples_design_14_dldesign_7_best,0.74,1.11,0.79,nan,nan,nan,0.56,0.87,16.49,7.83,0.9,17.68,15.6
samples_design_15_dldesign_0_best,0.38,0.84,2.97,nan,nan,nan,0.96,2.02,16.05,7.66,0.9,18.11,12.21
samples_design_15_dldesign_1_best,0.5,0.77,2.59,nan,nan,nan,0.85,1.78,15.85,7.55,0.9,16.43,10.57
samples_design_15_dldesign_2_best,0.69,0.78,2.26,nan,nan,nan,0.79,1.59,15.16,7.26,0.9,5.36,5.13
samples_design_15_dldesign_3_best,0.35,0.59,0.82,nan,nan,nan,0.46,0.65,12.4,6.05,0.89,6.89,3.53
samples_design_15_dldesign_4_best,0.36,0.58,2.21,nan,nan,nan,0.75,1.5,12.0,5.87,0.89,8.89,5.02
samples_design_15_dldesign_5_best,0.52,0.71,2.58,nan,nan,nan,0.86,1.76,13.6,6.54,0.9,8.27,6.81
samples_design_15_dldesign_6_best,0.46,0.86,1.71,nan,nan,nan,0.66,1.24,16.57,7.89,0.9,14.12,11.69
samples_design_15_dldesign_7_best,0.33,0.7,2.31,nan,nan,nan,0.77,1.58,14.13,6.81,0.9,6.64,5.84
samples_design_16_dldesign_0_best,0.84,0.45,4.23,nan,nan,nan,1.41,2.97,16.86,8.07,0.9,15.11,14.39
samples_design_16_dldesign_1_best,0.64,0.63,4.74,nan,nan,nan,1.56,3.32,16.82,8.02,0.91,11.46,10.19
samples_design_16_dldesign_2_best,0.37,0.51,3.52,nan,nan,nan,1.18,2.46,16.47,7.84,0.91,13.51,14.61
samples_design_16_dldesign_3_best,0.52,0.55,3.16,nan,nan,nan,1.09,2.22,15.78,7.62,0.9,16.74,10.42
samples_design_16_dldesign_4_best,0.47,0.49,2.83,nan,nan,nan,0.98,1.99,15.91,7.67,0.9,8.4,7.46
samples_design_16_dldesign_5_best,0.49,0.49,3.73,nan,nan,nan,1.25,2.61,16.67,8.03,0.9,13.29,13.1
samples_design_16_dldesign_6_best,0.68,0.47,4.56,nan,nan,nan,1.51,3.19,15.93,7.66,0.9,9.38,7.55
samples_design_16_dldesign_7_best,0.71,0.59,3.5,nan,nan,nan,1.19,2.47,16.12,7.7,0.91,11.04,10.92
samples_design_17_dldesign_0_best,1.11,0.77,0.66,nan,nan,nan,0.55,0.83,12.75,6.2,0.9,3.85,2.45
samples_design_17_dldesign_1_best,1.02,0.87,0.6,nan,nan,nan,0.54,0.8,12.35,6.03,0.91,1.48,1.32
samples_design_17_dldesign_2_best,0.59,0.8,0.54,nan,nan,nan,0.48,0.62,12.15,5.94,0.91,3.13,3.28
samples_design_17_dldesign_3_best,0.54,0.78,0.49,nan,nan,nan,0.45,0.58,15.72,7.5,0.91,14.41,13.67
samples_design_17_dldesign_4_best,0.69,0.85,0.63,nan,nan,nan,0.5,0.7,14.55,6.99,0.91,23.33,19.1
samples_design_17_dldesign_5_best,0.5,0.74,0.43,nan,nan,nan,0.41,0.54,18.27,8.65,0.9,19.27,19.34
samples_design_17_dldesign_6_best,0.76,0.89,0.58,nan,nan,nan,0.51,0.71,9.78,4.88,0.9,2.16,2.0
samples_design_17_dldesign_7_best,0.42,0.61,0.56,nan,nan,nan,0.42,0.54,12.55,6.12,0.91,23.59,19.64
samples_design_18_dldesign_0_best,0.5,0.62,1.24,nan,nan,nan,0.53,0.88,13.99,6.66,0.91,17.69,13.21
samples_design_18_dldesign_1_best,0.58,0.59,1.39,nan,nan,nan,0.55,0.97,15.47,7.28,0.92,22.4,22.35
samples_design_18_dldesign_2_best,0.59,0.37,1.5,nan,nan,nan,0.54,1.01,14.25,6.77,0.91,11.16,12.67
samples_design_18_dldesign_3_best,0.56,0.41,0.93,nan,nan,nan,0.48,0.69,15.43,7.28,0.91,14.55,15.17
samples_design_18_dldesign_4_best,0.52,0.34,2.02,nan,nan,nan,0.66,1.3,15.4,7.27,0.91,11.52,7.24
samples_design_18_dldesign_5_best,0.66,0.51,1.06,nan,nan,nan,0.48,0.8,16.28,7.66,0.91,19.44,15.61
samples_design_18_dldesign_6_best,0.59,0.4,1.14,nan,nan,nan,0.49,0.81,16.83,7.89,0.91,22.09,14.04
samples_design_18_dldesign_7_best,0.78,0.31,1.03,nan,nan,nan,0.48,0.8,11.33,5.49,0.91,5.73,3.05
samples_design_19_dldesign_0_best,0.67,0.71,1.08,nan,nan,nan,0.52,0.87,16.63,7.85,0.91,7.35,6.25
samples_design_19_dldesign_1_best,0.41,0.9,2.06,nan,nan,nan,0.69,1.42,16.86,7.99,0.9,15.42,13.23
samples_design_19_dldesign_2_best,0.8,0.79,1.01,nan,nan,nan,0.54,0.89,16.32,7.72,0.91,23.57,15.64
samples_design_19_dldesign_3_best,0.37,0.65,0.98,nan,nan,nan,0.5,0.74,16.29,7.68,0.91,11.0,8.22
samples_design_19_dldesign_4_best,0.77,0.98,1.24,nan,nan,nan,0.58,1.04,16.27,7.69,0.91,25.93,15.27
samples_design_19_dldesign_5_best,0.47,0.9,1.18,nan,nan,nan,0.53,0.93,16.15,7.64,0.91,16.86,17.71
samples_design_19_dldesign_6_best,0.44,0.66,1.33,nan,nan,nan,0.54,0.95,15.5,7.34,0.91,11.49,8.68
samples_design_19_dldesign_7_best,0.59,0.85,1.21,nan,nan,nan,0.53,0.95,16.99,8.06,0.9,13.0,8.03
samples_design_20_dldesign_0_best,0.77,0.73,1.22,nan,nan,nan,0.59,0.96,13.74,6.54,0.91,17.74,11.36
samples_design_20_dldesign_1_best,0.77,0.73,1.2,nan,nan,nan,0.57,0.95,14.22,6.75,0.91,18.36,11.18
samples_design_20_dldesign_2_best,0.77,0.79,1.19,nan,nan,nan,0.59,0.96,14.12,6.7,0.91,19.39,11.22
samples_design_20_dldesign_3_best,1.0,0.47,1.1,nan,nan,nan,0.6,0.93,13.62,6.49,0.91,11.96,7.9
samples_design_20_dldesign_4_best,0.81,0.89,1.63,nan,nan,nan,0.65,1.21,15.52,7.31,0.91,15.78,12.02
samples_design_20_dldesign_5_best,0.89,0.52,1.1,nan,nan,nan,0.57,0.9,12.6,6.05,0.91,5.57,3.37
samples_design_20_dldesign_6_best,0.87,0.58,1.1,nan,nan,nan,0.58,0.9,13.79,6.56,0.91,11.5,7.87
samples_design_20_dldesign_7_best,0.78,0.73,1.13,nan,nan,nan,0.57,0.92,14.42,6.83,0.91,15.13,10.7
samples_design_21_dldesign_0_best,0.55,0.61,5.23,nan,nan,nan,1.65,3.57,16.66,7.93,0.9,7.24,5.31
samples_design_21_dldesign_1_best,1.05,1.19,2.28,nan,nan,nan,0.88,1.75,15.46,7.47,0.89,24.69,15.86
samples_design_21_dldesign_2_best,0.6,0.5,5.54,nan,nan,nan,1.74,3.77,14.99,7.19,0.9,12.92,9.98
samples_design_21_dldesign_3_best,0.64,0.47,5.28,nan,nan,nan,1.66,3.6,16.51,7.88,0.9,10.08,10.41
samples_design_21_dldesign_4_best,0.67,0.59,3.41,nan,nan,nan,1.12,2.36,16.21,7.75,0.9,2.8,3.63
samples_design_21_dldesign_5_best,0.57,0.65,2.34,nan,nan,nan,0.86,1.65,15.48,7.49,0.89,13.86,7.1
samples_design_21_dldesign_6_best,0.56,0.51,5.07,nan,nan,nan,1.61,3.45,16.26,7.75,0.9,23.59,16.2
samples_design_21_dldesign_7_best,0.84,0.63,4.14,nan,nan,nan,1.35,2.86,12.49,6.16,0.89,24.7,17.13
samples_design_22_dldesign_0_best,0.75,1.01,0.95,nan,nan,nan,0.5,0.9,15.62,7.33,0.9,26.92,19.09
samples_design_22_dldesign_1_best,0.69,1.04,1.21,nan,nan,nan,0.54,0.99,15.64,7.31,0.91,16.35,13.06
samples_design_22_dldesign_2_best,0.63,0.66,0.75,nan,nan,nan,0.53,0.68,12.54,5.99,0.9,12.62,9.06
samples_design_22_dldesign_3_best,0.62,0.71,0.82,nan,nan,nan,0.48,0.72,13.39,6.37,0.9,26.81,16.64
samples_design_22_dldesign_4_best,0.67,0.88,0.66,nan,nan,nan,0.47,0.74,15.83,7.41,0.91,17.3,16.17
samples_design_22_dldesign_5_best,0.57,0.68,0.92,nan,nan,nan,0.46,0.73,14.78,6.96,0.91,26.95,18.45
samples_design_22_dldesign_6_best,0.74,0.75,0.74,nan,nan,nan,0.51,0.74,14.33,6.76,0.91,13.43,10.93
samples_design_22_dldesign_7_best,0.77,1.0,0.98,nan,nan,nan,0.54,0.92,16.16,7.56,0.91,24.53,20.43
samples_design_23_dldesign_0_best,0.73,0.97,3.02,nan,nan,nan,1.0,2.09,15.05,7.17,0.91,19.94,11.33
samples_design_23_dldesign_1_best,0.77,0.94,3.32,nan,nan,nan,1.07,2.28,16.55,7.88,0.9,18.98,15.61
samples_design_23_dldesign_2_best,0.76,0.48,1.44,nan,nan,nan,0.6,1.06,6.53,3.5,0.89,3.34,1.41
samples_design_23_dldesign_3_best,0.87,0.51,2.63,nan,nan,nan,0.88,1.82,8.8,4.48,0.89,3.08,1.95
samples_design_23_dldesign_4_best,0.33,0.51,0.54,nan,nan,nan,0.42,0.48,9.57,4.78,0.9,8.59,4.29
samples_design_23_dldesign_5_best,0.62,0.59,0.37,nan,nan,nan,0.42,0.52,9.68,4.84,0.9,7.26,3.64
samples_design_23_dldesign_6_best,0.81,0.62,1.42,nan,nan,nan,0.61,1.08,16.49,7.8,0.91,19.78,15.08
samples_design_23_dldesign_7_best,0.61,0.88,1.66,nan,nan,nan,0.65,1.23,17.11,8.11,0.9,20.26,11.71
samples_design_24_dldesign_0_best,0.43,0.39,1.83,nan,nan,nan,0.71,1.28,12.7,6.22,0.9,11.46,4.91
samples_design_24_dldesign_1_best,0.44,0.56,4.67,nan,nan,nan,1.48,3.18,15.75,7.52,0.9,11.23,11.75
samples_design_24_dldesign_2_best,0.63,0.63,2.51,nan,nan,nan,0.89,1.76,14.97,7.21,0.9,17.2,10.72
samples_design_24_dldesign_3_best,0.58,0.58,4.19,nan,nan,nan,1.34,2.87,16.56,7.93,0.9,12.33,10.28
samples_design_24_dldesign_4_best,0.61,0.49,4.5,nan,nan,nan,1.44,3.08,15.71,7.55,0.9,11.0,10.41
samples_design_24_dldesign_5_best,0.51,0.67,4.31,nan,nan,nan,1.38,2.95,15.69,7.51,0.9,17.59,11.37
samples_design_24_dldesign_6_best,0.59,0.65,3.54,nan,nan,nan,1.17,2.44,15.55,7.48,0.9,16.15,11.25
samples_design_24_dldesign_7_best,0.44,0.44,2.11,nan,nan,nan,0.77,1.47,16.48,7.87,0.91,16.54,12.53
samples_design_25_dldesign_0_best,0.79,0.45,3.4,nan,nan,nan,1.15,2.4,17.17,8.25,0.89,20.01,14.98
samples_design_25_dldesign_1_best,0.55,0.42,3.85,nan,nan,nan,1.29,2.69,15.25,7.42,0.89,13.81,11.84
samples_design_25_dldesign_2_best,0.82,0.4,1.42,nan,nan,nan,0.65,1.09,15.69,7.57,0.9,10.99,6.65
samples_design_25_dldesign_3_best,0.64,0.63,2.61,nan,nan,nan,0.93,1.87,13.93,6.79,0.9,15.76,12.49
samples_design_25_dldesign_4_best,0.56,0.78,2.4,nan,nan,nan,0.87,1.73,16.71,8.0,0.9,17.16,13.22
samples_design_25_dldesign_5_best,0.63,0.72,4.77,nan,nan,nan,1.59,3.34,15.35,7.41,0.9,12.1,13.12
samples_design_25_dldesign_6_best,0.65,0.38,5.59,nan,nan,nan,1.81,3.89,18.23,8.79,0.89,11.84,11.27
samples_design_25_dldesign_7_best,0.67,0.53,2.38,nan,nan,nan,0.87,1.71,17.13,8.21,0.9,13.8,10.36
samples_design_26_dldesign_0_best,1.1,0.55,1.62,nan,nan,nan,0.62,1.14,14.7,6.88,0.91,16.8,16.35
samples_design_26_dldesign_1_best,0.91,0.74,3.24,nan,nan,nan,0.87,1.85,16.22,7.59,0.91,12.76,10.51
samples_design_26_dldesign_2_best,1.05,0.64,1.87,nan,nan,nan,0.66,1.24,12.35,5.89,0.9,18.08,20.74
samples_design_26_dldesign_3_best,1.0,0.67,1.83,nan,nan,nan,0.64,1.21,14.85,6.95,0.91,10.71,8.29
samples_design_26_dldesign_4_best,0.9,0.35,1.92,nan,nan,nan,0.63,1.18,11.72,5.61,0.9,9.12,5.85
samples_design_26_dldesign_5_best,0.96,0.6,1.65,nan,nan,nan,0.6,1.11,16.41,7.62,0.91,5.14,7.62
samples_design_26_dldesign_6_best,0.94,0.49,2.08,nan,nan,nan,0.63,1.28,12.51,5.96,0.9,6.09,7.65
samples_design_26_dldesign_7_best,1.05,0.58,1.88,nan,nan,nan,0.65,1.23,13.36,6.32,0.91,14.47,16.16
samples_design_27_dldesign_0_best,0.55,0.72,1.21,nan,nan,nan,0.55,0.95,15.81,7.52,0.91,21.76,13.82
samples_design_27_dldesign_1_best,1.01,0.81,2.96,nan,nan,nan,1.04,2.11,17.77,8.45,0.9,23.49,19.44
samples_design_27_dldesign_2_best,0.42,0.76,2.4,nan,nan,nan,0.84,1.68,17.41,8.26,0.91,16.15,16.1
samples_design_27_dldesign_3_best,0.39,0.68,1.3,nan,nan,nan,0.55,0.97,16.23,7.72,0.91,17.28,9.36
samples_design_27_dldesign_4_best,0.51,0.5,1.43,nan,nan,nan,0.61,1.04,16.79,7.99,0.9,22.43,16.83
samples_design_27_dldesign_5_best,1.01,0.8,2.26,nan,nan,nan,0.86,1.67,17.68,8.37,0.91,20.52,23.61
samples_design_27_dldesign_6_best,0.93,0.73,3.62,nan,nan,nan,1.22,2.53,17.18,8.19,0.9,7.43,6.32
samples_design_27_dldesign_7_best,0.6,0.84,3.91,nan,nan,nan,1.27,2.7,18.51,8.73,0.9,17.49,11.97
samples_design_28_dldesign_0_best,0.87,1.02,1.8,nan,nan,nan,0.68,1.31,15.55,7.29,0.91,24.75,21.52
samples_design_28_dldesign_1_best,0.77,0.68,2.28,nan,nan,nan,0.74,1.47,15.51,7.27,0.91,17.34,13.65
samples_design_28_dldesign_2_best,0.8,0.81,1.94,nan,nan,nan,0.68,1.32,15.57,7.32,0.91,23.0,21.13
samples_design_28_dldesign_3_best,0.52,0.82,1.65,nan,nan,nan,0.59,1.12,16.28,7.62,0.91,16.04,18.83
samples_design_28_dldesign_4_best,1.17,0.71,1.78,nan,nan,nan,0.69,1.32,15.62,7.3,0.92,22.24,20.14
samples_design_28_dldesign_5_best,0.53,0.39,0.65,nan,nan,nan,0.45,0.54,11.93,5.73,0.91,11.08,6.55
samples_design_28_dldesign_6_best,1.03,0.5,1.06,nan,nan,nan,0.53,0.91,16.51,7.72,0.91,15.11,9.7
samples_design_28_dldesign_7_best,0.96,0.98,2.17,nan,nan,nan,0.75,1.5,15.25,7.15,0.92,23.06,20.81
samples_design_29_dldesign_0_best,0.7,0.5,0.82,nan,nan,nan,0.48,0.7,11.76,5.68,0.91,10.14,6.41
samples_design_29_dldesign_1_best,0.84,0.52,0.89,nan,nan,nan,0.5,0.78,14.93,7.07,0.91,7.94,10.53
samples_design_29_dldesign_2_best,0.68,0.46,0.77,nan,nan,nan,0.48,0.67,12.49,6.03,0.9,3.31,2.43
samples_design_29_dldesign_3_best,0.89,0.39,1.7,nan,nan,nan,0.63,1.19,11.71,5.7,0.9,10.17,5.98
samples_design_29_dldesign_4_best,0.85,0.56,1.27,nan,nan,nan,0.57,0.97,15.32,7.23,0.91,8.58,11.56
samples_design_29_dldesign_5_best,0.67,0.59,0.68,nan,nan,nan,0.46,0.65,16.02,7.55,0.91,15.09,14.02
samples_design_29_dldesign_6_best,0.74,0.77,0.73,nan,nan,nan,0.48,0.75,15.88,7.47,0.91,7.46,9.51
samples_design_29_dldesign_7_best,0.88,0.59,1.89,nan,nan,nan,0.67,1.31,14.65,6.94,0.91,6.68,8.58
samples_design_30_dldesign_0_best,0.96,0.83,3.05,nan,nan,nan,0.81,1.78,14.46,6.78,0.91,13.73,5.81
samples_design_30_dldesign_1_best,0.77,0.98,2.95,nan,nan,nan,0.77,1.72,15.67,7.31,0.91,7.33,8.22
samples_design_30_dldesign_2_best,0.6,0.81,3.1,nan,nan,nan,0.78,1.74,15.57,7.29,0.91,13.58,12.34
samples_design_30_dldesign_3_best,0.54,0.75,2.38,nan,nan,nan,0.67,1.37,16.69,7.8,0.9,11.08,9.72
samples_design_30_dldesign_4_best,0.67,0.71,3.01,nan,nan,nan,0.78,1.69,14.91,7.01,0.91,14.49,6.49
samples_design_30_dldesign_5_best,0.77,0.83,2.08,nan,nan,nan,0.64,1.29,16.07,7.52,0.91,21.25,14.49
samples_design_30_dldesign_6_best,0.56,0.92,3.07,nan,nan,nan,0.78,1.74,15.85,7.4,0.91,15.74,12.73
samples_design_30_dldesign_7_best,0.71,0.77,2.88,nan,nan,nan,0.76,1.64,15.33,7.19,0.91,13.11,6.33
samples_design_31_dldesign_0_best,0.55,0.92,3.42,nan,nan,nan,1.22,2.47,13.16,6.43,0.9,14.71,14.63
samples_design_31_dldesign_1_best,0.49,1.04,2.12,nan,nan,nan,0.85,1.6,14.07,6.85,0.9,13.88,14.27
samples_design_31_dldesign_2_best,0.46,1.02,3.42,nan,nan,nan,1.21,2.48,7.79,4.07,0.89,17.58,17.56
samples_design_31_dldesign_3_best,0.67,1.0,2.99,nan,nan,nan,1.09,2.2,13.46,6.55,0.9,13.33,9.4
samples_design_31_dldesign_4_best,0.62,1.12,2.41,nan,nan,nan,0.91,1.82,14.06,6.85,0.9,7.42,6.24
samples_design_31_dldesign_5_best,0.59,0.93,3.03,nan,nan,nan,1.09,2.21,13.03,6.36,0.9,10.54,7.96
samples_design_31_dldesign_6_best,1.02,1.08,3.12,nan,nan,nan,1.15,2.33,15.42,7.39,0.91,4.73,4.48
samples_design_31_dldesign_7_best,0.5,0.9,3.04,nan,nan,nan,1.09,2.21,15.54,7.45,0.91,10.86,10.82
samples_design_32_dldesign_0_best,0.85,0.7,4.44,nan,nan,nan,1.42,3.06,15.96,7.6,0.91,23.01,14.46
samples_design_32_dldesign_1_best,1.07,0.98,3.35,nan,nan,nan,1.13,2.39,16.95,8.11,0.89,22.24,18.81
samples_design_32_dldesign_2_best,0.91,0.56,2.55,nan,nan,nan,0.89,1.82,12.79,6.26,0.89,6.83,3.99
samples_design_32_dldesign_3_best,0.92,0.82,1.78,nan,nan,nan,0.71,1.37,12.4,6.05,0.9,4.76,2.67
samples_design_32_dldesign_4_best,0.93,0.5,3.11,nan,nan,nan,1.04,2.18,15.76,7.55,0.9,17.31,13.06
samples_design_32_dldesign_5_best,0.52,0.92,2.02,nan,nan,nan,0.74,1.47,16.3,7.8,0.9,15.89,11.14
samples_design_32_dldesign_6_best,0.83,0.51,2.39,nan,nan,nan,0.84,1.7,16.08,7.73,0.89,23.59,16.7
samples_design_32_dldesign_7_best,0.87,0.72,2.36,nan,nan,nan,0.83,1.7,16.14,7.74,0.9,11.54,9.45
samples_design_33_dldesign_0_best,0.73,0.47,0.81,nan,nan,nan,0.5,0.71,13.69,6.6,0.9,9.98,4.36
samples_design_33_dldesign_1_best,0.69,0.82,2.88,nan,nan,nan,0.96,1.98,14.57,6.98,0.9,13.51,8.19
samples_design_33_dldesign_2_best,0.61,0.67,1.65,nan,nan,nan,0.65,1.19,16.04,7.66,0.9,24.74,15.5
samples_design_33_dldesign_3_best,0.76,0.39,0.73,nan,nan,nan,0.5,0.67,14.05,6.76,0.9,11.65,5.45
samples_design_33_dldesign_4_best,0.68,0.61,2.34,nan,nan,nan,0.81,1.62,14.23,6.86,0.9,8.9,4.36
samples_design_33_dldesign_5_best,0.52,0.47,1.79,nan,nan,nan,0.68,1.24,14.29,6.91,0.89,12.44,5.53
samples_design_33_dldesign_6_best,0.69,0.48,2.68,nan,nan,nan,0.93,1.82,10.86,5.4,0.9,24.64,16.8
samples_design_33_dldesign_7_best,0.6,0.64,0.8,nan,nan,nan,0.52,0.7,14.64,7.02,0.9,9.39,4.52
samples_design_34_dldesign_0_best,0.57,0.66,3.2,nan,nan,nan,1.06,2.21,15.35,7.3,0.91,3.33,2.93
samples_design_34_dldesign_1_best,0.57,0.61,1.49,nan,nan,nan,0.63,1.1,13.76,6.66,0.9,25.57,15.76
samples_design_34_dldesign_2_best,0.97,0.63,3.15,nan,nan,nan,1.07,2.22,15.32,7.31,0.91,11.67,6.14
samples_design_34_dldesign_3_best,0.52,0.6,3.32,nan,nan,nan,1.1,2.28,11.21,5.57,0.89,25.04,16.33
samples_design_34_dldesign_4_best,0.72,0.55,3.3,nan,nan,nan,1.09,2.29,14.5,6.94,0.91,7.92,4.23
samples_design_34_dldesign_5_best,0.68,0.82,2.99,nan,nan,nan,1.02,2.1,14.05,6.76,0.91,22.34,15.78
samples_design_34_dldesign_6_best,0.44,0.44,0.75,nan,nan,nan,0.47,0.61,11.7,5.73,0.9,7.9,3.92
samples_design_34_dldesign_7_best,0.66,0.53,3.24,nan,nan,nan,1.07,2.23,13.63,6.56,0.91,8.55,3.95
samples_design_35_dldesign_0_best,0.54,0.65,1.5,nan,nan,nan,0.58,1.04,15.74,7.41,0.91,22.67,24.03
samples_design_35_dldesign_1_best,0.45,0.62,1.11,nan,nan,nan,0.51,0.8,16.23,7.62,0.91,18.48,17.11
samples_design_35_dldesign_2_best,0.71,0.77,1.78,nan,nan,nan,0.66,1.24,16.91,7.91,0.91,19.65,12.6
samples_design_35_dldesign_3_best,0.44,0.74,1.27,nan,nan,nan,0.55,0.91,15.9,7.46,0.92,19.97,14.55
samples_design_35_dldesign_4_best,0.81,0.65,1.09,nan,nan,nan,0.52,0.89,17.85,8.35,0.9,21.87,12.57
samples_design_35_dldesign_5_best,0.45,0.73,0.9,nan,nan,nan,0.47,0.73,15.83,7.47,0.91,22.62,19.91
samples_design_35_dldesign_6_best,0.45,0.69,2.02,nan,nan,nan,0.67,1.32,14.02,6.67,0.9,9.93,10.69
samples_design_35_dldesign_7_best,0.54,0.84,1.47,nan,nan,nan,0.6,1.06,15.61,7.35,0.91,14.46,14.68
samples_design_36_dldesign_0_best,0.55,0.76,2.95,nan,nan,nan,0.97,2.0,12.53,6.06,0.91,10.25,6.38
samples_design_36_dldesign_1_best,0.43,1.02,1.02,nan,nan,nan,0.53,0.88,14.51,6.93,0.91,17.01,10.28
samples_design_36_dldesign_2_best,0.37,1.14,2.76,nan,nan,nan,0.92,1.92,15.43,7.37,0.9,12.98,10.27
samples_design_36_dldesign_3_best,0.6,0.87,2.15,nan,nan,nan,0.77,1.53,13.07,6.35,0.9,8.62,4.37
samples_design_36_dldesign_4_best,0.79,0.89,3.41,nan,nan,nan,1.11,2.34,13.96,6.73,0.9,15.55,9.2
samples_design_36_dldesign_5_best,0.33,1.15,3.19,nan,nan,nan,1.04,2.19,15.13,7.19,0.91,15.39,12.37
samples_design_36_dldesign_6_best,0.39,1.16,0.98,nan,nan,nan,0.54,0.9,16.0,7.6,0.91,8.39,8.02
samples_design_36_dldesign_7_best,0.57,0.93,2.98,nan,nan,nan,0.98,2.05,14.96,7.16,0.9,8.01,9.17
samples_design_37_dldesign_0_best,0.63,0.98,2.09,nan,nan,nan,0.72,1.44,15.16,7.16,0.91,7.66,7.73
samples_design_37_dldesign_1_best,0.61,0.99,1.77,nan,nan,nan,0.64,1.26,16.31,7.73,0.9,14.41,9.56
samples_design_37_dldesign_2_best,0.51,0.81,1.07,nan,nan,nan,0.53,0.84,12.97,6.25,0.9,11.67,5.87
samples_design_37_dldesign_3_best,0.76,0.89,1.81,nan,nan,nan,0.67,1.29,16.23,7.62,0.91,16.56,11.32
samples_design_37_dldesign_4_best,0.69,0.75,1.52,nan,nan,nan,0.63,1.1,14.15,6.78,0.9,14.0,7.36
samples_design_37_dldesign_5_best,0.89,0.94,1.48,nan,nan,nan,0.64,1.17,16.14,7.62,0.9,9.18,7.35
samples_design_37_dldesign_6_best,0.72,0.83,1.19,nan,nan,nan,0.56,0.96,17.31,8.13,0.9,14.85,12.51
samples_design_37_dldesign_7_best,0.73,0.87,0.99,nan,nan,nan,0.54,0.87,15.64,7.38,0.91,11.23,8.0
samples_design_38_dldesign_0_best,0.57,0.43,2.29,nan,nan,nan,0.77,1.56,13.28,6.44,0.9,8.91,4.65
samples_design_38_dldesign_1_best,0.49,0.45,1.91,nan,nan,nan,0.68,1.31,12.98,6.31,0.9,5.71,2.91
samples_design_38_dldesign_2_best,0.48,0.42,2.04,nan,nan,nan,0.7,1.39,14.72,7.04,0.9,5.08,4.77
samples_design_38_dldesign_3_best,0.59,0.43,2.94,nan,nan,nan,0.95,1.98,15.27,7.32,0.9,15.87,8.25
samples_design_38_dldesign_4_best,0.51,0.4,2.01,nan,nan,nan,0.7,1.37,13.96,6.73,0.9,8.67,4.37
samples_design_38_dldesign_5_best,0.51,0.63,2.99,nan,nan,nan,0.96,2.02,15.37,7.34,0.9,13.11,9.39
samples_design_38_dldesign_6_best,0.88,0.33,2.44,nan,nan,nan,0.84,1.69,13.7,6.62,0.9,25.49,17.6
samples_design_38_dldesign_7_best,0.52,0.39,1.89,nan,nan,nan,0.68,1.29,13.97,6.75,0.9,8.15,4.35
samples_design_39_dldesign_0_best,0.8,0.74,5.78,nan,nan,nan,1.81,3.95,14.28,6.85,0.91,12.87,8.25
samples_design_39_dldesign_1_best,0.86,0.82,2.63,nan,nan,nan,0.91,1.89,16.13,7.78,0.89,9.97,5.86
samples_design_39_dldesign_2_best,0.96,0.66,3.56,nan,nan,nan,1.18,2.49,13.57,6.62,0.89,8.2,7.56
samples_design_39_dldesign_3_best,0.71,0.54,1.67,nan,nan,nan,0.66,1.22,14.93,7.24,0.89,11.88,6.28
samples_design_39_dldesign_4_best,0.8,0.71,2.75,nan,nan,nan,0.95,1.95,14.48,7.02,0.9,25.34,14.87
samples_design_39_dldesign_5_best,0.93,0.5,0.92,nan,nan,nan,0.55,0.84,13.94,6.73,0.9,10.42,4.97
samples_design_39_dldesign_6_best,1.04,0.49,1.7,nan,nan,nan,0.73,1.31,14.65,7.12,0.89,6.71,3.33
samples_design_39_dldesign_7_best,0.82,0.59,1.26,nan,nan,nan,0.59,1.01,15.96,7.67,0.9,8.2,4.45
samples_design_40_dldesign_0_best,0.96,0.38,2.01,nan,nan,nan,0.64,1.24,15.72,7.37,0.91,10.11,5.84
samples_design_40_dldesign_1_best,1.01,0.62,1.41,nan,nan,nan,0.64,1.04,15.66,7.35,0.9,10.19,10.41
samples_design_40_dldesign_2_best,1.07,0.3,2.5,nan,nan,nan,0.75,1.49,13.48,6.41,0.9,13.41,6.53
samples_design_40_dldesign_3_best,0.99,0.37,1.63,nan,nan,nan,0.58,1.08,15.55,7.29,0.9,10.43,12.25
samples_design_40_dldesign_4_best,1.01,0.54,1.75,nan,nan,nan,0.65,1.16,15.72,7.36,0.91,14.52,11.59
samples_design_40_dldesign_5_best,0.97,0.65,1.88,nan,nan,nan,0.64,1.22,16.69,7.79,0.9,15.81,10.38
samples_design_40_dldesign_6_best,0.92,0.53,2.64,nan,nan,nan,0.75,1.54,15.9,7.46,0.9,17.93,12.3
samples_design_40_dldesign_7_best,0.9,0.42,1.08,nan,nan,nan,0.52,0.84,13.67,6.46,0.91,11.56,5.73
samples_design_41_dldesign_0_best,0.76,0.85,3.1,nan,nan,nan,1.01,2.13,14.26,6.84,0.9,10.19,6.81
samples_design_41_dldesign_1_best,0.9,0.5,2.45,nan,nan,nan,0.86,1.71,13.44,6.51,0.89,6.75,5.64
samples_design_41_dldesign_2_best,0.51,0.54,0.59,nan,nan,nan,0.48,0.55,12.12,5.92,0.9,11.68,5.99
samples_design_41_dldesign_3_best,0.61,0.7,2.61,nan,nan,nan,0.87,1.79,15.3,7.33,0.9,12.12,8.22
samples_design_41_dldesign_4_best,0.69,0.54,0.52,nan,nan,nan,0.47,0.58,13.18,6.33,0.91,4.9,3.52
samples_design_41_dldesign_5_best,0.85,0.66,2.15,nan,nan,nan,0.8,1.53,12.67,6.19,0.9,12.61,6.1
samples_design_41_dldesign_6_best,0.82,0.49,1.79,nan,nan,nan,0.72,1.29,12.61,6.16,0.89,10.74,5.07
samples_design_41_dldesign_7_best,0.85,0.55,2.69,nan,nan,nan,0.91,1.86,13.78,6.63,0.9,8.92,4.65
samples_design_42_dldesign_0_best,0.83,0.68,2.45,nan,nan,nan,0.83,1.72,13.8,6.65,0.9,13.13,5.74
samples_design_42_dldesign_1_best,0.59,0.41,2.47,nan,nan,nan,0.83,1.67,14.84,7.12,0.9,12.5,7.55
samples_design_42_dldesign_2_best,0.86,1.14,2.5,nan,nan,nan,0.88,1.81,13.83,6.66,0.9,13.28,5.71
samples_design_42_dldesign_3_best,0.49,0.3,2.74,nan,nan,nan,0.88,1.83,15.58,7.43,0.9,11.45,10.89
samples_design_42_dldesign_4_best,0.64,0.59,2.09,nan,nan,nan,0.74,1.45,15.59,7.46,0.9,23.57,14.05
samples_design_42_dldesign_5_best,0.64,0.54,2.51,nan,nan,nan,0.84,1.71,14.1,6.78,0.9,11.61,5.05
samples_design_42_dldesign_6_best,0.62,0.3,2.57,nan,nan,nan,0.84,1.74,17.79,8.4,0.91,24.56,13.4
samples_design_42_dldesign_7_best,0.95,0.92,2.44,nan,nan,nan,0.85,1.76,14.74,7.07,0.9,10.84,5.01
samples_design_43_dldesign_0_best,0.72,0.75,1.96,nan,nan,nan,0.72,1.41,14.56,6.97,0.9,11.02,5.25
samples_design_43_dldesign_1_best,0.54,0.48,0.71,nan,nan,nan,0.49,0.61,16.74,7.92,0.91,13.62,10.11
samples_design_43_dldesign_2_best,0.52,0.44,0.77,nan,nan,nan,0.48,0.62,14.24,6.82,0.91,12.64,6.24
samples_design_43_dldesign_3_best,0.66,0.4,0.81,nan,nan,nan,0.5,0.68,12.67,6.13,0.91,13.75,6.84
samples_design_43_dldesign_4_best,0.61,0.48,2.12,nan,nan,nan,0.74,1.46,15.99,7.63,0.9,12.5,10.04
samples_design_43_dldesign_5_best,0.66,0.4,2.46,nan,nan,nan,0.82,1.67,16.38,7.78,0.9,11.18,9.16
samples_design_43_dldesign_6_best,0.65,0.36,0.56,nan,nan,nan,0.48,0.55,12.97,6.28,0.9,11.75,6.73
samples_design_43_dldesign_7_best,0.54,0.54,2.55,nan,nan,nan,0.86,1.73,15.81,7.51,0.91,11.85,8.57
samples_design_44_dldesign_0_best,0.45,0.41,0.59,nan,nan,nan,0.44,0.49,15.51,7.28,0.91,18.16,17.28
samples_design_44_dldesign_1_best,0.91,0.91,2.07,nan,nan,nan,0.72,1.43,15.71,7.37,0.91,24.53,21.24
samples_design_44_dldesign_2_best,0.43,0.3,0.27,nan,nan,nan,0.4,0.34,10.32,5.03,0.91,13.25,7.43
samples_design_44_dldesign_3_best,0.55,0.39,0.4,nan,nan,nan,0.42,0.45,11.33,5.46,0.91,9.07,5.37
samples_design_44_dldesign_4_best,0.58,0.31,0.38,nan,nan,nan,0.41,0.45,11.72,5.63,0.91,11.96,7.26
samples_design_44_dldesign_5_best,0.62,0.29,0.72,nan,nan,nan,0.45,0.59,10.39,5.05,0.91,12.83,7.23
samples_design_44_dldesign_6_best,0.57,0.51,0.48,nan,nan,nan,0.51,0.52,12.16,5.82,0.91,11.22,7.29
samples_design_44_dldesign_7_best,0.58,0.28,0.47,nan,nan,nan,0.43,0.47,11.66,5.6,0.91,14.8,8.91
samples_design_45_dldesign_0_best,0.5,0.74,2.13,nan,nan,nan,0.78,1.54,15.44,7.37,0.91,9.64,6.73
samples_design_45_dldesign_1_best,0.46,0.76,2.04,nan,nan,nan,0.76,1.48,14.1,6.78,0.91,17.2,12.86
samples_design_45_dldesign_2_best,0.56,0.94,1.81,nan,nan,nan,0.72,1.37,14.59,6.98,0.91,21.15,14.55
samples_design_45_dldesign_3_best,0.8,0.71,3.9,nan,nan,nan,1.32,2.76,15.76,7.61,0.9,22.68,13.68
samples_design_45_dldesign_4_best,1.34,0.67,1.92,nan,nan,nan,0.81,1.54,12.21,5.95,0.91,24.64,17.32
samples_design_45_dldesign_5_best,0.59,0.63,4.4,nan,nan,nan,1.45,3.08,15.49,7.47,0.9,12.94,9.71
samples_design_45_dldesign_6_best,0.45,0.84,2.52,nan,nan,nan,0.9,1.81,16.53,7.9,0.91,14.38,12.49
samples_design_45_dldesign_7_best,0.87,0.77,4.08,nan,nan,nan,1.38,2.89,16.61,7.95,0.9,14.34,8.81
samples_design_46_dldesign_0_best,0.72,0.69,5.17,nan,nan,nan,1.63,3.54,16.87,8.05,0.9,17.53,14.66
samples_design_46_dldesign_1_best,0.95,0.69,5.52,nan,nan,nan,1.75,3.79,15.82,7.56,0.9,21.31,14.3
samples_design_46_dldesign_2_best,0.68,0.72,4.75,nan,nan,nan,1.51,3.26,13.93,6.72,0.9,23.73,17.49
samples_design_46_dldesign_3_best,0.66,0.73,5.71,nan,nan,nan,1.79,3.9,16.42,7.88,0.89,19.18,14.51
samples_design_46_dldesign_4_best,0.65,0.67,5.52,nan,nan,nan,1.73,3.77,16.68,7.99,0.9,22.17,17.92
samples_design_46_dldesign_5_best,0.53,0.67,2.24,nan,nan,nan,0.8,1.58,15.42,7.48,0.89,13.32,7.31
samples_design_46_dldesign_6_best,0.74,0.77,1.36,nan,nan,nan,0.62,1.08,13.43,6.59,0.89,11.88,4.48
samples_design_46_dldesign_7_best,0.82,0.59,5.8,nan,nan,nan,1.83,3.96,15.81,7.58,0.9,14.06,8.41
samples_design_47_dldesign_0_best,1.33,0.71,1.91,nan,nan,nan,0.7,1.43,14.55,6.87,0.91,12.82,8.99
samples_design_47_dldesign_1_best,1.25,0.57,2.14,nan,nan,nan,0.73,1.5,14.84,7.0,0.91,14.53,9.47
samples_design_47_dldesign_2_best,0.86,0.18,0.5,nan,nan,nan,0.43,0.6,15.75,7.38,0.92,17.08,12.91
samples_design_47_dldesign_3_best,1.2,0.8,2.06,nan,nan,nan,0.72,1.47,15.44,7.26,0.91,15.88,15.14
samples_design_47_dldesign_4_best,1.31,0.72,1.96,nan,nan,nan,0.7,1.45,14.42,6.81,0.91,13.85,8.62
samples_design_47_dldesign_5_best,1.29,0.85,2.17,nan,nan,nan,0.75,1.57,15.9,7.45,0.91,21.13,16.6
samples_design_47_dldesign_6_best,1.19,0.6,1.97,nan,nan,nan,0.69,1.4,15.56,7.31,0.91,20.35,13.35
samples_design_47_dldesign_7_best,1.33,0.79,1.88,nan,nan,nan,0.7,1.43,15.58,7.31,0.91,15.82,17.09
samples_design_48_dldesign_0_best,0.89,1.58,0.72,nan,nan,nan,0.61,1.05,7.89,4.14,0.89,26.59,16.46
samples_design_48_dldesign_1_best,0.68,1.12,1.45,nan,nan,nan,0.65,1.19,12.93,6.34,0.89,9.52,4.3
samples_design_48_dldesign_2_best,1.14,1.28,1.79,nan,nan,nan,0.76,1.5,11.35,5.64,0.89,12.52,5.49
samples_design_48_dldesign_3_best,1.03,1.13,3.06,nan,nan,nan,1.05,2.22,16.33,7.81,0.9,16.38,11.31
samples_design_48_dldesign_4_best,0.76,0.97,0.96,nan,nan,nan,0.53,0.91,16.5,7.9,0.89,14.17,8.67
samples_design_48_dldesign_5_best,0.82,1.44,3.36,nan,nan,nan,1.14,2.43,15.69,7.48,0.91,14.77,10.16
samples_design_48_dldesign_6_best,0.98,1.0,0.94,nan,nan,nan,0.59,0.97,8.76,4.51,0.89,26.0,17.02
samples_design_48_dldesign_7_best,0.68,1.7,1.67,nan,nan,nan,0.75,1.46,10.83,5.42,0.89,9.92,4.09
samples_design_49_dldesign_0_best,0.74,0.61,1.22,nan,nan,nan,0.53,0.87,14.16,6.71,0.9,14.45,7.68
samples_design_49_dldesign_1_best,0.64,0.53,1.11,nan,nan,nan,0.51,0.77,12.28,5.9,0.9,14.3,6.8
samples_design_49_dldesign_2_best,0.68,0.56,1.71,nan,nan,nan,0.58,1.05,14.03,6.65,0.9,13.86,6.6
samples_design_49_dldesign_3_best,1.25,0.58,1.15,nan,nan,nan,0.54,1.04,15.54,7.28,0.91,14.82,9.9
samples_design_49_dldesign_4_best,0.57,0.75,1.15,nan,nan,nan,0.5,0.82,16.42,7.67,0.91,14.7,13.72
samples_design_49_dldesign_5_best,0.99,0.52,1.43,nan,nan,nan,0.65,1.02,10.43,5.09,0.9,13.55,6.35
samples_design_49_dldesign_6_best,0.61,0.58,3.01,nan,nan,nan,0.78,1.66,15.18,7.17,0.9,18.53,20.3
samples_design_49_dldesign_7_best,0.54,0.7,1.19,nan,nan,nan,0.51,0.82,15.44,7.25,0.91,13.77,12.59
samples_design_0_dldesign_0_best,0.54,0.68,2.91,nan,nan,nan,0.75,1.62,14.48,6.82,0.91,11.55,11.58
samples_design_0_dldesign_1_best,1.04,0.61,1.99,nan,nan,nan,0.66,1.28,14.73,6.96,0.9,9.7,4.36
samples_design_0_dldesign_2_best,0.51,0.74,1.47,nan,nan,nan,0.53,0.94,16.93,7.91,0.9,21.67,15.34
samples_design_0_dldesign_3_best,0.51,0.68,3.4,nan,nan,nan,0.84,1.86,15.31,7.19,0.91,19.88,17.31
samples_design_0_dldesign_4_best,0.47,0.53,1.49,nan,nan,nan,0.55,0.89,14.63,6.91,0.9,11.23,5.79
samples_design_0_dldesign_5_best,0.5,0.66,3.14,nan,nan,nan,0.78,1.72,15.95,7.47,0.9,13.87,10.02
samples_design_0_dldesign_6_best,0.37,0.77,3.23,nan,nan,nan,0.81,1.78,16.36,7.64,0.9,20.09,14.33
samples_design_0_dldesign_7_best,0.38,0.77,3.38,nan,nan,nan,0.83,1.85,15.11,7.09,0.91,15.54,15.07
samples_design_1_dldesign_0_best,0.59,0.73,0.84,nan,nan,nan,0.52,0.75,9.3,4.67,0.9,5.77,3.59
samples_design_1_dldesign_1_best,0.98,0.82,0.66,nan,nan,nan,0.53,0.8,10.03,5.02,0.9,4.14,2.07
samples_design_1_dldesign_2_best,0.76,0.98,0.77,nan,nan,nan,0.51,0.82,16.39,7.8,0.91,20.75,19.75
samples_design_1_dldesign_3_best,1.25,0.86,0.71,nan,nan,nan,0.56,0.92,9.17,4.64,0.9,23.38,19.55
samples_design_1_dldesign_4_best,1.25,0.84,0.88,nan,nan,nan,0.61,0.98,9.14,4.62,0.9,1.74,1.32
samples_design_1_dldesign_5_best,0.9,0.89,0.74,nan,nan,nan,0.53,0.82,15.17,7.27,0.91,4.66,5.75
samples_design_1_dldesign_6_best,0.91,0.82,0.81,nan,nan,nan,0.54,0.84,16.03,7.66,0.91,21.5,20.51
samples_design_1_dldesign_7_best,0.92,0.9,0.77,nan,nan,nan,0.53,0.85,14.27,6.87,0.91,5.26,4.95
samples_design_2_dldesign_0_best,0.56,0.48,1.31,nan,nan,nan,0.52,0.82,15.05,7.08,0.91,15.84,19.38
samples_design_2_dldesign_1_best,0.36,0.37,1.71,nan,nan,nan,0.55,0.95,15.57,7.27,0.91,17.27,13.23
samples_design_2_dldesign_2_best,0.57,0.66,1.94,nan,nan,nan,0.62,1.15,15.46,7.23,0.91,17.11,17.01
samples_design_2_dldesign_3_best,0.52,0.31,1.63,nan,nan,nan,0.56,0.94,10.85,5.26,0.9,10.02,7.44
samples_design_2_dldesign_4_best,0.5,0.38,0.67,nan,nan,nan,0.46,0.52,16.21,7.57,0.9,20.59,22.52
samples_design_2_dldesign_5_best,0.43,0.54,1.1,nan,nan,nan,0.48,0.71,16.23,7.59,0.9,19.96,16.09
samples_design_2_dldesign_6_best,0.46,0.31,1.66,nan,nan,nan,0.57,0.94,14.94,6.98,0.91,10.15,8.36
samples_design_2_dldesign_7_best,0.44,0.5,1.53,nan,nan,nan,0.53,0.9,15.5,7.23,0.91,16.65,14.67
samples_design_3_dldesign_0_best,0.31,0.47,1.83,nan,nan,nan,0.69,1.3,17.32,8.28,0.9,26.16,15.7
samples_design_3_dldesign_1_best,0.43,0.5,2.12,nan,nan,nan,0.77,1.51,17.97,8.56,0.9,2.9,3.36
samples_design_3_dldesign_2_best,0.34,0.5,2.32,nan,nan,nan,0.83,1.64,17.89,8.52,0.9,15.85,16.74
samples_design_3_dldesign_3_best,0.81,0.54,2.55,nan,nan,nan,0.93,1.84,15.36,7.42,0.9,10.58,6.9
samples_design_3_dldesign_4_best,0.55,0.65,2.16,nan,nan,nan,0.79,1.56,15.88,7.67,0.89,10.95,5.99
samples_design_3_dldesign_5_best,0.43,0.62,2.98,nan,nan,nan,1.03,2.1,17.17,8.21,0.9,17.38,20.38
samples_design_3_dldesign_6_best,0.46,0.61,2.13,nan,nan,nan,0.78,1.52,17.53,8.37,0.9,8.02,5.97
samples_design_3_dldesign_7_best,0.5,0.44,2.61,nan,nan,nan,0.92,1.84,15.42,7.46,0.89,10.17,6.05
samples_design_4_dldesign_0_best,0.63,0.67,0.83,nan,nan,nan,0.49,0.75,13.82,6.69,0.9,4.52,2.98
samples_design_4_dldesign_1_best,0.84,0.79,0.79,nan,nan,nan,0.5,0.8,17.73,8.41,0.91,24.73,20.99
samples_design_4_dldesign_2_best,0.59,0.66,0.9,nan,nan,nan,0.51,0.78,12.94,6.31,0.9,1.44,1.25
samples_design_4_dldesign_3_best,1.09,0.87,0.86,nan,nan,nan,0.58,0.93,12.17,5.98,0.9,3.15,2.83
samples_design_4_dldesign_4_best,0.75,0.68,0.88,nan,nan,nan,0.54,0.8,9.37,4.72,0.9,1.88,1.45
samples_design_4_dldesign_5_best,0.57,0.58,0.95,nan,nan,nan,0.52,0.78,15.25,7.3,0.9,21.57,20.54
samples_design_4_dldesign_6_best,1.34,0.87,0.91,nan,nan,nan,0.63,1.03,10.6,5.27,0.9,4.43,4.05
samples_design_4_dldesign_7_best,0.94,0.84,0.71,nan,nan,nan,0.5,0.81,8.76,4.47,0.9,3.1,3.05
samples_design_5_dldesign_0_best,0.69,0.98,0.61,nan,nan,nan,0.52,0.73,11.07,5.46,0.9,2.77,1.54
samples_design_5_dldesign_1_best,0.51,0.72,0.61,nan,nan,nan,0.49,0.61,4.86,2.75,0.9,2.86,1.22
samples_design_5_dldesign_2_best,0.71,0.87,0.63,nan,nan,nan,0.54,0.71,10.53,5.23,0.9,3.07,1.79
samples_design_5_dldesign_3_best,0.66,0.82,0.61,nan,nan,nan,0.53,0.68,10.24,5.09,0.9,3.77,2.27
samples_design_5_dldesign_4_best,0.53,0.78,0.67,nan,nan,nan,0.51,0.66,5.2,2.91,0.9,4.06,1.67
samples_design_5_dldesign_5_best,0.68,0.83,0.69,nan,nan,nan,0.53,0.72,10.97,5.42,0.9,3.23,2.63
samples_design_5_dldesign_6_best,1.05,0.91,0.69,nan,nan,nan,0.59,0.85,12.26,5.97,0.9,1.97,2.13
samples_design_5_dldesign_7_best,0.64,0.99,0.5,nan,nan,nan,0.48,0.68,15.8,7.52,0.91,22.09,21.24
samples_design_6_dldesign_0_best,0.81,1.38,1.52,nan,nan,nan,0.63,1.24,15.89,7.41,0.91,14.64,15.14
samples_design_6_dldesign_1_best,0.6,1.28,1.58,nan,nan,nan,0.61,1.17,14.33,6.77,0.9,10.84,6.27
samples_design_6_dldesign_2_best,0.85,1.41,1.37,nan,nan,nan,0.61,1.21,16.04,7.49,0.91,17.99,17.35
samples_design_6_dldesign_3_best,0.72,1.13,1.94,nan,nan,nan,0.64,1.29,12.97,6.18,0.9,12.78,7.29
samples_design_6_dldesign_4_best,0.62,1.07,1.43,nan,nan,nan,0.58,1.05,13.95,6.58,0.91,13.65,7.99
samples_design_6_dldesign_5_best,0.86,1.26,2.28,nan,nan,nan,0.7,1.5,15.1,7.09,0.9,25.05,16.71
samples_design_6_dldesign_6_best,0.8,1.31,1.39,nan,nan,nan,0.59,1.17,15.73,7.36,0.91,8.59,4.39
samples_design_6_dldesign_7_best,0.98,2.43,1.37,nan,nan,nan,0.75,1.69,14.49,6.85,0.9,10.32,6.18
samples_design_7_dldesign_0_best,0.43,1.26,2.33,nan,nan,nan,0.69,1.45,15.83,7.42,0.9,23.06,11.87
samples_design_7_dldesign_1_best,0.5,1.28,1.99,nan,nan,nan,0.66,1.32,14.17,6.69,0.91,21.11,10.85
samples_design_7_dldesign_2_best,0.5,1.13,2.22,nan,nan,nan,0.65,1.38,15.16,7.12,0.9,14.79,11.16
samples_design_7_dldesign_3_best,0.45,1.28,1.63,nan,nan,nan,0.59,1.17,15.32,7.18,0.91,17.45,13.67
samples_design_7_dldesign_4_best,0.49,1.18,1.27,nan,nan,nan,0.58,1.0,15.47,7.23,0.91,22.27,18.17
samples_design_7_dldesign_5_best,0.41,1.04,1.24,nan,nan,nan,0.53,0.92,15.27,7.17,0.91,24.2,18.82
samples_design_7_dldesign_6_best,0.57,1.25,1.76,nan,nan,nan,0.63,1.23,14.92,6.99,0.91,11.71,11.18
samples_design_7_dldesign_7_best,0.44,1.03,1.23,nan,nan,nan,0.54,0.92,14.71,6.92,0.91,8.67,4.63
samples_design_8_dldesign_0_best,0.52,0.86,0.39,nan,nan,nan,0.47,0.62,14.05,6.61,0.92,12.46,8.01
samples_design_8_dldesign_1_best,0.82,1.06,0.56,nan,nan,nan,0.5,0.83,16.07,7.49,0.91,24.51,22.14
samples_design_8_dldesign_2_best,0.58,0.8,0.69,nan,nan,nan,0.47,0.69,14.34,6.73,0.91,11.17,7.49
samples_design_8_dldesign_3_best,0.62,1.03,0.73,nan,nan,nan,0.49,0.8,16.06,7.48,0.91,24.64,19.33
samples_design_8_dldesign_4_best,0.4,0.98,0.61,nan,nan,nan,0.47,0.69,15.63,7.29,0.92,8.29,9.69
samples_design_8_dldesign_5_best,0.82,1.1,0.9,nan,nan,nan,0.61,0.94,14.11,6.66,0.91,12.77,8.64
samples_design_8_dldesign_6_best,1.12,1.14,0.68,nan,nan,nan,0.63,1.01,15.64,7.32,0.91,22.55,20.59
samples_design_8_dldesign_7_best,0.97,1.44,1.79,nan,nan,nan,0.72,1.42,15.27,7.15,0.91,23.4,21.04
samples_design_9_dldesign_0_best,0.63,0.75,3.59,nan,nan,nan,1.26,2.58,16.01,7.65,0.91,13.26,9.78
samples_design_9_dldesign_1_best,0.94,0.8,3.87,nan,nan,nan,1.37,2.81,14.48,7.0,0.9,12.3,12.41
samples_design_9_dldesign_2_best,0.57,0.8,3.86,nan,nan,nan,1.34,2.77,16.18,7.71,0.91,18.7,13.97
samples_design_9_dldesign_3_best,0.73,0.74,3.45,nan,nan,nan,1.21,2.5,15.59,7.5,0.89,2.57,2.55
samples_design_9_dldesign_4_best,0.69,0.69,3.8,nan,nan,nan,1.33,2.73,12.54,6.12,0.9,3.43,4.36
samples_design_9_dldesign_5_best,0.83,0.75,3.82,nan,nan,nan,1.34,2.76,15.34,7.32,0.91,24.77,17.25
samples_design_9_dldesign_6_best,0.77,0.78,3.81,nan,nan,nan,1.33,2.75,14.52,6.97,0.91,16.95,16.02
samples_design_9_dldesign_7_best,0.72,0.81,3.79,nan,nan,nan,1.31,2.74,14.22,6.86,0.91,18.27,17.28
samples_design_10_dldesign_0_best,0.8,0.79,1.72,nan,nan,nan,0.6,1.17,15.89,7.44,0.91,17.56,12.51
samples_design_10_dldesign_1_best,0.83,1.02,1.51,nan,nan,nan,0.58,1.14,16.46,7.72,0.9,22.39,15.88
samples_design_10_dldesign_2_best,0.78,0.84,2.42,nan,nan,nan,0.71,1.51,15.7,7.37,0.9,23.02,19.2
samples_design_10_dldesign_3_best,0.58,0.82,1.73,nan,nan,nan,0.57,1.13,15.74,7.37,0.91,16.3,11.99
samples_design_10_dldesign_4_best,0.71,0.92,1.34,nan,nan,nan,0.53,1.01,16.32,7.63,0.9,12.31,5.85
samples_design_10_dldesign_5_best,0.65,0.85,1.62,nan,nan,nan,0.56,1.1,15.58,7.29,0.91,13.82,13.3
samples_design_10_dldesign_6_best,0.68,0.74,1.24,nan,nan,nan,0.56,0.91,13.8,6.53,0.91,11.88,7.07
samples_design_10_dldesign_7_best,0.6,0.77,1.17,nan,nan,nan,0.5,0.87,14.52,6.84,0.91,10.06,6.48
samples_design_11_dldesign_0_best,0.55,1.06,1.31,nan,nan,nan,0.58,1.04,16.17,7.6,0.91,25.24,17.63
samples_design_11_dldesign_1_best,0.8,0.97,1.15,nan,nan,nan,0.57,0.99,16.17,7.59,0.91,13.44,9.69
samples_design_11_dldesign_2_best,0.8,0.89,1.04,nan,nan,nan,0.59,0.92,10.88,5.31,0.9,12.89,6.43
samples_design_11_dldesign_3_best,0.76,1.12,1.21,nan,nan,nan,0.58,1.06,16.41,7.71,0.91,14.68,14.16
samples_design_11_dldesign_4_best,0.9,0.95,1.28,nan,nan,nan,0.66,1.07,14.36,6.82,0.91,10.45,6.45
samples_design_11_dldesign_5_best,0.84,0.88,1.36,nan,nan,nan,0.65,1.08,14.24,6.78,0.91,12.1,6.12
samples_design_11_dldesign_6_best,0.9,1.04,1.2,nan,nan,nan,0.64,1.06,13.57,6.47,0.91,9.39,4.83
samples_design_11_dldesign_7_best,0.65,0.94,1.26,nan,nan,nan,0.6,1.0,16.08,7.56,0.91,6.99,5.62
samples_design_12_dldesign_0_best,0.6,0.55,1.58,nan,nan,nan,0.6,1.1,15.1,7.19,0.91,9.16,6.78
samples_design_12_dldesign_1_best,0.29,0.75,0.96,nan,nan,nan,0.46,0.75,16.09,7.6,0.91,23.98,12.62
samples_design_12_dldesign_2_best,0.64,0.64,1.34,nan,nan,nan,0.57,0.99,14.98,7.11,0.91,10.25,7.06
samples_design_12_dldesign_3_best,0.48,0.53,1.33,nan,nan,nan,0.55,0.94,13.82,6.62,0.9,5.79,3.67
samples_design_12_dldesign_4_best,0.36,0.57,1.43,nan,nan,nan,0.56,0.98,15.97,7.55,0.91,11.24,9.83
samples_design_12_dldesign_5_best,0.32,0.65,1.67,nan,nan,nan,0.6,1.14,15.78,7.44,0.91,6.66,8.82
samples_design_12_dldesign_6_best,0.48,0.55,1.29,nan,nan,nan,0.52,0.92,13.0,6.28,0.9,5.2,3.05
samples_design_12_dldesign_7_best,0.28,0.86,1.15,nan,nan,nan,0.5,0.88,15.55,7.34,0.92,19.74,12.4
samples_design_13_dldesign_0_best,0.59,0.84,0.98,nan,nan,nan,0.52,0.8,16.3,7.6,0.91,14.35,12.27
samples_design_13_dldesign_1_best,0.89,0.94,0.92,nan,nan,nan,0.58,0.91,15.99,7.47,0.91,14.38,15.63
samples_design_13_dldesign_2_best,0.78,0.75,0.96,nan,nan,nan,0.57,0.82,15.54,7.28,0.91,16.24,15.41
samples_design_13_dldesign_3_best,0.82,0.68,0.8,nan,nan,nan,0.54,0.77,13.03,6.19,0.9,9.59,5.14
samples_design_13_dldesign_4_best,1.3,0.78,1.25,nan,nan,nan,0.64,1.14,16.12,7.53,0.91,4.93,3.6
samples_design_13_dldesign_5_best,0.77,0.88,0.92,nan,nan,nan,0.56,0.85,16.09,7.53,0.91,17.02,11.11
samples_design_13_dldesign_6_best,0.76,0.82,0.7,nan,nan,nan,0.52,0.76,15.59,7.29,0.91,25.23,19.25
samples_design_13_dldesign_7_best,0.83,0.95,0.84,nan,nan,nan,0.55,0.87,15.77,7.37,0.91,15.21,10.35
samples_design_14_dldesign_0_best,0.61,0.36,0.69,nan,nan,nan,0.44,0.58,15.41,7.25,0.91,16.28,13.1
samples_design_14_dldesign_1_best,0.56,0.4,0.64,nan,nan,nan,0.43,0.55,15.24,7.15,0.92,18.07,18.55
samples_design_14_dldesign_2_best,0.66,0.55,1.24,nan,nan,nan,0.51,0.88,17.27,8.07,0.9,10.01,7.26
samples_design_14_dldesign_3_best,0.96,0.88,2.13,nan,nan,nan,0.73,1.47,15.37,7.22,0.91,23.29,20.78
samples_design_14_dldesign_4_best,0.62,0.57,1.36,nan,nan,nan,0.53,0.93,16.29,7.65,0.91,19.9,16.7
samples_design_14_dldesign_5_best,0.47,0.31,0.32,nan,nan,nan,0.43,0.38,15.72,7.37,0.91,20.44,15.08
samples_design_14_dldesign_6_best,0.9,0.3,0.79,nan,nan,nan,0.59,0.73,15.9,7.44,0.92,18.22,14.04
samples_design_14_dldesign_7_best,0.62,0.27,0.52,nan,nan,nan,0.41,0.5,14.8,6.96,0.92,15.24,9.96
samples_design_15_dldesign_0_best,0.64,0.27,0.47,nan,nan,nan,0.44,0.49,5.2,2.88,0.9,12.83,7.74
samples_design_15_dldesign_1_best,0.77,0.54,3.53,nan,nan,nan,0.92,2.06,16.36,7.71,0.9,17.12,18.33
samples_design_15_dldesign_2_best,0.48,0.4,0.66,nan,nan,nan,0.49,0.52,5.13,2.83,0.9,13.55,7.41
samples_design_15_dldesign_3_best,0.75,0.46,3.63,nan,nan,nan,0.94,2.11,16.85,7.93,0.9,16.7,14.67
samples_design_15_dldesign_4_best,0.86,0.46,3.9,nan,nan,nan,1.01,2.27,18.28,8.51,0.9,35.44,21.27
samples_design_15_dldesign_5_best,0.44,0.62,0.7,nan,nan,nan,0.44,0.59,15.59,7.31,0.91,22.7,14.84
samples_design_15_dldesign_6_best,0.83,0.49,0.63,nan,nan,nan,0.46,0.67,15.32,7.22,0.91,20.42,14.37
samples_design_15_dldesign_7_best,0.86,0.49,3.41,nan,nan,nan,0.91,2.01,16.1,7.59,0.9,17.34,15.01
samples_design_16_dldesign_0_best,0.94,0.79,3.13,nan,nan,nan,1.03,2.16,13.98,6.74,0.9,11.82,9.96
samples_design_16_dldesign_1_best,0.37,0.93,0.83,nan,nan,nan,0.5,0.75,15.89,7.53,0.91,25.38,17.5
samples_design_16_dldesign_2_best,0.52,0.68,2.6,nan,nan,nan,0.88,1.78,16.43,7.84,0.9,24.88,18.22
samples_design_16_dldesign_3_best,0.6,0.85,3.15,nan,nan,nan,1.03,2.15,12.89,6.23,0.91,17.3,9.92
samples_design_16_dldesign_4_best,0.27,0.75,2.22,nan,nan,nan,0.76,1.52,15.82,7.5,0.91,10.95,9.83
samples_design_16_dldesign_5_best,0.4,0.63,1.01,nan,nan,nan,0.52,0.78,12.08,5.88,0.9,10.59,4.77
samples_design_16_dldesign_6_best,0.38,0.82,2.81,nan,nan,nan,0.92,1.91,14.15,6.8,0.9,12.7,10.44
samples_design_16_dldesign_7_best,0.42,0.73,2.74,nan,nan,nan,0.9,1.86,14.14,6.81,0.9,10.09,5.4
samples_design_17_dldesign_0_best,0.76,0.64,2.17,nan,nan,nan,0.73,1.45,14.39,6.77,0.92,7.22,9.65
samples_design_17_dldesign_1_best,0.87,0.66,2.18,nan,nan,nan,0.75,1.48,15.57,7.29,0.92,4.68,5.49
samples_design_17_dldesign_2_best,0.71,0.52,1.9,nan,nan,nan,0.68,1.27,7.34,3.74,0.91,4.47,3.08
samples_design_17_dldesign_3_best,1.12,0.85,2.39,nan,nan,nan,0.82,1.67,12.75,6.11,0.91,13.63,11.82
samples_design_17_dldesign_4_best,0.99,0.81,2.36,nan,nan,nan,0.82,1.62,12.49,5.99,0.91,17.81,12.87
samples_design_17_dldesign_5_best,0.77,0.59,1.81,nan,nan,nan,0.67,1.24,10.78,5.22,0.91,11.13,6.54
samples_design_17_dldesign_6_best,0.87,0.64,2.04,nan,nan,nan,0.73,1.4,13.2,6.27,0.91,10.3,9.79
samples_design_17_dldesign_7_best,0.73,0.58,1.77,nan,nan,nan,0.64,1.21,8.11,4.08,0.9,3.01,1.92
samples_design_18_dldesign_0_best,0.92,0.93,4.1,nan,nan,nan,1.38,2.92,14.58,7.04,0.9,11.35,10.14
samples_design_18_dldesign_1_best,0.84,0.83,3.32,nan,nan,nan,1.14,2.38,13.85,6.74,0.9,7.45,7.92
samples_design_18_dldesign_2_best,0.54,1.3,4.48,nan,nan,nan,1.5,3.18,16.13,7.69,0.91,21.59,18.45
samples_design_18_dldesign_3_best,1.1,0.83,4.48,nan,nan,nan,1.49,3.18,13.96,6.75,0.9,9.05,9.95
samples_design_18_dldesign_4_best,1.03,1.42,1.61,nan,nan,nan,0.75,1.42,16.28,7.81,0.9,12.44,9.68
samples_design_18_dldesign_5_best,1.39,1.5,4.81,nan,nan,nan,1.65,3.49,16.62,7.89,0.91,9.77,10.44
samples_design_18_dldesign_6_best,0.64,1.03,3.95,nan,nan,nan,1.34,2.81,15.63,7.49,0.91,22.59,19.42
samples_design_18_dldesign_7_best,1.02,1.35,4.24,nan,nan,nan,1.44,3.06,15.79,7.58,0.9,8.1,8.14
samples_design_19_dldesign_0_best,0.71,0.9,2.33,nan,nan,nan,0.88,1.69,13.54,6.6,0.89,8.12,3.93
samples_design_19_dldesign_1_best,0.57,0.88,2.38,nan,nan,nan,0.88,1.7,12.96,6.35,0.89,10.36,5.24
samples_design_19_dldesign_2_best,0.73,1.11,4.66,nan,nan,nan,1.52,3.23,13.97,6.76,0.89,14.18,8.71
samples_design_19_dldesign_3_best,0.61,0.89,1.76,nan,nan,nan,0.71,1.32,14.31,6.95,0.89,8.96,5.41
samples_design_19_dldesign_4_best,0.72,1.04,3.64,nan,nan,nan,1.22,2.55,14.43,6.99,0.9,9.32,8.22
samples_design_19_dldesign_5_best,0.48,0.91,1.67,nan,nan,nan,0.7,1.24,12.84,6.31,0.89,9.87,4.87
samples_design_19_dldesign_6_best,0.63,0.98,2.85,nan,nan,nan,0.99,2.02,15.09,7.3,0.89,9.52,8.27
samples_design_19_dldesign_7_best,0.72,0.84,1.48,nan,nan,nan,0.66,1.15,13.31,6.5,0.9,4.3,5.11
samples_design_20_dldesign_0_best,0.68,1.05,1.38,nan,nan,nan,0.57,1.06,16.14,7.57,0.91,9.02,11.97
samples_design_20_dldesign_1_best,0.75,1.04,0.59,nan,nan,nan,0.52,0.81,15.57,7.29,0.91,18.23,10.14
samples_design_20_dldesign_2_best,0.69,1.29,0.67,nan,nan,nan,0.49,0.92,17.72,8.23,0.9,17.47,13.32
samples_design_20_dldesign_3_best,0.69,0.9,0.59,nan,nan,nan,0.48,0.74,14.37,6.76,0.91,9.01,5.8
samples_design_20_dldesign_4_best,0.6,0.57,0.7,nan,nan,nan,0.42,0.62,6.68,3.48,0.9,10.78,7.06
samples_design_20_dldesign_5_best,0.68,0.96,0.44,nan,nan,nan,0.5,0.73,14.04,6.63,0.91,9.43,6.52
samples_design_20_dldesign_6_best,0.75,1.06,1.45,nan,nan,nan,0.62,1.11,16.92,7.9,0.91,19.83,11.7
samples_design_20_dldesign_7_best,0.44,0.82,0.75,nan,nan,nan,0.48,0.68,13.44,6.35,0.91,12.88,8.04
samples_design_21_dldesign_0_best,0.76,0.82,1.46,nan,nan,nan,0.61,1.09,15.85,7.45,0.91,24.49,16.61
samples_design_21_dldesign_1_best,0.94,0.88,1.47,nan,nan,nan,0.64,1.15,15.79,7.44,0.91,24.09,13.78
samples_design_21_dldesign_2_best,0.75,0.8,1.6,nan,nan,nan,0.63,1.16,15.95,7.5,0.91,21.36,13.4
samples_design_21_dldesign_3_best,0.8,0.89,1.37,nan,nan,nan,0.63,1.08,15.91,7.47,0.91,25.74,14.52
samples_design_21_dldesign_4_best,0.85,0.76,1.23,nan,nan,nan,0.61,0.99,16.03,7.53,0.91,14.77,8.69
samples_design_21_dldesign_5_best,0.74,0.7,1.65,nan,nan,nan,0.62,1.17,16.54,7.77,0.91,16.67,15.13
samples_design_21_dldesign_6_best,1.04,0.76,1.58,nan,nan,nan,0.69,1.22,14.35,6.81,0.91,25.44,15.52
samples_design_21_dldesign_7_best,0.75,0.83,1.62,nan,nan,nan,0.63,1.18,16.37,7.69,0.91,12.92,11.75
samples_design_22_dldesign_0_best,0.95,0.68,4.03,nan,nan,nan,1.4,2.91,14.92,7.2,0.91,12.44,10.95
samples_design_22_dldesign_1_best,0.97,0.51,4.63,nan,nan,nan,1.6,3.32,17.1,8.22,0.9,14.4,11.67
samples_design_22_dldesign_2_best,0.83,0.76,3.54,nan,nan,nan,1.25,2.56,20.24,9.54,0.9,24.34,19.43
samples_design_22_dldesign_3_best,0.91,0.63,5.09,nan,nan,nan,1.74,3.65,16.62,7.98,0.9,8.32,6.37
samples_design_22_dldesign_4_best,0.63,0.58,3.49,nan,nan,nan,1.22,2.51,15.77,7.59,0.9,19.26,16.55
samples_design_22_dldesign_5_best,0.43,0.57,6.12,nan,nan,nan,2.04,4.34,14.89,7.15,0.91,13.13,11.63
samples_design_22_dldesign_6_best,0.58,0.63,3.7,nan,nan,nan,1.27,2.65,16.98,8.15,0.9,12.23,7.56
samples_design_22_dldesign_7_best,0.66,0.76,3.75,nan,nan,nan,1.3,2.7,20.38,9.6,0.9,25.8,23.18
samples_design_23_dldesign_0_best,0.85,0.6,1.73,nan,nan,nan,0.63,1.18,16.34,7.66,0.91,14.63,10.94
samples_design_23_dldesign_1_best,0.56,0.27,0.43,nan,nan,nan,0.42,0.44,11.47,5.53,0.91,4.92,2.68
samples_design_23_dldesign_2_best,0.51,0.52,1.69,nan,nan,nan,0.62,1.08,15.7,7.38,0.91,14.26,16.11
samples_design_23_dldesign_3_best,0.68,0.4,1.02,nan,nan,nan,0.49,0.76,13.94,6.62,0.91,11.74,6.63
samples_design_23_dldesign_4_best,0.59,0.53,0.63,nan,nan,nan,0.45,0.59,15.73,7.36,0.92,17.59,16.57
samples_design_23_dldesign_5_best,0.63,0.25,0.3,nan,nan,nan,0.44,0.44,10.37,5.06,0.9,8.4,5.23
samples_design_23_dldesign_6_best,0.61,0.53,1.21,nan,nan,nan,0.51,0.85,15.42,7.25,0.91,18.11,17.98
samples_design_23_dldesign_7_best,0.63,0.36,0.55,nan,nan,nan,0.44,0.53,15.65,7.33,0.92,16.02,18.82
samples_design_24_dldesign_0_best,0.87,0.68,2.28,nan,nan,nan,0.77,1.54,14.82,7.03,0.91,11.79,9.38
samples_design_24_dldesign_1_best,0.75,0.72,1.97,nan,nan,nan,0.69,1.34,15.5,7.31,0.91,11.96,9.3
samples_design_24_dldesign_2_best,0.68,0.82,1.97,nan,nan,nan,0.69,1.35,16.12,7.58,0.91,10.44,9.87
samples_design_24_dldesign_3_best,0.78,0.83,1.96,nan,nan,nan,0.69,1.36,15.82,7.46,0.91,7.85,8.69
samples_design_24_dldesign_4_best,0.71,0.72,1.87,nan,nan,nan,0.66,1.28,16.06,7.56,0.91,19.98,19.07
samples_design_24_dldesign_5_best,0.84,0.6,1.74,nan,nan,nan,0.66,1.22,15.12,7.16,0.91,13.13,8.68
samples_design_24_dldesign_6_best,0.67,0.8,2.06,nan,nan,nan,0.71,1.4,16.47,7.74,0.91,23.5,18.68
samples_design_24_dldesign_7_best,0.77,0.65,1.82,nan,nan,nan,0.66,1.25,15.4,7.28,0.91,12.44,8.82
samples_design_25_dldesign_0_best,0.4,0.46,0.47,nan,nan,nan,0.41,0.44,15.53,7.3,0.91,18.18,13.73
samples_design_25_dldesign_1_best,0.47,0.33,0.38,nan,nan,nan,0.42,0.4,11.3,5.45,0.91,13.75,8.18
samples_design_25_dldesign_2_best,0.89,0.73,1.64,nan,nan,nan,0.61,1.17,15.48,7.28,0.91,16.94,16.51
samples_design_25_dldesign_3_best,0.76,0.77,2.27,nan,nan,nan,0.73,1.48,15.73,7.38,0.91,18.06,15.12
samples_design_25_dldesign_4_best,0.7,0.68,1.77,nan,nan,nan,0.62,1.19,15.77,7.41,0.91,20.63,21.85
samples_design_25_dldesign_5_best,0.85,0.63,2.18,nan,nan,nan,0.72,1.43,13.68,6.48,0.91,10.3,7.08
samples_design_25_dldesign_6_best,0.5,0.4,0.45,nan,nan,nan,0.41,0.45,15.43,7.23,0.92,20.39,21.03
samples_design_25_dldesign_7_best,0.39,0.61,1.12,nan,nan,nan,0.52,0.78,15.86,7.44,0.91,27.3,21.33
samples_design_26_dldesign_0_best,0.85,0.52,1.15,nan,nan,nan,0.59,0.95,16.22,7.73,0.91,21.66,18.46
samples_design_26_dldesign_1_best,0.91,0.42,1.28,nan,nan,nan,0.64,1.04,15.87,7.58,0.91,21.7,19.14
samples_design_26_dldesign_2_best,0.9,0.37,1.17,nan,nan,nan,0.59,0.97,16.17,7.7,0.91,12.12,9.53
samples_design_26_dldesign_3_best,0.86,0.45,1.22,nan,nan,nan,0.6,1.0,16.23,7.74,0.91,8.03,6.68
samples_design_26_dldesign_4_best,0.97,0.37,1.15,nan,nan,nan,0.6,0.97,15.84,7.55,0.91,8.47,8.32
samples_design_26_dldesign_5_best,0.93,0.39,1.24,nan,nan,nan,0.61,1.02,16.84,8.0,0.91,20.42,18.95
samples_design_26_dldesign_6_best,0.77,0.51,1.21,nan,nan,nan,0.63,0.97,14.63,7.03,0.91,9.97,7.12
samples_design_26_dldesign_7_best,0.84,0.58,1.3,nan,nan,nan,0.63,1.05,15.64,7.51,0.9,9.37,9.07
samples_design_27_dldesign_0_best,0.53,0.82,2.07,nan,nan,nan,0.81,1.51,15.99,7.7,0.9,14.66,12.02
samples_design_27_dldesign_1_best,0.67,0.8,2.59,nan,nan,nan,0.95,1.87,17.56,8.41,0.9,14.28,14.82
samples_design_27_dldesign_2_best,0.67,0.65,6.75,nan,nan,nan,2.19,4.7,16.13,7.71,0.9,16.21,15.71
samples_design_27_dldesign_3_best,0.66,0.65,6.22,nan,nan,nan,2.02,4.33,19.16,9.09,0.9,21.39,19.12
samples_design_27_dldesign_4_best,0.58,0.71,6.47,nan,nan,nan,2.1,4.51,14.17,6.86,0.9,26.85,21.45
samples_design_27_dldesign_5_best,0.69,0.76,6.68,nan,nan,nan,2.16,4.66,14.24,6.9,0.9,16.49,16.25
samples_design_27_dldesign_6_best,0.59,0.64,5.88,nan,nan,nan,1.91,4.1,18.71,8.91,0.9,22.81,16.1
samples_design_27_dldesign_7_best,0.52,0.85,2.03,nan,nan,nan,0.79,1.49,17.4,8.34,0.9,15.01,15.5
samples_design_28_dldesign_0_best,0.91,0.79,0.54,nan,nan,nan,0.52,0.72,15.77,7.51,0.91,16.17,16.26
samples_design_28_dldesign_1_best,1.0,0.76,0.62,nan,nan,nan,0.54,0.77,16.57,7.88,0.91,22.32,21.61
samples_design_28_dldesign_2_best,1.0,0.79,0.69,nan,nan,nan,0.56,0.8,11.93,5.84,0.91,2.21,2.09
samples_design_28_dldesign_3_best,1.02,0.72,0.61,nan,nan,nan,0.56,0.77,7.42,3.87,0.9,0.92,0.99
samples_design_28_dldesign_4_best,1.09,0.81,0.77,nan,nan,nan,0.59,0.88,13.1,6.35,0.91,5.97,5.64
samples_design_28_dldesign_5_best,1.41,0.79,1.0,nan,nan,nan,0.67,1.09,14.1,6.8,0.91,22.82,18.99
samples_design_28_dldesign_6_best,1.12,0.85,0.63,nan,nan,nan,0.54,0.84,17.03,8.09,0.91,22.31,24.21
samples_design_28_dldesign_7_best,0.95,0.69,0.73,nan,nan,nan,0.55,0.79,13.5,6.54,0.9,6.99,6.63
samples_design_29_dldesign_0_best,0.74,0.81,1.37,nan,nan,nan,0.62,1.08,15.88,7.56,0.9,10.35,8.02
samples_design_29_dldesign_1_best,0.68,0.43,3.19,nan,nan,nan,1.02,2.15,14.55,7.01,0.9,4.6,4.7
samples_design_29_dldesign_2_best,1.0,0.8,2.05,nan,nan,nan,0.79,1.51,15.34,7.31,0.91,17.88,11.78
samples_design_29_dldesign_3_best,0.59,0.79,3.37,nan,nan,nan,1.09,2.28,13.25,6.41,0.9,17.94,11.14
samples_design_29_dldesign_4_best,1.09,0.74,4.22,nan,nan,nan,1.33,2.87,14.61,7.06,0.9,16.41,12.04
samples_design_29_dldesign_5_best,0.73,0.64,1.52,nan,nan,nan,0.63,1.13,15.76,7.52,0.9,10.21,5.49
samples_design_29_dldesign_6_best,0.54,0.42,0.85,nan,nan,nan,0.5,0.67,15.76,7.45,0.91,19.41,9.68
samples_design_29_dldesign_7_best,0.64,0.51,1.23,nan,nan,nan,0.57,0.92,12.82,6.21,0.9,9.0,4.56
samples_design_30_dldesign_0_best,0.88,0.52,1.02,nan,nan,nan,0.52,0.86,13.2,6.32,0.9,7.77,4.0
samples_design_30_dldesign_1_best,0.86,0.57,1.1,nan,nan,nan,0.54,0.89,15.41,7.28,0.91,8.36,4.65
samples_design_30_dldesign_2_best,1.03,0.47,1.08,nan,nan,nan,0.58,0.93,11.31,5.5,0.9,25.84,18.12
samples_design_30_dldesign_3_best,1.24,0.65,1.39,nan,nan,nan,0.64,1.17,16.49,7.75,0.91,5.09,4.07
samples_design_30_dldesign_4_best,1.26,0.61,1.35,nan,nan,nan,0.63,1.15,15.71,7.41,0.91,18.48,15.47
samples_design_30_dldesign_5_best,0.92,0.68,1.17,nan,nan,nan,0.56,0.97,15.69,7.4,0.91,16.4,13.0
samples_design_30_dldesign_6_best,0.89,0.62,1.06,nan,nan,nan,0.54,0.9,14.25,6.78,0.91,8.84,5.03
samples_design_30_dldesign_7_best,0.88,0.68,1.54,nan,nan,nan,0.61,1.14,16.09,7.58,0.91,26.77,17.01
samples_design_31_dldesign_0_best,0.39,0.67,0.77,nan,nan,nan,0.47,0.65,14.92,7.13,0.9,26.67,17.22
samples_design_31_dldesign_1_best,0.48,0.5,2.08,nan,nan,nan,0.75,1.42,14.58,6.98,0.9,12.19,5.92
samples_design_31_dldesign_2_best,0.39,0.68,2.51,nan,nan,nan,0.84,1.7,15.53,7.42,0.9,7.08,7.85
samples_design_31_dldesign_3_best,0.66,0.83,2.9,nan,nan,nan,0.96,1.99,15.89,7.59,0.9,10.71,7.22
samples_design_31_dldesign_4_best,0.4,0.7,2.51,nan,nan,nan,0.85,1.71,16.14,7.69,0.9,11.29,9.87
samples_design_31_dldesign_5_best,0.43,0.53,0.64,nan,nan,nan,0.45,0.55,15.85,7.52,0.91,11.42,6.77
samples_design_31_dldesign_6_best,0.4,0.62,2.6,nan,nan,nan,0.86,1.75,15.47,7.4,0.9,12.78,9.72
samples_design_31_dldesign_7_best,0.54,0.74,2.7,nan,nan,nan,0.91,1.85,14.04,6.77,0.9,12.68,7.67
samples_design_32_dldesign_0_best,0.46,0.89,2.96,nan,nan,nan,1.03,2.11,16.51,7.84,0.91,5.82,7.63
samples_design_32_dldesign_1_best,0.56,0.79,2.23,nan,nan,nan,0.83,1.62,14.29,6.89,0.9,18.58,16.43
samples_design_32_dldesign_2_best,0.58,0.62,2.89,nan,nan,nan,1.01,2.05,16.19,7.7,0.91,13.3,10.54
samples_design_32_dldesign_3_best,0.49,0.77,2.33,nan,nan,nan,0.85,1.68,15.92,7.63,0.9,12.76,9.35
samples_design_32_dldesign_4_best,0.37,0.89,1.92,nan,nan,nan,0.74,1.42,15.83,7.57,0.91,13.74,11.21
samples_design_32_dldesign_5_best,0.58,0.9,3.31,nan,nan,nan,1.13,2.36,16.45,7.81,0.91,18.77,13.21
samples_design_32_dldesign_6_best,0.6,0.92,2.26,nan,nan,nan,0.85,1.66,14.82,7.14,0.9,14.0,9.99
samples_design_32_dldesign_7_best,0.43,0.95,2.24,nan,nan,nan,0.83,1.64,16.68,7.95,0.91,6.96,7.45
samples_design_33_dldesign_0_best,0.83,0.99,1.58,nan,nan,nan,0.58,1.13,15.55,7.31,0.9,19.01,12.7
samples_design_33_dldesign_1_best,0.67,0.61,2.96,nan,nan,nan,0.73,1.66,18.46,8.55,0.9,20.1,17.22
samples_design_33_dldesign_2_best,0.68,0.62,1.51,nan,nan,nan,0.51,0.97,16.66,7.77,0.9,14.72,15.96
samples_design_33_dldesign_3_best,0.76,0.6,2.88,nan,nan,nan,0.72,1.63,17.7,8.22,0.9,23.4,21.19
samples_design_33_dldesign_4_best,0.82,0.65,2.92,nan,nan,nan,0.73,1.66,17.41,8.1,0.9,10.75,11.2
samples_design_33_dldesign_5_best,0.73,0.51,2.62,nan,nan,nan,0.7,1.49,16.36,7.64,0.9,21.0,21.29
samples_design_33_dldesign_6_best,0.7,0.44,2.71,nan,nan,nan,0.69,1.52,16.67,7.78,0.9,9.24,8.61
samples_design_33_dldesign_7_best,0.69,0.54,2.61,nan,nan,nan,0.67,1.47,17.97,8.33,0.9,21.52,18.65
samples_design_34_dldesign_0_best,0.55,0.48,1.04,nan,nan,nan,0.49,0.76,16.61,7.78,0.91,11.98,12.71
samples_design_34_dldesign_1_best,0.87,0.45,0.81,nan,nan,nan,0.52,0.75,15.26,7.19,0.91,12.91,12.54
samples_design_34_dldesign_2_best,0.54,0.45,0.89,nan,nan,nan,0.49,0.68,14.93,7.05,0.91,12.7,12.04
samples_design_34_dldesign_3_best,0.93,0.53,1.86,nan,nan,nan,0.69,1.3,16.47,7.74,0.91,22.33,15.96
samples_design_34_dldesign_4_best,0.93,0.46,1.44,nan,nan,nan,0.59,1.07,15.34,7.24,0.91,15.19,10.54
samples_design_34_dldesign_5_best,0.88,0.45,0.9,nan,nan,nan,0.55,0.79,15.72,7.4,0.91,18.22,14.48
samples_design_34_dldesign_6_best,0.75,0.28,1.82,nan,nan,nan,0.64,1.21,14.94,7.1,0.91,11.81,6.96
samples_design_34_dldesign_7_best,0.68,0.33,0.82,nan,nan,nan,0.48,0.67,15.4,7.27,0.91,14.17,9.77
samples_design_35_dldesign_0_best,0.42,1.12,1.65,nan,nan,nan,0.63,1.23,16.66,7.84,0.91,27.63,17.27
samples_design_35_dldesign_1_best,0.7,0.89,1.38,nan,nan,nan,0.59,1.07,14.96,7.1,0.91,11.61,7.95
samples_design_35_dldesign_2_best,0.54,1.04,2.25,nan,nan,nan,0.76,1.56,16.61,7.83,0.91,16.39,14.37
samples_design_35_dldesign_3_best,0.49,0.9,1.39,nan,nan,nan,0.57,1.04,16.33,7.69,0.91,8.2,6.05
samples_design_35_dldesign_4_best,0.64,0.94,1.47,nan,nan,nan,0.6,1.12,15.73,7.44,0.91,7.95,7.37
samples_design_35_dldesign_5_best,0.43,1.01,2.38,nan,nan,nan,0.79,1.63,16.64,7.86,0.91,14.79,12.58
samples_design_35_dldesign_6_best,0.74,0.9,1.61,nan,nan,nan,0.63,1.21,15.87,7.48,0.91,7.26,7.73
samples_design_35_dldesign_7_best,0.65,0.98,2.22,nan,nan,nan,0.79,1.55,16.31,7.71,0.91,11.38,11.23
samples_design_36_dldesign_0_best,0.41,0.82,0.47,nan,nan,nan,0.42,0.57,9.09,4.59,0.89,4.83,2.52
samples_design_36_dldesign_1_best,0.58,0.92,3.12,nan,nan,nan,1.01,2.14,13.52,6.55,0.9,8.41,10.39
samples_design_36_dldesign_2_best,0.74,1.07,3.26,nan,nan,nan,1.07,2.25,10.37,5.12,0.9,18.78,10.76
samples_design_36_dldesign_3_best,0.47,0.82,0.8,nan,nan,nan,0.48,0.72,11.2,5.49,0.9,9.2,5.14
samples_design_36_dldesign_4_best,0.36,0.91,2.2,nan,nan,nan,0.77,1.54,9.71,4.89,0.89,2.61,1.82
samples_design_36_dldesign_5_best,0.59,0.94,2.91,nan,nan,nan,0.96,2.0,13.09,6.35,0.9,6.85,8.62
samples_design_36_dldesign_6_best,0.34,1.05,3.13,nan,nan,nan,1.01,2.14,13.9,6.66,0.91,15.29,12.31
samples_design_36_dldesign_7_best,0.36,0.8,0.53,nan,nan,nan,0.43,0.57,10.7,5.28,0.9,6.81,3.7
samples_design_37_dldesign_0_best,0.72,0.35,1.44,nan,nan,nan,0.62,1.02,14.36,6.91,0.89,6.23,4.1
samples_design_37_dldesign_1_best,0.68,0.63,1.8,nan,nan,nan,0.67,1.26,17.15,8.08,0.9,11.29,11.72
samples_design_37_dldesign_2_best,0.37,0.58,1.94,nan,nan,nan,0.67,1.29,14.39,6.88,0.9,8.92,5.28
samples_design_37_dldesign_3_best,0.79,0.43,1.7,nan,nan,nan,0.67,1.2,12.45,6.05,0.89,9.99,4.76
samples_design_37_dldesign_4_best,0.81,0.37,1.86,nan,nan,nan,0.7,1.29,13.13,6.33,0.9,10.7,5.29
samples_design_37_dldesign_5_best,0.91,0.76,2.85,nan,nan,nan,0.91,1.94,15.18,7.27,0.9,14.04,10.03
samples_design_37_dldesign_6_best,0.75,0.67,2.65,nan,nan,nan,0.86,1.78,15.7,7.5,0.89,14.64,12.05
samples_design_37_dldesign_7_best,0.93,0.53,1.96,nan,nan,nan,0.7,1.39,13.82,6.68,0.89,25.18,17.61
samples_design_38_dldesign_0_best,0.66,0.55,0.91,nan,nan,nan,0.5,0.77,16.41,7.81,0.91,22.41,22.35
samples_design_38_dldesign_1_best,1.03,0.61,0.78,nan,nan,nan,0.52,0.82,10.67,5.28,0.91,1.38,1.35
samples_design_38_dldesign_2_best,0.96,0.51,0.91,nan,nan,nan,0.56,0.85,11.13,5.49,0.9,2.02,1.37
samples_design_38_dldesign_3_best,0.97,0.53,0.89,nan,nan,nan,0.54,0.84,12.29,5.99,0.91,2.76,1.71
samples_design_38_dldesign_4_best,0.81,0.5,0.89,nan,nan,nan,0.51,0.79,15.81,7.53,0.91,20.15,19.23
samples_design_38_dldesign_5_best,0.89,0.48,0.74,nan,nan,nan,0.48,0.73,9.99,4.98,0.9,2.69,2.04
samples_design_38_dldesign_6_best,0.95,0.58,0.92,nan,nan,nan,0.55,0.86,12.85,6.24,0.91,5.06,4.44
samples_design_38_dldesign_7_best,0.94,0.45,0.98,nan,nan,nan,0.55,0.87,10.61,5.25,0.9,4.16,2.61
samples_design_39_dldesign_0_best,0.66,0.83,2.17,nan,nan,nan,0.8,1.6,15.23,7.29,0.91,18.15,13.8
samples_design_39_dldesign_1_best,0.58,0.52,1.54,nan,nan,nan,0.63,1.14,15.29,7.3,0.91,21.63,16.65
samples_design_39_dldesign_2_best,0.72,0.58,5.7,nan,nan,nan,1.85,3.98,16.17,7.83,0.89,3.11,4.36
samples_design_39_dldesign_3_best,0.71,0.58,2.14,nan,nan,nan,0.81,1.56,14.16,6.83,0.91,11.6,6.1
samples_design_39_dldesign_4_best,0.8,0.61,1.82,nan,nan,nan,0.71,1.36,14.95,7.16,0.91,4.59,2.97
samples_design_39_dldesign_5_best,0.85,0.64,6.27,nan,nan,nan,2.04,4.38,10.48,5.25,0.89,13.75,6.96
samples_design_39_dldesign_6_best,0.59,0.71,2.1,nan,nan,nan,0.78,1.53,15.53,7.42,0.91,19.47,17.79
samples_design_39_dldesign_7_best,0.62,0.83,2.06,nan,nan,nan,0.77,1.52,14.17,6.82,0.91,15.94,14.43
samples_design_40_dldesign_0_best,0.71,0.61,1.27,nan,nan,nan,0.52,0.93,18.35,8.52,0.91,17.6,15.74
samples_design_40_dldesign_1_best,0.99,0.9,1.91,nan,nan,nan,0.69,1.37,16.04,7.52,0.91,20.48,15.21
samples_design_40_dldesign_2_best,1.08,0.94,1.71,nan,nan,nan,0.67,1.3,15.49,7.28,0.91,21.98,20.84
samples_design_40_dldesign_3_best,1.07,0.86,1.24,nan,nan,nan,0.59,1.08,15.9,7.46,0.91,22.77,20.2
samples_design_40_dldesign_4_best,0.5,0.41,0.86,nan,nan,nan,0.43,0.63,15.64,7.33,0.91,8.71,5.02
samples_design_40_dldesign_5_best,1.0,0.95,2.01,nan,nan,nan,0.71,1.42,15.64,7.33,0.91,21.31,17.52
samples_design_40_dldesign_6_best,0.84,0.66,1.73,nan,nan,nan,0.63,1.2,14.45,6.85,0.9,12.39,7.94
samples_design_40_dldesign_7_best,0.93,0.75,1.87,nan,nan,nan,0.67,1.3,15.88,7.44,0.91,19.62,15.24
samples_design_41_dldesign_0_best,0.85,0.77,1.31,nan,nan,nan,0.57,0.98,14.42,6.82,0.9,21.09,20.26
samples_design_41_dldesign_1_best,0.53,0.6,3.17,nan,nan,nan,0.79,1.74,14.71,6.91,0.91,8.5,5.98
samples_design_41_dldesign_2_best,0.63,0.45,1.29,nan,nan,nan,0.51,0.83,15.89,7.41,0.91,13.92,13.63
samples_design_41_dldesign_3_best,0.51,0.84,1.14,nan,nan,nan,0.51,0.84,16.07,7.5,0.91,15.6,17.66
samples_design_41_dldesign_4_best,0.59,0.62,1.49,nan,nan,nan,0.54,0.94,16.53,7.7,0.91,16.46,13.59
samples_design_41_dldesign_5_best,0.97,0.53,1.56,nan,nan,nan,0.58,1.07,14.67,6.88,0.91,6.71,5.42
samples_design_41_dldesign_6_best,0.58,0.52,1.24,nan,nan,nan,0.51,0.8,13.31,6.32,0.9,8.55,5.52
samples_design_41_dldesign_7_best,0.61,0.55,1.45,nan,nan,nan,0.55,0.91,16.03,7.48,0.91,8.29,11.21
samples_design_42_dldesign_0_best,0.94,0.86,0.61,nan,nan,nan,0.53,0.77,14.85,7.16,0.91,14.45,10.35
samples_design_42_dldesign_1_best,1.37,0.77,0.73,nan,nan,nan,0.63,0.95,6.19,3.32,0.9,1.47,1.46
samples_design_42_dldesign_2_best,0.85,0.68,0.67,nan,nan,nan,0.54,0.73,6.31,3.38,0.9,1.83,1.62
samples_design_42_dldesign_3_best,0.56,0.91,0.61,nan,nan,nan,0.48,0.68,14.54,6.99,0.91,7.28,4.91
samples_design_42_dldesign_4_best,0.84,0.84,0.82,nan,nan,nan,0.53,0.83,15.16,7.28,0.91,24.39,19.81
samples_design_42_dldesign_5_best,1.1,0.81,0.77,nan,nan,nan,0.57,0.88,9.12,4.63,0.9,1.2,1.37
samples_design_42_dldesign_6_best,0.65,0.72,0.61,nan,nan,nan,0.47,0.64,16.2,7.73,0.91,19.59,19.29
samples_design_42_dldesign_7_best,0.94,0.61,0.79,nan,nan,nan,0.53,0.8,10.08,5.04,0.9,2.99,2.56
samples_design_43_dldesign_0_best,0.85,0.81,3.33,nan,nan,nan,1.09,2.28,14.76,7.05,0.91,17.21,10.21
samples_design_43_dldesign_1_best,0.56,0.65,0.9,nan,nan,nan,0.5,0.75,15.1,7.2,0.91,11.1,7.44
samples_design_43_dldesign_2_best,0.48,0.52,0.9,nan,nan,nan,0.48,0.7,13.01,6.28,0.9,10.23,5.1
samples_design_43_dldesign_3_best,0.47,0.6,0.65,nan,nan,nan,0.45,0.59,10.05,4.97,0.9,4.01,1.88
samples_design_43_dldesign_4_best,0.67,0.78,0.78,nan,nan,nan,0.49,0.75,12.64,6.12,0.9,6.3,2.94
samples_design_43_dldesign_5_best,0.53,0.62,1.01,nan,nan,nan,0.5,0.79,12.92,6.23,0.9,8.53,4.66
samples_design_43_dldesign_6_best,0.53,0.73,3.05,nan,nan,nan,0.99,2.07,13.52,6.46,0.91,10.77,6.76
samples_design_43_dldesign_7_best,0.4,0.94,3.11,nan,nan,nan,1.01,2.12,14.07,6.75,0.9,11.82,10.14
samples_design_44_dldesign_0_best,1.32,0.74,1.25,nan,nan,nan,0.62,1.15,16.09,7.56,0.9,19.19,10.22
samples_design_44_dldesign_1_best,0.57,0.66,0.81,nan,nan,nan,0.48,0.69,16.24,7.59,0.91,22.7,19.33
samples_design_44_dldesign_2_best,0.86,0.83,1.83,nan,nan,nan,0.67,1.28,13.21,6.29,0.91,13.46,9.07
samples_design_44_dldesign_3_best,0.86,1.02,1.56,nan,nan,nan,0.65,1.19,15.9,7.46,0.91,15.13,16.68
samples_design_44_dldesign_4_best,0.84,0.89,1.66,nan,nan,nan,0.65,1.2,16.15,7.55,0.91,19.38,13.22
samples_design_44_dldesign_5_best,0.88,0.88,1.79,nan,nan,nan,0.67,1.28,15.3,7.18,0.91,11.25,8.54
samples_design_44_dldesign_6_best,0.79,0.93,1.44,nan,nan,nan,0.6,1.1,11.51,5.55,0.9,11.03,7.23
samples_design_44_dldesign_7_best,0.84,1.07,1.83,nan,nan,nan,0.71,1.32,15.7,7.34,0.92,18.07,17.72
samples_design_45_dldesign_0_best,0.48,0.84,2.93,nan,nan,nan,0.88,1.88,14.32,6.81,0.91,19.02,14.54
samples_design_45_dldesign_1_best,0.41,0.79,2.82,nan,nan,nan,0.85,1.81,14.46,6.86,0.91,15.15,14.31
samples_design_45_dldesign_2_best,0.39,0.88,2.63,nan,nan,nan,0.81,1.71,15.45,7.29,0.91,8.82,10.9
samples_design_45_dldesign_3_best,0.45,0.85,2.74,nan,nan,nan,0.83,1.77,14.82,7.01,0.91,17.31,14.64
samples_design_45_dldesign_4_best,0.5,0.82,2.84,nan,nan,nan,0.86,1.83,13.47,6.44,0.91,18.86,14.96
samples_design_45_dldesign_5_best,0.48,0.7,2.86,nan,nan,nan,0.86,1.82,14.47,6.87,0.91,19.43,14.6
samples_design_45_dldesign_6_best,0.5,0.8,2.98,nan,nan,nan,0.89,1.91,14.3,6.81,0.9,14.14,13.99
samples_design_45_dldesign_7_best,0.44,0.79,2.73,nan,nan,nan,0.83,1.76,15.42,7.28,0.91,15.77,14.47
samples_design_46_dldesign_0_best,0.47,0.48,3.25,nan,nan,nan,1.07,2.23,12.44,6.12,0.89,16.96,7.85
samples_design_46_dldesign_1_best,0.44,0.28,2.92,nan,nan,nan,0.97,2.0,16.84,8.01,0.9,10.12,7.26
samples_design_46_dldesign_2_best,0.79,0.32,2.53,nan,nan,nan,0.89,1.77,16.33,7.83,0.89,16.33,12.51
samples_design_46_dldesign_3_best,0.72,0.53,4.68,nan,nan,nan,1.5,3.2,13.98,6.8,0.89,6.24,6.77
samples_design_46_dldesign_4_best,0.75,0.35,5.66,nan,nan,nan,1.77,3.85,14.79,7.12,0.9,16.5,11.77
samples_design_46_dldesign_5_best,0.73,0.36,1.39,nan,nan,nan,0.61,1.04,13.64,6.63,0.89,15.87,7.5
samples_design_46_dldesign_6_best,0.64,0.48,1.9,nan,nan,nan,0.73,1.35,15.73,7.56,0.9,9.87,6.7
samples_design_46_dldesign_7_best,0.71,0.42,4.61,nan,nan,nan,1.47,3.15,14.92,7.21,0.89,11.47,8.98
samples_design_47_dldesign_0_best,0.7,0.76,1.14,nan,nan,nan,0.54,0.88,16.69,7.81,0.9,15.78,15.95
samples_design_47_dldesign_1_best,0.77,0.72,3.31,nan,nan,nan,0.89,1.96,16.27,7.67,0.9,19.22,21.23
samples_design_47_dldesign_2_best,0.6,0.8,0.96,nan,nan,nan,0.5,0.79,16.7,7.83,0.9,20.66,18.2
samples_design_47_dldesign_3_best,0.84,0.7,1.18,nan,nan,nan,0.54,0.93,16.88,7.92,0.9,16.14,17.36
samples_design_47_dldesign_4_best,0.52,0.74,3.61,nan,nan,nan,0.94,2.1,16.57,7.76,0.9,18.36,17.6
samples_design_47_dldesign_5_best,0.61,0.7,1.03,nan,nan,nan,0.5,0.79,16.23,7.64,0.9,27.8,18.93
samples_design_47_dldesign_6_best,0.49,0.62,4.2,nan,nan,nan,1.05,2.4,15.72,7.42,0.9,15.86,15.89
samples_design_47_dldesign_7_best,0.61,0.56,1.33,nan,nan,nan,0.52,0.89,4.29,2.48,0.9,10.7,6.14
samples_design_48_dldesign_0_best,0.49,0.9,0.51,nan,nan,nan,0.47,0.65,15.4,7.18,0.92,10.18,10.17
samples_design_48_dldesign_1_best,0.6,0.97,0.81,nan,nan,nan,0.51,0.8,15.94,7.46,0.91,6.54,4.73
samples_design_48_dldesign_2_best,0.63,0.72,0.33,nan,nan,nan,0.46,0.59,15.46,7.22,0.92,9.77,7.71
samples_design_48_dldesign_3_best,0.65,0.83,0.24,nan,nan,nan,0.46,0.62,15.21,7.11,0.92,23.14,14.16
samples_design_48_dldesign_4_best,0.66,0.71,0.29,nan,nan,nan,0.45,0.59,14.91,6.98,0.92,10.33,7.89
samples_design_48_dldesign_5_best,0.89,1.21,1.8,nan,nan,nan,0.67,1.33,15.51,7.27,0.91,19.77,14.54
samples_design_48_dldesign_6_best,0.65,0.93,0.41,nan,nan,nan,0.48,0.7,14.99,7.03,0.91,21.0,14.39
samples_design_48_dldesign_7_best,0.62,0.85,0.35,nan,nan,nan,0.46,0.64,15.31,7.14,0.92,18.68,16.7
samples_design_49_dldesign_0_best,0.54,0.49,1.65,nan,nan,nan,0.58,1.1,15.41,7.28,0.91,11.54,12.11
samples_design_49_dldesign_1_best,0.79,0.56,1.91,nan,nan,nan,0.67,1.3,14.86,7.01,0.91,9.06,8.81
samples_design_49_dldesign_2_best,0.59,0.48,2.06,nan,nan,nan,0.69,1.34,15.22,7.18,0.91,10.27,13.53
samples_design_49_dldesign_3_best,0.83,0.62,2.1,nan,nan,nan,0.72,1.42,14.7,6.95,0.91,12.83,13.0
samples_design_49_dldesign_4_best,0.68,0.51,1.55,nan,nan,nan,0.59,1.07,16.4,7.7,0.91,7.41,8.36
samples_design_49_dldesign_5_best,0.92,0.66,2.54,nan,nan,nan,0.81,1.7,15.45,7.31,0.91,10.18,9.93
samples_design_49_dldesign_6_best,0.8,0.64,2.57,nan,nan,nan,0.81,1.69,15.02,7.12,0.91,8.11,10.73
samples_design_49_dldesign_7_best,0.85,0.66,2.61,nan,nan,nan,0.83,1.72,15.18,7.19,0.91,11.01,11.5
samples_design_0_dldesign_0_best,1.07,0.71,1.16,nan,nan,nan,0.61,1.03,12.77,6.14,0.91,5.16,2.93
samples_design_0_dldesign_1_best,0.8,0.61,1.39,nan,nan,nan,0.61,1.05,13.32,6.33,0.92,5.4,3.47
samples_design_0_dldesign_2_best,0.77,0.85,1.62,nan,nan,nan,0.62,1.21,17.39,8.2,0.9,11.4,11.2
samples_design_0_dldesign_3_best,1.98,0.77,1.13,nan,nan,nan,0.74,1.39,14.35,6.83,0.91,13.22,7.78
samples_design_0_dldesign_4_best,0.86,0.8,1.75,nan,nan,nan,0.67,1.29,16.87,7.98,0.9,4.44,4.14
samples_design_0_dldesign_5_best,0.96,0.7,1.12,nan,nan,nan,0.59,0.97,13.71,6.55,0.91,8.67,4.62
samples_design_0_dldesign_6_best,0.8,0.77,1.08,nan,nan,nan,0.56,0.92,15.44,7.29,0.91,26.11,16.43
samples_design_0_dldesign_7_best,0.84,0.86,0.81,nan,nan,nan,0.53,0.83,15.41,7.31,0.91,6.61,4.28
samples_design_1_dldesign_0_best,0.51,0.72,2.7,nan,nan,nan,0.93,1.88,18.43,8.79,0.9,6.89,6.43
samples_design_1_dldesign_1_best,0.48,0.56,1.99,nan,nan,nan,0.73,1.4,17.9,8.52,0.9,24.76,17.0
samples_design_1_dldesign_2_best,0.46,0.7,1.8,nan,nan,nan,0.68,1.29,17.42,8.31,0.9,9.87,6.91
samples_design_1_dldesign_3_best,0.43,0.52,1.99,nan,nan,nan,0.73,1.39,16.04,7.74,0.9,9.97,11.47
samples_design_1_dldesign_4_best,0.77,0.64,2.12,nan,nan,nan,0.8,1.53,14.44,6.97,0.9,7.49,6.28
samples_design_1_dldesign_5_best,0.4,0.62,2.3,nan,nan,nan,0.81,1.6,15.79,7.61,0.9,8.64,9.23
samples_design_1_dldesign_6_best,0.44,0.49,1.67,nan,nan,nan,0.66,1.18,16.13,7.75,0.9,8.82,7.33
samples_design_1_dldesign_7_best,0.6,0.7,1.88,nan,nan,nan,0.71,1.36,17.61,8.41,0.9,23.86,14.03
samples_design_2_dldesign_0_best,0.76,0.77,2.5,nan,nan,nan,0.82,1.71,17.03,8.06,0.9,4.95,5.46
samples_design_2_dldesign_1_best,0.69,0.57,2.37,nan,nan,nan,0.81,1.59,14.06,6.8,0.89,13.94,7.61
samples_design_2_dldesign_2_best,0.67,0.81,2.02,nan,nan,nan,0.75,1.41,7.24,3.79,0.89,5.74,4.0
samples_design_2_dldesign_3_best,0.75,0.65,1.51,nan,nan,nan,0.62,1.11,16.91,8.02,0.9,25.98,16.88
samples_design_2_dldesign_4_best,0.74,0.59,1.92,nan,nan,nan,0.7,1.33,16.49,7.8,0.9,25.31,16.02
samples_design_2_dldesign_5_best,0.85,0.73,1.07,nan,nan,nan,0.57,0.92,14.95,7.14,0.9,25.14,17.56
samples_design_2_dldesign_6_best,0.71,0.65,1.09,nan,nan,nan,0.56,0.87,11.74,5.75,0.89,14.31,6.78
samples_design_2_dldesign_7_best,0.75,0.59,1.44,nan,nan,nan,0.62,1.06,12.66,6.16,0.89,4.99,2.43
samples_design_3_dldesign_0_best,0.61,0.51,3.51,nan,nan,nan,0.92,2.03,15.58,7.32,0.91,20.2,13.37
samples_design_3_dldesign_1_best,0.65,0.53,0.5,nan,nan,nan,0.44,0.57,15.56,7.29,0.91,24.84,20.04
samples_design_3_dldesign_2_best,0.66,0.44,0.93,nan,nan,nan,0.53,0.7,16.13,7.56,0.91,16.06,11.02
samples_design_3_dldesign_3_best,0.64,0.33,0.69,nan,nan,nan,0.45,0.58,8.03,4.09,0.9,14.41,7.69
samples_design_3_dldesign_4_best,0.8,0.36,0.62,nan,nan,nan,0.47,0.63,15.77,7.38,0.91,25.85,21.93
samples_design_3_dldesign_5_best,0.85,0.43,0.55,nan,nan,nan,0.48,0.65,15.66,7.33,0.91,19.52,18.62
samples_design_3_dldesign_6_best,0.58,0.5,1.47,nan,nan,nan,0.55,0.94,16.41,7.67,0.91,21.69,19.65
samples_design_3_dldesign_7_best,0.78,0.4,3.84,nan,nan,nan,0.98,2.22,16.0,7.51,0.9,12.91,7.78
samples_design_4_dldesign_0_best,1.06,0.46,6.27,nan,nan,nan,2.04,4.39,17.34,8.27,0.9,8.75,9.11
samples_design_4_dldesign_1_best,0.57,0.3,6.28,nan,nan,nan,2.03,4.36,17.48,8.32,0.9,17.01,14.19
samples_design_4_dldesign_2_best,0.77,0.57,6.74,nan,nan,nan,2.17,4.69,15.71,7.54,0.9,6.03,5.96
samples_design_4_dldesign_3_best,1.17,0.46,6.69,nan,nan,nan,2.18,4.68,15.08,7.27,0.9,34.05,19.47
samples_design_4_dldesign_4_best,0.93,0.36,6.55,nan,nan,nan,2.13,4.57,16.15,7.71,0.91,15.77,12.29
samples_design_4_dldesign_5_best,0.63,0.35,6.35,nan,nan,nan,2.06,4.42,15.01,7.2,0.91,18.07,11.08
samples_design_4_dldesign_6_best,1.01,0.61,6.46,nan,nan,nan,2.1,4.52,15.85,7.58,0.91,16.25,15.05
samples_design_4_dldesign_7_best,0.99,0.34,6.23,nan,nan,nan,2.02,4.35,16.17,7.81,0.89,16.28,18.26
samples_design_5_dldesign_0_best,1.18,0.6,2.82,nan,nan,nan,0.8,1.7,15.5,7.27,0.91,15.56,10.31
samples_design_5_dldesign_1_best,1.29,0.5,2.71,nan,nan,nan,0.77,1.66,16.01,7.48,0.91,15.66,12.77
samples_design_5_dldesign_2_best,1.11,0.72,2.82,nan,nan,nan,0.77,1.69,15.84,7.41,0.91,13.48,11.04
samples_design_5_dldesign_3_best,1.29,0.66,2.9,nan,nan,nan,0.82,1.77,15.47,7.25,0.91,17.07,18.79
samples_design_5_dldesign_4_best,1.32,0.34,2.64,nan,nan,nan,0.8,1.63,14.46,6.83,0.9,12.77,5.62
samples_design_5_dldesign_5_best,1.02,0.66,2.44,nan,nan,nan,0.72,1.48,16.15,7.55,0.91,16.13,16.64
samples_design_5_dldesign_6_best,1.3,0.81,2.9,nan,nan,nan,0.87,1.79,15.3,7.18,0.91,16.02,15.31
samples_design_5_dldesign_7_best,1.32,0.66,2.95,nan,nan,nan,0.85,1.8,15.15,7.13,0.91,19.09,20.95
samples_design_6_dldesign_0_best,0.83,0.61,0.88,nan,nan,nan,0.53,0.81,11.0,5.44,0.9,1.08,1.05
samples_design_6_dldesign_1_best,0.79,0.49,0.75,nan,nan,nan,0.5,0.71,12.47,6.09,0.9,5.14,3.93
samples_design_6_dldesign_2_best,0.97,0.57,0.85,nan,nan,nan,0.54,0.83,12.98,6.33,0.9,4.16,3.06
samples_design_6_dldesign_3_best,0.86,0.71,0.83,nan,nan,nan,0.53,0.81,15.49,7.43,0.91,18.54,17.94
samples_design_6_dldesign_4_best,1.0,0.55,0.83,nan,nan,nan,0.55,0.83,12.02,5.89,0.9,4.75,4.12
samples_design_6_dldesign_5_best,1.02,0.53,0.81,nan,nan,nan,0.54,0.82,10.93,5.41,0.9,2.31,1.73
samples_design_6_dldesign_6_best,0.95,0.7,0.83,nan,nan,nan,0.55,0.83,8.16,4.17,0.9,3.22,2.69
samples_design_6_dldesign_7_best,0.91,0.57,0.98,nan,nan,nan,0.58,0.88,10.24,5.11,0.9,7.23,7.0
samples_design_7_dldesign_0_best,0.42,0.59,3.04,nan,nan,nan,0.97,2.04,15.83,7.53,0.91,11.13,8.88
samples_design_7_dldesign_1_best,0.82,0.73,1.21,nan,nan,nan,0.58,0.99,15.6,7.39,0.91,21.19,11.97
samples_design_7_dldesign_2_best,0.42,0.85,3.18,nan,nan,nan,1.02,2.15,15.42,7.33,0.91,16.25,11.3
samples_design_7_dldesign_3_best,0.57,0.73,1.0,nan,nan,nan,0.49,0.82,16.28,7.71,0.91,11.27,10.28
samples_design_7_dldesign_4_best,0.45,0.65,3.19,nan,nan,nan,1.01,2.14,13.99,6.67,0.91,14.82,11.04
samples_design_7_dldesign_5_best,0.47,0.43,1.02,nan,nan,nan,0.5,0.76,15.81,7.5,0.91,15.05,9.62
samples_design_7_dldesign_6_best,0.43,0.76,3.01,nan,nan,nan,0.97,2.03,15.85,7.54,0.9,14.55,13.02
samples_design_7_dldesign_7_best,0.87,0.5,1.09,nan,nan,nan,0.57,0.9,15.45,7.35,0.91,15.09,7.7
samples_design_8_dldesign_0_best,0.75,1.02,2.85,nan,nan,nan,0.96,1.99,15.62,7.42,0.91,18.13,10.04
samples_design_8_dldesign_1_best,0.66,0.85,0.68,nan,nan,nan,0.48,0.73,10.08,4.96,0.91,5.47,2.77
samples_design_8_dldesign_2_best,0.7,1.03,2.88,nan,nan,nan,0.96,2.01,15.03,7.16,0.91,5.08,6.7
samples_design_8_dldesign_3_best,0.6,1.01,2.54,nan,nan,nan,0.86,1.79,14.73,7.04,0.9,4.91,4.82
samples_design_8_dldesign_4_best,0.65,0.85,2.26,nan,nan,nan,0.79,1.59,12.93,6.28,0.9,7.02,4.22
samples_design_8_dldesign_5_best,0.68,0.96,2.41,nan,nan,nan,0.83,1.71,14.49,6.93,0.9,10.35,7.17
samples_design_8_dldesign_6_best,0.75,1.07,2.52,nan,nan,nan,0.87,1.8,14.64,7.06,0.89,7.45,6.17
samples_design_8_dldesign_7_best,0.65,0.79,0.94,nan,nan,nan,0.53,0.82,10.5,5.15,0.91,6.25,3.03
samples_design_9_dldesign_0_best,0.76,0.67,1.5,nan,nan,nan,0.57,1.06,16.04,7.53,0.91,10.19,10.49
samples_design_9_dldesign_1_best,0.86,0.65,1.96,nan,nan,nan,0.67,1.32,16.11,7.55,0.91,10.97,11.09
samples_design_9_dldesign_2_best,1.12,0.88,1.74,nan,nan,nan,0.68,1.31,16.09,7.54,0.91,20.66,15.46
samples_design_9_dldesign_3_best,0.81,0.54,1.18,nan,nan,nan,0.53,0.9,12.98,6.2,0.9,13.8,7.91
samples_design_9_dldesign_4_best,0.95,0.72,2.18,nan,nan,nan,0.73,1.46,15.49,7.28,0.91,18.8,14.59
samples_design_9_dldesign_5_best,1.13,0.72,2.01,nan,nan,nan,0.71,1.42,13.41,6.38,0.91,14.21,8.27
samples_design_9_dldesign_6_best,0.66,0.47,0.61,nan,nan,nan,0.46,0.59,15.52,7.27,0.92,17.53,19.0
samples_design_9_dldesign_7_best,1.1,0.95,2.05,nan,nan,nan,0.73,1.47,15.61,7.33,0.91,17.59,17.32
samples_design_10_dldesign_0_best,0.58,0.25,4.67,nan,nan,nan,1.53,3.25,16.87,8.1,0.9,21.57,17.4
samples_design_10_dldesign_1_best,0.59,0.37,2.61,nan,nan,nan,0.94,1.85,17.14,8.25,0.9,12.86,11.28
samples_design_10_dldesign_2_best,0.58,0.3,1.81,nan,nan,nan,0.7,1.3,17.66,8.48,0.89,22.68,15.4
samples_design_10_dldesign_3_best,0.49,0.32,2.21,nan,nan,nan,0.81,1.56,16.78,8.07,0.9,27.19,17.59
samples_design_10_dldesign_4_best,0.47,0.36,1.93,nan,nan,nan,0.73,1.37,17.05,8.16,0.9,20.39,12.96
samples_design_10_dldesign_5_best,0.65,0.34,4.64,nan,nan,nan,1.53,3.24,15.18,7.38,0.9,12.64,12.2
samples_design_10_dldesign_6_best,0.55,0.28,2.4,nan,nan,nan,0.86,1.69,16.61,7.98,0.9,12.21,12.89
samples_design_10_dldesign_7_best,0.59,0.3,2.48,nan,nan,nan,0.89,1.75,18.36,8.78,0.9,16.71,13.03
samples_design_11_dldesign_0_best,0.56,0.53,0.82,nan,nan,nan,0.52,0.7,11.94,5.85,0.91,2.81,1.73
samples_design_11_dldesign_1_best,0.65,0.4,0.75,nan,nan,nan,0.49,0.66,18.56,8.76,0.91,20.86,18.11
samples_design_11_dldesign_2_best,0.65,0.52,0.85,nan,nan,nan,0.5,0.73,13.51,6.53,0.91,6.11,3.65
samples_design_11_dldesign_3_best,0.7,0.32,0.71,nan,nan,nan,0.45,0.64,14.5,6.98,0.91,11.64,8.71
samples_design_11_dldesign_4_best,0.58,0.31,0.84,nan,nan,nan,0.46,0.68,17.49,8.28,0.91,23.83,19.69
samples_design_11_dldesign_5_best,0.68,0.5,0.89,nan,nan,nan,0.54,0.76,13.38,6.47,0.91,14.48,9.85
samples_design_11_dldesign_6_best,0.74,0.22,0.71,nan,nan,nan,0.46,0.64,14.74,7.09,0.91,14.86,16.38
samples_design_11_dldesign_7_best,0.54,0.18,0.76,nan,nan,nan,0.46,0.61,17.41,8.22,0.92,9.25,8.38
samples_design_12_dldesign_0_best,0.58,0.91,2.92,nan,nan,nan,0.95,2.01,13.94,6.72,0.9,16.33,10.46
samples_design_12_dldesign_1_best,0.44,0.66,0.82,nan,nan,nan,0.47,0.68,14.55,6.97,0.9,8.68,4.52
samples_design_12_dldesign_2_best,0.42,0.85,0.73,nan,nan,nan,0.46,0.69,15.97,7.58,0.91,16.11,9.64
samples_design_12_dldesign_3_best,0.42,0.72,1.03,nan,nan,nan,0.5,0.81,15.17,7.22,0.91,8.08,5.75
samples_design_12_dldesign_4_best,0.33,0.82,2.84,nan,nan,nan,0.92,1.93,15.26,7.28,0.91,14.48,10.68
samples_design_12_dldesign_5_best,0.47,0.61,2.21,nan,nan,nan,0.77,1.51,13.79,6.65,0.9,6.74,3.55
samples_design_12_dldesign_6_best,0.81,0.75,0.83,nan,nan,nan,0.52,0.8,15.31,7.31,0.91,16.19,8.17
samples_design_12_dldesign_7_best,0.69,0.71,0.88,nan,nan,nan,0.51,0.78,14.12,6.81,0.9,8.03,5.03
samples_design_13_dldesign_0_best,0.36,0.57,1.29,nan,nan,nan,0.58,0.96,16.91,8.06,0.91,15.99,14.05
samples_design_13_dldesign_1_best,0.41,0.46,4.33,nan,nan,nan,1.43,3.01,16.79,8.04,0.9,16.63,13.15
samples_design_13_dldesign_2_best,0.41,0.41,5.68,nan,nan,nan,1.84,3.95,15.45,7.43,0.9,12.8,13.35
samples_design_13_dldesign_3_best,0.54,0.45,6.84,nan,nan,nan,2.2,4.75,16.01,7.78,0.89,16.59,13.37
samples_design_13_dldesign_4_best,0.58,0.52,6.68,nan,nan,nan,2.15,4.64,16.96,8.06,0.91,17.34,16.6
samples_design_13_dldesign_5_best,0.88,0.62,6.01,nan,nan,nan,1.96,4.2,16.49,7.91,0.9,20.87,18.15
samples_design_13_dldesign_6_best,0.37,0.38,1.16,nan,nan,nan,0.54,0.85,15.7,7.5,0.91,15.78,15.3
samples_design_13_dldesign_7_best,0.42,0.52,5.57,nan,nan,nan,1.81,3.87,16.17,7.77,0.9,15.05,12.59
samples_design_14_dldesign_0_best,1.11,0.62,0.87,nan,nan,nan,0.61,0.89,12.0,5.88,0.91,22.95,18.41
samples_design_14_dldesign_1_best,1.37,0.72,0.69,nan,nan,nan,0.6,0.93,9.81,4.91,0.9,1.21,1.11
samples_design_14_dldesign_2_best,0.54,0.61,0.54,nan,nan,nan,0.48,0.55,6.54,3.47,0.9,2.05,1.86
samples_design_14_dldesign_3_best,0.83,0.7,0.73,nan,nan,nan,0.53,0.75,16.4,7.81,0.91,20.49,19.21
samples_design_14_dldesign_4_best,1.09,0.64,0.6,nan,nan,nan,0.54,0.77,6.61,3.52,0.9,1.14,1.0
samples_design_14_dldesign_5_best,0.93,0.62,0.62,nan,nan,nan,0.53,0.72,8.36,4.27,0.9,1.96,1.2
samples_design_14_dldesign_6_best,1.02,0.66,0.6,nan,nan,nan,0.54,0.75,7.63,3.95,0.9,1.84,1.26
samples_design_14_dldesign_7_best,0.99,0.69,0.58,nan,nan,nan,0.54,0.74,11.86,5.8,0.9,4.8,4.54
samples_design_15_dldesign_0_best,0.43,0.62,0.55,nan,nan,nan,0.4,0.54,15.6,7.32,0.91,23.2,15.76
samples_design_15_dldesign_1_best,0.75,0.94,1.93,nan,nan,nan,0.66,1.33,15.98,7.48,0.91,21.91,13.92
samples_design_15_dldesign_2_best,0.56,0.61,0.82,nan,nan,nan,0.45,0.67,14.14,6.68,0.91,12.08,6.44
samples_design_15_dldesign_3_best,0.39,0.36,0.64,nan,nan,nan,0.4,0.48,11.2,5.4,0.91,13.03,7.47
samples_design_15_dldesign_4_best,0.55,0.35,0.65,nan,nan,nan,0.44,0.54,12.56,5.99,0.91,12.23,7.86
samples_design_15_dldesign_5_best,0.45,0.65,0.43,nan,nan,nan,0.41,0.51,15.59,7.31,0.91,18.49,18.08
samples_design_15_dldesign_6_best,0.46,0.71,0.81,nan,nan,nan,0.44,0.68,16.42,7.67,0.91,7.87,5.36
samples_design_15_dldesign_7_best,0.43,0.63,0.71,nan,nan,nan,0.44,0.6,16.05,7.55,0.91,18.99,14.25
samples_design_16_dldesign_0_best,0.94,0.65,0.91,nan,nan,nan,0.53,0.86,17.03,8.11,0.9,8.13,7.36
samples_design_16_dldesign_1_best,1.2,0.84,0.96,nan,nan,nan,0.63,1.01,16.57,7.92,0.91,5.89,4.16
samples_design_16_dldesign_2_best,1.18,1.14,1.05,nan,nan,nan,0.66,1.11,13.58,6.61,0.9,10.0,10.13
samples_design_16_dldesign_3_best,1.23,0.99,0.77,nan,nan,nan,0.63,0.96,14.88,7.16,0.91,10.59,7.96
samples_design_16_dldesign_4_best,1.13,0.71,0.86,nan,nan,nan,0.56,0.91,15.69,7.51,0.9,7.96,7.19
samples_design_16_dldesign_5_best,1.0,0.76,1.05,nan,nan,nan,0.58,0.98,15.25,7.33,0.9,4.67,4.52
samples_design_16_dldesign_6_best,1.21,1.08,0.97,nan,nan,nan,0.64,1.06,13.69,6.64,0.9,23.12,18.22
samples_design_16_dldesign_7_best,1.03,0.77,0.88,nan,nan,nan,0.55,0.9,16.48,7.86,0.91,19.41,18.56
samples_design_17_dldesign_0_best,0.57,0.4,1.63,nan,nan,nan,0.7,1.21,11.8,5.82,0.9,5.02,3.03
samples_design_17_dldesign_1_best,0.91,0.65,0.82,nan,nan,nan,0.53,0.81,10.06,5.05,0.9,5.28,4.98
samples_design_17_dldesign_2_best,0.46,0.68,0.69,nan,nan,nan,0.46,0.64,14.16,6.82,0.9,16.43,15.21
samples_design_17_dldesign_3_best,0.48,0.59,0.78,nan,nan,nan,0.49,0.67,9.57,4.82,0.9,2.67,2.29
samples_design_17_dldesign_4_best,0.76,0.83,0.84,nan,nan,nan,0.54,0.82,17.9,8.46,0.92,22.67,25.85
samples_design_17_dldesign_5_best,0.53,0.78,0.69,nan,nan,nan,0.47,0.67,15.52,7.43,0.91,22.15,20.45
samples_design_17_dldesign_6_best,0.91,0.71,0.74,nan,nan,nan,0.53,0.78,12.08,5.9,0.91,3.72,2.91
samples_design_17_dldesign_7_best,0.92,0.63,0.79,nan,nan,nan,0.54,0.8,12.48,6.1,0.91,3.57,2.95
samples_design_18_dldesign_0_best,1.01,1.17,0.68,nan,nan,nan,0.55,0.97,14.64,6.88,0.9,4.72,1.79
samples_design_18_dldesign_1_best,0.82,1.15,1.91,nan,nan,nan,0.67,1.35,16.05,7.55,0.9,17.92,14.45
samples_design_18_dldesign_2_best,0.8,1.11,0.86,nan,nan,nan,0.54,0.92,15.54,7.29,0.91,14.02,10.58
samples_design_18_dldesign_3_best,1.04,0.85,0.65,nan,nan,nan,0.53,0.87,16.35,7.67,0.91,11.87,13.73
samples_design_18_dldesign_4_best,0.51,1.08,0.99,nan,nan,nan,0.54,0.88,14.96,7.05,0.9,17.34,13.43
samples_design_18_dldesign_5_best,1.02,1.09,1.07,nan,nan,nan,0.55,1.06,16.24,7.62,0.91,8.55,10.57
samples_design_18_dldesign_6_best,1.03,1.12,1.83,nan,nan,nan,0.68,1.36,16.34,7.66,0.91,16.26,13.41
samples_design_18_dldesign_7_best,1.25,1.06,0.67,nan,nan,nan,0.59,1.03,15.86,7.42,0.91,15.39,15.31
samples_design_19_dldesign_0_best,1.23,1.05,2.71,nan,nan,nan,0.83,1.8,16.38,7.71,0.9,14.04,10.02
samples_design_19_dldesign_1_best,1.27,1.23,4.48,nan,nan,nan,1.18,2.72,15.52,7.32,0.9,15.43,13.92
samples_design_19_dldesign_2_best,1.32,1.16,5.03,nan,nan,nan,1.31,3.01,15.67,7.4,0.9,5.67,4.81
samples_design_19_dldesign_3_best,1.21,1.08,1.61,nan,nan,nan,0.67,1.32,15.14,7.15,0.91,8.46,5.4
samples_design_19_dldesign_4_best,1.26,1.15,2.59,nan,nan,nan,0.82,1.76,16.28,7.66,0.9,10.7,13.25
samples_design_19_dldesign_5_best,1.26,1.27,4.39,nan,nan,nan,1.17,2.68,15.5,7.32,0.9,19.78,20.34
samples_design_19_dldesign_6_best,1.32,1.23,3.02,nan,nan,nan,0.9,2.0,15.3,7.23,0.9,12.54,10.31
samples_design_19_dldesign_7_best,1.16,0.97,1.84,nan,nan,nan,0.66,1.36,16.27,7.64,0.9,26.01,21.61
samples_design_20_dldesign_0_best,0.36,0.66,0.87,nan,nan,nan,0.5,0.7,12.95,6.26,0.91,11.6,5.55
samples_design_20_dldesign_1_best,0.36,0.99,0.69,nan,nan,nan,0.49,0.71,15.35,7.29,0.91,20.18,11.66
samples_design_20_dldesign_2_best,0.4,0.83,0.76,nan,nan,nan,0.49,0.69,15.3,7.28,0.91,10.61,6.51
samples_design_20_dldesign_3_best,0.33,0.85,3.21,nan,nan,nan,1.03,2.17,13.54,6.5,0.91,12.48,12.99
samples_design_20_dldesign_4_best,0.32,0.88,2.61,nan,nan,nan,0.87,1.79,14.12,6.79,0.9,9.78,5.43
samples_design_20_dldesign_5_best,0.72,1.06,3.21,nan,nan,nan,1.05,2.22,12.92,6.27,0.9,13.36,11.06
samples_design_20_dldesign_6_best,0.71,1.03,3.24,nan,nan,nan,1.07,2.23,14.65,7.02,0.9,15.62,10.63
samples_design_20_dldesign_7_best,0.38,1.04,3.22,nan,nan,nan,1.04,2.2,13.2,6.34,0.91,15.9,10.88
samples_design_21_dldesign_0_best,0.5,0.84,3.26,nan,nan,nan,1.04,2.21,14.53,6.93,0.91,9.36,8.59
samples_design_21_dldesign_1_best,0.59,0.84,1.04,nan,nan,nan,0.54,0.87,13.81,6.61,0.91,8.57,4.75
samples_design_21_dldesign_2_best,0.65,0.96,3.17,nan,nan,nan,1.03,2.17,16.33,7.75,0.9,3.75,5.02
samples_design_21_dldesign_3_best,0.55,0.92,3.41,nan,nan,nan,1.08,2.32,14.44,6.88,0.91,7.17,9.44
samples_design_21_dldesign_4_best,0.55,1.02,3.26,nan,nan,nan,1.05,2.23,15.85,7.52,0.91,17.82,13.33
samples_design_21_dldesign_5_best,0.79,1.1,3.22,nan,nan,nan,1.06,2.24,15.79,7.5,0.91,12.1,7.58
samples_design_21_dldesign_6_best,0.56,0.98,0.92,nan,nan,nan,0.52,0.85,15.86,7.51,0.91,15.65,16.06
samples_design_21_dldesign_7_best,0.6,1.09,1.06,nan,nan,nan,0.55,0.96,15.93,7.54,0.91,20.81,14.58
samples_design_22_dldesign_0_best,0.49,0.64,1.38,nan,nan,nan,0.57,1.0,15.45,7.35,0.91,13.08,8.51
samples_design_22_dldesign_1_best,0.91,1.01,1.82,nan,nan,nan,0.72,1.4,17.41,8.24,0.9,16.93,8.29
samples_design_22_dldesign_2_best,0.39,1.0,1.04,nan,nan,nan,0.52,0.88,15.89,7.52,0.91,18.69,17.74
samples_design_22_dldesign_3_best,0.99,1.01,3.41,nan,nan,nan,1.12,2.37,13.34,6.42,0.91,15.15,10.71
samples_design_22_dldesign_4_best,0.72,0.76,3.2,nan,nan,nan,1.02,2.18,15.28,7.29,0.9,18.28,10.74
samples_design_22_dldesign_5_best,0.58,0.91,3.15,nan,nan,nan,1.01,2.15,16.96,8.05,0.9,16.77,10.07
samples_design_22_dldesign_6_best,0.62,0.51,2.14,nan,nan,nan,0.76,1.48,10.54,5.25,0.89,3.88,1.94
samples_design_22_dldesign_7_best,0.49,0.57,2.0,nan,nan,nan,0.71,1.38,14.23,6.87,0.89,11.93,6.97
samples_design_23_dldesign_0_best,0.88,0.3,1.15,nan,nan,nan,0.57,0.86,16.73,7.78,0.91,21.08,15.66
samples_design_23_dldesign_1_best,0.47,0.42,4.18,nan,nan,nan,1.05,2.38,16.79,7.86,0.9,12.96,15.03
samples_design_23_dldesign_2_best,0.49,0.38,0.58,nan,nan,nan,0.46,0.49,16.36,7.67,0.9,10.08,5.2
samples_design_23_dldesign_3_best,0.98,0.39,1.48,nan,nan,nan,0.62,1.05,17.14,7.97,0.91,22.93,16.04
samples_design_23_dldesign_4_best,0.5,0.35,0.88,nan,nan,nan,0.44,0.61,16.65,7.76,0.91,21.12,16.82
samples_design_23_dldesign_5_best,0.51,0.46,0.81,nan,nan,nan,0.45,0.61,16.43,7.68,0.91,20.58,17.99
samples_design_23_dldesign_6_best,1.09,0.25,4.26,nan,nan,nan,1.13,2.49,14.22,6.75,0.9,9.17,4.92
samples_design_23_dldesign_7_best,0.49,0.27,3.32,nan,nan,nan,0.87,1.9,13.48,6.46,0.9,12.43,6.76
samples_design_24_dldesign_0_best,0.84,0.73,2.13,nan,nan,nan,0.69,1.31,15.26,7.14,0.91,15.47,18.95
samples_design_24_dldesign_1_best,0.63,0.55,1.65,nan,nan,nan,0.57,1.01,15.07,7.04,0.91,4.1,4.32
samples_design_24_dldesign_2_best,0.73,0.52,1.62,nan,nan,nan,0.58,1.01,13.94,6.53,0.91,8.24,5.38
samples_design_24_dldesign_3_best,0.6,0.76,1.62,nan,nan,nan,0.57,1.03,14.67,6.85,0.91,14.08,14.09
samples_design_24_dldesign_4_best,0.55,0.83,1.98,nan,nan,nan,0.63,1.2,15.61,7.29,0.91,13.85,15.59
samples_design_24_dldesign_5_best,0.94,0.7,2.28,nan,nan,nan,0.72,1.39,14.63,6.88,0.9,10.91,14.5
samples_design_24_dldesign_6_best,0.64,0.68,1.6,nan,nan,nan,0.57,1.01,14.41,6.74,0.92,14.2,14.99
samples_design_24_dldesign_7_best,0.5,0.7,1.5,nan,nan,nan,0.55,0.94,15.25,7.14,0.91,13.91,15.17
samples_design_25_dldesign_0_best,0.41,0.64,1.28,nan,nan,nan,0.52,0.89,15.94,7.49,0.91,26.11,21.06
samples_design_25_dldesign_1_best,0.59,0.66,1.4,nan,nan,nan,0.57,0.99,14.61,6.91,0.91,13.33,9.42
samples_design_25_dldesign_2_best,0.58,0.72,2.54,nan,nan,nan,0.79,1.65,16.5,7.77,0.91,20.67,14.85
samples_design_25_dldesign_3_best,0.54,0.75,2.0,nan,nan,nan,0.69,1.34,15.78,7.46,0.91,20.98,13.86
samples_design_25_dldesign_4_best,0.4,0.68,1.63,nan,nan,nan,0.59,1.09,16.46,7.73,0.91,27.49,17.13
samples_design_25_dldesign_5_best,0.61,0.57,1.32,nan,nan,nan,0.53,0.94,14.89,7.05,0.91,14.3,11.13
samples_design_25_dldesign_6_best,0.59,0.72,1.35,nan,nan,nan,0.55,0.98,16.02,7.55,0.91,27.17,18.0
samples_design_25_dldesign_7_best,0.56,0.78,1.14,nan,nan,nan,0.53,0.88,16.0,7.52,0.91,23.01,15.6
samples_design_26_dldesign_0_best,0.56,0.6,1.39,nan,nan,nan,0.59,1.03,13.3,6.5,0.9,7.63,3.62
samples_design_26_dldesign_1_best,0.54,0.65,1.61,nan,nan,nan,0.64,1.17,12.32,6.07,0.9,8.96,4.22
samples_design_26_dldesign_2_best,0.6,0.47,1.93,nan,nan,nan,0.72,1.37,13.44,6.58,0.89,9.12,4.64
samples_design_26_dldesign_3_best,0.86,0.64,2.13,nan,nan,nan,0.79,1.55,13.14,6.44,0.89,9.03,4.77
samples_design_26_dldesign_4_best,0.56,0.74,3.8,nan,nan,nan,1.22,2.61,15.86,7.62,0.9,12.87,8.11
samples_design_26_dldesign_5_best,0.46,0.47,1.32,nan,nan,nan,0.6,0.96,6.37,3.44,0.89,26.65,15.76
samples_design_26_dldesign_6_best,1.08,0.72,1.64,nan,nan,nan,0.69,1.3,13.7,6.7,0.89,8.43,3.99
samples_design_26_dldesign_7_best,0.6,0.51,1.4,nan,nan,nan,0.59,1.04,12.15,5.97,0.9,9.56,4.47
samples_design_27_dldesign_0_best,0.47,0.61,1.33,nan,nan,nan,0.56,0.92,16.92,7.97,0.91,23.64,18.24
samples_design_27_dldesign_1_best,0.6,0.58,1.13,nan,nan,nan,0.52,0.84,17.71,8.33,0.9,21.83,16.33
samples_design_27_dldesign_2_best,0.63,0.58,0.9,nan,nan,nan,0.53,0.73,7.35,3.8,0.9,12.53,7.12
samples_design_27_dldesign_3_best,0.55,0.68,1.15,nan,nan,nan,0.54,0.86,15.83,7.45,0.91,22.25,18.51
samples_design_27_dldesign_4_best,0.58,0.54,1.7,nan,nan,nan,0.63,1.14,17.23,8.12,0.9,16.07,13.05
samples_design_27_dldesign_5_best,0.72,0.6,0.89,nan,nan,nan,0.55,0.76,11.58,5.59,0.91,11.71,7.03
samples_design_27_dldesign_6_best,0.67,0.59,1.71,nan,nan,nan,0.64,1.17,16.16,7.6,0.91,19.35,17.94
samples_design_27_dldesign_7_best,0.49,0.51,1.72,nan,nan,nan,0.63,1.13,16.22,7.65,0.91,18.52,16.85
samples_design_28_dldesign_0_best,0.41,0.53,2.4,nan,nan,nan,0.81,1.62,13.33,6.41,0.91,7.91,4.09
samples_design_28_dldesign_1_best,0.76,0.64,2.36,nan,nan,nan,0.84,1.65,14.21,6.8,0.91,4.22,3.02
samples_design_28_dldesign_2_best,0.92,0.66,2.35,nan,nan,nan,0.84,1.67,14.52,6.92,0.91,10.2,4.87
samples_design_28_dldesign_3_best,0.76,0.44,2.18,nan,nan,nan,0.77,1.51,13.44,6.48,0.9,7.32,3.42
samples_design_28_dldesign_4_best,0.41,0.47,2.15,nan,nan,nan,0.75,1.46,12.53,6.06,0.91,9.47,4.29
samples_design_28_dldesign_5_best,0.93,0.5,0.51,nan,nan,nan,0.51,0.66,12.12,5.89,0.9,11.33,5.05
samples_design_28_dldesign_6_best,0.5,0.55,2.16,nan,nan,nan,0.75,1.48,12.52,6.06,0.91,9.91,4.34
samples_design_28_dldesign_7_best,0.41,0.48,0.53,nan,nan,nan,0.44,0.48,12.01,5.8,0.91,10.04,4.48
samples_design_29_dldesign_0_best,0.84,0.25,0.53,nan,nan,nan,0.46,0.6,15.57,7.31,0.91,23.07,18.32
samples_design_29_dldesign_1_best,0.49,0.43,0.52,nan,nan,nan,0.44,0.48,15.98,7.49,0.91,17.58,15.12
samples_design_29_dldesign_2_best,0.37,0.24,0.35,nan,nan,nan,0.4,0.33,15.05,7.07,0.91,12.12,7.56
samples_design_29_dldesign_3_best,0.38,0.33,0.47,nan,nan,nan,0.4,0.4,15.69,7.34,0.92,21.07,17.58
samples_design_29_dldesign_4_best,0.43,0.33,0.67,nan,nan,nan,0.42,0.5,15.35,7.19,0.92,13.93,17.86
samples_design_29_dldesign_5_best,0.36,0.28,0.57,nan,nan,nan,0.4,0.43,15.66,7.32,0.92,18.43,21.93
samples_design_29_dldesign_6_best,0.52,0.25,0.43,nan,nan,nan,0.42,0.42,13.32,6.33,0.91,15.06,8.66
samples_design_29_dldesign_7_best,0.91,0.29,0.42,nan,nan,nan,0.44,0.61,15.9,7.46,0.91,14.44,14.86
samples_design_30_dldesign_0_best,0.79,1.01,1.17,nan,nan,nan,0.57,0.99,15.81,7.42,0.91,24.64,21.13
samples_design_30_dldesign_1_best,0.51,0.96,0.73,nan,nan,nan,0.48,0.75,16.84,7.86,0.91,22.67,19.05
samples_design_30_dldesign_2_best,0.49,1.01,4.71,nan,nan,nan,1.19,2.72,16.28,7.68,0.9,18.99,20.41
samples_design_30_dldesign_3_best,0.39,0.78,0.55,nan,nan,nan,0.46,0.59,14.71,6.91,0.91,10.7,7.6
samples_design_30_dldesign_4_best,0.37,0.72,0.7,nan,nan,nan,0.47,0.61,14.29,6.73,0.91,10.11,7.09
samples_design_30_dldesign_5_best,0.41,0.86,0.57,nan,nan,nan,0.45,0.63,16.1,7.51,0.91,22.88,18.27
samples_design_30_dldesign_6_best,0.42,0.95,0.42,nan,nan,nan,0.44,0.63,16.36,7.63,0.91,22.18,16.98
samples_design_30_dldesign_7_best,0.56,0.88,0.63,nan,nan,nan,0.47,0.7,15.81,7.42,0.91,25.36,20.68
samples_design_31_dldesign_0_best,0.47,0.42,1.04,nan,nan,nan,0.53,0.75,15.62,7.4,0.91,10.58,5.56
samples_design_31_dldesign_1_best,0.4,0.57,1.4,nan,nan,nan,0.56,0.97,16.74,7.87,0.91,24.72,18.02
samples_design_31_dldesign_2_best,0.33,0.53,1.52,nan,nan,nan,0.62,1.03,17.34,8.18,0.91,5.14,4.85
samples_design_31_dldesign_3_best,0.42,0.6,1.35,nan,nan,nan,0.57,0.95,16.89,7.96,0.91,15.04,15.48
samples_design_31_dldesign_4_best,0.49,0.7,1.44,nan,nan,nan,0.61,1.03,16.17,7.65,0.91,18.67,21.43
samples_design_31_dldesign_5_best,0.47,0.56,1.32,nan,nan,nan,0.53,0.94,16.26,7.69,0.91,24.21,18.75
samples_design_31_dldesign_6_best,0.41,0.68,1.9,nan,nan,nan,0.67,1.29,16.91,8.01,0.9,18.32,14.94
samples_design_31_dldesign_7_best,0.48,0.29,0.94,nan,nan,nan,0.47,0.68,11.57,5.68,0.89,10.88,6.11
samples_design_32_dldesign_0_best,0.97,0.72,1.59,nan,nan,nan,0.63,1.12,15.37,7.21,0.9,6.85,5.1
samples_design_32_dldesign_1_best,0.95,0.51,1.74,nan,nan,nan,0.66,1.13,13.11,6.24,0.9,11.31,5.57
samples_design_32_dldesign_2_best,0.93,0.72,3.19,nan,nan,nan,0.85,1.82,14.96,7.0,0.91,7.54,5.58
samples_design_32_dldesign_3_best,0.97,0.52,3.33,nan,nan,nan,0.87,1.88,12.89,6.11,0.91,9.51,4.46
samples_design_32_dldesign_4_best,0.94,0.54,2.1,nan,nan,nan,0.68,1.29,15.53,7.27,0.9,10.91,6.15
samples_design_32_dldesign_5_best,0.99,0.63,3.23,nan,nan,nan,0.83,1.84,16.03,7.47,0.91,9.58,11.25
samples_design_32_dldesign_6_best,0.97,0.54,1.67,nan,nan,nan,0.64,1.11,13.86,6.56,0.9,10.95,5.24
samples_design_32_dldesign_7_best,0.73,0.76,3.15,nan,nan,nan,0.8,1.77,16.58,7.71,0.91,21.71,19.48
samples_design_33_dldesign_0_best,0.65,0.84,3.79,nan,nan,nan,1.28,2.68,15.82,7.65,0.89,19.26,9.74
samples_design_33_dldesign_1_best,0.69,0.85,2.04,nan,nan,nan,0.79,1.52,16.6,7.96,0.9,25.58,16.04
samples_design_33_dldesign_2_best,0.83,0.49,1.16,nan,nan,nan,0.59,0.95,9.77,4.95,0.89,24.75,17.44
samples_design_33_dldesign_3_best,0.72,0.84,3.4,nan,nan,nan,1.16,2.42,16.67,8.03,0.89,17.07,8.16
samples_design_33_dldesign_4_best,0.76,0.68,1.41,nan,nan,nan,0.62,1.11,11.98,5.93,0.89,25.16,16.26
samples_design_33_dldesign_5_best,0.54,0.51,1.1,nan,nan,nan,0.51,0.85,13.63,6.6,0.9,7.53,3.74
samples_design_33_dldesign_6_best,0.84,0.8,3.07,nan,nan,nan,1.06,2.21,17.86,8.51,0.89,5.91,6.61
samples_design_33_dldesign_7_best,0.91,0.78,1.59,nan,nan,nan,0.69,1.26,15.45,7.46,0.9,23.63,15.4
samples_design_34_dldesign_0_best,0.86,0.67,0.98,nan,nan,nan,0.55,0.88,15.74,7.52,0.91,6.9,6.83
samples_design_34_dldesign_1_best,0.83,0.75,1.1,nan,nan,nan,0.58,0.96,12.39,6.02,0.91,3.28,4.05
samples_design_34_dldesign_2_best,0.86,0.47,1.36,nan,nan,nan,0.63,1.08,13.04,6.34,0.91,3.6,4.54
samples_design_34_dldesign_3_best,0.73,0.41,1.33,nan,nan,nan,0.61,1.03,14.02,6.77,0.91,2.24,1.54
samples_design_34_dldesign_4_best,0.72,0.73,0.73,nan,nan,nan,0.5,0.73,12.1,5.91,0.91,1.68,1.35
samples_design_34_dldesign_5_best,0.76,0.74,0.69,nan,nan,nan,0.49,0.72,12.92,6.28,0.91,3.16,2.58
samples_design_34_dldesign_6_best,0.9,0.69,0.82,nan,nan,nan,0.53,0.81,15.03,7.19,0.91,6.42,6.87
samples_design_34_dldesign_7_best,0.9,0.77,1.1,nan,nan,nan,0.58,0.98,12.26,5.98,0.91,4.24,5.03
samples_design_35_dldesign_0_best,0.48,0.68,2.99,nan,nan,nan,1.09,2.15,14.07,6.79,0.91,5.66,4.9
samples_design_35_dldesign_1_best,0.8,1.07,3.31,nan,nan,nan,1.19,2.43,15.77,7.55,0.91,7.03,4.37
samples_design_35_dldesign_2_best,0.64,0.98,3.26,nan,nan,nan,1.18,2.37,14.61,7.09,0.9,12.86,11.87
samples_design_35_dldesign_3_best,0.71,0.77,3.17,nan,nan,nan,1.17,2.3,13.63,6.61,0.91,4.14,4.91
samples_design_35_dldesign_4_best,0.43,0.78,3.16,nan,nan,nan,1.13,2.28,14.72,7.09,0.91,7.94,7.3
samples_design_35_dldesign_5_best,0.56,0.74,3.76,nan,nan,nan,1.31,2.7,13.77,6.69,0.9,11.17,9.85
samples_design_35_dldesign_6_best,0.4,0.99,2.1,nan,nan,nan,0.85,1.57,17.13,8.15,0.91,21.0,23.36
samples_design_35_dldesign_7_best,0.44,0.83,2.9,nan,nan,nan,1.05,2.1,13.01,6.32,0.9,7.91,8.26
samples_design_36_dldesign_0_best,0.7,0.75,0.37,nan,nan,nan,0.49,0.64,6.39,3.35,0.9,10.34,6.05
samples_design_36_dldesign_1_best,0.56,0.85,0.73,nan,nan,nan,0.47,0.72,15.29,7.17,0.91,17.01,10.64
samples_design_36_dldesign_2_best,0.52,0.99,0.86,nan,nan,nan,0.5,0.8,15.47,7.26,0.91,16.35,11.0
samples_design_36_dldesign_3_best,0.78,0.84,0.59,nan,nan,nan,0.49,0.75,13.7,6.48,0.91,9.14,5.83
samples_design_36_dldesign_4_best,0.7,0.96,0.73,nan,nan,nan,0.5,0.8,16.35,7.62,0.91,17.56,13.78
samples_design_36_dldesign_5_best,0.62,0.93,1.36,nan,nan,nan,0.54,1.0,16.11,7.53,0.91,23.74,17.8
samples_design_36_dldesign_6_best,0.72,1.08,0.85,nan,nan,nan,0.52,0.89,16.61,7.78,0.91,24.25,18.41
samples_design_36_dldesign_7_best,0.93,1.11,1.5,nan,nan,nan,0.68,1.19,16.41,7.69,0.9,21.94,15.64
samples_design_37_dldesign_0_best,0.59,0.34,0.85,nan,nan,nan,0.44,0.65,16.66,7.83,0.91,15.49,16.47
samples_design_37_dldesign_1_best,0.44,0.33,0.83,nan,nan,nan,0.46,0.6,13.99,6.65,0.91,16.49,11.7
samples_design_37_dldesign_2_best,0.6,0.3,1.83,nan,nan,nan,0.62,1.19,15.57,7.34,0.91,13.47,14.17
samples_design_37_dldesign_3_best,0.4,0.34,0.87,nan,nan,nan,0.46,0.61,14.97,7.07,0.91,14.96,11.32
samples_design_37_dldesign_4_best,0.46,0.29,0.78,nan,nan,nan,0.45,0.57,14.03,6.66,0.91,15.78,11.18
samples_design_37_dldesign_5_best,0.44,0.43,0.92,nan,nan,nan,0.45,0.66,15.88,7.46,0.91,18.05,13.98
samples_design_37_dldesign_6_best,0.52,0.23,0.88,nan,nan,nan,0.45,0.63,15.65,7.37,0.92,11.59,12.75
samples_design_37_dldesign_7_best,0.43,0.32,1.87,nan,nan,nan,0.63,1.2,15.08,7.12,0.91,13.34,13.46
samples_design_38_dldesign_0_best,1.06,0.71,1.79,nan,nan,nan,0.77,1.42,16.24,7.79,0.9,16.58,14.3
samples_design_38_dldesign_1_best,1.09,0.54,1.9,nan,nan,nan,0.79,1.48,16.93,8.08,0.91,14.96,8.83
samples_design_38_dldesign_2_best,0.84,0.24,1.65,nan,nan,nan,0.66,1.25,16.74,8.01,0.9,14.04,10.73
samples_design_38_dldesign_3_best,1.04,0.43,1.65,nan,nan,nan,0.71,1.3,15.05,7.27,0.9,12.46,13.97
samples_design_38_dldesign_4_best,1.0,0.49,1.35,nan,nan,nan,0.63,1.11,16.46,7.88,0.91,11.99,11.11
samples_design_38_dldesign_5_best,1.25,0.61,1.02,nan,nan,nan,0.62,1.01,13.65,6.63,0.9,7.6,6.85
samples_design_38_dldesign_6_best,1.14,0.78,1.25,nan,nan,nan,0.65,1.13,15.22,7.33,0.9,11.04,10.13
samples_design_38_dldesign_7_best,1.1,0.58,1.7,nan,nan,nan,0.75,1.36,16.96,8.11,0.91,12.25,8.77
samples_design_39_dldesign_0_best,0.41,0.97,1.99,nan,nan,nan,0.7,1.39,16.61,7.85,0.91,24.57,19.26
samples_design_39_dldesign_1_best,0.43,0.94,2.11,nan,nan,nan,0.73,1.45,16.6,7.83,0.91,10.89,11.99
samples_design_39_dldesign_2_best,0.45,0.89,1.66,nan,nan,nan,0.63,1.19,14.42,6.91,0.9,25.71,16.96
samples_design_39_dldesign_3_best,0.51,0.95,2.05,nan,nan,nan,0.72,1.43,15.84,7.53,0.9,10.53,6.31
samples_design_39_dldesign_4_best,0.46,0.95,2.35,nan,nan,nan,0.78,1.61,17.51,8.23,0.91,6.12,5.62
samples_design_39_dldesign_5_best,0.46,1.09,2.24,nan,nan,nan,0.76,1.56,16.43,7.76,0.91,14.56,12.38
samples_design_39_dldesign_6_best,0.43,1.11,1.95,nan,nan,nan,0.7,1.4,16.97,8.0,0.91,20.09,12.72
samples_design_39_dldesign_7_best,0.45,0.98,2.24,nan,nan,nan,0.75,1.54,15.9,7.51,0.91,8.22,9.13
samples_design_40_dldesign_0_best,0.98,0.92,0.61,nan,nan,nan,0.5,0.8,13.25,6.46,0.9,11.75,11.98
samples_design_40_dldesign_1_best,1.01,0.98,0.65,nan,nan,nan,0.52,0.84,14.8,7.1,0.91,16.99,13.61
samples_design_40_dldesign_2_best,1.02,0.71,0.69,nan,nan,nan,0.51,0.79,13.29,6.45,0.9,13.43,13.14
samples_design_40_dldesign_3_best,0.98,0.9,0.71,nan,nan,nan,0.51,0.84,12.92,6.33,0.89,11.97,11.97
samples_design_40_dldesign_4_best,1.01,0.73,0.65,nan,nan,nan,0.47,0.78,4.14,2.46,0.9,1.15,1.16
samples_design_40_dldesign_5_best,0.96,0.79,0.66,nan,nan,nan,0.5,0.78,12.66,6.17,0.9,1.06,1.01
samples_design_40_dldesign_6_best,0.92,0.75,0.56,nan,nan,nan,0.47,0.72,17.26,8.23,0.9,21.94,19.82
samples_design_40_dldesign_7_best,0.96,0.93,0.81,nan,nan,nan,0.55,0.88,15.78,7.57,0.9,7.19,8.27
samples_design_41_dldesign_0_best,0.39,0.73,2.55,nan,nan,nan,0.89,1.81,16.35,7.86,0.9,8.29,6.04
samples_design_41_dldesign_1_best,0.85,0.83,4.33,nan,nan,nan,1.44,3.06,15.99,7.7,0.9,6.63,7.16
samples_design_41_dldesign_2_best,0.42,0.77,2.4,nan,nan,nan,0.87,1.72,16.9,8.09,0.9,16.22,10.01
samples_design_41_dldesign_3_best,0.54,0.93,5.65,nan,nan,nan,1.84,3.95,15.82,7.61,0.9,15.11,9.99
samples_design_41_dldesign_4_best,0.88,0.95,2.76,nan,nan,nan,0.98,2.02,15.64,7.56,0.89,16.79,14.9
samples_design_41_dldesign_5_best,0.96,1.05,2.96,nan,nan,nan,1.05,2.17,14.92,7.25,0.9,9.94,6.33
samples_design_41_dldesign_6_best,1.29,0.92,4.97,nan,nan,nan,1.67,3.54,16.0,7.73,0.9,11.03,6.46
samples_design_41_dldesign_7_best,0.88,0.79,3.2,nan,nan,nan,1.13,2.3,15.51,7.51,0.89,21.56,11.57
samples_design_42_dldesign_0_best,0.91,0.56,1.0,nan,nan,nan,0.58,0.88,12.33,6.02,0.9,9.35,4.5
samples_design_42_dldesign_1_best,0.77,0.56,0.85,nan,nan,nan,0.54,0.76,13.7,6.59,0.91,11.77,5.71
samples_design_42_dldesign_2_best,0.9,0.53,0.45,nan,nan,nan,0.48,0.64,9.97,4.92,0.91,8.22,3.64
samples_design_42_dldesign_3_best,0.55,0.6,1.03,nan,nan,nan,0.55,0.81,12.77,6.19,0.9,7.32,3.32
samples_design_42_dldesign_4_best,0.81,0.6,0.83,nan,nan,nan,0.53,0.77,13.46,6.48,0.91,10.55,4.97
samples_design_42_dldesign_5_best,0.86,0.6,2.39,nan,nan,nan,0.85,1.68,12.15,5.95,0.9,8.92,3.92
samples_design_42_dldesign_6_best,0.87,0.53,2.38,nan,nan,nan,0.83,1.66,11.95,5.89,0.89,10.42,4.96
samples_design_42_dldesign_7_best,0.93,0.43,1.03,nan,nan,nan,0.57,0.88,11.47,5.62,0.9,10.65,4.62
samples_design_43_dldesign_0_best,0.57,0.9,2.51,nan,nan,nan,0.84,1.75,12.43,6.05,0.9,3.74,2.53
samples_design_43_dldesign_1_best,0.57,0.6,0.77,nan,nan,nan,0.49,0.67,14.51,6.93,0.91,12.06,6.92
samples_design_43_dldesign_2_best,0.77,0.74,2.76,nan,nan,nan,0.93,1.91,15.14,7.22,0.9,3.5,4.19
samples_design_43_dldesign_3_best,0.8,0.62,2.55,nan,nan,nan,0.88,1.77,10.19,5.09,0.89,25.1,18.33
samples_design_43_dldesign_4_best,0.44,0.54,0.49,nan,nan,nan,0.43,0.49,11.75,5.69,0.91,10.42,4.6
samples_design_43_dldesign_5_best,0.79,0.56,0.66,nan,nan,nan,0.5,0.68,14.87,7.07,0.91,23.42,16.06
samples_design_43_dldesign_6_best,0.44,0.59,0.45,nan,nan,nan,0.44,0.49,13.41,6.43,0.91,14.16,6.7
samples_design_43_dldesign_7_best,1.09,0.8,3.11,nan,nan,nan,1.05,2.17,14.23,6.82,0.9,14.0,11.23
samples_design_44_dldesign_0_best,0.9,0.58,6.46,nan,nan,nan,2.02,4.41,16.35,7.83,0.9,13.1,8.39
samples_design_44_dldesign_1_best,1.08,0.4,6.78,nan,nan,nan,2.13,4.63,15.56,7.5,0.89,13.44,10.03
samples_design_44_dldesign_2_best,0.8,0.55,6.13,nan,nan,nan,1.91,4.18,12.44,6.11,0.89,17.1,14.06
samples_design_44_dldesign_3_best,1.0,0.51,6.79,nan,nan,nan,2.13,4.64,11.53,5.73,0.89,16.8,14.09
samples_design_44_dldesign_4_best,1.12,0.68,5.47,nan,nan,nan,1.73,3.77,15.94,7.64,0.9,22.24,13.95
samples_design_44_dldesign_5_best,0.74,0.58,5.7,nan,nan,nan,1.79,3.89,16.16,7.74,0.9,4.13,5.14
samples_design_44_dldesign_6_best,0.88,0.41,5.78,nan,nan,nan,1.82,3.95,13.46,6.57,0.89,18.19,13.99
samples_design_44_dldesign_7_best,1.03,0.51,6.59,nan,nan,nan,2.07,4.5,13.82,6.73,0.89,17.32,13.72
samples_design_45_dldesign_0_best,0.54,0.5,1.27,nan,nan,nan,0.55,0.88,12.94,6.2,0.91,11.23,4.87
samples_design_45_dldesign_1_best,0.66,0.72,1.1,nan,nan,nan,0.56,0.87,15.6,7.34,0.91,9.63,6.19
samples_design_45_dldesign_2_best,0.61,0.65,1.2,nan,nan,nan,0.56,0.89,15.93,7.49,0.91,11.75,6.55
samples_design_45_dldesign_3_best,0.5,0.72,1.08,nan,nan,nan,0.52,0.82,16.13,7.59,0.91,9.23,6.22
samples_design_45_dldesign_4_best,0.74,0.67,1.37,nan,nan,nan,0.6,1.01,15.06,7.11,0.91,19.53,11.15
samples_design_45_dldesign_5_best,0.7,0.64,1.54,nan,nan,nan,0.61,1.09,15.4,7.27,0.91,21.51,12.67
samples_design_45_dldesign_6_best,0.75,0.77,1.29,nan,nan,nan,0.6,1.0,15.7,7.37,0.92,8.86,4.98
samples_design_45_dldesign_7_best,0.74,0.65,1.38,nan,nan,nan,0.58,1.01,15.16,7.15,0.91,25.06,13.97
samples_design_46_dldesign_0_best,0.49,0.53,0.89,nan,nan,nan,0.47,0.7,13.84,6.64,0.91,13.71,7.53
samples_design_46_dldesign_1_best,0.5,0.62,2.97,nan,nan,nan,0.95,2.0,13.3,6.42,0.91,17.24,11.27
samples_design_46_dldesign_2_best,0.62,0.71,0.93,nan,nan,nan,0.5,0.79,15.63,7.45,0.91,20.11,11.77
samples_design_46_dldesign_3_best,0.32,0.67,2.89,nan,nan,nan,0.92,1.94,12.82,6.2,0.91,9.4,10.22
samples_design_46_dldesign_4_best,0.71,0.84,2.88,nan,nan,nan,0.96,1.98,12.58,6.13,0.9,15.6,9.64
samples_design_46_dldesign_5_best,0.46,0.63,2.19,nan,nan,nan,0.76,1.5,13.18,6.37,0.9,26.23,17.84
samples_design_46_dldesign_6_best,0.42,0.73,2.81,nan,nan,nan,0.91,1.91,12.39,6.04,0.9,17.97,11.03
samples_design_46_dldesign_7_best,0.32,0.72,2.69,nan,nan,nan,0.87,1.82,14.28,6.83,0.91,11.32,9.14
samples_design_47_dldesign_0_best,1.02,0.6,1.59,nan,nan,nan,0.69,1.21,13.83,6.61,0.91,11.95,6.91
samples_design_47_dldesign_1_best,0.8,0.55,1.68,nan,nan,nan,0.65,1.2,16.26,7.69,0.91,23.46,15.18
samples_design_47_dldesign_2_best,0.71,0.63,1.47,nan,nan,nan,0.64,1.07,14.31,6.82,0.91,10.81,6.77
samples_design_47_dldesign_3_best,0.71,0.53,1.56,nan,nan,nan,0.62,1.11,16.39,7.74,0.91,9.13,10.5
samples_design_47_dldesign_4_best,0.65,0.65,0.79,nan,nan,nan,0.5,0.71,14.13,6.73,0.91,7.8,7.26
samples_design_47_dldesign_5_best,0.61,0.61,1.51,nan,nan,nan,0.62,1.08,12.98,6.25,0.9,11.62,5.84
samples_design_47_dldesign_6_best,0.78,0.46,1.61,nan,nan,nan,0.65,1.14,13.39,6.42,0.91,9.07,5.11
samples_design_47_dldesign_7_best,0.83,0.61,2.3,nan,nan,nan,0.79,1.58,15.16,7.19,0.91,25.02,16.62
samples_design_48_dldesign_0_best,0.66,0.66,3.24,nan,nan,nan,1.17,2.34,14.93,7.14,0.91,15.57,14.46
samples_design_48_dldesign_1_best,0.77,0.61,3.34,nan,nan,nan,1.19,2.41,14.18,6.86,0.9,14.04,14.35
samples_design_48_dldesign_2_best,0.84,0.86,4.16,nan,nan,nan,1.43,3.0,18.15,8.58,0.91,21.77,9.89
samples_design_48_dldesign_3_best,0.5,0.62,3.29,nan,nan,nan,1.16,2.36,14.78,7.1,0.91,15.42,13.75
samples_design_48_dldesign_4_best,0.57,0.63,3.16,nan,nan,nan,1.12,2.28,12.27,6.02,0.9,18.64,16.98
samples_design_48_dldesign_5_best,0.53,0.64,3.25,nan,nan,nan,1.15,2.33,14.81,7.12,0.91,16.82,14.03
samples_design_48_dldesign_6_best,0.99,0.75,3.39,nan,nan,nan,1.21,2.48,14.28,6.89,0.91,12.0,13.38
samples_design_48_dldesign_7_best,0.87,0.63,3.73,nan,nan,nan,1.31,2.69,16.98,8.08,0.9,25.32,14.96
samples_design_49_dldesign_0_best,1.09,0.31,3.53,nan,nan,nan,1.19,2.52,15.1,7.21,0.91,9.48,10.18
samples_design_49_dldesign_1_best,0.83,0.7,3.13,nan,nan,nan,1.11,2.24,16.42,7.86,0.9,17.34,15.1
samples_design_49_dldesign_2_best,0.8,0.66,3.54,nan,nan,nan,1.22,2.51,14.52,7.04,0.9,7.5,7.15
samples_design_49_dldesign_3_best,0.72,0.75,2.72,nan,nan,nan,0.98,1.96,13.44,6.56,0.9,12.46,9.42
samples_design_49_dldesign_4_best,0.81,0.55,2.46,nan,nan,nan,0.89,1.78,16.93,8.06,0.91,16.33,11.59
samples_design_49_dldesign_5_best,0.85,0.69,3.01,nan,nan,nan,1.05,2.16,15.34,7.38,0.9,11.9,9.79
samples_design_49_dldesign_6_best,0.62,0.78,2.08,nan,nan,nan,0.77,1.53,17.65,8.36,0.9,9.94,8.94
samples_design_49_dldesign_7_best,0.76,0.74,3.07,nan,nan,nan,1.07,2.2,14.67,7.1,0.9,15.53,13.92
samples_design_0_dldesign_0_best,1.05,0.58,6.5,nan,nan,nan,2.05,4.44,14.88,7.17,0.9,23.18,17.56
samples_design_0_dldesign_1_best,0.78,0.44,5.16,nan,nan,nan,1.63,3.53,13.29,6.49,0.89,19.02,15.68
samples_design_0_dldesign_2_best,0.89,0.54,5.72,nan,nan,nan,1.81,3.91,14.51,7.01,0.9,23.65,16.66
samples_design_0_dldesign_3_best,0.77,0.45,5.53,nan,nan,nan,1.74,3.78,15.51,7.46,0.9,10.09,10.32
samples_design_0_dldesign_4_best,0.68,0.54,5.43,nan,nan,nan,1.71,3.7,13.23,6.45,0.89,17.36,10.09
samples_design_0_dldesign_5_best,0.72,0.37,2.07,nan,nan,nan,0.76,1.47,14.57,7.07,0.89,11.19,5.16
samples_design_0_dldesign_6_best,0.76,0.33,2.07,nan,nan,nan,0.78,1.47,12.78,6.27,0.9,10.28,4.94
samples_design_0_dldesign_7_best,0.95,0.41,1.47,nan,nan,nan,0.74,1.14,7.01,3.75,0.89,25.08,16.85
samples_design_1_dldesign_0_best,1.09,0.56,0.72,nan,nan,nan,0.56,0.81,12.28,6.01,0.9,0.89,0.96
samples_design_1_dldesign_1_best,1.12,0.52,0.71,nan,nan,nan,0.57,0.81,13.83,6.71,0.9,1.73,1.28
samples_design_1_dldesign_2_best,1.08,0.57,0.77,nan,nan,nan,0.56,0.83,11.11,5.48,0.9,2.47,1.84
samples_design_1_dldesign_3_best,0.82,0.46,0.73,nan,nan,nan,0.51,0.7,13.76,6.64,0.91,0.89,1.09
samples_design_1_dldesign_4_best,1.19,0.47,0.78,nan,nan,nan,0.59,0.86,8.02,4.14,0.89,1.76,1.65
samples_design_1_dldesign_5_best,1.07,0.63,0.76,nan,nan,nan,0.56,0.83,12.86,6.29,0.9,1.97,1.25
samples_design_1_dldesign_6_best,1.03,0.57,0.99,nan,nan,nan,0.59,0.92,14.4,6.96,0.9,1.66,1.93
samples_design_1_dldesign_7_best,0.99,0.61,0.68,nan,nan,nan,0.54,0.77,13.64,6.62,0.9,1.87,1.73
samples_design_2_dldesign_0_best,0.75,0.23,0.74,nan,nan,nan,0.55,0.66,14.04,6.76,0.91,2.84,2.48
samples_design_2_dldesign_1_best,0.64,0.32,0.69,nan,nan,nan,0.49,0.61,15.75,7.52,0.91,17.23,14.79
samples_design_2_dldesign_2_best,0.82,0.25,0.69,nan,nan,nan,0.53,0.65,10.31,5.13,0.9,1.74,1.46
samples_design_2_dldesign_3_best,0.74,0.26,0.73,nan,nan,nan,0.52,0.65,11.05,5.45,0.9,3.13,2.2
samples_design_2_dldesign_4_best,0.82,0.24,0.69,nan,nan,nan,0.52,0.66,12.38,6.04,0.91,2.85,1.99
samples_design_2_dldesign_5_best,0.58,0.32,0.77,nan,nan,nan,0.48,0.63,14.66,7.05,0.91,2.93,2.59
samples_design_2_dldesign_6_best,0.66,0.24,0.65,nan,nan,nan,0.48,0.58,14.49,6.95,0.91,4.21,3.64
samples_design_2_dldesign_7_best,0.7,0.28,0.64,nan,nan,nan,0.49,0.59,12.71,6.19,0.91,3.41,3.29
samples_design_3_dldesign_0_best,0.53,0.76,2.41,nan,nan,nan,0.79,1.62,15.27,7.27,0.91,17.09,11.47
samples_design_3_dldesign_1_best,0.4,0.78,1.4,nan,nan,nan,0.56,1.01,16.49,7.79,0.91,19.11,14.81
samples_design_3_dldesign_2_best,0.38,0.47,1.44,nan,nan,nan,0.54,0.98,16.38,7.74,0.91,11.14,12.79
samples_design_3_dldesign_3_best,0.37,0.67,3.07,nan,nan,nan,0.93,2.0,15.27,7.26,0.91,9.36,10.32
samples_design_3_dldesign_4_best,0.4,0.83,1.34,nan,nan,nan,0.53,0.99,16.9,7.99,0.91,20.5,16.61
samples_design_3_dldesign_5_best,0.39,0.5,1.39,nan,nan,nan,0.54,0.95,15.51,7.37,0.9,13.32,10.05
samples_design_3_dldesign_6_best,0.39,0.72,2.29,nan,nan,nan,0.75,1.53,15.74,7.46,0.91,17.04,14.83
samples_design_3_dldesign_7_best,0.31,0.85,1.95,nan,nan,nan,0.66,1.34,16.64,7.86,0.91,23.84,18.19
samples_design_4_dldesign_0_best,0.48,0.69,4.5,nan,nan,nan,1.49,3.14,13.43,6.6,0.89,11.53,5.91
samples_design_4_dldesign_1_best,0.48,0.7,4.15,nan,nan,nan,1.39,2.91,13.81,6.7,0.9,11.11,5.26
samples_design_4_dldesign_2_best,0.54,0.65,1.88,nan,nan,nan,0.74,1.37,14.45,7.08,0.89,13.73,5.7
samples_design_4_dldesign_3_best,0.82,0.86,3.84,nan,nan,nan,1.31,2.73,15.04,7.26,0.9,24.95,15.99
samples_design_4_dldesign_4_best,0.54,0.96,5.25,nan,nan,nan,1.72,3.68,16.8,8.06,0.9,9.87,6.74
samples_design_4_dldesign_5_best,0.95,0.81,5.58,nan,nan,nan,1.84,3.92,16.11,7.75,0.9,25.41,17.57
samples_design_4_dldesign_6_best,0.51,0.79,5.19,nan,nan,nan,1.7,3.62,16.48,7.93,0.9,22.89,15.16
samples_design_4_dldesign_7_best,0.58,0.77,6.0,nan,nan,nan,1.96,4.19,12.64,6.21,0.89,25.52,18.51
samples_design_5_dldesign_0_best,0.87,0.54,2.5,nan,nan,nan,0.84,1.74,14.17,6.83,0.9,7.52,4.52
samples_design_5_dldesign_1_best,0.87,0.63,2.49,nan,nan,nan,0.84,1.74,16.58,7.87,0.9,15.85,11.41
samples_design_5_dldesign_2_best,0.8,0.38,2.62,nan,nan,nan,0.89,1.79,13.17,6.37,0.9,12.45,5.26
samples_design_5_dldesign_3_best,0.55,0.63,2.79,nan,nan,nan,0.94,1.89,13.24,6.39,0.9,9.8,5.04
samples_design_5_dldesign_4_best,0.69,0.48,2.38,nan,nan,nan,0.82,1.63,14.64,7.03,0.9,5.37,3.17
samples_design_5_dldesign_5_best,0.73,0.46,2.74,nan,nan,nan,0.91,1.86,15.03,7.17,0.91,9.52,4.34
samples_design_5_dldesign_6_best,0.66,0.43,2.62,nan,nan,nan,0.88,1.78,13.42,6.49,0.9,12.19,5.51
samples_design_5_dldesign_7_best,0.83,0.43,2.76,nan,nan,nan,0.93,1.89,12.9,6.25,0.9,12.55,5.73
samples_design_6_dldesign_0_best,0.4,0.82,3.18,nan,nan,nan,1.02,2.15,14.32,6.86,0.91,16.24,10.53
samples_design_6_dldesign_1_best,0.43,0.58,3.18,nan,nan,nan,1.01,2.13,17.17,8.14,0.9,23.67,20.68
samples_design_6_dldesign_2_best,0.35,0.59,1.74,nan,nan,nan,0.63,1.2,15.82,7.54,0.91,7.46,5.42
samples_design_6_dldesign_3_best,0.38,0.67,3.06,nan,nan,nan,0.98,2.06,13.16,6.35,0.9,14.54,10.04
samples_design_6_dldesign_4_best,0.34,0.66,3.06,nan,nan,nan,0.98,2.06,13.27,6.43,0.9,16.12,10.12
samples_design_6_dldesign_5_best,0.42,0.53,0.75,nan,nan,nan,0.45,0.61,15.49,7.38,0.91,17.5,9.85
samples_design_6_dldesign_6_best,0.39,0.45,0.86,nan,nan,nan,0.46,0.65,15.42,7.35,0.91,16.67,9.01
samples_design_6_dldesign_7_best,0.41,0.66,1.4,nan,nan,nan,0.56,1.01,15.7,7.5,0.9,12.27,8.58
samples_design_7_dldesign_0_best,0.47,0.82,0.94,nan,nan,nan,0.49,0.77,13.39,6.38,0.91,11.09,6.75
samples_design_7_dldesign_1_best,0.94,0.87,0.82,nan,nan,nan,0.53,0.88,16.02,7.49,0.91,21.79,22.68
samples_design_7_dldesign_2_best,0.36,1.03,0.92,nan,nan,nan,0.5,0.81,16.2,7.58,0.91,25.69,17.76
samples_design_7_dldesign_3_best,0.46,0.69,0.71,nan,nan,nan,0.48,0.63,12.15,5.81,0.91,8.73,5.1
samples_design_7_dldesign_4_best,0.43,0.8,0.51,nan,nan,nan,0.48,0.59,12.74,6.06,0.91,11.04,7.43
samples_design_7_dldesign_5_best,1.01,1.38,2.05,nan,nan,nan,0.78,1.55,15.87,7.43,0.91,22.89,19.16
samples_design_7_dldesign_6_best,0.37,1.0,0.66,nan,nan,nan,0.47,0.71,15.58,7.29,0.92,26.98,21.71
samples_design_7_dldesign_7_best,0.49,0.93,0.6,nan,nan,nan,0.46,0.68,15.76,7.38,0.92,18.76,18.9
samples_design_8_dldesign_0_best,0.65,0.63,1.41,nan,nan,nan,0.55,0.92,5.48,2.97,0.9,8.01,6.26
samples_design_8_dldesign_1_best,0.47,0.78,1.32,nan,nan,nan,0.52,0.88,15.18,7.08,0.91,8.19,10.1
samples_design_8_dldesign_2_best,0.46,0.77,1.37,nan,nan,nan,0.53,0.89,15.7,7.3,0.91,16.49,15.17
samples_design_8_dldesign_3_best,0.54,0.66,1.29,nan,nan,nan,0.52,0.85,15.63,7.28,0.91,17.63,14.25
samples_design_8_dldesign_4_best,0.51,0.7,1.28,nan,nan,nan,0.51,0.85,14.85,6.93,0.91,15.28,12.45
samples_design_8_dldesign_5_best,0.4,0.59,1.32,nan,nan,nan,0.52,0.81,13.47,6.35,0.91,8.28,5.75
samples_design_8_dldesign_6_best,0.67,0.77,1.32,nan,nan,nan,0.54,0.93,14.52,6.79,0.91,17.66,13.82
samples_design_8_dldesign_7_best,0.41,0.7,1.3,nan,nan,nan,0.52,0.83,15.25,7.1,0.92,15.3,16.17
samples_design_9_dldesign_0_best,0.53,0.85,2.62,nan,nan,nan,0.93,1.88,17.13,8.18,0.9,8.8,7.83
samples_design_9_dldesign_1_best,0.63,1.15,3.58,nan,nan,nan,1.22,2.57,17.24,8.2,0.89,9.24,8.5
samples_design_9_dldesign_2_best,0.62,1.19,3.94,nan,nan,nan,1.33,2.81,18.4,8.75,0.89,8.78,7.87
samples_design_9_dldesign_3_best,0.56,0.95,3.76,nan,nan,nan,1.27,2.66,14.47,7.05,0.89,9.87,9.01
samples_design_9_dldesign_4_best,0.66,0.72,4.28,nan,nan,nan,1.43,3.01,13.64,6.67,0.89,11.13,10.53
samples_design_9_dldesign_5_best,0.89,0.63,3.23,nan,nan,nan,1.14,2.31,12.75,6.28,0.89,6.03,4.82
samples_design_9_dldesign_6_best,0.74,0.94,4.72,nan,nan,nan,1.57,3.33,17.67,8.38,0.9,13.45,12.77
samples_design_9_dldesign_7_best,0.62,1.12,4.17,nan,nan,nan,1.4,2.96,17.07,8.14,0.9,11.18,10.2
samples_design_10_dldesign_0_best,0.89,0.69,2.79,nan,nan,nan,0.94,1.94,15.12,7.22,0.91,11.01,7.12
samples_design_10_dldesign_1_best,0.86,0.68,2.76,nan,nan,nan,0.93,1.91,14.84,7.09,0.91,9.43,6.66
samples_design_10_dldesign_2_best,0.8,0.85,3.13,nan,nan,nan,1.03,2.16,14.49,6.94,0.91,13.99,7.65
samples_design_10_dldesign_3_best,0.85,0.82,2.44,nan,nan,nan,0.86,1.73,14.97,7.16,0.9,5.53,4.68
samples_design_10_dldesign_4_best,0.73,0.86,2.75,nan,nan,nan,0.92,1.91,14.51,6.97,0.9,7.77,8.49
samples_design_10_dldesign_5_best,0.66,0.57,2.5,nan,nan,nan,0.84,1.71,15.66,7.45,0.91,5.97,5.16
samples_design_10_dldesign_6_best,0.52,0.49,2.38,nan,nan,nan,0.81,1.61,14.42,6.88,0.91,11.53,7.66
samples_design_10_dldesign_7_best,0.58,0.67,2.84,nan,nan,nan,0.93,1.93,15.75,7.49,0.91,13.92,9.78
samples_design_11_dldesign_0_best,0.7,0.48,1.27,nan,nan,nan,0.57,0.94,14.57,6.97,0.9,13.71,8.33
samples_design_11_dldesign_1_best,0.62,1.21,1.45,nan,nan,nan,0.64,1.18,12.48,6.08,0.89,14.05,7.33
samples_design_11_dldesign_2_best,0.8,1.27,3.02,nan,nan,nan,0.97,2.09,15.77,7.47,0.91,13.62,12.42
samples_design_11_dldesign_3_best,1.01,0.3,2.31,nan,nan,nan,0.77,1.59,16.49,7.8,0.9,10.09,10.76
samples_design_11_dldesign_4_best,0.98,0.37,1.5,nan,nan,nan,0.6,1.12,13.46,6.52,0.89,8.16,3.03
samples_design_11_dldesign_5_best,0.71,0.31,1.84,nan,nan,nan,0.62,1.26,17.77,8.38,0.9,9.37,6.66
samples_design_11_dldesign_6_best,0.67,0.27,2.13,nan,nan,nan,0.71,1.42,16.54,7.84,0.9,13.2,7.9
samples_design_11_dldesign_7_best,0.66,0.47,2.66,nan,nan,nan,0.86,1.76,13.51,6.48,0.9,15.7,12.87
samples_design_12_dldesign_0_best,0.9,1.02,1.24,nan,nan,nan,0.59,1.05,15.39,7.25,0.9,21.88,15.69
samples_design_12_dldesign_1_best,0.74,1.28,2.62,nan,nan,nan,0.78,1.7,15.36,7.24,0.91,13.46,13.5
samples_design_12_dldesign_2_best,0.65,0.67,0.99,nan,nan,nan,0.49,0.78,9.77,4.83,0.9,13.5,7.87
samples_design_12_dldesign_3_best,0.72,1.26,1.39,nan,nan,nan,0.59,1.14,15.6,7.31,0.91,25.04,15.28
samples_design_12_dldesign_4_best,0.79,1.42,2.52,nan,nan,nan,0.78,1.7,15.18,7.16,0.91,16.11,14.0
samples_design_12_dldesign_5_best,0.69,1.11,2.33,nan,nan,nan,0.72,1.51,12.62,6.06,0.9,15.05,8.31
samples_design_12_dldesign_6_best,0.69,1.3,2.99,nan,nan,nan,0.84,1.88,15.62,7.35,0.91,18.42,15.59
samples_design_12_dldesign_7_best,0.76,1.22,1.29,nan,nan,nan,0.59,1.1,13.84,6.58,0.9,21.27,13.45
samples_design_13_dldesign_0_best,0.48,0.64,5.38,nan,nan,nan,1.76,3.75,9.95,5.04,0.89,25.94,17.78
samples_design_13_dldesign_1_best,0.49,0.73,2.82,nan,nan,nan,0.99,2.01,16.21,7.83,0.89,25.17,16.4
samples_design_13_dldesign_2_best,0.39,0.79,3.22,nan,nan,nan,1.1,2.28,16.55,7.92,0.9,24.66,13.76
samples_design_13_dldesign_3_best,0.34,0.6,3.27,nan,nan,nan,1.1,2.29,4.83,2.76,0.9,12.39,6.52
samples_design_13_dldesign_4_best,1.0,0.63,4.44,nan,nan,nan,1.49,3.14,15.03,7.3,0.89,24.94,16.91
samples_design_13_dldesign_5_best,0.54,0.75,6.0,nan,nan,nan,1.95,4.18,15.75,7.56,0.9,25.37,17.13
samples_design_13_dldesign_6_best,0.32,0.66,5.11,nan,nan,nan,1.67,3.56,16.85,8.05,0.9,10.17,9.85
samples_design_13_dldesign_7_best,0.33,0.71,2.59,nan,nan,nan,0.92,1.84,16.07,7.74,0.9,22.56,12.2
samples_design_14_dldesign_0_best,0.86,0.89,0.58,nan,nan,nan,0.53,0.74,14.16,6.82,0.91,7.45,7.35
samples_design_14_dldesign_1_best,0.67,0.92,0.85,nan,nan,nan,0.53,0.82,15.82,7.57,0.91,20.33,18.36
samples_design_14_dldesign_2_best,0.71,0.8,0.84,nan,nan,nan,0.52,0.8,16.12,7.7,0.91,6.89,5.25
samples_design_14_dldesign_3_best,0.68,0.94,0.54,nan,nan,nan,0.51,0.69,14.32,6.89,0.91,5.87,5.6
samples_design_14_dldesign_4_best,0.62,0.75,0.64,nan,nan,nan,0.5,0.66,14.86,7.13,0.91,6.57,4.99
samples_design_14_dldesign_5_best,0.91,0.96,0.51,nan,nan,nan,0.53,0.75,13.9,6.69,0.91,6.56,3.09
samples_design_14_dldesign_6_best,0.67,0.84,0.56,nan,nan,nan,0.49,0.66,14.09,6.78,0.91,5.3,4.85
samples_design_14_dldesign_7_best,0.85,1.02,0.69,nan,nan,nan,0.51,0.82,14.78,7.11,0.91,20.48,18.31
samples_design_15_dldesign_0_best,0.45,0.5,1.83,nan,nan,nan,0.71,1.31,16.67,7.99,0.91,18.11,14.89
samples_design_15_dldesign_1_best,0.51,0.52,4.0,nan,nan,nan,1.33,2.8,16.49,7.92,0.9,15.33,12.49
samples_design_15_dldesign_2_best,0.86,0.76,3.86,nan,nan,nan,1.3,2.74,17.34,8.34,0.9,11.77,10.26
samples_design_15_dldesign_3_best,0.57,0.5,3.47,nan,nan,nan,1.18,2.44,16.77,8.11,0.89,11.88,10.97
samples_design_15_dldesign_4_best,0.45,0.39,4.48,nan,nan,nan,1.47,3.12,15.18,7.31,0.91,16.98,11.77
samples_design_15_dldesign_5_best,0.5,0.47,2.35,nan,nan,nan,0.86,1.66,16.06,7.72,0.9,6.7,6.88
samples_design_15_dldesign_6_best,0.49,0.5,4.49,nan,nan,nan,1.49,3.13,14.62,7.03,0.91,12.3,11.45
samples_design_15_dldesign_7_best,0.48,0.44,3.45,nan,nan,nan,1.17,2.41,15.75,7.65,0.89,14.57,12.95
samples_design_16_dldesign_0_best,0.5,0.39,1.26,nan,nan,nan,0.54,0.88,14.13,6.73,0.91,13.63,7.22
samples_design_16_dldesign_1_best,0.57,0.42,1.45,nan,nan,nan,0.6,1.01,13.3,6.37,0.91,15.58,8.69
samples_design_16_dldesign_2_best,0.59,0.46,1.06,nan,nan,nan,0.53,0.79,15.72,7.42,0.91,6.15,3.92
samples_design_16_dldesign_3_best,0.68,0.43,1.31,nan,nan,nan,0.57,0.95,13.44,6.42,0.91,11.35,5.81
samples_design_16_dldesign_4_best,0.55,0.45,1.27,nan,nan,nan,0.56,0.9,13.28,6.35,0.91,9.85,4.92
samples_design_16_dldesign_5_best,0.55,0.45,0.99,nan,nan,nan,0.52,0.74,14.75,7.0,0.91,15.33,9.49
samples_design_16_dldesign_6_best,0.7,0.43,1.24,nan,nan,nan,0.55,0.91,12.96,6.22,0.91,8.68,4.32
samples_design_16_dldesign_7_best,0.53,0.53,1.21,nan,nan,nan,0.55,0.87,14.83,7.03,0.91,12.74,7.99
samples_design_17_dldesign_0_best,0.84,0.5,2.74,nan,nan,nan,0.92,1.88,15.17,7.24,0.9,8.27,4.31
samples_design_17_dldesign_1_best,0.78,0.46,2.21,nan,nan,nan,0.79,1.54,16.57,7.86,0.91,15.83,13.85
samples_design_17_dldesign_2_best,0.73,0.54,2.98,nan,nan,nan,0.97,2.02,15.86,7.56,0.9,14.31,13.1
samples_design_17_dldesign_3_best,0.84,0.67,2.8,nan,nan,nan,0.94,1.93,15.57,7.42,0.91,14.23,13.31
samples_design_17_dldesign_4_best,0.8,0.53,2.54,nan,nan,nan,0.86,1.75,14.21,6.82,0.91,10.95,5.73
samples_design_17_dldesign_5_best,0.91,0.72,2.43,nan,nan,nan,0.83,1.72,18.31,8.64,0.9,12.03,10.37
samples_design_17_dldesign_6_best,0.85,0.42,2.12,nan,nan,nan,0.78,1.49,13.33,6.46,0.9,12.21,5.57
samples_design_17_dldesign_7_best,0.81,0.67,2.56,nan,nan,nan,0.89,1.78,15.27,7.29,0.9,24.28,14.8
samples_design_18_dldesign_0_best,0.96,0.68,2.74,nan,nan,nan,0.88,1.82,14.19,6.74,0.91,14.38,11.98
samples_design_18_dldesign_1_best,0.49,0.41,1.48,nan,nan,nan,0.6,0.98,15.34,7.26,0.91,11.51,8.68
samples_design_18_dldesign_2_best,0.55,0.47,1.21,nan,nan,nan,0.55,0.85,14.76,7.02,0.91,10.68,7.65
samples_design_18_dldesign_3_best,0.59,0.33,1.17,nan,nan,nan,0.55,0.81,9.96,4.94,0.9,9.44,5.15
samples_design_18_dldesign_4_best,0.42,0.44,2.48,nan,nan,nan,0.78,1.57,14.48,6.82,0.92,8.33,10.12
samples_design_18_dldesign_5_best,0.43,0.59,1.11,nan,nan,nan,0.53,0.79,15.37,7.26,0.91,14.31,11.88
samples_design_18_dldesign_6_best,0.42,0.31,2.39,nan,nan,nan,0.76,1.5,15.16,7.12,0.92,13.81,13.4
samples_design_18_dldesign_7_best,0.52,0.37,2.33,nan,nan,nan,0.75,1.48,14.71,6.92,0.92,7.04,7.92
samples_design_19_dldesign_0_best,0.8,0.6,2.04,nan,nan,nan,0.78,1.48,14.13,6.9,0.89,9.13,4.73
samples_design_19_dldesign_1_best,0.97,0.78,5.98,nan,nan,nan,1.9,4.1,14.15,6.85,0.9,4.49,6.09
samples_design_19_dldesign_2_best,0.88,0.93,4.76,nan,nan,nan,1.53,3.29,13.22,6.42,0.9,24.86,17.41
samples_design_19_dldesign_3_best,0.71,0.65,2.45,nan,nan,nan,0.88,1.74,14.74,7.15,0.89,10.54,5.78
samples_design_19_dldesign_4_best,0.78,0.67,2.5,nan,nan,nan,0.9,1.78,13.4,6.57,0.89,10.34,4.84
samples_design_19_dldesign_5_best,0.79,1.02,5.27,nan,nan,nan,1.67,3.63,15.93,7.66,0.89,18.11,14.27
samples_design_19_dldesign_6_best,0.88,0.87,5.39,nan,nan,nan,1.72,3.71,13.95,6.79,0.89,24.8,16.92
samples_design_19_dldesign_7_best,0.92,0.66,5.19,nan,nan,nan,1.65,3.57,14.88,7.21,0.89,8.89,6.14
samples_design_20_dldesign_0_best,0.49,1.16,0.6,nan,nan,nan,0.49,0.8,15.95,7.45,0.91,15.43,15.65
samples_design_20_dldesign_1_best,0.49,1.06,1.13,nan,nan,nan,0.52,0.91,16.09,7.51,0.91,14.51,16.03
samples_design_20_dldesign_2_best,0.53,0.97,0.94,nan,nan,nan,0.53,0.82,13.5,6.39,0.9,15.7,13.36
samples_design_20_dldesign_3_best,0.5,0.76,0.8,nan,nan,nan,0.46,0.68,16.63,7.73,0.91,13.24,16.08
samples_design_20_dldesign_4_best,0.68,1.01,0.7,nan,nan,nan,0.51,0.81,15.57,7.28,0.91,12.01,10.39
samples_design_20_dldesign_5_best,0.79,1.36,1.03,nan,nan,nan,0.6,1.08,15.81,7.39,0.91,15.64,13.22
samples_design_20_dldesign_6_best,0.53,1.04,0.68,nan,nan,nan,0.48,0.77,16.24,7.57,0.91,14.86,17.47
samples_design_20_dldesign_7_best,0.56,0.94,0.82,nan,nan,nan,0.5,0.78,16.18,7.54,0.91,19.18,12.14
samples_design_21_dldesign_0_best,0.92,0.73,1.91,nan,nan,nan,0.73,1.35,14.76,7.0,0.91,12.37,7.62
samples_design_21_dldesign_1_best,0.54,0.78,1.77,nan,nan,nan,0.66,1.21,15.57,7.37,0.91,11.17,7.21
samples_design_21_dldesign_2_best,0.9,0.91,1.5,nan,nan,nan,0.64,1.17,14.92,7.08,0.91,1.93,2.55
samples_design_21_dldesign_3_best,1.34,0.66,1.63,nan,nan,nan,0.7,1.32,15.51,7.33,0.91,12.01,5.31
samples_design_21_dldesign_4_best,0.72,0.82,1.78,nan,nan,nan,0.66,1.25,16.91,7.94,0.91,18.03,19.08
samples_design_21_dldesign_5_best,0.65,0.69,1.54,nan,nan,nan,0.64,1.08,14.89,7.06,0.91,12.95,6.07
samples_design_21_dldesign_6_best,1.08,0.81,1.71,nan,nan,nan,0.7,1.3,16.32,7.67,0.91,14.77,7.93
samples_design_21_dldesign_7_best,1.13,0.82,1.62,nan,nan,nan,0.7,1.27,13.95,6.64,0.91,11.84,5.45
samples_design_22_dldesign_0_best,0.49,0.48,2.11,nan,nan,nan,0.78,1.5,16.54,7.91,0.91,21.51,20.03
samples_design_22_dldesign_1_best,0.45,0.45,2.16,nan,nan,nan,0.78,1.53,16.17,7.71,0.91,23.53,22.84
samples_design_22_dldesign_2_best,0.55,0.43,2.14,nan,nan,nan,0.78,1.52,15.79,7.57,0.91,16.9,13.43
samples_design_22_dldesign_3_best,0.37,0.37,2.34,nan,nan,nan,0.84,1.64,16.85,8.02,0.91,8.77,7.04
samples_design_22_dldesign_4_best,0.3,0.41,2.04,nan,nan,nan,0.75,1.44,15.57,7.46,0.91,14.07,11.1
samples_design_22_dldesign_5_best,0.59,0.45,2.16,nan,nan,nan,0.79,1.55,15.9,7.6,0.91,13.6,11.04
samples_design_22_dldesign_6_best,0.32,0.5,2.21,nan,nan,nan,0.81,1.56,16.0,7.63,0.91,16.07,10.69
samples_design_22_dldesign_7_best,0.5,0.34,2.04,nan,nan,nan,0.76,1.45,16.02,7.67,0.91,15.73,14.54
samples_design_23_dldesign_0_best,0.64,0.59,1.29,nan,nan,nan,0.54,0.85,16.14,7.53,0.91,18.99,12.75
samples_design_23_dldesign_1_best,0.89,0.63,1.4,nan,nan,nan,0.6,0.99,12.98,6.18,0.9,5.93,3.21
samples_design_23_dldesign_2_best,0.73,0.6,1.44,nan,nan,nan,0.61,0.95,12.7,6.05,0.9,10.16,6.3
samples_design_23_dldesign_3_best,0.88,0.72,1.23,nan,nan,nan,0.57,0.94,15.23,7.13,0.91,9.09,6.35
samples_design_23_dldesign_4_best,1.06,0.7,1.25,nan,nan,nan,0.6,1.02,15.61,7.29,0.91,7.18,9.9
samples_design_23_dldesign_5_best,0.76,0.68,1.2,nan,nan,nan,0.56,0.88,16.55,7.71,0.91,15.88,14.35
samples_design_23_dldesign_6_best,0.86,0.76,1.24,nan,nan,nan,0.57,0.95,16.05,7.47,0.91,13.49,11.0
samples_design_23_dldesign_7_best,1.05,0.85,1.29,nan,nan,nan,0.61,1.06,16.5,7.66,0.91,11.62,9.46
samples_design_24_dldesign_0_best,1.02,1.31,1.14,nan,nan,nan,0.59,1.15,11.63,5.65,0.9,9.7,4.2
samples_design_24_dldesign_1_best,1.16,1.02,1.48,nan,nan,nan,0.66,1.26,9.79,4.85,0.9,7.14,4.62
samples_design_24_dldesign_2_best,0.75,0.85,1.53,nan,nan,nan,0.59,1.13,15.47,7.29,0.91,11.47,8.29
samples_design_24_dldesign_3_best,1.01,1.09,1.58,nan,nan,nan,0.63,1.28,14.62,6.93,0.91,8.7,6.28
samples_design_24_dldesign_4_best,0.82,0.75,1.83,nan,nan,nan,0.65,1.29,15.72,7.44,0.91,25.16,16.57
samples_design_24_dldesign_5_best,0.9,1.23,1.63,nan,nan,nan,0.66,1.31,14.01,6.67,0.91,11.32,6.2
samples_design_24_dldesign_6_best,0.99,0.76,1.82,nan,nan,nan,0.63,1.32,18.51,8.65,0.9,14.43,10.54
samples_design_24_dldesign_7_best,1.15,1.08,1.52,nan,nan,nan,0.65,1.29,14.56,6.9,0.91,6.19,3.98
samples_design_25_dldesign_0_best,0.4,0.52,0.91,nan,nan,nan,0.48,0.67,15.28,7.23,0.91,13.46,9.86
samples_design_25_dldesign_1_best,0.65,0.98,0.63,nan,nan,nan,0.46,0.75,16.19,7.64,0.91,24.91,15.26
samples_design_25_dldesign_2_best,0.43,0.78,0.99,nan,nan,nan,0.48,0.78,16.1,7.59,0.91,18.08,20.08
samples_design_25_dldesign_3_best,0.6,0.75,1.3,nan,nan,nan,0.54,0.96,16.72,7.87,0.91,7.15,8.52
samples_design_25_dldesign_4_best,0.55,0.66,1.03,nan,nan,nan,0.5,0.79,14.87,7.04,0.91,9.39,5.74
samples_design_25_dldesign_5_best,0.46,0.6,1.07,nan,nan,nan,0.48,0.78,12.76,6.13,0.91,9.35,6.65
samples_design_25_dldesign_6_best,0.54,0.57,0.75,nan,nan,nan,0.46,0.64,11.66,5.69,0.9,8.31,3.85
samples_design_25_dldesign_7_best,0.42,0.72,0.88,nan,nan,nan,0.46,0.71,16.66,7.82,0.91,24.42,18.32
samples_design_26_dldesign_0_best,0.85,1.07,6.35,nan,nan,nan,2.07,4.46,15.48,7.47,0.9,12.95,7.99
samples_design_26_dldesign_1_best,0.5,0.94,6.52,nan,nan,nan,2.12,4.55,15.01,7.22,0.9,10.4,8.64
samples_design_26_dldesign_2_best,0.7,0.87,1.23,nan,nan,nan,0.6,1.02,9.87,5.01,0.89,26.31,15.85
samples_design_26_dldesign_3_best,1.11,0.88,6.76,nan,nan,nan,2.21,4.74,13.1,6.43,0.89,9.5,7.67
samples_design_26_dldesign_4_best,0.78,0.9,6.44,nan,nan,nan,2.09,4.5,14.84,7.19,0.89,11.22,11.31
samples_design_26_dldesign_5_best,1.39,1.06,6.42,nan,nan,nan,2.11,4.54,14.28,6.92,0.9,9.74,9.05
samples_design_26_dldesign_6_best,0.91,0.93,6.65,nan,nan,nan,2.16,4.65,15.02,7.26,0.9,10.67,9.31
samples_design_26_dldesign_7_best,0.92,0.95,6.7,nan,nan,nan,2.18,4.69,15.71,7.54,0.9,16.51,15.5
samples_design_27_dldesign_0_best,0.65,0.61,1.9,nan,nan,nan,0.7,1.31,13.24,6.38,0.9,10.96,5.26
samples_design_27_dldesign_1_best,0.94,0.74,1.45,nan,nan,nan,0.62,1.14,16.54,7.83,0.91,20.5,16.92
samples_design_27_dldesign_2_best,0.66,0.64,0.98,nan,nan,nan,0.53,0.8,14.26,6.88,0.9,12.3,5.69
samples_design_27_dldesign_3_best,0.55,0.71,1.48,nan,nan,nan,0.59,1.06,15.85,7.56,0.9,24.73,19.17
samples_design_27_dldesign_4_best,0.82,0.8,1.78,nan,nan,nan,0.71,1.3,14.53,7.04,0.89,13.09,6.65
samples_design_27_dldesign_5_best,0.56,0.55,1.33,nan,nan,nan,0.58,0.95,14.75,7.09,0.9,10.74,5.37
samples_design_27_dldesign_6_best,1.06,0.58,1.46,nan,nan,nan,0.65,1.15,13.91,6.75,0.89,7.94,3.84
samples_design_27_dldesign_7_best,0.96,0.65,1.17,nan,nan,nan,0.61,0.99,16.72,7.91,0.9,11.48,8.2
samples_design_28_dldesign_0_best,1.04,1.22,1.43,nan,nan,nan,0.68,1.23,15.46,7.24,0.91,24.7,20.56
samples_design_28_dldesign_1_best,0.43,0.96,0.23,nan,nan,nan,0.46,0.61,14.0,6.58,0.91,10.83,7.93
samples_design_28_dldesign_2_best,0.45,1.16,0.27,nan,nan,nan,0.48,0.72,15.74,7.33,0.91,24.01,21.54
samples_design_28_dldesign_3_best,0.41,1.01,0.29,nan,nan,nan,0.48,0.64,14.07,6.61,0.92,9.77,7.51
samples_design_28_dldesign_4_best,0.89,0.97,0.24,nan,nan,nan,0.5,0.78,13.55,6.4,0.91,10.45,7.58
samples_design_28_dldesign_5_best,1.03,1.08,0.28,nan,nan,nan,0.52,0.88,16.09,7.51,0.91,18.48,14.96
samples_design_28_dldesign_6_best,0.44,1.25,0.54,nan,nan,nan,0.5,0.81,15.6,7.28,0.92,25.82,22.08
samples_design_28_dldesign_7_best,0.4,0.93,0.28,nan,nan,nan,0.47,0.59,10.27,4.99,0.91,8.82,5.39
samples_design_29_dldesign_0_best,0.85,0.75,6.31,nan,nan,nan,1.99,4.31,15.0,7.23,0.9,11.88,8.83
samples_design_29_dldesign_1_best,0.86,0.89,5.51,nan,nan,nan,1.74,3.78,13.32,6.47,0.9,3.62,4.33
samples_design_29_dldesign_2_best,0.56,0.66,1.02,nan,nan,nan,0.56,0.82,5.29,2.97,0.9,0.95,1.09
samples_design_29_dldesign_3_best,0.95,0.59,6.29,nan,nan,nan,1.97,4.3,16.27,7.74,0.91,15.48,12.02
samples_design_29_dldesign_4_best,0.68,0.8,5.08,nan,nan,nan,1.61,3.48,18.46,8.72,0.9,25.02,24.52
samples_design_29_dldesign_5_best,0.75,0.75,5.6,nan,nan,nan,1.78,3.83,16.54,7.89,0.9,14.23,8.31
samples_design_29_dldesign_6_best,0.59,0.99,1.04,nan,nan,nan,0.57,0.92,7.0,3.74,0.89,1.48,1.26
samples_design_29_dldesign_7_best,0.77,0.63,5.09,nan,nan,nan,1.6,3.49,12.98,6.33,0.9,2.22,3.29
samples_design_30_dldesign_0_best,0.52,0.67,3.27,nan,nan,nan,1.05,2.2,13.17,6.36,0.9,18.61,11.54
samples_design_30_dldesign_1_best,0.8,0.43,0.88,nan,nan,nan,0.55,0.76,14.62,7.02,0.9,11.73,6.27
samples_design_30_dldesign_2_best,0.71,0.51,1.07,nan,nan,nan,0.56,0.85,11.81,5.79,0.9,11.56,6.03
samples_design_30_dldesign_3_best,0.74,0.83,2.75,nan,nan,nan,0.92,1.91,17.09,8.13,0.9,15.32,13.09
samples_design_30_dldesign_4_best,0.69,0.97,3.39,nan,nan,nan,1.1,2.32,12.87,6.23,0.9,15.39,9.63
samples_design_30_dldesign_5_best,0.66,0.6,3.43,nan,nan,nan,1.1,2.31,15.75,7.53,0.9,14.2,8.32
samples_design_30_dldesign_6_best,0.79,0.5,0.95,nan,nan,nan,0.57,0.8,15.47,7.38,0.9,8.52,3.98
samples_design_30_dldesign_7_best,0.66,0.84,3.17,nan,nan,nan,1.03,2.16,15.18,7.22,0.91,6.28,7.53
samples_design_31_dldesign_0_best,0.99,0.64,2.99,nan,nan,nan,1.0,2.07,10.91,5.41,0.89,25.27,18.74
samples_design_31_dldesign_1_best,0.82,0.4,2.18,nan,nan,nan,0.77,1.52,14.59,7.01,0.9,24.66,16.79
samples_design_31_dldesign_2_best,0.7,0.53,2.22,nan,nan,nan,0.78,1.54,12.92,6.26,0.9,11.12,4.89
samples_design_31_dldesign_3_best,0.85,0.57,2.21,nan,nan,nan,0.78,1.56,12.36,5.98,0.91,6.27,3.08
samples_design_31_dldesign_4_best,0.52,0.58,1.79,nan,nan,nan,0.67,1.25,13.93,6.74,0.9,8.59,4.21
samples_design_31_dldesign_5_best,0.91,0.77,2.68,nan,nan,nan,0.92,1.88,5.58,3.08,0.9,8.32,4.33
samples_design_31_dldesign_6_best,0.96,0.73,2.73,nan,nan,nan,0.93,1.91,4.96,2.8,0.9,9.09,4.96
samples_design_31_dldesign_7_best,0.67,0.52,2.65,nan,nan,nan,0.87,1.81,16.0,7.64,0.9,13.68,13.05
samples_design_32_dldesign_0_best,0.71,0.53,2.85,nan,nan,nan,1.03,2.06,15.02,7.25,0.9,9.88,11.04
samples_design_32_dldesign_1_best,0.85,0.47,2.73,nan,nan,nan,0.99,1.99,15.03,7.23,0.91,9.48,10.55
samples_design_32_dldesign_2_best,0.58,0.44,2.81,nan,nan,nan,1.0,2.02,14.9,7.16,0.91,9.66,9.66
samples_design_32_dldesign_3_best,0.95,0.49,2.98,nan,nan,nan,1.07,2.17,14.61,7.04,0.91,13.92,14.8
samples_design_32_dldesign_4_best,0.58,0.46,3.0,nan,nan,nan,1.07,2.16,16.04,7.64,0.92,6.99,8.77
samples_design_32_dldesign_5_best,0.92,0.44,3.02,nan,nan,nan,1.11,2.2,16.1,7.66,0.92,23.21,20.29
samples_design_32_dldesign_6_best,0.89,0.46,3.04,nan,nan,nan,1.09,2.21,14.68,7.09,0.9,11.93,11.27
samples_design_32_dldesign_7_best,0.63,0.47,3.08,nan,nan,nan,1.09,2.21,14.66,7.07,0.91,9.7,10.12
samples_design_33_dldesign_0_best,1.08,0.51,1.18,nan,nan,nan,0.57,0.99,8.04,4.09,0.9,12.88,7.1
samples_design_33_dldesign_1_best,0.71,0.36,0.78,nan,nan,nan,0.49,0.65,12.19,5.83,0.91,11.36,7.04
samples_design_33_dldesign_2_best,0.62,0.67,1.13,nan,nan,nan,0.55,0.85,16.34,7.68,0.91,17.21,14.99
samples_design_33_dldesign_3_best,0.69,0.38,0.59,nan,nan,nan,0.48,0.57,10.99,5.33,0.9,5.57,3.1
samples_design_33_dldesign_4_best,0.62,0.69,0.47,nan,nan,nan,0.45,0.59,15.25,7.15,0.91,20.46,17.44
samples_design_33_dldesign_5_best,0.66,0.37,0.61,nan,nan,nan,0.49,0.57,11.52,5.54,0.91,8.49,4.94
samples_design_33_dldesign_6_best,0.7,0.48,0.47,nan,nan,nan,0.47,0.56,11.47,5.52,0.91,10.21,5.98
samples_design_33_dldesign_7_best,0.66,0.74,0.87,nan,nan,nan,0.5,0.76,14.7,6.95,0.91,16.19,13.12
samples_design_34_dldesign_0_best,1.02,0.81,0.92,nan,nan,nan,0.58,0.93,8.83,4.48,0.9,1.47,0.99
samples_design_34_dldesign_1_best,0.79,0.68,0.94,nan,nan,nan,0.55,0.84,10.98,5.43,0.9,4.73,4.38
samples_design_34_dldesign_2_best,0.83,0.67,0.87,nan,nan,nan,0.52,0.82,11.09,5.48,0.9,2.91,2.65
samples_design_34_dldesign_3_best,1.2,0.76,0.88,nan,nan,nan,0.59,0.95,10.58,5.25,0.9,3.01,2.9
samples_design_34_dldesign_4_best,0.95,0.7,0.72,nan,nan,nan,0.53,0.79,9.75,4.9,0.9,1.4,1.4
samples_design_34_dldesign_5_best,0.85,0.74,0.88,nan,nan,nan,0.56,0.84,11.72,5.74,0.91,4.18,4.01
samples_design_34_dldesign_6_best,0.95,0.8,0.84,nan,nan,nan,0.55,0.86,11.3,5.57,0.91,3.5,2.17
samples_design_34_dldesign_7_best,0.39,0.68,0.66,nan,nan,nan,0.44,0.61,16.52,7.87,0.91,22.06,23.14
samples_design_35_dldesign_0_best,0.43,0.32,2.1,nan,nan,nan,0.67,1.33,16.33,7.67,0.91,18.27,10.42
samples_design_35_dldesign_1_best,0.48,0.55,1.88,nan,nan,nan,0.62,1.23,16.15,7.61,0.91,5.63,7.16
samples_design_35_dldesign_2_best,0.4,0.6,2.03,nan,nan,nan,0.66,1.31,15.59,7.36,0.91,14.04,12.28
samples_design_35_dldesign_3_best,0.3,0.5,2.19,nan,nan,nan,0.69,1.39,15.88,7.49,0.91,10.06,10.17
samples_design_35_dldesign_4_best,0.42,0.66,2.63,nan,nan,nan,0.8,1.68,13.6,6.46,0.91,16.57,12.01
samples_design_35_dldesign_5_best,0.36,0.48,2.17,nan,nan,nan,0.7,1.38,14.04,6.67,0.91,11.19,11.44
samples_design_35_dldesign_6_best,0.43,0.41,1.93,nan,nan,nan,0.63,1.23,17.03,7.98,0.91,13.48,14.52
samples_design_35_dldesign_7_best,0.32,0.43,1.92,nan,nan,nan,0.63,1.22,14.78,6.98,0.92,12.62,11.82
samples_design_36_dldesign_0_best,0.69,0.7,2.79,nan,nan,nan,0.91,1.92,17.16,8.13,0.9,24.88,17.42
samples_design_36_dldesign_1_best,0.91,0.67,2.46,nan,nan,nan,0.86,1.73,11.81,5.78,0.9,7.93,3.76
samples_design_36_dldesign_2_best,0.95,0.59,2.89,nan,nan,nan,0.98,2.0,9.84,4.9,0.9,11.2,4.64
samples_design_36_dldesign_3_best,0.62,0.73,2.62,nan,nan,nan,0.89,1.8,11.55,5.65,0.9,9.08,4.05
samples_design_36_dldesign_4_best,0.88,0.62,2.18,nan,nan,nan,0.8,1.55,13.44,6.48,0.9,7.21,3.57
samples_design_36_dldesign_5_best,0.99,0.58,2.65,nan,nan,nan,0.92,1.85,10.9,5.38,0.9,10.42,4.47
samples_design_36_dldesign_6_best,0.98,0.71,2.69,nan,nan,nan,0.93,1.89,11.42,5.63,0.89,8.47,3.98
samples_design_36_dldesign_7_best,0.66,0.57,2.47,nan,nan,nan,0.85,1.69,12.97,6.28,0.9,7.77,3.66
samples_design_37_dldesign_0_best,0.85,0.82,1.64,nan,nan,nan,0.67,1.23,15.13,7.26,0.9,25.99,15.75
samples_design_37_dldesign_1_best,0.67,0.82,2.24,nan,nan,nan,0.78,1.54,14.92,7.15,0.9,11.84,6.64
samples_design_37_dldesign_2_best,0.87,0.82,1.89,nan,nan,nan,0.71,1.37,17.16,8.13,0.9,24.39,18.3
samples_design_37_dldesign_3_best,0.87,0.65,1.33,nan,nan,nan,0.63,1.04,14.05,6.7,0.91,24.6,15.72
samples_design_37_dldesign_4_best,0.82,0.71,1.52,nan,nan,nan,0.63,1.14,16.23,7.69,0.91,11.79,7.45
samples_design_37_dldesign_5_best,0.78,0.71,1.44,nan,nan,nan,0.61,1.09,12.62,6.12,0.9,10.03,4.88
samples_design_37_dldesign_6_best,0.76,0.61,1.94,nan,nan,nan,0.72,1.35,17.0,8.04,0.91,11.64,7.93
samples_design_37_dldesign_7_best,0.73,0.55,1.47,nan,nan,nan,0.62,1.07,13.05,6.3,0.9,11.5,5.15
samples_design_38_dldesign_0_best,0.99,0.62,2.09,nan,nan,nan,0.68,1.31,17.43,8.12,0.9,22.93,22.89
samples_design_38_dldesign_1_best,1.17,0.63,2.83,nan,nan,nan,0.77,1.7,16.95,7.88,0.91,18.76,19.28
samples_design_38_dldesign_2_best,0.92,0.66,2.03,nan,nan,nan,0.68,1.27,16.19,7.57,0.91,18.26,15.23
samples_design_38_dldesign_3_best,1.32,0.79,2.14,nan,nan,nan,0.79,1.47,15.62,7.34,0.9,16.72,12.74
samples_design_38_dldesign_4_best,1.04,0.74,2.09,nan,nan,nan,0.73,1.35,16.33,7.64,0.9,18.91,14.48
samples_design_38_dldesign_5_best,0.83,0.46,1.34,nan,nan,nan,0.54,0.91,17.16,8.0,0.91,20.73,13.01
samples_design_38_dldesign_6_best,1.19,0.76,2.06,nan,nan,nan,0.75,1.38,15.42,7.25,0.9,10.5,4.85
samples_design_38_dldesign_7_best,0.87,0.67,2.83,nan,nan,nan,0.75,1.63,16.0,7.5,0.9,11.49,10.61
samples_design_39_dldesign_0_best,1.23,0.72,0.54,nan,nan,nan,0.52,0.9,13.14,6.22,0.91,8.83,5.17
samples_design_39_dldesign_1_best,1.14,0.74,0.5,nan,nan,nan,0.53,0.86,15.58,7.29,0.91,11.69,12.9
samples_design_39_dldesign_2_best,1.43,1.11,0.62,nan,nan,nan,0.58,1.12,16.17,7.54,0.91,17.84,15.4
samples_design_39_dldesign_3_best,1.05,1.35,0.54,nan,nan,nan,0.53,1.04,18.4,8.53,0.9,12.47,12.48
samples_design_39_dldesign_4_best,1.14,1.06,0.53,nan,nan,nan,0.53,0.96,16.29,7.61,0.91,24.94,14.46
samples_design_39_dldesign_5_best,0.91,1.11,1.44,nan,nan,nan,0.62,1.16,16.16,7.58,0.91,21.34,19.69
samples_design_39_dldesign_6_best,1.33,0.78,0.62,nan,nan,nan,0.53,0.98,15.87,7.42,0.91,14.64,13.36
samples_design_39_dldesign_7_best,1.07,0.96,0.54,nan,nan,nan,0.5,0.9,15.95,7.44,0.91,11.69,12.04
samples_design_40_dldesign_0_best,0.51,0.74,2.3,nan,nan,nan,0.78,1.59,12.96,6.28,0.9,2.85,2.65
samples_design_40_dldesign_1_best,1.0,1.02,2.34,nan,nan,nan,0.86,1.72,10.88,5.34,0.9,3.44,2.67
samples_design_40_dldesign_2_best,0.67,1.02,2.29,nan,nan,nan,0.81,1.64,10.62,5.23,0.9,2.97,3.75
samples_design_40_dldesign_3_best,0.97,0.67,2.48,nan,nan,nan,0.85,1.75,16.14,7.67,0.91,24.83,16.88
samples_design_40_dldesign_4_best,0.44,0.65,2.71,nan,nan,nan,0.89,1.84,13.77,6.62,0.91,8.3,4.89
samples_design_40_dldesign_5_best,0.7,0.84,0.45,nan,nan,nan,0.47,0.65,13.26,6.37,0.91,13.21,6.26
samples_design_40_dldesign_6_best,0.56,0.82,2.17,nan,nan,nan,0.77,1.53,14.05,6.7,0.91,11.45,5.72
samples_design_40_dldesign_7_best,0.57,0.66,2.94,nan,nan,nan,0.95,1.99,15.62,7.41,0.91,22.99,15.58
samples_design_41_dldesign_0_best,0.58,1.02,6.19,nan,nan,nan,1.94,4.23,13.85,6.72,0.9,14.55,10.1
samples_design_41_dldesign_1_best,0.79,1.12,5.54,nan,nan,nan,1.75,3.82,17.09,8.11,0.9,9.19,5.98
samples_design_41_dldesign_2_best,1.1,0.8,6.38,nan,nan,nan,2.02,4.38,15.68,7.53,0.9,9.77,7.8
samples_design_41_dldesign_3_best,0.65,1.22,2.72,nan,nan,nan,0.94,1.97,17.5,8.37,0.89,7.11,3.71
samples_design_41_dldesign_4_best,0.76,1.25,5.82,nan,nan,nan,1.83,4.01,16.76,8.0,0.9,17.64,15.47
samples_design_41_dldesign_5_best,0.78,1.04,6.12,nan,nan,nan,1.92,4.2,14.84,7.17,0.9,12.64,7.25
samples_design_41_dldesign_6_best,0.84,1.02,5.8,nan,nan,nan,1.83,3.98,14.82,7.13,0.9,11.04,9.27
samples_design_41_dldesign_7_best,0.82,1.05,5.29,nan,nan,nan,1.68,3.65,16.93,8.06,0.9,5.23,4.59
samples_design_42_dldesign_0_best,0.82,0.74,1.05,nan,nan,nan,0.54,0.89,15.39,7.28,0.91,8.92,10.56
samples_design_42_dldesign_1_best,0.82,0.67,1.12,nan,nan,nan,0.55,0.91,15.91,7.5,0.91,16.65,12.3
samples_design_42_dldesign_2_best,0.76,0.73,1.13,nan,nan,nan,0.55,0.91,15.47,7.31,0.91,12.99,12.28
samples_design_42_dldesign_3_best,0.81,0.72,1.05,nan,nan,nan,0.54,0.89,15.67,7.39,0.91,11.96,10.48
samples_design_42_dldesign_4_best,0.76,0.63,1.32,nan,nan,nan,0.58,0.99,15.98,7.52,0.91,12.86,7.69
samples_design_42_dldesign_5_best,0.76,0.61,1.1,nan,nan,nan,0.55,0.87,15.14,7.17,0.91,13.21,8.89
samples_design_42_dldesign_6_best,0.7,0.65,1.23,nan,nan,nan,0.57,0.92,16.08,7.56,0.91,17.22,14.2
samples_design_42_dldesign_7_best,0.76,0.69,1.48,nan,nan,nan,0.6,1.08,15.69,7.39,0.91,12.98,12.74
samples_design_43_dldesign_0_best,0.83,0.69,6.45,nan,nan,nan,2.09,4.5,15.89,7.56,0.91,13.69,10.81
samples_design_43_dldesign_1_best,1.05,0.86,6.35,nan,nan,nan,2.08,4.46,15.68,7.48,0.91,5.94,5.87
samples_design_43_dldesign_2_best,0.96,0.76,6.48,nan,nan,nan,2.11,4.53,14.19,6.85,0.9,10.86,10.77
samples_design_43_dldesign_3_best,0.56,0.86,6.2,nan,nan,nan,2.02,4.32,12.71,6.18,0.91,24.17,19.0
samples_design_43_dldesign_4_best,1.04,0.84,6.32,nan,nan,nan,2.07,4.43,15.33,7.32,0.91,17.04,13.45
samples_design_43_dldesign_5_best,0.94,0.73,6.33,nan,nan,nan,2.07,4.43,16.29,7.77,0.91,7.07,6.75
samples_design_43_dldesign_6_best,0.77,0.72,6.42,nan,nan,nan,2.09,4.48,15.47,7.39,0.91,18.88,15.33
samples_design_43_dldesign_7_best,1.04,0.73,6.47,nan,nan,nan,2.11,4.53,16.87,8.01,0.91,11.62,9.64
samples_design_44_dldesign_0_best,0.52,1.05,2.24,nan,nan,nan,0.73,1.52,15.93,7.5,0.91,22.89,11.49
samples_design_44_dldesign_1_best,0.43,1.09,1.83,nan,nan,nan,0.66,1.3,16.11,7.57,0.91,21.75,11.62
samples_design_44_dldesign_2_best,0.58,0.81,1.19,nan,nan,nan,0.56,0.91,13.47,6.45,0.9,11.6,5.93
samples_design_44_dldesign_3_best,0.72,0.8,1.29,nan,nan,nan,0.58,0.99,15.13,7.15,0.91,10.01,5.85
samples_design_44_dldesign_4_best,0.82,0.9,1.48,nan,nan,nan,0.64,1.13,13.36,6.38,0.91,6.31,4.1
samples_design_44_dldesign_5_best,0.57,0.87,1.59,nan,nan,nan,0.61,1.13,13.52,6.45,0.91,10.98,5.35
samples_design_44_dldesign_6_best,0.6,0.88,1.5,nan,nan,nan,0.61,1.1,14.5,6.89,0.91,9.63,5.49
samples_design_44_dldesign_7_best,0.85,0.85,1.52,nan,nan,nan,0.64,1.15,12.67,6.1,0.9,5.53,4.48
samples_design_45_dldesign_0_best,0.48,0.39,7.91,nan,nan,nan,2.54,5.49,14.96,7.25,0.9,10.46,7.26
samples_design_45_dldesign_1_best,0.74,0.28,7.42,nan,nan,nan,2.4,5.15,12.63,6.24,0.89,8.19,7.05
samples_design_45_dldesign_2_best,0.81,0.39,7.28,nan,nan,nan,2.35,5.06,15.77,7.59,0.9,24.76,16.39
samples_design_45_dldesign_3_best,0.76,0.44,7.1,nan,nan,nan,2.3,4.94,17.27,8.29,0.9,26.05,14.88
samples_design_45_dldesign_4_best,0.49,0.34,8.39,nan,nan,nan,2.69,5.82,14.99,7.24,0.9,10.6,7.32
samples_design_45_dldesign_5_best,0.47,0.59,5.99,nan,nan,nan,1.95,4.17,17.26,8.17,0.91,23.91,17.45
samples_design_45_dldesign_6_best,0.72,0.33,7.56,nan,nan,nan,2.44,5.25,13.79,6.69,0.9,8.13,6.76
samples_design_45_dldesign_7_best,0.56,0.33,8.42,nan,nan,nan,2.7,5.84,15.7,7.55,0.9,11.13,8.7
samples_design_46_dldesign_0_best,0.91,0.71,6.66,nan,nan,nan,2.16,4.65,14.4,6.94,0.91,13.59,8.78
samples_design_46_dldesign_1_best,0.98,0.95,5.71,nan,nan,nan,1.87,4.02,17.21,8.27,0.9,19.71,15.28
samples_design_46_dldesign_2_best,0.77,0.79,6.77,nan,nan,nan,2.19,4.72,14.85,7.15,0.91,15.16,9.02
samples_design_46_dldesign_3_best,1.13,0.77,6.97,nan,nan,nan,2.26,4.88,13.6,6.58,0.9,14.44,10.55
samples_design_46_dldesign_4_best,0.81,0.75,6.93,nan,nan,nan,2.24,4.84,14.59,7.02,0.9,8.97,8.18
samples_design_46_dldesign_5_best,0.86,0.74,6.86,nan,nan,nan,2.22,4.79,15.34,7.34,0.91,11.25,10.04
samples_design_46_dldesign_6_best,0.86,0.81,6.43,nan,nan,nan,2.1,4.49,13.53,6.58,0.9,10.63,9.27
samples_design_46_dldesign_7_best,0.96,0.87,6.83,nan,nan,nan,2.22,4.78,13.6,6.59,0.9,14.15,11.56
samples_design_47_dldesign_0_best,0.48,0.77,2.24,nan,nan,nan,0.74,1.51,14.92,7.12,0.9,11.59,9.47
samples_design_47_dldesign_1_best,0.54,0.71,2.09,nan,nan,nan,0.71,1.42,13.47,6.56,0.89,11.67,7.92
samples_design_47_dldesign_2_best,0.73,0.94,2.23,nan,nan,nan,0.76,1.56,17.17,8.1,0.91,21.77,14.39
samples_design_47_dldesign_3_best,0.5,0.88,2.41,nan,nan,nan,0.79,1.63,15.71,7.47,0.91,16.3,14.02
samples_design_47_dldesign_4_best,0.59,0.78,1.92,nan,nan,nan,0.68,1.34,15.45,7.36,0.9,8.97,7.41
samples_design_47_dldesign_5_best,0.5,0.92,2.49,nan,nan,nan,0.81,1.69,15.61,7.42,0.91,12.34,13.26
samples_design_47_dldesign_6_best,0.56,0.96,3.11,nan,nan,nan,0.97,2.07,14.86,7.15,0.9,19.08,13.87
samples_design_47_dldesign_7_best,0.42,0.95,1.63,nan,nan,nan,0.61,1.18,18.91,8.87,0.9,8.33,7.35
samples_design_48_dldesign_0_best,0.56,0.76,0.67,nan,nan,nan,0.47,0.67,12.3,5.89,0.9,10.58,6.91
samples_design_48_dldesign_1_best,0.84,0.73,0.75,nan,nan,nan,0.5,0.78,16.42,7.66,0.9,16.88,11.21
samples_design_48_dldesign_2_best,0.89,0.75,0.56,nan,nan,nan,0.56,0.75,11.95,5.74,0.9,9.73,6.08
samples_design_48_dldesign_3_best,0.89,0.71,0.71,nan,nan,nan,0.52,0.78,12.74,6.08,0.9,12.26,7.45
samples_design_48_dldesign_4_best,0.93,0.68,1.19,nan,nan,nan,0.64,0.96,13.89,6.57,0.91,12.35,7.36
samples_design_48_dldesign_5_best,0.77,0.84,0.94,nan,nan,nan,0.56,0.85,13.42,6.38,0.91,9.62,6.84
samples_design_48_dldesign_6_best,0.63,0.72,0.71,nan,nan,nan,0.5,0.68,12.94,6.16,0.91,10.58,6.92
samples_design_48_dldesign_7_best,0.9,0.87,0.65,nan,nan,nan,0.49,0.82,17.96,8.36,0.9,20.79,16.18
samples_design_49_dldesign_0_best,0.56,0.38,1.37,nan,nan,nan,0.56,0.95,13.93,6.66,0.9,10.63,8.7
samples_design_49_dldesign_1_best,0.7,0.23,1.63,nan,nan,nan,0.6,1.12,16.72,7.89,0.91,14.27,15.03
samples_design_49_dldesign_2_best,0.48,0.4,1.23,nan,nan,nan,0.53,0.86,16.59,7.8,0.91,11.65,10.06
samples_design_49_dldesign_3_best,0.61,0.4,1.84,nan,nan,nan,0.65,1.25,16.24,7.71,0.9,16.58,12.65
samples_design_49_dldesign_4_best,0.58,0.21,1.04,nan,nan,nan,0.5,0.75,12.7,6.17,0.9,11.75,7.68
samples_design_49_dldesign_5_best,0.69,0.3,1.06,nan,nan,nan,0.49,0.8,17.1,8.08,0.9,13.67,15.47
samples_design_49_dldesign_6_best,0.76,0.24,1.4,nan,nan,nan,0.54,1.0,17.06,8.05,0.9,7.8,5.58
samples_design_49_dldesign_7_best,0.76,0.3,1.07,nan,nan,nan,0.5,0.83,16.79,7.96,0.9,11.69,13.16
samples_design_0_dldesign_0_best,1.03,0.65,0.91,nan,nan,nan,0.57,0.89,10.07,5.07,0.89,1.97,2.44
samples_design_0_dldesign_1_best,1.17,0.55,0.81,nan,nan,nan,0.58,0.88,10.78,5.36,0.9,2.55,2.21
samples_design_0_dldesign_2_best,0.48,0.52,0.91,nan,nan,nan,0.51,0.73,11.03,5.45,0.9,3.64,1.86
samples_design_0_dldesign_3_best,1.3,0.48,0.84,nan,nan,nan,0.6,0.93,5.39,2.98,0.9,2.21,1.76
samples_design_0_dldesign_4_best,1.08,0.71,1.07,nan,nan,nan,0.63,1.0,10.54,5.25,0.9,5.91,5.61
samples_design_0_dldesign_5_best,0.95,0.57,1.08,nan,nan,nan,0.58,0.95,10.42,5.2,0.89,1.74,1.35
samples_design_0_dldesign_6_best,0.86,0.47,0.8,nan,nan,nan,0.53,0.75,4.69,2.68,0.9,1.91,1.23
samples_design_0_dldesign_7_best,0.57,0.58,0.99,nan,nan,nan,0.55,0.81,10.4,5.18,0.9,6.45,6.2
samples_design_1_dldesign_0_best,0.81,0.49,2.05,nan,nan,nan,0.81,1.5,16.9,8.05,0.9,20.83,16.27
samples_design_1_dldesign_1_best,0.59,0.35,1.44,nan,nan,nan,0.64,1.06,17.12,8.19,0.9,19.9,16.77
samples_design_1_dldesign_2_best,0.55,0.32,2.41,nan,nan,nan,0.88,1.7,16.38,7.84,0.9,21.48,21.42
samples_design_1_dldesign_3_best,0.66,0.26,1.41,nan,nan,nan,0.61,1.05,16.07,7.68,0.91,18.5,18.97
samples_design_1_dldesign_4_best,0.56,0.42,2.23,nan,nan,nan,0.83,1.59,14.21,6.9,0.9,16.37,17.22
samples_design_1_dldesign_5_best,0.62,0.36,2.97,nan,nan,nan,1.05,2.09,15.38,7.36,0.91,17.41,12.24
samples_design_1_dldesign_6_best,0.47,0.27,1.83,nan,nan,nan,0.71,1.3,17.31,8.27,0.89,14.49,8.6
samples_design_1_dldesign_7_best,0.65,0.34,2.16,nan,nan,nan,0.82,1.54,18.51,8.78,0.9,15.2,13.77
samples_design_2_dldesign_0_best,0.56,0.4,1.83,nan,nan,nan,0.65,1.23,16.62,7.84,0.91,9.24,8.24
samples_design_2_dldesign_1_best,0.96,0.41,1.29,nan,nan,nan,0.57,1.01,16.52,7.8,0.91,9.3,10.95
samples_design_2_dldesign_2_best,0.78,0.38,1.53,nan,nan,nan,0.59,1.09,16.27,7.68,0.91,17.47,19.11
samples_design_2_dldesign_3_best,0.56,0.41,1.98,nan,nan,nan,0.68,1.32,17.57,8.26,0.91,12.18,10.87
samples_design_2_dldesign_4_best,0.67,0.29,1.39,nan,nan,nan,0.55,0.98,16.33,7.72,0.91,17.57,15.85
samples_design_2_dldesign_5_best,0.71,0.45,1.51,nan,nan,nan,0.58,1.07,16.03,7.58,0.91,16.96,18.95
samples_design_2_dldesign_6_best,0.5,0.4,1.42,nan,nan,nan,0.56,0.97,17.01,7.99,0.91,17.15,12.32
samples_design_2_dldesign_7_best,0.58,0.53,1.53,nan,nan,nan,0.6,1.07,16.14,7.63,0.91,14.18,17.44
samples_design_3_dldesign_0_best,0.58,0.36,1.24,nan,nan,nan,0.57,0.94,12.15,5.95,0.9,1.06,1.29
samples_design_3_dldesign_1_best,0.92,0.51,0.77,nan,nan,nan,0.51,0.76,16.84,8.01,0.9,14.18,13.3
samples_design_3_dldesign_2_best,0.53,0.57,0.76,nan,nan,nan,0.46,0.67,11.54,5.66,0.91,1.11,1.14
samples_design_3_dldesign_3_best,0.4,0.3,1.43,nan,nan,nan,0.62,1.04,12.45,6.07,0.91,1.56,1.07
samples_design_3_dldesign_4_best,0.59,0.63,0.81,nan,nan,nan,0.49,0.72,16.03,7.63,0.92,21.17,21.73
samples_design_3_dldesign_5_best,0.57,0.52,0.99,nan,nan,nan,0.52,0.8,7.12,3.74,0.9,1.07,0.93
samples_design_3_dldesign_6_best,0.38,0.38,1.39,nan,nan,nan,0.6,1.02,14.15,6.81,0.91,3.17,2.98
samples_design_3_dldesign_7_best,0.48,0.49,1.04,nan,nan,nan,0.52,0.81,15.22,7.27,0.92,19.74,19.44
samples_design_4_dldesign_0_best,0.63,1.14,1.1,nan,nan,nan,0.53,0.96,16.34,7.61,0.91,7.56,7.69
samples_design_4_dldesign_1_best,0.73,1.15,1.13,nan,nan,nan,0.55,1.0,15.44,7.21,0.91,15.94,15.51
samples_design_4_dldesign_2_best,0.68,0.99,1.08,nan,nan,nan,0.56,0.91,14.16,6.66,0.91,8.25,6.41
samples_design_4_dldesign_3_best,0.8,1.18,1.16,nan,nan,nan,0.58,1.04,15.49,7.24,0.91,18.17,19.79
samples_design_4_dldesign_4_best,0.56,1.11,0.92,nan,nan,nan,0.51,0.87,15.96,7.44,0.91,23.28,20.61
samples_design_4_dldesign_5_best,0.44,1.03,1.05,nan,nan,nan,0.51,0.86,15.61,7.3,0.91,15.7,11.74
samples_design_4_dldesign_6_best,0.46,1.09,1.01,nan,nan,nan,0.51,0.87,16.36,7.61,0.91,9.37,8.48
samples_design_4_dldesign_7_best,0.59,1.02,0.95,nan,nan,nan,0.53,0.86,15.42,7.21,0.91,8.49,6.79
samples_design_5_dldesign_0_best,0.41,0.74,2.77,nan,nan,nan,0.83,1.77,14.02,6.67,0.91,18.13,15.67
samples_design_5_dldesign_1_best,0.55,0.93,2.79,nan,nan,nan,0.85,1.82,14.13,6.72,0.91,17.38,15.46
samples_design_5_dldesign_2_best,0.78,0.96,2.77,nan,nan,nan,0.86,1.84,14.72,6.96,0.91,16.8,15.17
samples_design_5_dldesign_3_best,0.54,0.87,2.2,nan,nan,nan,0.72,1.47,15.0,7.14,0.9,17.79,14.89
samples_design_5_dldesign_4_best,0.61,0.89,2.77,nan,nan,nan,0.85,1.81,14.72,6.98,0.91,21.62,15.49
samples_design_5_dldesign_5_best,0.51,0.84,2.74,nan,nan,nan,0.83,1.77,14.96,7.07,0.91,17.31,15.86
samples_design_5_dldesign_6_best,0.48,0.78,2.9,nan,nan,nan,0.86,1.86,13.85,6.6,0.91,21.11,15.59
samples_design_5_dldesign_7_best,0.93,0.88,2.9,nan,nan,nan,0.9,1.93,13.77,6.56,0.91,19.92,14.7
samples_design_6_dldesign_0_best,0.87,0.55,1.64,nan,nan,nan,0.6,1.14,16.64,7.77,0.91,20.91,10.5
samples_design_6_dldesign_1_best,1.02,0.55,2.01,nan,nan,nan,0.69,1.37,14.11,6.69,0.91,13.79,8.7
samples_design_6_dldesign_2_best,0.97,0.67,2.0,nan,nan,nan,0.68,1.36,15.76,7.39,0.91,17.22,15.57
samples_design_6_dldesign_3_best,0.52,0.31,0.59,nan,nan,nan,0.42,0.5,16.07,7.53,0.91,16.55,12.91
samples_design_6_dldesign_4_best,0.79,0.4,1.96,nan,nan,nan,0.65,1.27,13.26,6.34,0.9,15.27,9.42
samples_design_6_dldesign_5_best,0.97,0.59,2.06,nan,nan,nan,0.69,1.38,16.37,7.65,0.91,16.25,14.14
samples_design_6_dldesign_6_best,0.64,0.26,0.92,nan,nan,nan,0.48,0.68,11.55,5.56,0.91,13.58,7.86
samples_design_6_dldesign_7_best,1.15,0.75,1.81,nan,nan,nan,0.7,1.33,15.65,7.34,0.91,13.49,16.14
samples_design_7_dldesign_0_best,0.65,0.98,1.49,nan,nan,nan,0.6,1.1,15.8,7.41,0.91,18.43,18.2
samples_design_7_dldesign_1_best,0.84,0.4,1.05,nan,nan,nan,0.53,0.82,13.33,6.33,0.91,11.91,7.29
samples_design_7_dldesign_2_best,0.46,0.56,0.44,nan,nan,nan,0.44,0.49,11.33,5.46,0.91,11.74,6.72
samples_design_7_dldesign_3_best,0.41,0.45,0.41,nan,nan,nan,0.45,0.42,11.61,5.59,0.91,10.39,6.47
samples_design_7_dldesign_4_best,0.85,0.39,0.8,nan,nan,nan,0.5,0.73,12.21,5.87,0.91,11.6,6.9
samples_design_7_dldesign_5_best,0.83,0.64,0.75,nan,nan,nan,0.48,0.75,15.43,7.27,0.91,14.14,12.88
samples_design_7_dldesign_6_best,0.61,0.69,1.14,nan,nan,nan,0.53,0.85,14.27,6.75,0.91,5.4,4.57
samples_design_7_dldesign_7_best,0.96,0.7,0.92,nan,nan,nan,0.52,0.88,15.86,7.43,0.92,26.47,22.86
samples_design_8_dldesign_0_best,0.69,0.79,2.18,nan,nan,nan,0.79,1.57,13.41,6.56,0.89,12.81,5.62
samples_design_8_dldesign_1_best,0.8,0.65,2.01,nan,nan,nan,0.76,1.47,13.54,6.62,0.89,11.37,4.75
samples_design_8_dldesign_2_best,0.59,0.62,2.49,nan,nan,nan,0.87,1.74,12.86,6.34,0.89,11.56,5.01
samples_design_8_dldesign_3_best,0.97,0.89,2.32,nan,nan,nan,0.88,1.71,15.73,7.59,0.89,20.99,10.62
samples_design_8_dldesign_4_best,0.64,0.64,1.83,nan,nan,nan,0.7,1.33,12.57,6.19,0.89,12.41,5.32
samples_design_8_dldesign_5_best,0.93,0.85,2.72,nan,nan,nan,0.94,1.95,17.16,8.2,0.89,9.47,6.46
samples_design_8_dldesign_6_best,0.78,0.94,1.61,nan,nan,nan,0.68,1.26,17.2,8.2,0.9,23.47,14.8
samples_design_8_dldesign_7_best,0.64,0.67,2.13,nan,nan,nan,0.79,1.52,13.06,6.42,0.89,11.93,5.39
samples_design_9_dldesign_0_best,0.59,0.58,2.3,nan,nan,nan,0.71,1.44,15.66,7.36,0.91,15.1,14.99
samples_design_9_dldesign_1_best,0.49,0.73,1.54,nan,nan,nan,0.54,1.04,18.69,8.72,0.9,6.52,5.52
samples_design_9_dldesign_2_best,0.95,0.94,1.84,nan,nan,nan,0.68,1.33,16.05,7.53,0.91,19.7,19.1
samples_design_9_dldesign_3_best,0.75,0.51,0.72,nan,nan,nan,0.49,0.67,15.54,7.27,0.92,26.37,22.66
samples_design_9_dldesign_4_best,0.43,0.41,0.71,nan,nan,nan,0.45,0.54,15.73,7.36,0.92,13.48,16.02
samples_design_9_dldesign_5_best,0.93,0.82,1.76,nan,nan,nan,0.67,1.26,15.58,7.32,0.91,19.91,13.15
samples_design_9_dldesign_6_best,0.58,0.62,2.23,nan,nan,nan,0.69,1.4,15.61,7.34,0.91,12.94,15.97
samples_design_9_dldesign_7_best,0.61,0.65,1.92,nan,nan,nan,0.64,1.25,13.91,6.59,0.91,15.36,9.38
samples_design_10_dldesign_0_best,0.44,0.34,2.22,nan,nan,nan,0.79,1.56,18.28,8.68,0.9,20.06,10.69
samples_design_10_dldesign_1_best,0.37,0.3,2.46,nan,nan,nan,0.86,1.72,18.41,8.74,0.9,15.51,13.56
samples_design_10_dldesign_2_best,0.38,0.34,3.81,nan,nan,nan,1.27,2.65,20.67,9.7,0.9,27.8,25.69
samples_design_10_dldesign_3_best,0.46,0.42,1.37,nan,nan,nan,0.57,1.0,17.52,8.37,0.9,7.67,8.29
samples_design_10_dldesign_4_best,0.44,0.49,2.75,nan,nan,nan,0.96,1.93,17.32,8.28,0.9,24.74,22.85
samples_design_10_dldesign_5_best,0.49,0.35,2.47,nan,nan,nan,0.88,1.74,18.85,8.97,0.9,21.1,21.01
samples_design_10_dldesign_6_best,0.64,0.35,2.65,nan,nan,nan,0.94,1.88,17.92,8.55,0.9,14.84,10.29
samples_design_10_dldesign_7_best,0.4,0.3,3.83,nan,nan,nan,1.27,2.67,14.67,7.06,0.91,15.19,10.03
samples_design_11_dldesign_0_best,0.56,1.32,0.7,nan,nan,nan,0.54,0.91,16.26,7.59,0.91,14.98,15.84
samples_design_11_dldesign_1_best,0.44,1.43,1.02,nan,nan,nan,0.56,1.02,16.55,7.72,0.91,23.61,16.31
samples_design_11_dldesign_2_best,0.53,1.43,2.31,nan,nan,nan,0.7,1.51,14.94,7.01,0.91,12.42,9.83
samples_design_11_dldesign_3_best,0.53,1.47,0.94,nan,nan,nan,0.58,1.04,16.33,7.62,0.91,23.16,14.3
samples_design_11_dldesign_4_best,0.59,1.37,1.09,nan,nan,nan,0.57,1.04,16.22,7.56,0.91,18.07,11.5
samples_design_11_dldesign_5_best,0.54,1.25,0.58,nan,nan,nan,0.51,0.85,14.3,6.69,0.91,8.11,5.44
samples_design_11_dldesign_6_best,0.42,1.37,0.74,nan,nan,nan,0.51,0.92,15.75,7.36,0.91,18.14,14.76
samples_design_11_dldesign_7_best,0.41,1.26,0.92,nan,nan,nan,0.5,0.91,17.2,7.99,0.91,16.48,17.27
samples_design_12_dldesign_0_best,0.36,1.07,0.69,nan,nan,nan,0.48,0.75,15.46,7.22,0.92,23.05,21.11
samples_design_12_dldesign_1_best,0.76,1.13,1.65,nan,nan,nan,0.62,1.21,13.68,6.49,0.91,10.73,6.72
samples_design_12_dldesign_2_best,0.8,0.92,1.7,nan,nan,nan,0.63,1.19,14.62,6.93,0.9,9.49,5.87
samples_design_12_dldesign_3_best,0.83,1.03,2.03,nan,nan,nan,0.69,1.37,16.05,7.52,0.91,11.25,7.98
samples_design_12_dldesign_4_best,0.4,0.8,0.66,nan,nan,nan,0.46,0.63,13.79,6.5,0.91,11.04,7.02
samples_design_12_dldesign_5_best,0.81,1.14,1.84,nan,nan,nan,0.66,1.31,14.64,6.92,0.91,10.2,6.6
samples_design_12_dldesign_6_best,0.37,0.71,0.74,nan,nan,nan,0.44,0.62,14.68,6.88,0.91,12.2,8.23
samples_design_12_dldesign_7_best,0.49,0.88,0.76,nan,nan,nan,0.52,0.72,9.85,4.84,0.9,11.82,6.39
samples_design_13_dldesign_0_best,0.91,0.66,2.28,nan,nan,nan,0.82,1.62,12.42,6.06,0.9,9.55,4.35
samples_design_13_dldesign_1_best,0.87,0.72,2.33,nan,nan,nan,0.84,1.65,12.39,6.02,0.9,6.18,4.05
samples_design_13_dldesign_2_best,0.43,0.73,2.32,nan,nan,nan,0.8,1.59,13.61,6.56,0.9,10.18,4.64
samples_design_13_dldesign_3_best,0.91,0.62,2.11,nan,nan,nan,0.77,1.51,12.63,6.1,0.9,8.59,3.92
samples_design_13_dldesign_4_best,0.95,0.55,2.08,nan,nan,nan,0.77,1.49,12.85,6.2,0.91,7.07,4.09
samples_design_13_dldesign_5_best,0.92,0.68,2.0,nan,nan,nan,0.77,1.45,14.41,6.93,0.9,22.34,14.47
samples_design_13_dldesign_6_best,0.88,0.67,2.24,nan,nan,nan,0.84,1.59,13.15,6.35,0.9,10.07,4.75
samples_design_13_dldesign_7_best,0.92,0.58,2.1,nan,nan,nan,0.8,1.5,13.74,6.57,0.91,25.24,15.47
samples_design_14_dldesign_0_best,0.94,0.98,1.19,nan,nan,nan,0.55,1.04,16.61,7.76,0.91,14.21,8.12
samples_design_14_dldesign_1_best,0.86,1.04,4.17,nan,nan,nan,1.06,2.47,17.55,8.21,0.9,12.18,11.12
samples_design_14_dldesign_2_best,1.01,1.09,1.52,nan,nan,nan,0.62,1.22,16.69,7.81,0.91,16.98,10.45
samples_design_14_dldesign_3_best,1.07,1.05,1.29,nan,nan,nan,0.59,1.14,16.06,7.54,0.9,25.1,17.88
samples_design_14_dldesign_4_best,0.86,1.2,1.87,nan,nan,nan,0.65,1.35,16.69,7.84,0.9,17.11,11.83
samples_design_14_dldesign_5_best,1.06,1.16,4.4,nan,nan,nan,1.13,2.64,16.99,7.98,0.9,10.93,8.49
samples_design_14_dldesign_6_best,1.01,0.96,1.59,nan,nan,nan,0.62,1.21,16.33,7.65,0.91,12.02,9.87
samples_design_14_dldesign_7_best,0.73,1.07,1.51,nan,nan,nan,0.58,1.13,16.94,7.92,0.9,23.62,16.27
samples_design_15_dldesign_0_best,0.75,0.91,1.48,nan,nan,nan,0.62,1.08,16.73,7.83,0.91,20.83,18.87
samples_design_15_dldesign_1_best,1.03,1.0,2.42,nan,nan,nan,0.76,1.6,16.68,7.82,0.9,22.0,26.52
samples_design_15_dldesign_2_best,0.71,0.64,0.89,nan,nan,nan,0.56,0.75,7.63,3.89,0.9,13.5,7.2
samples_design_15_dldesign_3_best,0.49,0.91,1.01,nan,nan,nan,0.52,0.82,16.29,7.62,0.91,19.75,17.44
samples_design_15_dldesign_4_best,0.68,0.75,1.05,nan,nan,nan,0.56,0.83,16.33,7.63,0.91,9.93,10.0
samples_design_15_dldesign_5_best,0.67,0.73,0.92,nan,nan,nan,0.52,0.78,16.25,7.58,0.91,25.89,22.24
samples_design_15_dldesign_6_best,0.75,0.68,1.26,nan,nan,nan,0.59,0.93,17.55,8.16,0.91,12.83,16.16
samples_design_15_dldesign_7_best,0.56,0.95,1.19,nan,nan,nan,0.55,0.92,16.38,7.66,0.91,9.04,7.6
samples_design_16_dldesign_0_best,0.64,1.09,1.28,nan,nan,nan,0.54,1.01,15.15,7.08,0.91,16.44,16.76
samples_design_16_dldesign_1_best,0.66,1.02,1.24,nan,nan,nan,0.53,0.97,15.29,7.12,0.92,11.44,15.43
samples_design_16_dldesign_2_best,0.63,1.09,1.24,nan,nan,nan,0.52,0.99,15.65,7.33,0.91,13.51,15.09
samples_design_16_dldesign_3_best,0.83,0.94,1.27,nan,nan,nan,0.53,1.01,15.17,7.09,0.91,14.11,12.21
samples_design_16_dldesign_4_best,0.54,0.96,1.29,nan,nan,nan,0.52,0.94,15.63,7.27,0.91,12.53,13.13
samples_design_16_dldesign_5_best,0.51,1.01,1.28,nan,nan,nan,0.51,0.95,15.31,7.13,0.92,14.92,15.91
samples_design_16_dldesign_6_best,0.56,0.95,1.3,nan,nan,nan,0.51,0.95,14.6,6.84,0.91,9.63,8.48
samples_design_16_dldesign_7_best,0.57,1.06,1.4,nan,nan,nan,0.54,1.02,15.18,7.11,0.91,10.14,10.03
samples_design_17_dldesign_0_best,0.99,0.69,3.21,nan,nan,nan,1.15,2.35,13.07,6.36,0.9,12.25,11.43
samples_design_17_dldesign_1_best,1.0,0.81,3.34,nan,nan,nan,1.19,2.45,14.09,6.83,0.9,15.88,15.78
samples_design_17_dldesign_2_best,0.76,0.65,3.08,nan,nan,nan,1.1,2.24,15.84,7.6,0.9,7.94,6.01
samples_design_17_dldesign_3_best,0.8,0.91,3.05,nan,nan,nan,1.13,2.24,10.8,5.41,0.89,3.47,3.76
samples_design_17_dldesign_4_best,0.65,0.95,3.0,nan,nan,nan,1.1,2.2,13.3,6.48,0.9,14.74,13.39
samples_design_17_dldesign_5_best,0.74,1.01,3.55,nan,nan,nan,1.26,2.58,13.31,6.47,0.9,15.58,8.76
samples_design_17_dldesign_6_best,0.85,0.84,3.03,nan,nan,nan,1.1,2.22,13.72,6.68,0.9,11.75,11.34
samples_design_17_dldesign_7_best,0.84,0.8,3.18,nan,nan,nan,1.14,2.32,16.2,7.75,0.91,11.29,8.54
samples_design_18_dldesign_0_best,0.7,0.84,2.06,nan,nan,nan,0.72,1.41,14.9,7.08,0.91,7.89,6.31
samples_design_18_dldesign_1_best,0.58,0.77,2.13,nan,nan,nan,0.73,1.42,14.34,6.81,0.91,11.13,8.28
samples_design_18_dldesign_2_best,0.93,0.93,1.95,nan,nan,nan,0.73,1.41,15.44,7.29,0.91,14.83,15.29
samples_design_18_dldesign_3_best,0.51,0.95,1.97,nan,nan,nan,0.69,1.35,15.64,7.39,0.91,23.46,17.2
samples_design_18_dldesign_4_best,0.93,1.07,2.15,nan,nan,nan,0.76,1.54,15.23,7.2,0.91,17.44,12.11
samples_design_18_dldesign_5_best,0.69,1.03,2.18,nan,nan,nan,0.75,1.51,15.23,7.2,0.91,20.18,13.92
samples_design_18_dldesign_6_best,0.59,0.77,2.22,nan,nan,nan,0.75,1.47,15.12,7.15,0.91,9.36,9.45
samples_design_18_dldesign_7_best,1.02,0.97,2.22,nan,nan,nan,0.77,1.58,15.66,7.4,0.91,15.79,11.75
samples_design_19_dldesign_0_best,0.55,0.29,1.06,nan,nan,nan,0.51,0.78,14.01,6.74,0.9,10.49,5.12
samples_design_19_dldesign_1_best,0.54,0.25,0.84,nan,nan,nan,0.47,0.64,14.79,7.08,0.9,9.9,5.17
samples_design_19_dldesign_2_best,0.96,0.31,1.2,nan,nan,nan,0.58,0.97,15.5,7.42,0.9,11.62,6.73
samples_design_19_dldesign_3_best,0.4,0.53,3.38,nan,nan,nan,1.06,2.26,15.34,7.28,0.91,8.35,7.91
samples_design_19_dldesign_4_best,0.53,0.34,1.25,nan,nan,nan,0.54,0.89,14.46,6.93,0.91,13.76,7.54
samples_design_19_dldesign_5_best,0.94,0.53,2.87,nan,nan,nan,0.95,1.98,16.77,8.01,0.89,14.97,10.94
samples_design_19_dldesign_6_best,0.63,0.62,1.03,nan,nan,nan,0.51,0.82,15.78,7.51,0.91,19.76,11.88
samples_design_19_dldesign_7_best,0.54,0.29,0.84,nan,nan,nan,0.49,0.65,14.58,6.95,0.91,12.94,7.32
samples_design_20_dldesign_0_best,0.8,0.85,0.77,nan,nan,nan,0.52,0.81,15.06,7.07,0.91,10.21,5.21
samples_design_20_dldesign_1_best,1.28,0.91,0.53,nan,nan,nan,0.57,0.99,15.73,7.34,0.91,23.07,16.19
samples_design_20_dldesign_2_best,1.28,0.88,0.5,nan,nan,nan,0.54,0.98,15.17,7.11,0.91,9.33,12.06
samples_design_20_dldesign_3_best,0.6,0.72,0.89,nan,nan,nan,0.54,0.73,15.01,7.03,0.91,11.91,7.31
samples_design_20_dldesign_4_best,1.32,0.99,0.58,nan,nan,nan,0.56,1.05,15.18,7.12,0.91,11.83,14.36
samples_design_20_dldesign_5_best,1.2,0.81,0.79,nan,nan,nan,0.56,0.97,16.23,7.55,0.91,14.17,18.27
samples_design_20_dldesign_6_best,1.19,0.86,0.93,nan,nan,nan,0.56,1.02,14.56,6.87,0.91,10.19,4.84
samples_design_20_dldesign_7_best,0.51,0.71,0.68,nan,nan,nan,0.54,0.63,6.52,3.42,0.9,8.02,3.84
samples_design_21_dldesign_0_best,0.65,0.28,1.09,nan,nan,nan,0.5,0.77,11.72,5.63,0.91,11.94,7.53
samples_design_21_dldesign_1_best,0.81,0.82,1.17,nan,nan,nan,0.54,0.95,16.16,7.57,0.91,19.79,17.29
samples_design_21_dldesign_2_best,0.84,0.76,1.4,nan,nan,nan,0.57,1.05,15.65,7.35,0.91,15.58,14.96
samples_design_21_dldesign_3_best,0.92,0.48,1.03,nan,nan,nan,0.51,0.86,13.36,6.35,0.91,10.63,7.09
samples_design_21_dldesign_4_best,0.88,0.76,1.12,nan,nan,nan,0.54,0.94,15.84,7.45,0.91,23.79,19.48
samples_design_21_dldesign_5_best,0.8,0.44,0.76,nan,nan,nan,0.5,0.69,11.49,5.54,0.9,8.26,4.5
samples_design_21_dldesign_6_best,0.76,0.6,0.84,nan,nan,nan,0.48,0.75,13.76,6.54,0.91,11.87,7.59
samples_design_21_dldesign_7_best,0.88,0.83,1.3,nan,nan,nan,0.57,1.03,15.83,7.43,0.91,10.62,11.31
samples_design_22_dldesign_0_best,0.9,0.28,0.47,nan,nan,nan,0.42,0.63,10.3,5.02,0.9,6.93,4.73
samples_design_22_dldesign_1_best,0.89,0.45,0.75,nan,nan,nan,0.44,0.73,15.68,7.34,0.91,9.06,9.7
samples_design_22_dldesign_2_best,0.96,0.39,1.03,nan,nan,nan,0.53,0.85,9.46,4.67,0.9,9.12,4.85
samples_design_22_dldesign_3_best,0.97,0.86,1.3,nan,nan,nan,0.59,1.05,16.11,7.54,0.91,11.38,9.39
samples_design_22_dldesign_4_best,0.63,0.77,0.96,nan,nan,nan,0.48,0.79,16.46,7.69,0.91,19.41,15.52
samples_design_22_dldesign_5_best,0.82,0.89,2.31,nan,nan,nan,0.69,1.48,16.81,7.85,0.91,7.51,6.86
samples_design_22_dldesign_6_best,0.77,0.68,0.56,nan,nan,nan,0.44,0.68,11.97,5.75,0.9,11.66,7.14
samples_design_22_dldesign_7_best,0.82,0.39,0.82,nan,nan,nan,0.49,0.71,12.29,5.88,0.91,12.11,6.62
samples_design_23_dldesign_0_best,0.77,0.4,1.16,nan,nan,nan,0.55,0.83,16.87,7.91,0.9,13.13,6.18
samples_design_23_dldesign_1_best,0.65,0.72,1.26,nan,nan,nan,0.58,0.91,3.88,2.28,0.91,10.35,5.05
samples_design_23_dldesign_2_best,0.74,0.4,1.37,nan,nan,nan,0.56,0.92,14.87,7.05,0.9,11.09,5.19
samples_design_23_dldesign_3_best,0.72,0.57,1.3,nan,nan,nan,0.59,0.91,5.06,2.8,0.9,11.38,5.63
samples_design_23_dldesign_4_best,0.85,0.51,0.47,nan,nan,nan,0.51,0.65,11.06,5.39,0.9,13.77,7.64
samples_design_23_dldesign_5_best,0.75,0.47,1.48,nan,nan,nan,0.56,0.98,6.27,3.34,0.89,12.76,6.0
samples_design_23_dldesign_6_best,0.71,0.61,1.99,nan,nan,nan,0.68,1.25,6.74,3.54,0.89,12.04,5.54
samples_design_23_dldesign_7_best,0.76,0.49,4.84,nan,nan,nan,1.21,2.77,16.93,7.96,0.9,16.39,10.03
samples_design_24_dldesign_0_best,0.33,0.41,2.46,nan,nan,nan,0.84,1.69,15.62,7.45,0.91,17.13,11.4
samples_design_24_dldesign_1_best,0.43,0.4,5.22,nan,nan,nan,1.64,3.55,14.55,7.04,0.9,14.4,14.44
samples_design_24_dldesign_2_best,0.36,0.58,2.18,nan,nan,nan,0.77,1.51,16.7,7.95,0.91,17.57,10.66
samples_design_24_dldesign_3_best,0.53,0.39,2.13,nan,nan,nan,0.76,1.49,15.88,7.59,0.91,17.66,17.71
samples_design_24_dldesign_4_best,0.38,0.5,2.72,nan,nan,nan,0.91,1.87,14.75,7.1,0.9,14.0,12.59
samples_design_24_dldesign_5_best,0.45,0.45,4.82,nan,nan,nan,1.51,3.28,15.84,7.64,0.9,13.09,13.3
samples_design_24_dldesign_6_best,0.41,0.42,5.11,nan,nan,nan,1.61,3.47,14.77,7.05,0.91,12.44,13.21
samples_design_24_dldesign_7_best,0.38,0.34,5.14,nan,nan,nan,1.61,3.49,14.33,6.9,0.9,14.49,14.56
samples_design_25_dldesign_0_best,0.48,0.63,0.95,nan,nan,nan,0.53,0.78,13.86,6.74,0.9,5.55,2.5
samples_design_25_dldesign_1_best,0.49,0.56,0.91,nan,nan,nan,0.54,0.74,9.92,4.97,0.9,1.15,1.3
samples_design_25_dldesign_2_best,0.54,0.6,0.91,nan,nan,nan,0.54,0.76,9.69,4.92,0.89,3.03,3.2
samples_design_25_dldesign_3_best,0.5,0.61,0.96,nan,nan,nan,0.54,0.78,11.76,5.79,0.9,2.5,1.8
samples_design_25_dldesign_4_best,0.5,0.58,0.85,nan,nan,nan,0.53,0.71,9.9,4.98,0.9,1.61,1.5
samples_design_25_dldesign_5_best,0.51,0.46,0.92,nan,nan,nan,0.54,0.74,9.77,4.92,0.9,3.51,2.19
samples_design_25_dldesign_6_best,0.44,0.73,0.99,nan,nan,nan,0.54,0.82,15.49,7.46,0.9,15.78,13.47
samples_design_25_dldesign_7_best,0.47,0.59,1.04,nan,nan,nan,0.56,0.83,13.04,6.34,0.9,2.41,1.6
samples_design_26_dldesign_0_best,0.56,0.4,3.02,nan,nan,nan,0.97,2.02,9.91,4.97,0.89,4.94,2.89
samples_design_26_dldesign_1_best,0.46,0.31,3.24,nan,nan,nan,1.01,2.15,15.31,7.27,0.91,13.88,12.38
samples_design_26_dldesign_2_best,0.49,0.37,3.32,nan,nan,nan,1.04,2.22,14.84,7.08,0.91,16.12,12.59
samples_design_26_dldesign_3_best,0.45,0.31,3.14,nan,nan,nan,0.99,2.09,14.23,6.83,0.9,11.71,6.82
samples_design_26_dldesign_4_best,0.39,0.32,2.88,nan,nan,nan,0.91,1.92,13.88,6.69,0.9,6.34,3.56
samples_design_26_dldesign_5_best,0.5,0.3,1.1,nan,nan,nan,0.51,0.79,15.33,7.34,0.9,15.77,8.79
samples_design_26_dldesign_6_best,0.48,0.23,3.15,nan,nan,nan,0.99,2.1,15.32,7.26,0.91,10.1,11.73
samples_design_26_dldesign_7_best,0.46,0.28,3.31,nan,nan,nan,1.04,2.2,13.25,6.39,0.91,17.4,12.27
samples_design_27_dldesign_0_best,0.73,0.49,2.7,nan,nan,nan,0.95,1.93,15.94,7.74,0.88,20.31,16.78
samples_design_27_dldesign_1_best,0.87,0.71,2.99,nan,nan,nan,1.05,2.15,14.15,6.87,0.9,14.11,13.76
samples_design_27_dldesign_2_best,0.75,0.57,2.52,nan,nan,nan,0.91,1.81,13.11,6.37,0.91,24.51,17.52
samples_design_27_dldesign_3_best,0.67,0.59,3.65,nan,nan,nan,1.24,2.57,13.55,6.64,0.89,12.58,13.14
samples_design_27_dldesign_4_best,0.54,0.69,2.51,nan,nan,nan,0.89,1.8,14.5,6.97,0.91,23.68,18.26
samples_design_27_dldesign_5_best,0.67,0.5,1.67,nan,nan,nan,0.66,1.23,14.73,7.06,0.91,16.72,14.3
samples_design_27_dldesign_6_best,0.69,0.66,3.5,nan,nan,nan,1.18,2.48,17.2,8.22,0.9,20.8,13.06
samples_design_27_dldesign_7_best,0.85,0.39,2.74,nan,nan,nan,0.98,1.96,11.67,5.79,0.89,1.41,1.99
samples_design_28_dldesign_0_best,0.83,0.5,5.24,nan,nan,nan,1.67,3.58,14.43,6.98,0.89,8.41,5.43
samples_design_28_dldesign_1_best,0.58,0.35,0.5,nan,nan,nan,0.44,0.49,13.13,6.34,0.91,7.88,3.66
samples_design_28_dldesign_2_best,0.97,0.86,5.58,nan,nan,nan,1.76,3.84,15.38,7.37,0.9,13.52,6.49
samples_design_28_dldesign_3_best,0.89,0.65,5.78,nan,nan,nan,1.82,3.96,15.72,7.51,0.9,12.11,10.79
samples_design_28_dldesign_4_best,1.03,0.79,5.28,nan,nan,nan,1.68,3.64,14.94,7.16,0.9,13.53,12.06
samples_design_28_dldesign_5_best,0.79,0.71,5.07,nan,nan,nan,1.61,3.48,13.86,6.65,0.91,8.68,7.1
samples_design_28_dldesign_6_best,2.13,0.87,5.02,nan,nan,nan,1.69,3.61,11.18,5.5,0.9,24.27,17.23
samples_design_28_dldesign_7_best,0.97,0.76,5.21,nan,nan,nan,1.65,3.58,15.34,7.31,0.91,10.38,8.95
samples_design_29_dldesign_0_best,0.47,0.33,0.89,nan,nan,nan,0.49,0.64,15.14,7.15,0.91,16.74,11.52
samples_design_29_dldesign_1_best,0.47,0.38,1.14,nan,nan,nan,0.5,0.78,17.38,8.15,0.91,14.5,12.96
samples_design_29_dldesign_2_best,0.48,0.34,0.82,nan,nan,nan,0.47,0.6,15.27,7.19,0.92,15.14,16.28
samples_design_29_dldesign_3_best,0.43,0.29,0.76,nan,nan,nan,0.43,0.55,13.78,6.56,0.91,13.23,8.73
samples_design_29_dldesign_4_best,0.44,0.39,0.7,nan,nan,nan,0.43,0.54,16.18,7.61,0.91,18.92,17.94
samples_design_29_dldesign_5_best,0.48,0.29,1.01,nan,nan,nan,0.51,0.7,14.94,7.04,0.92,18.72,16.54
samples_design_29_dldesign_6_best,0.43,0.35,0.66,nan,nan,nan,0.42,0.51,16.06,7.54,0.91,19.58,15.7
samples_design_29_dldesign_7_best,0.46,0.37,0.73,nan,nan,nan,0.46,0.56,17.37,8.14,0.91,23.37,14.25
samples_design_30_dldesign_0_best,0.97,1.02,1.52,nan,nan,nan,0.64,1.2,13.46,6.39,0.91,13.81,9.33
samples_design_30_dldesign_1_best,1.03,0.71,0.78,nan,nan,nan,0.54,0.86,12.79,6.1,0.91,12.13,8.05
samples_design_30_dldesign_2_best,0.88,1.04,1.57,nan,nan,nan,0.65,1.21,16.1,7.53,0.91,23.7,17.06
samples_design_30_dldesign_3_best,1.02,0.75,0.83,nan,nan,nan,0.58,0.88,12.89,6.16,0.91,11.66,7.17
samples_design_30_dldesign_4_best,0.97,1.1,1.64,nan,nan,nan,0.68,1.28,15.73,7.37,0.91,17.8,16.1
samples_design_30_dldesign_5_best,0.94,1.12,1.67,nan,nan,nan,0.68,1.29,15.79,7.39,0.91,16.0,16.21
samples_design_30_dldesign_6_best,0.94,1.21,1.61,nan,nan,nan,0.68,1.29,15.75,7.39,0.91,20.45,19.3
samples_design_30_dldesign_7_best,1.06,1.19,1.66,nan,nan,nan,0.71,1.33,15.66,7.33,0.91,24.35,19.63
samples_design_31_dldesign_0_best,0.48,0.28,3.12,nan,nan,nan,1.09,2.22,15.78,7.58,0.9,8.46,7.07
samples_design_31_dldesign_1_best,0.64,0.52,2.49,nan,nan,nan,0.91,1.81,17.51,8.33,0.91,5.04,6.04
samples_design_31_dldesign_2_best,0.64,0.31,2.6,nan,nan,nan,0.93,1.88,19.29,9.13,0.9,29.44,19.26
samples_design_31_dldesign_3_best,0.55,0.3,3.2,nan,nan,nan,1.12,2.29,17.05,8.13,0.91,17.21,13.63
samples_design_31_dldesign_4_best,0.57,0.37,2.82,nan,nan,nan,1.02,2.02,16.51,7.9,0.91,16.0,11.51
samples_design_31_dldesign_5_best,0.72,0.36,3.13,nan,nan,nan,1.11,2.25,16.03,7.69,0.9,21.33,18.13
samples_design_31_dldesign_6_best,0.5,0.33,2.96,nan,nan,nan,1.05,2.12,16.17,7.74,0.91,18.69,13.29
samples_design_31_dldesign_7_best,0.57,0.32,3.06,nan,nan,nan,1.08,2.19,15.38,7.36,0.91,16.02,16.35
samples_design_32_dldesign_0_best,0.66,0.54,5.16,nan,nan,nan,1.27,2.95,15.09,7.17,0.9,14.53,13.66
samples_design_32_dldesign_1_best,0.85,0.38,0.47,nan,nan,nan,0.52,0.62,15.92,7.45,0.91,8.14,6.1
samples_design_32_dldesign_2_best,0.96,0.48,0.6,nan,nan,nan,0.53,0.72,16.15,7.57,0.91,18.01,15.74
samples_design_32_dldesign_3_best,0.66,0.41,1.41,nan,nan,nan,0.53,0.92,14.29,6.76,0.9,17.97,13.43
samples_design_32_dldesign_4_best,0.4,0.44,0.39,nan,nan,nan,0.45,0.41,10.72,5.18,0.91,12.88,7.53
samples_design_32_dldesign_5_best,0.91,0.53,1.61,nan,nan,nan,0.6,1.1,16.67,7.84,0.9,17.02,18.52
samples_design_32_dldesign_6_best,1.16,0.45,0.56,nan,nan,nan,0.59,0.81,15.66,7.33,0.91,20.76,14.93
samples_design_32_dldesign_7_best,1.1,0.21,0.97,nan,nan,nan,0.66,0.87,9.4,4.64,0.9,7.62,3.98
samples_design_33_dldesign_0_best,0.82,0.29,2.24,nan,nan,nan,0.73,1.51,16.51,7.81,0.91,14.47,11.11
samples_design_33_dldesign_1_best,0.71,0.48,1.74,nan,nan,nan,0.62,1.21,16.92,7.98,0.91,12.99,13.37
samples_design_33_dldesign_2_best,1.05,1.16,1.12,nan,nan,nan,0.58,1.11,10.25,5.04,0.9,3.05,2.51
samples_design_33_dldesign_3_best,0.67,0.64,1.76,nan,nan,nan,0.64,1.23,16.77,7.93,0.9,9.95,10.82
samples_design_33_dldesign_4_best,0.58,0.51,3.03,nan,nan,nan,0.95,1.98,16.09,7.62,0.91,15.09,8.12
samples_design_33_dldesign_5_best,0.9,0.51,1.98,nan,nan,nan,0.72,1.39,13.88,6.68,0.9,10.67,5.17
samples_design_33_dldesign_6_best,0.72,0.67,1.47,nan,nan,nan,0.61,1.08,15.01,7.17,0.9,10.53,4.66
samples_design_33_dldesign_7_best,0.96,0.62,2.53,nan,nan,nan,0.82,1.74,16.72,7.91,0.91,25.24,13.51
samples_design_34_dldesign_0_best,0.82,0.84,2.1,nan,nan,nan,0.77,1.52,14.41,6.94,0.9,8.38,6.07
samples_design_34_dldesign_1_best,0.53,0.82,0.8,nan,nan,nan,0.48,0.73,7.59,3.94,0.89,5.19,2.12
samples_design_34_dldesign_2_best,0.66,0.76,2.48,nan,nan,nan,0.85,1.72,12.81,6.21,0.9,8.03,4.72
samples_design_34_dldesign_3_best,0.81,1.06,3.7,nan,nan,nan,1.2,2.54,13.87,6.7,0.9,17.01,9.52
samples_design_34_dldesign_4_best,0.72,1.12,3.35,nan,nan,nan,1.09,2.32,14.54,6.97,0.9,13.38,8.37
samples_design_34_dldesign_5_best,0.57,0.81,0.95,nan,nan,nan,0.5,0.81,8.08,4.16,0.89,9.34,4.42
samples_design_34_dldesign_6_best,0.93,0.88,2.57,nan,nan,nan,0.89,1.82,13.66,6.6,0.89,5.02,5.42
samples_design_34_dldesign_7_best,0.51,0.86,0.86,nan,nan,nan,0.5,0.77,7.57,3.94,0.89,4.43,1.9
samples_design_35_dldesign_0_best,0.69,0.4,1.31,nan,nan,nan,0.55,0.95,16.22,7.7,0.9,11.06,12.51
samples_design_35_dldesign_1_best,0.57,0.47,1.36,nan,nan,nan,0.58,0.96,14.53,6.93,0.9,11.89,7.33
samples_design_35_dldesign_2_best,0.76,0.57,1.63,nan,nan,nan,0.66,1.17,15.99,7.57,0.91,11.44,10.18
samples_design_35_dldesign_3_best,0.56,0.42,1.35,nan,nan,nan,0.56,0.95,11.74,5.74,0.9,10.52,6.0
samples_design_35_dldesign_4_best,0.54,0.44,1.01,nan,nan,nan,0.47,0.75,16.35,7.73,0.9,4.45,2.79
samples_design_35_dldesign_5_best,0.61,0.54,1.89,nan,nan,nan,0.67,1.29,15.67,7.45,0.9,9.51,9.1
samples_design_35_dldesign_6_best,0.75,0.55,1.12,nan,nan,nan,0.53,0.88,10.63,5.28,0.89,8.42,4.06
samples_design_35_dldesign_7_best,0.6,0.39,2.19,nan,nan,nan,0.73,1.46,14.51,6.94,0.9,9.88,10.41
samples_design_36_dldesign_0_best,0.45,0.56,3.91,nan,nan,nan,1.25,2.67,14.8,7.16,0.9,12.18,11.8
samples_design_36_dldesign_1_best,0.54,0.59,1.83,nan,nan,nan,0.7,1.31,14.53,6.99,0.91,15.08,15.81
samples_design_36_dldesign_2_best,0.4,0.52,1.72,nan,nan,nan,0.65,1.21,15.6,7.45,0.91,15.63,16.06
samples_design_36_dldesign_3_best,0.39,0.46,2.55,nan,nan,nan,0.87,1.76,15.67,7.49,0.91,8.85,9.52
samples_design_36_dldesign_4_best,0.41,0.45,2.62,nan,nan,nan,0.88,1.8,15.0,7.18,0.91,9.41,8.38
samples_design_36_dldesign_5_best,0.42,0.56,1.81,nan,nan,nan,0.68,1.28,15.55,7.43,0.91,15.31,8.55
samples_design_36_dldesign_6_best,0.38,0.5,1.79,nan,nan,nan,0.66,1.25,15.22,7.29,0.91,10.86,9.84
samples_design_36_dldesign_7_best,0.39,0.51,1.6,nan,nan,nan,0.61,1.13,16.19,7.72,0.91,8.4,7.58
samples_design_37_dldesign_0_best,0.77,0.81,2.1,nan,nan,nan,0.82,1.59,15.83,7.56,0.91,16.79,11.96
samples_design_37_dldesign_1_best,0.66,0.88,1.13,nan,nan,nan,0.58,0.96,15.92,7.62,0.91,23.2,19.99
samples_design_37_dldesign_2_best,0.69,1.11,1.82,nan,nan,nan,0.76,1.44,16.37,7.8,0.91,20.87,21.53
samples_design_37_dldesign_3_best,0.51,0.77,1.39,nan,nan,nan,0.6,1.08,15.94,7.63,0.91,22.26,17.56
samples_design_37_dldesign_4_best,0.58,0.66,1.32,nan,nan,nan,0.59,1.03,13.38,6.54,0.89,3.96,3.7
samples_design_37_dldesign_5_best,0.83,1.02,1.95,nan,nan,nan,0.83,1.53,12.33,6.04,0.91,22.67,17.99
samples_design_37_dldesign_6_best,0.57,1.06,1.29,nan,nan,nan,0.6,1.09,16.04,7.7,0.9,10.84,8.95
samples_design_37_dldesign_7_best,0.66,0.91,1.33,nan,nan,nan,0.61,1.09,16.44,7.87,0.9,6.91,5.28
samples_design_38_dldesign_0_best,0.72,0.7,5.16,nan,nan,nan,1.63,3.53,15.1,7.33,0.89,11.75,8.22
samples_design_38_dldesign_1_best,0.78,0.76,5.72,nan,nan,nan,1.79,3.91,14.53,7.05,0.89,13.2,12.57
samples_design_38_dldesign_2_best,0.49,0.65,4.21,nan,nan,nan,1.34,2.88,16.8,8.03,0.9,13.83,9.02
samples_design_38_dldesign_3_best,0.58,0.67,4.51,nan,nan,nan,1.43,3.09,16.14,7.78,0.89,18.12,11.68
samples_design_38_dldesign_4_best,0.57,0.6,6.11,nan,nan,nan,1.91,4.16,13.48,6.57,0.89,15.35,14.06
samples_design_38_dldesign_5_best,0.52,0.55,5.11,nan,nan,nan,1.61,3.48,16.81,8.01,0.9,17.45,14.53
samples_design_38_dldesign_6_best,0.62,0.65,5.51,nan,nan,nan,1.73,3.76,14.48,6.99,0.9,14.5,11.69
samples_design_38_dldesign_7_best,0.62,0.59,5.25,nan,nan,nan,1.65,3.59,16.35,7.81,0.9,11.34,10.47
samples_design_39_dldesign_0_best,0.39,0.74,3.7,nan,nan,nan,1.15,2.48,14.79,7.07,0.91,14.99,13.67
samples_design_39_dldesign_1_best,0.62,0.88,3.64,nan,nan,nan,1.15,2.46,15.58,7.44,0.9,11.78,10.71
samples_design_39_dldesign_2_best,0.54,0.6,2.79,nan,nan,nan,0.92,1.89,13.06,6.3,0.9,9.78,5.04
samples_design_39_dldesign_3_best,0.62,0.64,2.92,nan,nan,nan,0.96,1.98,13.13,6.34,0.91,9.83,5.29
samples_design_39_dldesign_4_best,0.46,0.79,1.31,nan,nan,nan,0.58,0.98,15.41,7.31,0.91,10.28,9.3
samples_design_39_dldesign_5_best,0.54,0.71,1.29,nan,nan,nan,0.57,0.97,15.72,7.48,0.9,12.77,7.85
samples_design_39_dldesign_6_best,0.45,0.82,1.42,nan,nan,nan,0.6,1.06,15.45,7.33,0.91,14.21,11.36
samples_design_39_dldesign_7_best,1.08,0.84,3.82,nan,nan,nan,1.24,2.63,11.35,5.61,0.89,18.16,11.81
samples_design_40_dldesign_0_best,0.75,0.69,2.51,nan,nan,nan,0.9,1.78,16.69,7.98,0.9,14.89,13.99
samples_design_40_dldesign_1_best,1.03,0.66,4.36,nan,nan,nan,1.43,3.02,10.58,5.31,0.89,16.22,10.1
samples_design_40_dldesign_2_best,0.59,0.73,3.21,nan,nan,nan,1.08,2.23,14.27,6.84,0.91,9.23,5.11
samples_design_40_dldesign_3_best,0.62,0.67,2.07,nan,nan,nan,0.77,1.48,14.69,7.08,0.9,25.12,15.92
samples_design_40_dldesign_4_best,0.77,0.68,1.05,nan,nan,nan,0.57,0.89,15.14,7.26,0.9,23.53,16.51
samples_design_40_dldesign_5_best,0.55,0.65,1.37,nan,nan,nan,0.61,1.03,12.78,6.25,0.89,13.44,6.87
samples_design_40_dldesign_6_best,0.78,0.68,1.39,nan,nan,nan,0.64,1.09,10.98,5.49,0.89,14.45,7.2
samples_design_40_dldesign_7_best,0.69,0.75,3.14,nan,nan,nan,1.05,2.19,16.17,7.72,0.9,22.69,13.89
samples_design_41_dldesign_0_best,0.39,1.34,5.11,nan,nan,nan,1.63,3.53,16.84,7.99,0.91,18.72,9.7
samples_design_41_dldesign_1_best,0.4,1.24,4.6,nan,nan,nan,1.48,3.18,16.64,7.93,0.91,9.65,7.68
samples_design_41_dldesign_2_best,0.33,1.11,4.08,nan,nan,nan,1.32,2.82,16.55,7.88,0.91,21.64,12.33
samples_design_41_dldesign_3_best,0.45,1.02,1.73,nan,nan,nan,0.69,1.3,16.64,7.91,0.91,16.11,10.15
samples_design_41_dldesign_4_best,0.76,1.28,0.99,nan,nan,nan,0.59,1.02,16.09,7.69,0.9,13.73,9.2
samples_design_41_dldesign_5_best,0.92,1.11,0.98,nan,nan,nan,0.58,1.0,16.49,7.88,0.9,15.15,7.84
samples_design_41_dldesign_6_best,0.32,1.34,1.32,nan,nan,nan,0.63,1.13,16.74,7.96,0.91,20.03,12.29
samples_design_41_dldesign_7_best,0.45,1.21,3.4,nan,nan,nan,1.14,2.39,16.18,7.72,0.9,18.57,9.92
samples_design_42_dldesign_0_best,0.63,0.88,1.01,nan,nan,nan,0.51,0.84,14.79,6.95,0.91,23.26,14.09
samples_design_42_dldesign_1_best,0.69,1.02,4.51,nan,nan,nan,1.14,2.63,15.92,7.48,0.91,16.24,15.06
samples_design_42_dldesign_2_best,0.6,0.83,1.06,nan,nan,nan,0.52,0.84,15.26,7.15,0.91,23.43,14.68
samples_design_42_dldesign_3_best,0.55,0.98,0.65,nan,nan,nan,0.47,0.74,16.38,7.67,0.91,18.83,17.48
samples_design_42_dldesign_4_best,0.6,0.61,0.56,nan,nan,nan,0.45,0.59,12.86,6.11,0.91,10.49,7.43
samples_design_42_dldesign_5_best,0.54,0.84,0.58,nan,nan,nan,0.48,0.66,12.21,5.85,0.91,10.48,7.01
samples_design_42_dldesign_6_best,0.83,0.9,4.28,nan,nan,nan,1.11,2.51,16.14,7.58,0.9,22.68,17.41
samples_design_42_dldesign_7_best,0.56,0.96,4.31,nan,nan,nan,1.1,2.51,15.3,7.22,0.9,18.8,14.71
samples_design_43_dldesign_0_best,0.77,0.47,1.58,nan,nan,nan,0.71,1.17,9.8,4.92,0.89,11.75,6.64
samples_design_43_dldesign_1_best,0.86,0.65,3.42,nan,nan,nan,1.16,2.39,12.98,6.34,0.89,8.53,4.74
samples_design_43_dldesign_2_best,0.82,0.51,2.99,nan,nan,nan,1.03,2.09,12.04,5.94,0.89,12.35,5.46
samples_design_43_dldesign_3_best,0.7,0.57,1.36,nan,nan,nan,0.63,1.03,11.79,5.76,0.9,13.02,5.72
samples_design_43_dldesign_4_best,0.79,0.4,1.33,nan,nan,nan,0.62,1.02,13.73,6.6,0.91,25.05,14.88
samples_design_43_dldesign_5_best,1.77,0.6,1.41,nan,nan,nan,0.77,1.38,12.94,6.24,0.91,10.17,4.24
samples_design_43_dldesign_6_best,0.96,0.57,3.53,nan,nan,nan,1.19,2.46,11.54,5.67,0.9,24.93,17.65
samples_design_43_dldesign_7_best,0.83,0.7,1.77,nan,nan,nan,0.74,1.33,10.99,5.39,0.9,14.09,7.61
samples_design_44_dldesign_0_best,0.58,0.67,1.05,nan,nan,nan,0.53,0.84,8.09,4.19,0.89,8.05,4.07
samples_design_44_dldesign_1_best,0.71,0.6,1.65,nan,nan,nan,0.66,1.2,10.87,5.42,0.89,2.57,1.48
samples_design_44_dldesign_2_best,0.88,0.69,2.52,nan,nan,nan,0.87,1.77,13.21,6.38,0.9,6.49,5.43
samples_design_44_dldesign_3_best,0.64,0.95,4.0,nan,nan,nan,1.25,2.71,15.72,7.55,0.89,10.61,10.28
samples_design_44_dldesign_4_best,0.87,0.58,2.97,nan,nan,nan,0.98,2.04,14.36,6.94,0.89,5.6,4.4
samples_design_44_dldesign_5_best,0.85,0.76,4.5,nan,nan,nan,1.39,3.03,15.43,7.43,0.89,10.4,8.72
samples_design_44_dldesign_6_best,0.72,0.89,2.9,nan,nan,nan,0.97,2.0,16.9,8.01,0.9,24.17,17.6
samples_design_44_dldesign_7_best,0.7,0.65,2.37,nan,nan,nan,0.83,1.65,12.71,6.19,0.89,8.86,6.34
samples_design_45_dldesign_0_best,0.86,0.33,0.55,nan,nan,nan,0.44,0.61,18.95,8.93,0.91,19.65,16.54
samples_design_45_dldesign_1_best,0.86,0.33,0.61,nan,nan,nan,0.45,0.64,16.64,7.91,0.91,12.14,12.42
samples_design_45_dldesign_2_best,0.9,0.35,0.56,nan,nan,nan,0.45,0.64,16.22,7.73,0.91,10.56,10.8
samples_design_45_dldesign_3_best,0.56,0.32,0.71,nan,nan,nan,0.46,0.6,15.21,7.3,0.91,15.88,13.87
samples_design_45_dldesign_4_best,0.89,0.28,0.66,nan,nan,nan,0.47,0.67,15.6,7.45,0.91,14.35,15.58
samples_design_45_dldesign_5_best,0.93,0.36,0.61,nan,nan,nan,0.47,0.67,17.38,8.25,0.91,22.7,17.73
samples_design_45_dldesign_6_best,0.98,0.23,0.56,nan,nan,nan,0.5,0.66,16.02,7.64,0.91,11.23,11.02
samples_design_45_dldesign_7_best,0.8,0.28,0.65,nan,nan,nan,0.47,0.63,14.77,7.09,0.91,14.95,14.67
samples_design_46_dldesign_0_best,0.57,0.52,0.93,nan,nan,nan,0.49,0.74,13.38,6.43,0.91,8.26,4.47
samples_design_46_dldesign_1_best,0.47,0.72,0.87,nan,nan,nan,0.49,0.73,14.84,7.08,0.91,18.5,11.56
samples_design_46_dldesign_2_best,0.52,0.48,0.69,nan,nan,nan,0.46,0.59,12.74,6.16,0.91,10.65,5.4
samples_design_46_dldesign_3_best,0.51,0.4,0.86,nan,nan,nan,0.49,0.66,13.26,6.38,0.91,11.38,6.34
samples_design_46_dldesign_4_best,0.62,0.68,0.88,nan,nan,nan,0.5,0.76,15.33,7.29,0.91,18.0,11.26
samples_design_46_dldesign_5_best,0.53,0.62,1.0,nan,nan,nan,0.51,0.79,14.64,6.99,0.91,15.86,8.87
samples_design_46_dldesign_6_best,0.61,0.68,0.96,nan,nan,nan,0.52,0.8,15.58,7.39,0.91,19.3,11.0
samples_design_46_dldesign_7_best,0.5,0.52,0.65,nan,nan,nan,0.46,0.58,14.32,6.86,0.91,6.58,4.19
samples_design_47_dldesign_0_best,0.51,0.65,1.03,nan,nan,nan,0.49,0.78,14.38,6.83,0.91,13.61,9.62
samples_design_47_dldesign_1_best,0.44,0.59,0.92,nan,nan,nan,0.47,0.7,14.89,7.07,0.91,14.71,12.6
samples_design_47_dldesign_2_best,0.56,0.68,1.61,nan,nan,nan,0.59,1.11,14.68,6.97,0.91,16.18,15.83
samples_design_47_dldesign_3_best,0.54,0.6,0.89,nan,nan,nan,0.46,0.71,14.46,6.87,0.91,11.27,6.79
samples_design_47_dldesign_4_best,0.5,0.69,0.67,nan,nan,nan,0.43,0.62,15.62,7.38,0.91,18.2,13.08
samples_design_47_dldesign_5_best,0.8,0.8,1.36,nan,nan,nan,0.56,1.05,14.85,7.05,0.9,12.67,12.48
samples_design_47_dldesign_6_best,0.47,0.65,0.83,nan,nan,nan,0.44,0.68,16.01,7.54,0.91,13.54,11.92
samples_design_47_dldesign_7_best,0.73,0.61,1.25,nan,nan,nan,0.53,0.94,15.87,7.48,0.91,20.33,13.47
samples_design_48_dldesign_0_best,0.88,0.88,2.9,nan,nan,nan,1.07,2.14,15.38,7.45,0.89,13.41,12.4
samples_design_48_dldesign_1_best,0.68,1.04,3.25,nan,nan,nan,1.16,2.38,14.94,7.21,0.9,23.46,18.54
samples_design_48_dldesign_2_best,0.95,0.87,2.08,nan,nan,nan,0.83,1.6,7.96,4.15,0.89,8.44,8.48
samples_design_48_dldesign_3_best,1.01,0.93,1.12,nan,nan,nan,0.6,1.05,12.04,5.91,0.9,23.64,18.06
samples_design_48_dldesign_4_best,0.66,1.18,2.09,nan,nan,nan,0.83,1.62,16.13,7.73,0.89,9.95,10.31
samples_design_48_dldesign_5_best,0.82,1.26,2.2,nan,nan,nan,0.87,1.72,5.53,3.11,0.89,6.13,7.27
samples_design_48_dldesign_6_best,1.29,0.95,3.81,nan,nan,nan,1.37,2.82,12.31,6.09,0.89,11.38,10.66
samples_design_48_dldesign_7_best,1.05,1.04,2.65,nan,nan,nan,1.02,2.02,15.37,7.42,0.9,6.86,7.14
samples_design_49_dldesign_0_best,1.19,0.64,2.77,nan,nan,nan,0.81,1.75,15.28,7.21,0.91,12.59,12.03
samples_design_49_dldesign_1_best,0.73,0.66,2.21,nan,nan,nan,0.69,1.37,15.97,7.51,0.9,14.46,9.89
samples_design_49_dldesign_2_best,0.94,0.64,2.69,nan,nan,nan,0.78,1.66,16.83,7.88,0.9,21.92,19.93
samples_design_49_dldesign_3_best,0.95,0.67,2.96,nan,nan,nan,0.82,1.8,16.38,7.69,0.9,15.75,13.03
samples_design_49_dldesign_4_best,1.12,0.6,3.06,nan,nan,nan,0.85,1.88,16.57,7.78,0.9,22.13,19.22
samples_design_49_dldesign_5_best,0.87,0.65,5.52,nan,nan,nan,1.35,3.17,17.16,8.06,0.9,15.27,11.44
samples_design_49_dldesign_6_best,1.0,0.65,1.44,nan,nan,nan,0.55,1.08,16.56,7.76,0.9,15.72,10.73
samples_design_49_dldesign_7_best,0.53,0.67,2.63,nan,nan,nan,0.74,1.56,17.14,8.02,0.9,23.44,18.34
samples_design_0_dldesign_0_best,0.77,0.62,2.18,nan,nan,nan,0.73,1.5,13.24,6.35,0.91,24.69,17.68
samples_design_0_dldesign_1_best,0.83,0.51,2.07,nan,nan,nan,0.73,1.43,14.41,6.87,0.91,24.52,17.33
samples_design_0_dldesign_2_best,0.72,0.69,2.06,nan,nan,nan,0.73,1.43,13.8,6.58,0.91,24.26,15.24
samples_design_0_dldesign_3_best,0.59,0.57,1.83,nan,nan,nan,0.65,1.25,15.89,7.51,0.91,10.07,6.59
samples_design_0_dldesign_4_best,0.66,0.67,1.39,nan,nan,nan,0.6,1.02,13.92,6.66,0.9,13.67,8.26
samples_design_0_dldesign_5_best,0.53,0.65,1.95,nan,nan,nan,0.69,1.33,14.67,6.96,0.91,24.34,14.93
samples_design_0_dldesign_6_best,0.73,0.6,1.85,nan,nan,nan,0.7,1.29,13.98,6.69,0.9,11.68,5.47
samples_design_0_dldesign_7_best,0.59,0.63,1.09,nan,nan,nan,0.52,0.84,15.02,7.11,0.91,10.39,4.96
samples_design_1_dldesign_0_best,0.43,0.66,3.81,nan,nan,nan,1.31,2.72,17.7,8.42,0.91,7.68,7.43
samples_design_1_dldesign_1_best,1.43,0.71,4.07,nan,nan,nan,1.43,2.99,14.69,7.05,0.91,7.26,7.83
samples_design_1_dldesign_2_best,0.49,0.74,4.09,nan,nan,nan,1.39,2.92,14.17,6.84,0.91,13.22,15.2
samples_design_1_dldesign_3_best,0.54,0.72,4.82,nan,nan,nan,1.63,3.43,15.06,7.21,0.91,9.34,10.15
samples_design_1_dldesign_4_best,0.57,0.7,4.11,nan,nan,nan,1.4,2.94,13.89,6.73,0.9,13.8,15.93
samples_design_1_dldesign_5_best,0.62,0.49,3.96,nan,nan,nan,1.36,2.83,12.86,6.27,0.9,24.26,19.79
samples_design_1_dldesign_6_best,0.88,0.51,4.08,nan,nan,nan,1.4,2.93,13.9,6.74,0.9,13.28,15.3
samples_design_1_dldesign_7_best,1.29,0.32,3.99,nan,nan,nan,1.39,2.9,15.92,7.58,0.91,18.42,17.58
samples_design_2_dldesign_0_best,0.73,0.66,2.9,nan,nan,nan,0.77,1.64,16.29,7.61,0.91,10.67,7.28
samples_design_2_dldesign_1_best,0.92,0.63,2.92,nan,nan,nan,0.79,1.68,16.14,7.53,0.91,17.79,14.39
samples_design_2_dldesign_2_best,1.3,0.67,2.88,nan,nan,nan,0.8,1.76,14.76,6.95,0.91,12.0,11.34
samples_design_2_dldesign_3_best,1.18,0.55,2.68,nan,nan,nan,0.75,1.62,16.85,7.86,0.9,11.25,6.98
samples_design_2_dldesign_4_best,1.08,0.68,0.84,nan,nan,nan,0.56,0.9,16.27,7.61,0.9,25.28,18.91
samples_design_2_dldesign_5_best,1.27,0.68,2.94,nan,nan,nan,0.81,1.79,14.98,7.04,0.91,13.04,12.6
samples_design_2_dldesign_6_best,1.16,0.65,2.81,nan,nan,nan,0.79,1.69,16.55,7.71,0.91,17.02,13.8
samples_design_2_dldesign_7_best,1.04,0.69,2.82,nan,nan,nan,0.77,1.67,15.8,7.4,0.9,10.51,5.32
samples_design_3_dldesign_0_best,0.89,1.01,1.79,nan,nan,nan,0.73,1.35,12.65,6.08,0.91,25.31,17.92
samples_design_3_dldesign_1_best,0.62,1.15,1.78,nan,nan,nan,0.71,1.33,14.4,6.85,0.91,17.58,9.57
samples_design_3_dldesign_2_best,0.84,1.0,1.81,nan,nan,nan,0.71,1.36,13.83,6.62,0.91,3.11,2.6
samples_design_3_dldesign_3_best,0.9,0.96,1.74,nan,nan,nan,0.71,1.32,12.2,5.91,0.9,26.26,16.45
samples_design_3_dldesign_4_best,0.56,0.77,1.25,nan,nan,nan,0.58,0.95,11.15,5.45,0.9,4.55,2.38
samples_design_3_dldesign_5_best,0.81,1.12,1.66,nan,nan,nan,0.69,1.3,15.66,7.39,0.91,20.02,11.53
samples_design_3_dldesign_6_best,0.74,1.07,1.04,nan,nan,nan,0.57,0.97,14.98,7.12,0.91,7.51,7.3
samples_design_3_dldesign_7_best,0.84,1.05,0.76,nan,nan,nan,0.55,0.87,15.08,7.13,0.91,7.16,6.32
samples_design_4_dldesign_0_best,0.51,0.98,1.89,nan,nan,nan,0.73,1.42,13.77,6.65,0.91,24.34,17.46
samples_design_4_dldesign_1_best,0.62,0.82,3.03,nan,nan,nan,1.06,2.16,13.35,6.54,0.89,5.7,4.87
samples_design_4_dldesign_2_best,0.5,0.86,2.06,nan,nan,nan,0.78,1.51,9.21,4.74,0.88,2.83,3.13
samples_design_4_dldesign_3_best,0.52,0.9,2.31,nan,nan,nan,0.84,1.68,10.95,5.47,0.89,7.84,3.84
samples_design_4_dldesign_4_best,0.63,1.35,2.05,nan,nan,nan,0.8,1.6,15.06,7.21,0.91,20.02,16.28
samples_design_4_dldesign_5_best,0.54,0.93,1.8,nan,nan,nan,0.74,1.36,9.01,4.65,0.89,24.84,17.35
samples_design_4_dldesign_6_best,0.59,0.93,4.07,nan,nan,nan,1.36,2.88,13.43,6.58,0.89,8.14,6.49
samples_design_4_dldesign_7_best,0.76,1.03,4.15,nan,nan,nan,1.39,2.95,11.55,5.78,0.89,2.57,3.22
samples_design_5_dldesign_0_best,0.67,0.52,1.27,nan,nan,nan,0.56,0.95,13.53,6.53,0.9,13.13,6.47
samples_design_5_dldesign_1_best,0.56,0.51,1.9,nan,nan,nan,0.68,1.31,13.96,6.74,0.89,11.1,5.93
samples_design_5_dldesign_2_best,0.53,0.73,1.06,nan,nan,nan,0.5,0.84,16.61,7.87,0.91,11.08,9.09
samples_design_5_dldesign_3_best,0.99,0.87,3.36,nan,nan,nan,1.09,2.32,14.95,7.18,0.89,16.42,10.04
samples_design_5_dldesign_4_best,0.54,0.88,3.35,nan,nan,nan,1.06,2.28,12.19,5.98,0.89,16.91,11.0
samples_design_5_dldesign_5_best,1.08,0.78,2.85,nan,nan,nan,0.96,2.01,16.52,7.88,0.9,15.5,9.08
samples_design_5_dldesign_6_best,0.73,0.81,1.84,nan,nan,nan,0.68,1.34,16.24,7.74,0.9,12.76,9.47
samples_design_5_dldesign_7_best,0.82,0.72,3.03,nan,nan,nan,0.98,2.08,16.07,7.66,0.9,10.17,7.43
samples_design_6_dldesign_0_best,0.71,0.65,2.72,nan,nan,nan,0.91,1.86,13.9,6.67,0.9,8.13,7.46
samples_design_6_dldesign_1_best,1.26,0.68,2.96,nan,nan,nan,1.04,2.1,13.01,6.3,0.9,8.31,3.83
samples_design_6_dldesign_2_best,0.48,0.6,3.02,nan,nan,nan,0.97,2.03,15.28,7.28,0.9,14.4,10.7
samples_design_6_dldesign_3_best,0.62,0.69,2.63,nan,nan,nan,0.88,1.8,13.61,6.55,0.91,11.9,5.41
samples_design_6_dldesign_4_best,0.84,0.56,2.34,nan,nan,nan,0.83,1.64,14.5,6.97,0.9,10.45,4.87
samples_design_6_dldesign_5_best,0.45,0.57,2.64,nan,nan,nan,0.88,1.79,13.58,6.54,0.91,10.66,4.86
samples_design_6_dldesign_6_best,0.43,0.61,2.59,nan,nan,nan,0.86,1.75,13.23,6.38,0.91,6.11,3.64
samples_design_6_dldesign_7_best,0.47,0.74,2.62,nan,nan,nan,0.88,1.79,14.76,7.06,0.91,12.92,6.4
samples_design_7_dldesign_0_best,1.26,0.62,0.68,nan,nan,nan,0.58,0.87,6.56,3.49,0.9,1.8,1.8
samples_design_7_dldesign_1_best,1.03,0.62,0.55,nan,nan,nan,0.53,0.73,8.78,4.45,0.9,1.16,1.25
samples_design_7_dldesign_2_best,0.7,0.59,0.53,nan,nan,nan,0.49,0.6,7.79,4.01,0.9,1.22,1.41
samples_design_7_dldesign_3_best,0.83,0.58,0.56,nan,nan,nan,0.49,0.65,8.96,4.51,0.9,2.05,1.87
samples_design_7_dldesign_4_best,1.17,0.3,1.69,nan,nan,nan,0.75,1.34,14.93,7.17,0.9,22.3,19.0
samples_design_7_dldesign_5_best,0.7,0.55,0.54,nan,nan,nan,0.48,0.59,9.07,4.56,0.9,1.11,1.25
samples_design_7_dldesign_6_best,1.21,0.45,1.85,nan,nan,nan,0.79,1.45,12.61,6.16,0.9,5.33,3.59
samples_design_7_dldesign_7_best,1.1,0.53,0.69,nan,nan,nan,0.55,0.79,6.29,3.37,0.9,1.68,1.73
samples_design_8_dldesign_0_best,0.66,0.69,0.83,nan,nan,nan,0.52,0.76,9.98,4.98,0.9,1.63,1.24
samples_design_8_dldesign_1_best,0.68,0.56,0.88,nan,nan,nan,0.52,0.76,11.4,5.62,0.9,10.98,10.59
samples_design_8_dldesign_2_best,0.46,0.6,0.9,nan,nan,nan,0.5,0.74,11.67,5.71,0.9,5.27,3.93
samples_design_8_dldesign_3_best,1.0,0.73,0.9,nan,nan,nan,0.57,0.89,13.86,6.68,0.91,5.65,5.38
samples_design_8_dldesign_4_best,0.59,0.68,0.89,nan,nan,nan,0.53,0.77,15.91,7.58,0.92,5.29,3.76
samples_design_8_dldesign_5_best,1.03,0.64,0.83,nan,nan,nan,0.56,0.85,11.55,5.7,0.9,4.59,4.41
samples_design_8_dldesign_6_best,0.88,0.6,0.96,nan,nan,nan,0.56,0.86,13.45,6.52,0.91,9.91,10.04
samples_design_8_dldesign_7_best,0.69,0.69,0.96,nan,nan,nan,0.55,0.83,15.6,7.44,0.91,6.76,5.69
samples_design_9_dldesign_0_best,0.96,0.83,0.75,nan,nan,nan,0.56,0.83,16.39,7.8,0.91,19.9,20.2
samples_design_9_dldesign_1_best,0.67,0.6,0.59,nan,nan,nan,0.47,0.61,10.82,5.34,0.91,1.72,1.54
samples_design_9_dldesign_2_best,1.11,0.75,0.58,nan,nan,nan,0.56,0.79,8.44,4.29,0.9,3.03,2.69
samples_design_9_dldesign_3_best,1.04,0.82,0.64,nan,nan,nan,0.55,0.81,14.17,6.82,0.91,4.84,3.37
samples_design_9_dldesign_4_best,0.99,0.77,0.78,nan,nan,nan,0.56,0.84,16.39,7.81,0.91,23.93,20.24
samples_design_9_dldesign_5_best,0.46,0.72,0.76,nan,nan,nan,0.48,0.68,15.62,7.44,0.92,14.32,13.35
samples_design_9_dldesign_6_best,0.75,0.69,0.63,nan,nan,nan,0.5,0.68,11.39,5.6,0.91,4.81,5.05
samples_design_9_dldesign_7_best,1.34,0.75,0.63,nan,nan,nan,0.6,0.9,10.7,5.29,0.91,1.17,1.3
samples_design_10_dldesign_0_best,0.46,0.37,1.43,nan,nan,nan,0.54,0.94,15.0,7.08,0.92,14.82,13.97
samples_design_10_dldesign_1_best,0.61,0.48,1.62,nan,nan,nan,0.59,1.09,14.7,6.94,0.92,14.66,12.61
samples_design_10_dldesign_2_best,0.57,0.46,1.48,nan,nan,nan,0.56,1.0,14.93,7.05,0.91,18.19,13.23
samples_design_10_dldesign_3_best,0.71,0.54,1.5,nan,nan,nan,0.59,1.05,14.74,6.97,0.92,18.93,12.88
samples_design_10_dldesign_4_best,0.6,0.46,1.54,nan,nan,nan,0.57,1.04,14.86,7.02,0.91,16.54,14.01
samples_design_10_dldesign_5_best,0.66,0.65,1.52,nan,nan,nan,0.6,1.07,15.06,7.1,0.92,18.13,12.69
samples_design_10_dldesign_6_best,0.54,0.42,1.43,nan,nan,nan,0.54,0.96,15.78,7.41,0.92,8.28,4.69
samples_design_10_dldesign_7_best,0.8,0.46,1.52,nan,nan,nan,0.59,1.07,14.91,7.04,0.91,14.1,10.27
samples_design_11_dldesign_0_best,0.7,0.26,0.72,nan,nan,nan,0.46,0.6,14.22,6.72,0.91,11.25,7.3
samples_design_11_dldesign_1_best,0.87,0.67,1.68,nan,nan,nan,0.59,1.15,16.45,7.74,0.9,22.74,19.01
samples_design_11_dldesign_2_best,0.85,0.44,0.75,nan,nan,nan,0.51,0.71,15.88,7.46,0.91,22.19,24.5
samples_design_11_dldesign_3_best,1.06,0.44,0.87,nan,nan,nan,0.52,0.84,16.64,7.8,0.91,18.87,15.04
samples_design_11_dldesign_4_best,1.16,0.52,0.9,nan,nan,nan,0.56,0.92,16.05,7.55,0.9,16.3,18.82
samples_design_11_dldesign_5_best,0.94,0.33,0.44,nan,nan,nan,0.45,0.65,16.32,7.67,0.9,19.77,10.93
samples_design_11_dldesign_6_best,0.58,0.68,1.4,nan,nan,nan,0.53,0.94,16.86,7.9,0.9,7.19,7.04
samples_design_11_dldesign_7_best,0.42,0.5,0.48,nan,nan,nan,0.48,0.47,11.23,5.45,0.9,12.67,6.69
samples_design_12_dldesign_0_best,1.05,0.68,1.56,nan,nan,nan,0.63,1.2,15.43,7.26,0.91,12.17,14.86
samples_design_12_dldesign_1_best,0.62,0.65,1.01,nan,nan,nan,0.49,0.8,14.66,6.94,0.91,9.0,4.36
samples_design_12_dldesign_2_best,0.66,0.51,1.05,nan,nan,nan,0.5,0.8,14.48,6.85,0.91,15.26,12.77
samples_design_12_dldesign_3_best,0.6,0.6,1.06,nan,nan,nan,0.52,0.81,15.22,7.18,0.91,12.66,11.04
samples_design_12_dldesign_4_best,0.56,0.64,0.81,nan,nan,nan,0.5,0.69,11.41,5.52,0.9,11.84,5.68
samples_design_12_dldesign_5_best,0.68,0.58,1.03,nan,nan,nan,0.51,0.81,14.87,7.04,0.91,13.32,12.62
samples_design_12_dldesign_6_best,0.53,0.57,0.81,nan,nan,nan,0.46,0.66,12.83,6.14,0.91,8.77,4.52
samples_design_12_dldesign_7_best,0.9,0.68,1.72,nan,nan,nan,0.66,1.24,14.6,6.92,0.91,12.55,12.8
samples_design_13_dldesign_0_best,0.61,0.63,2.6,nan,nan,nan,0.89,1.82,15.77,7.58,0.89,8.76,4.72
samples_design_13_dldesign_1_best,0.76,0.87,7.06,nan,nan,nan,2.2,4.82,11.64,5.73,0.9,16.79,14.0
samples_design_13_dldesign_2_best,0.75,0.9,6.34,nan,nan,nan,1.98,4.34,15.81,7.53,0.91,8.94,9.94
samples_design_13_dldesign_3_best,1.29,0.96,6.89,nan,nan,nan,2.16,4.74,11.42,5.67,0.89,15.75,13.65
samples_design_13_dldesign_4_best,1.05,0.77,6.49,nan,nan,nan,2.03,4.45,14.62,7.06,0.9,19.44,14.75
samples_design_13_dldesign_5_best,0.87,0.78,6.3,nan,nan,nan,1.97,4.31,16.05,7.63,0.91,7.04,8.39
samples_design_13_dldesign_6_best,0.96,0.71,6.55,nan,nan,nan,2.06,4.48,13.29,6.45,0.9,13.82,10.03
samples_design_13_dldesign_7_best,0.74,0.76,6.34,nan,nan,nan,1.98,4.33,13.25,6.43,0.9,17.13,14.46
samples_design_14_dldesign_0_best,1.02,0.63,2.04,nan,nan,nan,0.71,1.43,15.86,7.48,0.91,6.53,7.94
samples_design_14_dldesign_1_best,1.0,0.48,1.98,nan,nan,nan,0.74,1.38,13.11,6.28,0.9,7.81,6.02
samples_design_14_dldesign_2_best,1.06,0.68,2.42,nan,nan,nan,0.8,1.65,15.67,7.43,0.9,10.54,9.94
samples_design_14_dldesign_3_best,1.04,0.74,3.46,nan,nan,nan,1.04,2.25,14.94,7.12,0.89,14.97,13.31
samples_design_14_dldesign_4_best,1.12,0.53,2.27,nan,nan,nan,0.82,1.57,14.75,7.01,0.9,11.63,10.32
samples_design_14_dldesign_5_best,1.0,0.83,3.01,nan,nan,nan,0.95,1.99,15.44,7.32,0.9,19.5,14.43
samples_design_14_dldesign_6_best,0.63,0.41,1.82,nan,nan,nan,0.64,1.2,12.93,6.21,0.9,12.61,11.69
samples_design_14_dldesign_7_best,1.07,0.54,1.87,nan,nan,nan,0.74,1.34,13.48,6.45,0.9,10.46,9.03
samples_design_15_dldesign_0_best,0.77,0.54,1.22,nan,nan,nan,0.61,0.96,15.35,7.4,0.9,10.82,5.59
samples_design_15_dldesign_1_best,0.7,0.56,2.75,nan,nan,nan,0.95,1.92,14.4,6.98,0.89,11.04,5.19
samples_design_15_dldesign_2_best,0.5,0.63,1.25,nan,nan,nan,0.6,0.94,13.18,6.46,0.89,10.35,4.35
samples_design_15_dldesign_3_best,0.9,0.73,3.52,nan,nan,nan,1.19,2.46,14.88,7.2,0.89,19.96,12.69
samples_design_15_dldesign_4_best,0.77,0.52,1.02,nan,nan,nan,0.57,0.85,13.61,6.64,0.9,11.57,5.5
samples_design_15_dldesign_5_best,0.58,0.89,1.54,nan,nan,nan,0.63,1.18,14.72,7.09,0.9,9.38,5.67
samples_design_15_dldesign_6_best,0.68,0.65,4.11,nan,nan,nan,1.34,2.82,14.63,7.06,0.89,5.34,5.53
samples_design_15_dldesign_7_best,0.8,0.61,1.27,nan,nan,nan,0.62,1.01,11.85,5.86,0.89,11.14,5.18
samples_design_16_dldesign_0_best,0.94,0.86,0.96,nan,nan,nan,0.57,0.93,12.08,5.89,0.9,4.26,4.17
samples_design_16_dldesign_1_best,1.13,0.93,0.86,nan,nan,nan,0.58,0.96,11.43,5.61,0.91,2.1,2.05
samples_design_16_dldesign_2_best,0.96,0.86,0.69,nan,nan,nan,0.52,0.81,11.26,5.54,0.91,1.8,1.91
samples_design_16_dldesign_3_best,0.8,0.9,0.96,nan,nan,nan,0.56,0.9,12.72,6.19,0.91,5.46,5.32
samples_design_16_dldesign_4_best,0.55,0.87,0.85,nan,nan,nan,0.5,0.79,4.19,2.44,0.91,30.54,31.81
samples_design_16_dldesign_5_best,1.26,0.88,0.79,nan,nan,nan,0.59,0.96,9.79,4.89,0.9,2.1,1.69
samples_design_16_dldesign_6_best,0.86,0.76,0.77,nan,nan,nan,0.51,0.79,10.37,5.15,0.9,4.85,4.79
samples_design_16_dldesign_7_best,1.25,0.82,0.86,nan,nan,nan,0.58,0.97,11.69,5.72,0.91,3.06,2.42
samples_design_17_dldesign_0_best,0.79,0.67,0.75,nan,nan,nan,0.51,0.74,11.88,5.69,0.91,11.13,6.47
samples_design_17_dldesign_1_best,0.58,0.48,0.68,nan,nan,nan,0.45,0.59,12.27,5.87,0.91,8.56,5.25
samples_design_17_dldesign_2_best,0.75,0.54,0.76,nan,nan,nan,0.47,0.7,16.2,7.58,0.91,17.14,15.8
samples_design_17_dldesign_3_best,0.49,0.41,0.69,nan,nan,nan,0.41,0.54,6.63,3.47,0.9,6.91,4.48
samples_design_17_dldesign_4_best,0.83,0.62,0.51,nan,nan,nan,0.49,0.68,14.02,6.61,0.91,10.76,7.29
samples_design_17_dldesign_5_best,0.78,0.47,0.65,nan,nan,nan,0.51,0.66,10.87,5.26,0.91,8.12,4.55
samples_design_17_dldesign_6_best,0.86,0.66,1.32,nan,nan,nan,0.56,0.98,4.35,2.5,0.9,6.48,4.7
samples_design_17_dldesign_7_best,0.66,0.61,0.58,nan,nan,nan,0.5,0.62,12.1,5.78,0.91,8.83,5.28
samples_design_18_dldesign_0_best,0.8,0.64,2.0,nan,nan,nan,0.69,1.4,18.57,8.74,0.9,9.18,6.95
samples_design_18_dldesign_1_best,0.75,0.66,2.3,nan,nan,nan,0.79,1.57,16.49,7.83,0.91,21.27,19.88
samples_design_18_dldesign_2_best,0.89,0.52,1.8,nan,nan,nan,0.72,1.28,13.44,6.5,0.9,12.72,5.67
samples_design_18_dldesign_3_best,0.68,0.52,1.87,nan,nan,nan,0.68,1.29,15.0,7.19,0.9,9.94,4.97
samples_design_18_dldesign_4_best,0.76,0.3,3.54,nan,nan,nan,1.06,2.31,16.79,7.93,0.91,15.81,13.83
samples_design_18_dldesign_5_best,0.58,0.73,1.91,nan,nan,nan,0.67,1.32,17.16,8.13,0.9,20.95,15.7
samples_design_18_dldesign_6_best,0.71,0.56,3.35,nan,nan,nan,1.02,2.2,16.71,7.9,0.91,15.33,9.06
samples_design_18_dldesign_7_best,0.75,0.65,1.98,nan,nan,nan,0.68,1.37,17.49,8.26,0.9,15.94,14.31
samples_design_19_dldesign_0_best,1.0,0.3,1.43,nan,nan,nan,0.55,1.0,16.42,7.67,0.91,8.2,5.86
samples_design_19_dldesign_1_best,1.06,0.35,3.15,nan,nan,nan,0.82,1.8,15.31,7.2,0.9,19.02,20.03
samples_design_19_dldesign_2_best,0.86,0.51,3.2,nan,nan,nan,0.8,1.79,15.79,7.41,0.9,14.06,12.34
samples_design_19_dldesign_3_best,1.22,0.41,2.53,nan,nan,nan,0.78,1.55,14.73,6.96,0.9,14.36,6.69
samples_design_19_dldesign_4_best,1.11,0.35,2.67,nan,nan,nan,0.74,1.58,16.39,7.68,0.9,11.94,11.4
samples_design_19_dldesign_5_best,1.03,0.5,3.29,nan,nan,nan,0.84,1.87,16.22,7.6,0.9,13.28,11.92
samples_design_19_dldesign_6_best,1.11,0.38,2.85,nan,nan,nan,0.77,1.67,16.65,7.78,0.9,7.04,8.31
samples_design_19_dldesign_7_best,1.12,0.34,2.81,nan,nan,nan,0.77,1.65,15.15,7.12,0.9,12.27,5.33
samples_design_20_dldesign_0_best,0.76,0.52,1.99,nan,nan,nan,0.65,1.25,4.7,2.66,0.9,10.74,5.21
samples_design_20_dldesign_1_best,0.69,0.22,0.58,nan,nan,nan,0.44,0.55,13.96,6.59,0.91,11.75,7.54
samples_design_20_dldesign_2_best,0.97,0.68,1.03,nan,nan,nan,0.59,0.91,16.24,7.57,0.91,14.81,13.61
samples_design_20_dldesign_3_best,1.0,0.59,1.48,nan,nan,nan,0.58,1.08,15.49,7.29,0.9,10.45,6.73
samples_design_20_dldesign_4_best,0.76,0.49,3.74,nan,nan,nan,0.96,2.17,15.69,7.4,0.9,16.75,15.19
samples_design_20_dldesign_5_best,1.13,0.58,2.24,nan,nan,nan,0.75,1.47,14.97,7.12,0.9,16.9,15.53
samples_design_20_dldesign_6_best,0.86,0.61,0.8,nan,nan,nan,0.5,0.77,16.88,7.88,0.91,25.04,20.86
samples_design_20_dldesign_7_best,1.1,0.6,4.52,nan,nan,nan,1.17,2.64,16.9,7.91,0.9,16.54,14.53
samples_design_21_dldesign_0_best,0.86,0.72,4.41,nan,nan,nan,1.46,3.11,14.64,7.01,0.91,4.81,4.85
samples_design_21_dldesign_1_best,0.99,0.9,4.23,nan,nan,nan,1.42,3.01,15.89,7.56,0.91,7.36,8.65
samples_design_21_dldesign_2_best,0.68,0.62,3.95,nan,nan,nan,1.32,2.78,15.56,7.46,0.9,5.4,5.4
samples_design_21_dldesign_3_best,0.44,0.7,4.57,nan,nan,nan,1.5,3.19,13.75,6.63,0.9,7.36,4.94
samples_design_21_dldesign_4_best,0.81,0.77,4.34,nan,nan,nan,1.45,3.06,14.28,6.86,0.91,8.44,7.53
samples_design_21_dldesign_5_best,0.87,0.75,4.44,nan,nan,nan,1.47,3.13,16.01,7.62,0.91,18.65,15.48
samples_design_21_dldesign_6_best,0.92,0.74,4.4,nan,nan,nan,1.47,3.11,15.82,7.54,0.91,18.02,15.01
samples_design_21_dldesign_7_best,0.67,0.72,4.42,nan,nan,nan,1.46,3.1,14.48,6.97,0.9,3.87,3.62
samples_design_22_dldesign_0_best,0.79,1.11,1.74,nan,nan,nan,0.7,1.35,17.14,8.1,0.91,19.28,10.08
samples_design_22_dldesign_1_best,0.62,0.54,1.45,nan,nan,nan,0.61,1.05,12.62,6.18,0.89,8.5,5.13
samples_design_22_dldesign_2_best,0.45,0.53,1.1,nan,nan,nan,0.52,0.81,13.3,6.43,0.9,8.51,4.2
samples_design_22_dldesign_3_best,0.31,0.6,0.92,nan,nan,nan,0.48,0.7,15.0,7.15,0.91,12.2,8.41
samples_design_22_dldesign_4_best,0.6,0.88,4.02,nan,nan,nan,1.25,2.71,13.89,6.71,0.9,12.62,11.21
samples_design_22_dldesign_5_best,0.57,0.69,1.05,nan,nan,nan,0.51,0.84,10.65,5.28,0.9,6.96,3.78
samples_design_22_dldesign_6_best,0.44,0.55,1.02,nan,nan,nan,0.5,0.77,12.52,6.1,0.9,8.33,5.16
samples_design_22_dldesign_7_best,0.46,0.94,3.96,nan,nan,nan,1.23,2.67,14.22,6.86,0.9,16.13,12.02
samples_design_23_dldesign_0_best,0.75,0.65,6.26,nan,nan,nan,2.04,4.37,13.5,6.52,0.91,24.93,16.41
samples_design_23_dldesign_1_best,0.79,0.57,5.85,nan,nan,nan,1.92,4.09,11.04,5.5,0.89,24.57,16.29
samples_design_23_dldesign_2_best,0.56,0.5,1.86,nan,nan,nan,0.73,1.34,12.87,6.36,0.89,11.6,5.32
samples_design_23_dldesign_3_best,1.08,0.69,6.68,nan,nan,nan,2.17,4.67,14.42,6.98,0.9,18.34,15.15
samples_design_23_dldesign_4_best,0.61,0.63,6.07,nan,nan,nan,1.97,4.23,15.83,7.56,0.91,5.78,6.16
samples_design_23_dldesign_5_best,0.63,0.66,6.21,nan,nan,nan,2.02,4.33,13.17,6.37,0.91,24.27,16.57
samples_design_23_dldesign_6_best,0.98,0.59,2.21,nan,nan,nan,0.89,1.64,13.57,6.66,0.89,25.44,15.42
samples_design_23_dldesign_7_best,0.55,0.7,6.33,nan,nan,nan,2.05,4.41,15.04,7.17,0.91,13.29,9.41
samples_design_24_dldesign_0_best,0.59,0.7,0.87,nan,nan,nan,0.48,0.75,15.47,7.36,0.91,8.05,10.06
samples_design_24_dldesign_1_best,0.84,0.71,3.02,nan,nan,nan,0.99,2.07,14.97,7.12,0.91,7.85,3.95
samples_design_24_dldesign_2_best,0.46,0.7,1.67,nan,nan,nan,0.62,1.18,14.97,7.16,0.9,10.72,11.2
samples_design_24_dldesign_3_best,0.55,0.56,1.11,nan,nan,nan,0.5,0.84,14.45,6.92,0.91,9.35,6.03
samples_design_24_dldesign_4_best,0.38,0.6,0.68,nan,nan,nan,0.43,0.58,14.99,7.15,0.91,7.0,7.03
samples_design_24_dldesign_5_best,0.57,0.55,0.8,nan,nan,nan,0.47,0.68,12.17,5.94,0.9,3.41,1.98
samples_design_24_dldesign_6_best,0.53,0.51,1.25,nan,nan,nan,0.53,0.91,14.32,6.87,0.9,11.28,7.06
samples_design_24_dldesign_7_best,0.38,0.86,3.14,nan,nan,nan,1.01,2.13,13.02,6.31,0.9,17.58,11.2
samples_design_25_dldesign_0_best,0.79,0.38,4.28,nan,nan,nan,1.36,2.93,16.22,7.8,0.9,9.26,8.63
samples_design_25_dldesign_1_best,0.95,0.64,2.32,nan,nan,nan,0.85,1.68,15.43,7.4,0.91,17.51,17.43
samples_design_25_dldesign_2_best,1.06,0.59,2.61,nan,nan,nan,0.94,1.88,16.67,7.98,0.9,11.67,10.35
samples_design_25_dldesign_3_best,0.54,0.61,2.33,nan,nan,nan,0.81,1.64,15.93,7.61,0.91,26.37,22.14
samples_design_25_dldesign_4_best,0.81,0.4,2.69,nan,nan,nan,0.91,1.88,17.92,8.57,0.9,19.62,16.13
samples_design_25_dldesign_5_best,0.6,0.51,2.36,nan,nan,nan,0.81,1.65,17.23,8.18,0.91,22.91,20.29
samples_design_25_dldesign_6_best,0.64,0.63,2.34,nan,nan,nan,0.82,1.65,16.3,7.77,0.91,9.14,10.62
samples_design_25_dldesign_7_best,0.62,0.46,3.86,nan,nan,nan,1.23,2.65,14.98,7.2,0.9,10.29,10.08
samples_design_26_dldesign_0_best,1.04,0.46,3.18,nan,nan,nan,0.83,1.82,13.96,6.63,0.9,11.89,5.29
samples_design_26_dldesign_1_best,0.88,0.77,3.11,nan,nan,nan,0.8,1.78,16.74,7.84,0.9,19.29,13.27
samples_design_26_dldesign_2_best,0.94,0.65,2.92,nan,nan,nan,0.76,1.69,16.4,7.67,0.9,16.13,12.85
samples_design_26_dldesign_3_best,1.01,0.48,3.39,nan,nan,nan,0.86,1.92,14.7,6.95,0.9,12.83,5.41
samples_design_26_dldesign_4_best,1.09,0.4,1.25,nan,nan,nan,0.56,0.97,13.04,6.25,0.9,10.58,4.3
samples_design_26_dldesign_5_best,0.89,0.8,3.55,nan,nan,nan,0.86,2.01,16.2,7.57,0.9,11.84,11.59
samples_design_26_dldesign_6_best,0.93,0.59,3.43,nan,nan,nan,0.85,1.93,16.03,7.5,0.9,18.58,14.49
samples_design_26_dldesign_7_best,0.87,0.5,3.33,nan,nan,nan,0.84,1.86,13.85,6.57,0.91,12.89,5.67
samples_design_27_dldesign_0_best,0.94,1.2,0.87,nan,nan,nan,0.54,1.01,15.74,7.37,0.91,22.35,21.38
samples_design_27_dldesign_1_best,0.82,1.07,0.8,nan,nan,nan,0.51,0.9,16.34,7.63,0.91,20.33,11.66
samples_design_27_dldesign_2_best,0.9,1.12,0.78,nan,nan,nan,0.52,0.94,15.94,7.45,0.91,6.44,7.51
samples_design_27_dldesign_3_best,0.83,1.14,0.68,nan,nan,nan,0.55,0.9,14.77,6.94,0.91,27.28,15.93
samples_design_27_dldesign_4_best,0.99,1.3,0.57,nan,nan,nan,0.54,1.0,16.37,7.64,0.91,23.2,14.51
samples_design_27_dldesign_5_best,0.79,1.09,0.52,nan,nan,nan,0.5,0.83,15.84,7.41,0.91,27.45,16.67
samples_design_27_dldesign_6_best,0.97,1.25,1.16,nan,nan,nan,0.58,1.13,15.91,7.47,0.91,20.36,19.97
samples_design_27_dldesign_7_best,0.49,1.18,1.23,nan,nan,nan,0.55,1.0,16.45,7.7,0.91,29.26,23.53
samples_design_28_dldesign_0_best,0.67,0.81,3.43,nan,nan,nan,1.09,2.33,16.07,7.66,0.9,10.04,10.19
samples_design_28_dldesign_1_best,0.88,0.85,3.85,nan,nan,nan,1.22,2.62,14.85,7.12,0.9,18.27,12.42
samples_design_28_dldesign_2_best,0.89,0.78,3.9,nan,nan,nan,1.23,2.65,15.45,7.37,0.9,17.32,11.66
samples_design_28_dldesign_3_best,0.72,0.77,3.13,nan,nan,nan,1.01,2.14,14.78,7.06,0.91,10.82,11.3
samples_design_28_dldesign_4_best,0.78,0.63,1.14,nan,nan,nan,0.59,0.93,14.9,7.1,0.91,11.64,6.37
samples_design_28_dldesign_5_best,0.74,0.86,3.9,nan,nan,nan,1.23,2.64,14.73,7.06,0.9,14.13,11.02
samples_design_28_dldesign_6_best,0.54,0.73,3.25,nan,nan,nan,1.04,2.19,15.22,7.27,0.9,16.4,12.66
samples_design_28_dldesign_7_best,0.73,0.76,3.45,nan,nan,nan,1.1,2.34,16.05,7.67,0.9,14.19,10.25
samples_design_29_dldesign_0_best,0.58,0.55,0.64,nan,nan,nan,0.5,0.6,7.76,4.01,0.9,1.89,1.23
samples_design_29_dldesign_1_best,0.69,0.5,0.83,nan,nan,nan,0.51,0.73,12.12,5.95,0.9,6.19,5.62
samples_design_29_dldesign_2_best,0.89,0.69,0.75,nan,nan,nan,0.52,0.78,12.4,6.05,0.91,2.55,2.24
samples_design_29_dldesign_3_best,0.52,0.59,0.56,nan,nan,nan,0.43,0.56,13.12,6.37,0.91,4.8,4.08
samples_design_29_dldesign_4_best,0.92,0.7,0.74,nan,nan,nan,0.52,0.78,15.14,7.24,0.91,22.55,19.43
samples_design_29_dldesign_5_best,1.0,0.59,0.67,nan,nan,nan,0.55,0.76,9.87,4.93,0.9,1.39,1.12
samples_design_29_dldesign_6_best,0.9,0.58,0.81,nan,nan,nan,0.53,0.79,11.22,5.52,0.9,5.23,4.45
samples_design_29_dldesign_7_best,0.55,0.58,0.55,nan,nan,nan,0.42,0.56,10.91,5.42,0.9,5.08,4.5
samples_design_30_dldesign_0_best,0.48,0.69,2.75,nan,nan,nan,0.84,1.76,16.85,7.94,0.9,18.32,14.78
samples_design_30_dldesign_1_best,0.3,0.71,2.26,nan,nan,nan,0.72,1.46,15.42,7.23,0.92,22.89,16.96
samples_design_30_dldesign_2_best,0.47,0.46,1.53,nan,nan,nan,0.59,1.02,13.08,6.29,0.9,7.25,5.5
samples_design_30_dldesign_3_best,0.44,0.45,1.6,nan,nan,nan,0.58,1.05,12.32,5.95,0.9,8.02,6.15
samples_design_30_dldesign_4_best,0.62,0.6,2.19,nan,nan,nan,0.72,1.44,14.98,7.09,0.91,9.06,11.52
samples_design_30_dldesign_5_best,0.48,0.5,2.28,nan,nan,nan,0.72,1.46,16.89,7.95,0.9,24.54,20.64
samples_design_30_dldesign_6_best,0.41,0.48,2.28,nan,nan,nan,0.71,1.45,15.15,7.13,0.91,13.31,11.0
samples_design_30_dldesign_7_best,0.5,0.62,2.5,nan,nan,nan,0.78,1.6,15.23,7.23,0.9,8.36,10.48
samples_design_31_dldesign_0_best,0.61,0.52,4.96,nan,nan,nan,1.68,3.53,10.27,5.17,0.89,15.01,15.03
samples_design_31_dldesign_1_best,0.79,0.71,4.01,nan,nan,nan,1.38,2.89,19.42,9.16,0.9,20.25,18.58
samples_design_31_dldesign_2_best,1.03,0.61,5.03,nan,nan,nan,1.72,3.61,16.47,7.89,0.9,9.99,9.48
samples_design_31_dldesign_3_best,0.46,0.43,4.9,nan,nan,nan,1.65,3.48,13.46,6.52,0.91,11.3,11.39
samples_design_31_dldesign_4_best,0.41,0.61,2.22,nan,nan,nan,0.84,1.61,16.31,7.85,0.9,16.59,9.94
samples_design_31_dldesign_5_best,0.74,0.58,4.0,nan,nan,nan,1.38,2.87,17.29,8.27,0.9,8.94,7.6
samples_design_31_dldesign_6_best,1.08,0.6,3.62,nan,nan,nan,1.28,2.63,16.11,7.75,0.9,11.53,9.78
samples_design_31_dldesign_7_best,1.08,0.63,5.25,nan,nan,nan,1.79,3.77,19.28,9.14,0.9,21.35,18.57
samples_design_32_dldesign_0_best,0.49,0.78,0.99,nan,nan,nan,0.49,0.78,15.93,7.49,0.91,16.41,10.54
samples_design_32_dldesign_1_best,0.53,0.7,0.97,nan,nan,nan,0.49,0.76,14.85,7.0,0.91,12.63,8.06
samples_design_32_dldesign_2_best,0.57,0.78,1.4,nan,nan,nan,0.53,0.99,16.3,7.66,0.91,18.03,10.31
samples_design_32_dldesign_3_best,0.53,0.75,0.97,nan,nan,nan,0.46,0.77,16.18,7.57,0.91,14.3,12.07
samples_design_32_dldesign_4_best,1.39,0.65,0.94,nan,nan,nan,0.62,1.05,12.16,5.85,0.91,13.18,7.52
samples_design_32_dldesign_5_best,0.57,0.73,0.76,nan,nan,nan,0.45,0.69,15.83,7.44,0.91,15.48,11.97
samples_design_32_dldesign_6_best,0.6,0.67,0.84,nan,nan,nan,0.49,0.71,13.89,6.59,0.91,11.86,7.24
samples_design_32_dldesign_7_best,0.52,0.81,0.88,nan,nan,nan,0.45,0.75,16.05,7.54,0.91,24.94,21.64
samples_design_33_dldesign_0_best,0.73,0.38,0.96,nan,nan,nan,0.49,0.73,15.8,7.39,0.91,12.25,11.06
samples_design_33_dldesign_1_best,0.72,0.47,3.77,nan,nan,nan,0.96,2.18,16.01,7.54,0.9,17.28,15.99
samples_design_33_dldesign_2_best,0.67,0.31,0.96,nan,nan,nan,0.5,0.7,13.84,6.56,0.91,8.66,5.23
samples_design_33_dldesign_3_best,0.65,0.39,1.06,nan,nan,nan,0.51,0.75,16.15,7.56,0.91,15.75,12.64
samples_design_33_dldesign_4_best,0.83,0.41,1.59,nan,nan,nan,0.59,1.05,16.2,7.59,0.91,15.38,10.37
samples_design_33_dldesign_5_best,0.56,0.36,0.9,nan,nan,nan,0.51,0.64,11.29,5.47,0.9,9.33,4.79
samples_design_33_dldesign_6_best,0.7,0.34,1.97,nan,nan,nan,0.65,1.2,14.81,6.98,0.91,13.34,7.45
samples_design_33_dldesign_7_best,0.67,0.31,2.45,nan,nan,nan,0.71,1.45,14.07,6.67,0.9,13.95,15.06
samples_design_34_dldesign_0_best,0.37,0.69,2.54,nan,nan,nan,0.85,1.73,15.61,7.45,0.9,11.53,9.85
samples_design_34_dldesign_1_best,0.52,0.75,2.82,nan,nan,nan,0.91,1.92,15.17,7.23,0.91,24.25,17.21
samples_design_34_dldesign_2_best,0.38,0.81,2.73,nan,nan,nan,0.89,1.86,16.04,7.61,0.91,23.0,18.22
samples_design_34_dldesign_3_best,0.46,0.77,2.64,nan,nan,nan,0.88,1.8,15.82,7.53,0.9,18.35,11.31
samples_design_34_dldesign_4_best,0.43,0.76,0.79,nan,nan,nan,0.47,0.69,15.51,7.4,0.91,14.5,7.5
samples_design_34_dldesign_5_best,0.38,0.57,2.2,nan,nan,nan,0.77,1.49,14.63,7.05,0.9,13.81,6.04
samples_design_34_dldesign_6_best,0.41,0.59,2.72,nan,nan,nan,0.9,1.83,14.63,7.0,0.91,13.88,6.14
samples_design_34_dldesign_7_best,0.37,0.86,2.14,nan,nan,nan,0.75,1.49,16.47,7.82,0.91,23.14,13.98
samples_design_35_dldesign_0_best,0.72,0.79,2.16,nan,nan,nan,0.79,1.54,12.28,5.97,0.9,12.53,5.75
samples_design_35_dldesign_1_best,0.8,0.79,2.7,nan,nan,nan,0.91,1.88,16.37,7.79,0.9,21.76,12.52
samples_design_35_dldesign_2_best,0.8,0.81,0.43,nan,nan,nan,0.5,0.67,11.93,5.78,0.91,13.84,6.58
samples_design_35_dldesign_3_best,0.74,0.72,0.59,nan,nan,nan,0.49,0.67,11.88,5.79,0.9,6.0,2.58
samples_design_35_dldesign_4_best,0.69,0.7,2.09,nan,nan,nan,0.75,1.47,13.59,6.6,0.9,11.92,5.37
samples_design_35_dldesign_5_best,0.8,0.65,1.0,nan,nan,nan,0.53,0.86,12.47,6.04,0.9,2.58,2.02
samples_design_35_dldesign_6_best,0.82,1.02,0.58,nan,nan,nan,0.52,0.79,9.15,4.58,0.9,5.08,3.14
samples_design_35_dldesign_7_best,0.81,0.75,0.49,nan,nan,nan,0.53,0.67,12.98,6.27,0.9,12.2,5.76
samples_design_36_dldesign_0_best,0.41,0.53,1.2,nan,nan,nan,0.51,0.85,16.59,7.82,0.91,8.5,8.21
samples_design_36_dldesign_1_best,0.41,0.56,1.17,nan,nan,nan,0.5,0.84,17.34,8.18,0.91,20.29,13.94
samples_design_36_dldesign_2_best,0.5,0.6,3.39,nan,nan,nan,1.03,2.21,14.21,6.8,0.91,15.9,13.53
samples_design_36_dldesign_3_best,0.38,0.54,1.36,nan,nan,nan,0.53,0.94,16.17,7.63,0.91,23.13,16.55
samples_design_36_dldesign_4_best,0.46,0.82,1.34,nan,nan,nan,0.6,0.99,10.48,5.18,0.9,14.98,8.04
samples_design_36_dldesign_5_best,0.82,0.67,3.31,nan,nan,nan,1.02,2.2,15.8,7.5,0.91,12.7,13.02
samples_design_36_dldesign_6_best,0.37,0.54,1.37,nan,nan,nan,0.53,0.94,16.29,7.68,0.91,22.25,18.96
samples_design_36_dldesign_7_best,0.38,0.53,1.21,nan,nan,nan,0.5,0.85,17.27,8.11,0.91,19.87,15.41
samples_design_37_dldesign_0_best,1.0,0.63,2.11,nan,nan,nan,0.7,1.42,15.55,7.31,0.91,20.93,21.57
samples_design_37_dldesign_1_best,0.63,0.42,0.42,nan,nan,nan,0.41,0.5,16.12,7.55,0.91,19.39,20.16
samples_design_37_dldesign_2_best,0.6,0.51,0.43,nan,nan,nan,0.42,0.52,10.89,5.27,0.91,14.37,8.19
samples_design_37_dldesign_3_best,0.46,0.41,0.69,nan,nan,nan,0.4,0.54,15.06,7.08,0.91,5.35,6.12
samples_design_37_dldesign_4_best,0.41,0.33,0.45,nan,nan,nan,0.4,0.4,15.75,7.37,0.91,19.1,10.57
samples_design_37_dldesign_5_best,0.81,0.51,2.0,nan,nan,nan,0.66,1.3,15.37,7.23,0.91,18.73,11.05
samples_design_37_dldesign_6_best,0.64,0.33,0.66,nan,nan,nan,0.42,0.58,4.19,2.42,0.91,9.03,5.89
samples_design_37_dldesign_7_best,0.4,0.34,0.43,nan,nan,nan,0.39,0.39,13.85,6.55,0.91,20.29,10.9
samples_design_38_dldesign_0_best,1.19,0.71,3.3,nan,nan,nan,1.2,2.44,12.05,5.95,0.9,8.63,8.13
samples_design_38_dldesign_1_best,0.79,1.02,3.71,nan,nan,nan,1.31,2.7,14.71,7.09,0.91,8.62,8.82
samples_design_38_dldesign_2_best,0.9,0.94,3.56,nan,nan,nan,1.26,2.6,15.85,7.59,0.9,7.2,7.02
samples_design_38_dldesign_3_best,0.74,0.36,3.8,nan,nan,nan,1.31,2.72,18.34,8.73,0.9,22.16,18.21
samples_design_38_dldesign_4_best,1.0,0.98,2.82,nan,nan,nan,1.05,2.11,13.22,6.44,0.9,6.11,5.47
samples_design_38_dldesign_5_best,0.73,1.24,3.46,nan,nan,nan,1.24,2.55,13.03,6.37,0.9,12.69,10.73
samples_design_38_dldesign_6_best,0.83,1.17,3.72,nan,nan,nan,1.32,2.72,11.21,5.56,0.9,12.99,13.09
samples_design_38_dldesign_7_best,0.9,0.58,3.7,nan,nan,nan,1.3,2.68,15.43,7.41,0.91,13.53,12.29
samples_design_39_dldesign_0_best,0.62,0.25,1.65,nan,nan,nan,0.58,1.09,13.86,6.61,0.91,13.4,10.24
samples_design_39_dldesign_1_best,0.99,0.2,1.29,nan,nan,nan,0.56,0.98,12.59,6.07,0.9,11.71,8.02
samples_design_39_dldesign_2_best,0.98,0.55,2.13,nan,nan,nan,0.73,1.46,15.46,7.3,0.91,21.02,15.17
samples_design_39_dldesign_3_best,0.9,0.57,2.54,nan,nan,nan,0.83,1.68,12.64,6.06,0.91,20.86,14.67
samples_design_39_dldesign_4_best,0.9,0.61,2.03,nan,nan,nan,0.72,1.4,15.61,7.37,0.91,25.39,18.26
samples_design_39_dldesign_5_best,0.77,0.33,1.41,nan,nan,nan,0.56,0.99,13.21,6.33,0.91,10.71,7.52
samples_design_39_dldesign_6_best,0.81,0.53,2.05,nan,nan,nan,0.71,1.38,15.33,7.25,0.91,13.74,15.36
samples_design_39_dldesign_7_best,1.07,0.32,1.5,nan,nan,nan,0.62,1.13,13.1,6.27,0.91,10.63,7.68
samples_design_40_dldesign_0_best,0.48,0.6,3.34,nan,nan,nan,1.06,2.24,14.24,6.77,0.92,12.33,13.29
samples_design_40_dldesign_1_best,0.39,0.43,3.13,nan,nan,nan,1.0,2.09,16.06,7.61,0.91,15.64,15.09
samples_design_40_dldesign_2_best,0.44,0.57,3.45,nan,nan,nan,1.1,2.31,14.86,7.07,0.91,17.67,11.96
samples_design_40_dldesign_3_best,0.37,0.49,3.38,nan,nan,nan,1.06,2.26,15.0,7.15,0.91,12.34,14.21
samples_design_40_dldesign_4_best,0.65,0.5,2.67,nan,nan,nan,0.89,1.82,14.94,7.14,0.9,10.52,6.37
samples_design_40_dldesign_5_best,0.47,0.36,0.64,nan,nan,nan,0.44,0.53,13.4,6.44,0.91,11.06,6.16
samples_design_40_dldesign_6_best,0.47,0.4,3.05,nan,nan,nan,0.98,2.04,15.94,7.6,0.9,23.95,17.44
samples_design_40_dldesign_7_best,0.78,0.55,3.27,nan,nan,nan,1.04,2.22,15.93,7.59,0.9,12.79,13.63
samples_design_41_dldesign_0_best,1.06,0.69,1.66,nan,nan,nan,0.69,1.25,14.85,7.05,0.91,25.25,15.88
samples_design_41_dldesign_1_best,0.83,0.84,1.56,nan,nan,nan,0.63,1.17,15.86,7.48,0.91,8.1,4.93
samples_design_41_dldesign_2_best,0.49,0.95,1.22,nan,nan,nan,0.53,0.95,16.45,7.72,0.91,11.5,6.49
samples_design_41_dldesign_3_best,0.71,0.93,1.24,nan,nan,nan,0.56,1.0,16.11,7.57,0.91,24.22,18.82
samples_design_41_dldesign_4_best,0.89,0.99,1.47,nan,nan,nan,0.62,1.17,16.08,7.58,0.91,19.5,15.42
samples_design_41_dldesign_5_best,0.77,0.92,1.61,nan,nan,nan,0.64,1.19,16.6,7.77,0.91,22.71,20.05
samples_design_41_dldesign_6_best,0.81,0.86,1.67,nan,nan,nan,0.65,1.22,15.34,7.26,0.91,25.41,16.54
samples_design_41_dldesign_7_best,0.74,0.96,1.49,nan,nan,nan,0.6,1.14,16.25,7.65,0.91,10.71,9.26
samples_design_42_dldesign_0_best,0.39,0.39,1.78,nan,nan,nan,0.68,1.26,15.86,7.62,0.9,6.97,8.38
samples_design_42_dldesign_1_best,0.36,0.64,1.18,nan,nan,nan,0.53,0.9,14.77,7.12,0.9,8.14,5.81
samples_design_42_dldesign_2_best,0.35,0.69,1.24,nan,nan,nan,0.55,0.94,14.71,7.09,0.9,11.47,12.58
samples_design_42_dldesign_3_best,0.47,0.54,1.35,nan,nan,nan,0.57,1.0,15.88,7.61,0.9,20.89,14.47
samples_design_42_dldesign_4_best,0.73,0.67,2.41,nan,nan,nan,0.88,1.75,15.95,7.67,0.9,6.06,6.2
samples_design_42_dldesign_5_best,0.49,0.83,2.94,nan,nan,nan,1.03,2.09,15.42,7.4,0.9,14.1,12.06
samples_design_42_dldesign_6_best,0.6,0.82,1.41,nan,nan,nan,0.63,1.1,17.89,8.51,0.9,13.92,8.83
samples_design_42_dldesign_7_best,0.5,0.68,2.0,nan,nan,nan,0.75,1.45,15.74,7.57,0.9,16.0,15.19
samples_design_43_dldesign_0_best,0.81,0.89,0.56,nan,nan,nan,0.55,0.72,11.74,5.76,0.9,9.05,8.97
samples_design_43_dldesign_1_best,0.7,0.92,0.6,nan,nan,nan,0.52,0.71,14.54,7.0,0.91,23.21,19.23
samples_design_43_dldesign_2_best,0.76,0.69,0.64,nan,nan,nan,0.51,0.69,12.42,6.07,0.9,6.95,6.68
samples_design_43_dldesign_3_best,0.79,0.78,0.57,nan,nan,nan,0.51,0.69,11.41,5.6,0.9,3.21,2.72
samples_design_43_dldesign_4_best,0.71,0.73,0.53,nan,nan,nan,0.5,0.63,10.28,5.1,0.91,1.69,1.14
samples_design_43_dldesign_5_best,0.74,0.85,0.69,nan,nan,nan,0.55,0.74,13.81,6.67,0.9,4.65,4.65
samples_design_43_dldesign_6_best,0.74,0.63,0.7,nan,nan,nan,0.56,0.69,5.56,3.05,0.9,1.87,1.06
samples_design_43_dldesign_7_best,0.63,0.62,0.54,nan,nan,nan,0.5,0.59,8.01,4.13,0.9,1.35,0.93
samples_design_44_dldesign_0_best,0.59,0.47,0.82,nan,nan,nan,0.44,0.63,15.53,7.25,0.91,11.99,9.4
samples_design_44_dldesign_1_best,0.63,0.7,0.8,nan,nan,nan,0.44,0.7,15.79,7.37,0.91,19.17,12.66
samples_design_44_dldesign_2_best,0.57,0.6,0.73,nan,nan,nan,0.43,0.63,15.59,7.28,0.91,23.61,19.0
samples_design_44_dldesign_3_best,0.62,0.65,0.81,nan,nan,nan,0.44,0.68,15.55,7.26,0.91,16.92,15.89
samples_design_44_dldesign_4_best,0.58,0.52,0.75,nan,nan,nan,0.43,0.62,15.57,7.27,0.91,12.41,10.9
samples_design_44_dldesign_5_best,0.64,0.64,0.75,nan,nan,nan,0.45,0.67,15.98,7.46,0.91,21.02,22.47
samples_design_44_dldesign_6_best,0.63,0.55,0.82,nan,nan,nan,0.46,0.66,15.75,7.34,0.91,21.69,15.95
samples_design_44_dldesign_7_best,0.49,0.51,0.69,nan,nan,nan,0.41,0.56,16.13,7.52,0.91,16.44,19.47
samples_design_45_dldesign_0_best,0.94,0.4,1.09,nan,nan,nan,0.59,0.93,12.41,6.05,0.91,4.25,3.81
samples_design_45_dldesign_1_best,0.96,0.35,1.14,nan,nan,nan,0.6,0.97,12.88,6.26,0.9,4.77,4.29
samples_design_45_dldesign_2_best,1.02,0.41,0.81,nan,nan,nan,0.53,0.8,11.77,5.77,0.91,2.36,2.08
samples_design_45_dldesign_3_best,0.94,0.48,0.7,nan,nan,nan,0.5,0.73,12.94,6.29,0.9,3.85,3.6
samples_design_45_dldesign_4_best,0.92,0.41,0.79,nan,nan,nan,0.52,0.76,11.96,5.87,0.9,2.7,2.61
samples_design_45_dldesign_5_best,0.74,0.49,0.65,nan,nan,nan,0.47,0.64,11.94,5.87,0.9,3.19,3.18
samples_design_45_dldesign_6_best,0.95,0.58,0.83,nan,nan,nan,0.54,0.81,13.89,6.7,0.91,2.36,2.43
samples_design_45_dldesign_7_best,0.9,0.46,0.93,nan,nan,nan,0.55,0.84,16.34,7.77,0.91,21.74,22.69
samples_design_46_dldesign_0_best,1.17,0.69,1.8,nan,nan,nan,0.7,1.32,13.85,6.57,0.91,13.42,8.41
samples_design_46_dldesign_1_best,0.59,0.6,1.71,nan,nan,nan,0.59,1.12,13.62,6.47,0.91,15.46,8.92
samples_design_46_dldesign_2_best,1.13,0.88,1.82,nan,nan,nan,0.69,1.36,13.09,6.23,0.91,14.07,9.14
samples_design_46_dldesign_3_best,1.2,0.99,1.98,nan,nan,nan,0.74,1.47,15.84,7.42,0.91,21.86,18.09
samples_design_46_dldesign_4_best,0.85,0.55,1.92,nan,nan,nan,0.67,1.28,13.18,6.29,0.91,13.76,8.44
samples_design_46_dldesign_5_best,1.14,0.74,1.87,nan,nan,nan,0.7,1.36,10.42,5.09,0.9,13.37,7.89
samples_design_46_dldesign_6_best,0.77,0.76,1.14,nan,nan,nan,0.51,0.91,16.21,7.59,0.91,6.42,8.91
samples_design_46_dldesign_7_best,0.66,0.52,0.54,nan,nan,nan,0.42,0.58,14.22,6.72,0.91,15.62,10.98
samples_design_47_dldesign_0_best,0.64,0.46,1.6,nan,nan,nan,0.6,1.08,13.06,6.26,0.9,8.61,4.98
samples_design_47_dldesign_1_best,0.76,0.48,1.56,nan,nan,nan,0.65,1.09,9.82,4.87,0.9,2.7,1.78
samples_design_47_dldesign_2_best,1.04,0.62,2.15,nan,nan,nan,0.74,1.49,14.65,6.94,0.91,7.22,9.88
samples_design_47_dldesign_3_best,0.67,0.63,2.32,nan,nan,nan,0.77,1.52,13.47,6.44,0.91,17.63,12.54
samples_design_47_dldesign_4_best,0.83,0.62,2.05,nan,nan,nan,0.71,1.39,13.45,6.39,0.91,16.96,12.36
samples_design_47_dldesign_5_best,0.85,0.58,2.27,nan,nan,nan,0.76,1.52,14.42,6.84,0.91,14.13,11.57
samples_design_47_dldesign_6_best,0.69,0.47,1.25,nan,nan,nan,0.55,0.9,6.05,3.23,0.9,2.48,1.49
samples_design_47_dldesign_7_best,0.64,0.51,2.21,nan,nan,nan,0.72,1.44,14.43,6.79,0.92,11.31,10.85
samples_design_48_dldesign_0_best,0.91,0.89,1.83,nan,nan,nan,0.67,1.31,15.58,7.31,0.91,18.07,17.59
samples_design_48_dldesign_1_best,0.65,0.53,1.21,nan,nan,nan,0.51,0.86,16.57,7.75,0.91,18.29,17.41
samples_design_48_dldesign_2_best,0.54,0.29,0.43,nan,nan,nan,0.44,0.43,11.61,5.59,0.91,11.33,6.93
samples_design_48_dldesign_3_best,0.89,0.72,2.19,nan,nan,nan,0.72,1.45,13.46,6.4,0.91,12.63,8.24
samples_design_48_dldesign_4_best,0.57,0.32,0.41,nan,nan,nan,0.45,0.45,9.45,4.67,0.9,11.69,6.27
samples_design_48_dldesign_5_best,0.8,0.67,1.81,nan,nan,nan,0.65,1.23,16.35,7.65,0.91,19.27,16.29
samples_design_48_dldesign_6_best,0.55,0.43,0.29,nan,nan,nan,0.44,0.44,11.64,5.6,0.91,11.99,6.89
samples_design_48_dldesign_7_best,0.61,0.49,0.38,nan,nan,nan,0.46,0.5,9.63,4.74,0.9,8.15,5.18
samples_design_49_dldesign_0_best,0.77,0.77,0.68,nan,nan,nan,0.49,0.73,17.35,8.23,0.9,19.01,15.45
samples_design_49_dldesign_1_best,0.67,0.69,0.54,nan,nan,nan,0.48,0.61,8.87,4.49,0.9,1.06,0.86
samples_design_49_dldesign_2_best,0.68,0.59,0.54,nan,nan,nan,0.49,0.59,6.67,3.54,0.9,2.14,1.42
samples_design_49_dldesign_3_best,0.98,0.7,0.53,nan,nan,nan,0.51,0.72,11.82,5.79,0.91,3.09,2.74
samples_design_49_dldesign_4_best,0.65,0.68,0.67,nan,nan,nan,0.53,0.67,6.34,3.39,0.9,1.59,1.14
samples_design_49_dldesign_5_best,0.57,0.64,0.58,nan,nan,nan,0.47,0.59,6.99,3.67,0.9,0.91,0.87
samples_design_49_dldesign_6_best,0.65,0.66,0.56,nan,nan,nan,0.49,0.61,6.41,3.42,0.9,1.21,0.99
samples_design_49_dldesign_7_best,0.63,0.61,0.53,nan,nan,nan,0.48,0.58,7.01,3.67,0.9,1.37,1.22
samples_design_0_dldesign_0_best,0.57,0.57,3.0,nan,nan,nan,1.04,2.12,16.38,7.85,0.9,11.08,12.24
samples_design_0_dldesign_1_best,0.45,0.75,3.04,nan,nan,nan,1.05,2.15,16.33,7.82,0.91,25.69,19.33
samples_design_0_dldesign_2_best,0.64,0.53,4.16,nan,nan,nan,1.38,2.91,16.05,7.75,0.9,11.02,9.9
samples_design_0_dldesign_3_best,0.72,0.52,3.33,nan,nan,nan,1.14,2.35,15.16,7.32,0.9,10.19,9.57
samples_design_0_dldesign_4_best,0.59,0.6,3.35,nan,nan,nan,1.13,2.36,15.11,7.35,0.89,9.21,8.34
samples_design_0_dldesign_5_best,0.9,0.68,4.0,nan,nan,nan,1.36,2.83,16.22,7.86,0.9,14.24,10.01
samples_design_0_dldesign_6_best,0.57,0.63,3.04,nan,nan,nan,1.05,2.15,15.97,7.66,0.91,17.69,12.82
samples_design_0_dldesign_7_best,0.51,0.7,1.75,nan,nan,nan,0.7,1.28,16.58,7.92,0.91,6.66,4.76
samples_design_1_dldesign_0_best,0.7,0.58,1.1,nan,nan,nan,0.5,0.85,15.22,7.17,0.91,7.1,9.18
samples_design_1_dldesign_1_best,0.91,0.58,1.39,nan,nan,nan,0.59,1.05,15.84,7.46,0.91,19.14,9.93
samples_design_1_dldesign_2_best,0.82,0.66,1.34,nan,nan,nan,0.58,1.02,14.72,6.97,0.91,16.28,12.22
samples_design_1_dldesign_3_best,0.85,0.6,1.71,nan,nan,nan,0.64,1.21,14.79,6.99,0.92,11.06,10.99
samples_design_1_dldesign_4_best,0.9,0.57,1.32,nan,nan,nan,0.56,1.01,15.24,7.19,0.91,10.29,10.5
samples_design_1_dldesign_5_best,0.86,0.65,1.29,nan,nan,nan,0.57,1.0,15.35,7.23,0.92,14.5,10.78
samples_design_1_dldesign_6_best,0.63,0.63,1.3,nan,nan,nan,0.53,0.94,15.51,7.31,0.91,14.96,10.55
samples_design_1_dldesign_7_best,0.79,0.6,1.46,nan,nan,nan,0.58,1.06,15.08,7.11,0.91,15.8,11.84
samples_design_2_dldesign_0_best,0.61,0.67,2.02,nan,nan,nan,0.72,1.42,11.6,5.62,0.91,2.25,2.66
samples_design_2_dldesign_1_best,0.59,0.57,2.06,nan,nan,nan,0.72,1.42,12.27,5.92,0.91,3.09,2.68
samples_design_2_dldesign_2_best,0.45,0.57,2.03,nan,nan,nan,0.73,1.39,14.58,6.95,0.91,6.25,3.57
samples_design_2_dldesign_3_best,0.58,0.52,2.12,nan,nan,nan,0.73,1.46,13.54,6.48,0.91,7.0,3.72
samples_design_2_dldesign_4_best,0.55,0.54,2.07,nan,nan,nan,0.73,1.43,12.81,6.16,0.91,5.22,3.76
samples_design_2_dldesign_5_best,0.46,0.51,2.19,nan,nan,nan,0.74,1.49,15.15,7.19,0.91,12.45,7.55
samples_design_2_dldesign_6_best,0.59,0.56,2.13,nan,nan,nan,0.73,1.47,14.63,6.99,0.91,7.4,4.93
samples_design_2_dldesign_7_best,0.5,0.49,2.63,nan,nan,nan,0.86,1.77,11.38,5.58,0.9,9.24,4.12
samples_design_3_dldesign_0_best,0.99,0.86,0.74,nan,nan,nan,0.52,0.88,15.57,7.28,0.91,7.78,8.6
samples_design_3_dldesign_1_best,1.33,0.34,0.72,nan,nan,nan,0.54,0.93,15.71,7.34,0.91,14.88,14.24
samples_design_3_dldesign_2_best,0.53,0.86,0.67,nan,nan,nan,0.5,0.69,15.96,7.45,0.91,13.37,17.72
samples_design_3_dldesign_3_best,0.91,0.83,0.63,nan,nan,nan,0.5,0.82,15.92,7.42,0.91,11.76,9.19
samples_design_3_dldesign_4_best,0.68,0.86,0.77,nan,nan,nan,0.49,0.77,15.59,7.28,0.91,16.01,16.43
samples_design_3_dldesign_5_best,1.22,0.66,0.55,nan,nan,nan,0.56,0.9,16.03,7.48,0.91,16.84,18.48
samples_design_3_dldesign_6_best,1.33,0.47,0.62,nan,nan,nan,0.53,0.93,15.27,7.14,0.91,9.13,9.73
samples_design_3_dldesign_7_best,1.31,0.35,0.52,nan,nan,nan,0.52,0.89,15.66,7.31,0.91,8.71,7.07
samples_design_4_dldesign_0_best,0.52,0.81,2.26,nan,nan,nan,0.7,1.39,16.65,7.78,0.91,18.45,22.21
samples_design_4_dldesign_1_best,0.49,0.72,1.6,nan,nan,nan,0.57,1.03,16.84,7.86,0.91,24.64,20.44
samples_design_4_dldesign_2_best,0.66,0.59,0.7,nan,nan,nan,0.52,0.65,12.34,5.9,0.91,14.04,8.33
samples_design_4_dldesign_3_best,0.61,0.79,0.93,nan,nan,nan,0.5,0.78,16.27,7.58,0.91,22.62,17.3
samples_design_4_dldesign_4_best,0.48,0.74,1.72,nan,nan,nan,0.6,1.09,16.18,7.58,0.91,20.08,18.35
samples_design_4_dldesign_5_best,0.9,0.58,0.63,nan,nan,nan,0.54,0.73,12.69,6.05,0.91,13.92,7.82
samples_design_4_dldesign_6_best,0.87,0.77,2.5,nan,nan,nan,0.77,1.56,16.26,7.64,0.9,13.15,14.64
samples_design_4_dldesign_7_best,0.51,0.76,2.02,nan,nan,nan,0.66,1.25,16.18,7.57,0.91,15.19,12.0
samples_design_5_dldesign_0_best,0.57,0.53,1.14,nan,nan,nan,0.55,0.88,14.18,6.86,0.9,4.96,3.49
samples_design_5_dldesign_1_best,0.5,0.38,0.94,nan,nan,nan,0.51,0.73,15.62,7.5,0.9,22.09,20.11
samples_design_5_dldesign_2_best,0.44,0.41,0.86,nan,nan,nan,0.47,0.67,15.17,7.28,0.91,4.19,3.45
samples_design_5_dldesign_3_best,0.52,0.38,1.04,nan,nan,nan,0.53,0.79,15.0,7.22,0.9,23.17,19.61
samples_design_5_dldesign_4_best,0.55,0.35,1.14,nan,nan,nan,0.57,0.86,15.56,7.42,0.91,22.21,19.92
samples_design_5_dldesign_5_best,0.53,0.55,0.75,nan,nan,nan,0.46,0.65,11.94,5.87,0.9,1.01,0.81
samples_design_5_dldesign_6_best,0.48,0.37,0.95,nan,nan,nan,0.49,0.73,14.67,7.1,0.9,4.36,3.29
samples_design_5_dldesign_7_best,0.52,0.49,0.95,nan,nan,nan,0.5,0.75,11.93,5.88,0.89,3.01,2.94
samples_design_6_dldesign_0_best,0.6,0.58,1.16,nan,nan,nan,0.59,0.88,16.26,7.69,0.91,10.87,5.99
samples_design_6_dldesign_1_best,0.62,0.47,1.05,nan,nan,nan,0.53,0.81,14.17,6.79,0.91,12.01,6.36
samples_design_6_dldesign_2_best,0.91,0.54,0.67,nan,nan,nan,0.57,0.72,15.32,7.31,0.91,12.74,7.43
samples_design_6_dldesign_3_best,0.37,0.39,2.96,nan,nan,nan,0.96,1.97,10.86,5.34,0.9,13.05,5.72
samples_design_6_dldesign_4_best,0.32,0.41,2.28,nan,nan,nan,0.77,1.53,14.67,7.0,0.91,9.19,4.3
samples_design_6_dldesign_5_best,0.58,0.52,2.25,nan,nan,nan,0.8,1.54,16.43,7.81,0.9,6.87,7.07
samples_design_6_dldesign_6_best,0.48,0.44,2.04,nan,nan,nan,0.74,1.39,14.33,6.91,0.9,13.62,6.25
samples_design_6_dldesign_7_best,0.85,0.52,2.16,nan,nan,nan,0.81,1.52,14.95,7.13,0.91,13.11,5.9
samples_design_7_dldesign_0_best,0.55,0.36,5.65,nan,nan,nan,1.83,3.93,14.08,6.86,0.9,11.41,12.36
samples_design_7_dldesign_1_best,0.67,0.3,2.36,nan,nan,nan,0.85,1.68,16.4,7.89,0.9,16.41,15.62
samples_design_7_dldesign_2_best,0.85,0.53,3.01,nan,nan,nan,1.05,2.15,17.06,8.17,0.9,17.4,12.27
samples_design_7_dldesign_3_best,0.61,0.34,4.55,nan,nan,nan,1.49,3.17,15.55,7.51,0.9,11.38,11.18
samples_design_7_dldesign_4_best,1.12,0.52,3.35,nan,nan,nan,1.19,2.41,9.4,4.82,0.89,16.25,11.35
samples_design_7_dldesign_5_best,0.54,0.45,4.62,nan,nan,nan,1.52,3.22,16.2,7.81,0.9,11.15,11.94
samples_design_7_dldesign_6_best,0.63,0.4,2.31,nan,nan,nan,0.85,1.65,16.44,7.91,0.9,14.14,9.51
samples_design_7_dldesign_7_best,0.94,0.47,3.25,nan,nan,nan,1.13,2.32,16.06,7.68,0.91,18.22,12.75
samples_design_8_dldesign_0_best,0.58,0.58,1.03,nan,nan,nan,0.54,0.81,14.1,6.75,0.91,11.9,8.45
samples_design_8_dldesign_1_best,0.71,0.56,1.07,nan,nan,nan,0.54,0.85,15.5,7.37,0.91,9.61,6.96
samples_design_8_dldesign_2_best,0.53,0.59,3.08,nan,nan,nan,0.99,2.07,15.17,7.22,0.91,8.69,8.96
samples_design_8_dldesign_3_best,0.52,0.59,3.09,nan,nan,nan,1.0,2.08,14.68,7.01,0.91,13.31,10.55
samples_design_8_dldesign_4_best,0.55,0.46,1.15,nan,nan,nan,0.55,0.85,13.82,6.64,0.91,13.54,6.62
samples_design_8_dldesign_5_best,0.58,0.58,3.07,nan,nan,nan,0.99,2.07,15.09,7.23,0.9,9.52,9.27
samples_design_8_dldesign_6_best,0.38,0.57,3.02,nan,nan,nan,0.97,2.02,14.83,7.06,0.91,8.2,9.85
samples_design_8_dldesign_7_best,0.45,0.51,1.0,nan,nan,nan,0.5,0.75,15.06,7.17,0.91,7.19,5.9
samples_design_9_dldesign_0_best,0.87,1.18,5.89,nan,nan,nan,1.87,4.06,11.45,5.62,0.9,13.16,11.54
samples_design_9_dldesign_1_best,0.69,1.47,2.83,nan,nan,nan,1.01,2.08,15.69,7.45,0.91,6.16,5.77
samples_design_9_dldesign_2_best,0.59,1.3,3.31,nan,nan,nan,1.14,2.35,10.91,5.36,0.9,3.68,4.66
samples_design_9_dldesign_3_best,0.37,1.6,2.79,nan,nan,nan,0.99,2.06,8.6,4.35,0.9,6.84,6.99
samples_design_9_dldesign_4_best,0.82,1.3,3.32,nan,nan,nan,1.14,2.38,12.78,6.17,0.91,23.91,18.27
samples_design_9_dldesign_5_best,0.56,1.4,3.15,nan,nan,nan,1.09,2.27,16.24,7.68,0.91,13.75,11.77
samples_design_9_dldesign_6_best,0.61,1.47,2.73,nan,nan,nan,0.98,2.02,14.23,6.82,0.91,3.99,3.96
samples_design_9_dldesign_7_best,0.85,0.89,5.0,nan,nan,nan,1.61,3.45,14.09,6.75,0.91,3.55,4.67
samples_design_10_dldesign_0_best,1.01,0.72,1.91,nan,nan,nan,0.77,1.37,7.55,3.9,0.89,4.08,3.81
samples_design_10_dldesign_1_best,0.93,0.8,2.22,nan,nan,nan,0.79,1.53,15.29,7.22,0.91,25.08,17.38
samples_design_10_dldesign_2_best,0.71,0.9,1.8,nan,nan,nan,0.67,1.28,15.16,7.17,0.91,25.63,15.84
samples_design_10_dldesign_3_best,1.16,0.73,1.95,nan,nan,nan,0.76,1.44,13.27,6.36,0.9,7.16,4.04
samples_design_10_dldesign_4_best,0.84,0.82,1.92,nan,nan,nan,0.69,1.35,14.88,7.03,0.91,26.0,15.69
samples_design_10_dldesign_5_best,0.87,0.85,1.97,nan,nan,nan,0.72,1.39,15.34,7.26,0.91,26.11,16.73
samples_design_10_dldesign_6_best,0.54,1.08,2.65,nan,nan,nan,0.83,1.76,15.58,7.33,0.91,24.34,11.47
samples_design_10_dldesign_7_best,0.82,0.77,1.49,nan,nan,nan,0.57,1.11,18.35,8.57,0.9,19.43,17.52
samples_design_11_dldesign_0_best,0.41,0.61,0.72,nan,nan,nan,0.51,0.62,6.26,3.36,0.9,1.02,1.03
samples_design_11_dldesign_1_best,0.56,0.71,0.53,nan,nan,nan,0.44,0.58,12.37,6.03,0.9,4.67,3.98
samples_design_11_dldesign_2_best,0.81,0.74,0.65,nan,nan,nan,0.5,0.72,13.65,6.61,0.9,3.57,3.57
samples_design_11_dldesign_3_best,0.52,0.55,0.54,nan,nan,nan,0.46,0.54,13.01,6.34,0.9,8.48,5.33
samples_design_11_dldesign_4_best,0.56,0.72,0.74,nan,nan,nan,0.48,0.69,13.45,6.51,0.91,2.77,2.82
samples_design_11_dldesign_5_best,0.66,0.66,0.63,nan,nan,nan,0.49,0.64,14.02,6.76,0.91,3.21,3.08
samples_design_11_dldesign_6_best,0.59,0.84,0.66,nan,nan,nan,0.49,0.69,15.99,7.63,0.91,23.89,19.58
samples_design_11_dldesign_7_best,0.5,0.66,0.69,nan,nan,nan,0.49,0.64,11.07,5.46,0.9,7.67,7.65
samples_design_12_dldesign_0_best,0.77,0.68,2.08,nan,nan,nan,0.69,1.36,15.4,7.26,0.91,16.13,16.76
samples_design_12_dldesign_1_best,0.71,0.56,1.8,nan,nan,nan,0.63,1.19,15.42,7.25,0.91,14.73,14.78
samples_design_12_dldesign_2_best,0.59,0.4,1.21,nan,nan,nan,0.47,0.83,17.87,8.32,0.91,22.69,21.48
samples_design_12_dldesign_3_best,0.79,0.65,1.67,nan,nan,nan,0.62,1.15,15.76,7.4,0.91,20.56,10.37
samples_design_12_dldesign_4_best,0.56,0.47,1.18,nan,nan,nan,0.47,0.82,18.01,8.38,0.91,12.73,11.3
samples_design_12_dldesign_5_best,0.83,0.66,1.81,nan,nan,nan,0.64,1.23,15.59,7.32,0.91,14.17,15.66
samples_design_12_dldesign_6_best,0.5,0.44,2.43,nan,nan,nan,0.73,1.49,15.86,7.45,0.91,14.15,14.64
samples_design_12_dldesign_7_best,0.82,0.55,1.76,nan,nan,nan,0.62,1.19,13.35,6.37,0.91,8.02,5.54
samples_design_13_dldesign_0_best,0.8,0.9,4.08,nan,nan,nan,1.42,2.95,13.85,6.71,0.9,14.97,15.99
samples_design_13_dldesign_1_best,0.79,0.99,3.92,nan,nan,nan,1.36,2.84,13.02,6.36,0.9,18.72,16.8
samples_design_13_dldesign_2_best,0.74,0.84,3.83,nan,nan,nan,1.34,2.77,15.06,7.27,0.9,11.37,11.47
samples_design_13_dldesign_3_best,0.41,0.77,3.4,nan,nan,nan,1.2,2.44,14.4,6.97,0.9,9.93,9.3
samples_design_13_dldesign_4_best,0.78,0.72,3.14,nan,nan,nan,1.14,2.29,13.66,6.68,0.9,24.06,17.43
samples_design_13_dldesign_5_best,0.64,0.78,3.62,nan,nan,nan,1.27,2.61,15.6,7.51,0.91,6.03,5.91
samples_design_13_dldesign_6_best,0.53,0.84,3.8,nan,nan,nan,1.32,2.73,14.05,6.81,0.9,11.34,11.43
samples_design_13_dldesign_7_best,0.63,0.87,3.76,nan,nan,nan,1.32,2.71,16.66,7.97,0.91,9.29,8.45
samples_design_14_dldesign_0_best,0.67,0.89,1.23,nan,nan,nan,0.51,0.93,17.09,7.96,0.9,24.76,17.69
samples_design_14_dldesign_1_best,0.83,0.84,0.67,nan,nan,nan,0.51,0.8,12.85,6.1,0.9,11.95,7.67
samples_design_14_dldesign_2_best,0.68,1.11,2.24,nan,nan,nan,0.67,1.41,15.78,7.4,0.9,11.7,8.32
samples_design_14_dldesign_3_best,0.84,1.23,0.84,nan,nan,nan,0.56,0.99,16.27,7.56,0.91,16.18,15.26
samples_design_14_dldesign_4_best,0.84,0.9,0.78,nan,nan,nan,0.59,0.84,11.1,5.37,0.9,11.97,7.33
samples_design_14_dldesign_5_best,1.04,0.8,0.57,nan,nan,nan,0.53,0.85,12.74,6.05,0.91,10.99,7.58
samples_design_14_dldesign_6_best,0.9,0.98,0.85,nan,nan,nan,0.5,0.92,16.26,7.57,0.91,18.09,17.45
samples_design_14_dldesign_7_best,0.64,0.99,1.06,nan,nan,nan,0.49,0.89,16.08,7.51,0.91,18.93,18.73
samples_design_15_dldesign_0_best,0.61,0.47,1.35,nan,nan,nan,0.51,0.85,16.0,7.47,0.91,16.03,11.47
samples_design_15_dldesign_1_best,0.5,0.48,1.01,nan,nan,nan,0.45,0.68,16.62,7.73,0.91,12.81,12.94
samples_design_15_dldesign_2_best,0.51,0.53,0.92,nan,nan,nan,0.47,0.65,14.42,6.75,0.92,10.38,5.18
samples_design_15_dldesign_3_best,0.37,0.41,1.03,nan,nan,nan,0.45,0.64,16.04,7.46,0.91,24.47,19.45
samples_design_15_dldesign_4_best,0.6,0.62,1.47,nan,nan,nan,0.55,0.93,16.27,7.59,0.91,9.0,6.07
samples_design_15_dldesign_5_best,0.46,0.37,1.38,nan,nan,nan,0.5,0.81,16.05,7.5,0.91,16.32,15.35
samples_design_15_dldesign_6_best,0.65,0.49,1.1,nan,nan,nan,0.55,0.76,15.63,7.28,0.91,17.59,13.73
samples_design_15_dldesign_7_best,0.56,0.45,1.38,nan,nan,nan,0.55,0.85,15.41,7.23,0.91,12.13,6.95
samples_design_16_dldesign_0_best,0.75,0.67,2.35,nan,nan,nan,0.86,1.71,10.76,5.34,0.9,25.7,16.3
samples_design_16_dldesign_1_best,0.43,1.02,3.21,nan,nan,nan,1.1,2.29,15.64,7.46,0.91,22.97,16.93
samples_design_16_dldesign_2_best,0.5,1.01,1.86,nan,nan,nan,0.73,1.41,16.14,7.72,0.9,11.0,6.41
samples_design_16_dldesign_3_best,0.94,1.31,3.45,nan,nan,nan,1.2,2.52,13.09,6.37,0.9,18.65,12.75
samples_design_16_dldesign_4_best,0.4,1.26,3.06,nan,nan,nan,1.08,2.22,15.38,7.37,0.91,11.73,8.03
samples_design_16_dldesign_5_best,0.63,1.19,3.06,nan,nan,nan,1.07,2.22,16.28,7.84,0.89,14.86,7.44
samples_design_16_dldesign_6_best,0.49,0.82,1.75,nan,nan,nan,0.7,1.3,10.95,5.48,0.89,6.75,3.72
samples_design_16_dldesign_7_best,0.79,1.16,3.02,nan,nan,nan,1.06,2.21,13.43,6.56,0.9,23.7,17.66
samples_design_17_dldesign_0_best,0.52,0.55,1.45,nan,nan,nan,0.54,0.89,16.63,7.74,0.91,18.14,16.98
samples_design_17_dldesign_1_best,0.99,0.58,1.37,nan,nan,nan,0.59,1.01,16.17,7.53,0.91,20.47,21.6
samples_design_17_dldesign_2_best,0.56,0.4,1.41,nan,nan,nan,0.56,0.85,15.19,7.1,0.91,12.22,14.82
samples_design_17_dldesign_3_best,0.9,0.53,1.58,nan,nan,nan,0.63,1.05,15.67,7.32,0.91,17.63,15.52
samples_design_17_dldesign_4_best,0.5,0.73,1.54,nan,nan,nan,0.54,0.97,15.96,7.45,0.91,13.86,12.07
samples_design_17_dldesign_5_best,0.56,0.62,1.42,nan,nan,nan,0.55,0.9,15.73,7.33,0.91,15.9,17.48
samples_design_17_dldesign_6_best,0.89,0.53,1.39,nan,nan,nan,0.58,0.97,16.07,7.49,0.91,19.94,24.1
samples_design_17_dldesign_7_best,0.61,0.42,1.49,nan,nan,nan,0.55,0.91,12.18,5.81,0.91,9.11,7.01
samples_design_18_dldesign_0_best,0.71,1.26,2.05,nan,nan,nan,0.7,1.42,16.26,7.62,0.9,12.53,10.65
samples_design_18_dldesign_1_best,0.73,0.94,1.05,nan,nan,nan,0.57,0.91,14.28,6.75,0.91,11.53,7.44
samples_design_18_dldesign_2_best,0.64,1.28,1.47,nan,nan,nan,0.58,1.16,16.1,7.52,0.91,24.0,24.1
samples_design_18_dldesign_3_best,0.73,1.12,2.21,nan,nan,nan,0.69,1.46,16.3,7.64,0.9,24.55,21.5
samples_design_18_dldesign_4_best,0.82,1.11,1.61,nan,nan,nan,0.62,1.21,16.95,7.89,0.91,28.0,21.59
samples_design_18_dldesign_5_best,0.71,1.24,1.94,nan,nan,nan,0.66,1.36,16.37,7.67,0.9,21.91,17.74
samples_design_18_dldesign_6_best,0.81,1.01,1.86,nan,nan,nan,0.66,1.29,17.89,8.31,0.91,35.62,28.16
samples_design_18_dldesign_7_best,0.66,1.11,1.25,nan,nan,nan,0.57,1.02,15.62,7.35,0.91,12.55,10.8
samples_design_19_dldesign_0_best,0.85,0.72,3.64,nan,nan,nan,1.15,2.48,14.7,7.09,0.89,14.6,11.57
samples_design_19_dldesign_1_best,0.64,0.57,0.89,nan,nan,nan,0.51,0.75,13.6,6.56,0.9,6.1,3.64
samples_design_19_dldesign_2_best,0.56,0.82,0.88,nan,nan,nan,0.52,0.78,16.6,7.88,0.9,19.24,13.08
samples_design_19_dldesign_3_best,0.65,0.81,0.9,nan,nan,nan,0.52,0.81,16.04,7.61,0.91,10.55,10.83
samples_design_19_dldesign_4_best,0.7,0.51,0.97,nan,nan,nan,0.54,0.79,13.39,6.47,0.9,6.51,4.13
samples_design_19_dldesign_5_best,0.72,0.59,1.17,nan,nan,nan,0.57,0.92,12.01,5.87,0.9,3.66,2.42
samples_design_19_dldesign_6_best,0.69,0.54,0.84,nan,nan,nan,0.49,0.72,16.0,7.58,0.91,16.63,11.71
samples_design_19_dldesign_7_best,0.73,0.69,2.77,nan,nan,nan,0.93,1.9,15.18,7.29,0.9,13.95,10.75
samples_design_20_dldesign_0_best,1.36,0.46,1.76,nan,nan,nan,0.79,1.45,14.63,7.03,0.91,11.69,11.52
samples_design_20_dldesign_1_best,1.25,0.55,1.68,nan,nan,nan,0.74,1.38,14.69,7.08,0.91,13.71,14.05
samples_design_20_dldesign_2_best,1.11,0.44,1.75,nan,nan,nan,0.73,1.38,15.52,7.43,0.91,9.33,8.22
samples_design_20_dldesign_3_best,1.29,0.46,1.61,nan,nan,nan,0.73,1.34,14.91,7.15,0.91,12.44,12.15
samples_design_20_dldesign_4_best,1.23,0.72,1.65,nan,nan,nan,0.73,1.37,15.35,7.37,0.91,4.18,2.68
samples_design_20_dldesign_5_best,1.26,0.36,1.85,nan,nan,nan,0.77,1.47,15.21,7.28,0.91,11.45,10.94
samples_design_20_dldesign_6_best,1.26,0.58,1.63,nan,nan,nan,0.73,1.36,15.1,7.24,0.91,10.79,10.3
samples_design_20_dldesign_7_best,1.23,0.58,1.7,nan,nan,nan,0.74,1.39,15.48,7.41,0.91,9.59,8.67
samples_design_21_dldesign_0_best,0.87,0.66,1.01,nan,nan,nan,0.54,0.86,15.12,7.14,0.9,20.73,14.1
samples_design_21_dldesign_1_best,0.89,0.86,4.14,nan,nan,nan,1.08,2.44,16.61,7.82,0.9,19.31,17.31
samples_design_21_dldesign_2_best,0.85,0.61,0.64,nan,nan,nan,0.49,0.71,13.49,6.38,0.91,11.43,7.72
samples_design_21_dldesign_3_best,0.88,0.65,1.67,nan,nan,nan,0.59,1.14,15.84,7.46,0.9,18.7,15.85
samples_design_21_dldesign_4_best,0.72,0.72,4.37,nan,nan,nan,1.12,2.53,17.11,8.01,0.9,19.87,13.83
samples_design_21_dldesign_5_best,0.71,0.71,0.98,nan,nan,nan,0.52,0.81,15.14,7.11,0.91,19.75,16.11
samples_design_21_dldesign_6_best,0.56,0.71,0.59,nan,nan,nan,0.47,0.62,15.75,7.37,0.91,6.26,7.52
samples_design_21_dldesign_7_best,0.84,0.7,3.49,nan,nan,nan,0.93,2.06,15.93,7.5,0.9,18.28,15.24
samples_design_22_dldesign_0_best,0.91,1.19,0.85,nan,nan,nan,0.56,0.97,14.33,6.81,0.91,15.88,7.51
samples_design_22_dldesign_1_best,0.87,0.58,1.31,nan,nan,nan,0.57,1.02,16.84,7.93,0.91,17.17,16.89
samples_design_22_dldesign_2_best,0.77,0.66,1.26,nan,nan,nan,0.59,0.98,17.25,8.14,0.91,8.94,5.39
samples_design_22_dldesign_3_best,0.6,0.61,1.34,nan,nan,nan,0.54,0.97,16.25,7.69,0.91,13.28,7.39
samples_design_22_dldesign_4_best,0.9,0.88,1.02,nan,nan,nan,0.56,0.94,14.98,7.1,0.91,13.47,6.48
samples_design_22_dldesign_5_best,0.87,0.63,1.88,nan,nan,nan,0.72,1.34,15.78,7.52,0.9,24.91,14.7
samples_design_22_dldesign_6_best,0.73,0.47,1.09,nan,nan,nan,0.55,0.85,15.59,7.39,0.91,23.36,14.48
samples_design_22_dldesign_7_best,0.8,0.61,1.51,nan,nan,nan,0.6,1.11,17.05,8.07,0.9,24.94,17.24
samples_design_23_dldesign_0_best,0.49,0.68,0.82,nan,nan,nan,0.49,0.71,10.85,5.34,0.9,3.29,2.03
samples_design_23_dldesign_1_best,1.1,0.63,1.23,nan,nan,nan,0.67,1.07,11.15,5.54,0.89,5.7,2.88
samples_design_23_dldesign_2_best,0.98,0.7,1.48,nan,nan,nan,0.7,1.18,12.8,6.27,0.89,25.24,16.26
samples_design_23_dldesign_3_best,0.95,0.66,1.65,nan,nan,nan,0.71,1.27,11.2,5.55,0.89,11.46,5.95
samples_design_23_dldesign_4_best,1.03,0.66,1.07,nan,nan,nan,0.61,0.97,10.88,5.41,0.89,12.61,5.74
samples_design_23_dldesign_5_best,1.29,0.66,1.3,nan,nan,nan,0.68,1.17,10.99,5.48,0.89,5.92,2.9
samples_design_23_dldesign_6_best,0.8,0.64,0.76,nan,nan,nan,0.52,0.74,3.43,2.13,0.91,0.79,0.87
samples_design_23_dldesign_7_best,0.89,0.61,0.76,nan,nan,nan,0.54,0.77,12.54,6.13,0.9,6.14,2.84
samples_design_24_dldesign_0_best,0.51,0.93,1.57,nan,nan,nan,0.62,1.07,15.87,7.39,0.92,17.33,17.11
samples_design_24_dldesign_1_best,0.84,0.99,0.55,nan,nan,nan,0.55,0.82,15.75,7.38,0.91,17.05,13.44
samples_design_24_dldesign_2_best,0.86,0.96,0.44,nan,nan,nan,0.55,0.79,15.69,7.34,0.91,23.84,21.62
samples_design_24_dldesign_3_best,0.69,1.27,2.0,nan,nan,nan,0.71,1.39,15.7,7.32,0.92,18.92,15.17
samples_design_24_dldesign_4_best,0.74,0.86,0.53,nan,nan,nan,0.46,0.72,16.38,7.64,0.91,17.25,14.8
samples_design_24_dldesign_5_best,0.69,1.13,1.74,nan,nan,nan,0.65,1.24,15.33,7.18,0.91,10.44,7.08
samples_design_24_dldesign_6_best,0.73,1.01,0.54,nan,nan,nan,0.54,0.78,15.54,7.28,0.91,21.61,20.67
samples_design_24_dldesign_7_best,0.6,0.84,0.64,nan,nan,nan,0.47,0.7,16.15,7.52,0.92,16.44,12.84
samples_design_25_dldesign_0_best,0.63,0.68,0.91,nan,nan,nan,0.51,0.77,12.76,6.19,0.9,9.01,4.03
samples_design_25_dldesign_1_best,0.62,0.65,0.85,nan,nan,nan,0.5,0.74,10.87,5.37,0.9,9.39,4.0
samples_design_25_dldesign_2_best,0.65,0.88,2.26,nan,nan,nan,0.81,1.6,15.02,7.21,0.9,25.83,18.6
samples_design_25_dldesign_3_best,0.65,0.66,1.99,nan,nan,nan,0.74,1.4,13.35,6.48,0.89,25.07,17.75
samples_design_25_dldesign_4_best,0.52,0.8,1.96,nan,nan,nan,0.72,1.39,15.31,7.28,0.91,25.68,16.64
samples_design_25_dldesign_5_best,0.58,0.72,2.7,nan,nan,nan,0.91,1.85,15.24,7.29,0.9,4.44,3.16
samples_design_25_dldesign_6_best,0.59,0.81,1.61,nan,nan,nan,0.63,1.18,16.48,7.8,0.91,8.67,7.73
samples_design_25_dldesign_7_best,0.73,0.72,1.33,nan,nan,nan,0.63,1.04,14.14,6.78,0.9,9.74,4.78
samples_design_26_dldesign_0_best,0.78,0.53,1.41,nan,nan,nan,0.58,1.02,15.5,7.31,0.91,19.9,9.61
samples_design_26_dldesign_1_best,0.86,0.64,1.71,nan,nan,nan,0.64,1.22,15.19,7.17,0.91,9.39,8.58
samples_design_26_dldesign_2_best,0.85,0.69,1.2,nan,nan,nan,0.54,0.96,16.23,7.62,0.91,1.75,1.63
samples_design_26_dldesign_3_best,0.96,0.6,2.15,nan,nan,nan,0.74,1.48,14.81,7.02,0.91,10.59,11.36
samples_design_26_dldesign_4_best,1.13,0.29,1.62,nan,nan,nan,0.69,1.2,14.51,6.89,0.91,10.16,6.64
samples_design_26_dldesign_5_best,0.93,0.82,1.45,nan,nan,nan,0.6,1.13,14.59,6.92,0.91,13.53,8.42
samples_design_26_dldesign_6_best,1.09,0.43,1.83,nan,nan,nan,0.71,1.31,13.6,6.48,0.91,7.83,7.57
samples_design_26_dldesign_7_best,0.86,0.67,2.51,nan,nan,nan,0.84,1.66,12.46,6.0,0.9,11.03,9.47
samples_design_27_dldesign_0_best,1.17,0.81,0.7,nan,nan,nan,0.57,0.88,11.33,5.58,0.9,7.17,6.78
samples_design_27_dldesign_1_best,1.03,0.81,0.75,nan,nan,nan,0.55,0.85,10.08,5.05,0.89,2.54,2.69
samples_design_27_dldesign_2_best,1.57,0.88,1.3,nan,nan,nan,0.73,1.3,12.73,6.2,0.9,3.74,2.63
samples_design_27_dldesign_3_best,1.2,0.75,0.7,nan,nan,nan,0.57,0.88,16.37,7.78,0.91,22.31,21.99
samples_design_27_dldesign_4_best,0.97,0.75,1.37,nan,nan,nan,0.67,1.14,10.0,5.0,0.89,1.78,1.99
samples_design_27_dldesign_5_best,1.04,0.74,1.4,nan,nan,nan,0.68,1.17,12.29,6.01,0.9,1.37,1.78
samples_design_27_dldesign_6_best,1.23,0.7,1.04,nan,nan,nan,0.63,1.03,13.75,6.66,0.9,7.93,5.26
samples_design_27_dldesign_7_best,1.16,0.76,0.6,nan,nan,nan,0.54,0.83,12.83,6.23,0.9,6.66,7.18
samples_design_28_dldesign_0_best,0.6,0.58,1.17,nan,nan,nan,0.52,0.86,16.02,7.54,0.91,16.56,14.32
samples_design_28_dldesign_1_best,0.67,0.51,1.9,nan,nan,nan,0.67,1.26,14.73,6.95,0.92,14.69,12.28
samples_design_28_dldesign_2_best,0.61,0.37,0.78,nan,nan,nan,0.46,0.63,13.64,6.52,0.9,11.45,6.21
samples_design_28_dldesign_3_best,0.55,0.51,0.9,nan,nan,nan,0.48,0.69,14.8,7.02,0.91,14.3,9.68
samples_design_28_dldesign_4_best,0.43,0.47,1.48,nan,nan,nan,0.57,0.98,14.84,7.04,0.91,14.8,12.45
samples_design_28_dldesign_5_best,0.58,0.42,1.6,nan,nan,nan,0.59,1.07,15.9,7.47,0.91,5.69,5.84
samples_design_28_dldesign_6_best,0.86,0.63,0.99,nan,nan,nan,0.52,0.86,13.85,6.62,0.9,9.81,5.92
samples_design_28_dldesign_7_best,0.53,0.62,0.87,nan,nan,nan,0.48,0.7,15.56,7.35,0.91,13.44,12.06
samples_design_29_dldesign_0_best,0.94,0.61,3.76,nan,nan,nan,1.29,2.67,13.26,6.39,0.91,6.43,5.24
samples_design_29_dldesign_1_best,0.76,0.51,3.27,nan,nan,nan,1.13,2.32,15.46,7.37,0.91,7.3,4.14
samples_design_29_dldesign_2_best,0.91,0.5,1.03,nan,nan,nan,0.56,0.89,13.42,6.55,0.9,4.0,4.21
samples_design_29_dldesign_3_best,0.39,0.81,2.29,nan,nan,nan,0.84,1.65,16.07,7.76,0.89,15.06,6.66
samples_design_29_dldesign_4_best,0.94,0.59,2.97,nan,nan,nan,1.05,2.14,14.3,6.89,0.91,2.26,3.07
samples_design_29_dldesign_5_best,0.67,0.74,0.71,nan,nan,nan,0.5,0.71,13.3,6.52,0.9,1.31,1.58
samples_design_29_dldesign_6_best,0.86,0.54,3.13,nan,nan,nan,1.1,2.23,14.55,7.0,0.9,4.63,4.58
samples_design_29_dldesign_7_best,0.93,0.65,3.34,nan,nan,nan,1.16,2.39,15.26,7.28,0.91,7.59,6.03
samples_design_30_dldesign_0_best,0.64,0.64,2.33,nan,nan,nan,0.86,1.68,17.94,8.53,0.91,19.59,12.31
samples_design_30_dldesign_1_best,0.5,0.55,3.66,nan,nan,nan,1.22,2.56,17.25,8.26,0.9,15.11,12.29
samples_design_30_dldesign_2_best,0.49,0.55,1.97,nan,nan,nan,0.74,1.42,16.0,7.69,0.9,3.0,2.4
samples_design_30_dldesign_3_best,0.81,0.6,5.73,nan,nan,nan,1.86,4.0,17.7,8.48,0.9,24.77,16.75
samples_design_30_dldesign_4_best,0.72,0.6,3.46,nan,nan,nan,1.17,2.44,16.88,8.05,0.9,5.76,4.9
samples_design_30_dldesign_5_best,1.05,0.6,6.25,nan,nan,nan,2.03,4.37,16.92,8.14,0.9,16.85,17.36
samples_design_30_dldesign_6_best,0.71,0.64,3.35,nan,nan,nan,1.14,2.37,18.63,8.84,0.9,32.4,28.28
samples_design_30_dldesign_7_best,1.03,0.59,7.05,nan,nan,nan,2.28,4.92,17.19,8.23,0.9,15.27,17.26
samples_design_31_dldesign_0_best,1.14,0.34,0.73,nan,nan,nan,0.53,0.82,15.25,7.16,0.91,16.89,11.13
samples_design_31_dldesign_1_best,1.18,0.61,4.27,nan,nan,nan,1.11,2.53,15.93,7.49,0.9,13.91,10.21
samples_design_31_dldesign_2_best,0.92,0.42,0.65,nan,nan,nan,0.5,0.71,13.54,6.42,0.91,12.23,6.68
samples_design_31_dldesign_3_best,0.99,0.57,2.28,nan,nan,nan,0.71,1.45,15.46,7.28,0.91,18.3,11.35
samples_design_31_dldesign_4_best,0.94,0.72,2.66,nan,nan,nan,0.78,1.65,16.68,7.84,0.9,25.67,22.48
samples_design_31_dldesign_5_best,0.97,0.73,2.9,nan,nan,nan,0.83,1.78,17.07,8.01,0.9,16.81,17.45
samples_design_31_dldesign_6_best,1.11,0.35,0.58,nan,nan,nan,0.51,0.77,12.43,5.95,0.9,13.23,6.67
samples_design_31_dldesign_7_best,0.89,0.6,2.42,nan,nan,nan,0.72,1.5,16.48,7.73,0.9,20.71,17.68
samples_design_32_dldesign_0_best,0.64,0.57,1.35,nan,nan,nan,0.55,0.96,15.82,7.49,0.91,21.09,13.72
samples_design_32_dldesign_1_best,0.62,0.83,1.81,nan,nan,nan,0.66,1.25,15.47,7.34,0.91,17.75,11.78
samples_design_32_dldesign_2_best,0.63,0.71,1.4,nan,nan,nan,0.59,1.01,15.37,7.28,0.91,4.3,4.13
samples_design_32_dldesign_3_best,0.58,0.63,1.67,nan,nan,nan,0.6,1.13,16.11,7.64,0.9,17.12,15.32
samples_design_32_dldesign_4_best,0.39,0.64,0.81,nan,nan,nan,0.49,0.64,13.83,6.63,0.9,12.07,7.45
samples_design_32_dldesign_5_best,0.39,0.7,1.26,nan,nan,nan,0.56,0.89,16.16,7.62,0.91,17.88,17.4
samples_design_32_dldesign_6_best,0.52,0.58,1.3,nan,nan,nan,0.57,0.91,14.47,6.93,0.9,9.12,7.11
samples_design_32_dldesign_7_best,0.59,0.59,1.26,nan,nan,nan,0.57,0.91,12.3,5.97,0.9,11.15,8.37
samples_design_33_dldesign_0_best,0.41,0.76,3.37,nan,nan,nan,1.06,2.27,15.93,7.57,0.9,11.48,10.17
samples_design_33_dldesign_1_best,0.86,0.69,3.47,nan,nan,nan,1.11,2.36,13.73,6.6,0.9,12.37,10.77
samples_design_33_dldesign_2_best,0.92,0.51,0.94,nan,nan,nan,0.59,0.84,14.15,6.78,0.91,10.65,5.64
samples_design_33_dldesign_3_best,0.46,0.64,3.17,nan,nan,nan,1.01,2.13,15.41,7.35,0.9,9.95,10.39
samples_design_33_dldesign_4_best,0.58,0.48,2.57,nan,nan,nan,0.86,1.74,10.66,5.29,0.89,5.12,2.52
samples_design_33_dldesign_5_best,0.37,0.62,3.4,nan,nan,nan,1.07,2.28,15.72,7.48,0.91,7.76,7.55
samples_design_33_dldesign_6_best,0.64,0.45,0.77,nan,nan,nan,0.49,0.66,13.69,6.6,0.9,8.2,3.61
samples_design_33_dldesign_7_best,0.47,0.44,1.03,nan,nan,nan,0.51,0.76,14.09,6.79,0.9,12.04,5.42
samples_design_34_dldesign_0_best,0.34,0.64,1.23,nan,nan,nan,0.56,0.93,12.06,5.87,0.91,1.96,1.65
samples_design_34_dldesign_1_best,0.92,0.87,4.08,nan,nan,nan,1.37,2.9,16.79,8.0,0.9,9.19,7.72
samples_design_34_dldesign_2_best,0.71,0.69,1.4,nan,nan,nan,0.66,1.1,11.67,5.72,0.91,0.72,1.04
samples_design_34_dldesign_3_best,0.6,0.63,1.35,nan,nan,nan,0.62,1.04,12.26,5.98,0.9,2.37,1.93
samples_design_34_dldesign_4_best,0.66,0.6,4.22,nan,nan,nan,1.41,2.96,16.02,7.67,0.91,16.51,15.6
samples_design_34_dldesign_5_best,0.68,0.71,1.47,nan,nan,nan,0.67,1.14,11.66,5.74,0.9,2.94,2.74
samples_design_34_dldesign_6_best,0.77,0.66,1.44,nan,nan,nan,0.66,1.12,11.82,5.8,0.9,1.79,1.95
samples_design_34_dldesign_7_best,0.66,0.54,1.35,nan,nan,nan,0.64,1.03,12.05,5.87,0.91,1.21,1.38
samples_design_35_dldesign_0_best,1.03,0.96,2.92,nan,nan,nan,1.1,2.18,14.12,6.82,0.91,4.38,4.46
samples_design_35_dldesign_1_best,1.03,0.95,2.6,nan,nan,nan,1.01,1.97,14.22,6.84,0.91,14.9,14.99
samples_design_35_dldesign_2_best,1.11,0.78,2.73,nan,nan,nan,1.02,2.05,16.07,7.64,0.91,13.83,12.38
samples_design_35_dldesign_3_best,1.05,0.97,2.6,nan,nan,nan,1.01,1.97,13.59,6.57,0.91,14.93,16.25
samples_design_35_dldesign_4_best,1.0,1.07,3.18,nan,nan,nan,1.17,2.36,13.52,6.6,0.9,17.06,17.45
samples_design_35_dldesign_5_best,1.26,0.8,2.18,nan,nan,nan,0.87,1.72,15.66,7.5,0.91,14.07,12.42
samples_design_35_dldesign_6_best,1.03,0.9,2.53,nan,nan,nan,0.98,1.92,13.71,6.61,0.91,15.29,16.05
samples_design_35_dldesign_7_best,1.02,1.04,2.5,nan,nan,nan,0.97,1.91,15.66,7.51,0.91,13.8,12.67
samples_design_36_dldesign_0_best,0.38,0.37,0.73,nan,nan,nan,0.41,0.52,16.14,7.52,0.91,18.78,20.4
samples_design_36_dldesign_1_best,0.93,0.34,0.67,nan,nan,nan,0.47,0.7,15.85,7.42,0.91,18.83,22.14
samples_design_36_dldesign_2_best,0.96,0.47,1.56,nan,nan,nan,0.62,1.08,16.26,7.6,0.91,12.55,12.9
samples_design_36_dldesign_3_best,0.48,0.43,1.36,nan,nan,nan,0.5,0.85,15.8,7.39,0.91,17.39,19.4
samples_design_36_dldesign_4_best,0.88,0.49,0.69,nan,nan,nan,0.48,0.71,15.89,7.44,0.91,17.82,20.24
samples_design_36_dldesign_5_best,0.56,0.42,1.53,nan,nan,nan,0.53,0.95,16.53,7.74,0.91,18.31,17.62
samples_design_36_dldesign_6_best,0.45,0.51,1.04,nan,nan,nan,0.47,0.71,16.32,7.63,0.91,18.54,18.63
samples_design_36_dldesign_7_best,0.5,0.26,2.12,nan,nan,nan,0.63,1.24,16.33,7.66,0.9,18.71,18.6
samples_design_37_dldesign_0_best,0.69,0.75,0.73,nan,nan,nan,0.47,0.72,16.24,7.65,0.91,21.77,19.64
samples_design_37_dldesign_1_best,0.81,0.62,1.66,nan,nan,nan,0.66,1.2,17.06,8.02,0.91,17.6,20.19
samples_design_37_dldesign_2_best,0.82,0.83,1.01,nan,nan,nan,0.55,0.91,16.1,7.6,0.91,22.61,16.92
samples_design_37_dldesign_3_best,0.92,0.59,0.96,nan,nan,nan,0.62,0.86,11.75,5.69,0.91,11.47,6.27
samples_design_37_dldesign_4_best,0.81,0.71,0.76,nan,nan,nan,0.53,0.76,13.21,6.32,0.91,11.74,6.75
samples_design_37_dldesign_5_best,0.81,0.63,1.44,nan,nan,nan,0.65,1.08,15.62,7.38,0.91,25.82,15.94
samples_design_37_dldesign_6_best,0.8,0.67,0.68,nan,nan,nan,0.49,0.72,16.31,7.69,0.91,24.18,17.97
samples_design_37_dldesign_7_best,0.81,0.82,0.77,nan,nan,nan,0.52,0.8,16.65,7.86,0.91,16.9,11.28
samples_design_38_dldesign_0_best,0.85,0.58,2.15,nan,nan,nan,0.78,1.52,14.85,7.07,0.91,11.38,5.73
samples_design_38_dldesign_1_best,0.83,0.61,2.05,nan,nan,nan,0.74,1.46,13.75,6.57,0.91,4.78,3.65
samples_design_38_dldesign_2_best,0.67,0.7,2.2,nan,nan,nan,0.77,1.54,15.5,7.41,0.9,19.61,15.18
samples_design_38_dldesign_3_best,0.85,0.48,0.63,nan,nan,nan,0.5,0.67,12.28,5.98,0.9,11.01,5.14
samples_design_38_dldesign_4_best,0.76,0.67,2.53,nan,nan,nan,0.86,1.76,15.4,7.34,0.9,5.56,5.26
samples_design_38_dldesign_5_best,0.62,0.73,0.42,nan,nan,nan,0.46,0.58,15.43,7.36,0.91,25.22,14.79
samples_design_38_dldesign_6_best,0.88,0.73,2.57,nan,nan,nan,0.88,1.8,14.97,7.17,0.9,22.85,14.72
samples_design_38_dldesign_7_best,0.72,0.52,0.85,nan,nan,nan,0.52,0.74,14.42,6.93,0.9,6.87,5.25
samples_design_39_dldesign_0_best,0.67,0.71,1.87,nan,nan,nan,0.71,1.31,15.08,7.12,0.92,24.32,16.55
samples_design_39_dldesign_1_best,1.24,0.76,1.41,nan,nan,nan,0.7,1.21,13.45,6.44,0.91,8.34,4.78
samples_design_39_dldesign_2_best,0.62,0.77,1.76,nan,nan,nan,0.66,1.25,15.88,7.52,0.91,7.32,4.49
samples_design_39_dldesign_3_best,0.79,0.7,2.03,nan,nan,nan,0.75,1.42,13.77,6.57,0.91,25.0,15.83
samples_design_39_dldesign_4_best,0.64,0.74,1.44,nan,nan,nan,0.62,1.06,15.1,7.14,0.91,10.63,5.23
samples_design_39_dldesign_5_best,0.98,0.95,1.91,nan,nan,nan,0.74,1.43,12.56,6.06,0.91,26.75,19.58
samples_design_39_dldesign_6_best,0.72,0.85,1.79,nan,nan,nan,0.72,1.29,14.74,6.98,0.91,11.43,5.75
samples_design_39_dldesign_7_best,1.09,0.77,1.79,nan,nan,nan,0.73,1.36,13.09,6.3,0.91,8.21,4.27
samples_design_40_dldesign_0_best,0.69,0.9,1.17,nan,nan,nan,0.53,0.91,15.54,7.24,0.91,8.4,10.07
samples_design_40_dldesign_1_best,0.89,0.72,1.39,nan,nan,nan,0.58,1.01,11.54,5.55,0.9,7.71,4.58
samples_design_40_dldesign_2_best,0.44,1.06,1.13,nan,nan,nan,0.51,0.9,16.26,7.59,0.91,15.67,12.97
samples_design_40_dldesign_3_best,0.5,0.92,1.27,nan,nan,nan,0.53,0.91,15.41,7.2,0.91,14.43,11.43
samples_design_40_dldesign_4_best,0.75,1.02,1.18,nan,nan,nan,0.55,0.97,16.0,7.46,0.91,16.14,11.68
samples_design_40_dldesign_5_best,0.67,0.87,0.88,nan,nan,nan,0.52,0.8,15.86,7.41,0.91,14.88,11.32
samples_design_40_dldesign_6_best,0.7,0.81,1.25,nan,nan,nan,0.55,0.92,15.56,7.26,0.91,19.74,16.31
samples_design_40_dldesign_7_best,0.49,0.73,1.37,nan,nan,nan,0.51,0.89,11.7,5.64,0.9,8.03,5.06
samples_design_41_dldesign_0_best,0.46,0.36,1.71,nan,nan,nan,0.6,1.14,14.66,7.0,0.9,15.1,8.76
samples_design_41_dldesign_1_best,0.5,0.43,1.85,nan,nan,nan,0.65,1.24,16.49,7.83,0.91,18.75,18.9
samples_design_41_dldesign_2_best,0.61,0.38,2.2,nan,nan,nan,0.74,1.46,15.3,7.26,0.91,12.32,10.08
samples_design_41_dldesign_3_best,0.55,0.36,1.25,nan,nan,nan,0.53,0.88,15.29,7.26,0.91,10.85,6.82
samples_design_41_dldesign_4_best,0.47,0.48,2.04,nan,nan,nan,0.68,1.35,16.88,8.02,0.9,17.35,14.08
samples_design_41_dldesign_5_best,0.48,0.47,1.62,nan,nan,nan,0.61,1.1,15.12,7.19,0.91,15.89,10.55
samples_design_41_dldesign_6_best,0.51,0.49,2.99,nan,nan,nan,0.93,1.95,15.86,7.58,0.9,15.29,17.29
samples_design_41_dldesign_7_best,0.5,0.43,2.07,nan,nan,nan,0.7,1.37,15.69,7.41,0.91,17.67,15.35
samples_design_42_dldesign_0_best,0.6,0.65,1.73,nan,nan,nan,0.62,1.1,15.01,7.08,0.91,12.08,6.91
samples_design_42_dldesign_1_best,0.68,0.66,1.42,nan,nan,nan,0.57,0.97,14.12,6.69,0.91,13.16,6.99
samples_design_42_dldesign_2_best,0.8,0.78,1.31,nan,nan,nan,0.53,0.98,18.06,8.4,0.9,17.33,13.2
samples_design_42_dldesign_3_best,0.67,0.77,1.86,nan,nan,nan,0.63,1.2,13.39,6.38,0.9,12.9,7.19
samples_design_42_dldesign_4_best,1.0,0.96,1.65,nan,nan,nan,0.6,1.23,17.88,8.33,0.9,25.69,18.3
samples_design_42_dldesign_5_best,0.79,0.85,1.99,nan,nan,nan,0.65,1.31,15.56,7.32,0.91,8.42,8.83
samples_design_42_dldesign_6_best,0.69,0.72,2.04,nan,nan,nan,0.65,1.29,15.46,7.28,0.91,10.03,10.61
samples_design_42_dldesign_7_best,0.75,0.61,0.85,nan,nan,nan,0.5,0.75,10.64,5.17,0.91,14.39,7.27
samples_design_43_dldesign_0_best,0.49,0.74,0.66,nan,nan,nan,0.49,0.64,12.48,6.06,0.9,11.75,5.72
samples_design_43_dldesign_1_best,0.47,0.68,1.89,nan,nan,nan,0.69,1.32,11.81,5.75,0.9,6.39,2.94
samples_design_43_dldesign_2_best,0.54,1.05,2.1,nan,nan,nan,0.74,1.52,15.8,7.5,0.9,14.99,10.28
samples_design_43_dldesign_3_best,0.49,0.7,2.04,nan,nan,nan,0.72,1.41,12.16,5.89,0.91,6.62,3.63
samples_design_43_dldesign_4_best,0.5,0.67,2.4,nan,nan,nan,0.81,1.64,13.36,6.46,0.9,9.32,4.36
samples_design_43_dldesign_5_best,0.47,0.77,2.02,nan,nan,nan,0.72,1.41,13.18,6.35,0.91,8.23,4.11
samples_design_43_dldesign_6_best,0.48,0.65,0.73,nan,nan,nan,0.47,0.64,10.98,5.38,0.9,7.9,3.42
samples_design_43_dldesign_7_best,0.51,0.81,2.42,nan,nan,nan,0.82,1.67,11.79,5.75,0.9,10.04,4.93
samples_design_44_dldesign_0_best,0.38,0.74,0.28,nan,nan,nan,0.42,0.5,14.12,6.65,0.91,12.93,7.2
samples_design_44_dldesign_1_best,0.87,0.97,1.19,nan,nan,nan,0.64,1.01,15.74,7.36,0.91,21.62,17.74
samples_design_44_dldesign_2_best,0.62,0.93,0.44,nan,nan,nan,0.47,0.69,15.12,7.1,0.91,20.73,19.6
samples_design_44_dldesign_3_best,1.06,1.07,1.62,nan,nan,nan,0.72,1.26,16.07,7.49,0.91,20.31,18.73
samples_design_44_dldesign_4_best,0.45,0.91,0.38,nan,nan,nan,0.46,0.61,15.55,7.27,0.91,24.83,20.42
samples_design_44_dldesign_5_best,0.39,0.93,0.51,nan,nan,nan,0.47,0.64,15.29,7.17,0.91,21.86,18.56
samples_design_44_dldesign_6_best,0.43,0.97,1.31,nan,nan,nan,0.54,0.95,16.4,7.67,0.91,16.47,14.79
samples_design_44_dldesign_7_best,0.88,0.84,1.13,nan,nan,nan,0.61,0.95,16.67,7.76,0.91,17.83,15.52
samples_design_45_dldesign_0_best,0.47,0.63,2.48,nan,nan,nan,0.85,1.69,14.23,6.86,0.9,11.95,6.89
samples_design_45_dldesign_1_best,0.63,0.76,2.29,nan,nan,nan,0.8,1.6,15.61,7.47,0.9,11.65,8.07
samples_design_45_dldesign_2_best,0.8,0.59,0.98,nan,nan,nan,0.54,0.84,11.99,5.9,0.89,12.64,6.21
samples_design_45_dldesign_3_best,0.77,0.53,2.06,nan,nan,nan,0.74,1.45,13.48,6.55,0.89,10.03,4.8
samples_design_45_dldesign_4_best,0.53,0.66,1.2,nan,nan,nan,0.57,0.91,12.41,6.04,0.9,12.21,5.88
samples_design_45_dldesign_5_best,1.18,0.79,2.59,nan,nan,nan,0.93,1.87,9.77,4.92,0.89,25.57,18.38
samples_design_45_dldesign_6_best,0.41,0.87,3.14,nan,nan,nan,1.01,2.13,17.18,8.14,0.9,21.87,13.35
samples_design_45_dldesign_7_best,0.77,0.9,3.04,nan,nan,nan,0.99,2.1,15.16,7.29,0.89,11.56,8.84
samples_design_46_dldesign_0_best,0.83,0.69,0.68,nan,nan,nan,0.51,0.73,13.77,6.64,0.9,16.59,16.5
samples_design_46_dldesign_1_best,0.7,0.7,0.65,nan,nan,nan,0.47,0.67,16.83,8.01,0.9,14.61,14.26
samples_design_46_dldesign_2_best,0.96,0.72,0.74,nan,nan,nan,0.56,0.8,13.12,6.36,0.91,3.37,3.39
samples_design_46_dldesign_3_best,0.95,0.72,0.65,nan,nan,nan,0.53,0.76,12.75,6.2,0.91,1.8,1.69
samples_design_46_dldesign_4_best,0.69,0.57,0.71,nan,nan,nan,0.5,0.68,11.27,5.54,0.9,1.67,1.71
samples_design_46_dldesign_5_best,0.95,0.87,0.68,nan,nan,nan,0.54,0.8,11.31,5.56,0.91,2.79,2.03
samples_design_46_dldesign_6_best,1.0,0.83,0.77,nan,nan,nan,0.57,0.85,13.75,6.64,0.91,7.1,6.92
samples_design_46_dldesign_7_best,0.95,0.68,0.76,nan,nan,nan,0.55,0.8,13.0,6.31,0.91,22.69,18.75
samples_design_47_dldesign_0_best,0.45,0.82,1.11,nan,nan,nan,0.51,0.82,16.3,7.61,0.91,18.37,17.64
samples_design_47_dldesign_1_best,0.82,1.15,2.02,nan,nan,nan,0.71,1.4,15.91,7.42,0.91,21.51,19.11
samples_design_47_dldesign_2_best,0.74,0.69,0.86,nan,nan,nan,0.49,0.77,14.38,6.77,0.91,11.56,7.91
samples_design_47_dldesign_3_best,0.75,0.86,2.04,nan,nan,nan,0.67,1.32,15.81,7.39,0.91,18.65,14.63
samples_design_47_dldesign_4_best,0.57,0.78,0.66,nan,nan,nan,0.47,0.67,15.34,7.17,0.92,22.07,19.97
samples_design_47_dldesign_5_best,0.84,1.13,1.9,nan,nan,nan,0.68,1.34,15.88,7.41,0.91,21.78,20.21
samples_design_47_dldesign_6_best,0.42,0.65,0.57,nan,nan,nan,0.47,0.55,12.33,5.88,0.91,12.28,7.47
samples_design_47_dldesign_7_best,0.41,0.76,0.86,nan,nan,nan,0.51,0.69,15.51,7.25,0.92,16.55,14.84
samples_design_48_dldesign_0_best,0.7,0.58,0.96,nan,nan,nan,0.5,0.79,16.21,7.68,0.9,19.69,14.89
samples_design_48_dldesign_1_best,0.77,0.55,1.15,nan,nan,nan,0.54,0.9,16.04,7.58,0.91,24.31,14.75
samples_design_48_dldesign_2_best,0.76,0.72,1.58,nan,nan,nan,0.64,1.16,6.42,3.45,0.9,3.23,1.8
samples_design_48_dldesign_3_best,0.55,0.6,1.37,nan,nan,nan,0.58,0.98,13.72,6.57,0.9,18.27,14.58
samples_design_48_dldesign_4_best,0.78,0.71,0.98,nan,nan,nan,0.56,0.85,13.58,6.51,0.9,11.72,7.4
samples_design_48_dldesign_5_best,0.61,0.71,0.91,nan,nan,nan,0.54,0.77,6.64,3.54,0.9,2.23,0.97
samples_design_48_dldesign_6_best,0.63,0.76,0.99,nan,nan,nan,0.56,0.83,6.43,3.46,0.9,3.29,1.38
samples_design_48_dldesign_7_best,0.58,0.66,1.27,nan,nan,nan,0.53,0.94,16.91,7.98,0.9,15.97,13.12
samples_design_49_dldesign_0_best,0.81,0.33,3.16,nan,nan,nan,0.79,1.75,16.46,7.69,0.91,14.12,13.57
samples_design_49_dldesign_1_best,0.82,0.26,1.92,nan,nan,nan,0.6,1.14,13.75,6.53,0.9,12.23,5.93
samples_design_49_dldesign_2_best,0.89,0.24,3.4,nan,nan,nan,0.86,1.88,14.72,6.93,0.91,10.61,5.57
samples_design_49_dldesign_3_best,0.87,0.39,3.12,nan,nan,nan,0.81,1.75,15.93,7.44,0.91,7.58,8.5
samples_design_49_dldesign_4_best,0.8,0.39,2.12,nan,nan,nan,0.61,1.24,15.84,7.44,0.9,21.08,18.71
samples_design_49_dldesign_5_best,0.94,0.3,1.71,nan,nan,nan,0.56,1.09,15.9,7.46,0.91,19.77,18.09
samples_design_49_dldesign_6_best,0.81,0.31,3.12,nan,nan,nan,0.79,1.73,15.65,7.33,0.91,12.14,6.65
samples_design_49_dldesign_7_best,0.77,0.35,3.0,nan,nan,nan,0.78,1.66,15.38,7.2,0.91,11.8,4.99
samples_design_0_dldesign_0_best,0.89,0.76,5.72,nan,nan,nan,1.79,3.92,15.19,7.27,0.9,14.85,13.27
samples_design_0_dldesign_1_best,0.63,0.8,6.14,nan,nan,nan,1.92,4.19,13.52,6.55,0.9,13.67,9.58
samples_design_0_dldesign_2_best,0.7,0.68,4.56,nan,nan,nan,1.45,3.13,15.24,7.32,0.9,4.85,5.98
samples_design_0_dldesign_3_best,1.08,0.72,6.26,nan,nan,nan,1.97,4.29,15.2,7.27,0.9,17.74,14.82
samples_design_0_dldesign_4_best,0.6,0.84,5.9,nan,nan,nan,1.85,4.03,14.21,6.83,0.91,14.46,10.51
samples_design_0_dldesign_5_best,0.87,0.86,6.56,nan,nan,nan,2.06,4.49,15.14,7.23,0.91,18.33,14.86
samples_design_0_dldesign_6_best,0.8,0.79,6.24,nan,nan,nan,1.94,4.26,17.22,8.15,0.9,9.98,9.11
samples_design_0_dldesign_7_best,0.99,0.73,5.91,nan,nan,nan,1.86,4.05,16.04,7.64,0.91,11.6,7.83
samples_design_1_dldesign_0_best,0.7,0.67,1.42,nan,nan,nan,0.64,1.1,15.13,7.28,0.9,17.94,10.85
samples_design_1_dldesign_1_best,0.48,0.65,1.97,nan,nan,nan,0.74,1.42,15.52,7.4,0.91,13.69,13.79
samples_design_1_dldesign_2_best,0.59,0.74,1.67,nan,nan,nan,0.68,1.25,14.82,7.11,0.91,15.81,13.27
samples_design_1_dldesign_3_best,0.69,0.6,6.71,nan,nan,nan,2.17,4.67,12.44,6.17,0.89,14.93,9.82
samples_design_1_dldesign_4_best,0.68,0.69,4.37,nan,nan,nan,1.45,3.07,14.58,7.12,0.89,12.35,6.51
samples_design_1_dldesign_5_best,0.47,0.85,3.09,nan,nan,nan,1.06,2.2,13.89,6.8,0.89,14.83,14.56
samples_design_1_dldesign_6_best,0.59,0.61,1.61,nan,nan,nan,0.65,1.2,14.72,7.05,0.91,24.5,19.25
samples_design_1_dldesign_7_best,0.93,0.84,2.02,nan,nan,nan,0.82,1.54,15.54,7.44,0.91,10.82,9.11
samples_design_2_dldesign_0_best,1.0,0.5,0.77,nan,nan,nan,0.54,0.79,15.49,7.28,0.91,20.75,17.57
samples_design_2_dldesign_1_best,1.08,0.44,0.84,nan,nan,nan,0.53,0.85,12.61,6.05,0.91,8.77,5.87
samples_design_2_dldesign_2_best,1.6,0.69,1.1,nan,nan,nan,0.64,1.21,14.99,7.1,0.9,20.21,13.5
samples_design_2_dldesign_3_best,0.71,0.58,0.55,nan,nan,nan,0.48,0.62,11.44,5.51,0.91,8.44,5.63
samples_design_2_dldesign_4_best,0.67,0.46,0.42,nan,nan,nan,0.46,0.53,11.83,5.68,0.91,8.78,5.9
samples_design_2_dldesign_5_best,1.03,0.5,0.78,nan,nan,nan,0.52,0.81,12.46,5.97,0.91,10.31,6.82
samples_design_2_dldesign_6_best,1.12,0.75,1.0,nan,nan,nan,0.55,0.98,15.77,7.41,0.91,16.17,17.02
samples_design_2_dldesign_7_best,1.24,0.7,1.21,nan,nan,nan,0.61,1.09,13.76,6.51,0.91,12.82,8.82
samples_design_3_dldesign_0_best,0.89,0.78,7.09,nan,nan,nan,2.29,4.95,12.56,6.22,0.89,11.75,7.96
samples_design_3_dldesign_1_best,0.58,0.74,2.09,nan,nan,nan,0.8,1.52,15.43,7.39,0.91,18.91,10.77
samples_design_3_dldesign_2_best,0.61,0.69,2.25,nan,nan,nan,0.84,1.63,15.21,7.29,0.91,14.88,10.84
samples_design_3_dldesign_3_best,0.5,0.62,2.1,nan,nan,nan,0.79,1.51,14.62,7.01,0.91,9.41,6.65
samples_design_3_dldesign_4_best,0.71,0.84,2.39,nan,nan,nan,0.9,1.75,14.85,7.14,0.91,15.56,11.53
samples_design_3_dldesign_5_best,0.64,0.76,2.12,nan,nan,nan,0.8,1.55,15.85,7.59,0.91,9.22,6.83
samples_design_3_dldesign_6_best,0.7,0.7,2.33,nan,nan,nan,0.87,1.69,14.2,6.85,0.91,19.57,11.77
samples_design_3_dldesign_7_best,0.42,0.77,1.88,nan,nan,nan,0.72,1.37,15.16,7.23,0.91,19.33,11.77
samples_design_4_dldesign_0_best,0.34,0.81,0.91,nan,nan,nan,0.49,0.72,13.49,6.37,0.91,10.48,6.79
samples_design_4_dldesign_1_best,0.74,0.93,0.94,nan,nan,nan,0.52,0.87,15.56,7.26,0.91,20.45,18.64
samples_design_4_dldesign_2_best,0.35,0.89,0.77,nan,nan,nan,0.47,0.7,12.45,5.92,0.91,11.53,6.91
samples_design_4_dldesign_3_best,0.75,0.88,0.87,nan,nan,nan,0.54,0.83,11.43,5.5,0.91,12.82,7.54
samples_design_4_dldesign_4_best,1.02,0.89,0.71,nan,nan,nan,0.56,0.89,12.73,6.05,0.91,12.01,7.21
samples_design_4_dldesign_5_best,0.87,1.27,1.66,nan,nan,nan,0.67,1.29,15.8,7.39,0.91,20.92,20.94
samples_design_4_dldesign_6_best,1.06,1.1,1.47,nan,nan,nan,0.65,1.22,13.38,6.33,0.91,12.19,7.83
samples_design_4_dldesign_7_best,0.53,0.96,0.64,nan,nan,nan,0.48,0.72,16.51,7.7,0.91,21.08,17.77
samples_design_5_dldesign_0_best,0.75,0.45,2.5,nan,nan,nan,0.88,1.76,13.06,6.41,0.89,5.67,4.84
samples_design_5_dldesign_1_best,1.19,0.42,2.28,nan,nan,nan,0.85,1.69,14.24,6.92,0.89,6.25,3.54
samples_design_5_dldesign_2_best,0.65,0.49,1.35,nan,nan,nan,0.6,1.01,13.01,6.39,0.89,1.41,1.42
samples_design_5_dldesign_3_best,0.51,0.37,1.63,nan,nan,nan,0.65,1.15,13.26,6.46,0.89,7.97,4.45
samples_design_5_dldesign_4_best,0.77,0.57,2.27,nan,nan,nan,0.83,1.62,14.76,7.15,0.89,6.04,4.84
samples_design_5_dldesign_5_best,0.88,0.57,4.41,nan,nan,nan,1.42,3.03,16.12,7.73,0.89,11.92,10.09
samples_design_5_dldesign_6_best,0.53,0.57,2.21,nan,nan,nan,0.78,1.55,14.14,6.87,0.89,6.41,5.41
samples_design_5_dldesign_7_best,0.9,0.35,2.06,nan,nan,nan,0.8,1.49,12.73,6.24,0.89,7.7,4.14
samples_design_6_dldesign_0_best,0.95,0.9,1.93,nan,nan,nan,0.67,1.29,14.29,6.78,0.9,12.48,6.34
samples_design_6_dldesign_1_best,0.96,0.88,1.74,nan,nan,nan,0.61,1.21,16.07,7.57,0.9,16.48,17.21
samples_design_6_dldesign_2_best,0.94,0.85,1.55,nan,nan,nan,0.58,1.12,15.93,7.48,0.9,17.94,17.01
samples_design_6_dldesign_3_best,0.97,0.7,3.01,nan,nan,nan,0.78,1.74,17.12,8.0,0.9,7.51,3.52
samples_design_6_dldesign_4_best,0.92,0.8,1.46,nan,nan,nan,0.6,1.06,12.28,5.93,0.9,13.46,6.39
samples_design_6_dldesign_5_best,0.97,0.8,1.46,nan,nan,nan,0.6,1.08,12.64,6.07,0.9,13.63,6.58
samples_design_6_dldesign_6_best,1.01,0.98,1.98,nan,nan,nan,0.68,1.34,16.49,7.74,0.9,10.68,11.64
samples_design_6_dldesign_7_best,0.96,0.91,1.27,nan,nan,nan,0.56,1.04,16.48,7.71,0.91,13.82,10.81
samples_design_7_dldesign_0_best,1.15,0.65,3.1,nan,nan,nan,0.83,1.82,16.29,7.61,0.9,13.92,11.43
samples_design_7_dldesign_1_best,1.07,0.62,3.05,nan,nan,nan,0.83,1.78,14.95,7.02,0.91,14.09,16.98
samples_design_7_dldesign_2_best,1.18,0.63,3.14,nan,nan,nan,0.89,1.85,15.78,7.4,0.9,10.16,8.51
samples_design_7_dldesign_3_best,0.8,0.56,3.08,nan,nan,nan,0.82,1.73,16.25,7.58,0.91,17.33,18.38
samples_design_7_dldesign_4_best,0.83,0.68,2.94,nan,nan,nan,0.78,1.68,15.18,7.14,0.9,10.08,12.58
samples_design_7_dldesign_5_best,1.22,0.43,3.06,nan,nan,nan,0.89,1.8,13.66,6.48,0.9,9.0,4.17
samples_design_7_dldesign_6_best,1.22,0.61,3.11,nan,nan,nan,0.92,1.84,15.46,7.25,0.9,16.2,18.71
samples_design_7_dldesign_7_best,1.12,0.77,2.8,nan,nan,nan,0.8,1.69,15.85,7.41,0.9,22.04,19.37
samples_design_8_dldesign_0_best,0.82,0.99,1.78,nan,nan,nan,0.7,1.33,17.03,8.06,0.9,8.84,5.38
samples_design_8_dldesign_1_best,0.88,0.6,2.03,nan,nan,nan,0.72,1.42,13.29,6.36,0.91,25.54,16.62
samples_design_8_dldesign_2_best,0.84,0.99,1.84,nan,nan,nan,0.72,1.37,12.56,6.05,0.91,25.06,17.87
samples_design_8_dldesign_3_best,0.69,0.83,1.67,nan,nan,nan,0.7,1.21,14.04,6.73,0.9,10.64,6.24
samples_design_8_dldesign_4_best,0.48,0.91,1.69,nan,nan,nan,0.67,1.21,11.93,5.79,0.9,8.29,3.85
samples_design_8_dldesign_5_best,0.6,0.82,1.26,nan,nan,nan,0.55,0.98,16.67,7.87,0.9,22.07,19.18
samples_design_8_dldesign_6_best,0.84,0.67,1.08,nan,nan,nan,0.58,0.91,14.12,6.78,0.9,5.19,3.48
samples_design_8_dldesign_7_best,0.66,0.82,1.88,nan,nan,nan,0.68,1.33,12.99,6.24,0.91,25.08,18.3
samples_design_9_dldesign_0_best,0.62,0.98,2.32,nan,nan,nan,0.77,1.57,15.28,7.24,0.9,22.43,19.37
samples_design_9_dldesign_1_best,0.72,0.98,1.98,nan,nan,nan,0.71,1.4,14.49,6.88,0.91,25.23,18.15
samples_design_9_dldesign_2_best,0.85,1.09,1.86,nan,nan,nan,0.7,1.38,14.7,6.94,0.91,15.08,12.3
samples_design_9_dldesign_3_best,0.7,0.94,2.21,nan,nan,nan,0.75,1.51,14.38,6.83,0.91,18.31,19.09
samples_design_9_dldesign_4_best,0.56,0.8,1.71,nan,nan,nan,0.64,1.19,13.31,6.35,0.91,7.16,5.42
samples_design_9_dldesign_5_best,0.63,0.95,1.8,nan,nan,nan,0.67,1.27,11.97,5.8,0.9,25.72,18.62
samples_design_9_dldesign_6_best,0.82,0.79,1.72,nan,nan,nan,0.65,1.24,11.8,5.72,0.9,7.04,5.31
samples_design_9_dldesign_7_best,0.87,1.18,2.3,nan,nan,nan,0.8,1.64,15.0,7.12,0.9,19.32,12.05
samples_design_10_dldesign_0_best,0.52,0.34,0.53,nan,nan,nan,0.46,0.48,10.2,4.98,0.9,9.86,5.66
samples_design_10_dldesign_1_best,0.51,0.38,0.46,nan,nan,nan,0.47,0.46,15.91,7.43,0.92,16.46,17.21
samples_design_10_dldesign_2_best,0.48,0.61,1.18,nan,nan,nan,0.52,0.82,15.5,7.26,0.91,9.25,9.65
samples_design_10_dldesign_3_best,0.47,0.38,0.45,nan,nan,nan,0.47,0.44,15.74,7.37,0.92,15.82,13.9
samples_design_10_dldesign_4_best,0.53,0.29,0.58,nan,nan,nan,0.48,0.49,11.89,5.7,0.91,11.73,6.99
samples_design_10_dldesign_5_best,1.37,0.38,0.47,nan,nan,nan,0.62,0.88,16.03,7.49,0.92,21.42,13.92
samples_design_10_dldesign_6_best,0.45,0.42,0.69,nan,nan,nan,0.45,0.54,15.57,7.29,0.91,21.32,17.24
samples_design_10_dldesign_7_best,0.51,0.3,0.59,nan,nan,nan,0.48,0.49,11.59,5.56,0.91,12.59,7.52
samples_design_11_dldesign_0_best,1.13,0.42,2.27,nan,nan,nan,0.69,1.41,14.6,6.9,0.9,13.53,6.81
samples_design_11_dldesign_1_best,1.1,0.45,1.48,nan,nan,nan,0.59,1.07,15.13,7.13,0.9,14.75,7.42
samples_design_11_dldesign_2_best,1.05,0.63,3.16,nan,nan,nan,0.82,1.83,15.36,7.22,0.9,19.49,20.75
samples_design_11_dldesign_3_best,1.0,0.66,3.04,nan,nan,nan,0.79,1.76,16.36,7.61,0.91,15.81,14.44
samples_design_11_dldesign_4_best,1.06,0.54,2.61,nan,nan,nan,0.73,1.56,14.43,6.82,0.9,13.91,6.26
samples_design_11_dldesign_5_best,1.1,0.69,2.49,nan,nan,nan,0.71,1.53,16.23,7.61,0.9,18.88,15.99
samples_design_11_dldesign_6_best,1.09,0.46,2.34,nan,nan,nan,0.7,1.44,15.14,7.12,0.9,13.8,6.42
samples_design_11_dldesign_7_best,1.0,0.71,3.22,nan,nan,nan,0.82,1.85,15.15,7.1,0.91,9.19,10.21
samples_design_12_dldesign_0_best,0.57,0.46,3.77,nan,nan,nan,1.17,2.52,15.11,7.21,0.91,14.3,14.32
samples_design_12_dldesign_1_best,0.77,0.48,4.02,nan,nan,nan,1.25,2.7,13.98,6.74,0.9,15.98,13.82
samples_design_12_dldesign_2_best,0.58,0.31,2.78,nan,nan,nan,0.89,1.87,14.3,6.93,0.89,9.11,5.73
samples_design_12_dldesign_3_best,0.47,0.31,3.5,nan,nan,nan,1.09,2.33,13.93,6.7,0.9,10.28,5.84
samples_design_12_dldesign_4_best,0.57,0.49,3.81,nan,nan,nan,1.17,2.54,16.01,7.64,0.9,12.44,13.69
samples_design_12_dldesign_5_best,0.42,0.46,3.86,nan,nan,nan,1.19,2.56,15.64,7.46,0.9,15.68,15.73
samples_design_12_dldesign_6_best,0.72,0.44,3.96,nan,nan,nan,1.22,2.65,14.86,7.14,0.9,13.63,13.06
samples_design_12_dldesign_7_best,0.78,0.5,3.98,nan,nan,nan,1.23,2.67,15.73,7.51,0.9,13.56,11.96
samples_design_13_dldesign_0_best,0.62,0.49,5.62,nan,nan,nan,1.82,3.91,15.31,7.34,0.9,5.73,5.91
samples_design_13_dldesign_1_best,0.67,0.5,6.2,nan,nan,nan,2.0,4.32,14.55,7.01,0.9,20.48,14.18
samples_design_13_dldesign_2_best,0.58,0.52,6.05,nan,nan,nan,1.96,4.21,15.94,7.64,0.91,10.36,10.07
samples_design_13_dldesign_3_best,0.76,0.55,5.62,nan,nan,nan,1.83,3.92,13.82,6.7,0.9,3.41,4.36
samples_design_13_dldesign_4_best,0.73,0.41,6.38,nan,nan,nan,2.06,4.44,15.08,7.24,0.9,17.97,13.25
samples_design_13_dldesign_5_best,0.57,0.69,3.1,nan,nan,nan,1.06,2.19,14.66,7.12,0.9,8.77,4.74
samples_design_13_dldesign_6_best,0.78,0.61,7.56,nan,nan,nan,2.43,5.26,13.31,6.57,0.89,9.46,6.76
samples_design_13_dldesign_7_best,0.64,0.7,5.86,nan,nan,nan,1.9,4.09,14.91,7.16,0.9,8.03,5.15
samples_design_14_dldesign_0_best,0.54,0.51,0.75,nan,nan,nan,0.45,0.61,15.61,7.3,0.92,14.33,15.26
samples_design_14_dldesign_1_best,0.48,0.67,0.85,nan,nan,nan,0.49,0.68,12.52,6.0,0.91,10.37,6.74
samples_design_14_dldesign_2_best,0.67,0.67,1.09,nan,nan,nan,0.5,0.84,16.1,7.55,0.91,16.07,16.96
samples_design_14_dldesign_3_best,0.57,0.29,0.55,nan,nan,nan,0.43,0.49,13.17,6.25,0.91,12.41,8.23
samples_design_14_dldesign_4_best,0.66,0.39,0.74,nan,nan,nan,0.47,0.63,13.24,6.3,0.91,11.01,6.95
samples_design_14_dldesign_5_best,0.58,0.56,0.76,nan,nan,nan,0.49,0.64,12.22,5.85,0.9,11.64,6.62
samples_design_14_dldesign_6_best,0.97,0.45,0.78,nan,nan,nan,0.49,0.78,12.21,5.87,0.9,12.05,7.2
samples_design_14_dldesign_7_best,1.63,0.7,0.6,nan,nan,nan,0.67,1.09,13.05,6.21,0.91,11.8,7.11
samples_design_15_dldesign_0_best,0.86,0.74,1.27,nan,nan,nan,0.59,1.02,16.61,7.82,0.91,20.82,13.65
samples_design_15_dldesign_1_best,0.9,0.7,2.46,nan,nan,nan,0.83,1.69,16.4,7.76,0.91,18.13,12.86
samples_design_15_dldesign_2_best,0.83,0.31,2.04,nan,nan,nan,0.74,1.39,14.51,6.92,0.9,13.28,7.21
samples_design_15_dldesign_3_best,0.89,0.51,2.39,nan,nan,nan,0.81,1.63,16.6,7.84,0.91,15.59,11.17
samples_design_15_dldesign_4_best,0.87,0.29,2.13,nan,nan,nan,0.75,1.46,15.91,7.53,0.9,10.88,5.49
samples_design_15_dldesign_5_best,0.58,0.41,2.34,nan,nan,nan,0.77,1.55,16.86,7.93,0.91,7.78,6.33
samples_design_15_dldesign_6_best,1.09,0.33,2.6,nan,nan,nan,0.86,1.78,16.21,7.66,0.91,18.26,12.22
samples_design_15_dldesign_7_best,0.89,0.62,1.3,nan,nan,nan,0.59,1.02,16.54,7.79,0.91,25.67,16.42
samples_design_16_dldesign_0_best,0.78,0.51,1.49,nan,nan,nan,0.58,0.97,16.3,7.59,0.91,12.73,10.53
samples_design_16_dldesign_1_best,1.11,0.82,2.16,nan,nan,nan,0.72,1.42,15.05,7.04,0.91,11.79,15.82
samples_design_16_dldesign_2_best,0.68,0.55,1.52,nan,nan,nan,0.57,0.96,15.84,7.35,0.92,10.91,12.99
samples_design_16_dldesign_3_best,0.77,0.58,1.59,nan,nan,nan,0.58,1.02,15.08,7.04,0.91,16.87,15.34
samples_design_16_dldesign_4_best,0.65,0.45,3.4,nan,nan,nan,0.84,1.86,12.64,6.04,0.9,11.05,6.92
samples_design_16_dldesign_5_best,0.74,0.65,1.47,nan,nan,nan,0.56,0.98,15.47,7.21,0.91,16.89,16.86
samples_design_16_dldesign_6_best,0.74,0.65,1.49,nan,nan,nan,0.58,0.98,15.6,7.26,0.91,18.22,16.61
samples_design_16_dldesign_7_best,0.74,0.59,1.63,nan,nan,nan,0.58,1.03,14.71,6.87,0.92,15.23,16.61
samples_design_17_dldesign_0_best,0.58,0.81,3.56,nan,nan,nan,1.15,2.46,16.9,8.08,0.9,8.23,6.78
samples_design_17_dldesign_1_best,0.46,0.68,3.91,nan,nan,nan,1.26,2.68,14.98,7.19,0.9,7.3,4.22
samples_design_17_dldesign_2_best,0.84,0.54,2.37,nan,nan,nan,0.85,1.69,13.88,6.71,0.9,11.56,5.53
samples_design_17_dldesign_3_best,0.52,0.7,2.6,nan,nan,nan,0.89,1.82,14.99,7.17,0.91,25.68,14.69
samples_design_17_dldesign_4_best,0.52,0.85,3.26,nan,nan,nan,1.07,2.26,18.41,8.73,0.9,8.59,7.24
samples_design_17_dldesign_5_best,0.69,0.63,4.46,nan,nan,nan,1.42,3.06,15.55,7.48,0.9,24.91,17.7
samples_design_17_dldesign_6_best,0.63,0.57,1.86,nan,nan,nan,0.7,1.33,12.28,6.06,0.89,11.37,5.21
samples_design_17_dldesign_7_best,0.62,0.62,3.88,nan,nan,nan,1.25,2.66,15.53,7.42,0.9,8.38,7.42
samples_design_18_dldesign_0_best,0.99,0.91,4.0,nan,nan,nan,1.41,2.91,13.13,6.39,0.9,10.29,9.45
samples_design_18_dldesign_1_best,0.58,1.02,3.59,nan,nan,nan,1.26,2.6,13.42,6.59,0.89,11.82,11.25
samples_design_18_dldesign_2_best,0.73,0.69,3.76,nan,nan,nan,1.32,2.71,14.11,6.84,0.9,3.63,4.68
samples_design_18_dldesign_3_best,0.57,0.81,3.66,nan,nan,nan,1.29,2.64,15.23,7.33,0.9,5.49,4.14
samples_design_18_dldesign_4_best,0.95,0.92,3.87,nan,nan,nan,1.37,2.81,14.16,6.83,0.91,12.85,11.79
samples_design_18_dldesign_5_best,1.13,0.9,3.79,nan,nan,nan,1.36,2.78,13.8,6.72,0.9,11.28,10.22
samples_design_18_dldesign_6_best,1.29,0.77,3.6,nan,nan,nan,1.3,2.66,15.67,7.52,0.91,11.13,9.28
samples_design_18_dldesign_7_best,1.01,1.06,3.7,nan,nan,nan,1.32,2.71,17.2,8.18,0.9,9.1,8.71
samples_design_19_dldesign_0_best,0.49,0.87,1.04,nan,nan,nan,0.55,0.88,14.42,6.96,0.9,12.36,10.39
samples_design_19_dldesign_1_best,0.51,0.73,0.9,nan,nan,nan,0.52,0.77,16.43,7.84,0.91,21.97,22.05
samples_design_19_dldesign_2_best,0.53,0.7,0.89,nan,nan,nan,0.54,0.77,16.35,7.76,0.91,21.64,21.49
samples_design_19_dldesign_3_best,0.67,0.77,1.17,nan,nan,nan,0.58,0.97,14.27,6.9,0.91,15.35,16.67
samples_design_19_dldesign_4_best,0.69,0.67,0.87,nan,nan,nan,0.55,0.78,16.16,7.71,0.91,15.36,14.98
samples_design_19_dldesign_5_best,0.71,0.67,1.23,nan,nan,nan,0.64,1.0,13.41,6.49,0.9,4.51,3.15
samples_design_19_dldesign_6_best,0.53,0.73,1.4,nan,nan,nan,0.62,1.09,14.9,7.18,0.9,13.75,11.73
samples_design_19_dldesign_7_best,0.45,0.7,1.05,nan,nan,nan,0.54,0.85,16.1,7.72,0.91,15.73,14.29
samples_design_20_dldesign_0_best,0.51,0.8,3.36,nan,nan,nan,1.1,2.33,13.03,6.31,0.9,6.33,5.31
samples_design_20_dldesign_1_best,0.88,0.59,2.71,nan,nan,nan,0.99,1.92,14.13,6.88,0.89,12.64,6.43
samples_design_20_dldesign_2_best,0.69,0.55,2.81,nan,nan,nan,0.96,1.96,13.62,6.66,0.89,11.58,5.8
samples_design_20_dldesign_3_best,0.81,0.45,1.44,nan,nan,nan,0.64,1.09,12.68,6.23,0.89,12.87,5.91
samples_design_20_dldesign_4_best,0.97,0.56,2.1,nan,nan,nan,0.83,1.54,13.62,6.65,0.89,11.51,5.11
samples_design_20_dldesign_5_best,0.88,0.82,3.67,nan,nan,nan,1.2,2.56,18.84,8.92,0.9,17.44,19.09
samples_design_20_dldesign_6_best,1.11,0.62,2.17,nan,nan,nan,0.87,1.62,14.67,7.12,0.89,13.4,6.97
samples_design_20_dldesign_7_best,0.68,0.79,3.64,nan,nan,nan,1.2,2.52,14.76,7.14,0.89,11.34,7.84
samples_design_21_dldesign_0_best,0.54,0.64,2.42,nan,nan,nan,0.91,1.73,11.92,5.92,0.89,12.78,6.59
samples_design_21_dldesign_1_best,0.5,0.42,2.24,nan,nan,nan,0.82,1.59,13.08,6.39,0.9,11.31,5.26
samples_design_21_dldesign_2_best,0.59,0.58,2.04,nan,nan,nan,0.79,1.48,11.41,5.65,0.9,11.68,5.99
samples_design_21_dldesign_3_best,1.03,0.54,5.99,nan,nan,nan,1.97,4.2,13.03,6.31,0.91,23.23,17.1
samples_design_21_dldesign_4_best,0.61,0.57,2.05,nan,nan,nan,0.8,1.48,11.47,5.73,0.89,10.08,5.53
samples_design_21_dldesign_5_best,0.53,0.45,1.82,nan,nan,nan,0.7,1.31,17.06,8.15,0.9,21.45,15.25
samples_design_21_dldesign_6_best,0.87,0.55,1.69,nan,nan,nan,0.73,1.29,12.9,6.34,0.9,10.21,4.58
samples_design_21_dldesign_7_best,0.51,0.49,1.22,nan,nan,nan,0.56,0.92,15.66,7.54,0.9,26.64,14.83
samples_design_22_dldesign_0_best,0.98,2.1,3.07,nan,nan,nan,1.13,2.39,14.3,6.94,0.89,12.3,5.57
samples_design_22_dldesign_1_best,1.06,2.28,5.82,nan,nan,nan,1.9,4.14,16.2,7.72,0.9,7.01,5.78
samples_design_22_dldesign_2_best,0.81,1.31,5.19,nan,nan,nan,1.66,3.6,17.79,8.44,0.89,22.2,14.94
samples_design_22_dldesign_3_best,0.83,2.53,1.0,nan,nan,nan,0.75,1.5,12.93,6.28,0.9,6.64,2.86
samples_design_22_dldesign_4_best,0.9,2.03,5.44,nan,nan,nan,1.76,3.85,15.6,7.46,0.9,6.27,4.91
samples_design_22_dldesign_5_best,0.68,1.3,2.33,nan,nan,nan,0.85,1.74,16.77,8.05,0.89,10.23,7.48
samples_design_22_dldesign_6_best,0.83,1.41,5.57,nan,nan,nan,1.76,3.86,14.67,7.08,0.9,20.66,14.78
samples_design_22_dldesign_7_best,0.82,1.98,5.27,nan,nan,nan,1.71,3.73,17.17,8.16,0.9,20.97,12.29
samples_design_23_dldesign_0_best,0.47,0.9,0.67,nan,nan,nan,0.47,0.69,14.2,6.81,0.9,1.87,2.01
samples_design_23_dldesign_1_best,0.51,1.0,0.87,nan,nan,nan,0.51,0.82,18.32,8.62,0.89,15.64,10.66
samples_design_23_dldesign_2_best,0.42,0.99,2.34,nan,nan,nan,0.79,1.6,16.15,7.64,0.91,22.66,12.85
samples_design_23_dldesign_3_best,0.42,0.91,2.18,nan,nan,nan,0.73,1.49,15.93,7.57,0.9,27.29,13.68
samples_design_23_dldesign_4_best,0.4,1.12,1.1,nan,nan,nan,0.55,0.94,16.5,7.79,0.91,20.45,12.24
samples_design_23_dldesign_5_best,0.47,0.87,2.18,nan,nan,nan,0.74,1.49,17.66,8.35,0.9,22.54,12.63
samples_design_23_dldesign_6_best,0.57,0.6,1.26,nan,nan,nan,0.55,0.92,12.9,6.26,0.89,5.97,3.5
samples_design_23_dldesign_7_best,0.51,0.79,1.28,nan,nan,nan,0.59,0.96,13.63,6.56,0.9,10.14,6.03
samples_design_24_dldesign_0_best,0.79,0.67,1.75,nan,nan,nan,0.62,1.11,12.22,5.85,0.9,11.5,5.46
samples_design_24_dldesign_1_best,0.79,0.52,1.69,nan,nan,nan,0.62,1.06,13.2,6.27,0.9,10.95,5.58
samples_design_24_dldesign_2_best,0.72,0.68,1.47,nan,nan,nan,0.59,0.98,15.84,7.38,0.91,9.93,4.86
samples_design_24_dldesign_3_best,0.75,0.67,1.62,nan,nan,nan,0.6,1.05,15.06,7.04,0.91,13.47,7.8
samples_design_24_dldesign_4_best,0.78,0.77,1.55,nan,nan,nan,0.58,1.05,16.04,7.45,0.91,16.04,11.05
samples_design_24_dldesign_5_best,0.77,0.61,1.58,nan,nan,nan,0.61,1.03,15.2,7.12,0.91,9.93,5.14
samples_design_24_dldesign_6_best,0.59,0.81,1.44,nan,nan,nan,0.54,0.97,15.81,7.38,0.91,12.41,9.69
samples_design_24_dldesign_7_best,0.61,0.67,1.46,nan,nan,nan,0.54,0.94,17.34,8.05,0.91,23.35,26.92
samples_design_25_dldesign_0_best,0.75,1.0,1.32,nan,nan,nan,0.66,1.1,12.69,6.23,0.9,14.02,5.73
samples_design_25_dldesign_1_best,0.76,0.9,1.01,nan,nan,nan,0.59,0.92,12.24,6.0,0.9,12.67,5.26
samples_design_25_dldesign_2_best,0.69,0.84,0.55,nan,nan,nan,0.54,0.67,6.21,3.36,0.9,3.5,1.79
samples_design_25_dldesign_3_best,0.68,1.25,0.79,nan,nan,nan,0.57,0.9,12.02,5.85,0.91,12.48,4.6
samples_design_25_dldesign_4_best,0.53,0.5,0.88,nan,nan,nan,0.5,0.71,12.67,6.19,0.89,10.01,4.33
samples_design_25_dldesign_5_best,0.82,0.37,5.19,nan,nan,nan,1.65,3.55,16.28,7.79,0.9,16.13,16.55
samples_design_25_dldesign_6_best,0.64,0.61,5.56,nan,nan,nan,1.75,3.79,14.87,7.14,0.9,24.82,17.94
samples_design_25_dldesign_7_best,0.56,0.86,0.68,nan,nan,nan,0.51,0.7,11.96,5.87,0.9,13.33,5.41
samples_design_26_dldesign_0_best,0.7,0.59,0.71,nan,nan,nan,0.47,0.67,16.21,7.57,0.91,20.77,15.97
samples_design_26_dldesign_1_best,0.43,0.57,0.85,nan,nan,nan,0.5,0.63,12.81,6.1,0.91,13.57,8.58
samples_design_26_dldesign_2_best,0.46,0.62,1.35,nan,nan,nan,0.57,0.88,15.53,7.3,0.91,17.43,17.23
samples_design_26_dldesign_3_best,0.95,0.88,2.02,nan,nan,nan,0.72,1.37,15.69,7.34,0.91,23.48,21.27
samples_design_26_dldesign_4_best,0.87,0.8,0.66,nan,nan,nan,0.56,0.79,16.01,7.47,0.91,22.06,18.92
samples_design_26_dldesign_5_best,0.91,0.83,0.79,nan,nan,nan,0.59,0.85,16.11,7.5,0.92,15.62,13.8
samples_design_26_dldesign_6_best,0.85,0.52,0.57,nan,nan,nan,0.5,0.68,12.22,5.86,0.91,11.35,7.76
samples_design_26_dldesign_7_best,1.05,0.75,0.79,nan,nan,nan,0.61,0.89,12.23,5.84,0.91,11.46,6.61
samples_design_27_dldesign_0_best,0.49,0.66,0.88,nan,nan,nan,0.49,0.72,17.08,8.07,0.91,18.45,9.95
samples_design_27_dldesign_1_best,0.62,0.56,2.09,nan,nan,nan,0.73,1.45,16.35,7.79,0.9,6.79,6.26
samples_design_27_dldesign_2_best,0.54,0.64,1.99,nan,nan,nan,0.7,1.39,17.55,8.31,0.9,8.86,8.4
samples_design_27_dldesign_3_best,0.58,0.6,2.84,nan,nan,nan,0.93,1.92,15.63,7.44,0.9,11.83,9.79
samples_design_27_dldesign_4_best,0.43,0.5,3.04,nan,nan,nan,0.98,2.04,13.83,6.69,0.89,12.15,6.37
samples_design_27_dldesign_5_best,0.77,0.57,3.41,nan,nan,nan,1.09,2.31,16.02,7.61,0.91,15.81,9.75
samples_design_27_dldesign_6_best,0.51,0.52,0.52,nan,nan,nan,0.43,0.52,12.28,6.0,0.9,11.17,5.2
samples_design_27_dldesign_7_best,0.5,0.52,0.5,nan,nan,nan,0.44,0.51,13.46,6.51,0.9,9.92,5.22
samples_design_28_dldesign_0_best,0.93,0.46,3.03,nan,nan,nan,0.81,1.72,13.42,6.37,0.9,12.2,6.18
samples_design_28_dldesign_1_best,0.77,0.61,3.06,nan,nan,nan,0.77,1.72,15.68,7.38,0.9,8.49,5.36
samples_design_28_dldesign_2_best,1.04,0.56,3.07,nan,nan,nan,0.8,1.77,14.95,7.02,0.9,9.39,4.4
samples_design_28_dldesign_3_best,0.7,0.73,2.43,nan,nan,nan,0.66,1.42,16.36,7.64,0.91,11.04,11.35
samples_design_28_dldesign_4_best,1.09,0.52,2.7,nan,nan,nan,0.75,1.61,15.57,7.32,0.89,16.33,13.99
samples_design_28_dldesign_5_best,1.08,0.7,3.28,nan,nan,nan,0.84,1.9,15.0,7.05,0.9,11.57,10.44
samples_design_28_dldesign_6_best,1.12,0.51,2.89,nan,nan,nan,0.8,1.7,15.92,7.47,0.9,11.69,6.15
samples_design_28_dldesign_7_best,1.21,0.58,3.23,nan,nan,nan,0.91,1.89,14.47,6.82,0.91,11.59,5.1
samples_design_29_dldesign_0_best,1.09,0.73,1.32,nan,nan,nan,0.56,1.06,16.9,7.9,0.9,17.57,15.48
samples_design_29_dldesign_1_best,1.04,0.9,1.52,nan,nan,nan,0.6,1.16,15.71,7.39,0.9,17.88,13.6
samples_design_29_dldesign_2_best,1.11,0.58,3.03,nan,nan,nan,0.77,1.77,18.47,8.55,0.9,20.34,21.12
samples_design_29_dldesign_3_best,0.86,0.65,2.71,nan,nan,nan,0.71,1.57,18.07,8.41,0.9,21.64,18.77
samples_design_29_dldesign_4_best,0.99,0.62,1.45,nan,nan,nan,0.55,1.05,15.7,7.39,0.9,19.58,21.08
samples_design_29_dldesign_5_best,0.92,0.64,3.29,nan,nan,nan,0.82,1.86,16.86,7.86,0.9,10.07,5.59
samples_design_29_dldesign_6_best,1.06,0.65,1.84,nan,nan,nan,0.65,1.23,16.27,7.62,0.9,14.18,12.16
samples_design_29_dldesign_7_best,1.18,0.91,1.94,nan,nan,nan,0.71,1.36,16.07,7.55,0.9,16.8,11.9
samples_design_30_dldesign_0_best,1.05,0.71,1.17,nan,nan,nan,0.53,0.99,15.46,7.26,0.91,24.02,18.89
samples_design_30_dldesign_1_best,1.22,0.68,3.0,nan,nan,nan,0.8,1.8,15.77,7.39,0.91,14.35,12.39
samples_design_30_dldesign_2_best,1.27,0.87,3.01,nan,nan,nan,0.84,1.84,15.64,7.33,0.91,18.37,16.52
samples_design_30_dldesign_3_best,1.31,0.91,1.6,nan,nan,nan,0.63,1.29,14.95,7.06,0.9,8.73,7.5
samples_design_30_dldesign_4_best,0.56,0.74,1.26,nan,nan,nan,0.51,0.87,16.24,7.58,0.91,15.55,12.31
samples_design_30_dldesign_5_best,0.83,0.85,1.26,nan,nan,nan,0.54,0.98,15.36,7.21,0.91,11.44,13.62
samples_design_30_dldesign_6_best,0.95,0.76,0.79,nan,nan,nan,0.53,0.85,13.2,6.29,0.9,12.23,5.91
samples_design_30_dldesign_7_best,1.24,0.77,1.76,nan,nan,nan,0.64,1.29,15.66,7.38,0.9,24.72,20.98
samples_design_31_dldesign_0_best,0.44,0.53,1.15,nan,nan,nan,0.52,0.82,16.97,7.97,0.91,7.87,7.55
samples_design_31_dldesign_1_best,0.47,0.61,0.82,nan,nan,nan,0.48,0.67,14.84,7.07,0.91,9.15,5.42
samples_design_31_dldesign_2_best,0.34,0.78,0.76,nan,nan,nan,0.45,0.66,15.95,7.53,0.91,26.1,13.23
samples_design_31_dldesign_3_best,0.48,0.71,0.83,nan,nan,nan,0.47,0.7,14.47,6.9,0.91,8.91,5.23
samples_design_31_dldesign_4_best,0.36,0.42,0.89,nan,nan,nan,0.46,0.65,15.83,7.48,0.91,5.81,4.51
samples_design_31_dldesign_5_best,0.35,0.61,0.93,nan,nan,nan,0.48,0.71,14.24,6.81,0.9,11.21,5.69
samples_design_31_dldesign_6_best,0.35,0.86,0.73,nan,nan,nan,0.46,0.68,16.4,7.71,0.91,25.29,13.31
samples_design_31_dldesign_7_best,0.31,0.71,0.89,nan,nan,nan,0.45,0.7,16.61,7.81,0.91,22.02,12.56
samples_design_32_dldesign_0_best,0.8,0.76,3.09,nan,nan,nan,1.01,2.12,15.28,7.29,0.9,9.65,8.7
samples_design_32_dldesign_1_best,0.77,0.88,3.2,nan,nan,nan,1.04,2.2,14.81,7.08,0.91,13.47,10.23
samples_design_32_dldesign_2_best,0.6,0.48,1.3,nan,nan,nan,0.55,0.95,11.01,5.42,0.9,8.04,4.23
samples_design_32_dldesign_3_best,0.9,0.76,3.04,nan,nan,nan,1.0,2.1,14.08,6.76,0.9,5.02,5.71
samples_design_32_dldesign_4_best,0.77,0.39,1.0,nan,nan,nan,0.51,0.81,9.4,4.72,0.9,7.0,3.48
samples_design_32_dldesign_5_best,0.67,0.77,3.14,nan,nan,nan,1.01,2.14,14.68,7.06,0.9,14.99,10.47
samples_design_32_dldesign_6_best,0.61,0.68,3.22,nan,nan,nan,1.03,2.17,14.64,7.02,0.9,15.75,10.66
samples_design_32_dldesign_7_best,0.67,0.82,3.06,nan,nan,nan,1.0,2.09,16.54,7.88,0.9,17.97,10.72
samples_design_33_dldesign_0_best,1.01,0.78,0.77,nan,nan,nan,0.57,0.85,13.72,6.63,0.9,5.53,5.87
samples_design_33_dldesign_1_best,1.1,0.85,0.59,nan,nan,nan,0.54,0.81,16.0,7.63,0.91,16.22,16.78
samples_design_33_dldesign_2_best,0.92,0.88,0.51,nan,nan,nan,0.52,0.73,14.49,6.97,0.9,22.94,16.17
samples_design_33_dldesign_3_best,0.98,0.81,0.61,nan,nan,nan,0.52,0.77,17.65,8.34,0.91,34.03,39.11
samples_design_33_dldesign_4_best,1.08,0.7,0.71,nan,nan,nan,0.57,0.83,9.92,4.96,0.9,6.49,3.41
samples_design_33_dldesign_5_best,1.36,0.6,1.11,nan,nan,nan,0.66,1.1,9.1,4.63,0.89,1.93,2.13
samples_design_33_dldesign_6_best,1.18,0.81,0.74,nan,nan,nan,0.58,0.9,7.41,3.86,0.9,2.81,2.96
samples_design_33_dldesign_7_best,1.19,0.67,0.68,nan,nan,nan,0.57,0.84,7.02,3.69,0.9,2.3,1.88
samples_design_34_dldesign_0_best,0.75,0.74,5.35,nan,nan,nan,1.7,3.66,14.08,6.83,0.89,15.61,9.77
samples_design_34_dldesign_1_best,0.76,0.62,5.24,nan,nan,nan,1.67,3.58,12.63,6.18,0.89,24.58,17.59
samples_design_34_dldesign_2_best,0.97,0.77,5.01,nan,nan,nan,1.61,3.46,12.14,5.98,0.89,16.8,9.62
samples_design_34_dldesign_3_best,0.82,0.57,5.29,nan,nan,nan,1.68,3.62,13.5,6.58,0.89,24.78,16.6
samples_design_34_dldesign_4_best,0.82,0.69,5.23,nan,nan,nan,1.67,3.59,14.87,7.18,0.89,23.83,17.38
samples_design_34_dldesign_5_best,0.92,0.69,5.21,nan,nan,nan,1.66,3.58,16.02,7.66,0.9,10.99,9.19
samples_design_34_dldesign_6_best,0.65,0.67,4.88,nan,nan,nan,1.56,3.34,13.18,6.44,0.89,24.66,16.7
samples_design_34_dldesign_7_best,0.7,0.72,5.12,nan,nan,nan,1.63,3.51,14.37,6.95,0.89,22.93,15.93
samples_design_35_dldesign_0_best,0.65,0.52,3.47,nan,nan,nan,1.11,2.33,13.71,6.63,0.9,18.58,13.29
samples_design_35_dldesign_1_best,0.84,0.51,3.48,nan,nan,nan,1.12,2.35,14.55,6.98,0.9,16.17,12.87
samples_design_35_dldesign_2_best,0.42,0.42,3.38,nan,nan,nan,1.05,2.25,14.6,6.97,0.91,18.53,14.44
samples_design_35_dldesign_3_best,0.68,0.44,3.3,nan,nan,nan,1.05,2.22,14.02,6.7,0.91,15.57,14.01
samples_design_35_dldesign_4_best,0.82,0.43,3.34,nan,nan,nan,1.06,2.26,14.1,6.75,0.91,18.61,13.39
samples_design_35_dldesign_5_best,0.73,0.51,3.44,nan,nan,nan,1.1,2.32,13.11,6.33,0.91,17.1,12.29
samples_design_35_dldesign_6_best,0.41,0.43,1.31,nan,nan,nan,0.55,0.92,14.68,7.01,0.91,17.01,12.9
samples_design_35_dldesign_7_best,0.43,0.51,1.55,nan,nan,nan,0.61,1.08,14.87,7.12,0.9,18.18,13.01
samples_design_36_dldesign_0_best,0.71,0.76,1.44,nan,nan,nan,0.59,1.08,16.32,7.74,0.9,17.14,9.75
samples_design_36_dldesign_1_best,0.85,0.66,1.99,nan,nan,nan,0.72,1.4,15.36,7.28,0.91,22.21,16.37
samples_design_36_dldesign_2_best,1.0,0.62,2.08,nan,nan,nan,0.77,1.48,11.11,5.43,0.9,25.27,17.8
samples_design_36_dldesign_3_best,0.91,0.77,1.99,nan,nan,nan,0.72,1.43,16.84,7.95,0.9,16.91,9.75
samples_design_36_dldesign_4_best,0.91,0.75,2.1,nan,nan,nan,0.76,1.49,16.46,7.81,0.9,25.95,15.59
samples_design_36_dldesign_5_best,0.78,0.62,1.95,nan,nan,nan,0.71,1.36,14.55,6.9,0.91,11.3,8.77
samples_design_36_dldesign_6_best,0.88,0.85,1.27,nan,nan,nan,0.6,1.05,16.11,7.64,0.91,17.97,9.35
samples_design_36_dldesign_7_best,0.88,0.68,1.89,nan,nan,nan,0.7,1.36,17.12,8.09,0.9,8.06,6.14
samples_design_37_dldesign_0_best,0.55,0.73,0.8,nan,nan,nan,0.51,0.73,9.78,4.89,0.9,5.54,2.41
samples_design_37_dldesign_1_best,0.99,0.7,0.72,nan,nan,nan,0.53,0.8,10.11,5.03,0.9,2.84,2.16
samples_design_37_dldesign_2_best,1.07,0.83,0.71,nan,nan,nan,0.53,0.85,16.41,7.8,0.91,20.21,19.9
samples_design_37_dldesign_3_best,1.1,0.74,0.85,nan,nan,nan,0.58,0.9,8.69,4.4,0.9,2.76,2.02
samples_design_37_dldesign_4_best,0.58,0.78,0.67,nan,nan,nan,0.48,0.68,14.28,6.89,0.91,7.16,7.09
samples_design_37_dldesign_5_best,1.11,0.73,0.79,nan,nan,nan,0.59,0.88,6.68,3.54,0.9,2.34,1.27
samples_design_37_dldesign_6_best,0.54,0.79,0.59,nan,nan,nan,0.44,0.63,15.41,7.37,0.91,18.2,14.9
samples_design_37_dldesign_7_best,0.89,0.69,0.86,nan,nan,nan,0.54,0.84,11.7,5.75,0.9,2.84,2.2
samples_design_38_dldesign_0_best,0.55,0.32,0.52,nan,nan,nan,0.45,0.48,10.9,5.27,0.91,10.62,6.41
samples_design_38_dldesign_1_best,0.61,0.39,0.45,nan,nan,nan,0.45,0.5,11.78,5.66,0.91,13.46,8.19
samples_design_38_dldesign_2_best,0.46,0.42,0.29,nan,nan,nan,0.42,0.4,15.44,7.23,0.92,23.09,13.69
samples_design_38_dldesign_3_best,0.42,0.45,0.3,nan,nan,nan,0.44,0.39,15.22,7.14,0.92,17.27,9.8
samples_design_38_dldesign_4_best,0.54,0.54,0.4,nan,nan,nan,0.43,0.49,14.86,7.0,0.91,12.01,5.35
samples_design_38_dldesign_5_best,0.51,0.32,0.47,nan,nan,nan,0.44,0.45,12.35,5.89,0.91,12.13,7.77
samples_design_38_dldesign_6_best,0.71,0.55,2.46,nan,nan,nan,0.75,1.54,8.85,4.43,0.9,13.28,7.5
samples_design_38_dldesign_7_best,0.74,0.65,2.1,nan,nan,nan,0.68,1.36,17.48,8.13,0.91,21.76,22.97
samples_design_39_dldesign_0_best,0.57,0.92,1.32,nan,nan,nan,0.54,0.99,17.31,8.05,0.91,9.51,5.89
samples_design_39_dldesign_1_best,0.83,0.87,1.85,nan,nan,nan,0.67,1.29,14.42,6.8,0.91,13.46,9.81
samples_design_39_dldesign_2_best,0.85,0.8,0.78,nan,nan,nan,0.54,0.81,15.54,7.31,0.91,18.5,19.23
samples_design_39_dldesign_3_best,0.81,0.78,1.06,nan,nan,nan,0.54,0.9,15.45,7.26,0.92,25.39,22.27
samples_design_39_dldesign_4_best,0.83,0.59,0.99,nan,nan,nan,0.51,0.83,13.2,6.28,0.91,12.35,8.15
samples_design_39_dldesign_5_best,1.63,0.97,0.8,nan,nan,nan,0.68,1.2,15.2,7.13,0.92,17.54,17.61
samples_design_39_dldesign_6_best,1.0,0.6,0.6,nan,nan,nan,0.56,0.77,11.76,5.67,0.91,13.65,8.62
samples_design_39_dldesign_7_best,0.76,0.65,0.98,nan,nan,nan,0.55,0.82,15.45,7.25,0.92,15.94,14.13
samples_design_40_dldesign_0_best,0.55,0.75,0.51,nan,nan,nan,0.47,0.61,13.8,6.52,0.91,14.06,10.71
samples_design_40_dldesign_1_best,0.7,0.77,0.91,nan,nan,nan,0.49,0.8,17.14,7.98,0.91,21.18,14.66
samples_design_40_dldesign_2_best,0.47,0.67,0.51,nan,nan,nan,0.45,0.55,10.53,5.16,0.9,11.76,6.62
samples_design_40_dldesign_3_best,0.46,0.95,0.88,nan,nan,nan,0.52,0.78,15.51,7.24,0.92,25.77,21.97
samples_design_40_dldesign_4_best,0.53,0.74,1.92,nan,nan,nan,0.71,1.2,6.06,3.22,0.9,10.79,5.72
samples_design_40_dldesign_5_best,0.66,0.83,0.86,nan,nan,nan,0.51,0.78,16.69,7.8,0.91,18.22,13.41
samples_design_40_dldesign_6_best,0.94,0.89,0.63,nan,nan,nan,0.58,0.84,15.73,7.37,0.91,13.35,16.85
samples_design_40_dldesign_7_best,0.8,0.83,0.45,nan,nan,nan,0.48,0.72,16.76,7.82,0.91,21.16,21.31
samples_design_41_dldesign_0_best,0.61,0.84,3.68,nan,nan,nan,1.3,2.65,13.02,6.38,0.9,15.62,16.71
samples_design_41_dldesign_1_best,0.95,0.77,3.36,nan,nan,nan,1.23,2.45,15.4,7.44,0.9,23.39,18.21
samples_design_41_dldesign_2_best,0.73,0.71,3.2,nan,nan,nan,1.17,2.32,11.51,5.72,0.89,4.89,4.04
samples_design_41_dldesign_3_best,0.68,0.94,3.07,nan,nan,nan,1.11,2.24,15.75,7.58,0.9,14.61,12.72
samples_design_41_dldesign_4_best,0.64,0.73,3.3,nan,nan,nan,1.19,2.38,15.82,7.58,0.91,22.97,16.52
samples_design_41_dldesign_5_best,0.54,0.89,3.42,nan,nan,nan,1.22,2.47,16.07,7.68,0.91,19.1,15.0
samples_design_41_dldesign_6_best,0.64,0.71,3.63,nan,nan,nan,1.29,2.61,14.93,7.2,0.9,13.96,13.47
samples_design_41_dldesign_7_best,0.64,0.76,3.27,nan,nan,nan,1.19,2.37,15.28,7.32,0.91,5.37,4.96
samples_design_42_dldesign_0_best,0.7,0.41,3.27,nan,nan,nan,1.04,2.2,15.02,7.22,0.9,10.56,7.24
samples_design_42_dldesign_1_best,0.78,0.52,4.13,nan,nan,nan,1.27,2.77,15.81,7.52,0.9,10.99,12.87
samples_design_42_dldesign_2_best,0.8,0.57,4.2,nan,nan,nan,1.29,2.82,15.99,7.58,0.91,14.96,14.19
samples_design_42_dldesign_3_best,0.56,0.43,1.21,nan,nan,nan,0.51,0.88,10.63,5.25,0.9,9.82,5.36
samples_design_42_dldesign_4_best,0.71,0.5,1.26,nan,nan,nan,0.55,0.95,11.02,5.43,0.9,11.02,6.22
samples_design_42_dldesign_5_best,1.02,0.52,4.12,nan,nan,nan,1.28,2.78,14.16,6.79,0.91,10.08,11.94
samples_design_42_dldesign_6_best,0.63,0.43,0.77,nan,nan,nan,0.45,0.65,13.52,6.55,0.9,10.11,5.6
samples_design_42_dldesign_7_best,0.7,0.52,4.01,nan,nan,nan,1.24,2.68,14.6,6.99,0.9,15.18,14.49
samples_design_43_dldesign_0_best,0.57,1.78,1.6,nan,nan,nan,0.77,1.44,17.86,8.52,0.9,19.98,13.01
samples_design_43_dldesign_1_best,0.82,1.7,6.91,nan,nan,nan,2.26,4.88,15.29,7.32,0.91,11.44,11.1
samples_design_43_dldesign_2_best,0.71,1.24,6.98,nan,nan,nan,2.27,4.89,15.28,7.29,0.92,9.25,9.09
samples_design_43_dldesign_3_best,0.97,2.06,6.86,nan,nan,nan,2.27,4.89,15.74,7.55,0.91,9.27,10.12
samples_design_43_dldesign_4_best,0.69,2.27,6.2,nan,nan,nan,2.08,4.45,17.03,8.2,0.9,13.12,13.25
samples_design_43_dldesign_5_best,0.6,0.81,1.86,nan,nan,nan,0.71,1.38,17.5,8.38,0.9,19.43,17.49
samples_design_43_dldesign_6_best,0.75,1.32,7.16,nan,nan,nan,2.32,5.02,16.95,8.04,0.9,21.83,14.83
samples_design_43_dldesign_7_best,0.81,1.53,1.68,nan,nan,nan,0.76,1.45,13.17,6.39,0.91,13.98,6.4
samples_design_44_dldesign_0_best,0.68,0.45,1.51,nan,nan,nan,0.56,0.94,14.3,6.7,0.91,11.34,8.65
samples_design_44_dldesign_1_best,0.98,0.69,2.27,nan,nan,nan,0.71,1.4,14.05,6.62,0.91,15.05,13.79
samples_design_44_dldesign_2_best,0.6,0.43,1.44,nan,nan,nan,0.53,0.88,15.67,7.33,0.91,13.92,12.77
samples_design_44_dldesign_3_best,0.61,0.45,1.43,nan,nan,nan,0.53,0.88,15.43,7.19,0.91,13.83,13.57
samples_design_44_dldesign_4_best,0.67,0.45,1.47,nan,nan,nan,0.54,0.92,15.37,7.19,0.91,14.45,12.25
samples_design_44_dldesign_5_best,0.65,0.46,1.47,nan,nan,nan,0.53,0.91,15.02,7.0,0.92,11.57,13.08
samples_design_44_dldesign_6_best,0.62,0.54,1.43,nan,nan,nan,0.52,0.9,15.18,7.09,0.91,8.43,10.45
samples_design_44_dldesign_7_best,0.55,0.38,1.53,nan,nan,nan,0.51,0.9,16.38,7.62,0.91,9.1,7.39
samples_design_45_dldesign_0_best,0.5,0.45,2.16,nan,nan,nan,0.79,1.54,16.46,7.9,0.9,11.82,5.85
samples_design_45_dldesign_1_best,0.69,0.54,1.89,nan,nan,nan,0.75,1.38,16.18,7.79,0.9,12.27,6.49
samples_design_45_dldesign_2_best,0.87,0.83,1.81,nan,nan,nan,0.77,1.39,11.11,5.56,0.89,17.56,7.17
samples_design_45_dldesign_3_best,0.69,0.8,1.39,nan,nan,nan,0.67,1.1,7.47,3.93,0.89,19.47,8.33
samples_design_45_dldesign_4_best,0.51,0.74,1.88,nan,nan,nan,0.72,1.38,17.18,8.19,0.91,13.71,8.83
samples_design_45_dldesign_5_best,0.81,0.5,3.27,nan,nan,nan,1.12,2.32,10.05,5.11,0.89,26.5,15.22
samples_design_45_dldesign_6_best,0.64,0.62,6.41,nan,nan,nan,2.07,4.47,16.99,8.16,0.9,22.59,16.35
samples_design_45_dldesign_7_best,0.43,0.67,2.45,nan,nan,nan,0.88,1.75,18.11,8.62,0.9,24.99,14.44
samples_design_46_dldesign_0_best,0.93,0.83,5.41,nan,nan,nan,1.77,3.81,12.49,6.16,0.89,4.71,4.83
samples_design_46_dldesign_1_best,0.73,0.73,5.29,nan,nan,nan,1.72,3.7,14.57,7.07,0.9,4.85,5.13
samples_design_46_dldesign_2_best,0.49,0.54,1.59,nan,nan,nan,0.63,1.16,3.69,2.29,0.9,9.79,4.28
samples_design_46_dldesign_3_best,0.83,0.96,6.3,nan,nan,nan,2.04,4.41,17.33,8.26,0.9,12.45,9.51
samples_design_46_dldesign_4_best,0.84,0.75,5.21,nan,nan,nan,1.71,3.65,15.04,7.29,0.89,21.53,16.97
samples_design_46_dldesign_5_best,0.72,1.08,4.93,nan,nan,nan,1.64,3.48,11.89,5.91,0.89,24.41,16.45
samples_design_46_dldesign_6_best,0.79,1.59,5.3,nan,nan,nan,1.77,3.77,11.81,5.87,0.89,25.46,15.95
samples_design_46_dldesign_7_best,0.9,0.86,5.67,nan,nan,nan,1.85,3.98,17.27,8.24,0.89,14.3,12.37
samples_design_47_dldesign_0_best,0.81,0.73,1.12,nan,nan,nan,0.56,0.95,16.38,7.79,0.91,22.06,11.77
samples_design_47_dldesign_1_best,0.64,0.59,0.97,nan,nan,nan,0.52,0.8,14.64,7.08,0.9,13.76,6.34
samples_design_47_dldesign_2_best,0.65,0.55,1.42,nan,nan,nan,0.62,1.06,16.8,8.03,0.9,9.02,5.6
samples_design_47_dldesign_3_best,0.6,0.75,1.01,nan,nan,nan,0.55,0.84,10.88,5.39,0.9,6.2,2.67
samples_design_47_dldesign_4_best,0.63,0.68,1.33,nan,nan,nan,0.58,1.02,17.12,8.09,0.91,24.48,14.62
samples_design_47_dldesign_5_best,0.48,0.82,1.24,nan,nan,nan,0.56,0.97,16.98,8.03,0.91,19.47,11.49
samples_design_47_dldesign_6_best,1.34,0.85,1.59,nan,nan,nan,0.72,1.36,17.74,8.48,0.9,21.03,10.9
samples_design_47_dldesign_7_best,0.94,0.59,0.84,nan,nan,nan,0.54,0.81,13.41,6.48,0.91,12.97,5.86
samples_design_48_dldesign_0_best,1.01,0.74,0.76,nan,nan,nan,0.55,0.83,10.74,5.31,0.9,1.25,0.98
samples_design_48_dldesign_1_best,0.96,0.74,0.85,nan,nan,nan,0.55,0.86,12.21,5.96,0.9,4.64,3.81
samples_design_48_dldesign_2_best,1.39,0.86,0.82,nan,nan,nan,0.63,1.01,8.96,4.53,0.9,2.55,1.7
samples_design_48_dldesign_3_best,1.01,0.67,0.65,nan,nan,nan,0.52,0.77,11.51,5.65,0.9,2.03,1.3
samples_design_48_dldesign_4_best,0.65,0.53,0.89,nan,nan,nan,0.53,0.76,10.27,5.11,0.9,2.73,1.98
samples_design_48_dldesign_5_best,0.96,0.75,0.97,nan,nan,nan,0.59,0.92,15.61,7.45,0.91,14.24,13.4
samples_design_48_dldesign_6_best,0.63,0.67,0.86,nan,nan,nan,0.48,0.76,14.86,7.16,0.9,6.5,4.09
samples_design_48_dldesign_7_best,0.79,0.65,0.77,nan,nan,nan,0.52,0.75,15.76,7.52,0.91,17.32,15.92
samples_design_49_dldesign_0_best,0.59,0.54,1.63,nan,nan,nan,0.68,1.2,16.6,7.97,0.89,8.7,9.78
samples_design_49_dldesign_1_best,0.74,0.41,3.72,nan,nan,nan,1.26,2.61,15.01,7.28,0.89,12.15,12.23
samples_design_49_dldesign_2_best,0.58,0.5,1.77,nan,nan,nan,0.74,1.29,12.03,6.02,0.88,3.22,3.95
samples_design_49_dldesign_3_best,0.8,0.49,2.96,nan,nan,nan,1.05,2.11,14.76,7.18,0.89,11.29,11.69
samples_design_49_dldesign_4_best,0.55,0.58,3.93,nan,nan,nan,1.31,2.75,11.77,5.77,0.9,14.14,12.75
samples_design_49_dldesign_5_best,0.56,0.58,3.94,nan,nan,nan,1.3,2.76,15.73,7.54,0.9,4.94,4.01
samples_design_49_dldesign_6_best,0.53,0.57,4.3,nan,nan,nan,1.41,3.0,18.25,8.65,0.89,21.94,19.46
samples_design_49_dldesign_7_best,0.75,0.6,1.65,nan,nan,nan,0.72,1.25,15.15,7.33,0.89,22.92,17.63
