tag,framework_aligned_H1_rmsd,framework_aligned_H2_rmsd,framework_aligned_H3_rmsd,framework_aligned_L1_rmsd,framework_aligned_L2_rmsd,framework_aligned_L3_rmsd,framework_aligned_antibody_rmsd,framework_aligned_cdr_rmsd,interaction_pae,pae,pred_lddt,target_aligned_antibody_rmsd,target_aligned_cdr_rmsd
design_0000,0.72,0.65,0.8,nan,nan,nan,0.49,0.74,16.13,7.95,0.9,35.83,19.58
design_0001,0.82,0.78,0.88,nan,nan,nan,0.53,0.84,16.98,8.2,0.91,34.23,23.14
design_0002,0.73,0.62,0.9,nan,nan,nan,0.53,0.79,16.34,8.08,0.9,29.15,18.87
design_0003,0.7,0.66,0.78,nan,nan,nan,0.5,0.73,16.14,7.94,0.9,23.6,20.73
design_0004,0.76,0.6,0.8,nan,nan,nan,0.51,0.74,15.82,7.79,0.9,37.19,18.64
design_0005,0.9,0.77,0.89,nan,nan,nan,0.54,0.87,17.32,8.47,0.9,32.8,21.19
design_0006,0.75,0.65,0.86,nan,nan,nan,0.52,0.78,15.23,7.64,0.89,23.33,13.79
design_0007,0.68,0.68,0.79,nan,nan,nan,0.49,0.73,16.46,8.1,0.9,22.09,18.39
design_0008,0.69,0.71,0.58,nan,nan,nan,0.47,0.64,16.53,8.07,0.91,27.27,18.77
design_0009,0.59,0.71,0.84,nan,nan,nan,0.5,0.75,16.62,7.99,0.91,31.89,16.96
design_0010,0.54,0.78,0.83,nan,nan,nan,0.48,0.75,13.09,6.67,0.89,35.05,20.02
design_0011,0.66,0.68,0.7,nan,nan,nan,0.48,0.69,16.42,8.03,0.9,29.72,28.7
design_0012,0.68,0.79,0.54,nan,nan,nan,0.47,0.64,17.02,8.32,0.9,32.78,22.26
design_0013,0.72,0.63,0.71,nan,nan,nan,0.49,0.7,16.91,8.26,0.9,35.8,18.42
design_0014,0.54,0.69,0.62,nan,nan,nan,0.45,0.62,16.51,8.01,0.91,27.91,20.75
design_0015,0.67,0.79,0.77,nan,nan,nan,0.49,0.75,15.55,7.69,0.9,33.76,23.12
design_0016,0.62,0.64,1.0,nan,nan,nan,0.53,0.83,15.58,8.06,0.87,20.82,14.42
design_0017,0.54,0.56,2.97,nan,nan,nan,1.03,2.1,16.73,8.52,0.88,15.58,12.03
design_0018,0.51,0.65,1.31,nan,nan,nan,0.6,1.0,13.87,7.27,0.87,20.1,10.4
design_0019,0.54,0.62,1.72,nan,nan,nan,0.68,1.26,13.16,7.12,0.85,24.69,19.72
design_0020,0.5,0.56,1.34,nan,nan,nan,0.58,1.0,15.64,8.08,0.87,27.92,18.9
design_0021,0.55,0.64,1.72,nan,nan,nan,0.69,1.27,14.63,7.79,0.86,20.85,18.02
design_0022,0.54,0.43,2.87,nan,nan,nan,0.99,2.02,18.68,9.26,0.88,26.31,21.17
design_0023,0.73,0.65,1.39,nan,nan,nan,0.61,1.08,15.02,7.81,0.87,16.0,9.76
design_0024,0.82,1.08,1.83,nan,nan,nan,0.72,1.42,14.56,7.34,0.89,27.9,15.9
design_0025,0.49,0.95,3.19,nan,nan,nan,1.06,2.23,13.63,6.99,0.89,25.52,17.92
design_0026,0.49,0.89,3.17,nan,nan,nan,1.05,2.21,14.14,7.16,0.89,28.01,16.31
design_0027,0.57,0.78,2.84,nan,nan,nan,0.96,1.98,15.44,7.79,0.89,22.39,16.19
design_0028,0.64,0.88,3.11,nan,nan,nan,1.04,2.18,14.99,7.56,0.89,31.83,16.03
design_0029,0.69,1.14,1.9,nan,nan,nan,0.74,1.45,14.08,7.37,0.87,28.07,15.35
design_0030,0.51,1.18,0.35,nan,nan,nan,0.45,0.69,15.65,7.77,0.9,25.15,18.21
design_0031,0.83,1.13,3.01,nan,nan,nan,1.03,2.16,14.05,7.55,0.86,28.22,15.03
design_0032,0.84,1.24,4.27,nan,nan,nan,1.13,2.55,14.51,7.53,0.88,9.08,9.61
design_0033,1.06,1.19,2.11,nan,nan,nan,0.73,1.5,14.31,7.49,0.88,11.34,11.63
design_0034,0.74,1.24,4.52,nan,nan,nan,1.16,2.67,14.59,7.6,0.88,5.72,4.53
design_0035,1.05,1.1,2.32,nan,nan,nan,0.77,1.58,13.55,7.18,0.88,10.75,11.07
design_0036,0.93,1.16,2.14,nan,nan,nan,0.74,1.48,14.6,7.6,0.88,13.19,13.68
design_0037,1.05,1.3,4.64,nan,nan,nan,1.22,2.78,14.35,7.45,0.88,11.38,13.1
design_0038,0.96,1.24,4.41,nan,nan,nan,1.17,2.64,14.55,7.52,0.88,12.64,15.49
design_0039,0.94,1.04,2.22,nan,nan,nan,0.74,1.49,13.77,7.29,0.88,13.62,14.83
design_0040,0.56,0.82,4.54,nan,nan,nan,1.32,2.95,15.34,8.01,0.88,25.36,18.75
design_0041,0.42,0.76,0.98,nan,nan,nan,0.47,0.78,15.55,7.67,0.9,22.14,20.47
design_0042,0.39,0.69,0.97,nan,nan,nan,0.48,0.75,15.34,7.6,0.9,17.8,9.25
design_0043,0.42,0.56,1.04,nan,nan,nan,0.48,0.77,15.75,7.84,0.89,34.78,20.75
design_0044,0.48,0.77,1.1,nan,nan,nan,0.5,0.86,16.02,8.14,0.88,22.08,9.65
design_0045,0.54,0.75,1.42,nan,nan,nan,0.56,1.03,15.83,8.14,0.88,26.15,15.17
design_0046,0.52,0.75,0.9,nan,nan,nan,0.48,0.75,15.34,7.58,0.91,15.48,8.28
design_0047,0.57,0.71,1.07,nan,nan,nan,0.5,0.84,15.0,7.64,0.88,12.88,10.16
design_0048,0.69,0.5,0.96,nan,nan,nan,0.5,0.76,15.36,7.77,0.89,33.85,16.16
design_0049,0.84,0.58,1.16,nan,nan,nan,0.56,0.92,15.65,7.94,0.89,26.4,13.57
design_0050,0.73,0.49,0.71,nan,nan,nan,0.48,0.66,15.59,7.79,0.9,35.81,14.21
design_0051,1.21,0.44,0.85,nan,nan,nan,0.54,0.91,15.62,7.84,0.9,33.61,13.9
design_0052,0.67,0.51,1.22,nan,nan,nan,0.54,0.89,16.04,7.96,0.9,27.74,17.71
design_0053,0.75,0.53,0.71,nan,nan,nan,0.48,0.68,15.8,7.93,0.89,12.74,14.09
design_0054,0.6,0.42,0.57,nan,nan,nan,0.45,0.54,16.03,8.04,0.89,19.23,16.21
design_0055,0.71,0.52,0.96,nan,nan,nan,0.51,0.78,15.94,7.94,0.9,35.13,13.44
design_0056,0.66,0.8,1.66,nan,nan,nan,0.66,1.23,16.15,7.96,0.9,30.64,14.34
design_0057,0.42,0.86,2.25,nan,nan,nan,0.76,1.56,16.02,8.03,0.89,30.19,14.09
design_0058,0.52,0.91,2.25,nan,nan,nan,0.79,1.58,15.43,7.68,0.9,28.0,12.62
design_0059,0.52,0.83,2.51,nan,nan,nan,0.84,1.73,15.92,8.11,0.88,27.89,12.61
design_0060,0.45,0.79,2.31,nan,nan,nan,0.78,1.59,15.93,7.99,0.89,22.76,13.59
design_0061,0.49,0.81,1.4,nan,nan,nan,0.59,1.05,15.35,7.62,0.9,28.64,14.42
design_0062,0.65,0.85,2.53,nan,nan,nan,0.86,1.76,15.6,7.88,0.89,26.52,15.13
design_0063,0.42,0.77,2.13,nan,nan,nan,0.74,1.48,15.79,7.95,0.89,27.85,16.24
design_0064,0.51,0.73,2.51,nan,nan,nan,0.76,1.57,15.24,7.69,0.89,29.19,17.97
design_0065,0.45,0.8,2.27,nan,nan,nan,0.7,1.43,14.72,7.56,0.88,26.1,15.26
design_0066,0.47,0.86,2.09,nan,nan,nan,0.67,1.35,15.12,7.81,0.88,26.91,18.45
design_0067,0.48,0.84,2.44,nan,nan,nan,0.75,1.54,15.48,7.79,0.89,29.32,17.4
design_0068,0.45,0.71,2.47,nan,nan,nan,0.74,1.53,14.72,7.45,0.89,28.9,17.32
design_0069,0.58,0.96,2.18,nan,nan,nan,0.7,1.44,13.68,7.17,0.88,29.37,15.02
design_0070,0.51,0.76,2.35,nan,nan,nan,0.71,1.48,15.56,7.95,0.89,30.45,14.07
design_0071,0.47,0.81,2.35,nan,nan,nan,0.72,1.48,14.65,7.5,0.88,29.74,15.94
design_0072,1.02,0.74,3.61,nan,nan,nan,1.18,2.47,15.26,7.82,0.88,3.91,4.65
design_0073,0.63,0.68,2.77,nan,nan,nan,0.93,1.89,15.73,8.12,0.87,8.76,6.47
design_0074,0.77,0.57,2.26,nan,nan,nan,0.8,1.58,15.63,8.09,0.88,17.48,19.74
design_0075,0.91,0.67,3.37,nan,nan,nan,1.1,2.3,15.15,7.91,0.87,15.34,18.19
design_0076,0.88,0.64,3.54,nan,nan,nan,1.14,2.4,16.66,8.47,0.88,30.91,18.1
design_0077,0.75,0.68,3.17,nan,nan,nan,1.03,2.16,15.77,8.12,0.88,8.13,7.25
design_0078,0.63,0.63,3.43,nan,nan,nan,1.1,2.31,15.22,7.87,0.87,24.16,16.16
design_0079,0.85,0.63,3.31,nan,nan,nan,1.08,2.26,16.66,8.54,0.88,29.6,19.83
design_0080,0.59,0.77,3.9,nan,nan,nan,1.23,2.62,16.18,8.18,0.89,20.78,13.97
design_0081,0.56,0.8,3.74,nan,nan,nan,1.18,2.52,16.15,8.25,0.88,11.54,9.9
design_0082,0.47,0.63,2.88,nan,nan,nan,0.94,1.95,16.83,8.67,0.88,29.13,16.5
design_0083,0.53,0.73,2.89,nan,nan,nan,0.95,1.96,16.12,8.21,0.89,27.18,18.3
design_0084,0.31,0.58,2.77,nan,nan,nan,0.9,1.86,16.23,8.35,0.88,24.77,14.06
design_0085,0.59,0.65,2.99,nan,nan,nan,0.97,2.03,17.24,8.93,0.87,28.73,24.32
design_0086,0.61,0.63,4.38,nan,nan,nan,1.35,2.92,16.13,8.24,0.88,14.39,11.27
design_0087,0.58,0.64,3.64,nan,nan,nan,1.14,2.44,16.01,8.31,0.88,11.84,7.02
design_0088,0.79,0.67,7.29,nan,nan,nan,2.26,4.96,16.21,8.6,0.86,34.8,15.11
design_0089,0.87,0.56,7.17,nan,nan,nan,2.23,4.89,17.08,8.99,0.87,15.49,13.58
design_0090,0.72,0.58,10.59,nan,nan,nan,3.25,7.18,15.35,7.89,0.88,40.12,21.35
design_0091,0.78,0.71,7.85,nan,nan,nan,2.43,5.35,16.48,8.75,0.87,16.92,15.23
design_0092,0.92,0.73,7.01,nan,nan,nan,2.19,4.79,16.72,8.78,0.87,33.98,12.84
design_0093,1.0,0.67,8.98,nan,nan,nan,2.77,6.11,15.89,8.34,0.88,33.31,13.59
design_0094,0.81,0.67,4.63,nan,nan,nan,1.48,3.18,17.09,8.98,0.87,23.94,16.12
design_0095,0.97,0.62,7.24,nan,nan,nan,2.25,4.94,16.54,8.76,0.87,9.98,11.51
design_0096,0.61,0.6,1.28,nan,nan,nan,0.49,0.85,14.31,7.38,0.89,32.78,17.27
design_0097,0.69,0.5,1.27,nan,nan,nan,0.5,0.85,15.35,7.81,0.89,37.67,17.03
design_0098,0.69,0.58,1.22,nan,nan,nan,0.49,0.84,14.78,7.38,0.91,33.36,15.74
design_0099,0.67,0.66,1.14,nan,nan,nan,0.49,0.83,13.89,7.21,0.89,32.47,17.52
design_0100,0.66,0.65,0.97,nan,nan,nan,0.46,0.75,13.75,7.17,0.88,28.86,17.28
design_0101,0.57,0.72,0.91,nan,nan,nan,0.46,0.73,14.3,7.39,0.89,29.84,15.69
design_0102,0.72,0.74,1.14,nan,nan,nan,0.5,0.86,14.48,7.5,0.88,22.13,17.72
design_0103,0.49,0.72,1.14,nan,nan,nan,0.47,0.79,14.4,7.35,0.9,32.01,17.71
design_0104,0.6,0.76,2.04,nan,nan,nan,0.61,1.22,15.58,7.98,0.89,15.71,8.89
design_0105,0.37,0.8,1.91,nan,nan,nan,0.58,1.13,15.53,7.96,0.89,24.87,15.72
design_0106,0.41,0.82,2.03,nan,nan,nan,0.6,1.2,15.77,8.13,0.89,26.33,19.92
design_0107,0.56,0.73,1.95,nan,nan,nan,0.6,1.16,14.88,7.77,0.88,17.1,10.85
design_0108,0.47,0.89,1.86,nan,nan,nan,0.59,1.15,14.22,7.39,0.88,24.42,19.98
design_0109,0.41,0.75,1.88,nan,nan,nan,0.58,1.11,15.64,8.04,0.89,25.03,15.38
design_0110,0.54,0.71,1.98,nan,nan,nan,0.61,1.17,15.16,7.79,0.89,27.35,18.81
design_0111,0.42,0.73,1.81,nan,nan,nan,0.57,1.08,15.34,7.87,0.89,22.95,14.41
design_0112,0.55,0.86,1.2,nan,nan,nan,0.53,0.89,14.96,7.68,0.88,12.22,11.17
design_0113,0.52,0.53,1.43,nan,nan,nan,0.53,0.91,14.63,7.23,0.91,12.81,6.65
design_0114,1.15,1.51,1.48,nan,nan,nan,0.68,1.38,14.63,7.52,0.89,14.58,6.87
design_0115,0.57,0.8,1.58,nan,nan,nan,0.57,1.06,15.04,7.56,0.9,12.85,12.43
design_0116,0.96,0.9,1.67,nan,nan,nan,0.61,1.21,15.16,7.66,0.89,9.52,5.38
design_0117,0.63,0.41,0.83,nan,nan,nan,0.43,0.65,15.41,7.71,0.89,17.19,14.72
design_0118,1.05,0.8,1.52,nan,nan,nan,0.59,1.16,14.73,7.49,0.89,11.58,6.89
design_0119,0.99,1.69,1.61,nan,nan,nan,0.68,1.45,13.37,7.1,0.87,15.1,7.81
design_0120,1.03,0.48,1.16,nan,nan,nan,0.49,0.94,15.88,7.99,0.89,27.18,15.06
design_0121,1.03,0.49,3.02,nan,nan,nan,0.81,1.83,15.14,7.87,0.88,32.34,17.72
design_0122,1.05,0.53,3.17,nan,nan,nan,0.84,1.91,14.79,7.65,0.88,17.91,8.8
design_0123,0.86,0.54,3.03,nan,nan,nan,0.82,1.81,14.63,7.59,0.88,28.27,11.22
design_0124,0.79,0.48,3.09,nan,nan,nan,0.8,1.82,15.53,8.0,0.88,30.33,16.34
design_0125,0.87,0.56,3.31,nan,nan,nan,0.87,1.96,14.82,7.67,0.88,16.79,9.7
design_0126,1.07,0.44,3.09,nan,nan,nan,0.83,1.87,14.73,7.69,0.88,20.24,10.31
design_0127,1.05,0.55,3.17,nan,nan,nan,0.86,1.92,15.02,7.74,0.89,21.38,9.34
design_0128,0.55,0.59,1.98,nan,nan,nan,0.74,1.4,14.61,7.79,0.85,23.41,15.1
design_0129,0.55,0.55,2.64,nan,nan,nan,0.91,1.83,16.0,8.25,0.88,28.37,15.4
design_0130,0.6,0.55,1.51,nan,nan,nan,0.6,1.11,16.51,8.34,0.87,38.0,20.69
design_0131,0.67,0.5,1.54,nan,nan,nan,0.62,1.13,17.42,8.87,0.86,25.39,23.02
design_0132,0.79,0.55,2.41,nan,nan,nan,0.86,1.71,16.06,8.23,0.88,24.69,16.73
design_0133,0.46,0.65,2.49,nan,nan,nan,0.87,1.74,16.47,8.34,0.88,28.3,16.47
design_0134,0.55,0.59,2.17,nan,nan,nan,0.78,1.53,14.04,7.34,0.86,25.68,17.29
design_0135,0.57,0.58,2.48,nan,nan,nan,0.87,1.73,16.16,8.24,0.88,26.82,16.68
design_0136,0.65,0.84,1.54,nan,nan,nan,0.59,1.06,14.85,7.49,0.9,12.85,7.91
design_0137,0.61,0.83,1.62,nan,nan,nan,0.58,1.09,14.94,7.62,0.89,13.72,6.96
design_0138,0.69,0.86,1.75,nan,nan,nan,0.62,1.17,15.57,7.86,0.89,23.49,16.5
design_0139,0.54,0.85,1.03,nan,nan,nan,0.51,0.82,15.48,7.7,0.9,29.3,13.16
design_0140,0.56,0.8,1.04,nan,nan,nan,0.54,0.81,15.21,7.6,0.9,9.02,10.09
design_0141,0.54,0.88,0.9,nan,nan,nan,0.5,0.78,15.05,7.52,0.9,28.34,10.94
design_0142,0.5,0.85,0.79,nan,nan,nan,0.48,0.72,15.06,7.45,0.91,28.22,12.22
design_0143,0.63,0.9,1.68,nan,nan,nan,0.61,1.14,15.42,7.78,0.9,26.42,11.23
design_0144,0.44,0.81,1.07,nan,nan,nan,0.51,0.86,17.91,9.1,0.88,17.12,18.33
design_0145,0.66,0.62,2.06,nan,nan,nan,0.74,1.47,15.78,7.99,0.89,21.19,17.8
design_0146,0.53,0.58,3.37,nan,nan,nan,1.1,2.32,16.02,8.0,0.9,30.51,19.56
design_0147,0.62,0.85,1.2,nan,nan,nan,0.56,0.97,14.96,7.77,0.88,25.09,15.33
design_0148,0.57,0.92,0.85,nan,nan,nan,0.49,0.8,16.83,8.49,0.89,36.19,24.79
design_0149,0.46,0.91,0.92,nan,nan,nan,0.48,0.81,16.95,8.42,0.9,24.01,18.84
design_0150,0.63,0.86,0.99,nan,nan,nan,0.5,0.87,16.54,8.39,0.89,32.72,13.12
design_0151,0.57,0.81,2.25,nan,nan,nan,0.8,1.61,15.36,7.8,0.89,25.09,22.25
design_0152,0.71,0.68,1.3,nan,nan,nan,0.57,0.97,15.11,7.55,0.9,25.63,20.05
design_0153,1.16,0.48,1.53,nan,nan,nan,0.63,1.19,14.27,7.3,0.89,28.01,16.16
design_0154,0.5,0.7,1.12,nan,nan,nan,0.52,0.84,15.9,7.87,0.9,16.58,13.86
design_0155,0.69,0.68,1.21,nan,nan,nan,0.56,0.92,15.48,7.73,0.9,21.73,11.53
design_0156,0.37,0.69,1.35,nan,nan,nan,0.56,0.94,14.91,7.5,0.9,21.12,12.43
design_0157,1.13,0.34,1.37,nan,nan,nan,0.59,1.08,15.43,7.68,0.9,28.63,24.9
design_0158,0.5,0.65,1.38,nan,nan,nan,0.57,0.96,15.75,7.76,0.91,12.93,14.16
design_0159,1.13,0.29,1.42,nan,nan,nan,0.59,1.1,15.82,7.84,0.9,17.25,18.44
design_0160,0.52,0.65,2.78,nan,nan,nan,0.9,1.88,15.98,8.12,0.89,22.05,26.09
design_0161,0.38,0.8,2.36,nan,nan,nan,0.8,1.62,16.46,8.48,0.87,18.25,19.19
design_0162,0.37,0.76,2.77,nan,nan,nan,0.9,1.88,16.45,8.37,0.88,10.3,11.43
design_0163,0.34,0.81,2.83,nan,nan,nan,0.91,1.92,16.75,8.58,0.88,29.32,14.81
design_0164,0.42,0.83,3.3,nan,nan,nan,1.05,2.23,15.7,8.02,0.89,6.95,7.02
design_0165,0.44,0.79,3.35,nan,nan,nan,1.06,2.26,16.0,8.19,0.88,28.12,17.1
design_0166,0.34,0.7,2.64,nan,nan,nan,0.86,1.79,17.27,8.72,0.88,28.56,18.98
design_0167,0.27,0.8,2.78,nan,nan,nan,0.9,1.89,15.98,8.17,0.88,23.41,17.58
design_0168,0.66,0.55,1.5,nan,nan,nan,0.55,1.01,14.69,7.43,0.9,14.98,7.13
design_0169,0.65,0.57,1.51,nan,nan,nan,0.56,1.02,15.42,7.65,0.9,29.67,21.31
design_0170,0.78,0.77,1.78,nan,nan,nan,0.62,1.23,15.09,7.61,0.9,31.67,20.28
design_0171,0.31,0.49,1.35,nan,nan,nan,0.49,0.86,15.83,7.89,0.9,30.42,14.13
design_0172,0.41,0.51,1.41,nan,nan,nan,0.51,0.91,15.44,7.82,0.89,31.94,21.63
design_0173,0.65,0.61,1.38,nan,nan,nan,0.53,0.96,15.54,7.87,0.89,28.48,19.63
design_0174,0.81,0.76,1.76,nan,nan,nan,0.62,1.22,15.1,7.61,0.9,33.53,21.03
design_0175,0.47,0.53,1.24,nan,nan,nan,0.49,0.84,15.63,7.76,0.9,35.54,22.56
design_0176,1.06,0.7,3.51,nan,nan,nan,0.96,2.11,16.05,8.39,0.87,16.63,12.41
design_0177,1.02,0.65,4.33,nan,nan,nan,1.1,2.54,15.25,7.75,0.89,30.98,21.92
design_0178,0.52,0.73,3.83,nan,nan,nan,0.98,2.21,15.62,8.0,0.88,40.61,22.36
design_0179,0.87,0.62,1.26,nan,nan,nan,0.57,0.95,15.59,7.85,0.89,12.42,12.21
design_0180,1.15,0.73,0.97,nan,nan,nan,0.54,0.97,14.87,7.57,0.89,20.47,16.42
design_0181,1.2,0.88,0.63,nan,nan,nan,0.57,0.95,15.31,7.76,0.89,36.97,20.96
design_0182,1.04,0.65,0.93,nan,nan,nan,0.54,0.9,15.3,7.68,0.9,16.5,7.06
design_0183,1.06,0.85,0.76,nan,nan,nan,0.54,0.91,15.21,7.78,0.89,29.86,20.36
design_0184,0.77,0.68,2.36,nan,nan,nan,0.81,1.61,15.67,7.84,0.9,24.59,10.04
design_0185,0.7,0.74,2.47,nan,nan,nan,0.83,1.67,15.99,8.09,0.89,28.76,14.14
design_0186,0.79,0.74,2.41,nan,nan,nan,0.83,1.65,15.93,8.0,0.89,26.66,14.5
design_0187,0.75,0.8,2.08,nan,nan,nan,0.75,1.46,16.41,8.17,0.89,4.79,4.58
design_0188,0.76,0.68,2.45,nan,nan,nan,0.83,1.66,15.6,7.79,0.9,17.6,14.47
design_0189,0.73,0.64,2.36,nan,nan,nan,0.8,1.6,16.17,8.09,0.9,26.28,13.07
design_0190,0.67,0.71,2.22,nan,nan,nan,0.78,1.51,16.16,8.06,0.9,24.55,15.74
design_0191,0.76,0.69,2.25,nan,nan,nan,0.77,1.54,15.9,7.87,0.9,22.87,19.95
design_0192,0.5,0.85,2.66,nan,nan,nan,0.89,1.83,16.3,8.35,0.88,25.16,19.23
design_0193,0.57,0.91,2.56,nan,nan,nan,0.87,1.78,15.72,8.06,0.88,23.17,13.86
design_0194,0.5,0.74,1.71,nan,nan,nan,0.65,1.22,15.43,7.97,0.88,20.05,10.72
design_0195,0.51,0.86,2.41,nan,nan,nan,0.83,1.68,15.53,8.06,0.87,24.89,18.28
design_0196,0.79,0.91,2.68,nan,nan,nan,0.91,1.88,15.86,8.18,0.87,26.34,17.17
design_0197,0.67,0.79,2.79,nan,nan,nan,0.92,1.92,15.77,8.13,0.88,24.69,19.98
design_0198,0.6,0.74,2.54,nan,nan,nan,0.86,1.75,15.56,8.08,0.87,14.63,8.73
design_0199,0.5,0.82,2.75,nan,nan,nan,0.91,1.88,16.25,8.34,0.87,27.49,15.23
design_0200,0.46,0.55,0.59,nan,nan,nan,0.42,0.53,13.85,7.2,0.88,33.49,16.19
design_0201,0.52,0.47,0.64,nan,nan,nan,0.42,0.55,13.57,7.03,0.88,31.53,15.53
design_0202,0.59,0.67,0.52,nan,nan,nan,0.42,0.59,14.48,7.4,0.89,21.82,19.04
design_0203,0.54,0.53,0.62,nan,nan,nan,0.43,0.56,13.0,6.8,0.88,33.48,16.55
design_0204,0.68,0.59,0.59,nan,nan,nan,0.43,0.62,14.92,7.59,0.89,31.85,16.11
design_0205,0.61,0.62,0.59,nan,nan,nan,0.43,0.61,13.99,7.19,0.89,32.56,16.12
design_0206,0.6,0.56,0.52,nan,nan,nan,0.41,0.56,13.69,7.1,0.88,32.56,16.35
design_0207,0.6,0.37,0.81,nan,nan,nan,0.44,0.62,14.51,7.42,0.89,33.55,14.36
design_0208,0.46,0.33,2.02,nan,nan,nan,0.64,1.24,15.23,7.7,0.89,21.99,13.03
design_0209,0.49,0.4,1.31,nan,nan,nan,0.48,0.86,14.95,7.43,0.91,15.2,9.78
design_0210,0.43,0.35,1.52,nan,nan,nan,0.55,0.96,14.7,7.38,0.9,14.19,13.47
design_0211,0.75,0.54,1.54,nan,nan,nan,0.55,1.06,15.37,7.77,0.89,29.83,14.36
design_0212,0.55,0.32,2.22,nan,nan,nan,0.68,1.36,15.47,7.82,0.9,22.4,15.92
design_0213,0.49,0.35,1.6,nan,nan,nan,0.56,1.01,15.16,7.55,0.91,18.16,12.53
design_0214,0.5,0.48,1.42,nan,nan,nan,0.51,0.93,15.07,7.52,0.91,9.62,11.67
design_0215,0.46,0.34,1.39,nan,nan,nan,0.52,0.88,14.59,7.31,0.9,7.89,10.35
design_0216,0.52,0.55,0.47,nan,nan,nan,0.44,0.5,17.4,8.38,0.9,17.09,16.94
design_0217,0.59,0.75,0.46,nan,nan,nan,0.45,0.57,16.37,7.96,0.9,19.33,17.02
design_0218,0.51,0.64,0.46,nan,nan,nan,0.46,0.52,16.54,7.97,0.91,18.9,19.62
design_0219,0.64,0.61,0.5,nan,nan,nan,0.45,0.57,17.17,8.3,0.91,21.19,12.04
design_0220,0.49,0.75,0.46,nan,nan,nan,0.45,0.55,16.18,7.89,0.9,25.45,18.93
design_0221,0.48,0.67,0.43,nan,nan,nan,0.43,0.51,16.42,7.99,0.9,15.91,16.81
design_0222,0.49,0.66,0.43,nan,nan,nan,0.45,0.51,16.18,7.87,0.91,22.97,19.83
design_0223,0.62,0.67,0.42,nan,nan,nan,0.45,0.55,16.57,8.03,0.91,29.23,17.41
design_0224,0.93,0.88,3.74,nan,nan,nan,1.28,2.67,16.87,8.8,0.87,26.55,16.12
design_0225,0.41,0.79,5.62,nan,nan,nan,1.83,3.92,15.25,7.74,0.88,28.13,14.66
design_0226,0.49,0.65,4.53,nan,nan,nan,1.49,3.16,16.96,8.53,0.89,25.58,19.99
design_0227,0.8,0.67,5.79,nan,nan,nan,1.89,4.05,16.17,8.3,0.88,26.76,13.4
design_0228,0.72,0.71,3.3,nan,nan,nan,1.13,2.34,15.71,8.14,0.87,22.47,16.66
design_0229,0.73,0.85,5.02,nan,nan,nan,1.65,3.52,16.2,8.33,0.88,28.11,14.51
design_0230,0.82,0.8,3.72,nan,nan,nan,1.26,2.64,16.53,8.69,0.86,25.59,13.87
design_0231,0.78,0.76,5.82,nan,nan,nan,1.89,4.07,16.61,8.47,0.88,26.68,16.09
design_0232,0.54,0.72,4.11,nan,nan,nan,1.32,2.82,14.78,7.51,0.88,23.67,13.0
design_0233,0.61,0.6,4.21,nan,nan,nan,1.35,2.88,15.24,7.68,0.89,17.68,17.18
design_0234,0.54,0.47,4.21,nan,nan,nan,1.34,2.88,14.95,7.44,0.9,25.88,17.32
design_0235,0.7,0.59,4.22,nan,nan,nan,1.36,2.9,16.02,7.98,0.89,26.02,21.89
design_0236,0.46,0.65,4.29,nan,nan,nan,1.36,2.93,15.4,7.61,0.9,27.7,17.41
design_0237,0.58,0.5,4.04,nan,nan,nan,1.29,2.76,15.86,8.09,0.88,18.12,14.88
design_0238,0.5,0.67,4.39,nan,nan,nan,1.4,3.0,13.67,6.89,0.89,25.03,18.22
design_0239,0.6,0.58,4.27,nan,nan,nan,1.37,2.92,15.2,7.62,0.89,27.2,16.23
design_0240,0.64,0.82,0.71,nan,nan,nan,0.45,0.72,15.13,7.51,0.91,16.52,14.83
design_0241,0.44,0.87,0.59,nan,nan,nan,0.43,0.65,15.01,7.47,0.9,19.75,15.23
design_0242,0.62,0.73,0.55,nan,nan,nan,0.44,0.63,15.59,7.67,0.91,27.52,16.53
design_0243,0.6,0.84,0.65,nan,nan,nan,0.45,0.7,15.68,7.73,0.91,28.38,20.38
design_0244,0.52,0.79,0.61,nan,nan,nan,0.43,0.64,14.75,7.49,0.89,25.55,13.86
design_0245,0.51,0.91,0.6,nan,nan,nan,0.44,0.68,15.05,7.56,0.9,31.17,15.47
design_0246,0.54,0.87,0.86,nan,nan,nan,0.47,0.77,15.52,7.76,0.9,36.69,15.26
design_0247,0.71,0.58,1.37,nan,nan,nan,0.56,0.97,16.05,8.2,0.88,40.93,19.36
design_0248,0.5,0.75,1.12,nan,nan,nan,0.53,0.86,15.49,7.95,0.87,16.81,10.43
design_0249,0.53,0.73,0.89,nan,nan,nan,0.49,0.75,15.03,7.71,0.88,22.96,14.59
design_0250,0.53,0.77,0.95,nan,nan,nan,0.5,0.79,15.29,7.84,0.88,29.16,15.79
design_0251,0.6,0.76,1.04,nan,nan,nan,0.53,0.85,15.14,7.71,0.88,12.01,7.75
design_0252,0.51,0.76,0.85,nan,nan,nan,0.48,0.73,14.31,7.35,0.88,22.65,15.68
design_0253,0.5,0.79,1.19,nan,nan,nan,0.55,0.91,15.43,7.9,0.88,25.17,16.17
design_0254,0.46,0.7,0.78,nan,nan,nan,0.47,0.67,14.74,7.47,0.88,13.0,7.11
design_0255,0.51,0.83,1.02,nan,nan,nan,0.52,0.84,15.17,7.74,0.88,28.94,15.77
design_0256,0.44,0.71,2.78,nan,nan,nan,0.78,1.63,15.89,8.21,0.88,19.1,11.08
design_0257,0.3,0.79,2.7,nan,nan,nan,0.77,1.59,15.98,8.35,0.87,27.12,17.24
design_0258,0.49,0.76,2.3,nan,nan,nan,0.71,1.39,15.85,8.2,0.88,23.05,9.56
design_0259,0.64,0.77,3.59,nan,nan,nan,0.93,2.1,15.19,7.68,0.89,28.24,15.02
design_0260,0.47,0.72,2.71,nan,nan,nan,0.77,1.6,15.38,8.04,0.88,27.58,16.89
design_0261,0.48,0.71,2.17,nan,nan,nan,0.68,1.32,14.72,7.79,0.87,28.67,15.33
design_0262,0.47,0.72,2.57,nan,nan,nan,0.74,1.52,14.91,7.8,0.88,19.19,12.98
design_0263,0.34,0.73,2.97,nan,nan,nan,0.81,1.73,15.98,8.33,0.87,21.79,13.22
design_0264,0.63,0.73,1.6,nan,nan,nan,0.63,1.15,16.72,8.31,0.9,25.43,16.76
design_0265,0.64,0.65,1.65,nan,nan,nan,0.62,1.16,16.11,8.09,0.89,22.14,18.51
design_0266,0.72,0.7,1.62,nan,nan,nan,0.63,1.17,16.26,8.11,0.89,10.96,10.23
design_0267,0.79,0.69,1.7,nan,nan,nan,0.66,1.23,16.12,8.11,0.89,33.53,14.15
design_0268,0.59,0.57,1.28,nan,nan,nan,0.55,0.93,16.45,8.25,0.89,38.37,22.95
design_0269,0.8,0.67,1.58,nan,nan,nan,0.64,1.16,16.27,8.16,0.89,17.85,9.89
design_0270,0.39,0.55,1.36,nan,nan,nan,0.56,0.94,16.25,8.15,0.89,14.77,8.04
design_0271,0.75,0.65,1.62,nan,nan,nan,0.64,1.17,16.74,8.37,0.9,32.36,20.97
design_0272,0.44,1.09,1.31,nan,nan,nan,0.53,0.97,14.12,7.39,0.88,25.53,16.49
design_0273,0.76,0.93,3.03,nan,nan,nan,0.8,1.75,15.52,8.07,0.88,24.97,13.78
design_0274,0.4,0.94,1.06,nan,nan,nan,0.49,0.82,14.01,7.31,0.88,30.46,14.72
design_0275,0.56,1.06,1.34,nan,nan,nan,0.53,1.0,14.21,7.46,0.88,29.04,17.75
design_0276,0.69,1.09,1.32,nan,nan,nan,0.54,1.03,14.97,7.74,0.89,30.53,16.65
design_0277,0.78,1.1,1.24,nan,nan,nan,0.55,1.03,14.14,7.44,0.88,26.08,19.75
design_0278,0.77,1.02,2.27,nan,nan,nan,0.67,1.42,14.52,7.49,0.89,28.4,18.55
design_0279,0.58,1.03,1.2,nan,nan,nan,0.52,0.94,13.74,7.25,0.88,31.09,16.48
design_0280,0.37,0.8,0.68,nan,nan,nan,0.45,0.64,15.33,7.71,0.9,26.8,14.54
design_0281,0.39,0.85,0.72,nan,nan,nan,0.47,0.68,15.66,7.73,0.91,24.35,13.9
design_0282,0.35,0.86,0.73,nan,nan,nan,0.47,0.68,15.93,7.92,0.9,15.15,11.71
design_0283,0.42,0.79,0.72,nan,nan,nan,0.47,0.66,15.65,7.92,0.89,18.96,15.14
design_0284,0.54,0.91,1.64,nan,nan,nan,0.64,1.19,14.96,7.66,0.89,17.73,14.87
design_0285,0.39,0.87,0.67,nan,nan,nan,0.46,0.66,15.47,7.7,0.9,27.32,14.63
design_0286,0.44,0.82,0.73,nan,nan,nan,0.47,0.68,15.45,7.78,0.9,27.09,12.97
design_0287,0.44,0.82,0.73,nan,nan,nan,0.48,0.68,15.49,7.79,0.9,16.79,13.14
design_0288,0.41,1.18,1.71,nan,nan,nan,0.6,1.16,14.04,7.24,0.89,24.23,13.33
design_0289,0.42,1.3,1.49,nan,nan,nan,0.57,1.12,13.84,7.19,0.88,28.97,17.14
design_0290,0.46,1.23,1.41,nan,nan,nan,0.57,1.07,13.43,6.99,0.89,27.57,18.44
design_0291,0.46,1.28,1.58,nan,nan,nan,0.59,1.15,13.22,6.99,0.87,28.52,17.99
design_0292,0.55,1.29,2.39,nan,nan,nan,0.7,1.5,14.54,7.49,0.89,30.4,16.78
design_0293,0.43,1.17,1.48,nan,nan,nan,0.57,1.07,14.22,7.31,0.89,28.65,16.06
design_0294,0.54,1.1,1.75,nan,nan,nan,0.61,1.17,14.6,7.5,0.89,29.41,21.4
design_0295,0.54,1.24,1.31,nan,nan,nan,0.55,1.05,13.65,7.1,0.88,28.87,16.52
design_0296,0.59,0.61,0.91,nan,nan,nan,0.49,0.75,15.62,7.85,0.9,29.16,15.76
design_0297,0.53,0.58,1.04,nan,nan,nan,0.51,0.8,15.55,7.83,0.89,27.33,16.93
design_0298,0.54,0.65,1.21,nan,nan,nan,0.54,0.92,15.7,7.94,0.89,15.63,13.16
design_0299,0.68,0.7,1.22,nan,nan,nan,0.54,0.95,15.58,7.85,0.89,24.77,20.35
design_0300,0.61,0.7,2.46,nan,nan,nan,0.82,1.7,15.73,7.85,0.9,30.94,14.46
design_0301,0.56,0.7,1.21,nan,nan,nan,0.54,0.93,15.67,7.96,0.89,31.88,18.39
design_0302,0.59,0.6,1.26,nan,nan,nan,0.55,0.94,15.98,8.06,0.89,25.22,14.31
design_0303,0.59,0.59,1.27,nan,nan,nan,0.55,0.95,16.14,8.07,0.9,28.1,13.11
design_0304,0.4,0.55,2.2,nan,nan,nan,0.81,1.56,17.63,8.95,0.88,35.5,20.59
design_0305,0.74,0.53,3.96,nan,nan,nan,1.32,2.78,17.42,9.13,0.86,20.0,16.94
design_0306,0.47,0.62,3.48,nan,nan,nan,1.17,2.44,16.85,8.72,0.87,27.18,12.19
design_0307,0.63,0.61,3.89,nan,nan,nan,1.3,2.73,15.89,8.33,0.87,22.88,15.01
design_0308,1.28,0.39,4.07,nan,nan,nan,1.37,2.9,16.05,8.47,0.87,24.3,12.73
design_0309,0.54,0.64,3.43,nan,nan,nan,1.16,2.41,16.41,8.65,0.86,15.1,13.83
design_0310,0.36,0.49,2.47,nan,nan,nan,0.87,1.74,16.99,8.77,0.87,30.64,19.26
design_0311,0.46,0.61,3.66,nan,nan,nan,1.23,2.57,16.08,8.47,0.86,16.82,16.16
design_0312,0.56,0.6,1.12,nan,nan,nan,0.49,0.79,15.67,7.83,0.9,26.73,13.83
design_0313,0.65,0.64,1.1,nan,nan,nan,0.5,0.82,15.47,7.8,0.89,29.22,18.17
design_0314,0.48,0.72,0.71,nan,nan,nan,0.45,0.64,7.31,4.26,0.88,28.81,17.02
design_0315,0.46,0.82,0.86,nan,nan,nan,0.47,0.72,14.54,7.4,0.9,27.89,14.55
design_0316,0.6,0.6,1.13,nan,nan,nan,0.49,0.81,15.27,7.63,0.9,31.12,14.39
design_0317,0.58,0.69,1.48,nan,nan,nan,0.56,0.99,16.08,7.99,0.9,22.65,14.73
design_0318,0.58,0.62,1.67,nan,nan,nan,0.57,1.06,15.87,7.93,0.9,28.33,16.98
design_0319,0.8,0.59,1.24,nan,nan,nan,0.54,0.91,15.63,7.9,0.89,29.58,19.86
design_0320,0.73,0.61,0.62,nan,nan,nan,0.46,0.65,15.59,7.64,0.9,27.54,29.78
design_0321,0.9,0.57,0.68,nan,nan,nan,0.52,0.73,17.14,8.28,0.9,35.8,28.95
design_0322,0.69,0.56,0.69,nan,nan,nan,0.47,0.66,16.1,7.79,0.91,33.33,32.18
design_0323,0.78,0.66,0.67,nan,nan,nan,0.48,0.7,16.58,8.07,0.9,36.57,25.22
design_0324,0.74,0.59,0.58,nan,nan,nan,0.45,0.63,14.89,7.33,0.9,27.07,16.86
design_0325,0.86,0.66,0.6,nan,nan,nan,0.47,0.69,16.05,7.8,0.91,35.53,22.38
design_0326,0.82,0.67,0.62,nan,nan,nan,0.48,0.69,15.78,7.71,0.91,31.82,27.44
design_0327,0.74,0.62,0.59,nan,nan,nan,0.47,0.64,16.41,7.97,0.91,29.11,22.72
design_0328,0.57,0.77,1.55,nan,nan,nan,0.6,1.12,16.24,8.22,0.89,29.26,14.4
design_0329,0.31,0.82,1.58,nan,nan,nan,0.59,1.11,15.9,8.01,0.89,26.99,12.94
design_0330,0.35,0.75,1.83,nan,nan,nan,0.64,1.25,15.11,7.84,0.88,30.33,20.18
design_0331,0.29,0.69,1.96,nan,nan,nan,0.67,1.31,15.83,8.0,0.89,17.8,8.95
design_0332,0.29,0.67,1.77,nan,nan,nan,0.63,1.2,15.77,8.01,0.89,26.71,12.08
design_0333,0.46,0.76,1.61,nan,nan,nan,0.6,1.13,16.08,8.15,0.89,22.52,17.98
design_0334,0.82,0.71,2.93,nan,nan,nan,0.92,1.97,15.84,7.92,0.89,31.9,15.73
design_0335,0.31,0.73,1.7,nan,nan,nan,0.61,1.17,15.84,7.99,0.89,24.88,16.51
design_0336,0.46,0.72,2.02,nan,nan,nan,0.63,1.24,14.86,7.63,0.89,35.49,17.94
design_0337,0.82,0.99,5.02,nan,nan,nan,1.25,2.92,14.1,7.31,0.88,37.88,18.06
design_0338,0.48,0.6,2.71,nan,nan,nan,0.75,1.59,16.41,8.35,0.89,29.14,27.49
design_0339,0.74,0.78,4.98,nan,nan,nan,1.22,2.87,14.48,7.35,0.9,25.61,26.7
design_0340,0.73,0.8,4.28,nan,nan,nan,1.08,2.49,14.37,7.7,0.87,37.75,18.36
design_0341,0.6,0.86,4.4,nan,nan,nan,1.11,2.55,13.43,7.22,0.87,35.0,17.0
design_0342,0.91,1.02,4.84,nan,nan,nan,1.21,2.83,14.2,7.32,0.89,33.88,16.86
design_0343,1.02,0.97,4.73,nan,nan,nan,1.2,2.78,14.93,7.61,0.89,14.19,15.6
design_0344,0.42,0.88,0.65,nan,nan,nan,0.47,0.66,15.66,7.83,0.9,16.32,15.25
design_0345,0.52,0.92,1.3,nan,nan,nan,0.58,1.02,15.42,7.83,0.89,16.99,15.58
design_0346,0.43,0.93,0.67,nan,nan,nan,0.48,0.69,15.89,7.91,0.9,24.3,17.24
design_0347,0.46,0.89,0.93,nan,nan,nan,0.51,0.8,15.94,8.0,0.89,28.92,14.37
design_0348,0.42,0.93,0.7,nan,nan,nan,0.47,0.7,16.04,8.02,0.9,18.88,12.15
design_0349,0.43,0.89,0.75,nan,nan,nan,0.49,0.71,15.46,7.75,0.9,19.75,15.79
design_0350,0.45,0.93,0.63,nan,nan,nan,0.48,0.68,15.93,7.99,0.9,22.2,16.85
design_0351,0.46,0.97,0.75,nan,nan,nan,0.5,0.74,15.37,7.68,0.9,28.42,14.57
design_0352,0.71,0.99,4.02,nan,nan,nan,0.98,2.24,14.55,7.48,0.89,4.17,5.32
design_0353,0.92,1.0,3.8,nan,nan,nan,0.96,2.16,14.03,7.26,0.89,13.71,13.48
design_0354,0.84,1.02,2.69,nan,nan,nan,0.77,1.62,14.76,7.59,0.89,21.23,22.32
design_0355,0.79,0.95,2.91,nan,nan,nan,0.8,1.7,14.39,7.42,0.89,10.81,12.1
design_0356,0.77,1.02,3.28,nan,nan,nan,0.86,1.89,15.46,7.85,0.89,17.49,13.64
design_0357,0.72,0.92,3.14,nan,nan,nan,0.82,1.8,15.0,7.73,0.88,10.73,10.83
design_0358,0.75,1.04,3.15,nan,nan,nan,0.84,1.83,14.61,7.5,0.89,18.86,20.47
design_0359,0.78,0.98,3.98,nan,nan,nan,0.98,2.23,14.6,7.49,0.89,11.66,10.72
design_0360,0.51,1.15,0.93,nan,nan,nan,0.52,0.89,15.82,7.95,0.9,7.32,7.09
design_0361,0.46,1.05,0.86,nan,nan,nan,0.51,0.81,15.7,7.93,0.9,13.33,9.72
design_0362,0.66,1.06,0.92,nan,nan,nan,0.52,0.88,15.8,7.91,0.9,9.42,8.63
design_0363,0.79,1.13,0.92,nan,nan,nan,0.54,0.95,15.6,7.88,0.89,14.05,10.72
design_0364,0.72,1.07,0.92,nan,nan,nan,0.53,0.9,15.35,7.78,0.89,8.86,8.26
design_0365,0.42,1.04,0.83,nan,nan,nan,0.5,0.79,15.17,7.72,0.89,13.14,13.01
design_0366,0.71,1.14,0.87,nan,nan,nan,0.53,0.92,15.1,7.7,0.89,8.62,8.67
design_0367,0.51,1.16,0.91,nan,nan,nan,0.52,0.88,15.61,7.81,0.9,6.06,5.14
design_0368,0.48,0.56,1.11,nan,nan,nan,0.52,0.8,14.55,7.42,0.89,32.03,14.83
design_0369,1.44,0.31,0.98,nan,nan,nan,0.57,1.04,15.55,7.83,0.89,30.56,15.0
design_0370,0.53,0.63,1.71,nan,nan,nan,0.62,1.15,13.82,7.22,0.88,32.37,14.81
design_0371,0.54,0.54,1.74,nan,nan,nan,0.62,1.16,15.4,7.88,0.89,31.33,14.57
design_0372,0.58,0.63,1.62,nan,nan,nan,0.61,1.11,14.83,7.58,0.89,28.7,17.49
design_0373,0.73,0.49,1.56,nan,nan,nan,0.61,1.08,15.77,8.06,0.89,31.87,14.22
design_0374,0.66,0.64,1.08,nan,nan,nan,0.53,0.84,15.02,7.58,0.89,30.08,15.82
design_0375,0.53,0.55,1.68,nan,nan,nan,0.62,1.12,15.34,7.77,0.89,30.39,14.89
design_0376,0.46,0.83,0.84,nan,nan,nan,0.5,0.74,15.93,8.17,0.88,32.12,13.41
design_0377,0.46,0.75,2.56,nan,nan,nan,0.85,1.75,15.99,8.21,0.88,13.79,13.9
design_0378,0.37,0.86,0.8,nan,nan,nan,0.48,0.71,15.02,7.67,0.89,18.65,12.81
design_0379,0.43,0.82,1.37,nan,nan,nan,0.59,1.03,15.41,7.94,0.88,12.77,9.37
design_0380,0.4,0.86,0.66,nan,nan,nan,0.46,0.66,16.14,8.2,0.88,14.13,10.96
design_0381,0.36,0.8,0.98,nan,nan,nan,0.5,0.79,15.85,7.93,0.9,12.48,12.65
design_0382,0.4,0.88,2.59,nan,nan,nan,0.86,1.78,15.73,7.93,0.89,17.02,13.82
design_0383,0.45,0.81,0.96,nan,nan,nan,0.51,0.79,15.38,7.81,0.89,12.02,6.92
design_0384,0.43,0.6,0.68,nan,nan,nan,0.44,0.6,17.13,8.31,0.9,23.75,12.76
design_0385,0.46,0.6,0.9,nan,nan,nan,0.5,0.74,15.82,7.76,0.9,5.55,6.81
design_0386,0.48,0.59,0.81,nan,nan,nan,0.47,0.69,12.86,6.52,0.89,10.57,5.81
design_0387,0.46,0.71,0.71,nan,nan,nan,0.45,0.65,14.31,7.03,0.9,14.36,14.4
design_0388,0.54,0.6,0.85,nan,nan,nan,0.49,0.72,15.17,7.5,0.89,11.56,10.72
design_0389,0.77,0.63,0.98,nan,nan,nan,0.54,0.86,14.87,7.53,0.88,19.92,18.13
design_0390,0.45,0.63,0.88,nan,nan,nan,0.49,0.73,15.08,7.47,0.89,17.35,16.43
design_0391,0.51,0.65,0.82,nan,nan,nan,0.48,0.71,14.44,7.16,0.9,21.04,20.0
design_0392,0.62,0.72,1.54,nan,nan,nan,0.6,1.11,16.17,8.02,0.9,15.82,7.49
design_0393,0.85,0.73,1.39,nan,nan,nan,0.6,1.08,15.71,7.96,0.89,17.97,13.96
design_0394,0.6,0.73,1.28,nan,nan,nan,0.55,0.97,15.73,7.86,0.9,26.72,19.95
design_0395,0.82,0.7,1.42,nan,nan,nan,0.6,1.08,15.95,8.05,0.89,25.88,15.91
design_0396,0.33,0.71,2.69,nan,nan,nan,0.84,1.77,16.15,8.25,0.88,30.24,15.52
design_0397,0.31,0.69,2.89,nan,nan,nan,0.89,1.89,16.16,8.23,0.89,33.59,13.15
design_0398,0.58,0.7,1.53,nan,nan,nan,0.6,1.09,16.15,7.97,0.9,29.54,12.73
design_0399,0.62,0.73,1.53,nan,nan,nan,0.61,1.11,16.36,8.11,0.9,30.41,14.73
design_0400,0.67,0.52,0.55,nan,nan,nan,0.44,0.58,16.81,8.14,0.91,34.76,24.14
design_0401,0.76,0.68,0.58,nan,nan,nan,0.48,0.65,16.51,8.05,0.9,35.32,31.79
design_0402,0.54,0.65,0.67,nan,nan,nan,0.46,0.63,16.82,8.11,0.91,19.87,19.03
design_0403,0.59,0.6,0.5,nan,nan,nan,0.43,0.55,16.56,8.03,0.91,24.31,32.1
design_0404,0.71,0.72,0.48,nan,nan,nan,0.47,0.61,17.37,8.39,0.91,19.67,17.44
design_0405,0.57,0.62,0.49,nan,nan,nan,0.44,0.54,15.76,7.72,0.9,35.45,26.35
design_0406,0.62,0.71,0.52,nan,nan,nan,0.46,0.6,17.01,8.2,0.91,16.02,17.03
design_0407,0.68,0.61,0.5,nan,nan,nan,0.44,0.58,16.08,7.94,0.9,33.16,29.38
design_0408,0.8,1.24,1.46,nan,nan,nan,0.62,1.2,15.2,7.57,0.9,22.98,14.18
design_0409,0.7,1.22,1.66,nan,nan,nan,0.63,1.26,14.94,7.53,0.9,12.79,13.17
design_0410,1.32,1.08,1.6,nan,nan,nan,0.69,1.37,15.66,7.9,0.89,26.84,13.06
design_0411,0.91,1.12,1.96,nan,nan,nan,0.7,1.42,15.87,8.1,0.88,27.12,19.61
design_0412,0.73,1.03,2.32,nan,nan,nan,0.74,1.54,15.17,7.58,0.9,29.34,20.05
design_0413,1.09,1.05,0.96,nan,nan,nan,0.56,1.04,15.37,7.8,0.89,34.91,20.72
design_0414,0.82,1.18,1.55,nan,nan,nan,0.63,1.22,13.83,7.22,0.88,20.22,18.92
design_0415,1.15,1.11,0.9,nan,nan,nan,0.57,1.05,14.59,7.53,0.89,11.7,10.79
design_0416,0.76,0.54,1.18,nan,nan,nan,0.54,0.9,15.92,7.97,0.89,33.03,13.63
design_0417,0.6,1.25,1.78,nan,nan,nan,0.68,1.33,15.44,7.6,0.9,27.99,16.88
design_0418,0.84,1.21,1.46,nan,nan,nan,0.65,1.21,15.44,7.63,0.91,17.66,12.02
design_0419,0.92,1.33,1.33,nan,nan,nan,0.65,1.21,15.71,7.74,0.91,28.74,17.83
design_0420,0.61,1.21,1.04,nan,nan,nan,0.57,0.97,15.61,7.7,0.91,13.76,10.4
design_0421,0.82,1.19,0.68,nan,nan,nan,0.55,0.9,15.5,7.58,0.91,9.06,6.9
design_0422,0.84,1.21,0.7,nan,nan,nan,0.55,0.92,15.01,7.35,0.91,28.48,14.36
design_0423,0.9,1.19,1.49,nan,nan,nan,0.66,1.23,15.52,7.7,0.9,22.75,9.92
design_0424,0.7,0.72,1.37,nan,nan,nan,0.62,1.08,16.23,8.02,0.9,23.78,19.11
design_0425,0.86,0.76,1.54,nan,nan,nan,0.69,1.22,15.52,7.98,0.88,6.02,4.18
design_0426,0.94,0.73,1.97,nan,nan,nan,0.8,1.5,15.67,7.98,0.88,8.05,6.5
design_0427,1.09,0.62,2.07,nan,nan,nan,0.83,1.57,16.79,8.45,0.88,34.36,24.16
design_0428,0.82,0.81,2.26,nan,nan,nan,0.85,1.67,18.04,8.82,0.88,45.67,32.79
design_0429,1.01,0.87,1.77,nan,nan,nan,0.76,1.4,16.33,8.25,0.89,16.82,9.83
design_0430,0.73,0.86,1.36,nan,nan,nan,0.64,1.1,16.27,8.06,0.9,19.12,14.48
design_0431,0.82,0.85,1.3,nan,nan,nan,0.63,1.08,16.36,8.18,0.89,18.49,12.07
design_0432,0.71,0.32,4.22,nan,nan,nan,1.4,2.95,17.18,8.76,0.88,33.93,23.48
design_0433,0.75,0.39,3.12,nan,nan,nan,1.08,2.21,16.68,8.63,0.87,20.49,20.29
design_0434,0.76,0.33,3.76,nan,nan,nan,1.26,2.64,18.31,9.11,0.87,44.84,41.49
design_0435,0.66,0.56,4.37,nan,nan,nan,1.45,3.06,16.75,8.51,0.88,15.85,11.54
design_0436,0.46,0.45,1.02,nan,nan,nan,0.51,0.78,16.74,8.37,0.89,26.41,19.52
design_0437,0.57,0.49,1.61,nan,nan,nan,0.65,1.18,16.89,8.61,0.88,31.88,25.1
design_0438,1.01,0.4,4.03,nan,nan,nan,1.35,2.85,16.78,8.38,0.87,35.56,35.99
design_0439,0.54,0.5,3.15,nan,nan,nan,1.08,2.21,16.43,8.52,0.87,23.52,23.54
design_0440,1.12,0.59,2.91,nan,nan,nan,0.81,1.8,15.52,8.01,0.87,19.06,11.59
design_0441,0.57,0.71,1.4,nan,nan,nan,0.53,0.95,15.28,7.92,0.88,28.49,17.79
design_0442,0.55,0.8,1.85,nan,nan,nan,0.61,1.18,15.21,7.85,0.88,17.79,11.85
design_0443,0.86,0.69,3.25,nan,nan,nan,0.87,1.94,15.51,8.02,0.88,14.88,7.8
design_0444,1.41,0.46,2.46,nan,nan,nan,0.76,1.65,14.67,7.61,0.88,29.43,16.24
design_0445,0.49,0.73,2.29,nan,nan,nan,0.67,1.38,14.79,7.7,0.88,29.08,15.94
design_0446,0.47,0.77,0.71,nan,nan,nan,0.45,0.66,14.97,7.61,0.88,30.22,17.02
design_0447,0.55,0.73,1.19,nan,nan,nan,0.5,0.85,15.17,7.86,0.88,26.47,14.46
design_0448,0.55,0.63,1.13,nan,nan,nan,0.48,0.8,15.09,7.47,0.9,30.32,28.63
design_0449,0.6,0.59,1.15,nan,nan,nan,0.5,0.81,14.99,7.43,0.9,20.4,23.74
design_0450,0.58,0.81,1.63,nan,nan,nan,0.57,1.08,15.47,7.75,0.9,26.09,24.05
design_0451,0.53,0.67,1.14,nan,nan,nan,0.48,0.81,15.37,7.62,0.9,15.89,11.31
design_0452,0.59,0.78,1.08,nan,nan,nan,0.48,0.83,15.18,7.59,0.9,31.71,15.39
design_0453,0.67,0.65,1.66,nan,nan,nan,0.58,1.08,15.33,7.59,0.91,20.71,22.62
design_0454,0.51,0.7,1.02,nan,nan,nan,0.48,0.76,15.24,7.65,0.9,27.28,26.6
design_0455,0.53,0.65,1.22,nan,nan,nan,0.51,0.84,15.4,7.86,0.89,35.56,17.53
design_0456,0.6,0.72,3.24,nan,nan,nan,1.11,2.3,16.68,8.79,0.87,25.76,16.03
design_0457,0.58,0.66,3.11,nan,nan,nan,1.07,2.2,15.94,8.5,0.85,24.25,20.38
design_0458,0.54,0.51,2.64,nan,nan,nan,0.93,1.86,17.33,8.82,0.88,30.02,23.11
design_0459,0.53,0.61,2.77,nan,nan,nan,0.97,1.96,15.82,8.13,0.88,27.0,15.6
design_0460,0.78,0.73,3.23,nan,nan,nan,1.11,2.3,15.18,8.21,0.85,25.08,13.12
design_0461,0.63,0.93,2.44,nan,nan,nan,0.89,1.78,14.92,7.78,0.87,11.03,9.35
design_0462,0.51,0.72,3.13,nan,nan,nan,1.07,2.21,15.67,8.19,0.87,21.52,15.91
design_0463,0.32,0.74,2.78,nan,nan,nan,0.96,1.97,15.8,8.24,0.87,22.12,11.75
design_0464,0.84,0.63,2.02,nan,nan,nan,0.69,1.38,14.97,7.66,0.89,30.87,15.22
design_0465,0.69,0.64,2.15,nan,nan,nan,0.71,1.43,15.34,7.87,0.89,29.02,16.2
design_0466,0.79,0.58,1.68,nan,nan,nan,0.63,1.18,15.85,7.88,0.9,14.67,10.86
design_0467,0.75,0.57,1.15,nan,nan,nan,0.52,0.89,15.13,7.5,0.91,27.21,21.44
design_0468,0.7,0.56,1.95,nan,nan,nan,0.67,1.3,16.37,8.16,0.9,25.31,14.82
design_0469,0.77,0.58,1.23,nan,nan,nan,0.54,0.93,15.6,7.75,0.9,10.32,9.69
design_0470,0.64,0.64,1.67,nan,nan,nan,0.61,1.15,16.11,7.99,0.9,25.66,19.55
design_0471,0.78,0.57,1.5,nan,nan,nan,0.59,1.07,15.98,7.92,0.9,28.58,16.04
design_0472,0.6,0.86,1.75,nan,nan,nan,0.67,1.25,14.96,7.49,0.89,18.05,10.07
design_0473,0.66,0.87,1.82,nan,nan,nan,0.69,1.31,15.59,7.81,0.9,14.57,10.85
design_0474,0.55,0.78,1.63,nan,nan,nan,0.63,1.16,15.94,8.05,0.88,9.06,7.04
design_0475,0.54,0.89,1.92,nan,nan,nan,0.69,1.35,15.52,7.84,0.88,14.81,12.22
design_0476,0.66,0.87,1.81,nan,nan,nan,0.68,1.3,16.03,8.08,0.89,26.75,14.48
design_0477,0.56,0.92,1.72,nan,nan,nan,0.66,1.24,15.91,7.99,0.89,25.84,15.77
design_0478,0.58,0.9,1.37,nan,nan,nan,0.58,1.05,16.11,8.11,0.88,19.26,13.3
design_0479,0.6,0.88,1.88,nan,nan,nan,0.69,1.33,15.98,8.15,0.88,19.82,18.48
design_0480,0.62,0.95,0.85,nan,nan,nan,0.49,0.81,15.75,7.84,0.9,17.8,11.61
design_0481,0.34,1.07,0.53,nan,nan,nan,0.46,0.7,15.63,7.8,0.9,22.02,16.6
design_0482,0.56,0.9,0.7,nan,nan,nan,0.47,0.72,14.63,7.41,0.9,30.03,16.63
design_0483,0.54,0.93,1.01,nan,nan,nan,0.51,0.84,15.39,7.73,0.89,29.97,16.4
design_0484,0.65,0.97,0.79,nan,nan,nan,0.5,0.81,15.1,7.69,0.89,29.97,16.64
design_0485,0.45,0.98,0.9,nan,nan,nan,0.49,0.8,14.38,7.28,0.89,30.65,16.9
design_0486,0.41,1.02,0.73,nan,nan,nan,0.48,0.75,7.56,4.35,0.88,30.16,16.93
design_0487,0.67,0.97,0.94,nan,nan,nan,0.51,0.86,15.95,7.95,0.9,32.12,12.81
design_0488,0.53,0.63,0.77,nan,nan,nan,0.47,0.68,15.39,7.56,0.9,23.34,15.46
design_0489,0.55,0.54,0.69,nan,nan,nan,0.45,0.62,15.25,7.55,0.89,22.51,21.05
design_0490,0.52,0.53,0.61,nan,nan,nan,0.44,0.57,14.41,7.24,0.89,27.45,15.06
design_0491,0.54,0.64,0.69,nan,nan,nan,0.47,0.64,15.84,7.73,0.9,20.74,12.96
design_0492,0.49,0.45,0.57,nan,nan,nan,0.43,0.52,14.53,7.19,0.9,24.59,18.34
design_0493,0.56,0.62,0.64,nan,nan,nan,0.45,0.61,16.3,7.98,0.9,12.23,11.68
design_0494,0.45,0.76,0.71,nan,nan,nan,0.47,0.66,15.83,7.76,0.9,18.42,9.43
design_0495,0.56,0.68,0.63,nan,nan,nan,0.46,0.62,15.73,7.7,0.9,22.02,10.85
design_0496,0.52,0.76,5.23,nan,nan,nan,1.77,3.73,17.83,9.21,0.86,24.54,19.58
design_0497,0.55,0.8,1.43,nan,nan,nan,0.65,1.12,14.37,7.51,0.87,19.59,20.42
design_0498,0.8,0.77,4.14,nan,nan,nan,1.44,2.98,17.36,9.12,0.86,17.09,10.39
design_0499,0.56,0.66,2.61,nan,nan,nan,0.95,1.9,17.21,8.75,0.87,27.14,17.75
design_0500,0.62,0.71,2.66,nan,nan,nan,0.96,1.94,18.57,9.29,0.88,34.99,25.17
design_0501,0.58,0.83,2.48,nan,nan,nan,0.93,1.83,16.21,8.45,0.87,23.05,20.26
design_0502,0.72,0.93,1.71,nan,nan,nan,0.72,1.34,16.22,8.4,0.87,17.56,15.41
design_0503,0.85,0.67,3.23,nan,nan,nan,1.16,2.35,17.24,9.02,0.86,6.95,6.26
design_0504,0.74,0.71,2.69,nan,nan,nan,0.73,1.54,14.81,7.41,0.91,36.58,15.16
design_0505,0.7,0.63,2.65,nan,nan,nan,0.72,1.51,15.04,7.53,0.9,39.2,16.31
design_0506,0.66,0.63,2.65,nan,nan,nan,0.72,1.5,13.59,6.9,0.9,37.53,16.13
design_0507,0.73,0.77,2.66,nan,nan,nan,0.73,1.54,15.12,7.54,0.91,21.51,14.13
design_0508,0.7,0.63,2.75,nan,nan,nan,0.74,1.56,15.43,7.69,0.9,38.8,15.93
design_0509,0.66,0.72,2.65,nan,nan,nan,0.72,1.51,14.86,7.43,0.91,31.67,14.83
design_0510,0.7,0.78,2.67,nan,nan,nan,0.73,1.54,15.41,7.66,0.91,31.14,15.1
design_0511,0.73,0.68,2.69,nan,nan,nan,0.73,1.54,15.24,7.59,0.91,34.53,14.87
design_0512,0.32,0.96,1.88,nan,nan,nan,0.7,1.35,15.62,7.93,0.88,33.7,14.7
design_0513,0.56,0.75,0.88,nan,nan,nan,0.5,0.76,15.7,7.75,0.9,15.81,13.45
design_0514,0.44,0.89,0.82,nan,nan,nan,0.52,0.75,14.92,7.49,0.89,24.94,18.04
design_0515,0.26,0.88,0.87,nan,nan,nan,0.51,0.74,15.89,7.8,0.91,34.91,14.59
design_0516,0.35,0.9,0.79,nan,nan,nan,0.51,0.72,15.17,7.55,0.9,25.33,12.23
design_0517,0.26,0.97,0.98,nan,nan,nan,0.53,0.82,15.15,7.5,0.9,29.27,18.73
design_0518,0.26,1.02,0.88,nan,nan,nan,0.52,0.79,15.08,7.46,0.9,25.52,12.47
design_0519,0.21,1.02,0.88,nan,nan,nan,0.52,0.79,15.37,7.59,0.9,26.67,19.48
design_0520,0.58,0.62,1.57,nan,nan,nan,0.55,0.97,15.52,7.97,0.89,16.26,13.52
design_0521,0.49,0.69,0.61,nan,nan,nan,0.45,0.59,14.39,7.36,0.89,37.4,23.66
design_0522,0.65,0.6,1.08,nan,nan,nan,0.51,0.78,15.36,7.83,0.89,34.94,20.44
design_0523,0.73,0.71,0.96,nan,nan,nan,0.5,0.79,15.08,7.63,0.9,36.73,22.12
design_0524,0.55,0.63,1.37,nan,nan,nan,0.54,0.88,15.47,7.94,0.89,34.27,24.76
design_0525,0.53,0.63,0.64,nan,nan,nan,0.46,0.6,15.3,7.69,0.9,36.48,24.87
design_0526,0.48,0.74,1.33,nan,nan,nan,0.52,0.87,15.62,7.94,0.89,22.89,13.5
design_0527,0.58,0.66,0.61,nan,nan,nan,0.46,0.62,15.23,7.68,0.89,36.69,26.83
design_0528,0.66,0.46,0.6,nan,nan,nan,0.45,0.59,14.24,7.1,0.89,24.63,17.68
design_0529,0.54,0.27,0.72,nan,nan,nan,0.47,0.59,14.12,7.11,0.89,19.22,19.89
design_0530,0.71,0.64,0.72,nan,nan,nan,0.48,0.7,15.31,7.58,0.89,20.85,20.65
design_0531,0.55,0.51,0.73,nan,nan,nan,0.46,0.64,14.24,7.16,0.89,23.96,16.56
design_0532,0.64,0.6,0.74,nan,nan,nan,0.48,0.68,13.62,6.87,0.89,24.28,14.42
design_0533,0.53,0.54,0.74,nan,nan,nan,0.48,0.64,16.07,7.98,0.89,21.05,18.82
design_0534,0.71,0.6,0.5,nan,nan,nan,0.45,0.59,16.34,7.95,0.9,27.54,21.38
design_0535,0.85,0.73,0.86,nan,nan,nan,0.54,0.83,15.53,7.6,0.9,14.67,13.67
design_0536,0.41,0.71,1.21,nan,nan,nan,0.5,0.83,15.27,7.58,0.9,22.92,17.03
design_0537,0.67,0.78,0.96,nan,nan,nan,0.49,0.8,15.04,7.62,0.9,16.32,7.96
design_0538,0.42,0.67,1.31,nan,nan,nan,0.5,0.87,15.06,7.49,0.9,16.95,12.77
design_0539,0.64,0.79,0.82,nan,nan,nan,0.47,0.75,15.05,7.61,0.89,21.31,12.68
design_0540,0.66,0.69,0.54,nan,nan,nan,0.44,0.64,14.43,7.3,0.89,22.72,15.13
design_0541,0.64,0.67,0.68,nan,nan,nan,0.48,0.66,14.66,7.39,0.9,15.2,13.14
design_0542,0.77,0.76,0.97,nan,nan,nan,0.51,0.84,14.96,7.53,0.9,24.64,24.33
design_0543,0.45,0.84,1.43,nan,nan,nan,0.54,0.97,15.24,7.69,0.9,27.03,19.68
design_0544,0.5,0.51,3.5,nan,nan,nan,1.22,2.5,15.78,7.83,0.89,13.65,8.16
design_0545,0.74,0.51,2.32,nan,nan,nan,0.88,1.7,15.25,7.93,0.87,19.91,13.24
design_0546,0.54,0.59,1.43,nan,nan,nan,0.6,1.09,16.36,8.36,0.87,18.36,18.05
design_0547,0.62,0.46,3.05,nan,nan,nan,1.08,2.19,16.19,8.33,0.86,15.94,14.81
design_0548,0.59,0.54,1.93,nan,nan,nan,0.76,1.42,15.52,8.04,0.86,16.86,10.51
design_0549,0.59,0.56,3.44,nan,nan,nan,1.21,2.46,16.81,8.5,0.88,21.85,14.68
design_0550,0.64,0.56,2.01,nan,nan,nan,0.77,1.49,14.93,7.88,0.86,17.49,12.56
design_0551,0.5,0.53,3.43,nan,nan,nan,1.2,2.46,16.8,8.38,0.88,19.6,18.99
design_0552,0.73,0.68,0.63,nan,nan,nan,0.47,0.67,15.59,7.82,0.89,23.43,20.71
design_0553,0.61,0.55,7.64,nan,nan,nan,2.45,5.31,17.4,9.25,0.85,16.4,14.02
design_0554,0.77,0.55,7.25,nan,nan,nan,2.33,5.05,17.08,9.17,0.85,28.12,18.28
design_0555,0.88,0.61,6.52,nan,nan,nan,2.11,4.55,15.35,8.43,0.84,27.21,14.54
design_0556,0.66,0.49,6.47,nan,nan,nan,2.09,4.5,17.86,9.57,0.84,26.95,24.63
design_0557,0.62,0.54,7.2,nan,nan,nan,2.32,5.01,16.11,8.77,0.84,28.4,18.8
design_0558,0.5,0.56,6.71,nan,nan,nan,2.16,4.67,16.75,9.07,0.83,27.67,16.2
design_0559,0.78,0.59,4.68,nan,nan,nan,1.54,3.28,16.05,8.74,0.84,27.52,24.7
design_0560,0.71,0.71,0.89,nan,nan,nan,0.47,0.78,15.44,7.63,0.91,33.75,15.35
design_0561,0.8,0.97,1.21,nan,nan,nan,0.55,1.01,15.06,7.47,0.9,29.45,15.3
design_0562,0.69,0.69,0.81,nan,nan,nan,0.47,0.73,15.33,7.59,0.91,39.89,17.47
design_0563,1.31,0.92,1.02,nan,nan,nan,0.63,1.1,15.1,7.41,0.91,39.09,16.8
design_0564,0.81,0.81,1.15,nan,nan,nan,0.53,0.95,15.01,7.48,0.9,39.65,16.63
design_0565,1.16,0.7,0.89,nan,nan,nan,0.58,0.95,15.25,7.49,0.91,39.43,16.3
design_0566,0.85,0.8,0.84,nan,nan,nan,0.49,0.83,15.12,7.53,0.9,11.12,10.11
design_0567,0.99,0.69,0.61,nan,nan,nan,0.54,0.79,15.02,7.34,0.92,32.39,14.67
design_0568,0.9,0.52,1.58,nan,nan,nan,0.6,1.14,15.33,7.8,0.89,25.12,10.87
design_0569,0.98,0.48,1.13,nan,nan,nan,0.52,0.94,15.32,7.7,0.89,29.13,18.63
design_0570,0.94,0.49,1.7,nan,nan,nan,0.63,1.21,15.59,7.81,0.9,22.69,14.91
design_0571,0.89,0.48,0.88,nan,nan,nan,0.48,0.79,14.7,7.43,0.89,5.77,3.98
design_0572,0.84,0.76,1.4,nan,nan,nan,0.58,1.07,15.3,7.73,0.89,26.5,11.84
design_0573,0.99,0.5,1.96,nan,nan,nan,0.69,1.36,15.69,7.86,0.9,26.24,10.77
design_0574,0.92,0.66,1.89,nan,nan,nan,0.66,1.33,15.79,7.9,0.9,16.29,10.51
design_0575,0.84,0.49,1.02,nan,nan,nan,0.49,0.83,15.49,7.77,0.9,17.73,12.41
design_0576,0.57,0.63,3.39,nan,nan,nan,1.16,2.39,16.83,8.66,0.87,23.91,14.8
design_0577,0.56,0.38,3.47,nan,nan,nan,1.18,2.43,16.59,8.42,0.87,25.89,19.58
design_0578,0.5,0.57,3.75,nan,nan,nan,1.26,2.63,16.69,8.64,0.87,18.22,7.73
design_0579,0.42,0.57,4.83,nan,nan,nan,1.58,3.36,16.71,8.6,0.88,25.35,18.03
design_0580,0.78,0.48,4.06,nan,nan,nan,1.36,2.85,17.13,8.87,0.87,22.7,12.83
design_0581,0.41,0.61,4.2,nan,nan,nan,1.39,2.93,17.49,8.94,0.88,24.28,12.56
design_0582,0.51,0.53,4.26,nan,nan,nan,1.41,2.97,17.12,8.77,0.88,14.9,10.78
design_0583,0.53,0.62,3.34,nan,nan,nan,1.14,2.35,15.84,8.08,0.88,23.77,15.3
design_0584,0.38,1.01,4.3,nan,nan,nan,1.33,2.89,15.48,7.74,0.9,19.8,19.89
design_0585,0.42,1.03,4.15,nan,nan,nan,1.3,2.8,15.43,7.74,0.89,13.23,15.42
design_0586,0.39,0.94,4.0,nan,nan,nan,1.25,2.69,15.37,7.73,0.89,20.38,18.54
design_0587,0.6,0.83,3.34,nan,nan,nan,1.07,2.26,16.55,8.58,0.87,13.43,9.6
design_0588,0.43,0.85,4.12,nan,nan,nan,1.28,2.76,15.97,8.08,0.89,27.26,19.88
design_0589,0.4,0.9,3.86,nan,nan,nan,1.21,2.6,16.0,8.03,0.89,11.17,7.83
design_0590,0.46,0.87,2.93,nan,nan,nan,0.96,2.0,15.67,8.12,0.87,14.23,11.39
design_0591,0.52,0.92,4.24,nan,nan,nan,1.32,2.85,15.84,7.89,0.9,32.94,17.28
design_0592,0.43,1.03,1.39,nan,nan,nan,0.6,1.05,15.57,7.72,0.9,25.64,17.31
design_0593,0.53,1.0,1.66,nan,nan,nan,0.64,1.2,15.59,7.83,0.9,31.65,11.9
design_0594,0.85,0.85,1.12,nan,nan,nan,0.55,0.96,15.12,7.57,0.9,29.08,16.07
design_0595,0.79,0.93,2.07,nan,nan,nan,0.74,1.44,16.01,7.98,0.9,30.42,12.02
design_0596,0.76,1.06,1.76,nan,nan,nan,0.67,1.3,15.9,7.93,0.9,10.53,9.72
design_0597,0.96,1.04,1.79,nan,nan,nan,0.71,1.36,16.09,8.0,0.9,29.09,18.18
design_0598,0.83,0.99,1.31,nan,nan,nan,0.59,1.08,15.76,7.83,0.9,32.16,16.93
design_0599,0.61,1.01,1.4,nan,nan,nan,0.6,1.08,15.68,7.78,0.9,30.43,14.34
design_0600,0.78,0.54,1.88,nan,nan,nan,0.73,1.37,17.01,8.61,0.88,33.92,18.07
design_0601,0.64,0.66,2.0,nan,nan,nan,0.74,1.44,17.08,8.88,0.87,30.06,16.37
design_0602,0.65,0.61,1.99,nan,nan,nan,0.75,1.43,16.5,8.3,0.89,27.11,17.43
design_0603,0.58,0.7,2.09,nan,nan,nan,0.77,1.49,16.56,8.33,0.89,25.34,15.04
design_0604,0.71,0.68,4.37,nan,nan,nan,1.4,3.0,14.91,7.86,0.87,29.44,16.29
design_0605,0.64,0.63,2.02,nan,nan,nan,0.75,1.45,16.56,8.31,0.89,22.94,13.1
design_0606,0.69,0.66,2.08,nan,nan,nan,0.77,1.5,15.78,7.9,0.9,24.44,20.07
design_0607,0.63,0.68,1.99,nan,nan,nan,0.74,1.43,16.19,8.11,0.89,23.09,18.66
design_0608,0.55,0.99,2.92,nan,nan,nan,0.92,1.96,15.93,8.06,0.88,26.13,17.26
design_0609,0.46,0.89,0.88,nan,nan,nan,0.49,0.77,15.67,7.81,0.9,12.27,8.8
design_0610,0.49,0.8,1.46,nan,nan,nan,0.58,1.06,16.31,8.15,0.89,32.75,14.21
design_0611,0.46,0.88,1.11,nan,nan,nan,0.52,0.88,15.65,7.77,0.9,16.2,14.25
design_0612,0.52,0.8,0.95,nan,nan,nan,0.51,0.79,15.8,7.91,0.89,23.96,12.98
design_0613,0.47,0.86,1.06,nan,nan,nan,0.51,0.86,16.11,8.15,0.89,13.4,8.17
design_0614,0.41,0.81,1.08,nan,nan,nan,0.5,0.84,15.57,7.72,0.9,7.37,4.43
design_0615,0.54,0.96,1.39,nan,nan,nan,0.59,1.06,16.16,8.33,0.87,24.81,14.47
design_0616,0.55,0.87,2.69,nan,nan,nan,0.89,1.85,15.11,7.84,0.88,27.81,16.41
design_0617,0.44,0.94,3.27,nan,nan,nan,1.05,2.22,15.9,8.13,0.88,20.55,20.6
design_0618,0.57,1.09,2.98,nan,nan,nan,0.98,2.07,15.5,8.06,0.87,28.64,14.18
design_0619,0.54,1.06,3.47,nan,nan,nan,1.11,2.37,15.51,7.92,0.88,23.02,19.93
design_0620,0.44,0.9,2.69,nan,nan,nan,0.89,1.85,15.2,7.86,0.87,27.96,16.07
design_0621,0.48,1.0,3.34,nan,nan,nan,1.07,2.28,15.71,8.01,0.88,24.86,18.34
design_0622,0.44,0.92,2.73,nan,nan,nan,0.9,1.88,15.38,7.93,0.88,27.16,16.25
design_0623,0.45,1.05,2.99,nan,nan,nan,0.98,2.06,15.62,8.0,0.88,22.13,19.24
design_0624,1.15,0.92,2.87,nan,nan,nan,0.83,1.76,14.51,7.58,0.88,15.19,16.98
design_0625,0.93,0.95,2.06,nan,nan,nan,0.67,1.35,14.7,7.7,0.88,18.3,20.89
design_0626,0.7,0.98,2.13,nan,nan,nan,0.65,1.33,15.28,7.85,0.88,25.39,16.17
design_0627,1.15,0.95,2.77,nan,nan,nan,0.82,1.72,14.51,7.59,0.88,12.88,11.2
design_0628,0.83,1.11,2.25,nan,nan,nan,0.69,1.45,14.6,7.59,0.88,25.33,18.87
design_0629,0.73,1.06,2.77,nan,nan,nan,0.79,1.65,14.18,7.5,0.87,25.31,18.88
design_0630,0.93,0.98,2.54,nan,nan,nan,0.75,1.56,14.45,7.58,0.88,7.97,5.27
design_0631,0.81,1.04,3.01,nan,nan,nan,0.83,1.77,15.42,8.04,0.88,9.14,9.03
design_0632,0.45,0.38,0.64,nan,nan,nan,0.45,0.54,15.6,7.7,0.9,12.86,10.25
design_0633,0.43,0.32,0.49,nan,nan,nan,0.43,0.44,16.33,7.93,0.9,12.13,9.76
design_0634,0.44,0.38,0.66,nan,nan,nan,0.46,0.55,15.97,7.88,0.9,22.87,16.84
design_0635,1.16,0.62,0.55,nan,nan,nan,0.53,0.78,16.2,7.89,0.9,23.65,18.57
design_0636,0.41,0.32,0.68,nan,nan,nan,0.46,0.55,15.54,7.71,0.89,16.03,12.66
design_0637,0.41,0.27,0.6,nan,nan,nan,0.46,0.49,16.03,7.81,0.91,16.72,13.45
design_0638,0.52,0.39,0.5,nan,nan,nan,0.46,0.48,16.86,8.17,0.9,19.39,11.48
design_0639,0.46,0.26,0.59,nan,nan,nan,0.46,0.5,15.29,7.54,0.9,8.24,6.72
design_0640,0.79,0.99,1.1,nan,nan,nan,0.53,0.95,14.78,7.64,0.89,19.44,20.53
design_0641,0.69,1.08,1.08,nan,nan,nan,0.53,0.95,14.78,7.63,0.89,32.34,18.0
design_0642,0.59,0.77,1.17,nan,nan,nan,0.51,0.84,15.13,7.75,0.89,37.31,20.33
design_0643,0.73,0.96,1.12,nan,nan,nan,0.53,0.93,15.25,7.8,0.89,20.89,17.16
design_0644,0.58,0.81,1.16,nan,nan,nan,0.51,0.85,14.72,7.33,0.91,36.32,17.66
design_0645,0.72,0.99,1.2,nan,nan,nan,0.55,0.97,15.29,7.83,0.89,27.75,19.73
design_0646,0.78,0.88,1.15,nan,nan,nan,0.53,0.93,14.78,7.59,0.89,33.34,16.78
design_0647,0.67,0.98,0.98,nan,nan,nan,0.5,0.87,14.8,7.59,0.89,26.86,21.16
design_0648,0.68,0.83,3.12,nan,nan,nan,0.85,1.86,15.39,7.82,0.89,19.88,11.12
design_0649,0.63,0.8,3.35,nan,nan,nan,0.89,1.97,15.29,7.79,0.89,15.7,9.67
design_0650,0.61,0.8,3.06,nan,nan,nan,0.83,1.82,15.5,7.94,0.89,17.14,10.33
design_0651,0.65,0.71,3.17,nan,nan,nan,0.85,1.87,15.45,7.81,0.89,31.27,13.63
design_0652,0.59,0.75,3.31,nan,nan,nan,0.88,1.94,15.34,7.83,0.89,23.0,19.62
design_0653,0.57,0.78,3.31,nan,nan,nan,0.88,1.94,15.05,7.69,0.89,29.93,17.23
design_0654,0.61,0.8,3.11,nan,nan,nan,0.84,1.84,15.34,7.86,0.89,20.17,12.1
design_0655,0.62,0.78,3.32,nan,nan,nan,0.88,1.96,15.56,7.96,0.89,30.17,14.47
design_0656,0.51,0.92,1.33,nan,nan,nan,0.59,1.05,16.24,8.1,0.89,24.85,18.14
design_0657,0.48,0.62,0.54,nan,nan,nan,0.45,0.54,17.05,8.21,0.91,20.45,15.98
design_0658,0.49,0.96,2.08,nan,nan,nan,0.78,1.51,16.63,8.23,0.89,32.19,21.75
design_0659,0.58,0.86,1.04,nan,nan,nan,0.54,0.88,16.81,8.28,0.9,31.9,15.56
design_0660,0.49,0.76,3.06,nan,nan,nan,1.03,2.12,15.47,7.61,0.9,28.9,15.53
design_0661,0.93,0.6,3.47,nan,nan,nan,1.16,2.42,16.29,8.34,0.88,38.49,20.92
design_0662,0.52,0.94,0.63,nan,nan,nan,0.48,0.7,14.5,7.25,0.89,27.24,13.34
design_0663,0.53,0.85,2.51,nan,nan,nan,0.88,1.77,15.3,7.66,0.89,28.97,24.54
design_0664,0.51,1.1,0.48,nan,nan,nan,0.46,0.7,15.87,7.86,0.9,23.49,17.9
design_0665,0.42,1.1,0.67,nan,nan,nan,0.49,0.75,16.02,7.94,0.9,29.48,12.13
design_0666,0.46,0.97,0.7,nan,nan,nan,0.48,0.72,16.22,8.0,0.9,31.83,19.46
design_0667,0.48,1.08,0.78,nan,nan,nan,0.49,0.8,16.19,7.98,0.9,34.7,17.52
design_0668,0.5,1.08,0.51,nan,nan,nan,0.46,0.7,15.29,7.63,0.9,16.4,14.72
design_0669,0.5,1.03,0.55,nan,nan,nan,0.46,0.7,15.59,7.75,0.9,31.06,18.62
design_0670,0.53,1.09,0.55,nan,nan,nan,0.46,0.72,15.6,7.75,0.9,20.59,17.85
design_0671,1.35,0.9,0.65,nan,nan,nan,0.55,0.97,15.65,7.83,0.89,25.21,18.88
design_0672,0.9,1.18,3.38,nan,nan,nan,0.89,1.99,14.05,7.32,0.88,14.99,16.31
design_0673,0.7,1.21,1.73,nan,nan,nan,0.64,1.23,14.69,7.56,0.88,16.79,19.15
design_0674,0.5,1.22,2.01,nan,nan,nan,0.67,1.31,15.03,7.66,0.89,21.24,17.1
design_0675,0.61,1.15,2.21,nan,nan,nan,0.71,1.39,14.67,7.62,0.89,10.71,10.43
design_0676,0.61,1.17,2.19,nan,nan,nan,0.69,1.39,14.95,7.72,0.88,17.55,17.58
design_0677,0.64,1.24,3.01,nan,nan,nan,0.87,1.79,15.32,7.93,0.88,8.31,8.38
design_0678,0.68,1.21,1.66,nan,nan,nan,0.65,1.2,15.27,7.82,0.89,8.08,6.18
design_0679,0.46,1.16,2.54,nan,nan,nan,0.75,1.52,15.5,7.94,0.88,8.26,7.25
design_0680,0.69,1.01,4.18,nan,nan,nan,1.08,2.45,15.05,7.87,0.87,31.15,19.44
design_0681,0.61,1.06,1.32,nan,nan,nan,0.56,1.02,15.63,7.98,0.88,34.5,15.5
design_0682,0.47,0.94,1.5,nan,nan,nan,0.58,1.03,14.96,7.68,0.88,43.79,23.31
design_0683,0.72,0.98,4.35,nan,nan,nan,1.11,2.54,15.34,8.04,0.87,31.75,19.36
design_0684,0.77,0.94,3.08,nan,nan,nan,0.86,1.87,15.44,7.85,0.89,25.64,21.11
design_0685,0.59,0.99,3.22,nan,nan,nan,0.88,1.93,14.41,7.49,0.88,23.79,20.94
design_0686,0.66,1.0,2.95,nan,nan,nan,0.83,1.8,15.9,8.11,0.89,31.05,17.58
design_0687,0.53,0.97,1.08,nan,nan,nan,0.51,0.88,15.08,7.65,0.89,45.42,23.97
design_0688,0.49,0.41,0.9,nan,nan,nan,0.44,0.7,14.09,7.37,0.87,27.98,12.93
design_0689,0.76,0.58,1.63,nan,nan,nan,0.65,1.21,15.83,8.3,0.87,13.83,9.39
design_0690,0.42,0.53,1.86,nan,nan,nan,0.67,1.3,15.96,8.37,0.86,29.11,18.16
design_0691,0.45,0.37,1.4,nan,nan,nan,0.56,1.0,15.61,7.96,0.88,28.34,11.14
design_0692,0.46,0.77,1.8,nan,nan,nan,0.68,1.3,15.99,8.34,0.86,29.22,14.21
design_0693,0.74,0.48,2.37,nan,nan,nan,0.82,1.67,16.5,8.71,0.86,29.06,14.56
design_0694,0.58,0.38,0.92,nan,nan,nan,0.47,0.72,15.31,7.97,0.87,8.26,6.59
design_0695,0.56,0.44,1.94,nan,nan,nan,0.71,1.36,15.51,8.14,0.87,14.09,9.31
design_0696,0.51,0.65,0.96,nan,nan,nan,0.49,0.75,14.82,7.51,0.89,20.94,18.52
design_0697,0.51,0.46,0.81,nan,nan,nan,0.46,0.63,16.46,8.29,0.89,34.25,20.59
design_0698,0.6,0.64,1.32,nan,nan,nan,0.56,0.95,14.33,7.3,0.89,22.64,10.59
design_0699,0.54,0.53,1.01,nan,nan,nan,0.49,0.75,15.82,7.99,0.89,28.99,22.86
design_0700,0.53,0.69,1.23,nan,nan,nan,0.52,0.9,14.89,7.61,0.89,25.08,19.27
design_0701,0.87,0.75,1.13,nan,nan,nan,0.55,0.95,15.16,7.74,0.89,24.62,18.82
design_0702,0.53,0.62,1.26,nan,nan,nan,0.53,0.9,14.76,7.6,0.89,27.97,16.44
design_0703,0.73,0.61,1.22,nan,nan,nan,0.55,0.92,15.57,7.88,0.9,27.92,20.47
design_0704,0.86,0.5,2.13,nan,nan,nan,0.79,1.54,16.52,8.67,0.87,33.47,22.13
design_0705,0.67,0.5,2.41,nan,nan,nan,0.85,1.69,16.21,8.39,0.87,37.38,21.81
design_0706,0.92,0.51,1.15,nan,nan,nan,0.57,0.96,15.51,8.14,0.87,25.72,23.75
design_0707,1.06,0.41,2.09,nan,nan,nan,0.79,1.54,15.91,8.28,0.87,34.62,16.34
design_0708,0.77,0.53,1.69,nan,nan,nan,0.67,1.25,17.77,9.08,0.87,26.59,19.23
design_0709,0.9,0.44,2.32,nan,nan,nan,0.84,1.66,15.71,8.35,0.86,38.59,20.52
design_0710,0.87,0.57,7.89,nan,nan,nan,2.44,5.37,16.41,8.7,0.86,21.52,24.02
design_0711,1.06,0.49,2.29,nan,nan,nan,0.84,1.67,16.1,8.3,0.88,30.02,20.93
design_0712,0.74,0.97,1.07,nan,nan,nan,0.57,0.95,14.78,7.5,0.89,14.51,7.93
design_0713,0.64,1.14,1.52,nan,nan,nan,0.64,1.19,16.09,8.06,0.89,26.96,17.49
design_0714,0.77,1.02,1.12,nan,nan,nan,0.57,0.99,15.23,7.63,0.9,16.57,7.16
design_0715,0.74,1.07,1.61,nan,nan,nan,0.66,1.24,16.04,8.07,0.89,20.86,18.02
design_0716,0.43,0.93,1.21,nan,nan,nan,0.54,0.95,15.85,8.02,0.89,30.81,14.68
design_0717,0.86,1.08,1.74,nan,nan,nan,0.69,1.34,16.61,8.34,0.89,31.16,19.86
design_0718,0.8,0.89,1.76,nan,nan,nan,0.69,1.3,16.31,8.32,0.88,33.77,16.36
design_0719,0.73,1.16,1.52,nan,nan,nan,0.64,1.22,15.94,8.0,0.89,27.04,10.79
design_0720,0.45,0.93,2.22,nan,nan,nan,0.71,1.43,15.69,7.89,0.9,38.49,18.33
design_0721,0.51,0.88,1.66,nan,nan,nan,0.59,1.14,14.96,7.56,0.9,18.62,12.87
design_0722,0.56,0.87,1.84,nan,nan,nan,0.63,1.24,15.49,7.81,0.9,22.23,24.18
design_0723,0.57,0.91,1.53,nan,nan,nan,0.58,1.09,15.68,7.91,0.89,41.46,20.17
design_0724,0.54,0.95,1.46,nan,nan,nan,0.56,1.06,15.23,7.64,0.9,32.62,20.87
design_0725,0.46,0.82,1.96,nan,nan,nan,0.66,1.27,15.32,7.68,0.9,36.8,16.31
design_0726,0.45,0.7,1.41,nan,nan,nan,0.55,0.96,15.46,7.7,0.91,11.13,13.09
design_0727,0.56,0.87,1.74,nan,nan,nan,0.62,1.18,15.29,7.76,0.89,46.74,24.65
design_0728,0.48,0.54,4.9,nan,nan,nan,1.6,3.42,17.26,8.94,0.88,15.33,9.7
design_0729,0.57,0.6,4.48,nan,nan,nan,1.47,3.13,16.49,8.54,0.88,26.83,13.73
design_0730,0.78,0.58,4.29,nan,nan,nan,1.42,3.01,16.43,8.73,0.86,20.04,13.72
design_0731,0.5,0.53,4.51,nan,nan,nan,1.48,3.15,16.38,8.71,0.86,31.7,16.33
design_0732,0.58,0.68,4.0,nan,nan,nan,1.33,2.81,16.48,8.35,0.89,17.67,14.58
design_0733,0.79,0.54,4.9,nan,nan,nan,1.61,3.43,16.96,8.97,0.86,16.47,7.54
design_0734,0.6,0.74,4.77,nan,nan,nan,1.57,3.34,16.53,8.64,0.87,25.84,16.31
design_0735,0.81,0.59,6.64,nan,nan,nan,2.15,4.63,17.3,9.15,0.86,25.14,13.02
design_0736,0.63,0.75,4.62,nan,nan,nan,1.53,3.24,18.3,9.06,0.88,24.81,20.18
design_0737,0.7,0.8,4.06,nan,nan,nan,1.36,2.86,16.13,8.13,0.88,13.73,9.5
design_0738,0.86,0.86,4.45,nan,nan,nan,1.48,3.15,17.27,8.64,0.88,20.76,16.08
design_0739,0.59,0.87,4.94,nan,nan,nan,1.63,3.46,14.65,7.5,0.88,29.57,14.26
design_0740,0.81,0.75,4.56,nan,nan,nan,1.51,3.21,15.24,7.86,0.88,17.79,11.97
design_0741,0.63,0.93,4.56,nan,nan,nan,1.51,3.21,16.66,8.3,0.89,33.04,15.91
design_0742,1.02,0.75,4.91,nan,nan,nan,1.63,3.46,15.99,8.02,0.89,26.32,10.32
design_0743,0.59,0.8,4.62,nan,nan,nan,1.52,3.24,17.5,8.65,0.88,17.88,11.34
design_0744,0.62,0.57,3.62,nan,nan,nan,1.22,2.54,16.48,8.54,0.87,23.89,16.86
design_0745,0.74,0.35,3.22,nan,nan,nan,1.11,2.27,14.97,7.77,0.87,33.99,15.77
design_0746,0.56,0.33,3.25,nan,nan,nan,1.11,2.28,15.52,8.0,0.87,25.25,17.14
design_0747,0.62,0.42,3.41,nan,nan,nan,1.16,2.4,16.11,8.16,0.88,33.11,13.46
design_0748,0.59,0.48,2.36,nan,nan,nan,0.85,1.68,16.13,8.26,0.88,24.01,16.89
design_0749,0.61,0.38,3.35,nan,nan,nan,1.14,2.35,15.86,8.09,0.88,20.04,13.99
design_0750,0.61,0.54,1.29,nan,nan,nan,0.57,0.98,15.46,8.07,0.87,11.25,16.06
design_0751,0.59,0.61,0.74,nan,nan,nan,0.47,0.67,15.36,7.93,0.87,29.12,16.26
design_0752,0.78,0.6,0.87,nan,nan,nan,0.51,0.77,15.82,7.92,0.9,20.54,16.08
design_0753,0.54,0.56,0.86,nan,nan,nan,0.46,0.68,15.35,7.81,0.89,24.66,21.48
design_0754,0.77,0.55,0.92,nan,nan,nan,0.5,0.78,15.92,8.02,0.89,21.31,11.99
design_0755,0.78,0.62,1.04,nan,nan,nan,0.52,0.85,15.27,7.88,0.88,32.26,15.08
design_0756,1.54,0.41,1.42,nan,nan,nan,0.66,1.27,16.0,8.17,0.88,30.01,14.26
design_0757,0.8,0.47,0.88,nan,nan,nan,0.51,0.75,16.16,8.19,0.89,29.42,16.04
design_0758,0.77,0.58,0.87,nan,nan,nan,0.51,0.76,15.17,7.64,0.9,17.4,9.45
design_0759,0.78,0.43,0.91,nan,nan,nan,0.51,0.75,16.05,8.09,0.89,30.24,16.65
design_0760,0.64,0.56,6.18,nan,nan,nan,1.92,4.21,15.64,7.91,0.89,33.25,14.39
design_0761,0.57,0.58,6.03,nan,nan,nan,1.88,4.11,15.79,8.1,0.88,34.43,15.31
design_0762,0.61,0.58,5.16,nan,nan,nan,1.63,3.52,15.94,8.31,0.88,30.88,14.66
design_0763,0.48,0.53,5.07,nan,nan,nan,1.6,3.45,16.18,8.29,0.88,34.15,14.13
design_0764,0.59,0.6,5.63,nan,nan,nan,1.76,3.83,15.85,8.12,0.88,34.38,13.65
design_0765,0.54,0.52,1.67,nan,nan,nan,0.65,1.2,16.48,8.46,0.88,34.36,13.16
design_0766,0.72,0.56,6.04,nan,nan,nan,1.89,4.12,15.18,7.83,0.88,37.11,16.84
design_0767,0.65,0.58,6.07,nan,nan,nan,1.89,4.13,15.83,8.18,0.88,22.15,19.27
design_0768,0.96,0.44,1.14,nan,nan,nan,0.53,0.93,15.53,7.81,0.89,24.17,15.08
design_0769,0.93,0.41,1.43,nan,nan,nan,0.56,1.06,15.83,8.08,0.89,14.26,10.59
design_0770,0.86,0.45,1.85,nan,nan,nan,0.65,1.27,15.97,8.08,0.89,18.34,11.15
design_0771,0.79,0.4,1.46,nan,nan,nan,0.57,1.03,15.81,7.94,0.89,16.52,12.61
design_0772,0.88,0.43,0.91,nan,nan,nan,0.49,0.79,14.3,7.26,0.89,15.2,10.49
design_0773,0.82,0.42,1.6,nan,nan,nan,0.59,1.12,15.38,7.83,0.89,12.71,8.0
design_0774,0.92,0.42,1.56,nan,nan,nan,0.6,1.12,15.6,7.91,0.89,10.23,12.98
design_0775,0.98,0.4,1.54,nan,nan,nan,0.6,1.12,15.82,8.0,0.89,16.76,13.79
design_0776,0.36,0.69,1.34,nan,nan,nan,0.56,0.95,16.43,8.24,0.89,34.28,13.32
design_0777,0.42,0.5,1.44,nan,nan,nan,0.57,0.99,15.44,7.76,0.89,20.18,14.8
design_0778,0.4,0.75,1.55,nan,nan,nan,0.59,1.09,16.33,8.27,0.89,21.71,11.0
design_0779,0.45,0.73,1.33,nan,nan,nan,0.55,0.97,15.83,8.11,0.88,22.02,21.22
design_0780,0.31,0.62,1.35,nan,nan,nan,0.55,0.94,16.14,8.11,0.9,31.99,15.0
design_0781,0.37,0.59,1.3,nan,nan,nan,0.52,0.91,16.2,8.16,0.89,30.73,14.22
design_0782,0.31,0.78,1.98,nan,nan,nan,0.68,1.34,16.54,8.21,0.9,32.34,13.29
design_0783,0.69,0.68,1.37,nan,nan,nan,0.58,1.02,16.55,8.33,0.89,34.07,13.0
design_0784,0.49,0.93,1.46,nan,nan,nan,0.58,1.04,15.04,7.54,0.9,27.3,18.56
design_0785,0.53,1.15,1.6,nan,nan,nan,0.62,1.18,15.04,7.58,0.9,18.1,19.69
design_0786,0.47,1.08,1.52,nan,nan,nan,0.59,1.11,15.27,7.63,0.9,37.72,19.78
design_0787,0.44,1.13,1.48,nan,nan,nan,0.59,1.1,15.11,7.57,0.9,14.14,17.4
design_0788,0.5,0.94,2.24,nan,nan,nan,0.73,1.45,16.2,8.04,0.9,37.39,14.78
design_0789,0.47,1.12,1.42,nan,nan,nan,0.57,1.08,15.46,7.71,0.9,37.45,17.26
design_0790,0.75,1.4,1.81,nan,nan,nan,0.7,1.39,14.97,7.52,0.9,18.97,18.49
design_0791,0.45,1.08,1.52,nan,nan,nan,0.59,1.11,15.11,7.57,0.9,14.64,17.62
design_0792,0.57,0.82,1.53,nan,nan,nan,0.55,1.04,15.28,7.57,0.91,11.79,11.34
design_0793,0.58,0.91,1.61,nan,nan,nan,0.61,1.1,15.77,7.93,0.9,44.06,22.17
design_0794,0.6,0.87,1.7,nan,nan,nan,0.59,1.13,15.22,7.65,0.9,23.35,18.09
design_0795,0.51,0.99,1.6,nan,nan,nan,0.57,1.1,15.51,7.73,0.9,34.26,17.0
design_0796,0.59,1.06,1.84,nan,nan,nan,0.66,1.25,15.56,7.85,0.89,31.8,16.01
design_0797,0.55,0.92,1.34,nan,nan,nan,0.57,0.97,15.19,7.56,0.9,21.6,9.3
design_0798,0.56,0.82,1.28,nan,nan,nan,0.52,0.92,14.69,7.34,0.9,16.99,18.16
design_0799,0.66,1.0,1.49,nan,nan,nan,0.57,1.09,15.05,7.51,0.9,30.24,12.52
design_0800,0.63,0.39,3.36,nan,nan,nan,1.15,2.36,16.23,8.26,0.88,29.16,20.68
design_0801,0.54,0.34,3.58,nan,nan,nan,1.21,2.5,14.99,7.67,0.88,28.25,12.91
design_0802,0.85,0.41,3.25,nan,nan,nan,1.13,2.31,16.19,8.18,0.88,27.31,15.78
design_0803,0.79,0.47,3.27,nan,nan,nan,1.13,2.31,16.56,8.35,0.89,15.4,13.29
design_0804,0.72,0.53,0.74,nan,nan,nan,0.49,0.69,15.55,8.01,0.88,28.12,16.43
design_0805,0.71,0.43,3.36,nan,nan,nan,1.15,2.37,16.2,8.26,0.88,27.77,16.23
design_0806,0.61,0.42,3.39,nan,nan,nan,1.16,2.38,15.72,7.9,0.89,17.56,13.74
design_0807,0.64,0.32,3.37,nan,nan,nan,1.16,2.37,17.04,8.65,0.88,35.65,17.27
design_0808,0.57,0.56,1.37,nan,nan,nan,0.55,0.9,16.31,8.1,0.9,20.43,16.5
design_0809,0.63,0.47,0.9,nan,nan,nan,0.46,0.69,12.33,6.34,0.89,37.09,15.63
design_0810,0.71,0.52,1.44,nan,nan,nan,0.54,0.96,14.93,7.43,0.91,36.41,14.68
design_0811,0.61,0.5,1.36,nan,nan,nan,0.52,0.89,15.36,7.67,0.9,36.72,14.75
design_0812,0.61,0.58,1.26,nan,nan,nan,0.52,0.86,15.59,7.8,0.9,25.85,10.87
design_0813,0.66,0.53,1.22,nan,nan,nan,0.5,0.85,15.02,7.5,0.9,35.6,15.96
design_0814,0.69,0.5,1.25,nan,nan,nan,0.52,0.87,15.04,7.48,0.9,32.84,18.37
design_0815,0.65,0.56,0.85,nan,nan,nan,0.45,0.69,15.01,7.47,0.9,20.76,15.99
design_0816,0.55,0.61,0.57,nan,nan,nan,0.46,0.58,16.69,8.05,0.91,32.57,23.96
design_0817,0.6,0.62,0.63,nan,nan,nan,0.48,0.62,16.66,8.08,0.91,35.5,19.68
design_0818,0.58,0.65,0.55,nan,nan,nan,0.45,0.59,16.0,7.76,0.91,27.35,19.83
design_0819,0.61,0.68,0.68,nan,nan,nan,0.47,0.66,14.91,7.3,0.9,29.07,20.96
design_0820,0.61,0.54,0.63,nan,nan,nan,0.45,0.61,15.29,7.59,0.9,35.73,17.07
design_0821,0.62,0.58,0.55,nan,nan,nan,0.45,0.58,16.15,7.85,0.91,28.12,23.71
design_0822,0.56,0.59,0.57,nan,nan,nan,0.45,0.57,16.03,7.8,0.91,30.59,15.48
design_0823,0.67,0.63,0.48,nan,nan,nan,0.44,0.57,16.22,7.89,0.9,29.82,24.25
design_0824,0.54,0.82,1.2,nan,nan,nan,0.51,0.9,15.3,7.67,0.9,39.98,19.47
design_0825,0.94,1.15,2.12,nan,nan,nan,0.74,1.51,15.19,7.54,0.9,29.89,15.44
design_0826,0.48,0.83,1.71,nan,nan,nan,0.62,1.15,15.41,7.68,0.9,34.13,18.82
design_0827,0.89,1.06,2.47,nan,nan,nan,0.79,1.66,15.1,7.53,0.9,37.19,17.26
design_0828,0.58,0.92,2.03,nan,nan,nan,0.68,1.34,15.57,7.81,0.9,13.19,10.74
design_0829,0.88,0.72,2.0,nan,nan,nan,0.68,1.35,15.8,7.94,0.9,25.63,15.69
design_0830,0.54,0.82,1.99,nan,nan,nan,0.67,1.3,15.27,7.68,0.9,40.4,19.8
design_0831,0.52,0.76,1.84,nan,nan,nan,0.64,1.2,15.77,7.86,0.9,11.43,8.35
design_0832,0.7,0.61,1.48,nan,nan,nan,0.57,1.03,13.12,6.75,0.89,11.54,4.36
design_0833,0.87,0.94,1.4,nan,nan,nan,0.58,1.1,15.21,7.69,0.89,23.25,19.86
design_0834,0.65,0.66,1.78,nan,nan,nan,0.62,1.18,14.45,7.31,0.9,10.19,8.91
design_0835,1.01,0.74,1.0,nan,nan,nan,0.52,0.93,15.16,7.63,0.89,19.78,15.73
design_0836,0.67,0.61,1.28,nan,nan,nan,0.52,0.92,14.63,7.33,0.9,10.62,9.16
design_0837,0.51,0.72,1.34,nan,nan,nan,0.55,0.93,15.06,7.48,0.91,11.05,12.82
design_0838,0.53,0.72,1.17,nan,nan,nan,0.5,0.86,15.32,7.66,0.9,13.38,10.2
design_0839,0.91,0.61,0.69,nan,nan,nan,0.48,0.76,14.28,7.23,0.9,11.05,5.77
design_0840,0.85,0.76,2.92,nan,nan,nan,0.94,1.97,16.09,8.21,0.89,17.28,11.96
design_0841,0.61,0.74,2.25,nan,nan,nan,0.76,1.53,15.61,7.89,0.89,12.89,10.01
design_0842,0.74,0.63,2.99,nan,nan,nan,0.94,1.98,15.75,8.03,0.89,31.84,15.48
design_0843,0.63,0.74,2.69,nan,nan,nan,0.86,1.8,16.26,8.24,0.89,28.94,15.28
design_0844,0.7,0.67,2.17,nan,nan,nan,0.74,1.49,16.64,8.3,0.89,21.92,20.11
design_0845,0.6,0.84,2.41,nan,nan,nan,0.8,1.64,16.48,8.39,0.89,23.49,16.57
design_0846,0.64,0.74,2.34,nan,nan,nan,0.78,1.59,15.86,7.96,0.89,31.86,14.04
design_0847,0.7,0.69,2.79,nan,nan,nan,0.89,1.86,16.07,8.19,0.89,31.05,13.53
design_0848,0.48,0.77,0.97,nan,nan,nan,0.5,0.78,14.59,7.43,0.89,30.96,15.17
design_0849,0.67,1.0,3.86,nan,nan,nan,1.12,2.47,11.03,6.27,0.86,29.71,15.91
design_0850,0.58,0.76,3.64,nan,nan,nan,1.05,2.31,15.76,8.09,0.88,30.17,11.74
design_0851,0.68,0.8,0.98,nan,nan,nan,0.52,0.84,15.09,7.51,0.9,26.56,17.03
design_0852,0.89,0.94,3.03,nan,nan,nan,0.94,2.0,10.91,6.2,0.86,29.57,16.0
design_0853,0.51,0.8,1.76,nan,nan,nan,0.63,1.2,15.81,8.15,0.88,31.64,14.8
design_0854,0.56,0.88,1.59,nan,nan,nan,0.61,1.14,15.15,7.83,0.88,27.31,16.71
design_0855,0.51,0.83,0.99,nan,nan,nan,0.5,0.81,15.18,7.77,0.89,30.11,15.99
design_0856,0.78,0.66,0.98,nan,nan,nan,0.53,0.86,16.3,8.21,0.88,39.3,25.61
design_0857,0.8,0.51,2.28,nan,nan,nan,0.84,1.66,17.3,8.82,0.87,28.3,14.99
design_0858,0.44,0.76,0.78,nan,nan,nan,0.47,0.69,15.71,7.82,0.89,19.16,22.27
design_0859,0.88,0.5,3.59,nan,nan,nan,1.22,2.54,17.43,9.01,0.87,25.48,20.08
design_0860,0.85,0.49,1.96,nan,nan,nan,0.77,1.45,17.78,8.97,0.88,18.83,15.98
design_0861,0.82,0.53,3.73,nan,nan,nan,1.26,2.63,16.23,8.39,0.87,25.47,20.38
design_0862,0.86,0.53,2.33,nan,nan,nan,0.86,1.7,18.33,9.22,0.88,28.62,23.37
design_0863,0.81,0.49,2.05,nan,nan,nan,0.78,1.51,16.42,8.63,0.86,24.06,23.56
design_0864,0.49,0.58,1.68,nan,nan,nan,0.62,1.15,15.06,7.59,0.9,30.65,24.78
design_0865,0.51,0.58,1.73,nan,nan,nan,0.64,1.18,15.41,7.77,0.89,23.99,22.1
design_0866,0.6,0.49,1.67,nan,nan,nan,0.63,1.15,15.17,7.63,0.9,28.63,15.29
design_0867,0.58,0.63,2.28,nan,nan,nan,0.77,1.53,15.49,8.0,0.88,29.13,26.54
design_0868,0.43,0.62,1.19,nan,nan,nan,0.55,0.86,14.97,7.56,0.9,39.06,18.04
design_0869,0.9,0.44,1.24,nan,nan,nan,0.57,0.97,15.19,7.65,0.9,24.25,26.95
design_0870,0.49,0.59,1.57,nan,nan,nan,0.62,1.08,14.75,7.47,0.89,29.64,16.79
design_0871,0.47,0.57,1.9,nan,nan,nan,0.67,1.28,15.51,7.74,0.9,38.64,21.89
design_0872,0.62,0.56,0.54,nan,nan,nan,0.46,0.57,15.48,7.55,0.91,35.17,19.36
design_0873,0.64,0.68,0.52,nan,nan,nan,0.47,0.59,16.41,7.93,0.91,23.41,19.04
design_0874,0.64,0.6,0.48,nan,nan,nan,0.45,0.56,16.53,8.05,0.9,29.27,26.24
design_0875,0.6,0.55,0.65,nan,nan,nan,0.47,0.61,16.21,7.93,0.9,31.79,19.11
design_0876,0.65,0.6,0.53,nan,nan,nan,0.46,0.58,16.46,7.96,0.91,31.91,23.49
design_0877,0.62,0.63,0.55,nan,nan,nan,0.45,0.59,15.79,7.65,0.91,29.43,26.93
design_0878,0.72,0.48,0.56,nan,nan,nan,0.48,0.59,17.39,8.41,0.9,35.65,26.33
design_0879,0.62,0.61,0.49,nan,nan,nan,0.45,0.55,15.56,7.62,0.9,28.22,22.42
design_0880,0.53,1.15,1.81,nan,nan,nan,0.62,1.21,13.93,7.26,0.89,28.43,18.89
design_0881,0.43,0.96,2.29,nan,nan,nan,0.66,1.35,14.74,7.6,0.88,31.02,16.34
design_0882,0.85,1.06,1.71,nan,nan,nan,0.66,1.21,12.63,6.53,0.89,28.73,18.21
design_0883,0.83,1.08,1.9,nan,nan,nan,0.65,1.29,14.39,7.52,0.88,30.42,16.87
design_0884,1.05,1.15,2.66,nan,nan,nan,0.78,1.68,13.6,7.26,0.87,28.74,18.04
design_0885,0.56,1.15,1.93,nan,nan,nan,0.63,1.26,13.63,7.07,0.89,27.45,18.81
design_0886,0.49,1.04,1.94,nan,nan,nan,0.63,1.23,14.21,7.31,0.89,28.63,18.92
design_0887,0.49,1.13,2.09,nan,nan,nan,0.65,1.32,13.54,7.1,0.89,29.19,18.13
design_0888,0.56,0.97,2.34,nan,nan,nan,0.75,1.52,15.27,7.81,0.89,15.53,15.23
design_0889,0.48,0.86,1.83,nan,nan,nan,0.65,1.22,14.97,7.67,0.89,20.78,8.11
design_0890,1.04,1.11,2.14,nan,nan,nan,0.76,1.53,14.9,7.48,0.9,18.73,8.72
design_0891,0.98,1.18,2.34,nan,nan,nan,0.79,1.63,14.83,7.41,0.9,17.53,14.0
design_0892,0.76,1.1,2.45,nan,nan,nan,0.78,1.63,14.77,7.45,0.89,17.87,20.11
design_0893,0.5,0.98,1.77,nan,nan,nan,0.65,1.22,14.35,7.25,0.89,9.13,8.74
design_0894,0.39,0.92,1.6,nan,nan,nan,0.62,1.1,16.36,8.0,0.91,19.87,15.41
design_0895,0.55,0.81,1.31,nan,nan,nan,0.55,0.95,14.99,7.47,0.9,23.57,14.74
design_0896,0.5,0.8,1.38,nan,nan,nan,0.56,0.97,15.4,7.63,0.9,24.9,10.66
design_0897,0.41,0.78,1.4,nan,nan,nan,0.53,0.96,15.1,7.62,0.89,10.38,8.74
design_0898,0.78,1.06,1.72,nan,nan,nan,0.64,1.26,14.91,7.58,0.89,15.19,7.47
design_0899,0.46,0.77,1.06,nan,nan,nan,0.5,0.8,16.0,7.89,0.9,30.69,23.39
design_0900,0.4,0.83,1.61,nan,nan,nan,0.57,1.08,14.94,7.61,0.89,23.66,11.02
design_0901,0.55,0.89,1.1,nan,nan,nan,0.54,0.88,15.75,7.88,0.89,28.09,11.44
design_0902,0.53,0.83,1.38,nan,nan,nan,0.57,0.99,15.01,7.54,0.9,29.75,20.9
design_0903,0.39,0.85,0.97,nan,nan,nan,0.47,0.78,15.33,7.7,0.89,24.38,13.19
design_0904,0.67,0.69,0.77,nan,nan,nan,0.49,0.72,14.15,7.15,0.89,18.92,12.04
design_0905,0.77,0.74,0.82,nan,nan,nan,0.53,0.79,14.29,7.26,0.89,20.3,11.38
design_0906,0.52,0.6,0.82,nan,nan,nan,0.48,0.7,15.42,7.65,0.9,21.2,12.86
design_0907,0.61,0.66,0.76,nan,nan,nan,0.49,0.7,15.3,7.6,0.9,18.42,12.24
design_0908,0.75,0.65,0.77,nan,nan,nan,0.51,0.74,15.75,7.73,0.9,24.77,17.27
design_0909,0.68,0.65,0.84,nan,nan,nan,0.51,0.76,15.25,7.53,0.9,14.28,11.37
design_0910,0.65,0.7,0.93,nan,nan,nan,0.52,0.81,14.63,7.28,0.9,16.97,12.47
design_0911,0.71,0.59,0.61,nan,nan,nan,0.48,0.64,14.46,7.24,0.89,22.47,20.87
design_0912,0.49,0.83,3.47,nan,nan,nan,1.13,2.4,9.93,5.37,0.88,30.88,15.55
design_0913,0.5,0.75,3.37,nan,nan,nan,1.1,2.33,12.12,6.32,0.88,30.81,15.39
design_0914,0.59,0.71,3.43,nan,nan,nan,1.12,2.37,15.5,7.82,0.89,29.28,14.06
design_0915,0.45,0.72,3.43,nan,nan,nan,1.12,2.36,14.25,7.21,0.89,30.4,15.28
design_0916,0.66,0.63,3.44,nan,nan,nan,1.13,2.38,14.35,7.19,0.89,13.75,14.17
design_0917,0.64,0.69,3.17,nan,nan,nan,1.05,2.2,15.85,8.02,0.88,29.63,21.82
design_0918,0.66,0.61,3.32,nan,nan,nan,1.1,2.3,15.76,7.8,0.9,35.84,17.84
design_0919,0.48,0.7,3.58,nan,nan,nan,1.16,2.46,15.29,7.52,0.91,28.35,15.72
design_0920,0.94,1.34,1.37,nan,nan,nan,0.65,1.22,13.74,7.12,0.89,30.97,23.06
design_0921,0.71,1.48,1.34,nan,nan,nan,0.62,1.2,15.19,7.73,0.9,25.79,28.79
design_0922,0.83,1.53,3.29,nan,nan,nan,0.94,2.1,15.71,8.03,0.89,12.08,11.44
design_0923,0.96,1.53,1.76,nan,nan,nan,0.71,1.43,15.1,7.75,0.89,25.82,27.94
design_0924,0.87,1.09,1.34,nan,nan,nan,0.59,1.11,15.09,7.77,0.89,22.94,24.53
design_0925,0.71,1.38,1.71,nan,nan,nan,0.68,1.31,14.7,7.47,0.9,5.78,6.24
design_0926,0.98,1.63,1.72,nan,nan,nan,0.71,1.46,15.26,7.77,0.89,23.47,27.31
design_0927,0.67,1.53,1.53,nan,nan,nan,0.65,1.28,15.22,7.72,0.9,25.87,29.32
design_0928,0.46,0.92,0.57,nan,nan,nan,0.47,0.66,14.73,7.31,0.9,33.79,22.51
design_0929,0.34,0.89,0.9,nan,nan,nan,0.5,0.75,15.59,7.79,0.9,36.91,16.16
design_0930,0.54,1.27,0.79,nan,nan,nan,0.52,0.9,15.23,7.55,0.9,31.61,14.74
design_0931,0.67,1.33,0.69,nan,nan,nan,0.53,0.92,15.02,7.49,0.9,36.19,15.81
design_0932,0.55,1.22,0.85,nan,nan,nan,0.51,0.9,14.73,7.34,0.9,35.06,19.6
design_0933,0.61,1.11,0.83,nan,nan,nan,0.51,0.86,15.16,7.52,0.9,34.9,17.49
design_0934,0.59,1.22,0.9,nan,nan,nan,0.52,0.92,15.27,7.56,0.9,34.76,15.4
design_0935,0.41,0.93,0.85,nan,nan,nan,0.49,0.75,15.41,7.6,0.91,41.67,21.34
design_0936,0.68,0.59,3.26,nan,nan,nan,1.08,2.26,16.78,8.66,0.87,18.77,13.7
design_0937,0.8,0.42,3.67,nan,nan,nan,1.21,2.53,16.87,8.64,0.87,39.25,21.51
design_0938,0.81,0.55,2.98,nan,nan,nan,1.01,2.08,16.8,8.72,0.87,29.33,13.2
design_0939,0.74,0.38,3.72,nan,nan,nan,1.2,2.56,17.96,9.07,0.87,42.46,26.34
design_0940,0.99,0.65,3.51,nan,nan,nan,1.17,2.46,16.39,8.5,0.87,22.13,21.5
design_0941,0.83,0.61,3.47,nan,nan,nan,1.15,2.41,16.62,8.64,0.86,26.12,17.52
design_0942,0.74,0.5,3.86,nan,nan,nan,1.24,2.65,17.17,8.69,0.87,23.57,21.68
design_0943,0.82,0.6,3.73,nan,nan,nan,1.22,2.58,16.46,8.55,0.87,34.75,14.5
design_0944,0.54,0.75,0.75,nan,nan,nan,0.47,0.69,14.92,7.43,0.9,11.42,5.4
design_0945,0.45,0.6,0.77,nan,nan,nan,0.45,0.64,15.75,7.77,0.9,30.24,24.74
design_0946,0.44,0.67,0.7,nan,nan,nan,0.46,0.62,15.08,7.52,0.9,18.19,10.86
design_0947,0.42,0.68,0.69,nan,nan,nan,0.45,0.62,15.23,7.6,0.9,9.13,7.35
design_0948,0.42,0.69,0.63,nan,nan,nan,0.44,0.59,15.13,7.51,0.9,18.45,10.56
design_0949,0.44,0.68,0.77,nan,nan,nan,0.47,0.66,15.05,7.59,0.89,10.11,5.34
design_0950,0.44,0.69,0.75,nan,nan,nan,0.46,0.65,15.7,7.77,0.9,13.63,14.4
design_0951,0.38,0.65,0.79,nan,nan,nan,0.46,0.65,14.27,7.19,0.89,13.23,5.69
design_0952,0.51,1.0,4.3,nan,nan,nan,1.39,2.97,13.31,6.86,0.88,22.0,20.78
design_0953,0.4,0.88,4.42,nan,nan,nan,1.4,3.03,14.28,7.25,0.89,21.25,21.86
design_0954,0.59,1.01,4.38,nan,nan,nan,1.4,3.03,13.71,6.99,0.89,25.87,13.25
design_0955,0.76,0.85,3.28,nan,nan,nan,1.1,2.3,11.85,6.43,0.87,23.09,19.99
design_0956,0.51,1.09,4.14,nan,nan,nan,1.33,2.87,14.51,7.36,0.89,22.14,20.67
design_0957,0.6,0.95,1.91,nan,nan,nan,0.72,1.42,4.59,3.14,0.89,8.83,4.65
design_0958,0.63,1.09,4.07,nan,nan,nan,1.32,2.83,13.95,7.05,0.89,23.19,19.9
design_0959,0.66,0.84,4.45,nan,nan,nan,1.42,3.06,14.4,7.26,0.89,24.04,17.07
design_0960,0.69,0.31,2.76,nan,nan,nan,0.95,1.91,17.15,8.64,0.88,34.86,17.25
design_0961,0.76,0.38,2.3,nan,nan,nan,0.83,1.62,15.51,7.94,0.88,25.82,16.93
design_0962,0.59,0.42,2.81,nan,nan,nan,0.94,1.94,16.15,8.21,0.88,25.11,12.78
design_0963,0.66,0.4,2.97,nan,nan,nan,1.0,2.05,16.44,8.33,0.88,27.31,16.34
design_0964,0.55,0.44,2.87,nan,nan,nan,0.96,1.98,16.31,8.22,0.89,21.31,14.81
design_0965,1.12,0.34,2.28,nan,nan,nan,0.85,1.66,14.85,7.7,0.87,28.04,16.48
design_0966,0.68,0.36,2.9,nan,nan,nan,0.98,2.01,14.85,7.57,0.88,18.59,18.53
design_0967,0.59,0.48,3.01,nan,nan,nan,1.0,2.08,15.91,8.1,0.88,23.11,18.03
design_0968,0.72,0.4,5.82,nan,nan,nan,1.82,3.97,14.06,7.28,0.88,34.89,14.63
design_0969,0.61,0.57,5.79,nan,nan,nan,1.81,3.94,16.15,8.16,0.86,42.56,27.09
design_0970,0.71,0.45,5.83,nan,nan,nan,1.82,3.97,12.8,6.88,0.86,31.73,15.48
design_0971,0.81,0.47,5.78,nan,nan,nan,1.81,3.95,15.38,7.81,0.88,38.4,20.15
design_0972,0.76,0.69,5.71,nan,nan,nan,1.79,3.9,15.06,7.74,0.88,21.82,22.58
design_0973,0.67,0.65,5.68,nan,nan,nan,1.78,3.87,12.59,6.6,0.87,28.92,16.19
design_0974,0.4,0.58,5.6,nan,nan,nan,1.75,3.81,14.21,7.28,0.88,32.75,19.81
design_0975,0.77,0.63,5.75,nan,nan,nan,1.8,3.93,11.66,6.49,0.86,31.76,15.26
design_0976,0.56,0.85,1.56,nan,nan,nan,0.57,1.06,15.81,7.9,0.9,29.74,21.43
design_0977,0.49,0.86,1.2,nan,nan,nan,0.52,0.88,14.81,7.49,0.89,29.83,13.98
design_0978,0.51,0.91,1.12,nan,nan,nan,0.52,0.87,7.28,4.24,0.88,37.27,16.32
design_0979,0.52,0.79,1.55,nan,nan,nan,0.56,1.02,15.62,7.84,0.9,31.52,16.81
design_0980,0.48,0.94,1.25,nan,nan,nan,0.54,0.93,7.9,4.53,0.88,37.49,16.36
design_0981,0.74,0.93,1.31,nan,nan,nan,0.57,1.01,9.48,5.26,0.87,37.73,16.2
design_0982,0.46,0.82,1.32,nan,nan,nan,0.54,0.92,8.23,4.66,0.88,37.5,16.34
design_0983,0.54,0.83,1.47,nan,nan,nan,0.56,1.0,15.39,7.69,0.9,33.65,16.43
design_0984,0.86,0.64,3.68,nan,nan,nan,1.25,2.61,16.4,8.3,0.89,35.12,16.74
design_0985,0.87,0.57,3.5,nan,nan,nan,1.19,2.48,16.46,8.42,0.88,29.6,14.78
design_0986,0.9,0.48,3.12,nan,nan,nan,1.07,2.23,17.86,8.97,0.87,46.45,33.06
design_0987,0.87,0.45,3.37,nan,nan,nan,1.15,2.39,14.4,7.56,0.88,32.4,15.89
design_0988,0.59,0.46,3.47,nan,nan,nan,1.17,2.44,16.38,8.24,0.89,37.77,18.8
design_0989,0.91,0.5,3.67,nan,nan,nan,1.26,2.6,15.79,7.97,0.89,37.87,19.99
design_0990,0.69,0.48,3.65,nan,nan,nan,1.23,2.57,15.77,8.01,0.89,27.27,16.84
design_0991,0.84,0.42,3.57,nan,nan,nan,1.21,2.52,13.08,6.88,0.88,32.33,15.84
design_0992,0.71,0.36,3.68,nan,nan,nan,1.26,2.58,15.82,7.91,0.88,32.94,17.32
design_0993,0.51,0.26,3.4,nan,nan,nan,1.14,2.37,18.03,8.95,0.87,43.69,27.64
design_0994,0.58,0.27,2.72,nan,nan,nan,0.95,1.91,17.08,8.56,0.87,34.56,16.8
design_0995,0.55,0.27,3.46,nan,nan,nan,1.18,2.42,14.78,7.53,0.88,31.17,16.42
design_0996,0.83,0.28,3.88,nan,nan,nan,1.31,2.73,9.97,5.58,0.87,30.71,15.37
design_0997,0.43,0.32,3.31,nan,nan,nan,1.14,2.31,16.05,8.25,0.88,29.2,20.69
design_0998,0.89,0.3,3.51,nan,nan,nan,1.21,2.48,16.21,8.24,0.88,30.62,14.59
design_0999,0.69,0.49,1.65,nan,nan,nan,0.68,1.23,16.39,8.57,0.87,12.68,9.7
design_1000,1.11,0.54,0.7,nan,nan,nan,0.5,0.81,16.64,8.41,0.88,24.61,20.02
design_1001,0.64,0.59,1.07,nan,nan,nan,0.5,0.87,16.13,7.99,0.9,23.09,19.67
design_1002,0.63,0.54,0.62,nan,nan,nan,0.4,0.61,16.21,7.89,0.91,22.72,20.36
design_1003,0.76,0.39,0.94,nan,nan,nan,0.49,0.79,17.08,8.35,0.9,15.69,15.68
design_1004,0.7,0.62,1.21,nan,nan,nan,0.53,0.97,15.9,7.99,0.89,19.6,18.99
design_1005,0.63,0.69,0.55,nan,nan,nan,0.42,0.61,16.37,8.1,0.9,17.64,13.14
design_1006,0.67,0.55,0.51,nan,nan,nan,0.4,0.57,16.61,8.07,0.91,17.64,19.73
design_1007,0.98,0.52,1.81,nan,nan,nan,0.71,1.38,16.58,8.52,0.88,11.7,9.37
design_1008,0.59,0.75,1.26,nan,nan,nan,0.52,0.88,13.61,7.08,0.89,33.52,16.84
design_1009,0.81,0.67,1.28,nan,nan,nan,0.54,0.93,15.25,7.78,0.89,36.61,14.93
design_1010,0.67,0.65,0.93,nan,nan,nan,0.49,0.75,14.38,7.42,0.89,30.55,15.93
design_1011,0.7,0.84,1.09,nan,nan,nan,0.52,0.87,13.8,7.21,0.88,25.57,17.07
design_1012,0.76,0.72,1.04,nan,nan,nan,0.5,0.83,14.37,7.43,0.89,32.91,16.36
design_1013,0.8,0.74,1.3,nan,nan,nan,0.54,0.95,14.88,7.64,0.89,32.75,15.83
design_1014,0.7,0.68,1.26,nan,nan,nan,0.53,0.89,12.56,6.67,0.88,33.97,16.78
design_1015,0.81,0.77,1.17,nan,nan,nan,0.53,0.92,14.72,7.6,0.89,32.52,15.84
design_1016,0.71,0.48,1.17,nan,nan,nan,0.51,0.87,15.7,7.82,0.9,22.38,17.07
design_1017,0.72,0.63,1.01,nan,nan,nan,0.5,0.82,15.29,7.58,0.91,19.66,11.52
design_1018,0.75,0.48,1.3,nan,nan,nan,0.54,0.95,15.8,7.82,0.9,24.39,20.01
design_1019,0.84,0.42,1.52,nan,nan,nan,0.59,1.08,14.82,7.49,0.9,31.26,14.79
design_1020,0.71,0.48,0.95,nan,nan,nan,0.49,0.76,15.23,7.6,0.9,31.82,16.58
design_1021,0.78,0.49,1.9,nan,nan,nan,0.65,1.28,15.83,7.89,0.9,26.38,18.12
design_1022,0.75,0.5,1.35,nan,nan,nan,0.55,0.97,15.73,7.82,0.9,25.06,14.5
design_1023,0.73,0.5,1.18,nan,nan,nan,0.52,0.88,15.75,7.81,0.9,17.95,18.05
design_1024,0.51,1.01,1.71,nan,nan,nan,0.63,1.19,15.45,7.61,0.91,14.76,7.14
design_1025,0.66,1.13,2.42,nan,nan,nan,0.78,1.61,15.54,7.74,0.9,8.1,7.24
design_1026,0.53,1.11,2.29,nan,nan,nan,0.75,1.52,15.42,7.71,0.9,12.66,6.32
design_1027,0.32,1.02,1.46,nan,nan,nan,0.58,1.05,15.5,7.61,0.91,26.25,17.39
design_1028,0.53,1.3,2.74,nan,nan,nan,0.84,1.8,15.67,8.03,0.89,12.91,11.62
design_1029,0.59,1.24,2.97,nan,nan,nan,0.9,1.91,15.06,7.8,0.89,12.23,6.43
design_1030,0.48,1.17,2.72,nan,nan,nan,0.84,1.76,15.42,7.85,0.89,12.8,9.11
design_1031,0.51,1.03,1.7,nan,nan,nan,0.63,1.19,15.65,7.72,0.91,19.85,8.97
design_1032,1.01,0.52,2.8,nan,nan,nan,0.75,1.63,15.55,7.98,0.89,12.26,11.62
design_1033,0.89,0.45,3.05,nan,nan,nan,0.77,1.72,15.53,7.97,0.89,15.24,16.59
design_1034,0.78,0.45,2.67,nan,nan,nan,0.7,1.51,15.13,7.83,0.88,21.86,17.64
design_1035,0.82,0.45,2.84,nan,nan,nan,0.74,1.6,15.51,7.95,0.89,11.45,11.84
design_1036,0.94,0.39,2.8,nan,nan,nan,0.73,1.6,15.38,7.96,0.88,26.51,22.84
design_1037,0.97,0.68,2.97,nan,nan,nan,0.77,1.72,15.65,8.04,0.88,14.02,14.84
design_1038,1.02,0.45,2.88,nan,nan,nan,0.75,1.67,15.26,7.89,0.88,17.96,15.73
design_1039,1.05,0.59,2.61,nan,nan,nan,0.73,1.56,15.34,7.9,0.88,23.09,15.6
design_1040,0.42,0.64,0.96,nan,nan,nan,0.49,0.74,15.4,7.69,0.9,30.4,14.67
design_1041,0.43,0.59,0.95,nan,nan,nan,0.48,0.72,15.39,7.63,0.9,13.82,9.24
design_1042,0.47,0.67,0.88,nan,nan,nan,0.48,0.71,15.04,7.51,0.89,26.43,16.31
design_1043,0.42,0.63,0.97,nan,nan,nan,0.49,0.74,15.37,7.63,0.9,13.14,9.28
design_1044,1.28,0.4,0.96,nan,nan,nan,0.55,0.97,15.61,7.78,0.9,15.58,8.07
design_1045,0.43,0.67,0.89,nan,nan,nan,0.49,0.71,15.07,7.49,0.9,25.55,16.11
design_1046,0.47,0.75,0.96,nan,nan,nan,0.49,0.78,14.79,7.41,0.89,25.63,15.05
design_1047,0.63,0.8,4.78,nan,nan,nan,1.4,3.11,13.55,7.31,0.87,26.45,15.02
design_1048,0.54,0.54,3.44,nan,nan,nan,1.2,2.46,16.59,8.39,0.88,28.89,16.4
design_1049,0.6,0.46,3.15,nan,nan,nan,1.11,2.26,16.85,8.55,0.88,25.53,11.5
design_1050,0.67,0.5,3.48,nan,nan,nan,1.22,2.5,15.64,7.72,0.89,25.3,16.21
design_1051,0.59,0.52,3.21,nan,nan,nan,1.14,2.3,16.37,8.3,0.88,12.73,11.62
design_1052,0.68,0.46,3.52,nan,nan,nan,1.22,2.52,14.31,7.47,0.87,30.08,16.24
design_1053,0.7,0.56,3.48,nan,nan,nan,1.22,2.5,16.59,8.19,0.88,31.52,19.91
design_1054,0.66,0.69,1.5,nan,nan,nan,0.64,1.16,15.36,7.94,0.87,18.8,17.63
design_1055,0.62,0.49,3.53,nan,nan,nan,1.23,2.53,16.73,8.43,0.87,28.28,18.67
design_1056,0.69,0.72,4.36,nan,nan,nan,1.35,2.92,17.79,8.95,0.88,31.51,26.93
design_1057,0.85,0.75,4.14,nan,nan,nan,1.29,2.79,16.23,8.47,0.87,29.35,14.03
design_1058,0.9,0.76,5.08,nan,nan,nan,1.55,3.41,16.15,8.29,0.88,23.53,17.12
design_1059,0.61,0.64,4.38,nan,nan,nan,1.34,2.93,17.99,9.07,0.87,25.73,25.52
design_1060,1.06,0.77,5.19,nan,nan,nan,1.59,3.49,13.51,7.36,0.86,28.02,14.83
design_1061,0.83,0.79,4.34,nan,nan,nan,1.35,2.93,16.32,8.4,0.87,22.34,15.06
design_1062,1.14,0.59,4.45,nan,nan,nan,1.38,3.01,16.41,8.46,0.87,29.02,15.06
design_1063,0.89,0.69,5.02,nan,nan,nan,1.54,3.36,15.34,8.04,0.87,28.53,15.37
design_1064,0.49,0.64,1.99,nan,nan,nan,0.65,1.26,15.63,7.68,0.91,12.77,8.92
design_1065,0.5,0.68,1.34,nan,nan,nan,0.52,0.93,15.94,7.83,0.91,9.48,7.38
design_1066,0.61,0.64,1.8,nan,nan,nan,0.63,1.18,15.52,7.65,0.91,27.37,19.33
design_1067,0.98,1.28,2.16,nan,nan,nan,0.77,1.57,15.12,7.44,0.91,34.24,16.87
design_1068,0.57,0.67,1.77,nan,nan,nan,0.62,1.16,15.5,7.66,0.9,34.29,20.32
design_1069,0.41,0.87,2.59,nan,nan,nan,0.77,1.62,15.66,7.82,0.9,29.12,20.57
design_1070,0.78,1.01,1.79,nan,nan,nan,0.64,1.28,14.84,7.49,0.89,16.48,11.19
design_1071,0.52,0.9,1.77,nan,nan,nan,0.61,1.2,15.4,7.8,0.89,39.7,20.98
design_1072,0.88,0.62,1.46,nan,nan,nan,0.6,1.09,15.02,7.68,0.89,26.06,15.97
design_1073,0.48,0.5,1.62,nan,nan,nan,0.59,1.07,15.81,7.94,0.89,27.65,18.86
design_1074,0.64,0.55,2.61,nan,nan,nan,0.81,1.68,15.54,8.06,0.88,26.34,16.46
design_1075,0.49,0.41,1.48,nan,nan,nan,0.57,0.98,16.01,8.01,0.9,31.19,16.05
design_1076,0.86,0.67,1.64,nan,nan,nan,0.64,1.18,16.01,8.16,0.88,13.89,13.49
design_1077,0.76,0.56,1.99,nan,nan,nan,0.69,1.34,15.31,7.72,0.89,28.69,19.88
design_1078,0.77,0.69,1.18,nan,nan,nan,0.56,0.93,14.85,7.56,0.89,28.9,13.91
design_1079,0.8,0.55,1.7,nan,nan,nan,0.64,1.18,16.26,8.17,0.89,31.74,16.13
design_1080,0.36,0.51,1.93,nan,nan,nan,0.66,1.28,15.86,7.97,0.9,19.37,8.66
design_1081,0.37,0.51,2.12,nan,nan,nan,0.7,1.4,16.08,7.98,0.9,13.99,11.41
design_1082,0.37,0.49,1.89,nan,nan,nan,0.65,1.25,15.56,7.81,0.9,22.42,12.54
design_1083,0.37,0.55,1.95,nan,nan,nan,0.66,1.3,16.5,8.19,0.9,22.55,14.11
design_1084,0.27,0.51,2.07,nan,nan,nan,0.69,1.36,16.11,8.14,0.89,26.97,19.01
design_1085,0.39,0.54,1.95,nan,nan,nan,0.67,1.3,15.97,7.98,0.9,16.71,7.8
design_1086,0.35,0.55,1.96,nan,nan,nan,0.67,1.3,16.39,8.15,0.9,19.36,12.08
design_1087,0.41,0.43,1.91,nan,nan,nan,0.66,1.27,16.17,8.11,0.89,25.2,20.68
design_1088,0.77,0.67,1.72,nan,nan,nan,0.68,1.26,16.7,8.64,0.88,15.91,8.27
design_1089,0.74,0.88,4.68,nan,nan,nan,1.44,3.14,15.22,8.02,0.87,28.34,15.1
design_1090,0.71,0.68,5.04,nan,nan,nan,1.54,3.37,16.09,8.33,0.88,31.52,19.83
design_1091,0.46,0.78,0.91,nan,nan,nan,0.5,0.76,15.28,7.77,0.88,9.76,10.52
design_1092,0.74,0.79,2.78,nan,nan,nan,0.92,1.92,15.98,8.34,0.87,8.47,6.87
design_1093,0.75,0.8,5.44,nan,nan,nan,1.65,3.63,14.17,7.58,0.86,27.14,14.99
design_1094,0.51,0.72,1.39,nan,nan,nan,0.58,1.03,16.02,8.21,0.89,22.54,20.29
design_1095,0.53,0.79,3.46,nan,nan,nan,1.09,2.33,15.69,8.12,0.87,25.05,13.84
design_1096,0.74,0.64,5.61,nan,nan,nan,1.82,3.92,16.49,8.81,0.86,29.45,15.22
design_1097,0.83,0.66,3.7,nan,nan,nan,1.27,2.62,17.47,8.91,0.87,39.85,30.24
design_1098,0.75,0.67,4.05,nan,nan,nan,1.36,2.85,16.18,8.42,0.88,16.54,16.69
design_1099,0.81,0.68,3.98,nan,nan,nan,1.34,2.81,16.57,8.74,0.87,33.08,17.37
design_1100,0.78,0.58,8.0,nan,nan,nan,2.57,5.57,16.05,8.48,0.86,38.26,25.79
design_1101,0.8,0.77,3.35,nan,nan,nan,1.16,2.39,16.95,8.94,0.86,25.25,10.74
design_1102,0.88,0.66,3.71,nan,nan,nan,1.27,2.63,19.19,9.62,0.86,44.13,32.88
design_1103,0.85,0.78,4.23,nan,nan,nan,1.42,2.99,17.29,8.95,0.86,33.94,24.68
design_1104,0.78,0.84,2.2,nan,nan,nan,0.71,1.45,15.53,7.98,0.88,43.73,20.18
design_1105,0.81,0.9,1.31,nan,nan,nan,0.56,1.03,15.74,7.95,0.9,40.0,20.39
design_1106,0.69,0.95,2.01,nan,nan,nan,0.67,1.36,15.17,7.75,0.89,16.73,12.68
design_1107,0.73,0.96,1.82,nan,nan,nan,0.64,1.27,15.72,7.98,0.89,19.47,10.55
design_1108,1.05,1.02,1.19,nan,nan,nan,0.62,1.09,14.92,7.58,0.89,17.76,15.36
design_1109,0.81,0.85,1.86,nan,nan,nan,0.65,1.29,15.66,8.02,0.89,40.81,17.65
design_1110,0.73,0.82,1.11,nan,nan,nan,0.52,0.91,15.69,7.93,0.89,21.08,21.25
design_1111,0.85,0.84,1.26,nan,nan,nan,0.55,1.01,15.43,7.74,0.9,35.79,29.31
design_1112,0.64,1.26,1.57,nan,nan,nan,0.63,1.2,14.0,7.25,0.88,13.6,8.56
design_1113,0.53,1.29,1.27,nan,nan,nan,0.58,1.07,14.78,7.44,0.9,17.26,12.07
design_1114,0.77,1.23,5.32,nan,nan,nan,1.33,3.1,15.55,8.09,0.87,16.7,14.33
design_1115,0.71,1.38,1.42,nan,nan,nan,0.62,1.19,14.82,7.46,0.89,9.67,7.62
design_1116,0.48,1.39,1.16,nan,nan,nan,0.57,1.06,15.68,7.88,0.89,23.8,18.6
design_1117,0.53,1.27,1.54,nan,nan,nan,0.62,1.17,15.36,7.69,0.9,30.52,22.15
design_1118,0.51,1.27,1.27,nan,nan,nan,0.58,1.06,14.84,7.42,0.9,8.0,4.41
design_1119,0.58,1.23,1.33,nan,nan,nan,0.59,1.08,14.47,7.32,0.89,15.71,10.24
design_1120,0.49,0.79,4.01,nan,nan,nan,1.29,2.76,16.91,8.77,0.87,12.97,13.89
design_1121,0.54,0.75,3.1,nan,nan,nan,1.02,2.15,15.52,7.86,0.89,18.78,15.47
design_1122,0.72,0.74,2.29,nan,nan,nan,0.81,1.64,15.97,8.32,0.87,32.34,18.38
design_1123,0.62,0.71,2.55,nan,nan,nan,0.87,1.8,18.2,9.3,0.86,46.82,36.2
design_1124,0.72,0.69,1.13,nan,nan,nan,0.54,0.92,16.09,8.23,0.88,16.23,15.76
design_1125,0.81,0.73,2.38,nan,nan,nan,0.85,1.71,15.68,8.25,0.87,14.18,12.08
design_1126,0.76,0.69,3.02,nan,nan,nan,1.01,2.11,13.09,6.97,0.87,31.61,16.27
design_1127,0.44,0.86,2.81,nan,nan,nan,0.95,1.97,16.13,8.27,0.88,16.58,11.73
design_1128,0.73,1.09,0.77,nan,nan,nan,0.51,0.87,14.99,7.57,0.89,11.31,8.56
design_1129,0.69,1.1,0.98,nan,nan,nan,0.53,0.93,15.18,7.68,0.89,23.38,24.14
design_1130,0.73,0.85,0.77,nan,nan,nan,0.5,0.78,16.05,8.03,0.89,44.22,19.9
design_1131,0.73,0.97,0.91,nan,nan,nan,0.51,0.87,15.26,7.73,0.89,15.96,10.93
design_1132,0.65,1.05,0.88,nan,nan,nan,0.51,0.87,15.41,7.77,0.9,23.63,22.01
design_1133,0.62,1.08,0.79,nan,nan,nan,0.5,0.84,15.19,7.69,0.89,41.96,20.1
design_1134,0.69,1.05,0.82,nan,nan,nan,0.5,0.86,14.94,7.58,0.89,23.44,22.51
design_1135,0.6,1.05,0.89,nan,nan,nan,0.51,0.85,14.86,7.53,0.9,22.06,21.2
design_1136,0.39,0.78,2.72,nan,nan,nan,0.89,1.85,16.08,8.09,0.89,29.34,17.43
design_1137,0.59,0.88,2.42,nan,nan,nan,0.82,1.69,16.36,8.4,0.87,30.42,16.15
design_1138,0.6,0.87,2.78,nan,nan,nan,0.92,1.91,16.47,8.37,0.89,24.1,12.92
design_1139,0.49,0.88,2.77,nan,nan,nan,0.91,1.9,16.03,8.03,0.89,23.03,8.92
design_1140,0.46,0.9,2.8,nan,nan,nan,0.93,1.92,15.92,8.14,0.88,26.61,19.11
design_1141,0.55,0.88,3.41,nan,nan,nan,1.09,2.31,16.16,8.3,0.89,24.24,12.85
design_1142,0.56,0.71,2.82,nan,nan,nan,0.92,1.92,17.54,8.68,0.89,20.95,23.04
design_1143,0.39,0.96,3.37,nan,nan,nan,1.08,2.29,15.92,7.92,0.9,32.31,16.38
design_1144,1.07,0.9,1.71,nan,nan,nan,0.66,1.29,15.38,7.7,0.9,22.64,10.99
design_1145,0.56,0.72,1.43,nan,nan,nan,0.56,0.99,15.58,7.72,0.9,30.93,14.77
design_1146,0.63,0.55,1.35,nan,nan,nan,0.52,0.93,15.46,7.7,0.9,14.25,11.95
design_1147,0.53,0.57,1.38,nan,nan,nan,0.54,0.93,15.7,7.75,0.91,26.33,18.76
design_1148,0.5,0.5,1.46,nan,nan,nan,0.55,0.95,15.91,7.82,0.91,25.2,13.91
design_1149,0.52,0.5,1.36,nan,nan,nan,0.53,0.9,15.28,7.57,0.9,11.22,9.74
design_1150,1.24,0.88,1.52,nan,nan,nan,0.66,1.26,14.93,7.44,0.9,29.8,16.64
design_1151,0.59,0.56,1.65,nan,nan,nan,0.58,1.08,15.63,7.79,0.9,12.18,11.69
design_1152,0.64,0.65,0.83,nan,nan,nan,0.51,0.74,14.42,7.13,0.9,23.35,19.4
design_1153,0.55,0.53,0.83,nan,nan,nan,0.48,0.7,15.94,7.75,0.9,11.74,5.98
design_1154,0.77,0.47,0.74,nan,nan,nan,0.48,0.7,15.81,7.87,0.89,17.96,18.18
design_1155,0.62,0.51,0.77,nan,nan,nan,0.48,0.68,15.5,7.56,0.91,22.42,24.32
design_1156,0.65,0.57,0.75,nan,nan,nan,0.48,0.69,14.34,7.1,0.9,13.81,13.75
design_1157,0.85,0.59,0.76,nan,nan,nan,0.5,0.75,15.65,7.63,0.9,10.07,8.3
design_1158,0.61,0.42,0.71,nan,nan,nan,0.46,0.63,16.67,8.23,0.89,27.85,24.71
design_1159,0.63,0.45,0.68,nan,nan,nan,0.46,0.62,16.09,7.87,0.9,20.55,15.97
design_1160,0.69,0.93,1.62,nan,nan,nan,0.63,1.21,16.19,8.11,0.89,31.23,14.5
design_1161,0.3,0.96,1.58,nan,nan,nan,0.61,1.14,15.75,7.92,0.89,19.29,18.0
design_1162,0.51,0.85,2.43,nan,nan,nan,0.8,1.64,16.36,8.31,0.89,33.06,12.76
design_1163,0.73,0.83,1.5,nan,nan,nan,0.62,1.13,16.21,8.2,0.89,24.02,21.59
design_1164,0.45,0.8,2.19,nan,nan,nan,0.73,1.48,14.7,7.55,0.88,32.19,15.13
design_1165,0.59,0.94,2.4,nan,nan,nan,0.8,1.65,14.01,7.33,0.88,31.97,15.35
design_1166,0.55,0.71,1.6,nan,nan,nan,0.61,1.13,16.74,8.46,0.89,32.09,14.44
design_1167,0.52,0.79,1.55,nan,nan,nan,0.6,1.11,16.26,8.14,0.9,34.3,13.68
design_1168,0.75,1.05,1.53,nan,nan,nan,0.57,1.11,14.77,7.58,0.89,3.66,3.63
design_1169,0.63,1.14,1.5,nan,nan,nan,0.58,1.1,14.93,7.64,0.89,9.09,5.3
design_1170,0.75,1.09,1.38,nan,nan,nan,0.57,1.07,14.12,7.24,0.89,7.8,5.6
design_1171,0.76,1.12,1.51,nan,nan,nan,0.6,1.13,13.53,7.05,0.88,7.25,5.25
design_1172,0.97,1.08,1.5,nan,nan,nan,0.6,1.17,14.48,7.41,0.89,13.73,15.78
design_1173,0.84,1.12,1.48,nan,nan,nan,0.59,1.14,13.83,7.16,0.89,8.11,4.07
design_1174,0.74,1.11,1.57,nan,nan,nan,0.61,1.14,14.48,7.34,0.9,31.98,19.68
design_1175,0.83,1.13,1.35,nan,nan,nan,0.57,1.09,14.22,7.34,0.88,26.66,19.46
design_1176,0.77,0.71,0.97,nan,nan,nan,0.52,0.84,15.89,7.93,0.9,29.91,15.79
design_1177,1.22,0.47,1.24,nan,nan,nan,0.58,1.07,15.81,7.99,0.89,24.82,14.67
design_1178,0.85,0.67,1.27,nan,nan,nan,0.58,0.99,15.89,7.97,0.9,28.22,16.63
design_1179,0.74,0.76,1.19,nan,nan,nan,0.56,0.94,16.09,8.05,0.89,30.09,17.59
design_1180,0.9,0.66,1.21,nan,nan,nan,0.56,0.98,15.38,7.92,0.88,28.05,15.29
design_1181,0.6,0.71,1.0,nan,nan,nan,0.5,0.8,14.94,7.57,0.89,29.01,15.52
design_1182,1.14,0.58,1.01,nan,nan,nan,0.54,0.96,14.2,7.29,0.88,31.77,14.32
design_1183,0.76,0.64,1.03,nan,nan,nan,0.5,0.85,15.13,7.73,0.89,17.32,15.64
design_1184,0.93,1.0,1.07,nan,nan,nan,0.59,1.0,15.47,7.6,0.91,13.36,13.55
design_1185,1.08,1.15,1.03,nan,nan,nan,0.61,1.09,15.56,7.62,0.91,28.76,18.67
design_1186,0.84,0.97,0.71,nan,nan,nan,0.5,0.84,14.42,7.33,0.89,19.45,8.97
design_1187,0.83,0.82,0.66,nan,nan,nan,0.49,0.77,15.51,7.79,0.9,10.77,4.34
design_1188,1.06,1.18,1.12,nan,nan,nan,0.62,1.12,14.83,7.32,0.91,24.84,12.13
design_1189,0.36,0.93,1.35,nan,nan,nan,0.53,0.97,16.11,8.05,0.9,26.43,20.33
design_1190,0.9,0.85,1.13,nan,nan,nan,0.58,0.97,15.22,7.63,0.9,29.46,15.87
design_1191,1.03,1.1,1.21,nan,nan,nan,0.62,1.12,14.86,7.33,0.91,11.94,6.86
design_1192,0.75,0.76,1.23,nan,nan,nan,0.55,0.96,15.15,7.61,0.89,22.15,18.49
design_1193,0.65,0.62,1.11,nan,nan,nan,0.51,0.85,14.73,7.41,0.89,20.05,18.2
design_1194,0.81,0.64,1.08,nan,nan,nan,0.54,0.88,15.36,7.7,0.89,33.53,12.98
design_1195,0.74,0.68,1.05,nan,nan,nan,0.52,0.86,15.07,7.54,0.9,30.46,12.78
design_1196,0.45,0.45,0.83,nan,nan,nan,0.45,0.62,14.33,7.25,0.88,26.87,22.2
design_1197,0.99,0.52,0.99,nan,nan,nan,0.52,0.88,15.92,7.91,0.9,29.89,18.73
design_1198,0.62,0.54,1.12,nan,nan,nan,0.51,0.83,15.45,7.73,0.9,34.09,16.28
design_1199,0.7,0.67,1.17,nan,nan,nan,0.54,0.9,15.43,7.69,0.9,31.89,13.05
design_1200,0.48,0.81,1.14,nan,nan,nan,0.54,0.9,15.94,7.86,0.9,19.04,15.94
design_1201,0.49,0.9,1.09,nan,nan,nan,0.53,0.89,16.06,8.1,0.89,22.18,14.79
design_1202,0.38,0.87,1.16,nan,nan,nan,0.56,0.91,15.98,7.91,0.9,9.79,7.5
design_1203,0.43,0.92,1.14,nan,nan,nan,0.55,0.92,15.95,7.93,0.9,11.67,8.86
design_1204,0.48,0.97,0.95,nan,nan,nan,0.51,0.84,15.29,7.65,0.9,11.63,9.67
design_1205,0.48,0.99,1.21,nan,nan,nan,0.56,0.98,15.44,7.84,0.89,17.83,14.01
design_1206,0.5,0.8,1.18,nan,nan,nan,0.55,0.92,15.41,7.7,0.9,23.73,15.54
design_1207,0.49,0.85,2.43,nan,nan,nan,0.82,1.68,16.87,8.62,0.88,22.89,17.15
design_1208,0.82,0.49,2.29,nan,nan,nan,0.86,1.66,17.11,8.75,0.88,39.24,32.54
design_1209,0.62,0.58,1.67,nan,nan,nan,0.69,1.24,16.71,8.42,0.89,24.19,22.34
design_1210,0.72,0.52,0.95,nan,nan,nan,0.52,0.8,17.85,9.02,0.88,20.07,19.4
design_1211,0.6,0.45,0.89,nan,nan,nan,0.49,0.73,16.36,8.13,0.89,29.52,20.28
design_1212,0.93,0.35,2.66,nan,nan,nan,0.98,1.92,16.7,8.33,0.89,26.92,16.78
design_1213,0.8,0.46,1.42,nan,nan,nan,0.61,1.1,19.05,9.41,0.88,47.27,40.61
design_1214,0.84,0.53,1.48,nan,nan,nan,0.64,1.15,17.44,8.81,0.88,42.0,29.72
design_1215,0.63,0.61,0.8,nan,nan,nan,0.48,0.71,16.96,8.39,0.89,25.62,22.64
design_1216,0.6,1.26,1.1,nan,nan,nan,0.55,1.0,15.52,7.81,0.9,28.1,22.33
design_1217,0.39,1.14,2.19,nan,nan,nan,0.66,1.35,14.97,7.7,0.89,19.45,17.28
design_1218,0.41,1.18,1.15,nan,nan,nan,0.52,0.95,15.66,7.91,0.89,20.92,10.4
design_1219,0.39,1.29,1.1,nan,nan,nan,0.53,0.97,15.31,7.79,0.89,27.84,23.62
design_1220,0.42,1.27,1.18,nan,nan,nan,0.53,1.0,15.46,7.82,0.9,7.34,9.34
design_1221,0.57,1.26,1.72,nan,nan,nan,0.62,1.22,15.22,7.77,0.89,19.74,24.27
design_1222,0.42,1.29,1.14,nan,nan,nan,0.54,0.99,15.24,7.72,0.9,6.63,6.44
design_1223,0.44,1.26,1.13,nan,nan,nan,0.53,0.98,15.27,7.77,0.89,9.11,5.52
design_1224,0.7,0.65,2.56,nan,nan,nan,0.83,1.72,15.62,7.93,0.89,27.21,15.49
design_1225,0.63,0.6,0.85,nan,nan,nan,0.48,0.72,15.9,7.85,0.9,21.02,12.94
design_1226,0.71,0.49,0.88,nan,nan,nan,0.49,0.73,15.32,7.62,0.9,14.19,8.84
design_1227,0.66,0.54,0.8,nan,nan,nan,0.49,0.69,15.55,7.78,0.9,10.62,6.01
design_1228,0.61,0.46,0.7,nan,nan,nan,0.45,0.61,14.72,7.33,0.9,16.18,14.16
design_1229,0.64,0.52,0.86,nan,nan,nan,0.49,0.71,16.33,8.1,0.9,23.89,13.08
design_1230,0.69,0.49,1.07,nan,nan,nan,0.53,0.83,16.31,8.07,0.9,27.63,15.54
design_1231,0.64,0.49,0.81,nan,nan,nan,0.48,0.68,15.32,7.63,0.9,26.64,16.98
design_1232,0.56,0.67,0.42,nan,nan,nan,0.44,0.53,15.84,7.73,0.91,18.8,20.38
design_1233,0.6,0.68,0.41,nan,nan,nan,0.43,0.54,16.51,8.05,0.9,23.05,19.02
design_1234,0.49,0.63,0.43,nan,nan,nan,0.42,0.5,16.53,7.99,0.91,35.12,15.96
design_1235,0.6,0.64,0.46,nan,nan,nan,0.44,0.54,17.04,8.29,0.9,37.56,29.62
design_1236,0.59,0.66,0.44,nan,nan,nan,0.44,0.54,16.32,7.95,0.9,22.39,19.84
design_1237,0.79,0.69,0.45,nan,nan,nan,0.47,0.61,16.41,8.03,0.9,23.94,22.88
design_1238,0.7,0.69,0.44,nan,nan,nan,0.46,0.58,15.67,7.71,0.9,25.02,23.79
design_1239,0.56,0.63,0.43,nan,nan,nan,0.43,0.52,16.27,7.93,0.91,26.84,22.68
design_1240,0.47,0.84,1.47,nan,nan,nan,0.58,1.02,15.26,7.53,0.91,13.54,11.31
design_1241,0.9,1.26,1.69,nan,nan,nan,0.67,1.33,14.99,7.56,0.89,20.32,19.76
design_1242,0.46,1.01,1.63,nan,nan,nan,0.62,1.15,15.77,7.74,0.91,28.67,17.08
design_1243,0.66,1.19,1.69,nan,nan,nan,0.64,1.26,15.11,7.63,0.89,33.34,25.44
design_1244,0.47,1.0,1.46,nan,nan,nan,0.57,1.06,16.02,7.96,0.9,15.44,16.23
design_1245,0.41,0.93,1.34,nan,nan,nan,0.56,0.97,16.34,8.0,0.91,11.89,11.41
design_1246,0.34,1.03,1.24,nan,nan,nan,0.55,0.95,15.47,7.72,0.9,34.1,25.44
design_1247,0.83,1.33,1.72,nan,nan,nan,0.67,1.34,15.55,7.81,0.9,14.5,7.05
design_1248,0.43,0.75,0.89,nan,nan,nan,0.5,0.74,15.89,7.95,0.9,21.42,14.86
design_1249,0.43,0.73,1.66,nan,nan,nan,0.65,1.18,16.09,7.9,0.91,23.2,11.4
design_1250,0.43,0.66,1.22,nan,nan,nan,0.56,0.9,16.2,7.97,0.9,26.21,13.82
design_1251,0.4,0.76,1.53,nan,nan,nan,0.63,1.1,15.52,7.69,0.9,19.12,18.33
design_1252,0.49,0.74,0.85,nan,nan,nan,0.51,0.73,15.35,7.69,0.89,25.62,16.4
design_1253,0.27,0.68,2.37,nan,nan,nan,0.8,1.61,15.52,7.8,0.89,31.08,11.67
design_1254,0.43,0.66,0.9,nan,nan,nan,0.51,0.72,15.8,7.84,0.9,16.1,13.29
design_1255,0.46,0.7,0.8,nan,nan,nan,0.49,0.69,15.81,7.92,0.9,15.04,12.1
design_1256,0.57,0.83,1.28,nan,nan,nan,0.53,0.92,14.82,7.45,0.9,21.27,21.68
design_1257,0.51,0.82,1.89,nan,nan,nan,0.61,1.2,15.6,7.91,0.89,10.5,6.52
design_1258,0.45,0.8,1.19,nan,nan,nan,0.49,0.85,14.4,7.23,0.9,19.89,13.48
design_1259,0.51,0.9,1.44,nan,nan,nan,0.54,1.0,15.38,7.92,0.89,17.17,9.08
design_1260,0.42,0.75,1.22,nan,nan,nan,0.49,0.84,14.79,7.54,0.89,8.43,6.87
design_1261,0.42,0.95,2.9,nan,nan,nan,0.8,1.73,16.04,8.18,0.89,23.01,12.01
design_1262,0.54,0.81,1.1,nan,nan,nan,0.48,0.83,14.13,7.13,0.9,20.48,13.96
design_1263,0.4,0.78,1.27,nan,nan,nan,0.5,0.87,15.63,7.74,0.9,25.7,17.16
design_1264,0.48,0.7,1.16,nan,nan,nan,0.5,0.79,14.34,7.29,0.9,8.71,8.76
design_1265,0.53,0.72,1.52,nan,nan,nan,0.55,0.96,14.28,7.39,0.89,12.78,14.79
design_1266,0.54,0.87,1.12,nan,nan,nan,0.5,0.85,14.08,7.3,0.89,21.48,23.02
design_1267,0.65,0.78,1.12,nan,nan,nan,0.5,0.84,14.86,7.56,0.89,18.69,16.65
design_1268,0.47,0.71,1.17,nan,nan,nan,0.51,0.79,15.76,7.98,0.89,13.19,11.42
design_1269,0.63,0.73,1.04,nan,nan,nan,0.49,0.8,15.25,7.63,0.9,23.23,28.77
design_1270,0.51,0.85,1.08,nan,nan,nan,0.49,0.81,13.41,7.01,0.88,22.49,24.68
design_1271,0.64,0.69,1.18,nan,nan,nan,0.5,0.84,14.85,7.51,0.9,13.25,15.1
design_1272,0.67,0.6,4.6,nan,nan,nan,1.46,3.15,17.26,9.06,0.85,28.35,15.6
design_1273,0.6,0.61,2.8,nan,nan,nan,0.94,1.95,16.37,8.59,0.86,30.27,16.19
design_1274,0.72,0.73,4.27,nan,nan,nan,1.37,2.94,16.23,8.02,0.9,26.9,14.22
design_1275,0.79,0.67,2.23,nan,nan,nan,0.81,1.6,16.08,7.9,0.9,19.56,15.96
design_1276,0.84,0.65,2.69,nan,nan,nan,0.93,1.91,16.25,8.34,0.88,15.48,15.53
design_1277,0.6,0.73,4.83,nan,nan,nan,1.53,3.31,16.52,8.4,0.88,27.16,17.14
design_1278,0.79,0.68,4.98,nan,nan,nan,1.57,3.41,16.91,8.74,0.88,18.76,14.03
design_1279,0.6,0.59,2.93,nan,nan,nan,0.98,2.03,16.99,8.83,0.87,30.92,15.27
design_1280,0.44,0.72,1.64,nan,nan,nan,0.57,1.0,14.8,7.62,0.89,33.71,18.12
design_1281,0.36,0.85,0.76,nan,nan,nan,0.46,0.67,14.51,7.44,0.89,31.0,16.21
design_1282,0.38,0.94,0.58,nan,nan,nan,0.45,0.66,14.11,7.29,0.89,29.72,17.3
design_1283,0.4,0.86,0.82,nan,nan,nan,0.47,0.7,14.34,7.4,0.89,33.52,16.94
design_1284,0.49,0.75,0.74,nan,nan,nan,0.46,0.66,14.92,7.64,0.89,28.84,12.39
design_1285,0.4,0.8,0.74,nan,nan,nan,0.45,0.65,14.64,7.47,0.89,20.33,13.94
design_1286,0.33,0.84,0.87,nan,nan,nan,0.45,0.7,11.83,6.35,0.87,30.51,17.32
design_1287,0.45,0.93,0.67,nan,nan,nan,0.46,0.7,14.34,7.4,0.89,30.56,16.52
design_1288,0.63,0.97,1.8,nan,nan,nan,0.73,1.39,15.56,7.93,0.87,27.62,19.86
design_1289,0.46,0.53,0.83,nan,nan,nan,0.48,0.68,16.07,7.91,0.9,19.38,17.7
design_1290,0.54,0.62,0.96,nan,nan,nan,0.51,0.79,14.79,7.41,0.89,36.29,19.69
design_1291,0.48,0.53,1.18,nan,nan,nan,0.57,0.91,14.73,7.33,0.9,37.44,19.17
design_1292,0.51,0.48,1.12,nan,nan,nan,0.55,0.86,14.76,7.41,0.89,39.09,22.12
design_1293,0.51,0.68,1.07,nan,nan,nan,0.53,0.87,13.83,7.04,0.89,37.29,20.5
design_1294,0.57,0.5,0.94,nan,nan,nan,0.53,0.77,16.61,8.18,0.9,38.13,20.54
design_1295,0.41,0.63,0.89,nan,nan,nan,0.48,0.73,15.29,7.62,0.89,36.16,18.65
design_1296,0.47,0.86,3.28,nan,nan,nan,1.12,2.32,16.63,8.7,0.86,22.12,13.12
design_1297,0.61,0.74,1.5,nan,nan,nan,0.61,1.14,18.76,9.45,0.87,27.07,21.45
design_1298,0.63,0.8,1.66,nan,nan,nan,0.68,1.26,16.18,8.62,0.85,18.52,15.05
design_1299,0.72,0.86,3.76,nan,nan,nan,1.28,2.67,16.22,8.44,0.86,24.96,16.91
design_1300,0.57,0.76,3.2,nan,nan,nan,1.09,2.27,16.83,8.68,0.87,26.93,18.41
design_1301,0.68,0.81,3.46,nan,nan,nan,1.17,2.46,16.55,8.78,0.86,26.48,15.59
design_1302,0.61,0.75,3.41,nan,nan,nan,1.16,2.41,16.72,8.67,0.87,24.93,19.19
design_1303,0.71,0.75,3.61,nan,nan,nan,1.22,2.55,16.82,8.51,0.89,22.72,23.05
design_1304,0.7,0.38,2.83,nan,nan,nan,1.0,2.01,15.24,7.84,0.88,26.48,18.84
design_1305,0.63,0.58,2.66,nan,nan,nan,0.94,1.9,16.34,8.48,0.87,29.59,16.07
design_1306,0.72,0.57,1.23,nan,nan,nan,0.55,0.97,18.3,9.23,0.87,45.84,37.26
design_1307,0.81,0.71,1.48,nan,nan,nan,0.65,1.16,15.48,8.25,0.86,20.32,14.79
design_1308,0.7,0.5,2.5,nan,nan,nan,0.9,1.79,15.79,8.3,0.86,23.41,19.25
design_1309,0.7,0.45,1.42,nan,nan,nan,0.6,1.08,17.41,8.84,0.87,28.99,15.47
design_1310,0.79,0.49,2.92,nan,nan,nan,1.03,2.08,16.22,8.24,0.88,34.82,22.29
design_1311,0.71,0.67,1.58,nan,nan,nan,0.66,1.2,16.52,8.68,0.86,16.83,14.27
design_1312,0.56,0.92,1.52,nan,nan,nan,0.58,1.08,14.78,7.33,0.91,15.44,6.33
design_1313,0.63,0.99,2.07,nan,nan,nan,0.68,1.39,15.09,7.57,0.9,9.06,5.05
design_1314,0.45,1.11,1.84,nan,nan,nan,0.64,1.27,15.13,7.64,0.89,18.53,19.66
design_1315,0.55,0.99,1.48,nan,nan,nan,0.59,1.08,14.95,7.46,0.9,5.54,4.75
design_1316,0.98,1.38,1.92,nan,nan,nan,0.73,1.48,14.6,7.32,0.9,17.02,12.23
design_1317,0.64,1.06,1.93,nan,nan,nan,0.66,1.34,14.97,7.56,0.89,32.94,17.26
design_1318,0.46,1.05,2.17,nan,nan,nan,0.7,1.44,14.64,7.33,0.9,12.59,11.89
design_1319,0.95,1.19,1.97,nan,nan,nan,0.72,1.45,14.64,7.29,0.91,27.31,18.79
design_1320,0.83,1.0,1.41,nan,nan,nan,0.6,1.09,14.9,7.5,0.89,28.35,17.82
design_1321,0.73,0.95,1.97,nan,nan,nan,0.67,1.31,14.98,7.56,0.89,13.14,7.02
design_1322,1.33,0.9,1.62,nan,nan,nan,0.68,1.32,14.97,7.78,0.88,33.62,18.2
design_1323,0.71,0.9,2.54,nan,nan,nan,0.78,1.58,15.46,7.86,0.89,29.76,16.66
design_1324,1.05,0.89,1.1,nan,nan,nan,0.57,1.02,14.21,7.24,0.89,16.21,11.53
design_1325,1.05,0.93,1.21,nan,nan,nan,0.61,1.07,14.8,7.54,0.89,35.24,16.14
design_1326,1.49,1.08,1.73,nan,nan,nan,0.76,1.46,15.28,7.65,0.89,16.42,8.47
design_1327,1.13,0.99,1.59,nan,nan,nan,0.68,1.26,14.69,7.3,0.9,14.57,12.37
design_1328,0.51,0.81,2.94,nan,nan,nan,0.99,2.05,16.91,8.66,0.87,24.2,17.68
design_1329,0.42,0.8,2.43,nan,nan,nan,0.84,1.71,16.84,8.6,0.87,20.53,13.0
design_1330,0.44,0.86,2.36,nan,nan,nan,0.83,1.67,16.14,8.4,0.87,25.14,14.24
design_1331,0.34,1.02,2.74,nan,nan,nan,0.95,1.93,16.59,8.42,0.88,16.62,15.71
design_1332,0.37,0.89,2.67,nan,nan,nan,0.92,1.87,16.8,8.63,0.87,21.96,19.36
design_1333,0.51,1.02,3.31,nan,nan,nan,1.1,2.32,16.57,8.68,0.87,11.89,7.33
design_1334,0.35,0.95,2.75,nan,nan,nan,0.95,1.93,16.09,8.24,0.88,18.15,13.27
design_1335,0.45,0.88,2.44,nan,nan,nan,0.85,1.73,16.89,8.65,0.87,26.04,15.85
design_1336,0.58,0.38,2.35,nan,nan,nan,0.7,1.44,15.17,7.83,0.88,28.08,15.02
design_1337,0.59,0.4,2.76,nan,nan,nan,0.79,1.68,13.61,7.05,0.88,27.72,18.49
design_1338,0.55,0.37,2.52,nan,nan,nan,0.74,1.54,14.9,7.53,0.89,15.2,10.66
design_1339,0.56,0.5,2.88,nan,nan,nan,0.81,1.76,13.53,6.96,0.88,29.96,17.1
design_1340,0.66,0.41,2.64,nan,nan,nan,0.77,1.62,12.91,6.92,0.87,28.34,17.42
design_1341,0.78,0.39,2.54,nan,nan,nan,0.75,1.58,14.12,7.26,0.88,28.78,16.74
design_1342,0.83,0.42,2.43,nan,nan,nan,0.74,1.54,14.2,7.46,0.87,29.53,16.39
design_1343,0.83,0.32,2.52,nan,nan,nan,0.75,1.58,14.33,7.35,0.88,28.53,15.63
design_1344,0.56,0.34,2.09,nan,nan,nan,0.78,1.49,17.33,8.83,0.87,33.21,16.57
design_1345,0.6,0.45,3.11,nan,nan,nan,1.06,2.19,17.74,8.97,0.87,35.98,18.75
design_1346,0.64,0.38,1.58,nan,nan,nan,0.64,1.16,19.42,9.65,0.87,45.26,29.71
design_1347,0.71,0.49,4.24,nan,nan,nan,1.4,2.97,16.82,8.9,0.86,20.64,16.59
design_1348,0.65,0.34,4.51,nan,nan,nan,1.48,3.15,17.94,9.06,0.86,46.7,29.98
design_1349,0.74,0.39,3.75,nan,nan,nan,1.26,2.64,17.14,8.91,0.87,31.56,13.87
design_1350,0.53,0.48,4.37,nan,nan,nan,1.44,3.05,16.74,8.66,0.87,22.86,12.54
design_1351,0.49,0.65,2.76,nan,nan,nan,0.96,1.96,16.43,8.5,0.87,19.08,14.51
design_1352,0.59,0.79,4.25,nan,nan,nan,1.06,2.46,15.73,8.16,0.88,33.6,16.34
design_1353,0.81,0.82,4.59,nan,nan,nan,1.15,2.67,15.23,7.89,0.88,35.22,15.88
design_1354,0.52,0.66,2.41,nan,nan,nan,0.69,1.44,15.7,8.11,0.88,31.5,15.56
design_1355,0.62,0.82,4.32,nan,nan,nan,1.09,2.5,15.07,7.86,0.88,28.67,17.81
design_1356,0.53,0.7,2.38,nan,nan,nan,0.69,1.43,13.11,7.0,0.87,33.14,17.16
design_1357,0.7,0.73,2.71,nan,nan,nan,0.75,1.63,14.82,7.75,0.88,31.93,19.3
design_1358,0.56,0.69,2.54,nan,nan,nan,0.71,1.52,12.84,6.91,0.87,33.37,16.99
design_1359,0.65,0.71,4.38,nan,nan,nan,1.1,2.52,14.43,7.59,0.87,37.75,16.59
design_1360,0.55,0.93,1.75,nan,nan,nan,0.6,1.2,15.3,7.73,0.89,14.24,13.29
design_1361,0.56,1.03,1.78,nan,nan,nan,0.62,1.24,15.86,8.01,0.89,4.53,4.76
design_1362,0.55,1.09,1.88,nan,nan,nan,0.64,1.3,15.69,7.91,0.89,14.44,7.59
design_1363,0.74,0.98,1.59,nan,nan,nan,0.59,1.17,15.94,8.03,0.89,36.49,24.31
design_1364,0.47,1.05,1.83,nan,nan,nan,0.63,1.26,15.81,7.98,0.89,19.36,12.61
design_1365,0.63,0.93,1.89,nan,nan,nan,0.64,1.28,15.48,7.89,0.89,8.72,10.36
design_1366,0.35,0.86,1.54,nan,nan,nan,0.55,1.05,15.22,7.65,0.89,21.64,19.55
design_1367,0.51,1.0,1.84,nan,nan,nan,0.63,1.26,15.49,7.83,0.89,33.7,21.62
design_1368,0.4,1.07,0.65,nan,nan,nan,0.49,0.73,15.25,7.62,0.9,17.21,11.65
design_1369,0.51,1.15,1.7,nan,nan,nan,0.68,1.3,15.71,7.84,0.89,16.26,11.28
design_1370,0.59,1.18,1.99,nan,nan,nan,0.75,1.48,15.88,8.01,0.89,16.5,13.26
design_1371,0.46,1.13,1.81,nan,nan,nan,0.69,1.35,15.45,7.79,0.89,29.56,14.93
design_1372,0.58,1.08,1.78,nan,nan,nan,0.69,1.34,15.46,7.75,0.89,26.49,18.17
design_1373,0.44,1.13,1.59,nan,nan,nan,0.65,1.22,15.78,7.87,0.89,19.25,15.92
design_1374,0.48,1.1,1.04,nan,nan,nan,0.54,0.93,15.97,7.92,0.9,30.02,13.66
design_1375,0.54,1.02,1.53,nan,nan,nan,0.63,1.17,15.23,7.79,0.88,27.2,14.66
design_1376,0.57,0.41,0.91,nan,nan,nan,0.5,0.74,16.31,7.91,0.91,22.81,24.41
design_1377,0.75,0.49,0.85,nan,nan,nan,0.52,0.76,14.99,7.46,0.89,15.07,17.99
design_1378,0.68,0.45,0.83,nan,nan,nan,0.49,0.72,16.43,8.07,0.9,23.94,17.45
design_1379,0.54,0.39,0.91,nan,nan,nan,0.49,0.72,16.0,7.83,0.9,22.6,25.62
design_1380,0.63,0.54,0.83,nan,nan,nan,0.48,0.72,15.73,7.72,0.9,23.16,27.16
design_1381,0.84,0.51,0.92,nan,nan,nan,0.53,0.82,15.46,7.69,0.89,16.2,13.16
design_1382,0.41,0.55,0.9,nan,nan,nan,0.49,0.72,15.38,7.62,0.89,20.88,21.71
design_1383,0.63,0.46,0.71,nan,nan,nan,0.46,0.64,15.71,7.73,0.89,24.29,22.4
design_1384,0.81,0.81,0.56,nan,nan,nan,0.48,0.7,15.88,7.8,0.9,32.84,23.51
design_1385,0.85,0.87,0.53,nan,nan,nan,0.51,0.71,15.31,7.52,0.9,29.13,32.87
design_1386,0.65,0.81,0.49,nan,nan,nan,0.46,0.62,15.81,7.78,0.9,27.67,32.37
design_1387,0.74,0.83,0.5,nan,nan,nan,0.47,0.66,16.49,8.02,0.9,31.6,24.91
design_1388,0.83,0.82,0.57,nan,nan,nan,0.49,0.71,16.42,7.93,0.91,33.15,31.69
design_1389,0.66,0.81,0.55,nan,nan,nan,0.47,0.65,15.18,7.47,0.9,32.5,17.9
design_1390,0.73,0.78,0.55,nan,nan,nan,0.48,0.66,16.34,8.02,0.9,26.6,32.15
design_1391,0.76,0.74,0.51,nan,nan,nan,0.46,0.64,16.84,8.22,0.9,25.6,21.71
design_1392,0.83,0.5,2.21,nan,nan,nan,0.84,1.61,17.06,8.88,0.87,21.8,20.31
design_1393,0.68,0.47,1.85,nan,nan,nan,0.73,1.35,17.34,8.92,0.87,35.34,17.19
design_1394,0.66,0.43,4.08,nan,nan,nan,1.36,2.86,15.49,7.79,0.89,36.39,23.43
design_1395,0.6,0.38,4.11,nan,nan,nan,1.36,2.87,16.88,8.34,0.89,29.01,15.78
design_1396,0.76,0.47,2.44,nan,nan,nan,0.89,1.75,17.75,8.84,0.89,38.71,34.15
design_1397,0.75,0.55,2.86,nan,nan,nan,1.0,2.04,16.75,8.81,0.86,28.78,15.1
design_1398,0.66,0.42,4.15,nan,nan,nan,1.38,2.9,16.04,8.02,0.89,19.4,21.48
design_1399,0.7,0.44,2.82,nan,nan,nan,0.99,2.0,14.85,7.72,0.87,32.1,16.48
design_1400,0.73,0.6,1.37,nan,nan,nan,0.54,0.95,15.68,7.84,0.91,8.5,7.02
design_1401,0.68,0.68,1.23,nan,nan,nan,0.52,0.89,15.73,7.88,0.9,12.35,6.31
design_1402,0.73,0.75,1.42,nan,nan,nan,0.55,1.0,15.54,7.91,0.89,13.92,14.45
design_1403,0.51,0.73,1.55,nan,nan,nan,0.56,1.01,15.45,7.81,0.9,20.77,21.3
design_1404,0.61,0.69,1.22,nan,nan,nan,0.51,0.87,15.56,7.82,0.9,27.55,21.63
design_1405,0.54,0.59,1.41,nan,nan,nan,0.53,0.92,16.02,8.02,0.9,24.8,16.94
design_1406,0.51,0.75,0.92,nan,nan,nan,0.47,0.74,9.03,4.96,0.88,27.86,21.03
design_1407,0.62,0.72,1.73,nan,nan,nan,0.59,1.12,15.46,7.91,0.89,18.46,21.9
design_1408,0.69,0.7,2.09,nan,nan,nan,0.71,1.4,16.02,7.95,0.9,37.93,15.65
design_1409,0.51,0.62,1.34,nan,nan,nan,0.56,0.94,16.75,8.34,0.89,11.78,8.24
design_1410,0.73,0.69,1.98,nan,nan,nan,0.71,1.34,16.14,8.02,0.9,35.52,17.02
design_1411,0.68,0.67,1.86,nan,nan,nan,0.66,1.26,16.28,8.09,0.9,24.71,17.7
design_1412,0.59,0.66,1.68,nan,nan,nan,0.62,1.15,16.09,8.02,0.9,31.44,17.84
design_1413,0.61,0.58,1.58,nan,nan,nan,0.62,1.08,15.82,7.9,0.9,28.84,20.09
design_1414,0.85,0.76,1.82,nan,nan,nan,0.69,1.29,16.18,8.07,0.9,36.5,14.64
design_1415,0.76,0.68,1.53,nan,nan,nan,0.62,1.1,16.29,8.07,0.9,9.82,9.35
design_1416,0.76,0.84,2.92,nan,nan,nan,0.97,2.02,16.04,8.4,0.86,24.73,17.11
design_1417,0.87,0.78,3.08,nan,nan,nan,1.02,2.13,15.61,8.01,0.88,23.97,11.75
design_1418,0.67,0.75,1.92,nan,nan,nan,0.73,1.38,15.1,7.89,0.86,7.0,6.57
design_1419,0.8,0.75,3.38,nan,nan,nan,1.09,2.3,15.76,8.22,0.87,18.09,9.64
design_1420,0.73,0.85,3.12,nan,nan,nan,1.02,2.14,15.72,8.2,0.87,26.11,18.44
design_1421,0.77,0.71,2.95,nan,nan,nan,0.98,2.02,16.3,8.49,0.86,28.74,13.65
design_1422,0.68,0.83,6.45,nan,nan,nan,1.93,4.29,17.08,8.68,0.88,7.27,5.32
design_1423,0.96,0.87,3.49,nan,nan,nan,1.14,2.4,15.64,7.92,0.89,28.06,17.32
design_1424,0.48,0.54,1.66,nan,nan,nan,0.59,1.07,15.22,7.83,0.89,32.77,15.69
design_1425,0.49,0.57,1.71,nan,nan,nan,0.61,1.1,15.2,7.66,0.89,31.17,15.69
design_1426,0.47,0.55,1.58,nan,nan,nan,0.58,1.02,15.27,7.65,0.9,39.58,18.98
design_1427,0.64,0.68,1.54,nan,nan,nan,0.59,1.05,15.39,7.71,0.9,29.62,15.41
design_1428,0.46,0.49,1.48,nan,nan,nan,0.58,0.96,15.35,7.69,0.9,39.18,25.2
design_1429,0.54,0.33,1.46,nan,nan,nan,0.56,0.94,15.71,8.02,0.89,41.93,23.5
design_1430,0.43,0.52,1.58,nan,nan,nan,0.58,1.01,15.49,7.74,0.9,36.93,22.22
design_1431,0.52,0.51,1.59,nan,nan,nan,0.59,1.03,15.75,7.85,0.91,35.64,15.97
design_1432,0.61,1.03,1.82,nan,nan,nan,0.64,1.23,14.79,7.7,0.88,22.41,23.66
design_1433,0.46,1.15,2.22,nan,nan,nan,0.71,1.43,13.62,7.06,0.89,19.47,10.25
design_1434,0.57,1.18,4.03,nan,nan,nan,1.05,2.38,14.49,7.63,0.87,21.54,10.09
design_1435,0.69,1.19,2.13,nan,nan,nan,0.7,1.43,14.12,7.52,0.87,15.71,9.1
design_1436,0.49,1.08,2.37,nan,nan,nan,0.72,1.49,13.65,7.11,0.89,19.08,13.81
design_1437,0.58,1.15,3.82,nan,nan,nan,1.0,2.27,13.69,7.32,0.88,19.7,8.73
design_1438,0.62,1.03,0.92,nan,nan,nan,0.53,0.86,14.98,7.76,0.89,16.52,19.95
design_1439,0.65,1.17,3.67,nan,nan,nan,0.98,2.2,13.26,7.13,0.87,11.11,8.44
design_1440,0.51,0.91,1.19,nan,nan,nan,0.55,0.94,15.46,7.79,0.89,26.84,17.36
design_1441,0.71,0.98,1.23,nan,nan,nan,0.57,1.02,15.8,7.97,0.89,22.29,20.75
design_1442,0.48,1.03,1.33,nan,nan,nan,0.57,1.04,15.57,7.87,0.89,26.51,12.47
design_1443,0.45,0.87,1.15,nan,nan,nan,0.54,0.9,15.36,7.71,0.89,22.14,23.32
design_1444,0.42,1.0,1.62,nan,nan,nan,0.63,1.18,16.06,8.09,0.89,26.38,20.57
design_1445,0.55,1.01,1.26,nan,nan,nan,0.57,1.01,15.37,7.8,0.89,24.54,20.16
design_1446,0.5,0.82,1.2,nan,nan,nan,0.53,0.93,15.77,7.95,0.89,29.97,15.43
design_1447,0.46,0.97,1.54,nan,nan,nan,0.61,1.14,15.06,7.69,0.88,25.61,18.63
design_1448,0.94,0.53,1.43,nan,nan,nan,0.59,1.07,15.71,7.9,0.89,13.4,8.68
design_1449,0.76,0.46,1.31,nan,nan,nan,0.55,0.95,15.43,7.8,0.89,10.77,7.12
design_1450,0.85,0.47,1.68,nan,nan,nan,0.62,1.17,16.21,8.09,0.9,33.48,15.17
design_1451,0.78,0.52,1.81,nan,nan,nan,0.64,1.23,15.84,7.97,0.9,18.41,12.46
design_1452,0.84,0.52,1.08,nan,nan,nan,0.52,0.87,15.76,7.88,0.9,28.8,17.56
design_1453,0.82,0.59,1.2,nan,nan,nan,0.53,0.93,15.52,7.79,0.9,31.21,14.75
design_1454,0.83,0.55,1.56,nan,nan,nan,0.6,1.12,15.33,7.62,0.9,25.49,9.91
design_1455,0.92,0.53,2.2,nan,nan,nan,0.74,1.49,15.78,7.88,0.9,26.74,14.7
design_1456,1.01,0.61,4.95,nan,nan,nan,1.64,3.49,15.37,8.18,0.86,36.19,18.81
design_1457,0.46,0.73,3.98,nan,nan,nan,1.34,2.79,15.47,7.98,0.88,29.78,25.28
design_1458,0.65,0.71,2.76,nan,nan,nan,0.99,1.97,16.34,8.34,0.88,20.89,20.42
design_1459,0.57,0.48,4.26,nan,nan,nan,1.4,2.97,17.49,8.66,0.88,25.31,29.33
design_1460,0.79,0.61,4.41,nan,nan,nan,1.47,3.1,16.24,8.36,0.87,30.26,12.63
design_1461,0.58,0.47,4.17,nan,nan,nan,1.38,2.91,18.79,9.23,0.88,44.55,39.96
design_1462,0.66,0.63,4.16,nan,nan,nan,1.39,2.92,16.09,8.2,0.88,35.29,15.95
design_1463,0.54,0.46,4.16,nan,nan,nan,1.38,2.91,18.96,9.31,0.88,45.64,37.67
design_1464,0.51,0.4,2.43,nan,nan,nan,0.85,1.68,15.87,8.27,0.87,32.26,19.37
design_1465,0.56,0.42,3.61,nan,nan,nan,1.17,2.47,16.08,8.33,0.87,15.94,9.95
design_1466,0.72,0.38,2.03,nan,nan,nan,0.75,1.44,16.68,8.66,0.86,21.13,14.43
design_1467,0.86,0.41,2.47,nan,nan,nan,0.88,1.75,16.11,8.38,0.87,18.17,16.06
design_1468,0.75,0.43,2.92,nan,nan,nan,0.99,2.03,16.71,8.58,0.87,22.34,20.51
design_1469,0.99,0.48,3.25,nan,nan,nan,1.1,2.28,16.15,8.23,0.88,17.44,11.23
design_1470,0.55,0.46,2.43,nan,nan,nan,0.85,1.69,16.17,8.44,0.87,19.96,11.38
design_1471,0.84,0.52,3.68,nan,nan,nan,1.21,2.55,14.15,7.6,0.86,20.41,12.83
design_1472,0.49,1.24,1.95,nan,nan,nan,0.74,1.46,15.55,7.79,0.9,33.59,15.76
design_1473,0.41,1.16,1.96,nan,nan,nan,0.73,1.44,15.67,7.85,0.9,23.34,15.14
design_1474,0.53,1.22,1.83,nan,nan,nan,0.73,1.39,15.83,7.85,0.9,15.62,10.36
design_1475,0.48,1.28,1.7,nan,nan,nan,0.69,1.32,15.43,7.67,0.9,16.04,15.99
design_1476,0.42,1.1,1.99,nan,nan,nan,0.74,1.45,15.78,7.85,0.9,22.57,13.76
design_1477,0.4,1.13,1.89,nan,nan,nan,0.71,1.39,15.58,7.82,0.9,29.61,15.75
design_1478,0.41,1.27,1.87,nan,nan,nan,0.72,1.41,15.78,7.85,0.9,12.84,7.94
design_1479,0.44,1.24,2.0,nan,nan,nan,0.75,1.48,15.14,7.58,0.9,33.67,13.75
design_1480,0.64,0.76,3.48,nan,nan,nan,1.14,2.41,14.54,7.47,0.88,27.75,15.67
design_1481,0.69,0.7,2.72,nan,nan,nan,0.93,1.91,15.06,7.83,0.87,26.63,16.87
design_1482,0.65,0.75,2.73,nan,nan,nan,0.93,1.92,16.72,8.37,0.89,27.07,16.76
design_1483,0.57,0.72,2.58,nan,nan,nan,0.88,1.81,16.14,8.25,0.88,25.01,14.55
design_1484,0.64,0.84,2.38,nan,nan,nan,0.83,1.7,15.32,7.77,0.88,26.83,16.54
design_1485,0.76,0.81,4.45,nan,nan,nan,1.42,3.07,16.75,8.89,0.85,27.43,14.28
design_1486,0.66,0.79,2.76,nan,nan,nan,0.94,1.94,15.05,7.83,0.87,27.51,16.75
design_1487,1.18,0.59,3.87,nan,nan,nan,1.27,2.71,15.13,7.71,0.88,27.68,15.3
design_1488,0.65,0.7,1.1,nan,nan,nan,0.53,0.91,14.54,7.24,0.9,22.82,19.82
design_1489,0.76,0.75,0.84,nan,nan,nan,0.49,0.8,12.12,6.3,0.88,19.05,18.74
design_1490,0.64,0.76,0.69,nan,nan,nan,0.46,0.7,14.09,7.07,0.9,17.47,11.62
design_1491,0.5,0.74,1.17,nan,nan,nan,0.55,0.93,15.57,7.65,0.9,22.89,20.12
design_1492,0.48,0.69,1.24,nan,nan,nan,0.56,0.97,15.42,7.57,0.9,19.99,18.48
design_1493,0.49,0.8,1.2,nan,nan,nan,0.56,0.97,15.55,7.66,0.9,24.15,19.5
design_1494,0.78,0.76,0.69,nan,nan,nan,0.47,0.73,17.09,8.36,0.9,25.31,20.29
design_1495,0.53,0.72,0.86,nan,nan,nan,0.48,0.76,13.32,6.76,0.89,18.64,12.5
design_1496,0.53,0.61,1.32,nan,nan,nan,0.53,0.91,15.21,7.59,0.9,16.13,12.29
design_1497,0.72,0.95,2.12,nan,nan,nan,0.69,1.42,15.43,7.72,0.9,34.22,16.78
design_1498,0.66,0.85,2.33,nan,nan,nan,0.72,1.51,15.97,8.07,0.89,37.21,19.94
design_1499,0.61,0.72,1.81,nan,nan,nan,0.62,1.2,15.43,7.66,0.91,39.76,21.25
design_1500,0.9,1.12,1.82,nan,nan,nan,0.67,1.35,15.17,7.58,0.9,14.03,11.98
design_1501,0.9,1.08,1.8,nan,nan,nan,0.67,1.33,15.28,7.64,0.9,28.48,21.06
design_1502,0.62,0.89,2.22,nan,nan,nan,0.71,1.45,15.74,7.87,0.9,14.34,10.99
design_1503,1.1,1.17,1.75,nan,nan,nan,0.7,1.38,15.03,7.41,0.91,28.37,14.34
design_1504,0.65,0.7,2.84,nan,nan,nan,1.0,2.03,16.52,8.66,0.85,30.54,19.1
design_1505,0.88,0.64,4.06,nan,nan,nan,1.36,2.87,16.3,8.38,0.87,30.43,15.61
design_1506,0.88,0.59,4.5,nan,nan,nan,1.49,3.17,17.42,8.65,0.87,31.11,28.44
design_1507,0.91,0.49,4.13,nan,nan,nan,1.38,2.91,19.19,9.41,0.88,42.22,28.66
design_1508,0.88,0.7,3.52,nan,nan,nan,1.21,2.51,16.69,8.81,0.86,31.47,13.66
design_1509,0.83,0.73,3.42,nan,nan,nan,1.18,2.43,17.27,8.69,0.88,29.49,14.96
design_1510,0.91,0.72,3.93,nan,nan,nan,1.33,2.79,14.63,7.83,0.86,32.27,15.89
design_1511,0.83,0.7,3.01,nan,nan,nan,1.05,2.16,16.8,8.67,0.87,29.31,14.71
design_1512,0.75,0.64,2.26,nan,nan,nan,0.8,1.58,16.61,8.5,0.88,18.17,22.45
design_1513,0.53,0.49,3.24,nan,nan,nan,1.04,2.17,15.8,7.93,0.89,27.97,24.67
design_1514,0.76,0.56,2.34,nan,nan,nan,0.82,1.63,16.56,8.53,0.88,37.41,21.52
design_1515,0.64,0.58,3.51,nan,nan,nan,1.11,2.36,16.77,8.53,0.89,28.03,15.81
design_1516,0.66,0.58,1.91,nan,nan,nan,0.71,1.35,16.38,8.36,0.89,29.57,19.38
design_1517,0.74,0.59,2.53,nan,nan,nan,0.86,1.75,16.47,8.53,0.88,35.6,17.24
design_1518,0.58,0.56,2.35,nan,nan,nan,0.82,1.61,15.99,8.17,0.88,32.02,19.84
design_1519,0.7,0.55,2.68,nan,nan,nan,0.9,1.83,16.43,8.39,0.88,34.66,15.56
design_1520,0.7,0.89,2.53,nan,nan,nan,0.74,1.57,15.95,8.18,0.88,11.81,11.65
design_1521,0.61,0.93,2.34,nan,nan,nan,0.71,1.46,15.17,7.78,0.89,28.88,16.51
design_1522,0.69,0.94,1.69,nan,nan,nan,0.6,1.16,15.87,8.23,0.88,32.25,16.08
design_1523,0.73,0.9,2.08,nan,nan,nan,0.66,1.35,15.15,7.87,0.88,32.8,16.61
design_1524,0.61,0.84,2.4,nan,nan,nan,0.71,1.48,15.47,7.97,0.88,27.96,15.18
design_1525,0.61,0.86,2.41,nan,nan,nan,0.71,1.48,16.13,8.2,0.89,25.83,17.45
design_1526,0.63,0.82,2.36,nan,nan,nan,0.7,1.46,15.98,8.11,0.89,30.22,14.36
design_1527,0.68,0.85,2.6,nan,nan,nan,0.75,1.59,15.79,7.99,0.89,31.09,14.4
design_1528,0.72,0.37,3.57,nan,nan,nan,1.25,2.56,15.65,7.87,0.88,27.93,15.38
design_1529,0.63,0.42,3.45,nan,nan,nan,1.2,2.47,16.26,8.15,0.89,20.09,13.08
design_1530,0.72,0.37,3.56,nan,nan,nan,1.24,2.55,12.87,6.57,0.89,29.42,15.24
design_1531,0.62,0.32,3.38,nan,nan,nan,1.18,2.41,14.28,7.22,0.89,29.53,15.58
design_1532,0.58,0.33,3.66,nan,nan,nan,1.27,2.61,13.55,6.84,0.89,29.93,15.51
design_1533,0.55,0.34,3.54,nan,nan,nan,1.23,2.52,14.45,7.21,0.89,28.51,15.85
design_1534,0.76,0.35,3.02,nan,nan,nan,1.09,2.18,16.74,8.29,0.88,32.57,17.7
design_1535,0.69,0.34,3.1,nan,nan,nan,1.11,2.23,15.46,7.78,0.88,27.98,16.71
design_1536,0.68,0.77,2.52,nan,nan,nan,0.86,1.79,14.21,7.29,0.88,31.45,15.74
design_1537,0.67,0.88,2.44,nan,nan,nan,0.85,1.75,16.31,8.21,0.88,33.36,13.4
design_1538,0.96,0.87,3.12,nan,nan,nan,1.06,2.22,16.83,8.73,0.87,33.59,16.87
design_1539,0.62,0.69,2.38,nan,nan,nan,0.82,1.68,16.22,8.04,0.9,25.81,21.41
design_1540,0.79,0.53,3.78,nan,nan,nan,1.22,2.61,16.44,8.18,0.89,37.32,18.94
design_1541,0.85,0.67,2.61,nan,nan,nan,0.9,1.86,15.6,7.83,0.89,27.54,16.78
design_1542,0.71,0.63,3.47,nan,nan,nan,1.13,2.4,15.56,7.96,0.88,18.68,19.91
design_1543,0.64,0.73,2.28,nan,nan,nan,0.8,1.62,15.59,7.97,0.88,30.79,15.71
design_1544,0.72,0.64,1.68,nan,nan,nan,0.57,1.06,15.33,7.86,0.89,30.62,28.47
design_1545,0.67,0.53,1.45,nan,nan,nan,0.53,0.92,14.83,7.63,0.89,33.06,24.08
design_1546,0.7,0.64,1.69,nan,nan,nan,0.57,1.06,15.32,7.86,0.89,29.53,27.55
design_1547,0.58,0.54,1.36,nan,nan,nan,0.5,0.86,15.21,7.71,0.9,34.56,29.65
design_1548,0.58,0.58,1.33,nan,nan,nan,0.51,0.86,15.06,7.62,0.9,35.35,20.83
design_1549,0.7,0.59,1.36,nan,nan,nan,0.52,0.9,14.26,7.34,0.89,38.92,18.75
design_1550,0.8,0.56,1.67,nan,nan,nan,0.58,1.06,14.9,7.66,0.89,36.2,20.94
design_1551,0.66,0.54,1.39,nan,nan,nan,0.54,0.89,14.26,7.37,0.89,39.46,19.28
design_1552,0.79,0.77,2.44,nan,nan,nan,0.84,1.71,15.97,8.19,0.88,25.08,15.39
design_1553,0.62,0.56,2.34,nan,nan,nan,0.79,1.61,18.02,9.08,0.87,30.51,27.64
design_1554,0.51,0.61,2.17,nan,nan,nan,0.74,1.49,14.95,7.85,0.85,15.73,12.01
design_1555,0.51,0.62,1.94,nan,nan,nan,0.7,1.35,14.86,7.8,0.87,26.09,13.67
design_1556,0.81,0.88,3.15,nan,nan,nan,1.03,2.17,16.04,8.19,0.88,22.41,22.16
design_1557,0.5,0.68,1.65,nan,nan,nan,0.63,1.18,15.29,7.88,0.88,25.81,22.24
design_1558,0.55,0.69,2.13,nan,nan,nan,0.74,1.48,15.64,8.04,0.87,23.84,19.54
design_1559,0.81,0.77,2.46,nan,nan,nan,0.85,1.73,15.68,8.15,0.87,23.37,16.63
design_1560,0.91,0.69,1.55,nan,nan,nan,0.65,1.17,15.17,7.58,0.9,6.49,5.41
design_1561,1.0,0.69,1.63,nan,nan,nan,0.67,1.24,14.99,7.5,0.9,12.31,11.06
design_1562,0.48,0.7,1.37,nan,nan,nan,0.57,0.99,15.44,7.69,0.89,11.58,7.6
design_1563,0.92,0.59,1.48,nan,nan,nan,0.63,1.12,14.66,7.36,0.9,4.18,2.47
design_1564,0.76,0.63,0.99,nan,nan,nan,0.53,0.83,15.76,7.83,0.9,25.09,26.68
design_1565,0.63,0.65,1.32,nan,nan,nan,0.58,0.98,14.69,7.32,0.9,23.31,23.0
design_1566,0.72,0.67,1.56,nan,nan,nan,0.63,1.13,14.46,7.23,0.9,8.5,5.16
design_1567,0.96,0.71,1.53,nan,nan,nan,0.65,1.18,15.52,7.74,0.9,27.22,17.39
design_1568,0.79,1.07,1.73,nan,nan,nan,0.66,1.24,15.53,7.89,0.89,19.72,23.56
design_1569,0.73,0.92,4.62,nan,nan,nan,1.17,2.69,15.5,8.05,0.87,30.26,16.17
design_1570,0.75,0.92,4.3,nan,nan,nan,1.11,2.51,15.08,7.86,0.87,38.99,19.41
design_1571,0.68,0.69,1.64,nan,nan,nan,0.62,1.08,16.1,8.17,0.88,39.79,20.62
design_1572,0.76,1.0,4.58,nan,nan,nan,1.16,2.68,15.14,7.66,0.89,11.11,10.85
design_1573,0.71,0.95,1.41,nan,nan,nan,0.59,1.05,15.12,7.68,0.89,21.38,18.9
design_1574,0.71,1.01,1.48,nan,nan,nan,0.6,1.1,15.19,7.75,0.89,25.96,20.53
design_1575,0.78,1.03,1.82,nan,nan,nan,0.67,1.27,15.44,7.87,0.89,11.27,8.7
design_1576,0.84,0.91,2.74,nan,nan,nan,0.75,1.62,15.41,7.87,0.89,5.37,6.67
design_1577,0.48,0.76,2.45,nan,nan,nan,0.67,1.4,14.71,7.67,0.87,23.21,14.68
design_1578,0.49,0.9,1.87,nan,nan,nan,0.57,1.15,15.01,7.7,0.89,18.01,16.44
design_1579,0.44,0.84,1.86,nan,nan,nan,0.59,1.13,15.45,7.9,0.89,18.69,13.61
design_1580,0.46,0.86,1.52,nan,nan,nan,0.54,0.98,15.7,8.09,0.88,23.83,17.45
design_1581,0.42,0.86,1.8,nan,nan,nan,0.57,1.1,15.97,8.14,0.89,12.94,13.69
design_1582,0.39,0.69,1.6,nan,nan,nan,0.54,0.96,14.4,7.47,0.88,11.25,11.06
design_1583,0.7,0.94,1.8,nan,nan,nan,0.59,1.18,15.53,7.97,0.89,12.14,12.37
design_1584,0.45,0.71,6.27,nan,nan,nan,2.03,4.36,16.06,8.29,0.89,25.81,16.39
design_1585,0.59,0.58,3.21,nan,nan,nan,1.1,2.27,16.4,8.58,0.87,17.66,13.36
design_1586,0.64,0.5,2.03,nan,nan,nan,0.77,1.46,16.2,8.4,0.85,26.09,21.47
design_1587,0.59,0.59,3.89,nan,nan,nan,1.3,2.73,15.54,7.95,0.88,20.66,17.24
design_1588,0.69,0.61,2.37,nan,nan,nan,0.86,1.71,18.46,9.42,0.86,28.98,17.26
design_1589,0.49,0.67,2.88,nan,nan,nan,1.01,2.04,16.65,8.63,0.86,20.22,18.44
design_1590,0.57,0.64,6.57,nan,nan,nan,2.12,4.57,16.92,8.76,0.87,29.65,15.13
design_1591,0.5,0.66,6.28,nan,nan,nan,2.03,4.37,16.25,8.34,0.88,23.89,18.39
design_1592,0.42,0.9,0.76,nan,nan,nan,0.47,0.72,15.57,7.7,0.9,15.27,8.86
design_1593,0.51,0.98,1.17,nan,nan,nan,0.55,0.95,15.98,8.05,0.89,17.11,15.01
design_1594,0.46,0.95,1.18,nan,nan,nan,0.54,0.94,16.14,8.02,0.9,24.93,18.79
design_1595,0.46,0.98,1.67,nan,nan,nan,0.64,1.21,16.44,8.29,0.89,25.14,19.12
design_1596,0.46,0.94,1.52,nan,nan,nan,0.6,1.12,15.89,8.15,0.88,27.14,17.02
design_1597,0.48,0.96,1.7,nan,nan,nan,0.65,1.23,16.24,8.31,0.88,25.74,14.41
design_1598,0.5,0.94,1.31,nan,nan,nan,0.57,1.01,16.77,8.44,0.89,21.01,12.7
design_1599,0.51,0.99,1.17,nan,nan,nan,0.56,0.95,16.29,8.21,0.89,24.74,19.59
design_1600,0.41,0.72,2.29,nan,nan,nan,0.75,1.53,15.08,7.73,0.88,25.97,14.44
design_1601,0.51,0.63,2.7,nan,nan,nan,0.85,1.78,15.58,7.97,0.89,29.62,14.17
design_1602,0.51,0.62,2.54,nan,nan,nan,0.82,1.68,15.64,8.09,0.88,31.99,13.98
design_1603,0.54,0.66,2.21,nan,nan,nan,0.74,1.49,15.73,8.07,0.88,26.33,16.22
design_1604,0.68,0.59,1.98,nan,nan,nan,0.69,1.36,15.93,8.17,0.87,20.49,18.95
design_1605,0.43,0.64,2.41,nan,nan,nan,0.77,1.6,14.83,7.59,0.88,28.29,13.55
design_1606,0.52,0.74,2.98,nan,nan,nan,0.93,1.97,15.02,7.77,0.88,27.19,17.42
design_1607,0.49,0.45,2.47,nan,nan,nan,0.8,1.62,15.1,7.8,0.87,26.23,17.68
design_1608,0.65,1.26,2.21,nan,nan,nan,0.76,1.48,14.8,7.7,0.89,17.52,7.92
design_1609,0.63,1.16,3.09,nan,nan,nan,0.9,1.89,14.19,7.43,0.88,5.89,3.11
design_1610,0.66,1.22,2.39,nan,nan,nan,0.78,1.56,14.84,7.8,0.87,11.9,11.19
design_1611,0.81,1.35,3.78,nan,nan,nan,1.02,2.31,15.01,7.85,0.87,33.7,17.95
design_1612,0.55,1.25,4.01,nan,nan,nan,1.05,2.38,15.06,7.78,0.88,9.85,11.46
design_1613,0.67,1.23,1.8,nan,nan,nan,0.66,1.29,14.68,7.61,0.88,19.0,19.18
design_1614,0.62,1.28,1.87,nan,nan,nan,0.69,1.33,14.03,7.44,0.88,10.05,9.27
design_1615,0.55,1.18,1.98,nan,nan,nan,0.71,1.34,14.62,7.59,0.88,12.67,13.05
design_1616,0.82,0.68,0.74,nan,nan,nan,0.48,0.75,15.01,7.48,0.89,32.51,19.99
design_1617,0.62,0.71,0.65,nan,nan,nan,0.45,0.66,17.01,8.28,0.9,30.29,20.76
design_1618,0.96,0.91,0.98,nan,nan,nan,0.56,0.96,15.31,7.65,0.89,22.45,17.02
design_1619,0.98,0.74,1.05,nan,nan,nan,0.56,0.97,15.91,7.87,0.9,25.48,19.36
design_1620,0.62,0.66,0.97,nan,nan,nan,0.51,0.82,15.1,7.54,0.89,27.07,20.24
design_1621,0.48,0.85,0.95,nan,nan,nan,0.5,0.82,15.94,7.87,0.89,20.76,13.48
design_1622,0.49,0.73,0.93,nan,nan,nan,0.48,0.79,15.21,7.56,0.89,28.48,14.23
design_1623,1.06,0.66,0.56,nan,nan,nan,0.47,0.75,15.31,7.62,0.89,21.13,17.51
design_1624,0.41,0.61,4.72,nan,nan,nan,1.55,3.29,16.48,8.55,0.87,22.75,20.95
design_1625,0.5,0.76,4.15,nan,nan,nan,1.38,2.91,16.57,8.69,0.85,26.71,15.07
design_1626,0.46,0.72,4.79,nan,nan,nan,1.58,3.35,16.52,8.61,0.86,20.98,14.01
design_1627,0.5,0.88,6.03,nan,nan,nan,1.96,4.21,16.08,8.31,0.88,28.69,14.89
design_1628,0.57,0.83,5.35,nan,nan,nan,1.75,3.74,15.79,8.23,0.87,13.83,8.9
design_1629,0.43,0.76,4.07,nan,nan,nan,1.35,2.85,16.69,8.81,0.86,24.21,11.94
design_1630,0.68,0.7,4.09,nan,nan,nan,1.37,2.88,16.43,8.74,0.85,21.61,21.17
design_1631,0.48,0.65,2.97,nan,nan,nan,1.03,2.09,16.74,8.8,0.86,19.3,13.62
design_1632,0.75,0.59,0.73,nan,nan,nan,0.48,0.7,15.91,7.98,0.89,7.17,8.35
design_1633,0.54,0.64,0.9,nan,nan,nan,0.48,0.73,16.03,7.85,0.91,29.23,20.28
design_1634,0.84,0.67,2.93,nan,nan,nan,0.93,1.96,16.16,8.56,0.86,12.07,7.18
design_1635,0.61,0.6,1.07,nan,nan,nan,0.53,0.83,14.38,7.14,0.9,3.44,3.95
design_1636,0.52,0.51,0.91,nan,nan,nan,0.48,0.71,15.57,7.69,0.91,11.4,9.03
design_1637,0.69,0.67,0.94,nan,nan,nan,0.51,0.8,14.9,7.47,0.9,3.61,2.05
design_1638,0.39,0.6,0.71,nan,nan,nan,0.44,0.6,15.59,7.69,0.9,9.53,8.31
design_1639,0.46,0.65,0.74,nan,nan,nan,0.46,0.64,15.51,7.68,0.9,17.75,22.91
design_1640,0.68,0.61,0.49,nan,nan,nan,0.45,0.59,15.68,7.79,0.9,20.95,16.21
design_1641,0.52,0.53,0.61,nan,nan,nan,0.45,0.56,14.68,7.27,0.9,18.44,14.21
design_1642,0.77,0.63,0.71,nan,nan,nan,0.47,0.71,15.89,7.89,0.9,21.93,15.17
design_1643,0.5,0.65,0.51,nan,nan,nan,0.44,0.55,15.35,7.57,0.9,19.06,15.96
design_1644,0.61,0.66,0.53,nan,nan,nan,0.44,0.59,15.48,7.65,0.9,15.26,14.36
design_1645,0.63,0.61,0.52,nan,nan,nan,0.43,0.58,15.69,7.73,0.9,22.28,18.07
design_1646,0.8,0.57,0.57,nan,nan,nan,0.47,0.65,15.34,7.63,0.9,18.35,10.76
design_1647,0.52,0.53,0.52,nan,nan,nan,0.44,0.53,15.05,7.43,0.9,5.29,5.36
design_1648,0.62,0.78,7.34,nan,nan,nan,2.27,5.0,16.31,8.54,0.87,27.89,14.57
design_1649,0.73,0.48,3.47,nan,nan,nan,1.14,2.39,11.3,6.04,0.87,30.3,16.35
design_1650,0.67,0.51,3.14,nan,nan,nan,1.04,2.17,14.82,7.43,0.89,21.43,18.97
design_1651,0.72,0.63,4.72,nan,nan,nan,1.5,3.23,17.72,9.26,0.86,35.1,17.74
design_1652,0.67,0.66,3.21,nan,nan,nan,1.06,2.23,14.54,7.39,0.89,28.9,16.08
design_1653,0.7,0.77,2.35,nan,nan,nan,0.84,1.68,14.05,7.17,0.88,31.35,13.55
design_1654,0.63,0.67,3.39,nan,nan,nan,1.11,2.34,14.74,7.41,0.89,30.61,13.2
design_1655,0.65,0.75,2.04,nan,nan,nan,0.74,1.48,14.78,7.5,0.88,26.49,18.59
design_1656,0.46,0.72,0.75,nan,nan,nan,0.45,0.66,15.33,7.6,0.9,17.11,7.63
design_1657,0.58,0.79,0.96,nan,nan,nan,0.5,0.81,16.2,8.16,0.89,25.76,17.63
design_1658,0.53,0.67,1.31,nan,nan,nan,0.55,0.96,16.28,8.27,0.88,24.9,10.49
design_1659,0.44,0.68,0.74,nan,nan,nan,0.44,0.64,16.15,7.97,0.9,11.77,13.47
design_1660,0.53,0.8,1.12,nan,nan,nan,0.52,0.89,16.35,8.15,0.89,25.51,17.73
design_1661,0.44,0.76,0.82,nan,nan,nan,0.46,0.7,16.01,7.99,0.89,14.31,11.08
design_1662,0.53,0.78,1.06,nan,nan,nan,0.51,0.85,15.79,7.92,0.89,18.11,16.23
design_1663,0.41,0.71,0.85,nan,nan,nan,0.47,0.7,16.02,8.02,0.9,14.48,12.21
design_1664,0.51,0.75,1.48,nan,nan,nan,0.59,1.06,16.18,8.16,0.89,18.32,12.8
design_1665,0.49,0.74,1.47,nan,nan,nan,0.6,1.05,15.78,7.91,0.9,15.0,11.45
design_1666,0.55,0.75,1.99,nan,nan,nan,0.7,1.37,16.35,8.2,0.89,27.41,13.49
design_1667,0.24,0.73,1.36,nan,nan,nan,0.56,0.96,16.6,8.29,0.9,34.28,16.19
design_1668,0.29,0.7,1.82,nan,nan,nan,0.64,1.23,15.74,7.9,0.9,27.12,14.21
design_1669,0.28,0.79,1.42,nan,nan,nan,0.57,1.01,15.72,7.89,0.9,19.25,14.08
design_1670,0.42,0.69,1.8,nan,nan,nan,0.64,1.23,16.36,8.15,0.9,30.7,15.3
design_1671,0.47,0.66,1.8,nan,nan,nan,0.65,1.23,16.29,8.17,0.9,31.6,13.07
design_1672,0.8,0.97,1.39,nan,nan,nan,0.61,1.11,16.02,8.1,0.89,31.04,16.66
design_1673,0.66,0.87,1.46,nan,nan,nan,0.59,1.08,16.12,8.14,0.89,37.06,14.08
design_1674,0.77,0.97,2.58,nan,nan,nan,0.82,1.74,15.82,7.87,0.9,27.46,14.89
design_1675,0.84,0.97,1.73,nan,nan,nan,0.67,1.28,16.21,8.22,0.89,36.43,14.56
design_1676,0.6,1.03,2.49,nan,nan,nan,0.81,1.67,15.36,7.68,0.9,31.59,13.15
design_1677,0.79,0.95,1.41,nan,nan,nan,0.6,1.11,15.88,7.93,0.9,32.74,15.79
design_1678,0.7,0.97,1.36,nan,nan,nan,0.58,1.07,16.08,8.14,0.89,19.61,16.13
design_1679,0.8,0.85,1.32,nan,nan,nan,0.59,1.04,15.77,8.02,0.89,34.79,14.93
design_1680,0.63,1.32,1.3,nan,nan,nan,0.58,1.1,14.56,7.45,0.89,6.93,7.54
design_1681,0.63,1.28,1.32,nan,nan,nan,0.58,1.09,14.31,7.3,0.9,8.5,6.34
design_1682,0.52,1.24,1.17,nan,nan,nan,0.55,1.0,15.53,7.92,0.89,17.4,10.02
design_1683,0.64,1.32,0.9,nan,nan,nan,0.54,0.98,14.47,7.38,0.89,20.97,17.35
design_1684,0.41,1.46,0.89,nan,nan,nan,0.55,1.0,14.04,7.27,0.89,24.72,21.22
design_1685,0.56,1.42,0.86,nan,nan,nan,0.54,1.0,13.95,7.21,0.89,22.25,22.41
design_1686,0.43,1.36,1.16,nan,nan,nan,0.56,1.03,15.26,7.83,0.89,11.91,7.7
design_1687,0.9,1.19,1.52,nan,nan,nan,0.61,1.19,15.27,7.87,0.89,8.46,9.51
design_1688,0.57,0.56,0.55,nan,nan,nan,0.45,0.56,16.72,8.05,0.91,13.54,14.42
design_1689,0.65,0.65,0.58,nan,nan,nan,0.47,0.62,16.12,7.82,0.91,35.97,22.63
design_1690,0.61,0.69,0.54,nan,nan,nan,0.45,0.59,16.73,8.07,0.91,29.96,22.32
design_1691,0.75,0.63,0.49,nan,nan,nan,0.46,0.6,16.29,7.89,0.91,32.4,27.14
design_1692,0.7,0.67,0.61,nan,nan,nan,0.48,0.65,15.21,7.46,0.9,30.79,24.88
design_1693,0.71,0.57,0.55,nan,nan,nan,0.46,0.6,17.85,8.55,0.91,37.99,34.34
design_1694,0.66,0.7,0.51,nan,nan,nan,0.46,0.6,16.96,8.22,0.91,27.91,19.46
design_1695,0.77,0.79,0.52,nan,nan,nan,0.49,0.66,15.96,7.77,0.91,28.05,24.01
design_1696,0.71,0.65,3.48,nan,nan,nan,0.86,1.92,14.82,7.62,0.89,9.33,4.91
design_1697,0.76,0.52,3.61,nan,nan,nan,0.88,1.98,14.85,7.61,0.89,17.14,18.04
design_1698,0.94,0.55,3.78,nan,nan,nan,0.94,2.1,15.8,8.03,0.89,19.26,14.12
design_1699,0.8,0.5,3.66,nan,nan,nan,0.9,2.01,15.58,8.02,0.88,31.65,21.43
design_1700,0.96,0.52,3.78,nan,nan,nan,0.93,2.1,14.31,7.46,0.88,25.16,21.48
design_1701,0.51,0.52,3.84,nan,nan,nan,0.91,2.07,14.66,7.57,0.88,24.92,23.25
design_1702,0.6,0.58,3.61,nan,nan,nan,0.88,1.97,14.6,7.6,0.88,20.46,20.26
design_1703,0.75,0.48,3.84,nan,nan,nan,0.92,2.09,14.39,7.43,0.89,18.33,19.81
design_1704,0.65,0.63,1.05,nan,nan,nan,0.5,0.81,15.21,7.61,0.9,18.3,21.73
design_1705,0.74,0.58,1.27,nan,nan,nan,0.52,0.93,15.06,7.63,0.9,9.99,5.69
design_1706,0.59,0.64,3.25,nan,nan,nan,0.9,1.99,15.1,7.73,0.89,10.99,5.78
design_1707,0.66,0.62,1.91,nan,nan,nan,0.64,1.24,16.31,8.19,0.89,32.68,27.54
design_1708,0.92,0.83,2.17,nan,nan,nan,0.72,1.47,15.02,7.62,0.89,21.33,25.67
design_1709,0.71,0.69,1.96,nan,nan,nan,0.65,1.29,15.89,8.16,0.88,27.66,24.64
design_1710,0.79,0.95,1.95,nan,nan,nan,0.67,1.35,14.81,7.57,0.89,20.32,23.93
design_1711,0.65,0.58,1.19,nan,nan,nan,0.51,0.86,15.2,7.69,0.89,11.64,11.88
design_1712,0.61,0.65,1.22,nan,nan,nan,0.56,0.92,15.74,7.87,0.9,14.56,7.91
design_1713,0.8,0.73,2.04,nan,nan,nan,0.73,1.43,15.79,8.08,0.88,32.59,16.79
design_1714,0.67,0.59,2.06,nan,nan,nan,0.73,1.41,16.64,8.37,0.89,34.13,19.49
design_1715,0.61,0.56,1.49,nan,nan,nan,0.59,1.05,16.1,8.1,0.89,32.96,16.13
design_1716,0.67,0.55,1.78,nan,nan,nan,0.68,1.24,16.48,8.35,0.88,34.37,18.32
design_1717,0.64,0.62,1.77,nan,nan,nan,0.66,1.23,15.49,7.81,0.89,20.47,12.74
design_1718,0.59,0.58,1.59,nan,nan,nan,0.62,1.11,15.76,7.87,0.9,32.98,13.23
design_1719,0.62,0.65,1.49,nan,nan,nan,0.61,1.07,16.38,8.21,0.89,27.1,10.61
design_1720,0.63,0.72,1.04,nan,nan,nan,0.52,0.84,14.73,7.37,0.89,25.9,11.66
design_1721,0.9,0.71,1.57,nan,nan,nan,0.64,1.19,15.46,7.75,0.89,30.36,14.74
design_1722,0.78,0.81,0.9,nan,nan,nan,0.54,0.84,14.46,7.31,0.89,20.9,9.54
design_1723,0.65,0.72,1.01,nan,nan,nan,0.52,0.83,14.67,7.31,0.9,24.03,12.3
design_1724,0.86,0.82,1.52,nan,nan,nan,0.64,1.17,14.98,7.55,0.89,23.54,9.97
design_1725,0.5,0.91,0.98,nan,nan,nan,0.52,0.83,14.88,7.44,0.9,13.45,9.09
design_1726,0.87,0.86,1.76,nan,nan,nan,0.69,1.31,14.62,7.33,0.89,23.67,8.75
design_1727,0.6,0.78,0.75,nan,nan,nan,0.49,0.71,14.95,7.48,0.89,16.7,7.31
design_1728,0.71,0.46,1.35,nan,nan,nan,0.53,0.94,15.91,8.06,0.89,11.94,7.74
design_1729,0.66,0.49,1.2,nan,nan,nan,0.52,0.85,15.76,8.04,0.89,29.19,16.39
design_1730,0.67,0.42,1.35,nan,nan,nan,0.53,0.92,15.76,8.13,0.88,27.85,16.66
design_1731,0.66,0.51,1.38,nan,nan,nan,0.55,0.95,15.44,7.91,0.89,30.62,13.59
design_1732,0.69,0.4,1.43,nan,nan,nan,0.54,0.96,15.56,7.96,0.89,31.95,19.44
design_1733,0.87,0.5,1.22,nan,nan,nan,0.53,0.93,15.98,8.19,0.89,31.84,14.16
design_1734,0.87,0.49,1.33,nan,nan,nan,0.56,0.98,15.98,8.18,0.89,32.14,14.66
design_1735,0.68,0.49,1.34,nan,nan,nan,0.53,0.93,15.82,8.01,0.9,29.98,16.53
design_1736,0.97,0.64,2.49,nan,nan,nan,0.9,1.8,15.5,8.21,0.86,18.86,18.41
design_1737,0.86,0.62,2.0,nan,nan,nan,0.77,1.47,16.41,8.36,0.88,14.49,16.84
design_1738,0.78,0.67,4.58,nan,nan,nan,1.46,3.14,15.26,8.21,0.85,23.68,19.82
design_1739,0.86,0.7,2.26,nan,nan,nan,0.83,1.64,15.36,8.08,0.87,11.77,9.17
design_1740,0.83,0.69,2.16,nan,nan,nan,0.81,1.57,15.83,8.1,0.88,16.46,13.05
design_1741,0.91,0.57,2.73,nan,nan,nan,0.95,1.93,15.41,8.22,0.85,25.04,20.27
design_1742,0.82,0.39,2.03,nan,nan,nan,0.76,1.46,15.34,8.1,0.87,25.45,18.62
design_1743,0.89,0.56,2.2,nan,nan,nan,0.82,1.59,15.13,8.03,0.86,20.81,17.5
design_1744,0.88,0.81,0.5,nan,nan,nan,0.46,0.72,15.93,7.95,0.9,31.38,14.42
design_1745,0.58,0.85,1.72,nan,nan,nan,0.65,1.26,15.54,7.85,0.89,20.06,13.55
design_1746,0.51,0.93,1.65,nan,nan,nan,0.64,1.22,15.99,8.21,0.88,26.88,16.63
design_1747,0.46,0.88,0.43,nan,nan,nan,0.44,0.59,15.54,7.7,0.9,16.69,13.71
design_1748,0.83,0.92,1.68,nan,nan,nan,0.66,1.29,16.02,8.06,0.89,24.22,16.23
design_1749,0.48,0.66,1.79,nan,nan,nan,0.66,1.25,15.91,7.93,0.89,39.31,23.78
design_1750,0.54,0.98,1.76,nan,nan,nan,0.67,1.3,15.05,7.62,0.89,18.04,15.84
design_1751,0.48,0.95,1.7,nan,nan,nan,0.64,1.25,15.54,7.79,0.89,17.75,10.01
design_1752,0.65,0.48,1.0,nan,nan,nan,0.51,0.81,19.4,9.57,0.88,25.79,18.51
design_1753,0.73,0.58,1.84,nan,nan,nan,0.73,1.36,15.61,8.07,0.88,22.4,21.16
design_1754,0.78,0.46,2.24,nan,nan,nan,0.83,1.62,18.2,8.97,0.87,23.35,16.11
design_1755,0.65,0.61,1.97,nan,nan,nan,0.75,1.44,15.02,7.71,0.88,22.15,22.01
design_1756,0.99,0.49,2.66,nan,nan,nan,0.97,1.93,16.72,8.29,0.89,25.57,17.08
design_1757,0.83,0.59,2.32,nan,nan,nan,0.86,1.69,17.57,8.74,0.88,40.62,24.43
design_1758,0.77,0.63,1.49,nan,nan,nan,0.65,1.15,17.52,8.78,0.89,38.2,32.59
design_1759,0.75,0.56,1.07,nan,nan,nan,0.55,0.88,18.21,8.97,0.88,27.29,19.18
design_1760,0.6,0.95,2.21,nan,nan,nan,0.79,1.57,16.13,8.36,0.87,31.6,14.52
design_1761,0.69,1.0,1.56,nan,nan,nan,0.65,1.21,15.97,8.19,0.88,16.58,14.31
design_1762,0.59,0.99,1.67,nan,nan,nan,0.66,1.26,15.8,8.17,0.88,22.45,16.19
design_1763,0.66,0.88,1.88,nan,nan,nan,0.7,1.37,16.12,8.23,0.88,27.22,16.51
design_1764,0.66,1.03,2.46,nan,nan,nan,0.86,1.74,12.81,6.89,0.87,31.13,14.56
design_1765,0.58,0.73,1.77,nan,nan,nan,0.68,1.27,16.58,8.41,0.88,35.52,18.93
design_1766,0.61,0.93,1.9,nan,nan,nan,0.71,1.38,15.32,7.89,0.88,31.02,15.26
design_1767,0.63,1.05,1.78,nan,nan,nan,0.69,1.34,14.61,7.63,0.88,33.0,15.6
design_1768,1.0,1.3,1.0,nan,nan,nan,0.59,1.1,15.61,7.83,0.9,34.22,14.05
design_1769,0.92,1.32,1.13,nan,nan,nan,0.6,1.13,15.64,7.75,0.91,22.28,18.27
design_1770,1.12,1.41,1.7,nan,nan,nan,0.74,1.43,15.57,7.58,0.91,23.4,11.64
design_1771,1.12,1.31,1.73,nan,nan,nan,0.72,1.41,15.55,7.59,0.91,36.26,19.62
design_1772,0.94,1.32,1.04,nan,nan,nan,0.58,1.1,15.74,7.84,0.9,36.85,16.82
design_1773,0.81,1.11,0.86,nan,nan,nan,0.53,0.93,15.22,7.62,0.9,22.84,20.23
design_1774,1.13,1.46,1.03,nan,nan,nan,0.63,1.21,14.76,7.45,0.9,16.18,16.58
design_1775,0.94,1.26,0.71,nan,nan,nan,0.56,0.98,15.04,7.44,0.91,15.12,14.61
design_1776,0.6,0.51,1.31,nan,nan,nan,0.57,0.99,14.77,7.44,0.89,30.08,25.23
design_1777,0.76,0.57,0.95,nan,nan,nan,0.54,0.82,16.25,8.09,0.89,35.76,23.62
design_1778,0.76,0.5,0.99,nan,nan,nan,0.52,0.83,16.4,8.16,0.89,28.51,25.45
design_1779,0.48,0.54,1.35,nan,nan,nan,0.57,1.01,15.63,7.84,0.89,30.98,14.5
design_1780,0.56,0.44,1.28,nan,nan,nan,0.56,0.96,15.86,7.96,0.89,34.22,18.77
design_1781,0.64,0.54,0.94,nan,nan,nan,0.5,0.78,16.03,7.85,0.9,25.7,21.21
design_1782,0.5,0.53,1.49,nan,nan,nan,0.61,1.1,15.83,7.83,0.9,30.89,16.68
design_1783,0.74,0.51,0.86,nan,nan,nan,0.5,0.75,16.12,8.01,0.89,32.74,19.83
design_1784,0.64,0.67,1.98,nan,nan,nan,0.75,1.42,16.13,8.26,0.88,11.65,12.98
design_1785,0.88,0.71,2.51,nan,nan,nan,0.91,1.8,16.64,8.45,0.89,27.91,27.6
design_1786,0.56,0.7,2.62,nan,nan,nan,0.9,1.84,15.72,8.08,0.88,12.61,13.65
design_1787,0.58,0.7,3.59,nan,nan,nan,1.17,2.48,15.98,8.42,0.86,35.54,14.85
design_1788,0.97,0.71,2.82,nan,nan,nan,0.99,2.01,16.33,8.37,0.88,19.33,16.67
design_1789,0.63,0.69,2.55,nan,nan,nan,0.9,1.79,16.31,8.31,0.89,28.99,15.62
design_1790,0.86,0.73,3.02,nan,nan,nan,1.03,2.13,16.41,8.4,0.88,22.0,18.49
design_1791,0.87,0.68,2.67,nan,nan,nan,0.94,1.9,16.55,8.52,0.88,31.95,14.03
design_1792,1.5,0.46,4.03,nan,nan,nan,1.18,2.56,15.79,7.99,0.9,39.19,20.27
design_1793,0.94,0.42,0.98,nan,nan,nan,0.57,0.83,14.57,7.34,0.9,37.03,19.15
design_1794,0.98,0.64,1.74,nan,nan,nan,0.65,1.23,15.09,7.79,0.89,32.67,20.4
design_1795,0.96,0.49,4.46,nan,nan,nan,1.2,2.71,15.97,8.29,0.88,38.65,18.66
design_1796,1.42,0.62,1.73,nan,nan,nan,0.75,1.37,15.26,7.66,0.9,29.66,22.7
design_1797,0.84,0.63,2.94,nan,nan,nan,0.87,1.84,15.39,7.91,0.89,18.45,19.47
design_1798,1.35,0.71,1.73,nan,nan,nan,0.74,1.35,15.34,7.69,0.9,23.73,21.0
design_1799,0.84,0.6,2.9,nan,nan,nan,0.86,1.81,15.67,7.96,0.89,42.04,27.02
design_1800,0.91,0.81,1.31,nan,nan,nan,0.56,1.01,14.63,7.58,0.89,11.35,13.33
design_1801,0.92,0.79,1.64,nan,nan,nan,0.59,1.13,14.62,7.59,0.88,8.45,3.1
design_1802,1.27,0.87,1.25,nan,nan,nan,0.6,1.14,14.1,7.35,0.88,14.47,10.99
design_1803,0.76,0.85,1.66,nan,nan,nan,0.58,1.11,14.75,7.74,0.88,14.57,9.42
design_1804,0.79,0.84,1.82,nan,nan,nan,0.61,1.18,14.48,7.55,0.88,14.77,6.42
design_1805,0.72,0.86,1.61,nan,nan,nan,0.58,1.08,15.51,8.02,0.88,18.98,17.17
design_1806,0.98,0.78,1.69,nan,nan,nan,0.61,1.17,15.48,7.98,0.88,20.76,9.62
design_1807,0.69,0.86,1.42,nan,nan,nan,0.55,0.99,14.62,7.64,0.88,13.64,11.7
design_1808,0.58,0.65,3.27,nan,nan,nan,1.08,2.26,17.34,8.9,0.87,24.33,15.19
design_1809,0.69,0.67,4.67,nan,nan,nan,1.48,3.2,13.6,7.06,0.88,32.61,14.5
design_1810,0.36,0.74,4.22,nan,nan,nan,1.34,2.88,15.26,7.75,0.88,32.07,14.38
design_1811,0.79,0.53,4.78,nan,nan,nan,1.52,3.27,14.0,7.2,0.88,33.71,15.91
design_1812,0.7,0.69,2.76,nan,nan,nan,0.95,1.94,16.48,8.58,0.87,30.82,16.16
design_1813,0.76,0.77,4.43,nan,nan,nan,1.42,3.05,17.85,8.94,0.88,36.94,29.73
design_1814,0.78,0.71,2.95,nan,nan,nan,1.01,2.07,16.55,8.54,0.88,27.53,17.34
design_1815,0.45,0.79,4.56,nan,nan,nan,1.45,3.12,14.77,7.54,0.88,27.89,16.39
design_1816,0.86,0.78,2.56,nan,nan,nan,0.82,1.71,16.35,8.41,0.88,17.71,7.42
design_1817,0.74,0.92,3.36,nan,nan,nan,1.0,2.17,15.97,8.19,0.88,27.33,13.48
design_1818,0.61,0.78,3.13,nan,nan,nan,0.93,2.01,16.18,8.29,0.88,28.53,21.29
design_1819,0.71,0.83,2.95,nan,nan,nan,0.9,1.92,15.78,8.13,0.88,17.84,10.79
design_1820,0.76,0.96,2.47,nan,nan,nan,0.8,1.66,15.89,8.11,0.89,26.32,15.61
design_1821,0.52,0.81,2.84,nan,nan,nan,0.87,1.83,16.29,8.31,0.88,20.78,20.5
design_1822,0.65,0.77,2.44,nan,nan,nan,0.78,1.61,16.48,8.44,0.88,19.87,15.91
design_1823,0.66,0.82,2.13,nan,nan,nan,0.71,1.44,16.47,8.39,0.88,30.9,16.59
design_1824,0.5,0.72,1.16,nan,nan,nan,0.53,0.88,15.85,7.91,0.89,27.44,16.44
design_1825,0.54,0.69,1.02,nan,nan,nan,0.52,0.81,15.33,7.67,0.9,19.61,17.01
design_1826,0.59,0.67,1.31,nan,nan,nan,0.56,0.97,15.8,7.91,0.89,23.69,14.85
design_1827,0.57,0.58,1.09,nan,nan,nan,0.52,0.82,15.95,7.88,0.9,29.31,17.35
design_1828,0.51,0.63,0.76,nan,nan,nan,0.47,0.65,16.11,7.93,0.9,24.95,15.74
design_1829,0.7,0.68,1.2,nan,nan,nan,0.56,0.94,15.05,7.57,0.9,18.76,14.77
design_1830,0.52,0.68,1.11,nan,nan,nan,0.53,0.85,15.5,7.74,0.9,19.35,8.51
design_1831,0.57,0.73,0.97,nan,nan,nan,0.51,0.8,15.97,7.94,0.89,10.53,10.24
design_1832,0.63,0.84,2.23,nan,nan,nan,0.75,1.49,16.05,7.98,0.9,28.66,16.93
design_1833,0.76,0.82,1.45,nan,nan,nan,0.63,1.09,15.53,7.8,0.9,22.11,14.6
design_1834,0.49,0.86,1.78,nan,nan,nan,0.66,1.22,15.67,7.79,0.9,29.59,17.14
design_1835,0.81,0.88,2.3,nan,nan,nan,0.78,1.57,15.93,7.97,0.9,36.87,13.89
design_1836,0.85,0.78,1.65,nan,nan,nan,0.66,1.21,16.45,8.17,0.9,12.86,6.68
design_1837,0.65,0.77,1.53,nan,nan,nan,0.62,1.09,15.51,7.81,0.9,32.59,14.6
design_1838,0.84,0.77,1.56,nan,nan,nan,0.65,1.16,16.05,8.03,0.9,12.39,9.98
design_1839,0.79,0.83,2.08,nan,nan,nan,0.73,1.43,16.11,8.05,0.9,35.79,13.91
design_1840,0.55,0.79,0.56,nan,nan,nan,0.44,0.62,16.03,7.83,0.9,32.46,19.21
design_1841,0.53,0.68,0.6,nan,nan,nan,0.45,0.6,16.17,7.89,0.9,22.07,15.89
design_1842,0.7,0.71,0.59,nan,nan,nan,0.47,0.65,16.74,8.16,0.9,20.22,19.91
design_1843,0.47,0.62,0.64,nan,nan,nan,0.46,0.59,15.49,7.56,0.9,28.65,16.13
design_1844,0.58,0.63,0.55,nan,nan,nan,0.44,0.58,15.15,7.49,0.9,17.04,15.08
design_1845,0.56,0.71,0.56,nan,nan,nan,0.44,0.6,16.76,8.29,0.89,26.83,23.61
design_1846,0.58,0.61,0.58,nan,nan,nan,0.44,0.59,16.21,7.97,0.9,29.36,19.3
design_1847,0.57,0.63,0.6,nan,nan,nan,0.44,0.6,16.53,8.04,0.9,26.15,21.11
design_1848,0.5,0.78,1.2,nan,nan,nan,0.51,0.86,16.11,8.07,0.9,34.87,16.91
design_1849,0.86,0.48,1.57,nan,nan,nan,0.61,1.06,14.34,7.41,0.89,36.85,14.88
design_1850,0.56,0.84,1.27,nan,nan,nan,0.53,0.92,15.68,7.84,0.9,30.94,14.49
design_1851,0.55,0.8,1.22,nan,nan,nan,0.52,0.88,16.07,7.97,0.9,10.1,10.07
design_1852,0.51,0.73,1.33,nan,nan,nan,0.53,0.9,15.86,7.92,0.9,34.17,18.43
design_1853,0.59,0.61,1.41,nan,nan,nan,0.54,0.94,14.46,7.42,0.88,39.47,20.04
design_1854,0.52,0.68,0.99,nan,nan,nan,0.49,0.74,7.07,4.15,0.88,36.44,16.18
design_1855,0.56,0.73,1.21,nan,nan,nan,0.52,0.86,15.15,7.6,0.9,30.86,15.7
design_1856,0.79,0.7,1.45,nan,nan,nan,0.55,1.02,15.43,7.8,0.89,24.33,14.4
design_1857,0.75,0.67,0.99,nan,nan,nan,0.49,0.81,15.21,7.76,0.89,19.01,8.13
design_1858,0.76,0.67,1.25,nan,nan,nan,0.54,0.92,15.41,7.76,0.9,23.53,10.74
design_1859,0.85,0.69,1.46,nan,nan,nan,0.59,1.04,15.48,7.89,0.89,36.3,19.55
design_1860,0.75,0.65,1.03,nan,nan,nan,0.49,0.82,15.05,7.71,0.89,24.53,21.47
design_1861,0.72,0.6,1.11,nan,nan,nan,0.49,0.83,13.99,7.19,0.89,19.27,11.39
design_1862,0.75,0.61,1.21,nan,nan,nan,0.51,0.89,15.82,7.97,0.89,17.42,17.39
design_1863,0.62,0.58,0.97,nan,nan,nan,0.47,0.74,14.36,7.32,0.9,15.28,6.87
design_1864,0.69,0.66,2.12,nan,nan,nan,0.74,1.45,15.25,7.62,0.89,5.82,4.99
design_1865,0.82,0.67,2.46,nan,nan,nan,0.84,1.68,16.24,8.15,0.89,31.18,16.04
design_1866,0.49,0.69,2.82,nan,nan,nan,0.89,1.86,15.57,7.9,0.89,31.38,19.62
design_1867,0.68,0.74,2.35,nan,nan,nan,0.79,1.6,16.35,8.25,0.89,28.77,18.34
design_1868,0.52,0.61,2.1,nan,nan,nan,0.72,1.41,15.31,7.63,0.9,21.37,11.45
design_1869,0.52,0.72,2.24,nan,nan,nan,0.75,1.51,15.48,7.84,0.89,27.91,22.0
design_1870,0.66,0.63,2.12,nan,nan,nan,0.75,1.44,15.91,7.88,0.9,22.63,17.93
design_1871,0.49,0.71,2.07,nan,nan,nan,0.72,1.4,16.12,8.12,0.89,28.18,15.4
design_1872,0.74,0.68,4.29,nan,nan,nan,1.38,2.95,15.62,8.24,0.87,22.38,11.2
design_1873,0.58,0.65,3.18,nan,nan,nan,1.06,2.2,16.01,8.37,0.87,27.71,17.02
design_1874,0.68,0.68,3.73,nan,nan,nan,1.22,2.57,15.93,8.34,0.86,24.82,21.69
design_1875,0.57,0.69,3.55,nan,nan,nan,1.16,2.45,14.92,7.87,0.86,17.07,14.87
design_1876,0.67,0.47,3.42,nan,nan,nan,1.13,2.36,16.7,8.72,0.85,20.26,17.78
design_1877,0.61,0.6,2.62,nan,nan,nan,0.91,1.83,16.49,8.63,0.86,18.6,16.44
design_1878,0.73,0.65,3.19,nan,nan,nan,1.08,2.22,15.83,8.3,0.86,29.89,14.64
design_1879,0.64,0.72,4.38,nan,nan,nan,1.41,3.01,15.76,8.09,0.88,23.51,13.23
design_1880,1.12,0.86,1.42,nan,nan,nan,0.59,1.14,15.15,7.72,0.89,25.21,12.37
design_1881,0.68,0.96,1.84,nan,nan,nan,0.62,1.2,14.52,7.59,0.88,26.55,20.48
design_1882,0.64,0.81,1.53,nan,nan,nan,0.59,1.01,14.43,7.45,0.89,31.95,19.42
design_1883,0.68,0.95,1.84,nan,nan,nan,0.64,1.19,15.13,7.84,0.88,27.24,21.14
design_1884,0.54,0.97,1.76,nan,nan,nan,0.61,1.13,15.13,7.78,0.89,7.48,4.18
design_1885,0.63,0.91,1.73,nan,nan,nan,0.61,1.12,15.0,7.67,0.89,25.7,12.02
design_1886,0.67,0.94,1.7,nan,nan,nan,0.59,1.13,15.01,7.78,0.88,28.15,21.38
design_1887,1.23,0.52,1.61,nan,nan,nan,0.6,1.18,15.21,7.95,0.87,17.04,10.25
design_1888,0.99,1.0,1.5,nan,nan,nan,0.66,1.19,14.67,7.53,0.89,15.12,7.91
design_1889,0.86,1.01,1.33,nan,nan,nan,0.62,1.09,14.72,7.44,0.9,15.56,8.17
design_1890,1.05,1.04,1.5,nan,nan,nan,0.67,1.22,14.93,7.65,0.89,12.52,7.86
design_1891,0.72,1.15,1.76,nan,nan,nan,0.67,1.29,14.34,7.46,0.89,15.99,10.74
design_1892,0.87,1.07,1.79,nan,nan,nan,0.69,1.31,15.4,7.81,0.89,14.35,9.59
design_1893,1.09,1.08,1.58,nan,nan,nan,0.68,1.28,15.1,7.64,0.89,29.09,20.37
design_1894,0.8,1.05,1.33,nan,nan,nan,0.61,1.09,14.4,7.34,0.9,9.33,9.14
design_1895,1.0,1.08,1.52,nan,nan,nan,0.67,1.23,14.78,7.5,0.9,22.54,19.4
design_1896,0.55,0.76,1.58,nan,nan,nan,0.54,1.0,14.72,7.61,0.89,42.74,23.79
design_1897,0.66,0.78,1.74,nan,nan,nan,0.57,1.1,14.11,7.35,0.88,42.46,23.5
design_1898,0.6,0.8,2.03,nan,nan,nan,0.61,1.22,15.04,7.76,0.89,39.29,19.95
design_1899,0.7,0.74,2.26,nan,nan,nan,0.66,1.34,14.73,7.53,0.89,42.49,20.78
design_1900,0.62,0.74,2.13,nan,nan,nan,0.63,1.26,15.58,7.97,0.89,40.1,25.66
design_1901,0.57,0.73,1.3,nan,nan,nan,0.5,0.88,14.76,7.47,0.9,38.41,20.95
design_1902,0.62,0.77,2.39,nan,nan,nan,0.67,1.39,13.74,6.85,0.91,41.65,22.69
design_1903,0.64,0.66,2.06,nan,nan,nan,0.61,1.22,15.56,7.96,0.89,36.32,32.53
design_1904,0.62,0.65,2.52,nan,nan,nan,0.88,1.77,14.67,7.85,0.85,25.63,21.58
design_1905,0.61,0.57,2.58,nan,nan,nan,0.89,1.8,15.05,8.03,0.85,26.08,14.22
design_1906,0.95,0.61,3.03,nan,nan,nan,1.05,2.14,14.3,7.87,0.83,24.99,19.01
design_1907,0.93,0.61,3.67,nan,nan,nan,1.23,2.55,13.89,7.25,0.88,18.25,17.81
design_1908,0.75,0.77,2.58,nan,nan,nan,0.91,1.83,14.6,7.91,0.84,24.08,18.77
design_1909,1.38,0.6,3.26,nan,nan,nan,1.12,2.35,14.13,7.58,0.85,12.32,7.97
design_1910,0.85,0.83,9.76,nan,nan,nan,3.0,6.63,14.7,7.81,0.86,29.7,13.09
design_1911,0.88,0.64,2.68,nan,nan,nan,0.95,1.9,14.65,7.94,0.84,22.88,19.99
design_1912,0.46,0.75,1.21,nan,nan,nan,0.56,0.94,16.44,8.3,0.88,33.0,14.05
design_1913,0.96,0.68,4.5,nan,nan,nan,1.49,3.17,16.63,8.78,0.86,27.63,13.17
design_1914,0.45,0.7,2.19,nan,nan,nan,0.8,1.57,17.9,9.34,0.86,21.42,15.77
design_1915,0.61,0.56,2.37,nan,nan,nan,0.85,1.7,17.64,9.31,0.86,7.4,6.37
design_1916,0.74,0.42,4.92,nan,nan,nan,1.61,3.44,16.66,8.55,0.85,32.61,16.21
design_1917,0.55,0.6,3.49,nan,nan,nan,1.18,2.45,15.93,8.09,0.87,17.37,16.4
design_1918,0.71,0.71,3.68,nan,nan,nan,1.24,2.6,16.78,8.7,0.87,31.51,13.85
design_1919,0.59,0.64,2.84,nan,nan,nan,0.99,2.02,15.87,8.38,0.86,30.18,15.35
design_1920,0.36,0.87,0.82,nan,nan,nan,0.46,0.72,14.39,7.32,0.89,34.28,14.71
design_1921,0.42,0.55,0.63,nan,nan,nan,0.43,0.54,15.3,7.79,0.88,37.81,18.3
design_1922,0.65,0.77,0.95,nan,nan,nan,0.5,0.81,15.53,7.86,0.89,30.69,15.78
design_1923,0.73,0.84,0.37,nan,nan,nan,0.44,0.66,14.95,7.56,0.89,22.07,13.38
design_1924,0.45,0.53,0.57,nan,nan,nan,0.44,0.52,15.63,7.96,0.88,40.4,19.18
design_1925,1.05,0.43,0.59,nan,nan,nan,0.47,0.74,15.36,7.82,0.88,20.01,16.56
design_1926,0.95,0.6,0.79,nan,nan,nan,0.48,0.8,15.06,7.66,0.88,33.79,14.01
design_1927,1.19,0.6,0.76,nan,nan,nan,0.51,0.89,15.38,7.76,0.89,30.25,14.48
design_1928,0.66,0.99,1.45,nan,nan,nan,0.63,1.11,15.52,7.78,0.9,21.47,8.36
design_1929,0.8,0.99,1.38,nan,nan,nan,0.63,1.11,15.98,7.91,0.9,24.76,22.01
design_1930,0.54,0.95,1.15,nan,nan,nan,0.55,0.93,15.93,7.85,0.9,17.35,17.93
design_1931,0.87,1.0,1.23,nan,nan,nan,0.6,1.06,15.75,7.86,0.9,10.08,8.58
design_1932,0.93,0.93,1.3,nan,nan,nan,0.61,1.09,15.91,7.93,0.9,26.62,22.32
design_1933,0.79,0.91,1.44,nan,nan,nan,0.64,1.11,15.88,7.87,0.9,10.29,4.68
design_1934,0.58,1.0,1.22,nan,nan,nan,0.57,0.99,15.9,7.94,0.9,29.06,13.62
design_1935,0.77,0.91,1.18,nan,nan,nan,0.58,0.98,15.92,7.86,0.9,14.82,13.95
design_1936,0.57,0.99,2.72,nan,nan,nan,0.83,1.73,16.06,8.12,0.89,28.22,19.36
design_1937,0.82,1.16,1.81,nan,nan,nan,0.67,1.34,14.55,7.41,0.89,42.51,26.28
design_1938,0.63,0.93,2.34,nan,nan,nan,0.73,1.52,15.86,8.0,0.89,40.65,24.21
design_1939,0.92,1.23,1.81,nan,nan,nan,0.69,1.38,15.49,7.77,0.9,35.16,18.26
design_1940,0.86,1.15,1.86,nan,nan,nan,0.69,1.37,15.8,7.85,0.9,13.9,13.5
design_1941,0.91,1.22,1.84,nan,nan,nan,0.7,1.38,15.32,7.7,0.9,34.31,16.56
design_1942,0.89,1.05,1.94,nan,nan,nan,0.69,1.39,15.06,7.6,0.89,40.81,24.78
design_1943,0.69,1.15,1.9,nan,nan,nan,0.68,1.35,15.88,7.98,0.9,23.63,14.66
design_1944,0.42,0.74,1.02,nan,nan,nan,0.5,0.81,16.25,8.17,0.89,29.64,13.76
design_1945,0.66,0.8,1.44,nan,nan,nan,0.61,1.1,15.67,7.81,0.9,19.84,14.04
design_1946,0.47,0.66,0.53,nan,nan,nan,0.41,0.55,15.73,7.78,0.9,18.41,16.11
design_1947,0.62,0.77,1.44,nan,nan,nan,0.58,1.08,16.25,8.15,0.89,25.74,12.6
design_1948,0.49,0.68,0.63,nan,nan,nan,0.44,0.6,15.53,7.82,0.9,13.4,11.04
design_1949,0.5,0.72,1.51,nan,nan,nan,0.59,1.1,16.23,8.05,0.9,30.14,15.9
design_1950,0.53,0.76,1.62,nan,nan,nan,0.62,1.17,16.1,8.05,0.89,27.4,12.24
design_1951,0.5,0.66,0.83,nan,nan,nan,0.47,0.7,16.1,8.04,0.9,32.45,13.86
design_1952,0.69,0.63,1.22,nan,nan,nan,0.54,0.91,15.49,7.74,0.9,11.88,12.22
design_1953,0.58,0.59,1.41,nan,nan,nan,0.56,0.99,15.71,7.82,0.9,31.77,14.01
design_1954,0.62,0.62,0.87,nan,nan,nan,0.48,0.72,15.31,7.65,0.9,30.34,14.69
design_1955,0.54,0.66,0.81,nan,nan,nan,0.47,0.69,15.71,7.8,0.9,31.44,13.36
design_1956,0.64,0.65,0.79,nan,nan,nan,0.47,0.71,14.89,7.51,0.89,20.06,17.27
design_1957,0.62,0.65,1.05,nan,nan,nan,0.51,0.82,15.68,7.81,0.9,34.14,16.53
design_1958,0.55,0.6,0.86,nan,nan,nan,0.47,0.7,15.57,7.78,0.9,27.96,11.1
design_1959,0.53,0.67,1.19,nan,nan,nan,0.52,0.87,15.87,7.89,0.9,24.69,18.16
design_1960,0.57,0.81,1.83,nan,nan,nan,0.68,1.29,14.83,7.52,0.89,14.76,14.17
design_1961,0.53,0.73,1.42,nan,nan,nan,0.58,1.03,15.31,7.66,0.9,16.41,20.11
design_1962,0.58,0.67,1.65,nan,nan,nan,0.63,1.16,14.95,7.63,0.89,4.61,3.33
design_1963,0.75,0.8,1.89,nan,nan,nan,0.69,1.35,15.28,7.7,0.89,26.82,19.66
design_1964,0.69,0.77,1.78,nan,nan,nan,0.67,1.27,15.3,7.7,0.89,27.07,21.03
design_1965,0.52,0.73,1.47,nan,nan,nan,0.59,1.06,14.84,7.6,0.89,23.23,23.44
design_1966,0.43,0.69,1.19,nan,nan,nan,0.53,0.88,15.47,7.7,0.9,17.91,13.27
design_1967,0.52,0.71,1.18,nan,nan,nan,0.53,0.89,15.88,7.96,0.9,16.41,11.19
design_1968,0.65,0.67,1.64,nan,nan,nan,0.57,1.07,14.69,7.55,0.89,34.21,16.0
design_1969,0.67,0.65,1.8,nan,nan,nan,0.6,1.15,14.8,7.56,0.89,29.86,16.46
design_1970,0.81,0.9,1.22,nan,nan,nan,0.55,0.98,15.1,7.62,0.89,29.77,16.17
design_1971,0.69,0.66,1.27,nan,nan,nan,0.52,0.91,14.79,7.52,0.89,32.69,17.2
design_1972,0.73,0.8,1.22,nan,nan,nan,0.52,0.93,14.95,7.58,0.9,29.45,16.26
design_1973,0.8,0.76,1.3,nan,nan,nan,0.55,0.97,15.28,7.8,0.89,5.57,5.45
design_1974,0.75,0.85,4.24,nan,nan,nan,1.07,2.47,15.07,7.63,0.89,6.35,6.99
design_1975,0.76,0.66,1.61,nan,nan,nan,0.57,1.08,14.95,7.62,0.89,31.09,15.32
design_1976,0.71,0.53,0.47,nan,nan,nan,0.43,0.56,15.29,7.54,0.89,26.63,25.01
design_1977,0.7,0.56,0.47,nan,nan,nan,0.43,0.56,15.51,7.68,0.89,27.05,22.04
design_1978,0.85,0.49,0.49,nan,nan,nan,0.45,0.61,15.6,7.7,0.9,35.33,22.34
design_1979,0.7,0.55,0.49,nan,nan,nan,0.43,0.57,16.09,7.89,0.9,34.55,19.94
design_1980,0.69,0.54,0.46,nan,nan,nan,0.43,0.55,15.66,7.64,0.9,33.91,21.45
design_1981,0.77,0.56,0.47,nan,nan,nan,0.44,0.59,16.24,7.93,0.9,25.48,29.05
design_1982,0.58,0.57,0.54,nan,nan,nan,0.43,0.56,15.86,7.7,0.91,29.1,22.06
design_1983,0.53,0.48,0.49,nan,nan,nan,0.42,0.5,16.31,8.01,0.9,36.83,23.41
design_1984,0.65,0.91,1.29,nan,nan,nan,0.56,0.99,15.08,7.47,0.91,18.46,14.34
design_1985,0.85,1.31,1.91,nan,nan,nan,0.72,1.43,15.12,7.51,0.9,29.89,16.21
design_1986,0.78,1.11,1.55,nan,nan,nan,0.62,1.19,15.3,7.73,0.89,37.28,21.66
design_1987,0.8,1.24,2.02,nan,nan,nan,0.73,1.45,14.98,7.47,0.9,19.04,14.83
design_1988,0.66,0.92,1.57,nan,nan,nan,0.6,1.13,15.26,7.55,0.91,34.35,19.38
design_1989,1.04,1.21,1.85,nan,nan,nan,0.72,1.42,15.18,7.61,0.9,35.07,17.21
design_1990,0.9,1.33,1.82,nan,nan,nan,0.71,1.41,14.88,7.49,0.89,37.14,18.68
design_1991,0.97,1.24,2.05,nan,nan,nan,0.75,1.51,15.24,7.61,0.9,32.62,15.45
design_1992,0.71,1.06,1.05,nan,nan,nan,0.52,0.93,14.04,7.23,0.89,15.68,16.96
design_1993,0.63,0.97,1.33,nan,nan,nan,0.54,0.98,14.44,7.43,0.89,25.98,19.28
design_1994,0.65,1.05,1.13,nan,nan,nan,0.52,0.94,14.83,7.51,0.9,31.15,19.04
design_1995,0.54,1.0,1.31,nan,nan,nan,0.52,0.96,14.75,7.54,0.89,22.45,21.18
design_1996,0.76,0.95,1.13,nan,nan,nan,0.53,0.93,14.58,7.38,0.9,10.35,6.81
design_1997,0.64,0.99,1.49,nan,nan,nan,0.56,1.05,14.73,7.58,0.89,30.18,19.8
design_1998,0.62,1.13,1.24,nan,nan,nan,0.54,1.0,14.63,7.49,0.89,15.61,15.1
design_1999,0.65,1.04,1.1,nan,nan,nan,0.52,0.93,13.2,6.82,0.89,26.53,20.31
design_2000,0.44,0.44,0.79,nan,nan,nan,0.42,0.61,15.62,7.78,0.9,17.11,10.79
design_2001,0.49,0.39,1.19,nan,nan,nan,0.48,0.84,15.82,7.88,0.9,16.94,16.92
design_2002,0.41,0.48,1.01,nan,nan,nan,0.45,0.73,16.01,7.97,0.9,29.16,15.28
design_2003,0.54,0.45,2.17,nan,nan,nan,0.7,1.44,15.72,8.1,0.89,24.27,13.56
design_2004,0.46,0.46,1.11,nan,nan,nan,0.47,0.79,16.13,8.12,0.89,26.17,13.97
design_2005,0.43,0.46,1.04,nan,nan,nan,0.46,0.75,15.94,8.1,0.89,29.19,14.52
design_2006,0.42,0.38,1.12,nan,nan,nan,0.46,0.78,15.3,7.58,0.9,28.31,11.94
design_2007,0.51,0.52,1.11,nan,nan,nan,0.49,0.81,15.73,7.89,0.89,16.39,10.51
design_2008,0.56,0.88,1.04,nan,nan,nan,0.49,0.82,12.59,6.68,0.88,31.68,17.13
design_2009,0.52,0.86,1.02,nan,nan,nan,0.48,0.8,14.51,7.45,0.89,30.63,16.8
design_2010,0.41,0.69,1.15,nan,nan,nan,0.49,0.77,15.39,7.85,0.89,29.49,16.46
design_2011,0.61,0.9,1.23,nan,nan,nan,0.51,0.91,15.05,7.71,0.89,30.32,17.4
design_2012,0.69,0.77,1.51,nan,nan,nan,0.55,1.01,15.43,7.89,0.89,31.02,16.33
design_2013,0.72,0.9,1.54,nan,nan,nan,0.57,1.06,14.87,7.68,0.89,28.07,18.15
design_2014,0.6,0.71,1.16,nan,nan,nan,0.5,0.83,15.1,7.71,0.89,34.75,15.51
design_2015,0.49,0.84,1.07,nan,nan,nan,0.48,0.8,12.8,6.72,0.88,32.16,16.98
design_2016,0.44,0.87,0.86,nan,nan,nan,0.48,0.76,16.22,8.07,0.9,22.21,20.43
design_2017,0.44,1.01,0.93,nan,nan,nan,0.5,0.84,16.01,7.98,0.9,29.32,17.95
design_2018,0.43,0.88,1.22,nan,nan,nan,0.54,0.95,14.21,7.42,0.87,32.0,14.78
design_2019,0.56,0.91,0.74,nan,nan,nan,0.49,0.74,15.54,7.84,0.89,32.04,14.26
design_2020,0.44,0.9,0.82,nan,nan,nan,0.48,0.75,15.41,7.78,0.89,30.39,14.96
design_2021,0.44,0.88,0.74,nan,nan,nan,0.47,0.71,16.0,7.95,0.9,32.15,14.36
design_2022,0.41,0.88,0.95,nan,nan,nan,0.5,0.8,15.85,7.92,0.9,33.53,14.29
design_2023,0.44,0.87,0.84,nan,nan,nan,0.49,0.75,16.17,8.08,0.9,31.96,19.52
design_2024,1.01,1.29,0.71,nan,nan,nan,0.55,1.05,14.6,7.4,0.9,26.44,20.01
design_2025,0.6,1.31,0.8,nan,nan,nan,0.52,0.94,15.14,7.77,0.89,11.66,8.9
design_2026,1.07,1.34,0.51,nan,nan,nan,0.56,1.06,14.02,7.3,0.89,24.14,18.8
design_2027,0.73,1.22,1.14,nan,nan,nan,0.56,1.03,15.31,7.86,0.89,30.5,18.83
design_2028,1.46,1.17,0.94,nan,nan,nan,0.67,1.24,14.88,7.5,0.9,26.05,21.44
design_2029,1.29,1.28,1.13,nan,nan,nan,0.63,1.24,15.48,8.0,0.89,25.23,13.54
design_2030,0.66,1.27,1.37,nan,nan,nan,0.6,1.11,15.39,7.85,0.89,17.78,7.95
design_2031,1.05,1.31,0.8,nan,nan,nan,0.6,1.08,15.01,7.72,0.89,18.08,13.43
design_2032,0.5,0.7,0.53,nan,nan,nan,0.44,0.57,16.65,8.09,0.9,25.05,18.47
design_2033,0.79,0.68,0.53,nan,nan,nan,0.46,0.65,16.62,8.14,0.9,25.37,19.36
design_2034,0.65,0.61,0.58,nan,nan,nan,0.45,0.6,15.68,7.68,0.9,35.16,16.69
design_2035,0.51,0.6,0.66,nan,nan,nan,0.44,0.61,15.95,7.72,0.91,21.17,13.93
design_2036,0.52,0.67,0.5,nan,nan,nan,0.43,0.55,16.63,8.06,0.91,25.95,18.48
design_2037,0.63,0.6,0.52,nan,nan,nan,0.42,0.57,16.11,7.8,0.91,27.94,13.08
design_2038,0.4,0.71,0.55,nan,nan,nan,0.43,0.56,15.65,7.69,0.9,18.83,16.85
design_2039,0.54,0.6,0.54,nan,nan,nan,0.43,0.55,16.06,7.82,0.9,24.33,17.46
design_2040,0.62,0.58,0.48,nan,nan,nan,0.43,0.55,16.68,8.13,0.91,34.14,19.42
design_2041,0.79,0.53,0.49,nan,nan,nan,0.45,0.59,16.51,8.05,0.91,31.61,19.19
design_2042,0.81,0.56,0.52,nan,nan,nan,0.46,0.62,16.17,7.94,0.9,33.27,21.1
design_2043,0.56,0.51,0.54,nan,nan,nan,0.44,0.54,16.29,7.92,0.91,35.4,18.3
design_2044,0.6,0.56,0.56,nan,nan,nan,0.45,0.57,16.17,7.94,0.9,31.37,17.9
design_2045,0.64,0.51,0.57,nan,nan,nan,0.46,0.58,16.71,8.1,0.91,32.93,14.68
design_2046,0.73,0.57,0.53,nan,nan,nan,0.45,0.6,15.97,7.84,0.9,29.45,13.81
design_2047,0.73,0.61,0.62,nan,nan,nan,0.47,0.65,16.01,7.81,0.9,28.58,24.0
design_2048,0.48,1.05,1.54,nan,nan,nan,0.64,1.18,14.22,7.2,0.89,27.61,16.18
design_2049,0.33,1.08,1.45,nan,nan,nan,0.61,1.12,15.44,7.71,0.89,8.71,8.18
design_2050,0.56,1.1,2.61,nan,nan,nan,0.89,1.83,16.21,8.31,0.88,8.72,6.38
design_2051,0.57,0.91,2.29,nan,nan,nan,0.8,1.61,17.87,8.89,0.88,22.12,24.93
design_2052,0.34,0.98,2.84,nan,nan,nan,0.93,1.94,15.85,8.24,0.88,27.19,14.83
design_2053,0.55,1.15,2.88,nan,nan,nan,0.97,2.01,16.18,8.32,0.88,28.94,16.09
design_2054,0.52,1.04,2.02,nan,nan,nan,0.75,1.46,16.1,8.37,0.87,14.48,15.31
design_2055,0.57,1.11,1.64,nan,nan,nan,0.68,1.26,15.23,7.68,0.89,11.72,7.13
design_2056,0.92,0.26,3.52,nan,nan,nan,1.2,2.49,14.52,7.45,0.88,22.25,19.19
design_2057,1.18,0.42,3.62,nan,nan,nan,1.25,2.59,15.22,7.73,0.88,23.97,20.38
design_2058,1.13,0.35,3.67,nan,nan,nan,1.27,2.62,14.83,7.53,0.88,24.24,19.28
design_2059,0.85,0.27,3.71,nan,nan,nan,1.25,2.61,14.58,7.49,0.88,23.03,19.37
design_2060,1.07,0.29,3.72,nan,nan,nan,1.27,2.65,16.04,8.09,0.88,20.42,20.67
design_2061,0.98,0.41,1.33,nan,nan,nan,0.61,1.08,15.23,8.02,0.86,25.08,17.39
design_2062,1.08,0.31,1.29,nan,nan,nan,0.61,1.07,16.08,8.25,0.87,28.7,15.86
design_2063,1.08,0.39,3.49,nan,nan,nan,1.21,2.49,14.31,7.33,0.88,22.86,19.81
design_2064,0.58,1.0,1.57,nan,nan,nan,0.59,1.11,14.87,7.63,0.88,29.51,13.89
design_2065,0.65,1.03,4.27,nan,nan,nan,1.09,2.5,15.29,7.91,0.88,18.18,10.29
design_2066,0.49,1.09,1.67,nan,nan,nan,0.6,1.16,14.92,7.64,0.89,27.69,17.87
design_2067,0.5,1.09,1.79,nan,nan,nan,0.63,1.21,14.66,7.51,0.89,27.27,19.27
design_2068,0.53,1.12,1.85,nan,nan,nan,0.64,1.26,14.56,7.47,0.89,30.23,16.03
design_2069,0.51,0.93,1.53,nan,nan,nan,0.58,1.05,14.39,7.42,0.88,30.39,16.06
design_2070,0.51,1.07,1.69,nan,nan,nan,0.61,1.16,14.95,7.69,0.89,28.45,17.9
design_2071,0.5,1.09,1.81,nan,nan,nan,0.63,1.23,14.71,7.52,0.89,29.7,18.62
design_2072,0.46,0.86,5.24,nan,nan,nan,1.52,3.39,15.4,7.92,0.88,29.13,16.11
design_2073,1.38,0.59,5.13,nan,nan,nan,1.51,3.39,15.84,8.11,0.89,24.96,18.45
design_2074,0.54,0.71,4.81,nan,nan,nan,1.4,3.11,15.17,8.04,0.86,27.84,14.63
design_2075,0.48,0.84,5.11,nan,nan,nan,1.48,3.31,15.69,8.22,0.87,26.26,19.85
design_2076,1.28,0.58,5.04,nan,nan,nan,1.48,3.31,16.23,8.43,0.88,27.13,15.61
design_2077,1.15,0.74,5.53,nan,nan,nan,1.61,3.62,15.91,8.16,0.88,26.47,13.27
design_2078,0.35,0.86,5.09,nan,nan,nan,1.47,3.3,15.96,8.02,0.89,25.23,16.3
design_2079,1.41,0.65,5.08,nan,nan,nan,1.5,3.36,16.46,8.29,0.89,23.96,17.69
design_2080,1.02,0.62,1.44,nan,nan,nan,0.62,1.1,14.76,7.32,0.91,24.09,21.47
design_2081,1.04,0.54,0.62,nan,nan,nan,0.55,0.77,15.21,7.5,0.91,28.24,14.19
design_2082,1.1,0.52,1.74,nan,nan,nan,0.67,1.25,15.35,7.54,0.91,32.27,19.83
design_2083,1.09,0.67,0.56,nan,nan,nan,0.56,0.81,14.89,7.3,0.91,22.68,14.64
design_2084,0.9,0.92,1.39,nan,nan,nan,0.61,1.1,14.42,7.26,0.9,27.73,18.63
design_2085,0.88,0.85,1.57,nan,nan,nan,0.63,1.17,14.76,7.4,0.9,16.04,8.26
design_2086,1.07,0.65,0.55,nan,nan,nan,0.55,0.8,14.93,7.37,0.91,28.51,16.47
design_2087,1.11,0.57,0.58,nan,nan,nan,0.55,0.8,14.94,7.37,0.91,28.29,16.4
design_2088,0.69,0.48,1.69,nan,nan,nan,0.6,1.11,16.12,7.97,0.9,23.72,19.6
design_2089,0.64,0.75,0.95,nan,nan,nan,0.48,0.79,15.23,7.59,0.9,18.48,16.16
design_2090,1.11,0.68,1.81,nan,nan,nan,0.66,1.31,15.4,7.83,0.89,9.21,8.65
design_2091,0.61,0.62,1.09,nan,nan,nan,0.49,0.81,15.2,7.65,0.9,14.88,9.12
design_2092,0.74,0.34,1.77,nan,nan,nan,0.61,1.15,15.25,7.65,0.9,14.98,17.64
design_2093,1.12,0.69,1.82,nan,nan,nan,0.68,1.32,14.76,7.29,0.91,15.69,19.28
design_2094,1.2,0.67,1.62,nan,nan,nan,0.65,1.25,15.08,7.61,0.9,12.53,13.2
design_2095,0.61,0.48,1.5,nan,nan,nan,0.56,1.0,15.93,7.89,0.9,17.46,7.8
design_2096,0.88,0.69,0.7,nan,nan,nan,0.48,0.76,15.32,7.77,0.89,14.57,12.5
design_2097,0.36,0.79,0.64,nan,nan,nan,0.46,0.62,15.63,7.87,0.89,25.29,16.54
design_2098,0.39,0.64,2.36,nan,nan,nan,0.79,1.6,15.82,8.1,0.88,26.82,14.95
design_2099,0.36,0.77,0.7,nan,nan,nan,0.46,0.64,15.39,7.76,0.89,16.77,17.19
design_2100,0.31,0.8,1.37,nan,nan,nan,0.57,1.01,14.88,7.45,0.9,18.96,17.17
design_2101,1.0,0.72,0.61,nan,nan,nan,0.48,0.78,15.96,8.0,0.89,14.06,13.23
design_2102,0.95,0.77,0.52,nan,nan,nan,0.47,0.74,15.93,8.01,0.89,12.06,8.52
design_2103,0.4,0.76,0.75,nan,nan,nan,0.47,0.67,15.58,7.88,0.89,13.91,12.07
design_2104,0.97,0.9,5.49,nan,nan,nan,1.67,3.69,14.42,7.79,0.86,28.23,15.99
design_2105,0.69,0.93,4.76,nan,nan,nan,1.46,3.2,14.76,7.92,0.86,29.02,15.89
design_2106,0.65,0.93,4.54,nan,nan,nan,1.4,3.05,14.96,7.96,0.86,26.93,16.78
design_2107,0.67,0.85,5.19,nan,nan,nan,1.58,3.47,16.1,8.39,0.88,17.48,15.54
design_2108,1.04,0.92,4.02,nan,nan,nan,1.28,2.75,15.94,8.32,0.87,28.36,14.59
design_2109,0.6,0.95,3.22,nan,nan,nan,1.04,2.21,16.41,8.46,0.88,17.83,18.13
design_2110,0.63,0.87,4.85,nan,nan,nan,1.48,3.25,16.53,8.6,0.87,30.22,14.99
design_2111,0.68,0.9,3.83,nan,nan,nan,1.2,2.6,15.75,8.33,0.87,29.33,15.57
design_2112,0.69,0.73,1.48,nan,nan,nan,0.57,1.02,15.23,7.55,0.9,10.77,5.82
design_2113,0.6,0.91,1.14,nan,nan,nan,0.51,0.9,15.15,7.59,0.9,33.68,16.39
design_2114,0.63,0.84,1.23,nan,nan,nan,0.53,0.92,15.13,7.62,0.9,6.43,7.64
design_2115,0.38,0.97,1.07,nan,nan,nan,0.5,0.85,15.17,7.6,0.9,22.62,26.49
design_2116,0.58,0.92,3.85,nan,nan,nan,0.99,2.25,15.07,7.84,0.88,22.37,21.63
design_2117,0.71,0.95,3.89,nan,nan,nan,1.01,2.29,15.38,7.87,0.89,27.35,19.08
design_2118,0.6,0.99,1.4,nan,nan,nan,0.56,1.03,15.08,7.64,0.89,39.35,25.02
design_2119,0.65,0.82,1.55,nan,nan,nan,0.57,1.06,15.67,7.98,0.88,29.69,20.33
design_2120,0.56,0.79,3.39,nan,nan,nan,1.12,2.35,17.08,8.99,0.86,25.38,11.48
design_2121,0.62,0.88,2.59,nan,nan,nan,0.91,1.84,15.21,8.05,0.86,26.77,16.65
design_2122,0.38,0.94,4.82,nan,nan,nan,1.54,3.3,16.24,8.26,0.89,17.69,14.82
design_2123,0.66,0.61,3.31,nan,nan,nan,1.11,2.29,15.86,8.47,0.85,27.41,20.14
design_2124,0.69,0.73,3.05,nan,nan,nan,1.04,2.13,15.66,8.25,0.87,18.41,12.48
design_2125,0.58,0.83,5.34,nan,nan,nan,1.69,3.65,15.95,8.03,0.89,20.14,12.45
design_2126,0.57,0.93,4.9,nan,nan,nan,1.56,3.37,15.89,8.01,0.89,27.7,14.01
design_2127,0.71,0.88,3.32,nan,nan,nan,1.11,2.32,16.59,8.74,0.87,25.97,15.8
design_2128,1.15,1.45,0.56,nan,nan,nan,0.59,1.14,14.06,7.28,0.89,10.44,10.74
design_2129,0.55,1.42,0.81,nan,nan,nan,0.54,0.99,15.52,7.86,0.89,12.93,9.34
design_2130,0.63,1.47,0.86,nan,nan,nan,0.56,1.04,14.37,7.42,0.89,3.35,2.65
design_2131,0.64,1.46,0.94,nan,nan,nan,0.56,1.06,15.09,7.73,0.89,19.18,17.09
design_2132,0.61,1.33,1.01,nan,nan,nan,0.56,1.01,14.6,7.55,0.89,16.57,13.8
design_2133,0.63,1.51,1.07,nan,nan,nan,0.58,1.11,14.91,7.64,0.89,13.07,9.56
design_2134,0.56,1.55,1.08,nan,nan,nan,0.58,1.11,15.01,7.69,0.89,12.65,10.69
design_2135,0.68,1.36,1.29,nan,nan,nan,0.58,1.12,15.2,7.83,0.88,18.82,15.76
design_2136,0.74,0.42,4.16,nan,nan,nan,1.39,2.92,15.5,7.99,0.88,21.42,20.25
design_2137,0.76,0.53,1.73,nan,nan,nan,0.71,1.29,14.8,7.78,0.86,24.42,16.96
design_2138,0.38,0.31,3.66,nan,nan,nan,1.22,2.55,17.67,9.0,0.87,26.85,18.4
design_2139,0.7,0.48,4.13,nan,nan,nan,1.38,2.89,16.53,8.55,0.87,12.28,10.25
design_2140,0.32,0.53,4.25,nan,nan,nan,1.4,2.96,16.98,8.93,0.87,19.6,14.01
design_2141,0.47,0.46,3.82,nan,nan,nan,1.28,2.67,16.21,8.46,0.87,14.31,11.42
design_2142,0.59,0.47,3.27,nan,nan,nan,1.12,2.3,16.79,8.74,0.87,17.37,10.78
design_2143,0.72,0.51,3.49,nan,nan,nan,1.19,2.46,16.15,8.31,0.87,24.06,17.24
design_2144,0.34,0.6,2.2,nan,nan,nan,0.79,1.53,17.17,8.76,0.88,20.09,14.28
design_2145,0.56,0.65,2.35,nan,nan,nan,0.84,1.65,17.33,8.87,0.88,31.03,14.61
design_2146,0.56,0.54,2.48,nan,nan,nan,0.87,1.73,16.85,8.66,0.87,18.76,13.16
design_2147,0.48,0.48,2.24,nan,nan,nan,0.8,1.56,16.61,8.51,0.88,27.09,15.33
design_2148,0.31,0.68,2.83,nan,nan,nan,0.96,1.95,16.63,8.48,0.88,17.66,12.51
design_2149,0.44,0.54,1.52,nan,nan,nan,0.62,1.09,16.74,8.51,0.88,18.45,14.97
design_2150,0.47,0.59,2.35,nan,nan,nan,0.83,1.64,16.5,8.35,0.88,9.44,8.16
design_2151,0.69,0.6,3.03,nan,nan,nan,1.03,2.11,17.03,8.67,0.88,32.46,12.46
design_2152,0.48,1.05,1.86,nan,nan,nan,0.7,1.36,15.52,7.78,0.89,27.27,16.32
design_2153,0.49,0.91,1.83,nan,nan,nan,0.68,1.32,16.09,8.12,0.89,21.36,20.98
design_2154,0.58,0.88,1.66,nan,nan,nan,0.66,1.23,16.37,8.32,0.88,31.39,20.2
design_2155,0.45,1.07,0.89,nan,nan,nan,0.52,0.84,15.74,7.87,0.9,33.05,13.55
design_2156,0.35,0.94,0.66,nan,nan,nan,0.47,0.68,15.75,7.82,0.9,28.92,19.04
design_2157,0.55,1.02,1.86,nan,nan,nan,0.69,1.37,16.0,8.09,0.89,28.65,16.58
design_2158,0.35,0.98,0.63,nan,nan,nan,0.48,0.68,16.02,7.96,0.9,32.15,22.34
design_2159,0.66,1.08,1.71,nan,nan,nan,0.67,1.31,15.52,7.88,0.89,19.67,13.3
design_2160,0.58,0.91,3.3,nan,nan,nan,0.88,1.96,15.16,7.82,0.89,32.15,13.82
design_2161,0.52,0.84,3.42,nan,nan,nan,0.9,2.0,15.25,7.79,0.89,29.36,17.92
design_2162,0.62,0.99,0.99,nan,nan,nan,0.52,0.87,14.88,7.55,0.9,26.28,18.98
design_2163,0.65,0.94,0.97,nan,nan,nan,0.51,0.85,14.45,7.34,0.9,30.4,16.41
design_2164,0.59,0.82,3.41,nan,nan,nan,0.89,2.01,14.86,7.58,0.9,20.86,9.51
design_2165,0.69,0.88,2.04,nan,nan,nan,0.66,1.32,16.21,8.3,0.88,30.17,13.0
design_2166,0.49,0.93,3.16,nan,nan,nan,0.85,1.88,15.45,7.92,0.88,29.35,17.0
design_2167,0.47,0.96,3.05,nan,nan,nan,0.83,1.82,15.03,7.83,0.88,23.06,12.9
design_2168,0.7,0.99,4.27,nan,nan,nan,1.38,2.95,16.31,8.67,0.85,31.09,14.32
design_2169,0.63,0.93,4.07,nan,nan,nan,1.32,2.81,15.67,8.02,0.88,24.67,15.74
design_2170,0.63,1.03,3.28,nan,nan,nan,1.1,2.31,15.77,8.13,0.88,24.05,20.16
design_2171,0.66,0.88,1.52,nan,nan,nan,0.66,1.18,14.62,7.75,0.86,21.91,14.81
design_2172,1.19,0.85,1.85,nan,nan,nan,0.78,1.47,15.99,8.4,0.86,26.75,14.53
design_2173,0.85,0.76,2.91,nan,nan,nan,1.0,2.06,16.38,8.54,0.86,35.33,17.88
design_2174,0.93,1.1,5.45,nan,nan,nan,1.73,3.77,13.89,7.47,0.86,28.76,14.76
design_2175,0.67,0.96,3.87,nan,nan,nan,1.27,2.69,16.45,8.57,0.87,27.74,14.5
design_2176,0.29,0.47,1.83,nan,nan,nan,0.69,1.27,15.97,8.07,0.89,10.55,10.79
design_2177,0.37,0.49,1.84,nan,nan,nan,0.68,1.29,15.05,7.64,0.89,25.09,14.67
design_2178,0.72,0.53,4.79,nan,nan,nan,1.52,3.28,16.65,8.43,0.88,22.06,14.35
design_2179,0.62,0.43,4.86,nan,nan,nan,1.54,3.31,17.64,8.9,0.88,35.65,16.35
design_2180,0.3,0.54,1.83,nan,nan,nan,0.69,1.28,15.42,7.85,0.89,11.45,6.49
design_2181,0.38,0.57,2.05,nan,nan,nan,0.73,1.43,16.4,8.37,0.88,26.89,13.44
design_2182,0.4,0.53,1.82,nan,nan,nan,0.68,1.28,16.22,8.2,0.89,10.89,12.54
design_2183,0.45,0.46,2.0,nan,nan,nan,0.72,1.39,16.05,8.17,0.88,16.32,7.62
design_2184,0.57,0.63,1.72,nan,nan,nan,0.63,1.16,15.67,7.84,0.9,27.02,14.27
design_2185,0.81,0.79,2.2,nan,nan,nan,0.75,1.49,15.81,7.82,0.91,27.93,16.24
design_2186,0.66,0.78,1.8,nan,nan,nan,0.65,1.24,15.91,7.87,0.9,24.96,18.99
design_2187,0.73,0.73,1.96,nan,nan,nan,0.69,1.34,16.0,7.98,0.9,26.34,20.6
design_2188,0.71,0.71,1.86,nan,nan,nan,0.66,1.28,16.01,7.91,0.9,27.32,15.87
design_2189,0.69,0.75,2.73,nan,nan,nan,0.84,1.78,15.66,7.77,0.9,32.4,15.77
design_2190,0.56,0.72,1.6,nan,nan,nan,0.6,1.1,15.95,8.01,0.89,30.88,14.57
design_2191,0.46,0.84,2.63,nan,nan,nan,0.81,1.7,15.95,7.92,0.9,29.7,17.53
design_2192,0.59,0.89,1.17,nan,nan,nan,0.52,0.92,15.35,7.74,0.89,25.87,19.08
design_2193,1.18,1.21,1.62,nan,nan,nan,0.68,1.36,15.15,7.71,0.89,27.67,18.97
design_2194,0.47,0.85,2.56,nan,nan,nan,0.76,1.61,16.27,8.12,0.9,13.98,8.46
design_2195,0.75,1.07,1.69,nan,nan,nan,0.63,1.24,15.88,7.95,0.9,22.01,10.37
design_2196,0.93,0.8,1.23,nan,nan,nan,0.56,1.01,15.4,7.84,0.89,4.95,3.66
design_2197,0.79,1.14,1.81,nan,nan,nan,0.66,1.32,15.44,7.75,0.9,26.72,21.57
design_2198,1.12,1.2,1.54,nan,nan,nan,0.67,1.31,15.58,7.86,0.89,9.86,6.9
design_2199,0.4,0.82,1.76,nan,nan,nan,0.6,1.16,15.89,7.97,0.89,32.54,17.66
design_2200,1.15,0.86,1.33,nan,nan,nan,0.59,1.13,14.65,7.53,0.89,17.67,9.64
design_2201,0.5,0.55,1.56,nan,nan,nan,0.54,0.98,15.87,8.06,0.89,14.63,12.04
design_2202,0.82,0.63,1.4,nan,nan,nan,0.54,1.0,14.64,7.63,0.88,10.52,9.47
design_2203,0.95,0.82,1.67,nan,nan,nan,0.61,1.2,13.91,7.15,0.89,17.24,9.44
design_2204,0.27,0.62,1.06,nan,nan,nan,0.47,0.71,14.72,7.45,0.89,12.34,6.41
design_2205,1.18,0.7,1.3,nan,nan,nan,0.57,1.1,15.1,7.77,0.88,14.28,7.9
design_2206,1.11,0.79,1.07,nan,nan,nan,0.54,1.01,15.22,7.8,0.88,18.59,8.94
design_2207,1.15,0.92,1.17,nan,nan,nan,0.56,1.09,15.28,7.75,0.89,16.39,8.48
design_2208,0.76,0.72,2.57,nan,nan,nan,0.86,1.74,16.28,8.19,0.89,23.21,20.55
design_2209,0.52,0.57,2.42,nan,nan,nan,0.8,1.61,15.86,8.01,0.89,23.73,14.67
design_2210,0.75,0.63,2.57,nan,nan,nan,0.86,1.73,16.53,8.32,0.89,38.02,22.61
design_2211,0.38,0.62,1.98,nan,nan,nan,0.69,1.32,15.73,7.74,0.9,22.54,18.13
design_2212,0.82,0.74,2.79,nan,nan,nan,0.91,1.88,16.56,8.32,0.89,25.95,14.89
design_2213,0.66,0.66,2.56,nan,nan,nan,0.84,1.71,16.41,8.26,0.89,31.26,15.67
design_2214,0.63,0.67,2.38,nan,nan,nan,0.81,1.6,16.25,8.03,0.9,4.28,4.04
design_2215,0.47,0.64,2.03,nan,nan,nan,0.71,1.36,15.74,7.83,0.9,29.4,17.03
design_2216,0.99,0.75,2.36,nan,nan,nan,0.9,1.78,15.35,7.93,0.87,23.8,21.31
design_2217,0.54,0.6,3.51,nan,nan,nan,1.23,2.51,16.22,8.34,0.86,31.95,23.94
design_2218,1.04,0.78,2.55,nan,nan,nan,0.96,1.92,15.75,8.08,0.87,23.59,21.42
design_2219,0.88,0.72,2.86,nan,nan,nan,1.04,2.1,16.95,8.89,0.86,12.74,11.8
design_2220,0.98,0.65,1.41,nan,nan,nan,0.65,1.16,13.0,6.94,0.86,14.74,13.8
design_2221,0.92,0.7,5.01,nan,nan,nan,1.7,3.59,17.24,8.97,0.87,22.96,24.42
design_2222,1.15,0.54,2.9,nan,nan,nan,1.06,2.15,15.22,8.07,0.86,27.33,15.53
design_2223,0.9,0.56,4.88,nan,nan,nan,1.66,3.49,16.61,8.71,0.86,18.95,20.44
design_2224,0.56,0.71,4.4,nan,nan,nan,1.4,3.02,16.24,8.58,0.86,26.22,9.95
design_2225,0.69,0.62,2.62,nan,nan,nan,0.91,1.84,15.75,8.18,0.87,14.81,8.13
design_2226,0.55,0.7,2.38,nan,nan,nan,0.84,1.67,16.36,8.51,0.87,13.58,12.18
design_2227,0.65,0.71,2.21,nan,nan,nan,0.8,1.58,16.93,8.77,0.87,31.35,19.64
design_2228,0.8,0.76,2.23,nan,nan,nan,0.82,1.62,15.12,7.76,0.88,17.46,12.39
design_2229,0.82,0.77,2.06,nan,nan,nan,0.78,1.52,15.32,7.85,0.87,25.03,15.11
design_2230,0.61,0.66,2.4,nan,nan,nan,0.84,1.69,15.83,8.21,0.86,11.09,10.53
design_2231,0.64,0.82,2.28,nan,nan,nan,0.83,1.64,14.9,7.76,0.87,26.77,16.57
design_2232,0.61,0.49,0.54,nan,nan,nan,0.43,0.55,16.16,7.81,0.91,34.24,22.54
design_2233,0.51,0.42,0.66,nan,nan,nan,0.45,0.57,17.0,8.13,0.91,29.41,20.23
design_2234,0.6,0.42,0.75,nan,nan,nan,0.47,0.65,16.09,7.88,0.9,33.44,19.48
design_2235,0.64,0.58,0.59,nan,nan,nan,0.47,0.6,16.86,8.12,0.91,28.86,23.48
design_2236,0.5,0.4,0.71,nan,nan,nan,0.48,0.6,16.65,8.03,0.91,35.68,20.67
design_2237,0.49,0.46,0.53,nan,nan,nan,0.42,0.51,16.29,7.86,0.91,28.4,21.94
design_2238,0.51,0.49,0.57,nan,nan,nan,0.46,0.54,16.5,7.99,0.91,32.68,29.97
design_2239,0.56,0.5,0.53,nan,nan,nan,0.44,0.53,16.28,7.92,0.9,34.21,23.93
design_2240,0.64,0.86,1.32,nan,nan,nan,0.57,1.01,14.9,7.44,0.9,26.61,12.75
design_2241,0.72,0.8,1.56,nan,nan,nan,0.63,1.13,15.2,7.64,0.89,27.48,13.31
design_2242,0.66,0.86,1.39,nan,nan,nan,0.59,1.04,15.35,7.62,0.9,21.89,9.57
design_2243,0.66,0.9,1.37,nan,nan,nan,0.59,1.05,15.29,7.59,0.9,19.81,14.2
design_2244,0.68,0.84,1.35,nan,nan,nan,0.59,1.02,15.31,7.66,0.9,18.57,7.79
design_2245,0.68,0.88,1.23,nan,nan,nan,0.57,0.97,15.43,7.67,0.9,25.52,12.02
design_2246,0.64,0.88,1.37,nan,nan,nan,0.59,1.03,15.44,7.67,0.9,8.61,6.41
design_2247,0.68,0.91,1.29,nan,nan,nan,0.58,1.01,15.41,7.62,0.9,19.16,11.47
design_2248,0.54,0.8,1.32,nan,nan,nan,0.53,0.95,14.95,7.49,0.9,10.0,6.63
design_2249,0.37,0.76,1.21,nan,nan,nan,0.5,0.86,14.88,7.41,0.91,10.03,5.39
design_2250,0.43,0.77,1.34,nan,nan,nan,0.52,0.93,15.34,7.62,0.9,13.99,14.01
design_2251,0.46,0.77,1.64,nan,nan,nan,0.59,1.09,15.07,7.5,0.9,15.72,9.62
design_2252,0.4,0.76,1.56,nan,nan,nan,0.57,1.04,15.72,7.83,0.9,24.99,19.23
design_2253,0.39,0.86,1.29,nan,nan,nan,0.52,0.93,15.61,7.74,0.9,14.95,7.55
design_2254,0.57,0.79,1.3,nan,nan,nan,0.54,0.95,14.63,7.27,0.9,13.17,12.65
design_2255,0.41,0.74,1.02,nan,nan,nan,0.48,0.77,15.25,7.64,0.9,20.34,19.4
design_2256,0.47,0.49,4.02,nan,nan,nan,1.34,2.81,16.67,8.62,0.88,24.63,19.15
design_2257,0.47,0.54,1.2,nan,nan,nan,0.56,0.91,15.11,7.96,0.87,27.88,16.78
design_2258,0.45,0.47,3.51,nan,nan,nan,1.18,2.46,16.69,8.49,0.88,16.96,12.85
design_2259,0.47,0.39,3.71,nan,nan,nan,1.24,2.59,17.53,9.01,0.87,30.93,14.28
design_2260,0.45,0.5,3.92,nan,nan,nan,1.3,2.74,17.37,8.95,0.87,15.27,15.57
design_2261,0.48,0.47,3.29,nan,nan,nan,1.11,2.31,17.04,8.7,0.88,17.15,14.64
design_2262,0.38,0.47,3.52,nan,nan,nan,1.18,2.46,16.47,8.52,0.87,14.62,11.05
design_2263,0.43,0.44,3.88,nan,nan,nan,1.29,2.71,16.14,8.22,0.89,14.76,11.46
design_2264,0.71,0.8,1.23,nan,nan,nan,0.53,0.95,15.32,7.61,0.9,42.38,16.76
design_2265,0.54,0.53,0.53,nan,nan,nan,0.43,0.53,15.8,7.84,0.9,43.23,20.69
design_2266,0.71,0.77,1.15,nan,nan,nan,0.52,0.91,15.44,7.66,0.9,14.51,11.78
design_2267,0.85,0.92,0.98,nan,nan,nan,0.55,0.92,15.42,7.71,0.9,41.45,19.01
design_2268,0.7,0.78,1.07,nan,nan,nan,0.51,0.87,15.4,7.64,0.9,40.47,15.6
design_2269,0.78,0.94,0.97,nan,nan,nan,0.55,0.9,15.18,7.57,0.9,42.44,17.52
design_2270,0.45,0.55,0.94,nan,nan,nan,0.46,0.69,15.84,7.9,0.89,41.85,17.77
design_2271,0.77,0.79,1.11,nan,nan,nan,0.52,0.91,14.81,7.43,0.9,41.7,15.96
design_2272,0.78,0.8,1.31,nan,nan,nan,0.58,1.02,15.79,7.84,0.9,35.94,14.21
design_2273,0.65,0.8,1.26,nan,nan,nan,0.57,0.96,15.91,7.88,0.9,33.42,14.07
design_2274,0.63,0.76,1.16,nan,nan,nan,0.55,0.9,15.85,7.96,0.89,20.27,15.76
design_2275,0.57,0.79,1.98,nan,nan,nan,0.69,1.34,14.38,7.36,0.89,37.16,16.24
design_2276,0.52,0.78,1.08,nan,nan,nan,0.52,0.84,16.36,8.09,0.9,16.78,14.54
design_2277,0.67,0.73,1.84,nan,nan,nan,0.65,1.26,15.97,7.98,0.9,36.54,14.27
design_2278,0.58,0.73,1.76,nan,nan,nan,0.63,1.2,15.04,7.57,0.9,35.27,14.55
design_2279,0.58,0.77,1.75,nan,nan,nan,0.64,1.21,14.18,7.25,0.89,36.58,16.35
design_2280,0.9,0.42,3.64,nan,nan,nan,1.24,2.58,15.47,7.81,0.89,26.66,14.5
design_2281,0.65,0.58,1.09,nan,nan,nan,0.55,0.88,15.71,8.13,0.87,20.38,13.27
design_2282,0.99,0.37,3.44,nan,nan,nan,1.19,2.45,16.54,8.44,0.88,25.53,18.43
design_2283,0.69,0.34,2.48,nan,nan,nan,0.89,1.76,16.91,8.61,0.87,29.57,14.32
design_2284,1.36,0.24,3.66,nan,nan,nan,1.27,2.64,14.93,7.61,0.88,22.5,15.1
design_2285,0.87,0.42,3.28,nan,nan,nan,1.14,2.33,15.94,8.13,0.88,26.19,15.94
design_2286,0.76,0.43,2.53,nan,nan,nan,0.91,1.81,17.23,8.74,0.86,29.08,27.52
design_2287,0.75,0.42,3.45,nan,nan,nan,1.18,2.43,16.41,8.28,0.88,28.84,17.03
design_2288,0.48,0.77,0.97,nan,nan,nan,0.5,0.8,17.35,8.86,0.87,22.97,24.32
design_2289,0.86,0.79,1.35,nan,nan,nan,0.66,1.1,15.75,7.73,0.91,8.01,5.5
design_2290,0.41,0.76,1.09,nan,nan,nan,0.55,0.86,15.7,7.66,0.91,26.0,19.62
design_2291,0.74,0.87,1.16,nan,nan,nan,0.61,0.98,16.97,8.19,0.91,31.32,15.92
design_2292,0.73,0.8,1.29,nan,nan,nan,0.64,1.04,16.23,7.88,0.91,25.88,19.66
design_2293,0.77,0.84,1.15,nan,nan,nan,0.6,0.98,16.21,8.01,0.9,19.54,15.89
design_2294,0.74,0.79,1.14,nan,nan,nan,0.6,0.96,15.66,7.65,0.91,17.7,12.04
design_2295,0.94,0.75,0.9,nan,nan,nan,0.56,0.88,16.64,8.21,0.9,35.33,22.29
design_2296,0.7,0.56,1.27,nan,nan,nan,0.59,1.01,15.57,8.0,0.88,21.3,19.57
design_2297,0.81,0.28,2.5,nan,nan,nan,0.93,1.82,17.33,8.82,0.88,29.76,14.66
design_2298,0.72,0.43,4.35,nan,nan,nan,1.49,3.11,16.56,8.56,0.87,24.33,17.16
design_2299,0.83,0.36,2.35,nan,nan,nan,0.89,1.73,16.25,8.38,0.88,20.9,18.86
design_2300,0.71,0.28,2.52,nan,nan,nan,0.93,1.83,15.6,7.99,0.88,24.82,19.95
design_2301,1.09,0.37,1.36,nan,nan,nan,0.62,1.13,18.16,8.99,0.89,38.61,35.33
design_2302,0.78,0.32,2.91,nan,nan,nan,1.05,2.1,16.8,8.7,0.87,24.98,22.92
design_2303,0.71,0.53,1.05,nan,nan,nan,0.53,0.87,17.88,8.94,0.88,35.35,35.83
design_2304,0.8,0.86,0.71,nan,nan,nan,0.48,0.79,14.78,7.38,0.9,38.73,18.34
design_2305,0.72,0.9,0.78,nan,nan,nan,0.48,0.8,15.19,7.55,0.9,26.05,17.39
design_2306,0.7,0.8,0.79,nan,nan,nan,0.47,0.76,14.98,7.46,0.9,38.15,20.28
design_2307,0.79,0.86,0.7,nan,nan,nan,0.49,0.79,14.98,7.46,0.9,29.69,19.29
design_2308,0.77,0.9,0.84,nan,nan,nan,0.49,0.83,15.0,7.44,0.9,35.98,17.58
design_2309,0.77,0.86,0.72,nan,nan,nan,0.48,0.78,14.83,7.4,0.9,38.23,18.16
design_2310,0.62,0.9,0.82,nan,nan,nan,0.48,0.78,15.31,7.69,0.9,34.04,16.75
design_2311,0.71,0.83,0.85,nan,nan,nan,0.49,0.8,15.11,7.53,0.9,26.85,15.5
design_2312,0.81,1.11,5.21,nan,nan,nan,1.6,3.51,16.56,8.51,0.88,30.93,12.24
design_2313,0.51,1.07,2.26,nan,nan,nan,0.81,1.62,16.36,8.24,0.89,14.43,8.27
design_2314,0.57,1.02,1.96,nan,nan,nan,0.74,1.43,15.83,8.1,0.88,12.83,12.71
design_2315,0.55,1.11,2.42,nan,nan,nan,0.86,1.72,15.87,8.06,0.89,12.49,9.06
design_2316,0.66,1.1,2.54,nan,nan,nan,0.88,1.8,14.55,7.65,0.87,28.0,14.93
design_2317,0.46,1.11,1.88,nan,nan,nan,0.72,1.39,15.51,7.99,0.88,19.34,20.0
design_2318,0.55,0.96,2.25,nan,nan,nan,0.8,1.59,16.6,8.45,0.88,37.83,21.6
design_2319,0.55,1.13,1.9,nan,nan,nan,0.73,1.41,16.11,8.29,0.88,16.53,17.87
design_2320,0.6,0.7,4.08,nan,nan,nan,1.32,2.81,13.79,7.04,0.88,31.35,15.66
design_2321,0.74,0.59,2.85,nan,nan,nan,0.98,1.99,16.86,8.58,0.88,29.43,14.91
design_2322,0.45,0.61,3.34,nan,nan,nan,1.1,2.3,16.45,8.21,0.89,22.68,16.93
design_2323,0.46,0.67,4.21,nan,nan,nan,1.36,2.88,12.63,6.55,0.88,26.58,17.22
design_2324,0.26,0.48,4.17,nan,nan,nan,1.33,2.84,15.92,7.95,0.89,22.74,17.0
design_2325,0.49,0.66,3.84,nan,nan,nan,1.24,2.64,14.91,7.66,0.88,28.29,16.4
design_2326,0.5,0.59,4.17,nan,nan,nan,1.33,2.85,15.73,7.9,0.89,27.77,17.05
design_2327,0.91,0.69,3.27,nan,nan,nan,1.11,2.3,15.27,7.79,0.88,24.15,18.66
design_2328,0.37,0.79,0.83,nan,nan,nan,0.47,0.69,15.11,7.55,0.9,40.1,22.58
design_2329,0.31,0.83,0.58,nan,nan,nan,0.45,0.6,14.32,7.18,0.9,20.57,11.06
design_2330,0.41,0.92,0.63,nan,nan,nan,0.48,0.67,15.63,7.77,0.9,37.1,20.91
design_2331,0.33,0.95,0.87,nan,nan,nan,0.49,0.76,14.87,7.49,0.9,33.0,20.33
design_2332,0.44,0.9,1.07,nan,nan,nan,0.52,0.85,15.7,7.86,0.9,22.32,23.14
design_2333,0.35,0.77,0.98,nan,nan,nan,0.49,0.75,15.1,7.63,0.9,16.78,11.2
design_2334,0.37,0.79,0.81,nan,nan,nan,0.48,0.68,14.67,7.35,0.9,17.0,12.98
design_2335,0.33,0.77,0.59,nan,nan,nan,0.46,0.58,15.6,7.81,0.9,22.13,18.87
design_2336,0.74,0.7,0.66,nan,nan,nan,0.48,0.69,14.68,7.26,0.9,24.27,17.81
design_2337,0.79,0.5,0.67,nan,nan,nan,0.5,0.67,15.81,7.76,0.9,22.55,18.22
design_2338,0.55,0.57,0.68,nan,nan,nan,0.47,0.62,15.63,7.77,0.89,20.9,13.27
design_2339,0.8,0.58,0.58,nan,nan,nan,0.47,0.65,14.75,7.32,0.9,20.84,12.16
design_2340,0.79,0.62,0.55,nan,nan,nan,0.47,0.64,14.99,7.42,0.9,16.61,11.21
design_2341,0.72,0.59,0.6,nan,nan,nan,0.46,0.63,16.82,8.15,0.9,33.48,28.59
design_2342,0.74,0.55,0.75,nan,nan,nan,0.5,0.71,15.08,7.57,0.89,22.15,16.54
design_2343,0.71,0.54,0.69,nan,nan,nan,0.47,0.66,16.51,8.15,0.9,26.43,17.6
design_2344,0.54,0.58,3.85,nan,nan,nan,1.19,2.57,16.16,8.2,0.89,14.92,9.91
design_2345,0.37,0.71,1.24,nan,nan,nan,0.55,0.92,15.0,7.68,0.88,19.76,11.42
design_2346,0.45,0.65,5.46,nan,nan,nan,1.64,3.62,15.71,7.96,0.89,12.97,8.98
design_2347,1.19,0.61,3.27,nan,nan,nan,1.07,2.28,15.43,7.97,0.88,25.9,14.85
design_2348,0.74,0.73,0.98,nan,nan,nan,0.54,0.85,15.04,7.63,0.89,8.62,8.02
design_2349,0.51,0.71,5.39,nan,nan,nan,1.62,3.58,15.17,7.76,0.88,19.31,13.49
design_2350,0.73,0.8,0.84,nan,nan,nan,0.51,0.8,15.28,7.74,0.89,20.48,8.43
design_2351,0.43,0.74,5.79,nan,nan,nan,1.73,3.84,15.42,7.79,0.89,19.19,15.01
design_2352,0.7,0.84,1.45,nan,nan,nan,0.59,1.08,16.44,8.3,0.88,38.43,17.92
design_2353,0.68,1.07,1.42,nan,nan,nan,0.6,1.12,16.44,8.36,0.88,29.66,15.46
design_2354,0.69,0.98,1.7,nan,nan,nan,0.65,1.24,16.75,8.45,0.89,27.26,15.59
design_2355,0.7,1.0,2.22,nan,nan,nan,0.75,1.53,16.16,8.15,0.89,31.08,14.41
design_2356,0.65,1.01,1.64,nan,nan,nan,0.64,1.21,16.58,8.37,0.89,32.38,12.56
design_2357,0.62,0.93,1.25,nan,nan,nan,0.57,0.99,16.79,8.46,0.88,37.52,21.78
design_2358,0.87,1.06,1.77,nan,nan,nan,0.68,1.33,16.11,8.19,0.89,29.51,15.56
design_2359,0.66,1.04,1.64,nan,nan,nan,0.64,1.22,16.34,8.33,0.88,14.11,14.31
design_2360,0.8,0.7,0.98,nan,nan,nan,0.51,0.86,16.88,8.27,0.88,44.0,29.58
design_2361,0.71,0.64,0.95,nan,nan,nan,0.51,0.81,5.78,3.61,0.88,5.96,3.21
design_2362,0.67,0.5,0.87,nan,nan,nan,0.49,0.73,6.32,3.8,0.88,6.42,3.32
design_2363,0.92,0.83,1.06,nan,nan,nan,0.56,0.97,17.73,8.61,0.89,43.27,29.4
design_2364,0.8,0.63,0.87,nan,nan,nan,0.52,0.8,6.55,3.95,0.88,5.28,3.01
design_2365,0.82,0.78,1.08,nan,nan,nan,0.54,0.94,17.42,8.52,0.89,43.52,32.38
design_2366,0.7,0.42,1.25,nan,nan,nan,0.56,0.95,15.85,7.83,0.9,22.36,12.52
design_2367,0.77,0.93,1.05,nan,nan,nan,0.54,0.94,16.54,8.13,0.89,29.17,15.91
design_2368,0.78,0.58,3.29,nan,nan,nan,1.09,2.28,15.27,7.72,0.88,27.92,12.32
design_2369,0.66,0.45,3.5,nan,nan,nan,1.16,2.41,14.37,7.4,0.88,33.87,14.51
design_2370,0.64,0.39,3.67,nan,nan,nan,1.2,2.52,15.04,7.48,0.9,38.42,18.57
design_2371,0.57,0.68,3.43,nan,nan,nan,1.12,2.37,14.79,7.72,0.87,28.92,16.5
design_2372,0.92,0.45,3.0,nan,nan,nan,1.02,2.1,14.53,7.65,0.87,26.79,12.04
design_2373,0.67,0.48,3.42,nan,nan,nan,1.13,2.35,15.22,7.71,0.89,34.78,14.97
design_2374,0.47,0.61,3.25,nan,nan,nan,1.06,2.23,15.63,8.06,0.87,19.45,17.74
design_2375,0.63,0.41,3.59,nan,nan,nan,1.18,2.46,14.24,7.15,0.89,34.38,16.98
design_2376,0.54,0.97,1.31,nan,nan,nan,0.52,0.95,14.63,7.58,0.89,25.5,19.73
design_2377,0.57,0.88,1.68,nan,nan,nan,0.58,1.08,15.63,7.97,0.89,25.66,13.37
design_2378,0.56,0.88,1.42,nan,nan,nan,0.53,0.97,15.72,8.04,0.89,23.14,11.24
design_2379,0.51,1.0,1.26,nan,nan,nan,0.52,0.93,14.98,7.75,0.89,25.22,22.63
design_2380,0.54,0.8,1.61,nan,nan,nan,0.55,1.02,15.67,7.98,0.89,17.77,8.2
design_2381,0.51,0.85,1.45,nan,nan,nan,0.53,0.96,15.66,8.02,0.89,26.82,13.71
design_2382,0.56,0.86,1.92,nan,nan,nan,0.6,1.18,15.42,7.88,0.89,22.02,10.54
design_2383,0.58,0.85,1.56,nan,nan,nan,0.55,1.02,15.78,8.08,0.89,28.66,19.8
design_2384,0.58,0.74,1.88,nan,nan,nan,0.62,1.23,15.11,7.65,0.89,11.86,13.47
design_2385,0.73,0.73,1.28,nan,nan,nan,0.53,0.96,15.65,7.85,0.9,38.11,21.0
design_2386,0.61,0.78,1.99,nan,nan,nan,0.65,1.3,15.58,7.86,0.89,27.26,20.06
design_2387,1.03,0.72,0.96,nan,nan,nan,0.57,0.92,15.03,7.46,0.9,31.41,16.8
design_2388,0.61,0.6,2.29,nan,nan,nan,0.7,1.44,14.96,7.5,0.9,30.04,19.82
design_2389,0.81,0.71,1.06,nan,nan,nan,0.51,0.88,15.33,7.7,0.9,42.69,27.1
design_2390,0.63,0.78,1.29,nan,nan,nan,0.53,0.95,15.5,7.8,0.9,25.0,17.17
design_2391,0.62,0.66,2.34,nan,nan,nan,0.71,1.48,15.26,7.75,0.9,12.4,13.67
design_2392,0.67,0.68,8.69,nan,nan,nan,2.68,5.9,15.56,8.43,0.85,37.61,19.28
design_2393,0.61,0.53,8.22,nan,nan,nan,2.53,5.58,16.4,8.73,0.86,28.96,15.35
design_2394,0.61,0.64,7.57,nan,nan,nan,2.34,5.15,16.52,8.78,0.86,21.69,24.51
design_2395,0.64,0.7,9.09,nan,nan,nan,2.8,6.18,15.59,8.22,0.87,22.06,21.74
design_2396,0.86,0.66,7.81,nan,nan,nan,2.42,5.32,16.54,8.8,0.86,25.43,19.13
design_2397,0.56,0.64,10.37,nan,nan,nan,3.18,7.03,14.89,7.92,0.88,29.25,16.51
design_2398,0.58,0.54,0.64,nan,nan,nan,0.46,0.6,15.77,7.98,0.89,23.34,19.77
design_2399,0.76,0.52,1.92,nan,nan,nan,0.72,1.39,16.67,8.7,0.86,25.04,14.4
design_2400,0.93,0.93,2.28,nan,nan,nan,0.82,1.66,16.44,8.49,0.88,17.02,15.32
design_2401,1.01,0.92,6.58,nan,nan,nan,1.97,4.4,16.18,8.53,0.87,27.63,16.97
design_2402,0.49,0.81,2.44,nan,nan,nan,0.84,1.68,16.22,8.26,0.89,27.24,14.67
design_2403,0.65,0.78,2.01,nan,nan,nan,0.73,1.43,16.25,8.26,0.88,23.45,16.51
design_2404,0.37,0.9,2.06,nan,nan,nan,0.73,1.45,16.45,8.39,0.89,20.32,17.38
design_2405,0.42,0.92,2.2,nan,nan,nan,0.77,1.54,16.26,8.29,0.88,19.58,16.14
design_2406,0.52,0.89,2.21,nan,nan,nan,0.78,1.56,16.42,8.44,0.88,24.99,18.6
design_2407,0.5,0.85,2.13,nan,nan,nan,0.77,1.5,16.46,8.33,0.89,17.99,16.62
design_2408,0.77,0.76,2.3,nan,nan,nan,0.75,1.5,15.65,7.97,0.89,40.4,19.98
design_2409,0.83,0.89,2.66,nan,nan,nan,0.82,1.72,15.39,7.91,0.89,32.53,14.94
design_2410,0.72,0.94,2.45,nan,nan,nan,0.76,1.6,15.01,7.73,0.89,32.03,18.12
design_2411,0.66,1.02,2.38,nan,nan,nan,0.76,1.57,15.07,7.77,0.88,28.89,18.6
design_2412,0.56,0.88,1.95,nan,nan,nan,0.66,1.29,15.01,7.73,0.88,31.57,19.37
design_2413,0.76,0.93,2.34,nan,nan,nan,0.75,1.54,15.39,7.86,0.89,31.31,15.46
design_2414,0.7,0.96,1.67,nan,nan,nan,0.62,1.19,15.27,7.82,0.89,23.6,16.4
design_2415,0.81,0.9,2.81,nan,nan,nan,0.85,1.8,15.7,8.04,0.88,32.35,17.17
design_2416,0.62,1.11,1.02,nan,nan,nan,0.54,0.92,13.74,7.13,0.89,11.85,4.67
design_2417,0.74,1.06,1.85,nan,nan,nan,0.63,1.24,14.93,7.71,0.88,19.96,10.99
design_2418,0.73,1.18,1.02,nan,nan,nan,0.57,0.98,14.3,7.31,0.9,21.99,23.99
design_2419,0.78,1.17,1.29,nan,nan,nan,0.57,1.08,15.68,8.03,0.89,34.0,17.85
design_2420,0.67,1.19,2.78,nan,nan,nan,0.76,1.67,15.01,7.73,0.89,21.33,15.24
design_2421,0.79,1.05,2.76,nan,nan,nan,0.77,1.65,14.53,7.56,0.88,28.11,16.93
design_2422,0.57,1.06,3.04,nan,nan,nan,0.8,1.75,14.73,7.64,0.89,26.56,17.12
design_2423,0.57,1.16,3.67,nan,nan,nan,0.93,2.08,14.4,7.42,0.88,10.36,9.78
design_2424,0.63,0.99,2.71,nan,nan,nan,0.84,1.79,15.15,7.91,0.88,28.44,16.35
design_2425,0.56,0.99,1.11,nan,nan,nan,0.54,0.92,15.15,7.77,0.88,30.71,15.73
design_2426,0.81,0.86,2.71,nan,nan,nan,0.85,1.8,15.34,7.95,0.88,29.61,11.96
design_2427,0.77,1.06,2.07,nan,nan,nan,0.73,1.46,14.2,7.51,0.87,30.51,16.39
design_2428,0.56,0.87,0.53,nan,nan,nan,0.46,0.66,15.25,7.63,0.9,14.41,13.86
design_2429,0.7,0.74,0.72,nan,nan,nan,0.47,0.72,15.55,7.95,0.88,25.63,16.86
design_2430,0.79,0.85,0.67,nan,nan,nan,0.5,0.76,15.55,7.82,0.89,21.46,12.04
design_2431,0.58,1.03,0.86,nan,nan,nan,0.5,0.84,15.5,7.9,0.88,18.13,18.19
design_2432,0.72,0.93,1.5,nan,nan,nan,0.6,1.13,15.66,7.86,0.9,27.36,15.91
design_2433,1.32,0.62,1.7,nan,nan,nan,0.66,1.34,15.97,8.07,0.89,28.81,16.35
design_2434,0.69,0.96,0.98,nan,nan,nan,0.53,0.89,15.56,7.89,0.89,27.56,16.02
design_2435,0.59,0.91,1.25,nan,nan,nan,0.55,0.98,15.46,7.84,0.89,29.25,15.98
design_2436,0.72,0.89,1.78,nan,nan,nan,0.65,1.27,15.99,8.08,0.89,28.61,16.62
design_2437,0.79,0.92,1.66,nan,nan,nan,0.64,1.22,15.66,7.92,0.89,30.71,14.51
design_2438,0.48,0.98,1.62,nan,nan,nan,0.61,1.16,15.03,7.65,0.89,30.78,14.76
design_2439,1.12,0.88,1.53,nan,nan,nan,0.63,1.24,15.69,7.88,0.89,28.78,16.27
design_2440,1.01,0.57,0.62,nan,nan,nan,0.56,0.77,15.09,7.36,0.92,35.05,17.81
design_2441,0.67,0.72,0.96,nan,nan,nan,0.49,0.8,15.42,7.62,0.9,40.76,23.61
design_2442,0.65,0.86,1.03,nan,nan,nan,0.5,0.86,14.52,7.23,0.9,30.69,19.78
design_2443,1.05,0.72,0.63,nan,nan,nan,0.56,0.82,15.44,7.53,0.91,37.04,20.0
design_2444,0.65,0.63,0.72,nan,nan,nan,0.46,0.67,15.14,7.47,0.91,37.13,17.67
design_2445,0.59,0.61,0.58,nan,nan,nan,0.44,0.6,15.62,7.67,0.91,38.45,17.8
design_2446,0.65,0.64,0.76,nan,nan,nan,0.46,0.69,15.0,7.41,0.91,38.35,21.32
design_2447,0.68,0.83,1.27,nan,nan,nan,0.54,0.96,14.89,7.4,0.9,24.03,22.8
design_2448,0.78,0.57,2.16,nan,nan,nan,0.64,1.28,14.59,7.64,0.88,9.54,9.26
design_2449,0.77,0.69,2.97,nan,nan,nan,0.77,1.68,14.79,7.63,0.89,17.28,8.92
design_2450,0.73,0.61,1.65,nan,nan,nan,0.56,1.04,15.53,7.98,0.88,13.05,14.07
design_2451,0.91,0.59,2.42,nan,nan,nan,0.68,1.44,15.74,8.15,0.88,19.08,12.12
design_2452,0.79,0.66,3.21,nan,nan,nan,0.84,1.8,14.36,7.7,0.87,8.15,9.41
design_2453,0.84,0.7,1.71,nan,nan,nan,0.59,1.12,14.6,7.58,0.88,8.16,5.25
design_2454,0.7,0.77,2.68,nan,nan,nan,0.72,1.54,15.29,7.98,0.88,18.23,17.38
design_2455,0.84,0.73,2.97,nan,nan,nan,0.77,1.7,14.57,7.72,0.87,18.14,13.12
design_2456,0.45,0.51,1.24,nan,nan,nan,0.56,0.93,16.62,8.16,0.9,21.65,18.16
design_2457,0.45,0.56,1.29,nan,nan,nan,0.58,0.96,17.11,8.43,0.9,18.04,16.34
design_2458,0.49,0.5,1.33,nan,nan,nan,0.59,0.99,16.36,8.04,0.9,30.05,16.53
design_2459,0.49,0.46,1.22,nan,nan,nan,0.57,0.91,17.66,8.66,0.9,38.96,25.82
design_2460,0.54,0.47,1.44,nan,nan,nan,0.63,1.06,15.76,7.95,0.88,29.16,17.22
design_2461,0.49,0.39,1.17,nan,nan,nan,0.55,0.87,16.23,8.23,0.88,19.77,16.16
design_2462,0.53,0.43,1.44,nan,nan,nan,0.62,1.06,16.85,8.44,0.89,16.84,14.64
design_2463,0.43,0.44,1.22,nan,nan,nan,0.56,0.9,15.31,7.78,0.88,25.77,21.03
design_2464,0.55,0.71,2.88,nan,nan,nan,0.97,2.0,15.46,8.0,0.86,25.78,19.24
design_2465,0.57,0.69,2.9,nan,nan,nan,0.98,2.01,14.9,7.69,0.87,24.19,21.58
design_2466,0.62,0.71,2.87,nan,nan,nan,0.97,2.0,15.88,8.15,0.88,26.95,19.35
design_2467,0.57,0.69,3.03,nan,nan,nan,1.02,2.1,15.26,7.92,0.86,22.53,21.37
design_2468,0.59,0.64,2.72,nan,nan,nan,0.93,1.9,15.25,7.81,0.88,22.88,20.15
design_2469,0.58,0.6,2.9,nan,nan,nan,0.98,2.01,15.17,7.75,0.88,23.64,21.62
design_2470,0.65,0.65,3.3,nan,nan,nan,1.09,2.29,15.91,8.09,0.88,27.54,17.98
design_2471,0.62,0.6,3.12,nan,nan,nan,1.04,2.16,15.93,8.15,0.88,27.89,18.47
design_2472,1.05,0.92,2.24,nan,nan,nan,0.76,1.55,14.5,7.31,0.9,13.99,6.11
design_2473,1.06,1.05,2.25,nan,nan,nan,0.76,1.58,14.67,7.33,0.9,9.54,8.99
design_2474,0.53,0.56,1.31,nan,nan,nan,0.53,0.89,15.09,7.54,0.9,8.7,7.59
design_2475,0.51,0.62,2.0,nan,nan,nan,0.66,1.27,15.36,7.85,0.89,7.99,7.08
design_2476,0.54,0.52,1.17,nan,nan,nan,0.49,0.81,15.13,7.58,0.9,14.28,11.88
design_2477,0.46,0.52,1.77,nan,nan,nan,0.61,1.12,15.06,7.68,0.89,8.31,5.49
design_2478,0.58,0.71,1.47,nan,nan,nan,0.57,1.01,15.23,7.65,0.9,11.53,10.63
design_2479,0.56,0.56,1.65,nan,nan,nan,0.6,1.08,15.53,7.72,0.9,11.68,7.11
design_2480,0.35,1.02,1.72,nan,nan,nan,0.68,1.26,15.43,7.61,0.9,18.15,11.62
design_2481,0.44,0.88,1.06,nan,nan,nan,0.54,0.87,15.8,7.84,0.9,7.98,6.06
design_2482,0.38,1.02,1.92,nan,nan,nan,0.71,1.39,16.08,8.01,0.9,27.38,22.11
design_2483,0.36,0.99,1.49,nan,nan,nan,0.63,1.12,15.47,7.65,0.9,24.29,15.41
design_2484,0.36,1.01,2.05,nan,nan,nan,0.74,1.46,15.55,7.66,0.9,29.06,15.66
design_2485,0.33,1.09,1.86,nan,nan,nan,0.7,1.36,15.56,7.73,0.9,29.71,15.25
design_2486,0.36,1.07,1.58,nan,nan,nan,0.64,1.19,15.46,7.61,0.9,21.33,16.46
design_2487,0.35,1.01,1.61,nan,nan,nan,0.65,1.2,15.9,7.89,0.9,20.1,20.28
design_2488,0.41,0.87,1.37,nan,nan,nan,0.58,1.03,15.37,7.81,0.89,13.7,9.49
design_2489,0.45,0.9,0.78,nan,nan,nan,0.5,0.73,15.76,7.86,0.9,19.37,19.86
design_2490,0.41,0.87,0.64,nan,nan,nan,0.46,0.65,16.01,8.01,0.9,22.59,12.53
design_2491,0.59,0.92,0.84,nan,nan,nan,0.51,0.8,15.95,8.09,0.89,9.98,12.6
design_2492,0.41,0.93,0.72,nan,nan,nan,0.49,0.71,15.8,7.85,0.9,19.53,15.6
design_2493,0.57,0.81,3.86,nan,nan,nan,1.22,2.6,15.76,8.2,0.87,29.62,12.76
design_2494,0.36,0.79,0.81,nan,nan,nan,0.47,0.7,15.43,7.75,0.9,13.17,13.77
design_2495,0.56,0.89,0.89,nan,nan,nan,0.54,0.8,15.62,7.84,0.9,12.74,14.28
design_2496,0.75,0.67,1.93,nan,nan,nan,0.75,1.43,15.82,8.21,0.87,24.85,19.41
design_2497,0.72,0.68,6.76,nan,nan,nan,2.18,4.71,16.92,8.81,0.87,20.89,14.2
design_2498,0.63,0.47,0.94,nan,nan,nan,0.49,0.77,15.03,7.63,0.88,34.21,18.27
design_2499,0.83,0.55,3.22,nan,nan,nan,1.12,2.29,14.68,7.57,0.88,37.13,23.76
design_2500,0.73,0.49,2.85,nan,nan,nan,1.0,2.03,17.47,9.03,0.87,37.06,22.97
design_2501,0.7,0.51,2.42,nan,nan,nan,0.87,1.73,18.51,9.41,0.86,45.47,39.3
design_2502,0.66,0.65,3.01,nan,nan,nan,1.04,2.14,16.26,8.3,0.88,28.51,14.24
design_2503,0.72,0.58,2.53,nan,nan,nan,0.91,1.81,17.46,8.56,0.89,28.59,18.3
design_2504,0.58,0.66,2.66,nan,nan,nan,0.87,1.81,16.58,8.43,0.89,21.04,11.57
design_2505,0.56,0.83,2.93,nan,nan,nan,0.94,2.0,15.47,7.92,0.88,27.02,15.2
design_2506,0.55,0.63,2.71,nan,nan,nan,0.88,1.84,15.95,8.03,0.89,27.18,19.02
design_2507,0.57,0.68,2.9,nan,nan,nan,0.94,1.97,16.54,8.39,0.89,32.41,14.15
design_2508,0.5,0.62,2.27,nan,nan,nan,0.77,1.55,16.45,8.38,0.88,23.93,9.53
design_2509,0.46,0.62,1.65,nan,nan,nan,0.61,1.16,16.39,8.33,0.89,16.0,13.44
design_2510,0.54,0.54,2.27,nan,nan,nan,0.77,1.55,16.31,8.32,0.88,39.87,20.1
design_2511,0.5,0.8,2.27,nan,nan,nan,0.78,1.58,16.33,8.24,0.89,24.47,11.89
design_2512,1.11,1.41,2.16,nan,nan,nan,0.79,1.63,14.91,7.53,0.89,20.4,11.91
design_2513,0.96,1.43,2.51,nan,nan,nan,0.83,1.77,14.86,7.48,0.9,6.16,6.74
design_2514,1.02,1.51,2.12,nan,nan,nan,0.78,1.62,15.48,7.76,0.89,17.82,18.11
design_2515,1.15,1.66,2.35,nan,nan,nan,0.86,1.79,14.6,7.32,0.9,34.48,16.66
design_2516,0.56,1.23,1.3,nan,nan,nan,0.57,1.07,15.44,7.77,0.9,4.66,4.88
design_2517,0.54,1.18,1.42,nan,nan,nan,0.59,1.11,15.1,7.67,0.89,8.16,8.87
design_2518,1.07,1.54,2.06,nan,nan,nan,0.78,1.61,15.57,7.81,0.89,20.72,15.59
design_2519,0.49,1.15,1.1,nan,nan,nan,0.53,0.95,16.04,8.01,0.9,36.41,22.25
design_2520,0.86,0.63,1.75,nan,nan,nan,0.67,1.23,16.0,8.04,0.89,26.89,21.19
design_2521,0.87,0.73,1.89,nan,nan,nan,0.71,1.33,15.53,7.79,0.9,21.93,12.57
design_2522,0.99,0.84,1.56,nan,nan,nan,0.66,1.2,16.58,8.3,0.89,24.9,21.8
design_2523,0.97,0.77,1.52,nan,nan,nan,0.65,1.17,16.16,8.16,0.89,23.21,19.15
design_2524,0.9,0.69,1.6,nan,nan,nan,0.65,1.18,15.53,7.9,0.89,28.16,15.43
design_2525,1.07,0.85,1.69,nan,nan,nan,0.69,1.3,15.94,7.98,0.89,24.7,22.5
design_2526,1.07,0.83,1.53,nan,nan,nan,0.66,1.21,16.3,8.07,0.9,16.61,15.08
design_2527,0.84,0.69,1.65,nan,nan,nan,0.65,1.19,15.43,7.77,0.9,27.33,15.24
design_2528,0.63,0.76,4.36,nan,nan,nan,1.39,2.99,16.06,8.32,0.88,29.02,24.45
design_2529,0.9,0.8,1.72,nan,nan,nan,0.69,1.32,16.55,8.35,0.89,29.28,16.39
design_2530,0.78,0.76,3.45,nan,nan,nan,1.15,2.41,17.15,8.94,0.87,34.1,25.82
design_2531,0.65,0.82,3.37,nan,nan,nan,1.12,2.35,15.97,8.21,0.88,30.53,22.12
design_2532,0.78,0.8,3.23,nan,nan,nan,1.08,2.26,16.67,8.61,0.87,38.92,25.58
design_2533,0.72,0.72,3.34,nan,nan,nan,1.11,2.32,16.61,8.59,0.87,37.36,23.85
design_2534,0.68,0.87,1.66,nan,nan,nan,0.67,1.26,16.2,8.09,0.89,34.02,16.11
design_2535,0.49,0.88,3.68,nan,nan,nan,1.19,2.54,16.08,8.23,0.88,30.91,22.82
design_2536,0.4,0.65,5.37,nan,nan,nan,1.68,3.66,15.68,8.27,0.86,19.0,16.74
design_2537,0.45,0.62,4.45,nan,nan,nan,1.41,3.04,16.57,8.2,0.89,36.44,27.15
design_2538,0.5,0.71,4.58,nan,nan,nan,1.45,3.13,15.48,7.86,0.89,31.55,17.15
design_2539,0.77,0.45,4.41,nan,nan,nan,1.41,3.02,13.92,7.15,0.88,34.66,20.36
design_2540,0.69,0.64,4.02,nan,nan,nan,1.3,2.77,16.64,8.78,0.87,22.48,20.76
design_2541,0.5,0.7,3.29,nan,nan,nan,1.1,2.27,17.65,9.04,0.88,39.78,28.99
design_2542,1.16,0.42,3.52,nan,nan,nan,1.17,2.47,17.64,9.08,0.87,18.19,20.13
design_2543,1.07,0.45,1.99,nan,nan,nan,0.74,1.48,16.34,8.16,0.89,29.29,16.52
design_2544,0.4,1.09,3.98,nan,nan,nan,1.01,2.33,14.77,7.49,0.89,30.42,11.01
design_2545,0.44,1.11,3.63,nan,nan,nan,0.95,2.15,15.06,7.72,0.88,17.18,16.55
design_2546,0.46,1.03,3.49,nan,nan,nan,0.92,2.06,15.03,7.65,0.88,24.77,16.37
design_2547,0.43,1.14,3.76,nan,nan,nan,0.98,2.22,14.82,7.65,0.88,21.55,18.74
design_2548,0.43,1.02,3.36,nan,nan,nan,0.89,1.99,15.67,8.17,0.87,30.32,14.59
design_2549,0.45,1.1,3.65,nan,nan,nan,0.96,2.16,14.13,7.29,0.88,36.11,18.46
design_2550,0.46,1.05,3.51,nan,nan,nan,0.92,2.08,15.92,8.24,0.87,24.29,17.6
design_2551,0.49,1.09,3.49,nan,nan,nan,0.93,2.08,15.23,7.84,0.88,17.25,19.49
design_2552,0.77,0.71,3.37,nan,nan,nan,1.04,2.23,15.78,7.84,0.9,31.14,16.55
design_2553,0.51,0.65,3.0,nan,nan,nan,0.93,1.97,16.34,8.38,0.88,35.76,13.42
design_2554,0.86,0.68,3.28,nan,nan,nan,1.03,2.18,16.01,8.0,0.9,8.72,7.53
design_2555,0.52,0.62,2.89,nan,nan,nan,0.91,1.9,15.36,7.86,0.89,37.14,14.05
design_2556,0.54,0.69,3.35,nan,nan,nan,1.02,2.19,16.45,8.5,0.88,36.23,15.26
design_2557,0.7,0.65,2.95,nan,nan,nan,0.94,1.96,16.17,8.3,0.89,34.34,19.6
design_2558,0.54,0.59,2.56,nan,nan,nan,0.82,1.69,16.28,8.22,0.89,17.15,12.16
design_2559,0.71,0.66,3.46,nan,nan,nan,1.06,2.28,16.32,8.34,0.88,36.58,18.25
design_2560,0.84,0.74,1.76,nan,nan,nan,0.65,1.25,16.4,8.22,0.89,4.6,3.98
design_2561,0.96,0.73,2.15,nan,nan,nan,0.74,1.49,15.9,8.01,0.89,34.09,14.81
design_2562,0.91,0.78,2.05,nan,nan,nan,0.72,1.43,15.91,7.98,0.9,30.93,14.08
design_2563,0.79,0.69,1.95,nan,nan,nan,0.69,1.34,16.13,8.14,0.89,36.67,14.8
design_2564,0.58,0.63,1.35,nan,nan,nan,0.54,0.96,15.82,7.89,0.9,32.39,12.39
design_2565,0.85,0.66,1.72,nan,nan,nan,0.64,1.22,16.07,8.05,0.9,34.3,15.06
design_2566,0.69,0.75,1.6,nan,nan,nan,0.61,1.14,14.76,7.58,0.88,31.01,16.66
design_2567,0.93,0.77,2.12,nan,nan,nan,0.72,1.47,16.17,8.09,0.9,35.02,13.99
design_2568,0.36,0.73,1.71,nan,nan,nan,0.68,1.25,15.59,8.04,0.87,29.81,16.15
design_2569,0.87,0.69,3.59,nan,nan,nan,1.23,2.55,16.4,8.75,0.85,32.33,14.62
design_2570,0.49,0.64,1.72,nan,nan,nan,0.69,1.26,16.21,8.24,0.88,31.25,15.1
design_2571,0.38,0.74,1.81,nan,nan,nan,0.72,1.32,15.9,8.13,0.88,30.77,13.18
design_2572,0.5,0.73,1.97,nan,nan,nan,0.75,1.43,15.73,8.06,0.88,30.9,14.85
design_2573,0.45,0.74,1.68,nan,nan,nan,0.68,1.24,15.62,7.99,0.88,14.02,11.49
design_2574,0.68,0.7,2.43,nan,nan,nan,0.9,1.75,16.09,8.31,0.87,31.9,13.55
design_2575,0.33,0.78,2.72,nan,nan,nan,0.96,1.93,15.79,8.08,0.88,23.35,13.96
design_2576,0.65,0.96,0.9,nan,nan,nan,0.51,0.84,15.63,7.7,0.91,18.81,15.44
design_2577,0.66,1.03,0.79,nan,nan,nan,0.52,0.83,15.36,7.58,0.9,21.88,16.76
design_2578,0.77,1.1,1.01,nan,nan,nan,0.57,0.97,15.61,7.74,0.9,6.34,6.71
design_2579,0.74,1.01,1.2,nan,nan,nan,0.58,1.02,15.56,7.66,0.9,22.81,16.82
design_2580,0.78,1.15,1.17,nan,nan,nan,0.61,1.06,15.44,7.67,0.9,20.06,17.05
design_2581,0.58,1.03,0.8,nan,nan,nan,0.51,0.81,14.73,7.33,0.9,19.23,13.71
design_2582,0.67,0.92,0.67,nan,nan,nan,0.49,0.75,14.93,7.42,0.9,19.1,11.0
design_2583,0.49,1.02,0.68,nan,nan,nan,0.48,0.74,15.29,7.53,0.91,25.49,20.07
design_2584,0.5,0.64,2.73,nan,nan,nan,0.95,1.94,15.62,8.1,0.88,17.7,15.5
design_2585,0.38,0.63,2.86,nan,nan,nan,0.99,2.02,16.61,8.51,0.87,16.54,12.6
design_2586,0.7,0.59,3.58,nan,nan,nan,1.21,2.52,15.68,7.97,0.88,23.62,12.19
design_2587,0.6,0.63,3.78,nan,nan,nan,1.26,2.66,17.37,8.95,0.87,26.6,15.63
design_2588,0.56,0.54,2.46,nan,nan,nan,0.88,1.75,16.29,8.51,0.87,13.93,12.8
design_2589,0.57,0.6,2.62,nan,nan,nan,0.92,1.87,16.6,8.47,0.88,24.33,15.93
design_2590,0.81,0.46,4.08,nan,nan,nan,1.36,2.87,16.38,8.21,0.89,20.62,11.93
design_2591,0.54,0.67,2.66,nan,nan,nan,0.93,1.9,16.26,8.36,0.87,16.96,11.19
design_2592,0.9,0.73,2.87,nan,nan,nan,1.02,2.07,16.64,8.52,0.88,21.53,19.18
design_2593,0.87,0.73,2.57,nan,nan,nan,0.93,1.87,15.55,7.99,0.88,22.73,17.1
design_2594,0.82,0.78,1.57,nan,nan,nan,0.68,1.23,15.73,8.08,0.88,30.61,16.17
design_2595,0.67,0.67,1.13,nan,nan,nan,0.56,0.92,15.81,8.23,0.87,23.37,24.18
design_2596,0.71,0.59,2.06,nan,nan,nan,0.78,1.5,16.03,8.3,0.88,30.51,13.08
design_2597,0.72,0.65,3.68,nan,nan,nan,1.24,2.6,15.6,8.21,0.87,33.49,14.41
design_2598,0.88,0.66,2.87,nan,nan,nan,1.02,2.07,15.9,8.33,0.87,15.8,13.99
design_2599,0.92,0.69,2.24,nan,nan,nan,0.85,1.66,15.16,7.94,0.87,29.18,14.2
design_2600,0.72,0.73,1.58,nan,nan,nan,0.56,1.04,14.23,7.3,0.89,34.64,22.75
design_2601,0.62,0.7,1.04,nan,nan,nan,0.48,0.78,15.2,7.65,0.9,28.47,29.68
design_2602,0.65,0.76,0.87,nan,nan,nan,0.47,0.75,15.28,7.79,0.9,31.14,15.57
design_2603,0.61,0.75,1.0,nan,nan,nan,0.48,0.78,15.52,7.86,0.9,15.91,18.03
design_2604,0.59,0.61,0.99,nan,nan,nan,0.48,0.73,15.08,7.63,0.9,36.28,21.99
design_2605,0.59,0.71,1.52,nan,nan,nan,0.54,0.97,14.65,7.38,0.9,36.48,17.33
design_2606,0.59,0.71,1.52,nan,nan,nan,0.53,0.97,14.19,7.22,0.9,34.99,17.93
design_2607,0.57,0.82,1.4,nan,nan,nan,0.53,0.95,13.48,6.87,0.9,36.43,20.12
design_2608,0.95,0.89,1.6,nan,nan,nan,0.64,1.2,14.84,7.48,0.9,9.87,5.52
design_2609,0.46,0.6,0.93,nan,nan,nan,0.5,0.7,15.2,7.58,0.9,19.39,12.33
design_2610,0.54,0.7,0.91,nan,nan,nan,0.48,0.74,14.93,7.44,0.91,11.11,14.04
design_2611,0.45,0.59,1.28,nan,nan,nan,0.54,0.86,15.45,7.69,0.9,15.95,21.29
design_2612,0.53,0.6,1.15,nan,nan,nan,0.53,0.82,15.43,7.64,0.91,25.46,18.64
design_2613,0.47,0.54,0.97,nan,nan,nan,0.47,0.7,14.9,7.49,0.9,7.44,8.07
design_2614,0.5,0.6,0.86,nan,nan,nan,0.5,0.68,14.36,7.2,0.9,14.18,11.5
design_2615,0.55,0.53,1.04,nan,nan,nan,0.48,0.76,15.2,7.57,0.9,17.39,21.79
design_2616,0.59,0.73,1.2,nan,nan,nan,0.56,0.94,14.05,7.28,0.87,17.95,18.33
design_2617,0.99,0.76,1.31,nan,nan,nan,0.64,1.1,13.55,6.87,0.89,17.76,16.23
design_2618,1.27,0.66,2.7,nan,nan,nan,1.03,1.98,16.49,8.14,0.9,19.43,13.22
design_2619,0.84,0.76,2.79,nan,nan,nan,0.97,1.98,16.24,7.96,0.9,8.71,8.64
design_2620,0.58,0.66,1.21,nan,nan,nan,0.58,0.94,15.98,8.02,0.89,23.61,20.58
design_2621,0.62,0.64,1.35,nan,nan,nan,0.59,1.02,17.15,8.46,0.88,21.73,20.36
design_2622,1.17,0.74,2.11,nan,nan,nan,0.87,1.61,16.31,8.06,0.9,15.22,14.9
design_2623,0.94,0.8,2.69,nan,nan,nan,0.95,1.93,16.4,8.22,0.89,15.17,7.56
design_2624,0.95,0.84,1.3,nan,nan,nan,0.56,1.03,15.38,7.86,0.89,13.07,10.13
design_2625,0.74,0.75,1.19,nan,nan,nan,0.51,0.89,14.63,7.55,0.89,35.79,19.95
design_2626,0.69,0.78,1.39,nan,nan,nan,0.53,0.97,14.82,7.61,0.89,38.29,15.74
design_2627,0.66,0.81,1.27,nan,nan,nan,0.51,0.92,14.2,7.31,0.89,34.93,15.55
design_2628,0.7,0.77,1.3,nan,nan,nan,0.52,0.93,14.23,7.33,0.89,36.38,15.92
design_2629,0.79,0.67,2.05,nan,nan,nan,0.61,1.25,15.02,7.76,0.88,19.31,14.28
design_2630,0.78,0.81,1.26,nan,nan,nan,0.53,0.95,15.0,7.63,0.9,25.99,13.28
design_2631,0.81,0.72,1.16,nan,nan,nan,0.51,0.89,14.3,7.42,0.89,15.4,13.04
design_2632,0.46,0.87,0.59,nan,nan,nan,0.45,0.64,16.02,7.8,0.9,24.88,15.2
design_2633,0.42,0.79,0.53,nan,nan,nan,0.45,0.58,15.69,7.67,0.9,30.58,15.1
design_2634,0.68,0.72,0.51,nan,nan,nan,0.47,0.61,16.81,8.29,0.9,24.09,17.32
design_2635,0.4,0.75,0.59,nan,nan,nan,0.45,0.59,16.03,7.82,0.9,27.82,17.89
design_2636,0.48,0.76,0.5,nan,nan,nan,0.45,0.57,15.95,7.81,0.9,27.61,16.21
design_2637,0.39,0.74,0.48,nan,nan,nan,0.44,0.53,16.14,7.89,0.9,22.86,19.25
design_2638,0.62,0.76,0.47,nan,nan,nan,0.44,0.59,16.65,8.06,0.91,28.66,16.7
design_2639,0.54,0.8,0.59,nan,nan,nan,0.47,0.63,15.15,7.5,0.89,20.92,17.52
design_2640,0.54,0.76,2.8,nan,nan,nan,0.74,1.58,14.48,7.52,0.87,21.54,21.04
design_2641,0.6,0.71,3.11,nan,nan,nan,0.78,1.73,14.82,7.71,0.87,36.74,18.92
design_2642,0.48,0.71,1.63,nan,nan,nan,0.53,1.0,15.09,7.85,0.88,20.2,18.98
design_2643,0.47,0.66,3.11,nan,nan,nan,0.77,1.71,14.57,7.49,0.89,6.41,3.85
design_2644,0.62,0.67,2.92,nan,nan,nan,0.75,1.63,14.96,7.67,0.88,21.55,16.82
design_2645,0.39,0.72,2.94,nan,nan,nan,0.74,1.62,16.16,8.26,0.88,30.84,16.45
design_2646,0.66,0.66,2.63,nan,nan,nan,0.7,1.5,16.5,8.36,0.89,11.42,8.4
design_2647,0.57,0.75,3.01,nan,nan,nan,0.77,1.69,14.69,7.62,0.88,21.64,20.2
design_2648,0.42,0.49,0.77,nan,nan,nan,0.44,0.6,14.77,7.68,0.87,25.8,13.98
design_2649,0.5,0.47,0.95,nan,nan,nan,0.47,0.71,15.42,7.99,0.88,31.44,14.49
design_2650,0.35,0.51,1.41,nan,nan,nan,0.55,0.96,13.88,7.26,0.87,20.5,15.15
design_2651,0.5,0.44,0.7,nan,nan,nan,0.42,0.57,15.51,7.88,0.89,26.91,14.34
design_2652,0.46,0.44,1.02,nan,nan,nan,0.47,0.74,15.38,7.88,0.88,19.44,15.03
design_2653,0.47,0.45,1.27,nan,nan,nan,0.53,0.89,13.87,7.2,0.88,23.33,14.96
design_2654,0.36,0.53,1.17,nan,nan,nan,0.5,0.82,15.91,8.14,0.89,35.11,13.94
design_2655,0.65,0.44,0.79,nan,nan,nan,0.45,0.66,14.2,7.48,0.87,24.88,15.19
design_2656,0.69,0.46,3.07,nan,nan,nan,1.02,2.12,16.82,8.81,0.86,24.76,25.45
design_2657,0.75,0.56,3.76,nan,nan,nan,1.23,2.59,16.45,8.67,0.87,32.25,13.76
design_2658,0.76,0.61,3.25,nan,nan,nan,1.09,2.26,15.78,8.33,0.86,33.4,13.94
design_2659,0.52,0.52,3.19,nan,nan,nan,1.06,2.2,16.32,8.53,0.86,25.45,19.66
design_2660,0.94,0.58,2.71,nan,nan,nan,0.95,1.92,15.31,8.09,0.86,31.8,16.07
design_2661,0.94,0.52,3.73,nan,nan,nan,1.23,2.59,15.0,7.83,0.87,29.31,15.39
design_2662,0.61,0.51,3.92,nan,nan,nan,1.26,2.68,17.07,8.91,0.87,33.47,12.9
design_2663,0.67,0.42,3.73,nan,nan,nan,1.22,2.56,16.29,8.62,0.86,35.05,14.36
design_2664,0.44,0.66,1.96,nan,nan,nan,0.71,1.39,16.33,8.33,0.86,27.54,18.1
design_2665,0.75,0.71,3.58,nan,nan,nan,1.17,2.48,16.09,8.51,0.86,24.46,20.0
design_2666,0.73,0.63,2.83,nan,nan,nan,0.97,1.98,16.19,8.43,0.87,24.13,18.07
design_2667,0.9,0.78,2.26,nan,nan,nan,0.83,1.65,16.26,8.38,0.87,13.97,10.3
design_2668,0.8,0.54,2.05,nan,nan,nan,0.76,1.48,15.51,7.97,0.87,7.99,5.99
design_2669,0.47,0.75,3.05,nan,nan,nan,1.02,2.11,16.83,8.81,0.87,27.59,20.22
design_2670,1.01,0.72,2.56,nan,nan,nan,0.91,1.85,17.83,9.22,0.86,21.88,13.53
design_2671,1.3,0.55,4.56,nan,nan,nan,1.47,3.18,16.94,8.86,0.86,22.96,20.43
design_2672,0.83,0.88,0.96,nan,nan,nan,0.56,0.91,16.3,8.0,0.9,14.4,8.67
design_2673,0.45,0.78,0.69,nan,nan,nan,0.45,0.66,15.14,7.48,0.9,16.11,10.43
design_2674,0.97,0.84,0.96,nan,nan,nan,0.57,0.94,15.86,7.91,0.89,8.6,6.43
design_2675,0.78,0.86,1.04,nan,nan,nan,0.56,0.94,15.7,7.85,0.89,21.7,22.14
design_2676,0.76,0.65,1.49,nan,nan,nan,0.66,1.17,15.59,7.72,0.9,19.97,16.99
design_2677,0.76,0.88,0.83,nan,nan,nan,0.53,0.83,15.99,7.9,0.9,17.0,17.47
design_2678,0.84,0.91,0.85,nan,nan,nan,0.53,0.86,15.26,7.74,0.88,12.85,13.6
design_2679,0.52,0.82,0.98,nan,nan,nan,0.53,0.84,15.16,7.42,0.9,21.39,17.59
design_2680,0.77,0.63,0.73,nan,nan,nan,0.47,0.72,13.34,6.98,0.87,26.79,14.66
design_2681,0.43,0.66,1.0,nan,nan,nan,0.48,0.75,13.89,7.17,0.88,32.9,15.97
design_2682,0.42,0.73,0.98,nan,nan,nan,0.48,0.76,13.72,7.0,0.88,28.36,14.56
design_2683,1.3,0.54,0.82,nan,nan,nan,0.53,0.95,13.99,7.22,0.88,23.59,14.37
design_2684,0.65,0.54,1.28,nan,nan,nan,0.54,0.92,14.41,7.29,0.89,28.64,13.89
design_2685,0.47,0.57,0.56,nan,nan,nan,0.43,0.53,13.96,7.16,0.89,33.34,15.32
design_2686,0.56,0.58,0.93,nan,nan,nan,0.48,0.73,14.55,7.35,0.9,31.88,15.38
design_2687,0.4,0.54,0.75,nan,nan,nan,0.44,0.6,14.99,7.63,0.89,31.58,14.15
design_2688,0.61,0.8,2.24,nan,nan,nan,0.76,1.53,15.29,7.7,0.9,4.49,3.6
design_2689,0.55,0.76,0.89,nan,nan,nan,0.48,0.76,16.02,7.9,0.9,23.4,15.0
design_2690,0.72,0.79,0.78,nan,nan,nan,0.5,0.77,15.13,7.46,0.91,8.73,10.47
design_2691,0.61,0.76,2.4,nan,nan,nan,0.79,1.62,15.66,7.96,0.89,7.04,3.24
design_2692,0.5,0.61,0.92,nan,nan,nan,0.48,0.72,14.75,7.33,0.9,5.21,6.63
design_2693,0.56,0.74,2.11,nan,nan,nan,0.72,1.44,15.64,7.88,0.9,16.34,15.67
design_2694,0.4,0.71,0.64,nan,nan,nan,0.43,0.6,15.41,7.62,0.9,19.47,15.69
design_2695,0.64,0.68,2.17,nan,nan,nan,0.74,1.48,15.67,7.88,0.9,22.9,24.07
design_2696,0.63,0.6,3.38,nan,nan,nan,1.11,2.33,15.48,7.93,0.88,27.17,14.96
design_2697,0.75,0.57,2.05,nan,nan,nan,0.75,1.47,14.97,7.76,0.87,21.01,14.25
design_2698,0.68,0.6,6.22,nan,nan,nan,1.94,4.24,17.21,8.95,0.87,24.25,16.78
design_2699,0.66,0.64,3.25,nan,nan,nan,1.07,2.25,16.32,8.17,0.88,20.29,16.38
design_2700,0.62,0.78,2.18,nan,nan,nan,0.77,1.56,14.4,7.56,0.87,25.22,17.18
design_2701,0.77,0.82,2.49,nan,nan,nan,0.87,1.79,17.35,8.86,0.88,25.45,20.34
design_2702,0.67,0.81,3.31,nan,nan,nan,1.09,2.31,14.83,7.54,0.88,19.43,20.4
design_2703,0.58,0.7,3.25,nan,nan,nan,1.07,2.25,15.51,7.94,0.88,20.01,12.66
design_2704,0.87,0.73,2.12,nan,nan,nan,0.73,1.46,15.7,8.1,0.88,27.42,17.26
design_2705,0.82,0.71,2.31,nan,nan,nan,0.77,1.55,16.01,8.26,0.88,15.26,8.69
design_2706,0.56,0.82,2.46,nan,nan,nan,0.78,1.61,15.01,7.76,0.88,24.36,12.48
design_2707,0.55,0.7,1.9,nan,nan,nan,0.66,1.27,15.83,8.1,0.88,32.16,19.17
design_2708,0.62,0.8,1.38,nan,nan,nan,0.57,1.02,16.38,8.28,0.89,14.01,14.95
design_2709,0.84,0.84,2.22,nan,nan,nan,0.75,1.52,15.98,8.19,0.88,25.46,14.08
design_2710,0.61,0.67,1.55,nan,nan,nan,0.59,1.08,16.25,8.32,0.88,21.03,8.71
design_2711,0.6,0.77,1.68,nan,nan,nan,0.63,1.17,15.51,7.87,0.89,20.32,12.43
design_2712,0.5,0.76,1.66,nan,nan,nan,0.55,1.03,14.69,7.6,0.89,31.18,18.88
design_2713,0.59,0.71,1.83,nan,nan,nan,0.58,1.11,15.73,8.05,0.89,17.5,9.8
design_2714,0.56,0.57,1.26,nan,nan,nan,0.51,0.82,15.05,7.76,0.89,32.55,13.8
design_2715,0.63,0.71,3.3,nan,nan,nan,0.82,1.83,15.04,7.66,0.89,24.55,17.15
design_2716,0.51,0.82,1.44,nan,nan,nan,0.52,0.95,15.26,7.83,0.89,28.02,20.16
design_2717,0.59,0.75,3.12,nan,nan,nan,0.79,1.74,15.12,7.81,0.88,27.04,19.46
design_2718,0.69,0.84,3.11,nan,nan,nan,0.8,1.76,15.5,8.01,0.88,24.51,22.76
design_2719,0.65,0.77,1.21,nan,nan,nan,0.51,0.88,15.17,7.83,0.89,28.35,18.16
design_2720,0.76,0.54,1.03,nan,nan,nan,0.52,0.83,15.35,7.74,0.89,31.85,14.92
design_2721,0.72,0.53,1.02,nan,nan,nan,0.51,0.8,15.01,7.63,0.89,24.3,16.44
design_2722,0.65,0.55,1.63,nan,nan,nan,0.61,1.11,15.34,7.79,0.89,33.63,14.7
design_2723,0.73,0.51,1.16,nan,nan,nan,0.54,0.87,15.71,7.93,0.9,31.07,20.53
design_2724,0.49,0.49,1.81,nan,nan,nan,0.62,1.18,15.87,8.05,0.89,32.53,14.17
design_2725,0.47,0.5,1.59,nan,nan,nan,0.58,1.05,15.42,7.83,0.89,29.82,15.07
design_2726,0.72,0.5,1.03,nan,nan,nan,0.51,0.8,15.97,8.0,0.9,30.1,15.63
design_2727,0.71,0.52,1.1,nan,nan,nan,0.51,0.84,14.83,7.55,0.89,34.39,14.8
design_2728,0.48,0.96,1.51,nan,nan,nan,0.6,1.12,15.53,7.79,0.9,11.66,6.51
design_2729,0.6,0.93,1.48,nan,nan,nan,0.6,1.12,15.94,8.12,0.89,27.32,24.68
design_2730,0.44,0.87,1.07,nan,nan,nan,0.51,0.86,15.51,7.74,0.89,33.76,21.71
design_2731,0.46,0.93,1.39,nan,nan,nan,0.58,1.05,15.7,7.95,0.89,13.04,7.44
design_2732,0.7,0.94,1.52,nan,nan,nan,0.62,1.16,16.29,8.28,0.89,21.5,14.22
design_2733,0.56,1.12,2.83,nan,nan,nan,0.91,1.93,15.36,7.84,0.89,27.81,15.02
design_2734,0.45,0.95,1.34,nan,nan,nan,0.58,1.03,15.93,8.0,0.9,11.43,7.05
design_2735,0.46,1.01,1.09,nan,nan,nan,0.53,0.91,15.79,7.79,0.91,14.44,10.33
design_2736,0.56,0.41,1.99,nan,nan,nan,0.75,1.43,16.65,8.23,0.89,31.6,19.87
design_2737,0.57,0.44,1.93,nan,nan,nan,0.74,1.39,16.97,8.46,0.89,24.67,18.28
design_2738,0.61,0.46,1.72,nan,nan,nan,0.68,1.26,15.64,7.89,0.88,36.01,23.71
design_2739,0.49,0.56,3.57,nan,nan,nan,1.2,2.5,16.04,7.86,0.9,28.47,30.17
design_2740,0.73,0.51,2.08,nan,nan,nan,0.8,1.51,16.87,8.65,0.88,31.33,21.14
design_2741,0.67,0.72,3.77,nan,nan,nan,1.27,2.66,15.76,7.83,0.89,30.23,30.81
design_2742,0.71,0.44,2.01,nan,nan,nan,0.77,1.46,16.66,8.62,0.87,34.52,20.39
design_2743,0.63,0.6,3.66,nan,nan,nan,1.23,2.57,16.31,8.21,0.88,22.09,22.26
design_2744,0.49,0.94,1.16,nan,nan,nan,0.53,0.93,15.34,7.69,0.89,14.3,6.46
design_2745,0.62,0.54,1.42,nan,nan,nan,0.55,1.01,17.25,8.74,0.87,35.84,27.6
design_2746,0.63,0.59,1.0,nan,nan,nan,0.48,0.79,15.26,7.85,0.88,27.04,15.51
design_2747,0.55,0.62,2.7,nan,nan,nan,0.84,1.79,15.33,7.98,0.87,25.47,16.4
design_2748,0.48,0.61,1.22,nan,nan,nan,0.51,0.89,15.79,7.96,0.88,12.47,12.58
design_2749,0.45,0.54,1.04,nan,nan,nan,0.48,0.77,15.62,7.82,0.89,18.79,11.09
design_2750,0.54,0.43,1.17,nan,nan,nan,0.49,0.84,15.11,7.72,0.88,25.12,15.65
design_2751,0.6,0.54,1.21,nan,nan,nan,0.52,0.89,15.11,7.61,0.89,12.64,9.36
design_2752,0.84,0.96,1.58,nan,nan,nan,0.61,1.16,15.13,7.79,0.88,33.06,19.48
design_2753,0.69,0.85,3.2,nan,nan,nan,0.86,1.91,15.29,7.8,0.89,28.91,14.06
design_2754,0.84,1.11,0.94,nan,nan,nan,0.53,0.96,14.39,7.3,0.89,30.3,16.61
design_2755,0.79,1.07,1.28,nan,nan,nan,0.56,1.05,14.97,7.53,0.9,29.49,16.74
design_2756,0.69,0.97,3.54,nan,nan,nan,0.94,2.1,14.92,7.69,0.89,27.33,14.46
design_2757,0.72,0.96,3.07,nan,nan,nan,0.84,1.86,14.93,7.64,0.89,25.67,12.69
design_2758,0.74,1.08,1.51,nan,nan,nan,0.6,1.14,14.91,7.57,0.9,29.27,17.87
design_2759,0.53,1.01,1.24,nan,nan,nan,0.53,0.95,15.48,7.83,0.89,28.67,14.81
design_2760,0.67,0.57,1.46,nan,nan,nan,0.55,1.0,15.62,7.82,0.9,42.38,24.06
design_2761,0.59,0.61,1.29,nan,nan,nan,0.52,0.9,14.9,7.45,0.91,31.22,21.67
design_2762,0.63,0.63,1.31,nan,nan,nan,0.52,0.93,15.44,7.63,0.91,40.61,18.91
design_2763,0.6,0.6,1.38,nan,nan,nan,0.52,0.95,15.26,7.57,0.91,36.22,17.76
design_2764,0.53,0.57,1.26,nan,nan,nan,0.52,0.87,15.33,7.69,0.9,42.63,23.18
design_2765,0.65,0.66,1.41,nan,nan,nan,0.53,0.99,14.8,7.4,0.9,31.44,18.57
design_2766,0.59,0.64,1.26,nan,nan,nan,0.51,0.9,15.13,7.57,0.9,39.63,18.98
design_2767,0.48,0.7,1.17,nan,nan,nan,0.49,0.84,15.31,7.76,0.9,31.37,21.75
design_2768,0.63,0.69,0.52,nan,nan,nan,0.47,0.59,16.82,8.17,0.91,38.04,23.92
design_2769,0.68,0.75,0.54,nan,nan,nan,0.47,0.63,15.61,7.66,0.9,37.05,20.24
design_2770,0.67,0.68,0.55,nan,nan,nan,0.47,0.62,16.59,8.06,0.91,35.35,23.32
design_2771,0.63,0.71,0.52,nan,nan,nan,0.48,0.6,16.97,8.22,0.9,33.4,31.19
design_2772,0.57,0.71,0.53,nan,nan,nan,0.46,0.58,16.15,7.83,0.91,32.47,27.49
design_2773,0.58,0.75,0.5,nan,nan,nan,0.45,0.59,16.46,7.93,0.91,29.89,30.12
design_2774,0.58,0.7,0.56,nan,nan,nan,0.46,0.6,15.99,7.8,0.9,32.25,29.01
design_2775,0.61,0.76,0.52,nan,nan,nan,0.46,0.61,15.92,7.71,0.91,32.46,34.49
design_2776,0.62,1.06,1.25,nan,nan,nan,0.59,1.02,15.76,7.79,0.9,12.96,6.05
design_2777,0.69,1.1,1.37,nan,nan,nan,0.61,1.1,15.37,7.7,0.9,27.91,13.53
design_2778,0.72,0.94,1.25,nan,nan,nan,0.58,1.01,14.92,7.44,0.9,22.05,10.13
design_2779,0.69,0.85,1.94,nan,nan,nan,0.69,1.34,15.83,7.92,0.9,29.29,12.45
design_2780,0.63,0.93,1.34,nan,nan,nan,0.58,1.03,15.77,7.81,0.9,7.2,5.63
design_2781,0.71,0.98,1.44,nan,nan,nan,0.61,1.11,15.58,7.77,0.9,32.65,18.48
design_2782,0.65,0.99,1.42,nan,nan,nan,0.6,1.09,15.57,7.76,0.9,17.66,8.95
design_2783,0.44,1.1,1.42,nan,nan,nan,0.61,1.09,15.51,7.67,0.9,16.58,8.37
design_2784,0.55,0.74,1.16,nan,nan,nan,0.5,0.84,15.43,7.81,0.89,33.47,14.97
design_2785,0.52,0.59,1.06,nan,nan,nan,0.48,0.75,15.06,7.55,0.9,25.83,18.41
design_2786,0.62,0.74,1.02,nan,nan,nan,0.48,0.8,14.9,7.45,0.9,39.7,17.82
design_2787,0.49,0.57,1.02,nan,nan,nan,0.46,0.72,15.08,7.47,0.91,19.45,14.2
design_2788,0.52,0.59,0.99,nan,nan,nan,0.44,0.72,14.78,7.37,0.9,29.08,20.62
design_2789,0.5,0.66,1.15,nan,nan,nan,0.47,0.8,15.33,7.62,0.9,35.92,16.38
design_2790,0.52,0.73,0.87,nan,nan,nan,0.45,0.71,15.19,7.57,0.9,38.95,18.26
design_2791,0.58,0.66,1.03,nan,nan,nan,0.47,0.77,15.39,7.62,0.91,21.84,15.44
design_2792,0.54,0.77,2.48,nan,nan,nan,0.72,1.5,12.89,6.97,0.86,30.63,17.33
design_2793,0.62,0.83,2.47,nan,nan,nan,0.72,1.51,14.79,7.71,0.88,29.95,17.58
design_2794,0.5,0.74,2.66,nan,nan,nan,0.76,1.58,14.55,7.64,0.87,30.71,12.78
design_2795,0.55,0.81,2.44,nan,nan,nan,0.72,1.48,13.03,7.03,0.87,29.98,17.67
design_2796,0.45,0.8,2.25,nan,nan,nan,0.69,1.37,12.69,6.92,0.86,30.78,17.7
design_2797,0.59,0.78,4.52,nan,nan,nan,1.13,2.6,14.91,7.84,0.87,30.03,18.24
design_2798,1.38,0.7,2.7,nan,nan,nan,0.82,1.78,14.95,7.85,0.88,29.33,17.28
design_2799,0.56,0.8,2.86,nan,nan,nan,0.8,1.7,14.88,7.87,0.87,29.41,16.99
design_2800,0.44,0.81,1.7,nan,nan,nan,0.63,1.19,15.55,7.72,0.9,28.54,14.21
design_2801,0.41,0.79,1.75,nan,nan,nan,0.63,1.21,15.61,7.87,0.89,27.56,15.01
design_2802,0.4,0.85,1.46,nan,nan,nan,0.57,1.06,15.28,7.71,0.89,28.85,15.49
design_2803,0.46,0.63,1.51,nan,nan,nan,0.56,1.05,16.29,8.24,0.89,29.22,12.77
design_2804,0.47,0.84,0.94,nan,nan,nan,0.49,0.79,15.76,7.93,0.9,13.45,10.55
design_2805,0.46,0.76,1.6,nan,nan,nan,0.6,1.13,16.17,8.11,0.9,30.17,14.82
design_2806,0.54,0.83,1.71,nan,nan,nan,0.63,1.22,16.21,7.97,0.9,26.28,13.12
design_2807,0.46,0.81,1.7,nan,nan,nan,0.63,1.19,15.47,7.78,0.9,22.57,18.13
design_2808,0.5,0.49,2.69,nan,nan,nan,0.89,1.81,16.58,8.47,0.88,30.83,13.82
design_2809,0.61,0.57,3.21,nan,nan,nan,1.03,2.16,17.15,8.77,0.88,25.24,13.91
design_2810,0.52,0.59,2.82,nan,nan,nan,0.92,1.9,16.83,8.59,0.88,10.25,9.07
design_2811,0.45,0.7,2.7,nan,nan,nan,0.9,1.83,16.21,8.34,0.88,21.81,15.59
design_2812,0.52,0.58,2.61,nan,nan,nan,0.86,1.77,16.66,8.61,0.87,26.69,16.87
design_2813,0.49,0.62,2.79,nan,nan,nan,0.92,1.89,17.01,8.61,0.88,23.78,9.97
design_2814,0.49,0.73,2.09,nan,nan,nan,0.74,1.45,16.67,8.48,0.88,23.73,12.63
design_2815,0.61,0.54,2.75,nan,nan,nan,0.91,1.86,16.49,8.56,0.87,28.47,16.32
design_2816,0.63,0.74,0.51,nan,nan,nan,0.47,0.62,15.4,7.65,0.9,29.79,14.89
design_2817,0.59,0.69,0.49,nan,nan,nan,0.44,0.58,15.5,7.7,0.9,24.17,15.02
design_2818,0.58,0.61,0.58,nan,nan,nan,0.45,0.59,15.16,7.47,0.9,31.24,19.63
design_2819,0.64,0.64,0.44,nan,nan,nan,0.44,0.57,15.11,7.5,0.9,17.92,12.43
design_2820,0.65,0.65,0.44,nan,nan,nan,0.45,0.57,15.13,7.48,0.9,18.91,14.1
design_2821,0.71,0.65,0.51,nan,nan,nan,0.47,0.62,15.34,7.56,0.9,19.59,16.11
design_2822,0.65,0.71,0.49,nan,nan,nan,0.46,0.61,15.19,7.54,0.9,21.54,14.49
design_2823,0.55,0.74,0.43,nan,nan,nan,0.45,0.57,15.56,7.65,0.9,27.94,16.31
design_2824,0.64,0.63,0.66,nan,nan,nan,0.47,0.65,15.24,7.53,0.9,22.61,13.82
design_2825,0.5,0.68,0.65,nan,nan,nan,0.46,0.62,16.9,8.14,0.91,25.1,17.91
design_2826,0.53,0.75,0.62,nan,nan,nan,0.46,0.63,14.95,7.34,0.91,25.14,16.48
design_2827,0.64,0.62,0.62,nan,nan,nan,0.47,0.62,15.92,7.79,0.9,31.37,16.27
design_2828,0.62,0.73,0.62,nan,nan,nan,0.49,0.65,16.62,8.0,0.91,18.72,17.95
design_2829,0.55,0.56,0.67,nan,nan,nan,0.46,0.61,16.41,7.96,0.91,21.35,16.56
design_2830,0.46,0.59,0.68,nan,nan,nan,0.47,0.6,15.12,7.4,0.91,24.24,18.53
design_2831,0.48,0.59,0.68,nan,nan,nan,0.46,0.61,14.87,7.37,0.9,24.72,18.73
design_2832,0.45,1.04,1.07,nan,nan,nan,0.54,0.91,16.04,8.24,0.87,25.7,14.57
design_2833,0.85,0.97,4.93,nan,nan,nan,1.45,3.23,15.1,7.98,0.87,28.78,15.44
design_2834,0.68,0.85,2.09,nan,nan,nan,0.74,1.46,16.4,8.38,0.87,18.57,13.83
design_2835,0.48,1.09,1.24,nan,nan,nan,0.59,1.01,15.37,7.59,0.9,15.18,13.18
design_2836,0.8,1.03,4.51,nan,nan,nan,1.34,2.97,15.94,8.32,0.87,29.19,14.23
design_2837,0.46,1.0,1.28,nan,nan,nan,0.57,1.01,14.76,7.37,0.89,15.19,15.83
design_2838,0.53,0.84,1.29,nan,nan,nan,0.57,0.98,15.51,8.0,0.87,24.15,19.17
design_2839,0.77,0.95,1.25,nan,nan,nan,0.59,1.04,15.87,7.98,0.89,12.05,7.24
design_2840,0.82,0.67,2.62,nan,nan,nan,0.82,1.72,15.19,7.75,0.89,13.4,8.92
design_2841,0.77,0.87,2.39,nan,nan,nan,0.78,1.61,14.94,7.62,0.89,17.75,13.61
design_2842,0.68,0.73,2.26,nan,nan,nan,0.74,1.5,15.77,7.94,0.9,6.5,3.8
design_2843,0.67,0.73,2.4,nan,nan,nan,0.76,1.58,15.57,7.92,0.89,10.51,7.79
design_2844,0.7,0.63,2.51,nan,nan,nan,0.78,1.63,15.87,8.04,0.89,15.78,10.6
design_2845,0.71,0.86,2.27,nan,nan,nan,0.75,1.53,15.35,7.78,0.89,25.02,16.83
design_2846,0.83,0.82,2.42,nan,nan,nan,0.78,1.63,15.41,7.83,0.89,21.26,11.8
design_2847,0.65,0.81,2.63,nan,nan,nan,0.82,1.72,15.47,7.85,0.89,25.43,16.92
design_2848,0.42,0.55,2.67,nan,nan,nan,0.91,1.84,14.16,7.59,0.85,27.15,19.04
design_2849,0.96,0.68,2.91,nan,nan,nan,1.02,2.07,13.92,7.37,0.86,13.02,9.18
design_2850,0.9,0.68,2.55,nan,nan,nan,0.91,1.82,14.8,7.84,0.86,23.23,19.24
design_2851,0.9,0.68,4.01,nan,nan,nan,1.31,2.78,9.27,5.42,0.86,22.81,13.06
design_2852,0.82,0.63,2.75,nan,nan,nan,0.96,1.94,13.84,7.48,0.85,17.45,10.26
design_2853,0.51,0.49,2.67,nan,nan,nan,0.92,1.84,13.73,7.48,0.85,16.67,15.64
design_2854,0.8,0.61,3.08,nan,nan,nan,1.04,2.15,13.06,7.23,0.85,26.39,17.17
design_2855,0.57,0.6,4.27,nan,nan,nan,1.36,2.92,13.84,7.55,0.85,25.74,18.15
design_2856,0.52,0.63,2.97,nan,nan,nan,0.96,2.01,16.63,8.51,0.87,25.0,15.4
design_2857,0.51,0.71,2.54,nan,nan,nan,0.85,1.74,16.39,8.44,0.87,27.7,12.08
design_2858,0.54,0.8,3.44,nan,nan,nan,1.08,2.33,18.59,9.33,0.87,32.4,30.09
design_2859,0.49,0.79,2.31,nan,nan,nan,0.79,1.6,16.05,8.33,0.86,14.6,8.68
design_2860,0.48,0.7,2.38,nan,nan,nan,0.82,1.63,15.88,8.19,0.88,17.5,8.78
design_2861,0.49,0.81,2.52,nan,nan,nan,0.85,1.74,16.73,8.52,0.88,33.04,16.3
design_2862,0.5,0.7,2.48,nan,nan,nan,0.84,1.7,16.38,8.33,0.88,24.17,10.87
design_2863,0.49,0.72,2.6,nan,nan,nan,0.86,1.77,16.88,8.67,0.88,24.18,10.16
design_2864,0.73,0.85,2.18,nan,nan,nan,0.68,1.39,14.75,7.49,0.89,25.79,18.92
design_2865,0.89,1.03,2.1,nan,nan,nan,0.7,1.42,15.25,7.72,0.89,24.1,19.89
design_2866,0.44,0.84,1.39,nan,nan,nan,0.52,0.95,15.44,7.69,0.9,23.91,18.1
design_2867,0.6,0.74,1.88,nan,nan,nan,0.63,1.19,15.34,7.75,0.89,19.68,10.95
design_2868,0.47,0.88,1.58,nan,nan,nan,0.55,1.06,15.32,7.57,0.9,22.58,10.58
design_2869,0.53,0.82,1.57,nan,nan,nan,0.56,1.05,15.72,7.8,0.9,27.19,19.26
design_2870,0.48,0.89,1.5,nan,nan,nan,0.54,1.02,15.56,7.71,0.9,4.56,4.6
design_2871,0.65,0.83,1.63,nan,nan,nan,0.58,1.1,14.55,7.32,0.9,12.19,8.51
design_2872,0.53,0.66,2.55,nan,nan,nan,0.89,1.78,15.63,8.13,0.88,14.02,10.84
design_2873,0.49,0.66,1.15,nan,nan,nan,0.54,0.89,16.07,8.18,0.89,21.25,17.26
design_2874,0.58,0.7,3.22,nan,nan,nan,1.07,2.23,16.82,8.7,0.88,24.44,21.1
design_2875,0.36,0.65,2.5,nan,nan,nan,0.86,1.73,16.39,8.39,0.88,28.37,19.29
design_2876,0.42,0.73,1.42,nan,nan,nan,0.59,1.05,16.27,8.2,0.89,33.28,12.42
design_2877,0.85,0.72,2.55,nan,nan,nan,0.91,1.82,16.53,8.59,0.88,16.89,11.92
design_2878,0.59,0.64,2.06,nan,nan,nan,0.76,1.47,16.13,8.37,0.88,30.11,13.64
design_2879,0.36,0.64,1.94,nan,nan,nan,0.72,1.37,15.97,8.1,0.89,14.2,7.53
design_2880,0.67,1.15,2.05,nan,nan,nan,0.72,1.42,15.06,7.7,0.89,15.92,8.25
design_2881,0.57,1.02,1.65,nan,nan,nan,0.63,1.17,15.85,7.89,0.9,25.16,20.08
design_2882,0.72,1.03,2.46,nan,nan,nan,0.79,1.62,15.05,7.72,0.89,20.58,25.8
design_2883,0.51,0.98,1.68,nan,nan,nan,0.63,1.17,15.52,7.84,0.9,23.26,18.96
design_2884,1.06,1.06,1.22,nan,nan,nan,0.62,1.12,15.07,7.62,0.9,16.29,21.14
design_2885,0.63,1.01,2.03,nan,nan,nan,0.7,1.37,15.33,7.77,0.89,21.05,15.65
design_2886,0.66,1.06,2.21,nan,nan,nan,0.74,1.48,15.21,7.74,0.89,17.73,19.23
design_2887,0.6,1.07,2.05,nan,nan,nan,0.71,1.39,15.71,7.94,0.9,11.2,10.81
design_2888,0.5,0.67,7.04,nan,nan,nan,2.35,4.99,15.76,8.02,0.89,26.08,16.78
design_2889,0.59,0.54,4.71,nan,nan,nan,1.6,3.35,18.34,8.91,0.89,38.21,29.48
design_2890,0.6,0.7,4.26,nan,nan,nan,1.47,3.04,16.87,8.57,0.88,21.58,18.27
design_2891,0.69,0.54,5.0,nan,nan,nan,1.7,3.56,18.0,8.84,0.89,24.42,24.03
design_2892,0.48,0.68,5.67,nan,nan,nan,1.91,4.03,16.74,8.48,0.89,24.53,19.38
design_2893,0.58,0.78,6.73,nan,nan,nan,2.25,4.78,15.95,8.06,0.88,18.89,22.03
design_2894,0.54,0.53,4.69,nan,nan,nan,1.59,3.34,16.56,8.25,0.89,21.3,20.97
design_2895,0.79,0.82,7.48,nan,nan,nan,2.5,5.32,16.49,8.46,0.88,26.74,20.56
design_2896,0.56,1.12,2.33,nan,nan,nan,0.75,1.54,15.56,7.93,0.89,23.48,10.74
design_2897,0.45,0.85,1.33,nan,nan,nan,0.55,0.95,15.92,7.85,0.91,7.01,5.94
design_2898,0.54,0.84,1.75,nan,nan,nan,0.63,1.18,15.4,7.6,0.91,12.39,6.3
design_2899,0.98,1.38,2.12,nan,nan,nan,0.78,1.57,14.63,7.25,0.91,28.56,18.86
design_2900,0.48,0.99,2.29,nan,nan,nan,0.74,1.49,15.67,7.92,0.89,14.83,7.7
design_2901,0.5,1.08,2.54,nan,nan,nan,0.78,1.64,15.31,7.84,0.88,32.47,22.25
design_2902,0.31,0.98,2.01,nan,nan,nan,0.67,1.32,15.3,7.76,0.89,29.64,13.9
design_2903,0.35,0.95,2.6,nan,nan,nan,0.79,1.64,15.06,7.62,0.89,25.3,12.75
design_2904,0.88,0.66,1.96,nan,nan,nan,0.66,1.28,15.04,7.67,0.89,39.81,18.69
design_2905,0.74,0.74,3.35,nan,nan,nan,0.89,1.98,14.58,7.47,0.89,31.9,18.46
design_2906,0.7,0.66,1.89,nan,nan,nan,0.62,1.2,14.75,7.51,0.89,39.73,18.79
design_2907,0.76,0.6,2.95,nan,nan,nan,0.8,1.76,15.16,7.77,0.89,35.54,15.9
design_2908,0.8,0.69,3.27,nan,nan,nan,0.88,1.94,15.02,7.71,0.89,28.56,17.68
design_2909,0.7,0.65,3.55,nan,nan,nan,0.92,2.07,14.58,7.47,0.89,16.91,14.5
design_2910,0.63,0.51,3.24,nan,nan,nan,0.86,1.88,15.58,7.86,0.89,44.54,29.06
design_2911,0.76,0.68,3.12,nan,nan,nan,0.85,1.85,14.9,7.73,0.89,30.74,17.28
design_2912,0.51,0.59,1.83,nan,nan,nan,0.68,1.28,16.13,8.3,0.88,30.57,15.09
design_2913,0.7,0.49,2.93,nan,nan,nan,0.97,1.99,16.86,8.75,0.87,32.09,13.69
design_2914,0.36,0.54,1.04,nan,nan,nan,0.51,0.76,15.82,7.94,0.89,30.41,12.13
design_2915,0.46,0.62,0.97,nan,nan,nan,0.52,0.76,15.57,7.87,0.89,15.97,9.2
design_2916,0.31,0.58,1.63,nan,nan,nan,0.64,1.13,16.1,8.04,0.9,24.55,16.66
design_2917,0.44,0.57,1.48,nan,nan,nan,0.6,1.04,16.07,8.17,0.89,23.69,19.48
design_2918,0.44,0.52,1.68,nan,nan,nan,0.64,1.17,16.71,8.45,0.89,27.84,17.6
design_2919,0.45,0.54,1.26,nan,nan,nan,0.55,0.91,16.37,8.36,0.88,26.19,19.1
design_2920,0.52,0.51,4.07,nan,nan,nan,1.3,2.78,16.6,8.51,0.88,21.36,22.64
design_2921,0.52,0.46,4.29,nan,nan,nan,1.37,2.93,16.0,8.23,0.88,19.8,12.92
design_2922,0.88,0.5,5.2,nan,nan,nan,1.64,3.56,16.61,8.47,0.86,22.33,19.25
design_2923,0.59,0.59,4.2,nan,nan,nan,1.35,2.88,16.53,8.45,0.88,25.45,17.44
design_2924,0.58,0.48,4.45,nan,nan,nan,1.42,3.04,16.28,8.24,0.89,27.55,16.82
design_2925,0.81,0.56,4.85,nan,nan,nan,1.54,3.32,16.86,8.46,0.89,21.47,18.68
design_2926,0.62,0.49,4.06,nan,nan,nan,1.31,2.78,18.47,9.32,0.87,29.06,19.1
design_2927,0.52,0.58,4.6,nan,nan,nan,1.46,3.14,16.11,8.26,0.89,23.98,12.66
design_2928,0.63,0.56,1.23,nan,nan,nan,0.54,0.9,14.24,7.26,0.89,29.65,15.28
design_2929,1.12,0.27,1.01,nan,nan,nan,0.54,0.91,14.09,7.2,0.88,24.07,11.68
design_2930,0.63,0.6,1.97,nan,nan,nan,0.67,1.31,15.05,7.74,0.89,22.63,11.62
design_2931,0.57,0.46,1.41,nan,nan,nan,0.55,0.96,14.13,7.21,0.88,28.7,16.9
design_2932,1.16,0.3,1.24,nan,nan,nan,0.57,1.03,14.94,7.61,0.89,29.65,15.12
design_2933,0.83,0.56,1.03,nan,nan,nan,0.54,0.85,15.28,7.72,0.89,31.06,15.24
design_2934,0.82,0.63,2.72,nan,nan,nan,0.85,1.77,15.64,8.14,0.88,26.3,15.52
design_2935,0.85,0.7,2.25,nan,nan,nan,0.76,1.52,11.75,6.38,0.87,30.2,15.86
design_2936,0.47,0.71,0.58,nan,nan,nan,0.44,0.59,16.12,7.87,0.91,27.22,17.95
design_2937,0.39,0.74,0.53,nan,nan,nan,0.44,0.55,16.36,8.01,0.9,25.31,12.99
design_2938,0.75,0.82,0.53,nan,nan,nan,0.48,0.67,15.51,7.74,0.89,24.34,12.23
design_2939,0.8,0.68,0.52,nan,nan,nan,0.48,0.65,15.72,7.78,0.9,25.62,17.77
design_2940,0.56,0.64,0.48,nan,nan,nan,0.42,0.54,16.43,7.99,0.91,26.41,20.12
design_2941,0.56,0.8,0.47,nan,nan,nan,0.45,0.58,15.72,7.71,0.9,16.76,12.69
design_2942,0.63,0.82,0.51,nan,nan,nan,0.46,0.63,14.72,7.33,0.9,24.27,12.94
design_2943,0.52,0.71,0.51,nan,nan,nan,0.44,0.57,14.52,7.25,0.9,26.69,16.35
design_2944,0.73,0.78,1.0,nan,nan,nan,0.48,0.83,14.12,7.25,0.89,28.64,17.73
design_2945,0.77,0.88,1.04,nan,nan,nan,0.51,0.89,14.24,7.35,0.89,27.51,19.0
design_2946,0.64,0.91,1.04,nan,nan,nan,0.5,0.86,12.45,6.55,0.88,30.73,17.57
design_2947,0.74,0.9,1.06,nan,nan,nan,0.52,0.89,14.78,7.57,0.89,29.98,15.46
design_2948,0.78,0.75,1.11,nan,nan,nan,0.52,0.87,14.11,7.26,0.89,29.26,16.86
design_2949,0.67,0.83,1.59,nan,nan,nan,0.56,1.05,13.48,7.03,0.89,28.26,18.85
design_2950,0.61,0.82,1.07,nan,nan,nan,0.49,0.83,13.55,7.02,0.89,29.29,17.65
design_2951,0.64,0.87,1.07,nan,nan,nan,0.51,0.86,13.28,6.92,0.89,30.03,17.4
design_2952,0.61,0.54,2.04,nan,nan,nan,0.68,1.34,16.38,8.44,0.88,32.29,13.17
design_2953,0.6,0.51,1.09,nan,nan,nan,0.51,0.8,16.48,8.3,0.89,38.12,16.63
design_2954,0.68,0.75,3.25,nan,nan,nan,0.95,2.09,12.32,6.76,0.86,27.77,17.12
design_2955,0.72,0.57,1.42,nan,nan,nan,0.56,1.02,15.09,7.73,0.88,32.22,21.26
design_2956,0.78,0.77,2.47,nan,nan,nan,0.79,1.64,16.63,8.56,0.88,29.31,19.45
design_2957,0.67,0.65,1.89,nan,nan,nan,0.66,1.28,16.23,8.26,0.89,28.7,15.76
design_2958,0.67,0.61,3.24,nan,nan,nan,0.95,2.06,16.6,8.64,0.87,33.18,13.78
design_2959,0.7,0.75,3.61,nan,nan,nan,1.04,2.3,13.63,7.25,0.87,28.45,16.95
design_2960,0.85,0.69,1.12,nan,nan,nan,0.56,0.92,15.3,7.48,0.91,15.9,11.43
design_2961,0.97,0.7,1.88,nan,nan,nan,0.7,1.34,15.5,7.61,0.91,17.95,14.52
design_2962,0.56,0.72,1.23,nan,nan,nan,0.54,0.91,15.27,7.46,0.91,20.29,12.63
design_2963,0.97,0.64,2.0,nan,nan,nan,0.71,1.4,15.67,7.73,0.91,12.75,7.2
design_2964,0.57,0.59,1.67,nan,nan,nan,0.62,1.13,14.92,7.39,0.91,23.43,19.45
design_2965,0.73,0.6,0.97,nan,nan,nan,0.5,0.8,15.46,7.49,0.92,14.39,10.66
design_2966,0.82,0.64,1.82,nan,nan,nan,0.67,1.27,15.13,7.45,0.91,10.31,6.83
design_2967,0.85,0.69,1.52,nan,nan,nan,0.62,1.12,15.08,7.41,0.91,10.01,6.46
design_2968,0.67,0.87,3.54,nan,nan,nan,1.03,2.27,15.72,8.26,0.86,28.89,16.47
design_2969,0.56,0.71,2.35,nan,nan,nan,0.75,1.53,16.36,8.47,0.88,25.41,12.41
design_2970,0.61,0.73,1.72,nan,nan,nan,0.61,1.19,17.16,8.71,0.87,25.4,22.94
design_2971,1.62,0.61,3.18,nan,nan,nan,1.01,2.2,15.58,8.07,0.87,23.81,15.67
design_2972,0.61,0.9,3.04,nan,nan,nan,0.91,1.97,14.94,7.86,0.87,28.09,16.4
design_2973,0.58,0.78,2.0,nan,nan,nan,0.67,1.34,15.17,7.92,0.87,27.52,18.37
design_2974,0.57,0.76,1.03,nan,nan,nan,0.51,0.82,15.09,7.75,0.88,32.6,14.35
design_2975,0.56,0.83,3.26,nan,nan,nan,0.96,2.09,15.02,7.85,0.87,29.76,15.92
design_2976,0.61,0.71,2.98,nan,nan,nan,1.03,2.12,14.87,7.88,0.86,15.01,14.02
design_2977,0.56,0.62,2.34,nan,nan,nan,0.85,1.68,16.51,8.81,0.85,21.98,18.53
design_2978,0.38,0.62,2.35,nan,nan,nan,0.85,1.67,17.24,9.1,0.85,12.83,13.56
design_2979,0.48,0.66,2.39,nan,nan,nan,0.85,1.71,15.51,8.01,0.87,29.88,12.7
design_2980,0.62,0.69,2.52,nan,nan,nan,0.9,1.81,16.21,8.5,0.86,21.12,17.53
design_2981,0.7,0.67,3.07,nan,nan,nan,1.06,2.19,16.48,8.85,0.85,22.59,12.14
design_2982,0.7,0.66,2.74,nan,nan,nan,0.97,1.96,15.86,8.43,0.86,17.65,16.08
design_2983,0.61,0.69,2.8,nan,nan,nan,0.98,2.0,17.49,9.26,0.85,14.69,12.82
design_2984,0.53,0.99,0.92,nan,nan,nan,0.5,0.82,14.79,7.62,0.89,25.47,20.51
design_2985,0.55,0.93,2.02,nan,nan,nan,0.63,1.24,14.87,7.71,0.88,21.34,19.34
design_2986,0.62,0.96,0.88,nan,nan,nan,0.5,0.82,14.38,7.4,0.89,26.59,17.45
design_2987,0.62,0.88,1.37,nan,nan,nan,0.56,0.97,14.23,7.41,0.88,25.86,16.48
design_2988,0.63,0.94,0.9,nan,nan,nan,0.51,0.82,14.34,7.33,0.9,12.24,10.62
design_2989,0.66,0.98,0.95,nan,nan,nan,0.51,0.86,13.22,6.86,0.89,27.69,17.56
design_2990,0.68,0.93,0.8,nan,nan,nan,0.5,0.8,14.41,7.33,0.9,26.98,18.71
design_2991,0.72,0.89,0.91,nan,nan,nan,0.51,0.83,14.0,7.25,0.89,27.11,17.53
design_2992,0.27,0.87,1.48,nan,nan,nan,0.58,1.06,15.62,7.85,0.89,28.39,15.22
design_2993,0.57,0.9,2.69,nan,nan,nan,0.86,1.82,15.59,7.98,0.88,14.14,9.94
design_2994,0.48,0.71,1.52,nan,nan,nan,0.59,1.07,14.92,7.77,0.87,31.11,16.57
design_2995,0.49,0.85,1.59,nan,nan,nan,0.6,1.14,15.8,8.19,0.88,29.85,15.98
design_2996,0.52,0.83,1.99,nan,nan,nan,0.69,1.38,15.71,8.08,0.88,27.35,17.19
design_2997,0.62,0.83,2.58,nan,nan,nan,0.83,1.74,15.96,8.33,0.87,29.99,15.45
design_2998,0.46,0.81,1.64,nan,nan,nan,0.61,1.16,16.14,8.21,0.88,20.29,11.25
design_2999,0.61,0.77,1.79,nan,nan,nan,0.65,1.26,16.4,8.37,0.88,16.44,10.72
design_3000,0.59,0.63,2.34,nan,nan,nan,0.8,1.61,16.25,8.28,0.88,16.97,21.23
design_3001,0.5,0.74,3.11,nan,nan,nan,1.0,2.11,15.01,7.61,0.89,10.93,10.02
design_3002,0.45,0.5,2.59,nan,nan,nan,0.85,1.74,15.49,7.94,0.88,27.85,15.29
design_3003,0.55,0.76,3.43,nan,nan,nan,1.09,2.31,15.65,7.83,0.9,15.19,9.81
design_3004,0.48,0.62,3.16,nan,nan,nan,1.01,2.12,16.28,8.27,0.88,28.26,16.18
design_3005,0.51,0.66,3.5,nan,nan,nan,1.11,2.35,15.69,8.0,0.89,15.94,10.9
design_3006,0.52,0.76,3.27,nan,nan,nan,1.04,2.21,15.33,7.94,0.88,30.01,16.51
design_3007,0.55,0.77,2.59,nan,nan,nan,0.86,1.78,16.1,8.39,0.87,29.77,13.79
design_3008,0.53,0.64,1.32,nan,nan,nan,0.56,0.97,15.51,8.02,0.87,25.94,19.82
design_3009,0.74,0.92,2.27,nan,nan,nan,0.79,1.62,15.59,7.97,0.88,28.12,16.05
design_3010,0.73,0.67,2.69,nan,nan,nan,0.89,1.85,16.17,8.21,0.88,13.22,12.7
design_3011,0.53,0.58,1.39,nan,nan,nan,0.56,1.0,15.7,8.14,0.87,27.04,16.69
design_3012,0.65,0.5,1.64,nan,nan,nan,0.63,1.17,15.53,8.02,0.87,29.02,13.84
design_3013,0.56,0.58,1.36,nan,nan,nan,0.55,0.99,15.71,8.05,0.88,17.47,13.52
design_3014,0.59,0.52,2.4,nan,nan,nan,0.81,1.64,15.82,8.21,0.87,28.54,22.81
design_3015,0.71,0.51,2.52,nan,nan,nan,0.84,1.72,16.98,8.7,0.87,10.08,6.76
design_3016,0.88,0.79,2.02,nan,nan,nan,0.72,1.41,16.19,8.12,0.9,25.97,17.17
design_3017,0.83,0.85,1.5,nan,nan,nan,0.61,1.14,16.15,8.1,0.9,33.72,14.22
design_3018,0.82,0.88,1.15,nan,nan,nan,0.56,0.97,16.3,8.15,0.9,10.71,8.31
design_3019,0.66,0.71,2.32,nan,nan,nan,0.76,1.53,15.42,7.77,0.9,35.79,18.71
design_3020,0.86,0.8,2.31,nan,nan,nan,0.78,1.57,15.65,7.86,0.9,35.54,14.23
design_3021,0.85,0.78,2.15,nan,nan,nan,0.74,1.48,15.39,7.8,0.89,36.41,16.16
design_3022,0.89,0.9,2.27,nan,nan,nan,0.77,1.57,15.77,7.87,0.9,33.11,12.64
design_3023,0.82,0.85,2.17,nan,nan,nan,0.74,1.49,15.56,7.83,0.9,32.23,13.72
design_3024,1.21,0.35,0.7,nan,nan,nan,0.51,0.84,14.99,7.55,0.9,32.94,15.6
design_3025,0.49,0.5,0.75,nan,nan,nan,0.44,0.6,14.47,7.36,0.89,24.08,18.64
design_3026,0.51,0.57,0.59,nan,nan,nan,0.45,0.56,15.26,7.6,0.9,29.87,15.28
design_3027,0.67,0.54,0.79,nan,nan,nan,0.47,0.68,14.81,7.48,0.9,33.58,14.5
design_3028,0.69,0.51,0.62,nan,nan,nan,0.46,0.62,14.71,7.44,0.9,33.02,14.64
design_3029,0.71,0.58,0.77,nan,nan,nan,0.5,0.7,15.5,7.78,0.9,31.6,13.85
design_3030,0.79,0.59,0.77,nan,nan,nan,0.5,0.73,14.98,7.55,0.9,16.95,11.28
design_3031,0.68,0.64,0.52,nan,nan,nan,0.46,0.61,14.87,7.5,0.89,19.19,12.13
design_3032,0.66,0.76,0.96,nan,nan,nan,0.49,0.8,15.33,7.55,0.91,17.9,13.22
design_3033,0.68,0.95,0.92,nan,nan,nan,0.5,0.85,14.94,7.42,0.9,27.27,16.95
design_3034,0.56,0.68,0.83,nan,nan,nan,0.47,0.7,15.53,7.61,0.91,32.45,14.66
design_3035,0.71,0.85,0.9,nan,nan,nan,0.5,0.83,14.92,7.42,0.9,28.13,21.36
design_3036,0.57,0.72,0.84,nan,nan,nan,0.47,0.72,15.02,7.44,0.91,17.95,14.81
design_3037,0.66,0.96,0.96,nan,nan,nan,0.52,0.87,15.3,7.58,0.9,21.26,20.61
design_3038,0.6,0.87,0.87,nan,nan,nan,0.49,0.79,15.0,7.44,0.91,32.31,14.38
design_3039,0.82,1.08,0.94,nan,nan,nan,0.57,0.94,15.52,7.67,0.91,27.55,12.81
design_3040,0.85,0.77,0.68,nan,nan,nan,0.48,0.75,16.49,8.14,0.9,18.78,16.75
design_3041,0.9,0.91,0.99,nan,nan,nan,0.54,0.95,11.58,6.19,0.87,19.95,18.83
design_3042,0.58,0.75,0.64,nan,nan,nan,0.46,0.65,15.77,7.65,0.91,26.98,19.87
design_3043,0.66,0.78,0.68,nan,nan,nan,0.46,0.7,15.12,7.41,0.91,19.31,17.91
design_3044,0.91,0.57,1.27,nan,nan,nan,0.59,1.04,18.32,9.02,0.88,24.62,18.4
design_3045,0.83,0.59,0.59,nan,nan,nan,0.45,0.67,14.28,7.28,0.87,18.74,19.09
design_3046,0.55,0.61,1.07,nan,nan,nan,0.5,0.85,12.49,6.39,0.89,22.87,17.59
design_3047,0.67,0.65,4.14,nan,nan,nan,1.37,2.91,15.86,7.99,0.89,16.77,17.2
design_3048,0.49,0.87,3.77,nan,nan,nan,0.98,2.19,15.02,7.67,0.89,35.82,15.08
design_3049,0.8,0.95,3.59,nan,nan,nan,0.96,2.14,15.35,7.89,0.89,27.26,20.31
design_3050,0.58,0.9,3.64,nan,nan,nan,0.98,2.14,14.85,7.65,0.89,33.52,23.06
design_3051,0.61,0.95,3.73,nan,nan,nan,1.0,2.2,14.59,7.55,0.89,36.29,17.41
design_3052,0.5,1.01,3.96,nan,nan,nan,1.03,2.32,14.9,7.59,0.89,11.17,9.5
design_3053,0.66,0.97,3.81,nan,nan,nan,1.02,2.24,14.3,7.43,0.89,32.93,16.73
design_3054,0.55,0.89,3.61,nan,nan,nan,0.97,2.11,14.17,7.44,0.88,39.36,17.83
design_3055,0.86,1.0,3.69,nan,nan,nan,0.98,2.21,15.36,8.03,0.88,34.96,15.42
design_3056,1.37,0.75,4.24,nan,nan,nan,1.13,2.56,14.91,7.68,0.88,8.06,7.55
design_3057,1.23,0.68,3.99,nan,nan,nan,1.06,2.4,14.87,7.67,0.88,16.49,16.32
design_3058,1.28,0.8,4.21,nan,nan,nan,1.11,2.53,14.88,7.63,0.89,8.95,4.81
design_3059,1.33,0.62,4.27,nan,nan,nan,1.12,2.56,14.58,7.49,0.89,4.84,6.45
design_3060,1.09,0.55,3.36,nan,nan,nan,0.9,2.03,15.3,8.01,0.88,6.25,7.31
design_3061,1.0,0.49,2.45,nan,nan,nan,0.71,1.53,15.65,8.12,0.88,12.37,8.62
design_3062,1.15,0.58,3.74,nan,nan,nan,0.98,2.24,15.13,7.77,0.88,13.62,13.81
design_3063,1.26,0.66,3.63,nan,nan,nan,0.98,2.21,15.06,7.87,0.87,24.73,21.22
design_3064,0.6,0.64,2.56,nan,nan,nan,0.85,1.75,16.4,8.38,0.88,28.46,22.8
design_3065,0.56,0.62,2.66,nan,nan,nan,0.87,1.81,16.06,8.3,0.87,16.75,17.73
design_3066,0.56,0.74,3.23,nan,nan,nan,1.02,2.18,16.09,8.26,0.88,31.15,14.52
design_3067,0.52,0.69,3.02,nan,nan,nan,0.97,2.04,15.68,7.95,0.89,30.48,15.04
design_3068,0.49,0.72,2.59,nan,nan,nan,0.86,1.77,16.2,8.46,0.87,28.13,15.82
design_3069,0.66,0.73,3.36,nan,nan,nan,1.07,2.27,16.37,8.41,0.88,21.61,18.59
design_3070,0.47,0.69,3.27,nan,nan,nan,1.04,2.2,16.59,8.46,0.88,29.99,16.06
design_3071,0.57,0.71,3.04,nan,nan,nan,0.97,2.06,16.2,8.31,0.88,19.49,19.01
design_3072,0.62,0.92,1.73,nan,nan,nan,0.58,1.13,14.82,7.63,0.89,32.08,19.25
design_3073,0.65,1.02,1.7,nan,nan,nan,0.59,1.15,15.14,7.77,0.89,34.38,16.76
design_3074,0.44,0.87,1.39,nan,nan,nan,0.52,0.93,14.51,7.46,0.89,37.56,19.9
design_3075,0.5,0.86,2.88,nan,nan,nan,0.74,1.63,15.33,7.83,0.89,35.86,15.45
design_3076,0.65,1.0,1.83,nan,nan,nan,0.6,1.2,14.78,7.62,0.89,36.17,16.49
design_3077,0.47,0.98,2.18,nan,nan,nan,0.64,1.31,14.27,7.42,0.89,31.42,16.85
design_3078,0.6,1.0,1.62,nan,nan,nan,0.56,1.1,15.3,7.82,0.89,33.38,25.43
design_3079,0.59,1.0,1.69,nan,nan,nan,0.58,1.12,14.9,7.66,0.89,34.17,22.9
design_3080,0.49,0.98,1.1,nan,nan,nan,0.54,0.92,15.77,7.94,0.9,27.47,19.09
design_3081,0.41,0.99,0.61,nan,nan,nan,0.47,0.68,16.22,8.14,0.89,18.42,17.0
design_3082,0.45,1.03,0.93,nan,nan,nan,0.52,0.85,16.08,8.02,0.9,26.14,15.98
design_3083,0.4,0.93,1.47,nan,nan,nan,0.6,1.1,15.43,7.68,0.9,31.74,15.0
design_3084,0.62,1.04,0.91,nan,nan,nan,0.54,0.87,15.96,7.96,0.9,25.01,19.6
design_3085,0.68,0.91,0.78,nan,nan,nan,0.5,0.79,15.69,7.99,0.89,27.75,13.46
design_3086,0.32,0.86,1.22,nan,nan,nan,0.55,0.93,16.19,8.12,0.89,35.5,16.65
design_3087,0.54,0.92,3.36,nan,nan,nan,1.07,2.29,16.19,8.11,0.89,17.73,17.17
design_3088,0.57,0.47,3.06,nan,nan,nan,1.02,2.11,16.12,8.34,0.88,25.36,16.81
design_3089,0.55,0.59,2.4,nan,nan,nan,0.84,1.68,15.78,8.18,0.87,15.94,15.27
design_3090,0.49,0.47,2.35,nan,nan,nan,0.83,1.63,16.79,8.58,0.87,30.22,20.87
design_3091,0.66,0.54,2.57,nan,nan,nan,0.89,1.79,16.67,8.66,0.86,23.44,21.51
design_3092,0.52,0.56,2.26,nan,nan,nan,0.8,1.58,16.06,8.26,0.87,22.86,18.11
design_3093,0.57,0.59,2.38,nan,nan,nan,0.83,1.66,17.09,8.78,0.87,11.39,10.41
design_3094,0.51,0.49,2.66,nan,nan,nan,0.91,1.83,16.82,8.64,0.87,25.51,15.01
design_3095,0.48,0.57,2.38,nan,nan,nan,0.83,1.66,16.09,8.24,0.88,15.76,9.97
design_3096,0.56,0.66,0.52,nan,nan,nan,0.43,0.58,13.53,6.92,0.89,29.94,16.44
design_3097,0.54,0.51,0.57,nan,nan,nan,0.44,0.54,12.59,6.53,0.88,28.4,16.74
design_3098,0.56,0.64,0.52,nan,nan,nan,0.43,0.57,13.87,7.08,0.89,30.1,16.18
design_3099,0.6,0.6,0.66,nan,nan,nan,0.44,0.62,12.58,6.64,0.88,33.1,16.56
design_3100,0.62,0.6,0.77,nan,nan,nan,0.47,0.66,14.49,7.35,0.89,22.13,17.1
design_3101,0.58,0.55,0.71,nan,nan,nan,0.45,0.62,15.2,7.68,0.89,33.61,14.07
design_3102,0.58,0.64,0.53,nan,nan,nan,0.43,0.58,10.53,5.68,0.87,32.95,16.76
design_3103,0.58,0.61,0.55,nan,nan,nan,0.42,0.58,14.71,7.44,0.89,27.63,17.63
design_3104,0.6,0.56,1.19,nan,nan,nan,0.48,0.8,14.99,7.68,0.89,37.48,17.24
design_3105,0.84,0.72,1.01,nan,nan,nan,0.5,0.86,12.61,6.81,0.87,33.73,17.49
design_3106,0.72,0.64,1.16,nan,nan,nan,0.49,0.84,14.06,7.35,0.88,34.44,16.77
design_3107,0.71,0.77,1.19,nan,nan,nan,0.51,0.89,12.72,6.77,0.88,34.18,17.39
design_3108,0.72,0.71,1.05,nan,nan,nan,0.5,0.82,12.75,6.81,0.87,33.94,17.34
design_3109,0.67,0.66,1.57,nan,nan,nan,0.55,1.0,14.82,7.71,0.88,33.16,16.57
design_3110,0.89,0.64,0.95,nan,nan,nan,0.5,0.83,13.0,6.9,0.88,34.5,17.09
design_3111,0.77,0.7,1.53,nan,nan,nan,0.55,1.02,14.15,7.4,0.88,27.26,18.39
design_3112,0.61,1.05,1.48,nan,nan,nan,0.61,1.11,16.32,8.02,0.9,31.57,23.74
design_3113,0.99,1.39,1.96,nan,nan,nan,0.75,1.51,14.88,7.5,0.89,13.43,8.18
design_3114,0.88,1.45,1.98,nan,nan,nan,0.74,1.51,13.86,6.98,0.9,13.71,8.08
design_3115,0.45,0.99,1.55,nan,nan,nan,0.62,1.1,15.16,7.61,0.9,14.43,11.77
design_3116,0.34,0.95,1.7,nan,nan,nan,0.61,1.15,14.99,7.49,0.9,15.78,14.55
design_3117,0.78,1.35,1.82,nan,nan,nan,0.71,1.38,15.09,7.53,0.9,8.94,4.99
design_3118,0.52,1.09,1.94,nan,nan,nan,0.7,1.33,15.79,7.92,0.9,30.29,15.3
design_3119,0.75,1.23,2.0,nan,nan,nan,0.71,1.43,15.67,7.8,0.9,29.92,22.95
design_3120,0.63,0.49,0.55,nan,nan,nan,0.44,0.56,16.84,8.14,0.9,21.78,13.54
design_3121,0.64,0.58,0.66,nan,nan,nan,0.47,0.64,16.79,8.15,0.9,34.69,24.31
design_3122,0.69,0.73,0.53,nan,nan,nan,0.46,0.62,16.48,7.97,0.9,21.71,18.73
design_3123,0.54,0.58,0.53,nan,nan,nan,0.43,0.54,17.14,8.24,0.91,33.48,19.27
design_3124,0.59,0.57,0.62,nan,nan,nan,0.46,0.6,14.79,7.3,0.9,26.11,26.78
design_3125,0.69,0.54,0.59,nan,nan,nan,0.45,0.61,16.01,7.81,0.9,30.48,20.1
design_3126,0.77,0.64,0.65,nan,nan,nan,0.49,0.68,16.5,8.03,0.9,30.75,25.36
design_3127,0.6,0.58,0.58,nan,nan,nan,0.44,0.59,16.45,7.96,0.91,33.88,17.51
design_3128,0.85,0.61,2.91,nan,nan,nan,1.02,2.09,16.99,8.45,0.89,20.61,19.54
design_3129,1.35,0.3,2.65,nan,nan,nan,0.96,1.98,16.08,8.34,0.87,33.49,16.06
design_3130,0.89,0.46,2.75,nan,nan,nan,0.98,1.98,16.4,8.4,0.88,34.64,17.1
design_3131,0.77,0.5,2.74,nan,nan,nan,0.97,1.96,16.16,8.29,0.88,23.68,21.07
design_3132,0.57,0.42,3.03,nan,nan,nan,1.05,2.13,16.83,8.36,0.89,39.47,35.81
design_3133,0.6,0.49,3.0,nan,nan,nan,1.03,2.11,16.72,8.27,0.89,21.88,19.47
design_3134,0.77,0.37,2.75,nan,nan,nan,0.96,1.96,16.31,8.45,0.87,29.92,18.68
design_3135,0.64,0.41,2.97,nan,nan,nan,1.02,2.1,15.96,7.9,0.9,29.28,21.08
design_3136,0.48,0.9,2.0,nan,nan,nan,0.6,1.21,14.25,7.33,0.89,23.59,10.2
design_3137,0.92,1.03,2.43,nan,nan,nan,0.72,1.53,14.61,7.64,0.88,27.74,16.64
design_3138,0.82,1.22,2.66,nan,nan,nan,0.76,1.65,14.93,7.76,0.88,27.89,18.37
design_3139,0.48,1.25,1.9,nan,nan,nan,0.63,1.27,14.36,7.37,0.89,17.07,11.6
design_3140,0.85,1.07,1.52,nan,nan,nan,0.59,1.14,14.08,7.34,0.88,30.46,17.07
design_3141,0.62,1.24,1.56,nan,nan,nan,0.59,1.16,13.73,7.14,0.89,28.51,18.67
design_3142,0.55,1.1,1.66,nan,nan,nan,0.59,1.14,15.21,7.76,0.89,21.33,12.34
design_3143,0.53,1.21,1.74,nan,nan,nan,0.61,1.2,14.65,7.46,0.89,23.23,11.82
design_3144,0.85,0.83,2.37,nan,nan,nan,0.81,1.65,15.48,7.79,0.9,10.24,7.15
design_3145,0.6,0.64,2.28,nan,nan,nan,0.76,1.53,14.68,7.41,0.89,15.66,11.66
design_3146,0.41,0.66,2.78,nan,nan,nan,0.87,1.83,15.29,7.81,0.89,23.17,18.43
design_3147,0.51,0.67,2.32,nan,nan,nan,0.77,1.55,15.69,7.83,0.9,34.29,16.29
design_3148,0.55,0.72,1.8,nan,nan,nan,0.67,1.25,15.89,8.03,0.89,25.81,20.26
design_3149,0.83,0.79,2.3,nan,nan,nan,0.79,1.6,15.61,7.97,0.88,21.84,17.0
design_3150,0.77,0.82,1.81,nan,nan,nan,0.69,1.31,15.93,8.01,0.9,14.51,9.92
design_3151,0.5,0.73,2.71,nan,nan,nan,0.86,1.79,15.63,7.95,0.89,9.03,11.22
design_3152,0.45,0.81,1.23,nan,nan,nan,0.54,0.93,16.11,8.2,0.89,28.95,16.84
design_3153,0.58,0.78,3.0,nan,nan,nan,0.93,1.99,16.56,8.34,0.89,23.01,14.87
design_3154,0.52,0.76,1.53,nan,nan,nan,0.59,1.1,16.24,8.41,0.87,28.97,16.27
design_3155,0.78,0.66,2.72,nan,nan,nan,0.87,1.83,16.1,8.19,0.89,28.48,18.57
design_3156,0.3,0.74,1.64,nan,nan,nan,0.59,1.13,15.63,7.99,0.88,31.28,15.53
design_3157,0.73,0.7,2.83,nan,nan,nan,0.9,1.89,16.04,8.15,0.89,30.04,14.86
design_3158,0.51,0.72,1.24,nan,nan,nan,0.53,0.92,15.93,8.05,0.89,29.65,15.83
design_3159,0.66,0.76,1.93,nan,nan,nan,0.68,1.35,16.36,8.4,0.88,17.44,15.1
design_3160,0.62,0.48,2.33,nan,nan,nan,0.76,1.55,16.69,8.38,0.89,30.49,13.28
design_3161,0.61,0.53,1.29,nan,nan,nan,0.54,0.94,16.18,8.07,0.89,19.32,10.69
design_3162,0.54,0.45,1.48,nan,nan,nan,0.57,1.02,15.77,7.91,0.9,24.85,20.47
design_3163,0.9,0.37,2.65,nan,nan,nan,0.86,1.78,14.91,7.83,0.87,33.3,14.34
design_3164,0.59,0.44,1.38,nan,nan,nan,0.55,0.97,16.12,8.08,0.89,23.45,17.89
design_3165,0.68,0.51,3.81,nan,nan,nan,1.13,2.48,16.34,8.52,0.87,29.05,15.13
design_3166,0.67,0.45,4.54,nan,nan,nan,1.32,2.94,16.23,8.5,0.87,26.22,16.57
design_3167,0.53,0.53,1.84,nan,nan,nan,0.65,1.24,16.42,8.25,0.89,29.45,14.2
design_3168,0.66,1.12,1.35,nan,nan,nan,0.57,1.07,15.35,7.73,0.89,27.57,10.83
design_3169,0.6,1.26,1.49,nan,nan,nan,0.6,1.15,15.11,7.63,0.9,32.48,15.46
design_3170,0.79,1.05,1.18,nan,nan,nan,0.56,1.01,14.79,7.54,0.9,27.65,17.77
design_3171,0.73,1.2,1.27,nan,nan,nan,0.58,1.07,15.5,8.03,0.88,32.83,14.92
design_3172,0.62,1.07,1.69,nan,nan,nan,0.62,1.19,14.07,7.21,0.9,30.35,18.55
design_3173,0.65,1.2,1.05,nan,nan,nan,0.54,0.98,15.1,7.63,0.9,29.63,16.35
design_3174,0.64,1.22,1.41,nan,nan,nan,0.61,1.12,14.88,7.71,0.89,31.12,16.18
design_3175,0.58,1.09,1.04,nan,nan,nan,0.52,0.92,14.81,7.54,0.89,31.84,18.02
design_3176,0.55,0.92,2.07,nan,nan,nan,0.69,1.37,14.83,7.68,0.88,23.61,19.32
design_3177,0.72,0.96,2.43,nan,nan,nan,0.76,1.59,13.91,7.31,0.87,31.06,16.31
design_3178,0.58,0.88,2.53,nan,nan,nan,0.77,1.61,15.03,7.71,0.89,29.56,13.21
design_3179,0.56,0.98,2.36,nan,nan,nan,0.74,1.53,13.8,7.25,0.87,29.49,17.12
design_3180,0.68,0.82,2.43,nan,nan,nan,0.76,1.56,14.56,7.59,0.89,25.05,11.16
design_3181,0.6,0.81,2.48,nan,nan,nan,0.77,1.57,15.27,7.8,0.89,27.66,11.88
design_3182,0.5,0.78,2.48,nan,nan,nan,0.77,1.56,14.66,7.48,0.9,32.51,16.19
design_3183,0.44,0.82,2.0,nan,nan,nan,0.66,1.29,13.45,6.96,0.88,26.38,17.13
design_3184,0.71,0.32,1.05,nan,nan,nan,0.49,0.77,15.8,7.84,0.9,27.41,16.82
design_3185,0.49,0.33,1.49,nan,nan,nan,0.58,0.94,15.83,7.85,0.9,16.53,8.5
design_3186,0.62,0.35,0.99,nan,nan,nan,0.47,0.72,15.64,7.78,0.9,9.02,6.25
design_3187,0.62,0.33,1.05,nan,nan,nan,0.49,0.74,15.29,7.63,0.9,17.81,11.21
design_3188,0.61,0.51,0.9,nan,nan,nan,0.46,0.7,15.3,7.57,0.91,31.2,15.42
design_3189,0.65,0.34,1.28,nan,nan,nan,0.52,0.87,15.83,7.86,0.9,8.06,4.89
design_3190,0.48,0.42,1.4,nan,nan,nan,0.56,0.91,16.06,7.97,0.9,23.52,15.46
design_3191,0.57,0.3,1.37,nan,nan,nan,0.53,0.89,15.18,7.66,0.9,16.36,8.9
design_3192,0.57,0.59,0.53,nan,nan,nan,0.45,0.55,16.03,7.78,0.91,28.88,35.04
design_3193,0.71,0.53,0.64,nan,nan,nan,0.47,0.63,15.94,7.77,0.9,34.65,20.3
design_3194,0.7,0.46,0.64,nan,nan,nan,0.48,0.62,15.91,7.8,0.9,37.2,25.3
design_3195,0.56,0.62,0.61,nan,nan,nan,0.46,0.6,16.12,7.82,0.9,32.71,21.04
design_3196,0.67,0.45,0.72,nan,nan,nan,0.48,0.65,14.82,7.34,0.9,36.64,25.3
design_3197,0.59,0.55,0.6,nan,nan,nan,0.46,0.59,17.69,8.46,0.91,26.93,16.85
design_3198,0.53,0.71,0.6,nan,nan,nan,0.47,0.61,14.66,7.25,0.9,23.06,25.35
design_3199,0.73,0.58,0.53,nan,nan,nan,0.44,0.6,16.7,8.1,0.91,26.0,26.53
design_3200,0.6,1.24,1.38,nan,nan,nan,0.59,1.09,14.69,7.59,0.88,3.13,2.71
design_3201,0.59,1.25,1.49,nan,nan,nan,0.6,1.13,15.05,7.62,0.9,6.32,5.03
design_3202,0.46,1.25,2.15,nan,nan,nan,0.68,1.37,15.19,7.76,0.89,7.83,8.05
design_3203,0.96,1.23,1.81,nan,nan,nan,0.67,1.33,14.96,7.75,0.88,1.94,2.06
design_3204,0.75,1.39,1.97,nan,nan,nan,0.69,1.4,15.42,7.82,0.89,15.67,14.47
design_3205,1.01,1.31,1.49,nan,nan,nan,0.65,1.26,15.06,7.76,0.88,26.76,18.87
design_3206,0.55,1.23,1.93,nan,nan,nan,0.67,1.28,15.04,7.68,0.89,10.96,8.53
design_3207,1.19,1.32,2.06,nan,nan,nan,0.74,1.52,15.15,7.81,0.89,4.59,5.77
design_3208,0.54,0.53,1.58,nan,nan,nan,0.64,1.16,17.23,8.87,0.87,32.73,16.9
design_3209,0.82,0.61,3.85,nan,nan,nan,1.3,2.72,16.54,8.53,0.87,27.79,22.19
design_3210,0.41,0.6,1.13,nan,nan,nan,0.52,0.86,17.84,9.04,0.88,40.32,32.59
design_3211,0.5,0.53,3.41,nan,nan,nan,1.14,2.39,19.02,9.4,0.88,48.0,41.29
design_3212,0.31,0.59,1.12,nan,nan,nan,0.52,0.84,16.57,8.36,0.88,41.38,32.69
design_3213,0.71,0.73,0.82,nan,nan,nan,0.51,0.77,15.28,7.85,0.88,10.46,11.07
design_3214,0.42,0.45,1.82,nan,nan,nan,0.69,1.3,17.92,9.05,0.88,23.35,25.41
design_3215,0.5,0.65,1.05,nan,nan,nan,0.53,0.84,16.87,8.5,0.89,35.05,30.73
design_3216,0.74,0.7,3.36,nan,nan,nan,1.15,2.39,12.32,6.35,0.89,28.68,16.53
design_3217,0.75,0.7,2.98,nan,nan,nan,1.03,2.13,17.56,8.74,0.87,26.12,23.34
design_3218,0.66,0.77,3.69,nan,nan,nan,1.24,2.61,11.81,6.2,0.88,28.78,16.19
design_3219,0.69,0.71,3.53,nan,nan,nan,1.2,2.5,16.18,8.12,0.88,28.16,14.97
design_3220,0.81,0.5,2.99,nan,nan,nan,1.05,2.13,14.72,7.65,0.87,28.95,15.73
design_3221,0.68,0.73,3.52,nan,nan,nan,1.19,2.49,16.01,8.13,0.88,28.63,16.36
design_3222,0.83,0.7,3.38,nan,nan,nan,1.16,2.41,14.06,7.3,0.87,28.15,16.65
design_3223,0.84,0.69,3.44,nan,nan,nan,1.18,2.45,10.26,5.66,0.87,29.08,16.47
design_3224,0.67,1.2,0.94,nan,nan,nan,0.56,0.95,16.29,8.1,0.89,20.95,18.41
design_3225,0.64,1.1,1.39,nan,nan,nan,0.63,1.15,16.11,7.95,0.9,20.14,16.82
design_3226,0.8,1.02,1.4,nan,nan,nan,0.65,1.17,15.79,7.8,0.9,16.22,16.24
design_3227,2.17,0.66,0.57,nan,nan,nan,0.72,1.26,16.24,8.01,0.89,17.83,12.89
design_3228,1.19,0.94,0.94,nan,nan,nan,0.65,1.01,15.96,7.85,0.9,18.93,15.42
design_3229,1.28,0.97,0.64,nan,nan,nan,0.63,0.94,16.85,8.23,0.9,22.19,19.03
design_3230,1.21,1.01,0.67,nan,nan,nan,0.61,0.94,16.29,7.98,0.9,15.32,12.98
design_3231,0.63,1.0,1.23,nan,nan,nan,0.61,1.04,15.95,7.98,0.89,12.09,9.68
design_3232,0.45,0.67,2.08,nan,nan,nan,0.7,1.4,16.1,8.06,0.89,27.87,15.32
design_3233,0.6,0.75,2.37,nan,nan,nan,0.78,1.61,15.85,8.15,0.88,29.81,15.37
design_3234,0.45,0.61,1.81,nan,nan,nan,0.64,1.23,15.72,7.9,0.89,26.71,14.7
design_3235,0.57,0.53,2.53,nan,nan,nan,0.81,1.67,15.7,8.19,0.87,31.74,14.78
design_3236,0.49,0.74,1.73,nan,nan,nan,0.64,1.2,14.29,7.55,0.87,33.12,15.15
design_3237,0.36,0.59,1.13,nan,nan,nan,0.52,0.81,15.39,7.94,0.87,30.1,15.94
design_3238,0.52,0.6,1.85,nan,nan,nan,0.64,1.26,15.89,7.93,0.9,30.7,15.35
design_3239,0.79,0.69,2.02,nan,nan,nan,0.71,1.42,15.98,8.07,0.89,25.18,19.23
design_3240,0.65,0.92,3.3,nan,nan,nan,1.02,2.2,16.12,8.2,0.89,32.61,18.69
design_3241,0.41,0.8,2.46,nan,nan,nan,0.81,1.65,16.02,8.21,0.89,35.54,14.33
design_3242,0.69,0.87,2.25,nan,nan,nan,0.77,1.56,16.56,8.44,0.89,33.1,29.84
design_3243,0.57,0.69,2.51,nan,nan,nan,0.82,1.67,16.33,8.29,0.89,38.85,18.92
design_3244,0.45,0.84,2.89,nan,nan,nan,0.91,1.91,16.31,8.38,0.89,31.73,16.7
design_3245,0.52,0.77,1.89,nan,nan,nan,0.69,1.31,16.01,8.21,0.88,39.12,23.1
design_3246,0.56,0.8,2.93,nan,nan,nan,0.94,1.94,15.11,7.91,0.88,38.65,15.34
design_3247,0.49,0.82,2.51,nan,nan,nan,0.82,1.69,15.94,8.2,0.88,31.17,13.45
design_3248,0.69,1.01,2.11,nan,nan,nan,0.68,1.33,14.56,7.5,0.89,9.45,5.14
design_3249,0.68,1.07,2.16,nan,nan,nan,0.69,1.36,15.07,7.69,0.89,12.84,11.46
design_3250,0.64,1.08,2.29,nan,nan,nan,0.7,1.41,15.3,7.79,0.89,5.91,6.7
design_3251,0.64,1.05,2.14,nan,nan,nan,0.68,1.34,14.75,7.56,0.89,12.6,12.75
design_3252,0.63,1.08,2.23,nan,nan,nan,0.7,1.39,14.7,7.53,0.89,17.68,18.63
design_3253,0.63,1.11,2.15,nan,nan,nan,0.69,1.36,14.77,7.57,0.89,6.26,6.12
design_3254,0.69,1.06,2.08,nan,nan,nan,0.67,1.33,14.82,7.63,0.89,7.05,7.35
design_3255,0.64,1.11,2.16,nan,nan,nan,0.69,1.37,14.63,7.52,0.89,6.31,4.76
design_3256,0.39,0.65,0.71,nan,nan,nan,0.45,0.61,16.07,8.09,0.89,31.9,13.61
design_3257,0.46,0.87,0.82,nan,nan,nan,0.48,0.74,16.06,8.03,0.9,28.53,15.66
design_3258,0.35,0.85,0.93,nan,nan,nan,0.49,0.78,15.57,7.88,0.89,20.17,14.14
design_3259,0.39,0.8,0.85,nan,nan,nan,0.48,0.73,16.21,8.16,0.9,21.84,18.38
design_3260,0.48,0.8,2.14,nan,nan,nan,0.75,1.49,16.49,8.47,0.88,23.51,12.42
design_3261,0.37,0.81,0.74,nan,nan,nan,0.46,0.67,16.38,8.19,0.9,33.9,15.65
design_3262,0.36,0.78,1.01,nan,nan,nan,0.5,0.8,16.53,8.27,0.9,31.93,12.49
design_3263,0.44,0.83,4.0,nan,nan,nan,1.23,2.68,16.39,8.27,0.89,12.22,11.81
design_3264,0.74,0.82,4.84,nan,nan,nan,1.53,3.32,17.13,8.52,0.88,31.28,14.05
design_3265,0.56,1.06,4.53,nan,nan,nan,1.44,3.12,15.91,8.07,0.88,26.81,18.13
design_3266,0.66,0.83,4.41,nan,nan,nan,1.4,3.03,15.78,8.01,0.88,26.99,16.34
design_3267,0.52,0.87,2.15,nan,nan,nan,0.77,1.54,14.96,7.89,0.86,18.59,13.34
design_3268,0.54,0.82,4.8,nan,nan,nan,1.52,3.29,16.69,8.21,0.89,30.08,16.41
design_3269,0.56,0.89,3.36,nan,nan,nan,1.11,2.34,16.61,8.71,0.87,33.69,15.0
design_3270,0.51,0.76,4.8,nan,nan,nan,1.51,3.28,16.6,8.24,0.88,31.34,17.33
design_3271,0.59,1.15,4.47,nan,nan,nan,1.43,3.1,15.9,8.01,0.88,29.44,16.1
design_3272,0.58,1.11,1.42,nan,nan,nan,0.55,1.05,15.09,7.67,0.89,17.93,7.66
design_3273,0.51,0.98,2.1,nan,nan,nan,0.63,1.28,14.28,7.29,0.89,18.98,12.47
design_3274,0.56,1.12,1.79,nan,nan,nan,0.6,1.2,14.89,7.54,0.9,18.23,8.06
design_3275,0.5,0.91,2.2,nan,nan,nan,0.64,1.31,14.78,7.51,0.89,29.65,17.02
design_3276,0.48,0.84,2.08,nan,nan,nan,0.61,1.23,14.21,7.25,0.89,13.8,9.18
design_3277,0.55,1.01,1.71,nan,nan,nan,0.58,1.13,15.04,7.58,0.9,15.68,13.3
design_3278,0.55,1.18,2.24,nan,nan,nan,0.69,1.4,14.1,7.21,0.9,17.87,7.31
design_3279,0.49,1.28,2.27,nan,nan,nan,0.69,1.44,14.29,7.25,0.9,19.89,9.68
design_3280,0.53,0.76,3.66,nan,nan,nan,0.95,2.12,15.48,8.06,0.88,35.96,16.38
design_3281,0.68,0.78,2.41,nan,nan,nan,0.73,1.48,15.56,8.08,0.88,36.18,16.29
design_3282,0.52,0.88,1.73,nan,nan,nan,0.62,1.13,15.38,8.06,0.88,35.57,16.59
design_3283,0.51,0.85,3.99,nan,nan,nan,1.03,2.31,14.94,7.79,0.88,31.64,16.8
design_3284,0.67,0.87,4.41,nan,nan,nan,1.12,2.56,14.45,7.68,0.87,37.87,18.14
design_3285,0.62,0.84,4.08,nan,nan,nan,1.05,2.37,15.75,8.18,0.88,27.24,21.02
design_3286,0.62,0.89,2.72,nan,nan,nan,0.79,1.65,15.52,8.08,0.88,17.5,15.22
design_3287,0.59,0.93,3.91,nan,nan,nan,1.02,2.29,15.13,7.96,0.87,38.05,18.16
design_3288,0.64,0.53,2.0,nan,nan,nan,0.64,1.28,15.3,7.94,0.88,26.14,17.07
design_3289,0.69,0.44,2.32,nan,nan,nan,0.7,1.45,15.14,7.7,0.89,35.27,21.86
design_3290,1.04,0.47,2.1,nan,nan,nan,0.69,1.41,15.21,7.73,0.89,19.42,9.02
design_3291,0.61,0.33,2.39,nan,nan,nan,0.7,1.47,15.97,8.05,0.89,36.85,22.09
design_3292,0.77,0.48,2.34,nan,nan,nan,0.71,1.48,15.04,7.66,0.89,22.91,11.44
design_3293,0.74,0.4,2.54,nan,nan,nan,0.75,1.58,14.89,7.51,0.9,26.57,10.43
design_3294,0.73,0.49,2.16,nan,nan,nan,0.68,1.37,15.23,7.82,0.89,35.11,18.19
design_3295,0.81,0.41,2.2,nan,nan,nan,0.7,1.41,14.4,7.46,0.89,17.5,10.32
design_3296,0.49,0.95,2.22,nan,nan,nan,0.72,1.44,14.7,7.36,0.9,17.21,7.41
design_3297,0.42,1.0,1.99,nan,nan,nan,0.68,1.32,15.22,7.57,0.91,15.07,12.17
design_3298,0.6,1.17,2.45,nan,nan,nan,0.78,1.62,15.24,7.67,0.9,22.22,14.02
design_3299,0.71,1.29,1.87,nan,nan,nan,0.68,1.38,14.79,7.53,0.89,20.01,17.88
design_3300,0.67,1.17,1.76,nan,nan,nan,0.65,1.28,14.81,7.49,0.9,14.71,7.44
design_3301,0.57,1.29,2.17,nan,nan,nan,0.73,1.51,14.9,7.52,0.89,25.63,22.37
design_3302,0.42,1.16,2.43,nan,nan,nan,0.76,1.59,14.5,7.28,0.9,6.43,4.75
design_3303,0.82,1.26,1.8,nan,nan,nan,0.68,1.36,14.4,7.26,0.9,17.85,11.12
design_3304,0.75,0.27,0.84,nan,nan,nan,0.49,0.72,17.73,8.94,0.88,36.44,29.22
design_3305,0.81,0.46,2.12,nan,nan,nan,0.79,1.55,15.81,8.06,0.88,12.71,12.74
design_3306,0.87,0.32,1.26,nan,nan,nan,0.6,1.0,13.74,7.37,0.86,33.0,27.92
design_3307,0.81,0.36,1.58,nan,nan,nan,0.66,1.19,16.74,8.55,0.87,15.32,14.84
design_3308,0.83,0.29,1.45,nan,nan,nan,0.61,1.1,16.26,8.33,0.87,23.85,26.86
design_3309,0.87,0.37,0.92,nan,nan,nan,0.49,0.81,18.58,9.21,0.88,44.46,37.28
design_3310,0.85,0.4,2.04,nan,nan,nan,0.78,1.49,15.31,8.01,0.86,23.75,18.51
design_3311,0.85,0.33,0.62,nan,nan,nan,0.46,0.65,17.73,8.73,0.88,37.29,30.5
design_3312,0.64,0.66,1.03,nan,nan,nan,0.53,0.85,14.24,7.45,0.86,23.72,21.79
design_3313,0.54,0.71,1.36,nan,nan,nan,0.6,1.05,15.84,8.25,0.86,22.86,23.81
design_3314,0.66,0.72,1.02,nan,nan,nan,0.55,0.86,13.38,7.2,0.86,25.03,16.57
design_3315,0.55,0.69,1.11,nan,nan,nan,0.54,0.89,14.9,7.85,0.86,23.2,18.95
design_3316,0.54,0.49,3.27,nan,nan,nan,1.12,2.29,15.84,7.96,0.89,21.2,18.52
design_3317,0.53,0.41,3.59,nan,nan,nan,1.21,2.51,16.07,8.02,0.89,23.44,18.69
design_3318,0.8,0.45,3.26,nan,nan,nan,1.13,2.31,15.78,8.11,0.88,22.64,19.51
design_3319,0.68,0.63,1.01,nan,nan,nan,0.52,0.84,15.52,7.99,0.87,25.56,21.55
design_3320,0.65,0.65,0.74,nan,nan,nan,0.49,0.7,16.05,7.9,0.9,36.45,19.85
design_3321,0.51,0.65,0.72,nan,nan,nan,0.46,0.65,16.86,8.19,0.9,40.53,22.09
design_3322,0.63,0.66,0.77,nan,nan,nan,0.49,0.71,16.3,8.01,0.9,36.29,14.67
design_3323,0.75,0.73,0.77,nan,nan,nan,0.51,0.76,16.58,8.12,0.9,33.35,18.62
design_3324,0.67,0.75,0.79,nan,nan,nan,0.5,0.75,15.67,7.81,0.89,36.61,20.13
design_3325,0.56,0.74,0.74,nan,nan,nan,0.48,0.7,16.58,8.12,0.9,22.21,23.0
design_3326,0.56,0.63,0.7,nan,nan,nan,0.47,0.65,16.11,7.89,0.9,29.49,27.63
design_3327,0.61,0.78,0.77,nan,nan,nan,0.5,0.73,16.19,7.84,0.91,31.51,24.17
design_3328,0.63,0.91,0.76,nan,nan,nan,0.47,0.77,13.24,6.87,0.89,33.37,17.12
design_3329,0.62,0.85,1.27,nan,nan,nan,0.52,0.91,15.53,7.97,0.89,14.88,13.93
design_3330,0.56,0.75,1.11,nan,nan,nan,0.5,0.81,15.55,8.0,0.88,37.51,16.35
design_3331,0.6,0.93,0.86,nan,nan,nan,0.49,0.8,12.45,6.63,0.88,33.65,17.16
design_3332,0.53,0.78,1.62,nan,nan,nan,0.55,1.02,15.46,7.89,0.89,20.89,13.91
design_3333,0.52,0.8,0.89,nan,nan,nan,0.47,0.73,14.68,7.4,0.9,26.8,22.69
design_3334,0.55,0.93,1.4,nan,nan,nan,0.53,0.97,13.28,6.92,0.89,33.82,16.99
design_3335,0.61,0.78,0.91,nan,nan,nan,0.48,0.76,14.64,7.43,0.9,20.19,19.4
design_3336,0.53,0.76,0.68,nan,nan,nan,0.47,0.66,15.73,7.64,0.9,14.49,8.01
design_3337,0.46,0.76,0.73,nan,nan,nan,0.45,0.68,15.32,7.47,0.91,14.13,11.58
design_3338,0.5,0.72,0.79,nan,nan,nan,0.49,0.71,16.88,8.26,0.9,20.81,22.53
design_3339,0.53,0.66,0.68,nan,nan,nan,0.47,0.64,16.73,8.16,0.9,14.81,9.13
design_3340,0.49,0.79,0.64,nan,nan,nan,0.46,0.64,16.81,8.09,0.91,13.06,9.41
design_3341,0.48,0.66,0.82,nan,nan,nan,0.49,0.71,17.13,8.24,0.91,31.43,20.7
design_3342,0.62,0.75,0.69,nan,nan,nan,0.47,0.68,16.63,7.99,0.91,8.4,10.02
design_3343,0.67,0.76,0.74,nan,nan,nan,0.49,0.73,15.44,7.72,0.89,18.54,11.83
design_3344,0.4,0.82,4.02,nan,nan,nan,1.25,2.69,15.71,7.97,0.89,31.27,13.65
design_3345,0.31,0.76,3.68,nan,nan,nan,1.16,2.47,15.3,7.73,0.89,26.93,17.5
design_3346,0.66,0.75,3.23,nan,nan,nan,1.05,2.19,16.22,8.53,0.87,15.49,12.24
design_3347,0.52,0.65,2.91,nan,nan,nan,0.95,1.97,16.41,8.43,0.88,26.04,16.22
design_3348,0.33,0.74,2.88,nan,nan,nan,0.93,1.94,16.47,8.4,0.88,26.25,25.48
design_3349,0.4,0.75,3.42,nan,nan,nan,1.09,2.3,16.01,8.3,0.88,17.48,9.32
design_3350,0.31,0.78,3.85,nan,nan,nan,1.2,2.58,15.14,7.68,0.89,29.9,17.04
design_3351,0.5,0.75,3.62,nan,nan,nan,1.15,2.43,15.82,8.19,0.88,15.04,14.12
design_3352,0.66,0.86,1.42,nan,nan,nan,0.53,0.99,13.62,7.1,0.88,16.07,11.84
design_3353,0.8,0.93,1.25,nan,nan,nan,0.54,0.99,14.69,7.59,0.89,29.93,16.87
design_3354,0.78,0.92,1.33,nan,nan,nan,0.55,1.01,14.48,7.43,0.89,28.63,19.43
design_3355,0.74,0.91,1.3,nan,nan,nan,0.54,0.98,14.42,7.42,0.89,28.62,18.84
design_3356,0.74,0.91,1.44,nan,nan,nan,0.55,1.03,14.53,7.47,0.89,28.33,17.71
design_3357,0.91,1.0,2.67,nan,nan,nan,0.77,1.63,14.64,7.43,0.9,30.84,17.97
design_3358,0.78,0.99,2.52,nan,nan,nan,0.73,1.53,12.55,6.55,0.89,29.62,18.03
design_3359,0.81,1.07,2.49,nan,nan,nan,0.72,1.53,13.4,6.93,0.89,28.46,18.28
design_3360,0.75,0.55,0.72,nan,nan,nan,0.5,0.69,16.87,8.4,0.88,22.58,13.35
design_3361,0.84,0.5,1.42,nan,nan,nan,0.63,1.09,15.08,7.82,0.87,28.43,14.55
design_3362,0.75,0.65,1.44,nan,nan,nan,0.63,1.1,15.92,8.2,0.88,22.66,23.1
design_3363,0.78,0.54,1.17,nan,nan,nan,0.57,0.94,15.65,7.94,0.88,20.11,13.65
design_3364,0.92,0.82,0.78,nan,nan,nan,0.53,0.83,15.24,7.9,0.88,18.16,16.62
design_3365,0.76,0.65,2.23,nan,nan,nan,0.82,1.6,15.76,8.04,0.88,15.82,15.68
design_3366,0.87,0.62,0.73,nan,nan,nan,0.53,0.75,15.29,7.76,0.89,11.74,8.94
design_3367,0.72,0.66,0.7,nan,nan,nan,0.48,0.7,15.66,7.98,0.88,20.66,19.97
design_3368,0.51,0.81,1.22,nan,nan,nan,0.52,0.9,15.22,7.62,0.9,13.17,6.78
design_3369,0.51,0.89,1.65,nan,nan,nan,0.59,1.13,15.73,7.87,0.9,7.57,8.19
design_3370,0.94,1.11,2.27,nan,nan,nan,0.77,1.57,15.21,7.6,0.9,39.29,23.99
design_3371,0.7,0.94,1.63,nan,nan,nan,0.6,1.17,15.49,7.76,0.9,37.34,18.04
design_3372,0.62,0.87,1.77,nan,nan,nan,0.62,1.21,15.51,7.82,0.89,36.34,19.06
design_3373,0.54,0.81,1.44,nan,nan,nan,0.57,1.01,15.53,7.68,0.91,7.31,7.48
design_3374,0.55,0.82,1.29,nan,nan,nan,0.53,0.94,15.56,7.74,0.9,44.81,23.95
design_3375,0.55,0.91,1.29,nan,nan,nan,0.54,0.97,15.59,7.83,0.9,39.66,18.07
design_3376,0.84,1.09,3.08,nan,nan,nan,0.87,1.91,15.37,7.89,0.89,27.3,21.59
design_3377,0.6,1.02,3.17,nan,nan,nan,0.87,1.9,15.0,7.71,0.89,24.0,18.03
design_3378,0.63,0.85,3.24,nan,nan,nan,0.88,1.92,15.76,8.0,0.89,34.74,14.86
design_3379,0.57,0.99,3.1,nan,nan,nan,0.85,1.86,15.24,7.8,0.89,29.2,17.75
design_3380,0.6,1.01,3.13,nan,nan,nan,0.86,1.88,15.25,7.9,0.89,26.46,16.96
design_3381,0.55,1.09,3.27,nan,nan,nan,0.89,1.97,14.79,7.63,0.89,26.64,17.91
design_3382,0.5,0.94,3.31,nan,nan,nan,0.88,1.96,14.67,7.59,0.89,24.12,11.21
design_3383,0.48,1.05,0.47,nan,nan,nan,0.47,0.71,14.98,7.61,0.9,30.53,16.5
design_3384,0.58,0.52,0.64,nan,nan,nan,0.44,0.6,15.75,7.71,0.9,35.36,21.64
design_3385,0.54,0.46,0.59,nan,nan,nan,0.44,0.55,16.54,8.09,0.9,20.24,17.27
design_3386,0.64,0.5,0.63,nan,nan,nan,0.45,0.6,16.34,8.01,0.9,21.0,19.79
design_3387,0.81,0.57,0.6,nan,nan,nan,0.46,0.65,15.87,7.81,0.9,35.59,26.01
design_3388,0.55,0.54,0.59,nan,nan,nan,0.43,0.57,15.79,7.75,0.9,25.79,21.41
design_3389,0.7,0.59,0.72,nan,nan,nan,0.47,0.68,16.01,7.88,0.9,37.58,31.94
design_3390,0.35,0.44,0.62,nan,nan,nan,0.4,0.52,16.07,7.79,0.91,39.99,29.31
design_3391,0.58,0.57,0.67,nan,nan,nan,0.46,0.62,16.37,7.99,0.9,39.68,27.48
design_3392,0.84,0.89,1.67,nan,nan,nan,0.66,1.23,16.12,8.02,0.9,30.38,17.33
design_3393,0.94,0.77,1.68,nan,nan,nan,0.66,1.24,15.71,7.82,0.9,24.61,9.55
design_3394,0.61,0.8,1.79,nan,nan,nan,0.66,1.24,16.2,8.02,0.9,32.77,16.98
design_3395,0.65,0.78,2.01,nan,nan,nan,0.7,1.36,16.2,8.02,0.9,37.16,14.12
design_3396,0.95,0.8,1.91,nan,nan,nan,0.71,1.37,16.11,8.04,0.9,37.66,14.09
design_3397,0.53,0.7,1.63,nan,nan,nan,0.62,1.11,16.07,7.96,0.9,36.59,13.92
design_3398,0.86,0.78,1.62,nan,nan,nan,0.64,1.19,15.91,8.0,0.89,35.52,13.71
design_3399,0.79,0.8,1.79,nan,nan,nan,0.67,1.27,16.28,8.17,0.89,30.84,17.84
design_3400,0.53,0.82,1.4,nan,nan,nan,0.57,1.04,15.37,7.67,0.9,27.05,17.57
design_3401,0.6,0.8,1.77,nan,nan,nan,0.66,1.25,15.5,7.7,0.9,30.13,14.64
design_3402,0.68,0.75,1.34,nan,nan,nan,0.58,1.02,15.07,7.48,0.9,23.5,10.08
design_3403,0.84,0.77,1.17,nan,nan,nan,0.58,0.97,15.98,7.95,0.9,9.47,8.12
design_3404,0.64,0.76,1.26,nan,nan,nan,0.57,0.97,15.68,7.87,0.89,26.42,19.36
design_3405,0.8,0.77,1.35,nan,nan,nan,0.6,1.05,15.56,7.72,0.9,25.55,19.89
design_3406,0.76,0.73,1.4,nan,nan,nan,0.6,1.06,15.12,7.58,0.9,19.77,16.42
design_3407,0.52,0.71,1.31,nan,nan,nan,0.55,0.96,15.52,7.66,0.91,29.05,16.46
design_3408,0.36,1.01,3.16,nan,nan,nan,1.02,2.16,15.89,8.11,0.88,20.92,17.57
design_3409,0.37,1.06,3.45,nan,nan,nan,1.1,2.35,15.29,7.78,0.89,15.98,10.62
design_3410,0.98,0.94,2.75,nan,nan,nan,0.93,1.95,15.86,8.04,0.88,30.81,22.59
design_3411,0.47,1.0,3.95,nan,nan,nan,1.23,2.66,16.32,8.29,0.89,29.58,16.07
design_3412,0.48,0.97,2.65,nan,nan,nan,0.88,1.83,14.98,7.62,0.88,22.57,13.87
design_3413,0.44,1.08,3.71,nan,nan,nan,1.17,2.52,15.96,8.2,0.88,27.09,17.65
design_3414,0.51,0.99,2.84,nan,nan,nan,0.94,1.96,14.55,7.49,0.88,25.71,15.83
design_3415,0.5,0.88,3.79,nan,nan,nan,1.18,2.55,16.9,8.64,0.88,35.01,28.75
design_3416,0.51,0.65,2.9,nan,nan,nan,0.97,2.01,15.66,8.02,0.88,19.79,12.88
design_3417,0.62,0.71,3.51,nan,nan,nan,1.16,2.42,16.12,8.31,0.88,23.05,17.64
design_3418,0.82,0.76,2.85,nan,nan,nan,0.98,2.01,15.74,7.98,0.88,16.57,13.83
design_3419,0.71,0.73,4.07,nan,nan,nan,1.32,2.81,16.0,8.07,0.89,20.78,18.4
design_3420,0.48,0.65,2.87,nan,nan,nan,0.97,1.99,16.36,8.29,0.88,19.85,22.49
design_3421,0.86,0.72,2.92,nan,nan,nan,1.0,2.06,16.67,8.56,0.88,23.42,19.35
design_3422,0.84,0.7,2.96,nan,nan,nan,1.01,2.09,16.36,8.43,0.88,24.8,19.7
design_3423,0.5,0.79,3.36,nan,nan,nan,1.1,2.32,15.54,7.84,0.89,27.57,16.39
design_3424,0.71,0.63,1.14,nan,nan,nan,0.56,0.85,16.38,8.42,0.89,39.95,22.54
design_3425,0.68,0.79,2.61,nan,nan,nan,0.76,1.59,15.61,8.14,0.88,32.31,24.0
design_3426,0.84,0.73,3.79,nan,nan,nan,1.0,2.23,15.63,8.12,0.88,36.77,17.65
design_3427,0.8,0.75,3.66,nan,nan,nan,0.97,2.16,15.4,7.98,0.89,26.58,14.67
design_3428,0.72,0.65,3.9,nan,nan,nan,1.01,2.26,15.55,7.98,0.89,35.07,17.59
design_3429,0.8,0.82,2.58,nan,nan,nan,0.77,1.6,15.53,8.04,0.89,22.06,12.58
design_3430,0.84,0.84,4.1,nan,nan,nan,1.06,2.41,15.39,7.97,0.88,14.44,11.77
design_3431,0.67,0.66,1.59,nan,nan,nan,0.6,1.05,14.92,7.85,0.87,36.84,18.59
design_3432,0.54,0.67,1.18,nan,nan,nan,0.57,0.9,15.72,7.97,0.89,28.15,22.2
design_3433,0.45,0.61,1.46,nan,nan,nan,0.59,1.04,15.49,7.85,0.89,22.1,10.06
design_3434,0.39,0.72,2.96,nan,nan,nan,0.97,2.0,16.03,8.03,0.9,26.75,22.6
design_3435,0.42,0.69,1.32,nan,nan,nan,0.58,0.97,15.3,7.74,0.89,23.5,17.42
design_3436,0.39,0.7,2.29,nan,nan,nan,0.79,1.57,15.84,7.99,0.89,29.54,15.43
design_3437,0.43,0.68,2.94,nan,nan,nan,0.96,1.98,16.75,8.48,0.88,28.88,13.1
design_3438,0.37,0.65,1.25,nan,nan,nan,0.56,0.91,15.53,7.81,0.9,12.32,5.79
design_3439,0.35,0.68,1.35,nan,nan,nan,0.57,0.98,15.17,7.65,0.89,26.81,18.78
design_3440,0.81,0.68,1.4,nan,nan,nan,0.59,1.05,15.12,7.64,0.89,36.32,15.59
design_3441,0.73,0.64,1.99,nan,nan,nan,0.7,1.34,15.35,7.65,0.9,33.39,16.45
design_3442,0.72,0.58,1.72,nan,nan,nan,0.63,1.18,16.02,8.0,0.9,10.13,12.17
design_3443,0.73,0.56,1.78,nan,nan,nan,0.64,1.21,15.32,7.69,0.9,35.51,15.29
design_3444,0.74,0.57,1.9,nan,nan,nan,0.67,1.29,15.61,7.85,0.9,36.05,14.06
design_3445,0.71,0.55,1.93,nan,nan,nan,0.67,1.29,15.7,7.87,0.9,37.1,14.93
design_3446,0.8,0.62,2.0,nan,nan,nan,0.7,1.36,15.18,7.57,0.9,35.56,18.56
design_3447,0.93,0.58,1.89,nan,nan,nan,0.69,1.32,14.33,7.36,0.89,36.72,16.65
design_3448,0.65,0.73,1.82,nan,nan,nan,0.6,1.17,15.07,7.84,0.88,28.66,17.88
design_3449,0.64,0.58,1.74,nan,nan,nan,0.57,1.1,14.75,7.64,0.88,28.48,17.35
design_3450,0.62,0.53,1.71,nan,nan,nan,0.56,1.07,14.95,7.72,0.88,28.15,15.89
design_3451,0.68,0.57,1.75,nan,nan,nan,0.57,1.11,14.66,7.61,0.88,28.51,17.29
design_3452,0.6,0.59,1.57,nan,nan,nan,0.55,1.01,14.97,7.77,0.88,31.02,15.42
design_3453,0.64,0.64,1.76,nan,nan,nan,0.59,1.12,15.08,7.8,0.88,31.78,15.48
design_3454,0.61,0.59,1.7,nan,nan,nan,0.57,1.08,14.87,7.74,0.88,27.44,18.62
design_3455,0.62,0.6,1.65,nan,nan,nan,0.56,1.05,14.68,7.64,0.88,21.52,12.73
design_3456,1.21,0.57,3.91,nan,nan,nan,1.29,2.74,17.7,8.93,0.88,40.53,27.81
design_3457,0.63,0.7,3.4,nan,nan,nan,1.13,2.36,17.24,8.9,0.87,28.01,22.12
design_3458,0.87,0.75,2.46,nan,nan,nan,0.88,1.77,17.07,8.66,0.88,31.28,19.97
design_3459,0.58,0.68,6.24,nan,nan,nan,1.94,4.25,17.75,9.18,0.87,14.3,19.5
design_3460,0.8,0.73,2.99,nan,nan,nan,1.02,2.1,17.58,9.12,0.86,15.22,14.1
design_3461,0.66,0.73,3.91,nan,nan,nan,1.27,2.69,16.62,8.47,0.88,17.8,20.17
design_3462,1.0,0.76,2.08,nan,nan,nan,0.79,1.56,16.64,8.59,0.87,30.13,15.31
design_3463,0.6,0.55,3.97,nan,nan,nan,1.28,2.72,18.45,9.11,0.88,29.99,31.95
design_3464,0.51,0.62,1.28,nan,nan,nan,0.54,0.92,14.64,7.37,0.89,26.52,15.72
design_3465,1.16,0.63,2.39,nan,nan,nan,0.86,1.69,15.07,7.72,0.88,24.55,18.34
design_3466,0.96,0.53,3.31,nan,nan,nan,1.05,2.2,15.08,7.62,0.88,21.18,20.12
design_3467,0.31,0.64,1.4,nan,nan,nan,0.55,0.97,15.24,7.59,0.9,30.91,14.38
design_3468,1.01,0.56,3.13,nan,nan,nan,1.01,2.1,14.88,7.58,0.88,19.17,12.98
design_3469,0.48,0.53,2.97,nan,nan,nan,0.92,1.94,15.78,7.97,0.89,15.56,12.55
design_3470,0.39,0.65,2.98,nan,nan,nan,0.92,1.95,15.51,7.93,0.88,21.2,15.84
design_3471,0.37,0.71,2.07,nan,nan,nan,0.71,1.39,15.7,8.12,0.87,26.15,15.54
design_3472,0.78,0.62,0.79,nan,nan,nan,0.5,0.75,15.2,7.56,0.89,17.38,18.9
design_3473,0.57,0.55,0.76,nan,nan,nan,0.48,0.67,16.6,8.02,0.91,35.3,31.85
design_3474,0.67,0.46,0.67,nan,nan,nan,0.46,0.63,18.23,8.79,0.9,18.22,13.73
design_3475,0.66,0.44,0.78,nan,nan,nan,0.48,0.68,16.69,8.12,0.9,35.29,25.11
design_3476,0.53,0.54,0.84,nan,nan,nan,0.49,0.7,15.57,7.63,0.9,25.28,20.51
design_3477,0.6,0.53,0.78,nan,nan,nan,0.49,0.68,15.72,7.69,0.9,37.35,28.03
design_3478,0.6,0.5,0.76,nan,nan,nan,0.48,0.66,17.01,8.25,0.9,18.61,17.54
design_3479,0.67,0.44,0.8,nan,nan,nan,0.49,0.7,16.28,8.14,0.89,36.31,26.67
design_3480,0.78,1.36,4.4,nan,nan,nan,1.14,2.63,15.4,7.87,0.89,9.45,5.4
design_3481,0.41,1.16,1.43,nan,nan,nan,0.58,1.06,15.53,8.04,0.88,13.17,9.47
design_3482,1.21,1.22,4.35,nan,nan,nan,1.17,2.64,14.97,7.84,0.88,24.26,19.82
design_3483,1.1,1.28,4.0,nan,nan,nan,1.1,2.45,15.45,7.91,0.88,24.45,23.85
design_3484,1.11,1.24,4.13,nan,nan,nan,1.12,2.51,14.95,7.62,0.89,21.49,22.86
design_3485,1.47,0.83,4.18,nan,nan,nan,1.12,2.55,15.5,8.02,0.88,26.03,20.54
design_3486,1.13,1.18,4.14,nan,nan,nan,1.12,2.52,15.12,7.74,0.89,13.67,6.48
design_3487,0.66,1.02,1.93,nan,nan,nan,0.66,1.29,16.05,8.42,0.87,16.8,15.51
design_3488,0.69,0.94,1.99,nan,nan,nan,0.74,1.45,15.84,8.28,0.87,20.1,11.4
design_3489,0.82,0.82,3.88,nan,nan,nan,1.23,2.63,16.46,8.52,0.88,8.22,9.38
design_3490,0.82,0.79,5.74,nan,nan,nan,1.73,3.83,17.51,8.79,0.88,25.38,14.3
design_3491,0.71,0.92,2.98,nan,nan,nan,0.98,2.06,15.76,8.34,0.86,28.66,15.62
design_3492,0.66,0.86,3.75,nan,nan,nan,1.19,2.54,16.81,8.61,0.88,26.95,13.01
design_3493,0.7,0.87,2.15,nan,nan,nan,0.76,1.53,15.74,8.21,0.88,8.4,8.88
design_3494,0.75,0.97,2.8,nan,nan,nan,0.94,1.96,15.48,7.86,0.89,31.45,12.84
design_3495,0.76,1.04,5.35,nan,nan,nan,1.63,3.59,15.84,8.44,0.87,27.51,15.27
design_3496,0.64,0.53,0.63,nan,nan,nan,0.45,0.61,15.93,7.85,0.89,17.25,15.24
design_3497,0.72,2.49,0.73,nan,nan,nan,0.74,1.35,15.4,7.64,0.89,15.12,14.2
design_3498,0.59,2.46,0.71,nan,nan,nan,0.72,1.32,15.91,7.83,0.89,19.2,15.93
design_3499,0.96,2.49,0.75,nan,nan,nan,0.76,1.4,12.76,6.54,0.88,23.01,17.77
design_3500,0.76,2.56,0.69,nan,nan,nan,0.75,1.38,15.99,7.87,0.89,22.11,18.89
design_3501,0.66,0.54,0.67,nan,nan,nan,0.48,0.64,12.2,6.3,0.87,12.63,7.51
design_3502,0.65,2.56,0.71,nan,nan,nan,0.74,1.37,15.03,7.43,0.9,19.82,18.41
design_3503,0.65,2.37,0.68,nan,nan,nan,0.7,1.28,15.18,7.61,0.88,7.82,4.33
design_3504,0.69,0.82,1.37,nan,nan,nan,0.54,0.99,15.2,7.77,0.89,33.53,19.53
design_3505,0.57,0.72,1.54,nan,nan,nan,0.56,1.02,15.45,7.87,0.89,36.99,21.14
design_3506,0.56,0.74,1.27,nan,nan,nan,0.52,0.89,15.22,7.75,0.89,37.68,19.53
design_3507,0.56,0.78,1.27,nan,nan,nan,0.54,0.91,15.36,7.85,0.89,20.37,14.07
design_3508,0.68,0.73,4.66,nan,nan,nan,1.17,2.68,15.37,7.98,0.88,32.88,19.21
design_3509,0.61,0.65,1.57,nan,nan,nan,0.57,1.03,15.5,7.95,0.89,8.34,6.39
design_3510,0.6,0.67,4.31,nan,nan,nan,1.09,2.48,15.64,8.05,0.88,23.42,18.63
design_3511,0.56,0.72,1.32,nan,nan,nan,0.52,0.91,15.59,7.96,0.89,16.64,18.17
design_3512,0.79,0.86,0.77,nan,nan,nan,0.53,0.8,12.9,6.61,0.89,21.8,18.03
design_3513,1.09,0.8,0.71,nan,nan,nan,0.53,0.85,14.96,7.65,0.88,17.41,16.92
design_3514,0.76,0.79,0.64,nan,nan,nan,0.48,0.71,14.07,7.16,0.87,15.84,14.5
design_3515,0.75,0.79,0.74,nan,nan,nan,0.52,0.75,14.73,7.38,0.89,18.99,17.91
design_3516,0.78,0.7,0.66,nan,nan,nan,0.5,0.7,15.05,7.55,0.88,17.99,16.08
design_3517,0.67,0.87,0.81,nan,nan,nan,0.52,0.79,14.98,7.46,0.89,15.35,13.67
design_3518,0.69,0.81,0.7,nan,nan,nan,0.51,0.72,13.85,6.97,0.89,17.21,16.69
design_3519,1.07,0.78,0.76,nan,nan,nan,0.54,0.86,15.49,7.76,0.88,17.13,16.27
design_3520,0.55,0.75,1.02,nan,nan,nan,0.54,0.83,15.7,7.95,0.89,17.47,14.85
design_3521,0.55,0.77,1.37,nan,nan,nan,0.59,1.03,16.11,8.15,0.88,20.83,14.38
design_3522,0.57,0.69,1.15,nan,nan,nan,0.56,0.89,15.05,7.65,0.89,19.43,7.44
design_3523,0.69,0.66,2.68,nan,nan,nan,0.91,1.84,16.2,8.23,0.88,29.98,15.81
design_3524,0.65,0.82,1.14,nan,nan,nan,0.56,0.93,15.9,8.08,0.88,25.91,14.92
design_3525,0.57,0.68,1.17,nan,nan,nan,0.55,0.9,15.76,8.02,0.89,17.91,8.19
design_3526,0.63,0.84,3.82,nan,nan,nan,1.21,2.58,16.09,8.26,0.88,33.97,14.83
design_3527,0.66,0.72,2.19,nan,nan,nan,0.79,1.54,16.37,8.32,0.88,19.78,13.9
design_3528,0.76,0.69,3.54,nan,nan,nan,1.22,2.51,17.39,9.07,0.87,19.04,10.77
design_3529,0.95,0.64,3.22,nan,nan,nan,1.13,2.31,16.72,8.63,0.87,16.11,11.58
design_3530,0.61,0.69,3.07,nan,nan,nan,1.06,2.18,18.03,9.18,0.88,21.82,25.35
design_3531,0.74,0.45,4.89,nan,nan,nan,1.61,3.42,14.65,7.5,0.88,29.95,16.26
design_3532,0.6,0.69,3.72,nan,nan,nan,1.26,2.62,17.63,9.05,0.88,18.3,11.28
design_3533,1.13,0.47,5.83,nan,nan,nan,1.91,4.09,12.67,6.99,0.85,30.59,13.99
design_3534,0.78,0.61,5.1,nan,nan,nan,1.67,3.57,15.11,8.19,0.86,24.4,14.92
design_3535,0.71,0.65,3.84,nan,nan,nan,1.3,2.7,17.34,8.96,0.87,31.22,13.3
design_3536,0.51,0.57,1.25,nan,nan,nan,0.52,0.88,15.69,7.96,0.89,32.2,14.82
design_3537,0.58,0.6,0.9,nan,nan,nan,0.47,0.72,15.27,7.7,0.89,29.83,15.17
design_3538,0.62,0.64,0.85,nan,nan,nan,0.47,0.72,15.7,7.9,0.89,26.64,17.64
design_3539,0.8,0.59,1.1,nan,nan,nan,0.52,0.88,15.96,8.11,0.89,32.66,14.45
design_3540,0.59,0.54,0.9,nan,nan,nan,0.47,0.71,15.79,7.9,0.9,29.27,18.81
design_3541,0.63,0.54,1.16,nan,nan,nan,0.51,0.85,15.21,7.79,0.88,33.84,14.44
design_3542,0.59,0.6,0.78,nan,nan,nan,0.47,0.67,15.58,7.81,0.9,29.36,14.55
design_3543,0.47,0.63,1.02,nan,nan,nan,0.48,0.76,14.54,7.35,0.89,31.32,15.46
design_3544,0.49,0.72,0.66,nan,nan,nan,0.44,0.64,16.65,8.01,0.91,27.9,14.84
design_3545,0.53,0.73,0.71,nan,nan,nan,0.47,0.67,16.04,7.85,0.91,30.63,16.78
design_3546,0.56,0.74,0.66,nan,nan,nan,0.47,0.65,16.36,7.95,0.91,26.36,23.69
design_3547,0.71,0.84,0.66,nan,nan,nan,0.48,0.72,15.97,7.78,0.9,30.62,15.36
design_3548,0.61,0.58,0.61,nan,nan,nan,0.44,0.61,16.75,8.06,0.91,34.98,21.18
design_3549,0.55,0.69,0.73,nan,nan,nan,0.48,0.67,16.29,7.92,0.91,30.54,16.07
design_3550,0.56,0.83,0.63,nan,nan,nan,0.47,0.67,16.69,8.1,0.91,28.62,18.82
design_3551,0.76,0.81,0.78,nan,nan,nan,0.51,0.78,16.12,7.91,0.9,20.53,15.97
design_3552,0.64,0.61,0.62,nan,nan,nan,0.49,0.62,16.1,7.85,0.9,24.72,18.72
design_3553,0.76,0.69,0.64,nan,nan,nan,0.5,0.69,15.64,7.69,0.9,34.35,17.78
design_3554,0.58,0.59,0.64,nan,nan,nan,0.48,0.61,16.39,7.97,0.91,24.2,18.25
design_3555,0.63,0.63,0.64,nan,nan,nan,0.47,0.64,16.33,7.96,0.91,20.05,17.9
design_3556,0.6,0.67,0.57,nan,nan,nan,0.46,0.6,16.18,7.87,0.9,33.34,16.49
design_3557,0.56,0.54,0.67,nan,nan,nan,0.48,0.61,16.4,7.94,0.91,31.58,20.69
design_3558,0.57,0.62,0.64,nan,nan,nan,0.48,0.62,16.47,7.97,0.91,22.22,17.49
design_3559,0.71,0.75,0.64,nan,nan,nan,0.49,0.69,16.52,8.01,0.9,24.5,26.43
design_3560,0.84,0.95,4.77,nan,nan,nan,1.21,2.78,14.7,7.57,0.88,12.97,10.05
design_3561,0.88,0.81,2.01,nan,nan,nan,0.67,1.33,15.27,7.88,0.89,33.4,19.69
design_3562,0.67,0.84,1.91,nan,nan,nan,0.65,1.24,15.14,7.93,0.87,21.69,17.54
design_3563,0.8,0.94,4.5,nan,nan,nan,1.15,2.63,15.06,7.73,0.89,34.41,15.52
design_3564,0.95,0.8,1.29,nan,nan,nan,0.58,1.03,15.37,8.02,0.88,34.99,15.0
design_3565,0.78,0.84,2.09,nan,nan,nan,0.69,1.35,15.7,8.12,0.89,33.74,17.49
design_3566,0.79,0.75,2.1,nan,nan,nan,0.68,1.34,14.83,7.74,0.88,31.65,22.1
design_3567,0.79,0.91,2.94,nan,nan,nan,0.85,1.79,15.22,7.86,0.88,37.99,17.51
design_3568,0.7,0.73,0.93,nan,nan,nan,0.54,0.81,14.72,7.34,0.9,7.99,6.63
design_3569,0.72,0.7,0.89,nan,nan,nan,0.52,0.79,14.44,7.19,0.9,13.33,12.35
design_3570,0.65,0.58,0.81,nan,nan,nan,0.49,0.7,15.58,7.63,0.91,12.56,9.48
design_3571,0.74,0.67,1.06,nan,nan,nan,0.56,0.87,15.65,7.71,0.91,22.99,27.31
design_3572,0.73,0.74,0.95,nan,nan,nan,0.54,0.83,14.38,7.18,0.9,5.12,2.41
design_3573,0.73,0.5,2.04,nan,nan,nan,0.72,1.39,15.84,7.93,0.89,32.74,21.1
design_3574,0.85,0.78,0.79,nan,nan,nan,0.52,0.81,14.84,7.37,0.9,6.72,5.24
design_3575,0.74,0.67,0.91,nan,nan,nan,0.52,0.8,15.74,7.73,0.91,21.97,15.33
design_3576,0.3,0.76,0.78,nan,nan,nan,0.46,0.66,15.42,7.73,0.89,23.7,13.48
design_3577,0.39,0.8,0.76,nan,nan,nan,0.48,0.68,15.37,7.66,0.9,30.37,11.98
design_3578,0.27,0.76,0.88,nan,nan,nan,0.5,0.71,15.52,7.68,0.9,20.81,13.22
design_3579,0.3,0.85,0.79,nan,nan,nan,0.48,0.7,15.91,7.86,0.9,26.27,18.42
design_3580,0.37,0.78,0.48,nan,nan,nan,0.45,0.55,15.44,7.81,0.89,18.93,13.9
design_3581,0.37,0.74,0.8,nan,nan,nan,0.47,0.68,15.52,7.7,0.9,9.7,7.74
design_3582,0.37,0.75,0.91,nan,nan,nan,0.5,0.74,15.42,7.73,0.89,20.08,16.58
design_3583,0.37,0.74,0.91,nan,nan,nan,0.5,0.74,15.19,7.66,0.89,19.69,15.32
design_3584,0.97,1.24,2.04,nan,nan,nan,0.73,1.5,15.82,7.9,0.9,27.65,19.47
design_3585,0.72,1.0,1.88,nan,nan,nan,0.65,1.31,15.5,7.73,0.9,17.66,14.26
design_3586,1.0,1.35,1.92,nan,nan,nan,0.73,1.48,15.28,7.63,0.9,26.73,18.7
design_3587,1.03,1.36,2.09,nan,nan,nan,0.76,1.56,15.57,7.72,0.91,20.93,14.62
design_3588,0.99,1.37,2.11,nan,nan,nan,0.76,1.57,15.31,7.61,0.9,36.24,17.53
design_3589,0.65,0.91,1.5,nan,nan,nan,0.59,1.09,15.55,7.68,0.91,36.96,21.14
design_3590,0.61,0.91,1.45,nan,nan,nan,0.57,1.06,15.35,7.6,0.91,14.56,15.16
design_3591,0.72,0.9,1.84,nan,nan,nan,0.64,1.27,15.55,7.78,0.9,27.25,14.82
design_3592,0.48,0.53,3.26,nan,nan,nan,1.06,2.24,13.41,7.06,0.87,30.35,16.2
design_3593,0.76,0.39,3.19,nan,nan,nan,1.07,2.21,14.85,7.65,0.88,37.16,17.72
design_3594,0.5,0.78,1.71,nan,nan,nan,0.66,1.25,14.61,7.46,0.88,23.09,16.83
design_3595,0.68,0.73,3.49,nan,nan,nan,1.15,2.42,16.17,8.44,0.87,23.35,15.41
design_3596,0.65,0.84,1.69,nan,nan,nan,0.66,1.27,16.2,8.19,0.88,14.78,15.24
design_3597,0.41,0.51,2.96,nan,nan,nan,0.98,2.03,15.16,7.63,0.89,29.98,16.19
design_3598,0.48,0.55,3.27,nan,nan,nan,1.07,2.24,14.8,7.57,0.88,26.02,16.69
design_3599,0.56,0.69,3.19,nan,nan,nan,1.05,2.21,13.5,7.07,0.87,30.4,16.57
design_3600,0.33,0.68,0.87,nan,nan,nan,0.47,0.68,15.41,7.93,0.88,32.48,15.37
design_3601,0.68,0.79,0.79,nan,nan,nan,0.5,0.76,15.53,7.79,0.9,16.92,7.75
design_3602,0.63,0.77,1.05,nan,nan,nan,0.53,0.86,16.14,8.16,0.89,28.85,13.54
design_3603,0.47,0.71,0.81,nan,nan,nan,0.47,0.69,15.66,7.71,0.9,27.08,19.98
design_3604,0.38,0.68,0.64,nan,nan,nan,0.44,0.58,15.11,7.49,0.9,25.57,14.59
design_3605,0.46,0.76,3.17,nan,nan,nan,0.97,2.08,16.18,8.3,0.88,32.62,13.35
design_3606,0.51,0.76,1.06,nan,nan,nan,0.5,0.84,16.12,8.08,0.89,24.08,17.2
design_3607,0.89,0.88,3.16,nan,nan,nan,1.0,2.13,15.3,7.98,0.88,32.29,15.62
design_3608,0.46,1.03,1.34,nan,nan,nan,0.6,1.01,15.5,7.94,0.89,17.61,17.14
design_3609,0.59,1.01,2.08,nan,nan,nan,0.71,1.39,15.84,8.16,0.88,9.64,4.25
design_3610,0.78,1.1,1.86,nan,nan,nan,0.69,1.34,15.77,8.19,0.88,9.28,8.27
design_3611,0.6,1.03,1.67,nan,nan,nan,0.65,1.19,15.87,8.15,0.88,10.28,9.36
design_3612,0.56,0.89,1.32,nan,nan,nan,0.58,0.98,15.92,8.14,0.88,21.46,21.3
design_3613,0.51,0.9,1.75,nan,nan,nan,0.65,1.19,15.72,8.15,0.88,34.71,25.44
design_3614,0.52,1.08,1.0,nan,nan,nan,0.56,0.89,15.08,7.68,0.89,6.41,6.53
design_3615,0.6,1.04,0.85,nan,nan,nan,0.55,0.84,15.39,7.74,0.9,7.38,7.43
design_3616,0.58,0.44,0.78,nan,nan,nan,0.47,0.64,14.92,7.47,0.9,25.21,12.51
design_3617,0.61,0.52,0.82,nan,nan,nan,0.47,0.68,15.87,7.92,0.89,32.57,13.1
design_3618,0.71,0.51,0.89,nan,nan,nan,0.49,0.75,15.85,7.91,0.89,24.23,14.3
design_3619,0.51,0.45,0.76,nan,nan,nan,0.45,0.61,15.43,7.65,0.9,19.69,11.69
design_3620,0.53,0.54,0.72,nan,nan,nan,0.45,0.62,15.49,7.64,0.9,31.13,13.16
design_3621,0.56,0.45,0.7,nan,nan,nan,0.46,0.59,14.92,7.4,0.9,20.99,16.28
design_3622,0.59,0.49,0.78,nan,nan,nan,0.46,0.65,15.71,7.77,0.9,25.15,13.85
design_3623,0.56,0.48,0.7,nan,nan,nan,0.45,0.6,15.07,7.5,0.9,19.53,11.67
design_3624,0.67,0.73,0.9,nan,nan,nan,0.49,0.78,15.69,7.86,0.9,27.37,16.2
design_3625,0.82,0.68,1.09,nan,nan,nan,0.53,0.9,16.21,8.17,0.89,24.6,16.3
design_3626,0.64,0.71,1.0,nan,nan,nan,0.51,0.81,16.41,8.2,0.9,20.74,13.74
design_3627,0.71,0.79,1.05,nan,nan,nan,0.52,0.88,16.5,8.28,0.9,21.28,15.97
design_3628,0.64,0.7,0.74,nan,nan,nan,0.47,0.7,15.59,7.89,0.89,23.08,18.39
design_3629,0.66,0.66,1.19,nan,nan,nan,0.52,0.9,15.6,7.96,0.89,20.79,16.35
design_3630,0.76,0.75,1.25,nan,nan,nan,0.56,0.98,15.54,7.8,0.89,29.06,14.71
design_3631,0.76,0.81,0.68,nan,nan,nan,0.49,0.75,15.11,7.59,0.9,21.42,15.54
design_3632,0.42,0.8,0.84,nan,nan,nan,0.46,0.72,14.69,7.29,0.9,27.1,15.29
design_3633,0.39,0.82,1.23,nan,nan,nan,0.52,0.92,15.99,8.11,0.89,20.15,16.56
design_3634,0.32,0.86,0.83,nan,nan,nan,0.45,0.72,14.68,7.41,0.9,16.97,15.48
design_3635,0.42,0.76,0.86,nan,nan,nan,0.46,0.72,15.44,7.68,0.91,25.17,14.9
design_3636,0.4,0.9,0.82,nan,nan,nan,0.47,0.74,15.92,7.99,0.9,29.88,25.34
design_3637,0.4,0.77,1.13,nan,nan,nan,0.5,0.86,16.39,8.36,0.89,35.74,15.92
design_3638,0.26,0.77,0.81,nan,nan,nan,0.45,0.67,16.46,8.27,0.89,38.19,18.2
design_3639,0.36,0.88,0.66,nan,nan,nan,0.44,0.66,15.02,7.49,0.9,29.27,20.17
design_3640,0.66,0.5,1.22,nan,nan,nan,0.56,0.93,15.66,7.64,0.91,10.75,10.88
design_3641,0.67,0.51,1.26,nan,nan,nan,0.58,0.96,15.56,7.6,0.91,10.66,10.65
design_3642,0.59,0.51,1.29,nan,nan,nan,0.58,0.96,15.53,7.57,0.91,10.27,9.25
design_3643,0.64,0.56,1.22,nan,nan,nan,0.58,0.94,15.66,7.69,0.91,20.59,12.18
design_3644,0.63,0.52,1.21,nan,nan,nan,0.56,0.92,15.17,7.43,0.91,10.65,10.96
design_3645,0.55,0.63,1.22,nan,nan,nan,0.57,0.93,15.36,7.53,0.91,25.56,18.89
design_3646,0.73,0.63,1.23,nan,nan,nan,0.59,0.97,15.27,7.5,0.9,14.16,10.12
design_3647,0.8,0.57,1.17,nan,nan,nan,0.57,0.95,16.13,7.89,0.9,13.58,12.62
design_3648,1.2,0.56,1.72,nan,nan,nan,0.6,1.22,14.94,7.81,0.87,4.7,5.88
design_3649,1.06,0.67,1.27,nan,nan,nan,0.53,1.02,14.55,7.66,0.87,21.89,19.05
design_3650,1.13,0.6,1.22,nan,nan,nan,0.54,1.01,14.27,7.32,0.89,3.66,3.87
design_3651,1.23,0.55,1.48,nan,nan,nan,0.58,1.14,14.87,7.77,0.87,4.32,4.43
design_3652,1.19,0.59,1.75,nan,nan,nan,0.6,1.23,16.18,8.38,0.88,3.8,2.98
design_3653,0.99,0.54,1.63,nan,nan,nan,0.56,1.1,14.97,7.79,0.88,3.61,3.92
design_3654,0.98,0.51,1.67,nan,nan,nan,0.56,1.11,15.3,8.0,0.87,11.99,10.24
design_3655,1.08,0.4,1.68,nan,nan,nan,0.56,1.14,15.01,7.72,0.88,12.73,9.83
design_3656,0.56,0.69,0.7,nan,nan,nan,0.48,0.66,16.49,7.95,0.91,30.97,20.39
design_3657,0.61,0.67,0.69,nan,nan,nan,0.5,0.66,15.5,7.6,0.9,31.4,18.07
design_3658,0.69,0.74,0.64,nan,nan,nan,0.49,0.68,16.2,7.87,0.91,29.37,20.81
design_3659,0.67,0.57,0.61,nan,nan,nan,0.47,0.62,16.27,7.91,0.91,33.65,20.9
design_3660,0.5,0.65,0.51,nan,nan,nan,0.44,0.54,16.1,7.8,0.91,25.88,22.65
design_3661,0.64,0.74,0.79,nan,nan,nan,0.52,0.74,15.95,7.78,0.9,32.86,15.59
design_3662,0.71,0.75,0.65,nan,nan,nan,0.49,0.69,16.75,8.13,0.91,27.02,24.22
design_3663,0.61,0.66,0.65,nan,nan,nan,0.49,0.64,16.14,7.81,0.91,26.37,23.89
design_3664,0.6,0.66,1.26,nan,nan,nan,0.53,0.9,15.29,7.67,0.9,32.07,17.8
design_3665,0.5,0.63,0.86,nan,nan,nan,0.47,0.68,15.24,7.65,0.9,30.25,24.25
design_3666,0.67,0.75,1.54,nan,nan,nan,0.59,1.07,15.3,7.76,0.89,17.68,18.87
design_3667,0.64,0.64,1.24,nan,nan,nan,0.54,0.9,15.33,7.65,0.9,40.6,19.5
design_3668,0.51,0.64,0.75,nan,nan,nan,0.46,0.64,15.27,7.65,0.9,33.02,22.37
design_3669,0.69,0.66,1.35,nan,nan,nan,0.56,0.97,15.09,7.58,0.9,15.02,16.98
design_3670,0.64,0.68,1.05,nan,nan,nan,0.51,0.81,15.13,7.55,0.9,15.15,16.77
design_3671,0.71,0.62,1.31,nan,nan,nan,0.55,0.95,14.83,7.46,0.9,27.18,26.43
design_3672,0.78,0.36,3.11,nan,nan,nan,1.04,2.16,15.14,7.63,0.88,23.75,12.9
design_3673,0.79,0.54,3.1,nan,nan,nan,1.04,2.16,14.51,7.34,0.89,18.68,20.07
design_3674,0.65,0.89,2.58,nan,nan,nan,0.9,1.84,10.11,5.71,0.86,31.05,15.82
design_3675,0.59,0.55,5.75,nan,nan,nan,1.8,3.91,16.0,8.41,0.86,26.11,14.18
design_3676,0.53,0.71,3.21,nan,nan,nan,1.06,2.22,15.81,8.12,0.88,28.26,15.93
design_3677,0.6,0.54,6.24,nan,nan,nan,1.95,4.24,16.23,8.44,0.87,33.95,13.42
design_3678,0.6,0.79,1.76,nan,nan,nan,0.68,1.29,15.36,7.76,0.89,30.41,15.36
design_3679,0.78,0.42,3.5,nan,nan,nan,1.16,2.41,15.02,7.59,0.89,34.41,16.23
design_3680,0.88,0.73,1.27,nan,nan,nan,0.57,1.01,15.05,7.59,0.9,31.87,14.08
design_3681,0.58,0.76,1.51,nan,nan,nan,0.58,1.07,14.29,7.25,0.89,17.7,11.32
design_3682,0.73,0.8,1.02,nan,nan,nan,0.52,0.87,13.7,6.97,0.89,32.38,15.5
design_3683,0.54,0.66,1.09,nan,nan,nan,0.5,0.82,13.96,7.12,0.89,27.27,13.76
design_3684,0.56,0.81,1.23,nan,nan,nan,0.53,0.93,13.8,7.12,0.88,27.2,14.16
design_3685,0.58,0.78,1.12,nan,nan,nan,0.52,0.87,14.29,7.28,0.89,27.23,13.52
design_3686,0.59,0.85,0.89,nan,nan,nan,0.49,0.79,14.88,7.48,0.9,28.57,14.48
design_3687,0.57,0.77,1.25,nan,nan,nan,0.54,0.94,14.07,7.15,0.89,25.55,12.84
design_3688,0.85,0.5,1.84,nan,nan,nan,0.67,1.26,16.36,8.2,0.89,33.86,15.1
design_3689,0.71,0.52,1.62,nan,nan,nan,0.63,1.12,15.81,7.94,0.9,19.93,9.96
design_3690,0.94,0.53,1.74,nan,nan,nan,0.66,1.24,16.12,8.0,0.9,32.78,14.58
design_3691,0.79,0.54,1.87,nan,nan,nan,0.67,1.28,15.92,7.96,0.9,32.52,21.03
design_3692,0.86,0.58,1.55,nan,nan,nan,0.62,1.12,15.72,7.87,0.9,19.14,15.13
design_3693,0.81,0.57,1.67,nan,nan,nan,0.64,1.17,16.4,8.19,0.9,31.06,15.96
design_3694,0.67,0.52,1.94,nan,nan,nan,0.67,1.29,16.77,8.36,0.9,10.1,11.4
design_3695,0.67,0.5,1.53,nan,nan,nan,0.61,1.06,16.7,8.33,0.89,8.11,8.29
design_3696,0.49,0.69,1.57,nan,nan,nan,0.57,1.08,15.33,7.66,0.9,32.32,15.14
design_3697,0.52,0.81,1.37,nan,nan,nan,0.54,1.0,14.71,7.58,0.88,31.52,15.07
design_3698,0.52,0.71,1.43,nan,nan,nan,0.56,1.01,15.46,7.71,0.9,11.55,9.82
design_3699,0.6,0.85,1.64,nan,nan,nan,0.6,1.16,11.56,6.29,0.86,31.99,15.76
design_3700,0.55,0.72,1.2,nan,nan,nan,0.52,0.89,14.94,7.62,0.89,31.67,14.77
design_3701,0.67,0.77,1.68,nan,nan,nan,0.61,1.18,14.43,7.5,0.87,31.47,14.75
design_3702,0.6,0.6,2.06,nan,nan,nan,0.69,1.35,14.05,7.28,0.87,36.99,15.29
design_3703,0.53,0.74,1.89,nan,nan,nan,0.65,1.27,13.7,7.22,0.87,33.19,14.71
design_3704,0.64,0.96,1.79,nan,nan,nan,0.65,1.24,15.7,7.86,0.9,32.75,15.58
design_3705,0.76,1.14,1.81,nan,nan,nan,0.68,1.32,15.29,7.62,0.9,35.58,15.82
design_3706,0.64,0.72,1.47,nan,nan,nan,0.6,1.03,15.17,7.52,0.91,19.53,14.49
design_3707,0.7,0.79,1.56,nan,nan,nan,0.62,1.1,15.18,7.5,0.91,25.78,20.34
design_3708,0.71,0.77,1.63,nan,nan,nan,0.62,1.13,14.86,7.39,0.91,19.29,14.32
design_3709,0.5,0.73,1.52,nan,nan,nan,0.59,1.03,15.46,7.59,0.91,15.45,11.34
design_3710,0.48,0.84,2.48,nan,nan,nan,0.77,1.56,14.99,7.47,0.9,27.41,14.66
design_3711,0.61,0.79,1.51,nan,nan,nan,0.62,1.06,15.5,7.68,0.91,19.52,14.69
design_3712,0.91,0.71,3.22,nan,nan,nan,1.1,2.26,15.87,8.23,0.87,20.08,19.54
design_3713,0.76,0.69,3.8,nan,nan,nan,1.25,2.63,14.24,7.56,0.87,22.22,12.24
design_3714,0.96,0.71,3.53,nan,nan,nan,1.19,2.47,16.42,8.43,0.88,22.57,21.5
design_3715,0.4,0.63,2.77,nan,nan,nan,0.93,1.91,16.4,8.37,0.88,23.58,16.28
design_3716,0.67,0.73,3.09,nan,nan,nan,1.06,2.15,16.35,8.35,0.88,23.59,20.39
design_3717,0.85,0.73,2.74,nan,nan,nan,0.96,1.94,15.95,8.13,0.89,26.13,18.79
design_3718,0.41,0.7,2.59,nan,nan,nan,0.9,1.8,15.72,8.08,0.88,24.52,19.49
design_3719,0.62,0.62,3.45,nan,nan,nan,1.15,2.38,16.11,8.15,0.89,23.29,17.3
design_3720,0.89,1.33,1.91,nan,nan,nan,0.69,1.38,14.47,7.54,0.88,21.5,21.21
design_3721,0.84,1.18,1.85,nan,nan,nan,0.67,1.3,14.87,7.71,0.88,30.43,18.63
design_3722,0.76,1.26,1.36,nan,nan,nan,0.61,1.13,14.12,7.34,0.89,12.73,9.3
design_3723,0.59,1.19,1.2,nan,nan,nan,0.6,1.0,14.11,7.26,0.89,8.28,4.07
design_3724,0.69,1.42,2.94,nan,nan,nan,0.84,1.8,14.25,7.52,0.88,16.99,9.98
design_3725,0.59,1.26,1.33,nan,nan,nan,0.61,1.07,13.97,7.24,0.89,12.34,9.93
design_3726,0.7,1.16,1.15,nan,nan,nan,0.59,1.0,14.6,7.51,0.89,10.11,7.6
design_3727,0.65,1.23,1.57,nan,nan,nan,0.64,1.16,15.4,7.9,0.89,8.19,10.36
design_3728,0.5,0.52,0.72,nan,nan,nan,0.47,0.6,14.5,7.22,0.9,12.16,6.13
design_3729,0.56,0.5,0.79,nan,nan,nan,0.47,0.65,15.4,7.62,0.91,11.32,7.76
design_3730,0.43,0.53,0.86,nan,nan,nan,0.48,0.66,15.28,7.55,0.9,15.17,15.03
design_3731,0.61,0.53,0.75,nan,nan,nan,0.48,0.65,15.12,7.53,0.9,10.83,9.01
design_3732,0.5,0.49,0.71,nan,nan,nan,0.48,0.59,14.02,7.04,0.9,12.17,7.73
design_3733,0.48,0.5,0.74,nan,nan,nan,0.46,0.61,14.89,7.45,0.9,6.9,6.12
design_3734,0.69,0.58,0.79,nan,nan,nan,0.49,0.71,13.82,7.01,0.89,14.25,5.8
design_3735,0.47,0.56,0.87,nan,nan,nan,0.47,0.68,15.33,7.6,0.9,23.36,19.33
design_3736,0.56,0.62,0.45,nan,nan,nan,0.44,0.53,16.26,7.9,0.91,21.85,23.55
design_3737,0.55,0.59,0.48,nan,nan,nan,0.45,0.52,16.72,8.14,0.9,31.71,18.2
design_3738,0.56,0.64,0.46,nan,nan,nan,0.45,0.53,14.89,7.33,0.9,23.58,24.13
design_3739,0.51,0.6,0.46,nan,nan,nan,0.44,0.51,13.61,6.85,0.89,35.69,20.59
design_3740,0.55,0.62,0.46,nan,nan,nan,0.44,0.53,16.1,7.81,0.91,29.87,16.14
design_3741,0.54,0.66,0.45,nan,nan,nan,0.44,0.53,15.41,7.55,0.9,31.12,20.81
design_3742,0.6,0.73,0.45,nan,nan,nan,0.45,0.57,16.22,7.94,0.9,20.56,19.63
design_3743,0.46,0.68,0.42,nan,nan,nan,0.42,0.5,16.0,7.84,0.9,21.81,20.18
design_3744,0.58,0.98,1.65,nan,nan,nan,0.6,1.17,15.66,7.84,0.9,27.66,18.28
design_3745,0.45,0.93,1.63,nan,nan,nan,0.57,1.12,15.51,7.77,0.9,24.94,20.27
design_3746,0.5,0.87,1.36,nan,nan,nan,0.53,0.98,15.38,7.76,0.9,17.01,7.51
design_3747,0.68,1.0,1.55,nan,nan,nan,0.6,1.14,15.82,7.9,0.9,29.44,13.8
design_3748,0.72,0.92,1.88,nan,nan,nan,0.65,1.29,15.18,7.72,0.89,20.04,19.84
design_3749,0.8,0.92,1.74,nan,nan,nan,0.65,1.24,15.03,7.5,0.9,13.43,8.98
design_3750,1.05,1.02,1.03,nan,nan,nan,0.59,1.03,15.34,7.52,0.91,12.95,8.84
design_3751,1.11,1.18,1.42,nan,nan,nan,0.68,1.25,15.3,7.54,0.91,21.91,13.72
design_3752,0.68,0.69,1.4,nan,nan,nan,0.57,1.02,15.33,7.67,0.9,22.16,14.96
design_3753,0.43,0.68,1.26,nan,nan,nan,0.51,0.9,14.97,7.5,0.9,9.95,6.37
design_3754,0.72,0.68,1.75,nan,nan,nan,0.64,1.21,15.61,7.84,0.9,23.94,11.98
design_3755,0.54,0.73,1.38,nan,nan,nan,0.56,0.99,15.12,7.64,0.89,25.02,15.95
design_3756,0.56,0.74,1.72,nan,nan,nan,0.63,1.18,14.96,7.6,0.89,27.09,14.41
design_3757,0.49,0.69,1.07,nan,nan,nan,0.5,0.8,14.6,7.35,0.9,8.59,6.54
design_3758,0.41,0.59,1.4,nan,nan,nan,0.55,0.95,15.67,7.85,0.9,20.71,9.33
design_3759,0.7,0.78,2.25,nan,nan,nan,0.74,1.51,15.03,7.56,0.9,20.49,16.94
design_3760,0.46,0.7,0.64,nan,nan,nan,0.46,0.61,13.49,6.81,0.89,23.71,15.99
design_3761,0.54,0.74,0.63,nan,nan,nan,0.47,0.64,14.01,6.99,0.9,21.78,16.38
design_3762,0.63,0.64,0.63,nan,nan,nan,0.47,0.63,13.19,6.69,0.89,19.37,19.94
design_3763,0.49,0.69,0.61,nan,nan,nan,0.46,0.6,12.02,6.27,0.88,22.15,19.86
design_3764,0.59,0.76,0.71,nan,nan,nan,0.5,0.69,13.54,6.82,0.89,21.66,18.44
design_3765,0.55,0.74,0.66,nan,nan,nan,0.48,0.65,14.36,7.12,0.9,21.97,17.75
design_3766,0.52,0.77,0.59,nan,nan,nan,0.48,0.62,13.1,6.69,0.89,23.8,15.09
design_3767,0.49,0.77,0.66,nan,nan,nan,0.47,0.65,14.03,7.03,0.89,22.65,16.69
design_3768,0.58,0.57,3.23,nan,nan,nan,0.99,2.11,15.77,7.92,0.89,15.72,10.44
design_3769,0.6,0.58,1.48,nan,nan,nan,0.59,1.05,15.38,7.74,0.89,33.3,13.38
design_3770,0.57,0.68,1.22,nan,nan,nan,0.54,0.91,14.66,7.52,0.88,31.21,15.19
design_3771,0.6,0.61,3.32,nan,nan,nan,1.01,2.17,15.62,7.85,0.89,25.34,18.63
design_3772,0.63,0.66,1.41,nan,nan,nan,0.58,1.03,15.52,7.77,0.9,30.22,14.81
design_3773,0.54,0.65,1.26,nan,nan,nan,0.55,0.93,15.2,7.62,0.9,31.0,16.21
design_3774,0.6,0.71,3.04,nan,nan,nan,0.95,2.01,15.53,7.91,0.88,28.35,16.02
design_3775,0.6,0.66,1.52,nan,nan,nan,0.6,1.09,15.1,7.58,0.9,10.69,9.12
design_3776,0.6,0.9,1.12,nan,nan,nan,0.51,0.87,13.88,7.19,0.89,40.9,23.25
design_3777,0.84,0.94,2.39,nan,nan,nan,0.7,1.47,12.99,6.78,0.89,40.44,23.56
design_3778,0.7,0.82,1.24,nan,nan,nan,0.52,0.92,14.62,7.48,0.89,37.31,19.76
design_3779,0.72,0.83,1.33,nan,nan,nan,0.53,0.96,14.83,7.6,0.89,41.19,22.99
design_3780,0.57,0.92,1.25,nan,nan,nan,0.52,0.92,13.78,7.18,0.88,41.03,24.17
design_3781,0.71,0.86,2.41,nan,nan,nan,0.69,1.44,14.18,7.27,0.89,40.8,20.53
design_3782,0.73,0.71,1.58,nan,nan,nan,0.56,1.03,14.65,7.5,0.89,36.27,21.1
design_3783,0.74,0.94,2.36,nan,nan,nan,0.69,1.43,14.39,7.36,0.89,41.36,24.2
design_3784,0.68,0.78,5.21,nan,nan,nan,1.71,3.65,16.95,8.86,0.87,27.88,17.81
design_3785,0.94,0.69,3.02,nan,nan,nan,1.05,2.18,16.61,8.76,0.86,26.91,16.91
design_3786,0.73,0.85,4.06,nan,nan,nan,1.36,2.87,16.85,8.96,0.85,19.52,12.11
design_3787,0.76,0.81,3.58,nan,nan,nan,1.21,2.54,16.9,8.94,0.85,29.52,15.66
design_3788,0.63,0.9,2.63,nan,nan,nan,0.94,1.9,16.49,8.88,0.84,26.65,15.52
design_3789,0.52,0.71,4.2,nan,nan,nan,1.39,2.94,16.43,8.61,0.87,20.53,14.95
design_3790,0.56,0.72,3.73,nan,nan,nan,1.25,2.62,16.31,8.54,0.86,30.21,14.63
design_3791,0.44,0.7,4.53,nan,nan,nan,1.49,3.16,16.28,8.54,0.87,23.35,14.66
design_3792,0.44,0.59,1.79,nan,nan,nan,0.64,1.21,15.99,8.18,0.88,30.8,14.07
design_3793,0.41,0.56,1.83,nan,nan,nan,0.66,1.23,15.71,8.07,0.88,27.21,15.99
design_3794,0.48,0.58,2.01,nan,nan,nan,0.69,1.35,16.22,8.29,0.89,29.12,13.33
design_3795,0.43,0.63,2.11,nan,nan,nan,0.71,1.41,16.45,8.4,0.89,24.1,11.55
design_3796,0.43,0.62,1.96,nan,nan,nan,0.68,1.32,16.3,8.26,0.89,28.72,14.95
design_3797,0.42,0.58,2.04,nan,nan,nan,0.7,1.36,16.09,8.23,0.88,17.05,13.09
design_3798,0.45,0.48,1.67,nan,nan,nan,0.62,1.13,15.16,7.82,0.88,29.29,16.17
design_3799,0.53,0.71,2.09,nan,nan,nan,0.72,1.42,16.4,8.34,0.89,18.29,13.02
design_3800,0.59,0.38,4.95,nan,nan,nan,1.56,3.37,12.23,6.48,0.88,33.86,16.66
design_3801,0.58,0.47,4.94,nan,nan,nan,1.55,3.37,15.03,7.73,0.87,21.71,19.01
design_3802,0.63,0.37,5.16,nan,nan,nan,1.62,3.51,15.31,7.64,0.89,37.94,17.63
design_3803,0.51,0.6,4.19,nan,nan,nan,1.34,2.86,15.33,8.0,0.87,26.21,17.21
design_3804,0.5,0.45,5.19,nan,nan,nan,1.63,3.53,15.86,7.87,0.89,36.2,16.28
design_3805,0.54,0.47,4.81,nan,nan,nan,1.51,3.28,17.73,8.9,0.87,44.96,28.79
design_3806,0.77,0.37,4.68,nan,nan,nan,1.49,3.2,13.9,7.34,0.87,33.28,15.96
design_3807,0.66,0.36,4.92,nan,nan,nan,1.56,3.35,12.74,6.75,0.87,34.58,16.68
design_3808,0.86,0.51,2.18,nan,nan,nan,0.73,1.46,15.44,7.87,0.88,30.25,15.27
design_3809,0.78,0.51,1.81,nan,nan,nan,0.64,1.23,15.99,8.13,0.89,28.2,21.32
design_3810,0.84,0.59,2.33,nan,nan,nan,0.75,1.55,15.8,8.1,0.88,30.18,14.57
design_3811,0.84,0.67,2.65,nan,nan,nan,0.83,1.74,15.79,8.1,0.88,28.24,18.27
design_3812,0.9,0.71,2.75,nan,nan,nan,0.86,1.81,16.25,8.35,0.88,28.64,12.8
design_3813,0.9,0.54,2.58,nan,nan,nan,0.81,1.7,15.8,8.19,0.88,26.6,16.89
design_3814,0.82,0.63,2.75,nan,nan,nan,0.85,1.8,15.78,8.11,0.88,28.58,17.09
design_3815,0.99,0.71,1.3,nan,nan,nan,0.59,1.05,15.31,7.75,0.89,20.04,16.46
design_3816,0.8,0.4,0.81,nan,nan,nan,0.47,0.72,15.87,7.81,0.9,33.96,13.73
design_3817,0.73,0.53,0.82,nan,nan,nan,0.49,0.72,15.72,7.71,0.91,30.44,14.29
design_3818,0.73,0.56,0.8,nan,nan,nan,0.47,0.72,15.62,7.66,0.91,31.2,12.41
design_3819,0.76,0.53,0.79,nan,nan,nan,0.48,0.72,15.46,7.59,0.91,32.17,13.42
design_3820,0.62,0.43,0.82,nan,nan,nan,0.47,0.67,15.52,7.64,0.91,27.68,12.76
design_3821,0.57,0.48,0.83,nan,nan,nan,0.46,0.67,15.12,7.47,0.9,14.96,11.76
design_3822,0.71,0.57,0.78,nan,nan,nan,0.48,0.71,15.2,7.48,0.91,19.3,15.53
design_3823,0.76,0.52,0.85,nan,nan,nan,0.5,0.74,15.82,7.79,0.9,21.88,10.56
design_3824,0.38,0.65,2.85,nan,nan,nan,0.96,1.97,13.61,7.16,0.86,22.82,20.33
design_3825,0.62,0.66,3.05,nan,nan,nan,1.03,2.12,15.11,7.86,0.86,24.36,20.82
design_3826,0.49,0.89,3.18,nan,nan,nan,1.07,2.22,13.34,7.11,0.86,24.7,18.75
design_3827,0.49,0.83,2.99,nan,nan,nan,1.01,2.08,14.08,7.41,0.86,22.72,20.24
design_3828,0.53,0.86,3.22,nan,nan,nan,1.07,2.24,15.12,7.81,0.87,22.38,19.94
design_3829,0.55,0.84,3.3,nan,nan,nan,1.1,2.29,15.5,7.95,0.88,22.78,20.15
design_3830,0.58,0.65,5.16,nan,nan,nan,1.63,3.52,15.02,8.09,0.85,34.76,20.89
design_3831,0.63,0.81,2.86,nan,nan,nan,0.98,2.01,15.91,8.14,0.88,23.21,20.83
design_3832,0.65,0.5,1.28,nan,nan,nan,0.51,0.84,14.13,7.29,0.89,29.26,16.38
design_3833,0.58,0.61,1.34,nan,nan,nan,0.51,0.87,14.6,7.52,0.89,34.43,16.2
design_3834,0.72,0.64,1.3,nan,nan,nan,0.53,0.9,14.92,7.62,0.89,31.22,16.03
design_3835,0.62,0.57,1.51,nan,nan,nan,0.54,0.95,14.5,7.52,0.89,38.54,19.02
design_3836,0.78,0.62,1.64,nan,nan,nan,0.57,1.06,14.26,7.37,0.89,35.76,20.2
design_3837,0.63,0.51,1.21,nan,nan,nan,0.51,0.8,15.46,7.84,0.89,42.23,23.32
design_3838,0.73,0.6,1.71,nan,nan,nan,0.57,1.07,14.83,7.63,0.89,37.59,21.85
design_3839,0.58,0.56,1.39,nan,nan,nan,0.51,0.88,14.96,7.64,0.9,37.08,18.78
design_3840,0.67,0.52,1.77,nan,nan,nan,0.62,1.15,15.25,7.98,0.88,23.8,17.27
design_3841,0.48,0.45,1.08,nan,nan,nan,0.5,0.74,16.07,8.09,0.9,24.8,20.7
design_3842,0.45,0.42,1.47,nan,nan,nan,0.55,0.94,15.39,7.99,0.88,26.67,21.79
design_3843,0.51,0.38,1.1,nan,nan,nan,0.5,0.74,16.29,8.17,0.89,25.99,20.45
design_3844,0.47,0.44,1.09,nan,nan,nan,0.5,0.74,15.25,7.81,0.89,25.25,14.72
design_3845,0.53,0.48,0.89,nan,nan,nan,0.48,0.67,15.87,8.03,0.89,15.49,9.58
design_3846,0.46,0.51,1.83,nan,nan,nan,0.62,1.15,13.98,7.42,0.88,25.01,18.43
design_3847,0.49,0.42,1.42,nan,nan,nan,0.55,0.92,15.44,7.94,0.88,25.71,19.64
design_3848,0.55,0.62,0.63,nan,nan,nan,0.44,0.6,14.28,7.23,0.9,33.09,14.55
design_3849,0.58,0.61,0.62,nan,nan,nan,0.44,0.6,14.74,7.44,0.9,38.18,16.85
design_3850,0.62,0.63,0.62,nan,nan,nan,0.44,0.62,14.73,7.61,0.89,35.48,16.09
design_3851,0.6,0.64,2.55,nan,nan,nan,0.69,1.44,15.25,7.85,0.88,25.81,20.5
design_3852,0.55,0.73,0.46,nan,nan,nan,0.43,0.6,13.49,6.83,0.91,29.49,17.35
design_3853,0.51,0.63,1.09,nan,nan,nan,0.48,0.75,14.84,7.43,0.91,34.04,15.7
design_3854,0.56,0.74,1.31,nan,nan,nan,0.51,0.89,14.13,7.18,0.9,29.97,16.95
design_3855,0.55,0.65,0.66,nan,nan,nan,0.44,0.62,13.56,6.98,0.89,34.48,17.36
design_3856,0.63,0.8,2.94,nan,nan,nan,0.93,1.96,16.17,8.23,0.89,24.48,20.23
design_3857,0.51,0.62,0.62,nan,nan,nan,0.44,0.59,15.4,7.65,0.9,28.65,13.48
design_3858,0.52,0.61,0.53,nan,nan,nan,0.43,0.55,15.65,7.7,0.9,25.88,12.61
design_3859,0.61,0.67,0.53,nan,nan,nan,0.44,0.6,15.83,7.79,0.9,31.58,13.25
design_3860,0.61,0.62,0.69,nan,nan,nan,0.48,0.65,14.63,7.3,0.9,22.71,13.64
design_3861,0.53,0.66,0.57,nan,nan,nan,0.47,0.58,14.91,7.39,0.9,3.95,2.39
design_3862,0.58,0.61,0.52,nan,nan,nan,0.45,0.56,15.55,7.65,0.9,4.94,5.36
design_3863,0.51,0.66,0.67,nan,nan,nan,0.47,0.62,15.13,7.59,0.9,21.02,12.9
design_3864,0.77,0.9,0.97,nan,nan,nan,0.54,0.89,15.54,7.92,0.89,22.93,15.17
design_3865,0.84,0.94,1.05,nan,nan,nan,0.57,0.95,15.52,7.79,0.9,32.13,14.39
design_3866,0.81,0.94,1.0,nan,nan,nan,0.55,0.92,15.37,7.74,0.9,29.1,16.77
design_3867,0.76,0.99,1.06,nan,nan,nan,0.54,0.95,15.0,7.71,0.89,29.45,15.9
design_3868,0.96,0.87,0.93,nan,nan,nan,0.55,0.93,15.52,7.85,0.89,15.95,8.92
design_3869,0.57,0.77,0.97,nan,nan,nan,0.5,0.8,15.46,7.88,0.88,26.4,19.39
design_3870,0.72,0.92,1.31,nan,nan,nan,0.58,1.03,15.3,7.85,0.88,25.75,16.46
design_3871,0.66,0.83,1.18,nan,nan,nan,0.56,0.94,15.58,7.87,0.89,22.5,18.08
design_3872,0.58,1.22,1.81,nan,nan,nan,0.66,1.31,15.44,7.73,0.9,43.33,24.78
design_3873,0.55,1.26,1.53,nan,nan,nan,0.61,1.18,15.13,7.59,0.9,26.06,20.4
design_3874,0.57,1.34,1.46,nan,nan,nan,0.61,1.18,15.27,7.67,0.9,39.37,19.33
design_3875,0.93,1.44,2.51,nan,nan,nan,0.84,1.77,15.04,7.51,0.9,36.94,19.34
design_3876,0.62,1.36,1.81,nan,nan,nan,0.67,1.36,14.79,7.5,0.89,32.65,19.28
design_3877,0.64,1.16,1.38,nan,nan,nan,0.6,1.1,15.15,7.55,0.91,16.08,10.54
design_3878,0.56,1.18,1.55,nan,nan,nan,0.6,1.17,15.47,7.72,0.9,14.79,14.88
design_3879,0.7,1.27,1.64,nan,nan,nan,0.65,1.27,15.44,7.71,0.9,36.23,18.0
design_3880,0.57,0.74,0.99,nan,nan,nan,0.5,0.77,14.78,7.75,0.88,35.16,17.91
design_3881,0.54,0.75,1.55,nan,nan,nan,0.58,1.02,15.03,7.87,0.88,37.12,16.85
design_3882,0.67,0.7,1.32,nan,nan,nan,0.57,0.93,15.84,8.18,0.88,24.44,21.95
design_3883,0.69,0.89,4.75,nan,nan,nan,1.19,2.75,14.96,7.83,0.88,38.42,17.5
design_3884,0.74,0.81,2.29,nan,nan,nan,0.7,1.44,15.09,7.93,0.88,37.36,17.04
design_3885,0.59,0.89,5.21,nan,nan,nan,1.28,2.99,14.88,7.69,0.88,20.85,16.31
design_3886,0.57,0.82,4.6,nan,nan,nan,1.14,2.65,15.1,7.88,0.88,38.1,17.62
design_3887,0.65,0.77,1.66,nan,nan,nan,0.61,1.1,15.62,8.1,0.88,25.86,22.41
design_3888,0.63,0.6,3.77,nan,nan,nan,1.27,2.65,15.08,7.77,0.88,27.27,14.61
design_3889,0.8,0.5,3.19,nan,nan,nan,1.1,2.26,14.85,7.87,0.86,24.16,17.93
design_3890,0.61,0.44,2.27,nan,nan,nan,0.83,1.62,16.07,8.15,0.89,19.81,18.93
design_3891,0.55,0.5,3.68,nan,nan,nan,1.24,2.57,16.16,8.41,0.87,27.46,20.66
design_3892,0.6,0.51,4.11,nan,nan,nan,1.37,2.88,15.85,8.21,0.87,22.03,16.33
design_3893,0.77,0.51,3.12,nan,nan,nan,1.08,2.22,15.43,8.16,0.86,11.55,8.48
design_3894,0.57,0.41,3.03,nan,nan,nan,1.04,2.13,16.4,8.6,0.86,24.86,18.5
design_3895,0.73,0.57,2.21,nan,nan,nan,0.83,1.61,16.28,8.28,0.88,20.59,17.95
design_3896,0.5,0.86,3.63,nan,nan,nan,1.14,2.45,16.46,8.27,0.89,30.11,15.28
design_3897,0.45,0.86,0.92,nan,nan,nan,0.5,0.79,16.1,8.0,0.9,33.0,14.68
design_3898,0.45,0.82,0.7,nan,nan,nan,0.47,0.67,15.57,7.81,0.89,20.42,16.85
design_3899,0.41,0.88,0.57,nan,nan,nan,0.45,0.63,15.84,7.86,0.9,16.32,15.08
design_3900,0.47,0.81,3.09,nan,nan,nan,0.99,2.09,16.22,8.26,0.88,26.15,15.91
design_3901,0.45,0.79,0.75,nan,nan,nan,0.48,0.69,15.41,7.81,0.89,18.32,16.99
design_3902,0.38,0.67,0.61,nan,nan,nan,0.44,0.57,16.08,8.04,0.89,36.86,25.41
design_3903,0.39,0.84,0.67,nan,nan,nan,0.47,0.65,15.29,7.66,0.9,27.99,14.12
design_3904,0.63,0.7,4.24,nan,nan,nan,1.07,2.45,15.31,7.8,0.89,34.21,15.55
design_3905,0.66,0.92,4.63,nan,nan,nan,1.16,2.68,13.17,7.02,0.87,33.32,16.57
design_3906,0.67,0.78,3.89,nan,nan,nan,1.0,2.27,15.71,8.11,0.88,33.25,15.76
design_3907,0.57,0.72,4.37,nan,nan,nan,1.09,2.51,15.6,7.93,0.89,27.35,15.34
design_3908,0.75,0.9,4.75,nan,nan,nan,1.19,2.75,15.09,7.76,0.89,23.68,15.95
design_3909,0.84,0.64,1.98,nan,nan,nan,0.66,1.27,16.21,8.31,0.88,36.49,22.73
design_3910,0.66,0.78,4.06,nan,nan,nan,1.04,2.36,15.2,7.79,0.89,21.13,17.3
design_3911,0.63,0.7,1.38,nan,nan,nan,0.55,0.95,15.81,8.19,0.88,32.04,15.65
design_3912,0.56,0.88,1.18,nan,nan,nan,0.54,0.94,15.56,7.76,0.9,17.28,18.64
design_3913,0.48,0.79,1.4,nan,nan,nan,0.57,1.02,16.08,8.15,0.89,30.35,13.37
design_3914,0.65,0.81,1.45,nan,nan,nan,0.59,1.09,16.32,8.29,0.89,25.37,15.69
design_3915,0.52,0.75,1.16,nan,nan,nan,0.52,0.89,15.71,8.0,0.89,17.09,9.25
design_3916,0.51,0.9,1.41,nan,nan,nan,0.58,1.06,15.78,7.94,0.89,27.63,16.56
design_3917,0.58,0.83,1.61,nan,nan,nan,0.62,1.16,16.24,8.22,0.89,32.24,12.46
design_3918,0.54,0.85,1.15,nan,nan,nan,0.52,0.91,15.6,7.9,0.89,30.34,14.89
design_3919,0.51,0.84,1.56,nan,nan,nan,0.6,1.13,15.87,8.21,0.87,20.1,18.37
design_3920,0.56,0.72,1.85,nan,nan,nan,0.57,1.11,14.57,7.48,0.89,28.91,17.42
design_3921,0.53,0.88,1.52,nan,nan,nan,0.54,1.0,15.43,7.8,0.9,27.66,15.35
design_3922,0.59,0.79,1.76,nan,nan,nan,0.57,1.1,15.16,7.75,0.89,10.18,9.59
design_3923,0.56,0.74,1.95,nan,nan,nan,0.59,1.17,15.39,7.84,0.89,6.99,8.46
design_3924,0.58,0.69,1.74,nan,nan,nan,0.56,1.06,14.98,7.66,0.89,22.82,10.03
design_3925,0.55,0.82,1.74,nan,nan,nan,0.56,1.09,15.2,7.75,0.89,22.92,11.87
design_3926,0.59,1.01,1.58,nan,nan,nan,0.57,1.08,14.88,7.63,0.89,17.36,7.23
design_3927,0.57,0.75,1.77,nan,nan,nan,0.57,1.09,14.77,7.59,0.89,26.08,14.19
design_3928,0.59,0.54,0.71,nan,nan,nan,0.46,0.64,16.87,8.55,0.87,35.8,17.06
design_3929,0.54,0.57,0.85,nan,nan,nan,0.5,0.71,14.87,7.64,0.88,27.76,13.61
design_3930,0.65,0.4,3.14,nan,nan,nan,1.08,2.21,16.02,8.18,0.88,28.29,12.79
design_3931,0.65,0.4,3.26,nan,nan,nan,1.12,2.29,16.2,8.32,0.88,30.61,16.11
design_3932,0.7,0.51,0.9,nan,nan,nan,0.5,0.76,16.89,8.64,0.87,35.67,18.1
design_3933,0.57,0.39,3.47,nan,nan,nan,1.17,2.43,16.37,8.2,0.89,24.67,15.53
design_3934,0.71,0.64,0.82,nan,nan,nan,0.51,0.75,14.95,7.71,0.87,22.94,15.81
design_3935,0.77,0.49,0.85,nan,nan,nan,0.49,0.76,18.2,9.05,0.88,41.85,30.52
design_3936,0.87,0.89,1.37,nan,nan,nan,0.6,1.09,15.71,7.88,0.9,30.12,17.99
design_3937,0.72,0.86,1.16,nan,nan,nan,0.55,0.95,16.19,8.04,0.9,23.22,17.24
design_3938,0.84,0.92,1.64,nan,nan,nan,0.65,1.23,15.84,8.05,0.89,31.25,15.26
design_3939,0.82,0.94,1.81,nan,nan,nan,0.68,1.31,14.85,7.67,0.88,32.79,15.36
design_3940,0.88,0.85,1.44,nan,nan,nan,0.61,1.12,16.12,8.09,0.89,31.99,14.52
design_3941,1.05,0.92,1.31,nan,nan,nan,0.62,1.13,15.75,7.85,0.9,15.08,13.02
design_3942,0.7,0.9,1.02,nan,nan,nan,0.52,0.89,15.53,7.8,0.89,27.06,14.65
design_3943,0.73,0.87,1.5,nan,nan,nan,0.61,1.12,16.5,8.4,0.89,16.99,13.51
design_3944,0.79,0.64,0.54,nan,nan,nan,0.48,0.64,16.28,7.92,0.9,18.88,17.42
design_3945,0.7,0.72,0.52,nan,nan,nan,0.47,0.62,16.91,8.22,0.9,25.7,17.63
design_3946,0.81,0.73,0.62,nan,nan,nan,0.51,0.7,16.67,8.08,0.91,23.57,22.28
design_3947,0.62,0.62,0.54,nan,nan,nan,0.45,0.58,15.67,7.64,0.9,32.49,21.87
design_3948,0.75,0.74,0.54,nan,nan,nan,0.48,0.65,16.18,7.85,0.91,26.3,28.46
design_3949,0.66,0.69,0.59,nan,nan,nan,0.47,0.63,16.87,8.21,0.9,30.26,24.93
design_3950,0.59,0.57,0.6,nan,nan,nan,0.46,0.59,15.28,7.47,0.91,33.04,24.13
design_3951,0.75,0.65,0.52,nan,nan,nan,0.46,0.62,16.55,8.13,0.9,27.01,22.88
design_3952,0.74,0.76,1.68,nan,nan,nan,0.66,1.19,15.87,7.87,0.9,31.59,12.94
design_3953,0.91,0.7,1.85,nan,nan,nan,0.69,1.31,16.29,8.15,0.9,23.46,16.2
design_3954,0.9,0.72,1.65,nan,nan,nan,0.66,1.21,15.75,7.87,0.9,27.04,12.14
design_3955,1.04,0.79,1.57,nan,nan,nan,0.64,1.21,16.07,8.0,0.9,29.15,18.92
design_3956,0.55,0.69,1.67,nan,nan,nan,0.62,1.14,15.52,7.75,0.9,35.25,15.99
design_3957,1.1,0.78,1.77,nan,nan,nan,0.69,1.33,16.06,8.0,0.9,27.45,13.41
design_3958,0.71,0.72,1.57,nan,nan,nan,0.62,1.12,16.73,8.33,0.9,10.3,7.72
design_3959,1.13,0.85,1.86,nan,nan,nan,0.71,1.4,16.32,8.15,0.9,24.25,16.21
design_3960,0.62,0.83,0.59,nan,nan,nan,0.47,0.67,15.36,7.56,0.9,15.16,12.04
design_3961,0.48,0.86,0.71,nan,nan,nan,0.47,0.7,15.74,7.76,0.9,18.23,13.96
design_3962,0.66,0.9,0.66,nan,nan,nan,0.48,0.74,15.66,7.72,0.9,17.16,13.06
design_3963,0.67,0.83,0.8,nan,nan,nan,0.49,0.77,15.61,7.75,0.9,31.55,14.29
design_3964,0.67,0.9,3.96,nan,nan,nan,1.19,2.6,16.14,8.24,0.88,32.24,15.72
design_3965,0.58,0.91,0.56,nan,nan,nan,0.48,0.68,15.54,7.67,0.9,16.14,13.21
design_3966,0.63,0.84,0.6,nan,nan,nan,0.49,0.68,15.27,7.58,0.9,4.33,4.1
design_3967,0.64,0.9,0.76,nan,nan,nan,0.49,0.77,15.68,7.71,0.91,24.93,17.35
design_3968,0.83,0.97,2.24,nan,nan,nan,0.69,1.41,15.36,7.7,0.9,25.16,19.28
design_3969,0.64,0.99,1.13,nan,nan,nan,0.53,0.92,15.02,7.74,0.89,30.26,17.07
design_3970,0.72,1.11,2.03,nan,nan,nan,0.66,1.33,13.82,7.13,0.89,30.81,16.6
design_3971,0.69,0.82,1.22,nan,nan,nan,0.53,0.91,15.38,7.89,0.89,29.41,16.67
design_3972,0.67,0.86,1.39,nan,nan,nan,0.56,0.98,15.23,7.81,0.89,28.42,14.08
design_3973,0.59,0.87,1.29,nan,nan,nan,0.54,0.92,14.77,7.63,0.89,29.85,15.12
design_3974,0.75,1.03,2.02,nan,nan,nan,0.66,1.31,14.88,7.64,0.89,30.3,17.77
design_3975,0.74,0.75,1.42,nan,nan,nan,0.57,0.98,15.53,8.02,0.88,27.54,15.47
design_3976,0.4,0.83,1.25,nan,nan,nan,0.52,0.92,14.68,7.43,0.89,29.03,15.23
design_3977,0.41,0.84,1.37,nan,nan,nan,0.55,0.99,14.45,7.33,0.89,31.79,15.08
design_3978,0.48,0.79,1.16,nan,nan,nan,0.51,0.88,15.58,7.8,0.9,31.14,16.1
design_3979,0.45,0.83,1.07,nan,nan,nan,0.49,0.84,15.61,7.83,0.89,33.07,14.06
design_3980,0.44,0.85,1.46,nan,nan,nan,0.56,1.04,15.18,7.65,0.89,29.75,15.4
design_3981,0.43,0.86,1.17,nan,nan,nan,0.51,0.89,14.25,7.24,0.89,29.97,15.66
design_3982,0.45,0.86,1.14,nan,nan,nan,0.51,0.88,15.65,7.84,0.9,29.53,15.98
design_3983,0.42,0.81,1.02,nan,nan,nan,0.48,0.8,15.15,7.59,0.9,32.21,15.69
design_3984,0.84,1.26,1.64,nan,nan,nan,0.68,1.29,14.73,7.5,0.89,16.67,17.49
design_3985,0.45,1.02,1.49,nan,nan,nan,0.57,1.07,15.18,7.67,0.9,10.99,6.45
design_3986,1.07,1.29,1.42,nan,nan,nan,0.68,1.26,14.69,7.28,0.9,19.36,15.17
design_3987,0.45,1.17,1.45,nan,nan,nan,0.58,1.11,14.99,7.58,0.89,26.52,19.84
design_3988,0.38,0.96,0.96,nan,nan,nan,0.51,0.8,15.33,7.59,0.91,14.75,10.51
design_3989,0.66,1.32,1.32,nan,nan,nan,0.59,1.13,15.35,7.8,0.89,27.73,14.11
design_3990,0.43,1.05,1.44,nan,nan,nan,0.58,1.06,14.72,7.45,0.9,9.13,3.96
design_3991,0.97,1.45,2.02,nan,nan,nan,0.77,1.54,14.82,7.44,0.89,26.31,24.02
design_3992,0.56,0.76,1.44,nan,nan,nan,0.59,0.97,13.57,7.32,0.86,37.46,17.1
design_3993,0.63,0.87,2.15,nan,nan,nan,0.69,1.36,14.69,7.43,0.9,33.41,16.47
design_3994,0.69,0.88,3.1,nan,nan,nan,0.86,1.86,15.57,8.14,0.88,34.78,16.48
design_3995,0.64,0.96,2.24,nan,nan,nan,0.71,1.42,13.34,6.99,0.88,35.27,17.27
design_3996,0.48,1.0,2.16,nan,nan,nan,0.7,1.37,13.07,7.13,0.86,35.02,17.58
design_3997,0.45,0.93,3.05,nan,nan,nan,0.85,1.81,13.17,7.07,0.87,31.87,16.74
design_3998,0.86,0.91,2.32,nan,nan,nan,0.75,1.49,14.01,7.46,0.87,28.7,18.18
design_3999,0.4,0.89,2.35,nan,nan,nan,0.72,1.43,13.93,7.35,0.87,29.92,16.42
design_4000,0.83,0.7,1.27,nan,nan,nan,0.53,0.96,13.92,7.33,0.87,36.16,20.45
design_4001,0.88,0.59,1.22,nan,nan,nan,0.53,0.93,15.39,7.96,0.88,31.75,17.64
design_4002,0.78,0.58,1.58,nan,nan,nan,0.58,1.06,15.04,7.85,0.88,28.78,18.48
design_4003,0.84,0.73,1.56,nan,nan,nan,0.58,1.1,15.19,7.93,0.87,36.23,20.52
design_4004,0.94,0.65,1.35,nan,nan,nan,0.54,1.02,15.44,7.88,0.89,28.53,22.18
design_4005,0.78,0.65,1.59,nan,nan,nan,0.58,1.07,13.95,7.4,0.87,36.2,20.51
design_4006,1.22,0.76,1.84,nan,nan,nan,0.68,1.34,14.75,7.74,0.88,29.59,21.15
design_4007,0.95,0.67,1.24,nan,nan,nan,0.54,0.98,15.31,7.86,0.89,35.18,18.35
design_4008,0.43,0.59,1.36,nan,nan,nan,0.54,0.93,15.31,7.67,0.9,21.56,14.18
design_4009,0.62,0.68,1.59,nan,nan,nan,0.61,1.11,15.98,7.93,0.9,12.25,12.58
design_4010,0.78,0.6,2.21,nan,nan,nan,0.74,1.47,16.24,8.14,0.9,20.17,13.75
design_4011,0.65,0.59,1.51,nan,nan,nan,0.58,1.05,15.21,7.63,0.9,14.98,10.99
design_4012,0.7,0.66,1.78,nan,nan,nan,0.65,1.22,15.53,7.8,0.9,20.04,14.66
design_4013,0.69,0.61,1.74,nan,nan,nan,0.64,1.19,15.44,7.7,0.9,26.85,18.18
design_4014,0.65,0.55,1.55,nan,nan,nan,0.6,1.07,15.19,7.6,0.9,18.64,8.92
design_4015,0.61,0.66,1.86,nan,nan,nan,0.66,1.25,14.97,7.48,0.9,26.36,17.99
design_4016,0.46,0.88,1.28,nan,nan,nan,0.56,0.99,15.56,7.95,0.88,24.08,24.26
design_4017,0.51,0.94,2.07,nan,nan,nan,0.74,1.48,16.36,8.43,0.88,22.48,17.59
design_4018,0.39,0.87,0.67,nan,nan,nan,0.47,0.66,15.95,7.84,0.9,28.31,16.63
design_4019,0.38,0.94,0.64,nan,nan,nan,0.47,0.68,15.46,7.67,0.9,30.52,16.11
design_4020,0.52,0.87,1.97,nan,nan,nan,0.71,1.4,15.74,8.13,0.88,23.25,15.74
design_4021,0.34,0.95,0.76,nan,nan,nan,0.5,0.72,15.71,7.75,0.9,17.88,12.92
design_4022,0.46,0.73,2.07,nan,nan,nan,0.73,1.44,16.04,8.15,0.88,37.17,17.57
design_4023,0.42,0.78,1.02,nan,nan,nan,0.52,0.81,15.94,8.04,0.89,10.49,9.17
design_4024,1.29,0.47,1.65,nan,nan,nan,0.66,1.32,15.75,8.01,0.88,17.71,15.25
design_4025,0.61,0.6,0.75,nan,nan,nan,0.45,0.67,14.25,7.25,0.89,15.51,7.92
design_4026,0.79,0.61,0.79,nan,nan,nan,0.47,0.75,16.11,8.17,0.89,23.17,16.83
design_4027,0.94,0.39,0.64,nan,nan,nan,0.45,0.7,15.6,7.78,0.9,26.36,15.14
design_4028,0.9,0.57,0.52,nan,nan,nan,0.44,0.67,15.26,7.66,0.89,19.0,12.88
design_4029,1.25,0.35,0.55,nan,nan,nan,0.48,0.8,15.58,7.72,0.9,24.95,13.73
design_4030,0.87,0.54,0.62,nan,nan,nan,0.44,0.69,15.93,7.91,0.9,34.82,13.88
design_4031,0.83,0.54,0.49,nan,nan,nan,0.44,0.63,16.04,8.02,0.9,21.37,16.63
design_4032,0.52,0.96,0.99,nan,nan,nan,0.51,0.85,14.84,7.46,0.9,11.61,9.64
design_4033,0.49,0.9,1.15,nan,nan,nan,0.53,0.89,14.97,7.51,0.9,11.78,13.3
design_4034,0.66,1.27,1.62,nan,nan,nan,0.64,1.25,15.38,7.82,0.89,28.72,19.53
design_4035,1.2,1.2,1.6,nan,nan,nan,0.7,1.35,14.73,7.29,0.91,18.54,18.34
design_4036,0.53,0.9,1.42,nan,nan,nan,0.56,1.02,15.62,7.76,0.9,24.99,13.13
design_4037,0.34,0.88,0.56,nan,nan,nan,0.4,0.62,15.93,8.03,0.89,11.12,8.21
design_4038,0.56,1.05,1.22,nan,nan,nan,0.54,0.98,15.59,7.93,0.89,11.62,13.49
design_4039,0.59,0.89,1.35,nan,nan,nan,0.56,1.0,15.15,7.67,0.89,13.13,9.33
design_4040,0.85,0.84,2.1,nan,nan,nan,0.7,1.37,15.92,8.18,0.89,36.05,26.09
design_4041,0.56,0.68,3.57,nan,nan,nan,0.94,2.07,15.18,7.9,0.88,36.17,16.92
design_4042,0.59,1.03,4.07,nan,nan,nan,1.05,2.39,15.22,7.91,0.88,25.74,18.23
design_4043,0.65,0.75,0.9,nan,nan,nan,0.51,0.77,14.48,7.57,0.88,29.23,17.53
design_4044,0.81,1.11,4.86,nan,nan,nan,1.22,2.84,14.65,7.65,0.88,34.15,17.22
design_4045,0.62,0.97,4.22,nan,nan,nan,1.08,2.46,15.01,7.82,0.88,36.27,17.87
design_4046,0.58,0.91,3.9,nan,nan,nan,1.01,2.28,14.66,7.72,0.88,37.79,17.78
design_4047,0.39,0.89,3.92,nan,nan,nan,1.01,2.27,15.18,7.9,0.88,36.89,16.71
design_4048,0.75,0.34,3.41,nan,nan,nan,1.16,2.4,14.75,7.5,0.89,29.08,15.31
design_4049,0.92,0.36,3.33,nan,nan,nan,1.15,2.37,15.73,7.86,0.88,32.8,14.86
design_4050,0.74,0.34,3.52,nan,nan,nan,1.19,2.47,16.17,8.06,0.89,19.83,15.71
design_4051,0.87,0.4,3.41,nan,nan,nan,1.17,2.41,15.79,7.89,0.89,25.06,16.31
design_4052,0.64,0.54,3.97,nan,nan,nan,1.32,2.78,14.43,7.1,0.91,25.78,17.74
design_4053,0.73,0.54,3.8,nan,nan,nan,1.27,2.67,11.24,5.97,0.88,28.58,15.44
design_4054,0.88,0.67,0.87,nan,nan,nan,0.52,0.83,14.95,7.69,0.88,10.89,8.91
design_4055,0.88,0.38,3.43,nan,nan,nan,1.17,2.42,15.86,8.02,0.88,29.99,13.36
design_4056,0.64,0.96,2.18,nan,nan,nan,0.67,1.33,14.33,7.43,0.89,24.67,16.84
design_4057,0.59,0.97,2.95,nan,nan,nan,0.77,1.69,13.72,7.21,0.88,27.81,16.94
design_4058,0.72,0.81,2.14,nan,nan,nan,0.66,1.3,14.68,7.59,0.89,13.5,13.65
design_4059,0.56,0.84,1.81,nan,nan,nan,0.6,1.13,13.72,7.19,0.88,19.23,15.93
design_4060,0.54,0.78,1.35,nan,nan,nan,0.54,0.91,14.65,7.57,0.89,12.09,11.18
design_4061,0.63,0.78,2.07,nan,nan,nan,0.63,1.24,13.92,7.25,0.89,5.35,6.19
design_4062,0.51,0.92,2.43,nan,nan,nan,0.69,1.42,14.51,7.45,0.89,30.73,20.64
design_4063,0.62,0.77,2.38,nan,nan,nan,0.67,1.38,14.52,7.52,0.89,5.56,4.7
design_4064,0.52,0.79,1.43,nan,nan,nan,0.58,1.07,16.21,8.21,0.89,21.42,18.61
design_4065,0.54,0.78,1.77,nan,nan,nan,0.65,1.27,16.65,8.34,0.89,27.42,14.12
design_4066,0.57,0.71,1.6,nan,nan,nan,0.62,1.16,15.66,8.05,0.88,20.23,17.74
design_4067,0.55,0.72,1.54,nan,nan,nan,0.6,1.12,16.1,8.17,0.89,22.42,12.51
design_4068,0.54,0.76,1.47,nan,nan,nan,0.59,1.09,16.36,8.23,0.89,19.43,17.37
design_4069,0.57,0.77,1.68,nan,nan,nan,0.64,1.21,16.64,8.46,0.88,28.08,13.72
design_4070,0.64,0.75,1.89,nan,nan,nan,0.69,1.35,16.41,8.28,0.89,23.62,15.04
design_4071,0.59,0.75,1.82,nan,nan,nan,0.67,1.3,16.8,8.54,0.89,24.77,18.43
design_4072,0.5,0.61,2.21,nan,nan,nan,0.76,1.52,16.31,8.23,0.89,22.61,26.69
design_4073,0.65,0.77,4.39,nan,nan,nan,1.35,2.94,15.85,7.91,0.89,13.3,9.43
design_4074,0.55,0.63,2.41,nan,nan,nan,0.83,1.65,15.38,7.84,0.89,18.46,13.25
design_4075,0.6,0.61,1.94,nan,nan,nan,0.71,1.36,16.33,8.43,0.87,29.32,16.24
design_4076,0.49,0.62,2.41,nan,nan,nan,0.81,1.64,16.49,8.44,0.87,26.73,16.07
design_4077,0.93,0.8,2.91,nan,nan,nan,0.98,2.03,16.3,8.43,0.88,17.73,10.27
design_4078,0.48,0.78,4.19,nan,nan,nan,1.3,2.8,15.62,7.81,0.89,13.27,8.53
design_4079,0.56,0.54,2.58,nan,nan,nan,0.85,1.75,17.36,8.67,0.88,23.28,19.39
design_4080,0.31,0.71,2.87,nan,nan,nan,0.99,2.03,15.32,7.98,0.88,30.1,13.17
design_4081,0.31,0.62,3.78,nan,nan,nan,1.25,2.64,15.71,8.2,0.88,29.28,15.53
design_4082,0.59,0.53,2.86,nan,nan,nan,0.99,2.03,16.32,8.7,0.86,15.8,16.09
design_4083,0.67,0.63,3.49,nan,nan,nan,1.18,2.46,15.96,8.28,0.88,14.9,14.4
design_4084,0.31,0.62,3.8,nan,nan,nan,1.26,2.66,16.59,8.68,0.87,22.55,22.14
design_4085,0.56,0.62,3.61,nan,nan,nan,1.21,2.54,15.79,8.24,0.87,23.99,17.33
design_4086,0.68,0.7,2.55,nan,nan,nan,0.91,1.83,16.15,8.65,0.86,20.17,18.24
design_4087,0.34,0.61,3.18,nan,nan,nan,1.07,2.23,15.95,8.55,0.86,20.85,18.75
design_4088,0.42,0.53,2.91,nan,nan,nan,0.97,2.0,17.39,8.86,0.88,15.7,17.74
design_4089,0.69,0.56,3.92,nan,nan,nan,1.27,2.7,16.21,8.4,0.88,21.16,21.98
design_4090,0.49,0.58,3.14,nan,nan,nan,1.03,2.16,17.41,8.79,0.89,19.08,17.03
design_4091,0.49,0.58,3.28,nan,nan,nan,1.08,2.25,17.58,9.11,0.87,15.37,10.77
design_4092,0.61,0.55,3.16,nan,nan,nan,1.04,2.18,17.18,8.75,0.88,19.03,18.04
design_4093,0.53,0.51,3.17,nan,nan,nan,1.05,2.18,16.97,8.69,0.88,21.61,16.16
design_4094,0.44,0.61,1.28,nan,nan,nan,0.55,0.95,16.73,8.4,0.9,27.51,18.5
design_4095,0.44,0.53,3.61,nan,nan,nan,1.17,2.47,17.7,9.07,0.87,22.3,19.94
design_4096,0.45,0.51,1.2,nan,nan,nan,0.52,0.87,15.27,7.58,0.9,24.04,15.79
design_4097,0.42,0.46,1.54,nan,nan,nan,0.58,1.07,15.26,7.62,0.9,14.86,9.37
design_4098,0.4,0.5,1.41,nan,nan,nan,0.57,0.99,15.73,7.82,0.9,11.05,9.86
design_4099,0.44,0.4,1.59,nan,nan,nan,0.59,1.09,15.69,8.01,0.89,17.78,13.31
design_4100,0.45,0.42,1.44,nan,nan,nan,0.56,1.0,15.0,7.52,0.9,30.18,16.98
design_4101,0.4,0.45,1.86,nan,nan,nan,0.66,1.27,16.24,8.12,0.9,35.17,13.76
design_4102,0.47,0.39,1.66,nan,nan,nan,0.61,1.14,16.11,7.96,0.9,32.87,13.47
design_4103,0.47,0.46,1.26,nan,nan,nan,0.54,0.9,15.31,7.67,0.89,29.44,13.7
design_4104,0.51,0.79,2.13,nan,nan,nan,0.65,1.31,15.36,8.01,0.88,29.78,20.03
design_4105,0.62,0.78,0.75,nan,nan,nan,0.48,0.72,15.35,7.97,0.89,29.12,20.41
design_4106,0.44,0.72,1.39,nan,nan,nan,0.55,0.92,15.94,8.21,0.88,31.8,19.13
design_4107,0.88,0.9,3.15,nan,nan,nan,0.88,1.91,15.22,7.84,0.88,18.88,9.38
design_4108,0.48,0.67,2.69,nan,nan,nan,0.75,1.59,14.88,7.7,0.88,10.88,8.46
design_4109,0.45,0.72,1.52,nan,nan,nan,0.56,0.98,15.28,7.93,0.88,29.89,18.76
design_4110,0.47,0.58,2.15,nan,nan,nan,0.66,1.28,15.49,8.04,0.88,23.52,11.03
design_4111,0.82,0.99,3.31,nan,nan,nan,0.93,2.0,14.79,7.65,0.88,28.37,19.74
design_4112,0.6,0.87,0.58,nan,nan,nan,0.47,0.66,16.23,7.96,0.9,31.77,21.06
design_4113,0.57,0.69,0.82,nan,nan,nan,0.52,0.73,16.0,7.81,0.9,34.6,18.42
design_4114,0.59,0.74,1.11,nan,nan,nan,0.55,0.92,17.19,8.3,0.91,32.16,15.15
design_4115,0.71,0.77,0.59,nan,nan,nan,0.46,0.67,15.69,7.78,0.89,22.27,16.8
design_4116,0.56,0.76,0.55,nan,nan,nan,0.43,0.61,16.35,7.95,0.9,22.67,21.48
design_4117,0.6,0.72,0.54,nan,nan,nan,0.44,0.6,16.97,8.27,0.9,35.5,23.7
design_4118,0.5,0.79,0.77,nan,nan,nan,0.49,0.71,16.47,7.96,0.91,27.72,26.11
design_4119,0.69,0.88,0.61,nan,nan,nan,0.47,0.7,15.79,7.7,0.9,25.79,18.88
design_4120,0.51,0.55,0.54,nan,nan,nan,0.43,0.54,16.78,8.14,0.91,30.43,15.01
design_4121,0.45,0.57,0.59,nan,nan,nan,0.44,0.55,16.18,7.8,0.91,23.7,16.48
design_4122,0.43,0.53,0.57,nan,nan,nan,0.43,0.53,16.21,7.83,0.91,26.61,22.63
design_4123,0.54,0.57,0.48,nan,nan,nan,0.43,0.52,15.97,7.74,0.91,33.6,14.76
design_4124,0.42,0.48,0.6,nan,nan,nan,0.44,0.53,15.67,7.61,0.91,26.95,24.29
design_4125,0.47,0.52,0.52,nan,nan,nan,0.42,0.5,15.87,7.78,0.9,24.58,22.13
design_4126,0.47,0.54,0.57,nan,nan,nan,0.43,0.54,16.77,8.12,0.91,30.34,13.03
design_4127,0.47,0.5,0.51,nan,nan,nan,0.42,0.5,15.97,7.78,0.91,26.85,15.02
design_4128,0.9,0.81,2.35,nan,nan,nan,0.82,1.64,16.25,8.04,0.9,32.41,21.57
design_4129,0.57,0.83,2.11,nan,nan,nan,0.74,1.46,15.78,7.86,0.9,33.47,13.19
design_4130,0.82,0.8,2.34,nan,nan,nan,0.81,1.62,16.36,8.2,0.89,34.29,15.33
design_4131,0.75,0.81,2.53,nan,nan,nan,0.84,1.73,16.64,8.38,0.89,33.12,13.31
design_4132,0.82,0.82,2.47,nan,nan,nan,0.83,1.7,16.23,8.18,0.89,32.2,17.86
design_4133,1.04,0.79,2.82,nan,nan,nan,0.93,1.94,16.9,8.57,0.89,35.85,14.37
design_4134,0.83,0.82,2.22,nan,nan,nan,0.78,1.55,15.51,7.75,0.9,18.77,16.04
design_4135,0.88,0.72,2.21,nan,nan,nan,0.79,1.55,15.95,8.0,0.89,17.9,12.48
design_4136,0.67,1.24,3.59,nan,nan,nan,0.97,2.17,14.75,7.68,0.88,24.08,22.35
design_4137,0.66,1.01,1.82,nan,nan,nan,0.64,1.24,15.82,8.16,0.88,12.38,6.26
design_4138,0.83,0.84,5.24,nan,nan,nan,1.29,3.03,14.52,7.51,0.88,24.22,24.52
design_4139,0.89,0.91,5.37,nan,nan,nan,1.32,3.11,14.87,7.73,0.88,10.31,9.61
design_4140,0.65,1.07,1.91,nan,nan,nan,0.66,1.29,14.47,7.56,0.88,26.83,12.17
design_4141,0.61,1.0,2.03,nan,nan,nan,0.66,1.32,15.41,7.97,0.88,32.81,17.65
design_4142,0.66,0.73,4.91,nan,nan,nan,1.21,2.82,14.02,7.38,0.87,12.71,5.82
design_4143,0.61,1.17,4.67,nan,nan,nan,1.17,2.73,14.58,7.38,0.9,24.16,17.93
design_4144,0.47,0.52,0.48,nan,nan,nan,0.42,0.49,16.17,7.8,0.91,30.08,20.94
design_4145,0.53,0.6,0.47,nan,nan,nan,0.44,0.52,16.74,8.07,0.91,31.38,18.4
design_4146,0.53,0.6,0.53,nan,nan,nan,0.44,0.54,16.16,7.82,0.91,23.68,23.03
design_4147,0.64,0.61,0.43,nan,nan,nan,0.44,0.54,16.95,8.2,0.91,27.77,20.12
design_4148,0.65,0.64,0.53,nan,nan,nan,0.46,0.59,15.91,7.73,0.9,30.77,21.27
design_4149,0.56,0.58,0.5,nan,nan,nan,0.44,0.54,16.56,8.03,0.9,31.43,16.25
design_4150,0.57,0.57,0.43,nan,nan,nan,0.42,0.5,16.65,8.1,0.9,29.99,21.83
design_4151,0.66,0.57,0.6,nan,nan,nan,0.46,0.61,15.55,7.63,0.9,34.67,17.47
design_4152,0.97,0.91,5.01,nan,nan,nan,1.26,2.92,14.82,7.57,0.89,31.21,15.94
design_4153,0.58,0.59,1.77,nan,nan,nan,0.61,1.11,13.43,7.27,0.86,38.26,21.18
design_4154,0.72,0.68,2.4,nan,nan,nan,0.73,1.47,15.02,7.8,0.89,32.2,27.37
design_4155,0.68,0.64,1.92,nan,nan,nan,0.64,1.21,14.88,7.74,0.88,37.49,22.22
design_4156,0.86,0.73,4.84,nan,nan,nan,1.21,2.8,14.59,7.5,0.88,33.78,18.4
design_4157,0.64,0.73,3.29,nan,nan,nan,0.89,1.93,14.44,7.63,0.88,37.17,19.1
design_4158,0.87,0.92,4.88,nan,nan,nan,1.22,2.84,14.62,7.51,0.88,31.96,16.04
design_4159,0.79,0.7,3.88,nan,nan,nan,1.01,2.27,15.25,7.93,0.88,38.25,20.1
design_4160,0.51,0.87,1.61,nan,nan,nan,0.61,1.16,16.27,8.2,0.89,30.27,18.29
design_4161,0.45,0.93,1.37,nan,nan,nan,0.57,1.03,15.98,7.99,0.89,26.16,12.74
design_4162,0.46,0.82,1.34,nan,nan,nan,0.56,1.0,16.1,8.09,0.89,23.69,20.63
design_4163,0.85,0.86,1.52,nan,nan,nan,0.64,1.17,16.5,8.47,0.88,22.94,17.67
design_4164,0.52,0.78,1.22,nan,nan,nan,0.53,0.93,16.44,8.27,0.88,24.53,13.49
design_4165,0.43,0.78,1.47,nan,nan,nan,0.58,1.06,16.17,8.1,0.89,17.18,12.78
design_4166,0.43,0.87,1.48,nan,nan,nan,0.58,1.08,16.1,8.01,0.9,30.02,12.02
design_4167,0.48,0.8,1.48,nan,nan,nan,0.59,1.07,15.85,8.0,0.89,20.67,16.58
design_4168,0.46,0.68,1.36,nan,nan,nan,0.56,0.95,15.3,7.67,0.89,31.02,14.27
design_4169,0.5,0.73,1.56,nan,nan,nan,0.6,1.08,14.9,7.52,0.89,28.7,16.4
design_4170,0.66,0.77,1.46,nan,nan,nan,0.58,1.06,14.89,7.5,0.9,29.3,16.81
design_4171,0.43,0.8,1.49,nan,nan,nan,0.57,1.04,14.24,7.25,0.89,28.19,14.98
design_4172,0.56,0.76,1.38,nan,nan,nan,0.56,0.99,15.09,7.55,0.9,26.3,13.75
design_4173,0.55,0.85,1.31,nan,nan,nan,0.56,0.98,14.87,7.51,0.89,30.33,14.74
design_4174,0.52,0.7,1.62,nan,nan,nan,0.6,1.11,15.84,7.9,0.9,28.45,18.46
design_4175,0.51,0.73,1.42,nan,nan,nan,0.57,1.0,15.45,7.77,0.89,28.73,16.66
design_4176,0.34,1.01,2.32,nan,nan,nan,0.67,1.37,15.68,7.83,0.9,33.21,14.79
design_4177,0.74,1.0,2.34,nan,nan,nan,0.7,1.44,14.03,7.13,0.9,28.86,16.31
design_4178,0.75,0.87,2.39,nan,nan,nan,0.7,1.43,14.83,7.5,0.9,33.38,16.26
design_4179,0.61,1.12,2.37,nan,nan,nan,0.7,1.45,15.4,7.66,0.91,20.22,14.97
design_4180,0.61,0.96,2.38,nan,nan,nan,0.7,1.42,14.6,7.32,0.9,23.16,12.82
design_4181,0.79,0.96,2.44,nan,nan,nan,0.72,1.48,14.87,7.46,0.9,31.44,15.77
design_4182,0.62,0.95,2.37,nan,nan,nan,0.68,1.42,15.14,7.68,0.9,30.55,16.28
design_4183,0.72,0.9,2.47,nan,nan,nan,0.72,1.47,14.93,7.46,0.91,29.23,16.77
design_4184,0.63,0.86,0.78,nan,nan,nan,0.49,0.76,14.98,7.55,0.9,27.68,19.62
design_4185,0.57,0.74,1.48,nan,nan,nan,0.57,1.02,14.95,7.6,0.89,16.63,14.55
design_4186,0.53,0.53,0.9,nan,nan,nan,0.48,0.68,15.38,7.67,0.9,31.09,22.83
design_4187,0.44,0.76,0.6,nan,nan,nan,0.44,0.61,15.43,7.74,0.9,25.48,19.92
design_4188,1.07,0.82,1.04,nan,nan,nan,0.64,0.99,11.0,5.73,0.89,44.72,24.91
design_4189,0.58,0.84,1.04,nan,nan,nan,0.51,0.84,15.46,7.7,0.9,20.29,19.64
design_4190,0.6,0.53,1.22,nan,nan,nan,0.52,0.86,13.92,7.09,0.89,44.83,22.26
design_4191,0.46,0.81,0.96,nan,nan,nan,0.48,0.77,15.2,7.74,0.89,30.92,16.93
design_4192,0.73,0.3,2.82,nan,nan,nan,1.02,2.04,19.05,9.29,0.89,28.66,28.54
design_4193,0.86,0.36,2.9,nan,nan,nan,1.05,2.11,18.18,9.2,0.88,23.65,19.02
design_4194,0.43,0.31,2.82,nan,nan,nan,1.01,2.01,16.39,8.27,0.88,32.88,25.42
design_4195,0.75,0.44,2.86,nan,nan,nan,1.04,2.07,16.47,8.37,0.88,28.64,12.92
design_4196,0.66,0.37,2.9,nan,nan,nan,1.05,2.08,15.92,8.19,0.88,20.63,21.89
design_4197,0.54,0.34,3.07,nan,nan,nan,1.1,2.2,14.52,7.51,0.87,35.93,25.4
design_4198,0.95,0.37,2.65,nan,nan,nan,0.99,1.94,15.53,7.9,0.88,38.77,30.95
design_4199,0.65,0.29,2.52,nan,nan,nan,0.92,1.82,17.97,8.89,0.88,47.96,38.1
design_4200,0.63,0.66,1.19,nan,nan,nan,0.52,0.88,15.71,7.73,0.9,24.74,15.42
design_4201,0.54,0.67,1.32,nan,nan,nan,0.53,0.92,15.97,7.85,0.91,34.47,14.58
design_4202,0.5,0.69,0.98,nan,nan,nan,0.47,0.75,15.17,7.5,0.9,31.46,17.93
design_4203,0.62,0.59,1.18,nan,nan,nan,0.53,0.85,15.07,7.48,0.9,26.46,16.71
design_4204,0.62,0.66,1.32,nan,nan,nan,0.55,0.94,15.48,7.67,0.91,31.06,16.36
design_4205,0.56,0.75,1.31,nan,nan,nan,0.54,0.94,15.74,7.81,0.9,26.32,17.84
design_4206,0.63,0.76,1.39,nan,nan,nan,0.54,0.99,15.46,7.66,0.9,31.27,18.92
design_4207,0.64,0.67,1.48,nan,nan,nan,0.58,1.02,15.73,7.74,0.91,30.67,14.3
design_4208,0.38,0.77,2.1,nan,nan,nan,0.76,1.49,16.53,8.84,0.85,26.58,17.1
design_4209,1.31,0.56,1.95,nan,nan,nan,0.77,1.52,16.58,8.8,0.85,18.02,9.34
design_4210,0.35,0.9,2.37,nan,nan,nan,0.84,1.67,16.77,8.81,0.86,18.52,9.21
design_4211,0.35,0.72,2.52,nan,nan,nan,0.87,1.75,17.11,9.0,0.86,29.14,23.12
design_4212,0.43,0.68,1.96,nan,nan,nan,0.72,1.39,16.47,8.71,0.85,25.94,20.71
design_4213,0.54,0.95,2.74,nan,nan,nan,0.94,1.94,15.97,8.61,0.85,23.9,16.81
design_4214,0.38,0.85,2.19,nan,nan,nan,0.78,1.56,15.71,8.35,0.86,26.97,17.28
design_4215,0.46,0.74,2.04,nan,nan,nan,0.74,1.45,16.53,8.64,0.86,23.33,20.1
design_4216,0.82,0.54,0.69,nan,nan,nan,0.46,0.7,14.66,7.37,0.89,10.91,9.63
design_4217,0.74,0.51,0.71,nan,nan,nan,0.45,0.68,14.68,7.32,0.9,10.86,8.25
design_4218,0.71,0.6,0.68,nan,nan,nan,0.45,0.67,14.17,7.15,0.89,9.99,9.11
design_4219,1.11,0.48,0.53,nan,nan,nan,0.51,0.72,13.81,7.04,0.88,19.35,20.94
design_4220,0.89,0.41,0.64,nan,nan,nan,0.48,0.68,15.95,7.89,0.9,10.35,5.94
design_4221,0.8,0.62,0.72,nan,nan,nan,0.47,0.72,14.06,7.07,0.89,10.94,7.0
design_4222,0.96,0.66,0.7,nan,nan,nan,0.49,0.77,12.81,6.61,0.88,13.31,8.72
design_4223,0.57,0.5,0.67,nan,nan,nan,0.45,0.61,15.71,7.77,0.9,8.94,7.9
design_4224,0.79,0.7,1.86,nan,nan,nan,0.61,1.21,15.49,7.73,0.9,40.96,18.19
design_4225,0.73,0.57,1.42,nan,nan,nan,0.53,0.96,15.16,7.53,0.91,22.1,16.18
design_4226,0.69,0.63,1.43,nan,nan,nan,0.54,0.97,15.25,7.6,0.9,16.73,14.41
design_4227,0.84,0.64,1.82,nan,nan,nan,0.61,1.19,15.43,7.72,0.9,38.8,18.09
design_4228,0.72,0.53,1.44,nan,nan,nan,0.53,0.97,15.45,7.68,0.9,38.66,16.07
design_4229,0.72,0.53,1.54,nan,nan,nan,0.54,1.01,14.87,7.44,0.9,37.8,18.12
design_4230,0.89,0.6,1.78,nan,nan,nan,0.61,1.19,15.2,7.62,0.9,17.07,14.36
design_4231,0.73,0.61,1.32,nan,nan,nan,0.53,0.93,14.89,7.42,0.9,41.06,19.13
design_4232,0.56,0.68,2.04,nan,nan,nan,0.74,1.46,17.17,8.56,0.89,34.05,28.91
design_4233,0.47,0.82,3.3,nan,nan,nan,1.09,2.28,15.36,7.81,0.88,31.7,19.6
design_4234,0.91,0.81,3.73,nan,nan,nan,1.24,2.61,17.56,9.06,0.87,20.96,17.28
design_4235,0.5,0.79,1.45,nan,nan,nan,0.61,1.09,16.91,8.4,0.89,29.1,16.91
design_4236,0.45,0.73,1.37,nan,nan,nan,0.59,1.02,16.68,8.21,0.9,32.59,18.58
design_4237,0.51,0.86,1.36,nan,nan,nan,0.59,1.06,17.78,8.72,0.89,39.43,32.7
design_4238,0.54,0.85,1.56,nan,nan,nan,0.64,1.18,17.79,8.79,0.89,36.5,27.91
design_4239,0.65,0.61,0.49,nan,nan,nan,0.44,0.57,15.9,7.74,0.91,18.36,15.62
design_4240,0.84,0.52,0.7,nan,nan,nan,0.46,0.7,14.9,7.33,0.92,24.52,21.32
design_4241,0.78,0.68,1.45,nan,nan,nan,0.54,1.02,15.66,7.92,0.89,13.08,14.02
design_4242,0.89,0.73,0.99,nan,nan,nan,0.52,0.88,16.14,8.2,0.89,22.77,16.2
design_4243,0.82,0.77,0.91,nan,nan,nan,0.51,0.83,15.46,7.81,0.89,19.2,20.57
design_4244,0.71,0.75,0.87,nan,nan,nan,0.48,0.78,15.71,7.91,0.89,13.2,13.83
design_4245,0.98,0.71,1.09,nan,nan,nan,0.52,0.94,12.59,6.66,0.87,13.59,13.15
design_4246,0.85,0.72,0.96,nan,nan,nan,0.49,0.85,15.8,7.99,0.88,20.06,22.3
design_4247,0.9,0.84,1.55,nan,nan,nan,0.59,1.13,16.65,8.48,0.88,20.88,14.52
design_4248,0.52,0.69,2.84,nan,nan,nan,0.93,1.93,15.96,8.16,0.89,30.55,18.61
design_4249,0.41,0.95,2.27,nan,nan,nan,0.78,1.59,16.01,8.16,0.88,19.42,10.59
design_4250,0.36,0.77,1.7,nan,nan,nan,0.65,1.2,15.76,8.09,0.88,9.63,7.4
design_4251,0.49,0.97,3.11,nan,nan,nan,1.01,2.13,16.09,8.36,0.87,29.19,15.83
design_4252,0.8,0.91,3.33,nan,nan,nan,1.08,2.28,16.27,8.48,0.87,26.76,17.93
design_4253,0.57,0.91,3.35,nan,nan,nan,1.08,2.28,15.79,8.0,0.89,20.21,17.58
design_4254,0.47,0.95,3.38,nan,nan,nan,1.08,2.3,16.09,8.15,0.89,29.39,16.69
design_4255,0.59,0.9,3.77,nan,nan,nan,1.19,2.55,15.7,8.03,0.89,30.84,14.81
design_4256,0.8,0.59,1.14,nan,nan,nan,0.54,0.91,15.26,7.81,0.89,22.18,13.07
design_4257,0.81,0.67,1.38,nan,nan,nan,0.58,1.05,15.71,8.0,0.89,25.0,15.9
design_4258,0.46,0.67,1.04,nan,nan,nan,0.49,0.8,15.51,7.87,0.89,21.46,13.61
design_4259,0.74,0.66,1.26,nan,nan,nan,0.55,0.97,15.7,8.01,0.89,14.71,12.88
design_4260,0.74,0.64,1.39,nan,nan,nan,0.57,1.04,15.51,7.84,0.9,16.57,13.95
design_4261,0.57,0.68,1.12,nan,nan,nan,0.5,0.86,15.09,7.63,0.9,26.06,14.55
design_4262,0.72,0.72,1.29,nan,nan,nan,0.56,0.99,14.95,7.58,0.9,30.05,15.63
design_4263,0.58,0.67,1.05,nan,nan,nan,0.5,0.83,14.76,7.61,0.89,27.95,15.73
design_4264,0.56,0.66,1.24,nan,nan,nan,0.55,0.92,14.51,7.33,0.89,26.68,18.48
design_4265,0.67,0.62,1.12,nan,nan,nan,0.52,0.87,15.72,7.91,0.89,19.74,21.29
design_4266,0.67,0.68,1.14,nan,nan,nan,0.53,0.9,15.27,7.69,0.9,22.76,20.23
design_4267,0.63,0.73,1.16,nan,nan,nan,0.53,0.91,14.89,7.52,0.89,19.86,11.44
design_4268,0.71,0.7,1.38,nan,nan,nan,0.58,1.04,15.19,7.74,0.89,28.41,15.65
design_4269,0.76,0.78,1.44,nan,nan,nan,0.6,1.1,14.86,7.59,0.89,29.39,14.02
design_4270,0.62,0.61,0.89,nan,nan,nan,0.49,0.74,3.24,2.52,0.91,3.7,1.43
design_4271,0.97,0.66,1.16,nan,nan,nan,0.57,0.99,15.25,7.83,0.88,24.91,17.33
design_4272,0.52,0.68,1.9,nan,nan,nan,0.62,1.17,14.47,7.46,0.88,28.91,12.42
design_4273,0.53,0.81,1.75,nan,nan,nan,0.61,1.13,14.66,7.6,0.88,32.3,17.13
design_4274,0.57,0.72,1.71,nan,nan,nan,0.59,1.1,14.88,7.66,0.88,29.34,14.46
design_4275,0.53,0.78,1.74,nan,nan,nan,0.6,1.12,14.12,7.37,0.88,29.41,16.83
design_4276,0.53,0.88,1.65,nan,nan,nan,0.59,1.1,14.44,7.47,0.88,30.52,16.48
design_4277,0.55,0.77,1.73,nan,nan,nan,0.61,1.11,14.3,7.43,0.88,30.1,15.26
design_4278,0.5,0.63,1.96,nan,nan,nan,0.63,1.19,14.35,7.45,0.88,30.35,15.97
design_4279,0.48,0.85,1.56,nan,nan,nan,0.57,1.04,14.33,7.42,0.88,29.49,16.0
design_4280,0.58,0.55,0.66,nan,nan,nan,0.45,0.61,14.49,7.24,0.89,15.12,9.44
design_4281,0.49,0.67,0.66,nan,nan,nan,0.45,0.62,14.79,7.35,0.9,13.98,9.7
design_4282,0.43,0.65,0.63,nan,nan,nan,0.45,0.59,13.58,6.76,0.89,13.02,8.27
design_4283,0.61,0.67,0.64,nan,nan,nan,0.46,0.64,14.94,7.38,0.9,24.36,24.29
design_4284,0.43,0.79,0.73,nan,nan,nan,0.49,0.68,13.54,6.78,0.89,23.5,18.66
design_4285,0.84,0.7,0.61,nan,nan,nan,0.49,0.7,14.69,7.32,0.89,20.78,17.68
design_4286,0.64,0.55,0.62,nan,nan,nan,0.45,0.61,15.36,7.56,0.89,19.45,10.92
design_4287,0.54,0.61,0.57,nan,nan,nan,0.43,0.57,15.52,7.67,0.89,20.69,11.48
design_4288,0.41,0.7,1.02,nan,nan,nan,0.49,0.77,15.29,7.72,0.89,29.79,11.7
design_4289,0.47,0.71,1.42,nan,nan,nan,0.57,0.99,15.04,7.64,0.89,31.44,14.71
design_4290,0.67,0.75,1.38,nan,nan,nan,0.59,1.02,15.29,7.76,0.89,31.37,14.6
design_4291,0.4,0.67,1.13,nan,nan,nan,0.5,0.82,14.51,7.4,0.89,31.44,15.35
design_4292,0.38,0.74,1.18,nan,nan,nan,0.53,0.86,15.72,7.96,0.89,21.01,13.04
design_4293,0.45,0.64,1.1,nan,nan,nan,0.49,0.81,14.8,7.56,0.89,16.04,11.71
design_4294,0.37,0.55,0.97,nan,nan,nan,0.48,0.7,14.76,7.51,0.88,27.94,20.23
design_4295,0.4,0.66,0.94,nan,nan,nan,0.47,0.72,15.31,7.7,0.89,32.06,14.04
design_4296,0.88,0.56,3.27,nan,nan,nan,1.13,2.33,16.8,8.9,0.86,26.27,15.42
design_4297,0.75,0.53,3.49,nan,nan,nan,1.19,2.46,17.25,9.12,0.86,33.77,14.65
design_4298,0.69,0.53,2.71,nan,nan,nan,0.96,1.93,16.14,8.65,0.85,32.92,14.3
design_4299,0.84,0.55,5.49,nan,nan,nan,1.79,3.84,16.54,8.76,0.86,30.39,14.76
design_4300,0.73,0.41,3.64,nan,nan,nan,1.23,2.56,16.5,8.7,0.86,31.98,21.75
design_4301,0.78,0.55,3.5,nan,nan,nan,1.19,2.48,16.62,8.8,0.86,29.96,16.9
design_4302,0.65,0.47,3.4,nan,nan,nan,1.15,2.39,16.66,8.79,0.86,25.15,16.52
design_4303,0.85,0.48,3.67,nan,nan,nan,1.24,2.59,17.0,8.99,0.86,13.27,13.89
design_4304,0.62,0.76,0.62,nan,nan,nan,0.48,0.66,15.16,7.46,0.9,28.49,25.45
design_4305,0.64,0.65,0.58,nan,nan,nan,0.47,0.61,16.74,8.09,0.91,25.1,18.83
design_4306,0.54,0.62,0.61,nan,nan,nan,0.45,0.59,15.62,7.62,0.91,29.97,23.98
design_4307,0.68,0.71,0.56,nan,nan,nan,0.48,0.63,16.26,8.01,0.9,27.82,20.28
design_4308,0.56,0.61,0.48,nan,nan,nan,0.44,0.54,15.88,7.74,0.91,30.05,23.8
design_4309,0.63,0.67,0.58,nan,nan,nan,0.47,0.62,15.49,7.57,0.9,36.1,16.8
design_4310,0.75,0.72,0.62,nan,nan,nan,0.48,0.68,16.4,7.96,0.91,25.96,21.3
design_4311,0.53,0.62,0.58,nan,nan,nan,0.46,0.57,16.05,7.84,0.9,29.27,18.63
design_4312,0.54,1.02,2.35,nan,nan,nan,0.81,1.66,16.07,7.97,0.9,28.19,13.17
design_4313,0.51,1.05,2.32,nan,nan,nan,0.8,1.65,16.0,7.99,0.9,29.34,13.22
design_4314,0.56,1.0,1.28,nan,nan,nan,0.61,1.04,15.37,7.6,0.9,20.4,19.03
design_4315,0.49,1.14,2.23,nan,nan,nan,0.79,1.61,15.52,7.77,0.89,28.42,21.48
design_4316,0.49,1.13,2.24,nan,nan,nan,0.8,1.61,15.64,7.83,0.89,23.13,20.92
design_4317,0.72,1.19,1.3,nan,nan,nan,0.63,1.12,15.39,7.58,0.91,26.41,19.23
design_4318,0.54,1.08,1.41,nan,nan,nan,0.62,1.12,16.02,7.87,0.91,29.65,14.87
design_4319,0.55,0.94,2.31,nan,nan,nan,0.81,1.63,15.89,7.95,0.9,29.91,14.87
design_4320,0.9,1.01,1.76,nan,nan,nan,0.67,1.29,15.3,7.69,0.89,36.64,16.81
design_4321,0.86,0.77,1.83,nan,nan,nan,0.65,1.27,15.17,7.67,0.89,35.86,22.66
design_4322,0.88,0.92,1.69,nan,nan,nan,0.64,1.23,14.92,7.53,0.89,18.19,11.76
design_4323,0.88,0.97,1.91,nan,nan,nan,0.69,1.35,15.18,7.61,0.9,40.07,17.36
design_4324,0.74,0.87,1.85,nan,nan,nan,0.64,1.27,14.57,7.38,0.89,30.44,24.82
design_4325,0.92,0.83,1.88,nan,nan,nan,0.67,1.32,15.28,7.66,0.9,40.37,19.06
design_4326,0.58,0.62,1.79,nan,nan,nan,0.61,1.16,15.52,7.84,0.89,39.29,18.58
design_4327,0.48,0.57,1.2,nan,nan,nan,0.49,0.82,15.41,7.62,0.91,22.5,12.53
design_4328,0.61,0.69,1.96,nan,nan,nan,0.72,1.38,16.3,8.12,0.9,34.12,16.68
design_4329,0.63,0.62,1.48,nan,nan,nan,0.61,1.08,16.96,8.53,0.89,26.87,10.95
design_4330,0.58,0.62,1.37,nan,nan,nan,0.59,1.01,16.32,8.21,0.89,15.41,13.42
design_4331,0.71,0.77,2.02,nan,nan,nan,0.74,1.45,16.21,8.15,0.89,33.58,14.73
design_4332,0.72,0.6,2.02,nan,nan,nan,0.74,1.42,16.53,8.38,0.89,21.82,11.83
design_4333,0.62,0.67,2.04,nan,nan,nan,0.73,1.43,16.59,8.38,0.89,21.62,8.84
design_4334,0.42,0.64,1.31,nan,nan,nan,0.57,0.95,15.86,7.98,0.9,30.88,15.35
design_4335,0.64,0.65,1.9,nan,nan,nan,0.7,1.34,16.34,8.17,0.89,36.28,17.42
design_4336,0.72,1.17,2.34,nan,nan,nan,0.71,1.48,15.35,7.65,0.91,20.5,17.55
design_4337,0.76,1.07,2.31,nan,nan,nan,0.69,1.44,15.21,7.63,0.9,32.48,15.42
design_4338,0.7,1.15,2.31,nan,nan,nan,0.7,1.46,14.31,7.21,0.9,28.01,16.98
design_4339,0.81,1.08,2.27,nan,nan,nan,0.69,1.44,14.06,7.12,0.9,32.24,15.28
design_4340,0.64,1.07,0.87,nan,nan,nan,0.5,0.87,14.47,7.34,0.9,25.76,15.77
design_4341,0.62,1.1,0.81,nan,nan,nan,0.48,0.86,14.39,7.36,0.9,28.67,17.43
design_4342,0.64,1.07,2.3,nan,nan,nan,0.69,1.42,14.54,7.3,0.9,26.81,11.98
design_4343,0.67,1.07,2.34,nan,nan,nan,0.69,1.44,15.06,7.55,0.9,31.71,16.27
design_4344,0.51,0.71,0.96,nan,nan,nan,0.48,0.77,16.04,7.99,0.9,32.61,13.0
design_4345,0.51,0.78,0.79,nan,nan,nan,0.46,0.71,15.57,7.87,0.89,22.65,15.14
design_4346,0.52,0.82,0.75,nan,nan,nan,0.47,0.71,15.68,7.8,0.9,27.77,16.24
design_4347,0.59,0.85,0.76,nan,nan,nan,0.46,0.74,15.11,7.59,0.89,22.4,16.62
design_4348,0.6,0.91,0.59,nan,nan,nan,0.45,0.7,16.02,7.99,0.9,30.97,15.03
design_4349,0.62,0.79,0.7,nan,nan,nan,0.46,0.7,16.01,7.98,0.9,23.42,17.45
design_4350,0.51,0.77,0.74,nan,nan,nan,0.47,0.69,16.18,7.98,0.9,11.35,5.68
design_4351,0.52,0.74,0.8,nan,nan,nan,0.46,0.71,15.78,7.84,0.9,15.03,11.75
design_4352,0.82,1.06,1.57,nan,nan,nan,0.62,1.2,15.42,7.78,0.89,24.57,18.38
design_4353,0.68,0.9,1.72,nan,nan,nan,0.64,1.2,15.68,7.71,0.91,24.15,20.29
design_4354,0.64,0.88,2.36,nan,nan,nan,0.77,1.52,15.01,7.6,0.9,12.6,8.88
design_4355,0.56,1.01,2.63,nan,nan,nan,0.82,1.69,15.73,7.91,0.89,32.73,22.5
design_4356,0.72,0.95,1.97,nan,nan,nan,0.66,1.34,15.08,7.63,0.89,16.12,12.51
design_4357,0.61,1.04,2.67,nan,nan,nan,0.83,1.72,15.14,7.76,0.89,19.13,10.23
design_4358,0.66,1.03,2.09,nan,nan,nan,0.69,1.42,15.3,7.67,0.9,23.24,11.06
design_4359,0.92,1.18,2.39,nan,nan,nan,0.79,1.65,15.34,7.79,0.89,24.86,17.85
design_4360,0.7,0.62,0.64,nan,nan,nan,0.49,0.65,15.33,7.6,0.9,4.84,5.63
design_4361,0.8,0.64,0.74,nan,nan,nan,0.5,0.73,15.68,7.76,0.9,23.98,14.05
design_4362,0.73,0.61,0.6,nan,nan,nan,0.48,0.64,15.4,7.65,0.9,4.53,5.42
design_4363,0.76,0.59,0.87,nan,nan,nan,0.51,0.77,15.41,7.68,0.9,17.34,13.82
design_4364,0.67,0.61,0.61,nan,nan,nan,0.46,0.63,15.8,7.84,0.9,24.44,12.74
design_4365,0.58,0.59,0.64,nan,nan,nan,0.48,0.61,15.27,7.62,0.9,15.42,10.37
design_4366,0.76,0.66,0.66,nan,nan,nan,0.49,0.69,15.8,7.86,0.9,25.65,15.28
design_4367,0.61,0.55,0.59,nan,nan,nan,0.47,0.59,15.46,7.6,0.9,3.66,2.78
design_4368,0.51,1.13,1.61,nan,nan,nan,0.57,1.12,14.23,7.19,0.9,28.67,16.33
design_4369,0.59,1.13,2.09,nan,nan,nan,0.64,1.33,13.36,6.92,0.89,23.05,18.56
design_4370,0.37,1.27,1.56,nan,nan,nan,0.56,1.13,14.27,7.31,0.89,28.41,16.18
design_4371,0.32,1.24,1.71,nan,nan,nan,0.58,1.17,14.53,7.36,0.9,26.99,19.54
design_4372,0.38,1.13,1.45,nan,nan,nan,0.55,1.03,14.0,7.1,0.9,28.59,16.94
design_4373,0.54,1.28,2.01,nan,nan,nan,0.64,1.33,13.16,6.96,0.88,27.7,18.3
design_4374,0.4,1.14,1.76,nan,nan,nan,0.58,1.17,14.9,7.55,0.9,27.04,18.88
design_4375,0.39,1.28,1.66,nan,nan,nan,0.59,1.17,13.95,7.15,0.89,26.65,19.93
design_4376,0.79,0.94,0.78,nan,nan,nan,0.53,0.82,14.99,7.55,0.88,26.03,14.38
design_4377,0.62,0.84,0.73,nan,nan,nan,0.51,0.73,15.67,7.88,0.88,25.72,14.64
design_4378,0.76,0.76,0.6,nan,nan,nan,0.48,0.68,16.6,8.17,0.89,30.18,19.38
design_4379,0.82,0.85,0.52,nan,nan,nan,0.5,0.69,16.28,7.94,0.9,23.47,19.97
design_4380,0.83,0.83,0.55,nan,nan,nan,0.51,0.7,16.72,8.14,0.91,18.95,14.21
design_4381,0.98,0.8,0.62,nan,nan,nan,0.52,0.77,16.0,7.98,0.89,23.94,15.78
design_4382,0.47,0.65,0.58,nan,nan,nan,0.46,0.57,16.0,7.78,0.91,32.38,14.1
design_4383,0.75,0.86,0.84,nan,nan,nan,0.53,0.82,16.07,7.88,0.9,28.54,15.77
design_4384,0.57,0.62,3.9,nan,nan,nan,1.26,2.68,16.22,8.28,0.88,12.7,9.49
design_4385,0.63,0.62,3.91,nan,nan,nan,1.27,2.69,16.58,8.47,0.88,16.57,10.55
design_4386,0.61,0.7,2.62,nan,nan,nan,0.91,1.84,16.3,8.46,0.87,18.74,13.29
design_4387,0.6,0.7,3.91,nan,nan,nan,1.26,2.69,16.3,8.42,0.88,16.44,10.75
design_4388,0.85,0.58,4.55,nan,nan,nan,1.45,3.13,17.19,8.6,0.88,27.59,18.11
design_4389,0.68,0.63,3.96,nan,nan,nan,1.28,2.73,15.74,8.15,0.88,9.14,8.58
design_4390,0.66,0.69,4.13,nan,nan,nan,1.33,2.84,16.43,8.38,0.88,15.22,15.82
design_4391,0.78,0.68,4.0,nan,nan,nan,1.3,2.76,16.3,8.48,0.88,14.01,10.77
design_4392,0.89,0.63,1.74,nan,nan,nan,0.66,1.24,16.14,8.02,0.9,13.51,9.34
design_4393,0.8,0.63,1.04,nan,nan,nan,0.54,0.86,15.73,7.86,0.9,22.26,18.2
design_4394,0.86,0.62,1.3,nan,nan,nan,0.58,1.0,15.22,7.65,0.9,22.82,8.65
design_4395,0.51,0.45,0.67,nan,nan,nan,0.43,0.56,15.09,7.55,0.9,31.95,12.45
design_4396,0.82,0.55,1.11,nan,nan,nan,0.53,0.88,15.68,7.87,0.89,20.37,19.0
design_4397,0.61,0.62,0.75,nan,nan,nan,0.47,0.67,15.34,7.61,0.9,19.94,7.54
design_4398,0.82,0.57,0.96,nan,nan,nan,0.52,0.82,15.83,7.89,0.9,11.09,10.05
design_4399,0.6,0.58,0.65,nan,nan,nan,0.46,0.62,15.12,7.51,0.9,21.93,13.82
design_4400,0.65,0.55,0.57,nan,nan,nan,0.46,0.59,16.17,7.82,0.91,26.34,29.09
design_4401,0.56,0.53,0.51,nan,nan,nan,0.43,0.53,15.36,7.57,0.9,31.28,19.97
design_4402,0.47,0.6,0.61,nan,nan,nan,0.44,0.57,15.35,7.47,0.9,25.52,16.18
design_4403,0.6,0.48,0.56,nan,nan,nan,0.45,0.55,14.02,6.97,0.9,25.55,28.48
design_4404,0.64,0.51,0.55,nan,nan,nan,0.45,0.57,15.88,7.76,0.9,33.19,22.48
design_4405,0.5,0.48,0.62,nan,nan,nan,0.45,0.56,15.6,7.56,0.91,27.02,19.47
design_4406,0.48,0.48,0.67,nan,nan,nan,0.45,0.58,14.78,7.29,0.9,22.16,14.92
design_4407,0.65,0.47,0.82,nan,nan,nan,0.48,0.7,16.11,7.87,0.9,14.98,14.84
design_4408,0.62,0.72,0.7,nan,nan,nan,0.49,0.69,16.18,7.87,0.91,36.14,21.21
design_4409,0.84,0.67,0.72,nan,nan,nan,0.5,0.74,15.96,7.89,0.9,35.57,18.89
design_4410,0.68,0.75,0.6,nan,nan,nan,0.47,0.66,16.88,8.2,0.9,38.53,29.51
design_4411,0.54,0.72,0.64,nan,nan,nan,0.46,0.63,16.68,8.09,0.91,30.25,25.99
design_4412,0.52,0.73,0.68,nan,nan,nan,0.47,0.66,16.67,8.06,0.91,36.0,18.59
design_4413,1.2,0.47,0.7,nan,nan,nan,0.52,0.83,14.66,7.28,0.89,37.95,20.11
design_4414,0.97,0.72,0.63,nan,nan,nan,0.51,0.76,17.02,8.25,0.9,19.98,18.87
design_4415,0.55,0.74,0.57,nan,nan,nan,0.46,0.61,15.86,7.74,0.9,31.72,28.8
design_4416,0.9,0.42,3.43,nan,nan,nan,1.16,2.43,15.57,7.94,0.88,26.35,16.24
design_4417,0.68,0.38,3.49,nan,nan,nan,1.18,2.45,16.16,8.11,0.89,19.77,17.48
design_4418,0.64,0.56,3.51,nan,nan,nan,1.18,2.47,14.5,7.4,0.88,27.51,15.57
design_4419,0.64,0.38,3.2,nan,nan,nan,1.09,2.25,15.96,8.05,0.88,31.42,16.88
design_4420,0.73,0.34,3.23,nan,nan,nan,1.1,2.28,14.81,7.55,0.88,29.67,15.83
design_4421,0.71,0.42,3.63,nan,nan,nan,1.22,2.55,14.41,7.43,0.88,26.17,16.87
design_4422,0.47,0.34,3.22,nan,nan,nan,1.09,2.25,15.32,7.72,0.89,24.44,17.31
design_4423,0.89,0.46,4.06,nan,nan,nan,1.36,2.86,15.35,7.85,0.88,22.29,15.23
design_4424,0.69,0.73,0.52,nan,nan,nan,0.47,0.62,17.45,8.46,0.9,16.42,16.25
design_4425,0.52,0.68,0.49,nan,nan,nan,0.43,0.55,16.21,7.91,0.91,21.04,18.44
design_4426,0.57,0.73,0.53,nan,nan,nan,0.45,0.59,15.49,7.59,0.9,21.36,19.04
design_4427,0.64,0.69,0.54,nan,nan,nan,0.45,0.61,16.95,8.26,0.9,18.22,18.32
design_4428,0.61,0.7,0.52,nan,nan,nan,0.45,0.59,15.04,7.45,0.9,34.27,28.84
design_4429,0.91,0.74,0.57,nan,nan,nan,0.5,0.72,17.0,8.3,0.9,20.97,19.65
design_4430,0.6,0.59,0.5,nan,nan,nan,0.45,0.55,17.16,8.34,0.9,36.3,26.43
design_4431,0.61,0.72,0.56,nan,nan,nan,0.46,0.62,16.7,8.09,0.91,33.39,36.1
design_4432,0.56,0.86,1.06,nan,nan,nan,0.53,0.86,15.02,7.71,0.89,29.49,17.19
design_4433,0.6,0.9,0.76,nan,nan,nan,0.5,0.75,15.53,7.79,0.9,25.66,12.54
design_4434,0.5,1.02,0.82,nan,nan,nan,0.51,0.8,15.21,7.71,0.89,27.28,15.05
design_4435,0.82,0.93,3.43,nan,nan,nan,1.02,2.23,15.8,8.16,0.88,28.26,22.13
design_4436,0.75,0.93,1.2,nan,nan,nan,0.57,0.99,15.41,7.99,0.88,28.05,16.64
design_4437,0.59,1.02,1.07,nan,nan,nan,0.54,0.92,15.19,7.77,0.89,29.05,16.11
design_4438,0.42,0.79,0.81,nan,nan,nan,0.47,0.7,15.74,7.91,0.89,24.15,14.37
design_4439,0.57,0.89,0.81,nan,nan,nan,0.5,0.76,15.68,7.93,0.89,25.5,14.57
design_4440,0.61,1.05,1.97,nan,nan,nan,0.63,1.26,15.41,7.85,0.89,36.87,15.66
design_4441,0.43,1.15,1.59,nan,nan,nan,0.57,1.1,12.66,6.7,0.88,32.88,17.88
design_4442,0.5,1.13,1.63,nan,nan,nan,0.58,1.12,14.49,7.48,0.89,32.21,16.3
design_4443,0.41,1.11,1.57,nan,nan,nan,0.56,1.08,12.54,6.64,0.88,32.87,18.05
design_4444,0.38,1.18,1.22,nan,nan,nan,0.53,0.96,14.49,7.47,0.89,32.41,18.99
design_4445,0.41,1.14,1.6,nan,nan,nan,0.57,1.1,11.2,6.07,0.87,33.4,18.44
design_4446,0.54,1.09,1.49,nan,nan,nan,0.56,1.06,15.52,7.87,0.9,19.96,18.3
design_4447,0.55,1.13,1.6,nan,nan,nan,0.58,1.12,12.12,6.46,0.88,33.32,18.04
design_4448,0.77,0.56,0.82,nan,nan,nan,0.49,0.75,17.37,8.74,0.88,39.82,34.5
design_4449,0.75,0.46,0.74,nan,nan,nan,0.48,0.69,16.69,8.25,0.89,47.02,42.69
design_4450,0.62,0.41,0.69,nan,nan,nan,0.45,0.61,16.81,8.39,0.88,26.59,32.51
design_4451,0.71,0.46,0.69,nan,nan,nan,0.45,0.65,18.17,8.89,0.88,26.74,28.5
design_4452,0.7,0.59,1.59,nan,nan,nan,0.65,1.2,16.25,8.29,0.88,21.53,19.4
design_4453,0.65,0.5,0.83,nan,nan,nan,0.48,0.71,16.74,8.49,0.88,22.77,26.33
design_4454,0.96,0.55,1.44,nan,nan,nan,0.64,1.15,15.94,8.2,0.87,16.38,15.06
design_4455,0.68,0.45,1.34,nan,nan,nan,0.57,1.02,17.9,8.99,0.88,38.13,24.41
design_4456,0.42,0.81,1.5,nan,nan,nan,0.55,0.99,11.59,6.01,0.89,25.39,14.58
design_4457,0.42,0.74,1.45,nan,nan,nan,0.54,0.95,12.47,6.39,0.89,26.97,15.28
design_4458,0.48,0.85,1.35,nan,nan,nan,0.53,0.94,14.03,7.03,0.91,20.42,21.2
design_4459,0.48,0.71,1.48,nan,nan,nan,0.54,0.97,14.96,7.58,0.9,27.94,18.96
design_4460,0.49,0.85,1.55,nan,nan,nan,0.56,1.04,15.11,7.64,0.9,21.77,22.81
design_4461,0.43,0.84,1.42,nan,nan,nan,0.54,0.96,14.87,7.43,0.91,16.65,11.21
design_4462,0.48,0.85,1.52,nan,nan,nan,0.56,1.02,14.2,7.11,0.91,26.57,18.58
design_4463,0.38,0.78,1.39,nan,nan,nan,0.53,0.92,14.24,7.26,0.89,27.95,17.47
design_4464,0.99,0.93,4.3,nan,nan,nan,1.12,2.54,14.98,7.74,0.89,23.0,10.88
design_4465,0.62,0.97,1.6,nan,nan,nan,0.6,1.12,13.71,7.34,0.86,28.93,17.72
design_4466,0.61,0.99,1.35,nan,nan,nan,0.58,1.01,14.62,7.67,0.87,24.24,17.56
design_4467,0.81,0.93,1.77,nan,nan,nan,0.63,1.23,14.39,7.4,0.89,27.34,13.54
design_4468,0.85,0.94,1.6,nan,nan,nan,0.62,1.16,13.61,7.21,0.87,28.85,17.29
design_4469,1.02,0.92,1.58,nan,nan,nan,0.63,1.2,14.14,7.44,0.87,28.14,18.68
design_4470,0.85,0.93,4.63,nan,nan,nan,1.18,2.71,14.15,7.25,0.9,26.78,13.65
design_4471,0.9,1.03,1.55,nan,nan,nan,0.63,1.18,13.83,7.39,0.86,29.93,17.44
design_4472,0.38,0.91,1.06,nan,nan,nan,0.53,0.87,15.34,7.6,0.9,22.29,21.35
design_4473,0.34,0.85,1.41,nan,nan,nan,0.58,1.05,15.7,7.79,0.9,28.03,21.15
design_4474,0.42,0.94,1.45,nan,nan,nan,0.61,1.1,15.49,7.63,0.9,32.81,18.74
design_4475,0.44,0.92,1.17,nan,nan,nan,0.57,0.94,16.03,7.94,0.9,20.06,20.08
design_4476,0.39,0.89,1.59,nan,nan,nan,0.64,1.16,15.82,7.76,0.91,28.12,20.61
design_4477,0.31,0.81,1.23,nan,nan,nan,0.56,0.93,16.09,7.99,0.9,32.7,17.74
design_4478,0.35,0.9,1.35,nan,nan,nan,0.58,1.02,15.49,7.63,0.9,27.97,21.88
design_4479,0.37,0.89,1.24,nan,nan,nan,0.56,0.96,15.4,7.75,0.89,21.88,19.91
design_4480,0.7,0.8,1.16,nan,nan,nan,0.56,0.94,15.47,7.81,0.89,9.46,6.48
design_4481,0.74,0.94,1.06,nan,nan,nan,0.55,0.93,15.63,7.88,0.89,22.08,18.28
design_4482,0.67,0.78,1.4,nan,nan,nan,0.58,1.05,16.17,8.14,0.89,29.38,11.96
design_4483,0.84,0.89,1.34,nan,nan,nan,0.61,1.08,16.01,8.08,0.89,22.76,9.17
design_4484,0.59,0.9,1.08,nan,nan,nan,0.55,0.9,15.77,7.93,0.89,13.81,12.62
design_4485,0.7,0.95,1.24,nan,nan,nan,0.59,1.01,16.35,8.35,0.88,22.37,14.28
design_4486,0.66,0.84,1.03,nan,nan,nan,0.54,0.87,15.51,7.73,0.9,31.97,18.45
design_4487,0.52,0.91,1.21,nan,nan,nan,0.56,0.95,15.64,7.91,0.89,23.43,18.53
design_4488,0.68,0.93,0.84,nan,nan,nan,0.5,0.82,14.09,7.02,0.91,18.8,12.14
design_4489,0.69,0.93,1.03,nan,nan,nan,0.51,0.88,15.1,7.67,0.89,24.87,17.86
design_4490,0.64,0.99,3.07,nan,nan,nan,0.84,1.85,15.2,7.83,0.89,17.43,7.19
design_4491,0.63,1.06,0.85,nan,nan,nan,0.5,0.85,14.37,7.29,0.89,30.88,17.58
design_4492,0.53,0.9,0.88,nan,nan,nan,0.49,0.78,14.83,7.46,0.9,27.22,17.54
design_4493,0.56,1.03,0.83,nan,nan,nan,0.5,0.82,14.48,7.35,0.89,25.77,17.87
design_4494,0.52,1.0,0.94,nan,nan,nan,0.49,0.84,14.82,7.46,0.9,25.42,16.75
design_4495,0.79,0.98,3.13,nan,nan,nan,0.86,1.9,15.04,7.69,0.89,28.21,18.13
design_4496,0.51,0.53,0.49,nan,nan,nan,0.42,0.51,16.27,7.95,0.9,35.74,19.33
design_4497,0.66,0.62,0.51,nan,nan,nan,0.44,0.58,16.61,8.09,0.9,16.24,14.26
design_4498,0.63,0.54,0.62,nan,nan,nan,0.45,0.61,16.53,7.98,0.91,21.06,17.01
design_4499,0.7,0.7,0.61,nan,nan,nan,0.47,0.66,16.82,8.17,0.91,26.58,16.98
design_4500,0.55,0.56,0.5,nan,nan,nan,0.43,0.53,16.73,8.1,0.9,30.62,20.06
design_4501,0.56,0.63,0.48,nan,nan,nan,0.42,0.54,16.62,8.05,0.91,23.04,17.76
design_4502,0.83,0.59,0.47,nan,nan,nan,0.45,0.61,18.15,8.71,0.89,46.27,32.02
design_4503,0.67,0.66,0.55,nan,nan,nan,0.45,0.61,16.22,7.95,0.9,25.5,20.62
design_4504,0.61,1.24,1.22,nan,nan,nan,0.57,1.05,15.27,7.85,0.89,17.24,9.37
design_4505,0.61,1.21,1.54,nan,nan,nan,0.62,1.18,14.54,7.46,0.88,19.62,16.94
design_4506,0.68,1.33,1.22,nan,nan,nan,0.59,1.1,15.29,7.85,0.89,22.27,13.21
design_4507,0.6,1.22,1.4,nan,nan,nan,0.59,1.12,15.27,7.79,0.89,6.51,6.94
design_4508,0.72,1.27,1.54,nan,nan,nan,0.63,1.22,15.08,7.64,0.89,17.13,17.47
design_4509,0.63,1.27,1.63,nan,nan,nan,0.64,1.24,15.59,7.91,0.89,24.62,24.61
design_4510,0.84,1.27,1.52,nan,nan,nan,0.64,1.24,14.56,7.5,0.88,18.54,13.81
design_4511,0.86,1.31,1.7,nan,nan,nan,0.69,1.33,14.75,7.5,0.89,19.87,14.7
design_4512,0.81,0.83,1.32,nan,nan,nan,0.56,0.98,14.32,7.52,0.88,13.41,11.39
design_4513,0.7,0.82,2.0,nan,nan,nan,0.62,1.23,14.67,7.78,0.87,16.4,12.68
design_4514,0.86,0.84,1.32,nan,nan,nan,0.55,1.0,14.15,7.44,0.88,15.04,15.14
design_4515,0.82,0.8,1.6,nan,nan,nan,0.6,1.09,14.02,7.27,0.89,13.34,11.04
design_4516,0.79,0.85,1.45,nan,nan,nan,0.56,1.03,13.57,7.2,0.87,14.88,10.25
design_4517,0.83,0.77,1.67,nan,nan,nan,0.58,1.11,14.04,7.36,0.88,21.44,17.87
design_4518,0.9,0.72,1.6,nan,nan,nan,0.58,1.09,13.87,7.39,0.87,20.32,17.65
design_4519,0.83,0.74,1.66,nan,nan,nan,0.58,1.1,14.45,7.46,0.88,19.11,21.43
design_4520,0.67,0.69,0.55,nan,nan,nan,0.47,0.62,16.88,8.16,0.91,26.1,32.27
design_4521,0.88,0.62,0.61,nan,nan,nan,0.49,0.7,16.74,8.13,0.91,32.29,23.69
design_4522,0.88,0.66,0.59,nan,nan,nan,0.47,0.69,14.63,7.33,0.89,33.85,22.27
design_4523,0.54,0.64,0.52,nan,nan,nan,0.44,0.55,16.82,8.12,0.91,27.0,19.52
design_4524,0.52,0.68,0.57,nan,nan,nan,0.45,0.58,16.51,7.99,0.9,28.02,20.59
design_4525,0.6,0.67,0.57,nan,nan,nan,0.46,0.6,16.38,7.98,0.9,31.72,24.55
design_4526,0.57,0.74,0.5,nan,nan,nan,0.46,0.58,16.62,8.04,0.91,20.0,20.25
design_4527,0.64,0.55,0.55,nan,nan,nan,0.45,0.57,16.51,8.04,0.9,30.14,19.8
design_4528,0.51,0.97,1.78,nan,nan,nan,0.7,1.3,15.96,7.85,0.9,12.95,11.69
design_4529,0.55,0.93,0.74,nan,nan,nan,0.5,0.75,15.68,7.96,0.89,20.1,10.39
design_4530,0.45,1.03,1.15,nan,nan,nan,0.56,0.96,15.8,7.88,0.9,31.06,14.5
design_4531,0.44,0.96,1.28,nan,nan,nan,0.6,1.0,15.55,7.8,0.9,20.75,13.51
design_4532,0.49,0.88,0.92,nan,nan,nan,0.52,0.8,15.66,7.86,0.89,8.77,7.39
design_4533,0.5,1.01,1.53,nan,nan,nan,0.63,1.16,15.82,7.81,0.9,31.87,17.73
design_4534,0.54,1.01,0.75,nan,nan,nan,0.51,0.78,15.69,7.91,0.89,23.84,14.86
design_4535,0.55,1.0,0.81,nan,nan,nan,0.52,0.8,15.46,7.85,0.89,26.29,16.02
design_4536,0.65,0.77,3.33,nan,nan,nan,1.02,2.2,15.86,8.31,0.88,28.47,16.87
design_4537,0.59,0.86,2.4,nan,nan,nan,0.8,1.63,15.74,8.18,0.88,30.56,15.18
design_4538,0.51,0.86,2.5,nan,nan,nan,0.82,1.68,15.4,8.14,0.87,26.62,17.0
design_4539,0.43,0.59,3.04,nan,nan,nan,0.93,1.98,16.94,8.69,0.87,24.7,22.48
design_4540,0.58,0.86,2.2,nan,nan,nan,0.76,1.51,15.84,8.41,0.86,24.02,17.48
design_4541,0.73,0.73,3.58,nan,nan,nan,1.09,2.35,14.96,7.92,0.87,12.32,12.02
design_4542,0.33,0.63,1.98,nan,nan,nan,0.68,1.32,14.88,7.91,0.86,30.13,16.13
design_4543,0.46,0.76,1.57,nan,nan,nan,0.6,1.11,15.78,8.34,0.87,29.39,15.49
design_4544,0.81,1.15,2.85,nan,nan,nan,0.79,1.72,12.72,6.74,0.88,29.28,18.73
design_4545,0.87,1.08,3.71,nan,nan,nan,0.94,2.12,14.65,7.65,0.88,30.58,16.51
design_4546,0.52,1.21,3.08,nan,nan,nan,0.82,1.8,14.05,7.31,0.89,26.49,19.9
design_4547,0.8,1.11,3.56,nan,nan,nan,0.9,2.05,14.41,7.47,0.89,28.79,18.38
design_4548,0.75,1.14,2.88,nan,nan,nan,0.8,1.72,13.51,7.09,0.89,28.87,17.28
design_4549,0.42,1.23,2.66,nan,nan,nan,0.74,1.59,15.01,7.67,0.89,29.89,16.08
design_4550,0.76,0.93,3.64,nan,nan,nan,0.91,2.05,14.86,7.74,0.88,19.55,15.67
design_4551,0.72,1.08,3.64,nan,nan,nan,0.92,2.07,14.32,7.51,0.88,29.34,18.29
design_4552,0.85,0.73,1.75,nan,nan,nan,0.7,1.32,16.29,8.08,0.9,32.65,15.39
design_4553,0.63,0.6,1.78,nan,nan,nan,0.69,1.29,16.45,8.12,0.9,20.31,18.53
design_4554,0.58,0.49,1.37,nan,nan,nan,0.58,1.01,17.99,8.94,0.89,39.41,24.48
design_4555,0.66,0.54,1.2,nan,nan,nan,0.56,0.93,16.56,8.38,0.89,21.64,19.26
design_4556,0.62,0.58,1.78,nan,nan,nan,0.68,1.28,16.43,8.13,0.9,27.76,14.76
design_4557,0.67,0.61,1.09,nan,nan,nan,0.55,0.87,16.26,7.94,0.91,21.28,15.21
design_4558,0.67,0.54,1.28,nan,nan,nan,0.57,0.97,15.31,7.52,0.9,15.83,13.54
design_4559,0.8,0.67,1.81,nan,nan,nan,0.71,1.34,16.59,8.02,0.91,16.63,16.62
design_4560,0.52,0.63,3.99,nan,nan,nan,1.0,2.29,15.78,8.17,0.88,28.13,14.31
design_4561,0.55,0.67,2.84,nan,nan,nan,0.79,1.68,13.56,7.29,0.86,30.19,16.5
design_4562,0.55,0.88,2.12,nan,nan,nan,0.67,1.33,14.03,7.56,0.87,29.25,17.25
design_4563,0.47,0.72,3.9,nan,nan,nan,0.99,2.25,15.28,8.0,0.87,30.46,16.36
design_4564,0.51,0.75,1.99,nan,nan,nan,0.62,1.24,15.16,7.96,0.87,29.85,15.47
design_4565,0.5,0.69,3.92,nan,nan,nan,0.99,2.26,15.67,8.12,0.88,30.26,14.48
design_4566,0.49,0.73,3.41,nan,nan,nan,0.89,1.98,15.6,8.13,0.88,27.46,18.65
design_4567,0.59,0.75,2.49,nan,nan,nan,0.74,1.51,14.82,7.83,0.87,30.3,17.03
design_4568,0.36,0.69,1.26,nan,nan,nan,0.52,0.91,15.42,7.78,0.89,36.71,20.52
design_4569,0.31,0.94,1.4,nan,nan,nan,0.55,1.04,16.09,8.07,0.89,32.77,15.44
design_4570,0.38,0.93,1.49,nan,nan,nan,0.59,1.09,15.59,7.84,0.9,14.5,13.31
design_4571,0.34,0.99,1.32,nan,nan,nan,0.54,1.01,15.68,7.98,0.89,28.71,16.4
design_4572,0.25,0.99,1.38,nan,nan,nan,0.56,1.03,16.29,8.19,0.89,34.23,14.06
design_4573,0.35,0.94,1.42,nan,nan,nan,0.56,1.05,15.56,7.85,0.89,24.29,16.94
design_4574,0.28,1.05,1.37,nan,nan,nan,0.56,1.05,15.28,7.8,0.89,32.26,14.75
design_4575,0.36,0.96,1.77,nan,nan,nan,0.63,1.25,15.24,7.69,0.9,30.4,14.75
design_4576,0.78,0.65,1.61,nan,nan,nan,0.62,1.15,15.16,7.76,0.89,33.58,15.27
design_4577,0.86,0.62,1.36,nan,nan,nan,0.59,1.03,16.01,8.11,0.89,29.01,18.56
design_4578,0.86,0.66,0.88,nan,nan,nan,0.52,0.82,14.9,7.52,0.9,25.95,15.35
design_4579,0.94,0.3,1.02,nan,nan,nan,0.53,0.85,16.2,8.26,0.88,37.67,16.17
design_4580,0.63,0.62,0.92,nan,nan,nan,0.5,0.75,15.64,7.86,0.9,31.01,12.75
design_4581,0.74,0.66,1.1,nan,nan,nan,0.53,0.88,15.88,7.97,0.9,30.17,21.52
design_4582,0.78,0.66,1.13,nan,nan,nan,0.55,0.9,15.61,7.83,0.9,26.44,13.14
design_4583,0.89,0.67,1.41,nan,nan,nan,0.6,1.08,15.88,7.91,0.9,32.76,16.14
design_4584,0.64,0.56,3.36,nan,nan,nan,1.13,2.36,16.95,8.72,0.87,26.36,14.92
design_4585,0.93,0.49,2.88,nan,nan,nan,1.01,2.07,17.0,8.72,0.87,16.54,12.92
design_4586,0.39,0.61,1.33,nan,nan,nan,0.57,0.99,16.29,8.27,0.88,22.07,20.6
design_4587,0.39,0.62,2.93,nan,nan,nan,1.01,2.07,15.73,8.12,0.87,21.76,13.39
design_4588,0.55,0.5,1.4,nan,nan,nan,0.59,1.04,16.32,8.31,0.88,21.81,13.92
design_4589,0.43,0.52,2.34,nan,nan,nan,0.83,1.66,16.52,8.52,0.87,21.57,14.07
design_4590,0.66,0.57,3.27,nan,nan,nan,1.12,2.31,17.96,9.4,0.85,35.92,19.47
design_4591,0.68,0.54,2.87,nan,nan,nan,1.0,2.04,16.58,8.51,0.88,15.39,12.28
design_4592,0.8,1.32,4.31,nan,nan,nan,1.12,2.58,14.43,7.56,0.88,7.95,6.17
design_4593,1.12,1.31,4.06,nan,nan,nan,1.09,2.49,14.74,7.56,0.89,19.47,22.06
design_4594,0.69,1.11,2.46,nan,nan,nan,0.76,1.57,14.5,7.38,0.9,11.32,4.77
design_4595,0.75,1.05,2.26,nan,nan,nan,0.73,1.48,14.17,7.23,0.9,8.18,6.55
design_4596,0.53,1.19,2.37,nan,nan,nan,0.74,1.52,14.19,7.3,0.89,22.76,18.9
design_4597,0.72,1.07,2.41,nan,nan,nan,0.74,1.54,14.19,7.3,0.89,5.2,4.1
design_4598,0.55,1.0,4.13,nan,nan,nan,1.06,2.41,14.67,7.61,0.88,21.19,17.18
design_4599,0.74,1.01,1.04,nan,nan,nan,0.55,0.93,14.68,7.71,0.88,7.2,8.04
design_4600,0.55,0.6,2.41,nan,nan,nan,0.86,1.69,15.38,8.0,0.87,15.86,12.46
design_4601,0.93,0.48,2.36,nan,nan,nan,0.86,1.69,16.2,8.41,0.87,18.25,21.4
design_4602,0.58,0.58,2.36,nan,nan,nan,0.83,1.65,15.93,8.23,0.87,17.48,16.44
design_4603,0.64,0.65,2.37,nan,nan,nan,0.85,1.67,16.37,8.39,0.87,18.69,19.63
design_4604,0.58,0.57,2.5,nan,nan,nan,0.87,1.74,16.33,8.44,0.88,25.38,22.37
design_4605,0.54,0.68,2.05,nan,nan,nan,0.76,1.46,16.35,8.53,0.86,15.2,7.53
design_4606,0.8,0.62,2.37,nan,nan,nan,0.85,1.69,15.49,8.07,0.87,13.13,12.76
design_4607,0.87,0.49,1.37,nan,nan,nan,0.62,1.07,13.34,7.16,0.86,6.95,4.59
design_4608,0.64,0.43,3.55,nan,nan,nan,1.2,2.49,15.7,7.92,0.89,27.83,15.24
design_4609,0.71,0.39,3.19,nan,nan,nan,1.1,2.25,15.04,7.57,0.89,30.31,15.28
design_4610,0.62,0.6,3.56,nan,nan,nan,1.2,2.5,15.7,7.91,0.89,25.73,17.18
design_4611,0.7,0.36,3.19,nan,nan,nan,1.1,2.25,15.99,7.96,0.89,31.56,20.02
design_4612,0.76,0.61,3.82,nan,nan,nan,1.28,2.7,11.5,6.22,0.87,30.99,15.72
design_4613,0.65,0.51,2.14,nan,nan,nan,0.79,1.54,12.36,6.72,0.86,30.94,15.96
design_4614,0.4,0.66,0.92,nan,nan,nan,0.49,0.74,14.6,7.59,0.87,20.71,14.91
design_4615,0.72,0.41,3.14,nan,nan,nan,1.08,2.22,15.75,7.9,0.89,30.2,14.75
design_4616,0.42,0.51,2.73,nan,nan,nan,0.95,1.92,15.14,7.88,0.86,31.22,18.33
design_4617,0.59,0.4,3.28,nan,nan,nan,1.12,2.3,16.47,8.58,0.87,28.3,18.77
design_4618,0.67,0.78,1.71,nan,nan,nan,0.69,1.3,16.12,8.39,0.88,33.15,14.71
design_4619,0.54,0.6,3.02,nan,nan,nan,1.05,2.14,16.22,8.41,0.86,35.69,14.38
design_4620,0.53,0.67,2.95,nan,nan,nan,1.02,2.09,16.24,8.59,0.86,27.25,15.6
design_4621,0.54,0.64,3.38,nan,nan,nan,1.15,2.38,15.98,8.44,0.86,18.03,11.08
design_4622,0.51,0.7,2.0,nan,nan,nan,0.76,1.45,15.97,8.27,0.87,31.79,13.11
design_4623,0.54,0.72,1.65,nan,nan,nan,0.67,1.23,15.98,8.4,0.86,21.65,16.35
design_4624,0.71,0.83,5.22,nan,nan,nan,1.59,3.49,16.43,8.57,0.86,25.46,17.7
design_4625,0.91,0.84,3.24,nan,nan,nan,1.06,2.24,15.21,7.91,0.87,21.85,18.57
design_4626,0.66,0.82,4.4,nan,nan,nan,1.36,2.95,15.55,7.83,0.89,25.15,19.96
design_4627,0.6,0.75,3.32,nan,nan,nan,1.07,2.25,15.58,8.02,0.88,24.97,15.29
design_4628,0.61,0.83,2.43,nan,nan,nan,0.84,1.69,16.39,8.5,0.87,19.05,15.67
design_4629,0.77,0.88,3.45,nan,nan,nan,1.11,2.36,15.47,8.05,0.87,9.33,6.55
design_4630,0.99,0.87,3.29,nan,nan,nan,1.08,2.28,15.61,8.02,0.87,26.75,15.49
design_4631,0.72,0.9,5.76,nan,nan,nan,1.74,3.85,16.16,8.5,0.86,24.25,14.36
design_4632,0.47,0.76,0.74,nan,nan,nan,0.46,0.67,15.64,7.8,0.89,26.07,18.81
design_4633,0.49,0.73,0.53,nan,nan,nan,0.44,0.58,15.28,7.57,0.9,18.12,13.98
design_4634,0.44,0.67,3.65,nan,nan,nan,1.09,2.38,16.19,8.28,0.88,29.49,15.91
design_4635,0.34,0.8,0.54,nan,nan,nan,0.44,0.58,15.04,7.54,0.89,15.55,11.49
design_4636,0.39,0.77,0.62,nan,nan,nan,0.44,0.61,15.44,7.72,0.9,16.14,12.04
design_4637,0.58,0.64,0.71,nan,nan,nan,0.46,0.65,15.97,7.98,0.89,24.92,25.02
design_4638,0.69,0.73,0.8,nan,nan,nan,0.49,0.75,16.09,8.08,0.89,19.83,19.54
design_4639,0.51,0.67,1.23,nan,nan,nan,0.54,0.91,15.45,7.89,0.88,13.41,11.38
design_4640,0.71,1.09,1.46,nan,nan,nan,0.61,1.13,15.45,7.62,0.91,37.35,18.69
design_4641,0.71,1.03,1.53,nan,nan,nan,0.62,1.15,15.67,7.71,0.91,11.01,8.48
design_4642,0.82,0.94,1.78,nan,nan,nan,0.66,1.27,15.52,7.64,0.91,30.91,17.63
design_4643,0.85,1.39,2.12,nan,nan,nan,0.76,1.55,15.35,7.67,0.9,36.2,16.23
design_4644,0.62,1.23,2.06,nan,nan,nan,0.69,1.44,15.26,7.71,0.89,36.81,17.72
design_4645,0.88,1.45,1.95,nan,nan,nan,0.73,1.49,14.98,7.47,0.9,33.96,16.42
design_4646,0.79,1.44,1.78,nan,nan,nan,0.69,1.4,15.47,7.73,0.9,30.85,13.67
design_4647,0.83,1.37,1.96,nan,nan,nan,0.72,1.47,15.49,7.68,0.9,27.24,13.41
design_4648,0.4,0.47,1.41,nan,nan,nan,0.59,1.0,15.23,7.89,0.87,24.75,12.57
design_4649,0.4,0.53,2.37,nan,nan,nan,0.82,1.64,16.39,8.49,0.87,21.4,17.45
design_4650,0.39,0.57,1.98,nan,nan,nan,0.72,1.38,16.52,8.53,0.87,17.37,16.27
design_4651,0.41,0.54,2.24,nan,nan,nan,0.79,1.55,16.59,8.52,0.87,35.91,19.54
design_4652,0.47,0.63,2.58,nan,nan,nan,0.88,1.79,16.87,8.74,0.87,21.47,14.36
design_4653,0.41,0.65,1.34,nan,nan,nan,0.56,0.99,15.3,7.77,0.89,19.92,20.54
design_4654,0.47,0.66,2.35,nan,nan,nan,0.82,1.65,16.79,8.78,0.86,28.75,18.84
design_4655,0.42,0.72,1.56,nan,nan,nan,0.64,1.14,16.04,8.17,0.88,26.26,15.71
design_4656,0.55,0.61,1.81,nan,nan,nan,0.67,1.27,16.23,8.29,0.89,17.93,8.67
design_4657,0.53,0.62,1.71,nan,nan,nan,0.65,1.21,16.63,8.62,0.87,17.27,10.66
design_4658,0.72,0.7,2.21,nan,nan,nan,0.78,1.55,17.33,8.95,0.87,27.9,22.13
design_4659,0.58,0.67,6.05,nan,nan,nan,1.81,4.02,15.83,8.36,0.86,29.55,19.23
design_4660,0.51,0.64,1.78,nan,nan,nan,0.66,1.25,16.06,8.23,0.88,14.38,10.01
design_4661,0.6,0.73,1.6,nan,nan,nan,0.63,1.16,16.08,8.31,0.88,26.97,16.51
design_4662,0.6,0.56,1.84,nan,nan,nan,0.68,1.29,17.11,8.77,0.87,30.34,15.1
design_4663,0.65,0.54,2.17,nan,nan,nan,0.76,1.5,16.47,8.51,0.87,27.01,15.33
design_4664,0.75,0.79,0.79,nan,nan,nan,0.5,0.78,14.58,7.38,0.89,18.67,15.84
design_4665,0.51,0.64,0.81,nan,nan,nan,0.47,0.68,14.64,7.48,0.89,20.1,11.1
design_4666,0.69,0.81,0.98,nan,nan,nan,0.5,0.84,14.63,7.54,0.88,27.46,16.39
design_4667,0.75,0.73,1.28,nan,nan,nan,0.55,0.98,15.82,8.26,0.87,30.73,14.81
design_4668,0.9,0.85,3.16,nan,nan,nan,0.96,2.07,16.13,8.34,0.88,27.69,22.85
design_4669,0.91,1.01,3.21,nan,nan,nan,0.98,2.12,15.49,8.15,0.86,29.75,15.71
design_4670,0.53,0.74,0.88,nan,nan,nan,0.49,0.74,15.06,7.59,0.89,26.29,16.26
design_4671,0.88,0.85,1.58,nan,nan,nan,0.63,1.19,16.49,8.63,0.86,26.3,15.88
design_4672,0.59,0.54,1.73,nan,nan,nan,0.58,1.03,14.75,7.4,0.91,36.11,30.31
design_4673,0.68,0.63,2.47,nan,nan,nan,0.71,1.41,14.5,7.16,0.91,40.04,18.19
design_4674,0.58,0.52,1.86,nan,nan,nan,0.6,1.09,14.84,7.45,0.91,10.69,14.37
design_4675,0.67,0.47,1.34,nan,nan,nan,0.53,0.86,14.64,7.32,0.91,39.39,24.61
design_4676,0.54,0.52,1.63,nan,nan,nan,0.55,0.97,14.79,7.42,0.91,39.79,25.19
design_4677,0.5,0.53,1.28,nan,nan,nan,0.52,0.8,14.09,7.11,0.9,40.81,18.64
design_4678,1.22,0.54,2.81,nan,nan,nan,0.81,1.69,14.77,7.69,0.88,31.27,28.09
design_4679,0.83,0.48,1.32,nan,nan,nan,0.56,0.91,14.68,7.33,0.91,38.04,20.66
design_4680,0.59,0.58,0.49,nan,nan,nan,0.42,0.54,14.65,7.23,0.9,33.82,18.39
design_4681,0.61,0.63,0.54,nan,nan,nan,0.45,0.58,16.58,8.08,0.9,36.56,24.86
design_4682,0.75,0.52,0.49,nan,nan,nan,0.45,0.58,16.36,7.93,0.91,29.2,27.38
design_4683,0.73,0.59,0.71,nan,nan,nan,0.49,0.69,16.56,8.0,0.91,35.4,19.55
design_4684,0.67,0.59,0.48,nan,nan,nan,0.45,0.56,16.36,7.94,0.9,26.66,21.24
design_4685,0.66,0.67,0.49,nan,nan,nan,0.45,0.58,16.84,8.13,0.91,27.19,20.84
design_4686,0.71,0.57,0.51,nan,nan,nan,0.47,0.58,16.38,7.95,0.91,30.13,30.62
design_4687,0.75,0.6,0.54,nan,nan,nan,0.47,0.62,16.03,7.82,0.9,29.77,20.35
design_4688,0.7,0.74,1.94,nan,nan,nan,0.74,1.39,15.57,8.03,0.88,30.83,12.31
design_4689,0.76,0.77,3.3,nan,nan,nan,1.07,2.25,16.98,8.72,0.88,32.01,15.74
design_4690,0.41,0.83,1.88,nan,nan,nan,0.69,1.33,15.84,8.15,0.88,34.8,17.28
design_4691,0.46,0.86,2.53,nan,nan,nan,0.86,1.74,15.89,8.09,0.89,27.11,11.95
design_4692,0.8,0.74,2.53,nan,nan,nan,0.88,1.77,16.25,8.32,0.88,25.7,14.43
design_4693,0.93,0.86,3.87,nan,nan,nan,1.23,2.64,15.86,8.34,0.87,31.96,15.59
design_4694,0.9,0.86,4.81,nan,nan,nan,1.48,3.24,16.45,8.43,0.88,29.64,15.87
design_4695,0.75,0.85,2.67,nan,nan,nan,0.91,1.86,16.21,8.37,0.87,13.46,9.5
design_4696,0.78,1.26,0.85,nan,nan,nan,0.55,0.95,15.11,7.47,0.9,17.44,16.89
design_4697,0.69,1.15,0.71,nan,nan,nan,0.52,0.83,14.05,7.09,0.89,14.85,13.84
design_4698,0.61,0.98,0.51,nan,nan,nan,0.47,0.68,15.74,7.65,0.9,15.26,15.48
design_4699,0.61,1.14,0.58,nan,nan,nan,0.48,0.76,14.29,7.14,0.89,10.69,11.8
design_4700,1.02,1.18,0.82,nan,nan,nan,0.56,0.97,15.13,7.54,0.89,15.73,16.08
design_4701,0.74,1.18,0.56,nan,nan,nan,0.49,0.8,15.0,7.43,0.9,9.54,8.23
design_4702,0.89,0.96,0.6,nan,nan,nan,0.5,0.78,15.91,7.75,0.9,21.58,15.6
design_4703,0.72,1.15,0.85,nan,nan,nan,0.53,0.9,16.13,7.88,0.9,22.51,15.59
design_4704,0.61,0.83,3.32,nan,nan,nan,0.88,1.96,14.81,7.64,0.89,26.98,12.59
design_4705,0.45,0.82,0.86,nan,nan,nan,0.47,0.72,15.25,7.68,0.89,28.35,16.75
design_4706,0.63,0.8,3.36,nan,nan,nan,0.89,1.98,15.44,7.92,0.89,8.86,8.75
design_4707,0.72,0.76,3.23,nan,nan,nan,0.87,1.92,14.84,7.62,0.89,31.63,14.28
design_4708,0.67,0.71,3.34,nan,nan,nan,0.89,1.96,13.72,7.12,0.88,32.61,14.21
design_4709,0.52,0.69,3.18,nan,nan,nan,0.85,1.86,15.85,8.06,0.89,32.21,14.43
design_4710,0.7,0.61,3.35,nan,nan,nan,0.9,1.96,15.97,8.07,0.89,31.03,14.47
design_4711,0.47,0.79,3.27,nan,nan,nan,0.87,1.91,15.14,7.79,0.88,17.44,11.02
design_4712,0.91,0.61,0.76,nan,nan,nan,0.49,0.78,15.54,7.8,0.9,14.57,11.83
design_4713,0.84,0.63,0.68,nan,nan,nan,0.47,0.72,15.49,7.76,0.9,14.05,12.36
design_4714,0.78,0.56,0.58,nan,nan,nan,0.45,0.65,15.86,7.9,0.9,30.75,14.72
design_4715,0.82,0.52,0.42,nan,nan,nan,0.45,0.61,15.23,7.66,0.89,25.53,12.23
design_4716,0.73,0.53,0.4,nan,nan,nan,0.43,0.57,15.59,7.8,0.9,32.46,13.63
design_4717,0.75,0.5,0.7,nan,nan,nan,0.46,0.67,14.91,7.55,0.89,30.77,13.28
design_4718,0.59,0.51,0.5,nan,nan,nan,0.42,0.53,15.43,7.76,0.9,24.26,12.81
design_4719,0.51,0.55,0.61,nan,nan,nan,0.44,0.56,16.07,7.99,0.9,10.18,9.5
design_4720,0.55,0.29,1.29,nan,nan,nan,0.56,0.93,16.63,8.25,0.88,22.29,17.75
design_4721,0.97,0.54,1.93,nan,nan,nan,0.76,1.43,16.74,8.37,0.89,16.87,8.9
design_4722,0.57,0.42,2.11,nan,nan,nan,0.76,1.47,17.37,8.52,0.89,21.3,17.61
design_4723,0.62,0.41,1.57,nan,nan,nan,0.63,1.13,13.14,6.73,0.89,24.65,18.9
design_4724,0.74,0.42,0.93,nan,nan,nan,0.53,0.77,16.31,8.13,0.89,19.79,13.74
design_4725,0.44,0.4,1.91,nan,nan,nan,0.69,1.33,17.32,8.48,0.89,24.22,22.3
design_4726,0.79,0.5,1.34,nan,nan,nan,0.62,1.03,14.97,7.59,0.89,23.65,19.51
design_4727,0.62,0.39,1.65,nan,nan,nan,0.65,1.18,17.05,8.43,0.88,17.93,14.22
design_4728,0.45,0.29,0.71,nan,nan,nan,0.46,0.57,16.69,7.99,0.91,31.42,18.66
design_4729,0.61,0.35,0.67,nan,nan,nan,0.46,0.59,16.94,8.13,0.91,25.44,24.06
design_4730,0.47,0.3,0.63,nan,nan,nan,0.44,0.53,16.29,7.84,0.91,29.49,20.98
design_4731,0.43,0.34,0.61,nan,nan,nan,0.44,0.51,16.08,7.76,0.91,25.72,18.58
design_4732,0.51,0.39,0.69,nan,nan,nan,0.46,0.58,16.52,7.95,0.91,29.52,21.8
design_4733,0.46,0.47,0.68,nan,nan,nan,0.47,0.58,16.56,7.94,0.91,35.12,22.13
design_4734,0.45,0.34,0.77,nan,nan,nan,0.47,0.62,15.34,7.47,0.91,34.58,18.61
design_4735,0.52,0.38,0.74,nan,nan,nan,0.47,0.62,16.36,7.91,0.91,19.21,17.87
design_4736,0.88,0.4,3.33,nan,nan,nan,1.11,2.31,18.33,9.04,0.88,21.88,12.8
design_4737,0.66,0.44,3.28,nan,nan,nan,1.08,2.26,15.37,7.82,0.89,32.31,17.73
design_4738,0.69,0.51,3.04,nan,nan,nan,1.02,2.11,14.98,7.7,0.88,29.97,14.99
design_4739,0.73,0.39,3.2,nan,nan,nan,1.07,2.21,17.42,8.67,0.88,39.88,25.39
design_4740,0.62,0.35,3.25,nan,nan,nan,1.07,2.23,15.2,7.9,0.88,32.76,19.02
design_4741,0.79,0.42,2.83,nan,nan,nan,0.96,1.97,17.83,8.91,0.88,41.45,29.03
design_4742,0.63,0.42,2.92,nan,nan,nan,0.98,2.01,15.02,7.83,0.87,34.59,16.05
design_4743,0.82,0.54,3.26,nan,nan,nan,1.09,2.27,15.77,8.09,0.88,36.45,16.69
design_4744,0.71,1.22,2.1,nan,nan,nan,0.68,1.38,13.87,7.21,0.89,31.42,19.16
design_4745,0.61,1.0,1.54,nan,nan,nan,0.57,1.07,14.84,7.6,0.89,34.51,20.36
design_4746,0.54,1.19,2.15,nan,nan,nan,0.68,1.37,12.81,6.69,0.89,35.72,17.77
design_4747,0.43,1.08,1.93,nan,nan,nan,0.62,1.22,14.78,7.65,0.89,35.35,17.31
design_4748,0.51,1.16,2.15,nan,nan,nan,0.67,1.35,13.96,7.18,0.89,36.55,17.8
design_4749,0.73,1.21,2.11,nan,nan,nan,0.69,1.39,13.55,7.07,0.88,36.69,17.73
design_4750,0.76,1.0,1.81,nan,nan,nan,0.63,1.21,14.92,7.64,0.89,35.49,16.04
design_4751,0.31,1.12,1.75,nan,nan,nan,0.59,1.14,14.69,7.57,0.88,22.25,25.19
design_4752,0.62,0.62,1.53,nan,nan,nan,0.62,1.13,17.88,9.03,0.88,32.87,19.9
design_4753,0.63,0.74,1.18,nan,nan,nan,0.56,0.94,16.68,8.37,0.89,23.51,14.27
design_4754,0.65,0.7,2.81,nan,nan,nan,0.96,1.96,15.3,7.5,0.9,22.55,14.43
design_4755,0.85,0.73,1.62,nan,nan,nan,0.67,1.24,16.43,8.47,0.87,15.11,13.07
design_4756,0.6,0.75,1.51,nan,nan,nan,0.63,1.14,16.4,8.41,0.88,13.95,7.14
design_4757,0.75,0.71,0.94,nan,nan,nan,0.52,0.83,16.73,8.47,0.88,33.84,13.96
design_4758,0.41,0.61,1.05,nan,nan,nan,0.5,0.8,16.07,8.18,0.88,31.44,13.09
design_4759,0.63,0.67,1.2,nan,nan,nan,0.56,0.94,17.31,8.81,0.88,39.9,21.28
design_4760,0.41,0.59,0.68,nan,nan,nan,0.44,0.6,16.56,7.96,0.91,25.22,19.12
design_4761,0.69,0.54,0.84,nan,nan,nan,0.5,0.74,14.15,7.04,0.89,16.96,14.36
design_4762,0.61,0.53,0.7,nan,nan,nan,0.47,0.64,14.62,7.2,0.9,15.43,9.0
design_4763,0.5,0.61,0.75,nan,nan,nan,0.47,0.66,14.29,7.1,0.9,22.75,23.26
design_4764,0.6,0.53,0.87,nan,nan,nan,0.5,0.73,15.46,7.61,0.9,17.53,10.45
design_4765,0.8,0.61,0.85,nan,nan,nan,0.51,0.79,14.07,7.04,0.89,23.54,17.73
design_4766,0.57,0.49,0.8,nan,nan,nan,0.48,0.68,14.66,7.26,0.9,23.01,20.32
design_4767,0.73,0.51,0.74,nan,nan,nan,0.48,0.69,14.49,7.2,0.9,15.25,12.68
design_4768,0.76,0.39,5.1,nan,nan,nan,1.6,3.48,15.84,8.39,0.87,30.88,14.63
design_4769,0.88,0.51,4.95,nan,nan,nan,1.57,3.4,15.88,8.41,0.87,29.5,15.02
design_4770,0.88,0.47,4.91,nan,nan,nan,1.55,3.36,16.41,8.69,0.87,31.18,12.72
design_4771,0.76,0.4,4.57,nan,nan,nan,1.45,3.13,16.95,8.86,0.87,29.48,20.0
design_4772,0.68,0.4,7.12,nan,nan,nan,2.21,4.84,15.42,8.39,0.86,34.3,14.57
design_4773,0.7,0.39,8.95,nan,nan,nan,2.75,6.07,16.36,8.68,0.87,31.63,13.87
design_4774,0.74,0.46,5.17,nan,nan,nan,1.63,3.53,15.91,8.43,0.86,28.65,15.76
design_4775,0.73,0.42,5.19,nan,nan,nan,1.63,3.54,16.1,8.55,0.86,28.94,15.74
design_4776,0.41,0.92,2.75,nan,nan,nan,0.9,1.89,15.7,7.8,0.9,28.81,15.96
design_4777,0.51,0.71,1.95,nan,nan,nan,0.7,1.36,15.76,8.09,0.88,28.34,14.32
design_4778,0.42,0.89,2.57,nan,nan,nan,0.86,1.77,15.96,8.26,0.87,12.35,10.14
design_4779,0.55,1.13,2.81,nan,nan,nan,0.93,1.96,15.56,7.83,0.89,29.02,15.98
design_4780,0.45,0.73,1.66,nan,nan,nan,0.64,1.18,15.73,8.0,0.89,20.31,10.43
design_4781,0.57,0.95,2.8,nan,nan,nan,0.92,1.94,15.95,7.92,0.9,16.73,9.09
design_4782,0.51,0.97,2.92,nan,nan,nan,0.95,2.01,16.06,8.09,0.89,13.03,12.24
design_4783,0.42,0.79,1.23,nan,nan,nan,0.55,0.93,14.84,7.65,0.88,19.58,14.29
design_4784,0.52,0.35,1.9,nan,nan,nan,0.67,1.3,15.85,7.99,0.89,26.86,13.17
design_4785,0.57,0.36,1.65,nan,nan,nan,0.64,1.15,15.64,7.9,0.89,22.38,18.87
design_4786,0.91,0.37,1.63,nan,nan,nan,0.67,1.2,14.33,7.19,0.89,20.87,8.18
design_4787,0.43,0.38,1.72,nan,nan,nan,0.64,1.17,14.06,7.22,0.88,21.86,8.2
design_4788,0.64,0.28,1.85,nan,nan,nan,0.68,1.28,16.51,8.34,0.89,14.32,11.5
design_4789,0.68,0.42,1.73,nan,nan,nan,0.65,1.22,12.51,6.6,0.87,18.71,6.96
design_4790,0.56,0.47,1.81,nan,nan,nan,0.68,1.26,13.84,7.15,0.88,21.14,7.4
design_4791,0.48,0.38,1.8,nan,nan,nan,0.68,1.23,14.6,7.52,0.88,22.92,8.73
design_4792,0.61,0.37,2.72,nan,nan,nan,0.95,1.92,16.05,8.41,0.86,22.87,16.7
design_4793,0.73,0.61,1.99,nan,nan,nan,0.76,1.46,15.04,7.78,0.87,23.56,13.67
design_4794,0.83,0.46,3.4,nan,nan,nan,1.16,2.41,16.62,8.57,0.87,20.7,18.07
design_4795,0.86,0.45,1.6,nan,nan,nan,0.66,1.22,14.92,7.94,0.86,16.03,12.18
design_4796,0.77,0.31,3.51,nan,nan,nan,1.19,2.47,15.66,7.92,0.88,23.75,20.74
design_4797,0.79,0.48,1.16,nan,nan,nan,0.56,0.93,15.52,8.12,0.87,14.95,10.69
design_4798,0.97,0.5,3.52,nan,nan,nan,1.2,2.51,15.94,8.12,0.88,24.38,21.94
design_4799,0.8,0.41,3.06,nan,nan,nan,1.07,2.17,15.59,8.13,0.87,10.82,9.88
design_4800,0.87,0.66,1.54,nan,nan,nan,0.63,1.13,15.9,7.93,0.9,30.86,12.48
design_4801,0.58,0.63,1.81,nan,nan,nan,0.64,1.21,15.86,7.86,0.9,32.55,15.9
design_4802,1.07,0.6,1.69,nan,nan,nan,0.66,1.25,16.46,8.18,0.9,28.2,18.12
design_4803,0.72,0.67,1.71,nan,nan,nan,0.63,1.19,16.25,8.03,0.9,32.87,17.35
design_4804,0.6,0.57,1.59,nan,nan,nan,0.61,1.08,15.96,7.96,0.9,34.23,19.23
design_4805,0.72,0.58,2.28,nan,nan,nan,0.74,1.5,16.23,8.21,0.89,33.08,16.75
design_4806,0.67,0.68,1.78,nan,nan,nan,0.65,1.22,16.2,8.03,0.9,28.1,17.43
design_4807,0.88,0.73,2.25,nan,nan,nan,0.75,1.53,15.48,7.77,0.9,32.8,13.28
design_4808,0.93,0.9,1.14,nan,nan,nan,0.58,0.98,14.56,7.52,0.89,18.75,12.36
design_4809,0.62,0.86,1.7,nan,nan,nan,0.59,1.1,14.48,7.61,0.87,18.48,7.52
design_4810,0.95,0.9,1.08,nan,nan,nan,0.56,0.97,14.86,7.61,0.89,11.2,10.62
design_4811,0.79,0.98,0.9,nan,nan,nan,0.57,0.89,14.6,7.5,0.89,14.44,7.7
design_4812,0.9,0.88,1.21,nan,nan,nan,0.57,0.99,15.13,7.75,0.89,13.73,12.14
design_4813,0.87,0.9,1.85,nan,nan,nan,0.65,1.23,14.19,7.47,0.88,14.03,9.52
design_4814,0.92,0.89,1.44,nan,nan,nan,0.6,1.08,15.01,7.73,0.89,16.1,7.69
design_4815,0.62,1.02,2.65,nan,nan,nan,0.77,1.56,14.26,7.62,0.87,23.64,18.71
design_4816,0.84,0.66,2.82,nan,nan,nan,1.0,2.03,15.24,7.79,0.88,28.58,16.89
design_4817,0.8,0.64,2.05,nan,nan,nan,0.8,1.51,16.44,8.52,0.87,16.0,13.32
design_4818,0.61,0.63,3.09,nan,nan,nan,1.07,2.19,16.47,8.24,0.89,30.17,15.68
design_4819,0.79,0.73,3.09,nan,nan,nan,1.08,2.21,15.94,8.11,0.88,30.75,20.24
design_4820,0.72,0.72,2.9,nan,nan,nan,1.02,2.07,16.07,8.19,0.88,23.7,16.86
design_4821,0.63,0.6,2.3,nan,nan,nan,0.85,1.65,16.13,8.32,0.88,28.21,19.04
design_4822,0.76,0.69,1.7,nan,nan,nan,0.7,1.29,16.71,8.64,0.87,32.33,13.82
design_4823,0.68,0.48,1.95,nan,nan,nan,0.76,1.42,15.9,8.32,0.86,26.77,16.59
design_4824,0.6,0.59,1.35,nan,nan,nan,0.54,0.95,14.33,7.42,0.87,28.29,20.9
design_4825,0.55,0.63,1.72,nan,nan,nan,0.61,1.16,14.96,7.59,0.89,28.52,15.16
design_4826,0.83,0.64,1.1,nan,nan,nan,0.52,0.9,15.61,7.91,0.89,31.7,14.89
design_4827,0.71,0.71,1.77,nan,nan,nan,0.64,1.23,15.67,7.89,0.89,29.64,15.33
design_4828,0.8,0.77,1.83,nan,nan,nan,0.66,1.29,15.75,7.94,0.89,29.7,15.62
design_4829,0.79,0.68,1.12,nan,nan,nan,0.53,0.91,15.54,7.93,0.88,32.65,15.12
design_4830,0.78,0.68,1.44,nan,nan,nan,0.58,1.06,14.71,7.49,0.89,21.94,15.8
design_4831,0.53,0.68,1.61,nan,nan,nan,0.58,1.1,15.19,7.67,0.89,23.06,16.32
design_4832,0.96,1.05,3.02,nan,nan,nan,0.98,2.08,15.25,8.0,0.87,3.06,2.82
design_4833,0.79,1.16,2.79,nan,nan,nan,0.91,1.93,16.07,8.36,0.87,24.9,23.33
design_4834,0.88,1.11,2.9,nan,nan,nan,0.94,2.0,15.96,8.26,0.87,5.44,4.26
design_4835,0.83,1.06,3.6,nan,nan,nan,1.1,2.41,16.34,8.5,0.87,26.32,21.73
design_4836,0.74,1.08,2.52,nan,nan,nan,0.84,1.76,15.97,8.16,0.88,23.1,14.16
design_4837,0.81,1.18,3.07,nan,nan,nan,0.98,2.11,16.6,8.48,0.88,19.85,11.0
design_4838,0.86,1.08,2.68,nan,nan,nan,0.89,1.87,16.29,8.38,0.88,28.33,19.92
design_4839,0.87,1.26,2.71,nan,nan,nan,0.92,1.92,16.29,8.24,0.89,22.48,21.5
design_4840,0.66,0.55,0.53,nan,nan,nan,0.46,0.57,17.0,8.19,0.9,38.4,27.32
design_4841,0.89,0.59,0.59,nan,nan,nan,0.49,0.68,16.31,7.95,0.9,34.08,23.41
design_4842,0.63,0.55,0.58,nan,nan,nan,0.46,0.59,15.34,7.58,0.9,27.53,23.52
design_4843,0.73,0.54,0.55,nan,nan,nan,0.46,0.6,15.69,7.67,0.9,35.29,20.15
design_4844,0.77,0.58,0.58,nan,nan,nan,0.48,0.63,16.52,8.05,0.9,33.15,21.39
design_4845,0.74,0.59,0.56,nan,nan,nan,0.47,0.62,16.16,7.86,0.91,30.77,28.53
design_4846,0.85,0.73,0.54,nan,nan,nan,0.49,0.68,16.47,7.97,0.91,26.79,18.04
design_4847,0.78,0.52,0.54,nan,nan,nan,0.47,0.61,17.16,8.32,0.9,38.6,29.51
design_4848,0.48,1.11,0.85,nan,nan,nan,0.53,0.84,14.28,7.17,0.9,20.23,10.82
design_4849,0.52,1.09,1.2,nan,nan,nan,0.58,0.98,14.72,7.34,0.9,8.65,9.53
design_4850,0.65,1.15,1.45,nan,nan,nan,0.61,1.13,15.62,7.72,0.9,33.95,16.67
design_4851,0.74,1.1,1.8,nan,nan,nan,0.67,1.3,14.69,7.58,0.89,12.27,12.26
design_4852,0.63,1.1,1.02,nan,nan,nan,0.54,0.93,14.75,7.28,0.91,16.67,11.1
design_4853,0.78,1.4,2.03,nan,nan,nan,0.74,1.5,15.18,7.72,0.89,18.67,8.51
design_4854,0.53,1.14,0.9,nan,nan,nan,0.55,0.88,15.25,7.62,0.9,21.44,19.22
design_4855,0.6,1.19,1.56,nan,nan,nan,0.63,1.19,14.95,7.59,0.89,16.85,15.51
design_4856,0.54,0.64,0.97,nan,nan,nan,0.5,0.74,15.44,7.66,0.91,33.9,16.01
design_4857,0.59,0.69,1.03,nan,nan,nan,0.52,0.8,15.8,7.81,0.91,12.3,10.58
design_4858,0.99,0.55,0.48,nan,nan,nan,0.47,0.72,15.92,7.94,0.89,22.11,19.78
design_4859,0.46,0.92,0.93,nan,nan,nan,0.49,0.79,15.01,7.59,0.89,16.91,19.99
design_4860,1.07,0.69,0.93,nan,nan,nan,0.53,0.92,16.12,8.11,0.89,33.26,16.86
design_4861,0.7,0.66,1.05,nan,nan,nan,0.53,0.83,15.78,7.89,0.9,29.0,22.67
design_4862,0.6,0.67,0.8,nan,nan,nan,0.48,0.7,15.33,7.71,0.9,8.71,7.69
design_4863,0.83,0.64,1.01,nan,nan,nan,0.53,0.85,15.53,7.82,0.9,16.68,9.84
design_4864,0.68,0.77,0.6,nan,nan,nan,0.45,0.66,16.8,8.16,0.9,25.03,15.18
design_4865,0.66,0.75,0.73,nan,nan,nan,0.49,0.72,16.73,8.1,0.91,27.31,14.64
design_4866,0.7,0.76,0.62,nan,nan,nan,0.46,0.67,16.1,7.85,0.9,28.93,17.65
design_4867,0.71,0.94,0.5,nan,nan,nan,0.47,0.68,16.43,7.98,0.9,26.03,21.06
design_4868,0.67,0.76,0.53,nan,nan,nan,0.44,0.63,16.3,7.92,0.9,28.36,16.56
design_4869,0.73,0.79,0.6,nan,nan,nan,0.46,0.68,15.06,7.46,0.9,28.44,14.3
design_4870,0.94,0.82,0.64,nan,nan,nan,0.5,0.77,15.03,7.44,0.9,28.63,14.3
design_4871,0.64,0.72,0.66,nan,nan,nan,0.46,0.67,16.23,7.87,0.91,25.46,17.65
design_4872,0.58,0.34,1.04,nan,nan,nan,0.5,0.8,15.81,8.01,0.88,27.49,15.59
design_4873,0.5,0.58,3.37,nan,nan,nan,1.14,2.37,15.81,8.25,0.87,21.34,18.29
design_4874,0.68,0.49,1.55,nan,nan,nan,0.64,1.16,17.69,8.99,0.88,40.99,33.77
design_4875,0.56,0.45,2.01,nan,nan,nan,0.74,1.44,17.05,8.64,0.87,28.72,16.6
design_4876,0.88,0.65,1.87,nan,nan,nan,0.74,1.41,16.4,8.64,0.87,31.17,18.19
design_4877,0.78,0.64,3.35,nan,nan,nan,1.15,2.38,16.71,8.76,0.87,16.03,12.89
design_4878,0.52,0.46,0.86,nan,nan,nan,0.47,0.69,15.18,7.81,0.88,33.32,15.47
design_4879,0.7,0.53,0.63,nan,nan,nan,0.44,0.63,15.58,7.81,0.89,25.53,19.46
design_4880,0.49,0.38,3.24,nan,nan,nan,0.83,1.86,14.94,7.7,0.88,25.24,18.08
design_4881,1.2,0.55,0.82,nan,nan,nan,0.5,0.91,14.63,7.51,0.88,29.15,19.78
design_4882,0.53,0.4,2.78,nan,nan,nan,0.74,1.61,15.33,8.0,0.87,31.58,15.44
design_4883,0.44,0.45,0.88,nan,nan,nan,0.42,0.62,15.09,7.66,0.89,28.64,19.75
design_4884,0.66,0.48,3.6,nan,nan,nan,0.91,2.08,14.74,7.62,0.88,30.97,14.87
design_4885,1.11,0.61,3.08,nan,nan,nan,0.85,1.89,14.99,7.83,0.88,32.56,14.66
design_4886,1.05,0.53,0.94,nan,nan,nan,0.49,0.88,15.01,7.73,0.88,19.82,15.02
design_4887,0.51,0.41,0.88,nan,nan,nan,0.42,0.63,14.57,7.42,0.89,29.26,17.13
design_4888,0.58,0.6,0.54,nan,nan,nan,0.44,0.57,16.75,8.15,0.9,26.34,20.98
design_4889,0.57,0.52,0.46,nan,nan,nan,0.42,0.5,17.43,8.38,0.91,30.37,25.19
design_4890,0.62,0.54,0.44,nan,nan,nan,0.44,0.52,17.14,8.31,0.9,29.78,25.23
design_4891,0.65,0.62,0.61,nan,nan,nan,0.46,0.62,15.41,7.56,0.9,26.16,21.84
design_4892,0.64,0.44,0.6,nan,nan,nan,0.45,0.58,16.21,7.93,0.9,34.75,25.37
design_4893,0.7,0.61,0.52,nan,nan,nan,0.46,0.59,16.38,7.93,0.91,32.44,22.82
design_4894,0.72,0.47,0.59,nan,nan,nan,0.46,0.6,16.76,8.15,0.9,33.26,22.62
design_4895,0.65,0.45,0.58,nan,nan,nan,0.45,0.57,16.51,8.05,0.9,32.85,23.44
design_4896,0.56,0.78,1.43,nan,nan,nan,0.58,1.07,15.59,8.06,0.88,30.58,14.57
design_4897,0.54,0.72,0.97,nan,nan,nan,0.5,0.79,15.58,7.92,0.89,22.15,17.9
design_4898,0.53,0.73,1.11,nan,nan,nan,0.53,0.87,15.22,7.79,0.89,31.47,13.51
design_4899,0.55,0.69,2.54,nan,nan,nan,0.85,1.74,16.45,8.47,0.88,11.55,10.68
design_4900,0.51,0.7,3.1,nan,nan,nan,1.0,2.09,15.78,7.96,0.9,19.72,17.76
design_4901,0.46,0.77,0.76,nan,nan,nan,0.46,0.69,14.89,7.57,0.89,33.9,14.5
design_4902,0.47,0.77,2.39,nan,nan,nan,0.82,1.64,16.45,8.42,0.88,17.93,17.91
design_4903,0.5,0.6,2.2,nan,nan,nan,0.77,1.51,15.87,8.09,0.89,19.47,17.01
design_4904,0.53,0.61,2.11,nan,nan,nan,0.74,1.46,16.2,8.23,0.88,21.77,16.04
design_4905,0.53,0.61,1.27,nan,nan,nan,0.57,0.94,15.65,8.03,0.88,16.36,10.35
design_4906,0.52,0.61,1.97,nan,nan,nan,0.71,1.37,16.09,8.26,0.88,31.51,16.44
design_4907,0.52,0.6,2.08,nan,nan,nan,0.75,1.43,15.6,7.96,0.88,17.23,10.38
design_4908,0.47,0.53,1.97,nan,nan,nan,0.71,1.35,15.97,8.12,0.88,15.7,11.44
design_4909,0.48,0.62,1.09,nan,nan,nan,0.53,0.83,16.19,8.2,0.88,11.67,9.5
design_4910,0.54,0.64,2.11,nan,nan,nan,0.74,1.46,16.12,8.19,0.88,20.57,14.91
design_4911,0.52,0.57,2.01,nan,nan,nan,0.72,1.39,16.09,8.17,0.88,18.55,15.14
design_4912,0.5,0.88,2.14,nan,nan,nan,0.8,1.56,15.9,8.3,0.87,29.52,13.85
design_4913,0.72,0.65,1.2,nan,nan,nan,0.58,0.97,14.72,7.85,0.86,27.6,13.93
design_4914,0.5,0.79,2.03,nan,nan,nan,0.77,1.48,16.1,8.46,0.87,33.4,13.44
design_4915,0.68,0.85,1.6,nan,nan,nan,0.68,1.24,15.99,8.36,0.87,9.94,9.9
design_4916,0.27,0.85,2.14,nan,nan,nan,0.8,1.55,15.52,8.12,0.87,17.6,12.47
design_4917,0.46,0.87,4.66,nan,nan,nan,1.54,3.27,16.64,8.67,0.87,29.6,14.23
design_4918,0.65,0.9,2.11,nan,nan,nan,0.81,1.57,15.62,8.24,0.87,23.63,13.99
design_4919,0.49,0.69,1.86,nan,nan,nan,0.72,1.36,15.9,8.28,0.87,30.25,15.81
design_4920,0.76,0.84,1.13,nan,nan,nan,0.56,0.95,15.81,8.05,0.89,23.91,17.68
design_4921,0.63,0.85,1.36,nan,nan,nan,0.59,1.04,16.02,8.13,0.89,10.81,7.41
design_4922,0.49,0.8,1.03,nan,nan,nan,0.51,0.83,15.77,7.86,0.9,15.89,13.51
design_4923,0.63,0.8,1.37,nan,nan,nan,0.58,1.03,16.02,8.14,0.89,30.49,14.84
design_4924,0.8,0.88,1.24,nan,nan,nan,0.59,1.02,15.87,8.03,0.89,20.44,17.1
design_4925,0.76,0.85,0.91,nan,nan,nan,0.52,0.85,15.56,7.93,0.88,21.7,10.98
design_4926,0.68,0.91,1.39,nan,nan,nan,0.61,1.08,16.31,8.25,0.89,30.82,15.47
design_4927,0.58,0.81,1.18,nan,nan,nan,0.55,0.93,15.94,8.06,0.89,11.99,9.77
design_4928,0.57,0.84,1.54,nan,nan,nan,0.65,1.18,15.92,8.03,0.89,15.96,9.93
design_4929,0.58,0.78,1.31,nan,nan,nan,0.59,1.03,14.42,7.42,0.88,20.85,18.53
design_4930,0.51,0.78,1.54,nan,nan,nan,0.63,1.17,15.94,8.07,0.88,26.98,15.96
design_4931,0.57,0.88,1.46,nan,nan,nan,0.62,1.14,14.48,7.46,0.88,22.17,19.12
design_4932,0.58,0.78,1.2,nan,nan,nan,0.57,0.97,15.63,7.89,0.89,19.34,18.82
design_4933,0.57,0.76,1.37,nan,nan,nan,0.59,1.06,13.32,6.99,0.88,23.55,18.3
design_4934,1.04,0.7,1.21,nan,nan,nan,0.6,1.06,15.54,7.9,0.88,14.38,11.51
design_4935,0.49,0.87,1.28,nan,nan,nan,0.59,1.02,15.48,7.88,0.88,14.7,10.97
design_4936,0.53,0.78,1.73,nan,nan,nan,0.59,1.15,15.78,7.81,0.9,30.46,14.41
design_4937,0.94,1.17,1.99,nan,nan,nan,0.73,1.45,15.25,7.54,0.9,38.39,19.05
design_4938,0.85,1.14,2.04,nan,nan,nan,0.71,1.45,15.52,7.76,0.9,34.99,21.57
design_4939,0.52,0.72,1.46,nan,nan,nan,0.55,1.0,15.69,7.73,0.91,12.27,13.36
design_4940,0.72,1.02,2.01,nan,nan,nan,0.68,1.38,15.02,7.64,0.89,40.32,22.72
design_4941,0.55,0.82,1.96,nan,nan,nan,0.64,1.28,15.57,7.82,0.9,30.17,13.0
design_4942,0.99,1.18,1.81,nan,nan,nan,0.69,1.38,15.16,7.55,0.9,33.91,17.91
design_4943,0.56,0.97,2.05,nan,nan,nan,0.66,1.36,15.37,7.74,0.9,12.21,14.77
design_4944,0.54,0.83,1.05,nan,nan,nan,0.5,0.86,15.4,7.65,0.9,34.59,22.4
design_4945,0.52,0.88,1.1,nan,nan,nan,0.52,0.89,14.92,7.44,0.9,41.7,24.48
design_4946,0.39,0.87,1.43,nan,nan,nan,0.57,1.04,15.34,7.7,0.89,39.65,22.21
design_4947,0.54,0.9,1.11,nan,nan,nan,0.52,0.9,14.86,7.41,0.9,23.26,17.7
design_4948,0.51,0.94,1.51,nan,nan,nan,0.59,1.12,15.48,7.75,0.9,35.95,18.59
design_4949,0.49,1.01,1.29,nan,nan,nan,0.56,1.02,14.06,7.09,0.89,42.08,24.05
design_4950,0.46,0.96,1.49,nan,nan,nan,0.59,1.11,15.46,7.76,0.9,22.71,17.04
design_4951,0.38,0.95,1.28,nan,nan,nan,0.55,0.98,15.42,7.71,0.9,26.86,16.83
design_4952,0.63,1.36,1.81,nan,nan,nan,0.68,1.36,14.89,7.57,0.89,17.99,12.55
design_4953,0.56,1.27,1.37,nan,nan,nan,0.59,1.12,15.08,7.65,0.89,27.76,22.96
design_4954,0.62,1.37,1.9,nan,nan,nan,0.69,1.4,14.63,7.48,0.89,22.2,13.54
design_4955,0.54,1.29,1.35,nan,nan,nan,0.59,1.11,14.82,7.54,0.89,24.77,21.4
design_4956,0.46,1.18,1.27,nan,nan,nan,0.56,1.02,14.22,7.27,0.9,29.61,19.51
design_4957,0.51,1.33,1.65,nan,nan,nan,0.64,1.25,14.81,7.52,0.89,22.39,20.16
design_4958,0.54,1.32,1.87,nan,nan,nan,0.67,1.36,14.71,7.49,0.89,14.64,14.63
design_4959,0.5,1.27,1.44,nan,nan,nan,0.6,1.14,14.85,7.55,0.89,20.19,19.69
design_4960,0.73,0.79,1.32,nan,nan,nan,0.58,1.02,15.56,7.75,0.9,24.41,19.91
design_4961,0.73,0.68,1.37,nan,nan,nan,0.59,1.03,15.35,7.65,0.9,13.41,6.1
design_4962,0.52,0.69,1.42,nan,nan,nan,0.59,1.02,14.84,7.43,0.9,20.52,10.04
design_4963,0.4,0.65,1.25,nan,nan,nan,0.53,0.9,15.15,7.54,0.9,19.28,8.57
design_4964,0.76,0.55,1.53,nan,nan,nan,0.61,1.1,15.83,8.01,0.88,24.35,13.62
design_4965,0.54,0.69,1.52,nan,nan,nan,0.61,1.08,15.43,7.7,0.9,29.13,15.55
design_4966,0.89,0.72,1.42,nan,nan,nan,0.61,1.1,15.16,7.57,0.9,22.67,16.91
design_4967,0.67,0.83,1.22,nan,nan,nan,0.56,0.97,15.7,7.77,0.9,16.95,8.52
design_4968,0.68,0.8,1.35,nan,nan,nan,0.61,1.03,15.79,7.85,0.9,35.98,21.92
design_4969,0.5,0.75,1.57,nan,nan,nan,0.61,1.12,15.81,7.93,0.89,28.09,14.07
design_4970,0.61,0.87,1.9,nan,nan,nan,0.69,1.34,16.22,8.33,0.88,25.63,17.54
design_4971,0.5,0.79,1.48,nan,nan,nan,0.6,1.07,15.44,7.72,0.89,5.09,5.83
design_4972,0.8,0.77,1.68,nan,nan,nan,0.66,1.23,16.33,8.33,0.88,27.76,14.64
design_4973,0.68,0.88,1.71,nan,nan,nan,0.66,1.25,15.47,7.79,0.89,27.27,14.77
design_4974,0.5,0.75,1.62,nan,nan,nan,0.63,1.14,15.38,7.75,0.89,10.02,5.43
design_4975,0.52,0.79,1.77,nan,nan,nan,0.66,1.24,15.83,7.97,0.89,30.68,12.34
design_4976,0.55,0.69,0.5,nan,nan,nan,0.46,0.57,15.33,7.62,0.9,6.31,7.37
design_4977,0.7,0.75,0.59,nan,nan,nan,0.48,0.67,15.6,7.76,0.9,18.11,14.73
design_4978,0.58,0.62,0.63,nan,nan,nan,0.46,0.61,14.89,7.42,0.9,21.76,11.21
design_4979,0.73,0.75,0.47,nan,nan,nan,0.48,0.64,15.32,7.62,0.9,5.0,4.67
design_4980,0.74,0.66,0.56,nan,nan,nan,0.48,0.65,15.73,7.8,0.9,32.51,15.92
design_4981,0.61,0.7,0.52,nan,nan,nan,0.46,0.6,15.01,7.49,0.9,18.86,11.71
design_4982,0.57,0.67,0.53,nan,nan,nan,0.45,0.59,15.33,7.56,0.9,18.75,15.22
design_4983,0.57,0.63,0.62,nan,nan,nan,0.45,0.61,14.73,7.35,0.9,17.51,14.4
design_4984,0.59,0.81,1.51,nan,nan,nan,0.55,1.03,16.09,7.99,0.9,24.59,11.42
design_4985,0.61,0.71,1.95,nan,nan,nan,0.62,1.22,15.26,7.81,0.89,37.29,16.11
design_4986,0.56,0.81,1.63,nan,nan,nan,0.56,1.08,15.76,7.86,0.9,34.5,15.07
design_4987,0.53,0.79,1.79,nan,nan,nan,0.58,1.14,12.89,6.81,0.88,36.63,15.81
design_4988,0.53,0.9,1.44,nan,nan,nan,0.54,1.01,15.15,7.61,0.9,30.59,13.81
design_4989,0.48,0.85,1.7,nan,nan,nan,0.57,1.11,16.15,8.19,0.89,15.1,8.99
design_4990,0.63,0.77,1.96,nan,nan,nan,0.62,1.24,15.82,7.95,0.9,25.77,18.75
design_4991,0.59,0.82,1.7,nan,nan,nan,0.58,1.12,15.94,8.03,0.9,33.28,14.94
design_4992,0.5,0.8,1.77,nan,nan,nan,0.58,1.08,14.06,7.33,0.88,23.58,16.68
design_4993,0.44,0.87,1.76,nan,nan,nan,0.57,1.09,13.47,7.05,0.88,28.16,17.5
design_4994,0.46,0.8,1.91,nan,nan,nan,0.59,1.14,14.25,7.33,0.89,28.01,17.79
design_4995,0.78,0.71,2.3,nan,nan,nan,0.69,1.37,14.12,7.42,0.88,30.7,18.02
design_4996,0.39,0.71,1.92,nan,nan,nan,0.58,1.12,14.74,7.52,0.89,31.68,15.93
design_4997,0.51,0.76,1.79,nan,nan,nan,0.57,1.09,14.16,7.3,0.89,27.92,17.44
design_4998,0.45,0.84,1.79,nan,nan,nan,0.58,1.1,13.92,7.23,0.89,26.71,21.43
design_4999,0.48,0.91,1.62,nan,nan,nan,0.57,1.05,13.96,7.19,0.89,28.35,17.24
design_5000,0.45,0.83,0.58,nan,nan,nan,0.45,0.62,14.29,7.13,0.9,34.77,19.75
design_5001,0.45,0.92,0.58,nan,nan,nan,0.47,0.65,14.74,7.28,0.9,28.77,27.95
design_5002,0.78,0.87,0.58,nan,nan,nan,0.49,0.71,15.83,7.73,0.91,32.24,16.25
design_5003,0.78,0.68,0.68,nan,nan,nan,0.49,0.71,16.09,7.87,0.9,34.96,17.64
design_5004,0.46,0.85,0.53,nan,nan,nan,0.46,0.6,16.32,7.92,0.91,34.07,16.92
design_5005,0.56,0.83,0.67,nan,nan,nan,0.47,0.68,15.99,7.91,0.89,20.16,17.3
design_5006,0.63,0.76,0.62,nan,nan,nan,0.49,0.66,16.17,7.87,0.91,29.33,22.29
design_5007,0.73,0.92,0.6,nan,nan,nan,0.51,0.72,15.7,7.7,0.9,29.8,18.13
design_5008,0.4,0.42,1.93,nan,nan,nan,0.58,1.14,15.58,8.11,0.88,21.22,11.66
design_5009,0.5,0.5,3.47,nan,nan,nan,0.89,1.99,15.77,8.15,0.88,32.4,13.91
design_5010,0.49,0.46,2.34,nan,nan,nan,0.66,1.37,15.59,8.18,0.88,29.14,20.15
design_5011,0.57,0.45,1.82,nan,nan,nan,0.58,1.11,16.0,8.27,0.89,24.51,14.48
design_5012,0.53,0.42,3.4,nan,nan,nan,0.87,1.95,15.41,7.98,0.88,17.13,16.26
design_5013,0.49,0.54,1.05,nan,nan,nan,0.46,0.73,14.77,7.81,0.87,31.03,16.52
design_5014,0.54,0.48,3.09,nan,nan,nan,0.81,1.79,15.08,7.85,0.88,38.03,14.88
design_5015,0.47,0.46,1.75,nan,nan,nan,0.56,1.06,15.93,8.26,0.88,26.75,19.35
design_5016,0.83,0.61,1.36,nan,nan,nan,0.62,1.07,15.67,7.72,0.9,16.02,9.77
design_5017,0.74,0.59,1.39,nan,nan,nan,0.63,1.06,15.35,7.62,0.9,12.51,5.95
design_5018,0.62,0.51,0.81,nan,nan,nan,0.48,0.69,14.93,7.72,0.88,6.93,5.73
design_5019,0.63,0.45,0.94,nan,nan,nan,0.52,0.76,15.87,8.24,0.87,37.57,24.46
design_5020,0.66,0.51,1.28,nan,nan,nan,0.59,0.97,15.43,7.6,0.91,11.33,6.58
design_5021,0.69,0.57,1.37,nan,nan,nan,0.62,1.04,14.19,7.07,0.9,5.59,7.08
design_5022,0.6,0.58,0.96,nan,nan,nan,0.52,0.78,6.61,3.97,0.88,7.93,4.99
design_5023,0.71,0.51,1.32,nan,nan,nan,0.62,1.01,14.86,7.37,0.9,16.36,11.93
design_5024,0.68,0.67,3.74,nan,nan,nan,1.26,2.64,17.72,9.32,0.86,27.73,15.16
design_5025,0.26,0.52,0.89,nan,nan,nan,0.46,0.68,15.71,7.71,0.9,11.79,9.69
design_5026,0.31,0.52,0.93,nan,nan,nan,0.48,0.71,15.33,7.77,0.89,17.42,11.77
design_5027,0.59,0.5,1.24,nan,nan,nan,0.56,0.95,16.54,8.51,0.88,20.99,10.45
design_5028,0.38,0.62,1.54,nan,nan,nan,0.62,1.13,16.36,8.56,0.87,15.15,11.11
design_5029,0.34,0.56,1.08,nan,nan,nan,0.5,0.82,15.71,7.92,0.89,27.54,14.66
design_5030,0.45,0.54,0.99,nan,nan,nan,0.5,0.77,16.6,8.32,0.89,17.38,9.69
design_5031,0.36,0.56,1.12,nan,nan,nan,0.53,0.84,15.59,8.05,0.88,19.89,13.15
design_5032,0.4,0.68,0.96,nan,nan,nan,0.5,0.76,15.75,7.81,0.9,17.63,12.8
design_5033,0.37,0.7,1.13,nan,nan,nan,0.53,0.85,15.87,7.89,0.9,16.34,12.38
design_5034,0.43,0.65,1.18,nan,nan,nan,0.53,0.88,16.13,8.04,0.9,30.08,12.87
design_5035,0.41,0.68,1.24,nan,nan,nan,0.54,0.92,15.8,7.87,0.9,35.48,15.93
design_5036,0.39,0.74,1.05,nan,nan,nan,0.52,0.82,15.37,7.58,0.9,27.36,15.41
design_5037,0.4,0.69,1.17,nan,nan,nan,0.54,0.87,15.27,7.53,0.9,27.39,16.15
design_5038,0.38,0.68,1.0,nan,nan,nan,0.49,0.77,15.27,7.54,0.9,27.22,14.75
design_5039,0.44,0.73,1.21,nan,nan,nan,0.55,0.91,15.92,7.91,0.9,26.55,15.31
design_5040,0.92,0.41,1.34,nan,nan,nan,0.62,1.05,15.5,8.0,0.87,22.54,19.23
design_5041,0.52,0.44,1.23,nan,nan,nan,0.56,0.91,14.96,7.64,0.87,14.12,13.13
design_5042,0.69,0.44,1.38,nan,nan,nan,0.6,1.03,15.9,8.15,0.87,25.04,17.9
design_5043,0.66,0.56,2.66,nan,nan,nan,0.93,1.86,16.22,8.2,0.88,20.94,19.34
design_5044,0.73,0.47,2.05,nan,nan,nan,0.77,1.46,14.85,7.63,0.88,22.43,16.47
design_5045,0.63,0.64,2.82,nan,nan,nan,0.97,1.97,15.37,7.88,0.88,21.25,15.75
design_5046,0.59,0.57,2.62,nan,nan,nan,0.91,1.83,15.47,7.78,0.89,21.39,16.17
design_5047,0.62,0.6,1.55,nan,nan,nan,0.64,1.14,14.47,7.45,0.87,20.17,20.9
design_5048,0.42,0.76,1.98,nan,nan,nan,0.72,1.38,15.9,8.22,0.88,21.61,10.63
design_5049,0.57,0.78,2.47,nan,nan,nan,0.84,1.71,15.8,8.27,0.87,32.92,12.09
design_5050,0.58,0.75,2.71,nan,nan,nan,0.9,1.85,16.09,8.48,0.87,18.63,13.12
design_5051,0.48,0.74,2.93,nan,nan,nan,0.96,1.99,15.67,8.03,0.88,24.74,15.45
design_5052,0.49,0.72,2.3,nan,nan,nan,0.8,1.59,16.6,8.62,0.88,32.08,16.69
design_5053,0.6,0.77,2.11,nan,nan,nan,0.76,1.48,16.44,8.56,0.88,33.63,13.69
design_5054,0.52,0.71,3.08,nan,nan,nan,1.0,2.09,16.49,8.62,0.87,38.6,21.09
design_5055,0.57,0.87,3.25,nan,nan,nan,1.05,2.21,15.5,8.03,0.88,24.18,13.41
design_5056,0.61,0.59,2.59,nan,nan,nan,0.82,1.72,15.58,8.1,0.88,31.84,15.08
design_5057,0.61,0.52,2.26,nan,nan,nan,0.75,1.51,15.87,8.2,0.88,33.6,13.74
design_5058,0.54,0.45,1.69,nan,nan,nan,0.62,1.15,15.81,8.08,0.88,31.79,12.58
design_5059,0.57,0.63,1.65,nan,nan,nan,0.6,1.15,14.76,7.59,0.88,28.28,14.11
design_5060,0.54,0.5,1.84,nan,nan,nan,0.65,1.24,15.84,8.08,0.89,33.24,13.63
design_5061,0.54,0.53,1.89,nan,nan,nan,0.65,1.28,15.69,8.04,0.88,30.31,11.99
design_5062,0.71,0.5,1.66,nan,nan,nan,0.63,1.16,16.04,8.27,0.88,32.01,13.92
design_5063,0.64,0.44,1.52,nan,nan,nan,0.58,1.07,15.4,7.89,0.88,30.71,16.63
design_5064,0.4,0.72,2.77,nan,nan,nan,0.77,1.63,15.97,8.14,0.89,36.84,17.44
design_5065,0.38,0.76,0.85,nan,nan,nan,0.45,0.68,15.41,7.84,0.89,17.74,11.74
design_5066,0.36,0.77,0.82,nan,nan,nan,0.45,0.67,15.44,7.88,0.89,9.67,8.42
design_5067,0.33,0.79,0.74,nan,nan,nan,0.44,0.64,15.86,8.09,0.89,41.64,20.02
design_5068,0.37,0.78,0.88,nan,nan,nan,0.46,0.7,15.17,7.74,0.89,18.43,18.71
design_5069,0.44,0.9,0.76,nan,nan,nan,0.48,0.72,15.75,7.99,0.89,38.98,17.12
design_5070,0.49,0.79,0.77,nan,nan,nan,0.46,0.69,15.83,8.02,0.89,34.74,18.36
design_5071,0.38,0.87,0.71,nan,nan,nan,0.46,0.67,15.67,7.95,0.89,37.13,15.47
design_5072,0.52,0.61,0.53,nan,nan,nan,0.43,0.55,15.91,7.74,0.9,28.87,16.22
design_5073,0.65,0.55,0.5,nan,nan,nan,0.45,0.56,15.78,7.7,0.9,29.23,22.06
design_5074,0.7,0.61,0.51,nan,nan,nan,0.47,0.59,16.27,7.94,0.9,23.1,21.79
design_5075,0.62,0.61,0.49,nan,nan,nan,0.45,0.56,16.73,8.05,0.91,27.73,19.64
design_5076,0.62,0.6,0.58,nan,nan,nan,0.46,0.6,16.44,7.98,0.91,33.95,14.38
design_5077,0.64,0.65,0.51,nan,nan,nan,0.45,0.58,15.79,7.75,0.9,31.62,16.95
design_5078,0.6,0.61,0.52,nan,nan,nan,0.45,0.57,16.47,7.99,0.91,20.49,17.68
design_5079,0.64,0.52,0.49,nan,nan,nan,0.45,0.54,17.6,8.46,0.9,35.54,26.57
design_5080,0.62,0.63,2.22,nan,nan,nan,0.68,1.35,14.26,7.48,0.87,11.31,4.39
design_5081,0.71,0.66,1.74,nan,nan,nan,0.61,1.13,14.68,7.64,0.89,7.82,6.68
design_5082,0.76,0.81,2.07,nan,nan,nan,0.68,1.33,14.79,7.68,0.88,22.16,10.25
design_5083,0.87,0.86,4.19,nan,nan,nan,1.09,2.46,14.24,7.38,0.88,19.45,11.91
design_5084,0.66,0.88,3.45,nan,nan,nan,0.92,2.04,13.96,7.32,0.88,29.0,17.52
design_5085,0.6,0.93,1.76,nan,nan,nan,0.63,1.18,14.63,7.61,0.89,25.82,20.48
design_5086,0.72,0.81,4.11,nan,nan,nan,1.06,2.39,14.17,7.39,0.88,23.71,14.55
design_5087,0.77,0.7,1.86,nan,nan,nan,0.64,1.21,15.16,7.87,0.88,25.87,16.71
design_5088,0.58,0.59,0.94,nan,nan,nan,0.5,0.74,15.96,7.92,0.9,34.24,13.76
design_5089,0.81,0.64,1.83,nan,nan,nan,0.66,1.27,16.18,8.12,0.9,29.86,15.9
design_5090,0.77,0.65,1.16,nan,nan,nan,0.55,0.91,14.82,7.47,0.89,18.88,9.58
design_5091,0.85,0.64,1.13,nan,nan,nan,0.54,0.92,15.6,7.83,0.9,31.18,13.2
design_5092,0.92,0.7,1.09,nan,nan,nan,0.55,0.93,16.09,8.01,0.9,12.76,10.24
design_5093,0.82,0.66,1.29,nan,nan,nan,0.56,0.99,15.77,7.91,0.9,32.07,15.93
design_5094,0.82,0.62,1.19,nan,nan,nan,0.56,0.93,15.1,7.58,0.9,25.11,10.67
design_5095,0.83,0.75,1.14,nan,nan,nan,0.56,0.94,16.02,7.9,0.9,15.18,12.49
design_5096,0.93,0.9,2.21,nan,nan,nan,0.78,1.58,16.46,8.29,0.89,36.26,13.97
design_5097,0.96,0.82,2.11,nan,nan,nan,0.77,1.52,16.13,8.22,0.89,32.1,14.25
design_5098,1.08,0.84,2.33,nan,nan,nan,0.82,1.67,16.17,8.26,0.89,32.64,13.68
design_5099,0.92,0.91,2.07,nan,nan,nan,0.75,1.5,16.21,8.15,0.9,20.14,9.27
design_5100,0.91,0.84,2.15,nan,nan,nan,0.77,1.53,16.27,8.23,0.9,23.24,17.96
design_5101,1.04,0.83,2.34,nan,nan,nan,0.82,1.67,16.55,8.41,0.89,22.62,15.05
design_5102,0.96,0.84,2.26,nan,nan,nan,0.8,1.61,15.76,7.99,0.89,17.17,10.61
design_5103,0.93,0.96,2.2,nan,nan,nan,0.79,1.58,15.66,7.97,0.89,18.41,12.56
design_5104,0.45,0.88,2.4,nan,nan,nan,0.7,1.46,11.16,6.21,0.86,34.84,18.35
design_5105,0.53,0.89,3.65,nan,nan,nan,0.95,2.13,14.73,7.75,0.87,35.3,17.34
design_5106,0.52,0.93,3.6,nan,nan,nan,0.95,2.11,15.79,8.16,0.88,28.02,15.83
design_5107,0.55,0.87,2.21,nan,nan,nan,0.69,1.37,15.56,8.06,0.88,31.77,17.06
design_5108,0.56,0.83,2.8,nan,nan,nan,0.78,1.68,15.52,8.08,0.88,35.1,17.34
design_5109,0.52,0.86,3.47,nan,nan,nan,0.91,2.03,13.87,7.39,0.87,35.59,17.89
design_5110,0.57,0.74,1.82,nan,nan,nan,0.62,1.16,14.9,7.79,0.88,36.47,17.21
design_5111,0.57,0.8,3.84,nan,nan,nan,1.0,2.23,15.48,8.06,0.88,39.42,18.76
design_5112,0.58,0.83,1.34,nan,nan,nan,0.57,1.0,15.54,7.82,0.89,30.32,13.57
design_5113,0.65,0.9,1.23,nan,nan,nan,0.57,0.97,16.06,8.07,0.9,32.51,14.57
design_5114,0.64,0.98,1.21,nan,nan,nan,0.56,0.98,15.09,7.62,0.89,31.65,13.52
design_5115,0.64,0.59,1.52,nan,nan,nan,0.61,1.06,15.57,7.94,0.88,38.58,16.36
design_5116,0.71,0.87,1.94,nan,nan,nan,0.69,1.35,15.35,7.76,0.89,34.98,16.05
design_5117,0.73,0.87,1.31,nan,nan,nan,0.57,1.02,16.05,8.03,0.9,33.59,14.89
design_5118,0.57,0.81,1.65,nan,nan,nan,0.61,1.16,15.88,8.05,0.88,37.04,14.39
design_5119,0.57,0.79,1.22,nan,nan,nan,0.54,0.93,15.51,7.84,0.88,32.24,21.14
design_5120,0.51,1.12,1.52,nan,nan,nan,0.57,1.1,15.51,7.8,0.89,14.23,14.22
design_5121,0.83,1.21,1.43,nan,nan,nan,0.59,1.17,15.23,7.74,0.89,20.92,12.69
design_5122,0.73,1.13,1.39,nan,nan,nan,0.57,1.1,15.16,7.65,0.89,28.66,12.92
design_5123,0.62,1.24,1.46,nan,nan,nan,0.58,1.14,14.4,7.34,0.89,23.11,9.93
design_5124,0.71,1.21,1.96,nan,nan,nan,0.66,1.36,15.22,7.83,0.88,24.73,11.14
design_5125,0.56,1.19,1.86,nan,nan,nan,0.64,1.29,14.63,7.5,0.89,15.96,10.23
design_5126,0.67,1.17,1.8,nan,nan,nan,0.66,1.27,15.16,7.73,0.89,23.86,12.37
design_5127,0.55,1.22,2.34,nan,nan,nan,0.75,1.52,15.35,7.86,0.89,17.93,9.79
design_5128,0.68,0.61,0.53,nan,nan,nan,0.48,0.6,16.56,8.08,0.9,31.44,22.58
design_5129,0.66,0.56,0.62,nan,nan,nan,0.49,0.62,15.03,7.52,0.89,24.73,19.7
design_5130,0.77,0.69,0.66,nan,nan,nan,0.51,0.7,15.97,7.73,0.9,17.02,15.27
design_5131,0.68,0.61,0.64,nan,nan,nan,0.47,0.64,16.79,8.16,0.9,27.91,17.83
design_5132,0.71,0.56,0.61,nan,nan,nan,0.48,0.63,15.8,7.69,0.9,21.23,13.38
design_5133,0.83,0.67,0.63,nan,nan,nan,0.5,0.7,15.62,7.78,0.89,15.1,14.48
design_5134,0.85,0.61,0.64,nan,nan,nan,0.51,0.7,15.55,7.63,0.9,23.53,23.59
design_5135,0.57,0.64,0.62,nan,nan,nan,0.45,0.61,16.0,7.81,0.9,20.34,16.34
design_5136,0.44,0.69,3.15,nan,nan,nan,1.08,2.22,15.31,7.91,0.88,21.76,14.27
design_5137,0.45,0.67,3.29,nan,nan,nan,1.13,2.31,15.8,8.07,0.88,11.07,9.55
design_5138,0.42,0.74,3.31,nan,nan,nan,1.14,2.33,15.66,8.04,0.88,24.73,15.01
design_5139,0.49,0.72,3.0,nan,nan,nan,1.03,2.12,16.58,8.48,0.88,22.45,21.49
design_5140,0.5,0.72,3.23,nan,nan,nan,1.1,2.28,16.34,8.43,0.87,23.42,9.66
design_5141,0.68,0.74,3.34,nan,nan,nan,1.15,2.37,15.63,8.04,0.88,11.5,10.57
design_5142,0.58,0.7,3.08,nan,nan,nan,1.07,2.18,16.09,8.22,0.88,20.2,20.84
design_5143,0.43,0.67,3.18,nan,nan,nan,1.09,2.24,15.65,7.91,0.88,25.97,18.31
design_5144,0.35,1.15,1.15,nan,nan,nan,0.56,0.97,16.15,8.26,0.87,28.0,18.09
design_5145,0.57,1.03,1.34,nan,nan,nan,0.6,1.06,15.93,8.01,0.89,28.8,11.73
design_5146,0.52,1.06,1.1,nan,nan,nan,0.56,0.94,16.12,8.09,0.89,27.44,14.12
design_5147,0.32,1.09,0.82,nan,nan,nan,0.48,0.79,15.96,8.06,0.88,26.97,18.68
design_5148,0.53,1.05,1.78,nan,nan,nan,0.67,1.3,16.24,8.48,0.86,22.02,11.84
design_5149,0.41,1.04,0.81,nan,nan,nan,0.5,0.78,15.94,8.01,0.89,23.63,11.75
design_5150,0.57,1.24,0.84,nan,nan,nan,0.54,0.9,15.86,7.92,0.89,21.63,23.5
design_5151,0.33,1.13,1.0,nan,nan,nan,0.55,0.89,15.9,7.94,0.9,13.12,9.06
design_5152,0.8,0.82,1.45,nan,nan,nan,0.6,1.1,15.13,7.7,0.89,29.09,14.94
design_5153,0.74,0.78,1.24,nan,nan,nan,0.57,0.97,15.8,7.88,0.9,21.91,16.24
design_5154,0.81,0.79,1.43,nan,nan,nan,0.6,1.08,15.82,7.9,0.9,30.19,16.42
design_5155,0.93,0.86,1.49,nan,nan,nan,0.63,1.16,15.87,7.98,0.89,23.02,13.87
design_5156,1.11,0.88,2.15,nan,nan,nan,0.77,1.54,13.73,7.22,0.88,29.91,15.3
design_5157,0.48,0.7,1.58,nan,nan,nan,0.59,1.08,15.26,7.76,0.89,28.81,16.54
design_5158,0.96,0.83,1.55,nan,nan,nan,0.64,1.19,15.92,8.08,0.89,28.63,15.74
design_5159,0.91,0.85,1.45,nan,nan,nan,0.62,1.13,15.3,7.73,0.89,24.67,16.21
design_5160,0.85,0.51,0.9,nan,nan,nan,0.55,0.81,16.51,8.09,0.89,32.12,21.67
design_5161,0.78,0.99,0.85,nan,nan,nan,0.55,0.87,13.52,7.01,0.88,24.71,22.75
design_5162,0.78,0.88,0.78,nan,nan,nan,0.53,0.81,15.35,7.72,0.88,24.33,22.29
design_5163,0.93,0.54,1.04,nan,nan,nan,0.56,0.91,15.2,7.62,0.88,28.17,19.19
design_5164,0.7,0.55,0.8,nan,nan,nan,0.5,0.72,15.27,7.69,0.88,20.49,11.3
design_5165,0.81,0.82,0.97,nan,nan,nan,0.55,0.89,13.1,6.91,0.87,26.55,21.6
design_5166,0.77,0.52,0.74,nan,nan,nan,0.51,0.7,15.39,7.81,0.88,24.2,24.58
design_5167,0.88,0.74,0.96,nan,nan,nan,0.56,0.89,16.89,8.52,0.88,29.0,19.16
design_5168,0.58,0.9,3.75,nan,nan,nan,1.07,2.38,13.06,6.91,0.87,31.36,15.95
design_5169,0.75,0.88,0.93,nan,nan,nan,0.52,0.86,16.06,8.0,0.9,18.82,13.54
design_5170,0.62,0.9,1.32,nan,nan,nan,0.56,1.01,15.17,7.81,0.88,30.41,15.58
design_5171,0.49,0.74,0.72,nan,nan,nan,0.47,0.66,15.19,7.67,0.89,25.56,14.11
design_5172,0.68,0.67,0.92,nan,nan,nan,0.52,0.78,15.45,7.71,0.9,32.55,13.93
design_5173,0.62,0.79,0.74,nan,nan,nan,0.48,0.72,15.73,7.86,0.9,28.58,14.99
design_5174,0.7,0.76,0.95,nan,nan,nan,0.51,0.82,15.4,7.75,0.9,21.43,16.81
design_5175,0.49,0.8,1.09,nan,nan,nan,0.51,0.84,15.48,7.71,0.9,26.71,19.86
design_5176,0.45,0.82,1.02,nan,nan,nan,0.51,0.83,15.9,7.89,0.9,28.55,17.9
design_5177,0.4,0.86,0.43,nan,nan,nan,0.45,0.57,15.76,7.74,0.9,23.07,16.83
design_5178,0.43,0.85,1.18,nan,nan,nan,0.55,0.92,15.74,7.76,0.9,23.78,22.67
design_5179,0.4,0.84,0.5,nan,nan,nan,0.45,0.58,15.65,7.76,0.9,32.99,13.55
design_5180,0.46,0.84,0.98,nan,nan,nan,0.5,0.82,15.53,7.68,0.9,20.77,18.49
design_5181,0.41,0.88,0.56,nan,nan,nan,0.47,0.62,15.37,7.66,0.9,24.68,15.94
design_5182,0.53,0.77,1.15,nan,nan,nan,0.55,0.9,16.29,7.99,0.91,29.58,13.2
design_5183,0.44,0.86,0.43,nan,nan,nan,0.44,0.57,15.84,7.76,0.9,29.4,16.91
design_5184,0.59,0.67,10.03,nan,nan,nan,3.2,6.96,15.38,8.19,0.86,31.5,14.41
design_5185,0.43,0.61,3.44,nan,nan,nan,1.16,2.41,15.93,8.19,0.87,28.13,16.31
design_5186,0.38,0.64,3.41,nan,nan,nan,1.15,2.39,15.86,8.33,0.86,28.31,19.31
design_5187,0.67,0.41,2.16,nan,nan,nan,0.81,1.55,17.52,8.92,0.86,15.06,10.83
design_5188,0.76,0.71,3.46,nan,nan,nan,1.18,2.45,15.87,8.13,0.87,19.21,13.48
design_5189,0.69,0.63,4.12,nan,nan,nan,1.37,2.89,15.31,7.92,0.88,20.78,14.89
design_5190,0.49,0.53,3.13,nan,nan,nan,1.06,2.2,18.18,9.29,0.87,26.61,23.89
design_5191,0.47,0.65,4.51,nan,nan,nan,1.48,3.15,15.25,7.86,0.88,24.27,16.33
design_5192,0.43,0.56,3.24,nan,nan,nan,1.02,2.17,17.79,9.08,0.87,27.39,11.32
design_5193,0.4,0.76,3.88,nan,nan,nan,1.21,2.6,16.28,8.2,0.89,22.98,20.8
design_5194,0.41,0.67,2.24,nan,nan,nan,0.78,1.54,16.42,8.46,0.87,27.84,13.4
design_5195,0.49,0.55,2.66,nan,nan,nan,0.88,1.8,15.48,8.05,0.87,25.49,16.54
design_5196,0.52,0.49,2.35,nan,nan,nan,0.8,1.6,15.31,7.97,0.87,13.3,7.64
design_5197,0.51,0.69,3.01,nan,nan,nan,0.97,2.04,16.59,8.8,0.85,19.0,22.37
design_5198,0.62,0.63,2.61,nan,nan,nan,0.88,1.79,16.26,8.44,0.87,20.67,15.84
design_5199,0.39,0.61,3.32,nan,nan,nan,1.05,2.22,16.32,8.48,0.87,16.1,9.78
design_5200,0.59,0.37,3.46,nan,nan,nan,1.18,2.43,14.0,7.21,0.88,31.36,15.93
design_5201,0.61,0.59,3.75,nan,nan,nan,1.26,2.63,15.1,7.76,0.88,28.91,14.16
design_5202,0.78,0.46,3.69,nan,nan,nan,1.24,2.6,14.86,7.66,0.88,27.98,13.29
design_5203,0.5,0.33,3.51,nan,nan,nan,1.19,2.45,15.31,7.75,0.89,29.73,18.58
design_5204,0.67,0.44,3.61,nan,nan,nan,1.22,2.54,12.96,6.85,0.88,29.7,14.4
design_5205,0.59,0.31,3.41,nan,nan,nan,1.15,2.39,16.06,7.96,0.9,29.39,14.51
design_5206,0.71,0.49,3.64,nan,nan,nan,1.23,2.56,10.84,6.08,0.87,29.38,14.63
design_5207,0.98,0.51,3.62,nan,nan,nan,1.24,2.57,16.51,8.42,0.88,30.86,13.04
design_5208,0.52,0.56,1.19,nan,nan,nan,0.52,0.85,14.74,7.47,0.89,34.63,16.05
design_5209,0.82,0.66,1.42,nan,nan,nan,0.59,1.05,15.44,7.8,0.89,35.42,14.11
design_5210,0.44,0.7,1.17,nan,nan,nan,0.51,0.85,15.81,7.87,0.9,17.37,12.17
design_5211,0.56,0.67,1.09,nan,nan,nan,0.51,0.83,15.71,7.82,0.9,24.32,11.87
design_5212,0.58,0.62,1.2,nan,nan,nan,0.51,0.88,15.23,7.59,0.9,32.92,16.12
design_5213,0.5,0.62,1.32,nan,nan,nan,0.55,0.93,15.75,7.88,0.9,34.85,14.13
design_5214,0.47,0.68,1.37,nan,nan,nan,0.56,0.96,16.01,8.0,0.89,32.96,15.07
design_5215,0.71,0.67,1.52,nan,nan,nan,0.58,1.09,15.73,7.95,0.89,34.55,13.96
design_5216,0.77,0.54,0.93,nan,nan,nan,0.51,0.78,15.44,7.81,0.89,28.37,17.12
design_5217,0.79,0.55,0.92,nan,nan,nan,0.51,0.79,15.71,7.95,0.89,32.02,13.56
design_5218,0.65,0.47,0.82,nan,nan,nan,0.49,0.68,14.8,7.51,0.89,20.77,14.01
design_5219,0.66,0.35,0.78,nan,nan,nan,0.48,0.64,15.74,7.9,0.89,30.43,14.69
design_5220,0.74,0.47,1.36,nan,nan,nan,0.57,0.97,15.77,7.88,0.9,33.31,14.16
design_5221,0.64,0.46,0.77,nan,nan,nan,0.46,0.65,14.8,7.52,0.89,29.99,14.93
design_5222,0.68,0.58,0.86,nan,nan,nan,0.5,0.73,15.45,7.79,0.89,31.75,12.72
design_5223,0.62,0.49,0.88,nan,nan,nan,0.49,0.7,15.38,7.74,0.9,33.03,15.46
design_5224,0.61,0.42,2.42,nan,nan,nan,0.72,1.5,15.6,8.06,0.88,30.03,22.5
design_5225,0.3,0.4,1.3,nan,nan,nan,0.51,0.82,15.42,7.78,0.9,29.91,24.65
design_5226,0.55,3.01,2.28,nan,nan,nan,0.97,2.16,15.51,7.86,0.89,23.82,14.36
design_5227,0.94,0.72,1.85,nan,nan,nan,0.66,1.29,15.89,7.97,0.89,30.91,20.56
design_5228,0.54,0.46,1.55,nan,nan,nan,0.54,1.0,15.36,7.81,0.89,22.3,11.6
design_5229,0.38,0.42,1.42,nan,nan,nan,0.52,0.9,15.34,7.66,0.9,32.8,23.04
design_5230,0.4,0.43,1.31,nan,nan,nan,0.49,0.84,14.81,7.39,0.9,10.72,7.76
design_5231,0.44,0.45,1.08,nan,nan,nan,0.47,0.73,14.68,7.47,0.9,17.12,6.67
design_5232,0.73,0.66,2.2,nan,nan,nan,0.74,1.51,15.44,7.97,0.88,19.26,19.98
design_5233,0.66,0.54,1.98,nan,nan,nan,0.68,1.35,15.76,7.93,0.89,23.22,17.81
design_5234,0.67,0.49,1.83,nan,nan,nan,0.65,1.26,15.52,7.75,0.9,24.83,12.12
design_5235,0.66,0.56,1.85,nan,nan,nan,0.66,1.28,14.92,7.47,0.9,15.52,15.24
design_5236,0.71,0.52,2.51,nan,nan,nan,0.82,1.67,16.01,8.26,0.88,22.75,16.47
design_5237,0.43,0.5,1.74,nan,nan,nan,0.61,1.17,15.92,8.16,0.88,11.58,8.81
design_5238,0.62,0.43,1.76,nan,nan,nan,0.63,1.2,14.93,7.47,0.9,22.16,10.53
design_5239,0.66,0.42,1.87,nan,nan,nan,0.65,1.27,14.53,7.33,0.9,6.72,5.73
design_5240,0.59,0.85,1.31,nan,nan,nan,0.53,0.92,14.81,7.6,0.89,10.24,7.31
design_5241,0.57,0.91,1.19,nan,nan,nan,0.52,0.89,14.9,7.62,0.89,7.52,5.95
design_5242,0.6,0.83,1.35,nan,nan,nan,0.54,0.94,14.25,7.33,0.89,8.77,8.88
design_5243,0.49,0.88,1.28,nan,nan,nan,0.52,0.9,15.65,7.92,0.89,16.47,17.68
design_5244,0.54,0.85,1.21,nan,nan,nan,0.51,0.87,14.9,7.59,0.89,10.23,8.71
design_5245,0.57,0.93,1.31,nan,nan,nan,0.53,0.95,15.44,7.81,0.9,12.16,9.79
design_5246,0.51,0.78,1.29,nan,nan,nan,0.52,0.88,13.97,7.17,0.89,7.45,6.26
design_5247,0.45,0.86,1.3,nan,nan,nan,0.52,0.89,15.12,7.65,0.9,20.64,17.32
design_5248,0.75,0.8,1.54,nan,nan,nan,0.57,1.1,15.98,7.95,0.9,35.53,21.6
design_5249,1.17,0.78,0.8,nan,nan,nan,0.59,0.94,15.19,7.48,0.91,30.74,17.93
design_5250,0.69,0.87,1.44,nan,nan,nan,0.56,1.06,15.69,7.82,0.9,33.62,24.88
design_5251,0.68,0.77,1.08,nan,nan,nan,0.5,0.86,15.52,7.66,0.91,28.8,25.21
design_5252,1.22,0.81,0.89,nan,nan,nan,0.62,1.0,14.95,7.35,0.91,25.73,23.86
design_5253,0.76,0.88,1.61,nan,nan,nan,0.61,1.16,15.75,8.0,0.89,37.68,17.21
design_5254,1.3,0.89,0.91,nan,nan,nan,0.64,1.06,15.41,7.53,0.91,35.37,24.25
design_5255,1.41,1.01,1.37,nan,nan,nan,0.72,1.29,14.89,7.35,0.91,22.28,21.61
design_5256,0.81,0.64,2.2,nan,nan,nan,0.78,1.55,16.42,8.52,0.87,27.31,17.1
design_5257,0.45,0.59,2.26,nan,nan,nan,0.78,1.54,15.66,8.14,0.88,26.05,16.98
design_5258,0.72,0.47,2.85,nan,nan,nan,0.94,1.94,16.54,8.59,0.87,28.21,22.59
design_5259,0.46,0.58,2.31,nan,nan,nan,0.79,1.57,17.96,8.96,0.88,22.35,26.39
design_5260,0.39,0.69,3.44,nan,nan,nan,1.08,2.31,15.66,8.01,0.88,13.32,13.26
design_5261,0.49,0.51,2.62,nan,nan,nan,0.87,1.77,15.76,8.26,0.87,26.16,13.37
design_5262,0.49,0.49,1.96,nan,nan,nan,0.69,1.34,17.82,8.82,0.89,30.99,31.89
design_5263,0.46,0.61,3.11,nan,nan,nan,0.99,2.09,15.97,8.23,0.88,16.61,11.72
design_5264,0.64,0.47,3.9,nan,nan,nan,1.34,2.79,16.85,8.56,0.88,22.32,21.84
design_5265,0.59,0.36,3.37,nan,nan,nan,1.18,2.41,15.89,8.3,0.87,22.45,11.04
design_5266,0.49,0.51,4.93,nan,nan,nan,1.66,3.5,15.76,8.0,0.87,19.55,19.61
design_5267,0.58,0.48,3.29,nan,nan,nan,1.15,2.36,15.7,8.27,0.86,23.65,20.18
design_5268,0.53,0.56,4.93,nan,nan,nan,1.66,3.51,14.25,7.36,0.87,20.19,22.44
design_5269,0.79,0.51,4.6,nan,nan,nan,1.57,3.29,16.84,8.67,0.87,17.22,15.25
design_5270,0.67,0.42,2.89,nan,nan,nan,1.03,2.08,15.21,7.86,0.88,20.2,11.74
design_5271,0.48,0.6,5.05,nan,nan,nan,1.7,3.59,16.96,8.47,0.88,28.52,17.49
design_5272,0.75,0.72,0.64,nan,nan,nan,0.49,0.69,15.5,7.72,0.89,25.9,16.07
design_5273,0.59,0.54,0.99,nan,nan,nan,0.53,0.8,12.33,6.43,0.87,24.16,12.78
design_5274,0.74,0.61,0.9,nan,nan,nan,0.52,0.79,11.43,6.04,0.88,26.79,15.47
design_5275,0.91,0.65,0.66,nan,nan,nan,0.5,0.73,13.79,7.11,0.88,25.05,18.79
design_5276,0.61,0.64,1.21,nan,nan,nan,0.57,0.95,8.25,4.75,0.87,27.02,15.91
design_5277,0.63,0.69,1.03,nan,nan,nan,0.53,0.86,11.44,6.14,0.87,26.58,15.55
design_5278,0.85,0.85,1.12,nan,nan,nan,0.59,0.99,5.97,3.86,0.87,27.07,16.08
design_5279,0.69,0.61,1.17,nan,nan,nan,0.56,0.94,8.13,4.67,0.88,26.62,15.68
design_5280,0.87,0.82,5.16,nan,nan,nan,1.64,3.55,15.2,7.99,0.87,32.76,14.56
design_5281,0.49,0.8,3.57,nan,nan,nan,1.18,2.47,16.07,8.26,0.87,23.55,14.68
design_5282,0.49,0.81,5.32,nan,nan,nan,1.67,3.64,15.54,7.91,0.89,26.58,13.65
design_5283,0.53,0.86,5.89,nan,nan,nan,1.85,4.02,15.44,7.86,0.89,25.08,11.24
design_5284,0.86,0.85,4.02,nan,nan,nan,1.32,2.8,15.96,8.28,0.87,27.7,15.58
design_5285,0.72,0.77,5.26,nan,nan,nan,1.66,3.6,15.75,8.1,0.88,28.64,13.79
design_5286,0.87,0.84,2.28,nan,nan,nan,0.84,1.67,16.06,8.31,0.87,31.84,12.58
design_5287,0.79,0.79,4.59,nan,nan,nan,1.48,3.16,15.76,8.05,0.88,31.2,17.74
design_5288,0.38,0.79,2.31,nan,nan,nan,0.78,1.59,15.77,7.89,0.9,10.82,8.59
design_5289,0.54,0.96,2.07,nan,nan,nan,0.74,1.48,15.0,7.62,0.88,20.55,16.13
design_5290,0.39,0.76,1.04,nan,nan,nan,0.52,0.82,15.49,7.66,0.9,9.45,9.15
design_5291,0.23,0.94,1.09,nan,nan,nan,0.54,0.88,15.56,7.6,0.9,34.33,15.27
design_5292,0.45,0.83,2.26,nan,nan,nan,0.78,1.57,16.12,8.07,0.89,37.06,17.92
design_5293,0.39,0.85,2.11,nan,nan,nan,0.74,1.47,15.27,7.68,0.89,27.33,21.4
design_5294,0.49,0.93,2.17,nan,nan,nan,0.77,1.53,15.68,7.89,0.89,17.38,13.42
design_5295,0.4,0.89,0.97,nan,nan,nan,0.51,0.82,15.87,7.8,0.9,32.23,14.95
design_5296,0.53,0.67,1.85,nan,nan,nan,0.65,1.27,16.06,8.02,0.9,35.55,23.33
design_5297,0.91,0.81,2.18,nan,nan,nan,0.77,1.54,16.09,8.05,0.89,4.55,3.63
design_5298,0.57,0.62,1.97,nan,nan,nan,0.68,1.34,16.15,7.97,0.9,31.18,17.8
design_5299,0.78,0.73,2.07,nan,nan,nan,0.73,1.44,16.0,8.01,0.9,14.13,9.57
design_5300,0.82,0.7,2.27,nan,nan,nan,0.78,1.57,16.38,8.24,0.89,22.26,16.73
design_5301,0.82,0.81,2.17,nan,nan,nan,0.75,1.52,16.52,8.29,0.89,26.41,15.62
design_5302,0.74,0.68,2.01,nan,nan,nan,0.71,1.4,16.38,8.19,0.9,30.67,23.58
design_5303,0.85,0.72,2.1,nan,nan,nan,0.75,1.48,16.21,8.11,0.89,29.98,15.58
design_5304,0.6,0.6,1.01,nan,nan,nan,0.46,0.75,15.29,7.98,0.88,37.29,16.24
design_5305,0.53,0.77,1.37,nan,nan,nan,0.53,0.94,14.05,7.48,0.87,39.46,17.27
design_5306,0.55,0.87,3.39,nan,nan,nan,0.88,1.99,14.66,7.67,0.88,34.02,14.94
design_5307,0.64,0.64,1.79,nan,nan,nan,0.59,1.14,15.24,7.97,0.89,30.0,16.78
design_5308,0.61,0.74,3.4,nan,nan,nan,0.88,1.99,15.21,7.93,0.88,38.25,16.2
design_5309,0.43,0.55,1.55,nan,nan,nan,0.54,0.96,15.36,8.04,0.88,38.32,16.2
design_5310,0.7,0.87,3.44,nan,nan,nan,0.9,2.04,14.87,7.77,0.88,20.93,18.38
design_5311,0.74,0.56,1.0,nan,nan,nan,0.48,0.78,15.97,8.36,0.88,36.49,16.2
design_5312,0.62,0.79,1.57,nan,nan,nan,0.58,1.09,15.77,7.89,0.9,31.27,13.05
design_5313,0.55,0.97,3.65,nan,nan,nan,1.0,2.25,14.6,7.42,0.89,16.52,9.69
design_5314,0.58,0.87,1.81,nan,nan,nan,0.62,1.22,15.64,7.89,0.89,39.79,18.77
design_5315,0.53,0.86,3.67,nan,nan,nan,1.0,2.25,15.54,7.79,0.9,25.22,10.6
design_5316,0.68,0.79,1.6,nan,nan,nan,0.61,1.11,15.76,7.81,0.9,42.02,22.5
design_5317,0.61,0.79,1.44,nan,nan,nan,0.56,1.02,15.69,7.85,0.9,43.08,23.28
design_5318,0.61,0.83,1.56,nan,nan,nan,0.59,1.09,15.44,7.75,0.9,12.5,8.77
design_5319,0.79,0.81,1.71,nan,nan,nan,0.64,1.2,15.44,7.69,0.9,9.56,9.92
design_5320,0.75,0.75,0.58,nan,nan,nan,0.45,0.67,15.2,7.72,0.87,22.0,23.54
design_5321,1.28,0.75,0.7,nan,nan,nan,0.56,0.9,13.92,7.01,0.89,16.97,14.19
design_5322,0.7,0.6,1.39,nan,nan,nan,0.61,1.09,13.55,6.8,0.89,19.3,11.52
design_5323,0.76,0.51,1.27,nan,nan,nan,0.59,1.01,13.02,6.79,0.88,17.44,12.1
design_5324,1.44,0.29,1.4,nan,nan,nan,0.67,1.25,14.53,7.46,0.88,19.31,11.47
design_5325,1.03,0.78,0.71,nan,nan,nan,0.53,0.82,15.57,7.83,0.89,13.17,12.33
design_5326,0.7,0.37,1.37,nan,nan,nan,0.6,1.05,13.72,7.02,0.88,18.79,14.44
design_5327,1.01,0.69,0.55,nan,nan,nan,0.47,0.73,15.28,7.48,0.9,20.09,12.55
design_5328,0.58,0.92,1.6,nan,nan,nan,0.57,1.06,15.0,7.66,0.89,27.93,20.65
design_5329,0.74,0.99,1.5,nan,nan,nan,0.57,1.08,14.54,7.47,0.89,30.13,17.87
design_5330,0.8,0.96,2.38,nan,nan,nan,0.7,1.46,14.62,7.55,0.89,30.61,17.24
design_5331,0.68,0.88,1.54,nan,nan,nan,0.56,1.05,14.52,7.36,0.9,18.14,10.36
design_5332,0.71,0.87,1.49,nan,nan,nan,0.56,1.03,13.92,7.11,0.89,13.45,7.22
design_5333,0.65,0.89,1.46,nan,nan,nan,0.55,1.01,15.23,7.76,0.89,30.01,17.97
design_5334,0.68,0.8,1.57,nan,nan,nan,0.56,1.04,14.88,7.6,0.89,15.56,10.89
design_5335,0.61,0.75,1.47,nan,nan,nan,0.54,0.97,14.26,7.28,0.89,25.35,16.25
design_5336,0.89,0.7,1.57,nan,nan,nan,0.7,1.25,17.12,8.65,0.88,27.22,15.12
design_5337,0.69,0.74,2.07,nan,nan,nan,0.8,1.55,16.63,8.45,0.88,14.17,13.09
design_5338,0.58,0.76,0.75,nan,nan,nan,0.47,0.71,16.1,7.89,0.9,23.69,15.19
design_5339,0.38,0.76,0.7,nan,nan,nan,0.44,0.65,15.82,7.72,0.9,22.89,15.75
design_5340,0.68,0.63,2.14,nan,nan,nan,0.82,1.58,16.16,8.27,0.88,28.05,17.32
design_5341,0.65,0.72,2.03,nan,nan,nan,0.78,1.51,17.9,8.83,0.87,35.34,30.61
design_5342,0.54,0.86,0.7,nan,nan,nan,0.48,0.7,15.32,7.67,0.89,20.07,12.29
design_5343,0.97,0.73,2.04,nan,nan,nan,0.82,1.57,15.38,7.93,0.87,24.54,18.05
design_5344,0.8,1.19,1.65,nan,nan,nan,0.65,1.27,14.94,7.47,0.9,34.94,18.2
design_5345,0.79,1.23,1.65,nan,nan,nan,0.65,1.27,15.01,7.53,0.9,10.31,8.12
design_5346,0.72,1.18,1.52,nan,nan,nan,0.61,1.19,15.39,7.74,0.89,35.44,16.3
design_5347,0.64,1.06,1.36,nan,nan,nan,0.57,1.06,15.57,7.84,0.89,25.95,13.85
design_5348,1.08,0.99,1.36,nan,nan,nan,0.66,1.16,14.89,7.3,0.91,11.36,13.82
design_5349,0.64,0.75,1.63,nan,nan,nan,0.59,1.12,14.92,7.47,0.9,11.87,6.3
design_5350,0.91,1.16,1.66,nan,nan,nan,0.67,1.29,15.21,7.63,0.89,27.05,11.83
design_5351,0.82,1.25,1.36,nan,nan,nan,0.6,1.16,15.18,7.66,0.89,32.55,14.14
design_5352,0.56,0.43,2.64,nan,nan,nan,0.92,1.83,16.47,8.16,0.9,11.34,8.85
design_5353,0.67,0.41,2.69,nan,nan,nan,0.93,1.87,16.73,8.39,0.89,13.18,11.85
design_5354,0.52,0.46,2.46,nan,nan,nan,0.86,1.7,16.4,8.18,0.89,22.88,11.18
design_5355,0.54,0.45,2.32,nan,nan,nan,0.83,1.61,16.52,8.17,0.89,29.08,19.93
design_5356,0.53,0.43,2.64,nan,nan,nan,0.91,1.82,17.22,8.46,0.9,32.35,14.21
design_5357,0.76,0.35,2.22,nan,nan,nan,0.8,1.57,16.93,8.43,0.89,28.57,15.56
design_5358,0.61,0.44,2.67,nan,nan,nan,0.92,1.85,16.73,8.42,0.89,14.59,11.98
design_5359,0.56,0.38,2.5,nan,nan,nan,0.88,1.73,16.1,8.12,0.89,6.25,6.08
design_5360,0.52,0.65,0.68,nan,nan,nan,0.46,0.62,14.16,7.21,0.89,30.03,12.33
design_5361,0.45,0.73,0.55,nan,nan,nan,0.43,0.58,15.17,7.53,0.9,27.11,18.36
design_5362,0.57,0.83,0.72,nan,nan,nan,0.47,0.71,14.9,7.5,0.9,30.47,13.48
design_5363,1.36,0.33,0.39,nan,nan,nan,0.49,0.85,15.56,7.77,0.9,32.1,18.45
design_5364,0.46,0.76,0.49,nan,nan,nan,0.43,0.58,14.69,7.44,0.89,32.93,15.32
design_5365,0.56,0.81,0.76,nan,nan,nan,0.47,0.71,14.75,7.57,0.89,29.32,14.47
design_5366,0.44,0.7,0.5,nan,nan,nan,0.43,0.55,13.91,7.06,0.9,33.72,15.63
design_5367,0.58,0.79,0.45,nan,nan,nan,0.44,0.62,13.82,6.97,0.9,28.4,13.54
design_5368,0.49,0.92,1.75,nan,nan,nan,0.57,1.11,14.44,7.46,0.89,22.3,10.93
design_5369,0.49,1.02,1.68,nan,nan,nan,0.57,1.11,14.86,7.65,0.89,12.08,11.88
design_5370,0.51,0.89,1.99,nan,nan,nan,0.6,1.21,14.27,7.45,0.88,32.5,16.33
design_5371,0.52,0.89,1.71,nan,nan,nan,0.57,1.09,14.97,7.71,0.89,31.95,18.82
design_5372,0.59,0.95,1.77,nan,nan,nan,0.58,1.14,15.34,7.84,0.89,31.76,16.39
design_5373,0.51,1.04,1.11,nan,nan,nan,0.51,0.89,14.2,7.34,0.89,32.23,17.23
design_5374,0.6,0.86,1.55,nan,nan,nan,0.56,1.02,15.45,7.93,0.89,33.71,15.39
design_5375,0.51,0.99,1.9,nan,nan,nan,0.6,1.2,15.43,7.91,0.89,17.92,12.82
design_5376,0.67,1.05,3.36,nan,nan,nan,0.86,1.92,14.83,7.73,0.88,23.6,18.82
design_5377,0.5,0.99,2.81,nan,nan,nan,0.75,1.62,15.94,8.1,0.89,17.75,21.28
design_5378,0.57,0.92,3.97,nan,nan,nan,0.98,2.19,15.81,8.21,0.88,15.91,11.53
design_5379,0.6,1.02,1.78,nan,nan,nan,0.63,1.17,14.71,7.58,0.89,23.06,12.36
design_5380,0.63,0.86,2.44,nan,nan,nan,0.71,1.43,15.36,7.97,0.88,34.34,17.57
design_5381,0.5,1.02,2.28,nan,nan,nan,0.69,1.37,15.4,7.99,0.88,17.48,17.1
design_5382,0.57,0.84,2.41,nan,nan,nan,0.69,1.4,15.11,7.81,0.88,31.97,17.73
design_5383,0.56,0.92,2.19,nan,nan,nan,0.67,1.32,15.19,7.86,0.88,12.12,14.3
design_5384,0.71,0.6,0.78,nan,nan,nan,0.5,0.72,16.22,8.08,0.89,14.79,15.13
design_5385,0.59,0.81,0.68,nan,nan,nan,0.48,0.69,17.14,8.46,0.89,19.97,17.34
design_5386,0.56,0.84,0.66,nan,nan,nan,0.47,0.68,16.98,8.52,0.89,24.39,23.64
design_5387,0.49,0.92,0.89,nan,nan,nan,0.5,0.8,16.52,8.2,0.89,19.76,21.14
design_5388,0.54,0.52,0.63,nan,nan,nan,0.44,0.58,16.82,8.22,0.9,20.23,19.58
design_5389,0.5,0.93,0.87,nan,nan,nan,0.51,0.8,17.24,8.49,0.89,12.3,10.43
design_5390,0.73,1.12,2.79,nan,nan,nan,1.0,2.05,16.57,8.54,0.87,20.42,21.97
design_5391,0.54,0.76,0.59,nan,nan,nan,0.44,0.62,16.64,8.21,0.89,15.38,10.85
design_5392,0.78,0.74,1.41,nan,nan,nan,0.6,1.06,16.0,8.06,0.9,35.9,13.35
design_5393,0.84,0.8,1.43,nan,nan,nan,0.6,1.1,15.6,7.82,0.9,33.53,17.1
design_5394,0.88,0.81,1.5,nan,nan,nan,0.63,1.14,15.21,7.63,0.9,23.7,19.79
design_5395,0.71,0.79,1.51,nan,nan,nan,0.61,1.1,15.7,7.9,0.9,36.26,14.44
design_5396,0.71,0.79,1.36,nan,nan,nan,0.59,1.03,15.93,7.99,0.9,36.92,13.88
design_5397,0.89,0.8,1.56,nan,nan,nan,0.64,1.17,16.05,7.97,0.9,7.91,6.04
design_5398,0.78,0.75,1.4,nan,nan,nan,0.6,1.05,16.03,8.0,0.9,28.57,16.72
design_5399,0.9,0.79,1.67,nan,nan,nan,0.66,1.23,15.84,7.94,0.9,23.38,15.13
design_5400,0.6,0.61,0.55,nan,nan,nan,0.44,0.59,14.43,7.31,0.89,29.09,16.43
design_5401,0.7,0.53,3.37,nan,nan,nan,0.88,1.97,14.93,7.62,0.89,34.27,16.0
design_5402,0.66,0.72,1.25,nan,nan,nan,0.54,0.9,15.57,8.0,0.89,18.33,15.92
design_5403,0.83,0.59,3.36,nan,nan,nan,0.89,1.98,14.85,7.59,0.89,22.04,10.65
design_5404,0.65,0.72,0.63,nan,nan,nan,0.45,0.67,14.9,7.55,0.9,29.79,16.18
design_5405,0.63,0.65,0.69,nan,nan,nan,0.45,0.66,14.97,7.54,0.89,29.11,17.88
design_5406,0.64,0.69,0.53,nan,nan,nan,0.44,0.62,15.07,7.57,0.9,28.94,19.13
design_5407,0.71,0.65,0.77,nan,nan,nan,0.46,0.71,15.37,7.69,0.9,28.08,17.79
design_5408,0.66,0.81,3.25,nan,nan,nan,1.04,2.21,15.53,8.0,0.89,12.63,7.96
design_5409,0.8,0.78,3.46,nan,nan,nan,1.1,2.36,16.13,8.44,0.87,22.65,21.92
design_5410,0.5,0.81,4.92,nan,nan,nan,1.49,3.28,14.98,7.91,0.87,27.22,16.63
design_5411,0.39,0.82,3.94,nan,nan,nan,1.22,2.64,15.63,7.91,0.89,25.48,17.66
design_5412,0.89,0.72,3.64,nan,nan,nan,1.16,2.48,16.11,8.39,0.87,25.73,17.51
design_5413,0.53,0.74,4.75,nan,nan,nan,1.45,3.17,14.78,7.86,0.86,26.74,17.51
design_5414,0.75,0.73,3.32,nan,nan,nan,1.06,2.26,15.06,8.01,0.86,25.54,15.33
design_5415,0.45,0.69,1.9,nan,nan,nan,0.68,1.33,17.64,8.87,0.88,30.23,18.42
design_5416,0.55,0.63,1.01,nan,nan,nan,0.5,0.79,16.24,8.11,0.89,22.89,13.94
design_5417,0.49,0.68,1.17,nan,nan,nan,0.52,0.87,16.03,8.05,0.89,23.79,20.49
design_5418,0.65,0.68,1.39,nan,nan,nan,0.57,1.03,16.74,8.34,0.89,28.74,16.65
design_5419,0.49,0.68,1.09,nan,nan,nan,0.5,0.83,16.12,8.05,0.89,30.18,14.62
design_5420,0.5,0.65,1.4,nan,nan,nan,0.56,1.0,16.65,8.39,0.89,27.3,15.49
design_5421,0.47,0.69,1.6,nan,nan,nan,0.6,1.11,15.96,8.18,0.88,20.09,14.31
design_5422,0.41,0.65,0.89,nan,nan,nan,0.46,0.7,15.83,7.96,0.89,15.89,16.04
design_5423,0.58,0.66,1.85,nan,nan,nan,0.66,1.27,17.16,8.73,0.88,25.85,13.4
design_5424,0.58,0.72,0.75,nan,nan,nan,0.46,0.7,14.63,7.3,0.89,22.22,17.83
design_5425,0.69,0.59,0.61,nan,nan,nan,0.44,0.63,15.54,7.67,0.9,18.54,9.3
design_5426,0.43,0.55,0.82,nan,nan,nan,0.46,0.68,14.38,7.15,0.89,17.29,10.97
design_5427,0.51,0.71,0.84,nan,nan,nan,0.49,0.73,15.04,7.43,0.89,24.82,23.75
design_5428,0.59,0.62,0.7,nan,nan,nan,0.46,0.65,14.9,7.44,0.89,22.19,23.53
design_5429,0.45,0.55,0.66,nan,nan,nan,0.42,0.59,15.23,7.46,0.9,18.08,15.55
design_5430,0.56,0.57,0.9,nan,nan,nan,0.49,0.75,15.23,7.55,0.9,13.52,9.85
design_5431,0.51,0.63,0.68,nan,nan,nan,0.44,0.62,14.28,7.08,0.9,19.11,11.0
design_5432,0.92,1.25,1.77,nan,nan,nan,0.69,1.36,15.11,7.6,0.89,36.31,15.44
design_5433,0.63,0.84,1.48,nan,nan,nan,0.58,1.06,15.22,7.6,0.9,8.96,8.29
design_5434,0.46,0.76,1.39,nan,nan,nan,0.54,0.96,15.31,7.63,0.9,19.95,8.61
design_5435,0.48,0.92,1.54,nan,nan,nan,0.57,1.08,15.68,7.92,0.89,39.73,18.71
design_5436,0.46,0.77,1.49,nan,nan,nan,0.55,1.01,15.59,7.75,0.9,39.9,19.99
design_5437,0.54,0.85,1.59,nan,nan,nan,0.59,1.1,15.1,7.52,0.9,15.84,6.73
design_5438,0.42,0.89,2.01,nan,nan,nan,0.68,1.31,15.69,7.98,0.89,16.67,7.78
design_5439,0.7,1.06,1.72,nan,nan,nan,0.64,1.24,15.45,7.85,0.89,4.82,3.22
design_5440,0.49,0.53,2.89,nan,nan,nan,0.76,1.68,14.85,7.76,0.88,22.44,10.17
design_5441,0.48,0.37,2.68,nan,nan,nan,0.71,1.55,14.96,7.7,0.88,33.37,16.49
design_5442,0.64,0.39,2.82,nan,nan,nan,0.77,1.65,15.29,8.01,0.88,9.88,5.01
design_5443,0.87,0.6,2.86,nan,nan,nan,0.8,1.72,15.02,7.88,0.88,6.84,8.91
design_5444,0.78,0.31,2.89,nan,nan,nan,0.78,1.7,14.98,7.78,0.89,14.39,10.67
design_5445,0.53,0.52,2.64,nan,nan,nan,0.72,1.55,15.4,7.94,0.89,24.37,21.75
design_5446,0.56,0.34,2.9,nan,nan,nan,0.77,1.68,15.44,8.09,0.87,7.73,9.29
design_5447,0.7,0.29,2.97,nan,nan,nan,0.79,1.73,15.2,7.88,0.88,8.25,5.01
design_5448,0.6,0.65,1.96,nan,nan,nan,0.72,1.38,16.41,8.25,0.89,36.87,14.54
design_5449,0.65,0.6,2.62,nan,nan,nan,0.88,1.79,16.06,8.23,0.88,27.37,15.9
design_5450,0.77,0.68,2.39,nan,nan,nan,0.82,1.67,16.54,8.31,0.89,35.26,14.09
design_5451,0.66,0.65,2.02,nan,nan,nan,0.74,1.42,16.76,8.49,0.89,10.92,5.54
design_5452,0.83,0.62,2.8,nan,nan,nan,0.94,1.93,16.37,8.33,0.89,29.5,20.16
design_5453,0.62,0.62,1.83,nan,nan,nan,0.69,1.29,16.23,8.23,0.89,36.07,15.21
design_5454,0.7,0.52,3.94,nan,nan,nan,1.23,2.64,16.43,8.38,0.88,19.99,15.86
design_5455,0.6,0.62,1.76,nan,nan,nan,0.66,1.25,16.33,8.3,0.88,25.02,20.7
design_5456,0.59,0.49,1.17,nan,nan,nan,0.5,0.84,16.01,7.98,0.9,28.17,19.19
design_5457,0.61,0.52,0.86,nan,nan,nan,0.46,0.7,15.21,7.6,0.9,22.59,15.21
design_5458,1.51,1.28,0.72,nan,nan,nan,0.6,1.19,15.83,7.9,0.9,23.86,19.66
design_5459,0.57,0.48,1.6,nan,nan,nan,0.58,1.07,14.99,7.55,0.9,20.94,17.2
design_5460,0.87,0.52,0.91,nan,nan,nan,0.49,0.8,15.53,7.85,0.89,31.55,15.79
design_5461,0.82,0.51,0.9,nan,nan,nan,0.5,0.78,15.16,7.64,0.89,21.92,14.43
design_5462,0.54,0.51,0.75,nan,nan,nan,0.44,0.62,14.86,7.55,0.89,30.02,13.77
design_5463,0.61,0.46,0.89,nan,nan,nan,0.46,0.7,15.73,7.91,0.9,25.7,17.82
design_5464,0.91,0.72,1.03,nan,nan,nan,0.57,0.92,14.9,7.64,0.88,16.76,13.35
design_5465,0.89,0.8,1.75,nan,nan,nan,0.69,1.3,15.62,7.93,0.88,28.88,16.76
design_5466,0.86,0.78,0.83,nan,nan,nan,0.54,0.82,3.33,2.6,0.9,2.02,1.11
design_5467,0.79,0.73,1.11,nan,nan,nan,0.56,0.92,15.65,7.86,0.89,21.14,21.92
design_5468,0.62,0.65,1.51,nan,nan,nan,0.6,1.08,15.12,7.8,0.88,23.45,14.5
design_5469,0.82,0.75,1.34,nan,nan,nan,0.61,1.05,15.16,7.73,0.89,17.54,12.26
design_5470,0.8,0.69,0.74,nan,nan,nan,0.53,0.74,3.59,2.7,0.9,1.81,0.98
design_5471,0.98,0.83,1.51,nan,nan,nan,0.65,1.2,15.41,7.91,0.88,15.13,14.12
design_5472,1.03,0.35,1.03,nan,nan,nan,0.5,0.87,15.68,7.86,0.9,4.53,5.57
design_5473,0.85,0.31,1.11,nan,nan,nan,0.49,0.83,15.8,7.98,0.89,26.99,16.96
design_5474,0.62,0.48,1.19,nan,nan,nan,0.49,0.81,15.97,7.93,0.9,15.95,7.66
design_5475,1.12,0.35,1.15,nan,nan,nan,0.52,0.96,15.77,7.89,0.9,11.31,5.36
design_5476,0.98,0.31,1.16,nan,nan,nan,0.51,0.9,15.86,7.95,0.89,8.14,6.18
design_5477,0.98,1.04,1.89,nan,nan,nan,0.69,1.35,15.1,7.62,0.89,11.36,5.01
design_5478,0.76,0.55,1.15,nan,nan,nan,0.51,0.85,15.3,7.8,0.89,18.86,12.88
design_5479,0.79,0.47,1.18,nan,nan,nan,0.51,0.86,14.66,7.5,0.89,21.43,10.25
design_5480,0.5,0.91,1.16,nan,nan,nan,0.54,0.91,14.83,7.62,0.88,29.19,16.09
design_5481,0.49,0.88,1.29,nan,nan,nan,0.57,0.97,15.28,7.7,0.89,22.66,11.62
design_5482,0.46,0.8,1.23,nan,nan,nan,0.52,0.91,13.93,7.24,0.87,24.27,14.45
design_5483,0.53,0.87,1.37,nan,nan,nan,0.57,1.01,16.18,8.15,0.89,16.77,12.25
design_5484,0.82,0.78,0.99,nan,nan,nan,0.53,0.88,14.6,7.4,0.89,11.11,10.74
design_5485,0.66,0.94,1.02,nan,nan,nan,0.53,0.89,15.31,7.68,0.89,10.49,10.26
design_5486,0.4,0.93,1.25,nan,nan,nan,0.54,0.94,15.9,8.0,0.89,29.3,18.01
design_5487,0.75,0.95,1.18,nan,nan,nan,0.57,0.99,15.16,7.7,0.89,29.55,15.38
design_5488,0.56,0.84,1.21,nan,nan,nan,0.53,0.9,15.45,7.82,0.89,31.5,15.18
design_5489,0.7,0.83,0.9,nan,nan,nan,0.51,0.81,15.28,7.74,0.9,31.51,15.22
design_5490,0.57,0.8,1.01,nan,nan,nan,0.49,0.8,15.16,7.69,0.89,29.29,17.17
design_5491,0.57,0.71,0.93,nan,nan,nan,0.48,0.74,15.41,7.78,0.89,24.92,15.43
design_5492,0.76,0.82,1.1,nan,nan,nan,0.53,0.9,14.8,7.48,0.9,30.33,16.02
design_5493,0.78,0.91,1.16,nan,nan,nan,0.54,0.95,15.24,7.74,0.89,28.59,19.02
design_5494,0.76,0.85,0.85,nan,nan,nan,0.51,0.82,15.02,7.61,0.9,29.46,18.18
design_5495,1.2,0.54,1.01,nan,nan,nan,0.54,0.97,15.36,7.72,0.89,30.15,19.75
design_5496,0.7,0.73,1.08,nan,nan,nan,0.53,0.87,15.02,7.63,0.89,24.11,16.17
design_5497,0.55,0.6,1.39,nan,nan,nan,0.56,0.97,15.05,7.65,0.89,33.74,15.24
design_5498,0.65,0.65,1.45,nan,nan,nan,0.58,1.03,14.99,7.61,0.89,33.92,14.47
design_5499,0.69,0.63,1.91,nan,nan,nan,0.67,1.29,13.54,7.02,0.88,33.86,14.94
design_5500,0.72,0.56,1.24,nan,nan,nan,0.54,0.92,15.72,7.92,0.89,30.8,13.28
design_5501,0.59,0.69,1.22,nan,nan,nan,0.54,0.9,14.72,7.52,0.88,34.04,14.33
design_5502,0.59,0.62,0.95,nan,nan,nan,0.5,0.75,14.8,7.54,0.89,32.49,15.18
design_5503,0.61,0.67,1.44,nan,nan,nan,0.58,1.02,14.93,7.6,0.89,31.13,15.1
design_5504,0.8,0.69,2.92,nan,nan,nan,0.77,1.67,13.79,7.17,0.88,18.54,15.73
design_5505,1.0,0.66,1.03,nan,nan,nan,0.54,0.91,14.35,7.42,0.9,11.04,6.49
design_5506,0.89,0.68,1.09,nan,nan,nan,0.52,0.89,15.58,8.0,0.89,22.85,16.48
design_5507,0.9,0.64,1.82,nan,nan,nan,0.64,1.17,14.79,7.73,0.89,17.76,12.85
design_5508,0.83,0.65,1.28,nan,nan,nan,0.57,0.93,14.73,7.7,0.88,15.79,17.26
design_5509,0.95,0.51,1.88,nan,nan,nan,0.63,1.19,14.03,7.33,0.89,22.4,12.6
design_5510,0.64,0.59,1.05,nan,nan,nan,0.52,0.76,14.7,7.61,0.89,16.64,14.95
design_5511,0.66,0.67,1.89,nan,nan,nan,0.61,1.15,14.58,7.49,0.89,17.38,13.73
design_5512,0.46,0.9,1.1,nan,nan,nan,0.53,0.86,15.36,7.61,0.91,14.3,12.88
design_5513,0.44,0.79,1.57,nan,nan,nan,0.58,1.06,15.48,7.65,0.91,10.88,9.07
design_5514,0.47,0.88,1.98,nan,nan,nan,0.68,1.3,15.31,7.77,0.89,26.13,21.35
design_5515,0.57,1.05,2.53,nan,nan,nan,0.78,1.64,14.28,7.34,0.89,9.46,7.84
design_5516,0.5,0.86,1.6,nan,nan,nan,0.6,1.1,15.34,7.58,0.91,31.12,17.65
design_5517,0.49,0.81,1.46,nan,nan,nan,0.57,1.02,15.18,7.52,0.91,9.71,6.57
design_5518,0.51,0.99,2.68,nan,nan,nan,0.81,1.7,15.55,7.97,0.89,17.53,14.76
design_5519,0.51,0.98,2.68,nan,nan,nan,0.81,1.7,15.7,8.04,0.89,9.51,7.89
design_5520,0.67,0.56,0.63,nan,nan,nan,0.48,0.63,14.91,7.4,0.88,27.63,16.38
design_5521,0.63,0.59,0.64,nan,nan,nan,0.47,0.63,12.5,6.49,0.88,21.18,14.15
design_5522,0.78,0.53,0.67,nan,nan,nan,0.46,0.67,15.52,7.7,0.89,26.6,19.55
design_5523,0.56,0.59,0.76,nan,nan,nan,0.46,0.67,15.75,7.83,0.89,24.15,14.84
design_5524,0.57,0.57,0.63,nan,nan,nan,0.44,0.6,15.78,7.75,0.9,25.95,17.45
design_5525,0.68,0.69,0.69,nan,nan,nan,0.47,0.69,14.52,7.33,0.88,22.08,13.59
design_5526,0.66,0.59,0.61,nan,nan,nan,0.44,0.62,14.77,7.38,0.9,16.28,15.63
design_5527,0.65,0.77,0.62,nan,nan,nan,0.48,0.66,12.07,6.32,0.88,23.82,13.79
design_5528,0.56,0.86,1.03,nan,nan,nan,0.51,0.84,15.28,7.58,0.9,40.43,15.68
design_5529,0.58,1.01,1.06,nan,nan,nan,0.53,0.9,15.19,7.54,0.9,24.8,15.1
design_5530,0.78,0.98,1.1,nan,nan,nan,0.55,0.96,15.77,7.88,0.89,37.66,14.58
design_5531,0.57,0.82,1.15,nan,nan,nan,0.52,0.88,15.54,7.72,0.9,40.43,15.48
design_5532,0.67,0.57,1.35,nan,nan,nan,0.54,0.95,15.7,7.96,0.88,39.29,14.56
design_5533,0.87,0.88,1.13,nan,nan,nan,0.54,0.97,15.43,7.77,0.89,34.92,14.6
design_5534,0.42,0.85,1.14,nan,nan,nan,0.51,0.85,15.2,7.61,0.9,18.67,15.37
design_5535,0.68,0.91,1.0,nan,nan,nan,0.52,0.87,15.39,7.63,0.9,38.55,15.13
design_5536,0.65,0.9,1.56,nan,nan,nan,0.62,1.16,15.86,7.9,0.9,8.03,6.31
design_5537,0.49,0.68,1.53,nan,nan,nan,0.59,1.08,16.51,8.25,0.89,33.75,17.56
design_5538,0.51,0.87,1.44,nan,nan,nan,0.59,1.07,16.29,8.19,0.89,13.32,12.19
design_5539,0.66,0.81,1.75,nan,nan,nan,0.66,1.25,16.2,8.13,0.89,17.73,14.84
design_5540,0.68,0.88,1.57,nan,nan,nan,0.63,1.17,16.03,7.99,0.9,27.77,13.52
design_5541,0.69,0.87,1.86,nan,nan,nan,0.67,1.33,15.92,8.08,0.88,23.98,12.35
design_5542,0.53,0.84,1.4,nan,nan,nan,0.58,1.04,16.12,8.17,0.88,21.93,17.15
design_5543,0.82,0.99,1.82,nan,nan,nan,0.7,1.36,15.68,7.96,0.88,17.11,12.09
design_5544,0.51,1.07,1.57,nan,nan,nan,0.58,1.11,14.18,7.36,0.88,32.06,17.87
design_5545,0.56,1.08,1.17,nan,nan,nan,0.55,0.96,14.96,7.69,0.89,32.24,14.99
design_5546,0.89,1.14,1.44,nan,nan,nan,0.61,1.16,15.06,7.75,0.88,28.84,14.78
design_5547,0.55,1.04,1.24,nan,nan,nan,0.55,0.97,14.91,7.67,0.89,30.51,15.61
design_5548,0.6,1.16,1.48,nan,nan,nan,0.59,1.12,15.3,7.77,0.89,27.45,17.98
design_5549,0.54,1.18,1.42,nan,nan,nan,0.58,1.09,14.8,7.6,0.88,28.29,17.41
design_5550,0.96,1.23,1.68,nan,nan,nan,0.66,1.31,14.72,7.59,0.89,31.44,16.64
design_5551,0.63,1.05,1.5,nan,nan,nan,0.59,1.09,14.71,7.56,0.89,34.33,16.02
design_5552,0.82,0.47,2.8,nan,nan,nan,0.97,1.96,16.46,8.42,0.88,26.93,17.42
design_5553,0.97,0.52,3.92,nan,nan,nan,1.29,2.72,15.74,8.09,0.88,22.21,13.75
design_5554,0.86,0.63,3.0,nan,nan,nan,1.02,2.11,15.7,8.01,0.88,22.52,11.76
design_5555,1.15,0.62,3.32,nan,nan,nan,1.13,2.35,6.72,4.21,0.87,21.25,12.03
design_5556,0.85,0.51,3.14,nan,nan,nan,1.06,2.19,12.98,6.92,0.86,23.43,12.36
design_5557,0.64,0.54,2.87,nan,nan,nan,0.97,2.0,15.58,7.97,0.88,22.72,19.77
design_5558,0.99,0.42,3.17,nan,nan,nan,1.08,2.22,11.27,6.15,0.86,22.19,12.71
design_5559,0.85,0.39,3.98,nan,nan,nan,1.29,2.74,14.88,7.72,0.88,22.02,11.93
design_5560,0.61,1.14,2.27,nan,nan,nan,0.75,1.52,15.7,7.89,0.9,33.15,15.6
design_5561,0.6,1.31,2.21,nan,nan,nan,0.76,1.53,15.38,7.84,0.89,30.95,17.87
design_5562,0.59,1.33,2.01,nan,nan,nan,0.71,1.44,15.5,7.82,0.89,18.27,17.32
design_5563,0.48,1.19,2.5,nan,nan,nan,0.79,1.64,15.8,7.95,0.9,38.3,18.55
design_5564,0.59,1.29,2.44,nan,nan,nan,0.8,1.65,15.36,7.78,0.9,17.78,14.03
design_5565,0.59,1.14,1.48,nan,nan,nan,0.59,1.13,15.32,7.71,0.9,39.11,19.92
design_5566,0.56,1.33,2.04,nan,nan,nan,0.7,1.45,15.42,7.77,0.9,18.75,17.38
design_5567,0.64,1.29,2.28,nan,nan,nan,0.76,1.57,15.49,7.96,0.88,36.94,15.94
design_5568,0.65,1.13,0.86,nan,nan,nan,0.51,0.89,15.27,7.57,0.9,33.15,14.96
design_5569,0.63,1.15,0.9,nan,nan,nan,0.52,0.91,15.15,7.51,0.9,29.61,14.29
design_5570,0.62,1.04,0.96,nan,nan,nan,0.51,0.88,14.99,7.48,0.9,18.4,19.76
design_5571,0.62,1.07,0.93,nan,nan,nan,0.51,0.89,14.73,7.34,0.9,27.25,25.72
design_5572,0.49,0.74,0.56,nan,nan,nan,0.43,0.6,15.81,7.84,0.9,39.1,17.99
design_5573,0.64,1.08,0.81,nan,nan,nan,0.5,0.85,14.6,7.29,0.9,31.24,22.87
design_5574,0.69,1.12,0.74,nan,nan,nan,0.5,0.86,15.17,7.54,0.9,34.47,15.76
design_5575,0.72,1.07,0.86,nan,nan,nan,0.51,0.88,15.1,7.51,0.9,31.81,13.9
design_5576,0.86,0.8,2.36,nan,nan,nan,0.8,1.64,14.33,7.63,0.87,30.09,15.74
design_5577,0.35,0.63,2.23,nan,nan,nan,0.73,1.47,15.58,7.87,0.89,33.59,14.23
design_5578,0.57,0.73,2.1,nan,nan,nan,0.71,1.44,15.27,7.66,0.9,19.22,13.9
design_5579,0.72,0.67,2.3,nan,nan,nan,0.77,1.57,15.56,7.86,0.89,9.44,9.18
design_5580,0.76,0.75,2.89,nan,nan,nan,0.92,1.93,16.0,8.32,0.87,30.27,14.99
design_5581,0.51,0.62,2.22,nan,nan,nan,0.74,1.48,15.45,7.73,0.9,11.01,9.87
design_5582,0.74,0.66,2.26,nan,nan,nan,0.77,1.55,15.95,8.03,0.89,15.65,12.51
design_5583,0.54,0.73,2.3,nan,nan,nan,0.77,1.55,14.64,7.4,0.89,32.57,13.4
design_5584,0.55,0.88,0.93,nan,nan,nan,0.48,0.78,14.71,7.6,0.89,33.52,15.51
design_5585,0.54,0.79,1.66,nan,nan,nan,0.56,1.04,14.49,7.39,0.89,34.86,15.56
design_5586,0.43,0.95,1.69,nan,nan,nan,0.56,1.08,13.79,7.09,0.89,32.05,16.68
design_5587,0.53,0.97,1.68,nan,nan,nan,0.58,1.1,13.61,7.03,0.89,32.45,16.44
design_5588,0.48,0.87,1.44,nan,nan,nan,0.53,0.96,14.49,7.44,0.89,26.67,16.51
design_5589,0.46,0.91,1.59,nan,nan,nan,0.55,1.03,12.49,6.56,0.88,33.73,17.18
design_5590,0.42,0.84,0.82,nan,nan,nan,0.46,0.7,13.94,7.17,0.89,33.16,17.6
design_5591,0.52,0.78,1.68,nan,nan,nan,0.55,1.05,14.75,7.4,0.91,12.5,12.08
design_5592,0.4,0.8,0.91,nan,nan,nan,0.51,0.76,15.96,8.0,0.89,25.55,21.02
design_5593,0.37,0.84,0.92,nan,nan,nan,0.5,0.77,16.08,8.13,0.89,27.3,17.23
design_5594,0.38,0.76,0.8,nan,nan,nan,0.48,0.69,16.29,8.18,0.89,30.83,12.59
design_5595,0.4,0.85,1.18,nan,nan,nan,0.55,0.92,16.15,8.2,0.89,26.59,16.47
design_5596,0.36,0.78,0.74,nan,nan,nan,0.47,0.66,16.21,8.11,0.89,33.83,16.24
design_5597,0.4,0.83,0.56,nan,nan,nan,0.45,0.6,15.75,7.85,0.9,25.14,19.04
design_5598,0.35,0.85,0.38,nan,nan,nan,0.43,0.54,15.4,7.7,0.9,22.07,15.18
design_5599,0.41,0.88,0.49,nan,nan,nan,0.44,0.6,15.73,7.87,0.9,25.66,13.1
design_5600,0.4,0.75,0.93,nan,nan,nan,0.51,0.78,15.51,7.61,0.9,18.01,17.39
design_5601,0.4,0.64,0.97,nan,nan,nan,0.51,0.78,14.38,7.09,0.9,18.24,10.35
design_5602,0.79,0.55,1.03,nan,nan,nan,0.56,0.88,16.58,8.07,0.9,38.13,29.23
design_5603,0.7,0.62,1.05,nan,nan,nan,0.56,0.88,16.2,7.89,0.91,10.16,8.97
design_5604,0.75,0.62,0.81,nan,nan,nan,0.51,0.76,17.53,8.43,0.9,21.48,12.4
design_5605,0.78,0.66,1.0,nan,nan,nan,0.55,0.88,15.88,7.76,0.9,9.83,8.65
design_5606,0.55,0.51,0.8,nan,nan,nan,0.49,0.68,15.91,7.78,0.9,21.63,17.86
design_5607,0.55,0.53,0.99,nan,nan,nan,0.52,0.8,17.1,8.31,0.9,9.07,11.12
design_5608,0.54,0.61,0.74,nan,nan,nan,0.49,0.66,14.9,7.32,0.9,21.96,19.17
design_5609,0.47,0.59,0.77,nan,nan,nan,0.48,0.66,16.29,7.91,0.91,16.2,14.03
design_5610,0.63,0.57,0.63,nan,nan,nan,0.46,0.62,15.43,7.63,0.9,18.79,15.07
design_5611,0.56,0.61,0.7,nan,nan,nan,0.49,0.65,15.08,7.48,0.89,21.9,18.41
design_5612,0.55,0.59,0.81,nan,nan,nan,0.51,0.7,16.05,7.8,0.9,21.88,17.83
design_5613,0.61,0.46,0.78,nan,nan,nan,0.51,0.67,16.96,8.37,0.89,12.51,7.04
design_5614,0.51,0.53,0.64,nan,nan,nan,0.47,0.58,14.7,7.34,0.89,23.18,20.17
design_5615,0.55,0.64,0.7,nan,nan,nan,0.48,0.65,16.09,7.82,0.91,19.58,11.77
design_5616,0.82,0.88,1.94,nan,nan,nan,0.67,1.3,16.12,8.2,0.88,44.18,21.48
design_5617,1.21,1.05,1.6,nan,nan,nan,0.7,1.3,16.01,8.03,0.89,20.83,24.85
design_5618,1.19,1.05,1.37,nan,nan,nan,0.65,1.21,15.39,7.63,0.9,28.56,18.96
design_5619,1.34,1.03,2.45,nan,nan,nan,0.83,1.7,15.54,7.97,0.88,20.96,13.59
design_5620,1.11,0.87,1.13,nan,nan,nan,0.57,1.04,15.92,8.08,0.88,25.14,24.52
design_5621,0.89,0.75,1.95,nan,nan,nan,0.66,1.29,15.47,7.82,0.89,8.67,8.61
design_5622,0.82,1.02,2.59,nan,nan,nan,0.8,1.64,16.42,8.52,0.87,26.92,12.07
design_5623,1.23,0.83,1.26,nan,nan,nan,0.66,1.13,15.68,7.88,0.89,39.84,18.77
design_5624,0.5,0.45,4.41,nan,nan,nan,1.4,3.01,16.8,8.41,0.89,34.55,25.04
design_5625,0.64,0.53,4.38,nan,nan,nan,1.39,2.99,15.83,7.92,0.89,25.23,22.07
design_5626,0.74,0.66,2.83,nan,nan,nan,0.96,1.99,16.06,8.12,0.89,31.86,19.13
design_5627,0.42,0.47,4.28,nan,nan,nan,1.36,2.91,16.09,8.09,0.89,31.01,19.0
design_5628,0.57,0.57,3.2,nan,nan,nan,1.05,2.21,16.62,8.37,0.89,30.4,20.06
design_5629,0.57,0.57,4.61,nan,nan,nan,1.46,3.15,16.79,8.43,0.89,18.32,17.01
design_5630,0.67,0.28,3.5,nan,nan,nan,1.14,2.4,17.96,9.04,0.88,41.06,31.99
design_5631,0.6,0.53,3.46,nan,nan,nan,1.12,2.38,17.48,8.69,0.89,28.58,14.94
design_5632,0.4,1.26,2.04,nan,nan,nan,0.7,1.41,14.76,7.56,0.89,20.28,13.51
design_5633,0.6,1.27,1.89,nan,nan,nan,0.69,1.36,15.18,7.84,0.89,16.72,8.7
design_5634,0.41,1.23,1.92,nan,nan,nan,0.67,1.34,15.22,7.79,0.89,17.85,9.13
design_5635,0.51,1.23,2.29,nan,nan,nan,0.74,1.54,14.29,7.46,0.88,31.45,15.84
design_5636,0.66,1.34,1.72,nan,nan,nan,0.67,1.31,14.89,7.46,0.9,20.78,11.62
design_5637,0.64,1.22,1.56,nan,nan,nan,0.63,1.2,14.86,7.59,0.88,32.95,15.18
design_5638,0.57,1.29,2.05,nan,nan,nan,0.71,1.44,14.89,7.61,0.89,27.02,15.12
design_5639,0.48,1.2,2.19,nan,nan,nan,0.72,1.48,14.67,7.55,0.89,28.4,12.41
design_5640,0.4,0.99,1.02,nan,nan,nan,0.5,0.82,13.83,7.14,0.89,31.52,16.49
design_5641,0.39,0.86,0.61,nan,nan,nan,0.46,0.64,14.88,7.45,0.91,26.88,16.32
design_5642,0.5,1.0,1.17,nan,nan,nan,0.51,0.9,13.09,6.87,0.88,34.08,16.67
design_5643,1.02,1.03,1.27,nan,nan,nan,0.61,1.1,11.36,6.1,0.88,33.65,17.11
design_5644,0.53,0.97,0.88,nan,nan,nan,0.49,0.8,14.98,7.67,0.89,29.44,16.45
design_5645,0.49,0.95,1.27,nan,nan,nan,0.53,0.92,14.53,7.48,0.89,30.16,18.11
design_5646,0.52,0.91,0.74,nan,nan,nan,0.48,0.73,15.29,7.65,0.9,22.36,20.21
design_5647,0.5,0.9,1.26,nan,nan,nan,0.52,0.9,12.8,6.71,0.88,33.69,16.78
design_5648,0.76,0.69,0.64,nan,nan,nan,0.48,0.68,13.58,6.86,0.89,5.07,5.25
design_5649,0.59,0.81,0.83,nan,nan,nan,0.5,0.77,15.25,7.53,0.9,22.3,19.67
design_5650,0.75,0.73,0.75,nan,nan,nan,0.51,0.75,13.73,6.93,0.89,23.39,17.65
design_5651,0.7,0.72,0.78,nan,nan,nan,0.5,0.74,15.03,7.54,0.89,16.14,15.74
design_5652,0.44,0.7,0.71,nan,nan,nan,0.46,0.65,13.97,7.17,0.88,24.4,21.24
design_5653,0.58,0.83,0.67,nan,nan,nan,0.46,0.69,16.11,7.96,0.89,21.18,20.76
design_5654,0.77,0.7,0.87,nan,nan,nan,0.5,0.81,15.47,7.67,0.89,21.39,16.16
design_5655,0.74,0.65,0.78,nan,nan,nan,0.51,0.74,14.54,7.29,0.89,17.16,14.7
design_5656,0.93,0.98,1.75,nan,nan,nan,0.7,1.29,15.19,7.56,0.9,35.87,14.76
design_5657,0.96,1.02,1.77,nan,nan,nan,0.69,1.32,15.27,7.61,0.9,39.0,15.47
design_5658,0.43,0.52,1.24,nan,nan,nan,0.5,0.83,15.78,7.91,0.89,42.65,20.2
design_5659,0.46,0.52,1.08,nan,nan,nan,0.49,0.75,15.64,7.77,0.9,14.88,10.03
design_5660,0.55,0.62,1.04,nan,nan,nan,0.49,0.77,15.81,7.81,0.9,45.58,21.7
design_5661,0.93,1.06,1.76,nan,nan,nan,0.7,1.31,15.14,7.56,0.9,20.48,17.53
design_5662,0.94,1.07,1.69,nan,nan,nan,0.67,1.29,15.47,7.72,0.9,39.6,15.88
design_5663,0.84,1.16,2.1,nan,nan,nan,0.74,1.48,14.49,7.22,0.9,24.86,18.24
design_5664,0.32,0.79,0.53,nan,nan,nan,0.41,0.57,15.61,7.79,0.9,20.67,20.24
design_5665,0.44,0.77,0.87,nan,nan,nan,0.47,0.71,14.98,7.5,0.9,29.76,19.56
design_5666,0.38,0.69,1.1,nan,nan,nan,0.48,0.79,15.42,7.78,0.89,32.3,21.84
design_5667,0.42,0.72,0.85,nan,nan,nan,0.46,0.68,15.13,7.55,0.9,10.19,11.55
design_5668,0.35,0.78,1.04,nan,nan,nan,0.47,0.78,15.54,7.86,0.89,27.74,18.42
design_5669,0.48,0.77,0.89,nan,nan,nan,0.47,0.73,15.33,7.67,0.9,11.87,5.31
design_5670,0.55,0.77,0.91,nan,nan,nan,0.47,0.76,15.23,7.56,0.91,10.68,6.67
design_5671,0.38,0.73,0.98,nan,nan,nan,0.46,0.74,15.51,7.85,0.89,16.51,17.6
design_5672,0.56,0.43,3.67,nan,nan,nan,1.24,2.57,15.68,7.89,0.89,23.99,16.51
design_5673,0.64,0.47,3.53,nan,nan,nan,1.2,2.48,16.13,8.14,0.89,22.16,12.38
design_5674,0.58,0.46,3.54,nan,nan,nan,1.19,2.48,16.04,8.04,0.89,15.43,9.24
design_5675,0.74,0.54,0.85,nan,nan,nan,0.51,0.76,14.95,7.81,0.87,31.33,14.1
design_5676,0.64,0.37,3.34,nan,nan,nan,1.14,2.34,16.66,8.47,0.88,21.73,15.45
design_5677,0.59,0.5,1.12,nan,nan,nan,0.55,0.87,14.85,7.73,0.87,28.67,15.08
design_5678,0.6,0.51,3.7,nan,nan,nan,1.24,2.6,15.56,7.77,0.89,25.52,17.62
design_5679,0.51,0.42,3.43,nan,nan,nan,1.16,2.4,16.41,8.35,0.88,19.55,19.9
design_5680,0.77,1.03,1.48,nan,nan,nan,0.61,1.14,14.89,7.73,0.88,43.25,26.01
design_5681,0.91,1.05,2.19,nan,nan,nan,0.75,1.51,15.66,7.87,0.9,37.3,16.54
design_5682,0.96,1.09,1.79,nan,nan,nan,0.68,1.34,15.39,7.83,0.9,27.44,15.35
design_5683,0.7,1.26,2.56,nan,nan,nan,0.81,1.71,15.69,8.04,0.89,34.3,16.2
design_5684,0.58,1.15,2.47,nan,nan,nan,0.78,1.63,15.59,7.9,0.9,38.84,19.19
design_5685,0.92,1.07,1.51,nan,nan,nan,0.63,1.2,15.28,7.82,0.89,33.9,21.61
design_5686,1.02,1.04,1.92,nan,nan,nan,0.7,1.41,15.58,7.97,0.89,13.37,9.1
design_5687,0.61,0.9,1.51,nan,nan,nan,0.58,1.08,15.4,7.83,0.89,43.72,24.45
design_5688,0.78,0.41,3.13,nan,nan,nan,1.05,2.17,17.02,8.54,0.89,35.42,17.43
design_5689,0.87,0.45,4.63,nan,nan,nan,1.47,3.18,14.95,8.02,0.86,28.85,16.64
design_5690,0.72,0.43,5.33,nan,nan,nan,1.67,3.64,15.88,8.24,0.88,30.21,15.2
design_5691,0.65,0.47,4.7,nan,nan,nan,1.49,3.21,16.23,8.34,0.88,27.88,14.55
design_5692,0.85,0.43,4.84,nan,nan,nan,1.53,3.32,16.07,8.45,0.87,26.22,13.47
design_5693,0.99,0.46,4.94,nan,nan,nan,1.57,3.39,15.08,7.93,0.87,30.26,14.08
design_5694,0.59,0.53,4.66,nan,nan,nan,1.47,3.18,16.87,8.53,0.88,22.29,20.46
design_5695,0.79,0.44,3.05,nan,nan,nan,1.03,2.12,15.73,7.81,0.89,27.18,14.97
design_5696,0.24,1.19,1.04,nan,nan,nan,0.51,0.89,15.62,7.88,0.89,17.19,17.35
design_5697,0.49,1.2,0.94,nan,nan,nan,0.5,0.9,14.93,7.49,0.9,4.47,4.31
design_5698,0.55,1.22,0.93,nan,nan,nan,0.51,0.93,14.79,7.5,0.89,11.44,10.24
design_5699,0.43,1.2,1.02,nan,nan,nan,0.52,0.92,14.08,7.26,0.89,6.29,4.83
design_5700,0.71,1.31,0.94,nan,nan,nan,0.55,1.01,14.99,7.72,0.89,7.82,5.72
design_5701,0.32,1.17,1.18,nan,nan,nan,0.51,0.94,15.15,7.71,0.89,10.88,11.19
design_5702,0.29,1.24,1.23,nan,nan,nan,0.53,0.98,13.72,7.1,0.89,7.26,5.62
design_5703,0.57,1.22,1.04,nan,nan,nan,0.53,0.96,14.53,7.37,0.9,9.35,7.15
design_5704,0.81,0.78,1.3,nan,nan,nan,0.55,0.98,14.09,7.21,0.89,37.25,15.77
design_5705,0.81,0.73,1.31,nan,nan,nan,0.54,0.98,15.3,7.72,0.9,29.88,13.95
design_5706,0.63,0.69,1.01,nan,nan,nan,0.49,0.78,7.51,4.33,0.88,37.44,16.28
design_5707,0.54,0.58,1.17,nan,nan,nan,0.48,0.8,11.45,6.07,0.88,37.22,16.07
design_5708,0.69,0.64,1.29,nan,nan,nan,0.53,0.91,16.09,7.99,0.9,19.66,8.78
design_5709,0.64,0.72,1.24,nan,nan,nan,0.52,0.9,15.83,7.97,0.89,10.75,10.35
design_5710,0.71,0.73,1.29,nan,nan,nan,0.54,0.94,15.39,7.7,0.9,24.02,12.56
design_5711,0.63,0.79,1.38,nan,nan,nan,0.54,0.97,15.46,7.72,0.9,36.09,15.43
design_5712,0.93,1.11,2.04,nan,nan,nan,0.75,1.49,15.37,7.62,0.91,30.85,15.17
design_5713,0.89,0.97,2.05,nan,nan,nan,0.73,1.46,15.87,7.83,0.91,10.61,8.4
design_5714,0.9,1.0,1.9,nan,nan,nan,0.71,1.39,15.19,7.48,0.91,23.02,14.74
design_5715,0.95,0.96,0.93,nan,nan,nan,0.56,0.95,15.27,7.46,0.91,11.93,8.41
design_5716,0.83,0.91,1.78,nan,nan,nan,0.68,1.3,15.66,7.72,0.91,19.09,11.27
design_5717,0.73,0.92,1.73,nan,nan,nan,0.67,1.25,15.74,7.76,0.91,23.37,17.9
design_5718,0.84,1.01,1.25,nan,nan,nan,0.59,1.06,15.37,7.58,0.91,18.1,14.08
design_5719,0.82,0.96,1.09,nan,nan,nan,0.57,0.97,16.1,7.91,0.91,4.9,3.11
design_5720,0.72,0.71,1.57,nan,nan,nan,0.58,1.03,14.93,7.54,0.9,25.42,14.52
design_5721,0.74,0.91,2.74,nan,nan,nan,0.76,1.6,14.84,7.45,0.9,35.59,15.1
design_5722,0.64,0.97,2.61,nan,nan,nan,0.74,1.54,13.8,7.01,0.9,33.27,16.07
design_5723,0.73,0.83,2.78,nan,nan,nan,0.76,1.61,15.11,7.58,0.9,35.74,14.83
design_5724,0.7,0.87,2.72,nan,nan,nan,0.76,1.58,15.45,7.68,0.91,34.49,14.19
design_5725,0.67,0.79,2.77,nan,nan,nan,0.74,1.59,14.8,7.54,0.9,35.89,15.22
design_5726,0.69,0.81,1.5,nan,nan,nan,0.56,1.01,15.28,7.76,0.9,38.28,15.85
design_5727,0.83,0.83,2.76,nan,nan,nan,0.77,1.62,15.16,7.59,0.91,24.52,15.05
design_5728,0.56,0.68,1.87,nan,nan,nan,0.61,1.12,14.48,7.5,0.88,26.86,14.21
design_5729,0.66,0.81,1.88,nan,nan,nan,0.61,1.17,14.96,7.68,0.89,28.41,17.64
design_5730,0.49,0.78,1.86,nan,nan,nan,0.59,1.12,14.84,7.62,0.89,27.67,16.08
design_5731,0.47,0.85,1.64,nan,nan,nan,0.56,1.03,14.29,7.4,0.89,31.34,17.04
design_5732,0.66,0.75,2.21,nan,nan,nan,0.67,1.31,14.97,7.76,0.88,26.83,14.14
design_5733,0.5,0.78,2.25,nan,nan,nan,0.65,1.31,14.88,7.66,0.89,27.79,17.52
design_5734,0.65,0.95,2.53,nan,nan,nan,0.72,1.5,14.23,7.35,0.89,30.24,16.51
design_5735,0.61,0.91,1.51,nan,nan,nan,0.57,1.03,14.16,7.29,0.89,30.46,16.62
design_5736,0.59,0.87,0.82,nan,nan,nan,0.47,0.77,16.58,8.33,0.89,24.33,17.5
design_5737,0.44,0.8,1.02,nan,nan,nan,0.48,0.81,16.39,8.24,0.89,27.09,15.93
design_5738,0.49,0.73,0.73,nan,nan,nan,0.44,0.67,16.37,8.25,0.89,28.6,20.16
design_5739,0.43,0.74,0.91,nan,nan,nan,0.46,0.74,16.42,8.26,0.89,27.38,20.17
design_5740,0.48,0.82,0.92,nan,nan,nan,0.47,0.78,16.35,8.24,0.89,28.84,16.18
design_5741,1.39,0.34,0.95,nan,nan,nan,0.53,1.01,16.47,8.3,0.89,24.66,14.45
design_5742,0.4,0.76,0.97,nan,nan,nan,0.46,0.77,15.93,8.0,0.89,29.33,15.19
design_5743,0.41,0.74,0.82,nan,nan,nan,0.45,0.69,15.5,7.8,0.89,13.55,8.56
design_5744,0.59,0.82,1.12,nan,nan,nan,0.51,0.84,14.68,7.44,0.9,35.73,22.7
design_5745,0.55,1.03,1.01,nan,nan,nan,0.5,0.87,12.72,6.64,0.89,36.65,22.97
design_5746,0.52,0.89,1.03,nan,nan,nan,0.5,0.82,15.09,7.56,0.9,40.57,19.05
design_5747,0.6,0.89,1.01,nan,nan,nan,0.49,0.83,14.68,7.49,0.9,35.78,21.23
design_5748,0.61,0.98,1.55,nan,nan,nan,0.57,1.06,14.7,7.53,0.89,36.27,22.15
design_5749,0.51,0.96,1.02,nan,nan,nan,0.49,0.83,15.16,7.6,0.9,34.94,23.69
design_5750,0.52,0.93,0.98,nan,nan,nan,0.48,0.81,14.93,7.49,0.9,34.81,22.33
design_5751,0.59,0.9,1.04,nan,nan,nan,0.5,0.84,14.08,7.24,0.89,40.75,19.43
design_5752,0.58,0.59,0.52,nan,nan,nan,0.43,0.55,16.16,7.8,0.91,22.61,15.91
design_5753,0.64,0.7,0.43,nan,nan,nan,0.45,0.56,16.86,8.19,0.9,31.98,19.45
design_5754,0.75,0.53,0.46,nan,nan,nan,0.43,0.57,17.24,8.33,0.91,30.54,24.88
design_5755,0.74,0.7,0.47,nan,nan,nan,0.45,0.61,16.06,7.82,0.9,28.16,17.19
design_5756,0.55,0.65,0.5,nan,nan,nan,0.43,0.55,16.0,7.78,0.91,29.87,19.74
design_5757,0.83,0.68,0.49,nan,nan,nan,0.49,0.64,16.34,8.03,0.9,34.03,15.24
design_5758,0.57,0.59,0.48,nan,nan,nan,0.43,0.53,16.72,8.06,0.91,32.87,16.58
design_5759,0.57,0.65,0.46,nan,nan,nan,0.43,0.54,15.97,7.84,0.9,28.38,16.61
design_5760,0.68,0.77,0.8,nan,nan,nan,0.48,0.75,14.54,7.55,0.89,32.1,18.28
design_5761,0.65,0.77,0.89,nan,nan,nan,0.49,0.76,14.15,7.33,0.89,30.0,18.07
design_5762,0.66,0.62,0.82,nan,nan,nan,0.46,0.69,14.92,7.65,0.89,15.55,15.16
design_5763,0.8,0.72,0.81,nan,nan,nan,0.5,0.77,14.86,7.6,0.89,33.08,16.53
design_5764,0.71,0.76,1.14,nan,nan,nan,0.52,0.86,13.11,6.9,0.88,33.56,17.23
design_5765,0.58,0.82,0.64,nan,nan,nan,0.46,0.68,14.33,7.43,0.89,31.32,19.11
design_5766,0.63,0.64,1.11,nan,nan,nan,0.5,0.79,15.04,7.71,0.89,34.26,15.06
design_5767,0.78,0.7,0.85,nan,nan,nan,0.49,0.78,15.26,7.79,0.89,32.11,15.01
design_5768,0.49,0.51,1.32,nan,nan,nan,0.52,0.88,14.56,7.43,0.9,35.07,16.57
design_5769,0.61,0.65,1.19,nan,nan,nan,0.51,0.87,15.26,7.67,0.9,27.53,16.59
design_5770,0.5,0.58,1.33,nan,nan,nan,0.55,0.9,15.4,7.83,0.89,33.92,20.05
design_5771,0.5,0.68,1.19,nan,nan,nan,0.5,0.85,15.02,7.62,0.9,36.36,19.23
design_5772,0.62,0.54,1.45,nan,nan,nan,0.55,0.98,15.13,7.57,0.9,24.83,19.49
design_5773,0.56,0.62,1.16,nan,nan,nan,0.51,0.84,15.26,7.71,0.9,36.95,18.52
design_5774,0.57,0.69,1.37,nan,nan,nan,0.55,0.95,15.32,7.81,0.89,37.06,18.67
design_5775,0.56,0.67,1.26,nan,nan,nan,0.52,0.89,14.43,7.34,0.9,29.78,17.98
design_5776,0.65,0.47,2.27,nan,nan,nan,0.79,1.6,16.0,8.07,0.88,28.56,15.43
design_5777,0.82,0.72,2.21,nan,nan,nan,0.78,1.6,15.56,7.85,0.88,26.28,16.61
design_5778,0.63,0.36,6.0,nan,nan,nan,1.86,4.08,17.52,9.18,0.86,33.19,14.1
design_5779,0.52,0.47,3.46,nan,nan,nan,1.11,2.37,15.74,7.85,0.89,27.33,16.21
design_5780,0.71,0.45,3.4,nan,nan,nan,1.11,2.34,14.69,7.45,0.88,32.27,13.28
design_5781,0.66,0.34,3.85,nan,nan,nan,1.24,2.64,16.59,8.72,0.86,17.57,14.04
design_5782,0.64,0.36,1.9,nan,nan,nan,0.69,1.34,15.62,7.85,0.89,29.91,15.55
design_5783,0.59,0.46,3.47,nan,nan,nan,1.12,2.38,16.28,8.21,0.89,28.72,14.21
design_5784,0.4,0.79,1.2,nan,nan,nan,0.54,0.92,15.58,7.9,0.89,10.93,9.08
design_5785,0.36,0.79,0.84,nan,nan,nan,0.48,0.71,15.23,7.62,0.9,14.13,11.13
design_5786,0.38,0.72,1.62,nan,nan,nan,0.62,1.15,15.96,8.22,0.88,13.46,11.56
design_5787,0.41,0.65,1.2,nan,nan,nan,0.53,0.89,16.1,8.15,0.89,25.01,16.68
design_5788,0.35,0.73,1.07,nan,nan,nan,0.53,0.82,15.16,7.62,0.9,21.7,18.37
design_5789,0.4,0.81,2.72,nan,nan,nan,0.89,1.85,15.97,8.13,0.89,11.28,8.41
design_5790,0.42,0.64,0.75,nan,nan,nan,0.45,0.63,16.08,8.14,0.88,27.51,17.25
design_5791,0.33,0.71,0.63,nan,nan,nan,0.44,0.58,15.63,7.88,0.89,33.97,12.47
design_5792,0.6,0.92,2.32,nan,nan,nan,0.83,1.67,15.7,8.43,0.85,22.66,18.12
design_5793,0.58,0.7,2.48,nan,nan,nan,0.87,1.75,16.15,8.51,0.86,26.48,19.74
design_5794,0.48,0.66,2.38,nan,nan,nan,0.83,1.67,16.38,8.55,0.86,14.56,16.23
design_5795,0.49,0.62,2.45,nan,nan,nan,0.84,1.7,15.9,8.34,0.86,23.52,21.0
design_5796,0.45,0.45,2.34,nan,nan,nan,0.81,1.62,17.15,8.96,0.86,22.28,24.6
design_5797,0.52,0.61,2.43,nan,nan,nan,0.84,1.69,17.01,8.95,0.86,22.72,23.17
design_5798,0.57,0.67,2.63,nan,nan,nan,0.91,1.84,16.5,8.56,0.87,23.95,12.18
design_5799,0.82,0.88,2.27,nan,nan,nan,0.84,1.66,13.64,7.37,0.85,26.99,17.7
design_5800,0.71,1.23,0.79,nan,nan,nan,0.52,0.93,15.38,7.72,0.9,13.89,6.98
design_5801,0.57,1.07,0.81,nan,nan,nan,0.49,0.83,15.35,7.63,0.9,11.82,10.27
design_5802,0.72,1.2,0.7,nan,nan,nan,0.5,0.89,14.62,7.32,0.9,27.71,24.55
design_5803,0.62,1.18,1.0,nan,nan,nan,0.53,0.95,14.06,7.13,0.9,16.22,8.74
design_5804,0.62,1.12,0.59,nan,nan,nan,0.48,0.81,14.6,7.33,0.9,13.99,16.69
design_5805,0.67,1.19,1.2,nan,nan,nan,0.57,1.03,15.12,7.59,0.9,11.17,7.82
design_5806,0.59,1.15,0.87,nan,nan,nan,0.52,0.89,15.55,7.7,0.9,16.89,13.48
design_5807,0.57,1.07,0.73,nan,nan,nan,0.5,0.81,14.75,7.36,0.9,9.76,7.71
design_5808,0.77,0.72,0.56,nan,nan,nan,0.47,0.66,15.79,7.72,0.9,22.77,10.85
design_5809,0.74,0.77,0.65,nan,nan,nan,0.5,0.71,15.95,7.85,0.9,25.29,18.34
design_5810,0.81,0.81,0.56,nan,nan,nan,0.5,0.69,16.26,7.97,0.9,23.79,18.7
design_5811,0.66,0.75,0.8,nan,nan,nan,0.51,0.75,15.65,7.68,0.9,26.19,18.41
design_5812,0.66,0.71,0.84,nan,nan,nan,0.51,0.77,15.66,7.7,0.9,23.84,21.05
design_5813,0.43,0.72,0.51,nan,nan,nan,0.44,0.55,15.63,7.74,0.9,28.74,15.68
design_5814,0.57,0.7,0.64,nan,nan,nan,0.48,0.64,17.35,8.48,0.89,33.43,23.0
design_5815,0.77,0.67,0.57,nan,nan,nan,0.48,0.65,16.04,7.9,0.9,19.75,16.76
design_5816,0.57,0.86,0.77,nan,nan,nan,0.48,0.73,15.52,7.87,0.89,22.5,24.16
design_5817,0.53,0.93,0.74,nan,nan,nan,0.5,0.74,15.48,7.92,0.89,22.71,22.76
design_5818,0.57,0.97,0.88,nan,nan,nan,0.51,0.81,14.83,7.53,0.9,21.07,14.79
design_5819,0.54,0.9,0.97,nan,nan,nan,0.49,0.8,14.18,7.24,0.9,6.65,5.08
design_5820,0.54,0.91,0.99,nan,nan,nan,0.51,0.81,14.6,7.44,0.9,8.89,5.53
design_5821,0.58,0.96,1.0,nan,nan,nan,0.51,0.85,14.48,7.39,0.9,15.66,11.41
design_5822,0.57,0.93,0.75,nan,nan,nan,0.48,0.76,14.99,7.58,0.9,11.18,10.76
design_5823,0.58,0.98,0.89,nan,nan,nan,0.51,0.82,14.69,7.47,0.9,12.92,11.99
design_5824,0.54,0.36,4.1,nan,nan,nan,1.31,2.8,15.92,8.48,0.86,26.64,16.86
design_5825,0.67,0.39,4.61,nan,nan,nan,1.46,3.15,16.53,8.73,0.87,36.63,16.45
design_5826,0.9,0.38,3.9,nan,nan,nan,1.27,2.69,15.71,8.39,0.86,14.53,13.33
design_5827,0.65,0.37,4.39,nan,nan,nan,1.4,3.0,16.02,8.34,0.88,12.53,12.52
design_5828,0.62,0.28,9.93,nan,nan,nan,3.05,6.73,16.63,8.67,0.87,37.48,16.07
design_5829,0.72,0.44,4.15,nan,nan,nan,1.33,2.85,16.15,8.59,0.86,19.65,12.73
design_5830,0.63,0.34,9.99,nan,nan,nan,3.06,6.77,15.53,8.12,0.88,41.17,20.06
design_5831,0.66,0.42,4.18,nan,nan,nan,1.33,2.86,15.65,8.44,0.86,24.81,17.99
design_5832,0.62,0.77,0.53,nan,nan,nan,0.46,0.63,15.47,7.77,0.89,26.29,14.59
design_5833,0.58,0.72,0.64,nan,nan,nan,0.45,0.64,15.27,7.72,0.89,22.94,20.27
design_5834,0.57,0.75,0.77,nan,nan,nan,0.5,0.71,15.97,7.98,0.9,26.61,21.23
design_5835,0.66,0.75,0.57,nan,nan,nan,0.46,0.65,15.83,7.97,0.89,28.18,18.85
design_5836,0.64,0.78,0.91,nan,nan,nan,0.5,0.8,16.47,8.22,0.9,30.41,17.77
design_5837,0.61,0.74,0.67,nan,nan,nan,0.46,0.67,15.99,7.97,0.9,24.72,19.65
design_5838,0.66,0.67,0.46,nan,nan,nan,0.44,0.58,16.05,8.01,0.9,28.06,19.9
design_5839,0.54,0.75,0.93,nan,nan,nan,0.51,0.78,16.22,8.15,0.9,31.61,17.1
design_5840,0.64,0.69,0.78,nan,nan,nan,0.46,0.7,15.36,7.74,0.9,30.69,16.09
design_5841,0.58,0.6,0.74,nan,nan,nan,0.44,0.64,15.87,7.88,0.91,25.71,16.1
design_5842,0.69,0.61,0.84,nan,nan,nan,0.47,0.72,13.31,6.91,0.88,34.44,15.77
design_5843,0.7,0.66,0.8,nan,nan,nan,0.47,0.72,15.47,7.74,0.9,24.84,19.96
design_5844,0.64,0.68,0.75,nan,nan,nan,0.46,0.69,15.68,7.87,0.9,31.76,16.52
design_5845,0.59,0.66,0.87,nan,nan,nan,0.47,0.71,15.39,7.76,0.9,31.09,17.13
design_5846,0.62,0.5,0.83,nan,nan,nan,0.45,0.66,14.86,7.52,0.89,31.82,13.09
design_5847,0.57,0.6,0.72,nan,nan,nan,0.45,0.63,15.52,7.74,0.9,29.32,17.03
design_5848,0.61,1.0,0.74,nan,nan,nan,0.5,0.78,7.27,4.32,0.87,3.68,1.64
design_5849,0.43,0.97,1.05,nan,nan,nan,0.56,0.91,14.01,7.07,0.89,19.48,23.23
design_5850,0.56,0.97,0.88,nan,nan,nan,0.51,0.83,14.37,7.19,0.89,7.7,4.2
design_5851,0.58,0.83,1.21,nan,nan,nan,0.59,0.99,14.58,7.3,0.89,15.43,16.09
design_5852,0.68,1.0,1.09,nan,nan,nan,0.59,0.97,12.94,6.55,0.9,18.18,19.86
design_5853,0.65,0.89,1.09,nan,nan,nan,0.58,0.94,13.56,6.85,0.89,18.02,21.09
design_5854,0.58,1.03,1.07,nan,nan,nan,0.58,0.95,14.65,7.36,0.89,7.13,4.48
design_5855,0.78,0.94,1.47,nan,nan,nan,0.67,1.21,14.31,7.2,0.89,11.27,5.85
design_5856,0.78,0.79,0.93,nan,nan,nan,0.5,0.83,14.61,7.56,0.88,29.33,16.31
design_5857,0.67,0.68,1.16,nan,nan,nan,0.51,0.85,14.06,7.44,0.87,28.93,17.32
design_5858,0.84,0.66,1.15,nan,nan,nan,0.53,0.9,14.15,7.4,0.88,31.96,15.75
design_5859,0.47,0.58,0.9,nan,nan,nan,0.44,0.67,12.13,6.34,0.88,31.64,16.85
design_5860,0.73,0.69,1.28,nan,nan,nan,0.53,0.93,14.36,7.43,0.89,31.21,16.38
design_5861,0.84,0.7,1.25,nan,nan,nan,0.54,0.96,12.5,6.7,0.87,31.84,16.6
design_5862,0.77,0.63,1.39,nan,nan,nan,0.55,0.98,14.25,7.38,0.88,29.18,17.23
design_5863,0.53,0.64,0.89,nan,nan,nan,0.45,0.69,9.37,5.17,0.87,31.87,16.85
design_5864,0.46,0.65,0.99,nan,nan,nan,0.49,0.77,15.01,7.63,0.89,32.96,14.07
design_5865,0.61,0.55,0.89,nan,nan,nan,0.49,0.73,15.38,7.73,0.89,33.25,14.49
design_5866,0.49,0.57,0.85,nan,nan,nan,0.49,0.69,15.9,7.96,0.9,30.07,18.04
design_5867,0.49,0.63,0.88,nan,nan,nan,0.49,0.72,15.26,7.69,0.89,36.36,14.56
design_5868,0.43,0.65,0.93,nan,nan,nan,0.48,0.74,15.42,7.81,0.89,30.24,14.49
design_5869,0.49,0.64,0.84,nan,nan,nan,0.47,0.7,15.55,7.78,0.89,31.68,12.91
design_5870,0.48,0.62,0.83,nan,nan,nan,0.48,0.68,15.5,7.78,0.9,16.09,12.94
design_5871,0.47,0.54,0.85,nan,nan,nan,0.47,0.68,15.25,7.71,0.89,24.61,18.93
design_5872,0.48,0.85,3.54,nan,nan,nan,1.12,2.39,16.16,8.2,0.89,15.47,11.93
design_5873,0.3,0.84,2.62,nan,nan,nan,0.87,1.79,17.07,8.72,0.88,27.07,10.7
design_5874,0.44,0.73,2.5,nan,nan,nan,0.84,1.71,16.44,8.39,0.88,32.71,15.13
design_5875,0.37,0.84,2.81,nan,nan,nan,0.92,1.91,16.29,8.41,0.88,30.35,16.71
design_5876,0.44,0.76,2.65,nan,nan,nan,0.88,1.81,16.53,8.38,0.89,36.49,18.04
design_5877,0.25,0.69,2.63,nan,nan,nan,0.86,1.77,16.82,8.57,0.88,24.13,12.84
design_5878,0.3,0.73,2.72,nan,nan,nan,0.88,1.84,15.99,8.24,0.88,30.37,19.91
design_5879,0.46,0.91,3.04,nan,nan,nan,0.99,2.07,16.21,8.23,0.89,20.99,13.68
design_5880,0.36,0.64,0.95,nan,nan,nan,0.46,0.7,15.84,7.94,0.9,17.16,15.53
design_5881,0.45,0.72,0.95,nan,nan,nan,0.46,0.73,14.91,7.58,0.89,36.46,21.19
design_5882,0.42,0.76,1.11,nan,nan,nan,0.49,0.82,15.8,7.99,0.89,39.94,18.18
design_5883,0.83,0.94,0.95,nan,nan,nan,0.53,0.91,15.21,7.76,0.89,36.14,15.95
design_5884,0.43,0.69,1.65,nan,nan,nan,0.58,1.07,15.3,7.83,0.89,38.45,19.85
design_5885,0.37,0.65,1.14,nan,nan,nan,0.48,0.79,15.16,7.7,0.89,22.6,14.11
design_5886,0.9,1.0,1.28,nan,nan,nan,0.61,1.07,15.13,7.56,0.9,19.47,9.86
design_5887,0.41,0.59,1.43,nan,nan,nan,0.54,0.93,16.15,7.97,0.9,46.16,22.99
design_5888,0.56,0.66,0.79,nan,nan,nan,0.44,0.68,15.41,7.75,0.89,30.59,16.25
design_5889,0.53,0.69,0.84,nan,nan,nan,0.46,0.71,15.25,7.71,0.89,30.57,16.39
design_5890,0.75,0.7,0.88,nan,nan,nan,0.49,0.79,14.38,7.24,0.89,26.6,14.67
design_5891,0.6,0.72,0.84,nan,nan,nan,0.47,0.73,14.81,7.43,0.89,18.59,14.59
design_5892,0.52,0.73,1.22,nan,nan,nan,0.52,0.9,14.62,7.34,0.9,28.73,14.4
design_5893,0.56,0.71,1.01,nan,nan,nan,0.48,0.8,15.06,7.64,0.89,28.9,14.75
design_5894,0.62,0.67,0.94,nan,nan,nan,0.48,0.77,14.82,7.51,0.89,28.3,14.45
design_5895,0.45,0.68,0.86,nan,nan,nan,0.46,0.69,15.2,7.66,0.89,28.6,14.28
design_5896,0.57,0.62,2.45,nan,nan,nan,0.84,1.67,15.84,8.19,0.87,17.49,12.98
design_5897,0.56,0.74,2.7,nan,nan,nan,0.9,1.85,15.99,8.25,0.88,30.28,16.49
design_5898,0.6,0.75,2.89,nan,nan,nan,0.94,1.97,16.35,8.47,0.87,26.81,17.33
design_5899,0.7,0.65,1.85,nan,nan,nan,0.7,1.32,15.89,8.23,0.87,21.51,12.39
design_5900,0.73,0.73,3.18,nan,nan,nan,1.03,2.17,16.6,8.75,0.86,28.96,17.57
design_5901,0.76,0.61,2.47,nan,nan,nan,0.85,1.71,16.2,8.47,0.87,24.32,14.18
design_5902,0.76,0.71,2.92,nan,nan,nan,0.97,2.0,16.89,8.91,0.86,19.25,18.45
design_5903,0.83,0.78,3.88,nan,nan,nan,1.23,2.63,15.09,8.27,0.85,29.8,15.42
design_5904,0.94,0.61,2.84,nan,nan,nan,0.99,2.02,16.41,8.54,0.87,34.58,13.62
design_5905,0.59,0.45,2.26,nan,nan,nan,0.8,1.58,16.66,8.32,0.89,17.17,17.61
design_5906,0.9,0.55,2.08,nan,nan,nan,0.79,1.52,16.38,8.56,0.87,34.63,15.07
design_5907,0.89,0.49,2.36,nan,nan,nan,0.86,1.68,15.16,7.67,0.89,21.25,18.87
design_5908,0.93,0.52,2.91,nan,nan,nan,1.01,2.05,16.4,8.56,0.87,34.94,15.54
design_5909,1.07,0.44,4.09,nan,nan,nan,1.33,2.83,16.91,8.56,0.88,30.21,22.8
design_5910,1.42,0.46,2.6,nan,nan,nan,0.94,1.93,15.25,7.89,0.87,33.45,17.23
design_5911,0.71,0.48,2.19,nan,nan,nan,0.79,1.55,15.39,7.8,0.89,28.86,17.56
design_5912,0.55,0.91,0.82,nan,nan,nan,0.5,0.78,15.91,8.0,0.89,21.28,17.3
design_5913,0.68,1.03,1.08,nan,nan,nan,0.56,0.97,16.41,7.98,0.9,22.1,20.53
design_5914,0.7,0.87,1.0,nan,nan,nan,0.54,0.9,14.94,7.54,0.88,6.14,6.75
design_5915,0.68,0.73,0.95,nan,nan,nan,0.53,0.83,13.1,6.76,0.88,2.44,2.82
design_5916,0.65,0.83,0.82,nan,nan,nan,0.5,0.78,14.18,7.27,0.88,17.75,11.57
design_5917,0.28,0.97,0.98,nan,nan,nan,0.54,0.84,5.95,3.71,0.88,4.4,3.39
design_5918,0.34,0.87,1.04,nan,nan,nan,0.54,0.86,15.69,7.75,0.9,19.9,20.81
design_5919,0.55,0.91,0.93,nan,nan,nan,0.52,0.83,15.54,7.84,0.89,17.16,19.1
design_5920,0.61,0.54,2.25,nan,nan,nan,0.83,1.61,15.62,8.03,0.88,29.36,16.33
design_5921,0.93,0.64,3.57,nan,nan,nan,1.23,2.54,16.75,8.53,0.87,39.49,21.39
design_5922,0.69,0.63,2.84,nan,nan,nan,1.0,2.02,16.31,8.39,0.88,31.47,14.89
design_5923,0.74,0.81,3.15,nan,nan,nan,1.11,2.26,16.34,8.45,0.88,18.4,15.0
design_5924,0.76,0.68,3.25,nan,nan,nan,1.13,2.31,16.69,8.61,0.87,29.66,14.49
design_5925,0.66,0.61,3.51,nan,nan,nan,1.2,2.48,16.02,8.23,0.88,30.96,15.62
design_5926,0.59,0.65,2.6,nan,nan,nan,0.93,1.85,16.11,8.35,0.87,32.54,15.07
design_5927,0.75,0.72,2.15,nan,nan,nan,0.82,1.58,16.24,8.31,0.88,29.13,15.72
design_5928,0.49,0.79,2.27,nan,nan,nan,0.78,1.57,15.5,7.79,0.89,22.32,18.28
design_5929,0.45,0.74,1.34,nan,nan,nan,0.57,1.0,15.87,7.97,0.9,24.29,16.65
design_5930,0.52,0.7,2.19,nan,nan,nan,0.76,1.51,16.38,8.16,0.89,38.29,20.41
design_5931,0.46,0.76,1.26,nan,nan,nan,0.56,0.95,15.9,7.86,0.9,21.6,20.27
design_5932,0.58,0.8,2.39,nan,nan,nan,0.82,1.66,15.94,7.98,0.89,21.61,12.35
design_5933,0.52,0.83,2.48,nan,nan,nan,0.83,1.71,15.25,7.65,0.89,21.83,14.27
design_5934,0.52,0.86,2.3,nan,nan,nan,0.79,1.6,15.59,7.83,0.89,16.54,16.96
design_5935,0.47,0.83,2.6,nan,nan,nan,0.86,1.78,15.49,7.79,0.9,17.83,11.33
design_5936,0.67,0.59,2.32,nan,nan,nan,0.81,1.6,16.18,8.15,0.89,27.43,16.99
design_5937,0.84,0.65,4.4,nan,nan,nan,1.36,2.95,16.61,8.53,0.88,28.49,18.03
design_5938,0.85,0.67,3.2,nan,nan,nan,1.05,2.19,17.15,8.82,0.88,12.97,11.75
design_5939,0.44,0.72,1.33,nan,nan,nan,0.58,0.98,15.98,7.95,0.9,28.73,19.82
design_5940,0.8,0.64,3.76,nan,nan,nan,1.19,2.54,16.48,8.34,0.89,30.12,15.14
design_5941,0.6,0.6,2.0,nan,nan,nan,0.73,1.4,15.99,8.19,0.88,21.63,15.01
design_5942,0.67,0.66,1.79,nan,nan,nan,0.68,1.28,16.44,8.23,0.89,28.19,13.1
design_5943,0.6,0.64,1.88,nan,nan,nan,0.7,1.32,16.11,8.17,0.89,29.49,20.4
design_5944,0.54,0.57,0.53,nan,nan,nan,0.42,0.54,15.9,7.87,0.89,16.61,11.76
design_5945,0.7,0.55,0.48,nan,nan,nan,0.43,0.56,16.52,8.08,0.9,17.48,12.65
design_5946,0.68,0.6,0.6,nan,nan,nan,0.46,0.62,16.83,8.24,0.9,22.78,15.18
design_5947,0.76,0.67,0.6,nan,nan,nan,0.46,0.66,16.15,7.94,0.9,24.4,19.94
design_5948,0.8,0.65,0.58,nan,nan,nan,0.46,0.66,16.56,8.04,0.91,20.87,15.7
design_5949,0.71,0.66,0.66,nan,nan,nan,0.48,0.67,16.45,8.0,0.9,22.1,18.51
design_5950,0.67,0.42,0.47,nan,nan,nan,0.41,0.52,17.76,8.54,0.9,38.15,19.47
design_5951,0.56,0.66,0.46,nan,nan,nan,0.42,0.54,16.93,8.23,0.9,23.75,16.4
design_5952,0.66,1.04,1.83,nan,nan,nan,0.69,1.32,15.63,8.14,0.87,31.95,14.26
design_5953,0.55,1.05,2.02,nan,nan,nan,0.71,1.4,15.47,7.98,0.88,28.61,16.67
design_5954,0.8,1.06,1.85,nan,nan,nan,0.7,1.35,16.4,8.32,0.88,22.55,16.25
design_5955,0.65,1.04,1.73,nan,nan,nan,0.67,1.26,16.34,8.34,0.88,28.29,18.29
design_5956,0.91,1.03,2.52,nan,nan,nan,0.83,1.73,16.04,8.31,0.88,31.81,16.4
design_5957,0.5,1.13,2.17,nan,nan,nan,0.75,1.5,15.65,8.17,0.87,32.13,15.51
design_5958,0.86,0.96,4.13,nan,nan,nan,1.19,2.65,14.97,7.91,0.87,30.95,16.48
design_5959,0.45,0.9,2.11,nan,nan,nan,0.71,1.41,16.22,8.41,0.87,29.18,16.13
design_5960,0.64,0.6,0.58,nan,nan,nan,0.47,0.6,16.63,8.11,0.9,30.74,21.3
design_5961,0.66,0.62,0.57,nan,nan,nan,0.46,0.61,16.85,8.2,0.9,30.83,22.84
design_5962,0.61,0.5,0.55,nan,nan,nan,0.44,0.56,16.5,8.01,0.91,26.95,18.63
design_5963,0.83,0.7,0.51,nan,nan,nan,0.48,0.66,16.12,7.83,0.91,34.12,16.26
design_5964,0.62,0.66,0.63,nan,nan,nan,0.47,0.63,16.19,7.89,0.9,30.84,23.08
design_5965,0.56,0.56,0.53,nan,nan,nan,0.45,0.55,16.42,7.94,0.91,36.1,18.97
design_5966,0.63,0.58,0.55,nan,nan,nan,0.45,0.58,16.56,8.05,0.91,34.41,17.17
design_5967,0.6,0.61,0.49,nan,nan,nan,0.44,0.55,15.52,7.7,0.9,28.43,23.13
design_5968,0.55,0.87,0.74,nan,nan,nan,0.45,0.72,15.44,7.68,0.9,41.0,16.59
design_5969,0.35,0.78,1.02,nan,nan,nan,0.46,0.77,15.75,7.97,0.89,23.25,17.49
design_5970,0.47,0.62,1.01,nan,nan,nan,0.44,0.74,15.61,7.74,0.9,28.7,18.13
design_5971,0.45,0.74,1.14,nan,nan,nan,0.47,0.83,14.98,7.48,0.9,29.85,14.93
design_5972,0.59,0.76,0.61,nan,nan,nan,0.43,0.65,15.29,7.66,0.9,37.26,14.92
design_5973,0.48,0.56,0.97,nan,nan,nan,0.46,0.71,15.43,7.66,0.9,41.6,16.84
design_5974,0.35,0.82,0.96,nan,nan,nan,0.46,0.75,15.54,7.85,0.89,20.94,17.59
design_5975,0.5,0.85,0.75,nan,nan,nan,0.44,0.71,15.26,7.64,0.9,41.71,17.34
design_5976,0.86,0.84,2.45,nan,nan,nan,0.74,1.54,15.97,8.35,0.88,31.65,16.63
design_5977,0.69,0.72,1.28,nan,nan,nan,0.55,0.93,14.98,7.92,0.87,38.45,18.35
design_5978,0.75,0.84,2.78,nan,nan,nan,0.8,1.69,15.37,8.1,0.87,37.3,16.48
design_5979,0.78,0.49,1.8,nan,nan,nan,0.6,1.15,14.34,7.62,0.85,26.19,18.56
design_5980,0.62,0.8,1.38,nan,nan,nan,0.56,0.97,15.51,8.18,0.87,30.28,16.92
design_5981,0.73,0.74,1.5,nan,nan,nan,0.58,1.04,15.58,8.2,0.87,38.26,17.78
design_5982,0.64,0.7,1.94,nan,nan,nan,0.62,1.22,14.78,7.77,0.87,34.69,15.85
design_5983,0.72,0.76,2.88,nan,nan,nan,0.81,1.73,14.98,7.96,0.87,40.38,19.74
design_5984,0.65,0.76,1.81,nan,nan,nan,0.62,1.21,15.47,7.74,0.9,38.36,20.46
design_5985,0.74,0.74,1.7,nan,nan,nan,0.64,1.17,15.65,7.83,0.9,40.48,21.77
design_5986,0.71,0.5,1.69,nan,nan,nan,0.6,1.12,15.93,7.95,0.9,42.06,23.98
design_5987,0.6,0.78,1.8,nan,nan,nan,0.61,1.2,15.02,7.58,0.9,27.98,18.0
design_5988,0.81,0.7,1.63,nan,nan,nan,0.62,1.14,14.7,7.39,0.9,33.26,23.79
design_5989,0.75,0.77,1.68,nan,nan,nan,0.63,1.17,14.92,7.55,0.9,14.74,16.23
design_5990,0.69,0.74,1.54,nan,nan,nan,0.6,1.08,14.83,7.46,0.91,19.93,18.14
design_5991,0.67,0.68,1.79,nan,nan,nan,0.62,1.19,14.94,7.5,0.9,36.83,19.83
design_5992,0.54,0.88,1.67,nan,nan,nan,0.57,1.07,13.97,7.21,0.89,31.66,18.57
design_5993,0.61,0.77,1.23,nan,nan,nan,0.52,0.88,14.93,7.65,0.89,34.87,14.44
design_5994,0.61,0.63,2.04,nan,nan,nan,0.62,1.2,14.02,7.31,0.88,35.6,16.38
design_5995,0.5,0.98,1.39,nan,nan,nan,0.54,0.98,13.99,7.24,0.89,30.84,18.08
design_5996,0.7,0.78,1.56,nan,nan,nan,0.56,1.04,15.38,7.88,0.89,33.22,13.74
design_5997,0.64,0.72,1.97,nan,nan,nan,0.61,1.19,15.07,7.77,0.88,38.45,18.77
design_5998,0.68,0.73,1.82,nan,nan,nan,0.6,1.13,14.51,7.48,0.89,34.47,16.73
design_5999,0.64,0.81,1.56,nan,nan,nan,0.54,1.03,15.15,7.69,0.9,22.12,18.98
design_6000,0.67,0.89,2.62,nan,nan,nan,0.87,1.78,16.6,8.28,0.89,12.32,12.38
design_6001,0.92,0.81,2.56,nan,nan,nan,0.88,1.77,15.88,8.01,0.89,24.47,15.82
design_6002,0.5,0.89,1.77,nan,nan,nan,0.66,1.25,15.83,7.95,0.89,26.65,21.05
design_6003,0.47,0.68,2.14,nan,nan,nan,0.73,1.44,15.91,7.86,0.9,24.53,14.09
design_6004,0.68,0.78,2.76,nan,nan,nan,0.89,1.85,16.41,8.36,0.88,34.59,15.11
design_6005,0.86,0.8,2.49,nan,nan,nan,0.85,1.72,15.48,7.75,0.9,23.93,20.46
design_6006,0.68,0.82,2.58,nan,nan,nan,0.86,1.75,16.65,8.26,0.9,31.75,12.85
design_6007,0.81,0.86,2.77,nan,nan,nan,0.91,1.88,16.28,8.21,0.89,29.98,18.05
design_6008,0.88,0.62,4.37,nan,nan,nan,1.36,2.94,16.69,8.56,0.88,29.09,16.5
design_6009,0.62,0.7,3.2,nan,nan,nan,1.02,2.17,19.13,9.23,0.9,45.33,31.93
design_6010,0.85,0.66,4.11,nan,nan,nan,1.28,2.77,16.13,8.25,0.88,20.14,16.36
design_6011,0.75,0.76,3.28,nan,nan,nan,1.06,2.24,16.12,8.07,0.9,29.63,14.17
design_6012,0.8,0.62,3.33,nan,nan,nan,1.07,2.26,15.32,7.64,0.9,28.64,15.94
design_6013,0.7,0.73,3.12,nan,nan,nan,1.01,2.13,14.92,7.46,0.9,30.96,15.15
design_6014,0.73,0.7,2.84,nan,nan,nan,0.94,1.95,16.05,7.96,0.9,28.09,17.42
design_6015,0.64,0.81,2.37,nan,nan,nan,0.81,1.65,16.03,7.96,0.9,21.35,18.92
design_6016,0.71,0.64,0.51,nan,nan,nan,0.43,0.6,16.08,7.87,0.9,26.9,25.22
design_6017,0.68,0.62,0.6,nan,nan,nan,0.45,0.63,15.45,7.58,0.9,36.96,19.1
design_6018,0.67,0.63,0.46,nan,nan,nan,0.42,0.56,16.55,8.04,0.9,19.55,17.85
design_6019,0.75,0.54,0.53,nan,nan,nan,0.45,0.6,16.66,8.07,0.91,36.17,19.38
design_6020,0.67,0.65,0.5,nan,nan,nan,0.43,0.59,15.9,7.81,0.9,30.45,23.01
design_6021,0.64,0.61,0.57,nan,nan,nan,0.44,0.6,16.38,7.99,0.9,33.45,20.97
design_6022,0.74,0.59,0.55,nan,nan,nan,0.45,0.62,16.42,8.05,0.9,36.14,26.24
design_6023,0.61,0.69,0.5,nan,nan,nan,0.43,0.58,16.72,8.08,0.91,21.66,15.7
design_6024,0.43,0.75,3.13,nan,nan,nan,1.0,2.11,15.91,8.02,0.89,30.04,14.09
design_6025,0.47,0.79,2.0,nan,nan,nan,0.72,1.4,15.52,7.83,0.89,23.83,13.23
design_6026,0.39,0.8,0.85,nan,nan,nan,0.5,0.73,15.6,7.96,0.89,25.05,17.95
design_6027,0.44,0.83,1.02,nan,nan,nan,0.52,0.83,16.12,8.08,0.89,26.08,14.68
design_6028,0.46,0.82,3.24,nan,nan,nan,1.04,2.19,15.8,7.92,0.89,29.07,14.98
design_6029,0.44,0.81,1.18,nan,nan,nan,0.55,0.92,15.67,7.89,0.89,26.19,18.87
design_6030,0.48,0.95,2.23,nan,nan,nan,0.78,1.57,16.19,8.08,0.9,29.59,17.45
design_6031,0.53,0.81,1.63,nan,nan,nan,0.65,1.19,15.92,8.17,0.89,21.55,15.18
design_6032,0.65,0.36,3.33,nan,nan,nan,1.13,2.34,16.09,8.27,0.88,25.94,18.32
design_6033,0.62,0.39,1.56,nan,nan,nan,0.63,1.15,16.76,8.7,0.87,23.79,19.49
design_6034,0.57,0.33,3.14,nan,nan,nan,1.07,2.2,15.26,7.68,0.89,14.05,13.71
design_6035,0.61,0.38,3.54,nan,nan,nan,1.2,2.48,13.52,6.98,0.88,29.1,16.73
design_6036,0.47,0.28,3.34,nan,nan,nan,1.12,2.33,12.99,6.71,0.88,26.85,20.04
design_6037,0.49,0.28,3.44,nan,nan,nan,1.16,2.4,13.05,6.82,0.88,30.56,18.47
design_6038,0.53,0.34,3.47,nan,nan,nan,1.16,2.42,14.24,7.28,0.88,20.47,13.55
design_6039,0.51,0.28,3.31,nan,nan,nan,1.11,2.31,15.12,7.66,0.88,23.49,14.37
design_6040,0.31,0.67,2.4,nan,nan,nan,0.81,1.63,15.84,8.08,0.89,23.85,13.6
design_6041,0.44,0.69,2.36,nan,nan,nan,0.8,1.62,15.99,8.25,0.88,30.14,11.75
design_6042,0.38,0.49,2.1,nan,nan,nan,0.72,1.42,16.17,8.4,0.88,35.0,15.52
design_6043,0.39,0.66,2.53,nan,nan,nan,0.84,1.72,16.01,8.37,0.87,21.3,17.16
design_6044,0.82,0.74,2.32,nan,nan,nan,0.81,1.64,16.08,8.36,0.88,28.09,15.21
design_6045,0.35,0.58,2.47,nan,nan,nan,0.82,1.66,16.1,8.23,0.88,32.75,17.55
design_6046,0.45,0.52,2.53,nan,nan,nan,0.82,1.7,17.59,9.02,0.87,22.14,24.01
design_6047,0.6,0.68,2.3,nan,nan,nan,0.8,1.59,15.94,8.12,0.89,19.09,9.77
design_6048,0.58,0.58,0.79,nan,nan,nan,0.45,0.67,15.17,7.5,0.9,16.9,16.41
design_6049,0.51,0.47,0.84,nan,nan,nan,0.47,0.66,14.54,7.24,0.9,29.31,15.28
design_6050,0.57,0.59,0.77,nan,nan,nan,0.46,0.66,15.83,7.77,0.9,31.71,12.89
design_6051,0.47,0.52,0.95,nan,nan,nan,0.48,0.71,14.88,7.35,0.91,24.05,18.26
design_6052,0.54,0.69,0.79,nan,nan,nan,0.48,0.69,15.63,7.68,0.91,17.61,16.41
design_6053,0.51,0.62,4.03,nan,nan,nan,1.19,2.62,15.72,8.01,0.89,28.1,23.71
design_6054,0.75,0.48,0.76,nan,nan,nan,0.47,0.69,15.39,7.66,0.9,26.44,12.1
design_6055,0.53,0.66,0.78,nan,nan,nan,0.45,0.67,15.55,7.67,0.9,25.34,14.24
design_6056,0.35,0.4,1.29,nan,nan,nan,0.52,0.89,15.89,8.13,0.89,28.41,18.21
design_6057,0.41,0.41,1.23,nan,nan,nan,0.52,0.87,16.57,8.34,0.89,24.96,20.57
design_6058,0.47,0.53,4.9,nan,nan,nan,1.48,3.26,16.82,8.66,0.88,29.57,14.5
design_6059,0.37,0.41,1.07,nan,nan,nan,0.49,0.77,16.59,8.34,0.89,29.76,15.1
design_6060,0.53,0.53,4.87,nan,nan,nan,1.48,3.24,17.09,8.74,0.88,31.15,14.27
design_6061,0.44,0.42,1.41,nan,nan,nan,0.56,0.98,16.57,8.36,0.89,23.62,16.02
design_6062,0.61,0.5,6.09,nan,nan,nan,1.82,4.04,17.03,8.79,0.87,26.27,13.24
design_6063,0.45,0.33,1.23,nan,nan,nan,0.52,0.87,16.25,8.25,0.88,32.4,13.93
design_6064,0.74,0.67,3.56,nan,nan,nan,1.17,2.47,16.23,8.2,0.88,25.92,15.84
design_6065,0.53,0.8,3.74,nan,nan,nan,1.21,2.58,15.95,7.92,0.89,18.62,20.73
design_6066,0.76,0.75,2.85,nan,nan,nan,0.97,2.01,16.59,8.49,0.88,25.75,15.2
design_6067,0.59,0.65,3.91,nan,nan,nan,1.26,2.69,15.44,7.8,0.89,38.93,22.89
design_6068,0.84,0.73,3.93,nan,nan,nan,1.28,2.72,14.31,7.39,0.88,32.09,19.95
design_6069,0.6,0.73,2.53,nan,nan,nan,0.88,1.78,17.23,8.76,0.88,28.68,16.25
design_6070,0.64,0.8,3.91,nan,nan,nan,1.27,2.7,15.55,7.74,0.9,28.58,17.29
design_6071,0.79,0.81,3.58,nan,nan,nan,1.18,2.49,15.95,8.2,0.87,20.89,19.3
design_6072,0.77,0.56,1.89,nan,nan,nan,0.73,1.37,15.37,7.63,0.9,23.44,19.97
design_6073,0.9,0.57,1.8,nan,nan,nan,0.74,1.34,15.19,7.55,0.9,14.26,13.51
design_6074,0.72,0.42,2.02,nan,nan,nan,0.76,1.44,15.67,7.75,0.9,27.84,14.18
design_6075,0.77,0.53,1.76,nan,nan,nan,0.71,1.29,14.6,7.22,0.9,16.96,15.05
design_6076,0.57,0.51,1.76,nan,nan,nan,0.69,1.26,15.57,7.7,0.9,16.99,17.23
design_6077,0.92,0.4,3.22,nan,nan,nan,1.08,2.24,17.63,8.62,0.89,45.3,31.44
design_6078,0.83,0.63,3.5,nan,nan,nan,1.16,2.43,15.92,8.05,0.89,28.79,16.43
design_6079,0.76,0.49,1.77,nan,nan,nan,0.7,1.29,17.09,8.59,0.88,33.05,18.69
design_6080,0.64,0.7,2.57,nan,nan,nan,0.84,1.72,15.56,7.95,0.88,18.06,8.92
design_6081,0.92,0.84,6.03,nan,nan,nan,1.73,3.92,12.64,6.99,0.85,30.16,15.03
design_6082,1.27,0.74,6.32,nan,nan,nan,1.83,4.12,15.34,8.06,0.86,25.07,13.89
design_6083,1.09,0.86,6.15,nan,nan,nan,1.78,4.01,15.13,8.03,0.86,28.41,16.92
design_6084,0.85,0.88,6.15,nan,nan,nan,1.77,3.99,13.45,7.35,0.85,30.02,15.3
design_6085,0.58,0.8,5.84,nan,nan,nan,1.67,3.77,15.16,8.04,0.86,28.84,16.22
design_6086,0.99,0.88,6.18,nan,nan,nan,1.78,4.02,13.23,7.33,0.85,30.22,15.25
design_6087,0.77,0.69,5.66,nan,nan,nan,1.63,3.66,14.64,7.9,0.85,17.09,16.37
design_6088,0.52,0.72,1.43,nan,nan,nan,0.52,0.92,14.81,7.44,0.9,35.55,18.39
design_6089,0.47,0.81,1.4,nan,nan,nan,0.52,0.92,11.9,6.32,0.88,35.84,18.65
design_6090,1.34,0.53,1.32,nan,nan,nan,0.58,1.13,15.12,7.7,0.89,34.07,19.09
design_6091,0.46,0.76,1.47,nan,nan,nan,0.52,0.94,14.76,7.53,0.89,35.55,16.83
design_6092,0.55,0.9,1.38,nan,nan,nan,0.53,0.96,10.98,5.88,0.88,35.71,19.08
design_6093,1.2,0.81,1.36,nan,nan,nan,0.6,1.13,12.26,6.53,0.88,35.46,18.79
design_6094,0.52,0.76,1.22,nan,nan,nan,0.49,0.85,13.66,7.06,0.89,35.28,19.06
design_6095,0.52,0.75,1.4,nan,nan,nan,0.51,0.92,14.38,7.24,0.9,32.1,16.62
design_6096,0.42,0.87,0.97,nan,nan,nan,0.52,0.81,15.55,7.71,0.9,28.01,17.55
design_6097,0.46,0.83,1.15,nan,nan,nan,0.55,0.91,15.52,7.72,0.9,27.7,16.31
design_6098,0.4,0.84,0.96,nan,nan,nan,0.51,0.8,16.11,7.93,0.9,29.02,15.04
design_6099,0.49,0.94,0.8,nan,nan,nan,0.49,0.76,15.67,7.85,0.89,33.18,15.16
design_6100,0.41,0.94,0.81,nan,nan,nan,0.51,0.75,15.11,7.6,0.89,30.13,15.19
design_6101,0.42,0.89,0.86,nan,nan,nan,0.5,0.76,15.51,7.74,0.9,28.42,16.98
design_6102,0.45,0.96,0.75,nan,nan,nan,0.5,0.74,16.19,7.99,0.9,25.19,16.31
design_6103,0.44,0.9,0.86,nan,nan,nan,0.5,0.77,16.02,7.93,0.9,24.63,11.99
design_6104,1.01,0.66,4.59,nan,nan,nan,1.18,2.68,17.05,8.61,0.87,26.67,15.04
design_6105,0.97,0.63,4.18,nan,nan,nan,1.07,2.45,16.17,8.3,0.88,44.49,21.29
design_6106,1.06,0.74,4.45,nan,nan,nan,1.17,2.62,15.16,7.87,0.87,22.3,19.92
design_6107,0.64,0.98,1.93,nan,nan,nan,0.64,1.28,15.39,7.92,0.88,21.27,20.81
design_6108,1.09,0.93,1.27,nan,nan,nan,0.65,1.1,14.9,7.48,0.9,13.81,15.94
design_6109,1.03,0.67,4.51,nan,nan,nan,1.19,2.64,14.55,7.62,0.87,30.49,17.74
design_6110,1.16,0.76,4.42,nan,nan,nan,1.14,2.61,15.49,8.03,0.88,28.03,17.31
design_6111,0.96,0.84,0.65,nan,nan,nan,0.6,0.83,14.82,7.64,0.88,16.24,12.66
design_6112,0.44,0.76,1.73,nan,nan,nan,0.55,1.05,15.84,8.09,0.89,30.79,16.18
design_6113,0.58,0.71,1.68,nan,nan,nan,0.56,1.04,15.0,7.7,0.89,20.71,15.4
design_6114,0.59,0.88,2.14,nan,nan,nan,0.64,1.29,15.79,8.1,0.89,23.65,12.6
design_6115,0.55,0.73,1.0,nan,nan,nan,0.46,0.76,15.3,7.8,0.89,29.63,19.36
design_6116,0.84,0.88,0.95,nan,nan,nan,0.51,0.88,15.75,8.04,0.89,26.63,21.1
design_6117,0.52,0.79,0.97,nan,nan,nan,0.44,0.76,15.75,8.05,0.89,27.83,15.06
design_6118,0.64,0.85,1.86,nan,nan,nan,0.6,1.17,15.6,8.01,0.89,30.92,15.7
design_6119,0.76,0.86,1.0,nan,nan,nan,0.5,0.87,15.17,7.79,0.89,26.3,21.94
design_6120,0.43,0.82,0.84,nan,nan,nan,0.45,0.7,13.59,7.13,0.88,16.67,9.49
design_6121,0.44,0.76,3.52,nan,nan,nan,0.84,1.93,15.18,7.7,0.9,26.1,23.32
design_6122,0.48,0.68,0.99,nan,nan,nan,0.46,0.72,15.87,8.06,0.89,15.29,13.92
design_6123,0.58,0.59,1.91,nan,nan,nan,0.58,1.12,14.69,7.62,0.88,6.67,3.31
design_6124,0.43,0.57,1.26,nan,nan,nan,0.48,0.79,15.35,7.79,0.89,26.78,13.19
design_6125,0.42,0.65,3.54,nan,nan,nan,0.84,1.92,15.35,7.76,0.9,5.77,7.84
design_6126,0.39,0.68,3.48,nan,nan,nan,0.83,1.89,15.17,7.69,0.9,22.44,11.07
design_6127,0.49,0.62,1.22,nan,nan,nan,0.48,0.8,15.36,7.81,0.9,12.36,13.33
design_6128,0.79,1.55,1.55,nan,nan,nan,0.64,1.31,15.21,7.83,0.89,26.25,17.26
design_6129,0.71,1.53,1.73,nan,nan,nan,0.66,1.35,13.79,7.31,0.87,27.24,19.28
design_6130,0.7,1.5,1.2,nan,nan,nan,0.59,1.16,16.19,8.19,0.89,17.42,13.0
design_6131,0.61,1.41,1.12,nan,nan,nan,0.56,1.08,13.98,7.1,0.9,11.43,4.83
design_6132,0.75,1.5,1.72,nan,nan,nan,0.65,1.34,14.91,7.72,0.88,26.79,19.32
design_6133,0.52,1.5,1.52,nan,nan,nan,0.62,1.23,15.05,7.53,0.91,14.13,11.9
design_6134,0.58,1.43,1.69,nan,nan,nan,0.63,1.27,14.76,7.39,0.91,11.41,9.73
design_6135,0.79,1.53,1.27,nan,nan,nan,0.61,1.21,15.09,7.62,0.9,23.68,22.63
design_6136,0.84,0.63,2.85,nan,nan,nan,0.92,1.91,16.41,8.33,0.89,23.91,11.2
design_6137,0.73,0.61,2.52,nan,nan,nan,0.84,1.7,15.99,7.96,0.9,27.07,17.69
design_6138,0.71,0.72,2.46,nan,nan,nan,0.82,1.66,16.16,8.12,0.89,34.0,16.79
design_6139,0.5,0.71,2.38,nan,nan,nan,0.78,1.59,15.93,8.08,0.89,33.6,18.14
design_6140,0.49,0.54,2.09,nan,nan,nan,0.71,1.39,17.24,8.59,0.89,14.89,14.34
design_6141,0.51,0.6,3.43,nan,nan,nan,1.04,2.23,16.14,8.17,0.89,40.63,24.33
design_6142,0.45,0.56,2.0,nan,nan,nan,0.69,1.33,16.9,8.41,0.89,16.76,11.6
design_6143,0.71,0.73,2.33,nan,nan,nan,0.79,1.59,15.92,7.91,0.9,26.64,17.0
design_6144,0.49,0.83,0.78,nan,nan,nan,0.5,0.73,14.72,7.24,0.9,15.95,13.46
design_6145,0.52,0.86,0.67,nan,nan,nan,0.48,0.68,14.42,7.1,0.9,6.75,5.03
design_6146,0.5,0.94,0.68,nan,nan,nan,0.49,0.71,14.77,7.29,0.9,18.99,17.01
design_6147,0.51,0.8,0.85,nan,nan,nan,0.51,0.76,14.79,7.28,0.9,21.93,17.8
design_6148,0.52,0.9,0.71,nan,nan,nan,0.49,0.72,14.51,7.16,0.9,12.79,10.52
design_6149,0.48,0.88,0.69,nan,nan,nan,0.48,0.69,15.93,7.73,0.91,24.07,23.42
design_6150,0.61,0.92,0.69,nan,nan,nan,0.48,0.73,14.83,7.33,0.9,14.48,8.57
design_6151,0.47,0.9,0.76,nan,nan,nan,0.5,0.73,14.74,7.24,0.9,22.62,18.13
design_6152,0.5,0.84,0.73,nan,nan,nan,0.45,0.69,14.35,7.46,0.88,31.22,16.25
design_6153,0.37,0.62,1.09,nan,nan,nan,0.46,0.72,15.04,7.72,0.89,35.9,14.91
design_6154,0.59,0.92,0.97,nan,nan,nan,0.48,0.82,14.25,7.4,0.88,31.12,16.65
design_6155,0.53,0.88,0.9,nan,nan,nan,0.48,0.77,13.55,7.09,0.89,33.29,17.16
design_6156,0.46,0.82,1.16,nan,nan,nan,0.49,0.83,15.25,7.91,0.88,30.0,16.51
design_6157,0.56,0.77,0.92,nan,nan,nan,0.47,0.74,15.21,7.77,0.89,34.96,15.73
design_6158,0.48,0.82,0.77,nan,nan,nan,0.45,0.69,13.05,6.85,0.88,34.19,16.9
design_6159,0.54,0.77,0.83,nan,nan,nan,0.45,0.71,14.97,7.65,0.89,34.39,15.76
design_6160,0.5,1.0,1.59,nan,nan,nan,0.55,1.07,14.67,7.51,0.89,26.91,16.9
design_6161,0.51,0.91,0.99,nan,nan,nan,0.48,0.81,13.95,7.25,0.89,31.77,17.13
design_6162,0.43,0.93,1.61,nan,nan,nan,0.54,1.04,14.41,7.41,0.89,23.39,18.17
design_6163,0.39,0.97,1.65,nan,nan,nan,0.55,1.06,11.57,6.23,0.87,31.56,17.28
design_6164,0.4,0.91,1.64,nan,nan,nan,0.55,1.04,12.31,6.56,0.87,31.98,17.08
design_6165,0.41,0.92,1.67,nan,nan,nan,0.55,1.06,12.25,6.55,0.87,31.79,17.34
design_6166,0.69,0.84,1.56,nan,nan,nan,0.55,1.05,14.15,7.47,0.87,30.27,21.33
design_6167,0.48,0.94,0.93,nan,nan,nan,0.47,0.79,13.81,7.16,0.89,32.32,16.95
design_6168,0.78,0.85,2.26,nan,nan,nan,0.71,1.44,15.08,7.74,0.88,9.14,6.39
design_6169,0.91,0.94,1.28,nan,nan,nan,0.6,1.05,15.28,7.83,0.88,13.37,8.89
design_6170,0.62,0.86,1.48,nan,nan,nan,0.56,1.03,15.33,7.77,0.89,19.51,13.71
design_6171,0.73,0.77,1.58,nan,nan,nan,0.59,1.08,15.06,7.57,0.9,14.87,10.93
design_6172,0.76,0.91,1.57,nan,nan,nan,0.6,1.12,14.93,7.74,0.88,33.7,17.53
design_6173,0.76,0.88,1.84,nan,nan,nan,0.64,1.24,14.35,7.39,0.88,13.34,7.42
design_6174,0.81,0.99,1.48,nan,nan,nan,0.6,1.12,14.96,7.66,0.88,29.8,13.67
design_6175,0.79,0.74,1.78,nan,nan,nan,0.62,1.18,14.94,7.46,0.9,10.79,9.83
design_6176,0.55,1.0,0.93,nan,nan,nan,0.49,0.83,14.03,7.26,0.89,30.06,17.24
design_6177,0.71,0.86,1.35,nan,nan,nan,0.54,0.98,14.62,7.51,0.89,27.23,20.31
design_6178,0.64,0.9,0.86,nan,nan,nan,0.49,0.79,15.0,7.7,0.89,31.64,15.83
design_6179,0.58,0.84,1.24,nan,nan,nan,0.52,0.89,15.22,7.75,0.89,30.34,20.69
design_6180,0.74,0.81,1.29,nan,nan,nan,0.54,0.95,14.53,7.67,0.87,31.0,18.61
design_6181,0.61,0.92,1.12,nan,nan,nan,0.5,0.88,14.87,7.66,0.89,28.94,17.89
design_6182,0.91,0.88,1.29,nan,nan,nan,0.55,1.02,15.28,7.81,0.89,28.2,16.29
design_6183,0.68,0.83,0.96,nan,nan,nan,0.5,0.82,14.61,7.49,0.89,13.23,7.48
design_6184,0.59,0.64,1.14,nan,nan,nan,0.49,0.82,15.1,7.52,0.9,32.03,15.01
design_6185,0.66,0.74,1.16,nan,nan,nan,0.52,0.87,14.72,7.36,0.9,39.38,16.9
design_6186,0.41,0.71,0.92,nan,nan,nan,0.46,0.7,14.68,7.36,0.9,33.02,15.51
design_6187,0.59,0.67,1.01,nan,nan,nan,0.47,0.77,14.89,7.43,0.9,33.17,15.85
design_6188,0.59,0.7,1.04,nan,nan,nan,0.49,0.79,15.32,7.58,0.91,31.06,14.47
design_6189,0.56,0.66,1.06,nan,nan,nan,0.48,0.78,14.85,7.43,0.9,22.54,16.4
design_6190,0.58,0.8,0.97,nan,nan,nan,0.48,0.79,15.52,7.67,0.91,21.95,14.03
design_6191,0.58,0.64,0.89,nan,nan,nan,0.46,0.71,14.92,7.43,0.9,28.7,16.4
design_6192,0.74,0.73,1.21,nan,nan,nan,0.53,0.89,15.04,7.49,0.91,39.43,15.59
design_6193,0.98,0.63,1.07,nan,nan,nan,0.53,0.91,14.43,7.25,0.9,27.62,13.92
design_6194,0.88,0.73,1.25,nan,nan,nan,0.55,0.96,15.09,7.56,0.9,36.78,14.64
design_6195,0.5,0.72,1.06,nan,nan,nan,0.48,0.76,13.95,7.14,0.9,33.48,15.58
design_6196,0.71,0.78,1.02,nan,nan,nan,0.49,0.83,14.72,7.45,0.9,33.91,13.96
design_6197,1.06,0.78,1.14,nan,nan,nan,0.56,1.0,15.03,7.49,0.91,34.04,16.16
design_6198,0.82,0.64,1.17,nan,nan,nan,0.53,0.88,14.33,7.21,0.9,16.97,10.09
design_6199,0.72,0.74,1.13,nan,nan,nan,0.51,0.86,14.23,7.14,0.91,28.65,12.81
design_6200,0.72,0.63,1.13,nan,nan,nan,0.52,0.89,16.19,8.37,0.87,17.75,19.9
design_6201,0.38,0.5,0.8,nan,nan,nan,0.44,0.61,15.4,7.82,0.88,19.76,20.6
design_6202,0.66,0.68,0.97,nan,nan,nan,0.48,0.8,15.99,8.29,0.87,26.92,15.69
design_6203,0.58,0.64,1.22,nan,nan,nan,0.54,0.91,15.73,8.01,0.88,21.74,10.41
design_6204,0.52,0.63,1.05,nan,nan,nan,0.48,0.8,14.86,7.76,0.86,27.26,15.9
design_6205,0.47,0.66,0.96,nan,nan,nan,0.48,0.75,16.02,8.22,0.87,21.67,21.32
design_6206,0.58,0.65,1.54,nan,nan,nan,0.59,1.09,15.68,8.16,0.87,27.25,17.38
design_6207,0.88,0.73,1.24,nan,nan,nan,0.56,1.01,15.48,8.04,0.86,10.6,10.66
design_6208,0.7,0.69,4.01,nan,nan,nan,1.34,2.82,16.7,8.56,0.88,19.31,13.59
design_6209,0.81,0.68,4.01,nan,nan,nan,1.35,2.83,16.58,8.54,0.87,32.86,14.61
design_6210,0.75,0.78,4.01,nan,nan,nan,1.35,2.83,16.27,8.36,0.88,20.21,13.3
design_6211,0.74,0.58,2.66,nan,nan,nan,0.96,1.9,17.13,8.89,0.86,32.39,12.71
design_6212,0.8,0.62,3.58,nan,nan,nan,1.22,2.53,16.65,8.32,0.87,38.19,25.85
design_6213,0.81,0.52,2.68,nan,nan,nan,0.97,1.92,15.77,7.89,0.89,29.46,15.32
design_6214,0.87,0.71,3.96,nan,nan,nan,1.34,2.81,15.89,8.28,0.87,32.56,14.95
design_6215,0.7,0.78,3.9,nan,nan,nan,1.31,2.75,17.07,8.97,0.85,26.28,20.61
design_6216,0.67,0.6,3.28,nan,nan,nan,1.08,2.27,17.47,9.08,0.87,23.01,15.19
design_6217,0.64,0.62,2.16,nan,nan,nan,0.77,1.54,15.91,8.0,0.89,27.09,14.43
design_6218,0.63,0.68,2.09,nan,nan,nan,0.76,1.5,15.71,7.87,0.89,24.63,19.0
design_6219,0.83,0.65,3.14,nan,nan,nan,1.06,2.2,17.14,8.85,0.87,28.93,14.65
design_6220,0.92,0.73,3.6,nan,nan,nan,1.19,2.51,15.89,8.5,0.86,30.46,14.61
design_6221,0.83,0.82,2.09,nan,nan,nan,0.78,1.54,15.83,8.05,0.88,24.72,17.95
design_6222,0.76,0.46,3.02,nan,nan,nan,1.02,2.1,15.65,7.97,0.88,32.4,19.63
design_6223,0.85,0.69,2.34,nan,nan,nan,0.84,1.69,13.88,7.29,0.87,29.76,15.0
design_6224,0.75,0.63,0.86,nan,nan,nan,0.52,0.76,15.63,7.84,0.9,22.0,16.23
design_6225,0.6,0.54,0.93,nan,nan,nan,0.5,0.73,16.16,8.09,0.9,31.73,15.54
design_6226,0.66,0.64,0.74,nan,nan,nan,0.49,0.69,15.59,7.8,0.9,28.93,15.16
design_6227,0.62,0.51,0.67,nan,nan,nan,0.47,0.61,15.98,7.94,0.91,28.79,17.69
design_6228,0.69,0.66,1.36,nan,nan,nan,0.57,0.99,15.58,7.93,0.89,34.81,15.11
design_6229,0.78,0.61,0.81,nan,nan,nan,0.51,0.75,15.95,7.94,0.9,11.88,9.84
design_6230,0.72,0.59,0.93,nan,nan,nan,0.51,0.78,16.12,8.07,0.9,21.81,17.23
design_6231,0.48,0.56,1.02,nan,nan,nan,0.51,0.75,15.51,7.81,0.9,25.64,17.78
design_6232,0.6,0.75,1.49,nan,nan,nan,0.53,0.97,14.84,7.6,0.9,34.03,15.94
design_6233,0.56,0.81,1.54,nan,nan,nan,0.55,1.0,14.4,7.43,0.89,36.26,17.74
design_6234,0.58,0.77,1.44,nan,nan,nan,0.53,0.95,14.99,7.67,0.89,36.73,17.63
design_6235,0.54,0.83,1.53,nan,nan,nan,0.54,1.0,14.87,7.59,0.89,34.54,17.17
design_6236,0.64,0.71,1.47,nan,nan,nan,0.53,0.96,14.69,7.57,0.89,36.37,16.86
design_6237,0.75,0.71,1.65,nan,nan,nan,0.57,1.07,13.72,7.0,0.9,33.94,19.55
design_6238,0.68,0.75,1.8,nan,nan,nan,0.58,1.13,14.67,7.58,0.89,35.02,20.47
design_6239,0.66,0.71,1.49,nan,nan,nan,0.52,0.97,14.77,7.56,0.89,28.58,28.73
design_6240,0.75,0.77,4.85,nan,nan,nan,1.6,3.41,15.49,8.27,0.85,27.58,17.01
design_6241,0.6,0.79,3.89,nan,nan,nan,1.31,2.74,16.02,8.27,0.87,13.61,11.46
design_6242,0.64,0.78,3.92,nan,nan,nan,1.31,2.77,16.6,8.74,0.86,26.04,17.7
design_6243,0.63,0.61,3.91,nan,nan,nan,1.31,2.74,16.87,8.64,0.87,36.25,16.92
design_6244,0.57,0.76,3.16,nan,nan,nan,1.09,2.24,15.91,8.31,0.86,18.1,14.67
design_6245,0.64,0.82,4.92,nan,nan,nan,1.61,3.45,16.2,8.4,0.87,25.74,19.37
design_6246,0.64,0.7,3.71,nan,nan,nan,1.25,2.62,16.39,8.46,0.88,26.87,17.82
design_6247,0.68,0.7,2.62,nan,nan,nan,0.94,1.88,15.67,8.22,0.86,7.53,6.79
design_6248,0.67,0.89,1.05,nan,nan,nan,0.5,0.86,15.43,7.92,0.89,35.93,15.87
design_6249,0.56,0.88,2.1,nan,nan,nan,0.63,1.27,12.03,6.55,0.86,36.36,18.1
design_6250,0.64,0.96,1.12,nan,nan,nan,0.52,0.9,14.34,7.49,0.88,35.84,17.62
design_6251,0.58,0.76,1.35,nan,nan,nan,0.53,0.91,14.65,7.57,0.89,34.45,19.22
design_6252,0.52,0.92,3.21,nan,nan,nan,0.81,1.81,15.1,7.76,0.88,27.68,16.31
design_6253,0.75,0.75,1.3,nan,nan,nan,0.54,0.94,14.11,7.35,0.88,32.08,14.53
design_6254,0.62,0.85,1.9,nan,nan,nan,0.6,1.18,14.53,7.61,0.87,34.58,16.96
design_6255,0.55,0.8,1.49,nan,nan,nan,0.54,0.97,15.06,7.69,0.89,35.9,15.84
design_6256,0.43,0.54,2.78,nan,nan,nan,0.92,1.87,15.81,8.1,0.89,26.52,21.75
design_6257,0.38,0.45,2.82,nan,nan,nan,0.92,1.89,16.53,8.38,0.89,27.9,13.84
design_6258,0.46,0.4,2.71,nan,nan,nan,0.9,1.82,16.23,8.33,0.88,27.92,20.51
design_6259,0.45,0.56,3.38,nan,nan,nan,1.08,2.26,15.92,8.13,0.89,14.64,11.31
design_6260,0.55,0.38,3.0,nan,nan,nan,0.97,2.01,16.07,8.32,0.87,23.9,15.9
design_6261,0.35,0.36,3.09,nan,nan,nan,0.99,2.05,15.82,8.08,0.89,11.99,7.7
design_6262,0.46,0.57,4.09,nan,nan,nan,1.27,2.72,15.3,7.59,0.9,17.48,8.3
design_6263,0.42,0.37,2.37,nan,nan,nan,0.8,1.59,16.21,8.35,0.88,23.39,16.04
design_6264,0.59,0.76,0.93,nan,nan,nan,0.49,0.8,16.64,8.46,0.88,21.41,11.27
design_6265,0.69,0.69,2.24,nan,nan,nan,0.8,1.6,14.17,7.41,0.88,28.84,15.82
design_6266,0.55,0.79,0.89,nan,nan,nan,0.49,0.78,15.89,8.1,0.89,31.15,14.32
design_6267,0.56,0.48,3.32,nan,nan,nan,1.09,2.28,15.71,7.92,0.89,31.88,13.79
design_6268,0.59,0.81,7.69,nan,nan,nan,2.37,5.23,16.15,8.3,0.88,34.04,14.05
design_6269,0.56,0.64,7.31,nan,nan,nan,2.26,4.97,16.85,8.82,0.87,25.4,13.42
design_6270,0.7,0.8,2.21,nan,nan,nan,0.79,1.59,12.67,6.73,0.87,30.04,16.04
design_6271,0.63,0.67,0.76,nan,nan,nan,0.48,0.7,16.41,8.43,0.88,25.79,16.11
design_6272,0.53,0.6,3.15,nan,nan,nan,1.05,2.17,14.5,7.56,0.87,24.3,19.43
design_6273,0.49,0.75,2.56,nan,nan,nan,0.89,1.79,14.6,7.6,0.87,21.73,18.35
design_6274,0.47,0.69,2.89,nan,nan,nan,0.97,2.0,15.23,7.85,0.87,23.7,22.61
design_6275,0.51,0.62,2.81,nan,nan,nan,0.96,1.95,15.54,7.99,0.88,24.78,20.11
design_6276,0.44,0.68,2.99,nan,nan,nan,1.0,2.07,15.18,7.84,0.87,23.17,22.76
design_6277,0.61,0.74,3.15,nan,nan,nan,1.06,2.19,15.76,8.1,0.88,25.71,20.49
design_6278,0.44,0.71,2.68,nan,nan,nan,0.92,1.86,15.14,7.86,0.87,23.63,19.46
design_6279,0.55,0.8,2.87,nan,nan,nan,0.97,2.01,14.92,7.78,0.87,24.62,19.34
design_6280,0.76,1.08,1.14,nan,nan,nan,0.56,0.99,14.01,7.33,0.88,23.87,18.42
design_6281,0.6,0.99,1.5,nan,nan,nan,0.6,1.04,14.65,7.51,0.89,16.05,7.98
design_6282,0.7,1.02,1.58,nan,nan,nan,0.59,1.11,14.6,7.61,0.88,12.22,9.93
design_6283,0.75,1.06,1.29,nan,nan,nan,0.57,1.03,13.86,7.25,0.89,21.07,19.4
design_6284,0.6,1.01,1.52,nan,nan,nan,0.6,1.06,14.3,7.4,0.88,18.39,16.29
design_6285,0.58,1.0,1.58,nan,nan,nan,0.6,1.07,15.07,7.79,0.88,12.2,11.3
design_6286,0.75,0.98,1.74,nan,nan,nan,0.63,1.17,14.19,7.42,0.88,13.42,12.72
design_6287,0.71,1.02,1.09,nan,nan,nan,0.55,0.93,14.08,7.26,0.89,11.1,7.36
design_6288,0.66,1.32,1.24,nan,nan,nan,0.62,1.13,14.05,7.21,0.88,17.29,16.99
design_6289,0.59,1.11,1.09,nan,nan,nan,0.58,0.98,14.52,7.5,0.88,19.08,17.98
design_6290,0.58,1.1,4.18,nan,nan,nan,1.35,2.9,18.39,9.56,0.86,33.23,19.82
design_6291,0.71,1.26,1.1,nan,nan,nan,0.6,1.05,14.96,7.62,0.89,10.24,7.89
design_6292,0.44,1.18,9.5,nan,nan,nan,2.92,6.46,15.07,8.08,0.86,22.11,13.05
design_6293,0.7,1.13,7.88,nan,nan,nan,2.44,5.38,15.79,8.39,0.87,25.4,21.07
design_6294,0.42,1.14,9.16,nan,nan,nan,2.82,6.23,15.39,8.22,0.86,22.78,13.4
design_6295,0.55,1.11,8.99,nan,nan,nan,2.77,6.12,15.64,8.3,0.87,18.61,14.86
design_6296,0.66,0.78,1.48,nan,nan,nan,0.62,1.08,15.93,7.9,0.9,32.78,16.15
design_6297,0.74,0.73,1.88,nan,nan,nan,0.69,1.3,15.56,7.81,0.9,25.6,11.75
design_6298,0.79,0.83,1.82,nan,nan,nan,0.68,1.29,16.06,8.0,0.9,33.94,16.25
design_6299,0.84,0.72,1.75,nan,nan,nan,0.67,1.24,16.09,8.06,0.9,34.41,14.7
design_6300,0.71,0.79,1.6,nan,nan,nan,0.63,1.15,16.43,8.12,0.9,32.08,15.78
design_6301,0.8,0.76,1.76,nan,nan,nan,0.67,1.25,16.08,8.07,0.9,28.04,15.68
design_6302,0.7,0.79,1.59,nan,nan,nan,0.63,1.14,16.35,8.16,0.9,28.26,17.67
design_6303,0.67,0.78,1.71,nan,nan,nan,0.65,1.2,16.16,8.05,0.9,34.56,15.74
design_6304,0.55,0.83,2.97,nan,nan,nan,1.0,2.08,15.6,8.03,0.87,21.31,12.78
design_6305,0.66,0.82,2.95,nan,nan,nan,1.0,2.07,15.6,7.99,0.88,21.62,21.0
design_6306,0.56,0.74,2.86,nan,nan,nan,0.97,1.99,15.39,7.97,0.87,17.19,18.32
design_6307,0.59,0.68,2.88,nan,nan,nan,0.97,2.01,15.75,8.12,0.88,14.45,14.59
design_6308,0.6,0.81,3.08,nan,nan,nan,1.03,2.15,14.23,7.37,0.88,26.66,18.68
design_6309,0.49,0.93,2.96,nan,nan,nan,1.0,2.07,14.85,7.67,0.88,23.0,21.32
design_6310,0.46,0.89,2.99,nan,nan,nan,1.0,2.08,15.44,8.01,0.87,23.96,21.34
design_6311,0.57,0.88,2.85,nan,nan,nan,0.97,2.0,14.37,7.55,0.87,24.61,13.74
design_6312,0.62,0.94,1.2,nan,nan,nan,0.53,0.93,14.66,7.48,0.89,29.36,15.36
design_6313,0.7,1.19,1.5,nan,nan,nan,0.59,1.16,14.31,7.39,0.88,30.39,15.3
design_6314,0.56,0.81,1.14,nan,nan,nan,0.51,0.86,15.05,7.69,0.89,27.18,16.49
design_6315,0.85,0.92,1.46,nan,nan,nan,0.59,1.09,14.9,7.59,0.89,8.4,9.11
design_6316,0.66,0.96,1.53,nan,nan,nan,0.57,1.09,14.02,7.23,0.89,30.96,17.34
design_6317,0.69,1.09,1.66,nan,nan,nan,0.61,1.19,14.78,7.54,0.89,27.34,12.06
design_6318,0.58,0.89,1.24,nan,nan,nan,0.52,0.93,14.07,7.23,0.88,31.05,17.7
design_6319,0.65,0.99,1.34,nan,nan,nan,0.55,1.01,14.65,7.52,0.89,31.68,16.53
design_6320,0.69,0.91,1.54,nan,nan,nan,0.62,1.14,14.86,7.44,0.9,20.35,20.32
design_6321,0.72,0.82,1.65,nan,nan,nan,0.63,1.18,15.6,7.74,0.9,31.15,21.64
design_6322,0.78,0.84,1.4,nan,nan,nan,0.6,1.07,15.57,7.75,0.9,23.17,14.62
design_6323,0.74,0.9,0.82,nan,nan,nan,0.51,0.82,15.68,7.75,0.91,15.41,17.83
design_6324,0.77,0.93,1.72,nan,nan,nan,0.65,1.25,15.34,7.63,0.9,7.04,5.86
design_6325,0.7,0.86,0.81,nan,nan,nan,0.51,0.79,15.83,7.87,0.9,20.45,23.59
design_6326,0.72,0.83,0.89,nan,nan,nan,0.51,0.82,16.05,7.99,0.9,19.16,9.42
design_6327,0.71,0.77,0.86,nan,nan,nan,0.51,0.79,15.72,7.8,0.9,23.97,16.5
design_6328,0.56,0.64,3.19,nan,nan,nan,1.05,2.2,14.49,7.37,0.89,15.14,9.93
design_6329,0.52,0.63,2.85,nan,nan,nan,0.95,1.98,17.96,9.27,0.86,27.45,15.58
design_6330,0.41,0.6,3.2,nan,nan,nan,1.05,2.2,15.41,7.76,0.89,31.48,15.74
design_6331,0.58,0.69,3.29,nan,nan,nan,1.09,2.28,15.42,7.85,0.88,37.77,17.73
design_6332,0.42,0.71,3.45,nan,nan,nan,1.13,2.37,16.87,8.91,0.85,27.16,18.55
design_6333,0.61,0.59,3.25,nan,nan,nan,1.08,2.25,16.18,8.12,0.88,36.86,16.9
design_6334,0.58,0.88,2.25,nan,nan,nan,0.8,1.62,15.5,7.79,0.89,25.18,18.6
design_6335,0.42,0.77,5.38,nan,nan,nan,1.69,3.67,17.08,8.97,0.86,28.29,14.35
design_6336,0.42,0.67,4.46,nan,nan,nan,1.47,3.12,15.17,8.02,0.87,22.13,21.7
design_6337,0.53,0.66,1.83,nan,nan,nan,0.71,1.34,16.37,8.42,0.87,23.03,12.0
design_6338,0.41,0.64,1.75,nan,nan,nan,0.68,1.27,16.25,8.37,0.87,16.67,16.93
design_6339,0.58,0.64,3.66,nan,nan,nan,1.23,2.57,17.23,8.97,0.87,18.33,13.46
design_6340,0.57,0.67,1.83,nan,nan,nan,0.71,1.34,17.19,8.85,0.87,38.68,20.89
design_6341,0.58,0.52,1.9,nan,nan,nan,0.72,1.38,18.02,9.18,0.87,30.27,25.56
design_6342,0.58,0.59,3.02,nan,nan,nan,1.04,2.14,16.45,8.68,0.87,21.77,20.64
design_6343,0.62,0.61,2.47,nan,nan,nan,0.88,1.77,19.02,9.73,0.87,21.45,24.29
design_6344,0.39,0.65,0.9,nan,nan,nan,0.47,0.71,16.7,8.22,0.9,35.55,21.0
design_6345,0.46,0.62,0.85,nan,nan,nan,0.46,0.69,16.32,8.08,0.9,27.2,15.2
design_6346,0.47,0.51,0.98,nan,nan,nan,0.48,0.74,16.2,8.06,0.9,28.83,14.38
design_6347,0.5,0.72,0.83,nan,nan,nan,0.47,0.72,16.33,8.09,0.9,25.23,14.98
design_6348,0.43,0.61,0.99,nan,nan,nan,0.49,0.76,15.94,7.88,0.9,22.89,14.79
design_6349,0.4,0.62,1.01,nan,nan,nan,0.5,0.77,15.68,7.8,0.9,29.05,13.41
design_6350,0.32,0.6,0.99,nan,nan,nan,0.48,0.74,16.27,8.02,0.9,32.21,13.4
design_6351,0.94,0.58,0.98,nan,nan,nan,0.52,0.88,15.68,7.82,0.9,32.48,13.49
design_6352,0.55,0.37,1.42,nan,nan,nan,0.63,1.06,14.33,7.15,0.89,23.98,23.23
design_6353,0.62,0.49,0.67,nan,nan,nan,0.47,0.62,15.68,7.76,0.89,17.45,13.06
design_6354,0.51,0.51,0.79,nan,nan,nan,0.48,0.67,15.28,7.56,0.89,22.54,21.71
design_6355,0.51,0.56,0.67,nan,nan,nan,0.46,0.6,14.86,7.28,0.9,22.1,12.56
design_6356,0.64,0.47,1.19,nan,nan,nan,0.58,0.93,14.78,7.33,0.89,20.96,17.95
design_6357,0.67,0.59,0.75,nan,nan,nan,0.49,0.69,15.33,7.69,0.89,14.34,14.84
design_6358,0.43,0.46,0.59,nan,nan,nan,0.42,0.52,16.57,8.01,0.9,23.36,16.86
design_6359,0.53,0.53,0.74,nan,nan,nan,0.49,0.64,15.68,7.74,0.89,17.06,12.23
design_6360,0.55,0.79,0.98,nan,nan,nan,0.49,0.8,14.65,7.49,0.89,29.21,16.45
design_6361,0.66,0.72,0.72,nan,nan,nan,0.47,0.7,15.67,7.93,0.89,25.47,9.99
design_6362,0.56,0.73,1.08,nan,nan,nan,0.5,0.84,15.64,7.95,0.89,26.88,11.18
design_6363,0.6,0.61,0.6,nan,nan,nan,0.45,0.6,15.69,7.87,0.9,11.74,7.25
design_6364,0.68,0.71,2.22,nan,nan,nan,0.72,1.47,14.7,7.71,0.87,21.37,18.92
design_6365,0.59,0.53,0.73,nan,nan,nan,0.46,0.63,15.54,7.9,0.89,31.06,17.78
design_6366,0.55,0.74,0.65,nan,nan,nan,0.46,0.65,15.45,7.78,0.9,29.98,15.12
design_6367,0.65,0.66,1.02,nan,nan,nan,0.49,0.81,15.93,8.21,0.88,23.87,13.17
design_6368,0.72,0.72,1.78,nan,nan,nan,0.6,1.17,14.55,7.5,0.89,26.41,15.17
design_6369,0.52,0.65,1.84,nan,nan,nan,0.58,1.14,14.25,7.4,0.88,29.21,16.78
design_6370,0.61,0.58,1.7,nan,nan,nan,0.58,1.08,14.2,7.39,0.88,20.75,8.4
design_6371,0.59,0.76,1.75,nan,nan,nan,0.59,1.13,14.4,7.51,0.88,29.96,16.71
design_6372,0.68,0.78,1.58,nan,nan,nan,0.57,1.07,14.57,7.51,0.88,29.78,16.59
design_6373,0.55,0.7,1.73,nan,nan,nan,0.58,1.1,14.62,7.55,0.88,21.47,12.14
design_6374,0.57,0.71,1.63,nan,nan,nan,0.57,1.06,14.74,7.64,0.88,27.53,18.33
design_6375,0.87,0.56,1.76,nan,nan,nan,0.6,1.16,14.73,7.62,0.89,29.44,15.23
design_6376,0.95,1.17,2.4,nan,nan,nan,0.74,1.55,14.79,7.55,0.89,29.65,16.66
design_6377,0.59,1.11,1.54,nan,nan,nan,0.57,1.1,13.84,7.19,0.89,29.09,17.66
design_6378,0.74,1.18,2.41,nan,nan,nan,0.72,1.52,15.15,7.7,0.89,22.92,16.08
design_6379,0.71,1.1,2.39,nan,nan,nan,0.71,1.48,14.26,7.31,0.89,29.76,17.34
design_6380,0.73,1.06,1.75,nan,nan,nan,0.61,1.2,15.39,7.84,0.89,19.59,12.34
design_6381,0.57,1.01,1.39,nan,nan,nan,0.56,1.0,14.52,7.5,0.88,32.13,14.53
design_6382,0.79,1.12,2.27,nan,nan,nan,0.69,1.45,14.97,7.69,0.89,29.47,16.46
design_6383,0.66,1.04,1.48,nan,nan,nan,0.57,1.07,14.68,7.52,0.89,9.01,9.79
design_6384,0.87,0.63,2.14,nan,nan,nan,0.74,1.45,15.14,7.66,0.89,30.23,15.08
design_6385,0.71,0.49,1.89,nan,nan,nan,0.68,1.26,14.77,7.51,0.89,30.82,15.09
design_6386,0.75,0.66,1.76,nan,nan,nan,0.65,1.22,14.64,7.54,0.88,25.61,18.71
design_6387,0.73,0.62,1.75,nan,nan,nan,0.65,1.21,15.12,7.57,0.9,17.12,13.79
design_6388,0.79,0.66,1.44,nan,nan,nan,0.59,1.06,14.35,7.47,0.87,29.87,13.98
design_6389,0.81,0.63,2.23,nan,nan,nan,0.75,1.49,15.63,8.05,0.88,26.66,17.44
design_6390,0.77,0.45,1.78,nan,nan,nan,0.64,1.21,15.44,7.83,0.89,25.01,19.92
design_6391,0.72,0.6,1.89,nan,nan,nan,0.67,1.28,15.34,7.75,0.89,25.97,17.53
design_6392,0.92,0.58,2.4,nan,nan,nan,0.86,1.72,15.02,7.88,0.87,19.5,17.51
design_6393,0.76,0.54,3.02,nan,nan,nan,1.02,2.1,15.89,8.22,0.87,29.65,15.17
design_6394,0.71,0.56,3.39,nan,nan,nan,1.12,2.35,15.55,7.86,0.89,21.33,15.69
design_6395,0.77,0.61,3.24,nan,nan,nan,1.07,2.25,15.7,7.93,0.89,16.65,14.25
design_6396,0.66,0.63,3.31,nan,nan,nan,1.09,2.29,15.61,8.02,0.88,25.42,17.72
design_6397,0.73,0.59,2.93,nan,nan,nan,0.99,2.05,15.64,8.27,0.86,26.02,17.35
design_6398,0.58,0.52,3.42,nan,nan,nan,1.12,2.35,15.37,7.85,0.88,23.62,18.66
design_6399,0.73,0.57,3.26,nan,nan,nan,1.08,2.26,15.69,8.16,0.87,18.88,17.92
design_6400,0.49,0.59,0.93,nan,nan,nan,0.49,0.74,16.27,8.2,0.89,22.64,14.12
design_6401,0.47,0.5,1.22,nan,nan,nan,0.54,0.88,16.3,8.17,0.89,26.73,17.94
design_6402,0.48,0.66,1.32,nan,nan,nan,0.57,0.97,15.05,7.59,0.89,18.98,19.36
design_6403,0.59,0.56,0.76,nan,nan,nan,0.5,0.66,15.96,8.03,0.89,13.04,12.63
design_6404,0.62,0.53,1.23,nan,nan,nan,0.56,0.92,15.69,8.03,0.89,17.41,12.88
design_6405,0.58,0.62,1.08,nan,nan,nan,0.53,0.84,15.38,7.76,0.89,26.48,13.19
design_6406,0.57,0.54,1.04,nan,nan,nan,0.52,0.8,16.04,8.04,0.89,27.41,11.99
design_6407,0.75,0.46,0.94,nan,nan,nan,0.53,0.78,15.78,7.97,0.89,11.67,11.4
design_6408,0.41,0.95,1.5,nan,nan,nan,0.56,1.06,15.73,7.85,0.9,32.99,13.66
design_6409,0.77,1.22,1.82,nan,nan,nan,0.7,1.35,15.35,7.66,0.9,26.34,20.08
design_6410,0.59,1.02,1.48,nan,nan,nan,0.58,1.09,14.71,7.48,0.89,9.18,4.65
design_6411,0.43,0.94,2.09,nan,nan,nan,0.67,1.37,15.78,7.87,0.9,27.45,19.21
design_6412,0.84,1.29,1.27,nan,nan,nan,0.6,1.15,15.36,7.73,0.89,27.29,13.86
design_6413,0.86,1.18,1.45,nan,nan,nan,0.64,1.19,15.05,7.54,0.9,13.26,8.91
design_6414,0.87,1.28,1.22,nan,nan,nan,0.6,1.13,15.41,7.67,0.9,39.65,17.83
design_6415,0.39,0.89,1.51,nan,nan,nan,0.59,1.05,16.08,7.93,0.91,32.94,14.33
design_6416,0.4,0.31,1.3,nan,nan,nan,0.48,0.79,15.91,8.13,0.89,22.54,20.92
design_6417,0.37,0.36,1.12,nan,nan,nan,0.45,0.7,14.68,7.47,0.9,27.79,17.27
design_6418,0.31,0.34,0.86,nan,nan,nan,0.4,0.55,14.8,7.49,0.89,29.58,16.34
design_6419,0.56,0.46,1.07,nan,nan,nan,0.47,0.74,15.15,7.78,0.89,25.75,10.08
design_6420,0.54,0.32,1.06,nan,nan,nan,0.46,0.7,14.84,7.51,0.9,27.43,16.35
design_6421,0.37,0.34,0.9,nan,nan,nan,0.42,0.59,15.14,7.64,0.9,27.61,20.31
design_6422,0.36,0.32,1.05,nan,nan,nan,0.44,0.65,14.99,7.54,0.9,29.25,19.01
design_6423,0.47,0.43,0.87,nan,nan,nan,0.42,0.62,14.81,7.58,0.89,23.41,18.63
design_6424,0.68,0.57,0.58,nan,nan,nan,0.46,0.61,14.42,7.25,0.88,25.81,22.6
design_6425,0.61,0.63,0.67,nan,nan,nan,0.48,0.64,15.03,7.38,0.9,24.24,24.05
design_6426,0.96,0.7,0.62,nan,nan,nan,0.5,0.74,16.29,7.95,0.9,21.29,20.8
design_6427,0.61,0.78,0.53,nan,nan,nan,0.44,0.62,12.91,6.51,0.89,20.7,18.7
design_6428,0.69,0.75,0.72,nan,nan,nan,0.49,0.72,14.4,7.11,0.9,22.58,17.99
design_6429,0.63,0.73,0.59,nan,nan,nan,0.47,0.64,14.95,7.31,0.9,12.96,6.86
design_6430,0.74,0.83,0.64,nan,nan,nan,0.5,0.71,15.22,7.49,0.9,21.33,12.02
design_6431,0.67,0.78,0.52,nan,nan,nan,0.46,0.63,16.61,8.01,0.91,23.82,19.05
design_6432,1.32,0.57,1.32,nan,nan,nan,0.6,1.17,14.73,7.33,0.9,24.31,21.07
design_6433,0.7,0.8,1.62,nan,nan,nan,0.64,1.18,14.56,7.25,0.9,17.58,12.44
design_6434,0.74,0.88,1.62,nan,nan,nan,0.65,1.21,15.61,7.73,0.9,30.06,14.53
design_6435,0.82,0.84,1.65,nan,nan,nan,0.65,1.24,15.7,7.78,0.9,21.76,16.55
design_6436,0.9,0.98,1.52,nan,nan,nan,0.65,1.21,15.94,7.97,0.9,13.74,11.97
design_6437,0.81,0.99,1.68,nan,nan,nan,0.67,1.28,16.17,7.95,0.9,30.62,15.4
design_6438,0.73,0.86,1.56,nan,nan,nan,0.64,1.17,15.19,7.56,0.9,19.83,16.16
design_6439,0.79,1.0,1.53,nan,nan,nan,0.64,1.2,15.51,7.72,0.9,16.1,13.78
design_6440,0.61,0.88,5.07,nan,nan,nan,1.66,3.56,6.04,4.13,0.86,24.24,13.54
design_6441,0.61,0.73,3.2,nan,nan,nan,1.1,2.27,16.14,8.41,0.87,25.06,16.84
design_6442,0.91,0.87,3.48,nan,nan,nan,1.21,2.5,16.36,8.66,0.86,25.26,11.62
design_6443,0.49,0.71,2.54,nan,nan,nan,0.91,1.81,16.35,8.51,0.87,25.58,16.15
design_6444,0.53,0.91,3.22,nan,nan,nan,1.11,2.29,16.47,8.64,0.86,26.89,13.43
design_6445,0.6,0.86,3.06,nan,nan,nan,1.06,2.18,16.57,8.61,0.87,26.22,14.81
design_6446,0.8,0.8,3.06,nan,nan,nan,1.08,2.2,16.62,8.69,0.86,16.48,10.49
design_6447,0.81,0.83,3.07,nan,nan,nan,1.08,2.21,16.09,8.42,0.87,24.11,21.38
design_6448,0.56,0.53,3.54,nan,nan,nan,1.11,2.37,16.58,8.45,0.89,22.05,19.14
design_6449,0.76,0.58,2.78,nan,nan,nan,0.92,1.91,15.75,7.86,0.9,20.0,16.63
design_6450,0.63,0.55,3.18,nan,nan,nan,1.02,2.15,15.43,7.84,0.89,24.7,15.34
design_6451,0.81,0.59,1.53,nan,nan,nan,0.62,1.15,18.18,9.2,0.87,29.03,15.43
design_6452,0.71,0.6,2.5,nan,nan,nan,0.85,1.72,16.32,8.12,0.9,10.89,8.67
design_6453,0.61,0.5,2.73,nan,nan,nan,0.9,1.85,15.9,7.95,0.9,22.8,18.27
design_6454,0.6,0.55,4.15,nan,nan,nan,1.28,2.77,16.21,8.25,0.88,19.73,17.51
design_6455,0.91,0.59,2.55,nan,nan,nan,0.88,1.78,17.36,8.66,0.89,39.14,27.37
design_6456,0.58,0.7,1.6,nan,nan,nan,0.62,1.11,15.11,7.49,0.91,17.44,14.94
design_6457,0.54,0.66,1.1,nan,nan,nan,0.54,0.83,15.63,7.66,0.91,30.18,19.26
design_6458,0.49,0.73,1.67,nan,nan,nan,0.62,1.14,15.68,7.69,0.91,21.01,12.11
design_6459,0.83,0.74,1.09,nan,nan,nan,0.57,0.91,15.25,7.48,0.91,23.05,13.85
design_6460,0.36,0.64,0.92,nan,nan,nan,0.49,0.69,14.52,7.11,0.91,14.97,15.76
design_6461,0.72,0.72,0.86,nan,nan,nan,0.52,0.78,15.19,7.38,0.92,16.35,12.43
design_6462,0.84,0.82,1.4,nan,nan,nan,0.61,1.08,15.43,7.66,0.9,12.17,6.96
design_6463,0.84,0.68,0.94,nan,nan,nan,0.55,0.84,14.28,7.06,0.91,6.27,3.46
design_6464,0.85,0.64,0.87,nan,nan,nan,0.55,0.82,15.56,7.65,0.9,41.4,28.61
design_6465,0.65,0.51,1.65,nan,nan,nan,0.7,1.24,14.56,7.27,0.89,40.9,26.46
design_6466,0.69,0.72,0.81,nan,nan,nan,0.52,0.76,16.32,7.92,0.9,40.19,31.23
design_6467,0.56,0.69,0.8,nan,nan,nan,0.51,0.72,15.28,7.53,0.9,39.84,27.19
design_6468,0.48,0.72,0.69,nan,nan,nan,0.48,0.65,15.83,7.8,0.9,39.26,28.09
design_6469,0.63,0.8,0.8,nan,nan,nan,0.51,0.76,16.22,7.88,0.91,22.06,22.19
design_6470,0.53,0.78,0.84,nan,nan,nan,0.52,0.76,15.9,7.8,0.9,27.58,20.81
design_6471,0.5,0.77,0.79,nan,nan,nan,0.51,0.72,16.83,8.14,0.9,9.69,10.4
design_6472,0.72,0.55,1.74,nan,nan,nan,0.7,1.27,15.81,7.87,0.89,13.6,14.03
design_6473,0.75,0.45,4.1,nan,nan,nan,1.32,2.82,13.13,6.76,0.89,30.24,13.86
design_6474,0.74,0.51,1.64,nan,nan,nan,0.68,1.21,16.46,8.15,0.9,33.76,13.51
design_6475,0.75,0.62,4.11,nan,nan,nan,1.33,2.83,12.27,6.45,0.88,30.28,15.33
design_6476,0.74,0.53,1.74,nan,nan,nan,0.7,1.27,16.29,8.07,0.9,27.05,15.14
design_6477,0.72,0.44,1.75,nan,nan,nan,0.7,1.27,16.12,8.12,0.89,30.08,13.34
design_6478,1.03,0.33,1.89,nan,nan,nan,0.75,1.4,16.87,8.38,0.88,32.14,23.84
design_6479,0.83,0.45,2.91,nan,nan,nan,0.99,2.03,17.08,8.39,0.88,42.77,35.82
design_6480,0.59,0.65,1.91,nan,nan,nan,0.68,1.31,15.38,7.93,0.88,25.58,17.56
design_6481,0.62,0.72,1.9,nan,nan,nan,0.68,1.32,15.69,7.99,0.88,28.15,14.22
design_6482,0.66,0.67,1.65,nan,nan,nan,0.63,1.17,15.79,7.95,0.89,15.91,8.37
design_6483,0.85,0.67,1.59,nan,nan,nan,0.64,1.18,15.62,8.0,0.88,27.65,14.67
design_6484,0.66,0.71,1.48,nan,nan,nan,0.59,1.08,15.34,7.79,0.89,25.22,18.52
design_6485,0.68,0.65,1.26,nan,nan,nan,0.56,0.95,15.0,7.57,0.9,29.48,19.09
design_6486,0.54,0.7,1.89,nan,nan,nan,0.66,1.3,15.29,7.73,0.89,26.34,15.68
design_6487,0.61,0.66,1.67,nan,nan,nan,0.63,1.17,15.28,7.67,0.89,12.68,8.8
design_6488,0.59,0.72,3.2,nan,nan,nan,0.87,1.88,14.34,7.64,0.87,32.71,16.21
design_6489,1.34,0.75,1.94,nan,nan,nan,0.7,1.42,15.77,8.12,0.88,24.06,18.41
design_6490,0.54,0.93,2.4,nan,nan,nan,0.7,1.48,11.27,6.25,0.86,29.71,17.6
design_6491,0.57,0.8,1.66,nan,nan,nan,0.59,1.09,15.34,8.0,0.88,27.55,18.75
design_6492,0.53,0.73,3.62,nan,nan,nan,0.94,2.1,15.33,7.94,0.88,34.37,17.62
design_6493,0.63,0.89,2.08,nan,nan,nan,0.68,1.33,13.14,7.06,0.87,30.19,17.69
design_6494,0.48,0.93,2.5,nan,nan,nan,0.72,1.53,10.4,5.94,0.85,30.48,17.96
design_6495,0.59,0.77,1.84,nan,nan,nan,0.62,1.18,15.63,8.13,0.88,22.82,11.78
design_6496,0.44,0.55,2.18,nan,nan,nan,0.81,1.55,15.83,8.05,0.88,20.86,17.75
design_6497,0.44,0.55,2.85,nan,nan,nan,1.0,2.0,16.43,8.39,0.88,31.01,22.39
design_6498,0.75,0.59,2.93,nan,nan,nan,1.04,2.09,16.76,9.02,0.84,22.08,14.47
design_6499,0.91,0.55,3.17,nan,nan,nan,1.11,2.26,15.77,8.12,0.87,32.72,15.46
design_6500,0.48,0.61,1.95,nan,nan,nan,0.75,1.41,15.38,8.02,0.87,21.87,17.48
design_6501,0.48,0.55,2.53,nan,nan,nan,0.92,1.79,17.0,9.07,0.84,27.76,20.87
design_6502,0.49,0.54,3.79,nan,nan,nan,1.27,2.65,17.28,8.82,0.88,21.27,23.82
design_6503,0.42,0.55,3.21,nan,nan,nan,1.11,2.25,16.48,8.4,0.88,31.72,15.85
design_6504,0.77,0.7,0.96,nan,nan,nan,0.49,0.81,14.39,7.4,0.89,30.07,16.73
design_6505,0.62,0.73,0.9,nan,nan,nan,0.48,0.74,13.05,6.83,0.89,28.26,17.41
design_6506,0.61,0.58,1.22,nan,nan,nan,0.49,0.82,13.79,7.12,0.89,17.66,7.19
design_6507,0.61,0.69,0.67,nan,nan,nan,0.46,0.65,13.76,7.13,0.88,25.72,18.43
design_6508,0.58,0.72,0.81,nan,nan,nan,0.45,0.7,14.57,7.45,0.89,28.13,17.96
design_6509,0.7,0.75,1.74,nan,nan,nan,0.57,1.1,13.45,7.05,0.88,28.49,19.27
design_6510,0.59,0.63,0.89,nan,nan,nan,0.47,0.69,13.26,6.87,0.89,28.49,17.36
design_6511,0.71,0.56,0.79,nan,nan,nan,0.46,0.69,14.65,7.5,0.89,15.58,9.02
design_6512,0.6,1.18,2.92,nan,nan,nan,1.0,2.09,15.03,7.81,0.87,21.82,21.65
design_6513,0.69,1.25,2.57,nan,nan,nan,0.93,1.89,14.54,7.71,0.86,32.53,17.35
design_6514,0.56,1.23,3.01,nan,nan,nan,1.02,2.15,15.06,7.83,0.87,23.17,16.77
design_6515,0.57,1.05,4.64,nan,nan,nan,1.48,3.2,15.88,8.44,0.86,28.92,16.25
design_6516,0.7,1.17,3.14,nan,nan,nan,1.08,2.24,16.28,8.4,0.87,15.53,14.32
design_6517,0.51,1.21,3.03,nan,nan,nan,1.03,2.16,15.09,7.87,0.87,26.98,17.97
design_6518,0.49,1.24,3.02,nan,nan,nan,1.02,2.15,14.88,7.74,0.86,25.45,18.49
design_6519,0.52,1.25,4.9,nan,nan,nan,1.56,3.39,16.01,8.36,0.87,21.29,13.88
design_6520,0.81,0.67,0.8,nan,nan,nan,0.51,0.77,15.29,7.85,0.89,29.64,15.51
design_6521,0.54,0.69,0.94,nan,nan,nan,0.5,0.76,15.55,7.85,0.9,27.99,16.34
design_6522,0.52,0.65,0.78,nan,nan,nan,0.47,0.67,15.82,8.02,0.89,24.48,20.25
design_6523,0.66,0.68,0.71,nan,nan,nan,0.49,0.68,15.29,7.71,0.9,25.81,18.0
design_6524,0.53,0.69,0.92,nan,nan,nan,0.5,0.74,15.94,8.01,0.9,24.6,19.23
design_6525,1.32,0.48,0.69,nan,nan,nan,0.52,0.91,14.67,7.62,0.88,28.91,15.55
design_6526,0.59,0.51,0.79,nan,nan,nan,0.48,0.65,15.9,8.04,0.89,27.23,18.9
design_6527,0.49,0.68,0.73,nan,nan,nan,0.47,0.64,14.91,7.6,0.89,26.63,17.11
design_6528,0.54,0.91,0.86,nan,nan,nan,0.49,0.77,15.64,7.99,0.89,34.5,25.49
design_6529,0.57,0.82,3.14,nan,nan,nan,0.8,1.76,15.7,8.06,0.88,22.58,17.14
design_6530,0.45,0.88,0.85,nan,nan,nan,0.49,0.74,15.18,7.55,0.91,32.82,24.92
design_6531,0.46,0.87,1.04,nan,nan,nan,0.49,0.8,15.42,7.72,0.9,36.64,17.61
design_6532,0.54,0.87,0.86,nan,nan,nan,0.49,0.76,14.78,7.43,0.9,25.52,24.54
design_6533,0.46,0.83,0.84,nan,nan,nan,0.48,0.71,15.12,7.68,0.89,27.13,16.01
design_6534,0.44,0.86,0.93,nan,nan,nan,0.49,0.75,15.11,7.66,0.9,27.32,25.4
design_6535,0.51,0.94,1.27,nan,nan,nan,0.53,0.92,16.1,8.15,0.89,31.97,31.14
design_6536,0.48,0.95,1.05,nan,nan,nan,0.52,0.88,15.11,7.58,0.89,28.67,16.22
design_6537,0.48,0.97,1.18,nan,nan,nan,0.54,0.95,15.09,7.6,0.9,17.82,11.52
design_6538,0.51,1.03,1.35,nan,nan,nan,0.58,1.06,16.32,8.33,0.88,25.74,19.51
design_6539,0.54,0.9,1.09,nan,nan,nan,0.53,0.9,15.98,8.07,0.89,7.88,5.5
design_6540,0.58,0.94,0.92,nan,nan,nan,0.5,0.83,15.3,7.8,0.89,28.95,16.56
design_6541,0.56,0.93,1.1,nan,nan,nan,0.55,0.91,15.51,7.83,0.89,6.16,3.78
design_6542,0.55,0.92,1.23,nan,nan,nan,0.56,0.97,15.12,7.71,0.89,11.07,7.73
design_6543,0.64,0.9,1.16,nan,nan,nan,0.56,0.95,15.52,7.74,0.9,16.37,12.99
design_6544,0.53,1.28,4.18,nan,nan,nan,1.02,2.34,14.97,7.74,0.88,22.82,20.53
design_6545,0.81,1.32,1.2,nan,nan,nan,0.56,1.11,14.64,7.53,0.89,20.31,19.42
design_6546,0.54,1.42,2.53,nan,nan,nan,0.74,1.6,14.51,7.58,0.88,24.3,20.66
design_6547,0.53,1.3,2.88,nan,nan,nan,0.79,1.72,15.3,7.89,0.88,16.03,9.18
design_6548,0.57,1.34,2.76,nan,nan,nan,0.78,1.69,14.74,7.66,0.88,13.02,9.85
design_6549,0.86,1.4,1.71,nan,nan,nan,0.7,1.32,13.03,6.89,0.88,19.94,17.18
design_6550,0.94,1.23,4.21,nan,nan,nan,1.04,2.4,15.06,7.81,0.88,15.42,14.59
design_6551,0.82,1.36,2.75,nan,nan,nan,0.81,1.73,14.03,7.47,0.87,11.61,9.71
design_6552,0.34,0.81,1.04,nan,nan,nan,0.47,0.81,15.59,7.79,0.89,16.71,8.35
design_6553,0.41,0.77,1.53,nan,nan,nan,0.57,1.08,15.69,7.81,0.9,6.45,4.45
design_6554,0.78,0.49,1.0,nan,nan,nan,0.48,0.82,16.3,8.15,0.89,20.1,13.69
design_6555,0.35,0.65,0.97,nan,nan,nan,0.45,0.74,15.73,7.84,0.89,13.18,6.39
design_6556,0.57,0.87,1.05,nan,nan,nan,0.5,0.87,15.67,7.83,0.89,24.15,18.02
design_6557,0.78,0.61,1.62,nan,nan,nan,0.62,1.17,15.88,7.97,0.89,21.36,19.4
design_6558,0.57,0.57,1.4,nan,nan,nan,0.55,1.0,16.62,8.37,0.89,25.71,15.58
design_6559,0.5,0.51,1.13,nan,nan,nan,0.49,0.82,15.39,7.76,0.89,22.67,23.56
design_6560,1.05,0.6,1.5,nan,nan,nan,0.6,1.08,13.84,7.25,0.89,22.06,12.48
design_6561,0.67,0.6,2.36,nan,nan,nan,0.69,1.36,13.89,7.23,0.89,15.24,12.08
design_6562,0.59,0.56,3.95,nan,nan,nan,0.96,2.14,15.0,7.73,0.89,18.34,16.43
design_6563,1.01,0.49,1.52,nan,nan,nan,0.59,1.06,13.42,7.04,0.89,21.21,11.88
design_6564,0.87,0.57,2.33,nan,nan,nan,0.69,1.38,14.89,7.75,0.88,21.92,20.6
design_6565,0.68,0.6,1.99,nan,nan,nan,0.64,1.18,13.25,6.94,0.89,20.3,11.71
design_6566,0.66,0.62,2.22,nan,nan,nan,0.66,1.29,14.55,7.49,0.89,19.37,11.37
design_6567,0.97,0.57,1.94,nan,nan,nan,0.63,1.23,14.77,7.69,0.89,12.83,9.23
design_6568,0.55,0.89,1.85,nan,nan,nan,0.65,1.24,15.71,7.74,0.91,20.99,9.14
design_6569,0.45,0.93,1.65,nan,nan,nan,0.58,1.13,14.67,7.35,0.9,22.18,12.44
design_6570,0.5,1.11,1.95,nan,nan,nan,0.66,1.34,16.17,8.18,0.89,29.27,12.32
design_6571,0.76,0.83,0.79,nan,nan,nan,0.49,0.79,14.67,7.38,0.9,12.2,5.96
design_6572,0.52,1.06,2.08,nan,nan,nan,0.68,1.39,15.09,7.68,0.89,19.69,10.3
design_6573,0.47,1.05,1.97,nan,nan,nan,0.65,1.33,15.45,7.85,0.89,20.86,10.35
design_6574,0.53,0.87,2.04,nan,nan,nan,0.68,1.33,15.6,7.69,0.91,27.35,11.3
design_6575,0.56,0.9,1.57,nan,nan,nan,0.57,1.1,15.74,7.81,0.9,21.34,9.29
design_6576,0.56,0.51,4.05,nan,nan,nan,1.29,2.77,16.2,8.29,0.88,23.64,21.83
design_6577,0.78,0.39,3.25,nan,nan,nan,1.07,2.25,15.05,8.01,0.86,24.07,21.84
design_6578,0.89,0.49,3.08,nan,nan,nan,1.04,2.15,16.02,8.08,0.89,23.38,19.59
design_6579,0.41,0.42,4.04,nan,nan,nan,1.29,2.76,15.55,8.15,0.87,22.63,21.52
design_6580,0.69,0.53,2.0,nan,nan,nan,0.73,1.43,15.73,8.13,0.87,21.4,22.15
design_6581,0.56,0.47,4.36,nan,nan,nan,1.39,2.98,15.71,8.17,0.87,11.85,13.01
design_6582,0.75,0.49,1.72,nan,nan,nan,0.67,1.26,4.79,3.53,0.88,6.54,4.84
design_6583,0.57,0.52,2.34,nan,nan,nan,0.82,1.64,16.26,8.38,0.88,18.53,17.62
design_6584,0.6,0.65,0.92,nan,nan,nan,0.48,0.74,15.36,7.66,0.9,33.71,12.35
design_6585,0.93,1.03,0.98,nan,nan,nan,0.6,0.98,15.16,7.53,0.9,35.25,14.25
design_6586,0.54,0.77,0.95,nan,nan,nan,0.47,0.77,15.43,7.68,0.9,29.0,16.79
design_6587,0.57,0.73,0.79,nan,nan,nan,0.46,0.7,14.91,7.44,0.9,28.38,16.04
design_6588,0.52,0.6,1.57,nan,nan,nan,0.57,1.03,15.47,7.63,0.91,37.23,13.5
design_6589,0.65,0.59,1.02,nan,nan,nan,0.51,0.78,15.42,7.72,0.89,40.92,20.65
design_6590,1.09,1.07,1.06,nan,nan,nan,0.61,1.07,14.37,7.26,0.9,40.68,17.77
design_6591,0.56,0.78,0.83,nan,nan,nan,0.47,0.73,15.31,7.66,0.9,37.1,14.0
design_6592,0.67,0.6,1.15,nan,nan,nan,0.52,0.83,15.53,7.78,0.9,35.95,29.87
design_6593,0.62,0.64,1.15,nan,nan,nan,0.51,0.83,14.84,7.36,0.91,29.89,14.76
design_6594,0.59,0.71,0.89,nan,nan,nan,0.49,0.73,15.05,7.53,0.9,32.34,15.88
design_6595,0.63,0.63,1.23,nan,nan,nan,0.51,0.86,15.4,7.62,0.91,27.08,30.26
design_6596,0.62,0.68,1.2,nan,nan,nan,0.52,0.86,15.45,7.7,0.9,24.53,29.36
design_6597,0.57,0.89,1.41,nan,nan,nan,0.56,1.0,15.26,7.64,0.9,27.28,21.76
design_6598,0.6,0.63,0.78,nan,nan,nan,0.47,0.67,15.13,7.5,0.91,25.76,30.68
design_6599,0.41,0.74,1.35,nan,nan,nan,0.53,0.9,15.25,7.65,0.9,28.16,32.35
design_6600,0.54,0.84,1.52,nan,nan,nan,0.57,1.06,15.42,7.73,0.9,39.28,21.48
design_6601,0.51,0.8,1.55,nan,nan,nan,0.57,1.06,15.55,7.75,0.9,36.86,21.4
design_6602,0.53,0.69,1.54,nan,nan,nan,0.57,1.03,15.25,7.63,0.9,38.7,22.1
design_6603,0.47,0.81,1.62,nan,nan,nan,0.58,1.09,15.46,7.74,0.9,16.38,19.49
design_6604,0.48,0.92,1.56,nan,nan,nan,0.58,1.09,15.33,7.67,0.9,30.57,15.18
design_6605,0.46,0.78,1.79,nan,nan,nan,0.62,1.17,15.61,7.83,0.9,18.13,16.95
design_6606,0.56,0.81,1.41,nan,nan,nan,0.56,1.0,15.02,7.5,0.9,9.65,6.38
design_6607,1.03,1.19,2.21,nan,nan,nan,0.79,1.58,14.82,7.37,0.9,19.24,20.47
design_6608,0.37,0.72,0.94,nan,nan,nan,0.49,0.75,16.53,8.3,0.89,33.4,15.14
design_6609,0.33,0.83,0.92,nan,nan,nan,0.5,0.76,15.29,7.78,0.89,25.8,12.98
design_6610,0.42,0.73,1.37,nan,nan,nan,0.58,1.01,15.96,8.18,0.89,9.22,9.24
design_6611,0.45,0.72,0.98,nan,nan,nan,0.5,0.78,15.79,7.93,0.89,28.87,14.6
design_6612,0.41,0.81,0.99,nan,nan,nan,0.5,0.8,15.73,7.94,0.89,29.77,12.97
design_6613,0.36,0.76,0.62,nan,nan,nan,0.44,0.6,15.46,7.84,0.89,22.65,12.33
design_6614,0.37,0.81,0.63,nan,nan,nan,0.45,0.62,15.47,7.75,0.9,27.38,15.93
design_6615,0.47,0.76,1.05,nan,nan,nan,0.52,0.84,15.98,7.96,0.89,29.29,15.39
design_6616,1.04,0.71,2.18,nan,nan,nan,0.83,1.62,16.66,8.56,0.87,31.05,14.01
design_6617,0.95,0.6,2.53,nan,nan,nan,0.91,1.82,16.41,8.45,0.87,31.79,14.23
design_6618,0.87,0.62,2.51,nan,nan,nan,0.89,1.79,17.28,8.75,0.88,33.71,16.57
design_6619,1.03,0.73,2.99,nan,nan,nan,1.03,2.13,14.13,7.46,0.87,32.2,15.46
design_6620,0.99,0.68,2.34,nan,nan,nan,0.86,1.7,15.7,8.13,0.87,33.4,14.94
design_6621,0.81,0.75,2.41,nan,nan,nan,0.86,1.73,17.3,8.83,0.87,31.43,13.07
design_6622,1.08,0.78,2.96,nan,nan,nan,1.03,2.12,14.06,7.26,0.88,32.78,15.48
design_6623,0.93,0.5,2.09,nan,nan,nan,0.78,1.52,17.67,9.0,0.87,38.0,21.38
design_6624,0.47,0.37,1.6,nan,nan,nan,0.67,1.17,12.32,6.29,0.89,23.35,16.87
design_6625,0.49,0.62,0.56,nan,nan,nan,0.44,0.56,16.74,8.11,0.9,33.38,13.3
design_6626,0.51,0.6,0.91,nan,nan,nan,0.5,0.75,15.66,7.78,0.89,7.98,6.24
design_6627,0.5,0.6,0.74,nan,nan,nan,0.48,0.65,15.27,7.54,0.89,22.82,20.74
design_6628,0.56,0.68,0.54,nan,nan,nan,0.45,0.58,15.92,7.83,0.9,24.94,15.31
design_6629,0.51,0.34,1.47,nan,nan,nan,0.65,1.08,14.64,7.31,0.89,7.61,8.35
design_6630,0.45,0.55,0.72,nan,nan,nan,0.46,0.62,15.91,7.76,0.9,23.09,20.02
design_6631,0.54,0.46,1.36,nan,nan,nan,0.62,1.03,14.56,7.31,0.88,18.88,18.29
design_6632,0.64,1.03,0.57,nan,nan,nan,0.47,0.72,14.3,7.14,0.89,19.05,18.29
design_6633,0.64,0.9,0.74,nan,nan,nan,0.5,0.75,16.4,8.13,0.89,14.51,13.26
design_6634,0.58,0.92,0.71,nan,nan,nan,0.49,0.73,15.44,7.6,0.89,12.58,11.72
design_6635,0.65,0.96,0.74,nan,nan,nan,0.51,0.77,15.49,7.6,0.9,12.08,12.44
design_6636,0.49,0.96,0.71,nan,nan,nan,0.5,0.73,14.72,7.27,0.9,15.19,12.41
design_6637,0.55,1.02,0.61,nan,nan,nan,0.48,0.71,16.24,7.94,0.89,16.85,15.88
design_6638,0.62,0.86,0.73,nan,nan,nan,0.5,0.74,15.64,7.8,0.89,13.59,12.78
design_6639,0.66,0.92,0.7,nan,nan,nan,0.5,0.75,15.31,7.51,0.9,14.27,12.17
design_6640,0.65,0.59,0.77,nan,nan,nan,0.47,0.68,16.1,8.04,0.9,26.09,18.5
design_6641,0.72,0.53,0.62,nan,nan,nan,0.47,0.64,15.28,7.64,0.9,22.35,13.85
design_6642,0.63,0.69,0.81,nan,nan,nan,0.49,0.72,14.74,7.49,0.89,31.19,14.45
design_6643,1.2,0.24,0.75,nan,nan,nan,0.49,0.84,15.99,7.93,0.9,22.3,18.98
design_6644,1.05,0.4,0.89,nan,nan,nan,0.51,0.85,16.08,7.96,0.9,25.77,17.9
design_6645,1.26,0.36,0.73,nan,nan,nan,0.5,0.88,16.16,7.96,0.9,29.3,20.11
design_6646,0.82,0.53,0.85,nan,nan,nan,0.51,0.76,15.75,7.84,0.9,24.26,12.63
design_6647,0.83,0.66,0.81,nan,nan,nan,0.53,0.78,15.43,7.75,0.9,24.51,11.92
design_6648,0.75,0.92,2.04,nan,nan,nan,0.73,1.46,15.56,7.88,0.89,20.4,14.32
design_6649,0.57,1.07,2.44,nan,nan,nan,0.82,1.69,15.19,7.69,0.89,26.99,14.41
design_6650,0.62,1.01,2.51,nan,nan,nan,0.83,1.72,15.48,7.86,0.89,33.61,13.2
design_6651,0.63,0.96,2.4,nan,nan,nan,0.81,1.65,15.48,7.88,0.89,35.42,13.38
design_6652,0.83,0.93,2.13,nan,nan,nan,0.77,1.52,15.4,7.76,0.89,16.88,9.36
design_6653,0.72,0.96,3.1,nan,nan,nan,0.98,2.08,15.74,8.03,0.89,34.66,13.18
design_6654,0.81,0.97,2.4,nan,nan,nan,0.82,1.68,15.19,7.75,0.89,34.8,13.55
design_6655,0.53,1.08,1.99,nan,nan,nan,0.72,1.43,15.26,7.71,0.89,33.46,13.41
design_6656,0.6,0.6,2.35,nan,nan,nan,0.76,1.52,15.26,7.71,0.9,26.05,9.77
design_6657,0.61,0.56,1.27,nan,nan,nan,0.54,0.91,14.83,7.44,0.9,20.8,8.37
design_6658,0.6,0.56,1.2,nan,nan,nan,0.53,0.87,15.57,7.75,0.9,16.43,12.65
design_6659,0.64,0.49,1.59,nan,nan,nan,0.59,1.08,15.73,7.85,0.9,7.29,8.98
design_6660,0.57,0.5,2.14,nan,nan,nan,0.7,1.39,15.67,7.86,0.9,10.95,7.6
design_6661,0.76,0.56,1.39,nan,nan,nan,0.57,1.01,15.73,7.89,0.9,31.8,16.25
design_6662,0.51,0.46,1.85,nan,nan,nan,0.62,1.2,15.58,7.83,0.9,20.79,10.55
design_6663,0.63,0.58,1.19,nan,nan,nan,0.53,0.87,15.04,7.5,0.9,19.72,9.29
design_6664,0.67,0.75,2.1,nan,nan,nan,0.66,1.32,14.63,7.5,0.9,28.6,23.52
design_6665,0.89,0.95,4.77,nan,nan,nan,1.21,2.79,14.72,7.67,0.88,38.56,17.59
design_6666,0.61,0.67,3.94,nan,nan,nan,1.0,2.27,14.43,7.57,0.88,30.78,15.72
design_6667,0.82,0.87,4.34,nan,nan,nan,1.1,2.54,13.94,7.35,0.88,36.7,17.38
design_6668,0.68,0.89,4.48,nan,nan,nan,1.12,2.6,14.86,7.71,0.88,36.22,16.91
design_6669,0.66,0.81,2.04,nan,nan,nan,0.66,1.3,14.44,7.24,0.91,30.54,14.5
design_6670,0.57,0.58,1.61,nan,nan,nan,0.59,1.02,14.38,7.54,0.88,37.14,16.38
design_6671,0.65,0.78,2.09,nan,nan,nan,0.66,1.31,14.55,7.37,0.9,27.35,23.34
design_6672,0.87,0.62,1.8,nan,nan,nan,0.67,1.27,16.01,7.94,0.9,36.68,14.89
design_6673,0.5,0.51,1.29,nan,nan,nan,0.53,0.89,16.29,8.09,0.9,8.84,8.66
design_6674,0.57,0.6,1.67,nan,nan,nan,0.61,1.13,16.24,8.1,0.9,33.16,14.74
design_6675,0.75,0.64,1.43,nan,nan,nan,0.59,1.04,15.84,7.9,0.9,26.55,12.43
design_6676,0.53,0.62,1.2,nan,nan,nan,0.52,0.87,15.82,7.88,0.9,30.58,13.02
design_6677,0.51,0.59,1.33,nan,nan,nan,0.55,0.93,15.93,7.94,0.9,27.88,12.31
design_6678,0.58,0.61,1.56,nan,nan,nan,0.59,1.07,15.7,7.85,0.9,25.02,14.35
design_6679,0.82,0.6,1.55,nan,nan,nan,0.61,1.12,15.94,8.01,0.89,28.43,14.95
design_6680,0.72,0.7,1.96,nan,nan,nan,0.74,1.42,14.99,7.69,0.88,25.85,17.63
design_6681,0.61,0.73,2.19,nan,nan,nan,0.8,1.56,11.75,6.41,0.86,27.61,16.45
design_6682,0.94,0.45,3.1,nan,nan,nan,1.07,2.17,14.99,7.85,0.87,32.09,14.13
design_6683,0.68,0.66,1.84,nan,nan,nan,0.7,1.34,15.57,7.89,0.89,24.32,15.84
design_6684,0.7,0.69,1.95,nan,nan,nan,0.73,1.41,15.62,8.02,0.88,26.33,16.92
design_6685,0.85,0.46,3.09,nan,nan,nan,1.05,2.15,15.39,7.92,0.88,34.57,15.43
design_6686,1.01,0.42,3.24,nan,nan,nan,1.11,2.27,14.53,7.52,0.87,32.12,13.93
design_6687,0.46,0.78,1.73,nan,nan,nan,0.67,1.26,16.19,8.2,0.88,19.68,16.6
design_6688,0.68,0.75,1.38,nan,nan,nan,0.57,0.97,15.17,7.71,0.89,26.84,14.96
design_6689,0.61,0.8,1.24,nan,nan,nan,0.55,0.91,14.93,7.63,0.89,29.47,16.52
design_6690,0.71,0.81,1.3,nan,nan,nan,0.56,0.96,15.12,7.7,0.89,22.55,19.59
design_6691,0.73,0.77,1.66,nan,nan,nan,0.6,1.12,14.24,7.37,0.88,30.73,16.79
design_6692,0.97,0.86,1.41,nan,nan,nan,0.61,1.1,15.24,7.83,0.89,30.4,18.46
design_6693,0.81,0.76,1.17,nan,nan,nan,0.55,0.92,15.35,7.82,0.89,30.15,18.17
design_6694,0.79,0.81,1.68,nan,nan,nan,0.62,1.15,13.91,7.23,0.88,30.57,17.29
design_6695,0.62,0.79,1.75,nan,nan,nan,0.6,1.14,13.43,7.03,0.87,30.84,16.23
design_6696,0.56,0.6,0.63,nan,nan,nan,0.44,0.61,14.8,7.24,0.9,23.12,22.44
design_6697,0.89,0.77,0.58,nan,nan,nan,0.47,0.72,14.52,7.22,0.89,17.02,14.43
design_6698,0.7,0.65,0.66,nan,nan,nan,0.46,0.67,16.74,8.19,0.88,34.72,19.1
design_6699,0.68,0.72,0.5,nan,nan,nan,0.44,0.61,3.21,2.52,0.91,1.79,1.1
design_6700,0.77,0.84,0.71,nan,nan,nan,0.5,0.76,14.04,7.02,0.89,21.71,19.12
design_6701,0.76,0.85,0.63,nan,nan,nan,0.48,0.72,14.03,7.01,0.89,22.36,18.91
design_6702,0.78,0.7,0.71,nan,nan,nan,0.49,0.73,15.36,7.54,0.9,21.24,18.54
design_6703,0.54,0.7,0.58,nan,nan,nan,0.43,0.6,14.75,7.24,0.9,16.82,13.39
design_6704,0.73,0.41,0.44,nan,nan,nan,0.44,0.53,16.76,8.1,0.9,33.32,20.16
design_6705,0.74,0.58,0.54,nan,nan,nan,0.47,0.61,15.01,7.42,0.9,18.22,16.76
design_6706,0.7,0.54,0.54,nan,nan,nan,0.45,0.59,16.15,7.84,0.91,25.0,20.37
design_6707,0.61,0.46,0.51,nan,nan,nan,0.45,0.53,16.79,8.1,0.91,17.83,14.74
design_6708,0.74,0.52,0.54,nan,nan,nan,0.46,0.59,15.5,7.61,0.9,23.17,17.96
design_6709,0.65,0.58,0.45,nan,nan,nan,0.44,0.54,16.32,7.93,0.91,22.68,19.79
design_6710,0.62,0.48,0.53,nan,nan,nan,0.45,0.55,15.86,7.71,0.91,15.28,12.99
design_6711,0.65,0.5,0.52,nan,nan,nan,0.46,0.55,16.72,8.07,0.91,22.56,17.07
design_6712,0.38,0.58,0.59,nan,nan,nan,0.41,0.54,17.32,8.41,0.9,28.21,17.04
design_6713,0.81,0.72,0.83,nan,nan,nan,0.55,0.8,15.66,7.76,0.89,12.45,11.23
design_6714,0.61,0.88,0.71,nan,nan,nan,0.5,0.73,15.66,7.9,0.88,22.14,21.94
design_6715,0.83,0.83,0.95,nan,nan,nan,0.56,0.89,14.88,7.5,0.89,22.1,16.68
design_6716,0.57,0.83,0.67,nan,nan,nan,0.49,0.69,15.87,7.86,0.89,20.85,17.93
design_6717,0.67,0.74,0.71,nan,nan,nan,0.51,0.71,13.38,6.77,0.9,7.28,8.76
design_6718,0.84,0.77,0.7,nan,nan,nan,0.5,0.76,15.68,7.84,0.89,17.48,14.39
design_6719,0.67,0.65,1.44,nan,nan,nan,0.65,1.12,15.91,7.91,0.89,18.87,14.53
design_6720,0.66,0.83,1.96,nan,nan,nan,0.75,1.46,18.59,9.2,0.87,44.95,36.29
design_6721,0.77,0.69,1.27,nan,nan,nan,0.6,1.03,16.1,8.32,0.87,31.7,21.96
design_6722,0.49,0.75,1.19,nan,nan,nan,0.56,0.94,15.81,8.21,0.87,32.13,20.15
design_6723,0.55,0.54,1.21,nan,nan,nan,0.57,0.93,16.46,8.37,0.88,38.77,20.43
design_6724,0.62,0.59,3.38,nan,nan,nan,1.14,2.38,18.42,9.05,0.88,24.44,26.09
design_6725,0.62,0.85,1.26,nan,nan,nan,0.59,1.02,19.5,9.51,0.88,46.53,39.49
design_6726,0.43,0.62,1.07,nan,nan,nan,0.54,0.84,16.01,8.07,0.88,28.77,25.39
design_6727,0.4,0.72,1.05,nan,nan,nan,0.53,0.83,15.45,7.84,0.88,30.92,13.47
design_6728,0.56,0.69,0.52,nan,nan,nan,0.46,0.58,16.62,8.07,0.9,24.63,21.76
design_6729,0.66,0.7,0.45,nan,nan,nan,0.47,0.58,15.91,7.72,0.91,28.32,26.48
design_6730,0.59,0.73,0.49,nan,nan,nan,0.46,0.58,14.91,7.4,0.9,35.26,19.84
design_6731,0.64,0.77,0.55,nan,nan,nan,0.48,0.63,15.35,7.56,0.9,36.46,19.79
design_6732,0.61,0.62,0.51,nan,nan,nan,0.45,0.56,16.27,7.89,0.91,30.51,26.93
design_6733,0.65,0.58,0.52,nan,nan,nan,0.46,0.57,16.44,7.94,0.91,27.41,19.58
design_6734,0.63,0.72,0.47,nan,nan,nan,0.45,0.58,15.55,7.62,0.9,22.37,21.68
design_6735,0.63,0.72,0.5,nan,nan,nan,0.46,0.59,15.75,7.66,0.91,31.38,21.86
design_6736,0.5,0.55,0.82,nan,nan,nan,0.47,0.66,15.36,7.72,0.9,30.36,15.52
design_6737,0.49,0.54,0.91,nan,nan,nan,0.48,0.7,16.06,7.91,0.9,13.08,12.87
design_6738,0.55,0.51,1.12,nan,nan,nan,0.52,0.82,15.93,8.03,0.89,27.42,16.3
design_6739,0.49,0.45,1.07,nan,nan,nan,0.51,0.78,16.42,8.23,0.89,19.83,15.08
design_6740,0.57,0.55,1.11,nan,nan,nan,0.52,0.83,16.87,8.48,0.89,15.99,12.65
design_6741,0.49,0.47,0.96,nan,nan,nan,0.48,0.72,16.04,7.97,0.9,22.52,15.7
design_6742,0.48,0.46,0.91,nan,nan,nan,0.48,0.68,16.03,7.98,0.89,18.03,13.22
design_6743,0.49,0.49,1.9,nan,nan,nan,0.67,1.27,16.58,8.41,0.88,31.73,13.92
design_6744,0.69,0.82,1.49,nan,nan,nan,0.57,1.04,13.62,7.03,0.89,36.71,15.7
design_6745,0.89,0.79,1.36,nan,nan,nan,0.56,1.04,16.06,8.03,0.9,23.23,12.44
design_6746,0.98,0.8,1.45,nan,nan,nan,0.59,1.1,15.51,7.69,0.91,32.28,16.29
design_6747,0.84,0.85,1.24,nan,nan,nan,0.55,0.98,9.97,5.41,0.88,37.34,15.95
design_6748,0.85,0.79,1.34,nan,nan,nan,0.55,1.01,14.2,7.24,0.89,37.13,15.59
design_6749,0.88,0.84,1.39,nan,nan,nan,0.58,1.06,14.59,7.3,0.9,28.86,14.61
design_6750,0.52,0.8,1.25,nan,nan,nan,0.51,0.89,15.42,7.71,0.9,33.61,14.88
design_6751,0.52,0.82,1.52,nan,nan,nan,0.56,1.02,15.41,7.59,0.91,34.94,19.85
design_6752,0.64,0.5,1.41,nan,nan,nan,0.55,0.98,15.11,7.58,0.9,8.0,5.23
design_6753,1.04,0.47,1.27,nan,nan,nan,0.59,1.02,15.36,7.82,0.89,7.55,4.41
design_6754,1.21,0.42,1.73,nan,nan,nan,0.68,1.3,15.04,7.61,0.89,7.23,8.38
design_6755,1.03,0.54,1.99,nan,nan,nan,0.73,1.4,16.37,8.16,0.9,13.43,12.54
design_6756,0.92,0.52,1.98,nan,nan,nan,0.7,1.36,16.22,8.1,0.9,27.61,22.29
design_6757,1.24,1.19,1.2,nan,nan,nan,0.66,1.21,15.71,7.87,0.9,6.7,6.03
design_6758,0.67,0.44,1.46,nan,nan,nan,0.56,1.01,15.01,7.58,0.89,6.77,2.76
design_6759,1.35,0.97,1.49,nan,nan,nan,0.66,1.31,15.23,7.68,0.9,7.47,4.46
design_6760,0.49,0.67,1.51,nan,nan,nan,0.56,1.01,14.91,7.48,0.9,31.03,25.11
design_6761,0.8,1.1,1.32,nan,nan,nan,0.6,1.1,15.32,7.7,0.9,31.61,18.36
design_6762,0.73,0.87,1.45,nan,nan,nan,0.59,1.07,15.53,7.86,0.89,30.81,19.24
design_6763,0.46,0.57,1.44,nan,nan,nan,0.54,0.95,14.93,7.41,0.91,17.36,11.36
design_6764,0.47,0.62,1.46,nan,nan,nan,0.54,0.97,14.86,7.44,0.9,36.49,18.16
design_6765,0.72,1.01,1.33,nan,nan,nan,0.58,1.05,15.54,7.87,0.89,38.35,19.28
design_6766,0.42,0.67,1.51,nan,nan,nan,0.55,1.0,15.35,7.65,0.9,22.64,18.87
design_6767,0.97,0.92,1.42,nan,nan,nan,0.63,1.13,15.18,7.55,0.9,32.43,14.94
design_6768,0.69,0.48,1.76,nan,nan,nan,0.66,1.22,16.52,8.31,0.9,38.51,18.85
design_6769,0.63,0.55,1.54,nan,nan,nan,0.6,1.09,16.2,8.12,0.89,32.14,14.86
design_6770,0.8,0.58,1.7,nan,nan,nan,0.64,1.21,15.62,7.9,0.89,27.46,16.52
design_6771,0.89,0.46,1.85,nan,nan,nan,0.68,1.31,16.97,8.55,0.89,29.27,13.64
design_6772,0.6,0.58,1.73,nan,nan,nan,0.64,1.2,15.81,7.98,0.89,31.96,16.69
design_6773,0.42,0.49,1.71,nan,nan,nan,0.62,1.15,16.0,8.07,0.89,27.37,13.78
design_6774,0.58,0.55,1.59,nan,nan,nan,0.6,1.1,16.01,7.99,0.9,23.24,19.41
design_6775,0.91,0.51,2.06,nan,nan,nan,0.73,1.44,16.07,8.17,0.89,29.07,14.67
design_6776,0.76,0.46,3.02,nan,nan,nan,1.02,2.1,16.69,8.43,0.88,23.41,18.3
design_6777,0.76,0.39,3.87,nan,nan,nan,1.26,2.66,17.45,8.6,0.89,37.17,19.51
design_6778,0.84,0.31,3.8,nan,nan,nan,1.24,2.62,16.89,8.34,0.88,26.61,19.29
design_6779,0.76,0.46,3.33,nan,nan,nan,1.12,2.31,16.93,8.51,0.89,19.51,9.39
design_6780,0.79,0.46,3.05,nan,nan,nan,1.04,2.12,16.78,8.44,0.89,16.67,14.16
design_6781,0.93,0.43,3.83,nan,nan,nan,1.25,2.65,16.62,8.42,0.88,25.33,15.13
design_6782,0.77,0.45,3.26,nan,nan,nan,1.09,2.25,16.06,8.14,0.88,24.85,18.57
design_6783,0.77,0.41,3.59,nan,nan,nan,1.19,2.48,16.91,8.45,0.89,25.0,13.35
design_6784,0.88,0.88,1.31,nan,nan,nan,0.55,1.04,15.2,7.72,0.89,36.93,16.84
design_6785,0.54,0.59,1.31,nan,nan,nan,0.52,0.87,13.94,7.11,0.88,36.41,18.24
design_6786,0.84,0.93,1.16,nan,nan,nan,0.54,0.98,9.33,5.26,0.87,37.92,16.53
design_6787,0.39,0.89,1.16,nan,nan,nan,0.52,0.86,7.23,4.18,0.88,37.62,16.49
design_6788,0.75,0.94,1.25,nan,nan,nan,0.56,0.99,7.62,4.5,0.87,37.94,16.65
design_6789,0.57,0.91,1.12,nan,nan,nan,0.51,0.88,9.77,5.4,0.87,37.9,16.46
design_6790,0.74,0.87,1.53,nan,nan,nan,0.58,1.09,15.44,7.84,0.89,34.65,14.7
design_6791,0.47,0.99,1.13,nan,nan,nan,0.52,0.89,9.19,5.14,0.87,37.94,16.72
design_6792,0.55,0.91,1.72,nan,nan,nan,0.6,1.15,15.84,8.24,0.87,24.37,20.18
design_6793,0.46,0.81,2.29,nan,nan,nan,0.71,1.4,16.18,8.45,0.87,9.86,7.22
design_6794,0.82,0.84,3.16,nan,nan,nan,0.9,1.9,15.85,8.03,0.89,24.11,18.85
design_6795,0.39,0.76,1.95,nan,nan,nan,0.64,1.2,15.32,8.06,0.87,8.97,6.88
design_6796,0.46,0.79,1.45,nan,nan,nan,0.56,0.97,15.51,8.09,0.87,22.79,24.82
design_6797,0.61,0.76,1.84,nan,nan,nan,0.63,1.18,15.69,8.16,0.88,18.21,13.34
design_6798,0.5,0.74,1.45,nan,nan,nan,0.54,0.96,15.42,8.07,0.88,8.98,4.63
design_6799,0.49,0.86,2.95,nan,nan,nan,0.83,1.75,15.41,8.03,0.87,6.18,4.42
design_6800,0.36,0.51,1.31,nan,nan,nan,0.5,0.85,15.41,7.71,0.9,30.04,18.2
design_6801,0.52,0.57,1.57,nan,nan,nan,0.56,1.03,14.77,7.44,0.9,41.47,19.11
design_6802,0.68,0.64,2.04,nan,nan,nan,0.65,1.32,15.4,7.78,0.89,27.2,23.3
design_6803,0.45,0.65,1.63,nan,nan,nan,0.57,1.06,15.33,7.71,0.9,16.8,13.26
design_6804,0.47,0.55,1.43,nan,nan,nan,0.53,0.94,15.49,7.73,0.9,38.53,16.88
design_6805,0.45,0.57,1.66,nan,nan,nan,0.56,1.06,15.16,7.6,0.9,34.65,16.6
design_6806,0.48,0.64,1.64,nan,nan,nan,0.57,1.07,15.04,7.58,0.89,14.53,13.28
design_6807,0.49,0.61,1.66,nan,nan,nan,0.58,1.07,14.96,7.55,0.9,24.11,14.4
design_6808,0.58,0.68,1.57,nan,nan,nan,0.62,1.13,15.97,8.06,0.89,17.39,18.59
design_6809,0.62,0.72,1.66,nan,nan,nan,0.64,1.2,16.2,8.28,0.89,26.01,14.74
design_6810,0.55,0.67,1.8,nan,nan,nan,0.67,1.27,15.45,7.7,0.9,31.76,13.97
design_6811,0.69,0.56,2.02,nan,nan,nan,0.72,1.42,16.02,8.21,0.89,31.7,14.28
design_6812,0.55,0.54,1.43,nan,nan,nan,0.58,1.03,15.29,7.84,0.89,19.58,10.11
design_6813,0.55,0.66,1.42,nan,nan,nan,0.58,1.04,15.57,7.95,0.89,19.67,16.08
design_6814,0.59,0.61,1.24,nan,nan,nan,0.56,0.94,15.95,8.05,0.89,13.81,10.37
design_6815,0.44,0.58,1.32,nan,nan,nan,0.56,0.95,15.8,8.11,0.88,19.98,16.14
design_6816,0.37,3.11,1.51,nan,nan,nan,0.87,1.98,14.62,7.43,0.89,29.67,17.27
design_6817,0.42,0.81,1.61,nan,nan,nan,0.53,1.01,14.37,7.44,0.89,31.51,15.41
design_6818,0.54,0.63,1.53,nan,nan,nan,0.52,0.95,15.1,7.77,0.88,31.06,15.36
design_6819,0.58,0.59,1.57,nan,nan,nan,0.51,0.97,14.84,7.54,0.89,27.75,15.28
design_6820,0.47,0.66,1.6,nan,nan,nan,0.52,0.97,14.82,7.5,0.89,18.23,10.67
design_6821,0.97,0.77,2.58,nan,nan,nan,0.76,1.56,14.62,7.53,0.89,29.73,15.18
design_6822,0.48,0.69,1.36,nan,nan,nan,0.48,0.87,15.1,7.71,0.89,33.11,16.19
design_6823,0.58,0.73,1.76,nan,nan,nan,0.55,1.08,14.13,7.32,0.89,32.29,19.02
design_6824,0.44,0.98,4.21,nan,nan,nan,1.3,2.83,16.41,8.63,0.87,26.88,16.05
design_6825,0.35,0.85,4.71,nan,nan,nan,1.43,3.14,15.52,8.08,0.88,24.74,14.75
design_6826,0.82,0.83,4.36,nan,nan,nan,1.36,2.94,16.46,8.46,0.88,19.5,18.84
design_6827,0.67,0.9,4.6,nan,nan,nan,1.42,3.09,15.64,8.11,0.87,31.26,13.82
design_6828,0.56,0.78,3.61,nan,nan,nan,1.14,2.43,16.23,8.44,0.87,23.56,24.79
design_6829,0.52,0.76,4.84,nan,nan,nan,1.47,3.23,16.0,8.3,0.87,28.92,15.21
design_6830,0.93,0.89,5.3,nan,nan,nan,1.62,3.56,15.18,7.81,0.88,26.2,17.79
design_6831,0.8,0.83,4.55,nan,nan,nan,1.41,3.06,16.13,8.3,0.88,29.15,14.57
design_6832,0.45,0.52,1.85,nan,nan,nan,0.63,1.24,15.57,7.97,0.88,31.54,15.71
design_6833,0.54,0.51,1.78,nan,nan,nan,0.62,1.21,16.06,8.23,0.88,33.45,14.17
design_6834,0.46,0.55,1.04,nan,nan,nan,0.46,0.77,16.28,8.19,0.89,33.82,13.74
design_6835,0.36,0.76,1.34,nan,nan,nan,0.53,0.97,15.09,7.49,0.91,18.49,15.44
design_6836,0.55,0.54,1.22,nan,nan,nan,0.5,0.89,16.23,7.97,0.9,27.13,16.55
design_6837,0.55,0.67,1.18,nan,nan,nan,0.49,0.89,15.69,7.85,0.9,22.43,20.18
design_6838,0.63,0.55,1.96,nan,nan,nan,0.66,1.34,16.12,8.33,0.87,37.59,14.97
design_6839,0.48,0.5,1.21,nan,nan,nan,0.49,0.86,15.22,7.86,0.87,24.91,15.58
design_6840,0.43,0.53,0.64,nan,nan,nan,0.41,0.54,15.24,7.52,0.91,30.85,13.94
design_6841,0.51,0.62,1.01,nan,nan,nan,0.47,0.73,15.29,7.68,0.9,30.5,15.98
design_6842,0.61,0.58,0.94,nan,nan,nan,0.47,0.72,14.69,7.48,0.89,31.47,15.07
design_6843,0.54,0.5,0.97,nan,nan,nan,0.45,0.7,15.25,7.74,0.89,21.25,11.25
design_6844,0.36,0.68,0.53,nan,nan,nan,0.41,0.53,15.2,7.53,0.91,30.69,20.64
design_6845,0.64,0.45,3.09,nan,nan,nan,0.81,1.8,14.88,7.63,0.89,25.63,12.59
design_6846,0.56,0.76,1.26,nan,nan,nan,0.51,0.89,14.06,7.13,0.9,29.67,16.49
design_6847,0.58,0.69,3.02,nan,nan,nan,0.8,1.78,15.19,7.85,0.88,30.45,18.32
design_6848,0.77,0.95,2.03,nan,nan,nan,0.64,1.29,14.68,7.52,0.89,35.66,14.95
design_6849,0.55,0.71,1.04,nan,nan,nan,0.49,0.76,15.27,7.69,0.9,15.29,9.25
design_6850,0.59,0.66,1.1,nan,nan,nan,0.49,0.78,14.67,7.43,0.9,28.02,15.93
design_6851,0.71,0.8,1.06,nan,nan,nan,0.51,0.85,15.0,7.57,0.9,17.1,10.33
design_6852,0.85,0.84,1.12,nan,nan,nan,0.54,0.93,14.66,7.46,0.9,30.37,16.81
design_6853,0.61,0.75,1.13,nan,nan,nan,0.5,0.83,14.79,7.49,0.9,38.74,15.85
design_6854,0.8,0.77,1.13,nan,nan,nan,0.53,0.9,14.82,7.58,0.9,37.36,15.07
design_6855,0.62,0.71,1.05,nan,nan,nan,0.5,0.79,15.13,7.65,0.9,38.02,18.34
design_6856,0.74,0.91,2.02,nan,nan,nan,0.78,1.49,15.51,8.08,0.87,33.24,17.43
design_6857,0.84,0.89,2.68,nan,nan,nan,0.95,1.92,16.62,8.64,0.87,34.37,14.5
design_6858,0.49,0.69,4.1,nan,nan,nan,1.31,2.81,15.12,7.61,0.89,34.34,17.04
design_6859,0.77,0.75,2.86,nan,nan,nan,0.98,2.02,16.48,8.34,0.89,27.73,18.96
design_6860,0.51,0.96,1.67,nan,nan,nan,0.67,1.26,15.97,8.12,0.89,27.71,17.97
design_6861,0.71,0.86,2.85,nan,nan,nan,0.98,2.01,15.37,8.03,0.87,33.1,15.8
design_6862,0.52,0.65,1.98,nan,nan,nan,0.73,1.41,16.02,8.22,0.88,31.91,15.14
design_6863,0.5,0.83,2.55,nan,nan,nan,0.88,1.8,15.74,8.07,0.88,25.36,11.85
design_6864,0.8,0.84,3.22,nan,nan,nan,1.09,2.26,15.95,8.33,0.87,31.85,16.97
design_6865,0.87,0.83,2.59,nan,nan,nan,0.92,1.86,15.54,8.18,0.86,32.09,16.94
design_6866,0.8,0.79,2.21,nan,nan,nan,0.82,1.6,16.14,8.38,0.87,32.93,16.63
design_6867,0.59,0.83,1.23,nan,nan,nan,0.58,0.98,15.86,8.19,0.87,17.89,10.36
design_6868,0.75,0.84,2.02,nan,nan,nan,0.78,1.49,15.93,8.21,0.87,31.18,13.09
design_6869,0.56,0.9,1.7,nan,nan,nan,0.69,1.27,15.87,8.28,0.86,31.73,17.62
design_6870,0.62,0.78,2.35,nan,nan,nan,0.84,1.67,16.09,8.36,0.87,32.56,17.33
design_6871,0.77,0.73,2.63,nan,nan,nan,0.93,1.86,16.24,8.5,0.86,32.14,16.05
design_6872,0.55,1.14,1.89,nan,nan,nan,0.72,1.41,15.84,7.97,0.89,9.32,8.69
design_6873,0.51,1.1,2.04,nan,nan,nan,0.76,1.49,16.21,8.2,0.89,26.39,19.27
design_6874,0.72,1.04,3.42,nan,nan,nan,1.11,2.35,16.84,8.62,0.88,32.7,16.58
design_6875,0.52,1.09,1.63,nan,nan,nan,0.66,1.25,15.48,7.78,0.89,25.65,11.77
design_6876,1.01,1.13,2.76,nan,nan,nan,0.97,1.99,16.94,8.59,0.89,28.02,12.63
design_6877,0.83,1.19,2.29,nan,nan,nan,0.84,1.69,16.16,8.15,0.89,9.94,8.54
design_6878,0.87,1.21,2.46,nan,nan,nan,0.89,1.8,16.8,8.46,0.89,19.91,10.36
design_6879,0.83,1.03,3.77,nan,nan,nan,1.2,2.58,16.38,8.36,0.88,19.75,16.96
design_6880,0.54,0.54,1.45,nan,nan,nan,0.52,0.89,14.14,7.27,0.89,27.09,15.03
design_6881,0.63,0.56,0.93,nan,nan,nan,0.46,0.7,14.51,7.4,0.9,28.53,16.89
design_6882,0.56,0.62,1.4,nan,nan,nan,0.52,0.89,13.86,7.19,0.89,27.9,18.7
design_6883,0.61,0.75,0.81,nan,nan,nan,0.47,0.72,14.24,7.35,0.89,26.41,18.69
design_6884,0.77,0.55,1.2,nan,nan,nan,0.51,0.86,15.03,7.69,0.89,26.54,17.69
design_6885,0.6,0.64,1.25,nan,nan,nan,0.5,0.84,14.11,7.27,0.89,28.44,19.48
design_6886,0.65,0.63,1.26,nan,nan,nan,0.51,0.86,14.21,7.36,0.89,29.73,18.71
design_6887,0.49,0.65,0.79,nan,nan,nan,0.46,0.64,13.47,6.98,0.89,30.34,17.42
design_6888,0.68,0.58,3.12,nan,nan,nan,1.07,2.21,18.06,9.37,0.87,19.89,10.29
design_6889,0.5,0.58,5.1,nan,nan,nan,1.67,3.55,17.33,9.13,0.87,27.42,20.24
design_6890,0.49,0.42,3.63,nan,nan,nan,1.22,2.54,17.2,9.05,0.86,27.17,15.53
design_6891,0.58,0.47,3.2,nan,nan,nan,1.09,2.25,17.11,8.89,0.87,30.96,14.2
design_6892,0.51,0.55,3.14,nan,nan,nan,1.07,2.21,17.3,9.01,0.87,16.22,11.53
design_6893,0.51,0.48,3.05,nan,nan,nan,1.04,2.14,17.9,9.26,0.87,36.04,23.2
design_6894,0.66,0.65,2.51,nan,nan,nan,0.9,1.8,17.58,9.07,0.87,10.2,9.42
design_6895,0.75,0.6,2.91,nan,nan,nan,1.01,2.08,17.43,9.09,0.87,17.6,16.45
design_6896,0.6,0.56,0.94,nan,nan,nan,0.47,0.71,14.85,7.56,0.89,16.49,12.39
design_6897,0.68,0.51,3.24,nan,nan,nan,0.85,1.89,15.07,7.77,0.88,31.93,16.94
design_6898,0.59,0.56,3.13,nan,nan,nan,0.82,1.82,15.67,7.98,0.89,31.77,14.14
design_6899,0.78,0.49,3.32,nan,nan,nan,0.88,1.94,14.89,7.62,0.89,14.68,15.08
design_6900,0.8,0.5,3.37,nan,nan,nan,0.89,1.98,14.06,7.24,0.89,31.25,13.26
design_6901,0.88,0.5,3.32,nan,nan,nan,0.88,1.96,14.88,7.63,0.89,25.68,14.75
design_6902,0.61,0.52,0.82,nan,nan,nan,0.46,0.66,15.44,7.83,0.89,28.28,17.77
design_6903,0.91,0.55,3.56,nan,nan,nan,0.94,2.1,15.21,7.8,0.89,8.29,6.26
design_6904,0.54,0.66,1.32,nan,nan,nan,0.51,0.86,13.98,7.27,0.88,38.41,21.51
design_6905,0.73,0.71,1.69,nan,nan,nan,0.58,1.08,15.25,7.73,0.89,33.37,29.95
design_6906,0.53,0.65,1.46,nan,nan,nan,0.53,0.92,14.6,7.5,0.89,36.42,19.97
design_6907,0.78,0.62,1.17,nan,nan,nan,0.53,0.86,14.47,7.51,0.88,38.74,21.52
design_6908,0.67,0.71,0.98,nan,nan,nan,0.5,0.78,15.01,7.76,0.89,38.73,21.22
design_6909,0.58,0.69,1.17,nan,nan,nan,0.49,0.82,14.5,7.43,0.89,33.73,17.81
design_6910,0.65,0.69,1.89,nan,nan,nan,0.6,1.15,15.01,7.71,0.89,32.58,15.37
design_6911,0.55,0.7,1.41,nan,nan,nan,0.53,0.91,13.94,7.23,0.89,38.69,22.34
design_6912,0.48,0.75,1.42,nan,nan,nan,0.57,1.03,16.36,8.23,0.89,27.75,17.04
design_6913,0.49,0.69,2.18,nan,nan,nan,0.72,1.47,16.37,8.42,0.87,27.81,15.43
design_6914,0.46,0.71,1.46,nan,nan,nan,0.57,1.04,16.11,8.15,0.89,23.01,14.53
design_6915,0.44,0.7,1.17,nan,nan,nan,0.5,0.87,16.23,8.04,0.9,28.19,16.06
design_6916,0.4,0.72,1.17,nan,nan,nan,0.52,0.87,16.78,8.39,0.89,32.43,13.22
design_6917,0.49,0.71,1.78,nan,nan,nan,0.64,1.23,16.68,8.44,0.89,29.11,16.24
design_6918,0.48,0.7,1.42,nan,nan,nan,0.56,1.02,15.8,7.97,0.89,27.67,13.55
design_6919,0.44,0.66,1.53,nan,nan,nan,0.59,1.07,16.56,8.26,0.89,32.38,12.7
design_6920,0.63,0.62,1.11,nan,nan,nan,0.51,0.81,15.04,7.46,0.91,19.45,14.76
design_6921,1.1,1.06,1.75,nan,nan,nan,0.69,1.33,14.62,7.41,0.89,19.47,16.55
design_6922,0.47,0.59,1.24,nan,nan,nan,0.52,0.82,15.39,7.6,0.91,11.53,8.98
design_6923,0.63,0.74,0.96,nan,nan,nan,0.52,0.78,15.59,7.77,0.9,27.07,14.78
design_6924,0.63,0.71,1.07,nan,nan,nan,0.53,0.82,14.62,7.31,0.9,23.1,11.45
design_6925,0.61,0.81,0.77,nan,nan,nan,0.47,0.73,15.77,7.84,0.9,25.96,14.62
design_6926,1.02,1.04,1.53,nan,nan,nan,0.62,1.21,16.04,8.05,0.89,43.9,20.45
design_6927,1.07,1.05,1.56,nan,nan,nan,0.65,1.24,15.58,7.89,0.89,19.45,15.5
design_6928,0.73,0.8,2.31,nan,nan,nan,0.68,1.38,14.56,7.44,0.89,30.91,15.71
design_6929,0.77,0.84,2.3,nan,nan,nan,0.68,1.39,14.13,7.21,0.9,28.93,17.69
design_6930,1.11,0.81,0.86,nan,nan,nan,0.54,0.95,14.2,7.24,0.9,29.34,16.7
design_6931,0.75,0.81,2.33,nan,nan,nan,0.67,1.39,12.55,6.61,0.89,29.74,18.75
design_6932,0.87,0.9,1.19,nan,nan,nan,0.53,0.98,12.93,6.79,0.89,30.03,18.07
design_6933,0.64,0.78,2.24,nan,nan,nan,0.66,1.33,13.91,7.12,0.9,30.22,17.59
design_6934,0.6,0.78,1.02,nan,nan,nan,0.48,0.8,13.88,7.14,0.89,29.17,16.43
design_6935,0.74,0.76,2.24,nan,nan,nan,0.66,1.34,14.17,7.24,0.9,29.27,16.99
design_6936,0.63,1.02,1.91,nan,nan,nan,0.67,1.32,15.02,7.58,0.89,24.38,17.18
design_6937,1.07,1.18,1.69,nan,nan,nan,0.69,1.35,15.04,7.58,0.89,30.15,15.1
design_6938,0.65,0.84,2.08,nan,nan,nan,0.68,1.37,15.48,7.76,0.9,23.06,10.95
design_6939,0.59,1.01,1.74,nan,nan,nan,0.63,1.22,14.69,7.44,0.89,25.42,17.81
design_6940,0.74,1.01,2.07,nan,nan,nan,0.7,1.41,15.29,7.67,0.9,26.47,13.16
design_6941,0.86,1.07,1.83,nan,nan,nan,0.68,1.33,14.68,7.52,0.89,14.31,9.47
design_6942,0.75,0.98,1.84,nan,nan,nan,0.65,1.29,15.57,7.86,0.9,27.87,21.19
design_6943,0.6,0.91,1.72,nan,nan,nan,0.63,1.19,15.08,7.6,0.89,29.73,15.0
design_6944,0.53,0.46,2.02,nan,nan,nan,0.73,1.42,16.1,8.53,0.84,18.84,18.37
design_6945,0.52,0.52,4.26,nan,nan,nan,1.36,2.91,15.69,8.01,0.89,19.83,8.98
design_6946,0.72,0.54,3.64,nan,nan,nan,1.19,2.51,16.35,8.44,0.88,18.88,12.63
design_6947,0.47,0.44,2.19,nan,nan,nan,0.76,1.52,16.82,8.62,0.88,15.69,14.07
design_6948,0.73,0.54,3.23,nan,nan,nan,1.08,2.24,15.3,7.97,0.88,12.77,10.55
design_6949,0.61,0.55,3.1,nan,nan,nan,1.03,2.14,15.16,7.96,0.87,25.16,13.57
design_6950,0.68,0.42,3.63,nan,nan,nan,1.18,2.49,14.92,8.14,0.84,24.06,17.2
design_6951,0.76,0.46,3.13,nan,nan,nan,1.04,2.17,16.35,8.41,0.88,17.33,16.2
design_6952,0.48,0.55,2.99,nan,nan,nan,1.03,2.1,16.54,8.44,0.88,24.44,14.75
design_6953,0.48,0.6,3.45,nan,nan,nan,1.17,2.42,16.65,8.5,0.88,26.66,14.79
design_6954,0.56,0.63,3.28,nan,nan,nan,1.13,2.31,16.11,8.18,0.88,24.43,17.83
design_6955,0.58,0.65,3.93,nan,nan,nan,1.31,2.76,16.75,8.42,0.88,31.45,13.08
design_6956,0.52,0.55,4.48,nan,nan,nan,1.48,3.13,17.77,9.26,0.86,40.57,23.1
design_6957,0.6,0.65,3.25,nan,nan,nan,1.11,2.3,16.47,8.34,0.88,27.12,15.95
design_6958,0.4,0.69,3.63,nan,nan,nan,1.22,2.55,16.96,8.67,0.88,21.41,14.61
design_6959,0.43,0.55,3.87,nan,nan,nan,1.29,2.7,16.29,8.21,0.88,29.89,14.18
design_6960,0.67,0.96,1.18,nan,nan,nan,0.56,0.97,15.44,7.72,0.9,22.33,13.94
design_6961,0.45,1.02,1.26,nan,nan,nan,0.56,0.98,15.26,7.58,0.9,18.7,10.16
design_6962,0.81,0.9,1.36,nan,nan,nan,0.59,1.07,14.88,7.42,0.9,23.63,10.22
design_6963,0.5,0.96,1.37,nan,nan,nan,0.58,1.03,15.51,7.66,0.91,17.31,8.18
design_6964,0.73,0.96,1.43,nan,nan,nan,0.6,1.1,15.25,7.67,0.9,29.76,11.55
design_6965,0.67,1.0,1.41,nan,nan,nan,0.61,1.09,15.53,7.77,0.9,30.3,13.74
design_6966,0.5,0.98,1.32,nan,nan,nan,0.57,1.01,15.47,7.69,0.9,27.87,15.99
design_6967,0.72,1.05,1.28,nan,nan,nan,0.58,1.05,15.6,7.8,0.9,25.48,13.77
design_6968,0.39,0.83,0.97,nan,nan,nan,0.49,0.79,15.95,7.95,0.9,24.7,12.19
design_6969,0.48,0.84,1.36,nan,nan,nan,0.57,1.01,16.31,8.22,0.89,15.64,8.97
design_6970,0.48,0.82,1.35,nan,nan,nan,0.57,1.0,15.99,8.13,0.88,28.67,14.38
design_6971,0.41,0.89,0.92,nan,nan,nan,0.49,0.79,15.75,7.9,0.9,22.99,21.19
design_6972,0.41,0.77,0.89,nan,nan,nan,0.47,0.74,15.39,7.68,0.9,19.84,15.28
design_6973,0.41,0.72,0.98,nan,nan,nan,0.48,0.77,15.73,7.88,0.89,25.07,20.39
design_6974,0.3,0.79,0.81,nan,nan,nan,0.45,0.68,15.36,7.65,0.9,20.28,14.09
design_6975,0.3,0.81,1.0,nan,nan,nan,0.48,0.79,16.29,8.15,0.89,28.51,12.78
design_6976,0.58,0.78,0.53,nan,nan,nan,0.43,0.61,15.7,7.81,0.89,27.95,16.07
design_6977,0.61,0.73,0.69,nan,nan,nan,0.46,0.68,15.65,7.78,0.89,26.51,15.59
design_6978,0.5,0.72,0.63,nan,nan,nan,0.45,0.62,16.64,8.18,0.9,25.45,17.32
design_6979,0.52,0.7,0.61,nan,nan,nan,0.45,0.61,15.92,7.86,0.9,31.07,14.52
design_6980,0.51,0.74,0.5,nan,nan,nan,0.44,0.57,14.14,7.11,0.89,29.32,16.91
design_6981,0.6,0.77,0.55,nan,nan,nan,0.45,0.62,14.7,7.37,0.89,20.3,22.73
design_6982,0.57,0.7,0.6,nan,nan,nan,0.45,0.62,14.39,7.25,0.89,19.05,20.53
design_6983,0.53,0.6,0.71,nan,nan,nan,0.46,0.64,14.59,7.33,0.89,18.41,19.92
design_6984,0.6,0.67,2.97,nan,nan,nan,1.03,2.11,15.49,7.92,0.88,26.79,21.94
design_6985,0.8,0.71,2.52,nan,nan,nan,0.91,1.83,16.31,8.32,0.88,29.08,16.29
design_6986,0.82,0.67,2.17,nan,nan,nan,0.82,1.6,16.47,8.49,0.87,14.18,14.59
design_6987,0.53,0.53,1.5,nan,nan,nan,0.62,1.11,15.91,7.98,0.89,20.98,17.25
design_6988,0.87,0.67,2.64,nan,nan,nan,0.95,1.91,16.22,8.34,0.88,28.34,16.28
design_6989,0.91,0.68,2.58,nan,nan,nan,0.94,1.88,16.65,8.54,0.87,20.75,16.51
design_6990,0.68,0.61,1.82,nan,nan,nan,0.72,1.35,16.2,8.26,0.88,20.27,18.62
design_6991,0.71,0.66,2.25,nan,nan,nan,0.84,1.64,15.89,8.25,0.87,22.97,18.75
design_6992,0.4,0.9,0.71,nan,nan,nan,0.48,0.69,15.31,7.76,0.89,30.82,14.37
design_6993,0.43,0.8,1.24,nan,nan,nan,0.57,0.94,16.01,8.09,0.89,13.49,9.25
design_6994,0.43,0.82,0.96,nan,nan,nan,0.51,0.79,16.0,7.99,0.89,23.53,18.91
design_6995,0.4,0.74,2.58,nan,nan,nan,0.86,1.76,15.39,7.8,0.89,12.74,9.58
design_6996,0.42,0.88,2.64,nan,nan,nan,0.88,1.81,15.37,7.81,0.88,26.3,19.51
design_6997,0.36,0.84,2.58,nan,nan,nan,0.86,1.76,15.16,7.59,0.89,19.78,13.64
design_6998,0.42,0.87,1.32,nan,nan,nan,0.57,1.0,15.58,7.79,0.9,25.5,20.59
design_6999,0.36,0.78,0.91,nan,nan,nan,0.49,0.75,15.15,7.56,0.9,29.77,16.04
design_7000,0.91,0.58,1.63,nan,nan,nan,0.63,1.17,16.27,8.07,0.9,15.68,13.09
design_7001,0.61,0.61,1.38,nan,nan,nan,0.57,0.98,16.27,8.04,0.9,10.28,7.75
design_7002,0.74,0.55,1.79,nan,nan,nan,0.64,1.22,16.05,7.94,0.9,35.49,13.77
design_7003,0.66,0.58,1.82,nan,nan,nan,0.65,1.23,16.04,7.92,0.9,21.65,17.25
design_7004,0.83,0.65,1.44,nan,nan,nan,0.6,1.07,15.9,7.96,0.9,31.36,14.79
design_7005,0.68,0.54,1.74,nan,nan,nan,0.63,1.18,16.28,8.03,0.91,21.76,16.69
design_7006,0.64,0.59,1.79,nan,nan,nan,0.64,1.21,16.18,7.99,0.9,31.06,16.36
design_7007,0.82,0.65,1.81,nan,nan,nan,0.67,1.26,16.02,8.0,0.9,29.32,12.21
design_7008,0.5,0.47,1.15,nan,nan,nan,0.5,0.8,14.35,7.44,0.88,31.62,15.34
design_7009,0.69,0.52,1.02,nan,nan,nan,0.51,0.8,14.77,7.59,0.89,30.22,15.58
design_7010,0.57,0.51,1.04,nan,nan,nan,0.5,0.77,14.49,7.43,0.88,31.53,15.61
design_7011,0.59,0.47,1.27,nan,nan,nan,0.52,0.89,15.43,7.84,0.88,21.14,16.25
design_7012,0.53,0.44,1.04,nan,nan,nan,0.49,0.75,15.93,8.0,0.9,23.0,12.22
design_7013,0.76,0.42,1.24,nan,nan,nan,0.54,0.91,15.45,7.89,0.89,32.26,15.13
design_7014,0.54,0.47,1.09,nan,nan,nan,0.5,0.78,15.35,7.77,0.89,30.75,15.2
design_7015,0.56,0.43,1.26,nan,nan,nan,0.52,0.87,14.33,7.44,0.88,33.17,14.63
design_7016,0.94,0.82,4.73,nan,nan,nan,1.52,3.27,14.76,7.78,0.87,33.45,14.23
design_7017,0.79,0.91,4.81,nan,nan,nan,1.54,3.31,15.75,8.05,0.88,30.34,16.46
design_7018,1.12,0.71,3.41,nan,nan,nan,1.16,2.42,15.78,8.34,0.87,22.51,18.99
design_7019,0.95,1.05,4.62,nan,nan,nan,1.49,3.21,15.11,7.91,0.88,32.7,14.19
design_7020,0.94,1.0,5.1,nan,nan,nan,1.64,3.53,16.48,8.43,0.88,28.2,15.9
design_7021,0.9,0.8,2.25,nan,nan,nan,0.85,1.65,16.07,8.45,0.87,32.66,17.31
design_7022,0.94,0.89,5.15,nan,nan,nan,1.65,3.55,16.64,8.62,0.87,35.99,14.75
design_7023,0.96,0.79,4.85,nan,nan,nan,1.55,3.35,16.52,8.47,0.88,34.19,12.83
design_7024,0.49,1.18,2.01,nan,nan,nan,0.66,1.34,15.68,7.93,0.89,27.17,13.94
design_7025,0.88,1.23,1.8,nan,nan,nan,0.68,1.33,14.75,7.43,0.89,17.34,8.48
design_7026,0.54,1.19,2.02,nan,nan,nan,0.67,1.35,15.87,8.0,0.89,18.9,10.71
design_7027,1.01,1.44,1.6,nan,nan,nan,0.7,1.36,14.95,7.54,0.89,29.46,22.93
design_7028,0.99,0.97,2.04,nan,nan,nan,0.7,1.4,15.4,7.87,0.89,24.41,14.91
design_7029,1.1,1.38,1.82,nan,nan,nan,0.73,1.45,15.62,7.87,0.89,25.6,18.3
design_7030,0.35,1.1,1.67,nan,nan,nan,0.59,1.15,15.11,7.59,0.9,11.86,10.15
design_7031,0.5,1.25,2.41,nan,nan,nan,0.75,1.55,15.43,7.94,0.88,15.32,8.76
design_7032,0.62,0.57,1.04,nan,nan,nan,0.55,0.85,14.91,7.49,0.89,36.67,17.97
design_7033,0.57,0.73,0.69,nan,nan,nan,0.48,0.67,16.45,8.09,0.89,26.78,19.41
design_7034,0.62,0.63,0.5,nan,nan,nan,0.44,0.57,16.89,8.23,0.9,36.62,17.2
design_7035,0.73,0.69,0.56,nan,nan,nan,0.48,0.64,16.64,8.13,0.9,21.04,20.03
design_7036,0.57,0.64,0.61,nan,nan,nan,0.47,0.61,16.58,8.06,0.91,35.37,18.4
design_7037,0.63,0.64,0.45,nan,nan,nan,0.44,0.55,17.08,8.25,0.9,30.98,17.28
design_7038,0.55,0.63,0.55,nan,nan,nan,0.45,0.57,16.32,7.96,0.91,31.97,23.84
design_7039,0.56,0.68,0.65,nan,nan,nan,0.48,0.63,16.34,7.9,0.91,25.43,21.45
design_7040,0.6,0.46,2.19,nan,nan,nan,0.82,1.57,16.22,8.35,0.87,35.87,20.57
design_7041,0.76,0.73,2.89,nan,nan,nan,1.02,2.07,16.98,8.67,0.88,24.75,17.16
design_7042,0.62,0.47,1.43,nan,nan,nan,0.6,1.07,17.3,8.67,0.87,39.34,22.21
design_7043,0.61,0.48,2.07,nan,nan,nan,0.76,1.49,17.37,8.79,0.87,29.28,18.23
design_7044,0.49,0.68,1.82,nan,nan,nan,0.72,1.33,16.22,8.2,0.88,27.18,17.7
design_7045,0.71,0.56,3.06,nan,nan,nan,1.06,2.17,16.58,8.58,0.88,23.2,20.43
design_7046,0.62,0.66,2.01,nan,nan,nan,0.77,1.47,17.94,9.14,0.87,29.08,22.48
design_7047,0.62,0.71,2.06,nan,nan,nan,0.78,1.51,15.86,7.94,0.89,26.53,20.56
design_7048,0.41,0.93,0.99,nan,nan,nan,0.53,0.84,15.68,7.81,0.9,23.84,15.4
design_7049,0.39,1.05,1.4,nan,nan,nan,0.62,1.09,15.83,7.74,0.91,29.41,16.4
design_7050,0.43,1.04,1.37,nan,nan,nan,0.61,1.07,15.73,7.77,0.9,12.21,13.48
design_7051,0.43,0.97,1.41,nan,nan,nan,0.61,1.08,14.83,7.37,0.9,36.23,15.23
design_7052,0.39,0.97,1.41,nan,nan,nan,0.62,1.08,15.77,7.77,0.9,22.93,14.69
design_7053,0.39,0.91,1.1,nan,nan,nan,0.54,0.89,15.31,7.6,0.9,17.01,14.59
design_7054,0.38,0.9,1.48,nan,nan,nan,0.59,1.1,15.9,7.79,0.91,31.11,14.65
design_7055,0.38,0.96,1.39,nan,nan,nan,0.58,1.06,15.29,7.51,0.9,20.86,18.77
design_7056,0.68,0.52,1.24,nan,nan,nan,0.55,0.94,15.88,8.01,0.89,31.67,14.3
design_7057,0.4,0.57,0.69,nan,nan,nan,0.44,0.58,16.11,8.09,0.89,32.39,14.05
design_7058,0.41,0.72,0.64,nan,nan,nan,0.47,0.61,15.87,7.87,0.9,20.02,17.09
design_7059,0.42,0.6,0.63,nan,nan,nan,0.45,0.56,16.26,8.11,0.89,31.96,13.64
design_7060,0.46,0.65,0.62,nan,nan,nan,0.45,0.59,15.74,7.93,0.89,25.54,12.94
design_7061,0.4,0.54,0.76,nan,nan,nan,0.47,0.61,16.18,8.12,0.89,38.78,16.97
design_7062,0.45,0.66,0.67,nan,nan,nan,0.46,0.61,15.28,7.81,0.89,32.79,13.6
design_7063,0.38,0.65,0.68,nan,nan,nan,0.45,0.59,15.79,7.96,0.89,22.38,18.33
design_7064,0.47,1.28,2.32,nan,nan,nan,0.75,1.56,14.93,7.6,0.89,25.84,21.07
design_7065,0.51,1.29,2.48,nan,nan,nan,0.78,1.66,15.09,7.66,0.89,26.48,24.47
design_7066,0.58,1.28,2.41,nan,nan,nan,0.78,1.63,15.35,7.74,0.9,26.72,22.89
design_7067,0.82,1.39,1.83,nan,nan,nan,0.69,1.41,14.52,7.36,0.9,25.71,16.01
design_7068,0.49,1.26,2.33,nan,nan,nan,0.76,1.57,14.97,7.58,0.89,21.58,10.11
design_7069,0.62,1.1,2.22,nan,nan,nan,0.72,1.49,15.21,7.71,0.9,16.88,11.95
design_7070,0.65,1.16,1.82,nan,nan,nan,0.64,1.31,14.59,7.34,0.9,12.95,11.03
design_7071,0.34,1.1,1.58,nan,nan,nan,0.62,1.13,14.43,7.13,0.91,18.32,10.62
design_7072,0.56,0.8,1.42,nan,nan,nan,0.55,0.98,14.78,7.56,0.89,30.46,15.61
design_7073,0.8,0.85,4.76,nan,nan,nan,1.19,2.76,14.58,7.57,0.89,19.9,8.99
design_7074,0.51,0.89,4.31,nan,nan,nan,1.09,2.49,14.87,7.73,0.88,27.65,19.05
design_7075,0.79,0.89,1.46,nan,nan,nan,0.58,1.07,14.31,7.42,0.88,27.53,15.83
design_7076,1.14,0.83,1.75,nan,nan,nan,0.66,1.29,15.06,7.8,0.88,28.59,12.37
design_7077,0.47,0.7,4.49,nan,nan,nan,1.12,2.57,14.58,7.63,0.88,25.82,11.78
design_7078,0.81,0.86,4.33,nan,nan,nan,1.1,2.53,14.86,7.79,0.88,28.28,17.82
design_7079,0.61,0.91,1.67,nan,nan,nan,0.59,1.13,13.24,7.07,0.87,31.13,16.62
design_7080,1.04,0.59,2.01,nan,nan,nan,0.73,1.41,16.43,8.09,0.91,7.54,6.41
design_7081,1.03,0.53,2.13,nan,nan,nan,0.74,1.47,15.97,7.96,0.9,23.42,19.07
design_7082,0.78,0.58,2.24,nan,nan,nan,0.75,1.49,15.4,7.75,0.9,33.38,14.18
design_7083,0.56,0.56,2.86,nan,nan,nan,0.86,1.82,15.58,7.71,0.9,19.35,12.7
design_7084,0.84,0.64,2.05,nan,nan,nan,0.72,1.39,16.07,8.02,0.9,32.24,17.17
design_7085,0.93,0.52,1.84,nan,nan,nan,0.68,1.29,16.43,8.15,0.9,6.92,7.35
design_7086,0.85,0.48,1.64,nan,nan,nan,0.63,1.16,15.9,8.09,0.89,35.77,13.97
design_7087,0.64,0.59,2.23,nan,nan,nan,0.73,1.46,16.09,8.06,0.9,32.62,17.26
design_7088,0.62,0.68,2.55,nan,nan,nan,0.89,1.79,16.91,8.8,0.86,25.2,18.8
design_7089,0.65,0.62,3.6,nan,nan,nan,1.18,2.48,16.9,8.95,0.86,25.34,20.45
design_7090,0.82,0.67,3.22,nan,nan,nan,1.09,2.25,16.54,8.66,0.87,20.07,12.79
design_7091,0.5,0.9,4.94,nan,nan,nan,1.56,3.38,14.86,7.35,0.9,26.29,19.75
design_7092,0.67,0.54,2.62,nan,nan,nan,0.91,1.83,17.2,8.85,0.86,12.91,13.64
design_7093,0.55,0.73,2.58,nan,nan,nan,0.9,1.81,16.72,8.74,0.86,29.71,14.14
design_7094,0.67,0.69,2.01,nan,nan,nan,0.75,1.45,18.08,9.15,0.86,27.1,18.14
design_7095,0.64,0.62,2.41,nan,nan,nan,0.85,1.7,17.38,9.02,0.85,43.03,29.56
design_7096,0.66,0.61,0.53,nan,nan,nan,0.45,0.58,15.44,7.55,0.91,28.45,23.97
design_7097,0.7,0.57,0.52,nan,nan,nan,0.46,0.58,16.64,8.08,0.91,29.64,27.3
design_7098,0.75,0.68,0.59,nan,nan,nan,0.49,0.66,16.8,8.22,0.9,36.43,18.96
design_7099,0.6,0.62,0.52,nan,nan,nan,0.45,0.57,16.82,8.12,0.91,25.34,24.24
design_7100,0.67,0.67,0.5,nan,nan,nan,0.47,0.59,16.61,8.08,0.91,28.29,26.53
design_7101,0.49,0.59,0.7,nan,nan,nan,0.5,0.62,15.55,7.59,0.9,32.22,21.89
design_7102,0.69,0.61,0.6,nan,nan,nan,0.48,0.63,15.33,7.53,0.9,31.79,14.15
design_7103,0.49,0.61,0.56,nan,nan,nan,0.45,0.55,16.32,7.87,0.91,33.49,25.61
design_7104,0.47,0.56,3.17,nan,nan,nan,0.92,2.0,16.24,8.21,0.88,25.18,9.88
design_7105,0.49,0.74,2.55,nan,nan,nan,0.8,1.65,16.47,8.43,0.88,13.34,8.72
design_7106,0.5,0.66,1.89,nan,nan,nan,0.64,1.25,15.93,8.22,0.87,18.08,20.49
design_7107,0.5,0.79,3.63,nan,nan,nan,1.04,2.3,14.23,7.62,0.87,30.24,15.68
design_7108,0.53,0.63,2.17,nan,nan,nan,0.7,1.41,15.42,8.04,0.87,28.62,14.79
design_7109,0.52,0.89,3.66,nan,nan,nan,1.05,2.33,13.81,7.39,0.87,29.12,16.04
design_7110,0.55,0.9,3.0,nan,nan,nan,0.9,1.94,15.99,8.33,0.88,29.77,15.95
design_7111,0.54,0.76,1.28,nan,nan,nan,0.54,0.94,15.86,8.21,0.87,26.31,17.51
design_7112,0.46,0.66,1.53,nan,nan,nan,0.52,0.94,14.6,7.5,0.89,36.34,17.63
design_7113,0.48,0.74,1.65,nan,nan,nan,0.54,1.01,15.1,7.77,0.89,33.44,16.83
design_7114,0.43,0.7,1.62,nan,nan,nan,0.54,0.98,15.5,7.91,0.9,25.42,24.58
design_7115,0.52,0.72,1.67,nan,nan,nan,0.56,1.03,15.14,7.78,0.89,27.03,25.91
design_7116,0.46,0.77,1.45,nan,nan,nan,0.51,0.93,14.56,7.48,0.9,33.31,16.7
design_7117,0.4,0.73,1.63,nan,nan,nan,0.53,0.99,13.01,6.77,0.89,35.36,18.75
design_7118,0.38,0.73,1.45,nan,nan,nan,0.5,0.91,14.31,7.3,0.9,32.98,17.13
design_7119,0.47,0.72,1.51,nan,nan,nan,0.53,0.94,15.41,7.93,0.89,34.7,16.89
design_7120,0.54,0.57,0.67,nan,nan,nan,0.47,0.62,3.33,2.51,0.91,2.99,1.9
design_7121,0.47,0.83,0.57,nan,nan,nan,0.45,0.62,13.01,6.58,0.89,8.29,6.09
design_7122,0.47,0.68,0.6,nan,nan,nan,0.45,0.59,14.36,7.17,0.89,24.3,18.26
design_7123,0.44,0.71,0.67,nan,nan,nan,0.47,0.63,13.55,6.8,0.89,19.48,15.79
design_7124,0.5,0.84,0.7,nan,nan,nan,0.47,0.69,14.61,7.38,0.89,21.48,19.22
design_7125,0.54,0.79,0.55,nan,nan,nan,0.46,0.61,3.31,2.52,0.91,1.51,1.61
design_7126,0.73,0.75,0.66,nan,nan,nan,0.48,0.7,14.8,7.47,0.88,21.18,17.67
design_7127,0.6,0.78,0.7,nan,nan,nan,0.48,0.7,14.86,7.49,0.89,20.73,17.26
design_7128,0.98,0.77,2.83,nan,nan,nan,0.93,1.93,16.02,8.09,0.89,28.79,13.56
design_7129,0.93,0.8,2.58,nan,nan,nan,0.87,1.78,17.03,8.57,0.89,5.09,5.17
design_7130,0.85,0.81,2.44,nan,nan,nan,0.84,1.68,16.12,8.08,0.89,6.58,5.14
design_7131,0.84,0.77,2.43,nan,nan,nan,0.82,1.67,16.33,8.12,0.9,19.59,17.16
design_7132,0.93,0.75,2.8,nan,nan,nan,0.92,1.91,16.52,8.39,0.89,33.57,13.84
design_7133,0.95,0.78,2.1,nan,nan,nan,0.77,1.5,15.82,7.91,0.89,9.3,4.95
design_7134,0.76,0.87,2.73,nan,nan,nan,0.9,1.86,16.34,8.36,0.88,37.15,14.58
design_7135,0.88,0.74,2.71,nan,nan,nan,0.9,1.85,16.23,8.28,0.89,26.71,17.12
design_7136,0.42,0.73,1.24,nan,nan,nan,0.56,0.93,15.75,7.91,0.9,26.64,20.13
design_7137,0.44,0.73,1.02,nan,nan,nan,0.51,0.8,16.0,8.06,0.89,27.4,14.18
design_7138,0.34,0.78,1.47,nan,nan,nan,0.6,1.07,15.71,7.82,0.9,24.38,20.32
design_7139,0.3,0.79,1.24,nan,nan,nan,0.55,0.93,15.94,7.9,0.9,18.61,18.89
design_7140,0.3,0.76,1.08,nan,nan,nan,0.53,0.83,15.78,7.9,0.89,19.2,18.15
design_7141,0.33,0.8,1.78,nan,nan,nan,0.68,1.26,15.77,7.76,0.9,19.42,12.12
design_7142,0.33,0.72,1.47,nan,nan,nan,0.6,1.05,15.25,7.6,0.9,12.42,8.87
design_7143,0.35,0.83,1.17,nan,nan,nan,0.55,0.9,15.27,7.67,0.89,18.19,13.62
design_7144,0.47,0.88,1.03,nan,nan,nan,0.49,0.82,14.88,7.39,0.91,27.3,17.38
design_7145,0.52,0.75,1.21,nan,nan,nan,0.52,0.88,15.24,7.56,0.91,36.67,18.22
design_7146,0.45,0.87,0.97,nan,nan,nan,0.48,0.79,14.9,7.43,0.9,32.25,18.95
design_7147,0.5,0.85,1.22,nan,nan,nan,0.53,0.91,15.5,7.68,0.91,33.66,17.72
design_7148,0.51,0.8,1.03,nan,nan,nan,0.49,0.81,15.07,7.47,0.91,15.94,10.76
design_7149,0.5,0.8,1.12,nan,nan,nan,0.5,0.85,15.57,7.65,0.91,25.42,17.07
design_7150,0.48,0.89,1.22,nan,nan,nan,0.52,0.91,15.25,7.66,0.9,41.55,20.25
design_7151,0.44,0.85,0.96,nan,nan,nan,0.47,0.78,15.0,7.48,0.9,33.43,16.68
design_7152,0.72,0.71,1.63,nan,nan,nan,0.62,1.18,14.79,7.42,0.89,27.51,12.94
design_7153,0.66,0.58,0.96,nan,nan,nan,0.5,0.77,15.25,7.73,0.89,29.48,13.38
design_7154,0.43,0.5,0.6,nan,nan,nan,0.42,0.52,15.87,8.0,0.89,26.36,15.76
design_7155,0.55,0.65,0.83,nan,nan,nan,0.47,0.7,15.85,7.87,0.9,27.45,19.85
design_7156,0.54,0.56,0.9,nan,nan,nan,0.49,0.72,15.41,7.74,0.89,29.99,15.46
design_7157,0.5,0.62,0.55,nan,nan,nan,0.44,0.56,15.52,7.79,0.89,19.03,11.53
design_7158,0.51,0.54,0.71,nan,nan,nan,0.46,0.61,15.82,7.89,0.9,29.06,16.63
design_7159,0.49,0.58,0.77,nan,nan,nan,0.47,0.64,15.74,7.97,0.89,29.94,12.76
design_7160,0.81,0.97,0.66,nan,nan,nan,0.49,0.8,15.61,7.77,0.9,23.5,15.0
design_7161,0.56,1.07,1.87,nan,nan,nan,0.7,1.38,16.1,8.1,0.89,36.42,14.06
design_7162,0.72,0.94,1.16,nan,nan,nan,0.55,0.99,16.08,8.07,0.89,32.44,13.27
design_7163,0.39,0.92,0.94,nan,nan,nan,0.51,0.81,16.24,8.0,0.9,25.88,12.93
design_7164,0.55,0.98,0.99,nan,nan,nan,0.53,0.88,16.16,7.98,0.9,14.2,12.99
design_7165,0.52,1.01,1.91,nan,nan,nan,0.7,1.39,15.82,7.94,0.89,34.68,15.87
design_7166,0.53,1.08,1.59,nan,nan,nan,0.63,1.22,15.63,7.97,0.88,20.1,14.94
design_7167,0.52,1.06,1.72,nan,nan,nan,0.66,1.29,15.55,7.9,0.89,20.88,14.55
design_7168,0.6,0.56,3.19,nan,nan,nan,1.06,2.2,14.18,7.48,0.87,25.43,16.49
design_7169,0.61,0.57,4.05,nan,nan,nan,1.31,2.78,14.61,7.56,0.87,24.17,14.06
design_7170,0.46,0.65,4.01,nan,nan,nan,1.29,2.74,4.39,3.17,0.88,22.81,13.18
design_7171,0.63,0.56,2.89,nan,nan,nan,0.98,2.0,16.26,8.36,0.87,23.14,21.26
design_7172,0.67,0.61,3.16,nan,nan,nan,1.07,2.19,12.9,6.86,0.87,25.36,13.79
design_7173,0.66,0.43,2.93,nan,nan,nan,0.99,2.03,15.58,8.04,0.86,24.29,17.64
design_7174,0.59,0.59,3.08,nan,nan,nan,1.03,2.13,14.94,7.76,0.87,25.15,18.04
design_7175,0.61,0.56,3.01,nan,nan,nan,1.01,2.08,14.57,7.5,0.87,25.94,13.51
design_7176,0.82,0.7,2.75,nan,nan,nan,0.98,1.99,14.08,7.22,0.88,22.55,14.22
design_7177,0.76,0.96,1.45,nan,nan,nan,0.65,1.18,15.75,7.98,0.88,29.1,20.29
design_7178,0.67,0.68,1.52,nan,nan,nan,0.65,1.16,8.38,4.82,0.87,5.94,3.29
design_7179,0.8,0.61,1.86,nan,nan,nan,0.74,1.39,15.98,8.2,0.88,13.08,9.02
design_7180,0.78,0.81,1.33,nan,nan,nan,0.61,1.08,17.04,8.51,0.88,31.85,19.82
design_7181,0.8,0.81,2.56,nan,nan,nan,0.93,1.87,16.33,8.21,0.88,14.22,11.93
design_7182,0.77,0.96,1.53,nan,nan,nan,0.67,1.23,17.14,8.41,0.9,34.62,19.91
design_7183,0.78,0.9,1.45,nan,nan,nan,0.64,1.18,17.03,8.41,0.9,23.88,20.73
design_7184,0.65,1.01,4.96,nan,nan,nan,1.52,3.33,16.67,8.62,0.87,26.93,15.28
design_7185,0.66,0.98,4.92,nan,nan,nan,1.51,3.3,12.91,7.05,0.86,28.37,14.53
design_7186,0.73,0.92,4.54,nan,nan,nan,1.4,3.06,16.18,8.37,0.87,19.8,7.91
design_7187,0.95,0.98,4.67,nan,nan,nan,1.45,3.17,16.06,8.36,0.87,15.47,8.52
design_7188,0.36,1.17,1.13,nan,nan,nan,0.57,0.97,15.27,7.7,0.89,22.79,19.51
design_7189,0.42,1.02,1.28,nan,nan,nan,0.59,1.02,15.51,7.84,0.89,21.9,19.41
design_7190,0.35,1.08,1.02,nan,nan,nan,0.56,0.89,14.96,7.5,0.89,14.77,15.62
design_7191,0.36,1.08,1.19,nan,nan,nan,0.57,0.98,15.57,7.81,0.89,25.37,22.13
design_7192,0.54,0.47,3.4,nan,nan,nan,1.1,2.33,12.71,6.55,0.89,31.12,16.02
design_7193,0.95,0.61,1.8,nan,nan,nan,0.7,1.36,18.65,9.37,0.87,46.59,33.09
design_7194,0.75,0.47,3.1,nan,nan,nan,1.04,2.15,15.25,7.56,0.9,32.41,17.85
design_7195,0.53,0.48,3.28,nan,nan,nan,1.07,2.25,13.28,6.78,0.89,30.29,16.14
design_7196,0.72,0.48,3.28,nan,nan,nan,1.09,2.27,14.64,7.39,0.88,30.29,18.79
design_7197,0.56,0.58,3.22,nan,nan,nan,1.06,2.22,13.05,6.91,0.87,30.76,17.36
design_7198,0.75,0.56,2.12,nan,nan,nan,0.77,1.52,16.17,8.45,0.87,31.64,15.68
design_7199,0.77,0.39,3.09,nan,nan,nan,1.03,2.14,15.64,7.79,0.89,37.26,22.1
design_7200,0.59,0.55,2.97,nan,nan,nan,1.04,2.1,16.43,8.4,0.87,27.79,16.46
design_7201,0.86,0.41,4.26,nan,nan,nan,1.42,2.99,18.59,9.2,0.88,33.94,30.15
design_7202,0.49,0.6,3.29,nan,nan,nan,1.13,2.31,16.39,8.43,0.88,24.53,14.68
design_7203,1.04,0.49,3.76,nan,nan,nan,1.29,2.67,16.64,8.58,0.87,20.63,16.35
design_7204,0.74,0.55,4.17,nan,nan,nan,1.39,2.93,16.97,8.51,0.87,28.07,18.17
design_7205,0.56,0.65,5.27,nan,nan,nan,1.73,3.68,16.79,8.46,0.89,19.05,20.44
design_7206,0.57,0.57,3.66,nan,nan,nan,1.24,2.57,15.86,8.02,0.89,16.72,10.99
design_7207,0.57,0.69,4.02,nan,nan,nan,1.35,2.82,16.73,8.56,0.88,23.35,17.51
design_7208,0.75,1.17,2.64,nan,nan,nan,0.78,1.69,13.37,7.01,0.88,13.28,12.42
design_7209,0.74,1.16,2.49,nan,nan,nan,0.77,1.61,14.7,7.57,0.89,6.82,5.13
design_7210,0.66,1.24,2.65,nan,nan,nan,0.8,1.69,13.88,7.17,0.89,13.37,13.84
design_7211,0.66,1.2,2.61,nan,nan,nan,0.78,1.66,15.21,7.78,0.89,14.75,7.17
design_7212,0.75,1.2,4.0,nan,nan,nan,1.05,2.39,14.51,7.42,0.89,20.85,19.53
design_7213,0.91,1.04,1.47,nan,nan,nan,0.61,1.15,14.37,7.53,0.88,14.29,13.02
design_7214,1.06,1.46,4.35,nan,nan,nan,1.15,2.66,14.3,7.33,0.89,17.7,17.16
design_7215,1.34,1.27,2.62,nan,nan,nan,0.84,1.83,13.62,7.18,0.88,12.53,11.95
design_7216,0.94,0.62,1.27,nan,nan,nan,0.55,0.98,15.16,7.76,0.88,35.36,15.21
design_7217,0.8,0.75,1.15,nan,nan,nan,0.54,0.91,10.95,5.84,0.88,36.92,16.18
design_7218,0.68,0.59,0.82,nan,nan,nan,0.48,0.7,15.33,7.62,0.91,32.8,16.38
design_7219,0.67,0.63,1.12,nan,nan,nan,0.51,0.83,14.52,7.39,0.89,36.63,18.92
design_7220,0.86,0.69,1.2,nan,nan,nan,0.54,0.94,15.71,7.85,0.9,35.62,15.65
design_7221,0.69,0.72,1.18,nan,nan,nan,0.51,0.88,15.67,7.82,0.9,38.32,15.5
design_7222,0.88,0.74,1.14,nan,nan,nan,0.53,0.93,10.19,5.49,0.88,37.41,16.24
design_7223,0.83,0.65,1.03,nan,nan,nan,0.52,0.85,15.49,7.62,0.91,33.79,18.06
design_7224,0.72,0.64,7.62,nan,nan,nan,2.36,5.18,16.46,8.65,0.86,16.12,13.55
design_7225,0.98,0.62,9.84,nan,nan,nan,3.03,6.69,14.64,7.78,0.87,39.5,17.39
design_7226,0.76,0.54,2.66,nan,nan,nan,0.92,1.87,15.77,8.03,0.89,13.95,9.92
design_7227,0.87,0.57,2.94,nan,nan,nan,1.01,2.06,15.36,7.71,0.89,14.58,13.01
design_7228,0.91,0.52,8.46,nan,nan,nan,2.61,5.75,16.41,8.72,0.86,34.01,14.06
design_7229,0.83,0.6,3.02,nan,nan,nan,1.02,2.11,15.58,7.85,0.89,25.71,18.29
design_7230,0.58,0.57,6.89,nan,nan,nan,2.14,4.69,16.8,8.88,0.86,41.21,20.58
design_7231,0.86,0.64,4.07,nan,nan,nan,1.32,2.81,16.93,8.97,0.86,13.65,14.18
design_7232,0.77,0.65,3.27,nan,nan,nan,1.13,2.32,16.44,8.53,0.87,34.53,17.0
design_7233,0.82,0.58,2.09,nan,nan,nan,0.81,1.54,14.75,7.66,0.87,20.04,14.54
design_7234,0.85,0.57,3.36,nan,nan,nan,1.17,2.39,15.83,8.19,0.88,20.32,19.86
design_7235,0.42,0.55,3.23,nan,nan,nan,1.11,2.27,16.33,8.44,0.87,20.31,20.44
design_7236,0.48,0.51,1.99,nan,nan,nan,0.76,1.42,16.01,8.21,0.88,32.15,19.7
design_7237,0.58,0.64,2.96,nan,nan,nan,1.03,2.1,16.62,8.58,0.87,28.11,19.77
design_7238,0.68,0.62,1.4,nan,nan,nan,0.62,1.08,15.91,8.11,0.88,31.67,18.59
design_7239,0.74,0.54,2.21,nan,nan,nan,0.84,1.6,14.68,7.57,0.88,19.0,16.97
design_7240,0.77,0.67,3.24,nan,nan,nan,0.86,1.92,15.59,7.92,0.89,20.57,10.1
design_7241,0.57,0.48,3.13,nan,nan,nan,0.82,1.81,15.92,8.13,0.88,34.42,17.94
design_7242,0.87,0.62,2.94,nan,nan,nan,0.82,1.77,15.56,8.03,0.88,24.38,11.95
design_7243,0.65,0.63,3.25,nan,nan,nan,0.86,1.9,15.14,7.68,0.89,19.69,15.59
design_7244,0.71,0.72,3.16,nan,nan,nan,0.85,1.87,14.74,7.61,0.89,25.65,11.94
design_7245,0.71,0.51,2.9,nan,nan,nan,0.8,1.71,16.05,8.18,0.89,33.08,13.62
design_7246,0.54,0.53,3.12,nan,nan,nan,0.82,1.81,15.57,7.93,0.89,20.97,16.01
design_7247,0.63,0.66,2.93,nan,nan,nan,0.79,1.73,15.23,7.9,0.88,32.84,17.16
design_7248,0.49,0.9,0.57,nan,nan,nan,0.46,0.65,14.16,7.05,0.89,13.46,12.05
design_7249,0.52,0.92,0.61,nan,nan,nan,0.47,0.68,13.87,6.93,0.9,11.28,12.03
design_7250,0.43,0.87,0.49,nan,nan,nan,0.44,0.6,15.44,7.54,0.91,7.34,7.83
design_7251,0.5,0.86,0.53,nan,nan,nan,0.45,0.62,14.83,7.31,0.9,11.3,10.09
design_7252,0.45,0.78,0.5,nan,nan,nan,0.44,0.57,15.68,7.73,0.9,6.03,6.39
design_7253,0.49,0.89,0.51,nan,nan,nan,0.45,0.62,15.33,7.56,0.9,4.43,5.09
design_7254,0.48,0.79,0.54,nan,nan,nan,0.46,0.6,16.41,7.99,0.9,19.02,17.05
design_7255,0.55,0.92,0.58,nan,nan,nan,0.47,0.68,13.5,6.76,0.9,11.22,11.7
design_7256,0.51,1.18,1.41,nan,nan,nan,0.56,1.06,13.9,7.17,0.88,29.14,16.51
design_7257,0.39,1.17,1.52,nan,nan,nan,0.57,1.07,13.08,6.92,0.88,29.34,16.96
design_7258,0.44,1.26,1.32,nan,nan,nan,0.55,1.04,13.07,6.82,0.88,27.99,18.42
design_7259,0.47,1.16,1.37,nan,nan,nan,0.56,1.03,14.27,7.35,0.89,29.03,17.3
design_7260,0.77,1.14,1.08,nan,nan,nan,0.59,0.99,13.78,7.06,0.89,29.91,17.23
design_7261,0.45,1.22,1.34,nan,nan,nan,0.56,1.04,12.29,6.51,0.88,29.39,17.16
design_7262,0.46,1.18,1.66,nan,nan,nan,0.59,1.15,14.03,7.31,0.88,28.87,18.58
design_7263,0.85,1.17,1.05,nan,nan,nan,0.59,1.02,14.62,7.41,0.89,30.11,20.3
design_7264,0.64,1.21,3.49,nan,nan,nan,0.88,2.01,15.21,7.8,0.89,24.12,19.79
design_7265,0.52,1.14,3.54,nan,nan,nan,0.89,2.01,15.47,7.88,0.89,27.13,18.2
design_7266,0.47,1.11,1.11,nan,nan,nan,0.52,0.92,15.25,7.86,0.89,15.54,6.56
design_7267,0.57,1.24,1.13,nan,nan,nan,0.55,1.0,14.5,7.57,0.88,26.83,18.36
design_7268,0.49,1.26,2.23,nan,nan,nan,0.68,1.41,14.56,7.42,0.9,27.48,18.11
design_7269,0.55,1.13,1.04,nan,nan,nan,0.53,0.92,14.47,7.49,0.89,14.52,12.18
design_7270,0.66,1.29,2.24,nan,nan,nan,0.7,1.45,14.14,7.25,0.89,28.7,17.79
design_7271,0.52,1.28,2.25,nan,nan,nan,0.69,1.43,13.77,7.0,0.9,27.57,18.12
design_7272,0.76,0.52,5.28,nan,nan,nan,1.67,3.61,14.83,7.52,0.86,32.49,18.31
design_7273,0.79,0.47,5.06,nan,nan,nan,1.6,3.46,17.92,8.85,0.87,44.7,26.41
design_7274,0.7,0.81,6.15,nan,nan,nan,1.92,4.2,9.4,5.57,0.85,28.44,15.53
design_7275,0.84,0.82,5.79,nan,nan,nan,1.82,3.97,9.77,5.73,0.85,28.6,15.57
design_7276,0.72,0.53,5.18,nan,nan,nan,1.63,3.54,16.5,8.33,0.86,40.18,20.19
design_7277,0.93,0.53,5.38,nan,nan,nan,1.7,3.69,13.97,7.35,0.87,32.25,13.33
design_7278,0.84,0.61,3.93,nan,nan,nan,1.28,2.71,16.08,8.27,0.87,28.73,15.41
design_7279,0.71,0.83,5.57,nan,nan,nan,1.75,3.82,10.19,5.71,0.86,28.08,16.15
design_7280,0.44,0.66,3.24,nan,nan,nan,1.1,2.28,15.96,8.06,0.88,23.68,19.58
design_7281,0.43,0.48,3.52,nan,nan,nan,1.19,2.46,17.0,8.59,0.88,22.02,23.42
design_7282,0.45,0.71,3.04,nan,nan,nan,1.06,2.15,16.98,8.7,0.88,21.48,19.66
design_7283,0.61,0.66,4.89,nan,nan,nan,1.6,3.42,14.91,7.55,0.89,21.82,18.39
design_7284,0.44,0.68,2.92,nan,nan,nan,1.02,2.06,17.56,8.96,0.88,23.91,20.09
design_7285,0.55,0.67,3.06,nan,nan,nan,1.06,2.17,16.47,8.58,0.87,18.77,14.91
design_7286,0.38,0.8,3.18,nan,nan,nan,1.09,2.25,16.43,8.32,0.89,24.3,19.53
design_7287,0.47,0.53,3.2,nan,nan,nan,1.1,2.25,17.24,8.85,0.87,39.86,27.68
design_7288,0.57,0.87,2.85,nan,nan,nan,0.94,1.96,15.87,8.26,0.87,23.38,18.66
design_7289,0.7,0.79,3.35,nan,nan,nan,1.08,2.28,9.11,5.27,0.86,18.72,11.79
design_7290,0.56,0.67,1.9,nan,nan,nan,0.7,1.34,16.93,8.83,0.87,23.46,24.28
design_7291,0.57,0.71,5.07,nan,nan,nan,1.53,3.37,16.3,8.56,0.87,23.93,24.02
design_7292,0.55,0.74,4.06,nan,nan,nan,1.25,2.72,16.87,8.66,0.88,15.51,12.32
design_7293,0.6,0.72,4.43,nan,nan,nan,1.36,2.96,16.89,8.76,0.87,12.45,10.99
design_7294,0.62,0.71,3.62,nan,nan,nan,1.14,2.44,16.18,8.34,0.87,25.13,23.7
design_7295,0.83,0.87,3.84,nan,nan,nan,1.21,2.61,12.73,6.85,0.86,18.92,10.94
design_7296,0.46,0.73,0.45,nan,nan,nan,0.42,0.53,16.59,8.01,0.91,25.23,21.31
design_7297,0.6,0.7,0.53,nan,nan,nan,0.45,0.59,16.16,7.93,0.9,23.9,20.12
design_7298,0.44,0.64,0.5,nan,nan,nan,0.43,0.52,16.6,8.05,0.91,25.68,18.96
design_7299,0.77,0.78,0.52,nan,nan,nan,0.48,0.66,15.78,7.73,0.9,19.84,19.4
design_7300,0.47,0.66,0.52,nan,nan,nan,0.43,0.54,15.84,7.74,0.9,24.66,18.97
design_7301,0.53,0.76,0.45,nan,nan,nan,0.45,0.56,16.39,8.04,0.9,18.77,16.88
design_7302,0.54,0.74,0.48,nan,nan,nan,0.45,0.57,16.02,7.78,0.9,20.39,15.94
design_7303,0.54,0.71,0.51,nan,nan,nan,0.45,0.57,16.93,8.21,0.9,27.73,15.49
design_7304,0.55,0.77,4.0,nan,nan,nan,1.28,2.75,16.82,8.83,0.86,21.44,25.0
design_7305,0.74,0.73,3.49,nan,nan,nan,1.14,2.42,17.67,9.1,0.86,20.83,22.8
design_7306,0.62,0.72,4.39,nan,nan,nan,1.39,3.01,16.92,8.79,0.87,29.9,15.13
design_7307,0.49,0.79,4.74,nan,nan,nan,1.5,3.25,17.27,8.92,0.87,23.93,25.62
design_7308,0.71,0.86,3.95,nan,nan,nan,1.29,2.74,16.28,8.42,0.87,27.24,16.75
design_7309,0.89,0.97,4.42,nan,nan,nan,1.43,3.07,16.02,8.6,0.86,25.87,13.72
design_7310,0.53,0.73,4.69,nan,nan,nan,1.49,3.21,16.1,8.31,0.87,20.67,20.08
design_7311,0.58,0.65,3.65,nan,nan,nan,1.19,2.51,15.84,8.36,0.86,26.07,11.64
design_7312,0.56,0.45,3.33,nan,nan,nan,1.14,2.34,15.49,7.78,0.88,26.45,16.11
design_7313,0.91,0.56,3.66,nan,nan,nan,1.24,2.59,11.47,6.21,0.87,27.73,15.97
design_7314,0.66,0.36,3.41,nan,nan,nan,1.17,2.4,15.81,7.88,0.89,32.62,16.65
design_7315,0.49,0.57,3.45,nan,nan,nan,1.17,2.42,15.55,7.8,0.89,22.72,20.27
design_7316,0.71,0.45,3.37,nan,nan,nan,1.16,2.37,14.21,7.25,0.88,32.59,15.57
design_7317,0.66,0.51,3.67,nan,nan,nan,1.24,2.58,13.99,7.19,0.88,26.77,15.45
design_7318,0.73,0.46,3.71,nan,nan,nan,1.25,2.61,15.2,7.69,0.89,29.58,13.55
design_7319,0.56,0.4,3.48,nan,nan,nan,1.18,2.44,14.85,7.54,0.88,27.33,15.98
design_7320,0.45,1.28,1.02,nan,nan,nan,0.54,0.95,14.75,7.53,0.89,27.15,19.1
design_7321,0.61,1.18,1.07,nan,nan,nan,0.54,0.96,14.26,7.29,0.89,11.96,11.46
design_7322,0.41,1.12,1.06,nan,nan,nan,0.51,0.89,14.28,7.25,0.89,7.59,4.74
design_7323,0.58,1.19,1.11,nan,nan,nan,0.55,0.97,14.79,7.52,0.89,6.33,3.16
design_7324,0.47,1.08,1.09,nan,nan,nan,0.52,0.9,14.96,7.59,0.89,19.07,19.57
design_7325,0.32,1.18,1.0,nan,nan,nan,0.51,0.88,14.76,7.48,0.9,13.2,8.69
design_7326,0.52,1.14,0.97,nan,nan,nan,0.52,0.9,15.5,7.93,0.89,15.92,15.32
design_7327,0.5,1.12,1.07,nan,nan,nan,0.53,0.91,14.96,7.58,0.89,25.22,21.31
design_7328,0.25,0.25,0.67,nan,nan,nan,0.44,0.51,16.66,7.99,0.91,16.94,9.29
design_7329,0.28,0.25,0.63,nan,nan,nan,0.43,0.48,15.24,7.42,0.91,21.44,19.16
design_7330,0.46,0.27,1.0,nan,nan,nan,0.52,0.76,16.0,7.74,0.9,23.68,19.93
design_7331,0.73,0.37,0.96,nan,nan,nan,0.55,0.8,16.62,8.07,0.9,23.44,17.02
design_7332,0.41,0.27,0.8,nan,nan,nan,0.48,0.62,16.7,7.98,0.91,17.23,14.84
design_7333,0.54,0.31,0.69,nan,nan,nan,0.45,0.58,15.95,7.78,0.9,24.72,15.01
design_7334,0.76,0.39,1.32,nan,nan,nan,0.62,1.03,16.29,7.91,0.9,19.41,11.27
design_7335,0.5,0.26,0.83,nan,nan,nan,0.48,0.66,16.51,7.92,0.91,25.58,16.48
design_7336,0.45,0.7,0.49,nan,nan,nan,0.42,0.54,16.1,7.8,0.91,24.69,19.26
design_7337,0.32,0.63,0.45,nan,nan,nan,0.4,0.47,16.61,8.04,0.91,28.54,17.37
design_7338,0.68,0.83,0.54,nan,nan,nan,0.47,0.65,15.13,7.56,0.89,29.29,15.36
design_7339,0.66,0.83,0.51,nan,nan,nan,0.45,0.64,16.62,8.04,0.9,24.16,18.86
design_7340,0.42,0.78,0.64,nan,nan,nan,0.45,0.63,15.15,7.39,0.9,21.53,19.86
design_7341,1.04,0.71,0.44,nan,nan,nan,0.47,0.71,16.47,8.08,0.9,24.86,14.79
design_7342,0.72,0.74,0.54,nan,nan,nan,0.48,0.64,16.88,8.24,0.9,25.27,17.51
design_7343,0.63,0.65,0.59,nan,nan,nan,0.46,0.61,15.88,7.75,0.91,26.57,17.79
design_7344,0.75,0.69,0.66,nan,nan,nan,0.47,0.69,15.4,7.63,0.9,22.65,9.01
design_7345,0.79,0.54,3.63,nan,nan,nan,1.13,2.45,16.02,8.31,0.87,27.01,21.27
design_7346,0.79,0.66,0.61,nan,nan,nan,0.48,0.68,15.19,7.58,0.9,8.59,4.05
design_7347,0.74,0.62,0.72,nan,nan,nan,0.48,0.7,14.67,7.53,0.88,19.89,12.47
design_7348,0.95,0.65,0.85,nan,nan,nan,0.55,0.83,15.31,7.78,0.89,6.06,7.43
design_7349,0.97,0.68,2.61,nan,nan,nan,0.89,1.84,15.97,8.28,0.87,24.6,9.55
design_7350,0.64,0.67,0.67,nan,nan,nan,0.47,0.66,15.13,7.57,0.9,27.55,10.97
design_7351,0.63,0.61,0.6,nan,nan,nan,0.46,0.61,14.68,7.45,0.89,18.33,13.64
design_7352,0.34,0.61,0.92,nan,nan,nan,0.48,0.74,15.55,8.04,0.87,13.22,10.41
design_7353,0.48,0.45,3.35,nan,nan,nan,1.17,2.39,15.68,7.88,0.88,16.24,12.1
design_7354,0.71,0.43,3.35,nan,nan,nan,1.18,2.41,15.28,7.71,0.88,30.61,13.88
design_7355,0.42,0.45,3.64,nan,nan,nan,1.26,2.59,13.62,6.93,0.88,29.19,17.38
design_7356,0.51,0.33,3.31,nan,nan,nan,1.15,2.36,14.5,7.48,0.88,29.96,14.86
design_7357,0.48,0.37,3.57,nan,nan,nan,1.23,2.54,13.75,7.03,0.89,30.43,15.08
design_7358,0.42,0.47,3.46,nan,nan,nan,1.21,2.47,16.46,8.19,0.89,27.04,13.15
design_7359,0.56,0.41,3.39,nan,nan,nan,1.18,2.42,15.75,7.82,0.89,28.37,13.68
design_7360,0.9,0.62,2.27,nan,nan,nan,0.87,1.67,16.36,8.45,0.87,39.15,32.62
design_7361,0.49,0.67,2.48,nan,nan,nan,0.89,1.77,16.64,8.62,0.87,22.7,19.82
design_7362,0.66,0.6,2.41,nan,nan,nan,0.89,1.73,17.87,8.99,0.88,41.2,37.03
design_7363,0.93,0.71,2.34,nan,nan,nan,0.87,1.73,18.68,9.23,0.88,25.61,18.74
design_7364,0.79,0.58,2.57,nan,nan,nan,0.92,1.85,16.55,8.56,0.86,33.09,17.78
design_7365,0.54,0.68,1.07,nan,nan,nan,0.54,0.86,16.63,8.35,0.88,20.86,22.3
design_7366,0.86,0.56,2.24,nan,nan,nan,0.85,1.64,15.83,8.0,0.88,31.8,21.34
design_7367,0.54,0.7,2.69,nan,nan,nan,0.95,1.92,15.4,7.84,0.88,30.65,29.66
design_7368,0.46,0.74,2.84,nan,nan,nan,0.93,1.93,16.02,8.26,0.88,24.06,10.91
design_7369,0.35,0.83,1.35,nan,nan,nan,0.58,1.0,15.07,7.58,0.89,21.32,14.06
design_7370,0.39,0.89,2.09,nan,nan,nan,0.75,1.46,15.71,7.87,0.89,27.14,12.74
design_7371,0.54,0.97,2.7,nan,nan,nan,0.91,1.87,15.33,7.77,0.89,28.4,15.4
design_7372,0.35,0.58,1.24,nan,nan,nan,0.54,0.89,15.13,7.67,0.88,20.66,16.77
design_7373,0.3,0.67,2.27,nan,nan,nan,0.79,1.55,15.77,7.95,0.89,9.22,7.04
design_7374,0.42,0.74,1.28,nan,nan,nan,0.57,0.95,14.67,7.45,0.89,17.52,11.38
design_7375,0.44,0.82,2.49,nan,nan,nan,0.85,1.71,15.46,7.77,0.89,29.73,21.01
design_7376,0.6,0.62,0.6,nan,nan,nan,0.43,0.61,14.67,7.21,0.9,22.99,19.57
design_7377,0.65,0.76,0.67,nan,nan,nan,0.47,0.68,16.1,7.93,0.9,23.14,22.79
design_7378,0.58,0.78,0.6,nan,nan,nan,0.46,0.64,15.94,7.86,0.9,23.27,26.59
design_7379,0.64,0.78,0.68,nan,nan,nan,0.47,0.69,15.55,7.61,0.9,23.57,24.14
design_7380,0.6,0.74,0.63,nan,nan,nan,0.46,0.65,14.26,7.3,0.87,20.29,16.57
design_7381,0.65,0.73,0.61,nan,nan,nan,0.46,0.65,14.04,6.99,0.9,21.98,17.04
design_7382,0.62,0.61,0.54,nan,nan,nan,0.43,0.58,3.2,2.47,0.91,5.73,4.22
design_7383,0.55,0.72,0.75,nan,nan,nan,0.46,0.7,14.3,7.08,0.9,20.46,18.65
design_7384,0.42,0.91,0.99,nan,nan,nan,0.51,0.83,14.79,7.39,0.89,9.87,7.07
design_7385,0.8,0.81,1.14,nan,nan,nan,0.56,0.96,14.97,7.54,0.89,18.09,7.19
design_7386,0.52,0.7,0.95,nan,nan,nan,0.49,0.77,15.25,7.57,0.9,28.05,18.98
design_7387,0.62,0.79,2.76,nan,nan,nan,0.87,1.84,15.68,8.05,0.88,29.5,14.07
design_7388,0.65,0.79,1.31,nan,nan,nan,0.57,1.0,15.53,7.84,0.89,20.43,14.54
design_7389,0.7,0.87,0.98,nan,nan,nan,0.53,0.87,14.06,7.13,0.89,22.26,9.67
design_7390,0.42,0.87,3.49,nan,nan,nan,1.06,2.29,15.69,8.0,0.89,23.99,13.25
design_7391,0.86,0.77,1.23,nan,nan,nan,0.57,1.0,15.71,8.05,0.88,23.12,12.86
design_7392,0.69,0.67,0.56,nan,nan,nan,0.46,0.62,4.35,3.1,0.89,20.05,20.79
design_7393,0.61,0.64,0.58,nan,nan,nan,0.46,0.6,12.67,6.52,0.88,23.03,13.52
design_7394,0.71,0.64,0.59,nan,nan,nan,0.48,0.64,16.21,7.94,0.9,21.9,13.97
design_7395,0.8,0.79,0.64,nan,nan,nan,0.49,0.72,12.67,6.49,0.88,21.64,11.97
design_7396,0.54,0.65,0.56,nan,nan,nan,0.45,0.58,14.52,7.18,0.9,21.64,12.81
design_7397,0.61,0.57,0.6,nan,nan,nan,0.46,0.59,14.68,7.32,0.89,23.23,16.56
design_7398,0.54,0.65,0.58,nan,nan,nan,0.46,0.59,16.0,7.86,0.9,25.74,20.04
design_7399,0.39,0.64,0.58,nan,nan,nan,0.44,0.55,15.98,7.85,0.9,25.49,18.48
design_7400,0.9,0.49,2.72,nan,nan,nan,0.98,1.96,17.61,8.92,0.87,25.69,18.72
design_7401,0.65,0.56,2.26,nan,nan,nan,0.83,1.63,16.22,8.31,0.87,38.07,34.95
design_7402,0.7,0.58,1.5,nan,nan,nan,0.64,1.14,16.31,8.3,0.88,29.58,29.44
design_7403,0.62,0.57,3.93,nan,nan,nan,1.31,2.75,16.8,8.71,0.87,23.82,19.49
design_7404,0.64,0.51,1.92,nan,nan,nan,0.74,1.4,15.66,8.02,0.88,34.07,19.31
design_7405,0.49,0.53,2.15,nan,nan,nan,0.8,1.53,17.55,8.87,0.88,23.86,22.08
design_7406,0.67,0.5,1.94,nan,nan,nan,0.73,1.41,16.91,8.68,0.87,40.13,39.26
design_7407,0.75,0.55,2.79,nan,nan,nan,0.99,1.99,16.64,8.5,0.88,37.3,31.56
design_7408,0.48,0.62,3.74,nan,nan,nan,1.11,2.43,16.34,8.27,0.88,27.35,12.74
design_7409,0.53,0.55,1.52,nan,nan,nan,0.59,1.06,16.11,8.17,0.88,29.39,15.21
design_7410,0.68,0.5,1.48,nan,nan,nan,0.58,1.05,15.99,8.17,0.88,18.01,13.02
design_7411,0.53,0.38,3.41,nan,nan,nan,1.03,2.21,16.25,8.3,0.87,39.24,19.61
design_7412,0.57,0.66,0.96,nan,nan,nan,0.48,0.77,15.88,7.96,0.89,28.92,17.07
design_7413,0.59,0.55,1.73,nan,nan,nan,0.63,1.19,16.18,8.18,0.88,18.8,13.61
design_7414,0.55,0.57,0.96,nan,nan,nan,0.49,0.75,16.37,8.15,0.9,11.8,7.6
design_7415,0.53,0.56,1.55,nan,nan,nan,0.58,1.08,16.19,8.15,0.89,26.81,13.8
design_7416,0.75,0.79,3.92,nan,nan,nan,1.24,2.65,17.07,9.0,0.87,25.45,13.86
design_7417,0.62,1.01,3.23,nan,nan,nan,1.05,2.22,16.71,8.44,0.89,29.65,15.78
design_7418,0.5,0.72,2.75,nan,nan,nan,0.9,1.87,16.46,8.42,0.88,30.57,15.92
design_7419,0.43,0.89,3.22,nan,nan,nan,1.04,2.18,15.89,7.91,0.9,22.4,15.21
design_7420,0.56,0.96,3.33,nan,nan,nan,1.08,2.27,15.97,8.09,0.89,9.52,9.02
design_7421,0.46,1.0,3.2,nan,nan,nan,1.03,2.18,15.14,7.66,0.89,16.19,11.62
design_7422,0.49,0.95,3.15,nan,nan,nan,1.02,2.15,15.93,7.94,0.9,24.47,12.73
design_7423,0.42,0.86,2.99,nan,nan,nan,0.98,2.03,16.41,8.31,0.89,22.86,14.1
design_7424,0.4,0.87,0.69,nan,nan,nan,0.47,0.67,15.48,7.66,0.9,9.11,7.33
design_7425,0.92,0.83,0.58,nan,nan,nan,0.48,0.76,15.75,7.98,0.88,31.69,11.95
design_7426,0.46,0.96,0.6,nan,nan,nan,0.49,0.68,15.3,7.62,0.9,33.1,14.59
design_7427,0.53,0.86,0.55,nan,nan,nan,0.46,0.64,15.17,7.79,0.88,22.3,12.78
design_7428,0.99,0.84,0.67,nan,nan,nan,0.49,0.82,15.61,7.95,0.88,24.77,19.49
design_7429,0.97,0.86,0.51,nan,nan,nan,0.49,0.77,15.69,7.91,0.89,24.07,14.21
design_7430,0.46,0.82,0.62,nan,nan,nan,0.47,0.64,15.77,7.82,0.9,12.74,10.63
design_7431,0.91,0.85,0.57,nan,nan,nan,0.5,0.76,15.76,7.91,0.9,13.05,8.72
design_7432,0.56,0.68,1.46,nan,nan,nan,0.57,1.0,15.3,7.66,0.9,24.91,17.06
design_7433,0.68,1.04,1.4,nan,nan,nan,0.57,1.08,15.01,7.44,0.91,10.3,5.56
design_7434,0.54,1.08,1.49,nan,nan,nan,0.59,1.11,15.76,7.81,0.91,11.89,11.88
design_7435,0.59,1.54,1.12,nan,nan,nan,0.57,1.13,15.02,7.46,0.91,16.78,9.29
design_7436,0.54,1.06,1.4,nan,nan,nan,0.58,1.06,15.13,7.47,0.91,27.5,19.57
design_7437,0.41,0.77,1.16,nan,nan,nan,0.5,0.84,15.22,7.57,0.9,34.69,20.96
design_7438,0.72,0.77,1.61,nan,nan,nan,0.58,1.13,15.08,7.65,0.89,16.01,8.71
design_7439,0.52,0.93,1.33,nan,nan,nan,0.56,0.99,15.49,7.69,0.91,7.88,6.62
design_7440,0.58,0.95,3.31,nan,nan,nan,1.12,2.36,15.85,7.96,0.89,24.31,22.84
design_7441,0.6,0.7,2.69,nan,nan,nan,0.95,1.92,16.76,8.75,0.87,24.0,20.69
design_7442,0.5,0.93,2.92,nan,nan,nan,1.01,2.09,16.09,8.15,0.88,30.82,20.89
design_7443,0.61,0.91,3.23,nan,nan,nan,1.1,2.3,15.8,7.92,0.89,33.32,17.01
design_7444,0.58,0.87,3.43,nan,nan,nan,1.16,2.44,14.85,7.43,0.9,33.37,21.35
design_7445,0.5,0.77,2.93,nan,nan,nan,1.01,2.08,16.24,8.05,0.9,34.5,23.0
design_7446,0.59,0.75,3.01,nan,nan,nan,1.03,2.14,16.51,8.16,0.89,26.79,13.71
design_7447,0.61,0.82,3.1,nan,nan,nan,1.06,2.21,17.53,8.6,0.9,34.94,35.27
design_7448,0.5,0.68,3.26,nan,nan,nan,0.99,2.13,15.67,7.81,0.89,31.75,16.61
design_7449,0.62,0.59,3.27,nan,nan,nan,1.01,2.14,16.34,8.1,0.9,34.52,13.9
design_7450,0.49,0.61,2.67,nan,nan,nan,0.84,1.76,16.5,8.35,0.88,28.7,17.44
design_7451,0.49,0.73,1.73,nan,nan,nan,0.64,1.2,16.09,8.17,0.89,31.35,18.44
design_7452,0.57,0.64,2.89,nan,nan,nan,0.91,1.91,16.14,8.12,0.89,18.9,18.12
design_7453,0.48,0.66,2.88,nan,nan,nan,0.9,1.89,16.09,8.06,0.89,20.99,12.75
design_7454,0.55,0.61,3.03,nan,nan,nan,0.94,1.99,15.99,8.04,0.89,17.47,15.88
design_7455,0.55,0.66,2.88,nan,nan,nan,0.9,1.9,16.19,8.16,0.89,22.82,19.13
design_7456,0.59,0.88,0.9,nan,nan,nan,0.49,0.79,14.54,7.29,0.9,37.51,18.32
design_7457,0.61,0.9,0.83,nan,nan,nan,0.5,0.78,14.58,7.25,0.91,28.01,14.85
design_7458,0.6,0.94,0.79,nan,nan,nan,0.48,0.78,14.53,7.25,0.91,33.45,17.26
design_7459,0.63,0.92,0.89,nan,nan,nan,0.51,0.81,14.93,7.44,0.91,28.87,15.46
design_7460,0.57,0.83,0.88,nan,nan,nan,0.49,0.75,14.66,7.3,0.91,23.13,14.19
design_7461,0.69,0.87,0.93,nan,nan,nan,0.5,0.82,14.82,7.35,0.91,25.55,22.33
design_7462,0.44,0.9,0.99,nan,nan,nan,0.49,0.78,15.23,7.72,0.9,33.67,20.42
design_7463,0.55,0.86,0.78,nan,nan,nan,0.47,0.73,14.75,7.3,0.91,25.57,15.54
design_7464,0.61,0.62,0.93,nan,nan,nan,0.49,0.75,15.38,7.75,0.89,31.77,16.97
design_7465,0.88,0.62,0.89,nan,nan,nan,0.51,0.82,15.18,7.79,0.88,15.1,10.9
design_7466,0.73,0.84,1.14,nan,nan,nan,0.54,0.94,15.33,7.79,0.89,28.48,14.34
design_7467,0.66,0.62,1.44,nan,nan,nan,0.57,1.02,15.67,7.9,0.9,25.2,20.41
design_7468,0.6,0.64,1.3,nan,nan,nan,0.55,0.94,15.32,7.85,0.88,19.25,11.47
design_7469,0.7,0.71,1.03,nan,nan,nan,0.51,0.84,15.23,7.81,0.88,29.03,16.26
design_7470,0.66,0.68,1.14,nan,nan,nan,0.53,0.88,14.89,7.65,0.88,8.25,8.98
design_7471,0.63,0.51,1.07,nan,nan,nan,0.5,0.8,15.24,7.8,0.88,33.7,13.73
design_7472,0.74,1.54,1.67,nan,nan,nan,0.67,1.34,14.87,7.68,0.88,10.34,11.03
design_7473,0.63,1.52,1.55,nan,nan,nan,0.65,1.26,14.5,7.39,0.89,8.85,8.04
design_7474,0.86,1.56,1.86,nan,nan,nan,0.7,1.44,14.91,7.78,0.88,10.64,10.95
design_7475,0.59,1.62,1.83,nan,nan,nan,0.68,1.39,15.09,7.78,0.88,12.66,12.65
design_7476,1.41,1.34,1.63,nan,nan,nan,0.7,1.45,14.66,7.45,0.89,9.16,8.75
design_7477,0.77,1.58,1.81,nan,nan,nan,0.71,1.41,14.56,7.52,0.88,9.73,8.13
design_7478,1.32,1.48,1.78,nan,nan,nan,0.72,1.51,14.66,7.57,0.88,22.34,20.91
design_7479,0.62,1.54,1.87,nan,nan,nan,0.68,1.38,14.87,7.67,0.88,22.4,20.97
design_7480,0.42,0.84,1.78,nan,nan,nan,0.68,1.27,15.76,8.26,0.86,10.52,8.11
design_7481,0.35,0.57,1.37,nan,nan,nan,0.57,0.97,15.97,8.13,0.88,18.57,18.03
design_7482,0.47,0.55,1.57,nan,nan,nan,0.61,1.1,15.46,8.16,0.85,25.59,13.52
design_7483,0.4,0.84,1.32,nan,nan,nan,0.59,0.99,15.8,7.94,0.89,18.95,17.85
design_7484,0.53,0.68,3.85,nan,nan,nan,1.2,2.58,16.06,8.26,0.88,23.69,19.81
design_7485,0.44,0.45,1.37,nan,nan,nan,0.56,0.96,15.38,8.04,0.86,23.58,16.02
design_7486,0.44,0.84,2.09,nan,nan,nan,0.76,1.46,15.9,8.03,0.89,11.95,11.04
design_7487,0.54,0.47,1.7,nan,nan,nan,0.62,1.18,17.64,8.89,0.87,21.69,18.81
design_7488,0.86,0.45,1.21,nan,nan,nan,0.52,0.89,15.08,7.72,0.89,13.72,8.23
design_7489,0.69,0.45,0.85,nan,nan,nan,0.46,0.68,15.44,7.74,0.9,15.91,10.71
design_7490,0.86,0.74,1.54,nan,nan,nan,0.58,1.09,15.57,7.92,0.89,9.87,7.87
design_7491,0.5,0.48,0.96,nan,nan,nan,0.45,0.67,15.31,7.64,0.9,16.84,8.26
design_7492,0.78,0.63,5.98,nan,nan,nan,1.45,3.41,15.37,8.0,0.88,16.06,13.5
design_7493,0.62,0.54,1.51,nan,nan,nan,0.54,0.98,15.23,7.74,0.89,16.82,10.15
design_7494,0.77,0.61,1.47,nan,nan,nan,0.55,1.01,14.62,7.59,0.88,16.84,10.48
design_7495,0.51,0.5,0.87,nan,nan,nan,0.43,0.64,15.25,7.58,0.9,25.38,17.34
design_7496,0.58,0.59,4.97,nan,nan,nan,1.56,3.39,16.45,8.78,0.85,26.18,18.95
design_7497,0.56,0.74,0.75,nan,nan,nan,0.46,0.7,16.56,8.51,0.88,23.26,15.24
design_7498,0.75,0.62,3.36,nan,nan,nan,1.11,2.33,17.58,9.24,0.86,28.53,15.95
design_7499,0.6,0.61,3.16,nan,nan,nan,1.04,2.18,16.14,8.16,0.89,32.92,12.93
design_7500,0.82,0.67,2.09,nan,nan,nan,0.77,1.52,12.3,6.59,0.87,30.8,15.76
design_7501,0.71,0.7,4.24,nan,nan,nan,1.36,2.92,17.84,9.38,0.86,32.59,12.05
design_7502,0.68,0.71,1.78,nan,nan,nan,0.69,1.31,14.44,7.46,0.88,17.6,12.32
design_7503,0.78,0.73,2.13,nan,nan,nan,0.77,1.55,12.67,6.84,0.86,28.42,16.59
design_7504,0.64,0.47,3.93,nan,nan,nan,1.26,2.69,14.49,7.33,0.89,31.63,16.96
design_7505,0.68,0.58,4.1,nan,nan,nan,1.32,2.81,12.17,6.41,0.88,32.29,15.64
design_7506,0.78,0.42,4.03,nan,nan,nan,1.3,2.77,16.54,8.2,0.89,37.76,20.28
design_7507,0.95,0.46,4.12,nan,nan,nan,1.34,2.84,12.95,6.83,0.87,36.8,17.5
design_7508,0.7,0.58,3.89,nan,nan,nan,1.25,2.68,15.15,7.7,0.88,27.78,19.89
design_7509,0.81,0.5,2.88,nan,nan,nan,0.98,2.02,16.21,8.31,0.88,28.23,15.52
design_7510,0.75,0.59,3.34,nan,nan,nan,1.1,2.31,15.74,8.29,0.86,26.4,15.24
design_7511,0.67,0.45,3.96,nan,nan,nan,1.27,2.71,16.89,8.74,0.87,31.69,19.28
design_7512,1.39,0.66,1.39,nan,nan,nan,0.67,1.25,15.73,8.14,0.88,19.96,12.33
design_7513,0.75,0.79,1.73,nan,nan,nan,0.69,1.3,15.48,8.14,0.87,28.35,16.05
design_7514,0.56,0.86,1.6,nan,nan,nan,0.66,1.2,14.7,7.72,0.88,24.34,14.7
design_7515,0.53,0.74,1.56,nan,nan,nan,0.63,1.15,15.69,8.01,0.88,16.52,10.14
design_7516,0.45,0.76,1.67,nan,nan,nan,0.66,1.22,15.8,8.19,0.88,24.18,15.02
design_7517,0.77,0.8,1.99,nan,nan,nan,0.75,1.46,15.29,8.04,0.87,28.66,14.75
design_7518,0.5,0.69,2.56,nan,nan,nan,0.88,1.79,18.38,9.17,0.88,32.7,29.64
design_7519,0.5,0.77,1.6,nan,nan,nan,0.64,1.18,15.0,7.84,0.87,29.16,15.16
design_7520,0.44,0.66,0.9,nan,nan,nan,0.48,0.71,15.69,7.83,0.9,26.65,11.27
design_7521,0.52,0.66,0.73,nan,nan,nan,0.47,0.64,15.5,7.72,0.9,29.93,13.0
design_7522,0.82,0.64,0.54,nan,nan,nan,0.47,0.67,15.43,7.75,0.9,31.21,14.26
design_7523,0.67,0.68,0.73,nan,nan,nan,0.46,0.7,15.49,7.77,0.9,28.56,12.74
design_7524,0.67,0.66,0.82,nan,nan,nan,0.48,0.73,15.05,7.6,0.89,27.17,13.21
design_7525,0.7,0.61,0.75,nan,nan,nan,0.46,0.7,15.59,7.84,0.89,25.18,11.41
design_7526,0.46,0.65,0.88,nan,nan,nan,0.47,0.69,15.15,7.59,0.9,30.26,14.34
design_7527,0.83,0.81,0.89,nan,nan,nan,0.52,0.85,14.6,7.4,0.89,28.51,12.68
design_7528,0.79,1.07,2.28,nan,nan,nan,0.8,1.63,15.59,7.83,0.89,21.87,12.29
design_7529,0.79,1.07,2.22,nan,nan,nan,0.79,1.59,16.13,8.14,0.89,8.45,7.67
design_7530,0.86,1.03,2.58,nan,nan,nan,0.87,1.8,16.06,8.12,0.89,27.25,14.86
design_7531,0.72,1.08,2.23,nan,nan,nan,0.78,1.59,16.24,8.12,0.89,21.83,15.72
design_7532,0.8,1.05,2.27,nan,nan,nan,0.8,1.61,16.47,8.27,0.89,14.73,11.37
design_7533,0.43,0.98,1.85,nan,nan,nan,0.67,1.31,15.75,7.77,0.9,21.98,17.36
design_7534,0.63,1.06,2.04,nan,nan,nan,0.73,1.46,16.17,8.09,0.89,31.9,14.48
design_7535,0.85,1.04,2.31,nan,nan,nan,0.81,1.64,16.25,8.18,0.89,2.07,2.45
design_7536,0.45,0.73,4.14,nan,nan,nan,1.22,2.69,15.57,8.05,0.88,39.63,20.13
design_7537,0.24,0.75,1.53,nan,nan,nan,0.59,1.06,15.5,7.79,0.89,21.05,17.96
design_7538,0.35,0.66,1.81,nan,nan,nan,0.63,1.22,16.53,8.46,0.88,27.35,13.45
design_7539,0.79,0.69,1.7,nan,nan,nan,0.64,1.23,15.77,8.04,0.89,29.03,13.56
design_7540,0.31,0.77,1.46,nan,nan,nan,0.57,1.03,15.53,7.83,0.89,27.25,11.79
design_7541,0.59,0.72,1.38,nan,nan,nan,0.57,1.02,15.57,7.87,0.89,23.5,12.59
design_7542,0.25,0.82,1.75,nan,nan,nan,0.65,1.21,15.39,7.74,0.89,19.46,16.7
design_7543,0.29,0.67,1.45,nan,nan,nan,0.55,1.0,16.51,8.42,0.89,31.38,14.02
design_7544,0.6,1.05,2.54,nan,nan,nan,0.75,1.59,14.91,7.55,0.9,25.66,21.08
design_7545,0.79,1.15,4.66,nan,nan,nan,1.18,2.74,15.11,7.73,0.88,25.39,18.93
design_7546,0.75,1.04,4.03,nan,nan,nan,1.04,2.38,14.83,7.79,0.87,27.17,17.62
design_7547,0.61,0.82,2.28,nan,nan,nan,0.69,1.41,15.49,8.0,0.88,31.1,14.98
design_7548,0.98,1.29,5.0,nan,nan,nan,1.28,2.96,14.96,7.59,0.89,23.76,17.52
design_7549,1.14,1.31,4.99,nan,nan,nan,1.29,2.98,14.89,7.53,0.89,23.0,17.4
design_7550,0.8,0.98,4.56,nan,nan,nan,1.16,2.67,13.96,7.18,0.88,4.59,4.48
design_7551,0.97,1.25,4.73,nan,nan,nan,1.22,2.81,14.45,7.48,0.88,25.32,18.58
design_7552,0.74,0.51,0.9,nan,nan,nan,0.51,0.75,15.05,7.68,0.89,30.75,14.79
design_7553,1.28,0.28,0.84,nan,nan,nan,0.54,0.91,16.06,8.01,0.9,30.44,16.46
design_7554,0.7,0.5,0.94,nan,nan,nan,0.52,0.76,16.01,7.96,0.9,29.74,16.88
design_7555,0.74,0.46,0.93,nan,nan,nan,0.52,0.76,16.0,8.04,0.9,28.4,17.54
design_7556,0.75,0.51,0.7,nan,nan,nan,0.49,0.67,15.59,7.84,0.9,29.32,13.85
design_7557,0.5,0.52,0.87,nan,nan,nan,0.49,0.67,15.45,7.78,0.89,30.72,17.98
design_7558,0.76,0.51,0.63,nan,nan,nan,0.5,0.65,15.55,7.77,0.9,17.63,13.04
design_7559,0.61,0.42,0.76,nan,nan,nan,0.48,0.63,15.74,7.86,0.9,22.2,16.94
design_7560,0.78,0.8,1.17,nan,nan,nan,0.56,0.96,15.99,7.92,0.9,27.01,19.81
design_7561,0.6,0.62,1.48,nan,nan,nan,0.59,1.05,15.53,7.89,0.89,35.71,13.91
design_7562,0.56,0.64,1.15,nan,nan,nan,0.52,0.87,15.76,7.78,0.9,36.86,14.51
design_7563,0.76,0.77,1.46,nan,nan,nan,0.61,1.1,15.51,7.75,0.9,29.06,15.81
design_7564,0.73,0.69,1.18,nan,nan,nan,0.55,0.93,16.12,7.99,0.9,29.91,22.16
design_7565,0.65,0.67,1.53,nan,nan,nan,0.6,1.1,16.08,7.96,0.9,37.15,15.19
design_7566,0.77,0.62,1.51,nan,nan,nan,0.6,1.11,15.77,8.09,0.88,34.14,15.38
design_7567,0.75,0.83,0.96,nan,nan,nan,0.54,0.87,16.1,8.0,0.9,8.27,8.6
design_7568,0.62,0.7,0.98,nan,nan,nan,0.49,0.79,15.35,7.67,0.9,30.35,17.19
design_7569,0.73,0.75,1.11,nan,nan,nan,0.51,0.89,15.49,7.74,0.9,18.6,16.73
design_7570,0.75,0.66,1.84,nan,nan,nan,0.64,1.23,16.07,8.0,0.9,38.21,20.13
design_7571,0.7,0.67,1.27,nan,nan,nan,0.52,0.93,15.31,7.58,0.91,30.66,21.89
design_7572,1.09,0.62,0.79,nan,nan,nan,0.51,0.87,15.55,7.84,0.9,31.01,19.02
design_7573,0.66,0.8,1.27,nan,nan,nan,0.53,0.95,15.64,7.9,0.89,37.61,20.37
design_7574,0.68,0.82,1.34,nan,nan,nan,0.54,1.0,15.44,7.75,0.9,30.78,15.73
design_7575,0.71,0.73,1.23,nan,nan,nan,0.55,0.93,15.59,7.83,0.9,19.24,15.13
design_7576,0.52,0.89,1.14,nan,nan,nan,0.54,0.92,16.34,8.03,0.91,29.49,16.09
design_7577,0.47,0.87,1.25,nan,nan,nan,0.55,0.97,16.23,8.02,0.9,33.12,13.58
design_7578,0.51,0.94,1.21,nan,nan,nan,0.56,0.97,16.08,7.93,0.9,34.77,13.44
design_7579,0.57,0.92,1.38,nan,nan,nan,0.59,1.07,15.96,7.9,0.9,29.56,15.88
design_7580,0.47,0.87,1.17,nan,nan,nan,0.53,0.92,16.03,7.93,0.9,29.15,14.24
design_7581,0.66,0.87,2.45,nan,nan,nan,0.83,1.71,16.0,7.98,0.9,30.33,15.51
design_7582,0.62,0.88,2.32,nan,nan,nan,0.8,1.63,15.61,7.89,0.9,12.82,10.76
design_7583,0.52,0.91,1.14,nan,nan,nan,0.54,0.93,15.79,7.8,0.9,23.51,21.07
design_7584,0.6,0.72,2.11,nan,nan,nan,0.73,1.44,16.86,8.68,0.87,32.09,15.43
design_7585,0.8,0.84,1.86,nan,nan,nan,0.7,1.35,16.65,8.38,0.89,26.44,13.77
design_7586,0.6,0.75,1.16,nan,nan,nan,0.55,0.91,15.67,7.86,0.9,17.29,7.36
design_7587,0.45,0.65,1.1,nan,nan,nan,0.52,0.82,16.89,8.51,0.88,30.18,12.96
design_7588,0.51,0.6,1.57,nan,nan,nan,0.61,1.09,16.0,8.16,0.88,32.44,16.62
design_7589,0.91,0.72,1.96,nan,nan,nan,0.72,1.41,16.63,8.37,0.89,32.36,14.59
design_7590,0.74,0.8,1.4,nan,nan,nan,0.6,1.07,16.64,8.3,0.9,27.52,20.41
design_7591,0.85,0.68,1.79,nan,nan,nan,0.67,1.29,16.53,8.47,0.87,20.34,12.26
design_7592,0.69,0.68,0.51,nan,nan,nan,0.47,0.6,15.97,7.77,0.91,25.5,11.59
design_7593,0.72,0.64,0.45,nan,nan,nan,0.47,0.58,16.15,7.84,0.91,25.46,22.97
design_7594,0.6,0.59,0.5,nan,nan,nan,0.45,0.55,16.45,7.99,0.9,23.19,18.64
design_7595,0.7,0.66,0.53,nan,nan,nan,0.47,0.61,16.3,7.95,0.9,22.59,13.53
design_7596,0.58,0.6,0.5,nan,nan,nan,0.45,0.55,15.98,7.78,0.9,21.19,10.1
design_7597,0.61,0.61,0.51,nan,nan,nan,0.46,0.56,16.21,7.86,0.91,21.09,10.98
design_7598,0.6,0.64,0.55,nan,nan,nan,0.47,0.58,16.15,7.88,0.9,17.71,12.84
design_7599,0.58,0.69,0.5,nan,nan,nan,0.46,0.57,17.09,8.23,0.91,33.1,22.31
design_7600,0.8,1.13,1.26,nan,nan,nan,0.6,1.09,15.58,7.83,0.89,12.97,8.64
design_7601,0.87,0.87,1.0,nan,nan,nan,0.55,0.92,14.78,7.46,0.9,17.86,8.27
design_7602,0.85,1.09,1.22,nan,nan,nan,0.6,1.07,15.47,7.76,0.9,24.74,11.0
design_7603,0.81,0.99,1.22,nan,nan,nan,0.58,1.03,15.56,7.8,0.9,27.25,11.87
design_7604,0.5,1.1,1.06,nan,nan,nan,0.54,0.93,15.62,7.79,0.9,24.84,12.19
design_7605,0.92,1.08,1.26,nan,nan,nan,0.61,1.11,15.27,7.69,0.9,32.13,16.93
design_7606,0.78,1.04,1.41,nan,nan,nan,0.62,1.13,15.73,7.88,0.89,20.31,15.13
design_7607,0.79,1.13,1.39,nan,nan,nan,0.62,1.14,14.85,7.54,0.89,23.55,11.32
design_7608,0.71,0.59,1.73,nan,nan,nan,0.65,1.19,12.91,6.81,0.88,36.06,14.64
design_7609,0.7,0.86,1.29,nan,nan,nan,0.56,1.0,15.33,7.83,0.88,29.93,14.21
design_7610,0.67,0.82,1.59,nan,nan,nan,0.61,1.14,15.22,7.73,0.89,31.34,15.56
design_7611,0.72,0.83,1.3,nan,nan,nan,0.57,1.01,14.03,7.25,0.88,34.37,14.93
design_7612,0.61,0.78,1.53,nan,nan,nan,0.58,1.09,15.62,7.95,0.88,27.74,16.58
design_7613,0.53,0.76,2.6,nan,nan,nan,0.8,1.68,15.54,7.97,0.88,24.34,20.41
design_7614,0.76,0.85,1.45,nan,nan,nan,0.6,1.1,15.4,7.87,0.89,27.72,14.84
design_7615,0.79,0.84,1.19,nan,nan,nan,0.55,0.98,15.27,7.86,0.88,27.87,16.78
design_7616,0.64,1.05,1.08,nan,nan,nan,0.54,0.92,14.31,7.47,0.88,32.13,16.96
design_7617,0.6,1.05,1.22,nan,nan,nan,0.55,0.96,14.69,7.65,0.88,27.36,17.36
design_7618,0.88,1.1,0.95,nan,nan,nan,0.56,0.98,13.95,7.36,0.87,30.82,17.27
design_7619,0.49,1.14,1.14,nan,nan,nan,0.54,0.94,14.59,7.67,0.87,31.33,17.15
design_7620,0.57,1.08,1.14,nan,nan,nan,0.54,0.94,15.19,7.84,0.88,30.85,15.86
design_7621,0.53,1.03,1.06,nan,nan,nan,0.52,0.88,14.88,7.76,0.88,31.28,16.76
design_7622,1.05,1.07,0.99,nan,nan,nan,0.58,1.04,12.44,6.74,0.87,30.74,17.49
design_7623,0.89,0.97,1.91,nan,nan,nan,0.65,1.28,15.36,7.97,0.88,31.86,14.95
design_7624,0.51,0.97,1.67,nan,nan,nan,0.56,1.09,14.47,7.52,0.88,27.11,19.09
design_7625,0.63,0.86,0.75,nan,nan,nan,0.47,0.75,14.18,7.33,0.89,21.92,18.21
design_7626,0.62,0.8,1.64,nan,nan,nan,0.56,1.05,14.43,7.41,0.89,28.61,17.85
design_7627,0.6,0.94,2.5,nan,nan,nan,0.69,1.47,12.21,6.54,0.88,29.28,19.74
design_7628,0.64,0.94,0.84,nan,nan,nan,0.48,0.81,14.39,7.43,0.89,28.73,17.79
design_7629,0.41,1.01,2.49,nan,nan,nan,0.68,1.46,13.91,7.19,0.89,31.98,19.14
design_7630,0.74,0.96,2.49,nan,nan,nan,0.71,1.5,13.4,7.05,0.88,29.84,18.36
design_7631,0.47,0.94,1.92,nan,nan,nan,0.6,1.18,13.34,7.02,0.88,30.37,19.0
design_7632,0.65,0.74,1.36,nan,nan,nan,0.58,1.0,15.72,7.87,0.9,34.73,13.61
design_7633,0.88,0.7,1.06,nan,nan,nan,0.56,0.91,15.35,7.76,0.9,34.32,14.06
design_7634,0.62,0.83,1.82,nan,nan,nan,0.66,1.26,15.16,7.56,0.9,33.5,13.98
design_7635,0.78,0.86,1.78,nan,nan,nan,0.68,1.27,14.6,7.32,0.9,36.83,15.87
design_7636,0.89,0.79,1.24,nan,nan,nan,0.59,1.02,15.1,7.62,0.89,24.42,19.16
design_7637,0.75,0.76,1.65,nan,nan,nan,0.63,1.18,14.82,7.46,0.9,37.3,15.3
design_7638,0.8,0.86,1.22,nan,nan,nan,0.58,1.0,14.79,7.47,0.89,35.55,14.01
design_7639,0.64,0.71,1.44,nan,nan,nan,0.59,1.04,15.91,7.94,0.9,31.26,20.03
design_7640,0.59,1.05,1.44,nan,nan,nan,0.64,1.14,15.65,7.8,0.89,18.54,18.35
design_7641,0.85,0.94,1.66,nan,nan,nan,0.68,1.28,15.53,7.75,0.9,14.81,11.29
design_7642,0.75,1.04,1.38,nan,nan,nan,0.62,1.13,15.74,7.85,0.9,25.18,20.15
design_7643,0.62,1.03,1.57,nan,nan,nan,0.65,1.21,15.79,7.81,0.9,27.07,21.11
design_7644,0.77,1.07,1.44,nan,nan,nan,0.65,1.17,15.98,8.12,0.89,21.04,20.27
design_7645,0.72,1.02,1.14,nan,nan,nan,0.57,1.0,15.81,7.86,0.9,27.73,16.93
design_7646,0.6,0.98,1.51,nan,nan,nan,0.64,1.16,15.46,7.72,0.9,11.76,12.45
design_7647,0.48,1.11,1.32,nan,nan,nan,0.6,1.07,15.5,7.84,0.89,22.6,17.99
design_7648,0.31,0.83,1.85,nan,nan,nan,0.65,1.28,15.65,8.01,0.88,32.47,14.96
design_7649,0.26,0.81,1.05,nan,nan,nan,0.48,0.81,15.69,8.05,0.89,27.27,17.34
design_7650,0.39,0.92,2.11,nan,nan,nan,0.71,1.45,16.35,8.13,0.9,32.01,12.99
design_7651,0.41,0.97,2.01,nan,nan,nan,0.69,1.4,15.68,7.91,0.89,34.23,14.57
design_7652,0.82,0.94,2.17,nan,nan,nan,0.76,1.54,14.56,7.61,0.88,33.67,15.18
design_7653,0.68,0.8,2.7,nan,nan,nan,0.87,1.82,15.5,8.09,0.88,32.34,14.09
design_7654,0.35,0.83,1.5,nan,nan,nan,0.58,1.07,15.34,7.87,0.89,26.68,16.35
design_7655,0.28,0.78,1.51,nan,nan,nan,0.58,1.06,15.75,8.09,0.88,33.25,14.34
design_7656,0.83,0.44,5.45,nan,nan,nan,1.77,3.81,17.05,8.54,0.89,37.39,18.88
design_7657,0.71,0.37,2.02,nan,nan,nan,0.76,1.46,16.36,8.28,0.88,34.07,19.82
design_7658,0.7,0.36,3.23,nan,nan,nan,1.1,2.28,16.36,8.31,0.88,23.8,24.58
design_7659,0.57,0.3,1.19,nan,nan,nan,0.52,0.89,16.38,8.33,0.88,21.77,16.57
design_7660,0.8,0.38,2.88,nan,nan,nan,1.01,2.05,17.04,8.73,0.88,35.37,16.85
design_7661,0.81,0.29,2.45,nan,nan,nan,0.88,1.76,17.09,8.75,0.87,23.81,26.14
design_7662,0.78,0.39,2.71,nan,nan,nan,0.96,1.94,18.36,9.25,0.88,39.66,26.83
design_7663,0.57,0.41,2.43,nan,nan,nan,0.86,1.72,17.61,8.73,0.88,36.65,27.0
design_7664,0.49,0.77,1.58,nan,nan,nan,0.61,1.12,16.41,8.32,0.88,27.77,16.56
design_7665,0.63,0.83,1.09,nan,nan,nan,0.53,0.9,15.98,7.94,0.9,20.92,20.85
design_7666,0.47,0.67,1.17,nan,nan,nan,0.51,0.87,15.52,7.73,0.9,13.27,15.8
design_7667,0.44,0.7,1.04,nan,nan,nan,0.51,0.8,15.29,7.62,0.9,9.88,6.33
design_7668,0.47,0.8,1.05,nan,nan,nan,0.51,0.84,15.59,7.73,0.9,23.45,19.48
design_7669,0.5,0.74,1.1,nan,nan,nan,0.52,0.85,15.69,7.82,0.9,14.18,10.12
design_7670,0.44,0.74,1.15,nan,nan,nan,0.52,0.87,15.83,7.89,0.9,10.0,8.87
design_7671,0.48,0.69,1.09,nan,nan,nan,0.52,0.83,15.5,7.72,0.9,4.85,5.62
design_7672,0.94,0.79,3.2,nan,nan,nan,0.88,1.94,14.69,7.64,0.88,37.95,17.52
design_7673,0.92,0.81,3.42,nan,nan,nan,0.92,2.06,15.59,7.84,0.9,14.52,14.04
design_7674,0.6,0.89,3.27,nan,nan,nan,0.88,1.94,16.26,8.17,0.9,31.2,14.5
design_7675,0.66,0.94,1.21,nan,nan,nan,0.52,0.95,15.27,7.93,0.88,16.31,16.68
design_7676,0.63,0.94,3.2,nan,nan,nan,0.87,1.91,14.54,7.7,0.87,33.86,16.98
design_7677,0.6,0.9,3.31,nan,nan,nan,0.89,1.96,16.28,8.25,0.89,30.97,12.3
design_7678,0.64,0.85,3.41,nan,nan,nan,0.9,2.01,16.22,8.15,0.9,27.88,17.16
design_7679,0.65,0.94,3.03,nan,nan,nan,0.84,1.82,13.42,7.23,0.86,33.95,17.27
design_7680,0.49,0.73,7.85,nan,nan,nan,2.42,5.33,16.75,8.8,0.87,29.88,21.1
design_7681,0.53,0.6,7.13,nan,nan,nan,2.21,4.85,16.77,8.82,0.87,35.67,22.61
design_7682,0.44,0.67,5.47,nan,nan,nan,1.71,3.72,17.04,9.0,0.86,13.71,10.64
design_7683,0.58,0.83,7.96,nan,nan,nan,2.46,5.42,17.01,8.93,0.87,26.3,23.08
design_7684,0.62,0.64,4.47,nan,nan,nan,1.42,3.06,16.74,8.85,0.87,24.17,18.52
design_7685,0.57,0.7,5.95,nan,nan,nan,1.85,4.05,16.49,8.73,0.87,22.8,25.92
design_7686,0.55,0.72,5.77,nan,nan,nan,1.8,3.93,16.42,8.69,0.87,23.55,26.2
design_7687,0.58,0.7,6.89,nan,nan,nan,2.13,4.69,16.37,8.64,0.87,29.3,20.38
design_7688,0.58,0.69,1.81,nan,nan,nan,0.63,1.19,15.46,7.84,0.89,37.59,20.82
design_7689,0.51,0.73,1.79,nan,nan,nan,0.6,1.17,15.35,7.76,0.89,37.28,18.97
design_7690,0.87,0.93,2.59,nan,nan,nan,0.81,1.69,15.26,7.65,0.9,24.56,18.33
design_7691,0.56,0.68,0.94,nan,nan,nan,0.48,0.75,15.57,7.7,0.9,39.71,21.36
design_7692,0.59,0.66,1.43,nan,nan,nan,0.55,0.98,15.81,7.82,0.9,27.3,16.71
design_7693,0.84,0.97,1.93,nan,nan,nan,0.68,1.35,15.37,7.69,0.9,35.36,17.64
design_7694,0.59,0.64,1.86,nan,nan,nan,0.64,1.21,15.72,7.92,0.9,29.15,17.52
design_7695,0.59,0.71,2.1,nan,nan,nan,0.69,1.35,15.85,8.05,0.89,30.7,14.12
design_7696,0.46,1.29,1.34,nan,nan,nan,0.58,1.07,13.97,7.15,0.89,4.82,4.54
design_7697,0.55,1.16,1.29,nan,nan,nan,0.57,1.01,14.02,7.19,0.89,4.12,2.76
design_7698,0.42,1.19,1.27,nan,nan,nan,0.56,1.0,14.54,7.38,0.89,6.34,4.96
design_7699,0.35,1.17,1.3,nan,nan,nan,0.55,0.99,13.89,7.14,0.89,2.99,2.24
design_7700,0.48,1.17,1.23,nan,nan,nan,0.55,0.98,13.88,7.14,0.89,4.55,4.38
design_7701,0.54,1.15,1.24,nan,nan,nan,0.56,0.99,13.96,7.19,0.89,3.26,3.79
design_7702,0.42,1.31,1.31,nan,nan,nan,0.56,1.06,13.88,7.12,0.89,22.77,21.23
design_7703,0.26,1.19,1.28,nan,nan,nan,0.54,0.98,14.26,7.27,0.89,23.05,20.32
design_7704,0.61,1.3,1.11,nan,nan,nan,0.59,1.02,13.94,7.23,0.89,6.82,6.19
design_7705,0.47,1.33,3.21,nan,nan,nan,0.85,1.88,15.1,7.78,0.89,6.12,6.01
design_7706,0.47,1.34,3.25,nan,nan,nan,0.86,1.9,14.83,7.65,0.88,7.3,5.76
design_7707,0.69,1.44,0.87,nan,nan,nan,0.59,1.04,14.55,7.51,0.89,23.53,17.13
design_7708,0.63,1.22,1.13,nan,nan,nan,0.58,1.0,14.75,7.64,0.88,5.73,4.88
design_7709,0.83,1.31,1.07,nan,nan,nan,0.6,1.08,15.32,7.85,0.89,8.67,7.61
design_7710,0.56,1.3,1.08,nan,nan,nan,0.57,1.0,14.54,7.49,0.89,8.27,7.66
design_7711,0.53,1.35,1.11,nan,nan,nan,0.57,1.03,15.42,7.85,0.89,10.89,5.46
design_7712,0.45,0.63,1.35,nan,nan,nan,0.59,1.0,15.47,7.67,0.9,23.81,19.86
design_7713,0.73,0.67,1.11,nan,nan,nan,0.56,0.91,17.57,8.74,0.89,22.86,19.08
design_7714,0.73,0.69,1.07,nan,nan,nan,0.56,0.9,16.24,8.03,0.9,30.61,18.4
design_7715,0.92,0.71,3.08,nan,nan,nan,1.05,2.17,17.12,8.53,0.89,24.87,18.77
design_7716,0.53,0.58,1.13,nan,nan,nan,0.55,0.87,15.82,7.79,0.9,29.6,24.25
design_7717,0.73,0.5,1.17,nan,nan,nan,0.58,0.92,15.94,7.84,0.9,21.71,22.44
design_7718,0.78,0.62,3.68,nan,nan,nan,1.22,2.55,14.39,7.31,0.88,34.3,27.5
design_7719,0.69,0.53,3.38,nan,nan,nan,1.12,2.33,14.97,7.51,0.89,30.7,14.22
design_7720,0.66,0.54,3.07,nan,nan,nan,1.02,2.13,18.14,9.15,0.87,26.89,28.13
design_7721,0.57,0.82,1.46,nan,nan,nan,0.61,1.11,17.7,8.77,0.89,24.87,20.05
design_7722,0.81,0.64,1.87,nan,nan,nan,0.73,1.38,17.58,8.78,0.89,34.63,22.08
design_7723,0.52,0.92,3.38,nan,nan,nan,1.12,2.35,8.2,4.66,0.88,35.48,19.86
design_7724,0.57,0.67,0.43,nan,nan,nan,0.43,0.54,16.28,7.88,0.9,25.02,18.62
design_7725,0.56,0.63,1.74,nan,nan,nan,0.67,1.25,17.13,8.56,0.89,28.01,13.68
design_7726,0.52,0.7,2.96,nan,nan,nan,0.99,2.06,15.69,7.81,0.89,37.15,22.99
design_7727,0.83,0.85,1.18,nan,nan,nan,0.59,1.01,16.84,8.35,0.9,26.03,20.83
design_7728,0.39,0.78,2.9,nan,nan,nan,0.94,1.97,15.46,7.72,0.89,15.76,13.45
design_7729,0.39,0.7,2.86,nan,nan,nan,0.93,1.93,16.06,8.16,0.89,8.84,7.4
design_7730,0.56,0.6,2.87,nan,nan,nan,0.93,1.94,15.82,7.97,0.89,17.88,13.02
design_7731,0.56,0.73,3.09,nan,nan,nan,1.0,2.1,15.55,8.24,0.86,26.75,17.03
design_7732,0.4,0.76,2.93,nan,nan,nan,0.95,1.98,15.45,7.74,0.89,10.75,9.35
design_7733,0.42,0.72,2.58,nan,nan,nan,0.86,1.76,15.16,7.71,0.89,25.17,19.51
design_7734,0.45,0.53,1.94,nan,nan,nan,0.7,1.33,16.47,8.53,0.86,26.93,20.27
design_7735,0.48,0.81,2.95,nan,nan,nan,0.96,2.01,15.47,7.69,0.9,18.88,15.03
design_7736,0.51,0.8,1.61,nan,nan,nan,0.63,1.17,16.07,8.17,0.89,37.34,16.13
design_7737,0.57,0.84,1.52,nan,nan,nan,0.61,1.13,16.27,8.22,0.89,33.83,13.68
design_7738,0.58,0.9,1.23,nan,nan,nan,0.55,0.98,15.53,7.99,0.88,17.58,18.05
design_7739,0.55,0.89,1.42,nan,nan,nan,0.59,1.08,16.05,8.02,0.9,23.02,12.86
design_7740,0.53,0.9,1.44,nan,nan,nan,0.59,1.09,16.36,8.27,0.89,30.7,14.61
design_7741,0.56,0.97,1.75,nan,nan,nan,0.68,1.29,15.72,8.02,0.89,17.21,15.63
design_7742,0.63,0.88,1.17,nan,nan,nan,0.56,0.96,15.8,7.98,0.89,27.13,16.81
design_7743,0.61,0.91,1.68,nan,nan,nan,0.66,1.25,16.58,8.38,0.89,31.35,13.74
design_7744,0.54,0.64,1.12,nan,nan,nan,0.52,0.83,15.53,7.78,0.9,33.47,14.38
design_7745,0.64,0.77,1.23,nan,nan,nan,0.54,0.94,14.93,7.41,0.91,28.41,15.19
design_7746,0.69,0.58,0.86,nan,nan,nan,0.49,0.73,15.58,7.79,0.9,31.32,14.68
design_7747,0.56,0.65,1.34,nan,nan,nan,0.55,0.95,15.21,7.58,0.9,27.83,14.56
design_7748,0.57,0.73,1.19,nan,nan,nan,0.52,0.9,15.73,7.9,0.89,30.51,14.99
design_7749,0.63,0.67,0.67,nan,nan,nan,0.48,0.66,15.77,7.87,0.9,33.75,13.76
design_7750,0.5,0.79,1.43,nan,nan,nan,0.56,1.02,14.97,7.58,0.89,28.83,13.98
design_7751,0.56,0.7,0.76,nan,nan,nan,0.48,0.68,15.12,7.59,0.9,23.47,17.73
design_7752,0.54,0.68,0.78,nan,nan,nan,0.45,0.68,14.97,7.5,0.9,27.75,18.62
design_7753,0.49,0.7,0.65,nan,nan,nan,0.44,0.62,15.27,7.59,0.9,16.75,15.1
design_7754,0.47,0.7,1.87,nan,nan,nan,0.65,1.28,16.39,8.24,0.89,23.37,18.44
design_7755,0.52,0.7,1.11,nan,nan,nan,0.5,0.85,15.83,7.95,0.89,26.59,17.67
design_7756,0.47,0.78,2.63,nan,nan,nan,0.83,1.75,15.74,8.05,0.88,27.8,15.55
design_7757,0.62,0.69,0.67,nan,nan,nan,0.46,0.66,15.18,7.5,0.9,19.0,14.78
design_7758,0.56,0.74,3.49,nan,nan,nan,1.05,2.28,16.18,8.32,0.88,25.2,17.83
design_7759,0.48,0.74,0.8,nan,nan,nan,0.46,0.69,15.7,7.75,0.9,27.13,16.96
design_7760,0.5,0.48,1.6,nan,nan,nan,0.55,1.03,15.45,7.73,0.9,26.32,16.48
design_7761,1.01,0.91,1.55,nan,nan,nan,0.65,1.2,14.56,7.34,0.9,30.64,17.57
design_7762,0.62,0.48,1.38,nan,nan,nan,0.52,0.94,15.1,7.55,0.9,25.1,19.4
design_7763,0.46,0.47,1.36,nan,nan,nan,0.51,0.89,15.09,7.54,0.9,18.03,9.13
design_7764,1.02,0.89,1.7,nan,nan,nan,0.66,1.27,14.89,7.51,0.89,10.22,11.37
design_7765,0.62,0.54,1.62,nan,nan,nan,0.56,1.07,15.55,7.86,0.89,28.19,14.54
design_7766,0.72,0.67,2.06,nan,nan,nan,0.66,1.34,15.21,7.72,0.89,11.32,9.49
design_7767,0.62,0.48,1.73,nan,nan,nan,0.57,1.12,15.32,7.71,0.89,33.64,19.55
design_7768,0.56,0.73,1.25,nan,nan,nan,0.54,0.94,15.68,7.97,0.89,14.86,9.15
design_7769,0.6,0.79,1.47,nan,nan,nan,0.58,1.08,16.01,8.11,0.89,28.93,16.14
design_7770,0.56,0.8,1.55,nan,nan,nan,0.6,1.12,15.54,7.92,0.89,25.34,14.66
design_7771,0.62,0.77,1.81,nan,nan,nan,0.65,1.27,16.31,8.24,0.89,31.25,13.86
design_7772,0.56,0.74,1.79,nan,nan,nan,0.65,1.25,16.03,8.07,0.89,29.08,16.92
design_7773,0.55,0.77,1.68,nan,nan,nan,0.63,1.19,16.7,8.45,0.89,35.61,14.01
design_7774,0.56,0.75,1.32,nan,nan,nan,0.55,0.98,15.23,7.79,0.89,18.91,10.07
design_7775,0.57,0.71,1.48,nan,nan,nan,0.59,1.06,16.55,8.3,0.89,26.5,14.35
design_7776,0.72,0.74,0.62,nan,nan,nan,0.48,0.68,15.32,7.48,0.91,24.67,17.51
design_7777,0.79,0.71,0.54,nan,nan,nan,0.48,0.66,16.18,7.82,0.91,17.64,19.12
design_7778,0.73,0.68,0.59,nan,nan,nan,0.46,0.65,15.72,7.84,0.89,25.43,14.67
design_7779,0.9,0.77,0.61,nan,nan,nan,0.49,0.73,13.9,6.94,0.9,26.47,16.41
design_7780,0.74,0.79,0.59,nan,nan,nan,0.47,0.68,15.57,7.6,0.91,26.9,16.22
design_7781,0.69,0.71,0.55,nan,nan,nan,0.45,0.63,15.27,7.52,0.9,27.73,17.12
design_7782,0.77,0.78,0.59,nan,nan,nan,0.48,0.69,15.82,7.68,0.91,19.5,15.54
design_7783,0.73,0.7,0.62,nan,nan,nan,0.48,0.67,14.81,7.32,0.9,22.37,18.11
design_7784,0.91,0.84,1.2,nan,nan,nan,0.56,0.99,8.76,4.9,0.88,36.9,16.09
design_7785,0.8,0.81,1.27,nan,nan,nan,0.54,0.98,11.33,5.95,0.88,37.14,15.95
design_7786,0.6,0.79,1.2,nan,nan,nan,0.51,0.89,10.77,5.73,0.88,36.89,15.86
design_7787,0.6,0.73,1.27,nan,nan,nan,0.51,0.9,14.6,7.35,0.89,35.56,14.9
design_7788,0.53,0.68,1.12,nan,nan,nan,0.48,0.8,14.02,7.14,0.88,18.48,12.61
design_7789,0.73,0.66,1.07,nan,nan,nan,0.51,0.83,15.45,7.62,0.91,34.16,13.57
design_7790,0.97,0.76,1.26,nan,nan,nan,0.55,1.01,15.84,7.88,0.9,34.19,18.18
design_7791,0.59,0.59,1.29,nan,nan,nan,0.51,0.87,14.8,7.47,0.89,38.75,24.33
design_7792,0.67,0.73,3.27,nan,nan,nan,1.09,2.27,14.94,7.82,0.86,23.93,18.13
design_7793,0.65,0.71,3.06,nan,nan,nan,1.03,2.13,15.6,8.02,0.87,18.24,20.72
design_7794,0.93,0.82,3.21,nan,nan,nan,1.09,2.27,14.87,7.72,0.87,21.05,16.83
design_7795,0.79,0.79,2.64,nan,nan,nan,0.92,1.88,15.59,8.02,0.88,23.27,20.96
design_7796,0.77,0.55,2.94,nan,nan,nan,1.0,2.05,15.61,8.06,0.87,22.78,17.76
design_7797,0.75,0.76,3.05,nan,nan,nan,1.03,2.14,15.97,8.31,0.86,20.3,20.4
design_7798,0.77,0.74,3.19,nan,nan,nan,1.07,2.23,16.07,8.34,0.87,27.49,19.64
design_7799,0.89,0.83,3.17,nan,nan,nan,1.07,2.24,14.75,7.63,0.87,27.05,18.27
design_7800,0.37,0.83,2.71,nan,nan,nan,0.89,1.85,16.7,8.76,0.86,11.94,11.93
design_7801,0.42,0.97,2.85,nan,nan,nan,0.94,1.96,15.71,8.08,0.88,22.43,18.22
design_7802,0.59,0.93,3.16,nan,nan,nan,1.02,2.16,16.67,8.61,0.88,25.24,13.55
design_7803,0.54,0.86,3.04,nan,nan,nan,0.98,2.08,16.44,8.44,0.88,26.64,14.53
design_7804,0.44,0.79,2.51,nan,nan,nan,0.85,1.72,17.06,8.86,0.87,22.74,15.89
design_7805,0.39,0.74,3.06,nan,nan,nan,0.98,2.06,16.23,8.21,0.88,18.57,11.18
design_7806,0.47,0.85,3.62,nan,nan,nan,1.14,2.44,15.82,8.1,0.88,12.65,10.71
design_7807,0.42,0.97,2.9,nan,nan,nan,0.95,1.99,15.9,8.04,0.89,26.04,17.41
design_7808,0.45,0.95,2.12,nan,nan,nan,0.74,1.5,15.36,7.68,0.9,26.62,17.91
design_7809,0.39,1.03,1.2,nan,nan,nan,0.58,0.97,15.81,7.74,0.91,28.36,21.02
design_7810,0.46,1.04,1.05,nan,nan,nan,0.54,0.91,15.36,7.62,0.9,15.26,12.5
design_7811,0.44,1.04,2.14,nan,nan,nan,0.76,1.52,15.32,7.65,0.9,25.72,20.63
design_7812,0.44,0.98,2.01,nan,nan,nan,0.72,1.44,15.47,7.76,0.89,19.21,14.1
design_7813,0.39,1.02,1.11,nan,nan,nan,0.54,0.92,15.68,7.71,0.91,19.92,18.16
design_7814,0.51,0.92,2.29,nan,nan,nan,0.78,1.61,15.94,7.86,0.9,26.18,12.37
design_7815,0.5,0.96,2.05,nan,nan,nan,0.73,1.47,15.43,7.78,0.89,22.96,18.74
design_7816,0.66,0.55,1.27,nan,nan,nan,0.55,0.94,15.78,7.92,0.89,16.4,10.96
design_7817,0.81,0.61,1.17,nan,nan,nan,0.56,0.93,16.25,8.08,0.9,5.45,4.83
design_7818,0.65,0.52,1.25,nan,nan,nan,0.55,0.92,16.06,8.06,0.89,20.63,17.24
design_7819,0.56,0.58,2.16,nan,nan,nan,0.73,1.45,15.57,8.05,0.88,28.72,13.45
design_7820,0.58,0.61,1.17,nan,nan,nan,0.54,0.87,16.17,7.97,0.9,15.72,16.19
design_7821,0.56,0.58,2.84,nan,nan,nan,0.9,1.87,16.26,8.22,0.89,32.76,14.14
design_7822,0.63,0.56,1.13,nan,nan,nan,0.52,0.86,16.21,7.99,0.91,23.95,14.48
design_7823,0.57,0.48,1.47,nan,nan,nan,0.58,1.02,16.31,8.19,0.89,30.11,15.04
design_7824,0.55,0.93,1.45,nan,nan,nan,0.57,1.05,14.77,7.34,0.91,13.57,6.19
design_7825,0.57,0.87,1.41,nan,nan,nan,0.59,1.02,14.92,7.44,0.91,21.43,15.85
design_7826,0.43,0.89,2.35,nan,nan,nan,0.74,1.5,14.66,7.43,0.89,15.9,12.54
design_7827,0.5,0.94,2.35,nan,nan,nan,0.75,1.51,15.26,7.67,0.9,18.27,7.83
design_7828,0.3,0.81,1.59,nan,nan,nan,0.59,1.06,14.76,7.33,0.91,15.4,7.13
design_7829,0.52,0.86,1.26,nan,nan,nan,0.53,0.93,14.83,7.38,0.91,24.23,22.8
design_7830,0.45,0.72,2.06,nan,nan,nan,0.67,1.31,15.38,7.75,0.89,32.75,22.22
design_7831,0.58,0.99,2.45,nan,nan,nan,0.76,1.59,15.28,7.77,0.89,11.96,7.76
design_7832,0.37,0.74,1.46,nan,nan,nan,0.57,1.03,16.8,8.43,0.89,34.04,13.39
design_7833,0.47,0.94,1.82,nan,nan,nan,0.68,1.29,16.29,8.25,0.89,17.06,11.6
design_7834,0.73,0.92,1.81,nan,nan,nan,0.69,1.32,16.02,8.06,0.9,24.78,21.16
design_7835,0.73,0.68,1.56,nan,nan,nan,0.61,1.14,16.73,8.56,0.88,31.14,11.81
design_7836,0.75,0.89,1.86,nan,nan,nan,0.69,1.34,16.18,8.24,0.89,30.27,14.76
design_7837,0.74,0.87,1.46,nan,nan,nan,0.61,1.12,15.96,8.13,0.89,25.15,14.03
design_7838,0.84,0.87,1.75,nan,nan,nan,0.68,1.3,16.26,8.3,0.88,29.85,14.6
design_7839,0.54,0.9,2.6,nan,nan,nan,0.84,1.75,16.19,8.14,0.89,27.96,16.59
design_7840,0.64,0.64,1.16,nan,nan,nan,0.51,0.88,15.88,8.17,0.88,26.38,22.03
design_7841,0.71,0.76,2.13,nan,nan,nan,0.72,1.44,14.82,7.52,0.9,27.74,16.7
design_7842,0.84,0.69,1.64,nan,nan,nan,0.64,1.18,16.03,8.2,0.89,20.85,13.69
design_7843,0.55,0.61,1.16,nan,nan,nan,0.52,0.85,16.59,8.35,0.89,23.89,18.32
design_7844,0.86,0.57,1.25,nan,nan,nan,0.56,0.96,16.26,8.35,0.88,16.77,9.9
design_7845,0.83,0.67,2.11,nan,nan,nan,0.73,1.43,15.67,7.97,0.89,18.24,16.45
design_7846,0.78,0.74,1.39,nan,nan,nan,0.59,1.04,15.31,7.74,0.9,27.99,16.63
design_7847,0.88,0.65,1.12,nan,nan,nan,0.56,0.93,16.12,8.14,0.89,22.07,16.06
design_7848,0.59,0.69,1.35,nan,nan,nan,0.56,1.0,16.41,8.23,0.89,13.81,13.19
design_7849,0.61,0.7,1.3,nan,nan,nan,0.55,0.97,16.42,8.21,0.89,11.63,11.14
design_7850,0.58,0.68,1.19,nan,nan,nan,0.53,0.9,15.74,7.98,0.89,21.96,13.08
design_7851,0.6,0.72,1.56,nan,nan,nan,0.59,1.12,16.35,8.34,0.88,30.28,13.38
design_7852,0.59,0.77,1.13,nan,nan,nan,0.53,0.89,16.07,7.99,0.89,10.25,8.8
design_7853,0.72,0.7,1.13,nan,nan,nan,0.54,0.9,16.65,8.49,0.88,20.22,8.65
design_7854,0.58,0.75,1.12,nan,nan,nan,0.51,0.88,15.92,7.97,0.89,26.9,14.94
design_7855,0.56,0.76,1.1,nan,nan,nan,0.52,0.87,15.39,7.8,0.88,21.45,13.38
design_7856,0.58,0.87,1.82,nan,nan,nan,0.68,1.32,16.24,8.26,0.88,29.52,12.33
design_7857,0.5,0.86,0.86,nan,nan,nan,0.51,0.77,15.86,7.84,0.9,24.67,12.99
design_7858,0.51,0.93,0.8,nan,nan,nan,0.49,0.76,15.95,7.91,0.9,22.05,19.73
design_7859,0.54,0.82,0.97,nan,nan,nan,0.52,0.82,16.26,8.01,0.9,33.05,14.0
design_7860,0.51,0.91,0.9,nan,nan,nan,0.52,0.8,15.68,7.75,0.9,20.1,16.16
design_7861,0.56,0.88,1.85,nan,nan,nan,0.69,1.33,16.01,8.14,0.89,17.85,13.23
design_7862,0.5,0.84,1.21,nan,nan,nan,0.55,0.95,13.44,6.98,0.88,18.24,9.83
design_7863,0.44,0.9,0.93,nan,nan,nan,0.51,0.81,15.49,7.73,0.9,31.84,14.63
design_7864,0.35,0.73,0.63,nan,nan,nan,0.47,0.59,15.62,7.85,0.9,36.82,13.75
design_7865,0.31,0.77,0.61,nan,nan,nan,0.44,0.59,15.54,7.87,0.89,31.22,15.91
design_7866,0.39,0.84,0.48,nan,nan,nan,0.44,0.57,16.26,8.09,0.9,19.42,13.2
design_7867,0.41,0.78,0.69,nan,nan,nan,0.48,0.65,15.99,7.9,0.9,35.6,20.17
design_7868,0.44,0.83,0.43,nan,nan,nan,0.44,0.56,15.64,7.91,0.89,18.99,15.57
design_7869,0.37,0.91,0.55,nan,nan,nan,0.46,0.62,15.85,7.97,0.89,18.51,14.19
design_7870,0.39,0.76,0.65,nan,nan,nan,0.47,0.62,15.21,7.7,0.89,6.97,5.76
design_7871,0.39,0.75,0.65,nan,nan,nan,0.47,0.61,16.0,8.08,0.89,27.63,11.55
design_7872,0.74,0.85,1.55,nan,nan,nan,0.59,1.12,15.12,7.71,0.89,17.92,8.17
design_7873,0.74,0.84,1.25,nan,nan,nan,0.55,0.98,15.21,7.72,0.9,12.82,12.56
design_7874,0.69,1.03,1.24,nan,nan,nan,0.55,1.01,15.22,7.76,0.89,23.4,19.63
design_7875,0.69,0.89,1.53,nan,nan,nan,0.59,1.1,15.07,7.58,0.9,12.03,8.36
design_7876,0.78,1.11,1.07,nan,nan,nan,0.55,0.99,14.99,7.69,0.89,18.55,8.17
design_7877,0.74,0.98,1.37,nan,nan,nan,0.58,1.07,15.29,7.84,0.89,15.93,7.96
design_7878,1.1,1.36,1.61,nan,nan,nan,0.71,1.37,15.35,7.75,0.89,12.39,14.71
design_7879,0.84,0.69,2.02,nan,nan,nan,0.68,1.35,14.54,7.36,0.89,8.33,5.3
design_7880,0.56,0.96,2.96,nan,nan,nan,0.98,2.03,16.84,8.55,0.88,32.7,13.47
design_7881,0.55,1.05,3.66,nan,nan,nan,1.16,2.49,15.89,8.36,0.86,28.0,13.25
design_7882,0.53,0.9,3.01,nan,nan,nan,0.99,2.06,17.17,8.74,0.88,36.33,22.15
design_7883,0.63,1.03,3.16,nan,nan,nan,1.03,2.18,16.54,8.4,0.89,23.64,20.11
design_7884,0.55,0.87,3.35,nan,nan,nan,1.07,2.27,18.31,9.05,0.89,23.27,17.29
design_7885,0.43,1.02,3.65,nan,nan,nan,1.16,2.48,16.24,8.33,0.88,33.21,13.48
design_7886,0.44,1.13,3.49,nan,nan,nan,1.12,2.38,15.72,7.87,0.9,17.6,7.89
design_7887,0.59,1.0,3.47,nan,nan,nan,1.12,2.37,16.26,8.27,0.88,27.35,14.93
design_7888,0.63,0.92,1.0,nan,nan,nan,0.49,0.86,15.08,7.5,0.9,36.59,23.29
design_7889,0.55,0.9,0.68,nan,nan,nan,0.46,0.71,15.11,7.46,0.91,16.08,17.5
design_7890,0.59,0.61,0.85,nan,nan,nan,0.47,0.7,15.17,7.52,0.91,37.72,15.41
design_7891,0.64,0.84,0.7,nan,nan,nan,0.47,0.73,15.23,7.55,0.9,42.01,21.92
design_7892,0.67,0.99,0.92,nan,nan,nan,0.51,0.86,15.06,7.51,0.9,15.0,13.76
design_7893,0.75,1.02,1.0,nan,nan,nan,0.52,0.92,15.04,7.5,0.9,23.72,20.2
design_7894,0.75,0.97,1.02,nan,nan,nan,0.52,0.92,15.15,7.53,0.9,28.34,13.59
design_7895,0.62,0.89,0.82,nan,nan,nan,0.48,0.78,14.64,7.28,0.9,32.03,24.6
design_7896,0.44,0.69,6.06,nan,nan,nan,1.96,4.22,16.02,8.12,0.89,26.71,17.76
design_7897,0.52,0.69,1.31,nan,nan,nan,0.6,1.01,16.48,8.4,0.88,18.53,17.56
design_7898,0.56,0.42,3.06,nan,nan,nan,1.06,2.15,16.86,8.62,0.88,27.7,14.44
design_7899,0.54,0.45,3.27,nan,nan,nan,1.11,2.3,17.02,8.53,0.87,30.12,14.31
design_7900,0.59,0.56,2.31,nan,nan,nan,0.85,1.65,15.69,8.2,0.86,18.41,10.37
design_7901,0.84,0.65,5.73,nan,nan,nan,1.87,4.01,16.93,8.69,0.88,24.6,21.78
design_7902,0.59,0.56,3.01,nan,nan,nan,1.05,2.12,15.45,8.05,0.87,23.53,19.65
design_7903,0.63,0.48,3.17,nan,nan,nan,1.09,2.24,16.18,8.35,0.87,24.84,21.56
design_7904,0.38,1.22,1.72,nan,nan,nan,0.62,1.24,15.64,7.82,0.9,9.47,7.3
design_7905,0.7,1.23,1.62,nan,nan,nan,0.62,1.24,15.1,7.63,0.89,16.95,17.95
design_7906,0.66,1.16,1.6,nan,nan,nan,0.62,1.21,15.38,7.72,0.89,13.35,14.91
design_7907,0.49,1.11,1.36,nan,nan,nan,0.56,1.05,15.41,7.74,0.89,15.44,15.63
design_7908,0.46,1.2,1.45,nan,nan,nan,0.58,1.11,14.78,7.45,0.89,17.06,18.47
design_7909,0.43,1.19,1.45,nan,nan,nan,0.57,1.11,16.11,7.98,0.9,10.87,9.4
design_7910,0.81,1.37,1.76,nan,nan,nan,0.69,1.37,15.1,7.71,0.89,14.68,8.57
design_7911,0.64,1.23,1.62,nan,nan,nan,0.63,1.23,16.33,8.12,0.9,7.17,6.74
design_7912,0.66,1.13,2.42,nan,nan,nan,0.76,1.55,15.38,7.87,0.89,5.71,5.27
design_7913,0.58,1.06,2.09,nan,nan,nan,0.71,1.36,15.01,7.65,0.89,24.2,13.09
design_7914,0.5,0.97,1.56,nan,nan,nan,0.57,1.08,15.8,7.87,0.9,24.93,12.25
design_7915,0.6,0.93,1.65,nan,nan,nan,0.59,1.13,15.39,7.64,0.9,14.76,7.43
design_7916,0.94,1.19,2.13,nan,nan,nan,0.74,1.48,15.43,7.74,0.9,23.46,15.84
design_7917,0.56,1.04,1.84,nan,nan,nan,0.63,1.23,15.13,7.65,0.89,8.13,6.73
design_7918,0.32,1.01,1.63,nan,nan,nan,0.59,1.09,14.71,7.39,0.9,17.07,11.46
design_7919,0.53,0.92,1.67,nan,nan,nan,0.59,1.12,15.26,7.65,0.9,14.06,7.52
design_7920,0.83,0.64,2.34,nan,nan,nan,0.79,1.61,15.39,7.75,0.89,30.84,15.08
design_7921,0.73,0.72,2.38,nan,nan,nan,0.8,1.62,15.79,7.98,0.89,30.66,13.57
design_7922,0.77,0.65,2.11,nan,nan,nan,0.75,1.46,15.65,7.76,0.9,28.14,11.58
design_7923,0.75,0.72,2.39,nan,nan,nan,0.82,1.63,15.86,8.0,0.89,33.71,15.65
design_7924,0.88,0.72,2.48,nan,nan,nan,0.84,1.71,15.01,7.65,0.89,32.83,13.79
design_7925,0.76,0.64,2.39,nan,nan,nan,0.8,1.62,15.92,7.95,0.9,33.48,12.82
design_7926,0.78,0.55,1.92,nan,nan,nan,0.68,1.33,15.89,7.93,0.9,22.95,17.67
design_7927,0.69,0.53,1.7,nan,nan,nan,0.63,1.19,15.91,7.93,0.9,26.46,19.6
design_7928,0.54,0.56,1.63,nan,nan,nan,0.64,1.17,16.03,8.3,0.87,27.4,19.28
design_7929,0.54,0.63,4.1,nan,nan,nan,1.31,2.81,12.39,6.53,0.88,28.85,14.68
design_7930,0.59,0.58,4.06,nan,nan,nan,1.3,2.78,14.25,7.33,0.88,27.9,15.5
design_7931,0.43,0.5,4.14,nan,nan,nan,1.32,2.83,14.57,7.37,0.89,28.14,14.17
design_7932,0.46,0.54,1.36,nan,nan,nan,0.56,0.99,15.8,7.96,0.89,25.45,15.27
design_7933,0.42,0.6,4.22,nan,nan,nan,1.34,2.88,14.32,7.19,0.9,27.87,16.24
design_7934,0.46,0.47,1.43,nan,nan,nan,0.58,1.03,15.67,7.85,0.89,24.87,13.37
design_7935,0.44,0.53,1.31,nan,nan,nan,0.55,0.96,15.56,7.8,0.89,25.42,19.55
design_7936,0.51,0.71,1.71,nan,nan,nan,0.55,1.04,15.04,7.75,0.89,28.0,15.19
design_7937,0.57,0.99,1.93,nan,nan,nan,0.62,1.22,13.39,7.12,0.87,27.77,15.46
design_7938,0.5,0.49,1.9,nan,nan,nan,0.57,1.09,15.18,7.81,0.89,31.44,18.45
design_7939,0.52,0.58,3.06,nan,nan,nan,0.76,1.68,14.46,7.58,0.88,31.99,18.52
design_7940,0.52,1.05,1.92,nan,nan,nan,0.61,1.22,13.81,7.26,0.88,29.46,16.07
design_7941,0.52,0.94,1.88,nan,nan,nan,0.59,1.17,14.64,7.59,0.88,27.68,18.35
design_7942,0.51,0.56,1.89,nan,nan,nan,0.57,1.1,15.44,7.87,0.89,21.55,10.49
design_7943,0.5,0.99,1.82,nan,nan,nan,0.59,1.16,14.35,7.47,0.88,28.09,18.13
design_7944,0.55,0.51,0.84,nan,nan,nan,0.47,0.7,16.25,8.06,0.9,14.95,10.21
design_7945,0.61,0.63,4.07,nan,nan,nan,1.36,2.85,16.36,8.51,0.87,6.6,6.4
design_7946,0.5,0.57,1.62,nan,nan,nan,0.66,1.19,16.15,8.0,0.89,14.41,12.92
design_7947,0.53,0.66,1.4,nan,nan,nan,0.6,1.06,15.38,7.68,0.89,5.19,6.02
design_7948,0.43,0.52,1.72,nan,nan,nan,0.66,1.24,15.68,7.79,0.9,21.7,19.49
design_7949,0.5,0.51,1.22,nan,nan,nan,0.55,0.92,14.65,7.44,0.89,25.49,18.83
design_7950,0.56,0.54,1.07,nan,nan,nan,0.52,0.84,16.91,8.52,0.89,15.42,10.24
design_7951,0.49,0.54,0.81,nan,nan,nan,0.46,0.67,16.06,7.91,0.9,22.65,18.85
design_7952,1.0,0.89,2.45,nan,nan,nan,0.82,1.69,16.05,8.11,0.89,31.71,17.42
design_7953,0.86,0.72,1.77,nan,nan,nan,0.67,1.26,15.92,7.97,0.9,35.61,15.71
design_7954,0.85,0.73,1.93,nan,nan,nan,0.7,1.35,16.03,7.98,0.9,36.69,13.62
design_7955,0.67,0.7,2.04,nan,nan,nan,0.69,1.37,16.05,7.94,0.9,36.3,15.49
design_7956,0.52,0.73,1.64,nan,nan,nan,0.6,1.13,15.68,7.77,0.9,30.16,12.17
design_7957,0.68,0.75,2.01,nan,nan,nan,0.7,1.36,16.05,7.99,0.9,30.51,15.76
design_7958,0.94,0.8,1.86,nan,nan,nan,0.68,1.34,16.03,8.0,0.9,24.71,18.82
design_7959,0.56,0.74,1.74,nan,nan,nan,0.63,1.19,15.5,7.74,0.9,29.69,15.68
design_7960,0.55,0.96,1.18,nan,nan,nan,0.53,0.94,15.46,7.67,0.91,19.45,11.71
design_7961,0.54,1.05,1.44,nan,nan,nan,0.57,1.08,15.35,7.67,0.9,22.67,19.36
design_7962,0.62,1.04,1.29,nan,nan,nan,0.57,1.02,15.42,7.63,0.91,31.1,21.82
design_7963,0.69,0.93,1.35,nan,nan,nan,0.58,1.03,15.56,7.68,0.91,36.28,20.23
design_7964,0.59,0.97,1.31,nan,nan,nan,0.56,1.0,15.41,7.69,0.9,30.39,15.33
design_7965,0.57,0.99,1.16,nan,nan,nan,0.55,0.94,15.43,7.63,0.91,29.09,18.83
design_7966,0.52,1.01,1.75,nan,nan,nan,0.62,1.21,15.66,7.86,0.9,38.26,23.25
design_7967,0.61,0.87,1.39,nan,nan,nan,0.58,1.02,15.07,7.53,0.9,38.71,23.12
design_7968,1.17,0.6,3.24,nan,nan,nan,0.91,1.98,15.88,8.08,0.89,33.49,14.43
design_7969,0.71,0.93,3.04,nan,nan,nan,0.84,1.84,15.44,7.94,0.89,26.54,18.95
design_7970,0.69,0.96,3.35,nan,nan,nan,0.9,2.0,14.74,7.56,0.89,16.03,10.16
design_7971,1.1,0.64,3.36,nan,nan,nan,0.92,2.04,15.27,7.85,0.89,31.62,17.18
design_7972,0.67,0.85,3.51,nan,nan,nan,0.92,2.07,13.56,7.02,0.89,33.52,16.93
design_7973,0.74,0.99,3.11,nan,nan,nan,0.86,1.89,15.01,7.76,0.89,14.52,9.19
design_7974,0.6,0.87,3.39,nan,nan,nan,0.9,2.0,14.87,7.64,0.88,34.62,19.37
design_7975,0.97,0.98,3.17,nan,nan,nan,0.88,1.95,14.19,7.38,0.88,31.08,12.98
design_7976,0.59,0.88,0.51,nan,nan,nan,0.45,0.67,15.98,7.98,0.9,16.77,16.15
design_7977,0.59,0.8,0.91,nan,nan,nan,0.48,0.77,15.37,7.84,0.89,33.65,14.77
design_7978,0.47,0.78,0.39,nan,nan,nan,0.41,0.57,16.07,8.01,0.9,23.28,17.73
design_7979,0.54,0.71,0.58,nan,nan,nan,0.45,0.61,15.32,7.76,0.89,31.66,14.48
design_7980,0.48,0.71,0.36,nan,nan,nan,0.43,0.53,15.5,7.6,0.91,37.78,14.92
design_7981,0.6,0.77,0.48,nan,nan,nan,0.45,0.63,16.1,8.05,0.9,22.25,13.87
design_7982,0.63,0.83,0.54,nan,nan,nan,0.45,0.67,15.56,7.87,0.89,26.56,16.63
design_7983,0.48,0.86,0.51,nan,nan,nan,0.44,0.63,16.28,8.15,0.9,13.35,12.9
design_7984,0.56,0.77,3.21,nan,nan,nan,1.06,2.23,14.85,7.68,0.87,23.88,16.5
design_7985,0.49,0.77,3.11,nan,nan,nan,1.04,2.16,14.88,7.68,0.88,22.75,20.38
design_7986,0.77,0.7,3.43,nan,nan,nan,1.13,2.38,15.89,8.12,0.89,23.61,21.91
design_7987,0.52,0.7,3.47,nan,nan,nan,1.13,2.39,15.33,7.89,0.87,22.62,22.98
design_7988,0.47,0.58,3.47,nan,nan,nan,1.13,2.38,15.05,7.74,0.88,25.99,18.12
design_7989,0.6,0.57,3.01,nan,nan,nan,1.0,2.08,15.03,7.82,0.87,20.44,19.68
design_7990,0.64,0.74,3.26,nan,nan,nan,1.08,2.26,15.7,8.07,0.88,22.0,16.48
design_7991,0.58,0.55,3.13,nan,nan,nan,1.04,2.16,14.9,7.66,0.88,13.77,11.72
design_7992,0.46,0.49,4.14,nan,nan,nan,1.37,2.89,17.28,9.07,0.86,21.19,20.47
design_7993,0.68,0.38,1.64,nan,nan,nan,0.66,1.2,17.8,9.06,0.87,38.52,27.23
design_7994,0.51,0.5,3.35,nan,nan,nan,1.13,2.35,16.78,8.81,0.86,29.08,15.5
design_7995,0.79,0.54,3.63,nan,nan,nan,1.23,2.56,16.37,8.54,0.87,23.19,21.89
design_7996,0.84,0.5,3.1,nan,nan,nan,1.08,2.21,16.91,8.78,0.88,36.09,19.27
design_7997,0.59,0.5,2.78,nan,nan,nan,0.97,1.96,17.02,8.79,0.87,33.74,22.18
design_7998,0.71,0.5,4.53,nan,nan,nan,1.49,3.17,15.99,8.22,0.87,24.17,21.71
design_7999,0.53,0.53,6.22,nan,nan,nan,2.01,4.33,16.5,8.45,0.89,22.49,22.41
