service_a,service_b,n_shared,n_conflict,n_hard,n_soft,coinstallable,reconcilable,hard_conflict_packages
alphafold-server,bindflow-server,77,20,6,14,False,False,jaxlib(0.4.26+cuda12.cudnn89|0.4.18:build); ml-dtypes(0.3.2|0.5.4:major); protobuf(4.25.9|6.33.5:major); rpds-py(2026.6.3|0.30.0:major); setuptools(71.1.0|81.0.0:major); uvicorn(0.51.0|0.50.2:major)
alphafold-server,boltz-server,56,10,2,8,False,False,protobuf(4.25.9|5.29.6:major); setuptools(71.1.0|81.0.0:major)
alphafold-server,boltzgen-server,65,10,2,8,False,False,numpy(1.26.4|2.0.2:major); setuptools(71.1.0|81.0.0:major)
alphafold-server,chembounce-server,45,2,2,0,False,False,pip(26.1.2|24.0:major); setuptools(71.1.0|79.0.1:major)
alphafold-server,deeprank-ab-server,66,6,2,4,False,False,rpds-py(2026.6.3|0.30.0:major); setuptools(71.1.0|83.0.0:major)
alphafold-server,diamond-server,42,6,2,4,False,False,annotated-types(0.7.0|0.8.0:major); fastapi(0.139.0|0.140.13:major)
alphafold-server,diffdock-pp-server,64,13,4,9,False,False,absl-py(1.0.0|2.5.0:major); pillow(12.3.0|9.4.0:major); rpds-py(2026.6.3|0.30.0:major); setuptools(71.1.0|83.0.0:major)
alphafold-server,diffdock-server,65,8,4,4,False,False,absl-py(1.0.0|2.5.0:major); ml-collections(0.1.0|1.1.0:major); rpds-py(2026.6.3|0.30.0:major); setuptools(71.1.0|69.5.1:major)
alphafold-server,diffusion-hopping-server,69,15,4,11,False,False,absl-py(1.0.0|2.5.0:major); pillow(12.3.0|8.4.0:major); rpds-py(2026.6.3|0.30.0:major); setuptools(71.1.0|79.0.1:major)
alphafold-server,dockq-server,45,1,0,1,False,True,
alphafold-server,drughive-server,62,10,3,7,False,False,pillow(12.3.0|9.4.0:major); rpds-py(2026.6.3|0.30.0:major); setuptools(71.1.0|79.0.1:major)
alphafold-server,ensemble-server,29,7,2,5,False,False,fastapi(0.139.0|0.138.0:major); uvicorn(0.51.0|0.49.0:major)
alphafold-server,esmfold2-server,61,10,2,8,False,False,numpy(1.26.4|2.5.0:major); setuptools(71.1.0|81.0.0:major)
alphafold-server,flowmol-server,60,10,3,7,False,False,pillow(12.3.0|8.4.0:major); rpds-py(2026.6.3|0.30.0:major); setuptools(71.1.0|79.0.1:major)
alphafold-server,genie3-server,62,9,6,3,False,False,absl-py(1.0.0|2.5.0:major); ml-collections(0.1.0|1.1.0:major); numpy(1.26.4|2.2.6:major); protobuf(4.25.9|7.35.1:major); rpds-py(2026.6.3|0.30.0:major); setuptools(71.1.0|83.0.0:major)
alphafold-server,iggm-server,59,9,3,6,False,False,absl-py(1.0.0|2.5.0:major); rpds-py(2026.6.3|0.30.0:major); setuptools(71.1.0|79.0.1:major)
alphafold-server,immunebuilder-server,55,6,3,3,False,False,numpy(1.26.4|2.2.6:major); rpds-py(2026.6.3|0.30.0:major); setuptools(71.1.0|83.0.0:major)
alphafold-server,lightdock-server,48,3,1,2,False,False,setuptools(71.1.0|83.0.0:major)
alphafold-server,megalodon-server,55,7,5,2,False,False,fsspec(2026.6.0|2025.12.0:major); numpy(1.26.4|2.2.6:major); packaging(26.2|24.2:major); rpds-py(2026.6.3|0.30.0:major); setuptools(71.1.0|79.0.1:major)
alphafold-server,mmseqs2-server,25,0,0,0,True,True,
alphafold-server,openadmet-server,77,7,4,3,False,False,numpy(1.26.4|2.4.6:major); protobuf(4.25.9|6.33.6:major); pytest(8.4.2|9.1.1:major); setuptools(71.1.0|81.0.0:major)
alphafold-server,openbpmd-server,63,9,2,7,False,False,rpds-py(2026.6.3|0.30.0:major); setuptools(71.1.0|83.0.0:major)
alphafold-server,plip-server,44,1,0,1,False,True,
alphafold-server,pocketxmol-server,61,10,3,7,False,False,pip(26.1.2|24.3.1:major); rpds-py(2026.6.3|0.30.0:major); setuptools(71.1.0|69.5.1:major)
alphafold-server,ppiflow-server,77,38,15,23,False,False,absl-py(1.0.0|2.1.0:major); attrs(26.1.0|25.1.0:major); certifi(2026.6.17|2025.4.26:major); fsspec(2026.6.0|2024.6.1:major); MarkupSafe(3.0.3|2.1.5:major); ml-collections(0.1.0|1.0.0:major); optree(0.19.1|0.14.1:major); packaging(26.2|24.2:major); pillow(12.3.0|11.0.0:major); pip(26.1.2|25.0:major); protobuf(4.25.9|3.20.2:major); rpds-py(2026.6.3|0.30.0:major); setuptools(71.1.0|75.8.0:major); wheel(0.47.0|0.45.1:major); wrapt(2.2.2|1.17.2:major)
alphafold-server,promera-server,64,14,7,7,False,False,absl-py(1.0.0|2.4.0:major); fsspec(2026.6.0|2025.12.0:major); ml-collections(0.1.0|1.1.0:major); numpy(1.26.4|2.4.6:major); packaging(26.2|24.2:major); protobuf(4.25.9|7.35.1:major); setuptools(71.1.0|82.0.1:major)
alphafold-server,proteinmpnn-server,46,4,2,2,False,False,numpy(1.26.4|2.2.6:major); rpds-py(2026.6.3|0.30.0:major)
alphafold-server,qligfep-server,67,11,3,8,False,False,numpy(1.26.4|2.4.6:major); setuptools(71.1.0|82.0.1:major); uvicorn(0.51.0|0.50.2:major)
alphafold-server,reinvent-server,73,7,5,2,False,False,absl-py(1.0.0|2.5.0:major); numpy(1.26.4|2.4.6:major); protobuf(4.25.9|7.35.1:major); pytest(8.4.2|9.1.1:major); setuptools(71.1.0|81.0.0:major)
alphafold-server,rfantibody-server,54,5,1,4,False,False,rpds-py(2026.6.3|0.30.0:major)
alphafold-server,rfdiffusion-server,53,5,3,2,False,False,protobuf(4.25.9|7.35.1:major); rpds-py(2026.6.3|0.30.0:major); setuptools(71.1.0|83.0.0:major)
alphafold-server,rfdiffusion2-server,79,19,3,16,False,False,absl-py(1.0.0|2.5.0:major); rpds-py(2026.6.3|0.28.0:major); setuptools(71.1.0|83.0.0:major)
alphafold-server,semlaflow-server,54,6,3,3,False,False,fsspec(2026.6.0|2024.12.0:major); packaging(26.2|24.2:major); setuptools(71.1.0|79.0.1:major)
bindflow-server,boltz-server,75,19,5,14,False,False,pandas(2.0.3|3.0.3:major); protobuf(6.33.5|5.29.6:major); rdkit(2023.3.2|2026.3.3:major); rpds-py(0.30.0|2026.6.3:major); uvicorn(0.50.2|0.51.0:major)
bindflow-server,boltzgen-server,82,17,6,11,False,False,numpy(1.22.4|2.0.2:major); pandas(2.0.3|3.0.3:major); rdkit(2023.3.2|2026.3.3:major); rpds-py(0.30.0|2026.6.3:major); typer(0.26.8|0.25.1:major); uvicorn(0.50.2|0.51.0:major)
bindflow-server,chembounce-server,45,8,4,4,False,False,pip(26.1.2|24.0:major); rpds-py(0.30.0|2026.6.3:major); setuptools(81.0.0|79.0.1:major); uvicorn(0.50.2|0.51.0:major)
bindflow-server,deeprank-ab-server,87,16,2,14,False,False,setuptools(81.0.0|83.0.0:major); uvicorn(0.50.2|0.51.0:major)
bindflow-server,diamond-server,42,11,4,7,False,False,annotated-types(0.7.0|0.8.0:major); fastapi(0.139.0|0.140.13:major); rpds-py(0.30.0|2026.6.3:major); uvicorn(0.50.2|0.51.0:major)
bindflow-server,diffdock-pp-server,74,15,5,10,False,False,pandas(2.0.3|1.5.3:major); pillow(12.0.0|9.4.0:major); protobuf(6.33.5|4.25.3:major); setuptools(81.0.0|83.0.0:major); uvicorn(0.50.2|0.51.0:major)
bindflow-server,diffdock-server,89,16,5,11,False,False,networkx(3.4|2.8.4:major); pandas(2.0.3|1.5.1:major); rdkit(2023.3.2|2022.3.3:major); setuptools(81.0.0|69.5.1:major); uvicorn(0.50.2|0.51.0:major)
bindflow-server,diffusion-hopping-server,85,18,6,12,False,False,pandas(2.0.3|1.5.2:major); pillow(12.0.0|8.4.0:major); protobuf(6.33.5|4.25.3:major); reportlab(5.0.0|3.5.68:major); setuptools(81.0.0|79.0.1:major); uvicorn(0.50.2|0.51.0:major)
bindflow-server,dockq-server,49,10,2,8,False,False,rpds-py(0.30.0|2026.6.3:major); uvicorn(0.50.2|0.51.0:major)
bindflow-server,drughive-server,88,16,4,12,False,False,pandas(2.0.3|1.5.2:major); pillow(12.0.0|9.4.0:major); setuptools(81.0.0|79.0.1:major); uvicorn(0.50.2|0.51.0:major)
bindflow-server,ensemble-server,29,5,2,3,False,False,fastapi(0.139.0|0.138.0:major); uvicorn(0.50.2|0.49.0:major)
bindflow-server,esmfold2-server,91,19,6,13,False,False,ipython(8.37.0|9.15.0:major); numpy(1.22.4|2.5.0:major); pandas(2.0.3|3.0.3:major); rdkit(2023.3.2|2026.3.3:major); rpds-py(0.30.0|2026.6.3:major); uvicorn(0.50.2|0.51.0:major)
bindflow-server,flowmol-server,82,18,4,14,False,False,pillow(12.0.0|8.4.0:major); reportlab(5.0.0|3.5.68:major); setuptools(81.0.0|79.0.1:major); uvicorn(0.50.2|0.51.0:major)
bindflow-server,genie3-server,75,17,4,13,False,False,numpy(1.22.4|2.2.6:major); protobuf(6.33.5|7.35.1:major); setuptools(81.0.0|83.0.0:major); uvicorn(0.50.2|0.51.0:major)
bindflow-server,iggm-server,59,11,2,9,False,False,setuptools(81.0.0|79.0.1:major); uvicorn(0.50.2|0.51.0:major)
bindflow-server,immunebuilder-server,56,11,3,8,False,False,numpy(1.22.4|2.2.6:major); setuptools(81.0.0|83.0.0:major); uvicorn(0.50.2|0.51.0:major)
bindflow-server,lightdock-server,49,10,3,7,False,False,rpds-py(0.30.0|2026.6.3:major); setuptools(81.0.0|83.0.0:major); uvicorn(0.50.2|0.51.0:major)
bindflow-server,megalodon-server,71,16,5,11,False,False,numpy(1.22.4|2.2.6:major); packaging(26.2|24.2:major); rdkit(2023.3.2|2025.3.2:major); setuptools(81.0.0|79.0.1:major); uvicorn(0.50.2|0.51.0:major)
bindflow-server,mmseqs2-server,25,3,1,2,False,False,uvicorn(0.50.2|0.51.0:major)
bindflow-server,openadmet-server,136,32,6,26,False,False,gsd(4.0.0|5.0.1:major); numpy(1.22.4|2.4.6:major); pandas(2.0.3|3.0.3:major); rdkit(2023.3.2|2026.3.4:major); rpds-py(0.30.0|2026.6.3:major); uvicorn(0.50.2|0.51.0:major)
bindflow-server,openbpmd-server,86,20,2,18,False,False,setuptools(81.0.0|83.0.0:major); uvicorn(0.50.2|0.51.0:major)
bindflow-server,plip-server,45,8,3,5,False,False,lxml(5.3.0|4.9.2:major); rpds-py(0.30.0|2026.6.3:major); uvicorn(0.50.2|0.51.0:major)
bindflow-server,pocketxmol-server,95,19,5,14,False,False,networkx(3.4|2.8.8:major); pandas(2.0.3|1.5.2:major); pip(26.1.2|24.3.1:major); setuptools(81.0.0|69.5.1:major); uvicorn(0.50.2|0.51.0:major)
bindflow-server,ppiflow-server,112,68,17,51,False,False,attrs(26.1.0|25.1.0:major); certifi(2026.6.17|2025.4.26:major); jedi(0.20.0|0.19.2:major); MarkupSafe(3.0.3|2.1.5:major); matplotlib-inline(0.2.2|0.1.7:major); packaging(26.2|24.2:major); pillow(12.0.0|11.0.0:major); pip(26.1.2|25.0:major); propcache(0.5.2|0.3.0:major); protobuf(6.33.5|3.20.2:major); pytz(2026.2|2025.1:major); setuptools(81.0.0|75.8.0:major); tzdata(2026.2|2025.1:major); uvicorn(0.50.2|0.51.0:major); wcwidth(0.8.2|0.2.13:major); wheel(0.47.0|0.45.1:major); wrapt(2.2.2|1.17.2:major)
bindflow-server,promera-server,82,21,8,13,False,False,numpy(1.22.4|2.4.6:major); packaging(26.2|24.2:major); pandas(2.0.3|3.0.4:major); protobuf(6.33.5|7.35.1:major); rdkit(2023.3.2|2024.9.6:major); rpds-py(0.30.0|2026.6.3:major); setuptools(81.0.0|82.0.1:major); uvicorn(0.50.2|0.51.0:major)
bindflow-server,proteinmpnn-server,48,8,2,6,False,False,numpy(1.22.4|2.2.6:major); uvicorn(0.50.2|0.51.0:major)
bindflow-server,qligfep-server,108,27,12,15,False,False,numpy(1.22.4|2.4.6:major); openff-amber-ff-ports(0+untagged.32.g809f411.dirty|2025.9.0:build); openff-interchange(0.3.10|0.5.2:major); openff-toolkit(0.14.2|0.18.0:major); openff-units(0.2.2|0.3.2:major); openff-utilities(0.0.0|0.1.16:major); openforcefields(2024.9.0|2026.1.0:major); packmol-memgen(1.2.3rc0|2025.1.29:major); Pint(0.23|0.25.3:major); rdkit(2023.3.2|2025.9.5:major); rpds-py(0.30.0|2026.6.3:major); setuptools(81.0.0|82.0.1:major)
bindflow-server,reinvent-server,81,18,6,12,False,False,numpy(1.22.4|2.4.6:major); pandas(2.0.3|3.0.4:major); protobuf(6.33.5|7.35.1:major); rdkit(2023.3.2|2026.3.3:major); rpds-py(0.30.0|2026.6.3:major); uvicorn(0.50.2|0.51.0:major)
bindflow-server,rfantibody-server,65,12,1,11,False,False,uvicorn(0.50.2|0.51.0:major)
bindflow-server,rfdiffusion-server,62,14,3,11,False,False,protobuf(6.33.5|7.35.1:major); setuptools(81.0.0|83.0.0:major); uvicorn(0.50.2|0.51.0:major)
bindflow-server,rfdiffusion2-server,136,44,10,34,False,False,json5(0.15.0|0.12.1:major); pandas(2.0.3|1.5.0:major); prometheus_client(0.25.0|0.24.1:major); protobuf(6.33.5|4.25.9:major); rdkit(2023.3.2|2024.3.5:major); rpds-py(0.30.0|0.28.0:major); Send2Trash(2.1.0|1.8.3:major); setuptools(81.0.0|83.0.0:major); typer(0.26.8|0.12.5:major); uvicorn(0.50.2|0.51.0:major)
bindflow-server,semlaflow-server,67,17,4,13,False,False,packaging(26.2|24.2:major); rpds-py(0.30.0|2026.6.3:major); setuptools(81.0.0|79.0.1:major); uvicorn(0.50.2|0.51.0:major)
boltz-server,boltzgen-server,114,20,3,17,False,False,einx(0.3.0|0.4.3:major); gemmi(0.6.5|0.7.5:major); numpy(1.26.4|2.0.2:major)
boltz-server,chembounce-server,44,6,1,5,False,False,setuptools(81.0.0|79.0.1:major)
boltz-server,deeprank-ab-server,66,19,4,15,False,False,pandas(3.0.3|2.3.3:major); rpds-py(2026.6.3|0.30.0:major); setuptools(81.0.0|83.0.0:major); triton(3.7.0|2.0.0:major)
boltz-server,diamond-server,42,11,2,9,False,False,annotated-types(0.7.0|0.8.0:major); fastapi(0.139.0|0.140.13:major)
boltz-server,diffdock-pp-server,64,19,6,13,False,False,pandas(3.0.3|1.5.3:major); pillow(12.2.0|9.4.0:major); protobuf(5.29.6|4.25.3:major); rpds-py(2026.6.3|0.30.0:major); setuptools(81.0.0|83.0.0:major); torch(2.12.0|1.13.1:major)
boltz-server,diffdock-server,80,22,8,14,False,False,networkx(3.6.1|2.8.4:major); pandas(3.0.3|1.5.1:major); pytorch-lightning(2.5.0|1.9.5:major); rdkit(2026.3.3|2022.3.3:major); rpds-py(2026.6.3|0.30.0:major); setuptools(81.0.0|69.5.1:major); torch(2.12.0|1.13.1+cu117:build); torchmetrics(1.9.0|0.11.0:major)
boltz-server,diffusion-hopping-server,65,21,7,14,False,False,pandas(3.0.3|1.5.2:major); pillow(12.2.0|8.4.0:major); protobuf(5.29.6|4.25.3:major); pytorch-lightning(2.5.0|1.8.1:major); rpds-py(2026.6.3|0.30.0:major); setuptools(81.0.0|79.0.1:major); torch(2.12.0|1.13.1:major)
boltz-server,dockq-server,47,7,0,7,False,True,
boltz-server,drughive-server,62,20,5,15,False,False,pandas(3.0.3|1.5.2:major); pillow(12.2.0|9.4.0:major); rpds-py(2026.6.3|0.30.0:major); setuptools(81.0.0|79.0.1:major); torch(2.12.0|1.12.1:major)
boltz-server,ensemble-server,29,7,2,5,False,False,fastapi(0.139.0|0.138.0:major); uvicorn(0.51.0|0.49.0:major)
boltz-server,esmfold2-server,87,11,1,10,False,False,numpy(1.26.4|2.5.0:major)
boltz-server,flowmol-server,67,24,7,17,False,False,einops(0.8.0|0.7.0:major); pandas(3.0.3|2.2.0:major); pillow(12.2.0|8.4.0:major); rdkit(2026.3.3|2023.9.5:major); rpds-py(2026.6.3|0.30.0:major); setuptools(81.0.0|79.0.1:major); triton(3.7.0|2.2.0:major)
boltz-server,genie3-server,81,26,6,20,False,False,numpy(1.26.4|2.2.6:major); pandas(3.0.3|2.3.3:major); protobuf(5.29.6|7.35.1:major); rpds-py(2026.6.3|0.30.0:major); setuptools(81.0.0|83.0.0:major); wandb(0.18.7|0.28.0:major)
boltz-server,iggm-server,59,17,3,14,False,False,rpds-py(2026.6.3|0.30.0:major); setuptools(81.0.0|79.0.1:major); triton(3.7.0|2.0.0:major)
boltz-server,immunebuilder-server,60,18,3,15,False,False,numpy(1.26.4|2.2.6:major); rpds-py(2026.6.3|0.30.0:major); setuptools(81.0.0|83.0.0:major)
boltz-server,lightdock-server,47,8,1,7,False,False,setuptools(81.0.0|83.0.0:major)
boltz-server,megalodon-server,79,22,8,14,False,False,fsspec(2026.4.0|2025.12.0:major); numpy(1.26.4|2.2.6:major); packaging(26.2|24.2:major); pandas(3.0.3|2.2.3:major); rdkit(2026.3.3|2025.3.2:major); rpds-py(2026.6.3|0.30.0:major); setuptools(81.0.0|79.0.1:major); torch(2.12.0|2.7.0+cu126:build)
boltz-server,mmseqs2-server,25,3,0,3,False,True,
boltz-server,openadmet-server,89,26,5,21,False,False,llvmlite(0.44.0|0.47.0:major); numba(0.61.0|0.65.1:major); numpy(1.26.4|2.4.6:major); protobuf(5.29.6|6.33.6:major); wandb(0.18.7|0.25.1:major)
boltz-server,openbpmd-server,58,14,3,11,False,False,pandas(3.0.3|2.2.3:major); rpds-py(2026.6.3|0.30.0:major); setuptools(81.0.0|83.0.0:major)
boltz-server,plip-server,44,6,0,6,False,True,
boltz-server,pocketxmol-server,80,21,6,15,False,False,networkx(3.6.1|2.8.8:major); pandas(3.0.3|1.5.2:major); rdkit(2026.3.3|2023.9.3:major); rpds-py(2026.6.3|0.30.0:major); setuptools(81.0.0|69.5.1:major); torch(2.12.0|2.7.0+cu128:build)
boltz-server,ppiflow-server,99,55,18,37,False,False,attrs(26.1.0|25.1.0:major); certifi(2026.6.17|2025.4.26:major); fsspec(2026.4.0|2024.6.1:major); lightning-utilities(0.15.3|0.14.0:major); MarkupSafe(3.0.3|2.1.5:major); modelcif(1.2|0.7:major); nvidia-ml-py(13.610.43|12.570.86:major); packaging(26.2|24.2:major); pandas(3.0.3|2.2.3:major); pillow(12.2.0|11.0.0:major); propcache(0.5.2|0.3.0:major); protobuf(5.29.6|3.20.2:major); rdkit(2026.3.3|2023.3.1:major); rpds-py(2026.6.3|0.30.0:major); setuptools(81.0.0|75.8.0:major); torch(2.12.0|2.3.1+cu121:build); triton(3.7.0|2.3.1:major); wandb(0.18.7|0.19.8:major)
boltz-server,promera-server,97,27,11,16,False,False,cuequivariance(0.10.0|0.8.0:major); cuequivariance-ops-cu12(0.10.0|0.8.0:major); cuequivariance-ops-torch-cu12(0.10.0|0.8.0:major); cuequivariance-torch(0.10.0|0.8.0:major); fsspec(2026.4.0|2025.12.0:major); numpy(1.26.4|2.4.6:major); packaging(26.2|24.2:major); protobuf(5.29.6|7.35.1:major); rdkit(2026.3.3|2024.9.6:major); setuptools(81.0.0|82.0.1:major); wandb(0.18.7|0.28.0:major)
boltz-server,proteinmpnn-server,55,11,2,9,False,False,numpy(1.26.4|2.2.6:major); rpds-py(2026.6.3|0.30.0:major)
boltz-server,qligfep-server,66,21,5,16,False,False,numpy(1.26.4|2.4.6:major); pandas(3.0.3|2.3.3:major); rdkit(2026.3.3|2025.9.5:major); setuptools(81.0.0|82.0.1:major); uvicorn(0.51.0|0.50.2:major)
boltz-server,reinvent-server,82,22,5,17,False,False,cuda-bindings(13.2.0|12.9.7:major); cuda-toolkit(13.0.2|12.6.3:major); numpy(1.26.4|2.4.6:major); protobuf(5.29.6|7.35.1:major); torch(2.12.0|2.12.0+cu126:build)
boltz-server,rfantibody-server,68,14,4,10,False,False,pandas(3.0.3|2.3.3:major); rpds-py(2026.6.3|0.30.0:major); torch(2.12.0|2.3.1+cu121:build); triton(3.7.0|2.3.1:major)
boltz-server,rfdiffusion-server,70,15,6,9,False,False,protobuf(5.29.6|7.35.1:major); rpds-py(2026.6.3|0.30.0:major); setuptools(81.0.0|83.0.0:major); torch(2.12.0|2.0.1+cu118:build); triton(3.7.0|2.0.0:major); wandb(0.18.7|0.12.0:major)
boltz-server,rfdiffusion2-server,81,29,9,20,False,False,einops(0.8.0|0.7.0:major); llvmlite(0.44.0|0.48.0:major); numba(0.61.0|0.66.0:major); pandas(3.0.3|1.5.0:major); protobuf(5.29.6|4.25.9:major); rdkit(2026.3.3|2024.3.5:major); rpds-py(2026.6.3|0.28.0:major); setuptools(81.0.0|83.0.0:major); wandb(0.18.7|0.13.10:major)
boltz-server,semlaflow-server,72,21,6,15,False,False,fsspec(2026.4.0|2024.12.0:major); packaging(26.2|24.2:major); pandas(3.0.3|2.2.2:major); rdkit(2026.3.3|2023.9.6:major); setuptools(81.0.0|79.0.1:major); triton(3.7.0|2.2.0:major)
boltzgen-server,chembounce-server,44,4,1,3,False,False,setuptools(81.0.0|79.0.1:major)
boltzgen-server,deeprank-ab-server,79,21,6,15,False,False,numpy(2.0.2|1.26.4:major); pandas(3.0.3|2.3.3:major); rpds-py(2026.6.3|0.30.0:major); setuptools(81.0.0|83.0.0:major); triton(3.7.1|2.0.0:major); typer(0.25.1|0.26.8:major)
boltzgen-server,diamond-server,42,9,2,7,False,False,annotated-types(0.7.0|0.8.0:major); fastapi(0.139.0|0.140.13:major)
boltzgen-server,diffdock-pp-server,63,16,6,10,False,False,numpy(2.0.2|1.24.4:major); pandas(3.0.3|1.5.3:major); pillow(12.2.0|9.4.0:major); rpds-py(2026.6.3|0.30.0:major); setuptools(81.0.0|83.0.0:major); torch(2.12.1|1.13.1:major)
boltzgen-server,diffdock-server,84,20,9,11,False,False,networkx(3.6.1|2.8.4:major); numpy(2.0.2|1.26.4:major); pandas(3.0.3|1.5.1:major); pytorch-lightning(2.6.5|1.9.5:major); rdkit(2026.3.3|2022.3.3:major); rpds-py(2026.6.3|0.30.0:major); setuptools(81.0.0|69.5.1:major); torch(2.12.1|1.13.1+cu117:build); torchmetrics(1.9.0|0.11.0:major)
boltzgen-server,diffusion-hopping-server,69,20,7,13,False,False,numpy(2.0.2|1.24.1:major); pandas(3.0.3|1.5.2:major); pillow(12.2.0|8.4.0:major); pytorch-lightning(2.6.5|1.8.1:major); rpds-py(2026.6.3|0.30.0:major); setuptools(81.0.0|79.0.1:major); torch(2.12.1|1.13.1:major)
boltzgen-server,dockq-server,47,5,1,4,False,False,numpy(2.0.2|1.26.4:major)
boltzgen-server,drughive-server,68,20,6,14,False,False,numpy(2.0.2|1.24.1:major); pandas(3.0.3|1.5.2:major); pillow(12.2.0|9.4.0:major); rpds-py(2026.6.3|0.30.0:major); setuptools(81.0.0|79.0.1:major); torch(2.12.1|1.12.1:major)
boltzgen-server,ensemble-server,29,6,2,4,False,False,fastapi(0.139.0|0.138.0:major); uvicorn(0.51.0|0.49.0:major)
boltzgen-server,esmfold2-server,99,5,1,4,False,False,huggingface_hub(1.21.0|0.36.2:major)
boltzgen-server,flowmol-server,72,25,8,17,False,False,einops(0.8.2|0.7.0:major); numpy(2.0.2|1.26.3:major); pandas(3.0.3|2.2.0:major); pillow(12.2.0|8.4.0:major); rdkit(2026.3.3|2023.9.5:major); rpds-py(2026.6.3|0.30.0:major); setuptools(81.0.0|79.0.1:major); triton(3.7.1|2.2.0:major)
boltzgen-server,genie3-server,87,30,3,27,False,False,pandas(3.0.3|2.3.3:major); rpds-py(2026.6.3|0.30.0:major); setuptools(81.0.0|83.0.0:major)
boltzgen-server,iggm-server,58,14,4,10,False,False,numpy(2.0.2|1.23.5:major); rpds-py(2026.6.3|0.30.0:major); setuptools(81.0.0|79.0.1:major); triton(3.7.1|2.0.0:major)
boltzgen-server,immunebuilder-server,70,24,2,22,False,False,rpds-py(2026.6.3|0.30.0:major); setuptools(81.0.0|83.0.0:major)
boltzgen-server,lightdock-server,48,7,2,5,False,False,numpy(2.0.2|1.26.4:major); setuptools(81.0.0|83.0.0:major)
boltzgen-server,megalodon-server,89,31,7,24,False,False,fsspec(2026.4.0|2025.12.0:major); packaging(26.2|24.2:major); pandas(3.0.3|2.2.3:major); rdkit(2026.3.3|2025.3.2:major); rpds-py(2026.6.3|0.30.0:major); setuptools(81.0.0|79.0.1:major); torch(2.12.1|2.7.0+cu126:build)
boltzgen-server,mmseqs2-server,25,2,0,2,False,True,
boltzgen-server,openadmet-server,95,16,2,14,False,False,llvmlite(0.44.0|0.47.0:major); numba(0.61.0|0.65.1:major)
boltzgen-server,openbpmd-server,64,14,4,10,False,False,numpy(2.0.2|1.26.4:major); pandas(3.0.3|2.2.3:major); rpds-py(2026.6.3|0.30.0:major); setuptools(81.0.0|83.0.0:major)
boltzgen-server,plip-server,44,4,1,3,False,False,numpy(2.0.2|1.24.2:major)
boltzgen-server,pocketxmol-server,95,33,7,26,False,False,networkx(3.6.1|2.8.8:major); numpy(2.0.2|1.24.4:major); pandas(3.0.3|1.5.2:major); rdkit(2026.3.3|2023.9.3:major); rpds-py(2026.6.3|0.30.0:major); setuptools(81.0.0|69.5.1:major); torch(2.12.1|2.7.0+cu128:build)
boltzgen-server,ppiflow-server,107,59,19,40,False,False,attrs(26.1.0|25.1.0:major); certifi(2026.6.17|2025.4.26:major); fsspec(2026.4.0|2024.6.1:major); gemmi(0.7.5|0.6.5:major); lightning-utilities(0.15.3|0.14.0:major); MarkupSafe(3.0.3|2.1.5:major); numpy(2.0.2|1.26.3:major); nvidia-cudnn-cu12(9.1.0.70|8.9.2.26:major); nvidia-ml-py(13.610.43|12.570.86:major); packaging(26.2|24.2:major); pandas(3.0.3|2.2.3:major); pdbeccdutils(1.0.3|0.8.5:major); pillow(12.2.0|11.0.0:major); propcache(0.5.2|0.3.0:major); rdkit(2026.3.3|2023.3.1:major); rpds-py(2026.6.3|0.30.0:major); setuptools(81.0.0|75.8.0:major); torch(2.12.1|2.3.1+cu121:build); triton(3.7.1|2.3.1:major)
boltzgen-server,promera-server,105,26,8,18,False,False,cuequivariance(0.10.0|0.8.0:major); cuequivariance-ops-cu12(0.10.0|0.8.0:major); cuequivariance-ops-torch-cu12(0.10.0|0.8.0:major); cuequivariance-torch(0.10.0|0.8.0:major); fsspec(2026.4.0|2025.12.0:major); packaging(26.2|24.2:major); rdkit(2026.3.3|2024.9.6:major); setuptools(81.0.0|82.0.1:major)
boltzgen-server,proteinmpnn-server,65,9,1,8,False,False,rpds-py(2026.6.3|0.30.0:major)
boltzgen-server,qligfep-server,76,17,4,13,False,False,pandas(3.0.3|2.3.3:major); rdkit(2026.3.3|2025.9.5:major); setuptools(81.0.0|82.0.1:major); uvicorn(0.51.0|0.50.2:major)
boltzgen-server,reinvent-server,101,29,3,26,False,False,cuda-bindings(13.3.1|12.9.7:major); cuda-toolkit(13.0.2|12.6.3:major); torch(2.12.1|2.12.0+cu126:build)
boltzgen-server,rfantibody-server,80,12,6,6,False,False,numpy(2.0.2|1.26.4:major); nvidia-cudnn-cu12(9.1.0.70|8.9.2.26:major); pandas(3.0.3|2.3.3:major); rpds-py(2026.6.3|0.30.0:major); torch(2.12.1|2.3.1+cu121:build); triton(3.7.1|2.3.1:major)
boltzgen-server,rfdiffusion-server,62,12,5,7,False,False,numpy(2.0.2|1.26.4:major); rpds-py(2026.6.3|0.30.0:major); setuptools(81.0.0|83.0.0:major); torch(2.12.1|2.0.1+cu118:build); triton(3.7.1|2.0.0:major)
boltzgen-server,rfdiffusion2-server,85,26,9,17,False,False,einops(0.8.2|0.7.0:major); llvmlite(0.44.0|0.48.0:major); numba(0.61.0|0.66.0:major); numpy(2.0.2|1.26.4:major); pandas(3.0.3|1.5.0:major); rdkit(2026.3.3|2024.3.5:major); rpds-py(2026.6.3|0.28.0:major); setuptools(81.0.0|83.0.0:major); typer(0.25.1|0.12.5:major)
boltzgen-server,semlaflow-server,72,19,7,12,False,False,fsspec(2026.4.0|2024.12.0:major); numpy(2.0.2|1.26.2:major); packaging(26.2|24.2:major); pandas(3.0.3|2.2.2:major); rdkit(2026.3.3|2023.9.6:major); setuptools(81.0.0|79.0.1:major); triton(3.7.1|2.2.0:major)
chembounce-server,deeprank-ab-server,45,3,3,0,False,False,pip(24.0|26.1.2:major); rpds-py(2026.6.3|0.30.0:major); setuptools(79.0.1|83.0.0:major)
chembounce-server,diamond-server,42,6,2,4,False,False,annotated-types(0.7.0|0.8.0:major); fastapi(0.139.0|0.140.13:major)
chembounce-server,diffdock-pp-server,45,5,3,2,False,False,pip(24.0|26.1.2:major); rpds-py(2026.6.3|0.30.0:major); setuptools(79.0.1|83.0.0:major)
chembounce-server,diffdock-server,45,3,3,0,False,False,pip(24.0|26.1.2:major); rpds-py(2026.6.3|0.30.0:major); setuptools(79.0.1|69.5.1:major)
chembounce-server,diffusion-hopping-server,45,4,2,2,False,False,pip(24.0|26.1.2:major); rpds-py(2026.6.3|0.30.0:major)
chembounce-server,dockq-server,43,0,0,0,True,True,
chembounce-server,drughive-server,45,4,2,2,False,False,pip(24.0|26.1.2:major); rpds-py(2026.6.3|0.30.0:major)
chembounce-server,ensemble-server,29,7,2,5,False,False,fastapi(0.139.0|0.138.0:major); uvicorn(0.51.0|0.49.0:major)
chembounce-server,esmfold2-server,44,4,1,3,False,False,setuptools(79.0.1|81.0.0:major)
chembounce-server,flowmol-server,45,5,2,3,False,False,pip(24.0|26.1.2:major); rpds-py(2026.6.3|0.30.0:major)
chembounce-server,genie3-server,44,2,2,0,False,False,rpds-py(2026.6.3|0.30.0:major); setuptools(79.0.1|83.0.0:major)
chembounce-server,iggm-server,45,2,2,0,False,False,pip(24.0|26.1.2:major); rpds-py(2026.6.3|0.30.0:major)
chembounce-server,immunebuilder-server,45,3,3,0,False,False,pip(24.0|26.1.2:major); rpds-py(2026.6.3|0.30.0:major); setuptools(79.0.1|83.0.0:major)
chembounce-server,lightdock-server,44,1,1,0,False,False,setuptools(79.0.1|83.0.0:major)
chembounce-server,megalodon-server,45,3,2,1,False,False,pip(24.0|26.1.2:major); rpds-py(2026.6.3|0.30.0:major)
chembounce-server,mmseqs2-server,25,0,0,0,True,True,
chembounce-server,openadmet-server,45,2,2,0,False,False,pip(24.0|26.1.2:major); setuptools(79.0.1|81.0.0:major)
chembounce-server,openbpmd-server,45,3,3,0,False,False,pip(24.0|26.1.2:major); rpds-py(2026.6.3|0.30.0:major); setuptools(79.0.1|83.0.0:major)
chembounce-server,plip-server,43,0,0,0,True,True,
chembounce-server,pocketxmol-server,45,4,2,2,False,False,rpds-py(2026.6.3|0.30.0:major); setuptools(79.0.1|69.5.1:major)
chembounce-server,ppiflow-server,45,11,5,6,False,False,attrs(26.1.0|25.1.0:major); certifi(2026.6.17|2025.4.26:major); pip(24.0|25.0:major); rpds-py(2026.6.3|0.30.0:major); setuptools(79.0.1|75.8.0:major)
chembounce-server,promera-server,44,3,1,2,False,False,setuptools(79.0.1|82.0.1:major)
chembounce-server,proteinmpnn-server,43,2,1,1,False,False,rpds-py(2026.6.3|0.30.0:major)
chembounce-server,qligfep-server,45,9,3,6,False,False,pip(24.0|26.1.2:major); setuptools(79.0.1|82.0.1:major); uvicorn(0.51.0|0.50.2:major)
chembounce-server,reinvent-server,44,1,1,0,False,False,setuptools(79.0.1|81.0.0:major)
chembounce-server,rfantibody-server,43,3,1,2,False,False,rpds-py(2026.6.3|0.30.0:major)
chembounce-server,rfdiffusion-server,44,3,2,1,False,False,rpds-py(2026.6.3|0.30.0:major); setuptools(79.0.1|83.0.0:major)
chembounce-server,rfdiffusion2-server,45,8,3,5,False,False,pip(24.0|26.1.2:major); rpds-py(2026.6.3|0.28.0:major); setuptools(79.0.1|83.0.0:major)
chembounce-server,semlaflow-server,45,2,1,1,False,False,pip(24.0|26.1.2:major)
deeprank-ab-server,diamond-server,42,7,3,4,False,False,annotated-types(0.7.0|0.8.0:major); fastapi(0.139.0|0.140.13:major); rpds-py(0.30.0|2026.6.3:major)
deeprank-ab-server,diffdock-pp-server,79,9,3,6,False,False,pandas(2.3.3|1.5.3:major); pillow(12.3.0|9.4.0:major); torch(2.0.1|1.13.1:major)
deeprank-ab-server,diffdock-server,88,12,8,4,False,False,networkx(3.4.2|2.8.4:major); pandas(2.3.3|1.5.1:major); setuptools(83.0.0|69.5.1:major); torch(2.0.1|1.13.1+cu117:build); torch-cluster(1.6.1|1.6.0+pt113cu117:build); torch-scatter(2.1.1|2.1.0+pt113cu117:build); torch-sparse(0.6.17|0.6.16+pt113cu117:build); torch-spline-conv(1.2.2|1.2.1+pt113cu117:build)
deeprank-ab-server,diffusion-hopping-server,83,12,4,8,False,False,pandas(2.3.3|1.5.2:major); pillow(12.3.0|8.4.0:major); setuptools(83.0.0|79.0.1:major); torch(2.0.1|1.13.1:major)
deeprank-ab-server,dockq-server,47,3,1,2,False,False,rpds-py(0.30.0|2026.6.3:major)
deeprank-ab-server,drughive-server,79,14,4,10,False,False,pandas(2.3.3|1.5.2:major); pillow(12.3.0|9.4.0:major); setuptools(83.0.0|79.0.1:major); torch(2.0.1|1.12.1:major)
deeprank-ab-server,ensemble-server,29,7,2,5,False,False,fastapi(0.139.0|0.138.0:major); uvicorn(0.51.0|0.49.0:major)
deeprank-ab-server,esmfold2-server,80,22,7,15,False,False,huggingface_hub(1.23.0|0.36.2:major); numpy(1.26.4|2.5.0:major); pandas(2.3.3|3.0.3:major); rpds-py(0.30.0|2026.6.3:major); setuptools(83.0.0|81.0.0:major); transformers(5.13.1|4.57.6:major); triton(2.0.0|3.7.0:major)
deeprank-ab-server,flowmol-server,85,14,2,12,False,False,pillow(12.3.0|8.4.0:major); setuptools(83.0.0|79.0.1:major)
deeprank-ab-server,genie3-server,68,6,2,4,False,False,numpy(1.26.4|2.2.6:major); triton(2.0.0|3.3.1:major)
deeprank-ab-server,iggm-server,63,4,1,3,False,False,setuptools(83.0.0|79.0.1:major)
deeprank-ab-server,immunebuilder-server,61,4,2,2,False,False,numpy(1.26.4|2.2.6:major); triton(2.0.0|3.3.1:major)
deeprank-ab-server,lightdock-server,49,3,1,2,False,False,rpds-py(0.30.0|2026.6.3:major)
deeprank-ab-server,megalodon-server,73,16,10,6,False,False,fsspec(2026.6.0|2025.12.0:major); numpy(1.26.4|2.2.6:major); packaging(26.2|24.2:major); setuptools(83.0.0|79.0.1:major); torch(2.0.1|2.7.0+cu126:build); torch-cluster(1.6.1|1.6.3+pt27cu126:build); torch-scatter(2.1.1|2.1.2+pt27cu126:build); torch-sparse(0.6.17|0.6.18+pt27cu126:build); torch-spline-conv(1.2.2|1.2.2+pt27cu126:build); triton(2.0.0|3.3.0:major)
deeprank-ab-server,mmseqs2-server,25,0,0,0,True,True,
deeprank-ab-server,openadmet-server,96,13,5,8,False,False,numpy(1.26.4|2.4.6:major); pandas(2.3.3|3.0.3:major); rpds-py(0.30.0|2026.6.3:major); setuptools(83.0.0|81.0.0:major); triton(2.0.0|3.7.1:major)
deeprank-ab-server,openbpmd-server,72,3,0,3,False,True,
deeprank-ab-server,plip-server,44,2,1,1,False,False,rpds-py(0.30.0|2026.6.3:major)
deeprank-ab-server,pocketxmol-server,89,20,10,10,False,False,networkx(3.4.2|2.8.8:major); pandas(2.3.3|1.5.2:major); pip(26.1.2|24.3.1:major); setuptools(83.0.0|69.5.1:major); torch(2.0.1|2.7.0+cu128:build); torch-cluster(1.6.1|1.6.3+pt27cu128:build); torch-scatter(2.1.1|2.1.2+pt27cu128:build); torch-sparse(0.6.17|0.6.18+pt27cu128:build); torch-spline-conv(1.2.2|1.2.2+pt27cu128:build); triton(2.0.0|3.3.0:major)
deeprank-ab-server,ppiflow-server,85,44,16,28,False,False,attrs(26.1.0|25.1.0:major); certifi(2026.6.17|2025.4.26:major); fsspec(2026.6.0|2024.6.1:major); MarkupSafe(3.0.3|2.1.5:major); packaging(26.2|24.2:major); pillow(12.3.0|11.0.0:major); pip(26.1.2|25.0:major); pytz(2026.2|2025.1:major); setuptools(83.0.0|75.8.0:major); torch(2.0.1|2.3.1+cu121:build); torch-cluster(1.6.1|1.6.3+pt23cu121:build); torch-scatter(2.1.1|2.1.2+pt23cu121:build); torch-sparse(0.6.17|0.6.18+pt23cu121:build); torch-spline-conv(1.2.2|1.2.2+pt23cu121:build); tzdata(2026.3|2025.1:major); wheel(0.47.0|0.45.1:major)
deeprank-ab-server,promera-server,72,20,7,13,False,False,fsspec(2026.6.0|2025.12.0:major); numpy(1.26.4|2.4.6:major); packaging(26.2|24.2:major); pandas(2.3.3|3.0.4:major); rpds-py(0.30.0|2026.6.3:major); setuptools(83.0.0|82.0.1:major); triton(2.0.0|3.5.0:major)
deeprank-ab-server,proteinmpnn-server,54,7,2,5,False,False,numpy(1.26.4|2.2.6:major); triton(2.0.0|3.0.0:major)
deeprank-ab-server,qligfep-server,78,18,4,14,False,False,numpy(1.26.4|2.4.6:major); rpds-py(0.30.0|2026.6.3:major); setuptools(83.0.0|82.0.1:major); uvicorn(0.51.0|0.50.2:major)
deeprank-ab-server,reinvent-server,75,12,6,6,False,False,numpy(1.26.4|2.4.6:major); pandas(2.3.3|3.0.4:major); rpds-py(0.30.0|2026.6.3:major); setuptools(83.0.0|81.0.0:major); torch(2.0.1|2.12.0+cu126:build); triton(2.0.0|3.7.0:major)
deeprank-ab-server,rfantibody-server,65,10,1,9,False,False,torch(2.0.1|2.3.1+cu121:build)
deeprank-ab-server,rfdiffusion-server,61,5,1,4,False,False,torch(2.0.1|2.0.1+cu118:build)
deeprank-ab-server,rfdiffusion2-server,84,28,7,21,False,False,pandas(2.3.3|1.5.0:major); rpds-py(0.30.0|0.28.0:major); torch-cluster(1.6.1|1.6.3+pt24cu124:build); torch-scatter(2.1.1|2.1.2+pt24cu124:build); torch-sparse(0.6.17|0.6.18+pt24cu124:build); torch-spline-conv(1.2.2|1.2.2+pt24cu124:build); typer(0.26.8|0.12.5:major)
deeprank-ab-server,semlaflow-server,67,12,4,8,False,False,fsspec(2026.6.0|2024.12.0:major); packaging(26.2|24.2:major); rpds-py(0.30.0|2026.6.3:major); setuptools(83.0.0|79.0.1:major)
diamond-server,diffdock-pp-server,42,9,3,6,False,False,annotated-types(0.8.0|0.7.0:major); fastapi(0.140.13|0.139.0:major); rpds-py(2026.6.3|0.30.0:major)
diamond-server,diffdock-server,42,7,3,4,False,False,annotated-types(0.8.0|0.7.0:major); fastapi(0.140.13|0.139.0:major); rpds-py(2026.6.3|0.30.0:major)
diamond-server,diffusion-hopping-server,42,9,3,6,False,False,annotated-types(0.8.0|0.7.0:major); fastapi(0.140.13|0.139.0:major); rpds-py(2026.6.3|0.30.0:major)
diamond-server,dockq-server,42,6,2,4,False,False,annotated-types(0.8.0|0.7.0:major); fastapi(0.140.13|0.139.0:major)
diamond-server,drughive-server,42,9,3,6,False,False,annotated-types(0.8.0|0.7.0:major); fastapi(0.140.13|0.139.0:major); rpds-py(2026.6.3|0.30.0:major)
diamond-server,ensemble-server,28,10,3,7,False,False,annotated-types(0.8.0|0.7.0:major); fastapi(0.140.13|0.138.0:major); uvicorn(0.51.0|0.49.0:major)
diamond-server,esmfold2-server,42,9,2,7,False,False,annotated-types(0.8.0|0.7.0:major); fastapi(0.140.13|0.139.0:major)
diamond-server,flowmol-server,42,10,3,7,False,False,annotated-types(0.8.0|0.7.0:major); fastapi(0.140.13|0.139.0:major); rpds-py(2026.6.3|0.30.0:major)
diamond-server,genie3-server,42,7,3,4,False,False,annotated-types(0.8.0|0.7.0:major); fastapi(0.140.13|0.139.0:major); rpds-py(2026.6.3|0.30.0:major)
diamond-server,iggm-server,42,7,3,4,False,False,annotated-types(0.8.0|0.7.0:major); fastapi(0.140.13|0.139.0:major); rpds-py(2026.6.3|0.30.0:major)
diamond-server,immunebuilder-server,42,7,3,4,False,False,annotated-types(0.8.0|0.7.0:major); fastapi(0.140.13|0.139.0:major); rpds-py(2026.6.3|0.30.0:major)
diamond-server,lightdock-server,42,6,2,4,False,False,annotated-types(0.8.0|0.7.0:major); fastapi(0.140.13|0.139.0:major)
diamond-server,megalodon-server,42,8,3,5,False,False,annotated-types(0.8.0|0.7.0:major); fastapi(0.140.13|0.139.0:major); rpds-py(2026.6.3|0.30.0:major)
diamond-server,mmseqs2-server,24,5,2,3,False,False,annotated-types(0.8.0|0.7.0:major); fastapi(0.140.13|0.139.0:major)
diamond-server,openadmet-server,42,6,2,4,False,False,annotated-types(0.8.0|0.7.0:major); fastapi(0.140.13|0.139.0:major)
diamond-server,openbpmd-server,42,7,3,4,False,False,annotated-types(0.8.0|0.7.0:major); fastapi(0.140.13|0.139.0:major); rpds-py(2026.6.3|0.30.0:major)
diamond-server,plip-server,42,6,2,4,False,False,annotated-types(0.8.0|0.7.0:major); fastapi(0.140.13|0.139.0:major)
diamond-server,pocketxmol-server,42,8,3,5,False,False,annotated-types(0.8.0|0.7.0:major); fastapi(0.140.13|0.139.0:major); rpds-py(2026.6.3|0.30.0:major)
diamond-server,ppiflow-server,42,14,5,9,False,False,annotated-types(0.8.0|0.7.0:major); attrs(26.1.0|25.1.0:major); certifi(2026.7.22|2025.4.26:major); fastapi(0.140.13|0.139.0:major); rpds-py(2026.6.3|0.30.0:major)
diamond-server,promera-server,42,8,2,6,False,False,annotated-types(0.8.0|0.7.0:major); fastapi(0.140.13|0.139.0:major)
diamond-server,proteinmpnn-server,42,8,3,5,False,False,annotated-types(0.8.0|0.7.0:major); fastapi(0.140.13|0.139.0:major); rpds-py(2026.6.3|0.30.0:major)
diamond-server,qligfep-server,42,12,3,9,False,False,annotated-types(0.8.0|0.7.0:major); fastapi(0.140.13|0.139.0:major); uvicorn(0.51.0|0.50.2:major)
diamond-server,reinvent-server,42,6,2,4,False,False,annotated-types(0.8.0|0.7.0:major); fastapi(0.140.13|0.139.0:major)
diamond-server,rfantibody-server,42,9,3,6,False,False,annotated-types(0.8.0|0.7.0:major); fastapi(0.140.13|0.139.0:major); rpds-py(2026.6.3|0.30.0:major)
diamond-server,rfdiffusion-server,42,8,3,5,False,False,annotated-types(0.8.0|0.7.0:major); fastapi(0.140.13|0.139.0:major); rpds-py(2026.6.3|0.30.0:major)
diamond-server,rfdiffusion2-server,42,12,3,9,False,False,annotated-types(0.8.0|0.7.0:major); fastapi(0.140.13|0.139.0:major); rpds-py(2026.6.3|0.28.0:major)
diamond-server,semlaflow-server,42,7,2,5,False,False,annotated-types(0.8.0|0.7.0:major); fastapi(0.140.13|0.139.0:major)
diffdock-pp-server,diffdock-server,81,14,6,8,False,False,pillow(9.4.0|12.3.0:major); setuptools(83.0.0|69.5.1:major); torch(1.13.1|1.13.1+cu117:build); torch-cluster(1.6.1|1.6.0+pt113cu117:build); torch-scatter(2.1.0|2.1.0+pt113cu117:build); torch-sparse(0.6.17|0.6.16+pt113cu117:build)
diffdock-pp-server,diffusion-hopping-server,87,5,2,3,False,False,pillow(9.4.0|8.4.0:major); setuptools(83.0.0|79.0.1:major)
diffdock-pp-server,dockq-server,46,6,1,5,False,False,rpds-py(0.30.0|2026.6.3:major)
diffdock-pp-server,drughive-server,70,8,1,7,False,False,setuptools(83.0.0|79.0.1:major)
diffdock-pp-server,ensemble-server,29,6,2,4,False,False,fastapi(0.139.0|0.138.0:major); uvicorn(0.51.0|0.49.0:major)
diffdock-pp-server,esmfold2-server,64,16,6,10,False,False,numpy(1.24.4|2.5.0:major); pandas(1.5.3|3.0.3:major); pillow(9.4.0|12.2.0:major); rpds-py(0.30.0|2026.6.3:major); setuptools(83.0.0|81.0.0:major); torch(1.13.1|2.12.0:major)
diffdock-pp-server,flowmol-server,74,11,5,6,False,False,pandas(1.5.3|2.2.0:major); pillow(9.4.0|8.4.0:major); setuptools(83.0.0|79.0.1:major); torch(1.13.1|2.2.0:major); torchvision(0.14.1|0.17.0:major)
diffdock-pp-server,genie3-server,69,14,6,8,False,False,numpy(1.24.4|2.2.6:major); pandas(1.5.3|2.3.3:major); pillow(9.4.0|12.3.0:major); protobuf(4.25.3|7.35.1:major); torch(1.13.1|2.7.1:major); zstandard(0.23.0|0.25.0:major)
diffdock-pp-server,iggm-server,61,6,2,4,False,False,setuptools(83.0.0|79.0.1:major); torch(1.13.1|2.0.1:major)
diffdock-pp-server,immunebuilder-server,56,6,2,4,False,False,numpy(1.24.4|2.2.6:major); torch(1.13.1|2.7.1:major)
diffdock-pp-server,lightdock-server,48,7,1,6,False,False,rpds-py(0.30.0|2026.6.3:major)
diffdock-pp-server,megalodon-server,67,15,9,6,False,False,numpy(1.24.4|2.2.6:major); packaging(26.2|24.2:major); pandas(1.5.3|2.2.3:major); pillow(9.4.0|12.3.0:major); setuptools(83.0.0|79.0.1:major); torch(1.13.1|2.7.0+cu126:build); torch-cluster(1.6.1|1.6.3+pt27cu126:build); torch-scatter(2.1.0|2.1.2+pt27cu126:build); torch-sparse(0.6.17|0.6.18+pt27cu126:build)
diffdock-pp-server,mmseqs2-server,25,0,0,0,True,True,
diffdock-pp-server,openadmet-server,77,13,7,6,False,False,numpy(1.24.4|2.4.6:major); pandas(1.5.3|3.0.3:major); pillow(9.4.0|12.3.0:major); protobuf(4.25.3|6.33.6:major); rpds-py(0.30.0|2026.6.3:major); setuptools(83.0.0|81.0.0:major); torch(1.13.1|2.12.1:major)
diffdock-pp-server,openbpmd-server,61,6,2,4,False,False,pandas(1.5.3|2.2.3:major); pillow(9.4.0|12.0.0:major)
diffdock-pp-server,plip-server,44,4,1,3,False,False,rpds-py(0.30.0|2026.6.3:major)
diffdock-pp-server,pocketxmol-server,76,17,7,10,False,False,pillow(9.4.0|12.3.0:major); pip(26.1.2|24.3.1:major); setuptools(83.0.0|69.5.1:major); torch(1.13.1|2.7.0+cu128:build); torch-cluster(1.6.1|1.6.3+pt27cu128:build); torch-scatter(2.1.0|2.1.2+pt27cu128:build); torch-sparse(0.6.17|0.6.18+pt27cu128:build)
diffdock-pp-server,ppiflow-server,83,43,16,27,False,False,attrs(26.1.0|25.1.0:major); certifi(2026.6.17|2025.4.26:major); MarkupSafe(3.0.3|2.1.5:major); packaging(26.2|24.2:major); pandas(1.5.3|2.2.3:major); pillow(9.4.0|11.0.0:major); pip(26.1.2|25.0:major); protobuf(4.25.3|3.20.2:major); pytz(2026.2|2025.1:major); setuptools(83.0.0|75.8.0:major); torch(1.13.1|2.3.1+cu121:build); torch-cluster(1.6.1|1.6.3+pt23cu121:build); torch-scatter(2.1.0|2.1.2+pt23cu121:build); torch-sparse(0.6.17|0.6.18+pt23cu121:build); torchvision(0.14.1|0.18.1+cu121:build); wheel(0.47.0|0.45.1:major)
diffdock-pp-server,promera-server,66,19,8,11,False,False,numpy(1.24.4|2.4.6:major); packaging(26.2|24.2:major); pandas(1.5.3|3.0.4:major); pillow(9.4.0|12.2.0:major); protobuf(4.25.3|7.35.1:major); rpds-py(0.30.0|2026.6.3:major); setuptools(83.0.0|82.0.1:major); torch(1.13.1|2.9.0:major)
diffdock-pp-server,proteinmpnn-server,50,6,2,4,False,False,numpy(1.24.4|2.2.6:major); torch(1.13.1|2.4.1:major)
diffdock-pp-server,qligfep-server,64,16,7,9,False,False,numpy(1.24.4|2.4.6:major); pandas(1.5.3|2.3.3:major); pillow(9.4.0|12.3.0:major); rpds-py(0.30.0|2026.6.3:major); setuptools(83.0.0|82.0.1:major); torch(1.13.1|2.10.0:major); uvicorn(0.51.0|0.50.2:major)
diffdock-pp-server,reinvent-server,71,16,8,8,False,False,numpy(1.24.4|2.4.6:major); pandas(1.5.3|3.0.4:major); pillow(9.4.0|12.3.0:major); protobuf(4.25.3|7.35.1:major); rpds-py(0.30.0|2026.6.3:major); setuptools(83.0.0|81.0.0:major); torch(1.13.1|2.12.0+cu126:build); torchvision(0.14.1|0.27.0+cu126:build)
diffdock-pp-server,rfantibody-server,63,13,5,8,False,False,e3nn(0.5.1|0.6.0:major); pandas(1.5.3|2.3.3:major); pillow(9.4.0|12.2.0:major); torch(1.13.1|2.3.1+cu121:build); torchvision(0.14.1|0.18.1+cu121:build)
diffdock-pp-server,rfdiffusion-server,62,9,3,6,False,False,e3nn(0.5.1|0.3.3:major); protobuf(4.25.3|7.35.1:major); torch(1.13.1|2.0.1+cu118:build)
diffdock-pp-server,rfdiffusion2-server,73,24,6,18,False,False,pillow(9.4.0|12.2.0:major); rpds-py(0.30.0|0.28.0:major); torch(1.13.1|2.4.0.post101:major); torch-cluster(1.6.1|1.6.3+pt24cu124:build); torch-scatter(2.1.0|2.1.2+pt24cu124:build); torch-sparse(0.6.17|0.6.18+pt24cu124:build)
diffdock-pp-server,semlaflow-server,62,12,6,6,False,False,packaging(26.2|24.2:major); pandas(1.5.3|2.2.2:major); pillow(9.4.0|12.3.0:major); rpds-py(0.30.0|2026.6.3:major); setuptools(83.0.0|79.0.1:major); torch(1.13.1|2.2.0:major)
diffdock-server,diffusion-hopping-server,86,17,7,10,False,False,pillow(12.3.0|8.4.0:major); setuptools(69.5.1|79.0.1:major); torch(1.13.1+cu117|1.13.1:build); torch-cluster(1.6.0+pt113cu117|1.6.1:build); torch-scatter(2.1.0+pt113cu117|2.1.0:build); torch-sparse(0.6.16+pt113cu117|0.6.17:build); torchmetrics(0.11.0|1.5.2:major)
diffdock-server,dockq-server,47,3,2,1,False,False,networkx(2.8.4|3.6.1:major); rpds-py(0.30.0|2026.6.3:major)
diffdock-server,drughive-server,78,15,6,9,False,False,networkx(2.8.4|3.4:major); pillow(12.3.0|9.4.0:major); pytorch-lightning(1.9.5|2.0.0:major); setuptools(69.5.1|79.0.1:major); torch(1.13.1+cu117|1.12.1:build); torchmetrics(0.11.0|1.5.2:major)
diffdock-server,ensemble-server,29,7,2,5,False,False,fastapi(0.139.0|0.138.0:major); uvicorn(0.51.0|0.49.0:major)
diffdock-server,esmfold2-server,73,17,7,10,False,False,networkx(2.8.4|3.6.1:major); numpy(1.26.4|2.5.0:major); pandas(1.5.1|3.0.3:major); rdkit(2022.3.3|2026.3.3:major); rpds-py(0.30.0|2026.6.3:major); setuptools(69.5.1|81.0.0:major); torch(1.13.1+cu117|2.12.0:build)
diffdock-server,flowmol-server,85,18,11,7,False,False,einops(0.8.2|0.7.0:major); networkx(2.8.4|3.4.2:major); pandas(1.5.1|2.2.0:major); pillow(12.3.0|8.4.0:major); pytorch-lightning(1.9.5|2.1.3:major); rdkit(2022.3.3|2023.9.5:major); setuptools(69.5.1|79.0.1:major); torch(1.13.1+cu117|2.2.0:build); torch-cluster(1.6.0+pt113cu117|1.6.3:build); torch-scatter(2.1.0+pt113cu117|2.1.2:build); torchmetrics(0.11.0|1.2.1:major)
diffdock-server,genie3-server,76,9,7,2,False,False,networkx(2.8.4|3.4.2:major); numpy(1.26.4|2.2.6:major); pandas(1.5.1|2.3.3:major); pytorch-lightning(1.9.5|2.6.5:major); setuptools(69.5.1|83.0.0:major); torch(1.13.1+cu117|2.7.1:build); torchmetrics(0.11.0|1.9.0:major)
diffdock-server,iggm-server,63,8,4,4,False,False,ml-collections(1.1.0|0.1.1:major); networkx(2.8.4|3.4:major); setuptools(69.5.1|79.0.1:major); torch(1.13.1+cu117|2.0.1:build)
diffdock-server,immunebuilder-server,59,5,4,1,False,False,networkx(2.8.4|3.4.2:major); numpy(1.26.4|2.2.6:major); setuptools(69.5.1|83.0.0:major); torch(1.13.1+cu117|2.7.1:build)
diffdock-server,lightdock-server,49,5,2,3,False,False,rpds-py(0.30.0|2026.6.3:major); setuptools(69.5.1|83.0.0:major)
diffdock-server,megalodon-server,85,18,14,4,False,False,fsspec(2026.6.0|2025.12.0:major); networkx(2.8.4|3.4.2:major); numpy(1.26.4|2.2.6:major); packaging(26.2|24.2:major); pandas(1.5.1|2.2.3:major); pytorch-lightning(1.9.5|2.6.5:major); rdkit(2022.3.3|2025.3.2:major); setuptools(69.5.1|79.0.1:major); torch(1.13.1+cu117|2.7.0+cu126:build); torch-cluster(1.6.0+pt113cu117|1.6.3+pt27cu126:build); torch-scatter(2.1.0+pt113cu117|2.1.2+pt27cu126:build); torch-sparse(0.6.16+pt113cu117|0.6.18+pt27cu126:build); torch-spline-conv(1.2.1+pt113cu117|1.2.2+pt27cu126:build); torchmetrics(0.11.0|1.9.0:major)
diffdock-server,mmseqs2-server,25,0,0,0,True,True,
diffdock-server,openadmet-server,95,15,10,5,False,False,networkx(2.8.4|3.6.1:major); numpy(1.26.4|2.4.6:major); pandas(1.5.1|3.0.3:major); pybind11(2.11.1|3.0.3:major); pytorch-lightning(1.9.5|2.6.1:major); rdkit(2022.3.3|2026.3.4:major); rpds-py(0.30.0|2026.6.3:major); setuptools(69.5.1|81.0.0:major); torch(1.13.1+cu117|2.12.1:build); torchmetrics(0.11.0|1.9.0:major)
diffdock-server,openbpmd-server,69,6,3,3,False,False,networkx(2.8.4|3.4.2:major); pandas(1.5.1|2.2.3:major); setuptools(69.5.1|83.0.0:major)
diffdock-server,plip-server,44,2,1,1,False,False,rpds-py(0.30.0|2026.6.3:major)
diffdock-server,pocketxmol-server,99,18,9,9,False,False,pip(26.1.2|24.3.1:major); pytorch-lightning(1.9.5|2.6.5:major); rdkit(2022.3.3|2023.9.3:major); torch(1.13.1+cu117|2.7.0+cu128:build); torch-cluster(1.6.0+pt113cu117|1.6.3+pt27cu128:build); torch-scatter(2.1.0+pt113cu117|2.1.2+pt27cu128:build); torch-sparse(0.6.16+pt113cu117|0.6.18+pt27cu128:build); torch-spline-conv(1.2.1+pt113cu117|1.2.2+pt27cu128:build); torchmetrics(0.11.0|1.9.0:major)
diffdock-server,ppiflow-server,103,59,23,36,False,False,attrs(26.1.0|25.1.0:major); certifi(2026.6.17|2025.4.26:major); fsspec(2026.6.0|2024.6.1:major); lightning-utilities(0.15.3|0.14.0:major); MarkupSafe(3.0.3|2.1.5:major); networkx(2.8.4|3.3:major); packaging(26.2|24.2:major); pandas(1.5.1|2.2.3:major); pillow(12.3.0|11.0.0:major); pip(26.1.2|25.0:major); propcache(0.5.2|0.3.0:major); pytorch-lightning(1.9.5|2.5.0.post0:major); pytz(2026.2|2025.1:major); rdkit(2022.3.3|2023.3.1:major); setuptools(69.5.1|75.8.0:major); torch(1.13.1+cu117|2.3.1+cu121:build); torch-cluster(1.6.0+pt113cu117|1.6.3+pt23cu121:build); torch-scatter(2.1.0+pt113cu117|2.1.2+pt23cu121:build); torch-sparse(0.6.16+pt113cu117|0.6.18+pt23cu121:build); torch-spline-conv(1.2.1+pt113cu117|1.2.2+pt23cu121:build); torchmetrics(0.11.0|1.6.2:major); wheel(0.47.0|0.45.1:major); wrapt(2.2.2|1.17.2:major)
diffdock-server,promera-server,90,23,11,12,False,False,fsspec(2026.6.0|2025.12.0:major); networkx(2.8.4|3.6.1:major); numpy(1.26.4|2.4.6:major); packaging(26.2|24.2:major); pandas(1.5.1|3.0.4:major); pytorch-lightning(1.9.5|2.6.5:major); rdkit(2022.3.3|2024.9.6:major); rpds-py(0.30.0|2026.6.3:major); setuptools(69.5.1|82.0.1:major); torch(1.13.1+cu117|2.9.0:build); torchmetrics(0.11.0|1.9.0:major)
diffdock-server,proteinmpnn-server,52,5,3,2,False,False,networkx(2.8.4|3.4.2:major); numpy(1.26.4|2.2.6:major); torch(1.13.1+cu117|2.4.1:build)
diffdock-server,qligfep-server,76,20,11,9,False,False,networkx(2.8.4|3.6.1:major); numpy(1.26.4|2.4.6:major); pandas(1.5.1|2.3.3:major); pybind11(2.11.1|3.0.1:major); pytorch-lightning(1.9.5|2.6.5:major); rdkit(2022.3.3|2025.9.5:major); rpds-py(0.30.0|2026.6.3:major); setuptools(69.5.1|82.0.1:major); torch(1.13.1+cu117|2.10.0:build); torchmetrics(0.11.0|1.9.0:major); uvicorn(0.51.0|0.50.2:major)
diffdock-server,reinvent-server,81,13,9,4,False,False,networkx(2.8.4|3.6.1:major); numpy(1.26.4|2.4.6:major); pandas(1.5.1|3.0.4:major); pytorch-lightning(1.9.5|2.6.5:major); rdkit(2022.3.3|2026.3.3:major); rpds-py(0.30.0|2026.6.3:major); setuptools(69.5.1|81.0.0:major); torch(1.13.1+cu117|2.12.0+cu126:build); torchmetrics(0.11.0|1.9.0:major)
diffdock-server,rfantibody-server,66,9,4,5,False,False,e3nn(0.5.1|0.6.0:major); networkx(2.8.4|3.4.2:major); pandas(1.5.1|2.3.3:major); torch(1.13.1+cu117|2.3.1+cu121:build)
diffdock-server,rfdiffusion-server,65,7,4,3,False,False,e3nn(0.5.1|0.3.3:major); networkx(2.8.4|3.4.2:major); setuptools(69.5.1|83.0.0:major); torch(1.13.1+cu117|2.0.1+cu118:build)
diffdock-server,rfdiffusion2-server,85,31,11,20,False,False,einops(0.8.2|0.7.0:major); ml-collections(1.1.0|0.1.1:major); networkx(2.8.4|3.6.1:major); rdkit(2022.3.3|2024.3.5:major); rpds-py(0.30.0|0.28.0:major); setuptools(69.5.1|83.0.0:major); torch(1.13.1+cu117|2.4.0.post101:build); torch-cluster(1.6.0+pt113cu117|1.6.3+pt24cu124:build); torch-scatter(2.1.0+pt113cu117|2.1.2+pt24cu124:build); torch-sparse(0.6.16+pt113cu117|0.6.18+pt24cu124:build); torch-spline-conv(1.2.1+pt113cu117|1.2.2+pt24cu124:build)
diffdock-server,semlaflow-server,73,15,10,5,False,False,fsspec(2026.6.0|2024.12.0:major); networkx(2.8.4|3.6.1:major); packaging(26.2|24.2:major); pandas(1.5.1|2.2.2:major); pytorch-lightning(1.9.5|2.6.5:major); rdkit(2022.3.3|2023.9.6:major); rpds-py(0.30.0|2026.6.3:major); setuptools(69.5.1|79.0.1:major); torch(1.13.1+cu117|2.2.0:build); torchmetrics(0.11.0|1.2.1:major)
diffusion-hopping-server,dockq-server,47,6,1,5,False,False,rpds-py(0.30.0|2026.6.3:major)
diffusion-hopping-server,drughive-server,86,10,3,7,False,False,pillow(8.4.0|9.4.0:major); pytorch-lightning(1.8.1|2.0.0:major); reportlab(3.5.68|5.0.0:major)
diffusion-hopping-server,ensemble-server,29,6,2,4,False,False,fastapi(0.139.0|0.138.0:major); uvicorn(0.51.0|0.49.0:major)
diffusion-hopping-server,esmfold2-server,68,18,6,12,False,False,numpy(1.24.1|2.5.0:major); pandas(1.5.2|3.0.3:major); pillow(8.4.0|12.2.0:major); rpds-py(0.30.0|2026.6.3:major); setuptools(79.0.1|81.0.0:major); torch(1.13.1|2.12.0:major)
diffusion-hopping-server,flowmol-server,88,12,4,8,False,False,pandas(1.5.2|2.2.0:major); pytorch-lightning(1.8.1|2.1.3:major); torch(1.13.1|2.2.0:major); torchvision(0.14.1|0.17.0:major)
diffusion-hopping-server,genie3-server,71,17,8,9,False,False,numpy(1.24.1|2.2.6:major); pandas(1.5.2|2.3.3:major); pillow(8.4.0|12.3.0:major); protobuf(4.25.3|7.35.1:major); pytorch-lightning(1.8.1|2.6.5:major); setuptools(79.0.1|83.0.0:major); torch(1.13.1|2.7.1:major); zstandard(0.23.0|0.25.0:major)
diffusion-hopping-server,iggm-server,58,6,1,5,False,False,torch(1.13.1|2.0.1:major)
diffusion-hopping-server,immunebuilder-server,55,6,3,3,False,False,numpy(1.24.1|2.2.6:major); setuptools(79.0.1|83.0.0:major); torch(1.13.1|2.7.1:major)
diffusion-hopping-server,lightdock-server,48,8,2,6,False,False,rpds-py(0.30.0|2026.6.3:major); setuptools(79.0.1|83.0.0:major)
diffusion-hopping-server,megalodon-server,69,17,10,7,False,False,fsspec(2026.6.0|2025.12.0:major); numpy(1.24.1|2.2.6:major); packaging(26.2|24.2:major); pandas(1.5.2|2.2.3:major); pillow(8.4.0|12.3.0:major); pytorch-lightning(1.8.1|2.6.5:major); torch(1.13.1|2.7.0+cu126:build); torch-cluster(1.6.1|1.6.3+pt27cu126:build); torch-scatter(2.1.0|2.1.2+pt27cu126:build); torch-sparse(0.6.17|0.6.18+pt27cu126:build)
diffusion-hopping-server,mmseqs2-server,25,0,0,0,True,True,
diffusion-hopping-server,openadmet-server,89,20,9,11,False,False,numpy(1.24.1|2.4.6:major); pandas(1.5.2|3.0.3:major); pillow(8.4.0|12.3.0:major); protobuf(4.25.3|6.33.6:major); pytorch-lightning(1.8.1|2.6.1:major); reportlab(3.5.68|5.0.0:major); rpds-py(0.30.0|2026.6.3:major); setuptools(79.0.1|81.0.0:major); torch(1.13.1|2.12.1:major)
diffusion-hopping-server,openbpmd-server,68,9,3,6,False,False,pandas(1.5.2|2.2.3:major); pillow(8.4.0|12.0.0:major); setuptools(79.0.1|83.0.0:major)
diffusion-hopping-server,plip-server,44,4,1,3,False,False,rpds-py(0.30.0|2026.6.3:major)
diffusion-hopping-server,pocketxmol-server,91,22,9,13,False,False,pillow(8.4.0|12.3.0:major); pip(26.1.2|24.3.1:major); pytorch-lightning(1.8.1|2.6.5:major); reportlab(3.5.68|5.0.0:major); setuptools(79.0.1|69.5.1:major); torch(1.13.1|2.7.0+cu128:build); torch-cluster(1.6.1|1.6.3+pt27cu128:build); torch-scatter(2.1.0|2.1.2+pt27cu128:build); torch-sparse(0.6.17|0.6.18+pt27cu128:build)
diffusion-hopping-server,ppiflow-server,87,48,19,29,False,False,attrs(26.1.0|25.1.0:major); certifi(2026.6.17|2025.4.26:major); fsspec(2026.6.0|2024.6.1:major); lightning-utilities(0.15.3|0.14.0:major); MarkupSafe(3.0.3|2.1.5:major); packaging(26.2|24.2:major); pandas(1.5.2|2.2.3:major); pillow(8.4.0|11.0.0:major); pip(26.1.2|25.0:major); protobuf(4.25.3|3.20.2:major); pytorch-lightning(1.8.1|2.5.0.post0:major); pytz(2026.2|2025.1:major); setuptools(79.0.1|75.8.0:major); torch(1.13.1|2.3.1+cu121:build); torch-cluster(1.6.1|1.6.3+pt23cu121:build); torch-scatter(2.1.0|2.1.2+pt23cu121:build); torch-sparse(0.6.17|0.6.18+pt23cu121:build); torchvision(0.14.1|0.18.1+cu121:build); wheel(0.47.0|0.45.1:major)
diffusion-hopping-server,promera-server,73,24,11,13,False,False,fsspec(2026.6.0|2025.12.0:major); lmdb(1.4.0|2.2.1:major); numpy(1.24.1|2.4.6:major); packaging(26.2|24.2:major); pandas(1.5.2|3.0.4:major); pillow(8.4.0|12.2.0:major); protobuf(4.25.3|7.35.1:major); pytorch-lightning(1.8.1|2.6.5:major); rpds-py(0.30.0|2026.6.3:major); setuptools(79.0.1|82.0.1:major); torch(1.13.1|2.9.0:major)
diffusion-hopping-server,proteinmpnn-server,49,6,2,4,False,False,numpy(1.24.1|2.2.6:major); torch(1.13.1|2.4.1:major)
diffusion-hopping-server,qligfep-server,76,21,9,12,False,False,numpy(1.24.1|2.4.6:major); pandas(1.5.2|2.3.3:major); pillow(8.4.0|12.3.0:major); pytorch-lightning(1.8.1|2.6.5:major); reportlab(3.5.68|5.0.0:major); rpds-py(0.30.0|2026.6.3:major); setuptools(79.0.1|82.0.1:major); torch(1.13.1|2.10.0:major); uvicorn(0.51.0|0.50.2:major)
diffusion-hopping-server,reinvent-server,77,20,9,11,False,False,numpy(1.24.1|2.4.6:major); pandas(1.5.2|3.0.4:major); pillow(8.4.0|12.3.0:major); protobuf(4.25.3|7.35.1:major); pytorch-lightning(1.8.1|2.6.5:major); rpds-py(0.30.0|2026.6.3:major); setuptools(79.0.1|81.0.0:major); torch(1.13.1|2.12.0+cu126:build); torchvision(0.14.1|0.27.0+cu126:build)
diffusion-hopping-server,rfantibody-server,60,11,4,7,False,False,pandas(1.5.2|2.3.3:major); pillow(8.4.0|12.2.0:major); torch(1.13.1|2.3.1+cu121:build); torchvision(0.14.1|0.18.1+cu121:build)
diffusion-hopping-server,rfdiffusion-server,57,9,3,6,False,False,protobuf(4.25.3|7.35.1:major); setuptools(79.0.1|83.0.0:major); torch(1.13.1|2.0.1+cu118:build)
diffusion-hopping-server,rfdiffusion2-server,74,24,7,17,False,False,pillow(8.4.0|12.2.0:major); rpds-py(0.30.0|0.28.0:major); setuptools(79.0.1|83.0.0:major); torch(1.13.1|2.4.0.post101:major); torch-cluster(1.6.1|1.6.3+pt24cu124:build); torch-scatter(2.1.0|2.1.2+pt24cu124:build); torch-sparse(0.6.17|0.6.18+pt24cu124:build)
diffusion-hopping-server,semlaflow-server,63,14,7,7,False,False,fsspec(2026.6.0|2024.12.0:major); packaging(26.2|24.2:major); pandas(1.5.2|2.2.2:major); pillow(8.4.0|12.3.0:major); pytorch-lightning(1.8.1|2.6.5:major); rpds-py(0.30.0|2026.6.3:major); torch(1.13.1|2.2.0:major)
dockq-server,drughive-server,47,6,1,5,False,False,rpds-py(2026.6.3|0.30.0:major)
dockq-server,ensemble-server,29,7,2,5,False,False,fastapi(0.139.0|0.138.0:major); uvicorn(0.51.0|0.49.0:major)
dockq-server,esmfold2-server,47,5,1,4,False,False,numpy(1.26.4|2.5.0:major)
dockq-server,flowmol-server,47,7,1,6,False,False,rpds-py(2026.6.3|0.30.0:major)
dockq-server,genie3-server,48,6,2,4,False,False,numpy(1.26.4|2.2.6:major); rpds-py(2026.6.3|0.30.0:major)
dockq-server,iggm-server,47,5,1,4,False,False,rpds-py(2026.6.3|0.30.0:major)
dockq-server,immunebuilder-server,46,3,2,1,False,False,numpy(1.26.4|2.2.6:major); rpds-py(2026.6.3|0.30.0:major)
dockq-server,lightdock-server,46,1,0,1,False,True,
dockq-server,megalodon-server,46,5,2,3,False,False,numpy(1.26.4|2.2.6:major); rpds-py(2026.6.3|0.30.0:major)
dockq-server,mmseqs2-server,25,0,0,0,True,True,
dockq-server,openadmet-server,48,2,1,1,False,False,numpy(1.26.4|2.4.6:major)
dockq-server,openbpmd-server,47,3,1,2,False,False,rpds-py(2026.6.3|0.30.0:major)
dockq-server,plip-server,44,1,0,1,False,True,
dockq-server,pocketxmol-server,48,6,2,4,False,False,networkx(3.6.1|2.8.8:major); rpds-py(2026.6.3|0.30.0:major)
dockq-server,ppiflow-server,48,13,3,10,False,False,attrs(26.1.0|25.1.0:major); certifi(2026.6.17|2025.4.26:major); rpds-py(2026.6.3|0.30.0:major)
dockq-server,promera-server,47,4,1,3,False,False,numpy(1.26.4|2.4.6:major)
dockq-server,proteinmpnn-server,45,4,2,2,False,False,numpy(1.26.4|2.2.6:major); rpds-py(2026.6.3|0.30.0:major)
dockq-server,qligfep-server,46,9,2,7,False,False,numpy(1.26.4|2.4.6:major); uvicorn(0.51.0|0.50.2:major)
dockq-server,reinvent-server,46,2,1,1,False,False,numpy(1.26.4|2.4.6:major)
dockq-server,rfantibody-server,48,6,1,5,False,False,rpds-py(2026.6.3|0.30.0:major)
dockq-server,rfdiffusion-server,46,4,1,3,False,False,rpds-py(2026.6.3|0.30.0:major)
dockq-server,rfdiffusion2-server,49,9,1,8,False,False,rpds-py(2026.6.3|0.28.0:major)
dockq-server,semlaflow-server,46,3,0,3,False,True,
drughive-server,ensemble-server,29,6,2,4,False,False,fastapi(0.139.0|0.138.0:major); uvicorn(0.51.0|0.49.0:major)
drughive-server,esmfold2-server,66,19,6,13,False,False,numpy(1.24.1|2.5.0:major); pandas(1.5.2|3.0.3:major); pillow(9.4.0|12.2.0:major); rpds-py(0.30.0|2026.6.3:major); setuptools(79.0.1|81.0.0:major); torch(1.12.1|2.12.0:major)
drughive-server,flowmol-server,82,14,4,10,False,False,pandas(1.5.2|2.2.0:major); pillow(9.4.0|8.4.0:major); reportlab(5.0.0|3.5.68:major); torch(1.12.1|2.2.0:major)
drughive-server,genie3-server,63,13,6,7,False,False,numpy(1.24.1|2.2.6:major); pandas(1.5.2|2.3.3:major); pillow(9.4.0|12.3.0:major); setuptools(79.0.1|83.0.0:major); torch(1.12.1|2.7.1:major); zstandard(0.23.0|0.25.0:major)
drughive-server,iggm-server,55,6,1,5,False,False,torch(1.12.1|2.0.1:major)
drughive-server,immunebuilder-server,53,7,3,4,False,False,numpy(1.24.1|2.2.6:major); setuptools(79.0.1|83.0.0:major); torch(1.12.1|2.7.1:major)
drughive-server,lightdock-server,47,7,2,5,False,False,rpds-py(0.30.0|2026.6.3:major); setuptools(79.0.1|83.0.0:major)
drughive-server,megalodon-server,63,14,6,8,False,False,fsspec(2026.6.0|2025.12.0:major); numpy(1.24.1|2.2.6:major); packaging(26.2|24.2:major); pandas(1.5.2|2.2.3:major); pillow(9.4.0|12.3.0:major); torch(1.12.1|2.7.0+cu126:build)
drughive-server,mmseqs2-server,25,0,0,0,True,True,
drughive-server,openadmet-server,99,21,7,14,False,False,numpy(1.24.1|2.4.6:major); pandas(1.5.2|3.0.3:major); pillow(9.4.0|12.3.0:major); plotly(5.9.0|6.9.0:major); rpds-py(0.30.0|2026.6.3:major); setuptools(79.0.1|81.0.0:major); torch(1.12.1|2.12.1:major)
drughive-server,openbpmd-server,70,12,3,9,False,False,pandas(1.5.2|2.2.3:major); pillow(9.4.0|12.0.0:major); setuptools(79.0.1|83.0.0:major)
drughive-server,plip-server,46,5,1,4,False,False,rpds-py(0.30.0|2026.6.3:major)
drughive-server,pocketxmol-server,87,18,5,13,False,False,networkx(3.4|2.8.8:major); pillow(9.4.0|12.3.0:major); pip(26.1.2|24.3.1:major); setuptools(79.0.1|69.5.1:major); torch(1.12.1|2.7.0+cu128:build)
drughive-server,ppiflow-server,79,39,12,27,False,False,attrs(26.1.0|25.1.0:major); certifi(2026.6.17|2025.4.26:major); fsspec(2026.6.0|2024.6.1:major); lightning-utilities(0.15.3|0.14.0:major); packaging(26.2|24.2:major); pandas(1.5.2|2.2.3:major); pillow(9.4.0|11.0.0:major); pip(26.1.2|25.0:major); pytz(2026.2|2025.1:major); setuptools(79.0.1|75.8.0:major); torch(1.12.1|2.3.1+cu121:build); wheel(0.47.0|0.45.1:major)
drughive-server,promera-server,68,21,8,13,False,False,fsspec(2026.6.0|2025.12.0:major); numpy(1.24.1|2.4.6:major); packaging(26.2|24.2:major); pandas(1.5.2|3.0.4:major); pillow(9.4.0|12.2.0:major); rpds-py(0.30.0|2026.6.3:major); setuptools(79.0.1|82.0.1:major); torch(1.12.1|2.9.0:major)
drughive-server,proteinmpnn-server,48,7,2,5,False,False,numpy(1.24.1|2.2.6:major); torch(1.12.1|2.4.1:major)
drughive-server,qligfep-server,78,21,7,14,False,False,numpy(1.24.1|2.4.6:major); pandas(1.5.2|2.3.3:major); pillow(9.4.0|12.3.0:major); rpds-py(0.30.0|2026.6.3:major); setuptools(79.0.1|82.0.1:major); torch(1.12.1|2.10.0:major); uvicorn(0.51.0|0.50.2:major)
drughive-server,reinvent-server,67,16,6,10,False,False,numpy(1.24.1|2.4.6:major); pandas(1.5.2|3.0.4:major); pillow(9.4.0|12.3.0:major); rpds-py(0.30.0|2026.6.3:major); setuptools(79.0.1|81.0.0:major); torch(1.12.1|2.12.0+cu126:build)
drughive-server,rfantibody-server,57,11,3,8,False,False,pandas(1.5.2|2.3.3:major); pillow(9.4.0|12.2.0:major); torch(1.12.1|2.3.1+cu121:build)
drughive-server,rfdiffusion-server,54,9,2,7,False,False,setuptools(79.0.1|83.0.0:major); torch(1.12.1|2.0.1+cu118:build)
drughive-server,rfdiffusion2-server,74,22,5,17,False,False,cytoolz(1.1.0|0.12.3:major); pillow(9.4.0|12.2.0:major); rpds-py(0.30.0|0.28.0:major); setuptools(79.0.1|83.0.0:major); torch(1.12.1|2.4.0.post101:major)
drughive-server,semlaflow-server,62,15,6,9,False,False,fsspec(2026.6.0|2024.12.0:major); packaging(26.2|24.2:major); pandas(1.5.2|2.2.2:major); pillow(9.4.0|12.3.0:major); rpds-py(0.30.0|2026.6.3:major); torch(1.12.1|2.2.0:major)
ensemble-server,esmfold2-server,29,6,2,4,False,False,fastapi(0.138.0|0.139.0:major); uvicorn(0.49.0|0.51.0:major)
ensemble-server,flowmol-server,29,7,2,5,False,False,fastapi(0.138.0|0.139.0:major); uvicorn(0.49.0|0.51.0:major)
ensemble-server,genie3-server,29,7,2,5,False,False,fastapi(0.138.0|0.139.0:major); uvicorn(0.49.0|0.51.0:major)
ensemble-server,iggm-server,29,7,2,5,False,False,fastapi(0.138.0|0.139.0:major); uvicorn(0.49.0|0.51.0:major)
ensemble-server,immunebuilder-server,29,7,2,5,False,False,fastapi(0.138.0|0.139.0:major); uvicorn(0.49.0|0.51.0:major)
ensemble-server,lightdock-server,29,7,2,5,False,False,fastapi(0.138.0|0.139.0:major); uvicorn(0.49.0|0.51.0:major)
ensemble-server,megalodon-server,29,6,2,4,False,False,fastapi(0.138.0|0.139.0:major); uvicorn(0.49.0|0.51.0:major)
ensemble-server,mmseqs2-server,25,6,2,4,False,False,fastapi(0.138.0|0.139.0:major); uvicorn(0.49.0|0.51.0:major)
ensemble-server,openadmet-server,29,7,2,5,False,False,fastapi(0.138.0|0.139.0:major); uvicorn(0.49.0|0.51.0:major)
ensemble-server,openbpmd-server,29,7,2,5,False,False,fastapi(0.138.0|0.139.0:major); uvicorn(0.49.0|0.51.0:major)
ensemble-server,plip-server,29,7,2,5,False,False,fastapi(0.138.0|0.139.0:major); uvicorn(0.49.0|0.51.0:major)
ensemble-server,pocketxmol-server,29,8,2,6,False,False,fastapi(0.138.0|0.139.0:major); uvicorn(0.49.0|0.51.0:major)
ensemble-server,ppiflow-server,29,10,3,7,False,False,certifi(2026.6.17|2025.4.26:major); fastapi(0.138.0|0.139.0:major); uvicorn(0.49.0|0.51.0:major)
ensemble-server,promera-server,29,6,2,4,False,False,fastapi(0.138.0|0.139.0:major); uvicorn(0.49.0|0.51.0:major)
ensemble-server,proteinmpnn-server,29,6,2,4,False,False,fastapi(0.138.0|0.139.0:major); uvicorn(0.49.0|0.51.0:major)
ensemble-server,qligfep-server,29,7,2,5,False,False,fastapi(0.138.0|0.139.0:major); uvicorn(0.49.0|0.50.2:major)
ensemble-server,reinvent-server,29,7,2,5,False,False,fastapi(0.138.0|0.139.0:major); uvicorn(0.49.0|0.51.0:major)
ensemble-server,rfantibody-server,29,6,2,4,False,False,fastapi(0.138.0|0.139.0:major); uvicorn(0.49.0|0.51.0:major)
ensemble-server,rfdiffusion-server,29,6,2,4,False,False,fastapi(0.138.0|0.139.0:major); uvicorn(0.49.0|0.51.0:major)
ensemble-server,rfdiffusion2-server,29,5,2,3,False,False,fastapi(0.138.0|0.139.0:major); uvicorn(0.49.0|0.51.0:major)
ensemble-server,semlaflow-server,29,8,2,6,False,False,fastapi(0.138.0|0.139.0:major); uvicorn(0.49.0|0.51.0:major)
esmfold2-server,flowmol-server,71,23,8,15,False,False,einops(0.8.2|0.7.0:major); numpy(2.5.0|1.26.3:major); pandas(3.0.3|2.2.0:major); pillow(12.2.0|8.4.0:major); rdkit(2026.3.3|2023.9.5:major); rpds-py(2026.6.3|0.30.0:major); setuptools(81.0.0|79.0.1:major); triton(3.7.0|2.2.0:major)
esmfold2-server,genie3-server,64,17,4,13,False,False,huggingface_hub(0.36.2|1.23.0:major); pandas(3.0.3|2.3.3:major); rpds-py(2026.6.3|0.30.0:major); setuptools(81.0.0|83.0.0:major)
esmfold2-server,iggm-server,58,14,4,10,False,False,numpy(2.5.0|1.23.5:major); rpds-py(2026.6.3|0.30.0:major); setuptools(81.0.0|79.0.1:major); triton(3.7.0|2.0.0:major)
esmfold2-server,immunebuilder-server,58,12,2,10,False,False,rpds-py(2026.6.3|0.30.0:major); setuptools(81.0.0|83.0.0:major)
esmfold2-server,lightdock-server,48,7,2,5,False,False,numpy(2.5.0|1.26.4:major); setuptools(81.0.0|83.0.0:major)
esmfold2-server,megalodon-server,65,16,7,9,False,False,fsspec(2026.4.0|2025.12.0:major); packaging(26.2|24.2:major); pandas(3.0.3|2.2.3:major); rdkit(2026.3.3|2025.3.2:major); rpds-py(2026.6.3|0.30.0:major); setuptools(81.0.0|79.0.1:major); torch(2.12.0|2.7.0+cu126:build)
esmfold2-server,mmseqs2-server,25,2,0,2,False,True,
esmfold2-server,openadmet-server,87,17,1,16,False,False,huggingface_hub(0.36.2|1.23.0:major)
esmfold2-server,openbpmd-server,64,14,4,10,False,False,numpy(2.5.0|1.26.4:major); pandas(3.0.3|2.2.3:major); rpds-py(2026.6.3|0.30.0:major); setuptools(81.0.0|83.0.0:major)
esmfold2-server,plip-server,44,4,1,3,False,False,numpy(2.5.0|1.24.2:major)
esmfold2-server,pocketxmol-server,74,19,7,12,False,False,networkx(3.6.1|2.8.8:major); numpy(2.5.0|1.24.4:major); pandas(3.0.3|1.5.2:major); rdkit(2026.3.3|2023.9.3:major); rpds-py(2026.6.3|0.30.0:major); setuptools(81.0.0|69.5.1:major); torch(2.12.0|2.7.0+cu128:build)
esmfold2-server,ppiflow-server,97,56,17,39,False,False,attrs(26.1.0|25.1.0:major); certifi(2026.6.17|2025.4.26:major); fsspec(2026.4.0|2024.6.1:major); ipython(9.15.0|8.34.0:major); jedi(0.20.0|0.19.2:major); MarkupSafe(3.0.3|2.1.5:major); matplotlib-inline(0.2.2|0.1.7:major); numpy(2.5.0|1.26.3:major); packaging(26.2|24.2:major); pandas(3.0.3|2.2.3:major); pillow(12.2.0|11.0.0:major); rdkit(2026.3.3|2023.3.1:major); rpds-py(2026.6.3|0.30.0:major); setuptools(81.0.0|75.8.0:major); torch(2.12.0|2.3.1+cu121:build); triton(3.7.0|2.3.1:major); wcwidth(0.8.1|0.2.13:major)
esmfold2-server,promera-server,76,12,4,8,False,False,fsspec(2026.4.0|2025.12.0:major); packaging(26.2|24.2:major); rdkit(2026.3.3|2024.9.6:major); setuptools(81.0.0|82.0.1:major)
esmfold2-server,proteinmpnn-server,53,7,1,6,False,False,rpds-py(2026.6.3|0.30.0:major)
esmfold2-server,qligfep-server,69,17,4,13,False,False,pandas(3.0.3|2.3.3:major); rdkit(2026.3.3|2025.9.5:major); setuptools(81.0.0|82.0.1:major); uvicorn(0.51.0|0.50.2:major)
esmfold2-server,reinvent-server,77,15,3,12,False,False,cuda-bindings(13.3.1|12.9.7:major); cuda-toolkit(13.0.2|12.6.3:major); torch(2.12.0|2.12.0+cu126:build)
esmfold2-server,rfantibody-server,67,11,5,6,False,False,numpy(2.5.0|1.26.4:major); pandas(3.0.3|2.3.3:major); rpds-py(2026.6.3|0.30.0:major); torch(2.12.0|2.3.1+cu121:build); triton(3.7.0|2.3.1:major)
esmfold2-server,rfdiffusion-server,60,11,5,6,False,False,numpy(2.5.0|1.26.4:major); rpds-py(2026.6.3|0.30.0:major); setuptools(81.0.0|83.0.0:major); torch(2.12.0|2.0.1+cu118:build); triton(3.7.0|2.0.0:major)
esmfold2-server,rfdiffusion2-server,94,27,7,20,False,False,einops(0.8.2|0.7.0:major); ipython(9.15.0|8.27.0:major); numpy(2.5.0|1.26.4:major); pandas(3.0.3|1.5.0:major); rdkit(2026.3.3|2024.3.5:major); rpds-py(2026.6.3|0.28.0:major); setuptools(81.0.0|83.0.0:major)
esmfold2-server,semlaflow-server,62,17,7,10,False,False,fsspec(2026.4.0|2024.12.0:major); numpy(2.5.0|1.26.2:major); packaging(26.2|24.2:major); pandas(3.0.3|2.2.2:major); rdkit(2026.3.3|2023.9.6:major); setuptools(81.0.0|79.0.1:major); triton(3.7.0|2.2.0:major)
flowmol-server,genie3-server,69,15,5,10,False,False,numpy(1.26.3|2.2.6:major); pillow(8.4.0|12.3.0:major); setuptools(79.0.1|83.0.0:major); triton(2.2.0|3.3.1:major); zstandard(0.23.0|0.25.0:major)
flowmol-server,iggm-server,62,9,0,9,False,True,
flowmol-server,immunebuilder-server,60,10,4,6,False,False,einops(0.7.0|0.8.2:major); numpy(1.26.3|2.2.6:major); setuptools(79.0.1|83.0.0:major); triton(2.2.0|3.3.1:major)
flowmol-server,lightdock-server,47,8,2,6,False,False,rpds-py(0.30.0|2026.6.3:major); setuptools(79.0.1|83.0.0:major)
flowmol-server,megalodon-server,75,21,10,11,False,False,einops(0.7.0|0.8.1:major); fsspec(2026.6.0|2025.12.0:major); numpy(1.26.3|2.2.6:major); packaging(26.2|24.2:major); pillow(8.4.0|12.3.0:major); rdkit(2023.9.5|2025.3.2:major); torch(2.2.0|2.7.0+cu126:build); torch-cluster(1.6.3|1.6.3+pt27cu126:build); torch-scatter(2.1.2|2.1.2+pt27cu126:build); triton(2.2.0|3.3.0:major)
flowmol-server,mmseqs2-server,25,1,0,1,False,True,
flowmol-server,openadmet-server,93,23,11,12,False,False,einops(0.7.0|0.8.2:major); numpy(1.26.3|2.4.6:major); pandas(2.2.0|3.0.3:major); pillow(8.4.0|12.3.0:major); pyarrow(25.0.0|24.0.0:major); rdkit(2023.9.5|2026.3.4:major); reportlab(3.5.68|5.0.0:major); rpds-py(0.30.0|2026.6.3:major); setuptools(79.0.1|81.0.0:major); triton(2.2.0|3.7.1:major); useful_rdkit_utils(0.3.12|1.0:major)
flowmol-server,openbpmd-server,66,10,2,8,False,False,pillow(8.4.0|12.0.0:major); setuptools(79.0.1|83.0.0:major)
flowmol-server,plip-server,44,5,1,4,False,False,rpds-py(0.30.0|2026.6.3:major)
flowmol-server,pocketxmol-server,91,23,10,13,False,False,networkx(3.4.2|2.8.8:major); pandas(2.2.0|1.5.2:major); pillow(8.4.0|12.3.0:major); pip(26.1.2|24.3.1:major); reportlab(3.5.68|5.0.0:major); setuptools(79.0.1|69.5.1:major); torch(2.2.0|2.7.0+cu128:build); torch-cluster(1.6.3|1.6.3+pt27cu128:build); torch-scatter(2.1.2|2.1.2+pt27cu128:build); triton(2.2.0|3.3.0:major)
flowmol-server,ppiflow-server,83,44,18,26,False,False,attrs(26.1.0|25.1.0:major); certifi(2026.6.17|2025.4.26:major); einops(0.7.0|0.8.1:major); fsspec(2026.6.0|2024.6.1:major); lightning-utilities(0.15.3|0.14.0:major); MarkupSafe(3.0.3|2.1.5:major); packaging(26.2|24.2:major); pillow(8.4.0|11.0.0:major); pip(26.1.2|25.0:major); pytz(2026.2|2025.1:major); setuptools(79.0.1|75.8.0:major); torch(2.2.0|2.3.1+cu121:build); torch-cluster(1.6.3|1.6.3+pt23cu121:build); torch-scatter(2.1.2|2.1.2+pt23cu121:build); torchaudio(2.2.0|2.3.1+cu121:build); torchvision(0.17.0|0.18.1+cu121:build); tzdata(2026.3|2025.1:major); wheel(0.47.0|0.45.1:major)
flowmol-server,promera-server,73,26,10,16,False,False,einops(0.7.0|0.8.2:major); fsspec(2026.6.0|2025.12.0:major); numpy(1.26.3|2.4.6:major); packaging(26.2|24.2:major); pandas(2.2.0|3.0.4:major); pillow(8.4.0|12.2.0:major); rdkit(2023.9.5|2024.9.6:major); rpds-py(0.30.0|2026.6.3:major); setuptools(79.0.1|82.0.1:major); triton(2.2.0|3.5.0:major)
flowmol-server,proteinmpnn-server,54,10,2,8,False,False,numpy(1.26.3|2.2.6:major); triton(2.2.0|3.0.0:major)
flowmol-server,qligfep-server,81,27,7,20,False,False,numpy(1.26.3|2.4.6:major); pillow(8.4.0|12.3.0:major); rdkit(2023.9.5|2025.9.5:major); reportlab(3.5.68|5.0.0:major); rpds-py(0.30.0|2026.6.3:major); setuptools(79.0.1|82.0.1:major); uvicorn(0.51.0|0.50.2:major)
flowmol-server,reinvent-server,73,20,9,11,False,False,numpy(1.26.3|2.4.6:major); pandas(2.2.0|3.0.4:major); pillow(8.4.0|12.3.0:major); rdkit(2023.9.5|2026.3.3:major); rpds-py(0.30.0|2026.6.3:major); setuptools(79.0.1|81.0.0:major); torch(2.2.0|2.12.0+cu126:build); torchvision(0.17.0|0.27.0+cu126:build); triton(2.2.0|3.7.0:major)
flowmol-server,rfantibody-server,68,18,4,14,False,False,pillow(8.4.0|12.2.0:major); torch(2.2.0|2.3.1+cu121:build); torchaudio(2.2.0|2.3.1+cu121:build); torchvision(0.17.0|0.18.1+cu121:build)
flowmol-server,rfdiffusion-server,62,13,3,10,False,False,dgl(2.0.0+cu121|1.1.3+cu118:build); setuptools(79.0.1|83.0.0:major); torch(2.2.0|2.0.1+cu118:build)
flowmol-server,rfdiffusion2-server,80,30,9,21,False,False,dgl(2.0.0+cu121|2.4.0+cu124:build); pandas(2.2.0|1.5.0:major); pillow(8.4.0|12.2.0:major); pyarrow(25.0.0|17.0.0:major); rdkit(2023.9.5|2024.3.5:major); rpds-py(0.30.0|0.28.0:major); setuptools(79.0.1|83.0.0:major); torch-cluster(1.6.3|1.6.3+pt24cu124:build); torch-scatter(2.1.2|2.1.2+pt24cu124:build)
flowmol-server,semlaflow-server,71,12,4,8,False,False,fsspec(2026.6.0|2024.12.0:major); packaging(26.2|24.2:major); pillow(8.4.0|12.3.0:major); rpds-py(0.30.0|2026.6.3:major)
genie3-server,iggm-server,62,9,4,5,False,False,ml-collections(1.1.0|0.1.1:major); numpy(2.2.6|1.23.5:major); setuptools(83.0.0|79.0.1:major); triton(3.3.1|2.0.0:major)
genie3-server,immunebuilder-server,73,2,0,2,False,True,
genie3-server,lightdock-server,48,4,2,2,False,False,numpy(2.2.6|1.26.4:major); rpds-py(0.30.0|2026.6.3:major)
genie3-server,megalodon-server,91,9,4,5,False,False,fsspec(2026.6.0|2025.12.0:major); packaging(26.2|24.2:major); setuptools(83.0.0|79.0.1:major); torch(2.7.1|2.7.0+cu126:build)
genie3-server,mmseqs2-server,25,0,0,0,True,True,
genie3-server,openadmet-server,85,13,5,8,False,False,pandas(2.3.3|3.0.3:major); protobuf(7.35.1|6.33.6:major); rpds-py(0.30.0|2026.6.3:major); setuptools(83.0.0|81.0.0:major); wandb(0.28.0|0.25.1:major)
genie3-server,openbpmd-server,58,5,1,4,False,False,numpy(2.2.6|1.26.4:major)
genie3-server,plip-server,44,2,2,0,False,False,numpy(2.2.6|1.24.2:major); rpds-py(0.30.0|2026.6.3:major)
genie3-server,pocketxmol-server,92,24,5,19,False,False,networkx(3.4.2|2.8.8:major); numpy(2.2.6|1.24.4:major); pandas(2.3.3|1.5.2:major); setuptools(83.0.0|69.5.1:major); torch(2.7.1|2.7.0+cu128:build)
genie3-server,ppiflow-server,104,63,18,45,False,False,attrs(26.1.0|25.1.0:major); certifi(2026.6.17|2025.4.26:major); fsspec(2026.6.0|2024.6.1:major); lightning-utilities(0.15.3|0.14.0:major); MarkupSafe(3.0.3|2.1.5:major); numpy(2.2.6|1.26.3:major); nvidia-cudnn-cu12(9.5.1.17|8.9.2.26:major); packaging(26.2|24.2:major); pillow(12.3.0|11.0.0:major); propcache(0.5.2|0.3.0:major); protobuf(7.35.1|3.20.2:major); pytz(2026.2|2025.1:major); setuptools(83.0.0|75.8.0:major); torch(2.7.1|2.3.1+cu121:build); triton(3.3.1|2.3.1:major); tzdata(2026.3|2025.1:major); wandb(0.28.0|0.19.8:major); wheel(0.47.0|0.45.1:major)
genie3-server,promera-server,96,35,6,29,False,False,fsspec(2026.6.0|2025.12.0:major); nvidia-cusparselt-cu12(0.6.3|0.7.1:major); packaging(26.2|24.2:major); pandas(2.3.3|3.0.4:major); rpds-py(0.30.0|2026.6.3:major); setuptools(83.0.0|82.0.1:major)
genie3-server,proteinmpnn-server,66,17,0,17,False,True,
genie3-server,qligfep-server,67,16,3,13,False,False,rpds-py(0.30.0|2026.6.3:major); setuptools(83.0.0|82.0.1:major); uvicorn(0.51.0|0.50.2:major)
genie3-server,reinvent-server,93,12,5,7,False,False,nvidia-cusparselt-cu12(0.6.3|0.7.1:major); pandas(2.3.3|3.0.4:major); rpds-py(0.30.0|2026.6.3:major); setuptools(83.0.0|81.0.0:major); torch(2.7.1|2.12.0+cu126:build)
genie3-server,rfantibody-server,76,22,4,18,False,False,numpy(2.2.6|1.26.4:major); nvidia-cudnn-cu12(9.5.1.17|8.9.2.26:major); torch(2.7.1|2.3.1+cu121:build); triton(3.3.1|2.3.1:major)
genie3-server,rfdiffusion-server,66,6,4,2,False,False,numpy(2.2.6|1.26.4:major); torch(2.7.1|2.0.1+cu118:build); triton(3.3.1|2.0.0:major); wandb(0.28.0|0.12.0:major)
genie3-server,rfdiffusion2-server,73,22,6,16,False,False,ml-collections(1.1.0|0.1.1:major); numpy(2.2.6|1.26.4:major); pandas(2.3.3|1.5.0:major); protobuf(7.35.1|4.25.9:major); rpds-py(0.30.0|0.28.0:major); wandb(0.28.0|0.13.10:major)
genie3-server,semlaflow-server,75,15,6,9,False,False,fsspec(2026.6.0|2024.12.0:major); numpy(2.2.6|1.26.2:major); packaging(26.2|24.2:major); rpds-py(0.30.0|2026.6.3:major); setuptools(83.0.0|79.0.1:major); triton(3.3.1|2.2.0:major)
iggm-server,immunebuilder-server,61,9,3,6,False,False,numpy(1.23.5|2.2.6:major); setuptools(79.0.1|83.0.0:major); triton(2.0.0|3.3.1:major)
iggm-server,lightdock-server,47,5,2,3,False,False,rpds-py(0.30.0|2026.6.3:major); setuptools(79.0.1|83.0.0:major)
iggm-server,megalodon-server,60,9,4,5,False,False,numpy(1.23.5|2.2.6:major); packaging(26.2|24.2:major); torch(2.0.1|2.7.0+cu126:build); triton(2.0.0|3.3.0:major)
iggm-server,mmseqs2-server,25,0,0,0,True,True,
iggm-server,openadmet-server,63,8,4,4,False,False,numpy(1.23.5|2.4.6:major); rpds-py(0.30.0|2026.6.3:major); setuptools(79.0.1|81.0.0:major); triton(2.0.0|3.7.1:major)
iggm-server,openbpmd-server,55,4,1,3,False,False,setuptools(79.0.1|83.0.0:major)
iggm-server,plip-server,44,2,1,1,False,False,rpds-py(0.30.0|2026.6.3:major)
iggm-server,pocketxmol-server,61,12,5,7,False,False,networkx(3.4|2.8.8:major); pip(26.1.2|24.3.1:major); setuptools(79.0.1|69.5.1:major); torch(2.0.1|2.7.0+cu128:build); triton(2.0.0|3.3.0:major)
iggm-server,ppiflow-server,65,28,10,18,False,False,attrs(26.1.0|25.1.0:major); certifi(2026.6.17|2025.4.26:major); MarkupSafe(3.0.3|2.1.5:major); ml-collections(0.1.1|1.0.0:major); packaging(26.2|24.2:major); pip(26.1.2|25.0:major); setuptools(79.0.1|75.8.0:major); torch(2.0.1|2.3.1+cu121:build); wheel(0.47.0|0.45.1:major); wrapt(2.2.2|1.17.2:major)
iggm-server,promera-server,62,16,6,10,False,False,ml-collections(0.1.1|1.1.0:major); numpy(1.23.5|2.4.6:major); packaging(26.2|24.2:major); rpds-py(0.30.0|2026.6.3:major); setuptools(79.0.1|82.0.1:major); triton(2.0.0|3.5.0:major)
iggm-server,proteinmpnn-server,53,7,2,5,False,False,numpy(1.23.5|2.2.6:major); triton(2.0.0|3.0.0:major)
iggm-server,qligfep-server,60,17,4,13,False,False,numpy(1.23.5|2.4.6:major); rpds-py(0.30.0|2026.6.3:major); setuptools(79.0.1|82.0.1:major); uvicorn(0.51.0|0.50.2:major)
iggm-server,reinvent-server,58,8,5,3,False,False,numpy(1.23.5|2.4.6:major); rpds-py(0.30.0|2026.6.3:major); setuptools(79.0.1|81.0.0:major); torch(2.0.1|2.12.0+cu126:build); triton(2.0.0|3.7.0:major)
iggm-server,rfantibody-server,57,10,1,9,False,False,torch(2.0.1|2.3.1+cu121:build)
iggm-server,rfdiffusion-server,59,8,2,6,False,False,setuptools(79.0.1|83.0.0:major); torch(2.0.1|2.0.1+cu118:build)
iggm-server,rfdiffusion2-server,65,19,2,17,False,False,rpds-py(0.30.0|0.28.0:major); setuptools(79.0.1|83.0.0:major)
iggm-server,semlaflow-server,61,9,2,7,False,False,packaging(26.2|24.2:major); rpds-py(0.30.0|2026.6.3:major)
immunebuilder-server,lightdock-server,47,3,2,1,False,False,numpy(2.2.6|1.26.4:major); rpds-py(0.30.0|2026.6.3:major)
immunebuilder-server,megalodon-server,74,9,4,5,False,False,fsspec(2026.6.0|2025.12.0:major); packaging(26.2|24.2:major); setuptools(83.0.0|79.0.1:major); torch(2.7.1|2.7.0+cu126:build)
immunebuilder-server,mmseqs2-server,25,0,0,0,True,True,
immunebuilder-server,openadmet-server,61,8,2,6,False,False,rpds-py(0.30.0|2026.6.3:major); setuptools(83.0.0|81.0.0:major)
immunebuilder-server,openbpmd-server,53,2,1,1,False,False,numpy(2.2.6|1.26.4:major)
immunebuilder-server,plip-server,44,2,2,0,False,False,numpy(2.2.6|1.24.2:major); rpds-py(0.30.0|2026.6.3:major)
immunebuilder-server,pocketxmol-server,74,23,5,18,False,False,networkx(3.4.2|2.8.8:major); numpy(2.2.6|1.24.4:major); pip(26.1.2|24.3.1:major); setuptools(83.0.0|69.5.1:major); torch(2.7.1|2.7.0+cu128:build)
immunebuilder-server,ppiflow-server,73,36,12,24,False,False,attrs(26.1.0|25.1.0:major); certifi(2026.6.17|2025.4.26:major); fsspec(2026.6.0|2024.6.1:major); MarkupSafe(3.0.3|2.1.5:major); numpy(2.2.6|1.26.3:major); nvidia-cudnn-cu12(9.5.1.17|8.9.2.26:major); packaging(26.2|24.2:major); pip(26.1.2|25.0:major); setuptools(83.0.0|75.8.0:major); torch(2.7.1|2.3.1+cu121:build); triton(3.3.1|2.3.1:major); wheel(0.47.0|0.45.1:major)
immunebuilder-server,promera-server,72,26,5,21,False,False,fsspec(2026.6.0|2025.12.0:major); nvidia-cusparselt-cu12(0.6.3|0.7.1:major); packaging(26.2|24.2:major); rpds-py(0.30.0|2026.6.3:major); setuptools(83.0.0|82.0.1:major)
immunebuilder-server,proteinmpnn-server,66,17,0,17,False,True,
immunebuilder-server,qligfep-server,58,14,3,11,False,False,rpds-py(0.30.0|2026.6.3:major); setuptools(83.0.0|82.0.1:major); uvicorn(0.51.0|0.50.2:major)
immunebuilder-server,reinvent-server,70,11,4,7,False,False,nvidia-cusparselt-cu12(0.6.3|0.7.1:major); rpds-py(0.30.0|2026.6.3:major); setuptools(83.0.0|81.0.0:major); torch(2.7.1|2.12.0+cu126:build)
immunebuilder-server,rfantibody-server,68,19,4,15,False,False,numpy(2.2.6|1.26.4:major); nvidia-cudnn-cu12(9.5.1.17|8.9.2.26:major); torch(2.7.1|2.3.1+cu121:build); triton(3.3.1|2.3.1:major)
immunebuilder-server,rfdiffusion-server,57,6,3,3,False,False,numpy(2.2.6|1.26.4:major); torch(2.7.1|2.0.1+cu118:build); triton(3.3.1|2.0.0:major)
immunebuilder-server,rfdiffusion2-server,59,15,3,12,False,False,einops(0.8.2|0.7.0:major); numpy(2.2.6|1.26.4:major); rpds-py(0.30.0|0.28.0:major)
immunebuilder-server,semlaflow-server,58,11,6,5,False,False,fsspec(2026.6.0|2024.12.0:major); numpy(2.2.6|1.26.2:major); packaging(26.2|24.2:major); rpds-py(0.30.0|2026.6.3:major); setuptools(83.0.0|79.0.1:major); triton(3.3.1|2.2.0:major)
lightdock-server,megalodon-server,47,6,3,3,False,False,numpy(1.26.4|2.2.6:major); rpds-py(2026.6.3|0.30.0:major); setuptools(83.0.0|79.0.1:major)
lightdock-server,mmseqs2-server,25,0,0,0,True,True,
lightdock-server,openadmet-server,48,4,2,2,False,False,numpy(1.26.4|2.4.6:major); setuptools(83.0.0|81.0.0:major)
lightdock-server,openbpmd-server,48,3,1,2,False,False,rpds-py(2026.6.3|0.30.0:major)
lightdock-server,plip-server,44,1,0,1,False,True,
lightdock-server,pocketxmol-server,48,7,2,5,False,False,rpds-py(2026.6.3|0.30.0:major); setuptools(83.0.0|69.5.1:major)
lightdock-server,ppiflow-server,49,14,4,10,False,False,attrs(26.1.0|25.1.0:major); certifi(2026.6.17|2025.4.26:major); rpds-py(2026.6.3|0.30.0:major); setuptools(83.0.0|75.8.0:major)
lightdock-server,promera-server,49,5,2,3,False,False,numpy(1.26.4|2.4.6:major); setuptools(83.0.0|82.0.1:major)
lightdock-server,proteinmpnn-server,44,3,2,1,False,False,numpy(1.26.4|2.2.6:major); rpds-py(2026.6.3|0.30.0:major)
lightdock-server,qligfep-server,47,10,3,7,False,False,numpy(1.26.4|2.4.6:major); setuptools(83.0.0|82.0.1:major); uvicorn(0.51.0|0.50.2:major)
lightdock-server,reinvent-server,47,3,2,1,False,False,numpy(1.26.4|2.4.6:major); setuptools(83.0.0|81.0.0:major)
lightdock-server,rfantibody-server,46,5,1,4,False,False,rpds-py(2026.6.3|0.30.0:major)
lightdock-server,rfdiffusion-server,46,3,1,2,False,False,rpds-py(2026.6.3|0.30.0:major)
lightdock-server,rfdiffusion2-server,49,10,1,9,False,False,rpds-py(2026.6.3|0.28.0:major)
lightdock-server,semlaflow-server,46,4,1,3,False,False,setuptools(83.0.0|79.0.1:major)
megalodon-server,mmseqs2-server,25,1,0,1,False,True,
megalodon-server,openadmet-server,79,17,7,10,False,False,fsspec(2025.12.0|2026.6.0:major); packaging(24.2|26.2:major); pandas(2.2.3|3.0.3:major); rdkit(2025.3.2|2026.3.4:major); rpds-py(0.30.0|2026.6.3:major); setuptools(79.0.1|81.0.0:major); torch(2.7.0+cu126|2.12.1:build)
megalodon-server,openbpmd-server,59,6,3,3,False,False,numpy(2.2.6|1.26.4:major); packaging(24.2|26.2:major); setuptools(79.0.1|83.0.0:major)
megalodon-server,plip-server,44,3,2,1,False,False,numpy(2.2.6|1.24.2:major); rpds-py(0.30.0|2026.6.3:major)
megalodon-server,pocketxmol-server,99,30,13,17,False,False,fsspec(2025.12.0|2026.4.0:major); networkx(3.4.2|2.8.8:major); numpy(2.2.6|1.24.4:major); packaging(24.2|26.2:major); pandas(2.2.3|1.5.2:major); pip(26.1.2|24.3.1:major); rdkit(2025.3.2|2023.9.3:major); setuptools(79.0.1|69.5.1:major); torch(2.7.0+cu126|2.7.0+cu128:build); torch-cluster(1.6.3+pt27cu126|1.6.3+pt27cu128:build); torch-scatter(2.1.2+pt27cu126|2.1.2+pt27cu128:build); torch-sparse(0.6.18+pt27cu126|0.6.18+pt27cu128:build); torch-spline-conv(1.2.2+pt27cu126|1.2.2+pt27cu128:build)
megalodon-server,ppiflow-server,102,58,21,37,False,False,attrs(26.1.0|25.1.0:major); certifi(2026.6.17|2025.4.26:major); fsspec(2025.12.0|2024.6.1:major); lightning-utilities(0.15.3|0.14.0:major); MarkupSafe(3.0.3|2.1.5:major); numpy(2.2.6|1.26.3:major); nvidia-cudnn-cu12(9.5.1.17|8.9.2.26:major); pillow(12.3.0|11.0.0:major); pip(26.1.2|25.0:major); propcache(0.5.2|0.3.0:major); pytz(2026.2|2025.1:major); rdkit(2025.3.2|2023.3.1:major); setuptools(79.0.1|75.8.0:major); torch(2.7.0+cu126|2.3.1+cu121:build); torch-cluster(1.6.3+pt27cu126|1.6.3+pt23cu121:build); torch-scatter(2.1.2+pt27cu126|2.1.2+pt23cu121:build); torch-sparse(0.6.18+pt27cu126|0.6.18+pt23cu121:build); torch-spline-conv(1.2.2+pt27cu126|1.2.2+pt23cu121:build); triton(3.3.0|2.3.1:major); tzdata(2026.3|2025.1:major); wheel(0.47.0|0.45.1:major)
megalodon-server,promera-server,92,31,6,25,False,False,nvidia-cusparselt-cu12(0.6.3|0.7.1:major); pandas(2.2.3|3.0.4:major); rdkit(2025.3.2|2024.9.6:major); rpds-py(0.30.0|2026.6.3:major); setuptools(79.0.1|82.0.1:major); torch(2.7.0+cu126|2.9.0:build)
megalodon-server,proteinmpnn-server,66,15,2,13,False,False,fsspec(2025.12.0|2026.4.0:major); torch(2.7.0+cu126|2.4.1:build)
megalodon-server,qligfep-server,69,21,6,15,False,False,fsspec(2025.12.0|2026.6.0:major); packaging(24.2|26.2:major); rpds-py(0.30.0|2026.6.3:major); setuptools(79.0.1|82.0.1:major); torch(2.7.0+cu126|2.10.0:build); uvicorn(0.51.0|0.50.2:major)
megalodon-server,reinvent-server,89,18,7,11,False,False,fsspec(2025.12.0|2026.6.0:major); nvidia-cusparselt-cu12(0.6.3|0.7.1:major); packaging(24.2|26.2:major); pandas(2.2.3|3.0.4:major); rdkit(2025.3.2|2026.3.3:major); rpds-py(0.30.0|2026.6.3:major); setuptools(79.0.1|81.0.0:major)
megalodon-server,rfantibody-server,79,24,6,18,False,False,fsspec(2025.12.0|2026.6.0:major); numpy(2.2.6|1.26.4:major); nvidia-cudnn-cu12(9.5.1.17|8.9.2.26:major); packaging(24.2|26.2:major); torch(2.7.0+cu126|2.3.1+cu121:build); triton(3.3.0|2.3.1:major)
megalodon-server,rfdiffusion-server,64,5,5,0,False,False,numpy(2.2.6|1.26.4:major); packaging(24.2|26.2:major); setuptools(79.0.1|83.0.0:major); torch(2.7.0+cu126|2.0.1+cu118:build); triton(3.3.0|2.0.0:major)
megalodon-server,rfdiffusion2-server,74,27,13,14,False,False,einops(0.8.1|0.7.0:major); fsspec(2025.12.0|2026.6.0:major); numpy(2.2.6|1.26.4:major); packaging(24.2|26.0:major); pandas(2.2.3|1.5.0:major); rdkit(2025.3.2|2024.3.5:major); rpds-py(0.30.0|0.28.0:major); setuptools(79.0.1|83.0.0:major); torch(2.7.0+cu126|2.4.0.post101:build); torch-cluster(1.6.3+pt27cu126|1.6.3+pt24cu124:build); torch-scatter(2.1.2+pt27cu126|2.1.2+pt24cu124:build); torch-sparse(0.6.18+pt27cu126|0.6.18+pt24cu124:build); torch-spline-conv(1.2.2+pt27cu126|1.2.2+pt24cu124:build)
megalodon-server,semlaflow-server,77,16,6,10,False,False,fsspec(2025.12.0|2024.12.0:major); numpy(2.2.6|1.26.2:major); rdkit(2025.3.2|2023.9.6:major); rpds-py(0.30.0|2026.6.3:major); torch(2.7.0+cu126|2.2.0:build); triton(3.3.0|2.2.0:major)
mmseqs2-server,openadmet-server,25,0,0,0,True,True,
mmseqs2-server,openbpmd-server,25,0,0,0,True,True,
mmseqs2-server,plip-server,25,0,0,0,True,True,
mmseqs2-server,pocketxmol-server,25,1,0,1,False,True,
mmseqs2-server,ppiflow-server,25,4,1,3,False,False,certifi(2026.6.17|2025.4.26:major)
mmseqs2-server,promera-server,25,1,0,1,False,True,
mmseqs2-server,proteinmpnn-server,25,1,0,1,False,True,
mmseqs2-server,qligfep-server,25,5,1,4,False,False,uvicorn(0.51.0|0.50.2:major)
mmseqs2-server,reinvent-server,25,0,0,0,True,True,
mmseqs2-server,rfantibody-server,25,1,0,1,False,True,
mmseqs2-server,rfdiffusion-server,25,1,0,1,False,True,
mmseqs2-server,rfdiffusion2-server,25,2,0,2,False,True,
mmseqs2-server,semlaflow-server,25,1,0,1,False,True,
openadmet-server,openbpmd-server,85,15,5,10,False,False,gsd(5.0.1|4.0.0:major); numpy(2.4.6|1.26.4:major); pandas(3.0.3|2.2.3:major); rpds-py(2026.6.3|0.30.0:major); setuptools(81.0.0|83.0.0:major)
openadmet-server,plip-server,44,1,1,0,False,False,numpy(2.4.6|1.24.2:major)
openadmet-server,pocketxmol-server,103,21,8,13,False,False,networkx(3.6.1|2.8.8:major); numpy(2.4.6|1.24.4:major); pandas(3.0.3|1.5.2:major); pip(26.1.2|24.3.1:major); rdkit(2026.3.4|2023.9.3:major); rpds-py(2026.6.3|0.30.0:major); setuptools(81.0.0|69.5.1:major); torch(2.12.1|2.7.0+cu128:build)
openadmet-server,ppiflow-server,114,73,23,50,False,False,attrs(26.1.0|25.1.0:major); certifi(2026.6.17|2025.4.26:major); fsspec(2026.6.0|2024.6.1:major); lightning-utilities(0.15.3|0.14.0:major); MarkupSafe(3.0.3|2.1.5:major); numpy(2.4.6|1.26.3:major); nvidia-ml-py(13.610.43|12.570.86:major); optree(0.19.1|0.14.1:major); packaging(26.2|24.2:major); pandas(3.0.3|2.2.3:major); pillow(12.3.0|11.0.0:major); pip(26.1.2|25.0:major); propcache(0.5.2|0.3.0:major); protobuf(6.33.6|3.20.2:major); pytest(9.1.1|8.3.5:major); rdkit(2026.3.4|2023.3.1:major); rpds-py(2026.6.3|0.30.0:major); setuptools(81.0.0|75.8.0:major); torch(2.12.1|2.3.1+cu121:build); triton(3.7.1|2.3.1:major); wandb(0.25.1|0.19.8:major); wheel(0.47.0|0.45.1:major); wrapt(2.2.2|1.17.2:major)
openadmet-server,promera-server,95,22,6,16,False,False,fsspec(2026.6.0|2025.12.0:major); packaging(26.2|24.2:major); protobuf(6.33.6|7.35.1:major); rdkit(2026.3.4|2024.9.6:major); setuptools(81.0.0|82.0.1:major); wandb(0.25.1|0.28.0:major)
openadmet-server,proteinmpnn-server,54,9,1,8,False,False,rpds-py(2026.6.3|0.30.0:major)
openadmet-server,qligfep-server,94,19,4,15,False,False,pandas(3.0.3|2.3.3:major); rdkit(2026.3.4|2025.9.5:major); setuptools(81.0.0|82.0.1:major); uvicorn(0.51.0|0.50.2:major)
openadmet-server,reinvent-server,106,9,2,7,False,False,protobuf(6.33.6|7.35.1:major); torch(2.12.1|2.12.0+cu126:build)
openadmet-server,rfantibody-server,65,13,5,8,False,False,numpy(2.4.6|1.26.4:major); pandas(3.0.3|2.3.3:major); rpds-py(2026.6.3|0.30.0:major); torch(2.12.1|2.3.1+cu121:build); triton(3.7.1|2.3.1:major)
openadmet-server,rfdiffusion-server,68,13,7,6,False,False,numpy(2.4.6|1.26.4:major); protobuf(6.33.6|7.35.1:major); rpds-py(2026.6.3|0.30.0:major); setuptools(81.0.0|83.0.0:major); torch(2.12.1|2.0.1+cu118:build); triton(3.7.1|2.0.0:major); wandb(0.25.1|0.12.0:major)
openadmet-server,rfdiffusion2-server,104,35,15,20,False,False,cytoolz(1.1.0|0.12.3:major); einops(0.8.2|0.7.0:major); fastparquet(2026.5.0|2024.5.0:major); llvmlite(0.47.0|0.48.0:major); numba(0.65.1|0.66.0:major); numpy(2.4.6|1.26.4:major); pandas(3.0.3|1.5.0:major); plotly(6.9.0|5.16.1:major); protobuf(6.33.6|4.25.9:major); pyarrow(24.0.0|17.0.0:major); pytest(9.1.1|8.2.0:major); rdkit(2026.3.4|2024.3.5:major); rpds-py(2026.6.3|0.28.0:major); setuptools(81.0.0|83.0.0:major); wandb(0.25.1|0.13.10:major)
openadmet-server,semlaflow-server,76,14,7,7,False,False,fsspec(2026.6.0|2024.12.0:major); numpy(2.4.6|1.26.2:major); packaging(26.2|24.2:major); pandas(3.0.3|2.2.2:major); rdkit(2026.3.4|2023.9.6:major); setuptools(81.0.0|79.0.1:major); triton(3.7.1|2.2.0:major)
openbpmd-server,plip-server,44,2,1,1,False,False,rpds-py(0.30.0|2026.6.3:major)
openbpmd-server,pocketxmol-server,69,11,4,7,False,False,networkx(3.4.2|2.8.8:major); pandas(2.2.3|1.5.2:major); pip(26.1.2|24.3.1:major); setuptools(83.0.0|69.5.1:major)
openbpmd-server,ppiflow-server,74,31,9,22,False,False,attrs(26.1.0|25.1.0:major); certifi(2026.6.17|2025.4.26:major); packaging(26.2|24.2:major); pillow(12.0.0|11.0.0:major); pip(26.1.2|25.0:major); pytz(2026.2|2025.1:major); setuptools(83.0.0|75.8.0:major); tzdata(2026.3|2025.1:major); wheel(0.47.0|0.45.1:major)
openbpmd-server,promera-server,63,15,5,10,False,False,numpy(1.26.4|2.4.6:major); packaging(26.2|24.2:major); pandas(2.2.3|3.0.4:major); rpds-py(0.30.0|2026.6.3:major); setuptools(83.0.0|82.0.1:major)
openbpmd-server,proteinmpnn-server,46,2,1,1,False,False,numpy(1.26.4|2.2.6:major)
openbpmd-server,qligfep-server,74,21,4,17,False,False,numpy(1.26.4|2.4.6:major); rpds-py(0.30.0|2026.6.3:major); setuptools(83.0.0|82.0.1:major); uvicorn(0.51.0|0.50.2:major)
openbpmd-server,reinvent-server,63,10,4,6,False,False,numpy(1.26.4|2.4.6:major); pandas(2.2.3|3.0.4:major); rpds-py(0.30.0|2026.6.3:major); setuptools(83.0.0|81.0.0:major)
openbpmd-server,rfantibody-server,56,7,0,7,False,True,
openbpmd-server,rfdiffusion-server,53,2,0,2,False,True,
openbpmd-server,rfdiffusion2-server,68,17,2,15,False,False,pandas(2.2.3|1.5.0:major); rpds-py(0.30.0|0.28.0:major)
openbpmd-server,semlaflow-server,57,10,3,7,False,False,packaging(26.2|24.2:major); rpds-py(0.30.0|2026.6.3:major); setuptools(83.0.0|79.0.1:major)
plip-server,pocketxmol-server,44,3,1,2,False,False,rpds-py(2026.6.3|0.30.0:major)
plip-server,ppiflow-server,47,13,4,9,False,False,attrs(26.1.0|25.1.0:major); certifi(2026.6.17|2025.4.26:major); pymol(2.5.0|3.1.0:major); rpds-py(2026.6.3|0.30.0:major)
plip-server,promera-server,44,3,1,2,False,False,numpy(1.24.2|2.4.6:major)
plip-server,proteinmpnn-server,44,3,2,1,False,False,numpy(1.24.2|2.2.6:major); rpds-py(2026.6.3|0.30.0:major)
plip-server,qligfep-server,44,8,2,6,False,False,numpy(1.24.2|2.4.6:major); uvicorn(0.51.0|0.50.2:major)
plip-server,reinvent-server,44,1,1,0,False,False,numpy(1.24.2|2.4.6:major)
plip-server,rfantibody-server,44,4,1,3,False,False,rpds-py(2026.6.3|0.30.0:major)
plip-server,rfdiffusion-server,44,3,1,2,False,False,rpds-py(2026.6.3|0.30.0:major)
plip-server,rfdiffusion2-server,44,7,1,6,False,False,rpds-py(2026.6.3|0.28.0:major)
plip-server,semlaflow-server,44,2,0,2,False,True,
pocketxmol-server,ppiflow-server,109,65,21,44,False,False,attrs(26.1.0|25.1.0:major); certifi(2026.6.17|2025.4.26:major); fsspec(2026.4.0|2024.6.1:major); lightning-utilities(0.15.3|0.14.0:major); MarkupSafe(3.0.3|2.1.5:major); networkx(2.8.8|3.3:major); nvidia-cudnn-cu12(9.7.1.26|8.9.2.26:major); packaging(26.2|24.2:major); pandas(1.5.2|2.2.3:major); pillow(12.3.0|11.0.0:major); pip(24.3.1|25.0:major); propcache(0.5.2|0.3.0:major); pytz(2026.2|2025.1:major); setuptools(69.5.1|75.8.0:major); torch(2.7.0+cu128|2.3.1+cu121:build); torch-cluster(1.6.3+pt27cu128|1.6.3+pt23cu121:build); torch-scatter(2.1.2+pt27cu128|2.1.2+pt23cu121:build); torch-sparse(0.6.18+pt27cu128|0.6.18+pt23cu121:build); torch-spline-conv(1.2.2+pt27cu128|1.2.2+pt23cu121:build); triton(3.3.0|2.3.1:major); wheel(0.47.0|0.45.1:major)
pocketxmol-server,promera-server,100,39,11,28,False,False,fsspec(2026.4.0|2025.12.0:major); lmdb(1.6.2|2.2.1:major); networkx(2.8.8|3.6.1:major); numpy(1.24.4|2.4.6:major); nvidia-cusparselt-cu12(0.6.3|0.7.1:major); packaging(26.2|24.2:major); pandas(1.5.2|3.0.4:major); rdkit(2023.9.3|2024.9.6:major); rpds-py(0.30.0|2026.6.3:major); setuptools(69.5.1|82.0.1:major); torch(2.7.0+cu128|2.9.0:build)
pocketxmol-server,proteinmpnn-server,66,18,3,15,False,False,networkx(2.8.8|3.4.2:major); numpy(1.24.4|2.2.6:major); torch(2.7.0+cu128|2.4.1:build)
pocketxmol-server,qligfep-server,83,22,9,13,False,False,networkx(2.8.8|3.6.1:major); numpy(1.24.4|2.4.6:major); pandas(1.5.2|2.3.3:major); pip(24.3.1|26.1.2:major); rdkit(2023.9.3|2025.9.5:major); rpds-py(0.30.0|2026.6.3:major); setuptools(69.5.1|82.0.1:major); torch(2.7.0+cu128|2.10.0:build); uvicorn(0.51.0|0.50.2:major)
pocketxmol-server,reinvent-server,97,30,8,22,False,False,networkx(2.8.8|3.6.1:major); numpy(1.24.4|2.4.6:major); nvidia-cusparselt-cu12(0.6.3|0.7.1:major); pandas(1.5.2|3.0.4:major); rdkit(2023.9.3|2026.3.3:major); rpds-py(0.30.0|2026.6.3:major); setuptools(69.5.1|81.0.0:major); torch(2.7.0+cu128|2.12.0+cu126:build)
pocketxmol-server,rfantibody-server,76,25,5,20,False,False,networkx(2.8.8|3.4.2:major); nvidia-cudnn-cu12(9.7.1.26|8.9.2.26:major); pandas(1.5.2|2.3.3:major); torch(2.7.0+cu128|2.3.1+cu121:build); triton(3.3.0|2.3.1:major)
pocketxmol-server,rfdiffusion-server,61,9,4,5,False,False,networkx(2.8.8|3.4.2:major); setuptools(69.5.1|83.0.0:major); torch(2.7.0+cu128|2.0.1+cu118:build); triton(3.3.0|2.0.0:major)
pocketxmol-server,rfdiffusion2-server,79,31,10,21,False,False,networkx(2.8.8|3.6.1:major); pip(24.3.1|26.1.2:major); rdkit(2023.9.3|2024.3.5:major); rpds-py(0.30.0|0.28.0:major); setuptools(69.5.1|83.0.0:major); torch(2.7.0+cu128|2.4.0.post101:build); torch-cluster(1.6.3+pt27cu128|1.6.3+pt24cu124:build); torch-scatter(2.1.2+pt27cu128|2.1.2+pt24cu124:build); torch-sparse(0.6.18+pt27cu128|0.6.18+pt24cu124:build); torch-spline-conv(1.2.2+pt27cu128|1.2.2+pt24cu124:build)
pocketxmol-server,semlaflow-server,76,18,9,9,False,False,fsspec(2026.4.0|2024.12.0:major); networkx(2.8.8|3.6.1:major); packaging(26.2|24.2:major); pandas(1.5.2|2.2.2:major); pip(24.3.1|26.1.2:major); rpds-py(0.30.0|2026.6.3:major); setuptools(69.5.1|79.0.1:major); torch(2.7.0+cu128|2.2.0:build); triton(3.3.0|2.2.0:major)
ppiflow-server,promera-server,115,73,20,53,False,False,attrs(25.1.0|26.1.0:major); certifi(2025.4.26|2026.6.17:major); fsspec(2024.6.1|2025.12.0:major); lightning-utilities(0.14.0|0.15.3:major); MarkupSafe(2.1.5|3.0.3:major); numpy(1.26.3|2.4.6:major); nvidia-cudnn-cu12(8.9.2.26|9.10.2.21:major); nvidia-ml-py(12.570.86|13.610.43:major); pandas(2.2.3|3.0.4:major); pillow(11.0.0|12.2.0:major); propcache(0.3.0|0.5.2:major); protobuf(3.20.2|7.35.1:major); rdkit(2023.3.1|2024.9.6:major); rpds-py(0.30.0|2026.6.3:major); setuptools(75.8.0|82.0.1:major); torch(2.3.1+cu121|2.9.0:build); triton(2.3.1|3.5.0:major); wandb(0.19.8|0.28.0:major); wcwidth(0.2.13|0.8.2:major); wrapt(1.17.2|2.2.2:major)
ppiflow-server,proteinmpnn-server,66,21,8,13,False,False,attrs(25.1.0|26.1.0:major); certifi(2025.4.26|2026.6.17:major); fsspec(2024.6.1|2026.4.0:major); MarkupSafe(2.1.5|3.0.3:major); numpy(1.26.3|2.2.6:major); nvidia-cudnn-cu12(8.9.2.26|9.1.0.70:major); torch(2.3.1+cu121|2.4.1:build); triton(2.3.1|3.0.0:major)
ppiflow-server,qligfep-server,80,47,18,29,False,False,attrs(25.1.0|26.1.0:major); certifi(2025.4.26|2026.6.17:major); fsspec(2024.6.1|2026.6.0:major); lightning-utilities(0.14.0|0.15.3:major); MarkupSafe(2.1.5|3.0.3:major); numpy(1.26.3|2.4.6:major); optree(0.14.1|0.19.1:major); packaging(24.2|26.2:major); pillow(11.0.0|12.3.0:major); pip(25.0|26.1.2:major); pytz(2025.1|2026.2:major); rdkit(2023.3.1|2025.9.5:major); rpds-py(0.30.0|2026.6.3:major); setuptools(75.8.0|82.0.1:major); torch(2.3.1+cu121|2.10.0:build); tzdata(2025.1|2026.2:major); uvicorn(0.51.0|0.50.2:major); wheel(0.45.1|0.47.0:major)
ppiflow-server,reinvent-server,108,68,19,49,False,False,attrs(25.1.0|26.1.0:major); certifi(2025.4.26|2026.6.17:major); fsspec(2024.6.1|2026.6.0:major); lightning-utilities(0.14.0|0.15.3:major); MarkupSafe(2.1.5|3.0.3:major); numpy(1.26.3|2.4.6:major); nvidia-cudnn-cu12(8.9.2.26|9.10.2.21:major); packaging(24.2|26.2:major); pandas(2.2.3|3.0.4:major); pillow(11.0.0|12.3.0:major); propcache(0.3.0|0.5.2:major); protobuf(3.20.2|7.35.1:major); pytest(8.3.5|9.1.1:major); rdkit(2023.3.1|2026.3.3:major); rpds-py(0.30.0|2026.6.3:major); setuptools(75.8.0|81.0.0:major); torch(2.3.1+cu121|2.12.0+cu126:build); torchvision(0.18.1+cu121|0.27.0+cu126:build); triton(2.3.1|3.7.0:major)
ppiflow-server,rfantibody-server,92,35,9,26,False,False,attrs(25.1.0|26.1.0:major); certifi(2025.4.26|2026.6.17:major); e3nn(0.5.6|0.6.0:major); fsspec(2024.6.1|2026.6.0:major); MarkupSafe(2.1.5|3.0.3:major); packaging(24.2|26.2:major); pillow(11.0.0|12.2.0:major); pytz(2025.1|2026.2:major); tzdata(2025.1|2026.2:major)
ppiflow-server,rfdiffusion-server,75,32,10,22,False,False,attrs(25.1.0|26.1.0:major); certifi(2025.4.26|2026.6.17:major); e3nn(0.5.6|0.3.3:major); MarkupSafe(2.1.5|3.0.3:major); packaging(24.2|26.2:major); protobuf(3.20.2|7.35.1:major); setuptools(75.8.0|83.0.0:major); torch(2.3.1+cu121|2.0.1+cu118:build); wandb(0.19.8|0.12.0:major); wheel(0.45.1|0.47.0:major)
ppiflow-server,rfdiffusion2-server,132,82,27,55,False,False,attrs(25.1.0|26.1.0:major); certifi(2025.4.26|2026.6.17:major); einops(0.8.1|0.7.0:major); fsspec(2024.6.1|2026.6.0:major); jedi(0.19.2|0.20.0:major); MarkupSafe(2.1.5|3.0.3:major); matplotlib-inline(0.1.7|0.2.1:major); ml-collections(1.0.0|0.1.1:major); packaging(24.2|26.0:major); pandas(2.2.3|1.5.0:major); pillow(11.0.0|12.2.0:major); pip(25.0|26.1.2:major); protobuf(3.20.2|4.25.9:major); pyg-lib(0.4.0+pt23cu121|0.4.0+pt24cu124:build); pytz(2025.1|2026.2:major); rdkit(2023.3.1|2024.3.5:major); rpds-py(0.30.0|0.28.0:major); setuptools(75.8.0|83.0.0:major); tmtools(0.2.0|0.3.0:major); torch(2.3.1+cu121|2.4.0.post101:build); torch-cluster(1.6.3+pt23cu121|1.6.3+pt24cu124:build); torch-scatter(2.1.2+pt23cu121|2.1.2+pt24cu124:build); torch-sparse(0.6.18+pt23cu121|0.6.18+pt24cu124:build); torch-spline-conv(1.2.2+pt23cu121|1.2.2+pt24cu124:build); wandb(0.19.8|0.13.10:major); wcwidth(0.2.13|0.8.2:major); wheel(0.45.1|0.47.0:major)
ppiflow-server,semlaflow-server,77,40,13,27,False,False,attrs(25.1.0|26.1.0:major); certifi(2025.4.26|2026.6.17:major); lightning-utilities(0.14.0|0.15.3:major); MarkupSafe(2.1.5|3.0.3:major); pillow(11.0.0|12.3.0:major); pip(25.0|26.1.2:major); propcache(0.3.0|0.5.2:major); pytz(2025.1|2026.2:major); rpds-py(0.30.0|2026.6.3:major); setuptools(75.8.0|79.0.1:major); torch(2.3.1+cu121|2.2.0:build); tzdata(2025.1|2026.3:major); wheel(0.45.1|0.47.0:major)
promera-server,proteinmpnn-server,65,20,2,18,False,False,fsspec(2025.12.0|2026.4.0:major); rpds-py(2026.6.3|0.30.0:major)
promera-server,qligfep-server,72,18,5,13,False,False,fsspec(2025.12.0|2026.6.0:major); packaging(24.2|26.2:major); pandas(3.0.4|2.3.3:major); rdkit(2024.9.6|2025.9.5:major); uvicorn(0.51.0|0.50.2:major)
promera-server,reinvent-server,101,30,5,25,False,False,fsspec(2025.12.0|2026.6.0:major); packaging(24.2|26.2:major); rdkit(2024.9.6|2026.3.3:major); setuptools(82.0.1|81.0.0:major); torch(2.9.0|2.12.0+cu126:build)
promera-server,rfantibody-server,76,21,8,13,False,False,fsspec(2025.12.0|2026.6.0:major); numpy(2.4.6|1.26.4:major); nvidia-cudnn-cu12(9.10.2.21|8.9.2.26:major); packaging(24.2|26.2:major); pandas(3.0.4|2.3.3:major); rpds-py(2026.6.3|0.30.0:major); torch(2.9.0|2.3.1+cu121:build); triton(3.5.0|2.3.1:major)
promera-server,rfdiffusion-server,68,14,7,7,False,False,numpy(2.4.6|1.26.4:major); packaging(24.2|26.2:major); rpds-py(2026.6.3|0.30.0:major); setuptools(82.0.1|83.0.0:major); torch(2.9.0|2.0.1+cu118:build); triton(3.5.0|2.0.0:major); wandb(0.28.0|0.12.0:major)
promera-server,rfdiffusion2-server,84,29,10,19,False,False,einops(0.8.2|0.7.0:major); fsspec(2025.12.0|2026.6.0:major); ml-collections(1.1.0|0.1.1:major); numpy(2.4.6|1.26.4:major); packaging(24.2|26.0:major); pandas(3.0.4|1.5.0:major); protobuf(7.35.1|4.25.9:major); rpds-py(2026.6.3|0.28.0:major); setuptools(82.0.1|83.0.0:major); wandb(0.28.0|0.13.10:major)
promera-server,semlaflow-server,73,18,6,12,False,False,fsspec(2025.12.0|2024.12.0:major); numpy(2.4.6|1.26.2:major); pandas(3.0.4|2.2.2:major); rdkit(2024.9.6|2023.9.6:major); setuptools(82.0.1|79.0.1:major); triton(3.5.0|2.2.0:major)
proteinmpnn-server,qligfep-server,52,14,2,12,False,False,rpds-py(0.30.0|2026.6.3:major); uvicorn(0.51.0|0.50.2:major)
proteinmpnn-server,reinvent-server,65,20,2,18,False,False,rpds-py(0.30.0|2026.6.3:major); torch(2.4.1|2.12.0+cu126:build)
proteinmpnn-server,rfantibody-server,66,7,4,3,False,False,numpy(2.2.6|1.26.4:major); nvidia-cudnn-cu12(9.1.0.70|8.9.2.26:major); torch(2.4.1|2.3.1+cu121:build); triton(3.0.0|2.3.1:major)
proteinmpnn-server,rfdiffusion-server,53,3,3,0,False,False,numpy(2.2.6|1.26.4:major); torch(2.4.1|2.0.1+cu118:build); triton(3.0.0|2.0.0:major)
proteinmpnn-server,rfdiffusion2-server,52,11,2,9,False,False,numpy(2.2.6|1.26.4:major); rpds-py(0.30.0|0.28.0:major)
proteinmpnn-server,semlaflow-server,53,10,4,6,False,False,fsspec(2026.4.0|2024.12.0:major); numpy(2.2.6|1.26.2:major); rpds-py(0.30.0|2026.6.3:major); triton(3.0.0|2.2.0:major)
qligfep-server,reinvent-server,75,14,5,9,False,False,pandas(2.3.3|3.0.4:major); rdkit(2025.9.5|2026.3.3:major); setuptools(82.0.1|81.0.0:major); torch(2.10.0|2.12.0+cu126:build); uvicorn(0.50.2|0.51.0:major)
qligfep-server,rfantibody-server,62,15,4,11,False,False,numpy(2.4.6|1.26.4:major); rpds-py(2026.6.3|0.30.0:major); torch(2.10.0|2.3.1+cu121:build); uvicorn(0.50.2|0.51.0:major)
qligfep-server,rfdiffusion-server,58,16,5,11,False,False,numpy(2.4.6|1.26.4:major); rpds-py(2026.6.3|0.30.0:major); setuptools(82.0.1|83.0.0:major); torch(2.10.0|2.0.1+cu118:build); uvicorn(0.50.2|0.51.0:major)
qligfep-server,rfdiffusion2-server,79,26,6,20,False,False,numpy(2.4.6|1.26.4:major); pandas(2.3.3|1.5.0:major); rdkit(2025.9.5|2024.3.5:major); rpds-py(2026.6.3|0.28.0:major); setuptools(82.0.1|83.0.0:major); uvicorn(0.50.2|0.51.0:major)
qligfep-server,semlaflow-server,69,21,6,15,False,False,fsspec(2026.6.0|2024.12.0:major); numpy(2.4.6|1.26.2:major); packaging(26.2|24.2:major); rdkit(2025.9.5|2023.9.6:major); setuptools(82.0.1|79.0.1:major); uvicorn(0.50.2|0.51.0:major)
reinvent-server,rfantibody-server,75,25,7,18,False,False,numpy(2.4.6|1.26.4:major); nvidia-cudnn-cu12(9.10.2.21|8.9.2.26:major); pandas(3.0.4|2.3.3:major); rpds-py(2026.6.3|0.30.0:major); torch(2.12.0+cu126|2.3.1+cu121:build); torchvision(0.27.0+cu126|0.18.1+cu121:build); triton(3.7.0|2.3.1:major)
reinvent-server,rfdiffusion-server,60,9,5,4,False,False,numpy(2.4.6|1.26.4:major); rpds-py(2026.6.3|0.30.0:major); setuptools(81.0.0|83.0.0:major); torch(2.12.0+cu126|2.0.1+cu118:build); triton(3.7.0|2.0.0:major)
reinvent-server,rfdiffusion2-server,78,22,8,14,False,False,numpy(2.4.6|1.26.4:major); pandas(3.0.4|1.5.0:major); protobuf(7.35.1|4.25.9:major); pytest(9.1.1|8.2.0:major); rdkit(2026.3.3|2024.3.5:major); rpds-py(2026.6.3|0.28.0:major); setuptools(81.0.0|83.0.0:major); torch(2.12.0+cu126|2.4.0.post101:build)
reinvent-server,semlaflow-server,73,14,8,6,False,False,fsspec(2026.6.0|2024.12.0:major); numpy(2.4.6|1.26.2:major); packaging(26.2|24.2:major); pandas(3.0.4|2.2.2:major); rdkit(2026.3.3|2023.9.6:major); setuptools(81.0.0|79.0.1:major); torch(2.12.0+cu126|2.2.0:build); triton(3.7.0|2.2.0:major)
rfantibody-server,rfdiffusion-server,67,9,4,5,False,False,dgl(2.4.0+cu121|1.1.3+cu118:build); e3nn(0.6.0|0.3.3:major); pyrsistent(0.20.0|0.19.3:major); torch(2.3.1+cu121|2.0.1+cu118:build)
rfantibody-server,rfdiffusion2-server,78,22,6,16,False,False,dgl(2.4.0+cu121|2.4.0+cu124:build); e3nn(0.6.0|0.5.1:major); pandas(2.3.3|1.5.0:major); pyrsistent(0.20.0|0.19.3:major); rpds-py(0.30.0|0.28.0:major); torch(2.3.1+cu121|2.4.0.post101:build)
rfantibody-server,semlaflow-server,62,17,4,13,False,False,fsspec(2026.6.0|2024.12.0:major); packaging(26.2|24.2:major); rpds-py(0.30.0|2026.6.3:major); torch(2.3.1+cu121|2.2.0:build)
rfdiffusion-server,rfdiffusion2-server,76,21,6,15,False,False,dgl(1.1.3+cu118|2.4.0+cu124:build); e3nn(0.3.3|0.5.1:major); protobuf(7.35.1|4.25.9:major); rpds-py(0.30.0|0.28.0:major); torch(2.0.1+cu118|2.4.0.post101:build); wandb(0.12.0|0.13.10:major)
rfdiffusion-server,semlaflow-server,59,13,4,9,False,False,packaging(26.2|24.2:major); rpds-py(0.30.0|2026.6.3:major); setuptools(83.0.0|79.0.1:major); torch(2.0.1+cu118|2.2.0:build)
rfdiffusion2-server,semlaflow-server,65,21,6,15,False,False,fsspec(2026.6.0|2024.12.0:major); packaging(26.0|24.2:major); pandas(1.5.0|2.2.2:major); rdkit(2024.3.5|2023.9.6:major); rpds-py(0.28.0|2026.6.3:major); setuptools(83.0.0|79.0.1:major)
